hgnc_id	hgnc_symbol	uniprot_acc	ensembl_gene	ncbi_gene_id	binder_target_location	target_unit	target_scope	partner_type	partner_id	partner_members	source_rows	references	directions	exact_pair_assessed	assessment_scope	same_pair_structural_any_site	same_pair_structural_external_site	same_pair_region_external	same_pair_structural_or_region_external	complex_component_contact_support	support_pdb_ids	region_references
HGNC:1748	CDH1	P12830	ENSG00000039068	999	membrane_and_secreted	P12830	protein	complex	integrin_a2b1_complex	P05556;P17301	2	PMID:12392763	Adhesion-Adhesion	0	complex_component_support_only	0	0	0	0	0		
HGNC:6153	ITGB1	P05556	ENSG00000150093	3688	membrane	integrin_a2b1_complex	complex	protein	P12830	P12830	2	PMID:12392763	Adhesion-Adhesion	0	complex_component_support_only	0	0	0	0	0		
HGNC:6137	ITGA2	P17301	ENSG00000164171	3673	membrane_inferred	integrin_a2b1_complex	complex	protein	P12830	P12830	2	PMID:12392763	Adhesion-Adhesion	0	complex_component_support_only	0	0	0	0	0		
HGNC:1748	CDH1	P12830	ENSG00000039068	999	membrane_and_secreted	P12830	protein	complex	integrin_aEb7_complex	P26010;P38570	3	uniprot	Adhesion-Adhesion	0	complex_component_support_only	0	0	0	0	1	9p99	
HGNC:6162	ITGB7	P26010	ENSG00000139626	3695	membrane	integrin_aEb7_complex	complex	protein	P12830	P12830	3	uniprot	Adhesion-Adhesion	0	complex_component_support_only	0	0	0	0	0		
HGNC:6147	ITGAE	P38570	ENSG00000083457	3682	membrane_inferred	integrin_aEb7_complex	complex	protein	P12830	P12830	3	uniprot	Adhesion-Adhesion	0	complex_component_support_only	0	0	0	0	1	9p99	
HGNC:1748	CDH1	P12830	ENSG00000039068	999	membrane_and_secreted	P12830	protein	protein	Q96E93	Q96E93	4	PMC3030123	Ligand-Receptor	1	single_protein_pair	1	1	1	1	0	3ff7	pubmed:35922511|imex:IM-30342
HGNC:6380	KLRG1	Q96E93	ENSG00000139187	10219	membrane	Q96E93	protein	protein	P12830	P12830	4	PMC3030123	Ligand-Receptor	1	single_protein_pair	1	1	1	1	0	3ff7	pubmed:35922511|imex:IM-30342
HGNC:1759	CDH2	P19022	ENSG00000170558	1000	membrane	P19022	protein	protein	P19022	P19022	5	uniprot	Adhesion-Adhesion	0	self_interface_not_audited	0	0	0	0	0		
HGNC:1759	CDH2	P19022	ENSG00000170558	1000	membrane	P19022	protein	protein	P06734	P06734	6	Shilts screen - VALIDATED	Ligand-Receptor	1	single_protein_pair	0	0	1	1	0		pubmed:35922511|imex:IM-30342
HGNC:3612	FCER2	P06734	ENSG00000104921	2208	membrane_and_secreted	P06734	protein	protein	P19022	P19022	6	Shilts screen - VALIDATED	Ligand-Receptor	1	single_protein_pair	0	0	1	1	0		pubmed:35922511|imex:IM-30342
HGNC:1762	CDH3	P22223	ENSG00000062038	1001	membrane	P22223	protein	protein	P22223	P22223	7	uniprot	Adhesion-Adhesion	0	self_interface_not_audited	0	0	0	0	0		
HGNC:1764	CDH5	P33151	ENSG00000179776	1003	membrane	P33151	protein	protein	P33151	P33151	8	uniprot	Adhesion-Adhesion	0	self_interface_not_audited	0	0	0	0	0		
HGNC:1765	CDH6	P55285	ENSG00000113361	1004	membrane	P55285	protein	protein	P55285	P55285	9	uniprot	Adhesion-Adhesion	0	self_interface_not_audited	0	0	0	0	0		
HGNC:1766	CDH7	Q9ULB5	ENSG00000081138	1005	membrane	Q9ULB5	protein	protein	Q9ULB5	Q9ULB5	10	uniprot	Adhesion-Adhesion	0	self_interface_not_audited	0	0	0	0	0		
HGNC:5951	CADM1	Q9BY67	ENSG00000182985	23705	membrane	Q9BY67	protein	protein	Q9BY67	Q9BY67	11	PMID:24503895	Adhesion-Adhesion	0	self_interface_not_audited	0	0	0	0	0		
HGNC:5951	CADM1	Q9BY67	ENSG00000182985	23705	membrane	Q9BY67	protein	protein	Q9NQS3	Q9NQS3	12	uniprot	Adhesion-Adhesion	1	single_protein_pair	0	0	0	0	0		
HGNC:17664	NECTIN3	Q9NQS3	ENSG00000177707	25945	membrane	Q9NQS3	protein	protein	Q9BY67	Q9BY67	12	uniprot	Adhesion-Adhesion	1	single_protein_pair	0	0	0	0	0		
HGNC:17601	CADM3	Q8N126	ENSG00000162706	57863	membrane	Q8N126	protein	protein	Q9BY67	Q9BY67	13	uniprot	Adhesion-Adhesion	1	single_protein_pair	0	0	0	0	0		
HGNC:5951	CADM1	Q9BY67	ENSG00000182985	23705	membrane	Q9BY67	protein	protein	Q8N126	Q8N126	13	uniprot	Adhesion-Adhesion	1	single_protein_pair	0	0	0	0	0		
HGNC:17601	CADM3	Q8N126	ENSG00000162706	57863	membrane	Q8N126	protein	protein	Q8NFZ8	Q8NFZ8	14	uniprot	Adhesion-Adhesion	1	single_protein_pair	0	0	1	1	0		pubmed:32822567|imex:IM-30326
HGNC:30825	CADM4	Q8NFZ8	ENSG00000105767	199731	membrane	Q8NFZ8	protein	protein	Q8N126	Q8N126	14	uniprot	Adhesion-Adhesion	1	single_protein_pair	0	0	1	1	0		pubmed:32822567|imex:IM-30326
HGNC:17601	CADM3	Q8N126	ENSG00000162706	57863	membrane	Q8N126	protein	protein	Q9H4G0	Q9H4G0	15	uniprot	Adhesion-Adhesion	1	single_protein_pair	0	0	0	0	0		
HGNC:17601	CADM3	Q8N126	ENSG00000162706	57863	membrane	Q8N126	protein	protein	Q9NQS3	Q9NQS3	16	uniprot	Adhesion-Adhesion	1	single_protein_pair	0	0	0	0	0		
HGNC:17664	NECTIN3	Q9NQS3	ENSG00000177707	25945	membrane	Q9NQS3	protein	protein	Q8N126	Q8N126	16	uniprot	Adhesion-Adhesion	1	single_protein_pair	0	0	0	0	0		
HGNC:1814	CEACAM1	P13688	ENSG00000079385	634	membrane_and_secreted	P13688	protein	protein	Q9NNX6	Q9NNX6	17	PMID:16282604;PMID:16246332	Adhesion-Adhesion	1	single_protein_pair	0	0	0	0	0		
HGNC:1641	CD209	Q9NNX6	ENSG00000090659	30835	membrane_and_secreted	Q9NNX6	protein	protein	P13688	P13688	17	PMID:16282604;PMID:16246332	Adhesion-Adhesion	1	single_protein_pair	0	0	1	1	0		pubmed:35922511|imex:IM-30342
HGNC:1814	CEACAM1	P13688	ENSG00000079385	634	membrane_and_secreted	P13688	protein	protein	P40199	P40199	18	PMID:21982860	Adhesion-Adhesion	1	single_protein_pair	0	0	0	0	0		
HGNC:1818	CEACAM6	P40199	ENSG00000086548	4680	membrane	P40199	protein	protein	P13688	P13688	18	PMID:21982860	Adhesion-Adhesion	1	single_protein_pair	0	0	0	0	0		
HGNC:1814	CEACAM1	P13688	ENSG00000079385	634	membrane_and_secreted	P13688	protein	protein	P31997	P31997	19	PMID:24743304	Adhesion-Adhesion	1	single_protein_pair	0	0	1	1	0		pubmed:32822567|imex:IM-30326
HGNC:1820	CEACAM8	P31997	ENSG00000124469	1088	membrane	P31997	protein	protein	P13688	P13688	19	PMID:24743304	Adhesion-Adhesion	1	single_protein_pair	0	0	0	0	0		
HGNC:1814	CEACAM1	P13688	ENSG00000079385	634	membrane_and_secreted	P13688	protein	protein	P16581	P16581	20	PMID:1378450	Adhesion-Adhesion	1	single_protein_pair	0	0	0	0	0		
HGNC:10718	SELE	P16581	ENSG00000007908	6401	membrane	P16581	protein	protein	P13688	P13688	20	PMID:1378450	Adhesion-Adhesion	1	single_protein_pair	0	0	0	0	0		
HGNC:1817	CEACAM5	P06731	ENSG00000105388	1048	membrane	P06731	protein	protein	P15813	P15813	21	PMID:24104458	Adhesion-Adhesion	1	single_protein_pair	0	0	0	0	0		
HGNC:1637	CD1D	P15813	ENSG00000158473	912	membrane	P15813	protein	protein	P06731	P06731	21	PMID:24104458	Adhesion-Adhesion	1	single_protein_pair	0	0	0	0	0		
HGNC:1817	CEACAM5	P06731	ENSG00000105388	1048	membrane	P06731	protein	protein	P01732	P01732	22	PMID:24104458	Adhesion-Adhesion	1	single_protein_pair	0	0	0	0	0		
HGNC:1706	CD8A	P01732	ENSG00000153563	925	membrane_and_secreted	P01732	protein	protein	P06731	P06731	22	PMID:24104458	Adhesion-Adhesion	1	single_protein_pair	0	0	0	0	0		
HGNC:1817	CEACAM5	P06731	ENSG00000105388	1048	membrane	P06731	protein	protein	P13688	P13688	23	Induces_NK_Cell_Inhibition._Reviewed_in_PMID:24987108	Adhesion-Adhesion	1	single_protein_pair	0	0	0	0	0		
HGNC:1814	CEACAM1	P13688	ENSG00000079385	634	membrane_and_secreted	P13688	protein	protein	P06731	P06731	23	Induces_NK_Cell_Inhibition._Reviewed_in_PMID:24987108	Adhesion-Adhesion	1	single_protein_pair	0	0	0	0	0		
HGNC:1817	CEACAM5	P06731	ENSG00000105388	1048	membrane	P06731	protein	protein	P40199	P40199	24	uniprot	Adhesion-Adhesion	1	single_protein_pair	0	0	0	0	0		
HGNC:1818	CEACAM6	P40199	ENSG00000086548	4680	membrane	P40199	protein	protein	P06731	P06731	24	uniprot	Adhesion-Adhesion	1	single_protein_pair	0	0	0	0	0		
HGNC:1818	CEACAM6	P40199	ENSG00000086548	4680	membrane	P40199	protein	protein	P40199	P40199	25	PMID:11590190	Adhesion-Adhesion	0	self_interface_not_audited	0	0	0	0	0		
HGNC:1820	CEACAM8	P31997	ENSG00000124469	1088	membrane	P31997	protein	protein	P40199	P40199	26	PMID:11590190	Adhesion-Adhesion	1	single_protein_pair	1	1	0	1	0	4wtz;4yiq	
HGNC:1818	CEACAM6	P40199	ENSG00000086548	4680	membrane	P40199	protein	protein	P31997	P31997	26	PMID:11590190	Adhesion-Adhesion	1	single_protein_pair	1	1	1	1	0	4wtz;4yiq	pubmed:32822567|imex:IM-30326
HGNC:6153	ITGB1	P05556	ENSG00000150093	3688	membrane	integrin_a1b1_complex	complex	protein	Q03692	Q03692	27	uniprot	Ligand-Receptor	0	complex_component_support_only	0	0	0	0	0		
HGNC:6134	ITGA1	P56199	ENSG00000213949	3672	membrane_inferred	integrin_a1b1_complex	complex	protein	Q03692	Q03692	27	uniprot	Ligand-Receptor	0	complex_component_support_only	0	0	0	0	0		
HGNC:6135	ITGA10	O75578	ENSG00000143127	8515	membrane_inferred	integrin_a10b1_complex	complex	protein	Q03692	Q03692	28	uniprot	Adhesion-Adhesion	0	complex_component_support_only	0	0	0	0	0		
HGNC:6153	ITGB1	P05556	ENSG00000150093	3688	membrane	integrin_a10b1_complex	complex	protein	Q03692	Q03692	28	uniprot	Adhesion-Adhesion	0	complex_component_support_only	0	0	0	0	0		
HGNC:6153	ITGB1	P05556	ENSG00000150093	3688	membrane	integrin_a11b1_complex	complex	protein	Q03692	Q03692	29	uniprot	Adhesion-Adhesion	0	complex_component_support_only	0	0	0	0	0		
HGNC:6136	ITGA11	Q9UKX5	ENSG00000137809	22801	membrane_inferred	integrin_a11b1_complex	complex	protein	Q03692	Q03692	29	uniprot	Adhesion-Adhesion	0	complex_component_support_only	0	0	0	0	0		
HGNC:6153	ITGB1	P05556	ENSG00000150093	3688	membrane	integrin_a2b1_complex	complex	protein	Q03692	Q03692	30	uniprot	Adhesion-Adhesion	0	complex_component_support_only	0	0	0	0	0		
HGNC:6137	ITGA2	P17301	ENSG00000164171	3673	membrane_inferred	integrin_a2b1_complex	complex	protein	Q03692	Q03692	30	uniprot	Adhesion-Adhesion	0	complex_component_support_only	0	0	0	0	0		
HGNC:6153	ITGB1	P05556	ENSG00000150093	3688	membrane	integrin_a1b1_complex	complex	protein	P12107	P12107	31	uniprot	Adhesion-Adhesion	0	complex_component_support_only	0	0	0	0	0		
HGNC:6134	ITGA1	P56199	ENSG00000213949	3672	membrane_inferred	integrin_a1b1_complex	complex	protein	P12107	P12107	31	uniprot	Adhesion-Adhesion	0	complex_component_support_only	0	0	0	0	0		
HGNC:6135	ITGA10	O75578	ENSG00000143127	8515	membrane_inferred	integrin_a10b1_complex	complex	protein	P12107	P12107	32	uniprot	Adhesion-Adhesion	0	complex_component_support_only	0	0	0	0	0		
HGNC:6153	ITGB1	P05556	ENSG00000150093	3688	membrane	integrin_a10b1_complex	complex	protein	P12107	P12107	32	uniprot	Adhesion-Adhesion	0	complex_component_support_only	0	0	0	0	0		
HGNC:6153	ITGB1	P05556	ENSG00000150093	3688	membrane	integrin_a11b1_complex	complex	protein	P12107	P12107	33	uniprot	Adhesion-Adhesion	0	complex_component_support_only	0	0	0	0	0		
HGNC:6136	ITGA11	Q9UKX5	ENSG00000137809	22801	membrane_inferred	integrin_a11b1_complex	complex	protein	P12107	P12107	33	uniprot	Adhesion-Adhesion	0	complex_component_support_only	0	0	0	0	0		
HGNC:6153	ITGB1	P05556	ENSG00000150093	3688	membrane	integrin_a2b1_complex	complex	protein	P12107	P12107	34	uniprot	Adhesion-Adhesion	0	complex_component_support_only	0	0	0	0	0		
HGNC:6137	ITGA2	P17301	ENSG00000164171	3673	membrane_inferred	integrin_a2b1_complex	complex	protein	P12107	P12107	34	uniprot	Adhesion-Adhesion	0	complex_component_support_only	0	0	0	0	0		
HGNC:6153	ITGB1	P05556	ENSG00000150093	3688	membrane	integrin_a1b1_complex	complex	protein	P13942	P13942	35	uniprot	Adhesion-Adhesion	0	complex_component_support_only	0	0	0	0	0		
HGNC:6134	ITGA1	P56199	ENSG00000213949	3672	membrane_inferred	integrin_a1b1_complex	complex	protein	P13942	P13942	35	uniprot	Adhesion-Adhesion	0	complex_component_support_only	0	0	0	0	0		
HGNC:6135	ITGA10	O75578	ENSG00000143127	8515	membrane_inferred	integrin_a10b1_complex	complex	protein	P13942	P13942	36	uniprot	Adhesion-Adhesion	0	complex_component_support_only	0	0	0	0	0		
HGNC:6153	ITGB1	P05556	ENSG00000150093	3688	membrane	integrin_a10b1_complex	complex	protein	P13942	P13942	36	uniprot	Adhesion-Adhesion	0	complex_component_support_only	0	0	0	0	0		
HGNC:6153	ITGB1	P05556	ENSG00000150093	3688	membrane	integrin_a11b1_complex	complex	protein	P13942	P13942	37	uniprot	Adhesion-Adhesion	0	complex_component_support_only	0	0	0	0	0		
HGNC:6136	ITGA11	Q9UKX5	ENSG00000137809	22801	membrane_inferred	integrin_a11b1_complex	complex	protein	P13942	P13942	37	uniprot	Adhesion-Adhesion	0	complex_component_support_only	0	0	0	0	0		
HGNC:6153	ITGB1	P05556	ENSG00000150093	3688	membrane	integrin_a2b1_complex	complex	protein	P13942	P13942	38	uniprot	Adhesion-Adhesion	0	complex_component_support_only	0	0	0	0	0		
HGNC:6137	ITGA2	P17301	ENSG00000164171	3673	membrane_inferred	integrin_a2b1_complex	complex	protein	P13942	P13942	38	uniprot	Adhesion-Adhesion	0	complex_component_support_only	0	0	0	0	0		
HGNC:6153	ITGB1	P05556	ENSG00000150093	3688	membrane	integrin_a1b1_complex	complex	protein	Q99715	Q99715	39	uniprot	Adhesion-Adhesion	0	complex_component_support_only	0	0	0	0	0		
HGNC:6134	ITGA1	P56199	ENSG00000213949	3672	membrane_inferred	integrin_a1b1_complex	complex	protein	Q99715	Q99715	39	uniprot	Adhesion-Adhesion	0	complex_component_support_only	0	0	0	0	0		
HGNC:6135	ITGA10	O75578	ENSG00000143127	8515	membrane_inferred	integrin_a10b1_complex	complex	protein	Q99715	Q99715	40	uniprot	Adhesion-Adhesion	0	complex_component_support_only	0	0	0	0	0		
HGNC:6153	ITGB1	P05556	ENSG00000150093	3688	membrane	integrin_a10b1_complex	complex	protein	Q99715	Q99715	40	uniprot	Adhesion-Adhesion	0	complex_component_support_only	0	0	0	0	0		
HGNC:6153	ITGB1	P05556	ENSG00000150093	3688	membrane	integrin_a11b1_complex	complex	protein	Q99715	Q99715	41	uniprot	Adhesion-Adhesion	0	complex_component_support_only	0	0	0	0	0		
HGNC:6136	ITGA11	Q9UKX5	ENSG00000137809	22801	membrane_inferred	integrin_a11b1_complex	complex	protein	Q99715	Q99715	41	uniprot	Adhesion-Adhesion	0	complex_component_support_only	0	0	0	0	0		
HGNC:6153	ITGB1	P05556	ENSG00000150093	3688	membrane	integrin_a2b1_complex	complex	protein	Q99715	Q99715	42	uniprot	Adhesion-Adhesion	0	complex_component_support_only	0	0	0	0	0		
HGNC:6137	ITGA2	P17301	ENSG00000164171	3673	membrane_inferred	integrin_a2b1_complex	complex	protein	Q99715	Q99715	42	uniprot	Adhesion-Adhesion	0	complex_component_support_only	0	0	0	0	0		
HGNC:2190	COL13A1	Q5TAT6	ENSG00000197467	1305	membrane	Q5TAT6	protein	complex	integrin_a1b1_complex	P05556;P56199	43	uniprot	Adhesion-Adhesion	0	complex_component_support_only	0	0	0	0	0		
HGNC:6153	ITGB1	P05556	ENSG00000150093	3688	membrane	integrin_a1b1_complex	complex	protein	Q5TAT6	Q5TAT6	43	uniprot	Adhesion-Adhesion	0	complex_component_support_only	0	0	0	0	0		
HGNC:6134	ITGA1	P56199	ENSG00000213949	3672	membrane_inferred	integrin_a1b1_complex	complex	protein	Q5TAT6	Q5TAT6	43	uniprot	Adhesion-Adhesion	0	complex_component_support_only	0	0	0	0	0		
HGNC:2190	COL13A1	Q5TAT6	ENSG00000197467	1305	membrane	Q5TAT6	protein	complex	integrin_a10b1_complex	O75578;P05556	44	uniprot	Adhesion-Adhesion	0	complex_component_support_only	0	0	0	0	0		
HGNC:6135	ITGA10	O75578	ENSG00000143127	8515	membrane_inferred	integrin_a10b1_complex	complex	protein	Q5TAT6	Q5TAT6	44	uniprot	Adhesion-Adhesion	0	complex_component_support_only	0	0	0	0	0		
HGNC:6153	ITGB1	P05556	ENSG00000150093	3688	membrane	integrin_a10b1_complex	complex	protein	Q5TAT6	Q5TAT6	44	uniprot	Adhesion-Adhesion	0	complex_component_support_only	0	0	0	0	0		
HGNC:2190	COL13A1	Q5TAT6	ENSG00000197467	1305	membrane	Q5TAT6	protein	complex	integrin_a11b1_complex	P05556;Q9UKX5	45	uniprot	Adhesion-Adhesion	0	complex_component_support_only	0	0	0	0	0		
HGNC:6153	ITGB1	P05556	ENSG00000150093	3688	membrane	integrin_a11b1_complex	complex	protein	Q5TAT6	Q5TAT6	45	uniprot	Adhesion-Adhesion	0	complex_component_support_only	0	0	0	0	0		
HGNC:6136	ITGA11	Q9UKX5	ENSG00000137809	22801	membrane_inferred	integrin_a11b1_complex	complex	protein	Q5TAT6	Q5TAT6	45	uniprot	Adhesion-Adhesion	0	complex_component_support_only	0	0	0	0	0		
HGNC:2190	COL13A1	Q5TAT6	ENSG00000197467	1305	membrane	Q5TAT6	protein	complex	integrin_a2b1_complex	P05556;P17301	46	uniprot	Adhesion-Adhesion	0	complex_component_support_only	0	0	0	0	0		
HGNC:6153	ITGB1	P05556	ENSG00000150093	3688	membrane	integrin_a2b1_complex	complex	protein	Q5TAT6	Q5TAT6	46	uniprot	Adhesion-Adhesion	0	complex_component_support_only	0	0	0	0	0		
HGNC:6137	ITGA2	P17301	ENSG00000164171	3673	membrane_inferred	integrin_a2b1_complex	complex	protein	Q5TAT6	Q5TAT6	46	uniprot	Adhesion-Adhesion	0	complex_component_support_only	0	0	0	0	0		
HGNC:6153	ITGB1	P05556	ENSG00000150093	3688	membrane	integrin_a1b1_complex	complex	protein	Q05707	Q05707	47	uniprot	Adhesion-Adhesion	0	complex_component_support_only	0	0	0	0	0		
HGNC:6134	ITGA1	P56199	ENSG00000213949	3672	membrane_inferred	integrin_a1b1_complex	complex	protein	Q05707	Q05707	47	uniprot	Adhesion-Adhesion	0	complex_component_support_only	0	0	0	0	0		
HGNC:6135	ITGA10	O75578	ENSG00000143127	8515	membrane_inferred	integrin_a10b1_complex	complex	protein	Q05707	Q05707	48	uniprot	Adhesion-Adhesion	0	complex_component_support_only	0	0	0	0	0		
HGNC:6153	ITGB1	P05556	ENSG00000150093	3688	membrane	integrin_a10b1_complex	complex	protein	Q05707	Q05707	48	uniprot	Adhesion-Adhesion	0	complex_component_support_only	0	0	0	0	0		
HGNC:6153	ITGB1	P05556	ENSG00000150093	3688	membrane	integrin_a11b1_complex	complex	protein	Q05707	Q05707	49	uniprot	Adhesion-Adhesion	0	complex_component_support_only	0	0	0	0	0		
HGNC:6136	ITGA11	Q9UKX5	ENSG00000137809	22801	membrane_inferred	integrin_a11b1_complex	complex	protein	Q05707	Q05707	49	uniprot	Adhesion-Adhesion	0	complex_component_support_only	0	0	0	0	0		
HGNC:6153	ITGB1	P05556	ENSG00000150093	3688	membrane	integrin_a2b1_complex	complex	protein	Q05707	Q05707	50	uniprot	Adhesion-Adhesion	0	complex_component_support_only	0	0	0	0	0		
HGNC:6137	ITGA2	P17301	ENSG00000164171	3673	membrane_inferred	integrin_a2b1_complex	complex	protein	Q05707	Q05707	50	uniprot	Adhesion-Adhesion	0	complex_component_support_only	0	0	0	0	0		
HGNC:6153	ITGB1	P05556	ENSG00000150093	3688	membrane	integrin_a1b1_complex	complex	protein	P39059	P39059	51	uniprot	Adhesion-Adhesion	0	complex_component_support_only	0	0	0	0	0		
HGNC:6134	ITGA1	P56199	ENSG00000213949	3672	membrane_inferred	integrin_a1b1_complex	complex	protein	P39059	P39059	51	uniprot	Adhesion-Adhesion	0	complex_component_support_only	0	0	0	0	0		
HGNC:6135	ITGA10	O75578	ENSG00000143127	8515	membrane_inferred	integrin_a10b1_complex	complex	protein	P39059	P39059	52	uniprot	Adhesion-Adhesion	0	complex_component_support_only	0	0	0	0	0		
HGNC:6153	ITGB1	P05556	ENSG00000150093	3688	membrane	integrin_a10b1_complex	complex	protein	P39059	P39059	52	uniprot	Adhesion-Adhesion	0	complex_component_support_only	0	0	0	0	0		
HGNC:6153	ITGB1	P05556	ENSG00000150093	3688	membrane	integrin_a11b1_complex	complex	protein	P39059	P39059	53	uniprot	Adhesion-Adhesion	0	complex_component_support_only	0	0	0	0	0		
HGNC:6136	ITGA11	Q9UKX5	ENSG00000137809	22801	membrane_inferred	integrin_a11b1_complex	complex	protein	P39059	P39059	53	uniprot	Adhesion-Adhesion	0	complex_component_support_only	0	0	0	0	0		
HGNC:6153	ITGB1	P05556	ENSG00000150093	3688	membrane	integrin_a2b1_complex	complex	protein	P39059	P39059	54	uniprot	Adhesion-Adhesion	0	complex_component_support_only	0	0	0	0	0		
HGNC:6137	ITGA2	P17301	ENSG00000164171	3673	membrane_inferred	integrin_a2b1_complex	complex	protein	P39059	P39059	54	uniprot	Adhesion-Adhesion	0	complex_component_support_only	0	0	0	0	0		
HGNC:6153	ITGB1	P05556	ENSG00000150093	3688	membrane	integrin_a1b1_complex	complex	protein	Q07092	Q07092	55	uniprot	Adhesion-Adhesion	0	complex_component_support_only	0	0	0	0	0		
HGNC:6134	ITGA1	P56199	ENSG00000213949	3672	membrane_inferred	integrin_a1b1_complex	complex	protein	Q07092	Q07092	55	uniprot	Adhesion-Adhesion	0	complex_component_support_only	0	0	0	0	0		
HGNC:6135	ITGA10	O75578	ENSG00000143127	8515	membrane_inferred	integrin_a10b1_complex	complex	protein	Q07092	Q07092	56	uniprot	Adhesion-Adhesion	0	complex_component_support_only	0	0	0	0	0		
HGNC:6153	ITGB1	P05556	ENSG00000150093	3688	membrane	integrin_a10b1_complex	complex	protein	Q07092	Q07092	56	uniprot	Adhesion-Adhesion	0	complex_component_support_only	0	0	0	0	0		
HGNC:6153	ITGB1	P05556	ENSG00000150093	3688	membrane	integrin_a11b1_complex	complex	protein	Q07092	Q07092	57	uniprot	Adhesion-Adhesion	0	complex_component_support_only	0	0	0	0	0		
HGNC:6136	ITGA11	Q9UKX5	ENSG00000137809	22801	membrane_inferred	integrin_a11b1_complex	complex	protein	Q07092	Q07092	57	uniprot	Adhesion-Adhesion	0	complex_component_support_only	0	0	0	0	0		
HGNC:6153	ITGB1	P05556	ENSG00000150093	3688	membrane	integrin_a2b1_complex	complex	protein	Q07092	Q07092	58	uniprot	Adhesion-Adhesion	0	complex_component_support_only	0	0	0	0	0		
HGNC:6137	ITGA2	P17301	ENSG00000164171	3673	membrane_inferred	integrin_a2b1_complex	complex	protein	Q07092	Q07092	58	uniprot	Adhesion-Adhesion	0	complex_component_support_only	0	0	0	0	0		
HGNC:2194	COL17A1	Q9UMD9	ENSG00000065618	1308	membrane_inferred_and_secreted	Q9UMD9	protein	complex	integrin_a1b1_complex	P05556;P56199	59	uniprot	Adhesion-Adhesion	0	complex_component_support_only	0	0	0	0	0		
HGNC:6153	ITGB1	P05556	ENSG00000150093	3688	membrane	integrin_a1b1_complex	complex	protein	Q9UMD9	Q9UMD9	59	uniprot	Adhesion-Adhesion	0	complex_component_support_only	0	0	0	0	0		
HGNC:6134	ITGA1	P56199	ENSG00000213949	3672	membrane_inferred	integrin_a1b1_complex	complex	protein	Q9UMD9	Q9UMD9	59	uniprot	Adhesion-Adhesion	0	complex_component_support_only	0	0	0	0	0		
HGNC:2194	COL17A1	Q9UMD9	ENSG00000065618	1308	membrane_inferred_and_secreted	Q9UMD9	protein	complex	integrin_a10b1_complex	O75578;P05556	60	uniprot	Adhesion-Adhesion	0	complex_component_support_only	0	0	0	0	0		
HGNC:6135	ITGA10	O75578	ENSG00000143127	8515	membrane_inferred	integrin_a10b1_complex	complex	protein	Q9UMD9	Q9UMD9	60	uniprot	Adhesion-Adhesion	0	complex_component_support_only	0	0	0	0	0		
HGNC:6153	ITGB1	P05556	ENSG00000150093	3688	membrane	integrin_a10b1_complex	complex	protein	Q9UMD9	Q9UMD9	60	uniprot	Adhesion-Adhesion	0	complex_component_support_only	0	0	0	0	0		
HGNC:2194	COL17A1	Q9UMD9	ENSG00000065618	1308	membrane_inferred_and_secreted	Q9UMD9	protein	complex	integrin_a11b1_complex	P05556;Q9UKX5	61	uniprot	Adhesion-Adhesion	0	complex_component_support_only	0	0	0	0	0		
HGNC:6153	ITGB1	P05556	ENSG00000150093	3688	membrane	integrin_a11b1_complex	complex	protein	Q9UMD9	Q9UMD9	61	uniprot	Adhesion-Adhesion	0	complex_component_support_only	0	0	0	0	0		
HGNC:6136	ITGA11	Q9UKX5	ENSG00000137809	22801	membrane_inferred	integrin_a11b1_complex	complex	protein	Q9UMD9	Q9UMD9	61	uniprot	Adhesion-Adhesion	0	complex_component_support_only	0	0	0	0	0		
HGNC:2194	COL17A1	Q9UMD9	ENSG00000065618	1308	membrane_inferred_and_secreted	Q9UMD9	protein	complex	integrin_a2b1_complex	P05556;P17301	62	uniprot	Adhesion-Adhesion	0	complex_component_support_only	0	0	0	0	0		
HGNC:6153	ITGB1	P05556	ENSG00000150093	3688	membrane	integrin_a2b1_complex	complex	protein	Q9UMD9	Q9UMD9	62	uniprot	Adhesion-Adhesion	0	complex_component_support_only	0	0	0	0	0		
HGNC:6137	ITGA2	P17301	ENSG00000164171	3673	membrane_inferred	integrin_a2b1_complex	complex	protein	Q9UMD9	Q9UMD9	62	uniprot	Adhesion-Adhesion	0	complex_component_support_only	0	0	0	0	0		
HGNC:2195	COL18A1	P39060	ENSG00000182871	80781	secreted_only	P39060	protein	complex	integrin_a1b1_complex	P05556;P56199	63	uniprot	Adhesion-Adhesion	0	complex_component_support_only	0	0	0	0	0		
HGNC:6153	ITGB1	P05556	ENSG00000150093	3688	membrane	integrin_a1b1_complex	complex	protein	P39060	P39060	63	uniprot	Adhesion-Adhesion	0	complex_component_support_only	0	0	0	0	0		
HGNC:6134	ITGA1	P56199	ENSG00000213949	3672	membrane_inferred	integrin_a1b1_complex	complex	protein	P39060	P39060	63	uniprot	Adhesion-Adhesion	0	complex_component_support_only	0	0	0	0	0		
HGNC:2195	COL18A1	P39060	ENSG00000182871	80781	secreted_only	P39060	protein	complex	integrin_a10b1_complex	O75578;P05556	64	uniprot	Adhesion-Adhesion	0	complex_component_support_only	0	0	0	0	0		
HGNC:6135	ITGA10	O75578	ENSG00000143127	8515	membrane_inferred	integrin_a10b1_complex	complex	protein	P39060	P39060	64	uniprot	Adhesion-Adhesion	0	complex_component_support_only	0	0	0	0	0		
HGNC:6153	ITGB1	P05556	ENSG00000150093	3688	membrane	integrin_a10b1_complex	complex	protein	P39060	P39060	64	uniprot	Adhesion-Adhesion	0	complex_component_support_only	0	0	0	0	0		
HGNC:2195	COL18A1	P39060	ENSG00000182871	80781	secreted_only	P39060	protein	complex	integrin_a11b1_complex	P05556;Q9UKX5	65	uniprot	Adhesion-Adhesion	0	complex_component_support_only	0	0	0	0	0		
HGNC:6153	ITGB1	P05556	ENSG00000150093	3688	membrane	integrin_a11b1_complex	complex	protein	P39060	P39060	65	uniprot	Adhesion-Adhesion	0	complex_component_support_only	0	0	0	0	0		
HGNC:6136	ITGA11	Q9UKX5	ENSG00000137809	22801	membrane_inferred	integrin_a11b1_complex	complex	protein	P39060	P39060	65	uniprot	Adhesion-Adhesion	0	complex_component_support_only	0	0	0	0	0		
HGNC:2195	COL18A1	P39060	ENSG00000182871	80781	secreted_only	P39060	protein	complex	integrin_a2b1_complex	P05556;P17301	66	uniprot	Adhesion-Adhesion	0	complex_component_support_only	0	0	0	0	0		
HGNC:6153	ITGB1	P05556	ENSG00000150093	3688	membrane	integrin_a2b1_complex	complex	protein	P39060	P39060	66	uniprot	Adhesion-Adhesion	0	complex_component_support_only	0	0	0	0	0		
HGNC:6137	ITGA2	P17301	ENSG00000164171	3673	membrane_inferred	integrin_a2b1_complex	complex	protein	P39060	P39060	66	uniprot	Adhesion-Adhesion	0	complex_component_support_only	0	0	0	0	0		
HGNC:6153	ITGB1	P05556	ENSG00000150093	3688	membrane	integrin_a1b1_complex	complex	protein	Q14993	Q14993	67	uniprot	Adhesion-Adhesion	0	complex_component_support_only	0	0	0	0	0		
HGNC:6134	ITGA1	P56199	ENSG00000213949	3672	membrane_inferred	integrin_a1b1_complex	complex	protein	Q14993	Q14993	67	uniprot	Adhesion-Adhesion	0	complex_component_support_only	0	0	0	0	0		
HGNC:6135	ITGA10	O75578	ENSG00000143127	8515	membrane_inferred	integrin_a10b1_complex	complex	protein	Q14993	Q14993	68	uniprot	Adhesion-Adhesion	0	complex_component_support_only	0	0	0	0	0		
HGNC:6153	ITGB1	P05556	ENSG00000150093	3688	membrane	integrin_a10b1_complex	complex	protein	Q14993	Q14993	68	uniprot	Adhesion-Adhesion	0	complex_component_support_only	0	0	0	0	0		
HGNC:6153	ITGB1	P05556	ENSG00000150093	3688	membrane	integrin_a11b1_complex	complex	protein	Q14993	Q14993	69	uniprot	Adhesion-Adhesion	0	complex_component_support_only	0	0	0	0	0		
HGNC:6136	ITGA11	Q9UKX5	ENSG00000137809	22801	membrane_inferred	integrin_a11b1_complex	complex	protein	Q14993	Q14993	69	uniprot	Adhesion-Adhesion	0	complex_component_support_only	0	0	0	0	0		
HGNC:6153	ITGB1	P05556	ENSG00000150093	3688	membrane	integrin_a2b1_complex	complex	protein	Q14993	Q14993	70	uniprot	Adhesion-Adhesion	0	complex_component_support_only	0	0	0	0	0		
HGNC:6137	ITGA2	P17301	ENSG00000164171	3673	membrane_inferred	integrin_a2b1_complex	complex	protein	Q14993	Q14993	70	uniprot	Adhesion-Adhesion	0	complex_component_support_only	0	0	0	0	0		
HGNC:6153	ITGB1	P05556	ENSG00000150093	3688	membrane	integrin_a1b1_complex	complex	protein	P02452	P02452	71	uniprot	Adhesion-Adhesion	0	complex_component_support_only	0	0	0	0	0		
HGNC:6134	ITGA1	P56199	ENSG00000213949	3672	membrane_inferred	integrin_a1b1_complex	complex	protein	P02452	P02452	71	uniprot	Adhesion-Adhesion	0	complex_component_support_only	0	0	0	0	0		
HGNC:6135	ITGA10	O75578	ENSG00000143127	8515	membrane_inferred	integrin_a10b1_complex	complex	protein	P02452	P02452	72	uniprot	Adhesion-Adhesion	0	complex_component_support_only	0	0	0	0	0		
HGNC:6153	ITGB1	P05556	ENSG00000150093	3688	membrane	integrin_a10b1_complex	complex	protein	P02452	P02452	72	uniprot	Adhesion-Adhesion	0	complex_component_support_only	0	0	0	0	0		
HGNC:6153	ITGB1	P05556	ENSG00000150093	3688	membrane	integrin_a11b1_complex	complex	protein	P02452	P02452	73	uniprot	Adhesion-Adhesion	0	complex_component_support_only	0	0	0	0	0		
HGNC:6136	ITGA11	Q9UKX5	ENSG00000137809	22801	membrane_inferred	integrin_a11b1_complex	complex	protein	P02452	P02452	73	uniprot	Adhesion-Adhesion	0	complex_component_support_only	0	0	0	0	0		
HGNC:6153	ITGB1	P05556	ENSG00000150093	3688	membrane	integrin_a2b1_complex	complex	protein	P02452	P02452	74	uniprot	Adhesion-Adhesion	0	complex_component_support_only	0	0	0	0	0		
HGNC:6137	ITGA2	P17301	ENSG00000164171	3673	membrane_inferred	integrin_a2b1_complex	complex	protein	P02452	P02452	74	uniprot	Adhesion-Adhesion	0	complex_component_support_only	0	0	0	0	0		
HGNC:6153	ITGB1	P05556	ENSG00000150093	3688	membrane	integrin_a1b1_complex	complex	protein	P08123	P08123	75	uniprot	Adhesion-Adhesion	0	complex_component_support_only	0	0	0	0	0		
HGNC:6134	ITGA1	P56199	ENSG00000213949	3672	membrane_inferred	integrin_a1b1_complex	complex	protein	P08123	P08123	75	uniprot	Adhesion-Adhesion	0	complex_component_support_only	0	0	0	0	0		
HGNC:6135	ITGA10	O75578	ENSG00000143127	8515	membrane_inferred	integrin_a10b1_complex	complex	protein	P08123	P08123	76	uniprot	Adhesion-Adhesion	0	complex_component_support_only	0	0	0	0	0		
HGNC:6153	ITGB1	P05556	ENSG00000150093	3688	membrane	integrin_a10b1_complex	complex	protein	P08123	P08123	76	uniprot	Adhesion-Adhesion	0	complex_component_support_only	0	0	0	0	0		
HGNC:6153	ITGB1	P05556	ENSG00000150093	3688	membrane	integrin_a11b1_complex	complex	protein	P08123	P08123	77	uniprot	Adhesion-Adhesion	0	complex_component_support_only	0	0	0	0	0		
HGNC:6136	ITGA11	Q9UKX5	ENSG00000137809	22801	membrane_inferred	integrin_a11b1_complex	complex	protein	P08123	P08123	77	uniprot	Adhesion-Adhesion	0	complex_component_support_only	0	0	0	0	0		
HGNC:6153	ITGB1	P05556	ENSG00000150093	3688	membrane	integrin_a2b1_complex	complex	protein	P08123	P08123	78	uniprot	Adhesion-Adhesion	0	complex_component_support_only	0	0	0	0	0		
HGNC:6137	ITGA2	P17301	ENSG00000164171	3673	membrane_inferred	integrin_a2b1_complex	complex	protein	P08123	P08123	78	uniprot	Adhesion-Adhesion	0	complex_component_support_only	0	0	0	0	0		
HGNC:6153	ITGB1	P05556	ENSG00000150093	3688	membrane	integrin_a1b1_complex	complex	protein	Q9P218	Q9P218	79	uniprot	Adhesion-Adhesion	0	complex_component_support_only	0	0	0	0	0		
HGNC:6134	ITGA1	P56199	ENSG00000213949	3672	membrane_inferred	integrin_a1b1_complex	complex	protein	Q9P218	Q9P218	79	uniprot	Adhesion-Adhesion	0	complex_component_support_only	0	0	0	0	0		
HGNC:6135	ITGA10	O75578	ENSG00000143127	8515	membrane_inferred	integrin_a10b1_complex	complex	protein	Q9P218	Q9P218	80	uniprot	Adhesion-Adhesion	0	complex_component_support_only	0	0	0	0	0		
HGNC:6153	ITGB1	P05556	ENSG00000150093	3688	membrane	integrin_a10b1_complex	complex	protein	Q9P218	Q9P218	80	uniprot	Adhesion-Adhesion	0	complex_component_support_only	0	0	0	0	0		
HGNC:6153	ITGB1	P05556	ENSG00000150093	3688	membrane	integrin_a11b1_complex	complex	protein	Q9P218	Q9P218	81	uniprot	Adhesion-Adhesion	0	complex_component_support_only	0	0	0	0	0		
HGNC:6136	ITGA11	Q9UKX5	ENSG00000137809	22801	membrane_inferred	integrin_a11b1_complex	complex	protein	Q9P218	Q9P218	81	uniprot	Adhesion-Adhesion	0	complex_component_support_only	0	0	0	0	0		
HGNC:6153	ITGB1	P05556	ENSG00000150093	3688	membrane	integrin_a2b1_complex	complex	protein	Q9P218	Q9P218	82	uniprot	Adhesion-Adhesion	0	complex_component_support_only	0	0	0	0	0		
HGNC:6137	ITGA2	P17301	ENSG00000164171	3673	membrane_inferred	integrin_a2b1_complex	complex	protein	Q9P218	Q9P218	82	uniprot	Adhesion-Adhesion	0	complex_component_support_only	0	0	0	0	0		
HGNC:6153	ITGB1	P05556	ENSG00000150093	3688	membrane	integrin_a1b1_complex	complex	protein	Q96P44	Q96P44	83	uniprot	Adhesion-Adhesion	0	complex_component_support_only	0	0	0	0	0		
HGNC:6134	ITGA1	P56199	ENSG00000213949	3672	membrane_inferred	integrin_a1b1_complex	complex	protein	Q96P44	Q96P44	83	uniprot	Adhesion-Adhesion	0	complex_component_support_only	0	0	0	0	0		
HGNC:6135	ITGA10	O75578	ENSG00000143127	8515	membrane_inferred	integrin_a10b1_complex	complex	protein	Q96P44	Q96P44	84	uniprot	Adhesion-Adhesion	0	complex_component_support_only	0	0	0	0	0		
HGNC:6153	ITGB1	P05556	ENSG00000150093	3688	membrane	integrin_a10b1_complex	complex	protein	Q96P44	Q96P44	84	uniprot	Adhesion-Adhesion	0	complex_component_support_only	0	0	0	0	0		
HGNC:6153	ITGB1	P05556	ENSG00000150093	3688	membrane	integrin_a11b1_complex	complex	protein	Q96P44	Q96P44	85	uniprot	Adhesion-Adhesion	0	complex_component_support_only	0	0	0	0	0		
HGNC:6136	ITGA11	Q9UKX5	ENSG00000137809	22801	membrane_inferred	integrin_a11b1_complex	complex	protein	Q96P44	Q96P44	85	uniprot	Adhesion-Adhesion	0	complex_component_support_only	0	0	0	0	0		
HGNC:6153	ITGB1	P05556	ENSG00000150093	3688	membrane	integrin_a2b1_complex	complex	protein	Q96P44	Q96P44	86	uniprot	Adhesion-Adhesion	0	complex_component_support_only	0	0	0	0	0		
HGNC:6137	ITGA2	P17301	ENSG00000164171	3673	membrane_inferred	integrin_a2b1_complex	complex	protein	Q96P44	Q96P44	86	uniprot	Adhesion-Adhesion	0	complex_component_support_only	0	0	0	0	0		
HGNC:6153	ITGB1	P05556	ENSG00000150093	3688	membrane	integrin_a1b1_complex	complex	protein	Q8NFW1	Q8NFW1	87	uniprot	Adhesion-Adhesion	0	complex_component_support_only	0	0	0	0	0		
HGNC:6134	ITGA1	P56199	ENSG00000213949	3672	membrane_inferred	integrin_a1b1_complex	complex	protein	Q8NFW1	Q8NFW1	87	uniprot	Adhesion-Adhesion	0	complex_component_support_only	0	0	0	0	0		
HGNC:6135	ITGA10	O75578	ENSG00000143127	8515	membrane_inferred	integrin_a10b1_complex	complex	protein	Q8NFW1	Q8NFW1	88	uniprot	Adhesion-Adhesion	0	complex_component_support_only	0	0	0	0	0		
HGNC:6153	ITGB1	P05556	ENSG00000150093	3688	membrane	integrin_a10b1_complex	complex	protein	Q8NFW1	Q8NFW1	88	uniprot	Adhesion-Adhesion	0	complex_component_support_only	0	0	0	0	0		
HGNC:6153	ITGB1	P05556	ENSG00000150093	3688	membrane	integrin_a11b1_complex	complex	protein	Q8NFW1	Q8NFW1	89	uniprot	Adhesion-Adhesion	0	complex_component_support_only	0	0	0	0	0		
HGNC:6136	ITGA11	Q9UKX5	ENSG00000137809	22801	membrane_inferred	integrin_a11b1_complex	complex	protein	Q8NFW1	Q8NFW1	89	uniprot	Adhesion-Adhesion	0	complex_component_support_only	0	0	0	0	0		
HGNC:6153	ITGB1	P05556	ENSG00000150093	3688	membrane	integrin_a2b1_complex	complex	protein	Q8NFW1	Q8NFW1	90	uniprot	Adhesion-Adhesion	0	complex_component_support_only	0	0	0	0	0		
HGNC:6137	ITGA2	P17301	ENSG00000164171	3673	membrane_inferred	integrin_a2b1_complex	complex	protein	Q8NFW1	Q8NFW1	90	uniprot	Adhesion-Adhesion	0	complex_component_support_only	0	0	0	0	0		
HGNC:6153	ITGB1	P05556	ENSG00000150093	3688	membrane	integrin_a1b1_complex	complex	protein	Q17RW2	Q17RW2	91	uniprot	Adhesion-Adhesion	0	complex_component_support_only	0	0	0	0	0		
HGNC:6134	ITGA1	P56199	ENSG00000213949	3672	membrane_inferred	integrin_a1b1_complex	complex	protein	Q17RW2	Q17RW2	91	uniprot	Adhesion-Adhesion	0	complex_component_support_only	0	0	0	0	0		
HGNC:6135	ITGA10	O75578	ENSG00000143127	8515	membrane_inferred	integrin_a10b1_complex	complex	protein	Q17RW2	Q17RW2	92	uniprot	Adhesion-Adhesion	0	complex_component_support_only	0	0	0	0	0		
HGNC:6153	ITGB1	P05556	ENSG00000150093	3688	membrane	integrin_a10b1_complex	complex	protein	Q17RW2	Q17RW2	92	uniprot	Adhesion-Adhesion	0	complex_component_support_only	0	0	0	0	0		
HGNC:6153	ITGB1	P05556	ENSG00000150093	3688	membrane	integrin_a11b1_complex	complex	protein	Q17RW2	Q17RW2	93	uniprot	Adhesion-Adhesion	0	complex_component_support_only	0	0	0	0	0		
HGNC:6136	ITGA11	Q9UKX5	ENSG00000137809	22801	membrane_inferred	integrin_a11b1_complex	complex	protein	Q17RW2	Q17RW2	93	uniprot	Adhesion-Adhesion	0	complex_component_support_only	0	0	0	0	0		
HGNC:6153	ITGB1	P05556	ENSG00000150093	3688	membrane	integrin_a2b1_complex	complex	protein	Q17RW2	Q17RW2	94	uniprot	Adhesion-Adhesion	0	complex_component_support_only	0	0	0	0	0		
HGNC:6137	ITGA2	P17301	ENSG00000164171	3673	membrane_inferred	integrin_a2b1_complex	complex	protein	Q17RW2	Q17RW2	94	uniprot	Adhesion-Adhesion	0	complex_component_support_only	0	0	0	0	0		
HGNC:18038	COL26A1	Q96A83	ENSG00000160963	136227	secreted_only	Q96A83	protein	complex	integrin_a1b1_complex	P05556;P56199	95	uniprot	Adhesion-Adhesion	0	complex_component_support_only	0	0	0	0	0		
HGNC:6153	ITGB1	P05556	ENSG00000150093	3688	membrane	integrin_a1b1_complex	complex	protein	Q96A83	Q96A83	95	uniprot	Adhesion-Adhesion	0	complex_component_support_only	0	0	0	0	0		
HGNC:6134	ITGA1	P56199	ENSG00000213949	3672	membrane_inferred	integrin_a1b1_complex	complex	protein	Q96A83	Q96A83	95	uniprot	Adhesion-Adhesion	0	complex_component_support_only	0	0	0	0	0		
HGNC:18038	COL26A1	Q96A83	ENSG00000160963	136227	secreted_only	Q96A83	protein	complex	integrin_a10b1_complex	O75578;P05556	96	uniprot	Adhesion-Adhesion	0	complex_component_support_only	0	0	0	0	0		
HGNC:6135	ITGA10	O75578	ENSG00000143127	8515	membrane_inferred	integrin_a10b1_complex	complex	protein	Q96A83	Q96A83	96	uniprot	Adhesion-Adhesion	0	complex_component_support_only	0	0	0	0	0		
HGNC:6153	ITGB1	P05556	ENSG00000150093	3688	membrane	integrin_a10b1_complex	complex	protein	Q96A83	Q96A83	96	uniprot	Adhesion-Adhesion	0	complex_component_support_only	0	0	0	0	0		
HGNC:18038	COL26A1	Q96A83	ENSG00000160963	136227	secreted_only	Q96A83	protein	complex	integrin_a11b1_complex	P05556;Q9UKX5	97	uniprot	Adhesion-Adhesion	0	complex_component_support_only	0	0	0	0	0		
HGNC:6153	ITGB1	P05556	ENSG00000150093	3688	membrane	integrin_a11b1_complex	complex	protein	Q96A83	Q96A83	97	uniprot	Adhesion-Adhesion	0	complex_component_support_only	0	0	0	0	0		
HGNC:6136	ITGA11	Q9UKX5	ENSG00000137809	22801	membrane_inferred	integrin_a11b1_complex	complex	protein	Q96A83	Q96A83	97	uniprot	Adhesion-Adhesion	0	complex_component_support_only	0	0	0	0	0		
HGNC:18038	COL26A1	Q96A83	ENSG00000160963	136227	secreted_only	Q96A83	protein	complex	integrin_a2b1_complex	P05556;P17301	98	uniprot	Adhesion-Adhesion	0	complex_component_support_only	0	0	0	0	1	4bj3	
HGNC:6153	ITGB1	P05556	ENSG00000150093	3688	membrane	integrin_a2b1_complex	complex	protein	Q96A83	Q96A83	98	uniprot	Adhesion-Adhesion	0	complex_component_support_only	0	0	0	0	0		
HGNC:6137	ITGA2	P17301	ENSG00000164171	3673	membrane_inferred	integrin_a2b1_complex	complex	protein	Q96A83	Q96A83	98	uniprot	Adhesion-Adhesion	0	complex_component_support_only	0	0	0	0	1	4bj3	
HGNC:6153	ITGB1	P05556	ENSG00000150093	3688	membrane	integrin_a1b1_complex	complex	protein	Q8IZC6	Q8IZC6	99	uniprot	Adhesion-Adhesion	0	complex_component_support_only	0	0	0	0	0		
HGNC:6134	ITGA1	P56199	ENSG00000213949	3672	membrane_inferred	integrin_a1b1_complex	complex	protein	Q8IZC6	Q8IZC6	99	uniprot	Adhesion-Adhesion	0	complex_component_support_only	0	0	0	0	0		
HGNC:6135	ITGA10	O75578	ENSG00000143127	8515	membrane_inferred	integrin_a10b1_complex	complex	protein	Q8IZC6	Q8IZC6	100	uniprot	Adhesion-Adhesion	0	complex_component_support_only	0	0	0	0	0		
HGNC:6153	ITGB1	P05556	ENSG00000150093	3688	membrane	integrin_a10b1_complex	complex	protein	Q8IZC6	Q8IZC6	100	uniprot	Adhesion-Adhesion	0	complex_component_support_only	0	0	0	0	0		
HGNC:6153	ITGB1	P05556	ENSG00000150093	3688	membrane	integrin_a11b1_complex	complex	protein	Q8IZC6	Q8IZC6	101	uniprot	Adhesion-Adhesion	0	complex_component_support_only	0	0	0	0	0		
HGNC:6136	ITGA11	Q9UKX5	ENSG00000137809	22801	membrane_inferred	integrin_a11b1_complex	complex	protein	Q8IZC6	Q8IZC6	101	uniprot	Adhesion-Adhesion	0	complex_component_support_only	0	0	0	0	0		
HGNC:6153	ITGB1	P05556	ENSG00000150093	3688	membrane	integrin_a2b1_complex	complex	protein	Q8IZC6	Q8IZC6	102	uniprot	Adhesion-Adhesion	0	complex_component_support_only	0	0	0	0	0		
HGNC:6137	ITGA2	P17301	ENSG00000164171	3673	membrane_inferred	integrin_a2b1_complex	complex	protein	Q8IZC6	Q8IZC6	102	uniprot	Adhesion-Adhesion	0	complex_component_support_only	0	0	0	0	0		
HGNC:6153	ITGB1	P05556	ENSG00000150093	3688	membrane	integrin_a1b1_complex	complex	protein	Q2UY09	Q2UY09	103	uniprot	Adhesion-Adhesion	0	complex_component_support_only	0	0	0	0	0		
HGNC:6134	ITGA1	P56199	ENSG00000213949	3672	membrane_inferred	integrin_a1b1_complex	complex	protein	Q2UY09	Q2UY09	103	uniprot	Adhesion-Adhesion	0	complex_component_support_only	0	0	0	0	0		
HGNC:6135	ITGA10	O75578	ENSG00000143127	8515	membrane_inferred	integrin_a10b1_complex	complex	protein	Q2UY09	Q2UY09	104	uniprot	Adhesion-Adhesion	0	complex_component_support_only	0	0	0	0	0		
HGNC:6153	ITGB1	P05556	ENSG00000150093	3688	membrane	integrin_a10b1_complex	complex	protein	Q2UY09	Q2UY09	104	uniprot	Adhesion-Adhesion	0	complex_component_support_only	0	0	0	0	0		
HGNC:6153	ITGB1	P05556	ENSG00000150093	3688	membrane	integrin_a11b1_complex	complex	protein	Q2UY09	Q2UY09	105	uniprot	Adhesion-Adhesion	0	complex_component_support_only	0	0	0	0	0		
HGNC:6136	ITGA11	Q9UKX5	ENSG00000137809	22801	membrane_inferred	integrin_a11b1_complex	complex	protein	Q2UY09	Q2UY09	105	uniprot	Adhesion-Adhesion	0	complex_component_support_only	0	0	0	0	0		
HGNC:6153	ITGB1	P05556	ENSG00000150093	3688	membrane	integrin_a2b1_complex	complex	protein	Q2UY09	Q2UY09	106	uniprot	Adhesion-Adhesion	0	complex_component_support_only	0	0	0	0	0		
HGNC:6137	ITGA2	P17301	ENSG00000164171	3673	membrane_inferred	integrin_a2b1_complex	complex	protein	Q2UY09	Q2UY09	106	uniprot	Adhesion-Adhesion	0	complex_component_support_only	0	0	0	0	0		
HGNC:6153	ITGB1	P05556	ENSG00000150093	3688	membrane	integrin_a1b1_complex	complex	protein	P02458	P02458	107	uniprot	Adhesion-Adhesion	0	complex_component_support_only	0	0	0	0	0		
HGNC:6134	ITGA1	P56199	ENSG00000213949	3672	membrane_inferred	integrin_a1b1_complex	complex	protein	P02458	P02458	107	uniprot	Adhesion-Adhesion	0	complex_component_support_only	0	0	0	0	0		
HGNC:6135	ITGA10	O75578	ENSG00000143127	8515	membrane_inferred	integrin_a10b1_complex	complex	protein	P02458	P02458	108	uniprot	Adhesion-Adhesion	0	complex_component_support_only	0	0	0	0	0		
HGNC:6153	ITGB1	P05556	ENSG00000150093	3688	membrane	integrin_a10b1_complex	complex	protein	P02458	P02458	108	uniprot	Adhesion-Adhesion	0	complex_component_support_only	0	0	0	0	0		
HGNC:6153	ITGB1	P05556	ENSG00000150093	3688	membrane	integrin_a11b1_complex	complex	protein	P02458	P02458	109	uniprot	Adhesion-Adhesion	0	complex_component_support_only	0	0	0	0	0		
HGNC:6136	ITGA11	Q9UKX5	ENSG00000137809	22801	membrane_inferred	integrin_a11b1_complex	complex	protein	P02458	P02458	109	uniprot	Adhesion-Adhesion	0	complex_component_support_only	0	0	0	0	0		
HGNC:6153	ITGB1	P05556	ENSG00000150093	3688	membrane	integrin_a2b1_complex	complex	protein	P02458	P02458	110	uniprot	Adhesion-Adhesion	0	complex_component_support_only	0	0	0	0	0		
HGNC:6137	ITGA2	P17301	ENSG00000164171	3673	membrane_inferred	integrin_a2b1_complex	complex	protein	P02458	P02458	110	uniprot	Adhesion-Adhesion	0	complex_component_support_only	0	0	0	0	0		
HGNC:4512	ADGRG1	Q9Y653	ENSG00000205336	9289	membrane_and_secreted	Q9Y653	protein	protein	P02461	P02461	111	uniprot;reactome;IUPHAR	Adhesion-Adhesion	1	single_protein_pair	0	0	0	0	0		
HGNC:6153	ITGB1	P05556	ENSG00000150093	3688	membrane	integrin_a1b1_complex	complex	protein	P02461	P02461	112	uniprot	Adhesion-Adhesion	0	complex_component_support_only	0	0	0	0	0		
HGNC:6134	ITGA1	P56199	ENSG00000213949	3672	membrane_inferred	integrin_a1b1_complex	complex	protein	P02461	P02461	112	uniprot	Adhesion-Adhesion	0	complex_component_support_only	0	0	0	0	0		
HGNC:6135	ITGA10	O75578	ENSG00000143127	8515	membrane_inferred	integrin_a10b1_complex	complex	protein	P02461	P02461	113	uniprot	Adhesion-Adhesion	0	complex_component_support_only	0	0	0	0	0		
HGNC:6153	ITGB1	P05556	ENSG00000150093	3688	membrane	integrin_a10b1_complex	complex	protein	P02461	P02461	113	uniprot	Adhesion-Adhesion	0	complex_component_support_only	0	0	0	0	0		
HGNC:6153	ITGB1	P05556	ENSG00000150093	3688	membrane	integrin_a11b1_complex	complex	protein	P02461	P02461	114	uniprot	Adhesion-Adhesion	0	complex_component_support_only	0	0	0	0	0		
HGNC:6136	ITGA11	Q9UKX5	ENSG00000137809	22801	membrane_inferred	integrin_a11b1_complex	complex	protein	P02461	P02461	114	uniprot	Adhesion-Adhesion	0	complex_component_support_only	0	0	0	0	0		
HGNC:6153	ITGB1	P05556	ENSG00000150093	3688	membrane	integrin_a2b1_complex	complex	protein	P02461	P02461	115	uniprot	Adhesion-Adhesion	0	complex_component_support_only	0	0	0	0	0		
HGNC:6137	ITGA2	P17301	ENSG00000164171	3673	membrane_inferred	integrin_a2b1_complex	complex	protein	P02461	P02461	115	uniprot	Adhesion-Adhesion	0	complex_component_support_only	0	0	0	0	0		
HGNC:13841	ADGRG6	Q86SQ4	ENSG00000112414	57211	membrane	Q86SQ4	protein	protein	P02462	P02462	116	uniprot;reactome;IUPHAR	Adhesion-Adhesion	1	single_protein_pair	0	0	0	0	0		
HGNC:6153	ITGB1	P05556	ENSG00000150093	3688	membrane	integrin_a1b1_complex	complex	protein	P02462	P02462	117	uniprot	Adhesion-Adhesion	0	complex_component_support_only	0	0	0	0	0		
HGNC:6134	ITGA1	P56199	ENSG00000213949	3672	membrane_inferred	integrin_a1b1_complex	complex	protein	P02462	P02462	117	uniprot	Adhesion-Adhesion	0	complex_component_support_only	0	0	0	0	0		
HGNC:6135	ITGA10	O75578	ENSG00000143127	8515	membrane_inferred	integrin_a10b1_complex	complex	protein	P02462	P02462	118	uniprot	Adhesion-Adhesion	0	complex_component_support_only	0	0	0	0	0		
HGNC:6153	ITGB1	P05556	ENSG00000150093	3688	membrane	integrin_a10b1_complex	complex	protein	P02462	P02462	118	uniprot	Adhesion-Adhesion	0	complex_component_support_only	0	0	0	0	0		
HGNC:6153	ITGB1	P05556	ENSG00000150093	3688	membrane	integrin_a11b1_complex	complex	protein	P02462	P02462	119	uniprot	Adhesion-Adhesion	0	complex_component_support_only	0	0	0	0	0		
HGNC:6136	ITGA11	Q9UKX5	ENSG00000137809	22801	membrane_inferred	integrin_a11b1_complex	complex	protein	P02462	P02462	119	uniprot	Adhesion-Adhesion	0	complex_component_support_only	0	0	0	0	0		
HGNC:6153	ITGB1	P05556	ENSG00000150093	3688	membrane	integrin_a2b1_complex	complex	protein	P02462	P02462	120	uniprot	Adhesion-Adhesion	0	complex_component_support_only	0	0	0	0	0		
HGNC:6137	ITGA2	P17301	ENSG00000164171	3673	membrane_inferred	integrin_a2b1_complex	complex	protein	P02462	P02462	120	uniprot	Adhesion-Adhesion	0	complex_component_support_only	0	0	0	0	0		
HGNC:13841	ADGRG6	Q86SQ4	ENSG00000112414	57211	membrane	Q86SQ4	protein	protein	P08572	P08572	121	uniprot;reactome;IUPHAR	Adhesion-Adhesion	1	single_protein_pair	0	0	0	0	0		
HGNC:6153	ITGB1	P05556	ENSG00000150093	3688	membrane	integrin_a1b1_complex	complex	protein	P08572	P08572	122	uniprot	Adhesion-Adhesion	0	complex_component_support_only	0	0	0	0	0		
HGNC:6134	ITGA1	P56199	ENSG00000213949	3672	membrane_inferred	integrin_a1b1_complex	complex	protein	P08572	P08572	122	uniprot	Adhesion-Adhesion	0	complex_component_support_only	0	0	0	0	0		
HGNC:6135	ITGA10	O75578	ENSG00000143127	8515	membrane_inferred	integrin_a10b1_complex	complex	protein	P08572	P08572	123	uniprot	Adhesion-Adhesion	0	complex_component_support_only	0	0	0	0	0		
HGNC:6153	ITGB1	P05556	ENSG00000150093	3688	membrane	integrin_a10b1_complex	complex	protein	P08572	P08572	123	uniprot	Adhesion-Adhesion	0	complex_component_support_only	0	0	0	0	0		
HGNC:6153	ITGB1	P05556	ENSG00000150093	3688	membrane	integrin_a11b1_complex	complex	protein	P08572	P08572	124	uniprot	Adhesion-Adhesion	0	complex_component_support_only	0	0	0	0	0		
HGNC:6136	ITGA11	Q9UKX5	ENSG00000137809	22801	membrane_inferred	integrin_a11b1_complex	complex	protein	P08572	P08572	124	uniprot	Adhesion-Adhesion	0	complex_component_support_only	0	0	0	0	0		
HGNC:6153	ITGB1	P05556	ENSG00000150093	3688	membrane	integrin_a2b1_complex	complex	protein	P08572	P08572	125	uniprot	Adhesion-Adhesion	0	complex_component_support_only	0	0	0	0	0		
HGNC:6137	ITGA2	P17301	ENSG00000164171	3673	membrane_inferred	integrin_a2b1_complex	complex	protein	P08572	P08572	125	uniprot	Adhesion-Adhesion	0	complex_component_support_only	0	0	0	0	0		
HGNC:13841	ADGRG6	Q86SQ4	ENSG00000112414	57211	membrane	Q86SQ4	protein	protein	Q01955	Q01955	126	uniprot;reactome;IUPHAR	Adhesion-Adhesion	1	single_protein_pair	0	0	0	0	0		
HGNC:6153	ITGB1	P05556	ENSG00000150093	3688	membrane	integrin_a1b1_complex	complex	protein	Q01955	Q01955	127	uniprot	Adhesion-Adhesion	0	complex_component_support_only	0	0	0	0	0		
HGNC:6134	ITGA1	P56199	ENSG00000213949	3672	membrane_inferred	integrin_a1b1_complex	complex	protein	Q01955	Q01955	127	uniprot	Adhesion-Adhesion	0	complex_component_support_only	0	0	0	0	0		
HGNC:6135	ITGA10	O75578	ENSG00000143127	8515	membrane_inferred	integrin_a10b1_complex	complex	protein	Q01955	Q01955	128	uniprot	Adhesion-Adhesion	0	complex_component_support_only	0	0	0	0	0		
HGNC:6153	ITGB1	P05556	ENSG00000150093	3688	membrane	integrin_a10b1_complex	complex	protein	Q01955	Q01955	128	uniprot	Adhesion-Adhesion	0	complex_component_support_only	0	0	0	0	0		
HGNC:6153	ITGB1	P05556	ENSG00000150093	3688	membrane	integrin_a11b1_complex	complex	protein	Q01955	Q01955	129	uniprot	Adhesion-Adhesion	0	complex_component_support_only	0	0	0	0	0		
HGNC:6136	ITGA11	Q9UKX5	ENSG00000137809	22801	membrane_inferred	integrin_a11b1_complex	complex	protein	Q01955	Q01955	129	uniprot	Adhesion-Adhesion	0	complex_component_support_only	0	0	0	0	0		
HGNC:6153	ITGB1	P05556	ENSG00000150093	3688	membrane	integrin_a2b1_complex	complex	protein	Q01955	Q01955	130	uniprot	Adhesion-Adhesion	0	complex_component_support_only	0	0	0	0	0		
HGNC:6137	ITGA2	P17301	ENSG00000164171	3673	membrane_inferred	integrin_a2b1_complex	complex	protein	Q01955	Q01955	130	uniprot	Adhesion-Adhesion	0	complex_component_support_only	0	0	0	0	0		
HGNC:13841	ADGRG6	Q86SQ4	ENSG00000112414	57211	membrane	Q86SQ4	protein	protein	P53420	P53420	131	uniprot;reactome;IUPHAR	Adhesion-Adhesion	1	single_protein_pair	0	0	0	0	0		
HGNC:6153	ITGB1	P05556	ENSG00000150093	3688	membrane	integrin_a1b1_complex	complex	protein	P53420	P53420	132	uniprot	Adhesion-Adhesion	0	complex_component_support_only	0	0	0	0	0		
HGNC:6134	ITGA1	P56199	ENSG00000213949	3672	membrane_inferred	integrin_a1b1_complex	complex	protein	P53420	P53420	132	uniprot	Adhesion-Adhesion	0	complex_component_support_only	0	0	0	0	0		
HGNC:6135	ITGA10	O75578	ENSG00000143127	8515	membrane_inferred	integrin_a10b1_complex	complex	protein	P53420	P53420	133	uniprot	Adhesion-Adhesion	0	complex_component_support_only	0	0	0	0	0		
HGNC:6153	ITGB1	P05556	ENSG00000150093	3688	membrane	integrin_a10b1_complex	complex	protein	P53420	P53420	133	uniprot	Adhesion-Adhesion	0	complex_component_support_only	0	0	0	0	0		
HGNC:6153	ITGB1	P05556	ENSG00000150093	3688	membrane	integrin_a11b1_complex	complex	protein	P53420	P53420	134	uniprot	Adhesion-Adhesion	0	complex_component_support_only	0	0	0	0	0		
HGNC:6136	ITGA11	Q9UKX5	ENSG00000137809	22801	membrane_inferred	integrin_a11b1_complex	complex	protein	P53420	P53420	134	uniprot	Adhesion-Adhesion	0	complex_component_support_only	0	0	0	0	0		
HGNC:6153	ITGB1	P05556	ENSG00000150093	3688	membrane	integrin_a2b1_complex	complex	protein	P53420	P53420	135	uniprot	Adhesion-Adhesion	0	complex_component_support_only	0	0	0	0	0		
HGNC:6137	ITGA2	P17301	ENSG00000164171	3673	membrane_inferred	integrin_a2b1_complex	complex	protein	P53420	P53420	135	uniprot	Adhesion-Adhesion	0	complex_component_support_only	0	0	0	0	0		
HGNC:13841	ADGRG6	Q86SQ4	ENSG00000112414	57211	membrane	Q86SQ4	protein	protein	P29400	P29400	136	uniprot;reactome;IUPHAR	Adhesion-Adhesion	1	single_protein_pair	0	0	0	0	0		
HGNC:6153	ITGB1	P05556	ENSG00000150093	3688	membrane	integrin_a1b1_complex	complex	protein	P29400	P29400	137	uniprot	Adhesion-Adhesion	0	complex_component_support_only	0	0	0	0	0		
HGNC:6134	ITGA1	P56199	ENSG00000213949	3672	membrane_inferred	integrin_a1b1_complex	complex	protein	P29400	P29400	137	uniprot	Adhesion-Adhesion	0	complex_component_support_only	0	0	0	0	0		
HGNC:6135	ITGA10	O75578	ENSG00000143127	8515	membrane_inferred	integrin_a10b1_complex	complex	protein	P29400	P29400	138	uniprot	Adhesion-Adhesion	0	complex_component_support_only	0	0	0	0	0		
HGNC:6153	ITGB1	P05556	ENSG00000150093	3688	membrane	integrin_a10b1_complex	complex	protein	P29400	P29400	138	uniprot	Adhesion-Adhesion	0	complex_component_support_only	0	0	0	0	0		
HGNC:6153	ITGB1	P05556	ENSG00000150093	3688	membrane	integrin_a11b1_complex	complex	protein	P29400	P29400	139	uniprot	Adhesion-Adhesion	0	complex_component_support_only	0	0	0	0	0		
HGNC:6136	ITGA11	Q9UKX5	ENSG00000137809	22801	membrane_inferred	integrin_a11b1_complex	complex	protein	P29400	P29400	139	uniprot	Adhesion-Adhesion	0	complex_component_support_only	0	0	0	0	0		
HGNC:6153	ITGB1	P05556	ENSG00000150093	3688	membrane	integrin_a2b1_complex	complex	protein	P29400	P29400	140	uniprot	Adhesion-Adhesion	0	complex_component_support_only	0	0	0	0	0		
HGNC:6137	ITGA2	P17301	ENSG00000164171	3673	membrane_inferred	integrin_a2b1_complex	complex	protein	P29400	P29400	140	uniprot	Adhesion-Adhesion	0	complex_component_support_only	0	0	0	0	0		
HGNC:13841	ADGRG6	Q86SQ4	ENSG00000112414	57211	membrane	Q86SQ4	protein	protein	Q14031	Q14031	141	uniprot;reactome;IUPHAR	Adhesion-Adhesion	1	single_protein_pair	0	0	0	0	0		
HGNC:6153	ITGB1	P05556	ENSG00000150093	3688	membrane	integrin_a1b1_complex	complex	protein	Q14031	Q14031	142	uniprot	Adhesion-Adhesion	0	complex_component_support_only	0	0	0	0	0		
HGNC:6134	ITGA1	P56199	ENSG00000213949	3672	membrane_inferred	integrin_a1b1_complex	complex	protein	Q14031	Q14031	142	uniprot	Adhesion-Adhesion	0	complex_component_support_only	0	0	0	0	0		
HGNC:6135	ITGA10	O75578	ENSG00000143127	8515	membrane_inferred	integrin_a10b1_complex	complex	protein	Q14031	Q14031	143	uniprot	Adhesion-Adhesion	0	complex_component_support_only	0	0	0	0	0		
HGNC:6153	ITGB1	P05556	ENSG00000150093	3688	membrane	integrin_a10b1_complex	complex	protein	Q14031	Q14031	143	uniprot	Adhesion-Adhesion	0	complex_component_support_only	0	0	0	0	0		
HGNC:6153	ITGB1	P05556	ENSG00000150093	3688	membrane	integrin_a11b1_complex	complex	protein	Q14031	Q14031	144	uniprot	Adhesion-Adhesion	0	complex_component_support_only	0	0	0	0	0		
HGNC:6136	ITGA11	Q9UKX5	ENSG00000137809	22801	membrane_inferred	integrin_a11b1_complex	complex	protein	Q14031	Q14031	144	uniprot	Adhesion-Adhesion	0	complex_component_support_only	0	0	0	0	0		
HGNC:6153	ITGB1	P05556	ENSG00000150093	3688	membrane	integrin_a2b1_complex	complex	protein	Q14031	Q14031	145	uniprot	Adhesion-Adhesion	0	complex_component_support_only	0	0	0	0	0		
HGNC:6137	ITGA2	P17301	ENSG00000164171	3673	membrane_inferred	integrin_a2b1_complex	complex	protein	Q14031	Q14031	145	uniprot	Adhesion-Adhesion	0	complex_component_support_only	0	0	0	0	0		
HGNC:6153	ITGB1	P05556	ENSG00000150093	3688	membrane	integrin_a1b1_complex	complex	protein	P20908	P20908	146	uniprot	Adhesion-Adhesion	0	complex_component_support_only	0	0	0	0	0		
HGNC:6134	ITGA1	P56199	ENSG00000213949	3672	membrane_inferred	integrin_a1b1_complex	complex	protein	P20908	P20908	146	uniprot	Adhesion-Adhesion	0	complex_component_support_only	0	0	0	0	0		
HGNC:6135	ITGA10	O75578	ENSG00000143127	8515	membrane_inferred	integrin_a10b1_complex	complex	protein	P20908	P20908	147	uniprot	Adhesion-Adhesion	0	complex_component_support_only	0	0	0	0	0		
HGNC:6153	ITGB1	P05556	ENSG00000150093	3688	membrane	integrin_a10b1_complex	complex	protein	P20908	P20908	147	uniprot	Adhesion-Adhesion	0	complex_component_support_only	0	0	0	0	0		
HGNC:6153	ITGB1	P05556	ENSG00000150093	3688	membrane	integrin_a11b1_complex	complex	protein	P20908	P20908	148	uniprot	Adhesion-Adhesion	0	complex_component_support_only	0	0	0	0	0		
HGNC:6136	ITGA11	Q9UKX5	ENSG00000137809	22801	membrane_inferred	integrin_a11b1_complex	complex	protein	P20908	P20908	148	uniprot	Adhesion-Adhesion	0	complex_component_support_only	0	0	0	0	0		
HGNC:6153	ITGB1	P05556	ENSG00000150093	3688	membrane	integrin_a2b1_complex	complex	protein	P20908	P20908	149	uniprot	Adhesion-Adhesion	0	complex_component_support_only	0	0	0	0	0		
HGNC:6137	ITGA2	P17301	ENSG00000164171	3673	membrane_inferred	integrin_a2b1_complex	complex	protein	P20908	P20908	149	uniprot	Adhesion-Adhesion	0	complex_component_support_only	0	0	0	0	0		
HGNC:6153	ITGB1	P05556	ENSG00000150093	3688	membrane	integrin_a1b1_complex	complex	protein	P05997	P05997	150	uniprot	Adhesion-Adhesion	0	complex_component_support_only	0	0	0	0	0		
HGNC:6134	ITGA1	P56199	ENSG00000213949	3672	membrane_inferred	integrin_a1b1_complex	complex	protein	P05997	P05997	150	uniprot	Adhesion-Adhesion	0	complex_component_support_only	0	0	0	0	0		
HGNC:6135	ITGA10	O75578	ENSG00000143127	8515	membrane_inferred	integrin_a10b1_complex	complex	protein	P05997	P05997	151	uniprot	Adhesion-Adhesion	0	complex_component_support_only	0	0	0	0	0		
HGNC:6153	ITGB1	P05556	ENSG00000150093	3688	membrane	integrin_a10b1_complex	complex	protein	P05997	P05997	151	uniprot	Adhesion-Adhesion	0	complex_component_support_only	0	0	0	0	0		
HGNC:6153	ITGB1	P05556	ENSG00000150093	3688	membrane	integrin_a11b1_complex	complex	protein	P05997	P05997	152	uniprot	Adhesion-Adhesion	0	complex_component_support_only	0	0	0	0	0		
HGNC:6136	ITGA11	Q9UKX5	ENSG00000137809	22801	membrane_inferred	integrin_a11b1_complex	complex	protein	P05997	P05997	152	uniprot	Adhesion-Adhesion	0	complex_component_support_only	0	0	0	0	0		
HGNC:6153	ITGB1	P05556	ENSG00000150093	3688	membrane	integrin_a2b1_complex	complex	protein	P05997	P05997	153	uniprot	Adhesion-Adhesion	0	complex_component_support_only	0	0	0	0	0		
HGNC:6137	ITGA2	P17301	ENSG00000164171	3673	membrane_inferred	integrin_a2b1_complex	complex	protein	P05997	P05997	153	uniprot	Adhesion-Adhesion	0	complex_component_support_only	0	0	0	0	0		
HGNC:14864	COL5A3	P25940	ENSG00000080573	50509	secreted_only	P25940	protein	complex	integrin_a1b1_complex	P05556;P56199	154	uniprot	Adhesion-Adhesion	0	complex_component_support_only	0	0	0	0	0		
HGNC:6153	ITGB1	P05556	ENSG00000150093	3688	membrane	integrin_a1b1_complex	complex	protein	P25940	P25940	154	uniprot	Adhesion-Adhesion	0	complex_component_support_only	0	0	0	0	0		
HGNC:6134	ITGA1	P56199	ENSG00000213949	3672	membrane_inferred	integrin_a1b1_complex	complex	protein	P25940	P25940	154	uniprot	Adhesion-Adhesion	0	complex_component_support_only	0	0	0	0	0		
HGNC:14864	COL5A3	P25940	ENSG00000080573	50509	secreted_only	P25940	protein	complex	integrin_a10b1_complex	O75578;P05556	155	uniprot	Adhesion-Adhesion	0	complex_component_support_only	0	0	0	0	0		
HGNC:6135	ITGA10	O75578	ENSG00000143127	8515	membrane_inferred	integrin_a10b1_complex	complex	protein	P25940	P25940	155	uniprot	Adhesion-Adhesion	0	complex_component_support_only	0	0	0	0	0		
HGNC:6153	ITGB1	P05556	ENSG00000150093	3688	membrane	integrin_a10b1_complex	complex	protein	P25940	P25940	155	uniprot	Adhesion-Adhesion	0	complex_component_support_only	0	0	0	0	0		
HGNC:14864	COL5A3	P25940	ENSG00000080573	50509	secreted_only	P25940	protein	complex	integrin_a11b1_complex	P05556;Q9UKX5	156	uniprot	Adhesion-Adhesion	0	complex_component_support_only	0	0	0	0	0		
HGNC:6153	ITGB1	P05556	ENSG00000150093	3688	membrane	integrin_a11b1_complex	complex	protein	P25940	P25940	156	uniprot	Adhesion-Adhesion	0	complex_component_support_only	0	0	0	0	0		
HGNC:6136	ITGA11	Q9UKX5	ENSG00000137809	22801	membrane_inferred	integrin_a11b1_complex	complex	protein	P25940	P25940	156	uniprot	Adhesion-Adhesion	0	complex_component_support_only	0	0	0	0	0		
HGNC:14864	COL5A3	P25940	ENSG00000080573	50509	secreted_only	P25940	protein	complex	integrin_a2b1_complex	P05556;P17301	157	uniprot	Adhesion-Adhesion	0	complex_component_support_only	0	0	0	0	0		
HGNC:6153	ITGB1	P05556	ENSG00000150093	3688	membrane	integrin_a2b1_complex	complex	protein	P25940	P25940	157	uniprot	Adhesion-Adhesion	0	complex_component_support_only	0	0	0	0	0		
HGNC:6137	ITGA2	P17301	ENSG00000164171	3673	membrane_inferred	integrin_a2b1_complex	complex	protein	P25940	P25940	157	uniprot	Adhesion-Adhesion	0	complex_component_support_only	0	0	0	0	0		
HGNC:6153	ITGB1	P05556	ENSG00000150093	3688	membrane	integrin_a1b1_complex	complex	protein	P12109	P12109	158	uniprot	Adhesion-Adhesion	0	complex_component_support_only	0	0	0	0	0		
HGNC:6134	ITGA1	P56199	ENSG00000213949	3672	membrane_inferred	integrin_a1b1_complex	complex	protein	P12109	P12109	158	uniprot	Adhesion-Adhesion	0	complex_component_support_only	0	0	0	0	0		
HGNC:6135	ITGA10	O75578	ENSG00000143127	8515	membrane_inferred	integrin_a10b1_complex	complex	protein	P12109	P12109	159	uniprot	Adhesion-Adhesion	0	complex_component_support_only	0	0	0	0	0		
HGNC:6153	ITGB1	P05556	ENSG00000150093	3688	membrane	integrin_a10b1_complex	complex	protein	P12109	P12109	159	uniprot	Adhesion-Adhesion	0	complex_component_support_only	0	0	0	0	0		
HGNC:6153	ITGB1	P05556	ENSG00000150093	3688	membrane	integrin_a11b1_complex	complex	protein	P12109	P12109	160	uniprot	Adhesion-Adhesion	0	complex_component_support_only	0	0	0	0	0		
HGNC:6136	ITGA11	Q9UKX5	ENSG00000137809	22801	membrane_inferred	integrin_a11b1_complex	complex	protein	P12109	P12109	160	uniprot	Adhesion-Adhesion	0	complex_component_support_only	0	0	0	0	0		
HGNC:6153	ITGB1	P05556	ENSG00000150093	3688	membrane	integrin_a2b1_complex	complex	protein	P12109	P12109	161	uniprot	Adhesion-Adhesion	0	complex_component_support_only	0	0	0	0	0		
HGNC:6137	ITGA2	P17301	ENSG00000164171	3673	membrane_inferred	integrin_a2b1_complex	complex	protein	P12109	P12109	161	uniprot	Adhesion-Adhesion	0	complex_component_support_only	0	0	0	0	0		
HGNC:2212	COL6A2	P12110	ENSG00000142173	1292	secreted_only	P12110	protein	complex	integrin_a1b1_complex	P05556;P56199	162	uniprot	Adhesion-Adhesion	0	complex_component_support_only	0	0	0	0	0		
HGNC:6153	ITGB1	P05556	ENSG00000150093	3688	membrane	integrin_a1b1_complex	complex	protein	P12110	P12110	162	uniprot	Adhesion-Adhesion	0	complex_component_support_only	0	0	0	0	0		
HGNC:6134	ITGA1	P56199	ENSG00000213949	3672	membrane_inferred	integrin_a1b1_complex	complex	protein	P12110	P12110	162	uniprot	Adhesion-Adhesion	0	complex_component_support_only	0	0	0	0	0		
HGNC:2212	COL6A2	P12110	ENSG00000142173	1292	secreted_only	P12110	protein	complex	integrin_a10b1_complex	O75578;P05556	163	uniprot	Adhesion-Adhesion	0	complex_component_support_only	0	0	0	0	0		
HGNC:6135	ITGA10	O75578	ENSG00000143127	8515	membrane_inferred	integrin_a10b1_complex	complex	protein	P12110	P12110	163	uniprot	Adhesion-Adhesion	0	complex_component_support_only	0	0	0	0	0		
HGNC:6153	ITGB1	P05556	ENSG00000150093	3688	membrane	integrin_a10b1_complex	complex	protein	P12110	P12110	163	uniprot	Adhesion-Adhesion	0	complex_component_support_only	0	0	0	0	0		
HGNC:2212	COL6A2	P12110	ENSG00000142173	1292	secreted_only	P12110	protein	complex	integrin_a11b1_complex	P05556;Q9UKX5	164	uniprot	Adhesion-Adhesion	0	complex_component_support_only	0	0	0	0	0		
HGNC:6153	ITGB1	P05556	ENSG00000150093	3688	membrane	integrin_a11b1_complex	complex	protein	P12110	P12110	164	uniprot	Adhesion-Adhesion	0	complex_component_support_only	0	0	0	0	0		
HGNC:6136	ITGA11	Q9UKX5	ENSG00000137809	22801	membrane_inferred	integrin_a11b1_complex	complex	protein	P12110	P12110	164	uniprot	Adhesion-Adhesion	0	complex_component_support_only	0	0	0	0	0		
HGNC:2212	COL6A2	P12110	ENSG00000142173	1292	secreted_only	P12110	protein	complex	integrin_a2b1_complex	P05556;P17301	165	uniprot	Adhesion-Adhesion	0	complex_component_support_only	0	0	0	0	0		
HGNC:6153	ITGB1	P05556	ENSG00000150093	3688	membrane	integrin_a2b1_complex	complex	protein	P12110	P12110	165	uniprot	Adhesion-Adhesion	0	complex_component_support_only	0	0	0	0	0		
HGNC:6137	ITGA2	P17301	ENSG00000164171	3673	membrane_inferred	integrin_a2b1_complex	complex	protein	P12110	P12110	165	uniprot	Adhesion-Adhesion	0	complex_component_support_only	0	0	0	0	0		
HGNC:2213	COL6A3	P12111	ENSG00000163359	1293	secreted_only	P12111	protein	complex	integrin_a1b1_complex	P05556;P56199	166	uniprot	Adhesion-Adhesion	0	complex_component_support_only	0	0	0	0	0		
HGNC:6153	ITGB1	P05556	ENSG00000150093	3688	membrane	integrin_a1b1_complex	complex	protein	P12111	P12111	166	uniprot	Adhesion-Adhesion	0	complex_component_support_only	0	0	0	0	0		
HGNC:6134	ITGA1	P56199	ENSG00000213949	3672	membrane_inferred	integrin_a1b1_complex	complex	protein	P12111	P12111	166	uniprot	Adhesion-Adhesion	0	complex_component_support_only	0	0	0	0	0		
HGNC:2213	COL6A3	P12111	ENSG00000163359	1293	secreted_only	P12111	protein	complex	integrin_a10b1_complex	O75578;P05556	167	uniprot	Adhesion-Adhesion	0	complex_component_support_only	0	0	0	0	0		
HGNC:6135	ITGA10	O75578	ENSG00000143127	8515	membrane_inferred	integrin_a10b1_complex	complex	protein	P12111	P12111	167	uniprot	Adhesion-Adhesion	0	complex_component_support_only	0	0	0	0	0		
HGNC:6153	ITGB1	P05556	ENSG00000150093	3688	membrane	integrin_a10b1_complex	complex	protein	P12111	P12111	167	uniprot	Adhesion-Adhesion	0	complex_component_support_only	0	0	0	0	0		
HGNC:2213	COL6A3	P12111	ENSG00000163359	1293	secreted_only	P12111	protein	complex	integrin_a11b1_complex	P05556;Q9UKX5	168	uniprot	Adhesion-Adhesion	0	complex_component_support_only	0	0	0	0	0		
HGNC:6153	ITGB1	P05556	ENSG00000150093	3688	membrane	integrin_a11b1_complex	complex	protein	P12111	P12111	168	uniprot	Adhesion-Adhesion	0	complex_component_support_only	0	0	0	0	0		
HGNC:6136	ITGA11	Q9UKX5	ENSG00000137809	22801	membrane_inferred	integrin_a11b1_complex	complex	protein	P12111	P12111	168	uniprot	Adhesion-Adhesion	0	complex_component_support_only	0	0	0	0	0		
HGNC:2213	COL6A3	P12111	ENSG00000163359	1293	secreted_only	P12111	protein	complex	integrin_a2b1_complex	P05556;P17301	169	uniprot	Adhesion-Adhesion	0	complex_component_support_only	0	0	0	0	0		
HGNC:6153	ITGB1	P05556	ENSG00000150093	3688	membrane	integrin_a2b1_complex	complex	protein	P12111	P12111	169	uniprot	Adhesion-Adhesion	0	complex_component_support_only	0	0	0	0	0		
HGNC:6137	ITGA2	P17301	ENSG00000164171	3673	membrane_inferred	integrin_a2b1_complex	complex	protein	P12111	P12111	169	uniprot	Adhesion-Adhesion	0	complex_component_support_only	0	0	0	0	0		
HGNC:26674	COL6A5	A8TX70	ENSG00000172752	256076	secreted_only	A8TX70	protein	complex	integrin_a1b1_complex	P05556;P56199	170	uniprot	Adhesion-Adhesion	0	complex_component_support_only	0	0	0	0	0		
HGNC:6153	ITGB1	P05556	ENSG00000150093	3688	membrane	integrin_a1b1_complex	complex	protein	A8TX70	A8TX70	170	uniprot	Adhesion-Adhesion	0	complex_component_support_only	0	0	0	0	0		
HGNC:6134	ITGA1	P56199	ENSG00000213949	3672	membrane_inferred	integrin_a1b1_complex	complex	protein	A8TX70	A8TX70	170	uniprot	Adhesion-Adhesion	0	complex_component_support_only	0	0	0	0	0		
HGNC:26674	COL6A5	A8TX70	ENSG00000172752	256076	secreted_only	A8TX70	protein	complex	integrin_a10b1_complex	O75578;P05556	171	uniprot	Adhesion-Adhesion	0	complex_component_support_only	0	0	0	0	0		
HGNC:6135	ITGA10	O75578	ENSG00000143127	8515	membrane_inferred	integrin_a10b1_complex	complex	protein	A8TX70	A8TX70	171	uniprot	Adhesion-Adhesion	0	complex_component_support_only	0	0	0	0	0		
HGNC:6153	ITGB1	P05556	ENSG00000150093	3688	membrane	integrin_a10b1_complex	complex	protein	A8TX70	A8TX70	171	uniprot	Adhesion-Adhesion	0	complex_component_support_only	0	0	0	0	0		
HGNC:26674	COL6A5	A8TX70	ENSG00000172752	256076	secreted_only	A8TX70	protein	complex	integrin_a11b1_complex	P05556;Q9UKX5	172	uniprot	Adhesion-Adhesion	0	complex_component_support_only	0	0	0	0	0		
HGNC:6153	ITGB1	P05556	ENSG00000150093	3688	membrane	integrin_a11b1_complex	complex	protein	A8TX70	A8TX70	172	uniprot	Adhesion-Adhesion	0	complex_component_support_only	0	0	0	0	0		
HGNC:6136	ITGA11	Q9UKX5	ENSG00000137809	22801	membrane_inferred	integrin_a11b1_complex	complex	protein	A8TX70	A8TX70	172	uniprot	Adhesion-Adhesion	0	complex_component_support_only	0	0	0	0	0		
HGNC:26674	COL6A5	A8TX70	ENSG00000172752	256076	secreted_only	A8TX70	protein	complex	integrin_a2b1_complex	P05556;P17301	173	uniprot	Adhesion-Adhesion	0	complex_component_support_only	0	0	0	0	0		
HGNC:6153	ITGB1	P05556	ENSG00000150093	3688	membrane	integrin_a2b1_complex	complex	protein	A8TX70	A8TX70	173	uniprot	Adhesion-Adhesion	0	complex_component_support_only	0	0	0	0	0		
HGNC:6137	ITGA2	P17301	ENSG00000164171	3673	membrane_inferred	integrin_a2b1_complex	complex	protein	A8TX70	A8TX70	173	uniprot	Adhesion-Adhesion	0	complex_component_support_only	0	0	0	0	0		
HGNC:6153	ITGB1	P05556	ENSG00000150093	3688	membrane	integrin_a1b1_complex	complex	protein	A6NMZ7	A6NMZ7	174	uniprot	Adhesion-Adhesion	0	complex_component_support_only	0	0	0	0	0		
HGNC:6134	ITGA1	P56199	ENSG00000213949	3672	membrane_inferred	integrin_a1b1_complex	complex	protein	A6NMZ7	A6NMZ7	174	uniprot	Adhesion-Adhesion	0	complex_component_support_only	0	0	0	0	0		
HGNC:6135	ITGA10	O75578	ENSG00000143127	8515	membrane_inferred	integrin_a10b1_complex	complex	protein	A6NMZ7	A6NMZ7	175	uniprot	Adhesion-Adhesion	0	complex_component_support_only	0	0	0	0	0		
HGNC:6153	ITGB1	P05556	ENSG00000150093	3688	membrane	integrin_a10b1_complex	complex	protein	A6NMZ7	A6NMZ7	175	uniprot	Adhesion-Adhesion	0	complex_component_support_only	0	0	0	0	0		
HGNC:6153	ITGB1	P05556	ENSG00000150093	3688	membrane	integrin_a11b1_complex	complex	protein	A6NMZ7	A6NMZ7	176	uniprot	Adhesion-Adhesion	0	complex_component_support_only	0	0	0	0	0		
HGNC:6136	ITGA11	Q9UKX5	ENSG00000137809	22801	membrane_inferred	integrin_a11b1_complex	complex	protein	A6NMZ7	A6NMZ7	176	uniprot	Adhesion-Adhesion	0	complex_component_support_only	0	0	0	0	0		
HGNC:6153	ITGB1	P05556	ENSG00000150093	3688	membrane	integrin_a2b1_complex	complex	protein	A6NMZ7	A6NMZ7	177	uniprot	Adhesion-Adhesion	0	complex_component_support_only	0	0	0	0	0		
HGNC:6137	ITGA2	P17301	ENSG00000164171	3673	membrane_inferred	integrin_a2b1_complex	complex	protein	A6NMZ7	A6NMZ7	177	uniprot	Adhesion-Adhesion	0	complex_component_support_only	0	0	0	0	0		
HGNC:2214	COL7A1	Q02388	ENSG00000114270	1294	secreted_only	Q02388	protein	complex	integrin_a1b1_complex	P05556;P56199	178	uniprot	Adhesion-Adhesion	0	complex_component_support_only	0	0	0	0	0		
HGNC:6153	ITGB1	P05556	ENSG00000150093	3688	membrane	integrin_a1b1_complex	complex	protein	Q02388	Q02388	178	uniprot	Adhesion-Adhesion	0	complex_component_support_only	0	0	0	0	0		
HGNC:6134	ITGA1	P56199	ENSG00000213949	3672	membrane_inferred	integrin_a1b1_complex	complex	protein	Q02388	Q02388	178	uniprot	Adhesion-Adhesion	0	complex_component_support_only	0	0	0	0	0		
HGNC:2214	COL7A1	Q02388	ENSG00000114270	1294	secreted_only	Q02388	protein	complex	integrin_a10b1_complex	O75578;P05556	179	uniprot	Adhesion-Adhesion	0	complex_component_support_only	0	0	0	0	0		
HGNC:6135	ITGA10	O75578	ENSG00000143127	8515	membrane_inferred	integrin_a10b1_complex	complex	protein	Q02388	Q02388	179	uniprot	Adhesion-Adhesion	0	complex_component_support_only	0	0	0	0	0		
HGNC:6153	ITGB1	P05556	ENSG00000150093	3688	membrane	integrin_a10b1_complex	complex	protein	Q02388	Q02388	179	uniprot	Adhesion-Adhesion	0	complex_component_support_only	0	0	0	0	0		
HGNC:2214	COL7A1	Q02388	ENSG00000114270	1294	secreted_only	Q02388	protein	complex	integrin_a11b1_complex	P05556;Q9UKX5	180	uniprot	Adhesion-Adhesion	0	complex_component_support_only	0	0	0	0	0		
HGNC:6153	ITGB1	P05556	ENSG00000150093	3688	membrane	integrin_a11b1_complex	complex	protein	Q02388	Q02388	180	uniprot	Adhesion-Adhesion	0	complex_component_support_only	0	0	0	0	0		
HGNC:6136	ITGA11	Q9UKX5	ENSG00000137809	22801	membrane_inferred	integrin_a11b1_complex	complex	protein	Q02388	Q02388	180	uniprot	Adhesion-Adhesion	0	complex_component_support_only	0	0	0	0	0		
HGNC:2214	COL7A1	Q02388	ENSG00000114270	1294	secreted_only	Q02388	protein	complex	integrin_a2b1_complex	P05556;P17301	181	uniprot	Adhesion-Adhesion	0	complex_component_support_only	0	0	0	0	0		
HGNC:6153	ITGB1	P05556	ENSG00000150093	3688	membrane	integrin_a2b1_complex	complex	protein	Q02388	Q02388	181	uniprot	Adhesion-Adhesion	0	complex_component_support_only	0	0	0	0	0		
HGNC:6137	ITGA2	P17301	ENSG00000164171	3673	membrane_inferred	integrin_a2b1_complex	complex	protein	Q02388	Q02388	181	uniprot	Adhesion-Adhesion	0	complex_component_support_only	0	0	0	0	0		
HGNC:6153	ITGB1	P05556	ENSG00000150093	3688	membrane	integrin_a1b1_complex	complex	protein	P27658	P27658	182	uniprot	Adhesion-Adhesion	0	complex_component_support_only	0	0	0	0	0		
HGNC:6134	ITGA1	P56199	ENSG00000213949	3672	membrane_inferred	integrin_a1b1_complex	complex	protein	P27658	P27658	182	uniprot	Adhesion-Adhesion	0	complex_component_support_only	0	0	0	0	0		
HGNC:6135	ITGA10	O75578	ENSG00000143127	8515	membrane_inferred	integrin_a10b1_complex	complex	protein	P27658	P27658	183	uniprot	Adhesion-Adhesion	0	complex_component_support_only	0	0	0	0	0		
HGNC:6153	ITGB1	P05556	ENSG00000150093	3688	membrane	integrin_a10b1_complex	complex	protein	P27658	P27658	183	uniprot	Adhesion-Adhesion	0	complex_component_support_only	0	0	0	0	0		
HGNC:6153	ITGB1	P05556	ENSG00000150093	3688	membrane	integrin_a11b1_complex	complex	protein	P27658	P27658	184	uniprot	Adhesion-Adhesion	0	complex_component_support_only	0	0	0	0	0		
HGNC:6136	ITGA11	Q9UKX5	ENSG00000137809	22801	membrane_inferred	integrin_a11b1_complex	complex	protein	P27658	P27658	184	uniprot	Adhesion-Adhesion	0	complex_component_support_only	0	0	0	0	0		
HGNC:6153	ITGB1	P05556	ENSG00000150093	3688	membrane	integrin_a2b1_complex	complex	protein	P27658	P27658	185	uniprot	Adhesion-Adhesion	0	complex_component_support_only	0	0	0	0	0		
HGNC:6137	ITGA2	P17301	ENSG00000164171	3673	membrane_inferred	integrin_a2b1_complex	complex	protein	P27658	P27658	185	uniprot	Adhesion-Adhesion	0	complex_component_support_only	0	0	0	0	0		
HGNC:6153	ITGB1	P05556	ENSG00000150093	3688	membrane	integrin_a1b1_complex	complex	protein	P25067	P25067	186	uniprot	Adhesion-Adhesion	0	complex_component_support_only	0	0	0	0	0		
HGNC:6134	ITGA1	P56199	ENSG00000213949	3672	membrane_inferred	integrin_a1b1_complex	complex	protein	P25067	P25067	186	uniprot	Adhesion-Adhesion	0	complex_component_support_only	0	0	0	0	0		
HGNC:6135	ITGA10	O75578	ENSG00000143127	8515	membrane_inferred	integrin_a10b1_complex	complex	protein	P25067	P25067	187	uniprot	Adhesion-Adhesion	0	complex_component_support_only	0	0	0	0	0		
HGNC:6153	ITGB1	P05556	ENSG00000150093	3688	membrane	integrin_a10b1_complex	complex	protein	P25067	P25067	187	uniprot	Adhesion-Adhesion	0	complex_component_support_only	0	0	0	0	0		
HGNC:6153	ITGB1	P05556	ENSG00000150093	3688	membrane	integrin_a11b1_complex	complex	protein	P25067	P25067	188	uniprot	Adhesion-Adhesion	0	complex_component_support_only	0	0	0	0	0		
HGNC:6136	ITGA11	Q9UKX5	ENSG00000137809	22801	membrane_inferred	integrin_a11b1_complex	complex	protein	P25067	P25067	188	uniprot	Adhesion-Adhesion	0	complex_component_support_only	0	0	0	0	0		
HGNC:6153	ITGB1	P05556	ENSG00000150093	3688	membrane	integrin_a2b1_complex	complex	protein	P25067	P25067	189	uniprot	Adhesion-Adhesion	0	complex_component_support_only	0	0	0	0	0		
HGNC:6137	ITGA2	P17301	ENSG00000164171	3673	membrane_inferred	integrin_a2b1_complex	complex	protein	P25067	P25067	189	uniprot	Adhesion-Adhesion	0	complex_component_support_only	0	0	0	0	0		
HGNC:6153	ITGB1	P05556	ENSG00000150093	3688	membrane	integrin_a1b1_complex	complex	protein	P20849	P20849	190	uniprot	Adhesion-Adhesion	0	complex_component_support_only	0	0	0	0	0		
HGNC:6134	ITGA1	P56199	ENSG00000213949	3672	membrane_inferred	integrin_a1b1_complex	complex	protein	P20849	P20849	190	uniprot	Adhesion-Adhesion	0	complex_component_support_only	0	0	0	0	0		
HGNC:6135	ITGA10	O75578	ENSG00000143127	8515	membrane_inferred	integrin_a10b1_complex	complex	protein	P20849	P20849	191	uniprot	Adhesion-Adhesion	0	complex_component_support_only	0	0	0	0	0		
HGNC:6153	ITGB1	P05556	ENSG00000150093	3688	membrane	integrin_a10b1_complex	complex	protein	P20849	P20849	191	uniprot	Adhesion-Adhesion	0	complex_component_support_only	0	0	0	0	0		
HGNC:6153	ITGB1	P05556	ENSG00000150093	3688	membrane	integrin_a11b1_complex	complex	protein	P20849	P20849	192	uniprot	Adhesion-Adhesion	0	complex_component_support_only	0	0	0	0	0		
HGNC:6136	ITGA11	Q9UKX5	ENSG00000137809	22801	membrane_inferred	integrin_a11b1_complex	complex	protein	P20849	P20849	192	uniprot	Adhesion-Adhesion	0	complex_component_support_only	0	0	0	0	0		
HGNC:6153	ITGB1	P05556	ENSG00000150093	3688	membrane	integrin_a2b1_complex	complex	protein	P20849	P20849	193	uniprot	Adhesion-Adhesion	0	complex_component_support_only	0	0	0	0	0		
HGNC:6137	ITGA2	P17301	ENSG00000164171	3673	membrane_inferred	integrin_a2b1_complex	complex	protein	P20849	P20849	193	uniprot	Adhesion-Adhesion	0	complex_component_support_only	0	0	0	0	0		
HGNC:6153	ITGB1	P05556	ENSG00000150093	3688	membrane	integrin_a1b1_complex	complex	protein	Q14055	Q14055	194	uniprot	Adhesion-Adhesion	0	complex_component_support_only	0	0	0	0	0		
HGNC:6134	ITGA1	P56199	ENSG00000213949	3672	membrane_inferred	integrin_a1b1_complex	complex	protein	Q14055	Q14055	194	uniprot	Adhesion-Adhesion	0	complex_component_support_only	0	0	0	0	0		
HGNC:6135	ITGA10	O75578	ENSG00000143127	8515	membrane_inferred	integrin_a10b1_complex	complex	protein	Q14055	Q14055	195	uniprot	Adhesion-Adhesion	0	complex_component_support_only	0	0	0	0	0		
HGNC:6153	ITGB1	P05556	ENSG00000150093	3688	membrane	integrin_a10b1_complex	complex	protein	Q14055	Q14055	195	uniprot	Adhesion-Adhesion	0	complex_component_support_only	0	0	0	0	0		
HGNC:6153	ITGB1	P05556	ENSG00000150093	3688	membrane	integrin_a11b1_complex	complex	protein	Q14055	Q14055	196	uniprot	Adhesion-Adhesion	0	complex_component_support_only	0	0	0	0	0		
HGNC:6136	ITGA11	Q9UKX5	ENSG00000137809	22801	membrane_inferred	integrin_a11b1_complex	complex	protein	Q14055	Q14055	196	uniprot	Adhesion-Adhesion	0	complex_component_support_only	0	0	0	0	0		
HGNC:6153	ITGB1	P05556	ENSG00000150093	3688	membrane	integrin_a2b1_complex	complex	protein	Q14055	Q14055	197	uniprot	Adhesion-Adhesion	0	complex_component_support_only	0	0	0	0	0		
HGNC:6137	ITGA2	P17301	ENSG00000164171	3673	membrane_inferred	integrin_a2b1_complex	complex	protein	Q14055	Q14055	197	uniprot	Adhesion-Adhesion	0	complex_component_support_only	0	0	0	0	0		
HGNC:6153	ITGB1	P05556	ENSG00000150093	3688	membrane	integrin_a1b1_complex	complex	protein	Q14050	Q14050	198	uniprot	Adhesion-Adhesion	0	complex_component_support_only	0	0	0	0	0		
HGNC:6134	ITGA1	P56199	ENSG00000213949	3672	membrane_inferred	integrin_a1b1_complex	complex	protein	Q14050	Q14050	198	uniprot	Adhesion-Adhesion	0	complex_component_support_only	0	0	0	0	0		
HGNC:6135	ITGA10	O75578	ENSG00000143127	8515	membrane_inferred	integrin_a10b1_complex	complex	protein	Q14050	Q14050	199	uniprot	Adhesion-Adhesion	0	complex_component_support_only	0	0	0	0	0		
HGNC:6153	ITGB1	P05556	ENSG00000150093	3688	membrane	integrin_a10b1_complex	complex	protein	Q14050	Q14050	199	uniprot	Adhesion-Adhesion	0	complex_component_support_only	0	0	0	0	0		
HGNC:6153	ITGB1	P05556	ENSG00000150093	3688	membrane	integrin_a11b1_complex	complex	protein	Q14050	Q14050	200	uniprot	Adhesion-Adhesion	0	complex_component_support_only	0	0	0	0	0		
HGNC:6136	ITGA11	Q9UKX5	ENSG00000137809	22801	membrane_inferred	integrin_a11b1_complex	complex	protein	Q14050	Q14050	200	uniprot	Adhesion-Adhesion	0	complex_component_support_only	0	0	0	0	0		
HGNC:6153	ITGB1	P05556	ENSG00000150093	3688	membrane	integrin_a2b1_complex	complex	protein	Q14050	Q14050	201	uniprot	Adhesion-Adhesion	0	complex_component_support_only	0	0	0	0	0		
HGNC:6137	ITGA2	P17301	ENSG00000164171	3673	membrane_inferred	integrin_a2b1_complex	complex	protein	Q14050	Q14050	201	uniprot	Adhesion-Adhesion	0	complex_component_support_only	0	0	0	0	0		
HGNC:3035	DSC1	Q08554	ENSG00000134765	1823	membrane	Q08554	protein	protein	Q14126	Q14126	202	PMID:27298358	Adhesion-Adhesion	1	single_protein_pair	0	0	1	1	0		pubmed:35922511|imex:IM-30342
HGNC:3049	DSG2	Q14126	ENSG00000046604	1829	membrane_and_secreted	Q14126	protein	protein	Q08554	Q08554	202	PMID:27298358	Adhesion-Adhesion	1	single_protein_pair	0	0	0	0	0		
HGNC:3036	DSC2	Q02487	ENSG00000134755	1824	membrane	Q02487	protein	protein	Q14126	Q14126	203	PMID:27298358	Adhesion-Adhesion	1	single_protein_pair	1	1	1	1	0	7a7d	pubmed:35922511|imex:IM-30342
HGNC:3049	DSG2	Q14126	ENSG00000046604	1829	membrane_and_secreted	Q14126	protein	protein	Q02487	Q02487	203	PMID:27298358	Adhesion-Adhesion	1	single_protein_pair	1	1	0	1	0	7a7d	
HGNC:3048	DSG1	Q02413	ENSG00000134760	1828	membrane	Q02413	protein	protein	Q08554	Q08554	204	PMID:27298358	Adhesion-Adhesion	1	single_protein_pair	0	0	0	0	0		
HGNC:3035	DSC1	Q08554	ENSG00000134765	1823	membrane	Q08554	protein	protein	Q02413	Q02413	204	PMID:27298358	Adhesion-Adhesion	1	single_protein_pair	0	0	0	0	0		
HGNC:3048	DSG1	Q02413	ENSG00000134760	1828	membrane	Q02413	protein	protein	Q02487	Q02487	205	PMID:27298358	Adhesion-Adhesion	1	single_protein_pair	0	0	0	0	0		
HGNC:3036	DSC2	Q02487	ENSG00000134755	1824	membrane	Q02487	protein	protein	Q02413	Q02413	205	PMID:27298358	Adhesion-Adhesion	1	single_protein_pair	0	0	0	0	0		
HGNC:3048	DSG1	Q02413	ENSG00000134760	1828	membrane	Q02413	protein	protein	Q14574	Q14574	206	PMID:27298358	Adhesion-Adhesion	1	single_protein_pair	0	0	0	0	0		
HGNC:3037	DSC3	Q14574	ENSG00000134762	1825	membrane	Q14574	protein	protein	Q02413	Q02413	206	PMID:27298358	Adhesion-Adhesion	1	single_protein_pair	0	0	1	1	0		pubmed:35922511|imex:IM-30342
HGNC:3049	DSG2	Q14126	ENSG00000046604	1829	membrane_and_secreted	Q14126	protein	protein	Q14574	Q14574	207	PMID:27298358	Adhesion-Adhesion	1	single_protein_pair	0	0	0	0	0		
HGNC:3037	DSC3	Q14574	ENSG00000134762	1825	membrane	Q14574	protein	protein	Q14126	Q14126	207	PMID:27298358	Adhesion-Adhesion	1	single_protein_pair	0	0	1	1	0		pubmed:35922511|imex:IM-30342
HGNC:2666	DAG1	Q14118	ENSG00000173402	1605	membrane_and_secreted	Q14118	protein	protein	Q9NYQ7	Q9NYQ7	208	uniprot;reactome;IUPHAR	Adhesion-Adhesion	1	single_protein_pair	0	0	0	0	0		
HGNC:3230	CELSR3	Q9NYQ7	ENSG00000008300	1951	membrane	Q9NYQ7	protein	protein	Q14118	Q14118	208	uniprot;reactome;IUPHAR	Adhesion-Adhesion	1	single_protein_pair	0	0	0	0	0		
HGNC:3661	FGA	P02671	ENSG00000171560	2243	secreted_only	fibrinogen	complex	complex	integrin_a2Bb3_complex	P05106;P08514	209	uniprot	Ligand-Receptor	0	complex_component_support_only	0	0	0	0	0		
HGNC:3662	FGB	P02675	ENSG00000171564	2244	secreted_only	fibrinogen	complex	complex	integrin_a2Bb3_complex	P05106;P08514	209	uniprot	Ligand-Receptor	0	complex_component_support_only	0	0	0	0	0		
HGNC:6156	ITGB3	P05106	ENSG00000259207	3690	membrane	integrin_a2Bb3_complex	complex	complex	fibrinogen	P02671;P02675;P02679	209	uniprot	Ligand-Receptor	0	complex_component_support_only	0	0	0	0	1	2vdo;2vdp;2vdq;2vdr	
HGNC:6138	ITGA2B	P08514	ENSG00000005961	3674	membrane	integrin_a2Bb3_complex	complex	complex	fibrinogen	P02671;P02675;P02679	209	uniprot	Ligand-Receptor	0	complex_component_support_only	0	0	0	0	1	2vdo;2vdp;2vdq;2vdr	
HGNC:3661	FGA	P02671	ENSG00000171560	2243	secreted_only	fibrinogen	complex	complex	integrin_aMb2_complex	P05107;P11215	210	uniprot	Ligand-Receptor	0	complex_component_support_only	0	0	0	0	0		
HGNC:3662	FGB	P02675	ENSG00000171564	2244	secreted_only	fibrinogen	complex	complex	integrin_aMb2_complex	P05107;P11215	210	uniprot	Ligand-Receptor	0	complex_component_support_only	0	0	0	0	0		
HGNC:6155	ITGB2	P05107	ENSG00000160255	3689	membrane	integrin_aMb2_complex	complex	complex	fibrinogen	P02671;P02675;P02679	210	uniprot	Ligand-Receptor	0	complex_component_support_only	0	0	0	0	0		
HGNC:6149	ITGAM	P11215	ENSG00000169896	3684	membrane	integrin_aMb2_complex	complex	complex	fibrinogen	P02671;P02675;P02679	210	uniprot	Ligand-Receptor	0	complex_component_support_only	0	0	0	0	0		
HGNC:3661	FGA	P02671	ENSG00000171560	2243	secreted_only	fibrinogen	complex	complex	integrin_aXb2_complex	P05107;P20702	211	uniprot	Ligand-Receptor	0	complex_component_support_only	0	0	0	0	0		
HGNC:3662	FGB	P02675	ENSG00000171564	2244	secreted_only	fibrinogen	complex	complex	integrin_aXb2_complex	P05107;P20702	211	uniprot	Ligand-Receptor	0	complex_component_support_only	0	0	0	0	0		
HGNC:6155	ITGB2	P05107	ENSG00000160255	3689	membrane	integrin_aXb2_complex	complex	complex	fibrinogen	P02671;P02675;P02679	211	uniprot	Ligand-Receptor	0	complex_component_support_only	0	0	0	0	0		
HGNC:6152	ITGAX	P20702	ENSG00000140678	3687	membrane	integrin_aXb2_complex	complex	complex	fibrinogen	P02671;P02675;P02679	211	uniprot	Ligand-Receptor	0	complex_component_support_only	0	0	0	0	0		
HGNC:3778	FN1	P02751	ENSG00000115414	2335	secreted_only	P02751	protein	complex	integrin_a10b1_complex	O75578;P05556	212	uniprot	Adhesion-Adhesion	0	complex_component_support_only	0	0	0	0	1	9p6s	
HGNC:6135	ITGA10	O75578	ENSG00000143127	8515	membrane_inferred	integrin_a10b1_complex	complex	protein	P02751	P02751	212	uniprot	Adhesion-Adhesion	0	complex_component_support_only	0	0	0	0	0		
HGNC:6153	ITGB1	P05556	ENSG00000150093	3688	membrane	integrin_a10b1_complex	complex	protein	P02751	P02751	212	uniprot	Adhesion-Adhesion	0	complex_component_support_only	0	0	0	0	1	9p6s	
HGNC:3778	FN1	P02751	ENSG00000115414	2335	secreted_only	P02751	protein	complex	integrin_a11b1_complex	P05556;Q9UKX5	213	uniprot	Adhesion-Adhesion	0	complex_component_support_only	0	0	0	0	1	9p6s	
HGNC:6153	ITGB1	P05556	ENSG00000150093	3688	membrane	integrin_a11b1_complex	complex	protein	P02751	P02751	213	uniprot	Adhesion-Adhesion	0	complex_component_support_only	0	0	0	0	1	9p6s	
HGNC:6136	ITGA11	Q9UKX5	ENSG00000137809	22801	membrane_inferred	integrin_a11b1_complex	complex	protein	P02751	P02751	213	uniprot	Adhesion-Adhesion	0	complex_component_support_only	0	0	0	0	0		
HGNC:3778	FN1	P02751	ENSG00000115414	2335	secreted_only	P02751	protein	complex	integrin_a2b1_complex	P05556;P17301	214	uniprot	Adhesion-Adhesion	0	complex_component_support_only	0	0	0	0	1	9p6s	
HGNC:6153	ITGB1	P05556	ENSG00000150093	3688	membrane	integrin_a2b1_complex	complex	protein	P02751	P02751	214	uniprot	Adhesion-Adhesion	0	complex_component_support_only	0	0	0	0	1	9p6s	
HGNC:6137	ITGA2	P17301	ENSG00000164171	3673	membrane_inferred	integrin_a2b1_complex	complex	protein	P02751	P02751	214	uniprot	Adhesion-Adhesion	0	complex_component_support_only	0	0	0	0	0		
HGNC:3778	FN1	P02751	ENSG00000115414	2335	secreted_only	P02751	protein	complex	integrin_a2Bb3_complex	P05106;P08514	215	uniprot	Adhesion-Adhesion	0	complex_component_support_only	0	0	0	0	1	4mmx;4mmy;4mmz;6naj	
HGNC:6156	ITGB3	P05106	ENSG00000259207	3690	membrane	integrin_a2Bb3_complex	complex	protein	P02751	P02751	215	uniprot	Adhesion-Adhesion	0	complex_component_support_only	0	0	0	0	1	4mmx;4mmy;4mmz;6naj	
HGNC:6138	ITGA2B	P08514	ENSG00000005961	3674	membrane	integrin_a2Bb3_complex	complex	protein	P02751	P02751	215	uniprot	Adhesion-Adhesion	0	complex_component_support_only	0	0	0	0	0		
HGNC:3778	FN1	P02751	ENSG00000115414	2335	secreted_only	P02751	protein	complex	integrin_a3b1_complex	P05556;P26006	216	uniprot	Adhesion-Adhesion	0	complex_component_support_only	0	0	0	0	1	9p6s	
HGNC:6153	ITGB1	P05556	ENSG00000150093	3688	membrane	integrin_a3b1_complex	complex	protein	P02751	P02751	216	uniprot	Adhesion-Adhesion	0	complex_component_support_only	0	0	0	0	1	9p6s	
HGNC:6139	ITGA3	P26006	ENSG00000005884	3675	membrane	integrin_a3b1_complex	complex	protein	P02751	P02751	216	uniprot	Adhesion-Adhesion	0	complex_component_support_only	0	0	0	0	0		
HGNC:3778	FN1	P02751	ENSG00000115414	2335	secreted_only	P02751	protein	complex	integrin_a4b1_complex	P05556;P13612	217	uniprot	Adhesion-Adhesion	0	complex_component_support_only	0	0	0	0	1	9p6s	
HGNC:6153	ITGB1	P05556	ENSG00000150093	3688	membrane	integrin_a4b1_complex	complex	protein	P02751	P02751	217	uniprot	Adhesion-Adhesion	0	complex_component_support_only	0	0	0	0	1	9p6s	
HGNC:6140	ITGA4	P13612	ENSG00000115232	3676	membrane_inferred	integrin_a4b1_complex	complex	protein	P02751	P02751	217	uniprot	Adhesion-Adhesion	0	complex_component_support_only	0	0	0	0	0		
HGNC:3778	FN1	P02751	ENSG00000115414	2335	secreted_only	P02751	protein	complex	integrin_a4b7_complex	P13612;P26010	218	uniprot	Adhesion-Adhesion	0	complex_component_support_only	0	0	0	0	0		
HGNC:6140	ITGA4	P13612	ENSG00000115232	3676	membrane_inferred	integrin_a4b7_complex	complex	protein	P02751	P02751	218	uniprot	Adhesion-Adhesion	0	complex_component_support_only	0	0	0	0	0		
HGNC:6162	ITGB7	P26010	ENSG00000139626	3695	membrane	integrin_a4b7_complex	complex	protein	P02751	P02751	218	uniprot	Adhesion-Adhesion	0	complex_component_support_only	0	0	0	0	0		
HGNC:3778	FN1	P02751	ENSG00000115414	2335	secreted_only	P02751	protein	complex	integrin_a5b1_complex	P05556;P08648	219	uniprot	Adhesion-Adhesion	0	complex_component_support_only	0	0	0	0	1	9p6s	
HGNC:6153	ITGB1	P05556	ENSG00000150093	3688	membrane	integrin_a5b1_complex	complex	protein	P02751	P02751	219	uniprot	Adhesion-Adhesion	0	complex_component_support_only	0	0	0	0	1	9p6s	
HGNC:6141	ITGA5	P08648	ENSG00000161638	3678	membrane	integrin_a5b1_complex	complex	protein	P02751	P02751	219	uniprot	Adhesion-Adhesion	0	complex_component_support_only	0	0	0	0	1	9p6s	
HGNC:3778	FN1	P02751	ENSG00000115414	2335	secreted_only	P02751	protein	complex	integrin_a8b1_complex	P05556;P53708	220	uniprot	Adhesion-Adhesion	0	complex_component_support_only	0	0	0	0	1	9p6s	
HGNC:6153	ITGB1	P05556	ENSG00000150093	3688	membrane	integrin_a8b1_complex	complex	protein	P02751	P02751	220	uniprot	Adhesion-Adhesion	0	complex_component_support_only	0	0	0	0	1	9p6s	
HGNC:6144	ITGA8	P53708	ENSG00000077943	8516	membrane	integrin_a8b1_complex	complex	protein	P02751	P02751	220	uniprot	Adhesion-Adhesion	0	complex_component_support_only	0	0	0	0	0		
HGNC:3778	FN1	P02751	ENSG00000115414	2335	secreted_only	P02751	protein	complex	integrin_aVb1_complex	P05556;P06756	221	uniprot	Adhesion-Adhesion	0	complex_component_support_only	0	0	0	0	1	4mmx;4mmy;4mmz;6naj;9p6s	
HGNC:6153	ITGB1	P05556	ENSG00000150093	3688	membrane	integrin_aVb1_complex	complex	protein	P02751	P02751	221	uniprot	Adhesion-Adhesion	0	complex_component_support_only	0	0	0	0	1	9p6s	
HGNC:6150	ITGAV	P06756	ENSG00000138448	3685	membrane	integrin_aVb1_complex	complex	protein	P02751	P02751	221	uniprot	Adhesion-Adhesion	0	complex_component_support_only	0	0	0	0	1	4mmx;4mmy;4mmz;6naj	
HGNC:3778	FN1	P02751	ENSG00000115414	2335	secreted_only	P02751	protein	complex	integrin_aVb3_complex	P05106;P06756	222	uniprot	Adhesion-Adhesion	0	complex_component_support_only	0	0	0	0	1	4mmx;4mmy;4mmz;6naj	
HGNC:6156	ITGB3	P05106	ENSG00000259207	3690	membrane	integrin_aVb3_complex	complex	protein	P02751	P02751	222	uniprot	Adhesion-Adhesion	0	complex_component_support_only	0	0	0	0	1	4mmx;4mmy;4mmz;6naj	
HGNC:6150	ITGAV	P06756	ENSG00000138448	3685	membrane	integrin_aVb3_complex	complex	protein	P02751	P02751	222	uniprot	Adhesion-Adhesion	0	complex_component_support_only	0	0	0	0	1	4mmx;4mmy;4mmz;6naj	
HGNC:3778	FN1	P02751	ENSG00000115414	2335	secreted_only	P02751	protein	complex	integrin_aVb5_complex	P06756;P18084	223	uniprot	Adhesion-Adhesion	0	complex_component_support_only	0	0	0	0	1	4mmx;4mmy;4mmz;6naj	
HGNC:6150	ITGAV	P06756	ENSG00000138448	3685	membrane	integrin_aVb5_complex	complex	protein	P02751	P02751	223	uniprot	Adhesion-Adhesion	0	complex_component_support_only	0	0	0	0	1	4mmx;4mmy;4mmz;6naj	
HGNC:6160	ITGB5	P18084	ENSG00000082781	3693	membrane	integrin_aVb5_complex	complex	protein	P02751	P02751	223	uniprot	Adhesion-Adhesion	0	complex_component_support_only	0	0	0	0	0		
HGNC:4274	GJA1	P17302	ENSG00000152661	2697	membrane	P17302	protein	protein	P17302	P17302	224	uniprot;reactome;IUPHAR	Gap-Gap	0	self_interface_not_audited	0	0	0	0	0		
HGNC:4274	GJA1	P17302	ENSG00000152661	2697	membrane	P17302	protein	protein	P36382	P36382	225	uniprot;reactome;IUPHAR	Gap-Gap	1	single_protein_pair	0	0	0	0	0		
HGNC:4279	GJA5	P36382	ENSG00000265107	2702	membrane	P36382	protein	protein	P17302	P17302	225	uniprot;reactome;IUPHAR	Gap-Gap	1	single_protein_pair	0	0	0	0	0		
HGNC:4277	GJA3	Q9Y6H8	ENSG00000121743	2700	membrane	Q9Y6H8	protein	protein	P17302	P17302	226	uniprot;reactome;IUPHAR	Gap-Gap	1	single_protein_pair	0	0	0	0	0		
HGNC:4274	GJA1	P17302	ENSG00000152661	2697	membrane	P17302	protein	protein	Q9Y6H8	Q9Y6H8	226	uniprot;reactome;IUPHAR	Gap-Gap	1	single_protein_pair	0	0	0	0	0		
HGNC:4277	GJA3	Q9Y6H8	ENSG00000121743	2700	membrane	Q9Y6H8	protein	protein	Q9Y6H8	Q9Y6H8	227	uniprot;reactome;IUPHAR	Gap-Gap	0	self_interface_not_audited	0	0	0	0	0		
HGNC:4277	GJA3	Q9Y6H8	ENSG00000121743	2700	membrane	Q9Y6H8	protein	protein	P36382	P36382	228	uniprot;reactome;IUPHAR	Gap-Gap	1	single_protein_pair	0	0	0	0	0		
HGNC:4279	GJA5	P36382	ENSG00000265107	2702	membrane	P36382	protein	protein	Q9Y6H8	Q9Y6H8	228	uniprot;reactome;IUPHAR	Gap-Gap	1	single_protein_pair	0	0	0	0	0		
HGNC:4277	GJA3	Q9Y6H8	ENSG00000121743	2700	membrane	Q9Y6H8	protein	protein	P36383	P36383	229	uniprot;reactome;IUPHAR	Gap-Gap	1	single_protein_pair	0	0	0	0	0		
HGNC:4280	GJC1	P36383	ENSG00000182963	10052	membrane	P36383	protein	protein	Q9Y6H8	Q9Y6H8	229	uniprot;reactome;IUPHAR	Gap-Gap	1	single_protein_pair	0	0	0	0	0		
HGNC:4279	GJA5	P36382	ENSG00000265107	2702	membrane	P36382	protein	protein	P36382	P36382	230	uniprot;reactome;IUPHAR	Gap-Gap	0	self_interface_not_audited	0	0	0	0	0		
HGNC:4280	GJC1	P36383	ENSG00000182963	10052	membrane	P36383	protein	protein	P17302	P17302	231	uniprot;reactome;IUPHAR	Gap-Gap	1	single_protein_pair	0	0	0	0	0		
HGNC:4274	GJA1	P17302	ENSG00000152661	2697	membrane	P17302	protein	protein	P36383	P36383	231	uniprot;reactome;IUPHAR	Gap-Gap	1	single_protein_pair	0	0	0	0	0		
HGNC:4280	GJC1	P36383	ENSG00000182963	10052	membrane	P36383	protein	protein	P36382	P36382	232	uniprot;reactome;IUPHAR	Gap-Gap	1	single_protein_pair	0	0	0	0	0		
HGNC:4279	GJA5	P36382	ENSG00000265107	2702	membrane	P36382	protein	protein	P36383	P36383	232	uniprot;reactome;IUPHAR	Gap-Gap	1	single_protein_pair	0	0	0	0	0		
HGNC:4280	GJC1	P36383	ENSG00000182963	10052	membrane	P36383	protein	protein	P36383	P36383	233	uniprot;reactome;IUPHAR	Gap-Gap	0	self_interface_not_audited	0	0	0	0	0		
HGNC:5344	ICAM1	P05362	ENSG00000090339	3383	membrane	P05362	protein	protein	P20701	P20701	234	Reviewed_in_PMID:23602662	Ligand-Receptor	1	single_protein_pair	1	1	1	1	0	1mq8;3tcx	pubmed:22956999|imex:IM-29006
HGNC:6148	ITGAL	P20701	ENSG00000005844	3683	membrane	P20701	protein	protein	P05362	P05362	234	Reviewed_in_PMID:23602662	Ligand-Receptor	1	single_protein_pair	1	1	1	1	0	1mq8;3tcx	pubmed:16595626|imex:IM-23478;pubmed:22956999|imex:IM-29006
HGNC:5344	ICAM1	P05362	ENSG00000090339	3383	membrane	P05362	protein	complex	integrin_aLb2_complex	P05107;P20701	235	uniprot	Ligand-Receptor	0	complex_component_support_only	0	0	0	0	1	1mq8;3tcx	
HGNC:6155	ITGB2	P05107	ENSG00000160255	3689	membrane	integrin_aLb2_complex	complex	protein	P05362	P05362	235	uniprot	Ligand-Receptor	0	complex_component_support_only	0	0	0	0	0		
HGNC:6148	ITGAL	P20701	ENSG00000005844	3683	membrane	integrin_aLb2_complex	complex	protein	P05362	P05362	235	uniprot	Ligand-Receptor	0	complex_component_support_only	0	0	0	0	1	1mq8;3tcx	
HGNC:5344	ICAM1	P05362	ENSG00000090339	3383	membrane	P05362	protein	complex	integrin_aMb2_complex	P05107;P11215	236	uniprot	Ligand-Receptor	0	complex_component_support_only	0	0	0	0	0		
HGNC:6155	ITGB2	P05107	ENSG00000160255	3689	membrane	integrin_aMb2_complex	complex	protein	P05362	P05362	236	uniprot	Ligand-Receptor	0	complex_component_support_only	0	0	0	0	0		
HGNC:6149	ITGAM	P11215	ENSG00000169896	3684	membrane	integrin_aMb2_complex	complex	protein	P05362	P05362	236	uniprot	Ligand-Receptor	0	complex_component_support_only	0	0	0	0	0		
HGNC:5344	ICAM1	P05362	ENSG00000090339	3383	membrane	P05362	protein	complex	integrin_aXb2_complex	P05107;P20702	237	PMID:16252253	Ligand-Receptor	0	complex_component_support_only	0	0	0	0	0		
HGNC:6155	ITGB2	P05107	ENSG00000160255	3689	membrane	integrin_aXb2_complex	complex	protein	P05362	P05362	237	PMID:16252253	Ligand-Receptor	0	complex_component_support_only	0	0	0	0	0		
HGNC:6152	ITGAX	P20702	ENSG00000140678	3687	membrane	integrin_aXb2_complex	complex	protein	P05362	P05362	237	PMID:16252253	Ligand-Receptor	0	complex_component_support_only	0	0	0	0	0		
HGNC:5344	ICAM1	P05362	ENSG00000090339	3383	membrane	P05362	protein	protein	P16150	P16150	238	PMID:1683685	Adhesion-Adhesion	1	single_protein_pair	0	0	0	0	0		
HGNC:11249	SPN	P16150	ENSG00000197471	6693	membrane_inferred	P16150	protein	protein	P05362	P05362	238	PMID:1683685	Adhesion-Adhesion	1	single_protein_pair	0	0	0	0	0		
HGNC:5345	ICAM2	P13598	ENSG00000108622	3384	membrane	P13598	protein	protein	Q9NNX6	Q9NNX6	239	uniprot	Ligand-Receptor	1	single_protein_pair	0	0	0	0	0		
HGNC:1641	CD209	Q9NNX6	ENSG00000090659	30835	membrane_and_secreted	Q9NNX6	protein	protein	P13598	P13598	239	uniprot	Ligand-Receptor	1	single_protein_pair	0	0	0	0	0		
HGNC:5345	ICAM2	P13598	ENSG00000108622	3384	membrane	P13598	protein	complex	integrin_aLb2_complex	P05107;P20701	240	uniprot	Ligand-Receptor	0	complex_component_support_only	0	0	0	0	0		
HGNC:6155	ITGB2	P05107	ENSG00000160255	3689	membrane	integrin_aLb2_complex	complex	protein	P13598	P13598	240	uniprot	Ligand-Receptor	0	complex_component_support_only	0	0	0	0	0		
HGNC:6148	ITGAL	P20701	ENSG00000005844	3683	membrane	integrin_aLb2_complex	complex	protein	P13598	P13598	240	uniprot	Ligand-Receptor	0	complex_component_support_only	0	0	0	0	0		
HGNC:5346	ICAM3	P32942	ENSG00000076662	3385	membrane	P32942	protein	protein	Q9NNX6	Q9NNX6	241	PMID:15795245	Ligand-Receptor	1	single_protein_pair	0	0	0	0	0		
HGNC:1641	CD209	Q9NNX6	ENSG00000090659	30835	membrane_and_secreted	Q9NNX6	protein	protein	P32942	P32942	241	PMID:15795245	Ligand-Receptor	1	single_protein_pair	0	0	1	1	0		pubmed:35922511|imex:IM-30342
HGNC:5346	ICAM3	P32942	ENSG00000076662	3385	membrane	P32942	protein	protein	Q9H2X3	Q9H2X3	242	PMID:15795245	Ligand-Receptor	1	single_protein_pair	0	0	0	0	0		
HGNC:13523	CLEC4M	Q9H2X3	ENSG00000104938	10332	membrane_and_secreted	Q9H2X3	protein	protein	P32942	P32942	242	PMID:15795245	Ligand-Receptor	1	single_protein_pair	0	0	1	1	0		pubmed:35922511|imex:IM-30342
HGNC:5346	ICAM3	P32942	ENSG00000076662	3385	membrane	P32942	protein	complex	integrin_aDb2_complex	P05107;Q13349	243	uniprot	Ligand-Receptor	0	complex_component_support_only	0	0	0	0	0		
HGNC:6155	ITGB2	P05107	ENSG00000160255	3689	membrane	integrin_aDb2_complex	complex	protein	P32942	P32942	243	uniprot	Ligand-Receptor	0	complex_component_support_only	0	0	0	0	0		
HGNC:6146	ITGAD	Q13349	ENSG00000156886	3681	membrane	integrin_aDb2_complex	complex	protein	P32942	P32942	243	uniprot	Ligand-Receptor	0	complex_component_support_only	0	0	0	0	0		
HGNC:5346	ICAM3	P32942	ENSG00000076662	3385	membrane	P32942	protein	complex	integrin_aLb2_complex	P05107;P20701	244	uniprot	Ligand-Receptor	0	complex_component_support_only	0	0	0	0	1	1t0p	
HGNC:6155	ITGB2	P05107	ENSG00000160255	3689	membrane	integrin_aLb2_complex	complex	protein	P32942	P32942	244	uniprot	Ligand-Receptor	0	complex_component_support_only	0	0	0	0	0		
HGNC:6148	ITGAL	P20701	ENSG00000005844	3683	membrane	integrin_aLb2_complex	complex	protein	P32942	P32942	244	uniprot	Ligand-Receptor	0	complex_component_support_only	0	0	0	0	1	1t0p	
HGNC:5347	ICAM4	Q14773	ENSG00000105371	3386	membrane_and_secreted	Q14773	protein	complex	integrin_aLb2_complex	P05107;P20701	245	uniprot	Ligand-Receptor	0	complex_component_support_only	0	0	0	0	0		
HGNC:6155	ITGB2	P05107	ENSG00000160255	3689	membrane	integrin_aLb2_complex	complex	protein	Q14773	Q14773	245	uniprot	Ligand-Receptor	0	complex_component_support_only	0	0	0	0	0		
HGNC:6148	ITGAL	P20701	ENSG00000005844	3683	membrane	integrin_aLb2_complex	complex	protein	Q14773	Q14773	245	uniprot	Ligand-Receptor	0	complex_component_support_only	0	0	0	0	0		
HGNC:14686	JAM2	P57087	ENSG00000154721	58494	membrane	P57087	protein	complex	integrin_a4b1_complex	P05556;P13612	246	PMID:12070135	Adhesion-Adhesion	0	complex_component_support_only	0	0	0	0	0		
HGNC:6153	ITGB1	P05556	ENSG00000150093	3688	membrane	integrin_a4b1_complex	complex	protein	P57087	P57087	246	PMID:12070135	Adhesion-Adhesion	0	complex_component_support_only	0	0	0	0	0		
HGNC:6140	ITGA4	P13612	ENSG00000115232	3676	membrane_inferred	integrin_a4b1_complex	complex	protein	P57087	P57087	246	PMID:12070135	Adhesion-Adhesion	0	complex_component_support_only	0	0	0	0	0		
HGNC:14686	JAM2	P57087	ENSG00000154721	58494	membrane	P57087	protein	protein	Q9BX67	Q9BX67	247	PMC1237098;PMID:11590146	Adhesion-Adhesion	1	single_protein_pair	0	0	1	1	0		pubmed:32822567|imex:IM-30326
HGNC:15532	JAM3	Q9BX67	ENSG00000166086	83700	membrane_and_secreted	Q9BX67	protein	protein	P57087	P57087	247	PMC1237098;PMID:11590146	Adhesion-Adhesion	1	single_protein_pair	0	0	1	1	0		pubmed:32822567|imex:IM-30326
HGNC:15532	JAM3	Q9BX67	ENSG00000166086	83700	membrane_and_secreted	Q9BX67	protein	complex	integrin_aMb2_complex	P05107;P11215	248	PMID:16118203;PMC2194005	Adhesion-Adhesion	0	complex_component_support_only	0	0	0	0	0		
HGNC:6155	ITGB2	P05107	ENSG00000160255	3689	membrane	integrin_aMb2_complex	complex	protein	Q9BX67	Q9BX67	248	PMID:16118203;PMC2194005	Adhesion-Adhesion	0	complex_component_support_only	0	0	0	0	0		
HGNC:6149	ITGAM	P11215	ENSG00000169896	3684	membrane	integrin_aMb2_complex	complex	protein	Q9BX67	Q9BX67	248	PMID:16118203;PMC2194005	Adhesion-Adhesion	0	complex_component_support_only	0	0	0	0	0		
HGNC:15532	JAM3	Q9BX67	ENSG00000166086	83700	membrane_and_secreted	Q9BX67	protein	protein	Q9BX67	Q9BX67	249	PMID:16118203	Adhesion-Adhesion	0	self_interface_not_audited	0	0	0	0	0		
HGNC:6470	L1CAM	P32004	ENSG00000198910	3897	membrane	P32004	protein	complex	pL1:Ezrin	P15311;P32004	250	reactome	Ligand-Receptor	0	complex_component_support_only	0	0	0	0	0		
HGNC:12691	EZR	P15311	ENSG00000092820	7430	membrane	pL1:Ezrin	complex	protein	P32004	P32004	250	reactome	Ligand-Receptor	0	complex_component_support_only	0	0	0	0	0		
HGNC:6470	L1CAM	P32004	ENSG00000198910	3897	membrane	pL1:Ezrin	complex	protein	P32004	P32004	250	reactome	Ligand-Receptor	0	complex_component_support_only	0	0	0	0	0		
HGNC:6470	L1CAM	P32004	ENSG00000198910	3897	membrane	P32004	protein	complex	integrin_a2Bb3_complex	P05106;P08514	251	reactome	Ligand-Receptor	0	complex_component_support_only	0	0	0	0	0		
HGNC:6156	ITGB3	P05106	ENSG00000259207	3690	membrane	integrin_a2Bb3_complex	complex	protein	P32004	P32004	251	reactome	Ligand-Receptor	0	complex_component_support_only	0	0	0	0	0		
HGNC:6138	ITGA2B	P08514	ENSG00000005961	3674	membrane	integrin_a2Bb3_complex	complex	protein	P32004	P32004	251	reactome	Ligand-Receptor	0	complex_component_support_only	0	0	0	0	0		
HGNC:6470	L1CAM	P32004	ENSG00000198910	3897	membrane	P32004	protein	complex	integrin_a5b1_complex	P05556;P08648	252	PMC2120661	Ligand-Receptor	0	complex_component_support_only	0	0	0	0	0		
HGNC:6153	ITGB1	P05556	ENSG00000150093	3688	membrane	integrin_a5b1_complex	complex	protein	P32004	P32004	252	PMC2120661	Ligand-Receptor	0	complex_component_support_only	0	0	0	0	0		
HGNC:6141	ITGA5	P08648	ENSG00000161638	3678	membrane	integrin_a5b1_complex	complex	protein	P32004	P32004	252	PMC2120661	Ligand-Receptor	0	complex_component_support_only	0	0	0	0	0		
HGNC:6470	L1CAM	P32004	ENSG00000198910	3897	membrane	P32004	protein	complex	integrin_a9b1_complex	P05556;Q13797	253	reactome	Ligand-Receptor	0	complex_component_support_only	0	0	0	0	0		
HGNC:6153	ITGB1	P05556	ENSG00000150093	3688	membrane	integrin_a9b1_complex	complex	protein	P32004	P32004	253	reactome	Ligand-Receptor	0	complex_component_support_only	0	0	0	0	0		
HGNC:6145	ITGA9	Q13797	ENSG00000144668	3680	membrane_inferred	integrin_a9b1_complex	complex	protein	P32004	P32004	253	reactome	Ligand-Receptor	0	complex_component_support_only	0	0	0	0	0		
HGNC:6470	L1CAM	P32004	ENSG00000198910	3897	membrane	P32004	protein	complex	integrin_aVb1_complex	P05556;P06756	254	reactome	Ligand-Receptor	0	complex_component_support_only	0	0	0	0	0		
HGNC:6153	ITGB1	P05556	ENSG00000150093	3688	membrane	integrin_aVb1_complex	complex	protein	P32004	P32004	254	reactome	Ligand-Receptor	0	complex_component_support_only	0	0	0	0	0		
HGNC:6150	ITGAV	P06756	ENSG00000138448	3685	membrane	integrin_aVb1_complex	complex	protein	P32004	P32004	254	reactome	Ligand-Receptor	0	complex_component_support_only	0	0	0	0	0		
HGNC:6470	L1CAM	P32004	ENSG00000198910	3897	membrane	P32004	protein	complex	integrin_aVb3_complex	P05106;P06756	255	PMID:9396761	Ligand-Receptor	0	complex_component_support_only	0	0	0	0	0		
HGNC:6156	ITGB3	P05106	ENSG00000259207	3690	membrane	integrin_aVb3_complex	complex	protein	P32004	P32004	255	PMID:9396761	Ligand-Receptor	0	complex_component_support_only	0	0	0	0	0		
HGNC:6150	ITGAV	P06756	ENSG00000138448	3685	membrane	integrin_aVb3_complex	complex	protein	P32004	P32004	255	PMID:9396761	Ligand-Receptor	0	complex_component_support_only	0	0	0	0	0		
HGNC:6470	L1CAM	P32004	ENSG00000198910	3897	membrane	P32004	protein	protein	P32004	P32004	256	PMID:18701456	Adhesion-Adhesion	0	self_interface_not_audited	0	0	0	0	0		
HGNC:6483	LAMA3	Q16787	ENSG00000053747	3909	secreted_only	Q16787	protein	complex	integrin_a3b1_complex	P05556;P26006	257	uniprot	Ligand-Receptor	0	complex_component_support_only	0	0	0	0	0		
HGNC:6153	ITGB1	P05556	ENSG00000150093	3688	membrane	integrin_a3b1_complex	complex	protein	Q16787	Q16787	257	uniprot	Ligand-Receptor	0	complex_component_support_only	0	0	0	0	0		
HGNC:6139	ITGA3	P26006	ENSG00000005884	3675	membrane	integrin_a3b1_complex	complex	protein	Q16787	Q16787	257	uniprot	Ligand-Receptor	0	complex_component_support_only	0	0	0	0	0		
HGNC:6153	ITGB1	P05556	ENSG00000150093	3688	membrane	integrin_a2b1_complex	complex	protein	P11047	P11047	258	uniprot	Ligand-Receptor	0	complex_component_support_only	0	0	0	0	0		
HGNC:6137	ITGA2	P17301	ENSG00000164171	3673	membrane_inferred	integrin_a2b1_complex	complex	protein	P11047	P11047	258	uniprot	Ligand-Receptor	0	complex_component_support_only	0	0	0	0	0		
HGNC:6153	ITGB1	P05556	ENSG00000150093	3688	membrane	integrin_a6b1_complex	complex	protein	P11047	P11047	259	uniprot	Ligand-Receptor	0	complex_component_support_only	0	0	0	0	0		
HGNC:6142	ITGA6	P23229	ENSG00000091409	3655	membrane	integrin_a6b1_complex	complex	protein	P11047	P11047	259	uniprot	Ligand-Receptor	0	complex_component_support_only	0	0	0	0	1	7cec	
HGNC:6153	ITGB1	P05556	ENSG00000150093	3688	membrane	integrin_a7b1_complex	complex	protein	P11047	P11047	260	uniprot	Ligand-Receptor	0	complex_component_support_only	0	0	0	0	0		
HGNC:6143	ITGA7	Q13683	ENSG00000135424	3679	membrane_inferred	integrin_a7b1_complex	complex	protein	P11047	P11047	260	uniprot	Ligand-Receptor	0	complex_component_support_only	0	0	0	0	0		
HGNC:6156	ITGB3	P05106	ENSG00000259207	3690	membrane	integrin_aVb3_complex	complex	protein	P11047	P11047	261	uniprot	Ligand-Receptor	0	complex_component_support_only	0	0	0	0	0		
HGNC:6150	ITGAV	P06756	ENSG00000138448	3685	membrane	integrin_aVb3_complex	complex	protein	P11047	P11047	261	uniprot	Ligand-Receptor	0	complex_component_support_only	0	0	0	0	0		
HGNC:9706	NECTIN1	Q15223	ENSG00000110400	5818	membrane_and_secreted	Q15223	protein	protein	Q8N126	Q8N126	262	uniprot	Adhesion-Adhesion	1	single_protein_pair	0	0	0	0	0		
HGNC:17601	CADM3	Q8N126	ENSG00000162706	57863	membrane	Q8N126	protein	protein	Q15223	Q15223	262	uniprot	Adhesion-Adhesion	1	single_protein_pair	0	0	0	0	0		
HGNC:9706	NECTIN1	Q15223	ENSG00000110400	5818	membrane_and_secreted	Q15223	protein	protein	Q9NQS3	Q9NQS3	263	PMID:12740392	Adhesion-Adhesion	1	single_protein_pair	0	0	1	1	0		pubmed:12011057;pubmed:32822567|imex:IM-30326
HGNC:17664	NECTIN3	Q9NQS3	ENSG00000177707	25945	membrane	Q9NQS3	protein	protein	Q15223	Q15223	263	PMID:12740392	Adhesion-Adhesion	1	single_protein_pair	0	0	1	1	0		pubmed:22902367|imex:IM-18564;pubmed:32822567|imex:IM-30326
HGNC:9706	NECTIN1	Q15223	ENSG00000110400	5818	membrane_and_secreted	Q15223	protein	protein	Q96NY8	Q96NY8	264	PMID:22902367	Adhesion-Adhesion	1	single_protein_pair	0	0	1	1	0		pubmed:12011057;pubmed:22902367|imex:IM-18564
HGNC:19688	NECTIN4	Q96NY8	ENSG00000143217	81607	membrane_and_secreted	Q96NY8	protein	protein	Q15223	Q15223	264	PMID:22902367	Adhesion-Adhesion	1	single_protein_pair	0	0	1	1	0		pubmed:22902367|imex:IM-18564
HGNC:9707	NECTIN2	Q92692	ENSG00000130202	5819	membrane	Q92692	protein	protein	Q9NQS3	Q9NQS3	265	PMID:19011627;PMID:12740392	Adhesion-Adhesion	1	single_protein_pair	0	0	0	0	0		
HGNC:17664	NECTIN3	Q9NQS3	ENSG00000177707	25945	membrane	Q9NQS3	protein	protein	Q92692	Q92692	265	PMID:19011627;PMID:12740392	Adhesion-Adhesion	1	single_protein_pair	0	0	1	1	0		pubmed:22902367|imex:IM-18564
HGNC:6153	ITGB1	P05556	ENSG00000150093	3688	membrane	integrin_a4b1_complex	complex	protein	P10451	P10451	266	PMID:1830891;PMID:8970045	Ligand-Receptor	0	complex_component_support_only	0	0	0	0	0		
HGNC:6140	ITGA4	P13612	ENSG00000115232	3676	membrane_inferred	integrin_a4b1_complex	complex	protein	P10451	P10451	266	PMID:1830891;PMID:8970045	Ligand-Receptor	0	complex_component_support_only	0	0	0	0	0		
HGNC:6153	ITGB1	P05556	ENSG00000150093	3688	membrane	integrin_a9b1_complex	complex	protein	P10451	P10451	267	PMID:1830891;PMID:8970045	Ligand-Receptor	0	complex_component_support_only	0	0	0	0	0		
HGNC:6145	ITGA9	Q13797	ENSG00000144668	3680	membrane_inferred	integrin_a9b1_complex	complex	protein	P10451	P10451	267	PMID:1830891;PMID:8970045	Ligand-Receptor	0	complex_component_support_only	0	0	0	0	0		
HGNC:6156	ITGB3	P05106	ENSG00000259207	3690	membrane	integrin_aVb3_complex	complex	protein	P10451	P10451	268	PMID:24442579	Ligand-Receptor	0	complex_component_support_only	0	0	0	0	0		
HGNC:6150	ITGAV	P06756	ENSG00000138448	3685	membrane	integrin_aVb3_complex	complex	protein	P10451	P10451	268	PMID:24442579	Ligand-Receptor	0	complex_component_support_only	0	0	0	0	0		
HGNC:6155	ITGB2	P05107	ENSG00000160255	3689	membrane	integrin_aMb2_complex	complex	protein	P00742	P00742	269	uniprot	Ligand-Receptor	0	complex_component_support_only	0	0	0	0	0		
HGNC:6149	ITGAM	P11215	ENSG00000169896	3684	membrane	integrin_aMb2_complex	complex	protein	P00742	P00742	269	uniprot	Ligand-Receptor	0	complex_component_support_only	0	0	0	0	0		
HGNC:14685	F11R	Q9Y624	ENSG00000158769	50848	membrane	Q9Y624	protein	complex	integrin_aLb2_complex	P05107;P20701	270	PMID:11812992;PMID:15528364	Ligand-Receptor	0	complex_component_support_only	0	0	0	0	0		
HGNC:6155	ITGB2	P05107	ENSG00000160255	3689	membrane	integrin_aLb2_complex	complex	protein	Q9Y624	Q9Y624	270	PMID:11812992;PMID:15528364	Ligand-Receptor	0	complex_component_support_only	0	0	0	0	0		
HGNC:6148	ITGAL	P20701	ENSG00000005844	3683	membrane	integrin_aLb2_complex	complex	protein	Q9Y624	Q9Y624	270	PMID:11812992;PMID:15528364	Ligand-Receptor	0	complex_component_support_only	0	0	0	0	0		
HGNC:3535	F2	P00734	ENSG00000180210	2147	secreted_only	P00734	protein	protein	P25116	P25116	271	GPCRdb (https://gpcrdb.org/ligand/endogenousbrowser/)	Ligand-Receptor	1	single_protein_pair	0	0	0	0	0		
HGNC:3537	F2R	P25116	ENSG00000181104	2149	membrane	P25116	protein	protein	P00734	P00734	271	GPCRdb (https://gpcrdb.org/ligand/endogenousbrowser/)	Ligand-Receptor	1	single_protein_pair	0	0	1	1	0		pubmed:18250335|imex:IM-9080
HGNC:3535	F2	P00734	ENSG00000180210	2147	secreted_only	P00734	protein	protein	O00254	O00254	272	GPCRdb (https://gpcrdb.org/ligand/endogenousbrowser/)	Ligand-Receptor	1	single_protein_pair	0	0	0	0	0		
HGNC:3539	F2RL2	O00254	ENSG00000164220	2151	membrane	O00254	protein	protein	P00734	P00734	272	GPCRdb (https://gpcrdb.org/ligand/endogenousbrowser/)	Ligand-Receptor	1	single_protein_pair	0	0	0	0	0		
HGNC:3535	F2	P00734	ENSG00000180210	2147	secreted_only	P00734	protein	protein	Q96RI0	Q96RI0	273	GPCRdb (https://gpcrdb.org/ligand/endogenousbrowser/)	Ligand-Receptor	1	single_protein_pair	0	0	0	0	0		
HGNC:3540	F2RL3	Q96RI0	ENSG00000127533	9002	membrane	Q96RI0	protein	protein	P00734	P00734	273	GPCRdb (https://gpcrdb.org/ligand/endogenousbrowser/)	Ligand-Receptor	1	single_protein_pair	0	0	0	0	0		
HGNC:3535	F2	P00734	ENSG00000180210	2147	secreted_only	P00734	protein	complex	Glycoprotein_Ib_complex	P07359;P13224	274	PDB:1hyr_partially	Ligand-Receptor	0	complex_component_support_only	0	0	0	0	1	1p8v;4ch2;4ch8	
HGNC:4439	GP1BA	P07359	ENSG00000185245	2811	membrane_inferred	Glycoprotein_Ib_complex	complex	protein	P00734	P00734	274	PDB:1hyr_partially	Ligand-Receptor	0	complex_component_support_only	0	0	0	0	1	1p8v;4ch2;4ch8	
HGNC:4440	GP1BB	P13224	ENSG00000203618	2812	membrane_inferred	Glycoprotein_Ib_complex	complex	protein	P00734	P00734	274	PDB:1hyr_partially	Ligand-Receptor	0	complex_component_support_only	0	0	0	0	0		
HGNC:3535	F2	P00734	ENSG00000180210	2147	secreted_only	P00734	protein	complex	integrin_a2Bb3_complex	P05106;P08514	275	uniprot	Ligand-Receptor	0	complex_component_support_only	0	0	0	0	0		
HGNC:6156	ITGB3	P05106	ENSG00000259207	3690	membrane	integrin_a2Bb3_complex	complex	protein	P00734	P00734	275	uniprot	Ligand-Receptor	0	complex_component_support_only	0	0	0	0	0		
HGNC:6138	ITGA2B	P08514	ENSG00000005961	3674	membrane	integrin_a2Bb3_complex	complex	protein	P00734	P00734	275	uniprot	Ligand-Receptor	0	complex_component_support_only	0	0	0	0	0		
HGNC:3535	F2	P00734	ENSG00000180210	2147	secreted_only	P00734	protein	complex	integrin_aVb3_complex	P05106;P06756	276	uniprot	Ligand-Receptor	0	complex_component_support_only	0	0	0	0	0		
HGNC:6156	ITGB3	P05106	ENSG00000259207	3690	membrane	integrin_aVb3_complex	complex	protein	P00734	P00734	276	uniprot	Ligand-Receptor	0	complex_component_support_only	0	0	0	0	0		
HGNC:6150	ITGAV	P06756	ENSG00000138448	3685	membrane	integrin_aVb3_complex	complex	protein	P00734	P00734	276	uniprot	Ligand-Receptor	0	complex_component_support_only	0	0	0	0	0		
HGNC:3535	F2	P00734	ENSG00000180210	2147	secreted_only	P00734	protein	protein	P07204	P07204	277	uniprot	Ligand-Receptor	1	single_protein_pair	1	1	0	1	0	5to3	
HGNC:11784	THBD	P07204	ENSG00000178726	7056	membrane_inferred	P07204	protein	protein	P00734	P00734	277	uniprot	Ligand-Receptor	1	single_protein_pair	0	0	0	0	0		
HGNC:5318	TNC	P24821	ENSG00000041982	3371	secreted_only	P24821	protein	complex	integrin_a4b1_complex	P05556;P13612	278	uniprot	Ligand-Receptor	0	complex_component_support_only	0	0	0	0	0		
HGNC:6153	ITGB1	P05556	ENSG00000150093	3688	membrane	integrin_a4b1_complex	complex	protein	P24821	P24821	278	uniprot	Ligand-Receptor	0	complex_component_support_only	0	0	0	0	0		
HGNC:6140	ITGA4	P13612	ENSG00000115232	3676	membrane_inferred	integrin_a4b1_complex	complex	protein	P24821	P24821	278	uniprot	Ligand-Receptor	0	complex_component_support_only	0	0	0	0	0		
HGNC:5318	TNC	P24821	ENSG00000041982	3371	secreted_only	P24821	protein	complex	integrin_a8b1_complex	P05556;P53708	279	uniprot	Ligand-Receptor	0	complex_component_support_only	0	0	0	0	0		
HGNC:6153	ITGB1	P05556	ENSG00000150093	3688	membrane	integrin_a8b1_complex	complex	protein	P24821	P24821	279	uniprot	Ligand-Receptor	0	complex_component_support_only	0	0	0	0	0		
HGNC:6144	ITGA8	P53708	ENSG00000077943	8516	membrane	integrin_a8b1_complex	complex	protein	P24821	P24821	279	uniprot	Ligand-Receptor	0	complex_component_support_only	0	0	0	0	0		
HGNC:5318	TNC	P24821	ENSG00000041982	3371	secreted_only	P24821	protein	complex	integrin_a9b1_complex	P05556;Q13797	280	uniprot	Ligand-Receptor	0	complex_component_support_only	0	0	0	0	0		
HGNC:6153	ITGB1	P05556	ENSG00000150093	3688	membrane	integrin_a9b1_complex	complex	protein	P24821	P24821	280	uniprot	Ligand-Receptor	0	complex_component_support_only	0	0	0	0	0		
HGNC:6145	ITGA9	Q13797	ENSG00000144668	3680	membrane_inferred	integrin_a9b1_complex	complex	protein	P24821	P24821	280	uniprot	Ligand-Receptor	0	complex_component_support_only	0	0	0	0	0		
HGNC:5318	TNC	P24821	ENSG00000041982	3371	secreted_only	P24821	protein	complex	integrin_aVb3_complex	P05106;P06756	281	uniprot	Ligand-Receptor	0	complex_component_support_only	0	0	0	0	0		
HGNC:6156	ITGB3	P05106	ENSG00000259207	3690	membrane	integrin_aVb3_complex	complex	protein	P24821	P24821	281	uniprot	Ligand-Receptor	0	complex_component_support_only	0	0	0	0	0		
HGNC:6150	ITGAV	P06756	ENSG00000138448	3685	membrane	integrin_aVb3_complex	complex	protein	P24821	P24821	281	uniprot	Ligand-Receptor	0	complex_component_support_only	0	0	0	0	0		
HGNC:5318	TNC	P24821	ENSG00000041982	3371	secreted_only	P24821	protein	complex	integrin_aVb6_complex	P06756;P18564	282	uniprot	Ligand-Receptor	0	complex_component_support_only	0	0	0	0	0		
HGNC:6150	ITGAV	P06756	ENSG00000138448	3685	membrane	integrin_aVb6_complex	complex	protein	P24821	P24821	282	uniprot	Ligand-Receptor	0	complex_component_support_only	0	0	0	0	0		
HGNC:6161	ITGB6	P18564	ENSG00000115221	3694	membrane	integrin_aVb6_complex	complex	protein	P24821	P24821	282	uniprot	Ligand-Receptor	0	complex_component_support_only	0	0	0	0	0		
HGNC:11785	THBS1	P07996	ENSG00000137801	7057	membrane_and_secreted	P07996	protein	complex	integrin_a2Bb3_complex	P05106;P08514	283	uniprot	Ligand-Receptor	0	complex_component_support_only	0	0	0	0	0		
HGNC:6156	ITGB3	P05106	ENSG00000259207	3690	membrane	integrin_a2Bb3_complex	complex	protein	P07996	P07996	283	uniprot	Ligand-Receptor	0	complex_component_support_only	0	0	0	0	0		
HGNC:6138	ITGA2B	P08514	ENSG00000005961	3674	membrane	integrin_a2Bb3_complex	complex	protein	P07996	P07996	283	uniprot	Ligand-Receptor	0	complex_component_support_only	0	0	0	0	0		
HGNC:11785	THBS1	P07996	ENSG00000137801	7057	membrane_and_secreted	P07996	protein	complex	integrin_a3b1_complex	P05556;P26006	284	uniprot	Ligand-Receptor	0	complex_component_support_only	0	0	0	0	0		
HGNC:6153	ITGB1	P05556	ENSG00000150093	3688	membrane	integrin_a3b1_complex	complex	protein	P07996	P07996	284	uniprot	Ligand-Receptor	0	complex_component_support_only	0	0	0	0	0		
HGNC:6139	ITGA3	P26006	ENSG00000005884	3675	membrane	integrin_a3b1_complex	complex	protein	P07996	P07996	284	uniprot	Ligand-Receptor	0	complex_component_support_only	0	0	0	0	0		
HGNC:11785	THBS1	P07996	ENSG00000137801	7057	membrane_and_secreted	P07996	protein	complex	integrin_aVb3_complex	P05106;P06756	285	uniprot	Ligand-Receptor	0	complex_component_support_only	0	0	0	0	0		
HGNC:6156	ITGB3	P05106	ENSG00000259207	3690	membrane	integrin_aVb3_complex	complex	protein	P07996	P07996	285	uniprot	Ligand-Receptor	0	complex_component_support_only	0	0	0	0	0		
HGNC:6150	ITGAV	P06756	ENSG00000138448	3685	membrane	integrin_aVb3_complex	complex	protein	P07996	P07996	285	uniprot	Ligand-Receptor	0	complex_component_support_only	0	0	0	0	0		
HGNC:12663	VCAM1	P19320	ENSG00000162692	7412	membrane_and_secreted	P19320	protein	complex	integrin_a4b1_complex	P05556;P13612	286	PMC4368157	Ligand-Receptor	0	complex_component_support_only	0	0	0	0	0		
HGNC:6153	ITGB1	P05556	ENSG00000150093	3688	membrane	integrin_a4b1_complex	complex	protein	P19320	P19320	286	PMC4368157	Ligand-Receptor	0	complex_component_support_only	0	0	0	0	0		
HGNC:6140	ITGA4	P13612	ENSG00000115232	3676	membrane_inferred	integrin_a4b1_complex	complex	protein	P19320	P19320	286	PMC4368157	Ligand-Receptor	0	complex_component_support_only	0	0	0	0	0		
HGNC:12663	VCAM1	P19320	ENSG00000162692	7412	membrane_and_secreted	P19320	protein	complex	integrin_a4b7_complex	P13612;P26010	287	uniprot	Ligand-Receptor	0	complex_component_support_only	0	0	0	0	0		
HGNC:6140	ITGA4	P13612	ENSG00000115232	3676	membrane_inferred	integrin_a4b7_complex	complex	protein	P19320	P19320	287	uniprot	Ligand-Receptor	0	complex_component_support_only	0	0	0	0	0		
HGNC:6162	ITGB7	P26010	ENSG00000139626	3695	membrane	integrin_a4b7_complex	complex	protein	P19320	P19320	287	uniprot	Ligand-Receptor	0	complex_component_support_only	0	0	0	0	0		
HGNC:12663	VCAM1	P19320	ENSG00000162692	7412	membrane_and_secreted	P19320	protein	complex	integrin_a9b1_complex	P05556;Q13797	288	uniprot	Ligand-Receptor	0	complex_component_support_only	0	0	0	0	0		
HGNC:6153	ITGB1	P05556	ENSG00000150093	3688	membrane	integrin_a9b1_complex	complex	protein	P19320	P19320	288	uniprot	Ligand-Receptor	0	complex_component_support_only	0	0	0	0	0		
HGNC:6145	ITGA9	Q13797	ENSG00000144668	3680	membrane_inferred	integrin_a9b1_complex	complex	protein	P19320	P19320	288	uniprot	Ligand-Receptor	0	complex_component_support_only	0	0	0	0	0		
HGNC:12663	VCAM1	P19320	ENSG00000162692	7412	membrane_and_secreted	P19320	protein	complex	integrin_aDb2_complex	P05107;Q13349	289	uniprot	Ligand-Receptor	0	complex_component_support_only	0	0	0	0	0		
HGNC:6155	ITGB2	P05107	ENSG00000160255	3689	membrane	integrin_aDb2_complex	complex	protein	P19320	P19320	289	uniprot	Ligand-Receptor	0	complex_component_support_only	0	0	0	0	0		
HGNC:6146	ITGAD	Q13349	ENSG00000156886	3681	membrane	integrin_aDb2_complex	complex	protein	P19320	P19320	289	uniprot	Ligand-Receptor	0	complex_component_support_only	0	0	0	0	0		
HGNC:12724	VTN	P04004	ENSG00000109072	7448	secreted_only	P04004	protein	complex	integrin_a2Bb3_complex	P05106;P08514	290	uniprot	Ligand-Receptor	0	complex_component_support_only	0	0	0	0	0		
HGNC:6156	ITGB3	P05106	ENSG00000259207	3690	membrane	integrin_a2Bb3_complex	complex	protein	P04004	P04004	290	uniprot	Ligand-Receptor	0	complex_component_support_only	0	0	0	0	0		
HGNC:6138	ITGA2B	P08514	ENSG00000005961	3674	membrane	integrin_a2Bb3_complex	complex	protein	P04004	P04004	290	uniprot	Ligand-Receptor	0	complex_component_support_only	0	0	0	0	0		
HGNC:12724	VTN	P04004	ENSG00000109072	7448	secreted_only	P04004	protein	complex	integrin_aVb1_complex	P05556;P06756	291	uniprot	Ligand-Receptor	0	complex_component_support_only	0	0	0	0	0		
HGNC:6153	ITGB1	P05556	ENSG00000150093	3688	membrane	integrin_aVb1_complex	complex	protein	P04004	P04004	291	uniprot	Ligand-Receptor	0	complex_component_support_only	0	0	0	0	0		
HGNC:6150	ITGAV	P06756	ENSG00000138448	3685	membrane	integrin_aVb1_complex	complex	protein	P04004	P04004	291	uniprot	Ligand-Receptor	0	complex_component_support_only	0	0	0	0	0		
HGNC:12724	VTN	P04004	ENSG00000109072	7448	secreted_only	P04004	protein	complex	integrin_aVb3_complex	P05106;P06756	292	uniprot	Ligand-Receptor	0	complex_component_support_only	0	0	0	0	0		
HGNC:6156	ITGB3	P05106	ENSG00000259207	3690	membrane	integrin_aVb3_complex	complex	protein	P04004	P04004	292	uniprot	Ligand-Receptor	0	complex_component_support_only	0	0	0	0	0		
HGNC:6150	ITGAV	P06756	ENSG00000138448	3685	membrane	integrin_aVb3_complex	complex	protein	P04004	P04004	292	uniprot	Ligand-Receptor	0	complex_component_support_only	0	0	0	0	0		
HGNC:9031	PLA2G2A	P14555	ENSG00000188257	5320	membrane_and_secreted	P14555	protein	complex	integrin_a4b1_complex	P05556;P13612	293	uniprot	Ligand-Receptor	0	complex_component_support_only	0	0	0	0	0		
HGNC:6153	ITGB1	P05556	ENSG00000150093	3688	membrane	integrin_a4b1_complex	complex	protein	P14555	P14555	293	uniprot	Ligand-Receptor	0	complex_component_support_only	0	0	0	0	0		
HGNC:6140	ITGA4	P13612	ENSG00000115232	3676	membrane_inferred	integrin_a4b1_complex	complex	protein	P14555	P14555	293	uniprot	Ligand-Receptor	0	complex_component_support_only	0	0	0	0	0		
HGNC:9031	PLA2G2A	P14555	ENSG00000188257	5320	membrane_and_secreted	P14555	protein	complex	integrin_a5b1_complex	P05556;P08648	294	uniprot	Ligand-Receptor	0	complex_component_support_only	0	0	0	0	0		
HGNC:6153	ITGB1	P05556	ENSG00000150093	3688	membrane	integrin_a5b1_complex	complex	protein	P14555	P14555	294	uniprot	Ligand-Receptor	0	complex_component_support_only	0	0	0	0	0		
HGNC:6141	ITGA5	P08648	ENSG00000161638	3678	membrane	integrin_a5b1_complex	complex	protein	P14555	P14555	294	uniprot	Ligand-Receptor	0	complex_component_support_only	0	0	0	0	0		
HGNC:1950	CHRM1	P11229	ENSG00000168539	1128	membrane	P11229	protein	chemical	Acetylcholine		295;587;597;607	reactome;uniprot;reactome;IUPHAR	Ligand-Receptor	0	chemical_identity_not_mapped	0	0	0	0	0		
HGNC:1951	CHRM2	P08172	ENSG00000181072	1129	membrane	P08172	protein	chemical	Acetylcholine		296;588;598;608	reactome;uniprot;reactome;IUPHAR	Ligand-Receptor	0	chemical_identity_not_mapped	0	0	0	0	0		
HGNC:1952	CHRM3	P20309	ENSG00000133019	1131	membrane	P20309	protein	chemical	Acetylcholine		297;589;599;609	reactome;uniprot;reactome;IUPHAR	Ligand-Receptor	0	chemical_identity_not_mapped	0	0	0	0	0		
HGNC:1953	CHRM4	P08173	ENSG00000180720	1132	membrane	P08173	protein	chemical	Acetylcholine		298;590;600;610	reactome;uniprot;reactome;IUPHAR	Ligand-Receptor	0	chemical_identity_not_mapped	0	0	0	0	0		
HGNC:1954	CHRM5	P08912	ENSG00000184984	1133	membrane	P08912	protein	chemical	Acetylcholine		299;591;601;611	reactome;uniprot;reactome;IUPHAR	Ligand-Receptor	0	chemical_identity_not_mapped	0	0	0	0	0		
HGNC:1955	CHRNA1	P02708	ENSG00000138435	1134	membrane	P02708	protein	chemical	Acetylcholine		300	reactome	Ligand-Receptor	0	chemical_identity_not_mapped	0	0	0	0	0		
HGNC:1963	CHRNB3	Q05901	ENSG00000147432	1142	membrane	AcetylcholineReceptor_a2b3	complex	chemical	Acetylcholine		301	reactome	Ligand-Receptor	0	chemical_identity_not_mapped	0	0	0	0	0		
HGNC:1956	CHRNA2	Q15822	ENSG00000120903	1135	membrane	AcetylcholineReceptor_a2b3	complex	chemical	Acetylcholine		301	reactome	Ligand-Receptor	0	chemical_identity_not_mapped	0	0	0	0	0		
HGNC:1962	CHRNB2	P17787	ENSG00000160716	1141	membrane	AcetylcholineReceptor_a3b2a5	complex	chemical	Acetylcholine		302	reactome	Ligand-Receptor	0	chemical_identity_not_mapped	0	0	0	0	0		
HGNC:1959	CHRNA5	P30532	ENSG00000169684	1138	membrane	AcetylcholineReceptor_a3b2a5	complex	chemical	Acetylcholine		302	reactome	Ligand-Receptor	0	chemical_identity_not_mapped	0	0	0	0	0		
HGNC:1957	CHRNA3	P32297	ENSG00000080644	1136	membrane	AcetylcholineReceptor_a3b2a5	complex	chemical	Acetylcholine		302	reactome	Ligand-Receptor	0	chemical_identity_not_mapped	0	0	0	0	0		
HGNC:1959	CHRNA5	P30532	ENSG00000169684	1138	membrane	AcetylcholineReceptor_a3b4a5	complex	chemical	Acetylcholine		303	reactome	Ligand-Receptor	0	chemical_identity_not_mapped	0	0	0	0	0		
HGNC:1964	CHRNB4	P30926	ENSG00000117971	1143	membrane	AcetylcholineReceptor_a3b4a5	complex	chemical	Acetylcholine		303	reactome	Ligand-Receptor	0	chemical_identity_not_mapped	0	0	0	0	0		
HGNC:1957	CHRNA3	P32297	ENSG00000080644	1136	membrane	AcetylcholineReceptor_a3b4a5	complex	chemical	Acetylcholine		303	reactome	Ligand-Receptor	0	chemical_identity_not_mapped	0	0	0	0	0		
HGNC:1958	CHRNA4	P43681	ENSG00000101204	1137	membrane	AcetylcholineReceptor_a6a4b3	complex	chemical	Acetylcholine		304	reactome	Ligand-Receptor	0	chemical_identity_not_mapped	0	0	0	0	0		
HGNC:1963	CHRNB3	Q05901	ENSG00000147432	1142	membrane	AcetylcholineReceptor_a6a4b3	complex	chemical	Acetylcholine		304	reactome	Ligand-Receptor	0	chemical_identity_not_mapped	0	0	0	0	0		
HGNC:15963	CHRNA6	Q15825	ENSG00000147434	8973	membrane	AcetylcholineReceptor_a6a4b3	complex	chemical	Acetylcholine		304	reactome	Ligand-Receptor	0	chemical_identity_not_mapped	0	0	0	0	0		
HGNC:1962	CHRNB2	P17787	ENSG00000160716	1141	membrane	AcetylcholineReceptor_a4b2	complex	chemical	Acetylcholine		305;595;605;615	reactome;uniprot;reactome;IUPHAR	Ligand-Receptor	0	chemical_identity_not_mapped	0	0	0	0	0		
HGNC:1958	CHRNA4	P43681	ENSG00000101204	1137	membrane	AcetylcholineReceptor_a4b2	complex	chemical	Acetylcholine		305;595;605;615	reactome;uniprot;reactome;IUPHAR	Ligand-Receptor	0	chemical_identity_not_mapped	0	0	0	0	0		
HGNC:1964	CHRNB4	P30926	ENSG00000117971	1143	membrane	AcetylcholineReceptor_a6b3b4	complex	chemical	Acetylcholine		306	reactome	Ligand-Receptor	0	chemical_identity_not_mapped	0	0	0	0	0		
HGNC:1963	CHRNB3	Q05901	ENSG00000147432	1142	membrane	AcetylcholineReceptor_a6b3b4	complex	chemical	Acetylcholine		306	reactome	Ligand-Receptor	0	chemical_identity_not_mapped	0	0	0	0	0		
HGNC:15963	CHRNA6	Q15825	ENSG00000147434	8973	membrane	AcetylcholineReceptor_a6b3b4	complex	chemical	Acetylcholine		306	reactome	Ligand-Receptor	0	chemical_identity_not_mapped	0	0	0	0	0		
HGNC:1960	CHRNA7	P36544	ENSG00000175344	1139	membrane	P36544	protein	chemical	Acetylcholine		307	reactome	Ligand-Receptor	0	chemical_identity_not_mapped	0	0	0	0	0		
HGNC:262	ADORA1	P30542	ENSG00000163485	134	membrane	P30542	protein	chemical	Adenosine		308;312;316;320	uniprot;reactome;IUPHAR	Ligand-Receptor	0	chemical_identity_not_mapped	0	0	0	0	0		
HGNC:263	ADORA2A	P29274	ENSG00000128271	135	membrane	P29274	protein	chemical	Adenosine		309;313;317;321	uniprot;reactome;IUPHAR	Ligand-Receptor	0	chemical_identity_not_mapped	0	0	0	0	0		
HGNC:264	ADORA2B	P29275	ENSG00000170425	136	membrane	P29275	protein	chemical	Adenosine		310;314;318;322	uniprot;reactome;IUPHAR	Ligand-Receptor	0	chemical_identity_not_mapped	0	0	0	0	0		
HGNC:268	ADORA3	P0DMS8	ENSG00000282608	140	membrane	P0DMS8	protein	chemical	Adenosine		311;315;319;323	uniprot;reactome;IUPHAR	Ligand-Receptor	0	chemical_identity_not_mapped	0	0	0	0	0		
HGNC:277	ADRA1A	P35348	ENSG00000120907	148	membrane	P35348	protein	chemical	Adrenaline		324;333	uniprot;reactome;IUPHAR	Ligand-Receptor	0	chemical_identity_not_mapped	0	0	0	0	0		
HGNC:278	ADRA1B	P35368	ENSG00000170214	147	membrane	P35368	protein	chemical	Adrenaline		325;334	uniprot;reactome;IUPHAR	Ligand-Receptor	0	chemical_identity_not_mapped	0	0	0	0	0		
HGNC:280	ADRA1D	P25100	ENSG00000171873	146	membrane	P25100	protein	chemical	Adrenaline		326;335	uniprot;reactome;IUPHAR	Ligand-Receptor	0	chemical_identity_not_mapped	0	0	0	0	0		
HGNC:281	ADRA2A	P08913	ENSG00000150594	150	membrane	P08913	protein	chemical	Adrenaline		327;336	uniprot;reactome;IUPHAR	Ligand-Receptor	0	chemical_identity_not_mapped	0	0	0	0	0		
HGNC:282	ADRA2B	P18089	ENSG00000274286	151	membrane	P18089	protein	chemical	Adrenaline		328;337	uniprot;reactome;IUPHAR	Ligand-Receptor	0	chemical_identity_not_mapped	0	0	0	0	0		
HGNC:283	ADRA2C	P18825	ENSG00000184160	152	membrane	P18825	protein	chemical	Adrenaline		329;338	uniprot;reactome;IUPHAR	Ligand-Receptor	0	chemical_identity_not_mapped	0	0	0	0	0		
HGNC:285	ADRB1	P08588	ENSG00000043591	153	membrane	P08588	protein	chemical	Adrenaline		330;339	uniprot;reactome;IUPHAR	Ligand-Receptor	0	chemical_identity_not_mapped	0	0	0	0	0		
HGNC:286	ADRB2	P07550	ENSG00000169252	154	membrane	P07550	protein	chemical	Adrenaline		331;340	uniprot;reactome;IUPHAR	Ligand-Receptor	0	chemical_identity_not_mapped	0	0	0	0	0		
HGNC:288	ADRB3	P13945	ENSG00000188778	155	membrane	P13945	protein	chemical	Adrenaline		332;341	uniprot;reactome;IUPHAR	Ligand-Receptor	0	chemical_identity_not_mapped	0	0	0	0	0		
HGNC:9845	RAMP3	O60896	ENSG00000122679	10268	membrane	RAMP3_complex	complex	protein	P35318	P35318	342	uniprot	Ligand-Receptor	0	complex_component_support_only	0	0	0	0	0		
HGNC:16709	CALCRL	Q16602	ENSG00000064989	10203	membrane	RAMP3_complex	complex	protein	P35318	P35318	342	uniprot	Ligand-Receptor	0	complex_component_support_only	0	0	0	0	1	4rwf;5v6y;6v2e	
HGNC:4485	GPER1	Q99527	ENSG00000164850	2852	membrane	RAMP3_complex	complex	protein	P35318	P35318	342	uniprot	Ligand-Receptor	0	complex_component_support_only	0	0	0	0	0		
HGNC:9845	RAMP3	O60896	ENSG00000122679	10268	membrane	O60896	protein	protein	P35318	P35318	343	uniprot	Ligand-Receptor	1	single_protein_pair	0	0	0	0	0		
HGNC:9845	RAMP3	O60896	ENSG00000122679	10268	membrane	RAMP3_complex	complex	protein	Q7Z4H4	Q7Z4H4	344	uniprot	Ligand-Receptor	0	complex_component_support_only	0	0	0	0	1	6uva	
HGNC:16709	CALCRL	Q16602	ENSG00000064989	10203	membrane	RAMP3_complex	complex	protein	Q7Z4H4	Q7Z4H4	344	uniprot	Ligand-Receptor	0	complex_component_support_only	0	0	0	0	1	6d1u	
HGNC:4485	GPER1	Q99527	ENSG00000164850	2852	membrane	RAMP3_complex	complex	protein	Q7Z4H4	Q7Z4H4	344	uniprot	Ligand-Receptor	0	complex_component_support_only	0	0	0	0	0		
HGNC:9844	RAMP2	O60895	ENSG00000131477	10266	membrane	RAMP2_complex	complex	protein	Q7Z4H4	Q7Z4H4	345	uniprot	Ligand-Receptor	0	complex_component_support_only	0	0	0	0	0		
HGNC:16709	CALCRL	Q16602	ENSG00000064989	10203	membrane	RAMP2_complex	complex	protein	Q7Z4H4	Q7Z4H4	345	uniprot	Ligand-Receptor	0	complex_component_support_only	0	0	0	0	1	6d1u	
HGNC:6930	MC2R	Q01718	ENSG00000185231	4158	membrane	Q01718	protein	protein	O00253	O00253	346	GPCRdb (https://gpcrdb.org/ligand/endogenousbrowser/)	Ligand-Receptor	1	single_protein_pair	0	0	0	0	0		
HGNC:6931	MC3R	P41968	ENSG00000124089	4159	membrane	P41968	protein	protein	O00253	O00253	347	uniprot	Ligand-Receptor	1	single_protein_pair	0	0	0	0	0		
HGNC:6932	MC4R	P32245	ENSG00000166603	4160	membrane	P32245	protein	protein	O00253	O00253	348	uniprot	Ligand-Receptor	1	single_protein_pair	0	0	0	0	0		
HGNC:6933	MC5R	P33032	ENSG00000176136	4161	membrane	P33032	protein	protein	O00253	O00253	349	GPCRdb (https://gpcrdb.org/ligand/endogenousbrowser/)	Ligand-Receptor	1	single_protein_pair	0	0	0	0	0		
HGNC:745	ASIP	P42127	ENSG00000101440	434	secreted_only	P42127	protein	protein	Q01726	Q01726	350	uniprot	Ligand-Receptor	1	single_protein_pair	0	0	0	0	0		
HGNC:6929	MC1R	Q01726	ENSG00000258839	4157	membrane	Q01726	protein	protein	P42127	P42127	350	uniprot	Ligand-Receptor	1	single_protein_pair	0	0	0	0	0		
HGNC:329	AGRN	O00468	ENSG00000188157	375790	membrane_and_secreted	O00468	protein	complex	LRP4_MUSK_complex	O15146;O75096	351	reactome	Ligand-Receptor	0	complex_component_support_only	0	0	0	0	0		
HGNC:7525	MUSK	O15146	ENSG00000030304	4593	membrane	LRP4_MUSK_complex	complex	protein	O00468	O00468	351	reactome	Ligand-Receptor	0	complex_component_support_only	0	0	0	0	1	8s9p	
HGNC:6696	LRP4	O75096	ENSG00000134569	4038	membrane	LRP4_MUSK_complex	complex	protein	O00468	O00468	351	reactome	Ligand-Receptor	0	complex_component_support_only	0	0	0	0	1	8s9p	
HGNC:329	AGRN	O00468	ENSG00000188157	375790	membrane_and_secreted	O00468	protein	protein	Q13332	Q13332	352	reactome	Ligand-Receptor	1	single_protein_pair	0	0	0	0	0		
HGNC:9681	PTPRS	Q13332	ENSG00000105426	5802	membrane	Q13332	protein	protein	O00468	O00468	352	reactome	Ligand-Receptor	1	single_protein_pair	0	0	0	0	0		
HGNC:1440	CALCR	P30988	ENSG00000004948	799	membrane	P30988	protein	protein	P10997	P10997	353	GPCRdb (https://gpcrdb.org/ligand/endogenousbrowser/)	Ligand-Receptor	1	single_protein_pair	1	0	0	0	0		
HGNC:9843	RAMP1	O60894	ENSG00000132329	10267	membrane	AMY1_receptor	complex	protein	P10997	P10997	354	reactome	Ligand-Receptor	0	complex_component_support_only	0	0	0	0	1	9blw	
HGNC:1440	CALCR	P30988	ENSG00000004948	799	membrane	AMY1_receptor	complex	protein	P10997	P10997	354	reactome	Ligand-Receptor	0	complex_component_support_only	0	0	0	0	0		
HGNC:9844	RAMP2	O60895	ENSG00000131477	10266	membrane	AMY2_receptor	complex	protein	P10997	P10997	355	reactome	Ligand-Receptor	0	complex_component_support_only	0	0	0	0	1	9bq3	
HGNC:1440	CALCR	P30988	ENSG00000004948	799	membrane	AMY2_receptor	complex	protein	P10997	P10997	355	reactome	Ligand-Receptor	0	complex_component_support_only	0	0	0	0	0		
HGNC:9845	RAMP3	O60896	ENSG00000122679	10268	membrane	AMY3_receptor	complex	protein	P10997	P10997	356	reactome	Ligand-Receptor	0	complex_component_support_only	0	0	0	0	1	8f0k;8f2a;8f2b	
HGNC:1440	CALCR	P30988	ENSG00000004948	799	membrane	AMY3_receptor	complex	protein	P10997	P10997	356	reactome	Ligand-Receptor	0	complex_component_support_only	0	0	0	0	0		
HGNC:620	APP	P05067	ENSG00000142192	351	membrane_and_secreted	P05067	protein	protein	P04233	P04233	357	PMID:19849849	Ligand-Receptor	1	single_protein_pair	0	0	0	0	0		
HGNC:1697	CD74	P04233	ENSG00000019582	972	membrane_and_secreted	P04233	protein	protein	P05067	P05067	357	PMID:19849849	Ligand-Receptor	1	single_protein_pair	0	0	1	1	0		pubmed:35922511|imex:IM-30342
HGNC:620	APP	P05067	ENSG00000142192	351	membrane_and_secreted	P05067	protein	protein	P25090	P25090	358	reactome	Ligand-Receptor	1	single_protein_pair	1	0	0	0	0		
HGNC:3827	FPR2	P25090	ENSG00000171049	2358	membrane	P25090	protein	protein	P05067	P05067	358	reactome	Ligand-Receptor	1	single_protein_pair	1	0	0	0	0		
HGNC:620	APP	P05067	ENSG00000142192	351	membrane_and_secreted	P05067	protein	protein	Q9HCM2	Q9HCM2	359	Shilts screen - VALIDATED	Ligand-Receptor	1	single_protein_pair	0	0	0	0	0		
HGNC:9102	PLXNA4	Q9HCM2	ENSG00000221866	91584	membrane	Q9HCM2	protein	protein	P05067	P05067	359	Shilts screen - VALIDATED	Ligand-Receptor	1	single_protein_pair	0	0	0	0	0		
HGNC:620	APP	P05067	ENSG00000142192	351	membrane_and_secreted	P05067	protein	protein	Q92673	Q92673	360	uniprot	Ligand-Receptor	1	single_protein_pair	0	0	1	1	0		pubmed:16174740|imex:IM-26838
HGNC:11185	SORL1	Q92673	ENSG00000137642	6653	membrane_and_secreted	Q92673	protein	protein	P05067	P05067	360	uniprot	Ligand-Receptor	1	single_protein_pair	0	0	0	0	0		
HGNC:620	APP	P05067	ENSG00000142192	351	membrane_and_secreted	P05067	protein	protein	O75509	O75509	361	uniprot	Ligand-Receptor	1	single_protein_pair	0	0	0	0	0		
HGNC:13469	TNFRSF21	O75509	ENSG00000146072	27242	membrane	O75509	protein	protein	P05067	P05067	361	uniprot	Ligand-Receptor	1	single_protein_pair	0	0	0	0	0		
HGNC:620	APP	P05067	ENSG00000142192	351	membrane_and_secreted	P05067	protein	complex	TREM2_receptor	O43914;Q9NZC2	362	uniprot;PMID:27477013	Ligand-Receptor	0	complex_component_support_only	0	0	0	0	0		
HGNC:12449	TYROBP	O43914	ENSG00000011600	7305	membrane	TREM2_receptor	complex	protein	P05067	P05067	362	uniprot;PMID:27477013	Ligand-Receptor	0	complex_component_support_only	0	0	0	0	0		
HGNC:17761	TREM2	Q9NZC2	ENSG00000095970	54209	membrane_and_secreted	TREM2_receptor	complex	protein	P05067	P05067	362	uniprot;PMID:27477013	Ligand-Receptor	0	complex_component_support_only	0	0	0	0	0		
HGNC:598	APLP2	Q06481	ENSG00000084234	334	membrane	Q06481	protein	protein	P01833	P01833	363	Shilts screen - VALIDATED	Ligand-Receptor	1	single_protein_pair	0	0	0	0	0		
HGNC:8968	PIGR	P01833	ENSG00000162896	5284	membrane_and_secreted	P01833	protein	protein	Q06481	Q06481	363	Shilts screen - VALIDATED	Ligand-Receptor	1	single_protein_pair	0	0	0	0	0		
HGNC:598	APLP2	Q06481	ENSG00000084234	334	membrane	Q06481	protein	protein	Q9HCM2	Q9HCM2	364	Shilts screen - VALIDATED	Ligand-Receptor	1	single_protein_pair	0	0	0	0	0		
HGNC:9102	PLXNA4	Q9HCM2	ENSG00000221866	91584	membrane	Q9HCM2	protein	protein	Q06481	Q06481	364	Shilts screen - VALIDATED	Ligand-Receptor	1	single_protein_pair	0	0	0	0	0		
HGNC:4485	GPER1	Q99527	ENSG00000164850	2852	membrane	Q99527	protein	chemical	Estradiol		378;744	reactome;uniprot	Ligand-Receptor	0	chemical_identity_not_mapped	0	0	0	0	0		
HGNC:11724	TEK	Q02763	ENSG00000120156	7010	membrane_and_secreted	Q02763	protein	protein	Q15389	Q15389	385	uniprot	Ligand-Receptor	1	single_protein_pair	1	1	1	1	0	4k0v	pubmed:29106382|imex:IM-28947;pubmed:32822567|imex:IM-30326
HGNC:11724	TEK	Q02763	ENSG00000120156	7010	membrane_and_secreted	Q02763	protein	protein	O15123	O15123	386	uniprot	Ligand-Receptor	1	single_protein_pair	1	1	0	1	0	2gy7	
HGNC:11724	TEK	Q02763	ENSG00000120156	7010	membrane_and_secreted	Q02763	protein	protein	Q9Y264	Q9Y264	387	uniprot	Ligand-Receptor	1	single_protein_pair	0	0	0	0	0		
HGNC:336	AGTR1	P30556	ENSG00000144891	185	membrane	P30556	protein	protein	P01019	P01019	388	uniprot	Ligand-Receptor	1	single_protein_pair	1	0	0	0	0		
HGNC:338	AGTR2	P50052	ENSG00000180772	186	membrane	P50052	protein	protein	P01019	P01019	389	uniprot	Ligand-Receptor	1	single_protein_pair	1	0	0	0	0		
HGNC:533	ANXA1	P04083	ENSG00000135046	301	membrane_and_secreted	P04083	protein	protein	P21462	P21462	390	GPCRdb (https://gpcrdb.org/ligand/endogenousbrowser/)	Ligand-Receptor	1	single_protein_pair	0	0	0	0	0		
HGNC:3826	FPR1	P21462	ENSG00000171051	2357	membrane	P21462	protein	protein	P04083	P04083	390	GPCRdb (https://gpcrdb.org/ligand/endogenousbrowser/)	Ligand-Receptor	1	single_protein_pair	0	0	0	0	0		
HGNC:533	ANXA1	P04083	ENSG00000135046	301	membrane_and_secreted	P04083	protein	protein	P25090	P25090	391	PMID:22610094;reactome	Ligand-Receptor	1	single_protein_pair	0	0	0	0	0		
HGNC:3827	FPR2	P25090	ENSG00000171049	2358	membrane	P25090	protein	protein	P04083	P04083	391	PMID:22610094;reactome	Ligand-Receptor	1	single_protein_pair	0	0	0	0	0		
HGNC:533	ANXA1	P04083	ENSG00000135046	301	membrane_and_secreted	P04083	protein	protein	P25089	P25089	392	reactome	Ligand-Receptor	1	single_protein_pair	0	0	0	0	0		
HGNC:3828	FPR3	P25089	ENSG00000187474	2359	membrane	P25089	protein	protein	P04083	P04083	392	reactome	Ligand-Receptor	1	single_protein_pair	0	0	0	0	0		
HGNC:339	APLNR	P35414	ENSG00000134817	187	membrane	P35414	protein	protein	P0DMC3	P0DMC3	393	uniprot	Ligand-Receptor	1	single_protein_pair	1	0	0	0	0		
HGNC:339	APLNR	P35414	ENSG00000134817	187	membrane	P35414	protein	protein	Q9ULZ1	Q9ULZ1	394	uniprot	Ligand-Receptor	1	single_protein_pair	1	0	0	0	0		
HGNC:29	ABCA1	O95477	ENSG00000165029	19	membrane	O95477	protein	protein	P02647	P02647	395	reactome	Ligand-Receptor	1	single_protein_pair	0	0	0	0	0		
HGNC:2548	CUBN	O60494	ENSG00000107611	8029	membrane	CUBN_AMN_complex	complex	protein	P02647	P02647	396	reactome	Ligand-Receptor	0	complex_component_support_only	0	0	0	0	0		
HGNC:14604	AMN	Q9BXJ7	ENSG00000166126	81693	membrane_and_secreted	CUBN_AMN_complex	complex	protein	P02647	P02647	396	reactome	Ligand-Receptor	0	complex_component_support_only	0	0	0	0	0		
HGNC:12449	TYROBP	O43914	ENSG00000011600	7305	membrane	TREM2_receptor	complex	protein	P02647	P02647	397	uniprot;PMID:27477018	Ligand-Receptor	0	complex_component_support_only	0	0	0	0	0		
HGNC:17761	TREM2	Q9NZC2	ENSG00000095970	54209	membrane_and_secreted	TREM2_receptor	complex	protein	P02647	P02647	397	uniprot;PMID:27477018	Ligand-Receptor	0	complex_component_support_only	0	0	0	0	0		
HGNC:12449	TYROBP	O43914	ENSG00000011600	7305	membrane	TREM2_receptor	complex	protein	P02652	P02652	398	uniprot;PMID:27477017	Ligand-Receptor	0	complex_component_support_only	0	0	0	0	0		
HGNC:17761	TREM2	Q9NZC2	ENSG00000095970	54209	membrane_and_secreted	TREM2_receptor	complex	protein	P02652	P02652	398	uniprot;PMID:27477017	Ligand-Receptor	0	complex_component_support_only	0	0	0	0	0		
HGNC:24087	APOBR	Q0VD83	ENSG00000184730	55911	membrane	Q0VD83	protein	protein	P04114	P04114	399	uniprot	Ligand-Receptor	1	single_protein_pair	0	0	0	0	0		
HGNC:12449	TYROBP	O43914	ENSG00000011600	7305	membrane	TREM2_receptor	complex	protein	P04114	P04114	400	uniprot;PMID:27477016	Ligand-Receptor	0	complex_component_support_only	0	0	0	0	0		
HGNC:17761	TREM2	Q9NZC2	ENSG00000095970	54209	membrane_and_secreted	TREM2_receptor	complex	protein	P04114	P04114	400	uniprot;PMID:27477016	Ligand-Receptor	0	complex_component_support_only	0	0	0	0	0		
HGNC:613	APOE	P02649	ENSG00000130203	348	secreted_only	P02649	protein	complex	TREM2_receptor	O43914;Q9NZC2	401	uniprot;PMID:27477015	Ligand-Receptor	0	complex_component_support_only	0	0	0	0	0		
HGNC:12449	TYROBP	O43914	ENSG00000011600	7305	membrane	TREM2_receptor	complex	protein	P02649	P02649	401	uniprot;PMID:27477015	Ligand-Receptor	0	complex_component_support_only	0	0	0	0	0		
HGNC:17761	TREM2	Q9NZC2	ENSG00000095970	54209	membrane_and_secreted	TREM2_receptor	complex	protein	P02649	P02649	401	uniprot;PMID:27477015	Ligand-Receptor	0	complex_component_support_only	0	0	0	0	0		
HGNC:2159	CNR1	P21554	ENSG00000118432	1268	membrane	P21554	protein	chemical	2arachidonoylglycerol		402;405	reactome	Ligand-Receptor	0	chemical_identity_not_mapped	0	0	0	0	0		
HGNC:2160	CNR2	P34972	ENSG00000188822	1269	membrane	P34972	protein	chemical	2arachidonoylglycerol		403;406	reactome	Ligand-Receptor	0	chemical_identity_not_mapped	0	0	0	0	0		
HGNC:4511	GPR55	Q9Y2T6	ENSG00000135898	9290	membrane	Q9Y2T6	protein	chemical	2arachidonoylglycerol		404;407	reactome	Ligand-Receptor	0	chemical_identity_not_mapped	0	0	0	0	0		
HGNC:7809	NGFR	P08138	ENSG00000064300	4804	membrane	P08138	protein	protein	P01138	P01138	408	uniprot	Ligand-Receptor	1	single_protein_pair	0	0	0	0	0		
HGNC:8031	NTRK1	P04629	ENSG00000198400	4914	membrane	P04629	protein	protein	P01138	P01138	409	uniprot	Ligand-Receptor	1	single_protein_pair	1	1	1	1	0	1www;2ifg	pubmed:10490030|imex:IM-24298
HGNC:11186	SORT1	Q99523	ENSG00000134243	6272	membrane	Q99523	protein	protein	P01138	P01138	410	uniprot	Ligand-Receptor	1	single_protein_pair	0	0	0	0	0		
HGNC:20869	BMP10	O95393	ENSG00000163217	27302	secreted_only	O95393	protein	complex	ACVL1_ACVR2A	P27037;P37023	411	PMID:25136781	Ligand-Receptor	0	complex_component_support_only	0	0	0	0	1	6sf1;6sf3;7ppc	
HGNC:173	ACVR2A	P27037	ENSG00000121989	92	membrane	ACVL1_ACVR2A	complex	protein	O95393	O95393	411	PMID:25136781	Ligand-Receptor	0	complex_component_support_only	0	0	0	0	0		
HGNC:175	ACVRL1	P37023	ENSG00000139567	94	membrane	ACVL1_ACVR2A	complex	protein	O95393	O95393	411	PMID:25136781	Ligand-Receptor	0	complex_component_support_only	0	0	0	0	1	6sf1;6sf3;7ppc	
HGNC:20869	BMP10	O95393	ENSG00000163217	27302	secreted_only	O95393	protein	complex	ACVL1_BMPR2	P37023;Q13873	412	PMID:22710174	Ligand-Receptor	0	complex_component_support_only	0	0	0	0	1	6sf1;6sf3;7ppa;7ppb;7ppc	
HGNC:175	ACVRL1	P37023	ENSG00000139567	94	membrane	ACVL1_BMPR2	complex	protein	O95393	O95393	412	PMID:22710174	Ligand-Receptor	0	complex_component_support_only	0	0	0	0	1	6sf1;6sf3;7ppc	
HGNC:1078	BMPR2	Q13873	ENSG00000204217	659	membrane	ACVL1_BMPR2	complex	protein	O95393	O95393	412	PMID:22710174	Ligand-Receptor	0	complex_component_support_only	0	0	0	0	1	7ppa;7ppb;7ppc	
HGNC:1077	BMPR1B	O00238	ENSG00000138696	658	membrane	BMPR1B_BMPR2	complex	protein	O95972	O95972	413	PMID:22710174;PMID:12419820	Ligand-Receptor	0	complex_component_support_only	0	0	0	0	0		
HGNC:1078	BMPR2	Q13873	ENSG00000204217	659	membrane	BMPR1B_BMPR2	complex	protein	O95972	O95972	413	PMID:22710174;PMID:12419820	Ligand-Receptor	0	complex_component_support_only	0	0	0	0	0		
HGNC:1077	BMPR1B	O00238	ENSG00000138696	658	membrane	BMPR1B_BMPR2_ACVR1B	complex	complex	BMP9_BMP15	O95972;Q9UK05	414	PMID:1218020110	Ligand-Receptor	0	complex_component_support_only	0	0	0	0	0		
HGNC:172	ACVR1B	P36896	ENSG00000135503	91	membrane	BMPR1B_BMPR2_ACVR1B	complex	complex	BMP9_BMP15	O95972;Q9UK05	414	PMID:1218020110	Ligand-Receptor	0	complex_component_support_only	0	0	0	0	0		
HGNC:1078	BMPR2	Q13873	ENSG00000204217	659	membrane	BMPR1B_BMPR2_ACVR1B	complex	complex	BMP9_BMP15	O95972;Q9UK05	414	PMID:1218020110	Ligand-Receptor	0	complex_component_support_only	0	0	0	0	0		
HGNC:173	ACVR2A	P27037	ENSG00000121989	92	membrane	BMR1A_ACR2A	complex	protein	P12643	P12643	415	PMID:22710174	Ligand-Receptor	0	complex_component_support_only	0	0	0	0	0		
HGNC:1076	BMPR1A	P36894	ENSG00000107779	657	membrane	BMR1A_ACR2A	complex	protein	P12643	P12643	415	PMID:22710174	Ligand-Receptor	0	complex_component_support_only	0	0	0	0	1	1es7;1rew;2goo;2h62;2h64;2qj9;2qja;2qjb	
HGNC:1077	BMPR1B	O00238	ENSG00000138696	658	membrane	BMR1B_AVR2A	complex	protein	P12643	P12643	416	PMID:22710174	Ligand-Receptor	0	complex_component_support_only	0	0	0	0	0		
HGNC:173	ACVR2A	P27037	ENSG00000121989	92	membrane	BMR1B_AVR2A	complex	protein	P12643	P12643	416	PMID:22710174	Ligand-Receptor	0	complex_component_support_only	0	0	0	0	0		
HGNC:1076	BMPR1A	P36894	ENSG00000107779	657	membrane	BMR1A_AVR2B	complex	protein	P12643	P12643	417	PMID:22710174	Ligand-Receptor	0	complex_component_support_only	0	0	0	0	1	1es7;1rew;2goo;2h62;2h64;2qj9;2qja;2qjb	
HGNC:174	ACVR2B	Q13705	ENSG00000114739	93	membrane	BMR1A_AVR2B	complex	protein	P12643	P12643	417	PMID:22710174	Ligand-Receptor	0	complex_component_support_only	0	0	0	0	1	2h62	
HGNC:1077	BMPR1B	O00238	ENSG00000138696	658	membrane	BMR1B_AVR2B	complex	protein	P12643	P12643	418	PMID:22710174	Ligand-Receptor	0	complex_component_support_only	0	0	0	0	0		
HGNC:174	ACVR2B	Q13705	ENSG00000114739	93	membrane	BMR1B_AVR2B	complex	protein	P12643	P12643	418	PMID:22710174	Ligand-Receptor	0	complex_component_support_only	0	0	0	0	1	2h62	
HGNC:1076	BMPR1A	P36894	ENSG00000107779	657	membrane	BMPR1A_BMPR2	complex	protein	P12643	P12643	419	PMID:22710174	Ligand-Receptor	0	complex_component_support_only	0	0	0	0	1	1es7;1rew;2goo;2h62;2h64;2qj9;2qja;2qjb	
HGNC:1078	BMPR2	Q13873	ENSG00000204217	659	membrane	BMPR1A_BMPR2	complex	protein	P12643	P12643	419	PMID:22710174	Ligand-Receptor	0	complex_component_support_only	0	0	0	0	0		
HGNC:1077	BMPR1B	O00238	ENSG00000138696	658	membrane	BMPR1B_BMPR2	complex	protein	P12643	P12643	420	PMID:22710174	Ligand-Receptor	0	complex_component_support_only	0	0	0	0	0		
HGNC:1078	BMPR2	Q13873	ENSG00000204217	659	membrane	BMPR1B_BMPR2	complex	protein	P12643	P12643	420	PMID:22710174	Ligand-Receptor	0	complex_component_support_only	0	0	0	0	0		
HGNC:173	ACVR2A	P27037	ENSG00000121989	92	membrane	BMR1A_ACR2A	complex	protein	P12644	P12644	421	PMID:22710174	Ligand-Receptor	0	complex_component_support_only	0	0	0	0	0		
HGNC:1076	BMPR1A	P36894	ENSG00000107779	657	membrane	BMR1A_ACR2A	complex	protein	P12644	P12644	421	PMID:22710174	Ligand-Receptor	0	complex_component_support_only	0	0	0	0	0		
HGNC:1077	BMPR1B	O00238	ENSG00000138696	658	membrane	BMR1B_AVR2A	complex	protein	P12644	P12644	422	PMID:22710174	Ligand-Receptor	0	complex_component_support_only	0	0	0	0	0		
HGNC:173	ACVR2A	P27037	ENSG00000121989	92	membrane	BMR1B_AVR2A	complex	protein	P12644	P12644	422	PMID:22710174	Ligand-Receptor	0	complex_component_support_only	0	0	0	0	0		
HGNC:1076	BMPR1A	P36894	ENSG00000107779	657	membrane	BMR1A_AVR2B	complex	protein	P12644	P12644	423	PMID:22710174	Ligand-Receptor	0	complex_component_support_only	0	0	0	0	0		
HGNC:174	ACVR2B	Q13705	ENSG00000114739	93	membrane	BMR1A_AVR2B	complex	protein	P12644	P12644	423	PMID:22710174	Ligand-Receptor	0	complex_component_support_only	0	0	0	0	0		
HGNC:1077	BMPR1B	O00238	ENSG00000138696	658	membrane	BMR1B_AVR2B	complex	protein	P12644	P12644	424	PMID:22710174	Ligand-Receptor	0	complex_component_support_only	0	0	0	0	0		
HGNC:174	ACVR2B	Q13705	ENSG00000114739	93	membrane	BMR1B_AVR2B	complex	protein	P12644	P12644	424	PMID:22710174	Ligand-Receptor	0	complex_component_support_only	0	0	0	0	0		
HGNC:1076	BMPR1A	P36894	ENSG00000107779	657	membrane	BMPR1A_BMPR2	complex	protein	P12644	P12644	425	PMID:22710174	Ligand-Receptor	0	complex_component_support_only	0	0	0	0	0		
HGNC:1078	BMPR2	Q13873	ENSG00000204217	659	membrane	BMPR1A_BMPR2	complex	protein	P12644	P12644	425	PMID:22710174	Ligand-Receptor	0	complex_component_support_only	0	0	0	0	0		
HGNC:1077	BMPR1B	O00238	ENSG00000138696	658	membrane	BMPR1B_BMPR2	complex	protein	P12644	P12644	426	PMID:22710174	Ligand-Receptor	0	complex_component_support_only	0	0	0	0	0		
HGNC:1078	BMPR2	Q13873	ENSG00000204217	659	membrane	BMPR1B_BMPR2	complex	protein	P12644	P12644	426	PMID:22710174	Ligand-Receptor	0	complex_component_support_only	0	0	0	0	0		
HGNC:173	ACVR2A	P27037	ENSG00000121989	92	membrane	ACVR_1A2A_receptor	complex	protein	P22003	P22003	427	PMID:22710174	Ligand-Receptor	0	complex_component_support_only	0	0	0	0	0		
HGNC:171	ACVR1	Q04771	ENSG00000115170	90	membrane_inferred	ACVR_1A2A_receptor	complex	protein	P22003	P22003	427	PMID:22710174	Ligand-Receptor	0	complex_component_support_only	0	0	0	0	0		
HGNC:171	ACVR1	Q04771	ENSG00000115170	90	membrane_inferred	ACVR_1A2B_receptor	complex	protein	P22003	P22003	428	PMID:22710174	Ligand-Receptor	0	complex_component_support_only	0	0	0	0	0		
HGNC:174	ACVR2B	Q13705	ENSG00000114739	93	membrane	ACVR_1A2B_receptor	complex	protein	P22003	P22003	428	PMID:22710174	Ligand-Receptor	0	complex_component_support_only	0	0	0	0	0		
HGNC:171	ACVR1	Q04771	ENSG00000115170	90	membrane_inferred	ACVR1_BMPR2	complex	protein	P22003	P22003	429	PMID:22710174	Ligand-Receptor	0	complex_component_support_only	0	0	0	0	0		
HGNC:1078	BMPR2	Q13873	ENSG00000204217	659	membrane	ACVR1_BMPR2	complex	protein	P22003	P22003	429	PMID:22710174	Ligand-Receptor	0	complex_component_support_only	0	0	0	0	0		
HGNC:173	ACVR2A	P27037	ENSG00000121989	92	membrane	BMR1A_ACR2A	complex	protein	P22003	P22003	430	PMID:22710174	Ligand-Receptor	0	complex_component_support_only	0	0	0	0	0		
HGNC:1076	BMPR1A	P36894	ENSG00000107779	657	membrane	BMR1A_ACR2A	complex	protein	P22003	P22003	430	PMID:22710174	Ligand-Receptor	0	complex_component_support_only	0	0	0	0	0		
HGNC:1077	BMPR1B	O00238	ENSG00000138696	658	membrane	BMR1B_AVR2A	complex	protein	P22003	P22003	431	PMID:22710174	Ligand-Receptor	0	complex_component_support_only	0	0	0	0	0		
HGNC:173	ACVR2A	P27037	ENSG00000121989	92	membrane	BMR1B_AVR2A	complex	protein	P22003	P22003	431	PMID:22710174	Ligand-Receptor	0	complex_component_support_only	0	0	0	0	0		
HGNC:1076	BMPR1A	P36894	ENSG00000107779	657	membrane	BMR1A_AVR2B	complex	protein	P22003	P22003	432	PMID:22710174	Ligand-Receptor	0	complex_component_support_only	0	0	0	0	0		
HGNC:174	ACVR2B	Q13705	ENSG00000114739	93	membrane	BMR1A_AVR2B	complex	protein	P22003	P22003	432	PMID:22710174	Ligand-Receptor	0	complex_component_support_only	0	0	0	0	0		
HGNC:1077	BMPR1B	O00238	ENSG00000138696	658	membrane	BMR1B_AVR2B	complex	protein	P22003	P22003	433	PMID:22710174	Ligand-Receptor	0	complex_component_support_only	0	0	0	0	0		
HGNC:174	ACVR2B	Q13705	ENSG00000114739	93	membrane	BMR1B_AVR2B	complex	protein	P22003	P22003	433	PMID:22710174	Ligand-Receptor	0	complex_component_support_only	0	0	0	0	0		
HGNC:1076	BMPR1A	P36894	ENSG00000107779	657	membrane	BMPR1A_BMPR2	complex	protein	P22003	P22003	434	PMID:22710174	Ligand-Receptor	0	complex_component_support_only	0	0	0	0	0		
HGNC:1078	BMPR2	Q13873	ENSG00000204217	659	membrane	BMPR1A_BMPR2	complex	protein	P22003	P22003	434	PMID:22710174	Ligand-Receptor	0	complex_component_support_only	0	0	0	0	0		
HGNC:1077	BMPR1B	O00238	ENSG00000138696	658	membrane	BMPR1B_BMPR2	complex	protein	P22003	P22003	435	PMID:22710174	Ligand-Receptor	0	complex_component_support_only	0	0	0	0	0		
HGNC:1078	BMPR2	Q13873	ENSG00000204217	659	membrane	BMPR1B_BMPR2	complex	protein	P22003	P22003	435	PMID:22710174	Ligand-Receptor	0	complex_component_support_only	0	0	0	0	0		
HGNC:173	ACVR2A	P27037	ENSG00000121989	92	membrane	ACVR_1A2A_receptor	complex	protein	P22004	P22004	436	PMID:22710174	Ligand-Receptor	0	complex_component_support_only	0	0	0	0	0		
HGNC:171	ACVR1	Q04771	ENSG00000115170	90	membrane_inferred	ACVR_1A2A_receptor	complex	protein	P22004	P22004	436	PMID:22710174	Ligand-Receptor	0	complex_component_support_only	0	0	0	0	1	9n4k	
HGNC:171	ACVR1	Q04771	ENSG00000115170	90	membrane_inferred	ACVR_1A2B_receptor	complex	protein	P22004	P22004	437	PMID:22710174	Ligand-Receptor	0	complex_component_support_only	0	0	0	0	1	9n4k	
HGNC:174	ACVR2B	Q13705	ENSG00000114739	93	membrane	ACVR_1A2B_receptor	complex	protein	P22004	P22004	437	PMID:22710174	Ligand-Receptor	0	complex_component_support_only	0	0	0	0	1	9n4k	
HGNC:171	ACVR1	Q04771	ENSG00000115170	90	membrane_inferred	ACVR1_BMPR2	complex	protein	P22004	P22004	438	PMID:22710174	Ligand-Receptor	0	complex_component_support_only	0	0	0	0	1	9n4k	
HGNC:1078	BMPR2	Q13873	ENSG00000204217	659	membrane	ACVR1_BMPR2	complex	protein	P22004	P22004	438	PMID:22710174	Ligand-Receptor	0	complex_component_support_only	0	0	0	0	0		
HGNC:173	ACVR2A	P27037	ENSG00000121989	92	membrane	BMR1A_ACR2A	complex	protein	P22004	P22004	439	PMID:22710174	Ligand-Receptor	0	complex_component_support_only	0	0	0	0	0		
HGNC:1076	BMPR1A	P36894	ENSG00000107779	657	membrane	BMR1A_ACR2A	complex	protein	P22004	P22004	439	PMID:22710174	Ligand-Receptor	0	complex_component_support_only	0	0	0	0	0		
HGNC:1077	BMPR1B	O00238	ENSG00000138696	658	membrane	BMR1B_AVR2A	complex	protein	P22004	P22004	440	PMID:22710174	Ligand-Receptor	0	complex_component_support_only	0	0	0	0	0		
HGNC:173	ACVR2A	P27037	ENSG00000121989	92	membrane	BMR1B_AVR2A	complex	protein	P22004	P22004	440	PMID:22710174	Ligand-Receptor	0	complex_component_support_only	0	0	0	0	0		
HGNC:1076	BMPR1A	P36894	ENSG00000107779	657	membrane	BMR1A_AVR2B	complex	protein	P22004	P22004	441	PMID:22710174	Ligand-Receptor	0	complex_component_support_only	0	0	0	0	0		
HGNC:174	ACVR2B	Q13705	ENSG00000114739	93	membrane	BMR1A_AVR2B	complex	protein	P22004	P22004	441	PMID:22710174	Ligand-Receptor	0	complex_component_support_only	0	0	0	0	1	9n4k	
HGNC:1077	BMPR1B	O00238	ENSG00000138696	658	membrane	BMR1B_AVR2B	complex	protein	P22004	P22004	442	PMID:22710174	Ligand-Receptor	0	complex_component_support_only	0	0	0	0	0		
HGNC:174	ACVR2B	Q13705	ENSG00000114739	93	membrane	BMR1B_AVR2B	complex	protein	P22004	P22004	442	PMID:22710174	Ligand-Receptor	0	complex_component_support_only	0	0	0	0	1	9n4k	
HGNC:1076	BMPR1A	P36894	ENSG00000107779	657	membrane	BMPR1A_BMPR2	complex	protein	P22004	P22004	443	PMID:22710174	Ligand-Receptor	0	complex_component_support_only	0	0	0	0	0		
HGNC:1078	BMPR2	Q13873	ENSG00000204217	659	membrane	BMPR1A_BMPR2	complex	protein	P22004	P22004	443	PMID:22710174	Ligand-Receptor	0	complex_component_support_only	0	0	0	0	0		
HGNC:1077	BMPR1B	O00238	ENSG00000138696	658	membrane	BMPR1B_BMPR2	complex	protein	P22004	P22004	444	PMID:22710174	Ligand-Receptor	0	complex_component_support_only	0	0	0	0	0		
HGNC:1078	BMPR2	Q13873	ENSG00000204217	659	membrane	BMPR1B_BMPR2	complex	protein	P22004	P22004	444	PMID:22710174	Ligand-Receptor	0	complex_component_support_only	0	0	0	0	0		
HGNC:173	ACVR2A	P27037	ENSG00000121989	92	membrane	ACVR_1A2A_receptor	complex	protein	P18075	P18075	445	PMID:22710174	Ligand-Receptor	0	complex_component_support_only	0	0	0	0	0		
HGNC:171	ACVR1	Q04771	ENSG00000115170	90	membrane_inferred	ACVR_1A2A_receptor	complex	protein	P18075	P18075	445	PMID:22710174	Ligand-Receptor	0	complex_component_support_only	0	0	0	0	0		
HGNC:171	ACVR1	Q04771	ENSG00000115170	90	membrane_inferred	ACVR_1A2B_receptor	complex	protein	P18075	P18075	446	PMID:22710174	Ligand-Receptor	0	complex_component_support_only	0	0	0	0	0		
HGNC:174	ACVR2B	Q13705	ENSG00000114739	93	membrane	ACVR_1A2B_receptor	complex	protein	P18075	P18075	446	PMID:22710174	Ligand-Receptor	0	complex_component_support_only	0	0	0	0	0		
HGNC:171	ACVR1	Q04771	ENSG00000115170	90	membrane_inferred	ACVR1_BMPR2	complex	protein	P18075	P18075	447	PMID:22710174	Ligand-Receptor	0	complex_component_support_only	0	0	0	0	0		
HGNC:1078	BMPR2	Q13873	ENSG00000204217	659	membrane	ACVR1_BMPR2	complex	protein	P18075	P18075	447	PMID:22710174	Ligand-Receptor	0	complex_component_support_only	0	0	0	0	0		
HGNC:173	ACVR2A	P27037	ENSG00000121989	92	membrane	BMR1A_ACR2A	complex	protein	P18075	P18075	448	PMID:22710174	Ligand-Receptor	0	complex_component_support_only	0	0	0	0	0		
HGNC:1076	BMPR1A	P36894	ENSG00000107779	657	membrane	BMR1A_ACR2A	complex	protein	P18075	P18075	448	PMID:22710174	Ligand-Receptor	0	complex_component_support_only	0	0	0	0	0		
HGNC:1077	BMPR1B	O00238	ENSG00000138696	658	membrane	BMR1B_AVR2A	complex	protein	P18075	P18075	449	PMID:22710174	Ligand-Receptor	0	complex_component_support_only	0	0	0	0	0		
HGNC:173	ACVR2A	P27037	ENSG00000121989	92	membrane	BMR1B_AVR2A	complex	protein	P18075	P18075	449	PMID:22710174	Ligand-Receptor	0	complex_component_support_only	0	0	0	0	0		
HGNC:1076	BMPR1A	P36894	ENSG00000107779	657	membrane	BMR1A_AVR2B	complex	protein	P18075	P18075	450	PMID:22710174	Ligand-Receptor	0	complex_component_support_only	0	0	0	0	0		
HGNC:174	ACVR2B	Q13705	ENSG00000114739	93	membrane	BMR1A_AVR2B	complex	protein	P18075	P18075	450	PMID:22710174	Ligand-Receptor	0	complex_component_support_only	0	0	0	0	0		
HGNC:1077	BMPR1B	O00238	ENSG00000138696	658	membrane	BMR1B_AVR2B	complex	protein	P18075	P18075	451	PMID:22710174	Ligand-Receptor	0	complex_component_support_only	0	0	0	0	0		
HGNC:174	ACVR2B	Q13705	ENSG00000114739	93	membrane	BMR1B_AVR2B	complex	protein	P18075	P18075	451	PMID:22710174	Ligand-Receptor	0	complex_component_support_only	0	0	0	0	0		
HGNC:1076	BMPR1A	P36894	ENSG00000107779	657	membrane	BMPR1A_BMPR2	complex	protein	P18075	P18075	452	PMID:22710174	Ligand-Receptor	0	complex_component_support_only	0	0	0	0	0		
HGNC:1078	BMPR2	Q13873	ENSG00000204217	659	membrane	BMPR1A_BMPR2	complex	protein	P18075	P18075	452	PMID:22710174	Ligand-Receptor	0	complex_component_support_only	0	0	0	0	0		
HGNC:1077	BMPR1B	O00238	ENSG00000138696	658	membrane	BMPR1B_BMPR2	complex	protein	P18075	P18075	453	PMID:22710174	Ligand-Receptor	0	complex_component_support_only	0	0	0	0	0		
HGNC:1078	BMPR2	Q13873	ENSG00000204217	659	membrane	BMPR1B_BMPR2	complex	protein	P18075	P18075	453	PMID:22710174	Ligand-Receptor	0	complex_component_support_only	0	0	0	0	0		
HGNC:21650	BMP8A	Q7Z5Y6	ENSG00000183682	353500	secreted_only	Q7Z5Y6	protein	complex	ACVR_1A2A_receptor	P27037;Q04771	454	PMID:22710174	Ligand-Receptor	0	complex_component_support_only	0	0	0	0	0		
HGNC:173	ACVR2A	P27037	ENSG00000121989	92	membrane	ACVR_1A2A_receptor	complex	protein	Q7Z5Y6	Q7Z5Y6	454	PMID:22710174	Ligand-Receptor	0	complex_component_support_only	0	0	0	0	0		
HGNC:171	ACVR1	Q04771	ENSG00000115170	90	membrane_inferred	ACVR_1A2A_receptor	complex	protein	Q7Z5Y6	Q7Z5Y6	454	PMID:22710174	Ligand-Receptor	0	complex_component_support_only	0	0	0	0	0		
HGNC:21650	BMP8A	Q7Z5Y6	ENSG00000183682	353500	secreted_only	Q7Z5Y6	protein	complex	ACVR_1A2B_receptor	Q04771;Q13705	455	PMID:22710174	Ligand-Receptor	0	complex_component_support_only	0	0	0	0	0		
HGNC:171	ACVR1	Q04771	ENSG00000115170	90	membrane_inferred	ACVR_1A2B_receptor	complex	protein	Q7Z5Y6	Q7Z5Y6	455	PMID:22710174	Ligand-Receptor	0	complex_component_support_only	0	0	0	0	0		
HGNC:174	ACVR2B	Q13705	ENSG00000114739	93	membrane	ACVR_1A2B_receptor	complex	protein	Q7Z5Y6	Q7Z5Y6	455	PMID:22710174	Ligand-Receptor	0	complex_component_support_only	0	0	0	0	0		
HGNC:21650	BMP8A	Q7Z5Y6	ENSG00000183682	353500	secreted_only	Q7Z5Y6	protein	complex	ACVR1_BMPR2	Q04771;Q13873	456	PMID:22710174	Ligand-Receptor	0	complex_component_support_only	0	0	0	0	0		
HGNC:171	ACVR1	Q04771	ENSG00000115170	90	membrane_inferred	ACVR1_BMPR2	complex	protein	Q7Z5Y6	Q7Z5Y6	456	PMID:22710174	Ligand-Receptor	0	complex_component_support_only	0	0	0	0	0		
HGNC:1078	BMPR2	Q13873	ENSG00000204217	659	membrane	ACVR1_BMPR2	complex	protein	Q7Z5Y6	Q7Z5Y6	456	PMID:22710174	Ligand-Receptor	0	complex_component_support_only	0	0	0	0	0		
HGNC:21650	BMP8A	Q7Z5Y6	ENSG00000183682	353500	secreted_only	Q7Z5Y6	protein	complex	BMR1A_ACR2A	P27037;P36894	457	PMID:22710174	Ligand-Receptor	0	complex_component_support_only	0	0	0	0	0		
HGNC:173	ACVR2A	P27037	ENSG00000121989	92	membrane	BMR1A_ACR2A	complex	protein	Q7Z5Y6	Q7Z5Y6	457	PMID:22710174	Ligand-Receptor	0	complex_component_support_only	0	0	0	0	0		
HGNC:1076	BMPR1A	P36894	ENSG00000107779	657	membrane	BMR1A_ACR2A	complex	protein	Q7Z5Y6	Q7Z5Y6	457	PMID:22710174	Ligand-Receptor	0	complex_component_support_only	0	0	0	0	0		
HGNC:21650	BMP8A	Q7Z5Y6	ENSG00000183682	353500	secreted_only	Q7Z5Y6	protein	complex	BMR1B_AVR2A	O00238;P27037	458	PMID:22710174	Ligand-Receptor	0	complex_component_support_only	0	0	0	0	0		
HGNC:1077	BMPR1B	O00238	ENSG00000138696	658	membrane	BMR1B_AVR2A	complex	protein	Q7Z5Y6	Q7Z5Y6	458	PMID:22710174	Ligand-Receptor	0	complex_component_support_only	0	0	0	0	0		
HGNC:173	ACVR2A	P27037	ENSG00000121989	92	membrane	BMR1B_AVR2A	complex	protein	Q7Z5Y6	Q7Z5Y6	458	PMID:22710174	Ligand-Receptor	0	complex_component_support_only	0	0	0	0	0		
HGNC:21650	BMP8A	Q7Z5Y6	ENSG00000183682	353500	secreted_only	Q7Z5Y6	protein	complex	BMR1A_AVR2B	P36894;Q13705	459	PMID:22710174	Ligand-Receptor	0	complex_component_support_only	0	0	0	0	0		
HGNC:1076	BMPR1A	P36894	ENSG00000107779	657	membrane	BMR1A_AVR2B	complex	protein	Q7Z5Y6	Q7Z5Y6	459	PMID:22710174	Ligand-Receptor	0	complex_component_support_only	0	0	0	0	0		
HGNC:174	ACVR2B	Q13705	ENSG00000114739	93	membrane	BMR1A_AVR2B	complex	protein	Q7Z5Y6	Q7Z5Y6	459	PMID:22710174	Ligand-Receptor	0	complex_component_support_only	0	0	0	0	0		
HGNC:21650	BMP8A	Q7Z5Y6	ENSG00000183682	353500	secreted_only	Q7Z5Y6	protein	complex	BMR1B_AVR2B	O00238;Q13705	460	PMID:22710174	Ligand-Receptor	0	complex_component_support_only	0	0	0	0	0		
HGNC:1077	BMPR1B	O00238	ENSG00000138696	658	membrane	BMR1B_AVR2B	complex	protein	Q7Z5Y6	Q7Z5Y6	460	PMID:22710174	Ligand-Receptor	0	complex_component_support_only	0	0	0	0	0		
HGNC:174	ACVR2B	Q13705	ENSG00000114739	93	membrane	BMR1B_AVR2B	complex	protein	Q7Z5Y6	Q7Z5Y6	460	PMID:22710174	Ligand-Receptor	0	complex_component_support_only	0	0	0	0	0		
HGNC:21650	BMP8A	Q7Z5Y6	ENSG00000183682	353500	secreted_only	Q7Z5Y6	protein	complex	BMPR1A_BMPR2	P36894;Q13873	461	PMID:22710174	Ligand-Receptor	0	complex_component_support_only	0	0	0	0	0		
HGNC:1076	BMPR1A	P36894	ENSG00000107779	657	membrane	BMPR1A_BMPR2	complex	protein	Q7Z5Y6	Q7Z5Y6	461	PMID:22710174	Ligand-Receptor	0	complex_component_support_only	0	0	0	0	0		
HGNC:1078	BMPR2	Q13873	ENSG00000204217	659	membrane	BMPR1A_BMPR2	complex	protein	Q7Z5Y6	Q7Z5Y6	461	PMID:22710174	Ligand-Receptor	0	complex_component_support_only	0	0	0	0	0		
HGNC:21650	BMP8A	Q7Z5Y6	ENSG00000183682	353500	secreted_only	Q7Z5Y6	protein	complex	BMPR1B_BMPR2	O00238;Q13873	462	PMID:22710174	Ligand-Receptor	0	complex_component_support_only	0	0	0	0	0		
HGNC:1077	BMPR1B	O00238	ENSG00000138696	658	membrane	BMPR1B_BMPR2	complex	protein	Q7Z5Y6	Q7Z5Y6	462	PMID:22710174	Ligand-Receptor	0	complex_component_support_only	0	0	0	0	0		
HGNC:1078	BMPR2	Q13873	ENSG00000204217	659	membrane	BMPR1B_BMPR2	complex	protein	Q7Z5Y6	Q7Z5Y6	462	PMID:22710174	Ligand-Receptor	0	complex_component_support_only	0	0	0	0	0		
HGNC:1077	BMPR1B	O00238	ENSG00000138696	658	membrane	BMPR1B_BMPR2	complex	protein	P36894	P36894	463	3evs;_PDB_complex_higher_affinity	Receptor-Receptor	0	complex_component_support_only	0	0	0	0	0		
HGNC:1078	BMPR2	Q13873	ENSG00000204217	659	membrane	BMPR1B_BMPR2	complex	protein	P36894	P36894	463	3evs;_PDB_complex_higher_affinity	Receptor-Receptor	0	complex_component_support_only	0	0	0	0	0		
HGNC:1076	BMPR1A	P36894	ENSG00000107779	657	membrane	P36894	protein	complex	BMPR1B_BMPR2	O00238;Q13873	463	3evs;_PDB_complex_higher_affinity	Receptor-Receptor	0	complex_component_support_only	0	0	0	0	0		
HGNC:7809	NGFR	P08138	ENSG00000064300	4804	membrane	P08138	protein	protein	P23560	P23560	464	uniprot	Ligand-Receptor	1	single_protein_pair	0	0	0	0	0		
HGNC:8032	NTRK2	Q16620	ENSG00000148053	4915	membrane	Q16620	protein	protein	P23560	P23560	465	uniprot	Ligand-Receptor	1	single_protein_pair	0	0	0	0	0		
HGNC:11186	SORT1	Q99523	ENSG00000134243	6272	membrane	Q99523	protein	protein	P23560	P23560	466	uniprot	Ligand-Receptor	1	single_protein_pair	0	0	0	0	0		
HGNC:1440	CALCR	P30988	ENSG00000004948	799	membrane	P30988	protein	protein	P01258	P01258	467	uniprot;HMRbase;PMID:7476993	Ligand-Receptor	1	single_protein_pair	1	0	0	0	0		
HGNC:9843	RAMP1	O60894	ENSG00000132329	10267	membrane	RAMP1_complex	complex	protein	P01258	P01258	468	uniprot	Ligand-Receptor	0	complex_component_support_only	0	0	0	0	0		
HGNC:16709	CALCRL	Q16602	ENSG00000064989	10203	membrane	RAMP1_complex	complex	protein	P01258	P01258	468	uniprot	Ligand-Receptor	0	complex_component_support_only	0	0	0	0	0		
HGNC:1440	CALCR	P30988	ENSG00000004948	799	membrane	P30988	protein	protein	P10092	P10092	469	GPCRdb (https://gpcrdb.org/ligand/endogenousbrowser/)	Ligand-Receptor	1	single_protein_pair	0	0	0	0	0		
HGNC:9843	RAMP1	O60894	ENSG00000132329	10267	membrane	RAMP1_complex	complex	protein	P10092	P10092	470	uniprot	Ligand-Receptor	0	complex_component_support_only	0	0	0	0	0		
HGNC:16709	CALCRL	Q16602	ENSG00000064989	10203	membrane	RAMP1_complex	complex	protein	P10092	P10092	470	uniprot	Ligand-Receptor	0	complex_component_support_only	0	0	0	0	0		
HGNC:17447	CLSTN1	O94985	ENSG00000171603	22883	membrane	O94985	protein	protein	Q9ULB1	Q9ULB1	471	PMID:29100073	Ligand-Receptor	1	single_protein_pair	0	0	0	0	0		
HGNC:17447	CLSTN1	O94985	ENSG00000171603	22883	membrane	O94985	protein	protein	P58401	P58401	472	PMID:29100073	Ligand-Receptor	1	single_protein_pair	0	0	0	0	0		
HGNC:8009	NRXN2	P58401	ENSG00000110076	9379	membrane	P58401	protein	protein	O94985	O94985	472	PMID:29100073	Ligand-Receptor	1	single_protein_pair	0	0	0	0	0		
HGNC:17447	CLSTN1	O94985	ENSG00000171603	22883	membrane	O94985	protein	protein	Q9HDB5	Q9HDB5	473	PMID:29100073	Ligand-Receptor	1	single_protein_pair	0	0	0	0	0		
HGNC:8010	NRXN3	Q9HDB5	ENSG00000021645	9369	membrane	Q9HDB5	protein	protein	O94985	O94985	473	PMID:29100073	Ligand-Receptor	1	single_protein_pair	0	0	0	0	0		
HGNC:17448	CLSTN2	Q9H4D0	ENSG00000158258	64084	membrane	Q9H4D0	protein	protein	Q9ULB1	Q9ULB1	474	PMID:29100073	Ligand-Receptor	1	single_protein_pair	0	0	0	0	0		
HGNC:17448	CLSTN2	Q9H4D0	ENSG00000158258	64084	membrane	Q9H4D0	protein	protein	P58401	P58401	475	PMID:29100073	Ligand-Receptor	1	single_protein_pair	0	0	0	0	0		
HGNC:8009	NRXN2	P58401	ENSG00000110076	9379	membrane	P58401	protein	protein	Q9H4D0	Q9H4D0	475	PMID:29100073	Ligand-Receptor	1	single_protein_pair	0	0	0	0	0		
HGNC:17448	CLSTN2	Q9H4D0	ENSG00000158258	64084	membrane	Q9H4D0	protein	protein	Q9HDB5	Q9HDB5	476	PMID:29100073	Ligand-Receptor	1	single_protein_pair	0	0	0	0	0		
HGNC:8010	NRXN3	Q9HDB5	ENSG00000021645	9369	membrane	Q9HDB5	protein	protein	Q9H4D0	Q9H4D0	476	PMID:29100073	Ligand-Receptor	1	single_protein_pair	0	0	0	0	0		
HGNC:18371	CLSTN3	Q9BQT9	ENSG00000139182	9746	membrane	Q9BQT9	protein	protein	Q9ULB1	Q9ULB1	477	PMID:29100073	Ligand-Receptor	1	single_protein_pair	0	0	0	0	0		
HGNC:18371	CLSTN3	Q9BQT9	ENSG00000139182	9746	membrane	Q9BQT9	protein	protein	P58401	P58401	478	PMID:29100073	Ligand-Receptor	1	single_protein_pair	0	0	0	0	0		
HGNC:8009	NRXN2	P58401	ENSG00000110076	9379	membrane	P58401	protein	protein	Q9BQT9	Q9BQT9	478	PMID:29100073	Ligand-Receptor	1	single_protein_pair	0	0	0	0	0		
HGNC:18371	CLSTN3	Q9BQT9	ENSG00000139182	9746	membrane	Q9BQT9	protein	protein	Q9HDB5	Q9HDB5	479	PMID:29100073	Ligand-Receptor	1	single_protein_pair	0	0	0	0	0		
HGNC:8010	NRXN3	Q9HDB5	ENSG00000021645	9369	membrane	Q9HDB5	protein	protein	Q9BQT9	Q9BQT9	479	PMID:29100073	Ligand-Receptor	1	single_protein_pair	0	0	0	0	0		
HGNC:2532	CTSG	P08311	ENSG00000100448	1511	membrane_and_secreted	P08311	protein	protein	Q96RI0	Q96RI0	480	GPCRdb (https://gpcrdb.org/ligand/endogenousbrowser/)	Ligand-Receptor	1	single_protein_pair	0	0	0	0	0		
HGNC:3540	F2RL3	Q96RI0	ENSG00000127533	9002	membrane	Q96RI0	protein	protein	P08311	P08311	480	GPCRdb (https://gpcrdb.org/ligand/endogenousbrowser/)	Ligand-Receptor	1	single_protein_pair	0	0	0	0	0		
HGNC:2532	CTSG	P08311	ENSG00000100448	1511	membrane_and_secreted	P08311	protein	protein	P21462	P21462	481	GPCRdb (https://gpcrdb.org/ligand/endogenousbrowser/)	Ligand-Receptor	1	single_protein_pair	0	0	0	0	0		
HGNC:3826	FPR1	P21462	ENSG00000171051	2357	membrane	P21462	protein	protein	P08311	P08311	481	GPCRdb (https://gpcrdb.org/ligand/endogenousbrowser/)	Ligand-Receptor	1	single_protein_pair	0	0	0	0	0		
HGNC:1609	CCR8	P51685	ENSG00000179934	1237	membrane	P51685	protein	protein	P22362	P22362	482	PMID:24218476	Ligand-Receptor	1	single_protein_pair	0	0	0	0	0		
HGNC:1565	ACKR2	O00590	ENSG00000144648	1238	membrane	O00590	protein	protein	P51671	P51671	483	PMID:24218476	Ligand-Receptor	1	single_protein_pair	0	0	0	0	0		
HGNC:1604	CCR3	P51677	ENSG00000183625	1232	membrane	P51677	protein	protein	P51671	P51671	484	PMID:24218476	Ligand-Receptor	1	single_protein_pair	0	0	1	1	0		pubmed:25450766|imex:IM-24082
HGNC:3009	DPP4	P27487	ENSG00000197635	1803	membrane_and_secreted	P27487	protein	protein	P51671	P51671	485	PMID:24218476	Ligand-Receptor	1	single_protein_pair	0	0	1	1	0		pubmed:21314817
HGNC:1565	ACKR2	O00590	ENSG00000144648	1238	membrane	O00590	protein	protein	Q99616	Q99616	486	PMID:24218476	Ligand-Receptor	1	single_protein_pair	0	0	0	0	0		
HGNC:1603	CCR2	P41597	ENSG00000121807	729230	membrane	P41597	protein	protein	Q99616	Q99616	487	PMID:24218476	Ligand-Receptor	1	single_protein_pair	0	0	0	0	0		
HGNC:1604	CCR3	P51677	ENSG00000183625	1232	membrane	P51677	protein	protein	Q99616	Q99616	488	PMID:24218476	Ligand-Receptor	1	single_protein_pair	0	0	0	0	0		
HGNC:1565	ACKR2	O00590	ENSG00000144648	1238	membrane	O00590	protein	protein	Q16627	Q16627	489	PMID:24218476	Ligand-Receptor	1	single_protein_pair	0	0	0	0	0		
HGNC:1602	CCR1	P32246	ENSG00000163823	1230	membrane	P32246	protein	protein	Q16627	Q16627	490	PMID:24218476	Ligand-Receptor	1	single_protein_pair	0	0	0	0	0		
HGNC:1604	CCR3	P51677	ENSG00000183625	1232	membrane	P51677	protein	protein	Q16627	Q16627	491	PMID:24218476	Ligand-Receptor	1	single_protein_pair	0	0	0	0	0		
HGNC:1602	CCR1	P32246	ENSG00000163823	1230	membrane	P32246	protein	protein	Q16663	Q16663	492	uniprot	Ligand-Receptor	1	single_protein_pair	1	0	0	0	0		
HGNC:1604	CCR3	P51677	ENSG00000183625	1232	membrane	P51677	protein	protein	Q16663	Q16663	493	uniprot	Ligand-Receptor	1	single_protein_pair	0	0	0	0	0		
HGNC:1602	CCR1	P32246	ENSG00000163823	1230	membrane	P32246	protein	protein	O15467	O15467	494	PMID:24218476	Ligand-Receptor	1	single_protein_pair	0	0	0	0	0		
HGNC:1603	CCR2	P41597	ENSG00000121807	729230	membrane	P41597	protein	protein	O15467	O15467	495	PMID:24218476	Ligand-Receptor	1	single_protein_pair	0	0	0	0	0		
HGNC:1609	CCR8	P51685	ENSG00000179934	1237	membrane	P51685	protein	protein	O15467	O15467	496	uniprot;reactome	Ligand-Receptor	1	single_protein_pair	0	0	0	0	0		
HGNC:17383	HRH4	Q9H3N8	ENSG00000134489	59340	membrane	Q9H3N8	protein	protein	O15467	O15467	497	PMID:15265943	Ligand-Receptor	1	single_protein_pair	0	0	0	0	0		
HGNC:1605	CCR4	P51679	ENSG00000183813	1233	membrane	P51679	protein	protein	Q92583	Q92583	498	PMID:24218476	Ligand-Receptor	1	single_protein_pair	0	0	0	0	0		
HGNC:1609	CCR8	P51685	ENSG00000179934	1237	membrane	P51685	protein	protein	P55774	P55774	499	PMID:24218476	Ligand-Receptor	1	single_protein_pair	0	0	0	0	0		
HGNC:1611	ACKR4	Q9NPB9	ENSG00000129048	51554	membrane	Q9NPB9	protein	protein	Q99731	Q99731	500	PMID:24218476	Ligand-Receptor	1	single_protein_pair	0	0	0	0	0		
HGNC:1608	CCR7	P32248	ENSG00000126353	1236	membrane	P32248	protein	protein	Q99731	Q99731	501	PMID:24218476	Ligand-Receptor	1	single_protein_pair	1	0	0	0	0		
HGNC:1612	CCRL2	O00421	ENSG00000121797	9034	membrane	O00421	protein	protein	Q99731	Q99731	502	uniprot	Ligand-Receptor	1	single_protein_pair	0	0	0	0	0		
HGNC:4035	ACKR1	Q16570	ENSG00000213088	2532	membrane_inferred	Q16570	protein	protein	P13500	P13500	503	PMID:24218476	Ligand-Receptor	1	single_protein_pair	0	0	0	0	0		
HGNC:1565	ACKR2	O00590	ENSG00000144648	1238	membrane	O00590	protein	protein	P13500	P13500	504	PMID:24218476	Ligand-Receptor	1	single_protein_pair	0	0	0	0	0		
HGNC:1603	CCR2	P41597	ENSG00000121807	729230	membrane	P41597	protein	protein	P13500	P13500	505	PMID:24218476	Ligand-Receptor	1	single_protein_pair	1	0	0	0	0		
HGNC:1607	CCR6	P51684	ENSG00000112486	1235	membrane	P51684	protein	protein	P78556	P78556	506	PMID:24218476	Ligand-Receptor	1	single_protein_pair	1	1	0	1	0	6wwz	
HGNC:10620	CCL21	O00585	ENSG00000137077	6366	secreted_only	O00585	protein	protein	Q9NPB9	Q9NPB9	507	PMID:24218476	Ligand-Receptor	1	single_protein_pair	0	0	0	0	0		
HGNC:1611	ACKR4	Q9NPB9	ENSG00000129048	51554	membrane	Q9NPB9	protein	protein	O00585	O00585	507	PMID:24218476	Ligand-Receptor	1	single_protein_pair	0	0	0	0	0		
HGNC:10620	CCL21	O00585	ENSG00000137077	6366	secreted_only	O00585	protein	protein	P32248	P32248	508	PMID:24218476	Ligand-Receptor	1	single_protein_pair	1	1	0	1	0	9ko4;9l16;9xhi	
HGNC:1608	CCR7	P32248	ENSG00000126353	1236	membrane	P32248	protein	protein	O00585	O00585	508	PMID:24218476	Ligand-Receptor	1	single_protein_pair	1	0	0	0	0		
HGNC:1605	CCR4	P51679	ENSG00000183813	1233	membrane	P51679	protein	protein	O00626	O00626	509	PMID:24218476	Ligand-Receptor	1	single_protein_pair	0	0	0	0	0		
HGNC:3009	DPP4	P27487	ENSG00000197635	1803	membrane_and_secreted	P27487	protein	protein	O00626	O00626	510	PMID:24218476	Ligand-Receptor	1	single_protein_pair	0	0	1	1	0		pubmed:21314817
HGNC:1602	CCR1	P32246	ENSG00000163823	1230	membrane	P32246	protein	protein	P55773	P55773	511	PMID:24218476	Ligand-Receptor	1	single_protein_pair	0	0	0	0	0		
HGNC:3827	FPR2	P25090	ENSG00000171049	2358	membrane	P25090	protein	protein	P55773	P55773	512	reactome	Ligand-Receptor	1	single_protein_pair	0	0	0	0	0		
HGNC:1604	CCR3	P51677	ENSG00000183625	1232	membrane	P51677	protein	protein	O00175	O00175	513	PMID:24218476	Ligand-Receptor	1	single_protein_pair	0	0	0	0	0		
HGNC:10624	CCL25	O15444	ENSG00000131142	6370	secreted_only	O15444	protein	protein	Q9NPB9	Q9NPB9	514	PMID:24218476	Ligand-Receptor	1	single_protein_pair	0	0	0	0	0		
HGNC:1611	ACKR4	Q9NPB9	ENSG00000129048	51554	membrane	Q9NPB9	protein	protein	O15444	O15444	514	PMID:24218476	Ligand-Receptor	1	single_protein_pair	0	0	0	0	0		
HGNC:10624	CCL25	O15444	ENSG00000131142	6370	secreted_only	O15444	protein	protein	P51686	P51686	515	PMID:24218476	Ligand-Receptor	1	single_protein_pair	0	0	0	0	0		
HGNC:1610	CCR9	P51686	ENSG00000173585	10803	membrane	P51686	protein	protein	O15444	O15444	515	PMID:24218476	Ligand-Receptor	1	single_protein_pair	0	0	0	0	0		
HGNC:1602	CCR1	P32246	ENSG00000163823	1230	membrane	P32246	protein	protein	Q9Y258	Q9Y258	516	PMID:24218476	Ligand-Receptor	1	single_protein_pair	0	0	0	0	0		
HGNC:1603	CCR2	P41597	ENSG00000121807	729230	membrane	P41597	protein	protein	Q9Y258	Q9Y258	517	PMID:24218476	Ligand-Receptor	1	single_protein_pair	0	0	0	0	0		
HGNC:1604	CCR3	P51677	ENSG00000183625	1232	membrane	P51677	protein	protein	Q9Y258	Q9Y258	518	PMID:24218476	Ligand-Receptor	1	single_protein_pair	0	0	0	0	0		
HGNC:10626	CCL27	Q9Y4X3	ENSG00000213927	10850	secreted_only	Q9Y4X3	protein	protein	P46092	P46092	519	PMID:24218476	Ligand-Receptor	1	single_protein_pair	0	0	0	0	0		
HGNC:4474	CCR10	P46092	ENSG00000184451	2826	membrane	P46092	protein	protein	Q9Y4X3	Q9Y4X3	519	PMID:24218476	Ligand-Receptor	1	single_protein_pair	0	0	0	0	0		
HGNC:4474	CCR10	P46092	ENSG00000184451	2826	membrane	P46092	protein	protein	Q9NRJ3	Q9NRJ3	520	uniprot	Ligand-Receptor	1	single_protein_pair	0	0	0	0	0		
HGNC:1565	ACKR2	O00590	ENSG00000144648	1238	membrane	O00590	protein	protein	P10147	P10147	521	PMID:24218476	Ligand-Receptor	1	single_protein_pair	0	0	0	0	0		
HGNC:1602	CCR1	P32246	ENSG00000163823	1230	membrane	P32246	protein	protein	P10147	P10147	522	PMID:24218476	Ligand-Receptor	1	single_protein_pair	0	0	0	0	0		
HGNC:1604	CCR3	P51677	ENSG00000183625	1232	membrane	P51677	protein	protein	P10147	P10147	523	PMID:24218476	Ligand-Receptor	1	single_protein_pair	0	0	0	0	0		
HGNC:1606	CCR5	P51681	ENSG00000160791	1234	membrane	P51681	protein	protein	P10147	P10147	524	PMID:15251452	Ligand-Receptor	1	single_protein_pair	0	0	0	0	0		
HGNC:1602	CCR1	P32246	ENSG00000163823	1230	membrane	P32246	protein	protein	P16619	P16619	525	PMID:24218476	Ligand-Receptor	1	single_protein_pair	0	0	0	0	0		
HGNC:1604	CCR3	P51677	ENSG00000183625	1232	membrane	P51677	protein	protein	P16619	P16619	526	PMID:24218476	Ligand-Receptor	1	single_protein_pair	0	0	0	0	0		
HGNC:1565	ACKR2	O00590	ENSG00000144648	1238	membrane	O00590	protein	protein	P13236	P13236	527	PMID:24218476	Ligand-Receptor	1	single_protein_pair	0	0	0	0	0		
HGNC:1606	CCR5	P51681	ENSG00000160791	1234	membrane	P51681	protein	protein	P13236	P13236	528	uniprot	Ligand-Receptor	1	single_protein_pair	0	0	0	0	0		
HGNC:10632	CCL5	P13501	ENSG00000271503	6352	secreted_only	P13501	protein	protein	Q16570	Q16570	529	PMID:24218476	Ligand-Receptor	1	single_protein_pair	0	0	0	0	0		
HGNC:4035	ACKR1	Q16570	ENSG00000213088	2532	membrane_inferred	Q16570	protein	protein	P13501	P13501	529	PMID:24218476	Ligand-Receptor	1	single_protein_pair	0	0	0	0	0		
HGNC:10632	CCL5	P13501	ENSG00000271503	6352	secreted_only	P13501	protein	protein	O00590	O00590	530	PMID:24218476	Ligand-Receptor	1	single_protein_pair	0	0	0	0	0		
HGNC:1565	ACKR2	O00590	ENSG00000144648	1238	membrane	O00590	protein	protein	P13501	P13501	530	PMID:24218476	Ligand-Receptor	1	single_protein_pair	0	0	0	0	0		
HGNC:10632	CCL5	P13501	ENSG00000271503	6352	secreted_only	P13501	protein	protein	P32246	P32246	531	PMID:24218476	Ligand-Receptor	1	single_protein_pair	0	0	0	0	0		
HGNC:1602	CCR1	P32246	ENSG00000163823	1230	membrane	P32246	protein	protein	P13501	P13501	531	PMID:24218476	Ligand-Receptor	1	single_protein_pair	0	0	0	0	0		
HGNC:10632	CCL5	P13501	ENSG00000271503	6352	secreted_only	P13501	protein	protein	P51677	P51677	532	PMID:24218476	Ligand-Receptor	1	single_protein_pair	0	0	0	0	0		
HGNC:1604	CCR3	P51677	ENSG00000183625	1232	membrane	P51677	protein	protein	P13501	P13501	532	PMID:24218476	Ligand-Receptor	1	single_protein_pair	0	0	0	0	0		
HGNC:10632	CCL5	P13501	ENSG00000271503	6352	secreted_only	P13501	protein	protein	P51679	P51679	533	PMID:24218476	Ligand-Receptor	1	single_protein_pair	0	0	0	0	0		
HGNC:1605	CCR4	P51679	ENSG00000183813	1233	membrane	P51679	protein	protein	P13501	P13501	533	PMID:24218476	Ligand-Receptor	1	single_protein_pair	0	0	0	0	0		
HGNC:10632	CCL5	P13501	ENSG00000271503	6352	secreted_only	P13501	protein	protein	P51681	P51681	534	PMID:24218476	Ligand-Receptor	1	single_protein_pair	1	1	1	1	0	5uiw;6fgp	pubmed:23480650
HGNC:1606	CCR5	P51681	ENSG00000160791	1234	membrane	P51681	protein	protein	P13501	P13501	534	PMID:24218476	Ligand-Receptor	1	single_protein_pair	1	1	1	1	0	6fgp	pubmed:23480650
HGNC:10632	CCL5	P13501	ENSG00000271503	6352	secreted_only	P13501	protein	protein	O95800	O95800	535	uniprot	Ligand-Receptor	1	single_protein_pair	0	0	0	0	0		
HGNC:4526	GPR75	O95800	ENSG00000119737	10936	membrane	O95800	protein	protein	P13501	P13501	535	uniprot	Ligand-Receptor	1	single_protein_pair	0	0	0	0	0		
HGNC:1565	ACKR2	O00590	ENSG00000144648	1238	membrane	O00590	protein	protein	P80098	P80098	536	PMID:24218476	Ligand-Receptor	1	single_protein_pair	0	0	0	0	0		
HGNC:1602	CCR1	P32246	ENSG00000163823	1230	membrane	P32246	protein	protein	P80098	P80098	537	PMID:24218476	Ligand-Receptor	1	single_protein_pair	0	0	0	0	0		
HGNC:1603	CCR2	P41597	ENSG00000121807	729230	membrane	P41597	protein	protein	P80098	P80098	538	PMID:24218476	Ligand-Receptor	1	single_protein_pair	0	0	0	0	0		
HGNC:1604	CCR3	P51677	ENSG00000183625	1232	membrane	P51677	protein	protein	P80098	P80098	539	PMID:24218476	Ligand-Receptor	1	single_protein_pair	0	0	0	0	0		
HGNC:1606	CCR5	P51681	ENSG00000160791	1234	membrane	P51681	protein	protein	P80098	P80098	540	PMID:24218476	Ligand-Receptor	1	single_protein_pair	0	0	0	0	0		
HGNC:1565	ACKR2	O00590	ENSG00000144648	1238	membrane	O00590	protein	protein	P80075	P80075	541	PMID:24218476	Ligand-Receptor	1	single_protein_pair	0	0	0	0	0		
HGNC:1602	CCR1	P32246	ENSG00000163823	1230	membrane	P32246	protein	protein	P80075	P80075	542	PMID:24218476	Ligand-Receptor	1	single_protein_pair	0	0	0	0	0		
HGNC:1603	CCR2	P41597	ENSG00000121807	729230	membrane	P41597	protein	protein	P80075	P80075	543	PMID:24218476	Ligand-Receptor	1	single_protein_pair	0	0	0	0	0		
HGNC:1604	CCR3	P51677	ENSG00000183625	1232	membrane	P51677	protein	protein	P80075	P80075	544	PMID:24218476	Ligand-Receptor	1	single_protein_pair	0	0	0	0	0		
HGNC:1606	CCR5	P51681	ENSG00000160791	1234	membrane	P51681	protein	protein	P80075	P80075	545	PMID:24218476	Ligand-Receptor	1	single_protein_pair	0	0	0	0	0		
HGNC:6026	CXCR1	P25024	ENSG00000163464	3577	membrane	P25024	protein	protein	P02775	P02775	546	PMID:24218476	Ligand-Receptor	1	single_protein_pair	0	0	0	0	0		
HGNC:6027	CXCR2	P25025	ENSG00000180871	3579	membrane	P25025	protein	protein	P02775	P02775	547	PMID:24218476	Ligand-Receptor	1	single_protein_pair	0	0	0	0	0		
HGNC:10647	CX3CL1	P78423	ENSG00000006210	6376	membrane_and_secreted	P78423	protein	protein	P49238	P49238	548	PMID:24218476	Ligand-Receptor	1	single_protein_pair	0	0	1	1	0		pubmed:23125415|imex:IM-26217
HGNC:2558	CX3CR1	P49238	ENSG00000168329	1524	membrane	P49238	protein	protein	P78423	P78423	548	PMID:24218476	Ligand-Receptor	1	single_protein_pair	0	0	0	0	0		
HGNC:4035	ACKR1	Q16570	ENSG00000213088	2532	membrane_inferred	Q16570	protein	protein	P09341	P09341	549	PMID:24218476	Ligand-Receptor	1	single_protein_pair	0	0	0	0	0		
HGNC:6026	CXCR1	P25024	ENSG00000163464	3577	membrane	P25024	protein	protein	P09341	P09341	550	PMID:24218476	Ligand-Receptor	1	single_protein_pair	0	0	0	0	0		
HGNC:6027	CXCR2	P25025	ENSG00000180871	3579	membrane	P25025	protein	protein	P09341	P09341	551	PMID:24218476	Ligand-Receptor	1	single_protein_pair	1	0	0	0	0		
HGNC:4540	CXCR3	P49682	ENSG00000186810	2833	membrane	P49682	protein	protein	P02778	P02778	552	PMID:24218476	Ligand-Receptor	1	single_protein_pair	1	0	0	0	0		
HGNC:3009	DPP4	P27487	ENSG00000197635	1803	membrane_and_secreted	P27487	protein	protein	P02778	P02778	553	PMID:24218476	Ligand-Receptor	1	single_protein_pair	0	0	1	1	0		pubmed:21314817
HGNC:23692	ACKR3	P25106	ENSG00000144476	57007	membrane	P25106	protein	protein	O14625	O14625	554	uniprot	Ligand-Receptor	1	single_protein_pair	0	0	0	0	0		
HGNC:4540	CXCR3	P49682	ENSG00000186810	2833	membrane	P49682	protein	protein	O14625	O14625	555	PMID:24218476	Ligand-Receptor	1	single_protein_pair	1	0	0	0	0		
HGNC:3009	DPP4	P27487	ENSG00000197635	1803	membrane_and_secreted	P27487	protein	protein	O14625	O14625	556	PMID:24218476	Ligand-Receptor	1	single_protein_pair	0	0	1	1	0		pubmed:21314817
HGNC:10672	CXCL12	P48061	ENSG00000107562	6387	secreted_only	P48061	protein	protein	P61073	P61073	557	PMID:24218476	Ligand-Receptor	1	single_protein_pair	1	1	0	1	0	2k03;2k04;2k05;2n55;8k3z;8u4o;9me1;9meu;9upu;9upv	
HGNC:2561	CXCR4	P61073	ENSG00000121966	7852	membrane	P61073	protein	protein	P48061	P48061	557	PMID:24218476	Ligand-Receptor	1	single_protein_pair	1	1	0	1	0	2k03;2k04;2k05;2n55	
HGNC:10672	CXCL12	P48061	ENSG00000107562	6387	secreted_only	P48061	protein	protein	P27487	P27487	558	PMID:24218476	Ligand-Receptor	1	single_protein_pair	0	0	0	0	0		
HGNC:3009	DPP4	P27487	ENSG00000197635	1803	membrane_and_secreted	P27487	protein	protein	P48061	P48061	558	PMID:24218476	Ligand-Receptor	1	single_protein_pair	0	0	1	1	0		pubmed:21314817
HGNC:1611	ACKR4	Q9NPB9	ENSG00000129048	51554	membrane	Q9NPB9	protein	protein	O43927	O43927	559	PMID:24218476	Ligand-Receptor	1	single_protein_pair	0	0	0	0	0		
HGNC:1060	CXCR5	P32302	ENSG00000160683	643	membrane	P32302	protein	protein	O43927	O43927	560	PMID:24218476	Ligand-Receptor	1	single_protein_pair	0	0	0	0	0		
HGNC:2561	CXCR4	P61073	ENSG00000121966	7852	membrane	P61073	protein	protein	O95715	O95715	561	PMID:32212206	Ligand-Receptor	1	single_protein_pair	0	0	0	0	0		
HGNC:16642	CXCL16	Q9H2A7	ENSG00000161921	58191	membrane_and_secreted	Q9H2A7	protein	protein	O00574	O00574	562	uniprot	Ligand-Receptor	1	single_protein_pair	0	0	0	0	0		
HGNC:16647	CXCR6	O00574	ENSG00000172215	10663	membrane	O00574	protein	protein	Q9H2A7	Q9H2A7	562	uniprot	Ligand-Receptor	1	single_protein_pair	0	0	0	0	0		
HGNC:6027	CXCR2	P25025	ENSG00000180871	3579	membrane	P25025	protein	protein	P19875	P19875	563	PMID:24218476	Ligand-Receptor	1	single_protein_pair	1	0	0	0	0		
HGNC:3009	DPP4	P27487	ENSG00000197635	1803	membrane_and_secreted	P27487	protein	protein	P19875	P19875	564	PMID:24218476	Ligand-Receptor	1	single_protein_pair	0	0	1	1	0		pubmed:21314817
HGNC:6027	CXCR2	P25025	ENSG00000180871	3579	membrane	P25025	protein	protein	P19876	P19876	565	PMID:24218476	Ligand-Receptor	1	single_protein_pair	1	0	0	0	0		
HGNC:6026	CXCR1	P25024	ENSG00000163464	3577	membrane	P25024	protein	protein	P42830	P42830	566	PMID:24218476	Ligand-Receptor	1	single_protein_pair	0	0	0	0	0		
HGNC:6027	CXCR2	P25025	ENSG00000180871	3579	membrane	P25025	protein	protein	P42830	P42830	567	PMID:24218476	Ligand-Receptor	1	single_protein_pair	1	0	0	0	0		
HGNC:6026	CXCR1	P25024	ENSG00000163464	3577	membrane	P25024	protein	protein	P80162	P80162	568	PMID:24218476	Ligand-Receptor	1	single_protein_pair	0	0	0	0	0		
HGNC:6027	CXCR2	P25025	ENSG00000180871	3579	membrane	P25025	protein	protein	P80162	P80162	569	PMID:24218476	Ligand-Receptor	1	single_protein_pair	1	0	0	0	0		
HGNC:4035	ACKR1	Q16570	ENSG00000213088	2532	membrane_inferred	Q16570	protein	protein	P10145	P10145	570	PMID:24218476	Ligand-Receptor	1	single_protein_pair	1	1	0	1	0	8ynf	
HGNC:6026	CXCR1	P25024	ENSG00000163464	3577	membrane	P25024	protein	protein	P10145	P10145	571	PMID:24218476	Ligand-Receptor	1	single_protein_pair	1	1	0	1	0	1ilp;1ilq;6xmn	
HGNC:6027	CXCR2	P25025	ENSG00000180871	3579	membrane	P25025	protein	protein	P10145	P10145	572	PMID:24218476	Ligand-Receptor	1	single_protein_pair	1	0	0	0	0		
HGNC:7098	CXCL9	Q07325	ENSG00000138755	4283	secreted_only	Q07325	protein	protein	P49682	P49682	573	PMID:24218476	Ligand-Receptor	1	single_protein_pair	1	1	0	1	0	9p0k	
HGNC:4540	CXCR3	P49682	ENSG00000186810	2833	membrane	P49682	protein	protein	Q07325	Q07325	573	PMID:24218476	Ligand-Receptor	1	single_protein_pair	1	0	0	0	0		
HGNC:7098	CXCL9	Q07325	ENSG00000138755	4283	secreted_only	Q07325	protein	protein	P27487	P27487	574	PMID:24218476	Ligand-Receptor	1	single_protein_pair	0	0	0	0	0		
HGNC:3009	DPP4	P27487	ENSG00000197635	1803	membrane_and_secreted	P27487	protein	protein	Q07325	Q07325	574	PMID:24218476	Ligand-Receptor	1	single_protein_pair	0	0	1	1	0		pubmed:21314817
HGNC:1570	CCKAR	P32238	ENSG00000163394	886	membrane	P32238	protein	protein	P06307	P06307	575	uniprot;HMRbase;reactome	Ligand-Receptor	1	single_protein_pair	1	0	0	0	0		
HGNC:1571	CCKBR	P32239	ENSG00000110148	887	membrane	P32239	protein	protein	P06307	P06307	576	uniprot;HMRbase;reactome	Ligand-Receptor	1	single_protein_pair	1	0	0	0	0		
HGNC:1955	CHRNA1	P02708	ENSG00000138435	1134	membrane	nAChR_(a1)2b1de_complex	complex	chemical	Acetylcholine		592;602;612	uniprot;reactome;IUPHAR	Ligand-Receptor	0	chemical_identity_not_mapped	0	0	0	0	0		
HGNC:1961	CHRNB1	P11230	ENSG00000170175	1140	membrane	nAChR_(a1)2b1de_complex	complex	chemical	Acetylcholine		592;602;612	uniprot;reactome;IUPHAR	Ligand-Receptor	0	chemical_identity_not_mapped	0	0	0	0	0		
HGNC:1966	CHRNE	Q04844	ENSG00000108556	1145	membrane	nAChR_(a1)2b1de_complex	complex	chemical	Acetylcholine		592;602;612	uniprot;reactome;IUPHAR	Ligand-Receptor	0	chemical_identity_not_mapped	0	0	0	0	0		
HGNC:1965	CHRND	Q07001	ENSG00000135902	1144	membrane	nAChR_(a1)2b1de_complex	complex	chemical	Acetylcholine		592;602;612	uniprot;reactome;IUPHAR	Ligand-Receptor	0	chemical_identity_not_mapped	0	0	0	0	0		
HGNC:1955	CHRNA1	P02708	ENSG00000138435	1134	membrane	nAChR_(a1)2b1dg_complex	complex	chemical	Acetylcholine		593;603;613	uniprot;reactome;IUPHAR	Ligand-Receptor	0	chemical_identity_not_mapped	0	0	0	0	0		
HGNC:1967	CHRNG	P07510	ENSG00000196811	1146	membrane	nAChR_(a1)2b1dg_complex	complex	chemical	Acetylcholine		593;603;613	uniprot;reactome;IUPHAR	Ligand-Receptor	0	chemical_identity_not_mapped	0	0	0	0	0		
HGNC:1961	CHRNB1	P11230	ENSG00000170175	1140	membrane	nAChR_(a1)2b1dg_complex	complex	chemical	Acetylcholine		593;603;613	uniprot;reactome;IUPHAR	Ligand-Receptor	0	chemical_identity_not_mapped	0	0	0	0	0		
HGNC:1965	CHRND	Q07001	ENSG00000135902	1144	membrane	nAChR_(a1)2b1dg_complex	complex	chemical	Acetylcholine		593;603;613	uniprot;reactome;IUPHAR	Ligand-Receptor	0	chemical_identity_not_mapped	0	0	0	0	0		
HGNC:1964	CHRNB4	P30926	ENSG00000117971	1143	membrane	AcetylcholineReceptor_a3b4	complex	chemical	Acetylcholine		594;604;614	uniprot;reactome;IUPHAR	Ligand-Receptor	0	chemical_identity_not_mapped	0	0	0	0	0		
HGNC:1957	CHRNA3	P32297	ENSG00000080644	1136	membrane	AcetylcholineReceptor_a3b4	complex	chemical	Acetylcholine		594;604;614	uniprot;reactome;IUPHAR	Ligand-Receptor	0	chemical_identity_not_mapped	0	0	0	0	0		
HGNC:1960	CHRNA7	P36544	ENSG00000175344	1139	membrane	nAChR_a7_complex	complex	chemical	Acetylcholine		596;606;616	uniprot;reactome;IUPHAR	Ligand-Receptor	0	chemical_identity_not_mapped	0	0	0	0	0		
HGNC:16721	CGB1	A6NKQ9	ENSG00000267631	114335	secreted_only	hCGB1_complex	complex	protein	P22888	P22888	617	uniprot;reactome;IUPHAR	Ligand-Receptor	0	complex_component_support_only	0	0	0	0	0		
HGNC:6585	LHCGR	P22888	ENSG00000138039	3973	membrane	P22888	protein	complex	hCGB1_complex	A6NKQ9;P01215	617	uniprot;reactome;IUPHAR	Ligand-Receptor	0	complex_component_support_only	0	0	0	0	1	7fig;7fih;7fii	
HGNC:16722	CGB2	Q6NT52	ENSG00000104818	114336	secreted_only	hCGB2_complex	complex	protein	P22888	P22888	618	uniprot;reactome;IUPHAR	Ligand-Receptor	0	complex_component_support_only	0	0	0	0	0		
HGNC:6585	LHCGR	P22888	ENSG00000138039	3973	membrane	P22888	protein	complex	hCGB2_complex	P01215;Q6NT52	618	uniprot;reactome;IUPHAR	Ligand-Receptor	0	complex_component_support_only	0	0	0	0	1	7fig;7fih;7fii	
HGNC:6585	LHCGR	P22888	ENSG00000138039	3973	membrane	P22888	protein	complex	hCGB3_complex	P01215;P0DN86	619	uniprot;reactome;IUPHAR	Ligand-Receptor	0	complex_component_support_only	0	0	0	0	1	7fig;7fih;7fii	
HGNC:6585	LHCGR	P22888	ENSG00000138039	3973	membrane	P22888	protein	complex	hCGB7_complex	P01215;P0DN87	620	uniprot;reactome;IUPHAR	Ligand-Receptor	0	complex_component_support_only	0	0	0	0	1	7fig;7fih;7fii	
HGNC:3969	FSHR	P23945	ENSG00000170820	2492	membrane	P23945	protein	complex	Follitropin	P01215;P01225	621	reactome	Ligand-Receptor	0	complex_component_support_only	0	0	0	0	1	1xwd;4ay9;4mqw;8i2g	
HGNC:6585	LHCGR	P22888	ENSG00000138039	3973	membrane	P22888	protein	complex	glyco_Lutropin	P01215;P01229	622	reactome	Ligand-Receptor	0	complex_component_support_only	0	0	0	0	1	7fig;7fih;7fii	
HGNC:12373	TSHR	P16473	ENSG00000165409	7253	membrane	P16473	protein	complex	Thyrotropin	P01215;P01222	623	uniprot;HMRbase;reactome	Ligand-Receptor	0	complex_component_support_only	0	0	0	0	1	7t9i;7utz;7xw5	
HGNC:31428	GPR15LG	Q6UWK7	ENSG00000188373	387695	secreted_only	Q6UWK7	protein	protein	P49685	P49685	624	uniprot	Ligand-Receptor	1	single_protein_pair	1	1	0	1	0	8zqe;9wxm	
HGNC:4469	GPR15	P49685	ENSG00000154165	2838	membrane	P49685	protein	protein	Q6UWK7	Q6UWK7	624	uniprot	Ligand-Receptor	1	single_protein_pair	1	0	0	0	0		
HGNC:31428	GPR15LG	Q6UWK7	ENSG00000188373	387695	secreted_only	Q6UWK7	protein	protein	Q9UGT4	Q9UGT4	625	uniprot	Ligand-Receptor	1	single_protein_pair	0	0	0	0	0		
HGNC:30667	SUSD2	Q9UGT4	ENSG00000099994	56241	membrane	Q9UGT4	protein	protein	Q6UWK7	Q6UWK7	625	uniprot	Ligand-Receptor	1	single_protein_pair	0	0	0	0	0		
HGNC:24182	C1QL1	O75973	ENSG00000131094	10882	secreted_only	O75973	protein	protein	O60242	O60242	626	uniprot;reactome;IUPHAR	Ligand-Receptor	1	single_protein_pair	0	0	0	0	0		
HGNC:945	ADGRB3	O60242	ENSG00000135298	577	membrane	O60242	protein	protein	O75973	O75973	626	uniprot;reactome;IUPHAR	Ligand-Receptor	1	single_protein_pair	0	0	0	0	0		
HGNC:24181	C1QL2	Q7Z5L3	ENSG00000144119	165257	secreted_only	Q7Z5L3	protein	protein	O60242	O60242	627	uniprot;reactome;IUPHAR	Ligand-Receptor	1	single_protein_pair	0	0	0	0	0		
HGNC:945	ADGRB3	O60242	ENSG00000135298	577	membrane	O60242	protein	protein	Q7Z5L3	Q7Z5L3	627	uniprot;reactome;IUPHAR	Ligand-Receptor	1	single_protein_pair	0	0	0	0	0		
HGNC:19359	C1QL3	Q5VWW1	ENSG00000165985	389941	secreted_only	Q5VWW1	protein	protein	O60242	O60242	628	uniprot;reactome;IUPHAR	Ligand-Receptor	1	single_protein_pair	0	0	0	0	0		
HGNC:945	ADGRB3	O60242	ENSG00000135298	577	membrane	O60242	protein	protein	Q5VWW1	Q5VWW1	628	uniprot;reactome;IUPHAR	Ligand-Receptor	1	single_protein_pair	0	0	0	0	0		
HGNC:31416	C1QL4	Q86Z23	ENSG00000186897	338761	secreted_only	Q86Z23	protein	protein	O60242	O60242	629	uniprot;reactome;IUPHAR	Ligand-Receptor	1	single_protein_pair	0	0	0	0	0		
HGNC:945	ADGRB3	O60242	ENSG00000135298	577	membrane	O60242	protein	protein	Q86Z23	Q86Z23	629	uniprot;reactome;IUPHAR	Ligand-Receptor	1	single_protein_pair	0	0	0	0	0		
HGNC:1318	C3	P01024	ENSG00000125730	718	membrane_and_secreted	P01024	protein	protein	Q16581	Q16581	630	uniprot;reactome	Ligand-Receptor	1	single_protein_pair	1	0	0	0	0		
HGNC:1319	C3AR1	Q16581	ENSG00000171860	719	membrane	Q16581	protein	protein	P01024	P01024	630	uniprot;reactome	Ligand-Receptor	1	single_protein_pair	1	0	0	0	0		
HGNC:1318	C3	P01024	ENSG00000125730	718	membrane_and_secreted	P01024	protein	protein	Q9P296	Q9P296	631	uniprot	Ligand-Receptor	1	single_protein_pair	0	0	0	0	0		
HGNC:4527	C5AR2	Q9P296	ENSG00000134830	27202	membrane	Q9P296	protein	protein	P01024	P01024	631	uniprot	Ligand-Receptor	1	single_protein_pair	0	0	0	0	0		
HGNC:1318	C3	P01024	ENSG00000125730	718	membrane_and_secreted	P01024	protein	complex	integrin_aMb2_complex	P05107;P11215	632	uniprot	Ligand-Receptor	0	complex_component_support_only	0	0	0	0	0		
HGNC:6155	ITGB2	P05107	ENSG00000160255	3689	membrane	integrin_aMb2_complex	complex	protein	P01024	P01024	632	uniprot	Ligand-Receptor	0	complex_component_support_only	0	0	0	0	0		
HGNC:6149	ITGAM	P11215	ENSG00000169896	3684	membrane	integrin_aMb2_complex	complex	protein	P01024	P01024	632	uniprot	Ligand-Receptor	0	complex_component_support_only	0	0	0	0	1	4m76;7akk;9t3y	
HGNC:1323	C4A	P0C0L4	ENSG00000244731	720	membrane_and_secreted	P0C0L4	protein	protein	Q9P296	Q9P296	633	uniprot	Ligand-Receptor	1	single_protein_pair	0	0	0	0	0		
HGNC:4527	C5AR2	Q9P296	ENSG00000134830	27202	membrane	Q9P296	protein	protein	P0C0L4	P0C0L4	633	uniprot	Ligand-Receptor	1	single_protein_pair	0	0	0	0	0		
HGNC:1331	C5	P01031	ENSG00000106804	727	membrane_and_secreted	P01031	protein	protein	P21730	P21730	634	uniprot	Ligand-Receptor	1	single_protein_pair	1	0	0	0	0		
HGNC:1338	C5AR1	P21730	ENSG00000197405	728	membrane	P21730	protein	protein	P01031	P01031	634	uniprot	Ligand-Receptor	1	single_protein_pair	1	0	0	0	0		
HGNC:1331	C5	P01031	ENSG00000106804	727	membrane_and_secreted	P01031	protein	protein	Q9P296	Q9P296	635	uniprot	Ligand-Receptor	1	single_protein_pair	1	0	0	0	0		
HGNC:4527	C5AR2	Q9P296	ENSG00000134830	27202	membrane	Q9P296	protein	protein	P01031	P01031	635	uniprot	Ligand-Receptor	1	single_protein_pair	1	0	0	0	0		
HGNC:2357	CRHR1	P34998	ENSG00000120088	1394	membrane	P34998	protein	protein	P06850	P06850	636	uniprot;HMRbase;reactome	Ligand-Receptor	1	single_protein_pair	1	1	0	1	0	3eht;3ehu	
HGNC:2358	CRHR2	Q13324	ENSG00000106113	1395	membrane	Q13324	protein	protein	P06850	P06850	637	uniprot;HMRbase;reactome	Ligand-Receptor	1	single_protein_pair	0	0	0	0	0		
HGNC:2432	CSF1	P09603	ENSG00000184371	1435	membrane_and_secreted	P09603	protein	protein	P07333	P07333	638	uniprot	Ligand-Receptor	1	single_protein_pair	1	0	0	0	0		
HGNC:2433	CSF1R	P07333	ENSG00000182578	1436	membrane	P07333	protein	protein	P09603	P09603	638	uniprot	Ligand-Receptor	1	single_protein_pair	1	1	1	1	0	4wrl;4wrm	pubmed:22153499|imex:IM-17064;pubmed:22483114|imex:IM-17600;pubmed:22902366|imex:IM-18563;pubmed:26235028|imex:IM-24946
HGNC:2435	CSF2RA	P15509	ENSG00000198223	1438	membrane_and_secreted	GMCSFR	complex	protein	P04141	P04141	639	PDB:4nkq	Ligand-Receptor	0	complex_component_support_only	0	0	0	0	1	4nkq;4rs1	
HGNC:2436	CSF2RB	P32927	ENSG00000100368	1439	membrane_inferred	GMCSFR	complex	protein	P04141	P04141	639	PDB:4nkq	Ligand-Receptor	0	complex_component_support_only	0	0	0	0	1	4nkq	
HGNC:2439	CSF3R	Q99062	ENSG00000119535	1441	membrane_and_secreted	Q99062	protein	protein	P09919	P09919	640	uniprot	Ligand-Receptor	1	single_protein_pair	1	1	0	1	0	2d9q	
HGNC:2865	DHH	O43323	ENSG00000139549	50846	membrane_and_secreted	O43323	protein	complex	PTCH_BOC_transmembrane_receptor	Q13635;Q9BWV1	653	reactome	Ligand-Receptor	0	complex_component_support_only	0	0	0	0	0		
HGNC:9585	PTCH1	Q13635	ENSG00000185920	5727	membrane	PTCH_BOC_transmembrane_receptor	complex	protein	O43323	O43323	653	reactome	Ligand-Receptor	0	complex_component_support_only	0	0	0	0	0		
HGNC:17173	BOC	Q9BWV1	ENSG00000144857	91653	membrane	PTCH_BOC_transmembrane_receptor	complex	protein	O43323	O43323	653	reactome	Ligand-Receptor	0	complex_component_support_only	0	0	0	0	1	3n1g	
HGNC:2865	DHH	O43323	ENSG00000139549	50846	membrane_and_secreted	O43323	protein	complex	PTCH_CDON_transmembrane_receptor	Q13635;Q4KMG0	654	reactome	Ligand-Receptor	0	complex_component_support_only	0	0	0	0	0		
HGNC:9585	PTCH1	Q13635	ENSG00000185920	5727	membrane	PTCH_CDON_transmembrane_receptor	complex	protein	O43323	O43323	654	reactome	Ligand-Receptor	0	complex_component_support_only	0	0	0	0	0		
HGNC:17104	CDON	Q4KMG0	ENSG00000064309	50937	membrane	PTCH_CDON_transmembrane_receptor	complex	protein	O43323	O43323	654	reactome	Ligand-Receptor	0	complex_component_support_only	0	0	0	0	1	3n1q	
HGNC:2865	DHH	O43323	ENSG00000139549	50846	membrane_and_secreted	O43323	protein	complex	PTCH_GAS1_transmembrane_receptor	P54826;Q13635	655	reactome	Ligand-Receptor	0	complex_component_support_only	0	0	0	0	0		
HGNC:4165	GAS1	P54826	ENSG00000180447	2619	membrane	PTCH_GAS1_transmembrane_receptor	complex	protein	O43323	O43323	655	reactome	Ligand-Receptor	0	complex_component_support_only	0	0	0	0	0		
HGNC:9585	PTCH1	Q13635	ENSG00000185920	5727	membrane	PTCH_GAS1_transmembrane_receptor	complex	protein	O43323	O43323	655	reactome	Ligand-Receptor	0	complex_component_support_only	0	0	0	0	0		
HGNC:2865	DHH	O43323	ENSG00000139549	50846	membrane_and_secreted	O43323	protein	protein	Q96QV1	Q96QV1	656	reactome;PMID:10050855;PMID:19561611	Ligand-Ligand	1	single_protein_pair	1	0	0	0	0		
HGNC:14866	HHIP	Q96QV1	ENSG00000164161	64399	membrane_and_secreted	Q96QV1	protein	protein	O43323	O43323	656	reactome;PMID:10050855;PMID:19561611	Ligand-Ligand	1	single_protein_pair	1	0	0	0	0		
HGNC:20145	GPR143	P51810	ENSG00000101850	4935	membrane	P51810	protein	chemical	Ldopa		658	reactome;uniprot	Ligand-Receptor	0	chemical_identity_not_mapped	0	0	0	0	0		
HGNC:3179	EDNRA	P25101	ENSG00000151617	1909	membrane	P25101	protein	protein	P05305	P05305	659	uniprot;reactome;IUPHAR	Ligand-Receptor	1	single_protein_pair	1	0	0	0	0		
HGNC:3180	EDNRB	P24530	ENSG00000136160	1910	membrane	P24530	protein	protein	P05305	P05305	660	uniprot;reactome;IUPHAR	Ligand-Receptor	1	single_protein_pair	1	0	0	0	0		
HGNC:3179	EDNRA	P25101	ENSG00000151617	1909	membrane	P25101	protein	protein	P20800	P20800	661	uniprot;reactome;IUPHAR	Ligand-Receptor	1	single_protein_pair	0	0	0	0	0		
HGNC:3180	EDNRB	P24530	ENSG00000136160	1910	membrane	P24530	protein	protein	P20800	P20800	662	uniprot;reactome;IUPHAR	Ligand-Receptor	1	single_protein_pair	0	0	0	0	0		
HGNC:3179	EDNRA	P25101	ENSG00000151617	1909	membrane	P25101	protein	protein	P14138	P14138	663	uniprot;reactome;IUPHAR	Ligand-Receptor	1	single_protein_pair	0	0	0	0	0		
HGNC:3180	EDNRB	P24530	ENSG00000136160	1910	membrane	P24530	protein	protein	P14138	P14138	664	uniprot;reactome;IUPHAR	Ligand-Receptor	1	single_protein_pair	1	0	0	0	0		
HGNC:3363	ENTPD1	P49961	ENSG00000138185	953	membrane_inferred	P49961	protein	protein	P30542	P30542	665	uniprot	Ligand-Receptor	1	single_protein_pair	0	0	0	0	0		
HGNC:262	ADORA1	P30542	ENSG00000163485	134	membrane	P30542	protein	protein	P49961	P49961	665	uniprot	Ligand-Receptor	1	single_protein_pair	0	0	0	0	0		
HGNC:3363	ENTPD1	P49961	ENSG00000138185	953	membrane_inferred	P49961	protein	protein	P29274	P29274	666	uniprot	Ligand-Receptor	1	single_protein_pair	0	0	0	0	0		
HGNC:263	ADORA2A	P29274	ENSG00000128271	135	membrane	P29274	protein	protein	P49961	P49961	666	uniprot	Ligand-Receptor	1	single_protein_pair	0	0	0	0	0		
HGNC:3363	ENTPD1	P49961	ENSG00000138185	953	membrane_inferred	P49961	protein	protein	P29275	P29275	667	uniprot	Ligand-Receptor	1	single_protein_pair	0	0	0	0	0		
HGNC:264	ADORA2B	P29275	ENSG00000170425	136	membrane	P29275	protein	protein	P49961	P49961	667	uniprot	Ligand-Receptor	1	single_protein_pair	0	0	0	0	0		
HGNC:3363	ENTPD1	P49961	ENSG00000138185	953	membrane_inferred	P49961	protein	protein	P0DMS8	P0DMS8	668	uniprot	Ligand-Receptor	1	single_protein_pair	0	0	0	0	0		
HGNC:268	ADORA3	P0DMS8	ENSG00000282608	140	membrane	P0DMS8	protein	protein	P49961	P49961	668	uniprot	Ligand-Receptor	1	single_protein_pair	0	0	0	0	0		
HGNC:3221	EFNA1	P20827	ENSG00000169242	1942	membrane_and_secreted	P20827	protein	protein	P21709	P21709	669	PMID:15114347	Ligand-Receptor	1	single_protein_pair	0	0	0	0	0		
HGNC:3385	EPHA1	P21709	ENSG00000146904	2041	membrane	P21709	protein	protein	P20827	P20827	669	PMID:15114347	Ligand-Receptor	1	single_protein_pair	0	0	0	0	0		
HGNC:3221	EFNA1	P20827	ENSG00000169242	1942	membrane_and_secreted	P20827	protein	protein	P29317	P29317	670	PMID:15114347	Ligand-Receptor	1	single_protein_pair	1	1	0	1	0	3czu;3hei;3mbw	
HGNC:3386	EPHA2	P29317	ENSG00000142627	1969	membrane	P29317	protein	protein	P20827	P20827	670	PMID:15114347	Ligand-Receptor	1	single_protein_pair	1	1	1	1	0	3czu;3hei;3mbw	pubmed:19525919|imex:IM-14121
HGNC:3221	EFNA1	P20827	ENSG00000169242	1942	membrane_and_secreted	P20827	protein	protein	P29320	P29320	671	PMID:15114347	Ligand-Receptor	1	single_protein_pair	0	0	0	0	0		
HGNC:3387	EPHA3	P29320	ENSG00000044524	2042	membrane_and_secreted	P29320	protein	protein	P20827	P20827	671	PMID:15114347	Ligand-Receptor	1	single_protein_pair	0	0	0	0	0		
HGNC:3221	EFNA1	P20827	ENSG00000169242	1942	membrane_and_secreted	P20827	protein	protein	P54764	P54764	672	PMID:15114347	Ligand-Receptor	1	single_protein_pair	0	0	0	0	0		
HGNC:3388	EPHA4	P54764	ENSG00000116106	2043	membrane	P54764	protein	protein	P20827	P20827	672	PMID:15114347	Ligand-Receptor	1	single_protein_pair	0	0	1	1	0		pubmed:19836338|imex:IM-11744;pubmed:19875447|imex:IM-28795
HGNC:3221	EFNA1	P20827	ENSG00000169242	1942	membrane_and_secreted	P20827	protein	protein	P54756	P54756	673	PMID:15114347	Ligand-Receptor	1	single_protein_pair	0	0	0	0	0		
HGNC:3389	EPHA5	P54756	ENSG00000145242	2044	membrane	P54756	protein	protein	P20827	P20827	673	PMID:15114347	Ligand-Receptor	1	single_protein_pair	0	0	0	0	0		
HGNC:3221	EFNA1	P20827	ENSG00000169242	1942	membrane_and_secreted	P20827	protein	protein	Q15375	Q15375	674	PMID:15114347	Ligand-Receptor	1	single_protein_pair	0	0	0	0	0		
HGNC:3390	EPHA7	Q15375	ENSG00000135333	2045	membrane	Q15375	protein	protein	P20827	P20827	674	PMID:15114347	Ligand-Receptor	1	single_protein_pair	0	0	0	0	0		
HGNC:3221	EFNA1	P20827	ENSG00000169242	1942	membrane_and_secreted	P20827	protein	protein	P29322	P29322	675	PMID:15114347	Ligand-Receptor	1	single_protein_pair	0	0	0	0	0		
HGNC:3391	EPHA8	P29322	ENSG00000070886	2046	membrane	P29322	protein	protein	P20827	P20827	675	PMID:15114347	Ligand-Receptor	1	single_protein_pair	0	0	0	0	0		
HGNC:3222	EFNA2	O43921	ENSG00000099617	1943	membrane	O43921	protein	protein	P21709	P21709	676	PMID:15114347	Ligand-Receptor	1	single_protein_pair	0	0	0	0	0		
HGNC:3385	EPHA1	P21709	ENSG00000146904	2041	membrane	P21709	protein	protein	O43921	O43921	676	PMID:15114347	Ligand-Receptor	1	single_protein_pair	0	0	0	0	0		
HGNC:3222	EFNA2	O43921	ENSG00000099617	1943	membrane	O43921	protein	protein	P29317	P29317	677	PMID:15114347	Ligand-Receptor	1	single_protein_pair	0	0	0	0	0		
HGNC:3386	EPHA2	P29317	ENSG00000142627	1969	membrane	P29317	protein	protein	O43921	O43921	677	PMID:15114347	Ligand-Receptor	1	single_protein_pair	0	0	0	0	0		
HGNC:3222	EFNA2	O43921	ENSG00000099617	1943	membrane	O43921	protein	protein	P29320	P29320	678	PMID:15114347	Ligand-Receptor	1	single_protein_pair	0	0	0	0	0		
HGNC:3387	EPHA3	P29320	ENSG00000044524	2042	membrane_and_secreted	P29320	protein	protein	O43921	O43921	678	PMID:15114347	Ligand-Receptor	1	single_protein_pair	0	0	0	0	0		
HGNC:3222	EFNA2	O43921	ENSG00000099617	1943	membrane	O43921	protein	protein	P54764	P54764	679	PMID:15114347	Ligand-Receptor	1	single_protein_pair	1	1	1	1	0	2wo3	pubmed:19836338|imex:IM-11744
HGNC:3388	EPHA4	P54764	ENSG00000116106	2043	membrane	P54764	protein	protein	O43921	O43921	679	PMID:15114347	Ligand-Receptor	1	single_protein_pair	1	1	1	1	0	2wo3	pubmed:19836338|imex:IM-11744
HGNC:3222	EFNA2	O43921	ENSG00000099617	1943	membrane	O43921	protein	protein	P54756	P54756	680	PMID:15114347	Ligand-Receptor	1	single_protein_pair	0	0	0	0	0		
HGNC:3389	EPHA5	P54756	ENSG00000145242	2044	membrane	P54756	protein	protein	O43921	O43921	680	PMID:15114347	Ligand-Receptor	1	single_protein_pair	0	0	0	0	0		
HGNC:3222	EFNA2	O43921	ENSG00000099617	1943	membrane	O43921	protein	protein	Q15375	Q15375	681	PMID:15114347	Ligand-Receptor	1	single_protein_pair	0	0	0	0	0		
HGNC:3390	EPHA7	Q15375	ENSG00000135333	2045	membrane	Q15375	protein	protein	O43921	O43921	681	PMID:15114347	Ligand-Receptor	1	single_protein_pair	0	0	0	0	0		
HGNC:3222	EFNA2	O43921	ENSG00000099617	1943	membrane	O43921	protein	protein	P29322	P29322	682	PMID:15114347	Ligand-Receptor	1	single_protein_pair	0	0	0	0	0		
HGNC:3391	EPHA8	P29322	ENSG00000070886	2046	membrane	P29322	protein	protein	O43921	O43921	682	PMID:15114347	Ligand-Receptor	1	single_protein_pair	0	0	0	0	0		
HGNC:3223	EFNA3	P52797	ENSG00000143590	1944	membrane	P52797	protein	protein	P21709	P21709	683	PMID:15114347	Ligand-Receptor	1	single_protein_pair	0	0	0	0	0		
HGNC:3385	EPHA1	P21709	ENSG00000146904	2041	membrane	P21709	protein	protein	P52797	P52797	683	PMID:15114347	Ligand-Receptor	1	single_protein_pair	0	0	0	0	0		
HGNC:3223	EFNA3	P52797	ENSG00000143590	1944	membrane	P52797	protein	protein	P29317	P29317	684	PMID:15114347	Ligand-Receptor	1	single_protein_pair	0	0	0	0	0		
HGNC:3386	EPHA2	P29317	ENSG00000142627	1969	membrane	P29317	protein	protein	P52797	P52797	684	PMID:15114347	Ligand-Receptor	1	single_protein_pair	0	0	0	0	0		
HGNC:3223	EFNA3	P52797	ENSG00000143590	1944	membrane	P52797	protein	protein	P29320	P29320	685	PMID:15114347	Ligand-Receptor	1	single_protein_pair	0	0	0	0	0		
HGNC:3387	EPHA3	P29320	ENSG00000044524	2042	membrane_and_secreted	P29320	protein	protein	P52797	P52797	685	PMID:15114347	Ligand-Receptor	1	single_protein_pair	0	0	0	0	0		
HGNC:3223	EFNA3	P52797	ENSG00000143590	1944	membrane	P52797	protein	protein	P54764	P54764	686	PMID:15114347	Ligand-Receptor	1	single_protein_pair	0	0	0	0	0		
HGNC:3388	EPHA4	P54764	ENSG00000116106	2043	membrane	P54764	protein	protein	P52797	P52797	686	PMID:15114347	Ligand-Receptor	1	single_protein_pair	0	0	0	0	0		
HGNC:3223	EFNA3	P52797	ENSG00000143590	1944	membrane	P52797	protein	protein	P54756	P54756	687	PMID:15114347	Ligand-Receptor	1	single_protein_pair	0	0	0	0	0		
HGNC:3389	EPHA5	P54756	ENSG00000145242	2044	membrane	P54756	protein	protein	P52797	P52797	687	PMID:15114347	Ligand-Receptor	1	single_protein_pair	0	0	0	0	0		
HGNC:3223	EFNA3	P52797	ENSG00000143590	1944	membrane	P52797	protein	protein	Q15375	Q15375	688	PMID:15114347	Ligand-Receptor	1	single_protein_pair	0	0	0	0	0		
HGNC:3390	EPHA7	Q15375	ENSG00000135333	2045	membrane	Q15375	protein	protein	P52797	P52797	688	PMID:15114347	Ligand-Receptor	1	single_protein_pair	0	0	0	0	0		
HGNC:3223	EFNA3	P52797	ENSG00000143590	1944	membrane	P52797	protein	protein	P29322	P29322	689	PMID:15114347	Ligand-Receptor	1	single_protein_pair	0	0	0	0	0		
HGNC:3391	EPHA8	P29322	ENSG00000070886	2046	membrane	P29322	protein	protein	P52797	P52797	689	PMID:15114347	Ligand-Receptor	1	single_protein_pair	0	0	0	0	0		
HGNC:3224	EFNA4	P52798	ENSG00000243364	1945	membrane_and_secreted	P52798	protein	protein	P21709	P21709	690	PMID:15114347	Ligand-Receptor	1	single_protein_pair	0	0	0	0	0		
HGNC:3385	EPHA1	P21709	ENSG00000146904	2041	membrane	P21709	protein	protein	P52798	P52798	690	PMID:15114347	Ligand-Receptor	1	single_protein_pair	0	0	0	0	0		
HGNC:3224	EFNA4	P52798	ENSG00000243364	1945	membrane_and_secreted	P52798	protein	protein	P29317	P29317	691	PMID:15114347	Ligand-Receptor	1	single_protein_pair	0	0	0	0	0		
HGNC:3386	EPHA2	P29317	ENSG00000142627	1969	membrane	P29317	protein	protein	P52798	P52798	691	PMID:15114347	Ligand-Receptor	1	single_protein_pair	0	0	0	0	0		
HGNC:3224	EFNA4	P52798	ENSG00000243364	1945	membrane_and_secreted	P52798	protein	protein	P29320	P29320	692	PMID:15114347	Ligand-Receptor	1	single_protein_pair	0	0	0	0	0		
HGNC:3387	EPHA3	P29320	ENSG00000044524	2042	membrane_and_secreted	P29320	protein	protein	P52798	P52798	692	PMID:15114347	Ligand-Receptor	1	single_protein_pair	0	0	0	0	0		
HGNC:3224	EFNA4	P52798	ENSG00000243364	1945	membrane_and_secreted	P52798	protein	protein	P54764	P54764	693	PMID:15114347	Ligand-Receptor	1	single_protein_pair	0	0	0	0	0		
HGNC:3388	EPHA4	P54764	ENSG00000116106	2043	membrane	P54764	protein	protein	P52798	P52798	693	PMID:15114347	Ligand-Receptor	1	single_protein_pair	0	0	1	1	0		pubmed:19836338|imex:IM-11744;pubmed:19875447|imex:IM-28795
HGNC:3224	EFNA4	P52798	ENSG00000243364	1945	membrane_and_secreted	P52798	protein	protein	P54756	P54756	694	PMID:15114347	Ligand-Receptor	1	single_protein_pair	0	0	0	0	0		
HGNC:3389	EPHA5	P54756	ENSG00000145242	2044	membrane	P54756	protein	protein	P52798	P52798	694	PMID:15114347	Ligand-Receptor	1	single_protein_pair	0	0	0	0	0		
HGNC:3224	EFNA4	P52798	ENSG00000243364	1945	membrane_and_secreted	P52798	protein	protein	Q15375	Q15375	695	PMID:15114347	Ligand-Receptor	1	single_protein_pair	0	0	0	0	0		
HGNC:3390	EPHA7	Q15375	ENSG00000135333	2045	membrane	Q15375	protein	protein	P52798	P52798	695	PMID:15114347	Ligand-Receptor	1	single_protein_pair	0	0	0	0	0		
HGNC:3224	EFNA4	P52798	ENSG00000243364	1945	membrane_and_secreted	P52798	protein	protein	P29322	P29322	696	PMID:15114347	Ligand-Receptor	1	single_protein_pair	0	0	0	0	0		
HGNC:3391	EPHA8	P29322	ENSG00000070886	2046	membrane	P29322	protein	protein	P52798	P52798	696	PMID:15114347	Ligand-Receptor	1	single_protein_pair	0	0	0	0	0		
HGNC:3225	EFNA5	P52803	ENSG00000184349	1946	membrane	P52803	protein	protein	P21709	P21709	697	PMID:15114347	Ligand-Receptor	1	single_protein_pair	0	0	0	0	0		
HGNC:3385	EPHA1	P21709	ENSG00000146904	2041	membrane	P21709	protein	protein	P52803	P52803	697	PMID:15114347	Ligand-Receptor	1	single_protein_pair	0	0	0	0	0		
HGNC:3225	EFNA5	P52803	ENSG00000184349	1946	membrane	P52803	protein	protein	P29317	P29317	698	PMID:15114347	Ligand-Receptor	1	single_protein_pair	1	1	1	1	0	2x11;3mx0	pubmed:20228801|imex:IM-15940;pubmed:20505120|imex:IM-16426
HGNC:3386	EPHA2	P29317	ENSG00000142627	1969	membrane	P29317	protein	protein	P52803	P52803	698	PMID:15114347	Ligand-Receptor	1	single_protein_pair	1	1	1	1	0	2x11;3mx0	pubmed:20228801|imex:IM-15940;pubmed:20505120|imex:IM-16426
HGNC:3225	EFNA5	P52803	ENSG00000184349	1946	membrane	P52803	protein	protein	P29320	P29320	699	PMID:15114347	Ligand-Receptor	1	single_protein_pair	1	1	0	1	0	4l0p	
HGNC:3387	EPHA3	P29320	ENSG00000044524	2042	membrane_and_secreted	P29320	protein	protein	P52803	P52803	699	PMID:15114347	Ligand-Receptor	1	single_protein_pair	1	1	0	1	0	4l0p	
HGNC:3225	EFNA5	P52803	ENSG00000184349	1946	membrane	P52803	protein	protein	P54764	P54764	700	PMID:15114347	Ligand-Receptor	1	single_protein_pair	1	1	1	1	0	4bk5;4bka;4m4r	pubmed:19836338|imex:IM-11744;pubmed:19875447|imex:IM-28795;pubmed:23812375|imex:IM-21588
HGNC:3388	EPHA4	P54764	ENSG00000116106	2043	membrane	P54764	protein	protein	P52803	P52803	700	PMID:15114347	Ligand-Receptor	1	single_protein_pair	1	1	1	1	0	4bk5;4bka;4m4r	pubmed:19836338|imex:IM-11744;pubmed:19875447|imex:IM-28795;pubmed:23812375|imex:IM-21588
HGNC:3225	EFNA5	P52803	ENSG00000184349	1946	membrane	P52803	protein	protein	P54756	P54756	701	PMID:15114347	Ligand-Receptor	1	single_protein_pair	0	0	0	0	0		
HGNC:3389	EPHA5	P54756	ENSG00000145242	2044	membrane	P54756	protein	protein	P52803	P52803	701	PMID:15114347	Ligand-Receptor	1	single_protein_pair	0	0	0	0	0		
HGNC:3225	EFNA5	P52803	ENSG00000184349	1946	membrane	P52803	protein	protein	Q15375	Q15375	702	PMID:15114347	Ligand-Receptor	1	single_protein_pair	0	0	1	1	0		pubmed:22036564|imex:IM-16587
HGNC:3390	EPHA7	Q15375	ENSG00000135333	2045	membrane	Q15375	protein	protein	P52803	P52803	702	PMID:15114347	Ligand-Receptor	1	single_protein_pair	0	0	0	0	0		
HGNC:3225	EFNA5	P52803	ENSG00000184349	1946	membrane	P52803	protein	protein	P29322	P29322	703	PMID:15114347	Ligand-Receptor	1	single_protein_pair	0	0	0	0	0		
HGNC:3391	EPHA8	P29322	ENSG00000070886	2046	membrane	P29322	protein	protein	P52803	P52803	703	PMID:15114347	Ligand-Receptor	1	single_protein_pair	0	0	0	0	0		
HGNC:3225	EFNA5	P52803	ENSG00000184349	1946	membrane	P52803	protein	protein	P29323	P29323	704	PMID:15107857;PMID:15114347	Ligand-Receptor	1	single_protein_pair	0	0	0	0	0		
HGNC:3393	EPHB2	P29323	ENSG00000133216	2048	membrane_and_secreted	P29323	protein	protein	P52803	P52803	704	PMID:15107857;PMID:15114347	Ligand-Receptor	1	single_protein_pair	0	0	0	0	0		
HGNC:3226	EFNB1	P98172	ENSG00000090776	1947	membrane	P98172	protein	protein	P29317	P29317	705	Shilts screen - VALIDATED	Ligand-Receptor	1	single_protein_pair	0	0	0	0	0		
HGNC:3386	EPHA2	P29317	ENSG00000142627	1969	membrane	P29317	protein	protein	P98172	P98172	705	Shilts screen - VALIDATED	Ligand-Receptor	1	single_protein_pair	0	0	0	0	0		
HGNC:3226	EFNB1	P98172	ENSG00000090776	1947	membrane	P98172	protein	protein	P54764	P54764	706	PMID:15114347	Ligand-Receptor	1	single_protein_pair	0	0	0	0	0		
HGNC:3388	EPHA4	P54764	ENSG00000116106	2043	membrane	P54764	protein	protein	P98172	P98172	706	PMID:15114347	Ligand-Receptor	1	single_protein_pair	0	0	0	0	0		
HGNC:3226	EFNB1	P98172	ENSG00000090776	1947	membrane	P98172	protein	protein	P54762	P54762	707	PMID:15114347	Ligand-Receptor	1	single_protein_pair	0	0	0	0	0		
HGNC:3392	EPHB1	P54762	ENSG00000154928	2047	membrane	P54762	protein	protein	P98172	P98172	707	PMID:15114347	Ligand-Receptor	1	single_protein_pair	0	0	0	0	0		
HGNC:3226	EFNB1	P98172	ENSG00000090776	1947	membrane	P98172	protein	protein	P29323	P29323	708	PMID:15114347	Ligand-Receptor	1	single_protein_pair	0	0	0	0	0		
HGNC:3393	EPHB2	P29323	ENSG00000133216	2048	membrane_and_secreted	P29323	protein	protein	P98172	P98172	708	PMID:15114347	Ligand-Receptor	1	single_protein_pair	0	0	0	0	0		
HGNC:3226	EFNB1	P98172	ENSG00000090776	1947	membrane	P98172	protein	protein	P54753	P54753	709	PMID:15114347	Ligand-Receptor	1	single_protein_pair	0	0	0	0	0		
HGNC:3394	EPHB3	P54753	ENSG00000182580	2049	membrane	P54753	protein	protein	P98172	P98172	709	PMID:15114347	Ligand-Receptor	1	single_protein_pair	0	0	0	0	0		
HGNC:3226	EFNB1	P98172	ENSG00000090776	1947	membrane	P98172	protein	protein	P54760	P54760	710	PMID:15114347	Ligand-Receptor	1	single_protein_pair	0	0	0	0	0		
HGNC:3395	EPHB4	P54760	ENSG00000196411	2050	membrane	P54760	protein	protein	P98172	P98172	710	PMID:15114347	Ligand-Receptor	1	single_protein_pair	0	0	0	0	0		
HGNC:3226	EFNB1	P98172	ENSG00000090776	1947	membrane	P98172	protein	protein	O15197	O15197	711	PMID:15114347	Ligand-Receptor	1	single_protein_pair	0	0	0	0	0		
HGNC:3396	EPHB6	O15197	ENSG00000106123	2051	membrane_and_secreted	O15197	protein	protein	P98172	P98172	711	PMID:15114347	Ligand-Receptor	1	single_protein_pair	0	0	0	0	0		
HGNC:3227	EFNB2	P52799	ENSG00000125266	1948	membrane	P52799	protein	protein	P54764	P54764	712	PMID:15114347	Ligand-Receptor	1	single_protein_pair	1	1	0	1	0	2wo2	
HGNC:3388	EPHA4	P54764	ENSG00000116106	2043	membrane	P54764	protein	protein	P52799	P52799	712	PMID:15114347	Ligand-Receptor	1	single_protein_pair	1	1	1	1	0	2wo2;3gxu	pubmed:19836338|imex:IM-11744;pubmed:19875447|imex:IM-28795
HGNC:3227	EFNB2	P52799	ENSG00000125266	1948	membrane	P52799	protein	protein	P54762	P54762	713	PMID:15114347	Ligand-Receptor	1	single_protein_pair	0	0	0	0	0		
HGNC:3392	EPHB1	P54762	ENSG00000154928	2047	membrane	P54762	protein	protein	P52799	P52799	713	PMID:15114347	Ligand-Receptor	1	single_protein_pair	0	0	0	0	0		
HGNC:3227	EFNB2	P52799	ENSG00000125266	1948	membrane	P52799	protein	protein	P29323	P29323	714	PMID:15114347	Ligand-Receptor	1	single_protein_pair	0	0	0	0	0		
HGNC:3393	EPHB2	P29323	ENSG00000133216	2048	membrane_and_secreted	P29323	protein	protein	P52799	P52799	714	PMID:15114347	Ligand-Receptor	1	single_protein_pair	0	0	0	0	0		
HGNC:3227	EFNB2	P52799	ENSG00000125266	1948	membrane	P52799	protein	protein	P54753	P54753	715	PMID:15114347	Ligand-Receptor	1	single_protein_pair	0	0	0	0	0		
HGNC:3394	EPHB3	P54753	ENSG00000182580	2049	membrane	P54753	protein	protein	P52799	P52799	715	PMID:15114347	Ligand-Receptor	1	single_protein_pair	0	0	0	0	0		
HGNC:3227	EFNB2	P52799	ENSG00000125266	1948	membrane	P52799	protein	protein	P54760	P54760	716	PMID:15114347	Ligand-Receptor	1	single_protein_pair	1	1	0	1	0	2hle	
HGNC:3395	EPHB4	P54760	ENSG00000196411	2050	membrane	P54760	protein	protein	P52799	P52799	716	PMID:15114347	Ligand-Receptor	1	single_protein_pair	1	1	0	1	0	2hle	
HGNC:3227	EFNB2	P52799	ENSG00000125266	1948	membrane	P52799	protein	protein	O15197	O15197	717	PMID:15114347	Ligand-Receptor	1	single_protein_pair	0	0	0	0	0		
HGNC:3396	EPHB6	O15197	ENSG00000106123	2051	membrane_and_secreted	O15197	protein	protein	P52799	P52799	717	PMID:15114347	Ligand-Receptor	1	single_protein_pair	0	0	0	0	0		
HGNC:3228	EFNB3	Q15768	ENSG00000108947	1949	membrane_inferred	Q15768	protein	protein	P54764	P54764	718	PMID:15114347	Ligand-Receptor	1	single_protein_pair	1	1	1	1	0	4bkf	pubmed:19875447|imex:IM-28795
HGNC:3388	EPHA4	P54764	ENSG00000116106	2043	membrane	P54764	protein	protein	Q15768	Q15768	718	PMID:15114347	Ligand-Receptor	1	single_protein_pair	1	1	1	1	0	4bkf	pubmed:19875447|imex:IM-28795;pubmed:23812375|imex:IM-21588
HGNC:3228	EFNB3	Q15768	ENSG00000108947	1949	membrane_inferred	Q15768	protein	protein	P54762	P54762	719	PMID:15114347	Ligand-Receptor	1	single_protein_pair	0	0	0	0	0		
HGNC:3392	EPHB1	P54762	ENSG00000154928	2047	membrane	P54762	protein	protein	Q15768	Q15768	719	PMID:15114347	Ligand-Receptor	1	single_protein_pair	0	0	0	0	0		
HGNC:3228	EFNB3	Q15768	ENSG00000108947	1949	membrane_inferred	Q15768	protein	protein	P29323	P29323	720	PMID:15114347	Ligand-Receptor	1	single_protein_pair	0	0	0	0	0		
HGNC:3393	EPHB2	P29323	ENSG00000133216	2048	membrane_and_secreted	P29323	protein	protein	Q15768	Q15768	720	PMID:15114347	Ligand-Receptor	1	single_protein_pair	0	0	0	0	0		
HGNC:3228	EFNB3	Q15768	ENSG00000108947	1949	membrane_inferred	Q15768	protein	protein	P54753	P54753	721	PMID:15114347	Ligand-Receptor	1	single_protein_pair	0	0	0	0	0		
HGNC:3394	EPHB3	P54753	ENSG00000182580	2049	membrane	P54753	protein	protein	Q15768	Q15768	721	PMID:15114347	Ligand-Receptor	1	single_protein_pair	0	0	0	0	0		
HGNC:3228	EFNB3	Q15768	ENSG00000108947	1949	membrane_inferred	Q15768	protein	protein	P54760	P54760	722	PMID:15114347	Ligand-Receptor	1	single_protein_pair	0	0	0	0	0		
HGNC:3395	EPHB4	P54760	ENSG00000196411	2050	membrane	P54760	protein	protein	Q15768	Q15768	722	PMID:15114347	Ligand-Receptor	1	single_protein_pair	0	0	0	0	0		
HGNC:3228	EFNB3	Q15768	ENSG00000108947	1949	membrane_inferred	Q15768	protein	protein	O15197	O15197	723	PMID:15114347	Ligand-Receptor	1	single_protein_pair	0	0	0	0	0		
HGNC:3396	EPHB6	O15197	ENSG00000106123	2051	membrane_and_secreted	O15197	protein	protein	Q15768	Q15768	723	PMID:15114347	Ligand-Receptor	1	single_protein_pair	0	0	0	0	0		
HGNC:651	AREG	P15514	ENSG00000109321	374	other_or_uncertain	P15514	protein	protein	P00533	P00533	724	uniprot	Ligand-Receptor	1	single_protein_pair	0	0	0	0	0		
HGNC:3236	EGFR	P00533	ENSG00000146648	1956	membrane_and_secreted	P00533	protein	protein	P15514	P15514	724	uniprot	Ligand-Receptor	1	single_protein_pair	0	0	1	1	0		pubmed:28988771|imex:IM-27745
HGNC:1121	BTC	P35070	ENSG00000174808	685	membrane_and_secreted	P35070	protein	protein	P00533	P00533	725	uniprot	Ligand-Receptor	1	single_protein_pair	0	0	0	0	0		
HGNC:3236	EGFR	P00533	ENSG00000146648	1956	membrane_and_secreted	P00533	protein	protein	P35070	P35070	725	uniprot	Ligand-Receptor	1	single_protein_pair	0	0	1	1	0		pubmed:28988771|imex:IM-27745
HGNC:3229	EGF	P01133	ENSG00000138798	1950	membrane_inferred	P01133	protein	protein	P00533	P00533	726	uniprot	Ligand-Receptor	1	single_protein_pair	1	1	1	1	0	1ivo;1nql;3njp;7om4;7syd;7sye;7sz0;7sz1;8hgo;8hgs	pubmed:21822280|imex:IM-17493
HGNC:3236	EGFR	P00533	ENSG00000146648	1956	membrane_and_secreted	P00533	protein	protein	P01133	P01133	726	uniprot	Ligand-Receptor	1	single_protein_pair	1	1	1	1	0	1ivo;1nql;3njp;7om4;7syd;7sye;7sz0;7sz1;8hgo;8hgs	pubmed:28988771|imex:IM-27745
HGNC:17470	EPGN	Q6UW88	ENSG00000182585	255324	membrane_inferred_and_secreted	Q6UW88	protein	protein	P00533	P00533	727	uniprot	Ligand-Receptor	1	single_protein_pair	1	1	1	1	0	5wb8	pubmed:28988771|imex:IM-27745
HGNC:3236	EGFR	P00533	ENSG00000146648	1956	membrane_and_secreted	P00533	protein	protein	Q6UW88	Q6UW88	727	uniprot	Ligand-Receptor	1	single_protein_pair	1	1	1	1	0	5wb8	pubmed:28988771|imex:IM-27745
HGNC:3443	EREG	O14944	ENSG00000124882	2069	membrane_and_secreted	O14944	protein	protein	P00533	P00533	728	uniprot	Ligand-Receptor	1	single_protein_pair	1	1	0	1	0	7len;7lfr;8hgp	
HGNC:3236	EGFR	P00533	ENSG00000146648	1956	membrane_and_secreted	P00533	protein	protein	O14944	O14944	728	uniprot	Ligand-Receptor	1	single_protein_pair	1	1	1	1	0	5wb7;7len;7lfr;7lfs;8hgp	pubmed:28988771|imex:IM-27745
HGNC:3443	EREG	O14944	ENSG00000124882	2069	membrane_and_secreted	O14944	protein	protein	Q15303	Q15303	729	uniprot	Ligand-Receptor	1	single_protein_pair	0	0	0	0	0		
HGNC:3432	ERBB4	Q15303	ENSG00000178568	2066	membrane	Q15303	protein	protein	O14944	O14944	729	uniprot	Ligand-Receptor	1	single_protein_pair	0	0	0	0	0		
HGNC:3059	HBEGF	Q99075	ENSG00000113070	1839	membrane_and_secreted	Q99075	protein	protein	P00533	P00533	730	uniprot	Ligand-Receptor	1	single_protein_pair	0	0	0	0	0		
HGNC:3236	EGFR	P00533	ENSG00000146648	1956	membrane_and_secreted	P00533	protein	protein	Q99075	Q99075	730	uniprot	Ligand-Receptor	1	single_protein_pair	0	0	1	1	0		pubmed:28988771|imex:IM-27745
HGNC:3059	HBEGF	Q99075	ENSG00000113070	1839	membrane_and_secreted	Q99075	protein	protein	P04626	P04626	731	uniprot	Ligand-Receptor	1	single_protein_pair	0	0	0	0	0		
HGNC:3430	ERBB2	P04626	ENSG00000141736	2064	membrane	P04626	protein	protein	Q99075	Q99075	731	uniprot	Ligand-Receptor	1	single_protein_pair	0	0	0	0	0		
HGNC:3059	HBEGF	Q99075	ENSG00000113070	1839	membrane_and_secreted	Q99075	protein	protein	Q15303	Q15303	732	uniprot	Ligand-Receptor	1	single_protein_pair	0	0	0	0	0		
HGNC:3432	ERBB4	Q15303	ENSG00000178568	2066	membrane	Q15303	protein	protein	Q99075	Q99075	732	uniprot	Ligand-Receptor	1	single_protein_pair	0	0	0	0	0		
HGNC:277	ADRA1A	P35348	ENSG00000120907	148	membrane	P35348	protein	chemical	Epinephrine		733	reactome	Ligand-Receptor	0	chemical_identity_not_mapped	0	0	0	0	0		
HGNC:278	ADRA1B	P35368	ENSG00000170214	147	membrane	P35368	protein	chemical	Epinephrine		734	reactome	Ligand-Receptor	0	chemical_identity_not_mapped	0	0	0	0	0		
HGNC:280	ADRA1D	P25100	ENSG00000171873	146	membrane	P25100	protein	chemical	Epinephrine		735	reactome	Ligand-Receptor	0	chemical_identity_not_mapped	0	0	0	0	0		
HGNC:281	ADRA2A	P08913	ENSG00000150594	150	membrane	P08913	protein	chemical	Epinephrine		736	reactome	Ligand-Receptor	0	chemical_identity_not_mapped	0	0	0	0	0		
HGNC:282	ADRA2B	P18089	ENSG00000274286	151	membrane	P18089	protein	chemical	Epinephrine		737	reactome	Ligand-Receptor	0	chemical_identity_not_mapped	0	0	0	0	0		
HGNC:283	ADRA2C	P18825	ENSG00000184160	152	membrane	P18825	protein	chemical	Epinephrine		738	reactome	Ligand-Receptor	0	chemical_identity_not_mapped	0	0	0	0	0		
HGNC:285	ADRB1	P08588	ENSG00000043591	153	membrane	P08588	protein	chemical	Epinephrine		739	HMRbase;reactome	Ligand-Receptor	0	chemical_identity_not_mapped	0	0	0	0	0		
HGNC:286	ADRB2	P07550	ENSG00000169252	154	membrane	P07550	protein	chemical	Epinephrine		740	reactome	Ligand-Receptor	0	chemical_identity_not_mapped	0	0	0	0	0		
HGNC:288	ADRB3	P13945	ENSG00000188778	155	membrane	P13945	protein	chemical	Epinephrine		741	reactome	Ligand-Receptor	0	chemical_identity_not_mapped	0	0	0	0	0		
HGNC:3612	FCER2	P06734	ENSG00000104921	2208	membrane_and_secreted	P06734	protein	protein	P20023	P20023	746	PMID:16785534;PMC2212946	Receptor-Receptor	1	single_protein_pair	0	0	1	1	0		pubmed:35922511|imex:IM-30342
HGNC:2336	CR2	P20023	ENSG00000117322	1380	membrane	P20023	protein	protein	P06734	P06734	746	PMID:16785534;PMC2212946	Receptor-Receptor	1	single_protein_pair	0	0	1	1	0		pubmed:35922511|imex:IM-30342
HGNC:3612	FCER2	P06734	ENSG00000104921	2208	membrane_and_secreted	P06734	protein	protein	P21802	P21802	747	Shilts screen - VALIDATED	Receptor-Receptor	1	single_protein_pair	0	0	1	1	0		pubmed:35922511|imex:IM-30342
HGNC:3689	FGFR2	P21802	ENSG00000066468	2263	membrane_and_secreted	P21802	protein	protein	P06734	P06734	747	Shilts screen - VALIDATED	Receptor-Receptor	1	single_protein_pair	0	0	0	0	0		
HGNC:3612	FCER2	P06734	ENSG00000104921	2208	membrane_and_secreted	P06734	protein	complex	integrin_aMb2_complex	P05107;P11215	748	PMID:7621072;PMID:8745401	Receptor-Receptor	0	complex_component_support_only	0	0	0	0	0		
HGNC:6155	ITGB2	P05107	ENSG00000160255	3689	membrane	integrin_aMb2_complex	complex	protein	P06734	P06734	748	PMID:7621072;PMID:8745401	Receptor-Receptor	0	complex_component_support_only	0	0	0	0	0		
HGNC:6149	ITGAM	P11215	ENSG00000169896	3684	membrane	integrin_aMb2_complex	complex	protein	P06734	P06734	748	PMID:7621072;PMID:8745401	Receptor-Receptor	0	complex_component_support_only	0	0	0	0	0		
HGNC:3612	FCER2	P06734	ENSG00000104921	2208	membrane_and_secreted	P06734	protein	complex	integrin_aVb3_complex	P05106;P06756	749	PMID:10037797	Receptor-Receptor	0	complex_component_support_only	0	0	0	0	0		
HGNC:6156	ITGB3	P05106	ENSG00000259207	3690	membrane	integrin_aVb3_complex	complex	protein	P06734	P06734	749	PMID:10037797	Receptor-Receptor	0	complex_component_support_only	0	0	0	0	0		
HGNC:6150	ITGAV	P06756	ENSG00000138448	3685	membrane	integrin_aVb3_complex	complex	protein	P06734	P06734	749	PMID:10037797	Receptor-Receptor	0	complex_component_support_only	0	0	0	0	0		
HGNC:3612	FCER2	P06734	ENSG00000104921	2208	membrane_and_secreted	P06734	protein	complex	integrin_aXb2_complex	P05107;P20702	750	PMID:7621072	Receptor-Receptor	0	complex_component_support_only	0	0	0	0	0		
HGNC:6155	ITGB2	P05107	ENSG00000160255	3689	membrane	integrin_aXb2_complex	complex	protein	P06734	P06734	750	PMID:7621072	Receptor-Receptor	0	complex_component_support_only	0	0	0	0	0		
HGNC:6152	ITGAX	P20702	ENSG00000140678	3687	membrane	integrin_aXb2_complex	complex	protein	P06734	P06734	750	PMID:7621072	Receptor-Receptor	0	complex_component_support_only	0	0	0	0	0		
HGNC:3688	FGFR1	P11362	ENSG00000077782	2260	membrane	P11362	protein	protein	P05230	P05230	751	uniprot	Ligand-Receptor	1	single_protein_pair	1	1	1	1	0	1evt;3ojv	pubmed:10830168|imex:IM-17286;pubmed:14613973|imex:IM-27517;pubmed:18441324|imex:IM-18768
HGNC:3689	FGFR2	P21802	ENSG00000066468	2263	membrane_and_secreted	P21802	protein	protein	P05230	P05230	752	uniprot;reactome;PMID:27458533	Ligand-Receptor	1	single_protein_pair	1	1	1	1	0	1djs;1e0o;3cu1;3oj2;3ojm;4j23	pubmed:23597563|imex:IM-20844
HGNC:3690	FGFR3	P22607	ENSG00000068078	2261	membrane_and_secreted	P22607	protein	protein	P05230	P05230	753	uniprot;reactome;PMID:27458533	Ligand-Receptor	1	single_protein_pair	1	1	1	1	0	1ry7	pubmed:14613973|imex:IM-27517
HGNC:3691	FGFR4	P22455	ENSG00000160867	2264	membrane_and_secreted	P22455	protein	protein	P05230	P05230	754	reactome;PMID:25772309	Ligand-Receptor	1	single_protein_pair	0	0	0	0	0		
HGNC:6156	ITGB3	P05106	ENSG00000259207	3690	membrane	integrin_aVb3_complex	complex	protein	P05230	P05230	755	uniprot	Ligand-Receptor	0	complex_component_support_only	0	0	0	0	0		
HGNC:6150	ITGAV	P06756	ENSG00000138448	3685	membrane	integrin_aVb3_complex	complex	protein	P05230	P05230	755	uniprot	Ligand-Receptor	0	complex_component_support_only	0	0	0	0	0		
HGNC:3689	FGFR2	P21802	ENSG00000066468	2263	membrane_and_secreted	P21802	protein	protein	O15520	O15520	756	reactome;PMID:25772309	Ligand-Receptor	1	single_protein_pair	1	1	0	1	0	1nun	
HGNC:3690	FGFR3	P22607	ENSG00000068078	2261	membrane_and_secreted	P22607	protein	protein	O60258	O60258	757	uniprot;reactome;PMID:27458533;PMID:25772309	Ligand-Receptor	1	single_protein_pair	0	0	0	0	0		
HGNC:3691	FGFR4	P22455	ENSG00000160867	2264	membrane_and_secreted	BetaKlotho_FGFR4	complex	protein	O95750	O95750	758	uniprot;reactome;PMID:25772309	Ligand-Receptor	0	complex_component_support_only	0	0	0	0	0		
HGNC:15527	KLB	Q86Z14	ENSG00000134962	152831	membrane	BetaKlotho_FGFR4	complex	protein	O95750	O95750	758	uniprot;reactome;PMID:25772309	Ligand-Receptor	0	complex_component_support_only	0	0	0	0	1	6nfj	
HGNC:3676	FGF2	P09038	ENSG00000138685	2247	secreted_only	P09038	protein	protein	P11362	P11362	759	uniprot	Ligand-Receptor	1	single_protein_pair	1	0	0	0	0		
HGNC:3688	FGFR1	P11362	ENSG00000077782	2260	membrane	P11362	protein	protein	P09038	P09038	759	uniprot	Ligand-Receptor	1	single_protein_pair	1	1	1	1	0	1cvs;1fq9	pubmed:14613973|imex:IM-27517;pubmed:23597563|imex:IM-20844;pubmed:26267536|imex:IM-24965
HGNC:3676	FGF2	P09038	ENSG00000138685	2247	secreted_only	P09038	protein	protein	P21802	P21802	760	uniprot	Ligand-Receptor	1	single_protein_pair	1	0	0	0	0		
HGNC:3689	FGFR2	P21802	ENSG00000066468	2263	membrane_and_secreted	P21802	protein	protein	P09038	P09038	760	uniprot	Ligand-Receptor	1	single_protein_pair	1	1	1	1	0	1ev2;1ii4;1iil	pubmed:10830168|imex:IM-17286
HGNC:3676	FGF2	P09038	ENSG00000138685	2247	secreted_only	P09038	protein	protein	P22607	P22607	761	uniprot	Ligand-Receptor	1	single_protein_pair	0	0	0	0	0		
HGNC:3690	FGFR3	P22607	ENSG00000068078	2261	membrane_and_secreted	P22607	protein	protein	P09038	P09038	761	uniprot	Ligand-Receptor	1	single_protein_pair	0	0	1	1	0		pubmed:14613973|imex:IM-27517
HGNC:3676	FGF2	P09038	ENSG00000138685	2247	secreted_only	P09038	protein	protein	P22455	P22455	762	uniprot	Ligand-Receptor	1	single_protein_pair	0	0	0	0	0		
HGNC:3691	FGFR4	P22455	ENSG00000160867	2264	membrane_and_secreted	P22455	protein	protein	P09038	P09038	762	uniprot	Ligand-Receptor	1	single_protein_pair	0	0	0	0	0		
HGNC:3676	FGF2	P09038	ENSG00000138685	2247	secreted_only	P09038	protein	complex	integrin_aVb3_complex	P05106;P06756	763	uniprot	Ligand-Receptor	0	complex_component_support_only	0	0	0	0	0		
HGNC:6156	ITGB3	P05106	ENSG00000259207	3690	membrane	integrin_aVb3_complex	complex	protein	P09038	P09038	763	uniprot	Ligand-Receptor	0	complex_component_support_only	0	0	0	0	0		
HGNC:6150	ITGAV	P06756	ENSG00000138448	3685	membrane	integrin_aVb3_complex	complex	protein	P09038	P09038	763	uniprot	Ligand-Receptor	0	complex_component_support_only	0	0	0	0	0		
HGNC:3690	FGFR3	P22607	ENSG00000068078	2261	membrane_and_secreted	P22607	protein	protein	Q9NP95	Q9NP95	764	uniprot;reactome;PMID:25772309	Ligand-Receptor	1	single_protein_pair	0	0	0	0	0		
HGNC:3691	FGFR4	P22455	ENSG00000160867	2264	membrane_and_secreted	BetaKlotho_FGFR4	complex	protein	Q9NSA1	Q9NSA1	765	uniprot;PMID:25772309	Ligand-Receptor	0	complex_component_support_only	0	0	0	0	0		
HGNC:15527	KLB	Q86Z14	ENSG00000134962	152831	membrane	BetaKlotho_FGFR4	complex	protein	Q9NSA1	Q9NSA1	765	uniprot;PMID:25772309	Ligand-Receptor	0	complex_component_support_only	0	0	0	0	1	5vaq	
HGNC:3689	FGFR2	P21802	ENSG00000066468	2263	membrane_and_secreted	P21802	protein	protein	Q9HCT0	Q9HCT0	766	reactome;PMID:25772309	Ligand-Receptor	1	single_protein_pair	0	0	0	0	0		
HGNC:3688	FGFR1	P11362	ENSG00000077782	2260	membrane	Klotho_FGFR1	complex	protein	Q9GZV9	Q9GZV9	767	reactome;PMID:25772309	Ligand-Receptor	0	complex_component_support_only	0	0	0	0	1	5w21;7ysh	
HGNC:6344	KL	Q9UEF7	ENSG00000133116	9365	membrane_and_secreted	Klotho_FGFR1	complex	protein	Q9GZV9	Q9GZV9	767	reactome;PMID:25772309	Ligand-Receptor	0	complex_component_support_only	0	0	0	0	1	5w21;7ysh;7ysu;7ysw	
HGNC:3681	FGF3	P11487	ENSG00000186895	2248	secreted_only	P11487	protein	protein	P21802	P21802	768	reactome;PMID:25772309	Ligand-Receptor	1	single_protein_pair	0	0	0	0	0		
HGNC:3689	FGFR2	P21802	ENSG00000066468	2263	membrane_and_secreted	P21802	protein	protein	P11487	P11487	768	reactome;PMID:25772309	Ligand-Receptor	1	single_protein_pair	0	0	0	0	0		
HGNC:3682	FGF4	P08620	ENSG00000075388	2249	secreted_only	P08620	protein	protein	P11362	P11362	769	uniprot;reactome;PMID:27458533;PMID:25772309	Ligand-Receptor	1	single_protein_pair	0	0	0	0	0		
HGNC:3688	FGFR1	P11362	ENSG00000077782	2260	membrane	P11362	protein	protein	P08620	P08620	769	uniprot;reactome;PMID:27458533;PMID:25772309	Ligand-Receptor	1	single_protein_pair	0	0	1	1	0		pubmed:14613973|imex:IM-27517
HGNC:3688	FGFR1	P11362	ENSG00000077782	2260	membrane	P11362	protein	protein	P12034	P12034	770	uniprot;reactome;PMID:27458533;PMID:25772309	Ligand-Receptor	1	single_protein_pair	0	0	0	0	0		
HGNC:3688	FGFR1	P11362	ENSG00000077782	2260	membrane	P11362	protein	protein	P10767	P10767	771	uniprot;reactome;PMID:27458533;PMID:25772309	Ligand-Receptor	1	single_protein_pair	0	0	1	1	0		pubmed:14613973|imex:IM-27517
HGNC:3689	FGFR2	P21802	ENSG00000066468	2263	membrane_and_secreted	P21802	protein	protein	P21781	P21781	772	reactome;PMID:25772309	Ligand-Receptor	1	single_protein_pair	0	0	0	0	0		
HGNC:3686	FGF8	P55075	ENSG00000107831	2253	secreted_only	P55075	protein	protein	P22607	P22607	773	uniprot;reactome;PMID:27458533;PMID:25772309	Ligand-Receptor	1	single_protein_pair	0	0	0	0	0		
HGNC:3690	FGFR3	P22607	ENSG00000068078	2261	membrane_and_secreted	P22607	protein	protein	P55075	P55075	773	uniprot;reactome;PMID:27458533;PMID:25772309	Ligand-Receptor	1	single_protein_pair	0	0	0	0	0		
HGNC:3687	FGF9	P31371	ENSG00000102678	2254	secreted_only	P31371	protein	protein	P22607	P22607	774	uniprot;reactome;PMID:27458533;PMID:25772309	Ligand-Receptor	1	single_protein_pair	0	0	0	0	0		
HGNC:3690	FGFR3	P22607	ENSG00000068078	2261	membrane_and_secreted	P22607	protein	protein	P31371	P31371	774	uniprot;reactome;PMID:27458533;PMID:25772309	Ligand-Receptor	1	single_protein_pair	0	0	1	1	0		pubmed:14613973|imex:IM-27517
HGNC:3695	FGL1	Q08830	ENSG00000104760	2267	secreted_only	Q08830	protein	protein	P18627	P18627	775	uniprot	Ligand-Receptor	1	single_protein_pair	0	0	1	1	0		pubmed:30580966|imex:IM-29536
HGNC:6476	LAG3	P18627	ENSG00000089692	3902	membrane_and_secreted	P18627	protein	protein	Q08830	Q08830	775	uniprot	Ligand-Receptor	1	single_protein_pair	0	0	0	0	0		
HGNC:7656	NCAM1	P13591	ENSG00000149294	4684	membrane_and_secreted	P13591	protein	protein	P11362	P11362	776	PMID:12791257	Ligand-Receptor	1	single_protein_pair	0	0	0	0	0		
HGNC:3688	FGFR1	P11362	ENSG00000077782	2260	membrane	P11362	protein	protein	P13591	P13591	776	PMID:12791257	Ligand-Receptor	1	single_protein_pair	0	0	0	0	0		
HGNC:3760	FLRT1	Q9NZU1	ENSG00000126500	23769	membrane_and_secreted	Q9NZU1	protein	protein	O94910	O94910	777	PMID:29100073;PMID:31354411	Ligand-Receptor	1	single_protein_pair	0	0	0	0	0		
HGNC:20973	ADGRL1	O94910	ENSG00000072071	22859	membrane	O94910	protein	protein	Q9NZU1	Q9NZU1	777	PMID:29100073;PMID:31354411	Ligand-Receptor	1	single_protein_pair	0	0	0	0	0		
HGNC:3760	FLRT1	Q9NZU1	ENSG00000126500	23769	membrane_and_secreted	Q9NZU1	protein	protein	Q9HAR2	Q9HAR2	778	PMID:29100073;PMID:31354411	Ligand-Receptor	1	single_protein_pair	0	0	0	0	0		
HGNC:20974	ADGRL3	Q9HAR2	ENSG00000150471	23284	membrane	Q9HAR2	protein	protein	Q9NZU1	Q9NZU1	778	PMID:29100073;PMID:31354411	Ligand-Receptor	1	single_protein_pair	0	0	0	0	0		
HGNC:29943	TENM2	Q9NT68	ENSG00000145934	57451	membrane	TENM2_FLRT1_complex	complex	protein	O94910	O94910	779	uniprot;reactome;IUPHAR	Ligand-Receptor	0	complex_component_support_only	0	0	0	0	0		
HGNC:3760	FLRT1	Q9NZU1	ENSG00000126500	23769	membrane_and_secreted	TENM2_FLRT1_complex	complex	protein	O94910	O94910	779	uniprot;reactome;IUPHAR	Ligand-Receptor	0	complex_component_support_only	0	0	0	0	0		
HGNC:20973	ADGRL1	O94910	ENSG00000072071	22859	membrane	O94910	protein	complex	TENM2_FLRT1_complex	Q9NT68;Q9NZU1	779	uniprot;reactome;IUPHAR	Ligand-Receptor	0	complex_component_support_only	0	0	0	0	0		
HGNC:3760	FLRT1	Q9NZU1	ENSG00000126500	23769	membrane_and_secreted	TENM3_FLRT1_complex	complex	protein	Q9HAR2	Q9HAR2	780	uniprot;reactome;IUPHAR	Ligand-Receptor	0	complex_component_support_only	0	0	0	0	0		
HGNC:29944	TENM3	Q9P273	ENSG00000218336	55714	membrane	TENM3_FLRT1_complex	complex	protein	Q9HAR2	Q9HAR2	780	uniprot;reactome;IUPHAR	Ligand-Receptor	0	complex_component_support_only	0	0	0	0	0		
HGNC:20974	ADGRL3	Q9HAR2	ENSG00000150471	23284	membrane	Q9HAR2	protein	complex	TENM3_FLRT1_complex	Q9NZU1;Q9P273	780	uniprot;reactome;IUPHAR	Ligand-Receptor	0	complex_component_support_only	0	0	0	0	0		
HGNC:29945	TENM4	Q6N022	ENSG00000149256	26011	membrane	TENM4_FLRT1_complex	complex	protein	O94910	O94910	781	uniprot;reactome;IUPHAR	Ligand-Receptor	0	complex_component_support_only	0	0	0	0	0		
HGNC:3760	FLRT1	Q9NZU1	ENSG00000126500	23769	membrane_and_secreted	TENM4_FLRT1_complex	complex	protein	O94910	O94910	781	uniprot;reactome;IUPHAR	Ligand-Receptor	0	complex_component_support_only	0	0	0	0	0		
HGNC:20973	ADGRL1	O94910	ENSG00000072071	22859	membrane	O94910	protein	complex	TENM4_FLRT1_complex	Q6N022;Q9NZU1	781	uniprot;reactome;IUPHAR	Ligand-Receptor	0	complex_component_support_only	0	0	0	0	0		
HGNC:3761	FLRT2	O43155	ENSG00000185070	23768	membrane_and_secreted	O43155	protein	protein	O94910	O94910	782	PMID:29100073;PMID:31354411	Ligand-Receptor	1	single_protein_pair	0	0	0	0	0		
HGNC:20973	ADGRL1	O94910	ENSG00000072071	22859	membrane	O94910	protein	protein	O43155	O43155	782	PMID:29100073;PMID:31354411	Ligand-Receptor	1	single_protein_pair	0	0	0	0	0		
HGNC:3761	FLRT2	O43155	ENSG00000185070	23768	membrane_and_secreted	O43155	protein	protein	Q9HAR2	Q9HAR2	783	PMID:29100073;PMID:31354411	Ligand-Receptor	1	single_protein_pair	0	0	0	0	0		
HGNC:20974	ADGRL3	Q9HAR2	ENSG00000150471	23284	membrane	Q9HAR2	protein	protein	O43155	O43155	783	PMID:29100073;PMID:31354411	Ligand-Receptor	1	single_protein_pair	0	0	0	0	0		
HGNC:3762	FLRT3	Q9NZU0	ENSG00000125848	23767	membrane_and_secreted	Q9NZU0	protein	protein	O95490	O95490	784	PMID:29100073;PMID:31354411	Ligand-Receptor	1	single_protein_pair	0	0	0	0	0		
HGNC:18582	ADGRL2	O95490	ENSG00000117114	23266	membrane	O95490	protein	protein	Q9NZU0	Q9NZU0	784	PMID:29100073;PMID:31354411	Ligand-Receptor	1	single_protein_pair	0	0	0	0	0		
HGNC:3762	FLRT3	Q9NZU0	ENSG00000125848	23767	membrane_and_secreted	Q9NZU0	protein	protein	Q9HAR2	Q9HAR2	785	PMID:29100073;PMID:31354411	Ligand-Receptor	1	single_protein_pair	1	1	1	1	0	5cmn	pubmed:26235030|imex:IM-24948
HGNC:20974	ADGRL3	Q9HAR2	ENSG00000150471	23284	membrane	Q9HAR2	protein	protein	Q9NZU0	Q9NZU0	785	PMID:29100073;PMID:31354411	Ligand-Receptor	1	single_protein_pair	1	1	1	1	0	5cmn	pubmed:26235030|imex:IM-24948
HGNC:29943	TENM2	Q9NT68	ENSG00000145934	57451	membrane	TENM2_FLRT3_complex	complex	protein	O94910	O94910	786	uniprot;reactome;IUPHAR	Ligand-Receptor	0	complex_component_support_only	0	0	0	0	0		
HGNC:3762	FLRT3	Q9NZU0	ENSG00000125848	23767	membrane_and_secreted	TENM2_FLRT3_complex	complex	protein	O94910	O94910	786	uniprot;reactome;IUPHAR	Ligand-Receptor	0	complex_component_support_only	0	0	0	0	0		
HGNC:20973	ADGRL1	O94910	ENSG00000072071	22859	membrane	O94910	protein	complex	TENM2_FLRT3_complex	Q9NT68;Q9NZU0	786	uniprot;reactome;IUPHAR	Ligand-Receptor	0	complex_component_support_only	0	0	0	0	0		
HGNC:29943	TENM2	Q9NT68	ENSG00000145934	57451	membrane	TENM2_FLRT3_complex	complex	protein	O95490	O95490	787	uniprot;reactome;IUPHAR	Ligand-Receptor	0	complex_component_support_only	0	0	0	0	0		
HGNC:3762	FLRT3	Q9NZU0	ENSG00000125848	23767	membrane_and_secreted	TENM2_FLRT3_complex	complex	protein	O95490	O95490	787	uniprot;reactome;IUPHAR	Ligand-Receptor	0	complex_component_support_only	0	0	0	0	0		
HGNC:18582	ADGRL2	O95490	ENSG00000117114	23266	membrane	O95490	protein	complex	TENM2_FLRT3_complex	Q9NT68;Q9NZU0	787	uniprot;reactome;IUPHAR	Ligand-Receptor	0	complex_component_support_only	0	0	0	0	0		
HGNC:3762	FLRT3	Q9NZU0	ENSG00000125848	23767	membrane_and_secreted	TENM3_FLRT3_complex	complex	protein	Q9HAR2	Q9HAR2	788	uniprot;reactome;IUPHAR	Ligand-Receptor	0	complex_component_support_only	0	0	0	0	1	5cmn	
HGNC:29944	TENM3	Q9P273	ENSG00000218336	55714	membrane	TENM3_FLRT3_complex	complex	protein	Q9HAR2	Q9HAR2	788	uniprot;reactome;IUPHAR	Ligand-Receptor	0	complex_component_support_only	0	0	0	0	0		
HGNC:20974	ADGRL3	Q9HAR2	ENSG00000150471	23284	membrane	Q9HAR2	protein	complex	TENM3_FLRT3_complex	Q9NZU0;Q9P273	788	uniprot;reactome;IUPHAR	Ligand-Receptor	0	complex_component_support_only	0	0	0	0	1	5cmn	
HGNC:29945	TENM4	Q6N022	ENSG00000149256	26011	membrane	TENM4_FLRT3_complex	complex	protein	O94910	O94910	789	uniprot;reactome;IUPHAR	Ligand-Receptor	0	complex_component_support_only	0	0	0	0	0		
HGNC:3762	FLRT3	Q9NZU0	ENSG00000125848	23767	membrane_and_secreted	TENM4_FLRT3_complex	complex	protein	O94910	O94910	789	uniprot;reactome;IUPHAR	Ligand-Receptor	0	complex_component_support_only	0	0	0	0	0		
HGNC:20973	ADGRL1	O94910	ENSG00000072071	22859	membrane	O94910	protein	complex	TENM4_FLRT3_complex	Q6N022;Q9NZU0	789	uniprot;reactome;IUPHAR	Ligand-Receptor	0	complex_component_support_only	0	0	0	0	0		
HGNC:4070	GABBR1	Q9UBS5	ENSG00000204681	2550	membrane_and_secreted	Q9UBS5	protein	chemical	GABA		1011;790;807;824;841;858;875;892;909;926;943;960;977;994	uniprot;reactome;IUPHAR	Ligand-Receptor	0	chemical_identity_not_mapped	0	0	0	0	0		
HGNC:4507	GABBR2	O75899	ENSG00000136928	9568	membrane	O75899	protein	chemical	GABA		1012;791;808;825;842;859;876;893;910;927;944;961;978;995	uniprot;reactome;IUPHAR	Ligand-Receptor	0	chemical_identity_not_mapped	0	0	0	0	0		
HGNC:4075	GABRA1	P14867	ENSG00000022355	2554	membrane	GABA-A_a1b2_complex	complex	chemical	GABA		1013;792;809;826;843;860;877;894;911;928;945;962;979;996	uniprot;reactome;IUPHAR	Ligand-Receptor	0	chemical_identity_not_mapped	0	0	0	0	0		
HGNC:4082	GABRB2	P47870	ENSG00000145864	2561	membrane	GABA-A_a1b2_complex	complex	chemical	GABA		1013;792;809;826;843;860;877;894;911;928;945;962;979;996	uniprot;reactome;IUPHAR	Ligand-Receptor	0	chemical_identity_not_mapped	0	0	0	0	0		
HGNC:4084	GABRD	O14764	ENSG00000187730	2563	membrane	GABA-A_a1b2d_complex	complex	chemical	GABA		1014;793;810;827;844;861;878;895;912;929;946;963;980;997	uniprot;reactome;IUPHAR	Ligand-Receptor	0	chemical_identity_not_mapped	0	0	0	0	0		
HGNC:4075	GABRA1	P14867	ENSG00000022355	2554	membrane	GABA-A_a1b2d_complex	complex	chemical	GABA		1014;793;810;827;844;861;878;895;912;929;946;963;980;997	uniprot;reactome;IUPHAR	Ligand-Receptor	0	chemical_identity_not_mapped	0	0	0	0	0		
HGNC:4082	GABRB2	P47870	ENSG00000145864	2561	membrane	GABA-A_a1b2d_complex	complex	chemical	GABA		1014;793;810;827;844;861;878;895;912;929;946;963;980;997	uniprot;reactome;IUPHAR	Ligand-Receptor	0	chemical_identity_not_mapped	0	0	0	0	0		
HGNC:4075	GABRA1	P14867	ENSG00000022355	2554	membrane	GABA-A_a1b2g2S_complex	complex	chemical	GABA		1015;794;811;828;845;862;879;896;913;930;947;964;981;998	uniprot;reactome;IUPHAR	Ligand-Receptor	0	chemical_identity_not_mapped	0	0	0	0	0		
HGNC:4087	GABRG2	P18507	ENSG00000113327	2566	membrane	GABA-A_a1b2g2S_complex	complex	chemical	GABA		1015;794;811;828;845;862;879;896;913;930;947;964;981;998	uniprot;reactome;IUPHAR	Ligand-Receptor	0	chemical_identity_not_mapped	0	0	0	0	0		
HGNC:4082	GABRB2	P47870	ENSG00000145864	2561	membrane	GABA-A_a1b2g2S_complex	complex	chemical	GABA		1015;794;811;828;845;862;879;896;913;930;947;964;981;998	uniprot;reactome;IUPHAR	Ligand-Receptor	0	chemical_identity_not_mapped	0	0	0	0	0		
HGNC:4075	GABRA1	P14867	ENSG00000022355	2554	membrane	GABA-A_a1b3_complex	complex	chemical	GABA		1016;795;812;829;846;863;880;897;914;931;948;965;982;999	uniprot;reactome;IUPHAR	Ligand-Receptor	0	chemical_identity_not_mapped	0	0	0	0	0		
HGNC:4083	GABRB3	P28472	ENSG00000166206	2562	membrane	GABA-A_a1b3_complex	complex	chemical	GABA		1016;795;812;829;846;863;880;897;914;931;948;965;982;999	uniprot;reactome;IUPHAR	Ligand-Receptor	0	chemical_identity_not_mapped	0	0	0	0	0		
HGNC:4075	GABRA1	P14867	ENSG00000022355	2554	membrane	GABA-A_a1b3g2S_complex	complex	chemical	GABA		1000;1017;796;813;830;847;864;881;898;915;932;949;966;983	uniprot;reactome;IUPHAR	Ligand-Receptor	0	chemical_identity_not_mapped	0	0	0	0	0		
HGNC:4087	GABRG2	P18507	ENSG00000113327	2566	membrane	GABA-A_a1b3g2S_complex	complex	chemical	GABA		1000;1017;796;813;830;847;864;881;898;915;932;949;966;983	uniprot;reactome;IUPHAR	Ligand-Receptor	0	chemical_identity_not_mapped	0	0	0	0	0		
HGNC:4083	GABRB3	P28472	ENSG00000166206	2562	membrane	GABA-A_a1b3g2S_complex	complex	chemical	GABA		1000;1017;796;813;830;847;864;881;898;915;932;949;966;983	uniprot;reactome;IUPHAR	Ligand-Receptor	0	chemical_identity_not_mapped	0	0	0	0	0		
HGNC:4087	GABRG2	P18507	ENSG00000113327	2566	membrane	GABA-A_a2b3g2S_complex	complex	chemical	GABA		1001;1018;797;814;831;848;865;882;899;916;933;950;967;984	uniprot;reactome;IUPHAR	Ligand-Receptor	0	chemical_identity_not_mapped	0	0	0	0	0		
HGNC:4083	GABRB3	P28472	ENSG00000166206	2562	membrane	GABA-A_a2b3g2S_complex	complex	chemical	GABA		1001;1018;797;814;831;848;865;882;899;916;933;950;967;984	uniprot;reactome;IUPHAR	Ligand-Receptor	0	chemical_identity_not_mapped	0	0	0	0	0		
HGNC:4076	GABRA2	P47869	ENSG00000151834	2555	membrane	GABA-A_a2b3g2S_complex	complex	chemical	GABA		1001;1018;797;814;831;848;865;882;899;916;933;950;967;984	uniprot;reactome;IUPHAR	Ligand-Receptor	0	chemical_identity_not_mapped	0	0	0	0	0		
HGNC:4083	GABRB3	P28472	ENSG00000166206	2562	membrane	GABA-A_a3b3e_complex	complex	chemical	GABA		1002;1019;798;815;832;849;866;883;900;917;934;951;968;985	uniprot;reactome;IUPHAR	Ligand-Receptor	0	chemical_identity_not_mapped	0	0	0	0	0		
HGNC:4077	GABRA3	P34903	ENSG00000011677	2556	membrane	GABA-A_a3b3e_complex	complex	chemical	GABA		1002;1019;798;815;832;849;866;883;900;917;934;951;968;985	uniprot;reactome;IUPHAR	Ligand-Receptor	0	chemical_identity_not_mapped	0	0	0	0	0		
HGNC:4085	GABRE	P78334	ENSG00000102287	2564	membrane	GABA-A_a3b3e_complex	complex	chemical	GABA		1002;1019;798;815;832;849;866;883;900;917;934;951;968;985	uniprot;reactome;IUPHAR	Ligand-Receptor	0	chemical_identity_not_mapped	0	0	0	0	0		
HGNC:4087	GABRG2	P18507	ENSG00000113327	2566	membrane	GABA-A_a3b3g2S_complex	complex	chemical	GABA		1003;1020;799;816;833;850;867;884;901;918;935;952;969;986	uniprot;reactome;IUPHAR	Ligand-Receptor	0	chemical_identity_not_mapped	0	0	0	0	0		
HGNC:4083	GABRB3	P28472	ENSG00000166206	2562	membrane	GABA-A_a3b3g2S_complex	complex	chemical	GABA		1003;1020;799;816;833;850;867;884;901;918;935;952;969;986	uniprot;reactome;IUPHAR	Ligand-Receptor	0	chemical_identity_not_mapped	0	0	0	0	0		
HGNC:4077	GABRA3	P34903	ENSG00000011677	2556	membrane	GABA-A_a3b3g2S_complex	complex	chemical	GABA		1003;1020;799;816;833;850;867;884;901;918;935;952;969;986	uniprot;reactome;IUPHAR	Ligand-Receptor	0	chemical_identity_not_mapped	0	0	0	0	0		
HGNC:4083	GABRB3	P28472	ENSG00000166206	2562	membrane	GABA-A_a3b3o_complex	complex	chemical	GABA		1004;1021;800;817;834;851;868;885;902;919;936;953;970;987	uniprot;reactome;IUPHAR	Ligand-Receptor	0	chemical_identity_not_mapped	0	0	0	0	0		
HGNC:4077	GABRA3	P34903	ENSG00000011677	2556	membrane	GABA-A_a3b3o_complex	complex	chemical	GABA		1004;1021;800;817;834;851;868;885;902;919;936;953;970;987	uniprot;reactome;IUPHAR	Ligand-Receptor	0	chemical_identity_not_mapped	0	0	0	0	0		
HGNC:14454	GABRQ	Q9UN88	ENSG00000268089	55879	membrane	GABA-A_a3b3o_complex	complex	chemical	GABA		1004;1021;800;817;834;851;868;885;902;919;936;953;970;987	uniprot;reactome;IUPHAR	Ligand-Receptor	0	chemical_identity_not_mapped	0	0	0	0	0		
HGNC:4084	GABRD	O14764	ENSG00000187730	2563	membrane	GABA-A_a4b2d_complex	complex	chemical	GABA		1005;1022;801;818;835;852;869;886;903;920;937;954;971;988	uniprot;reactome;IUPHAR	Ligand-Receptor	0	chemical_identity_not_mapped	0	0	0	0	0		
HGNC:4082	GABRB2	P47870	ENSG00000145864	2561	membrane	GABA-A_a4b2d_complex	complex	chemical	GABA		1005;1022;801;818;835;852;869;886;903;920;937;954;971;988	uniprot;reactome;IUPHAR	Ligand-Receptor	0	chemical_identity_not_mapped	0	0	0	0	0		
HGNC:4078	GABRA4	P48169	ENSG00000109158	2557	membrane	GABA-A_a4b2d_complex	complex	chemical	GABA		1005;1022;801;818;835;852;869;886;903;920;937;954;971;988	uniprot;reactome;IUPHAR	Ligand-Receptor	0	chemical_identity_not_mapped	0	0	0	0	0		
HGNC:4084	GABRD	O14764	ENSG00000187730	2563	membrane	GABA-A_a4b3d_complex	complex	chemical	GABA		1006;1023;802;819;836;853;870;887;904;921;938;955;972;989	uniprot;reactome;IUPHAR	Ligand-Receptor	0	chemical_identity_not_mapped	0	0	0	0	0		
HGNC:4083	GABRB3	P28472	ENSG00000166206	2562	membrane	GABA-A_a4b3d_complex	complex	chemical	GABA		1006;1023;802;819;836;853;870;887;904;921;938;955;972;989	uniprot;reactome;IUPHAR	Ligand-Receptor	0	chemical_identity_not_mapped	0	0	0	0	0		
HGNC:4078	GABRA4	P48169	ENSG00000109158	2557	membrane	GABA-A_a4b3d_complex	complex	chemical	GABA		1006;1023;802;819;836;853;870;887;904;921;938;955;972;989	uniprot;reactome;IUPHAR	Ligand-Receptor	0	chemical_identity_not_mapped	0	0	0	0	0		
HGNC:4087	GABRG2	P18507	ENSG00000113327	2566	membrane	GABA-A_a4b3g2S_complex	complex	chemical	GABA		1007;1024;803;820;837;854;871;888;905;922;939;956;973;990	uniprot;reactome;IUPHAR	Ligand-Receptor	0	chemical_identity_not_mapped	0	0	0	0	0		
HGNC:4083	GABRB3	P28472	ENSG00000166206	2562	membrane	GABA-A_a4b3g2S_complex	complex	chemical	GABA		1007;1024;803;820;837;854;871;888;905;922;939;956;973;990	uniprot;reactome;IUPHAR	Ligand-Receptor	0	chemical_identity_not_mapped	0	0	0	0	0		
HGNC:4078	GABRA4	P48169	ENSG00000109158	2557	membrane	GABA-A_a4b3g2S_complex	complex	chemical	GABA		1007;1024;803;820;837;854;871;888;905;922;939;956;973;990	uniprot;reactome;IUPHAR	Ligand-Receptor	0	chemical_identity_not_mapped	0	0	0	0	0		
HGNC:4087	GABRG2	P18507	ENSG00000113327	2566	membrane	GABA-A_a5b3g2S_complex	complex	chemical	GABA		1008;1025;804;821;838;855;872;889;906;923;940;957;974;991	uniprot;reactome;IUPHAR	Ligand-Receptor	0	chemical_identity_not_mapped	0	0	0	0	0		
HGNC:4083	GABRB3	P28472	ENSG00000166206	2562	membrane	GABA-A_a5b3g2S_complex	complex	chemical	GABA		1008;1025;804;821;838;855;872;889;906;923;940;957;974;991	uniprot;reactome;IUPHAR	Ligand-Receptor	0	chemical_identity_not_mapped	0	0	0	0	0		
HGNC:4079	GABRA5	P31644	ENSG00000186297	2558	membrane	GABA-A_a5b3g2S_complex	complex	chemical	GABA		1008;1025;804;821;838;855;872;889;906;923;940;957;974;991	uniprot;reactome;IUPHAR	Ligand-Receptor	0	chemical_identity_not_mapped	0	0	0	0	0		
HGNC:4084	GABRD	O14764	ENSG00000187730	2563	membrane	GABA-A_a6b3d_complex	complex	chemical	GABA		1009;1026;805;822;839;856;873;890;907;924;941;958;975;992	uniprot;reactome;IUPHAR	Ligand-Receptor	0	chemical_identity_not_mapped	0	0	0	0	0		
HGNC:4083	GABRB3	P28472	ENSG00000166206	2562	membrane	GABA-A_a6b3d_complex	complex	chemical	GABA		1009;1026;805;822;839;856;873;890;907;924;941;958;975;992	uniprot;reactome;IUPHAR	Ligand-Receptor	0	chemical_identity_not_mapped	0	0	0	0	0		
HGNC:4080	GABRA6	Q16445	ENSG00000145863	2559	membrane	GABA-A_a6b3d_complex	complex	chemical	GABA		1009;1026;805;822;839;856;873;890;907;924;941;958;975;992	uniprot;reactome;IUPHAR	Ligand-Receptor	0	chemical_identity_not_mapped	0	0	0	0	0		
HGNC:4087	GABRG2	P18507	ENSG00000113327	2566	membrane	GABA-A_a6b3g2S_complex	complex	chemical	GABA		1010;1027;806;823;840;857;874;891;908;925;942;959;976;993	uniprot;reactome;IUPHAR	Ligand-Receptor	0	chemical_identity_not_mapped	0	0	0	0	0		
HGNC:4083	GABRB3	P28472	ENSG00000166206	2562	membrane	GABA-A_a6b3g2S_complex	complex	chemical	GABA		1010;1027;806;823;840;857;874;891;908;925;942;959;976;993	uniprot;reactome;IUPHAR	Ligand-Receptor	0	chemical_identity_not_mapped	0	0	0	0	0		
HGNC:4080	GABRA6	Q16445	ENSG00000145863	2559	membrane	GABA-A_a6b3g2S_complex	complex	chemical	GABA		1010;1027;806;823;840;857;874;891;908;925;942;959;976;993	uniprot;reactome;IUPHAR	Ligand-Receptor	0	chemical_identity_not_mapped	0	0	0	0	0		
HGNC:4132	GALR1	P47211	ENSG00000166573	2587	membrane	P47211	protein	protein	P22466	P22466	1028	uniprot;reactome;IUPHAR	Ligand-Receptor	1	single_protein_pair	1	0	0	0	0		
HGNC:4132	GALR1	P47211	ENSG00000166573	2587	membrane	GALR1	complex	protein	P22466	P22466	1029	uniprot	Ligand-Receptor	0	complex_component_support_only	0	0	0	0	0		
HGNC:23624	GPR151	Q8TDV0	ENSG00000173250	134391	membrane	GALR1	complex	protein	P22466	P22466	1029	uniprot	Ligand-Receptor	0	complex_component_support_only	0	0	0	0	0		
HGNC:4133	GALR2	O43603	ENSG00000182687	8811	membrane	O43603	protein	protein	P22466	P22466	1030	uniprot;reactome;IUPHAR	Ligand-Receptor	1	single_protein_pair	1	0	0	0	0		
HGNC:4133	GALR2	O43603	ENSG00000182687	8811	membrane	GALR2	complex	protein	P22466	P22466	1031	uniprot	Ligand-Receptor	0	complex_component_support_only	0	0	0	0	0		
HGNC:23624	GPR151	Q8TDV0	ENSG00000173250	134391	membrane	GALR2	complex	protein	P22466	P22466	1031	uniprot	Ligand-Receptor	0	complex_component_support_only	0	0	0	0	0		
HGNC:4134	GALR3	O60755	ENSG00000128310	8484	membrane	O60755	protein	protein	P22466	P22466	1032	uniprot;reactome;IUPHAR	Ligand-Receptor	1	single_protein_pair	0	0	0	0	0		
HGNC:4134	GALR3	O60755	ENSG00000128310	8484	membrane	GALR3	complex	protein	P22466	P22466	1033	uniprot	Ligand-Receptor	0	complex_component_support_only	0	0	0	0	0		
HGNC:23624	GPR151	Q8TDV0	ENSG00000173250	134391	membrane	GALR3	complex	protein	P22466	P22466	1033	uniprot	Ligand-Receptor	0	complex_component_support_only	0	0	0	0	0		
HGNC:4132	GALR1	P47211	ENSG00000166573	2587	membrane	P47211	protein	protein	Q9UBC7	Q9UBC7	1034	uniprot;reactome;IUPHAR	Ligand-Receptor	1	single_protein_pair	0	0	0	0	0		
HGNC:4132	GALR1	P47211	ENSG00000166573	2587	membrane	GALR1	complex	protein	Q9UBC7	Q9UBC7	1035	uniprot	Ligand-Receptor	0	complex_component_support_only	0	0	0	0	0		
HGNC:23624	GPR151	Q8TDV0	ENSG00000173250	134391	membrane	GALR1	complex	protein	Q9UBC7	Q9UBC7	1035	uniprot	Ligand-Receptor	0	complex_component_support_only	0	0	0	0	0		
HGNC:4133	GALR2	O43603	ENSG00000182687	8811	membrane	O43603	protein	protein	Q9UBC7	Q9UBC7	1036	uniprot;reactome;IUPHAR	Ligand-Receptor	1	single_protein_pair	0	0	0	0	0		
HGNC:4133	GALR2	O43603	ENSG00000182687	8811	membrane	GALR2	complex	protein	Q9UBC7	Q9UBC7	1037	uniprot	Ligand-Receptor	0	complex_component_support_only	0	0	0	0	0		
HGNC:23624	GPR151	Q8TDV0	ENSG00000173250	134391	membrane	GALR2	complex	protein	Q9UBC7	Q9UBC7	1037	uniprot	Ligand-Receptor	0	complex_component_support_only	0	0	0	0	0		
HGNC:4134	GALR3	O60755	ENSG00000128310	8484	membrane	O60755	protein	protein	Q9UBC7	Q9UBC7	1038	uniprot;reactome;IUPHAR	Ligand-Receptor	1	single_protein_pair	0	0	0	0	0		
HGNC:4134	GALR3	O60755	ENSG00000128310	8484	membrane	GALR3	complex	protein	Q9UBC7	Q9UBC7	1039	uniprot	Ligand-Receptor	0	complex_component_support_only	0	0	0	0	0		
HGNC:23624	GPR151	Q8TDV0	ENSG00000173250	134391	membrane	GALR3	complex	protein	Q9UBC7	Q9UBC7	1039	uniprot	Ligand-Receptor	0	complex_component_support_only	0	0	0	0	0		
HGNC:6563	LGALS3	P17931	ENSG00000131981	3958	secreted_only	P17931	protein	protein	Q12866	Q12866	1040	uniprot	Ligand-Receptor	1	single_protein_pair	0	0	0	0	0		
HGNC:7027	MERTK	Q12866	ENSG00000153208	10461	membrane	Q12866	protein	protein	P17931	P17931	1040	uniprot	Ligand-Receptor	1	single_protein_pair	0	0	0	0	0		
HGNC:6570	LGALS9	O00182	ENSG00000168961	3965	secreted_only	O00182	protein	complex	BCR_CD45_CD22	P08575;P11274;P20273	1041	PMID:30120235	Ligand-Receptor	0	complex_component_support_only	0	0	0	0	0		
HGNC:9666	PTPRC	P08575	ENSG00000081237	5788	membrane	BCR_CD45_CD22	complex	protein	O00182	O00182	1041	PMID:30120235	Ligand-Receptor	0	complex_component_support_only	0	0	0	0	0		
HGNC:1643	CD22	P20273	ENSG00000012124	933	membrane	BCR_CD45_CD22	complex	protein	O00182	O00182	1041	PMID:30120235	Ligand-Receptor	0	complex_component_support_only	0	0	0	0	0		
HGNC:6570	LGALS9	O00182	ENSG00000168961	3965	secreted_only	O00182	protein	protein	Q8TDQ0	Q8TDQ0	1042	PMID:27192565;Uniprot	Ligand-Receptor	1	single_protein_pair	0	0	0	0	0		
HGNC:18437	HAVCR2	Q8TDQ0	ENSG00000135077	84868	membrane	Q8TDQ0	protein	protein	O00182	O00182	1042	PMID:27192565;Uniprot	Ligand-Receptor	1	single_protein_pair	0	0	0	0	0		
HGNC:6570	LGALS9	O00182	ENSG00000168961	3965	secreted_only	O00182	protein	protein	P07237	P07237	1043	PMID:21670307;uniprot	Ligand-Receptor	1	single_protein_pair	0	0	0	0	0		
HGNC:8548	P4HB	P07237	ENSG00000185624	5034	membrane	P07237	protein	protein	O00182	O00182	1043	PMID:21670307;uniprot	Ligand-Receptor	1	single_protein_pair	0	0	0	0	0		
HGNC:4512	ADGRG1	Q9Y653	ENSG00000205336	9289	membrane_and_secreted	Q9Y653	protein	protein	P01350	P01350	1044	uniprot;reactome;IUPHAR	Ligand-Receptor	1	single_protein_pair	0	0	0	0	0		
HGNC:1570	CCKAR	P32238	ENSG00000163394	886	membrane	P32238	protein	protein	P01350	P01350	1045	uniprot;reactome;IUPHAR	Ligand-Receptor	1	single_protein_pair	0	0	0	0	0		
HGNC:1571	CCKBR	P32239	ENSG00000110148	887	membrane	P32239	protein	protein	P01350	P01350	1046	uniprot;HMRbase;reactome	Ligand-Receptor	1	single_protein_pair	1	0	0	0	0		
HGNC:4271	GIPR	P48546	ENSG00000010310	2696	membrane	P48546	protein	protein	P09681	P09681	1047	uniprot	Ligand-Receptor	1	single_protein_pair	1	1	1	1	0	2qkh	pubmed:17715056|imex:IM-9714
HGNC:4609	GRPR	P30550	ENSG00000126010	2925	membrane	P30550	protein	protein	P07492	P07492	1048	uniprot;HMRbase;reactome	Ligand-Receptor	1	single_protein_pair	1	0	0	0	0		
HGNC:7843	NMBR	P28336	ENSG00000135577	4829	membrane	P28336	protein	protein	P07492	P07492	1049	GPCRdb (https://gpcrdb.org/ligand/endogenousbrowser/)	Ligand-Receptor	1	single_protein_pair	0	0	0	0	0		
HGNC:4571	GRIA1	P42261	ENSG00000155511	2890	membrane	P42261	protein	chemical	Glutamate		1050;1075;1100;1125;1150;1175;1200;1225;1250;1275;1300;1325;1350;1375;1400;1425	uniprot;reactome;IUPHAR	Ligand-Receptor	0	chemical_identity_not_mapped	0	0	0	0	0		
HGNC:4572	GRIA2	P42262	ENSG00000120251	2891	membrane	P42262	protein	chemical	Glutamate		1051;1076;1101;1126;1151;1176;1201;1226;1251;1276;1301;1326;1351;1376;1401;1426	uniprot;reactome;IUPHAR	Ligand-Receptor	0	chemical_identity_not_mapped	0	0	0	0	0		
HGNC:4573	GRIA3	P42263	ENSG00000125675	2892	membrane	P42263	protein	chemical	Glutamate		1052;1077;1102;1127;1152;1177;1202;1227;1252;1277;1302;1327;1352;1377;1402;1427	uniprot;reactome;IUPHAR	Ligand-Receptor	0	chemical_identity_not_mapped	0	0	0	0	0		
HGNC:4574	GRIA4	P48058	ENSG00000152578	2893	membrane	P48058	protein	chemical	Glutamate		1053;1078;1103;1128;1153;1178;1203;1228;1253;1278;1303;1328;1353;1378;1403;1428	uniprot;reactome;IUPHAR	Ligand-Receptor	0	chemical_identity_not_mapped	0	0	0	0	0		
HGNC:4579	GRIK1	P39086	ENSG00000171189	2897	membrane	P39086	protein	chemical	Glutamate		1054;1079;1104;1129;1154;1179;1204;1229;1254;1279;1304;1329;1354;1379;1404;1429	uniprot;reactome;IUPHAR	Ligand-Receptor	0	chemical_identity_not_mapped	0	0	0	0	0		
HGNC:4579	GRIK1	P39086	ENSG00000171189	2897	membrane	Glutamate_Kainate_1_4_complex	complex	chemical	Glutamate		1055;1080;1105;1130;1155;1180;1205;1230;1255;1280;1305;1330;1355;1380;1405;1430	uniprot;reactome;IUPHAR	Ligand-Receptor	0	chemical_identity_not_mapped	0	0	0	0	0		
HGNC:4582	GRIK4	Q16099	ENSG00000149403	2900	membrane	Glutamate_Kainate_1_4_complex	complex	chemical	Glutamate		1055;1080;1105;1130;1155;1180;1205;1230;1255;1280;1305;1330;1355;1380;1405;1430	uniprot;reactome;IUPHAR	Ligand-Receptor	0	chemical_identity_not_mapped	0	0	0	0	0		
HGNC:4579	GRIK1	P39086	ENSG00000171189	2897	membrane	Glutamate_Kainate_1_5_complex	complex	chemical	Glutamate		1056;1081;1106;1131;1156;1181;1206;1231;1256;1281;1306;1331;1356;1381;1406;1431	uniprot;reactome;IUPHAR	Ligand-Receptor	0	chemical_identity_not_mapped	0	0	0	0	0		
HGNC:4583	GRIK5	Q16478	ENSG00000105737	2901	membrane	Glutamate_Kainate_1_5_complex	complex	chemical	Glutamate		1056;1081;1106;1131;1156;1181;1206;1231;1256;1281;1306;1331;1356;1381;1406;1431	uniprot;reactome;IUPHAR	Ligand-Receptor	0	chemical_identity_not_mapped	0	0	0	0	0		
HGNC:4580	GRIK2	Q13002	ENSG00000164418	2898	membrane	Q13002	protein	chemical	Glutamate		1057;1082;1107;1132;1157;1182;1207;1232;1257;1282;1307;1332;1357;1382;1407;1432	uniprot;reactome;IUPHAR	Ligand-Receptor	0	chemical_identity_not_mapped	0	0	0	0	0		
HGNC:4580	GRIK2	Q13002	ENSG00000164418	2898	membrane	Glutamate_Kainate_2_4_complex	complex	chemical	Glutamate		1058;1083;1108;1133;1158;1183;1208;1233;1258;1283;1308;1333;1358;1383;1408;1433	uniprot;reactome;IUPHAR	Ligand-Receptor	0	chemical_identity_not_mapped	0	0	0	0	0		
HGNC:4582	GRIK4	Q16099	ENSG00000149403	2900	membrane	Glutamate_Kainate_2_4_complex	complex	chemical	Glutamate		1058;1083;1108;1133;1158;1183;1208;1233;1258;1283;1308;1333;1358;1383;1408;1433	uniprot;reactome;IUPHAR	Ligand-Receptor	0	chemical_identity_not_mapped	0	0	0	0	0		
HGNC:4580	GRIK2	Q13002	ENSG00000164418	2898	membrane	Glutamate_Kainate_2_5_complex	complex	chemical	Glutamate		1059;1084;1109;1134;1159;1184;1209;1234;1259;1284;1309;1334;1359;1384;1409;1434	uniprot;reactome;IUPHAR	Ligand-Receptor	0	chemical_identity_not_mapped	0	0	0	0	0		
HGNC:4583	GRIK5	Q16478	ENSG00000105737	2901	membrane	Glutamate_Kainate_2_5_complex	complex	chemical	Glutamate		1059;1084;1109;1134;1159;1184;1209;1234;1259;1284;1309;1334;1359;1384;1409;1434	uniprot;reactome;IUPHAR	Ligand-Receptor	0	chemical_identity_not_mapped	0	0	0	0	0		
HGNC:4581	GRIK3	Q13003	ENSG00000163873	2899	membrane	Q13003	protein	chemical	Glutamate		1060;1085;1110;1135;1160;1185;1210;1235;1260;1285;1310;1335;1360;1385;1410;1435	uniprot;reactome;IUPHAR	Ligand-Receptor	0	chemical_identity_not_mapped	0	0	0	0	0		
HGNC:4581	GRIK3	Q13003	ENSG00000163873	2899	membrane	Glutamate_Kainate_3_4_complex	complex	chemical	Glutamate		1061;1086;1111;1136;1161;1186;1211;1236;1261;1286;1311;1336;1361;1386;1411;1436	uniprot;reactome;IUPHAR	Ligand-Receptor	0	chemical_identity_not_mapped	0	0	0	0	0		
HGNC:4582	GRIK4	Q16099	ENSG00000149403	2900	membrane	Glutamate_Kainate_3_4_complex	complex	chemical	Glutamate		1061;1086;1111;1136;1161;1186;1211;1236;1261;1286;1311;1336;1361;1386;1411;1436	uniprot;reactome;IUPHAR	Ligand-Receptor	0	chemical_identity_not_mapped	0	0	0	0	0		
HGNC:4581	GRIK3	Q13003	ENSG00000163873	2899	membrane	Glutamate_Kainate_3_5_complex	complex	chemical	Glutamate		1062;1087;1112;1137;1162;1187;1212;1237;1262;1287;1312;1337;1362;1387;1412;1437	uniprot;reactome;IUPHAR	Ligand-Receptor	0	chemical_identity_not_mapped	0	0	0	0	0		
HGNC:4583	GRIK5	Q16478	ENSG00000105737	2901	membrane	Glutamate_Kainate_3_5_complex	complex	chemical	Glutamate		1062;1087;1112;1137;1162;1187;1212;1237;1262;1287;1312;1337;1362;1387;1412;1437	uniprot;reactome;IUPHAR	Ligand-Receptor	0	chemical_identity_not_mapped	0	0	0	0	0		
HGNC:4584	GRIN1	Q05586	ENSG00000176884	2902	membrane	Glutamate_NMDA_1_2A_complex	complex	chemical	Glutamate		1063;1088;1113;1138;1163;1188;1213;1238;1263;1288;1313;1338;1363;1388;1413;1438	uniprot;reactome;IUPHAR	Ligand-Receptor	0	chemical_identity_not_mapped	0	0	0	0	0		
HGNC:4585	GRIN2A	Q12879	ENSG00000183454	2903	membrane	Glutamate_NMDA_1_2A_complex	complex	chemical	Glutamate		1063;1088;1113;1138;1163;1188;1213;1238;1263;1288;1313;1338;1363;1388;1413;1438	uniprot;reactome;IUPHAR	Ligand-Receptor	0	chemical_identity_not_mapped	0	0	0	0	0		
HGNC:4584	GRIN1	Q05586	ENSG00000176884	2902	membrane	Glutamate_NMDA_1_2B_complex	complex	chemical	Glutamate		1064;1089;1114;1139;1164;1189;1214;1239;1264;1289;1314;1339;1364;1389;1414;1439	uniprot;reactome;IUPHAR	Ligand-Receptor	0	chemical_identity_not_mapped	0	0	0	0	0		
HGNC:4586	GRIN2B	Q13224	ENSG00000273079	2904	membrane	Glutamate_NMDA_1_2B_complex	complex	chemical	Glutamate		1064;1089;1114;1139;1164;1189;1214;1239;1264;1289;1314;1339;1364;1389;1414;1439	uniprot;reactome;IUPHAR	Ligand-Receptor	0	chemical_identity_not_mapped	0	0	0	0	0		
HGNC:4584	GRIN1	Q05586	ENSG00000176884	2902	membrane	Glutamate_NMDA_1_2C_complex	complex	chemical	Glutamate		1065;1090;1115;1140;1165;1190;1215;1240;1265;1290;1315;1340;1365;1390;1415;1440	uniprot;reactome;IUPHAR	Ligand-Receptor	0	chemical_identity_not_mapped	0	0	0	0	0		
HGNC:4587	GRIN2C	Q14957	ENSG00000161509	2905	membrane	Glutamate_NMDA_1_2C_complex	complex	chemical	Glutamate		1065;1090;1115;1140;1165;1190;1215;1240;1265;1290;1315;1340;1365;1390;1415;1440	uniprot;reactome;IUPHAR	Ligand-Receptor	0	chemical_identity_not_mapped	0	0	0	0	0		
HGNC:4588	GRIN2D	O15399	ENSG00000105464	2906	membrane	Glutamate_NMDA_1_2D_complex	complex	chemical	Glutamate		1066;1091;1116;1141;1166;1191;1216;1241;1266;1291;1316;1341;1366;1391;1416;1441	uniprot;reactome;IUPHAR	Ligand-Receptor	0	chemical_identity_not_mapped	0	0	0	0	0		
HGNC:4584	GRIN1	Q05586	ENSG00000176884	2902	membrane	Glutamate_NMDA_1_2D_complex	complex	chemical	Glutamate		1066;1091;1116;1141;1166;1191;1216;1241;1266;1291;1316;1341;1366;1391;1416;1441	uniprot;reactome;IUPHAR	Ligand-Receptor	0	chemical_identity_not_mapped	0	0	0	0	0		
HGNC:4593	GRM1	Q13255	ENSG00000152822	2911	membrane	Q13255	protein	chemical	Glutamate		1067;1092;1117;1142;1167;1192;1217;1242;1267;1292;1317;1342;1367;1392;1417;1442	uniprot;reactome;IUPHAR	Ligand-Receptor	0	chemical_identity_not_mapped	0	0	0	0	0		
HGNC:4594	GRM2	Q14416	ENSG00000164082	2912	membrane	Q14416	protein	chemical	Glutamate		1068;1093;1118;1143;1168;1193;1218;1243;1268;1293;1318;1343;1368;1393;1418;1443	uniprot;reactome;IUPHAR	Ligand-Receptor	0	chemical_identity_not_mapped	0	0	0	0	0		
HGNC:4595	GRM3	Q14832	ENSG00000198822	2913	membrane	Q14832	protein	chemical	Glutamate		1069;1094;1119;1144;1169;1194;1219;1244;1269;1294;1319;1344;1369;1394;1419;1444	uniprot;reactome;IUPHAR	Ligand-Receptor	0	chemical_identity_not_mapped	0	0	0	0	0		
HGNC:4596	GRM4	Q14833	ENSG00000124493	2914	membrane	Q14833	protein	chemical	Glutamate		1070;1095;1120;1145;1170;1195;1220;1245;1270;1295;1320;1345;1370;1395;1420;1445	uniprot;reactome;IUPHAR	Ligand-Receptor	0	chemical_identity_not_mapped	0	0	0	0	0		
HGNC:4597	GRM5	P41594	ENSG00000168959	2915	membrane	P41594	protein	chemical	Glutamate		1071;1096;1121;1146;1171;1196;1221;1246;1271;1296;1321;1346;1371;1396;1421;1446	uniprot;reactome;IUPHAR	Ligand-Receptor	0	chemical_identity_not_mapped	0	0	0	0	0		
HGNC:4598	GRM6	O15303	ENSG00000113262	2916	membrane	O15303	protein	chemical	Glutamate		1072;1097;1122;1147;1172;1197;1222;1247;1272;1297;1322;1347;1372;1397;1422;1447	uniprot;reactome;IUPHAR	Ligand-Receptor	0	chemical_identity_not_mapped	0	0	0	0	0		
HGNC:4599	GRM7	Q14831	ENSG00000196277	2917	membrane	Q14831	protein	chemical	Glutamate		1073;1098;1123;1148;1173;1198;1223;1248;1273;1298;1323;1348;1373;1398;1423;1448	uniprot;reactome;IUPHAR	Ligand-Receptor	0	chemical_identity_not_mapped	0	0	0	0	0		
HGNC:4600	GRM8	O00222	ENSG00000179603	2918	membrane	O00222	protein	chemical	Glutamate		1074;1099;1124;1149;1174;1199;1224;1249;1274;1299;1324;1349;1374;1399;1424;1449	uniprot;reactome;IUPHAR	Ligand-Receptor	0	chemical_identity_not_mapped	0	0	0	0	0		
HGNC:4326	GLRA1	P23415	ENSG00000145888	2741	membrane	Glycine_a1b_complex	complex	chemical	Glycine		1450;1452;1454;1456	uniprot;reactome;IUPHAR	Ligand-Receptor	0	chemical_identity_not_mapped	0	0	0	0	0		
HGNC:4329	GLRB	P48167	ENSG00000109738	2743	membrane	Glycine_a1b_complex	complex	chemical	Glycine		1450;1452;1454;1456	uniprot;reactome;IUPHAR	Ligand-Receptor	0	chemical_identity_not_mapped	0	0	0	0	0		
HGNC:4327	GLRA2	P23416	ENSG00000101958	2742	membrane	Glycine_a2_complex	complex	chemical	Glycine		1451;1453;1455;1457	uniprot;reactome;IUPHAR	Ligand-Receptor	0	chemical_identity_not_mapped	0	0	0	0	0		
HGNC:905	AXL	P30530	ENSG00000167601	558	membrane	P30530	protein	protein	Q14393	Q14393	1458	uniprot	Ligand-Receptor	1	single_protein_pair	1	1	0	1	0	2c5d;4ra0;5vxz	
HGNC:7027	MERTK	Q12866	ENSG00000153208	10461	membrane	Q12866	protein	protein	Q14393	Q14393	1459	uniprot	Ligand-Receptor	1	single_protein_pair	0	0	0	0	0		
HGNC:12446	TYRO3	Q06418	ENSG00000092445	7301	membrane	Q06418	protein	protein	Q14393	Q14393	1460	uniprot	Ligand-Receptor	1	single_protein_pair	0	0	0	0	0		
HGNC:172	ACVR1B	P36896	ENSG00000135503	91	membrane	ACVR_1B2B_receptor	complex	protein	P27539	P27539	1461	PMID:22710174	Ligand-Receptor	0	complex_component_support_only	0	0	0	0	0		
HGNC:174	ACVR2B	Q13705	ENSG00000114739	93	membrane	ACVR_1B2B_receptor	complex	protein	P27539	P27539	1461	PMID:22710174	Ligand-Receptor	0	complex_component_support_only	0	0	0	0	0		
HGNC:172	ACVR1B	P36896	ENSG00000135503	91	membrane	ACVR_1B2B_receptor	complex	protein	P55107	P55107	1462	PMID:22710174	Ligand-Receptor	0	complex_component_support_only	0	0	0	0	0		
HGNC:174	ACVR2B	Q13705	ENSG00000114739	93	membrane	ACVR_1B2B_receptor	complex	protein	P55107	P55107	1462	PMID:22710174	Ligand-Receptor	0	complex_component_support_only	0	0	0	0	0		
HGNC:173	ACVR2A	P27037	ENSG00000121989	92	membrane	ACVR_1B2A_receptor	complex	protein	O95390	O95390	1463	PMID:22710174	Ligand-Receptor	0	complex_component_support_only	0	0	0	0	0		
HGNC:172	ACVR1B	P36896	ENSG00000135503	91	membrane	ACVR_1B2A_receptor	complex	protein	O95390	O95390	1463	PMID:22710174	Ligand-Receptor	0	complex_component_support_only	0	0	0	0	1	7mrz	
HGNC:172	ACVR1B	P36896	ENSG00000135503	91	membrane	ACVR_1B2B_receptor	complex	protein	O95390	O95390	1464	PMID:22710174	Ligand-Receptor	0	complex_component_support_only	0	0	0	0	1	7mrz	
HGNC:174	ACVR2B	Q13705	ENSG00000114739	93	membrane	ACVR_1B2B_receptor	complex	protein	O95390	O95390	1464	PMID:22710174	Ligand-Receptor	0	complex_component_support_only	0	0	0	0	1	7mrz	
HGNC:173	ACVR2A	P27037	ENSG00000121989	92	membrane	TGFR_AVR2A	complex	protein	O95390	O95390	1465	PMID:22710174	Ligand-Receptor	0	complex_component_support_only	0	0	0	0	0		
HGNC:11772	TGFBR1	P36897	ENSG00000106799	7046	membrane	TGFR_AVR2A	complex	protein	O95390	O95390	1465	PMID:22710174	Ligand-Receptor	0	complex_component_support_only	0	0	0	0	1	6mac	
HGNC:11772	TGFBR1	P36897	ENSG00000106799	7046	membrane	TGFR_AVR2B	complex	protein	O95390	O95390	1466	PMID:22710174	Ligand-Receptor	0	complex_component_support_only	0	0	0	0	1	6mac	
HGNC:174	ACVR2B	Q13705	ENSG00000114739	93	membrane	TGFR_AVR2B	complex	protein	O95390	O95390	1466	PMID:22710174	Ligand-Receptor	0	complex_component_support_only	0	0	0	0	1	7mrz	
HGNC:173	ACVR2A	P27037	ENSG00000121989	92	membrane	ACVL1_ACVR2A	complex	protein	Q9UK05	Q9UK05	1467	PMID:25136781	Ligand-Receptor	0	complex_component_support_only	0	0	0	0	0		
HGNC:175	ACVRL1	P37023	ENSG00000139567	94	membrane	ACVL1_ACVR2A	complex	protein	Q9UK05	Q9UK05	1467	PMID:25136781	Ligand-Receptor	0	complex_component_support_only	0	0	0	0	1	4fao;6sf2	
HGNC:175	ACVRL1	P37023	ENSG00000139567	94	membrane	ACVL1_BMPR2	complex	protein	Q9UK05	Q9UK05	1468	PMID:22710174	Ligand-Receptor	0	complex_component_support_only	0	0	0	0	1	4fao;6sf2	
HGNC:1078	BMPR2	Q13873	ENSG00000204217	659	membrane	ACVL1_BMPR2	complex	protein	Q9UK05	Q9UK05	1468	PMID:22710174	Ligand-Receptor	0	complex_component_support_only	0	0	0	0	0		
HGNC:172	ACVR1B	P36896	ENSG00000135503	91	membrane	ACVR_1B2B_receptor	complex	protein	Q9NR23	Q9NR23	1469	PMID:22710174	Ligand-Receptor	0	complex_component_support_only	0	0	0	0	0		
HGNC:174	ACVR2B	Q13705	ENSG00000114739	93	membrane	ACVR_1B2B_receptor	complex	protein	Q9NR23	Q9NR23	1469	PMID:22710174	Ligand-Receptor	0	complex_component_support_only	0	0	0	0	0		
HGNC:173	ACVR2A	P27037	ENSG00000121989	92	membrane	BMR1A_ACR2A	complex	protein	P43026	P43026	1470	PMID:22710174	Ligand-Receptor	0	complex_component_support_only	0	0	0	0	0		
HGNC:1076	BMPR1A	P36894	ENSG00000107779	657	membrane	BMR1A_ACR2A	complex	protein	P43026	P43026	1470	PMID:22710174	Ligand-Receptor	0	complex_component_support_only	0	0	0	0	1	3qb4	
HGNC:1077	BMPR1B	O00238	ENSG00000138696	658	membrane	BMR1B_AVR2A	complex	protein	P43026	P43026	1471	PMID:22710174	Ligand-Receptor	0	complex_component_support_only	0	0	0	0	0		
HGNC:173	ACVR2A	P27037	ENSG00000121989	92	membrane	BMR1B_AVR2A	complex	protein	P43026	P43026	1471	PMID:22710174	Ligand-Receptor	0	complex_component_support_only	0	0	0	0	0		
HGNC:1076	BMPR1A	P36894	ENSG00000107779	657	membrane	BMR1A_AVR2B	complex	protein	P43026	P43026	1472	PMID:22710174	Ligand-Receptor	0	complex_component_support_only	0	0	0	0	1	3qb4	
HGNC:174	ACVR2B	Q13705	ENSG00000114739	93	membrane	BMR1A_AVR2B	complex	protein	P43026	P43026	1472	PMID:22710174	Ligand-Receptor	0	complex_component_support_only	0	0	0	0	0		
HGNC:1077	BMPR1B	O00238	ENSG00000138696	658	membrane	BMR1B_AVR2B	complex	protein	P43026	P43026	1473	PMID:22710174	Ligand-Receptor	0	complex_component_support_only	0	0	0	0	0		
HGNC:174	ACVR2B	Q13705	ENSG00000114739	93	membrane	BMR1B_AVR2B	complex	protein	P43026	P43026	1473	PMID:22710174	Ligand-Receptor	0	complex_component_support_only	0	0	0	0	0		
HGNC:1077	BMPR1B	O00238	ENSG00000138696	658	membrane	BMPR1B_BMPR2	complex	protein	P43026	P43026	1474	PMID:22710174	Ligand-Receptor	0	complex_component_support_only	0	0	0	0	0		
HGNC:1078	BMPR2	Q13873	ENSG00000204217	659	membrane	BMPR1B_BMPR2	complex	protein	P43026	P43026	1474	PMID:22710174	Ligand-Receptor	0	complex_component_support_only	0	0	0	0	0		
HGNC:173	ACVR2A	P27037	ENSG00000121989	92	membrane	BMR1A_ACR2A	complex	protein	Q6KF10	Q6KF10	1475	PMID:22710174	Ligand-Receptor	0	complex_component_support_only	0	0	0	0	0		
HGNC:1076	BMPR1A	P36894	ENSG00000107779	657	membrane	BMR1A_ACR2A	complex	protein	Q6KF10	Q6KF10	1475	PMID:22710174	Ligand-Receptor	0	complex_component_support_only	0	0	0	0	0		
HGNC:1077	BMPR1B	O00238	ENSG00000138696	658	membrane	BMR1B_AVR2A	complex	protein	Q6KF10	Q6KF10	1476	PMID:22710174	Ligand-Receptor	0	complex_component_support_only	0	0	0	0	0		
HGNC:173	ACVR2A	P27037	ENSG00000121989	92	membrane	BMR1B_AVR2A	complex	protein	Q6KF10	Q6KF10	1476	PMID:22710174	Ligand-Receptor	0	complex_component_support_only	0	0	0	0	0		
HGNC:1077	BMPR1B	O00238	ENSG00000138696	658	membrane	BMR1B_AVR2B	complex	protein	Q6KF10	Q6KF10	1477	PMID:22710174	Ligand-Receptor	0	complex_component_support_only	0	0	0	0	0		
HGNC:174	ACVR2B	Q13705	ENSG00000114739	93	membrane	BMR1B_AVR2B	complex	protein	Q6KF10	Q6KF10	1477	PMID:22710174	Ligand-Receptor	0	complex_component_support_only	0	0	0	0	0		
HGNC:1076	BMPR1A	P36894	ENSG00000107779	657	membrane	BMPR1A_BMPR2	complex	protein	Q6KF10	Q6KF10	1478	PMID:22710174	Ligand-Receptor	0	complex_component_support_only	0	0	0	0	0		
HGNC:1078	BMPR2	Q13873	ENSG00000204217	659	membrane	BMPR1A_BMPR2	complex	protein	Q6KF10	Q6KF10	1478	PMID:22710174	Ligand-Receptor	0	complex_component_support_only	0	0	0	0	0		
HGNC:1077	BMPR1B	O00238	ENSG00000138696	658	membrane	BMPR1B_BMPR2	complex	protein	Q6KF10	Q6KF10	1479	PMID:22710174	Ligand-Receptor	0	complex_component_support_only	0	0	0	0	0		
HGNC:1078	BMPR2	Q13873	ENSG00000204217	659	membrane	BMPR1B_BMPR2	complex	protein	Q6KF10	Q6KF10	1479	PMID:22710174	Ligand-Receptor	0	complex_component_support_only	0	0	0	0	0		
HGNC:173	ACVR2A	P27037	ENSG00000121989	92	membrane	BMR1A_ACR2A	complex	protein	Q7Z4P5	Q7Z4P5	1480	PMID:22710174	Ligand-Receptor	0	complex_component_support_only	0	0	0	0	0		
HGNC:1076	BMPR1A	P36894	ENSG00000107779	657	membrane	BMR1A_ACR2A	complex	protein	Q7Z4P5	Q7Z4P5	1480	PMID:22710174	Ligand-Receptor	0	complex_component_support_only	0	0	0	0	0		
HGNC:1077	BMPR1B	O00238	ENSG00000138696	658	membrane	BMR1B_AVR2A	complex	protein	Q7Z4P5	Q7Z4P5	1481	PMID:22710174	Ligand-Receptor	0	complex_component_support_only	0	0	0	0	0		
HGNC:173	ACVR2A	P27037	ENSG00000121989	92	membrane	BMR1B_AVR2A	complex	protein	Q7Z4P5	Q7Z4P5	1481	PMID:22710174	Ligand-Receptor	0	complex_component_support_only	0	0	0	0	0		
HGNC:1076	BMPR1A	P36894	ENSG00000107779	657	membrane	BMR1A_AVR2B	complex	protein	Q7Z4P5	Q7Z4P5	1482	PMID:22710174	Ligand-Receptor	0	complex_component_support_only	0	0	0	0	0		
HGNC:174	ACVR2B	Q13705	ENSG00000114739	93	membrane	BMR1A_AVR2B	complex	protein	Q7Z4P5	Q7Z4P5	1482	PMID:22710174	Ligand-Receptor	0	complex_component_support_only	0	0	0	0	0		
HGNC:1077	BMPR1B	O00238	ENSG00000138696	658	membrane	BMR1B_AVR2B	complex	protein	Q7Z4P5	Q7Z4P5	1483	PMID:22710174	Ligand-Receptor	0	complex_component_support_only	0	0	0	0	0		
HGNC:174	ACVR2B	Q13705	ENSG00000114739	93	membrane	BMR1B_AVR2B	complex	protein	Q7Z4P5	Q7Z4P5	1483	PMID:22710174	Ligand-Receptor	0	complex_component_support_only	0	0	0	0	0		
HGNC:1076	BMPR1A	P36894	ENSG00000107779	657	membrane	BMPR1A_BMPR2	complex	protein	Q7Z4P5	Q7Z4P5	1484	PMID:22710174	Ligand-Receptor	0	complex_component_support_only	0	0	0	0	0		
HGNC:1078	BMPR2	Q13873	ENSG00000204217	659	membrane	BMPR1A_BMPR2	complex	protein	Q7Z4P5	Q7Z4P5	1484	PMID:22710174	Ligand-Receptor	0	complex_component_support_only	0	0	0	0	0		
HGNC:1077	BMPR1B	O00238	ENSG00000138696	658	membrane	BMPR1B_BMPR2	complex	protein	Q7Z4P5	Q7Z4P5	1485	PMID:22710174	Ligand-Receptor	0	complex_component_support_only	0	0	0	0	0		
HGNC:1078	BMPR2	Q13873	ENSG00000204217	659	membrane	BMPR1B_BMPR2	complex	protein	Q7Z4P5	Q7Z4P5	1485	PMID:22710174	Ligand-Receptor	0	complex_component_support_only	0	0	0	0	0		
HGNC:11772	TGFBR1	P36897	ENSG00000106799	7046	membrane	TGFR_BMPR2	complex	protein	O60383	O60383	1486	PMID:12135884	Ligand-Receptor	0	complex_component_support_only	0	0	0	0	0		
HGNC:1078	BMPR2	Q13873	ENSG00000204217	659	membrane	TGFR_BMPR2	complex	protein	O60383	O60383	1486	PMID:12135884	Ligand-Receptor	0	complex_component_support_only	0	0	0	0	0		
HGNC:172	ACVR1B	P36896	ENSG00000135503	91	membrane	ACVR_1B2B_receptor	complex	protein	O14793	O14793	1487	PMID:22710174	Ligand-Receptor	0	complex_component_support_only	0	0	0	0	0		
HGNC:174	ACVR2B	Q13705	ENSG00000114739	93	membrane	ACVR_1B2B_receptor	complex	protein	O14793	O14793	1487	PMID:22710174	Ligand-Receptor	0	complex_component_support_only	0	0	0	0	0		
HGNC:173	ACVR2A	P27037	ENSG00000121989	92	membrane	TGFR_AVR2A	complex	protein	O14793	O14793	1488	PMID:22710174	Ligand-Receptor	0	complex_component_support_only	0	0	0	0	0		
HGNC:11772	TGFBR1	P36897	ENSG00000106799	7046	membrane	TGFR_AVR2A	complex	protein	O14793	O14793	1488	PMID:22710174	Ligand-Receptor	0	complex_component_support_only	0	0	0	0	0		
HGNC:11772	TGFBR1	P36897	ENSG00000106799	7046	membrane	TGFR_AVR2B	complex	protein	O14793	O14793	1489	PMID:22710174	Ligand-Receptor	0	complex_component_support_only	0	0	0	0	0		
HGNC:174	ACVR2B	Q13705	ENSG00000114739	93	membrane	TGFR_AVR2B	complex	protein	O14793	O14793	1489	PMID:22710174	Ligand-Receptor	0	complex_component_support_only	0	0	0	0	0		
HGNC:1121	BTC	P35070	ENSG00000174808	685	membrane_and_secreted	P35070	protein	protein	P21860	P21860	1490	uniprot	Ligand-Receptor	1	single_protein_pair	0	0	0	0	0		
HGNC:3431	ERBB3	P21860	ENSG00000065361	2065	membrane_and_secreted	P21860	protein	protein	P35070	P35070	1490	uniprot	Ligand-Receptor	1	single_protein_pair	0	0	0	0	0		
HGNC:1121	BTC	P35070	ENSG00000174808	685	membrane_and_secreted	P35070	protein	protein	Q15303	Q15303	1491	uniprot	Ligand-Receptor	1	single_protein_pair	1	1	0	1	0	8u4j;8u4k	
HGNC:3432	ERBB4	Q15303	ENSG00000178568	2066	membrane	Q15303	protein	protein	P35070	P35070	1491	uniprot	Ligand-Receptor	1	single_protein_pair	1	1	0	1	0	8u4j;8u4k	
HGNC:4266	GHRHR	Q02643	ENSG00000106128	2692	membrane	Q02643	protein	protein	P01286	P01286	1492	uniprot;HMRbase;reactome	Ligand-Receptor	1	single_protein_pair	1	0	0	0	0		
HGNC:4266	GHRHR	Q02643	ENSG00000106128	2692	membrane	Q02643	protein	protein	Q9UBU3	Q9UBU3	1493	uniprot;HMRbase;reactome	Ligand-Receptor	1	single_protein_pair	0	0	0	0	0		
HGNC:4267	GHSR	Q92847	ENSG00000121853	2693	membrane	Q92847	protein	protein	Q9UBU3	Q9UBU3	1494	uniprot;reactome;IUPHAR	Ligand-Receptor	1	single_protein_pair	1	0	0	0	0		
HGNC:4496	GPR39	O43194	ENSG00000183840	2863	membrane	O43194	protein	protein	Q9UBU3	Q9UBU3	1495	GPCRdb (https://gpcrdb.org/ligand/endogenousbrowser/)	Ligand-Receptor	1	single_protein_pair	0	0	0	0	0		
HGNC:5182	HRH1	P35367	ENSG00000196639	3269	membrane	P35367	protein	chemical	Histamine		1496	uniprot;reactome	Ligand-Receptor	0	chemical_identity_not_mapped	0	0	0	0	0		
HGNC:5183	HRH2	P25021	ENSG00000113749	3274	membrane	P25021	protein	chemical	Histamine		1497	uniprot;reactome	Ligand-Receptor	0	chemical_identity_not_mapped	0	0	0	0	0		
HGNC:5184	HRH3	Q9Y5N1	ENSG00000101180	11255	membrane	Q9Y5N1	protein	chemical	Histamine		1498	uniprot;reactome	Ligand-Receptor	0	chemical_identity_not_mapped	0	0	0	0	0		
HGNC:17383	HRH4	Q9H3N8	ENSG00000134489	59340	membrane	Q9H3N8	protein	chemical	Histamine		1499	uniprot;reactome	Ligand-Receptor	0	chemical_identity_not_mapped	0	0	0	0	0		
HGNC:6338	KIR3DL1	P43629	ENSG00000167633	3811	membrane	P43629	protein	protein	HLAA	HLAA	1500	uniprot	Ligand-Receptor	1	single_protein_pair	0	0	0	0	0		
HGNC:6339	KIR3DL2	P43630	ENSG00000240403	3812	membrane	P43630	protein	protein	HLAB	HLAB	1501	uniprot	Ligand-Receptor	1	single_protein_pair	0	0	0	0	0		
HGNC:6329	KIR2DL1	P43626	ENSG00000125498	3802	membrane	P43626	protein	protein	HLAC	HLAC	1502	PMID:28484462	Ligand-Receptor	1	single_protein_pair	0	0	0	0	0		
HGNC:6331	KIR2DL3	P43628	ENSG00000243772	3804	membrane	P43628	protein	protein	HLAC	HLAC	1503	PMID:28484462	Ligand-Receptor	1	single_protein_pair	0	0	0	0	0		
HGNC:4962	HLA-E	P13747	ENSG00000204592	3133	membrane_and_secreted	P13747	protein	protein	P26715	P26715	1504	Induces_NK_Cell_Inhibition._Reviewed_in_PMID:24223577	Ligand-Receptor	1	single_protein_pair	1	1	0	1	0	3cdg;3cii	
HGNC:6374	KLRC1	P26715	ENSG00000134545	3821	membrane	P26715	protein	protein	P13747	P13747	1504	Induces_NK_Cell_Inhibition._Reviewed_in_PMID:24223577	Ligand-Receptor	1	single_protein_pair	1	1	0	1	0	3cdg;3cii	
HGNC:4962	HLA-E	P13747	ENSG00000204592	3133	membrane_and_secreted	P13747	protein	complex	CD94:NKG2A	P26715;Q13241	1505	PMID:28484462	Ligand-Receptor	0	complex_component_support_only	0	0	0	0	1	3cdg;3cii	
HGNC:6374	KLRC1	P26715	ENSG00000134545	3821	membrane	CD94:NKG2A	complex	protein	P13747	P13747	1505	PMID:28484462	Ligand-Receptor	0	complex_component_support_only	0	0	0	0	1	3cdg;3cii	
HGNC:6378	KLRD1	Q13241	ENSG00000134539	3824	membrane	CD94:NKG2A	complex	protein	P13747	P13747	1505	PMID:28484462	Ligand-Receptor	0	complex_component_support_only	0	0	0	0	1	3cdg;3cii	
HGNC:4962	HLA-E	P13747	ENSG00000204592	3133	membrane_and_secreted	P13747	protein	protein	P26717	P26717	1506	activating_interaction._uniprot_&_PMID:26697006	Ligand-Receptor	1	single_protein_pair	0	0	0	0	0		
HGNC:6375	KLRC2	P26717	ENSG00000205809	3822	membrane	P26717	protein	protein	P13747	P13747	1506	activating_interaction._uniprot_&_PMID:26697006	Ligand-Receptor	1	single_protein_pair	0	0	0	0	0		
HGNC:4962	HLA-E	P13747	ENSG00000204592	3133	membrane_and_secreted	P13747	protein	complex	CD94:NKG2C	P26717;Q13241	1507	PMID:28484462	Ligand-Receptor	0	complex_component_support_only	0	0	0	0	1	3cdg;3cii	
HGNC:6375	KLRC2	P26717	ENSG00000205809	3822	membrane	CD94:NKG2C	complex	protein	P13747	P13747	1507	PMID:28484462	Ligand-Receptor	0	complex_component_support_only	0	0	0	0	0		
HGNC:6378	KLRD1	Q13241	ENSG00000134539	3824	membrane	CD94:NKG2C	complex	protein	P13747	P13747	1507	PMID:28484462	Ligand-Receptor	0	complex_component_support_only	0	0	0	0	1	3cdg;3cii	
HGNC:4962	HLA-E	P13747	ENSG00000204592	3133	membrane_and_secreted	P13747	protein	complex	CD94:NKG2E	Q07444;Q13241	1508	PMID:28484462	Ligand-Receptor	0	complex_component_support_only	0	0	0	0	1	3cdg;3cii	
HGNC:6376	KLRC3	Q07444	ENSG00000205810	3823	membrane_inferred	CD94:NKG2E	complex	protein	P13747	P13747	1508	PMID:28484462	Ligand-Receptor	0	complex_component_support_only	0	0	0	0	0		
HGNC:6378	KLRD1	Q13241	ENSG00000134539	3824	membrane	CD94:NKG2E	complex	protein	P13747	P13747	1508	PMID:28484462	Ligand-Receptor	0	complex_component_support_only	0	0	0	0	1	3cdg;3cii	
HGNC:4962	HLA-E	P13747	ENSG00000204592	3133	membrane_and_secreted	P13747	protein	protein	P26718	P26718	1509	Induces_NK_Cell_Activation._Reviewed_in_PMID:24223577	Ligand-Receptor	1	single_protein_pair	0	0	0	0	0		
HGNC:18788	KLRK1	P26718	ENSG00000213809	22914	membrane	P26718	protein	protein	P13747	P13747	1509	Induces_NK_Cell_Activation._Reviewed_in_PMID:24223577	Ligand-Receptor	1	single_protein_pair	0	0	0	0	0		
HGNC:4963	HLA-F	P30511	ENSG00000204642	3134	membrane	P30511	protein	protein	P43629	P43629	1510	PMID:27455421	Ligand-Receptor	1	single_protein_pair	0	0	1	1	0		pubmed:27455421|imex:IM-26130
HGNC:6338	KIR3DL1	P43629	ENSG00000167633	3811	membrane	P43629	protein	protein	P30511	P30511	1510	PMID:27455421	Ligand-Receptor	1	single_protein_pair	0	0	1	1	0		pubmed:27455421|imex:IM-26130
HGNC:4963	HLA-F	P30511	ENSG00000204642	3134	membrane	P30511	protein	protein	P43630	P43630	1511	PMID:27455421	Ligand-Receptor	1	single_protein_pair	0	0	1	1	0		pubmed:27455421|imex:IM-26130
HGNC:6339	KIR3DL2	P43630	ENSG00000240403	3812	membrane	P43630	protein	protein	P30511	P30511	1511	PMID:27455421	Ligand-Receptor	1	single_protein_pair	0	0	1	1	0		pubmed:24018270|imex:IM-26131;pubmed:27455421|imex:IM-26130
HGNC:4963	HLA-F	P30511	ENSG00000204642	3134	membrane	P30511	protein	protein	Q14943	Q14943	1512	PMID:27455421	Ligand-Receptor	1	single_protein_pair	0	0	1	1	0		pubmed:27455421|imex:IM-26130
HGNC:6340	KIR3DS1	Q14943	ENSG00000275434	3813	membrane	Q14943	protein	protein	P30511	P30511	1512	PMID:27455421	Ligand-Receptor	1	single_protein_pair	0	0	0	0	0		
HGNC:4963	HLA-F	P30511	ENSG00000204642	3134	membrane	P30511	protein	protein	Q8NHL6	Q8NHL6	1513	PMID:11169396	Ligand-Receptor	1	single_protein_pair	1	1	0	1	0	5knm	
HGNC:6605	LILRB1	Q8NHL6	ENSG00000104972	10859	membrane_and_secreted	Q8NHL6	protein	protein	P30511	P30511	1513	PMID:11169396	Ligand-Receptor	1	single_protein_pair	1	1	0	1	0	5knm	
HGNC:4963	HLA-F	P30511	ENSG00000204642	3134	membrane	P30511	protein	protein	Q8N423	Q8N423	1514	PMID:11169396	Ligand-Receptor	1	single_protein_pair	0	0	0	0	0		
HGNC:6606	LILRB2	Q8N423	ENSG00000131042	10288	membrane	Q8N423	protein	protein	P30511	P30511	1514	PMID:11169396	Ligand-Receptor	1	single_protein_pair	0	0	1	1	0		pubmed:24018270|imex:IM-26131
HGNC:4964	HLA-G	P17693	ENSG00000204632	3135	membrane_and_secreted	P17693	protein	protein	Q8NHL6	Q8NHL6	1515	uniprot;Induces_NK_Cell_Inhibition._Reviewed_in_PMID:24987108	Ligand-Receptor	1	single_protein_pair	1	1	1	1	0	6k60	pubmed:16455647|imex:IM-26251
HGNC:6605	LILRB1	Q8NHL6	ENSG00000104972	10859	membrane_and_secreted	Q8NHL6	protein	protein	P17693	P17693	1515	uniprot;Induces_NK_Cell_Inhibition._Reviewed_in_PMID:24987108	Ligand-Receptor	1	single_protein_pair	1	1	1	1	0	6k60	pubmed:16455647|imex:IM-26251
HGNC:4964	HLA-G	P17693	ENSG00000204632	3135	membrane_and_secreted	P17693	protein	protein	Q8N423	Q8N423	1516	uniprot	Ligand-Receptor	1	single_protein_pair	1	1	1	1	0	2dyp	pubmed:16455647|imex:IM-26251;pubmed:24899623|imex:IM-25820
HGNC:6606	LILRB2	Q8N423	ENSG00000131042	10288	membrane	Q8N423	protein	protein	P17693	P17693	1516	uniprot	Ligand-Receptor	1	single_protein_pair	1	1	1	1	0	2dyp	pubmed:16455647|imex:IM-26251
HGNC:3827	FPR2	P25090	ENSG00000171049	2358	membrane	P25090	protein	protein	Q8IVG9	Q8IVG9	1517	reactome	Ligand-Receptor	1	single_protein_pair	1	0	0	0	0		
HGNC:3828	FPR3	P25089	ENSG00000187474	2359	membrane	P25089	protein	protein	Q8IVG9	Q8IVG9	1518	reactome	Ligand-Receptor	1	single_protein_pair	0	0	0	0	0		
HGNC:5956	IHH	Q14623	ENSG00000163501	3549	membrane_and_secreted	Q14623	protein	complex	PTCH_BOC_transmembrane_receptor	Q13635;Q9BWV1	1519	reactome	Ligand-Receptor	0	complex_component_support_only	0	0	0	0	0		
HGNC:9585	PTCH1	Q13635	ENSG00000185920	5727	membrane	PTCH_BOC_transmembrane_receptor	complex	protein	Q14623	Q14623	1519	reactome	Ligand-Receptor	0	complex_component_support_only	0	0	0	0	0		
HGNC:17173	BOC	Q9BWV1	ENSG00000144857	91653	membrane	PTCH_BOC_transmembrane_receptor	complex	protein	Q14623	Q14623	1519	reactome	Ligand-Receptor	0	complex_component_support_only	0	0	0	0	1	3n1m;3n1p	
HGNC:5956	IHH	Q14623	ENSG00000163501	3549	membrane_and_secreted	Q14623	protein	complex	PTCH_CDON_transmembrane_receptor	Q13635;Q4KMG0	1520	reactome	Ligand-Receptor	0	complex_component_support_only	0	0	0	0	0		
HGNC:9585	PTCH1	Q13635	ENSG00000185920	5727	membrane	PTCH_CDON_transmembrane_receptor	complex	protein	Q14623	Q14623	1520	reactome	Ligand-Receptor	0	complex_component_support_only	0	0	0	0	0		
HGNC:17104	CDON	Q4KMG0	ENSG00000064309	50937	membrane	PTCH_CDON_transmembrane_receptor	complex	protein	Q14623	Q14623	1520	reactome	Ligand-Receptor	0	complex_component_support_only	0	0	0	0	1	3n1f	
HGNC:5956	IHH	Q14623	ENSG00000163501	3549	membrane_and_secreted	Q14623	protein	complex	PTCH_GAS1_transmembrane_receptor	P54826;Q13635	1521	reactome	Ligand-Receptor	0	complex_component_support_only	0	0	0	0	0		
HGNC:4165	GAS1	P54826	ENSG00000180447	2619	membrane	PTCH_GAS1_transmembrane_receptor	complex	protein	Q14623	Q14623	1521	reactome	Ligand-Receptor	0	complex_component_support_only	0	0	0	0	0		
HGNC:9585	PTCH1	Q13635	ENSG00000185920	5727	membrane	PTCH_GAS1_transmembrane_receptor	complex	protein	Q14623	Q14623	1521	reactome	Ligand-Receptor	0	complex_component_support_only	0	0	0	0	0		
HGNC:5956	IHH	Q14623	ENSG00000163501	3549	membrane_and_secreted	Q14623	protein	protein	Q96QV1	Q96QV1	1522	reactome;PMID:10050855	Ligand-Ligand	1	single_protein_pair	0	0	0	0	0		
HGNC:14866	HHIP	Q96QV1	ENSG00000164161	64399	membrane_and_secreted	Q96QV1	protein	protein	Q14623	Q14623	1522	reactome;PMID:10050855	Ligand-Ligand	1	single_protein_pair	0	0	0	0	0		
HGNC:173	ACVR2A	P27037	ENSG00000121989	92	membrane	ACVR_1A2A_receptor	complex	complex	Activin_ligand_ab	P08476;P09529	1523	less_common_binding;PMID:22710174;PMID:22991378_	Ligand-Receptor	0	complex_component_support_only	0	0	0	0	1	7u5p	
HGNC:171	ACVR1	Q04771	ENSG00000115170	90	membrane_inferred	ACVR_1A2A_receptor	complex	complex	Activin_ligand_ab	P08476;P09529	1523	less_common_binding;PMID:22710174;PMID:22991378_	Ligand-Receptor	0	complex_component_support_only	0	0	0	0	0		
HGNC:171	ACVR1	Q04771	ENSG00000115170	90	membrane_inferred	ACVR_1A2B_receptor	complex	complex	Activin_ligand_ab	P08476;P09529	1524	less_common_binding;PMID:22710174;PMID:22991378_	Ligand-Receptor	0	complex_component_support_only	0	0	0	0	0		
HGNC:174	ACVR2B	Q13705	ENSG00000114739	93	membrane	ACVR_1A2B_receptor	complex	complex	Activin_ligand_ab	P08476;P09529	1524	less_common_binding;PMID:22710174;PMID:22991378_	Ligand-Receptor	0	complex_component_support_only	0	0	0	0	1	7oly	
HGNC:173	ACVR2A	P27037	ENSG00000121989	92	membrane	ACVR_1B2A_receptor	complex	complex	Activin_ligand_ab	P08476;P09529	1525	PMID:22710174;PMID:22991378	Ligand-Receptor	0	complex_component_support_only	0	0	0	0	1	7u5p	
HGNC:172	ACVR1B	P36896	ENSG00000135503	91	membrane	ACVR_1B2A_receptor	complex	complex	Activin_ligand_ab	P08476;P09529	1525	PMID:22710174;PMID:22991378	Ligand-Receptor	0	complex_component_support_only	0	0	0	0	1	7oly	
HGNC:172	ACVR1B	P36896	ENSG00000135503	91	membrane	ACVR_1B2B_receptor	complex	complex	Activin_ligand_ab	P08476;P09529	1526	PMID:22710174;PMID:22991378	Ligand-Receptor	0	complex_component_support_only	0	0	0	0	1	7oly	
HGNC:174	ACVR2B	Q13705	ENSG00000114739	93	membrane	ACVR_1B2B_receptor	complex	complex	Activin_ligand_ab	P08476;P09529	1526	PMID:22710174;PMID:22991378	Ligand-Receptor	0	complex_component_support_only	0	0	0	0	1	7oly	
HGNC:173	ACVR2A	P27037	ENSG00000121989	92	membrane	ACVR_1C2A_receptor	complex	complex	Activin_ligand_ab	P08476;P09529	1527	PMID:22710174;PMID:22991378	Ligand-Receptor	0	complex_component_support_only	0	0	0	0	1	7u5p	
HGNC:18123	ACVR1C	Q8NER5	ENSG00000123612	130399	membrane_inferred	ACVR_1C2A_receptor	complex	complex	Activin_ligand_ab	P08476;P09529	1527	PMID:22710174;PMID:22991378	Ligand-Receptor	0	complex_component_support_only	0	0	0	0	0		
HGNC:174	ACVR2B	Q13705	ENSG00000114739	93	membrane	ACVR_1C2B_receptor	complex	complex	Activin_ligand_ab	P08476;P09529	1528	PMID:22710174;PMID:22991378	Ligand-Receptor	0	complex_component_support_only	0	0	0	0	1	7oly	
HGNC:18123	ACVR1C	Q8NER5	ENSG00000123612	130399	membrane_inferred	ACVR_1C2B_receptor	complex	complex	Activin_ligand_ab	P08476;P09529	1528	PMID:22710174;PMID:22991378	Ligand-Receptor	0	complex_component_support_only	0	0	0	0	0		
HGNC:6091	INSR	P06213	ENSG00000171105	3643	membrane	P06213	protein	protein	P01308	P01308	1529	uniprot	Ligand-Receptor	1	single_protein_pair	1	1	1	1	0	3w11;3w12;3w13;4oga;6ce7;6ce9;6ceb;6hn5;6sof;6vep;7bw7;7bw8;7bwa;7kd6;7md4;7md5;7mqo;7mqr;7mqs;7pg0;7pg2;7pg3;7pg4;7qid;7u6e;7yq3;7yq4;7yq5;8guy;8yys;9puw;9pvo	pubmed:23302862|imex:IM-20771
HGNC:17318	RXFP2	Q8WXD0	ENSG00000133105	122042	membrane	Q8WXD0	protein	protein	P51460	P51460	1530	uniprot;reactome	Ligand-Receptor	1	single_protein_pair	0	0	0	0	0		
HGNC:14666	RXFP4	Q8TDU9	ENSG00000173080	339403	membrane	Q8TDU9	protein	protein	Q9Y5Q6	Q9Y5Q6	1531	uniprot;reactome	Ligand-Receptor	1	single_protein_pair	1	0	0	0	0		
HGNC:5465	IGF1R	P08069	ENSG00000140443	3480	membrane	IGF1R_enhancerComGPC3	complex	protein	P05019	P05019	1532	PMID:18413366	Ligand-Receptor	0	complex_component_support_only	0	0	0	0	0		
HGNC:4451	GPC3	P51654	ENSG00000147257	2719	membrane	IGF1R_enhancerComGPC3	complex	protein	P05019	P05019	1532	PMID:18413366	Ligand-Receptor	0	complex_component_support_only	0	0	0	0	0		
HGNC:5465	IGF1R	P08069	ENSG00000140443	3480	membrane	P08069	protein	protein	P05019	P05019	1533	uniprot	Ligand-Receptor	1	single_protein_pair	1	0	0	0	0		
HGNC:6158	ITGB4	P16144	ENSG00000132470	3691	membrane	integrin_a6b4_complex	complex	protein	P05019	P05019	1534	uniprot	Ligand-Receptor	0	complex_component_support_only	0	0	0	0	0		
HGNC:6142	ITGA6	P23229	ENSG00000091409	3655	membrane	integrin_a6b4_complex	complex	protein	P05019	P05019	1534	uniprot	Ligand-Receptor	0	complex_component_support_only	0	0	0	0	0		
HGNC:6156	ITGB3	P05106	ENSG00000259207	3690	membrane	integrin_aVb3_complex	complex	protein	P05019	P05019	1535	uniprot	Ligand-Receptor	0	complex_component_support_only	0	0	0	0	0		
HGNC:6150	ITGAV	P06756	ENSG00000138448	3685	membrane	integrin_aVb3_complex	complex	protein	P05019	P05019	1535	uniprot	Ligand-Receptor	0	complex_component_support_only	0	0	0	0	0		
HGNC:5465	IGF1R	P08069	ENSG00000140443	3480	membrane	P08069	protein	protein	P01344	P01344	1536	PMID:27102148	Ligand-Receptor	1	single_protein_pair	1	0	0	0	0		
HGNC:5467	IGF2R	P11717	ENSG00000197081	3482	other_or_uncertain	P11717	protein	protein	P01344	P01344	1537	uniprot	Ligand-Receptor	1	single_protein_pair	1	0	0	0	0		
HGNC:5472	IGFBP3	P17936	ENSG00000146674	3486	secreted_only	P17936	protein	protein	Q86XT9	Q86XT9	1538	reactome;uniprot;PMID:20353938	Ligand-Receptor	1	single_protein_pair	0	0	0	0	0		
HGNC:25201	TMEM219	Q86XT9	ENSG00000149932	124446	membrane	Q86XT9	protein	protein	P17936	P17936	1538	reactome;uniprot;PMID:20353938	Ligand-Receptor	1	single_protein_pair	0	0	0	0	0		
HGNC:23620	IGFLR1	Q9H665	ENSG00000126246	79713	membrane	Q9H665	protein	protein	Q6UW32	Q6UW32	1539	uniprot	Ligand-Receptor	1	single_protein_pair	0	0	0	0	0		
HGNC:32929	IGFL2	Q6UWQ7	ENSG00000204866	147920	secreted_only	Q6UWQ7	protein	protein	Q9H665	Q9H665	1540	uniprot	Ligand-Receptor	1	single_protein_pair	0	0	0	0	0		
HGNC:23620	IGFLR1	Q9H665	ENSG00000126246	79713	membrane	Q9H665	protein	protein	Q6UWQ7	Q6UWQ7	1540	uniprot	Ligand-Receptor	1	single_protein_pair	0	0	0	0	0		
HGNC:32930	IGFL3	Q6UXB1	ENSG00000188624	388555	secreted_only	Q6UXB1	protein	protein	Q9H665	Q9H665	1541	uniprot	Ligand-Receptor	1	single_protein_pair	0	0	0	0	0		
HGNC:23620	IGFLR1	Q9H665	ENSG00000126246	79713	membrane	Q9H665	protein	protein	Q6UXB1	Q6UXB1	1541	uniprot	Ligand-Receptor	1	single_protein_pair	0	0	0	0	0		
HGNC:5432	IFNAR1	P17181	ENSG00000142166	3454	membrane	Type_I_IFNR	complex	protein	IFNA1	IFNA1	1542	PMID:9208871	Ligand-Receptor	0	complex_component_support_only	0	0	0	0	0		
HGNC:5433	IFNAR2	P48551	ENSG00000159110	3455	membrane_and_secreted	Type_I_IFNR	complex	protein	IFNA1	IFNA1	1542	PMID:9208871	Ligand-Receptor	0	complex_component_support_only	0	0	0	0	0		
HGNC:5432	IFNAR1	P17181	ENSG00000142166	3454	membrane	Type_I_IFNR	complex	protein	P01566	P01566	1543	uniprot	Ligand-Receptor	0	complex_component_support_only	0	0	0	0	0		
HGNC:5433	IFNAR2	P48551	ENSG00000159110	3455	membrane_and_secreted	Type_I_IFNR	complex	protein	P01566	P01566	1543	uniprot	Ligand-Receptor	0	complex_component_support_only	0	0	0	0	0		
HGNC:5432	IFNAR1	P17181	ENSG00000142166	3454	membrane	Type_I_IFNR	complex	protein	P01570	P01570	1544	uniprot	Ligand-Receptor	0	complex_component_support_only	0	0	0	0	0		
HGNC:5433	IFNAR2	P48551	ENSG00000159110	3455	membrane_and_secreted	Type_I_IFNR	complex	protein	P01570	P01570	1544	uniprot	Ligand-Receptor	0	complex_component_support_only	0	0	0	0	0		
HGNC:5432	IFNAR1	P17181	ENSG00000142166	3454	membrane	Type_I_IFNR	complex	protein	P05015	P05015	1545	uniprot	Ligand-Receptor	0	complex_component_support_only	0	0	0	0	0		
HGNC:5433	IFNAR2	P48551	ENSG00000159110	3455	membrane_and_secreted	Type_I_IFNR	complex	protein	P05015	P05015	1545	uniprot	Ligand-Receptor	0	complex_component_support_only	0	0	0	0	0		
HGNC:5432	IFNAR1	P17181	ENSG00000142166	3454	membrane	Type_I_IFNR	complex	protein	P01571	P01571	1546	uniprot	Ligand-Receptor	0	complex_component_support_only	0	0	0	0	0		
HGNC:5433	IFNAR2	P48551	ENSG00000159110	3455	membrane_and_secreted	Type_I_IFNR	complex	protein	P01571	P01571	1546	uniprot	Ligand-Receptor	0	complex_component_support_only	0	0	0	0	0		
HGNC:5432	IFNAR1	P17181	ENSG00000142166	3454	membrane	Type_I_IFNR	complex	protein	P01563	P01563	1547	PDB:3se3	Ligand-Receptor	0	complex_component_support_only	0	0	0	0	1	3se3	
HGNC:5433	IFNAR2	P48551	ENSG00000159110	3455	membrane_and_secreted	Type_I_IFNR	complex	protein	P01563	P01563	1547	PDB:3se3	Ligand-Receptor	0	complex_component_support_only	0	0	0	0	1	2hym;2kz1;2lag;3s9d;3se3	
HGNC:5432	IFNAR1	P17181	ENSG00000142166	3454	membrane	Type_I_IFNR	complex	protein	P01568	P01568	1548	uniprot	Ligand-Receptor	0	complex_component_support_only	0	0	0	0	0		
HGNC:5433	IFNAR2	P48551	ENSG00000159110	3455	membrane_and_secreted	Type_I_IFNR	complex	protein	P01568	P01568	1548	uniprot	Ligand-Receptor	0	complex_component_support_only	0	0	0	0	0		
HGNC:5432	IFNAR1	P17181	ENSG00000142166	3454	membrane	Type_I_IFNR	complex	protein	P05014	P05014	1549	uniprot	Ligand-Receptor	0	complex_component_support_only	0	0	0	0	0		
HGNC:5433	IFNAR2	P48551	ENSG00000159110	3455	membrane_and_secreted	Type_I_IFNR	complex	protein	P05014	P05014	1549	uniprot	Ligand-Receptor	0	complex_component_support_only	0	0	0	0	0		
HGNC:5432	IFNAR1	P17181	ENSG00000142166	3454	membrane	Type_I_IFNR	complex	protein	P01569	P01569	1550	uniprot	Ligand-Receptor	0	complex_component_support_only	0	0	0	0	0		
HGNC:5433	IFNAR2	P48551	ENSG00000159110	3455	membrane_and_secreted	Type_I_IFNR	complex	protein	P01569	P01569	1550	uniprot	Ligand-Receptor	0	complex_component_support_only	0	0	0	0	0		
HGNC:5432	IFNAR1	P17181	ENSG00000142166	3454	membrane	Type_I_IFNR	complex	protein	P05013	P05013	1551	uniprot	Ligand-Receptor	0	complex_component_support_only	0	0	0	0	0		
HGNC:5433	IFNAR2	P48551	ENSG00000159110	3455	membrane_and_secreted	Type_I_IFNR	complex	protein	P05013	P05013	1551	uniprot	Ligand-Receptor	0	complex_component_support_only	0	0	0	0	0		
HGNC:5432	IFNAR1	P17181	ENSG00000142166	3454	membrane	Type_I_IFNR	complex	protein	P01567	P01567	1552	uniprot	Ligand-Receptor	0	complex_component_support_only	0	0	0	0	0		
HGNC:5433	IFNAR2	P48551	ENSG00000159110	3455	membrane_and_secreted	Type_I_IFNR	complex	protein	P01567	P01567	1552	uniprot	Ligand-Receptor	0	complex_component_support_only	0	0	0	0	0		
HGNC:5432	IFNAR1	P17181	ENSG00000142166	3454	membrane	Type_I_IFNR	complex	protein	P32881	P32881	1553	uniprot	Ligand-Receptor	0	complex_component_support_only	0	0	0	0	0		
HGNC:5433	IFNAR2	P48551	ENSG00000159110	3455	membrane_and_secreted	Type_I_IFNR	complex	protein	P32881	P32881	1553	uniprot	Ligand-Receptor	0	complex_component_support_only	0	0	0	0	0		
HGNC:5432	IFNAR1	P17181	ENSG00000142166	3454	membrane	Type_I_IFNR	complex	protein	P01574	P01574	1554	PMID:9208871	Ligand-Receptor	0	complex_component_support_only	0	0	0	0	0		
HGNC:5433	IFNAR2	P48551	ENSG00000159110	3455	membrane_and_secreted	Type_I_IFNR	complex	protein	P01574	P01574	1554	PMID:9208871	Ligand-Receptor	0	complex_component_support_only	0	0	0	0	0		
HGNC:18163	IFNE	Q86WN2	ENSG00000184995	338376	secreted_only	Q86WN2	protein	complex	Type_I_IFNR	P17181;P48551	1555	PMID:9208871	Ligand-Receptor	0	complex_component_support_only	0	0	0	0	0		
HGNC:5432	IFNAR1	P17181	ENSG00000142166	3454	membrane	Type_I_IFNR	complex	protein	Q86WN2	Q86WN2	1555	PMID:9208871	Ligand-Receptor	0	complex_component_support_only	0	0	0	0	0		
HGNC:5433	IFNAR2	P48551	ENSG00000159110	3455	membrane_and_secreted	Type_I_IFNR	complex	protein	Q86WN2	Q86WN2	1555	PMID:9208871	Ligand-Receptor	0	complex_component_support_only	0	0	0	0	0		
HGNC:5439	IFNGR1	P15260	ENSG00000027697	3459	membrane	Type_II_IFNR	complex	protein	P01579	P01579	1556	PMID:9208871	Ligand-Receptor	0	complex_component_support_only	0	0	0	0	1	1fg9;1fyh;6e3k;6e3l	
HGNC:5440	IFNGR2	P38484	ENSG00000159128	3460	membrane	Type_II_IFNR	complex	protein	P01579	P01579	1556	PMID:9208871	Ligand-Receptor	0	complex_component_support_only	0	0	0	0	1	6e3k;6e3l	
HGNC:5432	IFNAR1	P17181	ENSG00000142166	3454	membrane	Type_I_IFNR	complex	protein	Q9P0W0	Q9P0W0	1557	PMID:9208871	Ligand-Receptor	0	complex_component_support_only	0	0	0	0	0		
HGNC:5433	IFNAR2	P48551	ENSG00000159110	3455	membrane_and_secreted	Type_I_IFNR	complex	protein	Q9P0W0	Q9P0W0	1557	PMID:9208871	Ligand-Receptor	0	complex_component_support_only	0	0	0	0	0		
HGNC:5965	IL10RB	Q08334	ENSG00000243646	3588	membrane_inferred	Type_III_IFNR	complex	protein	Q8IU54	Q8IU54	1558	PMID:9208871	Ligand-Receptor	0	complex_component_support_only	0	0	0	0	0		
HGNC:18584	IFNLR1	Q8IU57	ENSG00000185436	163702	membrane_inferred	Type_III_IFNR	complex	protein	Q8IU54	Q8IU54	1558	PMID:9208871	Ligand-Receptor	0	complex_component_support_only	0	0	0	0	1	3og4;3og6	
HGNC:5965	IL10RB	Q08334	ENSG00000243646	3588	membrane_inferred	Type_III_IFNR	complex	protein	Q8IZJ0	Q8IZJ0	1559	PMID:9208871	Ligand-Receptor	0	complex_component_support_only	0	0	0	0	0		
HGNC:18584	IFNLR1	Q8IU57	ENSG00000185436	163702	membrane_inferred	Type_III_IFNR	complex	protein	Q8IZJ0	Q8IZJ0	1559	PMID:9208871	Ligand-Receptor	0	complex_component_support_only	0	0	0	0	0		
HGNC:5965	IL10RB	Q08334	ENSG00000243646	3588	membrane_inferred	IL28_receptor	complex	protein	Q8IZI9	Q8IZI9	1560	5t5w;PDB	Ligand-Receptor	0	complex_component_support_only	0	0	0	0	1	5t5w;9bpv	
HGNC:18584	IFNLR1	Q8IU57	ENSG00000185436	163702	membrane_inferred	IL28_receptor	complex	protein	Q8IZI9	Q8IZI9	1560	5t5w;PDB	Ligand-Receptor	0	complex_component_support_only	0	0	0	0	1	5t5w;9bpv	
HGNC:5965	IL10RB	Q08334	ENSG00000243646	3588	membrane_inferred	Type_III_IFNR	complex	protein	Q8IZI9	Q8IZI9	1561	PMID:9208871	Ligand-Receptor	0	complex_component_support_only	0	0	0	0	1	5t5w;9bpv	
HGNC:18584	IFNLR1	Q8IU57	ENSG00000185436	163702	membrane_inferred	Type_III_IFNR	complex	protein	Q8IZI9	Q8IZI9	1561	PMID:9208871	Ligand-Receptor	0	complex_component_support_only	0	0	0	0	1	5t5w;9bpv	
HGNC:5432	IFNAR1	P17181	ENSG00000142166	3454	membrane	Type_I_IFNR	complex	protein	P05000	P05000	1562	PMID:9208871	Ligand-Receptor	0	complex_component_support_only	0	0	0	0	1	3se4	
HGNC:5433	IFNAR2	P48551	ENSG00000159110	3455	membrane_and_secreted	Type_I_IFNR	complex	protein	P05000	P05000	1562	PMID:9208871	Ligand-Receptor	0	complex_component_support_only	0	0	0	0	1	3se4	
HGNC:6021	IL6ST	P40189	ENSG00000134352	3572	membrane_and_secreted	IL35_receptor	complex	complex	IL35	P29459;Q14213	1563	uniprot	Ligand-Receptor	0	complex_component_support_only	0	0	0	0	1	7u7n;8d85	
HGNC:5972	IL12RB2	Q99665	ENSG00000081985	3595	membrane_inferred	IL35_receptor	complex	complex	IL35	P29459;Q14213	1563	uniprot	Ligand-Receptor	0	complex_component_support_only	0	0	0	0	1	8xrp;8yi7	
HGNC:6021	IL6ST	P40189	ENSG00000134352	3572	membrane_and_secreted	IL27_receptor	complex	complex	IL27	Q14213;Q8NEV9	1564	uniprot	Ligand-Receptor	0	complex_component_support_only	0	0	0	0	1	7u7n;8d85	
HGNC:17290	IL27RA	Q6UWB1	ENSG00000104998	9466	membrane_inferred	IL27_receptor	complex	complex	IL27	Q14213;Q8NEV9	1564	uniprot	Ligand-Receptor	0	complex_component_support_only	0	0	0	0	1	7u7n;8d85	
HGNC:5965	IL10RB	Q08334	ENSG00000243646	3588	membrane_inferred	IL10_receptor	complex	protein	P22301	P22301	1565	PDB:1j7v_partially	Ligand-Receptor	0	complex_component_support_only	0	0	0	0	1	6x93	
HGNC:5964	IL10RA	Q13651	ENSG00000110324	3587	membrane	IL10_receptor	complex	protein	P22301	P22301	1565	PDB:1j7v_partially	Ligand-Receptor	0	complex_component_support_only	0	0	0	0	1	1j7v;1y6k;6x93	
HGNC:6021	IL6ST	P40189	ENSG00000134352	3572	membrane_and_secreted	IL11_receptor	complex	protein	P20809	P20809	1566	uniprot	Ligand-Receptor	0	complex_component_support_only	0	0	0	0	1	8dps;8dpt;8dpu	
HGNC:5967	IL11RA	Q14626	ENSG00000137070	3590	membrane_inferred_and_secreted	IL11_receptor	complex	protein	P20809	P20809	1566	uniprot	Ligand-Receptor	0	complex_component_support_only	0	0	0	0	1	8dps;8dpt;8dpu;8qy4	
HGNC:5971	IL12RB1	P42701	ENSG00000096996	3594	membrane_inferred	IL12_receptor	complex	complex	IL12	P29459;P29460	1567	uniprot	Ligand-Receptor	0	complex_component_support_only	0	0	0	0	1	6wdq;8oe4;8xrp;8yi7	
HGNC:5972	IL12RB2	Q99665	ENSG00000081985	3595	membrane_inferred	IL12_receptor	complex	complex	IL12	P29459;P29460	1567	uniprot	Ligand-Receptor	0	complex_component_support_only	0	0	0	0	1	8xrp;8yi7	
HGNC:5971	IL12RB1	P42701	ENSG00000096996	3594	membrane_inferred	IL23_receptor	complex	complex	IL23	P29460;Q9NPF7	1568	uniprot	Ligand-Receptor	0	complex_component_support_only	0	0	0	0	1	6wdq;8oe4;8xrp;8yi7	
HGNC:19100	IL23R	Q5VWK5	ENSG00000162594	149233	membrane	IL23_receptor	complex	complex	IL23	P29460;Q9NPF7	1568	uniprot	Ligand-Receptor	0	complex_component_support_only	0	0	0	0	1	5mzv;6wdq;8oe4	
HGNC:6015	IL4R	P24394	ENSG00000077238	3566	membrane_and_secreted	IL13_receptor	complex	protein	P35225	P35225	1569	3bpo;PDB	Ligand-Receptor	0	complex_component_support_only	0	0	0	0	1	3bpo;5e4e	
HGNC:5974	IL13RA1	P78552	ENSG00000131724	3597	membrane_inferred	IL13_receptor	complex	protein	P35225	P35225	1569	3bpo;PDB	Ligand-Receptor	0	complex_component_support_only	0	0	0	0	1	3bpo;5e4e	
HGNC:5975	IL13RA2	Q14627	ENSG00000123496	3598	membrane	Q14627	protein	protein	P35225	P35225	1570	PMID:26471366	Ligand-Receptor	1	single_protein_pair	1	1	1	1	0	3lb6	pubmed:20223216|imex:IM-15909
HGNC:5977	IL15	P40933	ENSG00000164136	3600	secreted_only	P40933	protein	complex	IL15_receptor	P14784;Q13261	1571	Need_expression_of_IL15RA_(Q13261)_in_other_cells._2z3q;PDB_partially	Ligand-Receptor	0	complex_component_support_only	0	0	0	0	0		
HGNC:6009	IL2RB	P14784	ENSG00000100385	3560	membrane	IL15_receptor	complex	protein	P40933	P40933	1571	Need_expression_of_IL15RA_(Q13261)_in_other_cells._2z3q;PDB_partially	Ligand-Receptor	0	complex_component_support_only	0	0	0	0	1	4gs7	
HGNC:5978	IL15RA	Q13261	ENSG00000134470	3601	membrane_and_secreted	IL15_receptor	complex	protein	P40933	P40933	1571	Need_expression_of_IL15RA_(Q13261)_in_other_cells._2z3q;PDB_partially	Ligand-Receptor	0	complex_component_support_only	0	0	0	0	1	2z3q;2z3r;4gs7	
HGNC:18358	IL17RC	Q8NAC3	ENSG00000163702	84818	membrane	IL17_receptor_AC	complex	complex	IL17_AF	Q16552;Q96PD4	1572	uniprot	Ligand-Receptor	0	complex_component_support_only	0	0	0	0	1	6hg4;6hg9;7uwn;7zan	
HGNC:5985	IL17RA	Q96F46	ENSG00000177663	23765	membrane_and_secreted	IL17_receptor_AC	complex	complex	IL17_AF	Q16552;Q96PD4	1572	uniprot	Ligand-Receptor	0	complex_component_support_only	0	0	0	0	1	3jvf;4hsa;5nan;7uwm;7uwn;7zan	
HGNC:5983	IL17C	Q9P0M4	ENSG00000124391	27189	secreted_only	Q9P0M4	protein	complex	IL17_receptor_AE	Q8NFR9;Q96F46	1573	uniprot	Ligand-Receptor	0	complex_component_support_only	0	0	0	0	0		
HGNC:18439	IL17RE	Q8NFR9	ENSG00000163701	132014	membrane_and_secreted	IL17_receptor_AE	complex	protein	Q9P0M4	Q9P0M4	1573	uniprot	Ligand-Receptor	0	complex_component_support_only	0	0	0	0	0		
HGNC:5985	IL17RA	Q96F46	ENSG00000177663	23765	membrane_and_secreted	IL17_receptor_AE	complex	protein	Q9P0M4	Q9P0M4	1573	uniprot	Ligand-Receptor	0	complex_component_support_only	0	0	0	0	0		
HGNC:18358	IL17RC	Q8NAC3	ENSG00000163702	84818	membrane	IL17_receptor_AC	complex	protein	Q96PD4	Q96PD4	1574	uniprot	Ligand-Receptor	0	complex_component_support_only	0	0	0	0	1	6hg4;6hg9	
HGNC:5985	IL17RA	Q96F46	ENSG00000177663	23765	membrane_and_secreted	IL17_receptor_AC	complex	protein	Q96PD4	Q96PD4	1574	uniprot	Ligand-Receptor	0	complex_component_support_only	0	0	0	0	1	3jvf;5nan	
HGNC:5989	IL18RAP	O95256	ENSG00000115607	8807	membrane	IL18_receptor	complex	protein	Q14116	Q14116	1575	3wo3;PDB_partially	Ligand-Receptor	0	complex_component_support_only	0	0	0	0	1	3wo4	
HGNC:5988	IL18R1	Q13478	ENSG00000115604	8809	membrane_inferred	IL18_receptor	complex	protein	Q14116	Q14116	1575	3wo3;PDB_partially	Ligand-Receptor	0	complex_component_support_only	0	0	0	0	0		
HGNC:6004	IL20RB	Q6UXL0	ENSG00000174564	53833	membrane_inferred	IL20_receptor_Type_I	complex	protein	Q9UHD0	Q9UHD0	1576	uniprot	Ligand-Receptor	0	complex_component_support_only	0	0	0	0	0		
HGNC:6003	IL20RA	Q9UHF4	ENSG00000016402	53832	membrane_inferred	IL20_receptor_Type_I	complex	protein	Q9UHD0	Q9UHD0	1576	uniprot	Ligand-Receptor	0	complex_component_support_only	0	0	0	0	0		
HGNC:5991	IL1A	P01583	ENSG00000115008	3552	secreted_only	P01583	protein	complex	IL1_receptor	P14778;Q9NPH3	1577	uniprot	Ligand-Receptor	0	complex_component_support_only	0	0	0	0	0		
HGNC:5993	IL1R1	P14778	ENSG00000115594	3554	membrane_and_secreted	IL1_receptor	complex	protein	P01583	P01583	1577	uniprot	Ligand-Receptor	0	complex_component_support_only	0	0	0	0	0		
HGNC:5995	IL1RAP	Q9NPH3	ENSG00000196083	3556	membrane_and_secreted	IL1_receptor	complex	protein	P01583	P01583	1577	uniprot	Ligand-Receptor	0	complex_component_support_only	0	0	0	0	0		
HGNC:5991	IL1A	P01583	ENSG00000115008	3552	secreted_only	P01583	protein	complex	IL1_receptor_inhibitor	P27930;Q9NPH3	1578	low_affinity;uniprot	Ligand-Receptor	0	complex_component_support_only	0	0	0	0	0		
HGNC:5994	IL1R2	P27930	ENSG00000115590	7850	membrane_and_secreted	IL1_receptor_inhibitor	complex	protein	P01583	P01583	1578	low_affinity;uniprot	Ligand-Receptor	0	complex_component_support_only	0	0	0	0	0		
HGNC:5995	IL1RAP	Q9NPH3	ENSG00000196083	3556	membrane_and_secreted	IL1_receptor_inhibitor	complex	protein	P01583	P01583	1578	low_affinity;uniprot	Ligand-Receptor	0	complex_component_support_only	0	0	0	0	0		
HGNC:5993	IL1R1	P14778	ENSG00000115594	3554	membrane_and_secreted	IL1_receptor	complex	protein	P01584	P01584	1579	4dep;PDB	Ligand-Receptor	0	complex_component_support_only	0	0	0	0	1	1itb;4dep;4gaf	
HGNC:5995	IL1RAP	Q9NPH3	ENSG00000196083	3556	membrane_and_secreted	IL1_receptor	complex	protein	P01584	P01584	1579	4dep;PDB	Ligand-Receptor	0	complex_component_support_only	0	0	0	0	1	3o4o;4dep	
HGNC:5994	IL1R2	P27930	ENSG00000115590	7850	membrane_and_secreted	IL1_receptor_inhibitor	complex	protein	P01584	P01584	1580	PDB:3o4o	Ligand-Receptor	0	complex_component_support_only	0	0	0	0	1	3o4o	
HGNC:5995	IL1RAP	Q9NPH3	ENSG00000196083	3556	membrane_and_secreted	IL1_receptor_inhibitor	complex	protein	P01584	P01584	1580	PDB:3o4o	Ligand-Receptor	0	complex_component_support_only	0	0	0	0	1	3o4o;4dep	
HGNC:5999	IL1RL2	Q9HB29	ENSG00000115598	8808	membrane_inferred	IL36_receptor	complex	protein	Q8WWZ1	Q8WWZ1	1581	to_check	Ligand-Receptor	0	complex_component_support_only	0	0	0	0	0		
HGNC:5995	IL1RAP	Q9NPH3	ENSG00000196083	3556	membrane_and_secreted	IL36_receptor	complex	protein	Q8WWZ1	Q8WWZ1	1581	to_check	Ligand-Receptor	0	complex_component_support_only	0	0	0	0	0		
HGNC:5995	IL1RAP	Q9NPH3	ENSG00000196083	3556	membrane_and_secreted	Q9NPH3	protein	protein	P10586	P10586	1582	Shilts screen - VALIDATED	Adhesion-Adhesion	1	single_protein_pair	0	0	1	1	0		pubmed:32822567|imex:IM-30326
HGNC:9670	PTPRF	P10586	ENSG00000142949	5792	membrane_inferred	P10586	protein	protein	Q9NPH3	Q9NPH3	1582	Shilts screen - VALIDATED	Adhesion-Adhesion	1	single_protein_pair	0	0	1	1	0		pubmed:32822567|imex:IM-30326
HGNC:6000	IL1RN	P18510	ENSG00000136689	3557	secreted_only	P18510	protein	complex	IL1_receptor	P14778;Q9NPH3	1583	1irPDB_partially	Ligand-Receptor	0	complex_component_support_only	0	0	0	0	0		
HGNC:5993	IL1R1	P14778	ENSG00000115594	3554	membrane_and_secreted	IL1_receptor	complex	protein	P18510	P18510	1583	1irPDB_partially	Ligand-Receptor	0	complex_component_support_only	0	0	0	0	1	1ira	
HGNC:5995	IL1RAP	Q9NPH3	ENSG00000196083	3556	membrane_and_secreted	IL1_receptor	complex	protein	P18510	P18510	1583	1irPDB_partially	Ligand-Receptor	0	complex_component_support_only	0	0	0	0	0		
HGNC:6000	IL1RN	P18510	ENSG00000136689	3557	secreted_only	P18510	protein	complex	IL1_receptor_inhibitor	P27930;Q9NPH3	1584	low_affinity	Ligand-Receptor	0	complex_component_support_only	0	0	0	0	0		
HGNC:5994	IL1R2	P27930	ENSG00000115590	7850	membrane_and_secreted	IL1_receptor_inhibitor	complex	protein	P18510	P18510	1584	low_affinity	Ligand-Receptor	0	complex_component_support_only	0	0	0	0	0		
HGNC:5995	IL1RAP	Q9NPH3	ENSG00000196083	3556	membrane_and_secreted	IL1_receptor_inhibitor	complex	protein	P18510	P18510	1584	low_affinity	Ligand-Receptor	0	complex_component_support_only	0	0	0	0	0		
HGNC:6008	IL2RA	P01589	ENSG00000134460	3559	membrane_inferred	IL2_receptor_HA	complex	protein	P60568	P60568	1585	2b5i;PDB	Ligand-Receptor	0	complex_component_support_only	0	0	0	0	1	1z92;2b5i;2erj;9kmc	
HGNC:6009	IL2RB	P14784	ENSG00000100385	3560	membrane	IL2_receptor_HA	complex	protein	P60568	P60568	1585	2b5i;PDB	Ligand-Receptor	0	complex_component_support_only	0	0	0	0	1	2b5i;2erj;3qaz;5m5e;9kmc	
HGNC:6010	IL2RG	P31785	ENSG00000147168	3561	membrane	IL2_receptor_HA	complex	protein	P60568	P60568	1585	2b5i;PDB	Ligand-Receptor	0	complex_component_support_only	0	0	0	0	1	2b5i;2erj;3qaz;5m5e;9kmc	
HGNC:6009	IL2RB	P14784	ENSG00000100385	3560	membrane	IL2_receptor_I	complex	protein	P60568	P60568	1586	3qaz;PDB	Ligand-Receptor	0	complex_component_support_only	0	0	0	0	1	2b5i;2erj;3qaz;5m5e;9kmc	
HGNC:6010	IL2RG	P31785	ENSG00000147168	3561	membrane	IL2_receptor_I	complex	protein	P60568	P60568	1586	3qaz;PDB	Ligand-Receptor	0	complex_component_support_only	0	0	0	0	1	2b5i;2erj;3qaz;5m5e;9kmc	
HGNC:6004	IL20RB	Q6UXL0	ENSG00000174564	53833	membrane_inferred	IL20_receptor_Type_I	complex	protein	Q9NYY1	Q9NYY1	1587	uniprot	Ligand-Receptor	0	complex_component_support_only	0	0	0	0	1	4doh	
HGNC:6003	IL20RA	Q9UHF4	ENSG00000016402	53832	membrane_inferred	IL20_receptor_Type_I	complex	protein	Q9NYY1	Q9NYY1	1587	uniprot	Ligand-Receptor	0	complex_component_support_only	0	0	0	0	1	4doh	
HGNC:6004	IL20RB	Q6UXL0	ENSG00000174564	53833	membrane_inferred	IL20_receptor_Type_II	complex	protein	Q9NYY1	Q9NYY1	1588	uniprot	Ligand-Receptor	0	complex_component_support_only	0	0	0	0	1	4doh	
HGNC:13700	IL22RA1	Q8N6P7	ENSG00000142677	58985	membrane	IL20_receptor_Type_II	complex	protein	Q9NYY1	Q9NYY1	1588	uniprot	Ligand-Receptor	0	complex_component_support_only	0	0	0	0	0		
HGNC:6010	IL2RG	P31785	ENSG00000147168	3561	membrane	IL21_receptor	complex	protein	Q9HBE4	Q9HBE4	1589	3tgPDB:\w+_partially;uniprot	Ligand-Receptor	0	complex_component_support_only	0	0	0	0	1	8ent	
HGNC:6006	IL21R	Q9HBE5	ENSG00000103522	50615	membrane_inferred	IL21_receptor	complex	protein	Q9HBE4	Q9HBE4	1589	3tgPDB:\w+_partially;uniprot	Ligand-Receptor	0	complex_component_support_only	0	0	0	0	1	3tgx;8ent	
HGNC:5965	IL10RB	Q08334	ENSG00000243646	3588	membrane_inferred	IL22_receptor	complex	protein	Q9GZX6	Q9GZX6	1590	3dgPDB:$4	Ligand-Receptor	0	complex_component_support_only	0	0	0	0	0		
HGNC:13700	IL22RA1	Q8N6P7	ENSG00000142677	58985	membrane	IL22_receptor	complex	protein	Q9GZX6	Q9GZX6	1590	3dgPDB:$4	Ligand-Receptor	0	complex_component_support_only	0	0	0	0	1	3dlq	
HGNC:11346	IL24	Q13007	ENSG00000162892	11009	secreted_only	Q13007	protein	complex	IL20_receptor_Type_I	Q6UXL0;Q9UHF4	1591	uniprot	Ligand-Receptor	0	complex_component_support_only	0	0	0	0	1	6df3	
HGNC:6004	IL20RB	Q6UXL0	ENSG00000174564	53833	membrane_inferred	IL20_receptor_Type_I	complex	protein	Q13007	Q13007	1591	uniprot	Ligand-Receptor	0	complex_component_support_only	0	0	0	0	1	6df3	
HGNC:6003	IL20RA	Q9UHF4	ENSG00000016402	53832	membrane_inferred	IL20_receptor_Type_I	complex	protein	Q13007	Q13007	1591	uniprot	Ligand-Receptor	0	complex_component_support_only	0	0	0	0	0		
HGNC:11346	IL24	Q13007	ENSG00000162892	11009	secreted_only	Q13007	protein	complex	IL20_receptor_Type_II	Q6UXL0;Q8N6P7	1592	uniprot	Ligand-Receptor	0	complex_component_support_only	0	0	0	0	1	6df3	
HGNC:6004	IL20RB	Q6UXL0	ENSG00000174564	53833	membrane_inferred	IL20_receptor_Type_II	complex	protein	Q13007	Q13007	1592	uniprot	Ligand-Receptor	0	complex_component_support_only	0	0	0	0	1	6df3	
HGNC:13700	IL22RA1	Q8N6P7	ENSG00000142677	58985	membrane	IL20_receptor_Type_II	complex	protein	Q13007	Q13007	1592	uniprot	Ligand-Receptor	0	complex_component_support_only	0	0	0	0	1	6df3	
HGNC:5985	IL17RA	Q96F46	ENSG00000177663	23765	membrane_and_secreted	IL17_receptor_AB	complex	protein	Q9H293	Q9H293	1593	NA_IL17E_called_IL25	Ligand-Receptor	0	complex_component_support_only	0	0	0	0	0		
HGNC:18015	IL17RB	Q9NRM6	ENSG00000056736	55540	membrane_and_secreted	IL17_receptor_AB	complex	protein	Q9H293	Q9H293	1593	NA_IL17E_called_IL25	Ligand-Receptor	0	complex_component_support_only	0	0	0	0	1	7uwj;7uwk;7uwl	
HGNC:5965	IL10RB	Q08334	ENSG00000243646	3588	membrane_inferred	IL26_receptor	complex	protein	Q9NPH9	Q9NPH9	1594	PMID:25421700	Ligand-Receptor	0	complex_component_support_only	0	0	0	0	0		
HGNC:6003	IL20RA	Q9UHF4	ENSG00000016402	53832	membrane_inferred	IL26_receptor	complex	protein	Q9NPH9	Q9NPH9	1594	PMID:25421700	Ligand-Receptor	0	complex_component_support_only	0	0	0	0	0		
HGNC:6012	IL3RA	P26951	ENSG00000185291	3563	membrane	IL3_receptor	complex	protein	P08700	P08700	1595	uniprot	Ligand-Receptor	0	complex_component_support_only	0	0	0	0	1	5uv8;5uwc;6nmy	
HGNC:2436	CSF2RB	P32927	ENSG00000100368	1439	membrane_inferred	IL3_receptor	complex	protein	P08700	P08700	1595	uniprot	Ligand-Receptor	0	complex_component_support_only	0	0	0	0	1	6nmy	
HGNC:16028	IL33	O95760	ENSG00000137033	90865	secreted_only	O95760	protein	complex	IL33_receptor	Q01638;Q9NPH3	1596	uniprot	Ligand-Receptor	0	complex_component_support_only	0	0	0	0	0		
HGNC:5998	IL1RL1	Q01638	ENSG00000115602	9173	membrane_and_secreted	IL33_receptor	complex	protein	O95760	O95760	1596	uniprot	Ligand-Receptor	0	complex_component_support_only	0	0	0	0	1	4kc3	
HGNC:5995	IL1RAP	Q9NPH3	ENSG00000196083	3556	membrane_and_secreted	IL33_receptor	complex	protein	O95760	O95760	1596	uniprot	Ligand-Receptor	0	complex_component_support_only	0	0	0	0	0		
HGNC:2433	CSF1R	P07333	ENSG00000182578	1436	membrane	P07333	protein	protein	Q6ZMJ4	Q6ZMJ4	1597	uniprot	Ligand-Receptor	1	single_protein_pair	1	1	0	1	0	4dkd	
HGNC:5999	IL1RL2	Q9HB29	ENSG00000115598	8808	membrane_inferred	IL36_receptor	complex	protein	Q9UHA7	Q9UHA7	1598	uniprot	Ligand-Receptor	0	complex_component_support_only	0	0	0	0	0		
HGNC:5995	IL1RAP	Q9NPH3	ENSG00000196083	3556	membrane_and_secreted	IL36_receptor	complex	protein	Q9UHA7	Q9UHA7	1598	uniprot	Ligand-Receptor	0	complex_component_support_only	0	0	0	0	0		
HGNC:5999	IL1RL2	Q9HB29	ENSG00000115598	8808	membrane_inferred	IL36_receptor	complex	protein	Q9NZH7	Q9NZH7	1599	uniprot	Ligand-Receptor	0	complex_component_support_only	0	0	0	0	0		
HGNC:5995	IL1RAP	Q9NPH3	ENSG00000196083	3556	membrane_and_secreted	IL36_receptor	complex	protein	Q9NZH7	Q9NZH7	1599	uniprot	Ligand-Receptor	0	complex_component_support_only	0	0	0	0	0		
HGNC:5999	IL1RL2	Q9HB29	ENSG00000115598	8808	membrane_inferred	IL36_receptor	complex	protein	Q9NZH8	Q9NZH8	1600	uniprot	Ligand-Receptor	0	complex_component_support_only	0	0	0	0	1	9i7x	
HGNC:5995	IL1RAP	Q9NPH3	ENSG00000196083	3556	membrane_and_secreted	IL36_receptor	complex	protein	Q9NZH8	Q9NZH8	1600	uniprot	Ligand-Receptor	0	complex_component_support_only	0	0	0	0	1	9i7x	
HGNC:5999	IL1RL2	Q9HB29	ENSG00000115598	8808	membrane_inferred	IL36_receptor	complex	protein	Q9UBH0	Q9UBH0	1601	uniprot	Ligand-Receptor	0	complex_component_support_only	0	0	0	0	0		
HGNC:5995	IL1RAP	Q9NPH3	ENSG00000196083	3556	membrane_and_secreted	IL36_receptor	complex	protein	Q9UBH0	Q9UBH0	1601	uniprot	Ligand-Receptor	0	complex_component_support_only	0	0	0	0	0		
HGNC:15563	IL37	Q9NZH6	ENSG00000125571	27178	secreted_only	Q9NZH6	protein	complex	IL37_receptor	Q13478;Q6IA17	1602	See_paper_Nold_Petry_et_al.;2015	Ligand-Receptor	0	complex_component_support_only	0	0	0	0	0		
HGNC:5988	IL18R1	Q13478	ENSG00000115604	8809	membrane_inferred	IL37_receptor	complex	protein	Q9NZH6	Q9NZH6	1602	See_paper_Nold_Petry_et_al.;2015	Ligand-Receptor	0	complex_component_support_only	0	0	0	0	0		
HGNC:30575	SIGIRR	Q6IA17	ENSG00000185187	59307	membrane_inferred	IL37_receptor	complex	protein	Q9NZH6	Q9NZH6	1602	See_paper_Nold_Petry_et_al.;2015	Ligand-Receptor	0	complex_component_support_only	0	0	0	0	0		
HGNC:6015	IL4R	P24394	ENSG00000077238	3566	membrane_and_secreted	IL13_receptor	complex	protein	P05112	P05112	1603	PDB:3bpn	Ligand-Receptor	0	complex_component_support_only	0	0	0	0	1	1iar;3bpl;3bpn;6oel	
HGNC:5974	IL13RA1	P78552	ENSG00000131724	3597	membrane_inferred	IL13_receptor	complex	protein	P05112	P05112	1603	PDB:3bpn	Ligand-Receptor	0	complex_component_support_only	0	0	0	0	1	3bpn	
HGNC:6015	IL4R	P24394	ENSG00000077238	3566	membrane_and_secreted	IL4_receptor	complex	protein	P05112	P05112	1604	3qb7;PDB	Ligand-Receptor	0	complex_component_support_only	0	0	0	0	1	1iar;3bpl;3bpn;6oel	
HGNC:6010	IL2RG	P31785	ENSG00000147168	3561	membrane	IL4_receptor	complex	protein	P05112	P05112	1604	3qb7;PDB	Ligand-Receptor	0	complex_component_support_only	0	0	0	0	1	3bpl;3qb7;6oel	
HGNC:2436	CSF2RB	P32927	ENSG00000100368	1439	membrane_inferred	IL5_receptor	complex	protein	P05113	P05113	1605	3qt2;PDB_partially	Ligand-Receptor	0	complex_component_support_only	0	0	0	0	1	8tld	
HGNC:6017	IL5RA	Q01344	ENSG00000091181	3568	membrane_inferred	IL5_receptor	complex	protein	P05113	P05113	1605	3qt2;PDB_partially	Ligand-Receptor	0	complex_component_support_only	0	0	0	0	1	3qt2;3va2;8tld	
HGNC:6019	IL6R	P08887	ENSG00000160712	3570	membrane_and_secreted	IL6_receptor	complex	protein	P05231	P05231	1606	1p9m;PDB	Ligand-Receptor	0	complex_component_support_only	0	0	0	0	1	1p9m;5fuc;8d82;8qy5;8qy6	
HGNC:6021	IL6ST	P40189	ENSG00000134352	3572	membrane_and_secreted	IL6_receptor	complex	protein	P05231	P05231	1606	1p9m;PDB	Ligand-Receptor	0	complex_component_support_only	0	0	0	0	1	1p9m;8d82	
HGNC:6024	IL7R	P16871	ENSG00000168685	3575	membrane_and_secreted	IL7_receptor	complex	protein	P13232	P13232	1607	3di2;PDB_partially	Ligand-Receptor	0	complex_component_support_only	0	0	0	0	1	3di2;3di3	
HGNC:6010	IL2RG	P31785	ENSG00000147168	3561	membrane	IL7_receptor	complex	protein	P13232	P13232	1607	3di2;PDB_partially	Ligand-Receptor	0	complex_component_support_only	0	0	0	0	0		
HGNC:6010	IL2RG	P31785	ENSG00000147168	3561	membrane	IL9_receptor	complex	protein	P15248	P15248	1608	uniprot	Ligand-Receptor	0	complex_component_support_only	0	0	0	0	0		
HGNC:6030	IL9R	Q01113	ENSG00000124334	3581	membrane_and_secreted	IL9_receptor	complex	protein	P15248	P15248	1608	uniprot	Ligand-Receptor	0	complex_component_support_only	0	0	0	0	1	7ox5	
HGNC:16793	RAET1E	Q8TD07	ENSG00000164520	135250	membrane_inferred_and_secreted	Q8TD07	protein	complex	NKG2D_II_receptor	P26718;Q9UBK5	1609	Induces_NK_Cell_Activation._Reviewed_in_PMID:24223577	Ligand-Receptor	0	complex_component_support_only	0	0	0	0	0		
HGNC:18788	KLRK1	P26718	ENSG00000213809	22914	membrane	NKG2D_II_receptor	complex	protein	Q8TD07	Q8TD07	1609	Induces_NK_Cell_Activation._Reviewed_in_PMID:24223577	Ligand-Receptor	0	complex_component_support_only	0	0	0	0	0		
HGNC:16977	HCST	Q9UBK5	ENSG00000126264	10870	membrane_inferred	NKG2D_II_receptor	complex	protein	Q8TD07	Q8TD07	1609	Induces_NK_Cell_Activation._Reviewed_in_PMID:24223577	Ligand-Receptor	0	complex_component_support_only	0	0	0	0	0		
HGNC:16795	RAET1G	Q6H3X3	ENSG00000203722	353091	membrane_and_secreted	Q6H3X3	protein	complex	NKG2D_II_receptor	P26718;Q9UBK5	1610	Induces_NK_Cell_Activation._Reviewed_in_PMID:24223577	Ligand-Receptor	0	complex_component_support_only	0	0	0	0	0		
HGNC:18788	KLRK1	P26718	ENSG00000213809	22914	membrane	NKG2D_II_receptor	complex	protein	Q6H3X3	Q6H3X3	1610	Induces_NK_Cell_Activation._Reviewed_in_PMID:24223577	Ligand-Receptor	0	complex_component_support_only	0	0	0	0	0		
HGNC:16977	HCST	Q9UBK5	ENSG00000126264	10870	membrane_inferred	NKG2D_II_receptor	complex	protein	Q6H3X3	Q6H3X3	1610	Induces_NK_Cell_Activation._Reviewed_in_PMID:24223577	Ligand-Receptor	0	complex_component_support_only	0	0	0	0	0		
HGNC:16798	RAET1L	Q5VY80	ENSG00000155918	154064	membrane	Q5VY80	protein	complex	NKG2D_II_receptor	P26718;Q9UBK5	1611	Induces_NK_Cell_Activation._Reviewed_in_PMID:24223577._4s0u;PDB_partially	Ligand-Receptor	0	complex_component_support_only	0	0	0	0	1	4s0u	
HGNC:18788	KLRK1	P26718	ENSG00000213809	22914	membrane	NKG2D_II_receptor	complex	protein	Q5VY80	Q5VY80	1611	Induces_NK_Cell_Activation._Reviewed_in_PMID:24223577._4s0u;PDB_partially	Ligand-Receptor	0	complex_component_support_only	0	0	0	0	1	4s0u	
HGNC:16977	HCST	Q9UBK5	ENSG00000126264	10870	membrane_inferred	NKG2D_II_receptor	complex	protein	Q5VY80	Q5VY80	1611	Induces_NK_Cell_Activation._Reviewed_in_PMID:24223577._4s0u;PDB_partially	Ligand-Receptor	0	complex_component_support_only	0	0	0	0	0		
HGNC:14893	ULBP1	Q9BZM6	ENSG00000111981	80329	membrane	Q9BZM6	protein	complex	NKG2D_II_receptor	P26718;Q9UBK5	1612	Induces_NK_Cell_Activation._Reviewed_in_PMID:24223577	Ligand-Receptor	0	complex_component_support_only	0	0	0	0	0		
HGNC:18788	KLRK1	P26718	ENSG00000213809	22914	membrane	NKG2D_II_receptor	complex	protein	Q9BZM6	Q9BZM6	1612	Induces_NK_Cell_Activation._Reviewed_in_PMID:24223577	Ligand-Receptor	0	complex_component_support_only	0	0	0	0	0		
HGNC:16977	HCST	Q9UBK5	ENSG00000126264	10870	membrane_inferred	NKG2D_II_receptor	complex	protein	Q9BZM6	Q9BZM6	1612	Induces_NK_Cell_Activation._Reviewed_in_PMID:24223577	Ligand-Receptor	0	complex_component_support_only	0	0	0	0	0		
HGNC:14894	ULBP2	Q9BZM5	ENSG00000131015	80328	membrane_and_secreted	Q9BZM5	protein	complex	NKG2D_II_receptor	P26718;Q9UBK5	1613	Induces_NK_Cell_Activation._Reviewed_in_PMID:24223577	Ligand-Receptor	0	complex_component_support_only	0	0	0	0	0		
HGNC:18788	KLRK1	P26718	ENSG00000213809	22914	membrane	NKG2D_II_receptor	complex	protein	Q9BZM5	Q9BZM5	1613	Induces_NK_Cell_Activation._Reviewed_in_PMID:24223577	Ligand-Receptor	0	complex_component_support_only	0	0	0	0	0		
HGNC:16977	HCST	Q9UBK5	ENSG00000126264	10870	membrane_inferred	NKG2D_II_receptor	complex	protein	Q9BZM5	Q9BZM5	1613	Induces_NK_Cell_Activation._Reviewed_in_PMID:24223577	Ligand-Receptor	0	complex_component_support_only	0	0	0	0	0		
HGNC:14895	ULBP3	Q9BZM4	ENSG00000131019	79465	membrane	Q9BZM4	protein	complex	NKG2D_II_receptor	P26718;Q9UBK5	1614	Induces_NK_Cell_Activation;PMID:24223577;PDB:1kcg_partially	Ligand-Receptor	0	complex_component_support_only	0	0	0	0	1	1kcg	
HGNC:18788	KLRK1	P26718	ENSG00000213809	22914	membrane	NKG2D_II_receptor	complex	protein	Q9BZM4	Q9BZM4	1614	Induces_NK_Cell_Activation;PMID:24223577;PDB:1kcg_partially	Ligand-Receptor	0	complex_component_support_only	0	0	0	0	1	1kcg	
HGNC:16977	HCST	Q9UBK5	ENSG00000126264	10870	membrane_inferred	NKG2D_II_receptor	complex	protein	Q9BZM4	Q9BZM4	1614	Induces_NK_Cell_Activation;PMID:24223577;PDB:1kcg_partially	Ligand-Receptor	0	complex_component_support_only	0	0	0	0	0		
HGNC:6383	KNG1	P01042	ENSG00000113889	3827	secreted_only	P01042	protein	protein	P46663	P46663	1615	uniprot;reactome	Ligand-Receptor	1	single_protein_pair	1	1	0	1	0	7eib	
HGNC:1029	BDKRB1	P46663	ENSG00000100739	623	membrane	P46663	protein	protein	P01042	P01042	1615	uniprot;reactome	Ligand-Receptor	1	single_protein_pair	1	0	0	0	0		
HGNC:6383	KNG1	P01042	ENSG00000113889	3827	secreted_only	P01042	protein	protein	P30411	P30411	1616	uniprot;reactome	Ligand-Receptor	1	single_protein_pair	1	1	0	1	0	7f2o;7f6h;7f6i	
HGNC:1030	BDKRB2	P30411	ENSG00000168398	624	membrane	P30411	protein	protein	P01042	P01042	1616	uniprot;reactome	Ligand-Receptor	1	single_protein_pair	1	0	0	0	0		
HGNC:6383	KNG1	P01042	ENSG00000113889	3827	secreted_only	P01042	protein	protein	Q8TDU9	Q8TDU9	1617	uniprot	Ligand-Receptor	1	single_protein_pair	0	0	0	0	0		
HGNC:14666	RXFP4	Q8TDU9	ENSG00000173080	339403	membrane	Q8TDU9	protein	protein	P01042	P01042	1617	uniprot	Ligand-Receptor	1	single_protein_pair	0	0	0	0	0		
HGNC:11701	CRIPTO	P13385	ENSG00000241186	6997	membrane_and_secreted	P13385	protein	protein	O75610	O75610	1618	PMID:22710174	Ligand-Receptor	1	single_protein_pair	0	0	0	0	0		
HGNC:11701	CRIPTO	P13385	ENSG00000241186	6997	membrane_and_secreted	P13385	protein	protein	O00292	O00292	1619	PMID:22710174	Ligand-Receptor	1	single_protein_pair	0	0	0	0	0		
HGNC:24191	CLEC2A	Q6UVW9	ENSG00000188393	387836	membrane	Q6UVW9	protein	protein	D3W0D1	D3W0D1	1620	Induces_NK_Cell_Activation._Reviewed_in_PMID:24223577	Ligand-Receptor	1	single_protein_pair	1	1	0	1	0	4iop	
HGNC:37646	KLRF2	D3W0D1	ENSG00000256797	100431172	membrane	D3W0D1	protein	protein	Q6UVW9	Q6UVW9	1620	Induces_NK_Cell_Activation._Reviewed_in_PMID:24223577	Ligand-Receptor	1	single_protein_pair	1	1	1	1	0	4iop	pubmed:20194751|imex:IM-15227;pubmed:23803857|imex:IM-30068
HGNC:2053	CLEC2B	Q92478	ENSG00000110852	9976	membrane	Q92478	protein	protein	Q9NZS2	Q9NZS2	1621	Induces_NK_Cell_Activation._Reviewed_in_PMID:24223577	Ligand-Receptor	1	single_protein_pair	0	0	1	1	0		pubmed:35922511|imex:IM-30342
HGNC:13342	KLRF1	Q9NZS2	ENSG00000150045	51348	membrane_inferred	Q9NZS2	protein	protein	Q92478	Q92478	1621	Induces_NK_Cell_Activation._Reviewed_in_PMID:24223577	Ligand-Receptor	1	single_protein_pair	0	0	1	1	0		pubmed:35922511|imex:IM-30342
HGNC:25042	LRRC4B	Q9NT99	ENSG00000131409	94030	membrane	Q9NT99	protein	protein	P23468	P23468	1622	PMID:29100073;PMID:34966732	Ligand-Receptor	1	single_protein_pair	0	0	0	0	0		
HGNC:9668	PTPRD	P23468	ENSG00000153707	5789	membrane_inferred	P23468	protein	protein	Q9NT99	Q9NT99	1622	PMID:29100073;PMID:34966732	Ligand-Receptor	1	single_protein_pair	0	0	0	0	0		
HGNC:25042	LRRC4B	Q9NT99	ENSG00000131409	94030	membrane	Q9NT99	protein	protein	P10586	P10586	1623	PMID:29100073;PMID:34966732	Ligand-Receptor	1	single_protein_pair	0	0	1	1	0		pubmed:32822567|imex:IM-30326
HGNC:9670	PTPRF	P10586	ENSG00000142949	5792	membrane_inferred	P10586	protein	protein	Q9NT99	Q9NT99	1623	PMID:29100073;PMID:34966732	Ligand-Receptor	1	single_protein_pair	0	0	1	1	0		pubmed:32822567|imex:IM-30326
HGNC:25042	LRRC4B	Q9NT99	ENSG00000131409	94030	membrane	Q9NT99	protein	protein	Q13332	Q13332	1624	PMID:29100073;PMID:34966732	Ligand-Receptor	1	single_protein_pair	0	0	0	0	0		
HGNC:9681	PTPRS	Q13332	ENSG00000105426	5802	membrane	Q13332	protein	protein	Q9NT99	Q9NT99	1624	PMID:29100073;PMID:34966732	Ligand-Receptor	1	single_protein_pair	0	0	0	0	0		
HGNC:29317	LRRC4C	Q9HCJ2	ENSG00000148948	57689	membrane	Q9HCJ2	protein	protein	P10586	P10586	1625	PMID:29100073;PMID:34966732	Ligand-Receptor	1	single_protein_pair	0	0	0	0	0		
HGNC:9670	PTPRF	P10586	ENSG00000142949	5792	membrane_inferred	P10586	protein	protein	Q9HCJ2	Q9HCJ2	1625	PMID:29100073;PMID:34966732	Ligand-Receptor	1	single_protein_pair	0	0	0	0	0		
HGNC:28456	LRFN4	Q6PJG9	ENSG00000173621	78999	membrane_inferred	Q6PJG9	protein	protein	P23468	P23468	1626	PMID:29100073;PMID:34966732	Ligand-Receptor	1	single_protein_pair	0	0	1	1	0		pubmed:32822567|imex:IM-30326
HGNC:9668	PTPRD	P23468	ENSG00000153707	5789	membrane_inferred	P23468	protein	protein	Q6PJG9	Q6PJG9	1626	PMID:29100073;PMID:34966732	Ligand-Receptor	1	single_protein_pair	0	0	1	1	0		pubmed:32822567|imex:IM-30326
HGNC:28456	LRFN4	Q6PJG9	ENSG00000173621	78999	membrane_inferred	Q6PJG9	protein	protein	P10586	P10586	1627	PMID:29100073;PMID:34966732	Ligand-Receptor	1	single_protein_pair	0	0	1	1	0		pubmed:32822567|imex:IM-30326
HGNC:9670	PTPRF	P10586	ENSG00000142949	5792	membrane_inferred	P10586	protein	protein	Q6PJG9	Q6PJG9	1627	PMID:29100073;PMID:34966732	Ligand-Receptor	1	single_protein_pair	0	0	1	1	0		pubmed:32822567|imex:IM-30326
HGNC:28456	LRFN4	Q6PJG9	ENSG00000173621	78999	membrane_inferred	Q6PJG9	protein	protein	Q13332	Q13332	1628	PMID:29100073;PMID:34966732	Ligand-Receptor	1	single_protein_pair	0	0	1	1	0		pubmed:32822567|imex:IM-30326
HGNC:9681	PTPRS	Q13332	ENSG00000105426	5802	membrane	Q13332	protein	protein	Q6PJG9	Q6PJG9	1628	PMID:29100073;PMID:34966732	Ligand-Receptor	1	single_protein_pair	0	0	1	1	0		pubmed:32822567|imex:IM-30326
HGNC:20360	LRFN5	Q96NI6	ENSG00000165379	145581	membrane_inferred	Q96NI6	protein	protein	P23468	P23468	1629	PMID:29100073;PMID:34966732	Ligand-Receptor	1	single_protein_pair	1	1	1	1	0	5xnp	pubmed:32822567|imex:IM-30326
HGNC:9668	PTPRD	P23468	ENSG00000153707	5789	membrane_inferred	P23468	protein	protein	Q96NI6	Q96NI6	1629	PMID:29100073;PMID:34966732	Ligand-Receptor	1	single_protein_pair	1	1	1	1	0	5xnp	pubmed:32822567|imex:IM-30326
HGNC:20360	LRFN5	Q96NI6	ENSG00000165379	145581	membrane_inferred	Q96NI6	protein	protein	P10586	P10586	1630	PMID:29100073;PMID:34966732	Ligand-Receptor	1	single_protein_pair	0	0	1	1	0		pubmed:32822567|imex:IM-30326
HGNC:9670	PTPRF	P10586	ENSG00000142949	5792	membrane_inferred	P10586	protein	protein	Q96NI6	Q96NI6	1630	PMID:29100073;PMID:34966732	Ligand-Receptor	1	single_protein_pair	0	0	1	1	0		pubmed:32822567|imex:IM-30326
HGNC:20360	LRFN5	Q96NI6	ENSG00000165379	145581	membrane_inferred	Q96NI6	protein	protein	Q13332	Q13332	1631	PMID:29100073;PMID:34966732	Ligand-Receptor	1	single_protein_pair	0	0	1	1	0		pubmed:32822567|imex:IM-30326
HGNC:9681	PTPRS	Q13332	ENSG00000105426	5802	membrane	Q13332	protein	protein	Q96NI6	Q96NI6	1631	PMID:29100073;PMID:34966732	Ligand-Receptor	1	single_protein_pair	0	0	1	1	0		pubmed:32822567|imex:IM-30326
HGNC:19408	LRRTM1	Q86UE6	ENSG00000162951	347730	membrane	Q86UE6	protein	protein	Q9ULB1	Q9ULB1	1632	PMID:29100073	Ligand-Receptor	1	single_protein_pair	0	0	0	0	0		
HGNC:19408	LRRTM1	Q86UE6	ENSG00000162951	347730	membrane	Q86UE6	protein	protein	P58401	P58401	1633	PMID:29100073	Ligand-Receptor	1	single_protein_pair	0	0	0	0	0		
HGNC:8009	NRXN2	P58401	ENSG00000110076	9379	membrane	P58401	protein	protein	Q86UE6	Q86UE6	1633	PMID:29100073	Ligand-Receptor	1	single_protein_pair	0	0	0	0	0		
HGNC:19408	LRRTM1	Q86UE6	ENSG00000162951	347730	membrane	Q86UE6	protein	protein	Q9HDB5	Q9HDB5	1634	PMID:29100073	Ligand-Receptor	1	single_protein_pair	0	0	0	0	0		
HGNC:8010	NRXN3	Q9HDB5	ENSG00000021645	9369	membrane	Q9HDB5	protein	protein	Q86UE6	Q86UE6	1634	PMID:29100073	Ligand-Receptor	1	single_protein_pair	0	0	0	0	0		
HGNC:19409	LRRTM2	O43300	ENSG00000146006	26045	membrane	O43300	protein	protein	Q9ULB1	Q9ULB1	1635	PMID:29100073	Ligand-Receptor	1	single_protein_pair	0	0	0	0	0		
HGNC:19409	LRRTM2	O43300	ENSG00000146006	26045	membrane	O43300	protein	protein	P58401	P58401	1636	PMID:29100073	Ligand-Receptor	1	single_protein_pair	0	0	0	0	0		
HGNC:8009	NRXN2	P58401	ENSG00000110076	9379	membrane	P58401	protein	protein	O43300	O43300	1636	PMID:29100073	Ligand-Receptor	1	single_protein_pair	0	0	0	0	0		
HGNC:19409	LRRTM2	O43300	ENSG00000146006	26045	membrane	O43300	protein	protein	Q9HDB5	Q9HDB5	1637	PMID:29100073	Ligand-Receptor	1	single_protein_pair	0	0	0	0	0		
HGNC:8010	NRXN3	Q9HDB5	ENSG00000021645	9369	membrane	Q9HDB5	protein	protein	O43300	O43300	1637	PMID:29100073	Ligand-Receptor	1	single_protein_pair	0	0	0	0	0		
HGNC:19410	LRRTM3	Q86VH5	ENSG00000198739	347731	membrane	Q86VH5	protein	protein	Q9ULB1	Q9ULB1	1638	PMID:29100073	Ligand-Receptor	1	single_protein_pair	0	0	0	0	0		
HGNC:19410	LRRTM3	Q86VH5	ENSG00000198739	347731	membrane	Q86VH5	protein	protein	P58401	P58401	1639	PMID:29100073	Ligand-Receptor	1	single_protein_pair	0	0	0	0	0		
HGNC:8009	NRXN2	P58401	ENSG00000110076	9379	membrane	P58401	protein	protein	Q86VH5	Q86VH5	1639	PMID:29100073	Ligand-Receptor	1	single_protein_pair	0	0	0	0	0		
HGNC:19410	LRRTM3	Q86VH5	ENSG00000198739	347731	membrane	Q86VH5	protein	protein	Q9HDB5	Q9HDB5	1640	PMID:29100073	Ligand-Receptor	1	single_protein_pair	0	0	0	0	0		
HGNC:8010	NRXN3	Q9HDB5	ENSG00000021645	9369	membrane	Q9HDB5	protein	protein	Q86VH5	Q86VH5	1640	PMID:29100073	Ligand-Receptor	1	single_protein_pair	0	0	0	0	0		
HGNC:19411	LRRTM4	Q86VH4	ENSG00000176204	80059	membrane	Q86VH4	protein	protein	Q9ULB1	Q9ULB1	1641	PMID:29100073	Ligand-Receptor	1	single_protein_pair	0	0	0	0	0		
HGNC:19411	LRRTM4	Q86VH4	ENSG00000176204	80059	membrane	Q86VH4	protein	protein	P58401	P58401	1642	PMID:29100073	Ligand-Receptor	1	single_protein_pair	0	0	0	0	0		
HGNC:8009	NRXN2	P58401	ENSG00000110076	9379	membrane	P58401	protein	protein	Q86VH4	Q86VH4	1642	PMID:29100073	Ligand-Receptor	1	single_protein_pair	0	0	0	0	0		
HGNC:19411	LRRTM4	Q86VH4	ENSG00000176204	80059	membrane	Q86VH4	protein	protein	Q9HDB5	Q9HDB5	1643	PMID:29100073	Ligand-Receptor	1	single_protein_pair	0	0	0	0	0		
HGNC:8010	NRXN3	Q9HDB5	ENSG00000021645	9369	membrane	Q9HDB5	protein	protein	Q86VH4	Q86VH4	1643	PMID:29100073	Ligand-Receptor	1	single_protein_pair	0	0	0	0	0		
HGNC:19411	LRRTM4	Q86VH4	ENSG00000176204	80059	membrane	Q86VH4	protein	protein	Q13332	Q13332	1644	PMID:29100073;PMID:34966732	Ligand-Receptor	1	single_protein_pair	0	0	0	0	0		
HGNC:9681	PTPRS	Q13332	ENSG00000105426	5802	membrane	Q13332	protein	protein	Q86VH4	Q86VH4	1644	PMID:29100073;PMID:34966732	Ligand-Receptor	1	single_protein_pair	0	0	0	0	0		
HGNC:7656	NCAM1	P13591	ENSG00000149294	4684	membrane_and_secreted	P13591	protein	protein	O00468	O00468	1645	reactome	Ligand-Receptor	1	single_protein_pair	0	0	0	0	0		
HGNC:329	AGRN	O00468	ENSG00000188157	375790	membrane_and_secreted	O00468	protein	protein	P13591	P13591	1645	reactome	Ligand-Receptor	1	single_protein_pair	0	0	0	0	0		
HGNC:17451	CYSLTR1	Q9Y271	ENSG00000173198	10800	membrane	Q9Y271	protein	chemical	LeukotrieneE4		1646;1648;1650	HMRbase;uniprot;reactome	Ligand-Receptor	0	chemical_identity_not_mapped	0	0	0	0	0		
HGNC:18274	CYSLTR2	Q9NS75	ENSG00000152207	57105	membrane	Q9NS75	protein	chemical	LeukotrieneE4		1647;1649;1651	uniprot;reactome;IUPHAR	Ligand-Receptor	0	chemical_identity_not_mapped	0	0	0	0	0		
HGNC:17451	CYSLTR1	Q9Y271	ENSG00000173198	10800	membrane	Q9Y271	protein	chemical	LTD4		1652	uniprot;reactome;IUPHAR	Ligand-Receptor	0	chemical_identity_not_mapped	0	0	0	0	0		
HGNC:18274	CYSLTR2	Q9NS75	ENSG00000152207	57105	membrane	Q9NS75	protein	chemical	LTD4		1653	uniprot;reactome;IUPHAR	Ligand-Receptor	0	chemical_identity_not_mapped	0	0	0	0	0		
HGNC:17451	CYSLTR1	Q9Y271	ENSG00000173198	10800	membrane	Q9Y271	protein	chemical	LeukotrieneD4		1654	HMRbase;uniprot;reactome	Ligand-Receptor	0	chemical_identity_not_mapped	0	0	0	0	0		
HGNC:18274	CYSLTR2	Q9NS75	ENSG00000152207	57105	membrane	Q9NS75	protein	chemical	LeukotrieneD4		1655	HMRbase;uniprot;reactome	Ligand-Receptor	0	chemical_identity_not_mapped	0	0	0	0	0		
HGNC:4471	GPR17	Q13304	ENSG00000144230	2840	membrane	Q13304	protein	chemical	LeukotrieneD4		1656	uniprot;reactome	Ligand-Receptor	0	chemical_identity_not_mapped	0	0	0	0	0		
HGNC:4471	GPR17	Q13304	ENSG00000144230	2840	membrane	Q13304	protein	chemical	LeukotrieneB4		1657	uniprot;reactome	Ligand-Receptor	0	chemical_identity_not_mapped	0	0	0	0	0		
HGNC:6713	LTB4R	Q15722	ENSG00000213903	1241	membrane	Q15722	protein	chemical	LeukotrieneB4		1658	HMRbase;uniprot;reactome	Ligand-Receptor	0	chemical_identity_not_mapped	0	0	0	0	0		
HGNC:19260	LTB4R2	Q9NPC1	ENSG00000213906	56413	membrane	Q9NPC1	protein	chemical	LeukotrieneB4		1659	HMRbase;uniprot;reactome	Ligand-Receptor	0	chemical_identity_not_mapped	0	0	0	0	0		
HGNC:6711	LTB	Q06643	ENSG00000227507	4050	membrane_inferred	Q06643	protein	protein	P36941	P36941	1660	uniprot	Ligand-Receptor	1	single_protein_pair	1	1	0	1	0	4mxw	
HGNC:6718	LTBR	P36941	ENSG00000111321	4055	membrane_inferred	P36941	protein	protein	Q06643	Q06643	1660	uniprot	Ligand-Receptor	1	single_protein_pair	1	1	0	1	0	4mxw	
HGNC:17451	CYSLTR1	Q9Y271	ENSG00000173198	10800	membrane	Q9Y271	protein	chemical	LTC4		1661	uniprot;reactome;IUPHAR	Ligand-Receptor	0	chemical_identity_not_mapped	0	0	0	0	0		
HGNC:18274	CYSLTR2	Q9NS75	ENSG00000152207	57105	membrane	Q9NS75	protein	chemical	LTC4		1662	uniprot;reactome;IUPHAR	Ligand-Receptor	0	chemical_identity_not_mapped	0	0	0	0	0		
HGNC:6713	LTB4R	Q15722	ENSG00000213903	1241	membrane	Q15722	protein	chemical	12oxoLeukotrieneB4		1663	HMRbase;uniprot;reactome	Ligand-Receptor	0	chemical_identity_not_mapped	0	0	0	0	0		
HGNC:19260	LTB4R2	Q9NPC1	ENSG00000213906	56413	membrane	Q9NPC1	protein	chemical	12oxoLeukotrieneB4		1664	HMRbase;uniprot;reactome	Ligand-Receptor	0	chemical_identity_not_mapped	0	0	0	0	0		
HGNC:17451	CYSLTR1	Q9Y271	ENSG00000173198	10800	membrane	Q9Y271	protein	chemical	LipoxinA4		1665;1668	HMRbase	Ligand-Receptor	0	chemical_identity_not_mapped	0	0	0	0	0		
HGNC:3827	FPR2	P25090	ENSG00000171049	2358	membrane	P25090	protein	chemical	LipoxinA4		1666;1670	HMRbase;uniprot	Ligand-Receptor	0	chemical_identity_not_mapped	0	0	0	0	0		
HGNC:17451	CYSLTR1	Q9Y271	ENSG00000173198	10800	membrane	Q9Y271	protein	chemical	LeukotrieneC4		1667	HMRbase;uniprot;reactome	Ligand-Receptor	0	chemical_identity_not_mapped	0	0	0	0	0		
HGNC:18274	CYSLTR2	Q9NS75	ENSG00000152207	57105	membrane	Q9NS75	protein	chemical	LeukotrieneC4		1669	HMRbase;uniprot;reactome	Ligand-Receptor	0	chemical_identity_not_mapped	0	0	0	0	0		
HGNC:4471	GPR17	Q13304	ENSG00000144230	2840	membrane	Q13304	protein	chemical	LeukotrieneC4		1671	uniprot;reactome	Ligand-Receptor	0	chemical_identity_not_mapped	0	0	0	0	0		
HGNC:24884	OXER1	Q8TDS5	ENSG00000162881	165140	membrane_inferred	Q8TDS5	protein	chemical	5SHpETE		1672	HMRbase;uniprot	Ligand-Receptor	0	chemical_identity_not_mapped	0	0	0	0	0		
HGNC:1625	XCR1	P46094	ENSG00000173578	2829	membrane	P46094	protein	protein	P47992	P47992	1673	PMID:24218476	Ligand-Receptor	1	single_protein_pair	1	0	0	0	0		
HGNC:1625	XCR1	P46094	ENSG00000173578	2829	membrane	P46094	protein	protein	Q9UBD3	Q9UBD3	1674	uniprot	Ligand-Receptor	1	single_protein_pair	0	0	0	0	0		
HGNC:3166	LPAR1	Q92633	ENSG00000198121	1902	membrane	Q92633	protein	protein	P48960	P48960	1675	uniprot;reactome;IUPHAR	Receptor-Receptor	1	single_protein_pair	0	0	0	0	0		
HGNC:1711	ADGRE5	P48960	ENSG00000123146	976	membrane_and_secreted	P48960	protein	protein	Q92633	Q92633	1675	uniprot;reactome;IUPHAR	Receptor-Receptor	1	single_protein_pair	0	0	0	0	0		
HGNC:3168	LPAR2	Q9HBW0	ENSG00000064547	9170	membrane	Q9HBW0	protein	protein	P48960	P48960	1676	uniprot;reactome;IUPHAR	Receptor-Receptor	1	single_protein_pair	0	0	0	0	0		
HGNC:1711	ADGRE5	P48960	ENSG00000123146	976	membrane_and_secreted	P48960	protein	protein	Q9HBW0	Q9HBW0	1676	uniprot;reactome;IUPHAR	Receptor-Receptor	1	single_protein_pair	0	0	0	0	0		
HGNC:14298	LPAR3	Q9UBY5	ENSG00000171517	23566	membrane	Q9UBY5	protein	protein	P48960	P48960	1677	uniprot;reactome;IUPHAR	Receptor-Receptor	1	single_protein_pair	0	0	0	0	0		
HGNC:1711	ADGRE5	P48960	ENSG00000123146	976	membrane_and_secreted	P48960	protein	protein	Q9UBY5	Q9UBY5	1677	uniprot;reactome;IUPHAR	Receptor-Receptor	1	single_protein_pair	0	0	0	0	0		
HGNC:7463	MTNR1A	P48039	ENSG00000168412	4543	membrane	P48039	protein	chemical	Melatonin		1678	uniprot;reactome	Ligand-Receptor	0	chemical_identity_not_mapped	0	0	0	0	0		
HGNC:7464	MTNR1B	P49286	ENSG00000134640	4544	membrane	P49286	protein	chemical	Melatonin		1679	uniprot;reactome	Ligand-Receptor	0	chemical_identity_not_mapped	0	0	0	0	0		
HGNC:427	ALK	Q9UM73	ENSG00000171094	238	membrane	Q9UM73	protein	protein	P21741	P21741	1680	uniprot	Ligand-Receptor	1	single_protein_pair	0	0	0	0	0		
HGNC:171	ACVR1	Q04771	ENSG00000115170	90	membrane_inferred	MIS_receptor_3	complex	protein	P03971	P03971	1682	PMID:22710174	Ligand-Receptor	0	complex_component_support_only	0	0	0	0	0		
HGNC:465	AMHR2	Q16671	ENSG00000135409	269	membrane_inferred	MIS_receptor_3	complex	protein	P03971	P03971	1682	PMID:22710174	Ligand-Receptor	0	complex_component_support_only	0	0	0	0	1	7l0j	
HGNC:1076	BMPR1A	P36894	ENSG00000107779	657	membrane	MIS_receptor_1	complex	protein	P03971	P03971	1683	PMID:22710174	Ligand-Receptor	0	complex_component_support_only	0	0	0	0	0		
HGNC:465	AMHR2	Q16671	ENSG00000135409	269	membrane_inferred	MIS_receptor_1	complex	protein	P03971	P03971	1683	PMID:22710174	Ligand-Receptor	0	complex_component_support_only	0	0	0	0	1	7l0j	
HGNC:1077	BMPR1B	O00238	ENSG00000138696	658	membrane	MIS_receptor_2	complex	protein	P03971	P03971	1684	PMID:22710174	Ligand-Receptor	0	complex_component_support_only	0	0	0	0	0		
HGNC:465	AMHR2	Q16671	ENSG00000135409	269	membrane_inferred	MIS_receptor_2	complex	protein	P03971	P03971	1684	PMID:22710174	Ligand-Receptor	0	complex_component_support_only	0	0	0	0	1	7l0j	
HGNC:9707	NECTIN2	Q92692	ENSG00000130202	5819	membrane	Q92692	protein	protein	Q495A1	Q495A1	1685	PMID:1313846;Induces_NK_Cell_Inhibition._Reviewed_in_PMID:24987108	Ligand-Receptor	1	single_protein_pair	1	1	1	1	0	5v52	pubmed:27978489|imex:IM-26176;pubmed:28515320|imex:IM-26177
HGNC:26838	TIGIT	Q495A1	ENSG00000181847	201633	membrane	Q495A1	protein	protein	Q92692	Q92692	1685	PMID:1313846;Induces_NK_Cell_Inhibition._Reviewed_in_PMID:24987108	Ligand-Receptor	1	single_protein_pair	1	1	1	1	0	5v52	pubmed:27978489|imex:IM-26176;pubmed:28515320|imex:IM-26177
HGNC:17664	NECTIN3	Q9NQS3	ENSG00000177707	25945	membrane	Q9NQS3	protein	protein	P15151	P15151	1686	PMID:19011627;PMID:12740392	Ligand-Receptor	1	single_protein_pair	0	0	1	1	0		pubmed:22902367|imex:IM-18564;pubmed:32822567|imex:IM-30326
HGNC:9705	PVR	P15151	ENSG00000073008	5817	membrane_and_secreted	P15151	protein	protein	Q9NQS3	Q9NQS3	1686	PMID:19011627;PMID:12740392	Ligand-Receptor	1	single_protein_pair	0	0	1	1	0		pubmed:32822567|imex:IM-30326
HGNC:17664	NECTIN3	Q9NQS3	ENSG00000177707	25945	membrane	Q9NQS3	protein	protein	Q495A1	Q495A1	1687	PMID:1313846	Ligand-Receptor	1	single_protein_pair	0	0	0	0	0		
HGNC:26838	TIGIT	Q495A1	ENSG00000181847	201633	membrane	Q495A1	protein	protein	Q9NQS3	Q9NQS3	1687	PMID:1313846	Ligand-Receptor	1	single_protein_pair	0	0	0	0	0		
HGNC:2701	DCC	P43146	ENSG00000187323	1630	membrane_inferred	P43146	protein	protein	O95631	O95631	1688	uniprot	Ligand-Receptor	1	single_protein_pair	1	1	1	1	0	4urt	pubmed:19721007|imex:IM-15252
HGNC:3039	DSCAM	O60469	ENSG00000171587	1826	membrane_and_secreted	O60469	protein	protein	O95631	O95631	1689	uniprot	Ligand-Receptor	1	single_protein_pair	0	0	0	0	0		
HGNC:12567	UNC5A	Q6ZN44	ENSG00000113763	90249	membrane	Q6ZN44	protein	protein	O95631	O95631	1690	uniprot	Ligand-Receptor	1	single_protein_pair	0	0	0	0	0		
HGNC:12568	UNC5B	Q8IZJ1	ENSG00000107731	219699	membrane	Q8IZJ1	protein	protein	O95631	O95631	1691	uniprot	Ligand-Receptor	1	single_protein_pair	0	0	0	0	0		
HGNC:12569	UNC5C	O95185	ENSG00000182168	8633	membrane	O95185	protein	protein	O95631	O95631	1692	uniprot	Ligand-Receptor	1	single_protein_pair	0	0	0	0	0		
HGNC:13658	NTN4	Q9HB63	ENSG00000074527	59277	secreted_only	Q9HB63	protein	protein	Q16620	Q16620	1693	uniprot	Ligand-Receptor	1	single_protein_pair	0	0	0	0	0		
HGNC:8032	NTRK2	Q16620	ENSG00000148053	4915	membrane	Q16620	protein	protein	Q9HB63	Q9HB63	1693	uniprot	Ligand-Receptor	1	single_protein_pair	0	0	0	0	0		
HGNC:13658	NTN4	Q9HB63	ENSG00000074527	59277	secreted_only	Q9HB63	protein	protein	Q8IZJ1	Q8IZJ1	1694	uniprot	Ligand-Receptor	1	single_protein_pair	0	0	0	0	0		
HGNC:12568	UNC5B	Q8IZJ1	ENSG00000107731	219699	membrane	Q8IZJ1	protein	protein	Q9HB63	Q9HB63	1694	uniprot	Ligand-Receptor	1	single_protein_pair	0	0	0	0	0		
HGNC:13658	NTN4	Q9HB63	ENSG00000074527	59277	secreted_only	Q9HB63	protein	protein	Q6UXZ4	Q6UXZ4	1695	uniprot	Ligand-Receptor	1	single_protein_pair	0	0	0	0	0		
HGNC:18634	UNC5D	Q6UXZ4	ENSG00000156687	137970	membrane	Q6UXZ4	protein	protein	Q9HB63	Q9HB63	1695	uniprot	Ligand-Receptor	1	single_protein_pair	0	0	0	0	0		
HGNC:7997	NRG1	Q02297	ENSG00000157168	3084	membrane_and_secreted	Q02297	protein	protein	P21860	P21860	1696	uniprot	Ligand-Receptor	1	single_protein_pair	1	1	0	1	0	7mn5;7mn6;7mn8	
HGNC:3431	ERBB3	P21860	ENSG00000065361	2065	membrane_and_secreted	P21860	protein	protein	Q02297	Q02297	1696	uniprot	Ligand-Receptor	1	single_protein_pair	1	1	0	1	0	7mn5;7mn6;7mn8	
HGNC:7997	NRG1	Q02297	ENSG00000157168	3084	membrane_and_secreted	Q02297	protein	protein	Q15303	Q15303	1697	uniprot	Ligand-Receptor	1	single_protein_pair	1	1	1	1	0	3u7u;8u4i;8u4l	pubmed:32822567|imex:IM-30326
HGNC:3432	ERBB4	Q15303	ENSG00000178568	2066	membrane	Q15303	protein	protein	Q02297	Q02297	1697	uniprot	Ligand-Receptor	1	single_protein_pair	1	1	0	1	0	3u7u;8u4i;8u4l	
HGNC:7997	NRG1	Q02297	ENSG00000157168	3084	membrane_and_secreted	Q02297	protein	complex	integrin_a6b4_complex	P16144;P23229	1698	uniprot	Ligand-Receptor	0	complex_component_support_only	0	0	0	0	0		
HGNC:6158	ITGB4	P16144	ENSG00000132470	3691	membrane	integrin_a6b4_complex	complex	protein	Q02297	Q02297	1698	uniprot	Ligand-Receptor	0	complex_component_support_only	0	0	0	0	0		
HGNC:6142	ITGA6	P23229	ENSG00000091409	3655	membrane	integrin_a6b4_complex	complex	protein	Q02297	Q02297	1698	uniprot	Ligand-Receptor	0	complex_component_support_only	0	0	0	0	0		
HGNC:7998	NRG2	O14511	ENSG00000158458	9542	membrane_and_secreted	O14511	protein	protein	P21860	P21860	1699	uniprot	Ligand-Receptor	1	single_protein_pair	0	0	0	0	0		
HGNC:3431	ERBB3	P21860	ENSG00000065361	2065	membrane_and_secreted	P21860	protein	protein	O14511	O14511	1699	uniprot	Ligand-Receptor	1	single_protein_pair	0	0	0	0	0		
HGNC:7998	NRG2	O14511	ENSG00000158458	9542	membrane_and_secreted	O14511	protein	protein	Q15303	Q15303	1700	uniprot	Ligand-Receptor	1	single_protein_pair	0	0	0	0	0		
HGNC:3432	ERBB4	Q15303	ENSG00000178568	2066	membrane	Q15303	protein	protein	O14511	O14511	1700	uniprot	Ligand-Receptor	1	single_protein_pair	0	0	0	0	0		
HGNC:7999	NRG3	P56975	ENSG00000185737	10718	membrane_and_secreted	P56975	protein	protein	Q15303	Q15303	1701	uniprot	Ligand-Receptor	1	single_protein_pair	0	0	0	0	0		
HGNC:3432	ERBB4	Q15303	ENSG00000178568	2066	membrane	Q15303	protein	protein	P56975	P56975	1701	uniprot	Ligand-Receptor	1	single_protein_pair	0	0	0	0	0		
HGNC:29862	NRG4	Q8WWG1	ENSG00000169752	145957	membrane_and_secreted	Q8WWG1	protein	protein	Q15303	Q15303	1702	uniprot	Ligand-Receptor	1	single_protein_pair	0	0	0	0	0		
HGNC:3432	ERBB4	Q15303	ENSG00000178568	2066	membrane	Q15303	protein	protein	Q8WWG1	Q8WWG1	1702	uniprot	Ligand-Receptor	1	single_protein_pair	0	0	0	0	0		
HGNC:20973	ADGRL1	O94910	ENSG00000072071	22859	membrane	O94910	protein	protein	Q9ULB1	Q9ULB1	1703	uniprot;reactome;IUPHAR	Receptor-Receptor	1	single_protein_pair	0	0	0	0	0		
HGNC:2666	DAG1	Q14118	ENSG00000173402	1605	membrane_and_secreted	Q14118	protein	protein	Q9ULB1	Q9ULB1	1704	PMID:29100073	Receptor-Receptor	1	single_protein_pair	0	0	0	0	0		
HGNC:8009	NRXN2	P58401	ENSG00000110076	9379	membrane	P58401	protein	protein	O94910	O94910	1705	uniprot;reactome;IUPHAR	Receptor-Receptor	1	single_protein_pair	0	0	0	0	0		
HGNC:20973	ADGRL1	O94910	ENSG00000072071	22859	membrane	O94910	protein	protein	P58401	P58401	1705	uniprot;reactome;IUPHAR	Receptor-Receptor	1	single_protein_pair	0	0	0	0	0		
HGNC:8009	NRXN2	P58401	ENSG00000110076	9379	membrane	P58401	protein	protein	Q14118	Q14118	1706	PMID:29100073	Receptor-Receptor	1	single_protein_pair	0	0	0	0	0		
HGNC:2666	DAG1	Q14118	ENSG00000173402	1605	membrane_and_secreted	Q14118	protein	protein	P58401	P58401	1706	PMID:29100073	Receptor-Receptor	1	single_protein_pair	0	0	0	0	0		
HGNC:8010	NRXN3	Q9HDB5	ENSG00000021645	9369	membrane	Q9HDB5	protein	protein	O94910	O94910	1707	uniprot;reactome;IUPHAR	Receptor-Receptor	1	single_protein_pair	0	0	0	0	0		
HGNC:20973	ADGRL1	O94910	ENSG00000072071	22859	membrane	O94910	protein	protein	Q9HDB5	Q9HDB5	1707	uniprot;reactome;IUPHAR	Receptor-Receptor	1	single_protein_pair	0	0	0	0	0		
HGNC:14291	NLGN1	Q8N2Q7	ENSG00000169760	22871	membrane	Q8N2Q7	protein	protein	Q9ULB1	Q9ULB1	1708	PMID:29100073	Ligand-Receptor	1	single_protein_pair	0	0	0	0	0		
HGNC:14291	NLGN1	Q8N2Q7	ENSG00000169760	22871	membrane	Q8N2Q7	protein	protein	P58401	P58401	1709	PMID:29100073	Ligand-Receptor	1	single_protein_pair	0	0	0	0	0		
HGNC:8009	NRXN2	P58401	ENSG00000110076	9379	membrane	P58401	protein	protein	Q8N2Q7	Q8N2Q7	1709	PMID:29100073	Ligand-Receptor	1	single_protein_pair	0	0	0	0	0		
HGNC:14291	NLGN1	Q8N2Q7	ENSG00000169760	22871	membrane	Q8N2Q7	protein	protein	Q9HDB5	Q9HDB5	1710	PMID:29100073	Ligand-Receptor	1	single_protein_pair	0	0	0	0	0		
HGNC:8010	NRXN3	Q9HDB5	ENSG00000021645	9369	membrane	Q9HDB5	protein	protein	Q8N2Q7	Q8N2Q7	1710	PMID:29100073	Ligand-Receptor	1	single_protein_pair	0	0	0	0	0		
HGNC:14290	NLGN2	Q8NFZ4	ENSG00000169992	57555	membrane	Q8NFZ4	protein	protein	Q9ULB1	Q9ULB1	1711	PMID:29100073	Ligand-Receptor	1	single_protein_pair	0	0	0	0	0		
HGNC:14290	NLGN2	Q8NFZ4	ENSG00000169992	57555	membrane	Q8NFZ4	protein	protein	P58401	P58401	1712	PMID:29100073	Ligand-Receptor	1	single_protein_pair	0	0	0	0	0		
HGNC:8009	NRXN2	P58401	ENSG00000110076	9379	membrane	P58401	protein	protein	Q8NFZ4	Q8NFZ4	1712	PMID:29100073	Ligand-Receptor	1	single_protein_pair	0	0	0	0	0		
HGNC:14290	NLGN2	Q8NFZ4	ENSG00000169992	57555	membrane	Q8NFZ4	protein	protein	Q9HDB5	Q9HDB5	1713	PMID:29100073	Ligand-Receptor	1	single_protein_pair	0	0	0	0	0		
HGNC:8010	NRXN3	Q9HDB5	ENSG00000021645	9369	membrane	Q9HDB5	protein	protein	Q8NFZ4	Q8NFZ4	1713	PMID:29100073	Ligand-Receptor	1	single_protein_pair	0	0	0	0	0		
HGNC:14289	NLGN3	Q9NZ94	ENSG00000196338	54413	membrane	Q9NZ94	protein	protein	Q9ULB1	Q9ULB1	1714	PMID:29100073	Ligand-Receptor	1	single_protein_pair	0	0	0	0	0		
HGNC:14289	NLGN3	Q9NZ94	ENSG00000196338	54413	membrane	Q9NZ94	protein	protein	P58401	P58401	1715	PMID:29100073	Ligand-Receptor	1	single_protein_pair	0	0	0	0	0		
HGNC:8009	NRXN2	P58401	ENSG00000110076	9379	membrane	P58401	protein	protein	Q9NZ94	Q9NZ94	1715	PMID:29100073	Ligand-Receptor	1	single_protein_pair	0	0	0	0	0		
HGNC:14289	NLGN3	Q9NZ94	ENSG00000196338	54413	membrane	Q9NZ94	protein	protein	Q9HDB5	Q9HDB5	1716	PMID:29100073	Ligand-Receptor	1	single_protein_pair	0	0	0	0	0		
HGNC:8010	NRXN3	Q9HDB5	ENSG00000021645	9369	membrane	Q9HDB5	protein	protein	Q9NZ94	Q9NZ94	1716	PMID:29100073	Ligand-Receptor	1	single_protein_pair	0	0	0	0	0		
HGNC:14289	NLGN3	Q9NZ94	ENSG00000196338	54413	membrane	Q9NZ94	protein	protein	P23468	P23468	1717	PMID:29100073;PMID:34966732	Ligand-Receptor	1	single_protein_pair	0	0	0	0	0		
HGNC:9668	PTPRD	P23468	ENSG00000153707	5789	membrane_inferred	P23468	protein	protein	Q9NZ94	Q9NZ94	1717	PMID:29100073;PMID:34966732	Ligand-Receptor	1	single_protein_pair	0	0	0	0	0		
HGNC:14287	NLGN4X	Q8N0W4	ENSG00000146938	57502	membrane	Q8N0W4	protein	protein	Q9ULB1	Q9ULB1	1718	PMID:29100073	Ligand-Receptor	1	single_protein_pair	0	0	0	0	0		
HGNC:14287	NLGN4X	Q8N0W4	ENSG00000146938	57502	membrane	Q8N0W4	protein	protein	P58401	P58401	1719	PMID:29100073	Ligand-Receptor	1	single_protein_pair	0	0	0	0	0		
HGNC:8009	NRXN2	P58401	ENSG00000110076	9379	membrane	P58401	protein	protein	Q8N0W4	Q8N0W4	1719	PMID:29100073	Ligand-Receptor	1	single_protein_pair	0	0	0	0	0		
HGNC:14287	NLGN4X	Q8N0W4	ENSG00000146938	57502	membrane	Q8N0W4	protein	protein	Q9HDB5	Q9HDB5	1720	PMID:29100073	Ligand-Receptor	1	single_protein_pair	0	0	0	0	0		
HGNC:8010	NRXN3	Q9HDB5	ENSG00000021645	9369	membrane	Q9HDB5	protein	protein	Q8N0W4	Q8N0W4	1720	PMID:29100073	Ligand-Receptor	1	single_protein_pair	0	0	0	0	0		
HGNC:15529	NLGN4Y	Q8NFZ3	ENSG00000165246	22829	membrane	Q8NFZ3	protein	protein	Q9ULB1	Q9ULB1	1721	PMID:29100073	Ligand-Receptor	1	single_protein_pair	0	0	0	0	0		
HGNC:15529	NLGN4Y	Q8NFZ3	ENSG00000165246	22829	membrane	Q8NFZ3	protein	protein	P58401	P58401	1722	PMID:29100073	Ligand-Receptor	1	single_protein_pair	0	0	0	0	0		
HGNC:8009	NRXN2	P58401	ENSG00000110076	9379	membrane	P58401	protein	protein	Q8NFZ3	Q8NFZ3	1722	PMID:29100073	Ligand-Receptor	1	single_protein_pair	0	0	0	0	0		
HGNC:4609	GRPR	P30550	ENSG00000126010	2925	membrane	P30550	protein	protein	P08949	P08949	1723	GPCRdb (https://gpcrdb.org/ligand/endogenousbrowser/)	Ligand-Receptor	1	single_protein_pair	0	0	0	0	0		
HGNC:7843	NMBR	P28336	ENSG00000135577	4829	membrane	P28336	protein	protein	P08949	P08949	1724	uniprot;HMRbase;reactome	Ligand-Receptor	1	single_protein_pair	1	0	0	0	0		
HGNC:4518	NMUR1	Q9HB89	ENSG00000171596	10316	membrane	Q9HB89	protein	protein	Q5H8A3	Q5H8A3	1725	GPCRdb (https://gpcrdb.org/ligand/endogenousbrowser/)	Ligand-Receptor	1	single_protein_pair	1	0	0	0	0		
HGNC:16454	NMUR2	Q9GZQ4	ENSG00000132911	56923	membrane	Q9GZQ4	protein	protein	Q5H8A3	Q5H8A3	1726	GPCRdb (https://gpcrdb.org/ligand/endogenousbrowser/)	Ligand-Receptor	1	single_protein_pair	1	0	0	0	0		
HGNC:4518	NMUR1	Q9HB89	ENSG00000171596	10316	membrane	Q9HB89	protein	protein	P48645	P48645	1727	uniprot	Ligand-Receptor	1	single_protein_pair	1	0	0	0	0		
HGNC:16454	NMUR2	Q9GZQ4	ENSG00000132911	56923	membrane	Q9GZQ4	protein	protein	P48645	P48645	1728	uniprot	Ligand-Receptor	1	single_protein_pair	1	0	0	0	0		
HGNC:4522	NPBWR1	P48145	ENSG00000288611	2831	membrane	P48145	protein	protein	Q8NG41	Q8NG41	1729	uniprot;reactome	Ligand-Receptor	1	single_protein_pair	0	0	0	0	0		
HGNC:4530	NPBWR2	P48146	ENSG00000125522	2832	membrane	P48146	protein	protein	Q8NG41	Q8NG41	1730	uniprot;reactome	Ligand-Receptor	1	single_protein_pair	0	0	0	0	0		
HGNC:17425	NPFFR1	Q9GZQ6	ENSG00000148734	64106	membrane	Q9GZQ6	protein	protein	O15130	O15130	1731	uniprot;reactome;IUPHAR	Ligand-Receptor	1	single_protein_pair	0	0	0	0	0		
HGNC:4525	NPFFR2	Q9Y5X5	ENSG00000056291	10886	membrane	Q9Y5X5	protein	protein	O15130	O15130	1732	uniprot;reactome;IUPHAR	Ligand-Receptor	1	single_protein_pair	1	0	0	0	0		
HGNC:7943	NPR1	P16066	ENSG00000169418	4881	membrane_inferred	P16066	protein	protein	P01160	P01160	1733	uniprot	Ligand-Receptor	1	single_protein_pair	1	1	0	1	0	8tg9;9bcq;9dzf;9dzh;9dzj	
HGNC:33940	NPS	P0C0P6	ENSG00000214285	594857	secreted_only	P0C0P6	protein	protein	Q6W5P4	Q6W5P4	1734	uniprot	Ligand-Receptor	1	single_protein_pair	0	0	0	0	0		
HGNC:23631	NPSR1	Q6W5P4	ENSG00000187258	387129	membrane	Q6W5P4	protein	protein	P0C0P6	P0C0P6	1734	uniprot	Ligand-Receptor	1	single_protein_pair	0	0	0	0	0		
HGNC:4522	NPBWR1	P48145	ENSG00000288611	2831	membrane	P48145	protein	protein	Q8N729	Q8N729	1735	uniprot;reactome	Ligand-Receptor	1	single_protein_pair	0	0	0	0	0		
HGNC:4530	NPBWR2	P48146	ENSG00000125522	2832	membrane	P48146	protein	protein	Q8N729	Q8N729	1736	uniprot;reactome	Ligand-Receptor	1	single_protein_pair	0	0	0	0	0		
HGNC:8039	NTSR1	P30989	ENSG00000101188	4923	membrane	P30989	protein	protein	P30990	P30990	1737	uniprot;reactome;IUPHAR	Ligand-Receptor	1	single_protein_pair	1	0	0	0	0		
HGNC:8040	NTSR2	O95665	ENSG00000169006	23620	membrane	O95665	protein	protein	P30990	P30990	1738	uniprot;reactome;IUPHAR	Ligand-Receptor	1	single_protein_pair	0	0	0	0	0		
HGNC:11186	SORT1	Q99523	ENSG00000134243	6272	membrane	Q99523	protein	protein	P30990	P30990	1739	uniprot	Ligand-Receptor	1	single_protein_pair	1	1	0	1	0	3f6k;4po7	
HGNC:4244	GFRA2	O00451	ENSG00000168546	2675	membrane	RET_receptor_2	complex	protein	Q99748	Q99748	1740	uniprot	Ligand-Receptor	0	complex_component_support_only	0	0	0	0	1	5mr4;5mr5;6gl7;6q2o;6q2r	
HGNC:9967	RET	P07949	ENSG00000165731	5979	membrane	RET_receptor_2	complex	protein	Q99748	Q99748	1740	uniprot	Ligand-Receptor	0	complex_component_support_only	0	0	0	0	1	6q2o;6q2r	
HGNC:7809	NGFR	P08138	ENSG00000064300	4804	membrane	P08138	protein	protein	P20783	P20783	1741	uniprot	Ligand-Receptor	1	single_protein_pair	0	0	0	0	0		
HGNC:8031	NTRK1	P04629	ENSG00000198400	4914	membrane	P04629	protein	protein	P20783	P20783	1742	uniprot	Ligand-Receptor	1	single_protein_pair	0	0	0	0	0		
HGNC:8032	NTRK2	Q16620	ENSG00000148053	4915	membrane	Q16620	protein	protein	P20783	P20783	1743	uniprot	Ligand-Receptor	1	single_protein_pair	0	0	0	0	0		
HGNC:8033	NTRK3	Q16288	ENSG00000140538	4916	membrane_inferred	Q16288	protein	protein	P20783	P20783	1744	uniprot	Ligand-Receptor	1	single_protein_pair	0	0	0	0	0		
HGNC:7809	NGFR	P08138	ENSG00000064300	4804	membrane	P08138	protein	protein	P34130	P34130	1745	uniprot	Ligand-Receptor	1	single_protein_pair	0	0	0	0	0		
HGNC:8032	NTRK2	Q16620	ENSG00000148053	4915	membrane	Q16620	protein	protein	P34130	P34130	1746	uniprot	Ligand-Receptor	1	single_protein_pair	1	1	0	1	0	1hcf	
HGNC:18292	CFC1	P0CG37	ENSG00000136698	55997	membrane_and_secreted	NODAL_receptor_IbIIa_CFC1	complex	protein	Q96S42	Q96S42	1747	reactome	Ligand-Receptor	0	complex_component_support_only	0	0	0	0	0		
HGNC:173	ACVR2A	P27037	ENSG00000121989	92	membrane	NODAL_receptor_IbIIa_CFC1	complex	protein	Q96S42	Q96S42	1747	reactome	Ligand-Receptor	0	complex_component_support_only	0	0	0	0	0		
HGNC:172	ACVR1B	P36896	ENSG00000135503	91	membrane	NODAL_receptor_IbIIa_CFC1	complex	protein	Q96S42	Q96S42	1747	reactome	Ligand-Receptor	0	complex_component_support_only	0	0	0	0	0		
HGNC:11701	CRIPTO	P13385	ENSG00000241186	6997	membrane_and_secreted	NODAL_receptor_IbIIa_TDGF1	complex	protein	Q96S42	Q96S42	1748	reactome	Ligand-Receptor	0	complex_component_support_only	0	0	0	0	0		
HGNC:173	ACVR2A	P27037	ENSG00000121989	92	membrane	NODAL_receptor_IbIIa_TDGF1	complex	protein	Q96S42	Q96S42	1748	reactome	Ligand-Receptor	0	complex_component_support_only	0	0	0	0	0		
HGNC:172	ACVR1B	P36896	ENSG00000135503	91	membrane	NODAL_receptor_IbIIa_TDGF1	complex	protein	Q96S42	Q96S42	1748	reactome	Ligand-Receptor	0	complex_component_support_only	0	0	0	0	0		
HGNC:18292	CFC1	P0CG37	ENSG00000136698	55997	membrane_and_secreted	NODAL_receptor_IbIIb_CFC1	complex	protein	Q96S42	Q96S42	1749	PMID:22710174	Ligand-Receptor	0	complex_component_support_only	0	0	0	0	0		
HGNC:172	ACVR1B	P36896	ENSG00000135503	91	membrane	NODAL_receptor_IbIIb_CFC1	complex	protein	Q96S42	Q96S42	1749	PMID:22710174	Ligand-Receptor	0	complex_component_support_only	0	0	0	0	0		
HGNC:174	ACVR2B	Q13705	ENSG00000114739	93	membrane	NODAL_receptor_IbIIb_CFC1	complex	protein	Q96S42	Q96S42	1749	PMID:22710174	Ligand-Receptor	0	complex_component_support_only	0	0	0	0	0		
HGNC:11701	CRIPTO	P13385	ENSG00000241186	6997	membrane_and_secreted	NODAL_receptor_IbIIb_TDGF1	complex	protein	Q96S42	Q96S42	1750	PMID:22710174	Ligand-Receptor	0	complex_component_support_only	0	0	0	0	0		
HGNC:172	ACVR1B	P36896	ENSG00000135503	91	membrane	NODAL_receptor_IbIIb_TDGF1	complex	protein	Q96S42	Q96S42	1750	PMID:22710174	Ligand-Receptor	0	complex_component_support_only	0	0	0	0	0		
HGNC:174	ACVR2B	Q13705	ENSG00000114739	93	membrane	NODAL_receptor_IbIIb_TDGF1	complex	protein	Q96S42	Q96S42	1750	PMID:22710174	Ligand-Receptor	0	complex_component_support_only	0	0	0	0	0		
HGNC:18292	CFC1	P0CG37	ENSG00000136698	55997	membrane_and_secreted	NODAL_receptor_IcIIb_CFC1	complex	protein	Q96S42	Q96S42	1751	reactome;PMID:15150278	Ligand-Receptor	0	complex_component_support_only	0	0	0	0	0		
HGNC:174	ACVR2B	Q13705	ENSG00000114739	93	membrane	NODAL_receptor_IcIIb_CFC1	complex	protein	Q96S42	Q96S42	1751	reactome;PMID:15150278	Ligand-Receptor	0	complex_component_support_only	0	0	0	0	0		
HGNC:18123	ACVR1C	Q8NER5	ENSG00000123612	130399	membrane_inferred	NODAL_receptor_IcIIb_CFC1	complex	protein	Q96S42	Q96S42	1751	reactome;PMID:15150278	Ligand-Receptor	0	complex_component_support_only	0	0	0	0	0		
HGNC:11701	CRIPTO	P13385	ENSG00000241186	6997	membrane_and_secreted	NODAL_receptor_IcIIb_TDGF1	complex	protein	Q96S42	Q96S42	1752	reactome;PMID:15150278	Ligand-Receptor	0	complex_component_support_only	0	0	0	0	0		
HGNC:174	ACVR2B	Q13705	ENSG00000114739	93	membrane	NODAL_receptor_IcIIb_TDGF1	complex	protein	Q96S42	Q96S42	1752	reactome;PMID:15150278	Ligand-Receptor	0	complex_component_support_only	0	0	0	0	0		
HGNC:18123	ACVR1C	Q8NER5	ENSG00000123612	130399	membrane_inferred	NODAL_receptor_IcIIb_TDGF1	complex	protein	Q96S42	Q96S42	1752	reactome;PMID:15150278	Ligand-Receptor	0	complex_component_support_only	0	0	0	0	0		
HGNC:277	ADRA1A	P35348	ENSG00000120907	148	membrane	P35348	protein	chemical	Noradrenaline		1753;1762;1771	uniprot;reactome;IUPHAR	Ligand-Receptor	0	chemical_identity_not_mapped	0	0	0	0	0		
HGNC:278	ADRA1B	P35368	ENSG00000170214	147	membrane	P35368	protein	chemical	Noradrenaline		1754;1763;1772	uniprot;reactome;IUPHAR	Ligand-Receptor	0	chemical_identity_not_mapped	0	0	0	0	0		
HGNC:280	ADRA1D	P25100	ENSG00000171873	146	membrane	P25100	protein	chemical	Noradrenaline		1755;1764;1773	uniprot;reactome;IUPHAR	Ligand-Receptor	0	chemical_identity_not_mapped	0	0	0	0	0		
HGNC:281	ADRA2A	P08913	ENSG00000150594	150	membrane	P08913	protein	chemical	Noradrenaline		1756;1765;1774	uniprot;reactome;IUPHAR	Ligand-Receptor	0	chemical_identity_not_mapped	0	0	0	0	0		
HGNC:282	ADRA2B	P18089	ENSG00000274286	151	membrane	P18089	protein	chemical	Noradrenaline		1757;1766;1775	uniprot;reactome;IUPHAR	Ligand-Receptor	0	chemical_identity_not_mapped	0	0	0	0	0		
HGNC:283	ADRA2C	P18825	ENSG00000184160	152	membrane	P18825	protein	chemical	Noradrenaline		1758;1767;1776	uniprot;reactome;IUPHAR	Ligand-Receptor	0	chemical_identity_not_mapped	0	0	0	0	0		
HGNC:285	ADRB1	P08588	ENSG00000043591	153	membrane	P08588	protein	chemical	Noradrenaline		1759;1768;1777	uniprot;reactome;IUPHAR	Ligand-Receptor	0	chemical_identity_not_mapped	0	0	0	0	0		
HGNC:286	ADRB2	P07550	ENSG00000169252	154	membrane	P07550	protein	chemical	Noradrenaline		1760;1769;1778	uniprot;reactome;IUPHAR	Ligand-Receptor	0	chemical_identity_not_mapped	0	0	0	0	0		
HGNC:288	ADRB3	P13945	ENSG00000188778	155	membrane	P13945	protein	chemical	Noradrenaline		1761;1770;1779	uniprot;reactome;IUPHAR	Ligand-Receptor	0	chemical_identity_not_mapped	0	0	0	0	0		
HGNC:2171	CNTN1	Q12860	ENSG00000018236	1272	membrane	Q12860	protein	protein	P46531	P46531	1780	uniprot;PMID:14567914	Ligand-Receptor	1	single_protein_pair	0	0	0	0	0		
HGNC:7881	NOTCH1	P46531	ENSG00000148400	4851	membrane	P46531	protein	protein	Q12860	Q12860	1780	uniprot;PMID:14567914	Ligand-Receptor	1	single_protein_pair	0	0	0	0	0		
HGNC:2171	CNTN1	Q12860	ENSG00000018236	1272	membrane	Q12860	protein	protein	Q04721	Q04721	1781	reactome;PMID:14567914	Ligand-Receptor	1	single_protein_pair	0	0	0	0	0		
HGNC:7882	NOTCH2	Q04721	ENSG00000134250	4853	membrane	Q04721	protein	protein	Q12860	Q12860	1781	reactome;PMID:14567914	Ligand-Receptor	1	single_protein_pair	0	0	0	0	0		
HGNC:2907	DLK1	P80370	ENSG00000185559	8788	membrane_inferred	P80370	protein	protein	P46531	P46531	1782	PMID:22353464	Ligand-Receptor	1	single_protein_pair	0	0	0	0	0		
HGNC:7881	NOTCH1	P46531	ENSG00000148400	4851	membrane	P46531	protein	protein	P80370	P80370	1782	PMID:22353464	Ligand-Receptor	1	single_protein_pair	0	0	0	0	0		
HGNC:2907	DLK1	P80370	ENSG00000185559	8788	membrane_inferred	P80370	protein	protein	Q04721	Q04721	1783	PMID:22353464	Ligand-Receptor	1	single_protein_pair	0	0	0	0	0		
HGNC:7882	NOTCH2	Q04721	ENSG00000134250	4853	membrane	Q04721	protein	protein	P80370	P80370	1783	PMID:22353464	Ligand-Receptor	1	single_protein_pair	0	0	0	0	0		
HGNC:2907	DLK1	P80370	ENSG00000185559	8788	membrane_inferred	P80370	protein	protein	Q9UM47	Q9UM47	1784	PMID:22353464	Ligand-Receptor	1	single_protein_pair	0	0	0	0	0		
HGNC:7883	NOTCH3	Q9UM47	ENSG00000074181	4854	membrane	Q9UM47	protein	protein	P80370	P80370	1784	PMID:22353464	Ligand-Receptor	1	single_protein_pair	0	0	0	0	0		
HGNC:2907	DLK1	P80370	ENSG00000185559	8788	membrane_inferred	P80370	protein	protein	Q99466	Q99466	1785	PMID:22353464	Ligand-Receptor	1	single_protein_pair	0	0	0	0	0		
HGNC:7884	NOTCH4	Q99466	ENSG00000204301	4855	membrane	Q99466	protein	protein	P80370	P80370	1785	PMID:22353464	Ligand-Receptor	1	single_protein_pair	0	0	0	0	0		
HGNC:2908	DLL1	O00548	ENSG00000198719	28514	membrane	O00548	protein	protein	P46531	P46531	1786	PMID:22353464	Ligand-Receptor	1	single_protein_pair	0	0	0	0	0		
HGNC:7881	NOTCH1	P46531	ENSG00000148400	4851	membrane	P46531	protein	protein	O00548	O00548	1786	PMID:22353464	Ligand-Receptor	1	single_protein_pair	0	0	0	0	0		
HGNC:2908	DLL1	O00548	ENSG00000198719	28514	membrane	O00548	protein	protein	Q04721	Q04721	1787	PMID:22353464	Ligand-Receptor	1	single_protein_pair	0	0	0	0	0		
HGNC:7882	NOTCH2	Q04721	ENSG00000134250	4853	membrane	Q04721	protein	protein	O00548	O00548	1787	PMID:22353464	Ligand-Receptor	1	single_protein_pair	0	0	0	0	0		
HGNC:2908	DLL1	O00548	ENSG00000198719	28514	membrane	O00548	protein	protein	Q9UM47	Q9UM47	1788	PMID:22353464	Ligand-Receptor	1	single_protein_pair	0	0	1	1	0		pubmed:32822567|imex:IM-30326
HGNC:7883	NOTCH3	Q9UM47	ENSG00000074181	4854	membrane	Q9UM47	protein	protein	O00548	O00548	1788	PMID:22353464	Ligand-Receptor	1	single_protein_pair	0	0	1	1	0		pubmed:32822567|imex:IM-30326
HGNC:2908	DLL1	O00548	ENSG00000198719	28514	membrane	O00548	protein	protein	Q99466	Q99466	1789	PMID:22353464	Ligand-Receptor	1	single_protein_pair	0	0	0	0	0		
HGNC:7884	NOTCH4	Q99466	ENSG00000204301	4855	membrane	Q99466	protein	protein	O00548	O00548	1789	PMID:22353464	Ligand-Receptor	1	single_protein_pair	0	0	0	0	0		
HGNC:2909	DLL3	Q9NYJ7	ENSG00000090932	10683	membrane_inferred	Q9NYJ7	protein	protein	P46531	P46531	1790	PMID:22353464	Ligand-Receptor	1	single_protein_pair	0	0	0	0	0		
HGNC:7881	NOTCH1	P46531	ENSG00000148400	4851	membrane	P46531	protein	protein	Q9NYJ7	Q9NYJ7	1790	PMID:22353464	Ligand-Receptor	1	single_protein_pair	0	0	0	0	0		
HGNC:2909	DLL3	Q9NYJ7	ENSG00000090932	10683	membrane_inferred	Q9NYJ7	protein	protein	Q04721	Q04721	1791	PMID:22353464	Ligand-Receptor	1	single_protein_pair	0	0	0	0	0		
HGNC:7882	NOTCH2	Q04721	ENSG00000134250	4853	membrane	Q04721	protein	protein	Q9NYJ7	Q9NYJ7	1791	PMID:22353464	Ligand-Receptor	1	single_protein_pair	0	0	0	0	0		
HGNC:2909	DLL3	Q9NYJ7	ENSG00000090932	10683	membrane_inferred	Q9NYJ7	protein	protein	Q9UM47	Q9UM47	1792	PMID:22353464	Ligand-Receptor	1	single_protein_pair	0	0	0	0	0		
HGNC:7883	NOTCH3	Q9UM47	ENSG00000074181	4854	membrane	Q9UM47	protein	protein	Q9NYJ7	Q9NYJ7	1792	PMID:22353464	Ligand-Receptor	1	single_protein_pair	0	0	0	0	0		
HGNC:2909	DLL3	Q9NYJ7	ENSG00000090932	10683	membrane_inferred	Q9NYJ7	protein	protein	Q99466	Q99466	1793	PMID:22353464	Ligand-Receptor	1	single_protein_pair	0	0	0	0	0		
HGNC:7884	NOTCH4	Q99466	ENSG00000204301	4855	membrane	Q99466	protein	protein	Q9NYJ7	Q9NYJ7	1793	PMID:22353464	Ligand-Receptor	1	single_protein_pair	0	0	0	0	0		
HGNC:2910	DLL4	Q9NR61	ENSG00000128917	54567	membrane	Q9NR61	protein	protein	P46531	P46531	1794	PMID:22353464	Ligand-Receptor	1	single_protein_pair	0	0	1	1	0		pubmed:32822567|imex:IM-30326
HGNC:7881	NOTCH1	P46531	ENSG00000148400	4851	membrane	P46531	protein	protein	Q9NR61	Q9NR61	1794	PMID:22353464	Ligand-Receptor	1	single_protein_pair	0	0	1	1	0		pubmed:32822567|imex:IM-30326
HGNC:2910	DLL4	Q9NR61	ENSG00000128917	54567	membrane	Q9NR61	protein	protein	Q04721	Q04721	1795	PMID:22353464	Ligand-Receptor	1	single_protein_pair	0	0	0	0	0		
HGNC:7882	NOTCH2	Q04721	ENSG00000134250	4853	membrane	Q04721	protein	protein	Q9NR61	Q9NR61	1795	PMID:22353464	Ligand-Receptor	1	single_protein_pair	0	0	0	0	0		
HGNC:2910	DLL4	Q9NR61	ENSG00000128917	54567	membrane	Q9NR61	protein	protein	Q9UM47	Q9UM47	1796	PMID:22353464	Ligand-Receptor	1	single_protein_pair	0	0	0	0	0		
HGNC:7883	NOTCH3	Q9UM47	ENSG00000074181	4854	membrane	Q9UM47	protein	protein	Q9NR61	Q9NR61	1796	PMID:22353464	Ligand-Receptor	1	single_protein_pair	0	0	0	0	0		
HGNC:2910	DLL4	Q9NR61	ENSG00000128917	54567	membrane	Q9NR61	protein	protein	Q99466	Q99466	1797	PMID:22353464	Ligand-Receptor	1	single_protein_pair	0	0	0	0	0		
HGNC:7884	NOTCH4	Q99466	ENSG00000204301	4855	membrane	Q99466	protein	protein	Q9NR61	Q9NR61	1797	PMID:22353464	Ligand-Receptor	1	single_protein_pair	0	0	0	0	0		
HGNC:6188	JAG1	P78504	ENSG00000101384	182	membrane	P78504	protein	protein	P46531	P46531	1798	PMID:22353464	Ligand-Receptor	1	single_protein_pair	0	0	1	1	0		pubmed:18660822|imex:IM-9627
HGNC:7881	NOTCH1	P46531	ENSG00000148400	4851	membrane	P46531	protein	protein	P78504	P78504	1798	PMID:22353464	Ligand-Receptor	1	single_protein_pair	0	0	1	1	0		pubmed:18660822|imex:IM-9627;pubmed:23086448|imex:IM-20995
HGNC:6188	JAG1	P78504	ENSG00000101384	182	membrane	P78504	protein	protein	Q04721	Q04721	1799	PMID:22353464	Ligand-Receptor	1	single_protein_pair	0	0	0	0	0		
HGNC:7882	NOTCH2	Q04721	ENSG00000134250	4853	membrane	Q04721	protein	protein	P78504	P78504	1799	PMID:22353464	Ligand-Receptor	1	single_protein_pair	0	0	0	0	0		
HGNC:6188	JAG1	P78504	ENSG00000101384	182	membrane	P78504	protein	protein	Q9UM47	Q9UM47	1800	PMID:22353464	Ligand-Receptor	1	single_protein_pair	0	0	0	0	0		
HGNC:7883	NOTCH3	Q9UM47	ENSG00000074181	4854	membrane	Q9UM47	protein	protein	P78504	P78504	1800	PMID:22353464	Ligand-Receptor	1	single_protein_pair	0	0	0	0	0		
HGNC:6188	JAG1	P78504	ENSG00000101384	182	membrane	P78504	protein	protein	Q99466	Q99466	1801	PMID:22353464	Ligand-Receptor	1	single_protein_pair	0	0	0	0	0		
HGNC:7884	NOTCH4	Q99466	ENSG00000204301	4855	membrane	Q99466	protein	protein	P78504	P78504	1801	PMID:22353464	Ligand-Receptor	1	single_protein_pair	0	0	0	0	0		
HGNC:6189	JAG2	Q9Y219	ENSG00000184916	3714	membrane_inferred	Q9Y219	protein	protein	P46531	P46531	1802	PMID:22353464	Ligand-Receptor	1	single_protein_pair	0	0	0	0	0		
HGNC:7881	NOTCH1	P46531	ENSG00000148400	4851	membrane	P46531	protein	protein	Q9Y219	Q9Y219	1802	PMID:22353464	Ligand-Receptor	1	single_protein_pair	0	0	0	0	0		
HGNC:6189	JAG2	Q9Y219	ENSG00000184916	3714	membrane_inferred	Q9Y219	protein	protein	Q04721	Q04721	1803	PMID:22353464	Ligand-Receptor	1	single_protein_pair	0	0	0	0	0		
HGNC:7882	NOTCH2	Q04721	ENSG00000134250	4853	membrane	Q04721	protein	protein	Q9Y219	Q9Y219	1803	PMID:22353464	Ligand-Receptor	1	single_protein_pair	0	0	0	0	0		
HGNC:6189	JAG2	Q9Y219	ENSG00000184916	3714	membrane_inferred	Q9Y219	protein	protein	Q9UM47	Q9UM47	1804	PMID:22353464	Ligand-Receptor	1	single_protein_pair	0	0	0	0	0		
HGNC:7883	NOTCH3	Q9UM47	ENSG00000074181	4854	membrane	Q9UM47	protein	protein	Q9Y219	Q9Y219	1804	PMID:22353464	Ligand-Receptor	1	single_protein_pair	0	0	0	0	0		
HGNC:6189	JAG2	Q9Y219	ENSG00000184916	3714	membrane_inferred	Q9Y219	protein	protein	Q99466	Q99466	1805	PMID:22353464	Ligand-Receptor	1	single_protein_pair	0	0	0	0	0		
HGNC:7884	NOTCH4	Q99466	ENSG00000204301	4855	membrane	Q99466	protein	protein	Q9Y219	Q9Y219	1805	PMID:22353464	Ligand-Receptor	1	single_protein_pair	0	0	0	0	0		
HGNC:6021	IL6ST	P40189	ENSG00000134352	3572	membrane_and_secreted	LIFR	complex	protein	P13725	P13725	1806	uniprot	Ligand-Receptor	0	complex_component_support_only	0	0	0	0	1	8v29;8v2a	
HGNC:6597	LIFR	P42702	ENSG00000113594	3977	membrane_and_secreted	LIFR	complex	protein	P13725	P13725	1806	uniprot	Ligand-Receptor	0	complex_component_support_only	0	0	0	0	1	8v29;8v2a	
HGNC:6021	IL6ST	P40189	ENSG00000134352	3572	membrane_and_secreted	OSMR	complex	protein	P13725	P13725	1807	uniprot	Ligand-Receptor	0	complex_component_support_only	0	0	0	0	1	8v29;8v2a	
HGNC:8507	OSMR	Q99650	ENSG00000145623	9180	membrane_inferred	OSMR	complex	protein	P13725	P13725	1807	uniprot	Ligand-Receptor	0	complex_component_support_only	0	0	0	0	0		
HGNC:8153	OPRD1	P41143	ENSG00000116329	4985	membrane	P41143	protein	protein	P01213	P01213	1808	reactome	Ligand-Receptor	1	single_protein_pair	0	0	0	0	0		
HGNC:8154	OPRK1	P41145	ENSG00000082556	4986	membrane	P41145	protein	protein	P01213	P01213	1809	reactome	Ligand-Receptor	1	single_protein_pair	1	0	0	0	0		
HGNC:8156	OPRM1	P35372	ENSG00000112038	4988	membrane	P35372	protein	protein	P01213	P01213	1810	uniprot;reactome	Ligand-Receptor	1	single_protein_pair	0	0	0	0	0		
HGNC:8153	OPRD1	P41143	ENSG00000116329	4985	membrane	P41143	protein	protein	P01210	P01210	1811	reactome	Ligand-Receptor	1	single_protein_pair	0	0	0	0	0		
HGNC:8154	OPRK1	P41145	ENSG00000082556	4986	membrane	P41145	protein	protein	P01210	P01210	1812	reactome	Ligand-Receptor	1	single_protein_pair	0	0	0	0	0		
HGNC:8156	OPRM1	P35372	ENSG00000112038	4988	membrane	P35372	protein	protein	P01210	P01210	1813	reactome	Ligand-Receptor	1	single_protein_pair	0	0	0	0	0		
HGNC:8155	OPRL1	P41146	ENSG00000125510	4987	membrane	P41146	protein	protein	Q13519	Q13519	1814	uniprot;reactome	Ligand-Receptor	1	single_protein_pair	1	0	0	0	0		
HGNC:4848	HCRTR1	O43613	ENSG00000121764	3061	membrane	O43613	protein	protein	O43612	O43612	1815	uniprot	Ligand-Receptor	1	single_protein_pair	0	0	0	0	0		
HGNC:4849	HCRTR2	O43614	ENSG00000137252	3062	membrane	O43614	protein	protein	O43612	O43612	1816	uniprot	Ligand-Receptor	1	single_protein_pair	1	0	0	0	0		
HGNC:895	AVPR1A	P37288	ENSG00000166148	552	membrane	P37288	protein	protein	P01178	P01178	1817	GPCRdb (https://gpcrdb.org/ligand/endogenousbrowser/)	Ligand-Receptor	1	single_protein_pair	0	0	0	0	0		
HGNC:896	AVPR1B	P47901	ENSG00000198049	553	membrane	P47901	protein	protein	P01178	P01178	1818	GPCRdb (https://gpcrdb.org/ligand/endogenousbrowser/)	Ligand-Receptor	1	single_protein_pair	0	0	0	0	0		
HGNC:897	AVPR2	P30518	ENSG00000126895	554	membrane	P30518	protein	protein	P01178	P01178	1819	GPCRdb (https://gpcrdb.org/ligand/endogenousbrowser/)	Ligand-Receptor	1	single_protein_pair	0	0	0	0	0		
HGNC:8529	OXTR	P30559	ENSG00000180914	5021	membrane	P30559	protein	protein	P01178	P01178	1820	uniprot;HMRbase;reactome	Ligand-Receptor	1	single_protein_pair	1	0	0	0	0		
HGNC:9608	PTH1R	Q03431	ENSG00000160801	5745	membrane	Q03431	protein	protein	P01270	P01270	1821	uniprot;HMRbase;reactome	Ligand-Receptor	1	single_protein_pair	1	1	0	1	0	3c4m	
HGNC:9609	PTH2R	P49190	ENSG00000144407	5746	membrane	P49190	protein	protein	P01270	P01270	1822	uniprot;reactome	Ligand-Receptor	1	single_protein_pair	0	0	0	0	0		
HGNC:9608	PTH1R	Q03431	ENSG00000160801	5745	membrane	Q03431	protein	protein	Q96A98	Q96A98	1823	uniprot;reactome	Ligand-Receptor	1	single_protein_pair	0	0	0	0	0		
HGNC:9609	PTH2R	P49190	ENSG00000144407	5746	membrane	P49190	protein	protein	Q96A98	Q96A98	1824	uniprot;reactome	Ligand-Receptor	1	single_protein_pair	1	0	0	0	0		
HGNC:4464	PRLHR	P49683	ENSG00000119973	2834	membrane	P49683	protein	protein	P12272	P12272	1825	GPCRdb (https://gpcrdb.org/ligand/endogenousbrowser/)	Ligand-Receptor	1	single_protein_pair	0	0	0	0	0		
HGNC:9608	PTH1R	Q03431	ENSG00000160801	5745	membrane	Q03431	protein	protein	P12272	P12272	1826	uniprot;reactome	Ligand-Receptor	1	single_protein_pair	1	1	0	1	0	3h3g;7uzo;7uzp;8d51;8d52	
HGNC:9609	PTH2R	P49190	ENSG00000144407	5746	membrane	P49190	protein	protein	P12272	P12272	1827	uniprot;reactome	Ligand-Receptor	1	single_protein_pair	0	0	0	0	0		
HGNC:242	ADCYAP1R1	P41586	ENSG00000078549	117	membrane	P41586	protein	protein	P18509	P18509	1828	uniprot;reactome;IUPHAR	Ligand-Receptor	1	single_protein_pair	1	1	0	1	0	2jod	
HGNC:12694	VIPR1	P32241	ENSG00000114812	7433	membrane	P32241	protein	protein	P18509	P18509	1829	uniprot;reactome;IUPHAR	Ligand-Receptor	1	single_protein_pair	1	0	0	0	0		
HGNC:12695	VIPR2	P41587	ENSG00000106018	7434	membrane	P41587	protein	protein	P18509	P18509	1830	uniprot	Ligand-Receptor	1	single_protein_pair	1	0	0	0	0		
HGNC:3763	FLT1	P17948	ENSG00000102755	2321	membrane_and_secreted	P17948	protein	protein	P49763	P49763	1831	uniprot	Ligand-Receptor	1	single_protein_pair	1	1	0	1	0	1rv6	
HGNC:3763	FLT1	P17948	ENSG00000102755	2321	membrane_and_secreted	FLT1_complex	complex	protein	P49763	P49763	1832	uniprot	Ligand-Receptor	0	complex_component_support_only	0	0	0	0	1	1rv6	
HGNC:6307	KDR	P35968	ENSG00000128052	3791	membrane_and_secreted	FLT1_complex	complex	protein	P49763	P49763	1832	uniprot	Ligand-Receptor	0	complex_component_support_only	0	0	0	0	0		
HGNC:8004	NRP1	O14786	ENSG00000099250	8829	membrane_and_secreted	O14786	protein	protein	P49763	P49763	1833	uniprot	Ligand-Receptor	1	single_protein_pair	0	0	0	0	0		
HGNC:8005	NRP2	O60462	ENSG00000118257	8828	membrane_inferred_and_secreted	O60462	protein	protein	P49763	P49763	1834	uniprot	Ligand-Receptor	1	single_protein_pair	0	0	0	0	0		
HGNC:9052	PLAU	P00749	ENSG00000122861	5328	secreted_only	P00749	protein	protein	Q03405	Q03405	1835	uniprot	Ligand-Receptor	1	single_protein_pair	1	1	0	1	0	2fd6;2i9b;3bt1;3bt2;3u73	
HGNC:9053	PLAUR	Q03405	ENSG00000011422	5329	membrane_and_secreted	Q03405	protein	protein	P00749	P00749	1835	uniprot	Ligand-Receptor	1	single_protein_pair	1	0	0	0	0		
HGNC:9053	PLAUR	Q03405	ENSG00000011422	5329	membrane_and_secreted	Q03405	protein	complex	integrin_a4b1_complex	P05556;P13612	1836	PMID:11053440	Receptor-Receptor	0	complex_component_support_only	0	0	0	0	0		
HGNC:6153	ITGB1	P05556	ENSG00000150093	3688	membrane	integrin_a4b1_complex	complex	protein	Q03405	Q03405	1836	PMID:11053440	Receptor-Receptor	0	complex_component_support_only	0	0	0	0	0		
HGNC:6140	ITGA4	P13612	ENSG00000115232	3676	membrane_inferred	integrin_a4b1_complex	complex	protein	Q03405	Q03405	1836	PMID:11053440	Receptor-Receptor	0	complex_component_support_only	0	0	0	0	0		
HGNC:9053	PLAUR	Q03405	ENSG00000011422	5329	membrane_and_secreted	Q03405	protein	complex	integrin_aVb3_complex	P05106;P06756	1837	PMID:11053440;PMID:15863511	Receptor-Receptor	0	complex_component_support_only	0	0	0	0	0		
HGNC:6156	ITGB3	P05106	ENSG00000259207	3690	membrane	integrin_aVb3_complex	complex	protein	Q03405	Q03405	1837	PMID:11053440;PMID:15863511	Receptor-Receptor	0	complex_component_support_only	0	0	0	0	0		
HGNC:6150	ITGAV	P06756	ENSG00000138448	3685	membrane	integrin_aVb3_complex	complex	protein	Q03405	Q03405	1837	PMID:11053440;PMID:15863511	Receptor-Receptor	0	complex_component_support_only	0	0	0	0	0		
HGNC:8799	PDGFA	P04085	ENSG00000197461	5154	secreted_only	P04085	protein	protein	P16234	P16234	1838	uniprot	Ligand-Receptor	1	single_protein_pair	0	0	1	1	0		pubmed:7679113|imex:IM-21979
HGNC:8803	PDGFRA	P16234	ENSG00000134853	5156	membrane	P16234	protein	protein	P04085	P04085	1838	uniprot	Ligand-Receptor	1	single_protein_pair	0	0	0	0	0		
HGNC:8800	PDGFB	P01127	ENSG00000100311	5155	secreted_only	P01127	protein	protein	P16234	P16234	1839	uniprot	Ligand-Receptor	1	single_protein_pair	0	0	1	1	0		pubmed:7679113|imex:IM-21979
HGNC:8803	PDGFRA	P16234	ENSG00000134853	5156	membrane	P16234	protein	protein	P01127	P01127	1839	uniprot	Ligand-Receptor	1	single_protein_pair	0	0	0	0	0		
HGNC:8800	PDGFB	P01127	ENSG00000100311	5155	secreted_only	P01127	protein	complex	PDGFR_complex	P09619;P16234	1840	uniprot	Ligand-Receptor	0	complex_component_support_only	0	0	0	0	1	3mjg	
HGNC:8804	PDGFRB	P09619	ENSG00000113721	5159	membrane	PDGFR_complex	complex	protein	P01127	P01127	1840	uniprot	Ligand-Receptor	0	complex_component_support_only	0	0	0	0	1	3mjg	
HGNC:8803	PDGFRA	P16234	ENSG00000134853	5156	membrane	PDGFR_complex	complex	protein	P01127	P01127	1840	uniprot	Ligand-Receptor	0	complex_component_support_only	0	0	0	0	0		
HGNC:8800	PDGFB	P01127	ENSG00000100311	5155	secreted_only	P01127	protein	protein	P09619	P09619	1841	uniprot	Ligand-Receptor	1	single_protein_pair	1	1	1	1	0	3mjg	pubmed:11297552|imex:IM-21985;pubmed:7679113|imex:IM-21979
HGNC:8804	PDGFRB	P09619	ENSG00000113721	5159	membrane	P09619	protein	protein	P01127	P01127	1841	uniprot	Ligand-Receptor	1	single_protein_pair	1	1	1	1	0	3mjg	pubmed:20534510|imex:IM-16431
HGNC:8801	PDGFC	Q9NRA1	ENSG00000145431	56034	membrane_and_secreted	Q9NRA1	protein	protein	P16234	P16234	1842	uniprot	Ligand-Receptor	1	single_protein_pair	0	0	0	0	0		
HGNC:8803	PDGFRA	P16234	ENSG00000134853	5156	membrane	P16234	protein	protein	Q9NRA1	Q9NRA1	1842	uniprot	Ligand-Receptor	1	single_protein_pair	0	0	0	0	0		
HGNC:30620	PDGFD	Q9GZP0	ENSG00000170962	80310	secreted_only	Q9GZP0	protein	complex	PDGFR_complex	P09619;P16234	1843	uniprot	Ligand-Receptor	0	complex_component_support_only	0	0	0	0	0		
HGNC:8804	PDGFRB	P09619	ENSG00000113721	5159	membrane	PDGFR_complex	complex	protein	Q9GZP0	Q9GZP0	1843	uniprot	Ligand-Receptor	0	complex_component_support_only	0	0	0	0	0		
HGNC:8803	PDGFRA	P16234	ENSG00000134853	5156	membrane	PDGFR_complex	complex	protein	Q9GZP0	Q9GZP0	1843	uniprot	Ligand-Receptor	0	complex_component_support_only	0	0	0	0	0		
HGNC:30620	PDGFD	Q9GZP0	ENSG00000170962	80310	secreted_only	Q9GZP0	protein	protein	P09619	P09619	1844	uniprot	Ligand-Receptor	1	single_protein_pair	0	0	0	0	0		
HGNC:8804	PDGFRB	P09619	ENSG00000113721	5159	membrane	P09619	protein	protein	Q9GZP0	Q9GZP0	1844	uniprot	Ligand-Receptor	1	single_protein_pair	0	0	0	0	0		
HGNC:427	ALK	Q9UM73	ENSG00000171094	238	membrane	Q9UM73	protein	protein	P21246	P21246	1845	uniprot	Ligand-Receptor	1	single_protein_pair	0	0	0	0	0		
HGNC:9171	PODXL	O00592	ENSG00000128567	5420	membrane	O00592	protein	protein	P14151	P14151	1847	PMID:22814396	Receptor-Receptor	1	single_protein_pair	0	0	0	0	0		
HGNC:10720	SELL	P14151	ENSG00000188404	6402	membrane	P14151	protein	protein	O00592	O00592	1847	PMID:22814396	Receptor-Receptor	1	single_protein_pair	0	0	0	0	0		
HGNC:17936	PODXL2	Q9NZ53	ENSG00000114631	50512	membrane_inferred	Q9NZ53	protein	protein	P16581	P16581	1848	uniprot	Ligand-Receptor	1	single_protein_pair	0	0	0	0	0		
HGNC:10718	SELE	P16581	ENSG00000007908	6401	membrane	P16581	protein	protein	Q9NZ53	Q9NZ53	1848	uniprot	Ligand-Receptor	1	single_protein_pair	0	0	0	0	0		
HGNC:17936	PODXL2	Q9NZ53	ENSG00000114631	50512	membrane_inferred	Q9NZ53	protein	protein	P14151	P14151	1849	uniprot	Ligand-Receptor	1	single_protein_pair	0	0	0	0	0		
HGNC:10720	SELL	P14151	ENSG00000188404	6402	membrane	P14151	protein	protein	Q9NZ53	Q9NZ53	1849	uniprot	Ligand-Receptor	1	single_protein_pair	0	0	0	0	0		
HGNC:17936	PODXL2	Q9NZ53	ENSG00000114631	50512	membrane_inferred	Q9NZ53	protein	protein	P16109	P16109	1850	uniprot	Ligand-Receptor	1	single_protein_pair	0	0	0	0	0		
HGNC:10721	SELP	P16109	ENSG00000174175	6403	membrane	P16109	protein	protein	Q9NZ53	Q9NZ53	1850	uniprot	Ligand-Receptor	1	single_protein_pair	0	0	0	0	0		
HGNC:6929	MC1R	Q01726	ENSG00000258839	4157	membrane	Q01726	protein	protein	P01189	P01189	1851	uniprot;HMRbase;reactome	Ligand-Receptor	1	single_protein_pair	0	0	0	0	0		
HGNC:9705	PVR	P15151	ENSG00000073008	5817	membrane_and_secreted	P15151	protein	protein	Q15762	Q15762	1852	activating_interaction_PMID:15607800;NK_cell_cytotoxicity._PMID:24440149	Ligand-Receptor	1	single_protein_pair	1	1	1	1	0	6o3o	pubmed:32822567|imex:IM-30326
HGNC:16961	CD226	Q15762	ENSG00000150637	10666	membrane	Q15762	protein	protein	P15151	P15151	1852	activating_interaction_PMID:15607800;NK_cell_cytotoxicity._PMID:24440149	Ligand-Receptor	1	single_protein_pair	1	1	1	1	0	6o3o	pubmed:30591568|imex:IM-29356;pubmed:32822567|imex:IM-30326
HGNC:9705	PVR	P15151	ENSG00000073008	5817	membrane_and_secreted	P15151	protein	protein	P40200	P40200	1853	uniprot	Ligand-Receptor	1	single_protein_pair	1	1	1	1	0	6arq	pubmed:32822567|imex:IM-30326
HGNC:16892	CD96	P40200	ENSG00000153283	10225	membrane_inferred	P40200	protein	protein	P15151	P15151	1853	uniprot	Ligand-Receptor	1	single_protein_pair	1	1	1	1	0	6arq	pubmed:32822567|imex:IM-30326
HGNC:9705	PVR	P15151	ENSG00000073008	5817	membrane_and_secreted	P15151	protein	protein	Q495A1	Q495A1	1854	PMID:19815499;Induces_NK_Cell_Inhibition._Reviewed_in_PMID:24987108	Ligand-Receptor	1	single_protein_pair	1	1	1	1	0	3udw	pubmed:27978489|imex:IM-26176;pubmed:28515320|imex:IM-26177;pubmed:32822567|imex:IM-30326
HGNC:26838	TIGIT	Q495A1	ENSG00000181847	201633	membrane	Q495A1	protein	protein	P15151	P15151	1854	PMID:19815499;Induces_NK_Cell_Inhibition._Reviewed_in_PMID:24987108	Ligand-Receptor	1	single_protein_pair	1	1	1	1	0	3udw	pubmed:28515320|imex:IM-26177;pubmed:32822567|imex:IM-30326
HGNC:4192	GCGR	P47871	ENSG00000215644	2642	membrane	P47871	protein	protein	P01275	P01275	1855	uniprot;HMRbase;reactome	Ligand-Receptor	1	single_protein_pair	1	0	0	0	0		
HGNC:4324	GLP1R	P43220	ENSG00000112164	2740	membrane	P43220	protein	protein	P01275	P01275	1856	uniprot	Ligand-Receptor	1	single_protein_pair	1	1	0	1	0	3iol;4zgm;5otu;5otv;5otw;5otx	
HGNC:4325	GLP2R	O95838	ENSG00000065325	9340	membrane	O95838	protein	protein	P01275	P01275	1857	uniprot	Ligand-Receptor	1	single_protein_pair	1	0	0	0	0		
HGNC:4479	MCHR1	Q99705	ENSG00000128285	2847	membrane	Q99705	protein	protein	P20382	P20382	1858	reactome	Ligand-Receptor	1	single_protein_pair	1	0	0	0	0		
HGNC:20867	MCHR2	Q969V1	ENSG00000152034	84539	membrane	Q969V1	protein	protein	P20382	P20382	1859	reactome	Ligand-Receptor	1	single_protein_pair	1	0	0	0	0		
HGNC:7956	NPY1R	P25929	ENSG00000164128	4886	membrane	P25929	protein	protein	P01303	P01303	1860	uniprot;reactome;IUPHAR	Ligand-Receptor	1	single_protein_pair	1	0	0	0	0		
HGNC:7957	NPY2R	P49146	ENSG00000185149	4887	membrane	P49146	protein	protein	P01303	P01303	1861	uniprot;reactome;IUPHAR	Ligand-Receptor	1	single_protein_pair	1	0	0	0	0		
HGNC:9329	NPY4R	P50391	ENSG00000204174	5540	membrane	P50391	protein	protein	P01303	P01303	1862	uniprot;reactome;IUPHAR	Ligand-Receptor	1	single_protein_pair	0	0	0	0	0		
HGNC:7958	NPY5R	Q15761	ENSG00000164129	4889	membrane	Q15761	protein	protein	P01303	P01303	1863	uniprot;reactome;IUPHAR	Ligand-Receptor	1	single_protein_pair	0	0	0	0	0		
HGNC:4464	PRLHR	P49683	ENSG00000119973	2834	membrane	P49683	protein	protein	P01303	P01303	1864	GPCRdb (https://gpcrdb.org/ligand/endogenousbrowser/)	Ligand-Receptor	1	single_protein_pair	0	0	0	0	0		
HGNC:17116	CATSPER1	Q8NEC5	ENSG00000175294	117144	other_or_uncertain	CatSperChannel1b	complex	chemical	Progesterone		1865	uniprot;reactome	Ligand-Receptor	0	chemical_identity_not_mapped	0	0	0	0	0		
HGNC:20500	CATSPERB	Q9H7T0	ENSG00000133962	79820	other_or_uncertain	CatSperChannel1b	complex	chemical	Progesterone		1865	uniprot;reactome	Ligand-Receptor	0	chemical_identity_not_mapped	0	0	0	0	0		
HGNC:28598	CATSPERD	Q86XM0	ENSG00000174898	257062	other_or_uncertain	CatSperChannel1dg	complex	chemical	Progesterone		1866	uniprot;reactome	Ligand-Receptor	0	chemical_identity_not_mapped	0	0	0	0	0		
HGNC:17116	CATSPER1	Q8NEC5	ENSG00000175294	117144	other_or_uncertain	CatSperChannel1dg	complex	chemical	Progesterone		1866	uniprot;reactome	Ligand-Receptor	0	chemical_identity_not_mapped	0	0	0	0	0		
HGNC:18810	CATSPER2	Q96P56	ENSG00000166762	117155	other_or_uncertain	CatSperChannel2b	complex	chemical	Progesterone		1867	uniprot;reactome	Ligand-Receptor	0	chemical_identity_not_mapped	0	0	0	0	0		
HGNC:20500	CATSPERB	Q9H7T0	ENSG00000133962	79820	other_or_uncertain	CatSperChannel2b	complex	chemical	Progesterone		1867	uniprot;reactome	Ligand-Receptor	0	chemical_identity_not_mapped	0	0	0	0	0		
HGNC:28598	CATSPERD	Q86XM0	ENSG00000174898	257062	other_or_uncertain	CatSperChannel2dg	complex	chemical	Progesterone		1868	uniprot;reactome	Ligand-Receptor	0	chemical_identity_not_mapped	0	0	0	0	0		
HGNC:18810	CATSPER2	Q96P56	ENSG00000166762	117155	other_or_uncertain	CatSperChannel2dg	complex	chemical	Progesterone		1868	uniprot;reactome	Ligand-Receptor	0	chemical_identity_not_mapped	0	0	0	0	0		
HGNC:20819	CATSPER3	Q86XQ3	ENSG00000152705	347732	other_or_uncertain	CatSperChannel3b	complex	chemical	Progesterone		1869	uniprot;reactome	Ligand-Receptor	0	chemical_identity_not_mapped	0	0	0	0	0		
HGNC:20500	CATSPERB	Q9H7T0	ENSG00000133962	79820	other_or_uncertain	CatSperChannel3b	complex	chemical	Progesterone		1869	uniprot;reactome	Ligand-Receptor	0	chemical_identity_not_mapped	0	0	0	0	0		
HGNC:28598	CATSPERD	Q86XM0	ENSG00000174898	257062	other_or_uncertain	CatSperChannel3dg	complex	chemical	Progesterone		1870	uniprot;reactome	Ligand-Receptor	0	chemical_identity_not_mapped	0	0	0	0	0		
HGNC:20819	CATSPER3	Q86XQ3	ENSG00000152705	347732	other_or_uncertain	CatSperChannel3dg	complex	chemical	Progesterone		1870	uniprot;reactome	Ligand-Receptor	0	chemical_identity_not_mapped	0	0	0	0	0		
HGNC:23220	CATSPER4	Q7RTX7	ENSG00000188782	378807	other_or_uncertain	CatSperChannel4b	complex	chemical	Progesterone		1871	uniprot;reactome	Ligand-Receptor	0	chemical_identity_not_mapped	0	0	0	0	0		
HGNC:20500	CATSPERB	Q9H7T0	ENSG00000133962	79820	other_or_uncertain	CatSperChannel4b	complex	chemical	Progesterone		1871	uniprot;reactome	Ligand-Receptor	0	chemical_identity_not_mapped	0	0	0	0	0		
HGNC:23220	CATSPER4	Q7RTX7	ENSG00000188782	378807	other_or_uncertain	CatSperChannel4dg	complex	chemical	Progesterone		1872	uniprot;reactome	Ligand-Receptor	0	chemical_identity_not_mapped	0	0	0	0	0		
HGNC:28598	CATSPERD	Q86XM0	ENSG00000174898	257062	other_or_uncertain	CatSperChannel4dg	complex	chemical	Progesterone		1872	uniprot;reactome	Ligand-Receptor	0	chemical_identity_not_mapped	0	0	0	0	0		
HGNC:4421	GNRHR	P30968	ENSG00000109163	2798	membrane	P30968	protein	protein	P01148	P01148	1874	uniprot;HMRbase;reactome	Ligand-Receptor	1	single_protein_pair	0	0	0	0	0		
HGNC:4421	GNRHR	P30968	ENSG00000109163	2798	membrane	P30968	protein	protein	O43555	O43555	1876	uniprot;HMRbase;reactome	Ligand-Receptor	1	single_protein_pair	0	0	0	0	0		
HGNC:4524	PROKR1	Q8TCW9	ENSG00000169618	10887	membrane	Q8TCW9	protein	protein	P58294	P58294	1878	reactome;uniprot	Ligand-Receptor	1	single_protein_pair	0	0	0	0	0		
HGNC:15836	PROKR2	Q8NFJ6	ENSG00000101292	128674	membrane	Q8NFJ6	protein	protein	P58294	P58294	1879	reactome;uniprot	Ligand-Receptor	1	single_protein_pair	0	0	0	0	0		
HGNC:18455	PROK2	Q9HC23	ENSG00000163421	60675	secreted_only	Q9HC23	protein	protein	Q8TCW9	Q8TCW9	1880	reactome;uniprot	Ligand-Receptor	1	single_protein_pair	0	0	0	0	0		
HGNC:4524	PROKR1	Q8TCW9	ENSG00000169618	10887	membrane	Q8TCW9	protein	protein	Q9HC23	Q9HC23	1880	reactome;uniprot	Ligand-Receptor	1	single_protein_pair	0	0	0	0	0		
HGNC:18455	PROK2	Q9HC23	ENSG00000163421	60675	secreted_only	Q9HC23	protein	protein	Q8NFJ6	Q8NFJ6	1881	reactome;uniprot	Ligand-Receptor	1	single_protein_pair	0	0	0	0	0		
HGNC:15836	PROKR2	Q8NFJ6	ENSG00000101292	128674	membrane	Q8NFJ6	protein	protein	Q9HC23	Q9HC23	1881	reactome;uniprot	Ligand-Receptor	1	single_protein_pair	0	0	0	0	0		
HGNC:9446	PRLR	P16471	ENSG00000113494	5618	membrane_inferred_and_secreted	P16471	protein	protein	P01236	P01236	1882	uniprot;HMRbase;PMID:12580759	Ligand-Receptor	1	single_protein_pair	1	1	1	1	0	3d48;3mzg;3n06;3n0p;3ncb;3ncc;3nce;3ncf	pubmed:22325776|imex:IM-17583
HGNC:4464	PRLHR	P49683	ENSG00000119973	2834	membrane	P49683	protein	protein	P81277	P81277	1883	uniprot;HMRbase;reactome	Ligand-Receptor	1	single_protein_pair	1	0	0	0	0		
HGNC:6930	MC2R	Q01718	ENSG00000185231	4158	membrane	Q01718	protein	protein	P01189	P01189	1884	uniprot	Ligand-Receptor	1	single_protein_pair	0	0	0	0	0		
HGNC:6931	MC3R	P41968	ENSG00000124089	4159	membrane	P41968	protein	protein	P01189	P01189	1885	uniprot;reactome	Ligand-Receptor	1	single_protein_pair	1	0	0	0	0		
HGNC:6932	MC4R	P32245	ENSG00000166603	4160	membrane	P32245	protein	protein	P01189	P01189	1886	uniprot;reactome	Ligand-Receptor	1	single_protein_pair	1	0	0	0	0		
HGNC:6933	MC5R	P33032	ENSG00000176136	4161	membrane	P33032	protein	protein	P01189	P01189	1887	uniprot;reactome	Ligand-Receptor	1	single_protein_pair	1	0	0	0	0		
HGNC:8153	OPRD1	P41143	ENSG00000116329	4985	membrane	P41143	protein	chemical	b-Endorphin		1888	GPCRdb (https://gpcrdb.org/ligand/endogenousbrowser/)	Ligand-Receptor	0	chemical_identity_not_mapped	0	0	0	0	0		
HGNC:8154	OPRK1	P41145	ENSG00000082556	4986	membrane	P41145	protein	chemical	b-Endorphin		1889	GPCRdb (https://gpcrdb.org/ligand/endogenousbrowser/)	Ligand-Receptor	0	chemical_identity_not_mapped	0	0	0	0	0		
HGNC:8156	OPRM1	P35372	ENSG00000112038	4988	membrane	P35372	protein	chemical	b-Endorphin		1890	GPCRdb (https://gpcrdb.org/ligand/endogenousbrowser/)	Ligand-Receptor	0	chemical_identity_not_mapped	0	0	0	0	0		
HGNC:19718	RXFP1	Q9HBX9	ENSG00000171509	59350	membrane	Q9HBX9	protein	protein	P04808	P04808	1891	GPCRdb (https://gpcrdb.org/ligand/endogenousbrowser/)	Ligand-Receptor	1	single_protein_pair	0	0	0	0	0		
HGNC:17318	RXFP2	Q8WXD0	ENSG00000133105	122042	membrane	Q8WXD0	protein	protein	P04808	P04808	1892	GPCRdb (https://gpcrdb.org/ligand/endogenousbrowser/)	Ligand-Receptor	1	single_protein_pair	0	0	0	0	0		
HGNC:24883	RXFP3	Q9NSD7	ENSG00000182631	51289	membrane	Q9NSD7	protein	protein	P04808	P04808	1893	GPCRdb (https://gpcrdb.org/ligand/endogenousbrowser/)	Ligand-Receptor	1	single_protein_pair	0	0	0	0	0		
HGNC:19718	RXFP1	Q9HBX9	ENSG00000171509	59350	membrane	Q9HBX9	protein	protein	P04090	P04090	1894	uniprot;HMRbase;reactome	Ligand-Receptor	1	single_protein_pair	0	0	0	0	0		
HGNC:17318	RXFP2	Q8WXD0	ENSG00000133105	122042	membrane	Q8WXD0	protein	protein	P04090	P04090	1895	uniprot;reactome	Ligand-Receptor	1	single_protein_pair	0	0	0	0	0		
HGNC:24883	RXFP3	Q9NSD7	ENSG00000182631	51289	membrane	Q9NSD7	protein	protein	P04090	P04090	1896	GPCRdb (https://gpcrdb.org/ligand/endogenousbrowser/)	Ligand-Receptor	1	single_protein_pair	0	0	0	0	0		
HGNC:19718	RXFP1	Q9HBX9	ENSG00000171509	59350	membrane	Q9HBX9	protein	protein	Q8WXF3	Q8WXF3	1897	uniprot;HMRbase;reactome	Ligand-Receptor	1	single_protein_pair	0	0	0	0	0		
HGNC:17318	RXFP2	Q8WXD0	ENSG00000133105	122042	membrane	Q8WXD0	protein	protein	Q8WXF3	Q8WXF3	1898	uniprot;HMRbase;reactome	Ligand-Receptor	1	single_protein_pair	0	0	0	0	0		
HGNC:24883	RXFP3	Q9NSD7	ENSG00000182631	51289	membrane	Q9NSD7	protein	protein	Q8WXF3	Q8WXF3	1899	uniprot;HMRbase;reactome	Ligand-Receptor	1	single_protein_pair	1	0	0	0	0		
HGNC:14666	RXFP4	Q8TDU9	ENSG00000173080	339403	membrane	Q8TDU9	protein	protein	Q8WXF3	Q8WXF3	1900	uniprot;HMRbase;reactome	Ligand-Receptor	1	single_protein_pair	1	0	0	0	0		
HGNC:9498	PSAP	P07602	ENSG00000197746	5660	secreted_only	P07602	protein	protein	O15354	O15354	1901	uniprot	Ligand-Receptor	1	single_protein_pair	0	0	0	0	0		
HGNC:4494	GPR37	O15354	ENSG00000170775	2861	membrane	O15354	protein	protein	P07602	P07602	1901	uniprot	Ligand-Receptor	1	single_protein_pair	0	0	0	0	0		
HGNC:9498	PSAP	P07602	ENSG00000197746	5660	secreted_only	P07602	protein	protein	O60883	O60883	1902	uniprot	Ligand-Receptor	1	single_protein_pair	0	0	0	0	0		
HGNC:14923	GPR37L1	O60883	ENSG00000170075	9283	membrane	O60883	protein	protein	P07602	P07602	1902	uniprot	Ligand-Receptor	1	single_protein_pair	0	0	0	0	0		
HGNC:9600	PTGFR	P43088	ENSG00000122420	5737	membrane	P43088	protein	chemical	ProstaglandinF2a		1903;1907;2878	HMRbase;uniprot;reactome	Ligand-Receptor	0	chemical_identity_not_mapped	0	0	0	0	0		
HGNC:9591	PTGDR	Q13258	ENSG00000168229	5729	membrane	Q13258	protein	chemical	ProstaglandinD2		1904	HMRbase;uniprot;reactome	Ligand-Receptor	0	chemical_identity_not_mapped	0	0	0	0	0		
HGNC:4502	PTGDR2	Q9Y5Y4	ENSG00000183134	11251	membrane	Q9Y5Y4	protein	chemical	ProstaglandinD2		1905	uniprot;reactome	Ligand-Receptor	0	chemical_identity_not_mapped	0	0	0	0	0		
HGNC:9600	PTGFR	P43088	ENSG00000122420	5737	membrane	P43088	protein	chemical	ProstaglandinD2		1906	uniprot;reactome;IUPHAR	Ligand-Receptor	0	chemical_identity_not_mapped	0	0	0	0	0		
HGNC:9591	PTGDR	Q13258	ENSG00000168229	5729	membrane	Q13258	protein	chemical	PGD2		1908	uniprot;reactome;IUPHAR	Ligand-Receptor	0	chemical_identity_not_mapped	0	0	0	0	0		
HGNC:4502	PTGDR2	Q9Y5Y4	ENSG00000183134	11251	membrane	Q9Y5Y4	protein	chemical	PGD2		1909	uniprot;reactome;IUPHAR	Ligand-Receptor	0	chemical_identity_not_mapped	0	0	0	0	0		
HGNC:9593	PTGER1	P34995	ENSG00000160951	5731	membrane	P34995	protein	chemical	ProstaglandinE2		1910;1914;1918	HMRbase;reactome;uniprot	Ligand-Receptor	0	chemical_identity_not_mapped	0	0	0	0	0		
HGNC:9594	PTGER2	P43116	ENSG00000125384	5732	membrane	P43116	protein	chemical	ProstaglandinE2		1911;1915;1919	HMRbase;uniprot	Ligand-Receptor	0	chemical_identity_not_mapped	0	0	0	0	0		
HGNC:9595	PTGER3	P43115	ENSG00000050628	5733	membrane	P43115	protein	chemical	ProstaglandinE2		1912;1916;1920	HMRbase;uniprot	Ligand-Receptor	0	chemical_identity_not_mapped	0	0	0	0	0		
HGNC:9596	PTGER4	P35408	ENSG00000171522	5734	membrane	P35408	protein	chemical	ProstaglandinE2		1913;1917;1921	HMRbase;uniprot	Ligand-Receptor	0	chemical_identity_not_mapped	0	0	0	0	0		
HGNC:7956	NPY1R	P25929	ENSG00000164128	4886	membrane	P25929	protein	protein	P01298	P01298	1922	GPCRdb (https://gpcrdb.org/ligand/endogenousbrowser/)	Ligand-Receptor	1	single_protein_pair	0	0	0	0	0		
HGNC:7957	NPY2R	P49146	ENSG00000185149	4887	membrane	P49146	protein	protein	P01298	P01298	1923	GPCRdb (https://gpcrdb.org/ligand/endogenousbrowser/)	Ligand-Receptor	1	single_protein_pair	0	0	0	0	0		
HGNC:9329	NPY4R	P50391	ENSG00000204174	5540	membrane	P50391	protein	protein	P01298	P01298	1924	GPCRdb (https://gpcrdb.org/ligand/endogenousbrowser/)	Ligand-Receptor	1	single_protein_pair	1	0	0	0	0		
HGNC:7958	NPY5R	Q15761	ENSG00000164129	4889	membrane	Q15761	protein	protein	P01298	P01298	1925	GPCRdb (https://gpcrdb.org/ligand/endogenousbrowser/)	Ligand-Receptor	1	single_protein_pair	0	0	0	0	0		
HGNC:7956	NPY1R	P25929	ENSG00000164128	4886	membrane	P25929	protein	protein	P10082	P10082	1926	GPCRdb (https://gpcrdb.org/ligand/endogenousbrowser/)	Ligand-Receptor	1	single_protein_pair	0	0	0	0	0		
HGNC:7957	NPY2R	P49146	ENSG00000185149	4887	membrane	P49146	protein	protein	P10082	P10082	1927	GPCRdb (https://gpcrdb.org/ligand/endogenousbrowser/)	Ligand-Receptor	1	single_protein_pair	1	0	0	0	0		
HGNC:9329	NPY4R	P50391	ENSG00000204174	5540	membrane	P50391	protein	protein	P10082	P10082	1928	GPCRdb (https://gpcrdb.org/ligand/endogenousbrowser/)	Ligand-Receptor	1	single_protein_pair	0	0	0	0	0		
HGNC:7958	NPY5R	Q15761	ENSG00000164129	4889	membrane	Q15761	protein	protein	P10082	P10082	1929	GPCRdb (https://gpcrdb.org/ligand/endogenousbrowser/)	Ligand-Receptor	1	single_protein_pair	0	0	0	0	0		
HGNC:6698	LRP6	O75581	ENSG00000070018	4040	membrane	FZD8_LRP6	complex	protein	Q2MKA7	Q2MKA7	1930	uniprot	Ligand-Receptor	0	complex_component_support_only	0	0	0	0	0		
HGNC:4046	FZD8	Q9H461	ENSG00000177283	8325	membrane	FZD8_LRP6	complex	protein	Q2MKA7	Q2MKA7	1930	uniprot	Ligand-Receptor	0	complex_component_support_only	0	0	0	0	0		
HGNC:6698	LRP6	O75581	ENSG00000070018	4040	membrane	Kremen1_LRP6	complex	protein	Q2MKA7	Q2MKA7	1931	uniprot	Ligand-Receptor	0	complex_component_support_only	0	0	0	0	0		
HGNC:17550	KREMEN1	Q96MU8	ENSG00000183762	83999	membrane	Kremen1_LRP6	complex	protein	Q2MKA7	Q2MKA7	1931	uniprot	Ligand-Receptor	0	complex_component_support_only	0	0	0	0	0		
HGNC:13299	LGR4	Q9BXB1	ENSG00000205213	55366	membrane	Q9BXB1	protein	protein	Q2MKA7	Q2MKA7	1932	uniprot;reactome	Ligand-Receptor	1	single_protein_pair	1	1	0	1	0	4kt1;4qxf;8wvu	
HGNC:4504	LGR5	O75473	ENSG00000139292	8549	membrane	O75473	protein	protein	Q2MKA7	Q2MKA7	1933	uniprot;reactome	Ligand-Receptor	1	single_protein_pair	1	1	1	1	0	4bsr;4bss;4bst;4bsu;4kng	pubmed:21727895|imex:IM-27196;pubmed:23809763|imex:IM-29604
HGNC:19719	LGR6	Q9HBX8	ENSG00000133067	59352	membrane	Q9HBX8	protein	protein	Q2MKA7	Q2MKA7	1934	uniprot;reactome	Ligand-Receptor	1	single_protein_pair	0	0	0	0	0		
HGNC:13299	LGR4	Q9BXB1	ENSG00000205213	55366	membrane	Q9BXB1	protein	protein	Q6UXX9	Q6UXX9	1935	PMID:24532711	Ligand-Receptor	1	single_protein_pair	1	1	0	1	0	8xfp;8xfs;8xft;8xum;8y69;9kb7;9kb8;9kb9	
HGNC:4504	LGR5	O75473	ENSG00000139292	8549	membrane	O75473	protein	protein	Q6UXX9	Q6UXX9	1936	PMID:24532711	Ligand-Receptor	1	single_protein_pair	0	0	0	0	0		
HGNC:19719	LGR6	Q9HBX8	ENSG00000133067	59352	membrane	Q9HBX8	protein	protein	Q6UXX9	Q6UXX9	1937	PMID:24532711	Ligand-Receptor	1	single_protein_pair	0	0	0	0	0		
HGNC:20866	RSPO3	Q9BXY4	ENSG00000146374	84870	secreted_only	Q9BXY4	protein	protein	Q9BXB1	Q9BXB1	1938	PMID:24532711	Ligand-Receptor	1	single_protein_pair	0	0	0	0	0		
HGNC:13299	LGR4	Q9BXB1	ENSG00000205213	55366	membrane	Q9BXB1	protein	protein	Q9BXY4	Q9BXY4	1938	PMID:24532711	Ligand-Receptor	1	single_protein_pair	0	0	0	0	0		
HGNC:20866	RSPO3	Q9BXY4	ENSG00000146374	84870	secreted_only	Q9BXY4	protein	protein	O75473	O75473	1939	PMID:24532711	Ligand-Receptor	1	single_protein_pair	0	0	0	0	0		
HGNC:4504	LGR5	O75473	ENSG00000139292	8549	membrane	O75473	protein	protein	Q9BXY4	Q9BXY4	1939	PMID:24532711	Ligand-Receptor	1	single_protein_pair	0	0	0	0	0		
HGNC:20866	RSPO3	Q9BXY4	ENSG00000146374	84870	secreted_only	Q9BXY4	protein	protein	Q9HBX8	Q9HBX8	1940	PMID:24532711	Ligand-Receptor	1	single_protein_pair	0	0	0	0	0		
HGNC:19719	LGR6	Q9HBX8	ENSG00000133067	59352	membrane	Q9HBX8	protein	protein	Q9BXY4	Q9BXY4	1940	PMID:24532711	Ligand-Receptor	1	single_protein_pair	0	0	0	0	0		
HGNC:16175	RSPO4	Q2I0M5	ENSG00000101282	343637	secreted_only	Q2I0M5	protein	protein	Q9BXB1	Q9BXB1	1941	PMID:24532711	Ligand-Receptor	1	single_protein_pair	0	0	0	0	0		
HGNC:13299	LGR4	Q9BXB1	ENSG00000205213	55366	membrane	Q9BXB1	protein	protein	Q2I0M5	Q2I0M5	1941	PMID:24532711	Ligand-Receptor	1	single_protein_pair	0	0	0	0	0		
HGNC:16175	RSPO4	Q2I0M5	ENSG00000101282	343637	secreted_only	Q2I0M5	protein	protein	O75473	O75473	1942	PMID:24532711	Ligand-Receptor	1	single_protein_pair	0	0	0	0	0		
HGNC:4504	LGR5	O75473	ENSG00000139292	8549	membrane	O75473	protein	protein	Q2I0M5	Q2I0M5	1942	PMID:24532711	Ligand-Receptor	1	single_protein_pair	0	0	0	0	0		
HGNC:16175	RSPO4	Q2I0M5	ENSG00000101282	343637	secreted_only	Q2I0M5	protein	protein	Q9HBX8	Q9HBX8	1943	PMID:24532711	Ligand-Receptor	1	single_protein_pair	0	0	0	0	0		
HGNC:19719	LGR6	Q9HBX8	ENSG00000133067	59352	membrane	Q9HBX8	protein	protein	Q2I0M5	Q2I0M5	1943	PMID:24532711	Ligand-Receptor	1	single_protein_pair	0	0	0	0	0		
HGNC:6700	LRP8	Q14114	ENSG00000157193	7804	membrane_and_secreted	Q14114	protein	protein	P78509	P78509	1944	uniprot	Ligand-Receptor	1	single_protein_pair	0	0	0	0	0		
HGNC:12698	VLDLR	P98155	ENSG00000147852	7436	membrane	P98155	protein	protein	P78509	P78509	1945	uniprot	Ligand-Receptor	1	single_protein_pair	0	0	0	0	0		
HGNC:1612	CCRL2	O00421	ENSG00000121797	9034	membrane	O00421	protein	protein	Q99969	Q99969	1976	uniprot	Ligand-Receptor	1	single_protein_pair	0	0	0	0	0		
HGNC:2121	CMKLR1	Q99788	ENSG00000174600	1240	membrane	Q99788	protein	protein	Q99969	Q99969	1977	uniprot	Ligand-Receptor	1	single_protein_pair	1	0	0	0	0		
HGNC:4463	CMKLR2	P46091	ENSG00000183671	2825	membrane	P46091	protein	protein	Q99969	Q99969	1978	uniprot	Ligand-Receptor	1	single_protein_pair	1	0	0	0	0		
HGNC:6697	LRP5	O75197	ENSG00000162337	4041	membrane_inferred	O75197	protein	protein	Q6X4U4	Q6X4U4	1979	PMID:24532711	Ligand-Receptor	1	single_protein_pair	0	0	0	0	0		
HGNC:6698	LRP6	O75581	ENSG00000070018	4040	membrane	O75581	protein	protein	Q6X4U4	Q6X4U4	1980	PMID:24532711	Ligand-Receptor	1	single_protein_pair	0	0	0	0	0		
HGNC:10608	SCTR	P47872	ENSG00000080293	6344	membrane	P47872	protein	protein	P09683	P09683	1981	uniprot;HMRbase;reactome	Ligand-Receptor	1	single_protein_pair	1	0	0	0	0		
HGNC:12694	VIPR1	P32241	ENSG00000114812	7433	membrane	P32241	protein	protein	P09683	P09683	1982	uniprot;reactome;IUPHAR	Ligand-Receptor	1	single_protein_pair	0	0	0	0	0		
HGNC:12695	VIPR2	P41587	ENSG00000106018	7434	membrane	P41587	protein	protein	P09683	P09683	1983	uniprot;reactome;IUPHAR	Ligand-Receptor	1	single_protein_pair	0	0	0	0	0		
HGNC:10718	SELE	P16581	ENSG00000007908	6401	membrane	P16581	protein	protein	Q92896	Q92896	1984	PMID:11404363	Ligand-Receptor	1	single_protein_pair	0	0	0	0	0		
HGNC:4316	GLG1	Q92896	ENSG00000090863	2734	other_or_uncertain	Q92896	protein	protein	P16581	P16581	1984	PMID:11404363	Ligand-Receptor	1	single_protein_pair	0	0	0	0	0		
HGNC:10722	SELPLG	Q14242	ENSG00000110876	6404	membrane_inferred	Q14242	protein	protein	P16581	P16581	1985	PMC4571854	Ligand-Receptor	1	single_protein_pair	0	0	0	0	0		
HGNC:10718	SELE	P16581	ENSG00000007908	6401	membrane	P16581	protein	protein	Q14242	Q14242	1985	PMC4571854	Ligand-Receptor	1	single_protein_pair	0	0	0	0	0		
HGNC:10722	SELPLG	Q14242	ENSG00000110876	6404	membrane_inferred	Q14242	protein	protein	P14151	P14151	1986	PMC2431087;PMID:8892633;PMID:8896607	Ligand-Receptor	1	single_protein_pair	0	0	0	0	0		
HGNC:10720	SELL	P14151	ENSG00000188404	6402	membrane	P14151	protein	protein	Q14242	Q14242	1986	PMC2431087;PMID:8892633;PMID:8896607	Ligand-Receptor	1	single_protein_pair	0	0	0	0	0		
HGNC:10722	SELPLG	Q14242	ENSG00000110876	6404	membrane_inferred	Q14242	protein	protein	P16109	P16109	1987	PMID:19118202;PMID:9829984;PMID:12393589	Ligand-Receptor	1	single_protein_pair	1	1	0	1	0	1g1s	
HGNC:10721	SELP	P16109	ENSG00000174175	6403	membrane	P16109	protein	protein	Q14242	Q14242	1987	PMID:19118202;PMID:9829984;PMID:12393589	Ligand-Receptor	1	single_protein_pair	1	1	1	1	0	1g1s	pubmed:19118202|imex:IM-14399
HGNC:10723	SEMA3A	Q14563	ENSG00000075213	10371	secreted_only	Q14563	protein	protein	O14786	O14786	1988	uniprot	Ligand-Receptor	1	single_protein_pair	0	0	0	0	0		
HGNC:8004	NRP1	O14786	ENSG00000099250	8829	membrane_and_secreted	O14786	protein	protein	Q14563	Q14563	1988	uniprot	Ligand-Receptor	1	single_protein_pair	0	0	0	0	0		
HGNC:10723	SEMA3A	Q14563	ENSG00000075213	10371	secreted_only	Q14563	protein	complex	PlexinA1_complex3	O14786;Q9UIW2	1989	PMID:22325954	Ligand-Receptor	0	complex_component_support_only	0	0	0	0	0		
HGNC:8004	NRP1	O14786	ENSG00000099250	8829	membrane_and_secreted	PlexinA1_complex3	complex	protein	Q14563	Q14563	1989	PMID:22325954	Ligand-Receptor	0	complex_component_support_only	0	0	0	0	0		
HGNC:9099	PLXNA1	Q9UIW2	ENSG00000114554	5361	membrane	PlexinA1_complex3	complex	protein	Q14563	Q14563	1989	PMID:22325954	Ligand-Receptor	0	complex_component_support_only	0	0	0	0	0		
HGNC:10723	SEMA3A	Q14563	ENSG00000075213	10371	secreted_only	Q14563	protein	complex	PlexinA2_complex1	O14786;O75051	1990	PMID:22325954	Ligand-Receptor	0	complex_component_support_only	0	0	0	0	0		
HGNC:8004	NRP1	O14786	ENSG00000099250	8829	membrane_and_secreted	PlexinA2_complex1	complex	protein	Q14563	Q14563	1990	PMID:22325954	Ligand-Receptor	0	complex_component_support_only	0	0	0	0	0		
HGNC:9100	PLXNA2	O75051	ENSG00000076356	5362	membrane	PlexinA2_complex1	complex	protein	Q14563	Q14563	1990	PMID:22325954	Ligand-Receptor	0	complex_component_support_only	0	0	0	0	0		
HGNC:10723	SEMA3A	Q14563	ENSG00000075213	10371	secreted_only	Q14563	protein	complex	PlexinA3_complex1	O14786;P51805	1991	PMID:22325954	Ligand-Receptor	0	complex_component_support_only	0	0	0	0	0		
HGNC:8004	NRP1	O14786	ENSG00000099250	8829	membrane_and_secreted	PlexinA3_complex1	complex	protein	Q14563	Q14563	1991	PMID:22325954	Ligand-Receptor	0	complex_component_support_only	0	0	0	0	0		
HGNC:9101	PLXNA3	P51805	ENSG00000130827	55558	membrane	PlexinA3_complex1	complex	protein	Q14563	Q14563	1991	PMID:22325954	Ligand-Receptor	0	complex_component_support_only	0	0	0	0	0		
HGNC:10723	SEMA3A	Q14563	ENSG00000075213	10371	secreted_only	Q14563	protein	complex	PlexinA4_complex1	O14786;Q9HCM2	1992	PMID:22325954	Ligand-Receptor	0	complex_component_support_only	0	0	0	0	0		
HGNC:8004	NRP1	O14786	ENSG00000099250	8829	membrane_and_secreted	PlexinA4_complex1	complex	protein	Q14563	Q14563	1992	PMID:22325954	Ligand-Receptor	0	complex_component_support_only	0	0	0	0	0		
HGNC:9102	PLXNA4	Q9HCM2	ENSG00000221866	91584	membrane	PlexinA4_complex1	complex	protein	Q14563	Q14563	1992	PMID:22325954	Ligand-Receptor	0	complex_component_support_only	0	0	0	0	0		
HGNC:10725	SEMA3C	Q99985	ENSG00000075223	10512	secreted_only	Q99985	protein	protein	O60462	O60462	1993	uniprot	Ligand-Receptor	1	single_protein_pair	0	0	0	0	0		
HGNC:8005	NRP2	O60462	ENSG00000118257	8828	membrane_inferred_and_secreted	O60462	protein	protein	Q99985	Q99985	1993	uniprot	Ligand-Receptor	1	single_protein_pair	0	0	0	0	0		
HGNC:10727	SEMA3E	O15041	ENSG00000170381	9723	secreted_only	O15041	protein	protein	Q9Y4D7	Q9Y4D7	1994	PMID:22325954	Ligand-Receptor	1	single_protein_pair	0	0	0	0	0		
HGNC:9107	PLXND1	Q9Y4D7	ENSG00000004399	23129	membrane	Q9Y4D7	protein	protein	O15041	O15041	1994	PMID:22325954	Ligand-Receptor	1	single_protein_pair	0	0	0	0	0		
HGNC:8005	NRP2	O60462	ENSG00000118257	8828	membrane_inferred_and_secreted	O60462	protein	protein	Q13275	Q13275	1995	uniprot	Ligand-Receptor	1	single_protein_pair	0	0	0	0	0		
HGNC:10729	SEMA4A	Q9H3S1	ENSG00000196189	64218	membrane	Q9H3S1	protein	protein	Q9Y4D7	Q9Y4D7	1996	PMID:22325954	Ligand-Receptor	1	single_protein_pair	0	0	0	0	0		
HGNC:9107	PLXND1	Q9Y4D7	ENSG00000004399	23129	membrane	Q9Y4D7	protein	protein	Q9H3S1	Q9H3S1	1996	PMID:22325954	Ligand-Receptor	1	single_protein_pair	0	0	0	0	0		
HGNC:10731	SEMA4C	Q9C0C4	ENSG00000168758	54910	other_or_uncertain	Q9C0C4	protein	protein	O15031	O15031	1997	uniprot	Ligand-Receptor	1	single_protein_pair	0	0	0	0	0		
HGNC:9104	PLXNB2	O15031	ENSG00000196576	23654	membrane	O15031	protein	protein	Q9C0C4	Q9C0C4	1997	uniprot	Ligand-Receptor	1	single_protein_pair	0	0	0	0	0		
HGNC:10732	SEMA4D	Q92854	ENSG00000187764	10507	membrane_and_secreted	Q92854	protein	protein	P21854	P21854	1998	PMID:22325954	Ligand-Receptor	1	single_protein_pair	0	0	0	0	0		
HGNC:1696	CD72	P21854	ENSG00000137101	971	membrane_inferred	P21854	protein	protein	Q92854	Q92854	1998	PMID:22325954	Ligand-Receptor	1	single_protein_pair	0	0	1	1	0		pubmed:35922511|imex:IM-30342
HGNC:10732	SEMA4D	Q92854	ENSG00000187764	10507	membrane_and_secreted	Q92854	protein	protein	O43157	O43157	1999	PMID:22325954	Ligand-Receptor	1	single_protein_pair	1	1	0	1	0	3ol2	
HGNC:9103	PLXNB1	O43157	ENSG00000164050	5364	membrane_and_secreted	O43157	protein	protein	Q92854	Q92854	1999	PMID:22325954	Ligand-Receptor	1	single_protein_pair	1	1	0	1	0	3ol2	
HGNC:10732	SEMA4D	Q92854	ENSG00000187764	10507	membrane_and_secreted	Q92854	protein	protein	O15031	O15031	2000	PMID:22325954	Ligand-Receptor	1	single_protein_pair	0	0	0	0	0		
HGNC:9104	PLXNB2	O15031	ENSG00000196576	23654	membrane	O15031	protein	protein	Q92854	Q92854	2000	PMID:22325954	Ligand-Receptor	1	single_protein_pair	0	0	0	0	0		
HGNC:10732	SEMA4D	Q92854	ENSG00000187764	10507	membrane_and_secreted	Q92854	protein	protein	P08575	P08575	2001	PMID:22325954	Ligand-Receptor	1	single_protein_pair	0	0	0	0	0		
HGNC:9666	PTPRC	P08575	ENSG00000081237	5788	membrane	P08575	protein	protein	Q92854	Q92854	2001	PMID:22325954	Ligand-Receptor	1	single_protein_pair	0	0	0	0	0		
HGNC:10735	SEMA4G	Q9NTN9	ENSG00000095539	57715	membrane	Q9NTN9	protein	protein	O15031	O15031	2002	uniprot	Ligand-Receptor	1	single_protein_pair	0	0	0	0	0		
HGNC:9104	PLXNB2	O15031	ENSG00000196576	23654	membrane	O15031	protein	protein	Q9NTN9	Q9NTN9	2002	uniprot	Ligand-Receptor	1	single_protein_pair	0	0	0	0	0		
HGNC:10736	SEMA5A	Q13591	ENSG00000112902	9037	membrane_inferred	Q13591	protein	protein	Q9ULL4	Q9ULL4	2003	uniprot	Ligand-Receptor	1	single_protein_pair	0	0	0	0	0		
HGNC:9105	PLXNB3	Q9ULL4	ENSG00000198753	5365	membrane	Q9ULL4	protein	protein	Q13591	Q13591	2003	uniprot	Ligand-Receptor	1	single_protein_pair	0	0	0	0	0		
HGNC:10738	SEMA6A	Q9H2E6	ENSG00000092421	57556	membrane	Q9H2E6	protein	complex	PlexinA2_complex1	O14786;O75051	2004	uniprot	Ligand-Receptor	0	complex_component_support_only	0	0	0	0	0		
HGNC:8004	NRP1	O14786	ENSG00000099250	8829	membrane_and_secreted	PlexinA2_complex1	complex	protein	Q9H2E6	Q9H2E6	2004	uniprot	Ligand-Receptor	0	complex_component_support_only	0	0	0	0	0		
HGNC:9100	PLXNA2	O75051	ENSG00000076356	5362	membrane	PlexinA2_complex1	complex	protein	Q9H2E6	Q9H2E6	2004	uniprot	Ligand-Receptor	0	complex_component_support_only	0	0	0	0	0		
HGNC:16770	SEMA6D	Q8NFY4	ENSG00000137872	80031	membrane	Q8NFY4	protein	complex	PlexinA1_complex1	P35968;Q9UIW2	2005	PMID:22325954	Ligand-Receptor	0	complex_component_support_only	0	0	0	0	0		
HGNC:6307	KDR	P35968	ENSG00000128052	3791	membrane_and_secreted	PlexinA1_complex1	complex	protein	Q8NFY4	Q8NFY4	2005	PMID:22325954	Ligand-Receptor	0	complex_component_support_only	0	0	0	0	0		
HGNC:9099	PLXNA1	Q9UIW2	ENSG00000114554	5361	membrane	PlexinA1_complex1	complex	protein	Q8NFY4	Q8NFY4	2005	PMID:22325954	Ligand-Receptor	0	complex_component_support_only	0	0	0	0	0		
HGNC:16770	SEMA6D	Q8NFY4	ENSG00000137872	80031	membrane	Q8NFY4	protein	complex	PlexinA1_complex2	O43914;Q9NZC2;Q9UIW2	2006	PMID:22325954	Ligand-Receptor	0	complex_component_support_only	0	0	0	0	0		
HGNC:12449	TYROBP	O43914	ENSG00000011600	7305	membrane	PlexinA1_complex2	complex	protein	Q8NFY4	Q8NFY4	2006	PMID:22325954	Ligand-Receptor	0	complex_component_support_only	0	0	0	0	0		
HGNC:17761	TREM2	Q9NZC2	ENSG00000095970	54209	membrane_and_secreted	PlexinA1_complex2	complex	protein	Q8NFY4	Q8NFY4	2006	PMID:22325954	Ligand-Receptor	0	complex_component_support_only	0	0	0	0	0		
HGNC:9099	PLXNA1	Q9UIW2	ENSG00000114554	5361	membrane	PlexinA1_complex2	complex	protein	Q8NFY4	Q8NFY4	2006	PMID:22325954	Ligand-Receptor	0	complex_component_support_only	0	0	0	0	0		
HGNC:10741	SEMA7A	O75326	ENSG00000138623	8482	membrane	O75326	protein	complex	integrin_a1b1_complex	P05556;P56199	2007	PMID:22325954	Ligand-Receptor	0	complex_component_support_only	0	0	0	0	0		
HGNC:6153	ITGB1	P05556	ENSG00000150093	3688	membrane	integrin_a1b1_complex	complex	protein	O75326	O75326	2007	PMID:22325954	Ligand-Receptor	0	complex_component_support_only	0	0	0	0	0		
HGNC:6134	ITGA1	P56199	ENSG00000213949	3672	membrane_inferred	integrin_a1b1_complex	complex	protein	O75326	O75326	2007	PMID:22325954	Ligand-Receptor	0	complex_component_support_only	0	0	0	0	0		
HGNC:10741	SEMA7A	O75326	ENSG00000138623	8482	membrane	O75326	protein	protein	O60486	O60486	2008	PMID:22325954	Ligand-Receptor	1	single_protein_pair	1	1	0	1	0	3nvq	
HGNC:9106	PLXNC1	O60486	ENSG00000136040	10154	membrane_inferred	O60486	protein	protein	O75326	O75326	2008	PMID:22325954	Ligand-Receptor	1	single_protein_pair	1	1	0	1	0	3nvq	
HGNC:5286	HTR1A	P08908	ENSG00000178394	3350	membrane	P08908	protein	chemical	5-HT		2009;2022;2035;2048;2061;2074	uniprot;reactome;IUPHAR	Ligand-Receptor	0	chemical_identity_not_mapped	0	0	0	0	0		
HGNC:5287	HTR1B	P28222	ENSG00000135312	3351	membrane	P28222	protein	chemical	5-HT		2010;2023;2036;2049;2062;2075	uniprot;reactome;IUPHAR	Ligand-Receptor	0	chemical_identity_not_mapped	0	0	0	0	0		
HGNC:5289	HTR1D	P28221	ENSG00000179546	3352	membrane	P28221	protein	chemical	5-HT		2011;2024;2037;2050;2063;2076	uniprot;reactome;IUPHAR	Ligand-Receptor	0	chemical_identity_not_mapped	0	0	0	0	0		
HGNC:5291	HTR1E	P28566	ENSG00000168830	3354	membrane	P28566	protein	chemical	5-HT		2012;2025;2038;2051;2064;2077	uniprot;reactome;IUPHAR	Ligand-Receptor	0	chemical_identity_not_mapped	0	0	0	0	0		
HGNC:5292	HTR1F	P30939	ENSG00000179097	3355	membrane	P30939	protein	chemical	5-HT		2013;2026;2039;2052;2065;2078	uniprot;reactome;IUPHAR	Ligand-Receptor	0	chemical_identity_not_mapped	0	0	0	0	0		
HGNC:5293	HTR2A	P28223	ENSG00000102468	3356	membrane	P28223	protein	chemical	5-HT		2014;2027;2040;2053;2066;2079	uniprot;reactome;IUPHAR	Ligand-Receptor	0	chemical_identity_not_mapped	0	0	0	0	0		
HGNC:5294	HTR2B	P41595	ENSG00000135914	3357	membrane	P41595	protein	chemical	5-HT		2015;2028;2041;2054;2067;2080	uniprot;reactome;IUPHAR	Ligand-Receptor	0	chemical_identity_not_mapped	0	0	0	0	0		
HGNC:5295	HTR2C	P28335	ENSG00000147246	3358	membrane	P28335	protein	chemical	5-HT		2016;2029;2042;2055;2068;2081	uniprot;reactome;IUPHAR	Ligand-Receptor	0	chemical_identity_not_mapped	0	0	0	0	0		
HGNC:24005	HTR3E	A5X5Y0	ENSG00000186038	285242	membrane	5HTR3_complex	complex	chemical	5-HT		2017;2030;2043;2056;2069;2082	uniprot;reactome;IUPHAR	Ligand-Receptor	0	chemical_identity_not_mapped	0	0	0	0	0		
HGNC:5298	HTR3B	O95264	ENSG00000149305	9177	membrane	5HTR3_complex	complex	chemical	5-HT		2017;2030;2043;2056;2069;2082	uniprot;reactome;IUPHAR	Ligand-Receptor	0	chemical_identity_not_mapped	0	0	0	0	0		
HGNC:5297	HTR3A	P46098	ENSG00000166736	3359	membrane	5HTR3_complex	complex	chemical	5-HT		2017;2030;2043;2056;2069;2082	uniprot;reactome;IUPHAR	Ligand-Receptor	0	chemical_identity_not_mapped	0	0	0	0	0		
HGNC:24004	HTR3D	Q70Z44	ENSG00000186090	200909	membrane	5HTR3_complex	complex	chemical	5-HT		2017;2030;2043;2056;2069;2082	uniprot;reactome;IUPHAR	Ligand-Receptor	0	chemical_identity_not_mapped	0	0	0	0	0		
HGNC:24003	HTR3C	Q8WXA8	ENSG00000178084	170572	membrane	5HTR3_complex	complex	chemical	5-HT		2017;2030;2043;2056;2069;2082	uniprot;reactome;IUPHAR	Ligand-Receptor	0	chemical_identity_not_mapped	0	0	0	0	0		
HGNC:5299	HTR4	Q13639	ENSG00000164270	3360	membrane	Q13639	protein	chemical	5-HT		2018;2031;2044;2057;2070;2083	uniprot;reactome;IUPHAR	Ligand-Receptor	0	chemical_identity_not_mapped	0	0	0	0	0		
HGNC:5300	HTR5A	P47898	ENSG00000157219	3361	membrane	P47898	protein	chemical	5-HT		2019;2032;2045;2058;2071;2084	uniprot;reactome;IUPHAR	Ligand-Receptor	0	chemical_identity_not_mapped	0	0	0	0	0		
HGNC:5301	HTR6	P50406	ENSG00000158748	3362	membrane	P50406	protein	chemical	5-HT		2020;2033;2046;2059;2072;2085	uniprot;reactome;IUPHAR	Ligand-Receptor	0	chemical_identity_not_mapped	0	0	0	0	0		
HGNC:5302	HTR7	P34969	ENSG00000148680	3363	membrane	P34969	protein	chemical	5-HT		2021;2034;2047;2060;2073;2086	uniprot;reactome;IUPHAR	Ligand-Receptor	0	chemical_identity_not_mapped	0	0	0	0	0		
HGNC:3020	DRD1	P21728	ENSG00000184845	1812	membrane	P21728	protein	chemical	SerotoninDopamin		2087	uniprot;reactome	Ligand-Receptor	0	chemical_identity_not_mapped	0	0	0	0	0		
HGNC:3023	DRD2	P14416	ENSG00000149295	1813	membrane	P14416	protein	chemical	SerotoninDopamin		2088	uniprot;reactome	Ligand-Receptor	0	chemical_identity_not_mapped	0	0	0	0	0		
HGNC:3024	DRD3	P35462	ENSG00000151577	1814	membrane	P35462	protein	chemical	SerotoninDopamin		2089	uniprot;reactome	Ligand-Receptor	0	chemical_identity_not_mapped	0	0	0	0	0		
HGNC:3025	DRD4	P21917	ENSG00000069696	1815	membrane	P21917	protein	chemical	SerotoninDopamin		2090	uniprot;reactome	Ligand-Receptor	0	chemical_identity_not_mapped	0	0	0	0	0		
HGNC:3026	DRD5	P21918	ENSG00000169676	1816	membrane	P21918	protein	chemical	SerotoninDopamin		2091	uniprot;reactome	Ligand-Receptor	0	chemical_identity_not_mapped	0	0	0	0	0		
HGNC:5286	HTR1A	P08908	ENSG00000178394	3350	membrane	P08908	protein	chemical	SerotoninDopamin		2092	HMRbase;uniprot;reactome	Ligand-Receptor	0	chemical_identity_not_mapped	0	0	0	0	0		
HGNC:5287	HTR1B	P28222	ENSG00000135312	3351	membrane	P28222	protein	chemical	SerotoninDopamin		2093	uniprot;reactome	Ligand-Receptor	0	chemical_identity_not_mapped	0	0	0	0	0		
HGNC:5289	HTR1D	P28221	ENSG00000179546	3352	membrane	P28221	protein	chemical	SerotoninDopamin		2094	uniprot;reactome	Ligand-Receptor	0	chemical_identity_not_mapped	0	0	0	0	0		
HGNC:5291	HTR1E	P28566	ENSG00000168830	3354	membrane	P28566	protein	chemical	SerotoninDopamin		2095	uniprot;reactome	Ligand-Receptor	0	chemical_identity_not_mapped	0	0	0	0	0		
HGNC:5292	HTR1F	P30939	ENSG00000179097	3355	membrane	P30939	protein	chemical	SerotoninDopamin		2096	uniprot;reactome	Ligand-Receptor	0	chemical_identity_not_mapped	0	0	0	0	0		
HGNC:5293	HTR2A	P28223	ENSG00000102468	3356	membrane	P28223	protein	chemical	SerotoninDopamin		2097	HMRbase;uniprot;reactome	Ligand-Receptor	0	chemical_identity_not_mapped	0	0	0	0	0		
HGNC:5294	HTR2B	P41595	ENSG00000135914	3357	membrane	P41595	protein	chemical	SerotoninDopamin		2098	uniprot;reactome	Ligand-Receptor	0	chemical_identity_not_mapped	0	0	0	0	0		
HGNC:5295	HTR2C	P28335	ENSG00000147246	3358	membrane	P28335	protein	chemical	SerotoninDopamin		2099	HMRbase;uniprot;reactome	Ligand-Receptor	0	chemical_identity_not_mapped	0	0	0	0	0		
HGNC:5297	HTR3A	P46098	ENSG00000166736	3359	membrane	P46098	protein	chemical	SerotoninDopamin		2100	HMRbase;uniprot	Ligand-Receptor	0	chemical_identity_not_mapped	0	0	0	0	0		
HGNC:5298	HTR3B	O95264	ENSG00000149305	9177	membrane	O95264	protein	chemical	SerotoninDopamin		2101	uniprot	Ligand-Receptor	0	chemical_identity_not_mapped	0	0	0	0	0		
HGNC:24003	HTR3C	Q8WXA8	ENSG00000178084	170572	membrane	Q8WXA8	protein	chemical	SerotoninDopamin		2102	uniprot	Ligand-Receptor	0	chemical_identity_not_mapped	0	0	0	0	0		
HGNC:24004	HTR3D	Q70Z44	ENSG00000186090	200909	membrane	Q70Z44	protein	chemical	SerotoninDopamin		2103	uniprot	Ligand-Receptor	0	chemical_identity_not_mapped	0	0	0	0	0		
HGNC:24005	HTR3E	A5X5Y0	ENSG00000186038	285242	membrane	A5X5Y0	protein	chemical	SerotoninDopamin		2104	uniprot	Ligand-Receptor	0	chemical_identity_not_mapped	0	0	0	0	0		
HGNC:5299	HTR4	Q13639	ENSG00000164270	3360	membrane	Q13639	protein	chemical	SerotoninDopamin		2105	HMRbase;uniprot;reactome	Ligand-Receptor	0	chemical_identity_not_mapped	0	0	0	0	0		
HGNC:5300	HTR5A	P47898	ENSG00000157219	3361	membrane	P47898	protein	chemical	SerotoninDopamin		2106	HMRbase;uniprot;reactome	Ligand-Receptor	0	chemical_identity_not_mapped	0	0	0	0	0		
HGNC:5301	HTR6	P50406	ENSG00000158748	3362	membrane	P50406	protein	chemical	SerotoninDopamin		2107	uniprot;reactome	Ligand-Receptor	0	chemical_identity_not_mapped	0	0	0	0	0		
HGNC:5302	HTR7	P34969	ENSG00000148680	3363	membrane	P34969	protein	chemical	SerotoninDopamin		2108	uniprot;reactome	Ligand-Receptor	0	chemical_identity_not_mapped	0	0	0	0	0		
HGNC:17734	TAAR1	Q96RJ0	ENSG00000146399	134864	membrane	Q96RJ0	protein	chemical	b-PEA		2109	uniprot;reactome;IUPHAR	Ligand-Receptor	0	chemical_identity_not_mapped	0	0	0	0	0		
HGNC:3020	DRD1	P21728	ENSG00000184845	1812	membrane	P21728	protein	chemical	Dopamine		2110;2115;2120	uniprot;reactome;IUPHAR	Ligand-Receptor	0	chemical_identity_not_mapped	0	0	0	0	0		
HGNC:3023	DRD2	P14416	ENSG00000149295	1813	membrane	P14416	protein	chemical	Dopamine		2111;2116;2121	uniprot;reactome;IUPHAR	Ligand-Receptor	0	chemical_identity_not_mapped	0	0	0	0	0		
HGNC:3024	DRD3	P35462	ENSG00000151577	1814	membrane	P35462	protein	chemical	Dopamine		2112;2117;2122	uniprot;reactome;IUPHAR	Ligand-Receptor	0	chemical_identity_not_mapped	0	0	0	0	0		
HGNC:3025	DRD4	P21917	ENSG00000069696	1815	membrane	P21917	protein	chemical	Dopamine		2113;2118;2123	uniprot;reactome;IUPHAR	Ligand-Receptor	0	chemical_identity_not_mapped	0	0	0	0	0		
HGNC:3026	DRD5	P21918	ENSG00000169676	1816	membrane	P21918	protein	chemical	Dopamine		2114;2119;2124	uniprot;reactome;IUPHAR	Ligand-Receptor	0	chemical_identity_not_mapped	0	0	0	0	0		
HGNC:20297	SLITRK1	Q96PX8	ENSG00000178235	114798	membrane_inferred_and_secreted	Q96PX8	protein	protein	P23468	P23468	2125	PMID:29100073;PMID:34966732	Ligand-Receptor	1	single_protein_pair	1	1	0	1	0	4rca	
HGNC:9668	PTPRD	P23468	ENSG00000153707	5789	membrane_inferred	P23468	protein	protein	Q96PX8	Q96PX8	2125	PMID:29100073;PMID:34966732	Ligand-Receptor	1	single_protein_pair	1	1	0	1	0	4rca	
HGNC:20297	SLITRK1	Q96PX8	ENSG00000178235	114798	membrane_inferred_and_secreted	Q96PX8	protein	protein	Q13332	Q13332	2126	PMID:29100073;PMID:34966732	Ligand-Receptor	1	single_protein_pair	0	0	0	0	0		
HGNC:9681	PTPRS	Q13332	ENSG00000105426	5802	membrane	Q13332	protein	protein	Q96PX8	Q96PX8	2126	PMID:29100073;PMID:34966732	Ligand-Receptor	1	single_protein_pair	0	0	0	0	0		
HGNC:13449	SLITRK2	Q9H156	ENSG00000185985	84631	membrane	Q9H156	protein	protein	P23468	P23468	2127	PMID:29100073;PMID:34966732	Ligand-Receptor	1	single_protein_pair	0	0	0	0	0		
HGNC:9668	PTPRD	P23468	ENSG00000153707	5789	membrane_inferred	P23468	protein	protein	Q9H156	Q9H156	2127	PMID:29100073;PMID:34966732	Ligand-Receptor	1	single_protein_pair	0	0	0	0	0		
HGNC:13449	SLITRK2	Q9H156	ENSG00000185985	84631	membrane	Q9H156	protein	protein	Q13332	Q13332	2128	PMID:29100073;PMID:34966732	Ligand-Receptor	1	single_protein_pair	0	0	0	0	0		
HGNC:9681	PTPRS	Q13332	ENSG00000105426	5802	membrane	Q13332	protein	protein	Q9H156	Q9H156	2128	PMID:29100073;PMID:34966732	Ligand-Receptor	1	single_protein_pair	0	0	0	0	0		
HGNC:23501	SLITRK3	O94933	ENSG00000121871	22865	membrane_inferred	O94933	protein	protein	P23468	P23468	2129	PMID:29100073;PMID:34966732	Ligand-Receptor	1	single_protein_pair	0	0	0	0	0		
HGNC:9668	PTPRD	P23468	ENSG00000153707	5789	membrane_inferred	P23468	protein	protein	O94933	O94933	2129	PMID:29100073;PMID:34966732	Ligand-Receptor	1	single_protein_pair	0	0	0	0	0		
HGNC:23502	SLITRK4	Q8IW52	ENSG00000179542	139065	membrane	Q8IW52	protein	protein	P78380	P78380	2130	Shilts screen - VALIDATED	Ligand-Receptor	1	single_protein_pair	0	0	0	0	0		
HGNC:8133	OLR1	P78380	ENSG00000173391	4973	membrane_and_secreted	P78380	protein	protein	Q8IW52	Q8IW52	2130	Shilts screen - VALIDATED	Ligand-Receptor	1	single_protein_pair	0	0	1	1	0		pubmed:35922511|imex:IM-30342
HGNC:23502	SLITRK4	Q8IW52	ENSG00000179542	139065	membrane	Q8IW52	protein	protein	Q13332	Q13332	2131	PMID:29100073;PMID:34966732	Ligand-Receptor	1	single_protein_pair	0	0	0	0	0		
HGNC:9681	PTPRS	Q13332	ENSG00000105426	5802	membrane	Q13332	protein	protein	Q8IW52	Q8IW52	2131	PMID:29100073;PMID:34966732	Ligand-Receptor	1	single_protein_pair	0	0	0	0	0		
HGNC:20295	SLITRK5	O94991	ENSG00000165300	26050	membrane_inferred	O94991	protein	protein	Q13332	Q13332	2132	PMID:29100073;PMID:34966732	Ligand-Receptor	1	single_protein_pair	0	0	0	0	0		
HGNC:9681	PTPRS	Q13332	ENSG00000105426	5802	membrane	Q13332	protein	protein	O94991	O94991	2132	PMID:29100073;PMID:34966732	Ligand-Receptor	1	single_protein_pair	0	0	0	0	0		
HGNC:23503	SLITRK6	Q9H5Y7	ENSG00000184564	84189	membrane	Q9H5Y7	protein	protein	Q13332	Q13332	2133	PMID:29100073;PMID:34966732	Ligand-Receptor	1	single_protein_pair	0	0	0	0	0		
HGNC:9681	PTPRS	Q13332	ENSG00000105426	5802	membrane	Q13332	protein	protein	Q9H5Y7	Q9H5Y7	2133	PMID:29100073;PMID:34966732	Ligand-Receptor	1	single_protein_pair	0	0	0	0	0		
HGNC:10249	ROBO1	Q9Y6N7	ENSG00000169855	6091	membrane	Q9Y6N7	protein	protein	O75093	O75093	2134	uniprot;PMID:10102268	Ligand-Receptor	1	single_protein_pair	0	0	0	0	0		
HGNC:11086	SLIT2	O94813	ENSG00000145147	9353	secreted_only	O94813	protein	protein	Q9Y6N7	Q9Y6N7	2135	reactome;uniprot;PMID:10102268	Ligand-Receptor	1	single_protein_pair	1	1	1	1	0	2v9t	pubmed:17848514|imex:IM-9684
HGNC:10249	ROBO1	Q9Y6N7	ENSG00000169855	6091	membrane	Q9Y6N7	protein	protein	O94813	O94813	2135	reactome;uniprot;PMID:10102268	Ligand-Receptor	1	single_protein_pair	1	1	1	1	0	2v9t	pubmed:17848514|imex:IM-9684
HGNC:11086	SLIT2	O94813	ENSG00000145147	9353	secreted_only	O94813	protein	protein	Q9HCK4	Q9HCK4	2136	uniprot;PMID:10102268	Ligand-Receptor	1	single_protein_pair	0	0	0	0	0		
HGNC:10250	ROBO2	Q9HCK4	ENSG00000185008	6092	membrane_inferred	Q9HCK4	protein	protein	O94813	O94813	2136	uniprot;PMID:10102268	Ligand-Receptor	1	single_protein_pair	0	0	0	0	0		
HGNC:11330	SSTR1	P30872	ENSG00000139874	6751	membrane	P30872	protein	protein	O00230	O00230	2137	uniprot;HMRbase;reactome	Ligand-Receptor	1	single_protein_pair	0	0	0	0	0		
HGNC:11331	SSTR2	P30874	ENSG00000180616	6752	membrane	P30874	protein	protein	O00230	O00230	2138	uniprot;HMRbase;reactome	Ligand-Receptor	1	single_protein_pair	0	0	0	0	0		
HGNC:11332	SSTR3	P32745	ENSG00000278195	6753	membrane	P32745	protein	protein	O00230	O00230	2139	uniprot;HMRbase;reactome	Ligand-Receptor	1	single_protein_pair	0	0	0	0	0		
HGNC:11333	SSTR4	P31391	ENSG00000132671	6754	membrane	P31391	protein	protein	O00230	O00230	2140	uniprot;HMRbase;reactome	Ligand-Receptor	1	single_protein_pair	0	0	0	0	0		
HGNC:11334	SSTR5	P35346	ENSG00000162009	6755	membrane	P35346	protein	protein	O00230	O00230	2141	uniprot;HMRbase;reactome	Ligand-Receptor	1	single_protein_pair	1	0	0	0	0		
HGNC:4263	GHR	P10912	ENSG00000112964	2690	membrane_and_secreted	P10912	protein	protein	P01241	P01241	2142	uniprot;HMRbase	Ligand-Receptor	1	single_protein_pair	1	1	1	1	0	1a22;1axi;1hwg;1hwh;1kf9;3hhr	pubmed:8943276
HGNC:4263	GHR	P10912	ENSG00000112964	2690	membrane_and_secreted	P10912	protein	protein	P01242	P01242	2143	uniprot;HMRbase	Ligand-Receptor	1	single_protein_pair	0	0	0	0	0		
HGNC:11330	SSTR1	P30872	ENSG00000139874	6751	membrane	P30872	protein	protein	P61278	P61278	2144	uniprot;HMRbase;reactome	Ligand-Receptor	1	single_protein_pair	0	0	0	0	0		
HGNC:11331	SSTR2	P30874	ENSG00000180616	6752	membrane	P30874	protein	protein	P61278	P61278	2145	uniprot;HMRbase;reactome	Ligand-Receptor	1	single_protein_pair	1	0	0	0	0		
HGNC:11332	SSTR3	P32745	ENSG00000278195	6753	membrane	P32745	protein	protein	P61278	P61278	2146	uniprot;HMRbase;reactome	Ligand-Receptor	1	single_protein_pair	1	0	0	0	0		
HGNC:11333	SSTR4	P31391	ENSG00000132671	6754	membrane	P31391	protein	protein	P61278	P61278	2147	uniprot;HMRbase;reactome	Ligand-Receptor	1	single_protein_pair	1	0	0	0	0		
HGNC:11334	SSTR5	P35346	ENSG00000162009	6755	membrane	P35346	protein	protein	P61278	P61278	2148	uniprot;HMRbase;reactome	Ligand-Receptor	1	single_protein_pair	1	0	0	0	0		
HGNC:10848	SHH	Q15465	ENSG00000164690	6469	membrane_and_secreted	Q15465	protein	complex	PTCH_BOC_transmembrane_receptor	Q13635;Q9BWV1	2149	reactome	Ligand-Receptor	0	complex_component_support_only	0	0	0	0	0		
HGNC:9585	PTCH1	Q13635	ENSG00000185920	5727	membrane	PTCH_BOC_transmembrane_receptor	complex	protein	Q15465	Q15465	2149	reactome	Ligand-Receptor	0	complex_component_support_only	0	0	0	0	1	6dmy;6e1h;6n7g;6n7h;6n7k;6oev;6rmg;6rvd	
HGNC:17173	BOC	Q9BWV1	ENSG00000144857	91653	membrane	PTCH_BOC_transmembrane_receptor	complex	protein	Q15465	Q15465	2149	reactome	Ligand-Receptor	0	complex_component_support_only	0	0	0	0	0		
HGNC:10848	SHH	Q15465	ENSG00000164690	6469	membrane_and_secreted	Q15465	protein	complex	PTCH2_BOC_transmembrane_receptor	Q9BWV1;Q9Y6C5	2150	PMID:25448692	Ligand-Receptor	0	complex_component_support_only	0	0	0	0	0		
HGNC:17173	BOC	Q9BWV1	ENSG00000144857	91653	membrane	PTCH2_BOC_transmembrane_receptor	complex	protein	Q15465	Q15465	2150	PMID:25448692	Ligand-Receptor	0	complex_component_support_only	0	0	0	0	0		
HGNC:9586	PTCH2	Q9Y6C5	ENSG00000117425	8643	membrane	PTCH2_BOC_transmembrane_receptor	complex	protein	Q15465	Q15465	2150	PMID:25448692	Ligand-Receptor	0	complex_component_support_only	0	0	0	0	0		
HGNC:10848	SHH	Q15465	ENSG00000164690	6469	membrane_and_secreted	Q15465	protein	complex	PTCH_CDON_transmembrane_receptor	Q13635;Q4KMG0	2151	reactome	Ligand-Receptor	0	complex_component_support_only	0	0	0	0	0		
HGNC:9585	PTCH1	Q13635	ENSG00000185920	5727	membrane	PTCH_CDON_transmembrane_receptor	complex	protein	Q15465	Q15465	2151	reactome	Ligand-Receptor	0	complex_component_support_only	0	0	0	0	1	6dmy;6e1h;6n7g;6n7h;6n7k;6oev;6rmg;6rvd	
HGNC:17104	CDON	Q4KMG0	ENSG00000064309	50937	membrane	PTCH_CDON_transmembrane_receptor	complex	protein	Q15465	Q15465	2151	reactome	Ligand-Receptor	0	complex_component_support_only	0	0	0	0	0		
HGNC:10848	SHH	Q15465	ENSG00000164690	6469	membrane_and_secreted	Q15465	protein	complex	PTCH2_CDON_transmembrane_receptor	Q4KMG0;Q9Y6C5	2152	PMID:25448692	Ligand-Receptor	0	complex_component_support_only	0	0	0	0	0		
HGNC:17104	CDON	Q4KMG0	ENSG00000064309	50937	membrane	PTCH2_CDON_transmembrane_receptor	complex	protein	Q15465	Q15465	2152	PMID:25448692	Ligand-Receptor	0	complex_component_support_only	0	0	0	0	0		
HGNC:9586	PTCH2	Q9Y6C5	ENSG00000117425	8643	membrane	PTCH2_CDON_transmembrane_receptor	complex	protein	Q15465	Q15465	2152	PMID:25448692	Ligand-Receptor	0	complex_component_support_only	0	0	0	0	0		
HGNC:10848	SHH	Q15465	ENSG00000164690	6469	membrane_and_secreted	Q15465	protein	complex	PTCH_GAS1_transmembrane_receptor	P54826;Q13635	2153	reactome	Ligand-Receptor	0	complex_component_support_only	0	0	0	0	0		
HGNC:4165	GAS1	P54826	ENSG00000180447	2619	membrane	PTCH_GAS1_transmembrane_receptor	complex	protein	Q15465	Q15465	2153	reactome	Ligand-Receptor	0	complex_component_support_only	0	0	0	0	1	7rhq	
HGNC:9585	PTCH1	Q13635	ENSG00000185920	5727	membrane	PTCH_GAS1_transmembrane_receptor	complex	protein	Q15465	Q15465	2153	reactome	Ligand-Receptor	0	complex_component_support_only	0	0	0	0	1	6dmy;6e1h;6n7g;6n7h;6n7k;6oev;6rmg;6rvd	
HGNC:10848	SHH	Q15465	ENSG00000164690	6469	membrane_and_secreted	Q15465	protein	complex	PTCH2_GAS1_transmembrane_receptor	P54826;Q9Y6C5	2154	PMID:25448692	Ligand-Receptor	0	complex_component_support_only	0	0	0	0	0		
HGNC:4165	GAS1	P54826	ENSG00000180447	2619	membrane	PTCH2_GAS1_transmembrane_receptor	complex	protein	Q15465	Q15465	2154	PMID:25448692	Ligand-Receptor	0	complex_component_support_only	0	0	0	0	1	7rhq	
HGNC:9586	PTCH2	Q9Y6C5	ENSG00000117425	8643	membrane	PTCH2_GAS1_transmembrane_receptor	complex	protein	Q15465	Q15465	2154	PMID:25448692	Ligand-Receptor	0	complex_component_support_only	0	0	0	0	0		
HGNC:10848	SHH	Q15465	ENSG00000164690	6469	membrane_and_secreted	Q15465	protein	protein	Q96QV1	Q96QV1	2155	reactome;PMID:10050855;PMID:19561611	Ligand-Ligand	1	single_protein_pair	1	0	0	0	0		
HGNC:14866	HHIP	Q96QV1	ENSG00000164161	64399	membrane_and_secreted	Q96QV1	protein	protein	Q15465	Q15465	2155	reactome;PMID:10050855;PMID:19561611	Ligand-Ligand	1	single_protein_pair	1	0	0	0	0		
HGNC:4133	GALR2	O43603	ENSG00000182687	8811	membrane	GALR2	complex	protein	Q9BT56	Q9BT56	2156	uniprot	Ligand-Receptor	0	complex_component_support_only	0	0	0	0	0		
HGNC:23624	GPR151	Q8TDV0	ENSG00000173250	134391	membrane	GALR2	complex	protein	Q9BT56	Q9BT56	2156	uniprot	Ligand-Receptor	0	complex_component_support_only	0	0	0	0	0		
HGNC:4134	GALR3	O60755	ENSG00000128310	8484	membrane	GALR3	complex	protein	Q9BT56	Q9BT56	2157	uniprot	Ligand-Receptor	0	complex_component_support_only	0	0	0	0	0		
HGNC:23624	GPR151	Q8TDV0	ENSG00000173250	134391	membrane	GALR3	complex	protein	Q9BT56	Q9BT56	2157	uniprot	Ligand-Receptor	0	complex_component_support_only	0	0	0	0	0		
HGNC:10658	SDC1	P18827	ENSG00000115884	6382	membrane_inferred_and_secreted	P18827	protein	protein	Q96PE1	Q96PE1	2158	uniprot;reactome;IUPHAR	Ligand-Receptor	1	single_protein_pair	0	0	0	0	0		
HGNC:17849	ADGRA2	Q96PE1	ENSG00000020181	25960	membrane	Q96PE1	protein	protein	P18827	P18827	2158	uniprot;reactome;IUPHAR	Ligand-Receptor	1	single_protein_pair	0	0	0	0	0		
HGNC:10659	SDC2	P34741	ENSG00000169439	6383	membrane_inferred	P34741	protein	protein	Q96PE1	Q96PE1	2159	uniprot;reactome;IUPHAR	Ligand-Receptor	1	single_protein_pair	0	0	0	0	0		
HGNC:17849	ADGRA2	Q96PE1	ENSG00000020181	25960	membrane	Q96PE1	protein	protein	P34741	P34741	2159	uniprot;reactome;IUPHAR	Ligand-Receptor	1	single_protein_pair	0	0	0	0	0		
HGNC:11526	TACR1	P25103	ENSG00000115353	6869	membrane	P25103	protein	protein	P20366	P20366	2160	uniprot;reactome	Ligand-Receptor	1	single_protein_pair	1	1	0	1	0	2ks9;2ksa	
HGNC:11527	TACR2	P21452	ENSG00000075073	6865	membrane	P21452	protein	protein	P20366	P20366	2161	uniprot;reactome	Ligand-Receptor	1	single_protein_pair	1	0	0	0	0		
HGNC:11528	TACR3	P29371	ENSG00000169836	6870	membrane	P29371	protein	protein	P20366	P20366	2162	GPCRdb (https://gpcrdb.org/ligand/endogenousbrowser/)	Ligand-Receptor	1	single_protein_pair	1	0	0	0	0		
HGNC:11526	TACR1	P25103	ENSG00000115353	6869	membrane	P25103	protein	protein	Q9UHF0	Q9UHF0	2163	GPCRdb (https://gpcrdb.org/ligand/endogenousbrowser/)	Ligand-Receptor	1	single_protein_pair	0	0	0	0	0		
HGNC:11527	TACR2	P21452	ENSG00000075073	6865	membrane	P21452	protein	protein	Q9UHF0	Q9UHF0	2164	GPCRdb (https://gpcrdb.org/ligand/endogenousbrowser/)	Ligand-Receptor	1	single_protein_pair	0	0	0	0	0		
HGNC:11528	TACR3	P29371	ENSG00000169836	6870	membrane	P29371	protein	protein	Q9UHF0	Q9UHF0	2165	uniprot;reactome	Ligand-Receptor	1	single_protein_pair	1	0	0	0	0		
HGNC:4463	CMKLR2	P46091	ENSG00000183671	2825	membrane	P46091	protein	protein	Q7Z5A9	Q7Z5A9	2166	uniprot	Ligand-Receptor	1	single_protein_pair	0	0	0	0	0		
HGNC:3826	FPR1	P21462	ENSG00000171051	2357	membrane	P21462	protein	protein	Q96LR4	Q96LR4	2167	uniprot	Ligand-Receptor	1	single_protein_pair	0	0	0	0	0		
HGNC:3827	FPR2	P25090	ENSG00000171049	2358	membrane	P25090	protein	protein	Q7Z5A7	Q7Z5A7	2168	uniprot	Ligand-Receptor	1	single_protein_pair	0	0	0	0	0		
HGNC:3169	S1PR2	O95136	ENSG00000267534	9294	membrane	O95136	protein	protein	Q7Z5A7	Q7Z5A7	2169	uniprot	Ligand-Receptor	1	single_protein_pair	0	0	0	0	0		
HGNC:8117	TENM1	Q9UKZ4	ENSG00000009694	10178	membrane	Q9UKZ4	protein	protein	O94910	O94910	2170	PMID:29100073;PMID:31354411	Ligand-Receptor	1	single_protein_pair	0	0	0	0	0		
HGNC:20973	ADGRL1	O94910	ENSG00000072071	22859	membrane	O94910	protein	protein	Q9UKZ4	Q9UKZ4	2170	PMID:29100073;PMID:31354411	Ligand-Receptor	1	single_protein_pair	0	0	0	0	0		
HGNC:8117	TENM1	Q9UKZ4	ENSG00000009694	10178	membrane	Q9UKZ4	protein	protein	O95490	O95490	2171	PMID:29100073;PMID:31354411	Ligand-Receptor	1	single_protein_pair	0	0	0	0	0		
HGNC:18582	ADGRL2	O95490	ENSG00000117114	23266	membrane	O95490	protein	protein	Q9UKZ4	Q9UKZ4	2171	PMID:29100073;PMID:31354411	Ligand-Receptor	1	single_protein_pair	0	0	0	0	0		
HGNC:8117	TENM1	Q9UKZ4	ENSG00000009694	10178	membrane	Q9UKZ4	protein	protein	Q9HAR2	Q9HAR2	2172	PMID:29100073;PMID:31354411	Ligand-Receptor	1	single_protein_pair	0	0	0	0	0		
HGNC:20974	ADGRL3	Q9HAR2	ENSG00000150471	23284	membrane	Q9HAR2	protein	protein	Q9UKZ4	Q9UKZ4	2172	PMID:29100073;PMID:31354411	Ligand-Receptor	1	single_protein_pair	0	0	0	0	0		
HGNC:29943	TENM2	Q9NT68	ENSG00000145934	57451	membrane	Q9NT68	protein	protein	O94910	O94910	2173	PMID:29100073;PMID:31354411	Ligand-Receptor	1	single_protein_pair	0	0	0	0	0		
HGNC:20973	ADGRL1	O94910	ENSG00000072071	22859	membrane	O94910	protein	protein	Q9NT68	Q9NT68	2173	PMID:29100073;PMID:31354411	Ligand-Receptor	1	single_protein_pair	0	0	0	0	0		
HGNC:29943	TENM2	Q9NT68	ENSG00000145934	57451	membrane	Q9NT68	protein	protein	O95490	O95490	2174	PMID:29100073;PMID:31354411	Ligand-Receptor	1	single_protein_pair	0	0	0	0	0		
HGNC:18582	ADGRL2	O95490	ENSG00000117114	23266	membrane	O95490	protein	protein	Q9NT68	Q9NT68	2174	PMID:29100073;PMID:31354411	Ligand-Receptor	1	single_protein_pair	0	0	0	0	0		
HGNC:29943	TENM2	Q9NT68	ENSG00000145934	57451	membrane	Q9NT68	protein	protein	Q9HAR2	Q9HAR2	2175	PMID:29100073;PMID:31354411	Ligand-Receptor	1	single_protein_pair	1	1	0	1	0	6vhh	
HGNC:20974	ADGRL3	Q9HAR2	ENSG00000150471	23284	membrane	Q9HAR2	protein	protein	Q9NT68	Q9NT68	2175	PMID:29100073;PMID:31354411	Ligand-Receptor	1	single_protein_pair	1	1	0	1	0	6vhh	
HGNC:29944	TENM3	Q9P273	ENSG00000218336	55714	membrane	Q9P273	protein	protein	O94910	O94910	2176	PMID:29100073;PMID:31354411	Ligand-Receptor	1	single_protein_pair	0	0	0	0	0		
HGNC:20973	ADGRL1	O94910	ENSG00000072071	22859	membrane	O94910	protein	protein	Q9P273	Q9P273	2176	PMID:29100073;PMID:31354411	Ligand-Receptor	1	single_protein_pair	0	0	0	0	0		
HGNC:29944	TENM3	Q9P273	ENSG00000218336	55714	membrane	Q9P273	protein	protein	O95490	O95490	2177	PMID:29100073;PMID:31354411	Ligand-Receptor	1	single_protein_pair	0	0	0	0	0		
HGNC:18582	ADGRL2	O95490	ENSG00000117114	23266	membrane	O95490	protein	protein	Q9P273	Q9P273	2177	PMID:29100073;PMID:31354411	Ligand-Receptor	1	single_protein_pair	0	0	0	0	0		
HGNC:29944	TENM3	Q9P273	ENSG00000218336	55714	membrane	Q9P273	protein	protein	Q9HAR2	Q9HAR2	2178	PMID:29100073;PMID:31354411	Ligand-Receptor	1	single_protein_pair	0	0	0	0	0		
HGNC:20974	ADGRL3	Q9HAR2	ENSG00000150471	23284	membrane	Q9HAR2	protein	protein	Q9P273	Q9P273	2178	PMID:29100073;PMID:31354411	Ligand-Receptor	1	single_protein_pair	0	0	0	0	0		
HGNC:29945	TENM4	Q6N022	ENSG00000149256	26011	membrane	Q6N022	protein	protein	O94910	O94910	2179	PMID:29100073;PMID:31354411	Ligand-Receptor	1	single_protein_pair	0	0	0	0	0		
HGNC:20973	ADGRL1	O94910	ENSG00000072071	22859	membrane	O94910	protein	protein	Q6N022	Q6N022	2179	PMID:29100073;PMID:31354411	Ligand-Receptor	1	single_protein_pair	0	0	0	0	0		
HGNC:29945	TENM4	Q6N022	ENSG00000149256	26011	membrane	Q6N022	protein	protein	O95490	O95490	2180	PMID:29100073;PMID:31354411	Ligand-Receptor	1	single_protein_pair	0	0	0	0	0		
HGNC:18582	ADGRL2	O95490	ENSG00000117114	23266	membrane	O95490	protein	protein	Q6N022	Q6N022	2180	PMID:29100073;PMID:31354411	Ligand-Receptor	1	single_protein_pair	0	0	0	0	0		
HGNC:29945	TENM4	Q6N022	ENSG00000149256	26011	membrane	Q6N022	protein	protein	Q9HAR2	Q9HAR2	2181	PMID:29100073;PMID:31354411	Ligand-Receptor	1	single_protein_pair	0	0	0	0	0		
HGNC:20974	ADGRL3	Q9HAR2	ENSG00000150471	23284	membrane	Q9HAR2	protein	protein	Q6N022	Q6N022	2181	PMID:29100073;PMID:31354411	Ligand-Receptor	1	single_protein_pair	0	0	0	0	0		
HGNC:11785	THBS1	P07996	ENSG00000137801	7057	membrane_and_secreted	P07996	protein	protein	P16671	P16671	2183	uniprot	Ligand-Receptor	1	single_protein_pair	0	0	0	0	0		
HGNC:1663	CD36	P16671	ENSG00000135218	948	membrane	P16671	protein	protein	P07996	P07996	2183	uniprot	Ligand-Receptor	1	single_protein_pair	0	0	1	1	0		pubmed:23640500|imex:IM-25689
HGNC:1663	CD36	P16671	ENSG00000135218	948	membrane	P16671	protein	protein	P35442	P35442	2184	uniprot	Ligand-Receptor	1	single_protein_pair	0	0	0	0	0		
HGNC:943	ADGRB1	O14514	ENSG00000181790	575	membrane_and_secreted	O14514	protein	protein	O14907	O14907	2185	uniprot;reactome;IUPHAR	Ligand-Receptor	1	single_protein_pair	0	0	0	0	0		
HGNC:944	ADGRB2	O60241	ENSG00000121753	576	membrane_and_secreted	O60241	protein	protein	O14907	O14907	2186	uniprot;reactome;IUPHAR	Ligand-Receptor	1	single_protein_pair	0	0	0	0	0		
HGNC:11608	TBXA2R	P21731	ENSG00000006638	6915	membrane	P21731	protein	chemical	ThromboxaneA2		2187	HMRbase;uniprot;reactome	Ligand-Receptor	0	chemical_identity_not_mapped	0	0	0	0	0		
HGNC:11801	THY1	P04216	ENSG00000154096	7070	membrane	P04216	protein	protein	Q9UHX3	Q9UHX3	2188	uniprot;reactome;IUPHAR	Adhesion-Adhesion	1	single_protein_pair	0	0	0	0	0		
HGNC:3337	ADGRE2	Q9UHX3	ENSG00000127507	30817	membrane	Q9UHX3	protein	protein	P04216	P04216	2188	uniprot;reactome;IUPHAR	Adhesion-Adhesion	1	single_protein_pair	0	0	0	0	0		
HGNC:11801	THY1	P04216	ENSG00000154096	7070	membrane	P04216	protein	protein	P48960	P48960	2189	uniprot;reactome;IUPHAR	Adhesion-Adhesion	1	single_protein_pair	0	0	0	0	0		
HGNC:1711	ADGRE5	P48960	ENSG00000123146	976	membrane_and_secreted	P48960	protein	protein	P04216	P04216	2189	uniprot;reactome;IUPHAR	Adhesion-Adhesion	1	single_protein_pair	0	0	0	0	0		
HGNC:11801	THY1	P04216	ENSG00000154096	7070	membrane	P04216	protein	complex	integrin_aMb2_complex	P05107;P11215	2190	PMID:15850796	Adhesion-Adhesion	0	complex_component_support_only	0	0	0	0	0		
HGNC:6155	ITGB2	P05107	ENSG00000160255	3689	membrane	integrin_aMb2_complex	complex	protein	P04216	P04216	2190	PMID:15850796	Adhesion-Adhesion	0	complex_component_support_only	0	0	0	0	0		
HGNC:6149	ITGAM	P11215	ENSG00000169896	3684	membrane	integrin_aMb2_complex	complex	protein	P04216	P04216	2190	PMID:15850796	Adhesion-Adhesion	0	complex_component_support_only	0	0	0	0	0		
HGNC:11801	THY1	P04216	ENSG00000154096	7070	membrane	P04216	protein	complex	integrin_aVb3_complex	P05106;P06756	2191	PMID:29212879;PMID:18346467;https:www.ncbi.nlm.nih.gov	Adhesion-Adhesion	0	complex_component_support_only	0	0	0	0	0		
HGNC:6156	ITGB3	P05106	ENSG00000259207	3690	membrane	integrin_aVb3_complex	complex	protein	P04216	P04216	2191	PMID:29212879;PMID:18346467;https:www.ncbi.nlm.nih.gov	Adhesion-Adhesion	0	complex_component_support_only	0	0	0	0	0		
HGNC:6150	ITGAV	P06756	ENSG00000138448	3685	membrane	integrin_aVb3_complex	complex	protein	P04216	P04216	2191	PMID:29212879;PMID:18346467;https:www.ncbi.nlm.nih.gov	Adhesion-Adhesion	0	complex_component_support_only	0	0	0	0	0		
HGNC:11801	THY1	P04216	ENSG00000154096	7070	membrane	P04216	protein	complex	integrin_aXb2_complex	P05107;P20702	2192	PMID:15850796	Adhesion-Adhesion	0	complex_component_support_only	0	0	0	0	0		
HGNC:6155	ITGB2	P05107	ENSG00000160255	3689	membrane	integrin_aXb2_complex	complex	protein	P04216	P04216	2192	PMID:15850796	Adhesion-Adhesion	0	complex_component_support_only	0	0	0	0	0		
HGNC:6152	ITGAX	P20702	ENSG00000140678	3687	membrane	integrin_aXb2_complex	complex	protein	P04216	P04216	2192	PMID:15850796	Adhesion-Adhesion	0	complex_component_support_only	0	0	0	0	0		
HGNC:11740	TF	P02787	ENSG00000091513	7018	secreted_only	P02787	protein	protein	Q9UP52	Q9UP52	2193	uniprot	Ligand-Receptor	1	single_protein_pair	0	0	0	0	0		
HGNC:11762	TFR2	Q9UP52	ENSG00000106327	7036	membrane	Q9UP52	protein	protein	P02787	P02787	2193	uniprot	Ligand-Receptor	1	single_protein_pair	0	0	0	0	0		
HGNC:11740	TF	P02787	ENSG00000091513	7018	secreted_only	P02787	protein	protein	P02786	P02786	2194	uniprot	Ligand-Receptor	1	single_protein_pair	1	1	0	1	0	1suv;3s9l;3s9m;3s9n;6d03;6d04;6d05	
HGNC:11763	TFRC	P02786	ENSG00000072274	7037	membrane_and_secreted	P02786	protein	protein	P02787	P02787	2194	uniprot	Ligand-Receptor	1	single_protein_pair	1	1	1	1	0	1suv;3s9l;3s9m;3s9n;6d03;6d04;6d05	pubmed:14691533|imex:IM-9318;pubmed:16271884|imex:IM-14226;pubmed:21788477|imex:IM-17696;pubmed:29302006|imex:IM-26748
HGNC:11765	TGFA	P01135	ENSG00000163235	7039	membrane_and_secreted	P01135	protein	protein	P00533	P00533	2195	uniprot	Ligand-Receptor	1	single_protein_pair	1	1	0	1	0	1mox;7sz5;7sz7	
HGNC:3236	EGFR	P00533	ENSG00000146648	1956	membrane_and_secreted	P00533	protein	protein	P01135	P01135	2195	uniprot	Ligand-Receptor	1	single_protein_pair	1	1	1	1	0	1mox;7sz5;7sz7	pubmed:28988771|imex:IM-27745
HGNC:11766	TGFB1	P01137	ENSG00000105329	7040	secreted_only	P01137	protein	complex	TGFbeta_receptor2	P37173;Q04771	2196	uniprot	Ligand-Receptor	0	complex_component_support_only	0	0	0	0	0		
HGNC:11773	TGFBR2	P37173	ENSG00000163513	7048	membrane_and_secreted	TGFbeta_receptor2	complex	protein	P01137	P01137	2196	uniprot	Ligand-Receptor	0	complex_component_support_only	0	0	0	0	1	3kfd;9fdy;9fkp	
HGNC:171	ACVR1	Q04771	ENSG00000115170	90	membrane_inferred	TGFbeta_receptor2	complex	protein	P01137	P01137	2196	uniprot	Ligand-Receptor	0	complex_component_support_only	0	0	0	0	0		
HGNC:11766	TGFB1	P01137	ENSG00000105329	7040	secreted_only	P01137	protein	complex	integrin_aVb6_complex	P06756;P18564	2197	5ffo;PDB	Ligand-Receptor	0	complex_component_support_only	0	0	0	0	0		
HGNC:6150	ITGAV	P06756	ENSG00000138448	3685	membrane	integrin_aVb6_complex	complex	protein	P01137	P01137	2197	5ffo;PDB	Ligand-Receptor	0	complex_component_support_only	0	0	0	0	1	5ffo;6om2;7y1t;8vsd	
HGNC:6161	ITGB6	P18564	ENSG00000115221	3694	membrane	integrin_aVb6_complex	complex	protein	P01137	P01137	2197	5ffo;PDB	Ligand-Receptor	0	complex_component_support_only	0	0	0	0	1	5ffo	
HGNC:11766	TGFB1	P01137	ENSG00000105329	7040	secreted_only	P01137	protein	complex	TGFbeta_receptor1	P36897;P37173	2198	uniprot	Ligand-Receptor	0	complex_component_support_only	0	0	0	0	0		
HGNC:11772	TGFBR1	P36897	ENSG00000106799	7046	membrane	TGFbeta_receptor1	complex	protein	P01137	P01137	2198	uniprot	Ligand-Receptor	0	complex_component_support_only	0	0	0	0	1	3kfd	
HGNC:11773	TGFBR2	P37173	ENSG00000163513	7048	membrane_and_secreted	TGFbeta_receptor1	complex	protein	P01137	P01137	2198	uniprot	Ligand-Receptor	0	complex_component_support_only	0	0	0	0	1	3kfd;9fdy;9fkp	
HGNC:11766	TGFB1	P01137	ENSG00000105329	7040	secreted_only	P01137	protein	protein	Q03167	Q03167	2199	uniprot	Ligand-Receptor	1	single_protein_pair	0	0	0	0	0		
HGNC:11774	TGFBR3	Q03167	ENSG00000069702	7049	membrane_and_secreted	Q03167	protein	protein	P01137	P01137	2199	uniprot	Ligand-Receptor	1	single_protein_pair	0	0	0	0	0		
HGNC:11773	TGFBR2	P37173	ENSG00000163513	7048	membrane_and_secreted	TGFbeta_receptor2	complex	protein	P61812	P61812	2200	uniprot	Ligand-Receptor	0	complex_component_support_only	0	0	0	0	1	5ty4	
HGNC:171	ACVR1	Q04771	ENSG00000115170	90	membrane_inferred	TGFbeta_receptor2	complex	protein	P61812	P61812	2200	uniprot	Ligand-Receptor	0	complex_component_support_only	0	0	0	0	0		
HGNC:11772	TGFBR1	P36897	ENSG00000106799	7046	membrane	TGFbeta_receptor1	complex	protein	P61812	P61812	2201	uniprot	Ligand-Receptor	0	complex_component_support_only	0	0	0	0	0		
HGNC:11773	TGFBR2	P37173	ENSG00000163513	7048	membrane_and_secreted	TGFbeta_receptor1	complex	protein	P61812	P61812	2201	uniprot	Ligand-Receptor	0	complex_component_support_only	0	0	0	0	1	5ty4	
HGNC:11774	TGFBR3	Q03167	ENSG00000069702	7049	membrane_and_secreted	Q03167	protein	protein	P61812	P61812	2202	uniprot	Ligand-Receptor	1	single_protein_pair	0	0	0	0	0		
HGNC:11769	TGFB3	P10600	ENSG00000119699	7043	secreted_only	P10600	protein	complex	TGFbeta_receptor2	P37173;Q04771	2203	uniprot	Ligand-Receptor	0	complex_component_support_only	0	0	0	0	0		
HGNC:11773	TGFBR2	P37173	ENSG00000163513	7048	membrane_and_secreted	TGFbeta_receptor2	complex	protein	P10600	P10600	2203	uniprot	Ligand-Receptor	0	complex_component_support_only	0	0	0	0	1	1ktz;2pjy;9b9f;9fk5	
HGNC:171	ACVR1	Q04771	ENSG00000115170	90	membrane_inferred	TGFbeta_receptor2	complex	protein	P10600	P10600	2203	uniprot	Ligand-Receptor	0	complex_component_support_only	0	0	0	0	0		
HGNC:11769	TGFB3	P10600	ENSG00000119699	7043	secreted_only	P10600	protein	complex	integrin_aVb6_complex	P06756;P18564	2204	reactome	Ligand-Receptor	0	complex_component_support_only	0	0	0	0	0		
HGNC:6150	ITGAV	P06756	ENSG00000138448	3685	membrane	integrin_aVb6_complex	complex	protein	P10600	P10600	2204	reactome	Ligand-Receptor	0	complex_component_support_only	0	0	0	0	1	4um9;8vs6	
HGNC:6161	ITGB6	P18564	ENSG00000115221	3694	membrane	integrin_aVb6_complex	complex	protein	P10600	P10600	2204	reactome	Ligand-Receptor	0	complex_component_support_only	0	0	0	0	1	4um9	
HGNC:11769	TGFB3	P10600	ENSG00000119699	7043	secreted_only	P10600	protein	complex	integrin_aVb8_complex	P06756;P26012	2205	reactome	Ligand-Receptor	0	complex_component_support_only	0	0	0	0	0		
HGNC:6150	ITGAV	P06756	ENSG00000138448	3685	membrane	integrin_aVb8_complex	complex	protein	P10600	P10600	2205	reactome	Ligand-Receptor	0	complex_component_support_only	0	0	0	0	1	4um9;8vs6	
HGNC:6163	ITGB8	P26012	ENSG00000105855	3696	membrane	integrin_aVb8_complex	complex	protein	P10600	P10600	2205	reactome	Ligand-Receptor	0	complex_component_support_only	0	0	0	0	1	8vs6	
HGNC:11769	TGFB3	P10600	ENSG00000119699	7043	secreted_only	P10600	protein	complex	TGFbeta_receptor1	P36897;P37173	2206	uniprot	Ligand-Receptor	0	complex_component_support_only	0	0	0	0	0		
HGNC:11772	TGFBR1	P36897	ENSG00000106799	7046	membrane	TGFbeta_receptor1	complex	protein	P10600	P10600	2206	uniprot	Ligand-Receptor	0	complex_component_support_only	0	0	0	0	1	2pjy;9b9f;9fk5	
HGNC:11773	TGFBR2	P37173	ENSG00000163513	7048	membrane_and_secreted	TGFbeta_receptor1	complex	protein	P10600	P10600	2206	uniprot	Ligand-Receptor	0	complex_component_support_only	0	0	0	0	1	1ktz;2pjy;9b9f;9fk5	
HGNC:11769	TGFB3	P10600	ENSG00000119699	7043	secreted_only	P10600	protein	protein	Q03167	Q03167	2207	uniprot	Ligand-Receptor	1	single_protein_pair	0	0	0	0	0		
HGNC:11774	TGFBR3	Q03167	ENSG00000069702	7049	membrane_and_secreted	Q03167	protein	protein	P10600	P10600	2207	uniprot	Ligand-Receptor	1	single_protein_pair	0	0	0	0	0		
HGNC:21087	BTLA	Q7Z6A9	ENSG00000186265	151888	membrane	Q7Z6A9	protein	protein	Q92956	Q92956	2210	PMID:31204070;uniprot	Ligand-Receptor	1	single_protein_pair	1	1	0	1	0	2aw2	
HGNC:11912	TNFRSF14	Q92956	ENSG00000157873	8764	membrane	Q92956	protein	protein	Q7Z6A9	Q7Z6A9	2210	PMID:31204070;uniprot	Ligand-Receptor	1	single_protein_pair	1	1	0	1	0	2aw2	
HGNC:17013	CD160	O95971	ENSG00000117281	11126	membrane_and_secreted	O95971	protein	protein	Q92956	Q92956	2211	PMID:21959263	Adhesion-Adhesion	1	single_protein_pair	0	0	0	0	0		
HGNC:11912	TNFRSF14	Q92956	ENSG00000157873	8764	membrane	Q92956	protein	protein	O95971	O95971	2211	PMID:21959263	Adhesion-Adhesion	1	single_protein_pair	0	0	0	0	0		
HGNC:11936	FASLG	P48023	ENSG00000117560	356	membrane_and_secreted	P48023	protein	protein	P25445	P25445	2212	uniprot	Ligand-Receptor	1	single_protein_pair	0	0	1	1	0		pubmed:35922511|imex:IM-30342
HGNC:11920	FAS	P25445	ENSG00000026103	355	membrane_and_secreted	P25445	protein	protein	P48023	P48023	2212	uniprot	Ligand-Receptor	1	single_protein_pair	0	0	1	1	0		pubmed:35922511|imex:IM-30342
HGNC:11936	FASLG	P48023	ENSG00000117560	356	membrane_and_secreted	P48023	protein	protein	O95407	O95407	2213	uniprot	Ligand-Receptor	1	single_protein_pair	1	1	1	1	0	4msv;5l36	pubmed:21300286|imex:IM-17471
HGNC:11921	TNFRSF6B	O95407	ENSG00000243509	8771	secreted_only	O95407	protein	protein	P48023	P48023	2213	uniprot	Ligand-Receptor	1	single_protein_pair	1	1	1	1	0	4msv;5l36	pubmed:21300286|imex:IM-17471
HGNC:6709	LTA	P01374	ENSG00000226979	4049	secreted_only	P01374	protein	protein	Q92956	Q92956	2214	uniprot	Ligand-Receptor	1	single_protein_pair	0	0	0	0	0		
HGNC:11912	TNFRSF14	Q92956	ENSG00000157873	8764	membrane	Q92956	protein	protein	P01374	P01374	2214	uniprot	Ligand-Receptor	1	single_protein_pair	0	0	0	0	0		
HGNC:6709	LTA	P01374	ENSG00000226979	4049	secreted_only	P01374	protein	protein	P19438	P19438	2215	uniprot	Ligand-Receptor	1	single_protein_pair	1	1	1	1	0	1tnr	pubmed:32822567|imex:IM-30326
HGNC:11916	TNFRSF1A	P19438	ENSG00000067182	7132	membrane_and_secreted	P19438	protein	protein	P01374	P01374	2215	uniprot	Ligand-Receptor	1	single_protein_pair	1	1	0	1	0	1tnr	
HGNC:6709	LTA	P01374	ENSG00000226979	4049	secreted_only	P01374	protein	protein	P20333	P20333	2216	uniprot	Ligand-Receptor	1	single_protein_pair	0	0	1	1	0		pubmed:32822567|imex:IM-30326
HGNC:11917	TNFRSF1B	P20333	ENSG00000028137	7133	membrane_and_secreted	P20333	protein	protein	P01374	P01374	2216	uniprot	Ligand-Receptor	1	single_protein_pair	0	0	1	1	0		pubmed:32822567|imex:IM-30326
HGNC:11892	TNF	P01375	ENSG00000232810	7124	membrane_and_secreted	P01375	protein	protein	P19438	P19438	2217	uniprot	Ligand-Receptor	1	single_protein_pair	1	1	1	1	0	7kpb;8zui	pubmed:32822567|imex:IM-30326;pubmed:35922511|imex:IM-30342
HGNC:11916	TNFRSF1A	P19438	ENSG00000067182	7132	membrane_and_secreted	P19438	protein	protein	P01375	P01375	2217	uniprot	Ligand-Receptor	1	single_protein_pair	1	1	0	1	0	7kpb;8zui	
HGNC:11892	TNF	P01375	ENSG00000232810	7124	membrane_and_secreted	P01375	protein	protein	P20333	P20333	2218	uniprot	Ligand-Receptor	1	single_protein_pair	1	1	1	1	0	3alq	pubmed:32822567|imex:IM-30326;pubmed:35922511|imex:IM-30342
HGNC:11917	TNFRSF1B	P20333	ENSG00000028137	7133	membrane_and_secreted	P20333	protein	protein	P01375	P01375	2218	uniprot	Ligand-Receptor	1	single_protein_pair	1	1	1	1	0	3alq	pubmed:32822567|imex:IM-30326;pubmed:35922511|imex:IM-30342
HGNC:11925	TNFSF10	P50591	ENSG00000121858	8743	membrane_and_secreted	P50591	protein	protein	O00220	O00220	2219	uniprot	Ligand-Receptor	1	single_protein_pair	1	1	1	1	0	5cir	pubmed:35922511|imex:IM-30342
HGNC:11904	TNFRSF10A	O00220	ENSG00000104689	8797	membrane	O00220	protein	protein	P50591	P50591	2219	uniprot	Ligand-Receptor	1	single_protein_pair	1	1	1	1	0	5cir	pubmed:20103630|imex:IM-17240;pubmed:35922511|imex:IM-30342
HGNC:11925	TNFSF10	P50591	ENSG00000121858	8743	membrane_and_secreted	P50591	protein	protein	O14763	O14763	2220	uniprot	Ligand-Receptor	1	single_protein_pair	1	1	1	1	0	1d0g;1d4v;1du3;4n90	pubmed:25043603|imex:IM-23103;pubmed:35922511|imex:IM-30342
HGNC:11905	TNFRSF10B	O14763	ENSG00000120889	8795	membrane_inferred	O14763	protein	protein	P50591	P50591	2220	uniprot	Ligand-Receptor	1	single_protein_pair	1	1	0	1	0	1d0g;1d4v;1du3;4n90	
HGNC:11925	TNFSF10	P50591	ENSG00000121858	8743	membrane_and_secreted	P50591	protein	protein	O14798	O14798	2221	uniprot	Ligand-Receptor	1	single_protein_pair	0	0	1	1	0		pubmed:35922511|imex:IM-30342
HGNC:11906	TNFRSF10C	O14798	ENSG00000173535	8794	membrane	O14798	protein	protein	P50591	P50591	2221	uniprot	Ligand-Receptor	1	single_protein_pair	0	0	0	0	0		
HGNC:11925	TNFSF10	P50591	ENSG00000121858	8743	membrane_and_secreted	P50591	protein	protein	Q9UBN6	Q9UBN6	2222	uniprot	Ligand-Receptor	1	single_protein_pair	0	0	1	1	0		pubmed:35922511|imex:IM-30342
HGNC:11907	TNFRSF10D	Q9UBN6	ENSG00000173530	8793	membrane_inferred	Q9UBN6	protein	protein	P50591	P50591	2222	uniprot	Ligand-Receptor	1	single_protein_pair	0	0	0	0	0		
HGNC:11925	TNFSF10	P50591	ENSG00000121858	8743	membrane_and_secreted	P50591	protein	protein	O00300	O00300	2223	uniprot	Ligand-Receptor	1	single_protein_pair	0	0	0	0	0		
HGNC:11926	TNFSF11	O14788	ENSG00000120659	8600	membrane_and_secreted	O14788	protein	protein	Q9Y6Q6	Q9Y6Q6	2224	uniprot	Ligand-Receptor	1	single_protein_pair	0	0	1	1	0		pubmed:22664871|imex:IM-25812;pubmed:35922511|imex:IM-30342
HGNC:11908	TNFRSF11A	Q9Y6Q6	ENSG00000141655	8792	membrane	Q9Y6Q6	protein	protein	O14788	O14788	2224	uniprot	Ligand-Receptor	1	single_protein_pair	0	0	1	1	0		pubmed:22664871|imex:IM-25812
HGNC:11926	TNFSF11	O14788	ENSG00000120659	8600	membrane_and_secreted	O14788	protein	protein	O00300	O00300	2225	uniprot	Ligand-Receptor	1	single_protein_pair	1	1	1	1	0	3urf	pubmed:22664871|imex:IM-25812
HGNC:11927	TNFSF12	O43508	ENSG00000239697	8742	membrane_and_secreted	O43508	protein	protein	Q9NP84	Q9NP84	2226	uniprot	Ligand-Receptor	1	single_protein_pair	0	0	1	1	0		pubmed:32822567|imex:IM-30326;pubmed:35922511|imex:IM-30342
HGNC:18152	TNFRSF12A	Q9NP84	ENSG00000006327	51330	membrane_inferred	Q9NP84	protein	protein	O43508	O43508	2226	uniprot	Ligand-Receptor	1	single_protein_pair	0	0	1	1	0		pubmed:32822567|imex:IM-30326
HGNC:11927	TNFSF12	O43508	ENSG00000239697	8742	membrane_and_secreted	O43508	protein	protein	Q93038	Q93038	2227	uniprot	Ligand-Receptor	1	single_protein_pair	0	0	0	0	0		
HGNC:11910	TNFRSF25	Q93038	ENSG00000215788	8718	membrane_and_secreted	Q93038	protein	protein	O43508	O43508	2227	uniprot	Ligand-Receptor	1	single_protein_pair	0	0	0	0	0		
HGNC:11928	TNFSF13	O75888	ENSG00000161955	8741	secreted_only	O75888	protein	protein	O14836	O14836	2228	uniprot	Ligand-Receptor	1	single_protein_pair	0	0	0	0	0		
HGNC:18153	TNFRSF13B	O14836	ENSG00000240505	23495	membrane_inferred	O14836	protein	protein	O75888	O75888	2228	uniprot	Ligand-Receptor	1	single_protein_pair	0	0	1	1	0		pubmed:35922511|imex:IM-30342
HGNC:11928	TNFSF13	O75888	ENSG00000161955	8741	secreted_only	O75888	protein	protein	Q02223	Q02223	2229	uniprot	Ligand-Receptor	1	single_protein_pair	0	0	0	0	0		
HGNC:11913	TNFRSF17	Q02223	ENSG00000048462	608	membrane	Q02223	protein	protein	O75888	O75888	2229	uniprot	Ligand-Receptor	1	single_protein_pair	0	0	1	1	0		pubmed:35922511|imex:IM-30342
HGNC:11929	TNFSF13B	Q9Y275	ENSG00000102524	10673	membrane_and_secreted	Q9Y275	protein	protein	O14836	O14836	2230	uniprot	Ligand-Receptor	1	single_protein_pair	0	0	1	1	0		pubmed:35922511|imex:IM-30342
HGNC:18153	TNFRSF13B	O14836	ENSG00000240505	23495	membrane_inferred	O14836	protein	protein	Q9Y275	Q9Y275	2230	uniprot	Ligand-Receptor	1	single_protein_pair	0	0	1	1	0		pubmed:35922511|imex:IM-30342
HGNC:11929	TNFSF13B	Q9Y275	ENSG00000102524	10673	membrane_and_secreted	Q9Y275	protein	protein	Q96RJ3	Q96RJ3	2231	uniprot;reactome	Ligand-Receptor	1	single_protein_pair	1	1	1	1	0	1oqe;3v56;4v46;8zuj	pubmed:35922511|imex:IM-30342
HGNC:17755	TNFRSF13C	Q96RJ3	ENSG00000159958	115650	membrane_inferred	Q96RJ3	protein	protein	Q9Y275	Q9Y275	2231	uniprot;reactome	Ligand-Receptor	1	single_protein_pair	1	1	1	1	0	1oqe;3v56;4v46;8zuj	pubmed:35922511|imex:IM-30342
HGNC:11929	TNFSF13B	Q9Y275	ENSG00000102524	10673	membrane_and_secreted	Q9Y275	protein	protein	Q02223	Q02223	2232	uniprot	Ligand-Receptor	1	single_protein_pair	1	1	1	1	0	1oqd	pubmed:35922511|imex:IM-30342
HGNC:11913	TNFRSF17	Q02223	ENSG00000048462	608	membrane	Q02223	protein	protein	Q9Y275	Q9Y275	2232	uniprot	Ligand-Receptor	1	single_protein_pair	1	1	1	1	0	1oqd	pubmed:35922511|imex:IM-30342
HGNC:11930	TNFSF14	O43557	ENSG00000125735	8740	membrane_and_secreted	O43557	protein	protein	P36941	P36941	2233	uniprot	Ligand-Receptor	1	single_protein_pair	0	0	0	0	0		
HGNC:6718	LTBR	P36941	ENSG00000111321	4055	membrane_inferred	P36941	protein	protein	O43557	O43557	2233	uniprot	Ligand-Receptor	1	single_protein_pair	0	0	0	0	0		
HGNC:11930	TNFSF14	O43557	ENSG00000125735	8740	membrane_and_secreted	O43557	protein	protein	Q92956	Q92956	2234	uniprot	Ligand-Receptor	1	single_protein_pair	1	1	1	1	0	4rsu;7msg	pubmed:35922511|imex:IM-30342
HGNC:11912	TNFRSF14	Q92956	ENSG00000157873	8764	membrane	Q92956	protein	protein	O43557	O43557	2234	uniprot	Ligand-Receptor	1	single_protein_pair	1	1	0	1	0	4rsu;7msg	
HGNC:11930	TNFSF14	O43557	ENSG00000125735	8740	membrane_and_secreted	O43557	protein	protein	O95407	O95407	2235	uniprot	Ligand-Receptor	1	single_protein_pair	1	1	1	1	0	4j6g;4kgg;4kgq	pubmed:21300286|imex:IM-17471;pubmed:25087510|imex:IM-23117
HGNC:11921	TNFRSF6B	O95407	ENSG00000243509	8771	secreted_only	O95407	protein	protein	O43557	O43557	2235	uniprot	Ligand-Receptor	1	single_protein_pair	1	1	0	1	0	4j6g;4kgg;4kgq	
HGNC:11931	TNFSF15	O95150	ENSG00000181634	9966	membrane_inferred_and_secreted	O95150	protein	protein	Q93038	Q93038	2236	reactome	Ligand-Receptor	1	single_protein_pair	0	0	0	0	0		
HGNC:11910	TNFRSF25	Q93038	ENSG00000215788	8718	membrane_and_secreted	Q93038	protein	protein	O95150	O95150	2236	reactome	Ligand-Receptor	1	single_protein_pair	0	0	0	0	0		
HGNC:11931	TNFSF15	O95150	ENSG00000181634	9966	membrane_inferred_and_secreted	O95150	protein	protein	O95407	O95407	2237	uniprot	Ligand-Receptor	1	single_protein_pair	1	1	1	1	0	3k51;3mi8	pubmed:21300286|imex:IM-17471
HGNC:11921	TNFRSF6B	O95407	ENSG00000243509	8771	secreted_only	O95407	protein	protein	O95150	O95150	2237	uniprot	Ligand-Receptor	1	single_protein_pair	1	1	0	1	0	3k51;3mi8	
HGNC:11932	TNFSF18	Q9UNG2	ENSG00000120337	8995	membrane	Q9UNG2	protein	protein	Q9Y5U5	Q9Y5U5	2238	uniprot	Ligand-Receptor	1	single_protein_pair	1	1	1	1	0	7khd;7law	pubmed:32822567|imex:IM-30326
HGNC:11914	TNFRSF18	Q9Y5U5	ENSG00000186891	8784	membrane_and_secreted	Q9Y5U5	protein	protein	Q9UNG2	Q9UNG2	2238	uniprot	Ligand-Receptor	1	single_protein_pair	1	1	1	1	0	7khd;7law	pubmed:18040044|imex:IM-9254;pubmed:18378892|imex:IM-9207;pubmed:32822567|imex:IM-30326
HGNC:11934	TNFSF4	P23510	ENSG00000117586	7292	membrane_inferred	P23510	protein	protein	P43489	P43489	2239	uniprot	Ligand-Receptor	1	single_protein_pair	1	1	1	1	0	2hev	pubmed:32822567|imex:IM-30326;pubmed:35922511|imex:IM-30342
HGNC:11918	TNFRSF4	P43489	ENSG00000186827	7293	membrane_inferred	P43489	protein	protein	P23510	P23510	2239	uniprot	Ligand-Receptor	1	single_protein_pair	1	1	1	1	0	2hev	pubmed:16905106|imex:IM-8451;pubmed:32822567|imex:IM-30326
HGNC:11938	TNFSF8	P32971	ENSG00000106952	944	membrane_inferred	P32971	protein	protein	P28908	P28908	2240	uniprot	Ligand-Receptor	1	single_protein_pair	0	0	1	1	0		pubmed:32822567|imex:IM-30326;pubmed:35922511|imex:IM-30342
HGNC:11923	TNFRSF8	P28908	ENSG00000120949	943	membrane	P28908	protein	protein	P32971	P32971	2240	uniprot	Ligand-Receptor	1	single_protein_pair	0	0	1	1	0		pubmed:32822567|imex:IM-30326
HGNC:11939	TNFSF9	P41273	ENSG00000125657	8744	membrane_inferred	P41273	protein	protein	Q07011	Q07011	2241	uniprot	Ligand-Receptor	1	single_protein_pair	1	1	1	1	0	6a3v;6bwv;6cpr;6cu0;6mgp	pubmed:32822567|imex:IM-30326;pubmed:35922511|imex:IM-30342
HGNC:11924	TNFRSF9	Q07011	ENSG00000049249	3604	membrane	Q07011	protein	protein	P41273	P41273	2241	uniprot	Ligand-Receptor	1	single_protein_pair	1	1	1	1	0	6a3v;6bwv;6cpr;6cu0;6mgp	pubmed:32822567|imex:IM-30326
HGNC:2357	CRHR1	P34998	ENSG00000120088	1394	membrane	P34998	protein	protein	P55089	P55089	2242	uniprot;reactome	Ligand-Receptor	1	single_protein_pair	1	0	0	0	0		
HGNC:2358	CRHR2	Q13324	ENSG00000106113	1395	membrane	Q13324	protein	protein	P55089	P55089	2243	uniprot;reactome	Ligand-Receptor	1	single_protein_pair	1	1	0	1	0	3n96	
HGNC:2357	CRHR1	P34998	ENSG00000120088	1394	membrane	P34998	protein	protein	Q96RP3	Q96RP3	2244	GPCRdb (https://gpcrdb.org/ligand/endogenousbrowser/)	Ligand-Receptor	1	single_protein_pair	0	0	0	0	0		
HGNC:2358	CRHR2	Q13324	ENSG00000106113	1395	membrane	Q13324	protein	protein	Q96RP3	Q96RP3	2245	uniprot	Ligand-Receptor	1	single_protein_pair	1	1	0	1	0	3n95	
HGNC:2358	CRHR2	Q13324	ENSG00000106113	1395	membrane	Q13324	protein	protein	Q969E3	Q969E3	2246	uniprot	Ligand-Receptor	1	single_protein_pair	1	1	0	1	0	3n93	
HGNC:4468	UTS2R	Q9UKP6	ENSG00000181408	2837	membrane	Q9UKP6	protein	protein	O95399	O95399	2247	uniprot;reactome	Ligand-Receptor	1	single_protein_pair	0	0	0	0	0		
HGNC:30894	UTS2B	Q765I0	ENSG00000188958	257313	secreted_only	Q765I0	protein	protein	Q9UKP6	Q9UKP6	2248	uniprot;reactome	Ligand-Receptor	1	single_protein_pair	0	0	0	0	0		
HGNC:4468	UTS2R	Q9UKP6	ENSG00000181408	2837	membrane	Q9UKP6	protein	protein	Q765I0	Q765I0	2248	uniprot;reactome	Ligand-Receptor	1	single_protein_pair	0	0	0	0	0		
HGNC:3763	FLT1	P17948	ENSG00000102755	2321	membrane_and_secreted	P17948	protein	protein	P15692	P15692	2249	uniprot	Ligand-Receptor	1	single_protein_pair	1	1	1	1	0	1flt;1qty;5t89	pubmed:20660291|imex:IM-22165
HGNC:3763	FLT1	P17948	ENSG00000102755	2321	membrane_and_secreted	FLT1_complex	complex	protein	P15692	P15692	2250	uniprot	Ligand-Receptor	0	complex_component_support_only	0	0	0	0	1	1flt;1qty;5t89	
HGNC:6307	KDR	P35968	ENSG00000128052	3791	membrane_and_secreted	FLT1_complex	complex	protein	P15692	P15692	2250	uniprot	Ligand-Receptor	0	complex_component_support_only	0	0	0	0	1	3v2a	
HGNC:6307	KDR	P35968	ENSG00000128052	3791	membrane_and_secreted	P35968	protein	protein	P15692	P15692	2251	uniprot	Ligand-Receptor	1	single_protein_pair	1	1	1	1	0	3v2a	pubmed:20660291|imex:IM-22165;pubmed:23374253
HGNC:8004	NRP1	O14786	ENSG00000099250	8829	membrane_and_secreted	O14786	protein	protein	P15692	P15692	2252	uniprot	Ligand-Receptor	1	single_protein_pair	0	0	0	0	0		
HGNC:8005	NRP2	O60462	ENSG00000118257	8828	membrane_inferred_and_secreted	O60462	protein	protein	P15692	P15692	2253	uniprot	Ligand-Receptor	1	single_protein_pair	1	1	0	1	0	5dn2	
HGNC:12681	VEGFB	P49765	ENSG00000173511	7423	secreted_only	P49765	protein	protein	P17948	P17948	2254	uniprot	Ligand-Receptor	1	single_protein_pair	1	1	0	1	0	2xac	
HGNC:3763	FLT1	P17948	ENSG00000102755	2321	membrane_and_secreted	P17948	protein	protein	P49765	P49765	2254	uniprot	Ligand-Receptor	1	single_protein_pair	1	1	0	1	0	2xac	
HGNC:12681	VEGFB	P49765	ENSG00000173511	7423	secreted_only	P49765	protein	complex	FLT1_complex	P17948;P35968	2255	uniprot	Ligand-Receptor	0	complex_component_support_only	0	0	0	0	1	2xac	
HGNC:3763	FLT1	P17948	ENSG00000102755	2321	membrane_and_secreted	FLT1_complex	complex	protein	P49765	P49765	2255	uniprot	Ligand-Receptor	0	complex_component_support_only	0	0	0	0	1	2xac	
HGNC:6307	KDR	P35968	ENSG00000128052	3791	membrane_and_secreted	FLT1_complex	complex	protein	P49765	P49765	2255	uniprot	Ligand-Receptor	0	complex_component_support_only	0	0	0	0	0		
HGNC:12681	VEGFB	P49765	ENSG00000173511	7423	secreted_only	P49765	protein	protein	O14786	O14786	2256	uniprot	Ligand-Receptor	1	single_protein_pair	1	1	0	1	0	6tkk	
HGNC:8004	NRP1	O14786	ENSG00000099250	8829	membrane_and_secreted	O14786	protein	protein	P49765	P49765	2256	uniprot	Ligand-Receptor	1	single_protein_pair	1	1	0	1	0	6tkk	
HGNC:3767	FLT4	P35916	ENSG00000037280	2324	membrane_and_secreted	P35916	protein	protein	P49767	P49767	2257	uniprot	Ligand-Receptor	1	single_protein_pair	1	1	1	1	0	4bsk	pubmed:21130043|imex:IM-15305
HGNC:6307	KDR	P35968	ENSG00000128052	3791	membrane_and_secreted	P35968	protein	protein	P49767	P49767	2258	uniprot	Ligand-Receptor	1	single_protein_pair	1	1	1	1	0	2x1w;2x1x	pubmed:20145116|imex:IM-14990
HGNC:3767	FLT4	P35916	ENSG00000037280	2324	membrane_and_secreted	P35916	protein	protein	O43915	O43915	2259	uniprot	Ligand-Receptor	1	single_protein_pair	0	0	0	0	0		
HGNC:6307	KDR	P35968	ENSG00000128052	3791	membrane_and_secreted	P35968	protein	protein	O43915	O43915	2260	uniprot	Ligand-Receptor	1	single_protein_pair	0	0	0	0	0		
HGNC:242	ADCYAP1R1	P41586	ENSG00000078549	117	membrane	P41586	protein	protein	P01282	P01282	2261	uniprot;reactome;IUPHAR	Ligand-Receptor	1	single_protein_pair	1	0	0	0	0		
HGNC:10608	SCTR	P47872	ENSG00000080293	6344	membrane	P47872	protein	protein	P01282	P01282	2262	uniprot;reactome;IUPHAR	Ligand-Receptor	1	single_protein_pair	0	0	0	0	0		
HGNC:12694	VIPR1	P32241	ENSG00000114812	7433	membrane	P32241	protein	protein	P01282	P01282	2263	uniprot	Ligand-Receptor	1	single_protein_pair	1	0	0	0	0		
HGNC:12695	VIPR2	P41587	ENSG00000106018	7434	membrane	P41587	protein	protein	P01282	P01282	2264	uniprot	Ligand-Receptor	1	single_protein_pair	0	0	0	0	0		
HGNC:895	AVPR1A	P37288	ENSG00000166148	552	membrane	P37288	protein	protein	P01185	P01185	2265	reactome	Ligand-Receptor	1	single_protein_pair	0	0	0	0	0		
HGNC:896	AVPR1B	P47901	ENSG00000198049	553	membrane	P47901	protein	protein	P01185	P01185	2266	reactome	Ligand-Receptor	1	single_protein_pair	0	0	0	0	0		
HGNC:897	AVPR2	P30518	ENSG00000126895	554	membrane	P30518	protein	protein	P01185	P01185	2267	reactome	Ligand-Receptor	1	single_protein_pair	1	0	0	0	0		
HGNC:8529	OXTR	P30559	ENSG00000180914	5021	membrane	P30559	protein	protein	P01185	P01185	2268	GPCRdb (https://gpcrdb.org/ligand/endogenousbrowser/)	Ligand-Receptor	1	single_protein_pair	0	0	0	0	0		
HGNC:4439	GP1BA	P07359	ENSG00000185245	2811	membrane_inferred	Glycoprotein_Ib_complex	complex	protein	P04275	P04275	2269	PDB:1m10_partially	Ligand-Receptor	0	complex_component_support_only	0	0	0	0	1	1m10;1sq0;1u0n;4c2a;4c2b	
HGNC:4440	GP1BB	P13224	ENSG00000203618	2812	membrane_inferred	Glycoprotein_Ib_complex	complex	protein	P04275	P04275	2269	PDB:1m10_partially	Ligand-Receptor	0	complex_component_support_only	0	0	0	0	0		
HGNC:6156	ITGB3	P05106	ENSG00000259207	3690	membrane	integrin_aVb3_complex	complex	protein	P04275	P04275	2270	uniprot	Ligand-Receptor	0	complex_component_support_only	0	0	0	0	0		
HGNC:6150	ITGAV	P06756	ENSG00000138448	3685	membrane	integrin_aVb3_complex	complex	protein	P04275	P04275	2270	uniprot	Ligand-Receptor	0	complex_component_support_only	0	0	0	0	0		
HGNC:6697	LRP5	O75197	ENSG00000162337	4041	membrane_inferred	O75197	protein	protein	O94907	O94907	2271	PMID:12775774	Ligand-Receptor	1	single_protein_pair	0	0	0	0	0		
HGNC:6698	LRP6	O75581	ENSG00000070018	4040	membrane	O75581	protein	protein	O94907	O94907	2272	PMID:12775774	Ligand-Receptor	1	single_protein_pair	1	1	1	1	0	3s2k;3s8v;3soq;5fww;5gje	pubmed:11448771|imex:IM-22177;pubmed:21944579|imex:IM-17053;pubmed:21984209|imex:IM-17087
HGNC:6698	LRP6	O75581	ENSG00000070018	4040	membrane	O75581	protein	protein	Q9UBU2	Q9UBU2	2273	uniprot;PMID:30035713	Ligand-Receptor	1	single_protein_pair	0	0	1	1	0		pubmed:21944579|imex:IM-17053
HGNC:12774	WNT1	P04628	ENSG00000125084	7471	secreted_only	P04628	protein	protein	O95813	O95813	2274	PMID:10067895	Ligand-Ligand	1	single_protein_pair	0	0	0	0	0		
HGNC:12774	WNT1	P04628	ENSG00000125084	7471	secreted_only	P04628	protein	protein	Q92765	Q92765	2275	PMID:12775774	Ligand-Ligand	1	single_protein_pair	0	0	0	0	0		
HGNC:12774	WNT1	P04628	ENSG00000125084	7471	secreted_only	P04628	protein	complex	FZD1_LRP5	O75197;Q9UP38	2276	PMID:24032637	Ligand-Receptor	0	complex_component_support_only	0	0	0	0	0		
HGNC:6697	LRP5	O75197	ENSG00000162337	4041	membrane_inferred	FZD1_LRP5	complex	protein	P04628	P04628	2276	PMID:24032637	Ligand-Receptor	0	complex_component_support_only	0	0	0	0	0		
HGNC:4038	FZD1	Q9UP38	ENSG00000157240	8321	membrane	FZD1_LRP5	complex	protein	P04628	P04628	2276	PMID:24032637	Ligand-Receptor	0	complex_component_support_only	0	0	0	0	0		
HGNC:12774	WNT1	P04628	ENSG00000125084	7471	secreted_only	P04628	protein	complex	FZD1_LRP6	O75581;Q9UP38	2277	PMID:24032637	Ligand-Receptor	0	complex_component_support_only	0	0	0	0	0		
HGNC:6698	LRP6	O75581	ENSG00000070018	4040	membrane	FZD1_LRP6	complex	protein	P04628	P04628	2277	PMID:24032637	Ligand-Receptor	0	complex_component_support_only	0	0	0	0	0		
HGNC:4038	FZD1	Q9UP38	ENSG00000157240	8321	membrane	FZD1_LRP6	complex	protein	P04628	P04628	2277	PMID:24032637	Ligand-Receptor	0	complex_component_support_only	0	0	0	0	0		
HGNC:12774	WNT1	P04628	ENSG00000125084	7471	secreted_only	P04628	protein	complex	FZD10_LRP5	O75197;Q9ULW2	2278	PMID:24532711	Ligand-Receptor	0	complex_component_support_only	0	0	0	0	0		
HGNC:6697	LRP5	O75197	ENSG00000162337	4041	membrane_inferred	FZD10_LRP5	complex	protein	P04628	P04628	2278	PMID:24532711	Ligand-Receptor	0	complex_component_support_only	0	0	0	0	0		
HGNC:4039	FZD10	Q9ULW2	ENSG00000111432	11211	membrane	FZD10_LRP5	complex	protein	P04628	P04628	2278	PMID:24532711	Ligand-Receptor	0	complex_component_support_only	0	0	0	0	0		
HGNC:12774	WNT1	P04628	ENSG00000125084	7471	secreted_only	P04628	protein	complex	FZD10_LRP6	O75581;Q9ULW2	2279	PMID:24532711	Ligand-Receptor	0	complex_component_support_only	0	0	0	0	0		
HGNC:6698	LRP6	O75581	ENSG00000070018	4040	membrane	FZD10_LRP6	complex	protein	P04628	P04628	2279	PMID:24532711	Ligand-Receptor	0	complex_component_support_only	0	0	0	0	0		
HGNC:4039	FZD10	Q9ULW2	ENSG00000111432	11211	membrane	FZD10_LRP6	complex	protein	P04628	P04628	2279	PMID:24532711	Ligand-Receptor	0	complex_component_support_only	0	0	0	0	0		
HGNC:12774	WNT1	P04628	ENSG00000125084	7471	secreted_only	P04628	protein	complex	FZD2_LRP5	O75197;Q14332	2280	PMID:24532711	Ligand-Receptor	0	complex_component_support_only	0	0	0	0	0		
HGNC:6697	LRP5	O75197	ENSG00000162337	4041	membrane_inferred	FZD2_LRP5	complex	protein	P04628	P04628	2280	PMID:24532711	Ligand-Receptor	0	complex_component_support_only	0	0	0	0	0		
HGNC:4040	FZD2	Q14332	ENSG00000180340	2535	membrane	FZD2_LRP5	complex	protein	P04628	P04628	2280	PMID:24532711	Ligand-Receptor	0	complex_component_support_only	0	0	0	0	0		
HGNC:12774	WNT1	P04628	ENSG00000125084	7471	secreted_only	P04628	protein	complex	FZD2_LRP6	O75581;Q14332	2281	PMID:24532711	Ligand-Receptor	0	complex_component_support_only	0	0	0	0	0		
HGNC:6698	LRP6	O75581	ENSG00000070018	4040	membrane	FZD2_LRP6	complex	protein	P04628	P04628	2281	PMID:24532711	Ligand-Receptor	0	complex_component_support_only	0	0	0	0	0		
HGNC:4040	FZD2	Q14332	ENSG00000180340	2535	membrane	FZD2_LRP6	complex	protein	P04628	P04628	2281	PMID:24532711	Ligand-Receptor	0	complex_component_support_only	0	0	0	0	0		
HGNC:12774	WNT1	P04628	ENSG00000125084	7471	secreted_only	P04628	protein	complex	FZD3_LRP5	O75197;Q9NPG1	2282	PMID:24532711	Ligand-Receptor	0	complex_component_support_only	0	0	0	0	0		
HGNC:6697	LRP5	O75197	ENSG00000162337	4041	membrane_inferred	FZD3_LRP5	complex	protein	P04628	P04628	2282	PMID:24532711	Ligand-Receptor	0	complex_component_support_only	0	0	0	0	0		
HGNC:4041	FZD3	Q9NPG1	ENSG00000104290	7976	membrane	FZD3_LRP5	complex	protein	P04628	P04628	2282	PMID:24532711	Ligand-Receptor	0	complex_component_support_only	0	0	0	0	0		
HGNC:12774	WNT1	P04628	ENSG00000125084	7471	secreted_only	P04628	protein	complex	FZD3_LRP6	O75581;Q9NPG1	2283	PMID:24532711	Ligand-Receptor	0	complex_component_support_only	0	0	0	0	0		
HGNC:6698	LRP6	O75581	ENSG00000070018	4040	membrane	FZD3_LRP6	complex	protein	P04628	P04628	2283	PMID:24532711	Ligand-Receptor	0	complex_component_support_only	0	0	0	0	0		
HGNC:4041	FZD3	Q9NPG1	ENSG00000104290	7976	membrane	FZD3_LRP6	complex	protein	P04628	P04628	2283	PMID:24532711	Ligand-Receptor	0	complex_component_support_only	0	0	0	0	0		
HGNC:12774	WNT1	P04628	ENSG00000125084	7471	secreted_only	P04628	protein	complex	FZD4_LRP5	O75197;Q9ULV1	2284	PMID:24532711	Ligand-Receptor	0	complex_component_support_only	0	0	0	0	0		
HGNC:6697	LRP5	O75197	ENSG00000162337	4041	membrane_inferred	FZD4_LRP5	complex	protein	P04628	P04628	2284	PMID:24532711	Ligand-Receptor	0	complex_component_support_only	0	0	0	0	0		
HGNC:4042	FZD4	Q9ULV1	ENSG00000174804	8322	membrane	FZD4_LRP5	complex	protein	P04628	P04628	2284	PMID:24532711	Ligand-Receptor	0	complex_component_support_only	0	0	0	0	0		
HGNC:12774	WNT1	P04628	ENSG00000125084	7471	secreted_only	P04628	protein	complex	FZD4_LRP6	O75581;Q9ULV1	2285	PMID:24532711	Ligand-Receptor	0	complex_component_support_only	0	0	0	0	0		
HGNC:6698	LRP6	O75581	ENSG00000070018	4040	membrane	FZD4_LRP6	complex	protein	P04628	P04628	2285	PMID:24532711	Ligand-Receptor	0	complex_component_support_only	0	0	0	0	0		
HGNC:4042	FZD4	Q9ULV1	ENSG00000174804	8322	membrane	FZD4_LRP6	complex	protein	P04628	P04628	2285	PMID:24532711	Ligand-Receptor	0	complex_component_support_only	0	0	0	0	0		
HGNC:12774	WNT1	P04628	ENSG00000125084	7471	secreted_only	P04628	protein	complex	FZD5_LRP5	O75197;Q13467	2286	PMID:24532711	Ligand-Receptor	0	complex_component_support_only	0	0	0	0	0		
HGNC:6697	LRP5	O75197	ENSG00000162337	4041	membrane_inferred	FZD5_LRP5	complex	protein	P04628	P04628	2286	PMID:24532711	Ligand-Receptor	0	complex_component_support_only	0	0	0	0	0		
HGNC:4043	FZD5	Q13467	ENSG00000163251	7855	membrane	FZD5_LRP5	complex	protein	P04628	P04628	2286	PMID:24532711	Ligand-Receptor	0	complex_component_support_only	0	0	0	0	0		
HGNC:12774	WNT1	P04628	ENSG00000125084	7471	secreted_only	P04628	protein	complex	FZD5_LRP6	O75581;Q13467	2287	PMID:24532711	Ligand-Receptor	0	complex_component_support_only	0	0	0	0	0		
HGNC:6698	LRP6	O75581	ENSG00000070018	4040	membrane	FZD5_LRP6	complex	protein	P04628	P04628	2287	PMID:24532711	Ligand-Receptor	0	complex_component_support_only	0	0	0	0	0		
HGNC:4043	FZD5	Q13467	ENSG00000163251	7855	membrane	FZD5_LRP6	complex	protein	P04628	P04628	2287	PMID:24532711	Ligand-Receptor	0	complex_component_support_only	0	0	0	0	0		
HGNC:12774	WNT1	P04628	ENSG00000125084	7471	secreted_only	P04628	protein	complex	FZD6_LRP5	O60353;O75197	2288	PMID:24532711	Ligand-Receptor	0	complex_component_support_only	0	0	0	0	0		
HGNC:4044	FZD6	O60353	ENSG00000164930	8323	membrane	FZD6_LRP5	complex	protein	P04628	P04628	2288	PMID:24532711	Ligand-Receptor	0	complex_component_support_only	0	0	0	0	0		
HGNC:6697	LRP5	O75197	ENSG00000162337	4041	membrane_inferred	FZD6_LRP5	complex	protein	P04628	P04628	2288	PMID:24532711	Ligand-Receptor	0	complex_component_support_only	0	0	0	0	0		
HGNC:12774	WNT1	P04628	ENSG00000125084	7471	secreted_only	P04628	protein	complex	FZD6_LRP6	O60353;O75581	2289	PMID:24532711	Ligand-Receptor	0	complex_component_support_only	0	0	0	0	0		
HGNC:4044	FZD6	O60353	ENSG00000164930	8323	membrane	FZD6_LRP6	complex	protein	P04628	P04628	2289	PMID:24532711	Ligand-Receptor	0	complex_component_support_only	0	0	0	0	0		
HGNC:6698	LRP6	O75581	ENSG00000070018	4040	membrane	FZD6_LRP6	complex	protein	P04628	P04628	2289	PMID:24532711	Ligand-Receptor	0	complex_component_support_only	0	0	0	0	0		
HGNC:12774	WNT1	P04628	ENSG00000125084	7471	secreted_only	P04628	protein	complex	FZD7_LRP5	O75084;O75197	2290	PMID:24532711	Ligand-Receptor	0	complex_component_support_only	0	0	0	0	0		
HGNC:4045	FZD7	O75084	ENSG00000155760	8324	membrane	FZD7_LRP5	complex	protein	P04628	P04628	2290	PMID:24532711	Ligand-Receptor	0	complex_component_support_only	0	0	0	0	0		
HGNC:6697	LRP5	O75197	ENSG00000162337	4041	membrane_inferred	FZD7_LRP5	complex	protein	P04628	P04628	2290	PMID:24532711	Ligand-Receptor	0	complex_component_support_only	0	0	0	0	0		
HGNC:12774	WNT1	P04628	ENSG00000125084	7471	secreted_only	P04628	protein	complex	FZD7_LRP6	O75084;O75581	2291	PMID:24532711	Ligand-Receptor	0	complex_component_support_only	0	0	0	0	0		
HGNC:4045	FZD7	O75084	ENSG00000155760	8324	membrane	FZD7_LRP6	complex	protein	P04628	P04628	2291	PMID:24532711	Ligand-Receptor	0	complex_component_support_only	0	0	0	0	0		
HGNC:6698	LRP6	O75581	ENSG00000070018	4040	membrane	FZD7_LRP6	complex	protein	P04628	P04628	2291	PMID:24532711	Ligand-Receptor	0	complex_component_support_only	0	0	0	0	0		
HGNC:12774	WNT1	P04628	ENSG00000125084	7471	secreted_only	P04628	protein	complex	FZD8_LRP5	O75197;Q9H461	2292	PMID:24532711	Ligand-Receptor	0	complex_component_support_only	0	0	0	0	0		
HGNC:6697	LRP5	O75197	ENSG00000162337	4041	membrane_inferred	FZD8_LRP5	complex	protein	P04628	P04628	2292	PMID:24532711	Ligand-Receptor	0	complex_component_support_only	0	0	0	0	0		
HGNC:4046	FZD8	Q9H461	ENSG00000177283	8325	membrane	FZD8_LRP5	complex	protein	P04628	P04628	2292	PMID:24532711	Ligand-Receptor	0	complex_component_support_only	0	0	0	0	0		
HGNC:12774	WNT1	P04628	ENSG00000125084	7471	secreted_only	P04628	protein	complex	FZD8_LRP6	O75581;Q9H461	2293	PMID:24532711	Ligand-Receptor	0	complex_component_support_only	0	0	0	0	0		
HGNC:6698	LRP6	O75581	ENSG00000070018	4040	membrane	FZD8_LRP6	complex	protein	P04628	P04628	2293	PMID:24532711	Ligand-Receptor	0	complex_component_support_only	0	0	0	0	0		
HGNC:4046	FZD8	Q9H461	ENSG00000177283	8325	membrane	FZD8_LRP6	complex	protein	P04628	P04628	2293	PMID:24532711	Ligand-Receptor	0	complex_component_support_only	0	0	0	0	0		
HGNC:12774	WNT1	P04628	ENSG00000125084	7471	secreted_only	P04628	protein	complex	FDZ8_RYK	P34925;Q9H461	2294	reactome;uniprot	Ligand-Receptor	0	complex_component_support_only	0	0	0	0	0		
HGNC:10481	RYK	P34925	ENSG00000163785	6259	membrane	FDZ8_RYK	complex	protein	P04628	P04628	2294	reactome;uniprot	Ligand-Receptor	0	complex_component_support_only	0	0	0	0	0		
HGNC:4046	FZD8	Q9H461	ENSG00000177283	8325	membrane	FDZ8_RYK	complex	protein	P04628	P04628	2294	reactome;uniprot	Ligand-Receptor	0	complex_component_support_only	0	0	0	0	0		
HGNC:12774	WNT1	P04628	ENSG00000125084	7471	secreted_only	P04628	protein	complex	FZD9_LRP5	O00144;O75197	2295	PMID:24532711	Ligand-Receptor	0	complex_component_support_only	0	0	0	0	0		
HGNC:4047	FZD9	O00144	ENSG00000188763	8326	membrane	FZD9_LRP5	complex	protein	P04628	P04628	2295	PMID:24532711	Ligand-Receptor	0	complex_component_support_only	0	0	0	0	0		
HGNC:6697	LRP5	O75197	ENSG00000162337	4041	membrane_inferred	FZD9_LRP5	complex	protein	P04628	P04628	2295	PMID:24532711	Ligand-Receptor	0	complex_component_support_only	0	0	0	0	0		
HGNC:12774	WNT1	P04628	ENSG00000125084	7471	secreted_only	P04628	protein	complex	FZD9_LRP6	O00144;O75581	2296	PMID:24532711	Ligand-Receptor	0	complex_component_support_only	0	0	0	0	0		
HGNC:4047	FZD9	O00144	ENSG00000188763	8326	membrane	FZD9_LRP6	complex	protein	P04628	P04628	2296	PMID:24532711	Ligand-Receptor	0	complex_component_support_only	0	0	0	0	0		
HGNC:6698	LRP6	O75581	ENSG00000070018	4040	membrane	FZD9_LRP6	complex	protein	P04628	P04628	2296	PMID:24532711	Ligand-Receptor	0	complex_component_support_only	0	0	0	0	0		
HGNC:12774	WNT1	P04628	ENSG00000125084	7471	secreted_only	P04628	protein	protein	Q8N474	Q8N474	2297	PMID:12775774	Ligand-Ligand	1	single_protein_pair	0	0	0	0	0		
HGNC:12774	WNT1	P04628	ENSG00000125084	7471	secreted_only	P04628	protein	protein	Q96HF1	Q96HF1	2298	PMID:12775774	Ligand-Ligand	1	single_protein_pair	0	0	0	0	0		
HGNC:12774	WNT1	P04628	ENSG00000125084	7471	secreted_only	P04628	protein	protein	Q6FHJ7	Q6FHJ7	2299	PMID:12775774	Ligand-Ligand	1	single_protein_pair	0	0	0	0	0		
HGNC:12774	WNT1	P04628	ENSG00000125084	7471	secreted_only	P04628	protein	protein	Q5T4F7	Q5T4F7	2300	PMID:12775774	Ligand-Ligand	1	single_protein_pair	0	0	0	0	0		
HGNC:12774	WNT1	P04628	ENSG00000125084	7471	secreted_only	P04628	protein	protein	Q9Y5W5	Q9Y5W5	2301	PMID:12775774	Ligand-Ligand	1	single_protein_pair	0	0	0	0	0		
HGNC:6697	LRP5	O75197	ENSG00000162337	4041	membrane_inferred	FZD1_LRP5	complex	protein	Q9GZT5	Q9GZT5	2303	PMID:28733458	Ligand-Receptor	0	complex_component_support_only	0	0	0	0	0		
HGNC:4038	FZD1	Q9UP38	ENSG00000157240	8321	membrane	FZD1_LRP5	complex	protein	Q9GZT5	Q9GZT5	2303	PMID:28733458	Ligand-Receptor	0	complex_component_support_only	0	0	0	0	0		
HGNC:6698	LRP6	O75581	ENSG00000070018	4040	membrane	FZD1_LRP6	complex	protein	Q9GZT5	Q9GZT5	2304	PMID:28733458	Ligand-Receptor	0	complex_component_support_only	0	0	0	0	0		
HGNC:4038	FZD1	Q9UP38	ENSG00000157240	8321	membrane	FZD1_LRP6	complex	protein	Q9GZT5	Q9GZT5	2304	PMID:28733458	Ligand-Receptor	0	complex_component_support_only	0	0	0	0	0		
HGNC:6697	LRP5	O75197	ENSG00000162337	4041	membrane_inferred	FZD5_LRP5	complex	protein	Q9GZT5	Q9GZT5	2305	PMID:28733458	Ligand-Receptor	0	complex_component_support_only	0	0	0	0	0		
HGNC:4043	FZD5	Q13467	ENSG00000163251	7855	membrane	FZD5_LRP5	complex	protein	Q9GZT5	Q9GZT5	2305	PMID:28733458	Ligand-Receptor	0	complex_component_support_only	0	0	0	0	0		
HGNC:6698	LRP6	O75581	ENSG00000070018	4040	membrane	FZD5_LRP6	complex	protein	Q9GZT5	Q9GZT5	2306	PMID:28733458	Ligand-Receptor	0	complex_component_support_only	0	0	0	0	0		
HGNC:4043	FZD5	Q13467	ENSG00000163251	7855	membrane	FZD5_LRP6	complex	protein	Q9GZT5	Q9GZT5	2306	PMID:28733458	Ligand-Receptor	0	complex_component_support_only	0	0	0	0	0		
HGNC:4045	FZD7	O75084	ENSG00000155760	8324	membrane	FZD7_LRP5	complex	protein	Q9GZT5	Q9GZT5	2307	PMID:28733458	Ligand-Receptor	0	complex_component_support_only	0	0	0	0	0		
HGNC:6697	LRP5	O75197	ENSG00000162337	4041	membrane_inferred	FZD7_LRP5	complex	protein	Q9GZT5	Q9GZT5	2307	PMID:28733458	Ligand-Receptor	0	complex_component_support_only	0	0	0	0	0		
HGNC:4045	FZD7	O75084	ENSG00000155760	8324	membrane	FZD7_LRP6	complex	protein	Q9GZT5	Q9GZT5	2308	PMID:28733458	Ligand-Receptor	0	complex_component_support_only	0	0	0	0	0		
HGNC:6698	LRP6	O75581	ENSG00000070018	4040	membrane	FZD7_LRP6	complex	protein	Q9GZT5	Q9GZT5	2308	PMID:28733458	Ligand-Receptor	0	complex_component_support_only	0	0	0	0	0		
HGNC:6697	LRP5	O75197	ENSG00000162337	4041	membrane_inferred	FZD8_LRP5	complex	protein	Q9GZT5	Q9GZT5	2309	PMID:28733458	Ligand-Receptor	0	complex_component_support_only	0	0	0	0	0		
HGNC:4046	FZD8	Q9H461	ENSG00000177283	8325	membrane	FZD8_LRP5	complex	protein	Q9GZT5	Q9GZT5	2309	PMID:28733458	Ligand-Receptor	0	complex_component_support_only	0	0	0	0	0		
HGNC:6698	LRP6	O75581	ENSG00000070018	4040	membrane	FZD8_LRP6	complex	protein	Q9GZT5	Q9GZT5	2310	PMID:28733458	Ligand-Receptor	0	complex_component_support_only	0	0	0	0	0		
HGNC:4046	FZD8	Q9H461	ENSG00000177283	8325	membrane	FZD8_LRP6	complex	protein	Q9GZT5	Q9GZT5	2310	PMID:28733458	Ligand-Receptor	0	complex_component_support_only	0	0	0	0	0		
HGNC:6697	LRP5	O75197	ENSG00000162337	4041	membrane_inferred	FZD1_LRP5	complex	protein	O96014	O96014	2313	PMID:24532711	Ligand-Receptor	0	complex_component_support_only	0	0	0	0	0		
HGNC:4038	FZD1	Q9UP38	ENSG00000157240	8321	membrane	FZD1_LRP5	complex	protein	O96014	O96014	2313	PMID:24532711	Ligand-Receptor	0	complex_component_support_only	0	0	0	0	0		
HGNC:6698	LRP6	O75581	ENSG00000070018	4040	membrane	FZD1_LRP6	complex	protein	O96014	O96014	2314	PMID:24532711	Ligand-Receptor	0	complex_component_support_only	0	0	0	0	0		
HGNC:4038	FZD1	Q9UP38	ENSG00000157240	8321	membrane	FZD1_LRP6	complex	protein	O96014	O96014	2314	PMID:24532711	Ligand-Receptor	0	complex_component_support_only	0	0	0	0	0		
HGNC:6697	LRP5	O75197	ENSG00000162337	4041	membrane_inferred	FZD10_LRP5	complex	protein	O96014	O96014	2315	PMID:24532711	Ligand-Receptor	0	complex_component_support_only	0	0	0	0	0		
HGNC:4039	FZD10	Q9ULW2	ENSG00000111432	11211	membrane	FZD10_LRP5	complex	protein	O96014	O96014	2315	PMID:24532711	Ligand-Receptor	0	complex_component_support_only	0	0	0	0	0		
HGNC:6698	LRP6	O75581	ENSG00000070018	4040	membrane	FZD10_LRP6	complex	protein	O96014	O96014	2316	PMID:24532711	Ligand-Receptor	0	complex_component_support_only	0	0	0	0	0		
HGNC:4039	FZD10	Q9ULW2	ENSG00000111432	11211	membrane	FZD10_LRP6	complex	protein	O96014	O96014	2316	PMID:24532711	Ligand-Receptor	0	complex_component_support_only	0	0	0	0	0		
HGNC:6697	LRP5	O75197	ENSG00000162337	4041	membrane_inferred	FZD2_LRP5	complex	protein	O96014	O96014	2317	PMID:24532711	Ligand-Receptor	0	complex_component_support_only	0	0	0	0	0		
HGNC:4040	FZD2	Q14332	ENSG00000180340	2535	membrane	FZD2_LRP5	complex	protein	O96014	O96014	2317	PMID:24532711	Ligand-Receptor	0	complex_component_support_only	0	0	0	0	0		
HGNC:6698	LRP6	O75581	ENSG00000070018	4040	membrane	FZD2_LRP6	complex	protein	O96014	O96014	2318	PMID:24532711	Ligand-Receptor	0	complex_component_support_only	0	0	0	0	0		
HGNC:4040	FZD2	Q14332	ENSG00000180340	2535	membrane	FZD2_LRP6	complex	protein	O96014	O96014	2318	PMID:24532711	Ligand-Receptor	0	complex_component_support_only	0	0	0	0	0		
HGNC:6697	LRP5	O75197	ENSG00000162337	4041	membrane_inferred	FZD3_LRP5	complex	protein	O96014	O96014	2319	PMID:24532711	Ligand-Receptor	0	complex_component_support_only	0	0	0	0	0		
HGNC:4041	FZD3	Q9NPG1	ENSG00000104290	7976	membrane	FZD3_LRP5	complex	protein	O96014	O96014	2319	PMID:24532711	Ligand-Receptor	0	complex_component_support_only	0	0	0	0	0		
HGNC:6698	LRP6	O75581	ENSG00000070018	4040	membrane	FZD3_LRP6	complex	protein	O96014	O96014	2320	PMID:24532711	Ligand-Receptor	0	complex_component_support_only	0	0	0	0	0		
HGNC:4041	FZD3	Q9NPG1	ENSG00000104290	7976	membrane	FZD3_LRP6	complex	protein	O96014	O96014	2320	PMID:24532711	Ligand-Receptor	0	complex_component_support_only	0	0	0	0	0		
HGNC:6697	LRP5	O75197	ENSG00000162337	4041	membrane_inferred	FZD4_LRP5	complex	protein	O96014	O96014	2321	PMID:24532711	Ligand-Receptor	0	complex_component_support_only	0	0	0	0	0		
HGNC:4042	FZD4	Q9ULV1	ENSG00000174804	8322	membrane	FZD4_LRP5	complex	protein	O96014	O96014	2321	PMID:24532711	Ligand-Receptor	0	complex_component_support_only	0	0	0	0	0		
HGNC:6698	LRP6	O75581	ENSG00000070018	4040	membrane	FZD4_LRP6	complex	protein	O96014	O96014	2322	PMID:24532711	Ligand-Receptor	0	complex_component_support_only	0	0	0	0	0		
HGNC:4042	FZD4	Q9ULV1	ENSG00000174804	8322	membrane	FZD4_LRP6	complex	protein	O96014	O96014	2322	PMID:24532711	Ligand-Receptor	0	complex_component_support_only	0	0	0	0	0		
HGNC:6697	LRP5	O75197	ENSG00000162337	4041	membrane_inferred	FZD5_LRP5	complex	protein	O96014	O96014	2323	PMID:24532711	Ligand-Receptor	0	complex_component_support_only	0	0	0	0	0		
HGNC:4043	FZD5	Q13467	ENSG00000163251	7855	membrane	FZD5_LRP5	complex	protein	O96014	O96014	2323	PMID:24532711	Ligand-Receptor	0	complex_component_support_only	0	0	0	0	0		
HGNC:6698	LRP6	O75581	ENSG00000070018	4040	membrane	FZD5_LRP6	complex	protein	O96014	O96014	2324	PMID:24532711	Ligand-Receptor	0	complex_component_support_only	0	0	0	0	0		
HGNC:4043	FZD5	Q13467	ENSG00000163251	7855	membrane	FZD5_LRP6	complex	protein	O96014	O96014	2324	PMID:24532711	Ligand-Receptor	0	complex_component_support_only	0	0	0	0	0		
HGNC:4044	FZD6	O60353	ENSG00000164930	8323	membrane	FZD6_LRP5	complex	protein	O96014	O96014	2325	PMID:24532711	Ligand-Receptor	0	complex_component_support_only	0	0	0	0	0		
HGNC:6697	LRP5	O75197	ENSG00000162337	4041	membrane_inferred	FZD6_LRP5	complex	protein	O96014	O96014	2325	PMID:24532711	Ligand-Receptor	0	complex_component_support_only	0	0	0	0	0		
HGNC:4044	FZD6	O60353	ENSG00000164930	8323	membrane	FZD6_LRP6	complex	protein	O96014	O96014	2326	PMID:24532711	Ligand-Receptor	0	complex_component_support_only	0	0	0	0	0		
HGNC:6698	LRP6	O75581	ENSG00000070018	4040	membrane	FZD6_LRP6	complex	protein	O96014	O96014	2326	PMID:24532711	Ligand-Receptor	0	complex_component_support_only	0	0	0	0	0		
HGNC:4045	FZD7	O75084	ENSG00000155760	8324	membrane	FZD7_LRP5	complex	protein	O96014	O96014	2327	PMID:24532711	Ligand-Receptor	0	complex_component_support_only	0	0	0	0	0		
HGNC:6697	LRP5	O75197	ENSG00000162337	4041	membrane_inferred	FZD7_LRP5	complex	protein	O96014	O96014	2327	PMID:24532711	Ligand-Receptor	0	complex_component_support_only	0	0	0	0	0		
HGNC:4045	FZD7	O75084	ENSG00000155760	8324	membrane	FZD7_LRP6	complex	protein	O96014	O96014	2328	PMID:24532711	Ligand-Receptor	0	complex_component_support_only	0	0	0	0	0		
HGNC:6698	LRP6	O75581	ENSG00000070018	4040	membrane	FZD7_LRP6	complex	protein	O96014	O96014	2328	PMID:24532711	Ligand-Receptor	0	complex_component_support_only	0	0	0	0	0		
HGNC:6697	LRP5	O75197	ENSG00000162337	4041	membrane_inferred	FZD8_LRP5	complex	protein	O96014	O96014	2329	PMID:24532711	Ligand-Receptor	0	complex_component_support_only	0	0	0	0	0		
HGNC:4046	FZD8	Q9H461	ENSG00000177283	8325	membrane	FZD8_LRP5	complex	protein	O96014	O96014	2329	PMID:24532711	Ligand-Receptor	0	complex_component_support_only	0	0	0	0	0		
HGNC:6698	LRP6	O75581	ENSG00000070018	4040	membrane	FZD8_LRP6	complex	protein	O96014	O96014	2330	PMID:24532711	Ligand-Receptor	0	complex_component_support_only	0	0	0	0	0		
HGNC:4046	FZD8	Q9H461	ENSG00000177283	8325	membrane	FZD8_LRP6	complex	protein	O96014	O96014	2330	PMID:24532711	Ligand-Receptor	0	complex_component_support_only	0	0	0	0	0		
HGNC:4047	FZD9	O00144	ENSG00000188763	8326	membrane	FZD9_LRP5	complex	protein	O96014	O96014	2331	PMID:24532711	Ligand-Receptor	0	complex_component_support_only	0	0	0	0	0		
HGNC:6697	LRP5	O75197	ENSG00000162337	4041	membrane_inferred	FZD9_LRP5	complex	protein	O96014	O96014	2331	PMID:24532711	Ligand-Receptor	0	complex_component_support_only	0	0	0	0	0		
HGNC:4047	FZD9	O00144	ENSG00000188763	8326	membrane	FZD9_LRP6	complex	protein	O96014	O96014	2332	PMID:24532711	Ligand-Receptor	0	complex_component_support_only	0	0	0	0	0		
HGNC:6698	LRP6	O75581	ENSG00000070018	4040	membrane	FZD9_LRP6	complex	protein	O96014	O96014	2332	PMID:24532711	Ligand-Receptor	0	complex_component_support_only	0	0	0	0	0		
HGNC:6697	LRP5	O75197	ENSG00000162337	4041	membrane_inferred	FZD1_LRP5	complex	protein	Q9UBV4	Q9UBV4	2340	PMID:24532711	Ligand-Receptor	0	complex_component_support_only	0	0	0	0	0		
HGNC:4038	FZD1	Q9UP38	ENSG00000157240	8321	membrane	FZD1_LRP5	complex	protein	Q9UBV4	Q9UBV4	2340	PMID:24532711	Ligand-Receptor	0	complex_component_support_only	0	0	0	0	0		
HGNC:6698	LRP6	O75581	ENSG00000070018	4040	membrane	FZD1_LRP6	complex	protein	Q9UBV4	Q9UBV4	2341	PMID:24532711	Ligand-Receptor	0	complex_component_support_only	0	0	0	0	0		
HGNC:4038	FZD1	Q9UP38	ENSG00000157240	8321	membrane	FZD1_LRP6	complex	protein	Q9UBV4	Q9UBV4	2341	PMID:24532711	Ligand-Receptor	0	complex_component_support_only	0	0	0	0	0		
HGNC:6697	LRP5	O75197	ENSG00000162337	4041	membrane_inferred	FZD10_LRP5	complex	protein	Q9UBV4	Q9UBV4	2342	PMID:24532711	Ligand-Receptor	0	complex_component_support_only	0	0	0	0	0		
HGNC:4039	FZD10	Q9ULW2	ENSG00000111432	11211	membrane	FZD10_LRP5	complex	protein	Q9UBV4	Q9UBV4	2342	PMID:24532711	Ligand-Receptor	0	complex_component_support_only	0	0	0	0	0		
HGNC:6698	LRP6	O75581	ENSG00000070018	4040	membrane	FZD10_LRP6	complex	protein	Q9UBV4	Q9UBV4	2343	PMID:24532711	Ligand-Receptor	0	complex_component_support_only	0	0	0	0	0		
HGNC:4039	FZD10	Q9ULW2	ENSG00000111432	11211	membrane	FZD10_LRP6	complex	protein	Q9UBV4	Q9UBV4	2343	PMID:24532711	Ligand-Receptor	0	complex_component_support_only	0	0	0	0	0		
HGNC:6697	LRP5	O75197	ENSG00000162337	4041	membrane_inferred	FZD2_LRP5	complex	protein	Q9UBV4	Q9UBV4	2344	PMID:24532711	Ligand-Receptor	0	complex_component_support_only	0	0	0	0	0		
HGNC:4040	FZD2	Q14332	ENSG00000180340	2535	membrane	FZD2_LRP5	complex	protein	Q9UBV4	Q9UBV4	2344	PMID:24532711	Ligand-Receptor	0	complex_component_support_only	0	0	0	0	0		
HGNC:6698	LRP6	O75581	ENSG00000070018	4040	membrane	FZD2_LRP6	complex	protein	Q9UBV4	Q9UBV4	2345	PMID:24532711	Ligand-Receptor	0	complex_component_support_only	0	0	0	0	0		
HGNC:4040	FZD2	Q14332	ENSG00000180340	2535	membrane	FZD2_LRP6	complex	protein	Q9UBV4	Q9UBV4	2345	PMID:24532711	Ligand-Receptor	0	complex_component_support_only	0	0	0	0	0		
HGNC:6697	LRP5	O75197	ENSG00000162337	4041	membrane_inferred	FZD3_LRP5	complex	protein	Q9UBV4	Q9UBV4	2346	PMID:24532711	Ligand-Receptor	0	complex_component_support_only	0	0	0	0	0		
HGNC:4041	FZD3	Q9NPG1	ENSG00000104290	7976	membrane	FZD3_LRP5	complex	protein	Q9UBV4	Q9UBV4	2346	PMID:24532711	Ligand-Receptor	0	complex_component_support_only	0	0	0	0	0		
HGNC:6698	LRP6	O75581	ENSG00000070018	4040	membrane	FZD3_LRP6	complex	protein	Q9UBV4	Q9UBV4	2347	PMID:24532711	Ligand-Receptor	0	complex_component_support_only	0	0	0	0	0		
HGNC:4041	FZD3	Q9NPG1	ENSG00000104290	7976	membrane	FZD3_LRP6	complex	protein	Q9UBV4	Q9UBV4	2347	PMID:24532711	Ligand-Receptor	0	complex_component_support_only	0	0	0	0	0		
HGNC:6697	LRP5	O75197	ENSG00000162337	4041	membrane_inferred	FZD4_LRP5	complex	protein	Q9UBV4	Q9UBV4	2348	PMID:24532711	Ligand-Receptor	0	complex_component_support_only	0	0	0	0	0		
HGNC:4042	FZD4	Q9ULV1	ENSG00000174804	8322	membrane	FZD4_LRP5	complex	protein	Q9UBV4	Q9UBV4	2348	PMID:24532711	Ligand-Receptor	0	complex_component_support_only	0	0	0	0	0		
HGNC:6698	LRP6	O75581	ENSG00000070018	4040	membrane	FZD4_LRP6	complex	protein	Q9UBV4	Q9UBV4	2349	PMID:24532711	Ligand-Receptor	0	complex_component_support_only	0	0	0	0	0		
HGNC:4042	FZD4	Q9ULV1	ENSG00000174804	8322	membrane	FZD4_LRP6	complex	protein	Q9UBV4	Q9UBV4	2349	PMID:24532711	Ligand-Receptor	0	complex_component_support_only	0	0	0	0	0		
HGNC:6697	LRP5	O75197	ENSG00000162337	4041	membrane_inferred	FZD5_LRP5	complex	protein	Q9UBV4	Q9UBV4	2350	PMID:24532711	Ligand-Receptor	0	complex_component_support_only	0	0	0	0	0		
HGNC:4043	FZD5	Q13467	ENSG00000163251	7855	membrane	FZD5_LRP5	complex	protein	Q9UBV4	Q9UBV4	2350	PMID:24532711	Ligand-Receptor	0	complex_component_support_only	0	0	0	0	0		
HGNC:6698	LRP6	O75581	ENSG00000070018	4040	membrane	FZD5_LRP6	complex	protein	Q9UBV4	Q9UBV4	2351	PMID:24532711	Ligand-Receptor	0	complex_component_support_only	0	0	0	0	0		
HGNC:4043	FZD5	Q13467	ENSG00000163251	7855	membrane	FZD5_LRP6	complex	protein	Q9UBV4	Q9UBV4	2351	PMID:24532711	Ligand-Receptor	0	complex_component_support_only	0	0	0	0	0		
HGNC:4044	FZD6	O60353	ENSG00000164930	8323	membrane	FZD6_LRP5	complex	protein	Q9UBV4	Q9UBV4	2352	PMID:24532711	Ligand-Receptor	0	complex_component_support_only	0	0	0	0	0		
HGNC:6697	LRP5	O75197	ENSG00000162337	4041	membrane_inferred	FZD6_LRP5	complex	protein	Q9UBV4	Q9UBV4	2352	PMID:24532711	Ligand-Receptor	0	complex_component_support_only	0	0	0	0	0		
HGNC:4044	FZD6	O60353	ENSG00000164930	8323	membrane	FZD6_LRP6	complex	protein	Q9UBV4	Q9UBV4	2353	PMID:24532711	Ligand-Receptor	0	complex_component_support_only	0	0	0	0	0		
HGNC:6698	LRP6	O75581	ENSG00000070018	4040	membrane	FZD6_LRP6	complex	protein	Q9UBV4	Q9UBV4	2353	PMID:24532711	Ligand-Receptor	0	complex_component_support_only	0	0	0	0	0		
HGNC:4045	FZD7	O75084	ENSG00000155760	8324	membrane	FZD7_LRP5	complex	protein	Q9UBV4	Q9UBV4	2354	PMID:24532711	Ligand-Receptor	0	complex_component_support_only	0	0	0	0	0		
HGNC:6697	LRP5	O75197	ENSG00000162337	4041	membrane_inferred	FZD7_LRP5	complex	protein	Q9UBV4	Q9UBV4	2354	PMID:24532711	Ligand-Receptor	0	complex_component_support_only	0	0	0	0	0		
HGNC:4045	FZD7	O75084	ENSG00000155760	8324	membrane	FZD7_LRP6	complex	protein	Q9UBV4	Q9UBV4	2355	PMID:24532711	Ligand-Receptor	0	complex_component_support_only	0	0	0	0	0		
HGNC:6698	LRP6	O75581	ENSG00000070018	4040	membrane	FZD7_LRP6	complex	protein	Q9UBV4	Q9UBV4	2355	PMID:24532711	Ligand-Receptor	0	complex_component_support_only	0	0	0	0	0		
HGNC:6697	LRP5	O75197	ENSG00000162337	4041	membrane_inferred	FZD8_LRP5	complex	protein	Q9UBV4	Q9UBV4	2356	PMID:24532711	Ligand-Receptor	0	complex_component_support_only	0	0	0	0	0		
HGNC:4046	FZD8	Q9H461	ENSG00000177283	8325	membrane	FZD8_LRP5	complex	protein	Q9UBV4	Q9UBV4	2356	PMID:24532711	Ligand-Receptor	0	complex_component_support_only	0	0	0	0	0		
HGNC:6698	LRP6	O75581	ENSG00000070018	4040	membrane	FZD8_LRP6	complex	protein	Q9UBV4	Q9UBV4	2357	PMID:24532711	Ligand-Receptor	0	complex_component_support_only	0	0	0	0	0		
HGNC:4046	FZD8	Q9H461	ENSG00000177283	8325	membrane	FZD8_LRP6	complex	protein	Q9UBV4	Q9UBV4	2357	PMID:24532711	Ligand-Receptor	0	complex_component_support_only	0	0	0	0	0		
HGNC:4047	FZD9	O00144	ENSG00000188763	8326	membrane	FZD9_LRP5	complex	protein	Q9UBV4	Q9UBV4	2358	PMID:24532711	Ligand-Receptor	0	complex_component_support_only	0	0	0	0	0		
HGNC:6697	LRP5	O75197	ENSG00000162337	4041	membrane_inferred	FZD9_LRP5	complex	protein	Q9UBV4	Q9UBV4	2358	PMID:24532711	Ligand-Receptor	0	complex_component_support_only	0	0	0	0	0		
HGNC:4047	FZD9	O00144	ENSG00000188763	8326	membrane	FZD9_LRP6	complex	protein	Q9UBV4	Q9UBV4	2359	PMID:24532711	Ligand-Receptor	0	complex_component_support_only	0	0	0	0	0		
HGNC:6698	LRP6	O75581	ENSG00000070018	4040	membrane	FZD9_LRP6	complex	protein	Q9UBV4	Q9UBV4	2359	PMID:24532711	Ligand-Receptor	0	complex_component_support_only	0	0	0	0	0		
HGNC:6697	LRP5	O75197	ENSG00000162337	4041	membrane_inferred	FZD1_LRP5	complex	protein	P09544	P09544	2367	PMID:24532711	Ligand-Receptor	0	complex_component_support_only	0	0	0	0	0		
HGNC:4038	FZD1	Q9UP38	ENSG00000157240	8321	membrane	FZD1_LRP5	complex	protein	P09544	P09544	2367	PMID:24532711	Ligand-Receptor	0	complex_component_support_only	0	0	0	0	0		
HGNC:6698	LRP6	O75581	ENSG00000070018	4040	membrane	FZD1_LRP6	complex	protein	P09544	P09544	2368	PMID:24532711	Ligand-Receptor	0	complex_component_support_only	0	0	0	0	0		
HGNC:4038	FZD1	Q9UP38	ENSG00000157240	8321	membrane	FZD1_LRP6	complex	protein	P09544	P09544	2368	PMID:24532711	Ligand-Receptor	0	complex_component_support_only	0	0	0	0	0		
HGNC:6697	LRP5	O75197	ENSG00000162337	4041	membrane_inferred	FZD10_LRP5	complex	protein	P09544	P09544	2369	PMID:24532711	Ligand-Receptor	0	complex_component_support_only	0	0	0	0	0		
HGNC:4039	FZD10	Q9ULW2	ENSG00000111432	11211	membrane	FZD10_LRP5	complex	protein	P09544	P09544	2369	PMID:24532711	Ligand-Receptor	0	complex_component_support_only	0	0	0	0	0		
HGNC:6698	LRP6	O75581	ENSG00000070018	4040	membrane	FZD10_LRP6	complex	protein	P09544	P09544	2370	PMID:24532711	Ligand-Receptor	0	complex_component_support_only	0	0	0	0	0		
HGNC:4039	FZD10	Q9ULW2	ENSG00000111432	11211	membrane	FZD10_LRP6	complex	protein	P09544	P09544	2370	PMID:24532711	Ligand-Receptor	0	complex_component_support_only	0	0	0	0	0		
HGNC:6697	LRP5	O75197	ENSG00000162337	4041	membrane_inferred	FZD2_LRP5	complex	protein	P09544	P09544	2371	PMID:24032637	Ligand-Receptor	0	complex_component_support_only	0	0	0	0	0		
HGNC:4040	FZD2	Q14332	ENSG00000180340	2535	membrane	FZD2_LRP5	complex	protein	P09544	P09544	2371	PMID:24032637	Ligand-Receptor	0	complex_component_support_only	0	0	0	0	0		
HGNC:6698	LRP6	O75581	ENSG00000070018	4040	membrane	FZD2_LRP6	complex	protein	P09544	P09544	2372	PMID:24032637	Ligand-Receptor	0	complex_component_support_only	0	0	0	0	0		
HGNC:4040	FZD2	Q14332	ENSG00000180340	2535	membrane	FZD2_LRP6	complex	protein	P09544	P09544	2372	PMID:24032637	Ligand-Receptor	0	complex_component_support_only	0	0	0	0	0		
HGNC:6697	LRP5	O75197	ENSG00000162337	4041	membrane_inferred	FZD3_LRP5	complex	protein	P09544	P09544	2373	PMID:24032637	Ligand-Receptor	0	complex_component_support_only	0	0	0	0	0		
HGNC:4041	FZD3	Q9NPG1	ENSG00000104290	7976	membrane	FZD3_LRP5	complex	protein	P09544	P09544	2373	PMID:24032637	Ligand-Receptor	0	complex_component_support_only	0	0	0	0	0		
HGNC:6698	LRP6	O75581	ENSG00000070018	4040	membrane	FZD3_LRP6	complex	protein	P09544	P09544	2374	PMID:24032637	Ligand-Receptor	0	complex_component_support_only	0	0	0	0	0		
HGNC:4041	FZD3	Q9NPG1	ENSG00000104290	7976	membrane	FZD3_LRP6	complex	protein	P09544	P09544	2374	PMID:24032637	Ligand-Receptor	0	complex_component_support_only	0	0	0	0	0		
HGNC:6697	LRP5	O75197	ENSG00000162337	4041	membrane_inferred	FZD4_LRP5	complex	protein	P09544	P09544	2375	PMID:24032637	Ligand-Receptor	0	complex_component_support_only	0	0	0	0	0		
HGNC:4042	FZD4	Q9ULV1	ENSG00000174804	8322	membrane	FZD4_LRP5	complex	protein	P09544	P09544	2375	PMID:24032637	Ligand-Receptor	0	complex_component_support_only	0	0	0	0	0		
HGNC:6698	LRP6	O75581	ENSG00000070018	4040	membrane	FZD4_LRP6	complex	protein	P09544	P09544	2376	PMID:24032637	Ligand-Receptor	0	complex_component_support_only	0	0	0	0	0		
HGNC:4042	FZD4	Q9ULV1	ENSG00000174804	8322	membrane	FZD4_LRP6	complex	protein	P09544	P09544	2376	PMID:24032637	Ligand-Receptor	0	complex_component_support_only	0	0	0	0	0		
HGNC:6697	LRP5	O75197	ENSG00000162337	4041	membrane_inferred	FZD5_LRP5	complex	protein	P09544	P09544	2377	PMID:24532711	Ligand-Receptor	0	complex_component_support_only	0	0	0	0	0		
HGNC:4043	FZD5	Q13467	ENSG00000163251	7855	membrane	FZD5_LRP5	complex	protein	P09544	P09544	2377	PMID:24532711	Ligand-Receptor	0	complex_component_support_only	0	0	0	0	0		
HGNC:6698	LRP6	O75581	ENSG00000070018	4040	membrane	FZD5_LRP6	complex	protein	P09544	P09544	2378	PMID:24532711	Ligand-Receptor	0	complex_component_support_only	0	0	0	0	0		
HGNC:4043	FZD5	Q13467	ENSG00000163251	7855	membrane	FZD5_LRP6	complex	protein	P09544	P09544	2378	PMID:24532711	Ligand-Receptor	0	complex_component_support_only	0	0	0	0	0		
HGNC:4044	FZD6	O60353	ENSG00000164930	8323	membrane	FZD6_LRP5	complex	protein	P09544	P09544	2379	PMID:24532711	Ligand-Receptor	0	complex_component_support_only	0	0	0	0	0		
HGNC:6697	LRP5	O75197	ENSG00000162337	4041	membrane_inferred	FZD6_LRP5	complex	protein	P09544	P09544	2379	PMID:24532711	Ligand-Receptor	0	complex_component_support_only	0	0	0	0	0		
HGNC:4044	FZD6	O60353	ENSG00000164930	8323	membrane	FZD6_LRP6	complex	protein	P09544	P09544	2380	PMID:24532711	Ligand-Receptor	0	complex_component_support_only	0	0	0	0	0		
HGNC:6698	LRP6	O75581	ENSG00000070018	4040	membrane	FZD6_LRP6	complex	protein	P09544	P09544	2380	PMID:24532711	Ligand-Receptor	0	complex_component_support_only	0	0	0	0	0		
HGNC:4045	FZD7	O75084	ENSG00000155760	8324	membrane	FZD7_LRP5	complex	protein	P09544	P09544	2381	PMID:24532711	Ligand-Receptor	0	complex_component_support_only	0	0	0	0	0		
HGNC:6697	LRP5	O75197	ENSG00000162337	4041	membrane_inferred	FZD7_LRP5	complex	protein	P09544	P09544	2381	PMID:24532711	Ligand-Receptor	0	complex_component_support_only	0	0	0	0	0		
HGNC:4045	FZD7	O75084	ENSG00000155760	8324	membrane	FZD7_LRP6	complex	protein	P09544	P09544	2382	PMID:24532711	Ligand-Receptor	0	complex_component_support_only	0	0	0	0	0		
HGNC:6698	LRP6	O75581	ENSG00000070018	4040	membrane	FZD7_LRP6	complex	protein	P09544	P09544	2382	PMID:24532711	Ligand-Receptor	0	complex_component_support_only	0	0	0	0	0		
HGNC:6697	LRP5	O75197	ENSG00000162337	4041	membrane_inferred	FZD8_LRP5	complex	protein	P09544	P09544	2383	PMID:24532711	Ligand-Receptor	0	complex_component_support_only	0	0	0	0	0		
HGNC:4046	FZD8	Q9H461	ENSG00000177283	8325	membrane	FZD8_LRP5	complex	protein	P09544	P09544	2383	PMID:24532711	Ligand-Receptor	0	complex_component_support_only	0	0	0	0	0		
HGNC:6698	LRP6	O75581	ENSG00000070018	4040	membrane	FZD8_LRP6	complex	protein	P09544	P09544	2384	PMID:24532711	Ligand-Receptor	0	complex_component_support_only	0	0	0	0	0		
HGNC:4046	FZD8	Q9H461	ENSG00000177283	8325	membrane	FZD8_LRP6	complex	protein	P09544	P09544	2384	PMID:24532711	Ligand-Receptor	0	complex_component_support_only	0	0	0	0	0		
HGNC:4047	FZD9	O00144	ENSG00000188763	8326	membrane	FZD9_LRP5	complex	protein	P09544	P09544	2385	PMID:24532711	Ligand-Receptor	0	complex_component_support_only	0	0	0	0	0		
HGNC:6697	LRP5	O75197	ENSG00000162337	4041	membrane_inferred	FZD9_LRP5	complex	protein	P09544	P09544	2385	PMID:24532711	Ligand-Receptor	0	complex_component_support_only	0	0	0	0	0		
HGNC:4047	FZD9	O00144	ENSG00000188763	8326	membrane	FZD9_LRP6	complex	protein	P09544	P09544	2386	PMID:24532711	Ligand-Receptor	0	complex_component_support_only	0	0	0	0	0		
HGNC:6698	LRP6	O75581	ENSG00000070018	4040	membrane	FZD9_LRP6	complex	protein	P09544	P09544	2386	PMID:24532711	Ligand-Receptor	0	complex_component_support_only	0	0	0	0	0		
HGNC:12781	WNT2B	Q93097	ENSG00000134245	7482	secreted_only	Q93097	protein	protein	O95813	O95813	2392	PMID:10067895	Ligand-Ligand	1	single_protein_pair	0	0	0	0	0		
HGNC:12781	WNT2B	Q93097	ENSG00000134245	7482	secreted_only	Q93097	protein	protein	Q92765	Q92765	2393	PMID:12775774	Ligand-Ligand	1	single_protein_pair	0	0	0	0	0		
HGNC:12781	WNT2B	Q93097	ENSG00000134245	7482	secreted_only	Q93097	protein	complex	FZD1_LRP5	O75197;Q9UP38	2394	PMID:24532711	Ligand-Receptor	0	complex_component_support_only	0	0	0	0	0		
HGNC:6697	LRP5	O75197	ENSG00000162337	4041	membrane_inferred	FZD1_LRP5	complex	protein	Q93097	Q93097	2394	PMID:24532711	Ligand-Receptor	0	complex_component_support_only	0	0	0	0	0		
HGNC:4038	FZD1	Q9UP38	ENSG00000157240	8321	membrane	FZD1_LRP5	complex	protein	Q93097	Q93097	2394	PMID:24532711	Ligand-Receptor	0	complex_component_support_only	0	0	0	0	0		
HGNC:12781	WNT2B	Q93097	ENSG00000134245	7482	secreted_only	Q93097	protein	complex	FZD1_LRP6	O75581;Q9UP38	2395	PMID:24532711	Ligand-Receptor	0	complex_component_support_only	0	0	0	0	0		
HGNC:6698	LRP6	O75581	ENSG00000070018	4040	membrane	FZD1_LRP6	complex	protein	Q93097	Q93097	2395	PMID:24532711	Ligand-Receptor	0	complex_component_support_only	0	0	0	0	0		
HGNC:4038	FZD1	Q9UP38	ENSG00000157240	8321	membrane	FZD1_LRP6	complex	protein	Q93097	Q93097	2395	PMID:24532711	Ligand-Receptor	0	complex_component_support_only	0	0	0	0	0		
HGNC:12781	WNT2B	Q93097	ENSG00000134245	7482	secreted_only	Q93097	protein	complex	FZD10_LRP5	O75197;Q9ULW2	2396	PMID:24532711	Ligand-Receptor	0	complex_component_support_only	0	0	0	0	0		
HGNC:6697	LRP5	O75197	ENSG00000162337	4041	membrane_inferred	FZD10_LRP5	complex	protein	Q93097	Q93097	2396	PMID:24532711	Ligand-Receptor	0	complex_component_support_only	0	0	0	0	0		
HGNC:4039	FZD10	Q9ULW2	ENSG00000111432	11211	membrane	FZD10_LRP5	complex	protein	Q93097	Q93097	2396	PMID:24532711	Ligand-Receptor	0	complex_component_support_only	0	0	0	0	0		
HGNC:12781	WNT2B	Q93097	ENSG00000134245	7482	secreted_only	Q93097	protein	complex	FZD10_LRP6	O75581;Q9ULW2	2397	PMID:24532711	Ligand-Receptor	0	complex_component_support_only	0	0	0	0	0		
HGNC:6698	LRP6	O75581	ENSG00000070018	4040	membrane	FZD10_LRP6	complex	protein	Q93097	Q93097	2397	PMID:24532711	Ligand-Receptor	0	complex_component_support_only	0	0	0	0	0		
HGNC:4039	FZD10	Q9ULW2	ENSG00000111432	11211	membrane	FZD10_LRP6	complex	protein	Q93097	Q93097	2397	PMID:24532711	Ligand-Receptor	0	complex_component_support_only	0	0	0	0	0		
HGNC:12781	WNT2B	Q93097	ENSG00000134245	7482	secreted_only	Q93097	protein	complex	FZD2_LRP5	O75197;Q14332	2398	PMID:24532711	Ligand-Receptor	0	complex_component_support_only	0	0	0	0	0		
HGNC:6697	LRP5	O75197	ENSG00000162337	4041	membrane_inferred	FZD2_LRP5	complex	protein	Q93097	Q93097	2398	PMID:24532711	Ligand-Receptor	0	complex_component_support_only	0	0	0	0	0		
HGNC:4040	FZD2	Q14332	ENSG00000180340	2535	membrane	FZD2_LRP5	complex	protein	Q93097	Q93097	2398	PMID:24532711	Ligand-Receptor	0	complex_component_support_only	0	0	0	0	0		
HGNC:12781	WNT2B	Q93097	ENSG00000134245	7482	secreted_only	Q93097	protein	complex	FZD2_LRP6	O75581;Q14332	2399	PMID:24532711	Ligand-Receptor	0	complex_component_support_only	0	0	0	0	0		
HGNC:6698	LRP6	O75581	ENSG00000070018	4040	membrane	FZD2_LRP6	complex	protein	Q93097	Q93097	2399	PMID:24532711	Ligand-Receptor	0	complex_component_support_only	0	0	0	0	0		
HGNC:4040	FZD2	Q14332	ENSG00000180340	2535	membrane	FZD2_LRP6	complex	protein	Q93097	Q93097	2399	PMID:24532711	Ligand-Receptor	0	complex_component_support_only	0	0	0	0	0		
HGNC:12781	WNT2B	Q93097	ENSG00000134245	7482	secreted_only	Q93097	protein	complex	FZD3_LRP5	O75197;Q9NPG1	2400	PMID:24532711	Ligand-Receptor	0	complex_component_support_only	0	0	0	0	0		
HGNC:6697	LRP5	O75197	ENSG00000162337	4041	membrane_inferred	FZD3_LRP5	complex	protein	Q93097	Q93097	2400	PMID:24532711	Ligand-Receptor	0	complex_component_support_only	0	0	0	0	0		
HGNC:4041	FZD3	Q9NPG1	ENSG00000104290	7976	membrane	FZD3_LRP5	complex	protein	Q93097	Q93097	2400	PMID:24532711	Ligand-Receptor	0	complex_component_support_only	0	0	0	0	0		
HGNC:12781	WNT2B	Q93097	ENSG00000134245	7482	secreted_only	Q93097	protein	complex	FZD3_LRP6	O75581;Q9NPG1	2401	PMID:24532711	Ligand-Receptor	0	complex_component_support_only	0	0	0	0	0		
HGNC:6698	LRP6	O75581	ENSG00000070018	4040	membrane	FZD3_LRP6	complex	protein	Q93097	Q93097	2401	PMID:24532711	Ligand-Receptor	0	complex_component_support_only	0	0	0	0	0		
HGNC:4041	FZD3	Q9NPG1	ENSG00000104290	7976	membrane	FZD3_LRP6	complex	protein	Q93097	Q93097	2401	PMID:24532711	Ligand-Receptor	0	complex_component_support_only	0	0	0	0	0		
HGNC:12781	WNT2B	Q93097	ENSG00000134245	7482	secreted_only	Q93097	protein	complex	FZD4_LRP5	O75197;Q9ULV1	2402	PMID:24032637	Ligand-Receptor	0	complex_component_support_only	0	0	0	0	0		
HGNC:6697	LRP5	O75197	ENSG00000162337	4041	membrane_inferred	FZD4_LRP5	complex	protein	Q93097	Q93097	2402	PMID:24032637	Ligand-Receptor	0	complex_component_support_only	0	0	0	0	0		
HGNC:4042	FZD4	Q9ULV1	ENSG00000174804	8322	membrane	FZD4_LRP5	complex	protein	Q93097	Q93097	2402	PMID:24032637	Ligand-Receptor	0	complex_component_support_only	0	0	0	0	0		
HGNC:12781	WNT2B	Q93097	ENSG00000134245	7482	secreted_only	Q93097	protein	complex	FZD4_LRP6	O75581;Q9ULV1	2403	PMID:24032637	Ligand-Receptor	0	complex_component_support_only	0	0	0	0	0		
HGNC:6698	LRP6	O75581	ENSG00000070018	4040	membrane	FZD4_LRP6	complex	protein	Q93097	Q93097	2403	PMID:24032637	Ligand-Receptor	0	complex_component_support_only	0	0	0	0	0		
HGNC:4042	FZD4	Q9ULV1	ENSG00000174804	8322	membrane	FZD4_LRP6	complex	protein	Q93097	Q93097	2403	PMID:24032637	Ligand-Receptor	0	complex_component_support_only	0	0	0	0	0		
HGNC:12781	WNT2B	Q93097	ENSG00000134245	7482	secreted_only	Q93097	protein	complex	FZD5_LRP5	O75197;Q13467	2404	PMID:24532711	Ligand-Receptor	0	complex_component_support_only	0	0	0	0	0		
HGNC:6697	LRP5	O75197	ENSG00000162337	4041	membrane_inferred	FZD5_LRP5	complex	protein	Q93097	Q93097	2404	PMID:24532711	Ligand-Receptor	0	complex_component_support_only	0	0	0	0	0		
HGNC:4043	FZD5	Q13467	ENSG00000163251	7855	membrane	FZD5_LRP5	complex	protein	Q93097	Q93097	2404	PMID:24532711	Ligand-Receptor	0	complex_component_support_only	0	0	0	0	0		
HGNC:12781	WNT2B	Q93097	ENSG00000134245	7482	secreted_only	Q93097	protein	complex	FZD5_LRP6	O75581;Q13467	2405	PMID:24532711	Ligand-Receptor	0	complex_component_support_only	0	0	0	0	0		
HGNC:6698	LRP6	O75581	ENSG00000070018	4040	membrane	FZD5_LRP6	complex	protein	Q93097	Q93097	2405	PMID:24532711	Ligand-Receptor	0	complex_component_support_only	0	0	0	0	0		
HGNC:4043	FZD5	Q13467	ENSG00000163251	7855	membrane	FZD5_LRP6	complex	protein	Q93097	Q93097	2405	PMID:24532711	Ligand-Receptor	0	complex_component_support_only	0	0	0	0	0		
HGNC:12781	WNT2B	Q93097	ENSG00000134245	7482	secreted_only	Q93097	protein	complex	FZD6_LRP5	O60353;O75197	2406	PMID:24532711	Ligand-Receptor	0	complex_component_support_only	0	0	0	0	0		
HGNC:4044	FZD6	O60353	ENSG00000164930	8323	membrane	FZD6_LRP5	complex	protein	Q93097	Q93097	2406	PMID:24532711	Ligand-Receptor	0	complex_component_support_only	0	0	0	0	0		
HGNC:6697	LRP5	O75197	ENSG00000162337	4041	membrane_inferred	FZD6_LRP5	complex	protein	Q93097	Q93097	2406	PMID:24532711	Ligand-Receptor	0	complex_component_support_only	0	0	0	0	0		
HGNC:12781	WNT2B	Q93097	ENSG00000134245	7482	secreted_only	Q93097	protein	complex	FZD6_LRP6	O60353;O75581	2407	PMID:24532711	Ligand-Receptor	0	complex_component_support_only	0	0	0	0	0		
HGNC:4044	FZD6	O60353	ENSG00000164930	8323	membrane	FZD6_LRP6	complex	protein	Q93097	Q93097	2407	PMID:24532711	Ligand-Receptor	0	complex_component_support_only	0	0	0	0	0		
HGNC:6698	LRP6	O75581	ENSG00000070018	4040	membrane	FZD6_LRP6	complex	protein	Q93097	Q93097	2407	PMID:24532711	Ligand-Receptor	0	complex_component_support_only	0	0	0	0	0		
HGNC:12781	WNT2B	Q93097	ENSG00000134245	7482	secreted_only	Q93097	protein	complex	FZD7_LRP5	O75084;O75197	2408	PMID:24532711	Ligand-Receptor	0	complex_component_support_only	0	0	0	0	0		
HGNC:4045	FZD7	O75084	ENSG00000155760	8324	membrane	FZD7_LRP5	complex	protein	Q93097	Q93097	2408	PMID:24532711	Ligand-Receptor	0	complex_component_support_only	0	0	0	0	0		
HGNC:6697	LRP5	O75197	ENSG00000162337	4041	membrane_inferred	FZD7_LRP5	complex	protein	Q93097	Q93097	2408	PMID:24532711	Ligand-Receptor	0	complex_component_support_only	0	0	0	0	0		
HGNC:12781	WNT2B	Q93097	ENSG00000134245	7482	secreted_only	Q93097	protein	complex	FZD7_LRP6	O75084;O75581	2409	PMID:24532711	Ligand-Receptor	0	complex_component_support_only	0	0	0	0	0		
HGNC:4045	FZD7	O75084	ENSG00000155760	8324	membrane	FZD7_LRP6	complex	protein	Q93097	Q93097	2409	PMID:24532711	Ligand-Receptor	0	complex_component_support_only	0	0	0	0	0		
HGNC:6698	LRP6	O75581	ENSG00000070018	4040	membrane	FZD7_LRP6	complex	protein	Q93097	Q93097	2409	PMID:24532711	Ligand-Receptor	0	complex_component_support_only	0	0	0	0	0		
HGNC:12781	WNT2B	Q93097	ENSG00000134245	7482	secreted_only	Q93097	protein	complex	FZD8_LRP5	O75197;Q9H461	2410	PMID:24532711	Ligand-Receptor	0	complex_component_support_only	0	0	0	0	0		
HGNC:6697	LRP5	O75197	ENSG00000162337	4041	membrane_inferred	FZD8_LRP5	complex	protein	Q93097	Q93097	2410	PMID:24532711	Ligand-Receptor	0	complex_component_support_only	0	0	0	0	0		
HGNC:4046	FZD8	Q9H461	ENSG00000177283	8325	membrane	FZD8_LRP5	complex	protein	Q93097	Q93097	2410	PMID:24532711	Ligand-Receptor	0	complex_component_support_only	0	0	0	0	0		
HGNC:12781	WNT2B	Q93097	ENSG00000134245	7482	secreted_only	Q93097	protein	complex	FZD8_LRP6	O75581;Q9H461	2411	PMID:24532711	Ligand-Receptor	0	complex_component_support_only	0	0	0	0	0		
HGNC:6698	LRP6	O75581	ENSG00000070018	4040	membrane	FZD8_LRP6	complex	protein	Q93097	Q93097	2411	PMID:24532711	Ligand-Receptor	0	complex_component_support_only	0	0	0	0	0		
HGNC:4046	FZD8	Q9H461	ENSG00000177283	8325	membrane	FZD8_LRP6	complex	protein	Q93097	Q93097	2411	PMID:24532711	Ligand-Receptor	0	complex_component_support_only	0	0	0	0	0		
HGNC:12781	WNT2B	Q93097	ENSG00000134245	7482	secreted_only	Q93097	protein	complex	FZD9_LRP5	O00144;O75197	2412	PMID:24532711	Ligand-Receptor	0	complex_component_support_only	0	0	0	0	0		
HGNC:4047	FZD9	O00144	ENSG00000188763	8326	membrane	FZD9_LRP5	complex	protein	Q93097	Q93097	2412	PMID:24532711	Ligand-Receptor	0	complex_component_support_only	0	0	0	0	0		
HGNC:6697	LRP5	O75197	ENSG00000162337	4041	membrane_inferred	FZD9_LRP5	complex	protein	Q93097	Q93097	2412	PMID:24532711	Ligand-Receptor	0	complex_component_support_only	0	0	0	0	0		
HGNC:12781	WNT2B	Q93097	ENSG00000134245	7482	secreted_only	Q93097	protein	complex	FZD9_LRP6	O00144;O75581	2413	PMID:24532711	Ligand-Receptor	0	complex_component_support_only	0	0	0	0	0		
HGNC:4047	FZD9	O00144	ENSG00000188763	8326	membrane	FZD9_LRP6	complex	protein	Q93097	Q93097	2413	PMID:24532711	Ligand-Receptor	0	complex_component_support_only	0	0	0	0	0		
HGNC:6698	LRP6	O75581	ENSG00000070018	4040	membrane	FZD9_LRP6	complex	protein	Q93097	Q93097	2413	PMID:24532711	Ligand-Receptor	0	complex_component_support_only	0	0	0	0	0		
HGNC:12781	WNT2B	Q93097	ENSG00000134245	7482	secreted_only	Q93097	protein	protein	Q8N474	Q8N474	2414	PMID:12775774	Ligand-Ligand	1	single_protein_pair	0	0	0	0	0		
HGNC:12781	WNT2B	Q93097	ENSG00000134245	7482	secreted_only	Q93097	protein	protein	Q96HF1	Q96HF1	2415	PMID:12775774	Ligand-Ligand	1	single_protein_pair	0	0	0	0	0		
HGNC:12781	WNT2B	Q93097	ENSG00000134245	7482	secreted_only	Q93097	protein	protein	Q6FHJ7	Q6FHJ7	2416	PMID:12775774	Ligand-Ligand	1	single_protein_pair	0	0	0	0	0		
HGNC:12781	WNT2B	Q93097	ENSG00000134245	7482	secreted_only	Q93097	protein	protein	Q5T4F7	Q5T4F7	2417	PMID:12775774	Ligand-Ligand	1	single_protein_pair	0	0	0	0	0		
HGNC:12781	WNT2B	Q93097	ENSG00000134245	7482	secreted_only	Q93097	protein	protein	Q9Y5W5	Q9Y5W5	2418	PMID:12775774	Ligand-Ligand	1	single_protein_pair	0	0	0	0	0		
HGNC:12782	WNT3	P56703	ENSG00000108379	7473	secreted_only	P56703	protein	protein	O95813	O95813	2419	PMID:10067895	Ligand-Ligand	1	single_protein_pair	0	0	0	0	0		
HGNC:12782	WNT3	P56703	ENSG00000108379	7473	secreted_only	P56703	protein	protein	Q92765	Q92765	2420	PMID:12775774	Ligand-Ligand	1	single_protein_pair	0	0	0	0	0		
HGNC:12782	WNT3	P56703	ENSG00000108379	7473	secreted_only	P56703	protein	complex	FZD1_LRP5	O75197;Q9UP38	2421	PMID:24532711	Ligand-Receptor	0	complex_component_support_only	0	0	0	0	0		
HGNC:6697	LRP5	O75197	ENSG00000162337	4041	membrane_inferred	FZD1_LRP5	complex	protein	P56703	P56703	2421	PMID:24532711	Ligand-Receptor	0	complex_component_support_only	0	0	0	0	0		
HGNC:4038	FZD1	Q9UP38	ENSG00000157240	8321	membrane	FZD1_LRP5	complex	protein	P56703	P56703	2421	PMID:24532711	Ligand-Receptor	0	complex_component_support_only	0	0	0	0	0		
HGNC:12782	WNT3	P56703	ENSG00000108379	7473	secreted_only	P56703	protein	complex	FZD1_LRP6	O75581;Q9UP38	2422	PMID:24532711	Ligand-Receptor	0	complex_component_support_only	0	0	0	0	0		
HGNC:6698	LRP6	O75581	ENSG00000070018	4040	membrane	FZD1_LRP6	complex	protein	P56703	P56703	2422	PMID:24532711	Ligand-Receptor	0	complex_component_support_only	0	0	0	0	0		
HGNC:4038	FZD1	Q9UP38	ENSG00000157240	8321	membrane	FZD1_LRP6	complex	protein	P56703	P56703	2422	PMID:24532711	Ligand-Receptor	0	complex_component_support_only	0	0	0	0	0		
HGNC:12782	WNT3	P56703	ENSG00000108379	7473	secreted_only	P56703	protein	complex	FZD10_LRP5	O75197;Q9ULW2	2423	PMID:24532711	Ligand-Receptor	0	complex_component_support_only	0	0	0	0	0		
HGNC:6697	LRP5	O75197	ENSG00000162337	4041	membrane_inferred	FZD10_LRP5	complex	protein	P56703	P56703	2423	PMID:24532711	Ligand-Receptor	0	complex_component_support_only	0	0	0	0	0		
HGNC:4039	FZD10	Q9ULW2	ENSG00000111432	11211	membrane	FZD10_LRP5	complex	protein	P56703	P56703	2423	PMID:24532711	Ligand-Receptor	0	complex_component_support_only	0	0	0	0	0		
HGNC:12782	WNT3	P56703	ENSG00000108379	7473	secreted_only	P56703	protein	complex	FZD10_LRP6	O75581;Q9ULW2	2424	PMID:24532711	Ligand-Receptor	0	complex_component_support_only	0	0	0	0	0		
HGNC:6698	LRP6	O75581	ENSG00000070018	4040	membrane	FZD10_LRP6	complex	protein	P56703	P56703	2424	PMID:24532711	Ligand-Receptor	0	complex_component_support_only	0	0	0	0	0		
HGNC:4039	FZD10	Q9ULW2	ENSG00000111432	11211	membrane	FZD10_LRP6	complex	protein	P56703	P56703	2424	PMID:24532711	Ligand-Receptor	0	complex_component_support_only	0	0	0	0	0		
HGNC:12782	WNT3	P56703	ENSG00000108379	7473	secreted_only	P56703	protein	complex	FZD2_LRP5	O75197;Q14332	2425	PMID:24532711	Ligand-Receptor	0	complex_component_support_only	0	0	0	0	0		
HGNC:6697	LRP5	O75197	ENSG00000162337	4041	membrane_inferred	FZD2_LRP5	complex	protein	P56703	P56703	2425	PMID:24532711	Ligand-Receptor	0	complex_component_support_only	0	0	0	0	0		
HGNC:4040	FZD2	Q14332	ENSG00000180340	2535	membrane	FZD2_LRP5	complex	protein	P56703	P56703	2425	PMID:24532711	Ligand-Receptor	0	complex_component_support_only	0	0	0	0	0		
HGNC:12782	WNT3	P56703	ENSG00000108379	7473	secreted_only	P56703	protein	complex	FZD2_LRP6	O75581;Q14332	2426	PMID:24532711	Ligand-Receptor	0	complex_component_support_only	0	0	0	0	0		
HGNC:6698	LRP6	O75581	ENSG00000070018	4040	membrane	FZD2_LRP6	complex	protein	P56703	P56703	2426	PMID:24532711	Ligand-Receptor	0	complex_component_support_only	0	0	0	0	0		
HGNC:4040	FZD2	Q14332	ENSG00000180340	2535	membrane	FZD2_LRP6	complex	protein	P56703	P56703	2426	PMID:24532711	Ligand-Receptor	0	complex_component_support_only	0	0	0	0	0		
HGNC:12782	WNT3	P56703	ENSG00000108379	7473	secreted_only	P56703	protein	complex	FZD3_LRP5	O75197;Q9NPG1	2427	PMID:24532711	Ligand-Receptor	0	complex_component_support_only	0	0	0	0	0		
HGNC:6697	LRP5	O75197	ENSG00000162337	4041	membrane_inferred	FZD3_LRP5	complex	protein	P56703	P56703	2427	PMID:24532711	Ligand-Receptor	0	complex_component_support_only	0	0	0	0	0		
HGNC:4041	FZD3	Q9NPG1	ENSG00000104290	7976	membrane	FZD3_LRP5	complex	protein	P56703	P56703	2427	PMID:24532711	Ligand-Receptor	0	complex_component_support_only	0	0	0	0	0		
HGNC:12782	WNT3	P56703	ENSG00000108379	7473	secreted_only	P56703	protein	complex	FZD3_LRP6	O75581;Q9NPG1	2428	PMID:24532711	Ligand-Receptor	0	complex_component_support_only	0	0	0	0	0		
HGNC:6698	LRP6	O75581	ENSG00000070018	4040	membrane	FZD3_LRP6	complex	protein	P56703	P56703	2428	PMID:24532711	Ligand-Receptor	0	complex_component_support_only	0	0	0	0	0		
HGNC:4041	FZD3	Q9NPG1	ENSG00000104290	7976	membrane	FZD3_LRP6	complex	protein	P56703	P56703	2428	PMID:24532711	Ligand-Receptor	0	complex_component_support_only	0	0	0	0	0		
HGNC:12782	WNT3	P56703	ENSG00000108379	7473	secreted_only	P56703	protein	complex	FZD4_LRP5	O75197;Q9ULV1	2429	PMID:24532711	Ligand-Receptor	0	complex_component_support_only	0	0	0	0	0		
HGNC:6697	LRP5	O75197	ENSG00000162337	4041	membrane_inferred	FZD4_LRP5	complex	protein	P56703	P56703	2429	PMID:24532711	Ligand-Receptor	0	complex_component_support_only	0	0	0	0	0		
HGNC:4042	FZD4	Q9ULV1	ENSG00000174804	8322	membrane	FZD4_LRP5	complex	protein	P56703	P56703	2429	PMID:24532711	Ligand-Receptor	0	complex_component_support_only	0	0	0	0	0		
HGNC:12782	WNT3	P56703	ENSG00000108379	7473	secreted_only	P56703	protein	complex	FZD4_LRP6	O75581;Q9ULV1	2430	PMID:24532711	Ligand-Receptor	0	complex_component_support_only	0	0	0	0	0		
HGNC:6698	LRP6	O75581	ENSG00000070018	4040	membrane	FZD4_LRP6	complex	protein	P56703	P56703	2430	PMID:24532711	Ligand-Receptor	0	complex_component_support_only	0	0	0	0	0		
HGNC:4042	FZD4	Q9ULV1	ENSG00000174804	8322	membrane	FZD4_LRP6	complex	protein	P56703	P56703	2430	PMID:24532711	Ligand-Receptor	0	complex_component_support_only	0	0	0	0	0		
HGNC:12782	WNT3	P56703	ENSG00000108379	7473	secreted_only	P56703	protein	complex	FZD5_LRP5	O75197;Q13467	2431	PMID:24532711	Ligand-Receptor	0	complex_component_support_only	0	0	0	0	0		
HGNC:6697	LRP5	O75197	ENSG00000162337	4041	membrane_inferred	FZD5_LRP5	complex	protein	P56703	P56703	2431	PMID:24532711	Ligand-Receptor	0	complex_component_support_only	0	0	0	0	0		
HGNC:4043	FZD5	Q13467	ENSG00000163251	7855	membrane	FZD5_LRP5	complex	protein	P56703	P56703	2431	PMID:24532711	Ligand-Receptor	0	complex_component_support_only	0	0	0	0	0		
HGNC:12782	WNT3	P56703	ENSG00000108379	7473	secreted_only	P56703	protein	complex	FZD5_LRP6	O75581;Q13467	2432	PMID:24532711	Ligand-Receptor	0	complex_component_support_only	0	0	0	0	0		
HGNC:6698	LRP6	O75581	ENSG00000070018	4040	membrane	FZD5_LRP6	complex	protein	P56703	P56703	2432	PMID:24532711	Ligand-Receptor	0	complex_component_support_only	0	0	0	0	0		
HGNC:4043	FZD5	Q13467	ENSG00000163251	7855	membrane	FZD5_LRP6	complex	protein	P56703	P56703	2432	PMID:24532711	Ligand-Receptor	0	complex_component_support_only	0	0	0	0	0		
HGNC:12782	WNT3	P56703	ENSG00000108379	7473	secreted_only	P56703	protein	complex	FZD6_LRP5	O60353;O75197	2433	PMID:24532711	Ligand-Receptor	0	complex_component_support_only	0	0	0	0	0		
HGNC:4044	FZD6	O60353	ENSG00000164930	8323	membrane	FZD6_LRP5	complex	protein	P56703	P56703	2433	PMID:24532711	Ligand-Receptor	0	complex_component_support_only	0	0	0	0	0		
HGNC:6697	LRP5	O75197	ENSG00000162337	4041	membrane_inferred	FZD6_LRP5	complex	protein	P56703	P56703	2433	PMID:24532711	Ligand-Receptor	0	complex_component_support_only	0	0	0	0	0		
HGNC:12782	WNT3	P56703	ENSG00000108379	7473	secreted_only	P56703	protein	complex	FZD6_LRP6	O60353;O75581	2434	PMID:24532711	Ligand-Receptor	0	complex_component_support_only	0	0	0	0	0		
HGNC:4044	FZD6	O60353	ENSG00000164930	8323	membrane	FZD6_LRP6	complex	protein	P56703	P56703	2434	PMID:24532711	Ligand-Receptor	0	complex_component_support_only	0	0	0	0	0		
HGNC:6698	LRP6	O75581	ENSG00000070018	4040	membrane	FZD6_LRP6	complex	protein	P56703	P56703	2434	PMID:24532711	Ligand-Receptor	0	complex_component_support_only	0	0	0	0	0		
HGNC:12782	WNT3	P56703	ENSG00000108379	7473	secreted_only	P56703	protein	complex	FZD7_LRP5	O75084;O75197	2435	PMID:24532711	Ligand-Receptor	0	complex_component_support_only	0	0	0	0	0		
HGNC:4045	FZD7	O75084	ENSG00000155760	8324	membrane	FZD7_LRP5	complex	protein	P56703	P56703	2435	PMID:24532711	Ligand-Receptor	0	complex_component_support_only	0	0	0	0	0		
HGNC:6697	LRP5	O75197	ENSG00000162337	4041	membrane_inferred	FZD7_LRP5	complex	protein	P56703	P56703	2435	PMID:24532711	Ligand-Receptor	0	complex_component_support_only	0	0	0	0	0		
HGNC:12782	WNT3	P56703	ENSG00000108379	7473	secreted_only	P56703	protein	complex	FZD7_LRP6	O75084;O75581	2436	PMID:24532711	Ligand-Receptor	0	complex_component_support_only	0	0	0	0	0		
HGNC:4045	FZD7	O75084	ENSG00000155760	8324	membrane	FZD7_LRP6	complex	protein	P56703	P56703	2436	PMID:24532711	Ligand-Receptor	0	complex_component_support_only	0	0	0	0	0		
HGNC:6698	LRP6	O75581	ENSG00000070018	4040	membrane	FZD7_LRP6	complex	protein	P56703	P56703	2436	PMID:24532711	Ligand-Receptor	0	complex_component_support_only	0	0	0	0	0		
HGNC:12782	WNT3	P56703	ENSG00000108379	7473	secreted_only	P56703	protein	complex	FZD8_LRP5	O75197;Q9H461	2437	PMID:24532711	Ligand-Receptor	0	complex_component_support_only	0	0	0	0	0		
HGNC:6697	LRP5	O75197	ENSG00000162337	4041	membrane_inferred	FZD8_LRP5	complex	protein	P56703	P56703	2437	PMID:24532711	Ligand-Receptor	0	complex_component_support_only	0	0	0	0	0		
HGNC:4046	FZD8	Q9H461	ENSG00000177283	8325	membrane	FZD8_LRP5	complex	protein	P56703	P56703	2437	PMID:24532711	Ligand-Receptor	0	complex_component_support_only	0	0	0	0	0		
HGNC:12782	WNT3	P56703	ENSG00000108379	7473	secreted_only	P56703	protein	complex	FZD8_LRP6	O75581;Q9H461	2438	PMID:24532711	Ligand-Receptor	0	complex_component_support_only	0	0	0	0	0		
HGNC:6698	LRP6	O75581	ENSG00000070018	4040	membrane	FZD8_LRP6	complex	protein	P56703	P56703	2438	PMID:24532711	Ligand-Receptor	0	complex_component_support_only	0	0	0	0	0		
HGNC:4046	FZD8	Q9H461	ENSG00000177283	8325	membrane	FZD8_LRP6	complex	protein	P56703	P56703	2438	PMID:24532711	Ligand-Receptor	0	complex_component_support_only	0	0	0	0	0		
HGNC:12782	WNT3	P56703	ENSG00000108379	7473	secreted_only	P56703	protein	complex	FDZ8_RYK	P34925;Q9H461	2439	reactome;uniprot;PMID:16116452	Ligand-Receptor	0	complex_component_support_only	0	0	0	0	0		
HGNC:10481	RYK	P34925	ENSG00000163785	6259	membrane	FDZ8_RYK	complex	protein	P56703	P56703	2439	reactome;uniprot;PMID:16116452	Ligand-Receptor	0	complex_component_support_only	0	0	0	0	0		
HGNC:4046	FZD8	Q9H461	ENSG00000177283	8325	membrane	FDZ8_RYK	complex	protein	P56703	P56703	2439	reactome;uniprot;PMID:16116452	Ligand-Receptor	0	complex_component_support_only	0	0	0	0	0		
HGNC:12782	WNT3	P56703	ENSG00000108379	7473	secreted_only	P56703	protein	complex	FZD9_LRP5	O00144;O75197	2440	PMID:24532711	Ligand-Receptor	0	complex_component_support_only	0	0	0	0	0		
HGNC:4047	FZD9	O00144	ENSG00000188763	8326	membrane	FZD9_LRP5	complex	protein	P56703	P56703	2440	PMID:24532711	Ligand-Receptor	0	complex_component_support_only	0	0	0	0	0		
HGNC:6697	LRP5	O75197	ENSG00000162337	4041	membrane_inferred	FZD9_LRP5	complex	protein	P56703	P56703	2440	PMID:24532711	Ligand-Receptor	0	complex_component_support_only	0	0	0	0	0		
HGNC:12782	WNT3	P56703	ENSG00000108379	7473	secreted_only	P56703	protein	complex	FZD9_LRP6	O00144;O75581	2441	PMID:24532711	Ligand-Receptor	0	complex_component_support_only	0	0	0	0	0		
HGNC:4047	FZD9	O00144	ENSG00000188763	8326	membrane	FZD9_LRP6	complex	protein	P56703	P56703	2441	PMID:24532711	Ligand-Receptor	0	complex_component_support_only	0	0	0	0	0		
HGNC:6698	LRP6	O75581	ENSG00000070018	4040	membrane	FZD9_LRP6	complex	protein	P56703	P56703	2441	PMID:24532711	Ligand-Receptor	0	complex_component_support_only	0	0	0	0	0		
HGNC:12782	WNT3	P56703	ENSG00000108379	7473	secreted_only	P56703	protein	protein	Q8N474	Q8N474	2442	PMID:12775774	Ligand-Ligand	1	single_protein_pair	0	0	0	0	0		
HGNC:12782	WNT3	P56703	ENSG00000108379	7473	secreted_only	P56703	protein	protein	Q96HF1	Q96HF1	2443	PMID:12775774	Ligand-Ligand	1	single_protein_pair	0	0	0	0	0		
HGNC:12782	WNT3	P56703	ENSG00000108379	7473	secreted_only	P56703	protein	protein	Q6FHJ7	Q6FHJ7	2444	PMID:12775774	Ligand-Ligand	1	single_protein_pair	0	0	0	0	0		
HGNC:12782	WNT3	P56703	ENSG00000108379	7473	secreted_only	P56703	protein	protein	Q5T4F7	Q5T4F7	2445	PMID:12775774	Ligand-Ligand	1	single_protein_pair	0	0	0	0	0		
HGNC:12782	WNT3	P56703	ENSG00000108379	7473	secreted_only	P56703	protein	protein	Q9Y5W5	Q9Y5W5	2446	PMID:12775774	Ligand-Ligand	1	single_protein_pair	0	0	0	0	0		
HGNC:6697	LRP5	O75197	ENSG00000162337	4041	membrane_inferred	FZD1_LRP5	complex	protein	P56704	P56704	2449	PMID:24532711	Ligand-Receptor	0	complex_component_support_only	0	0	0	0	0		
HGNC:4038	FZD1	Q9UP38	ENSG00000157240	8321	membrane	FZD1_LRP5	complex	protein	P56704	P56704	2449	PMID:24532711	Ligand-Receptor	0	complex_component_support_only	0	0	0	0	0		
HGNC:6698	LRP6	O75581	ENSG00000070018	4040	membrane	FZD1_LRP6	complex	protein	P56704	P56704	2450	PMID:24532711	Ligand-Receptor	0	complex_component_support_only	0	0	0	0	0		
HGNC:4038	FZD1	Q9UP38	ENSG00000157240	8321	membrane	FZD1_LRP6	complex	protein	P56704	P56704	2450	PMID:24532711	Ligand-Receptor	0	complex_component_support_only	0	0	0	0	0		
HGNC:6697	LRP5	O75197	ENSG00000162337	4041	membrane_inferred	FZD10_LRP5	complex	protein	P56704	P56704	2451	PMID:24532711	Ligand-Receptor	0	complex_component_support_only	0	0	0	0	0		
HGNC:4039	FZD10	Q9ULW2	ENSG00000111432	11211	membrane	FZD10_LRP5	complex	protein	P56704	P56704	2451	PMID:24532711	Ligand-Receptor	0	complex_component_support_only	0	0	0	0	0		
HGNC:6698	LRP6	O75581	ENSG00000070018	4040	membrane	FZD10_LRP6	complex	protein	P56704	P56704	2452	PMID:24532711	Ligand-Receptor	0	complex_component_support_only	0	0	0	0	0		
HGNC:4039	FZD10	Q9ULW2	ENSG00000111432	11211	membrane	FZD10_LRP6	complex	protein	P56704	P56704	2452	PMID:24532711	Ligand-Receptor	0	complex_component_support_only	0	0	0	0	0		
HGNC:6697	LRP5	O75197	ENSG00000162337	4041	membrane_inferred	FZD2_LRP5	complex	protein	P56704	P56704	2453	PMID:24532711	Ligand-Receptor	0	complex_component_support_only	0	0	0	0	0		
HGNC:4040	FZD2	Q14332	ENSG00000180340	2535	membrane	FZD2_LRP5	complex	protein	P56704	P56704	2453	PMID:24532711	Ligand-Receptor	0	complex_component_support_only	0	0	0	0	0		
HGNC:6698	LRP6	O75581	ENSG00000070018	4040	membrane	FZD2_LRP6	complex	protein	P56704	P56704	2454	PMID:24532711	Ligand-Receptor	0	complex_component_support_only	0	0	0	0	0		
HGNC:4040	FZD2	Q14332	ENSG00000180340	2535	membrane	FZD2_LRP6	complex	protein	P56704	P56704	2454	PMID:24532711	Ligand-Receptor	0	complex_component_support_only	0	0	0	0	0		
HGNC:6697	LRP5	O75197	ENSG00000162337	4041	membrane_inferred	FZD3_LRP5	complex	protein	P56704	P56704	2455	PMID:24532711	Ligand-Receptor	0	complex_component_support_only	0	0	0	0	0		
HGNC:4041	FZD3	Q9NPG1	ENSG00000104290	7976	membrane	FZD3_LRP5	complex	protein	P56704	P56704	2455	PMID:24532711	Ligand-Receptor	0	complex_component_support_only	0	0	0	0	0		
HGNC:6698	LRP6	O75581	ENSG00000070018	4040	membrane	FZD3_LRP6	complex	protein	P56704	P56704	2456	PMID:24532711	Ligand-Receptor	0	complex_component_support_only	0	0	0	0	0		
HGNC:4041	FZD3	Q9NPG1	ENSG00000104290	7976	membrane	FZD3_LRP6	complex	protein	P56704	P56704	2456	PMID:24532711	Ligand-Receptor	0	complex_component_support_only	0	0	0	0	0		
HGNC:6697	LRP5	O75197	ENSG00000162337	4041	membrane_inferred	FZD4_LRP5	complex	protein	P56704	P56704	2457	PMID:24532711	Ligand-Receptor	0	complex_component_support_only	0	0	0	0	0		
HGNC:4042	FZD4	Q9ULV1	ENSG00000174804	8322	membrane	FZD4_LRP5	complex	protein	P56704	P56704	2457	PMID:24532711	Ligand-Receptor	0	complex_component_support_only	0	0	0	0	0		
HGNC:6698	LRP6	O75581	ENSG00000070018	4040	membrane	FZD4_LRP6	complex	protein	P56704	P56704	2458	PMID:24532711	Ligand-Receptor	0	complex_component_support_only	0	0	0	0	0		
HGNC:4042	FZD4	Q9ULV1	ENSG00000174804	8322	membrane	FZD4_LRP6	complex	protein	P56704	P56704	2458	PMID:24532711	Ligand-Receptor	0	complex_component_support_only	0	0	0	0	0		
HGNC:6697	LRP5	O75197	ENSG00000162337	4041	membrane_inferred	FZD5_LRP5	complex	protein	P56704	P56704	2459	PMID:24532711	Ligand-Receptor	0	complex_component_support_only	0	0	0	0	0		
HGNC:4043	FZD5	Q13467	ENSG00000163251	7855	membrane	FZD5_LRP5	complex	protein	P56704	P56704	2459	PMID:24532711	Ligand-Receptor	0	complex_component_support_only	0	0	0	0	0		
HGNC:6698	LRP6	O75581	ENSG00000070018	4040	membrane	FZD5_LRP6	complex	protein	P56704	P56704	2460	PMID:24532711	Ligand-Receptor	0	complex_component_support_only	0	0	0	0	0		
HGNC:4043	FZD5	Q13467	ENSG00000163251	7855	membrane	FZD5_LRP6	complex	protein	P56704	P56704	2460	PMID:24532711	Ligand-Receptor	0	complex_component_support_only	0	0	0	0	0		
HGNC:4044	FZD6	O60353	ENSG00000164930	8323	membrane	FZD6_LRP5	complex	protein	P56704	P56704	2461	PMID:24532711	Ligand-Receptor	0	complex_component_support_only	0	0	0	0	0		
HGNC:6697	LRP5	O75197	ENSG00000162337	4041	membrane_inferred	FZD6_LRP5	complex	protein	P56704	P56704	2461	PMID:24532711	Ligand-Receptor	0	complex_component_support_only	0	0	0	0	0		
HGNC:4044	FZD6	O60353	ENSG00000164930	8323	membrane	FZD6_LRP6	complex	protein	P56704	P56704	2462	PMID:24532711	Ligand-Receptor	0	complex_component_support_only	0	0	0	0	0		
HGNC:6698	LRP6	O75581	ENSG00000070018	4040	membrane	FZD6_LRP6	complex	protein	P56704	P56704	2462	PMID:24532711	Ligand-Receptor	0	complex_component_support_only	0	0	0	0	0		
HGNC:4045	FZD7	O75084	ENSG00000155760	8324	membrane	FZD7_LRP5	complex	protein	P56704	P56704	2463	PMID:24532711	Ligand-Receptor	0	complex_component_support_only	0	0	0	0	0		
HGNC:6697	LRP5	O75197	ENSG00000162337	4041	membrane_inferred	FZD7_LRP5	complex	protein	P56704	P56704	2463	PMID:24532711	Ligand-Receptor	0	complex_component_support_only	0	0	0	0	0		
HGNC:4045	FZD7	O75084	ENSG00000155760	8324	membrane	FZD7_LRP6	complex	protein	P56704	P56704	2464	PMID:24532711	Ligand-Receptor	0	complex_component_support_only	0	0	0	0	0		
HGNC:6698	LRP6	O75581	ENSG00000070018	4040	membrane	FZD7_LRP6	complex	protein	P56704	P56704	2464	PMID:24532711	Ligand-Receptor	0	complex_component_support_only	0	0	0	0	0		
HGNC:6697	LRP5	O75197	ENSG00000162337	4041	membrane_inferred	FZD8_LRP5	complex	protein	P56704	P56704	2465	PMID:24532711	Ligand-Receptor	0	complex_component_support_only	0	0	0	0	0		
HGNC:4046	FZD8	Q9H461	ENSG00000177283	8325	membrane	FZD8_LRP5	complex	protein	P56704	P56704	2465	PMID:24532711	Ligand-Receptor	0	complex_component_support_only	0	0	0	0	0		
HGNC:6698	LRP6	O75581	ENSG00000070018	4040	membrane	FZD8_LRP6	complex	protein	P56704	P56704	2466	PMID:24532711	Ligand-Receptor	0	complex_component_support_only	0	0	0	0	0		
HGNC:4046	FZD8	Q9H461	ENSG00000177283	8325	membrane	FZD8_LRP6	complex	protein	P56704	P56704	2466	PMID:24532711	Ligand-Receptor	0	complex_component_support_only	0	0	0	0	0		
HGNC:10481	RYK	P34925	ENSG00000163785	6259	membrane	FDZ8_RYK	complex	protein	P56704	P56704	2467	reactome;uniprot	Ligand-Receptor	0	complex_component_support_only	0	0	0	0	0		
HGNC:4046	FZD8	Q9H461	ENSG00000177283	8325	membrane	FDZ8_RYK	complex	protein	P56704	P56704	2467	reactome;uniprot	Ligand-Receptor	0	complex_component_support_only	0	0	0	0	0		
HGNC:4047	FZD9	O00144	ENSG00000188763	8326	membrane	FZD9_LRP5	complex	protein	P56704	P56704	2468	PMID:24532711	Ligand-Receptor	0	complex_component_support_only	0	0	0	0	0		
HGNC:6697	LRP5	O75197	ENSG00000162337	4041	membrane_inferred	FZD9_LRP5	complex	protein	P56704	P56704	2468	PMID:24532711	Ligand-Receptor	0	complex_component_support_only	0	0	0	0	0		
HGNC:4047	FZD9	O00144	ENSG00000188763	8326	membrane	FZD9_LRP6	complex	protein	P56704	P56704	2469	PMID:24532711	Ligand-Receptor	0	complex_component_support_only	0	0	0	0	0		
HGNC:6698	LRP6	O75581	ENSG00000070018	4040	membrane	FZD9_LRP6	complex	protein	P56704	P56704	2469	PMID:24532711	Ligand-Receptor	0	complex_component_support_only	0	0	0	0	0		
HGNC:12783	WNT4	P56705	ENSG00000162552	54361	secreted_only	P56705	protein	protein	O95813	O95813	2475	PMID:10067895	Ligand-Ligand	1	single_protein_pair	0	0	0	0	0		
HGNC:12783	WNT4	P56705	ENSG00000162552	54361	secreted_only	P56705	protein	protein	Q92765	Q92765	2476	PMID:12775774	Ligand-Ligand	1	single_protein_pair	0	0	0	0	0		
HGNC:12783	WNT4	P56705	ENSG00000162552	54361	secreted_only	P56705	protein	complex	FZD1_LRP5	O75197;Q9UP38	2477	PMID:24532711	Ligand-Receptor	0	complex_component_support_only	0	0	0	0	0		
HGNC:6697	LRP5	O75197	ENSG00000162337	4041	membrane_inferred	FZD1_LRP5	complex	protein	P56705	P56705	2477	PMID:24532711	Ligand-Receptor	0	complex_component_support_only	0	0	0	0	0		
HGNC:4038	FZD1	Q9UP38	ENSG00000157240	8321	membrane	FZD1_LRP5	complex	protein	P56705	P56705	2477	PMID:24532711	Ligand-Receptor	0	complex_component_support_only	0	0	0	0	0		
HGNC:12783	WNT4	P56705	ENSG00000162552	54361	secreted_only	P56705	protein	complex	FZD1_LRP6	O75581;Q9UP38	2478	PMID:24532711	Ligand-Receptor	0	complex_component_support_only	0	0	0	0	0		
HGNC:6698	LRP6	O75581	ENSG00000070018	4040	membrane	FZD1_LRP6	complex	protein	P56705	P56705	2478	PMID:24532711	Ligand-Receptor	0	complex_component_support_only	0	0	0	0	0		
HGNC:4038	FZD1	Q9UP38	ENSG00000157240	8321	membrane	FZD1_LRP6	complex	protein	P56705	P56705	2478	PMID:24532711	Ligand-Receptor	0	complex_component_support_only	0	0	0	0	0		
HGNC:12783	WNT4	P56705	ENSG00000162552	54361	secreted_only	P56705	protein	complex	FZD10_LRP5	O75197;Q9ULW2	2479	PMID:24532711	Ligand-Receptor	0	complex_component_support_only	0	0	0	0	0		
HGNC:6697	LRP5	O75197	ENSG00000162337	4041	membrane_inferred	FZD10_LRP5	complex	protein	P56705	P56705	2479	PMID:24532711	Ligand-Receptor	0	complex_component_support_only	0	0	0	0	0		
HGNC:4039	FZD10	Q9ULW2	ENSG00000111432	11211	membrane	FZD10_LRP5	complex	protein	P56705	P56705	2479	PMID:24532711	Ligand-Receptor	0	complex_component_support_only	0	0	0	0	0		
HGNC:12783	WNT4	P56705	ENSG00000162552	54361	secreted_only	P56705	protein	complex	FZD10_LRP6	O75581;Q9ULW2	2480	PMID:24532711	Ligand-Receptor	0	complex_component_support_only	0	0	0	0	0		
HGNC:6698	LRP6	O75581	ENSG00000070018	4040	membrane	FZD10_LRP6	complex	protein	P56705	P56705	2480	PMID:24532711	Ligand-Receptor	0	complex_component_support_only	0	0	0	0	0		
HGNC:4039	FZD10	Q9ULW2	ENSG00000111432	11211	membrane	FZD10_LRP6	complex	protein	P56705	P56705	2480	PMID:24532711	Ligand-Receptor	0	complex_component_support_only	0	0	0	0	0		
HGNC:12783	WNT4	P56705	ENSG00000162552	54361	secreted_only	P56705	protein	complex	FZD2_LRP5	O75197;Q14332	2481	PMID:24532711	Ligand-Receptor	0	complex_component_support_only	0	0	0	0	0		
HGNC:6697	LRP5	O75197	ENSG00000162337	4041	membrane_inferred	FZD2_LRP5	complex	protein	P56705	P56705	2481	PMID:24532711	Ligand-Receptor	0	complex_component_support_only	0	0	0	0	0		
HGNC:4040	FZD2	Q14332	ENSG00000180340	2535	membrane	FZD2_LRP5	complex	protein	P56705	P56705	2481	PMID:24532711	Ligand-Receptor	0	complex_component_support_only	0	0	0	0	0		
HGNC:12783	WNT4	P56705	ENSG00000162552	54361	secreted_only	P56705	protein	complex	FZD2_LRP6	O75581;Q14332	2482	PMID:24532711	Ligand-Receptor	0	complex_component_support_only	0	0	0	0	0		
HGNC:6698	LRP6	O75581	ENSG00000070018	4040	membrane	FZD2_LRP6	complex	protein	P56705	P56705	2482	PMID:24532711	Ligand-Receptor	0	complex_component_support_only	0	0	0	0	0		
HGNC:4040	FZD2	Q14332	ENSG00000180340	2535	membrane	FZD2_LRP6	complex	protein	P56705	P56705	2482	PMID:24532711	Ligand-Receptor	0	complex_component_support_only	0	0	0	0	0		
HGNC:12783	WNT4	P56705	ENSG00000162552	54361	secreted_only	P56705	protein	complex	FZD3_LRP5	O75197;Q9NPG1	2483	PMID:24532711	Ligand-Receptor	0	complex_component_support_only	0	0	0	0	0		
HGNC:6697	LRP5	O75197	ENSG00000162337	4041	membrane_inferred	FZD3_LRP5	complex	protein	P56705	P56705	2483	PMID:24532711	Ligand-Receptor	0	complex_component_support_only	0	0	0	0	0		
HGNC:4041	FZD3	Q9NPG1	ENSG00000104290	7976	membrane	FZD3_LRP5	complex	protein	P56705	P56705	2483	PMID:24532711	Ligand-Receptor	0	complex_component_support_only	0	0	0	0	0		
HGNC:12783	WNT4	P56705	ENSG00000162552	54361	secreted_only	P56705	protein	complex	FZD3_LRP6	O75581;Q9NPG1	2484	PMID:24532711	Ligand-Receptor	0	complex_component_support_only	0	0	0	0	0		
HGNC:6698	LRP6	O75581	ENSG00000070018	4040	membrane	FZD3_LRP6	complex	protein	P56705	P56705	2484	PMID:24532711	Ligand-Receptor	0	complex_component_support_only	0	0	0	0	0		
HGNC:4041	FZD3	Q9NPG1	ENSG00000104290	7976	membrane	FZD3_LRP6	complex	protein	P56705	P56705	2484	PMID:24532711	Ligand-Receptor	0	complex_component_support_only	0	0	0	0	0		
HGNC:12783	WNT4	P56705	ENSG00000162552	54361	secreted_only	P56705	protein	complex	FZD4_LRP5	O75197;Q9ULV1	2485	PMID:24532711	Ligand-Receptor	0	complex_component_support_only	0	0	0	0	0		
HGNC:6697	LRP5	O75197	ENSG00000162337	4041	membrane_inferred	FZD4_LRP5	complex	protein	P56705	P56705	2485	PMID:24532711	Ligand-Receptor	0	complex_component_support_only	0	0	0	0	0		
HGNC:4042	FZD4	Q9ULV1	ENSG00000174804	8322	membrane	FZD4_LRP5	complex	protein	P56705	P56705	2485	PMID:24532711	Ligand-Receptor	0	complex_component_support_only	0	0	0	0	0		
HGNC:12783	WNT4	P56705	ENSG00000162552	54361	secreted_only	P56705	protein	complex	FZD4_LRP6	O75581;Q9ULV1	2486	PMID:24532711	Ligand-Receptor	0	complex_component_support_only	0	0	0	0	0		
HGNC:6698	LRP6	O75581	ENSG00000070018	4040	membrane	FZD4_LRP6	complex	protein	P56705	P56705	2486	PMID:24532711	Ligand-Receptor	0	complex_component_support_only	0	0	0	0	0		
HGNC:4042	FZD4	Q9ULV1	ENSG00000174804	8322	membrane	FZD4_LRP6	complex	protein	P56705	P56705	2486	PMID:24532711	Ligand-Receptor	0	complex_component_support_only	0	0	0	0	0		
HGNC:12783	WNT4	P56705	ENSG00000162552	54361	secreted_only	P56705	protein	complex	FZD5_LRP5	O75197;Q13467	2487	PMID:24532711	Ligand-Receptor	0	complex_component_support_only	0	0	0	0	0		
HGNC:6697	LRP5	O75197	ENSG00000162337	4041	membrane_inferred	FZD5_LRP5	complex	protein	P56705	P56705	2487	PMID:24532711	Ligand-Receptor	0	complex_component_support_only	0	0	0	0	0		
HGNC:4043	FZD5	Q13467	ENSG00000163251	7855	membrane	FZD5_LRP5	complex	protein	P56705	P56705	2487	PMID:24532711	Ligand-Receptor	0	complex_component_support_only	0	0	0	0	0		
HGNC:12783	WNT4	P56705	ENSG00000162552	54361	secreted_only	P56705	protein	complex	FZD5_LRP6	O75581;Q13467	2488	PMID:24532711	Ligand-Receptor	0	complex_component_support_only	0	0	0	0	0		
HGNC:6698	LRP6	O75581	ENSG00000070018	4040	membrane	FZD5_LRP6	complex	protein	P56705	P56705	2488	PMID:24532711	Ligand-Receptor	0	complex_component_support_only	0	0	0	0	0		
HGNC:4043	FZD5	Q13467	ENSG00000163251	7855	membrane	FZD5_LRP6	complex	protein	P56705	P56705	2488	PMID:24532711	Ligand-Receptor	0	complex_component_support_only	0	0	0	0	0		
HGNC:12783	WNT4	P56705	ENSG00000162552	54361	secreted_only	P56705	protein	complex	FZD6_LRP5	O60353;O75197	2489	PMID:24532711	Ligand-Receptor	0	complex_component_support_only	0	0	0	0	0		
HGNC:4044	FZD6	O60353	ENSG00000164930	8323	membrane	FZD6_LRP5	complex	protein	P56705	P56705	2489	PMID:24532711	Ligand-Receptor	0	complex_component_support_only	0	0	0	0	0		
HGNC:6697	LRP5	O75197	ENSG00000162337	4041	membrane_inferred	FZD6_LRP5	complex	protein	P56705	P56705	2489	PMID:24532711	Ligand-Receptor	0	complex_component_support_only	0	0	0	0	0		
HGNC:12783	WNT4	P56705	ENSG00000162552	54361	secreted_only	P56705	protein	complex	FZD6_LRP6	O60353;O75581	2490	PMID:24532711	Ligand-Receptor	0	complex_component_support_only	0	0	0	0	0		
HGNC:4044	FZD6	O60353	ENSG00000164930	8323	membrane	FZD6_LRP6	complex	protein	P56705	P56705	2490	PMID:24532711	Ligand-Receptor	0	complex_component_support_only	0	0	0	0	0		
HGNC:6698	LRP6	O75581	ENSG00000070018	4040	membrane	FZD6_LRP6	complex	protein	P56705	P56705	2490	PMID:24532711	Ligand-Receptor	0	complex_component_support_only	0	0	0	0	0		
HGNC:12783	WNT4	P56705	ENSG00000162552	54361	secreted_only	P56705	protein	complex	FZD7_LRP5	O75084;O75197	2491	PMID:24532711	Ligand-Receptor	0	complex_component_support_only	0	0	0	0	0		
HGNC:4045	FZD7	O75084	ENSG00000155760	8324	membrane	FZD7_LRP5	complex	protein	P56705	P56705	2491	PMID:24532711	Ligand-Receptor	0	complex_component_support_only	0	0	0	0	0		
HGNC:6697	LRP5	O75197	ENSG00000162337	4041	membrane_inferred	FZD7_LRP5	complex	protein	P56705	P56705	2491	PMID:24532711	Ligand-Receptor	0	complex_component_support_only	0	0	0	0	0		
HGNC:12783	WNT4	P56705	ENSG00000162552	54361	secreted_only	P56705	protein	complex	FZD7_LRP6	O75084;O75581	2492	PMID:24532711	Ligand-Receptor	0	complex_component_support_only	0	0	0	0	0		
HGNC:4045	FZD7	O75084	ENSG00000155760	8324	membrane	FZD7_LRP6	complex	protein	P56705	P56705	2492	PMID:24532711	Ligand-Receptor	0	complex_component_support_only	0	0	0	0	0		
HGNC:6698	LRP6	O75581	ENSG00000070018	4040	membrane	FZD7_LRP6	complex	protein	P56705	P56705	2492	PMID:24532711	Ligand-Receptor	0	complex_component_support_only	0	0	0	0	0		
HGNC:12783	WNT4	P56705	ENSG00000162552	54361	secreted_only	P56705	protein	complex	FZD8_LRP5	O75197;Q9H461	2493	PMID:24532711	Ligand-Receptor	0	complex_component_support_only	0	0	0	0	0		
HGNC:6697	LRP5	O75197	ENSG00000162337	4041	membrane_inferred	FZD8_LRP5	complex	protein	P56705	P56705	2493	PMID:24532711	Ligand-Receptor	0	complex_component_support_only	0	0	0	0	0		
HGNC:4046	FZD8	Q9H461	ENSG00000177283	8325	membrane	FZD8_LRP5	complex	protein	P56705	P56705	2493	PMID:24532711	Ligand-Receptor	0	complex_component_support_only	0	0	0	0	0		
HGNC:12783	WNT4	P56705	ENSG00000162552	54361	secreted_only	P56705	protein	complex	FZD8_LRP6	O75581;Q9H461	2494	PMID:24532711	Ligand-Receptor	0	complex_component_support_only	0	0	0	0	0		
HGNC:6698	LRP6	O75581	ENSG00000070018	4040	membrane	FZD8_LRP6	complex	protein	P56705	P56705	2494	PMID:24532711	Ligand-Receptor	0	complex_component_support_only	0	0	0	0	0		
HGNC:4046	FZD8	Q9H461	ENSG00000177283	8325	membrane	FZD8_LRP6	complex	protein	P56705	P56705	2494	PMID:24532711	Ligand-Receptor	0	complex_component_support_only	0	0	0	0	0		
HGNC:12783	WNT4	P56705	ENSG00000162552	54361	secreted_only	P56705	protein	complex	FZD9_LRP5	O00144;O75197	2495	PMID:24532711	Ligand-Receptor	0	complex_component_support_only	0	0	0	0	0		
HGNC:4047	FZD9	O00144	ENSG00000188763	8326	membrane	FZD9_LRP5	complex	protein	P56705	P56705	2495	PMID:24532711	Ligand-Receptor	0	complex_component_support_only	0	0	0	0	0		
HGNC:6697	LRP5	O75197	ENSG00000162337	4041	membrane_inferred	FZD9_LRP5	complex	protein	P56705	P56705	2495	PMID:24532711	Ligand-Receptor	0	complex_component_support_only	0	0	0	0	0		
HGNC:12783	WNT4	P56705	ENSG00000162552	54361	secreted_only	P56705	protein	complex	FZD9_LRP6	O00144;O75581	2496	PMID:24532711	Ligand-Receptor	0	complex_component_support_only	0	0	0	0	0		
HGNC:4047	FZD9	O00144	ENSG00000188763	8326	membrane	FZD9_LRP6	complex	protein	P56705	P56705	2496	PMID:24532711	Ligand-Receptor	0	complex_component_support_only	0	0	0	0	0		
HGNC:6698	LRP6	O75581	ENSG00000070018	4040	membrane	FZD9_LRP6	complex	protein	P56705	P56705	2496	PMID:24532711	Ligand-Receptor	0	complex_component_support_only	0	0	0	0	0		
HGNC:12783	WNT4	P56705	ENSG00000162552	54361	secreted_only	P56705	protein	protein	Q8N474	Q8N474	2497	PMID:12775774	Ligand-Ligand	1	single_protein_pair	0	0	0	0	0		
HGNC:12783	WNT4	P56705	ENSG00000162552	54361	secreted_only	P56705	protein	protein	Q96HF1	Q96HF1	2498	PMID:12775774	Ligand-Ligand	1	single_protein_pair	0	0	0	0	0		
HGNC:12783	WNT4	P56705	ENSG00000162552	54361	secreted_only	P56705	protein	protein	Q6FHJ7	Q6FHJ7	2499	PMID:12775774	Ligand-Ligand	1	single_protein_pair	0	0	0	0	0		
HGNC:12783	WNT4	P56705	ENSG00000162552	54361	secreted_only	P56705	protein	protein	Q5T4F7	Q5T4F7	2500	PMID:12775774	Ligand-Ligand	1	single_protein_pair	0	0	0	0	0		
HGNC:12783	WNT4	P56705	ENSG00000162552	54361	secreted_only	P56705	protein	protein	Q9Y5W5	Q9Y5W5	2501	PMID:12775774	Ligand-Ligand	1	single_protein_pair	0	0	0	0	0		
HGNC:12784	WNT5A	P41221	ENSG00000114251	7474	secreted_only	P41221	protein	protein	O95813	O95813	2502	PMID:10067895	Ligand-Ligand	1	single_protein_pair	0	0	0	0	0		
HGNC:12784	WNT5A	P41221	ENSG00000114251	7474	secreted_only	P41221	protein	protein	Q92765	Q92765	2503	PMID:12775774	Ligand-Ligand	1	single_protein_pair	0	0	0	0	0		
HGNC:12784	WNT5A	P41221	ENSG00000114251	7474	secreted_only	P41221	protein	complex	FZD10_LRP5	O75197;Q9ULW2	2504	PMID:24532711	Ligand-Receptor	0	complex_component_support_only	0	0	0	0	0		
HGNC:6697	LRP5	O75197	ENSG00000162337	4041	membrane_inferred	FZD10_LRP5	complex	protein	P41221	P41221	2504	PMID:24532711	Ligand-Receptor	0	complex_component_support_only	0	0	0	0	0		
HGNC:4039	FZD10	Q9ULW2	ENSG00000111432	11211	membrane	FZD10_LRP5	complex	protein	P41221	P41221	2504	PMID:24532711	Ligand-Receptor	0	complex_component_support_only	0	0	0	0	0		
HGNC:12784	WNT5A	P41221	ENSG00000114251	7474	secreted_only	P41221	protein	complex	FZD10_LRP6	O75581;Q9ULW2	2505	PMID:24532711	Ligand-Receptor	0	complex_component_support_only	0	0	0	0	0		
HGNC:6698	LRP6	O75581	ENSG00000070018	4040	membrane	FZD10_LRP6	complex	protein	P41221	P41221	2505	PMID:24532711	Ligand-Receptor	0	complex_component_support_only	0	0	0	0	0		
HGNC:4039	FZD10	Q9ULW2	ENSG00000111432	11211	membrane	FZD10_LRP6	complex	protein	P41221	P41221	2505	PMID:24532711	Ligand-Receptor	0	complex_component_support_only	0	0	0	0	0		
HGNC:12784	WNT5A	P41221	ENSG00000114251	7474	secreted_only	P41221	protein	complex	FZD2_LRP5	O75197;Q14332	2506	PMID:24032637	Ligand-Receptor	0	complex_component_support_only	0	0	0	0	0		
HGNC:6697	LRP5	O75197	ENSG00000162337	4041	membrane_inferred	FZD2_LRP5	complex	protein	P41221	P41221	2506	PMID:24032637	Ligand-Receptor	0	complex_component_support_only	0	0	0	0	0		
HGNC:4040	FZD2	Q14332	ENSG00000180340	2535	membrane	FZD2_LRP5	complex	protein	P41221	P41221	2506	PMID:24032637	Ligand-Receptor	0	complex_component_support_only	0	0	0	0	0		
HGNC:12784	WNT5A	P41221	ENSG00000114251	7474	secreted_only	P41221	protein	complex	FZD2_LRP6	O75581;Q14332	2507	PMID:24032637	Ligand-Receptor	0	complex_component_support_only	0	0	0	0	0		
HGNC:6698	LRP6	O75581	ENSG00000070018	4040	membrane	FZD2_LRP6	complex	protein	P41221	P41221	2507	PMID:24032637	Ligand-Receptor	0	complex_component_support_only	0	0	0	0	0		
HGNC:4040	FZD2	Q14332	ENSG00000180340	2535	membrane	FZD2_LRP6	complex	protein	P41221	P41221	2507	PMID:24032637	Ligand-Receptor	0	complex_component_support_only	0	0	0	0	0		
HGNC:12784	WNT5A	P41221	ENSG00000114251	7474	secreted_only	P41221	protein	complex	FZD3_LRP5	O75197;Q9NPG1	2508	PMID:24032637	Ligand-Receptor	0	complex_component_support_only	0	0	0	0	0		
HGNC:6697	LRP5	O75197	ENSG00000162337	4041	membrane_inferred	FZD3_LRP5	complex	protein	P41221	P41221	2508	PMID:24032637	Ligand-Receptor	0	complex_component_support_only	0	0	0	0	0		
HGNC:4041	FZD3	Q9NPG1	ENSG00000104290	7976	membrane	FZD3_LRP5	complex	protein	P41221	P41221	2508	PMID:24032637	Ligand-Receptor	0	complex_component_support_only	0	0	0	0	0		
HGNC:12784	WNT5A	P41221	ENSG00000114251	7474	secreted_only	P41221	protein	complex	FZD3_LRP6	O75581;Q9NPG1	2509	PMID:24032637	Ligand-Receptor	0	complex_component_support_only	0	0	0	0	0		
HGNC:6698	LRP6	O75581	ENSG00000070018	4040	membrane	FZD3_LRP6	complex	protein	P41221	P41221	2509	PMID:24032637	Ligand-Receptor	0	complex_component_support_only	0	0	0	0	0		
HGNC:4041	FZD3	Q9NPG1	ENSG00000104290	7976	membrane	FZD3_LRP6	complex	protein	P41221	P41221	2509	PMID:24032637	Ligand-Receptor	0	complex_component_support_only	0	0	0	0	0		
HGNC:12784	WNT5A	P41221	ENSG00000114251	7474	secreted_only	P41221	protein	complex	FZD4_LRP5	O75197;Q9ULV1	2510	PMID:24532711	Ligand-Receptor	0	complex_component_support_only	0	0	0	0	0		
HGNC:6697	LRP5	O75197	ENSG00000162337	4041	membrane_inferred	FZD4_LRP5	complex	protein	P41221	P41221	2510	PMID:24532711	Ligand-Receptor	0	complex_component_support_only	0	0	0	0	0		
HGNC:4042	FZD4	Q9ULV1	ENSG00000174804	8322	membrane	FZD4_LRP5	complex	protein	P41221	P41221	2510	PMID:24532711	Ligand-Receptor	0	complex_component_support_only	0	0	0	0	0		
HGNC:12784	WNT5A	P41221	ENSG00000114251	7474	secreted_only	P41221	protein	complex	FZD4_LRP6	O75581;Q9ULV1	2511	PMID:24532711	Ligand-Receptor	0	complex_component_support_only	0	0	0	0	0		
HGNC:6698	LRP6	O75581	ENSG00000070018	4040	membrane	FZD4_LRP6	complex	protein	P41221	P41221	2511	PMID:24532711	Ligand-Receptor	0	complex_component_support_only	0	0	0	0	0		
HGNC:4042	FZD4	Q9ULV1	ENSG00000174804	8322	membrane	FZD4_LRP6	complex	protein	P41221	P41221	2511	PMID:24532711	Ligand-Receptor	0	complex_component_support_only	0	0	0	0	0		
HGNC:12784	WNT5A	P41221	ENSG00000114251	7474	secreted_only	P41221	protein	complex	FZD5_LRP5	O75197;Q13467	2512	PMID:24032637	Ligand-Receptor	0	complex_component_support_only	0	0	0	0	0		
HGNC:6697	LRP5	O75197	ENSG00000162337	4041	membrane_inferred	FZD5_LRP5	complex	protein	P41221	P41221	2512	PMID:24032637	Ligand-Receptor	0	complex_component_support_only	0	0	0	0	0		
HGNC:4043	FZD5	Q13467	ENSG00000163251	7855	membrane	FZD5_LRP5	complex	protein	P41221	P41221	2512	PMID:24032637	Ligand-Receptor	0	complex_component_support_only	0	0	0	0	0		
HGNC:12784	WNT5A	P41221	ENSG00000114251	7474	secreted_only	P41221	protein	complex	FZD5_LRP6	O75581;Q13467	2513	PMID:24532711	Ligand-Receptor	0	complex_component_support_only	0	0	0	0	0		
HGNC:6698	LRP6	O75581	ENSG00000070018	4040	membrane	FZD5_LRP6	complex	protein	P41221	P41221	2513	PMID:24532711	Ligand-Receptor	0	complex_component_support_only	0	0	0	0	0		
HGNC:4043	FZD5	Q13467	ENSG00000163251	7855	membrane	FZD5_LRP6	complex	protein	P41221	P41221	2513	PMID:24532711	Ligand-Receptor	0	complex_component_support_only	0	0	0	0	0		
HGNC:12784	WNT5A	P41221	ENSG00000114251	7474	secreted_only	P41221	protein	complex	FZD6_LRP5	O60353;O75197	2514	PMID:24532711	Ligand-Receptor	0	complex_component_support_only	0	0	0	0	0		
HGNC:4044	FZD6	O60353	ENSG00000164930	8323	membrane	FZD6_LRP5	complex	protein	P41221	P41221	2514	PMID:24532711	Ligand-Receptor	0	complex_component_support_only	0	0	0	0	0		
HGNC:6697	LRP5	O75197	ENSG00000162337	4041	membrane_inferred	FZD6_LRP5	complex	protein	P41221	P41221	2514	PMID:24532711	Ligand-Receptor	0	complex_component_support_only	0	0	0	0	0		
HGNC:12784	WNT5A	P41221	ENSG00000114251	7474	secreted_only	P41221	protein	complex	FZD6_LRP6	O60353;O75581	2515	PMID:24532711	Ligand-Receptor	0	complex_component_support_only	0	0	0	0	0		
HGNC:4044	FZD6	O60353	ENSG00000164930	8323	membrane	FZD6_LRP6	complex	protein	P41221	P41221	2515	PMID:24532711	Ligand-Receptor	0	complex_component_support_only	0	0	0	0	0		
HGNC:6698	LRP6	O75581	ENSG00000070018	4040	membrane	FZD6_LRP6	complex	protein	P41221	P41221	2515	PMID:24532711	Ligand-Receptor	0	complex_component_support_only	0	0	0	0	0		
HGNC:12784	WNT5A	P41221	ENSG00000114251	7474	secreted_only	P41221	protein	complex	FZD7_LRP5	O75084;O75197	2516	PMID:24532711	Ligand-Receptor	0	complex_component_support_only	0	0	0	0	0		
HGNC:4045	FZD7	O75084	ENSG00000155760	8324	membrane	FZD7_LRP5	complex	protein	P41221	P41221	2516	PMID:24532711	Ligand-Receptor	0	complex_component_support_only	0	0	0	0	0		
HGNC:6697	LRP5	O75197	ENSG00000162337	4041	membrane_inferred	FZD7_LRP5	complex	protein	P41221	P41221	2516	PMID:24532711	Ligand-Receptor	0	complex_component_support_only	0	0	0	0	0		
HGNC:12784	WNT5A	P41221	ENSG00000114251	7474	secreted_only	P41221	protein	complex	FZD7_LRP6	O75084;O75581	2517	PMID:24532711	Ligand-Receptor	0	complex_component_support_only	0	0	0	0	0		
HGNC:4045	FZD7	O75084	ENSG00000155760	8324	membrane	FZD7_LRP6	complex	protein	P41221	P41221	2517	PMID:24532711	Ligand-Receptor	0	complex_component_support_only	0	0	0	0	0		
HGNC:6698	LRP6	O75581	ENSG00000070018	4040	membrane	FZD7_LRP6	complex	protein	P41221	P41221	2517	PMID:24532711	Ligand-Receptor	0	complex_component_support_only	0	0	0	0	0		
HGNC:12784	WNT5A	P41221	ENSG00000114251	7474	secreted_only	P41221	protein	complex	FZD8_LRP5	O75197;Q9H461	2518	PMID:24532711	Ligand-Receptor	0	complex_component_support_only	0	0	0	0	0		
HGNC:6697	LRP5	O75197	ENSG00000162337	4041	membrane_inferred	FZD8_LRP5	complex	protein	P41221	P41221	2518	PMID:24532711	Ligand-Receptor	0	complex_component_support_only	0	0	0	0	0		
HGNC:4046	FZD8	Q9H461	ENSG00000177283	8325	membrane	FZD8_LRP5	complex	protein	P41221	P41221	2518	PMID:24532711	Ligand-Receptor	0	complex_component_support_only	0	0	0	0	0		
HGNC:12784	WNT5A	P41221	ENSG00000114251	7474	secreted_only	P41221	protein	complex	FZD8_LRP6	O75581;Q9H461	2519	PMID:24532711	Ligand-Receptor	0	complex_component_support_only	0	0	0	0	0		
HGNC:6698	LRP6	O75581	ENSG00000070018	4040	membrane	FZD8_LRP6	complex	protein	P41221	P41221	2519	PMID:24532711	Ligand-Receptor	0	complex_component_support_only	0	0	0	0	0		
HGNC:4046	FZD8	Q9H461	ENSG00000177283	8325	membrane	FZD8_LRP6	complex	protein	P41221	P41221	2519	PMID:24532711	Ligand-Receptor	0	complex_component_support_only	0	0	0	0	0		
HGNC:12784	WNT5A	P41221	ENSG00000114251	7474	secreted_only	P41221	protein	complex	FDZ8_RYK	P34925;Q9H461	2520	reactome;uniprot	Ligand-Receptor	0	complex_component_support_only	0	0	0	0	0		
HGNC:10481	RYK	P34925	ENSG00000163785	6259	membrane	FDZ8_RYK	complex	protein	P41221	P41221	2520	reactome;uniprot	Ligand-Receptor	0	complex_component_support_only	0	0	0	0	0		
HGNC:4046	FZD8	Q9H461	ENSG00000177283	8325	membrane	FDZ8_RYK	complex	protein	P41221	P41221	2520	reactome;uniprot	Ligand-Receptor	0	complex_component_support_only	0	0	0	0	0		
HGNC:12784	WNT5A	P41221	ENSG00000114251	7474	secreted_only	P41221	protein	complex	FZD9_LRP5	O00144;O75197	2521	PMID:24532711	Ligand-Receptor	0	complex_component_support_only	0	0	0	0	0		
HGNC:4047	FZD9	O00144	ENSG00000188763	8326	membrane	FZD9_LRP5	complex	protein	P41221	P41221	2521	PMID:24532711	Ligand-Receptor	0	complex_component_support_only	0	0	0	0	0		
HGNC:6697	LRP5	O75197	ENSG00000162337	4041	membrane_inferred	FZD9_LRP5	complex	protein	P41221	P41221	2521	PMID:24532711	Ligand-Receptor	0	complex_component_support_only	0	0	0	0	0		
HGNC:12784	WNT5A	P41221	ENSG00000114251	7474	secreted_only	P41221	protein	complex	FZD9_LRP6	O00144;O75581	2522	PMID:24532711	Ligand-Receptor	0	complex_component_support_only	0	0	0	0	0		
HGNC:4047	FZD9	O00144	ENSG00000188763	8326	membrane	FZD9_LRP6	complex	protein	P41221	P41221	2522	PMID:24532711	Ligand-Receptor	0	complex_component_support_only	0	0	0	0	0		
HGNC:6698	LRP6	O75581	ENSG00000070018	4040	membrane	FZD9_LRP6	complex	protein	P41221	P41221	2522	PMID:24532711	Ligand-Receptor	0	complex_component_support_only	0	0	0	0	0		
HGNC:12784	WNT5A	P41221	ENSG00000114251	7474	secreted_only	P41221	protein	protein	Q01973	Q01973	2523	uniprot;PMID:27162350	Ligand-Receptor	1	single_protein_pair	0	0	0	0	0		
HGNC:10256	ROR1	Q01973	ENSG00000185483	4919	membrane	Q01973	protein	protein	P41221	P41221	2523	uniprot;PMID:27162350	Ligand-Receptor	1	single_protein_pair	0	0	0	0	0		
HGNC:12784	WNT5A	P41221	ENSG00000114251	7474	secreted_only	P41221	protein	protein	Q01974	Q01974	2524	uniprot;reactome	Ligand-Receptor	1	single_protein_pair	0	0	0	0	0		
HGNC:10257	ROR2	Q01974	ENSG00000169071	4920	membrane	Q01974	protein	protein	P41221	P41221	2524	uniprot;reactome	Ligand-Receptor	1	single_protein_pair	0	0	0	0	0		
HGNC:12784	WNT5A	P41221	ENSG00000114251	7474	secreted_only	P41221	protein	protein	Q8N474	Q8N474	2525	PMID:12775774	Ligand-Ligand	1	single_protein_pair	0	0	0	0	0		
HGNC:12784	WNT5A	P41221	ENSG00000114251	7474	secreted_only	P41221	protein	protein	Q96HF1	Q96HF1	2526	PMID:12775774	Ligand-Ligand	1	single_protein_pair	0	0	0	0	0		
HGNC:12784	WNT5A	P41221	ENSG00000114251	7474	secreted_only	P41221	protein	protein	Q6FHJ7	Q6FHJ7	2527	PMID:12775774	Ligand-Ligand	1	single_protein_pair	0	0	0	0	0		
HGNC:12784	WNT5A	P41221	ENSG00000114251	7474	secreted_only	P41221	protein	protein	Q5T4F7	Q5T4F7	2528	PMID:12775774	Ligand-Ligand	1	single_protein_pair	0	0	0	0	0		
HGNC:12784	WNT5A	P41221	ENSG00000114251	7474	secreted_only	P41221	protein	protein	Q9Y5W5	Q9Y5W5	2529	PMID:12775774	Ligand-Ligand	1	single_protein_pair	0	0	1	1	0		pubmed:26342861|imex:IM-24703
HGNC:6697	LRP5	O75197	ENSG00000162337	4041	membrane_inferred	FZD1_LRP5	complex	protein	Q9H1J7	Q9H1J7	2532	PMID:24532711	Ligand-Receptor	0	complex_component_support_only	0	0	0	0	0		
HGNC:4038	FZD1	Q9UP38	ENSG00000157240	8321	membrane	FZD1_LRP5	complex	protein	Q9H1J7	Q9H1J7	2532	PMID:24532711	Ligand-Receptor	0	complex_component_support_only	0	0	0	0	0		
HGNC:6698	LRP6	O75581	ENSG00000070018	4040	membrane	FZD1_LRP6	complex	protein	Q9H1J7	Q9H1J7	2533	PMID:24532711	Ligand-Receptor	0	complex_component_support_only	0	0	0	0	0		
HGNC:4038	FZD1	Q9UP38	ENSG00000157240	8321	membrane	FZD1_LRP6	complex	protein	Q9H1J7	Q9H1J7	2533	PMID:24532711	Ligand-Receptor	0	complex_component_support_only	0	0	0	0	0		
HGNC:6697	LRP5	O75197	ENSG00000162337	4041	membrane_inferred	FZD10_LRP5	complex	protein	Q9H1J7	Q9H1J7	2534	PMID:24532711	Ligand-Receptor	0	complex_component_support_only	0	0	0	0	0		
HGNC:4039	FZD10	Q9ULW2	ENSG00000111432	11211	membrane	FZD10_LRP5	complex	protein	Q9H1J7	Q9H1J7	2534	PMID:24532711	Ligand-Receptor	0	complex_component_support_only	0	0	0	0	0		
HGNC:6698	LRP6	O75581	ENSG00000070018	4040	membrane	FZD10_LRP6	complex	protein	Q9H1J7	Q9H1J7	2535	PMID:24532711	Ligand-Receptor	0	complex_component_support_only	0	0	0	0	0		
HGNC:4039	FZD10	Q9ULW2	ENSG00000111432	11211	membrane	FZD10_LRP6	complex	protein	Q9H1J7	Q9H1J7	2535	PMID:24532711	Ligand-Receptor	0	complex_component_support_only	0	0	0	0	0		
HGNC:6697	LRP5	O75197	ENSG00000162337	4041	membrane_inferred	FZD2_LRP5	complex	protein	Q9H1J7	Q9H1J7	2536	PMID:24532711	Ligand-Receptor	0	complex_component_support_only	0	0	0	0	0		
HGNC:4040	FZD2	Q14332	ENSG00000180340	2535	membrane	FZD2_LRP5	complex	protein	Q9H1J7	Q9H1J7	2536	PMID:24532711	Ligand-Receptor	0	complex_component_support_only	0	0	0	0	0		
HGNC:6698	LRP6	O75581	ENSG00000070018	4040	membrane	FZD2_LRP6	complex	protein	Q9H1J7	Q9H1J7	2537	PMID:24532711	Ligand-Receptor	0	complex_component_support_only	0	0	0	0	0		
HGNC:4040	FZD2	Q14332	ENSG00000180340	2535	membrane	FZD2_LRP6	complex	protein	Q9H1J7	Q9H1J7	2537	PMID:24532711	Ligand-Receptor	0	complex_component_support_only	0	0	0	0	0		
HGNC:6697	LRP5	O75197	ENSG00000162337	4041	membrane_inferred	FZD3_LRP5	complex	protein	Q9H1J7	Q9H1J7	2538	PMID:24532711	Ligand-Receptor	0	complex_component_support_only	0	0	0	0	0		
HGNC:4041	FZD3	Q9NPG1	ENSG00000104290	7976	membrane	FZD3_LRP5	complex	protein	Q9H1J7	Q9H1J7	2538	PMID:24532711	Ligand-Receptor	0	complex_component_support_only	0	0	0	0	0		
HGNC:6698	LRP6	O75581	ENSG00000070018	4040	membrane	FZD3_LRP6	complex	protein	Q9H1J7	Q9H1J7	2539	PMID:24532711	Ligand-Receptor	0	complex_component_support_only	0	0	0	0	0		
HGNC:4041	FZD3	Q9NPG1	ENSG00000104290	7976	membrane	FZD3_LRP6	complex	protein	Q9H1J7	Q9H1J7	2539	PMID:24532711	Ligand-Receptor	0	complex_component_support_only	0	0	0	0	0		
HGNC:6697	LRP5	O75197	ENSG00000162337	4041	membrane_inferred	FZD4_LRP5	complex	protein	Q9H1J7	Q9H1J7	2540	PMID:24532711	Ligand-Receptor	0	complex_component_support_only	0	0	0	0	0		
HGNC:4042	FZD4	Q9ULV1	ENSG00000174804	8322	membrane	FZD4_LRP5	complex	protein	Q9H1J7	Q9H1J7	2540	PMID:24532711	Ligand-Receptor	0	complex_component_support_only	0	0	0	0	0		
HGNC:6698	LRP6	O75581	ENSG00000070018	4040	membrane	FZD4_LRP6	complex	protein	Q9H1J7	Q9H1J7	2541	PMID:24532711	Ligand-Receptor	0	complex_component_support_only	0	0	0	0	0		
HGNC:4042	FZD4	Q9ULV1	ENSG00000174804	8322	membrane	FZD4_LRP6	complex	protein	Q9H1J7	Q9H1J7	2541	PMID:24532711	Ligand-Receptor	0	complex_component_support_only	0	0	0	0	0		
HGNC:6697	LRP5	O75197	ENSG00000162337	4041	membrane_inferred	FZD5_LRP5	complex	protein	Q9H1J7	Q9H1J7	2542	PMID:24532711	Ligand-Receptor	0	complex_component_support_only	0	0	0	0	0		
HGNC:4043	FZD5	Q13467	ENSG00000163251	7855	membrane	FZD5_LRP5	complex	protein	Q9H1J7	Q9H1J7	2542	PMID:24532711	Ligand-Receptor	0	complex_component_support_only	0	0	0	0	0		
HGNC:6698	LRP6	O75581	ENSG00000070018	4040	membrane	FZD5_LRP6	complex	protein	Q9H1J7	Q9H1J7	2543	PMID:24532711	Ligand-Receptor	0	complex_component_support_only	0	0	0	0	0		
HGNC:4043	FZD5	Q13467	ENSG00000163251	7855	membrane	FZD5_LRP6	complex	protein	Q9H1J7	Q9H1J7	2543	PMID:24532711	Ligand-Receptor	0	complex_component_support_only	0	0	0	0	0		
HGNC:4044	FZD6	O60353	ENSG00000164930	8323	membrane	FZD6_LRP5	complex	protein	Q9H1J7	Q9H1J7	2544	PMID:24532711	Ligand-Receptor	0	complex_component_support_only	0	0	0	0	0		
HGNC:6697	LRP5	O75197	ENSG00000162337	4041	membrane_inferred	FZD6_LRP5	complex	protein	Q9H1J7	Q9H1J7	2544	PMID:24532711	Ligand-Receptor	0	complex_component_support_only	0	0	0	0	0		
HGNC:4044	FZD6	O60353	ENSG00000164930	8323	membrane	FZD6_LRP6	complex	protein	Q9H1J7	Q9H1J7	2545	PMID:24532711	Ligand-Receptor	0	complex_component_support_only	0	0	0	0	0		
HGNC:6698	LRP6	O75581	ENSG00000070018	4040	membrane	FZD6_LRP6	complex	protein	Q9H1J7	Q9H1J7	2545	PMID:24532711	Ligand-Receptor	0	complex_component_support_only	0	0	0	0	0		
HGNC:4045	FZD7	O75084	ENSG00000155760	8324	membrane	FZD7_LRP5	complex	protein	Q9H1J7	Q9H1J7	2546	PMID:24532711	Ligand-Receptor	0	complex_component_support_only	0	0	0	0	0		
HGNC:6697	LRP5	O75197	ENSG00000162337	4041	membrane_inferred	FZD7_LRP5	complex	protein	Q9H1J7	Q9H1J7	2546	PMID:24532711	Ligand-Receptor	0	complex_component_support_only	0	0	0	0	0		
HGNC:4045	FZD7	O75084	ENSG00000155760	8324	membrane	FZD7_LRP6	complex	protein	Q9H1J7	Q9H1J7	2547	PMID:24532711	Ligand-Receptor	0	complex_component_support_only	0	0	0	0	0		
HGNC:6698	LRP6	O75581	ENSG00000070018	4040	membrane	FZD7_LRP6	complex	protein	Q9H1J7	Q9H1J7	2547	PMID:24532711	Ligand-Receptor	0	complex_component_support_only	0	0	0	0	0		
HGNC:6697	LRP5	O75197	ENSG00000162337	4041	membrane_inferred	FZD8_LRP5	complex	protein	Q9H1J7	Q9H1J7	2548	PMID:24532711	Ligand-Receptor	0	complex_component_support_only	0	0	0	0	0		
HGNC:4046	FZD8	Q9H461	ENSG00000177283	8325	membrane	FZD8_LRP5	complex	protein	Q9H1J7	Q9H1J7	2548	PMID:24532711	Ligand-Receptor	0	complex_component_support_only	0	0	0	0	0		
HGNC:6698	LRP6	O75581	ENSG00000070018	4040	membrane	FZD8_LRP6	complex	protein	Q9H1J7	Q9H1J7	2549	PMID:24532711	Ligand-Receptor	0	complex_component_support_only	0	0	0	0	0		
HGNC:4046	FZD8	Q9H461	ENSG00000177283	8325	membrane	FZD8_LRP6	complex	protein	Q9H1J7	Q9H1J7	2549	PMID:24532711	Ligand-Receptor	0	complex_component_support_only	0	0	0	0	0		
HGNC:4047	FZD9	O00144	ENSG00000188763	8326	membrane	FZD9_LRP5	complex	protein	Q9H1J7	Q9H1J7	2550	PMID:24532711	Ligand-Receptor	0	complex_component_support_only	0	0	0	0	0		
HGNC:6697	LRP5	O75197	ENSG00000162337	4041	membrane_inferred	FZD9_LRP5	complex	protein	Q9H1J7	Q9H1J7	2550	PMID:24532711	Ligand-Receptor	0	complex_component_support_only	0	0	0	0	0		
HGNC:4047	FZD9	O00144	ENSG00000188763	8326	membrane	FZD9_LRP6	complex	protein	Q9H1J7	Q9H1J7	2551	PMID:24532711	Ligand-Receptor	0	complex_component_support_only	0	0	0	0	0		
HGNC:6698	LRP6	O75581	ENSG00000070018	4040	membrane	FZD9_LRP6	complex	protein	Q9H1J7	Q9H1J7	2551	PMID:24532711	Ligand-Receptor	0	complex_component_support_only	0	0	0	0	0		
HGNC:6697	LRP5	O75197	ENSG00000162337	4041	membrane_inferred	FZD1_LRP5	complex	protein	Q9Y6F9	Q9Y6F9	2559	PMID:24532711	Ligand-Receptor	0	complex_component_support_only	0	0	0	0	0		
HGNC:4038	FZD1	Q9UP38	ENSG00000157240	8321	membrane	FZD1_LRP5	complex	protein	Q9Y6F9	Q9Y6F9	2559	PMID:24532711	Ligand-Receptor	0	complex_component_support_only	0	0	0	0	0		
HGNC:6698	LRP6	O75581	ENSG00000070018	4040	membrane	FZD1_LRP6	complex	protein	Q9Y6F9	Q9Y6F9	2560	PMID:24532711	Ligand-Receptor	0	complex_component_support_only	0	0	0	0	0		
HGNC:4038	FZD1	Q9UP38	ENSG00000157240	8321	membrane	FZD1_LRP6	complex	protein	Q9Y6F9	Q9Y6F9	2560	PMID:24532711	Ligand-Receptor	0	complex_component_support_only	0	0	0	0	0		
HGNC:6697	LRP5	O75197	ENSG00000162337	4041	membrane_inferred	FZD10_LRP5	complex	protein	Q9Y6F9	Q9Y6F9	2561	PMID:24532711	Ligand-Receptor	0	complex_component_support_only	0	0	0	0	0		
HGNC:4039	FZD10	Q9ULW2	ENSG00000111432	11211	membrane	FZD10_LRP5	complex	protein	Q9Y6F9	Q9Y6F9	2561	PMID:24532711	Ligand-Receptor	0	complex_component_support_only	0	0	0	0	0		
HGNC:6698	LRP6	O75581	ENSG00000070018	4040	membrane	FZD10_LRP6	complex	protein	Q9Y6F9	Q9Y6F9	2562	PMID:24532711	Ligand-Receptor	0	complex_component_support_only	0	0	0	0	0		
HGNC:4039	FZD10	Q9ULW2	ENSG00000111432	11211	membrane	FZD10_LRP6	complex	protein	Q9Y6F9	Q9Y6F9	2562	PMID:24532711	Ligand-Receptor	0	complex_component_support_only	0	0	0	0	0		
HGNC:6697	LRP5	O75197	ENSG00000162337	4041	membrane_inferred	FZD2_LRP5	complex	protein	Q9Y6F9	Q9Y6F9	2563	PMID:24532711	Ligand-Receptor	0	complex_component_support_only	0	0	0	0	0		
HGNC:4040	FZD2	Q14332	ENSG00000180340	2535	membrane	FZD2_LRP5	complex	protein	Q9Y6F9	Q9Y6F9	2563	PMID:24532711	Ligand-Receptor	0	complex_component_support_only	0	0	0	0	0		
HGNC:6698	LRP6	O75581	ENSG00000070018	4040	membrane	FZD2_LRP6	complex	protein	Q9Y6F9	Q9Y6F9	2564	PMID:24532711	Ligand-Receptor	0	complex_component_support_only	0	0	0	0	0		
HGNC:4040	FZD2	Q14332	ENSG00000180340	2535	membrane	FZD2_LRP6	complex	protein	Q9Y6F9	Q9Y6F9	2564	PMID:24532711	Ligand-Receptor	0	complex_component_support_only	0	0	0	0	0		
HGNC:6697	LRP5	O75197	ENSG00000162337	4041	membrane_inferred	FZD3_LRP5	complex	protein	Q9Y6F9	Q9Y6F9	2565	PMID:24532711	Ligand-Receptor	0	complex_component_support_only	0	0	0	0	0		
HGNC:4041	FZD3	Q9NPG1	ENSG00000104290	7976	membrane	FZD3_LRP5	complex	protein	Q9Y6F9	Q9Y6F9	2565	PMID:24532711	Ligand-Receptor	0	complex_component_support_only	0	0	0	0	0		
HGNC:6698	LRP6	O75581	ENSG00000070018	4040	membrane	FZD3_LRP6	complex	protein	Q9Y6F9	Q9Y6F9	2566	PMID:24532711	Ligand-Receptor	0	complex_component_support_only	0	0	0	0	0		
HGNC:4041	FZD3	Q9NPG1	ENSG00000104290	7976	membrane	FZD3_LRP6	complex	protein	Q9Y6F9	Q9Y6F9	2566	PMID:24532711	Ligand-Receptor	0	complex_component_support_only	0	0	0	0	0		
HGNC:6697	LRP5	O75197	ENSG00000162337	4041	membrane_inferred	FZD4_LRP5	complex	protein	Q9Y6F9	Q9Y6F9	2567	PMID:24532711	Ligand-Receptor	0	complex_component_support_only	0	0	0	0	0		
HGNC:4042	FZD4	Q9ULV1	ENSG00000174804	8322	membrane	FZD4_LRP5	complex	protein	Q9Y6F9	Q9Y6F9	2567	PMID:24532711	Ligand-Receptor	0	complex_component_support_only	0	0	0	0	0		
HGNC:6698	LRP6	O75581	ENSG00000070018	4040	membrane	FZD4_LRP6	complex	protein	Q9Y6F9	Q9Y6F9	2568	PMID:24532711	Ligand-Receptor	0	complex_component_support_only	0	0	0	0	0		
HGNC:4042	FZD4	Q9ULV1	ENSG00000174804	8322	membrane	FZD4_LRP6	complex	protein	Q9Y6F9	Q9Y6F9	2568	PMID:24532711	Ligand-Receptor	0	complex_component_support_only	0	0	0	0	0		
HGNC:6697	LRP5	O75197	ENSG00000162337	4041	membrane_inferred	FZD5_LRP5	complex	protein	Q9Y6F9	Q9Y6F9	2569	PMID:24532711	Ligand-Receptor	0	complex_component_support_only	0	0	0	0	0		
HGNC:4043	FZD5	Q13467	ENSG00000163251	7855	membrane	FZD5_LRP5	complex	protein	Q9Y6F9	Q9Y6F9	2569	PMID:24532711	Ligand-Receptor	0	complex_component_support_only	0	0	0	0	0		
HGNC:6698	LRP6	O75581	ENSG00000070018	4040	membrane	FZD5_LRP6	complex	protein	Q9Y6F9	Q9Y6F9	2570	PMID:24532711	Ligand-Receptor	0	complex_component_support_only	0	0	0	0	0		
HGNC:4043	FZD5	Q13467	ENSG00000163251	7855	membrane	FZD5_LRP6	complex	protein	Q9Y6F9	Q9Y6F9	2570	PMID:24532711	Ligand-Receptor	0	complex_component_support_only	0	0	0	0	0		
HGNC:4044	FZD6	O60353	ENSG00000164930	8323	membrane	FZD6_LRP5	complex	protein	Q9Y6F9	Q9Y6F9	2571	PMID:24532711	Ligand-Receptor	0	complex_component_support_only	0	0	0	0	0		
HGNC:6697	LRP5	O75197	ENSG00000162337	4041	membrane_inferred	FZD6_LRP5	complex	protein	Q9Y6F9	Q9Y6F9	2571	PMID:24532711	Ligand-Receptor	0	complex_component_support_only	0	0	0	0	0		
HGNC:4044	FZD6	O60353	ENSG00000164930	8323	membrane	FZD6_LRP6	complex	protein	Q9Y6F9	Q9Y6F9	2572	PMID:24532711	Ligand-Receptor	0	complex_component_support_only	0	0	0	0	0		
HGNC:6698	LRP6	O75581	ENSG00000070018	4040	membrane	FZD6_LRP6	complex	protein	Q9Y6F9	Q9Y6F9	2572	PMID:24532711	Ligand-Receptor	0	complex_component_support_only	0	0	0	0	0		
HGNC:4045	FZD7	O75084	ENSG00000155760	8324	membrane	FZD7_LRP5	complex	protein	Q9Y6F9	Q9Y6F9	2573	PMID:24532711	Ligand-Receptor	0	complex_component_support_only	0	0	0	0	0		
HGNC:6697	LRP5	O75197	ENSG00000162337	4041	membrane_inferred	FZD7_LRP5	complex	protein	Q9Y6F9	Q9Y6F9	2573	PMID:24532711	Ligand-Receptor	0	complex_component_support_only	0	0	0	0	0		
HGNC:4045	FZD7	O75084	ENSG00000155760	8324	membrane	FZD7_LRP6	complex	protein	Q9Y6F9	Q9Y6F9	2574	PMID:24532711	Ligand-Receptor	0	complex_component_support_only	0	0	0	0	0		
HGNC:6698	LRP6	O75581	ENSG00000070018	4040	membrane	FZD7_LRP6	complex	protein	Q9Y6F9	Q9Y6F9	2574	PMID:24532711	Ligand-Receptor	0	complex_component_support_only	0	0	0	0	0		
HGNC:6697	LRP5	O75197	ENSG00000162337	4041	membrane_inferred	FZD8_LRP5	complex	protein	Q9Y6F9	Q9Y6F9	2575	PMID:24532711	Ligand-Receptor	0	complex_component_support_only	0	0	0	0	0		
HGNC:4046	FZD8	Q9H461	ENSG00000177283	8325	membrane	FZD8_LRP5	complex	protein	Q9Y6F9	Q9Y6F9	2575	PMID:24532711	Ligand-Receptor	0	complex_component_support_only	0	0	0	0	0		
HGNC:6698	LRP6	O75581	ENSG00000070018	4040	membrane	FZD8_LRP6	complex	protein	Q9Y6F9	Q9Y6F9	2576	PMID:24532711	Ligand-Receptor	0	complex_component_support_only	0	0	0	0	0		
HGNC:4046	FZD8	Q9H461	ENSG00000177283	8325	membrane	FZD8_LRP6	complex	protein	Q9Y6F9	Q9Y6F9	2576	PMID:24532711	Ligand-Receptor	0	complex_component_support_only	0	0	0	0	0		
HGNC:4047	FZD9	O00144	ENSG00000188763	8326	membrane	FZD9_LRP5	complex	protein	Q9Y6F9	Q9Y6F9	2577	PMID:24532711	Ligand-Receptor	0	complex_component_support_only	0	0	0	0	0		
HGNC:6697	LRP5	O75197	ENSG00000162337	4041	membrane_inferred	FZD9_LRP5	complex	protein	Q9Y6F9	Q9Y6F9	2577	PMID:24532711	Ligand-Receptor	0	complex_component_support_only	0	0	0	0	0		
HGNC:4047	FZD9	O00144	ENSG00000188763	8326	membrane	FZD9_LRP6	complex	protein	Q9Y6F9	Q9Y6F9	2578	PMID:24532711	Ligand-Receptor	0	complex_component_support_only	0	0	0	0	0		
HGNC:6698	LRP6	O75581	ENSG00000070018	4040	membrane	FZD9_LRP6	complex	protein	Q9Y6F9	Q9Y6F9	2578	PMID:24532711	Ligand-Receptor	0	complex_component_support_only	0	0	0	0	0		
HGNC:12786	WNT7A	O00755	ENSG00000154764	7476	secreted_only	O00755	protein	protein	O95813	O95813	2584	PMID:10067895	Ligand-Ligand	1	single_protein_pair	0	0	0	0	0		
HGNC:12786	WNT7A	O00755	ENSG00000154764	7476	secreted_only	O00755	protein	protein	Q92765	Q92765	2585	PMID:12775774	Ligand-Ligand	1	single_protein_pair	0	0	0	0	0		
HGNC:12786	WNT7A	O00755	ENSG00000154764	7476	secreted_only	O00755	protein	complex	FZD1_LRP5	O75197;Q9UP38	2586	PMID:24532711	Ligand-Receptor	0	complex_component_support_only	0	0	0	0	0		
HGNC:6697	LRP5	O75197	ENSG00000162337	4041	membrane_inferred	FZD1_LRP5	complex	protein	O00755	O00755	2586	PMID:24532711	Ligand-Receptor	0	complex_component_support_only	0	0	0	0	0		
HGNC:4038	FZD1	Q9UP38	ENSG00000157240	8321	membrane	FZD1_LRP5	complex	protein	O00755	O00755	2586	PMID:24532711	Ligand-Receptor	0	complex_component_support_only	0	0	0	0	0		
HGNC:12786	WNT7A	O00755	ENSG00000154764	7476	secreted_only	O00755	protein	complex	FZD1_LRP6	O75581;Q9UP38	2587	PMID:24532711	Ligand-Receptor	0	complex_component_support_only	0	0	0	0	0		
HGNC:6698	LRP6	O75581	ENSG00000070018	4040	membrane	FZD1_LRP6	complex	protein	O00755	O00755	2587	PMID:24532711	Ligand-Receptor	0	complex_component_support_only	0	0	0	0	0		
HGNC:4038	FZD1	Q9UP38	ENSG00000157240	8321	membrane	FZD1_LRP6	complex	protein	O00755	O00755	2587	PMID:24532711	Ligand-Receptor	0	complex_component_support_only	0	0	0	0	0		
HGNC:12786	WNT7A	O00755	ENSG00000154764	7476	secreted_only	O00755	protein	complex	FZD10_LRP5	O75197;Q9ULW2	2588	PMID:24532711	Ligand-Receptor	0	complex_component_support_only	0	0	0	0	0		
HGNC:6697	LRP5	O75197	ENSG00000162337	4041	membrane_inferred	FZD10_LRP5	complex	protein	O00755	O00755	2588	PMID:24532711	Ligand-Receptor	0	complex_component_support_only	0	0	0	0	0		
HGNC:4039	FZD10	Q9ULW2	ENSG00000111432	11211	membrane	FZD10_LRP5	complex	protein	O00755	O00755	2588	PMID:24532711	Ligand-Receptor	0	complex_component_support_only	0	0	0	0	0		
HGNC:12786	WNT7A	O00755	ENSG00000154764	7476	secreted_only	O00755	protein	complex	FZD10_LRP6	O75581;Q9ULW2	2589	PMID:24532711	Ligand-Receptor	0	complex_component_support_only	0	0	0	0	0		
HGNC:6698	LRP6	O75581	ENSG00000070018	4040	membrane	FZD10_LRP6	complex	protein	O00755	O00755	2589	PMID:24532711	Ligand-Receptor	0	complex_component_support_only	0	0	0	0	0		
HGNC:4039	FZD10	Q9ULW2	ENSG00000111432	11211	membrane	FZD10_LRP6	complex	protein	O00755	O00755	2589	PMID:24532711	Ligand-Receptor	0	complex_component_support_only	0	0	0	0	0		
HGNC:12786	WNT7A	O00755	ENSG00000154764	7476	secreted_only	O00755	protein	complex	FZD2_LRP5	O75197;Q14332	2590	PMID:24532711	Ligand-Receptor	0	complex_component_support_only	0	0	0	0	0		
HGNC:6697	LRP5	O75197	ENSG00000162337	4041	membrane_inferred	FZD2_LRP5	complex	protein	O00755	O00755	2590	PMID:24532711	Ligand-Receptor	0	complex_component_support_only	0	0	0	0	0		
HGNC:4040	FZD2	Q14332	ENSG00000180340	2535	membrane	FZD2_LRP5	complex	protein	O00755	O00755	2590	PMID:24532711	Ligand-Receptor	0	complex_component_support_only	0	0	0	0	0		
HGNC:12786	WNT7A	O00755	ENSG00000154764	7476	secreted_only	O00755	protein	complex	FZD2_LRP6	O75581;Q14332	2591	PMID:24532711	Ligand-Receptor	0	complex_component_support_only	0	0	0	0	0		
HGNC:6698	LRP6	O75581	ENSG00000070018	4040	membrane	FZD2_LRP6	complex	protein	O00755	O00755	2591	PMID:24532711	Ligand-Receptor	0	complex_component_support_only	0	0	0	0	0		
HGNC:4040	FZD2	Q14332	ENSG00000180340	2535	membrane	FZD2_LRP6	complex	protein	O00755	O00755	2591	PMID:24532711	Ligand-Receptor	0	complex_component_support_only	0	0	0	0	0		
HGNC:12786	WNT7A	O00755	ENSG00000154764	7476	secreted_only	O00755	protein	complex	FZD3_LRP5	O75197;Q9NPG1	2592	PMID:24532711	Ligand-Receptor	0	complex_component_support_only	0	0	0	0	0		
HGNC:6697	LRP5	O75197	ENSG00000162337	4041	membrane_inferred	FZD3_LRP5	complex	protein	O00755	O00755	2592	PMID:24532711	Ligand-Receptor	0	complex_component_support_only	0	0	0	0	0		
HGNC:4041	FZD3	Q9NPG1	ENSG00000104290	7976	membrane	FZD3_LRP5	complex	protein	O00755	O00755	2592	PMID:24532711	Ligand-Receptor	0	complex_component_support_only	0	0	0	0	0		
HGNC:12786	WNT7A	O00755	ENSG00000154764	7476	secreted_only	O00755	protein	complex	FZD3_LRP6	O75581;Q9NPG1	2593	PMID:24532711	Ligand-Receptor	0	complex_component_support_only	0	0	0	0	0		
HGNC:6698	LRP6	O75581	ENSG00000070018	4040	membrane	FZD3_LRP6	complex	protein	O00755	O00755	2593	PMID:24532711	Ligand-Receptor	0	complex_component_support_only	0	0	0	0	0		
HGNC:4041	FZD3	Q9NPG1	ENSG00000104290	7976	membrane	FZD3_LRP6	complex	protein	O00755	O00755	2593	PMID:24532711	Ligand-Receptor	0	complex_component_support_only	0	0	0	0	0		
HGNC:12786	WNT7A	O00755	ENSG00000154764	7476	secreted_only	O00755	protein	complex	FZD4_LRP5	O75197;Q9ULV1	2594	PMID:24532711	Ligand-Receptor	0	complex_component_support_only	0	0	0	0	0		
HGNC:6697	LRP5	O75197	ENSG00000162337	4041	membrane_inferred	FZD4_LRP5	complex	protein	O00755	O00755	2594	PMID:24532711	Ligand-Receptor	0	complex_component_support_only	0	0	0	0	0		
HGNC:4042	FZD4	Q9ULV1	ENSG00000174804	8322	membrane	FZD4_LRP5	complex	protein	O00755	O00755	2594	PMID:24532711	Ligand-Receptor	0	complex_component_support_only	0	0	0	0	0		
HGNC:12786	WNT7A	O00755	ENSG00000154764	7476	secreted_only	O00755	protein	complex	FZD4_LRP6	O75581;Q9ULV1	2595	PMID:24532711	Ligand-Receptor	0	complex_component_support_only	0	0	0	0	0		
HGNC:6698	LRP6	O75581	ENSG00000070018	4040	membrane	FZD4_LRP6	complex	protein	O00755	O00755	2595	PMID:24532711	Ligand-Receptor	0	complex_component_support_only	0	0	0	0	0		
HGNC:4042	FZD4	Q9ULV1	ENSG00000174804	8322	membrane	FZD4_LRP6	complex	protein	O00755	O00755	2595	PMID:24532711	Ligand-Receptor	0	complex_component_support_only	0	0	0	0	0		
HGNC:12786	WNT7A	O00755	ENSG00000154764	7476	secreted_only	O00755	protein	complex	FZD5_LRP5	O75197;Q13467	2596	PMID:24032637	Ligand-Receptor	0	complex_component_support_only	0	0	0	0	0		
HGNC:6697	LRP5	O75197	ENSG00000162337	4041	membrane_inferred	FZD5_LRP5	complex	protein	O00755	O00755	2596	PMID:24032637	Ligand-Receptor	0	complex_component_support_only	0	0	0	0	0		
HGNC:4043	FZD5	Q13467	ENSG00000163251	7855	membrane	FZD5_LRP5	complex	protein	O00755	O00755	2596	PMID:24032637	Ligand-Receptor	0	complex_component_support_only	0	0	0	0	0		
HGNC:12786	WNT7A	O00755	ENSG00000154764	7476	secreted_only	O00755	protein	complex	FZD5_LRP6	O75581;Q13467	2597	PMID:24032637	Ligand-Receptor	0	complex_component_support_only	0	0	0	0	0		
HGNC:6698	LRP6	O75581	ENSG00000070018	4040	membrane	FZD5_LRP6	complex	protein	O00755	O00755	2597	PMID:24032637	Ligand-Receptor	0	complex_component_support_only	0	0	0	0	0		
HGNC:4043	FZD5	Q13467	ENSG00000163251	7855	membrane	FZD5_LRP6	complex	protein	O00755	O00755	2597	PMID:24032637	Ligand-Receptor	0	complex_component_support_only	0	0	0	0	0		
HGNC:12786	WNT7A	O00755	ENSG00000154764	7476	secreted_only	O00755	protein	complex	FZD6_LRP5	O60353;O75197	2598	PMID:24532711	Ligand-Receptor	0	complex_component_support_only	0	0	0	0	0		
HGNC:4044	FZD6	O60353	ENSG00000164930	8323	membrane	FZD6_LRP5	complex	protein	O00755	O00755	2598	PMID:24532711	Ligand-Receptor	0	complex_component_support_only	0	0	0	0	0		
HGNC:6697	LRP5	O75197	ENSG00000162337	4041	membrane_inferred	FZD6_LRP5	complex	protein	O00755	O00755	2598	PMID:24532711	Ligand-Receptor	0	complex_component_support_only	0	0	0	0	0		
HGNC:12786	WNT7A	O00755	ENSG00000154764	7476	secreted_only	O00755	protein	complex	FZD6_LRP6	O60353;O75581	2599	PMID:24532711	Ligand-Receptor	0	complex_component_support_only	0	0	0	0	0		
HGNC:4044	FZD6	O60353	ENSG00000164930	8323	membrane	FZD6_LRP6	complex	protein	O00755	O00755	2599	PMID:24532711	Ligand-Receptor	0	complex_component_support_only	0	0	0	0	0		
HGNC:6698	LRP6	O75581	ENSG00000070018	4040	membrane	FZD6_LRP6	complex	protein	O00755	O00755	2599	PMID:24532711	Ligand-Receptor	0	complex_component_support_only	0	0	0	0	0		
HGNC:12786	WNT7A	O00755	ENSG00000154764	7476	secreted_only	O00755	protein	complex	FZD7_LRP5	O75084;O75197	2600	PMID:24532711	Ligand-Receptor	0	complex_component_support_only	0	0	0	0	0		
HGNC:4045	FZD7	O75084	ENSG00000155760	8324	membrane	FZD7_LRP5	complex	protein	O00755	O00755	2600	PMID:24532711	Ligand-Receptor	0	complex_component_support_only	0	0	0	0	0		
HGNC:6697	LRP5	O75197	ENSG00000162337	4041	membrane_inferred	FZD7_LRP5	complex	protein	O00755	O00755	2600	PMID:24532711	Ligand-Receptor	0	complex_component_support_only	0	0	0	0	0		
HGNC:12786	WNT7A	O00755	ENSG00000154764	7476	secreted_only	O00755	protein	complex	FZD7_LRP6	O75084;O75581	2601	PMID:24532711	Ligand-Receptor	0	complex_component_support_only	0	0	0	0	0		
HGNC:4045	FZD7	O75084	ENSG00000155760	8324	membrane	FZD7_LRP6	complex	protein	O00755	O00755	2601	PMID:24532711	Ligand-Receptor	0	complex_component_support_only	0	0	0	0	0		
HGNC:6698	LRP6	O75581	ENSG00000070018	4040	membrane	FZD7_LRP6	complex	protein	O00755	O00755	2601	PMID:24532711	Ligand-Receptor	0	complex_component_support_only	0	0	0	0	0		
HGNC:12786	WNT7A	O00755	ENSG00000154764	7476	secreted_only	O00755	protein	complex	FZD8_LRP5	O75197;Q9H461	2602	PMID:24532711	Ligand-Receptor	0	complex_component_support_only	0	0	0	0	0		
HGNC:6697	LRP5	O75197	ENSG00000162337	4041	membrane_inferred	FZD8_LRP5	complex	protein	O00755	O00755	2602	PMID:24532711	Ligand-Receptor	0	complex_component_support_only	0	0	0	0	0		
HGNC:4046	FZD8	Q9H461	ENSG00000177283	8325	membrane	FZD8_LRP5	complex	protein	O00755	O00755	2602	PMID:24532711	Ligand-Receptor	0	complex_component_support_only	0	0	0	0	0		
HGNC:12786	WNT7A	O00755	ENSG00000154764	7476	secreted_only	O00755	protein	complex	FZD8_LRP6	O75581;Q9H461	2603	PMID:24532711	Ligand-Receptor	0	complex_component_support_only	0	0	0	0	0		
HGNC:6698	LRP6	O75581	ENSG00000070018	4040	membrane	FZD8_LRP6	complex	protein	O00755	O00755	2603	PMID:24532711	Ligand-Receptor	0	complex_component_support_only	0	0	0	0	0		
HGNC:4046	FZD8	Q9H461	ENSG00000177283	8325	membrane	FZD8_LRP6	complex	protein	O00755	O00755	2603	PMID:24532711	Ligand-Receptor	0	complex_component_support_only	0	0	0	0	0		
HGNC:12786	WNT7A	O00755	ENSG00000154764	7476	secreted_only	O00755	protein	complex	FZD9_LRP5	O00144;O75197	2604	PMID:24532711	Ligand-Receptor	0	complex_component_support_only	0	0	0	0	0		
HGNC:4047	FZD9	O00144	ENSG00000188763	8326	membrane	FZD9_LRP5	complex	protein	O00755	O00755	2604	PMID:24532711	Ligand-Receptor	0	complex_component_support_only	0	0	0	0	0		
HGNC:6697	LRP5	O75197	ENSG00000162337	4041	membrane_inferred	FZD9_LRP5	complex	protein	O00755	O00755	2604	PMID:24532711	Ligand-Receptor	0	complex_component_support_only	0	0	0	0	0		
HGNC:12786	WNT7A	O00755	ENSG00000154764	7476	secreted_only	O00755	protein	complex	FZD9_LRP6	O00144;O75581	2605	PMID:24532711	Ligand-Receptor	0	complex_component_support_only	0	0	0	0	0		
HGNC:4047	FZD9	O00144	ENSG00000188763	8326	membrane	FZD9_LRP6	complex	protein	O00755	O00755	2605	PMID:24532711	Ligand-Receptor	0	complex_component_support_only	0	0	0	0	0		
HGNC:6698	LRP6	O75581	ENSG00000070018	4040	membrane	FZD9_LRP6	complex	protein	O00755	O00755	2605	PMID:24532711	Ligand-Receptor	0	complex_component_support_only	0	0	0	0	0		
HGNC:12786	WNT7A	O00755	ENSG00000154764	7476	secreted_only	O00755	protein	protein	Q8N474	Q8N474	2606	PMID:12775774	Ligand-Ligand	1	single_protein_pair	0	0	0	0	0		
HGNC:12786	WNT7A	O00755	ENSG00000154764	7476	secreted_only	O00755	protein	protein	Q96HF1	Q96HF1	2607	PMID:12775774	Ligand-Ligand	1	single_protein_pair	0	0	0	0	0		
HGNC:12786	WNT7A	O00755	ENSG00000154764	7476	secreted_only	O00755	protein	protein	Q6FHJ7	Q6FHJ7	2608	PMID:12775774	Ligand-Ligand	1	single_protein_pair	0	0	0	0	0		
HGNC:12786	WNT7A	O00755	ENSG00000154764	7476	secreted_only	O00755	protein	protein	Q5T4F7	Q5T4F7	2609	PMID:12775774	Ligand-Ligand	1	single_protein_pair	0	0	0	0	0		
HGNC:12786	WNT7A	O00755	ENSG00000154764	7476	secreted_only	O00755	protein	protein	Q9Y5W5	Q9Y5W5	2610	PMID:12775774	Ligand-Ligand	1	single_protein_pair	0	0	1	1	0		pubmed:26342861|imex:IM-24703
HGNC:12787	WNT7B	P56706	ENSG00000188064	7477	secreted_only	P56706	protein	protein	O95813	O95813	2611	PMID:10067895	Ligand-Ligand	1	single_protein_pair	0	0	0	0	0		
HGNC:12787	WNT7B	P56706	ENSG00000188064	7477	secreted_only	P56706	protein	protein	Q92765	Q92765	2612	PMID:12775774	Ligand-Ligand	1	single_protein_pair	0	0	0	0	0		
HGNC:12787	WNT7B	P56706	ENSG00000188064	7477	secreted_only	P56706	protein	complex	FZD1_LRP5	O75197;Q9UP38	2613	PMID:24032637	Ligand-Receptor	0	complex_component_support_only	0	0	0	0	0		
HGNC:6697	LRP5	O75197	ENSG00000162337	4041	membrane_inferred	FZD1_LRP5	complex	protein	P56706	P56706	2613	PMID:24032637	Ligand-Receptor	0	complex_component_support_only	0	0	0	0	0		
HGNC:4038	FZD1	Q9UP38	ENSG00000157240	8321	membrane	FZD1_LRP5	complex	protein	P56706	P56706	2613	PMID:24032637	Ligand-Receptor	0	complex_component_support_only	0	0	0	0	0		
HGNC:12787	WNT7B	P56706	ENSG00000188064	7477	secreted_only	P56706	protein	complex	FZD1_LRP6	O75581;Q9UP38	2614	PMID:24032637	Ligand-Receptor	0	complex_component_support_only	0	0	0	0	0		
HGNC:6698	LRP6	O75581	ENSG00000070018	4040	membrane	FZD1_LRP6	complex	protein	P56706	P56706	2614	PMID:24032637	Ligand-Receptor	0	complex_component_support_only	0	0	0	0	0		
HGNC:4038	FZD1	Q9UP38	ENSG00000157240	8321	membrane	FZD1_LRP6	complex	protein	P56706	P56706	2614	PMID:24032637	Ligand-Receptor	0	complex_component_support_only	0	0	0	0	0		
HGNC:12787	WNT7B	P56706	ENSG00000188064	7477	secreted_only	P56706	protein	complex	FZD10_LRP5	O75197;Q9ULW2	2615	PMID:24032637	Ligand-Receptor	0	complex_component_support_only	0	0	0	0	0		
HGNC:6697	LRP5	O75197	ENSG00000162337	4041	membrane_inferred	FZD10_LRP5	complex	protein	P56706	P56706	2615	PMID:24032637	Ligand-Receptor	0	complex_component_support_only	0	0	0	0	0		
HGNC:4039	FZD10	Q9ULW2	ENSG00000111432	11211	membrane	FZD10_LRP5	complex	protein	P56706	P56706	2615	PMID:24032637	Ligand-Receptor	0	complex_component_support_only	0	0	0	0	0		
HGNC:12787	WNT7B	P56706	ENSG00000188064	7477	secreted_only	P56706	protein	complex	FZD10_LRP6	O75581;Q9ULW2	2616	PMID:24032637	Ligand-Receptor	0	complex_component_support_only	0	0	0	0	0		
HGNC:6698	LRP6	O75581	ENSG00000070018	4040	membrane	FZD10_LRP6	complex	protein	P56706	P56706	2616	PMID:24032637	Ligand-Receptor	0	complex_component_support_only	0	0	0	0	0		
HGNC:4039	FZD10	Q9ULW2	ENSG00000111432	11211	membrane	FZD10_LRP6	complex	protein	P56706	P56706	2616	PMID:24032637	Ligand-Receptor	0	complex_component_support_only	0	0	0	0	0		
HGNC:12787	WNT7B	P56706	ENSG00000188064	7477	secreted_only	P56706	protein	complex	FZD2_LRP5	O75197;Q14332	2617	PMID:24532711	Ligand-Receptor	0	complex_component_support_only	0	0	0	0	0		
HGNC:6697	LRP5	O75197	ENSG00000162337	4041	membrane_inferred	FZD2_LRP5	complex	protein	P56706	P56706	2617	PMID:24532711	Ligand-Receptor	0	complex_component_support_only	0	0	0	0	0		
HGNC:4040	FZD2	Q14332	ENSG00000180340	2535	membrane	FZD2_LRP5	complex	protein	P56706	P56706	2617	PMID:24532711	Ligand-Receptor	0	complex_component_support_only	0	0	0	0	0		
HGNC:12787	WNT7B	P56706	ENSG00000188064	7477	secreted_only	P56706	protein	complex	FZD2_LRP6	O75581;Q14332	2618	PMID:24532711	Ligand-Receptor	0	complex_component_support_only	0	0	0	0	0		
HGNC:6698	LRP6	O75581	ENSG00000070018	4040	membrane	FZD2_LRP6	complex	protein	P56706	P56706	2618	PMID:24532711	Ligand-Receptor	0	complex_component_support_only	0	0	0	0	0		
HGNC:4040	FZD2	Q14332	ENSG00000180340	2535	membrane	FZD2_LRP6	complex	protein	P56706	P56706	2618	PMID:24532711	Ligand-Receptor	0	complex_component_support_only	0	0	0	0	0		
HGNC:12787	WNT7B	P56706	ENSG00000188064	7477	secreted_only	P56706	protein	complex	FZD3_LRP5	O75197;Q9NPG1	2619	PMID:24532711	Ligand-Receptor	0	complex_component_support_only	0	0	0	0	0		
HGNC:6697	LRP5	O75197	ENSG00000162337	4041	membrane_inferred	FZD3_LRP5	complex	protein	P56706	P56706	2619	PMID:24532711	Ligand-Receptor	0	complex_component_support_only	0	0	0	0	0		
HGNC:4041	FZD3	Q9NPG1	ENSG00000104290	7976	membrane	FZD3_LRP5	complex	protein	P56706	P56706	2619	PMID:24532711	Ligand-Receptor	0	complex_component_support_only	0	0	0	0	0		
HGNC:12787	WNT7B	P56706	ENSG00000188064	7477	secreted_only	P56706	protein	complex	FZD3_LRP6	O75581;Q9NPG1	2620	PMID:24532711	Ligand-Receptor	0	complex_component_support_only	0	0	0	0	0		
HGNC:6698	LRP6	O75581	ENSG00000070018	4040	membrane	FZD3_LRP6	complex	protein	P56706	P56706	2620	PMID:24532711	Ligand-Receptor	0	complex_component_support_only	0	0	0	0	0		
HGNC:4041	FZD3	Q9NPG1	ENSG00000104290	7976	membrane	FZD3_LRP6	complex	protein	P56706	P56706	2620	PMID:24532711	Ligand-Receptor	0	complex_component_support_only	0	0	0	0	0		
HGNC:12787	WNT7B	P56706	ENSG00000188064	7477	secreted_only	P56706	protein	complex	FZD4_LRP5	O75197;Q9ULV1	2621	PMID:24032637	Ligand-Receptor	0	complex_component_support_only	0	0	0	0	0		
HGNC:6697	LRP5	O75197	ENSG00000162337	4041	membrane_inferred	FZD4_LRP5	complex	protein	P56706	P56706	2621	PMID:24032637	Ligand-Receptor	0	complex_component_support_only	0	0	0	0	0		
HGNC:4042	FZD4	Q9ULV1	ENSG00000174804	8322	membrane	FZD4_LRP5	complex	protein	P56706	P56706	2621	PMID:24032637	Ligand-Receptor	0	complex_component_support_only	0	0	0	0	0		
HGNC:12787	WNT7B	P56706	ENSG00000188064	7477	secreted_only	P56706	protein	complex	FZD4_LRP6	O75581;Q9ULV1	2622	PMID:24032637	Ligand-Receptor	0	complex_component_support_only	0	0	0	0	0		
HGNC:6698	LRP6	O75581	ENSG00000070018	4040	membrane	FZD4_LRP6	complex	protein	P56706	P56706	2622	PMID:24032637	Ligand-Receptor	0	complex_component_support_only	0	0	0	0	0		
HGNC:4042	FZD4	Q9ULV1	ENSG00000174804	8322	membrane	FZD4_LRP6	complex	protein	P56706	P56706	2622	PMID:24032637	Ligand-Receptor	0	complex_component_support_only	0	0	0	0	0		
HGNC:12787	WNT7B	P56706	ENSG00000188064	7477	secreted_only	P56706	protein	complex	FZD5_LRP5	O75197;Q13467	2623	PMID:24532711	Ligand-Receptor	0	complex_component_support_only	0	0	0	0	0		
HGNC:6697	LRP5	O75197	ENSG00000162337	4041	membrane_inferred	FZD5_LRP5	complex	protein	P56706	P56706	2623	PMID:24532711	Ligand-Receptor	0	complex_component_support_only	0	0	0	0	0		
HGNC:4043	FZD5	Q13467	ENSG00000163251	7855	membrane	FZD5_LRP5	complex	protein	P56706	P56706	2623	PMID:24532711	Ligand-Receptor	0	complex_component_support_only	0	0	0	0	0		
HGNC:12787	WNT7B	P56706	ENSG00000188064	7477	secreted_only	P56706	protein	complex	FZD5_LRP6	O75581;Q13467	2624	PMID:24532711	Ligand-Receptor	0	complex_component_support_only	0	0	0	0	0		
HGNC:6698	LRP6	O75581	ENSG00000070018	4040	membrane	FZD5_LRP6	complex	protein	P56706	P56706	2624	PMID:24532711	Ligand-Receptor	0	complex_component_support_only	0	0	0	0	0		
HGNC:4043	FZD5	Q13467	ENSG00000163251	7855	membrane	FZD5_LRP6	complex	protein	P56706	P56706	2624	PMID:24532711	Ligand-Receptor	0	complex_component_support_only	0	0	0	0	0		
HGNC:12787	WNT7B	P56706	ENSG00000188064	7477	secreted_only	P56706	protein	complex	FZD6_LRP5	O60353;O75197	2625	PMID:24532711	Ligand-Receptor	0	complex_component_support_only	0	0	0	0	0		
HGNC:4044	FZD6	O60353	ENSG00000164930	8323	membrane	FZD6_LRP5	complex	protein	P56706	P56706	2625	PMID:24532711	Ligand-Receptor	0	complex_component_support_only	0	0	0	0	0		
HGNC:6697	LRP5	O75197	ENSG00000162337	4041	membrane_inferred	FZD6_LRP5	complex	protein	P56706	P56706	2625	PMID:24532711	Ligand-Receptor	0	complex_component_support_only	0	0	0	0	0		
HGNC:12787	WNT7B	P56706	ENSG00000188064	7477	secreted_only	P56706	protein	complex	FZD6_LRP6	O60353;O75581	2626	PMID:24532711	Ligand-Receptor	0	complex_component_support_only	0	0	0	0	0		
HGNC:4044	FZD6	O60353	ENSG00000164930	8323	membrane	FZD6_LRP6	complex	protein	P56706	P56706	2626	PMID:24532711	Ligand-Receptor	0	complex_component_support_only	0	0	0	0	0		
HGNC:6698	LRP6	O75581	ENSG00000070018	4040	membrane	FZD6_LRP6	complex	protein	P56706	P56706	2626	PMID:24532711	Ligand-Receptor	0	complex_component_support_only	0	0	0	0	0		
HGNC:12787	WNT7B	P56706	ENSG00000188064	7477	secreted_only	P56706	protein	complex	FZD7_LRP5	O75084;O75197	2627	PMID:24532711	Ligand-Receptor	0	complex_component_support_only	0	0	0	0	0		
HGNC:4045	FZD7	O75084	ENSG00000155760	8324	membrane	FZD7_LRP5	complex	protein	P56706	P56706	2627	PMID:24532711	Ligand-Receptor	0	complex_component_support_only	0	0	0	0	0		
HGNC:6697	LRP5	O75197	ENSG00000162337	4041	membrane_inferred	FZD7_LRP5	complex	protein	P56706	P56706	2627	PMID:24532711	Ligand-Receptor	0	complex_component_support_only	0	0	0	0	0		
HGNC:12787	WNT7B	P56706	ENSG00000188064	7477	secreted_only	P56706	protein	complex	FZD7_LRP6	O75084;O75581	2628	PMID:24532711	Ligand-Receptor	0	complex_component_support_only	0	0	0	0	0		
HGNC:4045	FZD7	O75084	ENSG00000155760	8324	membrane	FZD7_LRP6	complex	protein	P56706	P56706	2628	PMID:24532711	Ligand-Receptor	0	complex_component_support_only	0	0	0	0	0		
HGNC:6698	LRP6	O75581	ENSG00000070018	4040	membrane	FZD7_LRP6	complex	protein	P56706	P56706	2628	PMID:24532711	Ligand-Receptor	0	complex_component_support_only	0	0	0	0	0		
HGNC:12787	WNT7B	P56706	ENSG00000188064	7477	secreted_only	P56706	protein	complex	FZD8_LRP5	O75197;Q9H461	2629	PMID:24532711	Ligand-Receptor	0	complex_component_support_only	0	0	0	0	0		
HGNC:6697	LRP5	O75197	ENSG00000162337	4041	membrane_inferred	FZD8_LRP5	complex	protein	P56706	P56706	2629	PMID:24532711	Ligand-Receptor	0	complex_component_support_only	0	0	0	0	0		
HGNC:4046	FZD8	Q9H461	ENSG00000177283	8325	membrane	FZD8_LRP5	complex	protein	P56706	P56706	2629	PMID:24532711	Ligand-Receptor	0	complex_component_support_only	0	0	0	0	0		
HGNC:12787	WNT7B	P56706	ENSG00000188064	7477	secreted_only	P56706	protein	complex	FZD8_LRP6	O75581;Q9H461	2630	PMID:24532711	Ligand-Receptor	0	complex_component_support_only	0	0	0	0	0		
HGNC:6698	LRP6	O75581	ENSG00000070018	4040	membrane	FZD8_LRP6	complex	protein	P56706	P56706	2630	PMID:24532711	Ligand-Receptor	0	complex_component_support_only	0	0	0	0	0		
HGNC:4046	FZD8	Q9H461	ENSG00000177283	8325	membrane	FZD8_LRP6	complex	protein	P56706	P56706	2630	PMID:24532711	Ligand-Receptor	0	complex_component_support_only	0	0	0	0	0		
HGNC:12787	WNT7B	P56706	ENSG00000188064	7477	secreted_only	P56706	protein	complex	FZD9_LRP5	O00144;O75197	2631	PMID:24532711	Ligand-Receptor	0	complex_component_support_only	0	0	0	0	0		
HGNC:4047	FZD9	O00144	ENSG00000188763	8326	membrane	FZD9_LRP5	complex	protein	P56706	P56706	2631	PMID:24532711	Ligand-Receptor	0	complex_component_support_only	0	0	0	0	0		
HGNC:6697	LRP5	O75197	ENSG00000162337	4041	membrane_inferred	FZD9_LRP5	complex	protein	P56706	P56706	2631	PMID:24532711	Ligand-Receptor	0	complex_component_support_only	0	0	0	0	0		
HGNC:12787	WNT7B	P56706	ENSG00000188064	7477	secreted_only	P56706	protein	complex	FZD9_LRP6	O00144;O75581	2632	PMID:24532711	Ligand-Receptor	0	complex_component_support_only	0	0	0	0	0		
HGNC:4047	FZD9	O00144	ENSG00000188763	8326	membrane	FZD9_LRP6	complex	protein	P56706	P56706	2632	PMID:24532711	Ligand-Receptor	0	complex_component_support_only	0	0	0	0	0		
HGNC:6698	LRP6	O75581	ENSG00000070018	4040	membrane	FZD9_LRP6	complex	protein	P56706	P56706	2632	PMID:24532711	Ligand-Receptor	0	complex_component_support_only	0	0	0	0	0		
HGNC:12787	WNT7B	P56706	ENSG00000188064	7477	secreted_only	P56706	protein	protein	Q8N474	Q8N474	2633	PMID:12775774	Ligand-Ligand	1	single_protein_pair	0	0	0	0	0		
HGNC:12787	WNT7B	P56706	ENSG00000188064	7477	secreted_only	P56706	protein	protein	Q96HF1	Q96HF1	2634	PMID:12775774	Ligand-Ligand	1	single_protein_pair	0	0	0	0	0		
HGNC:12787	WNT7B	P56706	ENSG00000188064	7477	secreted_only	P56706	protein	protein	Q6FHJ7	Q6FHJ7	2635	PMID:12775774	Ligand-Ligand	1	single_protein_pair	0	0	0	0	0		
HGNC:12787	WNT7B	P56706	ENSG00000188064	7477	secreted_only	P56706	protein	protein	Q5T4F7	Q5T4F7	2636	PMID:12775774	Ligand-Ligand	1	single_protein_pair	0	0	0	0	0		
HGNC:12787	WNT7B	P56706	ENSG00000188064	7477	secreted_only	P56706	protein	protein	Q9Y5W5	Q9Y5W5	2637	PMID:12775774	Ligand-Ligand	1	single_protein_pair	0	0	0	0	0		
HGNC:6697	LRP5	O75197	ENSG00000162337	4041	membrane_inferred	FZD1_LRP5	complex	protein	Q9H1J5	Q9H1J5	2640	PMID:24532711	Ligand-Receptor	0	complex_component_support_only	0	0	0	0	0		
HGNC:4038	FZD1	Q9UP38	ENSG00000157240	8321	membrane	FZD1_LRP5	complex	protein	Q9H1J5	Q9H1J5	2640	PMID:24532711	Ligand-Receptor	0	complex_component_support_only	0	0	0	0	0		
HGNC:6698	LRP6	O75581	ENSG00000070018	4040	membrane	FZD1_LRP6	complex	protein	Q9H1J5	Q9H1J5	2641	PMID:24532711	Ligand-Receptor	0	complex_component_support_only	0	0	0	0	0		
HGNC:4038	FZD1	Q9UP38	ENSG00000157240	8321	membrane	FZD1_LRP6	complex	protein	Q9H1J5	Q9H1J5	2641	PMID:24532711	Ligand-Receptor	0	complex_component_support_only	0	0	0	0	0		
HGNC:6697	LRP5	O75197	ENSG00000162337	4041	membrane_inferred	FZD10_LRP5	complex	protein	Q9H1J5	Q9H1J5	2642	PMID:24532711	Ligand-Receptor	0	complex_component_support_only	0	0	0	0	0		
HGNC:4039	FZD10	Q9ULW2	ENSG00000111432	11211	membrane	FZD10_LRP5	complex	protein	Q9H1J5	Q9H1J5	2642	PMID:24532711	Ligand-Receptor	0	complex_component_support_only	0	0	0	0	0		
HGNC:6698	LRP6	O75581	ENSG00000070018	4040	membrane	FZD10_LRP6	complex	protein	Q9H1J5	Q9H1J5	2643	PMID:24532711	Ligand-Receptor	0	complex_component_support_only	0	0	0	0	0		
HGNC:4039	FZD10	Q9ULW2	ENSG00000111432	11211	membrane	FZD10_LRP6	complex	protein	Q9H1J5	Q9H1J5	2643	PMID:24532711	Ligand-Receptor	0	complex_component_support_only	0	0	0	0	0		
HGNC:6697	LRP5	O75197	ENSG00000162337	4041	membrane_inferred	FZD2_LRP5	complex	protein	Q9H1J5	Q9H1J5	2644	PMID:24532711	Ligand-Receptor	0	complex_component_support_only	0	0	0	0	0		
HGNC:4040	FZD2	Q14332	ENSG00000180340	2535	membrane	FZD2_LRP5	complex	protein	Q9H1J5	Q9H1J5	2644	PMID:24532711	Ligand-Receptor	0	complex_component_support_only	0	0	0	0	0		
HGNC:6698	LRP6	O75581	ENSG00000070018	4040	membrane	FZD2_LRP6	complex	protein	Q9H1J5	Q9H1J5	2645	PMID:24532711	Ligand-Receptor	0	complex_component_support_only	0	0	0	0	0		
HGNC:4040	FZD2	Q14332	ENSG00000180340	2535	membrane	FZD2_LRP6	complex	protein	Q9H1J5	Q9H1J5	2645	PMID:24532711	Ligand-Receptor	0	complex_component_support_only	0	0	0	0	0		
HGNC:6697	LRP5	O75197	ENSG00000162337	4041	membrane_inferred	FZD3_LRP5	complex	protein	Q9H1J5	Q9H1J5	2646	PMID:24532711	Ligand-Receptor	0	complex_component_support_only	0	0	0	0	0		
HGNC:4041	FZD3	Q9NPG1	ENSG00000104290	7976	membrane	FZD3_LRP5	complex	protein	Q9H1J5	Q9H1J5	2646	PMID:24532711	Ligand-Receptor	0	complex_component_support_only	0	0	0	0	0		
HGNC:6698	LRP6	O75581	ENSG00000070018	4040	membrane	FZD3_LRP6	complex	protein	Q9H1J5	Q9H1J5	2647	PMID:24532711	Ligand-Receptor	0	complex_component_support_only	0	0	0	0	0		
HGNC:4041	FZD3	Q9NPG1	ENSG00000104290	7976	membrane	FZD3_LRP6	complex	protein	Q9H1J5	Q9H1J5	2647	PMID:24532711	Ligand-Receptor	0	complex_component_support_only	0	0	0	0	0		
HGNC:6697	LRP5	O75197	ENSG00000162337	4041	membrane_inferred	FZD4_LRP5	complex	protein	Q9H1J5	Q9H1J5	2648	PMID:24532711	Ligand-Receptor	0	complex_component_support_only	0	0	0	0	0		
HGNC:4042	FZD4	Q9ULV1	ENSG00000174804	8322	membrane	FZD4_LRP5	complex	protein	Q9H1J5	Q9H1J5	2648	PMID:24532711	Ligand-Receptor	0	complex_component_support_only	0	0	0	0	0		
HGNC:6698	LRP6	O75581	ENSG00000070018	4040	membrane	FZD4_LRP6	complex	protein	Q9H1J5	Q9H1J5	2649	PMID:24532711	Ligand-Receptor	0	complex_component_support_only	0	0	0	0	0		
HGNC:4042	FZD4	Q9ULV1	ENSG00000174804	8322	membrane	FZD4_LRP6	complex	protein	Q9H1J5	Q9H1J5	2649	PMID:24532711	Ligand-Receptor	0	complex_component_support_only	0	0	0	0	0		
HGNC:6697	LRP5	O75197	ENSG00000162337	4041	membrane_inferred	FZD5_LRP5	complex	protein	Q9H1J5	Q9H1J5	2650	PMID:24532711	Ligand-Receptor	0	complex_component_support_only	0	0	0	0	0		
HGNC:4043	FZD5	Q13467	ENSG00000163251	7855	membrane	FZD5_LRP5	complex	protein	Q9H1J5	Q9H1J5	2650	PMID:24532711	Ligand-Receptor	0	complex_component_support_only	0	0	0	0	0		
HGNC:6698	LRP6	O75581	ENSG00000070018	4040	membrane	FZD5_LRP6	complex	protein	Q9H1J5	Q9H1J5	2651	PMID:24532711	Ligand-Receptor	0	complex_component_support_only	0	0	0	0	0		
HGNC:4043	FZD5	Q13467	ENSG00000163251	7855	membrane	FZD5_LRP6	complex	protein	Q9H1J5	Q9H1J5	2651	PMID:24532711	Ligand-Receptor	0	complex_component_support_only	0	0	0	0	0		
HGNC:4044	FZD6	O60353	ENSG00000164930	8323	membrane	FZD6_LRP5	complex	protein	Q9H1J5	Q9H1J5	2652	PMID:24532711	Ligand-Receptor	0	complex_component_support_only	0	0	0	0	0		
HGNC:6697	LRP5	O75197	ENSG00000162337	4041	membrane_inferred	FZD6_LRP5	complex	protein	Q9H1J5	Q9H1J5	2652	PMID:24532711	Ligand-Receptor	0	complex_component_support_only	0	0	0	0	0		
HGNC:4044	FZD6	O60353	ENSG00000164930	8323	membrane	FZD6_LRP6	complex	protein	Q9H1J5	Q9H1J5	2653	PMID:24532711	Ligand-Receptor	0	complex_component_support_only	0	0	0	0	0		
HGNC:6698	LRP6	O75581	ENSG00000070018	4040	membrane	FZD6_LRP6	complex	protein	Q9H1J5	Q9H1J5	2653	PMID:24532711	Ligand-Receptor	0	complex_component_support_only	0	0	0	0	0		
HGNC:4045	FZD7	O75084	ENSG00000155760	8324	membrane	FZD7_LRP5	complex	protein	Q9H1J5	Q9H1J5	2654	PMID:24532711	Ligand-Receptor	0	complex_component_support_only	0	0	0	0	0		
HGNC:6697	LRP5	O75197	ENSG00000162337	4041	membrane_inferred	FZD7_LRP5	complex	protein	Q9H1J5	Q9H1J5	2654	PMID:24532711	Ligand-Receptor	0	complex_component_support_only	0	0	0	0	0		
HGNC:4045	FZD7	O75084	ENSG00000155760	8324	membrane	FZD7_LRP6	complex	protein	Q9H1J5	Q9H1J5	2655	PMID:24532711	Ligand-Receptor	0	complex_component_support_only	0	0	0	0	0		
HGNC:6698	LRP6	O75581	ENSG00000070018	4040	membrane	FZD7_LRP6	complex	protein	Q9H1J5	Q9H1J5	2655	PMID:24532711	Ligand-Receptor	0	complex_component_support_only	0	0	0	0	0		
HGNC:6697	LRP5	O75197	ENSG00000162337	4041	membrane_inferred	FZD8_LRP5	complex	protein	Q9H1J5	Q9H1J5	2656	PMID:24532711	Ligand-Receptor	0	complex_component_support_only	0	0	0	0	0		
HGNC:4046	FZD8	Q9H461	ENSG00000177283	8325	membrane	FZD8_LRP5	complex	protein	Q9H1J5	Q9H1J5	2656	PMID:24532711	Ligand-Receptor	0	complex_component_support_only	0	0	0	0	0		
HGNC:6698	LRP6	O75581	ENSG00000070018	4040	membrane	FZD8_LRP6	complex	protein	Q9H1J5	Q9H1J5	2657	PMID:24532711	Ligand-Receptor	0	complex_component_support_only	0	0	0	0	0		
HGNC:4046	FZD8	Q9H461	ENSG00000177283	8325	membrane	FZD8_LRP6	complex	protein	Q9H1J5	Q9H1J5	2657	PMID:24532711	Ligand-Receptor	0	complex_component_support_only	0	0	0	0	0		
HGNC:4047	FZD9	O00144	ENSG00000188763	8326	membrane	FZD9_LRP5	complex	protein	Q9H1J5	Q9H1J5	2658	PMID:24532711	Ligand-Receptor	0	complex_component_support_only	0	0	0	0	0		
HGNC:6697	LRP5	O75197	ENSG00000162337	4041	membrane_inferred	FZD9_LRP5	complex	protein	Q9H1J5	Q9H1J5	2658	PMID:24532711	Ligand-Receptor	0	complex_component_support_only	0	0	0	0	0		
HGNC:4047	FZD9	O00144	ENSG00000188763	8326	membrane	FZD9_LRP6	complex	protein	Q9H1J5	Q9H1J5	2659	PMID:24532711	Ligand-Receptor	0	complex_component_support_only	0	0	0	0	0		
HGNC:6698	LRP6	O75581	ENSG00000070018	4040	membrane	FZD9_LRP6	complex	protein	Q9H1J5	Q9H1J5	2659	PMID:24532711	Ligand-Receptor	0	complex_component_support_only	0	0	0	0	0		
HGNC:6697	LRP5	O75197	ENSG00000162337	4041	membrane_inferred	FZD1_LRP5	complex	protein	Q93098	Q93098	2667	PMID:24532711	Ligand-Receptor	0	complex_component_support_only	0	0	0	0	0		
HGNC:4038	FZD1	Q9UP38	ENSG00000157240	8321	membrane	FZD1_LRP5	complex	protein	Q93098	Q93098	2667	PMID:24532711	Ligand-Receptor	0	complex_component_support_only	0	0	0	0	0		
HGNC:6698	LRP6	O75581	ENSG00000070018	4040	membrane	FZD1_LRP6	complex	protein	Q93098	Q93098	2668	PMID:24532711	Ligand-Receptor	0	complex_component_support_only	0	0	0	0	0		
HGNC:4038	FZD1	Q9UP38	ENSG00000157240	8321	membrane	FZD1_LRP6	complex	protein	Q93098	Q93098	2668	PMID:24532711	Ligand-Receptor	0	complex_component_support_only	0	0	0	0	0		
HGNC:6697	LRP5	O75197	ENSG00000162337	4041	membrane_inferred	FZD10_LRP5	complex	protein	Q93098	Q93098	2669	PMID:24532711	Ligand-Receptor	0	complex_component_support_only	0	0	0	0	0		
HGNC:4039	FZD10	Q9ULW2	ENSG00000111432	11211	membrane	FZD10_LRP5	complex	protein	Q93098	Q93098	2669	PMID:24532711	Ligand-Receptor	0	complex_component_support_only	0	0	0	0	0		
HGNC:6698	LRP6	O75581	ENSG00000070018	4040	membrane	FZD10_LRP6	complex	protein	Q93098	Q93098	2670	PMID:24532711	Ligand-Receptor	0	complex_component_support_only	0	0	0	0	0		
HGNC:4039	FZD10	Q9ULW2	ENSG00000111432	11211	membrane	FZD10_LRP6	complex	protein	Q93098	Q93098	2670	PMID:24532711	Ligand-Receptor	0	complex_component_support_only	0	0	0	0	0		
HGNC:6697	LRP5	O75197	ENSG00000162337	4041	membrane_inferred	FZD2_LRP5	complex	protein	Q93098	Q93098	2671	PMID:24532711	Ligand-Receptor	0	complex_component_support_only	0	0	0	0	0		
HGNC:4040	FZD2	Q14332	ENSG00000180340	2535	membrane	FZD2_LRP5	complex	protein	Q93098	Q93098	2671	PMID:24532711	Ligand-Receptor	0	complex_component_support_only	0	0	0	0	0		
HGNC:6698	LRP6	O75581	ENSG00000070018	4040	membrane	FZD2_LRP6	complex	protein	Q93098	Q93098	2672	PMID:24532711	Ligand-Receptor	0	complex_component_support_only	0	0	0	0	0		
HGNC:4040	FZD2	Q14332	ENSG00000180340	2535	membrane	FZD2_LRP6	complex	protein	Q93098	Q93098	2672	PMID:24532711	Ligand-Receptor	0	complex_component_support_only	0	0	0	0	0		
HGNC:6697	LRP5	O75197	ENSG00000162337	4041	membrane_inferred	FZD3_LRP5	complex	protein	Q93098	Q93098	2673	PMID:24532711	Ligand-Receptor	0	complex_component_support_only	0	0	0	0	0		
HGNC:4041	FZD3	Q9NPG1	ENSG00000104290	7976	membrane	FZD3_LRP5	complex	protein	Q93098	Q93098	2673	PMID:24532711	Ligand-Receptor	0	complex_component_support_only	0	0	0	0	0		
HGNC:6698	LRP6	O75581	ENSG00000070018	4040	membrane	FZD3_LRP6	complex	protein	Q93098	Q93098	2674	PMID:24532711	Ligand-Receptor	0	complex_component_support_only	0	0	0	0	0		
HGNC:4041	FZD3	Q9NPG1	ENSG00000104290	7976	membrane	FZD3_LRP6	complex	protein	Q93098	Q93098	2674	PMID:24532711	Ligand-Receptor	0	complex_component_support_only	0	0	0	0	0		
HGNC:6697	LRP5	O75197	ENSG00000162337	4041	membrane_inferred	FZD4_LRP5	complex	protein	Q93098	Q93098	2675	PMID:24532711	Ligand-Receptor	0	complex_component_support_only	0	0	0	0	0		
HGNC:4042	FZD4	Q9ULV1	ENSG00000174804	8322	membrane	FZD4_LRP5	complex	protein	Q93098	Q93098	2675	PMID:24532711	Ligand-Receptor	0	complex_component_support_only	0	0	0	0	0		
HGNC:6698	LRP6	O75581	ENSG00000070018	4040	membrane	FZD4_LRP6	complex	protein	Q93098	Q93098	2676	PMID:24532711	Ligand-Receptor	0	complex_component_support_only	0	0	0	0	0		
HGNC:4042	FZD4	Q9ULV1	ENSG00000174804	8322	membrane	FZD4_LRP6	complex	protein	Q93098	Q93098	2676	PMID:24532711	Ligand-Receptor	0	complex_component_support_only	0	0	0	0	0		
HGNC:6697	LRP5	O75197	ENSG00000162337	4041	membrane_inferred	FZD5_LRP5	complex	protein	Q93098	Q93098	2677	PMID:24532711	Ligand-Receptor	0	complex_component_support_only	0	0	0	0	0		
HGNC:4043	FZD5	Q13467	ENSG00000163251	7855	membrane	FZD5_LRP5	complex	protein	Q93098	Q93098	2677	PMID:24532711	Ligand-Receptor	0	complex_component_support_only	0	0	0	0	0		
HGNC:6698	LRP6	O75581	ENSG00000070018	4040	membrane	FZD5_LRP6	complex	protein	Q93098	Q93098	2678	PMID:24532711	Ligand-Receptor	0	complex_component_support_only	0	0	0	0	0		
HGNC:4043	FZD5	Q13467	ENSG00000163251	7855	membrane	FZD5_LRP6	complex	protein	Q93098	Q93098	2678	PMID:24532711	Ligand-Receptor	0	complex_component_support_only	0	0	0	0	0		
HGNC:4044	FZD6	O60353	ENSG00000164930	8323	membrane	FZD6_LRP5	complex	protein	Q93098	Q93098	2679	PMID:24532711	Ligand-Receptor	0	complex_component_support_only	0	0	0	0	0		
HGNC:6697	LRP5	O75197	ENSG00000162337	4041	membrane_inferred	FZD6_LRP5	complex	protein	Q93098	Q93098	2679	PMID:24532711	Ligand-Receptor	0	complex_component_support_only	0	0	0	0	0		
HGNC:4044	FZD6	O60353	ENSG00000164930	8323	membrane	FZD6_LRP6	complex	protein	Q93098	Q93098	2680	PMID:24532711	Ligand-Receptor	0	complex_component_support_only	0	0	0	0	0		
HGNC:6698	LRP6	O75581	ENSG00000070018	4040	membrane	FZD6_LRP6	complex	protein	Q93098	Q93098	2680	PMID:24532711	Ligand-Receptor	0	complex_component_support_only	0	0	0	0	0		
HGNC:4045	FZD7	O75084	ENSG00000155760	8324	membrane	FZD7_LRP5	complex	protein	Q93098	Q93098	2681	PMID:24532711	Ligand-Receptor	0	complex_component_support_only	0	0	0	0	0		
HGNC:6697	LRP5	O75197	ENSG00000162337	4041	membrane_inferred	FZD7_LRP5	complex	protein	Q93098	Q93098	2681	PMID:24532711	Ligand-Receptor	0	complex_component_support_only	0	0	0	0	0		
HGNC:4045	FZD7	O75084	ENSG00000155760	8324	membrane	FZD7_LRP6	complex	protein	Q93098	Q93098	2682	PMID:24532711	Ligand-Receptor	0	complex_component_support_only	0	0	0	0	0		
HGNC:6698	LRP6	O75581	ENSG00000070018	4040	membrane	FZD7_LRP6	complex	protein	Q93098	Q93098	2682	PMID:24532711	Ligand-Receptor	0	complex_component_support_only	0	0	0	0	0		
HGNC:6697	LRP5	O75197	ENSG00000162337	4041	membrane_inferred	FZD8_LRP5	complex	protein	Q93098	Q93098	2683	PMID:24532711	Ligand-Receptor	0	complex_component_support_only	0	0	0	0	0		
HGNC:4046	FZD8	Q9H461	ENSG00000177283	8325	membrane	FZD8_LRP5	complex	protein	Q93098	Q93098	2683	PMID:24532711	Ligand-Receptor	0	complex_component_support_only	0	0	0	0	0		
HGNC:6698	LRP6	O75581	ENSG00000070018	4040	membrane	FZD8_LRP6	complex	protein	Q93098	Q93098	2684	PMID:24532711	Ligand-Receptor	0	complex_component_support_only	0	0	0	0	0		
HGNC:4046	FZD8	Q9H461	ENSG00000177283	8325	membrane	FZD8_LRP6	complex	protein	Q93098	Q93098	2684	PMID:24532711	Ligand-Receptor	0	complex_component_support_only	0	0	0	0	0		
HGNC:4047	FZD9	O00144	ENSG00000188763	8326	membrane	FZD9_LRP5	complex	protein	Q93098	Q93098	2685	PMID:24532711	Ligand-Receptor	0	complex_component_support_only	0	0	0	0	0		
HGNC:6697	LRP5	O75197	ENSG00000162337	4041	membrane_inferred	FZD9_LRP5	complex	protein	Q93098	Q93098	2685	PMID:24532711	Ligand-Receptor	0	complex_component_support_only	0	0	0	0	0		
HGNC:4047	FZD9	O00144	ENSG00000188763	8326	membrane	FZD9_LRP6	complex	protein	Q93098	Q93098	2686	PMID:24532711	Ligand-Receptor	0	complex_component_support_only	0	0	0	0	0		
HGNC:6698	LRP6	O75581	ENSG00000070018	4040	membrane	FZD9_LRP6	complex	protein	Q93098	Q93098	2686	PMID:24532711	Ligand-Receptor	0	complex_component_support_only	0	0	0	0	0		
HGNC:6697	LRP5	O75197	ENSG00000162337	4041	membrane_inferred	FZD1_LRP5	complex	protein	O14904	O14904	2694	PMID:24532711	Ligand-Receptor	0	complex_component_support_only	0	0	0	0	0		
HGNC:4038	FZD1	Q9UP38	ENSG00000157240	8321	membrane	FZD1_LRP5	complex	protein	O14904	O14904	2694	PMID:24532711	Ligand-Receptor	0	complex_component_support_only	0	0	0	0	0		
HGNC:6698	LRP6	O75581	ENSG00000070018	4040	membrane	FZD1_LRP6	complex	protein	O14904	O14904	2695	PMID:24532711	Ligand-Receptor	0	complex_component_support_only	0	0	0	0	0		
HGNC:4038	FZD1	Q9UP38	ENSG00000157240	8321	membrane	FZD1_LRP6	complex	protein	O14904	O14904	2695	PMID:24532711	Ligand-Receptor	0	complex_component_support_only	0	0	0	0	0		
HGNC:6697	LRP5	O75197	ENSG00000162337	4041	membrane_inferred	FZD10_LRP5	complex	protein	O14904	O14904	2696	PMID:24532711	Ligand-Receptor	0	complex_component_support_only	0	0	0	0	0		
HGNC:4039	FZD10	Q9ULW2	ENSG00000111432	11211	membrane	FZD10_LRP5	complex	protein	O14904	O14904	2696	PMID:24532711	Ligand-Receptor	0	complex_component_support_only	0	0	0	0	0		
HGNC:6698	LRP6	O75581	ENSG00000070018	4040	membrane	FZD10_LRP6	complex	protein	O14904	O14904	2697	PMID:24532711	Ligand-Receptor	0	complex_component_support_only	0	0	0	0	0		
HGNC:4039	FZD10	Q9ULW2	ENSG00000111432	11211	membrane	FZD10_LRP6	complex	protein	O14904	O14904	2697	PMID:24532711	Ligand-Receptor	0	complex_component_support_only	0	0	0	0	0		
HGNC:6697	LRP5	O75197	ENSG00000162337	4041	membrane_inferred	FZD2_LRP5	complex	protein	O14904	O14904	2698	PMID:24532711	Ligand-Receptor	0	complex_component_support_only	0	0	0	0	0		
HGNC:4040	FZD2	Q14332	ENSG00000180340	2535	membrane	FZD2_LRP5	complex	protein	O14904	O14904	2698	PMID:24532711	Ligand-Receptor	0	complex_component_support_only	0	0	0	0	0		
HGNC:6698	LRP6	O75581	ENSG00000070018	4040	membrane	FZD2_LRP6	complex	protein	O14904	O14904	2699	PMID:24532711	Ligand-Receptor	0	complex_component_support_only	0	0	0	0	0		
HGNC:4040	FZD2	Q14332	ENSG00000180340	2535	membrane	FZD2_LRP6	complex	protein	O14904	O14904	2699	PMID:24532711	Ligand-Receptor	0	complex_component_support_only	0	0	0	0	0		
HGNC:6697	LRP5	O75197	ENSG00000162337	4041	membrane_inferred	FZD3_LRP5	complex	protein	O14904	O14904	2700	PMID:24532711	Ligand-Receptor	0	complex_component_support_only	0	0	0	0	0		
HGNC:4041	FZD3	Q9NPG1	ENSG00000104290	7976	membrane	FZD3_LRP5	complex	protein	O14904	O14904	2700	PMID:24532711	Ligand-Receptor	0	complex_component_support_only	0	0	0	0	0		
HGNC:6698	LRP6	O75581	ENSG00000070018	4040	membrane	FZD3_LRP6	complex	protein	O14904	O14904	2701	PMID:24532711	Ligand-Receptor	0	complex_component_support_only	0	0	0	0	0		
HGNC:4041	FZD3	Q9NPG1	ENSG00000104290	7976	membrane	FZD3_LRP6	complex	protein	O14904	O14904	2701	PMID:24532711	Ligand-Receptor	0	complex_component_support_only	0	0	0	0	0		
HGNC:6697	LRP5	O75197	ENSG00000162337	4041	membrane_inferred	FZD4_LRP5	complex	protein	O14904	O14904	2702	PMID:24532711	Ligand-Receptor	0	complex_component_support_only	0	0	0	0	0		
HGNC:4042	FZD4	Q9ULV1	ENSG00000174804	8322	membrane	FZD4_LRP5	complex	protein	O14904	O14904	2702	PMID:24532711	Ligand-Receptor	0	complex_component_support_only	0	0	0	0	0		
HGNC:6698	LRP6	O75581	ENSG00000070018	4040	membrane	FZD4_LRP6	complex	protein	O14904	O14904	2703	PMID:24532711	Ligand-Receptor	0	complex_component_support_only	0	0	0	0	0		
HGNC:4042	FZD4	Q9ULV1	ENSG00000174804	8322	membrane	FZD4_LRP6	complex	protein	O14904	O14904	2703	PMID:24532711	Ligand-Receptor	0	complex_component_support_only	0	0	0	0	0		
HGNC:6697	LRP5	O75197	ENSG00000162337	4041	membrane_inferred	FZD5_LRP5	complex	protein	O14904	O14904	2704	PMID:24532711	Ligand-Receptor	0	complex_component_support_only	0	0	0	0	0		
HGNC:4043	FZD5	Q13467	ENSG00000163251	7855	membrane	FZD5_LRP5	complex	protein	O14904	O14904	2704	PMID:24532711	Ligand-Receptor	0	complex_component_support_only	0	0	0	0	0		
HGNC:6698	LRP6	O75581	ENSG00000070018	4040	membrane	FZD5_LRP6	complex	protein	O14904	O14904	2705	PMID:24532711	Ligand-Receptor	0	complex_component_support_only	0	0	0	0	0		
HGNC:4043	FZD5	Q13467	ENSG00000163251	7855	membrane	FZD5_LRP6	complex	protein	O14904	O14904	2705	PMID:24532711	Ligand-Receptor	0	complex_component_support_only	0	0	0	0	0		
HGNC:4044	FZD6	O60353	ENSG00000164930	8323	membrane	FZD6_LRP5	complex	protein	O14904	O14904	2706	PMID:24532711	Ligand-Receptor	0	complex_component_support_only	0	0	0	0	0		
HGNC:6697	LRP5	O75197	ENSG00000162337	4041	membrane_inferred	FZD6_LRP5	complex	protein	O14904	O14904	2706	PMID:24532711	Ligand-Receptor	0	complex_component_support_only	0	0	0	0	0		
HGNC:4044	FZD6	O60353	ENSG00000164930	8323	membrane	FZD6_LRP6	complex	protein	O14904	O14904	2707	PMID:24532711	Ligand-Receptor	0	complex_component_support_only	0	0	0	0	0		
HGNC:6698	LRP6	O75581	ENSG00000070018	4040	membrane	FZD6_LRP6	complex	protein	O14904	O14904	2707	PMID:24532711	Ligand-Receptor	0	complex_component_support_only	0	0	0	0	0		
HGNC:4045	FZD7	O75084	ENSG00000155760	8324	membrane	FZD7_LRP5	complex	protein	O14904	O14904	2708	PMID:24532711	Ligand-Receptor	0	complex_component_support_only	0	0	0	0	0		
HGNC:6697	LRP5	O75197	ENSG00000162337	4041	membrane_inferred	FZD7_LRP5	complex	protein	O14904	O14904	2708	PMID:24532711	Ligand-Receptor	0	complex_component_support_only	0	0	0	0	0		
HGNC:4045	FZD7	O75084	ENSG00000155760	8324	membrane	FZD7_LRP6	complex	protein	O14904	O14904	2709	PMID:24532711	Ligand-Receptor	0	complex_component_support_only	0	0	0	0	0		
HGNC:6698	LRP6	O75581	ENSG00000070018	4040	membrane	FZD7_LRP6	complex	protein	O14904	O14904	2709	PMID:24532711	Ligand-Receptor	0	complex_component_support_only	0	0	0	0	0		
HGNC:6697	LRP5	O75197	ENSG00000162337	4041	membrane_inferred	FZD8_LRP5	complex	protein	O14904	O14904	2710	PMID:24532711	Ligand-Receptor	0	complex_component_support_only	0	0	0	0	0		
HGNC:4046	FZD8	Q9H461	ENSG00000177283	8325	membrane	FZD8_LRP5	complex	protein	O14904	O14904	2710	PMID:24532711	Ligand-Receptor	0	complex_component_support_only	0	0	0	0	0		
HGNC:6698	LRP6	O75581	ENSG00000070018	4040	membrane	FZD8_LRP6	complex	protein	O14904	O14904	2711	PMID:24532711	Ligand-Receptor	0	complex_component_support_only	0	0	0	0	0		
HGNC:4046	FZD8	Q9H461	ENSG00000177283	8325	membrane	FZD8_LRP6	complex	protein	O14904	O14904	2711	PMID:24532711	Ligand-Receptor	0	complex_component_support_only	0	0	0	0	0		
HGNC:4047	FZD9	O00144	ENSG00000188763	8326	membrane	FZD9_LRP5	complex	protein	O14904	O14904	2712	PMID:24532711	Ligand-Receptor	0	complex_component_support_only	0	0	0	0	0		
HGNC:6697	LRP5	O75197	ENSG00000162337	4041	membrane_inferred	FZD9_LRP5	complex	protein	O14904	O14904	2712	PMID:24532711	Ligand-Receptor	0	complex_component_support_only	0	0	0	0	0		
HGNC:4047	FZD9	O00144	ENSG00000188763	8326	membrane	FZD9_LRP6	complex	protein	O14904	O14904	2713	PMID:24532711	Ligand-Receptor	0	complex_component_support_only	0	0	0	0	0		
HGNC:6698	LRP6	O75581	ENSG00000070018	4040	membrane	FZD9_LRP6	complex	protein	O14904	O14904	2713	PMID:24532711	Ligand-Receptor	0	complex_component_support_only	0	0	0	0	0		
HGNC:6697	LRP5	O75197	ENSG00000162337	4041	membrane_inferred	FZD1_LRP5	complex	protein	O14905	O14905	2721	PMID:24532711	Ligand-Receptor	0	complex_component_support_only	0	0	0	0	0		
HGNC:4038	FZD1	Q9UP38	ENSG00000157240	8321	membrane	FZD1_LRP5	complex	protein	O14905	O14905	2721	PMID:24532711	Ligand-Receptor	0	complex_component_support_only	0	0	0	0	0		
HGNC:6698	LRP6	O75581	ENSG00000070018	4040	membrane	FZD1_LRP6	complex	protein	O14905	O14905	2722	PMID:24532711	Ligand-Receptor	0	complex_component_support_only	0	0	0	0	0		
HGNC:4038	FZD1	Q9UP38	ENSG00000157240	8321	membrane	FZD1_LRP6	complex	protein	O14905	O14905	2722	PMID:24532711	Ligand-Receptor	0	complex_component_support_only	0	0	0	0	0		
HGNC:6697	LRP5	O75197	ENSG00000162337	4041	membrane_inferred	FZD10_LRP5	complex	protein	O14905	O14905	2723	PMID:24532711	Ligand-Receptor	0	complex_component_support_only	0	0	0	0	0		
HGNC:4039	FZD10	Q9ULW2	ENSG00000111432	11211	membrane	FZD10_LRP5	complex	protein	O14905	O14905	2723	PMID:24532711	Ligand-Receptor	0	complex_component_support_only	0	0	0	0	0		
HGNC:6698	LRP6	O75581	ENSG00000070018	4040	membrane	FZD10_LRP6	complex	protein	O14905	O14905	2724	PMID:24532711	Ligand-Receptor	0	complex_component_support_only	0	0	0	0	0		
HGNC:4039	FZD10	Q9ULW2	ENSG00000111432	11211	membrane	FZD10_LRP6	complex	protein	O14905	O14905	2724	PMID:24532711	Ligand-Receptor	0	complex_component_support_only	0	0	0	0	0		
HGNC:6697	LRP5	O75197	ENSG00000162337	4041	membrane_inferred	FZD2_LRP5	complex	protein	O14905	O14905	2725	PMID:24532711	Ligand-Receptor	0	complex_component_support_only	0	0	0	0	0		
HGNC:4040	FZD2	Q14332	ENSG00000180340	2535	membrane	FZD2_LRP5	complex	protein	O14905	O14905	2725	PMID:24532711	Ligand-Receptor	0	complex_component_support_only	0	0	0	0	0		
HGNC:6698	LRP6	O75581	ENSG00000070018	4040	membrane	FZD2_LRP6	complex	protein	O14905	O14905	2726	PMID:24532711	Ligand-Receptor	0	complex_component_support_only	0	0	0	0	0		
HGNC:4040	FZD2	Q14332	ENSG00000180340	2535	membrane	FZD2_LRP6	complex	protein	O14905	O14905	2726	PMID:24532711	Ligand-Receptor	0	complex_component_support_only	0	0	0	0	0		
HGNC:6697	LRP5	O75197	ENSG00000162337	4041	membrane_inferred	FZD3_LRP5	complex	protein	O14905	O14905	2727	PMID:24532711	Ligand-Receptor	0	complex_component_support_only	0	0	0	0	0		
HGNC:4041	FZD3	Q9NPG1	ENSG00000104290	7976	membrane	FZD3_LRP5	complex	protein	O14905	O14905	2727	PMID:24532711	Ligand-Receptor	0	complex_component_support_only	0	0	0	0	0		
HGNC:6698	LRP6	O75581	ENSG00000070018	4040	membrane	FZD3_LRP6	complex	protein	O14905	O14905	2728	PMID:24532711	Ligand-Receptor	0	complex_component_support_only	0	0	0	0	0		
HGNC:4041	FZD3	Q9NPG1	ENSG00000104290	7976	membrane	FZD3_LRP6	complex	protein	O14905	O14905	2728	PMID:24532711	Ligand-Receptor	0	complex_component_support_only	0	0	0	0	0		
HGNC:6697	LRP5	O75197	ENSG00000162337	4041	membrane_inferred	FZD4_LRP5	complex	protein	O14905	O14905	2729	PMID:24532711	Ligand-Receptor	0	complex_component_support_only	0	0	0	0	0		
HGNC:4042	FZD4	Q9ULV1	ENSG00000174804	8322	membrane	FZD4_LRP5	complex	protein	O14905	O14905	2729	PMID:24532711	Ligand-Receptor	0	complex_component_support_only	0	0	0	0	0		
HGNC:6698	LRP6	O75581	ENSG00000070018	4040	membrane	FZD4_LRP6	complex	protein	O14905	O14905	2730	PMID:24532711	Ligand-Receptor	0	complex_component_support_only	0	0	0	0	0		
HGNC:4042	FZD4	Q9ULV1	ENSG00000174804	8322	membrane	FZD4_LRP6	complex	protein	O14905	O14905	2730	PMID:24532711	Ligand-Receptor	0	complex_component_support_only	0	0	0	0	0		
HGNC:6697	LRP5	O75197	ENSG00000162337	4041	membrane_inferred	FZD5_LRP5	complex	protein	O14905	O14905	2731	PMID:24532711	Ligand-Receptor	0	complex_component_support_only	0	0	0	0	0		
HGNC:4043	FZD5	Q13467	ENSG00000163251	7855	membrane	FZD5_LRP5	complex	protein	O14905	O14905	2731	PMID:24532711	Ligand-Receptor	0	complex_component_support_only	0	0	0	0	0		
HGNC:6698	LRP6	O75581	ENSG00000070018	4040	membrane	FZD5_LRP6	complex	protein	O14905	O14905	2732	PMID:24532711	Ligand-Receptor	0	complex_component_support_only	0	0	0	0	0		
HGNC:4043	FZD5	Q13467	ENSG00000163251	7855	membrane	FZD5_LRP6	complex	protein	O14905	O14905	2732	PMID:24532711	Ligand-Receptor	0	complex_component_support_only	0	0	0	0	0		
HGNC:4044	FZD6	O60353	ENSG00000164930	8323	membrane	FZD6_LRP5	complex	protein	O14905	O14905	2733	PMID:24532711	Ligand-Receptor	0	complex_component_support_only	0	0	0	0	0		
HGNC:6697	LRP5	O75197	ENSG00000162337	4041	membrane_inferred	FZD6_LRP5	complex	protein	O14905	O14905	2733	PMID:24532711	Ligand-Receptor	0	complex_component_support_only	0	0	0	0	0		
HGNC:4044	FZD6	O60353	ENSG00000164930	8323	membrane	FZD6_LRP6	complex	protein	O14905	O14905	2734	PMID:24532711	Ligand-Receptor	0	complex_component_support_only	0	0	0	0	0		
HGNC:6698	LRP6	O75581	ENSG00000070018	4040	membrane	FZD6_LRP6	complex	protein	O14905	O14905	2734	PMID:24532711	Ligand-Receptor	0	complex_component_support_only	0	0	0	0	0		
HGNC:4045	FZD7	O75084	ENSG00000155760	8324	membrane	FZD7_LRP5	complex	protein	O14905	O14905	2735	PMID:24532711	Ligand-Receptor	0	complex_component_support_only	0	0	0	0	0		
HGNC:6697	LRP5	O75197	ENSG00000162337	4041	membrane_inferred	FZD7_LRP5	complex	protein	O14905	O14905	2735	PMID:24532711	Ligand-Receptor	0	complex_component_support_only	0	0	0	0	0		
HGNC:4045	FZD7	O75084	ENSG00000155760	8324	membrane	FZD7_LRP6	complex	protein	O14905	O14905	2736	PMID:24532711	Ligand-Receptor	0	complex_component_support_only	0	0	0	0	0		
HGNC:6698	LRP6	O75581	ENSG00000070018	4040	membrane	FZD7_LRP6	complex	protein	O14905	O14905	2736	PMID:24532711	Ligand-Receptor	0	complex_component_support_only	0	0	0	0	0		
HGNC:6697	LRP5	O75197	ENSG00000162337	4041	membrane_inferred	FZD8_LRP5	complex	protein	O14905	O14905	2737	PMID:24532711	Ligand-Receptor	0	complex_component_support_only	0	0	0	0	0		
HGNC:4046	FZD8	Q9H461	ENSG00000177283	8325	membrane	FZD8_LRP5	complex	protein	O14905	O14905	2737	PMID:24532711	Ligand-Receptor	0	complex_component_support_only	0	0	0	0	0		
HGNC:6698	LRP6	O75581	ENSG00000070018	4040	membrane	FZD8_LRP6	complex	protein	O14905	O14905	2738	PMID:24532711	Ligand-Receptor	0	complex_component_support_only	0	0	0	0	0		
HGNC:4046	FZD8	Q9H461	ENSG00000177283	8325	membrane	FZD8_LRP6	complex	protein	O14905	O14905	2738	PMID:24532711	Ligand-Receptor	0	complex_component_support_only	0	0	0	0	0		
HGNC:4047	FZD9	O00144	ENSG00000188763	8326	membrane	FZD9_LRP5	complex	protein	O14905	O14905	2739	PMID:24532711	Ligand-Receptor	0	complex_component_support_only	0	0	0	0	0		
HGNC:6697	LRP5	O75197	ENSG00000162337	4041	membrane_inferred	FZD9_LRP5	complex	protein	O14905	O14905	2739	PMID:24532711	Ligand-Receptor	0	complex_component_support_only	0	0	0	0	0		
HGNC:4047	FZD9	O00144	ENSG00000188763	8326	membrane	FZD9_LRP6	complex	protein	O14905	O14905	2740	PMID:24532711	Ligand-Receptor	0	complex_component_support_only	0	0	0	0	0		
HGNC:6698	LRP6	O75581	ENSG00000070018	4040	membrane	FZD9_LRP6	complex	protein	O14905	O14905	2740	PMID:24532711	Ligand-Receptor	0	complex_component_support_only	0	0	0	0	0		
HGNC:6698	LRP6	O75581	ENSG00000070018	4040	membrane	Kremen1_LRP6	complex	protein	O94907	O94907	2746	reactome;PMID:27524201;PDB:5FWW	Ligand-Receptor	0	complex_component_support_only	0	0	0	0	1	3s2k;3s8v;3soq;5fww;5gje	
HGNC:17550	KREMEN1	Q96MU8	ENSG00000183762	83999	membrane	Kremen1_LRP6	complex	protein	O94907	O94907	2746	reactome;PMID:27524201;PDB:5FWW	Ligand-Receptor	0	complex_component_support_only	0	0	0	0	1	5fww	
HGNC:6698	LRP6	O75581	ENSG00000070018	4040	membrane	Kremen2_LRP6	complex	protein	O94907	O94907	2747	reactome	Ligand-Receptor	0	complex_component_support_only	0	0	0	0	1	3s2k;3s8v;3soq;5fww;5gje	
HGNC:18797	KREMEN2	Q8NCW0	ENSG00000131650	79412	membrane_inferred	Kremen2_LRP6	complex	protein	O94907	O94907	2747	reactome	Ligand-Receptor	0	complex_component_support_only	0	0	0	0	0		
HGNC:6698	LRP6	O75581	ENSG00000070018	4040	membrane	Kremen2_LRP6	complex	protein	Q9UBU2	Q9UBU2	2748	reactome;PMID:12527209	Ligand-Receptor	0	complex_component_support_only	0	0	0	0	0		
HGNC:18797	KREMEN2	Q8NCW0	ENSG00000131650	79412	membrane_inferred	Kremen2_LRP6	complex	protein	Q9UBU2	Q9UBU2	2748	reactome;PMID:12527209	Ligand-Receptor	0	complex_component_support_only	0	0	0	0	0		
HGNC:173	ACVR2A	P27037	ENSG00000121989	92	membrane	ACVR_1A2A_receptor	complex	protein	P05111	P05111	2749	PMID:22710174;PMID:22991378	Ligand-Receptor	0	complex_component_support_only	0	0	0	0	0		
HGNC:171	ACVR1	Q04771	ENSG00000115170	90	membrane_inferred	ACVR_1A2A_receptor	complex	protein	P05111	P05111	2749	PMID:22710174;PMID:22991378	Ligand-Receptor	0	complex_component_support_only	0	0	0	0	0		
HGNC:171	ACVR1	Q04771	ENSG00000115170	90	membrane_inferred	ACVR_1A2B_receptor	complex	protein	P05111	P05111	2750	PMID:22710174;PMID:22991378	Ligand-Receptor	0	complex_component_support_only	0	0	0	0	0		
HGNC:174	ACVR2B	Q13705	ENSG00000114739	93	membrane	ACVR_1A2B_receptor	complex	protein	P05111	P05111	2750	PMID:22710174;PMID:22991378	Ligand-Receptor	0	complex_component_support_only	0	0	0	0	0		
HGNC:173	ACVR2A	P27037	ENSG00000121989	92	membrane	ACVR_1B2A_receptor	complex	protein	P05111	P05111	2751	PMID:22710174;PMID:22991378	Ligand-Receptor	0	complex_component_support_only	0	0	0	0	0		
HGNC:172	ACVR1B	P36896	ENSG00000135503	91	membrane	ACVR_1B2A_receptor	complex	protein	P05111	P05111	2751	PMID:22710174;PMID:22991378	Ligand-Receptor	0	complex_component_support_only	0	0	0	0	0		
HGNC:172	ACVR1B	P36896	ENSG00000135503	91	membrane	ACVR_1B2B_receptor	complex	protein	P05111	P05111	2752	PMID:22710174;PMID:22991378	Ligand-Receptor	0	complex_component_support_only	0	0	0	0	0		
HGNC:174	ACVR2B	Q13705	ENSG00000114739	93	membrane	ACVR_1B2B_receptor	complex	protein	P05111	P05111	2752	PMID:22710174;PMID:22991378	Ligand-Receptor	0	complex_component_support_only	0	0	0	0	0		
HGNC:173	ACVR2A	P27037	ENSG00000121989	92	membrane	ACVR_1C2A_receptor	complex	protein	P05111	P05111	2753	PMID:22710174;PMID:22991378	Ligand-Receptor	0	complex_component_support_only	0	0	0	0	0		
HGNC:18123	ACVR1C	Q8NER5	ENSG00000123612	130399	membrane_inferred	ACVR_1C2A_receptor	complex	protein	P05111	P05111	2753	PMID:22710174;PMID:22991378	Ligand-Receptor	0	complex_component_support_only	0	0	0	0	0		
HGNC:174	ACVR2B	Q13705	ENSG00000114739	93	membrane	ACVR_1C2B_receptor	complex	protein	P05111	P05111	2754	PMID:22710174;PMID:22991378	Ligand-Receptor	0	complex_component_support_only	0	0	0	0	0		
HGNC:18123	ACVR1C	Q8NER5	ENSG00000123612	130399	membrane_inferred	ACVR_1C2B_receptor	complex	protein	P05111	P05111	2754	PMID:22710174;PMID:22991378	Ligand-Receptor	0	complex_component_support_only	0	0	0	0	0		
HGNC:173	ACVR2A	P27037	ENSG00000121989	92	membrane	ACVR_1A2A_receptor	complex	complex	Inhibin_ligand_A	P05111;P08476	2755	PMID:22710174;PMID:22991378	Ligand-Receptor	0	complex_component_support_only	0	0	0	0	1	7u5p	
HGNC:171	ACVR1	Q04771	ENSG00000115170	90	membrane_inferred	ACVR_1A2A_receptor	complex	complex	Inhibin_ligand_A	P05111;P08476	2755	PMID:22710174;PMID:22991378	Ligand-Receptor	0	complex_component_support_only	0	0	0	0	0		
HGNC:171	ACVR1	Q04771	ENSG00000115170	90	membrane_inferred	ACVR_1A2B_receptor	complex	complex	Inhibin_ligand_A	P05111;P08476	2756	PMID:22710174;PMID:22991378	Ligand-Receptor	0	complex_component_support_only	0	0	0	0	0		
HGNC:174	ACVR2B	Q13705	ENSG00000114739	93	membrane	ACVR_1A2B_receptor	complex	complex	Inhibin_ligand_A	P05111;P08476	2756	PMID:22710174;PMID:22991378	Ligand-Receptor	0	complex_component_support_only	0	0	0	0	1	7oly	
HGNC:173	ACVR2A	P27037	ENSG00000121989	92	membrane	ACVR_1B2A_receptor	complex	complex	Inhibin_ligand_A	P05111;P08476	2757	PMID:22710174;PMID:22991378	Ligand-Receptor	0	complex_component_support_only	0	0	0	0	1	7u5p	
HGNC:172	ACVR1B	P36896	ENSG00000135503	91	membrane	ACVR_1B2A_receptor	complex	complex	Inhibin_ligand_A	P05111;P08476	2757	PMID:22710174;PMID:22991378	Ligand-Receptor	0	complex_component_support_only	0	0	0	0	1	7oly	
HGNC:172	ACVR1B	P36896	ENSG00000135503	91	membrane	ACVR_1B2B_receptor	complex	complex	Inhibin_ligand_A	P05111;P08476	2758	PMID:22710174;PMID:22991378	Ligand-Receptor	0	complex_component_support_only	0	0	0	0	1	7oly	
HGNC:174	ACVR2B	Q13705	ENSG00000114739	93	membrane	ACVR_1B2B_receptor	complex	complex	Inhibin_ligand_A	P05111;P08476	2758	PMID:22710174;PMID:22991378	Ligand-Receptor	0	complex_component_support_only	0	0	0	0	1	7oly	
HGNC:173	ACVR2A	P27037	ENSG00000121989	92	membrane	ACVR_1C2A_receptor	complex	complex	Inhibin_ligand_A	P05111;P08476	2759	PMID:22710174;PMID:22991378	Ligand-Receptor	0	complex_component_support_only	0	0	0	0	1	7u5p	
HGNC:18123	ACVR1C	Q8NER5	ENSG00000123612	130399	membrane_inferred	ACVR_1C2A_receptor	complex	complex	Inhibin_ligand_A	P05111;P08476	2759	PMID:22710174;PMID:22991378	Ligand-Receptor	0	complex_component_support_only	0	0	0	0	0		
HGNC:174	ACVR2B	Q13705	ENSG00000114739	93	membrane	ACVR_1C2B_receptor	complex	complex	Inhibin_ligand_A	P05111;P08476	2760	PMID:22710174;PMID:22991378	Ligand-Receptor	0	complex_component_support_only	0	0	0	0	1	7oly	
HGNC:18123	ACVR1C	Q8NER5	ENSG00000123612	130399	membrane_inferred	ACVR_1C2B_receptor	complex	complex	Inhibin_ligand_A	P05111;P08476	2760	PMID:22710174;PMID:22991378	Ligand-Receptor	0	complex_component_support_only	0	0	0	0	0		
HGNC:173	ACVR2A	P27037	ENSG00000121989	92	membrane	ACVR_1A2A_receptor	complex	complex	Inhibin_ligand_B	P05111;P09529	2761	PMID:22710174;PMID:22991378	Ligand-Receptor	0	complex_component_support_only	0	0	0	0	0		
HGNC:171	ACVR1	Q04771	ENSG00000115170	90	membrane_inferred	ACVR_1A2A_receptor	complex	complex	Inhibin_ligand_B	P05111;P09529	2761	PMID:22710174;PMID:22991378	Ligand-Receptor	0	complex_component_support_only	0	0	0	0	0		
HGNC:171	ACVR1	Q04771	ENSG00000115170	90	membrane_inferred	ACVR_1A2B_receptor	complex	complex	Inhibin_ligand_B	P05111;P09529	2762	PMID:22710174;PMID:22991378	Ligand-Receptor	0	complex_component_support_only	0	0	0	0	0		
HGNC:174	ACVR2B	Q13705	ENSG00000114739	93	membrane	ACVR_1A2B_receptor	complex	complex	Inhibin_ligand_B	P05111;P09529	2762	PMID:22710174;PMID:22991378	Ligand-Receptor	0	complex_component_support_only	0	0	0	0	0		
HGNC:173	ACVR2A	P27037	ENSG00000121989	92	membrane	ACVR_1B2A_receptor	complex	complex	Inhibin_ligand_B	P05111;P09529	2763	PMID:22710174;PMID:22991378	Ligand-Receptor	0	complex_component_support_only	0	0	0	0	0		
HGNC:172	ACVR1B	P36896	ENSG00000135503	91	membrane	ACVR_1B2A_receptor	complex	complex	Inhibin_ligand_B	P05111;P09529	2763	PMID:22710174;PMID:22991378	Ligand-Receptor	0	complex_component_support_only	0	0	0	0	0		
HGNC:172	ACVR1B	P36896	ENSG00000135503	91	membrane	ACVR_1B2B_receptor	complex	complex	Inhibin_ligand_B	P05111;P09529	2764	PMID:22710174;PMID:22991378	Ligand-Receptor	0	complex_component_support_only	0	0	0	0	0		
HGNC:174	ACVR2B	Q13705	ENSG00000114739	93	membrane	ACVR_1B2B_receptor	complex	complex	Inhibin_ligand_B	P05111;P09529	2764	PMID:22710174;PMID:22991378	Ligand-Receptor	0	complex_component_support_only	0	0	0	0	0		
HGNC:173	ACVR2A	P27037	ENSG00000121989	92	membrane	ACVR_1C2A_receptor	complex	complex	Inhibin_ligand_B	P05111;P09529	2765	PMID:22710174;PMID:22991378	Ligand-Receptor	0	complex_component_support_only	0	0	0	0	0		
HGNC:18123	ACVR1C	Q8NER5	ENSG00000123612	130399	membrane_inferred	ACVR_1C2A_receptor	complex	complex	Inhibin_ligand_B	P05111;P09529	2765	PMID:22710174;PMID:22991378	Ligand-Receptor	0	complex_component_support_only	0	0	0	0	0		
HGNC:174	ACVR2B	Q13705	ENSG00000114739	93	membrane	ACVR_1C2B_receptor	complex	complex	Inhibin_ligand_B	P05111;P09529	2766	PMID:22710174;PMID:22991378	Ligand-Receptor	0	complex_component_support_only	0	0	0	0	0		
HGNC:18123	ACVR1C	Q8NER5	ENSG00000123612	130399	membrane_inferred	ACVR_1C2B_receptor	complex	complex	Inhibin_ligand_B	P05111;P09529	2766	PMID:22710174;PMID:22991378	Ligand-Receptor	0	complex_component_support_only	0	0	0	0	0		
HGNC:173	ACVR2A	P27037	ENSG00000121989	92	membrane	P27037	protein	protein	P55103	P55103	2767	PMID:22710174	Ligand-Receptor	1	single_protein_pair	0	0	0	0	0		
HGNC:174	ACVR2B	Q13705	ENSG00000114739	93	membrane	Q13705	protein	protein	P55103	P55103	2768	PMID:22710174	Ligand-Receptor	1	single_protein_pair	0	0	0	0	0		
HGNC:24029	INHBE	P58166	ENSG00000139269	83729	secreted_only	P58166	protein	protein	P27037	P27037	2769	PMID:22710174	Ligand-Receptor	1	single_protein_pair	0	0	0	0	0		
HGNC:173	ACVR2A	P27037	ENSG00000121989	92	membrane	P27037	protein	protein	P58166	P58166	2769	PMID:22710174	Ligand-Receptor	1	single_protein_pair	0	0	0	0	0		
HGNC:24029	INHBE	P58166	ENSG00000139269	83729	secreted_only	P58166	protein	protein	Q13705	Q13705	2770	PMID:22710174	Ligand-Receptor	1	single_protein_pair	0	0	0	0	0		
HGNC:174	ACVR2B	Q13705	ENSG00000114739	93	membrane	Q13705	protein	protein	P58166	P58166	2770	PMID:22710174	Ligand-Receptor	1	single_protein_pair	0	0	0	0	0		
HGNC:9967	RET	P07949	ENSG00000165731	5979	membrane	RET_receptor_1	complex	protein	Q5T4W7	Q5T4W7	2771	uniprot	Ligand-Receptor	0	complex_component_support_only	0	0	0	0	1	6q2s	
HGNC:4243	GFRA1	P56159	ENSG00000151892	2674	membrane	RET_receptor_1	complex	protein	Q5T4W7	Q5T4W7	2771	uniprot	Ligand-Receptor	0	complex_component_support_only	0	0	0	0	0		
HGNC:4245	GFRA3	O60609	ENSG00000146013	2676	membrane	RET_receptor_3	complex	protein	Q5T4W7	Q5T4W7	2772	uniprot	Ligand-Receptor	0	complex_component_support_only	0	0	0	0	1	2gh0;6q2s	
HGNC:9967	RET	P07949	ENSG00000165731	5979	membrane	RET_receptor_3	complex	protein	Q5T4W7	Q5T4W7	2772	uniprot	Ligand-Receptor	0	complex_component_support_only	0	0	0	0	1	6q2s	
HGNC:9967	RET	P07949	ENSG00000165731	5979	membrane	RET_receptor_4	complex	protein	O60542	O60542	2773	uniprot	Ligand-Receptor	0	complex_component_support_only	0	0	0	0	0		
HGNC:13821	GFRA4	Q9GZZ7	ENSG00000125861	64096	membrane_and_secreted	RET_receptor_4	complex	protein	O60542	O60542	2773	uniprot	Ligand-Receptor	0	complex_component_support_only	0	0	0	0	0		
HGNC:6153	ITGB1	P05556	ENSG00000150093	3688	membrane	integrin_aVb1_complex	complex	protein	Q9UHX3	Q9UHX3	2774	uniprot;reactome;IUPHAR	Ligand-Receptor	0	complex_component_support_only	0	0	0	0	0		
HGNC:6150	ITGAV	P06756	ENSG00000138448	3685	membrane	integrin_aVb1_complex	complex	protein	Q9UHX3	Q9UHX3	2774	uniprot;reactome;IUPHAR	Ligand-Receptor	0	complex_component_support_only	0	0	0	0	0		
HGNC:3337	ADGRE2	Q9UHX3	ENSG00000127507	30817	membrane	Q9UHX3	protein	complex	integrin_aVb1_complex	P05556;P06756	2774	uniprot;reactome;IUPHAR	Ligand-Receptor	0	complex_component_support_only	0	0	0	0	0		
HGNC:6153	ITGB1	P05556	ENSG00000150093	3688	membrane	integrin_aVb1_complex	complex	protein	P48960	P48960	2775	uniprot;reactome;IUPHAR	Ligand-Receptor	0	complex_component_support_only	0	0	0	0	0		
HGNC:6150	ITGAV	P06756	ENSG00000138448	3685	membrane	integrin_aVb1_complex	complex	protein	P48960	P48960	2775	uniprot;reactome;IUPHAR	Ligand-Receptor	0	complex_component_support_only	0	0	0	0	0		
HGNC:1711	ADGRE5	P48960	ENSG00000123146	976	membrane_and_secreted	P48960	protein	complex	integrin_aVb1_complex	P05556;P06756	2775	uniprot;reactome;IUPHAR	Ligand-Receptor	0	complex_component_support_only	0	0	0	0	0		
HGNC:6156	ITGB3	P05106	ENSG00000259207	3690	membrane	integrin_aVb3_complex	complex	protein	Q96PE1	Q96PE1	2776	uniprot;reactome;IUPHAR	Ligand-Receptor	0	complex_component_support_only	0	0	0	0	0		
HGNC:6150	ITGAV	P06756	ENSG00000138448	3685	membrane	integrin_aVb3_complex	complex	protein	Q96PE1	Q96PE1	2776	uniprot;reactome;IUPHAR	Ligand-Receptor	0	complex_component_support_only	0	0	0	0	0		
HGNC:17849	ADGRA2	Q96PE1	ENSG00000020181	25960	membrane	Q96PE1	protein	complex	integrin_aVb3_complex	P05106;P06756	2776	uniprot;reactome;IUPHAR	Ligand-Receptor	0	complex_component_support_only	0	0	0	0	0		
HGNC:6156	ITGB3	P05106	ENSG00000259207	3690	membrane	integrin_aVb3_complex	complex	protein	Q9UHX3	Q9UHX3	2777	uniprot;reactome;IUPHAR	Ligand-Receptor	0	complex_component_support_only	0	0	0	0	0		
HGNC:6150	ITGAV	P06756	ENSG00000138448	3685	membrane	integrin_aVb3_complex	complex	protein	Q9UHX3	Q9UHX3	2777	uniprot;reactome;IUPHAR	Ligand-Receptor	0	complex_component_support_only	0	0	0	0	0		
HGNC:3337	ADGRE2	Q9UHX3	ENSG00000127507	30817	membrane	Q9UHX3	protein	complex	integrin_aVb3_complex	P05106;P06756	2777	uniprot;reactome;IUPHAR	Ligand-Receptor	0	complex_component_support_only	0	0	0	0	0		
HGNC:6156	ITGB3	P05106	ENSG00000259207	3690	membrane	integrin_aVb3_complex	complex	protein	P48960	P48960	2778	uniprot;reactome;IUPHAR	Ligand-Receptor	0	complex_component_support_only	0	0	0	0	0		
HGNC:6150	ITGAV	P06756	ENSG00000138448	3685	membrane	integrin_aVb3_complex	complex	protein	P48960	P48960	2778	uniprot;reactome;IUPHAR	Ligand-Receptor	0	complex_component_support_only	0	0	0	0	0		
HGNC:1711	ADGRE5	P48960	ENSG00000123146	976	membrane_and_secreted	P48960	protein	complex	integrin_aVb3_complex	P05106;P06756	2778	uniprot;reactome;IUPHAR	Ligand-Receptor	0	complex_component_support_only	0	0	0	0	0		
HGNC:6150	ITGAV	P06756	ENSG00000138448	3685	membrane	integrin_aVb5_complex	complex	protein	O14514	O14514	2779	uniprot;reactome;IUPHAR	Ligand-Receptor	0	complex_component_support_only	0	0	0	0	0		
HGNC:6160	ITGB5	P18084	ENSG00000082781	3693	membrane	integrin_aVb5_complex	complex	protein	O14514	O14514	2779	uniprot;reactome;IUPHAR	Ligand-Receptor	0	complex_component_support_only	0	0	0	0	0		
HGNC:943	ADGRB1	O14514	ENSG00000181790	575	membrane_and_secreted	O14514	protein	complex	integrin_aVb5_complex	P06756;P18084	2779	uniprot;reactome;IUPHAR	Ligand-Receptor	0	complex_component_support_only	0	0	0	0	0		
HGNC:24041	ADIPOR2	Q86V24	ENSG00000006831	79602	membrane	ADR_complex	complex	protein	Q15848	Q15848	2780	reactome	Ligand-Receptor	0	complex_component_support_only	0	0	0	0	0		
HGNC:24040	ADIPOR1	Q96A54	ENSG00000159346	51094	membrane	ADR_complex	complex	protein	Q15848	Q15848	2780	reactome	Ligand-Receptor	0	complex_component_support_only	0	0	0	0	0		
HGNC:3621	FCGRT	P55899	ENSG00000104870	2217	membrane	FcRn_complex	complex	protein	P02768	P02768	2781	PDB:4n0;PDB:4k7	Ligand-Receptor	0	complex_component_support_only	0	0	0	0	1	4k71;4n0f;4n0u;6qio;6qip	
HGNC:914	B2M	P61769	ENSG00000166710	567	membrane_and_secreted	FcRn_complex	complex	protein	P02768	P02768	2781	PDB:4n0;PDB:4k7	Ligand-Receptor	0	complex_component_support_only	0	0	0	0	0		
HGNC:400	ALCAM	Q13740	ENSG00000170017	214	membrane_and_secreted	Q13740	protein	protein	P30203	P30203	2782	Reviewed_in_PMID:23602662	Ligand-Receptor	1	single_protein_pair	0	0	0	0	0		
HGNC:1691	CD6	P30203	ENSG00000013725	923	membrane_and_secreted	P30203	protein	protein	Q13740	Q13740	2782	Reviewed_in_PMID:23602662	Ligand-Receptor	1	single_protein_pair	0	0	0	0	0		
HGNC:1635	CD1B	P29016	ENSG00000158485	910	membrane	CD1B_complex	complex	protein	P40189	P40189	2783	Shilts screen - VALIDATED	Ligand-Receptor	0	complex_component_support_only	0	0	0	0	0		
HGNC:914	B2M	P61769	ENSG00000166710	567	membrane_and_secreted	CD1B_complex	complex	protein	P40189	P40189	2783	Shilts screen - VALIDATED	Ligand-Receptor	0	complex_component_support_only	0	0	0	0	0		
HGNC:6021	IL6ST	P40189	ENSG00000134352	3572	membrane_and_secreted	P40189	protein	complex	CD1B_complex	P29016;P61769	2783	Shilts screen - VALIDATED	Ligand-Receptor	0	complex_component_support_only	0	0	0	0	0		
HGNC:19077	NCR3	O14931	ENSG00000204475	259197	membrane	O14931	protein	protein	P46379	P46379	2784	activating_interaction_from_uniprot	Ligand-Receptor	1	single_protein_pair	0	0	1	1	0		pubmed:18852879|imex:IM-25767;pubmed:22807449|imex:IM-26120
HGNC:1119	BST2	Q10589	ENSG00000130303	684	membrane	Q10589	protein	protein	P59901	P59901	2785	PMID:19564354	Ligand-Receptor	1	single_protein_pair	0	0	1	1	0		pubmed:19564354|imex:IM-25724;pubmed:35922511|imex:IM-30342
HGNC:15503	LILRA4	P59901	ENSG00000239961	23547	membrane	P59901	protein	protein	Q10589	Q10589	2785	PMID:19564354	Ligand-Receptor	1	single_protein_pair	0	0	1	1	0		pubmed:19564354|imex:IM-25724
HGNC:1543	CBLN1	P23435	ENSG00000102924	869	membrane_and_secreted	NRXN1_CBLN1_complex	complex	protein	O43424	O43424	2786	uniprot;reactome;IUPHAR	Ligand-Receptor	0	complex_component_support_only	0	0	0	0	0		
HGNC:8008	NRXN1	P58400	ENSG00000179915	9378	membrane	NRXN1_CBLN1_complex	complex	protein	O43424	O43424	2786	uniprot;reactome;IUPHAR	Ligand-Receptor	0	complex_component_support_only	0	0	0	0	0		
HGNC:4576	GRID2	O43424	ENSG00000152208	2895	membrane	O43424	protein	complex	NRXN1_CBLN1_complex	P23435;P58400	2786	uniprot;reactome;IUPHAR	Ligand-Receptor	0	complex_component_support_only	0	0	0	0	1	5kca	
HGNC:1637	CD1D	P15813	ENSG00000158473	912	membrane	P15813	protein	protein	Q8N423	Q8N423	2787	PMID:19124746	Ligand-Receptor	1	single_protein_pair	0	0	0	0	0		
HGNC:6606	LILRB2	Q8N423	ENSG00000131042	10288	membrane	Q8N423	protein	protein	P15813	P15813	2787	PMID:19124746	Ligand-Receptor	1	single_protein_pair	0	0	0	0	0		
HGNC:7203	CD200	P41217	ENSG00000091972	4345	membrane	P41217	protein	protein	Q8TD46	Q8TD46	2788	PMID:22020332;also_called_CD200_CD200R	Ligand-Receptor	1	single_protein_pair	0	0	1	1	0		pubmed:32822567|imex:IM-30326
HGNC:24235	CD200R1	Q8TD46	ENSG00000163606	131450	membrane_and_secreted	Q8TD46	protein	protein	P41217	P41217	2788	PMID:22020332;also_called_CD200_CD200R	Ligand-Receptor	1	single_protein_pair	0	0	1	1	0		pubmed:32822567|imex:IM-30326
HGNC:16961	CD226	Q15762	ENSG00000150637	10666	membrane	Q15762	protein	protein	Q92692	Q92692	2789	integrin_activating_interaction_PMID:15607800;NK_cell_cytotoxicity._PMID:24440149	Adhesion-Adhesion	1	single_protein_pair	0	0	0	0	0		
HGNC:9707	NECTIN2	Q92692	ENSG00000130202	5819	membrane	Q92692	protein	protein	Q15762	Q15762	2789	integrin_activating_interaction_PMID:15607800;NK_cell_cytotoxicity._PMID:24440149	Adhesion-Adhesion	1	single_protein_pair	0	0	0	0	0		
HGNC:1645	CD24	P25063	ENSG00000272398	100133941	membrane	P25063	protein	protein	P16109	P16109	2790	PMID:9129046	Ligand-Receptor	1	single_protein_pair	0	0	0	0	0		
HGNC:10721	SELP	P16109	ENSG00000174175	6403	membrane	P16109	protein	protein	P25063	P25063	2790	PMID:9129046	Ligand-Receptor	1	single_protein_pair	0	0	0	0	0		
HGNC:18219	CD248	Q9HCU0	ENSG00000174807	57124	membrane_inferred	Q9HCU0	protein	protein	P08887	P08887	2791	Shilts screen - VALIDATED	Ligand-Receptor	1	single_protein_pair	0	0	0	0	0		
HGNC:6019	IL6R	P08887	ENSG00000160712	3570	membrane_and_secreted	P08887	protein	protein	Q9HCU0	Q9HCU0	2791	Shilts screen - VALIDATED	Ligand-Receptor	1	single_protein_pair	0	0	0	0	0		
HGNC:17635	CD274	Q9NZQ7	ENSG00000120217	29126	membrane_and_secreted	Q9NZQ7	protein	protein	P33681	P33681	2792	PMID:17629517;PMID:18585785;PMC3168865	Ligand-Receptor	1	single_protein_pair	1	1	1	1	0	7tps	pubmed:32822567|imex:IM-30326
HGNC:1700	CD80	P33681	ENSG00000121594	941	membrane	P33681	protein	protein	Q9NZQ7	Q9NZQ7	2792	PMID:17629517;PMID:18585785;PMC3168865	Ligand-Receptor	1	single_protein_pair	1	1	1	1	0	7tps	pubmed:18585785|imex:IM-25811;pubmed:20587542|imex:IM-26317;pubmed:32822567|imex:IM-30326
HGNC:17635	CD274	Q9NZQ7	ENSG00000120217	29126	membrane_and_secreted	Q9NZQ7	protein	protein	Q15116	Q15116	2793	integrin_antigen_stimulated_T_cells_become_anergic._PMID:23954143	Ligand-Receptor	1	single_protein_pair	1	1	1	1	0	4zqk	pubmed:32822567|imex:IM-30326
HGNC:8760	PDCD1	Q15116	ENSG00000188389	5133	membrane	Q15116	protein	protein	Q9NZQ7	Q9NZQ7	2793	integrin_antigen_stimulated_T_cells_become_anergic._PMID:23954143	Ligand-Receptor	1	single_protein_pair	1	1	1	1	0	4zqk;5ius	pubmed:23417675|imex:IM-26316
HGNC:19137	CD276	Q5ZPR3	ENSG00000103855	80381	membrane_inferred	Q5ZPR3	protein	protein	Q5T2D2	Q5T2D2	2794	uniprot	Ligand-Receptor	1	single_protein_pair	0	0	0	0	0		
HGNC:21092	TREML2	Q5T2D2	ENSG00000112195	79865	membrane	Q5T2D2	protein	protein	Q5ZPR3	Q5ZPR3	2794	uniprot	Ligand-Receptor	1	single_protein_pair	0	0	0	0	0		
HGNC:16692	CD320	Q9NPF0	ENSG00000167775	51293	membrane	Q9NPF0	protein	protein	Q86YT9	Q86YT9	2795	Shilts screen - VALIDATED	Ligand-Receptor	1	single_protein_pair	0	0	0	0	0		
HGNC:19084	JAML	Q86YT9	ENSG00000160593	120425	membrane	Q86YT9	protein	protein	Q9NPF0	Q9NPF0	2795	Shilts screen - VALIDATED	Ligand-Receptor	1	single_protein_pair	0	0	0	0	0		
HGNC:1662	CD34	P28906	ENSG00000174059	947	membrane_inferred	P28906	protein	protein	P14151	P14151	2796	PMID:7692600;PMID:8977216	Ligand-Receptor	1	single_protein_pair	0	0	0	0	0		
HGNC:10720	SELL	P14151	ENSG00000188404	6402	membrane	P14151	protein	protein	P28906	P28906	2796	PMID:7692600;PMID:8977216	Ligand-Receptor	1	single_protein_pair	0	0	0	0	0		
HGNC:1662	CD34	P28906	ENSG00000174059	947	membrane_inferred	P28906	protein	protein	P16109	P16109	2797	PMID:18606703	Ligand-Receptor	1	single_protein_pair	0	0	0	0	0		
HGNC:10721	SELP	P16109	ENSG00000174175	6403	membrane	P16109	protein	protein	P28906	P28906	2797	PMID:18606703	Ligand-Receptor	1	single_protein_pair	0	0	0	0	0		
HGNC:11935	CD40LG	P29965	ENSG00000102245	959	membrane_and_secreted	P29965	protein	protein	P25942	P25942	2798	Reviewed_in_PMID:23602662	Ligand-Receptor	1	single_protein_pair	1	1	1	1	0	3qd6	pubmed:35922511|imex:IM-30342
HGNC:11919	CD40	P25942	ENSG00000101017	958	membrane_and_secreted	P25942	protein	protein	P29965	P29965	2798	Reviewed_in_PMID:23602662	Ligand-Receptor	1	single_protein_pair	1	1	1	1	0	3qd6	pubmed:35922511|imex:IM-30342
HGNC:11935	CD40LG	P29965	ENSG00000102245	959	membrane_and_secreted	P29965	protein	complex	integrin_a2Bb3_complex	P05106;P08514	2799	PMID:11875495	Ligand-Receptor	0	complex_component_support_only	0	0	0	0	0		
HGNC:6156	ITGB3	P05106	ENSG00000259207	3690	membrane	integrin_a2Bb3_complex	complex	protein	P29965	P29965	2799	PMID:11875495	Ligand-Receptor	0	complex_component_support_only	0	0	0	0	0		
HGNC:6138	ITGA2B	P08514	ENSG00000005961	3674	membrane	integrin_a2Bb3_complex	complex	protein	P29965	P29965	2799	PMID:11875495	Ligand-Receptor	0	complex_component_support_only	0	0	0	0	0		
HGNC:11935	CD40LG	P29965	ENSG00000102245	959	membrane_and_secreted	P29965	protein	complex	integrin_a5b1_complex	P05556;P08648	2800	PMC3365732	Ligand-Receptor	0	complex_component_support_only	0	0	0	0	0		
HGNC:6153	ITGB1	P05556	ENSG00000150093	3688	membrane	integrin_a5b1_complex	complex	protein	P29965	P29965	2800	PMC3365732	Ligand-Receptor	0	complex_component_support_only	0	0	0	0	0		
HGNC:6141	ITGA5	P08648	ENSG00000161638	3678	membrane	integrin_a5b1_complex	complex	protein	P29965	P29965	2800	PMC3365732	Ligand-Receptor	0	complex_component_support_only	0	0	0	0	0		
HGNC:1681	CD44	P16070	ENSG00000026508	960	membrane_and_secreted	P16070	protein	protein	P16581	P16581	2801	PMC4571854	Ligand-Receptor	1	single_protein_pair	0	0	0	0	0		
HGNC:10718	SELE	P16581	ENSG00000007908	6401	membrane	P16581	protein	protein	P16070	P16070	2801	PMC4571854	Ligand-Receptor	1	single_protein_pair	0	0	0	0	0		
HGNC:1682	CD47	Q08722	ENSG00000196776	961	membrane	Q08722	protein	complex	SIRB1_complex	O00241;O43914	2802	2jjs;PDB_partially	Receptor-Receptor	0	complex_component_support_only	0	0	0	0	0		
HGNC:15928	SIRPB1	O00241	ENSG00000101307	10326	membrane	SIRB1_complex	complex	protein	Q08722	Q08722	2802	2jjs;PDB_partially	Receptor-Receptor	0	complex_component_support_only	0	0	0	0	0		
HGNC:12449	TYROBP	O43914	ENSG00000011600	7305	membrane	SIRB1_complex	complex	protein	Q08722	Q08722	2802	2jjs;PDB_partially	Receptor-Receptor	0	complex_component_support_only	0	0	0	0	0		
HGNC:1683	CD48	P09326	ENSG00000117091	962	membrane_and_secreted	P09326	protein	protein	Q9BZW8	Q9BZW8	2803	activating_interaction._uniprot_&_PMID:26697006	Ligand-Receptor	1	single_protein_pair	0	0	1	1	0		pubmed:15153464|imex:IM-25783;pubmed:16002700|imex:IM-24983
HGNC:18171	CD244	Q9BZW8	ENSG00000122223	51744	membrane	Q9BZW8	protein	protein	P09326	P09326	2803	activating_interaction._uniprot_&_PMID:26697006	Ligand-Receptor	1	single_protein_pair	0	0	0	0	0		
HGNC:1804	CD52	P31358	ENSG00000169442	1043	membrane	P31358	protein	protein	Q96LC7	Q96LC7	2804	PMID:23685786	Ligand-Receptor	1	single_protein_pair	0	0	0	0	0		
HGNC:15620	SIGLEC10	Q96LC7	ENSG00000142512	89790	membrane_and_secreted	Q96LC7	protein	protein	P31358	P31358	2804	PMID:23685786	Ligand-Receptor	1	single_protein_pair	0	0	0	0	0		
HGNC:2665	CD55	P08174	ENSG00000196352	1604	membrane_and_secreted	P08174	protein	protein	P48960	P48960	2805	PMID:11297558	Ligand-Receptor	1	single_protein_pair	1	0	0	0	0		
HGNC:1711	ADGRE5	P48960	ENSG00000123146	976	membrane_and_secreted	P48960	protein	protein	P08174	P08174	2805	PMID:11297558	Ligand-Receptor	1	single_protein_pair	1	1	1	1	0	7do4	pubmed:11297558|imex:IM-28625
HGNC:1688	CD58	P19256	ENSG00000116815	965	membrane	P19256	protein	protein	P06729	P06729	2806	Reviewed_in_PMID:23602662	Ligand-Receptor	1	single_protein_pair	1	1	1	1	0	1qa9	pubmed:32822567|imex:IM-30326
HGNC:1639	CD2	P06729	ENSG00000116824	914	membrane	P06729	protein	protein	P19256	P19256	2806	Reviewed_in_PMID:23602662	Ligand-Receptor	1	single_protein_pair	1	1	1	1	0	1qa9	pubmed:32822567|imex:IM-30326
HGNC:11937	CD70	P32970	ENSG00000125726	970	membrane	P32970	protein	protein	P26842	P26842	2807	activating_interaction_for_NK_and_T_cells._uniprot_&_PMID:26697006	Ligand-Receptor	1	single_protein_pair	1	1	1	1	0	7kx0	pubmed:32822567|imex:IM-30326
HGNC:11922	CD27	P26842	ENSG00000139193	939	membrane	P26842	protein	protein	P32970	P32970	2807	activating_interaction_for_NK_and_T_cells._uniprot_&_PMID:26697006	Ligand-Receptor	1	single_protein_pair	1	1	1	1	0	7kx0	pubmed:32822567|imex:IM-30326
HGNC:1700	CD80	P33681	ENSG00000121594	941	membrane	P33681	protein	protein	P10747	P10747	2808	antigen_stimulated_T_cells_become_activated._Reviewed_in_PMID:23954143	Ligand-Receptor	1	single_protein_pair	0	0	1	1	0		pubmed:32822567|imex:IM-30326
HGNC:1653	CD28	P10747	ENSG00000178562	940	membrane	P10747	protein	protein	P33681	P33681	2808	antigen_stimulated_T_cells_become_activated._Reviewed_in_PMID:23954143	Ligand-Receptor	1	single_protein_pair	0	0	1	1	0		pubmed:32822567|imex:IM-30326
HGNC:1700	CD80	P33681	ENSG00000121594	941	membrane	P33681	protein	protein	P16410	P16410	2809	integrin_antigen_stimulated_T_cells_become_anergic._Reviewed_in_PMID:23954143	Ligand-Receptor	1	single_protein_pair	1	1	1	1	0	1i8l	pubmed:20587542|imex:IM-26317;pubmed:32822567|imex:IM-30326
HGNC:2505	CTLA4	P16410	ENSG00000163599	1493	membrane	P16410	protein	protein	P33681	P33681	2809	integrin_antigen_stimulated_T_cells_become_anergic._Reviewed_in_PMID:23954143	Ligand-Receptor	1	single_protein_pair	1	1	1	1	0	1i8l	pubmed:32822567|imex:IM-30326
HGNC:1700	CD80	P33681	ENSG00000121594	941	membrane	P33681	protein	protein	P08138	P08138	2810	Shilts screen - VALIDATED	Ligand-Receptor	1	single_protein_pair	0	0	1	1	0		pubmed:32822567|imex:IM-30326
HGNC:7809	NGFR	P08138	ENSG00000064300	4804	membrane	P08138	protein	protein	P33681	P33681	2810	Shilts screen - VALIDATED	Ligand-Receptor	1	single_protein_pair	0	0	1	1	0		pubmed:32822567|imex:IM-30326
HGNC:1705	CD86	P42081	ENSG00000114013	942	membrane	P42081	protein	protein	P10747	P10747	2811	integrin_antigen_stimulated_T_cells_become_activated._Reviewed_in_PMID:23954143	Ligand-Receptor	1	single_protein_pair	0	0	1	1	0		pubmed:32822567|imex:IM-30326
HGNC:1653	CD28	P10747	ENSG00000178562	940	membrane	P10747	protein	protein	P42081	P42081	2811	integrin_antigen_stimulated_T_cells_become_activated._Reviewed_in_PMID:23954143	Ligand-Receptor	1	single_protein_pair	0	0	1	1	0		pubmed:32822567|imex:IM-30326
HGNC:1705	CD86	P42081	ENSG00000114013	942	membrane	P42081	protein	protein	P16410	P16410	2812	antigen_stimulated_T_cells_become_anergic._Reviewed_in_PMID:23954143	Ligand-Receptor	1	single_protein_pair	1	1	1	1	0	1i85	pubmed:32822567|imex:IM-30326
HGNC:2505	CTLA4	P16410	ENSG00000163599	1493	membrane	P16410	protein	protein	P42081	P42081	2812	antigen_stimulated_T_cells_become_anergic._Reviewed_in_PMID:23954143	Ligand-Receptor	1	single_protein_pair	1	1	1	1	0	1i85	pubmed:32822567|imex:IM-30326
HGNC:15855	CD93	Q9NPY3	ENSG00000125810	22918	membrane	Q9NPY3	protein	protein	P15260	P15260	2813	Shilts screen - VALIDATED	Ligand-Receptor	1	single_protein_pair	0	0	0	0	0		
HGNC:5439	IFNGR1	P15260	ENSG00000027697	3459	membrane	P15260	protein	protein	Q9NPY3	Q9NPY3	2813	Shilts screen - VALIDATED	Ligand-Receptor	1	single_protein_pair	0	0	0	0	0		
HGNC:16892	CD96	P40200	ENSG00000153283	10225	membrane_inferred	P40200	protein	protein	Q15223	Q15223	2814	PMID:17971293	Receptor-Receptor	1	single_protein_pair	0	0	0	0	0		
HGNC:9706	NECTIN1	Q15223	ENSG00000110400	5818	membrane_and_secreted	Q15223	protein	protein	P40200	P40200	2814	PMID:17971293	Receptor-Receptor	1	single_protein_pair	0	0	0	0	0		
HGNC:7082	CD99	P14209	ENSG00000002586	4267	membrane_inferred	P14209	protein	protein	Q9UKJ1	Q9UKJ1	2815	PMID:18234675	Ligand-Receptor	1	single_protein_pair	0	0	0	0	0		
HGNC:20396	PILRA	Q9UKJ1	ENSG00000085514	29992	membrane_and_secreted	Q9UKJ1	protein	protein	P14209	P14209	2815	PMID:18234675	Ligand-Receptor	1	single_protein_pair	0	0	0	0	0		
HGNC:1939	CHL1	O00533	ENSG00000134121	10752	membrane_and_secreted	O00533	protein	protein	O00533	O00533	2816	Shilts screen - VALIDATED	Adhesion-Adhesion	0	self_interface_not_audited	0	0	0	0	0		
HGNC:1939	CHL1	O00533	ENSG00000134121	10752	membrane_and_secreted	O00533	protein	protein	P32004	P32004	2817	Shilts screen - VALIDATED	Adhesion-Adhesion	1	single_protein_pair	0	0	1	1	0		pubmed:32822567|imex:IM-30326
HGNC:6470	L1CAM	P32004	ENSG00000198910	3897	membrane	P32004	protein	protein	O00533	O00533	2817	Shilts screen - VALIDATED	Adhesion-Adhesion	1	single_protein_pair	0	0	1	1	0		pubmed:32822567|imex:IM-30326
HGNC:2170	CNTFR	P26992	ENSG00000122756	1271	membrane_and_secreted	CNTF_1R	complex	protein	Q9UBD9	Q9UBD9	2818	uniprot	Ligand-Receptor	0	complex_component_support_only	0	0	0	0	1	8d7h;8d7r	
HGNC:6021	IL6ST	P40189	ENSG00000134352	3572	membrane_and_secreted	CNTF_1R	complex	protein	Q9UBD9	Q9UBD9	2818	uniprot	Ligand-Receptor	0	complex_component_support_only	0	0	0	0	1	8d7r	
HGNC:6597	LIFR	P42702	ENSG00000113594	3977	membrane_and_secreted	CNTF_1R	complex	protein	Q9UBD9	Q9UBD9	2818	uniprot	Ligand-Receptor	0	complex_component_support_only	0	0	0	0	1	8d7r	
HGNC:2095	CLU	P10909	ENSG00000120885	1191	secreted_only	P10909	protein	complex	TREM2_receptor	O43914;Q9NZC2	2819	uniprot;PMID:27477014	Ligand-Receptor	0	complex_component_support_only	0	0	0	0	0		
HGNC:12449	TYROBP	O43914	ENSG00000011600	7305	membrane	TREM2_receptor	complex	protein	P10909	P10909	2819	uniprot;PMID:27477014	Ligand-Receptor	0	complex_component_support_only	0	0	0	0	0		
HGNC:17761	TREM2	Q9NZC2	ENSG00000095970	54209	membrane_and_secreted	TREM2_receptor	complex	protein	P10909	P10909	2819	uniprot;PMID:27477014	Ligand-Receptor	0	complex_component_support_only	0	0	0	0	0		
HGNC:2170	CNTFR	P26992	ENSG00000122756	1271	membrane_and_secreted	CNTF_1R	complex	protein	P26441	P26441	2820	uniprot	Ligand-Receptor	0	complex_component_support_only	0	0	0	0	1	8d74	
HGNC:6021	IL6ST	P40189	ENSG00000134352	3572	membrane_and_secreted	CNTF_1R	complex	protein	P26441	P26441	2820	uniprot	Ligand-Receptor	0	complex_component_support_only	0	0	0	0	1	8d74	
HGNC:6597	LIFR	P42702	ENSG00000113594	3977	membrane_and_secreted	CNTF_1R	complex	protein	P26441	P26441	2820	uniprot	Ligand-Receptor	0	complex_component_support_only	0	0	0	0	1	8d74	
HGNC:2171	CNTN1	Q12860	ENSG00000018236	1272	membrane	Q12860	protein	protein	P43121	P43121	2821	Shilts screen - VALIDATED	Adhesion-Adhesion	1	single_protein_pair	0	0	0	0	0		
HGNC:6934	MCAM	P43121	ENSG00000076706	4162	membrane_inferred	P43121	protein	protein	Q12860	Q12860	2821	Shilts screen - VALIDATED	Adhesion-Adhesion	1	single_protein_pair	0	0	1	1	0		pubmed:32822567|imex:IM-30326
HGNC:2171	CNTN1	Q12860	ENSG00000018236	1272	membrane	Q12860	protein	protein	Q92823	Q92823	2822	Shilts screen - VALIDATED	Adhesion-Adhesion	1	single_protein_pair	0	0	0	0	0		
HGNC:7994	NRCAM	Q92823	ENSG00000091129	4897	membrane_and_secreted	Q92823	protein	protein	Q12860	Q12860	2822	Shilts screen - VALIDATED	Adhesion-Adhesion	1	single_protein_pair	0	0	1	1	0		pubmed:32822567|imex:IM-30326
HGNC:14281	CRLF2	Q9HC73	ENSG00000205755	64109	membrane_and_secreted	Q9HC73	protein	complex	TSLPR	P16871;Q9HC73	2823	DOI_10.1038ncomms14937	Receptor-Receptor	0	complex_component_support_only	0	0	0	0	1	5j11	
HGNC:6024	IL7R	P16871	ENSG00000168685	3575	membrane_and_secreted	TSLPR	complex	protein	Q9HC73	Q9HC73	2823	DOI_10.1038ncomms14937	Receptor-Receptor	0	complex_component_support_only	0	0	0	0	1	5j11	
HGNC:14281	CRLF2	Q9HC73	ENSG00000205755	64109	membrane_and_secreted	TSLPR	complex	protein	Q9HC73	Q9HC73	2823	DOI_10.1038ncomms14937	Receptor-Receptor	0	complex_component_support_only	0	0	0	0	0		
HGNC:24313	CRTAM	O95727	ENSG00000109943	56253	membrane	O95727	protein	protein	Q9BY67	Q9BY67	2824	uniprot	Adhesion-Adhesion	1	single_protein_pair	1	1	1	1	0	4h5s	pubmed:23871486|imex:IM-21559;pubmed:32822567|imex:IM-30326
HGNC:5951	CADM1	Q9BY67	ENSG00000182985	23705	membrane	Q9BY67	protein	protein	O95727	O95727	2824	uniprot	Adhesion-Adhesion	1	single_protein_pair	1	1	1	1	0	4h5s	pubmed:32822567|imex:IM-30326
HGNC:2466	CSPG4	Q6UVK1	ENSG00000173546	1464	membrane	Q6UVK1	protein	complex	integrin_a3b1_complex	P05556;P26006	2825	uniprot	Ligand-Receptor	0	complex_component_support_only	0	0	0	0	0		
HGNC:6153	ITGB1	P05556	ENSG00000150093	3688	membrane	integrin_a3b1_complex	complex	protein	Q6UVK1	Q6UVK1	2825	uniprot	Ligand-Receptor	0	complex_component_support_only	0	0	0	0	0		
HGNC:6139	ITGA3	P26006	ENSG00000005884	3675	membrane	integrin_a3b1_complex	complex	protein	Q6UVK1	Q6UVK1	2825	uniprot	Ligand-Receptor	0	complex_component_support_only	0	0	0	0	0		
HGNC:3416	EPOR	P19235	ENSG00000187266	2057	membrane_and_secreted	P19235	protein	protein	P01588	P01588	2826	uniprot	Ligand-Receptor	1	single_protein_pair	1	1	1	1	0	1cn4;1eer	pubmed:26481148|imex:IM-25004;pubmed:9774108|imex:IM-24309
HGNC:17216	ERVH48-1	M5A8F1	ENSG00000233056	90625	secreted_only	M5A8F1	protein	protein	Q15758	Q15758	2827	uniprot	Ligand-Receptor	1	single_protein_pair	0	0	0	0	0		
HGNC:10943	SLC1A5	Q15758	ENSG00000105281	6510	membrane	Q15758	protein	protein	M5A8F1	M5A8F1	2827	uniprot	Ligand-Receptor	1	single_protein_pair	0	0	0	0	0		
HGNC:17474	ESAM	Q96AP7	ENSG00000149564	90952	membrane	Q96AP7	protein	protein	Q96AP7	Q96AP7	2828	PMID:11279107	Adhesion-Adhesion	0	self_interface_not_audited	0	0	0	0	0		
HGNC:6153	ITGB1	P05556	ENSG00000150093	3688	membrane	integrin_a5b1_complex	complex	protein	P35555	P35555	2829	uniprot	Ligand-Receptor	0	complex_component_support_only	0	0	0	0	0		
HGNC:6141	ITGA5	P08648	ENSG00000161638	3678	membrane	integrin_a5b1_complex	complex	protein	P35555	P35555	2829	uniprot	Ligand-Receptor	0	complex_component_support_only	0	0	0	0	0		
HGNC:3691	FGFR4	P22455	ENSG00000160867	2264	membrane_and_secreted	P22455	protein	protein	Q03167	Q03167	2830	Shilts screen - VALIDATED	Receptor-Receptor	1	single_protein_pair	0	0	0	0	0		
HGNC:11774	TGFBR3	Q03167	ENSG00000069702	7049	membrane_and_secreted	Q03167	protein	protein	P22455	P22455	2830	Shilts screen - VALIDATED	Receptor-Receptor	1	single_protein_pair	0	0	0	0	0		
HGNC:3766	FLT3LG	P49771	ENSG00000090554	2323	membrane_and_secreted	P49771	protein	protein	P36888	P36888	2831	uniprot	Ligand-Receptor	1	single_protein_pair	1	1	0	1	0	3qs7;3qs9;7qdp;7zv9	
HGNC:3765	FLT3	P36888	ENSG00000122025	2322	membrane_inferred	P36888	protein	protein	P49771	P49771	2831	uniprot	Ligand-Receptor	1	single_protein_pair	1	1	0	1	0	3qs7;3qs9;7qdp;7zv9	
HGNC:3969	FSHR	P23945	ENSG00000170820	2492	membrane	P23945	protein	protein	P01225	P01225	2832	uniprot;reactome;IUPHAR	Ligand-Receptor	1	single_protein_pair	1	1	0	1	0	1xwd;4ay9;4mqw;8i2g	
HGNC:28701	SCARA5	Q6ZMJ2	ENSG00000168079	286133	membrane	Q6ZMJ2	protein	protein	P02794	P02794	2833	uniprot	Ligand-Receptor	1	single_protein_pair	0	0	0	0	0		
HGNC:3999	FTL	P02792	ENSG00000087086	2512	other_or_uncertain	P02792	protein	protein	Q6ZMJ2	Q6ZMJ2	2834	uniprot	Ligand-Receptor	1	single_protein_pair	0	0	0	0	0		
HGNC:28701	SCARA5	Q6ZMJ2	ENSG00000168079	286133	membrane	Q6ZMJ2	protein	protein	P02792	P02792	2834	uniprot	Ligand-Receptor	1	single_protein_pair	0	0	0	0	0		
HGNC:9967	RET	P07949	ENSG00000165731	5979	membrane	RET_receptor_1	complex	protein	P39905	P39905	2835	uniprot	Ligand-Receptor	0	complex_component_support_only	0	0	0	0	1	6q2n	
HGNC:4243	GFRA1	P56159	ENSG00000151892	2674	membrane	RET_receptor_1	complex	protein	P39905	P39905	2835	uniprot	Ligand-Receptor	0	complex_component_support_only	0	0	0	0	1	6q2n	
HGNC:4439	GP1BA	P07359	ENSG00000185245	2811	membrane_inferred	P07359	protein	complex	integrin_aMb2_complex	P05107;P11215	2836	PMC2194217	Ligand-Receptor	0	complex_component_support_only	0	0	0	0	0		
HGNC:6155	ITGB2	P05107	ENSG00000160255	3689	membrane	integrin_aMb2_complex	complex	protein	P07359	P07359	2836	PMC2194217	Ligand-Receptor	0	complex_component_support_only	0	0	0	0	0		
HGNC:6149	ITGAM	P11215	ENSG00000169896	3684	membrane	integrin_aMb2_complex	complex	protein	P07359	P07359	2836	PMC2194217	Ligand-Receptor	0	complex_component_support_only	0	0	0	0	0		
HGNC:18055	GPHB5	Q86YW7	ENSG00000179600	122876	secreted_only	Thyrostimulin	complex	protein	P16473	P16473	2837	uniprot;HMRbase;reactome	Ligand-Receptor	0	complex_component_support_only	0	0	0	0	0		
HGNC:12373	TSHR	P16473	ENSG00000165409	7253	membrane	P16473	protein	complex	Thyrostimulin	Q86YW7;Q96T91	2837	uniprot;HMRbase;reactome	Ligand-Receptor	0	complex_component_support_only	0	0	0	0	0		
HGNC:3828	FPR3	P25089	ENSG00000187474	2359	membrane	P25089	protein	protein	Q9NRV9	Q9NRV9	2838	reactome	Ligand-Receptor	1	single_protein_pair	0	0	0	0	0		
HGNC:4886	HFE	Q30201	ENSG00000010704	3077	membrane	Q30201	protein	protein	P02786	P02786	2839	uniprot	Ligand-Receptor	1	single_protein_pair	1	1	0	1	0	1de4	
HGNC:11763	TFRC	P02786	ENSG00000072274	7037	membrane_and_secreted	P02786	protein	protein	Q30201	Q30201	2839	uniprot	Ligand-Receptor	1	single_protein_pair	1	1	0	1	0	1de4	
HGNC:7029	MET	P08581	ENSG00000105976	4233	membrane_inferred_and_secreted	P08581	protein	protein	P14210	P14210	2840	uniprot	Ligand-Receptor	1	single_protein_pair	1	1	1	1	0	1shy;4o3t;4o3u;7mo7;7mo8;7mo9;7moa;7mob	pubmed:16537482|imex:IM-23451;pubmed:17804794|imex:IM-9701
HGNC:17087	ICOSLG	O75144	ENSG00000160223	23308	membrane	O75144	protein	protein	Q9Y6W8	Q9Y6W8	2841	important_for_T_follicular_helper_cells_(Tfh)_and_type_2_T_helper_cell_(Th2)_responses._Reviewed_in_PMID:23954143	Ligand-Receptor	1	single_protein_pair	1	1	1	1	0	6x4g	pubmed:11956294|imex:IM-26262;pubmed:32822567|imex:IM-30326
HGNC:5351	ICOS	Q9Y6W8	ENSG00000163600	29851	membrane_and_secreted	Q9Y6W8	protein	protein	O75144	O75144	2841	important_for_T_follicular_helper_cells_(Tfh)_and_type_2_T_helper_cell_(Th2)_responses._Reviewed_in_PMID:23954143	Ligand-Receptor	1	single_protein_pair	1	1	1	1	0	6x4g	pubmed:11956294|imex:IM-26262;pubmed:16951355|imex:IM-26271;pubmed:32822567|imex:IM-30326
HGNC:6188	JAG1	P78504	ENSG00000101384	182	membrane	P78504	protein	protein	P15529	P15529	2842	PMID:23086448	Ligand-Receptor	1	single_protein_pair	0	0	1	1	0		pubmed:23086448|imex:IM-20995
HGNC:6953	CD46	P15529	ENSG00000117335	4179	other_or_uncertain	P15529	protein	protein	P78504	P78504	2842	PMID:23086448	Ligand-Receptor	1	single_protein_pair	0	0	1	1	0		pubmed:23086448|imex:IM-20995
HGNC:6188	JAG1	P78504	ENSG00000101384	182	membrane	P78504	protein	protein	Q6EMK4	Q6EMK4	2843	Shilts screen - VALIDATED	Ligand-Receptor	1	single_protein_pair	0	0	0	0	0		
HGNC:18517	VASN	Q6EMK4	ENSG00000168140	114990	membrane_inferred_and_secreted	Q6EMK4	protein	protein	P78504	P78504	2843	Shilts screen - VALIDATED	Ligand-Receptor	1	single_protein_pair	0	0	0	0	0		
HGNC:6189	JAG2	Q9Y219	ENSG00000184916	3714	membrane_inferred	Q9Y219	protein	protein	Q6EMK4	Q6EMK4	2844	Shilts screen - VALIDATED	Ligand-Receptor	1	single_protein_pair	0	0	0	0	0		
HGNC:18517	VASN	Q6EMK4	ENSG00000168140	114990	membrane_inferred_and_secreted	Q6EMK4	protein	protein	Q9Y219	Q9Y219	2844	Shilts screen - VALIDATED	Ligand-Receptor	1	single_protein_pair	0	0	0	0	0		
HGNC:4510	KISS1R	Q969F8	ENSG00000116014	84634	membrane	Q969F8	protein	protein	Q15726	Q15726	2845	uniprot;reactome;IUPHAR	Ligand-Receptor	1	single_protein_pair	1	0	0	0	0		
HGNC:6343	KITLG	P21583	ENSG00000049130	4254	membrane_and_secreted	P21583	protein	protein	P10721	P10721	2846	uniprot	Ligand-Receptor	1	single_protein_pair	1	1	0	1	0	2e9w;8dfm;8dfp;8dfq	
HGNC:6342	KIT	P10721	ENSG00000157404	3815	membrane	P10721	protein	protein	P21583	P21583	2846	uniprot	Ligand-Receptor	1	single_protein_pair	1	1	0	1	0	2e9w;8dfm;8dfp;8dfq	
HGNC:6373	KLRB1	Q12918	ENSG00000111796	3820	membrane_inferred	Q12918	protein	protein	Q9UHP7	Q9UHP7	2847	Induces_NK_Cell_Inhibition._Reviewed_in_PMID:24223577	Ligand-Receptor	1	single_protein_pair	0	0	1	1	0		pubmed:35922511|imex:IM-30342
HGNC:14351	CLEC2D	Q9UHP7	ENSG00000069493	29121	membrane	Q9UHP7	protein	protein	Q12918	Q12918	2847	Induces_NK_Cell_Inhibition._Reviewed_in_PMID:24223577	Ligand-Receptor	1	single_protein_pair	0	0	1	1	0		pubmed:21572041|imex:IM-25657;pubmed:35922511|imex:IM-30342
HGNC:6477	LAIR1	Q6GTX8	ENSG00000167613	3903	membrane	Q6GTX8	protein	protein	Q8NHJ6	Q8NHJ6	2848	PMID:19283782	Receptor-Receptor	1	single_protein_pair	0	0	0	0	0		
HGNC:6608	LILRB4	Q8NHJ6	ENSG00000186818	11006	membrane	Q8NHJ6	protein	protein	Q6GTX8	Q6GTX8	2848	PMID:19283782	Receptor-Receptor	1	single_protein_pair	0	0	0	0	0		
HGNC:13841	ADGRG6	Q86SQ4	ENSG00000112414	57211	membrane	Q86SQ4	protein	protein	P24043	P24043	2849	uniprot;reactome;IUPHAR	Ligand-Receptor	1	single_protein_pair	0	0	0	0	0		
HGNC:1706	CD8A	P01732	ENSG00000153563	925	membrane_and_secreted	CD8_receptor	complex	protein	P06239	P06239	2850	1q69;PDB_partially	Receptor-Receptor	0	complex_component_support_only	0	0	0	0	0		
HGNC:1707	CD8B	P10966	ENSG00000172116	926	membrane_and_secreted	CD8_receptor	complex	protein	P06239	P06239	2850	1q69;PDB_partially	Receptor-Receptor	0	complex_component_support_only	0	0	0	0	0		
HGNC:23095	SLC22A17	Q8WUG5	ENSG00000092096	51310	membrane	Q8WUG5	protein	protein	P80188	P80188	2851	uniprot;reactome	Ligand-Receptor	1	single_protein_pair	0	0	0	0	0		
HGNC:6554	LEPR	P48357	ENSG00000116678	3953	membrane_and_secreted	P48357	protein	protein	P41159	P41159	2852	uniprot	Ligand-Receptor	1	single_protein_pair	1	1	1	1	0	7z3q;8ave;8avf;8avo;8x80;8x81;8x85	pubmed:22405007|imex:IM-17591;pubmed:32822567|imex:IM-30326
HGNC:6585	LHCGR	P22888	ENSG00000138039	3973	membrane	P22888	protein	protein	P01229	P01229	2853	uniprot;reactome;IUPHAR	Ligand-Receptor	1	single_protein_pair	0	0	0	0	0		
HGNC:6021	IL6ST	P40189	ENSG00000134352	3572	membrane_and_secreted	LIFR	complex	protein	P15018	P15018	2854	1pvh;PDB_partially	Ligand-Receptor	0	complex_component_support_only	0	0	0	0	1	1pvh;8d6a	
HGNC:6597	LIFR	P42702	ENSG00000113594	3977	membrane_and_secreted	LIFR	complex	protein	P15018	P15018	2854	1pvh;PDB_partially	Ligand-Receptor	0	complex_component_support_only	0	0	0	0	1	8d6a	
HGNC:11186	SORT1	Q99523	ENSG00000134243	6272	membrane	Q99523	protein	protein	P30533	P30533	2855	uniprot	Ligand-Receptor	1	single_protein_pair	0	0	1	1	0		pubmed:20584990|imex:IM-27610
HGNC:6765	MADCAM1	Q13477	ENSG00000099866	8174	membrane_inferred	Q13477	protein	complex	integrin_a4b7_complex	P13612;P26010	2856	uniprot	Adhesion-Adhesion	0	complex_component_support_only	0	0	0	0	1	9p95	
HGNC:6140	ITGA4	P13612	ENSG00000115232	3676	membrane_inferred	integrin_a4b7_complex	complex	protein	Q13477	Q13477	2856	uniprot	Adhesion-Adhesion	0	complex_component_support_only	0	0	0	0	1	9p95	
HGNC:6162	ITGB7	P26010	ENSG00000139626	3695	membrane	integrin_a4b7_complex	complex	protein	Q13477	Q13477	2856	uniprot	Adhesion-Adhesion	0	complex_component_support_only	0	0	0	0	1	9p95	
HGNC:7090	MICA	Q29983	ENSG00000204520	100507436	membrane	Q29983	protein	complex	NKG2D_II_receptor	P26718;Q9UBK5	2857	1hyr;PDB_partially;Induces_NK_Cell_Activation._Reviewed_in_PMID:24223577	Ligand-Receptor	0	complex_component_support_only	0	0	0	0	1	1hyr;7fi5;7fi6;7fi7;7fi8;7fi9;8tm0;8tm2	
HGNC:18788	KLRK1	P26718	ENSG00000213809	22914	membrane	NKG2D_II_receptor	complex	protein	Q29983	Q29983	2857	1hyr;PDB_partially;Induces_NK_Cell_Activation._Reviewed_in_PMID:24223577	Ligand-Receptor	0	complex_component_support_only	0	0	0	0	1	1hyr;7fi5;7fi6;7fi7;7fi8;7fi9;8tm0;8tm2	
HGNC:16977	HCST	Q9UBK5	ENSG00000126264	10870	membrane_inferred	NKG2D_II_receptor	complex	protein	Q29983	Q29983	2857	1hyr;PDB_partially;Induces_NK_Cell_Activation._Reviewed_in_PMID:24223577	Ligand-Receptor	0	complex_component_support_only	0	0	0	0	0		
HGNC:7091	MICB	Q29980	ENSG00000204516	4277	membrane	Q29980	protein	complex	NKG2D_II_receptor	P26718;Q9UBK5	2858	Induces_NK_Cell_Activation._Reviewed_in_PMID:24223577	Ligand-Receptor	0	complex_component_support_only	0	0	0	0	0		
HGNC:18788	KLRK1	P26718	ENSG00000213809	22914	membrane	NKG2D_II_receptor	complex	protein	Q29980	Q29980	2858	Induces_NK_Cell_Activation._Reviewed_in_PMID:24223577	Ligand-Receptor	0	complex_component_support_only	0	0	0	0	0		
HGNC:16977	HCST	Q9UBK5	ENSG00000126264	10870	membrane_inferred	NKG2D_II_receptor	complex	protein	Q29980	Q29980	2858	Induces_NK_Cell_Activation._Reviewed_in_PMID:24223577	Ligand-Receptor	0	complex_component_support_only	0	0	0	0	0		
HGNC:4495	MLNR	O43193	ENSG00000102539	2862	membrane	O43193	protein	protein	P12872	P12872	2859	reactome;uniprot	Ligand-Receptor	1	single_protein_pair	1	0	0	0	0		
HGNC:7166	MMP2	P08253	ENSG00000087245	4313	secreted_only	P08253	protein	complex	integrin_aVb3_complex	P05106;P06756	2860	uniprot	Ligand-Receptor	0	complex_component_support_only	0	0	0	0	0		
HGNC:6156	ITGB3	P05106	ENSG00000259207	3690	membrane	integrin_aVb3_complex	complex	protein	P08253	P08253	2860	uniprot	Ligand-Receptor	0	complex_component_support_only	0	0	0	0	0		
HGNC:6150	ITGAV	P06756	ENSG00000138448	3685	membrane	integrin_aVb3_complex	complex	protein	P08253	P08253	2860	uniprot	Ligand-Receptor	0	complex_component_support_only	0	0	0	0	0		
HGNC:7226	MPZL1	O95297	ENSG00000197965	9019	membrane_inferred	O95297	protein	protein	O95297	O95297	2861	Shilts screen - VALIDATED	Adhesion-Adhesion	0	self_interface_not_audited	0	0	0	0	0		
HGNC:7381	MST1R	Q04912	ENSG00000164078	4486	membrane_inferred	Q04912	protein	protein	P26927	P26927	2862	PMID:23792360	Ligand-Receptor	1	single_protein_pair	1	1	1	1	0	4qt8	pubmed:22087277|imex:IM-24508;pubmed:25193665|imex:IM-24509
HGNC:42400	NCR3LG1	Q68D85	ENSG00000188211	374383	membrane	Q68D85	protein	protein	O14931	O14931	2863	activating_interaction_from_uniprot	Ligand-Receptor	1	single_protein_pair	1	1	1	1	0	3pv6;6yjp	pubmed:21422170|imex:IM-25751;pubmed:21444796|imex:IM-18104;pubmed:22807449|imex:IM-26120;pubmed:32822567|imex:IM-30326
HGNC:19077	NCR3	O14931	ENSG00000204475	259197	membrane	O14931	protein	protein	Q68D85	Q68D85	2863	activating_interaction_from_uniprot	Ligand-Receptor	1	single_protein_pair	1	1	1	1	0	3pv6;6yjp	pubmed:21422170|imex:IM-25751;pubmed:22807449|imex:IM-26120;pubmed:24275655|imex:IM-25813;pubmed:32822567|imex:IM-30326
HGNC:6697	LRP5	O75197	ENSG00000162337	4041	membrane_inferred	FZD4_LRP5	complex	protein	Q00604	Q00604	2864	https:ghr.nlm.nih.govgeneNDP	Ligand-Receptor	0	complex_component_support_only	0	0	0	0	0		
HGNC:4042	FZD4	Q9ULV1	ENSG00000174804	8322	membrane	FZD4_LRP5	complex	protein	Q00604	Q00604	2864	https:ghr.nlm.nih.govgeneNDP	Ligand-Receptor	0	complex_component_support_only	0	0	0	0	1	5bqc;5bqe;5cl1	
HGNC:7751	NELL2	Q99435	ENSG00000184613	4753	secreted_only	Q99435	protein	protein	Q96MS0	Q96MS0	2865	reactome	Ligand-Receptor	1	single_protein_pair	1	1	0	1	0	6pog	
HGNC:13433	ROBO3	Q96MS0	ENSG00000154134	64221	membrane_inferred	Q96MS0	protein	protein	Q99435	Q99435	2865	reactome	Ligand-Receptor	1	single_protein_pair	1	1	0	1	0	6pog	
HGNC:4421	GNRHR	P30968	ENSG00000109163	2798	membrane	P30968	protein	protein	Q6X4W1	Q6X4W1	2866	uniprot;HMRbase	Ligand-Receptor	1	single_protein_pair	0	0	0	0	0		
HGNC:25179	NXNL1	Q96CM4	ENSG00000171773	115861	other_or_uncertain	Q96CM4	protein	complex	SLC16A1_complex	P35613;P53985	2867	uniprot;PMID:25957687	Ligand-Receptor	0	complex_component_support_only	0	0	0	0	0		
HGNC:1116	BSG	P35613	ENSG00000172270	682	membrane	SLC16A1_complex	complex	protein	Q96CM4	Q96CM4	2867	uniprot;PMID:25957687	Ligand-Receptor	0	complex_component_support_only	0	0	0	0	0		
HGNC:10922	SLC16A1	P53985	ENSG00000155380	6566	membrane	SLC16A1_complex	complex	protein	Q96CM4	Q96CM4	2867	uniprot;PMID:25957687	Ligand-Receptor	0	complex_component_support_only	0	0	0	0	0		
HGNC:6156	ITGB3	P05106	ENSG00000259207	3690	membrane	integrin_aVb3_complex	complex	protein	Q99983	Q99983	2868	uniprot	Ligand-Receptor	0	complex_component_support_only	0	0	0	0	0		
HGNC:6150	ITGAV	P06756	ENSG00000138448	3685	membrane	integrin_aVb3_complex	complex	protein	Q99983	Q99983	2868	uniprot	Ligand-Receptor	0	complex_component_support_only	0	0	0	0	0		
HGNC:18731	PDCD1LG2	Q9BQ51	ENSG00000197646	80380	membrane_and_secreted	Q9BQ51	protein	protein	Q15116	Q15116	2869	antigen_stimulated_T_cells_become_anergic._PMID:23954143	Ligand-Receptor	1	single_protein_pair	1	1	1	1	0	6umt	pubmed:32822567|imex:IM-30326
HGNC:8760	PDCD1	Q15116	ENSG00000188389	5133	membrane	Q15116	protein	protein	Q9BQ51	Q9BQ51	2869	antigen_stimulated_T_cells_become_anergic._PMID:23954143	Ligand-Receptor	1	single_protein_pair	1	1	1	1	0	6umt	pubmed:23417675|imex:IM-26316
HGNC:8823	PECAM1	P16284	ENSG00000261371	5175	membrane	P16284	protein	protein	P28907	P28907	2870	PMID:9551996;PMID:26407101	Receptor-Receptor	1	single_protein_pair	0	0	0	0	0		
HGNC:1667	CD38	P28907	ENSG00000004468	952	membrane	P28907	protein	protein	P16284	P16284	2870	PMID:9551996;PMID:26407101	Receptor-Receptor	1	single_protein_pair	0	0	1	1	0		pubmed:35922511|imex:IM-30342
HGNC:4267	GHSR	Q92847	ENSG00000121853	2693	membrane	Q92847	protein	protein	P01210	P01210	2871	uniprot;reactome;IUPHAR	Ligand-Receptor	1	single_protein_pair	0	0	0	0	0		
HGNC:4540	CXCR3	P49682	ENSG00000186810	2833	membrane	P49682	protein	protein	P02776	P02776	2872	PMID:24218476	Ligand-Receptor	1	single_protein_pair	0	0	0	0	0		
HGNC:21245	PI16	Q6UXB8	ENSG00000164530	221476	secreted_only	Q6UXB8	protein	protein	O75509	O75509	2873	Shilts screen - VALIDATED	Ligand-Receptor	1	single_protein_pair	0	0	0	0	0		
HGNC:13469	TNFRSF21	O75509	ENSG00000146072	27242	membrane	O75509	protein	protein	Q6UXB8	Q6UXB8	2873	Shilts screen - VALIDATED	Ligand-Receptor	1	single_protein_pair	0	0	0	0	0		
HGNC:6156	ITGB3	P05106	ENSG00000259207	3690	membrane	integrin_a2Bb3_complex	complex	protein	P00747	P00747	2874	uniprot	Ligand-Receptor	0	complex_component_support_only	0	0	0	0	0		
HGNC:6138	ITGA2B	P08514	ENSG00000005961	3674	membrane	integrin_a2Bb3_complex	complex	protein	P00747	P00747	2874	uniprot	Ligand-Receptor	0	complex_component_support_only	0	0	0	0	0		
HGNC:9253	PPIA	P62937	ENSG00000196262	5478	membrane_and_secreted	P62937	protein	protein	P35613	P35613	2875	reactome	Ligand-Receptor	1	single_protein_pair	0	0	0	0	0		
HGNC:1116	BSG	P35613	ENSG00000172270	682	membrane	P35613	protein	protein	P62937	P62937	2875	reactome	Ligand-Receptor	1	single_protein_pair	0	0	0	0	0		
HGNC:13841	ADGRG6	Q86SQ4	ENSG00000112414	57211	membrane	Q86SQ4	protein	protein	F7VJQ1	F7VJQ1	2876	uniprot;reactome;IUPHAR	Ligand-Receptor	1	single_protein_pair	0	0	0	0	0		
HGNC:9452	PROCR	Q9UNN8	ENSG00000101000	10544	membrane_inferred	Q9UNN8	protein	protein	P04070	P04070	2877	reactome	Ligand-Receptor	1	single_protein_pair	1	1	0	1	0	1lqv;3jtc	
HGNC:9602	PTGIR	P43119	ENSG00000160013	5739	membrane	P43119	protein	chemical	Prostacyclin		2879	HMRbase;uniprot;reactome	Ligand-Receptor	0	chemical_identity_not_mapped	0	0	0	0	0		
HGNC:9666	PTPRC	P08575	ENSG00000081237	5788	membrane	P08575	protein	protein	P20273	P20273	2880	PMID:12115612	Receptor-Receptor	1	single_protein_pair	0	0	0	0	0		
HGNC:1643	CD22	P20273	ENSG00000012124	933	membrane	P20273	protein	protein	P08575	P08575	2880	PMID:12115612	Receptor-Receptor	1	single_protein_pair	0	0	0	0	0		
HGNC:9666	PTPRC	P08575	ENSG00000081237	5788	membrane	P08575	protein	protein	P22897	P22897	2881	PMID:27601670;PMID:10575006	Receptor-Receptor	1	single_protein_pair	0	0	0	0	0		
HGNC:7228	MRC1	P22897	ENSG00000260314	4360	membrane	P22897	protein	protein	P08575	P08575	2881	PMID:27601670;PMID:10575006	Receptor-Receptor	1	single_protein_pair	0	0	0	0	0		
HGNC:9668	PTPRD	P23468	ENSG00000153707	5789	membrane_inferred	P23468	protein	protein	Q9NPH3	Q9NPH3	2882	PMID:29100073;PMID:34966732	Ligand-Receptor	1	single_protein_pair	0	0	1	1	0		pubmed:32822567|imex:IM-30326
HGNC:5995	IL1RAP	Q9NPH3	ENSG00000196083	3556	membrane_and_secreted	Q9NPH3	protein	protein	P23468	P23468	2882	PMID:29100073;PMID:34966732	Ligand-Receptor	1	single_protein_pair	0	0	1	1	0		pubmed:32822567|imex:IM-30326
HGNC:9668	PTPRD	P23468	ENSG00000153707	5789	membrane_inferred	P23468	protein	protein	Q9NZN1	Q9NZN1	2883	PMID:29100073;PMID:34966732	Ligand-Receptor	1	single_protein_pair	1	1	1	1	0	5wy8	pubmed:32822567|imex:IM-30326
HGNC:5996	IL1RAPL1	Q9NZN1	ENSG00000169306	11141	membrane	Q9NZN1	protein	protein	P23468	P23468	2883	PMID:29100073;PMID:34966732	Ligand-Receptor	1	single_protein_pair	1	1	1	1	0	5wy8	pubmed:32822567|imex:IM-30326
HGNC:9681	PTPRS	Q13332	ENSG00000105426	5802	membrane	Q13332	protein	protein	Q16288	Q16288	2884	reactome	Receptor-Receptor	1	single_protein_pair	0	0	1	1	0		pubmed:32822567|imex:IM-30326
HGNC:8033	NTRK3	Q16288	ENSG00000140538	4916	membrane_inferred	Q16288	protein	protein	Q13332	Q13332	2884	reactome	Receptor-Receptor	1	single_protein_pair	0	0	1	1	0		pubmed:32822567|imex:IM-30326
HGNC:15565	QRFPR	Q96P65	ENSG00000186867	84109	membrane	Q96P65	protein	protein	P83859	P83859	2885	GPCRdb (https://gpcrdb.org/ligand/endogenousbrowser/)	Ligand-Receptor	1	single_protein_pair	1	0	0	0	0		
HGNC:30650	STRA6	Q9BX79	ENSG00000137868	64220	membrane	Q9BX79	protein	protein	P02753	P02753	2886	uniprot	Ligand-Receptor	1	single_protein_pair	0	0	0	0	0		
HGNC:9958	REN	P00797	ENSG00000143839	5972	secreted_only	P00797	protein	protein	O75787	O75787	2887	uniprot;HMRbase;_PMID:12045255	Ligand-Receptor	1	single_protein_pair	0	0	0	0	0		
HGNC:18305	ATP6AP2	O75787	ENSG00000182220	10159	other_or_uncertain	O75787	protein	protein	P00797	P00797	2887	uniprot;HMRbase;_PMID:12045255	Ligand-Receptor	1	single_protein_pair	0	0	0	0	0		
HGNC:21686	RNASET2	O00584	ENSG00000026297	8635	secreted_only	O00584	protein	protein	Q9NR97	Q9NR97	2888	uniprot	Ligand-Receptor	1	single_protein_pair	0	0	0	0	0		
HGNC:15632	TLR8	Q9NR97	ENSG00000101916	51311	other_or_uncertain	Q9NR97	protein	protein	O00584	O00584	2888	uniprot	Ligand-Receptor	1	single_protein_pair	0	0	0	0	0		
HGNC:18601	RTN4R	Q9BZR6	ENSG00000040608	65078	membrane	Q9BZR6	protein	protein	O14514	O14514	2889	uniprot;reactome;IUPHAR	Ligand-Receptor	1	single_protein_pair	0	0	0	0	0		
HGNC:943	ADGRB1	O14514	ENSG00000181790	575	membrane_and_secreted	O14514	protein	protein	Q9BZR6	Q9BZR6	2889	uniprot;reactome;IUPHAR	Ligand-Receptor	1	single_protein_pair	0	0	0	0	0		
HGNC:3827	FPR2	P25090	ENSG00000171049	2358	membrane	P25090	protein	protein	P0DJI8	P0DJI8	2890	reactome	Ligand-Receptor	1	single_protein_pair	0	0	0	0	0		
HGNC:1711	ADGRE5	P48960	ENSG00000123146	976	membrane_and_secreted	P48960	protein	protein	P35247	P35247	2891	uniprot;reactome;IUPHAR	Ligand-Receptor	1	single_protein_pair	0	0	0	0	0		
HGNC:27596	SIGLEC15	Q6ZMC9	ENSG00000197046	284266	membrane_inferred	Q6ZMC9	protein	protein	P16070	P16070	2892	PMID:31900164	Ligand-Receptor	1	single_protein_pair	0	0	0	0	0		
HGNC:1681	CD44	P16070	ENSG00000026508	960	membrane_and_secreted	P16070	protein	protein	Q6ZMC9	Q6ZMC9	2892	PMID:31900164	Ligand-Receptor	1	single_protein_pair	0	0	0	0	0		
HGNC:11249	SPN	P16150	ENSG00000197471	6693	membrane_inferred	P16150	protein	protein	Q9BZZ2	Q9BZZ2	2893	PMID:11238599	Ligand-Receptor	1	single_protein_pair	0	0	0	0	0		
HGNC:11127	SIGLEC1	Q9BZZ2	ENSG00000088827	6614	membrane_and_secreted	Q9BZZ2	protein	protein	P16150	P16150	2893	PMID:11238599	Ligand-Receptor	1	single_protein_pair	0	0	0	0	0		
HGNC:11778	TGM2	P21980	ENSG00000198959	7052	membrane_and_secreted	P21980	protein	protein	Q9Y653	Q9Y653	2894	uniprot;reactome;IUPHAR	Ligand-Receptor	1	single_protein_pair	0	0	0	0	0		
HGNC:4512	ADGRG1	Q9Y653	ENSG00000205336	9289	membrane_and_secreted	Q9Y653	protein	protein	P21980	P21980	2894	uniprot;reactome;IUPHAR	Ligand-Receptor	1	single_protein_pair	0	0	0	0	0		
HGNC:7217	MPL	P40238	ENSG00000117400	4352	membrane	P40238	protein	protein	P40225	P40225	2895	uniprot	Ligand-Receptor	1	single_protein_pair	1	1	1	1	0	8g04	pubmed:37633268|imex:IM-30313
HGNC:12299	TRHR	P34981	ENSG00000174417	7201	membrane	P34981	protein	protein	P20396	P20396	2897	uniprot;HMRbase;reactome	Ligand-Receptor	1	single_protein_pair	0	0	0	0	0		
HGNC:12373	TSHR	P16473	ENSG00000165409	7253	membrane	P16473	protein	protein	P01222	P01222	2898	uniprot;reactome;IUPHAR	Ligand-Receptor	1	single_protein_pair	1	1	0	1	0	7t9i;7utz;7xw5	
HGNC:6024	IL7R	P16871	ENSG00000168685	3575	membrane_and_secreted	TSLPR	complex	protein	Q969D9	Q969D9	2899	PDB:5j11	Ligand-Receptor	0	complex_component_support_only	0	0	0	0	1	5j11	
HGNC:14281	CRLF2	Q9HC73	ENSG00000205755	64109	membrane_and_secreted	TSLPR	complex	protein	Q969D9	Q969D9	2899	PDB:5j11	Ligand-Receptor	0	complex_component_support_only	0	0	0	0	1	5j11;5j12	
HGNC:12446	TYRO3	Q06418	ENSG00000092445	7301	membrane	Q06418	protein	protein	O00294	O00294	2900	uniprot	Ligand-Receptor	1	single_protein_pair	0	0	0	0	0		
HGNC:12567	UNC5A	Q6ZN44	ENSG00000113763	90249	membrane	Q6ZN44	protein	protein	Q9HAR2	Q9HAR2	2901	uniprot;reactome;IUPHAR	Receptor-Receptor	1	single_protein_pair	0	0	0	0	0		
HGNC:20974	ADGRL3	Q9HAR2	ENSG00000150471	23284	membrane	Q9HAR2	protein	protein	Q6ZN44	Q6ZN44	2901	uniprot;reactome;IUPHAR	Receptor-Receptor	1	single_protein_pair	0	0	0	0	0		
HGNC:30072	CD177	Q8N6Q3	ENSG00000204936	57126	membrane_and_secreted	Q8N6Q3	protein	protein	P16284	P16284	2902	PMID:17580308	Ligand-Receptor	1	single_protein_pair	0	0	0	0	0		
HGNC:8823	PECAM1	P16284	ENSG00000261371	5175	membrane	P16284	protein	protein	Q8N6Q3	Q8N6Q3	2902	PMID:17580308	Ligand-Receptor	1	single_protein_pair	0	0	0	0	0		
HGNC:1682	CD47	Q08722	ENSG00000196776	961	membrane	Q08722	protein	protein	P78324	P78324	2903	Reviewed_in_PMID:23602662	Ligand-Receptor	1	single_protein_pair	1	1	1	1	0	2jjs;2jjt;4cmm;7ygg	pubmed:32822567|imex:IM-30326
HGNC:9662	SIRPA	P78324	ENSG00000198053	140885	membrane_inferred	P78324	protein	protein	Q08722	Q08722	2903	Reviewed_in_PMID:23602662	Ligand-Receptor	1	single_protein_pair	1	1	1	1	0	2jjs;2jjt;4cmm;7ygg	pubmed:32822567|imex:IM-30326
HGNC:1682	CD47	Q08722	ENSG00000196776	961	membrane	Q08722	protein	protein	Q9P1W8	Q9P1W8	2904	PMID:15294972	Ligand-Receptor	1	single_protein_pair	0	0	1	1	0		pubmed:32822567|imex:IM-30326
HGNC:15757	SIRPG	Q9P1W8	ENSG00000089012	55423	membrane_inferred	Q9P1W8	protein	protein	Q08722	Q08722	2904	PMID:15294972	Ligand-Receptor	1	single_protein_pair	0	0	1	1	0		pubmed:32822567|imex:IM-30326
HGNC:2666	DAG1	Q14118	ENSG00000173402	1605	membrane_and_secreted	Q14118	protein	protein	Q9HDB5	Q9HDB5	2905	PMID:29100073	Ligand-Receptor	1	single_protein_pair	0	0	0	0	0		
HGNC:8010	NRXN3	Q9HDB5	ENSG00000021645	9369	membrane	Q9HDB5	protein	protein	Q14118	Q14118	2905	PMID:29100073	Ligand-Receptor	1	single_protein_pair	0	0	0	0	0		
HGNC:4962	HLA-E	P13747	ENSG00000204592	3133	membrane_and_secreted	P13747	protein	protein	Q9H7M9	Q9H7M9	2906	Shilts screen - VALIDATED	Ligand-Receptor	1	single_protein_pair	0	0	0	0	0		
HGNC:30085	VSIR	Q9H7M9	ENSG00000107738	64115	membrane	Q9H7M9	protein	protein	P13747	P13747	2906	Shilts screen - VALIDATED	Ligand-Receptor	1	single_protein_pair	0	0	0	0	0		
HGNC:4963	HLA-F	P30511	ENSG00000204642	3134	membrane	P30511	protein	protein	Q9H7M9	Q9H7M9	2907	Shilts screen - VALIDATED	Ligand-Receptor	1	single_protein_pair	0	0	0	0	0		
HGNC:30085	VSIR	Q9H7M9	ENSG00000107738	64115	membrane	Q9H7M9	protein	protein	P30511	P30511	2907	Shilts screen - VALIDATED	Ligand-Receptor	1	single_protein_pair	0	0	0	0	0		
HGNC:15529	NLGN4Y	Q8NFZ3	ENSG00000165246	22829	membrane	Q8NFZ3	protein	protein	Q9HDB5	Q9HDB5	2908	PMID:29100073	Ligand-Receptor	1	single_protein_pair	0	0	0	0	0		
HGNC:8010	NRXN3	Q9HDB5	ENSG00000021645	9369	membrane	Q9HDB5	protein	protein	Q8NFZ3	Q8NFZ3	2908	PMID:29100073	Ligand-Receptor	1	single_protein_pair	0	0	0	0	0		
HGNC:9705	PVR	P15151	ENSG00000073008	5817	membrane_and_secreted	P15151	protein	protein	Q8N109	Q8N109	2909	Shilts screen - VALIDATED	Ligand-Receptor	1	single_protein_pair	0	0	1	1	0		pubmed:32822567|imex:IM-30326
HGNC:16345	KIR2DL5A	Q8N109	ENSG00000274143	57292	membrane	Q8N109	protein	protein	P15151	P15151	2909	Shilts screen - VALIDATED	Ligand-Receptor	1	single_protein_pair	0	0	1	1	0		pubmed:32822567|imex:IM-30326
HGNC:10659	SDC2	P34741	ENSG00000169439	6383	membrane_inferred	P34741	protein	protein	P22455	P22455	2910	Shilts screen - VALIDATED	Ligand-Receptor	1	single_protein_pair	0	0	0	0	0		
HGNC:3691	FGFR4	P22455	ENSG00000160867	2264	membrane_and_secreted	P22455	protein	protein	P34741	P34741	2910	Shilts screen - VALIDATED	Ligand-Receptor	1	single_protein_pair	0	0	0	0	0		
HGNC:10732	SEMA4D	Q92854	ENSG00000187764	10507	membrane_and_secreted	Q92854	protein	protein	Q9ULL4	Q9ULL4	2911	Shilts screen - VALIDATED	Ligand-Receptor	1	single_protein_pair	0	0	0	0	0		
HGNC:9105	PLXNB3	Q9ULL4	ENSG00000198753	5365	membrane	Q9ULL4	protein	protein	Q92854	Q92854	2911	Shilts screen - VALIDATED	Ligand-Receptor	1	single_protein_pair	0	0	1	1	0		pubmed:35922511|imex:IM-30342
HGNC:1681	CD44	P16070	ENSG00000026508	960	membrane_and_secreted	P16070	protein	protein	O43914	O43914	2912	PMID:31900164	Ligand-Receptor	1	single_protein_pair	0	0	0	0	0		
HGNC:12449	TYROBP	O43914	ENSG00000011600	7305	membrane	O43914	protein	protein	P16070	P16070	2912	PMID:31900164	Ligand-Receptor	1	single_protein_pair	0	0	0	0	0		
