hgnc_id	hgnc_symbol	uniprot_acc	ensembl_gene	ncbi_gene_id	source	evidence_tier	cellphonedb_denominator_member	therasabdab_denominator_member	antibody_evidence	extracellular
HGNC:100	ASIC1	P78348	ENSG00000110881	41	SAbDab: antibody contacts	mapped	0	0	1	1
HGNC:10249	ROBO1	Q9Y6N7	ENSG00000169855	6091	SAbDab: antibody contacts	mapped	1	0	1	1
HGNC:10254	ROM1	Q03395	ENSG00000149489	6094	SAbDab: antibody contacts	mapped	0	0	1	0
HGNC:10256	ROR1	Q01973	ENSG00000185483	4919	SAbDab: antibody contacts	mapped	1	1	1	1
HGNC:10257	ROR2	Q01974	ENSG00000169071	4920	SAbDab: antibody contacts	mapped	1	1	1	1
HGNC:1029	BDKRB1	P46663	ENSG00000100739	623	SAbDab: antibody contacts	mapped	1	0	1	0
HGNC:1030	BDKRB2	P30411	ENSG00000168398	624	SAbDab: antibody contacts	mapped	1	0	1	0
HGNC:10494	S100A4	P26447	ENSG00000196154	6275	SAbDab: antibody contacts	mapped	0	0	1	0
HGNC:10597	SCN9A	Q15858	ENSG00000169432	6335	SAbDab: antibody contacts	mapped	0	0	1	0
HGNC:10672	CXCL12	P48061	ENSG00000107562	6387	SAbDab: antibody contacts	mapped	0	0	1	0
HGNC:1076	BMPR1A	P36894	ENSG00000107779	657	SAbDab: antibody contacts	mapped	1	0	1	1
HGNC:10848	SHH	Q15465	ENSG00000164690	6469	SAbDab: antibody contacts	mapped	1	0	1	0
HGNC:10877	SIGLEC8	Q9NYZ4	ENSG00000105366	27181	SAbDab: antibody contacts	mapped	0	1	1	1
HGNC:10905	SLC10A1	Q14973	ENSG00000100652	6554	SAbDab: antibody contacts	mapped	0	0	1	0
HGNC:10908	SLC11A2	P49281	ENSG00000110911	4891	SAbDab: antibody contacts	mapped	0	0	1	1
HGNC:10909	SLC40A1	Q9NP59	ENSG00000138449	30061	SAbDab: antibody contacts	mapped	0	0	1	0
HGNC:10923	SLC16A2	P36021	ENSG00000147100	6567	SAbDab: antibody contacts	mapped	0	0	1	0
HGNC:10939	SLC1A1	P43005	ENSG00000106688	6505	SAbDab: antibody contacts	mapped	0	0	1	0
HGNC:10943	SLC1A5	Q15758	ENSG00000105281	6510	SAbDab: antibody contacts	mapped	1	1	1	0
HGNC:10959	SLCO1B1	Q9Y6L6	ENSG00000134538	10599	SAbDab: antibody contacts	mapped	0	0	1	0
HGNC:10961	SLCO1B3	Q9NPD5	ENSG00000111700	28234	SAbDab: antibody contacts	mapped	0	0	1	0
HGNC:10963	SLC22A1	O15245	ENSG00000175003	6580	SAbDab: antibody contacts	mapped	0	0	1	0
HGNC:11026	SLC3A2	P08195	ENSG00000168003	6520	SAbDab: antibody contacts	mapped	0	0	1	1
HGNC:11027	SLC4A1	P02730	ENSG00000004939	6521	SAbDab: antibody contacts	mapped	0	0	1	0
HGNC:11036	SLC5A1	P13866	ENSG00000100170	6523	SAbDab: antibody contacts	mapped	0	0	1	0
HGNC:11044	SLC6A11	P48066	ENSG00000132164	6538	SAbDab: antibody contacts	mapped	0	0	1	0
HGNC:11048	SLC6A2	P23975	ENSG00000103546	6530	SAbDab: antibody contacts	mapped	0	0	1	0
HGNC:11050	SLC6A4	P31645	ENSG00000108576	6532	SAbDab: antibody contacts	mapped	0	0	1	1
HGNC:11052	SLC6A6	P31641	ENSG00000131389	6533	SAbDab: antibody contacts	mapped	0	0	1	0
HGNC:11056	SLC6A9	P48067	ENSG00000196517	6536	SAbDab: antibody contacts	mapped	0	0	1	0
HGNC:11068	SLC8A1	P32418	ENSG00000183023	6546	SAbDab: antibody contacts	mapped	0	0	1	0
HGNC:11138	SNCA	P37840	ENSG00000145335	6622	SAbDab: antibody contacts	mapped	0	0	1	0
HGNC:1116	BSG	P35613	ENSG00000172270	682	SAbDab: antibody contacts	mapped	1	0	1	1
HGNC:11217	SPAM1	P38567	ENSG00000106304	6677	SAbDab: antibody contacts	mapped	0	0	1	1
HGNC:11331	SSTR2	P30874	ENSG00000180616	6752	SAbDab: antibody contacts	mapped	1	1	1	0
HGNC:11344	ST14	Q9Y5Y6	ENSG00000149418	6768	SAbDab: antibody contacts	mapped	0	0	1	1
HGNC:1136	BTN2A1	Q7KYR7	ENSG00000112763	11120	SAbDab: antibody contacts	mapped	0	0	1	1
HGNC:11378	STEAP1	Q9UHE8	ENSG00000164647	26872	SAbDab: antibody contacts	mapped	0	1	1	0
HGNC:1138	BTN3A1	O00481	ENSG00000026950	11119	SAbDab: antibody contacts	mapped	0	0	1	1
HGNC:1139	BTN3A2	P78410	ENSG00000186470	11118	SAbDab: antibody contacts	mapped	0	0	1	1
HGNC:11393	AURKA	O14965	ENSG00000087586	6790	SAbDab: antibody contacts	mapped	0	0	1	0
HGNC:11530	TACSTD2	P09758	ENSG00000184292	4070	SAbDab: antibody contacts	mapped	0	1	1	1
HGNC:11699	SERINC3	Q13530	ENSG00000132824	10955	SAbDab: antibody contacts	mapped	0	0	1	0
HGNC:11724	TEK	Q02763	ENSG00000120156	7010	SAbDab: antibody contacts	mapped	1	0	1	1
HGNC:11760	TFPI	P10646	ENSG00000003436	7035	SAbDab: antibody contacts	mapped	0	0	1	0
HGNC:11765	TGFA	P01135	ENSG00000163235	7039	SAbDab: antibody contacts	mapped	1	0	1	1
HGNC:11766	TGFB1	P01137	ENSG00000105329	7040	SAbDab: antibody contacts	mapped	0	0	1	0
HGNC:11769	TGFB3	P10600	ENSG00000119699	7043	SAbDab: antibody contacts	mapped	0	0	1	0
HGNC:11801	THY1	P04216	ENSG00000154096	7070	SAbDab: antibody contacts	mapped	1	0	1	1
HGNC:11849	TLR3	O15455	ENSG00000164342	7098	SAbDab: antibody contacts	mapped	0	0	1	0
HGNC:11876	TMPRSS2	O15393	ENSG00000184012	7113	SAbDab: antibody contacts	mapped	0	0	1	1
HGNC:11892	TNF	P01375	ENSG00000232810	7124	SAbDab: antibody contacts	mapped	1	1	1	1
HGNC:11905	TNFRSF10B	O14763	ENSG00000120889	8795	SAbDab: antibody contacts	mapped	1	1	1	1
HGNC:11913	TNFRSF17	Q02223	ENSG00000048462	608	SAbDab: antibody contacts	mapped	1	1	1	1
HGNC:11914	TNFRSF18	Q9Y5U5	ENSG00000186891	8784	SAbDab: antibody contacts	mapped	1	1	1	1
HGNC:11917	TNFRSF1B	P20333	ENSG00000028137	7133	SAbDab: antibody contacts	mapped	1	1	1	1
HGNC:11918	TNFRSF4	P43489	ENSG00000186827	7293	SAbDab: antibody contacts	mapped	1	1	1	1
HGNC:11919	CD40	P25942	ENSG00000101017	958	SAbDab: antibody contacts	mapped	1	1	1	1
HGNC:11920	FAS	P25445	ENSG00000026103	355	SAbDab: antibody contacts	mapped	1	0	1	1
HGNC:11922	CD27	P26842	ENSG00000139193	939	SAbDab: antibody contacts	mapped	1	1	1	1
HGNC:11924	TNFRSF9	Q07011	ENSG00000049249	3604	SAbDab: antibody contacts	mapped	1	1	1	1
HGNC:11925	TNFSF10	P50591	ENSG00000121858	8743	SAbDab: antibody contacts	mapped	1	0	1	1
HGNC:11927	TNFSF12	O43508	ENSG00000239697	8742	SAbDab: antibody contacts	mapped	1	0	1	1
HGNC:11929	TNFSF13B	Q9Y275	ENSG00000102524	10673	SAbDab: antibody contacts	mapped	1	1	1	1
HGNC:11935	CD40LG	P29965	ENSG00000102245	959	SAbDab: antibody contacts	mapped	1	1	1	1
HGNC:12019	TPSAB1	Q15661	ENSG00000172236	7177	SAbDab: antibody contacts	mapped	0	0	1	0
HGNC:12027	TRA	P0DSE1		6955	SAbDab: antibody contacts	mapped	0	0	1	0
HGNC:12155	TRB	P0DSE2		6957	SAbDab: antibody contacts	mapped	0	0	1	0
HGNC:12335	TRPC3	Q13507	ENSG00000138741	7222	SAbDab: antibody contacts	mapped	0	0	1	0
HGNC:12373	TSHR	P16473	ENSG00000165409	7253	SAbDab: antibody contacts	mapped	1	0	1	1
HGNC:1242	C1QB	P02746	ENSG00000173369	713	SAbDab: antibody contacts	mapped	0	0	1	0
HGNC:125	ACP3	P15309	ENSG00000014257	55	SAbDab: antibody contacts	mapped	0	0	1	0
HGNC:12681	VEGFB	P49765	ENSG00000173511	7423	SAbDab: antibody contacts	mapped	0	0	1	0
HGNC:12692	VIM	P08670	ENSG00000026025	7431	SAbDab: antibody contacts	mapped	0	1	1	0
HGNC:1318	C3	P01024	ENSG00000125730	718	SAbDab: antibody contacts	mapped	1	0	1	0
HGNC:1319	C3AR1	Q16581	ENSG00000171860	719	SAbDab: antibody contacts	mapped	1	0	1	0
HGNC:1323	C4A	P0C0L4	ENSG00000244731	720	SAbDab: antibody contacts	mapped	1	0	1	0
HGNC:13299	LGR4	Q9BXB1	ENSG00000205213	55366	SAbDab: antibody contacts	mapped	1	0	1	1
HGNC:13300	GPR61	Q9BZJ8	ENSG00000156097	83873	SAbDab: antibody contacts	mapped	0	0	1	0
HGNC:1331	C5	P01031	ENSG00000106804	727	SAbDab: antibody contacts	mapped	1	1	1	0
HGNC:13310	GPRC5D	Q9NZD1	ENSG00000111291	55507	SAbDab: antibody contacts	mapped	0	1	1	0
HGNC:13356	MCOLN1	Q9GZU1	ENSG00000090674	57192	SAbDab: antibody contacts	mapped	0	0	1	1
HGNC:1339	C6	P13671	ENSG00000039537	729	SAbDab: antibody contacts	mapped	0	0	1	0
HGNC:13557	ACE2	Q9BYF1	ENSG00000130234	59272	SAbDab: antibody contacts	mapped	0	0	1	1
HGNC:1358	C9	P02748	ENSG00000113600	735	SAbDab: antibody contacts	mapped	0	0	1	0
HGNC:1371	CA12	O43570	ENSG00000074410	771	SAbDab: antibody contacts	mapped	0	0	1	1
HGNC:1383	CA9	Q16790	ENSG00000107159	768	SAbDab: antibody contacts	mapped	0	1	1	1
HGNC:13877	TTYH2	Q9BSA4	ENSG00000141540	94015	SAbDab: antibody contacts	mapped	0	0	1	1
HGNC:13886	ABCG5	Q9H222	ENSG00000138075	64240	SAbDab: antibody contacts	mapped	0	0	1	0
HGNC:13887	ABCG8	Q9H221	ENSG00000143921	64241	SAbDab: antibody contacts	mapped	0	0	1	0
HGNC:13935	LY6G6D	O95868	ENSG00000244355	58530	SAbDab: antibody contacts	mapped	0	1	1	1
HGNC:13937	MPIG6B	O95866	ENSG00000204420	80739	SAbDab: antibody contacts	mapped	0	0	1	1
HGNC:14388	GP6	Q9HCN6	ENSG00000088053	51206	SAbDab: antibody contacts	mapped	0	1	1	1
HGNC:1514	CASR	P41180	ENSG00000036828	846	SAbDab: antibody contacts	mapped	0	0	1	1
HGNC:15527	KLB	Q86Z14	ENSG00000134962	152831	SAbDab: antibody contacts	mapped	0	1	1	1
HGNC:15582	MUC16	Q8WXI7	ENSG00000181143	94025	SAbDab: antibody contacts	mapped	0	1	1	1
HGNC:15626	FCGR2C	P31995	ENSG00000244682	9103	SAbDab: antibody contacts	mapped	0	0	1	1
HGNC:1565	ACKR2	O00590	ENSG00000144648	1238	SAbDab: antibody contacts	mapped	1	0	1	0
HGNC:15757	SIRPG	Q9P1W8	ENSG00000089012	55423	SAbDab: antibody contacts	mapped	1	0	1	1
HGNC:16028	IL33	O95760	ENSG00000137033	90865	SAbDab: antibody contacts	mapped	0	0	1	0
HGNC:1605	CCR4	P51679	ENSG00000183813	1233	SAbDab: antibody contacts	mapped	1	1	1	1
HGNC:1609	CCR8	P51685	ENSG00000179934	1237	SAbDab: antibody contacts	mapped	1	1	1	1
HGNC:16266	SLC19A3	Q9BZV2	ENSG00000135917	80704	SAbDab: antibody contacts	mapped	0	0	1	0
HGNC:1633	CD19	P15391	ENSG00000177455	930	SAbDab: antibody contacts	mapped	0	1	1	1
HGNC:1637	CD1D	P15813	ENSG00000158473	912	SAbDab: antibody contacts	mapped	1	0	1	1
HGNC:1643	CD22	P20273	ENSG00000012124	933	SAbDab: antibody contacts	mapped	1	1	1	1
HGNC:16442	P2RY14	Q15391	ENSG00000174944	9934	SAbDab: antibody contacts	mapped	0	0	1	0
HGNC:16517	TMPRSS6	Q8IU80	ENSG00000187045	164656	SAbDab: antibody contacts	mapped	0	1	1	1
HGNC:1653	CD28	P10747	ENSG00000178562	940	SAbDab: antibody contacts	mapped	1	1	1	1
HGNC:1659	CD33	P20138	ENSG00000105383	945	SAbDab: antibody contacts	mapped	0	1	1	1
HGNC:1665	SCARB2	Q14108	ENSG00000138760	950	SAbDab: antibody contacts	mapped	0	0	1	0
HGNC:1667	CD38	P28907	ENSG00000004468	952	SAbDab: antibody contacts	mapped	1	1	1	1
HGNC:16692	CD320	Q9NPF0	ENSG00000167775	51293	SAbDab: antibody contacts	mapped	1	0	1	1
HGNC:16709	CALCRL	Q16602	ENSG00000064989	10203	SAbDab: antibody contacts	mapped	0	1	1	1
HGNC:1674	CD3E	P07766	ENSG00000198851	916	SAbDab: antibody contacts	mapped	0	1	1	1
HGNC:1678	CD4	P01730	ENSG00000010610	920	SAbDab: antibody contacts	mapped	0	1	1	1
HGNC:16798	RAET1L	Q5VY80	ENSG00000155918	154064	SAbDab: antibody contacts	mapped	1	0	1	1
HGNC:1682	CD47	Q08722	ENSG00000196776	961	SAbDab: antibody contacts	mapped	1	1	1	1
HGNC:1692	CD63	P08962	ENSG00000135404	967	SAbDab: antibody contacts	mapped	0	0	1	1
HGNC:16948	MYDGF	Q969H8	ENSG00000074842	56005	SAbDab: antibody contacts	mapped	0	0	1	0
HGNC:1701	CD81	P60033	ENSG00000110651	975	SAbDab: antibody contacts	mapped	0	0	1	1
HGNC:17032	VSIG4	Q9Y279	ENSG00000155659	11326	SAbDab: antibody contacts	mapped	0	0	1	1
HGNC:1706	CD8A	P01732	ENSG00000153563	925	SAbDab: antibody contacts	mapped	1	1	1	1
HGNC:17087	ICOSLG	O75144	ENSG00000160223	23308	SAbDab: antibody contacts	mapped	1	1	1	1
HGNC:1709	CD9	P21926	ENSG00000010278	928	SAbDab: antibody contacts	mapped	0	0	1	1
HGNC:171	ACVR1	Q04771	ENSG00000115170	90	SAbDab: antibody contacts	mapped	0	1	1	1
HGNC:1711	ADGRE5	P48960	ENSG00000123146	976	SAbDab: antibody contacts	mapped	1	0	1	1
HGNC:173	ACVR2A	P27037	ENSG00000121989	92	SAbDab: antibody contacts	mapped	1	0	1	1
HGNC:174	ACVR2B	Q13705	ENSG00000114739	93	SAbDab: antibody contacts	mapped	1	1	1	1
HGNC:1748	CDH1	P12830	ENSG00000039068	999	SAbDab: antibody contacts	mapped	1	0	1	1
HGNC:1762	CDH3	P22223	ENSG00000062038	1001	SAbDab: antibody contacts	mapped	1	0	1	1
HGNC:17635	CD274	Q9NZQ7	ENSG00000120217	29126	SAbDab: antibody contacts	mapped	1	1	1	1
HGNC:1765	CDH6	P55285	ENSG00000113361	1004	SAbDab: antibody contacts	mapped	1	1	1	1
HGNC:17734	TAAR1	Q96RJ0	ENSG00000146399	134864	SAbDab: antibody contacts	mapped	1	0	1	0
HGNC:17755	TNFRSF13C	Q96RJ3	ENSG00000159958	115650	SAbDab: antibody contacts	mapped	1	1	1	1
HGNC:17761	TREM2	Q9NZC2	ENSG00000095970	54209	SAbDab: antibody contacts	mapped	0	1	1	1
HGNC:1804	CD52	P31358	ENSG00000169442	1043	SAbDab: antibody contacts	mapped	1	1	1	0
HGNC:1814	CEACAM1	P13688	ENSG00000079385	634	SAbDab: antibody contacts	mapped	1	0	1	1
HGNC:1817	CEACAM5	P06731	ENSG00000105388	1048	SAbDab: antibody contacts	mapped	1	1	1	0
HGNC:18358	IL17RC	Q8NAC3	ENSG00000163702	84818	SAbDab: antibody contacts	mapped	0	0	1	1
HGNC:18437	HAVCR2	Q8TDQ0	ENSG00000135077	84868	SAbDab: antibody contacts	mapped	1	1	1	1
HGNC:18788	KLRK1	P26718	ENSG00000213809	22914	SAbDab: antibody contacts	mapped	1	1	1	1
HGNC:188	ADAM10	O14672	ENSG00000137845	102	SAbDab: antibody contacts	mapped	0	0	1	1
HGNC:1884	CFTR	P13569	ENSG00000001626	1080	SAbDab: antibody contacts	mapped	0	0	1	0
HGNC:19077	NCR3	O14931	ENSG00000204475	259197	SAbDab: antibody contacts	mapped	1	0	1	1
HGNC:19100	IL23R	Q5VWK5	ENSG00000162594	149233	SAbDab: antibody contacts	mapped	0	0	1	1
HGNC:19119	SLC5A8	Q8N695	ENSG00000256870	160728	SAbDab: antibody contacts	mapped	0	0	1	1
HGNC:19137	CD276	Q5ZPR3	ENSG00000103855	80381	SAbDab: antibody contacts	mapped	1	1	1	1
HGNC:195	ADAM17	P78536	ENSG00000151694	6868	SAbDab: antibody contacts	mapped	0	0	1	1
HGNC:1951	CHRM2	P08172	ENSG00000181072	1129	SAbDab: antibody contacts	mapped	1	0	1	0
HGNC:1955	CHRNA1	P02708	ENSG00000138435	1134	SAbDab: antibody contacts	mapped	1	0	1	1
HGNC:1957	CHRNA3	P32297	ENSG00000080644	1136	SAbDab: antibody contacts	mapped	0	0	1	1
HGNC:1960	CHRNA7	P36544	ENSG00000175344	1139	SAbDab: antibody contacts	mapped	1	0	1	1
HGNC:1961	CHRNB1	P11230	ENSG00000170175	1140	SAbDab: antibody contacts	mapped	0	0	1	1
HGNC:1962	CHRNB2	P17787	ENSG00000160716	1141	SAbDab: antibody contacts	mapped	0	0	1	1
HGNC:1964	CHRNB4	P30926	ENSG00000117971	1143	SAbDab: antibody contacts	mapped	0	0	1	1
HGNC:1965	CHRND	Q07001	ENSG00000135902	1144	SAbDab: antibody contacts	mapped	0	0	1	1
HGNC:1966	CHRNE	Q04844	ENSG00000108556	1145	SAbDab: antibody contacts	mapped	0	0	1	1
HGNC:19688	NECTIN4	Q96NY8	ENSG00000143217	81607	SAbDab: antibody contacts	mapped	1	1	1	1
HGNC:19858	TTC7B	Q86TV6	ENSG00000165914	145567	SAbDab: antibody contacts	mapped	0	0	1	0
HGNC:2001	GREM1	O60565	ENSG00000166923	26585	SAbDab: antibody contacts	mapped	0	0	1	0
HGNC:2039	CLDN18	P56856	ENSG00000066405	51208	SAbDab: antibody contacts	mapped	0	1	1	1
HGNC:20396	PILRA	Q9UKJ1	ENSG00000085514	29992	SAbDab: antibody contacts	mapped	1	0	1	1
HGNC:20434	TREML1	Q86YW5	ENSG00000161911	340205	SAbDab: antibody contacts	mapped	0	1	1	1
HGNC:2046	CLDN4	O14493	ENSG00000189143	1364	SAbDab: antibody contacts	mapped	0	0	1	0
HGNC:20566	SV2A	Q7L0J3	ENSG00000159164	9900	SAbDab: antibody contacts	mapped	0	0	1	1
HGNC:20974	ADGRL3	Q9HAR2	ENSG00000150471	23284	SAbDab: antibody contacts	mapped	1	0	1	1
HGNC:21087	BTLA	Q7Z6A9	ENSG00000186265	151888	SAbDab: antibody contacts	mapped	1	1	1	1
HGNC:21094	CALHM4	Q5JW98	ENSG00000164451	221301	SAbDab: antibody contacts	mapped	0	0	1	1
HGNC:21205	LINGO1	Q96FE5	ENSG00000169783	84894	SAbDab: antibody contacts	mapped	0	1	1	1
HGNC:2121	CMKLR1	Q99788	ENSG00000174600	1240	SAbDab: antibody contacts	mapped	1	0	1	0
HGNC:2159	CNR1	P21554	ENSG00000118432	1268	SAbDab: antibody contacts	mapped	1	1	1	0
HGNC:2170	CNTFR	P26992	ENSG00000122756	1271	SAbDab: antibody contacts	mapped	0	0	1	1
HGNC:2213	COL6A3	P12111	ENSG00000163359	1293	SAbDab: antibody contacts	mapped	0	0	1	0
HGNC:23029	DPEP3	Q9H4B8	ENSG00000141096	64180	SAbDab: antibody contacts	mapped	0	0	1	0
HGNC:23090	SLC15A4	Q8N697	ENSG00000139370	121260	SAbDab: antibody contacts	mapped	0	0	1	1
HGNC:23298	TSPAN15	O95858	ENSG00000099282	23555	SAbDab: antibody contacts	mapped	0	0	1	1
HGNC:23493	CALHM2	Q9HA72	ENSG00000138172	51063	SAbDab: antibody contacts	mapped	0	0	1	0
HGNC:23624	GPR151	Q8TDV0	ENSG00000173250	134391	SAbDab: antibody contacts	mapped	0	0	1	0
HGNC:23689	GPR158	Q5T848	ENSG00000151025	57512	SAbDab: antibody contacts	mapped	0	0	1	1
HGNC:23692	ACKR3	P25106	ENSG00000144476	57007	SAbDab: antibody contacts	mapped	1	0	1	1
HGNC:24040	ADIPOR1	Q96A54	ENSG00000159346	51094	SAbDab: antibody contacts	mapped	0	0	1	0
HGNC:24041	ADIPOR2	Q86V24	ENSG00000006831	79602	SAbDab: antibody contacts	mapped	0	0	1	0
HGNC:24235	CD200R1	Q8TD46	ENSG00000163606	131450	SAbDab: antibody contacts	mapped	1	1	1	1
HGNC:2433	CSF1R	P07333	ENSG00000182578	1436	SAbDab: antibody contacts	mapped	1	1	1	1
HGNC:2436	CSF2RB	P32927	ENSG00000100368	1439	SAbDab: antibody contacts	mapped	0	1	1	1
HGNC:24880	LYPD3	O95274	ENSG00000124466	27076	SAbDab: antibody contacts	mapped	0	1	1	1
HGNC:2505	CTLA4	P16410	ENSG00000163599	1493	SAbDab: antibody contacts	mapped	1	1	1	1
HGNC:25143	SLC9B2	Q86UD5	ENSG00000164038	133308	SAbDab: antibody contacts	mapped	0	0	1	0
HGNC:2518	CTNS	O60931	ENSG00000040531	1497	SAbDab: antibody contacts	mapped	0	0	1	0
HGNC:25588	SLC47A1	Q96FL8	ENSG00000142494	55244	SAbDab: antibody contacts	mapped	0	0	1	0
HGNC:2561	CXCR4	P61073	ENSG00000121966	7852	SAbDab: antibody contacts	mapped	1	1	1	0
HGNC:25697	GSDMD	P57764	ENSG00000104518	79792	SAbDab: antibody contacts	mapped	0	0	1	0
HGNC:2578	CYBB	P04839	ENSG00000165168	1536	SAbDab: antibody contacts	mapped	0	0	1	0
HGNC:263	ADORA2A	P29274	ENSG00000128271	135	SAbDab: antibody contacts	mapped	1	0	1	0
HGNC:26361	HEPACAM	Q14CZ8	ENSG00000165478	220296	SAbDab: antibody contacts	mapped	0	0	1	0
HGNC:268	ADORA3	P0DMS8	ENSG00000282608	140	SAbDab: antibody contacts	mapped	1	0	1	0
HGNC:26838	TIGIT	Q495A1	ENSG00000181847	201633	SAbDab: antibody contacts	mapped	1	1	1	1
HGNC:26992	SPNS2	Q8IVW8	ENSG00000183018	124976	SAbDab: antibody contacts	mapped	0	0	1	0
HGNC:2730	DDR1	Q08345	ENSG00000204580	780	SAbDab: antibody contacts	mapped	0	0	1	1
HGNC:2731	DDR2	Q16832	ENSG00000162733	4921	SAbDab: antibody contacts	mapped	0	0	1	1
HGNC:27596	SIGLEC15	Q6ZMC9	ENSG00000197046	284266	SAbDab: antibody contacts	mapped	1	1	1	1
HGNC:277	ADRA1A	P35348	ENSG00000120907	148	SAbDab: antibody contacts	mapped	1	0	1	0
HGNC:27960	SLC6A19	Q695T7	ENSG00000174358	340024	SAbDab: antibody contacts	mapped	0	0	1	1
HGNC:285	ADRB1	P08588	ENSG00000043591	153	SAbDab: antibody contacts	mapped	1	0	1	0
HGNC:286	ADRB2	P07550	ENSG00000169252	154	SAbDab: antibody contacts	mapped	1	0	1	0
HGNC:29480	LRG1	P02750	ENSG00000171236	116844	SAbDab: antibody contacts	mapped	0	0	1	0
HGNC:29602	PDPN	Q86YL7	ENSG00000162493	10630	SAbDab: antibody contacts	mapped	0	0	1	1
HGNC:30085	VSIR	Q9H7M9	ENSG00000107738	64115	SAbDab: antibody contacts	mapped	1	1	1	1
HGNC:3020	DRD1	P21728	ENSG00000184845	1812	SAbDab: antibody contacts	mapped	1	0	1	0
HGNC:3023	DRD2	P14416	ENSG00000149295	1813	SAbDab: antibody contacts	mapped	1	0	1	0
HGNC:3167	S1PR3	Q99500	ENSG00000213694	1903	SAbDab: antibody contacts	mapped	0	0	1	1
HGNC:31704	ASTL	Q6HA08	ENSG00000188886	431705	SAbDab: antibody contacts	mapped	0	0	1	0
HGNC:31713	CLEC12A	Q5QGZ9	ENSG00000172322	160364	SAbDab: antibody contacts	mapped	0	1	1	1
HGNC:3233	MEGF8	Q7Z7M0	ENSG00000105429	1954	SAbDab: antibody contacts	mapped	0	0	1	1
HGNC:3236	EGFR	P00533	ENSG00000146648	1956	SAbDab: antibody contacts	mapped	1	1	1	1
HGNC:32789	GFRAL	Q6UXV0	ENSG00000187871	389400	SAbDab: antibody contacts	mapped	0	0	1	1
HGNC:3309	ELANE	P08246	ENSG00000197561	1991	SAbDab: antibody contacts	mapped	0	0	1	0
HGNC:3350	ENO1	P06733	ENSG00000074800	2023	SAbDab: antibody contacts	mapped	0	0	1	0
HGNC:3356	ENPP1	P22413	ENSG00000197594	5167	SAbDab: antibody contacts	mapped	0	0	1	1
HGNC:336	AGTR1	P30556	ENSG00000144891	185	SAbDab: antibody contacts	mapped	1	0	1	0
HGNC:338	AGTR2	P50052	ENSG00000180772	186	SAbDab: antibody contacts	mapped	1	0	1	1
HGNC:3386	EPHA2	P29317	ENSG00000142627	1969	SAbDab: antibody contacts	mapped	1	0	1	1
HGNC:339	APLNR	P35414	ENSG00000134817	187	SAbDab: antibody contacts	mapped	1	0	1	0
HGNC:3416	EPOR	P19235	ENSG00000187266	2057	SAbDab: antibody contacts	mapped	1	0	1	1
HGNC:3430	ERBB2	P04626	ENSG00000141736	2064	SAbDab: antibody contacts	mapped	1	1	1	1
HGNC:3431	ERBB3	P21860	ENSG00000065361	2065	SAbDab: antibody contacts	mapped	1	1	1	1
HGNC:3432	ERBB4	Q15303	ENSG00000178568	2066	SAbDab: antibody contacts	mapped	1	0	1	1
HGNC:3443	EREG	O14944	ENSG00000124882	2069	SAbDab: antibody contacts	mapped	1	1	1	1
HGNC:34550	IGLON5	A6NGN9	ENSG00000142549	402665	SAbDab: antibody contacts	mapped	0	0	1	0
HGNC:3535	F2	P00734	ENSG00000180210	2147	SAbDab: antibody contacts	mapped	0	0	1	0
HGNC:3538	F2RL1	P55085	ENSG00000164251	2150	SAbDab: antibody contacts	mapped	0	0	1	0
HGNC:3541	F3	P13726	ENSG00000117525	2152	SAbDab: antibody contacts	mapped	0	1	1	1
HGNC:3590	FAP	Q12884	ENSG00000078098	2191	SAbDab: antibody contacts	mapped	0	1	1	1
HGNC:3609	FCER1A	P12319	ENSG00000179639	2205	SAbDab: antibody contacts	mapped	0	0	1	1
HGNC:3613	FCGR1A	P12314	ENSG00000150337	2209	SAbDab: antibody contacts	mapped	0	0	1	1
HGNC:3616	FCGR2A	P12318	ENSG00000143226	2212	SAbDab: antibody contacts	mapped	0	0	1	1
HGNC:3618	FCGR2B	P31994	ENSG00000072694	2213	SAbDab: antibody contacts	mapped	0	0	1	1
HGNC:3619	FCGR3A	P08637	ENSG00000203747	2214	SAbDab: antibody contacts	mapped	0	1	1	1
HGNC:3621	FCGRT	P55899	ENSG00000104870	2217	SAbDab: antibody contacts	mapped	0	1	1	1
HGNC:3689	FGFR2	P21802	ENSG00000066468	2263	SAbDab: antibody contacts	mapped	1	1	1	1
HGNC:3691	FGFR4	P22455	ENSG00000160867	2264	SAbDab: antibody contacts	mapped	1	0	1	1
HGNC:3788	FOLH1	Q04609	ENSG00000086205	2346	SAbDab: antibody contacts	mapped	0	1	1	1
HGNC:40	ABCB1	P08183	ENSG00000085563	5243	SAbDab: antibody contacts	mapped	0	0	1	1
HGNC:4039	FZD10	Q9ULW2	ENSG00000111432	11211	SAbDab: antibody contacts	mapped	0	1	1	1
HGNC:4040	FZD2	Q14332	ENSG00000180340	2535	SAbDab: antibody contacts	mapped	0	0	1	1
HGNC:4041	FZD3	Q9NPG1	ENSG00000104290	7976	SAbDab: antibody contacts	mapped	0	0	1	1
HGNC:4043	FZD5	Q13467	ENSG00000163251	7855	SAbDab: antibody contacts	mapped	0	0	1	1
HGNC:4045	FZD7	O75084	ENSG00000155760	8324	SAbDab: antibody contacts	mapped	0	0	1	1
HGNC:4046	FZD8	Q9H461	ENSG00000177283	8325	SAbDab: antibody contacts	mapped	0	0	1	1
HGNC:4053	ISG15	P05161	ENSG00000187608	9636	SAbDab: antibody contacts	mapped	0	0	1	0
HGNC:4075	GABRA1	P14867	ENSG00000022355	2554	SAbDab: antibody contacts	mapped	0	0	1	1
HGNC:4076	GABRA2	P47869	ENSG00000151834	2555	SAbDab: antibody contacts	mapped	0	0	1	1
HGNC:4077	GABRA3	P34903	ENSG00000011677	2556	SAbDab: antibody contacts	mapped	0	0	1	1
HGNC:4078	GABRA4	P48169	ENSG00000109158	2557	SAbDab: antibody contacts	mapped	0	0	1	1
HGNC:4082	GABRB2	P47870	ENSG00000145864	2561	SAbDab: antibody contacts	mapped	0	0	1	1
HGNC:4083	GABRB3	P28472	ENSG00000166206	2562	SAbDab: antibody contacts	mapped	0	0	1	1
HGNC:4087	GABRG2	P18507	ENSG00000113327	2566	SAbDab: antibody contacts	mapped	0	0	1	1
HGNC:4161	LRRC32	Q14392	ENSG00000137507	2615	SAbDab: antibody contacts	mapped	0	1	1	1
HGNC:4177	GBA1	P04062	ENSG00000177628	2629	SAbDab: antibody contacts	mapped	0	0	1	0
HGNC:4192	GCGR	P47871	ENSG00000215644	2642	SAbDab: antibody contacts	mapped	1	1	1	1
HGNC:42398	C4B_2	P0C0L5	ENSG00000233312	100293534	SAbDab: antibody contacts	mapped	0	0	1	0
HGNC:42400	NCR3LG1	Q68D85	ENSG00000188211	374383	SAbDab: antibody contacts	mapped	1	1	1	1
HGNC:4267	GHSR	Q92847	ENSG00000121853	2693	SAbDab: antibody contacts	mapped	1	0	1	0
HGNC:427	ALK	Q9UM73	ENSG00000171094	238	SAbDab: antibody contacts	mapped	1	0	1	1
HGNC:4271	GIPR	P48546	ENSG00000010310	2696	SAbDab: antibody contacts	mapped	1	1	1	1
HGNC:4324	GLP1R	P43220	ENSG00000112164	2740	SAbDab: antibody contacts	mapped	1	1	1	0
HGNC:4392	GNAS	P63092	ENSG00000087460	2778	SAbDab: antibody contacts	mapped	0	0	1	0
HGNC:4396	GNB1	P62873	ENSG00000078369	2782	SAbDab: antibody contacts	mapped	0	0	1	0
HGNC:4439	GP1BA	P07359	ENSG00000185245	2811	SAbDab: antibody contacts	mapped	1	0	1	1
HGNC:4450	GPC2	Q8N158	ENSG00000213420	221914	SAbDab: antibody contacts	mapped	0	0	1	1
HGNC:4451	GPC3	P51654	ENSG00000147257	2719	SAbDab: antibody contacts	mapped	0	1	1	0
HGNC:4458	GPI	P06744	ENSG00000105220	2821	SAbDab: antibody contacts	mapped	0	0	1	0
HGNC:4475	GPR20	Q99678	ENSG00000204882	2843	SAbDab: antibody contacts	mapped	0	0	1	0
HGNC:45	ABCB4	P21439	ENSG00000005471	5244	SAbDab: antibody contacts	mapped	0	0	1	0
HGNC:4526	GPR75	O95800	ENSG00000119737	10936	SAbDab: antibody contacts	mapped	1	0	1	0
HGNC:4540	CXCR3	P49682	ENSG00000186810	2833	SAbDab: antibody contacts	mapped	1	0	1	0
HGNC:4584	GRIN1	Q05586	ENSG00000176884	2902	SAbDab: antibody contacts	mapped	0	0	1	1
HGNC:4585	GRIN2A	Q12879	ENSG00000183454	2903	SAbDab: antibody contacts	mapped	0	0	1	1
HGNC:4586	GRIN2B	Q13224	ENSG00000273079	2904	SAbDab: antibody contacts	mapped	0	0	1	1
HGNC:4593	GRM1	Q13255	ENSG00000152822	2911	SAbDab: antibody contacts	mapped	1	0	1	1
HGNC:4594	GRM2	Q14416	ENSG00000164082	2912	SAbDab: antibody contacts	mapped	1	0	1	1
HGNC:4597	GRM5	P41594	ENSG00000168959	2915	SAbDab: antibody contacts	mapped	1	0	1	1
HGNC:4620	GSN	P06396	ENSG00000148180	2934	SAbDab: antibody contacts	mapped	0	0	1	0
HGNC:4688	GUCY2C	P25092	ENSG00000070019	2984	SAbDab: antibody contacts	mapped	0	1	1	1
HGNC:483	ANG	P03950	ENSG00000214274	283	SAbDab: antibody contacts	mapped	0	0	1	0
HGNC:4849	HCRTR2	O43614	ENSG00000137252	3062	SAbDab: antibody contacts	mapped	1	0	1	1
HGNC:4890	CFHR2	P36980	ENSG00000080910	3080	SAbDab: antibody contacts	mapped	0	0	1	0
HGNC:4931	HLA-A	P04439	ENSG00000206503	3105	SAbDab: antibody contacts	mapped	0	0	1	1
HGNC:4932	HLA-B	P01889	ENSG00000234745	3106	SAbDab: antibody contacts	mapped	0	0	1	1
HGNC:4942	HLA-DQA1	P01909	ENSG00000196735	3117	SAbDab: antibody contacts	mapped	0	0	1	1
HGNC:4944	HLA-DQB1	P01920	ENSG00000179344	3119	SAbDab: antibody contacts	mapped	0	0	1	1
HGNC:4947	HLA-DRA	P01903	ENSG00000204287	3122	SAbDab: antibody contacts	mapped	0	0	1	1
HGNC:4962	HLA-E	P13747	ENSG00000204592	3133	SAbDab: antibody contacts	mapped	1	0	1	1
HGNC:4964	HLA-G	P17693	ENSG00000204632	3135	SAbDab: antibody contacts	mapped	1	1	1	1
HGNC:5155	HPN	P05981	ENSG00000105707	3249	SAbDab: antibody contacts	mapped	0	0	1	1
HGNC:5164	HPSE	Q9Y251	ENSG00000173083	10855	SAbDab: antibody contacts	mapped	0	0	1	0
HGNC:5294	HTR2B	P41595	ENSG00000135914	3357	SAbDab: antibody contacts	mapped	1	0	1	0
HGNC:533	ANXA1	P04083	ENSG00000135046	301	SAbDab: antibody contacts	mapped	1	0	1	0
HGNC:5344	ICAM1	P05362	ENSG00000090339	3383	SAbDab: antibody contacts	mapped	1	1	1	1
HGNC:5351	ICOS	Q9Y6W8	ENSG00000163600	29851	SAbDab: antibody contacts	mapped	1	1	1	1
HGNC:5381	IDE	P14735	ENSG00000119912	3416	SAbDab: antibody contacts	mapped	0	0	1	0
HGNC:5432	IFNAR1	P17181	ENSG00000142166	3454	SAbDab: antibody contacts	mapped	0	1	1	1
HGNC:5439	IFNGR1	P15260	ENSG00000027697	3459	SAbDab: antibody contacts	mapped	1	0	1	1
HGNC:5465	IGF1R	P08069	ENSG00000140443	3480	SAbDab: antibody contacts	mapped	1	1	1	0
HGNC:5870	IGLL1	P15814	ENSG00000128322	3543	SAbDab: antibody contacts	mapped	0	0	1	0
HGNC:5971	IL12RB1	P42701	ENSG00000096996	3594	SAbDab: antibody contacts	mapped	0	0	1	1
HGNC:5974	IL13RA1	P78552	ENSG00000131724	3597	SAbDab: antibody contacts	mapped	0	1	1	1
HGNC:5977	IL15	P40933	ENSG00000164136	3600	SAbDab: antibody contacts	mapped	0	0	1	0
HGNC:5980	IL16	Q14005	ENSG00000172349	3603	SAbDab: antibody contacts	mapped	0	0	1	0
HGNC:5999	IL1RL2	Q9HB29	ENSG00000115598	8808	SAbDab: antibody contacts	mapped	0	1	1	1
HGNC:6006	IL21R	Q9HBE5	ENSG00000103522	50615	SAbDab: antibody contacts	mapped	0	0	1	1
HGNC:6008	IL2RA	P01589	ENSG00000134460	3559	SAbDab: antibody contacts	mapped	0	1	1	1
HGNC:6009	IL2RB	P14784	ENSG00000100385	3560	SAbDab: antibody contacts	mapped	0	0	1	1
HGNC:6010	IL2RG	P31785	ENSG00000147168	3561	SAbDab: antibody contacts	mapped	0	0	1	1
HGNC:6012	IL3RA	P26951	ENSG00000185291	3563	SAbDab: antibody contacts	mapped	0	1	1	1
HGNC:6015	IL4R	P24394	ENSG00000077238	3566	SAbDab: antibody contacts	mapped	0	1	1	1
HGNC:6019	IL6R	P08887	ENSG00000160712	3570	SAbDab: antibody contacts	mapped	1	1	1	1
HGNC:6024	IL7R	P16871	ENSG00000168685	3575	SAbDab: antibody contacts	mapped	0	1	1	1
HGNC:6027	CXCR2	P25025	ENSG00000180871	3579	SAbDab: antibody contacts	mapped	1	0	1	1
HGNC:6091	INSR	P06213	ENSG00000171105	3643	SAbDab: antibody contacts	mapped	1	1	1	1
HGNC:6138	ITGA2B	P08514	ENSG00000005961	3674	SAbDab: antibody contacts	mapped	0	1	1	1
HGNC:6141	ITGA5	P08648	ENSG00000161638	3678	SAbDab: antibody contacts	mapped	0	0	1	1
HGNC:6147	ITGAE	P38570	ENSG00000083457	3682	SAbDab: antibody contacts	mapped	0	0	1	1
HGNC:6148	ITGAL	P20701	ENSG00000005844	3683	SAbDab: antibody contacts	mapped	1	1	1	1
HGNC:6149	ITGAM	P11215	ENSG00000169896	3684	SAbDab: antibody contacts	mapped	0	0	1	1
HGNC:6150	ITGAV	P06756	ENSG00000138448	3685	SAbDab: antibody contacts	mapped	0	1	1	1
HGNC:6153	ITGB1	P05556	ENSG00000150093	3688	SAbDab: antibody contacts	mapped	0	0	1	1
HGNC:6155	ITGB2	P05107	ENSG00000160255	3689	SAbDab: antibody contacts	mapped	0	1	1	1
HGNC:6156	ITGB3	P05106	ENSG00000259207	3690	SAbDab: antibody contacts	mapped	0	0	1	1
HGNC:6162	ITGB7	P26010	ENSG00000139626	3695	SAbDab: antibody contacts	mapped	0	0	1	1
HGNC:6163	ITGB8	P26012	ENSG00000105855	3696	SAbDab: antibody contacts	mapped	0	0	1	1
HGNC:618	APOL1	O14791	ENSG00000100342	8542	SAbDab: antibody contacts	mapped	0	0	1	0
HGNC:6188	JAG1	P78504	ENSG00000101384	182	SAbDab: antibody contacts	mapped	1	0	1	1
HGNC:620	APP	P05067	ENSG00000142192	351	SAbDab: antibody contacts	mapped	1	1	1	1
HGNC:6221	KCNA3	P22001	ENSG00000177272	3738	SAbDab: antibody contacts	mapped	0	0	1	0
HGNC:6273	KCNK10	P57789	ENSG00000100433	54207	SAbDab: antibody contacts	mapped	0	0	1	0
HGNC:6279	KCNK4	Q9NYG8	ENSG00000182450	50801	SAbDab: antibody contacts	mapped	0	0	1	1
HGNC:6307	KDR	P35968	ENSG00000128052	3791	SAbDab: antibody contacts	mapped	1	1	1	1
HGNC:6329	KIR2DL1	P43626	ENSG00000125498	3802	SAbDab: antibody contacts	mapped	1	0	1	1
HGNC:6330	KIR2DL2	P43627		3803	SAbDab: antibody contacts	mapped	0	0	1	1
HGNC:6331	KIR2DL3	P43628	ENSG00000243772	3804	SAbDab: antibody contacts	mapped	1	0	1	1
HGNC:6342	KIT	P10721	ENSG00000157404	3815	SAbDab: antibody contacts	mapped	1	1	1	1
HGNC:6364	KLK3	P07288	ENSG00000142515	354	SAbDab: antibody contacts	mapped	0	0	1	0
HGNC:637	AQP4	P55087	ENSG00000171885	361	SAbDab: antibody contacts	mapped	0	0	1	1
HGNC:6476	LAG3	P18627	ENSG00000089692	3902	SAbDab: antibody contacts	mapped	1	1	1	1
HGNC:6499	LAMP1	P11279	ENSG00000185896	3916	SAbDab: antibody contacts	mapped	0	0	1	0
HGNC:6554	LEPR	P48357	ENSG00000116678	3953	SAbDab: antibody contacts	mapped	1	1	1	1
HGNC:6563	LGALS3	P17931	ENSG00000131981	3958	SAbDab: antibody contacts	mapped	0	0	1	0
HGNC:6607	LILRB3	O75022	ENSG00000204577	11025	SAbDab: antibody contacts	mapped	0	0	1	1
HGNC:6608	LILRB4	Q8NHJ6	ENSG00000186818	11006	SAbDab: antibody contacts	mapped	1	1	1	1
HGNC:6677	LPL	P06858	ENSG00000175445	4023	SAbDab: antibody contacts	mapped	0	0	1	0
HGNC:6698	LRP6	O75581	ENSG00000070018	4040	SAbDab: antibody contacts	mapped	1	0	1	1
HGNC:6700	LRP8	Q14114	ENSG00000157193	7804	SAbDab: antibody contacts	mapped	1	0	1	1
HGNC:6709	LTA	P01374	ENSG00000226979	4049	SAbDab: antibody contacts	mapped	0	0	1	0
HGNC:6721	LTK	P29376	ENSG00000062524	4058	SAbDab: antibody contacts	mapped	0	0	1	1
HGNC:6731	NCR1	O76036	ENSG00000189430	9437	SAbDab: antibody contacts	mapped	0	1	1	1
HGNC:6765	MADCAM1	Q13477	ENSG00000099866	8174	SAbDab: antibody contacts	mapped	1	1	1	1
HGNC:6893	MAPT	P10636	ENSG00000186868	4137	SAbDab: antibody contacts	mapped	0	1	1	0
HGNC:6932	MC4R	P32245	ENSG00000166603	4160	SAbDab: antibody contacts	mapped	1	0	1	0
HGNC:6934	MCAM	P43121	ENSG00000076706	4162	SAbDab: antibody contacts	mapped	1	1	1	1
HGNC:7029	MET	P08581	ENSG00000105976	4233	SAbDab: antibody contacts	mapped	1	1	1	1
HGNC:7035	MFAP4	P55083	ENSG00000166482	4239	SAbDab: antibody contacts	mapped	0	0	1	0
HGNC:7037	MELTF	P08582	ENSG00000163975	4241	SAbDab: antibody contacts	mapped	0	0	1	0
HGNC:7082	CD99	P14209	ENSG00000002586	4267	SAbDab: antibody contacts	mapped	1	0	1	1
HGNC:7160	MMP14	P50281	ENSG00000157227	4323	SAbDab: antibody contacts	mapped	0	0	1	1
HGNC:7176	MMP9	P14780	ENSG00000100985	4318	SAbDab: antibody contacts	mapped	0	0	1	0
HGNC:7315	MS4A1	P11836	ENSG00000156738	931	SAbDab: antibody contacts	mapped	0	1	1	1
HGNC:7371	MSLN	Q13421	ENSG00000102854	10232	SAbDab: antibody contacts	mapped	0	1	1	1
HGNC:74	ABCG2	Q9UNQ0	ENSG00000118777	9429	SAbDab: antibody contacts	mapped	0	0	1	1
HGNC:742	ASGR1	P07306	ENSG00000141505	432	SAbDab: antibody contacts	mapped	0	0	1	1
HGNC:743	ASGR2	P07307	ENSG00000161944	433	SAbDab: antibody contacts	mapped	0	0	1	1
HGNC:7508	MUC1	P15941	ENSG00000185499	4582	SAbDab: antibody contacts	mapped	0	1	1	1
HGNC:7881	NOTCH1	P46531	ENSG00000148400	4851	SAbDab: antibody contacts	mapped	1	1	1	1
HGNC:7883	NOTCH3	Q9UM47	ENSG00000074181	4854	SAbDab: antibody contacts	mapped	1	1	1	1
HGNC:7943	NPR1	P16066	ENSG00000169418	4881	SAbDab: antibody contacts	mapped	1	1	1	1
HGNC:8004	NRP1	O14786	ENSG00000099250	8829	SAbDab: antibody contacts	mapped	1	1	1	1
HGNC:8005	NRP2	O60462	ENSG00000118257	8828	SAbDab: antibody contacts	mapped	1	0	1	1
HGNC:8021	NT5E	P21589	ENSG00000135318	4907	SAbDab: antibody contacts	mapped	0	1	1	1
HGNC:8032	NTRK2	Q16620	ENSG00000148053	4915	SAbDab: antibody contacts	mapped	1	0	1	1
HGNC:8039	NTSR1	P30989	ENSG00000101188	4923	SAbDab: antibody contacts	mapped	1	0	1	0
HGNC:8133	OLR1	P78380	ENSG00000173391	4973	SAbDab: antibody contacts	mapped	1	1	1	1
HGNC:8154	OPRK1	P41145	ENSG00000082556	4986	SAbDab: antibody contacts	mapped	1	0	1	0
HGNC:8156	OPRM1	P35372	ENSG00000112038	4988	SAbDab: antibody contacts	mapped	1	0	1	0
HGNC:8568	FURIN	P09958	ENSG00000140564	5045	SAbDab: antibody contacts	mapped	0	0	1	0
HGNC:8583	SERPINE1	P05121	ENSG00000106366	5054	SAbDab: antibody contacts	mapped	0	0	1	0
HGNC:866	ATP6V0A4	Q9HBG4	ENSG00000105929	50617	SAbDab: antibody contacts	mapped	0	0	1	0
HGNC:8760	PDCD1	Q15116	ENSG00000188389	5133	SAbDab: antibody contacts	mapped	1	1	1	1
HGNC:8800	PDGFB	P01127	ENSG00000100311	5155	SAbDab: antibody contacts	mapped	0	0	1	0
HGNC:8864	CFP	P27918	ENSG00000126759	5199	SAbDab: antibody contacts	mapped	0	0	1	0
HGNC:9052	PLAU	P00749	ENSG00000122861	5328	SAbDab: antibody contacts	mapped	0	0	1	0
HGNC:9053	PLAUR	Q03405	ENSG00000011422	5329	SAbDab: antibody contacts	mapped	1	0	1	0
HGNC:9099	PLXNA1	Q9UIW2	ENSG00000114554	5361	SAbDab: antibody contacts	mapped	0	0	1	1
HGNC:910	AZGP1	P25311	ENSG00000160862	563	SAbDab: antibody contacts	mapped	0	0	1	0
HGNC:914	B2M	P61769	ENSG00000166710	567	SAbDab: antibody contacts	mapped	0	0	1	0
HGNC:933	BACE1	P56817	ENSG00000186318	23621	SAbDab: antibody contacts	mapped	0	0	1	1
HGNC:934	BACE2	Q9Y5Z0	ENSG00000182240	25825	SAbDab: antibody contacts	mapped	0	0	1	1
HGNC:9446	PRLR	P16471	ENSG00000113494	5618	SAbDab: antibody contacts	mapped	1	1	1	1
HGNC:9449	PRNP	P04156	ENSG00000171867	5621	SAbDab: antibody contacts	mapped	0	0	1	1
HGNC:9476	HTRA1	Q92743	ENSG00000166033	5654	SAbDab: antibody contacts	mapped	0	1	1	0
HGNC:9585	PTCH1	Q13635	ENSG00000185920	5727	SAbDab: antibody contacts	mapped	0	0	1	1
HGNC:9591	PTGDR	Q13258	ENSG00000168229	5729	SAbDab: antibody contacts	mapped	1	0	1	0
HGNC:9596	PTGER4	P35408	ENSG00000171522	5734	SAbDab: antibody contacts	mapped	1	0	1	0
HGNC:9608	PTH1R	Q03431	ENSG00000160801	5745	SAbDab: antibody contacts	mapped	1	0	1	0
HGNC:9662	SIRPA	P78324	ENSG00000198053	140885	SAbDab: antibody contacts	mapped	1	1	1	1
HGNC:9688	CAVIN1	Q6NZI2	ENSG00000177469	284119	SAbDab: antibody contacts	mapped	0	0	1	0
HGNC:9707	NECTIN2	Q92692	ENSG00000130202	5819	SAbDab: antibody contacts	mapped	1	0	1	1
HGNC:9756	QSOX1	O00391	ENSG00000116260	5768	SAbDab: antibody contacts	mapped	0	0	1	0
HGNC:9843	RAMP1	O60894	ENSG00000132329	10267	SAbDab: antibody contacts	mapped	0	0	1	1
HGNC:11138	SNCA	P37840	ENSG00000145335	6622	Thera-SAbDab: named antibody contacts	mapped	0	0	1	0
HGNC:11378	STEAP1	Q9UHE8	ENSG00000164647	26872	Thera-SAbDab: named antibody contacts	mapped	0	1	1	0
HGNC:11530	TACSTD2	P09758	ENSG00000184292	4070	Thera-SAbDab: named antibody contacts	mapped	0	1	1	1
HGNC:11760	TFPI	P10646	ENSG00000003436	7035	Thera-SAbDab: named antibody contacts	mapped	0	0	1	0
HGNC:11765	TGFA	P01135	ENSG00000163235	7039	Thera-SAbDab: named antibody contacts	mapped	1	0	1	1
HGNC:11766	TGFB1	P01137	ENSG00000105329	7040	Thera-SAbDab: named antibody contacts	mapped	0	0	1	0
HGNC:11769	TGFB3	P10600	ENSG00000119699	7043	Thera-SAbDab: named antibody contacts	mapped	0	0	1	0
HGNC:11892	TNF	P01375	ENSG00000232810	7124	Thera-SAbDab: named antibody contacts	mapped	1	1	1	1
HGNC:11905	TNFRSF10B	O14763	ENSG00000120889	8795	Thera-SAbDab: named antibody contacts	mapped	1	1	1	1
HGNC:11913	TNFRSF17	Q02223	ENSG00000048462	608	Thera-SAbDab: named antibody contacts	mapped	1	1	1	1
HGNC:11918	TNFRSF4	P43489	ENSG00000186827	7293	Thera-SAbDab: named antibody contacts	mapped	1	1	1	1
HGNC:11919	CD40	P25942	ENSG00000101017	958	Thera-SAbDab: named antibody contacts	mapped	1	1	1	1
HGNC:11922	CD27	P26842	ENSG00000139193	939	Thera-SAbDab: named antibody contacts	mapped	1	1	1	1
HGNC:11924	TNFRSF9	Q07011	ENSG00000049249	3604	Thera-SAbDab: named antibody contacts	mapped	1	1	1	1
HGNC:11925	TNFSF10	P50591	ENSG00000121858	8743	Thera-SAbDab: named antibody contacts	mapped	1	0	1	1
HGNC:11929	TNFSF13B	Q9Y275	ENSG00000102524	10673	Thera-SAbDab: named antibody contacts	mapped	1	1	1	1
HGNC:11935	CD40LG	P29965	ENSG00000102245	959	Thera-SAbDab: named antibody contacts	mapped	1	1	1	1
HGNC:1318	C3	P01024	ENSG00000125730	718	Thera-SAbDab: named antibody contacts	mapped	1	0	1	0
HGNC:1331	C5	P01031	ENSG00000106804	727	Thera-SAbDab: named antibody contacts	mapped	1	1	1	0
HGNC:13310	GPRC5D	Q9NZD1	ENSG00000111291	55507	Thera-SAbDab: named antibody contacts	mapped	0	1	1	0
HGNC:14388	GP6	Q9HCN6	ENSG00000088053	51206	Thera-SAbDab: named antibody contacts	mapped	0	1	1	1
HGNC:16028	IL33	O95760	ENSG00000137033	90865	Thera-SAbDab: named antibody contacts	mapped	0	0	1	0
HGNC:1605	CCR4	P51679	ENSG00000183813	1233	Thera-SAbDab: named antibody contacts	mapped	1	1	1	1
HGNC:16517	TMPRSS6	Q8IU80	ENSG00000187045	164656	Thera-SAbDab: named antibody contacts	mapped	0	1	1	1
HGNC:1667	CD38	P28907	ENSG00000004468	952	Thera-SAbDab: named antibody contacts	mapped	1	1	1	1
HGNC:16709	CALCRL	Q16602	ENSG00000064989	10203	Thera-SAbDab: named antibody contacts	mapped	0	1	1	1
HGNC:1674	CD3E	P07766	ENSG00000198851	916	Thera-SAbDab: named antibody contacts	mapped	0	1	1	1
HGNC:1678	CD4	P01730	ENSG00000010610	920	Thera-SAbDab: named antibody contacts	mapped	0	1	1	1
HGNC:1682	CD47	Q08722	ENSG00000196776	961	Thera-SAbDab: named antibody contacts	mapped	1	1	1	1
HGNC:17087	ICOSLG	O75144	ENSG00000160223	23308	Thera-SAbDab: named antibody contacts	mapped	1	1	1	1
HGNC:173	ACVR2A	P27037	ENSG00000121989	92	Thera-SAbDab: named antibody contacts	mapped	1	0	1	1
HGNC:174	ACVR2B	Q13705	ENSG00000114739	93	Thera-SAbDab: named antibody contacts	mapped	1	1	1	1
HGNC:17635	CD274	Q9NZQ7	ENSG00000120217	29126	Thera-SAbDab: named antibody contacts	mapped	1	1	1	1
HGNC:1804	CD52	P31358	ENSG00000169442	1043	Thera-SAbDab: named antibody contacts	mapped	1	1	1	0
HGNC:1817	CEACAM5	P06731	ENSG00000105388	1048	Thera-SAbDab: named antibody contacts	mapped	1	1	1	0
HGNC:18969	IL31RA	Q8NI17	ENSG00000164509	133396	Thera-SAbDab: named antibody contacts	mapped	0	1	1	1
HGNC:19688	NECTIN4	Q96NY8	ENSG00000143217	81607	Thera-SAbDab: named antibody contacts	mapped	1	1	1	1
HGNC:20001	PCSK9	Q8NBP7	ENSG00000169174	255738	Thera-SAbDab: named antibody contacts	mapped	0	1	1	0
HGNC:2001	GREM1	O60565	ENSG00000166923	26585	Thera-SAbDab: named antibody contacts	mapped	0	0	1	0
HGNC:20434	TREML1	Q86YW5	ENSG00000161911	340205	Thera-SAbDab: named antibody contacts	mapped	0	1	1	1
HGNC:21087	BTLA	Q7Z6A9	ENSG00000186265	151888	Thera-SAbDab: named antibody contacts	mapped	1	1	1	1
HGNC:21205	LINGO1	Q96FE5	ENSG00000169783	84894	Thera-SAbDab: named antibody contacts	mapped	0	1	1	1
HGNC:23029	DPEP3	Q9H4B8	ENSG00000141096	64180	Thera-SAbDab: named antibody contacts	mapped	0	0	1	0
HGNC:2433	CSF1R	P07333	ENSG00000182578	1436	Thera-SAbDab: named antibody contacts	mapped	1	1	1	1
HGNC:2436	CSF2RB	P32927	ENSG00000100368	1439	Thera-SAbDab: named antibody contacts	mapped	0	1	1	1
HGNC:2505	CTLA4	P16410	ENSG00000163599	1493	Thera-SAbDab: named antibody contacts	mapped	1	1	1	1
HGNC:26838	TIGIT	Q495A1	ENSG00000181847	201633	Thera-SAbDab: named antibody contacts	mapped	1	1	1	1
HGNC:3236	EGFR	P00533	ENSG00000146648	1956	Thera-SAbDab: named antibody contacts	mapped	1	1	1	1
HGNC:3430	ERBB2	P04626	ENSG00000141736	2064	Thera-SAbDab: named antibody contacts	mapped	1	1	1	1
HGNC:3431	ERBB3	P21860	ENSG00000065361	2065	Thera-SAbDab: named antibody contacts	mapped	1	1	1	1
HGNC:3621	FCGRT	P55899	ENSG00000104870	2217	Thera-SAbDab: named antibody contacts	mapped	0	1	1	1
HGNC:4271	GIPR	P48546	ENSG00000010310	2696	Thera-SAbDab: named antibody contacts	mapped	1	1	1	1
HGNC:5351	ICOS	Q9Y6W8	ENSG00000163600	29851	Thera-SAbDab: named antibody contacts	mapped	1	1	1	1
HGNC:5999	IL1RL2	Q9HB29	ENSG00000115598	8808	Thera-SAbDab: named antibody contacts	mapped	0	1	1	1
HGNC:6008	IL2RA	P01589	ENSG00000134460	3559	Thera-SAbDab: named antibody contacts	mapped	0	1	1	1
HGNC:6012	IL3RA	P26951	ENSG00000185291	3563	Thera-SAbDab: named antibody contacts	mapped	0	1	1	1
HGNC:6015	IL4R	P24394	ENSG00000077238	3566	Thera-SAbDab: named antibody contacts	mapped	0	1	1	1
HGNC:6019	IL6R	P08887	ENSG00000160712	3570	Thera-SAbDab: named antibody contacts	mapped	1	1	1	1
HGNC:6138	ITGA2B	P08514	ENSG00000005961	3674	Thera-SAbDab: named antibody contacts	mapped	0	1	1	1
HGNC:6148	ITGAL	P20701	ENSG00000005844	3683	Thera-SAbDab: named antibody contacts	mapped	1	1	1	1
HGNC:6156	ITGB3	P05106	ENSG00000259207	3690	Thera-SAbDab: named antibody contacts	mapped	0	0	1	1
HGNC:620	APP	P05067	ENSG00000142192	351	Thera-SAbDab: named antibody contacts	mapped	1	1	1	1
HGNC:6307	KDR	P35968	ENSG00000128052	3791	Thera-SAbDab: named antibody contacts	mapped	1	1	1	1
HGNC:6331	KIR2DL3	P43628	ENSG00000243772	3804	Thera-SAbDab: named antibody contacts	mapped	1	0	1	1
HGNC:6709	LTA	P01374	ENSG00000226979	4049	Thera-SAbDab: named antibody contacts	mapped	0	0	1	0
HGNC:6731	NCR1	O76036	ENSG00000189430	9437	Thera-SAbDab: named antibody contacts	mapped	0	1	1	1
HGNC:6765	MADCAM1	Q13477	ENSG00000099866	8174	Thera-SAbDab: named antibody contacts	mapped	1	1	1	1
HGNC:7029	MET	P08581	ENSG00000105976	4233	Thera-SAbDab: named antibody contacts	mapped	1	1	1	1
HGNC:7176	MMP9	P14780	ENSG00000100985	4318	Thera-SAbDab: named antibody contacts	mapped	0	0	1	0
HGNC:7315	MS4A1	P11836	ENSG00000156738	931	Thera-SAbDab: named antibody contacts	mapped	0	1	1	1
HGNC:7371	MSLN	Q13421	ENSG00000102854	10232	Thera-SAbDab: named antibody contacts	mapped	0	1	1	1
HGNC:7943	NPR1	P16066	ENSG00000169418	4881	Thera-SAbDab: named antibody contacts	mapped	1	1	1	1
HGNC:8004	NRP1	O14786	ENSG00000099250	8829	Thera-SAbDab: named antibody contacts	mapped	1	1	1	1
HGNC:8133	OLR1	P78380	ENSG00000173391	4973	Thera-SAbDab: named antibody contacts	mapped	1	1	1	1
HGNC:8760	PDCD1	Q15116	ENSG00000188389	5133	Thera-SAbDab: named antibody contacts	mapped	1	1	1	1
HGNC:8864	CFP	P27918	ENSG00000126759	5199	Thera-SAbDab: named antibody contacts	mapped	0	0	1	0
HGNC:914	B2M	P61769	ENSG00000166710	567	Thera-SAbDab: named antibody contacts	mapped	0	0	1	0
HGNC:9476	HTRA1	Q92743	ENSG00000166033	5654	Thera-SAbDab: named antibody contacts	mapped	0	1	1	0
HGNC:9662	SIRPA	P78324	ENSG00000198053	140885	Thera-SAbDab: named antibody contacts	mapped	1	1	1	1
HGNC:9843	RAMP1	O60894	ENSG00000132329	10267	Thera-SAbDab: named antibody contacts	mapped	0	0	1	1
HGNC:100	ASIC1	P78348	ENSG00000110881	41	AACDB: antibody contacts	mapped	0	0	1	1
HGNC:10249	ROBO1	Q9Y6N7	ENSG00000169855	6091	AACDB: antibody contacts	mapped	1	0	1	1
HGNC:10256	ROR1	Q01973	ENSG00000185483	4919	AACDB: antibody contacts	mapped	1	1	1	1
HGNC:10257	ROR2	Q01974	ENSG00000169071	4920	AACDB: antibody contacts	mapped	1	1	1	1
HGNC:10672	CXCL12	P48061	ENSG00000107562	6387	AACDB: antibody contacts	mapped	0	0	1	0
HGNC:1076	BMPR1A	P36894	ENSG00000107779	657	AACDB: antibody contacts	mapped	1	0	1	1
HGNC:10848	SHH	Q15465	ENSG00000164690	6469	AACDB: antibody contacts	mapped	1	0	1	0
HGNC:10877	SIGLEC8	Q9NYZ4	ENSG00000105366	27181	AACDB: antibody contacts	mapped	0	1	1	1
HGNC:10905	SLC10A1	Q14973	ENSG00000100652	6554	AACDB: antibody contacts	mapped	0	0	1	0
HGNC:10909	SLC40A1	Q9NP59	ENSG00000138449	30061	AACDB: antibody contacts	mapped	0	0	1	0
HGNC:11026	SLC3A2	P08195	ENSG00000168003	6520	AACDB: antibody contacts	mapped	0	0	1	1
HGNC:11027	SLC4A1	P02730	ENSG00000004939	6521	AACDB: antibody contacts	mapped	0	0	1	0
HGNC:11050	SLC6A4	P31645	ENSG00000108576	6532	AACDB: antibody contacts	mapped	0	0	1	1
HGNC:11056	SLC6A9	P48067	ENSG00000196517	6536	AACDB: antibody contacts	mapped	0	0	1	0
HGNC:1116	BSG	P35613	ENSG00000172270	682	AACDB: antibody contacts	mapped	1	0	1	1
HGNC:11378	STEAP1	Q9UHE8	ENSG00000164647	26872	AACDB: antibody contacts	mapped	0	1	1	0
HGNC:1138	BTN3A1	O00481	ENSG00000026950	11119	AACDB: antibody contacts	mapped	0	0	1	1
HGNC:11724	TEK	Q02763	ENSG00000120156	7010	AACDB: antibody contacts	mapped	1	0	1	1
HGNC:11760	TFPI	P10646	ENSG00000003436	7035	AACDB: antibody contacts	mapped	0	0	1	0
HGNC:11766	TGFB1	P01137	ENSG00000105329	7040	AACDB: antibody contacts	mapped	0	0	1	0
HGNC:11769	TGFB3	P10600	ENSG00000119699	7043	AACDB: antibody contacts	mapped	0	0	1	0
HGNC:11849	TLR3	O15455	ENSG00000164342	7098	AACDB: antibody contacts	mapped	0	0	1	0
HGNC:11892	TNF	P01375	ENSG00000232810	7124	AACDB: antibody contacts	mapped	1	1	1	1
HGNC:11905	TNFRSF10B	O14763	ENSG00000120889	8795	AACDB: antibody contacts	mapped	1	1	1	1
HGNC:11913	TNFRSF17	Q02223	ENSG00000048462	608	AACDB: antibody contacts	mapped	1	1	1	1
HGNC:11918	TNFRSF4	P43489	ENSG00000186827	7293	AACDB: antibody contacts	mapped	1	1	1	1
HGNC:11919	CD40	P25942	ENSG00000101017	958	AACDB: antibody contacts	mapped	1	1	1	1
HGNC:11920	FAS	P25445	ENSG00000026103	355	AACDB: antibody contacts	mapped	1	0	1	1
HGNC:11922	CD27	P26842	ENSG00000139193	939	AACDB: antibody contacts	mapped	1	1	1	1
HGNC:11924	TNFRSF9	Q07011	ENSG00000049249	3604	AACDB: antibody contacts	mapped	1	1	1	1
HGNC:11927	TNFSF12	O43508	ENSG00000239697	8742	AACDB: antibody contacts	mapped	1	0	1	1
HGNC:11929	TNFSF13B	Q9Y275	ENSG00000102524	10673	AACDB: antibody contacts	mapped	1	1	1	1
HGNC:11935	CD40LG	P29965	ENSG00000102245	959	AACDB: antibody contacts	mapped	1	1	1	1
HGNC:12373	TSHR	P16473	ENSG00000165409	7253	AACDB: antibody contacts	mapped	1	0	1	1
HGNC:12681	VEGFB	P49765	ENSG00000173511	7423	AACDB: antibody contacts	mapped	0	0	1	0
HGNC:1318	C3	P01024	ENSG00000125730	718	AACDB: antibody contacts	mapped	1	0	1	0
HGNC:1323	C4A	P0C0L4	ENSG00000244731	720	AACDB: antibody contacts	mapped	1	0	1	0
HGNC:1331	C5	P01031	ENSG00000106804	727	AACDB: antibody contacts	mapped	1	1	1	0
HGNC:1339	C6	P13671	ENSG00000039537	729	AACDB: antibody contacts	mapped	0	0	1	0
HGNC:13887	ABCG8	Q9H221	ENSG00000143921	64241	AACDB: antibody contacts	mapped	0	0	1	0
HGNC:14388	GP6	Q9HCN6	ENSG00000088053	51206	AACDB: antibody contacts	mapped	0	1	1	1
HGNC:1514	CASR	P41180	ENSG00000036828	846	AACDB: antibody contacts	mapped	0	0	1	1
HGNC:15527	KLB	Q86Z14	ENSG00000134962	152831	AACDB: antibody contacts	mapped	0	1	1	1
HGNC:15757	SIRPG	Q9P1W8	ENSG00000089012	55423	AACDB: antibody contacts	mapped	1	0	1	1
HGNC:1633	CD19	P15391	ENSG00000177455	930	AACDB: antibody contacts	mapped	0	1	1	1
HGNC:1637	CD1D	P15813	ENSG00000158473	912	AACDB: antibody contacts	mapped	1	0	1	1
HGNC:1643	CD22	P20273	ENSG00000012124	933	AACDB: antibody contacts	mapped	1	1	1	1
HGNC:1653	CD28	P10747	ENSG00000178562	940	AACDB: antibody contacts	mapped	1	1	1	1
HGNC:1665	SCARB2	Q14108	ENSG00000138760	950	AACDB: antibody contacts	mapped	0	0	1	0
HGNC:1667	CD38	P28907	ENSG00000004468	952	AACDB: antibody contacts	mapped	1	1	1	1
HGNC:1674	CD3E	P07766	ENSG00000198851	916	AACDB: antibody contacts	mapped	0	1	1	1
HGNC:1678	CD4	P01730	ENSG00000010610	920	AACDB: antibody contacts	mapped	0	1	1	1
HGNC:1682	CD47	Q08722	ENSG00000196776	961	AACDB: antibody contacts	mapped	1	1	1	1
HGNC:16948	MYDGF	Q969H8	ENSG00000074842	56005	AACDB: antibody contacts	mapped	0	0	1	0
HGNC:1701	CD81	P60033	ENSG00000110651	975	AACDB: antibody contacts	mapped	0	0	1	1
HGNC:17032	VSIG4	Q9Y279	ENSG00000155659	11326	AACDB: antibody contacts	mapped	0	0	1	1
HGNC:1706	CD8A	P01732	ENSG00000153563	925	AACDB: antibody contacts	mapped	1	1	1	1
HGNC:17087	ICOSLG	O75144	ENSG00000160223	23308	AACDB: antibody contacts	mapped	1	1	1	1
HGNC:1709	CD9	P21926	ENSG00000010278	928	AACDB: antibody contacts	mapped	0	0	1	1
HGNC:171	ACVR1	Q04771	ENSG00000115170	90	AACDB: antibody contacts	mapped	0	1	1	1
HGNC:173	ACVR2A	P27037	ENSG00000121989	92	AACDB: antibody contacts	mapped	1	0	1	1
HGNC:174	ACVR2B	Q13705	ENSG00000114739	93	AACDB: antibody contacts	mapped	1	1	1	1
HGNC:1748	CDH1	P12830	ENSG00000039068	999	AACDB: antibody contacts	mapped	1	0	1	1
HGNC:1762	CDH3	P22223	ENSG00000062038	1001	AACDB: antibody contacts	mapped	1	0	1	1
HGNC:17635	CD274	Q9NZQ7	ENSG00000120217	29126	AACDB: antibody contacts	mapped	1	1	1	1
HGNC:1765	CDH6	P55285	ENSG00000113361	1004	AACDB: antibody contacts	mapped	1	1	1	1
HGNC:17761	TREM2	Q9NZC2	ENSG00000095970	54209	AACDB: antibody contacts	mapped	0	1	1	1
HGNC:18437	HAVCR2	Q8TDQ0	ENSG00000135077	84868	AACDB: antibody contacts	mapped	1	1	1	1
HGNC:188	ADAM10	O14672	ENSG00000137845	102	AACDB: antibody contacts	mapped	0	0	1	1
HGNC:1884	CFTR	P13569	ENSG00000001626	1080	AACDB: antibody contacts	mapped	0	0	1	0
HGNC:19119	SLC5A8	Q8N695	ENSG00000256870	160728	AACDB: antibody contacts	mapped	0	0	1	1
HGNC:1951	CHRM2	P08172	ENSG00000181072	1129	AACDB: antibody contacts	mapped	1	0	1	0
HGNC:1955	CHRNA1	P02708	ENSG00000138435	1134	AACDB: antibody contacts	mapped	1	0	1	1
HGNC:1957	CHRNA3	P32297	ENSG00000080644	1136	AACDB: antibody contacts	mapped	0	0	1	1
HGNC:1960	CHRNA7	P36544	ENSG00000175344	1139	AACDB: antibody contacts	mapped	1	0	1	1
HGNC:1962	CHRNB2	P17787	ENSG00000160716	1141	AACDB: antibody contacts	mapped	0	0	1	1
HGNC:1964	CHRNB4	P30926	ENSG00000117971	1143	AACDB: antibody contacts	mapped	0	0	1	1
HGNC:20001	PCSK9	Q8NBP7	ENSG00000169174	255738	AACDB: antibody contacts	mapped	0	1	1	0
HGNC:21087	BTLA	Q7Z6A9	ENSG00000186265	151888	AACDB: antibody contacts	mapped	1	1	1	1
HGNC:21205	LINGO1	Q96FE5	ENSG00000169783	84894	AACDB: antibody contacts	mapped	0	1	1	1
HGNC:2170	CNTFR	P26992	ENSG00000122756	1271	AACDB: antibody contacts	mapped	0	0	1	1
HGNC:23029	DPEP3	Q9H4B8	ENSG00000141096	64180	AACDB: antibody contacts	mapped	0	0	1	0
HGNC:23298	TSPAN15	O95858	ENSG00000099282	23555	AACDB: antibody contacts	mapped	0	0	1	1
HGNC:23692	ACKR3	P25106	ENSG00000144476	57007	AACDB: antibody contacts	mapped	1	0	1	1
HGNC:2433	CSF1R	P07333	ENSG00000182578	1436	AACDB: antibody contacts	mapped	1	1	1	1
HGNC:2436	CSF2RB	P32927	ENSG00000100368	1439	AACDB: antibody contacts	mapped	0	1	1	1
HGNC:24880	LYPD3	O95274	ENSG00000124466	27076	AACDB: antibody contacts	mapped	0	1	1	1
HGNC:2505	CTLA4	P16410	ENSG00000163599	1493	AACDB: antibody contacts	mapped	1	1	1	1
HGNC:2518	CTNS	O60931	ENSG00000040531	1497	AACDB: antibody contacts	mapped	0	0	1	0
HGNC:2578	CYBB	P04839	ENSG00000165168	1536	AACDB: antibody contacts	mapped	0	0	1	1
HGNC:263	ADORA2A	P29274	ENSG00000128271	135	AACDB: antibody contacts	mapped	1	0	1	0
HGNC:26838	TIGIT	Q495A1	ENSG00000181847	201633	AACDB: antibody contacts	mapped	1	1	1	1
HGNC:2730	DDR1	Q08345	ENSG00000204580	780	AACDB: antibody contacts	mapped	0	0	1	1
HGNC:2731	DDR2	Q16832	ENSG00000162733	4921	AACDB: antibody contacts	mapped	0	0	1	1
HGNC:27596	SIGLEC15	Q6ZMC9	ENSG00000197046	284266	AACDB: antibody contacts	mapped	1	1	1	1
HGNC:286	ADRB2	P07550	ENSG00000169252	154	AACDB: antibody contacts	mapped	1	0	1	0
HGNC:30085	VSIR	Q9H7M9	ENSG00000107738	64115	AACDB: antibody contacts	mapped	1	1	1	1
HGNC:3167	S1PR3	Q99500	ENSG00000213694	1903	AACDB: antibody contacts	mapped	0	0	1	1
HGNC:31704	ASTL	Q6HA08	ENSG00000188886	431705	AACDB: antibody contacts	mapped	0	0	1	0
HGNC:3236	EGFR	P00533	ENSG00000146648	1956	AACDB: antibody contacts	mapped	1	1	1	1
HGNC:32789	GFRAL	Q6UXV0	ENSG00000187871	389400	AACDB: antibody contacts	mapped	0	0	1	1
HGNC:338	AGTR2	P50052	ENSG00000180772	186	AACDB: antibody contacts	mapped	1	0	1	1
HGNC:3386	EPHA2	P29317	ENSG00000142627	1969	AACDB: antibody contacts	mapped	1	0	1	1
HGNC:3416	EPOR	P19235	ENSG00000187266	2057	AACDB: antibody contacts	mapped	1	0	1	1
HGNC:3430	ERBB2	P04626	ENSG00000141736	2064	AACDB: antibody contacts	mapped	1	1	1	1
HGNC:3431	ERBB3	P21860	ENSG00000065361	2065	AACDB: antibody contacts	mapped	1	1	1	1
HGNC:3432	ERBB4	Q15303	ENSG00000178568	2066	AACDB: antibody contacts	mapped	1	0	1	1
HGNC:3443	EREG	O14944	ENSG00000124882	2069	AACDB: antibody contacts	mapped	1	1	1	1
HGNC:3535	F2	P00734	ENSG00000180210	2147	AACDB: antibody contacts	mapped	0	0	1	0
HGNC:3541	F3	P13726	ENSG00000117525	2152	AACDB: antibody contacts	mapped	0	1	1	1
HGNC:3618	FCGR2B	P31994	ENSG00000072694	2213	AACDB: antibody contacts	mapped	0	0	1	1
HGNC:3619	FCGR3A	P08637	ENSG00000203747	2214	AACDB: antibody contacts	mapped	0	1	1	1
HGNC:3621	FCGRT	P55899	ENSG00000104870	2217	AACDB: antibody contacts	mapped	0	1	1	1
HGNC:3689	FGFR2	P21802	ENSG00000066468	2263	AACDB: antibody contacts	mapped	1	1	1	1
HGNC:3691	FGFR4	P22455	ENSG00000160867	2264	AACDB: antibody contacts	mapped	1	0	1	1
HGNC:40	ABCB1	P08183	ENSG00000085563	5243	AACDB: antibody contacts	mapped	0	0	1	1
HGNC:4039	FZD10	Q9ULW2	ENSG00000111432	11211	AACDB: antibody contacts	mapped	0	1	1	1
HGNC:4040	FZD2	Q14332	ENSG00000180340	2535	AACDB: antibody contacts	mapped	0	0	1	1
HGNC:4043	FZD5	Q13467	ENSG00000163251	7855	AACDB: antibody contacts	mapped	0	0	1	1
HGNC:4045	FZD7	O75084	ENSG00000155760	8324	AACDB: antibody contacts	mapped	0	0	1	1
HGNC:4046	FZD8	Q9H461	ENSG00000177283	8325	AACDB: antibody contacts	mapped	0	0	1	1
HGNC:4161	LRRC32	Q14392	ENSG00000137507	2615	AACDB: antibody contacts	mapped	0	1	1	1
HGNC:4192	GCGR	P47871	ENSG00000215644	2642	AACDB: antibody contacts	mapped	1	1	1	1
HGNC:42400	NCR3LG1	Q68D85	ENSG00000188211	374383	AACDB: antibody contacts	mapped	1	1	1	1
HGNC:427	ALK	Q9UM73	ENSG00000171094	238	AACDB: antibody contacts	mapped	1	0	1	1
HGNC:4271	GIPR	P48546	ENSG00000010310	2696	AACDB: antibody contacts	mapped	1	1	1	1
HGNC:4324	GLP1R	P43220	ENSG00000112164	2740	AACDB: antibody contacts	mapped	1	1	1	1
HGNC:4392	GNAS	P63092	ENSG00000087460	2778	AACDB: antibody contacts	mapped	0	0	1	0
HGNC:45	ABCB4	P21439	ENSG00000005471	5244	AACDB: antibody contacts	mapped	0	0	1	0
HGNC:4585	GRIN2A	Q12879	ENSG00000183454	2903	AACDB: antibody contacts	mapped	0	0	1	1
HGNC:4620	GSN	P06396	ENSG00000148180	2934	AACDB: antibody contacts	mapped	0	0	1	0
HGNC:4688	GUCY2C	P25092	ENSG00000070019	2984	AACDB: antibody contacts	mapped	0	1	1	1
HGNC:483	ANG	P03950	ENSG00000214274	283	AACDB: antibody contacts	mapped	0	0	1	0
HGNC:4931	HLA-A	P04439	ENSG00000206503	3105	AACDB: antibody contacts	mapped	0	0	1	1
HGNC:4932	HLA-B	P01889	ENSG00000234745	3106	AACDB: antibody contacts	mapped	0	0	1	1
HGNC:4942	HLA-DQA1	P01909	ENSG00000196735	3117	AACDB: antibody contacts	mapped	0	0	1	1
HGNC:5155	HPN	P05981	ENSG00000105707	3249	AACDB: antibody contacts	mapped	0	0	1	1
HGNC:5294	HTR2B	P41595	ENSG00000135914	3357	AACDB: antibody contacts	mapped	1	0	1	0
HGNC:5344	ICAM1	P05362	ENSG00000090339	3383	AACDB: antibody contacts	mapped	1	1	1	1
HGNC:5351	ICOS	Q9Y6W8	ENSG00000163600	29851	AACDB: antibody contacts	mapped	1	1	1	1
HGNC:5381	IDE	P14735	ENSG00000119912	3416	AACDB: antibody contacts	mapped	0	0	1	0
HGNC:5439	IFNGR1	P15260	ENSG00000027697	3459	AACDB: antibody contacts	mapped	1	0	1	1
HGNC:5974	IL13RA1	P78552	ENSG00000131724	3597	AACDB: antibody contacts	mapped	0	1	1	1
HGNC:5977	IL15	P40933	ENSG00000164136	3600	AACDB: antibody contacts	mapped	0	0	1	0
HGNC:5980	IL16	Q14005	ENSG00000172349	3603	AACDB: antibody contacts	mapped	0	0	1	0
HGNC:5989	IL18RAP	O95256	ENSG00000115607	8807	AACDB: antibody contacts	mapped	0	0	1	1
HGNC:5999	IL1RL2	Q9HB29	ENSG00000115598	8808	AACDB: antibody contacts	mapped	0	1	1	1
HGNC:6006	IL21R	Q9HBE5	ENSG00000103522	50615	AACDB: antibody contacts	mapped	0	0	1	1
HGNC:6008	IL2RA	P01589	ENSG00000134460	3559	AACDB: antibody contacts	mapped	0	1	1	1
HGNC:6009	IL2RB	P14784	ENSG00000100385	3560	AACDB: antibody contacts	mapped	0	0	1	1
HGNC:6010	IL2RG	P31785	ENSG00000147168	3561	AACDB: antibody contacts	mapped	0	0	1	1
HGNC:6012	IL3RA	P26951	ENSG00000185291	3563	AACDB: antibody contacts	mapped	0	1	1	1
HGNC:6015	IL4R	P24394	ENSG00000077238	3566	AACDB: antibody contacts	mapped	0	1	1	1
HGNC:6019	IL6R	P08887	ENSG00000160712	3570	AACDB: antibody contacts	mapped	1	1	1	1
HGNC:6024	IL7R	P16871	ENSG00000168685	3575	AACDB: antibody contacts	mapped	0	1	1	1
HGNC:6091	INSR	P06213	ENSG00000171105	3643	AACDB: antibody contacts	mapped	1	1	1	1
HGNC:6138	ITGA2B	P08514	ENSG00000005961	3674	AACDB: antibody contacts	mapped	0	1	1	1
HGNC:6148	ITGAL	P20701	ENSG00000005844	3683	AACDB: antibody contacts	mapped	1	1	1	1
HGNC:6149	ITGAM	P11215	ENSG00000169896	3684	AACDB: antibody contacts	mapped	0	0	1	1
HGNC:6150	ITGAV	P06756	ENSG00000138448	3685	AACDB: antibody contacts	mapped	0	1	1	1
HGNC:6153	ITGB1	P05556	ENSG00000150093	3688	AACDB: antibody contacts	mapped	0	0	1	1
HGNC:6156	ITGB3	P05106	ENSG00000259207	3690	AACDB: antibody contacts	mapped	0	0	1	1
HGNC:6162	ITGB7	P26010	ENSG00000139626	3695	AACDB: antibody contacts	mapped	0	0	1	1
HGNC:6163	ITGB8	P26012	ENSG00000105855	3696	AACDB: antibody contacts	mapped	0	0	1	1
HGNC:618	APOL1	O14791	ENSG00000100342	8542	AACDB: antibody contacts	mapped	0	0	1	0
HGNC:6188	JAG1	P78504	ENSG00000101384	182	AACDB: antibody contacts	mapped	1	0	1	1
HGNC:6279	KCNK4	Q9NYG8	ENSG00000182450	50801	AACDB: antibody contacts	mapped	0	0	1	1
HGNC:6307	KDR	P35968	ENSG00000128052	3791	AACDB: antibody contacts	mapped	1	1	1	1
HGNC:6342	KIT	P10721	ENSG00000157404	3815	AACDB: antibody contacts	mapped	1	1	1	1
HGNC:6364	KLK3	P07288	ENSG00000142515	354	AACDB: antibody contacts	mapped	0	0	1	0
HGNC:6476	LAG3	P18627	ENSG00000089692	3902	AACDB: antibody contacts	mapped	1	1	1	1
HGNC:6499	LAMP1	P11279	ENSG00000185896	3916	AACDB: antibody contacts	mapped	0	0	1	0
HGNC:6554	LEPR	P48357	ENSG00000116678	3953	AACDB: antibody contacts	mapped	1	1	1	1
HGNC:6608	LILRB4	Q8NHJ6	ENSG00000186818	11006	AACDB: antibody contacts	mapped	1	1	1	1
HGNC:6698	LRP6	O75581	ENSG00000070018	4040	AACDB: antibody contacts	mapped	1	0	1	1
HGNC:6709	LTA	P01374	ENSG00000226979	4049	AACDB: antibody contacts	mapped	0	0	1	0
HGNC:6721	LTK	P29376	ENSG00000062524	4058	AACDB: antibody contacts	mapped	0	0	1	1
HGNC:6731	NCR1	O76036	ENSG00000189430	9437	AACDB: antibody contacts	mapped	0	1	1	1
HGNC:6765	MADCAM1	Q13477	ENSG00000099866	8174	AACDB: antibody contacts	mapped	1	1	1	1
HGNC:6934	MCAM	P43121	ENSG00000076706	4162	AACDB: antibody contacts	mapped	1	1	1	1
HGNC:7029	MET	P08581	ENSG00000105976	4233	AACDB: antibody contacts	mapped	1	1	1	1
HGNC:7035	MFAP4	P55083	ENSG00000166482	4239	AACDB: antibody contacts	mapped	0	0	1	0
HGNC:7037	MELTF	P08582	ENSG00000163975	4241	AACDB: antibody contacts	mapped	0	0	1	0
HGNC:7176	MMP9	P14780	ENSG00000100985	4318	AACDB: antibody contacts	mapped	0	0	1	0
HGNC:7315	MS4A1	P11836	ENSG00000156738	931	AACDB: antibody contacts	mapped	0	1	1	0
HGNC:7371	MSLN	Q13421	ENSG00000102854	10232	AACDB: antibody contacts	mapped	0	1	1	1
HGNC:74	ABCG2	Q9UNQ0	ENSG00000118777	9429	AACDB: antibody contacts	mapped	0	0	1	1
HGNC:7881	NOTCH1	P46531	ENSG00000148400	4851	AACDB: antibody contacts	mapped	1	1	1	1
HGNC:7883	NOTCH3	Q9UM47	ENSG00000074181	4854	AACDB: antibody contacts	mapped	1	1	1	1
HGNC:8004	NRP1	O14786	ENSG00000099250	8829	AACDB: antibody contacts	mapped	1	1	1	1
HGNC:8005	NRP2	O60462	ENSG00000118257	8828	AACDB: antibody contacts	mapped	1	0	1	1
HGNC:8021	NT5E	P21589	ENSG00000135318	4907	AACDB: antibody contacts	mapped	0	1	1	1
HGNC:8032	NTRK2	Q16620	ENSG00000148053	4915	AACDB: antibody contacts	mapped	1	0	1	1
HGNC:8154	OPRK1	P41145	ENSG00000082556	4986	AACDB: antibody contacts	mapped	1	0	1	0
HGNC:8568	FURIN	P09958	ENSG00000140564	5045	AACDB: antibody contacts	mapped	0	0	1	0
HGNC:8583	SERPINE1	P05121	ENSG00000106366	5054	AACDB: antibody contacts	mapped	0	0	1	0
HGNC:8760	PDCD1	Q15116	ENSG00000188389	5133	AACDB: antibody contacts	mapped	1	1	1	1
HGNC:8800	PDGFB	P01127	ENSG00000100311	5155	AACDB: antibody contacts	mapped	0	0	1	0
HGNC:8864	CFP	P27918	ENSG00000126759	5199	AACDB: antibody contacts	mapped	0	0	1	0
HGNC:9053	PLAUR	Q03405	ENSG00000011422	5329	AACDB: antibody contacts	mapped	1	0	1	0
HGNC:914	B2M	P61769	ENSG00000166710	567	AACDB: antibody contacts	mapped	0	0	1	0
HGNC:933	BACE1	P56817	ENSG00000186318	23621	AACDB: antibody contacts	mapped	0	0	1	1
HGNC:934	BACE2	Q9Y5Z0	ENSG00000182240	25825	AACDB: antibody contacts	mapped	0	0	1	1
HGNC:9446	PRLR	P16471	ENSG00000113494	5618	AACDB: antibody contacts	mapped	1	1	1	1
HGNC:9449	PRNP	P04156	ENSG00000171867	5621	AACDB: antibody contacts	mapped	0	0	1	1
HGNC:9476	HTRA1	Q92743	ENSG00000166033	5654	AACDB: antibody contacts	mapped	0	1	1	0
HGNC:9585	PTCH1	Q13635	ENSG00000185920	5727	AACDB: antibody contacts	mapped	0	0	1	1
HGNC:9596	PTGER4	P35408	ENSG00000171522	5734	AACDB: antibody contacts	mapped	1	0	1	0
HGNC:9662	SIRPA	P78324	ENSG00000198053	140885	AACDB: antibody contacts	mapped	1	1	1	1
HGNC:9756	QSOX1	O00391	ENSG00000116260	5768	AACDB: antibody contacts	mapped	0	0	1	0
HGNC:10249	ROBO1	Q9Y6N7	ENSG00000169855	6091	IEDB: exact antibody epitopes	mapped	1	0	1	1
HGNC:10256	ROR1	Q01973	ENSG00000185483	4919	IEDB: exact antibody epitopes	mapped	1	1	1	1
HGNC:10257	ROR2	Q01974	ENSG00000169071	4920	IEDB: exact antibody epitopes	mapped	1	1	1	1
HGNC:10672	CXCL12	P48061	ENSG00000107562	6387	IEDB: exact antibody epitopes	mapped	0	0	1	0
HGNC:1076	BMPR1A	P36894	ENSG00000107779	657	IEDB: exact antibody epitopes	mapped	1	0	1	1
HGNC:10848	SHH	Q15465	ENSG00000164690	6469	IEDB: exact antibody epitopes	mapped	1	0	1	0
HGNC:11027	SLC4A1	P02730	ENSG00000004939	6521	IEDB: exact antibody epitopes	mapped	0	0	1	1
HGNC:11132	SNAP25	P60880	ENSG00000132639	6616	IEDB: exact antibody epitopes	mapped	0	0	1	0
HGNC:11138	SNCA	P37840	ENSG00000145335	6622	IEDB: exact antibody epitopes	mapped	0	0	1	0
HGNC:11344	ST14	Q9Y5Y6	ENSG00000149418	6768	IEDB: exact antibody epitopes	mapped	0	0	1	1
HGNC:11393	AURKA	O14965	ENSG00000087586	6790	IEDB: exact antibody epitopes	mapped	0	0	1	0
HGNC:11529	EPCAM	P16422	ENSG00000119888	4072	IEDB: exact antibody epitopes	mapped	0	1	1	1
HGNC:11760	TFPI	P10646	ENSG00000003436	7035	IEDB: exact antibody epitopes	mapped	0	0	1	0
HGNC:11765	TGFA	P01135	ENSG00000163235	7039	IEDB: exact antibody epitopes	mapped	1	0	1	1
HGNC:11769	TGFB3	P10600	ENSG00000119699	7043	IEDB: exact antibody epitopes	mapped	0	0	1	0
HGNC:11849	TLR3	O15455	ENSG00000164342	7098	IEDB: exact antibody epitopes	mapped	0	0	1	0
HGNC:11876	TMPRSS2	O15393	ENSG00000184012	7113	IEDB: exact antibody epitopes	mapped	0	0	1	1
HGNC:11891	CLEC3B	P05452	ENSG00000163815	7123	IEDB: exact antibody epitopes	mapped	0	0	1	0
HGNC:11892	TNF	P01375	ENSG00000232810	7124	IEDB: exact antibody epitopes	mapped	1	1	1	1
HGNC:11905	TNFRSF10B	O14763	ENSG00000120889	8795	IEDB: exact antibody epitopes	mapped	1	1	1	1
HGNC:11913	TNFRSF17	Q02223	ENSG00000048462	608	IEDB: exact antibody epitopes	mapped	1	1	1	1
HGNC:11914	TNFRSF18	Q9Y5U5	ENSG00000186891	8784	IEDB: exact antibody epitopes	mapped	1	1	1	1
HGNC:11918	TNFRSF4	P43489	ENSG00000186827	7293	IEDB: exact antibody epitopes	mapped	1	1	1	1
HGNC:11919	CD40	P25942	ENSG00000101017	958	IEDB: exact antibody epitopes	mapped	1	1	1	1
HGNC:11920	FAS	P25445	ENSG00000026103	355	IEDB: exact antibody epitopes	mapped	1	0	1	1
HGNC:11922	CD27	P26842	ENSG00000139193	939	IEDB: exact antibody epitopes	mapped	1	1	1	1
HGNC:11924	TNFRSF9	Q07011	ENSG00000049249	3604	IEDB: exact antibody epitopes	mapped	1	1	1	1
HGNC:11927	TNFSF12	O43508	ENSG00000239697	8742	IEDB: exact antibody epitopes	mapped	1	0	1	1
HGNC:11929	TNFSF13B	Q9Y275	ENSG00000102524	10673	IEDB: exact antibody epitopes	mapped	1	1	1	1
HGNC:11935	CD40LG	P29965	ENSG00000102245	959	IEDB: exact antibody epitopes	mapped	1	1	1	1
HGNC:12019	TPSAB1	Q15661	ENSG00000172236	7177	IEDB: exact antibody epitopes	mapped	0	0	1	0
HGNC:12373	TSHR	P16473	ENSG00000165409	7253	IEDB: exact antibody epitopes	mapped	1	0	1	1
HGNC:1318	C3	P01024	ENSG00000125730	718	IEDB: exact antibody epitopes	mapped	1	0	1	0
HGNC:1331	C5	P01031	ENSG00000106804	727	IEDB: exact antibody epitopes	mapped	1	1	1	0
HGNC:1339	C6	P13671	ENSG00000039537	729	IEDB: exact antibody epitopes	mapped	0	0	1	0
HGNC:13557	ACE2	Q9BYF1	ENSG00000130234	59272	IEDB: exact antibody epitopes	mapped	0	0	1	1
HGNC:1371	CA12	O43570	ENSG00000074410	771	IEDB: exact antibody epitopes	mapped	0	0	1	1
HGNC:1383	CA9	Q16790	ENSG00000107159	768	IEDB: exact antibody epitopes	mapped	0	1	1	1
HGNC:13935	LY6G6D	O95868	ENSG00000244355	58530	IEDB: exact antibody epitopes	mapped	0	1	1	1
HGNC:15527	KLB	Q86Z14	ENSG00000134962	152831	IEDB: exact antibody epitopes	mapped	0	1	1	1
HGNC:15757	SIRPG	Q9P1W8	ENSG00000089012	55423	IEDB: exact antibody epitopes	mapped	1	0	1	1
HGNC:16028	IL33	O95760	ENSG00000137033	90865	IEDB: exact antibody epitopes	mapped	0	0	1	0
HGNC:1606	CCR5	P51681	ENSG00000160791	1234	IEDB: exact antibody epitopes	mapped	1	1	1	1
HGNC:1633	CD19	P15391	ENSG00000177455	930	IEDB: exact antibody epitopes	mapped	0	1	1	1
HGNC:1643	CD22	P20273	ENSG00000012124	933	IEDB: exact antibody epitopes	mapped	1	1	1	1
HGNC:1653	CD28	P10747	ENSG00000178562	940	IEDB: exact antibody epitopes	mapped	1	1	1	1
HGNC:1665	SCARB2	Q14108	ENSG00000138760	950	IEDB: exact antibody epitopes	mapped	0	0	1	0
HGNC:1667	CD38	P28907	ENSG00000004468	952	IEDB: exact antibody epitopes	mapped	1	1	1	1
HGNC:1674	CD3E	P07766	ENSG00000198851	916	IEDB: exact antibody epitopes	mapped	0	1	1	1
HGNC:1678	CD4	P01730	ENSG00000010610	920	IEDB: exact antibody epitopes	mapped	0	1	1	1
HGNC:1682	CD47	Q08722	ENSG00000196776	961	IEDB: exact antibody epitopes	mapped	1	1	1	1
HGNC:16948	MYDGF	Q969H8	ENSG00000074842	56005	IEDB: exact antibody epitopes	mapped	0	0	1	0
HGNC:1701	CD81	P60033	ENSG00000110651	975	IEDB: exact antibody epitopes	mapped	0	0	1	1
HGNC:1706	CD8A	P01732	ENSG00000153563	925	IEDB: exact antibody epitopes	mapped	1	1	1	1
HGNC:17087	ICOSLG	O75144	ENSG00000160223	23308	IEDB: exact antibody epitopes	mapped	1	1	1	1
HGNC:1709	CD9	P21926	ENSG00000010278	928	IEDB: exact antibody epitopes	mapped	0	0	1	1
HGNC:173	ACVR2A	P27037	ENSG00000121989	92	IEDB: exact antibody epitopes	mapped	1	0	1	1
HGNC:174	ACVR2B	Q13705	ENSG00000114739	93	IEDB: exact antibody epitopes	mapped	1	1	1	1
HGNC:1762	CDH3	P22223	ENSG00000062038	1001	IEDB: exact antibody epitopes	mapped	1	0	1	1
HGNC:17635	CD274	Q9NZQ7	ENSG00000120217	29126	IEDB: exact antibody epitopes	mapped	1	1	1	1
HGNC:1765	CDH6	P55285	ENSG00000113361	1004	IEDB: exact antibody epitopes	mapped	1	1	1	1
HGNC:17761	TREM2	Q9NZC2	ENSG00000095970	54209	IEDB: exact antibody epitopes	mapped	0	1	1	1
HGNC:18437	HAVCR2	Q8TDQ0	ENSG00000135077	84868	IEDB: exact antibody epitopes	mapped	1	1	1	1
HGNC:188	ADAM10	O14672	ENSG00000137845	102	IEDB: exact antibody epitopes	mapped	0	0	1	1
HGNC:1884	CFTR	P13569	ENSG00000001626	1080	IEDB: exact antibody epitopes	mapped	0	0	1	0
HGNC:19100	IL23R	Q5VWK5	ENSG00000162594	149233	IEDB: exact antibody epitopes	mapped	0	0	1	1
HGNC:1951	CHRM2	P08172	ENSG00000181072	1129	IEDB: exact antibody epitopes	mapped	1	0	1	0
HGNC:1957	CHRNA3	P32297	ENSG00000080644	1136	IEDB: exact antibody epitopes	mapped	0	0	1	1
HGNC:1962	CHRNB2	P17787	ENSG00000160716	1141	IEDB: exact antibody epitopes	mapped	0	0	1	1
HGNC:20001	PCSK9	Q8NBP7	ENSG00000169174	255738	IEDB: exact antibody epitopes	mapped	0	1	1	0
HGNC:2001	GREM1	O60565	ENSG00000166923	26585	IEDB: exact antibody epitopes	mapped	0	0	1	0
HGNC:21087	BTLA	Q7Z6A9	ENSG00000186265	151888	IEDB: exact antibody epitopes	mapped	1	1	1	1
HGNC:21205	LINGO1	Q96FE5	ENSG00000169783	84894	IEDB: exact antibody epitopes	mapped	0	1	1	1
HGNC:24040	ADIPOR1	Q96A54	ENSG00000159346	51094	IEDB: exact antibody epitopes	mapped	0	0	1	0
HGNC:24041	ADIPOR2	Q86V24	ENSG00000006831	79602	IEDB: exact antibody epitopes	mapped	0	0	1	0
HGNC:2433	CSF1R	P07333	ENSG00000182578	1436	IEDB: exact antibody epitopes	mapped	1	1	1	1
HGNC:2505	CTLA4	P16410	ENSG00000163599	1493	IEDB: exact antibody epitopes	mapped	1	1	1	1
HGNC:263	ADORA2A	P29274	ENSG00000128271	135	IEDB: exact antibody epitopes	mapped	1	0	1	0
HGNC:26838	TIGIT	Q495A1	ENSG00000181847	201633	IEDB: exact antibody epitopes	mapped	1	1	1	1
HGNC:2730	DDR1	Q08345	ENSG00000204580	780	IEDB: exact antibody epitopes	mapped	0	0	1	1
HGNC:27596	SIGLEC15	Q6ZMC9	ENSG00000197046	284266	IEDB: exact antibody epitopes	mapped	1	1	1	1
HGNC:285	ADRB1	P08588	ENSG00000043591	153	IEDB: exact antibody epitopes	mapped	1	0	1	0
HGNC:286	ADRB2	P07550	ENSG00000169252	154	IEDB: exact antibody epitopes	mapped	1	0	1	0
HGNC:29602	PDPN	Q86YL7	ENSG00000162493	10630	IEDB: exact antibody epitopes	mapped	0	0	1	1
HGNC:30085	VSIR	Q9H7M9	ENSG00000107738	64115	IEDB: exact antibody epitopes	mapped	1	1	1	1
HGNC:31704	ASTL	Q6HA08	ENSG00000188886	431705	IEDB: exact antibody epitopes	mapped	0	0	1	0
HGNC:3236	EGFR	P00533	ENSG00000146648	1956	IEDB: exact antibody epitopes	mapped	1	1	1	1
HGNC:32789	GFRAL	Q6UXV0	ENSG00000187871	389400	IEDB: exact antibody epitopes	mapped	0	0	1	1
HGNC:3309	ELANE	P08246	ENSG00000197561	1991	IEDB: exact antibody epitopes	mapped	0	0	1	0
HGNC:336	AGTR1	P30556	ENSG00000144891	185	IEDB: exact antibody epitopes	mapped	1	0	1	0
HGNC:338	AGTR2	P50052	ENSG00000180772	186	IEDB: exact antibody epitopes	mapped	1	0	1	1
HGNC:3386	EPHA2	P29317	ENSG00000142627	1969	IEDB: exact antibody epitopes	mapped	1	0	1	1
HGNC:339	APLNR	P35414	ENSG00000134817	187	IEDB: exact antibody epitopes	mapped	1	0	1	0
HGNC:3416	EPOR	P19235	ENSG00000187266	2057	IEDB: exact antibody epitopes	mapped	1	0	1	1
HGNC:3430	ERBB2	P04626	ENSG00000141736	2064	IEDB: exact antibody epitopes	mapped	1	1	1	1
HGNC:3431	ERBB3	P21860	ENSG00000065361	2065	IEDB: exact antibody epitopes	mapped	1	1	1	1
HGNC:3432	ERBB4	Q15303	ENSG00000178568	2066	IEDB: exact antibody epitopes	mapped	1	0	1	1
HGNC:3443	EREG	O14944	ENSG00000124882	2069	IEDB: exact antibody epitopes	mapped	1	1	1	1
HGNC:3535	F2	P00734	ENSG00000180210	2147	IEDB: exact antibody epitopes	mapped	0	0	1	0
HGNC:3538	F2RL1	P55085	ENSG00000164251	2150	IEDB: exact antibody epitopes	mapped	0	0	1	0
HGNC:3541	F3	P13726	ENSG00000117525	2152	IEDB: exact antibody epitopes	mapped	0	1	1	1
HGNC:3618	FCGR2B	P31994	ENSG00000072694	2213	IEDB: exact antibody epitopes	mapped	0	0	1	1
HGNC:3689	FGFR2	P21802	ENSG00000066468	2263	IEDB: exact antibody epitopes	mapped	1	1	1	1
HGNC:3691	FGFR4	P22455	ENSG00000160867	2264	IEDB: exact antibody epitopes	mapped	1	0	1	1
HGNC:4035	ACKR1	Q16570	ENSG00000213088	2532	IEDB: exact antibody epitopes	mapped	1	0	1	1
HGNC:4043	FZD5	Q13467	ENSG00000163251	7855	IEDB: exact antibody epitopes	mapped	0	0	1	1
HGNC:4045	FZD7	O75084	ENSG00000155760	8324	IEDB: exact antibody epitopes	mapped	0	0	1	1
HGNC:4177	GBA1	P04062	ENSG00000177628	2629	IEDB: exact antibody epitopes	mapped	0	0	1	0
HGNC:4192	GCGR	P47871	ENSG00000215644	2642	IEDB: exact antibody epitopes	mapped	1	1	1	1
HGNC:4271	GIPR	P48546	ENSG00000010310	2696	IEDB: exact antibody epitopes	mapped	1	1	1	1
HGNC:4324	GLP1R	P43220	ENSG00000112164	2740	IEDB: exact antibody epitopes	mapped	1	1	1	1
HGNC:4439	GP1BA	P07359	ENSG00000185245	2811	IEDB: exact antibody epitopes	mapped	1	0	1	1
HGNC:4620	GSN	P06396	ENSG00000148180	2934	IEDB: exact antibody epitopes	mapped	0	0	1	0
HGNC:4688	GUCY2C	P25092	ENSG00000070019	2984	IEDB: exact antibody epitopes	mapped	0	1	1	1
HGNC:483	ANG	P03950	ENSG00000214274	283	IEDB: exact antibody epitopes	mapped	0	0	1	0
HGNC:4849	HCRTR2	O43614	ENSG00000137252	3062	IEDB: exact antibody epitopes	mapped	1	0	1	1
HGNC:5155	HPN	P05981	ENSG00000105707	3249	IEDB: exact antibody epitopes	mapped	0	0	1	1
HGNC:5164	HPSE	Q9Y251	ENSG00000173083	10855	IEDB: exact antibody epitopes	mapped	0	0	1	0
HGNC:5294	HTR2B	P41595	ENSG00000135914	3357	IEDB: exact antibody epitopes	mapped	1	0	1	0
HGNC:5344	ICAM1	P05362	ENSG00000090339	3383	IEDB: exact antibody epitopes	mapped	1	1	1	1
HGNC:5351	ICOS	Q9Y6W8	ENSG00000163600	29851	IEDB: exact antibody epitopes	mapped	1	1	1	1
HGNC:5381	IDE	P14735	ENSG00000119912	3416	IEDB: exact antibody epitopes	mapped	0	0	1	0
HGNC:5432	IFNAR1	P17181	ENSG00000142166	3454	IEDB: exact antibody epitopes	mapped	0	1	1	1
HGNC:5974	IL13RA1	P78552	ENSG00000131724	3597	IEDB: exact antibody epitopes	mapped	0	1	1	1
HGNC:5977	IL15	P40933	ENSG00000164136	3600	IEDB: exact antibody epitopes	mapped	0	0	1	0
HGNC:5980	IL16	Q14005	ENSG00000172349	3603	IEDB: exact antibody epitopes	mapped	0	0	1	0
HGNC:5989	IL18RAP	O95256	ENSG00000115607	8807	IEDB: exact antibody epitopes	mapped	0	0	1	1
HGNC:5999	IL1RL2	Q9HB29	ENSG00000115598	8808	IEDB: exact antibody epitopes	mapped	0	1	1	1
HGNC:6006	IL21R	Q9HBE5	ENSG00000103522	50615	IEDB: exact antibody epitopes	mapped	0	0	1	1
HGNC:6008	IL2RA	P01589	ENSG00000134460	3559	IEDB: exact antibody epitopes	mapped	0	1	1	1
HGNC:6009	IL2RB	P14784	ENSG00000100385	3560	IEDB: exact antibody epitopes	mapped	0	0	1	1
HGNC:6010	IL2RG	P31785	ENSG00000147168	3561	IEDB: exact antibody epitopes	mapped	0	0	1	1
HGNC:6015	IL4R	P24394	ENSG00000077238	3566	IEDB: exact antibody epitopes	mapped	0	1	1	1
HGNC:6024	IL7R	P16871	ENSG00000168685	3575	IEDB: exact antibody epitopes	mapped	0	1	1	1
HGNC:6091	INSR	P06213	ENSG00000171105	3643	IEDB: exact antibody epitopes	mapped	1	1	1	1
HGNC:6138	ITGA2B	P08514	ENSG00000005961	3674	IEDB: exact antibody epitopes	mapped	0	1	1	1
HGNC:6140	ITGA4	P13612	ENSG00000115232	3676	IEDB: exact antibody epitopes	mapped	0	1	1	1
HGNC:6148	ITGAL	P20701	ENSG00000005844	3683	IEDB: exact antibody epitopes	mapped	1	1	1	1
HGNC:6149	ITGAM	P11215	ENSG00000169896	3684	IEDB: exact antibody epitopes	mapped	0	0	1	1
HGNC:6150	ITGAV	P06756	ENSG00000138448	3685	IEDB: exact antibody epitopes	mapped	0	1	1	1
HGNC:6153	ITGB1	P05556	ENSG00000150093	3688	IEDB: exact antibody epitopes	mapped	0	0	1	1
HGNC:6162	ITGB7	P26010	ENSG00000139626	3695	IEDB: exact antibody epitopes	mapped	0	0	1	1
HGNC:6188	JAG1	P78504	ENSG00000101384	182	IEDB: exact antibody epitopes	mapped	1	0	1	1
HGNC:620	APP	P05067	ENSG00000142192	351	IEDB: exact antibody epitopes	mapped	1	1	1	1
HGNC:6307	KDR	P35968	ENSG00000128052	3791	IEDB: exact antibody epitopes	mapped	1	1	1	1
HGNC:6342	KIT	P10721	ENSG00000157404	3815	IEDB: exact antibody epitopes	mapped	1	1	1	1
HGNC:6364	KLK3	P07288	ENSG00000142515	354	IEDB: exact antibody epitopes	mapped	0	0	1	0
HGNC:6476	LAG3	P18627	ENSG00000089692	3902	IEDB: exact antibody epitopes	mapped	1	1	1	1
HGNC:6499	LAMP1	P11279	ENSG00000185896	3916	IEDB: exact antibody epitopes	mapped	0	0	1	0
HGNC:6554	LEPR	P48357	ENSG00000116678	3953	IEDB: exact antibody epitopes	mapped	1	1	1	1
HGNC:6608	LILRB4	Q8NHJ6	ENSG00000186818	11006	IEDB: exact antibody epitopes	mapped	1	1	1	1
HGNC:6698	LRP6	O75581	ENSG00000070018	4040	IEDB: exact antibody epitopes	mapped	1	0	1	1
HGNC:6709	LTA	P01374	ENSG00000226979	4049	IEDB: exact antibody epitopes	mapped	0	0	1	0
HGNC:6731	NCR1	O76036	ENSG00000189430	9437	IEDB: exact antibody epitopes	mapped	0	1	1	1
HGNC:6765	MADCAM1	Q13477	ENSG00000099866	8174	IEDB: exact antibody epitopes	mapped	1	1	1	1
HGNC:6893	MAPT	P10636	ENSG00000186868	4137	IEDB: exact antibody epitopes	mapped	0	1	1	0
HGNC:6925	MBP	P02686	ENSG00000197971	4155	IEDB: exact antibody epitopes	mapped	0	0	1	0
HGNC:7029	MET	P08581	ENSG00000105976	4233	IEDB: exact antibody epitopes	mapped	1	1	1	1
HGNC:7160	MMP14	P50281	ENSG00000157227	4323	IEDB: exact antibody epitopes	mapped	0	0	1	1
HGNC:7176	MMP9	P14780	ENSG00000100985	4318	IEDB: exact antibody epitopes	mapped	0	0	1	0
HGNC:7315	MS4A1	P11836	ENSG00000156738	931	IEDB: exact antibody epitopes	mapped	0	1	1	1
HGNC:7371	MSLN	Q13421	ENSG00000102854	10232	IEDB: exact antibody epitopes	mapped	0	1	1	1
HGNC:7881	NOTCH1	P46531	ENSG00000148400	4851	IEDB: exact antibody epitopes	mapped	1	1	1	1
HGNC:7883	NOTCH3	Q9UM47	ENSG00000074181	4854	IEDB: exact antibody epitopes	mapped	1	1	1	1
HGNC:8004	NRP1	O14786	ENSG00000099250	8829	IEDB: exact antibody epitopes	mapped	1	1	1	1
HGNC:8021	NT5E	P21589	ENSG00000135318	4907	IEDB: exact antibody epitopes	mapped	0	1	1	1
HGNC:8032	NTRK2	Q16620	ENSG00000148053	4915	IEDB: exact antibody epitopes	mapped	1	0	1	1
HGNC:8154	OPRK1	P41145	ENSG00000082556	4986	IEDB: exact antibody epitopes	mapped	1	0	1	0
HGNC:8568	FURIN	P09958	ENSG00000140564	5045	IEDB: exact antibody epitopes	mapped	0	0	1	0
HGNC:8583	SERPINE1	P05121	ENSG00000106366	5054	IEDB: exact antibody epitopes	mapped	0	0	1	0
HGNC:8760	PDCD1	Q15116	ENSG00000188389	5133	IEDB: exact antibody epitopes	mapped	1	1	1	1
HGNC:8864	CFP	P27918	ENSG00000126759	5199	IEDB: exact antibody epitopes	mapped	0	0	1	0
HGNC:9052	PLAU	P00749	ENSG00000122861	5328	IEDB: exact antibody epitopes	mapped	0	0	1	0
HGNC:9053	PLAUR	Q03405	ENSG00000011422	5329	IEDB: exact antibody epitopes	mapped	1	0	1	0
HGNC:933	BACE1	P56817	ENSG00000186318	23621	IEDB: exact antibody epitopes	mapped	0	0	1	1
HGNC:934	BACE2	Q9Y5Z0	ENSG00000182240	25825	IEDB: exact antibody epitopes	mapped	0	0	1	1
HGNC:9446	PRLR	P16471	ENSG00000113494	5618	IEDB: exact antibody epitopes	mapped	1	1	1	1
HGNC:9449	PRNP	P04156	ENSG00000171867	5621	IEDB: exact antibody epitopes	mapped	0	0	1	1
HGNC:9585	PTCH1	Q13635	ENSG00000185920	5727	IEDB: exact antibody epitopes	mapped	0	0	1	1
HGNC:9596	PTGER4	P35408	ENSG00000171522	5734	IEDB: exact antibody epitopes	mapped	1	0	1	0
HGNC:9662	SIRPA	P78324	ENSG00000198053	140885	IEDB: exact antibody epitopes	mapped	1	1	1	1
HGNC:9756	QSOX1	O00391	ENSG00000116260	5768	IEDB: exact antibody epitopes	mapped	0	0	1	0
HGNC:10019	RIPK1	Q13546	ENSG00000137275	8737	PDBe + IUPHAR: chemical sites	mapped	0	0	0	0
HGNC:10261	ROS1	P08922	ENSG00000047936	6098	PDBe + IUPHAR: chemical sites	mapped	0	0	0	0
HGNC:1037	CFB	P00751	ENSG00000243649	629	PDBe + IUPHAR: chemical sites	mapped	0	1	0	0
HGNC:10597	SCN9A	Q15858	ENSG00000169432	6335	PDBe + IUPHAR: chemical sites	mapped	0	0	0	0
HGNC:1067	BMP1	P13497	ENSG00000168487	649	PDBe + IUPHAR: chemical sites	mapped	0	0	0	0
HGNC:108	ACHE	P22303	ENSG00000087085	43	PDBe + IUPHAR: chemical sites	mapped	0	0	0	0
HGNC:10817	SGPL1	O95470	ENSG00000166224	8879	PDBe + IUPHAR: chemical sites	mapped	0	0	0	0
HGNC:10911	SLC12A2	P55011	ENSG00000064651	6558	PDBe + IUPHAR: chemical sites	mapped	0	0	0	0
HGNC:10937	SLC19A1	P41440	ENSG00000173638	6573	PDBe + IUPHAR: chemical sites	mapped	0	0	0	0
HGNC:10938	SLC19A2	O60779	ENSG00000117479	10560	PDBe + IUPHAR: chemical sites	mapped	0	0	0	0
HGNC:10955	SLCO2A1	Q92959	ENSG00000174640	6578	PDBe + IUPHAR: chemical sites	mapped	0	0	0	0
HGNC:11003	SLC29A1	Q99808	ENSG00000112759	2030	PDBe + IUPHAR: chemical sites	mapped	0	0	0	0
HGNC:11048	SLC6A2	P23975	ENSG00000103546	6530	PDBe + IUPHAR: chemical sites	mapped	0	0	0	0
HGNC:11049	SLC6A3	Q01959	ENSG00000142319	6531	PDBe + IUPHAR: chemical sites	mapped	0	0	0	0
HGNC:11050	SLC6A4	P31645	ENSG00000108576	6532	PDBe + IUPHAR: chemical sites	mapped	0	0	0	0
HGNC:11119	SMO	Q99835	ENSG00000128602	6608	PDBe + IUPHAR: chemical sites	mapped	0	0	0	0
HGNC:11283	SRC	P12931	ENSG00000197122	6714	PDBe + IUPHAR: chemical sites	mapped	0	0	0	0
HGNC:11393	AURKA	O14965	ENSG00000087586	6790	PDBe + IUPHAR: chemical sites	mapped	0	0	0	0
HGNC:11491	SYK	P43405	ENSG00000165025	6850	PDBe + IUPHAR: chemical sites	mapped	0	0	0	0
HGNC:11526	TACR1	P25103	ENSG00000115353	6869	PDBe + IUPHAR: chemical sites	mapped	1	0	0	0
HGNC:11608	TBXA2R	P21731	ENSG00000006638	6915	PDBe + IUPHAR: chemical sites	mapped	1	0	0	0
HGNC:11772	TGFBR1	P36897	ENSG00000106799	7046	PDBe + IUPHAR: chemical sites	mapped	0	0	0	0
HGNC:11848	TLR2	O60603	ENSG00000137462	7097	PDBe + IUPHAR: chemical sites	mapped	0	1	0	1
HGNC:12337	TRPC5	Q9UL62	ENSG00000072315	7224	PDBe + IUPHAR: chemical sites	mapped	0	0	0	0
HGNC:12612	USP14	P54578	ENSG00000101557	9097	PDBe + IUPHAR: chemical sites	mapped	0	0	0	0
HGNC:1338	C5AR1	P21730	ENSG00000197405	728	PDBe + IUPHAR: chemical sites	mapped	1	1	0	0
HGNC:13557	ACE2	Q9BYF1	ENSG00000130234	59272	PDBe + IUPHAR: chemical sites	mapped	0	0	0	1
HGNC:1371	CA12	O43570	ENSG00000074410	771	PDBe + IUPHAR: chemical sites	mapped	0	0	0	1
HGNC:1372	CA14	Q9ULX7	ENSG00000118298	23632	PDBe + IUPHAR: chemical sites	mapped	0	0	0	1
HGNC:1375	CA4	P22748	ENSG00000167434	762	PDBe + IUPHAR: chemical sites	mapped	0	0	0	1
HGNC:1394	CACNA1G	O43497	ENSG00000006283	8913	PDBe + IUPHAR: chemical sites	mapped	0	0	0	0
HGNC:1396	CACNA1I	Q9P0X4	ENSG00000100346	8911	PDBe + IUPHAR: chemical sites	mapped	0	0	0	0
HGNC:14006	TRPV6	Q9H1D0	ENSG00000165125	55503	PDBe + IUPHAR: chemical sites	mapped	0	0	0	0
HGNC:14079	CHRNA9	Q9UGM1	ENSG00000174343	55584	PDBe + IUPHAR: chemical sites	mapped	0	0	0	1
HGNC:14920	TAS2R14	Q9NYV8	ENSG00000212127	50840	PDBe + IUPHAR: chemical sites	mapped	0	0	0	0
HGNC:1514	CASR	P41180	ENSG00000036828	846	PDBe + IUPHAR: chemical sites	mapped	0	0	0	1
HGNC:15632	TLR8	Q9NR97	ENSG00000101916	51311	PDBe + IUPHAR: chemical sites	mapped	0	0	0	1
HGNC:1603	CCR2	P41597	ENSG00000121807	729230	PDBe + IUPHAR: chemical sites	mapped	1	1	0	0
HGNC:1606	CCR5	P51681	ENSG00000160791	1234	PDBe + IUPHAR: chemical sites	mapped	1	1	0	0
HGNC:1610	CCR9	P51686	ENSG00000173585	10803	PDBe + IUPHAR: chemical sites	mapped	1	0	0	0
HGNC:16266	SLC19A3	Q9BZV2	ENSG00000135917	80704	PDBe + IUPHAR: chemical sites	mapped	0	0	0	0
HGNC:16442	P2RY14	Q15391	ENSG00000174944	9934	PDBe + IUPHAR: chemical sites	mapped	0	0	0	0
HGNC:16824	HCAR3	P49019	ENSG00000255398	8843	PDBe + IUPHAR: chemical sites	mapped	0	0	0	0
HGNC:171	ACVR1	Q04771	ENSG00000115170	90	PDBe + IUPHAR: chemical sites	mapped	0	1	0	0
HGNC:17383	HRH4	Q9H3N8	ENSG00000134489	59340	PDBe + IUPHAR: chemical sites	mapped	1	0	0	0
HGNC:17451	CYSLTR1	Q9Y271	ENSG00000173198	10800	PDBe + IUPHAR: chemical sites	mapped	1	0	0	0
HGNC:17635	CD274	Q9NZQ7	ENSG00000120217	29126	PDBe + IUPHAR: chemical sites	mapped	1	1	0	1
HGNC:17734	TAAR1	Q96RJ0	ENSG00000146399	134864	PDBe + IUPHAR: chemical sites	mapped	1	0	0	0
HGNC:17993	TRPM4	Q8TD43	ENSG00000130529	54795	PDBe + IUPHAR: chemical sites	mapped	0	0	0	0
HGNC:18124	P2RY12	Q9H244	ENSG00000169313	64805	PDBe + IUPHAR: chemical sites	mapped	0	0	0	0
HGNC:18274	CYSLTR2	Q9NS75	ENSG00000152207	57105	PDBe + IUPHAR: chemical sites	mapped	1	0	0	0
HGNC:1884	CFTR	P13569	ENSG00000001626	1080	PDBe + IUPHAR: chemical sites	mapped	0	0	0	0
HGNC:18875	TAS2R43	P59537	ENSG00000255374	259289	PDBe + IUPHAR: chemical sites	mapped	0	0	0	0
HGNC:18877	TAS2R46	P59540	ENSG00000226761	259292	PDBe + IUPHAR: chemical sites	mapped	0	0	0	0
HGNC:19061	FFAR4	Q5NUL3	ENSG00000186188	338557	PDBe + IUPHAR: chemical sites	mapped	0	0	0	0
HGNC:195	ADAM17	P78536	ENSG00000151694	6868	PDBe + IUPHAR: chemical sites	mapped	0	0	0	1
HGNC:1950	CHRM1	P11229	ENSG00000168539	1128	PDBe + IUPHAR: chemical sites	mapped	1	0	0	0
HGNC:1951	CHRM2	P08172	ENSG00000181072	1129	PDBe + IUPHAR: chemical sites	mapped	1	0	0	0
HGNC:1952	CHRM3	P20309	ENSG00000133019	1131	PDBe + IUPHAR: chemical sites	mapped	1	0	0	0
HGNC:1953	CHRM4	P08173	ENSG00000180720	1132	PDBe + IUPHAR: chemical sites	mapped	1	0	0	0
HGNC:1954	CHRM5	P08912	ENSG00000184984	1133	PDBe + IUPHAR: chemical sites	mapped	1	0	0	0
HGNC:1957	CHRNA3	P32297	ENSG00000080644	1136	PDBe + IUPHAR: chemical sites	mapped	0	0	0	1
HGNC:1958	CHRNA4	P43681	ENSG00000101204	1137	PDBe + IUPHAR: chemical sites	mapped	0	0	0	1
HGNC:20001	PCSK9	Q8NBP7	ENSG00000169174	255738	PDBe + IUPHAR: chemical sites	mapped	0	1	0	0
HGNC:2097	CMA1	P23946	ENSG00000092009	1215	PDBe + IUPHAR: chemical sites	mapped	0	0	0	0
HGNC:21367	CGAS	Q8N884	ENSG00000164430	115004	PDBe + IUPHAR: chemical sites	mapped	0	0	0	0
HGNC:2148	CNGA1	P29973	ENSG00000198515	1259	PDBe + IUPHAR: chemical sites	mapped	0	0	0	0
HGNC:2150	CNGA3	Q16281	ENSG00000144191	1261	PDBe + IUPHAR: chemical sites	mapped	0	0	0	0
HGNC:2159	CNR1	P21554	ENSG00000118432	1268	PDBe + IUPHAR: chemical sites	mapped	1	1	0	0
HGNC:2160	CNR2	P34972	ENSG00000188822	1269	PDBe + IUPHAR: chemical sites	mapped	1	0	0	0
HGNC:21683	NAPEPLD	Q6IQ20	ENSG00000161048	222236	PDBe + IUPHAR: chemical sites	mapped	0	0	0	0
HGNC:2433	CSF1R	P07333	ENSG00000182578	1436	PDBe + IUPHAR: chemical sites	mapped	1	1	0	0
HGNC:24827	HCAR2	Q8TDS4	ENSG00000182782	338442	PDBe + IUPHAR: chemical sites	mapped	0	0	0	0
HGNC:2529	CTSD	P07339	ENSG00000117984	1509	PDBe + IUPHAR: chemical sites	mapped	0	0	0	0
HGNC:2537	CTSL	P07711	ENSG00000135047	1514	PDBe + IUPHAR: chemical sites	mapped	0	0	0	0
HGNC:2545	CTSS	P25774	ENSG00000163131	1520	PDBe + IUPHAR: chemical sites	mapped	0	0	0	0
HGNC:2561	CXCR4	P61073	ENSG00000121966	7852	PDBe + IUPHAR: chemical sites	mapped	1	1	0	0
HGNC:2594	CYP19A1	P11511	ENSG00000137869	1588	PDBe + IUPHAR: chemical sites	mapped	0	0	0	0
HGNC:262	ADORA1	P30542	ENSG00000163485	134	PDBe + IUPHAR: chemical sites	mapped	1	0	0	0
HGNC:2625	CYP2D6	P10635	ENSG00000100197	1565	PDBe + IUPHAR: chemical sites	mapped	0	0	0	0
HGNC:263	ADORA2A	P29274	ENSG00000128271	135	PDBe + IUPHAR: chemical sites	mapped	1	0	0	0
HGNC:264	ADORA2B	P29275	ENSG00000170425	136	PDBe + IUPHAR: chemical sites	mapped	1	0	0	0
HGNC:26617	MLKL	Q8NB16	ENSG00000168404	197259	PDBe + IUPHAR: chemical sites	mapped	0	0	0	0
HGNC:268	ADORA3	P0DMS8	ENSG00000282608	140	PDBe + IUPHAR: chemical sites	mapped	1	0	0	0
HGNC:2707	ACE	P12821	ENSG00000159640	1636	PDBe + IUPHAR: chemical sites	mapped	0	0	0	1
HGNC:2730	DDR1	Q08345	ENSG00000204580	780	PDBe + IUPHAR: chemical sites	mapped	0	0	0	0
HGNC:281	ADRA2A	P08913	ENSG00000150594	150	PDBe + IUPHAR: chemical sites	mapped	1	0	0	0
HGNC:282	ADRA2B	P18089	ENSG00000274286	151	PDBe + IUPHAR: chemical sites	mapped	1	0	0	0
HGNC:286	ADRB2	P07550	ENSG00000169252	154	PDBe + IUPHAR: chemical sites	mapped	1	0	0	0
HGNC:3009	DPP4	P27487	ENSG00000197635	1803	PDBe + IUPHAR: chemical sites	mapped	1	1	0	1
HGNC:3020	DRD1	P21728	ENSG00000184845	1812	PDBe + IUPHAR: chemical sites	mapped	1	0	0	0
HGNC:3023	DRD2	P14416	ENSG00000149295	1813	PDBe + IUPHAR: chemical sites	mapped	1	0	0	0
HGNC:3024	DRD3	P35462	ENSG00000151577	1814	PDBe + IUPHAR: chemical sites	mapped	1	0	0	0
HGNC:3165	S1PR1	P21453	ENSG00000170989	1901	PDBe + IUPHAR: chemical sites	mapped	0	0	0	0
HGNC:3166	LPAR1	Q92633	ENSG00000198121	1902	PDBe + IUPHAR: chemical sites	mapped	1	0	0	0
HGNC:3167	S1PR3	Q99500	ENSG00000213694	1903	PDBe + IUPHAR: chemical sites	mapped	0	0	0	0
HGNC:3169	S1PR2	O95136	ENSG00000267534	9294	PDBe + IUPHAR: chemical sites	mapped	1	0	0	0
HGNC:3180	EDNRB	P24530	ENSG00000136160	1910	PDBe + IUPHAR: chemical sites	mapped	1	0	0	0
HGNC:3236	EGFR	P00533	ENSG00000146648	1956	PDBe + IUPHAR: chemical sites	mapped	1	1	0	0
HGNC:3357	ENPP2	Q13822	ENSG00000136960	5168	PDBe + IUPHAR: chemical sites	mapped	0	0	0	0
HGNC:336	AGTR1	P30556	ENSG00000144891	185	PDBe + IUPHAR: chemical sites	mapped	1	0	0	0
HGNC:338	AGTR2	P50052	ENSG00000180772	186	PDBe + IUPHAR: chemical sites	mapped	1	0	0	0
HGNC:3386	EPHA2	P29317	ENSG00000142627	1969	PDBe + IUPHAR: chemical sites	mapped	1	0	0	0
HGNC:3387	EPHA3	P29320	ENSG00000044524	2042	PDBe + IUPHAR: chemical sites	mapped	1	1	0	0
HGNC:3395	EPHB4	P54760	ENSG00000196411	2050	PDBe + IUPHAR: chemical sites	mapped	1	0	0	0
HGNC:3535	F2	P00734	ENSG00000180210	2147	PDBe + IUPHAR: chemical sites	mapped	0	0	0	0
HGNC:3537	F2R	P25116	ENSG00000181104	2149	PDBe + IUPHAR: chemical sites	mapped	1	0	0	0
HGNC:3538	F2RL1	P55085	ENSG00000164251	2150	PDBe + IUPHAR: chemical sites	mapped	0	0	0	0
HGNC:3594	FASN	P49327	ENSG00000169710	2194	PDBe + IUPHAR: chemical sites	mapped	0	0	0	0
HGNC:3688	FGFR1	P11362	ENSG00000077782	2260	PDBe + IUPHAR: chemical sites	mapped	1	1	0	0
HGNC:3689	FGFR2	P21802	ENSG00000066468	2263	PDBe + IUPHAR: chemical sites	mapped	1	1	0	0
HGNC:3691	FGFR4	P22455	ENSG00000160867	2264	PDBe + IUPHAR: chemical sites	mapped	1	0	0	0
HGNC:3765	FLT3	P36888	ENSG00000122025	2322	PDBe + IUPHAR: chemical sites	mapped	1	1	0	0
HGNC:40	ABCB1	P08183	ENSG00000085563	5243	PDBe + IUPHAR: chemical sites	mapped	0	0	0	0
HGNC:4065	GAA	P10253	ENSG00000171298	2548	PDBe + IUPHAR: chemical sites	mapped	0	0	0	0
HGNC:4075	GABRA1	P14867	ENSG00000022355	2554	PDBe + IUPHAR: chemical sites	mapped	0	0	0	1
HGNC:4077	GABRA3	P34903	ENSG00000011677	2556	PDBe + IUPHAR: chemical sites	mapped	0	0	0	1
HGNC:4079	GABRA5	P31644	ENSG00000186297	2558	PDBe + IUPHAR: chemical sites	mapped	0	0	0	1
HGNC:4192	GCGR	P47871	ENSG00000215644	2642	PDBe + IUPHAR: chemical sites	mapped	1	1	0	0
HGNC:427	ALK	Q9UM73	ENSG00000171094	238	PDBe + IUPHAR: chemical sites	mapped	1	0	0	0
HGNC:4327	GLRA2	P23416	ENSG00000101958	2742	PDBe + IUPHAR: chemical sites	mapped	0	0	0	1
HGNC:4328	GLRA3	O75311	ENSG00000145451	8001	PDBe + IUPHAR: chemical sites	mapped	0	0	0	1
HGNC:4495	MLNR	O43193	ENSG00000102539	2862	PDBe + IUPHAR: chemical sites	mapped	1	0	0	0
HGNC:4498	FFAR1	O14842	ENSG00000126266	2864	PDBe + IUPHAR: chemical sites	mapped	0	0	0	0
HGNC:4499	FFAR3	O14843	ENSG00000185897	2865	PDBe + IUPHAR: chemical sites	mapped	0	0	0	0
HGNC:4502	PTGDR2	Q9Y5Y4	ENSG00000183134	11251	PDBe + IUPHAR: chemical sites	mapped	1	0	0	0
HGNC:4531	OXGR1	Q96P68	ENSG00000165621	27199	PDBe + IUPHAR: chemical sites	mapped	0	0	0	0
HGNC:4532	HCAR1	Q9BXC0	ENSG00000196917	27198	PDBe + IUPHAR: chemical sites	mapped	0	0	0	0
HGNC:4537	P2RY13	Q9BPV8	ENSG00000181631	53829	PDBe + IUPHAR: chemical sites	mapped	0	0	0	0
HGNC:4542	SUCNR1	Q9BXA5	ENSG00000198829	56670	PDBe + IUPHAR: chemical sites	mapped	0	0	0	0
HGNC:4593	GRM1	Q13255	ENSG00000152822	2911	PDBe + IUPHAR: chemical sites	mapped	1	0	0	1
HGNC:4594	GRM2	Q14416	ENSG00000164082	2912	PDBe + IUPHAR: chemical sites	mapped	1	0	0	1
HGNC:4595	GRM3	Q14832	ENSG00000198822	2913	PDBe + IUPHAR: chemical sites	mapped	1	0	0	1
HGNC:4596	GRM4	Q14833	ENSG00000124493	2914	PDBe + IUPHAR: chemical sites	mapped	1	0	0	1
HGNC:4597	GRM5	P41594	ENSG00000168959	2915	PDBe + IUPHAR: chemical sites	mapped	1	0	0	1
HGNC:4599	GRM7	Q14831	ENSG00000196277	2917	PDBe + IUPHAR: chemical sites	mapped	1	0	0	1
HGNC:4600	GRM8	O00222	ENSG00000179603	2918	PDBe + IUPHAR: chemical sites	mapped	1	0	0	1
HGNC:4840	HCK	P08631	ENSG00000101336	3055	PDBe + IUPHAR: chemical sites	mapped	0	0	0	0
HGNC:4848	HCRTR1	O43613	ENSG00000121764	3061	PDBe + IUPHAR: chemical sites	mapped	1	0	0	0
HGNC:4849	HCRTR2	O43614	ENSG00000137252	3062	PDBe + IUPHAR: chemical sites	mapped	1	0	0	0
HGNC:497	TRPA1	O75762	ENSG00000104321	8989	PDBe + IUPHAR: chemical sites	mapped	0	0	0	0
HGNC:5182	HRH1	P35367	ENSG00000196639	3269	PDBe + IUPHAR: chemical sites	mapped	1	0	0	0
HGNC:5184	HRH3	Q9Y5N1	ENSG00000101180	11255	PDBe + IUPHAR: chemical sites	mapped	1	0	0	0
HGNC:5238	HSPA5	P11021	ENSG00000044574	3309	PDBe + IUPHAR: chemical sites	mapped	0	0	0	0
HGNC:5253	HSP90AA1	P07900	ENSG00000080824	3320	PDBe + IUPHAR: chemical sites	mapped	0	0	0	0
HGNC:5286	HTR1A	P08908	ENSG00000178394	3350	PDBe + IUPHAR: chemical sites	mapped	1	0	0	0
HGNC:5287	HTR1B	P28222	ENSG00000135312	3351	PDBe + IUPHAR: chemical sites	mapped	1	0	0	0
HGNC:5289	HTR1D	P28221	ENSG00000179546	3352	PDBe + IUPHAR: chemical sites	mapped	1	0	0	0
HGNC:5293	HTR2A	P28223	ENSG00000102468	3356	PDBe + IUPHAR: chemical sites	mapped	1	0	0	0
HGNC:5294	HTR2B	P41595	ENSG00000135914	3357	PDBe + IUPHAR: chemical sites	mapped	1	0	0	0
HGNC:5295	HTR2C	P28335	ENSG00000147246	3358	PDBe + IUPHAR: chemical sites	mapped	1	0	0	0
HGNC:5299	HTR4	Q13639	ENSG00000164270	3360	PDBe + IUPHAR: chemical sites	mapped	1	0	0	0
HGNC:5301	HTR6	P50406	ENSG00000158748	3362	PDBe + IUPHAR: chemical sites	mapped	1	0	0	0
HGNC:5381	IDE	P14735	ENSG00000119912	3416	PDBe + IUPHAR: chemical sites	mapped	0	0	0	0
HGNC:5465	IGF1R	P08069	ENSG00000140443	3480	PDBe + IUPHAR: chemical sites	mapped	1	1	0	0
HGNC:6193	JAK3	P52333	ENSG00000105639	3718	PDBe + IUPHAR: chemical sites	mapped	0	0	0	0
HGNC:6291	KCNN2	Q9H2S1	ENSG00000080709	3781	PDBe + IUPHAR: chemical sites	mapped	0	0	0	0
HGNC:6293	KCNN4	O15554	ENSG00000104783	3783	PDBe + IUPHAR: chemical sites	mapped	0	0	0	0
HGNC:6307	KDR	P35968	ENSG00000128052	3791	PDBe + IUPHAR: chemical sites	mapped	1	1	0	0
HGNC:6342	KIT	P10721	ENSG00000157404	3815	PDBe + IUPHAR: chemical sites	mapped	1	1	0	0
HGNC:6563	LGALS3	P17931	ENSG00000131981	3958	PDBe + IUPHAR: chemical sites	mapped	0	0	0	0
HGNC:6713	LTB4R	Q15722	ENSG00000213903	1241	PDBe + IUPHAR: chemical sites	mapped	1	0	0	0
HGNC:7027	MERTK	Q12866	ENSG00000153208	10461	PDBe + IUPHAR: chemical sites	mapped	1	0	0	0
HGNC:7029	MET	P08581	ENSG00000105976	4233	PDBe + IUPHAR: chemical sites	mapped	1	1	0	0
HGNC:7043	MGAM	O43451	ENSG00000257335	8972	PDBe + IUPHAR: chemical sites	mapped	0	0	0	0
HGNC:7097	MIF	P14174	ENSG00000240972	4282	PDBe + IUPHAR: chemical sites	mapped	0	0	0	0
HGNC:7154	MME	P08473	ENSG00000196549	4311	PDBe + IUPHAR: chemical sites	mapped	0	0	0	1
HGNC:736	NAAA	Q02083	ENSG00000138744	27163	PDBe + IUPHAR: chemical sites	mapped	0	0	0	0
HGNC:7463	MTNR1A	P48039	ENSG00000168412	4543	PDBe + IUPHAR: chemical sites	mapped	1	0	0	0
HGNC:7464	MTNR1B	P49286	ENSG00000134640	4544	PDBe + IUPHAR: chemical sites	mapped	1	0	0	0
HGNC:7956	NPY1R	P25929	ENSG00000164128	4886	PDBe + IUPHAR: chemical sites	mapped	1	0	0	0
HGNC:8004	NRP1	O14786	ENSG00000099250	8829	PDBe + IUPHAR: chemical sites	mapped	1	1	0	1
HGNC:8021	NT5E	P21589	ENSG00000135318	4907	PDBe + IUPHAR: chemical sites	mapped	0	1	0	1
HGNC:8031	NTRK1	P04629	ENSG00000198400	4914	PDBe + IUPHAR: chemical sites	mapped	1	0	0	0
HGNC:8153	OPRD1	P41143	ENSG00000116329	4985	PDBe + IUPHAR: chemical sites	mapped	1	0	0	0
HGNC:8154	OPRK1	P41145	ENSG00000082556	4986	PDBe + IUPHAR: chemical sites	mapped	1	0	0	0
HGNC:8155	OPRL1	P41146	ENSG00000125510	4987	PDBe + IUPHAR: chemical sites	mapped	1	0	0	0
HGNC:8156	OPRM1	P35372	ENSG00000112038	4988	PDBe + IUPHAR: chemical sites	mapped	1	0	0	0
HGNC:8157	SIGMAR1	Q99720	ENSG00000147955	10280	PDBe + IUPHAR: chemical sites	mapped	0	0	0	0
HGNC:8533	P2RX1	P51575	ENSG00000108405	5023	PDBe + IUPHAR: chemical sites	mapped	0	0	0	1
HGNC:8534	P2RX3	P56373	ENSG00000109991	5024	PDBe + IUPHAR: chemical sites	mapped	0	0	0	1
HGNC:8535	P2RX4	Q99571	ENSG00000135124	5025	PDBe + IUPHAR: chemical sites	mapped	0	0	0	1
HGNC:8537	P2RX7	Q99572	ENSG00000089041	5027	PDBe + IUPHAR: chemical sites	mapped	0	0	0	1
HGNC:8539	P2RY1	P47900	ENSG00000169860	5028	PDBe + IUPHAR: chemical sites	mapped	0	0	0	0
HGNC:8541	P2RY2	P41231	ENSG00000175591	5029	PDBe + IUPHAR: chemical sites	mapped	0	0	0	0
HGNC:8542	P2RY4	P51582	ENSG00000186912	5030	PDBe + IUPHAR: chemical sites	mapped	0	0	0	0
HGNC:8599	PANX1	Q96RD7	ENSG00000110218	24145	PDBe + IUPHAR: chemical sites	mapped	0	0	0	1
HGNC:8783	PDE4D	Q08499	ENSG00000113448	5144	PDBe + IUPHAR: chemical sites	mapped	0	0	0	0
HGNC:8803	PDGFRA	P16234	ENSG00000134853	5156	PDBe + IUPHAR: chemical sites	mapped	1	1	0	0
HGNC:9021	PKM	P14618	ENSG00000067225	5315	PDBe + IUPHAR: chemical sites	mapped	0	0	0	0
HGNC:9031	PLA2G2A	P14555	ENSG00000188257	5320	PDBe + IUPHAR: chemical sites	mapped	1	0	0	0
HGNC:9040	PLA2G7	Q13093	ENSG00000146070	7941	PDBe + IUPHAR: chemical sites	mapped	0	0	0	0
HGNC:9052	PLAU	P00749	ENSG00000122861	5328	PDBe + IUPHAR: chemical sites	mapped	0	0	0	0
HGNC:9253	PPIA	P62937	ENSG00000196262	5478	PDBe + IUPHAR: chemical sites	mapped	1	0	0	0
HGNC:933	BACE1	P56817	ENSG00000186318	23621	PDBe + IUPHAR: chemical sites	mapped	0	0	0	1
HGNC:934	BACE2	Q9Y5Z0	ENSG00000182240	25825	PDBe + IUPHAR: chemical sites	mapped	0	0	0	1
HGNC:9393	PRKCA	P17252	ENSG00000154229	5578	PDBe + IUPHAR: chemical sites	mapped	0	0	0	0
HGNC:9405	PKN1	Q16512	ENSG00000123143	5585	PDBe + IUPHAR: chemical sites	mapped	0	0	0	0
HGNC:9582	PTAFR	P25105	ENSG00000169403	5724	PDBe + IUPHAR: chemical sites	mapped	0	0	0	0
HGNC:9591	PTGDR	Q13258	ENSG00000168229	5729	PDBe + IUPHAR: chemical sites	mapped	1	0	0	0
HGNC:9593	PTGER1	P34995	ENSG00000160951	5731	PDBe + IUPHAR: chemical sites	mapped	1	0	0	0
HGNC:9594	PTGER2	P43116	ENSG00000125384	5732	PDBe + IUPHAR: chemical sites	mapped	1	0	0	0
HGNC:9595	PTGER3	P43115	ENSG00000050628	5733	PDBe + IUPHAR: chemical sites	mapped	1	0	0	0
HGNC:9596	PTGER4	P35408	ENSG00000171522	5734	PDBe + IUPHAR: chemical sites	mapped	1	0	0	0
HGNC:9612	PTK2B	Q14289	ENSG00000120899	2185	PDBe + IUPHAR: chemical sites	mapped	0	0	0	0
HGNC:9671	PTPRG	P23470	ENSG00000144724	5793	PDBe + IUPHAR: chemical sites	mapped	0	0	0	0
HGNC:9753	QPCT	Q16769	ENSG00000115828	25797	PDBe + IUPHAR: chemical sites	mapped	0	0	0	0
HGNC:9958	REN	P00797	ENSG00000143839	5972	PDBe + IUPHAR: chemical sites	mapped	0	0	0	0
HGNC:9967	RET	P07949	ENSG00000165731	5979	PDBe + IUPHAR: chemical sites	mapped	0	0	0	0
HGNC:1029	BDKRB1	P46663	ENSG00000100739	623	PDBe + IUPHAR: protein ligands	mapped	1	0	0	0
HGNC:1030	BDKRB2	P30411	ENSG00000168398	624	PDBe + IUPHAR: protein ligands	mapped	1	0	0	0
HGNC:10608	SCTR	P47872	ENSG00000080293	6344	PDBe + IUPHAR: protein ligands	mapped	1	0	0	0
HGNC:10721	SELP	P16109	ENSG00000174175	6403	PDBe + IUPHAR: protein ligands	mapped	1	1	0	1
HGNC:11331	SSTR2	P30874	ENSG00000180616	6752	PDBe + IUPHAR: protein ligands	mapped	1	1	0	0
HGNC:11332	SSTR3	P32745	ENSG00000278195	6753	PDBe + IUPHAR: protein ligands	mapped	1	0	0	0
HGNC:11333	SSTR4	P31391	ENSG00000132671	6754	PDBe + IUPHAR: protein ligands	mapped	1	0	0	0
HGNC:11334	SSTR5	P35346	ENSG00000162009	6755	PDBe + IUPHAR: protein ligands	mapped	1	0	0	0
HGNC:11526	TACR1	P25103	ENSG00000115353	6869	PDBe + IUPHAR: protein ligands	mapped	1	0	0	1
HGNC:11527	TACR2	P21452	ENSG00000075073	6865	PDBe + IUPHAR: protein ligands	mapped	1	0	0	0
HGNC:11528	TACR3	P29371	ENSG00000169836	6870	PDBe + IUPHAR: protein ligands	mapped	1	0	0	0
HGNC:11724	TEK	Q02763	ENSG00000120156	7010	PDBe + IUPHAR: protein ligands	mapped	1	0	0	1
HGNC:11773	TGFBR2	P37173	ENSG00000163513	7048	PDBe + IUPHAR: protein ligands	mapped	0	1	0	1
HGNC:11904	TNFRSF10A	O00220	ENSG00000104689	8797	PDBe + IUPHAR: protein ligands	mapped	1	0	0	1
HGNC:11905	TNFRSF10B	O14763	ENSG00000120889	8795	PDBe + IUPHAR: protein ligands	mapped	1	1	0	1
HGNC:11912	TNFRSF14	Q92956	ENSG00000157873	8764	PDBe + IUPHAR: protein ligands	mapped	1	0	0	1
HGNC:11913	TNFRSF17	Q02223	ENSG00000048462	608	PDBe + IUPHAR: protein ligands	mapped	1	1	0	1
HGNC:11914	TNFRSF18	Q9Y5U5	ENSG00000186891	8784	PDBe + IUPHAR: protein ligands	mapped	1	1	0	1
HGNC:11916	TNFRSF1A	P19438	ENSG00000067182	7132	PDBe + IUPHAR: protein ligands	mapped	1	0	0	1
HGNC:11917	TNFRSF1B	P20333	ENSG00000028137	7133	PDBe + IUPHAR: protein ligands	mapped	1	1	0	1
HGNC:11918	TNFRSF4	P43489	ENSG00000186827	7293	PDBe + IUPHAR: protein ligands	mapped	1	1	0	1
HGNC:11919	CD40	P25942	ENSG00000101017	958	PDBe + IUPHAR: protein ligands	mapped	1	1	0	1
HGNC:11922	CD27	P26842	ENSG00000139193	939	PDBe + IUPHAR: protein ligands	mapped	1	1	0	1
HGNC:11924	TNFRSF9	Q07011	ENSG00000049249	3604	PDBe + IUPHAR: protein ligands	mapped	1	1	0	1
HGNC:12694	VIPR1	P32241	ENSG00000114812	7433	PDBe + IUPHAR: protein ligands	mapped	1	0	0	0
HGNC:12695	VIPR2	P41587	ENSG00000106018	7434	PDBe + IUPHAR: protein ligands	mapped	1	0	0	0
HGNC:1319	C3AR1	Q16581	ENSG00000171860	719	PDBe + IUPHAR: protein ligands	mapped	1	0	0	0
HGNC:13299	LGR4	Q9BXB1	ENSG00000205213	55366	PDBe + IUPHAR: protein ligands	mapped	1	0	0	1
HGNC:1338	C5AR1	P21730	ENSG00000197405	728	PDBe + IUPHAR: protein ligands	mapped	1	1	0	0
HGNC:1440	CALCR	P30988	ENSG00000004948	799	PDBe + IUPHAR: protein ligands	mapped	1	0	0	0
HGNC:14666	RXFP4	Q8TDU9	ENSG00000173080	339403	PDBe + IUPHAR: protein ligands	mapped	1	0	0	0
HGNC:15565	QRFPR	Q96P65	ENSG00000186867	84109	PDBe + IUPHAR: protein ligands	mapped	1	0	0	0
HGNC:1570	CCKAR	P32238	ENSG00000163394	886	PDBe + IUPHAR: protein ligands	mapped	1	0	0	0
HGNC:1571	CCKBR	P32239	ENSG00000110148	887	PDBe + IUPHAR: protein ligands	mapped	1	0	0	0
HGNC:1602	CCR1	P32246	ENSG00000163823	1230	PDBe + IUPHAR: protein ligands	mapped	1	0	0	0
HGNC:1603	CCR2	P41597	ENSG00000121807	729230	PDBe + IUPHAR: protein ligands	mapped	1	1	0	0
HGNC:1606	CCR5	P51681	ENSG00000160791	1234	PDBe + IUPHAR: protein ligands	mapped	1	1	0	1
HGNC:1607	CCR6	P51684	ENSG00000112486	1235	PDBe + IUPHAR: protein ligands	mapped	1	0	0	1
HGNC:1608	CCR7	P32248	ENSG00000126353	1236	PDBe + IUPHAR: protein ligands	mapped	1	0	0	0
HGNC:1625	XCR1	P46094	ENSG00000173578	2829	PDBe + IUPHAR: protein ligands	mapped	1	0	0	0
HGNC:16454	NMUR2	Q9GZQ4	ENSG00000132911	56923	PDBe + IUPHAR: protein ligands	mapped	1	0	0	0
HGNC:17755	TNFRSF13C	Q96RJ3	ENSG00000159958	115650	PDBe + IUPHAR: protein ligands	mapped	1	1	0	1
HGNC:17962	MRGPRX1	Q96LB2	ENSG00000170255	259249	PDBe + IUPHAR: protein ligands	mapped	0	0	0	0
HGNC:17983	MRGPRX2	Q96LB1	ENSG00000183695	117194	PDBe + IUPHAR: protein ligands	mapped	0	0	0	0
HGNC:20867	MCHR2	Q969V1	ENSG00000152034	84539	PDBe + IUPHAR: protein ligands	mapped	1	0	0	0
HGNC:2121	CMKLR1	Q99788	ENSG00000174600	1240	PDBe + IUPHAR: protein ligands	mapped	1	0	0	0
HGNC:2357	CRHR1	P34998	ENSG00000120088	1394	PDBe + IUPHAR: protein ligands	mapped	1	0	0	1
HGNC:2358	CRHR2	Q13324	ENSG00000106113	1395	PDBe + IUPHAR: protein ligands	mapped	1	0	0	1
HGNC:23692	ACKR3	P25106	ENSG00000144476	57007	PDBe + IUPHAR: protein ligands	mapped	1	0	0	0
HGNC:242	ADCYAP1R1	P41586	ENSG00000078549	117	PDBe + IUPHAR: protein ligands	mapped	1	1	0	1
HGNC:2433	CSF1R	P07333	ENSG00000182578	1436	PDBe + IUPHAR: protein ligands	mapped	1	1	0	1
HGNC:2435	CSF2RA	P15509	ENSG00000198223	1438	PDBe + IUPHAR: protein ligands	mapped	0	1	0	1
HGNC:2439	CSF3R	Q99062	ENSG00000119535	1441	PDBe + IUPHAR: protein ligands	mapped	1	1	0	1
HGNC:24883	RXFP3	Q9NSD7	ENSG00000182631	51289	PDBe + IUPHAR: protein ligands	mapped	1	0	0	0
HGNC:2561	CXCR4	P61073	ENSG00000121966	7852	PDBe + IUPHAR: protein ligands	mapped	1	1	0	1
HGNC:2895	EDAR	Q9UNE0	ENSG00000135960	10913	PDBe + IUPHAR: protein ligands	mapped	0	0	0	1
HGNC:3179	EDNRA	P25101	ENSG00000151617	1909	PDBe + IUPHAR: protein ligands	mapped	1	1	0	0
HGNC:3180	EDNRB	P24530	ENSG00000136160	1910	PDBe + IUPHAR: protein ligands	mapped	1	0	0	0
HGNC:3236	EGFR	P00533	ENSG00000146648	1956	PDBe + IUPHAR: protein ligands	mapped	1	1	0	1
HGNC:32789	GFRAL	Q6UXV0	ENSG00000187871	389400	PDBe + IUPHAR: protein ligands	mapped	0	0	0	1
HGNC:336	AGTR1	P30556	ENSG00000144891	185	PDBe + IUPHAR: protein ligands	mapped	1	0	0	0
HGNC:338	AGTR2	P50052	ENSG00000180772	186	PDBe + IUPHAR: protein ligands	mapped	1	0	0	0
HGNC:339	APLNR	P35414	ENSG00000134817	187	PDBe + IUPHAR: protein ligands	mapped	1	0	0	0
HGNC:3416	EPOR	P19235	ENSG00000187266	2057	PDBe + IUPHAR: protein ligands	mapped	1	0	0	1
HGNC:3431	ERBB3	P21860	ENSG00000065361	2065	PDBe + IUPHAR: protein ligands	mapped	1	1	0	1
HGNC:3432	ERBB4	Q15303	ENSG00000178568	2066	PDBe + IUPHAR: protein ligands	mapped	1	0	0	1
HGNC:3763	FLT1	P17948	ENSG00000102755	2321	PDBe + IUPHAR: protein ligands	mapped	1	1	0	1
HGNC:3765	FLT3	P36888	ENSG00000122025	2322	PDBe + IUPHAR: protein ligands	mapped	1	1	0	1
HGNC:3767	FLT4	P35916	ENSG00000037280	2324	PDBe + IUPHAR: protein ligands	mapped	1	0	0	1
HGNC:3827	FPR2	P25090	ENSG00000171049	2358	PDBe + IUPHAR: protein ligands	mapped	1	0	0	0
HGNC:4132	GALR1	P47211	ENSG00000166573	2587	PDBe + IUPHAR: protein ligands	mapped	1	0	0	0
HGNC:4133	GALR2	O43603	ENSG00000182687	8811	PDBe + IUPHAR: protein ligands	mapped	1	0	0	0
HGNC:4192	GCGR	P47871	ENSG00000215644	2642	PDBe + IUPHAR: protein ligands	mapped	1	1	0	0
HGNC:4263	GHR	P10912	ENSG00000112964	2690	PDBe + IUPHAR: protein ligands	mapped	1	0	0	1
HGNC:4266	GHRHR	Q02643	ENSG00000106128	2692	PDBe + IUPHAR: protein ligands	mapped	1	0	0	0
HGNC:4267	GHSR	Q92847	ENSG00000121853	2693	PDBe + IUPHAR: protein ligands	mapped	1	0	0	0
HGNC:4271	GIPR	P48546	ENSG00000010310	2696	PDBe + IUPHAR: protein ligands	mapped	1	1	0	1
HGNC:4324	GLP1R	P43220	ENSG00000112164	2740	PDBe + IUPHAR: protein ligands	mapped	1	1	0	1
HGNC:4325	GLP2R	O95838	ENSG00000065325	9340	PDBe + IUPHAR: protein ligands	mapped	1	0	0	0
HGNC:4463	CMKLR2	P46091	ENSG00000183671	2825	PDBe + IUPHAR: protein ligands	mapped	1	0	0	0
HGNC:4464	PRLHR	P49683	ENSG00000119973	2834	PDBe + IUPHAR: protein ligands	mapped	1	0	0	0
HGNC:4479	MCHR1	Q99705	ENSG00000128285	2847	PDBe + IUPHAR: protein ligands	mapped	1	0	0	0
HGNC:4495	MLNR	O43193	ENSG00000102539	2862	PDBe + IUPHAR: protein ligands	mapped	1	0	0	0
HGNC:4504	LGR5	O75473	ENSG00000139292	8549	PDBe + IUPHAR: protein ligands	mapped	1	1	0	1
HGNC:4510	KISS1R	Q969F8	ENSG00000116014	84634	PDBe + IUPHAR: protein ligands	mapped	1	0	0	0
HGNC:4518	NMUR1	Q9HB89	ENSG00000171596	10316	PDBe + IUPHAR: protein ligands	mapped	1	0	0	0
HGNC:4525	NPFFR2	Q9Y5X5	ENSG00000056291	10886	PDBe + IUPHAR: protein ligands	mapped	1	0	0	0
HGNC:4527	C5AR2	Q9P296	ENSG00000134830	27202	PDBe + IUPHAR: protein ligands	mapped	1	0	0	0
HGNC:4540	CXCR3	P49682	ENSG00000186810	2833	PDBe + IUPHAR: protein ligands	mapped	1	0	0	0
HGNC:4609	GRPR	P30550	ENSG00000126010	2925	PDBe + IUPHAR: protein ligands	mapped	1	0	0	0
HGNC:4849	HCRTR2	O43614	ENSG00000137252	3062	PDBe + IUPHAR: protein ligands	mapped	1	0	0	0
HGNC:5238	HSPA5	P11021	ENSG00000044574	3309	PDBe + IUPHAR: protein ligands	mapped	0	0	0	0
HGNC:5465	IGF1R	P08069	ENSG00000140443	3480	PDBe + IUPHAR: protein ligands	mapped	1	1	0	0
HGNC:6012	IL3RA	P26951	ENSG00000185291	3563	PDBe + IUPHAR: protein ligands	mapped	0	1	0	1
HGNC:6017	IL5RA	Q01344	ENSG00000091181	3568	PDBe + IUPHAR: protein ligands	mapped	0	1	0	1
HGNC:6019	IL6R	P08887	ENSG00000160712	3570	PDBe + IUPHAR: protein ligands	mapped	1	1	0	1
HGNC:6026	CXCR1	P25024	ENSG00000163464	3577	PDBe + IUPHAR: protein ligands	mapped	1	0	0	1
HGNC:6027	CXCR2	P25025	ENSG00000180871	3579	PDBe + IUPHAR: protein ligands	mapped	1	0	0	0
HGNC:6091	INSR	P06213	ENSG00000171105	3643	PDBe + IUPHAR: protein ligands	mapped	1	1	0	1
HGNC:6307	KDR	P35968	ENSG00000128052	3791	PDBe + IUPHAR: protein ligands	mapped	1	1	0	1
HGNC:6342	KIT	P10721	ENSG00000157404	3815	PDBe + IUPHAR: protein ligands	mapped	1	1	0	1
HGNC:6585	LHCGR	P22888	ENSG00000138039	3973	PDBe + IUPHAR: protein ligands	mapped	1	0	0	1
HGNC:6718	LTBR	P36941	ENSG00000111321	4055	PDBe + IUPHAR: protein ligands	mapped	1	0	0	1
HGNC:6931	MC3R	P41968	ENSG00000124089	4159	PDBe + IUPHAR: protein ligands	mapped	1	0	0	0
HGNC:6932	MC4R	P32245	ENSG00000166603	4160	PDBe + IUPHAR: protein ligands	mapped	1	0	0	0
HGNC:6933	MC5R	P33032	ENSG00000176136	4161	PDBe + IUPHAR: protein ligands	mapped	1	0	0	0
HGNC:7029	MET	P08581	ENSG00000105976	4233	PDBe + IUPHAR: protein ligands	mapped	1	1	0	1
HGNC:7217	MPL	P40238	ENSG00000117400	4352	PDBe + IUPHAR: protein ligands	mapped	1	0	0	1
HGNC:7843	NMBR	P28336	ENSG00000135577	4829	PDBe + IUPHAR: protein ligands	mapped	1	0	0	0
HGNC:7943	NPR1	P16066	ENSG00000169418	4881	PDBe + IUPHAR: protein ligands	mapped	1	1	0	1
HGNC:7956	NPY1R	P25929	ENSG00000164128	4886	PDBe + IUPHAR: protein ligands	mapped	1	0	0	0
HGNC:7957	NPY2R	P49146	ENSG00000185149	4887	PDBe + IUPHAR: protein ligands	mapped	1	0	0	0
HGNC:8039	NTSR1	P30989	ENSG00000101188	4923	PDBe + IUPHAR: protein ligands	mapped	1	0	0	0
HGNC:8154	OPRK1	P41145	ENSG00000082556	4986	PDBe + IUPHAR: protein ligands	mapped	1	0	0	0
HGNC:8529	OXTR	P30559	ENSG00000180914	5021	PDBe + IUPHAR: protein ligands	mapped	1	0	0	0
HGNC:8760	PDCD1	Q15116	ENSG00000188389	5133	PDBe + IUPHAR: protein ligands	mapped	1	1	0	1
HGNC:897	AVPR2	P30518	ENSG00000126895	554	PDBe + IUPHAR: protein ligands	mapped	1	0	0	0
HGNC:905	AXL	P30530	ENSG00000167601	558	PDBe + IUPHAR: protein ligands	mapped	1	1	0	1
HGNC:9329	NPY4R	P50391	ENSG00000204174	5540	PDBe + IUPHAR: protein ligands	mapped	1	0	0	0
HGNC:9608	PTH1R	Q03431	ENSG00000160801	5745	PDBe + IUPHAR: protein ligands	mapped	1	0	0	1
HGNC:11849	TLR3	O15455	ENSG00000164342	7098	BioGRID-linked minibinders	mapped	0	0	0	0
HGNC:100	ASIC1	P78348	ENSG00000110881	41	BioLiP: biological ligand sites	mapped	0	0	0	0
HGNC:10006	RHAG	Q02094	ENSG00000112077	6005	BioLiP: biological ligand sites	mapped	0	0	0	0
HGNC:10019	RIPK1	Q13546	ENSG00000137275	8737	BioLiP: biological ligand sites	mapped	0	0	0	0
HGNC:10045	RNASE2	P10153	ENSG00000169385	6036	BioLiP: biological ligand sites	mapped	0	0	0	0
HGNC:10047	RNASE4	P34096	ENSG00000258818	6038	BioLiP: biological ligand sites	mapped	0	0	0	0
HGNC:10256	ROR1	Q01973	ENSG00000185483	4919	BioLiP: biological ligand sites	mapped	1	1	0	0
HGNC:10261	ROS1	P08922	ENSG00000047936	6098	BioLiP: biological ligand sites	mapped	0	0	0	0
HGNC:10274	RP2	O75695	ENSG00000102218	6102	BioLiP: biological ligand sites	mapped	0	0	0	0
HGNC:1029	BDKRB1	P46663	ENSG00000100739	623	BioLiP: biological ligand sites	mapped	1	0	0	0
HGNC:103	CNNM2	Q9H8M5	ENSG00000148842	54805	BioLiP: biological ligand sites	mapped	0	0	0	0
HGNC:1030	BDKRB2	P30411	ENSG00000168398	624	BioLiP: biological ligand sites	mapped	1	0	0	0
HGNC:1037	CFB	P00751	ENSG00000243649	629	BioLiP: biological ligand sites	mapped	0	1	0	0
HGNC:10381	RPN1	P04843	ENSG00000163902	6184	BioLiP: biological ligand sites	mapped	0	0	0	0
HGNC:10420	RPS3	P23396	ENSG00000149273	6188	BioLiP: biological ligand sites	mapped	0	0	0	0
HGNC:10487	S100A10	P60903	ENSG00000197747	6281	BioLiP: biological ligand sites	mapped	0	0	0	0
HGNC:10490	S100A13	Q99584	ENSG00000189171	6284	BioLiP: biological ligand sites	mapped	0	0	0	0
HGNC:10494	S100A4	P26447	ENSG00000196154	6275	BioLiP: biological ligand sites	mapped	0	0	0	0
HGNC:10497	S100A7	P31151	ENSG00000143556	6278	BioLiP: biological ligand sites	mapped	0	0	0	0
HGNC:10498	S100A8	P05109	ENSG00000143546	6279	BioLiP: biological ligand sites	mapped	0	0	0	0
HGNC:10499	S100A9	P06702	ENSG00000163220	6280	BioLiP: biological ligand sites	mapped	0	0	0	0
HGNC:10500	S100B	P04271	ENSG00000160307	6285	BioLiP: biological ligand sites	mapped	0	0	0	0
HGNC:10585	SCN1A	P35498	ENSG00000144285	6323	BioLiP: biological ligand sites	mapped	0	0	0	0
HGNC:10586	SCN1B	Q07699	ENSG00000105711	6324	BioLiP: biological ligand sites	mapped	0	0	0	0
HGNC:10588	SCN2A	Q99250	ENSG00000136531	6326	BioLiP: biological ligand sites	mapped	0	0	0	0
HGNC:10590	SCN3A	Q9NY46	ENSG00000153253	6328	BioLiP: biological ligand sites	mapped	0	0	0	0
HGNC:10594	SCN7A	Q01118	ENSG00000136546	6332	BioLiP: biological ligand sites	mapped	0	0	0	0
HGNC:10597	SCN9A	Q15858	ENSG00000169432	6335	BioLiP: biological ligand sites	mapped	0	0	0	0
HGNC:10608	SCTR	P47872	ENSG00000080293	6344	BioLiP: biological ligand sites	mapped	1	0	0	0
HGNC:1063	BLVRB	P30043	ENSG00000090013	645	BioLiP: biological ligand sites	mapped	0	0	0	0
HGNC:10632	CCL5	P13501	ENSG00000271503	6352	BioLiP: biological ligand sites	mapped	0	0	0	0
HGNC:1067	BMP1	P13497	ENSG00000168487	649	BioLiP: biological ligand sites	mapped	0	0	0	0
HGNC:10672	CXCL12	P48061	ENSG00000107562	6387	BioLiP: biological ligand sites	mapped	0	0	0	0
HGNC:10718	SELE	P16581	ENSG00000007908	6401	BioLiP: biological ligand sites	mapped	1	0	0	1
HGNC:10721	SELP	P16109	ENSG00000174175	6403	BioLiP: biological ligand sites	mapped	1	1	0	1
HGNC:10736	SEMA5A	Q13591	ENSG00000112902	9037	BioLiP: biological ligand sites	mapped	1	0	0	1
HGNC:1077	BMPR1B	O00238	ENSG00000138696	658	BioLiP: biological ligand sites	mapped	0	0	0	0
HGNC:1078	BMPR2	Q13873	ENSG00000204217	659	BioLiP: biological ligand sites	mapped	0	0	0	0
HGNC:1079	BMX	P51813	ENSG00000102010	660	BioLiP: biological ligand sites	mapped	0	0	0	0
HGNC:108	ACHE	P22303	ENSG00000087085	43	BioLiP: biological ligand sites	mapped	0	0	0	0
HGNC:10817	SGPL1	O95470	ENSG00000166224	8879	BioLiP: biological ligand sites	mapped	0	0	0	0
HGNC:10839	SHBG	P04278	ENSG00000129214	6462	BioLiP: biological ligand sites	mapped	0	0	0	0
HGNC:10848	SHH	Q15465	ENSG00000164690	6469	BioLiP: biological ligand sites	mapped	1	0	0	0
HGNC:10856	SI	P14410	ENSG00000090402	6476	BioLiP: biological ligand sites	mapped	0	0	0	0
HGNC:10860	ST6GAL1	P15907	ENSG00000073849	6480	BioLiP: biological ligand sites	mapped	0	0	0	0
HGNC:10876	SIGLEC7	Q9Y286	ENSG00000168995	27036	BioLiP: biological ligand sites	mapped	0	0	0	1
HGNC:10877	SIGLEC8	Q9NYZ4	ENSG00000105366	27181	BioLiP: biological ligand sites	mapped	0	1	0	1
HGNC:10905	SLC10A1	Q14973	ENSG00000100652	6554	BioLiP: biological ligand sites	mapped	0	0	0	0
HGNC:10909	SLC40A1	Q9NP59	ENSG00000138449	30061	BioLiP: biological ligand sites	mapped	0	0	0	0
HGNC:10911	SLC12A2	P55011	ENSG00000064651	6558	BioLiP: biological ligand sites	mapped	0	0	0	0
HGNC:10912	SLC12A3	P55017	ENSG00000070915	6559	BioLiP: biological ligand sites	mapped	0	0	0	0
HGNC:10913	SLC12A4	Q9UP95	ENSG00000124067	6560	BioLiP: biological ligand sites	mapped	0	0	0	0
HGNC:10916	SLC13A1	Q9BZW2	ENSG00000081800	6561	BioLiP: biological ligand sites	mapped	0	0	0	1
HGNC:10917	SLC13A2	Q13183	ENSG00000007216	9058	BioLiP: biological ligand sites	mapped	0	0	0	0
HGNC:10918	SLC14A1	Q13336	ENSG00000141469	6563	BioLiP: biological ligand sites	mapped	0	0	0	0
HGNC:10919	SLC14A2	Q15849	ENSG00000132874	8170	BioLiP: biological ligand sites	mapped	0	0	0	0
HGNC:10921	SLC15A2	Q16348	ENSG00000163406	6565	BioLiP: biological ligand sites	mapped	0	0	0	0
HGNC:10922	SLC16A1	P53985	ENSG00000155380	6566	BioLiP: biological ligand sites	mapped	0	0	0	0
HGNC:10933	SLC17A5	Q9NRA2	ENSG00000119899	26503	BioLiP: biological ligand sites	mapped	0	0	0	0
HGNC:10937	SLC19A1	P41440	ENSG00000173638	6573	BioLiP: biological ligand sites	mapped	0	0	0	0
HGNC:10938	SLC19A2	O60779	ENSG00000117479	10560	BioLiP: biological ligand sites	mapped	0	0	0	0
HGNC:10939	SLC1A1	P43005	ENSG00000106688	6505	BioLiP: biological ligand sites	mapped	0	0	0	0
HGNC:10940	SLC1A2	P43004	ENSG00000110436	6506	BioLiP: biological ligand sites	mapped	0	0	0	0
HGNC:10959	SLCO1B1	Q9Y6L6	ENSG00000134538	10599	BioLiP: biological ligand sites	mapped	0	0	0	0
HGNC:10961	SLCO1B3	Q9NPD5	ENSG00000111700	28234	BioLiP: biological ligand sites	mapped	0	0	0	0
HGNC:10963	SLC22A1	O15245	ENSG00000175003	6580	BioLiP: biological ligand sites	mapped	0	0	0	0
HGNC:10974	SLC23A1	Q9UHI7	ENSG00000170482	9963	BioLiP: biological ligand sites	mapped	0	0	0	0
HGNC:11003	SLC29A1	Q99808	ENSG00000112759	2030	BioLiP: biological ligand sites	mapped	0	0	0	0
HGNC:11005	SLC2A1	P11166	ENSG00000117394	6513	BioLiP: biological ligand sites	mapped	0	0	0	0
HGNC:11007	SLC2A3	P11169	ENSG00000059804	6515	BioLiP: biological ligand sites	mapped	0	0	0	0
HGNC:11009	SLC2A4	P14672	ENSG00000181856	6517	BioLiP: biological ligand sites	mapped	0	0	0	0
HGNC:11026	SLC3A2	P08195	ENSG00000168003	6520	BioLiP: biological ligand sites	mapped	0	0	0	0
HGNC:11028	SLC4A2	P04920	ENSG00000164889	6522	BioLiP: biological ligand sites	mapped	0	0	0	0
HGNC:11029	SLC4A3	P48751	ENSG00000114923	6508	BioLiP: biological ligand sites	mapped	0	0	0	0
HGNC:11036	SLC5A1	P13866	ENSG00000100170	6523	BioLiP: biological ligand sites	mapped	0	0	0	0
HGNC:11037	SLC5A2	P31639	ENSG00000140675	6524	BioLiP: biological ligand sites	mapped	0	0	0	0
HGNC:11042	SLC6A1	P30531	ENSG00000157103	6529	BioLiP: biological ligand sites	mapped	0	0	0	0
HGNC:11048	SLC6A2	P23975	ENSG00000103546	6530	BioLiP: biological ligand sites	mapped	0	0	0	0
HGNC:11049	SLC6A3	Q01959	ENSG00000142319	6531	BioLiP: biological ligand sites	mapped	0	0	0	0
HGNC:11050	SLC6A4	P31645	ENSG00000108576	6532	BioLiP: biological ligand sites	mapped	0	0	0	0
HGNC:11056	SLC6A9	P48067	ENSG00000196517	6536	BioLiP: biological ligand sites	mapped	0	0	0	0
HGNC:11058	SLC7A10	Q9NS82	ENSG00000130876	56301	BioLiP: biological ligand sites	mapped	0	0	0	0
HGNC:11059	SLC7A11	Q9UPY5	ENSG00000151012	23657	BioLiP: biological ligand sites	mapped	0	0	0	0
HGNC:11063	SLC7A5	Q01650	ENSG00000103257	8140	BioLiP: biological ligand sites	mapped	0	0	0	0
HGNC:11065	SLC7A7	Q9UM01	ENSG00000155465	9056	BioLiP: biological ligand sites	mapped	0	0	0	0
HGNC:11066	SLC7A8	Q9UHI5	ENSG00000092068	23428	BioLiP: biological ligand sites	mapped	0	0	0	0
HGNC:11067	SLC7A9	P82251	ENSG00000021488	11136	BioLiP: biological ligand sites	mapped	0	0	0	0
HGNC:11068	SLC8A1	P32418	ENSG00000183023	6546	BioLiP: biological ligand sites	mapped	0	0	0	0
HGNC:11071	SLC9A1	P19634	ENSG00000090020	6548	BioLiP: biological ligand sites	mapped	0	0	0	0
HGNC:11073	SLC9A3	P48764	ENSG00000066230	6550	BioLiP: biological ligand sites	mapped	0	0	0	0
HGNC:11119	SMO	Q99835	ENSG00000128602	6608	BioLiP: biological ligand sites	mapped	0	0	0	0
HGNC:11120	SMPD1	P17405	ENSG00000166311	6609	BioLiP: biological ligand sites	mapped	0	0	0	0
HGNC:1113	BRS3	P32247	ENSG00000102239	680	BioLiP: biological ligand sites	mapped	0	0	0	0
HGNC:11138	SNCA	P37840	ENSG00000145335	6622	BioLiP: biological ligand sites	mapped	0	0	0	0
HGNC:1118	BST1	Q10588	ENSG00000109743	683	BioLiP: biological ligand sites	mapped	0	0	0	1
HGNC:11185	SORL1	Q92673	ENSG00000137642	6653	BioLiP: biological ligand sites	mapped	1	0	0	0
HGNC:11186	SORT1	Q99523	ENSG00000134243	6272	BioLiP: biological ligand sites	mapped	1	1	0	1
HGNC:11283	SRC	P12931	ENSG00000197122	6714	BioLiP: biological ligand sites	mapped	0	0	0	0
HGNC:11330	SSTR1	P30872	ENSG00000139874	6751	BioLiP: biological ligand sites	mapped	1	0	0	0
HGNC:11331	SSTR2	P30874	ENSG00000180616	6752	BioLiP: biological ligand sites	mapped	1	1	0	0
HGNC:11332	SSTR3	P32745	ENSG00000278195	6753	BioLiP: biological ligand sites	mapped	1	0	0	0
HGNC:11333	SSTR4	P31391	ENSG00000132671	6754	BioLiP: biological ligand sites	mapped	1	0	0	0
HGNC:11334	SSTR5	P35346	ENSG00000162009	6755	BioLiP: biological ligand sites	mapped	1	0	0	0
HGNC:11344	ST14	Q9Y5Y6	ENSG00000149418	6768	BioLiP: biological ligand sites	mapped	0	0	0	1
HGNC:1136	BTN2A1	Q7KYR7	ENSG00000112763	11120	BioLiP: biological ligand sites	mapped	0	0	0	0
HGNC:11378	STEAP1	Q9UHE8	ENSG00000164647	26872	BioLiP: biological ligand sites	mapped	0	1	0	0
HGNC:1138	BTN3A1	O00481	ENSG00000026950	11119	BioLiP: biological ligand sites	mapped	0	0	0	0
HGNC:11387	STIP1	P31948	ENSG00000168439	10963	BioLiP: biological ligand sites	mapped	0	0	0	0
HGNC:11393	AURKA	O14965	ENSG00000087586	6790	BioLiP: biological ligand sites	mapped	0	0	0	0
HGNC:11491	SYK	P43405	ENSG00000165025	6850	BioLiP: biological ligand sites	mapped	0	0	0	0
HGNC:11526	TACR1	P25103	ENSG00000115353	6869	BioLiP: biological ligand sites	mapped	1	0	0	0
HGNC:11528	TACR3	P29371	ENSG00000169836	6870	BioLiP: biological ligand sites	mapped	1	0	0	0
HGNC:11529	EPCAM	P16422	ENSG00000119888	4072	BioLiP: biological ligand sites	mapped	0	1	0	1
HGNC:11608	TBXA2R	P21731	ENSG00000006638	6915	BioLiP: biological ligand sites	mapped	1	0	0	0
HGNC:11699	SERINC3	Q13530	ENSG00000132824	10955	BioLiP: biological ligand sites	mapped	0	0	0	0
HGNC:11724	TEK	Q02763	ENSG00000120156	7010	BioLiP: biological ligand sites	mapped	1	0	0	0
HGNC:11740	TF	P02787	ENSG00000091513	7018	BioLiP: biological ligand sites	mapped	0	0	0	0
HGNC:11760	TFPI	P10646	ENSG00000003436	7035	BioLiP: biological ligand sites	mapped	0	0	0	0
HGNC:11772	TGFBR1	P36897	ENSG00000106799	7046	BioLiP: biological ligand sites	mapped	0	0	0	0
HGNC:11773	TGFBR2	P37173	ENSG00000163513	7048	BioLiP: biological ligand sites	mapped	0	1	0	1
HGNC:11778	TGM2	P21980	ENSG00000198959	7052	BioLiP: biological ligand sites	mapped	1	1	0	0
HGNC:11827	TJP1	Q07157	ENSG00000104067	7082	BioLiP: biological ligand sites	mapped	0	0	0	0
HGNC:11845	TLN1	Q9Y490	ENSG00000137076	7094	BioLiP: biological ligand sites	mapped	0	0	0	0
HGNC:11850	TLR4	O00206	ENSG00000136869	7099	BioLiP: biological ligand sites	mapped	0	1	0	1
HGNC:11876	TMPRSS2	O15393	ENSG00000184012	7113	BioLiP: biological ligand sites	mapped	0	0	0	1
HGNC:11892	TNF	P01375	ENSG00000232810	7124	BioLiP: biological ligand sites	mapped	1	1	0	1
HGNC:11916	TNFRSF1A	P19438	ENSG00000067182	7132	BioLiP: biological ligand sites	mapped	1	0	0	1
HGNC:11924	TNFRSF9	Q07011	ENSG00000049249	3604	BioLiP: biological ligand sites	mapped	1	1	0	1
HGNC:11929	TNFSF13B	Q9Y275	ENSG00000102524	10673	BioLiP: biological ligand sites	mapped	1	1	0	1
HGNC:11935	CD40LG	P29965	ENSG00000102245	959	BioLiP: biological ligand sites	mapped	1	1	0	1
HGNC:12028	HSP90B1	P14625	ENSG00000166598	7184	BioLiP: biological ligand sites	mapped	0	0	0	0
HGNC:12299	TRHR	P34981	ENSG00000174417	7201	BioLiP: biological ligand sites	mapped	1	0	0	0
HGNC:12333	TRPC1	P48995	ENSG00000144935	7220	BioLiP: biological ligand sites	mapped	0	0	0	0
HGNC:12335	TRPC3	Q13507	ENSG00000138741	7222	BioLiP: biological ligand sites	mapped	0	0	0	0
HGNC:12338	TRPC6	Q9Y210	ENSG00000137672	7225	BioLiP: biological ligand sites	mapped	0	0	0	0
HGNC:12339	TRPM2	O94759	ENSG00000142185	7226	BioLiP: biological ligand sites	mapped	0	0	0	0
HGNC:12373	TSHR	P16473	ENSG00000165409	7253	BioLiP: biological ligand sites	mapped	1	0	0	0
HGNC:12435	TXN	P10599	ENSG00000136810	7295	BioLiP: biological ligand sites	mapped	0	0	0	0
HGNC:12450	TYRP1	P17643	ENSG00000107165	7306	BioLiP: biological ligand sites	mapped	0	0	0	0
HGNC:12457	UAP1	Q16222	ENSG00000117143	6675	BioLiP: biological ligand sites	mapped	0	0	0	0
HGNC:125	ACP3	P15309	ENSG00000014257	55	BioLiP: biological ligand sites	mapped	0	0	0	0
HGNC:12612	USP14	P54578	ENSG00000101557	9097	BioLiP: biological ligand sites	mapped	0	0	0	0
HGNC:12648	VAPA	Q9P0L0	ENSG00000101558	9218	BioLiP: biological ligand sites	mapped	0	0	0	0
HGNC:12669	VDAC1	P21796	ENSG00000213585	7416	BioLiP: biological ligand sites	mapped	0	0	0	0
HGNC:12692	VIM	P08670	ENSG00000026025	7431	BioLiP: biological ligand sites	mapped	0	1	0	0
HGNC:12694	VIPR1	P32241	ENSG00000114812	7433	BioLiP: biological ligand sites	mapped	1	0	0	0
HGNC:12703	BEST1	O76090	ENSG00000167995	7439	BioLiP: biological ligand sites	mapped	0	0	0	0
HGNC:12705	VNN1	O95497	ENSG00000112299	8876	BioLiP: biological ligand sites	mapped	0	0	0	1
HGNC:12716	TRPV1	Q8NER1	ENSG00000196689	7442	BioLiP: biological ligand sites	mapped	0	0	0	0
HGNC:12729	WARS1	P23381	ENSG00000140105	7453	BioLiP: biological ligand sites	mapped	0	0	0	0
HGNC:12827	XPR1	Q9UBH6	ENSG00000143324	9213	BioLiP: biological ligand sites	mapped	0	0	0	0
HGNC:12833	XRCC5	P13010	ENSG00000079246	7520	BioLiP: biological ligand sites	mapped	0	0	0	0
HGNC:12840	YARS1	P54577	ENSG00000134684	8565	BioLiP: biological ligand sites	mapped	0	0	0	0
HGNC:1304	MRAP	Q8TCY5	ENSG00000170262	56246	BioLiP: biological ligand sites	mapped	0	0	0	0
HGNC:1318	C3	P01024	ENSG00000125730	718	BioLiP: biological ligand sites	mapped	1	0	0	0
HGNC:1319	C3AR1	Q16581	ENSG00000171860	719	BioLiP: biological ligand sites	mapped	1	0	0	0
HGNC:13258	CLEC4C	Q8WTT0	ENSG00000198178	170482	BioLiP: biological ligand sites	mapped	0	1	0	1
HGNC:13280	ERO1A	Q96HE7	ENSG00000197930	30001	BioLiP: biological ligand sites	mapped	0	0	0	0
HGNC:13299	LGR4	Q9BXB1	ENSG00000205213	55366	BioLiP: biological ligand sites	mapped	1	0	0	0
HGNC:1331	C5	P01031	ENSG00000106804	727	BioLiP: biological ligand sites	mapped	1	1	0	0
HGNC:13310	GPRC5D	Q9NZD1	ENSG00000111291	55507	BioLiP: biological ligand sites	mapped	0	1	0	0
HGNC:13356	MCOLN1	Q9GZU1	ENSG00000090674	57192	BioLiP: biological ligand sites	mapped	0	0	0	0
HGNC:1338	C5AR1	P21730	ENSG00000197405	728	BioLiP: biological ligand sites	mapped	1	1	0	0
HGNC:13398	NSDHL	Q15738	ENSG00000147383	50814	BioLiP: biological ligand sites	mapped	0	0	0	0
HGNC:13414	PLA2G2E	Q9NZK7	ENSG00000188784	30814	BioLiP: biological ligand sites	mapped	0	0	0	0
HGNC:13446	SLC2A9	Q9NRM0	ENSG00000109667	56606	BioLiP: biological ligand sites	mapped	0	0	0	0
HGNC:13523	CLEC4M	Q9H2X3	ENSG00000104938	10332	BioLiP: biological ligand sites	mapped	1	0	0	1
HGNC:1354	C8G	P07360	ENSG00000176919	733	BioLiP: biological ligand sites	mapped	0	0	0	0
HGNC:13554	ATP11C	Q8NB49	ENSG00000101974	286410	BioLiP: biological ligand sites	mapped	0	0	0	0
HGNC:13557	ACE2	Q9BYF1	ENSG00000130234	59272	BioLiP: biological ligand sites	mapped	0	0	0	1
HGNC:13572	FCGBP	Q9Y6R7	ENSG00000275395	8857	BioLiP: biological ligand sites	mapped	0	0	0	0
HGNC:1371	CA12	O43570	ENSG00000074410	771	BioLiP: biological ligand sites	mapped	0	0	0	1
HGNC:1372	CA14	Q9ULX7	ENSG00000118298	23632	BioLiP: biological ligand sites	mapped	0	0	0	1
HGNC:13728	ADGRG3	Q86Y34	ENSG00000182885	222487	BioLiP: biological ligand sites	mapped	0	0	0	0
HGNC:1375	CA4	P22748	ENSG00000167434	762	BioLiP: biological ligand sites	mapped	0	0	0	1
HGNC:1383	CA9	Q16790	ENSG00000107159	768	BioLiP: biological ligand sites	mapped	0	1	0	1
HGNC:1388	CACNA1A	O00555	ENSG00000141837	773	BioLiP: biological ligand sites	mapped	0	0	0	0
HGNC:13886	ABCG5	Q9H222	ENSG00000138075	64240	BioLiP: biological ligand sites	mapped	0	0	0	0
HGNC:13887	ABCG8	Q9H221	ENSG00000143921	64241	BioLiP: biological ligand sites	mapped	0	0	0	0
HGNC:1389	CACNA1B	Q00975	ENSG00000148408	774	BioLiP: biological ligand sites	mapped	0	0	0	0
HGNC:1391	CACNA1D	Q01668	ENSG00000157388	776	BioLiP: biological ligand sites	mapped	0	0	0	0
HGNC:13916	APOM	O95445	ENSG00000204444	55937	BioLiP: biological ligand sites	mapped	0	0	0	0
HGNC:1394	CACNA1G	O43497	ENSG00000006283	8913	BioLiP: biological ligand sites	mapped	0	0	0	1
HGNC:1395	CACNA1H	O95180	ENSG00000196557	8912	BioLiP: biological ligand sites	mapped	0	0	0	0
HGNC:1396	CACNA1I	Q9P0X4	ENSG00000100346	8911	BioLiP: biological ligand sites	mapped	0	0	0	0
HGNC:14006	TRPV6	Q9H1D0	ENSG00000165125	55503	BioLiP: biological ligand sites	mapped	0	0	0	0
HGNC:14025	SLC5A7	Q9GZV3	ENSG00000115665	60482	BioLiP: biological ligand sites	mapped	0	0	0	0
HGNC:14073	ATP1A4	Q13733	ENSG00000132681	480	BioLiP: biological ligand sites	mapped	0	0	0	0
HGNC:14079	CHRNA9	Q9UGM1	ENSG00000174343	55584	BioLiP: biological ligand sites	mapped	0	0	0	1
HGNC:14120	TPSB2	P20231	ENSG00000197253	64499	BioLiP: biological ligand sites	mapped	0	0	0	0
HGNC:14339	PLEKHA4	Q9H4M7	ENSG00000105559	57664	BioLiP: biological ligand sites	mapped	0	0	0	0
HGNC:1440	CALCR	P30988	ENSG00000004948	799	BioLiP: biological ligand sites	mapped	1	0	0	0
HGNC:14430	SLC13A3	Q8WWT9	ENSG00000158296	64849	BioLiP: biological ligand sites	mapped	0	0	0	0
HGNC:14526	NAALAD2	Q9Y3Q0	ENSG00000077616	10003	BioLiP: biological ligand sites	mapped	0	0	0	1
HGNC:14537	NPC2	P61916	ENSG00000119655	10577	BioLiP: biological ligand sites	mapped	0	0	0	0
HGNC:14556	CLEC6A	Q6EIG7	ENSG00000205846	93978	BioLiP: biological ligand sites	mapped	0	0	0	1
HGNC:14565	SORBS1	Q9BX66	ENSG00000095637	10580	BioLiP: biological ligand sites	mapped	0	0	0	0
HGNC:14666	RXFP4	Q8TDU9	ENSG00000173080	339403	BioLiP: biological ligand sites	mapped	1	0	0	0
HGNC:14687	LYVE1	Q9Y5Y7	ENSG00000133800	10894	BioLiP: biological ligand sites	mapped	0	0	0	1
HGNC:1472	CAMP	P49913	ENSG00000164047	820	BioLiP: biological ligand sites	mapped	0	0	0	0
HGNC:14866	HHIP	Q96QV1	ENSG00000164161	64399	BioLiP: biological ligand sites	mapped	1	0	0	0
HGNC:14874	NOX5	Q96PH1	ENSG00000255346	79400	BioLiP: biological ligand sites	mapped	0	0	0	0
HGNC:14892	DPP7	Q9UHL4	ENSG00000176978	29952	BioLiP: biological ligand sites	mapped	0	0	0	0
HGNC:14920	TAS2R14	Q9NYV8	ENSG00000212127	50840	BioLiP: biological ligand sites	mapped	0	0	0	0
HGNC:14938	PIGT	Q969N2	ENSG00000124155	51604	BioLiP: biological ligand sites	mapped	0	0	0	0
HGNC:1514	CASR	P41180	ENSG00000036828	846	BioLiP: biological ligand sites	mapped	0	0	0	0
HGNC:15474	SHANK1	Q9Y566	ENSG00000161681	50944	BioLiP: biological ligand sites	mapped	0	0	0	0
HGNC:15478	ADAM33	Q9BZ11	ENSG00000149451	80332	BioLiP: biological ligand sites	mapped	0	0	0	1
HGNC:15512	VANGL1	Q8TAA9	ENSG00000173218	81839	BioLiP: biological ligand sites	mapped	0	0	0	0
HGNC:15520	LPAR6	P43657	ENSG00000139679	10161	BioLiP: biological ligand sites	mapped	0	0	0	0
HGNC:15527	KLB	Q86Z14	ENSG00000134962	152831	BioLiP: biological ligand sites	mapped	0	1	0	1
HGNC:15565	QRFPR	Q96P65	ENSG00000186867	84109	BioLiP: biological ligand sites	mapped	1	0	0	0
HGNC:15632	TLR8	Q9NR97	ENSG00000101916	51311	BioLiP: biological ligand sites	mapped	0	0	0	1
HGNC:1570	CCKAR	P32238	ENSG00000163394	886	BioLiP: biological ligand sites	mapped	1	0	0	0
HGNC:1571	CCKBR	P32239	ENSG00000110148	887	BioLiP: biological ligand sites	mapped	1	0	0	0
HGNC:15842	ERBIN	Q96RT1	ENSG00000112851	55914	BioLiP: biological ligand sites	mapped	0	0	0	0
HGNC:1602	CCR1	P32246	ENSG00000163823	1230	BioLiP: biological ligand sites	mapped	1	0	0	0
HGNC:1609	CCR8	P51685	ENSG00000179934	1237	BioLiP: biological ligand sites	mapped	1	1	0	0
HGNC:16090	PGRMC1	O00264	ENSG00000101856	10857	BioLiP: biological ligand sites	mapped	0	0	0	0
HGNC:16266	SLC19A3	Q9BZV2	ENSG00000135917	80704	BioLiP: biological ligand sites	mapped	0	0	0	0
HGNC:1634	CD1A	P06126	ENSG00000158477	909	BioLiP: biological ligand sites	mapped	0	0	0	1
HGNC:1635	CD1B	P29016	ENSG00000158485	910	BioLiP: biological ligand sites	mapped	0	0	0	1
HGNC:1637	CD1D	P15813	ENSG00000158473	912	BioLiP: biological ligand sites	mapped	1	0	0	1
HGNC:1641	CD209	Q9NNX6	ENSG00000090659	30835	BioLiP: biological ligand sites	mapped	1	0	0	1
HGNC:16438	SLC4A11	Q8NBS3	ENSG00000088836	83959	BioLiP: biological ligand sites	mapped	0	0	0	0
HGNC:16454	NMUR2	Q9GZQ4	ENSG00000132911	56923	BioLiP: biological ligand sites	mapped	1	0	0	0
HGNC:16500	DAPP1	Q9UN19	ENSG00000070190	27071	BioLiP: biological ligand sites	mapped	0	0	0	0
HGNC:1659	CD33	P20138	ENSG00000105383	945	BioLiP: biological ligand sites	mapped	0	1	0	1
HGNC:16643	SLMAP	Q14BN4	ENSG00000163681	7871	BioLiP: biological ligand sites	mapped	0	0	0	0
HGNC:1665	SCARB2	Q14108	ENSG00000138760	950	BioLiP: biological ligand sites	mapped	0	0	0	0
HGNC:16667	CDC50A	Q9NV96	ENSG00000112697	55754	BioLiP: biological ligand sites	mapped	0	0	0	0
HGNC:1667	CD38	P28907	ENSG00000004468	952	BioLiP: biological ligand sites	mapped	1	1	0	1
HGNC:16709	CALCRL	Q16602	ENSG00000064989	10203	BioLiP: biological ligand sites	mapped	0	1	0	1
HGNC:1673	CD3D	P04234	ENSG00000167286	915	BioLiP: biological ligand sites	mapped	0	0	0	1
HGNC:1674	CD3E	P07766	ENSG00000198851	916	BioLiP: biological ligand sites	mapped	0	1	0	0
HGNC:1675	CD3G	P09693	ENSG00000160654	917	BioLiP: biological ligand sites	mapped	0	0	0	0
HGNC:1677	CD247	P20963	ENSG00000198821	919	BioLiP: biological ligand sites	mapped	0	0	0	0
HGNC:1678	CD4	P01730	ENSG00000010610	920	BioLiP: biological ligand sites	mapped	0	1	0	0
HGNC:1681	CD44	P16070	ENSG00000026508	960	BioLiP: biological ligand sites	mapped	1	0	0	1
HGNC:16824	HCAR3	P49019	ENSG00000255398	8843	BioLiP: biological ligand sites	mapped	0	0	0	0
HGNC:16874	SV2B	Q7L1I2	ENSG00000185518	9899	BioLiP: biological ligand sites	mapped	0	0	0	0
HGNC:16882	HCN4	Q9Y3Q4	ENSG00000138622	10021	BioLiP: biological ligand sites	mapped	0	0	0	0
HGNC:1689	CD59	P13987	ENSG00000085063	966	BioLiP: biological ligand sites	mapped	0	0	0	1
HGNC:16916	CLEC10A	Q8IUN9	ENSG00000132514	10462	BioLiP: biological ligand sites	mapped	0	0	0	1
HGNC:16920	CIB1	Q99828	ENSG00000185043	10519	BioLiP: biological ligand sites	mapped	0	0	0	0
HGNC:16950	STAMBP	O95630	ENSG00000124356	10617	BioLiP: biological ligand sites	mapped	0	0	0	0
HGNC:1701	CD81	P60033	ENSG00000110651	975	BioLiP: biological ligand sites	mapped	0	0	0	0
HGNC:17021	ASTN2	O75129	ENSG00000148219	23245	BioLiP: biological ligand sites	mapped	0	0	0	0
HGNC:17091	NCSTN	Q92542	ENSG00000162736	23385	BioLiP: biological ligand sites	mapped	0	0	0	1
HGNC:171	ACVR1	Q04771	ENSG00000115170	90	BioLiP: biological ligand sites	mapped	0	1	0	0
HGNC:17107	BEST2	Q8NFU1	ENSG00000039987	54831	BioLiP: biological ligand sites	mapped	0	0	0	0
HGNC:17156	LY96	Q9Y6Y9	ENSG00000154589	23643	BioLiP: biological ligand sites	mapped	0	0	0	0
HGNC:17158	PLD3	Q8IV08	ENSG00000105223	23646	BioLiP: biological ligand sites	mapped	0	0	0	0
HGNC:17163	PLA2G15	Q8NCC3	ENSG00000103066	23659	BioLiP: biological ligand sites	mapped	0	0	0	0
HGNC:173	ACVR2A	P27037	ENSG00000121989	92	BioLiP: biological ligand sites	mapped	1	0	0	0
HGNC:17383	HRH4	Q9H3N8	ENSG00000134489	59340	BioLiP: biological ligand sites	mapped	1	0	0	0
HGNC:17389	SMPDL3A	Q92484	ENSG00000172594	10924	BioLiP: biological ligand sites	mapped	0	0	0	0
HGNC:174	ACVR2B	Q13705	ENSG00000114739	93	BioLiP: biological ligand sites	mapped	1	1	0	0
HGNC:17432	CHIA	Q9BZP6	ENSG00000134216	27159	BioLiP: biological ligand sites	mapped	0	0	0	0
HGNC:1748	CDH1	P12830	ENSG00000039068	999	BioLiP: biological ligand sites	mapped	1	0	0	1
HGNC:17495	GJC3	Q8NFK1	ENSG00000176402	349149	BioLiP: biological ligand sites	mapped	0	0	0	0
HGNC:175	ACVRL1	P37023	ENSG00000139567	94	BioLiP: biological ligand sites	mapped	0	1	0	0
HGNC:1762	CDH3	P22223	ENSG00000062038	1001	BioLiP: biological ligand sites	mapped	1	0	0	1
HGNC:17734	TAAR1	Q96RJ0	ENSG00000146399	134864	BioLiP: biological ligand sites	mapped	1	0	0	0
HGNC:17760	TREM1	Q9NP99	ENSG00000124731	54210	BioLiP: biological ligand sites	mapped	0	0	0	1
HGNC:17761	TREM2	Q9NZC2	ENSG00000095970	54209	BioLiP: biological ligand sites	mapped	0	1	0	1
HGNC:17885	STEAP2	Q8NFT2	ENSG00000157214	261729	BioLiP: biological ligand sites	mapped	0	0	0	0
HGNC:17935	CD207	Q9UJ71	ENSG00000116031	50489	BioLiP: biological ligand sites	mapped	0	0	0	1
HGNC:17962	MRGPRX1	Q96LB2	ENSG00000170255	259249	BioLiP: biological ligand sites	mapped	0	0	0	0
HGNC:17983	MRGPRX2	Q96LB1	ENSG00000183695	117194	BioLiP: biological ligand sites	mapped	0	0	0	0
HGNC:17989	SLC22A12	Q96S37	ENSG00000197891	116085	BioLiP: biological ligand sites	mapped	0	0	0	0
HGNC:17997	FKRP	Q9H9S5	ENSG00000181027	79147	BioLiP: biological ligand sites	mapped	0	0	0	0
HGNC:18083	TRPV4	Q9HBA0	ENSG00000111199	59341	BioLiP: biological ligand sites	mapped	0	0	0	0
HGNC:18115	DEFB104A	Q8WTQ1	ENSG00000176782	140596	BioLiP: biological ligand sites	mapped	0	0	0	0
HGNC:18124	P2RY12	Q9H244	ENSG00000169313	64805	BioLiP: biological ligand sites	mapped	0	0	0	0
HGNC:18126	ZNRF3	Q9ULT6	ENSG00000183579	84133	BioLiP: biological ligand sites	mapped	0	0	0	0
HGNC:18259	ITLN1	Q8WWA0	ENSG00000179914	55600	BioLiP: biological ligand sites	mapped	0	0	0	1
HGNC:18305	ATP6AP2	O75787	ENSG00000182220	10159	BioLiP: biological ligand sites	mapped	0	0	0	0
HGNC:1839	ADA2	Q9NZK5	ENSG00000093072	51816	BioLiP: biological ligand sites	mapped	0	0	0	0
HGNC:18437	HAVCR2	Q8TDQ0	ENSG00000135077	84868	BioLiP: biological ligand sites	mapped	1	1	0	1
HGNC:18514	SPART	Q8N0X7	ENSG00000133104	23111	BioLiP: biological ligand sites	mapped	0	0	0	0
HGNC:186	ADA	P00813	ENSG00000196839	100	BioLiP: biological ligand sites	mapped	0	0	0	0
HGNC:18669	PALS1	Q8N3R9	ENSG00000072415	64398	BioLiP: biological ligand sites	mapped	0	0	0	0
HGNC:18788	KLRK1	P26718	ENSG00000213809	22914	BioLiP: biological ligand sites	mapped	1	1	0	1
HGNC:188	ADAM10	O14672	ENSG00000137845	102	BioLiP: biological ligand sites	mapped	0	0	0	1
HGNC:1884	CFTR	P13569	ENSG00000001626	1080	BioLiP: biological ligand sites	mapped	0	0	0	0
HGNC:18865	KCNT1	Q5JUK3	ENSG00000107147	57582	BioLiP: biological ligand sites	mapped	0	0	0	0
HGNC:18985	DCXR	Q7Z4W1	ENSG00000169738	51181	BioLiP: biological ligand sites	mapped	0	0	0	0
HGNC:18990	ADGRF1	Q5T601	ENSG00000153292	266977	BioLiP: biological ligand sites	mapped	0	0	0	1
HGNC:19027	LRRC8A	Q8IWT6	ENSG00000136802	56262	BioLiP: biological ligand sites	mapped	0	0	0	0
HGNC:19060	GPR119	Q8TDV5	ENSG00000147262	139760	BioLiP: biological ligand sites	mapped	0	0	0	0
HGNC:19061	FFAR4	Q5NUL3	ENSG00000186188	338557	BioLiP: biological ligand sites	mapped	0	0	0	0
HGNC:19082	NALCN	Q8IZF0	ENSG00000102452	259232	BioLiP: biological ligand sites	mapped	0	0	0	1
HGNC:19102	RIGI	O95786	ENSG00000107201	23586	BioLiP: biological ligand sites	mapped	0	0	0	0
HGNC:19154	GJD2	Q9UKL4	ENSG00000159248	57369	BioLiP: biological ligand sites	mapped	0	0	0	0
HGNC:19297	TNK2	Q07912	ENSG00000061938	10188	BioLiP: biological ligand sites	mapped	0	0	0	0
HGNC:19309	KANK1	Q14678	ENSG00000107104	23189	BioLiP: biological ligand sites	mapped	0	0	0	0
HGNC:195	ADAM17	P78536	ENSG00000151694	6868	BioLiP: biological ligand sites	mapped	0	0	0	1
HGNC:1950	CHRM1	P11229	ENSG00000168539	1128	BioLiP: biological ligand sites	mapped	1	0	0	0
HGNC:1951	CHRM2	P08172	ENSG00000181072	1129	BioLiP: biological ligand sites	mapped	1	0	0	0
HGNC:1952	CHRM3	P20309	ENSG00000133019	1131	BioLiP: biological ligand sites	mapped	1	0	0	0
HGNC:1953	CHRM4	P08173	ENSG00000180720	1132	BioLiP: biological ligand sites	mapped	1	0	0	0
HGNC:1956	CHRNA2	Q15822	ENSG00000120903	1135	BioLiP: biological ligand sites	mapped	0	0	0	1
HGNC:1957	CHRNA3	P32297	ENSG00000080644	1136	BioLiP: biological ligand sites	mapped	0	0	0	1
HGNC:1958	CHRNA4	P43681	ENSG00000101204	1137	BioLiP: biological ligand sites	mapped	0	0	0	1
HGNC:1960	CHRNA7	P36544	ENSG00000175344	1139	BioLiP: biological ligand sites	mapped	1	0	0	1
HGNC:1962	CHRNB2	P17787	ENSG00000160716	1141	BioLiP: biological ligand sites	mapped	0	0	0	1
HGNC:1964	CHRNB4	P30926	ENSG00000117971	1143	BioLiP: biological ligand sites	mapped	0	0	0	1
HGNC:19680	GPBAR1	Q8TDU6	ENSG00000179921	151306	BioLiP: biological ligand sites	mapped	0	0	0	0
HGNC:19711	DISP1	Q96F81	ENSG00000154309	84976	BioLiP: biological ligand sites	mapped	0	0	0	0
HGNC:19721	CANT1	Q8WVQ1	ENSG00000171302	124583	BioLiP: biological ligand sites	mapped	0	0	0	0
HGNC:19893	ADGRD1	Q6QNK2	ENSG00000111452	283383	BioLiP: biological ligand sites	mapped	0	0	0	0
HGNC:19906	P2RY10	O00398	ENSG00000078589	27334	BioLiP: biological ligand sites	mapped	0	0	0	0
HGNC:19964	VASH1	Q7L8A9	ENSG00000071246	22846	BioLiP: biological ligand sites	mapped	0	0	0	0
HGNC:20001	PCSK9	Q8NBP7	ENSG00000169174	255738	BioLiP: biological ligand sites	mapped	0	1	0	0
HGNC:20105	FLVCR2	Q9UPI3	ENSG00000119686	55640	BioLiP: biological ligand sites	mapped	0	0	0	0
HGNC:2020	CLCN2	P51788	ENSG00000114859	1181	BioLiP: biological ligand sites	mapped	0	0	0	0
HGNC:2023	CLCN5	P51795	ENSG00000171365	1184	BioLiP: biological ligand sites	mapped	0	0	0	0
HGNC:2025	CLCN7	P51798	ENSG00000103249	1186	BioLiP: biological ligand sites	mapped	0	0	0	0
HGNC:20376	SUMF1	Q8NBK3	ENSG00000144455	285362	BioLiP: biological ligand sites	mapped	0	0	0	0
HGNC:20396	PILRA	Q9UKJ1	ENSG00000085514	29992	BioLiP: biological ligand sites	mapped	1	0	0	1
HGNC:20421	LNX2	Q8N448	ENSG00000139517	222484	BioLiP: biological ligand sites	mapped	0	0	0	0
HGNC:2046	CLDN4	O14493	ENSG00000189143	1364	BioLiP: biological ligand sites	mapped	0	0	0	0
HGNC:20566	SV2A	Q7L0J3	ENSG00000159164	9900	BioLiP: biological ligand sites	mapped	0	0	0	0
HGNC:2062	CLIC1	O00299	ENSG00000213719	1192	BioLiP: biological ligand sites	mapped	0	0	0	0
HGNC:2063	CLIC2	O15247	ENSG00000155962	1193	BioLiP: biological ligand sites	mapped	0	0	0	0
HGNC:20749	ZDHHC20	Q5W0Z9	ENSG00000180776	253832	BioLiP: biological ligand sites	mapped	0	0	0	0
HGNC:20797	CYBRD1	Q53TN4	ENSG00000071967	79901	BioLiP: biological ligand sites	mapped	0	0	0	0
HGNC:20820	TPCN2	Q8NHX9	ENSG00000162341	219931	BioLiP: biological ligand sites	mapped	0	0	0	0
HGNC:20844	GPR156	Q8NFN8	ENSG00000175697	165829	BioLiP: biological ligand sites	mapped	0	0	0	0
HGNC:20867	MCHR2	Q969V1	ENSG00000152034	84539	BioLiP: biological ligand sites	mapped	1	0	0	0
HGNC:2097	CMA1	P23946	ENSG00000092009	1215	BioLiP: biological ligand sites	mapped	0	0	0	0
HGNC:20974	ADGRL3	Q9HAR2	ENSG00000150471	23284	BioLiP: biological ligand sites	mapped	1	0	0	1
HGNC:21042	NUS1	Q96E22	ENSG00000153989	116150	BioLiP: biological ligand sites	mapped	0	0	0	0
HGNC:21071	IYD	Q6PHW0	ENSG00000009765	389434	BioLiP: biological ligand sites	mapped	0	0	0	0
HGNC:2121	CMKLR1	Q99788	ENSG00000174600	1240	BioLiP: biological ligand sites	mapped	1	0	0	0
HGNC:21336	RNF146	Q9NTX7	ENSG00000118518	81847	BioLiP: biological ligand sites	mapped	0	0	0	0
HGNC:21367	CGAS	Q8N884	ENSG00000164430	115004	BioLiP: biological ligand sites	mapped	0	0	0	0
HGNC:21411	AIFM2	Q9BRQ8	ENSG00000042286	84883	BioLiP: biological ligand sites	mapped	0	0	0	0
HGNC:2148	CNGA1	P29973	ENSG00000198515	1259	BioLiP: biological ligand sites	mapped	0	0	0	0
HGNC:215	ADAM8	P78325	ENSG00000151651	101	BioLiP: biological ligand sites	mapped	0	0	0	1
HGNC:2150	CNGA3	Q16281	ENSG00000144191	1261	BioLiP: biological ligand sites	mapped	0	0	0	0
HGNC:2151	CNGB1	Q14028	ENSG00000070729	1258	BioLiP: biological ligand sites	mapped	0	0	0	0
HGNC:2153	CNGB3	Q9NQW8	ENSG00000170289	54714	BioLiP: biological ligand sites	mapped	0	0	0	0
HGNC:2159	CNR1	P21554	ENSG00000118432	1268	BioLiP: biological ligand sites	mapped	1	1	0	0
HGNC:2160	CNR2	P34972	ENSG00000188822	1269	BioLiP: biological ligand sites	mapped	1	0	0	0
HGNC:21683	NAPEPLD	Q6IQ20	ENSG00000161048	222236	BioLiP: biological ligand sites	mapped	0	0	0	0
HGNC:21697	TMEM120A	Q9BXJ8	ENSG00000189077	83862	BioLiP: biological ligand sites	mapped	0	0	0	0
HGNC:217	ADAMTS1	Q9UHI8	ENSG00000154734	9510	BioLiP: biological ligand sites	mapped	0	0	0	0
HGNC:21923	STEAP4	Q687X5	ENSG00000127954	79689	BioLiP: biological ligand sites	mapped	0	0	0	0
HGNC:221	ADAMTS5	Q9UNA0	ENSG00000154736	11096	BioLiP: biological ligand sites	mapped	0	0	0	0
HGNC:22211	ESYT2	A0FGR8	ENSG00000117868	57488	BioLiP: biological ligand sites	mapped	0	0	0	0
HGNC:22951	GPR155	Q7Z3F1	ENSG00000163328	151556	BioLiP: biological ligand sites	mapped	0	0	0	0
HGNC:23015	FAM20A	Q96MK3	ENSG00000108950	54757	BioLiP: biological ligand sites	mapped	0	0	0	0
HGNC:23089	SLC13A5	Q86YT5	ENSG00000141485	284111	BioLiP: biological ligand sites	mapped	0	0	0	0
HGNC:23090	SLC15A4	Q8N697	ENSG00000139370	121260	BioLiP: biological ligand sites	mapped	0	0	0	0
HGNC:23298	TSPAN15	O95858	ENSG00000099282	23555	BioLiP: biological ligand sites	mapped	0	0	0	1
HGNC:2357	CRHR1	P34998	ENSG00000120088	1394	BioLiP: biological ligand sites	mapped	1	0	0	0
HGNC:2358	CRHR2	Q13324	ENSG00000106113	1395	BioLiP: biological ligand sites	mapped	1	0	0	0
HGNC:23689	GPR158	Q5T848	ENSG00000151025	57512	BioLiP: biological ligand sites	mapped	0	0	0	0
HGNC:23692	ACKR3	P25106	ENSG00000144476	57007	BioLiP: biological ligand sites	mapped	1	0	0	0
HGNC:23694	GPR161	Q8N6U8	ENSG00000143147	23432	BioLiP: biological ligand sites	mapped	0	0	0	0
HGNC:23764	ENPP7	Q6UWV6	ENSG00000182156	339221	BioLiP: biological ligand sites	mapped	0	0	0	1
HGNC:2389	CRYAB	P02511	ENSG00000109846	1410	BioLiP: biological ligand sites	mapped	0	0	0	0
HGNC:24041	ADIPOR2	Q86V24	ENSG00000006831	79602	BioLiP: biological ligand sites	mapped	0	0	0	0
HGNC:24059	TMPRSS11D	O60235	ENSG00000153802	9407	BioLiP: biological ligand sites	mapped	0	0	0	1
HGNC:242	ADCYAP1R1	P41586	ENSG00000078549	117	BioLiP: biological ligand sites	mapped	1	1	0	0
HGNC:2433	CSF1R	P07333	ENSG00000182578	1436	BioLiP: biological ligand sites	mapped	1	1	0	0
HGNC:24356	CLEC1B	Q9P126	ENSG00000165682	51266	BioLiP: biological ligand sites	mapped	0	0	0	1
HGNC:24465	TMPRSS11E	Q9UL52	ENSG00000087128	28983	BioLiP: biological ligand sites	mapped	0	0	0	1
HGNC:2455	CSNK1G2	P78368	ENSG00000133275	1455	BioLiP: biological ligand sites	mapped	0	0	0	0
HGNC:24592	STEAP3	Q658P3	ENSG00000115107	55240	BioLiP: biological ligand sites	mapped	0	0	0	0
HGNC:2468	SMC3	Q9UQE7	ENSG00000108055	9126	BioLiP: biological ligand sites	mapped	0	0	0	0
HGNC:24682	FLVCR1	Q9Y5Y0	ENSG00000162769	28982	BioLiP: biological ligand sites	mapped	0	0	0	0
HGNC:24827	HCAR2	Q8TDS4	ENSG00000182782	338442	BioLiP: biological ligand sites	mapped	0	0	0	0
HGNC:24927	CHP2	O43745	ENSG00000166869	63928	BioLiP: biological ligand sites	mapped	0	0	0	0
HGNC:25132	TIMD4	Q96H15	ENSG00000145850	91937	BioLiP: biological ligand sites	mapped	0	0	0	1
HGNC:2514	CTNNB1	P35222	ENSG00000168036	1499	BioLiP: biological ligand sites	mapped	0	0	0	0
HGNC:2515	CTNND1	O60716	ENSG00000198561	1500	BioLiP: biological ligand sites	mapped	0	0	0	0
HGNC:2518	CTNS	O60931	ENSG00000040531	1497	BioLiP: biological ligand sites	mapped	0	0	0	0
HGNC:2527	CTSB	P07858	ENSG00000164733	1508	BioLiP: biological ligand sites	mapped	0	0	0	0
HGNC:2529	CTSD	P07339	ENSG00000117984	1509	BioLiP: biological ligand sites	mapped	0	0	0	0
HGNC:2530	CTSE	P14091	ENSG00000196188	1510	BioLiP: biological ligand sites	mapped	0	0	0	0
HGNC:2532	CTSG	P08311	ENSG00000100448	1511	BioLiP: biological ligand sites	mapped	1	0	0	0
HGNC:2536	CTSK	P43235	ENSG00000143387	1513	BioLiP: biological ligand sites	mapped	0	0	0	0
HGNC:2537	CTSL	P07711	ENSG00000135047	1514	BioLiP: biological ligand sites	mapped	0	0	0	0
HGNC:2545	CTSS	P25774	ENSG00000163131	1520	BioLiP: biological ligand sites	mapped	0	0	0	0
HGNC:25508	XKR8	Q9H6D3	ENSG00000158156	55113	BioLiP: biological ligand sites	mapped	0	0	0	0
HGNC:25519	ANO10	Q9NW15	ENSG00000160746	55129	BioLiP: biological ligand sites	mapped	0	0	0	0
HGNC:2558	CX3CR1	P49238	ENSG00000168329	1524	BioLiP: biological ligand sites	mapped	1	0	0	0
HGNC:25593	PACC1	Q9H813	ENSG00000065600	55248	BioLiP: biological ligand sites	mapped	0	0	0	0
HGNC:2561	CXCR4	P61073	ENSG00000121966	7852	BioLiP: biological ligand sites	mapped	1	1	0	0
HGNC:2578	CYBB	P04839	ENSG00000165168	1536	BioLiP: biological ligand sites	mapped	0	0	0	0
HGNC:25903	ATAD1	Q8NBU5	ENSG00000138138	84896	BioLiP: biological ligand sites	mapped	0	0	0	0
HGNC:25922	FIBCD1	Q8N539	ENSG00000130720	84929	BioLiP: biological ligand sites	mapped	0	0	0	1
HGNC:2594	CYP19A1	P11511	ENSG00000137869	1588	BioLiP: biological ligand sites	mapped	0	0	0	0
HGNC:2625	CYP2D6	P10635	ENSG00000100197	1565	BioLiP: biological ligand sites	mapped	0	0	0	0
HGNC:263	ADORA2A	P29274	ENSG00000128271	135	BioLiP: biological ligand sites	mapped	1	0	0	0
HGNC:2631	CYP2E1	P05181	ENSG00000130649	1571	BioLiP: biological ligand sites	mapped	0	0	0	0
HGNC:264	ADORA2B	P29275	ENSG00000170425	136	BioLiP: biological ligand sites	mapped	1	0	0	0
HGNC:2641	CYP46A1	Q9Y6A2	ENSG00000036530	10858	BioLiP: biological ligand sites	mapped	0	0	0	0
HGNC:26527	HGSNAT	Q68CP4	ENSG00000165102	138050	BioLiP: biological ligand sites	mapped	0	0	0	0
HGNC:26617	MLKL	Q8NB16	ENSG00000168404	197259	BioLiP: biological ligand sites	mapped	0	0	0	0
HGNC:2671	DAO	P14920	ENSG00000110887	1610	BioLiP: biological ligand sites	mapped	0	0	0	0
HGNC:268	ADORA3	P0DMS8	ENSG00000282608	140	BioLiP: biological ligand sites	mapped	1	0	0	0
HGNC:26896	RGMB	Q6NW40	ENSG00000174136	285704	BioLiP: biological ligand sites	mapped	0	0	0	1
HGNC:26992	SPNS2	Q8IVW8	ENSG00000183018	124976	BioLiP: biological ligand sites	mapped	0	0	0	0
HGNC:2707	ACE	P12821	ENSG00000159640	1636	BioLiP: biological ligand sites	mapped	0	0	0	1
HGNC:27106	NOTUM	Q6P988	ENSG00000185269	147111	BioLiP: biological ligand sites	mapped	0	0	0	0
HGNC:2730	DDR1	Q08345	ENSG00000204580	780	BioLiP: biological ligand sites	mapped	0	0	0	0
HGNC:2731	DDR2	Q16832	ENSG00000162733	4921	BioLiP: biological ligand sites	mapped	0	0	0	1
HGNC:2732	DDT	P30046	ENSG00000099977	1652	BioLiP: biological ligand sites	mapped	0	0	0	0
HGNC:27960	SLC6A19	Q695T7	ENSG00000174358	340024	BioLiP: biological ligand sites	mapped	0	0	0	0
HGNC:281	ADRA2A	P08913	ENSG00000150594	150	BioLiP: biological ligand sites	mapped	1	0	0	0
HGNC:28381	MOSPD2	Q8NHP6	ENSG00000130150	158747	BioLiP: biological ligand sites	mapped	0	0	0	0
HGNC:286	ADRB2	P07550	ENSG00000169252	154	BioLiP: biological ligand sites	mapped	1	0	0	0
HGNC:28657	CRACR2A	Q9BSW2	ENSG00000130038	84766	BioLiP: biological ligand sites	mapped	0	0	0	0
HGNC:288	ADRB3	P13945	ENSG00000188778	155	BioLiP: biological ligand sites	mapped	1	0	0	0
HGNC:2900	DLG1	Q12959	ENSG00000075711	1739	BioLiP: biological ligand sites	mapped	0	0	0	0
HGNC:2903	DLG4	P78352	ENSG00000132535	1742	BioLiP: biological ligand sites	mapped	0	0	0	0
HGNC:2933	DMPK	Q09013	ENSG00000104936	1760	BioLiP: biological ligand sites	mapped	0	0	0	0
HGNC:29499	ERAP2	Q6P179	ENSG00000164308	64167	BioLiP: biological ligand sites	mapped	0	0	0	0
HGNC:29509	APH1A	Q96BI3	ENSG00000117362	51107	BioLiP: biological ligand sites	mapped	0	0	0	0
HGNC:29626	MRGPRD	Q8TDS7	ENSG00000172938	116512	BioLiP: biological ligand sites	mapped	0	0	0	0
HGNC:29808	TMPRSS13	Q9BYE2	ENSG00000137747	84000	BioLiP: biological ligand sites	mapped	0	0	0	1
HGNC:29960	OSCAR	Q8IYS5	ENSG00000170909	126014	BioLiP: biological ligand sites	mapped	0	0	0	0
HGNC:30014	PGLYRP3	Q96LB9	ENSG00000159527	114771	BioLiP: biological ligand sites	mapped	0	0	0	0
HGNC:30015	PGLYRP4	Q96LB8	ENSG00000163218	57115	BioLiP: biological ligand sites	mapped	0	0	0	0
HGNC:3002	DPEP1	P16444	ENSG00000015413	1800	BioLiP: biological ligand sites	mapped	0	0	0	0
HGNC:30031	PI4K2A	Q9BTU6	ENSG00000155252	55361	BioLiP: biological ligand sites	mapped	0	0	0	0
HGNC:30034	PIK3AP1	Q6ZUJ8	ENSG00000155629	118788	BioLiP: biological ligand sites	mapped	0	0	0	0
HGNC:3009	DPP4	P27487	ENSG00000197635	1803	BioLiP: biological ligand sites	mapped	1	1	0	1
HGNC:30092	NAMPT	P43490	ENSG00000105835	10135	BioLiP: biological ligand sites	mapped	0	0	0	0
HGNC:30168	PDIA6	Q15084	ENSG00000143870	10130	BioLiP: biological ligand sites	mapped	0	0	0	0
HGNC:3018	SLC26A3	P40879	ENSG00000091138	1811	BioLiP: biological ligand sites	mapped	0	0	0	0
HGNC:3020	DRD1	P21728	ENSG00000184845	1812	BioLiP: biological ligand sites	mapped	1	0	0	0
HGNC:3023	DRD2	P14416	ENSG00000149295	1813	BioLiP: biological ligand sites	mapped	1	0	0	0
HGNC:30245	GPR174	Q9BXC1	ENSG00000147138	84636	BioLiP: biological ligand sites	mapped	0	0	0	0
HGNC:30377	SCRIB	Q14160	ENSG00000180900	23513	BioLiP: biological ligand sites	mapped	0	0	0	0
HGNC:30622	SPIRE1	Q08AE8	ENSG00000134278	56907	BioLiP: biological ligand sites	mapped	0	0	0	0
HGNC:30626	YTHDC1	Q96MU7	ENSG00000083896	91746	BioLiP: biological ligand sites	mapped	0	0	0	0
HGNC:30646	SND1	Q7KZF4	ENSG00000197157	27044	BioLiP: biological ligand sites	mapped	0	0	0	0
HGNC:30927	SLC6A20	Q9NP91	ENSG00000163817	54716	BioLiP: biological ligand sites	mapped	0	0	0	0
HGNC:30961	ZG16	O60844	ENSG00000174992	653808	BioLiP: biological ligand sites	mapped	0	0	0	0
HGNC:31397	PRSS57	Q6UWY2	ENSG00000185198	400668	BioLiP: biological ligand sites	mapped	0	0	0	0
HGNC:31422	CFAP95	Q5VTT2	ENSG00000204711	138255	BioLiP: biological ligand sites	mapped	0	0	0	0
HGNC:3146	ECE1	P42892	ENSG00000117298	1889	BioLiP: biological ligand sites	mapped	0	0	0	1
HGNC:3165	S1PR1	P21453	ENSG00000170989	1901	BioLiP: biological ligand sites	mapped	0	0	0	0
HGNC:3166	LPAR1	Q92633	ENSG00000198121	1902	BioLiP: biological ligand sites	mapped	1	0	0	0
HGNC:3167	S1PR3	Q99500	ENSG00000213694	1903	BioLiP: biological ligand sites	mapped	0	0	0	0
HGNC:3169	S1PR2	O95136	ENSG00000267534	9294	BioLiP: biological ligand sites	mapped	1	0	0	0
HGNC:3179	EDNRA	P25101	ENSG00000151617	1909	BioLiP: biological ligand sites	mapped	1	1	0	0
HGNC:3180	EDNRB	P24530	ENSG00000136160	1910	BioLiP: biological ligand sites	mapped	1	0	0	0
HGNC:3189	EEF1A1	P68104	ENSG00000156508	1915	BioLiP: biological ligand sites	mapped	0	0	0	0
HGNC:3236	EGFR	P00533	ENSG00000146648	1956	BioLiP: biological ligand sites	mapped	1	1	0	0
HGNC:3282	EIF4A1	P60842	ENSG00000161960	1973	BioLiP: biological ligand sites	mapped	0	0	0	0
HGNC:3309	ELANE	P08246	ENSG00000197561	1991	BioLiP: biological ligand sites	mapped	0	0	0	0
HGNC:3332	MARK2	Q7KZI7	ENSG00000072518	2011	BioLiP: biological ligand sites	mapped	0	0	0	0
HGNC:3338	CTTN	Q14247	ENSG00000085733	2017	BioLiP: biological ligand sites	mapped	0	0	0	0
HGNC:3356	ENPP1	P22413	ENSG00000197594	5167	BioLiP: biological ligand sites	mapped	0	0	0	1
HGNC:3357	ENPP2	Q13822	ENSG00000136960	5168	BioLiP: biological ligand sites	mapped	0	0	0	0
HGNC:3359	ENPP4	Q9Y6X5	ENSG00000001561	22875	BioLiP: biological ligand sites	mapped	0	0	0	1
HGNC:338	AGTR2	P50052	ENSG00000180772	186	BioLiP: biological ligand sites	mapped	1	0	0	0
HGNC:3380	EPB41L3	Q9Y2J2	ENSG00000082397	23136	BioLiP: biological ligand sites	mapped	0	0	0	0
HGNC:3386	EPHA2	P29317	ENSG00000142627	1969	BioLiP: biological ligand sites	mapped	1	0	0	0
HGNC:3387	EPHA3	P29320	ENSG00000044524	2042	BioLiP: biological ligand sites	mapped	1	1	0	0
HGNC:3388	EPHA4	P54764	ENSG00000116106	2043	BioLiP: biological ligand sites	mapped	1	0	0	1
HGNC:339	APLNR	P35414	ENSG00000134817	187	BioLiP: biological ligand sites	mapped	1	0	0	0
HGNC:3390	EPHA7	Q15375	ENSG00000135333	2045	BioLiP: biological ligand sites	mapped	1	0	0	0
HGNC:33911	RNASEK	Q6P5S7	ENSG00000219200	440400	BioLiP: biological ligand sites	mapped	0	0	0	0
HGNC:3392	EPHB1	P54762	ENSG00000154928	2047	BioLiP: biological ligand sites	mapped	1	0	0	0
HGNC:3393	EPHB2	P29323	ENSG00000133216	2048	BioLiP: biological ligand sites	mapped	1	0	0	1
HGNC:3394	EPHB3	P54753	ENSG00000182580	2049	BioLiP: biological ligand sites	mapped	1	0	0	0
HGNC:3395	EPHB4	P54760	ENSG00000196411	2050	BioLiP: biological ligand sites	mapped	1	0	0	0
HGNC:34	ABCA4	P78363	ENSG00000198691	24	BioLiP: biological ligand sites	mapped	0	0	0	0
HGNC:3416	EPOR	P19235	ENSG00000187266	2057	BioLiP: biological ligand sites	mapped	1	0	0	1
HGNC:3420	EPS8	Q12929	ENSG00000151491	2059	BioLiP: biological ligand sites	mapped	0	0	0	0
HGNC:3430	ERBB2	P04626	ENSG00000141736	2064	BioLiP: biological ligand sites	mapped	1	1	0	0
HGNC:3431	ERBB3	P21860	ENSG00000065361	2065	BioLiP: biological ligand sites	mapped	1	1	0	0
HGNC:3432	ERBB4	Q15303	ENSG00000178568	2066	BioLiP: biological ligand sites	mapped	1	0	0	0
HGNC:344	AHCYL1	O43865	ENSG00000168710	10768	BioLiP: biological ligand sites	mapped	0	0	0	0
HGNC:3535	F2	P00734	ENSG00000180210	2147	BioLiP: biological ligand sites	mapped	0	0	0	0
HGNC:3537	F2R	P25116	ENSG00000181104	2149	BioLiP: biological ligand sites	mapped	1	0	0	0
HGNC:3559	FABP4	P15090	ENSG00000170323	2167	BioLiP: biological ligand sites	mapped	0	0	0	0
HGNC:3590	FAP	Q12884	ENSG00000078098	2191	BioLiP: biological ligand sites	mapped	0	1	0	1
HGNC:3594	FASN	P49327	ENSG00000169710	2194	BioLiP: biological ligand sites	mapped	0	0	0	0
HGNC:3609	FCER1A	P12319	ENSG00000179639	2205	BioLiP: biological ligand sites	mapped	0	0	0	1
HGNC:3611	FCER1G	P30273	ENSG00000158869	2207	BioLiP: biological ligand sites	mapped	0	0	0	0
HGNC:3621	FCGRT	P55899	ENSG00000104870	2217	BioLiP: biological ligand sites	mapped	0	1	0	1
HGNC:3623	FCN1	O00602	ENSG00000085265	2219	BioLiP: biological ligand sites	mapped	0	0	0	0
HGNC:3624	FCN2	Q15485	ENSG00000160339	2220	BioLiP: biological ligand sites	mapped	0	0	0	0
HGNC:3625	FCN3	O75636	ENSG00000142748	8547	BioLiP: biological ligand sites	mapped	0	0	0	0
HGNC:3662	FGB	P02675	ENSG00000171564	2244	BioLiP: biological ligand sites	mapped	0	0	0	0
HGNC:3676	FGF2	P09038	ENSG00000138685	2247	BioLiP: biological ligand sites	mapped	0	0	0	0
HGNC:3688	FGFR1	P11362	ENSG00000077782	2260	BioLiP: biological ligand sites	mapped	1	1	0	0
HGNC:3689	FGFR2	P21802	ENSG00000066468	2263	BioLiP: biological ligand sites	mapped	1	1	0	0
HGNC:3690	FGFR3	P22607	ENSG00000068078	2261	BioLiP: biological ligand sites	mapped	1	1	0	0
HGNC:3691	FGFR4	P22455	ENSG00000160867	2264	BioLiP: biological ligand sites	mapped	1	0	0	0
HGNC:37	ABCA7	Q8IZY2	ENSG00000064687	10347	BioLiP: biological ligand sites	mapped	0	0	0	0
HGNC:3706	ATP8B1	O43520	ENSG00000081923	5205	BioLiP: biological ligand sites	mapped	0	0	0	0
HGNC:3724	FKBP8	Q14318	ENSG00000105701	23770	BioLiP: biological ligand sites	mapped	0	0	0	0
HGNC:3763	FLT1	P17948	ENSG00000102755	2321	BioLiP: biological ligand sites	mapped	1	1	0	0
HGNC:3765	FLT3	P36888	ENSG00000122025	2322	BioLiP: biological ligand sites	mapped	1	1	0	0
HGNC:3778	FN1	P02751	ENSG00000115414	2335	BioLiP: biological ligand sites	mapped	0	0	0	0
HGNC:3788	FOLH1	Q04609	ENSG00000086205	2346	BioLiP: biological ligand sites	mapped	0	1	0	1
HGNC:3791	FOLR1	P15328	ENSG00000110195	2348	BioLiP: biological ligand sites	mapped	0	1	0	1
HGNC:3793	FOLR2	P14207	ENSG00000165457	2350	BioLiP: biological ligand sites	mapped	0	0	0	1
HGNC:3826	FPR1	P21462	ENSG00000171051	2357	BioLiP: biological ligand sites	mapped	1	0	0	0
HGNC:3827	FPR2	P25090	ENSG00000171049	2358	BioLiP: biological ligand sites	mapped	1	0	0	0
HGNC:3969	FSHR	P23945	ENSG00000170820	2492	BioLiP: biological ligand sites	mapped	1	0	0	0
HGNC:40	ABCB1	P08183	ENSG00000085563	5243	BioLiP: biological ligand sites	mapped	0	0	0	0
HGNC:40039	LGALS16	A8MUM7	ENSG00000249861	148003	BioLiP: biological ligand sites	mapped	0	0	0	0
HGNC:4026	FXYD2	P54710	ENSG00000137731	486	BioLiP: biological ligand sites	mapped	0	0	0	0
HGNC:4040	FZD2	Q14332	ENSG00000180340	2535	BioLiP: biological ligand sites	mapped	0	0	0	1
HGNC:4042	FZD4	Q9ULV1	ENSG00000174804	8322	BioLiP: biological ligand sites	mapped	0	0	0	0
HGNC:4045	FZD7	O75084	ENSG00000155760	8324	BioLiP: biological ligand sites	mapped	0	0	0	0
HGNC:4056	G6PC1	P35575	ENSG00000131482	2538	BioLiP: biological ligand sites	mapped	0	0	0	0
HGNC:4065	GAA	P10253	ENSG00000171298	2548	BioLiP: biological ligand sites	mapped	0	0	0	0
HGNC:4070	GABBR1	Q9UBS5	ENSG00000204681	2550	BioLiP: biological ligand sites	mapped	1	0	0	1
HGNC:4075	GABRA1	P14867	ENSG00000022355	2554	BioLiP: biological ligand sites	mapped	0	0	0	1
HGNC:4076	GABRA2	P47869	ENSG00000151834	2555	BioLiP: biological ligand sites	mapped	0	0	0	0
HGNC:4077	GABRA3	P34903	ENSG00000011677	2556	BioLiP: biological ligand sites	mapped	0	0	0	0
HGNC:4081	GABRB1	P18505	ENSG00000163288	2560	BioLiP: biological ligand sites	mapped	0	0	0	1
HGNC:4083	GABRB3	P28472	ENSG00000166206	2562	BioLiP: biological ligand sites	mapped	0	0	0	1
HGNC:4087	GABRG2	P18507	ENSG00000113327	2566	BioLiP: biological ligand sites	mapped	0	0	0	1
HGNC:4089	GABRP	O00591	ENSG00000094755	2568	BioLiP: biological ligand sites	mapped	0	0	0	1
HGNC:4090	GABRR1	P24046	ENSG00000146276	2569	BioLiP: biological ligand sites	mapped	0	0	0	1
HGNC:4132	GALR1	P47211	ENSG00000166573	2587	BioLiP: biological ligand sites	mapped	1	0	0	0
HGNC:4133	GALR2	O43603	ENSG00000182687	8811	BioLiP: biological ligand sites	mapped	1	0	0	0
HGNC:4141	GAPDH	P04406	ENSG00000111640	2597	BioLiP: biological ligand sites	mapped	0	0	0	0
HGNC:4162	GARS1	P41250	ENSG00000106105	2617	BioLiP: biological ligand sites	mapped	0	0	0	0
HGNC:4165	GAS1	P54826	ENSG00000180447	2619	BioLiP: biological ligand sites	mapped	0	0	0	1
HGNC:4177	GBA1	P04062	ENSG00000177628	2629	BioLiP: biological ligand sites	mapped	0	0	0	0
HGNC:4187	GC	P02774	ENSG00000145321	2638	BioLiP: biological ligand sites	mapped	0	0	0	0
HGNC:4192	GCGR	P47871	ENSG00000215644	2642	BioLiP: biological ligand sites	mapped	1	1	0	0
HGNC:42	ABCB11	O95342	ENSG00000073734	8647	BioLiP: biological ligand sites	mapped	0	0	0	0
HGNC:4206	OPN1MW	P04001	ENSG00000268221	2652	BioLiP: biological ligand sites	mapped	0	0	0	0
HGNC:4250	GGT1	P19440	ENSG00000100031	2678	BioLiP: biological ligand sites	mapped	0	0	0	1
HGNC:4266	GHRHR	Q02643	ENSG00000106128	2692	BioLiP: biological ligand sites	mapped	1	0	0	0
HGNC:4267	GHSR	Q92847	ENSG00000121853	2693	BioLiP: biological ligand sites	mapped	1	0	0	0
HGNC:427	ALK	Q9UM73	ENSG00000171094	238	BioLiP: biological ligand sites	mapped	1	0	0	0
HGNC:4271	GIPR	P48546	ENSG00000010310	2696	BioLiP: biological ligand sites	mapped	1	1	0	0
HGNC:4274	GJA1	P17302	ENSG00000152661	2697	BioLiP: biological ligand sites	mapped	1	0	0	0
HGNC:4283	GJB1	P08034	ENSG00000169562	2705	BioLiP: biological ligand sites	mapped	0	0	0	0
HGNC:4324	GLP1R	P43220	ENSG00000112164	2740	BioLiP: biological ligand sites	mapped	1	1	0	0
HGNC:4327	GLRA2	P23416	ENSG00000101958	2742	BioLiP: biological ligand sites	mapped	0	0	0	1
HGNC:436	ALOX5AP	P20292	ENSG00000132965	241	BioLiP: biological ligand sites	mapped	0	0	0	0
HGNC:439	ALPP	P05187	ENSG00000163283	250	BioLiP: biological ligand sites	mapped	0	0	0	1
HGNC:4390	GNAQ	P50148	ENSG00000156052	2776	BioLiP: biological ligand sites	mapped	0	0	0	0
HGNC:4392	GNAS	P63092	ENSG00000087460	2778	BioLiP: biological ligand sites	mapped	0	0	0	0
HGNC:4396	GNB1	P62873	ENSG00000078369	2782	BioLiP: biological ligand sites	mapped	0	0	0	0
HGNC:4439	GP1BA	P07359	ENSG00000185245	2811	BioLiP: biological ligand sites	mapped	1	0	0	1
HGNC:4440	GP1BB	P13224	ENSG00000203618	2812	BioLiP: biological ligand sites	mapped	0	0	0	0
HGNC:4441	GP2	P55259	ENSG00000169347	2813	BioLiP: biological ligand sites	mapped	0	0	0	1
HGNC:4458	GPI	P06744	ENSG00000105220	2821	BioLiP: biological ligand sites	mapped	0	0	0	0
HGNC:4463	CMKLR2	P46091	ENSG00000183671	2825	BioLiP: biological ligand sites	mapped	1	0	0	0
HGNC:4464	PRLHR	P49683	ENSG00000119973	2834	BioLiP: biological ligand sites	mapped	1	0	0	0
HGNC:4479	MCHR1	Q99705	ENSG00000128285	2847	BioLiP: biological ligand sites	mapped	1	0	0	0
HGNC:4484	GPR3	P46089	ENSG00000181773	2827	BioLiP: biological ligand sites	mapped	0	0	0	0
HGNC:4485	GPER1	Q99527	ENSG00000164850	2852	BioLiP: biological ligand sites	mapped	1	0	0	0
HGNC:4490	GPR34	Q9UPC5	ENSG00000171659	2857	BioLiP: biological ligand sites	mapped	0	0	0	0
HGNC:4492	GPR35	Q9HC97	ENSG00000178623	2859	BioLiP: biological ligand sites	mapped	0	0	0	0
HGNC:4498	FFAR1	O14842	ENSG00000126266	2864	BioLiP: biological ligand sites	mapped	0	0	0	0
HGNC:4501	FFAR2	O15552	ENSG00000126262	2867	BioLiP: biological ligand sites	mapped	0	0	0	0
HGNC:4502	PTGDR2	Q9Y5Y4	ENSG00000183134	11251	BioLiP: biological ligand sites	mapped	1	0	0	0
HGNC:4507	GABBR2	O75899	ENSG00000136928	9568	BioLiP: biological ligand sites	mapped	1	0	0	0
HGNC:4508	GPR52	Q9Y2T5	ENSG00000203737	9293	BioLiP: biological ligand sites	mapped	0	0	0	0
HGNC:4510	KISS1R	Q969F8	ENSG00000116014	84634	BioLiP: biological ligand sites	mapped	1	0	0	0
HGNC:4511	GPR55	Q9Y2T6	ENSG00000135898	9290	BioLiP: biological ligand sites	mapped	1	0	0	0
HGNC:4535	GPR84	Q9NQS5	ENSG00000139572	53831	BioLiP: biological ligand sites	mapped	0	0	0	0
HGNC:4539	GPR88	Q9GZN0	ENSG00000181656	54112	BioLiP: biological ligand sites	mapped	0	0	0	0
HGNC:4542	SUCNR1	Q9BXA5	ENSG00000198829	56670	BioLiP: biological ligand sites	mapped	0	0	0	0
HGNC:4579	GRIK1	P39086	ENSG00000171189	2897	BioLiP: biological ligand sites	mapped	1	0	0	1
HGNC:4580	GRIK2	Q13002	ENSG00000164418	2898	BioLiP: biological ligand sites	mapped	1	0	0	1
HGNC:4586	GRIN2B	Q13224	ENSG00000273079	2904	BioLiP: biological ligand sites	mapped	0	0	0	1
HGNC:4587	GRIN2C	Q14957	ENSG00000161509	2905	BioLiP: biological ligand sites	mapped	0	0	0	1
HGNC:4593	GRM1	Q13255	ENSG00000152822	2911	BioLiP: biological ligand sites	mapped	1	0	0	1
HGNC:4594	GRM2	Q14416	ENSG00000164082	2912	BioLiP: biological ligand sites	mapped	1	0	0	1
HGNC:4595	GRM3	Q14832	ENSG00000198822	2913	BioLiP: biological ligand sites	mapped	1	0	0	1
HGNC:4596	GRM4	Q14833	ENSG00000124493	2914	BioLiP: biological ligand sites	mapped	1	0	0	0
HGNC:4597	GRM5	P41594	ENSG00000168959	2915	BioLiP: biological ligand sites	mapped	1	0	0	1
HGNC:4599	GRM7	Q14831	ENSG00000196277	2917	BioLiP: biological ligand sites	mapped	1	0	0	1
HGNC:4600	GRM8	O00222	ENSG00000179603	2918	BioLiP: biological ligand sites	mapped	1	0	0	1
HGNC:4609	GRPR	P30550	ENSG00000126010	2925	BioLiP: biological ligand sites	mapped	1	0	0	0
HGNC:4620	GSN	P06396	ENSG00000148180	2934	BioLiP: biological ligand sites	mapped	0	0	0	0
HGNC:47	ABCB6	Q9NP58	ENSG00000115657	10058	BioLiP: biological ligand sites	mapped	0	0	0	0
HGNC:4702	GYPA	P02724	ENSG00000170180	2993	BioLiP: biological ligand sites	mapped	0	0	0	0
HGNC:4709	GZMB	P10144	ENSG00000100453	3002	BioLiP: biological ligand sites	mapped	0	0	0	0
HGNC:4840	HCK	P08631	ENSG00000101336	3055	BioLiP: biological ligand sites	mapped	0	0	0	0
HGNC:4845	HCN1	O60741	ENSG00000164588	348980	BioLiP: biological ligand sites	mapped	0	0	0	0
HGNC:4846	HCN2	Q9UL51	ENSG00000099822	610	BioLiP: biological ligand sites	mapped	0	0	0	0
HGNC:4848	HCRTR1	O43613	ENSG00000121764	3061	BioLiP: biological ligand sites	mapped	1	0	0	0
HGNC:4849	HCRTR2	O43614	ENSG00000137252	3062	BioLiP: biological ligand sites	mapped	1	0	0	0
HGNC:4933	HLA-C	P10321	ENSG00000204525	3107	BioLiP: biological ligand sites	mapped	0	0	0	1
HGNC:4938	HLA-DPA1	P20036	ENSG00000231389	3113	BioLiP: biological ligand sites	mapped	0	0	0	1
HGNC:4940	HLA-DPB1	P04440	ENSG00000223865	3115	BioLiP: biological ligand sites	mapped	0	0	0	1
HGNC:4942	HLA-DQA1	P01909	ENSG00000196735	3117	BioLiP: biological ligand sites	mapped	0	0	0	1
HGNC:4947	HLA-DRA	P01903	ENSG00000204287	3122	BioLiP: biological ligand sites	mapped	0	0	0	1
HGNC:4951	HLA-DRB3	P79483	ENSG00000196101	3125	BioLiP: biological ligand sites	mapped	0	0	0	1
HGNC:4953	HLA-DRB5	Q30154	ENSG00000198502	3127	BioLiP: biological ligand sites	mapped	0	0	0	1
HGNC:4962	HLA-E	P13747	ENSG00000204592	3133	BioLiP: biological ligand sites	mapped	1	0	0	1
HGNC:4963	HLA-F	P30511	ENSG00000204642	3134	BioLiP: biological ligand sites	mapped	1	0	0	1
HGNC:4964	HLA-G	P17693	ENSG00000204632	3135	BioLiP: biological ligand sites	mapped	1	1	0	1
HGNC:497	TRPA1	O75762	ENSG00000104321	8989	BioLiP: biological ligand sites	mapped	0	0	0	0
HGNC:4975	MR1	Q95460	ENSG00000153029	3140	BioLiP: biological ligand sites	mapped	0	0	0	1
HGNC:500	ANPEP	P15144	ENSG00000166825	290	BioLiP: biological ligand sites	mapped	0	0	0	1
HGNC:51	ABCC1	P33527	ENSG00000103222	4363	BioLiP: biological ligand sites	mapped	0	0	0	0
HGNC:5155	HPN	P05981	ENSG00000105707	3249	BioLiP: biological ligand sites	mapped	0	0	0	1
HGNC:5164	HPSE	Q9Y251	ENSG00000173083	10855	BioLiP: biological ligand sites	mapped	0	0	0	0
HGNC:5182	HRH1	P35367	ENSG00000196639	3269	BioLiP: biological ligand sites	mapped	1	0	0	0
HGNC:5183	HRH2	P25021	ENSG00000113749	3274	BioLiP: biological ligand sites	mapped	1	0	0	0
HGNC:5184	HRH3	Q9Y5N1	ENSG00000101180	11255	BioLiP: biological ligand sites	mapped	1	0	0	0
HGNC:5232	HSPA1A	P0DMV8	ENSG00000204389	3303	BioLiP: biological ligand sites	mapped	0	0	0	0
HGNC:5233	HSPA1B	P0DMV9	ENSG00000204388	3304	BioLiP: biological ligand sites	mapped	0	0	0	0
HGNC:5235	HSPA2	P54652	ENSG00000126803	3306	BioLiP: biological ligand sites	mapped	0	0	0	0
HGNC:5238	HSPA5	P11021	ENSG00000044574	3309	BioLiP: biological ligand sites	mapped	0	0	0	0
HGNC:5241	HSPA8	P11142	ENSG00000109971	3312	BioLiP: biological ligand sites	mapped	0	0	0	0
HGNC:5244	HSPA9	P38646	ENSG00000113013	3313	BioLiP: biological ligand sites	mapped	0	0	0	0
HGNC:5246	HSPB1	P04792	ENSG00000106211	3315	BioLiP: biological ligand sites	mapped	0	0	0	0
HGNC:5253	HSP90AA1	P07900	ENSG00000080824	3320	BioLiP: biological ligand sites	mapped	0	0	0	0
HGNC:5258	HSP90AB1	P08238	ENSG00000096384	3326	BioLiP: biological ligand sites	mapped	0	0	0	0
HGNC:5286	HTR1A	P08908	ENSG00000178394	3350	BioLiP: biological ligand sites	mapped	1	0	0	0
HGNC:5291	HTR1E	P28566	ENSG00000168830	3354	BioLiP: biological ligand sites	mapped	1	0	0	0
HGNC:5294	HTR2B	P41595	ENSG00000135914	3357	BioLiP: biological ligand sites	mapped	1	0	0	0
HGNC:5295	HTR2C	P28335	ENSG00000147246	3358	BioLiP: biological ligand sites	mapped	1	0	0	0
HGNC:5297	HTR3A	P46098	ENSG00000166736	3359	BioLiP: biological ligand sites	mapped	1	0	0	1
HGNC:53	ABCC2	Q92887	ENSG00000023839	1244	BioLiP: biological ligand sites	mapped	0	0	0	0
HGNC:5300	HTR5A	P47898	ENSG00000157219	3361	BioLiP: biological ligand sites	mapped	1	0	0	0
HGNC:5301	HTR6	P50406	ENSG00000158748	3362	BioLiP: biological ligand sites	mapped	1	0	0	0
HGNC:5318	TNC	P24821	ENSG00000041982	3371	BioLiP: biological ligand sites	mapped	0	0	0	0
HGNC:5344	ICAM1	P05362	ENSG00000090339	3383	BioLiP: biological ligand sites	mapped	1	1	0	1
HGNC:537	ANXA2	P07355	ENSG00000182718	302	BioLiP: biological ligand sites	mapped	0	0	0	0
HGNC:5381	IDE	P14735	ENSG00000119912	3416	BioLiP: biological ligand sites	mapped	0	0	0	0
HGNC:54	ABCC3	O15438	ENSG00000108846	8714	BioLiP: biological ligand sites	mapped	0	0	0	0
HGNC:543	ANXA5	P08758	ENSG00000164111	308	BioLiP: biological ligand sites	mapped	0	0	0	0
HGNC:5440	IFNGR2	P38484	ENSG00000159128	3460	BioLiP: biological ligand sites	mapped	0	0	0	1
HGNC:5465	IGF1R	P08069	ENSG00000140443	3480	BioLiP: biological ligand sites	mapped	1	1	0	0
HGNC:55	ABCC4	O15439	ENSG00000125257	10257	BioLiP: biological ligand sites	mapped	0	0	0	0
HGNC:550	AOC3	Q16853	ENSG00000131471	8639	BioLiP: biological ligand sites	mapped	0	1	0	1
HGNC:56	ABCC5	O15440	ENSG00000114770	10057	BioLiP: biological ligand sites	mapped	0	0	0	0
HGNC:564	AP2M1	Q96CW1	ENSG00000161203	1173	BioLiP: biological ligand sites	mapped	0	0	0	0
HGNC:57	ABCC6	O95255	ENSG00000091262	368	BioLiP: biological ligand sites	mapped	0	0	0	0
HGNC:583	APC	P25054	ENSG00000134982	324	BioLiP: biological ligand sites	mapped	0	0	0	0
HGNC:584	APCS	P02743	ENSG00000132703	325	BioLiP: biological ligand sites	mapped	0	0	0	0
HGNC:59	ABCC8	Q09428	ENSG00000006071	6833	BioLiP: biological ligand sites	mapped	0	0	0	0
HGNC:597	APLP1	P51693	ENSG00000105290	333	BioLiP: biological ligand sites	mapped	0	0	0	1
HGNC:598	APLP2	Q06481	ENSG00000084234	334	BioLiP: biological ligand sites	mapped	1	0	0	1
HGNC:5993	IL1R1	P14778	ENSG00000115594	3554	BioLiP: biological ligand sites	mapped	0	0	0	1
HGNC:6009	IL2RB	P14784	ENSG00000100385	3560	BioLiP: biological ligand sites	mapped	0	0	0	1
HGNC:6012	IL3RA	P26951	ENSG00000185291	3563	BioLiP: biological ligand sites	mapped	0	1	0	1
HGNC:6017	IL5RA	Q01344	ENSG00000091181	3568	BioLiP: biological ligand sites	mapped	0	1	0	1
HGNC:6019	IL6R	P08887	ENSG00000160712	3570	BioLiP: biological ligand sites	mapped	1	1	0	1
HGNC:6027	CXCR2	P25025	ENSG00000180871	3579	BioLiP: biological ligand sites	mapped	1	0	0	0
HGNC:6091	INSR	P06213	ENSG00000171105	3643	BioLiP: biological ligand sites	mapped	1	1	0	0
HGNC:6111	IQGAP2	Q13576	ENSG00000145703	10788	BioLiP: biological ligand sites	mapped	0	0	0	0
HGNC:612	APOD	P05090	ENSG00000189058	347	BioLiP: biological ligand sites	mapped	0	0	0	0
HGNC:6125	IRS1	P35568	ENSG00000169047	3667	BioLiP: biological ligand sites	mapped	0	0	0	0
HGNC:613	APOE	P02649	ENSG00000130203	348	BioLiP: biological ligand sites	mapped	0	0	0	0
HGNC:6134	ITGA1	P56199	ENSG00000213949	3672	BioLiP: biological ligand sites	mapped	0	0	0	1
HGNC:6137	ITGA2	P17301	ENSG00000164171	3673	BioLiP: biological ligand sites	mapped	0	1	0	1
HGNC:6138	ITGA2B	P08514	ENSG00000005961	3674	BioLiP: biological ligand sites	mapped	0	1	0	1
HGNC:6140	ITGA4	P13612	ENSG00000115232	3676	BioLiP: biological ligand sites	mapped	0	1	0	1
HGNC:6141	ITGA5	P08648	ENSG00000161638	3678	BioLiP: biological ligand sites	mapped	0	0	0	1
HGNC:6148	ITGAL	P20701	ENSG00000005844	3683	BioLiP: biological ligand sites	mapped	1	1	0	1
HGNC:6149	ITGAM	P11215	ENSG00000169896	3684	BioLiP: biological ligand sites	mapped	0	0	0	1
HGNC:6150	ITGAV	P06756	ENSG00000138448	3685	BioLiP: biological ligand sites	mapped	0	1	0	1
HGNC:6153	ITGB1	P05556	ENSG00000150093	3688	BioLiP: biological ligand sites	mapped	0	0	0	1
HGNC:6156	ITGB3	P05106	ENSG00000259207	3690	BioLiP: biological ligand sites	mapped	0	0	0	1
HGNC:6158	ITGB4	P16144	ENSG00000132470	3691	BioLiP: biological ligand sites	mapped	0	0	0	0
HGNC:6161	ITGB6	P18564	ENSG00000115221	3694	BioLiP: biological ligand sites	mapped	0	1	0	1
HGNC:6162	ITGB7	P26010	ENSG00000139626	3695	BioLiP: biological ligand sites	mapped	0	0	0	1
HGNC:6163	ITGB8	P26012	ENSG00000105855	3696	BioLiP: biological ligand sites	mapped	0	0	0	1
HGNC:6193	JAK3	P52333	ENSG00000105639	3718	BioLiP: biological ligand sites	mapped	0	0	0	0
HGNC:620	APP	P05067	ENSG00000142192	351	BioLiP: biological ligand sites	mapped	1	1	0	1
HGNC:6215	KARS1	Q15046	ENSG00000065427	3735	BioLiP: biological ligand sites	mapped	0	1	0	0
HGNC:6233	KCNC1	P48547	ENSG00000129159	3746	BioLiP: biological ligand sites	mapped	0	0	0	0
HGNC:6238	KCND2	Q9NZV8	ENSG00000184408	3751	BioLiP: biological ligand sites	mapped	0	0	0	0
HGNC:6251	KCNH2	Q12809	ENSG00000055118	3757	BioLiP: biological ligand sites	mapped	0	0	0	0
HGNC:6257	KCNJ11	Q14654	ENSG00000187486	3767	BioLiP: biological ligand sites	mapped	0	0	0	0
HGNC:6273	KCNK10	P57789	ENSG00000100433	54207	BioLiP: biological ligand sites	mapped	0	0	0	0
HGNC:6277	KCNK2	O95069	ENSG00000082482	3776	BioLiP: biological ligand sites	mapped	0	0	0	0
HGNC:6278	KCNK3	O14649	ENSG00000171303	3777	BioLiP: biological ligand sites	mapped	0	0	0	0
HGNC:6283	KCNK9	Q9NPC2	ENSG00000169427	51305	BioLiP: biological ligand sites	mapped	0	0	0	0
HGNC:6284	KCNMA1	Q12791	ENSG00000156113	3778	BioLiP: biological ligand sites	mapped	0	0	0	0
HGNC:6289	KCNMB4	Q86W47	ENSG00000135643	27345	BioLiP: biological ligand sites	mapped	0	0	0	0
HGNC:6291	KCNN2	Q9H2S1	ENSG00000080709	3781	BioLiP: biological ligand sites	mapped	0	0	0	0
HGNC:6294	KCNQ1	P51787	ENSG00000053918	3784	BioLiP: biological ligand sites	mapped	0	0	0	0
HGNC:6296	KCNQ2	O43526	ENSG00000075043	3785	BioLiP: biological ligand sites	mapped	0	0	0	0
HGNC:6298	KCNQ4	P56696	ENSG00000117013	9132	BioLiP: biological ligand sites	mapped	0	0	0	0
HGNC:6307	KDR	P35968	ENSG00000128052	3791	BioLiP: biological ligand sites	mapped	1	1	0	0
HGNC:633	AQP1	P29972	ENSG00000240583	358	BioLiP: biological ligand sites	mapped	0	0	0	0
HGNC:6330	KIR2DL2	P43627		3803	BioLiP: biological ligand sites	mapped	0	0	0	1
HGNC:6338	KIR3DL1	P43629	ENSG00000167633	3811	BioLiP: biological ligand sites	mapped	1	0	0	1
HGNC:6342	KIT	P10721	ENSG00000157404	3815	BioLiP: biological ligand sites	mapped	1	1	0	0
HGNC:6363	KLK2	P20151	ENSG00000167751	3817	BioLiP: biological ligand sites	mapped	0	0	0	0
HGNC:6364	KLK3	P07288	ENSG00000142515	354	BioLiP: biological ligand sites	mapped	0	0	0	0
HGNC:6367	KLK6	Q92876	ENSG00000167755	5653	BioLiP: biological ligand sites	mapped	0	0	0	0
HGNC:6369	KLK8	O60259	ENSG00000129455	11202	BioLiP: biological ligand sites	mapped	0	0	0	0
HGNC:6378	KLRD1	Q13241	ENSG00000134539	3824	BioLiP: biological ligand sites	mapped	0	1	0	1
HGNC:638	AQP5	P55064	ENSG00000161798	362	BioLiP: biological ligand sites	mapped	0	0	0	0
HGNC:640	AQP7	O14520	ENSG00000165269	364	BioLiP: biological ligand sites	mapped	0	0	0	0
HGNC:6465	KSR1	Q8IVT5	ENSG00000141068	8844	BioLiP: biological ligand sites	mapped	0	0	0	0
HGNC:6508	LANCL1	O43813	ENSG00000115365	10314	BioLiP: biological ligand sites	mapped	0	0	0	0
HGNC:6561	LGALS1	P09382	ENSG00000100097	3956	BioLiP: biological ligand sites	mapped	0	0	0	0
HGNC:6563	LGALS3	P17931	ENSG00000131981	3958	BioLiP: biological ligand sites	mapped	0	0	0	0
HGNC:6565	LGALS4	P56470	ENSG00000171747	3960	BioLiP: biological ligand sites	mapped	0	0	0	0
HGNC:6569	LGALS8	O00214	ENSG00000116977	3964	BioLiP: biological ligand sites	mapped	0	0	0	0
HGNC:6570	LGALS9	O00182	ENSG00000168961	3965	BioLiP: biological ligand sites	mapped	0	0	0	0
HGNC:658	ARF5	P84085	ENSG00000004059	381	BioLiP: biological ligand sites	mapped	0	0	0	0
HGNC:6585	LHCGR	P22888	ENSG00000138039	3973	BioLiP: biological ligand sites	mapped	1	0	0	0
HGNC:6656	LNPEP	Q9UIQ6	ENSG00000113441	4012	BioLiP: biological ligand sites	mapped	0	0	0	1
HGNC:667	RHOA	P61586	ENSG00000067560	387	BioLiP: biological ligand sites	mapped	0	0	0	0
HGNC:6677	LPL	P06858	ENSG00000175445	4023	BioLiP: biological ligand sites	mapped	0	0	0	0
HGNC:6698	LRP6	O75581	ENSG00000070018	4040	BioLiP: biological ligand sites	mapped	1	0	0	1
HGNC:6713	LTB4R	Q15722	ENSG00000213903	1241	BioLiP: biological ligand sites	mapped	1	0	0	0
HGNC:6720	LTF	P02788	ENSG00000012223	4057	BioLiP: biological ligand sites	mapped	0	0	0	0
HGNC:6735	LYN	P07948	ENSG00000254087	4067	BioLiP: biological ligand sites	mapped	0	0	0	0
HGNC:6893	MAPT	P10636	ENSG00000186868	4137	BioLiP: biological ligand sites	mapped	0	1	0	0
HGNC:6901	MASP1	P48740	ENSG00000127241	5648	BioLiP: biological ligand sites	mapped	0	0	0	0
HGNC:6932	MC4R	P32245	ENSG00000166603	4160	BioLiP: biological ligand sites	mapped	1	0	0	0
HGNC:7015	MEP1A	Q16819	ENSG00000112818	4224	BioLiP: biological ligand sites	mapped	0	0	0	1
HGNC:7020	MEP1B	Q16820	ENSG00000141434	4225	BioLiP: biological ligand sites	mapped	0	0	0	1
HGNC:7027	MERTK	Q12866	ENSG00000153208	10461	BioLiP: biological ligand sites	mapped	1	0	0	0
HGNC:7029	MET	P08581	ENSG00000105976	4233	BioLiP: biological ligand sites	mapped	1	1	0	0
HGNC:7043	MGAM	O43451	ENSG00000257335	8972	BioLiP: biological ligand sites	mapped	0	0	0	0
HGNC:7097	MIF	P14174	ENSG00000240972	4282	BioLiP: biological ligand sites	mapped	0	0	0	0
HGNC:7154	MME	P08473	ENSG00000196549	4311	BioLiP: biological ligand sites	mapped	0	0	0	1
HGNC:7160	MMP14	P50281	ENSG00000157227	4323	BioLiP: biological ligand sites	mapped	0	0	0	1
HGNC:7162	MMP16	P51512	ENSG00000156103	4325	BioLiP: biological ligand sites	mapped	0	0	0	1
HGNC:7166	MMP2	P08253	ENSG00000087245	4313	BioLiP: biological ligand sites	mapped	0	0	0	0
HGNC:7174	MMP7	P09237	ENSG00000137673	4316	BioLiP: biological ligand sites	mapped	0	0	0	0
HGNC:7175	MMP8	P22894	ENSG00000118113	4317	BioLiP: biological ligand sites	mapped	0	0	0	0
HGNC:7176	MMP9	P14780	ENSG00000100985	4318	BioLiP: biological ligand sites	mapped	0	0	0	0
HGNC:7218	MPO	P05164	ENSG00000005381	4353	BioLiP: biological ligand sites	mapped	0	0	0	0
HGNC:7228	MRC1	P22897	ENSG00000260314	4360	BioLiP: biological ligand sites	mapped	1	0	0	1
HGNC:73	ABCG1	P45844	ENSG00000160179	9619	BioLiP: biological ligand sites	mapped	0	0	0	1
HGNC:7315	MS4A1	P11836	ENSG00000156738	931	BioLiP: biological ligand sites	mapped	0	1	0	0
HGNC:7316	MS4A2	Q01362	ENSG00000149534	2206	BioLiP: biological ligand sites	mapped	0	0	0	0
HGNC:736	NAAA	Q02083	ENSG00000138744	27163	BioLiP: biological ligand sites	mapped	0	0	0	0
HGNC:7373	MSN	P26038	ENSG00000147065	4478	BioLiP: biological ligand sites	mapped	0	0	0	0
HGNC:7381	MST1R	Q04912	ENSG00000164078	4486	BioLiP: biological ligand sites	mapped	1	1	0	0
HGNC:742	ASGR1	P07306	ENSG00000141505	432	BioLiP: biological ligand sites	mapped	0	0	0	1
HGNC:7463	MTNR1A	P48039	ENSG00000168412	4543	BioLiP: biological ligand sites	mapped	1	0	0	0
HGNC:7464	MTNR1B	P49286	ENSG00000134640	4544	BioLiP: biological ligand sites	mapped	1	0	0	0
HGNC:757	ASPH	Q12797	ENSG00000198363	444	BioLiP: biological ligand sites	mapped	0	0	0	0
HGNC:7597	MYO1C	O00159	ENSG00000197879	4641	BioLiP: biological ligand sites	mapped	0	0	0	0
HGNC:7809	NGFR	P08138	ENSG00000064300	4804	BioLiP: biological ligand sites	mapped	1	0	0	0
HGNC:7824	NINJ1	Q92982	ENSG00000131669	4814	BioLiP: biological ligand sites	mapped	0	0	0	0
HGNC:7849	NME1	P15531	ENSG00000239672	4830	BioLiP: biological ligand sites	mapped	0	0	0	0
HGNC:7872	NOS1	P29475	ENSG00000089250	4842	BioLiP: biological ligand sites	mapped	0	0	0	0
HGNC:7882	NOTCH2	Q04721	ENSG00000134250	4853	BioLiP: biological ligand sites	mapped	1	1	0	1
HGNC:7897	NPC1	O15118	ENSG00000141458	4864	BioLiP: biological ligand sites	mapped	0	0	0	0
HGNC:7898	NPC1L1	Q9UHC9	ENSG00000015520	29881	BioLiP: biological ligand sites	mapped	0	0	0	0
HGNC:7943	NPR1	P16066	ENSG00000169418	4881	BioLiP: biological ligand sites	mapped	1	1	0	1
HGNC:7945	NPR3	P17342	ENSG00000113389	4883	BioLiP: biological ligand sites	mapped	0	0	0	1
HGNC:7956	NPY1R	P25929	ENSG00000164128	4886	BioLiP: biological ligand sites	mapped	1	0	0	0
HGNC:7957	NPY2R	P49146	ENSG00000185149	4887	BioLiP: biological ligand sites	mapped	1	0	0	0
HGNC:799	ATP1A1	P05023	ENSG00000163399	476	BioLiP: biological ligand sites	mapped	0	0	0	0
HGNC:80	AOC1	P19801	ENSG00000002726	26	BioLiP: biological ligand sites	mapped	0	0	0	0
HGNC:8004	NRP1	O14786	ENSG00000099250	8829	BioLiP: biological ligand sites	mapped	1	1	0	1
HGNC:8005	NRP2	O60462	ENSG00000118257	8828	BioLiP: biological ligand sites	mapped	1	0	0	1
HGNC:801	ATP1A3	P13637	ENSG00000105409	478	BioLiP: biological ligand sites	mapped	0	0	0	0
HGNC:8021	NT5E	P21589	ENSG00000135318	4907	BioLiP: biological ligand sites	mapped	0	1	0	1
HGNC:8031	NTRK1	P04629	ENSG00000198400	4914	BioLiP: biological ligand sites	mapped	1	0	0	0
HGNC:8032	NTRK2	Q16620	ENSG00000148053	4915	BioLiP: biological ligand sites	mapped	1	0	0	0
HGNC:8033	NTRK3	Q16288	ENSG00000140538	4916	BioLiP: biological ligand sites	mapped	1	0	0	0
HGNC:8039	NTSR1	P30989	ENSG00000101188	4923	BioLiP: biological ligand sites	mapped	1	0	0	0
HGNC:804	ATP1B1	P05026	ENSG00000143153	481	BioLiP: biological ligand sites	mapped	0	0	0	0
HGNC:8060	NUMB	P49757	ENSG00000133961	8650	BioLiP: biological ligand sites	mapped	0	0	0	0
HGNC:8133	OLR1	P78380	ENSG00000173391	4973	BioLiP: biological ligand sites	mapped	1	1	0	1
HGNC:8153	OPRD1	P41143	ENSG00000116329	4985	BioLiP: biological ligand sites	mapped	1	0	0	0
HGNC:8154	OPRK1	P41145	ENSG00000082556	4986	BioLiP: biological ligand sites	mapped	1	0	0	0
HGNC:8155	OPRL1	P41146	ENSG00000125510	4987	BioLiP: biological ligand sites	mapped	1	0	0	0
HGNC:8156	OPRM1	P35372	ENSG00000112038	4988	BioLiP: biological ligand sites	mapped	1	0	0	0
HGNC:8157	SIGMAR1	Q99720	ENSG00000147955	10280	BioLiP: biological ligand sites	mapped	0	0	0	0
HGNC:830	ATP5F1B	P06576	ENSG00000110955	506	BioLiP: biological ligand sites	mapped	0	0	0	0
HGNC:8529	OXTR	P30559	ENSG00000180914	5021	BioLiP: biological ligand sites	mapped	1	0	0	0
HGNC:8533	P2RX1	P51575	ENSG00000108405	5023	BioLiP: biological ligand sites	mapped	0	0	0	1
HGNC:8534	P2RX3	P56373	ENSG00000109991	5024	BioLiP: biological ligand sites	mapped	0	0	0	1
HGNC:8535	P2RX4	Q99571	ENSG00000135124	5025	BioLiP: biological ligand sites	mapped	0	0	0	1
HGNC:8539	P2RY1	P47900	ENSG00000169860	5028	BioLiP: biological ligand sites	mapped	0	0	0	1
HGNC:854	ATP6V1B2	P21281	ENSG00000147416	526	BioLiP: biological ligand sites	mapped	0	0	0	0
HGNC:8568	FURIN	P09958	ENSG00000140564	5045	BioLiP: biological ligand sites	mapped	0	0	0	0
HGNC:8583	SERPINE1	P05121	ENSG00000106366	5054	BioLiP: biological ligand sites	mapped	0	0	0	0
HGNC:8584	SERPINB2	P05120	ENSG00000197632	5055	BioLiP: biological ligand sites	mapped	0	0	0	0
HGNC:8599	PANX1	Q96RD7	ENSG00000110218	24145	BioLiP: biological ligand sites	mapped	0	0	0	0
HGNC:8602	PAPPA	Q13219	ENSG00000182752	5069	BioLiP: biological ligand sites	mapped	0	0	0	0
HGNC:868	ATP6AP1	Q15904	ENSG00000071553	537	BioLiP: biological ligand sites	mapped	0	0	0	0
HGNC:869	ATP7A	Q04656	ENSG00000165240	538	BioLiP: biological ligand sites	mapped	0	0	0	0
HGNC:870	ATP7B	P35670	ENSG00000123191	540	BioLiP: biological ligand sites	mapped	0	0	0	0
HGNC:8749	CDK16	Q00536	ENSG00000102225	5127	BioLiP: biological ligand sites	mapped	0	0	0	0
HGNC:8783	PDE4D	Q08499	ENSG00000113448	5144	BioLiP: biological ligand sites	mapped	0	0	0	0
HGNC:8795	PDE9A	O76083	ENSG00000160191	5152	BioLiP: biological ligand sites	mapped	0	0	0	0
HGNC:8803	PDGFRA	P16234	ENSG00000134853	5156	BioLiP: biological ligand sites	mapped	1	1	0	0
HGNC:8864	CFP	P27918	ENSG00000126759	5199	BioLiP: biological ligand sites	mapped	0	0	0	0
HGNC:8896	PGK1	P00558	ENSG00000102144	5230	BioLiP: biological ligand sites	mapped	0	0	0	0
HGNC:897	AVPR2	P30518	ENSG00000126895	554	BioLiP: biological ligand sites	mapped	1	0	0	0
HGNC:9009	PKD2	Q13563	ENSG00000118762	5311	BioLiP: biological ligand sites	mapped	0	0	0	0
HGNC:9021	PKM	P14618	ENSG00000067225	5315	BioLiP: biological ligand sites	mapped	0	0	0	0
HGNC:9029	PLA2G10	O15496	ENSG00000069764	8399	BioLiP: biological ligand sites	mapped	0	0	0	0
HGNC:9031	PLA2G2A	P14555	ENSG00000188257	5320	BioLiP: biological ligand sites	mapped	1	0	0	0
HGNC:9040	PLA2G7	Q13093	ENSG00000146070	7941	BioLiP: biological ligand sites	mapped	0	0	0	0
HGNC:905	AXL	P30530	ENSG00000167601	558	BioLiP: biological ligand sites	mapped	1	1	0	0
HGNC:9051	PLAT	P00750	ENSG00000104368	5327	BioLiP: biological ligand sites	mapped	0	0	0	0
HGNC:9052	PLAU	P00749	ENSG00000122861	5328	BioLiP: biological ligand sites	mapped	0	0	0	0
HGNC:9053	PLAUR	Q03405	ENSG00000011422	5329	BioLiP: biological ligand sites	mapped	1	0	0	0
HGNC:9065	PLCG1	P19174	ENSG00000124181	5335	BioLiP: biological ligand sites	mapped	0	0	0	0
HGNC:9068	PLD2	O14939	ENSG00000129219	5338	BioLiP: biological ligand sites	mapped	0	0	0	0
HGNC:910	AZGP1	P25311	ENSG00000160862	563	BioLiP: biological ligand sites	mapped	0	0	0	0
HGNC:9103	PLXNB1	O43157	ENSG00000164050	5364	BioLiP: biological ligand sites	mapped	1	0	0	1
HGNC:914	B2M	P61769	ENSG00000166710	567	BioLiP: biological ligand sites	mapped	0	0	0	0
HGNC:924	B4GALT1	P15291	ENSG00000086062	2683	BioLiP: biological ligand sites	mapped	0	0	0	0
HGNC:9251	CTSA	P10619	ENSG00000064601	5476	BioLiP: biological ligand sites	mapped	0	0	0	0
HGNC:9253	PPIA	P62937	ENSG00000196262	5478	BioLiP: biological ligand sites	mapped	1	0	0	0
HGNC:9255	PPIB	P23284	ENSG00000166794	5479	BioLiP: biological ligand sites	mapped	0	0	0	0
HGNC:933	BACE1	P56817	ENSG00000186318	23621	BioLiP: biological ligand sites	mapped	0	0	0	1
HGNC:934	BACE2	Q9Y5Z0	ENSG00000182240	25825	BioLiP: biological ligand sites	mapped	0	0	0	1
HGNC:9352	PRDX1	Q06830	ENSG00000117450	5052	BioLiP: biological ligand sites	mapped	0	0	0	0
HGNC:9359	SLC26A5	P58743	ENSG00000170615	375611	BioLiP: biological ligand sites	mapped	0	0	0	0
HGNC:9362	PRG2	P13727	ENSG00000186652	5553	BioLiP: biological ligand sites	mapped	0	0	0	0
HGNC:9393	PRKCA	P17252	ENSG00000154229	5578	BioLiP: biological ligand sites	mapped	0	0	0	0
HGNC:9405	PKN1	Q16512	ENSG00000123143	5585	BioLiP: biological ligand sites	mapped	0	0	0	0
HGNC:9452	PROCR	Q9UNN8	ENSG00000101000	10544	BioLiP: biological ligand sites	mapped	1	0	0	1
HGNC:947	BAIAP2	Q9UQB8	ENSG00000175866	10458	BioLiP: biological ligand sites	mapped	0	0	0	0
HGNC:9472	LGMN	Q99538	ENSG00000100600	5641	BioLiP: biological ligand sites	mapped	0	0	0	0
HGNC:9476	HTRA1	Q92743	ENSG00000166033	5654	BioLiP: biological ligand sites	mapped	0	1	0	0
HGNC:9490	TMPRSS15	P98073	ENSG00000154646	5651	BioLiP: biological ligand sites	mapped	0	0	0	1
HGNC:9491	PRSS8	Q16651	ENSG00000052344	5652	BioLiP: biological ligand sites	mapped	0	0	0	0
HGNC:9508	PSEN1	P49768	ENSG00000080815	5663	BioLiP: biological ligand sites	mapped	0	0	0	0
HGNC:9582	PTAFR	P25105	ENSG00000169403	5724	BioLiP: biological ligand sites	mapped	0	0	0	0
HGNC:9585	PTCH1	Q13635	ENSG00000185920	5727	BioLiP: biological ligand sites	mapped	0	0	0	1
HGNC:9592	PTGDS	P41222	ENSG00000107317	5730	BioLiP: biological ligand sites	mapped	0	0	0	0
HGNC:9594	PTGER2	P43116	ENSG00000125384	5732	BioLiP: biological ligand sites	mapped	1	0	0	0
HGNC:9595	PTGER3	P43115	ENSG00000050628	5733	BioLiP: biological ligand sites	mapped	1	0	0	0
HGNC:9596	PTGER4	P35408	ENSG00000171522	5734	BioLiP: biological ligand sites	mapped	1	0	0	0
HGNC:9600	PTGFR	P43088	ENSG00000122420	5737	BioLiP: biological ligand sites	mapped	1	0	0	0
HGNC:9608	PTH1R	Q03431	ENSG00000160801	5745	BioLiP: biological ligand sites	mapped	1	0	0	1
HGNC:9612	PTK2B	Q14289	ENSG00000120899	2185	BioLiP: biological ligand sites	mapped	0	0	0	0
HGNC:9634	PTP4A1	Q93096	ENSG00000112245	7803	BioLiP: biological ligand sites	mapped	0	0	0	0
HGNC:9652	PTPN22	Q9Y2R2	ENSG00000134242	26191	BioLiP: biological ligand sites	mapped	0	0	0	0
HGNC:9656	PTPN4	P29074	ENSG00000088179	5775	BioLiP: biological ligand sites	mapped	0	0	0	0
HGNC:9665	PTPRB	P23467	ENSG00000127329	5787	BioLiP: biological ligand sites	mapped	0	0	0	0
HGNC:9670	PTPRF	P10586	ENSG00000142949	5792	BioLiP: biological ligand sites	mapped	1	0	0	1
HGNC:9671	PTPRG	P23470	ENSG00000144724	5793	BioLiP: biological ligand sites	mapped	0	0	0	0
HGNC:9753	QPCT	Q16769	ENSG00000115828	25797	BioLiP: biological ligand sites	mapped	0	0	0	0
HGNC:9756	QSOX1	O00391	ENSG00000116260	5768	BioLiP: biological ligand sites	mapped	0	0	0	0
HGNC:9767	RAB27B	O00194	ENSG00000041353	5874	BioLiP: biological ligand sites	mapped	0	0	0	0
HGNC:9839	RALA	P11233	ENSG00000006451	5898	BioLiP: biological ligand sites	mapped	0	0	0	0
HGNC:9843	RAMP1	O60894	ENSG00000132329	10267	BioLiP: biological ligand sites	mapped	0	0	0	1
HGNC:9936	OPN1LW	P04000	ENSG00000102076	5956	BioLiP: biological ligand sites	mapped	0	0	0	0
HGNC:9958	REN	P00797	ENSG00000143839	5972	BioLiP: biological ligand sites	mapped	0	0	0	0
HGNC:9967	RET	P07949	ENSG00000165731	5979	BioLiP: biological ligand sites	mapped	0	0	0	0
HGNC:1029	BDKRB1	P46663	ENSG00000100739	623	GPCRdb: experimental contacts	mapped	1	0	0	0
HGNC:1030	BDKRB2	P30411	ENSG00000168398	624	GPCRdb: experimental contacts	mapped	1	0	0	0
HGNC:10608	SCTR	P47872	ENSG00000080293	6344	GPCRdb: experimental contacts	mapped	1	0	0	0
HGNC:11119	SMO	Q99835	ENSG00000128602	6608	GPCRdb: experimental contacts	mapped	0	0	0	0
HGNC:1113	BRS3	P32247	ENSG00000102239	680	GPCRdb: experimental contacts	mapped	0	0	0	0
HGNC:11330	SSTR1	P30872	ENSG00000139874	6751	GPCRdb: experimental contacts	mapped	1	0	0	0
HGNC:11331	SSTR2	P30874	ENSG00000180616	6752	GPCRdb: experimental contacts	mapped	1	1	0	0
HGNC:11332	SSTR3	P32745	ENSG00000278195	6753	GPCRdb: experimental contacts	mapped	1	0	0	0
HGNC:11333	SSTR4	P31391	ENSG00000132671	6754	GPCRdb: experimental contacts	mapped	1	0	0	0
HGNC:11334	SSTR5	P35346	ENSG00000162009	6755	GPCRdb: experimental contacts	mapped	1	0	0	0
HGNC:11526	TACR1	P25103	ENSG00000115353	6869	GPCRdb: experimental contacts	mapped	1	0	0	0
HGNC:11527	TACR2	P21452	ENSG00000075073	6865	GPCRdb: experimental contacts	mapped	1	0	0	0
HGNC:11528	TACR3	P29371	ENSG00000169836	6870	GPCRdb: experimental contacts	mapped	1	0	0	0
HGNC:11608	TBXA2R	P21731	ENSG00000006638	6915	GPCRdb: experimental contacts	mapped	1	0	0	0
HGNC:12299	TRHR	P34981	ENSG00000174417	7201	GPCRdb: experimental contacts	mapped	1	0	0	0
HGNC:12373	TSHR	P16473	ENSG00000165409	7253	GPCRdb: experimental contacts	mapped	1	0	0	0
HGNC:12694	VIPR1	P32241	ENSG00000114812	7433	GPCRdb: experimental contacts	mapped	1	0	0	0
HGNC:12695	VIPR2	P41587	ENSG00000106018	7434	GPCRdb: experimental contacts	mapped	1	0	0	0
HGNC:1319	C3AR1	Q16581	ENSG00000171860	719	GPCRdb: experimental contacts	mapped	1	0	0	0
HGNC:13299	LGR4	Q9BXB1	ENSG00000205213	55366	GPCRdb: experimental contacts	mapped	1	0	0	1
HGNC:13310	GPRC5D	Q9NZD1	ENSG00000111291	55507	GPCRdb: experimental contacts	mapped	0	1	0	1
HGNC:1338	C5AR1	P21730	ENSG00000197405	728	GPCRdb: experimental contacts	mapped	1	1	0	0
HGNC:13728	ADGRG3	Q86Y34	ENSG00000182885	222487	GPCRdb: experimental contacts	mapped	0	0	0	0
HGNC:14299	S1PR5	Q9H228	ENSG00000180739	53637	GPCRdb: experimental contacts	mapped	0	0	0	0
HGNC:1440	CALCR	P30988	ENSG00000004948	799	GPCRdb: experimental contacts	mapped	1	0	0	0
HGNC:14666	RXFP4	Q8TDU9	ENSG00000173080	339403	GPCRdb: experimental contacts	mapped	1	0	0	0
HGNC:14725	OR2T2	Q6IF00	ENSG00000196240	401992	GPCRdb: experimental contacts	mapped	0	0	0	0
HGNC:14920	TAS2R14	Q9NYV8	ENSG00000212127	50840	GPCRdb: experimental contacts	mapped	0	0	0	0
HGNC:14963	GPR101	Q96P66	ENSG00000165370	83550	GPCRdb: experimental contacts	mapped	0	0	0	0
HGNC:1514	CASR	P41180	ENSG00000036828	846	GPCRdb: experimental contacts	mapped	0	0	0	1
HGNC:15195	OR51E2	Q9H255	ENSG00000167332	81285	GPCRdb: experimental contacts	mapped	0	0	0	0
HGNC:15213	OR52E4	Q8NGH9	ENSG00000180974	390081	GPCRdb: experimental contacts	mapped	0	0	0	0
HGNC:15565	QRFPR	Q96P65	ENSG00000186867	84109	GPCRdb: experimental contacts	mapped	1	0	0	0
HGNC:1570	CCKAR	P32238	ENSG00000163394	886	GPCRdb: experimental contacts	mapped	1	0	0	0
HGNC:1571	CCKBR	P32239	ENSG00000110148	887	GPCRdb: experimental contacts	mapped	1	0	0	0
HGNC:1602	CCR1	P32246	ENSG00000163823	1230	GPCRdb: experimental contacts	mapped	1	0	0	0
HGNC:1603	CCR2	P41597	ENSG00000121807	729230	GPCRdb: experimental contacts	mapped	1	1	0	0
HGNC:1606	CCR5	P51681	ENSG00000160791	1234	GPCRdb: experimental contacts	mapped	1	1	0	0
HGNC:1607	CCR6	P51684	ENSG00000112486	1235	GPCRdb: experimental contacts	mapped	1	0	0	1
HGNC:1608	CCR7	P32248	ENSG00000126353	1236	GPCRdb: experimental contacts	mapped	1	0	0	0
HGNC:1609	CCR8	P51685	ENSG00000179934	1237	GPCRdb: experimental contacts	mapped	1	1	0	0
HGNC:1625	XCR1	P46094	ENSG00000173578	2829	GPCRdb: experimental contacts	mapped	1	0	0	0
HGNC:16454	NMUR2	Q9GZQ4	ENSG00000132911	56923	GPCRdb: experimental contacts	mapped	1	0	0	0
HGNC:16709	CALCRL	Q16602	ENSG00000064989	10203	GPCRdb: experimental contacts	mapped	0	1	0	1
HGNC:16824	HCAR3	P49019	ENSG00000255398	8843	GPCRdb: experimental contacts	mapped	0	0	0	0
HGNC:17383	HRH4	Q9H3N8	ENSG00000134489	59340	GPCRdb: experimental contacts	mapped	1	0	0	0
HGNC:17451	CYSLTR1	Q9Y271	ENSG00000173198	10800	GPCRdb: experimental contacts	mapped	1	0	0	0
HGNC:17482	GPR132	Q9UNW8	ENSG00000183484	29933	GPCRdb: experimental contacts	mapped	0	0	0	1
HGNC:17617	MRGPRX4	Q96LA9	ENSG00000179817	117196	GPCRdb: experimental contacts	mapped	0	0	0	0
HGNC:17734	TAAR1	Q96RJ0	ENSG00000146399	134864	GPCRdb: experimental contacts	mapped	1	0	0	0
HGNC:17962	MRGPRX1	Q96LB2	ENSG00000170255	259249	GPCRdb: experimental contacts	mapped	0	0	0	0
HGNC:17983	MRGPRX2	Q96LB1	ENSG00000183695	117194	GPCRdb: experimental contacts	mapped	0	0	0	0
HGNC:18124	P2RY12	Q9H244	ENSG00000169313	64805	GPCRdb: experimental contacts	mapped	0	0	0	0
HGNC:18274	CYSLTR2	Q9NS75	ENSG00000152207	57105	GPCRdb: experimental contacts	mapped	1	0	0	0
HGNC:18877	TAS2R46	P59540	ENSG00000226761	259292	GPCRdb: experimental contacts	mapped	0	0	0	0
HGNC:18990	ADGRF1	Q5T601	ENSG00000153292	266977	GPCRdb: experimental contacts	mapped	0	0	0	0
HGNC:19060	GPR119	Q8TDV5	ENSG00000147262	139760	GPCRdb: experimental contacts	mapped	0	0	0	0
HGNC:19061	FFAR4	Q5NUL3	ENSG00000186188	338557	GPCRdb: experimental contacts	mapped	0	0	0	0
HGNC:1950	CHRM1	P11229	ENSG00000168539	1128	GPCRdb: experimental contacts	mapped	1	0	0	0
HGNC:1951	CHRM2	P08172	ENSG00000181072	1129	GPCRdb: experimental contacts	mapped	1	0	0	0
HGNC:1952	CHRM3	P20309	ENSG00000133019	1131	GPCRdb: experimental contacts	mapped	1	0	0	0
HGNC:1953	CHRM4	P08173	ENSG00000180720	1132	GPCRdb: experimental contacts	mapped	1	0	0	0
HGNC:1954	CHRM5	P08912	ENSG00000184984	1133	GPCRdb: experimental contacts	mapped	1	0	0	0
HGNC:19680	GPBAR1	Q8TDU6	ENSG00000179921	151306	GPCRdb: experimental contacts	mapped	0	0	0	0
HGNC:19995	GPR139	Q6DWJ6	ENSG00000180269	124274	GPCRdb: experimental contacts	mapped	0	0	0	0
HGNC:20867	MCHR2	Q969V1	ENSG00000152034	84539	GPCRdb: experimental contacts	mapped	1	0	0	0
HGNC:2121	CMKLR1	Q99788	ENSG00000174600	1240	GPCRdb: experimental contacts	mapped	1	0	0	0
HGNC:2159	CNR1	P21554	ENSG00000118432	1268	GPCRdb: experimental contacts	mapped	1	1	0	0
HGNC:2160	CNR2	P34972	ENSG00000188822	1269	GPCRdb: experimental contacts	mapped	1	0	0	0
HGNC:2358	CRHR2	Q13324	ENSG00000106113	1395	GPCRdb: experimental contacts	mapped	1	0	0	0
HGNC:23692	ACKR3	P25106	ENSG00000144476	57007	GPCRdb: experimental contacts	mapped	1	0	0	0
HGNC:242	ADCYAP1R1	P41586	ENSG00000078549	117	GPCRdb: experimental contacts	mapped	1	1	0	0
HGNC:24827	HCAR2	Q8TDS4	ENSG00000182782	338442	GPCRdb: experimental contacts	mapped	0	0	0	0
HGNC:2561	CXCR4	P61073	ENSG00000121966	7852	GPCRdb: experimental contacts	mapped	1	1	0	1
HGNC:262	ADORA1	P30542	ENSG00000163485	134	GPCRdb: experimental contacts	mapped	1	0	0	0
HGNC:263	ADORA2A	P29274	ENSG00000128271	135	GPCRdb: experimental contacts	mapped	1	0	0	0
HGNC:264	ADORA2B	P29275	ENSG00000170425	136	GPCRdb: experimental contacts	mapped	1	0	0	0
HGNC:268	ADORA3	P0DMS8	ENSG00000282608	140	GPCRdb: experimental contacts	mapped	1	0	0	0
HGNC:277	ADRA1A	P35348	ENSG00000120907	148	GPCRdb: experimental contacts	mapped	1	0	0	0
HGNC:281	ADRA2A	P08913	ENSG00000150594	150	GPCRdb: experimental contacts	mapped	1	0	0	0
HGNC:282	ADRA2B	P18089	ENSG00000274286	151	GPCRdb: experimental contacts	mapped	1	0	0	0
HGNC:283	ADRA2C	P18825	ENSG00000184160	152	GPCRdb: experimental contacts	mapped	1	0	0	0
HGNC:285	ADRB1	P08588	ENSG00000043591	153	GPCRdb: experimental contacts	mapped	1	0	0	0
HGNC:286	ADRB2	P07550	ENSG00000169252	154	GPCRdb: experimental contacts	mapped	1	0	0	0
HGNC:288	ADRB3	P13945	ENSG00000188778	155	GPCRdb: experimental contacts	mapped	1	0	0	0
HGNC:29626	MRGPRD	Q8TDS7	ENSG00000172938	116512	GPCRdb: experimental contacts	mapped	0	0	0	0
HGNC:3020	DRD1	P21728	ENSG00000184845	1812	GPCRdb: experimental contacts	mapped	1	0	0	0
HGNC:3023	DRD2	P14416	ENSG00000149295	1813	GPCRdb: experimental contacts	mapped	1	0	0	0
HGNC:3024	DRD3	P35462	ENSG00000151577	1814	GPCRdb: experimental contacts	mapped	1	0	0	0
HGNC:30245	GPR174	Q9BXC1	ENSG00000147138	84636	GPCRdb: experimental contacts	mapped	0	0	0	0
HGNC:3025	DRD4	P21917	ENSG00000069696	1815	GPCRdb: experimental contacts	mapped	1	0	0	0
HGNC:3026	DRD5	P21918	ENSG00000169676	1816	GPCRdb: experimental contacts	mapped	1	0	0	0
HGNC:3128	GPR183	P32249	ENSG00000169508	1880	GPCRdb: experimental contacts	mapped	0	0	0	0
HGNC:3165	S1PR1	P21453	ENSG00000170989	1901	GPCRdb: experimental contacts	mapped	0	0	0	0
HGNC:3166	LPAR1	Q92633	ENSG00000198121	1902	GPCRdb: experimental contacts	mapped	1	0	0	0
HGNC:3167	S1PR3	Q99500	ENSG00000213694	1903	GPCRdb: experimental contacts	mapped	0	0	0	0
HGNC:3169	S1PR2	O95136	ENSG00000267534	9294	GPCRdb: experimental contacts	mapped	1	0	0	0
HGNC:3179	EDNRA	P25101	ENSG00000151617	1909	GPCRdb: experimental contacts	mapped	1	1	0	0
HGNC:3180	EDNRB	P24530	ENSG00000136160	1910	GPCRdb: experimental contacts	mapped	1	0	0	0
HGNC:336	AGTR1	P30556	ENSG00000144891	185	GPCRdb: experimental contacts	mapped	1	0	0	0
HGNC:338	AGTR2	P50052	ENSG00000180772	186	GPCRdb: experimental contacts	mapped	1	0	0	0
HGNC:339	APLNR	P35414	ENSG00000134817	187	GPCRdb: experimental contacts	mapped	1	0	0	0
HGNC:3537	F2R	P25116	ENSG00000181104	2149	GPCRdb: experimental contacts	mapped	1	0	0	1
HGNC:3538	F2RL1	P55085	ENSG00000164251	2150	GPCRdb: experimental contacts	mapped	0	0	0	0
HGNC:3826	FPR1	P21462	ENSG00000171051	2357	GPCRdb: experimental contacts	mapped	1	0	0	0
HGNC:3827	FPR2	P25090	ENSG00000171049	2358	GPCRdb: experimental contacts	mapped	1	0	0	0
HGNC:3969	FSHR	P23945	ENSG00000170820	2492	GPCRdb: experimental contacts	mapped	1	0	0	0
HGNC:4035	ACKR1	Q16570	ENSG00000213088	2532	GPCRdb: experimental contacts	mapped	1	0	0	0
HGNC:4132	GALR1	P47211	ENSG00000166573	2587	GPCRdb: experimental contacts	mapped	1	0	0	0
HGNC:4133	GALR2	O43603	ENSG00000182687	8811	GPCRdb: experimental contacts	mapped	1	0	0	0
HGNC:4192	GCGR	P47871	ENSG00000215644	2642	GPCRdb: experimental contacts	mapped	1	1	0	0
HGNC:4266	GHRHR	Q02643	ENSG00000106128	2692	GPCRdb: experimental contacts	mapped	1	0	0	0
HGNC:4267	GHSR	Q92847	ENSG00000121853	2693	GPCRdb: experimental contacts	mapped	1	0	0	0
HGNC:4271	GIPR	P48546	ENSG00000010310	2696	GPCRdb: experimental contacts	mapped	1	1	0	0
HGNC:4324	GLP1R	P43220	ENSG00000112164	2740	GPCRdb: experimental contacts	mapped	1	1	0	0
HGNC:4325	GLP2R	O95838	ENSG00000065325	9340	GPCRdb: experimental contacts	mapped	1	0	0	0
HGNC:4421	GNRHR	P30968	ENSG00000109163	2798	GPCRdb: experimental contacts	mapped	1	0	0	0
HGNC:4463	CMKLR2	P46091	ENSG00000183671	2825	GPCRdb: experimental contacts	mapped	1	0	0	0
HGNC:4464	PRLHR	P49683	ENSG00000119973	2834	GPCRdb: experimental contacts	mapped	1	0	0	0
HGNC:4469	GPR15	P49685	ENSG00000154165	2838	GPCRdb: experimental contacts	mapped	1	0	0	0
HGNC:4485	GPER1	Q99527	ENSG00000164850	2852	GPCRdb: experimental contacts	mapped	1	0	0	0
HGNC:4490	GPR34	Q9UPC5	ENSG00000171659	2857	GPCRdb: experimental contacts	mapped	0	0	0	0
HGNC:4492	GPR35	Q9HC97	ENSG00000178623	2859	GPCRdb: experimental contacts	mapped	0	0	0	0
HGNC:4495	MLNR	O43193	ENSG00000102539	2862	GPCRdb: experimental contacts	mapped	1	0	0	0
HGNC:4498	FFAR1	O14842	ENSG00000126266	2864	GPCRdb: experimental contacts	mapped	0	0	0	0
HGNC:4501	FFAR2	O15552	ENSG00000126262	2867	GPCRdb: experimental contacts	mapped	0	0	0	0
HGNC:4502	PTGDR2	Q9Y5Y4	ENSG00000183134	11251	GPCRdb: experimental contacts	mapped	1	0	0	0
HGNC:4507	GABBR2	O75899	ENSG00000136928	9568	GPCRdb: experimental contacts	mapped	1	0	0	0
HGNC:4508	GPR52	Q9Y2T5	ENSG00000203737	9293	GPCRdb: experimental contacts	mapped	0	0	0	0
HGNC:4510	KISS1R	Q969F8	ENSG00000116014	84634	GPCRdb: experimental contacts	mapped	1	0	0	0
HGNC:4515	GPR6	P46095	ENSG00000146360	2830	GPCRdb: experimental contacts	mapped	0	0	0	0
HGNC:4518	NMUR1	Q9HB89	ENSG00000171596	10316	GPCRdb: experimental contacts	mapped	1	0	0	0
HGNC:4535	GPR84	Q9NQS5	ENSG00000139572	53831	GPCRdb: experimental contacts	mapped	0	0	0	0
HGNC:4539	GPR88	Q9GZN0	ENSG00000181656	54112	GPCRdb: experimental contacts	mapped	0	0	0	0
HGNC:4540	CXCR3	P49682	ENSG00000186810	2833	GPCRdb: experimental contacts	mapped	1	0	0	0
HGNC:4542	SUCNR1	Q9BXA5	ENSG00000198829	56670	GPCRdb: experimental contacts	mapped	0	0	0	1
HGNC:4593	GRM1	Q13255	ENSG00000152822	2911	GPCRdb: experimental contacts	mapped	1	0	0	1
HGNC:4594	GRM2	Q14416	ENSG00000164082	2912	GPCRdb: experimental contacts	mapped	1	0	0	1
HGNC:4595	GRM3	Q14832	ENSG00000198822	2913	GPCRdb: experimental contacts	mapped	1	0	0	1
HGNC:4596	GRM4	Q14833	ENSG00000124493	2914	GPCRdb: experimental contacts	mapped	1	0	0	1
HGNC:4597	GRM5	P41594	ENSG00000168959	2915	GPCRdb: experimental contacts	mapped	1	0	0	1
HGNC:4609	GRPR	P30550	ENSG00000126010	2925	GPCRdb: experimental contacts	mapped	1	0	0	0
HGNC:4848	HCRTR1	O43613	ENSG00000121764	3061	GPCRdb: experimental contacts	mapped	1	0	0	0
HGNC:4849	HCRTR2	O43614	ENSG00000137252	3062	GPCRdb: experimental contacts	mapped	1	0	0	0
HGNC:5182	HRH1	P35367	ENSG00000196639	3269	GPCRdb: experimental contacts	mapped	1	0	0	0
HGNC:5183	HRH2	P25021	ENSG00000113749	3274	GPCRdb: experimental contacts	mapped	1	0	0	0
HGNC:5184	HRH3	Q9Y5N1	ENSG00000101180	11255	GPCRdb: experimental contacts	mapped	1	0	0	0
HGNC:5286	HTR1A	P08908	ENSG00000178394	3350	GPCRdb: experimental contacts	mapped	1	0	0	0
HGNC:5287	HTR1B	P28222	ENSG00000135312	3351	GPCRdb: experimental contacts	mapped	1	0	0	0
HGNC:5289	HTR1D	P28221	ENSG00000179546	3352	GPCRdb: experimental contacts	mapped	1	0	0	0
HGNC:5291	HTR1E	P28566	ENSG00000168830	3354	GPCRdb: experimental contacts	mapped	1	0	0	0
HGNC:5292	HTR1F	P30939	ENSG00000179097	3355	GPCRdb: experimental contacts	mapped	1	0	0	0
HGNC:5293	HTR2A	P28223	ENSG00000102468	3356	GPCRdb: experimental contacts	mapped	1	0	0	0
HGNC:5294	HTR2B	P41595	ENSG00000135914	3357	GPCRdb: experimental contacts	mapped	1	0	0	0
HGNC:5295	HTR2C	P28335	ENSG00000147246	3358	GPCRdb: experimental contacts	mapped	1	0	0	0
HGNC:5300	HTR5A	P47898	ENSG00000157219	3361	GPCRdb: experimental contacts	mapped	1	0	0	0
HGNC:5301	HTR6	P50406	ENSG00000158748	3362	GPCRdb: experimental contacts	mapped	1	0	0	0
HGNC:5302	HTR7	P34969	ENSG00000148680	3363	GPCRdb: experimental contacts	mapped	1	0	0	0
HGNC:6026	CXCR1	P25024	ENSG00000163464	3577	GPCRdb: experimental contacts	mapped	1	0	0	0
HGNC:6027	CXCR2	P25025	ENSG00000180871	3579	GPCRdb: experimental contacts	mapped	1	0	0	0
HGNC:6585	LHCGR	P22888	ENSG00000138039	3973	GPCRdb: experimental contacts	mapped	1	0	0	0
HGNC:6713	LTB4R	Q15722	ENSG00000213903	1241	GPCRdb: experimental contacts	mapped	1	0	0	0
HGNC:6929	MC1R	Q01726	ENSG00000258839	4157	GPCRdb: experimental contacts	mapped	1	0	0	0
HGNC:6930	MC2R	Q01718	ENSG00000185231	4158	GPCRdb: experimental contacts	mapped	1	0	0	0
HGNC:6931	MC3R	P41968	ENSG00000124089	4159	GPCRdb: experimental contacts	mapped	1	0	0	0
HGNC:6932	MC4R	P32245	ENSG00000166603	4160	GPCRdb: experimental contacts	mapped	1	0	0	0
HGNC:6933	MC5R	P33032	ENSG00000176136	4161	GPCRdb: experimental contacts	mapped	1	0	0	0
HGNC:7463	MTNR1A	P48039	ENSG00000168412	4543	GPCRdb: experimental contacts	mapped	1	0	0	0
HGNC:7464	MTNR1B	P49286	ENSG00000134640	4544	GPCRdb: experimental contacts	mapped	1	0	0	0
HGNC:7843	NMBR	P28336	ENSG00000135577	4829	GPCRdb: experimental contacts	mapped	1	0	0	0
HGNC:7956	NPY1R	P25929	ENSG00000164128	4886	GPCRdb: experimental contacts	mapped	1	0	0	0
HGNC:7957	NPY2R	P49146	ENSG00000185149	4887	GPCRdb: experimental contacts	mapped	1	0	0	0
HGNC:8039	NTSR1	P30989	ENSG00000101188	4923	GPCRdb: experimental contacts	mapped	1	0	0	1
HGNC:8153	OPRD1	P41143	ENSG00000116329	4985	GPCRdb: experimental contacts	mapped	1	0	0	0
HGNC:8154	OPRK1	P41145	ENSG00000082556	4986	GPCRdb: experimental contacts	mapped	1	0	0	0
HGNC:8155	OPRL1	P41146	ENSG00000125510	4987	GPCRdb: experimental contacts	mapped	1	0	0	0
HGNC:8156	OPRM1	P35372	ENSG00000112038	4988	GPCRdb: experimental contacts	mapped	1	0	0	0
HGNC:8529	OXTR	P30559	ENSG00000180914	5021	GPCRdb: experimental contacts	mapped	1	0	0	0
HGNC:8539	P2RY1	P47900	ENSG00000169860	5028	GPCRdb: experimental contacts	mapped	0	0	0	0
HGNC:897	AVPR2	P30518	ENSG00000126895	554	GPCRdb: experimental contacts	mapped	1	0	0	0
HGNC:9329	NPY4R	P50391	ENSG00000204174	5540	GPCRdb: experimental contacts	mapped	1	0	0	0
HGNC:9582	PTAFR	P25105	ENSG00000169403	5724	GPCRdb: experimental contacts	mapped	0	0	0	0
HGNC:9594	PTGER2	P43116	ENSG00000125384	5732	GPCRdb: experimental contacts	mapped	1	0	0	0
HGNC:9595	PTGER3	P43115	ENSG00000050628	5733	GPCRdb: experimental contacts	mapped	1	0	0	0
HGNC:9596	PTGER4	P35408	ENSG00000171522	5734	GPCRdb: experimental contacts	mapped	1	0	0	0
HGNC:9600	PTGFR	P43088	ENSG00000122420	5737	GPCRdb: experimental contacts	mapped	1	0	0	0
HGNC:9602	PTGIR	P43119	ENSG00000160013	5739	GPCRdb: experimental contacts	mapped	1	0	0	0
HGNC:9608	PTH1R	Q03431	ENSG00000160801	5745	GPCRdb: experimental contacts	mapped	1	0	0	0
HGNC:9609	PTH2R	P49190	ENSG00000144407	5746	GPCRdb: experimental contacts	mapped	1	0	0	0
HGNC:9936	OPN1LW	P04000	ENSG00000102076	5956	GPCRdb: experimental contacts	mapped	0	0	0	0
HGNC:100	ASIC1	P78348	ENSG00000110881	41	PDB/PDBe: expanded protein interfaces	mapped	0	0	0	1
HGNC:10006	RHAG	Q02094	ENSG00000112077	6005	PDB/PDBe: expanded protein interfaces	mapped	0	0	0	0
HGNC:10008	RHCE	P18577	ENSG00000188672	6006	PDB/PDBe: expanded protein interfaces	mapped	0	0	0	0
HGNC:10012	RHO	P08100	ENSG00000163914	6010	PDB/PDBe: expanded protein interfaces	mapped	0	0	0	0
HGNC:10019	RIPK1	Q13546	ENSG00000137275	8737	PDB/PDBe: expanded protein interfaces	mapped	0	0	0	0
HGNC:10057	RNF13	O43567	ENSG00000082996	11342	PDB/PDBe: expanded protein interfaces	mapped	0	0	0	0
HGNC:1012	OPN1SW	P03999	ENSG00000128617	611	PDB/PDBe: expanded protein interfaces	mapped	0	0	0	0
HGNC:10249	ROBO1	Q9Y6N7	ENSG00000169855	6091	PDB/PDBe: expanded protein interfaces	mapped	1	0	0	1
HGNC:10254	ROM1	Q03395	ENSG00000149489	6094	PDB/PDBe: expanded protein interfaces	mapped	0	0	0	0
HGNC:10274	RP2	O75695	ENSG00000102218	6102	PDB/PDBe: expanded protein interfaces	mapped	0	0	0	0
HGNC:1029	BDKRB1	P46663	ENSG00000100739	623	PDB/PDBe: expanded protein interfaces	mapped	1	0	0	0
HGNC:103	CNNM2	Q9H8M5	ENSG00000148842	54805	PDB/PDBe: expanded protein interfaces	mapped	0	0	0	0
HGNC:1030	BDKRB2	P30411	ENSG00000168398	624	PDB/PDBe: expanded protein interfaces	mapped	1	0	0	0
HGNC:10331	RPL29	P47914	ENSG00000162244	6159	PDB/PDBe: expanded protein interfaces	mapped	0	0	0	0
HGNC:1037	CFB	P00751	ENSG00000243649	629	PDB/PDBe: expanded protein interfaces	mapped	0	1	0	0
HGNC:10371	RPLP0	P05388	ENSG00000089157	6175	PDB/PDBe: expanded protein interfaces	mapped	0	0	0	0
HGNC:10377	RPLP2	P05387	ENSG00000177600	6181	PDB/PDBe: expanded protein interfaces	mapped	0	0	0	0
HGNC:10381	RPN1	P04843	ENSG00000163902	6184	PDB/PDBe: expanded protein interfaces	mapped	0	0	0	0
HGNC:104	CNNM3	Q8NE01	ENSG00000168763	26505	PDB/PDBe: expanded protein interfaces	mapped	0	0	0	0
HGNC:10420	RPS3	P23396	ENSG00000149273	6188	PDB/PDBe: expanded protein interfaces	mapped	0	0	0	0
HGNC:10469	RTN3	O95197	ENSG00000133318	10313	PDB/PDBe: expanded protein interfaces	mapped	0	0	0	0
HGNC:10487	S100A10	P60903	ENSG00000197747	6281	PDB/PDBe: expanded protein interfaces	mapped	0	0	0	0
HGNC:10490	S100A13	Q99584	ENSG00000189171	6284	PDB/PDBe: expanded protein interfaces	mapped	0	0	0	0
HGNC:10494	S100A4	P26447	ENSG00000196154	6275	PDB/PDBe: expanded protein interfaces	mapped	0	0	0	0
HGNC:10496	S100A6	P06703	ENSG00000197956	6277	PDB/PDBe: expanded protein interfaces	mapped	0	0	0	0
HGNC:10498	S100A8	P05109	ENSG00000143546	6279	PDB/PDBe: expanded protein interfaces	mapped	0	0	0	0
HGNC:10499	S100A9	P06702	ENSG00000163220	6280	PDB/PDBe: expanded protein interfaces	mapped	0	0	0	0
HGNC:10500	S100B	P04271	ENSG00000160307	6285	PDB/PDBe: expanded protein interfaces	mapped	0	0	0	0
HGNC:10504	S100P	P25815	ENSG00000163993	6286	PDB/PDBe: expanded protein interfaces	mapped	0	0	0	0
HGNC:10582	SCN10A	Q9Y5Y9	ENSG00000185313	6336	PDB/PDBe: expanded protein interfaces	mapped	0	0	0	0
HGNC:10585	SCN1A	P35498	ENSG00000144285	6323	PDB/PDBe: expanded protein interfaces	mapped	0	0	0	1
HGNC:10586	SCN1B	Q07699	ENSG00000105711	6324	PDB/PDBe: expanded protein interfaces	mapped	0	0	0	0
HGNC:10588	SCN2A	Q99250	ENSG00000136531	6326	PDB/PDBe: expanded protein interfaces	mapped	0	0	0	1
HGNC:10589	SCN2B	O60939	ENSG00000149575	6327	PDB/PDBe: expanded protein interfaces	mapped	0	0	0	1
HGNC:10590	SCN3A	Q9NY46	ENSG00000153253	6328	PDB/PDBe: expanded protein interfaces	mapped	0	0	0	1
HGNC:10591	SCN4A	P35499	ENSG00000007314	6329	PDB/PDBe: expanded protein interfaces	mapped	0	0	0	0
HGNC:10592	SCN4B	Q8IWT1	ENSG00000177098	6330	PDB/PDBe: expanded protein interfaces	mapped	0	0	0	1
HGNC:10593	SCN5A	Q14524	ENSG00000183873	6331	PDB/PDBe: expanded protein interfaces	mapped	0	0	0	0
HGNC:10594	SCN7A	Q01118	ENSG00000136546	6332	PDB/PDBe: expanded protein interfaces	mapped	0	0	0	0
HGNC:10596	SCN8A	Q9UQD0	ENSG00000196876	6334	PDB/PDBe: expanded protein interfaces	mapped	0	0	0	1
HGNC:10597	SCN9A	Q15858	ENSG00000169432	6335	PDB/PDBe: expanded protein interfaces	mapped	0	0	0	1
HGNC:10599	SCNN1A	P37088	ENSG00000111319	6337	PDB/PDBe: expanded protein interfaces	mapped	0	0	0	1
HGNC:10600	SCNN1B	P51168	ENSG00000168447	6338	PDB/PDBe: expanded protein interfaces	mapped	0	0	0	1
HGNC:10601	SCNN1D	P51172	ENSG00000162572	6339	PDB/PDBe: expanded protein interfaces	mapped	0	0	0	1
HGNC:10602	SCNN1G	P51170	ENSG00000166828	6340	PDB/PDBe: expanded protein interfaces	mapped	0	0	0	1
HGNC:10608	SCTR	P47872	ENSG00000080293	6344	PDB/PDBe: expanded protein interfaces	mapped	1	0	0	0
HGNC:10620	CCL21	O00585	ENSG00000137077	6366	PDB/PDBe: expanded protein interfaces	mapped	0	0	0	0
HGNC:10632	CCL5	P13501	ENSG00000271503	6352	PDB/PDBe: expanded protein interfaces	mapped	0	0	0	0
HGNC:10647	CX3CL1	P78423	ENSG00000006210	6376	PDB/PDBe: expanded protein interfaces	mapped	1	1	0	1
HGNC:10648	AIMP1	Q12904	ENSG00000164022	9255	PDB/PDBe: expanded protein interfaces	mapped	0	0	0	0
HGNC:10658	SDC1	P18827	ENSG00000115884	6382	PDB/PDBe: expanded protein interfaces	mapped	1	1	0	1
HGNC:10661	SDC4	P31431	ENSG00000124145	6385	PDB/PDBe: expanded protein interfaces	mapped	0	0	0	0
HGNC:10672	CXCL12	P48061	ENSG00000107562	6387	PDB/PDBe: expanded protein interfaces	mapped	0	0	0	0
HGNC:10707	SECTM1	Q8WVN6	ENSG00000141574	6398	PDB/PDBe: expanded protein interfaces	mapped	0	0	0	1
HGNC:10720	SELL	P14151	ENSG00000188404	6402	PDB/PDBe: expanded protein interfaces	mapped	1	0	0	0
HGNC:10721	SELP	P16109	ENSG00000174175	6403	PDB/PDBe: expanded protein interfaces	mapped	1	1	0	1
HGNC:10722	SELPLG	Q14242	ENSG00000110876	6404	PDB/PDBe: expanded protein interfaces	mapped	1	1	0	1
HGNC:10731	SEMA4C	Q9C0C4	ENSG00000168758	54910	PDB/PDBe: expanded protein interfaces	mapped	0	0	0	0
HGNC:10732	SEMA4D	Q92854	ENSG00000187764	10507	PDB/PDBe: expanded protein interfaces	mapped	1	1	0	1
HGNC:10738	SEMA6A	Q9H2E6	ENSG00000092421	57556	PDB/PDBe: expanded protein interfaces	mapped	1	0	0	1
HGNC:10741	SEMA7A	O75326	ENSG00000138623	8482	PDB/PDBe: expanded protein interfaces	mapped	1	0	0	1
HGNC:1076	BMPR1A	P36894	ENSG00000107779	657	PDB/PDBe: expanded protein interfaces	mapped	1	0	0	1
HGNC:1077	BMPR1B	O00238	ENSG00000138696	658	PDB/PDBe: expanded protein interfaces	mapped	0	0	0	0
HGNC:1078	BMPR2	Q13873	ENSG00000204217	659	PDB/PDBe: expanded protein interfaces	mapped	0	0	0	1
HGNC:108	ACHE	P22303	ENSG00000087085	43	PDB/PDBe: expanded protein interfaces	mapped	0	0	0	0
HGNC:10848	SHH	Q15465	ENSG00000164690	6469	PDB/PDBe: expanded protein interfaces	mapped	1	0	0	0
HGNC:10880	PMEL	P40967	ENSG00000185664	6490	PDB/PDBe: expanded protein interfaces	mapped	0	0	0	0
HGNC:10903	SLAMF1	Q13291	ENSG00000117090	6504	PDB/PDBe: expanded protein interfaces	mapped	0	0	0	0
HGNC:10905	SLC10A1	Q14973	ENSG00000100652	6554	PDB/PDBe: expanded protein interfaces	mapped	0	0	0	0
HGNC:10908	SLC11A2	P49281	ENSG00000110911	4891	PDB/PDBe: expanded protein interfaces	mapped	0	0	0	0
HGNC:10909	SLC40A1	Q9NP59	ENSG00000138449	30061	PDB/PDBe: expanded protein interfaces	mapped	0	0	0	0
HGNC:10912	SLC12A3	P55017	ENSG00000070915	6559	PDB/PDBe: expanded protein interfaces	mapped	0	0	0	0
HGNC:10921	SLC15A2	Q16348	ENSG00000163406	6565	PDB/PDBe: expanded protein interfaces	mapped	0	0	0	0
HGNC:10922	SLC16A1	P53985	ENSG00000155380	6566	PDB/PDBe: expanded protein interfaces	mapped	0	0	0	0
HGNC:10928	SLC16A7	O60669	ENSG00000118596	9194	PDB/PDBe: expanded protein interfaces	mapped	0	0	0	0
HGNC:10941	SLC1A3	P43003	ENSG00000079215	6507	PDB/PDBe: expanded protein interfaces	mapped	0	0	0	0
HGNC:10943	SLC1A5	Q15758	ENSG00000105281	6510	PDB/PDBe: expanded protein interfaces	mapped	1	1	0	0
HGNC:10955	SLCO2A1	Q92959	ENSG00000174640	6578	PDB/PDBe: expanded protein interfaces	mapped	0	0	0	0
HGNC:11025	SLC3A1	Q07837	ENSG00000138079	6519	PDB/PDBe: expanded protein interfaces	mapped	0	0	0	0
HGNC:11026	SLC3A2	P08195	ENSG00000168003	6520	PDB/PDBe: expanded protein interfaces	mapped	0	0	0	1
HGNC:11027	SLC4A1	P02730	ENSG00000004939	6521	PDB/PDBe: expanded protein interfaces	mapped	0	0	0	0
HGNC:11028	SLC4A2	P04920	ENSG00000164889	6522	PDB/PDBe: expanded protein interfaces	mapped	0	0	0	0
HGNC:11029	SLC4A3	P48751	ENSG00000114923	6508	PDB/PDBe: expanded protein interfaces	mapped	0	0	0	0
HGNC:11036	SLC5A1	P13866	ENSG00000100170	6523	PDB/PDBe: expanded protein interfaces	mapped	0	0	0	0
HGNC:11037	SLC5A2	P31639	ENSG00000140675	6524	PDB/PDBe: expanded protein interfaces	mapped	0	0	0	0
HGNC:11050	SLC6A4	P31645	ENSG00000108576	6532	PDB/PDBe: expanded protein interfaces	mapped	0	0	0	1
HGNC:11056	SLC6A9	P48067	ENSG00000196517	6536	PDB/PDBe: expanded protein interfaces	mapped	0	0	0	0
HGNC:11058	SLC7A10	Q9NS82	ENSG00000130876	56301	PDB/PDBe: expanded protein interfaces	mapped	0	0	0	0
HGNC:11059	SLC7A11	Q9UPY5	ENSG00000151012	23657	PDB/PDBe: expanded protein interfaces	mapped	0	0	0	0
HGNC:11063	SLC7A5	Q01650	ENSG00000103257	8140	PDB/PDBe: expanded protein interfaces	mapped	0	0	0	0
HGNC:11064	SLC7A6	Q92536	ENSG00000103064	9057	PDB/PDBe: expanded protein interfaces	mapped	0	0	0	0
HGNC:11065	SLC7A7	Q9UM01	ENSG00000155465	9056	PDB/PDBe: expanded protein interfaces	mapped	0	0	0	0
HGNC:11066	SLC7A8	Q9UHI5	ENSG00000092068	23428	PDB/PDBe: expanded protein interfaces	mapped	0	0	0	0
HGNC:11067	SLC7A9	P82251	ENSG00000021488	11136	PDB/PDBe: expanded protein interfaces	mapped	0	0	0	0
HGNC:11071	SLC9A1	P19634	ENSG00000090020	6548	PDB/PDBe: expanded protein interfaces	mapped	0	0	0	0
HGNC:11073	SLC9A3	P48764	ENSG00000066230	6550	PDB/PDBe: expanded protein interfaces	mapped	0	0	0	0
HGNC:11075	NHERF1	O14745	ENSG00000109062	9368	PDB/PDBe: expanded protein interfaces	mapped	0	0	0	0
HGNC:11076	NHERF2	Q15599	ENSG00000065054	9351	PDB/PDBe: expanded protein interfaces	mapped	0	0	0	0
HGNC:11086	SLIT2	O94813	ENSG00000145147	9353	PDB/PDBe: expanded protein interfaces	mapped	0	0	0	0
HGNC:11119	SMO	Q99835	ENSG00000128602	6608	PDB/PDBe: expanded protein interfaces	mapped	0	0	0	1
HGNC:1113	BRS3	P32247	ENSG00000102239	680	PDB/PDBe: expanded protein interfaces	mapped	0	0	0	0
HGNC:11132	SNAP25	P60880	ENSG00000132639	6616	PDB/PDBe: expanded protein interfaces	mapped	0	0	0	0
HGNC:11138	SNCA	P37840	ENSG00000145335	6622	PDB/PDBe: expanded protein interfaces	mapped	0	0	0	0
HGNC:1116	BSG	P35613	ENSG00000172270	682	PDB/PDBe: expanded protein interfaces	mapped	1	0	0	1
HGNC:11185	SORL1	Q92673	ENSG00000137642	6653	PDB/PDBe: expanded protein interfaces	mapped	1	0	0	0
HGNC:11186	SORT1	Q99523	ENSG00000134243	6272	PDB/PDBe: expanded protein interfaces	mapped	1	1	0	1
HGNC:1119	BST2	Q10589	ENSG00000130303	684	PDB/PDBe: expanded protein interfaces	mapped	1	0	0	1
HGNC:1121	BTC	P35070	ENSG00000174808	685	PDB/PDBe: expanded protein interfaces	mapped	1	0	0	1
HGNC:11226	SPG11	Q96JI7	ENSG00000104133	80208	PDB/PDBe: expanded protein interfaces	mapped	0	0	0	0
HGNC:11245	SPINK2	P20155	ENSG00000128040	6691	PDB/PDBe: expanded protein interfaces	mapped	0	0	0	0
HGNC:11246	SPINT1	O43278	ENSG00000166145	6692	PDB/PDBe: expanded protein interfaces	mapped	0	0	0	0
HGNC:11247	SPINT2	O43291	ENSG00000167642	10653	PDB/PDBe: expanded protein interfaces	mapped	0	0	0	1
HGNC:11283	SRC	P12931	ENSG00000197122	6714	PDB/PDBe: expanded protein interfaces	mapped	0	0	0	0
HGNC:11313	RO60	P10155	ENSG00000116747	6738	PDB/PDBe: expanded protein interfaces	mapped	0	0	0	0
HGNC:11323	SSR1	P43307	ENSG00000124783	6745	PDB/PDBe: expanded protein interfaces	mapped	0	0	0	0
HGNC:11330	SSTR1	P30872	ENSG00000139874	6751	PDB/PDBe: expanded protein interfaces	mapped	1	0	0	0
HGNC:11331	SSTR2	P30874	ENSG00000180616	6752	PDB/PDBe: expanded protein interfaces	mapped	1	1	0	0
HGNC:11332	SSTR3	P32745	ENSG00000278195	6753	PDB/PDBe: expanded protein interfaces	mapped	1	0	0	0
HGNC:11333	SSTR4	P31391	ENSG00000132671	6754	PDB/PDBe: expanded protein interfaces	mapped	1	0	0	0
HGNC:11334	SSTR5	P35346	ENSG00000162009	6755	PDB/PDBe: expanded protein interfaces	mapped	1	0	0	0
HGNC:11345	RECK	O95980	ENSG00000122707	8434	PDB/PDBe: expanded protein interfaces	mapped	0	0	0	1
HGNC:11346	IL24	Q13007	ENSG00000162892	11009	PDB/PDBe: expanded protein interfaces	mapped	0	0	0	0
HGNC:1136	BTN2A1	Q7KYR7	ENSG00000112763	11120	PDB/PDBe: expanded protein interfaces	mapped	0	0	0	1
HGNC:1138	BTN3A1	O00481	ENSG00000026950	11119	PDB/PDBe: expanded protein interfaces	mapped	0	0	0	1
HGNC:11386	STIM1	Q13586	ENSG00000167323	6786	PDB/PDBe: expanded protein interfaces	mapped	0	0	0	0
HGNC:11387	STIP1	P31948	ENSG00000168439	10963	PDB/PDBe: expanded protein interfaces	mapped	0	0	0	0
HGNC:1139	BTN3A2	P78410	ENSG00000186470	11118	PDB/PDBe: expanded protein interfaces	mapped	0	0	0	1
HGNC:11393	AURKA	O14965	ENSG00000087586	6790	PDB/PDBe: expanded protein interfaces	mapped	0	0	0	0
HGNC:1140	BTN3A3	O00478	ENSG00000111801	10384	PDB/PDBe: expanded protein interfaces	mapped	0	0	0	1
HGNC:1143	BTNL3	Q6UXE8	ENSG00000168903	10917	PDB/PDBe: expanded protein interfaces	mapped	0	0	0	0
HGNC:11491	SYK	P43405	ENSG00000165025	6850	PDB/PDBe: expanded protein interfaces	mapped	0	0	0	0
HGNC:11526	TACR1	P25103	ENSG00000115353	6869	PDB/PDBe: expanded protein interfaces	mapped	1	0	0	1
HGNC:11527	TACR2	P21452	ENSG00000075073	6865	PDB/PDBe: expanded protein interfaces	mapped	1	0	0	0
HGNC:11528	TACR3	P29371	ENSG00000169836	6870	PDB/PDBe: expanded protein interfaces	mapped	1	0	0	0
HGNC:11608	TBXA2R	P21731	ENSG00000006638	6915	PDB/PDBe: expanded protein interfaces	mapped	1	0	0	0
HGNC:11724	TEK	Q02763	ENSG00000120156	7010	PDB/PDBe: expanded protein interfaces	mapped	1	0	0	1
HGNC:11740	TF	P02787	ENSG00000091513	7018	PDB/PDBe: expanded protein interfaces	mapped	0	0	0	0
HGNC:11760	TFPI	P10646	ENSG00000003436	7035	PDB/PDBe: expanded protein interfaces	mapped	0	0	0	0
HGNC:11761	TFPI2	P48307	ENSG00000105825	7980	PDB/PDBe: expanded protein interfaces	mapped	0	0	0	0
HGNC:11763	TFRC	P02786	ENSG00000072274	7037	PDB/PDBe: expanded protein interfaces	mapped	1	1	0	1
HGNC:11765	TGFA	P01135	ENSG00000163235	7039	PDB/PDBe: expanded protein interfaces	mapped	1	0	0	1
HGNC:11766	TGFB1	P01137	ENSG00000105329	7040	PDB/PDBe: expanded protein interfaces	mapped	0	0	0	0
HGNC:11769	TGFB3	P10600	ENSG00000119699	7043	PDB/PDBe: expanded protein interfaces	mapped	0	0	0	0
HGNC:11772	TGFBR1	P36897	ENSG00000106799	7046	PDB/PDBe: expanded protein interfaces	mapped	0	0	0	1
HGNC:11773	TGFBR2	P37173	ENSG00000163513	7048	PDB/PDBe: expanded protein interfaces	mapped	0	1	0	1
HGNC:11774	TGFBR3	Q03167	ENSG00000069702	7049	PDB/PDBe: expanded protein interfaces	mapped	1	0	0	1
HGNC:11778	TGM2	P21980	ENSG00000198959	7052	PDB/PDBe: expanded protein interfaces	mapped	1	1	0	0
HGNC:11784	THBD	P07204	ENSG00000178726	7056	PDB/PDBe: expanded protein interfaces	mapped	1	0	0	1
HGNC:11785	THBS1	P07996	ENSG00000137801	7057	PDB/PDBe: expanded protein interfaces	mapped	1	0	0	0
HGNC:11820	TIMP1	P01033	ENSG00000102265	7076	PDB/PDBe: expanded protein interfaces	mapped	0	0	0	0
HGNC:11821	TIMP2	P16035	ENSG00000035862	7077	PDB/PDBe: expanded protein interfaces	mapped	0	0	0	0
HGNC:11822	TIMP3	P35625	ENSG00000100234	7078	PDB/PDBe: expanded protein interfaces	mapped	0	0	0	0
HGNC:11827	TJP1	Q07157	ENSG00000104067	7082	PDB/PDBe: expanded protein interfaces	mapped	0	0	0	0
HGNC:11845	TLN1	Q9Y490	ENSG00000137076	7094	PDB/PDBe: expanded protein interfaces	mapped	0	0	0	0
HGNC:11847	TLR1	Q15399	ENSG00000174125	7096	PDB/PDBe: expanded protein interfaces	mapped	0	0	0	1
HGNC:11848	TLR2	O60603	ENSG00000137462	7097	PDB/PDBe: expanded protein interfaces	mapped	0	1	0	1
HGNC:11849	TLR3	O15455	ENSG00000164342	7098	PDB/PDBe: expanded protein interfaces	mapped	0	0	0	0
HGNC:11850	TLR4	O00206	ENSG00000136869	7099	PDB/PDBe: expanded protein interfaces	mapped	0	1	0	1
HGNC:11876	TMPRSS2	O15393	ENSG00000184012	7113	PDB/PDBe: expanded protein interfaces	mapped	0	0	0	1
HGNC:11891	CLEC3B	P05452	ENSG00000163815	7123	PDB/PDBe: expanded protein interfaces	mapped	0	0	0	0
HGNC:11892	TNF	P01375	ENSG00000232810	7124	PDB/PDBe: expanded protein interfaces	mapped	1	1	0	1
HGNC:11904	TNFRSF10A	O00220	ENSG00000104689	8797	PDB/PDBe: expanded protein interfaces	mapped	1	0	0	1
HGNC:11905	TNFRSF10B	O14763	ENSG00000120889	8795	PDB/PDBe: expanded protein interfaces	mapped	1	1	0	1
HGNC:11908	TNFRSF11A	Q9Y6Q6	ENSG00000141655	8792	PDB/PDBe: expanded protein interfaces	mapped	1	0	0	0
HGNC:11912	TNFRSF14	Q92956	ENSG00000157873	8764	PDB/PDBe: expanded protein interfaces	mapped	1	0	0	1
HGNC:11913	TNFRSF17	Q02223	ENSG00000048462	608	PDB/PDBe: expanded protein interfaces	mapped	1	1	0	1
HGNC:11914	TNFRSF18	Q9Y5U5	ENSG00000186891	8784	PDB/PDBe: expanded protein interfaces	mapped	1	1	0	1
HGNC:11916	TNFRSF1A	P19438	ENSG00000067182	7132	PDB/PDBe: expanded protein interfaces	mapped	1	0	0	1
HGNC:11917	TNFRSF1B	P20333	ENSG00000028137	7133	PDB/PDBe: expanded protein interfaces	mapped	1	1	0	1
HGNC:11918	TNFRSF4	P43489	ENSG00000186827	7293	PDB/PDBe: expanded protein interfaces	mapped	1	1	0	1
HGNC:11919	CD40	P25942	ENSG00000101017	958	PDB/PDBe: expanded protein interfaces	mapped	1	1	0	1
HGNC:11920	FAS	P25445	ENSG00000026103	355	PDB/PDBe: expanded protein interfaces	mapped	1	0	0	0
HGNC:11921	TNFRSF6B	O95407	ENSG00000243509	8771	PDB/PDBe: expanded protein interfaces	mapped	0	0	0	0
HGNC:11922	CD27	P26842	ENSG00000139193	939	PDB/PDBe: expanded protein interfaces	mapped	1	1	0	1
HGNC:11923	TNFRSF8	P28908	ENSG00000120949	943	PDB/PDBe: expanded protein interfaces	mapped	1	1	0	0
HGNC:11924	TNFRSF9	Q07011	ENSG00000049249	3604	PDB/PDBe: expanded protein interfaces	mapped	1	1	0	1
HGNC:11925	TNFSF10	P50591	ENSG00000121858	8743	PDB/PDBe: expanded protein interfaces	mapped	1	0	0	1
HGNC:11926	TNFSF11	O14788	ENSG00000120659	8600	PDB/PDBe: expanded protein interfaces	mapped	1	1	0	1
HGNC:11929	TNFSF13B	Q9Y275	ENSG00000102524	10673	PDB/PDBe: expanded protein interfaces	mapped	1	1	0	1
HGNC:11930	TNFSF14	O43557	ENSG00000125735	8740	PDB/PDBe: expanded protein interfaces	mapped	1	1	0	1
HGNC:11931	TNFSF15	O95150	ENSG00000181634	9966	PDB/PDBe: expanded protein interfaces	mapped	1	1	0	1
HGNC:11932	TNFSF18	Q9UNG2	ENSG00000120337	8995	PDB/PDBe: expanded protein interfaces	mapped	1	0	0	1
HGNC:11934	TNFSF4	P23510	ENSG00000117586	7292	PDB/PDBe: expanded protein interfaces	mapped	1	1	0	1
HGNC:11935	CD40LG	P29965	ENSG00000102245	959	PDB/PDBe: expanded protein interfaces	mapped	1	1	0	1
HGNC:11936	FASLG	P48023	ENSG00000117560	356	PDB/PDBe: expanded protein interfaces	mapped	1	0	0	1
HGNC:11937	CD70	P32970	ENSG00000125726	970	PDB/PDBe: expanded protein interfaces	mapped	1	1	0	1
HGNC:11939	TNFSF9	P41273	ENSG00000125657	8744	PDB/PDBe: expanded protein interfaces	mapped	1	0	0	1
HGNC:12004	TPBG	Q13641	ENSG00000146242	7162	PDB/PDBe: expanded protein interfaces	mapped	0	1	0	1
HGNC:12022	TPT1	P13693	ENSG00000133112	7178	PDB/PDBe: expanded protein interfaces	mapped	0	0	0	0
HGNC:12027	TRA	P0DSE1		6955	PDB/PDBe: expanded protein interfaces	mapped	0	0	0	0
HGNC:12028	HSP90B1	P14625	ENSG00000166598	7184	PDB/PDBe: expanded protein interfaces	mapped	0	0	0	0
HGNC:12155	TRB	P0DSE2		6957	PDB/PDBe: expanded protein interfaces	mapped	0	0	0	0
HGNC:12299	TRHR	P34981	ENSG00000174417	7201	PDB/PDBe: expanded protein interfaces	mapped	1	0	0	0
HGNC:12333	TRPC1	P48995	ENSG00000144935	7220	PDB/PDBe: expanded protein interfaces	mapped	0	0	0	0
HGNC:12336	TRPC4	Q9UBN4	ENSG00000133107	7223	PDB/PDBe: expanded protein interfaces	mapped	0	0	0	0
HGNC:12337	TRPC5	Q9UL62	ENSG00000072315	7224	PDB/PDBe: expanded protein interfaces	mapped	0	0	0	0
HGNC:12373	TSHR	P16473	ENSG00000165409	7253	PDB/PDBe: expanded protein interfaces	mapped	1	0	0	1
HGNC:1242	C1QB	P02746	ENSG00000173369	713	PDB/PDBe: expanded protein interfaces	mapped	0	0	0	0
HGNC:1243	C1QBP	Q07021	ENSG00000108561	708	PDB/PDBe: expanded protein interfaces	mapped	0	0	0	0
HGNC:12435	TXN	P10599	ENSG00000136810	7295	PDB/PDBe: expanded protein interfaces	mapped	0	0	0	0
HGNC:12442	TYR	P14679	ENSG00000077498	7299	PDB/PDBe: expanded protein interfaces	mapped	0	0	0	0
HGNC:12449	TYROBP	O43914	ENSG00000011600	7305	PDB/PDBe: expanded protein interfaces	mapped	1	0	0	0
HGNC:125	ACP3	P15309	ENSG00000014257	55	PDB/PDBe: expanded protein interfaces	mapped	0	0	0	0
HGNC:12559	UMOD	P07911	ENSG00000169344	7369	PDB/PDBe: expanded protein interfaces	mapped	0	0	0	0
HGNC:12612	USP14	P54578	ENSG00000101557	9097	PDB/PDBe: expanded protein interfaces	mapped	0	0	0	0
HGNC:12635	UTRN	P46939	ENSG00000152818	7402	PDB/PDBe: expanded protein interfaces	mapped	0	0	0	0
HGNC:12643	VAMP2	P63027	ENSG00000220205	6844	PDB/PDBe: expanded protein interfaces	mapped	0	0	0	0
HGNC:12647	VAMP8	Q9BV40	ENSG00000118640	8673	PDB/PDBe: expanded protein interfaces	mapped	0	0	0	0
HGNC:12648	VAPA	Q9P0L0	ENSG00000101558	9218	PDB/PDBe: expanded protein interfaces	mapped	0	0	0	0
HGNC:12669	VDAC1	P21796	ENSG00000213585	7416	PDB/PDBe: expanded protein interfaces	mapped	0	0	0	0
HGNC:12681	VEGFB	P49765	ENSG00000173511	7423	PDB/PDBe: expanded protein interfaces	mapped	0	0	0	0
HGNC:12691	EZR	P15311	ENSG00000092820	7430	PDB/PDBe: expanded protein interfaces	mapped	0	0	0	0
HGNC:12692	VIM	P08670	ENSG00000026025	7431	PDB/PDBe: expanded protein interfaces	mapped	0	1	0	0
HGNC:12694	VIPR1	P32241	ENSG00000114812	7433	PDB/PDBe: expanded protein interfaces	mapped	1	0	0	0
HGNC:12695	VIPR2	P41587	ENSG00000106018	7434	PDB/PDBe: expanded protein interfaces	mapped	1	0	0	0
HGNC:12698	VLDLR	P98155	ENSG00000147852	7436	PDB/PDBe: expanded protein interfaces	mapped	1	0	0	1
HGNC:12709	VPREB1	P12018	ENSG00000169575	7441	PDB/PDBe: expanded protein interfaces	mapped	0	0	0	0
HGNC:12724	VTN	P04004	ENSG00000109072	7448	PDB/PDBe: expanded protein interfaces	mapped	0	0	0	0
HGNC:12733	WASF2	Q9Y6W5	ENSG00000158195	10163	PDB/PDBe: expanded protein interfaces	mapped	0	0	0	0
HGNC:12749	LAT2	Q9GZY6	ENSG00000086730	7462	PDB/PDBe: expanded protein interfaces	mapped	0	0	0	0
HGNC:12782	WNT3	P56703	ENSG00000108379	7473	PDB/PDBe: expanded protein interfaces	mapped	0	0	0	0
HGNC:12784	WNT5A	P41221	ENSG00000114251	7474	PDB/PDBe: expanded protein interfaces	mapped	0	0	0	0
HGNC:12786	WNT7A	O00755	ENSG00000154764	7476	PDB/PDBe: expanded protein interfaces	mapped	0	0	0	0
HGNC:12811	XK	P51811	ENSG00000047597	7504	PDB/PDBe: expanded protein interfaces	mapped	0	0	0	0
HGNC:12827	XPR1	Q9UBH6	ENSG00000143324	9213	PDB/PDBe: expanded protein interfaces	mapped	0	0	0	0
HGNC:12833	XRCC5	P13010	ENSG00000079246	7520	PDB/PDBe: expanded protein interfaces	mapped	0	0	0	0
HGNC:1304	MRAP	Q8TCY5	ENSG00000170262	56246	PDB/PDBe: expanded protein interfaces	mapped	0	0	0	0
HGNC:1318	C3	P01024	ENSG00000125730	718	PDB/PDBe: expanded protein interfaces	mapped	1	0	0	0
HGNC:1319	C3AR1	Q16581	ENSG00000171860	719	PDB/PDBe: expanded protein interfaces	mapped	1	0	0	0
HGNC:1323	C4A	P0C0L4	ENSG00000244731	720	PDB/PDBe: expanded protein interfaces	mapped	1	0	0	0
HGNC:13299	LGR4	Q9BXB1	ENSG00000205213	55366	PDB/PDBe: expanded protein interfaces	mapped	1	0	0	1
HGNC:13300	GPR61	Q9BZJ8	ENSG00000156097	83873	PDB/PDBe: expanded protein interfaces	mapped	0	0	0	0
HGNC:1331	C5	P01031	ENSG00000106804	727	PDB/PDBe: expanded protein interfaces	mapped	1	1	0	0
HGNC:13310	GPRC5D	Q9NZD1	ENSG00000111291	55507	PDB/PDBe: expanded protein interfaces	mapped	0	1	0	0
HGNC:1338	C5AR1	P21730	ENSG00000197405	728	PDB/PDBe: expanded protein interfaces	mapped	1	1	0	1
HGNC:1339	C6	P13671	ENSG00000039537	729	PDB/PDBe: expanded protein interfaces	mapped	0	0	0	0
HGNC:13404	PCDH10	Q9P2E7	ENSG00000138650	57575	PDB/PDBe: expanded protein interfaces	mapped	0	0	0	1
HGNC:13433	ROBO3	Q96MS0	ENSG00000154134	64221	PDB/PDBe: expanded protein interfaces	mapped	1	0	0	1
HGNC:1346	C7	P10643	ENSG00000112936	730	PDB/PDBe: expanded protein interfaces	mapped	0	0	0	0
HGNC:13518	CLIC4	Q9Y696	ENSG00000169504	25932	PDB/PDBe: expanded protein interfaces	mapped	0	0	0	0
HGNC:1352	C8A	P07357	ENSG00000157131	731	PDB/PDBe: expanded protein interfaces	mapped	0	0	0	0
HGNC:13525	ERVW-1	Q9UQF0	ENSG00000242950	30816	PDB/PDBe: expanded protein interfaces	mapped	0	0	0	1
HGNC:1353	C8B	P07358	ENSG00000021852	732	PDB/PDBe: expanded protein interfaces	mapped	0	0	0	0
HGNC:13531	ATP8A1	Q9Y2Q0	ENSG00000124406	10396	PDB/PDBe: expanded protein interfaces	mapped	0	0	0	0
HGNC:1354	C8G	P07360	ENSG00000176919	733	PDB/PDBe: expanded protein interfaces	mapped	0	0	0	0
HGNC:13554	ATP11C	Q8NB49	ENSG00000101974	286410	PDB/PDBe: expanded protein interfaces	mapped	0	0	0	0
HGNC:13557	ACE2	Q9BYF1	ENSG00000130234	59272	PDB/PDBe: expanded protein interfaces	mapped	0	0	0	1
HGNC:1356	ERLIN2	O94905	ENSG00000147475	11160	PDB/PDBe: expanded protein interfaces	mapped	0	0	0	0
HGNC:1358	C9	P02748	ENSG00000113600	735	PDB/PDBe: expanded protein interfaces	mapped	0	0	0	0
HGNC:13681	DCHS1	Q96JQ0	ENSG00000166341	8642	PDB/PDBe: expanded protein interfaces	mapped	0	0	0	1
HGNC:13700	IL22RA1	Q8N6P7	ENSG00000142677	58985	PDB/PDBe: expanded protein interfaces	mapped	0	1	0	1
HGNC:13728	ADGRG3	Q86Y34	ENSG00000182885	222487	PDB/PDBe: expanded protein interfaces	mapped	0	0	0	0
HGNC:13731	MAEA	Q7L5Y9	ENSG00000090316	10296	PDB/PDBe: expanded protein interfaces	mapped	0	0	0	0
HGNC:13733	CDH23	Q9H251	ENSG00000107736	64072	PDB/PDBe: expanded protein interfaces	mapped	0	0	0	0
HGNC:13741	SNTG2	Q9NY99	ENSG00000172554	54221	PDB/PDBe: expanded protein interfaces	mapped	0	0	0	0
HGNC:1383	CA9	Q16790	ENSG00000107159	768	PDB/PDBe: expanded protein interfaces	mapped	0	1	0	1
HGNC:13841	ADGRG6	Q86SQ4	ENSG00000112414	57211	PDB/PDBe: expanded protein interfaces	mapped	1	0	0	0
HGNC:1388	CACNA1A	O00555	ENSG00000141837	773	PDB/PDBe: expanded protein interfaces	mapped	0	0	0	1
HGNC:13886	ABCG5	Q9H222	ENSG00000138075	64240	PDB/PDBe: expanded protein interfaces	mapped	0	0	0	0
HGNC:13887	ABCG8	Q9H221	ENSG00000143921	64241	PDB/PDBe: expanded protein interfaces	mapped	0	0	0	0
HGNC:1389	CACNA1B	Q00975	ENSG00000148408	774	PDB/PDBe: expanded protein interfaces	mapped	0	0	0	1
HGNC:1390	CACNA1C	Q13936	ENSG00000151067	775	PDB/PDBe: expanded protein interfaces	mapped	0	0	0	1
HGNC:1391	CACNA1D	Q01668	ENSG00000157388	776	PDB/PDBe: expanded protein interfaces	mapped	0	0	0	1
HGNC:1392	CACNA1E	Q15878	ENSG00000198216	777	PDB/PDBe: expanded protein interfaces	mapped	0	0	0	1
HGNC:1397	CACNA1S	Q13698	ENSG00000081248	779	PDB/PDBe: expanded protein interfaces	mapped	0	0	0	0
HGNC:1399	CACNA2D1	P54289	ENSG00000153956	781	PDB/PDBe: expanded protein interfaces	mapped	0	0	0	1
HGNC:14006	TRPV6	Q9H1D0	ENSG00000165125	55503	PDB/PDBe: expanded protein interfaces	mapped	0	0	0	0
HGNC:1406	CACNG2	Q9Y698	ENSG00000166862	10369	PDB/PDBe: expanded protein interfaces	mapped	0	0	0	0
HGNC:14073	ATP1A4	Q13733	ENSG00000132681	480	PDB/PDBe: expanded protein interfaces	mapped	0	0	0	0
HGNC:14079	CHRNA9	Q9UGM1	ENSG00000174343	55584	PDB/PDBe: expanded protein interfaces	mapped	0	0	0	1
HGNC:14281	CRLF2	Q9HC73	ENSG00000205755	64109	PDB/PDBe: expanded protein interfaces	mapped	1	1	0	1
HGNC:14287	NLGN4X	Q8N0W4	ENSG00000146938	57502	PDB/PDBe: expanded protein interfaces	mapped	1	0	0	1
HGNC:14288	NTNG2	Q96CW9	ENSG00000196358	84628	PDB/PDBe: expanded protein interfaces	mapped	0	0	0	1
HGNC:14290	NLGN2	Q8NFZ4	ENSG00000169992	57555	PDB/PDBe: expanded protein interfaces	mapped	1	0	0	1
HGNC:14291	NLGN1	Q8N2Q7	ENSG00000169760	22871	PDB/PDBe: expanded protein interfaces	mapped	1	0	0	1
HGNC:14299	S1PR5	Q9H228	ENSG00000180739	53637	PDB/PDBe: expanded protein interfaces	mapped	0	0	0	0
HGNC:14315	FCMR	O60667	ENSG00000162894	9214	PDB/PDBe: expanded protein interfaces	mapped	0	0	0	1
HGNC:14339	PLEKHA4	Q9H4M7	ENSG00000105559	57664	PDB/PDBe: expanded protein interfaces	mapped	0	0	0	0
HGNC:14388	GP6	Q9HCN6	ENSG00000088053	51206	PDB/PDBe: expanded protein interfaces	mapped	0	1	0	1
HGNC:1440	CALCR	P30988	ENSG00000004948	799	PDB/PDBe: expanded protein interfaces	mapped	1	0	0	1
HGNC:14537	NPC2	P61916	ENSG00000119655	10577	PDB/PDBe: expanded protein interfaces	mapped	0	0	0	0
HGNC:1455	CALR	P27797	ENSG00000179218	811	PDB/PDBe: expanded protein interfaces	mapped	0	0	0	0
HGNC:14565	SORBS1	Q9BX66	ENSG00000095637	10580	PDB/PDBe: expanded protein interfaces	mapped	0	0	0	0
HGNC:14604	AMN	Q9BXJ7	ENSG00000166126	81693	PDB/PDBe: expanded protein interfaces	mapped	0	0	0	1
HGNC:14666	RXFP4	Q8TDU9	ENSG00000173080	339403	PDB/PDBe: expanded protein interfaces	mapped	1	0	0	0
HGNC:14674	PCDH15	Q96QU1	ENSG00000150275	65217	PDB/PDBe: expanded protein interfaces	mapped	0	0	0	1
HGNC:14685	F11R	Q9Y624	ENSG00000158769	50848	PDB/PDBe: expanded protein interfaces	mapped	1	0	0	1
HGNC:1472	CAMP	P49913	ENSG00000164047	820	PDB/PDBe: expanded protein interfaces	mapped	0	0	0	0
HGNC:14866	HHIP	Q96QV1	ENSG00000164161	64399	PDB/PDBe: expanded protein interfaces	mapped	1	0	0	0
HGNC:14874	NOX5	Q96PH1	ENSG00000255346	79400	PDB/PDBe: expanded protein interfaces	mapped	0	0	0	1
HGNC:14895	ULBP3	Q9BZM4	ENSG00000131019	79465	PDB/PDBe: expanded protein interfaces	mapped	1	0	0	1
HGNC:14905	TAS1R2	Q8TE23	ENSG00000179002	80834	PDB/PDBe: expanded protein interfaces	mapped	0	0	0	1
HGNC:14911	TAS2R4	Q9NYW5	ENSG00000127364	50832	PDB/PDBe: expanded protein interfaces	mapped	0	0	0	0
HGNC:14920	TAS2R14	Q9NYV8	ENSG00000212127	50840	PDB/PDBe: expanded protein interfaces	mapped	0	0	0	0
HGNC:14921	TAS2R16	Q9NYV7	ENSG00000128519	50833	PDB/PDBe: expanded protein interfaces	mapped	0	0	0	0
HGNC:14938	PIGT	Q969N2	ENSG00000124155	51604	PDB/PDBe: expanded protein interfaces	mapped	0	0	0	0
HGNC:14963	GPR101	Q96P66	ENSG00000165370	83550	PDB/PDBe: expanded protein interfaces	mapped	0	0	0	0
HGNC:1514	CASR	P41180	ENSG00000036828	846	PDB/PDBe: expanded protein interfaces	mapped	0	0	0	0
HGNC:15195	OR51E2	Q9H255	ENSG00000167332	81285	PDB/PDBe: expanded protein interfaces	mapped	0	0	0	0
HGNC:15450	TGOLN2	O43493	ENSG00000152291	10618	PDB/PDBe: expanded protein interfaces	mapped	0	0	0	0
HGNC:15459	P2RX2	Q9UBL9	ENSG00000187848	22953	PDB/PDBe: expanded protein interfaces	mapped	0	0	0	0
HGNC:15474	SHANK1	Q9Y566	ENSG00000161681	50944	PDB/PDBe: expanded protein interfaces	mapped	0	0	0	0
HGNC:15495	LILRA6	Q6PI73	ENSG00000244482	79168	PDB/PDBe: expanded protein interfaces	mapped	0	0	0	1
HGNC:15511	VANGL2	Q9ULK5	ENSG00000162738	57216	PDB/PDBe: expanded protein interfaces	mapped	0	0	0	0
HGNC:15520	LPAR6	P43657	ENSG00000139679	10161	PDB/PDBe: expanded protein interfaces	mapped	0	0	0	0
HGNC:15524	P2RY8	Q86VZ1	ENSG00000182162	286530	PDB/PDBe: expanded protein interfaces	mapped	0	0	0	0
HGNC:15527	KLB	Q86Z14	ENSG00000134962	152831	PDB/PDBe: expanded protein interfaces	mapped	0	1	0	1
HGNC:15565	QRFPR	Q96P65	ENSG00000186867	84109	PDB/PDBe: expanded protein interfaces	mapped	1	0	0	0
HGNC:15586	LRRC4	Q9HBW1	ENSG00000128594	64101	PDB/PDBe: expanded protein interfaces	mapped	0	0	0	1
HGNC:15626	FCGR2C	P31995	ENSG00000244682	9103	PDB/PDBe: expanded protein interfaces	mapped	0	0	0	1
HGNC:15631	TLR7	Q9NYK1	ENSG00000196664	51284	PDB/PDBe: expanded protein interfaces	mapped	0	0	0	0
HGNC:15633	TLR9	Q9NR96	ENSG00000239732	54106	PDB/PDBe: expanded protein interfaces	mapped	0	0	0	1
HGNC:1565	ACKR2	O00590	ENSG00000144648	1238	PDB/PDBe: expanded protein interfaces	mapped	1	0	0	0
HGNC:15661	TAS1R3	Q7RTX0	ENSG00000169962	83756	PDB/PDBe: expanded protein interfaces	mapped	0	0	0	1
HGNC:1570	CCKAR	P32238	ENSG00000163394	886	PDB/PDBe: expanded protein interfaces	mapped	1	0	0	0
HGNC:1571	CCKBR	P32239	ENSG00000110148	887	PDB/PDBe: expanded protein interfaces	mapped	1	0	0	0
HGNC:15720	STRN3	Q13033	ENSG00000196792	29966	PDB/PDBe: expanded protein interfaces	mapped	0	0	0	0
HGNC:15767	FERMT2	Q96AC1	ENSG00000073712	10979	PDB/PDBe: expanded protein interfaces	mapped	0	0	0	0
HGNC:15842	ERBIN	Q96RT1	ENSG00000112851	55914	PDB/PDBe: expanded protein interfaces	mapped	0	0	0	0
HGNC:15855	CD93	Q9NPY3	ENSG00000125810	22918	PDB/PDBe: expanded protein interfaces	mapped	1	0	0	1
HGNC:15943	PARD6A	Q9NPB6	ENSG00000102981	50855	PDB/PDBe: expanded protein interfaces	mapped	0	0	0	0
HGNC:15963	CHRNA6	Q15825	ENSG00000147434	8973	PDB/PDBe: expanded protein interfaces	mapped	0	0	0	0
HGNC:1602	CCR1	P32246	ENSG00000163823	1230	PDB/PDBe: expanded protein interfaces	mapped	1	0	0	0
HGNC:16028	IL33	O95760	ENSG00000137033	90865	PDB/PDBe: expanded protein interfaces	mapped	0	0	0	0
HGNC:1603	CCR2	P41597	ENSG00000121807	729230	PDB/PDBe: expanded protein interfaces	mapped	1	1	0	1
HGNC:1604	CCR3	P51677	ENSG00000183625	1232	PDB/PDBe: expanded protein interfaces	mapped	1	0	0	0
HGNC:1606	CCR5	P51681	ENSG00000160791	1234	PDB/PDBe: expanded protein interfaces	mapped	1	1	0	1
HGNC:1607	CCR6	P51684	ENSG00000112486	1235	PDB/PDBe: expanded protein interfaces	mapped	1	0	0	1
HGNC:1608	CCR7	P32248	ENSG00000126353	1236	PDB/PDBe: expanded protein interfaces	mapped	1	0	0	0
HGNC:1609	CCR8	P51685	ENSG00000179934	1237	PDB/PDBe: expanded protein interfaces	mapped	1	1	0	0
HGNC:16207	RALGAPA2	Q2PPJ7	ENSG00000188559	57186	PDB/PDBe: expanded protein interfaces	mapped	0	0	0	0
HGNC:1625	XCR1	P46094	ENSG00000173578	2829	PDB/PDBe: expanded protein interfaces	mapped	1	0	0	0
HGNC:1631	CD163	Q86VB7	ENSG00000177575	9332	PDB/PDBe: expanded protein interfaces	mapped	0	1	0	1
HGNC:1633	CD19	P15391	ENSG00000177455	930	PDB/PDBe: expanded protein interfaces	mapped	0	1	0	1
HGNC:1634	CD1A	P06126	ENSG00000158477	909	PDB/PDBe: expanded protein interfaces	mapped	0	0	0	1
HGNC:1635	CD1B	P29016	ENSG00000158485	910	PDB/PDBe: expanded protein interfaces	mapped	0	0	0	1
HGNC:1636	CD1C	P29017	ENSG00000158481	911	PDB/PDBe: expanded protein interfaces	mapped	0	0	0	1
HGNC:1637	CD1D	P15813	ENSG00000158473	912	PDB/PDBe: expanded protein interfaces	mapped	1	0	0	1
HGNC:1639	CD2	P06729	ENSG00000116824	914	PDB/PDBe: expanded protein interfaces	mapped	1	0	0	1
HGNC:16390	NOD1	Q9Y239	ENSG00000106100	10392	PDB/PDBe: expanded protein interfaces	mapped	0	0	0	0
HGNC:1641	CD209	Q9NNX6	ENSG00000090659	30835	PDB/PDBe: expanded protein interfaces	mapped	1	0	0	1
HGNC:1643	CD22	P20273	ENSG00000012124	933	PDB/PDBe: expanded protein interfaces	mapped	1	1	0	1
HGNC:16442	P2RY14	Q15391	ENSG00000174944	9934	PDB/PDBe: expanded protein interfaces	mapped	0	0	0	0
HGNC:16454	NMUR2	Q9GZQ4	ENSG00000132911	56923	PDB/PDBe: expanded protein interfaces	mapped	1	0	0	0
HGNC:16497	PLSCR4	Q9NRQ2	ENSG00000114698	57088	PDB/PDBe: expanded protein interfaces	mapped	0	0	0	0
HGNC:16513	TMC1	Q8TDI8	ENSG00000165091	117531	PDB/PDBe: expanded protein interfaces	mapped	0	0	0	0
HGNC:1653	CD28	P10747	ENSG00000178562	940	PDB/PDBe: expanded protein interfaces	mapped	1	1	0	0
HGNC:1663	CD36	P16671	ENSG00000135218	948	PDB/PDBe: expanded protein interfaces	mapped	1	0	0	1
HGNC:16643	SLMAP	Q14BN4	ENSG00000163681	7871	PDB/PDBe: expanded protein interfaces	mapped	0	0	0	0
HGNC:1665	SCARB2	Q14108	ENSG00000138760	950	PDB/PDBe: expanded protein interfaces	mapped	0	0	0	0
HGNC:16667	CDC50A	Q9NV96	ENSG00000112697	55754	PDB/PDBe: expanded protein interfaces	mapped	0	0	0	0
HGNC:16692	CD320	Q9NPF0	ENSG00000167775	51293	PDB/PDBe: expanded protein interfaces	mapped	1	0	0	1
HGNC:16709	CALCRL	Q16602	ENSG00000064989	10203	PDB/PDBe: expanded protein interfaces	mapped	0	1	0	1
HGNC:1673	CD3D	P04234	ENSG00000167286	915	PDB/PDBe: expanded protein interfaces	mapped	0	0	0	1
HGNC:1674	CD3E	P07766	ENSG00000198851	916	PDB/PDBe: expanded protein interfaces	mapped	0	1	0	1
HGNC:1675	CD3G	P09693	ENSG00000160654	917	PDB/PDBe: expanded protein interfaces	mapped	0	0	0	1
HGNC:16767	GRIN3A	Q8TCU5	ENSG00000198785	116443	PDB/PDBe: expanded protein interfaces	mapped	0	0	0	1
HGNC:1677	CD247	P20963	ENSG00000198821	919	PDB/PDBe: expanded protein interfaces	mapped	0	0	0	1
HGNC:1678	CD4	P01730	ENSG00000010610	920	PDB/PDBe: expanded protein interfaces	mapped	0	1	0	1
HGNC:16798	RAET1L	Q5VY80	ENSG00000155918	154064	PDB/PDBe: expanded protein interfaces	mapped	1	0	0	1
HGNC:1681	CD44	P16070	ENSG00000026508	960	PDB/PDBe: expanded protein interfaces	mapped	1	0	0	0
HGNC:16810	RGS8	P57771	ENSG00000135824	85397	PDB/PDBe: expanded protein interfaces	mapped	0	0	0	0
HGNC:1682	CD47	Q08722	ENSG00000196776	961	PDB/PDBe: expanded protein interfaces	mapped	1	1	0	1
HGNC:16824	HCAR3	P49019	ENSG00000255398	8843	PDB/PDBe: expanded protein interfaces	mapped	0	0	0	0
HGNC:16837	LY86	O95711	ENSG00000112799	9450	PDB/PDBe: expanded protein interfaces	mapped	0	0	0	0
HGNC:16854	RAPGEF2	Q9Y4G8	ENSG00000109756	9693	PDB/PDBe: expanded protein interfaces	mapped	0	0	0	0
HGNC:16858	USP6NL	Q92738	ENSG00000148429	9712	PDB/PDBe: expanded protein interfaces	mapped	0	0	0	0
HGNC:16860	SART3	Q15020	ENSG00000075856	9733	PDB/PDBe: expanded protein interfaces	mapped	0	0	0	0
HGNC:16874	SV2B	Q7L1I2	ENSG00000185518	9899	PDB/PDBe: expanded protein interfaces	mapped	0	0	0	1
HGNC:1688	CD58	P19256	ENSG00000116815	965	PDB/PDBe: expanded protein interfaces	mapped	1	0	0	1
HGNC:16887	PDZK1IP1	Q13113	ENSG00000162366	10158	PDB/PDBe: expanded protein interfaces	mapped	0	0	0	0
HGNC:1689	CD59	P13987	ENSG00000085063	966	PDB/PDBe: expanded protein interfaces	mapped	0	0	0	1
HGNC:16892	CD96	P40200	ENSG00000153283	10225	PDB/PDBe: expanded protein interfaces	mapped	1	1	0	1
HGNC:1690	CD5L	O43866	ENSG00000073754	922	PDB/PDBe: expanded protein interfaces	mapped	0	0	0	0
HGNC:16925	ARAP1	Q96P48	ENSG00000186635	116985	PDB/PDBe: expanded protein interfaces	mapped	0	0	0	0
HGNC:1694	CD69	Q07108	ENSG00000110848	969	PDB/PDBe: expanded protein interfaces	mapped	0	0	0	0
HGNC:16941	SCGN	O76038	ENSG00000079689	10590	PDB/PDBe: expanded protein interfaces	mapped	0	0	0	0
HGNC:1695	CD7	P09564	ENSG00000173762	924	PDB/PDBe: expanded protein interfaces	mapped	0	1	0	1
HGNC:16950	STAMBP	O95630	ENSG00000124356	10617	PDB/PDBe: expanded protein interfaces	mapped	0	0	0	0
HGNC:16961	CD226	Q15762	ENSG00000150637	10666	PDB/PDBe: expanded protein interfaces	mapped	1	0	0	1
HGNC:1697	CD74	P04233	ENSG00000019582	972	PDB/PDBe: expanded protein interfaces	mapped	1	1	0	1
HGNC:1698	CD79A	P11912	ENSG00000105369	973	PDB/PDBe: expanded protein interfaces	mapped	0	0	0	1
HGNC:1699	CD79B	P40259	ENSG00000007312	974	PDB/PDBe: expanded protein interfaces	mapped	0	1	0	1
HGNC:16998	TMED10	P49755	ENSG00000170348	10972	PDB/PDBe: expanded protein interfaces	mapped	0	0	0	0
HGNC:1700	CD80	P33681	ENSG00000121594	941	PDB/PDBe: expanded protein interfaces	mapped	1	1	0	1
HGNC:1701	CD81	P60033	ENSG00000110651	975	PDB/PDBe: expanded protein interfaces	mapped	0	0	0	0
HGNC:17032	VSIG4	Q9Y279	ENSG00000155659	11326	PDB/PDBe: expanded protein interfaces	mapped	0	0	0	1
HGNC:1705	CD86	P42081	ENSG00000114013	942	PDB/PDBe: expanded protein interfaces	mapped	1	0	0	1
HGNC:1706	CD8A	P01732	ENSG00000153563	925	PDB/PDBe: expanded protein interfaces	mapped	1	1	0	1
HGNC:17084	SYNE2	Q8WXH0	ENSG00000054654	23224	PDB/PDBe: expanded protein interfaces	mapped	0	0	0	0
HGNC:17087	ICOSLG	O75144	ENSG00000160223	23308	PDB/PDBe: expanded protein interfaces	mapped	1	1	0	1
HGNC:17091	NCSTN	Q92542	ENSG00000162736	23385	PDB/PDBe: expanded protein interfaces	mapped	0	0	0	1
HGNC:171	ACVR1	Q04771	ENSG00000115170	90	PDB/PDBe: expanded protein interfaces	mapped	0	1	0	1
HGNC:17102	ARHGAP45	Q92619	ENSG00000180448	23526	PDB/PDBe: expanded protein interfaces	mapped	0	0	0	0
HGNC:17104	CDON	Q4KMG0	ENSG00000064309	50937	PDB/PDBe: expanded protein interfaces	mapped	0	0	0	1
HGNC:1711	ADGRE5	P48960	ENSG00000123146	976	PDB/PDBe: expanded protein interfaces	mapped	1	0	0	1
HGNC:17156	LY96	Q9Y6Y9	ENSG00000154589	23643	PDB/PDBe: expanded protein interfaces	mapped	0	0	0	0
HGNC:17169	PRDX4	Q13162	ENSG00000123131	10549	PDB/PDBe: expanded protein interfaces	mapped	0	0	0	0
HGNC:17173	BOC	Q9BWV1	ENSG00000144857	91653	PDB/PDBe: expanded protein interfaces	mapped	0	0	0	1
HGNC:172	ACVR1B	P36896	ENSG00000135503	91	PDB/PDBe: expanded protein interfaces	mapped	0	0	0	1
HGNC:17290	IL27RA	Q6UWB1	ENSG00000104998	9466	PDB/PDBe: expanded protein interfaces	mapped	0	0	0	1
HGNC:173	ACVR2A	P27037	ENSG00000121989	92	PDB/PDBe: expanded protein interfaces	mapped	1	0	0	1
HGNC:17302	NEGR1	Q7Z3B1	ENSG00000172260	257194	PDB/PDBe: expanded protein interfaces	mapped	0	0	0	1
HGNC:17383	HRH4	Q9H3N8	ENSG00000134489	59340	PDB/PDBe: expanded protein interfaces	mapped	1	0	0	0
HGNC:174	ACVR2B	Q13705	ENSG00000114739	93	PDB/PDBe: expanded protein interfaces	mapped	1	1	0	1
HGNC:17425	NPFFR1	Q9GZQ6	ENSG00000148734	64106	PDB/PDBe: expanded protein interfaces	mapped	1	0	0	0
HGNC:17470	EPGN	Q6UW88	ENSG00000182585	255324	PDB/PDBe: expanded protein interfaces	mapped	1	0	0	1
HGNC:1748	CDH1	P12830	ENSG00000039068	999	PDB/PDBe: expanded protein interfaces	mapped	1	0	0	1
HGNC:17482	GPR132	Q9UNW8	ENSG00000183484	29933	PDB/PDBe: expanded protein interfaces	mapped	0	0	0	0
HGNC:175	ACVRL1	P37023	ENSG00000139567	94	PDB/PDBe: expanded protein interfaces	mapped	0	1	0	1
HGNC:17550	KREMEN1	Q96MU8	ENSG00000183762	83999	PDB/PDBe: expanded protein interfaces	mapped	0	0	0	1
HGNC:17617	MRGPRX4	Q96LA9	ENSG00000179817	117196	PDB/PDBe: expanded protein interfaces	mapped	0	0	0	0
HGNC:17635	CD274	Q9NZQ7	ENSG00000120217	29126	PDB/PDBe: expanded protein interfaces	mapped	1	1	0	1
HGNC:1765	CDH6	P55285	ENSG00000113361	1004	PDB/PDBe: expanded protein interfaces	mapped	1	1	0	1
HGNC:17734	TAAR1	Q96RJ0	ENSG00000146399	134864	PDB/PDBe: expanded protein interfaces	mapped	1	0	0	0
HGNC:17755	TNFRSF13C	Q96RJ3	ENSG00000159958	115650	PDB/PDBe: expanded protein interfaces	mapped	1	1	0	1
HGNC:17810	AMOT	Q4VCS5	ENSG00000126016	154796	PDB/PDBe: expanded protein interfaces	mapped	0	0	0	0
HGNC:17825	PLAAT3	P53816	ENSG00000176485	11145	PDB/PDBe: expanded protein interfaces	mapped	0	0	0	0
HGNC:17867	NPTN	Q9Y639	ENSG00000156642	27020	PDB/PDBe: expanded protein interfaces	mapped	0	0	0	0
HGNC:17888	CRCP	O75575	ENSG00000241258	27297	PDB/PDBe: expanded protein interfaces	mapped	0	0	0	0
HGNC:17962	MRGPRX1	Q96LB2	ENSG00000170255	259249	PDB/PDBe: expanded protein interfaces	mapped	0	0	0	0
HGNC:17983	MRGPRX2	Q96LB1	ENSG00000183695	117194	PDB/PDBe: expanded protein interfaces	mapped	0	0	0	0
HGNC:18015	IL17RB	Q9NRM6	ENSG00000056736	55540	PDB/PDBe: expanded protein interfaces	mapped	0	0	0	1
HGNC:18038	COL26A1	Q96A83	ENSG00000160963	136227	PDB/PDBe: expanded protein interfaces	mapped	0	0	0	0
HGNC:18083	TRPV4	Q9HBA0	ENSG00000111199	59341	PDB/PDBe: expanded protein interfaces	mapped	0	0	0	0
HGNC:18084	TRPV3	Q8NET8	ENSG00000167723	162514	PDB/PDBe: expanded protein interfaces	mapped	0	0	0	0
HGNC:18124	P2RY12	Q9H244	ENSG00000169313	64805	PDB/PDBe: expanded protein interfaces	mapped	0	0	0	0
HGNC:18126	ZNRF3	Q9ULT6	ENSG00000183579	84133	PDB/PDBe: expanded protein interfaces	mapped	0	0	0	1
HGNC:1814	CEACAM1	P13688	ENSG00000079385	634	PDB/PDBe: expanded protein interfaces	mapped	1	0	0	1
HGNC:1815	CEACAM3	P40198	ENSG00000170956	1084	PDB/PDBe: expanded protein interfaces	mapped	0	0	0	1
HGNC:18153	TNFRSF13B	O14836	ENSG00000240505	23495	PDB/PDBe: expanded protein interfaces	mapped	1	0	0	1
HGNC:1817	CEACAM5	P06731	ENSG00000105388	1048	PDB/PDBe: expanded protein interfaces	mapped	1	1	0	0
HGNC:1818	CEACAM6	P40199	ENSG00000086548	4680	PDB/PDBe: expanded protein interfaces	mapped	1	1	0	1
HGNC:1820	CEACAM8	P31997	ENSG00000124469	1088	PDB/PDBe: expanded protein interfaces	mapped	1	0	0	1
HGNC:18274	CYSLTR2	Q9NS75	ENSG00000152207	57105	PDB/PDBe: expanded protein interfaces	mapped	1	0	0	0
HGNC:18305	ATP6AP2	O75787	ENSG00000182220	10159	PDB/PDBe: expanded protein interfaces	mapped	0	0	0	0
HGNC:18319	PRIMA1	Q86XR5	ENSG00000175785	145270	PDB/PDBe: expanded protein interfaces	mapped	0	0	0	1
HGNC:18358	IL17RC	Q8NAC3	ENSG00000163702	84818	PDB/PDBe: expanded protein interfaces	mapped	0	0	0	1
HGNC:18437	HAVCR2	Q8TDQ0	ENSG00000135077	84868	PDB/PDBe: expanded protein interfaces	mapped	1	1	0	1
HGNC:18505	RNF43	Q68DV7	ENSG00000108375	54894	PDB/PDBe: expanded protein interfaces	mapped	0	0	0	1
HGNC:18507	FCRL4	Q96PJ5	ENSG00000163518	83417	PDB/PDBe: expanded protein interfaces	mapped	0	0	0	1
HGNC:18508	FCRL5	Q96RD9	ENSG00000143297	83416	PDB/PDBe: expanded protein interfaces	mapped	0	1	0	1
HGNC:18514	SPART	Q8N0X7	ENSG00000133104	23111	PDB/PDBe: expanded protein interfaces	mapped	0	0	0	0
HGNC:18582	ADGRL2	O95490	ENSG00000117114	23266	PDB/PDBe: expanded protein interfaces	mapped	1	0	0	0
HGNC:18584	IFNLR1	Q8IU57	ENSG00000185436	163702	PDB/PDBe: expanded protein interfaces	mapped	0	0	0	1
HGNC:18669	PALS1	Q8N3R9	ENSG00000072415	64398	PDB/PDBe: expanded protein interfaces	mapped	0	0	0	0
HGNC:18731	PDCD1LG2	Q9BQ51	ENSG00000197646	80380	PDB/PDBe: expanded protein interfaces	mapped	1	0	0	1
HGNC:18747	CNTNAP4	Q9C0A0	ENSG00000152910	85445	PDB/PDBe: expanded protein interfaces	mapped	0	0	0	0
HGNC:1876	CFLAR	O15519	ENSG00000003402	8837	PDB/PDBe: expanded protein interfaces	mapped	0	0	0	0
HGNC:18788	KLRK1	P26718	ENSG00000213809	22914	PDB/PDBe: expanded protein interfaces	mapped	1	1	0	1
HGNC:188	ADAM10	O14672	ENSG00000137845	102	PDB/PDBe: expanded protein interfaces	mapped	0	0	0	1
HGNC:18823	TMEM9	Q9P0T7	ENSG00000116857	252839	PDB/PDBe: expanded protein interfaces	mapped	0	0	0	0
HGNC:1884	CFTR	P13569	ENSG00000001626	1080	PDB/PDBe: expanded protein interfaces	mapped	0	0	0	0
HGNC:18875	TAS2R43	P59537	ENSG00000255374	259289	PDB/PDBe: expanded protein interfaces	mapped	0	0	0	0
HGNC:18877	TAS2R46	P59540	ENSG00000226761	259292	PDB/PDBe: expanded protein interfaces	mapped	0	0	0	0
HGNC:18958	RASGRP4	Q8TDF6	ENSG00000171777	115727	PDB/PDBe: expanded protein interfaces	mapped	0	0	0	0
HGNC:18969	IL31RA	Q8NI17	ENSG00000164509	133396	PDB/PDBe: expanded protein interfaces	mapped	0	1	0	1
HGNC:18990	ADGRF1	Q5T601	ENSG00000153292	266977	PDB/PDBe: expanded protein interfaces	mapped	0	0	0	0
HGNC:18992	ADGRG4	Q8IZF6	ENSG00000156920	139378	PDB/PDBe: expanded protein interfaces	mapped	0	0	0	0
HGNC:19010	ADGRG5	Q8IZF4	ENSG00000159618	221188	PDB/PDBe: expanded protein interfaces	mapped	0	0	0	0
HGNC:19027	LRRC8A	Q8IWT6	ENSG00000136802	56262	PDB/PDBe: expanded protein interfaces	mapped	0	0	0	0
HGNC:19060	GPR119	Q8TDV5	ENSG00000147262	139760	PDB/PDBe: expanded protein interfaces	mapped	0	0	0	0
HGNC:19061	FFAR4	Q5NUL3	ENSG00000186188	338557	PDB/PDBe: expanded protein interfaces	mapped	0	0	0	0
HGNC:19077	NCR3	O14931	ENSG00000204475	259197	PDB/PDBe: expanded protein interfaces	mapped	1	0	0	1
HGNC:19082	NALCN	Q8IZF0	ENSG00000102452	259232	PDB/PDBe: expanded protein interfaces	mapped	0	0	0	0
HGNC:19100	IL23R	Q5VWK5	ENSG00000162594	149233	PDB/PDBe: expanded protein interfaces	mapped	0	0	0	1
HGNC:19102	RIGI	O95786	ENSG00000107201	23586	PDB/PDBe: expanded protein interfaces	mapped	0	0	0	0
HGNC:19123	DNAJC9	Q8WXX5	ENSG00000213551	23234	PDB/PDBe: expanded protein interfaces	mapped	0	0	0	0
HGNC:19154	GJD2	Q9UKL4	ENSG00000159248	57369	PDB/PDBe: expanded protein interfaces	mapped	0	0	0	0
HGNC:19267	MDGA1	Q8NFP4	ENSG00000112139	266727	PDB/PDBe: expanded protein interfaces	mapped	0	0	0	1
HGNC:19297	TNK2	Q07912	ENSG00000061938	10188	PDB/PDBe: expanded protein interfaces	mapped	0	0	0	0
HGNC:19299	PIP4P1	Q86T03	ENSG00000165782	90809	PDB/PDBe: expanded protein interfaces	mapped	0	0	0	0
HGNC:19309	KANK1	Q14678	ENSG00000107104	23189	PDB/PDBe: expanded protein interfaces	mapped	0	0	0	0
HGNC:1935	CHIC2	Q9UKJ5	ENSG00000109220	26511	PDB/PDBe: expanded protein interfaces	mapped	0	0	0	0
HGNC:19409	LRRTM2	O43300	ENSG00000146006	26045	PDB/PDBe: expanded protein interfaces	mapped	1	0	0	1
HGNC:195	ADAM17	P78536	ENSG00000151694	6868	PDB/PDBe: expanded protein interfaces	mapped	0	0	0	1
HGNC:1950	CHRM1	P11229	ENSG00000168539	1128	PDB/PDBe: expanded protein interfaces	mapped	1	0	0	0
HGNC:1951	CHRM2	P08172	ENSG00000181072	1129	PDB/PDBe: expanded protein interfaces	mapped	1	0	0	0
HGNC:1952	CHRM3	P20309	ENSG00000133019	1131	PDB/PDBe: expanded protein interfaces	mapped	1	0	0	0
HGNC:1953	CHRM4	P08173	ENSG00000180720	1132	PDB/PDBe: expanded protein interfaces	mapped	1	0	0	0
HGNC:1954	CHRM5	P08912	ENSG00000184984	1133	PDB/PDBe: expanded protein interfaces	mapped	1	0	0	0
HGNC:1955	CHRNA1	P02708	ENSG00000138435	1134	PDB/PDBe: expanded protein interfaces	mapped	1	0	0	1
HGNC:1957	CHRNA3	P32297	ENSG00000080644	1136	PDB/PDBe: expanded protein interfaces	mapped	0	0	0	1
HGNC:1958	CHRNA4	P43681	ENSG00000101204	1137	PDB/PDBe: expanded protein interfaces	mapped	0	0	0	0
HGNC:1960	CHRNA7	P36544	ENSG00000175344	1139	PDB/PDBe: expanded protein interfaces	mapped	1	0	0	1
HGNC:1961	CHRNB1	P11230	ENSG00000170175	1140	PDB/PDBe: expanded protein interfaces	mapped	0	0	0	0
HGNC:1962	CHRNB2	P17787	ENSG00000160716	1141	PDB/PDBe: expanded protein interfaces	mapped	0	0	0	0
HGNC:1964	CHRNB4	P30926	ENSG00000117971	1143	PDB/PDBe: expanded protein interfaces	mapped	0	0	0	0
HGNC:1965	CHRND	Q07001	ENSG00000135902	1144	PDB/PDBe: expanded protein interfaces	mapped	0	0	0	1
HGNC:1966	CHRNE	Q04844	ENSG00000108556	1145	PDB/PDBe: expanded protein interfaces	mapped	0	0	0	1
HGNC:19680	GPBAR1	Q8TDU6	ENSG00000179921	151306	PDB/PDBe: expanded protein interfaces	mapped	0	0	0	0
HGNC:19688	NECTIN4	Q96NY8	ENSG00000143217	81607	PDB/PDBe: expanded protein interfaces	mapped	1	1	0	1
HGNC:19711	DISP1	Q96F81	ENSG00000154309	84976	PDB/PDBe: expanded protein interfaces	mapped	0	0	0	0
HGNC:19718	RXFP1	Q9HBX9	ENSG00000171509	59350	PDB/PDBe: expanded protein interfaces	mapped	1	0	0	0
HGNC:19858	TTC7B	Q86TV6	ENSG00000165914	145567	PDB/PDBe: expanded protein interfaces	mapped	0	0	0	0
HGNC:19893	ADGRD1	Q6QNK2	ENSG00000111452	283383	PDB/PDBe: expanded protein interfaces	mapped	0	0	0	0
HGNC:19906	P2RY10	O00398	ENSG00000078589	27334	PDB/PDBe: expanded protein interfaces	mapped	0	0	0	0
HGNC:19964	VASH1	Q7L8A9	ENSG00000071246	22846	PDB/PDBe: expanded protein interfaces	mapped	0	0	0	0
HGNC:19966	UNC79	Q9P2D8	ENSG00000133958	57578	PDB/PDBe: expanded protein interfaces	mapped	0	0	0	0
HGNC:19995	GPR139	Q6DWJ6	ENSG00000180269	124274	PDB/PDBe: expanded protein interfaces	mapped	0	0	0	0
HGNC:20001	PCSK9	Q8NBP7	ENSG00000169174	255738	PDB/PDBe: expanded protein interfaces	mapped	0	1	0	0
HGNC:201	ADAM22	Q9P0K1	ENSG00000008277	53616	PDB/PDBe: expanded protein interfaces	mapped	0	0	0	1
HGNC:20185	TMEM260	Q9NX78	ENSG00000070269	54916	PDB/PDBe: expanded protein interfaces	mapped	0	0	0	0
HGNC:2021	CLCN3	P51790	ENSG00000109572	1182	PDB/PDBe: expanded protein interfaces	mapped	0	0	0	0
HGNC:20237	CRB3	Q9BUF7	ENSG00000130545	92359	PDB/PDBe: expanded protein interfaces	mapped	0	0	0	0
HGNC:2025	CLCN7	P51798	ENSG00000103249	1186	PDB/PDBe: expanded protein interfaces	mapped	0	0	0	0
HGNC:20297	SLITRK1	Q96PX8	ENSG00000178235	114798	PDB/PDBe: expanded protein interfaces	mapped	1	0	0	1
HGNC:20360	LRFN5	Q96NI6	ENSG00000165379	145581	PDB/PDBe: expanded protein interfaces	mapped	1	0	0	1
HGNC:20376	SUMF1	Q8NBK3	ENSG00000144455	285362	PDB/PDBe: expanded protein interfaces	mapped	0	0	0	0
HGNC:20396	PILRA	Q9UKJ1	ENSG00000085514	29992	PDB/PDBe: expanded protein interfaces	mapped	1	0	0	1
HGNC:20421	LNX2	Q8N448	ENSG00000139517	222484	PDB/PDBe: expanded protein interfaces	mapped	0	0	0	0
HGNC:2046	CLDN4	O14493	ENSG00000189143	1364	PDB/PDBe: expanded protein interfaces	mapped	0	0	0	1
HGNC:20502	SLC39A5	Q6ZMH5	ENSG00000139540	283375	PDB/PDBe: expanded protein interfaces	mapped	0	0	0	0
HGNC:2051	CLDN9	O95484	ENSG00000213937	9080	PDB/PDBe: expanded protein interfaces	mapped	0	0	0	1
HGNC:20566	SV2A	Q7L0J3	ENSG00000159164	9900	PDB/PDBe: expanded protein interfaces	mapped	0	0	0	1
HGNC:20665	SCN3B	Q9NY72	ENSG00000166257	55800	PDB/PDBe: expanded protein interfaces	mapped	0	0	0	0
HGNC:20788	RHBDF2	Q6PJF5	ENSG00000129667	79651	PDB/PDBe: expanded protein interfaces	mapped	0	0	0	0
HGNC:2080	CLNS1A	P54105	ENSG00000074201	1207	PDB/PDBe: expanded protein interfaces	mapped	0	0	0	0
HGNC:20822	ADGRL4	Q9HBW9	ENSG00000162618	64123	PDB/PDBe: expanded protein interfaces	mapped	0	0	0	0
HGNC:20844	GPR156	Q8NFN8	ENSG00000175697	165829	PDB/PDBe: expanded protein interfaces	mapped	0	0	0	0
HGNC:20867	MCHR2	Q969V1	ENSG00000152034	84539	PDB/PDBe: expanded protein interfaces	mapped	1	0	0	0
HGNC:20869	BMP10	O95393	ENSG00000163217	27302	PDB/PDBe: expanded protein interfaces	mapped	0	0	0	0
HGNC:20974	ADGRL3	Q9HAR2	ENSG00000150471	23284	PDB/PDBe: expanded protein interfaces	mapped	1	0	0	1
HGNC:21011	CPO	Q8IVL8	ENSG00000144410	130749	PDB/PDBe: expanded protein interfaces	mapped	0	0	0	0
HGNC:21014	ANTXR1	Q9H6X2	ENSG00000169604	84168	PDB/PDBe: expanded protein interfaces	mapped	0	0	0	1
HGNC:21042	NUS1	Q96E22	ENSG00000153989	116150	PDB/PDBe: expanded protein interfaces	mapped	0	0	0	0
HGNC:21087	BTLA	Q7Z6A9	ENSG00000186265	151888	PDB/PDBe: expanded protein interfaces	mapped	1	1	0	1
HGNC:21094	CALHM4	Q5JW98	ENSG00000164451	221301	PDB/PDBe: expanded protein interfaces	mapped	0	0	0	0
HGNC:21205	LINGO1	Q96FE5	ENSG00000169783	84894	PDB/PDBe: expanded protein interfaces	mapped	0	1	0	1
HGNC:2121	CMKLR1	Q99788	ENSG00000174600	1240	PDB/PDBe: expanded protein interfaces	mapped	1	0	0	0
HGNC:21295	EPS8L1	Q8TE68	ENSG00000131037	54869	PDB/PDBe: expanded protein interfaces	mapped	0	0	0	0
HGNC:21336	RNF146	Q9NTX7	ENSG00000118518	81847	PDB/PDBe: expanded protein interfaces	mapped	0	0	0	0
HGNC:21367	CGAS	Q8N884	ENSG00000164430	115004	PDB/PDBe: expanded protein interfaces	mapped	0	0	0	0
HGNC:2148	CNGA1	P29973	ENSG00000198515	1259	PDB/PDBe: expanded protein interfaces	mapped	0	0	0	0
HGNC:2149	CNGA2	Q16280	ENSG00000183862	1260	PDB/PDBe: expanded protein interfaces	mapped	0	0	0	0
HGNC:2150	CNGA3	Q16281	ENSG00000144191	1261	PDB/PDBe: expanded protein interfaces	mapped	0	0	0	0
HGNC:2151	CNGB1	Q14028	ENSG00000070729	1258	PDB/PDBe: expanded protein interfaces	mapped	0	0	0	0
HGNC:2152	CNGA4	Q8IV77	ENSG00000132259	1262	PDB/PDBe: expanded protein interfaces	mapped	0	0	0	0
HGNC:2153	CNGB3	Q9NQW8	ENSG00000170289	54714	PDB/PDBe: expanded protein interfaces	mapped	0	0	0	0
HGNC:2159	CNR1	P21554	ENSG00000118432	1268	PDB/PDBe: expanded protein interfaces	mapped	1	1	0	0
HGNC:2160	CNR2	P34972	ENSG00000188822	1269	PDB/PDBe: expanded protein interfaces	mapped	1	0	0	0
HGNC:21641	TSPAN12	O95859	ENSG00000106025	23554	PDB/PDBe: expanded protein interfaces	mapped	0	0	0	1
HGNC:21652	OSTM1	Q86WC4	ENSG00000081087	28962	PDB/PDBe: expanded protein interfaces	mapped	0	0	0	0
HGNC:2170	CNTFR	P26992	ENSG00000122756	1271	PDB/PDBe: expanded protein interfaces	mapped	0	0	0	1
HGNC:2171	CNTN1	Q12860	ENSG00000018236	1272	PDB/PDBe: expanded protein interfaces	mapped	1	0	0	0
HGNC:21732	ANTXR2	P58335	ENSG00000163297	118429	PDB/PDBe: expanded protein interfaces	mapped	0	0	0	1
HGNC:2195	COL18A1	P39060	ENSG00000182871	80781	PDB/PDBe: expanded protein interfaces	mapped	0	0	0	0
HGNC:2212	COL6A2	P12110	ENSG00000142173	1292	PDB/PDBe: expanded protein interfaces	mapped	0	0	0	0
HGNC:2213	COL6A3	P12111	ENSG00000163359	1293	PDB/PDBe: expanded protein interfaces	mapped	0	0	0	0
HGNC:2226	COLQ	Q9Y215	ENSG00000206561	8292	PDB/PDBe: expanded protein interfaces	mapped	0	0	0	0
HGNC:2295	CP	P00450	ENSG00000047457	1356	PDB/PDBe: expanded protein interfaces	mapped	0	0	0	0
HGNC:2301	CPD	O75976	ENSG00000108582	1362	PDB/PDBe: expanded protein interfaces	mapped	0	0	0	1
HGNC:23015	FAM20A	Q96MK3	ENSG00000108950	54757	PDB/PDBe: expanded protein interfaces	mapped	0	0	0	0
HGNC:23038	LMBRD1	Q9NUN5	ENSG00000168216	55788	PDB/PDBe: expanded protein interfaces	mapped	0	0	0	0
HGNC:23090	SLC15A4	Q8N697	ENSG00000139370	121260	PDB/PDBe: expanded protein interfaces	mapped	0	0	0	0
HGNC:23092	SLC7A13	Q8TCU3	ENSG00000164893	157724	PDB/PDBe: expanded protein interfaces	mapped	0	0	0	0
HGNC:23109	FAT4	Q6V0I7	ENSG00000196159	79633	PDB/PDBe: expanded protein interfaces	mapped	0	0	0	1
HGNC:23298	TSPAN15	O95858	ENSG00000099282	23555	PDB/PDBe: expanded protein interfaces	mapped	0	0	0	0
HGNC:23319	NTNG1	Q9Y2I2	ENSG00000162631	22854	PDB/PDBe: expanded protein interfaces	mapped	0	0	0	1
HGNC:2334	CR1	P17927	ENSG00000203710	1378	PDB/PDBe: expanded protein interfaces	mapped	0	0	0	1
HGNC:2336	CR2	P20023	ENSG00000117322	1380	PDB/PDBe: expanded protein interfaces	mapped	1	0	0	1
HGNC:2343	CRB1	P82279	ENSG00000134376	23418	PDB/PDBe: expanded protein interfaces	mapped	0	0	0	0
HGNC:23493	CALHM2	Q9HA72	ENSG00000138172	51063	PDB/PDBe: expanded protein interfaces	mapped	0	0	0	0
HGNC:2357	CRHR1	P34998	ENSG00000120088	1394	PDB/PDBe: expanded protein interfaces	mapped	1	0	0	1
HGNC:2358	CRHR2	Q13324	ENSG00000106113	1395	PDB/PDBe: expanded protein interfaces	mapped	1	0	0	1
HGNC:236	ADCY5	O95622	ENSG00000173175	111	PDB/PDBe: expanded protein interfaces	mapped	0	0	0	0
HGNC:2364	CRLF1	O75462	ENSG00000006016	9244	PDB/PDBe: expanded protein interfaces	mapped	0	0	0	0
HGNC:23689	GPR158	Q5T848	ENSG00000151025	57512	PDB/PDBe: expanded protein interfaces	mapped	0	0	0	0
HGNC:23690	GSDMB	Q8TAX9	ENSG00000073605	55876	PDB/PDBe: expanded protein interfaces	mapped	0	0	0	0
HGNC:23692	ACKR3	P25106	ENSG00000144476	57007	PDB/PDBe: expanded protein interfaces	mapped	1	0	0	0
HGNC:23694	GPR161	Q8N6U8	ENSG00000143147	23432	PDB/PDBe: expanded protein interfaces	mapped	0	0	0	0
HGNC:2389	CRYAB	P02511	ENSG00000109846	1410	PDB/PDBe: expanded protein interfaces	mapped	0	0	0	0
HGNC:240	ADCY9	O60503	ENSG00000162104	115	PDB/PDBe: expanded protein interfaces	mapped	0	0	0	0
HGNC:24191	CLEC2A	Q6UVW9	ENSG00000188393	387836	PDB/PDBe: expanded protein interfaces	mapped	1	0	0	1
HGNC:242	ADCYAP1R1	P41586	ENSG00000078549	117	PDB/PDBe: expanded protein interfaces	mapped	1	1	0	1
HGNC:24227	CCPG1	Q9ULG6	ENSG00000260916	9236	PDB/PDBe: expanded protein interfaces	mapped	0	0	0	0
HGNC:24272	SIDT2	Q8NBJ9	ENSG00000149577	51092	PDB/PDBe: expanded protein interfaces	mapped	0	0	0	0
HGNC:24313	CRTAM	O95727	ENSG00000109943	56253	PDB/PDBe: expanded protein interfaces	mapped	1	0	0	1
HGNC:2432	CSF1	P09603	ENSG00000184371	1435	PDB/PDBe: expanded protein interfaces	mapped	1	1	0	0
HGNC:2433	CSF1R	P07333	ENSG00000182578	1436	PDB/PDBe: expanded protein interfaces	mapped	1	1	0	1
HGNC:2435	CSF2RA	P15509	ENSG00000198223	1438	PDB/PDBe: expanded protein interfaces	mapped	0	1	0	1
HGNC:24356	CLEC1B	Q9P126	ENSG00000165682	51266	PDB/PDBe: expanded protein interfaces	mapped	0	0	0	1
HGNC:2436	CSF2RB	P32927	ENSG00000100368	1439	PDB/PDBe: expanded protein interfaces	mapped	0	1	0	1
HGNC:2439	CSF3R	Q99062	ENSG00000119535	1441	PDB/PDBe: expanded protein interfaces	mapped	1	1	0	1
HGNC:24580	CIB3	Q96Q77	ENSG00000141977	117286	PDB/PDBe: expanded protein interfaces	mapped	0	0	0	0
HGNC:24613	NRROS	Q86YC3	ENSG00000174004	375387	PDB/PDBe: expanded protein interfaces	mapped	0	0	0	1
HGNC:2466	CSPG4	Q6UVK1	ENSG00000173546	1464	PDB/PDBe: expanded protein interfaces	mapped	1	0	0	1
HGNC:2468	SMC3	Q9UQE7	ENSG00000108055	9126	PDB/PDBe: expanded protein interfaces	mapped	0	0	0	0
HGNC:24711	MFSD6	Q6ZSS7	ENSG00000151690	54842	PDB/PDBe: expanded protein interfaces	mapped	0	0	0	0
HGNC:24827	HCAR2	Q8TDS4	ENSG00000182782	338442	PDB/PDBe: expanded protein interfaces	mapped	0	0	0	0
HGNC:24854	STBD1	O95210	ENSG00000118804	8987	PDB/PDBe: expanded protein interfaces	mapped	0	0	0	0
HGNC:24883	RXFP3	Q9NSD7	ENSG00000182631	51289	PDB/PDBe: expanded protein interfaces	mapped	1	0	0	0
HGNC:24913	CDNF	Q49AH0	ENSG00000185267	441549	PDB/PDBe: expanded protein interfaces	mapped	0	0	0	0
HGNC:24927	CHP2	O43745	ENSG00000166869	63928	PDB/PDBe: expanded protein interfaces	mapped	0	0	0	0
HGNC:24945	GPIHBP1	Q8IV16	ENSG00000277494	338328	PDB/PDBe: expanded protein interfaces	mapped	0	0	0	1
HGNC:2505	CTLA4	P16410	ENSG00000163599	1493	PDB/PDBe: expanded protein interfaces	mapped	1	1	0	1
HGNC:25054	DRAXIN	Q8NBI3	ENSG00000162490	374946	PDB/PDBe: expanded protein interfaces	mapped	0	0	0	0
HGNC:25063	DMKN	Q6E0U4	ENSG00000161249	93099	PDB/PDBe: expanded protein interfaces	mapped	0	0	0	0
HGNC:25075	LRRC8C	Q8TDW0	ENSG00000171488	84230	PDB/PDBe: expanded protein interfaces	mapped	0	0	0	0
HGNC:2509	CTNNA1	P35221	ENSG00000044115	1495	PDB/PDBe: expanded protein interfaces	mapped	0	0	0	0
HGNC:2514	CTNNB1	P35222	ENSG00000168036	1499	PDB/PDBe: expanded protein interfaces	mapped	0	0	0	0
HGNC:2515	CTNND1	O60716	ENSG00000198561	1500	PDB/PDBe: expanded protein interfaces	mapped	0	0	0	0
HGNC:2527	CTSB	P07858	ENSG00000164733	1508	PDB/PDBe: expanded protein interfaces	mapped	0	0	0	0
HGNC:2532	CTSG	P08311	ENSG00000100448	1511	PDB/PDBe: expanded protein interfaces	mapped	1	0	0	0
HGNC:2537	CTSL	P07711	ENSG00000135047	1514	PDB/PDBe: expanded protein interfaces	mapped	0	0	0	0
HGNC:2548	CUBN	O60494	ENSG00000107611	8029	PDB/PDBe: expanded protein interfaces	mapped	0	0	0	0
HGNC:25508	XKR8	Q9H6D3	ENSG00000158156	55113	PDB/PDBe: expanded protein interfaces	mapped	0	0	0	0
HGNC:2558	CX3CR1	P49238	ENSG00000168329	1524	PDB/PDBe: expanded protein interfaces	mapped	1	0	0	0
HGNC:2559	CXADR	P78310	ENSG00000154639	1525	PDB/PDBe: expanded protein interfaces	mapped	0	0	0	1
HGNC:2561	CXCR4	P61073	ENSG00000121966	7852	PDB/PDBe: expanded protein interfaces	mapped	1	1	0	1
HGNC:25697	GSDMD	P57764	ENSG00000104518	79792	PDB/PDBe: expanded protein interfaces	mapped	0	0	0	0
HGNC:2577	CYBA	P13498	ENSG00000051523	1535	PDB/PDBe: expanded protein interfaces	mapped	0	0	0	0
HGNC:2578	CYBB	P04839	ENSG00000165168	1536	PDB/PDBe: expanded protein interfaces	mapped	0	0	0	0
HGNC:25896	ORAI1	Q96D31	ENSG00000276045	84876	PDB/PDBe: expanded protein interfaces	mapped	0	0	0	0
HGNC:25897	MFSD2A	Q8NA29	ENSG00000168389	84879	PDB/PDBe: expanded protein interfaces	mapped	0	0	0	0
HGNC:25945	ARL15	Q9NXU5	ENSG00000185305	54622	PDB/PDBe: expanded protein interfaces	mapped	0	0	0	0
HGNC:25967	SIDT1	Q9NXL6	ENSG00000072858	54847	PDB/PDBe: expanded protein interfaces	mapped	0	0	0	0
HGNC:26131	BTNL8	Q6UX41	ENSG00000113303	79908	PDB/PDBe: expanded protein interfaces	mapped	0	0	0	0
HGNC:262	ADORA1	P30542	ENSG00000163485	134	PDB/PDBe: expanded protein interfaces	mapped	1	0	0	0
HGNC:26270	PIEZO2	Q9H5I5	ENSG00000154864	63895	PDB/PDBe: expanded protein interfaces	mapped	0	0	0	0
HGNC:263	ADORA2A	P29274	ENSG00000128271	135	PDB/PDBe: expanded protein interfaces	mapped	1	0	0	0
HGNC:26308	CDHR3	Q6ZTQ4	ENSG00000128536	222256	PDB/PDBe: expanded protein interfaces	mapped	0	0	0	1
HGNC:264	ADORA2B	P29275	ENSG00000170425	136	PDB/PDBe: expanded protein interfaces	mapped	1	0	0	0
HGNC:26507	DUOXA1	Q1HG43	ENSG00000140254	90527	PDB/PDBe: expanded protein interfaces	mapped	0	0	0	0
HGNC:26527	HGSNAT	Q68CP4	ENSG00000165102	138050	PDB/PDBe: expanded protein interfaces	mapped	0	0	0	0
HGNC:26617	MLKL	Q8NB16	ENSG00000168404	197259	PDB/PDBe: expanded protein interfaces	mapped	0	0	0	0
HGNC:2665	CD55	P08174	ENSG00000196352	1604	PDB/PDBe: expanded protein interfaces	mapped	1	0	0	0
HGNC:2666	DAG1	Q14118	ENSG00000173402	1605	PDB/PDBe: expanded protein interfaces	mapped	1	0	0	0
HGNC:268	ADORA3	P0DMS8	ENSG00000282608	140	PDB/PDBe: expanded protein interfaces	mapped	1	0	0	0
HGNC:26810	EGFLAM	Q63HQ2	ENSG00000164318	133584	PDB/PDBe: expanded protein interfaces	mapped	0	0	0	0
HGNC:26838	TIGIT	Q495A1	ENSG00000181847	201633	PDB/PDBe: expanded protein interfaces	mapped	1	1	0	1
HGNC:26896	RGMB	Q6NW40	ENSG00000174136	285704	PDB/PDBe: expanded protein interfaces	mapped	0	0	0	1
HGNC:2701	DCC	P43146	ENSG00000187323	1630	PDB/PDBe: expanded protein interfaces	mapped	1	0	0	1
HGNC:27046	LDLRAD3	Q86YD5	ENSG00000179241	143458	PDB/PDBe: expanded protein interfaces	mapped	0	0	0	1
HGNC:2707	ACE	P12821	ENSG00000159640	1636	PDB/PDBe: expanded protein interfaces	mapped	0	0	0	1
HGNC:27087	MOSMO	Q8NHV5	ENSG00000185716	730094	PDB/PDBe: expanded protein interfaces	mapped	0	0	0	0
HGNC:2709	DCT	P40126	ENSG00000080166	1638	PDB/PDBe: expanded protein interfaces	mapped	0	0	0	0
HGNC:27254	CDC50B	Q3MIR4	ENSG00000182107	161291	PDB/PDBe: expanded protein interfaces	mapped	0	0	0	0
HGNC:27609	EMC10	Q5UCC4	ENSG00000161671	284361	PDB/PDBe: expanded protein interfaces	mapped	0	0	0	0
HGNC:27683	ALKAL2	Q6UX46	ENSG00000189292	285016	PDB/PDBe: expanded protein interfaces	mapped	0	0	0	0
HGNC:277	ADRA1A	P35348	ENSG00000120907	148	PDB/PDBe: expanded protein interfaces	mapped	1	0	0	0
HGNC:27960	SLC6A19	Q695T7	ENSG00000174358	340024	PDB/PDBe: expanded protein interfaces	mapped	0	0	0	0
HGNC:281	ADRA2A	P08913	ENSG00000150594	150	PDB/PDBe: expanded protein interfaces	mapped	1	0	0	0
HGNC:28105	LRRC3B	Q96PB8	ENSG00000179796	116135	PDB/PDBe: expanded protein interfaces	mapped	0	0	0	0
HGNC:28191	AKAP19	Q9BSF0	ENSG00000187699	84281	PDB/PDBe: expanded protein interfaces	mapped	0	0	0	0
HGNC:282	ADRA2B	P18089	ENSG00000274286	151	PDB/PDBe: expanded protein interfaces	mapped	1	0	0	0
HGNC:283	ADRA2C	P18825	ENSG00000184160	152	PDB/PDBe: expanded protein interfaces	mapped	1	0	0	0
HGNC:28381	MOSPD2	Q8NHP6	ENSG00000130150	158747	PDB/PDBe: expanded protein interfaces	mapped	0	0	0	0
HGNC:285	ADRB1	P08588	ENSG00000043591	153	PDB/PDBe: expanded protein interfaces	mapped	1	0	0	0
HGNC:28539	IZUMO1	Q8IYV9	ENSG00000182264	284359	PDB/PDBe: expanded protein interfaces	mapped	0	0	0	1
HGNC:286	ADRB2	P07550	ENSG00000169252	154	PDB/PDBe: expanded protein interfaces	mapped	1	0	0	0
HGNC:2865	DHH	O43323	ENSG00000139549	50846	PDB/PDBe: expanded protein interfaces	mapped	1	0	0	0
HGNC:28657	CRACR2A	Q9BSW2	ENSG00000130038	84766	PDB/PDBe: expanded protein interfaces	mapped	0	0	0	0
HGNC:28744	CNIH2	Q6PI25	ENSG00000174871	254263	PDB/PDBe: expanded protein interfaces	mapped	0	0	0	0
HGNC:288	ADRB3	P13945	ENSG00000188778	155	PDB/PDBe: expanded protein interfaces	mapped	1	0	0	0
HGNC:28880	MAGT1	Q9H0U3	ENSG00000102158	84061	PDB/PDBe: expanded protein interfaces	mapped	0	0	0	0
HGNC:28881	PATJ	Q8NI35	ENSG00000132849	10207	PDB/PDBe: expanded protein interfaces	mapped	0	0	0	0
HGNC:2895	EDAR	Q9UNE0	ENSG00000135960	10913	PDB/PDBe: expanded protein interfaces	mapped	0	0	0	1
HGNC:28993	PIEZO1	Q92508	ENSG00000103335	9780	PDB/PDBe: expanded protein interfaces	mapped	0	0	0	0
HGNC:2900	DLG1	Q12959	ENSG00000075711	1739	PDB/PDBe: expanded protein interfaces	mapped	0	0	0	0
HGNC:2903	DLG4	P78352	ENSG00000132535	1742	PDB/PDBe: expanded protein interfaces	mapped	0	0	0	0
HGNC:2907	DLK1	P80370	ENSG00000185559	8788	PDB/PDBe: expanded protein interfaces	mapped	1	0	0	1
HGNC:29100	RRP12	Q5JTH9	ENSG00000052749	23223	PDB/PDBe: expanded protein interfaces	mapped	0	0	0	0
HGNC:29227	HEG1	Q9ULI3	ENSG00000173706	57493	PDB/PDBe: expanded protein interfaces	mapped	0	0	0	0
HGNC:29317	LRRC4C	Q9HCJ2	ENSG00000148948	57689	PDB/PDBe: expanded protein interfaces	mapped	1	0	0	0
HGNC:29504	ZACN	Q401N2	ENSG00000186919	353174	PDB/PDBe: expanded protein interfaces	mapped	0	0	0	0
HGNC:29508	KIDINS220	Q9ULH0	ENSG00000134313	57498	PDB/PDBe: expanded protein interfaces	mapped	0	0	0	0
HGNC:29509	APH1A	Q96BI3	ENSG00000117362	51107	PDB/PDBe: expanded protein interfaces	mapped	0	0	0	0
HGNC:29568	LHFPL4	Q7Z7J7	ENSG00000156959	375323	PDB/PDBe: expanded protein interfaces	mapped	0	0	0	0
HGNC:29602	PDPN	Q86YL7	ENSG00000162493	10630	PDB/PDBe: expanded protein interfaces	mapped	0	0	0	1
HGNC:29608	MTDH	Q86UE4	ENSG00000147649	92140	PDB/PDBe: expanded protein interfaces	mapped	0	0	0	0
HGNC:29626	MRGPRD	Q8TDS7	ENSG00000172938	116512	PDB/PDBe: expanded protein interfaces	mapped	0	0	0	0
HGNC:29943	TENM2	Q9NT68	ENSG00000145934	57451	PDB/PDBe: expanded protein interfaces	mapped	1	0	0	1
HGNC:29955	SLC51A	Q86UW1	ENSG00000163959	200931	PDB/PDBe: expanded protein interfaces	mapped	0	0	0	0
HGNC:29956	SLC51B	Q86UW2	ENSG00000186198	123264	PDB/PDBe: expanded protein interfaces	mapped	0	0	0	0
HGNC:30071	KIAA0319L	Q8IZA0	ENSG00000142687	79932	PDB/PDBe: expanded protein interfaces	mapped	0	0	0	1
HGNC:30072	CD177	Q8N6Q3	ENSG00000204936	57126	PDB/PDBe: expanded protein interfaces	mapped	1	0	0	1
HGNC:3009	DPP4	P27487	ENSG00000197635	1803	PDB/PDBe: expanded protein interfaces	mapped	1	1	0	1
HGNC:3010	DPP6	P42658	ENSG00000130226	1804	PDB/PDBe: expanded protein interfaces	mapped	0	0	0	0
HGNC:30100	PSENEN	Q9NZ42	ENSG00000205155	55851	PDB/PDBe: expanded protein interfaces	mapped	0	0	0	0
HGNC:30168	PDIA6	Q15084	ENSG00000143870	10130	PDB/PDBe: expanded protein interfaces	mapped	0	0	0	0
HGNC:3020	DRD1	P21728	ENSG00000184845	1812	PDB/PDBe: expanded protein interfaces	mapped	1	0	0	0
HGNC:3023	DRD2	P14416	ENSG00000149295	1813	PDB/PDBe: expanded protein interfaces	mapped	1	0	0	0
HGNC:3024	DRD3	P35462	ENSG00000151577	1814	PDB/PDBe: expanded protein interfaces	mapped	1	0	0	0
HGNC:30245	GPR174	Q9BXC1	ENSG00000147138	84636	PDB/PDBe: expanded protein interfaces	mapped	0	0	0	0
HGNC:3026	DRD5	P21918	ENSG00000169676	1816	PDB/PDBe: expanded protein interfaces	mapped	1	0	0	0
HGNC:30306	PHB2	Q99623	ENSG00000215021	11331	PDB/PDBe: expanded protein interfaces	mapped	0	0	0	0
HGNC:3036	DSC2	Q02487	ENSG00000134755	1824	PDB/PDBe: expanded protein interfaces	mapped	1	0	0	1
HGNC:30377	SCRIB	Q14160	ENSG00000180900	23513	PDB/PDBe: expanded protein interfaces	mapped	0	0	0	0
HGNC:30396	SELENOS	Q9BQE4	ENSG00000131871	55829	PDB/PDBe: expanded protein interfaces	mapped	0	0	0	0
HGNC:30422	SHROOM3	Q8TF72	ENSG00000138771	57619	PDB/PDBe: expanded protein interfaces	mapped	0	0	0	0
HGNC:30457	RCCD1	A6NED2	ENSG00000166965	91433	PDB/PDBe: expanded protein interfaces	mapped	0	0	0	0
HGNC:30465	EMB	Q6PCB8	ENSG00000170571	133418	PDB/PDBe: expanded protein interfaces	mapped	0	0	0	0
HGNC:3049	DSG2	Q14126	ENSG00000046604	1829	PDB/PDBe: expanded protein interfaces	mapped	1	0	0	1
HGNC:3059	HBEGF	Q99075	ENSG00000113070	1839	PDB/PDBe: expanded protein interfaces	mapped	1	0	0	1
HGNC:3062	DUOX1	Q9NRD9	ENSG00000137857	53905	PDB/PDBe: expanded protein interfaces	mapped	0	0	0	0
HGNC:30622	SPIRE1	Q08AE8	ENSG00000134278	56907	PDB/PDBe: expanded protein interfaces	mapped	0	0	0	0
HGNC:30646	SND1	Q7KZF4	ENSG00000197157	27044	PDB/PDBe: expanded protein interfaces	mapped	0	0	0	0
HGNC:30670	SV2C	Q496J9	ENSG00000122012	22987	PDB/PDBe: expanded protein interfaces	mapped	0	0	0	1
HGNC:30683	TAPBPL	Q9BX59	ENSG00000139192	55080	PDB/PDBe: expanded protein interfaces	mapped	0	0	0	0
HGNC:3084	DVL1	O14640	ENSG00000107404	1855	PDB/PDBe: expanded protein interfaces	mapped	0	0	0	0
HGNC:30927	SLC6A20	Q9NP91	ENSG00000163817	54716	PDB/PDBe: expanded protein interfaces	mapped	0	0	0	0
HGNC:3128	GPR183	P32249	ENSG00000169508	1880	PDB/PDBe: expanded protein interfaces	mapped	0	0	0	0
HGNC:31371	GPR179	Q6PRD1	ENSG00000277399	440435	PDB/PDBe: expanded protein interfaces	mapped	0	0	0	1
HGNC:31409	LRRC26	Q2I0M4	ENSG00000184709	389816	PDB/PDBe: expanded protein interfaces	mapped	0	0	0	0
HGNC:31422	CFAP95	Q5VTT2	ENSG00000204711	138255	PDB/PDBe: expanded protein interfaces	mapped	0	0	0	0
HGNC:31428	GPR15LG	Q6UWK7	ENSG00000188373	387695	PDB/PDBe: expanded protein interfaces	mapped	0	0	0	0
HGNC:3145	TRPV5	Q9NQA5	ENSG00000127412	56302	PDB/PDBe: expanded protein interfaces	mapped	0	0	0	0
HGNC:3157	EDA	Q92838	ENSG00000158813	1896	PDB/PDBe: expanded protein interfaces	mapped	0	0	0	1
HGNC:3165	S1PR1	P21453	ENSG00000170989	1901	PDB/PDBe: expanded protein interfaces	mapped	0	0	0	0
HGNC:3166	LPAR1	Q92633	ENSG00000198121	1902	PDB/PDBe: expanded protein interfaces	mapped	1	0	0	0
HGNC:3167	S1PR3	Q99500	ENSG00000213694	1903	PDB/PDBe: expanded protein interfaces	mapped	0	0	0	0
HGNC:3169	S1PR2	O95136	ENSG00000267534	9294	PDB/PDBe: expanded protein interfaces	mapped	1	0	0	0
HGNC:31696	ARK2C	Q6ZSG1	ENSG00000141622	494470	PDB/PDBe: expanded protein interfaces	mapped	0	0	0	0
HGNC:3179	EDNRA	P25101	ENSG00000151617	1909	PDB/PDBe: expanded protein interfaces	mapped	1	1	0	0
HGNC:3180	EDNRB	P24530	ENSG00000136160	1910	PDB/PDBe: expanded protein interfaces	mapped	1	0	0	0
HGNC:3189	EEF1A1	P68104	ENSG00000156508	1915	PDB/PDBe: expanded protein interfaces	mapped	0	0	0	0
HGNC:320	AGER	Q15109	ENSG00000204305	177	PDB/PDBe: expanded protein interfaces	mapped	0	0	0	1
HGNC:32190	PVRIG	Q6DKI7	ENSG00000213413	79037	PDB/PDBe: expanded protein interfaces	mapped	0	1	0	0
HGNC:3221	EFNA1	P20827	ENSG00000169242	1942	PDB/PDBe: expanded protein interfaces	mapped	1	0	0	1
HGNC:3222	EFNA2	O43921	ENSG00000099617	1943	PDB/PDBe: expanded protein interfaces	mapped	1	0	0	1
HGNC:3225	EFNA5	P52803	ENSG00000184349	1946	PDB/PDBe: expanded protein interfaces	mapped	1	0	0	1
HGNC:3226	EFNB1	P98172	ENSG00000090776	1947	PDB/PDBe: expanded protein interfaces	mapped	1	0	0	1
HGNC:3227	EFNB2	P52799	ENSG00000125266	1948	PDB/PDBe: expanded protein interfaces	mapped	1	0	0	1
HGNC:3228	EFNB3	Q15768	ENSG00000108947	1949	PDB/PDBe: expanded protein interfaces	mapped	1	0	0	1
HGNC:3229	EGF	P01133	ENSG00000138798	1950	PDB/PDBe: expanded protein interfaces	mapped	1	0	0	1
HGNC:3233	MEGF8	Q7Z7M0	ENSG00000105429	1954	PDB/PDBe: expanded protein interfaces	mapped	0	0	0	0
HGNC:3236	EGFR	P00533	ENSG00000146648	1956	PDB/PDBe: expanded protein interfaces	mapped	1	1	0	1
HGNC:3242	EHD1	Q9H4M9	ENSG00000110047	10938	PDB/PDBe: expanded protein interfaces	mapped	0	0	0	0
HGNC:32431	TMIGD1	Q6UXZ0	ENSG00000182271	388364	PDB/PDBe: expanded protein interfaces	mapped	0	0	0	0
HGNC:32565	IZUMO1R	A6ND01	ENSG00000183560	390243	PDB/PDBe: expanded protein interfaces	mapped	0	0	0	1
HGNC:32789	GFRAL	Q6UXV0	ENSG00000187871	389400	PDB/PDBe: expanded protein interfaces	mapped	0	0	0	1
HGNC:328	AGR2	O95994	ENSG00000106541	10551	PDB/PDBe: expanded protein interfaces	mapped	0	0	0	0
HGNC:3282	EIF4A1	P60842	ENSG00000161960	1973	PDB/PDBe: expanded protein interfaces	mapped	0	0	0	0
HGNC:329	AGRN	O00468	ENSG00000188157	375790	PDB/PDBe: expanded protein interfaces	mapped	1	0	0	0
HGNC:3309	ELANE	P08246	ENSG00000197561	1991	PDB/PDBe: expanded protein interfaces	mapped	0	0	0	0
HGNC:3312	ELAVL1	Q15717	ENSG00000066044	1994	PDB/PDBe: expanded protein interfaces	mapped	0	0	0	0
HGNC:33154	ELFN1	P0C7U0	ENSG00000225968	392617	PDB/PDBe: expanded protein interfaces	mapped	0	0	0	1
HGNC:3332	MARK2	Q7KZI7	ENSG00000072518	2011	PDB/PDBe: expanded protein interfaces	mapped	0	0	0	0
HGNC:3338	CTTN	Q14247	ENSG00000085733	2017	PDB/PDBe: expanded protein interfaces	mapped	0	0	0	0
HGNC:3349	ENG	P17813	ENSG00000106991	2022	PDB/PDBe: expanded protein interfaces	mapped	0	1	0	1
HGNC:3350	ENO1	P06733	ENSG00000074800	2023	PDB/PDBe: expanded protein interfaces	mapped	0	0	0	0
HGNC:33527	INS-IGF2	F8WCM5	ENSG00000129965	723961	PDB/PDBe: expanded protein interfaces	mapped	0	0	0	0
HGNC:3356	ENPP1	P22413	ENSG00000197594	5167	PDB/PDBe: expanded protein interfaces	mapped	0	0	0	1
HGNC:336	AGTR1	P30556	ENSG00000144891	185	PDB/PDBe: expanded protein interfaces	mapped	1	0	0	0
HGNC:33775	ALKAL1	Q6UXT8	ENSG00000196711	389658	PDB/PDBe: expanded protein interfaces	mapped	0	0	0	0
HGNC:338	AGTR2	P50052	ENSG00000180772	186	PDB/PDBe: expanded protein interfaces	mapped	1	0	0	1
HGNC:3380	EPB41L3	Q9Y2J2	ENSG00000082397	23136	PDB/PDBe: expanded protein interfaces	mapped	0	0	0	0
HGNC:33823	ERVFRD-1	P60508	ENSG00000244476	405754	PDB/PDBe: expanded protein interfaces	mapped	0	0	0	1
HGNC:3383	STOM	P27105	ENSG00000148175	2040	PDB/PDBe: expanded protein interfaces	mapped	0	0	0	0
HGNC:3386	EPHA2	P29317	ENSG00000142627	1969	PDB/PDBe: expanded protein interfaces	mapped	1	0	0	1
HGNC:3387	EPHA3	P29320	ENSG00000044524	2042	PDB/PDBe: expanded protein interfaces	mapped	1	1	0	1
HGNC:33877	NALF1	B1AL88	ENSG00000204442	728215	PDB/PDBe: expanded protein interfaces	mapped	0	0	0	0
HGNC:3388	EPHA4	P54764	ENSG00000116106	2043	PDB/PDBe: expanded protein interfaces	mapped	1	0	0	1
HGNC:339	APLNR	P35414	ENSG00000134817	187	PDB/PDBe: expanded protein interfaces	mapped	1	0	0	0
HGNC:33911	RNASEK	Q6P5S7	ENSG00000219200	440400	PDB/PDBe: expanded protein interfaces	mapped	0	0	0	0
HGNC:3393	EPHB2	P29323	ENSG00000133216	2048	PDB/PDBe: expanded protein interfaces	mapped	1	0	0	0
HGNC:3395	EPHB4	P54760	ENSG00000196411	2050	PDB/PDBe: expanded protein interfaces	mapped	1	0	0	1
HGNC:3416	EPOR	P19235	ENSG00000187266	2057	PDB/PDBe: expanded protein interfaces	mapped	1	0	0	1
HGNC:3420	EPS8	Q12929	ENSG00000151491	2059	PDB/PDBe: expanded protein interfaces	mapped	0	0	0	0
HGNC:3430	ERBB2	P04626	ENSG00000141736	2064	PDB/PDBe: expanded protein interfaces	mapped	1	1	0	1
HGNC:3431	ERBB3	P21860	ENSG00000065361	2065	PDB/PDBe: expanded protein interfaces	mapped	1	1	0	1
HGNC:3432	ERBB4	Q15303	ENSG00000178568	2066	PDB/PDBe: expanded protein interfaces	mapped	1	0	0	1
HGNC:3443	EREG	O14944	ENSG00000124882	2069	PDB/PDBe: expanded protein interfaces	mapped	1	1	0	1
HGNC:34550	IGLON5	A6NGN9	ENSG00000142549	402665	PDB/PDBe: expanded protein interfaces	mapped	0	0	0	0
HGNC:347	AHNAK	Q09666	ENSG00000124942	79026	PDB/PDBe: expanded protein interfaces	mapped	0	0	0	0
HGNC:3535	F2	P00734	ENSG00000180210	2147	PDB/PDBe: expanded protein interfaces	mapped	0	0	0	0
HGNC:3537	F2R	P25116	ENSG00000181104	2149	PDB/PDBe: expanded protein interfaces	mapped	1	0	0	0
HGNC:3538	F2RL1	P55085	ENSG00000164251	2150	PDB/PDBe: expanded protein interfaces	mapped	0	0	0	0
HGNC:3541	F3	P13726	ENSG00000117525	2152	PDB/PDBe: expanded protein interfaces	mapped	0	1	0	1
HGNC:3590	FAP	Q12884	ENSG00000078098	2191	PDB/PDBe: expanded protein interfaces	mapped	0	1	0	1
HGNC:3594	FASN	P49327	ENSG00000169710	2194	PDB/PDBe: expanded protein interfaces	mapped	0	0	0	0
HGNC:3608	FCAR	P24071	ENSG00000186431	2204	PDB/PDBe: expanded protein interfaces	mapped	0	0	0	1
HGNC:3609	FCER1A	P12319	ENSG00000179639	2205	PDB/PDBe: expanded protein interfaces	mapped	0	0	0	1
HGNC:3611	FCER1G	P30273	ENSG00000158869	2207	PDB/PDBe: expanded protein interfaces	mapped	0	0	0	0
HGNC:3612	FCER2	P06734	ENSG00000104921	2208	PDB/PDBe: expanded protein interfaces	mapped	1	1	0	1
HGNC:3613	FCGR1A	P12314	ENSG00000150337	2209	PDB/PDBe: expanded protein interfaces	mapped	0	0	0	1
HGNC:3616	FCGR2A	P12318	ENSG00000143226	2212	PDB/PDBe: expanded protein interfaces	mapped	0	0	0	1
HGNC:3618	FCGR2B	P31994	ENSG00000072694	2213	PDB/PDBe: expanded protein interfaces	mapped	0	0	0	1
HGNC:3619	FCGR3A	P08637	ENSG00000203747	2214	PDB/PDBe: expanded protein interfaces	mapped	0	1	0	1
HGNC:3620	FCGR3B	O75015	ENSG00000162747	2215	PDB/PDBe: expanded protein interfaces	mapped	0	0	0	1
HGNC:3621	FCGRT	P55899	ENSG00000104870	2217	PDB/PDBe: expanded protein interfaces	mapped	0	1	0	1
HGNC:3661	FGA	P02671	ENSG00000171560	2243	PDB/PDBe: expanded protein interfaces	mapped	0	0	0	0
HGNC:3662	FGB	P02675	ENSG00000171564	2244	PDB/PDBe: expanded protein interfaces	mapped	0	0	0	0
HGNC:3676	FGF2	P09038	ENSG00000138685	2247	PDB/PDBe: expanded protein interfaces	mapped	0	0	0	0
HGNC:3686	FGF8	P55075	ENSG00000107831	2253	PDB/PDBe: expanded protein interfaces	mapped	0	0	0	0
HGNC:3687	FGF9	P31371	ENSG00000102678	2254	PDB/PDBe: expanded protein interfaces	mapped	0	0	0	0
HGNC:3688	FGFR1	P11362	ENSG00000077782	2260	PDB/PDBe: expanded protein interfaces	mapped	1	1	0	1
HGNC:3689	FGFR2	P21802	ENSG00000066468	2263	PDB/PDBe: expanded protein interfaces	mapped	1	1	0	1
HGNC:3690	FGFR3	P22607	ENSG00000068078	2261	PDB/PDBe: expanded protein interfaces	mapped	1	1	0	1
HGNC:3691	FGFR4	P22455	ENSG00000160867	2264	PDB/PDBe: expanded protein interfaces	mapped	1	0	0	1
HGNC:3706	ATP8B1	O43520	ENSG00000081923	5205	PDB/PDBe: expanded protein interfaces	mapped	0	0	0	0
HGNC:3724	FKBP8	Q14318	ENSG00000105701	23770	PDB/PDBe: expanded protein interfaces	mapped	0	0	0	0
HGNC:3757	FLOT1	O75955	ENSG00000137312	10211	PDB/PDBe: expanded protein interfaces	mapped	0	0	0	0
HGNC:3758	FLOT2	Q14254	ENSG00000132589	2319	PDB/PDBe: expanded protein interfaces	mapped	0	0	0	0
HGNC:3762	FLRT3	Q9NZU0	ENSG00000125848	23767	PDB/PDBe: expanded protein interfaces	mapped	1	0	0	1
HGNC:3763	FLT1	P17948	ENSG00000102755	2321	PDB/PDBe: expanded protein interfaces	mapped	1	1	0	1
HGNC:37646	KLRF2	D3W0D1	ENSG00000256797	100431172	PDB/PDBe: expanded protein interfaces	mapped	1	0	0	1
HGNC:3765	FLT3	P36888	ENSG00000122025	2322	PDB/PDBe: expanded protein interfaces	mapped	1	1	0	1
HGNC:3766	FLT3LG	P49771	ENSG00000090554	2323	PDB/PDBe: expanded protein interfaces	mapped	1	1	0	1
HGNC:3767	FLT4	P35916	ENSG00000037280	2324	PDB/PDBe: expanded protein interfaces	mapped	1	0	0	1
HGNC:3778	FN1	P02751	ENSG00000115414	2335	PDB/PDBe: expanded protein interfaces	mapped	0	0	0	0
HGNC:3826	FPR1	P21462	ENSG00000171051	2357	PDB/PDBe: expanded protein interfaces	mapped	1	0	0	0
HGNC:3827	FPR2	P25090	ENSG00000171049	2358	PDB/PDBe: expanded protein interfaces	mapped	1	0	0	0
HGNC:3969	FSHR	P23945	ENSG00000170820	2492	PDB/PDBe: expanded protein interfaces	mapped	1	0	0	1
HGNC:3971	FST	P19883	ENSG00000134363	10468	PDB/PDBe: expanded protein interfaces	mapped	0	0	0	0
HGNC:40	ABCB1	P08183	ENSG00000085563	5243	PDB/PDBe: expanded protein interfaces	mapped	0	0	0	1
HGNC:4025	FXYD1	O00168	ENSG00000266964	5348	PDB/PDBe: expanded protein interfaces	mapped	0	0	0	1
HGNC:4026	FXYD2	P54710	ENSG00000137731	486	PDB/PDBe: expanded protein interfaces	mapped	0	0	0	0
HGNC:4029	FXYD5	Q96DB9	ENSG00000089327	53827	PDB/PDBe: expanded protein interfaces	mapped	0	0	0	1
HGNC:4030	FXYD6	Q9H0Q3	ENSG00000137726	53826	PDB/PDBe: expanded protein interfaces	mapped	0	0	0	1
HGNC:4035	ACKR1	Q16570	ENSG00000213088	2532	PDB/PDBe: expanded protein interfaces	mapped	1	0	0	1
HGNC:4038	FZD1	Q9UP38	ENSG00000157240	8321	PDB/PDBe: expanded protein interfaces	mapped	0	0	0	0
HGNC:4040	FZD2	Q14332	ENSG00000180340	2535	PDB/PDBe: expanded protein interfaces	mapped	0	0	0	1
HGNC:4041	FZD3	Q9NPG1	ENSG00000104290	7976	PDB/PDBe: expanded protein interfaces	mapped	0	0	0	0
HGNC:4042	FZD4	Q9ULV1	ENSG00000174804	8322	PDB/PDBe: expanded protein interfaces	mapped	0	0	0	1
HGNC:4044	FZD6	O60353	ENSG00000164930	8323	PDB/PDBe: expanded protein interfaces	mapped	0	0	0	0
HGNC:4045	FZD7	O75084	ENSG00000155760	8324	PDB/PDBe: expanded protein interfaces	mapped	0	0	0	1
HGNC:4046	FZD8	Q9H461	ENSG00000177283	8325	PDB/PDBe: expanded protein interfaces	mapped	0	0	0	1
HGNC:4053	ISG15	P05161	ENSG00000187608	9636	PDB/PDBe: expanded protein interfaces	mapped	0	0	0	0
HGNC:4070	GABBR1	Q9UBS5	ENSG00000204681	2550	PDB/PDBe: expanded protein interfaces	mapped	1	0	0	1
HGNC:4075	GABRA1	P14867	ENSG00000022355	2554	PDB/PDBe: expanded protein interfaces	mapped	0	0	0	1
HGNC:4076	GABRA2	P47869	ENSG00000151834	2555	PDB/PDBe: expanded protein interfaces	mapped	0	0	0	1
HGNC:4077	GABRA3	P34903	ENSG00000011677	2556	PDB/PDBe: expanded protein interfaces	mapped	0	0	0	1
HGNC:4078	GABRA4	P48169	ENSG00000109158	2557	PDB/PDBe: expanded protein interfaces	mapped	0	0	0	0
HGNC:4079	GABRA5	P31644	ENSG00000186297	2558	PDB/PDBe: expanded protein interfaces	mapped	0	0	0	0
HGNC:4081	GABRB1	P18505	ENSG00000163288	2560	PDB/PDBe: expanded protein interfaces	mapped	0	0	0	1
HGNC:4082	GABRB2	P47870	ENSG00000145864	2561	PDB/PDBe: expanded protein interfaces	mapped	0	0	0	1
HGNC:4083	GABRB3	P28472	ENSG00000166206	2562	PDB/PDBe: expanded protein interfaces	mapped	0	0	0	1
HGNC:4084	GABRD	O14764	ENSG00000187730	2563	PDB/PDBe: expanded protein interfaces	mapped	0	0	0	1
HGNC:4087	GABRG2	P18507	ENSG00000113327	2566	PDB/PDBe: expanded protein interfaces	mapped	0	0	0	1
HGNC:4132	GALR1	P47211	ENSG00000166573	2587	PDB/PDBe: expanded protein interfaces	mapped	1	0	0	0
HGNC:4133	GALR2	O43603	ENSG00000182687	8811	PDB/PDBe: expanded protein interfaces	mapped	1	0	0	0
HGNC:4161	LRRC32	Q14392	ENSG00000137507	2615	PDB/PDBe: expanded protein interfaces	mapped	0	1	0	1
HGNC:4165	GAS1	P54826	ENSG00000180447	2619	PDB/PDBe: expanded protein interfaces	mapped	0	0	0	1
HGNC:4177	GBA1	P04062	ENSG00000177628	2629	PDB/PDBe: expanded protein interfaces	mapped	0	0	0	0
HGNC:4187	GC	P02774	ENSG00000145321	2638	PDB/PDBe: expanded protein interfaces	mapped	0	0	0	0
HGNC:4192	GCGR	P47871	ENSG00000215644	2642	PDB/PDBe: expanded protein interfaces	mapped	1	1	0	0
HGNC:4206	OPN1MW	P04001	ENSG00000268221	2652	PDB/PDBe: expanded protein interfaces	mapped	0	0	0	0
HGNC:42398	C4B_2	P0C0L5	ENSG00000233312	100293534	PDB/PDBe: expanded protein interfaces	mapped	0	0	0	0
HGNC:42400	NCR3LG1	Q68D85	ENSG00000188211	374383	PDB/PDBe: expanded protein interfaces	mapped	1	1	0	1
HGNC:4243	GFRA1	P56159	ENSG00000151892	2674	PDB/PDBe: expanded protein interfaces	mapped	0	0	0	1
HGNC:4244	GFRA2	O00451	ENSG00000168546	2675	PDB/PDBe: expanded protein interfaces	mapped	0	0	0	1
HGNC:4245	GFRA3	O60609	ENSG00000146013	2676	PDB/PDBe: expanded protein interfaces	mapped	0	1	0	1
HGNC:4263	GHR	P10912	ENSG00000112964	2690	PDB/PDBe: expanded protein interfaces	mapped	1	0	0	1
HGNC:4266	GHRHR	Q02643	ENSG00000106128	2692	PDB/PDBe: expanded protein interfaces	mapped	1	0	0	0
HGNC:4267	GHSR	Q92847	ENSG00000121853	2693	PDB/PDBe: expanded protein interfaces	mapped	1	0	0	0
HGNC:427	ALK	Q9UM73	ENSG00000171094	238	PDB/PDBe: expanded protein interfaces	mapped	1	0	0	1
HGNC:4271	GIPR	P48546	ENSG00000010310	2696	PDB/PDBe: expanded protein interfaces	mapped	1	1	0	1
HGNC:4280	GJC1	P36383	ENSG00000182963	10052	PDB/PDBe: expanded protein interfaces	mapped	1	0	0	0
HGNC:4324	GLP1R	P43220	ENSG00000112164	2740	PDB/PDBe: expanded protein interfaces	mapped	1	1	0	1
HGNC:4325	GLP2R	O95838	ENSG00000065325	9340	PDB/PDBe: expanded protein interfaces	mapped	1	0	0	0
HGNC:4326	GLRA1	P23415	ENSG00000145888	2741	PDB/PDBe: expanded protein interfaces	mapped	0	0	0	0
HGNC:4327	GLRA2	P23416	ENSG00000101958	2742	PDB/PDBe: expanded protein interfaces	mapped	0	0	0	0
HGNC:4328	GLRA3	O75311	ENSG00000145451	8001	PDB/PDBe: expanded protein interfaces	mapped	0	0	0	0
HGNC:4329	GLRB	P48167	ENSG00000109738	2743	PDB/PDBe: expanded protein interfaces	mapped	0	0	0	0
HGNC:4385	GNAI2	P04899	ENSG00000114353	2771	PDB/PDBe: expanded protein interfaces	mapped	0	0	0	0
HGNC:4388	GNAL	P38405	ENSG00000141404	2774	PDB/PDBe: expanded protein interfaces	mapped	0	0	0	0
HGNC:4390	GNAQ	P50148	ENSG00000156052	2776	PDB/PDBe: expanded protein interfaces	mapped	0	0	0	0
HGNC:4392	GNAS	P63092	ENSG00000087460	2778	PDB/PDBe: expanded protein interfaces	mapped	0	0	0	0
HGNC:4396	GNB1	P62873	ENSG00000078369	2782	PDB/PDBe: expanded protein interfaces	mapped	0	0	0	0
HGNC:4398	GNB2	P62879	ENSG00000172354	2783	PDB/PDBe: expanded protein interfaces	mapped	0	0	0	0
HGNC:4400	GNB3	P16520	ENSG00000111664	2784	PDB/PDBe: expanded protein interfaces	mapped	0	0	0	0
HGNC:4404	GNG2	P59768	ENSG00000186469	54331	PDB/PDBe: expanded protein interfaces	mapped	0	0	0	0
HGNC:4439	GP1BA	P07359	ENSG00000185245	2811	PDB/PDBe: expanded protein interfaces	mapped	1	0	0	1
HGNC:4440	GP1BB	P13224	ENSG00000203618	2812	PDB/PDBe: expanded protein interfaces	mapped	0	0	0	0
HGNC:4444	GP9	P14770	ENSG00000169704	2815	PDB/PDBe: expanded protein interfaces	mapped	0	0	0	0
HGNC:44480	IFNL4	K9M1U5	ENSG00000272395	101180976	PDB/PDBe: expanded protein interfaces	mapped	0	0	0	0
HGNC:4451	GPC3	P51654	ENSG00000147257	2719	PDB/PDBe: expanded protein interfaces	mapped	0	1	0	0
HGNC:4463	CMKLR2	P46091	ENSG00000183671	2825	PDB/PDBe: expanded protein interfaces	mapped	1	0	0	0
HGNC:4464	PRLHR	P49683	ENSG00000119973	2834	PDB/PDBe: expanded protein interfaces	mapped	1	0	0	0
HGNC:4466	GPR12	P47775	ENSG00000132975	2835	PDB/PDBe: expanded protein interfaces	mapped	0	0	0	0
HGNC:4469	GPR15	P49685	ENSG00000154165	2838	PDB/PDBe: expanded protein interfaces	mapped	1	0	0	0
HGNC:4471	GPR17	Q13304	ENSG00000144230	2840	PDB/PDBe: expanded protein interfaces	mapped	1	0	0	0
HGNC:4475	GPR20	Q99678	ENSG00000204882	2843	PDB/PDBe: expanded protein interfaces	mapped	0	0	0	0
HGNC:4476	GPR21	Q99679	ENSG00000188394	2844	PDB/PDBe: expanded protein interfaces	mapped	0	0	0	0
HGNC:4479	MCHR1	Q99705	ENSG00000128285	2847	PDB/PDBe: expanded protein interfaces	mapped	1	0	0	0
HGNC:4484	GPR3	P46089	ENSG00000181773	2827	PDB/PDBe: expanded protein interfaces	mapped	0	0	0	0
HGNC:4485	GPER1	Q99527	ENSG00000164850	2852	PDB/PDBe: expanded protein interfaces	mapped	1	0	0	0
HGNC:4490	GPR34	Q9UPC5	ENSG00000171659	2857	PDB/PDBe: expanded protein interfaces	mapped	0	0	0	0
HGNC:4492	GPR35	Q9HC97	ENSG00000178623	2859	PDB/PDBe: expanded protein interfaces	mapped	0	0	0	0
HGNC:4495	MLNR	O43193	ENSG00000102539	2862	PDB/PDBe: expanded protein interfaces	mapped	1	0	0	0
HGNC:4497	GPR4	P46093	ENSG00000177464	2828	PDB/PDBe: expanded protein interfaces	mapped	0	0	0	0
HGNC:4498	FFAR1	O14842	ENSG00000126266	2864	PDB/PDBe: expanded protein interfaces	mapped	0	0	0	0
HGNC:4499	FFAR3	O14843	ENSG00000185897	2865	PDB/PDBe: expanded protein interfaces	mapped	0	0	0	0
HGNC:4501	FFAR2	O15552	ENSG00000126262	2867	PDB/PDBe: expanded protein interfaces	mapped	0	0	0	0
HGNC:4502	PTGDR2	Q9Y5Y4	ENSG00000183134	11251	PDB/PDBe: expanded protein interfaces	mapped	1	0	0	0
HGNC:4504	LGR5	O75473	ENSG00000139292	8549	PDB/PDBe: expanded protein interfaces	mapped	1	1	0	1
HGNC:4507	GABBR2	O75899	ENSG00000136928	9568	PDB/PDBe: expanded protein interfaces	mapped	1	0	0	1
HGNC:4508	GPR52	Q9Y2T5	ENSG00000203737	9293	PDB/PDBe: expanded protein interfaces	mapped	0	0	0	0
HGNC:4510	KISS1R	Q969F8	ENSG00000116014	84634	PDB/PDBe: expanded protein interfaces	mapped	1	0	0	0
HGNC:4511	GPR55	Q9Y2T6	ENSG00000135898	9290	PDB/PDBe: expanded protein interfaces	mapped	1	0	0	0
HGNC:4512	ADGRG1	Q9Y653	ENSG00000205336	9289	PDB/PDBe: expanded protein interfaces	mapped	1	0	0	0
HGNC:4515	GPR6	P46095	ENSG00000146360	2830	PDB/PDBe: expanded protein interfaces	mapped	0	0	0	0
HGNC:4517	GPR65	Q8IYL9	ENSG00000140030	8477	PDB/PDBe: expanded protein interfaces	mapped	0	0	0	0
HGNC:4518	NMUR1	Q9HB89	ENSG00000171596	10316	PDB/PDBe: expanded protein interfaces	mapped	1	0	0	0
HGNC:4519	GPR68	Q15743	ENSG00000119714	8111	PDB/PDBe: expanded protein interfaces	mapped	0	0	0	0
HGNC:4525	NPFFR2	Q9Y5X5	ENSG00000056291	10886	PDB/PDBe: expanded protein interfaces	mapped	1	0	0	0
HGNC:4527	C5AR2	Q9P296	ENSG00000134830	27202	PDB/PDBe: expanded protein interfaces	mapped	1	0	0	0
HGNC:453	AMBP	P02760	ENSG00000106927	259	PDB/PDBe: expanded protein interfaces	mapped	0	0	0	0
HGNC:4531	OXGR1	Q96P68	ENSG00000165621	27199	PDB/PDBe: expanded protein interfaces	mapped	0	0	0	0
HGNC:4532	HCAR1	Q9BXC0	ENSG00000196917	27198	PDB/PDBe: expanded protein interfaces	mapped	0	0	0	0
HGNC:4535	GPR84	Q9NQS5	ENSG00000139572	53831	PDB/PDBe: expanded protein interfaces	mapped	0	0	0	0
HGNC:4537	P2RY13	Q9BPV8	ENSG00000181631	53829	PDB/PDBe: expanded protein interfaces	mapped	0	0	0	0
HGNC:4539	GPR88	Q9GZN0	ENSG00000181656	54112	PDB/PDBe: expanded protein interfaces	mapped	0	0	0	0
HGNC:4540	CXCR3	P49682	ENSG00000186810	2833	PDB/PDBe: expanded protein interfaces	mapped	1	0	0	0
HGNC:4542	SUCNR1	Q9BXA5	ENSG00000198829	56670	PDB/PDBe: expanded protein interfaces	mapped	0	0	0	0
HGNC:4571	GRIA1	P42261	ENSG00000155511	2890	PDB/PDBe: expanded protein interfaces	mapped	1	0	0	0
HGNC:4576	GRID2	O43424	ENSG00000152208	2895	PDB/PDBe: expanded protein interfaces	mapped	1	0	0	1
HGNC:4584	GRIN1	Q05586	ENSG00000176884	2902	PDB/PDBe: expanded protein interfaces	mapped	0	0	0	1
HGNC:4585	GRIN2A	Q12879	ENSG00000183454	2903	PDB/PDBe: expanded protein interfaces	mapped	0	0	0	1
HGNC:4586	GRIN2B	Q13224	ENSG00000273079	2904	PDB/PDBe: expanded protein interfaces	mapped	0	0	0	1
HGNC:4587	GRIN2C	Q14957	ENSG00000161509	2905	PDB/PDBe: expanded protein interfaces	mapped	0	0	0	1
HGNC:4588	GRIN2D	O15399	ENSG00000105464	2906	PDB/PDBe: expanded protein interfaces	mapped	0	0	0	1
HGNC:4593	GRM1	Q13255	ENSG00000152822	2911	PDB/PDBe: expanded protein interfaces	mapped	1	0	0	0
HGNC:4594	GRM2	Q14416	ENSG00000164082	2912	PDB/PDBe: expanded protein interfaces	mapped	1	0	0	1
HGNC:4595	GRM3	Q14832	ENSG00000198822	2913	PDB/PDBe: expanded protein interfaces	mapped	1	0	0	1
HGNC:4596	GRM4	Q14833	ENSG00000124493	2914	PDB/PDBe: expanded protein interfaces	mapped	1	0	0	1
HGNC:4597	GRM5	P41594	ENSG00000168959	2915	PDB/PDBe: expanded protein interfaces	mapped	1	0	0	0
HGNC:4599	GRM7	Q14831	ENSG00000196277	2917	PDB/PDBe: expanded protein interfaces	mapped	1	0	0	1
HGNC:4600	GRM8	O00222	ENSG00000179603	2918	PDB/PDBe: expanded protein interfaces	mapped	1	0	0	0
HGNC:4601	GRN	P28799	ENSG00000030582	2896	PDB/PDBe: expanded protein interfaces	mapped	0	0	0	0
HGNC:4606	PDIA3	P30101	ENSG00000167004	2923	PDB/PDBe: expanded protein interfaces	mapped	0	0	0	0
HGNC:4609	GRPR	P30550	ENSG00000126010	2925	PDB/PDBe: expanded protein interfaces	mapped	1	0	0	0
HGNC:4620	GSN	P06396	ENSG00000148180	2934	PDB/PDBe: expanded protein interfaces	mapped	0	0	0	0
HGNC:463	AMFR	Q9UKV5	ENSG00000159461	267	PDB/PDBe: expanded protein interfaces	mapped	0	0	0	0
HGNC:465	AMHR2	Q16671	ENSG00000135409	269	PDB/PDBe: expanded protein interfaces	mapped	0	1	0	1
HGNC:4688	GUCY2C	P25092	ENSG00000070019	2984	PDB/PDBe: expanded protein interfaces	mapped	0	1	0	0
HGNC:4702	GYPA	P02724	ENSG00000170180	2993	PDB/PDBe: expanded protein interfaces	mapped	0	0	0	1
HGNC:4703	GYPB	P06028	ENSG00000250361	2994	PDB/PDBe: expanded protein interfaces	mapped	0	0	0	0
HGNC:4704	GYPC	P04921	ENSG00000136732	2995	PDB/PDBe: expanded protein interfaces	mapped	0	0	0	0
HGNC:471	AMPH	P49418	ENSG00000078053	273	PDB/PDBe: expanded protein interfaces	mapped	0	0	0	0
HGNC:483	ANG	P03950	ENSG00000214274	283	PDB/PDBe: expanded protein interfaces	mapped	0	0	0	0
HGNC:4840	HCK	P08631	ENSG00000101336	3055	PDB/PDBe: expanded protein interfaces	mapped	0	0	0	0
HGNC:4845	HCN1	O60741	ENSG00000164588	348980	PDB/PDBe: expanded protein interfaces	mapped	0	0	0	0
HGNC:4846	HCN2	Q9UL51	ENSG00000099822	610	PDB/PDBe: expanded protein interfaces	mapped	0	0	0	0
HGNC:4849	HCRTR2	O43614	ENSG00000137252	3062	PDB/PDBe: expanded protein interfaces	mapped	1	0	0	0
HGNC:4886	HFE	Q30201	ENSG00000010704	3077	PDB/PDBe: expanded protein interfaces	mapped	1	0	0	1
HGNC:4887	HJV	Q6ZVN8	ENSG00000168509	148738	PDB/PDBe: expanded protein interfaces	mapped	0	0	0	1
HGNC:4890	CFHR2	P36980	ENSG00000080910	3080	PDB/PDBe: expanded protein interfaces	mapped	0	0	0	0
HGNC:493	ANK2	Q01484	ENSG00000145362	287	PDB/PDBe: expanded protein interfaces	mapped	0	0	0	0
HGNC:4931	HLA-A	P04439	ENSG00000206503	3105	PDB/PDBe: expanded protein interfaces	mapped	0	0	0	1
HGNC:4932	HLA-B	P01889	ENSG00000234745	3106	PDB/PDBe: expanded protein interfaces	mapped	0	0	0	1
HGNC:4933	HLA-C	P10321	ENSG00000204525	3107	PDB/PDBe: expanded protein interfaces	mapped	0	0	0	1
HGNC:4934	HLA-DMA	P28067	ENSG00000204257	3108	PDB/PDBe: expanded protein interfaces	mapped	0	0	0	0
HGNC:4935	HLA-DMB	P28068	ENSG00000242574	3109	PDB/PDBe: expanded protein interfaces	mapped	0	0	0	0
HGNC:4936	HLA-DOA	P06340	ENSG00000204252	3111	PDB/PDBe: expanded protein interfaces	mapped	0	0	0	1
HGNC:4937	HLA-DOB	P13765	ENSG00000241106	3112	PDB/PDBe: expanded protein interfaces	mapped	0	0	0	1
HGNC:4938	HLA-DPA1	P20036	ENSG00000231389	3113	PDB/PDBe: expanded protein interfaces	mapped	0	0	0	1
HGNC:4940	HLA-DPB1	P04440	ENSG00000223865	3115	PDB/PDBe: expanded protein interfaces	mapped	0	0	0	1
HGNC:4942	HLA-DQA1	P01909	ENSG00000196735	3117	PDB/PDBe: expanded protein interfaces	mapped	0	0	0	1
HGNC:4944	HLA-DQB1	P01920	ENSG00000179344	3119	PDB/PDBe: expanded protein interfaces	mapped	0	0	0	1
HGNC:4947	HLA-DRA	P01903	ENSG00000204287	3122	PDB/PDBe: expanded protein interfaces	mapped	0	0	0	1
HGNC:4948	HLA-DRB1	P01911	ENSG00000196126	3123	PDB/PDBe: expanded protein interfaces	mapped	0	0	0	1
HGNC:4951	HLA-DRB3	P79483	ENSG00000196101	3125	PDB/PDBe: expanded protein interfaces	mapped	0	0	0	1
HGNC:4953	HLA-DRB5	Q30154	ENSG00000198502	3127	PDB/PDBe: expanded protein interfaces	mapped	0	0	0	1
HGNC:4962	HLA-E	P13747	ENSG00000204592	3133	PDB/PDBe: expanded protein interfaces	mapped	1	0	0	1
HGNC:4963	HLA-F	P30511	ENSG00000204642	3134	PDB/PDBe: expanded protein interfaces	mapped	1	0	0	1
HGNC:4964	HLA-G	P17693	ENSG00000204632	3135	PDB/PDBe: expanded protein interfaces	mapped	1	1	0	1
HGNC:497	TRPA1	O75762	ENSG00000104321	8989	PDB/PDBe: expanded protein interfaces	mapped	0	0	0	0
HGNC:4975	MR1	Q95460	ENSG00000153029	3140	PDB/PDBe: expanded protein interfaces	mapped	0	0	0	1
HGNC:4983	HMGB1	P09429	ENSG00000189403	3146	PDB/PDBe: expanded protein interfaces	mapped	0	0	0	0
HGNC:500	ANPEP	P15144	ENSG00000166825	290	PDB/PDBe: expanded protein interfaces	mapped	0	0	0	1
HGNC:5182	HRH1	P35367	ENSG00000196639	3269	PDB/PDBe: expanded protein interfaces	mapped	1	0	0	0
HGNC:5183	HRH2	P25021	ENSG00000113749	3274	PDB/PDBe: expanded protein interfaces	mapped	1	0	0	0
HGNC:5184	HRH3	Q9Y5N1	ENSG00000101180	11255	PDB/PDBe: expanded protein interfaces	mapped	1	0	0	1
HGNC:5232	HSPA1A	P0DMV8	ENSG00000204389	3303	PDB/PDBe: expanded protein interfaces	mapped	0	0	0	0
HGNC:5233	HSPA1B	P0DMV9	ENSG00000204388	3304	PDB/PDBe: expanded protein interfaces	mapped	0	0	0	0
HGNC:5238	HSPA5	P11021	ENSG00000044574	3309	PDB/PDBe: expanded protein interfaces	mapped	0	0	0	0
HGNC:5241	HSPA8	P11142	ENSG00000109971	3312	PDB/PDBe: expanded protein interfaces	mapped	0	0	0	0
HGNC:5244	HSPA9	P38646	ENSG00000113013	3313	PDB/PDBe: expanded protein interfaces	mapped	0	0	0	0
HGNC:5253	HSP90AA1	P07900	ENSG00000080824	3320	PDB/PDBe: expanded protein interfaces	mapped	0	0	0	0
HGNC:5258	HSP90AB1	P08238	ENSG00000096384	3326	PDB/PDBe: expanded protein interfaces	mapped	0	0	0	0
HGNC:5261	HSPD1	P10809	ENSG00000144381	3329	PDB/PDBe: expanded protein interfaces	mapped	0	0	0	0
HGNC:5269	HSPE1	P61604	ENSG00000115541	3336	PDB/PDBe: expanded protein interfaces	mapped	0	0	0	0
HGNC:5286	HTR1A	P08908	ENSG00000178394	3350	PDB/PDBe: expanded protein interfaces	mapped	1	0	0	0
HGNC:5287	HTR1B	P28222	ENSG00000135312	3351	PDB/PDBe: expanded protein interfaces	mapped	1	0	0	0
HGNC:5289	HTR1D	P28221	ENSG00000179546	3352	PDB/PDBe: expanded protein interfaces	mapped	1	0	0	0
HGNC:5291	HTR1E	P28566	ENSG00000168830	3354	PDB/PDBe: expanded protein interfaces	mapped	1	0	0	0
HGNC:5292	HTR1F	P30939	ENSG00000179097	3355	PDB/PDBe: expanded protein interfaces	mapped	1	0	0	0
HGNC:5293	HTR2A	P28223	ENSG00000102468	3356	PDB/PDBe: expanded protein interfaces	mapped	1	0	0	0
HGNC:5294	HTR2B	P41595	ENSG00000135914	3357	PDB/PDBe: expanded protein interfaces	mapped	1	0	0	0
HGNC:5299	HTR4	Q13639	ENSG00000164270	3360	PDB/PDBe: expanded protein interfaces	mapped	1	0	0	0
HGNC:5300	HTR5A	P47898	ENSG00000157219	3361	PDB/PDBe: expanded protein interfaces	mapped	1	0	0	0
HGNC:5301	HTR6	P50406	ENSG00000158748	3362	PDB/PDBe: expanded protein interfaces	mapped	1	0	0	0
HGNC:5302	HTR7	P34969	ENSG00000148680	3363	PDB/PDBe: expanded protein interfaces	mapped	1	0	0	0
HGNC:5318	TNC	P24821	ENSG00000041982	3371	PDB/PDBe: expanded protein interfaces	mapped	0	0	0	0
HGNC:533	ANXA1	P04083	ENSG00000135046	301	PDB/PDBe: expanded protein interfaces	mapped	1	0	0	0
HGNC:5344	ICAM1	P05362	ENSG00000090339	3383	PDB/PDBe: expanded protein interfaces	mapped	1	1	0	1
HGNC:5346	ICAM3	P32942	ENSG00000076662	3385	PDB/PDBe: expanded protein interfaces	mapped	1	0	0	1
HGNC:5348	ICAM5	Q9UMF0	ENSG00000105376	7087	PDB/PDBe: expanded protein interfaces	mapped	0	0	0	1
HGNC:5351	ICOS	Q9Y6W8	ENSG00000163600	29851	PDB/PDBe: expanded protein interfaces	mapped	1	1	0	1
HGNC:537	ANXA2	P07355	ENSG00000182718	302	PDB/PDBe: expanded protein interfaces	mapped	0	0	0	0
HGNC:5381	IDE	P14735	ENSG00000119912	3416	PDB/PDBe: expanded protein interfaces	mapped	0	0	0	0
HGNC:5432	IFNAR1	P17181	ENSG00000142166	3454	PDB/PDBe: expanded protein interfaces	mapped	0	1	0	1
HGNC:5433	IFNAR2	P48551	ENSG00000159110	3455	PDB/PDBe: expanded protein interfaces	mapped	0	0	0	1
HGNC:5439	IFNGR1	P15260	ENSG00000027697	3459	PDB/PDBe: expanded protein interfaces	mapped	1	0	0	1
HGNC:5440	IFNGR2	P38484	ENSG00000159128	3460	PDB/PDBe: expanded protein interfaces	mapped	0	0	0	1
HGNC:5465	IGF1R	P08069	ENSG00000140443	3480	PDB/PDBe: expanded protein interfaces	mapped	1	1	0	0
HGNC:5467	IGF2R	P11717	ENSG00000197081	3482	PDB/PDBe: expanded protein interfaces	mapped	0	0	0	0
HGNC:5472	IGFBP3	P17936	ENSG00000146674	3486	PDB/PDBe: expanded protein interfaces	mapped	0	0	0	0
HGNC:5476	IGFBP7	Q16270	ENSG00000163453	3490	PDB/PDBe: expanded protein interfaces	mapped	0	0	0	0
HGNC:564	AP2M1	Q96CW1	ENSG00000161203	1173	PDB/PDBe: expanded protein interfaces	mapped	0	0	0	0
HGNC:583	APC	P25054	ENSG00000134982	324	PDB/PDBe: expanded protein interfaces	mapped	0	0	0	0
HGNC:584	APCS	P02743	ENSG00000132703	325	PDB/PDBe: expanded protein interfaces	mapped	0	0	0	0
HGNC:5870	IGLL1	P15814	ENSG00000128322	3543	PDB/PDBe: expanded protein interfaces	mapped	0	0	0	0
HGNC:59	ABCC8	Q09428	ENSG00000006071	6833	PDB/PDBe: expanded protein interfaces	mapped	0	0	0	0
HGNC:5951	CADM1	Q9BY67	ENSG00000182985	23705	PDB/PDBe: expanded protein interfaces	mapped	1	0	0	1
HGNC:5956	IHH	Q14623	ENSG00000163501	3549	PDB/PDBe: expanded protein interfaces	mapped	1	0	0	0
HGNC:5964	IL10RA	Q13651	ENSG00000110324	3587	PDB/PDBe: expanded protein interfaces	mapped	0	0	0	1
HGNC:5965	IL10RB	Q08334	ENSG00000243646	3588	PDB/PDBe: expanded protein interfaces	mapped	0	0	0	1
HGNC:5967	IL11RA	Q14626	ENSG00000137070	3590	PDB/PDBe: expanded protein interfaces	mapped	0	0	0	1
HGNC:5971	IL12RB1	P42701	ENSG00000096996	3594	PDB/PDBe: expanded protein interfaces	mapped	0	0	0	1
HGNC:5972	IL12RB2	Q99665	ENSG00000081985	3595	PDB/PDBe: expanded protein interfaces	mapped	0	0	0	1
HGNC:5974	IL13RA1	P78552	ENSG00000131724	3597	PDB/PDBe: expanded protein interfaces	mapped	0	1	0	1
HGNC:5975	IL13RA2	Q14627	ENSG00000123496	3598	PDB/PDBe: expanded protein interfaces	mapped	1	0	0	1
HGNC:5977	IL15	P40933	ENSG00000164136	3600	PDB/PDBe: expanded protein interfaces	mapped	0	0	0	0
HGNC:5978	IL15RA	Q13261	ENSG00000134470	3601	PDB/PDBe: expanded protein interfaces	mapped	0	0	0	1
HGNC:598	APLP2	Q06481	ENSG00000084234	334	PDB/PDBe: expanded protein interfaces	mapped	1	0	0	1
HGNC:5985	IL17RA	Q96F46	ENSG00000177663	23765	PDB/PDBe: expanded protein interfaces	mapped	0	1	0	1
HGNC:5988	IL18R1	Q13478	ENSG00000115604	8809	PDB/PDBe: expanded protein interfaces	mapped	0	0	0	1
HGNC:5989	IL18RAP	O95256	ENSG00000115607	8807	PDB/PDBe: expanded protein interfaces	mapped	0	0	0	1
HGNC:5991	IL1A	P01583	ENSG00000115008	3552	PDB/PDBe: expanded protein interfaces	mapped	0	0	0	0
HGNC:5993	IL1R1	P14778	ENSG00000115594	3554	PDB/PDBe: expanded protein interfaces	mapped	0	0	0	1
HGNC:5994	IL1R2	P27930	ENSG00000115590	7850	PDB/PDBe: expanded protein interfaces	mapped	0	0	0	1
HGNC:5995	IL1RAP	Q9NPH3	ENSG00000196083	3556	PDB/PDBe: expanded protein interfaces	mapped	1	1	0	1
HGNC:5996	IL1RAPL1	Q9NZN1	ENSG00000169306	11141	PDB/PDBe: expanded protein interfaces	mapped	1	0	0	1
HGNC:5998	IL1RL1	Q01638	ENSG00000115602	9173	PDB/PDBe: expanded protein interfaces	mapped	0	1	0	1
HGNC:5999	IL1RL2	Q9HB29	ENSG00000115598	8808	PDB/PDBe: expanded protein interfaces	mapped	0	1	0	1
HGNC:6000	IL1RN	P18510	ENSG00000136689	3557	PDB/PDBe: expanded protein interfaces	mapped	0	0	0	0
HGNC:6003	IL20RA	Q9UHF4	ENSG00000016402	53832	PDB/PDBe: expanded protein interfaces	mapped	0	0	0	1
HGNC:6004	IL20RB	Q6UXL0	ENSG00000174564	53833	PDB/PDBe: expanded protein interfaces	mapped	0	0	0	1
HGNC:6006	IL21R	Q9HBE5	ENSG00000103522	50615	PDB/PDBe: expanded protein interfaces	mapped	0	0	0	1
HGNC:6008	IL2RA	P01589	ENSG00000134460	3559	PDB/PDBe: expanded protein interfaces	mapped	0	1	0	1
HGNC:6009	IL2RB	P14784	ENSG00000100385	3560	PDB/PDBe: expanded protein interfaces	mapped	0	0	0	1
HGNC:6010	IL2RG	P31785	ENSG00000147168	3561	PDB/PDBe: expanded protein interfaces	mapped	0	0	0	1
HGNC:6012	IL3RA	P26951	ENSG00000185291	3563	PDB/PDBe: expanded protein interfaces	mapped	0	1	0	1
HGNC:6015	IL4R	P24394	ENSG00000077238	3566	PDB/PDBe: expanded protein interfaces	mapped	0	1	0	1
HGNC:6017	IL5RA	Q01344	ENSG00000091181	3568	PDB/PDBe: expanded protein interfaces	mapped	0	1	0	1
HGNC:6019	IL6R	P08887	ENSG00000160712	3570	PDB/PDBe: expanded protein interfaces	mapped	1	1	0	1
HGNC:6021	IL6ST	P40189	ENSG00000134352	3572	PDB/PDBe: expanded protein interfaces	mapped	1	0	0	1
HGNC:6024	IL7R	P16871	ENSG00000168685	3575	PDB/PDBe: expanded protein interfaces	mapped	0	1	0	1
HGNC:6026	CXCR1	P25024	ENSG00000163464	3577	PDB/PDBe: expanded protein interfaces	mapped	1	0	0	1
HGNC:6027	CXCR2	P25025	ENSG00000180871	3579	PDB/PDBe: expanded protein interfaces	mapped	1	0	0	0
HGNC:6030	IL9R	Q01113	ENSG00000124334	3581	PDB/PDBe: expanded protein interfaces	mapped	0	0	0	1
HGNC:6091	INSR	P06213	ENSG00000171105	3643	PDB/PDBe: expanded protein interfaces	mapped	1	1	0	1
HGNC:6111	IQGAP2	Q13576	ENSG00000145703	10788	PDB/PDBe: expanded protein interfaces	mapped	0	0	0	0
HGNC:6125	IRS1	P35568	ENSG00000169047	3667	PDB/PDBe: expanded protein interfaces	mapped	0	0	0	0
HGNC:613	APOE	P02649	ENSG00000130203	348	PDB/PDBe: expanded protein interfaces	mapped	0	0	0	0
HGNC:6137	ITGA2	P17301	ENSG00000164171	3673	PDB/PDBe: expanded protein interfaces	mapped	0	1	0	1
HGNC:6138	ITGA2B	P08514	ENSG00000005961	3674	PDB/PDBe: expanded protein interfaces	mapped	0	1	0	1
HGNC:6140	ITGA4	P13612	ENSG00000115232	3676	PDB/PDBe: expanded protein interfaces	mapped	0	1	0	1
HGNC:6141	ITGA5	P08648	ENSG00000161638	3678	PDB/PDBe: expanded protein interfaces	mapped	0	0	0	1
HGNC:6142	ITGA6	P23229	ENSG00000091409	3655	PDB/PDBe: expanded protein interfaces	mapped	0	0	0	1
HGNC:6147	ITGAE	P38570	ENSG00000083457	3682	PDB/PDBe: expanded protein interfaces	mapped	0	0	0	1
HGNC:6148	ITGAL	P20701	ENSG00000005844	3683	PDB/PDBe: expanded protein interfaces	mapped	1	1	0	1
HGNC:6149	ITGAM	P11215	ENSG00000169896	3684	PDB/PDBe: expanded protein interfaces	mapped	0	0	0	1
HGNC:6150	ITGAV	P06756	ENSG00000138448	3685	PDB/PDBe: expanded protein interfaces	mapped	0	1	0	1
HGNC:6152	ITGAX	P20702	ENSG00000140678	3687	PDB/PDBe: expanded protein interfaces	mapped	0	0	0	1
HGNC:6153	ITGB1	P05556	ENSG00000150093	3688	PDB/PDBe: expanded protein interfaces	mapped	0	0	0	1
HGNC:6155	ITGB2	P05107	ENSG00000160255	3689	PDB/PDBe: expanded protein interfaces	mapped	0	1	0	1
HGNC:6156	ITGB3	P05106	ENSG00000259207	3690	PDB/PDBe: expanded protein interfaces	mapped	0	0	0	1
HGNC:6158	ITGB4	P16144	ENSG00000132470	3691	PDB/PDBe: expanded protein interfaces	mapped	0	0	0	0
HGNC:616	APOH	P02749	ENSG00000091583	350	PDB/PDBe: expanded protein interfaces	mapped	0	0	0	0
HGNC:6160	ITGB5	P18084	ENSG00000082781	3693	PDB/PDBe: expanded protein interfaces	mapped	0	0	0	0
HGNC:6161	ITGB6	P18564	ENSG00000115221	3694	PDB/PDBe: expanded protein interfaces	mapped	0	1	0	1
HGNC:6162	ITGB7	P26010	ENSG00000139626	3695	PDB/PDBe: expanded protein interfaces	mapped	0	0	0	1
HGNC:6163	ITGB8	P26012	ENSG00000105855	3696	PDB/PDBe: expanded protein interfaces	mapped	0	0	0	1
HGNC:6188	JAG1	P78504	ENSG00000101384	182	PDB/PDBe: expanded protein interfaces	mapped	1	0	0	0
HGNC:6193	JAK3	P52333	ENSG00000105639	3718	PDB/PDBe: expanded protein interfaces	mapped	0	0	0	0
HGNC:620	APP	P05067	ENSG00000142192	351	PDB/PDBe: expanded protein interfaces	mapped	1	1	0	1
HGNC:6207	JUP	P14923	ENSG00000173801	3728	PDB/PDBe: expanded protein interfaces	mapped	0	0	0	0
HGNC:6215	KARS1	Q15046	ENSG00000065427	3735	PDB/PDBe: expanded protein interfaces	mapped	0	1	0	0
HGNC:6221	KCNA3	P22001	ENSG00000177272	3738	PDB/PDBe: expanded protein interfaces	mapped	0	0	0	0
HGNC:6238	KCND2	Q9NZV8	ENSG00000184408	3751	PDB/PDBe: expanded protein interfaces	mapped	0	0	0	0
HGNC:6239	KCND3	Q9UK17	ENSG00000171385	3752	PDB/PDBe: expanded protein interfaces	mapped	0	0	0	0
HGNC:6240	KCNE1	P15382	ENSG00000180509	3753	PDB/PDBe: expanded protein interfaces	mapped	0	0	0	0
HGNC:6243	KCNE3	Q9Y6H6	ENSG00000175538	10008	PDB/PDBe: expanded protein interfaces	mapped	0	0	0	0
HGNC:6256	KCNJ10	P78508	ENSG00000177807	3766	PDB/PDBe: expanded protein interfaces	mapped	0	0	0	0
HGNC:6257	KCNJ11	Q14654	ENSG00000187486	3767	PDB/PDBe: expanded protein interfaces	mapped	0	0	0	0
HGNC:6262	KCNJ16	Q9NPI9	ENSG00000153822	3773	PDB/PDBe: expanded protein interfaces	mapped	0	0	0	0
HGNC:6263	KCNJ2	P63252	ENSG00000123700	3759	PDB/PDBe: expanded protein interfaces	mapped	0	0	0	0
HGNC:6265	KCNJ4	P48050	ENSG00000168135	3761	PDB/PDBe: expanded protein interfaces	mapped	0	0	0	0
HGNC:6270	KCNJ9	Q92806	ENSG00000162728	3765	PDB/PDBe: expanded protein interfaces	mapped	0	0	0	0
HGNC:6283	KCNK9	Q9NPC2	ENSG00000169427	51305	PDB/PDBe: expanded protein interfaces	mapped	0	0	0	0
HGNC:6284	KCNMA1	Q12791	ENSG00000156113	3778	PDB/PDBe: expanded protein interfaces	mapped	0	0	0	0
HGNC:6289	KCNMB4	Q86W47	ENSG00000135643	27345	PDB/PDBe: expanded protein interfaces	mapped	0	0	0	1
HGNC:6291	KCNN2	Q9H2S1	ENSG00000080709	3781	PDB/PDBe: expanded protein interfaces	mapped	0	0	0	0
HGNC:6293	KCNN4	O15554	ENSG00000104783	3783	PDB/PDBe: expanded protein interfaces	mapped	0	0	0	0
HGNC:6294	KCNQ1	P51787	ENSG00000053918	3784	PDB/PDBe: expanded protein interfaces	mapped	0	0	0	0
HGNC:6296	KCNQ2	O43526	ENSG00000075043	3785	PDB/PDBe: expanded protein interfaces	mapped	0	0	0	0
HGNC:6297	KCNQ3	O43525	ENSG00000184156	3786	PDB/PDBe: expanded protein interfaces	mapped	0	0	0	0
HGNC:6298	KCNQ4	P56696	ENSG00000117013	9132	PDB/PDBe: expanded protein interfaces	mapped	0	0	0	0
HGNC:6299	KCNQ5	Q9NR82	ENSG00000185760	56479	PDB/PDBe: expanded protein interfaces	mapped	0	0	0	0
HGNC:630	SHROOM2	Q13796	ENSG00000146950	357	PDB/PDBe: expanded protein interfaces	mapped	0	0	0	0
HGNC:6307	KDR	P35968	ENSG00000128052	3791	PDB/PDBe: expanded protein interfaces	mapped	1	1	0	1
HGNC:6329	KIR2DL1	P43626	ENSG00000125498	3802	PDB/PDBe: expanded protein interfaces	mapped	1	0	0	1
HGNC:633	AQP1	P29972	ENSG00000240583	358	PDB/PDBe: expanded protein interfaces	mapped	0	0	0	0
HGNC:6330	KIR2DL2	P43627		3803	PDB/PDBe: expanded protein interfaces	mapped	0	0	0	1
HGNC:6331	KIR2DL3	P43628	ENSG00000243772	3804	PDB/PDBe: expanded protein interfaces	mapped	1	0	0	1
HGNC:6334	KIR2DS2	P43631		100132285	PDB/PDBe: expanded protein interfaces	mapped	0	0	0	1
HGNC:6338	KIR3DL1	P43629	ENSG00000167633	3811	PDB/PDBe: expanded protein interfaces	mapped	1	0	0	1
HGNC:6342	KIT	P10721	ENSG00000157404	3815	PDB/PDBe: expanded protein interfaces	mapped	1	1	0	1
HGNC:6343	KITLG	P21583	ENSG00000049130	4254	PDB/PDBe: expanded protein interfaces	mapped	1	0	0	1
HGNC:6344	KL	Q9UEF7	ENSG00000133116	9365	PDB/PDBe: expanded protein interfaces	mapped	0	0	0	1
HGNC:6364	KLK3	P07288	ENSG00000142515	354	PDB/PDBe: expanded protein interfaces	mapped	0	0	0	0
HGNC:6367	KLK6	Q92876	ENSG00000167755	5653	PDB/PDBe: expanded protein interfaces	mapped	0	0	0	0
HGNC:6374	KLRC1	P26715	ENSG00000134545	3821	PDB/PDBe: expanded protein interfaces	mapped	1	1	0	1
HGNC:6375	KLRC2	P26717	ENSG00000205809	3822	PDB/PDBe: expanded protein interfaces	mapped	1	0	0	0
HGNC:6378	KLRD1	Q13241	ENSG00000134539	3824	PDB/PDBe: expanded protein interfaces	mapped	0	1	0	1
HGNC:6380	KLRG1	Q96E93	ENSG00000139187	10219	PDB/PDBe: expanded protein interfaces	mapped	1	1	0	1
HGNC:6383	KNG1	P01042	ENSG00000113889	3827	PDB/PDBe: expanded protein interfaces	mapped	0	0	0	0
HGNC:6412	KRT1	P04264	ENSG00000167768	3848	PDB/PDBe: expanded protein interfaces	mapped	0	0	0	0
HGNC:6413	KRT10	P13645	ENSG00000186395	3858	PDB/PDBe: expanded protein interfaces	mapped	0	0	0	0
HGNC:6465	KSR1	Q8IVT5	ENSG00000141068	8844	PDB/PDBe: expanded protein interfaces	mapped	0	0	0	0
HGNC:6476	LAG3	P18627	ENSG00000089692	3902	PDB/PDBe: expanded protein interfaces	mapped	1	1	0	1
HGNC:6477	LAIR1	Q6GTX8	ENSG00000167613	3903	PDB/PDBe: expanded protein interfaces	mapped	1	0	0	1
HGNC:6499	LAMP1	P11279	ENSG00000185896	3916	PDB/PDBe: expanded protein interfaces	mapped	0	0	0	0
HGNC:6502	RPSA	P08865	ENSG00000168028	3921	PDB/PDBe: expanded protein interfaces	mapped	0	0	0	0
HGNC:6528	LCP1	P13796	ENSG00000136167	3936	PDB/PDBe: expanded protein interfaces	mapped	0	0	0	0
HGNC:6547	LDLR	P01130	ENSG00000130164	3949	PDB/PDBe: expanded protein interfaces	mapped	0	0	0	1
HGNC:6554	LEPR	P48357	ENSG00000116678	3953	PDB/PDBe: expanded protein interfaces	mapped	1	1	0	1
HGNC:6569	LGALS8	O00214	ENSG00000116977	3964	PDB/PDBe: expanded protein interfaces	mapped	0	0	0	0
HGNC:6572	LGI1	O95970	ENSG00000108231	9211	PDB/PDBe: expanded protein interfaces	mapped	0	0	0	0
HGNC:6585	LHCGR	P22888	ENSG00000138039	3973	PDB/PDBe: expanded protein interfaces	mapped	1	0	0	1
HGNC:6597	LIFR	P42702	ENSG00000113594	3977	PDB/PDBe: expanded protein interfaces	mapped	0	0	0	1
HGNC:6605	LILRB1	Q8NHL6	ENSG00000104972	10859	PDB/PDBe: expanded protein interfaces	mapped	1	0	0	1
HGNC:6606	LILRB2	Q8N423	ENSG00000131042	10288	PDB/PDBe: expanded protein interfaces	mapped	1	1	0	1
HGNC:6656	LNPEP	Q9UIQ6	ENSG00000113441	4012	PDB/PDBe: expanded protein interfaces	mapped	0	0	0	0
HGNC:6657	LNX1	Q8TBB1	ENSG00000072201	84708	PDB/PDBe: expanded protein interfaces	mapped	0	0	0	0
HGNC:667	RHOA	P61586	ENSG00000067560	387	PDB/PDBe: expanded protein interfaces	mapped	0	0	0	0
HGNC:6677	LPL	P06858	ENSG00000175445	4023	PDB/PDBe: expanded protein interfaces	mapped	0	0	0	0
HGNC:6692	LRP1	Q07954	ENSG00000123384	4035	PDB/PDBe: expanded protein interfaces	mapped	0	0	0	1
HGNC:6694	LRP2	P98164	ENSG00000081479	4036	PDB/PDBe: expanded protein interfaces	mapped	0	0	0	1
HGNC:6696	LRP4	O75096	ENSG00000134569	4038	PDB/PDBe: expanded protein interfaces	mapped	0	0	0	1
HGNC:6698	LRP6	O75581	ENSG00000070018	4040	PDB/PDBe: expanded protein interfaces	mapped	1	0	0	1
HGNC:6700	LRP8	Q14114	ENSG00000157193	7804	PDB/PDBe: expanded protein interfaces	mapped	1	0	0	1
HGNC:6709	LTA	P01374	ENSG00000226979	4049	PDB/PDBe: expanded protein interfaces	mapped	0	0	0	0
HGNC:6711	LTB	Q06643	ENSG00000227507	4050	PDB/PDBe: expanded protein interfaces	mapped	1	0	0	1
HGNC:6713	LTB4R	Q15722	ENSG00000213903	1241	PDB/PDBe: expanded protein interfaces	mapped	1	0	0	0
HGNC:6714	LTBP1	Q14766	ENSG00000049323	4052	PDB/PDBe: expanded protein interfaces	mapped	0	0	0	0
HGNC:6718	LTBR	P36941	ENSG00000111321	4055	PDB/PDBe: expanded protein interfaces	mapped	1	0	0	1
HGNC:6720	LTF	P02788	ENSG00000012223	4057	PDB/PDBe: expanded protein interfaces	mapped	0	0	0	0
HGNC:6721	LTK	P29376	ENSG00000062524	4058	PDB/PDBe: expanded protein interfaces	mapped	0	0	0	1
HGNC:6726	CD180	Q99467	ENSG00000134061	4064	PDB/PDBe: expanded protein interfaces	mapped	0	0	0	1
HGNC:6735	LYN	P07948	ENSG00000254087	4067	PDB/PDBe: expanded protein interfaces	mapped	0	0	0	0
HGNC:6743	CAPRIN1	Q14444	ENSG00000135387	4076	PDB/PDBe: expanded protein interfaces	mapped	0	0	0	0
HGNC:6752	M6PR	P20645	ENSG00000003056	4074	PDB/PDBe: expanded protein interfaces	mapped	0	0	0	0
HGNC:6759	MARCKS	P29966	ENSG00000277443	4082	PDB/PDBe: expanded protein interfaces	mapped	0	0	0	0
HGNC:6765	MADCAM1	Q13477	ENSG00000099866	8174	PDB/PDBe: expanded protein interfaces	mapped	1	1	0	1
HGNC:6797	MAGEA10	P43363	ENSG00000124260	4109	PDB/PDBe: expanded protein interfaces	mapped	0	0	0	0
HGNC:6893	MAPT	P10636	ENSG00000186868	4137	PDB/PDBe: expanded protein interfaces	mapped	0	1	0	0
HGNC:6899	MAS1	P04201	ENSG00000130368	4142	PDB/PDBe: expanded protein interfaces	mapped	0	0	0	0
HGNC:6901	MASP1	P48740	ENSG00000127241	5648	PDB/PDBe: expanded protein interfaces	mapped	0	0	0	0
HGNC:6902	MASP2	O00187	ENSG00000009724	10747	PDB/PDBe: expanded protein interfaces	mapped	0	1	0	0
HGNC:6925	MBP	P02686	ENSG00000197971	4155	PDB/PDBe: expanded protein interfaces	mapped	0	0	0	0
HGNC:6929	MC1R	Q01726	ENSG00000258839	4157	PDB/PDBe: expanded protein interfaces	mapped	1	0	0	0
HGNC:6930	MC2R	Q01718	ENSG00000185231	4158	PDB/PDBe: expanded protein interfaces	mapped	1	0	0	0
HGNC:6931	MC3R	P41968	ENSG00000124089	4159	PDB/PDBe: expanded protein interfaces	mapped	1	0	0	0
HGNC:6932	MC4R	P32245	ENSG00000166603	4160	PDB/PDBe: expanded protein interfaces	mapped	1	0	0	0
HGNC:6933	MC5R	P33032	ENSG00000176136	4161	PDB/PDBe: expanded protein interfaces	mapped	1	0	0	0
HGNC:6935	MCC	P23508	ENSG00000171444	4163	PDB/PDBe: expanded protein interfaces	mapped	0	0	0	0
HGNC:6953	CD46	P15529	ENSG00000117335	4179	PDB/PDBe: expanded protein interfaces	mapped	0	0	0	1
HGNC:7015	MEP1A	Q16819	ENSG00000112818	4224	PDB/PDBe: expanded protein interfaces	mapped	0	0	0	1
HGNC:7020	MEP1B	Q16820	ENSG00000141434	4225	PDB/PDBe: expanded protein interfaces	mapped	0	0	0	1
HGNC:7029	MET	P08581	ENSG00000105976	4233	PDB/PDBe: expanded protein interfaces	mapped	1	1	0	1
HGNC:7090	MICA	Q29983	ENSG00000204520	100507436	PDB/PDBe: expanded protein interfaces	mapped	1	1	0	1
HGNC:7091	MICB	Q29980	ENSG00000204516	4277	PDB/PDBe: expanded protein interfaces	mapped	1	1	0	1
HGNC:7098	CXCL9	Q07325	ENSG00000138755	4283	PDB/PDBe: expanded protein interfaces	mapped	0	0	0	0
HGNC:713	ARSA	P15289	ENSG00000100299	410	PDB/PDBe: expanded protein interfaces	mapped	0	0	0	0
HGNC:7160	MMP14	P50281	ENSG00000157227	4323	PDB/PDBe: expanded protein interfaces	mapped	0	0	0	1
HGNC:7166	MMP2	P08253	ENSG00000087245	4313	PDB/PDBe: expanded protein interfaces	mapped	0	0	0	0
HGNC:7217	MPL	P40238	ENSG00000117400	4352	PDB/PDBe: expanded protein interfaces	mapped	1	0	0	1
HGNC:7218	MPO	P05164	ENSG00000005381	4353	PDB/PDBe: expanded protein interfaces	mapped	0	0	0	0
HGNC:7226	MPZL1	O95297	ENSG00000197965	9019	PDB/PDBe: expanded protein interfaces	mapped	1	0	0	0
HGNC:7315	MS4A1	P11836	ENSG00000156738	931	PDB/PDBe: expanded protein interfaces	mapped	0	1	0	1
HGNC:7316	MS4A2	Q01362	ENSG00000149534	2206	PDB/PDBe: expanded protein interfaces	mapped	0	0	0	1
HGNC:7373	MSN	P26038	ENSG00000147065	4478	PDB/PDBe: expanded protein interfaces	mapped	0	0	0	0
HGNC:7381	MST1R	Q04912	ENSG00000164078	4486	PDB/PDBe: expanded protein interfaces	mapped	1	1	0	1
HGNC:7463	MTNR1A	P48039	ENSG00000168412	4543	PDB/PDBe: expanded protein interfaces	mapped	1	0	0	0
HGNC:7464	MTNR1B	P49286	ENSG00000134640	4544	PDB/PDBe: expanded protein interfaces	mapped	1	0	0	0
HGNC:7508	MUC1	P15941	ENSG00000185499	4582	PDB/PDBe: expanded protein interfaces	mapped	0	1	0	1
HGNC:7525	MUSK	O15146	ENSG00000030304	4593	PDB/PDBe: expanded protein interfaces	mapped	0	1	0	1
HGNC:7542	MXRA8	Q9BRK3	ENSG00000162576	54587	PDB/PDBe: expanded protein interfaces	mapped	0	0	0	1
HGNC:757	ASPH	Q12797	ENSG00000198363	444	PDB/PDBe: expanded protein interfaces	mapped	0	0	0	0
HGNC:7579	MYH9	P35579	ENSG00000100345	4627	PDB/PDBe: expanded protein interfaces	mapped	0	0	0	0
HGNC:7590	MYLK	Q15746	ENSG00000065534	4638	PDB/PDBe: expanded protein interfaces	mapped	0	0	0	0
HGNC:7597	MYO1C	O00159	ENSG00000197879	4641	PDB/PDBe: expanded protein interfaces	mapped	0	0	0	0
HGNC:7733	NEDD9	Q14511	ENSG00000111859	4739	PDB/PDBe: expanded protein interfaces	mapped	0	0	0	0
HGNC:7750	NELL1	Q92832	ENSG00000165973	4745	PDB/PDBe: expanded protein interfaces	mapped	0	0	0	0
HGNC:7751	NELL2	Q99435	ENSG00000184613	4753	PDB/PDBe: expanded protein interfaces	mapped	0	0	0	0
HGNC:7754	NEO1	Q92859	ENSG00000067141	4756	PDB/PDBe: expanded protein interfaces	mapped	0	0	0	1
HGNC:7809	NGFR	P08138	ENSG00000064300	4804	PDB/PDBe: expanded protein interfaces	mapped	1	0	0	0
HGNC:7843	NMBR	P28336	ENSG00000135577	4829	PDB/PDBe: expanded protein interfaces	mapped	1	0	0	0
HGNC:7881	NOTCH1	P46531	ENSG00000148400	4851	PDB/PDBe: expanded protein interfaces	mapped	1	1	0	1
HGNC:7883	NOTCH3	Q9UM47	ENSG00000074181	4854	PDB/PDBe: expanded protein interfaces	mapped	1	1	0	0
HGNC:7884	NOTCH4	Q99466	ENSG00000204301	4855	PDB/PDBe: expanded protein interfaces	mapped	1	0	0	0
HGNC:7897	NPC1	O15118	ENSG00000141458	4864	PDB/PDBe: expanded protein interfaces	mapped	0	0	0	0
HGNC:7908	NPHS1	O60500	ENSG00000161270	4868	PDB/PDBe: expanded protein interfaces	mapped	0	0	0	0
HGNC:7943	NPR1	P16066	ENSG00000169418	4881	PDB/PDBe: expanded protein interfaces	mapped	1	1	0	1
HGNC:7945	NPR3	P17342	ENSG00000113389	4883	PDB/PDBe: expanded protein interfaces	mapped	0	0	0	1
HGNC:7956	NPY1R	P25929	ENSG00000164128	4886	PDB/PDBe: expanded protein interfaces	mapped	1	0	0	0
HGNC:7957	NPY2R	P49146	ENSG00000185149	4887	PDB/PDBe: expanded protein interfaces	mapped	1	0	0	0
HGNC:799	ATP1A1	P05023	ENSG00000163399	476	PDB/PDBe: expanded protein interfaces	mapped	0	0	0	0
HGNC:7997	NRG1	Q02297	ENSG00000157168	3084	PDB/PDBe: expanded protein interfaces	mapped	1	0	0	1
HGNC:8004	NRP1	O14786	ENSG00000099250	8829	PDB/PDBe: expanded protein interfaces	mapped	1	1	0	1
HGNC:8005	NRP2	O60462	ENSG00000118257	8828	PDB/PDBe: expanded protein interfaces	mapped	1	0	0	1
HGNC:8008	NRXN1	P58400	ENSG00000179915	9378	PDB/PDBe: expanded protein interfaces	mapped	0	0	0	1
HGNC:8009	NRXN2	P58401	ENSG00000110076	9379	PDB/PDBe: expanded protein interfaces	mapped	1	0	0	0
HGNC:801	ATP1A3	P13637	ENSG00000105409	478	PDB/PDBe: expanded protein interfaces	mapped	0	0	0	0
HGNC:8031	NTRK1	P04629	ENSG00000198400	4914	PDB/PDBe: expanded protein interfaces	mapped	1	0	0	1
HGNC:8032	NTRK2	Q16620	ENSG00000148053	4915	PDB/PDBe: expanded protein interfaces	mapped	1	0	0	1
HGNC:8039	NTSR1	P30989	ENSG00000101188	4923	PDB/PDBe: expanded protein interfaces	mapped	1	0	0	0
HGNC:804	ATP1B1	P05026	ENSG00000143153	481	PDB/PDBe: expanded protein interfaces	mapped	0	0	0	1
HGNC:806	ATP1B3	P54709	ENSG00000069849	483	PDB/PDBe: expanded protein interfaces	mapped	0	0	0	1
HGNC:814	ATP2B1	P20020	ENSG00000070961	490	PDB/PDBe: expanded protein interfaces	mapped	0	0	0	0
HGNC:8153	OPRD1	P41143	ENSG00000116329	4985	PDB/PDBe: expanded protein interfaces	mapped	1	0	0	0
HGNC:8154	OPRK1	P41145	ENSG00000082556	4986	PDB/PDBe: expanded protein interfaces	mapped	1	0	0	1
HGNC:8155	OPRL1	P41146	ENSG00000125510	4987	PDB/PDBe: expanded protein interfaces	mapped	1	0	0	0
HGNC:8156	OPRM1	P35372	ENSG00000112038	4988	PDB/PDBe: expanded protein interfaces	mapped	1	0	0	0
HGNC:817	ATP2B4	P23634	ENSG00000058668	493	PDB/PDBe: expanded protein interfaces	mapped	0	0	0	0
HGNC:830	ATP5F1B	P06576	ENSG00000110955	506	PDB/PDBe: expanded protein interfaces	mapped	0	0	0	0
HGNC:847	ATP5PF	P18859	ENSG00000154723	522	PDB/PDBe: expanded protein interfaces	mapped	0	0	0	0
HGNC:8507	OSMR	Q99650	ENSG00000145623	9180	PDB/PDBe: expanded protein interfaces	mapped	0	1	0	1
HGNC:8529	OXTR	P30559	ENSG00000180914	5021	PDB/PDBe: expanded protein interfaces	mapped	1	0	0	0
HGNC:8534	P2RX3	P56373	ENSG00000109991	5024	PDB/PDBe: expanded protein interfaces	mapped	0	0	0	0
HGNC:8539	P2RY1	P47900	ENSG00000169860	5028	PDB/PDBe: expanded protein interfaces	mapped	0	0	0	0
HGNC:854	ATP6V1B2	P21281	ENSG00000147416	526	PDB/PDBe: expanded protein interfaces	mapped	0	0	0	0
HGNC:8541	P2RY2	P41231	ENSG00000175591	5029	PDB/PDBe: expanded protein interfaces	mapped	0	0	0	0
HGNC:8542	P2RY4	P51582	ENSG00000186912	5030	PDB/PDBe: expanded protein interfaces	mapped	0	0	0	0
HGNC:8548	P4HB	P07237	ENSG00000185624	5034	PDB/PDBe: expanded protein interfaces	mapped	1	0	0	0
HGNC:8568	FURIN	P09958	ENSG00000140564	5045	PDB/PDBe: expanded protein interfaces	mapped	0	0	0	0
HGNC:857	ATP6V1E1	P36543	ENSG00000131100	529	PDB/PDBe: expanded protein interfaces	mapped	0	0	0	0
HGNC:8583	SERPINE1	P05121	ENSG00000106366	5054	PDB/PDBe: expanded protein interfaces	mapped	0	0	0	0
HGNC:8599	PANX1	Q96RD7	ENSG00000110218	24145	PDB/PDBe: expanded protein interfaces	mapped	0	0	0	0
HGNC:8600	PANX2	Q96RD6	ENSG00000073150	56666	PDB/PDBe: expanded protein interfaces	mapped	0	0	0	0
HGNC:8602	PAPPA	Q13219	ENSG00000182752	5069	PDB/PDBe: expanded protein interfaces	mapped	0	0	0	0
HGNC:8614	PAWR	Q96IZ0	ENSG00000177425	5074	PDB/PDBe: expanded protein interfaces	mapped	0	0	0	0
HGNC:8655	PCDH1	Q08174	ENSG00000156453	5097	PDB/PDBe: expanded protein interfaces	mapped	0	0	0	1
HGNC:866	ATP6V0A4	Q9HBG4	ENSG00000105929	50617	PDB/PDBe: expanded protein interfaces	mapped	0	0	0	0
HGNC:868	ATP6AP1	Q15904	ENSG00000071553	537	PDB/PDBe: expanded protein interfaces	mapped	0	0	0	0
HGNC:869	ATP7A	Q04656	ENSG00000165240	538	PDB/PDBe: expanded protein interfaces	mapped	0	0	0	0
HGNC:871	ATP5IF1	Q9UII2	ENSG00000130770	93974	PDB/PDBe: expanded protein interfaces	mapped	0	0	0	0
HGNC:8749	CDK16	Q00536	ENSG00000102225	5127	PDB/PDBe: expanded protein interfaces	mapped	0	0	0	0
HGNC:8760	PDCD1	Q15116	ENSG00000188389	5133	PDB/PDBe: expanded protein interfaces	mapped	1	1	0	1
HGNC:8800	PDGFB	P01127	ENSG00000100311	5155	PDB/PDBe: expanded protein interfaces	mapped	0	0	0	0
HGNC:8803	PDGFRA	P16234	ENSG00000134853	5156	PDB/PDBe: expanded protein interfaces	mapped	1	1	0	1
HGNC:8804	PDGFRB	P09619	ENSG00000113721	5159	PDB/PDBe: expanded protein interfaces	mapped	1	1	0	1
HGNC:8864	CFP	P27918	ENSG00000126759	5199	PDB/PDBe: expanded protein interfaces	mapped	0	0	0	0
HGNC:8912	PHB1	P35232	ENSG00000167085	5245	PDB/PDBe: expanded protein interfaces	mapped	0	0	0	0
HGNC:8947	PI3	P19957	ENSG00000124102	5266	PDB/PDBe: expanded protein interfaces	mapped	0	0	0	0
HGNC:8951	SERPINE2	P07093	ENSG00000135919	5270	PDB/PDBe: expanded protein interfaces	mapped	0	0	0	0
HGNC:8968	PIGR	P01833	ENSG00000162896	5284	PDB/PDBe: expanded protein interfaces	mapped	1	0	0	1
HGNC:897	AVPR2	P30518	ENSG00000126895	554	PDB/PDBe: expanded protein interfaces	mapped	1	0	0	0
HGNC:8993	PIP	P12273	ENSG00000159763	5304	PDB/PDBe: expanded protein interfaces	mapped	0	0	0	0
HGNC:9008	PKD1	P98161	ENSG00000008710	5310	PDB/PDBe: expanded protein interfaces	mapped	0	0	0	0
HGNC:9009	PKD2	Q13563	ENSG00000118762	5311	PDB/PDBe: expanded protein interfaces	mapped	0	0	0	0
HGNC:905	AXL	P30530	ENSG00000167601	558	PDB/PDBe: expanded protein interfaces	mapped	1	1	0	1
HGNC:9051	PLAT	P00750	ENSG00000104368	5327	PDB/PDBe: expanded protein interfaces	mapped	0	0	0	0
HGNC:9052	PLAU	P00749	ENSG00000122861	5328	PDB/PDBe: expanded protein interfaces	mapped	0	0	0	0
HGNC:9053	PLAUR	Q03405	ENSG00000011422	5329	PDB/PDBe: expanded protein interfaces	mapped	1	0	0	0
HGNC:9065	PLCG1	P19174	ENSG00000124181	5335	PDB/PDBe: expanded protein interfaces	mapped	0	0	0	0
HGNC:9069	PLEC	Q15149	ENSG00000178209	5339	PDB/PDBe: expanded protein interfaces	mapped	0	0	0	0
HGNC:9086	PLP1	P60201	ENSG00000123560	5354	PDB/PDBe: expanded protein interfaces	mapped	0	0	0	1
HGNC:9092	PLSCR1	O15162	ENSG00000188313	5359	PDB/PDBe: expanded protein interfaces	mapped	0	0	0	0
HGNC:9099	PLXNA1	Q9UIW2	ENSG00000114554	5361	PDB/PDBe: expanded protein interfaces	mapped	0	0	0	1
HGNC:9100	PLXNA2	O75051	ENSG00000076356	5362	PDB/PDBe: expanded protein interfaces	mapped	0	0	0	0
HGNC:9103	PLXNB1	O43157	ENSG00000164050	5364	PDB/PDBe: expanded protein interfaces	mapped	1	0	0	1
HGNC:9104	PLXNB2	O15031	ENSG00000196576	23654	PDB/PDBe: expanded protein interfaces	mapped	1	0	0	1
HGNC:9106	PLXNC1	O60486	ENSG00000136040	10154	PDB/PDBe: expanded protein interfaces	mapped	1	0	0	1
HGNC:914	B2M	P61769	ENSG00000166710	567	PDB/PDBe: expanded protein interfaces	mapped	0	0	0	0
HGNC:924	B4GALT1	P15291	ENSG00000086062	2683	PDB/PDBe: expanded protein interfaces	mapped	0	0	0	0
HGNC:9253	PPIA	P62937	ENSG00000196262	5478	PDB/PDBe: expanded protein interfaces	mapped	1	0	0	0
HGNC:9255	PPIB	P23284	ENSG00000166794	5479	PDB/PDBe: expanded protein interfaces	mapped	0	0	0	0
HGNC:9329	NPY4R	P50391	ENSG00000204174	5540	PDB/PDBe: expanded protein interfaces	mapped	1	0	0	0
HGNC:933	BACE1	P56817	ENSG00000186318	23621	PDB/PDBe: expanded protein interfaces	mapped	0	0	0	0
HGNC:9352	PRDX1	Q06830	ENSG00000117450	5052	PDB/PDBe: expanded protein interfaces	mapped	0	0	0	0
HGNC:9405	PKN1	Q16512	ENSG00000123143	5585	PDB/PDBe: expanded protein interfaces	mapped	0	0	0	0
HGNC:9406	PKN2	Q16513	ENSG00000065243	5586	PDB/PDBe: expanded protein interfaces	mapped	0	0	0	0
HGNC:9446	PRLR	P16471	ENSG00000113494	5618	PDB/PDBe: expanded protein interfaces	mapped	1	1	0	1
HGNC:9449	PRNP	P04156	ENSG00000171867	5621	PDB/PDBe: expanded protein interfaces	mapped	0	0	0	1
HGNC:945	ADGRB3	O60242	ENSG00000135298	577	PDB/PDBe: expanded protein interfaces	mapped	1	0	0	1
HGNC:9452	PROCR	Q9UNN8	ENSG00000101000	10544	PDB/PDBe: expanded protein interfaces	mapped	1	0	0	1
HGNC:947	BAIAP2	Q9UQB8	ENSG00000175866	10458	PDB/PDBe: expanded protein interfaces	mapped	0	0	0	0
HGNC:9472	LGMN	Q99538	ENSG00000100600	5641	PDB/PDBe: expanded protein interfaces	mapped	0	0	0	0
HGNC:9476	HTRA1	Q92743	ENSG00000166033	5654	PDB/PDBe: expanded protein interfaces	mapped	0	1	0	0
HGNC:9490	TMPRSS15	P98073	ENSG00000154646	5651	PDB/PDBe: expanded protein interfaces	mapped	0	0	0	1
HGNC:9495	PRTN3	P24158	ENSG00000196415	5657	PDB/PDBe: expanded protein interfaces	mapped	0	0	0	0
HGNC:9498	PSAP	P07602	ENSG00000197746	5660	PDB/PDBe: expanded protein interfaces	mapped	0	0	0	0
HGNC:9508	PSEN1	P49768	ENSG00000080815	5663	PDB/PDBe: expanded protein interfaces	mapped	0	0	0	0
HGNC:9509	PSEN2	P49810	ENSG00000143801	5664	PDB/PDBe: expanded protein interfaces	mapped	0	0	0	0
HGNC:9522	PSG5	Q15238	ENSG00000204941	5673	PDB/PDBe: expanded protein interfaces	mapped	0	0	0	0
HGNC:9582	PTAFR	P25105	ENSG00000169403	5724	PDB/PDBe: expanded protein interfaces	mapped	0	0	0	0
HGNC:9585	PTCH1	Q13635	ENSG00000185920	5727	PDB/PDBe: expanded protein interfaces	mapped	0	0	0	1
HGNC:9591	PTGDR	Q13258	ENSG00000168229	5729	PDB/PDBe: expanded protein interfaces	mapped	1	0	0	0
HGNC:9593	PTGER1	P34995	ENSG00000160951	5731	PDB/PDBe: expanded protein interfaces	mapped	1	0	0	0
HGNC:9594	PTGER2	P43116	ENSG00000125384	5732	PDB/PDBe: expanded protein interfaces	mapped	1	0	0	0
HGNC:9595	PTGER3	P43115	ENSG00000050628	5733	PDB/PDBe: expanded protein interfaces	mapped	1	0	0	0
HGNC:9596	PTGER4	P35408	ENSG00000171522	5734	PDB/PDBe: expanded protein interfaces	mapped	1	0	0	0
HGNC:9600	PTGFR	P43088	ENSG00000122420	5737	PDB/PDBe: expanded protein interfaces	mapped	1	0	0	0
HGNC:9602	PTGIR	P43119	ENSG00000160013	5739	PDB/PDBe: expanded protein interfaces	mapped	1	0	0	0
HGNC:9608	PTH1R	Q03431	ENSG00000160801	5745	PDB/PDBe: expanded protein interfaces	mapped	1	0	0	1
HGNC:9609	PTH2R	P49190	ENSG00000144407	5746	PDB/PDBe: expanded protein interfaces	mapped	1	0	0	0
HGNC:9612	PTK2B	Q14289	ENSG00000120899	2185	PDB/PDBe: expanded protein interfaces	mapped	0	0	0	0
HGNC:9636	PTP4A3	O75365	ENSG00000184489	11156	PDB/PDBe: expanded protein interfaces	mapped	0	0	0	0
HGNC:9652	PTPN22	Q9Y2R2	ENSG00000134242	26191	PDB/PDBe: expanded protein interfaces	mapped	0	0	0	0
HGNC:9656	PTPN4	P29074	ENSG00000088179	5775	PDB/PDBe: expanded protein interfaces	mapped	0	0	0	0
HGNC:9662	SIRPA	P78324	ENSG00000198053	140885	PDB/PDBe: expanded protein interfaces	mapped	1	1	0	1
HGNC:9666	PTPRC	P08575	ENSG00000081237	5788	PDB/PDBe: expanded protein interfaces	mapped	1	1	0	1
HGNC:9668	PTPRD	P23468	ENSG00000153707	5789	PDB/PDBe: expanded protein interfaces	mapped	1	0	0	1
HGNC:9670	PTPRF	P10586	ENSG00000142949	5792	PDB/PDBe: expanded protein interfaces	mapped	1	0	0	0
HGNC:9671	PTPRG	P23470	ENSG00000144724	5793	PDB/PDBe: expanded protein interfaces	mapped	0	0	0	1
HGNC:9705	PVR	P15151	ENSG00000073008	5817	PDB/PDBe: expanded protein interfaces	mapped	1	0	0	1
HGNC:9706	NECTIN1	Q15223	ENSG00000110400	5818	PDB/PDBe: expanded protein interfaces	mapped	1	0	0	1
HGNC:9707	NECTIN2	Q92692	ENSG00000130202	5819	PDB/PDBe: expanded protein interfaces	mapped	1	0	0	1
HGNC:9839	RALA	P11233	ENSG00000006451	5898	PDB/PDBe: expanded protein interfaces	mapped	0	0	0	0
HGNC:9841	RALBP1	Q15311	ENSG00000017797	10928	PDB/PDBe: expanded protein interfaces	mapped	0	0	0	0
HGNC:9843	RAMP1	O60894	ENSG00000132329	10267	PDB/PDBe: expanded protein interfaces	mapped	0	0	0	1
HGNC:9844	RAMP2	O60895	ENSG00000131477	10266	PDB/PDBe: expanded protein interfaces	mapped	0	0	0	1
HGNC:9845	RAMP3	O60896	ENSG00000122679	10268	PDB/PDBe: expanded protein interfaces	mapped	1	0	0	1
HGNC:9869	PLAAT4	Q9UL19	ENSG00000133321	5920	PDB/PDBe: expanded protein interfaces	mapped	0	0	0	0
HGNC:9936	OPN1LW	P04000	ENSG00000102076	5956	PDB/PDBe: expanded protein interfaces	mapped	0	0	0	0
HGNC:9942	PRPH2	P23942	ENSG00000112619	5961	PDB/PDBe: expanded protein interfaces	mapped	0	0	0	0
HGNC:9944	RDX	P35241	ENSG00000137710	5962	PDB/PDBe: expanded protein interfaces	mapped	0	0	0	0
HGNC:9958	REN	P00797	ENSG00000143839	5972	PDB/PDBe: expanded protein interfaces	mapped	0	0	0	0
HGNC:9967	RET	P07949	ENSG00000165731	5979	PDB/PDBe: expanded protein interfaces	mapped	0	0	0	1
HGNC:10019	RIPK1	Q13546	ENSG00000137275	8737	IntAct: binding regions	region	0	0	0	0
HGNC:101	ASIC3	Q9UHC3	ENSG00000213199	9311	IntAct: binding regions	region	0	0	0	0
HGNC:102	CNNM1	Q9NRU3	ENSG00000119946	26507	IntAct: binding regions	region	0	0	0	0
HGNC:10249	ROBO1	Q9Y6N7	ENSG00000169855	6091	IntAct: binding regions	region	1	0	0	1
HGNC:10256	ROR1	Q01973	ENSG00000185483	4919	IntAct: binding regions	region	1	1	0	1
HGNC:10261	ROS1	P08922	ENSG00000047936	6098	IntAct: binding regions	region	0	0	0	0
HGNC:10274	RP2	O75695	ENSG00000102218	6102	IntAct: binding regions	region	0	0	0	0
HGNC:10331	RPL29	P47914	ENSG00000162244	6159	IntAct: binding regions	region	0	0	0	0
HGNC:1037	CFB	P00751	ENSG00000243649	629	IntAct: binding regions	region	0	1	0	0
HGNC:10371	RPLP0	P05388	ENSG00000089157	6175	IntAct: binding regions	region	0	0	0	0
HGNC:10377	RPLP2	P05387	ENSG00000177600	6181	IntAct: binding regions	region	0	0	0	0
HGNC:10420	RPS3	P23396	ENSG00000149273	6188	IntAct: binding regions	region	0	0	0	0
HGNC:1044	BGN	P21810	ENSG00000182492	633	IntAct: binding regions	region	0	0	0	0
HGNC:10469	RTN3	O95197	ENSG00000133318	10313	IntAct: binding regions	region	0	0	0	0
HGNC:10487	S100A10	P60903	ENSG00000197747	6281	IntAct: binding regions	region	0	0	0	0
HGNC:10494	S100A4	P26447	ENSG00000196154	6275	IntAct: binding regions	region	0	0	0	0
HGNC:10564	SCAMP2	O15127	ENSG00000140497	10066	IntAct: binding regions	region	0	0	0	0
HGNC:10565	SCAMP3	O14828	ENSG00000116521	10067	IntAct: binding regions	region	0	0	0	0
HGNC:10575	SCG2	P13521	ENSG00000171951	7857	IntAct: binding regions	region	0	0	0	0
HGNC:10582	SCN10A	Q9Y5Y9	ENSG00000185313	6336	IntAct: binding regions	region	0	0	0	0
HGNC:10585	SCN1A	P35498	ENSG00000144285	6323	IntAct: binding regions	region	0	0	0	0
HGNC:10588	SCN2A	Q99250	ENSG00000136531	6326	IntAct: binding regions	region	0	0	0	0
HGNC:10589	SCN2B	O60939	ENSG00000149575	6327	IntAct: binding regions	region	0	0	0	0
HGNC:10591	SCN4A	P35499	ENSG00000007314	6329	IntAct: binding regions	region	0	0	0	0
HGNC:10592	SCN4B	Q8IWT1	ENSG00000177098	6330	IntAct: binding regions	region	0	0	0	0
HGNC:10593	SCN5A	Q14524	ENSG00000183873	6331	IntAct: binding regions	region	0	0	0	0
HGNC:10596	SCN8A	Q9UQD0	ENSG00000196876	6334	IntAct: binding regions	region	0	0	0	0
HGNC:10597	SCN9A	Q15858	ENSG00000169432	6335	IntAct: binding regions	region	0	0	0	0
HGNC:10599	SCNN1A	P37088	ENSG00000111319	6337	IntAct: binding regions	region	0	0	0	0
HGNC:10600	SCNN1B	P51168	ENSG00000168447	6338	IntAct: binding regions	region	0	0	0	0
HGNC:10601	SCNN1D	P51172	ENSG00000162572	6339	IntAct: binding regions	region	0	0	0	0
HGNC:10632	CCL5	P13501	ENSG00000271503	6352	IntAct: binding regions	region	0	0	0	0
HGNC:10647	CX3CL1	P78423	ENSG00000006210	6376	IntAct: binding regions	region	1	1	0	1
HGNC:10658	SDC1	P18827	ENSG00000115884	6382	IntAct: binding regions	region	1	1	0	0
HGNC:10659	SDC2	P34741	ENSG00000169439	6383	IntAct: binding regions	region	1	0	0	0
HGNC:10660	SDC3	O75056	ENSG00000162512	9672	IntAct: binding regions	region	0	0	0	0
HGNC:10661	SDC4	P31431	ENSG00000124145	6385	IntAct: binding regions	region	0	0	0	1
HGNC:10690	CAVIN2	O95810	ENSG00000168497	8436	IntAct: binding regions	region	0	0	0	0
HGNC:10718	SELE	P16581	ENSG00000007908	6401	IntAct: binding regions	region	1	0	0	0
HGNC:10721	SELP	P16109	ENSG00000174175	6403	IntAct: binding regions	region	1	1	0	1
HGNC:10731	SEMA4C	Q9C0C4	ENSG00000168758	54910	IntAct: binding regions	region	0	0	0	0
HGNC:10732	SEMA4D	Q92854	ENSG00000187764	10507	IntAct: binding regions	region	1	1	0	1
HGNC:10734	SEMA4F	O95754	ENSG00000135622	10505	IntAct: binding regions	region	0	0	0	0
HGNC:10735	SEMA4G	Q9NTN9	ENSG00000095539	57715	IntAct: binding regions	region	1	0	0	1
HGNC:1076	BMPR1A	P36894	ENSG00000107779	657	IntAct: binding regions	region	1	0	0	1
HGNC:10763	SEZ6L	Q9BYH1	ENSG00000100095	23544	IntAct: binding regions	region	0	0	0	0
HGNC:1077	BMPR1B	O00238	ENSG00000138696	658	IntAct: binding regions	region	0	0	0	1
HGNC:1078	BMPR2	Q13873	ENSG00000204217	659	IntAct: binding regions	region	0	0	0	1
HGNC:1079	BMX	P51813	ENSG00000102010	660	IntAct: binding regions	region	0	0	0	0
HGNC:10805	SGCA	Q16586	ENSG00000108823	6442	IntAct: binding regions	region	0	0	0	0
HGNC:10806	SGCB	Q16585	ENSG00000163069	6443	IntAct: binding regions	region	0	0	0	0
HGNC:10807	SGCD	Q92629	ENSG00000170624	6444	IntAct: binding regions	region	0	0	0	0
HGNC:10808	SGCE	O43556	ENSG00000127990	8910	IntAct: binding regions	region	0	0	0	0
HGNC:10809	SGCG	Q13326	ENSG00000102683	6445	IntAct: binding regions	region	0	0	0	0
HGNC:10848	SHH	Q15465	ENSG00000164690	6469	IntAct: binding regions	region	1	0	0	0
HGNC:10874	SIGLEC5	O15389	ENSG00000105501	8778	IntAct: binding regions	region	0	0	0	1
HGNC:10875	SIGLEC6	O43699	ENSG00000105492	946	IntAct: binding regions	region	0	0	0	1
HGNC:10876	SIGLEC7	Q9Y286	ENSG00000168995	27036	IntAct: binding regions	region	0	0	0	1
HGNC:10877	SIGLEC8	Q9NYZ4	ENSG00000105366	27181	IntAct: binding regions	region	0	1	0	1
HGNC:10878	SIGLEC9	Q9Y336	ENSG00000129450	27180	IntAct: binding regions	region	0	0	0	1
HGNC:10903	SLAMF1	Q13291	ENSG00000117090	6504	IntAct: binding regions	region	0	0	0	1
HGNC:10910	SLC12A1	Q13621	ENSG00000074803	6557	IntAct: binding regions	region	0	0	0	0
HGNC:10914	SLC12A6	Q9UHW9	ENSG00000140199	9990	IntAct: binding regions	region	0	0	0	0
HGNC:10918	SLC14A1	Q13336	ENSG00000141469	6563	IntAct: binding regions	region	0	0	0	0
HGNC:10921	SLC15A2	Q16348	ENSG00000163406	6565	IntAct: binding regions	region	0	0	0	0
HGNC:10922	SLC16A1	P53985	ENSG00000155380	6566	IntAct: binding regions	region	0	0	0	0
HGNC:10924	SLC16A3	O15427	ENSG00000141526	9123	IntAct: binding regions	region	0	0	0	0
HGNC:10928	SLC16A7	O60669	ENSG00000118596	9194	IntAct: binding regions	region	0	0	0	0
HGNC:10929	SLC17A1	Q14916	ENSG00000124568	6568	IntAct: binding regions	region	0	0	0	0
HGNC:10939	SLC1A1	P43005	ENSG00000106688	6505	IntAct: binding regions	region	0	0	0	0
HGNC:10941	SLC1A3	P43003	ENSG00000079215	6507	IntAct: binding regions	region	0	0	0	0
HGNC:10942	SLC1A4	P43007	ENSG00000115902	6509	IntAct: binding regions	region	0	0	0	0
HGNC:10943	SLC1A5	Q15758	ENSG00000105281	6510	IntAct: binding regions	region	1	1	0	0
HGNC:10945	SLC1A7	O00341	ENSG00000162383	6512	IntAct: binding regions	region	0	0	0	0
HGNC:1095	BPI	P17213	ENSG00000101425	671	IntAct: binding regions	region	0	0	0	0
HGNC:10956	SLCO1A2	P46721	ENSG00000084453	6579	IntAct: binding regions	region	0	0	0	0
HGNC:10959	SLCO1B1	Q9Y6L6	ENSG00000134538	10599	IntAct: binding regions	region	0	0	0	0
HGNC:10962	SLCO2B1	O94956	ENSG00000137491	11309	IntAct: binding regions	region	0	0	0	0
HGNC:10967	SLC22A3	O75751	ENSG00000146477	6581	IntAct: binding regions	region	0	0	0	0
HGNC:10974	SLC23A1	Q9UHI7	ENSG00000170482	9963	IntAct: binding regions	region	0	0	0	0
HGNC:10998	SLC27A4	Q6P1M0	ENSG00000167114	10999	IntAct: binding regions	region	0	0	0	0
HGNC:11005	SLC2A1	P11166	ENSG00000117394	6513	IntAct: binding regions	region	0	0	0	0
HGNC:11006	SLC2A2	P11168	ENSG00000163581	6514	IntAct: binding regions	region	0	0	0	0
HGNC:11007	SLC2A3	P11169	ENSG00000059804	6515	IntAct: binding regions	region	0	0	0	0
HGNC:11019	SLC34A1	Q06495	ENSG00000131183	6569	IntAct: binding regions	region	0	0	0	0
HGNC:11027	SLC4A1	P02730	ENSG00000004939	6521	IntAct: binding regions	region	0	0	0	0
HGNC:11029	SLC4A3	P48751	ENSG00000114923	6508	IntAct: binding regions	region	0	0	0	0
HGNC:11030	SLC4A4	Q9Y6R1	ENSG00000080493	8671	IntAct: binding regions	region	0	0	0	1
HGNC:11033	SLC4A7	Q9Y6M7	ENSG00000033867	9497	IntAct: binding regions	region	0	0	0	0
HGNC:11041	SLC5A6	Q9Y289	ENSG00000138074	8884	IntAct: binding regions	region	0	0	0	0
HGNC:11042	SLC6A1	P30531	ENSG00000157103	6529	IntAct: binding regions	region	0	0	0	0
HGNC:11048	SLC6A2	P23975	ENSG00000103546	6530	IntAct: binding regions	region	0	0	0	0
HGNC:11049	SLC6A3	Q01959	ENSG00000142319	6531	IntAct: binding regions	region	0	0	0	0
HGNC:11050	SLC6A4	P31645	ENSG00000108576	6532	IntAct: binding regions	region	0	0	0	0
HGNC:11059	SLC7A11	Q9UPY5	ENSG00000151012	23657	IntAct: binding regions	region	0	0	0	0
HGNC:11068	SLC8A1	P32418	ENSG00000183023	6546	IntAct: binding regions	region	0	0	0	0
HGNC:11071	SLC9A1	P19634	ENSG00000090020	6548	IntAct: binding regions	region	0	0	0	0
HGNC:11073	SLC9A3	P48764	ENSG00000066230	6550	IntAct: binding regions	region	0	0	0	0
HGNC:11075	NHERF1	O14745	ENSG00000109062	9368	IntAct: binding regions	region	0	0	0	0
HGNC:11076	NHERF2	Q15599	ENSG00000065054	9351	IntAct: binding regions	region	0	0	0	0
HGNC:11086	SLIT2	O94813	ENSG00000145147	9353	IntAct: binding regions	region	0	0	0	0
HGNC:11127	SIGLEC1	Q9BZZ2	ENSG00000088827	6614	IntAct: binding regions	region	1	0	0	1
HGNC:11132	SNAP25	P60880	ENSG00000132639	6616	IntAct: binding regions	region	0	0	0	0
HGNC:11138	SNCA	P37840	ENSG00000145335	6622	IntAct: binding regions	region	0	0	0	0
HGNC:11169	SNTB2	Q13425	ENSG00000168807	6645	IntAct: binding regions	region	0	0	0	0
HGNC:11185	SORL1	Q92673	ENSG00000137642	6653	IntAct: binding regions	region	1	0	0	0
HGNC:11186	SORT1	Q99523	ENSG00000134243	6272	IntAct: binding regions	region	1	1	0	1
HGNC:1119	BST2	Q10589	ENSG00000130303	684	IntAct: binding regions	region	1	0	0	1
HGNC:11226	SPG11	Q96JI7	ENSG00000104133	80208	IntAct: binding regions	region	0	0	0	0
HGNC:11283	SRC	P12931	ENSG00000197122	6714	IntAct: binding regions	region	0	0	0	0
HGNC:11309	SRPX	P78539	ENSG00000101955	8406	IntAct: binding regions	region	0	0	0	0
HGNC:11319	ITPRID2	P28290	ENSG00000138434	6744	IntAct: binding regions	region	0	0	0	0
HGNC:11331	SSTR2	P30874	ENSG00000180616	6752	IntAct: binding regions	region	1	1	0	0
HGNC:11332	SSTR3	P32745	ENSG00000278195	6753	IntAct: binding regions	region	1	0	0	0
HGNC:11334	SSTR5	P35346	ENSG00000162009	6755	IntAct: binding regions	region	1	0	0	0
HGNC:11344	ST14	Q9Y5Y6	ENSG00000149418	6768	IntAct: binding regions	region	0	0	0	1
HGNC:11345	RECK	O95980	ENSG00000122707	8434	IntAct: binding regions	region	0	0	0	1
HGNC:1135	BTN1A1	Q13410	ENSG00000124557	696	IntAct: binding regions	region	0	1	0	1
HGNC:1138	BTN3A1	O00481	ENSG00000026950	11119	IntAct: binding regions	region	0	0	0	1
HGNC:11386	STIM1	Q13586	ENSG00000167323	6786	IntAct: binding regions	region	0	0	0	1
HGNC:11387	STIP1	P31948	ENSG00000168439	10963	IntAct: binding regions	region	0	0	0	0
HGNC:1139	BTN3A2	P78410	ENSG00000186470	11118	IntAct: binding regions	region	0	0	0	1
HGNC:11393	AURKA	O14965	ENSG00000087586	6790	IntAct: binding regions	region	0	0	0	0
HGNC:1140	BTN3A3	O00478	ENSG00000111801	10384	IntAct: binding regions	region	0	0	0	1
HGNC:11433	STX1A	Q16623	ENSG00000106089	6804	IntAct: binding regions	region	0	0	0	0
HGNC:11438	STX3	Q13277	ENSG00000166900	6809	IntAct: binding regions	region	0	0	0	0
HGNC:11480	SVIL	O95425	ENSG00000197321	6840	IntAct: binding regions	region	0	0	0	0
HGNC:11486	VAMP7	P51809	ENSG00000124333	6845	IntAct: binding regions	region	0	0	0	0
HGNC:11491	SYK	P43405	ENSG00000165025	6850	IntAct: binding regions	region	0	0	0	0
HGNC:11507	SYPL1	Q16563	ENSG00000008282	6856	IntAct: binding regions	region	0	0	0	0
HGNC:11514	SYT7	O43581	ENSG00000011347	9066	IntAct: binding regions	region	0	0	0	0
HGNC:11608	TBXA2R	P21731	ENSG00000006638	6915	IntAct: binding regions	region	1	0	0	0
HGNC:11724	TEK	Q02763	ENSG00000120156	7010	IntAct: binding regions	region	1	0	0	1
HGNC:11740	TF	P02787	ENSG00000091513	7018	IntAct: binding regions	region	0	0	0	0
HGNC:11763	TFRC	P02786	ENSG00000072274	7037	IntAct: binding regions	region	1	1	0	1
HGNC:11766	TGFB1	P01137	ENSG00000105329	7040	IntAct: binding regions	region	0	0	0	0
HGNC:11769	TGFB3	P10600	ENSG00000119699	7043	IntAct: binding regions	region	0	0	0	0
HGNC:11771	TGFBI	Q15582	ENSG00000120708	7045	IntAct: binding regions	region	0	0	0	0
HGNC:11772	TGFBR1	P36897	ENSG00000106799	7046	IntAct: binding regions	region	0	0	0	1
HGNC:11773	TGFBR2	P37173	ENSG00000163513	7048	IntAct: binding regions	region	0	1	0	1
HGNC:11774	TGFBR3	Q03167	ENSG00000069702	7049	IntAct: binding regions	region	1	0	0	0
HGNC:11778	TGM2	P21980	ENSG00000198959	7052	IntAct: binding regions	region	1	1	0	0
HGNC:11785	THBS1	P07996	ENSG00000137801	7057	IntAct: binding regions	region	1	0	0	0
HGNC:11787	THBS3	P49746	ENSG00000169231	7059	IntAct: binding regions	region	0	0	0	0
HGNC:11788	THBS4	P35443	ENSG00000113296	7060	IntAct: binding regions	region	0	0	0	0
HGNC:11809	TIE1	P35590	ENSG00000066056	7075	IntAct: binding regions	region	0	0	0	1
HGNC:11820	TIMP1	P01033	ENSG00000102265	7076	IntAct: binding regions	region	0	0	0	0
HGNC:11827	TJP1	Q07157	ENSG00000104067	7082	IntAct: binding regions	region	0	0	0	0
HGNC:11845	TLN1	Q9Y490	ENSG00000137076	7094	IntAct: binding regions	region	0	0	0	0
HGNC:11847	TLR1	Q15399	ENSG00000174125	7096	IntAct: binding regions	region	0	0	0	0
HGNC:11848	TLR2	O60603	ENSG00000137462	7097	IntAct: binding regions	region	0	1	0	0
HGNC:11850	TLR4	O00206	ENSG00000136869	7099	IntAct: binding regions	region	0	1	0	1
HGNC:11853	TM4SF1	P30408	ENSG00000169908	4071	IntAct: binding regions	region	0	0	0	0
HGNC:11854	TSPAN7	P41732	ENSG00000156298	7102	IntAct: binding regions	region	0	0	0	0
HGNC:11857	TM4SF5	O14894	ENSG00000142484	9032	IntAct: binding regions	region	0	0	0	0
HGNC:11876	TMPRSS2	O15393	ENSG00000184012	7113	IntAct: binding regions	region	0	0	0	1
HGNC:11891	CLEC3B	P05452	ENSG00000163815	7123	IntAct: binding regions	region	0	0	0	0
HGNC:11892	TNF	P01375	ENSG00000232810	7124	IntAct: binding regions	region	1	1	0	1
HGNC:11898	TNFAIP6	P98066	ENSG00000123610	7130	IntAct: binding regions	region	0	0	0	0
HGNC:11904	TNFRSF10A	O00220	ENSG00000104689	8797	IntAct: binding regions	region	1	0	0	1
HGNC:11905	TNFRSF10B	O14763	ENSG00000120889	8795	IntAct: binding regions	region	1	1	0	1
HGNC:11906	TNFRSF10C	O14798	ENSG00000173535	8794	IntAct: binding regions	region	1	0	0	1
HGNC:11907	TNFRSF10D	Q9UBN6	ENSG00000173530	8793	IntAct: binding regions	region	1	0	0	0
HGNC:11908	TNFRSF11A	Q9Y6Q6	ENSG00000141655	8792	IntAct: binding regions	region	1	0	0	1
HGNC:11910	TNFRSF25	Q93038	ENSG00000215788	8718	IntAct: binding regions	region	1	0	0	1
HGNC:11912	TNFRSF14	Q92956	ENSG00000157873	8764	IntAct: binding regions	region	1	0	0	0
HGNC:11913	TNFRSF17	Q02223	ENSG00000048462	608	IntAct: binding regions	region	1	1	0	1
HGNC:11914	TNFRSF18	Q9Y5U5	ENSG00000186891	8784	IntAct: binding regions	region	1	1	0	1
HGNC:11916	TNFRSF1A	P19438	ENSG00000067182	7132	IntAct: binding regions	region	1	0	0	1
HGNC:11917	TNFRSF1B	P20333	ENSG00000028137	7133	IntAct: binding regions	region	1	1	0	1
HGNC:11918	TNFRSF4	P43489	ENSG00000186827	7293	IntAct: binding regions	region	1	1	0	1
HGNC:11919	CD40	P25942	ENSG00000101017	958	IntAct: binding regions	region	1	1	0	1
HGNC:11920	FAS	P25445	ENSG00000026103	355	IntAct: binding regions	region	1	0	0	1
HGNC:11921	TNFRSF6B	O95407	ENSG00000243509	8771	IntAct: binding regions	region	0	0	0	0
HGNC:11922	CD27	P26842	ENSG00000139193	939	IntAct: binding regions	region	1	1	0	1
HGNC:11923	TNFRSF8	P28908	ENSG00000120949	943	IntAct: binding regions	region	1	1	0	1
HGNC:11924	TNFRSF9	Q07011	ENSG00000049249	3604	IntAct: binding regions	region	1	1	0	1
HGNC:11925	TNFSF10	P50591	ENSG00000121858	8743	IntAct: binding regions	region	1	0	0	1
HGNC:11926	TNFSF11	O14788	ENSG00000120659	8600	IntAct: binding regions	region	1	1	0	1
HGNC:11927	TNFSF12	O43508	ENSG00000239697	8742	IntAct: binding regions	region	1	0	0	1
HGNC:11929	TNFSF13B	Q9Y275	ENSG00000102524	10673	IntAct: binding regions	region	1	1	0	1
HGNC:11930	TNFSF14	O43557	ENSG00000125735	8740	IntAct: binding regions	region	1	1	0	1
HGNC:11931	TNFSF15	O95150	ENSG00000181634	9966	IntAct: binding regions	region	1	1	0	1
HGNC:11932	TNFSF18	Q9UNG2	ENSG00000120337	8995	IntAct: binding regions	region	1	0	0	1
HGNC:11934	TNFSF4	P23510	ENSG00000117586	7292	IntAct: binding regions	region	1	1	0	1
HGNC:11935	CD40LG	P29965	ENSG00000102245	959	IntAct: binding regions	region	1	1	0	1
HGNC:11936	FASLG	P48023	ENSG00000117560	356	IntAct: binding regions	region	1	0	0	1
HGNC:11937	CD70	P32970	ENSG00000125726	970	IntAct: binding regions	region	1	1	0	1
HGNC:11938	TNFSF8	P32971	ENSG00000106952	944	IntAct: binding regions	region	1	0	0	1
HGNC:11939	TNFSF9	P41273	ENSG00000125657	8744	IntAct: binding regions	region	1	0	0	1
HGNC:12004	TPBG	Q13641	ENSG00000146242	7162	IntAct: binding regions	region	0	1	0	0
HGNC:12022	TPT1	P13693	ENSG00000133112	7178	IntAct: binding regions	region	0	0	0	0
HGNC:12023	TPTE	P56180	ENSG00000274391	7179	IntAct: binding regions	region	0	0	0	0
HGNC:12028	HSP90B1	P14625	ENSG00000166598	7184	IntAct: binding regions	region	0	0	0	0
HGNC:1224	LDLRAD4	O15165	ENSG00000168675	753	IntAct: binding regions	region	0	0	0	0
HGNC:123	ACP2	P11117	ENSG00000134575	53	IntAct: binding regions	region	0	0	0	0
HGNC:1233	ENTREP3	P81408	ENSG00000160767	10712	IntAct: binding regions	region	0	0	0	0
HGNC:12333	TRPC1	P48995	ENSG00000144935	7220	IntAct: binding regions	region	0	0	0	0
HGNC:12335	TRPC3	Q13507	ENSG00000138741	7222	IntAct: binding regions	region	0	0	0	0
HGNC:12336	TRPC4	Q9UBN4	ENSG00000133107	7223	IntAct: binding regions	region	0	0	0	0
HGNC:12337	TRPC5	Q9UL62	ENSG00000072315	7224	IntAct: binding regions	region	0	0	0	0
HGNC:12338	TRPC6	Q9Y210	ENSG00000137672	7225	IntAct: binding regions	region	0	0	0	0
HGNC:12373	TSHR	P16473	ENSG00000165409	7253	IntAct: binding regions	region	1	0	0	0
HGNC:1239	TMEM59	Q9BXS4	ENSG00000116209	9528	IntAct: binding regions	region	0	0	0	0
HGNC:1242	C1QB	P02746	ENSG00000173369	713	IntAct: binding regions	region	0	0	0	0
HGNC:1243	C1QBP	Q07021	ENSG00000108561	708	IntAct: binding regions	region	0	0	0	0
HGNC:12446	TYRO3	Q06418	ENSG00000092445	7301	IntAct: binding regions	region	1	0	0	1
HGNC:12450	TYRP1	P17643	ENSG00000107165	7306	IntAct: binding regions	region	0	0	0	0
HGNC:12567	UNC5A	Q6ZN44	ENSG00000113763	90249	IntAct: binding regions	region	1	0	0	1
HGNC:12568	UNC5B	Q8IZJ1	ENSG00000107731	219699	IntAct: binding regions	region	1	0	0	0
HGNC:12569	UNC5C	O95185	ENSG00000182168	8633	IntAct: binding regions	region	1	0	0	0
HGNC:12570	UNC93A	Q86WB7	ENSG00000112494	54346	IntAct: binding regions	region	0	0	0	0
HGNC:126	ACR	P10323	ENSG00000100312	49	IntAct: binding regions	region	0	0	0	0
HGNC:12601	USH2A	O75445	ENSG00000042781	7399	IntAct: binding regions	region	0	0	0	0
HGNC:12612	USP14	P54578	ENSG00000101557	9097	IntAct: binding regions	region	0	0	0	0
HGNC:12635	UTRN	P46939	ENSG00000152818	7402	IntAct: binding regions	region	0	0	0	0
HGNC:12643	VAMP2	P63027	ENSG00000220205	6844	IntAct: binding regions	region	0	0	0	0
HGNC:12647	VAMP8	Q9BV40	ENSG00000118640	8673	IntAct: binding regions	region	0	0	0	0
HGNC:12648	VAPA	Q9P0L0	ENSG00000101558	9218	IntAct: binding regions	region	0	0	0	0
HGNC:12649	VAPB	O95292	ENSG00000124164	9217	IntAct: binding regions	region	0	0	0	0
HGNC:12663	VCAM1	P19320	ENSG00000162692	7412	IntAct: binding regions	region	1	0	0	1
HGNC:12669	VDAC1	P21796	ENSG00000213585	7416	IntAct: binding regions	region	0	0	0	0
HGNC:12691	EZR	P15311	ENSG00000092820	7430	IntAct: binding regions	region	0	0	0	0
HGNC:12692	VIM	P08670	ENSG00000026025	7431	IntAct: binding regions	region	0	1	0	0
HGNC:12694	VIPR1	P32241	ENSG00000114812	7433	IntAct: binding regions	region	1	0	0	0
HGNC:12698	VLDLR	P98155	ENSG00000147852	7436	IntAct: binding regions	region	1	0	0	1
HGNC:12722	VSNL1	P62760	ENSG00000163032	7447	IntAct: binding regions	region	0	0	0	0
HGNC:12724	VTN	P04004	ENSG00000109072	7448	IntAct: binding regions	region	0	0	0	0
HGNC:12729	WARS1	P23381	ENSG00000140105	7453	IntAct: binding regions	region	0	0	0	0
HGNC:12733	WASF2	Q9Y6W5	ENSG00000158195	10163	IntAct: binding regions	region	0	0	0	0
HGNC:12762	WFS1	O76024	ENSG00000109501	7466	IntAct: binding regions	region	0	0	0	0
HGNC:12781	WNT2B	Q93097	ENSG00000134245	7482	IntAct: binding regions	region	0	0	0	0
HGNC:12782	WNT3	P56703	ENSG00000108379	7473	IntAct: binding regions	region	0	0	0	0
HGNC:12784	WNT5A	P41221	ENSG00000114251	7474	IntAct: binding regions	region	0	0	0	0
HGNC:12786	WNT7A	O00755	ENSG00000154764	7476	IntAct: binding regions	region	0	0	0	0
HGNC:12787	WNT7B	P56706	ENSG00000188064	7477	IntAct: binding regions	region	0	0	0	0
HGNC:12833	XRCC5	P13010	ENSG00000079246	7520	IntAct: binding regions	region	0	0	0	0
HGNC:12840	YARS1	P54577	ENSG00000134684	8565	IntAct: binding regions	region	0	0	0	0
HGNC:1318	C3	P01024	ENSG00000125730	718	IntAct: binding regions	region	1	0	0	0
HGNC:13188	ZP2	Q05996	ENSG00000103310	7783	IntAct: binding regions	region	0	0	0	1
HGNC:1319	C3AR1	Q16581	ENSG00000171860	719	IntAct: binding regions	region	1	0	0	0
HGNC:13202	ADAMTS9	Q9P2N4	ENSG00000163638	56999	IntAct: binding regions	region	0	0	0	0
HGNC:13237	TMEM59L	Q9UK28	ENSG00000105696	25789	IntAct: binding regions	region	0	0	0	0
HGNC:13257	CLEC4A	Q9UMR7	ENSG00000111729	50856	IntAct: binding regions	region	0	0	0	1
HGNC:13275	ECE2	P0DPD6	ENSG00000145194	9718	IntAct: binding regions	region	0	0	0	0
HGNC:13308	GPRC5B	Q9NZH0	ENSG00000167191	51704	IntAct: binding regions	region	0	0	0	0
HGNC:13328	IFIT5	Q13325	ENSG00000152778	24138	IntAct: binding regions	region	0	0	0	0
HGNC:13342	KLRF1	Q9NZS2	ENSG00000150045	51348	IntAct: binding regions	region	1	0	0	1
HGNC:13368	MS4A10	Q96PG2	ENSG00000172689	341116	IntAct: binding regions	region	0	0	0	0
HGNC:13375	MS4A6A	Q9H2W1	ENSG00000110077	64231	IntAct: binding regions	region	0	0	0	0
HGNC:13384	MUC3B	Q9H195		57876	IntAct: binding regions	region	0	0	0	0
HGNC:13404	PCDH10	Q9P2E7	ENSG00000138650	57575	IntAct: binding regions	region	0	0	0	0
HGNC:13433	ROBO3	Q96MS0	ENSG00000154134	64221	IntAct: binding regions	region	1	0	0	1
HGNC:13445	SLC2A7	Q6PXP3	ENSG00000197241	155184	IntAct: binding regions	region	0	0	0	0
HGNC:13469	TNFRSF21	O75509	ENSG00000146072	27242	IntAct: binding regions	region	1	0	0	1
HGNC:13476	TTYH1	Q9H313	ENSG00000167614	57348	IntAct: binding regions	region	0	0	0	0
HGNC:13517	CLIC5	Q9NZA1	ENSG00000112782	53405	IntAct: binding regions	region	0	0	0	0
HGNC:13518	CLIC4	Q9Y696	ENSG00000169504	25932	IntAct: binding regions	region	0	0	0	0
HGNC:1352	C8A	P07357	ENSG00000157131	731	IntAct: binding regions	region	0	0	0	0
HGNC:13523	CLEC4M	Q9H2X3	ENSG00000104938	10332	IntAct: binding regions	region	1	0	0	1
HGNC:1353	C8B	P07358	ENSG00000021852	732	IntAct: binding regions	region	0	0	0	0
HGNC:1354	C8G	P07360	ENSG00000176919	733	IntAct: binding regions	region	0	0	0	0
HGNC:13557	ACE2	Q9BYF1	ENSG00000130234	59272	IntAct: binding regions	region	0	0	0	1
HGNC:13628	CACNG8	Q8WXS5	ENSG00000142408	59283	IntAct: binding regions	region	0	0	0	0
HGNC:13646	LAPTM4B	Q86VI4	ENSG00000104341	55353	IntAct: binding regions	region	0	0	0	0
HGNC:13655	SCUBE3	Q8IX30	ENSG00000146197	222663	IntAct: binding regions	region	0	0	0	0
HGNC:13658	NTN4	Q9HB63	ENSG00000074527	59277	IntAct: binding regions	region	0	0	0	0
HGNC:13664	MACF1	Q9UPN3	ENSG00000127603	23499	IntAct: binding regions	region	0	0	0	0
HGNC:1370	CA11	O75493	ENSG00000063180	770	IntAct: binding regions	region	0	0	0	0
HGNC:13700	IL22RA1	Q8N6P7	ENSG00000142677	58985	IntAct: binding regions	region	0	1	0	1
HGNC:13717	ENPP5	Q9UJA9	ENSG00000112796	59084	IntAct: binding regions	region	0	0	0	0
HGNC:13731	MAEA	Q7L5Y9	ENSG00000090316	10296	IntAct: binding regions	region	0	0	0	0
HGNC:13733	CDH23	Q9H251	ENSG00000107736	64072	IntAct: binding regions	region	0	0	0	0
HGNC:13741	SNTG2	Q9NY99	ENSG00000172554	54221	IntAct: binding regions	region	0	0	0	0
HGNC:13746	BRINP2	Q9C0B6	ENSG00000198797	57795	IntAct: binding regions	region	0	0	0	0
HGNC:13770	IGDCC4	Q8TDY8	ENSG00000103742	57722	IntAct: binding regions	region	0	0	0	1
HGNC:13819	SLCO1C1	Q9NYB5	ENSG00000139155	53919	IntAct: binding regions	region	0	0	0	0
HGNC:13823	NETO1	Q8TDF5	ENSG00000166342	81832	IntAct: binding regions	region	0	0	0	1
HGNC:13830	CNTNAP2	Q9UHC6	ENSG00000174469	26047	IntAct: binding regions	region	0	0	0	1
HGNC:13838	ADGRA1	Q86SQ6	ENSG00000197177	84435	IntAct: binding regions	region	0	0	0	0
HGNC:13839	ADGRA3	Q8IWK6	ENSG00000152990	166647	IntAct: binding regions	region	0	0	0	1
HGNC:13869	LOXL3	P58215	ENSG00000115318	84695	IntAct: binding regions	region	0	0	0	0
HGNC:13877	TTYH2	Q9BSA4	ENSG00000141540	94015	IntAct: binding regions	region	0	0	0	0
HGNC:1388	CACNA1A	O00555	ENSG00000141837	773	IntAct: binding regions	region	0	0	0	0
HGNC:1389	CACNA1B	Q00975	ENSG00000148408	774	IntAct: binding regions	region	0	0	0	0
HGNC:1390	CACNA1C	Q13936	ENSG00000151067	775	IntAct: binding regions	region	0	0	0	0
HGNC:1391	CACNA1D	Q01668	ENSG00000157388	776	IntAct: binding regions	region	0	0	0	0
HGNC:1393	CACNA1F	O60840	ENSG00000102001	778	IntAct: binding regions	region	0	0	0	0
HGNC:13933	LY6G6F	Q5SQ64	ENSG00000204424	259215	IntAct: binding regions	region	0	0	0	0
HGNC:13937	MPIG6B	O95866	ENSG00000204420	80739	IntAct: binding regions	region	0	0	0	1
HGNC:13938	SAPCD1	Q5SSQ6	ENSG00000228727	401251	IntAct: binding regions	region	0	0	0	0
HGNC:1395	CACNA1H	O95180	ENSG00000196557	8912	IntAct: binding regions	region	0	0	0	0
HGNC:1397	CACNA1S	Q13698	ENSG00000081248	779	IntAct: binding regions	region	0	0	0	0
HGNC:14005	PEG10	Q86TG7	ENSG00000242265	23089	IntAct: binding regions	region	0	0	0	0
HGNC:14006	TRPV6	Q9H1D0	ENSG00000165125	55503	IntAct: binding regions	region	0	0	0	0
HGNC:14025	SLC5A7	Q9GZV3	ENSG00000115665	60482	IntAct: binding regions	region	0	0	0	0
HGNC:1406	CACNG2	Q9Y698	ENSG00000166862	10369	IntAct: binding regions	region	0	0	0	0
HGNC:14079	CHRNA9	Q9UGM1	ENSG00000174343	55584	IntAct: binding regions	region	0	0	0	1
HGNC:1408	CACNG4	Q9UBN1	ENSG00000075461	27092	IntAct: binding regions	region	0	0	0	0
HGNC:14085	RTN4	Q9NQC3	ENSG00000115310	57142	IntAct: binding regions	region	0	1	0	0
HGNC:14153	CCDC78	A2IDD5	ENSG00000162004	124093	IntAct: binding regions	region	0	0	0	0
HGNC:14240	SMPD3	Q9NY59	ENSG00000103056	55512	IntAct: binding regions	region	0	0	0	0
HGNC:14267	PCDH17	O14917	ENSG00000118946	27253	IntAct: binding regions	region	0	0	0	0
HGNC:14268	PCDH18	Q9HCL0	ENSG00000189184	54510	IntAct: binding regions	region	0	0	0	0
HGNC:14270	PCDH19	Q8TAB3	ENSG00000165194	57526	IntAct: binding regions	region	0	0	0	0
HGNC:14287	NLGN4X	Q8N0W4	ENSG00000146938	57502	IntAct: binding regions	region	1	0	0	1
HGNC:14289	NLGN3	Q9NZ94	ENSG00000196338	54413	IntAct: binding regions	region	1	0	0	0
HGNC:14290	NLGN2	Q8NFZ4	ENSG00000169992	57555	IntAct: binding regions	region	1	0	0	0
HGNC:14291	NLGN1	Q8N2Q7	ENSG00000169760	22871	IntAct: binding regions	region	1	0	0	0
HGNC:14295	SHANK2	Q9UPX8	ENSG00000162105	22941	IntAct: binding regions	region	0	0	0	0
HGNC:14326	C1QTNF3	Q9BXJ4	ENSG00000082196	114899	IntAct: binding regions	region	0	0	0	0
HGNC:14344	C1QTNF5	Q9BXJ0	ENSG00000223953	114902	IntAct: binding regions	region	0	0	0	0
HGNC:14351	CLEC2D	Q9UHP7	ENSG00000069493	29121	IntAct: binding regions	region	1	0	0	1
HGNC:14388	GP6	Q9HCN6	ENSG00000088053	51206	IntAct: binding regions	region	0	1	0	1
HGNC:1440	CALCR	P30988	ENSG00000004948	799	IntAct: binding regions	region	1	0	0	0
HGNC:14446	PARD3B	Q8TEW8	ENSG00000116117	117583	IntAct: binding regions	region	0	0	0	0
HGNC:14469	SLC26A9	Q7LBE3	ENSG00000174502	115019	IntAct: binding regions	region	0	0	0	0
HGNC:14471	SLC26A11	Q86WA9	ENSG00000181045	284129	IntAct: binding regions	region	0	0	0	0
HGNC:14472	SLC26A6	Q9BXS9	ENSG00000225697	65010	IntAct: binding regions	region	0	0	0	0
HGNC:14537	NPC2	P61916	ENSG00000119655	10577	IntAct: binding regions	region	0	0	0	0
HGNC:1455	CALR	P27797	ENSG00000179218	811	IntAct: binding regions	region	0	0	0	0
HGNC:14560	STOML1	Q9UBI4	ENSG00000067221	9399	IntAct: binding regions	region	0	0	0	0
HGNC:14565	SORBS1	Q9BX66	ENSG00000095637	10580	IntAct: binding regions	region	0	0	0	0
HGNC:14604	AMN	Q9BXJ7	ENSG00000166126	81693	IntAct: binding regions	region	0	0	0	1
HGNC:14605	ADAMTS12	P58397	ENSG00000151388	81792	IntAct: binding regions	region	0	0	0	0
HGNC:14630	CRELD1	Q96HD1	ENSG00000163703	78987	IntAct: binding regions	region	0	0	0	0
HGNC:14656	DSCAML1	Q8TD84	ENSG00000177103	57453	IntAct: binding regions	region	0	0	0	1
HGNC:14685	F11R	Q9Y624	ENSG00000158769	50848	IntAct: binding regions	region	1	0	0	0
HGNC:14686	JAM2	P57087	ENSG00000154721	58494	IntAct: binding regions	region	1	0	0	1
HGNC:14866	HHIP	Q96QV1	ENSG00000164161	64399	IntAct: binding regions	region	1	0	0	0
HGNC:14894	ULBP2	Q9BZM5	ENSG00000131015	80328	IntAct: binding regions	region	1	0	0	1
HGNC:14895	ULBP3	Q9BZM4	ENSG00000131019	79465	IntAct: binding regions	region	1	0	0	1
HGNC:14905	TAS1R2	Q8TE23	ENSG00000179002	80834	IntAct: binding regions	region	0	0	0	0
HGNC:14923	GPR37L1	O60883	ENSG00000170075	9283	IntAct: binding regions	region	1	0	0	0
HGNC:15142	OR2AG1	Q9H205	ENSG00000279486	144125	IntAct: binding regions	region	0	0	0	0
HGNC:1527	CAV1	Q03135	ENSG00000105974	857	IntAct: binding regions	region	0	0	0	0
HGNC:15451	GOLM1	Q8NBJ4	ENSG00000135052	51280	IntAct: binding regions	region	0	0	0	0
HGNC:15474	SHANK1	Q9Y566	ENSG00000161681	50944	IntAct: binding regions	region	0	0	0	0
HGNC:15495	LILRA6	Q6PI73	ENSG00000244482	79168	IntAct: binding regions	region	0	0	0	1
HGNC:15503	LILRA4	P59901	ENSG00000239961	23547	IntAct: binding regions	region	1	1	0	1
HGNC:15511	VANGL2	Q9ULK5	ENSG00000162738	57216	IntAct: binding regions	region	0	0	0	0
HGNC:15512	VANGL1	Q8TAA9	ENSG00000173218	81839	IntAct: binding regions	region	0	0	0	0
HGNC:15527	KLB	Q86Z14	ENSG00000134962	152831	IntAct: binding regions	region	0	1	0	1
HGNC:15532	JAM3	Q9BX67	ENSG00000166086	83700	IntAct: binding regions	region	1	0	0	1
HGNC:15565	QRFPR	Q96P65	ENSG00000186867	84109	IntAct: binding regions	region	1	0	0	0
HGNC:15586	LRRC4	Q9HBW1	ENSG00000128594	64101	IntAct: binding regions	region	0	0	0	1
HGNC:15605	SKAP1	Q86WV1	ENSG00000141293	8631	IntAct: binding regions	region	0	0	0	0
HGNC:15620	SIGLEC10	Q96LC7	ENSG00000142512	89790	IntAct: binding regions	region	1	0	0	1
HGNC:15622	SIGLEC11	Q96RL6	ENSG00000161640	114132	IntAct: binding regions	region	0	0	0	1
HGNC:15632	TLR8	Q9NR97	ENSG00000101916	51311	IntAct: binding regions	region	0	0	0	0
HGNC:15634	TLR10	Q9BXR5	ENSG00000174123	81793	IntAct: binding regions	region	0	0	0	0
HGNC:15661	TAS1R3	Q7RTX0	ENSG00000169962	83756	IntAct: binding regions	region	0	0	0	0
HGNC:1570	CCKAR	P32238	ENSG00000163394	886	IntAct: binding regions	region	1	0	0	0
HGNC:1571	CCKBR	P32239	ENSG00000110148	887	IntAct: binding regions	region	1	0	0	0
HGNC:15718	APCDD1	Q8J025	ENSG00000154856	147495	IntAct: binding regions	region	0	0	0	1
HGNC:15734	KIRREL1	Q96J84	ENSG00000183853	55243	IntAct: binding regions	region	0	0	0	0
HGNC:15757	SIRPG	Q9P1W8	ENSG00000089012	55423	IntAct: binding regions	region	1	0	0	1
HGNC:15767	FERMT2	Q96AC1	ENSG00000073712	10979	IntAct: binding regions	region	0	0	0	0
HGNC:15842	ERBIN	Q96RT1	ENSG00000112851	55914	IntAct: binding regions	region	0	0	0	0
HGNC:15846	PALMD	Q9NP74	ENSG00000099260	54873	IntAct: binding regions	region	0	0	0	0
HGNC:15868	ABHD12	Q8N2K0	ENSG00000100997	26090	IntAct: binding regions	region	0	0	0	1
HGNC:15873	ADISSP	Q9GZN8	ENSG00000101220	54976	IntAct: binding regions	region	0	0	0	0
HGNC:15876	TMEM230	Q96A57	ENSG00000089063	29058	IntAct: binding regions	region	0	0	0	0
HGNC:15928	SIRPB1	O00241	ENSG00000101307	10326	IntAct: binding regions	region	0	0	0	1
HGNC:15943	PARD6A	Q9NPB6	ENSG00000102981	50855	IntAct: binding regions	region	0	0	0	0
HGNC:15956	SLC2A13	Q96QE2	ENSG00000151229	114134	IntAct: binding regions	region	0	0	0	0
HGNC:16016	COLEC12	Q5KU26	ENSG00000158270	81035	IntAct: binding regions	region	0	0	0	1
HGNC:16028	IL33	O95760	ENSG00000137033	90865	IntAct: binding regions	region	0	0	0	0
HGNC:16039	ANGPTL4	Q9BY76	ENSG00000167772	51129	IntAct: binding regions	region	0	0	0	0
HGNC:1604	CCR3	P51677	ENSG00000183625	1232	IntAct: binding regions	region	1	0	0	1
HGNC:16051	PARD3	Q8TEW0	ENSG00000148498	56288	IntAct: binding regions	region	0	0	0	0
HGNC:1606	CCR5	P51681	ENSG00000160791	1234	IntAct: binding regions	region	1	1	0	1
HGNC:16076	PARD6G	Q9BYG4	ENSG00000178184	84552	IntAct: binding regions	region	0	0	0	0
HGNC:16083	RHBDL2	Q9NX52	ENSG00000158315	54933	IntAct: binding regions	region	0	0	0	0
HGNC:16089	PGRMC2	O15173	ENSG00000164040	10424	IntAct: binding regions	region	0	0	0	0
HGNC:16090	PGRMC1	O00264	ENSG00000101856	10857	IntAct: binding regions	region	0	0	0	0
HGNC:16096	VSTM2L	Q96N03	ENSG00000132821	128434	IntAct: binding regions	region	0	0	0	0
HGNC:1612	CCRL2	O00421	ENSG00000121797	9034	IntAct: binding regions	region	1	0	0	0
HGNC:16208	LRRN4	Q8WUT4	ENSG00000125872	164312	IntAct: binding regions	region	0	0	0	0
HGNC:16245	PARD6B	Q9BYG5	ENSG00000124171	84612	IntAct: binding regions	region	0	0	0	0
HGNC:16248	SIRPD	Q9H106	ENSG00000125900	128646	IntAct: binding regions	region	0	0	0	0
HGNC:16261	SLC22A9	Q8IVM8	ENSG00000149742	114571	IntAct: binding regions	region	0	0	0	0
HGNC:163	ACTN1	P12814	ENSG00000072110	87	IntAct: binding regions	region	0	0	0	0
HGNC:16309	LILRA5	A6NI73	ENSG00000187116	353514	IntAct: binding regions	region	0	0	0	1
HGNC:16312	KIR3DL3	Q8N743	ENSG00000242019	115653	IntAct: binding regions	region	0	0	0	1
HGNC:1632	CD164	Q04900	ENSG00000135535	8763	IntAct: binding regions	region	0	0	0	0
HGNC:1633	CD19	P15391	ENSG00000177455	930	IntAct: binding regions	region	0	1	0	0
HGNC:16345	KIR2DL5A	Q8N109	ENSG00000274143	57292	IntAct: binding regions	region	1	0	0	1
HGNC:1637	CD1D	P15813	ENSG00000158473	912	IntAct: binding regions	region	1	0	0	1
HGNC:1639	CD2	P06729	ENSG00000116824	914	IntAct: binding regions	region	1	0	0	1
HGNC:16390	NOD1	Q9Y239	ENSG00000106100	10392	IntAct: binding regions	region	0	0	0	0
HGNC:1641	CD209	Q9NNX6	ENSG00000090659	30835	IntAct: binding regions	region	1	0	0	1
HGNC:1643	CD22	P20273	ENSG00000012124	933	IntAct: binding regions	region	1	1	0	1
HGNC:16484	SLC28A3	Q9HAS3	ENSG00000197506	64078	IntAct: binding regions	region	0	0	0	0
HGNC:16500	DAPP1	Q9UN19	ENSG00000070190	27071	IntAct: binding regions	region	0	0	0	0
HGNC:16517	TMPRSS6	Q8IU80	ENSG00000187045	164656	IntAct: binding regions	region	0	1	0	0
HGNC:1653	CD28	P10747	ENSG00000178562	940	IntAct: binding regions	region	1	1	0	1
HGNC:1659	CD33	P20138	ENSG00000105383	945	IntAct: binding regions	region	0	1	0	1
HGNC:1663	CD36	P16671	ENSG00000135218	948	IntAct: binding regions	region	1	0	0	1
HGNC:1664	SCARB1	Q8WTV0	ENSG00000073060	949	IntAct: binding regions	region	0	0	0	0
HGNC:16643	SLMAP	Q14BN4	ENSG00000163681	7871	IntAct: binding regions	region	0	0	0	0
HGNC:1666	CD37	P11049	ENSG00000104894	951	IntAct: binding regions	region	0	1	0	0
HGNC:1667	CD38	P28907	ENSG00000004468	952	IntAct: binding regions	region	1	1	0	1
HGNC:16692	CD320	Q9NPF0	ENSG00000167775	51293	IntAct: binding regions	region	1	0	0	1
HGNC:16697	SORCS1	Q8WY21	ENSG00000108018	114815	IntAct: binding regions	region	0	0	0	0
HGNC:16698	SORCS2	Q96PQ0	ENSG00000184985	57537	IntAct: binding regions	region	0	0	0	0
HGNC:16699	SORCS3	Q9UPU3	ENSG00000156395	22986	IntAct: binding regions	region	0	0	0	0
HGNC:16709	CALCRL	Q16602	ENSG00000064989	10203	IntAct: binding regions	region	0	1	0	1
HGNC:16711	TLR6	Q9Y2C9	ENSG00000174130	10333	IntAct: binding regions	region	0	0	0	0
HGNC:1674	CD3E	P07766	ENSG00000198851	916	IntAct: binding regions	region	0	1	0	0
HGNC:1677	CD247	P20963	ENSG00000198821	919	IntAct: binding regions	region	0	0	0	0
HGNC:1678	CD4	P01730	ENSG00000010610	920	IntAct: binding regions	region	0	1	0	1
HGNC:16793	RAET1E	Q8TD07	ENSG00000164520	135250	IntAct: binding regions	region	1	0	0	1
HGNC:16798	RAET1L	Q5VY80	ENSG00000155918	154064	IntAct: binding regions	region	1	0	0	1
HGNC:16810	RGS8	P57771	ENSG00000135824	85397	IntAct: binding regions	region	0	0	0	0
HGNC:1682	CD47	Q08722	ENSG00000196776	961	IntAct: binding regions	region	1	1	0	1
HGNC:1683	CD48	P09326	ENSG00000117091	962	IntAct: binding regions	region	1	0	0	1
HGNC:16841	LITAF	Q99732	ENSG00000189067	9516	IntAct: binding regions	region	0	0	0	0
HGNC:16849	MORF4L2	Q15014	ENSG00000123562	9643	IntAct: binding regions	region	0	0	0	0
HGNC:1685	CD5	P06127	ENSG00000110448	921	IntAct: binding regions	region	0	0	0	0
HGNC:16854	RAPGEF2	Q9Y4G8	ENSG00000109756	9693	IntAct: binding regions	region	0	0	0	0
HGNC:16875	MRC2	Q9UBG0	ENSG00000011028	9902	IntAct: binding regions	region	0	0	0	1
HGNC:1688	CD58	P19256	ENSG00000116815	965	IntAct: binding regions	region	1	0	0	1
HGNC:16882	HCN4	Q9Y3Q4	ENSG00000138622	10021	IntAct: binding regions	region	0	0	0	0
HGNC:16892	CD96	P40200	ENSG00000153283	10225	IntAct: binding regions	region	1	1	0	1
HGNC:1691	CD6	P30203	ENSG00000013725	923	IntAct: binding regions	region	1	1	0	0
HGNC:16914	LRRN2	O75325	ENSG00000170382	10446	IntAct: binding regions	region	0	0	0	1
HGNC:16916	CLEC10A	Q8IUN9	ENSG00000132514	10462	IntAct: binding regions	region	0	0	0	1
HGNC:1692	CD63	P08962	ENSG00000135404	967	IntAct: binding regions	region	0	0	0	1
HGNC:16920	CIB1	Q99828	ENSG00000185043	10519	IntAct: binding regions	region	0	0	0	0
HGNC:16925	ARAP1	Q96P48	ENSG00000186635	116985	IntAct: binding regions	region	0	0	0	0
HGNC:1695	CD7	P09564	ENSG00000173762	924	IntAct: binding regions	region	0	1	0	0
HGNC:16950	STAMBP	O95630	ENSG00000124356	10617	IntAct: binding regions	region	0	0	0	0
HGNC:1696	CD72	P21854	ENSG00000137101	971	IntAct: binding regions	region	1	0	0	1
HGNC:16961	CD226	Q15762	ENSG00000150637	10666	IntAct: binding regions	region	1	0	0	1
HGNC:1697	CD74	P04233	ENSG00000019582	972	IntAct: binding regions	region	1	1	0	1
HGNC:16998	TMED10	P49755	ENSG00000170348	10972	IntAct: binding regions	region	0	0	0	0
HGNC:1700	CD80	P33681	ENSG00000121594	941	IntAct: binding regions	region	1	1	0	1
HGNC:17001	GLIPR1	P48060	ENSG00000139278	11010	IntAct: binding regions	region	0	0	0	0
HGNC:1701	CD81	P60033	ENSG00000110651	975	IntAct: binding regions	region	0	0	0	1
HGNC:17021	ASTN2	O75129	ENSG00000148219	23245	IntAct: binding regions	region	0	0	0	0
HGNC:17027	SLC16A10	Q8TF71	ENSG00000112394	117247	IntAct: binding regions	region	0	0	0	0
HGNC:17032	VSIG4	Q9Y279	ENSG00000155659	11326	IntAct: binding regions	region	0	0	0	1
HGNC:1704	CD84	Q9UIB8	ENSG00000066294	8832	IntAct: binding regions	region	0	0	0	0
HGNC:17043	NIPA1	Q7RTP0	ENSG00000170113	123606	IntAct: binding regions	region	0	0	0	0
HGNC:1705	CD86	P42081	ENSG00000114013	942	IntAct: binding regions	region	1	0	0	1
HGNC:1706	CD8A	P01732	ENSG00000153563	925	IntAct: binding regions	region	1	1	0	1
HGNC:17072	ERC1	Q8IUD2	ENSG00000082805	23085	IntAct: binding regions	region	0	0	0	0
HGNC:17082	MLC1	Q15049	ENSG00000100427	23209	IntAct: binding regions	region	0	0	0	0
HGNC:17084	SYNE2	Q8WXH0	ENSG00000054654	23224	IntAct: binding regions	region	0	0	0	0
HGNC:17087	ICOSLG	O75144	ENSG00000160223	23308	IntAct: binding regions	region	1	1	0	1
HGNC:17090	ARHGEF18	Q6ZSZ5	ENSG00000104880	23370	IntAct: binding regions	region	0	0	0	0
HGNC:171	ACVR1	Q04771	ENSG00000115170	90	IntAct: binding regions	region	0	1	0	0
HGNC:17102	ARHGAP45	Q92619	ENSG00000180448	23526	IntAct: binding regions	region	0	0	0	0
HGNC:17104	CDON	Q4KMG0	ENSG00000064309	50937	IntAct: binding regions	region	0	0	0	1
HGNC:1711	ADGRE5	P48960	ENSG00000123146	976	IntAct: binding regions	region	1	0	0	1
HGNC:17123	SLC9A7	Q96T83	ENSG00000065923	84679	IntAct: binding regions	region	0	0	0	0
HGNC:17156	LY96	Q9Y6Y9	ENSG00000154589	23643	IntAct: binding regions	region	0	0	0	0
HGNC:17171	LOXL4	Q96JB6	ENSG00000138131	84171	IntAct: binding regions	region	0	0	0	0
HGNC:17173	BOC	Q9BWV1	ENSG00000144857	91653	IntAct: binding regions	region	0	0	0	1
HGNC:17187	OLFM1	Q99784	ENSG00000130558	10439	IntAct: binding regions	region	0	0	0	0
HGNC:17217	DIP2A	Q14689	ENSG00000160305	23181	IntAct: binding regions	region	0	0	0	0
HGNC:17283	RIMS2	Q9UQ26	ENSG00000176406	9699	IntAct: binding regions	region	0	0	0	0
HGNC:17290	IL27RA	Q6UWB1	ENSG00000104998	9466	IntAct: binding regions	region	0	0	0	1
HGNC:17299	TPTE2	Q6XPS3	ENSG00000132958	93492	IntAct: binding regions	region	0	0	0	0
HGNC:173	ACVR2A	P27037	ENSG00000121989	92	IntAct: binding regions	region	1	0	0	1
HGNC:17302	NEGR1	Q7Z3B1	ENSG00000172260	257194	IntAct: binding regions	region	0	0	0	1
HGNC:17360	LRIG1	Q96JA1	ENSG00000144749	26018	IntAct: binding regions	region	0	0	0	1
HGNC:174	ACVR2B	Q13705	ENSG00000114739	93	IntAct: binding regions	region	1	1	0	1
HGNC:17416	ADGRV1	Q8WXG9	ENSG00000164199	84059	IntAct: binding regions	region	0	0	0	0
HGNC:17429	CGN	Q9P2M7	ENSG00000143375	57530	IntAct: binding regions	region	0	0	0	0
HGNC:17432	CHIA	Q9BZP6	ENSG00000134216	27159	IntAct: binding regions	region	0	0	0	0
HGNC:17447	CLSTN1	O94985	ENSG00000171603	22883	IntAct: binding regions	region	1	0	0	0
HGNC:17470	EPGN	Q6UW88	ENSG00000182585	255324	IntAct: binding regions	region	1	0	0	1
HGNC:1748	CDH1	P12830	ENSG00000039068	999	IntAct: binding regions	region	1	0	0	1
HGNC:175	ACVRL1	P37023	ENSG00000139567	94	IntAct: binding regions	region	0	1	0	1
HGNC:17550	KREMEN1	Q96MU8	ENSG00000183762	83999	IntAct: binding regions	region	0	0	0	1
HGNC:17567	DLEU7	Q6UYE1	ENSG00000186047	220107	IntAct: binding regions	region	0	0	0	0
HGNC:1759	CDH2	P19022	ENSG00000170558	1000	IntAct: binding regions	region	1	0	0	1
HGNC:1760	CDH20	Q9HBT6	ENSG00000101542	28316	IntAct: binding regions	region	0	0	0	1
HGNC:17601	CADM3	Q8N126	ENSG00000162706	57863	IntAct: binding regions	region	1	0	0	1
HGNC:1762	CDH3	P22223	ENSG00000062038	1001	IntAct: binding regions	region	1	0	0	0
HGNC:17635	CD274	Q9NZQ7	ENSG00000120217	29126	IntAct: binding regions	region	1	1	0	1
HGNC:1764	CDH5	P33151	ENSG00000179776	1003	IntAct: binding regions	region	1	0	0	1
HGNC:17664	NECTIN3	Q9NQS3	ENSG00000177707	25945	IntAct: binding regions	region	1	0	0	1
HGNC:17710	SIT1	Q9Y3P8	ENSG00000137078	27240	IntAct: binding regions	region	0	0	0	0
HGNC:17752	TSPAN3	O60637	ENSG00000140391	10099	IntAct: binding regions	region	0	0	0	0
HGNC:17755	TNFRSF13C	Q96RJ3	ENSG00000159958	115650	IntAct: binding regions	region	1	1	0	1
HGNC:17760	TREM1	Q9NP99	ENSG00000124731	54210	IntAct: binding regions	region	0	0	0	1
HGNC:17761	TREM2	Q9NZC2	ENSG00000095970	54209	IntAct: binding regions	region	0	1	0	1
HGNC:17787	LIN7A	O14910	ENSG00000111052	8825	IntAct: binding regions	region	0	0	0	0
HGNC:17788	LIN7B	Q9HAP6	ENSG00000104863	64130	IntAct: binding regions	region	0	0	0	0
HGNC:17789	LIN7C	Q9NUP9	ENSG00000148943	55327	IntAct: binding regions	region	0	0	0	0
HGNC:17791	TBC1D8	O95759	ENSG00000204634	11138	IntAct: binding regions	region	0	0	0	0
HGNC:17810	AMOT	Q4VCS5	ENSG00000126016	154796	IntAct: binding regions	region	0	0	0	0
HGNC:17812	AMOTL2	Q9Y2J4	ENSG00000114019	51421	IntAct: binding regions	region	0	0	0	0
HGNC:17825	PLAAT3	P53816	ENSG00000176485	11145	IntAct: binding regions	region	0	0	0	0
HGNC:17829	GPR108	Q9NPR9	ENSG00000125734	56927	IntAct: binding regions	region	0	0	0	0
HGNC:17849	ADGRA2	Q96PE1	ENSG00000020181	25960	IntAct: binding regions	region	1	0	0	1
HGNC:17866	HAVCR1	Q96D42	ENSG00000113249	26762	IntAct: binding regions	region	0	0	0	1
HGNC:17867	NPTN	Q9Y639	ENSG00000156642	27020	IntAct: binding regions	region	0	0	0	1
HGNC:17934	PLA2G3	Q9NZ20	ENSG00000100078	50487	IntAct: binding regions	region	0	0	0	0
HGNC:17935	CD207	Q9UJ71	ENSG00000116031	50489	IntAct: binding regions	region	0	0	0	1
HGNC:17938	CALY	Q9NYX4	ENSG00000130643	50632	IntAct: binding regions	region	0	0	0	0
HGNC:17985	ROBO4	Q8WZ75	ENSG00000154133	54538	IntAct: binding regions	region	0	0	0	0
HGNC:17989	SLC22A12	Q96S37	ENSG00000197891	116085	IntAct: binding regions	region	0	0	0	0
HGNC:17993	TRPM4	Q8TD43	ENSG00000130529	54795	IntAct: binding regions	region	0	0	0	0
HGNC:17994	TRPM7	Q96QT4	ENSG00000092439	54822	IntAct: binding regions	region	0	0	0	0
HGNC:18	AAMP	Q13685	ENSG00000127837	14	IntAct: binding regions	region	0	0	0	0
HGNC:18015	IL17RB	Q9NRM6	ENSG00000056736	55540	IntAct: binding regions	region	0	0	0	1
HGNC:18083	TRPV4	Q9HBA0	ENSG00000111199	59341	IntAct: binding regions	region	0	0	0	0
HGNC:18084	TRPV3	Q8NET8	ENSG00000167723	162514	IntAct: binding regions	region	0	0	0	0
HGNC:18097	DEFB116	Q30KQ4	ENSG00000215545	245930	IntAct: binding regions	region	0	0	0	0
HGNC:18120	SLC22A11	Q9NSA0	ENSG00000168065	55867	IntAct: binding regions	region	0	0	0	0
HGNC:18121	MFRP	Q9BY79	ENSG00000235718	83552	IntAct: binding regions	region	0	0	0	1
HGNC:18126	ZNRF3	Q9ULT6	ENSG00000183579	84133	IntAct: binding regions	region	0	0	0	1
HGNC:1814	CEACAM1	P13688	ENSG00000079385	634	IntAct: binding regions	region	1	0	0	1
HGNC:1815	CEACAM3	P40198	ENSG00000170956	1084	IntAct: binding regions	region	0	0	0	1
HGNC:18152	TNFRSF12A	Q9NP84	ENSG00000006327	51330	IntAct: binding regions	region	1	1	0	1
HGNC:18153	TNFRSF13B	O14836	ENSG00000240505	23495	IntAct: binding regions	region	1	0	0	1
HGNC:1816	CEACAM4	O75871	ENSG00000105352	1089	IntAct: binding regions	region	0	0	0	1
HGNC:18171	CD244	Q9BZW8	ENSG00000122223	51744	IntAct: binding regions	region	1	0	0	0
HGNC:1818	CEACAM6	P40199	ENSG00000086548	4680	IntAct: binding regions	region	1	1	0	1
HGNC:18182	TPCN1	Q9ULQ1	ENSG00000186815	53373	IntAct: binding regions	region	0	0	0	0
HGNC:18187	SIAE	Q9HAT2	ENSG00000110013	54414	IntAct: binding regions	region	0	0	0	0
HGNC:18231	CDHR2	Q9BYE9	ENSG00000074276	54825	IntAct: binding regions	region	0	0	0	0
HGNC:18258	VEZT	Q9HBM0	ENSG00000028203	55591	IntAct: binding regions	region	0	0	0	0
HGNC:18274	CYSLTR2	Q9NS75	ENSG00000152207	57105	IntAct: binding regions	region	1	0	0	0
HGNC:18280	RNF130	Q86XS8	ENSG00000113269	55819	IntAct: binding regions	region	0	0	0	0
HGNC:18297	PILRB	Q9UKJ0	ENSG00000121716	29990	IntAct: binding regions	region	0	0	0	1
HGNC:18430	SLAMF9	Q96A28	ENSG00000162723	89886	IntAct: binding regions	region	0	0	0	1
HGNC:18437	HAVCR2	Q8TDQ0	ENSG00000135077	84868	IntAct: binding regions	region	1	1	0	0
HGNC:18472	ZDHHC5	Q9C0B5	ENSG00000156599	25921	IntAct: binding regions	region	0	0	0	0
HGNC:18486	PDZD2	O15018	ENSG00000133401	23037	IntAct: binding regions	region	0	0	0	0
HGNC:18510	GPRC6A	Q5T6X5	ENSG00000173612	222545	IntAct: binding regions	region	0	0	0	0
HGNC:18514	SPART	Q8N0X7	ENSG00000133104	23111	IntAct: binding regions	region	0	0	0	0
HGNC:18549	DCSTAMP	Q9H295	ENSG00000164935	81501	IntAct: binding regions	region	0	0	0	0
HGNC:18582	ADGRL2	O95490	ENSG00000117114	23266	IntAct: binding regions	region	1	0	0	1
HGNC:18584	IFNLR1	Q8IU57	ENSG00000185436	163702	IntAct: binding regions	region	0	0	0	0
HGNC:18628	STAB1	Q9NY15	ENSG00000010327	23166	IntAct: binding regions	region	0	1	0	1
HGNC:18629	STAB2	Q8WWQ8	ENSG00000136011	55576	IntAct: binding regions	region	0	0	0	0
HGNC:18634	UNC5D	Q6UXZ4	ENSG00000156687	137970	IntAct: binding regions	region	1	0	0	1
HGNC:18669	PALS1	Q8N3R9	ENSG00000072415	64398	IntAct: binding regions	region	0	0	0	0
HGNC:18688	CRB2	Q5IJ48	ENSG00000148204	286204	IntAct: binding regions	region	0	0	0	0
HGNC:18711	LGI3	Q8N145	ENSG00000168481	203190	IntAct: binding regions	region	0	0	0	0
HGNC:18731	PDCD1LG2	Q9BQ51	ENSG00000197646	80380	IntAct: binding regions	region	1	0	0	1
HGNC:18747	CNTNAP4	Q9C0A0	ENSG00000152910	85445	IntAct: binding regions	region	0	0	0	1
HGNC:1876	CFLAR	O15519	ENSG00000003402	8837	IntAct: binding regions	region	0	0	0	0
HGNC:18760	PCNX3	Q9H6A9	ENSG00000197136	399909	IntAct: binding regions	region	0	0	0	0
HGNC:18788	KLRK1	P26718	ENSG00000213809	22914	IntAct: binding regions	region	1	1	0	1
HGNC:188	ADAM10	O14672	ENSG00000137845	102	IntAct: binding regions	region	0	0	0	0
HGNC:18816	KIRREL2	Q6UWL6	ENSG00000126259	84063	IntAct: binding regions	region	0	0	0	0
HGNC:1884	CFTR	P13569	ENSG00000001626	1080	IntAct: binding regions	region	0	0	0	0
HGNC:18861	KCNV1	Q6PIU1	ENSG00000164794	27012	IntAct: binding regions	region	0	0	0	0
HGNC:18864	KCNH8	Q96L42	ENSG00000183960	131096	IntAct: binding regions	region	0	0	0	0
HGNC:18865	KCNT1	Q5JUK3	ENSG00000107147	57582	IntAct: binding regions	region	0	0	0	0
HGNC:18866	KCNT2	Q6UVM3	ENSG00000162687	343450	IntAct: binding regions	region	0	0	0	0
HGNC:18874	LAT	O43561	ENSG00000213658	27040	IntAct: binding regions	region	0	0	0	0
HGNC:18889	STYK1	Q6J9G0	ENSG00000060140	55359	IntAct: binding regions	region	0	0	0	0
HGNC:190	ADAM12	O43184	ENSG00000148848	8038	IntAct: binding regions	region	0	0	0	0
HGNC:19030	ADGRF5	Q8IZF2	ENSG00000069122	221395	IntAct: binding regions	region	0	0	0	1
HGNC:19077	NCR3	O14931	ENSG00000204475	259197	IntAct: binding regions	region	1	0	0	1
HGNC:19084	JAML	Q86YT9	ENSG00000160593	120425	IntAct: binding regions	region	1	0	0	1
HGNC:19089	SLC30A5	Q8TAD4	ENSG00000145740	64924	IntAct: binding regions	region	0	0	0	0
HGNC:19100	IL23R	Q5VWK5	ENSG00000162594	149233	IntAct: binding regions	region	0	0	0	1
HGNC:19102	RIGI	O95786	ENSG00000107201	23586	IntAct: binding regions	region	0	0	0	0
HGNC:19154	GJD2	Q9UKL4	ENSG00000159248	57369	IntAct: binding regions	region	0	0	0	0
HGNC:19168	TINAGL1	Q9GZM7	ENSG00000142910	64129	IntAct: binding regions	region	0	0	0	0
HGNC:19191	DOCK8	Q8NF50	ENSG00000107099	81704	IntAct: binding regions	region	0	0	0	0
HGNC:19205	STIM2	Q9P246	ENSG00000109689	57620	IntAct: binding regions	region	0	0	0	0
HGNC:19214	SHKBP1	Q8TBC3	ENSG00000160410	92799	IntAct: binding regions	region	0	0	0	0
HGNC:19239	SYT11	Q9BT88	ENSG00000132718	23208	IntAct: binding regions	region	0	0	0	0
HGNC:19290	CSMD2	Q7Z408	ENSG00000121904	114784	IntAct: binding regions	region	0	0	0	1
HGNC:19295	LMTK3	Q96Q04	ENSG00000142235	114783	IntAct: binding regions	region	0	0	0	0
HGNC:19296	EPHA6	Q9UF33	ENSG00000080224	285220	IntAct: binding regions	region	0	0	0	0
HGNC:19297	TNK2	Q07912	ENSG00000061938	10188	IntAct: binding regions	region	0	0	0	0
HGNC:19299	PIP4P1	Q86T03	ENSG00000165782	90809	IntAct: binding regions	region	0	0	0	0
HGNC:193	ADAM15	Q13444	ENSG00000143537	8751	IntAct: binding regions	region	0	0	0	1
HGNC:1930	CHGB	P05060	ENSG00000089199	1114	IntAct: binding regions	region	0	0	0	0
HGNC:19308	SDK2	Q58EX2	ENSG00000069188	54549	IntAct: binding regions	region	0	0	0	1
HGNC:19309	KANK1	Q14678	ENSG00000107104	23189	IntAct: binding regions	region	0	0	0	0
HGNC:1939	CHL1	O00533	ENSG00000134121	10752	IntAct: binding regions	region	1	0	0	1
HGNC:19391	SOCS3	O14543	ENSG00000184557	9021	IntAct: binding regions	region	0	0	0	0
HGNC:19409	LRRTM2	O43300	ENSG00000146006	26045	IntAct: binding regions	region	1	0	0	1
HGNC:195	ADAM17	P78536	ENSG00000151694	6868	IntAct: binding regions	region	0	0	0	1
HGNC:1951	CHRM2	P08172	ENSG00000181072	1129	IntAct: binding regions	region	1	0	0	0
HGNC:1952	CHRM3	P20309	ENSG00000133019	1131	IntAct: binding regions	region	1	0	0	0
HGNC:1953	CHRM4	P08173	ENSG00000180720	1132	IntAct: binding regions	region	1	0	0	0
HGNC:1954	CHRM5	P08912	ENSG00000184984	1133	IntAct: binding regions	region	1	0	0	0
HGNC:1958	CHRNA4	P43681	ENSG00000101204	1137	IntAct: binding regions	region	0	0	0	0
HGNC:1960	CHRNA7	P36544	ENSG00000175344	1139	IntAct: binding regions	region	1	0	0	0
HGNC:1962	CHRNB2	P17787	ENSG00000160716	1141	IntAct: binding regions	region	0	0	0	0
HGNC:19688	NECTIN4	Q96NY8	ENSG00000143217	81607	IntAct: binding regions	region	1	1	0	1
HGNC:197	ADAM19	Q9H013	ENSG00000135074	8728	IntAct: binding regions	region	0	0	0	1
HGNC:19700	CNKSR1	Q969H4	ENSG00000142675	10256	IntAct: binding regions	region	0	0	0	0
HGNC:19706	ADAMTSL4	Q6UY14	ENSG00000143382	54507	IntAct: binding regions	region	0	0	0	0
HGNC:19711	DISP1	Q96F81	ENSG00000154309	84976	IntAct: binding regions	region	0	0	0	0
HGNC:19718	RXFP1	Q9HBX9	ENSG00000171509	59350	IntAct: binding regions	region	1	0	0	1
HGNC:19832	CLEC14A	Q86T13	ENSG00000176435	161198	IntAct: binding regions	region	0	0	0	0
HGNC:19858	TTC7B	Q86TV6	ENSG00000165914	145567	IntAct: binding regions	region	0	0	0	0
HGNC:19869	SCARF2	Q96GP6	ENSG00000244486	91179	IntAct: binding regions	region	0	0	0	0
HGNC:19880	EMILIN1	Q9Y6C2	ENSG00000138080	11117	IntAct: binding regions	region	0	0	0	0
HGNC:19964	VASH1	Q7L8A9	ENSG00000071246	22846	IntAct: binding regions	region	0	0	0	0
HGNC:19966	UNC79	Q9P2D8	ENSG00000133958	57578	IntAct: binding regions	region	0	0	0	0
HGNC:20001	PCSK9	Q8NBP7	ENSG00000169174	255738	IntAct: binding regions	region	0	1	0	0
HGNC:20081	IGFBPL1	Q8WX77	ENSG00000137142	347252	IntAct: binding regions	region	0	0	0	0
HGNC:20090	DNAJC1	Q96KC8	ENSG00000136770	64215	IntAct: binding regions	region	0	0	0	0
HGNC:201	ADAM22	Q9P0K1	ENSG00000008277	53616	IntAct: binding regions	region	0	0	0	1
HGNC:20125	AHNAK2	Q8IVF2	ENSG00000185567	113146	IntAct: binding regions	region	0	0	0	0
HGNC:202	ADAM23	O75077	ENSG00000114948	8745	IntAct: binding regions	region	0	0	0	1
HGNC:2023	CLCN5	P51795	ENSG00000171365	1184	IntAct: binding regions	region	0	0	0	0
HGNC:20237	CRB3	Q9BUF7	ENSG00000130545	92359	IntAct: binding regions	region	0	0	0	0
HGNC:20295	SLITRK5	O94991	ENSG00000165300	26050	IntAct: binding regions	region	1	0	0	1
HGNC:20303	SLC30A8	Q8IWU4	ENSG00000164756	169026	IntAct: binding regions	region	0	0	0	0
HGNC:2032	CLDN1	O95832	ENSG00000163347	9076	IntAct: binding regions	region	0	1	0	0
HGNC:2033	CLDN10	P78369	ENSG00000134873	9071	IntAct: binding regions	region	0	0	0	0
HGNC:2035	CLDN14	O95500	ENSG00000159261	23562	IntAct: binding regions	region	0	0	0	0
HGNC:20360	LRFN5	Q96NI6	ENSG00000165379	145581	IntAct: binding regions	region	1	0	0	1
HGNC:2039	CLDN18	P56856	ENSG00000066405	51208	IntAct: binding regions	region	0	1	0	0
HGNC:20391	SULF1	Q8IWU6	ENSG00000137573	23213	IntAct: binding regions	region	0	0	0	0
HGNC:20396	PILRA	Q9UKJ1	ENSG00000085514	29992	IntAct: binding regions	region	1	0	0	1
HGNC:2040	CLDN19	Q8N6F1	ENSG00000164007	149461	IntAct: binding regions	region	0	0	0	0
HGNC:2041	CLDN2	P57739	ENSG00000165376	9075	IntAct: binding regions	region	0	0	0	0
HGNC:2042	CLDN20	P56880	ENSG00000171217	49861	IntAct: binding regions	region	0	0	0	0
HGNC:20421	LNX2	Q8N448	ENSG00000139517	222484	IntAct: binding regions	region	0	0	0	0
HGNC:20434	TREML1	Q86YW5	ENSG00000161911	340205	IntAct: binding regions	region	0	1	0	1
HGNC:2045	CLDN3	O15551	ENSG00000165215	1365	IntAct: binding regions	region	0	0	0	0
HGNC:2046	CLDN4	O14493	ENSG00000189143	1364	IntAct: binding regions	region	0	0	0	0
HGNC:2049	CLDN7	O95471	ENSG00000181885	1366	IntAct: binding regions	region	0	0	0	0
HGNC:2050	CLDN8	P56748	ENSG00000156284	9073	IntAct: binding regions	region	0	0	0	0
HGNC:2051	CLDN9	O95484	ENSG00000213937	9080	IntAct: binding regions	region	0	0	0	0
HGNC:2053	CLEC2B	Q92478	ENSG00000110852	9976	IntAct: binding regions	region	1	0	0	1
HGNC:20566	SV2A	Q7L0J3	ENSG00000159164	9900	IntAct: binding regions	region	0	0	0	0
HGNC:20652	TXNDC15	Q96J42	ENSG00000113621	79770	IntAct: binding regions	region	0	0	0	1
HGNC:20657	TSPAN1	O60635	ENSG00000117472	10103	IntAct: binding regions	region	0	0	0	0
HGNC:20659	TSPAN2	O60636	ENSG00000134198	10100	IntAct: binding regions	region	0	0	0	1
HGNC:20678	ZPBP2	Q6X784	ENSG00000186075	124626	IntAct: binding regions	region	0	0	0	0
HGNC:20707	OPALIN	Q96PE5	ENSG00000197430	93377	IntAct: binding regions	region	0	0	0	0
HGNC:2073	TPP1	O14773	ENSG00000166340	1200	IntAct: binding regions	region	0	0	0	0
HGNC:2076	CLN5	O75503	ENSG00000102805	1203	IntAct: binding regions	region	0	0	0	0
HGNC:20820	TPCN2	Q8NHX9	ENSG00000162341	219931	IntAct: binding regions	region	0	0	0	0
HGNC:20889	LRIG2	O94898	ENSG00000198799	9860	IntAct: binding regions	region	0	0	0	1
HGNC:2095	CLU	P10909	ENSG00000120885	1191	IntAct: binding regions	region	0	0	0	0
HGNC:20960	C6orf58	Q6P5S2	ENSG00000184530	352999	IntAct: binding regions	region	0	0	0	0
HGNC:20973	ADGRL1	O94910	ENSG00000072071	22859	IntAct: binding regions	region	1	0	0	1
HGNC:20974	ADGRL3	Q9HAR2	ENSG00000150471	23284	IntAct: binding regions	region	1	0	0	1
HGNC:20980	LRRN1	Q6UXK5	ENSG00000175928	57633	IntAct: binding regions	region	0	0	0	1
HGNC:21042	NUS1	Q96E22	ENSG00000153989	116150	IntAct: binding regions	region	0	0	0	0
HGNC:21087	BTLA	Q7Z6A9	ENSG00000186265	151888	IntAct: binding regions	region	1	1	0	0
HGNC:21092	TREML2	Q5T2D2	ENSG00000112195	79865	IntAct: binding regions	region	1	0	0	1
HGNC:21205	LINGO1	Q96FE5	ENSG00000169783	84894	IntAct: binding regions	region	0	1	0	1
HGNC:21222	PNISR	Q8TF01	ENSG00000132424	25957	IntAct: binding regions	region	0	0	0	0
HGNC:21226	LRFN2	Q9ULH4	ENSG00000156564	57497	IntAct: binding regions	region	0	0	0	1
HGNC:21245	PI16	Q6UXB8	ENSG00000164530	221476	IntAct: binding regions	region	0	0	0	0
HGNC:21263	ASIC4	Q96FT7	ENSG00000072182	55515	IntAct: binding regions	region	0	0	0	0
HGNC:21295	EPS8L1	Q8TE68	ENSG00000131037	54869	IntAct: binding regions	region	0	0	0	0
HGNC:21297	EPS8L3	Q8TE67	ENSG00000198758	79574	IntAct: binding regions	region	0	0	0	0
HGNC:21315	TMEM151B	Q8IW70	ENSG00000178233	441151	IntAct: binding regions	region	0	0	0	0
HGNC:21336	RNF146	Q9NTX7	ENSG00000118518	81847	IntAct: binding regions	region	0	0	0	0
HGNC:21367	CGAS	Q8N884	ENSG00000164430	115004	IntAct: binding regions	region	0	0	0	0
HGNC:21386	FSTL5	Q8N475	ENSG00000168843	56884	IntAct: binding regions	region	0	0	0	0
HGNC:21392	SLAMF6	Q96DU3	ENSG00000162739	114836	IntAct: binding regions	region	0	0	0	1
HGNC:21394	SLAMF7	Q9NQ25	ENSG00000026751	57823	IntAct: binding regions	region	0	1	0	0
HGNC:21461	RC3H2	Q9HBD1	ENSG00000056586	54542	IntAct: binding regions	region	0	0	0	0
HGNC:2148	CNGA1	P29973	ENSG00000198515	1259	IntAct: binding regions	region	0	0	0	0
HGNC:215	ADAM8	P78325	ENSG00000151651	101	IntAct: binding regions	region	0	0	0	0
HGNC:2159	CNR1	P21554	ENSG00000118432	1268	IntAct: binding regions	region	1	1	0	0
HGNC:216	ADAM9	Q13443	ENSG00000168615	8754	IntAct: binding regions	region	0	1	0	1
HGNC:2160	CNR2	P34972	ENSG00000188822	1269	IntAct: binding regions	region	1	0	0	0
HGNC:21641	TSPAN12	O95859	ENSG00000106025	23554	IntAct: binding regions	region	0	0	0	0
HGNC:21683	NAPEPLD	Q6IQ20	ENSG00000161048	222236	IntAct: binding regions	region	0	0	0	0
HGNC:217	ADAMTS1	Q9UHI8	ENSG00000154734	9510	IntAct: binding regions	region	0	0	0	0
HGNC:2170	CNTFR	P26992	ENSG00000122756	1271	IntAct: binding regions	region	0	0	0	1
HGNC:21709	TMUB1	Q9BVT8	ENSG00000164897	83590	IntAct: binding regions	region	0	0	0	0
HGNC:2171	CNTN1	Q12860	ENSG00000018236	1272	IntAct: binding regions	region	1	0	0	0
HGNC:2174	CNTN4	Q8IWV2	ENSG00000144619	152330	IntAct: binding regions	region	0	0	0	1
HGNC:2175	CNTN5	O94779	ENSG00000149972	53942	IntAct: binding regions	region	0	0	0	1
HGNC:2195	COL18A1	P39060	ENSG00000182871	80781	IntAct: binding regions	region	0	0	0	0
HGNC:22058	TMEM139	Q8IV31	ENSG00000178826	135932	IntAct: binding regions	region	0	0	0	0
HGNC:2212	COL6A2	P12110	ENSG00000142173	1292	IntAct: binding regions	region	0	0	0	0
HGNC:2213	COL6A3	P12111	ENSG00000163359	1293	IntAct: binding regions	region	0	0	0	0
HGNC:22222	TTYH3	Q9C0H2	ENSG00000136295	80727	IntAct: binding regions	region	0	0	0	0
HGNC:22225	CCDC136	Q96JN2	ENSG00000128596	64753	IntAct: binding regions	region	0	0	0	0
HGNC:224	ADAMTS8	Q9UP79	ENSG00000134917	11095	IntAct: binding regions	region	0	0	0	0
HGNC:22408	ATG9A	Q7Z3C6	ENSG00000198925	79065	IntAct: binding regions	region	0	0	0	0
HGNC:2301	CPD	O75976	ENSG00000108582	1362	IntAct: binding regions	region	0	0	0	1
HGNC:23034	CNKSR3	Q6P9H4	ENSG00000153721	154043	IntAct: binding regions	region	0	0	0	0
HGNC:23062	XKR7	Q5GH72	ENSG00000260903	343702	IntAct: binding regions	region	0	0	0	0
HGNC:23090	SLC15A4	Q8N697	ENSG00000139370	121260	IntAct: binding regions	region	0	0	0	0
HGNC:23094	SLC16A12	Q6ZSM3	ENSG00000152779	387700	IntAct: binding regions	region	0	0	0	0
HGNC:23109	FAT4	Q6V0I7	ENSG00000196159	79633	IntAct: binding regions	region	0	0	0	0
HGNC:23111	DCHS2	Q6V1P9	ENSG00000197410	54798	IntAct: binding regions	region	0	0	0	1
HGNC:23112	FAT3	Q8TDW7	ENSG00000165323	120114	IntAct: binding regions	region	0	0	0	0
HGNC:23143	SYT14	Q8NB59	ENSG00000143469	255928	IntAct: binding regions	region	0	0	0	0
HGNC:23204	KIRREL3	Q8IZU9	ENSG00000149571	84623	IntAct: binding regions	region	0	0	0	0
HGNC:23296	GJD4	Q96KN9	ENSG00000177291	219770	IntAct: binding regions	region	0	0	0	0
HGNC:2334	CR1	P17927	ENSG00000203710	1378	IntAct: binding regions	region	0	0	0	1
HGNC:2336	CR2	P20023	ENSG00000117322	1380	IntAct: binding regions	region	1	0	0	1
HGNC:23362	CLMB	Q96GX8	ENSG00000154102	404550	IntAct: binding regions	region	0	0	0	0
HGNC:23376	SLC71A2	Q5SR56	ENSG00000148110	84641	IntAct: binding regions	region	0	0	0	0
HGNC:23404	LRIT1	Q9P2V4	ENSG00000148602	26103	IntAct: binding regions	region	0	0	0	0
HGNC:2343	CRB1	P82279	ENSG00000134376	23418	IntAct: binding regions	region	0	0	0	0
HGNC:23443	LRIT2	A6NDA9	ENSG00000204033	340745	IntAct: binding regions	region	0	0	0	0
HGNC:23458	CALHM3	Q86XJ0	ENSG00000183128	119395	IntAct: binding regions	region	0	0	0	0
HGNC:2347	CREB3	O43889	ENSG00000107175	10488	IntAct: binding regions	region	0	0	0	0
HGNC:23503	SLITRK6	Q9H5Y7	ENSG00000184564	84189	IntAct: binding regions	region	1	1	0	0
HGNC:2357	CRHR1	P34998	ENSG00000120088	1394	IntAct: binding regions	region	1	0	0	0
HGNC:2359	CRIM1	Q9NZV1	ENSG00000150938	51232	IntAct: binding regions	region	0	0	0	1
HGNC:23609	TBC1D10A	Q9BXI6	ENSG00000099992	83874	IntAct: binding regions	region	0	0	0	0
HGNC:23631	NPSR1	Q6W5P4	ENSG00000187258	387129	IntAct: binding regions	region	1	0	0	0
HGNC:23633	PLGRKT	Q9HBL7	ENSG00000107020	55848	IntAct: binding regions	region	0	0	0	1
HGNC:2364	CRLF1	O75462	ENSG00000006016	9244	IntAct: binding regions	region	0	0	0	0
HGNC:23673	MAMDC2	Q7Z304	ENSG00000165072	256691	IntAct: binding regions	region	0	0	0	0
HGNC:23723	CERCAM	Q5T4B2	ENSG00000167123	51148	IntAct: binding regions	region	0	0	0	0
HGNC:2380	HAPLN1	P10915	ENSG00000145681	1404	IntAct: binding regions	region	0	0	0	0
HGNC:23801	SIPA1L3	O60292	ENSG00000105738	23094	IntAct: binding regions	region	0	0	0	0
HGNC:2389	CRYAB	P02511	ENSG00000109846	1410	IntAct: binding regions	region	0	0	0	0
HGNC:24059	TMPRSS11D	O60235	ENSG00000153802	9407	IntAct: binding regions	region	0	0	0	1
HGNC:24087	APOBR	Q0VD83	ENSG00000184730	55911	IntAct: binding regions	region	1	0	0	0
HGNC:24105	STAMBPL1	Q96FJ0	ENSG00000138134	57559	IntAct: binding regions	region	0	0	0	0
HGNC:24125	FRMD3	A2A2Y4	ENSG00000172159	257019	IntAct: binding regions	region	0	0	0	0
HGNC:24128	TM2D3	Q9BRN9	ENSG00000184277	80213	IntAct: binding regions	region	0	0	0	0
HGNC:24176	BTNL9	Q6UXG8	ENSG00000165810	153579	IntAct: binding regions	region	0	0	0	1
HGNC:24191	CLEC2A	Q6UVW9	ENSG00000188393	387836	IntAct: binding regions	region	1	0	0	0
HGNC:24215	ATP13A1	Q9HD20	ENSG00000105726	57130	IntAct: binding regions	region	0	0	0	0
HGNC:24227	CCPG1	Q9ULG6	ENSG00000260916	9236	IntAct: binding regions	region	0	0	0	0
HGNC:24235	CD200R1	Q8TD46	ENSG00000163606	131450	IntAct: binding regions	region	1	1	0	1
HGNC:24313	CRTAM	O95727	ENSG00000109943	56253	IntAct: binding regions	region	1	0	0	1
HGNC:2432	CSF1	P09603	ENSG00000184371	1435	IntAct: binding regions	region	1	1	0	0
HGNC:2433	CSF1R	P07333	ENSG00000182578	1436	IntAct: binding regions	region	1	1	0	1
HGNC:24356	CLEC1B	Q9P126	ENSG00000165682	51266	IntAct: binding regions	region	0	0	0	1
HGNC:2436	CSF2RB	P32927	ENSG00000100368	1439	IntAct: binding regions	region	0	1	0	1
HGNC:2439	CSF3R	Q99062	ENSG00000119535	1441	IntAct: binding regions	region	1	1	0	1
HGNC:24456	DNER	Q8NFT8	ENSG00000187957	92737	IntAct: binding regions	region	0	0	0	1
HGNC:24519	TCTN3	Q6NUS6	ENSG00000119977	26123	IntAct: binding regions	region	0	0	0	0
HGNC:24544	RNF167	Q9H6Y7	ENSG00000108523	26001	IntAct: binding regions	region	0	0	0	0
HGNC:2466	CSPG4	Q6UVK1	ENSG00000173546	1464	IntAct: binding regions	region	1	0	0	0
HGNC:24665	CD200R1L	Q6Q8B3	ENSG00000206531	344807	IntAct: binding regions	region	0	0	0	1
HGNC:24668	CFHR5	Q9BXR6	ENSG00000134389	81494	IntAct: binding regions	region	0	0	0	0
HGNC:2467	CSPG5	O95196	ENSG00000114646	10675	IntAct: binding regions	region	0	0	0	1
HGNC:2468	SMC3	Q9UQE7	ENSG00000108055	9126	IntAct: binding regions	region	0	0	0	0
HGNC:24682	FLVCR1	Q9Y5Y0	ENSG00000162769	28982	IntAct: binding regions	region	0	0	0	0
HGNC:24692	FCAMR	Q8WWV6	ENSG00000162897	83953	IntAct: binding regions	region	0	0	0	1
HGNC:24711	MFSD6	Q6ZSS7	ENSG00000151690	54842	IntAct: binding regions	region	0	0	0	0
HGNC:24741	MIGA1	Q8NAN2	ENSG00000180488	374986	IntAct: binding regions	region	0	0	0	0
HGNC:24820	ENTREP1	Q15884	ENSG00000135063	9413	IntAct: binding regions	region	0	0	0	0
HGNC:24854	STBD1	O95210	ENSG00000118804	8987	IntAct: binding regions	region	0	0	0	0
HGNC:24927	CHP2	O43745	ENSG00000166869	63928	IntAct: binding regions	region	0	0	0	0
HGNC:24945	GPIHBP1	Q8IV16	ENSG00000277494	338328	IntAct: binding regions	region	0	0	0	1
HGNC:2500	CCN2	P29279	ENSG00000118523	1490	IntAct: binding regions	region	0	0	0	0
HGNC:25023	LRTM1	Q9HBL6	ENSG00000144771	57408	IntAct: binding regions	region	0	0	0	0
HGNC:25026	PLPP5	Q8NEB5	ENSG00000147535	84513	IntAct: binding regions	region	0	0	0	0
HGNC:25042	LRRC4B	Q9NT99	ENSG00000131409	94030	IntAct: binding regions	region	1	0	0	1
HGNC:2505	CTLA4	P16410	ENSG00000163599	1493	IntAct: binding regions	region	1	1	0	1
HGNC:25054	DRAXIN	Q8NBI3	ENSG00000162490	374946	IntAct: binding regions	region	0	0	0	0
HGNC:25063	DMKN	Q6E0U4	ENSG00000161249	93099	IntAct: binding regions	region	0	0	0	0
HGNC:2509	CTNNA1	P35221	ENSG00000044115	1495	IntAct: binding regions	region	0	0	0	0
HGNC:25132	TIMD4	Q96H15	ENSG00000145850	91937	IntAct: binding regions	region	0	0	0	1
HGNC:2514	CTNNB1	P35222	ENSG00000168036	1499	IntAct: binding regions	region	0	0	0	0
HGNC:25143	SLC9B2	Q86UD5	ENSG00000164038	133308	IntAct: binding regions	region	0	0	0	0
HGNC:2515	CTNND1	O60716	ENSG00000198561	1500	IntAct: binding regions	region	0	0	0	0
HGNC:25201	TMEM219	Q86XT9	ENSG00000149932	124446	IntAct: binding regions	region	1	1	0	0
HGNC:25203	TMEM65	Q6PI78	ENSG00000164983	157378	IntAct: binding regions	region	0	0	0	0
HGNC:25363	TMEM222	Q9H0R3	ENSG00000186501	84065	IntAct: binding regions	region	0	0	0	0
HGNC:25436	TMEM132C	Q8N3T6	ENSG00000181234	92293	IntAct: binding regions	region	0	0	0	0
HGNC:25474	ENOX1	Q8TC92	ENSG00000120658	55068	IntAct: binding regions	region	0	0	0	0
HGNC:2548	CUBN	O60494	ENSG00000107611	8029	IntAct: binding regions	region	0	0	0	0
HGNC:25549	SLURP2	P0DP57	ENSG00000283992	432355	IntAct: binding regions	region	0	0	0	0
HGNC:2559	CXADR	P78310	ENSG00000154639	1525	IntAct: binding regions	region	0	0	0	1
HGNC:25596	TTC17	Q96AE7	ENSG00000052841	55761	IntAct: binding regions	region	0	0	0	0
HGNC:2561	CXCR4	P61073	ENSG00000121966	7852	IntAct: binding regions	region	1	1	0	0
HGNC:25641	RNLS	Q5VYX0	ENSG00000184719	55328	IntAct: binding regions	region	0	0	0	0
HGNC:25645	DRAM1	Q8N682	ENSG00000136048	55332	IntAct: binding regions	region	0	0	0	0
HGNC:25697	GSDMD	P57764	ENSG00000104518	79792	IntAct: binding regions	region	0	0	0	0
HGNC:2577	CYBA	P13498	ENSG00000051523	1535	IntAct: binding regions	region	0	0	0	0
HGNC:25842	HHIPL2	Q6UWX4	ENSG00000143512	79802	IntAct: binding regions	region	0	0	0	0
HGNC:25896	ORAI1	Q96D31	ENSG00000276045	84876	IntAct: binding regions	region	0	0	0	0
HGNC:26043	ODAM	A1E959	ENSG00000109205	54959	IntAct: binding regions	region	0	0	0	0
HGNC:26131	BTNL8	Q6UX41	ENSG00000113303	79908	IntAct: binding regions	region	0	0	0	1
HGNC:26142	TMEM134	Q9H6X4	ENSG00000172663	80194	IntAct: binding regions	region	0	0	0	0
HGNC:26255	C3orf52	Q5BVD1	ENSG00000114529	79669	IntAct: binding regions	region	0	0	0	0
HGNC:26272	LRRC8E	Q6NSJ5	ENSG00000171017	80131	IntAct: binding regions	region	0	0	0	0
HGNC:263	ADORA2A	P29274	ENSG00000128271	135	IntAct: binding regions	region	1	0	0	0
HGNC:26373	PRTG	Q2VWP7	ENSG00000166450	283659	IntAct: binding regions	region	0	0	0	1
HGNC:26384	IGSF10	Q6WRI0	ENSG00000152580	285313	IntAct: binding regions	region	0	0	0	0
HGNC:26392	PTCHD1	Q96NR3	ENSG00000165186	139411	IntAct: binding regions	region	0	0	0	0
HGNC:26401	MARVELD2	Q8N4S9	ENSG00000152939	153562	IntAct: binding regions	region	0	0	0	0
HGNC:26486	CNST	Q6PJW8	ENSG00000162852	163882	IntAct: binding regions	region	0	0	0	1
HGNC:26507	DUOXA1	Q1HG43	ENSG00000140254	90527	IntAct: binding regions	region	0	0	0	0
HGNC:2654	CCN1	O00622	ENSG00000142871	3491	IntAct: binding regions	region	0	0	0	0
HGNC:26542	MPP7	Q5T2T1	ENSG00000150054	143098	IntAct: binding regions	region	0	0	0	0
HGNC:26559	ZFYVE27	Q5T4F4	ENSG00000155256	118813	IntAct: binding regions	region	0	0	0	0
HGNC:26579	TMEM92	Q6UXU6	ENSG00000167105	162461	IntAct: binding regions	region	0	0	0	0
HGNC:26617	MLKL	Q8NB16	ENSG00000168404	197259	IntAct: binding regions	region	0	0	0	0
HGNC:26624	KDF1	Q8NAX2	ENSG00000175707	126695	IntAct: binding regions	region	0	0	0	0
HGNC:26641	SSC5D	A1L4H1	ENSG00000179954	284297	IntAct: binding regions	region	0	0	0	0
HGNC:26649	C16orf54	Q6UWD8	ENSG00000185905	283897	IntAct: binding regions	region	0	0	0	0
HGNC:2665	CD55	P08174	ENSG00000196352	1604	IntAct: binding regions	region	1	0	0	0
HGNC:26655	MARCHF10	Q8NA82	ENSG00000173838	162333	IntAct: binding regions	region	0	0	0	0
HGNC:2666	DAG1	Q14118	ENSG00000173402	1605	IntAct: binding regions	region	1	0	0	0
HGNC:26763	TMEM266	Q2M3C6	ENSG00000169758	123591	IntAct: binding regions	region	0	0	0	0
HGNC:26838	TIGIT	Q495A1	ENSG00000181847	201633	IntAct: binding regions	region	1	1	0	1
HGNC:2689	DBH	P09172	ENSG00000123454	1621	IntAct: binding regions	region	0	0	0	0
HGNC:26896	RGMB	Q6NW40	ENSG00000174136	285704	IntAct: binding regions	region	0	0	0	1
HGNC:26901	OTOGL	Q3ZCN5	ENSG00000165899	283310	IntAct: binding regions	region	0	0	0	0
HGNC:26909	HTRA4	P83105	ENSG00000169495	203100	IntAct: binding regions	region	0	0	0	0
HGNC:26953	BLTP1	Q2LD37	ENSG00000138688	84162	IntAct: binding regions	region	0	0	0	0
HGNC:2696	DBNL	Q9UJU6	ENSG00000136279	28988	IntAct: binding regions	region	0	0	0	0
HGNC:2701	DCC	P43146	ENSG00000187323	1630	IntAct: binding regions	region	1	0	0	1
HGNC:27046	LDLRAD3	Q86YD5	ENSG00000179241	143458	IntAct: binding regions	region	0	0	0	0
HGNC:27106	NOTUM	Q6P988	ENSG00000185269	147111	IntAct: binding regions	region	0	0	0	0
HGNC:27113	SPACA6	W5XKT8	ENSG00000182310	147650	IntAct: binding regions	region	0	0	0	1
HGNC:27139	SHISA4	Q96DD7	ENSG00000198892	149345	IntAct: binding regions	region	0	0	0	0
HGNC:27279	MPZL3	Q6UWV2	ENSG00000160588	196264	IntAct: binding regions	region	0	0	0	1
HGNC:27296	TMEM61	Q8N0U2	ENSG00000143001	199964	IntAct: binding regions	region	0	0	0	0
HGNC:2730	DDR1	Q08345	ENSG00000204580	780	IntAct: binding regions	region	0	0	0	0
HGNC:2731	DDR2	Q16832	ENSG00000162733	4921	IntAct: binding regions	region	0	0	0	1
HGNC:27453	TMEM80	Q96HE8	ENSG00000177042	283232	IntAct: binding regions	region	0	0	0	0
HGNC:27570	MILR1	Q7Z6M3	ENSG00000271605	284021	IntAct: binding regions	region	0	0	0	1
HGNC:27596	SIGLEC15	Q6ZMC9	ENSG00000197046	284266	IntAct: binding regions	region	1	1	0	1
HGNC:277	ADRA1A	P35348	ENSG00000120907	148	IntAct: binding regions	region	1	0	0	0
HGNC:278	ADRA1B	P35368	ENSG00000170214	147	IntAct: binding regions	region	1	0	0	0
HGNC:280	ADRA1D	P25100	ENSG00000171873	146	IntAct: binding regions	region	1	0	0	0
HGNC:28030	TXNDC11	Q6PKC3	ENSG00000153066	51061	IntAct: binding regions	region	0	0	0	0
HGNC:28034	PDZD11	Q5EBL8	ENSG00000120509	51248	IntAct: binding regions	region	0	0	0	0
HGNC:28055	SAPCD2	Q86UD0	ENSG00000186193	89958	IntAct: binding regions	region	0	0	0	0
HGNC:281	ADRA2A	P08913	ENSG00000150594	150	IntAct: binding regions	region	1	0	0	0
HGNC:28130	PRR7	Q8TB68	ENSG00000131188	80758	IntAct: binding regions	region	0	0	0	0
HGNC:28150	CRELD2	Q6UXH1	ENSG00000184164	79174	IntAct: binding regions	region	0	0	0	0
HGNC:282	ADRA2B	P18089	ENSG00000274286	151	IntAct: binding regions	region	1	0	0	0
HGNC:28318	LRRIQ3	A6PVS8	ENSG00000162620	127255	IntAct: binding regions	region	0	0	0	0
HGNC:28324	TMIGD2	Q96BF3	ENSG00000167664	126259	IntAct: binding regions	region	0	0	0	1
HGNC:28370	LRFN3	Q9BTN0	ENSG00000126243	79414	IntAct: binding regions	region	0	0	0	1
HGNC:28381	MOSPD2	Q8NHP6	ENSG00000130150	158747	IntAct: binding regions	region	0	0	0	0
HGNC:28456	LRFN4	Q6PJG9	ENSG00000173621	78999	IntAct: binding regions	region	1	0	0	1
HGNC:28498	VXN	Q8TAG6	ENSG00000169085	254778	IntAct: binding regions	region	0	0	0	0
HGNC:285	ADRB1	P08588	ENSG00000043591	153	IntAct: binding regions	region	1	0	0	0
HGNC:28517	TMEM178A	Q8NBL3	ENSG00000152154	130733	IntAct: binding regions	region	0	0	0	0
HGNC:28527	NXPE1	Q8N323	ENSG00000095110	120400	IntAct: binding regions	region	0	0	0	0
HGNC:28537	TMEM252	Q8N6L7	ENSG00000181778	169693	IntAct: binding regions	region	0	0	0	0
HGNC:28539	IZUMO1	Q8IYV9	ENSG00000182264	284359	IntAct: binding regions	region	0	0	0	1
HGNC:28572	FRMPD2	Q68DX3	ENSG00000170324	143162	IntAct: binding regions	region	0	0	0	0
HGNC:28598	CATSPERD	Q86XM0	ENSG00000174898	257062	IntAct: binding regions	region	0	0	0	0
HGNC:286	ADRB2	P07550	ENSG00000169252	154	IntAct: binding regions	region	1	0	0	0
HGNC:28633	ARRDC1	Q8N5I2	ENSG00000197070	92714	IntAct: binding regions	region	0	0	0	0
HGNC:2865	DHH	O43323	ENSG00000139549	50846	IntAct: binding regions	region	1	0	0	0
HGNC:28688	CCDC24	Q8N4L8	ENSG00000159214	149473	IntAct: binding regions	region	0	0	0	0
HGNC:28732	C1QTNF9	P0C862	ENSG00000240654	338872	IntAct: binding regions	region	0	0	0	0
HGNC:28740	PDZD9	Q8IXQ8	ENSG00000155714	255762	IntAct: binding regions	region	0	0	0	0
HGNC:28741	ILDR1	Q86SU0	ENSG00000145103	286676	IntAct: binding regions	region	0	0	0	1
HGNC:28750	SLC5A12	Q1EHB4	ENSG00000148942	159963	IntAct: binding regions	region	0	0	0	0
HGNC:28789	SARAF	Q96BY9	ENSG00000133872	51669	IntAct: binding regions	region	0	0	0	0
HGNC:288	ADRB3	P13945	ENSG00000188778	155	IntAct: binding regions	region	1	0	0	0
HGNC:28834	CEACAM21	Q3KPI0	ENSG00000007129	90273	IntAct: binding regions	region	0	0	0	1
HGNC:28859	HILPDA	Q9Y5L2	ENSG00000135245	29923	IntAct: binding regions	region	0	0	0	0
HGNC:28881	PATJ	Q8NI35	ENSG00000132849	10207	IntAct: binding regions	region	0	0	0	0
HGNC:28897	SYNC	Q9H7C4	ENSG00000162520	81493	IntAct: binding regions	region	0	0	0	0
HGNC:2895	EDAR	Q9UNE0	ENSG00000135960	10913	IntAct: binding regions	region	0	0	0	1
HGNC:28974	TTLL12	Q14166	ENSG00000100304	23170	IntAct: binding regions	region	0	0	0	0
HGNC:28993	PIEZO1	Q92508	ENSG00000103335	9780	IntAct: binding regions	region	0	0	0	0
HGNC:29	ABCA1	O95477	ENSG00000165029	19	IntAct: binding regions	region	1	0	0	1
HGNC:2900	DLG1	Q12959	ENSG00000075711	1739	IntAct: binding regions	region	0	0	0	0
HGNC:2901	DLG2	Q15700	ENSG00000150672	1740	IntAct: binding regions	region	0	0	0	0
HGNC:2903	DLG4	P78352	ENSG00000132535	1742	IntAct: binding regions	region	0	0	0	0
HGNC:29063	ATRNL1	Q5VV63	ENSG00000107518	26033	IntAct: binding regions	region	0	0	0	1
HGNC:2908	DLL1	O00548	ENSG00000198719	28514	IntAct: binding regions	region	1	0	0	1
HGNC:29083	MFAP3L	O75121	ENSG00000198948	9848	IntAct: binding regions	region	0	0	0	1
HGNC:29097	TBC1D9B	Q66K14	ENSG00000197226	23061	IntAct: binding regions	region	0	0	0	0
HGNC:2910	DLL4	Q9NR61	ENSG00000128917	54567	IntAct: binding regions	region	1	1	0	1
HGNC:29171	IQCE	Q6IPM2	ENSG00000106012	23288	IntAct: binding regions	region	0	0	0	0
HGNC:29196	SLC45A4	Q5BKX6	ENSG00000022567	57210	IntAct: binding regions	region	0	0	0	0
HGNC:29214	GRAMD1B	Q3KR37	ENSG00000023171	57476	IntAct: binding regions	region	0	0	0	0
HGNC:29227	HEG1	Q9ULI3	ENSG00000173706	57493	IntAct: binding regions	region	0	0	0	0
HGNC:29255	USP53	Q70EK8	ENSG00000145390	54532	IntAct: binding regions	region	0	0	0	0
HGNC:29283	JCAD	Q9P266	ENSG00000165757	57608	IntAct: binding regions	region	0	0	0	0
HGNC:29286	ISLR2	Q6UXK2	ENSG00000167178	57611	IntAct: binding regions	region	0	0	0	1
HGNC:29290	LRFN1	Q9P244	ENSG00000128011	57622	IntAct: binding regions	region	0	0	0	1
HGNC:29305	GRAMD1A	Q96CP6	ENSG00000089351	57655	IntAct: binding regions	region	0	0	0	0
HGNC:29314	CACHD1	Q5VU97	ENSG00000158966	57685	IntAct: binding regions	region	0	0	0	1
HGNC:29317	LRRC4C	Q9HCJ2	ENSG00000148948	57689	IntAct: binding regions	region	1	0	0	0
HGNC:29326	SLC7A14	Q8TBB6	ENSG00000013293	57709	IntAct: binding regions	region	0	0	0	0
HGNC:2933	DMPK	Q09013	ENSG00000104936	1760	IntAct: binding regions	region	0	0	0	0
HGNC:29394	XKR4	Q5GH76	ENSG00000206579	114786	IntAct: binding regions	region	0	0	0	0
HGNC:29424	ANKRD24	Q8TF21	ENSG00000089847	170961	IntAct: binding regions	region	0	0	0	0
HGNC:29508	KIDINS220	Q9ULH0	ENSG00000134313	57498	IntAct: binding regions	region	0	0	0	0
HGNC:29514	GLDN	Q6ZMI3	ENSG00000186417	342035	IntAct: binding regions	region	0	0	0	1
HGNC:29546	SH3YL1	Q96HL8	ENSG00000035115	26751	IntAct: binding regions	region	0	0	0	0
HGNC:29568	LHFPL4	Q7Z7J7	ENSG00000156959	375323	IntAct: binding regions	region	0	0	0	0
HGNC:29572	LSR	Q86X29	ENSG00000105699	51599	IntAct: binding regions	region	0	0	0	1
HGNC:29602	PDPN	Q86YL7	ENSG00000162493	10630	IntAct: binding regions	region	0	0	0	1
HGNC:29608	MTDH	Q86UE4	ENSG00000147649	92140	IntAct: binding regions	region	0	0	0	0
HGNC:29634	MEGF10	Q96KG7	ENSG00000145794	84466	IntAct: binding regions	region	0	0	0	0
HGNC:29647	MAGI3	Q5TCQ9	ENSG00000081026	260425	IntAct: binding regions	region	0	0	0	0
HGNC:29849	CADM2	Q8N3J6	ENSG00000175161	253559	IntAct: binding regions	region	0	0	0	1
HGNC:29866	NFASC	O94856	ENSG00000163531	23114	IntAct: binding regions	region	0	0	0	1
HGNC:29872	NFAM1	Q8NET5	ENSG00000235568	150372	IntAct: binding regions	region	0	0	0	0
HGNC:29883	CD300LF	Q8TDQ1	ENSG00000186074	146722	IntAct: binding regions	region	0	0	0	1
HGNC:29943	TENM2	Q9NT68	ENSG00000145934	57451	IntAct: binding regions	region	1	0	0	1
HGNC:29945	TENM4	Q6N022	ENSG00000149256	26011	IntAct: binding regions	region	1	0	0	1
HGNC:29955	SLC51A	Q86UW1	ENSG00000163959	200931	IntAct: binding regions	region	0	0	0	0
HGNC:29960	OSCAR	Q8IYS5	ENSG00000170909	126014	IntAct: binding regions	region	0	0	0	0
HGNC:30031	PI4K2A	Q9BTU6	ENSG00000155252	55361	IntAct: binding regions	region	0	0	0	0
HGNC:30034	PIK3AP1	Q6ZUJ8	ENSG00000155629	118788	IntAct: binding regions	region	0	0	0	0
HGNC:30043	PAG1	Q9NWQ8	ENSG00000076641	55824	IntAct: binding regions	region	0	0	0	0
HGNC:30071	KIAA0319L	Q8IZA0	ENSG00000142687	79932	IntAct: binding regions	region	0	0	0	0
HGNC:3009	DPP4	P27487	ENSG00000197635	1803	IntAct: binding regions	region	1	1	0	1
HGNC:30092	NAMPT	P43490	ENSG00000105835	10135	IntAct: binding regions	region	0	0	0	0
HGNC:30100	PSENEN	Q9NZ42	ENSG00000205155	55851	IntAct: binding regions	region	0	0	0	0
HGNC:30167	PDIA4	P13667	ENSG00000155660	9601	IntAct: binding regions	region	0	0	0	0
HGNC:3018	SLC26A3	P40879	ENSG00000091138	1811	IntAct: binding regions	region	0	0	0	0
HGNC:30221	UBAC1	Q9BSL1	ENSG00000130560	10422	IntAct: binding regions	region	0	0	0	0
HGNC:3023	DRD2	P14416	ENSG00000149295	1813	IntAct: binding regions	region	1	0	0	0
HGNC:3024	DRD3	P35462	ENSG00000151577	1814	IntAct: binding regions	region	1	0	0	0
HGNC:303	AEBP1	Q8IUX7	ENSG00000106624	165	IntAct: binding regions	region	0	0	0	0
HGNC:3035	DSC1	Q08554	ENSG00000134765	1823	IntAct: binding regions	region	1	0	0	1
HGNC:3036	DSC2	Q02487	ENSG00000134755	1824	IntAct: binding regions	region	1	0	0	1
HGNC:3037	DSC3	Q14574	ENSG00000134762	1825	IntAct: binding regions	region	1	0	0	1
HGNC:30377	SCRIB	Q14160	ENSG00000180900	23513	IntAct: binding regions	region	0	0	0	0
HGNC:30385	SCAMP4	Q969E2	ENSG00000227500	113178	IntAct: binding regions	region	0	0	0	0
HGNC:30386	SCAMP5	Q8TAC9	ENSG00000198794	192683	IntAct: binding regions	region	0	0	0	0
HGNC:3039	DSCAM	O60469	ENSG00000171587	1826	IntAct: binding regions	region	1	0	0	1
HGNC:30400	SEMA3G	Q9NS98	ENSG00000010319	56920	IntAct: binding regions	region	0	0	0	0
HGNC:30406	HTRA3	P83110	ENSG00000170801	94031	IntAct: binding regions	region	0	0	0	0
HGNC:30422	SHROOM3	Q8TF72	ENSG00000138771	57619	IntAct: binding regions	region	0	0	0	0
HGNC:30450	NAPRT	Q6XQN6	ENSG00000147813	93100	IntAct: binding regions	region	0	0	0	0
HGNC:30455	CD300LG	Q6UXG3	ENSG00000161649	146894	IntAct: binding regions	region	0	0	0	1
HGNC:30457	RCCD1	A6NED2	ENSG00000166965	91433	IntAct: binding regions	region	0	0	0	0
HGNC:3048	DSG1	Q02413	ENSG00000134760	1828	IntAct: binding regions	region	1	0	0	0
HGNC:3049	DSG2	Q14126	ENSG00000046604	1829	IntAct: binding regions	region	1	0	0	0
HGNC:3052	DSP	P15924	ENSG00000096696	1832	IntAct: binding regions	region	0	0	0	0
HGNC:30575	SIGIRR	Q6IA17	ENSG00000185187	59307	IntAct: binding regions	region	0	0	0	0
HGNC:3062	DUOX1	Q9NRD9	ENSG00000137857	53905	IntAct: binding regions	region	0	0	0	0
HGNC:30622	SPIRE1	Q08AE8	ENSG00000134278	56907	IntAct: binding regions	region	0	0	0	0
HGNC:30626	YTHDC1	Q96MU7	ENSG00000083896	91746	IntAct: binding regions	region	0	0	0	0
HGNC:30627	SPPL2B	Q8TCT7	ENSG00000005206	56928	IntAct: binding regions	region	0	0	0	0
HGNC:30646	SND1	Q7KZF4	ENSG00000197157	27044	IntAct: binding regions	region	0	0	0	0
HGNC:30655	ABRA	Q8N0Z2	ENSG00000174429	137735	IntAct: binding regions	region	0	0	0	0
HGNC:30670	SV2C	Q496J9	ENSG00000122012	22987	IntAct: binding regions	region	0	0	0	0
HGNC:30683	TAPBPL	Q9BX59	ENSG00000139192	55080	IntAct: binding regions	region	0	0	0	0
HGNC:30748	TRHDE	Q9UKU6	ENSG00000072657	29953	IntAct: binding regions	region	0	0	0	1
HGNC:30799	PRRG4	Q9BZD6	ENSG00000135378	79056	IntAct: binding regions	region	0	0	0	0
HGNC:30811	CD300LB	A8K4G0	ENSG00000178789	124599	IntAct: binding regions	region	0	0	0	1
HGNC:30825	CADM4	Q8NFZ8	ENSG00000105767	199731	IntAct: binding regions	region	1	0	0	1
HGNC:3084	DVL1	O14640	ENSG00000107404	1855	IntAct: binding regions	region	0	0	0	0
HGNC:30843	CD302	Q8IX05	ENSG00000241399	9936	IntAct: binding regions	region	0	0	0	0
HGNC:3097	DYSF	O75923	ENSG00000135636	8291	IntAct: binding regions	region	0	0	0	0
HGNC:30991	LRIG3	Q6UXM1	ENSG00000139263	121227	IntAct: binding regions	region	0	0	0	0
HGNC:31045	SLC41A2	Q96JW4	ENSG00000136052	84102	IntAct: binding regions	region	0	0	0	0
HGNC:31104	MYO18A	Q92614	ENSG00000196535	399687	IntAct: binding regions	region	0	0	0	0
HGNC:31409	LRRC26	Q2I0M4	ENSG00000184709	389816	IntAct: binding regions	region	0	0	0	0
HGNC:3154	ECM2	O94769	ENSG00000106823	1842	IntAct: binding regions	region	0	0	0	0
HGNC:3157	EDA	Q92838	ENSG00000158813	1896	IntAct: binding regions	region	0	0	0	1
HGNC:3166	LPAR1	Q92633	ENSG00000198121	1902	IntAct: binding regions	region	1	0	0	0
HGNC:3168	LPAR2	Q9HBW0	ENSG00000064547	9170	IntAct: binding regions	region	1	0	0	0
HGNC:3173	EDIL3	O43854	ENSG00000164176	10085	IntAct: binding regions	region	0	0	0	0
HGNC:3189	EEF1A1	P68104	ENSG00000156508	1915	IntAct: binding regions	region	0	0	0	0
HGNC:31951	CEACAM19	Q7Z692	ENSG00000186567	56971	IntAct: binding regions	region	0	0	0	1
HGNC:32	ABCA2	Q9BZC7	ENSG00000107331	20	IntAct: binding regions	region	0	0	0	0
HGNC:320	AGER	Q15109	ENSG00000204305	177	IntAct: binding regions	region	0	0	0	1
HGNC:32007	SPATA31A7	Q8IWB4	ENSG00000276040	26165	IntAct: binding regions	region	0	0	0	0
HGNC:3222	EFNA2	O43921	ENSG00000099617	1943	IntAct: binding regions	region	1	0	0	1
HGNC:3225	EFNA5	P52803	ENSG00000184349	1946	IntAct: binding regions	region	1	0	0	1
HGNC:3227	EFNB2	P52799	ENSG00000125266	1948	IntAct: binding regions	region	1	0	0	0
HGNC:3228	EFNB3	Q15768	ENSG00000108947	1949	IntAct: binding regions	region	1	0	0	1
HGNC:3229	EGF	P01133	ENSG00000138798	1950	IntAct: binding regions	region	1	0	0	1
HGNC:3230	CELSR3	Q9NYQ7	ENSG00000008300	1951	IntAct: binding regions	region	1	0	0	1
HGNC:32326	IGSF9B	Q9UPX0	ENSG00000080854	22997	IntAct: binding regions	region	0	0	0	1
HGNC:3234	MEGF9	Q9H1U4	ENSG00000106780	1955	IntAct: binding regions	region	0	0	0	1
HGNC:32349	TMEM81	Q6P7N7	ENSG00000174529	388730	IntAct: binding regions	region	0	0	0	1
HGNC:3236	EGFR	P00533	ENSG00000146648	1956	IntAct: binding regions	region	1	1	0	1
HGNC:3242	EHD1	Q9H4M9	ENSG00000110047	10938	IntAct: binding regions	region	0	0	0	0
HGNC:32431	TMIGD1	Q6UXZ0	ENSG00000182271	388364	IntAct: binding regions	region	0	0	0	0
HGNC:32434	SLC38A8	A6NNN8	ENSG00000166558	146167	IntAct: binding regions	region	0	0	0	0
HGNC:3244	EHD3	Q9NZN3	ENSG00000013016	30845	IntAct: binding regions	region	0	0	0	0
HGNC:32565	IZUMO1R	A6ND01	ENSG00000183560	390243	IntAct: binding regions	region	0	0	0	1
HGNC:32671	TRIM72	Q6ZMU5	ENSG00000177238	493829	IntAct: binding regions	region	0	0	0	0
HGNC:32789	GFRAL	Q6UXV0	ENSG00000187871	389400	IntAct: binding regions	region	0	0	0	1
HGNC:3282	EIF4A1	P60842	ENSG00000161960	1973	IntAct: binding regions	region	0	0	0	0
HGNC:32926	SIGLEC14	Q08ET2	ENSG00000254415	100049587	IntAct: binding regions	region	0	0	0	1
HGNC:33	ABCA3	Q99758	ENSG00000167972	21	IntAct: binding regions	region	0	0	0	0
HGNC:3309	ELANE	P08246	ENSG00000197561	1991	IntAct: binding regions	region	0	0	0	0
HGNC:33188	AMTN	Q6UX39	ENSG00000187689	401138	IntAct: binding regions	region	0	0	0	0
HGNC:33227	TMEM114	B3SHH9	ENSG00000232258	283953	IntAct: binding regions	region	0	0	0	0
HGNC:33277	FAM163B	P0C2L3	ENSG00000196990	642968	IntAct: binding regions	region	0	0	0	0
HGNC:3332	MARK2	Q7KZI7	ENSG00000072518	2011	IntAct: binding regions	region	0	0	0	0
HGNC:3337	ADGRE2	Q9UHX3	ENSG00000127507	30817	IntAct: binding regions	region	1	0	0	1
HGNC:3338	CTTN	Q14247	ENSG00000085733	2017	IntAct: binding regions	region	0	0	0	0
HGNC:33455	SLC15A5	A6NIM6	ENSG00000188991	729025	IntAct: binding regions	region	0	0	0	0
HGNC:3349	ENG	P17813	ENSG00000106991	2022	IntAct: binding regions	region	0	1	0	1
HGNC:3350	ENO1	P06733	ENSG00000074800	2023	IntAct: binding regions	region	0	0	0	0
HGNC:33504	SCIMP	Q6UWF3	ENSG00000161929	388325	IntAct: binding regions	region	0	0	0	0
HGNC:33529	PALM2AKAP2	Q9Y2D5	ENSG00000157654	445815	IntAct: binding regions	region	0	0	0	0
HGNC:3356	ENPP1	P22413	ENSG00000197594	5167	IntAct: binding regions	region	0	0	0	0
HGNC:3357	ENPP2	Q13822	ENSG00000136960	5168	IntAct: binding regions	region	0	0	0	0
HGNC:336	AGTR1	P30556	ENSG00000144891	185	IntAct: binding regions	region	1	0	0	0
HGNC:33631	PEAR1	Q5VY43	ENSG00000187800	375033	IntAct: binding regions	region	0	0	0	0
HGNC:33737	NHSL2	Q5HYW2	ENSG00000204131	340527	IntAct: binding regions	region	0	0	0	0
HGNC:33742	CAVIN4	Q5BKX8	ENSG00000170681	347273	IntAct: binding regions	region	0	0	0	0
HGNC:3377	EPB41	P11171	ENSG00000159023	2035	IntAct: binding regions	region	0	0	0	0
HGNC:338	AGTR2	P50052	ENSG00000180772	186	IntAct: binding regions	region	1	0	0	0
HGNC:3380	EPB41L3	Q9Y2J2	ENSG00000082397	23136	IntAct: binding regions	region	0	0	0	0
HGNC:33816	TMEM215	Q68D42	ENSG00000188133	401498	IntAct: binding regions	region	0	0	0	0
HGNC:3385	EPHA1	P21709	ENSG00000146904	2041	IntAct: binding regions	region	1	0	0	0
HGNC:3386	EPHA2	P29317	ENSG00000142627	1969	IntAct: binding regions	region	1	0	0	1
HGNC:3388	EPHA4	P54764	ENSG00000116106	2043	IntAct: binding regions	region	1	0	0	1
HGNC:3389	EPHA5	P54756	ENSG00000145242	2044	IntAct: binding regions	region	1	0	0	0
HGNC:339	APLNR	P35414	ENSG00000134817	187	IntAct: binding regions	region	1	0	0	0
HGNC:3390	EPHA7	Q15375	ENSG00000135333	2045	IntAct: binding regions	region	1	0	0	0
HGNC:3392	EPHB1	P54762	ENSG00000154928	2047	IntAct: binding regions	region	1	0	0	0
HGNC:3393	EPHB2	P29323	ENSG00000133216	2048	IntAct: binding regions	region	1	0	0	0
HGNC:3394	EPHB3	P54753	ENSG00000182580	2049	IntAct: binding regions	region	1	0	0	0
HGNC:3396	EPHB6	O15197	ENSG00000106123	2051	IntAct: binding regions	region	1	0	0	0
HGNC:34	ABCA4	P78363	ENSG00000198691	24	IntAct: binding regions	region	0	0	0	1
HGNC:3416	EPOR	P19235	ENSG00000187266	2057	IntAct: binding regions	region	1	0	0	1
HGNC:3420	EPS8	Q12929	ENSG00000151491	2059	IntAct: binding regions	region	0	0	0	0
HGNC:3430	ERBB2	P04626	ENSG00000141736	2064	IntAct: binding regions	region	1	1	0	0
HGNC:3431	ERBB3	P21860	ENSG00000065361	2065	IntAct: binding regions	region	1	1	0	1
HGNC:3432	ERBB4	Q15303	ENSG00000178568	2066	IntAct: binding regions	region	1	0	0	1
HGNC:344	AHCYL1	O43865	ENSG00000168710	10768	IntAct: binding regions	region	0	0	0	0
HGNC:34491	SHISA6	Q6ZSJ9	ENSG00000188803	388336	IntAct: binding regions	region	0	0	0	0
HGNC:3454	ERV3-1	Q14264	ENSG00000213462	2086	IntAct: binding regions	region	0	0	0	0
HGNC:347	AHNAK	Q09666	ENSG00000124942	79026	IntAct: binding regions	region	0	0	0	0
HGNC:3496	MPZL2	O60487	ENSG00000149573	10205	IntAct: binding regions	region	0	0	0	1
HGNC:35153	FAM187A	A6NFU0	ENSG00000214447	100528020	IntAct: binding regions	region	0	0	0	1
HGNC:3537	F2R	P25116	ENSG00000181104	2149	IntAct: binding regions	region	1	0	0	1
HGNC:3541	F3	P13726	ENSG00000117525	2152	IntAct: binding regions	region	0	1	0	1
HGNC:35454	ECSCR	Q19T08	ENSG00000249751	641700	IntAct: binding regions	region	0	0	0	0
HGNC:3594	FASN	P49327	ENSG00000169710	2194	IntAct: binding regions	region	0	0	0	0
HGNC:3595	FAT1	Q14517	ENSG00000083857	2195	IntAct: binding regions	region	0	0	0	0
HGNC:3608	FCAR	P24071	ENSG00000186431	2204	IntAct: binding regions	region	0	0	0	1
HGNC:3611	FCER1G	P30273	ENSG00000158869	2207	IntAct: binding regions	region	0	0	0	0
HGNC:3612	FCER2	P06734	ENSG00000104921	2208	IntAct: binding regions	region	1	1	0	1
HGNC:3613	FCGR1A	P12314	ENSG00000150337	2209	IntAct: binding regions	region	0	0	0	1
HGNC:3616	FCGR2A	P12318	ENSG00000143226	2212	IntAct: binding regions	region	0	0	0	1
HGNC:3618	FCGR2B	P31994	ENSG00000072694	2213	IntAct: binding regions	region	0	0	0	0
HGNC:3620	FCGR3B	O75015	ENSG00000162747	2215	IntAct: binding regions	region	0	0	0	1
HGNC:3623	FCN1	O00602	ENSG00000085265	2219	IntAct: binding regions	region	0	0	0	0
HGNC:3624	FCN2	Q15485	ENSG00000160339	2220	IntAct: binding regions	region	0	0	0	0
HGNC:3661	FGA	P02671	ENSG00000171560	2243	IntAct: binding regions	region	0	0	0	0
HGNC:3662	FGB	P02675	ENSG00000171564	2244	IntAct: binding regions	region	0	0	0	0
HGNC:3676	FGF2	P09038	ENSG00000138685	2247	IntAct: binding regions	region	0	0	0	0
HGNC:3688	FGFR1	P11362	ENSG00000077782	2260	IntAct: binding regions	region	1	1	0	1
HGNC:3689	FGFR2	P21802	ENSG00000066468	2263	IntAct: binding regions	region	1	1	0	1
HGNC:3690	FGFR3	P22607	ENSG00000068078	2261	IntAct: binding regions	region	1	1	0	1
HGNC:3691	FGFR4	P22455	ENSG00000160867	2264	IntAct: binding regions	region	1	0	0	1
HGNC:3693	FGFRL1	Q8N441	ENSG00000127418	53834	IntAct: binding regions	region	0	0	0	1
HGNC:3695	FGL1	Q08830	ENSG00000104760	2267	IntAct: binding regions	region	0	0	0	0
HGNC:3696	FGL2	Q14314	ENSG00000127951	10875	IntAct: binding regions	region	0	0	0	0
HGNC:3697	FGR	P09769	ENSG00000000938	2268	IntAct: binding regions	region	0	0	0	0
HGNC:37	ABCA7	Q8IZY2	ENSG00000064687	10347	IntAct: binding regions	region	0	0	0	0
HGNC:3706	ATP8B1	O43520	ENSG00000081923	5205	IntAct: binding regions	region	0	0	0	0
HGNC:37207	MFSD2B	A6NFX1	ENSG00000205639	388931	IntAct: binding regions	region	0	0	0	0
HGNC:3724	FKBP8	Q14318	ENSG00000105701	23770	IntAct: binding regions	region	0	0	0	0
HGNC:37250	TARM1	B6A8C7	ENSG00000248385	441864	IntAct: binding regions	region	0	0	0	1
HGNC:3757	FLOT1	O75955	ENSG00000137312	10211	IntAct: binding regions	region	0	0	0	0
HGNC:3762	FLRT3	Q9NZU0	ENSG00000125848	23767	IntAct: binding regions	region	1	0	0	1
HGNC:3763	FLT1	P17948	ENSG00000102755	2321	IntAct: binding regions	region	1	1	0	1
HGNC:37646	KLRF2	D3W0D1	ENSG00000256797	100431172	IntAct: binding regions	region	1	0	0	1
HGNC:3765	FLT3	P36888	ENSG00000122025	2322	IntAct: binding regions	region	1	1	0	0
HGNC:3767	FLT4	P35916	ENSG00000037280	2324	IntAct: binding regions	region	1	0	0	1
HGNC:3778	FN1	P02751	ENSG00000115414	2335	IntAct: binding regions	region	0	0	0	0
HGNC:3788	FOLH1	Q04609	ENSG00000086205	2346	IntAct: binding regions	region	0	1	0	1
HGNC:38	ABCA8	O94911	ENSG00000141338	10351	IntAct: binding regions	region	0	0	0	0
HGNC:39080	KCNJ18	B7U540	ENSG00000260458	100134444	IntAct: binding regions	region	0	0	0	0
HGNC:3971	FST	P19883	ENSG00000134363	10468	IntAct: binding regions	region	0	0	0	0
HGNC:3972	FSTL1	Q12841	ENSG00000163430	11167	IntAct: binding regions	region	0	0	0	0
HGNC:3999	FTL	P02792	ENSG00000087086	2512	IntAct: binding regions	region	0	0	0	0
HGNC:40034	LRRC3C	A6NJW4	ENSG00000204913	100505591	IntAct: binding regions	region	0	0	0	0
HGNC:4013	FUT2	Q10981	ENSG00000176920	2524	IntAct: binding regions	region	0	0	0	0
HGNC:4035	ACKR1	Q16570	ENSG00000213088	2532	IntAct: binding regions	region	1	0	0	1
HGNC:4038	FZD1	Q9UP38	ENSG00000157240	8321	IntAct: binding regions	region	0	0	0	1
HGNC:4039	FZD10	Q9ULW2	ENSG00000111432	11211	IntAct: binding regions	region	0	1	0	0
HGNC:4040	FZD2	Q14332	ENSG00000180340	2535	IntAct: binding regions	region	0	0	0	1
HGNC:4041	FZD3	Q9NPG1	ENSG00000104290	7976	IntAct: binding regions	region	0	0	0	0
HGNC:4042	FZD4	Q9ULV1	ENSG00000174804	8322	IntAct: binding regions	region	0	0	0	0
HGNC:4043	FZD5	Q13467	ENSG00000163251	7855	IntAct: binding regions	region	0	0	0	0
HGNC:4045	FZD7	O75084	ENSG00000155760	8324	IntAct: binding regions	region	0	0	0	1
HGNC:4046	FZD8	Q9H461	ENSG00000177283	8325	IntAct: binding regions	region	0	0	0	1
HGNC:4047	FZD9	O00144	ENSG00000188763	8326	IntAct: binding regions	region	0	0	0	1
HGNC:4053	ISG15	P05161	ENSG00000187608	9636	IntAct: binding regions	region	0	0	0	0
HGNC:4070	GABBR1	Q9UBS5	ENSG00000204681	2550	IntAct: binding regions	region	1	0	0	0
HGNC:4084	GABRD	O14764	ENSG00000187730	2563	IntAct: binding regions	region	0	0	0	0
HGNC:4087	GABRG2	P18507	ENSG00000113327	2566	IntAct: binding regions	region	0	0	0	0
HGNC:4141	GAPDH	P04406	ENSG00000111640	2597	IntAct: binding regions	region	0	0	0	0
HGNC:4161	LRRC32	Q14392	ENSG00000137507	2615	IntAct: binding regions	region	0	1	0	0
HGNC:4162	GARS1	P41250	ENSG00000106105	2617	IntAct: binding regions	region	0	0	0	0
HGNC:41911	SPATA31F1	Q6ZU69	ENSG00000205108	259308	IntAct: binding regions	region	0	0	0	0
HGNC:42400	NCR3LG1	Q68D85	ENSG00000188211	374383	IntAct: binding regions	region	1	1	0	1
HGNC:4245	GFRA3	O60609	ENSG00000146013	2676	IntAct: binding regions	region	0	1	0	1
HGNC:4250	GGT1	P19440	ENSG00000100031	2678	IntAct: binding regions	region	0	0	0	1
HGNC:4263	GHR	P10912	ENSG00000112964	2690	IntAct: binding regions	region	1	0	0	1
HGNC:4266	GHRHR	Q02643	ENSG00000106128	2692	IntAct: binding regions	region	1	0	0	0
HGNC:4267	GHSR	Q92847	ENSG00000121853	2693	IntAct: binding regions	region	1	0	0	0
HGNC:427	ALK	Q9UM73	ENSG00000171094	238	IntAct: binding regions	region	1	0	0	1
HGNC:4271	GIPR	P48546	ENSG00000010310	2696	IntAct: binding regions	region	1	1	0	1
HGNC:4274	GJA1	P17302	ENSG00000152661	2697	IntAct: binding regions	region	1	0	0	0
HGNC:4280	GJC1	P36383	ENSG00000182963	10052	IntAct: binding regions	region	1	0	0	0
HGNC:4281	GJA8	P48165	ENSG00000121634	2703	IntAct: binding regions	region	0	0	0	0
HGNC:4329	GLRB	P48167	ENSG00000109738	2743	IntAct: binding regions	region	0	0	0	1
HGNC:43444	MYZAP	P0CAP1	ENSG00000263155	100820829	IntAct: binding regions	region	0	0	0	0
HGNC:438	ALPL	P05186	ENSG00000162551	249	IntAct: binding regions	region	0	0	0	1
HGNC:4392	GNAS	P63092	ENSG00000087460	2778	IntAct: binding regions	region	0	0	0	0
HGNC:4396	GNB1	P62873	ENSG00000078369	2782	IntAct: binding regions	region	0	0	0	0
HGNC:4398	GNB2	P62879	ENSG00000172354	2783	IntAct: binding regions	region	0	0	0	0
HGNC:4404	GNG2	P59768	ENSG00000186469	54331	IntAct: binding regions	region	0	0	0	0
HGNC:44112	TMEM178B	H3BS89	ENSG00000261115	100507421	IntAct: binding regions	region	0	0	0	0
HGNC:44159	TPBGL	P0DKB5	ENSG00000261594	100507050	IntAct: binding regions	region	0	0	0	0
HGNC:44200	TRABD2B	A6NFA1	ENSG00000269113	388630	IntAct: binding regions	region	0	0	0	1
HGNC:4439	GP1BA	P07359	ENSG00000185245	2811	IntAct: binding regions	region	1	0	0	0
HGNC:4440	GP1BB	P13224	ENSG00000203618	2812	IntAct: binding regions	region	0	0	0	0
HGNC:4444	GP9	P14770	ENSG00000169704	2815	IntAct: binding regions	region	0	0	0	0
HGNC:4449	GPC1	P35052	ENSG00000063660	2817	IntAct: binding regions	region	0	0	0	1
HGNC:4451	GPC3	P51654	ENSG00000147257	2719	IntAct: binding regions	region	0	1	0	0
HGNC:4453	GPC5	P78333	ENSG00000179399	2262	IntAct: binding regions	region	0	0	0	0
HGNC:4454	GPC6	Q9Y625	ENSG00000183098	10082	IntAct: binding regions	region	0	0	0	1
HGNC:4460	GPM6A	P51674	ENSG00000150625	2823	IntAct: binding regions	region	0	0	0	0
HGNC:4464	PRLHR	P49683	ENSG00000119973	2834	IntAct: binding regions	region	1	0	0	0
HGNC:4466	GPR12	P47775	ENSG00000132975	2835	IntAct: binding regions	region	0	0	0	0
HGNC:4471	GPR17	Q13304	ENSG00000144230	2840	IntAct: binding regions	region	1	0	0	0
HGNC:4474	CCR10	P46092	ENSG00000184451	2826	IntAct: binding regions	region	1	0	0	0
HGNC:4479	MCHR1	Q99705	ENSG00000128285	2847	IntAct: binding regions	region	1	0	0	0
HGNC:4484	GPR3	P46089	ENSG00000181773	2827	IntAct: binding regions	region	0	0	0	0
HGNC:4485	GPER1	Q99527	ENSG00000164850	2852	IntAct: binding regions	region	1	0	0	0
HGNC:4501	FFAR2	O15552	ENSG00000126262	2867	IntAct: binding regions	region	0	0	0	0
HGNC:4504	LGR5	O75473	ENSG00000139292	8549	IntAct: binding regions	region	1	1	0	1
HGNC:4507	GABBR2	O75899	ENSG00000136928	9568	IntAct: binding regions	region	1	0	0	0
HGNC:4510	KISS1R	Q969F8	ENSG00000116014	84634	IntAct: binding regions	region	1	0	0	0
HGNC:4512	ADGRG1	Q9Y653	ENSG00000205336	9289	IntAct: binding regions	region	1	0	0	1
HGNC:4515	GPR6	P46095	ENSG00000146360	2830	IntAct: binding regions	region	0	0	0	0
HGNC:453	AMBP	P02760	ENSG00000106927	259	IntAct: binding regions	region	0	0	0	0
HGNC:4537	P2RY13	Q9BPV8	ENSG00000181631	53829	IntAct: binding regions	region	0	0	0	0
HGNC:4571	GRIA1	P42261	ENSG00000155511	2890	IntAct: binding regions	region	1	0	0	0
HGNC:4572	GRIA2	P42262	ENSG00000120251	2891	IntAct: binding regions	region	1	0	0	0
HGNC:4573	GRIA3	P42263	ENSG00000125675	2892	IntAct: binding regions	region	1	0	0	0
HGNC:4576	GRID2	O43424	ENSG00000152208	2895	IntAct: binding regions	region	1	0	0	0
HGNC:4580	GRIK2	Q13002	ENSG00000164418	2898	IntAct: binding regions	region	1	0	0	0
HGNC:4584	GRIN1	Q05586	ENSG00000176884	2902	IntAct: binding regions	region	0	0	0	0
HGNC:4585	GRIN2A	Q12879	ENSG00000183454	2903	IntAct: binding regions	region	0	0	0	0
HGNC:4586	GRIN2B	Q13224	ENSG00000273079	2904	IntAct: binding regions	region	0	0	0	0
HGNC:4587	GRIN2C	Q14957	ENSG00000161509	2905	IntAct: binding regions	region	0	0	0	0
HGNC:4588	GRIN2D	O15399	ENSG00000105464	2906	IntAct: binding regions	region	0	0	0	0
HGNC:4593	GRM1	Q13255	ENSG00000152822	2911	IntAct: binding regions	region	1	0	0	0
HGNC:4594	GRM2	Q14416	ENSG00000164082	2912	IntAct: binding regions	region	1	0	0	1
HGNC:4597	GRM5	P41594	ENSG00000168959	2915	IntAct: binding regions	region	1	0	0	0
HGNC:46	ABCB5	Q2M3G0	ENSG00000004846	340273	IntAct: binding regions	region	0	0	0	0
HGNC:4606	PDIA3	P30101	ENSG00000167004	2923	IntAct: binding regions	region	0	0	0	0
HGNC:4620	GSN	P06396	ENSG00000148180	2934	IntAct: binding regions	region	0	0	0	0
HGNC:463	AMFR	Q9UKV5	ENSG00000159461	267	IntAct: binding regions	region	0	0	0	0
HGNC:4688	GUCY2C	P25092	ENSG00000070019	2984	IntAct: binding regions	region	0	1	0	0
HGNC:4689	GUCY2D	Q02846	ENSG00000132518	3000	IntAct: binding regions	region	0	0	0	0
HGNC:47	ABCB6	Q9NP58	ENSG00000115657	10058	IntAct: binding regions	region	0	0	0	0
HGNC:4702	GYPA	P02724	ENSG00000170180	2993	IntAct: binding regions	region	0	0	0	1
HGNC:4704	GYPC	P04921	ENSG00000136732	2995	IntAct: binding regions	region	0	0	0	0
HGNC:471	AMPH	P49418	ENSG00000078053	273	IntAct: binding regions	region	0	0	0	0
HGNC:4820	HAS3	O00219	ENSG00000103044	3038	IntAct: binding regions	region	0	0	0	0
HGNC:4840	HCK	P08631	ENSG00000101336	3055	IntAct: binding regions	region	0	0	0	0
HGNC:4846	HCN2	Q9UL51	ENSG00000099822	610	IntAct: binding regions	region	0	0	0	0
HGNC:4886	HFE	Q30201	ENSG00000010704	3077	IntAct: binding regions	region	1	0	0	1
HGNC:4887	HJV	Q6ZVN8	ENSG00000168509	148738	IntAct: binding regions	region	0	0	0	1
HGNC:4890	CFHR2	P36980	ENSG00000080910	3080	IntAct: binding regions	region	0	0	0	0
HGNC:490	ANGPTL2	Q9UKU9	ENSG00000136859	23452	IntAct: binding regions	region	0	0	0	0
HGNC:4905	HHLA2	Q9UM44	ENSG00000114455	11148	IntAct: binding regions	region	0	0	0	0
HGNC:493	ANK2	Q01484	ENSG00000145362	287	IntAct: binding regions	region	0	0	0	0
HGNC:4931	HLA-A	P04439	ENSG00000206503	3105	IntAct: binding regions	region	0	0	0	1
HGNC:4932	HLA-B	P01889	ENSG00000234745	3106	IntAct: binding regions	region	0	0	0	1
HGNC:4933	HLA-C	P10321	ENSG00000204525	3107	IntAct: binding regions	region	0	0	0	1
HGNC:4934	HLA-DMA	P28067	ENSG00000204257	3108	IntAct: binding regions	region	0	0	0	0
HGNC:4935	HLA-DMB	P28068	ENSG00000242574	3109	IntAct: binding regions	region	0	0	0	0
HGNC:4936	HLA-DOA	P06340	ENSG00000204252	3111	IntAct: binding regions	region	0	0	0	1
HGNC:4937	HLA-DOB	P13765	ENSG00000241106	3112	IntAct: binding regions	region	0	0	0	1
HGNC:494	ANK3	Q12955	ENSG00000151150	288	IntAct: binding regions	region	0	0	0	0
HGNC:4942	HLA-DQA1	P01909	ENSG00000196735	3117	IntAct: binding regions	region	0	0	0	1
HGNC:4944	HLA-DQB1	P01920	ENSG00000179344	3119	IntAct: binding regions	region	0	0	0	1
HGNC:4947	HLA-DRA	P01903	ENSG00000204287	3122	IntAct: binding regions	region	0	0	0	1
HGNC:4948	HLA-DRB1	P01911	ENSG00000196126	3123	IntAct: binding regions	region	0	0	0	1
HGNC:4962	HLA-E	P13747	ENSG00000204592	3133	IntAct: binding regions	region	1	0	0	1
HGNC:4963	HLA-F	P30511	ENSG00000204642	3134	IntAct: binding regions	region	1	0	0	1
HGNC:4964	HLA-G	P17693	ENSG00000204632	3135	IntAct: binding regions	region	1	1	0	1
HGNC:4975	MR1	Q95460	ENSG00000153029	3140	IntAct: binding regions	region	0	0	0	1
HGNC:4983	HMGB1	P09429	ENSG00000189403	3146	IntAct: binding regions	region	0	0	0	0
HGNC:500	ANPEP	P15144	ENSG00000166825	290	IntAct: binding regions	region	0	0	0	1
HGNC:5048	HNRNPU	Q00839	ENSG00000153187	3192	IntAct: binding regions	region	0	0	0	0
HGNC:5182	HRH1	P35367	ENSG00000196639	3269	IntAct: binding regions	region	1	0	0	0
HGNC:5184	HRH3	Q9Y5N1	ENSG00000101180	11255	IntAct: binding regions	region	1	0	0	0
HGNC:5232	HSPA1A	P0DMV8	ENSG00000204389	3303	IntAct: binding regions	region	0	0	0	0
HGNC:5235	HSPA2	P54652	ENSG00000126803	3306	IntAct: binding regions	region	0	0	0	0
HGNC:5238	HSPA5	P11021	ENSG00000044574	3309	IntAct: binding regions	region	0	0	0	0
HGNC:5241	HSPA8	P11142	ENSG00000109971	3312	IntAct: binding regions	region	0	0	0	0
HGNC:5244	HSPA9	P38646	ENSG00000113013	3313	IntAct: binding regions	region	0	0	0	0
HGNC:5246	HSPB1	P04792	ENSG00000106211	3315	IntAct: binding regions	region	0	0	0	0
HGNC:5253	HSP90AA1	P07900	ENSG00000080824	3320	IntAct: binding regions	region	0	0	0	0
HGNC:5258	HSP90AB1	P08238	ENSG00000096384	3326	IntAct: binding regions	region	0	0	0	0
HGNC:5261	HSPD1	P10809	ENSG00000144381	3329	IntAct: binding regions	region	0	0	0	0
HGNC:5273	HSPG2	P98160	ENSG00000142798	3339	IntAct: binding regions	region	0	0	0	0
HGNC:5286	HTR1A	P08908	ENSG00000178394	3350	IntAct: binding regions	region	1	0	0	0
HGNC:5287	HTR1B	P28222	ENSG00000135312	3351	IntAct: binding regions	region	1	0	0	0
HGNC:5293	HTR2A	P28223	ENSG00000102468	3356	IntAct: binding regions	region	1	0	0	0
HGNC:5294	HTR2B	P41595	ENSG00000135914	3357	IntAct: binding regions	region	1	0	0	0
HGNC:5295	HTR2C	P28335	ENSG00000147246	3358	IntAct: binding regions	region	1	0	0	0
HGNC:5301	HTR6	P50406	ENSG00000158748	3362	IntAct: binding regions	region	1	0	0	0
HGNC:53075	TMEM225B	P0DP42	ENSG00000244219	100289187	IntAct: binding regions	region	0	0	0	0
HGNC:5318	TNC	P24821	ENSG00000041982	3371	IntAct: binding regions	region	0	0	0	0
HGNC:5331	NOD2	Q9HC29	ENSG00000167207	64127	IntAct: binding regions	region	0	0	0	0
HGNC:5344	ICAM1	P05362	ENSG00000090339	3383	IntAct: binding regions	region	1	1	0	1
HGNC:5348	ICAM5	Q9UMF0	ENSG00000105376	7087	IntAct: binding regions	region	0	0	0	1
HGNC:5351	ICOS	Q9Y6W8	ENSG00000163600	29851	IntAct: binding regions	region	1	1	0	1
HGNC:53638	REELD1	A0A1B0GV85	ENSG00000250673	345051	IntAct: binding regions	region	0	0	0	0
HGNC:537	ANXA2	P07355	ENSG00000182718	302	IntAct: binding regions	region	0	0	0	0
HGNC:5381	IDE	P14735	ENSG00000119912	3416	IntAct: binding regions	region	0	0	0	0
HGNC:5392	IER3	P46695	ENSG00000137331	8870	IntAct: binding regions	region	0	0	0	1
HGNC:5395	IFI16	Q16666	ENSG00000163565	3428	IntAct: binding regions	region	0	0	0	0
HGNC:5414	IFITM3	Q01628	ENSG00000142089	10410	IntAct: binding regions	region	0	0	0	0
HGNC:5432	IFNAR1	P17181	ENSG00000142166	3454	IntAct: binding regions	region	0	1	0	1
HGNC:5433	IFNAR2	P48551	ENSG00000159110	3455	IntAct: binding regions	region	0	0	0	1
HGNC:5439	IFNGR1	P15260	ENSG00000027697	3459	IntAct: binding regions	region	1	0	0	1
HGNC:545	ANXA7	P20073	ENSG00000138279	310	IntAct: binding regions	region	0	0	0	0
HGNC:5465	IGF1R	P08069	ENSG00000140443	3480	IntAct: binding regions	region	1	1	0	0
HGNC:5467	IGF2R	P11717	ENSG00000197081	3482	IntAct: binding regions	region	0	0	0	0
HGNC:5472	IGFBP3	P17936	ENSG00000146674	3486	IntAct: binding regions	region	0	0	0	0
HGNC:5476	IGFBP7	Q16270	ENSG00000163453	3490	IntAct: binding regions	region	0	0	0	0
HGNC:55	ABCC4	O15439	ENSG00000125257	10257	IntAct: binding regions	region	0	0	0	0
HGNC:550	AOC3	Q16853	ENSG00000131471	8639	IntAct: binding regions	region	0	1	0	1
HGNC:56	ABCC5	O15440	ENSG00000114770	10057	IntAct: binding regions	region	0	0	0	0
HGNC:564	AP2M1	Q96CW1	ENSG00000161203	1173	IntAct: binding regions	region	0	0	0	0
HGNC:57	ABCC6	O95255	ENSG00000091262	368	IntAct: binding regions	region	0	0	0	0
HGNC:583	APC	P25054	ENSG00000134982	324	IntAct: binding regions	region	0	0	0	0
HGNC:5951	CADM1	Q9BY67	ENSG00000182985	23705	IntAct: binding regions	region	1	0	0	1
HGNC:5952	IGSF5	Q9NSI5	ENSG00000183067	150084	IntAct: binding regions	region	0	0	0	0
HGNC:5956	IHH	Q14623	ENSG00000163501	3549	IntAct: binding regions	region	1	0	0	0
HGNC:5964	IL10RA	Q13651	ENSG00000110324	3587	IntAct: binding regions	region	0	0	0	1
HGNC:5965	IL10RB	Q08334	ENSG00000243646	3588	IntAct: binding regions	region	0	0	0	1
HGNC:597	APLP1	P51693	ENSG00000105290	333	IntAct: binding regions	region	0	0	0	0
HGNC:5972	IL12RB2	Q99665	ENSG00000081985	3595	IntAct: binding regions	region	0	0	0	0
HGNC:5975	IL13RA2	Q14627	ENSG00000123496	3598	IntAct: binding regions	region	1	0	0	1
HGNC:5977	IL15	P40933	ENSG00000164136	3600	IntAct: binding regions	region	0	0	0	0
HGNC:598	APLP2	Q06481	ENSG00000084234	334	IntAct: binding regions	region	1	0	0	0
HGNC:5980	IL16	Q14005	ENSG00000172349	3603	IntAct: binding regions	region	0	0	0	0
HGNC:5985	IL17RA	Q96F46	ENSG00000177663	23765	IntAct: binding regions	region	0	1	0	1
HGNC:5988	IL18R1	Q13478	ENSG00000115604	8809	IntAct: binding regions	region	0	0	0	0
HGNC:5991	IL1A	P01583	ENSG00000115008	3552	IntAct: binding regions	region	0	0	0	0
HGNC:5993	IL1R1	P14778	ENSG00000115594	3554	IntAct: binding regions	region	0	0	0	1
HGNC:5994	IL1R2	P27930	ENSG00000115590	7850	IntAct: binding regions	region	0	0	0	1
HGNC:5995	IL1RAP	Q9NPH3	ENSG00000196083	3556	IntAct: binding regions	region	1	1	0	1
HGNC:5996	IL1RAPL1	Q9NZN1	ENSG00000169306	11141	IntAct: binding regions	region	1	0	0	1
HGNC:5997	IL1RAPL2	Q9NP60	ENSG00000189108	26280	IntAct: binding regions	region	0	0	0	1
HGNC:5998	IL1RL1	Q01638	ENSG00000115602	9173	IntAct: binding regions	region	0	1	0	1
HGNC:60	ABCC9	O60706	ENSG00000069431	10060	IntAct: binding regions	region	0	0	0	0
HGNC:6004	IL20RB	Q6UXL0	ENSG00000174564	53833	IntAct: binding regions	region	0	0	0	1
HGNC:6008	IL2RA	P01589	ENSG00000134460	3559	IntAct: binding regions	region	0	1	0	1
HGNC:6009	IL2RB	P14784	ENSG00000100385	3560	IntAct: binding regions	region	0	0	0	1
HGNC:6010	IL2RG	P31785	ENSG00000147168	3561	IntAct: binding regions	region	0	0	0	1
HGNC:6012	IL3RA	P26951	ENSG00000185291	3563	IntAct: binding regions	region	0	1	0	0
HGNC:6015	IL4R	P24394	ENSG00000077238	3566	IntAct: binding regions	region	0	1	0	0
HGNC:6017	IL5RA	Q01344	ENSG00000091181	3568	IntAct: binding regions	region	0	1	0	0
HGNC:6019	IL6R	P08887	ENSG00000160712	3570	IntAct: binding regions	region	1	1	0	1
HGNC:6021	IL6ST	P40189	ENSG00000134352	3572	IntAct: binding regions	region	1	0	0	1
HGNC:6024	IL7R	P16871	ENSG00000168685	3575	IntAct: binding regions	region	0	1	0	1
HGNC:6026	CXCR1	P25024	ENSG00000163464	3577	IntAct: binding regions	region	1	0	0	0
HGNC:6027	CXCR2	P25025	ENSG00000180871	3579	IntAct: binding regions	region	1	0	0	0
HGNC:6091	INSR	P06213	ENSG00000171105	3643	IntAct: binding regions	region	1	1	0	1
HGNC:6110	IQGAP1	P46940	ENSG00000140575	8826	IntAct: binding regions	region	0	0	0	0
HGNC:6125	IRS1	P35568	ENSG00000169047	3667	IntAct: binding regions	region	0	0	0	0
HGNC:613	APOE	P02649	ENSG00000130203	348	IntAct: binding regions	region	0	0	0	0
HGNC:6134	ITGA1	P56199	ENSG00000213949	3672	IntAct: binding regions	region	0	0	0	0
HGNC:6135	ITGA10	O75578	ENSG00000143127	8515	IntAct: binding regions	region	0	0	0	0
HGNC:6136	ITGA11	Q9UKX5	ENSG00000137809	22801	IntAct: binding regions	region	0	0	0	0
HGNC:6137	ITGA2	P17301	ENSG00000164171	3673	IntAct: binding regions	region	0	1	0	1
HGNC:6138	ITGA2B	P08514	ENSG00000005961	3674	IntAct: binding regions	region	0	1	0	1
HGNC:6140	ITGA4	P13612	ENSG00000115232	3676	IntAct: binding regions	region	0	1	0	1
HGNC:6141	ITGA5	P08648	ENSG00000161638	3678	IntAct: binding regions	region	0	0	0	1
HGNC:6148	ITGAL	P20701	ENSG00000005844	3683	IntAct: binding regions	region	1	1	0	1
HGNC:6149	ITGAM	P11215	ENSG00000169896	3684	IntAct: binding regions	region	0	0	0	1
HGNC:6150	ITGAV	P06756	ENSG00000138448	3685	IntAct: binding regions	region	0	1	0	1
HGNC:6152	ITGAX	P20702	ENSG00000140678	3687	IntAct: binding regions	region	0	0	0	1
HGNC:6153	ITGB1	P05556	ENSG00000150093	3688	IntAct: binding regions	region	0	0	0	1
HGNC:6155	ITGB2	P05107	ENSG00000160255	3689	IntAct: binding regions	region	0	1	0	1
HGNC:6156	ITGB3	P05106	ENSG00000259207	3690	IntAct: binding regions	region	0	0	0	1
HGNC:6158	ITGB4	P16144	ENSG00000132470	3691	IntAct: binding regions	region	0	0	0	1
HGNC:616	APOH	P02749	ENSG00000091583	350	IntAct: binding regions	region	0	0	0	0
HGNC:6160	ITGB5	P18084	ENSG00000082781	3693	IntAct: binding regions	region	0	0	0	0
HGNC:6161	ITGB6	P18564	ENSG00000115221	3694	IntAct: binding regions	region	0	1	0	1
HGNC:6162	ITGB7	P26010	ENSG00000139626	3695	IntAct: binding regions	region	0	0	0	1
HGNC:6163	ITGB8	P26012	ENSG00000105855	3696	IntAct: binding regions	region	0	0	0	1
HGNC:6174	ITM2B	Q9Y287	ENSG00000136156	9445	IntAct: binding regions	region	0	0	0	0
HGNC:618	APOL1	O14791	ENSG00000100342	8542	IntAct: binding regions	region	0	0	0	0
HGNC:6188	JAG1	P78504	ENSG00000101384	182	IntAct: binding regions	region	1	0	0	1
HGNC:6193	JAK3	P52333	ENSG00000105639	3718	IntAct: binding regions	region	0	0	0	0
HGNC:620	APP	P05067	ENSG00000142192	351	IntAct: binding regions	region	1	1	0	1
HGNC:6207	JUP	P14923	ENSG00000173801	3728	IntAct: binding regions	region	0	0	0	0
HGNC:6210	CD82	P27701	ENSG00000085117	3732	IntAct: binding regions	region	0	0	0	1
HGNC:6215	KARS1	Q15046	ENSG00000065427	3735	IntAct: binding regions	region	0	1	0	0
HGNC:6218	KCNA1	Q09470	ENSG00000111262	3736	IntAct: binding regions	region	0	0	0	0
HGNC:6221	KCNA3	P22001	ENSG00000177272	3738	IntAct: binding regions	region	0	0	0	0
HGNC:6222	KCNA4	P22459	ENSG00000182255	3739	IntAct: binding regions	region	0	0	0	0
HGNC:6224	KCNA5	P22460	ENSG00000130037	3741	IntAct: binding regions	region	0	0	0	0
HGNC:6225	KCNA6	P17658	ENSG00000151079	3742	IntAct: binding regions	region	0	0	0	0
HGNC:6226	KCNA7	Q96RP8	ENSG00000104848	3743	IntAct: binding regions	region	0	0	0	0
HGNC:6231	KCNB1	Q14721	ENSG00000158445	3745	IntAct: binding regions	region	0	0	0	0
HGNC:6238	KCND2	Q9NZV8	ENSG00000184408	3751	IntAct: binding regions	region	0	0	0	0
HGNC:6239	KCND3	Q9UK17	ENSG00000171385	3752	IntAct: binding regions	region	0	0	0	0
HGNC:6240	KCNE1	P15382	ENSG00000180509	3753	IntAct: binding regions	region	0	0	0	0
HGNC:6244	KCNE4	Q8WWG9	ENSG00000152049	23704	IntAct: binding regions	region	0	0	0	0
HGNC:6250	KCNH1	O95259	ENSG00000143473	3756	IntAct: binding regions	region	0	0	0	0
HGNC:6251	KCNH2	Q12809	ENSG00000055118	3757	IntAct: binding regions	region	0	0	0	0
HGNC:6252	KCNH3	Q9ULD8	ENSG00000135519	23416	IntAct: binding regions	region	0	0	0	0
HGNC:6255	KCNJ1	P48048	ENSG00000151704	3758	IntAct: binding regions	region	0	0	0	0
HGNC:6257	KCNJ11	Q14654	ENSG00000187486	3767	IntAct: binding regions	region	0	0	0	0
HGNC:6258	KCNJ12	Q14500	ENSG00000184185	3768	IntAct: binding regions	region	0	0	0	0
HGNC:6261	KCNJ15	Q99712	ENSG00000157551	3772	IntAct: binding regions	region	0	0	0	0
HGNC:6263	KCNJ2	P63252	ENSG00000123700	3759	IntAct: binding regions	region	0	0	0	0
HGNC:6264	KCNJ3	P48549	ENSG00000162989	3760	IntAct: binding regions	region	0	0	0	0
HGNC:6265	KCNJ4	P48050	ENSG00000168135	3761	IntAct: binding regions	region	0	0	0	0
HGNC:6270	KCNJ9	Q92806	ENSG00000162728	3765	IntAct: binding regions	region	0	0	0	0
HGNC:6272	KCNK1	O00180	ENSG00000135750	3775	IntAct: binding regions	region	0	0	0	0
HGNC:6278	KCNK3	O14649	ENSG00000171303	3777	IntAct: binding regions	region	0	0	0	0
HGNC:6284	KCNMA1	Q12791	ENSG00000156113	3778	IntAct: binding regions	region	0	0	0	0
HGNC:6289	KCNMB4	Q86W47	ENSG00000135643	27345	IntAct: binding regions	region	0	0	0	0
HGNC:6290	KCNN1	Q92952	ENSG00000105642	3780	IntAct: binding regions	region	0	0	0	0
HGNC:6291	KCNN2	Q9H2S1	ENSG00000080709	3781	IntAct: binding regions	region	0	0	0	0
HGNC:6293	KCNN4	O15554	ENSG00000104783	3783	IntAct: binding regions	region	0	0	0	0
HGNC:6294	KCNQ1	P51787	ENSG00000053918	3784	IntAct: binding regions	region	0	0	0	0
HGNC:6296	KCNQ2	O43526	ENSG00000075043	3785	IntAct: binding regions	region	0	0	0	0
HGNC:6299	KCNQ5	Q9NR82	ENSG00000185760	56479	IntAct: binding regions	region	0	0	0	0
HGNC:630	SHROOM2	Q13796	ENSG00000146950	357	IntAct: binding regions	region	0	0	0	0
HGNC:6307	KDR	P35968	ENSG00000128052	3791	IntAct: binding regions	region	1	1	0	1
HGNC:6329	KIR2DL1	P43626	ENSG00000125498	3802	IntAct: binding regions	region	1	0	0	1
HGNC:6331	KIR2DL3	P43628	ENSG00000243772	3804	IntAct: binding regions	region	1	0	0	0
HGNC:6333	KIR2DS1	Q14954	ENSG00000276387	3806	IntAct: binding regions	region	0	0	0	1
HGNC:6336	KIR2DS4	P43632	ENSG00000221957	3809	IntAct: binding regions	region	0	0	0	1
HGNC:6337	KIR2DS5	Q14953		3810	IntAct: binding regions	region	0	0	0	1
HGNC:6338	KIR3DL1	P43629	ENSG00000167633	3811	IntAct: binding regions	region	1	0	0	1
HGNC:6339	KIR3DL2	P43630	ENSG00000240403	3812	IntAct: binding regions	region	1	1	0	1
HGNC:6342	KIT	P10721	ENSG00000157404	3815	IntAct: binding regions	region	1	1	0	0
HGNC:636	AQP3	Q92482	ENSG00000165272	360	IntAct: binding regions	region	0	0	0	0
HGNC:637	AQP4	P55087	ENSG00000171885	361	IntAct: binding regions	region	0	0	0	0
HGNC:6373	KLRB1	Q12918	ENSG00000111796	3820	IntAct: binding regions	region	1	1	0	1
HGNC:6374	KLRC1	P26715	ENSG00000134545	3821	IntAct: binding regions	region	1	1	0	1
HGNC:6375	KLRC2	P26717	ENSG00000205809	3822	IntAct: binding regions	region	1	0	0	1
HGNC:6378	KLRD1	Q13241	ENSG00000134539	3824	IntAct: binding regions	region	0	1	0	1
HGNC:6380	KLRG1	Q96E93	ENSG00000139187	10219	IntAct: binding regions	region	1	1	0	1
HGNC:6383	KNG1	P01042	ENSG00000113889	3827	IntAct: binding regions	region	0	0	0	0
HGNC:639	AQP6	Q13520	ENSG00000086159	363	IntAct: binding regions	region	0	0	0	0
HGNC:640	AQP7	O14520	ENSG00000165269	364	IntAct: binding regions	region	0	0	0	0
HGNC:6412	KRT1	P04264	ENSG00000167768	3848	IntAct: binding regions	region	0	0	0	0
HGNC:6413	KRT10	P13645	ENSG00000186395	3858	IntAct: binding regions	region	0	0	0	0
HGNC:642	AQP8	O94778	ENSG00000103375	343	IntAct: binding regions	region	0	0	0	0
HGNC:6446	KRT8	P05787	ENSG00000170421	3856	IntAct: binding regions	region	0	0	0	0
HGNC:6465	KSR1	Q8IVT5	ENSG00000141068	8844	IntAct: binding regions	region	0	0	0	0
HGNC:6470	L1CAM	P32004	ENSG00000198910	3897	IntAct: binding regions	region	1	0	0	1
HGNC:6477	LAIR1	Q6GTX8	ENSG00000167613	3903	IntAct: binding regions	region	1	0	0	1
HGNC:6483	LAMA3	Q16787	ENSG00000053747	3909	IntAct: binding regions	region	0	0	0	0
HGNC:6484	LAMA4	Q16363	ENSG00000112769	3910	IntAct: binding regions	region	0	0	0	0
HGNC:6499	LAMP1	P11279	ENSG00000185896	3916	IntAct: binding regions	region	0	0	0	0
HGNC:6502	RPSA	P08865	ENSG00000168028	3921	IntAct: binding regions	region	0	0	0	0
HGNC:6547	LDLR	P01130	ENSG00000130164	3949	IntAct: binding regions	region	0	0	0	1
HGNC:6554	LEPR	P48357	ENSG00000116678	3953	IntAct: binding regions	region	1	1	0	1
HGNC:6563	LGALS3	P17931	ENSG00000131981	3958	IntAct: binding regions	region	0	0	0	0
HGNC:6569	LGALS8	O00214	ENSG00000116977	3964	IntAct: binding regions	region	0	0	0	0
HGNC:6572	LGI1	O95970	ENSG00000108231	9211	IntAct: binding regions	region	0	0	0	0
HGNC:6597	LIFR	P42702	ENSG00000113594	3977	IntAct: binding regions	region	0	0	0	1
HGNC:6602	LILRA1	O75019	ENSG00000104974	11024	IntAct: binding regions	region	0	0	0	1
HGNC:6603	LILRA2	Q8N149	ENSG00000239998	11027	IntAct: binding regions	region	0	0	0	1
HGNC:6605	LILRB1	Q8NHL6	ENSG00000104972	10859	IntAct: binding regions	region	1	0	0	1
HGNC:6606	LILRB2	Q8N423	ENSG00000131042	10288	IntAct: binding regions	region	1	1	0	1
HGNC:6607	LILRB3	O75022	ENSG00000204577	11025	IntAct: binding regions	region	0	0	0	1
HGNC:6609	LILRB5	O75023	ENSG00000105609	10990	IntAct: binding regions	region	0	0	0	1
HGNC:6656	LNPEP	Q9UIQ6	ENSG00000113441	4012	IntAct: binding regions	region	0	0	0	0
HGNC:6657	LNX1	Q8TBB1	ENSG00000072201	84708	IntAct: binding regions	region	0	0	0	0
HGNC:6664	LOX	P28300	ENSG00000113083	4015	IntAct: binding regions	region	0	0	0	0
HGNC:6665	LOXL1	Q08397	ENSG00000129038	4016	IntAct: binding regions	region	0	0	0	0
HGNC:6666	LOXL2	Q9Y4K0	ENSG00000134013	4017	IntAct: binding regions	region	0	0	0	0
HGNC:667	RHOA	P61586	ENSG00000067560	387	IntAct: binding regions	region	0	0	0	0
HGNC:6692	LRP1	Q07954	ENSG00000123384	4035	IntAct: binding regions	region	0	0	0	1
HGNC:6693	LRP1B	Q9NZR2	ENSG00000168702	53353	IntAct: binding regions	region	0	0	0	1
HGNC:6694	LRP2	P98164	ENSG00000081479	4036	IntAct: binding regions	region	0	0	0	1
HGNC:6695	LRP3	O75074	ENSG00000130881	4037	IntAct: binding regions	region	0	0	0	0
HGNC:6696	LRP4	O75096	ENSG00000134569	4038	IntAct: binding regions	region	0	0	0	1
HGNC:6697	LRP5	O75197	ENSG00000162337	4041	IntAct: binding regions	region	1	0	0	1
HGNC:6698	LRP6	O75581	ENSG00000070018	4040	IntAct: binding regions	region	1	0	0	1
HGNC:6700	LRP8	Q14114	ENSG00000157193	7804	IntAct: binding regions	region	1	0	0	1
HGNC:6702	LRRFIP1	Q32MZ4	ENSG00000124831	9208	IntAct: binding regions	region	0	0	0	0
HGNC:6709	LTA	P01374	ENSG00000226979	4049	IntAct: binding regions	region	0	0	0	0
HGNC:6714	LTBP1	Q14766	ENSG00000049323	4052	IntAct: binding regions	region	0	0	0	0
HGNC:6718	LTBR	P36941	ENSG00000111321	4055	IntAct: binding regions	region	1	0	0	0
HGNC:6720	LTF	P02788	ENSG00000012223	4057	IntAct: binding regions	region	0	0	0	0
HGNC:6721	LTK	P29376	ENSG00000062524	4058	IntAct: binding regions	region	0	0	0	1
HGNC:6722	BCAM	P50895	ENSG00000187244	4059	IntAct: binding regions	region	0	0	0	1
HGNC:6726	CD180	Q99467	ENSG00000134061	4064	IntAct: binding regions	region	0	0	0	1
HGNC:6730	LY9	Q9HBG7	ENSG00000122224	4063	IntAct: binding regions	region	0	0	0	0
HGNC:6731	NCR1	O76036	ENSG00000189430	9437	IntAct: binding regions	region	0	1	0	1
HGNC:6732	NCR2	O95944	ENSG00000096264	9436	IntAct: binding regions	region	0	0	0	1
HGNC:6735	LYN	P07948	ENSG00000254087	4067	IntAct: binding regions	region	0	0	0	0
HGNC:6743	CAPRIN1	Q14444	ENSG00000135387	4076	IntAct: binding regions	region	0	0	0	0
HGNC:6752	M6PR	P20645	ENSG00000003056	4074	IntAct: binding regions	region	0	0	0	0
HGNC:6766	MADD	Q8WXG6	ENSG00000110514	8567	IntAct: binding regions	region	0	0	0	0
HGNC:6783	MAG	P20916	ENSG00000105695	4099	IntAct: binding regions	region	0	1	0	1
HGNC:6826	MAN2B1	O00754	ENSG00000104774	4125	IntAct: binding regions	region	0	0	0	0
HGNC:6893	MAPT	P10636	ENSG00000186868	4137	IntAct: binding regions	region	0	1	0	0
HGNC:6895	MARCO	Q9UEW3	ENSG00000019169	8685	IntAct: binding regions	region	0	0	0	0
HGNC:6899	MAS1	P04201	ENSG00000130368	4142	IntAct: binding regions	region	0	0	0	0
HGNC:6902	MASP2	O00187	ENSG00000009724	10747	IntAct: binding regions	region	0	1	0	0
HGNC:6925	MBP	P02686	ENSG00000197971	4155	IntAct: binding regions	region	0	0	0	0
HGNC:6934	MCAM	P43121	ENSG00000076706	4162	IntAct: binding regions	region	1	1	0	1
HGNC:6935	MCC	P23508	ENSG00000171444	4163	IntAct: binding regions	region	0	0	0	0
HGNC:6953	CD46	P15529	ENSG00000117335	4179	IntAct: binding regions	region	0	0	0	1
HGNC:7027	MERTK	Q12866	ENSG00000153208	10461	IntAct: binding regions	region	1	0	0	1
HGNC:7029	MET	P08581	ENSG00000105976	4233	IntAct: binding regions	region	1	1	0	1
HGNC:7036	MFGE8	Q08431	ENSG00000140545	4240	IntAct: binding regions	region	0	0	0	0
HGNC:7090	MICA	Q29983	ENSG00000204520	100507436	IntAct: binding regions	region	1	1	0	1
HGNC:7097	MIF	P14174	ENSG00000240972	4282	IntAct: binding regions	region	0	0	0	0
HGNC:7103	MIP	P30301	ENSG00000135517	4284	IntAct: binding regions	region	0	0	0	0
HGNC:7126	MLF2	Q15773	ENSG00000089693	8079	IntAct: binding regions	region	0	0	0	0
HGNC:7146	TRPM1	Q7Z4N2	ENSG00000134160	4308	IntAct: binding regions	region	0	0	0	0
HGNC:7160	MMP14	P50281	ENSG00000157227	4323	IntAct: binding regions	region	0	0	0	1
HGNC:7161	MMP15	P51511	ENSG00000102996	4324	IntAct: binding regions	region	0	0	0	0
HGNC:7162	MMP16	P51512	ENSG00000156103	4325	IntAct: binding regions	region	0	0	0	0
HGNC:7166	MMP2	P08253	ENSG00000087245	4313	IntAct: binding regions	region	0	0	0	0
HGNC:7172	MMP24	Q9Y5R2	ENSG00000125966	10893	IntAct: binding regions	region	0	0	0	1
HGNC:7197	MOG	Q16653	ENSG00000204655	4340	IntAct: binding regions	region	0	0	0	1
HGNC:7203	CD200	P41217	ENSG00000091972	4345	IntAct: binding regions	region	1	1	0	1
HGNC:7208	MPDZ	O75970	ENSG00000107186	8777	IntAct: binding regions	region	0	0	0	0
HGNC:721	ARSF	P54793	ENSG00000062096	416	IntAct: binding regions	region	0	0	0	0
HGNC:7217	MPL	P40238	ENSG00000117400	4352	IntAct: binding regions	region	1	0	0	1
HGNC:7221	MPP3	Q13368	ENSG00000161647	4356	IntAct: binding regions	region	0	0	0	0
HGNC:7225	MPZ	P25189	ENSG00000158887	4359	IntAct: binding regions	region	0	0	0	1
HGNC:7226	MPZL1	O95297	ENSG00000197965	9019	IntAct: binding regions	region	1	0	0	0
HGNC:7373	MSN	P26038	ENSG00000147065	4478	IntAct: binding regions	region	0	0	0	0
HGNC:7381	MST1R	Q04912	ENSG00000164078	4486	IntAct: binding regions	region	1	1	0	1
HGNC:7463	MTNR1A	P48039	ENSG00000168412	4543	IntAct: binding regions	region	1	0	0	0
HGNC:7464	MTNR1B	P49286	ENSG00000134640	4544	IntAct: binding regions	region	1	0	0	0
HGNC:7508	MUC1	P15941	ENSG00000185499	4582	IntAct: binding regions	region	0	1	0	0
HGNC:7513	MUC3A	Q02505	ENSG00000169894	4584	IntAct: binding regions	region	0	0	0	0
HGNC:7521	CDHR5	Q9HBB8	ENSG00000099834	53841	IntAct: binding regions	region	0	0	0	0
HGNC:7525	MUSK	O15146	ENSG00000030304	4593	IntAct: binding regions	region	0	1	0	1
HGNC:7539	MXRA5	Q9NR99	ENSG00000101825	25878	IntAct: binding regions	region	0	0	0	0
HGNC:7579	MYH9	P35579	ENSG00000100345	4627	IntAct: binding regions	region	0	0	0	0
HGNC:7590	MYLK	Q15746	ENSG00000065534	4638	IntAct: binding regions	region	0	0	0	0
HGNC:7597	MYO1C	O00159	ENSG00000197879	4641	IntAct: binding regions	region	0	0	0	0
HGNC:7610	MYOC	Q99972	ENSG00000034971	4653	IntAct: binding regions	region	0	0	0	0
HGNC:7656	NCAM1	P13591	ENSG00000149294	4684	IntAct: binding regions	region	1	1	0	1
HGNC:7657	NCAM2	O15394	ENSG00000154654	4685	IntAct: binding regions	region	0	0	0	1
HGNC:773	ASTN1	O14525	ENSG00000152092	460	IntAct: binding regions	region	0	0	0	1
HGNC:7733	NEDD9	Q14511	ENSG00000111859	4739	IntAct: binding regions	region	0	0	0	0
HGNC:7750	NELL1	Q92832	ENSG00000165973	4745	IntAct: binding regions	region	0	0	0	0
HGNC:7751	NELL2	Q99435	ENSG00000184613	4753	IntAct: binding regions	region	0	0	0	0
HGNC:7754	NEO1	Q92859	ENSG00000067141	4756	IntAct: binding regions	region	0	0	0	1
HGNC:7758	NEU1	Q99519	ENSG00000204386	4758	IntAct: binding regions	region	0	0	0	0
HGNC:7809	NGFR	P08138	ENSG00000064300	4804	IntAct: binding regions	region	1	0	0	1
HGNC:7872	NOS1	P29475	ENSG00000089250	4842	IntAct: binding regions	region	0	0	0	0
HGNC:7881	NOTCH1	P46531	ENSG00000148400	4851	IntAct: binding regions	region	1	1	0	1
HGNC:7882	NOTCH2	Q04721	ENSG00000134250	4853	IntAct: binding regions	region	1	1	0	0
HGNC:7883	NOTCH3	Q9UM47	ENSG00000074181	4854	IntAct: binding regions	region	1	1	0	1
HGNC:7884	NOTCH4	Q99466	ENSG00000204301	4855	IntAct: binding regions	region	1	0	0	0
HGNC:7891	NOX4	Q9NPH5	ENSG00000086991	50507	IntAct: binding regions	region	0	0	0	0
HGNC:7897	NPC1	O15118	ENSG00000141458	4864	IntAct: binding regions	region	0	0	0	0
HGNC:7908	NPHS1	O60500	ENSG00000161270	4868	IntAct: binding regions	region	0	0	0	0
HGNC:7943	NPR1	P16066	ENSG00000169418	4881	IntAct: binding regions	region	1	1	0	0
HGNC:799	ATP1A1	P05023	ENSG00000163399	476	IntAct: binding regions	region	0	0	0	0
HGNC:7994	NRCAM	Q92823	ENSG00000091129	4897	IntAct: binding regions	region	1	0	0	1
HGNC:7997	NRG1	Q02297	ENSG00000157168	3084	IntAct: binding regions	region	1	0	0	1
HGNC:7998	NRG2	O14511	ENSG00000158458	9542	IntAct: binding regions	region	1	0	0	1
HGNC:7999	NRG3	P56975	ENSG00000185737	10718	IntAct: binding regions	region	1	0	0	0
HGNC:800	ATP1A2	P50993	ENSG00000018625	477	IntAct: binding regions	region	0	0	0	0
HGNC:8004	NRP1	O14786	ENSG00000099250	8829	IntAct: binding regions	region	1	1	0	1
HGNC:8005	NRP2	O60462	ENSG00000118257	8828	IntAct: binding regions	region	1	0	0	1
HGNC:8008	NRXN1	P58400	ENSG00000179915	9378	IntAct: binding regions	region	0	0	0	1
HGNC:801	ATP1A3	P13637	ENSG00000105409	478	IntAct: binding regions	region	0	0	0	0
HGNC:8010	NRXN3	Q9HDB5	ENSG00000021645	9369	IntAct: binding regions	region	1	0	0	1
HGNC:8011	CNTNAP1	P78357	ENSG00000108797	8506	IntAct: binding regions	region	0	0	0	1
HGNC:8014	YBX1	P67809	ENSG00000065978	4904	IntAct: binding regions	region	0	0	0	0
HGNC:8031	NTRK1	P04629	ENSG00000198400	4914	IntAct: binding regions	region	1	0	0	1
HGNC:8032	NTRK2	Q16620	ENSG00000148053	4915	IntAct: binding regions	region	1	0	0	1
HGNC:8033	NTRK3	Q16288	ENSG00000140538	4916	IntAct: binding regions	region	1	0	0	1
HGNC:804	ATP1B1	P05026	ENSG00000143153	481	IntAct: binding regions	region	0	0	0	1
HGNC:8044	NUCB2	P80303	ENSG00000070081	4925	IntAct: binding regions	region	0	0	0	0
HGNC:8060	NUMB	P49757	ENSG00000133961	8650	IntAct: binding regions	region	0	0	0	0
HGNC:8066	NUP62	P37198	ENSG00000213024	23636	IntAct: binding regions	region	0	0	0	0
HGNC:8104	OCLN	Q16625	ENSG00000197822	100506658	IntAct: binding regions	region	0	0	0	0
HGNC:8117	TENM1	Q9UKZ4	ENSG00000009694	10178	IntAct: binding regions	region	1	0	0	0
HGNC:8133	OLR1	P78380	ENSG00000173391	4973	IntAct: binding regions	region	1	1	0	1
HGNC:814	ATP2B1	P20020	ENSG00000070961	490	IntAct: binding regions	region	0	0	0	0
HGNC:8143	OPCML	Q14982	ENSG00000183715	4978	IntAct: binding regions	region	0	0	0	1
HGNC:815	ATP2B2	Q01814	ENSG00000157087	491	IntAct: binding regions	region	0	0	0	0
HGNC:8156	OPRM1	P35372	ENSG00000112038	4988	IntAct: binding regions	region	1	0	0	0
HGNC:817	ATP2B4	P23634	ENSG00000058668	493	IntAct: binding regions	region	0	0	0	0
HGNC:8171	OR10G3	Q8NGC4	ENSG00000169208	26533	IntAct: binding regions	region	0	0	0	0
HGNC:8183	OR1D2	P34982	ENSG00000184166	4991	IntAct: binding regions	region	0	0	0	0
HGNC:8282	OR3A1	P47881	ENSG00000180090	4994	IntAct: binding regions	region	0	0	0	0
HGNC:830	ATP5F1B	P06576	ENSG00000110955	506	IntAct: binding regions	region	0	0	0	0
HGNC:8343	OR5F1	O95221	ENSG00000149133	338674	IntAct: binding regions	region	0	0	0	0
HGNC:8484	OR8G1	Q15617	ENSG00000197849	26494	IntAct: binding regions	region	0	0	0	0
HGNC:8537	P2RX7	Q99572	ENSG00000089041	5027	IntAct: binding regions	region	0	0	0	0
HGNC:854	ATP6V1B2	P21281	ENSG00000147416	526	IntAct: binding regions	region	0	0	0	0
HGNC:8548	P4HB	P07237	ENSG00000185624	5034	IntAct: binding regions	region	1	0	0	0
HGNC:8568	FURIN	P09958	ENSG00000140564	5045	IntAct: binding regions	region	0	0	0	0
HGNC:8569	PCSK6	P29122	ENSG00000140479	5046	IntAct: binding regions	region	0	0	0	0
HGNC:8571	PACSIN2	Q9UNF0	ENSG00000100266	11252	IntAct: binding regions	region	0	0	0	0
HGNC:8596	PAM	P19021	ENSG00000145730	5066	IntAct: binding regions	region	0	0	0	0
HGNC:8600	PANX2	Q96RD6	ENSG00000073150	56666	IntAct: binding regions	region	0	0	0	0
HGNC:8614	PAWR	Q96IZ0	ENSG00000177425	5074	IntAct: binding regions	region	0	0	0	0
HGNC:8657	PCDH12	Q9NPG4	ENSG00000113555	51294	IntAct: binding regions	region	0	0	0	0
HGNC:8660	PCDH8	O95206	ENSG00000136099	5100	IntAct: binding regions	region	0	0	0	0
HGNC:8672	PCDHA6	Q9UN73	ENSG00000081842	56142	IntAct: binding regions	region	0	0	0	0
HGNC:8681	PCDHB10	Q9UN67	ENSG00000120324	56126	IntAct: binding regions	region	0	0	0	0
HGNC:869	ATP7A	Q04656	ENSG00000165240	538	IntAct: binding regions	region	0	0	0	0
HGNC:870	ATP7B	P35670	ENSG00000123191	540	IntAct: binding regions	region	0	0	0	0
HGNC:8709	PCDHGB2	Q9Y5G2	ENSG00000253910	56103	IntAct: binding regions	region	0	0	0	1
HGNC:8736	PCNX2	A6NKB5	ENSG00000135749	80003	IntAct: binding regions	region	0	0	0	0
HGNC:8748	PCSK7	Q16549	ENSG00000160613	9159	IntAct: binding regions	region	0	0	0	0
HGNC:8749	CDK16	Q00536	ENSG00000102225	5127	IntAct: binding regions	region	0	0	0	0
HGNC:8760	PDCD1	Q15116	ENSG00000188389	5133	IntAct: binding regions	region	1	1	0	1
HGNC:8799	PDGFA	P04085	ENSG00000197461	5154	IntAct: binding regions	region	0	0	0	0
HGNC:8800	PDGFB	P01127	ENSG00000100311	5155	IntAct: binding regions	region	0	0	0	0
HGNC:8801	PDGFC	Q9NRA1	ENSG00000145431	56034	IntAct: binding regions	region	1	0	0	0
HGNC:8803	PDGFRA	P16234	ENSG00000134853	5156	IntAct: binding regions	region	1	1	0	1
HGNC:8804	PDGFRB	P09619	ENSG00000113721	5159	IntAct: binding regions	region	1	1	0	1
HGNC:8823	PECAM1	P16284	ENSG00000261371	5175	IntAct: binding regions	region	1	0	0	0
HGNC:885	ATRN	O75882	ENSG00000088812	8455	IntAct: binding regions	region	0	0	0	0
HGNC:8883	CDK14	O94921	ENSG00000058091	5218	IntAct: binding regions	region	0	0	0	0
HGNC:8896	PGK1	P00558	ENSG00000102144	5230	IntAct: binding regions	region	0	0	0	0
HGNC:8951	SERPINE2	P07093	ENSG00000135919	5270	IntAct: binding regions	region	0	0	0	0
HGNC:8968	PIGR	P01833	ENSG00000162896	5284	IntAct: binding regions	region	1	0	0	1
HGNC:8994	PIP5K1A	Q99755	ENSG00000143398	8394	IntAct: binding regions	region	0	0	0	0
HGNC:9008	PKD1	P98161	ENSG00000008710	5310	IntAct: binding regions	region	0	0	0	1
HGNC:9009	PKD2	Q13563	ENSG00000118762	5311	IntAct: binding regions	region	0	0	0	0
HGNC:9016	PKHD1	P08F94	ENSG00000170927	5314	IntAct: binding regions	region	0	0	0	0
HGNC:9021	PKM	P14618	ENSG00000067225	5315	IntAct: binding regions	region	0	0	0	0
HGNC:9023	PKP1	Q13835	ENSG00000081277	5317	IntAct: binding regions	region	0	0	0	0
HGNC:9024	PKP2	Q99959	ENSG00000057294	5318	IntAct: binding regions	region	0	0	0	0
HGNC:9025	PKP3	Q9Y446	ENSG00000184363	11187	IntAct: binding regions	region	0	0	0	0
HGNC:9026	PKP4	Q99569	ENSG00000144283	8502	IntAct: binding regions	region	0	0	0	0
HGNC:905	AXL	P30530	ENSG00000167601	558	IntAct: binding regions	region	1	1	0	1
HGNC:9052	PLAU	P00749	ENSG00000122861	5328	IntAct: binding regions	region	0	0	0	0
HGNC:9065	PLCG1	P19174	ENSG00000124181	5335	IntAct: binding regions	region	0	0	0	0
HGNC:9067	PLD1	Q13393	ENSG00000075651	5337	IntAct: binding regions	region	0	0	0	0
HGNC:9069	PLEC	Q15149	ENSG00000178209	5339	IntAct: binding regions	region	0	0	0	0
HGNC:9086	PLP1	P60201	ENSG00000123560	5354	IntAct: binding regions	region	0	0	0	0
HGNC:9092	PLSCR1	O15162	ENSG00000188313	5359	IntAct: binding regions	region	0	0	0	0
HGNC:9100	PLXNA2	O75051	ENSG00000076356	5362	IntAct: binding regions	region	0	0	0	0
HGNC:9103	PLXNB1	O43157	ENSG00000164050	5364	IntAct: binding regions	region	1	0	0	1
HGNC:9104	PLXNB2	O15031	ENSG00000196576	23654	IntAct: binding regions	region	1	0	0	0
HGNC:9105	PLXNB3	Q9ULL4	ENSG00000198753	5365	IntAct: binding regions	region	1	0	0	1
HGNC:9107	PLXND1	Q9Y4D7	ENSG00000004399	23129	IntAct: binding regions	region	1	0	0	1
HGNC:914	B2M	P61769	ENSG00000166710	567	IntAct: binding regions	region	0	0	0	0
HGNC:9159	PNMA2	Q9UL42	ENSG00000240694	10687	IntAct: binding regions	region	0	0	0	0
HGNC:9171	PODXL	O00592	ENSG00000128567	5420	IntAct: binding regions	region	1	0	0	0
HGNC:9229	PLPP3	O14495	ENSG00000162407	8613	IntAct: binding regions	region	0	0	0	0
HGNC:9325	PPT1	P50897	ENSG00000131238	5538	IntAct: binding regions	region	0	0	0	0
HGNC:933	BACE1	P56817	ENSG00000186318	23621	IntAct: binding regions	region	0	0	0	0
HGNC:9352	PRDX1	Q06830	ENSG00000117450	5052	IntAct: binding regions	region	0	0	0	0
HGNC:9393	PRKCA	P17252	ENSG00000154229	5578	IntAct: binding regions	region	0	0	0	0
HGNC:9400	CAVIN3	Q969G5	ENSG00000170955	112464	IntAct: binding regions	region	0	0	0	0
HGNC:9405	PKN1	Q16512	ENSG00000123143	5585	IntAct: binding regions	region	0	0	0	0
HGNC:9406	PKN2	Q16513	ENSG00000065243	5586	IntAct: binding regions	region	0	0	0	0
HGNC:943	ADGRB1	O14514	ENSG00000181790	575	IntAct: binding regions	region	1	0	0	0
HGNC:944	ADGRB2	O60241	ENSG00000121753	576	IntAct: binding regions	region	1	0	0	0
HGNC:9446	PRLR	P16471	ENSG00000113494	5618	IntAct: binding regions	region	1	1	0	1
HGNC:9449	PRNP	P04156	ENSG00000171867	5621	IntAct: binding regions	region	0	0	0	1
HGNC:945	ADGRB3	O60242	ENSG00000135298	577	IntAct: binding regions	region	1	0	0	1
HGNC:9452	PROCR	Q9UNN8	ENSG00000101000	10544	IntAct: binding regions	region	1	0	0	1
HGNC:9454	PROM1	O43490	ENSG00000007062	8842	IntAct: binding regions	region	0	0	0	1
HGNC:9456	PROS1	P07225	ENSG00000184500	5627	IntAct: binding regions	region	0	0	0	0
HGNC:947	BAIAP2	Q9UQB8	ENSG00000175866	10458	IntAct: binding regions	region	0	0	0	0
HGNC:9470	PRRG2	O14669	ENSG00000126460	5639	IntAct: binding regions	region	0	0	0	0
HGNC:9476	HTRA1	Q92743	ENSG00000166033	5654	IntAct: binding regions	region	0	1	0	0
HGNC:9501	CYTH1	Q15438	ENSG00000108669	9267	IntAct: binding regions	region	0	0	0	0
HGNC:9508	PSEN1	P49768	ENSG00000080815	5663	IntAct: binding regions	region	0	0	0	0
HGNC:9509	PSEN2	P49810	ENSG00000143801	5664	IntAct: binding regions	region	0	0	0	0
HGNC:9521	PSG4	Q00888	ENSG00000243137	5672	IntAct: binding regions	region	0	0	0	0
HGNC:9522	PSG5	Q15238	ENSG00000204941	5673	IntAct: binding regions	region	0	0	0	0
HGNC:9526	PSG9	Q00887	ENSG00000183668	5678	IntAct: binding regions	region	0	0	0	0
HGNC:9585	PTCH1	Q13635	ENSG00000185920	5727	IntAct: binding regions	region	0	0	0	1
HGNC:9591	PTGDR	Q13258	ENSG00000168229	5729	IntAct: binding regions	region	1	0	0	0
HGNC:9608	PTH1R	Q03431	ENSG00000160801	5745	IntAct: binding regions	region	1	0	0	0
HGNC:9609	PTH2R	P49190	ENSG00000144407	5746	IntAct: binding regions	region	1	0	0	0
HGNC:9612	PTK2B	Q14289	ENSG00000120899	2185	IntAct: binding regions	region	0	0	0	0
HGNC:9618	PTK7	Q13308	ENSG00000112655	5754	IntAct: binding regions	region	0	1	0	0
HGNC:9623	PTMA	P06454	ENSG00000187514	5757	IntAct: binding regions	region	0	0	0	0
HGNC:9652	PTPN22	Q9Y2R2	ENSG00000134242	26191	IntAct: binding regions	region	0	0	0	0
HGNC:9656	PTPN4	P29074	ENSG00000088179	5775	IntAct: binding regions	region	0	0	0	0
HGNC:9662	SIRPA	P78324	ENSG00000198053	140885	IntAct: binding regions	region	1	1	0	1
HGNC:9664	PTPRA	P18433	ENSG00000132670	5786	IntAct: binding regions	region	0	0	0	0
HGNC:9666	PTPRC	P08575	ENSG00000081237	5788	IntAct: binding regions	region	1	1	0	0
HGNC:9668	PTPRD	P23468	ENSG00000153707	5789	IntAct: binding regions	region	1	0	0	1
HGNC:9670	PTPRF	P10586	ENSG00000142949	5792	IntAct: binding regions	region	1	0	0	1
HGNC:9671	PTPRG	P23470	ENSG00000144724	5793	IntAct: binding regions	region	0	0	0	0
HGNC:9673	PTPRJ	Q12913	ENSG00000149177	5795	IntAct: binding regions	region	0	0	0	0
HGNC:9674	PTPRK	Q15262	ENSG00000152894	5796	IntAct: binding regions	region	0	0	0	1
HGNC:9675	PTPRM	P28827	ENSG00000173482	5797	IntAct: binding regions	region	0	0	0	1
HGNC:9676	PTPRN	Q16849	ENSG00000054356	5798	IntAct: binding regions	region	0	0	0	0
HGNC:9677	PTPRN2	Q92932	ENSG00000155093	5799	IntAct: binding regions	region	0	0	0	1
HGNC:9680	PTPRR	Q15256	ENSG00000153233	5801	IntAct: binding regions	region	0	0	0	0
HGNC:9681	PTPRS	Q13332	ENSG00000105426	5802	IntAct: binding regions	region	1	0	0	1
HGNC:9682	PTPRT	O14522	ENSG00000196090	11122	IntAct: binding regions	region	0	0	0	1
HGNC:9688	CAVIN1	Q6NZI2	ENSG00000177469	284119	IntAct: binding regions	region	0	0	0	0
HGNC:9692	PTX3	P26022	ENSG00000163661	5806	IntAct: binding regions	region	0	0	0	0
HGNC:9700	IGDCC3	Q8IVU1	ENSG00000174498	9543	IntAct: binding regions	region	0	0	0	0
HGNC:9705	PVR	P15151	ENSG00000073008	5817	IntAct: binding regions	region	1	0	0	1
HGNC:9706	NECTIN1	Q15223	ENSG00000110400	5818	IntAct: binding regions	region	1	0	0	1
HGNC:9707	NECTIN2	Q92692	ENSG00000130202	5819	IntAct: binding regions	region	1	0	0	1
HGNC:9764	RAB22A	Q9UL26	ENSG00000124209	57403	IntAct: binding regions	region	0	0	0	0
HGNC:9839	RALA	P11233	ENSG00000006451	5898	IntAct: binding regions	region	0	0	0	0
HGNC:9841	RALBP1	Q15311	ENSG00000017797	10928	IntAct: binding regions	region	0	0	0	0
HGNC:9843	RAMP1	O60894	ENSG00000132329	10267	IntAct: binding regions	region	0	0	0	0
HGNC:9845	RAMP3	O60896	ENSG00000122679	10268	IntAct: binding regions	region	1	0	0	0
HGNC:99	ASIC2	Q16515	ENSG00000108684	40	IntAct: binding regions	region	0	0	0	0
HGNC:9934	RCN1	Q15293	ENSG00000049449	5954	IntAct: binding regions	region	0	0	0	0
HGNC:9944	RDX	P35241	ENSG00000137710	5962	IntAct: binding regions	region	0	0	0	0
HGNC:9967	RET	P07949	ENSG00000165731	5979	IntAct: binding regions	region	0	0	0	1
HGNC:9980	RFPL3	O75679	ENSG00000128276	10738	IntAct: binding regions	region	0	0	0	0
HGNC:10019	RIPK1	Q13546	ENSG00000137275	8737	IntAct: interaction-changing mutations	mutation	0	0	0	0
HGNC:10256	ROR1	Q01973	ENSG00000185483	4919	IntAct: interaction-changing mutations	mutation	1	1	0	0
HGNC:10274	RP2	O75695	ENSG00000102218	6102	IntAct: interaction-changing mutations	mutation	0	0	0	0
HGNC:10381	RPN1	P04843	ENSG00000163902	6184	IntAct: interaction-changing mutations	mutation	0	0	0	0
HGNC:10420	RPS3	P23396	ENSG00000149273	6188	IntAct: interaction-changing mutations	mutation	0	0	0	0
HGNC:10486	S100A1	P23297	ENSG00000160678	6271	IntAct: interaction-changing mutations	mutation	0	0	0	0
HGNC:10487	S100A10	P60903	ENSG00000197747	6281	IntAct: interaction-changing mutations	mutation	0	0	0	0
HGNC:10494	S100A4	P26447	ENSG00000196154	6275	IntAct: interaction-changing mutations	mutation	0	0	0	0
HGNC:10499	S100A9	P06702	ENSG00000163220	6280	IntAct: interaction-changing mutations	mutation	0	0	0	0
HGNC:10500	S100B	P04271	ENSG00000160307	6285	IntAct: interaction-changing mutations	mutation	0	0	0	0
HGNC:10504	S100P	P25815	ENSG00000163993	6286	IntAct: interaction-changing mutations	mutation	0	0	0	0
HGNC:10585	SCN1A	P35498	ENSG00000144285	6323	IntAct: interaction-changing mutations	mutation	0	0	0	0
HGNC:10588	SCN2A	Q99250	ENSG00000136531	6326	IntAct: interaction-changing mutations	mutation	0	0	0	0
HGNC:10593	SCN5A	Q14524	ENSG00000183873	6331	IntAct: interaction-changing mutations	mutation	0	0	0	0
HGNC:10600	SCNN1B	P51168	ENSG00000168447	6338	IntAct: interaction-changing mutations	mutation	0	0	0	0
HGNC:10647	CX3CL1	P78423	ENSG00000006210	6376	IntAct: interaction-changing mutations	mutation	1	1	0	1
HGNC:10658	SDC1	P18827	ENSG00000115884	6382	IntAct: interaction-changing mutations	mutation	1	1	0	0
HGNC:10659	SDC2	P34741	ENSG00000169439	6383	IntAct: interaction-changing mutations	mutation	1	0	0	0
HGNC:10660	SDC3	O75056	ENSG00000162512	9672	IntAct: interaction-changing mutations	mutation	0	0	0	0
HGNC:10661	SDC4	P31431	ENSG00000124145	6385	IntAct: interaction-changing mutations	mutation	0	0	0	0
HGNC:1067	BMP1	P13497	ENSG00000168487	649	IntAct: interaction-changing mutations	mutation	0	0	0	0
HGNC:10721	SELP	P16109	ENSG00000174175	6403	IntAct: interaction-changing mutations	mutation	1	1	0	1
HGNC:1077	BMPR1B	O00238	ENSG00000138696	658	IntAct: interaction-changing mutations	mutation	0	0	0	1
HGNC:10848	SHH	Q15465	ENSG00000164690	6469	IntAct: interaction-changing mutations	mutation	1	0	0	0
HGNC:10903	SLAMF1	Q13291	ENSG00000117090	6504	IntAct: interaction-changing mutations	mutation	0	0	0	1
HGNC:10910	SLC12A1	Q13621	ENSG00000074803	6557	IntAct: interaction-changing mutations	mutation	0	0	0	0
HGNC:10928	SLC16A7	O60669	ENSG00000118596	9194	IntAct: interaction-changing mutations	mutation	0	0	0	0
HGNC:11027	SLC4A1	P02730	ENSG00000004939	6521	IntAct: interaction-changing mutations	mutation	0	0	0	0
HGNC:11030	SLC4A4	Q9Y6R1	ENSG00000080493	8671	IntAct: interaction-changing mutations	mutation	0	0	0	1
HGNC:11048	SLC6A2	P23975	ENSG00000103546	6530	IntAct: interaction-changing mutations	mutation	0	0	0	0
HGNC:11049	SLC6A3	Q01959	ENSG00000142319	6531	IntAct: interaction-changing mutations	mutation	0	0	0	0
HGNC:11067	SLC7A9	P82251	ENSG00000021488	11136	IntAct: interaction-changing mutations	mutation	0	0	0	0
HGNC:11071	SLC9A1	P19634	ENSG00000090020	6548	IntAct: interaction-changing mutations	mutation	0	0	0	0
HGNC:11075	NHERF1	O14745	ENSG00000109062	9368	IntAct: interaction-changing mutations	mutation	0	0	0	0
HGNC:11138	SNCA	P37840	ENSG00000145335	6622	IntAct: interaction-changing mutations	mutation	0	0	0	0
HGNC:1116	BSG	P35613	ENSG00000172270	682	IntAct: interaction-changing mutations	mutation	1	0	0	0
HGNC:11185	SORL1	Q92673	ENSG00000137642	6653	IntAct: interaction-changing mutations	mutation	1	0	0	0
HGNC:11186	SORT1	Q99523	ENSG00000134243	6272	IntAct: interaction-changing mutations	mutation	1	1	0	0
HGNC:1119	BST2	Q10589	ENSG00000130303	684	IntAct: interaction-changing mutations	mutation	1	0	0	0
HGNC:11210	SPA17	Q15506	ENSG00000064199	53340	IntAct: interaction-changing mutations	mutation	0	0	0	0
HGNC:11226	SPG11	Q96JI7	ENSG00000104133	80208	IntAct: interaction-changing mutations	mutation	0	0	0	0
HGNC:11283	SRC	P12931	ENSG00000197122	6714	IntAct: interaction-changing mutations	mutation	0	0	0	0
HGNC:11331	SSTR2	P30874	ENSG00000180616	6752	IntAct: interaction-changing mutations	mutation	1	1	0	0
HGNC:1138	BTN3A1	O00481	ENSG00000026950	11119	IntAct: interaction-changing mutations	mutation	0	0	0	0
HGNC:11386	STIM1	Q13586	ENSG00000167323	6786	IntAct: interaction-changing mutations	mutation	0	0	0	1
HGNC:11393	AURKA	O14965	ENSG00000087586	6790	IntAct: interaction-changing mutations	mutation	0	0	0	0
HGNC:11438	STX3	Q13277	ENSG00000166900	6809	IntAct: interaction-changing mutations	mutation	0	0	0	0
HGNC:11486	VAMP7	P51809	ENSG00000124333	6845	IntAct: interaction-changing mutations	mutation	0	0	0	0
HGNC:11491	SYK	P43405	ENSG00000165025	6850	IntAct: interaction-changing mutations	mutation	0	0	0	0
HGNC:11724	TEK	Q02763	ENSG00000120156	7010	IntAct: interaction-changing mutations	mutation	1	0	0	1
HGNC:11763	TFRC	P02786	ENSG00000072274	7037	IntAct: interaction-changing mutations	mutation	1	1	0	1
HGNC:11769	TGFB3	P10600	ENSG00000119699	7043	IntAct: interaction-changing mutations	mutation	0	0	0	0
HGNC:11771	TGFBI	Q15582	ENSG00000120708	7045	IntAct: interaction-changing mutations	mutation	0	0	0	0
HGNC:11774	TGFBR3	Q03167	ENSG00000069702	7049	IntAct: interaction-changing mutations	mutation	1	0	0	0
HGNC:11778	TGM2	P21980	ENSG00000198959	7052	IntAct: interaction-changing mutations	mutation	1	1	0	0
HGNC:11848	TLR2	O60603	ENSG00000137462	7097	IntAct: interaction-changing mutations	mutation	0	1	0	0
HGNC:11853	TM4SF1	P30408	ENSG00000169908	4071	IntAct: interaction-changing mutations	mutation	0	0	0	0
HGNC:11876	TMPRSS2	O15393	ENSG00000184012	7113	IntAct: interaction-changing mutations	mutation	0	0	0	1
HGNC:11898	TNFAIP6	P98066	ENSG00000123610	7130	IntAct: interaction-changing mutations	mutation	0	0	0	0
HGNC:11912	TNFRSF14	Q92956	ENSG00000157873	8764	IntAct: interaction-changing mutations	mutation	1	0	0	0
HGNC:11919	CD40	P25942	ENSG00000101017	958	IntAct: interaction-changing mutations	mutation	1	1	0	1
HGNC:11920	FAS	P25445	ENSG00000026103	355	IntAct: interaction-changing mutations	mutation	1	0	0	0
HGNC:11926	TNFSF11	O14788	ENSG00000120659	8600	IntAct: interaction-changing mutations	mutation	1	1	0	1
HGNC:12335	TRPC3	Q13507	ENSG00000138741	7222	IntAct: interaction-changing mutations	mutation	0	0	0	0
HGNC:1242	C1QB	P02746	ENSG00000173369	713	IntAct: interaction-changing mutations	mutation	0	0	0	0
HGNC:12449	TYROBP	O43914	ENSG00000011600	7305	IntAct: interaction-changing mutations	mutation	1	0	0	0
HGNC:12450	TYRP1	P17643	ENSG00000107165	7306	IntAct: interaction-changing mutations	mutation	0	0	0	0
HGNC:12635	UTRN	P46939	ENSG00000152818	7402	IntAct: interaction-changing mutations	mutation	0	0	0	0
HGNC:12643	VAMP2	P63027	ENSG00000220205	6844	IntAct: interaction-changing mutations	mutation	0	0	0	0
HGNC:12647	VAMP8	Q9BV40	ENSG00000118640	8673	IntAct: interaction-changing mutations	mutation	0	0	0	0
HGNC:12649	VAPB	O95292	ENSG00000124164	9217	IntAct: interaction-changing mutations	mutation	0	0	0	0
HGNC:12663	VCAM1	P19320	ENSG00000162692	7412	IntAct: interaction-changing mutations	mutation	1	0	0	1
HGNC:12691	EZR	P15311	ENSG00000092820	7430	IntAct: interaction-changing mutations	mutation	0	0	0	0
HGNC:12692	VIM	P08670	ENSG00000026025	7431	IntAct: interaction-changing mutations	mutation	0	1	0	0
HGNC:12729	WARS1	P23381	ENSG00000140105	7453	IntAct: interaction-changing mutations	mutation	0	0	0	0
HGNC:12782	WNT3	P56703	ENSG00000108379	7473	IntAct: interaction-changing mutations	mutation	0	0	0	0
HGNC:12833	XRCC5	P13010	ENSG00000079246	7520	IntAct: interaction-changing mutations	mutation	0	0	0	0
HGNC:12840	YARS1	P54577	ENSG00000134684	8565	IntAct: interaction-changing mutations	mutation	0	0	0	0
HGNC:1318	C3	P01024	ENSG00000125730	718	IntAct: interaction-changing mutations	mutation	1	0	0	0
HGNC:13189	ZP3	P21754	ENSG00000188372	7784	IntAct: interaction-changing mutations	mutation	0	0	0	1
HGNC:13273	DUOX2	Q9NRD8	ENSG00000140279	50506	IntAct: interaction-changing mutations	mutation	0	0	0	1
HGNC:13280	ERO1A	Q96HE7	ENSG00000197930	30001	IntAct: interaction-changing mutations	mutation	0	0	0	0
HGNC:13534	ATP8B2	P98198	ENSG00000143515	57198	IntAct: interaction-changing mutations	mutation	0	0	0	0
HGNC:13552	ATP11A	P98196	ENSG00000068650	23250	IntAct: interaction-changing mutations	mutation	0	0	0	0
HGNC:13553	ATP11B	Q9Y2G3	ENSG00000058063	23200	IntAct: interaction-changing mutations	mutation	0	0	0	0
HGNC:13554	ATP11C	Q8NB49	ENSG00000101974	286410	IntAct: interaction-changing mutations	mutation	0	0	0	0
HGNC:13557	ACE2	Q9BYF1	ENSG00000130234	59272	IntAct: interaction-changing mutations	mutation	0	0	0	1
HGNC:13733	CDH23	Q9H251	ENSG00000107736	64072	IntAct: interaction-changing mutations	mutation	0	0	0	0
HGNC:13830	CNTNAP2	Q9UHC6	ENSG00000174469	26047	IntAct: interaction-changing mutations	mutation	0	0	0	1
HGNC:1389	CACNA1B	Q00975	ENSG00000148408	774	IntAct: interaction-changing mutations	mutation	0	0	0	0
HGNC:1390	CACNA1C	Q13936	ENSG00000151067	775	IntAct: interaction-changing mutations	mutation	0	0	0	0
HGNC:1391	CACNA1D	Q01668	ENSG00000157388	776	IntAct: interaction-changing mutations	mutation	0	0	0	0
HGNC:13933	LY6G6F	Q5SQ64	ENSG00000204424	259215	IntAct: interaction-changing mutations	mutation	0	0	0	0
HGNC:1395	CACNA1H	O95180	ENSG00000196557	8912	IntAct: interaction-changing mutations	mutation	0	0	0	0
HGNC:1406	CACNG2	Q9Y698	ENSG00000166862	10369	IntAct: interaction-changing mutations	mutation	0	0	0	0
HGNC:14288	NTNG2	Q96CW9	ENSG00000196358	84628	IntAct: interaction-changing mutations	mutation	0	0	0	1
HGNC:14351	CLEC2D	Q9UHP7	ENSG00000069493	29121	IntAct: interaction-changing mutations	mutation	1	0	0	1
HGNC:14469	SLC26A9	Q7LBE3	ENSG00000174502	115019	IntAct: interaction-changing mutations	mutation	0	0	0	0
HGNC:14537	NPC2	P61916	ENSG00000119655	10577	IntAct: interaction-changing mutations	mutation	0	0	0	0
HGNC:1455	CALR	P27797	ENSG00000179218	811	IntAct: interaction-changing mutations	mutation	0	0	0	0
HGNC:14565	SORBS1	Q9BX66	ENSG00000095637	10580	IntAct: interaction-changing mutations	mutation	0	0	0	0
HGNC:14604	AMN	Q9BXJ7	ENSG00000166126	81693	IntAct: interaction-changing mutations	mutation	0	0	0	1
HGNC:14666	RXFP4	Q8TDU9	ENSG00000173080	339403	IntAct: interaction-changing mutations	mutation	1	0	0	1
HGNC:1473	CANX	P27824	ENSG00000127022	821	IntAct: interaction-changing mutations	mutation	0	0	0	0
HGNC:14866	HHIP	Q96QV1	ENSG00000164161	64399	IntAct: interaction-changing mutations	mutation	1	0	0	0
HGNC:14894	ULBP2	Q9BZM5	ENSG00000131015	80328	IntAct: interaction-changing mutations	mutation	1	0	0	1
HGNC:15142	OR2AG1	Q9H205	ENSG00000279486	144125	IntAct: interaction-changing mutations	mutation	0	0	0	0
HGNC:1527	CAV1	Q03135	ENSG00000105974	857	IntAct: interaction-changing mutations	mutation	0	0	0	0
HGNC:15451	GOLM1	Q8NBJ4	ENSG00000135052	51280	IntAct: interaction-changing mutations	mutation	0	0	0	0
HGNC:15511	VANGL2	Q9ULK5	ENSG00000162738	57216	IntAct: interaction-changing mutations	mutation	0	0	0	0
HGNC:15512	VANGL1	Q8TAA9	ENSG00000173218	81839	IntAct: interaction-changing mutations	mutation	0	0	0	0
HGNC:15586	LRRC4	Q9HBW1	ENSG00000128594	64101	IntAct: interaction-changing mutations	mutation	0	0	0	1
HGNC:1571	CCKBR	P32239	ENSG00000110148	887	IntAct: interaction-changing mutations	mutation	1	0	0	0
HGNC:15720	STRN3	Q13033	ENSG00000196792	29966	IntAct: interaction-changing mutations	mutation	0	0	0	0
HGNC:15734	KIRREL1	Q96J84	ENSG00000183853	55243	IntAct: interaction-changing mutations	mutation	0	0	0	0
HGNC:15842	ERBIN	Q96RT1	ENSG00000112851	55914	IntAct: interaction-changing mutations	mutation	0	0	0	0
HGNC:16028	IL33	O95760	ENSG00000137033	90865	IntAct: interaction-changing mutations	mutation	0	0	0	0
HGNC:16051	PARD3	Q8TEW0	ENSG00000148498	56288	IntAct: interaction-changing mutations	mutation	0	0	0	0
HGNC:16235	DNAJC5	Q9H3Z4	ENSG00000101152	80331	IntAct: interaction-changing mutations	mutation	0	0	0	0
HGNC:1630	CD151	P48509	ENSG00000177697	977	IntAct: interaction-changing mutations	mutation	0	0	0	1
HGNC:1639	CD2	P06729	ENSG00000116824	914	IntAct: interaction-changing mutations	mutation	1	0	0	0
HGNC:16390	NOD1	Q9Y239	ENSG00000106100	10392	IntAct: interaction-changing mutations	mutation	0	0	0	0
HGNC:16435	HM13	Q8TCT9	ENSG00000101294	81502	IntAct: interaction-changing mutations	mutation	0	0	0	0
HGNC:16495	PLSCR3	Q9NRY6	ENSG00000187838	57048	IntAct: interaction-changing mutations	mutation	0	0	0	0
HGNC:1659	CD33	P20138	ENSG00000105383	945	IntAct: interaction-changing mutations	mutation	0	1	0	0
HGNC:16643	SLMAP	Q14BN4	ENSG00000163681	7871	IntAct: interaction-changing mutations	mutation	0	0	0	0
HGNC:1666	CD37	P11049	ENSG00000104894	951	IntAct: interaction-changing mutations	mutation	0	1	0	0
HGNC:1677	CD247	P20963	ENSG00000198821	919	IntAct: interaction-changing mutations	mutation	0	0	0	0
HGNC:1678	CD4	P01730	ENSG00000010610	920	IntAct: interaction-changing mutations	mutation	0	1	0	0
HGNC:16798	RAET1L	Q5VY80	ENSG00000155918	154064	IntAct: interaction-changing mutations	mutation	1	0	0	1
HGNC:16841	LITAF	Q99732	ENSG00000189067	9516	IntAct: interaction-changing mutations	mutation	0	0	0	0
HGNC:16875	MRC2	Q9UBG0	ENSG00000011028	9902	IntAct: interaction-changing mutations	mutation	0	0	0	1
HGNC:1691	CD6	P30203	ENSG00000013725	923	IntAct: interaction-changing mutations	mutation	1	1	0	0
HGNC:16920	CIB1	Q99828	ENSG00000185043	10519	IntAct: interaction-changing mutations	mutation	0	0	0	0
HGNC:16950	STAMBP	O95630	ENSG00000124356	10617	IntAct: interaction-changing mutations	mutation	0	0	0	0
HGNC:1697	CD74	P04233	ENSG00000019582	972	IntAct: interaction-changing mutations	mutation	1	1	0	1
HGNC:16977	HCST	Q9UBK5	ENSG00000126264	10870	IntAct: interaction-changing mutations	mutation	0	0	0	0
HGNC:1699	CD79B	P40259	ENSG00000007312	974	IntAct: interaction-changing mutations	mutation	0	1	0	1
HGNC:17082	MLC1	Q15049	ENSG00000100427	23209	IntAct: interaction-changing mutations	mutation	0	0	0	0
HGNC:17084	SYNE2	Q8WXH0	ENSG00000054654	23224	IntAct: interaction-changing mutations	mutation	0	0	0	0
HGNC:17087	ICOSLG	O75144	ENSG00000160223	23308	IntAct: interaction-changing mutations	mutation	1	1	0	1
HGNC:1711	ADGRE5	P48960	ENSG00000123146	976	IntAct: interaction-changing mutations	mutation	1	0	0	1
HGNC:17156	LY96	Q9Y6Y9	ENSG00000154589	23643	IntAct: interaction-changing mutations	mutation	0	0	0	0
HGNC:172	ACVR1B	P36896	ENSG00000135503	91	IntAct: interaction-changing mutations	mutation	0	0	0	0
HGNC:1748	CDH1	P12830	ENSG00000039068	999	IntAct: interaction-changing mutations	mutation	1	0	0	0
HGNC:17550	KREMEN1	Q96MU8	ENSG00000183762	83999	IntAct: interaction-changing mutations	mutation	0	0	0	1
HGNC:1764	CDH5	P33151	ENSG00000179776	1003	IntAct: interaction-changing mutations	mutation	1	0	0	1
HGNC:17664	NECTIN3	Q9NQS3	ENSG00000177707	25945	IntAct: interaction-changing mutations	mutation	1	0	0	0
HGNC:17761	TREM2	Q9NZC2	ENSG00000095970	54209	IntAct: interaction-changing mutations	mutation	0	1	0	1
HGNC:17935	CD207	Q9UJ71	ENSG00000116031	50489	IntAct: interaction-changing mutations	mutation	0	0	0	1
HGNC:18126	ZNRF3	Q9ULT6	ENSG00000183579	84133	IntAct: interaction-changing mutations	mutation	0	0	0	1
HGNC:1814	CEACAM1	P13688	ENSG00000079385	634	IntAct: interaction-changing mutations	mutation	1	0	0	1
HGNC:18153	TNFRSF13B	O14836	ENSG00000240505	23495	IntAct: interaction-changing mutations	mutation	1	0	0	1
HGNC:18171	CD244	Q9BZW8	ENSG00000122223	51744	IntAct: interaction-changing mutations	mutation	1	0	0	1
HGNC:1818	CEACAM6	P40199	ENSG00000086548	4680	IntAct: interaction-changing mutations	mutation	1	1	0	1
HGNC:1820	CEACAM8	P31997	ENSG00000124469	1088	IntAct: interaction-changing mutations	mutation	1	0	0	1
HGNC:18231	CDHR2	Q9BYE9	ENSG00000074276	54825	IntAct: interaction-changing mutations	mutation	0	0	0	0
HGNC:18274	CYSLTR2	Q9NS75	ENSG00000152207	57105	IntAct: interaction-changing mutations	mutation	1	0	0	0
HGNC:18437	HAVCR2	Q8TDQ0	ENSG00000135077	84868	IntAct: interaction-changing mutations	mutation	1	1	0	1
HGNC:18469	ZDHHC2	Q9UIJ5	ENSG00000104219	51201	IntAct: interaction-changing mutations	mutation	0	0	0	0
HGNC:18472	ZDHHC5	Q9C0B5	ENSG00000156599	25921	IntAct: interaction-changing mutations	mutation	0	0	0	0
HGNC:18669	PALS1	Q8N3R9	ENSG00000072415	64398	IntAct: interaction-changing mutations	mutation	0	0	0	0
HGNC:1876	CFLAR	O15519	ENSG00000003402	8837	IntAct: interaction-changing mutations	mutation	0	0	0	0
HGNC:1884	CFTR	P13569	ENSG00000001626	1080	IntAct: interaction-changing mutations	mutation	0	0	0	0
HGNC:19077	NCR3	O14931	ENSG00000204475	259197	IntAct: interaction-changing mutations	mutation	1	0	0	1
HGNC:19102	RIGI	O95786	ENSG00000107201	23586	IntAct: interaction-changing mutations	mutation	0	0	0	0
HGNC:19297	TNK2	Q07912	ENSG00000061938	10188	IntAct: interaction-changing mutations	mutation	0	0	0	0
HGNC:1930	CHGB	P05060	ENSG00000089199	1114	IntAct: interaction-changing mutations	mutation	0	0	0	0
HGNC:19409	LRRTM2	O43300	ENSG00000146006	26045	IntAct: interaction-changing mutations	mutation	1	0	0	1
HGNC:195	ADAM17	P78536	ENSG00000151694	6868	IntAct: interaction-changing mutations	mutation	0	0	0	0
HGNC:1953	CHRM4	P08173	ENSG00000180720	1132	IntAct: interaction-changing mutations	mutation	1	0	0	0
HGNC:1967	CHRNG	P07510	ENSG00000196811	1146	IntAct: interaction-changing mutations	mutation	0	0	0	1
HGNC:19718	RXFP1	Q9HBX9	ENSG00000171509	59350	IntAct: interaction-changing mutations	mutation	1	0	0	0
HGNC:20001	PCSK9	Q8NBP7	ENSG00000169174	255738	IntAct: interaction-changing mutations	mutation	0	1	0	0
HGNC:201	ADAM22	Q9P0K1	ENSG00000008277	53616	IntAct: interaction-changing mutations	mutation	0	0	0	0
HGNC:20303	SLC30A8	Q8IWU4	ENSG00000164756	169026	IntAct: interaction-changing mutations	mutation	0	0	0	0
HGNC:20392	SULF2	Q8IWU5	ENSG00000196562	55959	IntAct: interaction-changing mutations	mutation	0	0	0	0
HGNC:20396	PILRA	Q9UKJ1	ENSG00000085514	29992	IntAct: interaction-changing mutations	mutation	1	0	0	1
HGNC:2040	CLDN19	Q8N6F1	ENSG00000164007	149461	IntAct: interaction-changing mutations	mutation	0	0	0	0
HGNC:20421	LNX2	Q8N448	ENSG00000139517	222484	IntAct: interaction-changing mutations	mutation	0	0	0	0
HGNC:20659	TSPAN2	O60636	ENSG00000134198	10100	IntAct: interaction-changing mutations	mutation	0	0	0	1
HGNC:20749	ZDHHC20	Q5W0Z9	ENSG00000180776	253832	IntAct: interaction-changing mutations	mutation	0	0	0	0
HGNC:21014	ANTXR1	Q9H6X2	ENSG00000169604	84168	IntAct: interaction-changing mutations	mutation	0	0	0	1
HGNC:21042	NUS1	Q96E22	ENSG00000153989	116150	IntAct: interaction-changing mutations	mutation	0	0	0	0
HGNC:21087	BTLA	Q7Z6A9	ENSG00000186265	151888	IntAct: interaction-changing mutations	mutation	1	1	0	0
HGNC:21253	LHFPL5	Q8TAF8	ENSG00000197753	222662	IntAct: interaction-changing mutations	mutation	0	0	0	1
HGNC:21336	RNF146	Q9NTX7	ENSG00000118518	81847	IntAct: interaction-changing mutations	mutation	0	0	0	0
HGNC:2159	CNR1	P21554	ENSG00000118432	1268	IntAct: interaction-changing mutations	mutation	1	1	0	0
HGNC:21641	TSPAN12	O95859	ENSG00000106025	23554	IntAct: interaction-changing mutations	mutation	0	0	0	0
HGNC:21652	OSTM1	Q86WC4	ENSG00000081087	28962	IntAct: interaction-changing mutations	mutation	0	0	0	0
HGNC:21716	PKD1L3	Q7Z443	ENSG00000277481	342372	IntAct: interaction-changing mutations	mutation	0	0	0	1
HGNC:23015	FAM20A	Q96MK3	ENSG00000108950	54757	IntAct: interaction-changing mutations	mutation	0	0	0	0
HGNC:23038	LMBRD1	Q9NUN5	ENSG00000168216	55788	IntAct: interaction-changing mutations	mutation	0	0	0	0
HGNC:23090	SLC15A4	Q8N697	ENSG00000139370	121260	IntAct: interaction-changing mutations	mutation	0	0	0	0
HGNC:23096	SLC29A3	Q9BZD2	ENSG00000198246	55315	IntAct: interaction-changing mutations	mutation	0	0	0	0
HGNC:23319	NTNG1	Q9Y2I2	ENSG00000162631	22854	IntAct: interaction-changing mutations	mutation	0	0	0	1
HGNC:2336	CR2	P20023	ENSG00000117322	1380	IntAct: interaction-changing mutations	mutation	1	0	0	1
HGNC:2347	CREB3	O43889	ENSG00000107175	10488	IntAct: interaction-changing mutations	mutation	0	0	0	0
HGNC:2357	CRHR1	P34998	ENSG00000120088	1394	IntAct: interaction-changing mutations	mutation	1	0	0	0
HGNC:23609	TBC1D10A	Q9BXI6	ENSG00000099992	83874	IntAct: interaction-changing mutations	mutation	0	0	0	0
HGNC:2389	CRYAB	P02511	ENSG00000109846	1410	IntAct: interaction-changing mutations	mutation	0	0	0	0
HGNC:24104	ACY3	Q96HD9	ENSG00000132744	91703	IntAct: interaction-changing mutations	mutation	0	0	0	0
HGNC:24191	CLEC2A	Q6UVW9	ENSG00000188393	387836	IntAct: interaction-changing mutations	mutation	1	0	0	1
HGNC:24313	CRTAM	O95727	ENSG00000109943	56253	IntAct: interaction-changing mutations	mutation	1	0	0	1
HGNC:24357	CDCP1	Q9H5V8	ENSG00000163814	64866	IntAct: interaction-changing mutations	mutation	0	0	0	0
HGNC:24627	DCBLD2	Q96PD2	ENSG00000057019	131566	IntAct: interaction-changing mutations	mutation	0	0	0	0
HGNC:24820	ENTREP1	Q15884	ENSG00000135063	9413	IntAct: interaction-changing mutations	mutation	0	0	0	0
HGNC:24945	GPIHBP1	Q8IV16	ENSG00000277494	338328	IntAct: interaction-changing mutations	mutation	0	0	0	1
HGNC:2505	CTLA4	P16410	ENSG00000163599	1493	IntAct: interaction-changing mutations	mutation	1	1	0	0
HGNC:2514	CTNNB1	P35222	ENSG00000168036	1499	IntAct: interaction-changing mutations	mutation	0	0	0	0
HGNC:2515	CTNND1	O60716	ENSG00000198561	1500	IntAct: interaction-changing mutations	mutation	0	0	0	0
HGNC:25171	CCDC124	Q96CT7	ENSG00000007080	115098	IntAct: interaction-changing mutations	mutation	0	0	0	0
HGNC:25355	SLC30A10	Q6XR72	ENSG00000196660	55532	IntAct: interaction-changing mutations	mutation	0	0	0	0
HGNC:25396	FREM2	Q5SZK8	ENSG00000150893	341640	IntAct: interaction-changing mutations	mutation	0	0	0	1
HGNC:2577	CYBA	P13498	ENSG00000051523	1535	IntAct: interaction-changing mutations	mutation	0	0	0	0
HGNC:25896	ORAI1	Q96D31	ENSG00000276045	84876	IntAct: interaction-changing mutations	mutation	0	0	0	0
HGNC:26401	MARVELD2	Q8N4S9	ENSG00000152939	153562	IntAct: interaction-changing mutations	mutation	0	0	0	1
HGNC:26486	CNST	Q6PJW8	ENSG00000162852	163882	IntAct: interaction-changing mutations	mutation	0	0	0	0
HGNC:26559	ZFYVE27	Q5T4F4	ENSG00000155256	118813	IntAct: interaction-changing mutations	mutation	0	0	0	0
HGNC:26617	MLKL	Q8NB16	ENSG00000168404	197259	IntAct: interaction-changing mutations	mutation	0	0	0	0
HGNC:2666	DAG1	Q14118	ENSG00000173402	1605	IntAct: interaction-changing mutations	mutation	1	0	0	0
HGNC:26838	TIGIT	Q495A1	ENSG00000181847	201633	IntAct: interaction-changing mutations	mutation	1	1	0	1
HGNC:26896	RGMB	Q6NW40	ENSG00000174136	285704	IntAct: interaction-changing mutations	mutation	0	0	0	1
HGNC:26909	HTRA4	P83105	ENSG00000169495	203100	IntAct: interaction-changing mutations	mutation	0	0	0	0
HGNC:2701	DCC	P43146	ENSG00000187323	1630	IntAct: interaction-changing mutations	mutation	1	0	0	0
HGNC:27106	NOTUM	Q6P988	ENSG00000185269	147111	IntAct: interaction-changing mutations	mutation	0	0	0	0
HGNC:2730	DDR1	Q08345	ENSG00000204580	780	IntAct: interaction-changing mutations	mutation	0	0	0	0
HGNC:2731	DDR2	Q16832	ENSG00000162733	4921	IntAct: interaction-changing mutations	mutation	0	0	0	1
HGNC:277	ADRA1A	P35348	ENSG00000120907	148	IntAct: interaction-changing mutations	mutation	1	0	0	0
HGNC:28018	NIPAL4	Q0D2K0	ENSG00000172548	348938	IntAct: interaction-changing mutations	mutation	0	0	0	0
HGNC:2810	GSDME	O60443	ENSG00000105928	1687	IntAct: interaction-changing mutations	mutation	0	0	0	0
HGNC:28456	LRFN4	Q6PJG9	ENSG00000173621	78999	IntAct: interaction-changing mutations	mutation	1	0	0	0
HGNC:285	ADRB1	P08588	ENSG00000043591	153	IntAct: interaction-changing mutations	mutation	1	0	0	0
HGNC:28539	IZUMO1	Q8IYV9	ENSG00000182264	284359	IntAct: interaction-changing mutations	mutation	0	0	0	1
HGNC:286	ADRB2	P07550	ENSG00000169252	154	IntAct: interaction-changing mutations	mutation	1	0	0	0
HGNC:29	ABCA1	O95477	ENSG00000165029	19	IntAct: interaction-changing mutations	mutation	1	0	0	1
HGNC:2900	DLG1	Q12959	ENSG00000075711	1739	IntAct: interaction-changing mutations	mutation	0	0	0	0
HGNC:2903	DLG4	P78352	ENSG00000132535	1742	IntAct: interaction-changing mutations	mutation	0	0	0	0
HGNC:29103	ATP2C2	O75185	ENSG00000064270	9914	IntAct: interaction-changing mutations	mutation	0	0	0	0
HGNC:29227	HEG1	Q9ULI3	ENSG00000173706	57493	IntAct: interaction-changing mutations	mutation	0	0	0	0
HGNC:29317	LRRC4C	Q9HCJ2	ENSG00000148948	57689	IntAct: interaction-changing mutations	mutation	1	0	0	0
HGNC:29608	MTDH	Q86UE4	ENSG00000147649	92140	IntAct: interaction-changing mutations	mutation	0	0	0	0
HGNC:3009	DPP4	P27487	ENSG00000197635	1803	IntAct: interaction-changing mutations	mutation	1	1	0	1
HGNC:30100	PSENEN	Q9NZ42	ENSG00000205155	55851	IntAct: interaction-changing mutations	mutation	0	0	0	0
HGNC:3018	SLC26A3	P40879	ENSG00000091138	1811	IntAct: interaction-changing mutations	mutation	0	0	0	0
HGNC:3024	DRD3	P35462	ENSG00000151577	1814	IntAct: interaction-changing mutations	mutation	1	0	0	0
HGNC:30377	SCRIB	Q14160	ENSG00000180900	23513	IntAct: interaction-changing mutations	mutation	0	0	0	0
HGNC:30406	HTRA3	P83110	ENSG00000170801	94031	IntAct: interaction-changing mutations	mutation	0	0	0	0
HGNC:3052	DSP	P15924	ENSG00000096696	1832	IntAct: interaction-changing mutations	mutation	0	0	0	0
HGNC:3062	DUOX1	Q9NRD9	ENSG00000137857	53905	IntAct: interaction-changing mutations	mutation	0	0	0	1
HGNC:30646	SND1	Q7KZF4	ENSG00000197157	27044	IntAct: interaction-changing mutations	mutation	0	0	0	0
HGNC:30670	SV2C	Q496J9	ENSG00000122012	22987	IntAct: interaction-changing mutations	mutation	0	0	0	1
HGNC:30683	TAPBPL	Q9BX59	ENSG00000139192	55080	IntAct: interaction-changing mutations	mutation	0	0	0	0
HGNC:30799	PRRG4	Q9BZD6	ENSG00000135378	79056	IntAct: interaction-changing mutations	mutation	0	0	0	0
HGNC:30811	CD300LB	A8K4G0	ENSG00000178789	124599	IntAct: interaction-changing mutations	mutation	0	0	0	1
HGNC:3168	LPAR2	Q9HBW0	ENSG00000064547	9170	IntAct: interaction-changing mutations	mutation	1	0	0	0
HGNC:3189	EEF1A1	P68104	ENSG00000156508	1915	IntAct: interaction-changing mutations	mutation	0	0	0	0
HGNC:320	AGER	Q15109	ENSG00000204305	177	IntAct: interaction-changing mutations	mutation	0	0	0	0
HGNC:3236	EGFR	P00533	ENSG00000146648	1956	IntAct: interaction-changing mutations	mutation	1	1	0	0
HGNC:3242	EHD1	Q9H4M9	ENSG00000110047	10938	IntAct: interaction-changing mutations	mutation	0	0	0	0
HGNC:3244	EHD3	Q9NZN3	ENSG00000013016	30845	IntAct: interaction-changing mutations	mutation	0	0	0	0
HGNC:32565	IZUMO1R	A6ND01	ENSG00000183560	390243	IntAct: interaction-changing mutations	mutation	0	0	0	1
HGNC:32698	DUOXA2	Q1HG44	ENSG00000140274	405753	IntAct: interaction-changing mutations	mutation	0	0	0	1
HGNC:328	AGR2	O95994	ENSG00000106541	10551	IntAct: interaction-changing mutations	mutation	0	0	0	0
HGNC:32926	SIGLEC14	Q08ET2	ENSG00000254415	100049587	IntAct: interaction-changing mutations	mutation	0	0	0	0
HGNC:33	ABCA3	Q99758	ENSG00000167972	21	IntAct: interaction-changing mutations	mutation	0	0	0	0
HGNC:3312	ELAVL1	Q15717	ENSG00000066044	1994	IntAct: interaction-changing mutations	mutation	0	0	0	0
HGNC:33277	FAM163B	P0C2L3	ENSG00000196990	642968	IntAct: interaction-changing mutations	mutation	0	0	0	0
HGNC:3338	CTTN	Q14247	ENSG00000085733	2017	IntAct: interaction-changing mutations	mutation	0	0	0	0
HGNC:33455	SLC15A5	A6NIM6	ENSG00000188991	729025	IntAct: interaction-changing mutations	mutation	0	0	0	0
HGNC:3349	ENG	P17813	ENSG00000106991	2022	IntAct: interaction-changing mutations	mutation	0	1	0	1
HGNC:336	AGTR1	P30556	ENSG00000144891	185	IntAct: interaction-changing mutations	mutation	1	0	0	0
HGNC:33823	ERVFRD-1	P60508	ENSG00000244476	405754	IntAct: interaction-changing mutations	mutation	0	0	0	1
HGNC:3386	EPHA2	P29317	ENSG00000142627	1969	IntAct: interaction-changing mutations	mutation	1	0	0	0
HGNC:339	APLNR	P35414	ENSG00000134817	187	IntAct: interaction-changing mutations	mutation	1	0	0	1
HGNC:3390	EPHA7	Q15375	ENSG00000135333	2045	IntAct: interaction-changing mutations	mutation	1	0	0	1
HGNC:3416	EPOR	P19235	ENSG00000187266	2057	IntAct: interaction-changing mutations	mutation	1	0	0	0
HGNC:3420	EPS8	Q12929	ENSG00000151491	2059	IntAct: interaction-changing mutations	mutation	0	0	0	0
HGNC:3430	ERBB2	P04626	ENSG00000141736	2064	IntAct: interaction-changing mutations	mutation	1	1	0	0
HGNC:3431	ERBB3	P21860	ENSG00000065361	2065	IntAct: interaction-changing mutations	mutation	1	1	0	1
HGNC:3432	ERBB4	Q15303	ENSG00000178568	2066	IntAct: interaction-changing mutations	mutation	1	0	0	1
HGNC:34518	VOPP1	Q96AW1	ENSG00000154978	81552	IntAct: interaction-changing mutations	mutation	0	0	0	0
HGNC:3595	FAT1	Q14517	ENSG00000083857	2195	IntAct: interaction-changing mutations	mutation	0	0	0	0
HGNC:3611	FCER1G	P30273	ENSG00000158869	2207	IntAct: interaction-changing mutations	mutation	0	0	0	0
HGNC:3624	FCN2	Q15485	ENSG00000160339	2220	IntAct: interaction-changing mutations	mutation	0	0	0	0
HGNC:3656	MYOF	Q9NZM1	ENSG00000138119	26509	IntAct: interaction-changing mutations	mutation	0	0	0	0
HGNC:3661	FGA	P02671	ENSG00000171560	2243	IntAct: interaction-changing mutations	mutation	0	0	0	0
HGNC:3662	FGB	P02675	ENSG00000171564	2244	IntAct: interaction-changing mutations	mutation	0	0	0	0
HGNC:3688	FGFR1	P11362	ENSG00000077782	2260	IntAct: interaction-changing mutations	mutation	1	1	0	1
HGNC:3689	FGFR2	P21802	ENSG00000066468	2263	IntAct: interaction-changing mutations	mutation	1	1	0	1
HGNC:3690	FGFR3	P22607	ENSG00000068078	2261	IntAct: interaction-changing mutations	mutation	1	1	0	1
HGNC:3706	ATP8B1	O43520	ENSG00000081923	5205	IntAct: interaction-changing mutations	mutation	0	0	0	0
HGNC:3763	FLT1	P17948	ENSG00000102755	2321	IntAct: interaction-changing mutations	mutation	1	1	0	0
HGNC:3765	FLT3	P36888	ENSG00000122025	2322	IntAct: interaction-changing mutations	mutation	1	1	0	0
HGNC:3778	FN1	P02751	ENSG00000115414	2335	IntAct: interaction-changing mutations	mutation	0	0	0	0
HGNC:3826	FPR1	P21462	ENSG00000171051	2357	IntAct: interaction-changing mutations	mutation	1	0	0	0
HGNC:3999	FTL	P02792	ENSG00000087086	2512	IntAct: interaction-changing mutations	mutation	0	0	0	0
HGNC:4027	FXYD3	Q14802	ENSG00000089356	5349	IntAct: interaction-changing mutations	mutation	0	0	0	0
HGNC:4042	FZD4	Q9ULV1	ENSG00000174804	8322	IntAct: interaction-changing mutations	mutation	0	0	0	1
HGNC:4045	FZD7	O75084	ENSG00000155760	8324	IntAct: interaction-changing mutations	mutation	0	0	0	0
HGNC:4053	ISG15	P05161	ENSG00000187608	9636	IntAct: interaction-changing mutations	mutation	0	0	0	0
HGNC:4162	GARS1	P41250	ENSG00000106105	2617	IntAct: interaction-changing mutations	mutation	0	0	0	0
HGNC:4177	GBA1	P04062	ENSG00000177628	2629	IntAct: interaction-changing mutations	mutation	0	0	0	0
HGNC:4192	GCGR	P47871	ENSG00000215644	2642	IntAct: interaction-changing mutations	mutation	1	1	0	1
HGNC:427	ALK	Q9UM73	ENSG00000171094	238	IntAct: interaction-changing mutations	mutation	1	0	0	1
HGNC:4274	GJA1	P17302	ENSG00000152661	2697	IntAct: interaction-changing mutations	mutation	1	0	0	0
HGNC:4329	GLRB	P48167	ENSG00000109738	2743	IntAct: interaction-changing mutations	mutation	0	0	0	0
HGNC:4392	GNAS	P63092	ENSG00000087460	2778	IntAct: interaction-changing mutations	mutation	0	0	0	0
HGNC:4396	GNB1	P62873	ENSG00000078369	2782	IntAct: interaction-changing mutations	mutation	0	0	0	0
HGNC:4440	GP1BB	P13224	ENSG00000203618	2812	IntAct: interaction-changing mutations	mutation	0	0	0	0
HGNC:4462	GPNMB	Q14956	ENSG00000136235	10457	IntAct: interaction-changing mutations	mutation	0	1	0	0
HGNC:4464	PRLHR	P49683	ENSG00000119973	2834	IntAct: interaction-changing mutations	mutation	1	0	0	0
HGNC:4484	GPR3	P46089	ENSG00000181773	2827	IntAct: interaction-changing mutations	mutation	0	0	0	0
HGNC:4485	GPER1	Q99527	ENSG00000164850	2852	IntAct: interaction-changing mutations	mutation	1	0	0	0
HGNC:4506	GPR50	Q13585	ENSG00000102195	9248	IntAct: interaction-changing mutations	mutation	0	0	0	0
HGNC:4512	ADGRG1	Q9Y653	ENSG00000205336	9289	IntAct: interaction-changing mutations	mutation	1	0	0	1
HGNC:4539	GPR88	Q9GZN0	ENSG00000181656	54112	IntAct: interaction-changing mutations	mutation	0	0	0	0
HGNC:4576	GRID2	O43424	ENSG00000152208	2895	IntAct: interaction-changing mutations	mutation	1	0	0	0
HGNC:4585	GRIN2A	Q12879	ENSG00000183454	2903	IntAct: interaction-changing mutations	mutation	0	0	0	0
HGNC:4586	GRIN2B	Q13224	ENSG00000273079	2904	IntAct: interaction-changing mutations	mutation	0	0	0	0
HGNC:4601	GRN	P28799	ENSG00000030582	2896	IntAct: interaction-changing mutations	mutation	0	0	0	0
HGNC:4606	PDIA3	P30101	ENSG00000167004	2923	IntAct: interaction-changing mutations	mutation	0	0	0	0
HGNC:463	AMFR	Q9UKV5	ENSG00000159461	267	IntAct: interaction-changing mutations	mutation	0	0	0	0
HGNC:4688	GUCY2C	P25092	ENSG00000070019	2984	IntAct: interaction-changing mutations	mutation	0	1	0	0
HGNC:4702	GYPA	P02724	ENSG00000170180	2993	IntAct: interaction-changing mutations	mutation	0	0	0	1
HGNC:4709	GZMB	P10144	ENSG00000100453	3002	IntAct: interaction-changing mutations	mutation	0	0	0	0
HGNC:471	AMPH	P49418	ENSG00000078053	273	IntAct: interaction-changing mutations	mutation	0	0	0	0
HGNC:4840	HCK	P08631	ENSG00000101336	3055	IntAct: interaction-changing mutations	mutation	0	0	0	0
HGNC:4886	HFE	Q30201	ENSG00000010704	3077	IntAct: interaction-changing mutations	mutation	1	0	0	1
HGNC:4887	HJV	Q6ZVN8	ENSG00000168509	148738	IntAct: interaction-changing mutations	mutation	0	0	0	1
HGNC:493	ANK2	Q01484	ENSG00000145362	287	IntAct: interaction-changing mutations	mutation	0	0	0	0
HGNC:4934	HLA-DMA	P28067	ENSG00000204257	3108	IntAct: interaction-changing mutations	mutation	0	0	0	0
HGNC:4947	HLA-DRA	P01903	ENSG00000204287	3122	IntAct: interaction-changing mutations	mutation	0	0	0	1
HGNC:4962	HLA-E	P13747	ENSG00000204592	3133	IntAct: interaction-changing mutations	mutation	1	0	0	1
HGNC:5232	HSPA1A	P0DMV8	ENSG00000204389	3303	IntAct: interaction-changing mutations	mutation	0	0	0	0
HGNC:5238	HSPA5	P11021	ENSG00000044574	3309	IntAct: interaction-changing mutations	mutation	0	0	0	0
HGNC:5241	HSPA8	P11142	ENSG00000109971	3312	IntAct: interaction-changing mutations	mutation	0	0	0	0
HGNC:5244	HSPA9	P38646	ENSG00000113013	3313	IntAct: interaction-changing mutations	mutation	0	0	0	0
HGNC:5246	HSPB1	P04792	ENSG00000106211	3315	IntAct: interaction-changing mutations	mutation	0	0	0	0
HGNC:5253	HSP90AA1	P07900	ENSG00000080824	3320	IntAct: interaction-changing mutations	mutation	0	0	0	0
HGNC:5258	HSP90AB1	P08238	ENSG00000096384	3326	IntAct: interaction-changing mutations	mutation	0	0	0	0
HGNC:5261	HSPD1	P10809	ENSG00000144381	3329	IntAct: interaction-changing mutations	mutation	0	0	0	0
HGNC:5295	HTR2C	P28335	ENSG00000147246	3358	IntAct: interaction-changing mutations	mutation	1	0	0	0
HGNC:5297	HTR3A	P46098	ENSG00000166736	3359	IntAct: interaction-changing mutations	mutation	1	0	0	1
HGNC:5331	NOD2	Q9HC29	ENSG00000167207	64127	IntAct: interaction-changing mutations	mutation	0	0	0	0
HGNC:5348	ICAM5	Q9UMF0	ENSG00000105376	7087	IntAct: interaction-changing mutations	mutation	0	0	0	0
HGNC:5351	ICOS	Q9Y6W8	ENSG00000163600	29851	IntAct: interaction-changing mutations	mutation	1	1	0	1
HGNC:5432	IFNAR1	P17181	ENSG00000142166	3454	IntAct: interaction-changing mutations	mutation	0	1	0	0
HGNC:5433	IFNAR2	P48551	ENSG00000159110	3455	IntAct: interaction-changing mutations	mutation	0	0	0	0
HGNC:5465	IGF1R	P08069	ENSG00000140443	3480	IntAct: interaction-changing mutations	mutation	1	1	0	0
HGNC:5467	IGF2R	P11717	ENSG00000197081	3482	IntAct: interaction-changing mutations	mutation	0	0	0	0
HGNC:564	AP2M1	Q96CW1	ENSG00000161203	1173	IntAct: interaction-changing mutations	mutation	0	0	0	0
HGNC:57	ABCC6	O95255	ENSG00000091262	368	IntAct: interaction-changing mutations	mutation	0	0	0	0
HGNC:583	APC	P25054	ENSG00000134982	324	IntAct: interaction-changing mutations	mutation	0	0	0	0
HGNC:5964	IL10RA	Q13651	ENSG00000110324	3587	IntAct: interaction-changing mutations	mutation	0	0	0	0
HGNC:5965	IL10RB	Q08334	ENSG00000243646	3588	IntAct: interaction-changing mutations	mutation	0	0	0	1
HGNC:6017	IL5RA	Q01344	ENSG00000091181	3568	IntAct: interaction-changing mutations	mutation	0	1	0	1
HGNC:6021	IL6ST	P40189	ENSG00000134352	3572	IntAct: interaction-changing mutations	mutation	1	0	0	1
HGNC:6091	INSR	P06213	ENSG00000171105	3643	IntAct: interaction-changing mutations	mutation	1	1	0	1
HGNC:6125	IRS1	P35568	ENSG00000169047	3667	IntAct: interaction-changing mutations	mutation	0	0	0	0
HGNC:613	APOE	P02649	ENSG00000130203	348	IntAct: interaction-changing mutations	mutation	0	0	0	0
HGNC:6137	ITGA2	P17301	ENSG00000164171	3673	IntAct: interaction-changing mutations	mutation	0	1	0	1
HGNC:6138	ITGA2B	P08514	ENSG00000005961	3674	IntAct: interaction-changing mutations	mutation	0	1	0	0
HGNC:6140	ITGA4	P13612	ENSG00000115232	3676	IntAct: interaction-changing mutations	mutation	0	1	0	0
HGNC:6141	ITGA5	P08648	ENSG00000161638	3678	IntAct: interaction-changing mutations	mutation	0	0	0	1
HGNC:6153	ITGB1	P05556	ENSG00000150093	3688	IntAct: interaction-changing mutations	mutation	0	0	0	0
HGNC:6156	ITGB3	P05106	ENSG00000259207	3690	IntAct: interaction-changing mutations	mutation	0	0	0	0
HGNC:6158	ITGB4	P16144	ENSG00000132470	3691	IntAct: interaction-changing mutations	mutation	0	0	0	0
HGNC:6160	ITGB5	P18084	ENSG00000082781	3693	IntAct: interaction-changing mutations	mutation	0	0	0	0
HGNC:6162	ITGB7	P26010	ENSG00000139626	3695	IntAct: interaction-changing mutations	mutation	0	0	0	0
HGNC:6174	ITM2B	Q9Y287	ENSG00000136156	9445	IntAct: interaction-changing mutations	mutation	0	0	0	0
HGNC:6188	JAG1	P78504	ENSG00000101384	182	IntAct: interaction-changing mutations	mutation	1	0	0	1
HGNC:620	APP	P05067	ENSG00000142192	351	IntAct: interaction-changing mutations	mutation	1	1	0	1
HGNC:6211	ANOS1	P23352	ENSG00000011201	3730	IntAct: interaction-changing mutations	mutation	0	0	0	0
HGNC:6215	KARS1	Q15046	ENSG00000065427	3735	IntAct: interaction-changing mutations	mutation	0	1	0	0
HGNC:6240	KCNE1	P15382	ENSG00000180509	3753	IntAct: interaction-changing mutations	mutation	0	0	0	0
HGNC:6250	KCNH1	O95259	ENSG00000143473	3756	IntAct: interaction-changing mutations	mutation	0	0	0	0
HGNC:6256	KCNJ10	P78508	ENSG00000177807	3766	IntAct: interaction-changing mutations	mutation	0	0	0	0
HGNC:6257	KCNJ11	Q14654	ENSG00000187486	3767	IntAct: interaction-changing mutations	mutation	0	0	0	0
HGNC:6265	KCNJ4	P48050	ENSG00000168135	3761	IntAct: interaction-changing mutations	mutation	0	0	0	0
HGNC:6272	KCNK1	O00180	ENSG00000135750	3775	IntAct: interaction-changing mutations	mutation	0	0	0	0
HGNC:6307	KDR	P35968	ENSG00000128052	3791	IntAct: interaction-changing mutations	mutation	1	1	0	1
HGNC:6329	KIR2DL1	P43626	ENSG00000125498	3802	IntAct: interaction-changing mutations	mutation	1	0	0	1
HGNC:6331	KIR2DL3	P43628	ENSG00000243772	3804	IntAct: interaction-changing mutations	mutation	1	0	0	1
HGNC:6336	KIR2DS4	P43632	ENSG00000221957	3809	IntAct: interaction-changing mutations	mutation	0	0	0	1
HGNC:6338	KIR3DL1	P43629	ENSG00000167633	3811	IntAct: interaction-changing mutations	mutation	1	0	0	1
HGNC:634	AQP2	P41181	ENSG00000167580	359	IntAct: interaction-changing mutations	mutation	0	0	0	0
HGNC:6342	KIT	P10721	ENSG00000157404	3815	IntAct: interaction-changing mutations	mutation	1	1	0	0
HGNC:637	AQP4	P55087	ENSG00000171885	361	IntAct: interaction-changing mutations	mutation	0	0	0	0
HGNC:6373	KLRB1	Q12918	ENSG00000111796	3820	IntAct: interaction-changing mutations	mutation	1	1	0	1
HGNC:6374	KLRC1	P26715	ENSG00000134545	3821	IntAct: interaction-changing mutations	mutation	1	1	0	1
HGNC:6375	KLRC2	P26717	ENSG00000205809	3822	IntAct: interaction-changing mutations	mutation	1	0	0	1
HGNC:6378	KLRD1	Q13241	ENSG00000134539	3824	IntAct: interaction-changing mutations	mutation	0	1	0	1
HGNC:640	AQP7	O14520	ENSG00000165269	364	IntAct: interaction-changing mutations	mutation	0	0	0	0
HGNC:6412	KRT1	P04264	ENSG00000167768	3848	IntAct: interaction-changing mutations	mutation	0	0	0	0
HGNC:6499	LAMP1	P11279	ENSG00000185896	3916	IntAct: interaction-changing mutations	mutation	0	0	0	0
HGNC:651	AREG	P15514	ENSG00000109321	374	IntAct: interaction-changing mutations	mutation	0	0	0	0
HGNC:6547	LDLR	P01130	ENSG00000130164	3949	IntAct: interaction-changing mutations	mutation	0	0	0	1
HGNC:6554	LEPR	P48357	ENSG00000116678	3953	IntAct: interaction-changing mutations	mutation	1	1	0	0
HGNC:6563	LGALS3	P17931	ENSG00000131981	3958	IntAct: interaction-changing mutations	mutation	0	0	0	0
HGNC:6569	LGALS8	O00214	ENSG00000116977	3964	IntAct: interaction-changing mutations	mutation	0	0	0	0
HGNC:6606	LILRB2	Q8N423	ENSG00000131042	10288	IntAct: interaction-changing mutations	mutation	1	1	0	1
HGNC:6656	LNPEP	Q9UIQ6	ENSG00000113441	4012	IntAct: interaction-changing mutations	mutation	0	0	0	0
HGNC:6657	LNX1	Q8TBB1	ENSG00000072201	84708	IntAct: interaction-changing mutations	mutation	0	0	0	0
HGNC:667	RHOA	P61586	ENSG00000067560	387	IntAct: interaction-changing mutations	mutation	0	0	0	0
HGNC:6677	LPL	P06858	ENSG00000175445	4023	IntAct: interaction-changing mutations	mutation	0	0	0	0
HGNC:6692	LRP1	Q07954	ENSG00000123384	4035	IntAct: interaction-changing mutations	mutation	0	0	0	1
HGNC:6696	LRP4	O75096	ENSG00000134569	4038	IntAct: interaction-changing mutations	mutation	0	0	0	1
HGNC:6697	LRP5	O75197	ENSG00000162337	4041	IntAct: interaction-changing mutations	mutation	1	0	0	1
HGNC:6698	LRP6	O75581	ENSG00000070018	4040	IntAct: interaction-changing mutations	mutation	1	0	0	1
HGNC:6700	LRP8	Q14114	ENSG00000157193	7804	IntAct: interaction-changing mutations	mutation	1	0	0	1
HGNC:6720	LTF	P02788	ENSG00000012223	4057	IntAct: interaction-changing mutations	mutation	0	0	0	0
HGNC:6730	LY9	Q9HBG7	ENSG00000122224	4063	IntAct: interaction-changing mutations	mutation	0	0	0	0
HGNC:6735	LYN	P07948	ENSG00000254087	4067	IntAct: interaction-changing mutations	mutation	0	0	0	0
HGNC:6743	CAPRIN1	Q14444	ENSG00000135387	4076	IntAct: interaction-changing mutations	mutation	0	0	0	0
HGNC:6893	MAPT	P10636	ENSG00000186868	4137	IntAct: interaction-changing mutations	mutation	0	1	0	0
HGNC:6902	MASP2	O00187	ENSG00000009724	10747	IntAct: interaction-changing mutations	mutation	0	1	0	0
HGNC:6922	MBL2	P11226	ENSG00000165471	4153	IntAct: interaction-changing mutations	mutation	0	0	0	0
HGNC:6925	MBP	P02686	ENSG00000197971	4155	IntAct: interaction-changing mutations	mutation	0	0	0	0
HGNC:6930	MC2R	Q01718	ENSG00000185231	4158	IntAct: interaction-changing mutations	mutation	1	0	0	0
HGNC:6935	MCC	P23508	ENSG00000171444	4163	IntAct: interaction-changing mutations	mutation	0	0	0	0
HGNC:7029	MET	P08581	ENSG00000105976	4233	IntAct: interaction-changing mutations	mutation	1	1	0	0
HGNC:7160	MMP14	P50281	ENSG00000157227	4323	IntAct: interaction-changing mutations	mutation	0	0	0	1
HGNC:7161	MMP15	P51511	ENSG00000102996	4324	IntAct: interaction-changing mutations	mutation	0	0	0	0
HGNC:7373	MSN	P26038	ENSG00000147065	4478	IntAct: interaction-changing mutations	mutation	0	0	0	0
HGNC:74	ABCG2	Q9UNQ0	ENSG00000118777	9429	IntAct: interaction-changing mutations	mutation	0	0	0	1
HGNC:7463	MTNR1A	P48039	ENSG00000168412	4543	IntAct: interaction-changing mutations	mutation	1	0	0	0
HGNC:7521	CDHR5	Q9HBB8	ENSG00000099834	53841	IntAct: interaction-changing mutations	mutation	0	0	0	1
HGNC:7579	MYH9	P35579	ENSG00000100345	4627	IntAct: interaction-changing mutations	mutation	0	0	0	0
HGNC:773	ASTN1	O14525	ENSG00000152092	460	IntAct: interaction-changing mutations	mutation	0	0	0	1
HGNC:7849	NME1	P15531	ENSG00000239672	4830	IntAct: interaction-changing mutations	mutation	0	0	0	0
HGNC:7881	NOTCH1	P46531	ENSG00000148400	4851	IntAct: interaction-changing mutations	mutation	1	1	0	0
HGNC:7897	NPC1	O15118	ENSG00000141458	4864	IntAct: interaction-changing mutations	mutation	0	0	0	0
HGNC:7908	NPHS1	O60500	ENSG00000161270	4868	IntAct: interaction-changing mutations	mutation	0	0	0	0
HGNC:8004	NRP1	O14786	ENSG00000099250	8829	IntAct: interaction-changing mutations	mutation	1	1	0	1
HGNC:8005	NRP2	O60462	ENSG00000118257	8828	IntAct: interaction-changing mutations	mutation	1	0	0	1
HGNC:8008	NRXN1	P58400	ENSG00000179915	9378	IntAct: interaction-changing mutations	mutation	0	0	0	1
HGNC:8014	YBX1	P67809	ENSG00000065978	4904	IntAct: interaction-changing mutations	mutation	0	0	0	0
HGNC:8033	NTRK3	Q16288	ENSG00000140538	4916	IntAct: interaction-changing mutations	mutation	1	0	0	0
HGNC:8104	OCLN	Q16625	ENSG00000197822	100506658	IntAct: interaction-changing mutations	mutation	0	0	0	0
HGNC:814	ATP2B1	P20020	ENSG00000070961	490	IntAct: interaction-changing mutations	mutation	0	0	0	0
HGNC:815	ATP2B2	Q01814	ENSG00000157087	491	IntAct: interaction-changing mutations	mutation	0	0	0	0
HGNC:8153	OPRD1	P41143	ENSG00000116329	4985	IntAct: interaction-changing mutations	mutation	1	0	0	0
HGNC:830	ATP5F1B	P06576	ENSG00000110955	506	IntAct: interaction-changing mutations	mutation	0	0	0	0
HGNC:8548	P4HB	P07237	ENSG00000185624	5034	IntAct: interaction-changing mutations	mutation	1	0	0	0
HGNC:8573	PAEP	P09466	ENSG00000122133	5047	IntAct: interaction-changing mutations	mutation	0	0	0	0
HGNC:8614	PAWR	Q96IZ0	ENSG00000177425	5074	IntAct: interaction-changing mutations	mutation	0	0	0	0
HGNC:870	ATP7B	P35670	ENSG00000123191	540	IntAct: interaction-changing mutations	mutation	0	0	0	0
HGNC:8749	CDK16	Q00536	ENSG00000102225	5127	IntAct: interaction-changing mutations	mutation	0	0	0	0
HGNC:8804	PDGFRB	P09619	ENSG00000113721	5159	IntAct: interaction-changing mutations	mutation	1	1	0	0
HGNC:8823	PECAM1	P16284	ENSG00000261371	5175	IntAct: interaction-changing mutations	mutation	1	0	0	1
HGNC:8883	CDK14	O94921	ENSG00000058091	5218	IntAct: interaction-changing mutations	mutation	0	0	0	0
HGNC:897	AVPR2	P30518	ENSG00000126895	554	IntAct: interaction-changing mutations	mutation	1	0	0	0
HGNC:9008	PKD1	P98161	ENSG00000008710	5310	IntAct: interaction-changing mutations	mutation	0	0	0	0
HGNC:9009	PKD2	Q13563	ENSG00000118762	5311	IntAct: interaction-changing mutations	mutation	0	0	0	0
HGNC:9021	PKM	P14618	ENSG00000067225	5315	IntAct: interaction-changing mutations	mutation	0	0	0	0
HGNC:9024	PKP2	Q99959	ENSG00000057294	5318	IntAct: interaction-changing mutations	mutation	0	0	0	0
HGNC:9026	PKP4	Q99569	ENSG00000144283	8502	IntAct: interaction-changing mutations	mutation	0	0	0	0
HGNC:905	AXL	P30530	ENSG00000167601	558	IntAct: interaction-changing mutations	mutation	1	1	0	1
HGNC:9065	PLCG1	P19174	ENSG00000124181	5335	IntAct: interaction-changing mutations	mutation	0	0	0	0
HGNC:9086	PLP1	P60201	ENSG00000123560	5354	IntAct: interaction-changing mutations	mutation	0	0	0	0
HGNC:9103	PLXNB1	O43157	ENSG00000164050	5364	IntAct: interaction-changing mutations	mutation	1	0	0	0
HGNC:9118	PMP22	Q01453	ENSG00000109099	5376	IntAct: interaction-changing mutations	mutation	0	0	0	0
HGNC:9253	PPIA	P62937	ENSG00000196262	5478	IntAct: interaction-changing mutations	mutation	1	0	0	0
HGNC:933	BACE1	P56817	ENSG00000186318	23621	IntAct: interaction-changing mutations	mutation	0	0	0	0
HGNC:9352	PRDX1	Q06830	ENSG00000117450	5052	IntAct: interaction-changing mutations	mutation	0	0	0	0
HGNC:9393	PRKCA	P17252	ENSG00000154229	5578	IntAct: interaction-changing mutations	mutation	0	0	0	0
HGNC:9406	PKN2	Q16513	ENSG00000065243	5586	IntAct: interaction-changing mutations	mutation	0	0	0	0
HGNC:943	ADGRB1	O14514	ENSG00000181790	575	IntAct: interaction-changing mutations	mutation	1	0	0	0
HGNC:944	ADGRB2	O60241	ENSG00000121753	576	IntAct: interaction-changing mutations	mutation	1	0	0	0
HGNC:9446	PRLR	P16471	ENSG00000113494	5618	IntAct: interaction-changing mutations	mutation	1	1	0	0
HGNC:9449	PRNP	P04156	ENSG00000171867	5621	IntAct: interaction-changing mutations	mutation	0	0	0	1
HGNC:947	BAIAP2	Q9UQB8	ENSG00000175866	10458	IntAct: interaction-changing mutations	mutation	0	0	0	0
HGNC:9470	PRRG2	O14669	ENSG00000126460	5639	IntAct: interaction-changing mutations	mutation	0	0	0	0
HGNC:9476	HTRA1	Q92743	ENSG00000166033	5654	IntAct: interaction-changing mutations	mutation	0	1	0	0
HGNC:9508	PSEN1	P49768	ENSG00000080815	5663	IntAct: interaction-changing mutations	mutation	0	0	0	0
HGNC:9509	PSEN2	P49810	ENSG00000143801	5664	IntAct: interaction-changing mutations	mutation	0	0	0	0
HGNC:9585	PTCH1	Q13635	ENSG00000185920	5727	IntAct: interaction-changing mutations	mutation	0	0	0	1
HGNC:9608	PTH1R	Q03431	ENSG00000160801	5745	IntAct: interaction-changing mutations	mutation	1	0	0	0
HGNC:9612	PTK2B	Q14289	ENSG00000120899	2185	IntAct: interaction-changing mutations	mutation	0	0	0	0
HGNC:9652	PTPN22	Q9Y2R2	ENSG00000134242	26191	IntAct: interaction-changing mutations	mutation	0	0	0	0
HGNC:9662	SIRPA	P78324	ENSG00000198053	140885	IntAct: interaction-changing mutations	mutation	1	1	0	1
HGNC:9664	PTPRA	P18433	ENSG00000132670	5786	IntAct: interaction-changing mutations	mutation	0	0	0	0
HGNC:9673	PTPRJ	Q12913	ENSG00000149177	5795	IntAct: interaction-changing mutations	mutation	0	0	0	0
HGNC:9680	PTPRR	Q15256	ENSG00000153233	5801	IntAct: interaction-changing mutations	mutation	0	0	0	0
HGNC:9688	CAVIN1	Q6NZI2	ENSG00000177469	284119	IntAct: interaction-changing mutations	mutation	0	0	0	0
HGNC:9692	PTX3	P26022	ENSG00000163661	5806	IntAct: interaction-changing mutations	mutation	0	0	0	0
HGNC:9706	NECTIN1	Q15223	ENSG00000110400	5818	IntAct: interaction-changing mutations	mutation	1	0	0	1
HGNC:9707	NECTIN2	Q92692	ENSG00000130202	5819	IntAct: interaction-changing mutations	mutation	1	0	0	1
HGNC:9839	RALA	P11233	ENSG00000006451	5898	IntAct: interaction-changing mutations	mutation	0	0	0	0
HGNC:9841	RALBP1	Q15311	ENSG00000017797	10928	IntAct: interaction-changing mutations	mutation	0	0	0	0
HGNC:9844	RAMP2	O60895	ENSG00000131477	10266	IntAct: interaction-changing mutations	mutation	0	0	0	1
HGNC:9869	PLAAT4	Q9UL19	ENSG00000133321	5920	IntAct: interaction-changing mutations	mutation	0	0	0	0
HGNC:9967	RET	P07949	ENSG00000165731	5979	IntAct: interaction-changing mutations	mutation	0	0	0	0
HGNC:100	ASIC1	P78348	ENSG00000110881	41	SurfaceBind: predicted sites	predicted	0	0	0	NA
HGNC:10249	ROBO1	Q9Y6N7	ENSG00000169855	6091	SurfaceBind: predicted sites	predicted	1	0	0	NA
HGNC:10250	ROBO2	Q9HCK4	ENSG00000185008	6092	SurfaceBind: predicted sites	predicted	1	0	0	NA
HGNC:10256	ROR1	Q01973	ENSG00000185483	4919	SurfaceBind: predicted sites	predicted	1	1	0	NA
HGNC:10257	ROR2	Q01974	ENSG00000169071	4920	SurfaceBind: predicted sites	predicted	1	1	0	NA
HGNC:10261	ROS1	P08922	ENSG00000047936	6098	SurfaceBind: predicted sites	predicted	0	0	0	NA
HGNC:103	CNNM2	Q9H8M5	ENSG00000148842	54805	SurfaceBind: predicted sites	predicted	0	0	0	NA
HGNC:10381	RPN1	P04843	ENSG00000163902	6184	SurfaceBind: predicted sites	predicted	0	0	0	NA
HGNC:104	CNNM3	Q8NE01	ENSG00000168763	26505	SurfaceBind: predicted sites	predicted	0	0	0	NA
HGNC:10481	RYK	P34925	ENSG00000163785	6259	SurfaceBind: predicted sites	predicted	0	0	0	NA
HGNC:105	CNNM4	Q6P4Q7	ENSG00000158158	26504	SurfaceBind: predicted sites	predicted	0	0	0	NA
HGNC:10539	TSPAN31	Q12999	ENSG00000135452	6302	SurfaceBind: predicted sites	predicted	0	0	0	NA
HGNC:10582	SCN10A	Q9Y5Y9	ENSG00000185313	6336	SurfaceBind: predicted sites	predicted	0	0	0	NA
HGNC:10583	SCN11A	Q9UI33	ENSG00000168356	11280	SurfaceBind: predicted sites	predicted	0	0	0	NA
HGNC:10585	SCN1A	P35498	ENSG00000144285	6323	SurfaceBind: predicted sites	predicted	0	0	0	NA
HGNC:10586	SCN1B	Q07699	ENSG00000105711	6324	SurfaceBind: predicted sites	predicted	0	0	0	NA
HGNC:10588	SCN2A	Q99250	ENSG00000136531	6326	SurfaceBind: predicted sites	predicted	0	0	0	NA
HGNC:10589	SCN2B	O60939	ENSG00000149575	6327	SurfaceBind: predicted sites	predicted	0	0	0	NA
HGNC:10590	SCN3A	Q9NY46	ENSG00000153253	6328	SurfaceBind: predicted sites	predicted	0	0	0	NA
HGNC:10591	SCN4A	P35499	ENSG00000007314	6329	SurfaceBind: predicted sites	predicted	0	0	0	NA
HGNC:10592	SCN4B	Q8IWT1	ENSG00000177098	6330	SurfaceBind: predicted sites	predicted	0	0	0	NA
HGNC:10593	SCN5A	Q14524	ENSG00000183873	6331	SurfaceBind: predicted sites	predicted	0	0	0	NA
HGNC:10594	SCN7A	Q01118	ENSG00000136546	6332	SurfaceBind: predicted sites	predicted	0	0	0	NA
HGNC:10596	SCN8A	Q9UQD0	ENSG00000196876	6334	SurfaceBind: predicted sites	predicted	0	0	0	NA
HGNC:10597	SCN9A	Q15858	ENSG00000169432	6335	SurfaceBind: predicted sites	predicted	0	0	0	NA
HGNC:10599	SCNN1A	P37088	ENSG00000111319	6337	SurfaceBind: predicted sites	predicted	0	0	0	NA
HGNC:1060	CXCR5	P32302	ENSG00000160683	643	SurfaceBind: predicted sites	predicted	1	0	0	NA
HGNC:10600	SCNN1B	P51168	ENSG00000168447	6338	SurfaceBind: predicted sites	predicted	0	0	0	NA
HGNC:10601	SCNN1D	P51172	ENSG00000162572	6339	SurfaceBind: predicted sites	predicted	0	0	0	NA
HGNC:10602	SCNN1G	P51170	ENSG00000166828	6340	SurfaceBind: predicted sites	predicted	0	0	0	NA
HGNC:10608	SCTR	P47872	ENSG00000080293	6344	SurfaceBind: predicted sites	predicted	1	0	0	NA
HGNC:10707	SECTM1	Q8WVN6	ENSG00000141574	6398	SurfaceBind: predicted sites	predicted	0	0	0	NA
HGNC:10718	SELE	P16581	ENSG00000007908	6401	SurfaceBind: predicted sites	predicted	1	0	0	NA
HGNC:10720	SELL	P14151	ENSG00000188404	6402	SurfaceBind: predicted sites	predicted	1	0	0	NA
HGNC:10721	SELP	P16109	ENSG00000174175	6403	SurfaceBind: predicted sites	predicted	1	1	0	NA
HGNC:10729	SEMA4A	Q9H3S1	ENSG00000196189	64218	SurfaceBind: predicted sites	predicted	1	0	0	NA
HGNC:10730	SEMA4B	Q9NPR2	ENSG00000185033	10509	SurfaceBind: predicted sites	predicted	0	0	0	NA
HGNC:10731	SEMA4C	Q9C0C4	ENSG00000168758	54910	SurfaceBind: predicted sites	predicted	0	0	0	NA
HGNC:10732	SEMA4D	Q92854	ENSG00000187764	10507	SurfaceBind: predicted sites	predicted	1	1	0	NA
HGNC:10734	SEMA4F	O95754	ENSG00000135622	10505	SurfaceBind: predicted sites	predicted	0	0	0	NA
HGNC:10735	SEMA4G	Q9NTN9	ENSG00000095539	57715	SurfaceBind: predicted sites	predicted	1	0	0	NA
HGNC:10736	SEMA5A	Q13591	ENSG00000112902	9037	SurfaceBind: predicted sites	predicted	1	0	0	NA
HGNC:10737	SEMA5B	Q9P283	ENSG00000082684	54437	SurfaceBind: predicted sites	predicted	0	0	0	NA
HGNC:10738	SEMA6A	Q9H2E6	ENSG00000092421	57556	SurfaceBind: predicted sites	predicted	1	0	0	NA
HGNC:10739	SEMA6B	Q9H3T3	ENSG00000167680	10501	SurfaceBind: predicted sites	predicted	0	0	0	NA
HGNC:10740	SEMA6C	Q9H3T2	ENSG00000143434	10500	SurfaceBind: predicted sites	predicted	0	0	0	NA
HGNC:10741	SEMA7A	O75326	ENSG00000138623	8482	SurfaceBind: predicted sites	predicted	1	0	0	NA
HGNC:1076	BMPR1A	P36894	ENSG00000107779	657	SurfaceBind: predicted sites	predicted	1	0	0	NA
HGNC:1078	BMPR2	Q13873	ENSG00000204217	659	SurfaceBind: predicted sites	predicted	0	0	0	NA
HGNC:108	ACHE	P22303	ENSG00000087085	43	SurfaceBind: predicted sites	predicted	0	0	0	NA
HGNC:10805	SGCA	Q16586	ENSG00000108823	6442	SurfaceBind: predicted sites	predicted	0	0	0	NA
HGNC:10806	SGCB	Q16585	ENSG00000163069	6443	SurfaceBind: predicted sites	predicted	0	0	0	NA
HGNC:10807	SGCD	Q92629	ENSG00000170624	6444	SurfaceBind: predicted sites	predicted	0	0	0	NA
HGNC:10808	SGCE	O43556	ENSG00000127990	8910	SurfaceBind: predicted sites	predicted	0	0	0	NA
HGNC:10874	SIGLEC5	O15389	ENSG00000105501	8778	SurfaceBind: predicted sites	predicted	0	0	0	NA
HGNC:10875	SIGLEC6	O43699	ENSG00000105492	946	SurfaceBind: predicted sites	predicted	0	0	0	NA
HGNC:10876	SIGLEC7	Q9Y286	ENSG00000168995	27036	SurfaceBind: predicted sites	predicted	0	0	0	NA
HGNC:10877	SIGLEC8	Q9NYZ4	ENSG00000105366	27181	SurfaceBind: predicted sites	predicted	0	1	0	NA
HGNC:10878	SIGLEC9	Q9Y336	ENSG00000129450	27180	SurfaceBind: predicted sites	predicted	0	0	0	NA
HGNC:10880	PMEL	P40967	ENSG00000185664	6490	SurfaceBind: predicted sites	predicted	0	0	0	NA
HGNC:10903	SLAMF1	Q13291	ENSG00000117090	6504	SurfaceBind: predicted sites	predicted	0	0	0	NA
HGNC:10906	SLC10A2	Q12908	ENSG00000125255	6555	SurfaceBind: predicted sites	predicted	0	0	0	NA
HGNC:10910	SLC12A1	Q13621	ENSG00000074803	6557	SurfaceBind: predicted sites	predicted	0	0	0	NA
HGNC:10911	SLC12A2	P55011	ENSG00000064651	6558	SurfaceBind: predicted sites	predicted	0	0	0	NA
HGNC:10912	SLC12A3	P55017	ENSG00000070915	6559	SurfaceBind: predicted sites	predicted	0	0	0	NA
HGNC:10913	SLC12A4	Q9UP95	ENSG00000124067	6560	SurfaceBind: predicted sites	predicted	0	0	0	NA
HGNC:10914	SLC12A6	Q9UHW9	ENSG00000140199	9990	SurfaceBind: predicted sites	predicted	0	0	0	NA
HGNC:10915	SLC12A7	Q9Y666	ENSG00000113504	10723	SurfaceBind: predicted sites	predicted	0	0	0	NA
HGNC:10916	SLC13A1	Q9BZW2	ENSG00000081800	6561	SurfaceBind: predicted sites	predicted	0	0	0	NA
HGNC:10920	SLC15A1	P46059	ENSG00000088386	6564	SurfaceBind: predicted sites	predicted	0	0	0	NA
HGNC:10921	SLC15A2	Q16348	ENSG00000163406	6565	SurfaceBind: predicted sites	predicted	0	0	0	NA
HGNC:10937	SLC19A1	P41440	ENSG00000173638	6573	SurfaceBind: predicted sites	predicted	0	0	0	NA
HGNC:10940	SLC1A2	P43004	ENSG00000110436	6506	SurfaceBind: predicted sites	predicted	0	0	0	NA
HGNC:10941	SLC1A3	P43003	ENSG00000079215	6507	SurfaceBind: predicted sites	predicted	0	0	0	NA
HGNC:10961	SLCO1B3	Q9NPD5	ENSG00000111700	28234	SurfaceBind: predicted sites	predicted	0	0	0	NA
HGNC:10962	SLCO2B1	O94956	ENSG00000137491	11309	SurfaceBind: predicted sites	predicted	0	0	0	NA
HGNC:10973	SLC23A2	Q9UGH3	ENSG00000089057	9962	SurfaceBind: predicted sites	predicted	0	0	0	NA
HGNC:10976	SLC24A2	Q9UI40	ENSG00000155886	25769	SurfaceBind: predicted sites	predicted	0	0	0	NA
HGNC:10977	SLC24A3	Q9HC58	ENSG00000185052	57419	SurfaceBind: predicted sites	predicted	0	0	0	NA
HGNC:10978	SLC24A4	Q8NFF2	ENSG00000140090	123041	SurfaceBind: predicted sites	predicted	0	0	0	NA
HGNC:10994	SLC26A2	P50443	ENSG00000155850	1836	SurfaceBind: predicted sites	predicted	0	0	0	NA
HGNC:11020	SLC34A2	O95436	ENSG00000157765	10568	SurfaceBind: predicted sites	predicted	0	1	0	NA
HGNC:11025	SLC3A1	Q07837	ENSG00000138079	6519	SurfaceBind: predicted sites	predicted	0	0	0	NA
HGNC:11027	SLC4A1	P02730	ENSG00000004939	6521	SurfaceBind: predicted sites	predicted	0	0	0	NA
HGNC:11030	SLC4A4	Q9Y6R1	ENSG00000080493	8671	SurfaceBind: predicted sites	predicted	0	0	0	NA
HGNC:11033	SLC4A7	Q9Y6M7	ENSG00000033867	9497	SurfaceBind: predicted sites	predicted	0	0	0	NA
HGNC:11034	SLC4A8	Q2Y0W8	ENSG00000050438	9498	SurfaceBind: predicted sites	predicted	0	0	0	NA
HGNC:11036	SLC5A1	P13866	ENSG00000100170	6523	SurfaceBind: predicted sites	predicted	0	0	0	NA
HGNC:11056	SLC6A9	P48067	ENSG00000196517	6536	SurfaceBind: predicted sites	predicted	0	0	0	NA
HGNC:11068	SLC8A1	P32418	ENSG00000183023	6546	SurfaceBind: predicted sites	predicted	0	0	0	NA
HGNC:11069	SLC8A2	Q9UPR5	ENSG00000118160	6543	SurfaceBind: predicted sites	predicted	0	0	0	NA
HGNC:11070	SLC8A3	P57103	ENSG00000100678	6547	SurfaceBind: predicted sites	predicted	0	0	0	NA
HGNC:11071	SLC9A1	P19634	ENSG00000090020	6548	SurfaceBind: predicted sites	predicted	0	0	0	NA
HGNC:11072	SLC9A2	Q9UBY0	ENSG00000115616	6549	SurfaceBind: predicted sites	predicted	0	0	0	NA
HGNC:11073	SLC9A3	P48764	ENSG00000066230	6550	SurfaceBind: predicted sites	predicted	0	0	0	NA
HGNC:11119	SMO	Q99835	ENSG00000128602	6608	SurfaceBind: predicted sites	predicted	0	0	0	NA
HGNC:11127	SIGLEC1	Q9BZZ2	ENSG00000088827	6614	SurfaceBind: predicted sites	predicted	1	0	0	NA
HGNC:1113	BRS3	P32247	ENSG00000102239	680	SurfaceBind: predicted sites	predicted	0	0	0	NA
HGNC:1116	BSG	P35613	ENSG00000172270	682	SurfaceBind: predicted sites	predicted	1	0	0	NA
HGNC:1118	BST1	Q10588	ENSG00000109743	683	SurfaceBind: predicted sites	predicted	0	0	0	NA
HGNC:11185	SORL1	Q92673	ENSG00000137642	6653	SurfaceBind: predicted sites	predicted	1	0	0	NA
HGNC:11186	SORT1	Q99523	ENSG00000134243	6272	SurfaceBind: predicted sites	predicted	1	1	0	NA
HGNC:1119	BST2	Q10589	ENSG00000130303	684	SurfaceBind: predicted sites	predicted	1	0	0	NA
HGNC:11217	SPAM1	P38567	ENSG00000106304	6677	SurfaceBind: predicted sites	predicted	0	0	0	NA
HGNC:11247	SPINT2	O43291	ENSG00000167642	10653	SurfaceBind: predicted sites	predicted	0	0	0	NA
HGNC:11323	SSR1	P43307	ENSG00000124783	6745	SurfaceBind: predicted sites	predicted	0	0	0	NA
HGNC:11345	RECK	O95980	ENSG00000122707	8434	SurfaceBind: predicted sites	predicted	0	0	0	NA
HGNC:1135	BTN1A1	Q13410	ENSG00000124557	696	SurfaceBind: predicted sites	predicted	0	1	0	NA
HGNC:1136	BTN2A1	Q7KYR7	ENSG00000112763	11120	SurfaceBind: predicted sites	predicted	0	0	0	NA
HGNC:1137	BTN2A2	Q8WVV5	ENSG00000124508	10385	SurfaceBind: predicted sites	predicted	0	0	0	NA
HGNC:1138	BTN3A1	O00481	ENSG00000026950	11119	SurfaceBind: predicted sites	predicted	0	0	0	NA
HGNC:11386	STIM1	Q13586	ENSG00000167323	6786	SurfaceBind: predicted sites	predicted	0	0	0	NA
HGNC:1139	BTN3A2	P78410	ENSG00000186470	11118	SurfaceBind: predicted sites	predicted	0	0	0	NA
HGNC:1140	BTN3A3	O00478	ENSG00000111801	10384	SurfaceBind: predicted sites	predicted	0	0	0	NA
HGNC:11425	STS	P08842	ENSG00000101846	412	SurfaceBind: predicted sites	predicted	0	0	0	NA
HGNC:1143	BTNL3	Q6UXE8	ENSG00000168903	10917	SurfaceBind: predicted sites	predicted	0	0	0	NA
HGNC:1152	POPDC1	Q8NE79	ENSG00000112276	11149	SurfaceBind: predicted sites	predicted	0	0	0	NA
HGNC:11528	TACR3	P29371	ENSG00000169836	6870	SurfaceBind: predicted sites	predicted	1	0	0	NA
HGNC:11529	EPCAM	P16422	ENSG00000119888	4072	SurfaceBind: predicted sites	predicted	0	1	0	NA
HGNC:11530	TACSTD2	P09758	ENSG00000184292	4070	SurfaceBind: predicted sites	predicted	0	1	0	NA
HGNC:11647	TCIRG1	Q13488	ENSG00000110719	10312	SurfaceBind: predicted sites	predicted	0	0	0	NA
HGNC:1165	DAGLA	Q9Y4D2	ENSG00000134780	747	SurfaceBind: predicted sites	predicted	0	0	0	NA
HGNC:1168	TMEM9B	Q9NQ34	ENSG00000175348	56674	SurfaceBind: predicted sites	predicted	0	0	0	NA
HGNC:11701	CRIPTO	P13385	ENSG00000241186	6997	SurfaceBind: predicted sites	predicted	1	0	0	NA
HGNC:11720	TECTA	O75443	ENSG00000109927	7007	SurfaceBind: predicted sites	predicted	0	0	0	NA
HGNC:11721	TECTB	Q96PL2	ENSG00000119913	6975	SurfaceBind: predicted sites	predicted	0	0	0	NA
HGNC:11724	TEK	Q02763	ENSG00000120156	7010	SurfaceBind: predicted sites	predicted	1	0	0	NA
HGNC:11760	TFPI	P10646	ENSG00000003436	7035	SurfaceBind: predicted sites	predicted	0	0	0	NA
HGNC:11772	TGFBR1	P36897	ENSG00000106799	7046	SurfaceBind: predicted sites	predicted	0	0	0	NA
HGNC:11773	TGFBR2	P37173	ENSG00000163513	7048	SurfaceBind: predicted sites	predicted	0	1	0	NA
HGNC:11774	TGFBR3	Q03167	ENSG00000069702	7049	SurfaceBind: predicted sites	predicted	1	0	0	NA
HGNC:11784	THBD	P07204	ENSG00000178726	7056	SurfaceBind: predicted sites	predicted	1	0	0	NA
HGNC:11801	THY1	P04216	ENSG00000154096	7070	SurfaceBind: predicted sites	predicted	1	0	0	NA
HGNC:11809	TIE1	P35590	ENSG00000066056	7075	SurfaceBind: predicted sites	predicted	0	0	0	NA
HGNC:1183	ANO2	Q9NQ90	ENSG00000047617	57101	SurfaceBind: predicted sites	predicted	0	0	0	NA
HGNC:11847	TLR1	Q15399	ENSG00000174125	7096	SurfaceBind: predicted sites	predicted	0	0	0	NA
HGNC:11848	TLR2	O60603	ENSG00000137462	7097	SurfaceBind: predicted sites	predicted	0	1	0	NA
HGNC:11849	TLR3	O15455	ENSG00000164342	7098	SurfaceBind: predicted sites	predicted	0	0	0	NA
HGNC:11850	TLR4	O00206	ENSG00000136869	7099	SurfaceBind: predicted sites	predicted	0	1	0	NA
HGNC:11851	TLR5	O60602	ENSG00000187554	7100	SurfaceBind: predicted sites	predicted	0	0	0	NA
HGNC:11854	TSPAN7	P41732	ENSG00000156298	7102	SurfaceBind: predicted sites	predicted	0	0	0	NA
HGNC:11855	TSPAN8	P19075	ENSG00000127324	7103	SurfaceBind: predicted sites	predicted	0	0	0	NA
HGNC:11858	TSPAN6	O43657	ENSG00000000003	7105	SurfaceBind: predicted sites	predicted	0	0	0	NA
HGNC:11866	TMEFF1	Q8IYR6	ENSG00000241697	8577	SurfaceBind: predicted sites	predicted	0	0	0	NA
HGNC:11867	TMEFF2	Q9UIK5	ENSG00000144339	23671	SurfaceBind: predicted sites	predicted	0	1	0	NA
HGNC:11904	TNFRSF10A	O00220	ENSG00000104689	8797	SurfaceBind: predicted sites	predicted	1	0	0	NA
HGNC:11907	TNFRSF10D	Q9UBN6	ENSG00000173530	8793	SurfaceBind: predicted sites	predicted	1	0	0	NA
HGNC:11908	TNFRSF11A	Q9Y6Q6	ENSG00000141655	8792	SurfaceBind: predicted sites	predicted	1	0	0	NA
HGNC:11912	TNFRSF14	Q92956	ENSG00000157873	8764	SurfaceBind: predicted sites	predicted	1	0	0	NA
HGNC:11913	TNFRSF17	Q02223	ENSG00000048462	608	SurfaceBind: predicted sites	predicted	1	1	0	NA
HGNC:11914	TNFRSF18	Q9Y5U5	ENSG00000186891	8784	SurfaceBind: predicted sites	predicted	1	1	0	NA
HGNC:11915	TNFRSF19	Q9NS68	ENSG00000127863	55504	SurfaceBind: predicted sites	predicted	0	0	0	NA
HGNC:11916	TNFRSF1A	P19438	ENSG00000067182	7132	SurfaceBind: predicted sites	predicted	1	0	0	NA
HGNC:11917	TNFRSF1B	P20333	ENSG00000028137	7133	SurfaceBind: predicted sites	predicted	1	1	0	NA
HGNC:11918	TNFRSF4	P43489	ENSG00000186827	7293	SurfaceBind: predicted sites	predicted	1	1	0	NA
HGNC:11919	CD40	P25942	ENSG00000101017	958	SurfaceBind: predicted sites	predicted	1	1	0	NA
HGNC:11920	FAS	P25445	ENSG00000026103	355	SurfaceBind: predicted sites	predicted	1	0	0	NA
HGNC:11923	TNFRSF8	P28908	ENSG00000120949	943	SurfaceBind: predicted sites	predicted	1	1	0	NA
HGNC:11924	TNFRSF9	Q07011	ENSG00000049249	3604	SurfaceBind: predicted sites	predicted	1	1	0	NA
HGNC:11926	TNFSF11	O14788	ENSG00000120659	8600	SurfaceBind: predicted sites	predicted	1	1	0	NA
HGNC:11929	TNFSF13B	Q9Y275	ENSG00000102524	10673	SurfaceBind: predicted sites	predicted	1	1	0	NA
HGNC:11931	TNFSF15	O95150	ENSG00000181634	9966	SurfaceBind: predicted sites	predicted	1	1	0	NA
HGNC:11934	TNFSF4	P23510	ENSG00000117586	7292	SurfaceBind: predicted sites	predicted	1	1	0	NA
HGNC:11935	CD40LG	P29965	ENSG00000102245	959	SurfaceBind: predicted sites	predicted	1	1	0	NA
HGNC:11936	FASLG	P48023	ENSG00000117560	356	SurfaceBind: predicted sites	predicted	1	0	0	NA
HGNC:11937	CD70	P32970	ENSG00000125726	970	SurfaceBind: predicted sites	predicted	1	1	0	NA
HGNC:11938	TNFSF8	P32971	ENSG00000106952	944	SurfaceBind: predicted sites	predicted	1	0	0	NA
HGNC:12004	TPBG	Q13641	ENSG00000146242	7162	SurfaceBind: predicted sites	predicted	0	1	0	NA
HGNC:1224	LDLRAD4	O15165	ENSG00000168675	753	SurfaceBind: predicted sites	predicted	0	0	0	NA
HGNC:12266	TREH	O43280	ENSG00000118094	11181	SurfaceBind: predicted sites	predicted	0	0	0	NA
HGNC:1240	SUCO	Q9UBS9	ENSG00000094975	51430	SurfaceBind: predicted sites	predicted	0	0	0	NA
HGNC:12446	TYRO3	Q06418	ENSG00000092445	7301	SurfaceBind: predicted sites	predicted	1	0	0	NA
HGNC:12559	UMOD	P07911	ENSG00000169344	7369	SurfaceBind: predicted sites	predicted	0	0	0	NA
HGNC:12560	UMODL1	Q5DID0	ENSG00000177398	89766	SurfaceBind: predicted sites	predicted	0	0	0	NA
HGNC:12567	UNC5A	Q6ZN44	ENSG00000113763	90249	SurfaceBind: predicted sites	predicted	1	0	0	NA
HGNC:12568	UNC5B	Q8IZJ1	ENSG00000107731	219699	SurfaceBind: predicted sites	predicted	1	0	0	NA
HGNC:12569	UNC5C	O95185	ENSG00000182168	8633	SurfaceBind: predicted sites	predicted	1	0	0	NA
HGNC:12578	UPK1B	O75841	ENSG00000114638	7348	SurfaceBind: predicted sites	predicted	0	0	0	NA
HGNC:12579	UPK2	O00526	ENSG00000110375	7379	SurfaceBind: predicted sites	predicted	0	0	0	NA
HGNC:12580	UPK3A	O75631	ENSG00000100373	7380	SurfaceBind: predicted sites	predicted	0	0	0	NA
HGNC:12601	USH2A	O75445	ENSG00000042781	7399	SurfaceBind: predicted sites	predicted	0	0	0	NA
HGNC:12663	VCAM1	P19320	ENSG00000162692	7412	SurfaceBind: predicted sites	predicted	1	0	0	NA
HGNC:12698	VLDLR	P98155	ENSG00000147852	7436	SurfaceBind: predicted sites	predicted	1	0	0	NA
HGNC:12705	VNN1	O95497	ENSG00000112299	8876	SurfaceBind: predicted sites	predicted	0	0	0	NA
HGNC:12706	VNN2	O95498	ENSG00000112303	8875	SurfaceBind: predicted sites	predicted	0	0	0	NA
HGNC:12823	XPNPEP2	O43895	ENSG00000122121	7512	SurfaceBind: predicted sites	predicted	0	0	0	NA
HGNC:12857	ZAN	Q9Y493	ENSG00000146839	7455	SurfaceBind: predicted sites	predicted	0	0	0	NA
HGNC:13187	ZP1	P60852	ENSG00000149506	22917	SurfaceBind: predicted sites	predicted	0	0	0	NA
HGNC:13188	ZP2	Q05996	ENSG00000103310	7783	SurfaceBind: predicted sites	predicted	0	0	0	NA
HGNC:13189	ZP3	P21754	ENSG00000188372	7784	SurfaceBind: predicted sites	predicted	0	0	0	NA
HGNC:1319	C3AR1	Q16581	ENSG00000171860	719	SurfaceBind: predicted sites	predicted	1	0	0	NA
HGNC:1322	CLDND1	Q9NY35	ENSG00000080822	56650	SurfaceBind: predicted sites	predicted	0	0	0	NA
HGNC:13239	EVA1C	P58658	ENSG00000166979	59271	SurfaceBind: predicted sites	predicted	0	0	0	NA
HGNC:13251	CDH22	Q9UJ99	ENSG00000149654	64405	SurfaceBind: predicted sites	predicted	0	0	0	NA
HGNC:13273	DUOX2	Q9NRD8	ENSG00000140279	50506	SurfaceBind: predicted sites	predicted	0	0	0	NA
HGNC:13302	GPR63	Q9BZJ6	ENSG00000112218	81491	SurfaceBind: predicted sites	predicted	0	0	0	NA
HGNC:13307	LPAR5	Q9H1C0	ENSG00000184574	57121	SurfaceBind: predicted sites	predicted	0	0	0	NA
HGNC:13310	GPRC5D	Q9NZD1	ENSG00000111291	55507	SurfaceBind: predicted sites	predicted	0	1	0	NA
HGNC:13342	KLRF1	Q9NZS2	ENSG00000150045	51348	SurfaceBind: predicted sites	predicted	1	0	0	NA
HGNC:13356	MCOLN1	Q9GZU1	ENSG00000090674	57192	SurfaceBind: predicted sites	predicted	0	0	0	NA
HGNC:13384	MUC3B	Q9H195		57876	SurfaceBind: predicted sites	predicted	0	0	0	NA
HGNC:13404	PCDH10	Q9P2E7	ENSG00000138650	57575	SurfaceBind: predicted sites	predicted	0	0	0	NA
HGNC:13433	ROBO3	Q96MS0	ENSG00000154134	64221	SurfaceBind: predicted sites	predicted	1	0	0	NA
HGNC:13449	SLITRK2	Q9H156	ENSG00000185985	84631	SurfaceBind: predicted sites	predicted	1	0	0	NA
HGNC:13469	TNFRSF21	O75509	ENSG00000146072	27242	SurfaceBind: predicted sites	predicted	1	0	0	NA
HGNC:13476	TTYH1	Q9H313	ENSG00000167614	57348	SurfaceBind: predicted sites	predicted	0	0	0	NA
HGNC:13523	CLEC4M	Q9H2X3	ENSG00000104938	10332	SurfaceBind: predicted sites	predicted	1	0	0	NA
HGNC:13525	ERVW-1	Q9UQF0	ENSG00000242950	30816	SurfaceBind: predicted sites	predicted	0	0	0	NA
HGNC:13557	ACE2	Q9BYF1	ENSG00000130234	59272	SurfaceBind: predicted sites	predicted	0	0	0	NA
HGNC:1359	EQTN	Q9NQ60	ENSG00000120160	54586	SurfaceBind: predicted sites	predicted	0	0	0	NA
HGNC:13594	TSPAN17	Q96FV3	ENSG00000048140	26262	SurfaceBind: predicted sites	predicted	0	0	0	NA
HGNC:1363	TMEM245	Q9H330	ENSG00000106771	23731	SurfaceBind: predicted sites	predicted	0	0	0	NA
HGNC:13635	PLVAP	Q9BX97	ENSG00000130300	83483	SurfaceBind: predicted sites	predicted	0	0	0	NA
HGNC:13681	DCHS1	Q96JQ0	ENSG00000166341	8642	SurfaceBind: predicted sites	predicted	0	0	0	NA
HGNC:13700	IL22RA1	Q8N6P7	ENSG00000142677	58985	SurfaceBind: predicted sites	predicted	0	1	0	NA
HGNC:13708	ACKR5	O15218	ENSG00000166856	11318	SurfaceBind: predicted sites	predicted	0	0	0	NA
HGNC:1371	CA12	O43570	ENSG00000074410	771	SurfaceBind: predicted sites	predicted	0	0	0	NA
HGNC:13717	ENPP5	Q9UJA9	ENSG00000112796	59084	SurfaceBind: predicted sites	predicted	0	0	0	NA
HGNC:1372	CA14	Q9ULX7	ENSG00000118298	23632	SurfaceBind: predicted sites	predicted	0	0	0	NA
HGNC:13733	CDH23	Q9H251	ENSG00000107736	64072	SurfaceBind: predicted sites	predicted	0	0	0	NA
HGNC:1375	CA4	P22748	ENSG00000167434	762	SurfaceBind: predicted sites	predicted	0	0	0	NA
HGNC:13764	RELT	Q969Z4	ENSG00000054967	84957	SurfaceBind: predicted sites	predicted	0	0	0	NA
HGNC:13770	IGDCC4	Q8TDY8	ENSG00000103742	57722	SurfaceBind: predicted sites	predicted	0	0	0	NA
HGNC:13800	CHRNA10	Q9GZZ6	ENSG00000129749	57053	SurfaceBind: predicted sites	predicted	0	0	0	NA
HGNC:13811	SLC4A10	Q6U841	ENSG00000144290	57282	SurfaceBind: predicted sites	predicted	0	0	0	NA
HGNC:13818	SLC12A5	Q9H2X9	ENSG00000124140	57468	SurfaceBind: predicted sites	predicted	0	0	0	NA
HGNC:13821	GFRA4	Q9GZZ7	ENSG00000125861	64096	SurfaceBind: predicted sites	predicted	0	0	0	NA
HGNC:13823	NETO1	Q8TDF5	ENSG00000166342	81832	SurfaceBind: predicted sites	predicted	0	0	0	NA
HGNC:13830	CNTNAP2	Q9UHC6	ENSG00000174469	26047	SurfaceBind: predicted sites	predicted	0	0	0	NA
HGNC:13834	CNTNAP3	Q9BZ76	ENSG00000106714	79937	SurfaceBind: predicted sites	predicted	0	0	0	NA
HGNC:13877	TTYH2	Q9BSA4	ENSG00000141540	94015	SurfaceBind: predicted sites	predicted	0	0	0	NA
HGNC:13884	ABCG4	Q9H172	ENSG00000172350	64137	SurfaceBind: predicted sites	predicted	0	0	0	NA
HGNC:13886	ABCG5	Q9H222	ENSG00000138075	64240	SurfaceBind: predicted sites	predicted	0	0	0	NA
HGNC:1390	CACNA1C	Q13936	ENSG00000151067	775	SurfaceBind: predicted sites	predicted	0	0	0	NA
HGNC:13933	LY6G6F	Q5SQ64	ENSG00000204424	259215	SurfaceBind: predicted sites	predicted	0	0	0	NA
HGNC:13935	LY6G6D	O95868	ENSG00000244355	58530	SurfaceBind: predicted sites	predicted	0	1	0	NA
HGNC:13936	LY6G6C	O95867	ENSG00000204421	80740	SurfaceBind: predicted sites	predicted	0	0	0	NA
HGNC:13937	MPIG6B	O95866	ENSG00000204420	80739	SurfaceBind: predicted sites	predicted	0	0	0	NA
HGNC:1394	CACNA1G	O43497	ENSG00000006283	8913	SurfaceBind: predicted sites	predicted	0	0	0	NA
HGNC:13941	SLC44A4	Q53GD3	ENSG00000204385	80736	SurfaceBind: predicted sites	predicted	0	0	0	NA
HGNC:1396	CACNA1I	Q9P0X4	ENSG00000100346	8911	SurfaceBind: predicted sites	predicted	0	0	0	NA
HGNC:14004	ANO3	Q9BYT9	ENSG00000134343	63982	SurfaceBind: predicted sites	predicted	0	0	0	NA
HGNC:14006	TRPV6	Q9H1D0	ENSG00000165125	55503	SurfaceBind: predicted sites	predicted	0	0	0	NA
HGNC:14007	OPN3	Q9H1Y3	ENSG00000054277	23596	SurfaceBind: predicted sites	predicted	0	0	0	NA
HGNC:14026	CSMD1	Q96PZ7	ENSG00000183117	64478	SurfaceBind: predicted sites	predicted	0	0	0	NA
HGNC:1405	CACNG1	Q06432	ENSG00000108878	786	SurfaceBind: predicted sites	predicted	0	0	0	NA
HGNC:1407	CACNG3	O60359	ENSG00000006116	10368	SurfaceBind: predicted sites	predicted	0	0	0	NA
HGNC:14073	ATP1A4	Q13733	ENSG00000132681	480	SurfaceBind: predicted sites	predicted	0	0	0	NA
HGNC:14075	SGCZ	Q96LD1	ENSG00000185053	137868	SurfaceBind: predicted sites	predicted	0	0	0	NA
HGNC:14079	CHRNA9	Q9UGM1	ENSG00000174343	55584	SurfaceBind: predicted sites	predicted	0	0	0	NA
HGNC:1409	CACNG5	Q9UF02	ENSG00000075429	27091	SurfaceBind: predicted sites	predicted	0	0	0	NA
HGNC:14107	PMEPA1	Q969W9	ENSG00000124225	56937	SurfaceBind: predicted sites	predicted	0	0	0	NA
HGNC:14134	TPSG1	Q9NRR2	ENSG00000116176	25823	SurfaceBind: predicted sites	predicted	0	0	0	NA
HGNC:14246	MMP25	Q9NPA2	ENSG00000008516	64386	SurfaceBind: predicted sites	predicted	0	0	0	NA
HGNC:14257	PCDH20	Q8N6Y1	ENSG00000280165	64881	SurfaceBind: predicted sites	predicted	0	0	0	NA
HGNC:14265	CDH24	Q86UP0	ENSG00000139880	64403	SurfaceBind: predicted sites	predicted	0	0	0	NA
HGNC:14267	PCDH17	O14917	ENSG00000118946	27253	SurfaceBind: predicted sites	predicted	0	0	0	NA
HGNC:14268	PCDH18	Q9HCL0	ENSG00000189184	54510	SurfaceBind: predicted sites	predicted	0	0	0	NA
HGNC:14270	PCDH19	Q8TAB3	ENSG00000165194	57526	SurfaceBind: predicted sites	predicted	0	0	0	NA
HGNC:14281	CRLF2	Q9HC73	ENSG00000205755	64109	SurfaceBind: predicted sites	predicted	1	1	0	NA
HGNC:14287	NLGN4X	Q8N0W4	ENSG00000146938	57502	SurfaceBind: predicted sites	predicted	1	0	0	NA
HGNC:14288	NTNG2	Q96CW9	ENSG00000196358	84628	SurfaceBind: predicted sites	predicted	0	0	0	NA
HGNC:14289	NLGN3	Q9NZ94	ENSG00000196338	54413	SurfaceBind: predicted sites	predicted	1	0	0	NA
HGNC:14290	NLGN2	Q8NFZ4	ENSG00000169992	57555	SurfaceBind: predicted sites	predicted	1	0	0	NA
HGNC:14291	NLGN1	Q8N2Q7	ENSG00000169760	22871	SurfaceBind: predicted sites	predicted	1	0	0	NA
HGNC:14351	CLEC2D	Q9UHP7	ENSG00000069493	29121	SurfaceBind: predicted sites	predicted	1	0	0	NA
HGNC:14376	ACP4	Q9BZG2	ENSG00000142513	93650	SurfaceBind: predicted sites	predicted	0	0	0	NA
HGNC:14388	GP6	Q9HCN6	ENSG00000088053	51206	SurfaceBind: predicted sites	predicted	0	1	0	NA
HGNC:1440	CALCR	P30988	ENSG00000004948	799	SurfaceBind: predicted sites	predicted	1	0	0	NA
HGNC:14448	TAS1R1	Q7RTX1	ENSG00000173662	80835	SurfaceBind: predicted sites	predicted	0	0	0	NA
HGNC:14454	GABRQ	Q9UN88	ENSG00000268089	55879	SurfaceBind: predicted sites	predicted	0	0	0	NA
HGNC:14469	SLC26A9	Q7LBE3	ENSG00000174502	115019	SurfaceBind: predicted sites	predicted	0	0	0	NA
HGNC:14472	SLC26A6	Q9BXS9	ENSG00000225697	65010	SurfaceBind: predicted sites	predicted	0	0	0	NA
HGNC:14546	PCDHB16	Q9NRJ7	ENSG00000272674	57717	SurfaceBind: predicted sites	predicted	0	0	0	NA
HGNC:14550	CDHR1	Q96JP9	ENSG00000148600	92211	SurfaceBind: predicted sites	predicted	0	0	0	NA
HGNC:14553	LRP10	Q7Z4F1	ENSG00000197324	26020	SurfaceBind: predicted sites	predicted	0	0	0	NA
HGNC:14604	AMN	Q9BXJ7	ENSG00000166126	81693	SurfaceBind: predicted sites	predicted	0	0	0	NA
HGNC:14637	ABCA12	Q86UK0	ENSG00000144452	26154	SurfaceBind: predicted sites	predicted	0	0	0	NA
HGNC:14638	ABCA13	Q86UQ4	ENSG00000179869	154664	SurfaceBind: predicted sites	predicted	0	0	0	NA
HGNC:14644	NETO2	Q8NC67	ENSG00000171208	81831	SurfaceBind: predicted sites	predicted	0	0	0	NA
HGNC:14656	DSCAML1	Q8TD84	ENSG00000177103	57453	SurfaceBind: predicted sites	predicted	0	0	0	NA
HGNC:14668	MMEL1	Q495T6	ENSG00000142606	79258	SurfaceBind: predicted sites	predicted	0	0	0	NA
HGNC:14674	PCDH15	Q96QU1	ENSG00000150275	65217	SurfaceBind: predicted sites	predicted	0	0	0	NA
HGNC:14679	SLC38A4	Q969I6	ENSG00000139209	55089	SurfaceBind: predicted sites	predicted	0	0	0	NA
HGNC:14685	F11R	Q9Y624	ENSG00000158769	50848	SurfaceBind: predicted sites	predicted	1	0	0	NA
HGNC:14686	JAM2	P57087	ENSG00000154721	58494	SurfaceBind: predicted sites	predicted	1	0	0	NA
HGNC:14687	LYVE1	Q9Y5Y7	ENSG00000133800	10894	SurfaceBind: predicted sites	predicted	0	0	0	NA
HGNC:14711	OR6M1	Q8NGM8	ENSG00000196099	390261	SurfaceBind: predicted sites	predicted	0	0	0	NA
HGNC:14759	OR51L1	Q8NGJ5	ENSG00000176798	119682	SurfaceBind: predicted sites	predicted	0	0	0	NA
HGNC:14769	OR52E2	Q8NGJ4	ENSG00000176787	119678	SurfaceBind: predicted sites	predicted	0	0	0	NA
HGNC:14853	OR52N1	Q8NH53	ENSG00000181001	79473	SurfaceBind: predicted sites	predicted	0	0	0	NA
HGNC:14875	FCRL2	Q96LA5	ENSG00000132704	79368	SurfaceBind: predicted sites	predicted	0	0	0	NA
HGNC:14905	TAS1R2	Q8TE23	ENSG00000179002	80834	SurfaceBind: predicted sites	predicted	0	0	0	NA
HGNC:14908	TMPRSS5	Q9H3S3	ENSG00000166682	80975	SurfaceBind: predicted sites	predicted	0	0	0	NA
HGNC:14911	TAS2R4	Q9NYW5	ENSG00000127364	50832	SurfaceBind: predicted sites	predicted	0	0	0	NA
HGNC:14918	TAS2R10	Q9NYW0	ENSG00000121318	50839	SurfaceBind: predicted sites	predicted	0	0	0	NA
HGNC:14938	PIGT	Q969N2	ENSG00000124155	51604	SurfaceBind: predicted sites	predicted	0	0	0	NA
HGNC:14956	MUC15	Q8N387	ENSG00000169550	143662	SurfaceBind: predicted sites	predicted	0	0	0	NA
HGNC:14967	SPACA1	Q9HBV2	ENSG00000118434	81833	SurfaceBind: predicted sites	predicted	0	0	0	NA
HGNC:14995	OR10X1	Q8NGY0	ENSG00000279111	128367	SurfaceBind: predicted sites	predicted	0	0	0	NA
HGNC:15023	OR14L1	Q8NHC6	ENSG00000198452	127617	SurfaceBind: predicted sites	predicted	0	0	0	NA
HGNC:1514	CASR	P41180	ENSG00000036828	846	SurfaceBind: predicted sites	predicted	0	0	0	NA
HGNC:15168	OR4C12	Q96R67	ENSG00000221954	283093	SurfaceBind: predicted sites	predicted	0	0	0	NA
HGNC:15184	OR4X2	Q8NGF9	ENSG00000172208	119764	SurfaceBind: predicted sites	predicted	0	0	0	NA
HGNC:15198	OR51G2	Q8NGK0	ENSG00000176893	81282	SurfaceBind: predicted sites	predicted	0	0	0	NA
HGNC:15261	OR5AS1	Q8N127	ENSG00000181785	219447	SurfaceBind: predicted sites	predicted	0	0	0	NA
HGNC:15351	OR4K13	Q8NH42	ENSG00000176253	390433	SurfaceBind: predicted sites	predicted	0	0	0	NA
HGNC:15450	TGOLN2	O43493	ENSG00000152291	10618	SurfaceBind: predicted sites	predicted	0	0	0	NA
HGNC:15459	P2RX2	Q9UBL9	ENSG00000187848	22953	SurfaceBind: predicted sites	predicted	0	0	0	NA
HGNC:15478	ADAM33	Q9BZ11	ENSG00000149451	80332	SurfaceBind: predicted sites	predicted	0	0	0	NA
HGNC:15479	ADAM32	Q8TC27	ENSG00000197140	203102	SurfaceBind: predicted sites	predicted	0	0	0	NA
HGNC:15482	SIGLEC12	Q96PQ1	ENSG00000254521	89858	SurfaceBind: predicted sites	predicted	0	0	0	NA
HGNC:15495	LILRA6	Q6PI73	ENSG00000244482	79168	SurfaceBind: predicted sites	predicted	0	0	0	NA
HGNC:15503	LILRA4	P59901	ENSG00000239961	23547	SurfaceBind: predicted sites	predicted	1	1	0	NA
HGNC:15529	NLGN4Y	Q8NFZ3	ENSG00000165246	22829	SurfaceBind: predicted sites	predicted	1	0	0	NA
HGNC:15532	JAM3	Q9BX67	ENSG00000166086	83700	SurfaceBind: predicted sites	predicted	1	0	0	NA
HGNC:15565	QRFPR	Q96P65	ENSG00000186867	84109	SurfaceBind: predicted sites	predicted	1	0	0	NA
HGNC:15586	LRRC4	Q9HBW1	ENSG00000128594	64101	SurfaceBind: predicted sites	predicted	0	0	0	NA
HGNC:15620	SIGLEC10	Q96LC7	ENSG00000142512	89790	SurfaceBind: predicted sites	predicted	1	0	0	NA
HGNC:15622	SIGLEC11	Q96RL6	ENSG00000161640	114132	SurfaceBind: predicted sites	predicted	0	0	0	NA
HGNC:15626	FCGR2C	P31995	ENSG00000244682	9103	SurfaceBind: predicted sites	predicted	0	0	0	NA
HGNC:15631	TLR7	Q9NYK1	ENSG00000196664	51284	SurfaceBind: predicted sites	predicted	0	0	0	NA
HGNC:15632	TLR8	Q9NR97	ENSG00000101916	51311	SurfaceBind: predicted sites	predicted	0	0	0	NA
HGNC:15633	TLR9	Q9NR96	ENSG00000239732	54106	SurfaceBind: predicted sites	predicted	0	0	0	NA
HGNC:15634	TLR10	Q9BXR5	ENSG00000174123	81793	SurfaceBind: predicted sites	predicted	0	0	0	NA
HGNC:15661	TAS1R3	Q7RTX0	ENSG00000169962	83756	SurfaceBind: predicted sites	predicted	0	0	0	NA
HGNC:15718	APCDD1	Q8J025	ENSG00000154856	147495	SurfaceBind: predicted sites	predicted	0	0	0	NA
HGNC:15734	KIRREL1	Q96J84	ENSG00000183853	55243	SurfaceBind: predicted sites	predicted	0	0	0	NA
HGNC:15743	ERMAP	Q96PL5	ENSG00000164010	114625	SurfaceBind: predicted sites	predicted	0	0	0	NA
HGNC:15748	PRND	Q9UKY0	ENSG00000171864	23627	SurfaceBind: predicted sites	predicted	0	0	0	NA
HGNC:15757	SIRPG	Q9P1W8	ENSG00000089012	55423	SurfaceBind: predicted sites	predicted	1	0	0	NA
HGNC:15770	ZP4	Q12836	ENSG00000116996	57829	SurfaceBind: predicted sites	predicted	0	0	0	NA
HGNC:15813	PCDH11Y	Q9BZA8	ENSG00000099715	83259	SurfaceBind: predicted sites	predicted	0	0	0	NA
HGNC:15827	SLC13A4	Q9UKG4	ENSG00000164707	26266	SurfaceBind: predicted sites	predicted	0	0	0	NA
HGNC:15855	CD93	Q9NPY3	ENSG00000125810	22918	SurfaceBind: predicted sites	predicted	1	0	0	NA
HGNC:15902	CDH26	Q8IXH8	ENSG00000124215	60437	SurfaceBind: predicted sites	predicted	0	0	0	NA
HGNC:15928	SIRPB1	O00241	ENSG00000101307	10326	SurfaceBind: predicted sites	predicted	0	0	0	NA
HGNC:15955	SEZ6	Q53EL9	ENSG00000063015	124925	SurfaceBind: predicted sites	predicted	0	0	0	NA
HGNC:15956	SLC2A13	Q96QE2	ENSG00000151229	114134	SurfaceBind: predicted sites	predicted	0	0	0	NA
HGNC:15963	CHRNA6	Q15825	ENSG00000147434	8973	SurfaceBind: predicted sites	predicted	0	0	0	NA
HGNC:16014	CASD1	Q96PB1	ENSG00000127995	64921	SurfaceBind: predicted sites	predicted	0	0	0	NA
HGNC:1602	CCR1	P32246	ENSG00000163823	1230	SurfaceBind: predicted sites	predicted	1	0	0	NA
HGNC:1604	CCR3	P51677	ENSG00000183625	1232	SurfaceBind: predicted sites	predicted	1	0	0	NA
HGNC:1606	CCR5	P51681	ENSG00000160791	1234	SurfaceBind: predicted sites	predicted	1	1	0	NA
HGNC:16097	LAMP5	Q9UJQ1	ENSG00000125869	24141	SurfaceBind: predicted sites	predicted	0	0	0	NA
HGNC:1610	CCR9	P51686	ENSG00000173585	10803	SurfaceBind: predicted sites	predicted	1	0	0	NA
HGNC:16208	LRRN4	Q8WUT4	ENSG00000125872	164312	SurfaceBind: predicted sites	predicted	0	0	0	NA
HGNC:16247	SIRPB2	Q5JXA9	ENSG00000196209	284759	SurfaceBind: predicted sites	predicted	0	0	0	NA
HGNC:1628	CD14	P08571	ENSG00000170458	929	SurfaceBind: predicted sites	predicted	0	1	0	NA
HGNC:1630	CD151	P48509	ENSG00000177697	977	SurfaceBind: predicted sites	predicted	0	0	0	NA
HGNC:16309	LILRA5	A6NI73	ENSG00000187116	353514	SurfaceBind: predicted sites	predicted	0	0	0	NA
HGNC:1631	CD163	Q86VB7	ENSG00000177575	9332	SurfaceBind: predicted sites	predicted	0	1	0	NA
HGNC:16312	KIR3DL3	Q8N743	ENSG00000242019	115653	SurfaceBind: predicted sites	predicted	0	0	0	NA
HGNC:1632	CD164	Q04900	ENSG00000135535	8763	SurfaceBind: predicted sites	predicted	0	0	0	NA
HGNC:1633	CD19	P15391	ENSG00000177455	930	SurfaceBind: predicted sites	predicted	0	1	0	NA
HGNC:1634	CD1A	P06126	ENSG00000158477	909	SurfaceBind: predicted sites	predicted	0	0	0	NA
HGNC:16345	KIR2DL5A	Q8N109	ENSG00000274143	57292	SurfaceBind: predicted sites	predicted	1	0	0	NA
HGNC:16346	KIR2DL5B	Q8NHK3		553128	SurfaceBind: predicted sites	predicted	0	0	0	NA
HGNC:1636	CD1C	P29017	ENSG00000158481	911	SurfaceBind: predicted sites	predicted	0	0	0	NA
HGNC:1637	CD1D	P15813	ENSG00000158473	912	SurfaceBind: predicted sites	predicted	1	0	0	NA
HGNC:16378	OTOA	Q7RTW8	ENSG00000155719	146183	SurfaceBind: predicted sites	predicted	0	0	0	NA
HGNC:1638	CD1E	P15812	ENSG00000158488	913	SurfaceBind: predicted sites	predicted	0	0	0	NA
HGNC:1639	CD2	P06729	ENSG00000116824	914	SurfaceBind: predicted sites	predicted	1	0	0	NA
HGNC:1643	CD22	P20273	ENSG00000012124	933	SurfaceBind: predicted sites	predicted	1	1	0	NA
HGNC:16441	SPACA4	Q8TDM5	ENSG00000177202	171169	SurfaceBind: predicted sites	predicted	0	0	0	NA
HGNC:1645	CD24	P25063	ENSG00000272398	100133941	SurfaceBind: predicted sites	predicted	1	1	0	NA
HGNC:16484	SLC28A3	Q9HAS3	ENSG00000197506	64078	SurfaceBind: predicted sites	predicted	0	0	0	NA
HGNC:16517	TMPRSS6	Q8IU80	ENSG00000187045	164656	SurfaceBind: predicted sites	predicted	0	1	0	NA
HGNC:1653	CD28	P10747	ENSG00000178562	940	SurfaceBind: predicted sites	predicted	1	1	0	NA
HGNC:1659	CD33	P20138	ENSG00000105383	945	SurfaceBind: predicted sites	predicted	0	1	0	NA
HGNC:1662	CD34	P28906	ENSG00000174059	947	SurfaceBind: predicted sites	predicted	1	0	0	NA
HGNC:1663	CD36	P16671	ENSG00000135218	948	SurfaceBind: predicted sites	predicted	1	0	0	NA
HGNC:1664	SCARB1	Q8WTV0	ENSG00000073060	949	SurfaceBind: predicted sites	predicted	0	0	0	NA
HGNC:1666	CD37	P11049	ENSG00000104894	951	SurfaceBind: predicted sites	predicted	0	1	0	NA
HGNC:16667	CDC50A	Q9NV96	ENSG00000112697	55754	SurfaceBind: predicted sites	predicted	0	0	0	NA
HGNC:16669	IGSF11	Q5DX21	ENSG00000144847	152404	SurfaceBind: predicted sites	predicted	0	0	0	NA
HGNC:1667	CD38	P28907	ENSG00000004468	952	SurfaceBind: predicted sites	predicted	1	1	0	NA
HGNC:16690	GJB7	Q6PEY0	ENSG00000164411	375519	SurfaceBind: predicted sites	predicted	0	0	0	NA
HGNC:16692	CD320	Q9NPF0	ENSG00000167775	51293	SurfaceBind: predicted sites	predicted	1	0	0	NA
HGNC:16697	SORCS1	Q8WY21	ENSG00000108018	114815	SurfaceBind: predicted sites	predicted	0	0	0	NA
HGNC:16698	SORCS2	Q96PQ0	ENSG00000184985	57537	SurfaceBind: predicted sites	predicted	0	0	0	NA
HGNC:16699	SORCS3	Q9UPU3	ENSG00000156395	22986	SurfaceBind: predicted sites	predicted	0	0	0	NA
HGNC:16709	CALCRL	Q16602	ENSG00000064989	10203	SurfaceBind: predicted sites	predicted	0	1	0	NA
HGNC:16711	TLR6	Q9Y2C9	ENSG00000174130	10333	SurfaceBind: predicted sites	predicted	0	0	0	NA
HGNC:1673	CD3D	P04234	ENSG00000167286	915	SurfaceBind: predicted sites	predicted	0	0	0	NA
HGNC:1675	CD3G	P09693	ENSG00000160654	917	SurfaceBind: predicted sites	predicted	0	0	0	NA
HGNC:16767	GRIN3A	Q8TCU5	ENSG00000198785	116443	SurfaceBind: predicted sites	predicted	0	0	0	NA
HGNC:16768	GRIN3B	O60391	ENSG00000116032	116444	SurfaceBind: predicted sites	predicted	0	0	0	NA
HGNC:16770	SEMA6D	Q8NFY4	ENSG00000137872	80031	SurfaceBind: predicted sites	predicted	1	0	0	NA
HGNC:1678	CD4	P01730	ENSG00000010610	920	SurfaceBind: predicted sites	predicted	0	1	0	NA
HGNC:16800	MUC17	Q685J3	ENSG00000169876	140453	SurfaceBind: predicted sites	predicted	0	1	0	NA
HGNC:1681	CD44	P16070	ENSG00000026508	960	SurfaceBind: predicted sites	predicted	1	0	0	NA
HGNC:16820	SCARF1	Q14162	ENSG00000074660	8578	SurfaceBind: predicted sites	predicted	0	0	0	NA
HGNC:16824	HCAR3	P49019	ENSG00000255398	8843	SurfaceBind: predicted sites	predicted	0	0	0	NA
HGNC:1683	CD48	P09326	ENSG00000117091	962	SurfaceBind: predicted sites	predicted	1	0	0	NA
HGNC:1685	CD5	P06127	ENSG00000110448	921	SurfaceBind: predicted sites	predicted	0	0	0	NA
HGNC:16875	MRC2	Q9UBG0	ENSG00000011028	9902	SurfaceBind: predicted sites	predicted	0	0	0	NA
HGNC:1688	CD58	P19256	ENSG00000116815	965	SurfaceBind: predicted sites	predicted	1	0	0	NA
HGNC:1689	CD59	P13987	ENSG00000085063	966	SurfaceBind: predicted sites	predicted	0	0	0	NA
HGNC:16892	CD96	P40200	ENSG00000153283	10225	SurfaceBind: predicted sites	predicted	1	1	0	NA
HGNC:1691	CD6	P30203	ENSG00000013725	923	SurfaceBind: predicted sites	predicted	1	1	0	NA
HGNC:16914	LRRN2	O75325	ENSG00000170382	10446	SurfaceBind: predicted sites	predicted	0	0	0	NA
HGNC:1692	CD63	P08962	ENSG00000135404	967	SurfaceBind: predicted sites	predicted	0	0	0	NA
HGNC:16936	LRP11	Q86VZ4	ENSG00000120256	84918	SurfaceBind: predicted sites	predicted	0	0	0	NA
HGNC:1694	CD69	Q07108	ENSG00000110848	969	SurfaceBind: predicted sites	predicted	0	0	0	NA
HGNC:1695	CD7	P09564	ENSG00000173762	924	SurfaceBind: predicted sites	predicted	0	1	0	NA
HGNC:16961	CD226	Q15762	ENSG00000150637	10666	SurfaceBind: predicted sites	predicted	1	0	0	NA
HGNC:1697	CD74	P04233	ENSG00000019582	972	SurfaceBind: predicted sites	predicted	1	1	0	NA
HGNC:1698	CD79A	P11912	ENSG00000105369	973	SurfaceBind: predicted sites	predicted	0	0	0	NA
HGNC:16986	LMAN2	Q12907	ENSG00000169223	10960	SurfaceBind: predicted sites	predicted	0	0	0	NA
HGNC:1699	CD79B	P40259	ENSG00000007312	974	SurfaceBind: predicted sites	predicted	0	1	0	NA
HGNC:1700	CD80	P33681	ENSG00000121594	941	SurfaceBind: predicted sites	predicted	1	1	0	NA
HGNC:17001	GLIPR1	P48060	ENSG00000139278	11010	SurfaceBind: predicted sites	predicted	0	0	0	NA
HGNC:17013	CD160	O95971	ENSG00000117281	11126	SurfaceBind: predicted sites	predicted	1	0	0	NA
HGNC:17021	ASTN2	O75129	ENSG00000148219	23245	SurfaceBind: predicted sites	predicted	0	0	0	NA
HGNC:1703	CD83	Q01151	ENSG00000112149	9308	SurfaceBind: predicted sites	predicted	0	0	0	NA
HGNC:1704	CD84	Q9UIB8	ENSG00000066294	8832	SurfaceBind: predicted sites	predicted	0	0	0	NA
HGNC:1705	CD86	P42081	ENSG00000114013	942	SurfaceBind: predicted sites	predicted	1	0	0	NA
HGNC:1706	CD8A	P01732	ENSG00000153563	925	SurfaceBind: predicted sites	predicted	1	1	0	NA
HGNC:1707	CD8B	P10966	ENSG00000172116	926	SurfaceBind: predicted sites	predicted	0	0	0	NA
HGNC:17087	ICOSLG	O75144	ENSG00000160223	23308	SurfaceBind: predicted sites	predicted	1	1	0	NA
HGNC:1709	CD9	P21926	ENSG00000010278	928	SurfaceBind: predicted sites	predicted	0	0	0	NA
HGNC:17091	NCSTN	Q92542	ENSG00000162736	23385	SurfaceBind: predicted sites	predicted	0	0	0	NA
HGNC:171	ACVR1	Q04771	ENSG00000115170	90	SurfaceBind: predicted sites	predicted	0	1	0	NA
HGNC:17104	CDON	Q4KMG0	ENSG00000064309	50937	SurfaceBind: predicted sites	predicted	0	0	0	NA
HGNC:17127	SLC39A2	Q9NP94	ENSG00000165794	29986	SurfaceBind: predicted sites	predicted	0	0	0	NA
HGNC:17129	SLC39A4	Q6P5W5	ENSG00000147804	55630	SurfaceBind: predicted sites	predicted	0	0	0	NA
HGNC:17149	VSIG2	Q96IQ7	ENSG00000019102	23584	SurfaceBind: predicted sites	predicted	0	0	0	NA
HGNC:17173	BOC	Q9BWV1	ENSG00000144857	91653	SurfaceBind: predicted sites	predicted	0	0	0	NA
HGNC:172	ACVR1B	P36896	ENSG00000135503	91	SurfaceBind: predicted sites	predicted	0	0	0	NA
HGNC:17200	LRRN3	Q9H3W5	ENSG00000173114	54674	SurfaceBind: predicted sites	predicted	0	0	0	NA
HGNC:17290	IL27RA	Q6UWB1	ENSG00000104998	9466	SurfaceBind: predicted sites	predicted	0	0	0	NA
HGNC:17292	SLC44A2	Q8IWA5	ENSG00000129353	57153	SurfaceBind: predicted sites	predicted	0	0	0	NA
HGNC:173	ACVR2A	P27037	ENSG00000121989	92	SurfaceBind: predicted sites	predicted	1	0	0	NA
HGNC:17302	NEGR1	Q7Z3B1	ENSG00000172260	257194	SurfaceBind: predicted sites	predicted	0	0	0	NA
HGNC:17360	LRIG1	Q96JA1	ENSG00000144749	26018	SurfaceBind: predicted sites	predicted	0	0	0	NA
HGNC:17378	NAGPA	Q9UK23	ENSG00000103174	51172	SurfaceBind: predicted sites	predicted	0	0	0	NA
HGNC:174	ACVR2B	Q13705	ENSG00000114739	93	SurfaceBind: predicted sites	predicted	1	1	0	NA
HGNC:17435	SLC12A9	Q9BXP2	ENSG00000146828	56996	SurfaceBind: predicted sites	predicted	0	0	0	NA
HGNC:17447	CLSTN1	O94985	ENSG00000171603	22883	SurfaceBind: predicted sites	predicted	1	0	0	NA
HGNC:17448	CLSTN2	Q9H4D0	ENSG00000158258	64084	SurfaceBind: predicted sites	predicted	1	0	0	NA
HGNC:17474	ESAM	Q96AP7	ENSG00000149564	90952	SurfaceBind: predicted sites	predicted	1	0	0	NA
HGNC:1748	CDH1	P12830	ENSG00000039068	999	SurfaceBind: predicted sites	predicted	1	0	0	NA
HGNC:1749	CDH10	Q9Y6N8	ENSG00000040731	1008	SurfaceBind: predicted sites	predicted	0	0	0	NA
HGNC:17495	GJC3	Q8NFK1	ENSG00000176402	349149	SurfaceBind: predicted sites	predicted	0	0	0	NA
HGNC:175	ACVRL1	P37023	ENSG00000139567	94	SurfaceBind: predicted sites	predicted	0	1	0	NA
HGNC:1750	CDH11	P55287	ENSG00000140937	1009	SurfaceBind: predicted sites	predicted	0	0	0	NA
HGNC:1751	CDH12	P55289	ENSG00000154162	1010	SurfaceBind: predicted sites	predicted	0	0	0	NA
HGNC:1753	CDH13	P55290	ENSG00000140945	1012	SurfaceBind: predicted sites	predicted	0	0	0	NA
HGNC:17537	ASIC5	Q9NY37	ENSG00000256394	51802	SurfaceBind: predicted sites	predicted	0	0	0	NA
HGNC:1754	CDH15	P55291	ENSG00000129910	1013	SurfaceBind: predicted sites	predicted	0	0	0	NA
HGNC:1755	CDH16	O75309	ENSG00000166589	1014	SurfaceBind: predicted sites	predicted	0	0	0	NA
HGNC:17550	KREMEN1	Q96MU8	ENSG00000183762	83999	SurfaceBind: predicted sites	predicted	0	0	0	NA
HGNC:1756	CDH17	Q12864	ENSG00000079112	1015	SurfaceBind: predicted sites	predicted	0	1	0	NA
HGNC:1757	CDH18	Q13634	ENSG00000145526	1016	SurfaceBind: predicted sites	predicted	0	0	0	NA
HGNC:1758	CDH19	Q9H159	ENSG00000071991	28513	SurfaceBind: predicted sites	predicted	0	0	0	NA
HGNC:1759	CDH2	P19022	ENSG00000170558	1000	SurfaceBind: predicted sites	predicted	1	0	0	NA
HGNC:1760	CDH20	Q9HBT6	ENSG00000101542	28316	SurfaceBind: predicted sites	predicted	0	0	0	NA
HGNC:17601	CADM3	Q8N126	ENSG00000162706	57863	SurfaceBind: predicted sites	predicted	1	0	0	NA
HGNC:17616	IL17RD	Q8NFM7	ENSG00000144730	54756	SurfaceBind: predicted sites	predicted	0	0	0	NA
HGNC:1762	CDH3	P22223	ENSG00000062038	1001	SurfaceBind: predicted sites	predicted	1	0	0	NA
HGNC:1763	CDH4	P55283	ENSG00000179242	1002	SurfaceBind: predicted sites	predicted	0	0	0	NA
HGNC:17635	CD274	Q9NZQ7	ENSG00000120217	29126	SurfaceBind: predicted sites	predicted	1	1	0	NA
HGNC:1764	CDH5	P33151	ENSG00000179776	1003	SurfaceBind: predicted sites	predicted	1	0	0	NA
HGNC:1765	CDH6	P55285	ENSG00000113361	1004	SurfaceBind: predicted sites	predicted	1	1	0	NA
HGNC:1766	CDH7	Q9ULB5	ENSG00000081138	1005	SurfaceBind: predicted sites	predicted	1	0	0	NA
HGNC:1767	CDH8	P55286	ENSG00000150394	1006	SurfaceBind: predicted sites	predicted	0	0	0	NA
HGNC:1768	CDH9	Q9ULB4	ENSG00000113100	1007	SurfaceBind: predicted sites	predicted	0	0	0	NA
HGNC:17710	SIT1	Q9Y3P8	ENSG00000137078	27240	SurfaceBind: predicted sites	predicted	0	0	0	NA
HGNC:17735	TMEM63B	Q5T3F8	ENSG00000137216	55362	SurfaceBind: predicted sites	predicted	0	0	0	NA
HGNC:17752	TSPAN3	O60637	ENSG00000140391	10099	SurfaceBind: predicted sites	predicted	0	0	0	NA
HGNC:17753	TSPAN5	P62079	ENSG00000168785	10098	SurfaceBind: predicted sites	predicted	0	0	0	NA
HGNC:17754	THSD1	Q9NS62	ENSG00000136114	55901	SurfaceBind: predicted sites	predicted	0	0	0	NA
HGNC:17756	EDA2R	Q9HAV5	ENSG00000131080	60401	SurfaceBind: predicted sites	predicted	0	0	0	NA
HGNC:17760	TREM1	Q9NP99	ENSG00000124731	54210	SurfaceBind: predicted sites	predicted	0	0	0	NA
HGNC:17761	TREM2	Q9NZC2	ENSG00000095970	54209	SurfaceBind: predicted sites	predicted	0	1	0	NA
HGNC:17807	CHODL	Q9H9P2	ENSG00000154645	140578	SurfaceBind: predicted sites	predicted	0	0	0	NA
HGNC:17813	IGSF8	Q969P0	ENSG00000162729	93185	SurfaceBind: predicted sites	predicted	0	0	0	NA
HGNC:17830	GPR107	Q5VW38	ENSG00000148358	57720	SurfaceBind: predicted sites	predicted	0	0	0	NA
HGNC:17866	HAVCR1	Q96D42	ENSG00000113249	26762	SurfaceBind: predicted sites	predicted	0	0	0	NA
HGNC:17867	NPTN	Q9Y639	ENSG00000156642	27020	SurfaceBind: predicted sites	predicted	0	0	0	NA
HGNC:17936	PODXL2	Q9NZ53	ENSG00000114631	50512	SurfaceBind: predicted sites	predicted	1	0	0	NA
HGNC:17937	CUZD1	Q86UP6	ENSG00000138161	50624	SurfaceBind: predicted sites	predicted	0	0	0	NA
HGNC:17941	NTM	Q9P121	ENSG00000182667	50863	SurfaceBind: predicted sites	predicted	0	0	0	NA
HGNC:17969	GABRR3	A8MPY1	ENSG00000183185	200959	SurfaceBind: predicted sites	predicted	0	0	0	NA
HGNC:17972	NRN1	Q9NPD7	ENSG00000124785	51299	SurfaceBind: predicted sites	predicted	0	0	0	NA
HGNC:17983	MRGPRX2	Q96LB1	ENSG00000183695	117194	SurfaceBind: predicted sites	predicted	0	0	0	NA
HGNC:17997	FKRP	Q9H9S5	ENSG00000181027	79147	SurfaceBind: predicted sites	predicted	0	0	0	NA
HGNC:18015	IL17RB	Q9NRM6	ENSG00000056736	55540	SurfaceBind: predicted sites	predicted	0	0	0	NA
HGNC:18053	PKD1L1	Q8TDX9	ENSG00000158683	168507	SurfaceBind: predicted sites	predicted	0	0	0	NA
HGNC:18068	SLC15A3	Q8IY34	ENSG00000110446	51296	SurfaceBind: predicted sites	predicted	0	0	0	NA
HGNC:18082	TRPV2	Q9Y5S1	ENSG00000187688	51393	SurfaceBind: predicted sites	predicted	0	0	0	NA
HGNC:18083	TRPV4	Q9HBA0	ENSG00000111199	59341	SurfaceBind: predicted sites	predicted	0	0	0	NA
HGNC:18121	MFRP	Q9BY79	ENSG00000235718	83552	SurfaceBind: predicted sites	predicted	0	0	0	NA
HGNC:18123	ACVR1C	Q8NER5	ENSG00000123612	130399	SurfaceBind: predicted sites	predicted	0	0	0	NA
HGNC:18132	IGSF9	Q9P2J2	ENSG00000085552	57549	SurfaceBind: predicted sites	predicted	0	0	0	NA
HGNC:1814	CEACAM1	P13688	ENSG00000079385	634	SurfaceBind: predicted sites	predicted	1	0	0	NA
HGNC:1815	CEACAM3	P40198	ENSG00000170956	1084	SurfaceBind: predicted sites	predicted	0	0	0	NA
HGNC:18153	TNFRSF13B	O14836	ENSG00000240505	23495	SurfaceBind: predicted sites	predicted	1	0	0	NA
HGNC:1816	CEACAM4	O75871	ENSG00000105352	1089	SurfaceBind: predicted sites	predicted	0	0	0	NA
HGNC:18168	SLC4A5	Q9BY07	ENSG00000188687	57835	SurfaceBind: predicted sites	predicted	0	0	0	NA
HGNC:1817	CEACAM5	P06731	ENSG00000105388	1048	SurfaceBind: predicted sites	predicted	1	1	0	NA
HGNC:18171	CD244	Q9BZW8	ENSG00000122223	51744	SurfaceBind: predicted sites	predicted	1	0	0	NA
HGNC:1818	CEACAM6	P40199	ENSG00000086548	4680	SurfaceBind: predicted sites	predicted	1	1	0	NA
HGNC:18182	TPCN1	Q9ULQ1	ENSG00000186815	53373	SurfaceBind: predicted sites	predicted	0	0	0	NA
HGNC:1819	CEACAM7	Q14002	ENSG00000007306	1087	SurfaceBind: predicted sites	predicted	0	0	0	NA
HGNC:1820	CEACAM8	P31997	ENSG00000124469	1088	SurfaceBind: predicted sites	predicted	1	0	0	NA
HGNC:18219	CD248	Q9HCU0	ENSG00000174807	57124	SurfaceBind: predicted sites	predicted	1	1	0	NA
HGNC:18231	CDHR2	Q9BYE9	ENSG00000074276	54825	SurfaceBind: predicted sites	predicted	0	0	0	NA
HGNC:18259	ITLN1	Q8WWA0	ENSG00000179914	55600	SurfaceBind: predicted sites	predicted	0	0	0	NA
HGNC:18268	LMBR1L	Q6UX01	ENSG00000139636	55716	SurfaceBind: predicted sites	predicted	0	0	0	NA
HGNC:18280	RNF130	Q86XS8	ENSG00000113269	55819	SurfaceBind: predicted sites	predicted	0	0	0	NA
HGNC:18292	CFC1	P0CG37	ENSG00000136698	55997	SurfaceBind: predicted sites	predicted	0	0	0	NA
HGNC:18297	PILRB	Q9UKJ0	ENSG00000121716	29990	SurfaceBind: predicted sites	predicted	0	0	0	NA
HGNC:18351	SHISA8	B8ZZ34	ENSG00000234965	440829	SurfaceBind: predicted sites	predicted	0	0	0	NA
HGNC:18358	IL17RC	Q8NAC3	ENSG00000163702	84818	SurfaceBind: predicted sites	predicted	0	0	0	NA
HGNC:18362	IMPG2	Q9BZV3	ENSG00000081148	50939	SurfaceBind: predicted sites	predicted	0	0	0	NA
HGNC:18371	CLSTN3	Q9BQT9	ENSG00000139182	9746	SurfaceBind: predicted sites	predicted	1	0	0	NA
HGNC:18430	SLAMF9	Q96A28	ENSG00000162723	89886	SurfaceBind: predicted sites	predicted	0	0	0	NA
HGNC:18437	HAVCR2	Q8TDQ0	ENSG00000135077	84868	SurfaceBind: predicted sites	predicted	1	1	0	NA
HGNC:18439	IL17RE	Q8NFR9	ENSG00000163701	132014	SurfaceBind: predicted sites	predicted	0	0	0	NA
HGNC:18481	ATP6V0A2	Q9Y487	ENSG00000185344	23545	SurfaceBind: predicted sites	predicted	0	0	0	NA
HGNC:1850	CELSR1	Q9NYQ6	ENSG00000075275	9620	SurfaceBind: predicted sites	predicted	0	0	0	NA
HGNC:18505	RNF43	Q68DV7	ENSG00000108375	54894	SurfaceBind: predicted sites	predicted	0	0	0	NA
HGNC:18506	FCRL3	Q96P31	ENSG00000160856	115352	SurfaceBind: predicted sites	predicted	0	0	0	NA
HGNC:18507	FCRL4	Q96PJ5	ENSG00000163518	83417	SurfaceBind: predicted sites	predicted	0	0	0	NA
HGNC:18508	FCRL5	Q96RD9	ENSG00000143297	83416	SurfaceBind: predicted sites	predicted	0	1	0	NA
HGNC:18509	FCRL1	Q96LA6	ENSG00000163534	115350	SurfaceBind: predicted sites	predicted	0	0	0	NA
HGNC:18510	GPRC6A	Q5T6X5	ENSG00000173612	222545	SurfaceBind: predicted sites	predicted	0	0	0	NA
HGNC:18517	VASN	Q6EMK4	ENSG00000168140	114990	SurfaceBind: predicted sites	predicted	1	0	0	NA
HGNC:18549	DCSTAMP	Q9H295	ENSG00000164935	81501	SurfaceBind: predicted sites	predicted	0	0	0	NA
HGNC:18584	IFNLR1	Q8IU57	ENSG00000185436	163702	SurfaceBind: predicted sites	predicted	0	0	0	NA
HGNC:18601	RTN4R	Q9BZR6	ENSG00000040608	65078	SurfaceBind: predicted sites	predicted	1	0	0	NA
HGNC:18607	SLC39A6	Q13433	ENSG00000141424	25800	SurfaceBind: predicted sites	predicted	0	1	0	NA
HGNC:18628	STAB1	Q9NY15	ENSG00000010327	23166	SurfaceBind: predicted sites	predicted	0	1	0	NA
HGNC:18629	STAB2	Q8WWQ8	ENSG00000136011	55576	SurfaceBind: predicted sites	predicted	0	0	0	NA
HGNC:18634	UNC5D	Q6UXZ4	ENSG00000156687	137970	SurfaceBind: predicted sites	predicted	1	0	0	NA
HGNC:18688	CRB2	Q5IJ48	ENSG00000148204	286204	SurfaceBind: predicted sites	predicted	0	0	0	NA
HGNC:18731	PDCD1LG2	Q9BQ51	ENSG00000197646	80380	SurfaceBind: predicted sites	predicted	1	0	0	NA
HGNC:18747	CNTNAP4	Q9C0A0	ENSG00000152910	85445	SurfaceBind: predicted sites	predicted	0	0	0	NA
HGNC:18748	CNTNAP5	Q8WYK1	ENSG00000155052	129684	SurfaceBind: predicted sites	predicted	0	0	0	NA
HGNC:18788	KLRK1	P26718	ENSG00000213809	22914	SurfaceBind: predicted sites	predicted	1	1	0	NA
HGNC:18797	KREMEN2	Q8NCW0	ENSG00000131650	79412	SurfaceBind: predicted sites	predicted	0	0	0	NA
HGNC:18798	SLC44A1	Q8WWI5	ENSG00000070214	23446	SurfaceBind: predicted sites	predicted	0	0	0	NA
HGNC:188	ADAM10	O14672	ENSG00000137845	102	SurfaceBind: predicted sites	predicted	0	0	0	NA
HGNC:18816	KIRREL2	Q6UWL6	ENSG00000126259	84063	SurfaceBind: predicted sites	predicted	0	0	0	NA
HGNC:18823	TMEM9	Q9P0T7	ENSG00000116857	252839	SurfaceBind: predicted sites	predicted	0	0	0	NA
HGNC:189	ADAM11	O75078	ENSG00000073670	4185	SurfaceBind: predicted sites	predicted	0	0	0	NA
HGNC:18969	IL31RA	Q8NI17	ENSG00000164509	133396	SurfaceBind: predicted sites	predicted	0	1	0	NA
HGNC:190	ADAM12	O43184	ENSG00000148848	8038	SurfaceBind: predicted sites	predicted	0	0	0	NA
HGNC:19012	CORIN	Q9Y5Q5	ENSG00000145244	10699	SurfaceBind: predicted sites	predicted	0	0	0	NA
HGNC:19046	SLCO5A1	Q9H2Y9	ENSG00000137571	81796	SurfaceBind: predicted sites	predicted	0	0	0	NA
HGNC:19077	NCR3	O14931	ENSG00000204475	259197	SurfaceBind: predicted sites	predicted	1	0	0	NA
HGNC:19082	NALCN	Q8IZF0	ENSG00000102452	259232	SurfaceBind: predicted sites	predicted	0	0	0	NA
HGNC:19100	IL23R	Q5VWK5	ENSG00000162594	149233	SurfaceBind: predicted sites	predicted	0	0	0	NA
HGNC:19137	CD276	Q5ZPR3	ENSG00000103855	80381	SurfaceBind: predicted sites	predicted	1	1	0	NA
HGNC:19185	FRAS1	Q86XX4	ENSG00000138759	80144	SurfaceBind: predicted sites	predicted	0	0	0	NA
HGNC:19260	LTB4R2	Q9NPC1	ENSG00000213906	56413	SurfaceBind: predicted sites	predicted	1	0	0	NA
HGNC:19263	LMAN2L	Q9H0V9	ENSG00000114988	81562	SurfaceBind: predicted sites	predicted	0	0	0	NA
HGNC:19267	MDGA1	Q8NFP4	ENSG00000112139	266727	SurfaceBind: predicted sites	predicted	0	0	0	NA
HGNC:19290	CSMD2	Q7Z408	ENSG00000121904	114784	SurfaceBind: predicted sites	predicted	0	0	0	NA
HGNC:19296	EPHA6	Q9UF33	ENSG00000080224	285220	SurfaceBind: predicted sites	predicted	0	0	0	NA
HGNC:193	ADAM15	Q13444	ENSG00000143537	8751	SurfaceBind: predicted sites	predicted	0	0	0	NA
HGNC:19307	SDK1	Q7Z5N4	ENSG00000146555	221935	SurfaceBind: predicted sites	predicted	0	0	0	NA
HGNC:19308	SDK2	Q58EX2	ENSG00000069188	54549	SurfaceBind: predicted sites	predicted	0	0	0	NA
HGNC:19319	CD300A	Q9UGN4	ENSG00000167851	11314	SurfaceBind: predicted sites	predicted	0	0	0	NA
HGNC:19320	CD300C	Q08708	ENSG00000167850	10871	SurfaceBind: predicted sites	predicted	0	0	0	NA
HGNC:1939	CHL1	O00533	ENSG00000134121	10752	SurfaceBind: predicted sites	predicted	1	0	0	NA
HGNC:19409	LRRTM2	O43300	ENSG00000146006	26045	SurfaceBind: predicted sites	predicted	1	0	0	NA
HGNC:19410	LRRTM3	Q86VH5	ENSG00000198739	347731	SurfaceBind: predicted sites	predicted	1	0	0	NA
HGNC:19411	LRRTM4	Q86VH4	ENSG00000176204	80059	SurfaceBind: predicted sites	predicted	1	0	0	NA
HGNC:19439	KCNK18	Q7Z418	ENSG00000186795	338567	SurfaceBind: predicted sites	predicted	0	0	0	NA
HGNC:195	ADAM17	P78536	ENSG00000151694	6868	SurfaceBind: predicted sites	predicted	0	0	0	NA
HGNC:1955	CHRNA1	P02708	ENSG00000138435	1134	SurfaceBind: predicted sites	predicted	1	0	0	NA
HGNC:1956	CHRNA2	Q15822	ENSG00000120903	1135	SurfaceBind: predicted sites	predicted	0	0	0	NA
HGNC:1957	CHRNA3	P32297	ENSG00000080644	1136	SurfaceBind: predicted sites	predicted	0	0	0	NA
HGNC:1958	CHRNA4	P43681	ENSG00000101204	1137	SurfaceBind: predicted sites	predicted	0	0	0	NA
HGNC:1959	CHRNA5	P30532	ENSG00000169684	1138	SurfaceBind: predicted sites	predicted	0	0	0	NA
HGNC:196	ADAM18	Q9Y3Q7	ENSG00000168619	8749	SurfaceBind: predicted sites	predicted	0	0	0	NA
HGNC:1960	CHRNA7	P36544	ENSG00000175344	1139	SurfaceBind: predicted sites	predicted	1	0	0	NA
HGNC:1961	CHRNB1	P11230	ENSG00000170175	1140	SurfaceBind: predicted sites	predicted	0	0	0	NA
HGNC:1963	CHRNB3	Q05901	ENSG00000147432	1142	SurfaceBind: predicted sites	predicted	0	0	0	NA
HGNC:1964	CHRNB4	P30926	ENSG00000117971	1143	SurfaceBind: predicted sites	predicted	0	0	0	NA
HGNC:1965	CHRND	Q07001	ENSG00000135902	1144	SurfaceBind: predicted sites	predicted	0	0	0	NA
HGNC:1966	CHRNE	Q04844	ENSG00000108556	1145	SurfaceBind: predicted sites	predicted	0	0	0	NA
HGNC:1967	CHRNG	P07510	ENSG00000196811	1146	SurfaceBind: predicted sites	predicted	0	0	0	NA
HGNC:197	ADAM19	Q9H013	ENSG00000135074	8728	SurfaceBind: predicted sites	predicted	0	0	0	NA
HGNC:19711	DISP1	Q96F81	ENSG00000154309	84976	SurfaceBind: predicted sites	predicted	0	0	0	NA
HGNC:19712	DISP2	A7MBM2	ENSG00000140323	85455	SurfaceBind: predicted sites	predicted	0	0	0	NA
HGNC:19716	GSG1	Q2KHT4	ENSG00000111305	83445	SurfaceBind: predicted sites	predicted	0	0	0	NA
HGNC:19718	RXFP1	Q9HBX9	ENSG00000171509	59350	SurfaceBind: predicted sites	predicted	1	0	0	NA
HGNC:19719	LGR6	Q9HBX8	ENSG00000133067	59352	SurfaceBind: predicted sites	predicted	1	0	0	NA
HGNC:19740	PCNX1	Q96RV3	ENSG00000100731	22990	SurfaceBind: predicted sites	predicted	0	0	0	NA
HGNC:19747	EVC2	Q86UK5	ENSG00000173040	132884	SurfaceBind: predicted sites	predicted	0	0	0	NA
HGNC:198	ADAM2	Q99965	ENSG00000104755	2515	SurfaceBind: predicted sites	predicted	0	0	0	NA
HGNC:19835	MDGA2	Q7Z553	ENSG00000139915	161357	SurfaceBind: predicted sites	predicted	0	0	0	NA
HGNC:19869	SCARF2	Q96GP6	ENSG00000244486	91179	SurfaceBind: predicted sites	predicted	0	0	0	NA
HGNC:199	ADAM20	O43506	ENSG00000134007	8748	SurfaceBind: predicted sites	predicted	0	0	0	NA
HGNC:19987	EPHA10	Q5JZY3	ENSG00000183317	284656	SurfaceBind: predicted sites	predicted	0	0	0	NA
HGNC:19992	OPN5	Q6U736	ENSG00000124818	221391	SurfaceBind: predicted sites	predicted	0	0	0	NA
HGNC:200	ADAM21	Q9UKJ8	ENSG00000139985	8747	SurfaceBind: predicted sites	predicted	0	0	0	NA
HGNC:201	ADAM22	Q9P0K1	ENSG00000008277	53616	SurfaceBind: predicted sites	predicted	0	0	0	NA
HGNC:20151	SLC17A8	Q8NDX2	ENSG00000179520	246213	SurfaceBind: predicted sites	predicted	0	0	0	NA
HGNC:2016	CLCA2	Q9UQC9	ENSG00000137975	9635	SurfaceBind: predicted sites	predicted	0	0	0	NA
HGNC:2018	CLCA4	Q14CN2	ENSG00000016602	22802	SurfaceBind: predicted sites	predicted	0	0	0	NA
HGNC:202	ADAM23	O75077	ENSG00000114948	8745	SurfaceBind: predicted sites	predicted	0	0	0	NA
HGNC:20239	FNDC4	Q9H6D8	ENSG00000115226	64838	SurfaceBind: predicted sites	predicted	0	0	0	NA
HGNC:20240	FNDC5	Q8NAU1	ENSG00000160097	252995	SurfaceBind: predicted sites	predicted	0	0	0	NA
HGNC:2027	CLCNKB	P51801	ENSG00000184908	1188	SurfaceBind: predicted sites	predicted	0	0	0	NA
HGNC:20295	SLITRK5	O94991	ENSG00000165300	26050	SurfaceBind: predicted sites	predicted	1	0	0	NA
HGNC:20297	SLITRK1	Q96PX8	ENSG00000178235	114798	SurfaceBind: predicted sites	predicted	1	0	0	NA
HGNC:20313	PKHD1L1	Q86WI1	ENSG00000205038	93035	SurfaceBind: predicted sites	predicted	0	0	0	NA
HGNC:20329	SLC9D1	Q6UWJ1	ENSG00000150403	55002	SurfaceBind: predicted sites	predicted	0	0	0	NA
HGNC:2034	CLDN12	P56749	ENSG00000157224	9069	SurfaceBind: predicted sites	predicted	0	0	0	NA
HGNC:2036	CLDN15	P56746	ENSG00000106404	24146	SurfaceBind: predicted sites	predicted	0	0	0	NA
HGNC:20360	LRFN5	Q96NI6	ENSG00000165379	145581	SurfaceBind: predicted sites	predicted	1	0	0	NA
HGNC:2037	CLDN16	Q9Y5I7	ENSG00000113946	10686	SurfaceBind: predicted sites	predicted	0	0	0	NA
HGNC:20396	PILRA	Q9UKJ1	ENSG00000085514	29992	SurfaceBind: predicted sites	predicted	1	0	0	NA
HGNC:2040	CLDN19	Q8N6F1	ENSG00000164007	149461	SurfaceBind: predicted sites	predicted	0	0	0	NA
HGNC:2044	CLDN22	Q8N7P3	ENSG00000177300	53842	SurfaceBind: predicted sites	predicted	0	0	0	NA
HGNC:2045	CLDN3	O15551	ENSG00000165215	1365	SurfaceBind: predicted sites	predicted	0	0	0	NA
HGNC:2046	CLDN4	O14493	ENSG00000189143	1364	SurfaceBind: predicted sites	predicted	0	0	0	NA
HGNC:2048	CLDN6	P56747	ENSG00000184697	9074	SurfaceBind: predicted sites	predicted	0	1	0	NA
HGNC:20502	SLC39A5	Q6ZMH5	ENSG00000139540	283375	SurfaceBind: predicted sites	predicted	0	0	0	NA
HGNC:2051	CLDN9	O95484	ENSG00000213937	9080	SurfaceBind: predicted sites	predicted	0	0	0	NA
HGNC:2054	CLEC5A	Q9NY25	ENSG00000258227	23601	SurfaceBind: predicted sites	predicted	0	0	0	NA
HGNC:20566	SV2A	Q7L0J3	ENSG00000159164	9900	SurfaceBind: predicted sites	predicted	0	0	0	NA
HGNC:206	ADAM28	Q9UKQ2	ENSG00000042980	10863	SurfaceBind: predicted sites	predicted	0	0	0	NA
HGNC:20652	TXNDC15	Q96J42	ENSG00000113621	79770	SurfaceBind: predicted sites	predicted	0	0	0	NA
HGNC:20656	C5orf15	Q8NC54	ENSG00000113583	56951	SurfaceBind: predicted sites	predicted	0	0	0	NA
HGNC:20657	TSPAN1	O60635	ENSG00000117472	10103	SurfaceBind: predicted sites	predicted	0	0	0	NA
HGNC:20660	TSPAN18	Q96SJ8	ENSG00000157570	90139	SurfaceBind: predicted sites	predicted	0	0	0	NA
HGNC:20665	SCN3B	Q9NY72	ENSG00000166257	55800	SurfaceBind: predicted sites	predicted	0	0	0	NA
HGNC:20679	ANO9	A1A5B4	ENSG00000185101	338440	SurfaceBind: predicted sites	predicted	0	0	0	NA
HGNC:20685	PROM2	Q8N271	ENSG00000155066	150696	SurfaceBind: predicted sites	predicted	0	0	0	NA
HGNC:207	ADAM29	Q9UKF5	ENSG00000168594	11086	SurfaceBind: predicted sites	predicted	0	0	0	NA
HGNC:20788	RHBDF2	Q6PJF5	ENSG00000129667	79651	SurfaceBind: predicted sites	predicted	0	0	0	NA
HGNC:208	ADAM30	Q9UKF2	ENSG00000134249	11085	SurfaceBind: predicted sites	predicted	0	0	0	NA
HGNC:20818	LRRC15	Q8TF66	ENSG00000172061	131578	SurfaceBind: predicted sites	predicted	0	1	0	NA
HGNC:20823	DPP10	Q8N608	ENSG00000175497	57628	SurfaceBind: predicted sites	predicted	0	0	0	NA
HGNC:20824	AMIGO1	Q86WK6	ENSG00000181754	57463	SurfaceBind: predicted sites	predicted	0	0	0	NA
HGNC:20858	SLC39A14	Q15043	ENSG00000104635	23516	SurfaceBind: predicted sites	predicted	0	0	0	NA
HGNC:20860	SLC39A12	Q504Y0	ENSG00000148482	221074	SurfaceBind: predicted sites	predicted	0	0	0	NA
HGNC:20861	SLC39A10	Q9ULF5	ENSG00000196950	57181	SurfaceBind: predicted sites	predicted	0	0	0	NA
HGNC:20889	LRIG2	O94898	ENSG00000198799	9860	SurfaceBind: predicted sites	predicted	0	0	0	NA
HGNC:20977	TAAR9	Q96RI9	ENSG00000237110	134860	SurfaceBind: predicted sites	predicted	0	0	0	NA
HGNC:20980	LRRN1	Q6UXK5	ENSG00000175928	57633	SurfaceBind: predicted sites	predicted	0	0	0	NA
HGNC:21013	PLXDC2	Q6UX71	ENSG00000120594	84898	SurfaceBind: predicted sites	predicted	0	0	0	NA
HGNC:21014	ANTXR1	Q9H6X2	ENSG00000169604	84168	SurfaceBind: predicted sites	predicted	0	0	0	NA
HGNC:21074	GINM1	Q9NU53	ENSG00000055211	116254	SurfaceBind: predicted sites	predicted	0	0	0	NA
HGNC:21087	BTLA	Q7Z6A9	ENSG00000186265	151888	SurfaceBind: predicted sites	predicted	1	1	0	NA
HGNC:21092	TREML2	Q5T2D2	ENSG00000112195	79865	SurfaceBind: predicted sites	predicted	1	0	0	NA
HGNC:21113	DLK2	Q6UY11	ENSG00000171462	65989	SurfaceBind: predicted sites	predicted	0	0	0	NA
HGNC:21205	LINGO1	Q96FE5	ENSG00000169783	84894	SurfaceBind: predicted sites	predicted	0	1	0	NA
HGNC:21206	LINGO3	P0C6S8	ENSG00000220008	645191	SurfaceBind: predicted sites	predicted	0	0	0	NA
HGNC:21207	LINGO2	Q7L985	ENSG00000174482	158038	SurfaceBind: predicted sites	predicted	0	0	0	NA
HGNC:21226	LRFN2	Q9ULH4	ENSG00000156564	57497	SurfaceBind: predicted sites	predicted	0	0	0	NA
HGNC:21245	PI16	Q6UXB8	ENSG00000164530	221476	SurfaceBind: predicted sites	predicted	0	0	0	NA
HGNC:21263	ASIC4	Q96FT7	ENSG00000072182	55515	SurfaceBind: predicted sites	predicted	0	0	0	NA
HGNC:21290	PTCRA	Q6ISU1	ENSG00000171611	171558	SurfaceBind: predicted sites	predicted	0	0	0	NA
HGNC:21307	DSG4	Q86SJ6	ENSG00000175065	147409	SurfaceBind: predicted sites	predicted	0	0	0	NA
HGNC:21329	RTN4RL1	Q86UN2	ENSG00000185924	146760	SurfaceBind: predicted sites	predicted	0	0	0	NA
HGNC:21345	PTCHD4	Q6ZW05	ENSG00000244694	442213	SurfaceBind: predicted sites	predicted	0	0	0	NA
HGNC:21391	SLAMF8	Q9P0V8	ENSG00000158714	56833	SurfaceBind: predicted sites	predicted	0	0	0	NA
HGNC:21392	SLAMF6	Q96DU3	ENSG00000162739	114836	SurfaceBind: predicted sites	predicted	0	0	0	NA
HGNC:21394	SLAMF7	Q9NQ25	ENSG00000026751	57823	SurfaceBind: predicted sites	predicted	0	1	0	NA
HGNC:214	ADAM7	Q9H2U9	ENSG00000069206	8756	SurfaceBind: predicted sites	predicted	0	0	0	NA
HGNC:21444	UPK3B	Q9BT76	ENSG00000243566	105375355	SurfaceBind: predicted sites	predicted	0	0	0	NA
HGNC:21479	DCBLD1	Q8N8Z6	ENSG00000164465	285761	SurfaceBind: predicted sites	predicted	0	0	0	NA
HGNC:215	ADAM8	P78325	ENSG00000151651	101	SurfaceBind: predicted sites	predicted	0	0	0	NA
HGNC:21529	TM9SF3	Q9HD45	ENSG00000077147	56889	SurfaceBind: predicted sites	predicted	0	0	0	NA
HGNC:21580	KIAA0319	Q5VV43	ENSG00000137261	9856	SurfaceBind: predicted sites	predicted	0	0	0	NA
HGNC:216	ADAM9	Q13443	ENSG00000168615	8754	SurfaceBind: predicted sites	predicted	0	1	0	NA
HGNC:21625	ANO1	Q5XXA6	ENSG00000131620	55107	SurfaceBind: predicted sites	predicted	0	0	0	NA
HGNC:21640	TSPAN9	O75954	ENSG00000011105	10867	SurfaceBind: predicted sites	predicted	0	0	0	NA
HGNC:21643	TSPAN13	O95857	ENSG00000106537	27075	SurfaceBind: predicted sites	predicted	0	0	0	NA
HGNC:21652	OSTM1	Q86WC4	ENSG00000081087	28962	SurfaceBind: predicted sites	predicted	0	0	0	NA
HGNC:21685	CD109	Q6YHK3	ENSG00000156535	135228	SurfaceBind: predicted sites	predicted	0	0	0	NA
HGNC:2170	CNTFR	P26992	ENSG00000122756	1271	SurfaceBind: predicted sites	predicted	0	0	0	NA
HGNC:2171	CNTN1	Q12860	ENSG00000018236	1272	SurfaceBind: predicted sites	predicted	1	0	0	NA
HGNC:21715	PKD1L2	Q7Z442	ENSG00000166473	114780	SurfaceBind: predicted sites	predicted	0	0	0	NA
HGNC:21716	PKD1L3	Q7Z443	ENSG00000277481	342372	SurfaceBind: predicted sites	predicted	0	0	0	NA
HGNC:2172	CNTN2	Q02246	ENSG00000184144	6900	SurfaceBind: predicted sites	predicted	0	0	0	NA
HGNC:2173	CNTN3	Q9P232	ENSG00000113805	5067	SurfaceBind: predicted sites	predicted	0	0	0	NA
HGNC:21732	ANTXR2	P58335	ENSG00000163297	118429	SurfaceBind: predicted sites	predicted	0	0	0	NA
HGNC:2174	CNTN4	Q8IWV2	ENSG00000144619	152330	SurfaceBind: predicted sites	predicted	0	0	0	NA
HGNC:2175	CNTN5	O94779	ENSG00000149972	53942	SurfaceBind: predicted sites	predicted	0	0	0	NA
HGNC:2176	CNTN6	Q9UQ52	ENSG00000134115	27255	SurfaceBind: predicted sites	predicted	0	0	0	NA
HGNC:22036	LSMEM1	Q8N8F7	ENSG00000181016	286006	SurfaceBind: predicted sites	predicted	0	0	0	NA
HGNC:22200	TRIL	Q7L0X0	ENSG00000255690	9865	SurfaceBind: predicted sites	predicted	0	0	0	NA
HGNC:22207	THSD7A	Q9UPZ6	ENSG00000005108	221981	SurfaceBind: predicted sites	predicted	0	0	0	NA
HGNC:22222	TTYH3	Q9C0H2	ENSG00000136295	80727	SurfaceBind: predicted sites	predicted	0	0	0	NA
HGNC:22407	TMEM106B	Q9NUM4	ENSG00000106460	54664	SurfaceBind: predicted sites	predicted	0	0	0	NA
HGNC:22408	ATG9A	Q7Z3C6	ENSG00000198925	79065	SurfaceBind: predicted sites	predicted	0	0	0	NA
HGNC:22981	SLC10A5	Q5PT55	ENSG00000253598	347051	SurfaceBind: predicted sites	predicted	0	0	0	NA
HGNC:23000	TMC7	Q7Z402	ENSG00000170537	79905	SurfaceBind: predicted sites	predicted	0	0	0	NA
HGNC:2301	CPD	O75976	ENSG00000108582	1362	SurfaceBind: predicted sites	predicted	0	0	0	NA
HGNC:23028	DPEP2	Q9H4A9	ENSG00000167261	64174	SurfaceBind: predicted sites	predicted	0	0	0	NA
HGNC:23029	DPEP3	Q9H4B8	ENSG00000141096	64180	SurfaceBind: predicted sites	predicted	0	0	0	NA
HGNC:23038	LMBRD1	Q9NUN5	ENSG00000168216	55788	SurfaceBind: predicted sites	predicted	0	0	0	NA
HGNC:23049	TM7SF3	Q9NS93	ENSG00000064115	51768	SurfaceBind: predicted sites	predicted	0	0	0	NA
HGNC:23053	RTN4RL2	Q86UN3	ENSG00000186907	349667	SurfaceBind: predicted sites	predicted	0	0	0	NA
HGNC:23059	BCAN	Q96GW7	ENSG00000132692	63827	SurfaceBind: predicted sites	predicted	0	0	0	NA
HGNC:23094	SLC16A12	Q6ZSM3	ENSG00000152779	387700	SurfaceBind: predicted sites	predicted	0	0	0	NA
HGNC:23109	FAT4	Q6V0I7	ENSG00000196159	79633	SurfaceBind: predicted sites	predicted	0	0	0	NA
HGNC:2311	CPM	P14384	ENSG00000135678	1368	SurfaceBind: predicted sites	predicted	0	0	0	NA
HGNC:23111	DCHS2	Q6V1P9	ENSG00000197410	54798	SurfaceBind: predicted sites	predicted	0	0	0	NA
HGNC:23112	FAT3	Q8TDW7	ENSG00000165323	120114	SurfaceBind: predicted sites	predicted	0	0	0	NA
HGNC:23137	RNF149	Q8NC42	ENSG00000163162	284996	SurfaceBind: predicted sites	predicted	0	0	0	NA
HGNC:23138	RNF150	Q9ULK6	ENSG00000170153	57484	SurfaceBind: predicted sites	predicted	0	0	0	NA
HGNC:23204	KIRREL3	Q8IZU9	ENSG00000149571	84623	SurfaceBind: predicted sites	predicted	0	0	0	NA
HGNC:23298	TSPAN15	O95858	ENSG00000099282	23555	SurfaceBind: predicted sites	predicted	0	0	0	NA
HGNC:233	ADCY2	Q08462	ENSG00000078295	108	SurfaceBind: predicted sites	predicted	0	0	0	NA
HGNC:23303	TSPAN14	Q8NG11	ENSG00000108219	81619	SurfaceBind: predicted sites	predicted	0	0	0	NA
HGNC:23319	NTNG1	Q9Y2I2	ENSG00000162631	22854	SurfaceBind: predicted sites	predicted	0	0	0	NA
HGNC:2334	CR1	P17927	ENSG00000203710	1378	SurfaceBind: predicted sites	predicted	0	0	0	NA
HGNC:2336	CR2	P20023	ENSG00000117322	1380	SurfaceBind: predicted sites	predicted	1	0	0	NA
HGNC:23379	LRRC19	Q9H756	ENSG00000184434	64922	SurfaceBind: predicted sites	predicted	0	0	0	NA
HGNC:234	ADCY3	O60266	ENSG00000138031	109	SurfaceBind: predicted sites	predicted	0	0	0	NA
HGNC:23404	LRIT1	Q9P2V4	ENSG00000148602	26103	SurfaceBind: predicted sites	predicted	0	0	0	NA
HGNC:23409	ENPP6	Q6UWR7	ENSG00000164303	133121	SurfaceBind: predicted sites	predicted	0	0	0	NA
HGNC:2343	CRB1	P82279	ENSG00000134376	23418	SurfaceBind: predicted sites	predicted	0	0	0	NA
HGNC:23443	LRIT2	A6NDA9	ENSG00000204033	340745	SurfaceBind: predicted sites	predicted	0	0	0	NA
HGNC:23493	CALHM2	Q9HA72	ENSG00000138172	51063	SurfaceBind: predicted sites	predicted	0	0	0	NA
HGNC:23501	SLITRK3	O94933	ENSG00000121871	22865	SurfaceBind: predicted sites	predicted	1	0	0	NA
HGNC:23502	SLITRK4	Q8IW52	ENSG00000179542	139065	SurfaceBind: predicted sites	predicted	1	0	0	NA
HGNC:23503	SLITRK6	Q9H5Y7	ENSG00000184564	84189	SurfaceBind: predicted sites	predicted	1	1	0	NA
HGNC:23522	FAM171A1	Q5VUB5	ENSG00000148468	221061	SurfaceBind: predicted sites	predicted	0	0	0	NA
HGNC:23536	NAALADL1	Q9UQQ1	ENSG00000168060	10004	SurfaceBind: predicted sites	predicted	0	0	0	NA
HGNC:2358	CRHR2	Q13324	ENSG00000106113	1395	SurfaceBind: predicted sites	predicted	1	0	0	NA
HGNC:2359	CRIM1	Q9NZV1	ENSG00000150938	51232	SurfaceBind: predicted sites	predicted	0	0	0	NA
HGNC:23612	SLCO4C1	Q6ZQN7	ENSG00000173930	353189	SurfaceBind: predicted sites	predicted	0	0	0	NA
HGNC:23620	IGFLR1	Q9H665	ENSG00000126246	79713	SurfaceBind: predicted sites	predicted	1	0	0	NA
HGNC:23628	GPR150	Q8NGU9	ENSG00000178015	285601	SurfaceBind: predicted sites	predicted	0	0	0	NA
HGNC:23689	GPR158	Q5T848	ENSG00000151025	57512	SurfaceBind: predicted sites	predicted	0	0	0	NA
HGNC:237	ADCY6	O43306	ENSG00000174233	112	SurfaceBind: predicted sites	predicted	0	0	0	NA
HGNC:23787	TMEM63C	Q9P1W3	ENSG00000165548	57156	SurfaceBind: predicted sites	predicted	0	0	0	NA
HGNC:238	ADCY7	P51828	ENSG00000121281	113	SurfaceBind: predicted sites	predicted	0	0	0	NA
HGNC:240	ADCY9	O60503	ENSG00000162104	115	SurfaceBind: predicted sites	predicted	0	0	0	NA
HGNC:24003	HTR3C	Q8WXA8	ENSG00000178084	170572	SurfaceBind: predicted sites	predicted	1	0	0	NA
HGNC:24004	HTR3D	Q70Z44	ENSG00000186090	200909	SurfaceBind: predicted sites	predicted	1	0	0	NA
HGNC:24005	HTR3E	A5X5Y0	ENSG00000186038	285242	SurfaceBind: predicted sites	predicted	1	0	0	NA
HGNC:24039	CLMP	Q9H6B4	ENSG00000166250	79827	SurfaceBind: predicted sites	predicted	0	0	0	NA
HGNC:24073	AMIGO2	Q86SJ2	ENSG00000139211	347902	SurfaceBind: predicted sites	predicted	0	0	0	NA
HGNC:24075	AMIGO3	Q86WK7	ENSG00000176020	386724	SurfaceBind: predicted sites	predicted	0	0	0	NA
HGNC:24083	MAMDC4	Q6UXC1	ENSG00000177943	158056	SurfaceBind: predicted sites	predicted	0	0	0	NA
HGNC:24090	ATRAID	Q6UW56	ENSG00000138085	51374	SurfaceBind: predicted sites	predicted	0	0	0	NA
HGNC:24113	ATP13A3	Q9H7F0	ENSG00000133657	79572	SurfaceBind: predicted sites	predicted	0	0	0	NA
HGNC:24176	BTNL9	Q6UXG8	ENSG00000165810	153579	SurfaceBind: predicted sites	predicted	0	0	0	NA
HGNC:24225	LY6K	Q17RY6	ENSG00000160886	54742	SurfaceBind: predicted sites	predicted	0	0	0	NA
HGNC:24235	CD200R1	Q8TD46	ENSG00000163606	131450	SurfaceBind: predicted sites	predicted	1	1	0	NA
HGNC:24253	TMED7	Q9Y3B3	ENSG00000134970	51014	SurfaceBind: predicted sites	predicted	0	0	0	NA
HGNC:24295	ESYT3	A0FGR9	ENSG00000158220	83850	SurfaceBind: predicted sites	predicted	0	0	0	NA
HGNC:24313	CRTAM	O95727	ENSG00000109943	56253	SurfaceBind: predicted sites	predicted	1	0	0	NA
HGNC:2432	CSF1	P09603	ENSG00000184371	1435	SurfaceBind: predicted sites	predicted	1	1	0	NA
HGNC:2433	CSF1R	P07333	ENSG00000182578	1436	SurfaceBind: predicted sites	predicted	1	1	0	NA
HGNC:24331	MALRD1	Q5VYJ5	ENSG00000204740	340895	SurfaceBind: predicted sites	predicted	0	0	0	NA
HGNC:2435	CSF2RA	P15509	ENSG00000198223	1438	SurfaceBind: predicted sites	predicted	0	1	0	NA
HGNC:24355	CLEC1A	Q8NC01	ENSG00000150048	51267	SurfaceBind: predicted sites	predicted	0	0	0	NA
HGNC:24356	CLEC1B	Q9P126	ENSG00000165682	51266	SurfaceBind: predicted sites	predicted	0	0	0	NA
HGNC:24357	CDCP1	Q9H5V8	ENSG00000163814	64866	SurfaceBind: predicted sites	predicted	0	0	0	NA
HGNC:2436	CSF2RB	P32927	ENSG00000100368	1439	SurfaceBind: predicted sites	predicted	0	1	0	NA
HGNC:2439	CSF3R	Q99062	ENSG00000119535	1441	SurfaceBind: predicted sites	predicted	1	1	0	NA
HGNC:24456	DNER	Q8NFT8	ENSG00000187957	92737	SurfaceBind: predicted sites	predicted	0	0	0	NA
HGNC:24519	TCTN3	Q6NUS6	ENSG00000119977	26123	SurfaceBind: predicted sites	predicted	0	0	0	NA
HGNC:24522	TMEM87A	Q8NBN3	ENSG00000103978	25963	SurfaceBind: predicted sites	predicted	0	0	0	NA
HGNC:24544	RNF167	Q9H6Y7	ENSG00000108523	26001	SurfaceBind: predicted sites	predicted	0	0	0	NA
HGNC:24591	CLEC4G	Q6UXB4	ENSG00000182566	339390	SurfaceBind: predicted sites	predicted	0	0	0	NA
HGNC:24627	DCBLD2	Q96PD2	ENSG00000057019	131566	SurfaceBind: predicted sites	predicted	0	0	0	NA
HGNC:2466	CSPG4	Q6UVK1	ENSG00000173546	1464	SurfaceBind: predicted sites	predicted	1	0	0	NA
HGNC:24665	CD200R1L	Q6Q8B3	ENSG00000206531	344807	SurfaceBind: predicted sites	predicted	0	0	0	NA
HGNC:2467	CSPG5	O95196	ENSG00000114646	10675	SurfaceBind: predicted sites	predicted	0	0	0	NA
HGNC:24692	FCAMR	Q8WWV6	ENSG00000162897	83953	SurfaceBind: predicted sites	predicted	0	0	0	NA
HGNC:24718	TMX3	Q96JJ7	ENSG00000166479	54495	SurfaceBind: predicted sites	predicted	0	0	0	NA
HGNC:24776	PTCHD3	Q3KNS1	ENSG00000182077	374308	SurfaceBind: predicted sites	predicted	0	0	0	NA
HGNC:24783	LRIT3	Q3SXY7	ENSG00000183423	345193	SurfaceBind: predicted sites	predicted	0	0	0	NA
HGNC:24827	HCAR2	Q8TDS4	ENSG00000182782	338442	SurfaceBind: predicted sites	predicted	0	0	0	NA
HGNC:24836	KIAA1549L	Q6ZVL6	ENSG00000110427	25758	SurfaceBind: predicted sites	predicted	0	0	0	NA
HGNC:24851	SIGLEC16	A6NMB1	ENSG00000161643	400709	SurfaceBind: predicted sites	predicted	0	0	0	NA
HGNC:24879	CEACAM20	Q6UY09	ENSG00000273777	125931	SurfaceBind: predicted sites	predicted	0	0	0	NA
HGNC:24880	LYPD3	O95274	ENSG00000124466	27076	SurfaceBind: predicted sites	predicted	0	1	0	NA
HGNC:24942	PIK3IP1	Q96FE7	ENSG00000100100	113791	SurfaceBind: predicted sites	predicted	0	0	0	NA
HGNC:24943	FAM174A	Q8TBP5	ENSG00000174132	345757	SurfaceBind: predicted sites	predicted	0	0	0	NA
HGNC:24945	GPIHBP1	Q8IV16	ENSG00000277494	338328	SurfaceBind: predicted sites	predicted	0	0	0	NA
HGNC:25023	LRTM1	Q9HBL6	ENSG00000144771	57408	SurfaceBind: predicted sites	predicted	0	0	0	NA
HGNC:25042	LRRC4B	Q9NT99	ENSG00000131409	94030	SurfaceBind: predicted sites	predicted	1	0	0	NA
HGNC:2505	CTLA4	P16410	ENSG00000163599	1493	SurfaceBind: predicted sites	predicted	1	1	0	NA
HGNC:25084	TMEM116	Q8NCL8	ENSG00000198270	89894	SurfaceBind: predicted sites	predicted	0	0	0	NA
HGNC:25102	TP53I13	Q8NBR0	ENSG00000167543	90313	SurfaceBind: predicted sites	predicted	0	0	0	NA
HGNC:25132	TIMD4	Q96H15	ENSG00000145850	91937	SurfaceBind: predicted sites	predicted	0	0	0	NA
HGNC:25201	TMEM219	Q86XT9	ENSG00000149932	124446	SurfaceBind: predicted sites	predicted	1	1	0	NA
HGNC:25215	LYPD2	Q6UXB3	ENSG00000197353	137797	SurfaceBind: predicted sites	predicted	0	0	0	NA
HGNC:25237	TMX4	Q9H1E5	ENSG00000125827	56255	SurfaceBind: predicted sites	predicted	0	0	0	NA
HGNC:25240	ANO6	Q4KMQ2	ENSG00000177119	196527	SurfaceBind: predicted sites	predicted	0	0	0	NA
HGNC:25243	CATSPERG	Q6ZRH7	ENSG00000099338	57828	SurfaceBind: predicted sites	predicted	0	0	0	NA
HGNC:25287	LMBRD2	Q68DH5	ENSG00000164187	92255	SurfaceBind: predicted sites	predicted	0	0	0	NA
HGNC:25396	FREM2	Q5SZK8	ENSG00000150893	341640	SurfaceBind: predicted sites	predicted	0	0	0	NA
HGNC:25398	TMPRSS11B	Q86T26	ENSG00000185873	132724	SurfaceBind: predicted sites	predicted	0	0	0	NA
HGNC:25413	SUSD1	Q6UWL2	ENSG00000106868	64420	SurfaceBind: predicted sites	predicted	0	0	0	NA
HGNC:25436	TMEM132C	Q8N3T6	ENSG00000181234	92293	SurfaceBind: predicted sites	predicted	0	0	0	NA
HGNC:25470	SUSD4	Q5VX71	ENSG00000143502	55061	SurfaceBind: predicted sites	predicted	0	0	0	NA
HGNC:25505	MANSC1	Q9H8J5	ENSG00000111261	54682	SurfaceBind: predicted sites	predicted	0	0	0	NA
HGNC:2559	CXADR	P78310	ENSG00000154639	1525	SurfaceBind: predicted sites	predicted	0	0	0	NA
HGNC:25774	TCTN2	Q96GX1	ENSG00000168778	79867	SurfaceBind: predicted sites	predicted	0	0	0	NA
HGNC:2578	CYBB	P04839	ENSG00000165168	1536	SurfaceBind: predicted sites	predicted	0	0	0	NA
HGNC:25890	TMEM25	Q86YD3	ENSG00000149582	84866	SurfaceBind: predicted sites	predicted	0	0	0	NA
HGNC:25913	TMEM87B	Q96K49	ENSG00000153214	84910	SurfaceBind: predicted sites	predicted	0	0	0	NA
HGNC:25974	GDPD2	Q9HCC8	ENSG00000130055	54857	SurfaceBind: predicted sites	predicted	0	0	0	NA
HGNC:26020	TMEM161A	Q9NX61	ENSG00000064545	54929	SurfaceBind: predicted sites	predicted	0	0	0	NA
HGNC:26078	VSIG10	Q8N0Z9	ENSG00000176834	54621	SurfaceBind: predicted sites	predicted	0	0	0	NA
HGNC:262	ADORA1	P30542	ENSG00000163485	134	SurfaceBind: predicted sites	predicted	1	0	0	NA
HGNC:26269	TMEM62	Q0P6H9	ENSG00000137842	80021	SurfaceBind: predicted sites	predicted	0	0	0	NA
HGNC:26308	CDHR3	Q6ZTQ4	ENSG00000128536	222256	SurfaceBind: predicted sites	predicted	0	0	0	NA
HGNC:26361	HEPACAM	Q14CZ8	ENSG00000165478	220296	SurfaceBind: predicted sites	predicted	0	0	0	NA
HGNC:26366	FAM187B	Q17R55	ENSG00000177558	148109	SurfaceBind: predicted sites	predicted	0	0	0	NA
HGNC:26373	PRTG	Q2VWP7	ENSG00000166450	283659	SurfaceBind: predicted sites	predicted	0	0	0	NA
HGNC:26391	TMEM182	Q6ZP80	ENSG00000170417	130827	SurfaceBind: predicted sites	predicted	0	0	0	NA
HGNC:26392	PTCHD1	Q96NR3	ENSG00000165186	139411	SurfaceBind: predicted sites	predicted	0	0	0	NA
HGNC:26397	LYPD5	Q6UWN5	ENSG00000159871	284348	SurfaceBind: predicted sites	predicted	0	0	0	NA
HGNC:264	ADORA2B	P29275	ENSG00000170425	136	SurfaceBind: predicted sites	predicted	1	0	0	NA
HGNC:26470	VSTM4	Q8IW00	ENSG00000165633	196740	SurfaceBind: predicted sites	predicted	0	0	0	NA
HGNC:26489	TMEM154	Q6P9G4	ENSG00000170006	201799	SurfaceBind: predicted sites	predicted	0	0	0	NA
HGNC:26501	ERVV-1	B6SEH8	ENSG00000269526	147664	SurfaceBind: predicted sites	predicted	0	0	0	NA
HGNC:26559	ZFYVE27	Q5T4F4	ENSG00000155256	118813	SurfaceBind: predicted sites	predicted	0	0	0	NA
HGNC:2665	CD55	P08174	ENSG00000196352	1604	SurfaceBind: predicted sites	predicted	1	0	0	NA
HGNC:26656	MFSD6L	Q8IWD5	ENSG00000185156	162387	SurfaceBind: predicted sites	predicted	0	0	0	NA
HGNC:2666	DAG1	Q14118	ENSG00000173402	1605	SurfaceBind: predicted sites	predicted	1	0	0	NA
HGNC:26705	CLEC9A	Q6UXN8	ENSG00000197992	283420	SurfaceBind: predicted sites	predicted	0	0	0	NA
HGNC:26808	DYNAP	Q8N1N2	ENSG00000178690	284254	SurfaceBind: predicted sites	predicted	0	0	0	NA
HGNC:26838	TIGIT	Q495A1	ENSG00000181847	201633	SurfaceBind: predicted sites	predicted	1	1	0	NA
HGNC:26856	SIGLECL1	Q8N7X8	ENSG00000179213	284369	SurfaceBind: predicted sites	predicted	0	0	0	NA
HGNC:26879	PLD5	Q8N7P1	ENSG00000180287	200150	SurfaceBind: predicted sites	predicted	0	0	0	NA
HGNC:26896	RGMB	Q6NW40	ENSG00000174136	285704	SurfaceBind: predicted sites	predicted	0	0	0	NA
HGNC:26912	TMEM145	Q8NBT3	ENSG00000167619	284339	SurfaceBind: predicted sites	predicted	0	0	0	NA
HGNC:26969	LYSMD3	Q7Z3D4	ENSG00000176018	116068	SurfaceBind: predicted sites	predicted	0	0	0	NA
HGNC:26991	TMEM132E	Q6IEE7	ENSG00000181291	124842	SurfaceBind: predicted sites	predicted	0	0	0	NA
HGNC:27005	LRRC38	Q5VT99	ENSG00000162494	126755	SurfaceBind: predicted sites	predicted	0	0	0	NA
HGNC:2701	DCC	P43146	ENSG00000187323	1630	SurfaceBind: predicted sites	predicted	1	0	0	NA
HGNC:27013	TRABD2A	Q86V40	ENSG00000186854	129293	SurfaceBind: predicted sites	predicted	0	0	0	NA
HGNC:27018	LYPD6B	Q8NI32	ENSG00000150556	130576	SurfaceBind: predicted sites	predicted	0	0	0	NA
HGNC:27022	ZPLD1	Q8TCW7	ENSG00000170044	131368	SurfaceBind: predicted sites	predicted	0	0	0	NA
HGNC:27046	LDLRAD3	Q86YD5	ENSG00000179241	143458	SurfaceBind: predicted sites	predicted	0	0	0	NA
HGNC:2707	ACE	P12821	ENSG00000159640	1636	SurfaceBind: predicted sites	predicted	0	0	0	NA
HGNC:2709	DCT	P40126	ENSG00000080166	1638	SurfaceBind: predicted sites	predicted	0	0	0	NA
HGNC:27111	VSIG10L	Q86VR7	ENSG00000186806	147645	SurfaceBind: predicted sites	predicted	0	0	0	NA
HGNC:27139	SHISA4	Q96DD7	ENSG00000198892	149345	SurfaceBind: predicted sites	predicted	0	0	0	NA
HGNC:27194	NIPAL1	Q6NVV3	ENSG00000163293	152519	SurfaceBind: predicted sites	predicted	0	0	0	NA
HGNC:2730	DDR1	Q08345	ENSG00000204580	780	SurfaceBind: predicted sites	predicted	0	0	0	NA
HGNC:2731	DDR2	Q16832	ENSG00000162733	4921	SurfaceBind: predicted sites	predicted	0	0	0	NA
HGNC:27337	ANO5	Q75V66	ENSG00000171714	203859	SurfaceBind: predicted sites	predicted	0	0	0	NA
HGNC:27364	HEPACAM2	A8MVW5	ENSG00000188175	253012	SurfaceBind: predicted sites	predicted	0	0	0	NA
HGNC:27379	RELL1	Q8IUW5	ENSG00000181826	768211	SurfaceBind: predicted sites	predicted	0	0	0	NA
HGNC:27570	MILR1	Q7Z6M3	ENSG00000271605	284021	SurfaceBind: predicted sites	predicted	0	0	0	NA
HGNC:27596	SIGLEC15	Q6ZMC9	ENSG00000197046	284266	SurfaceBind: predicted sites	predicted	1	1	0	NA
HGNC:27898	TMEM95	Q3KNT9	ENSG00000182896	339168	SurfaceBind: predicted sites	predicted	0	0	0	NA
HGNC:281	ADRA2A	P08913	ENSG00000150594	150	SurfaceBind: predicted sites	predicted	1	0	0	NA
HGNC:28105	LRRC3B	Q96PB8	ENSG00000179796	116135	SurfaceBind: predicted sites	predicted	0	0	0	NA
HGNC:28156	SLC61A1	Q6N075	ENSG00000182544	84975	SurfaceBind: predicted sites	predicted	0	0	0	NA
HGNC:28288	TMEM106A	Q96A25	ENSG00000184988	113277	SurfaceBind: predicted sites	predicted	0	0	0	NA
HGNC:283	ADRA2C	P18825	ENSG00000184160	152	SurfaceBind: predicted sites	predicted	1	0	0	NA
HGNC:28324	TMIGD2	Q96BF3	ENSG00000167664	126259	SurfaceBind: predicted sites	predicted	0	0	0	NA
HGNC:28370	LRFN3	Q9BTN0	ENSG00000126243	79414	SurfaceBind: predicted sites	predicted	0	0	0	NA
HGNC:28391	SUSD3	Q96L08	ENSG00000157303	203328	SurfaceBind: predicted sites	predicted	0	0	0	NA
HGNC:28396	TMEM67	Q5HYA8	ENSG00000164953	91147	SurfaceBind: predicted sites	predicted	0	0	0	NA
HGNC:28431	LYPD1	Q8N2G4	ENSG00000150551	116372	SurfaceBind: predicted sites	predicted	0	0	0	NA
HGNC:2845	DGCR2	P98153	ENSG00000070413	9993	SurfaceBind: predicted sites	predicted	0	0	0	NA
HGNC:28456	LRFN4	Q6PJG9	ENSG00000173621	78999	SurfaceBind: predicted sites	predicted	1	0	0	NA
HGNC:28517	TMEM178A	Q8NBL3	ENSG00000152154	130733	SurfaceBind: predicted sites	predicted	0	0	0	NA
HGNC:28598	CATSPERD	Q86XM0	ENSG00000174898	257062	SurfaceBind: predicted sites	predicted	0	0	0	NA
HGNC:28659	LYPD4	Q6UWN0	ENSG00000273111	147719	SurfaceBind: predicted sites	predicted	0	0	0	NA
HGNC:28675	VSIG1	Q86XK7	ENSG00000101842	340547	SurfaceBind: predicted sites	predicted	0	0	0	NA
HGNC:28689	SLC44A3	Q8N4M1	ENSG00000143036	126969	SurfaceBind: predicted sites	predicted	0	0	0	NA
HGNC:28701	SCARA5	Q6ZMJ2	ENSG00000168079	286133	SurfaceBind: predicted sites	predicted	1	0	0	NA
HGNC:28741	ILDR1	Q86SU0	ENSG00000145103	286676	SurfaceBind: predicted sites	predicted	0	0	0	NA
HGNC:28743	TSPAN33	Q86UF1	ENSG00000158457	340348	SurfaceBind: predicted sites	predicted	0	0	0	NA
HGNC:28797	TMEM184A	Q6ZMB5	ENSG00000164855	202915	SurfaceBind: predicted sites	predicted	0	0	0	NA
HGNC:28804	GDPD5	Q8WTR4	ENSG00000158555	81544	SurfaceBind: predicted sites	predicted	0	0	0	NA
HGNC:28834	CEACAM21	Q3KPI0	ENSG00000007129	90273	SurfaceBind: predicted sites	predicted	0	0	0	NA
HGNC:28873	VTCN1	Q7Z7D3	ENSG00000134258	79679	SurfaceBind: predicted sites	predicted	0	1	0	NA
HGNC:28874	CD300E	Q496F6	ENSG00000186407	342510	SurfaceBind: predicted sites	predicted	0	0	0	NA
HGNC:28923	DAGLB	Q8NCG7	ENSG00000164535	221955	SurfaceBind: predicted sites	predicted	0	0	0	NA
HGNC:28947	LRRC24	Q50LG9	ENSG00000254402	441381	SurfaceBind: predicted sites	predicted	0	0	0	NA
HGNC:2895	EDAR	Q9UNE0	ENSG00000135960	10913	SurfaceBind: predicted sites	predicted	0	0	0	NA
HGNC:28993	PIEZO1	Q92508	ENSG00000103335	9780	SurfaceBind: predicted sites	predicted	0	0	0	NA
HGNC:29	ABCA1	O95477	ENSG00000165029	19	SurfaceBind: predicted sites	predicted	1	0	0	NA
HGNC:29061	SUSD5	O60279	ENSG00000173705	26032	SurfaceBind: predicted sites	predicted	0	0	0	NA
HGNC:29063	ATRNL1	Q5VV63	ENSG00000107518	26033	SurfaceBind: predicted sites	predicted	0	0	0	NA
HGNC:29069	LRRC37A	A6NMS7	ENSG00000176681	9884	SurfaceBind: predicted sites	predicted	0	0	0	NA
HGNC:2907	DLK1	P80370	ENSG00000185559	8788	SurfaceBind: predicted sites	predicted	1	0	0	NA
HGNC:29070	LRRC37B	Q96QE4	ENSG00000185158	114659	SurfaceBind: predicted sites	predicted	0	0	0	NA
HGNC:2908	DLL1	O00548	ENSG00000198719	28514	SurfaceBind: predicted sites	predicted	1	0	0	NA
HGNC:29083	MFAP3L	O75121	ENSG00000198948	9848	SurfaceBind: predicted sites	predicted	0	0	0	NA
HGNC:2909	DLL3	Q9NYJ7	ENSG00000090932	10683	SurfaceBind: predicted sites	predicted	1	1	0	NA
HGNC:2910	DLL4	Q9NR61	ENSG00000128917	54567	SurfaceBind: predicted sites	predicted	1	1	0	NA
HGNC:29118	TMEM63A	O94886	ENSG00000196187	9725	SurfaceBind: predicted sites	predicted	0	0	0	NA
HGNC:29146	TMEM131L	A2VDJ0	ENSG00000121210	23240	SurfaceBind: predicted sites	predicted	0	0	0	NA
HGNC:29227	HEG1	Q9ULI3	ENSG00000173706	57493	SurfaceBind: predicted sites	predicted	0	0	0	NA
HGNC:29286	ISLR2	Q6UXK2	ENSG00000167178	57611	SurfaceBind: predicted sites	predicted	0	0	0	NA
HGNC:29290	LRFN1	Q9P244	ENSG00000128011	57622	SurfaceBind: predicted sites	predicted	0	0	0	NA
HGNC:29314	CACHD1	Q5VU97	ENSG00000158966	57685	SurfaceBind: predicted sites	predicted	0	0	0	NA
HGNC:29317	LRRC4C	Q9HCJ2	ENSG00000148948	57689	SurfaceBind: predicted sites	predicted	1	0	0	NA
HGNC:29348	THSD7B	Q9C0I4	ENSG00000144229	80731	SurfaceBind: predicted sites	predicted	0	0	0	NA
HGNC:29396	ELFN2	Q5R3F8	ENSG00000166897	114794	SurfaceBind: predicted sites	predicted	0	0	0	NA
HGNC:29397	TMEM132B	Q14DG7	ENSG00000139364	114795	SurfaceBind: predicted sites	predicted	0	0	0	NA
HGNC:29411	TMEM132D	Q14C87	ENSG00000151952	121256	SurfaceBind: predicted sites	predicted	0	0	0	NA
HGNC:29412	FAM171B	Q6P995	ENSG00000144369	165215	SurfaceBind: predicted sites	predicted	0	0	0	NA
HGNC:29455	VSTM1	Q6UX27	ENSG00000189068	284415	SurfaceBind: predicted sites	predicted	0	0	0	NA
HGNC:29471	LAYN	Q6UX15	ENSG00000204381	143903	SurfaceBind: predicted sites	predicted	0	0	0	NA
HGNC:29514	GLDN	Q6ZMI3	ENSG00000186417	342035	SurfaceBind: predicted sites	predicted	0	0	0	NA
HGNC:29619	MPEG1	Q2M385	ENSG00000197629	219972	SurfaceBind: predicted sites	predicted	0	0	0	NA
HGNC:29634	MEGF10	Q96KG7	ENSG00000145794	84466	SurfaceBind: predicted sites	predicted	0	0	0	NA
HGNC:29635	MEGF11	A6BM72	ENSG00000157890	84465	SurfaceBind: predicted sites	predicted	0	0	0	NA
HGNC:29806	LRRC25	Q8N386	ENSG00000175489	126364	SurfaceBind: predicted sites	predicted	0	0	0	NA
HGNC:29808	TMPRSS13	Q9BYE2	ENSG00000137747	84000	SurfaceBind: predicted sites	predicted	0	0	0	NA
HGNC:29811	NRN1L	Q496H8	ENSG00000188038	123904	SurfaceBind: predicted sites	predicted	0	0	0	NA
HGNC:29849	CADM2	Q8N3J6	ENSG00000175161	253559	SurfaceBind: predicted sites	predicted	0	0	0	NA
HGNC:29862	NRG4	Q8WWG1	ENSG00000169752	145957	SurfaceBind: predicted sites	predicted	1	0	0	NA
HGNC:29866	NFASC	O94856	ENSG00000163531	23114	SurfaceBind: predicted sites	predicted	0	0	0	NA
HGNC:29872	NFAM1	Q8NET5	ENSG00000235568	150372	SurfaceBind: predicted sites	predicted	0	0	0	NA
HGNC:29883	CD300LF	Q8TDQ1	ENSG00000186074	146722	SurfaceBind: predicted sites	predicted	0	0	0	NA
HGNC:29915	NUP210L	Q5VU65	ENSG00000143552	91181	SurfaceBind: predicted sites	predicted	0	0	0	NA
HGNC:29943	TENM2	Q9NT68	ENSG00000145934	57451	SurfaceBind: predicted sites	predicted	1	0	0	NA
HGNC:29944	TENM3	Q9P273	ENSG00000218336	55714	SurfaceBind: predicted sites	predicted	1	0	0	NA
HGNC:29945	TENM4	Q6N022	ENSG00000149256	26011	SurfaceBind: predicted sites	predicted	1	0	0	NA
HGNC:29956	SLC51B	Q86UW2	ENSG00000186198	123264	SurfaceBind: predicted sites	predicted	0	0	0	NA
HGNC:3002	DPEP1	P16444	ENSG00000015413	1800	SurfaceBind: predicted sites	predicted	0	0	0	NA
HGNC:30041	PLB1	Q6P1J6	ENSG00000163803	151056	SurfaceBind: predicted sites	predicted	0	0	0	NA
HGNC:30052	NUP210	Q8TEM1	ENSG00000132182	23225	SurfaceBind: predicted sites	predicted	0	0	0	NA
HGNC:30053	PLET1	Q6UQ28	ENSG00000188771	349633	SurfaceBind: predicted sites	predicted	0	0	0	NA
HGNC:30057	GPR171	O14626	ENSG00000174946	29909	SurfaceBind: predicted sites	predicted	0	0	0	NA
HGNC:30072	CD177	Q8N6Q3	ENSG00000204936	57126	SurfaceBind: predicted sites	predicted	1	0	0	NA
HGNC:3009	DPP4	P27487	ENSG00000197635	1803	SurfaceBind: predicted sites	predicted	1	1	0	NA
HGNC:3010	DPP6	P42658	ENSG00000130226	1804	SurfaceBind: predicted sites	predicted	0	0	0	NA
HGNC:3018	SLC26A3	P40879	ENSG00000091138	1811	SurfaceBind: predicted sites	predicted	0	0	0	NA
HGNC:3020	DRD1	P21728	ENSG00000184845	1812	SurfaceBind: predicted sites	predicted	1	0	0	NA
HGNC:3023	DRD2	P14416	ENSG00000149295	1813	SurfaceBind: predicted sites	predicted	1	0	0	NA
HGNC:30249	QSOX2	Q6ZRP7	ENSG00000165661	169714	SurfaceBind: predicted sites	predicted	0	0	0	NA
HGNC:30293	TMEM158	Q8WZ71	ENSG00000249992	25907	SurfaceBind: predicted sites	predicted	0	0	0	NA
HGNC:30308	RGMA	Q96B86	ENSG00000182175	56963	SurfaceBind: predicted sites	predicted	0	1	0	NA
HGNC:3035	DSC1	Q08554	ENSG00000134765	1823	SurfaceBind: predicted sites	predicted	1	0	0	NA
HGNC:3036	DSC2	Q02487	ENSG00000134755	1824	SurfaceBind: predicted sites	predicted	1	0	0	NA
HGNC:3037	DSC3	Q14574	ENSG00000134762	1825	SurfaceBind: predicted sites	predicted	1	0	0	NA
HGNC:30375	CD163L1	Q9NR16	ENSG00000177675	283316	SurfaceBind: predicted sites	predicted	0	0	0	NA
HGNC:3039	DSCAM	O60469	ENSG00000171587	1826	SurfaceBind: predicted sites	predicted	1	0	0	NA
HGNC:30455	CD300LG	Q6UXG3	ENSG00000161649	146894	SurfaceBind: predicted sites	predicted	0	0	0	NA
HGNC:30465	EMB	Q6PCB8	ENSG00000170571	133418	SurfaceBind: predicted sites	predicted	0	0	0	NA
HGNC:30477	HEPHL1	Q6MZM0	ENSG00000181333	341208	SurfaceBind: predicted sites	predicted	0	0	0	NA
HGNC:3048	DSG1	Q02413	ENSG00000134760	1828	SurfaceBind: predicted sites	predicted	1	0	0	NA
HGNC:30480	FAM171A2	A8MVW0	ENSG00000161682	284069	SurfaceBind: predicted sites	predicted	0	0	0	NA
HGNC:3049	DSG2	Q14126	ENSG00000046604	1829	SurfaceBind: predicted sites	predicted	1	0	0	NA
HGNC:3050	DSG3	P32926	ENSG00000134757	1830	SurfaceBind: predicted sites	predicted	0	0	0	NA
HGNC:30575	SIGIRR	Q6IA17	ENSG00000185187	59307	SurfaceBind: predicted sites	predicted	0	0	0	NA
HGNC:3062	DUOX1	Q9NRD9	ENSG00000137857	53905	SurfaceBind: predicted sites	predicted	0	0	0	NA
HGNC:30667	SUSD2	Q9UGT4	ENSG00000099994	56241	SurfaceBind: predicted sites	predicted	1	0	0	NA
HGNC:30670	SV2C	Q496J9	ENSG00000122012	22987	SurfaceBind: predicted sites	predicted	0	0	0	NA
HGNC:30697	ITFG1	Q8TB96	ENSG00000129636	81533	SurfaceBind: predicted sites	predicted	0	0	0	NA
HGNC:30698	TRAT1	Q6PIZ9	ENSG00000163519	50852	SurfaceBind: predicted sites	predicted	0	0	0	NA
HGNC:30715	PRSS41	Q7RTY9	ENSG00000215148	360226	SurfaceBind: predicted sites	predicted	0	0	0	NA
HGNC:30722	TEX101	Q9BY14	ENSG00000131126	83639	SurfaceBind: predicted sites	predicted	0	0	0	NA
HGNC:30748	TRHDE	Q9UKU6	ENSG00000072657	29953	SurfaceBind: predicted sites	predicted	0	0	0	NA
HGNC:30795	TSPAN11	A1L157	ENSG00000110900	441631	SurfaceBind: predicted sites	predicted	0	0	0	NA
HGNC:30825	CADM4	Q8NFZ8	ENSG00000105767	199731	SurfaceBind: predicted sites	predicted	1	0	0	NA
HGNC:30843	CD302	Q8IX05	ENSG00000241399	9936	SurfaceBind: predicted sites	predicted	0	0	0	NA
HGNC:30844	SEZ6L2	Q6UXD5	ENSG00000174938	26470	SurfaceBind: predicted sites	predicted	0	0	0	NA
HGNC:30991	LRIG3	Q6UXM1	ENSG00000139263	121227	SurfaceBind: predicted sites	predicted	0	0	0	NA
HGNC:31092	TMEM132A	Q24JP5	ENSG00000006118	54972	SurfaceBind: predicted sites	predicted	0	0	0	NA
HGNC:31257	OR2T35	Q8NGX2	ENSG00000177151	403244	SurfaceBind: predicted sites	predicted	0	0	0	NA
HGNC:3128	GPR183	P32249	ENSG00000169508	1880	SurfaceBind: predicted sites	predicted	0	0	0	NA
HGNC:31305	OR6C76	A6NM76	ENSG00000185821	390326	SurfaceBind: predicted sites	predicted	0	0	0	NA
HGNC:31371	GPR179	Q6PRD1	ENSG00000277399	440435	SurfaceBind: predicted sites	predicted	0	0	0	NA
HGNC:31421	IZUMO3	Q5VZ72	ENSG00000205442	100129669	SurfaceBind: predicted sites	predicted	0	0	0	NA
HGNC:3145	TRPV5	Q9NQA5	ENSG00000127412	56302	SurfaceBind: predicted sites	predicted	0	0	0	NA
HGNC:3146	ECE1	P42892	ENSG00000117298	1889	SurfaceBind: predicted sites	predicted	0	0	0	NA
HGNC:3157	EDA	Q92838	ENSG00000158813	1896	SurfaceBind: predicted sites	predicted	0	0	0	NA
HGNC:31677	ANO7	Q6IWH7	ENSG00000146205	50636	SurfaceBind: predicted sites	predicted	0	0	0	NA
HGNC:31708	LRP12	Q9Y561	ENSG00000147650	29967	SurfaceBind: predicted sites	predicted	0	0	0	NA
HGNC:31713	CLEC12A	Q5QGZ9	ENSG00000172322	160364	SurfaceBind: predicted sites	predicted	0	1	0	NA
HGNC:31789	ATP13A5	Q4VNC0	ENSG00000187527	344905	SurfaceBind: predicted sites	predicted	0	0	0	NA
HGNC:31814	LINGO4	Q6UY18	ENSG00000213171	339398	SurfaceBind: predicted sites	predicted	0	0	0	NA
HGNC:31910	FCRL6	Q6DN72	ENSG00000181036	343413	SurfaceBind: predicted sites	predicted	0	0	0	NA
HGNC:31951	CEACAM19	Q7Z692	ENSG00000186567	56971	SurfaceBind: predicted sites	predicted	0	0	0	NA
HGNC:31966	CLEC12B	Q2HXU8	ENSG00000256660	387837	SurfaceBind: predicted sites	predicted	0	0	0	NA
HGNC:32	ABCA2	Q9BZC7	ENSG00000107331	20	SurfaceBind: predicted sites	predicted	0	0	0	NA
HGNC:320	AGER	Q15109	ENSG00000204305	177	SurfaceBind: predicted sites	predicted	0	0	0	NA
HGNC:32035	CNTNAP3B	Q96NU0	ENSG00000154529	728577	SurfaceBind: predicted sites	predicted	0	0	0	NA
HGNC:32156	LRRC52	Q8N7C0	ENSG00000162763	440699	SurfaceBind: predicted sites	predicted	0	0	0	NA
HGNC:3221	EFNA1	P20827	ENSG00000169242	1942	SurfaceBind: predicted sites	predicted	1	0	0	NA
HGNC:3222	EFNA2	O43921	ENSG00000099617	1943	SurfaceBind: predicted sites	predicted	1	0	0	NA
HGNC:3223	EFNA3	P52797	ENSG00000143590	1944	SurfaceBind: predicted sites	predicted	1	0	0	NA
HGNC:3224	EFNA4	P52798	ENSG00000243364	1945	SurfaceBind: predicted sites	predicted	1	0	0	NA
HGNC:3225	EFNA5	P52803	ENSG00000184349	1946	SurfaceBind: predicted sites	predicted	1	0	0	NA
HGNC:3226	EFNB1	P98172	ENSG00000090776	1947	SurfaceBind: predicted sites	predicted	1	0	0	NA
HGNC:3227	EFNB2	P52799	ENSG00000125266	1948	SurfaceBind: predicted sites	predicted	1	0	0	NA
HGNC:3228	EFNB3	Q15768	ENSG00000108947	1949	SurfaceBind: predicted sites	predicted	1	0	0	NA
HGNC:3229	EGF	P01133	ENSG00000138798	1950	SurfaceBind: predicted sites	predicted	1	0	0	NA
HGNC:3230	CELSR3	Q9NYQ7	ENSG00000008300	1951	SurfaceBind: predicted sites	predicted	1	0	0	NA
HGNC:3231	CELSR2	Q9HCU4	ENSG00000143126	1952	SurfaceBind: predicted sites	predicted	0	0	0	NA
HGNC:32326	IGSF9B	Q9UPX0	ENSG00000080854	22997	SurfaceBind: predicted sites	predicted	0	0	0	NA
HGNC:3233	MEGF8	Q7Z7M0	ENSG00000105429	1954	SurfaceBind: predicted sites	predicted	0	0	0	NA
HGNC:3234	MEGF9	Q9H1U4	ENSG00000106780	1955	SurfaceBind: predicted sites	predicted	0	0	0	NA
HGNC:3236	EGFR	P00533	ENSG00000146648	1956	SurfaceBind: predicted sites	predicted	1	1	0	NA
HGNC:32404	LRRC37A2	A6NM11	ENSG00000238083	474170	SurfaceBind: predicted sites	predicted	0	0	0	NA
HGNC:32411	SCART1	Q4G0T1	ENSG00000214279	619207	SurfaceBind: predicted sites	predicted	0	0	0	NA
HGNC:32427	LRRC37A3	O60309	ENSG00000176809	374819	SurfaceBind: predicted sites	predicted	0	0	0	NA
HGNC:32431	TMIGD1	Q6UXZ0	ENSG00000182271	388364	SurfaceBind: predicted sites	predicted	0	0	0	NA
HGNC:32443	LRTM2	Q8N967	ENSG00000166159	654429	SurfaceBind: predicted sites	predicted	0	0	0	NA
HGNC:32565	IZUMO1R	A6ND01	ENSG00000183560	390243	SurfaceBind: predicted sites	predicted	0	0	0	NA
HGNC:32789	GFRAL	Q6UXV0	ENSG00000187871	389400	SurfaceBind: predicted sites	predicted	0	0	0	NA
HGNC:32926	SIGLEC14	Q08ET2	ENSG00000254415	100049587	SurfaceBind: predicted sites	predicted	0	0	0	NA
HGNC:32935	SLC22A25	Q6T423	ENSG00000196600	387601	SurfaceBind: predicted sites	predicted	0	0	0	NA
HGNC:33	ABCA3	Q99758	ENSG00000167972	21	SurfaceBind: predicted sites	predicted	0	0	0	NA
HGNC:33154	ELFN1	P0C7U0	ENSG00000225968	392617	SurfaceBind: predicted sites	predicted	0	0	0	NA
HGNC:3334	EMP2	P54851	ENSG00000213853	2013	SurfaceBind: predicted sites	predicted	0	0	0	NA
HGNC:3349	ENG	P17813	ENSG00000106991	2022	SurfaceBind: predicted sites	predicted	0	1	0	NA
HGNC:33547	FNDC9	Q8TBE3	ENSG00000172568	408263	SurfaceBind: predicted sites	predicted	0	0	0	NA
HGNC:3355	ENPEP	Q07075	ENSG00000138792	2028	SurfaceBind: predicted sites	predicted	0	0	0	NA
HGNC:3356	ENPP1	P22413	ENSG00000197594	5167	SurfaceBind: predicted sites	predicted	0	0	0	NA
HGNC:3359	ENPP4	Q9Y6X5	ENSG00000001561	22875	SurfaceBind: predicted sites	predicted	0	0	0	NA
HGNC:3363	ENTPD1	P49961	ENSG00000138185	953	SurfaceBind: predicted sites	predicted	1	1	0	NA
HGNC:33631	PEAR1	Q5VY43	ENSG00000187800	375033	SurfaceBind: predicted sites	predicted	0	0	0	NA
HGNC:3365	ENTPD3	O75355	ENSG00000168032	956	SurfaceBind: predicted sites	predicted	0	0	0	NA
HGNC:33724	LRRN4CL	Q8ND94	ENSG00000177363	221091	SurfaceBind: predicted sites	predicted	0	0	0	NA
HGNC:33823	ERVFRD-1	P60508	ENSG00000244476	405754	SurfaceBind: predicted sites	predicted	0	0	0	NA
HGNC:3385	EPHA1	P21709	ENSG00000146904	2041	SurfaceBind: predicted sites	predicted	1	0	0	NA
HGNC:3386	EPHA2	P29317	ENSG00000142627	1969	SurfaceBind: predicted sites	predicted	1	0	0	NA
HGNC:3387	EPHA3	P29320	ENSG00000044524	2042	SurfaceBind: predicted sites	predicted	1	1	0	NA
HGNC:3388	EPHA4	P54764	ENSG00000116106	2043	SurfaceBind: predicted sites	predicted	1	0	0	NA
HGNC:3389	EPHA5	P54756	ENSG00000145242	2044	SurfaceBind: predicted sites	predicted	1	0	0	NA
HGNC:3390	EPHA7	Q15375	ENSG00000135333	2045	SurfaceBind: predicted sites	predicted	1	0	0	NA
HGNC:3391	EPHA8	P29322	ENSG00000070886	2046	SurfaceBind: predicted sites	predicted	1	0	0	NA
HGNC:3392	EPHB1	P54762	ENSG00000154928	2047	SurfaceBind: predicted sites	predicted	1	0	0	NA
HGNC:3393	EPHB2	P29323	ENSG00000133216	2048	SurfaceBind: predicted sites	predicted	1	0	0	NA
HGNC:3394	EPHB3	P54753	ENSG00000182580	2049	SurfaceBind: predicted sites	predicted	1	0	0	NA
HGNC:3395	EPHB4	P54760	ENSG00000196411	2050	SurfaceBind: predicted sites	predicted	1	0	0	NA
HGNC:3396	EPHB6	O15197	ENSG00000106123	2051	SurfaceBind: predicted sites	predicted	1	0	0	NA
HGNC:34	ABCA4	P78363	ENSG00000198691	24	SurfaceBind: predicted sites	predicted	0	0	0	NA
HGNC:34073	C19orf38	A8MVS5	ENSG00000214212	255809	SurfaceBind: predicted sites	predicted	0	0	0	NA
HGNC:3416	EPOR	P19235	ENSG00000187266	2057	SurfaceBind: predicted sites	predicted	1	0	0	NA
HGNC:3430	ERBB2	P04626	ENSG00000141736	2064	SurfaceBind: predicted sites	predicted	1	1	0	NA
HGNC:3431	ERBB3	P21860	ENSG00000065361	2065	SurfaceBind: predicted sites	predicted	1	1	0	NA
HGNC:3432	ERBB4	Q15303	ENSG00000178568	2066	SurfaceBind: predicted sites	predicted	1	0	0	NA
HGNC:34415	TMEM150B	A6NC51	ENSG00000180061	284417	SurfaceBind: predicted sites	predicted	0	0	0	NA
HGNC:3443	EREG	O14944	ENSG00000124882	2069	SurfaceBind: predicted sites	predicted	1	1	0	NA
HGNC:34443	VSTM5	A8MXK1	ENSG00000214376	387804	SurfaceBind: predicted sites	predicted	0	0	0	NA
HGNC:34491	SHISA6	Q6ZSJ9	ENSG00000188803	388336	SurfaceBind: predicted sites	predicted	0	0	0	NA
HGNC:34520	CLEC17A	Q6ZS10	ENSG00000187912	388512	SurfaceBind: predicted sites	predicted	0	0	0	NA
HGNC:34527	CDHR4	A6H8M9	ENSG00000187492	389118	SurfaceBind: predicted sites	predicted	0	0	0	NA
HGNC:34548	MYADML2	A6NDP7	ENSG00000185105	255275	SurfaceBind: predicted sites	predicted	0	0	0	NA
HGNC:3496	MPZL2	O60487	ENSG00000149573	10205	SurfaceBind: predicted sites	predicted	0	0	0	NA
HGNC:35	ABCA5	Q8WWZ7	ENSG00000154265	23461	SurfaceBind: predicted sites	predicted	0	0	0	NA
HGNC:35409	SHISA7	A6NL88	ENSG00000187902	729956	SurfaceBind: predicted sites	predicted	0	0	0	NA
HGNC:3541	F3	P13726	ENSG00000117525	2152	SurfaceBind: predicted sites	predicted	0	1	0	NA
HGNC:3590	FAP	Q12884	ENSG00000078098	2191	SurfaceBind: predicted sites	predicted	0	1	0	NA
HGNC:3595	FAT1	Q14517	ENSG00000083857	2195	SurfaceBind: predicted sites	predicted	0	0	0	NA
HGNC:3596	FAT2	Q9NYQ8	ENSG00000086570	2196	SurfaceBind: predicted sites	predicted	0	0	0	NA
HGNC:36	ABCA6	Q8N139	ENSG00000154262	23460	SurfaceBind: predicted sites	predicted	0	0	0	NA
HGNC:3608	FCAR	P24071	ENSG00000186431	2204	SurfaceBind: predicted sites	predicted	0	0	0	NA
HGNC:3609	FCER1A	P12319	ENSG00000179639	2205	SurfaceBind: predicted sites	predicted	0	0	0	NA
HGNC:3613	FCGR1A	P12314	ENSG00000150337	2209	SurfaceBind: predicted sites	predicted	0	0	0	NA
HGNC:3616	FCGR2A	P12318	ENSG00000143226	2212	SurfaceBind: predicted sites	predicted	0	0	0	NA
HGNC:3618	FCGR2B	P31994	ENSG00000072694	2213	SurfaceBind: predicted sites	predicted	0	0	0	NA
HGNC:3619	FCGR3A	P08637	ENSG00000203747	2214	SurfaceBind: predicted sites	predicted	0	1	0	NA
HGNC:3620	FCGR3B	O75015	ENSG00000162747	2215	SurfaceBind: predicted sites	predicted	0	0	0	NA
HGNC:3621	FCGRT	P55899	ENSG00000104870	2217	SurfaceBind: predicted sites	predicted	0	1	0	NA
HGNC:3656	MYOF	Q9NZM1	ENSG00000138119	26509	SurfaceBind: predicted sites	predicted	0	0	0	NA
HGNC:3688	FGFR1	P11362	ENSG00000077782	2260	SurfaceBind: predicted sites	predicted	1	1	0	NA
HGNC:3689	FGFR2	P21802	ENSG00000066468	2263	SurfaceBind: predicted sites	predicted	1	1	0	NA
HGNC:3690	FGFR3	P22607	ENSG00000068078	2261	SurfaceBind: predicted sites	predicted	1	1	0	NA
HGNC:3691	FGFR4	P22455	ENSG00000160867	2264	SurfaceBind: predicted sites	predicted	1	0	0	NA
HGNC:3693	FGFRL1	Q8N441	ENSG00000127418	53834	SurfaceBind: predicted sites	predicted	0	0	0	NA
HGNC:37	ABCA7	Q8IZY2	ENSG00000064687	10347	SurfaceBind: predicted sites	predicted	0	0	0	NA
HGNC:37231	SHISA9	B4DS77	ENSG00000237515	729993	SurfaceBind: predicted sites	predicted	0	0	0	NA
HGNC:37234	TMEM231	Q9H6L2	ENSG00000205084	79583	SurfaceBind: predicted sites	predicted	0	0	0	NA
HGNC:37250	TARM1	B6A8C7	ENSG00000248385	441864	SurfaceBind: predicted sites	predicted	0	0	0	NA
HGNC:37278	UPK3BL1	B0FP48	ENSG00000267368	100134938	SurfaceBind: predicted sites	predicted	0	0	0	NA
HGNC:3760	FLRT1	Q9NZU1	ENSG00000126500	23769	SurfaceBind: predicted sites	predicted	1	0	0	NA
HGNC:3761	FLRT2	O43155	ENSG00000185070	23768	SurfaceBind: predicted sites	predicted	1	0	0	NA
HGNC:3762	FLRT3	Q9NZU0	ENSG00000125848	23767	SurfaceBind: predicted sites	predicted	1	0	0	NA
HGNC:3763	FLT1	P17948	ENSG00000102755	2321	SurfaceBind: predicted sites	predicted	1	1	0	NA
HGNC:37646	KLRF2	D3W0D1	ENSG00000256797	100431172	SurfaceBind: predicted sites	predicted	1	0	0	NA
HGNC:3765	FLT3	P36888	ENSG00000122025	2322	SurfaceBind: predicted sites	predicted	1	1	0	NA
HGNC:3766	FLT3LG	P49771	ENSG00000090554	2323	SurfaceBind: predicted sites	predicted	1	1	0	NA
HGNC:3767	FLT4	P35916	ENSG00000037280	2324	SurfaceBind: predicted sites	predicted	1	0	0	NA
HGNC:3788	FOLH1	Q04609	ENSG00000086205	2346	SurfaceBind: predicted sites	predicted	0	1	0	NA
HGNC:3791	FOLR1	P15328	ENSG00000110195	2348	SurfaceBind: predicted sites	predicted	0	1	0	NA
HGNC:3793	FOLR2	P14207	ENSG00000165457	2350	SurfaceBind: predicted sites	predicted	0	0	0	NA
HGNC:38	ABCA8	O94911	ENSG00000141338	10351	SurfaceBind: predicted sites	predicted	0	0	0	NA
HGNC:3826	FPR1	P21462	ENSG00000171051	2357	SurfaceBind: predicted sites	predicted	1	0	0	NA
HGNC:3828	FPR3	P25089	ENSG00000187474	2359	SurfaceBind: predicted sites	predicted	1	0	0	NA
HGNC:39	ABCA9	Q8IUA7	ENSG00000154258	10350	SurfaceBind: predicted sites	predicted	0	0	0	NA
HGNC:39051	ERVV-2	B6SEH9	ENSG00000268964	100271846	SurfaceBind: predicted sites	predicted	0	0	0	NA
HGNC:39755	MUC22	E2RYF6	ENSG00000261272	100507679	SurfaceBind: predicted sites	predicted	0	0	0	NA
HGNC:40	ABCB1	P08183	ENSG00000085563	5243	SurfaceBind: predicted sites	predicted	0	0	0	NA
HGNC:400	ALCAM	Q13740	ENSG00000170017	214	SurfaceBind: predicted sites	predicted	1	1	0	NA
HGNC:40023	MANSC4	A6NHS7	ENSG00000205693	100287284	SurfaceBind: predicted sites	predicted	0	0	0	NA
HGNC:40048	C3orf80	F5H4A9	ENSG00000180044	401097	SurfaceBind: predicted sites	predicted	0	0	0	NA
HGNC:4038	FZD1	Q9UP38	ENSG00000157240	8321	SurfaceBind: predicted sites	predicted	0	0	0	NA
HGNC:4039	FZD10	Q9ULW2	ENSG00000111432	11211	SurfaceBind: predicted sites	predicted	0	1	0	NA
HGNC:4041	FZD3	Q9NPG1	ENSG00000104290	7976	SurfaceBind: predicted sites	predicted	0	0	0	NA
HGNC:4042	FZD4	Q9ULV1	ENSG00000174804	8322	SurfaceBind: predicted sites	predicted	0	0	0	NA
HGNC:4043	FZD5	Q13467	ENSG00000163251	7855	SurfaceBind: predicted sites	predicted	0	0	0	NA
HGNC:4044	FZD6	O60353	ENSG00000164930	8323	SurfaceBind: predicted sites	predicted	0	0	0	NA
HGNC:4046	FZD8	Q9H461	ENSG00000177283	8325	SurfaceBind: predicted sites	predicted	0	0	0	NA
HGNC:4070	GABBR1	Q9UBS5	ENSG00000204681	2550	SurfaceBind: predicted sites	predicted	1	0	0	NA
HGNC:4075	GABRA1	P14867	ENSG00000022355	2554	SurfaceBind: predicted sites	predicted	0	0	0	NA
HGNC:4076	GABRA2	P47869	ENSG00000151834	2555	SurfaceBind: predicted sites	predicted	0	0	0	NA
HGNC:4077	GABRA3	P34903	ENSG00000011677	2556	SurfaceBind: predicted sites	predicted	0	0	0	NA
HGNC:4078	GABRA4	P48169	ENSG00000109158	2557	SurfaceBind: predicted sites	predicted	0	0	0	NA
HGNC:4079	GABRA5	P31644	ENSG00000186297	2558	SurfaceBind: predicted sites	predicted	0	0	0	NA
HGNC:4080	GABRA6	Q16445	ENSG00000145863	2559	SurfaceBind: predicted sites	predicted	0	0	0	NA
HGNC:4081	GABRB1	P18505	ENSG00000163288	2560	SurfaceBind: predicted sites	predicted	0	0	0	NA
HGNC:4082	GABRB2	P47870	ENSG00000145864	2561	SurfaceBind: predicted sites	predicted	0	0	0	NA
HGNC:4083	GABRB3	P28472	ENSG00000166206	2562	SurfaceBind: predicted sites	predicted	0	0	0	NA
HGNC:4084	GABRD	O14764	ENSG00000187730	2563	SurfaceBind: predicted sites	predicted	0	0	0	NA
HGNC:4085	GABRE	P78334	ENSG00000102287	2564	SurfaceBind: predicted sites	predicted	0	0	0	NA
HGNC:4089	GABRP	O00591	ENSG00000094755	2568	SurfaceBind: predicted sites	predicted	0	0	0	NA
HGNC:4090	GABRR1	P24046	ENSG00000146276	2569	SurfaceBind: predicted sites	predicted	0	0	0	NA
HGNC:4091	GABRR2	P28476	ENSG00000111886	2570	SurfaceBind: predicted sites	predicted	0	0	0	NA
HGNC:4161	LRRC32	Q14392	ENSG00000137507	2615	SurfaceBind: predicted sites	predicted	0	1	0	NA
HGNC:4165	GAS1	P54826	ENSG00000180447	2619	SurfaceBind: predicted sites	predicted	0	0	0	NA
HGNC:42	ABCB11	O95342	ENSG00000073734	8647	SurfaceBind: predicted sites	predicted	0	0	0	NA
HGNC:42400	NCR3LG1	Q68D85	ENSG00000188211	374383	SurfaceBind: predicted sites	predicted	1	1	0	NA
HGNC:4243	GFRA1	P56159	ENSG00000151892	2674	SurfaceBind: predicted sites	predicted	0	0	0	NA
HGNC:4244	GFRA2	O00451	ENSG00000168546	2675	SurfaceBind: predicted sites	predicted	0	0	0	NA
HGNC:4245	GFRA3	O60609	ENSG00000146013	2676	SurfaceBind: predicted sites	predicted	0	1	0	NA
HGNC:4250	GGT1	P19440	ENSG00000100031	2678	SurfaceBind: predicted sites	predicted	0	0	0	NA
HGNC:4259	GGT7	Q9UJ14	ENSG00000131067	2686	SurfaceBind: predicted sites	predicted	0	0	0	NA
HGNC:4263	GHR	P10912	ENSG00000112964	2690	SurfaceBind: predicted sites	predicted	1	0	0	NA
HGNC:4266	GHRHR	Q02643	ENSG00000106128	2692	SurfaceBind: predicted sites	predicted	1	0	0	NA
HGNC:427	ALK	Q9UM73	ENSG00000171094	238	SurfaceBind: predicted sites	predicted	1	0	0	NA
HGNC:4288	GJB6	O95452	ENSG00000121742	10804	SurfaceBind: predicted sites	predicted	0	0	0	NA
HGNC:42970	ERVMER34-1	Q9H9K5	ENSG00000226887	100288413	SurfaceBind: predicted sites	predicted	0	0	0	NA
HGNC:4325	GLP2R	O95838	ENSG00000065325	9340	SurfaceBind: predicted sites	predicted	1	0	0	NA
HGNC:4326	GLRA1	P23415	ENSG00000145888	2741	SurfaceBind: predicted sites	predicted	0	0	0	NA
HGNC:4327	GLRA2	P23416	ENSG00000101958	2742	SurfaceBind: predicted sites	predicted	0	0	0	NA
HGNC:4328	GLRA3	O75311	ENSG00000145451	8001	SurfaceBind: predicted sites	predicted	0	0	0	NA
HGNC:4329	GLRB	P48167	ENSG00000109738	2743	SurfaceBind: predicted sites	predicted	0	0	0	NA
HGNC:437	ALPI	P09923	ENSG00000163295	248	SurfaceBind: predicted sites	predicted	0	0	0	NA
HGNC:4375	GML	Q99445	ENSG00000104499	2765	SurfaceBind: predicted sites	predicted	0	0	0	NA
HGNC:439	ALPP	P05187	ENSG00000163283	250	SurfaceBind: predicted sites	predicted	0	0	0	NA
HGNC:441	ALPG	P10696	ENSG00000163286	251	SurfaceBind: predicted sites	predicted	0	0	0	NA
HGNC:44112	TMEM178B	H3BS89	ENSG00000261115	100507421	SurfaceBind: predicted sites	predicted	0	0	0	NA
HGNC:44159	TPBGL	P0DKB5	ENSG00000261594	100507050	SurfaceBind: predicted sites	predicted	0	0	0	NA
HGNC:44200	TRABD2B	A6NFA1	ENSG00000269113	388630	SurfaceBind: predicted sites	predicted	0	0	0	NA
HGNC:44208	LYPD8	Q6UX82	ENSG00000259823	646627	SurfaceBind: predicted sites	predicted	0	0	0	NA
HGNC:4421	GNRHR	P30968	ENSG00000109163	2798	SurfaceBind: predicted sites	predicted	1	0	0	NA
HGNC:4439	GP1BA	P07359	ENSG00000185245	2811	SurfaceBind: predicted sites	predicted	1	0	0	NA
HGNC:4440	GP1BB	P13224	ENSG00000203618	2812	SurfaceBind: predicted sites	predicted	0	0	0	NA
HGNC:4441	GP2	P55259	ENSG00000169347	2813	SurfaceBind: predicted sites	predicted	0	0	0	NA
HGNC:4443	GP5	P40197	ENSG00000178732	2814	SurfaceBind: predicted sites	predicted	0	0	0	NA
HGNC:4445	GPA33	Q99795	ENSG00000143167	10223	SurfaceBind: predicted sites	predicted	0	0	0	NA
HGNC:4449	GPC1	P35052	ENSG00000063660	2817	SurfaceBind: predicted sites	predicted	0	0	0	NA
HGNC:4450	GPC2	Q8N158	ENSG00000213420	221914	SurfaceBind: predicted sites	predicted	0	0	0	NA
HGNC:4451	GPC3	P51654	ENSG00000147257	2719	SurfaceBind: predicted sites	predicted	0	1	0	NA
HGNC:4452	GPC4	O75487	ENSG00000076716	2239	SurfaceBind: predicted sites	predicted	0	0	0	NA
HGNC:4453	GPC5	P78333	ENSG00000179399	2262	SurfaceBind: predicted sites	predicted	0	0	0	NA
HGNC:4454	GPC6	Q9Y625	ENSG00000183098	10082	SurfaceBind: predicted sites	predicted	0	0	0	NA
HGNC:4461	GPM6B	Q13491	ENSG00000046653	2824	SurfaceBind: predicted sites	predicted	0	0	0	NA
HGNC:4462	GPNMB	Q14956	ENSG00000136235	10457	SurfaceBind: predicted sites	predicted	0	1	0	NA
HGNC:4466	GPR12	P47775	ENSG00000132975	2835	SurfaceBind: predicted sites	predicted	0	0	0	NA
HGNC:4472	GPR18	Q14330	ENSG00000125245	2841	SurfaceBind: predicted sites	predicted	0	0	0	NA
HGNC:4479	MCHR1	Q99705	ENSG00000128285	2847	SurfaceBind: predicted sites	predicted	1	0	0	NA
HGNC:4486	GPR31	O00270	ENSG00000120436	2853	SurfaceBind: predicted sites	predicted	0	0	0	NA
HGNC:4487	GPR32	O75388	ENSG00000142511	2854	SurfaceBind: predicted sites	predicted	0	0	0	NA
HGNC:4489	GPR33	Q49SQ1	ENSG00000214943	2856	SurfaceBind: predicted sites	predicted	0	0	0	NA
HGNC:4490	GPR34	Q9UPC5	ENSG00000171659	2857	SurfaceBind: predicted sites	predicted	0	0	0	NA
HGNC:4495	MLNR	O43193	ENSG00000102539	2862	SurfaceBind: predicted sites	predicted	1	0	0	NA
HGNC:4499	FFAR3	O14843	ENSG00000185897	2865	SurfaceBind: predicted sites	predicted	0	0	0	NA
HGNC:45	ABCB4	P21439	ENSG00000005471	5244	SurfaceBind: predicted sites	predicted	0	0	0	NA
HGNC:4500	GPR42	O15529	ENSG00000126251	2866	SurfaceBind: predicted sites	predicted	0	0	0	NA
HGNC:4506	GPR50	Q13585	ENSG00000102195	9248	SurfaceBind: predicted sites	predicted	0	0	0	NA
HGNC:4507	GABBR2	O75899	ENSG00000136928	9568	SurfaceBind: predicted sites	predicted	1	0	0	NA
HGNC:4514	TAAR2	Q9P1P5	ENSG00000146378	9287	SurfaceBind: predicted sites	predicted	0	0	0	NA
HGNC:4518	NMUR1	Q9HB89	ENSG00000171596	10316	SurfaceBind: predicted sites	predicted	1	0	0	NA
HGNC:4519	GPR68	Q15743	ENSG00000119714	8111	SurfaceBind: predicted sites	predicted	0	0	0	NA
HGNC:4528	GPR78	Q96P69	ENSG00000155269	27201	SurfaceBind: predicted sites	predicted	0	0	0	NA
HGNC:4571	GRIA1	P42261	ENSG00000155511	2890	SurfaceBind: predicted sites	predicted	1	0	0	NA
HGNC:4572	GRIA2	P42262	ENSG00000120251	2891	SurfaceBind: predicted sites	predicted	1	0	0	NA
HGNC:4573	GRIA3	P42263	ENSG00000125675	2892	SurfaceBind: predicted sites	predicted	1	0	0	NA
HGNC:4574	GRIA4	P48058	ENSG00000152578	2893	SurfaceBind: predicted sites	predicted	1	0	0	NA
HGNC:4575	GRID1	Q9ULK0	ENSG00000182771	2894	SurfaceBind: predicted sites	predicted	0	0	0	NA
HGNC:4576	GRID2	O43424	ENSG00000152208	2895	SurfaceBind: predicted sites	predicted	1	0	0	NA
HGNC:4579	GRIK1	P39086	ENSG00000171189	2897	SurfaceBind: predicted sites	predicted	1	0	0	NA
HGNC:4580	GRIK2	Q13002	ENSG00000164418	2898	SurfaceBind: predicted sites	predicted	1	0	0	NA
HGNC:4581	GRIK3	Q13003	ENSG00000163873	2899	SurfaceBind: predicted sites	predicted	1	0	0	NA
HGNC:4582	GRIK4	Q16099	ENSG00000149403	2900	SurfaceBind: predicted sites	predicted	0	0	0	NA
HGNC:4583	GRIK5	Q16478	ENSG00000105737	2901	SurfaceBind: predicted sites	predicted	0	0	0	NA
HGNC:4584	GRIN1	Q05586	ENSG00000176884	2902	SurfaceBind: predicted sites	predicted	0	0	0	NA
HGNC:4585	GRIN2A	Q12879	ENSG00000183454	2903	SurfaceBind: predicted sites	predicted	0	0	0	NA
HGNC:4586	GRIN2B	Q13224	ENSG00000273079	2904	SurfaceBind: predicted sites	predicted	0	0	0	NA
HGNC:4587	GRIN2C	Q14957	ENSG00000161509	2905	SurfaceBind: predicted sites	predicted	0	0	0	NA
HGNC:4588	GRIN2D	O15399	ENSG00000105464	2906	SurfaceBind: predicted sites	predicted	0	0	0	NA
HGNC:4593	GRM1	Q13255	ENSG00000152822	2911	SurfaceBind: predicted sites	predicted	1	0	0	NA
HGNC:4594	GRM2	Q14416	ENSG00000164082	2912	SurfaceBind: predicted sites	predicted	1	0	0	NA
HGNC:4595	GRM3	Q14832	ENSG00000198822	2913	SurfaceBind: predicted sites	predicted	1	0	0	NA
HGNC:4596	GRM4	Q14833	ENSG00000124493	2914	SurfaceBind: predicted sites	predicted	1	0	0	NA
HGNC:4597	GRM5	P41594	ENSG00000168959	2915	SurfaceBind: predicted sites	predicted	1	0	0	NA
HGNC:4598	GRM6	O15303	ENSG00000113262	2916	SurfaceBind: predicted sites	predicted	1	0	0	NA
HGNC:4599	GRM7	Q14831	ENSG00000196277	2917	SurfaceBind: predicted sites	predicted	1	0	0	NA
HGNC:46	ABCB5	Q2M3G0	ENSG00000004846	340273	SurfaceBind: predicted sites	predicted	0	0	0	NA
HGNC:4600	GRM8	O00222	ENSG00000179603	2918	SurfaceBind: predicted sites	predicted	1	0	0	NA
HGNC:465	AMHR2	Q16671	ENSG00000135409	269	SurfaceBind: predicted sites	predicted	0	1	0	NA
HGNC:4688	GUCY2C	P25092	ENSG00000070019	2984	SurfaceBind: predicted sites	predicted	0	1	0	NA
HGNC:4849	HCRTR2	O43614	ENSG00000137252	3062	SurfaceBind: predicted sites	predicted	1	0	0	NA
HGNC:4866	HEPH	Q9BQS7	ENSG00000089472	9843	SurfaceBind: predicted sites	predicted	0	0	0	NA
HGNC:4886	HFE	Q30201	ENSG00000010704	3077	SurfaceBind: predicted sites	predicted	1	0	0	NA
HGNC:4887	HJV	Q6ZVN8	ENSG00000168509	148738	SurfaceBind: predicted sites	predicted	0	0	0	NA
HGNC:4905	HHLA2	Q9UM44	ENSG00000114455	11148	SurfaceBind: predicted sites	predicted	0	0	0	NA
HGNC:4934	HLA-DMA	P28067	ENSG00000204257	3108	SurfaceBind: predicted sites	predicted	0	0	0	NA
HGNC:4935	HLA-DMB	P28068	ENSG00000242574	3109	SurfaceBind: predicted sites	predicted	0	0	0	NA
HGNC:4936	HLA-DOA	P06340	ENSG00000204252	3111	SurfaceBind: predicted sites	predicted	0	0	0	NA
HGNC:4937	HLA-DOB	P13765	ENSG00000241106	3112	SurfaceBind: predicted sites	predicted	0	0	0	NA
HGNC:4938	HLA-DPA1	P20036	ENSG00000231389	3113	SurfaceBind: predicted sites	predicted	0	0	0	NA
HGNC:4940	HLA-DPB1	P04440	ENSG00000223865	3115	SurfaceBind: predicted sites	predicted	0	0	0	NA
HGNC:4943	HLA-DQA2	P01906	ENSG00000237541	3118	SurfaceBind: predicted sites	predicted	0	0	0	NA
HGNC:4944	HLA-DQB1	P01920	ENSG00000179344	3119	SurfaceBind: predicted sites	predicted	0	0	0	NA
HGNC:4945	HLA-DQB2	P05538	ENSG00000232629	3120	SurfaceBind: predicted sites	predicted	0	0	0	NA
HGNC:4947	HLA-DRA	P01903	ENSG00000204287	3122	SurfaceBind: predicted sites	predicted	0	0	0	NA
HGNC:4951	HLA-DRB3	P79483	ENSG00000196101	3125	SurfaceBind: predicted sites	predicted	0	0	0	NA
HGNC:4952	HLA-DRB4	P13762	ENSG00000227357	3126	SurfaceBind: predicted sites	predicted	0	0	0	NA
HGNC:4953	HLA-DRB5	Q30154	ENSG00000198502	3127	SurfaceBind: predicted sites	predicted	0	0	0	NA
HGNC:4962	HLA-E	P13747	ENSG00000204592	3133	SurfaceBind: predicted sites	predicted	1	0	0	NA
HGNC:4963	HLA-F	P30511	ENSG00000204642	3134	SurfaceBind: predicted sites	predicted	1	0	0	NA
HGNC:4964	HLA-G	P17693	ENSG00000204632	3135	SurfaceBind: predicted sites	predicted	1	1	0	NA
HGNC:4975	MR1	Q95460	ENSG00000153029	3140	SurfaceBind: predicted sites	predicted	0	0	0	NA
HGNC:50	ABCB9	Q9NP78	ENSG00000150967	23457	SurfaceBind: predicted sites	predicted	0	0	0	NA
HGNC:500	ANPEP	P15144	ENSG00000166825	290	SurfaceBind: predicted sites	predicted	0	0	0	NA
HGNC:51	ABCC1	P33527	ENSG00000103222	4363	SurfaceBind: predicted sites	predicted	0	0	0	NA
HGNC:5182	HRH1	P35367	ENSG00000196639	3269	SurfaceBind: predicted sites	predicted	1	0	0	NA
HGNC:5297	HTR3A	P46098	ENSG00000166736	3359	SurfaceBind: predicted sites	predicted	1	0	0	NA
HGNC:5298	HTR3B	O95264	ENSG00000149305	9177	SurfaceBind: predicted sites	predicted	1	0	0	NA
HGNC:53	ABCC2	Q92887	ENSG00000023839	1244	SurfaceBind: predicted sites	predicted	0	0	0	NA
HGNC:5321	HYAL2	Q12891	ENSG00000068001	8692	SurfaceBind: predicted sites	predicted	0	0	0	NA
HGNC:5344	ICAM1	P05362	ENSG00000090339	3383	SurfaceBind: predicted sites	predicted	1	1	0	NA
HGNC:5345	ICAM2	P13598	ENSG00000108622	3384	SurfaceBind: predicted sites	predicted	1	0	0	NA
HGNC:5346	ICAM3	P32942	ENSG00000076662	3385	SurfaceBind: predicted sites	predicted	1	0	0	NA
HGNC:5347	ICAM4	Q14773	ENSG00000105371	3386	SurfaceBind: predicted sites	predicted	1	0	0	NA
HGNC:5348	ICAM5	Q9UMF0	ENSG00000105376	7087	SurfaceBind: predicted sites	predicted	0	0	0	NA
HGNC:5351	ICOS	Q9Y6W8	ENSG00000163600	29851	SurfaceBind: predicted sites	predicted	1	1	0	NA
HGNC:54	ABCC3	O15438	ENSG00000108846	8714	SurfaceBind: predicted sites	predicted	0	0	0	NA
HGNC:5432	IFNAR1	P17181	ENSG00000142166	3454	SurfaceBind: predicted sites	predicted	0	1	0	NA
HGNC:5433	IFNAR2	P48551	ENSG00000159110	3455	SurfaceBind: predicted sites	predicted	0	0	0	NA
HGNC:5439	IFNGR1	P15260	ENSG00000027697	3459	SurfaceBind: predicted sites	predicted	1	0	0	NA
HGNC:5440	IFNGR2	P38484	ENSG00000159128	3460	SurfaceBind: predicted sites	predicted	0	0	0	NA
HGNC:5465	IGF1R	P08069	ENSG00000140443	3480	SurfaceBind: predicted sites	predicted	1	1	0	NA
HGNC:5467	IGF2R	P11717	ENSG00000197081	3482	SurfaceBind: predicted sites	predicted	0	0	0	NA
HGNC:55	ABCC4	O15439	ENSG00000125257	10257	SurfaceBind: predicted sites	predicted	0	0	0	NA
HGNC:550	AOC3	Q16853	ENSG00000131471	8639	SurfaceBind: predicted sites	predicted	0	1	0	NA
HGNC:56	ABCC5	O15440	ENSG00000114770	10057	SurfaceBind: predicted sites	predicted	0	0	0	NA
HGNC:5948	IGSF1	Q8N6C5	ENSG00000147255	3547	SurfaceBind: predicted sites	predicted	0	0	0	NA
HGNC:5949	CD101	Q93033	ENSG00000134256	9398	SurfaceBind: predicted sites	predicted	0	0	0	NA
HGNC:5950	IGSF3	O75054	ENSG00000143061	3321	SurfaceBind: predicted sites	predicted	0	0	0	NA
HGNC:5951	CADM1	Q9BY67	ENSG00000182985	23705	SurfaceBind: predicted sites	predicted	1	0	0	NA
HGNC:5952	IGSF5	Q9NSI5	ENSG00000183067	150084	SurfaceBind: predicted sites	predicted	0	0	0	NA
HGNC:5953	IGSF6	O95976	ENSG00000140749	10261	SurfaceBind: predicted sites	predicted	0	0	0	NA
HGNC:5964	IL10RA	Q13651	ENSG00000110324	3587	SurfaceBind: predicted sites	predicted	0	0	0	NA
HGNC:5965	IL10RB	Q08334	ENSG00000243646	3588	SurfaceBind: predicted sites	predicted	0	0	0	NA
HGNC:5967	IL11RA	Q14626	ENSG00000137070	3590	SurfaceBind: predicted sites	predicted	0	0	0	NA
HGNC:597	APLP1	P51693	ENSG00000105290	333	SurfaceBind: predicted sites	predicted	0	0	0	NA
HGNC:5971	IL12RB1	P42701	ENSG00000096996	3594	SurfaceBind: predicted sites	predicted	0	0	0	NA
HGNC:5972	IL12RB2	Q99665	ENSG00000081985	3595	SurfaceBind: predicted sites	predicted	0	0	0	NA
HGNC:5974	IL13RA1	P78552	ENSG00000131724	3597	SurfaceBind: predicted sites	predicted	0	1	0	NA
HGNC:5975	IL13RA2	Q14627	ENSG00000123496	3598	SurfaceBind: predicted sites	predicted	1	0	0	NA
HGNC:5978	IL15RA	Q13261	ENSG00000134470	3601	SurfaceBind: predicted sites	predicted	0	0	0	NA
HGNC:598	APLP2	Q06481	ENSG00000084234	334	SurfaceBind: predicted sites	predicted	1	0	0	NA
HGNC:5985	IL17RA	Q96F46	ENSG00000177663	23765	SurfaceBind: predicted sites	predicted	0	1	0	NA
HGNC:5988	IL18R1	Q13478	ENSG00000115604	8809	SurfaceBind: predicted sites	predicted	0	0	0	NA
HGNC:5993	IL1R1	P14778	ENSG00000115594	3554	SurfaceBind: predicted sites	predicted	0	0	0	NA
HGNC:5994	IL1R2	P27930	ENSG00000115590	7850	SurfaceBind: predicted sites	predicted	0	0	0	NA
HGNC:5995	IL1RAP	Q9NPH3	ENSG00000196083	3556	SurfaceBind: predicted sites	predicted	1	1	0	NA
HGNC:5996	IL1RAPL1	Q9NZN1	ENSG00000169306	11141	SurfaceBind: predicted sites	predicted	1	0	0	NA
HGNC:5997	IL1RAPL2	Q9NP60	ENSG00000189108	26280	SurfaceBind: predicted sites	predicted	0	0	0	NA
HGNC:5998	IL1RL1	Q01638	ENSG00000115602	9173	SurfaceBind: predicted sites	predicted	0	1	0	NA
HGNC:5999	IL1RL2	Q9HB29	ENSG00000115598	8808	SurfaceBind: predicted sites	predicted	0	1	0	NA
HGNC:60	ABCC9	O60706	ENSG00000069431	10060	SurfaceBind: predicted sites	predicted	0	0	0	NA
HGNC:6003	IL20RA	Q9UHF4	ENSG00000016402	53832	SurfaceBind: predicted sites	predicted	0	0	0	NA
HGNC:6004	IL20RB	Q6UXL0	ENSG00000174564	53833	SurfaceBind: predicted sites	predicted	0	0	0	NA
HGNC:6006	IL21R	Q9HBE5	ENSG00000103522	50615	SurfaceBind: predicted sites	predicted	0	0	0	NA
HGNC:6008	IL2RA	P01589	ENSG00000134460	3559	SurfaceBind: predicted sites	predicted	0	1	0	NA
HGNC:6009	IL2RB	P14784	ENSG00000100385	3560	SurfaceBind: predicted sites	predicted	0	0	0	NA
HGNC:6010	IL2RG	P31785	ENSG00000147168	3561	SurfaceBind: predicted sites	predicted	0	0	0	NA
HGNC:6012	IL3RA	P26951	ENSG00000185291	3563	SurfaceBind: predicted sites	predicted	0	1	0	NA
HGNC:6015	IL4R	P24394	ENSG00000077238	3566	SurfaceBind: predicted sites	predicted	0	1	0	NA
HGNC:6017	IL5RA	Q01344	ENSG00000091181	3568	SurfaceBind: predicted sites	predicted	0	1	0	NA
HGNC:6019	IL6R	P08887	ENSG00000160712	3570	SurfaceBind: predicted sites	predicted	1	1	0	NA
HGNC:6021	IL6ST	P40189	ENSG00000134352	3572	SurfaceBind: predicted sites	predicted	1	0	0	NA
HGNC:6024	IL7R	P16871	ENSG00000168685	3575	SurfaceBind: predicted sites	predicted	0	1	0	NA
HGNC:6026	CXCR1	P25024	ENSG00000163464	3577	SurfaceBind: predicted sites	predicted	1	0	0	NA
HGNC:6027	CXCR2	P25025	ENSG00000180871	3579	SurfaceBind: predicted sites	predicted	1	0	0	NA
HGNC:6030	IL9R	Q01113	ENSG00000124334	3581	SurfaceBind: predicted sites	predicted	0	0	0	NA
HGNC:6091	INSR	P06213	ENSG00000171105	3643	SurfaceBind: predicted sites	predicted	1	1	0	NA
HGNC:6093	INSRR	P14616	ENSG00000027644	3645	SurfaceBind: predicted sites	predicted	0	0	0	NA
HGNC:6134	ITGA1	P56199	ENSG00000213949	3672	SurfaceBind: predicted sites	predicted	0	0	0	NA
HGNC:6135	ITGA10	O75578	ENSG00000143127	8515	SurfaceBind: predicted sites	predicted	0	0	0	NA
HGNC:6136	ITGA11	Q9UKX5	ENSG00000137809	22801	SurfaceBind: predicted sites	predicted	0	0	0	NA
HGNC:6137	ITGA2	P17301	ENSG00000164171	3673	SurfaceBind: predicted sites	predicted	0	1	0	NA
HGNC:6138	ITGA2B	P08514	ENSG00000005961	3674	SurfaceBind: predicted sites	predicted	0	1	0	NA
HGNC:6139	ITGA3	P26006	ENSG00000005884	3675	SurfaceBind: predicted sites	predicted	0	0	0	NA
HGNC:6140	ITGA4	P13612	ENSG00000115232	3676	SurfaceBind: predicted sites	predicted	0	1	0	NA
HGNC:6141	ITGA5	P08648	ENSG00000161638	3678	SurfaceBind: predicted sites	predicted	0	0	0	NA
HGNC:6142	ITGA6	P23229	ENSG00000091409	3655	SurfaceBind: predicted sites	predicted	0	0	0	NA
HGNC:6143	ITGA7	Q13683	ENSG00000135424	3679	SurfaceBind: predicted sites	predicted	0	0	0	NA
HGNC:6144	ITGA8	P53708	ENSG00000077943	8516	SurfaceBind: predicted sites	predicted	0	0	0	NA
HGNC:6145	ITGA9	Q13797	ENSG00000144668	3680	SurfaceBind: predicted sites	predicted	0	0	0	NA
HGNC:6146	ITGAD	Q13349	ENSG00000156886	3681	SurfaceBind: predicted sites	predicted	0	0	0	NA
HGNC:6147	ITGAE	P38570	ENSG00000083457	3682	SurfaceBind: predicted sites	predicted	0	0	0	NA
HGNC:6148	ITGAL	P20701	ENSG00000005844	3683	SurfaceBind: predicted sites	predicted	1	1	0	NA
HGNC:6149	ITGAM	P11215	ENSG00000169896	3684	SurfaceBind: predicted sites	predicted	0	0	0	NA
HGNC:6150	ITGAV	P06756	ENSG00000138448	3685	SurfaceBind: predicted sites	predicted	0	1	0	NA
HGNC:6152	ITGAX	P20702	ENSG00000140678	3687	SurfaceBind: predicted sites	predicted	0	0	0	NA
HGNC:6153	ITGB1	P05556	ENSG00000150093	3688	SurfaceBind: predicted sites	predicted	0	0	0	NA
HGNC:6155	ITGB2	P05107	ENSG00000160255	3689	SurfaceBind: predicted sites	predicted	0	1	0	NA
HGNC:6156	ITGB3	P05106	ENSG00000259207	3690	SurfaceBind: predicted sites	predicted	0	0	0	NA
HGNC:6158	ITGB4	P16144	ENSG00000132470	3691	SurfaceBind: predicted sites	predicted	0	0	0	NA
HGNC:6160	ITGB5	P18084	ENSG00000082781	3693	SurfaceBind: predicted sites	predicted	0	0	0	NA
HGNC:6161	ITGB6	P18564	ENSG00000115221	3694	SurfaceBind: predicted sites	predicted	0	1	0	NA
HGNC:6162	ITGB7	P26010	ENSG00000139626	3695	SurfaceBind: predicted sites	predicted	0	0	0	NA
HGNC:6163	ITGB8	P26012	ENSG00000105855	3696	SurfaceBind: predicted sites	predicted	0	0	0	NA
HGNC:6174	ITM2B	Q9Y287	ENSG00000136156	9445	SurfaceBind: predicted sites	predicted	0	0	0	NA
HGNC:6188	JAG1	P78504	ENSG00000101384	182	SurfaceBind: predicted sites	predicted	1	0	0	NA
HGNC:6189	JAG2	Q9Y219	ENSG00000184916	3714	SurfaceBind: predicted sites	predicted	1	0	0	NA
HGNC:620	APP	P05067	ENSG00000142192	351	SurfaceBind: predicted sites	predicted	1	1	0	NA
HGNC:6210	CD82	P27701	ENSG00000085117	3732	SurfaceBind: predicted sites	predicted	0	0	0	NA
HGNC:6258	KCNJ12	Q14500	ENSG00000184185	3768	SurfaceBind: predicted sites	predicted	0	0	0	NA
HGNC:6264	KCNJ3	P48549	ENSG00000162989	3760	SurfaceBind: predicted sites	predicted	0	0	0	NA
HGNC:6265	KCNJ4	P48050	ENSG00000168135	3761	SurfaceBind: predicted sites	predicted	0	0	0	NA
HGNC:6280	KCNK5	O95279	ENSG00000164626	8645	SurfaceBind: predicted sites	predicted	0	0	0	NA
HGNC:6289	KCNMB4	Q86W47	ENSG00000135643	27345	SurfaceBind: predicted sites	predicted	0	0	0	NA
HGNC:6300	KCNS1	Q96KK3	ENSG00000124134	3787	SurfaceBind: predicted sites	predicted	0	0	0	NA
HGNC:6307	KDR	P35968	ENSG00000128052	3791	SurfaceBind: predicted sites	predicted	1	1	0	NA
HGNC:6308	KEL	P23276	ENSG00000197993	3792	SurfaceBind: predicted sites	predicted	0	0	0	NA
HGNC:6329	KIR2DL1	P43626	ENSG00000125498	3802	SurfaceBind: predicted sites	predicted	1	0	0	NA
HGNC:6330	KIR2DL2	P43627		3803	SurfaceBind: predicted sites	predicted	0	0	0	NA
HGNC:6331	KIR2DL3	P43628	ENSG00000243772	3804	SurfaceBind: predicted sites	predicted	1	0	0	NA
HGNC:6332	KIR2DL4	Q99706	ENSG00000189013	3805	SurfaceBind: predicted sites	predicted	0	0	0	NA
HGNC:6333	KIR2DS1	Q14954	ENSG00000276387	3806	SurfaceBind: predicted sites	predicted	0	0	0	NA
HGNC:6334	KIR2DS2	P43631		100132285	SurfaceBind: predicted sites	predicted	0	0	0	NA
HGNC:6335	KIR2DS3	Q14952		3808	SurfaceBind: predicted sites	predicted	0	0	0	NA
HGNC:6336	KIR2DS4	P43632	ENSG00000221957	3809	SurfaceBind: predicted sites	predicted	0	0	0	NA
HGNC:6337	KIR2DS5	Q14953		3810	SurfaceBind: predicted sites	predicted	0	0	0	NA
HGNC:6338	KIR3DL1	P43629	ENSG00000167633	3811	SurfaceBind: predicted sites	predicted	1	0	0	NA
HGNC:6339	KIR3DL2	P43630	ENSG00000240403	3812	SurfaceBind: predicted sites	predicted	1	1	0	NA
HGNC:6340	KIR3DS1	Q14943	ENSG00000275434	3813	SurfaceBind: predicted sites	predicted	1	0	0	NA
HGNC:6342	KIT	P10721	ENSG00000157404	3815	SurfaceBind: predicted sites	predicted	1	1	0	NA
HGNC:6343	KITLG	P21583	ENSG00000049130	4254	SurfaceBind: predicted sites	predicted	1	0	0	NA
HGNC:6344	KL	Q9UEF7	ENSG00000133116	9365	SurfaceBind: predicted sites	predicted	0	0	0	NA
HGNC:6373	KLRB1	Q12918	ENSG00000111796	3820	SurfaceBind: predicted sites	predicted	1	1	0	NA
HGNC:6374	KLRC1	P26715	ENSG00000134545	3821	SurfaceBind: predicted sites	predicted	1	1	0	NA
HGNC:6375	KLRC2	P26717	ENSG00000205809	3822	SurfaceBind: predicted sites	predicted	1	0	0	NA
HGNC:6376	KLRC3	Q07444	ENSG00000205810	3823	SurfaceBind: predicted sites	predicted	0	0	0	NA
HGNC:6380	KLRG1	Q96E93	ENSG00000139187	10219	SurfaceBind: predicted sites	predicted	1	1	0	NA
HGNC:642	AQP8	O94778	ENSG00000103375	343	SurfaceBind: predicted sites	predicted	0	0	0	NA
HGNC:6470	L1CAM	P32004	ENSG00000198910	3897	SurfaceBind: predicted sites	predicted	1	0	0	NA
HGNC:6476	LAG3	P18627	ENSG00000089692	3902	SurfaceBind: predicted sites	predicted	1	1	0	NA
HGNC:6477	LAIR1	Q6GTX8	ENSG00000167613	3903	SurfaceBind: predicted sites	predicted	1	0	0	NA
HGNC:6499	LAMP1	P11279	ENSG00000185896	3916	SurfaceBind: predicted sites	predicted	0	0	0	NA
HGNC:6501	LAMP2	P13473	ENSG00000005893	3920	SurfaceBind: predicted sites	predicted	0	0	0	NA
HGNC:651	AREG	P15514	ENSG00000109321	374	SurfaceBind: predicted sites	predicted	0	0	0	NA
HGNC:6530	LCT	P09848	ENSG00000115850	3938	SurfaceBind: predicted sites	predicted	0	0	0	NA
HGNC:6547	LDLR	P01130	ENSG00000130164	3949	SurfaceBind: predicted sites	predicted	0	0	0	NA
HGNC:6554	LEPR	P48357	ENSG00000116678	3953	SurfaceBind: predicted sites	predicted	1	1	0	NA
HGNC:6597	LIFR	P42702	ENSG00000113594	3977	SurfaceBind: predicted sites	predicted	0	0	0	NA
HGNC:6602	LILRA1	O75019	ENSG00000104974	11024	SurfaceBind: predicted sites	predicted	0	0	0	NA
HGNC:6603	LILRA2	Q8N149	ENSG00000239998	11027	SurfaceBind: predicted sites	predicted	0	0	0	NA
HGNC:6605	LILRB1	Q8NHL6	ENSG00000104972	10859	SurfaceBind: predicted sites	predicted	1	0	0	NA
HGNC:6606	LILRB2	Q8N423	ENSG00000131042	10288	SurfaceBind: predicted sites	predicted	1	1	0	NA
HGNC:6607	LILRB3	O75022	ENSG00000204577	11025	SurfaceBind: predicted sites	predicted	0	0	0	NA
HGNC:6609	LILRB5	O75023	ENSG00000105609	10990	SurfaceBind: predicted sites	predicted	0	0	0	NA
HGNC:6656	LNPEP	Q9UIQ6	ENSG00000113441	4012	SurfaceBind: predicted sites	predicted	0	0	0	NA
HGNC:6677	LPL	P06858	ENSG00000175445	4023	SurfaceBind: predicted sites	predicted	0	0	0	NA
HGNC:6692	LRP1	Q07954	ENSG00000123384	4035	SurfaceBind: predicted sites	predicted	0	0	0	NA
HGNC:6693	LRP1B	Q9NZR2	ENSG00000168702	53353	SurfaceBind: predicted sites	predicted	0	0	0	NA
HGNC:6694	LRP2	P98164	ENSG00000081479	4036	SurfaceBind: predicted sites	predicted	0	0	0	NA
HGNC:6695	LRP3	O75074	ENSG00000130881	4037	SurfaceBind: predicted sites	predicted	0	0	0	NA
HGNC:6696	LRP4	O75096	ENSG00000134569	4038	SurfaceBind: predicted sites	predicted	0	0	0	NA
HGNC:6697	LRP5	O75197	ENSG00000162337	4041	SurfaceBind: predicted sites	predicted	1	0	0	NA
HGNC:6698	LRP6	O75581	ENSG00000070018	4040	SurfaceBind: predicted sites	predicted	1	0	0	NA
HGNC:6700	LRP8	Q14114	ENSG00000157193	7804	SurfaceBind: predicted sites	predicted	1	0	0	NA
HGNC:6705	LSAMP	Q13449	ENSG00000185565	4045	SurfaceBind: predicted sites	predicted	0	0	0	NA
HGNC:6713	LTB4R	Q15722	ENSG00000213903	1241	SurfaceBind: predicted sites	predicted	1	0	0	NA
HGNC:6718	LTBR	P36941	ENSG00000111321	4055	SurfaceBind: predicted sites	predicted	1	0	0	NA
HGNC:6721	LTK	P29376	ENSG00000062524	4058	SurfaceBind: predicted sites	predicted	0	0	0	NA
HGNC:6722	BCAM	P50895	ENSG00000187244	4059	SurfaceBind: predicted sites	predicted	0	0	0	NA
HGNC:6726	CD180	Q99467	ENSG00000134061	4064	SurfaceBind: predicted sites	predicted	0	0	0	NA
HGNC:6727	LY6E	Q16553	ENSG00000160932	4061	SurfaceBind: predicted sites	predicted	0	0	0	NA
HGNC:6728	LY6H	O94772	ENSG00000176956	4062	SurfaceBind: predicted sites	predicted	0	0	0	NA
HGNC:6729	LY75	O60449	ENSG00000054219	4065	SurfaceBind: predicted sites	predicted	0	1	0	NA
HGNC:6730	LY9	Q9HBG7	ENSG00000122224	4063	SurfaceBind: predicted sites	predicted	0	0	0	NA
HGNC:6731	NCR1	O76036	ENSG00000189430	9437	SurfaceBind: predicted sites	predicted	0	1	0	NA
HGNC:6732	NCR2	O95944	ENSG00000096264	9436	SurfaceBind: predicted sites	predicted	0	0	0	NA
HGNC:6752	M6PR	P20645	ENSG00000003056	4074	SurfaceBind: predicted sites	predicted	0	0	0	NA
HGNC:6783	MAG	P20916	ENSG00000105695	4099	SurfaceBind: predicted sites	predicted	0	1	0	NA
HGNC:6934	MCAM	P43121	ENSG00000076706	4162	SurfaceBind: predicted sites	predicted	1	1	0	NA
HGNC:6953	CD46	P15529	ENSG00000117335	4179	SurfaceBind: predicted sites	predicted	0	0	0	NA
HGNC:7015	MEP1A	Q16819	ENSG00000112818	4224	SurfaceBind: predicted sites	predicted	0	0	0	NA
HGNC:7020	MEP1B	Q16820	ENSG00000141434	4225	SurfaceBind: predicted sites	predicted	0	0	0	NA
HGNC:7027	MERTK	Q12866	ENSG00000153208	10461	SurfaceBind: predicted sites	predicted	1	0	0	NA
HGNC:7029	MET	P08581	ENSG00000105976	4233	SurfaceBind: predicted sites	predicted	1	1	0	NA
HGNC:7034	MFAP3	P55082	ENSG00000037749	4238	SurfaceBind: predicted sites	predicted	0	0	0	NA
HGNC:7037	MELTF	P08582	ENSG00000163975	4241	SurfaceBind: predicted sites	predicted	0	0	0	NA
HGNC:7090	MICA	Q29983	ENSG00000204520	100507436	SurfaceBind: predicted sites	predicted	1	1	0	NA
HGNC:7091	MICB	Q29980	ENSG00000204516	4277	SurfaceBind: predicted sites	predicted	1	1	0	NA
HGNC:7160	MMP14	P50281	ENSG00000157227	4323	SurfaceBind: predicted sites	predicted	0	0	0	NA
HGNC:7162	MMP16	P51512	ENSG00000156103	4325	SurfaceBind: predicted sites	predicted	0	0	0	NA
HGNC:7163	MMP17	Q9ULZ9	ENSG00000198598	4326	SurfaceBind: predicted sites	predicted	0	0	0	NA
HGNC:7197	MOG	Q16653	ENSG00000204655	4340	SurfaceBind: predicted sites	predicted	0	0	0	NA
HGNC:7203	CD200	P41217	ENSG00000091972	4345	SurfaceBind: predicted sites	predicted	1	1	0	NA
HGNC:7217	MPL	P40238	ENSG00000117400	4352	SurfaceBind: predicted sites	predicted	1	0	0	NA
HGNC:7226	MPZL1	O95297	ENSG00000197965	9019	SurfaceBind: predicted sites	predicted	1	0	0	NA
HGNC:7228	MRC1	P22897	ENSG00000260314	4360	SurfaceBind: predicted sites	predicted	1	0	0	NA
HGNC:723	ART1	P52961	ENSG00000129744	417	SurfaceBind: predicted sites	predicted	0	0	0	NA
HGNC:725	ART3	Q13508	ENSG00000156219	419	SurfaceBind: predicted sites	predicted	0	0	0	NA
HGNC:726	ART4	Q93070	ENSG00000111339	420	SurfaceBind: predicted sites	predicted	0	0	0	NA
HGNC:7371	MSLN	Q13421	ENSG00000102854	10232	SurfaceBind: predicted sites	predicted	0	1	0	NA
HGNC:7376	MSR1	P21757	ENSG00000038945	4481	SurfaceBind: predicted sites	predicted	0	0	0	NA
HGNC:7381	MST1R	Q04912	ENSG00000164078	4486	SurfaceBind: predicted sites	predicted	1	1	0	NA
HGNC:742	ASGR1	P07306	ENSG00000141505	432	SurfaceBind: predicted sites	predicted	0	0	0	NA
HGNC:743	ASGR2	P07307	ENSG00000161944	433	SurfaceBind: predicted sites	predicted	0	0	0	NA
HGNC:7508	MUC1	P15941	ENSG00000185499	4582	SurfaceBind: predicted sites	predicted	0	1	0	NA
HGNC:7511	MUC13	Q9H3R2	ENSG00000173702	56667	SurfaceBind: predicted sites	predicted	0	0	0	NA
HGNC:7513	MUC3A	Q02505	ENSG00000169894	4584	SurfaceBind: predicted sites	predicted	0	0	0	NA
HGNC:7514	MUC4	Q99102	ENSG00000145113	4585	SurfaceBind: predicted sites	predicted	0	0	0	NA
HGNC:7521	CDHR5	Q9HBB8	ENSG00000099834	53841	SurfaceBind: predicted sites	predicted	0	0	0	NA
HGNC:7525	MUSK	O15146	ENSG00000030304	4593	SurfaceBind: predicted sites	predicted	0	1	0	NA
HGNC:7542	MXRA8	Q9BRK3	ENSG00000162576	54587	SurfaceBind: predicted sites	predicted	0	0	0	NA
HGNC:7656	NCAM1	P13591	ENSG00000149294	4684	SurfaceBind: predicted sites	predicted	1	1	0	NA
HGNC:7657	NCAM2	O15394	ENSG00000154654	4685	SurfaceBind: predicted sites	predicted	0	0	0	NA
HGNC:773	ASTN1	O14525	ENSG00000152092	460	SurfaceBind: predicted sites	predicted	0	0	0	NA
HGNC:7754	NEO1	Q92859	ENSG00000067141	4756	SurfaceBind: predicted sites	predicted	0	0	0	NA
HGNC:7809	NGFR	P08138	ENSG00000064300	4804	SurfaceBind: predicted sites	predicted	1	0	0	NA
HGNC:7881	NOTCH1	P46531	ENSG00000148400	4851	SurfaceBind: predicted sites	predicted	1	1	0	NA
HGNC:7882	NOTCH2	Q04721	ENSG00000134250	4853	SurfaceBind: predicted sites	predicted	1	1	0	NA
HGNC:7883	NOTCH3	Q9UM47	ENSG00000074181	4854	SurfaceBind: predicted sites	predicted	1	1	0	NA
HGNC:7884	NOTCH4	Q99466	ENSG00000204301	4855	SurfaceBind: predicted sites	predicted	1	0	0	NA
HGNC:7891	NOX4	Q9NPH5	ENSG00000086991	50507	SurfaceBind: predicted sites	predicted	0	0	0	NA
HGNC:7898	NPC1L1	Q9UHC9	ENSG00000015520	29881	SurfaceBind: predicted sites	predicted	0	0	0	NA
HGNC:7908	NPHS1	O60500	ENSG00000161270	4868	SurfaceBind: predicted sites	predicted	0	0	0	NA
HGNC:7943	NPR1	P16066	ENSG00000169418	4881	SurfaceBind: predicted sites	predicted	1	1	0	NA
HGNC:7944	NPR2	P20594	ENSG00000159899	4882	SurfaceBind: predicted sites	predicted	0	0	0	NA
HGNC:7945	NPR3	P17342	ENSG00000113389	4883	SurfaceBind: predicted sites	predicted	0	0	0	NA
HGNC:799	ATP1A1	P05023	ENSG00000163399	476	SurfaceBind: predicted sites	predicted	0	0	0	NA
HGNC:7994	NRCAM	Q92823	ENSG00000091129	4897	SurfaceBind: predicted sites	predicted	1	0	0	NA
HGNC:7997	NRG1	Q02297	ENSG00000157168	3084	SurfaceBind: predicted sites	predicted	1	0	0	NA
HGNC:7998	NRG2	O14511	ENSG00000158458	9542	SurfaceBind: predicted sites	predicted	1	0	0	NA
HGNC:800	ATP1A2	P50993	ENSG00000018625	477	SurfaceBind: predicted sites	predicted	0	0	0	NA
HGNC:8004	NRP1	O14786	ENSG00000099250	8829	SurfaceBind: predicted sites	predicted	1	1	0	NA
HGNC:8005	NRP2	O60462	ENSG00000118257	8828	SurfaceBind: predicted sites	predicted	1	0	0	NA
HGNC:8008	NRXN1	P58400	ENSG00000179915	9378	SurfaceBind: predicted sites	predicted	0	0	0	NA
HGNC:8009	NRXN2	P58401	ENSG00000110076	9379	SurfaceBind: predicted sites	predicted	1	0	0	NA
HGNC:8010	NRXN3	Q9HDB5	ENSG00000021645	9369	SurfaceBind: predicted sites	predicted	1	0	0	NA
HGNC:8011	CNTNAP1	P78357	ENSG00000108797	8506	SurfaceBind: predicted sites	predicted	0	0	0	NA
HGNC:8021	NT5E	P21589	ENSG00000135318	4907	SurfaceBind: predicted sites	predicted	0	1	0	NA
HGNC:8031	NTRK1	P04629	ENSG00000198400	4914	SurfaceBind: predicted sites	predicted	1	0	0	NA
HGNC:8032	NTRK2	Q16620	ENSG00000148053	4915	SurfaceBind: predicted sites	predicted	1	0	0	NA
HGNC:8033	NTRK3	Q16288	ENSG00000140538	4916	SurfaceBind: predicted sites	predicted	1	0	0	NA
HGNC:8040	NTSR2	O95665	ENSG00000169006	23620	SurfaceBind: predicted sites	predicted	1	0	0	NA
HGNC:806	ATP1B3	P54709	ENSG00000069849	483	SurfaceBind: predicted sites	predicted	0	0	0	NA
HGNC:8117	TENM1	Q9UKZ4	ENSG00000009694	10178	SurfaceBind: predicted sites	predicted	1	0	0	NA
HGNC:8133	OLR1	P78380	ENSG00000173391	4973	SurfaceBind: predicted sites	predicted	1	1	0	NA
HGNC:8135	OMG	P23515	ENSG00000126861	4974	SurfaceBind: predicted sites	predicted	0	0	0	NA
HGNC:8143	OPCML	Q14982	ENSG00000183715	4978	SurfaceBind: predicted sites	predicted	0	0	0	NA
HGNC:815	ATP2B2	Q01814	ENSG00000157087	491	SurfaceBind: predicted sites	predicted	0	0	0	NA
HGNC:816	ATP2B3	Q16720	ENSG00000067842	492	SurfaceBind: predicted sites	predicted	0	0	0	NA
HGNC:817	ATP2B4	P23634	ENSG00000058668	493	SurfaceBind: predicted sites	predicted	0	0	0	NA
HGNC:8170	OR10G2	Q8NGC3	ENSG00000255582	26534	SurfaceBind: predicted sites	predicted	0	0	0	NA
HGNC:8174	OR10H3	O60404	ENSG00000171936	26532	SurfaceBind: predicted sites	predicted	0	0	0	NA
HGNC:8183	OR1D2	P34982	ENSG00000184166	4991	SurfaceBind: predicted sites	predicted	0	0	0	NA
HGNC:8216	OR1L4	Q8NGR5	ENSG00000136939	254973	SurfaceBind: predicted sites	predicted	0	0	0	NA
HGNC:8324	OR5B3	Q8NH48	ENSG00000172769	441608	SurfaceBind: predicted sites	predicted	0	0	0	NA
HGNC:8507	OSMR	Q99650	ENSG00000145623	9180	SurfaceBind: predicted sites	predicted	0	1	0	NA
HGNC:8514	CLDN11	O75508	ENSG00000013297	5010	SurfaceBind: predicted sites	predicted	0	0	0	NA
HGNC:8529	OXTR	P30559	ENSG00000180914	5021	SurfaceBind: predicted sites	predicted	1	0	0	NA
HGNC:8533	P2RX1	P51575	ENSG00000108405	5023	SurfaceBind: predicted sites	predicted	0	0	0	NA
HGNC:8534	P2RX3	P56373	ENSG00000109991	5024	SurfaceBind: predicted sites	predicted	0	0	0	NA
HGNC:8535	P2RX4	Q99571	ENSG00000135124	5025	SurfaceBind: predicted sites	predicted	0	0	0	NA
HGNC:8537	P2RX7	Q99572	ENSG00000089041	5027	SurfaceBind: predicted sites	predicted	0	0	0	NA
HGNC:8538	P2RX6	O15547	ENSG00000099957	9127	SurfaceBind: predicted sites	predicted	0	0	0	NA
HGNC:8539	P2RY1	P47900	ENSG00000169860	5028	SurfaceBind: predicted sites	predicted	0	0	0	NA
HGNC:8541	P2RY2	P41231	ENSG00000175591	5029	SurfaceBind: predicted sites	predicted	0	0	0	NA
HGNC:8568	FURIN	P09958	ENSG00000140564	5045	SurfaceBind: predicted sites	predicted	0	0	0	NA
HGNC:8596	PAM	P19021	ENSG00000145730	5066	SurfaceBind: predicted sites	predicted	0	0	0	NA
HGNC:8600	PANX2	Q96RD6	ENSG00000073150	56666	SurfaceBind: predicted sites	predicted	0	0	0	NA
HGNC:8655	PCDH1	Q08174	ENSG00000156453	5097	SurfaceBind: predicted sites	predicted	0	0	0	NA
HGNC:8656	PCDH11X	Q9BZA7	ENSG00000102290	27328	SurfaceBind: predicted sites	predicted	0	0	0	NA
HGNC:8657	PCDH12	Q9NPG4	ENSG00000113555	51294	SurfaceBind: predicted sites	predicted	0	0	0	NA
HGNC:8659	PCDH7	O60245	ENSG00000169851	5099	SurfaceBind: predicted sites	predicted	0	0	0	NA
HGNC:8660	PCDH8	O95206	ENSG00000136099	5100	SurfaceBind: predicted sites	predicted	0	0	0	NA
HGNC:8661	PCDH9	Q9HC56	ENSG00000184226	5101	SurfaceBind: predicted sites	predicted	0	0	0	NA
HGNC:8663	PCDHA1	Q9Y5I3	ENSG00000204970	56147	SurfaceBind: predicted sites	predicted	0	0	0	NA
HGNC:8664	PCDHA10	Q9Y5I2	ENSG00000250120	56139	SurfaceBind: predicted sites	predicted	0	0	0	NA
HGNC:8665	PCDHA11	Q9Y5I1	ENSG00000249158	56138	SurfaceBind: predicted sites	predicted	0	0	0	NA
HGNC:8666	PCDHA12	Q9UN75	ENSG00000251664	56137	SurfaceBind: predicted sites	predicted	0	0	0	NA
HGNC:8667	PCDHA13	Q9Y5I0	ENSG00000239389	56136	SurfaceBind: predicted sites	predicted	0	0	0	NA
HGNC:8668	PCDHA2	Q9Y5H9	ENSG00000204969	56146	SurfaceBind: predicted sites	predicted	0	0	0	NA
HGNC:8669	PCDHA3	Q9Y5H8	ENSG00000255408	56145	SurfaceBind: predicted sites	predicted	0	0	0	NA
HGNC:8670	PCDHA4	Q9UN74	ENSG00000204967	56144	SurfaceBind: predicted sites	predicted	0	0	0	NA
HGNC:8671	PCDHA5	Q9Y5H7	ENSG00000204965	56143	SurfaceBind: predicted sites	predicted	0	0	0	NA
HGNC:8672	PCDHA6	Q9UN73	ENSG00000081842	56142	SurfaceBind: predicted sites	predicted	0	0	0	NA
HGNC:8673	PCDHA7	Q9UN72	ENSG00000204963	56141	SurfaceBind: predicted sites	predicted	0	0	0	NA
HGNC:8674	PCDHA8	Q9Y5H6	ENSG00000204962	56140	SurfaceBind: predicted sites	predicted	0	0	0	NA
HGNC:8675	PCDHA9	Q9Y5H5	ENSG00000204961	9752	SurfaceBind: predicted sites	predicted	0	0	0	NA
HGNC:8676	PCDHAC1	Q9H158	ENSG00000248383	56135	SurfaceBind: predicted sites	predicted	0	0	0	NA
HGNC:8677	PCDHAC2	Q9Y5I4	ENSG00000243232	56134	SurfaceBind: predicted sites	predicted	0	0	0	NA
HGNC:8680	PCDHB1	Q9Y5F3	ENSG00000171815	29930	SurfaceBind: predicted sites	predicted	0	0	0	NA
HGNC:8681	PCDHB10	Q9UN67	ENSG00000120324	56126	SurfaceBind: predicted sites	predicted	0	0	0	NA
HGNC:8682	PCDHB11	Q9Y5F2	ENSG00000197479	56125	SurfaceBind: predicted sites	predicted	0	0	0	NA
HGNC:8683	PCDHB12	Q9Y5F1	ENSG00000120328	56124	SurfaceBind: predicted sites	predicted	0	0	0	NA
HGNC:8684	PCDHB13	Q9Y5F0	ENSG00000187372	56123	SurfaceBind: predicted sites	predicted	0	0	0	NA
HGNC:8685	PCDHB14	Q9Y5E9	ENSG00000120327	56122	SurfaceBind: predicted sites	predicted	0	0	0	NA
HGNC:8686	PCDHB15	Q9Y5E8	ENSG00000113248	56121	SurfaceBind: predicted sites	predicted	0	0	0	NA
HGNC:8687	PCDHB2	Q9Y5E7	ENSG00000112852	56133	SurfaceBind: predicted sites	predicted	0	0	0	NA
HGNC:8688	PCDHB3	Q9Y5E6	ENSG00000113205	56132	SurfaceBind: predicted sites	predicted	0	0	0	NA
HGNC:8689	PCDHB4	Q9Y5E5	ENSG00000081818	56131	SurfaceBind: predicted sites	predicted	0	0	0	NA
HGNC:8690	PCDHB5	Q9Y5E4	ENSG00000113209	26167	SurfaceBind: predicted sites	predicted	0	0	0	NA
HGNC:8691	PCDHB6	Q9Y5E3	ENSG00000113211	56130	SurfaceBind: predicted sites	predicted	0	0	0	NA
HGNC:8692	PCDHB7	Q9Y5E2	ENSG00000113212	56129	SurfaceBind: predicted sites	predicted	0	0	0	NA
HGNC:8693	PCDHB8	Q9UN66	ENSG00000120322	56128	SurfaceBind: predicted sites	predicted	0	0	0	NA
HGNC:8694	PCDHB9	Q9Y5E1	ENSG00000177839	56127	SurfaceBind: predicted sites	predicted	0	0	0	NA
HGNC:8696	PCDHGA1	Q9Y5H4	ENSG00000204956	56114	SurfaceBind: predicted sites	predicted	0	0	0	NA
HGNC:8697	PCDHGA10	Q9Y5H3	ENSG00000253846	56106	SurfaceBind: predicted sites	predicted	0	0	0	NA
HGNC:8698	PCDHGA11	Q9Y5H2	ENSG00000253873	56105	SurfaceBind: predicted sites	predicted	0	0	0	NA
HGNC:8699	PCDHGA12	O60330	ENSG00000253159	26025	SurfaceBind: predicted sites	predicted	0	0	0	NA
HGNC:8700	PCDHGA2	Q9Y5H1	ENSG00000081853	56113	SurfaceBind: predicted sites	predicted	0	0	0	NA
HGNC:8701	PCDHGA3	Q9Y5H0	ENSG00000254245	56112	SurfaceBind: predicted sites	predicted	0	0	0	NA
HGNC:8702	PCDHGA4	Q9Y5G9	ENSG00000262576	56111	SurfaceBind: predicted sites	predicted	0	0	0	NA
HGNC:8703	PCDHGA5	Q9Y5G8	ENSG00000253485	56110	SurfaceBind: predicted sites	predicted	0	0	0	NA
HGNC:8705	PCDHGA7	Q9Y5G6	ENSG00000253537	56108	SurfaceBind: predicted sites	predicted	0	0	0	NA
HGNC:8706	PCDHGA8	Q9Y5G5	ENSG00000253767	9708	SurfaceBind: predicted sites	predicted	0	0	0	NA
HGNC:8707	PCDHGA9	Q9Y5G4	ENSG00000261934	56107	SurfaceBind: predicted sites	predicted	0	0	0	NA
HGNC:8708	PCDHGB1	Q9Y5G3	ENSG00000254221	56104	SurfaceBind: predicted sites	predicted	0	0	0	NA
HGNC:8709	PCDHGB2	Q9Y5G2	ENSG00000253910	56103	SurfaceBind: predicted sites	predicted	0	0	0	NA
HGNC:8710	PCDHGB3	Q9Y5G1	ENSG00000262209	56102	SurfaceBind: predicted sites	predicted	0	0	0	NA
HGNC:8711	PCDHGB4	Q9UN71	ENSG00000253953	8641	SurfaceBind: predicted sites	predicted	0	0	0	NA
HGNC:8712	PCDHGB5	Q9Y5G0	ENSG00000276547	56101	SurfaceBind: predicted sites	predicted	0	0	0	NA
HGNC:8713	PCDHGB6	Q9Y5F9	ENSG00000253305	56100	SurfaceBind: predicted sites	predicted	0	0	0	NA
HGNC:8714	PCDHGB7	Q9Y5F8	ENSG00000254122	56099	SurfaceBind: predicted sites	predicted	0	0	0	NA
HGNC:8716	PCDHGC3	Q9UN70	ENSG00000240184	5098	SurfaceBind: predicted sites	predicted	0	0	0	NA
HGNC:8717	PCDHGC4	Q9Y5F7	ENSG00000242419	56098	SurfaceBind: predicted sites	predicted	0	0	0	NA
HGNC:8718	PCDHGC5	Q9Y5F6	ENSG00000240764	56097	SurfaceBind: predicted sites	predicted	0	0	0	NA
HGNC:8736	PCNX2	A6NKB5	ENSG00000135749	80003	SurfaceBind: predicted sites	predicted	0	0	0	NA
HGNC:8747	PCSK5	Q92824	ENSG00000099139	5125	SurfaceBind: predicted sites	predicted	0	0	0	NA
HGNC:8760	PDCD1	Q15116	ENSG00000188389	5133	SurfaceBind: predicted sites	predicted	1	1	0	NA
HGNC:8803	PDGFRA	P16234	ENSG00000134853	5156	SurfaceBind: predicted sites	predicted	1	1	0	NA
HGNC:8804	PDGFRB	P09619	ENSG00000113721	5159	SurfaceBind: predicted sites	predicted	1	1	0	NA
HGNC:8818	SLC26A4	O43511	ENSG00000091137	5172	SurfaceBind: predicted sites	predicted	0	0	0	NA
HGNC:8823	PECAM1	P16284	ENSG00000261371	5175	SurfaceBind: predicted sites	predicted	1	0	0	NA
HGNC:885	ATRN	O75882	ENSG00000088812	8455	SurfaceBind: predicted sites	predicted	0	0	0	NA
HGNC:8918	PHEX	P78562	ENSG00000102174	5251	SurfaceBind: predicted sites	predicted	0	0	0	NA
HGNC:895	AVPR1A	P37288	ENSG00000166148	552	SurfaceBind: predicted sites	predicted	1	0	0	NA
HGNC:8968	PIGR	P01833	ENSG00000162896	5284	SurfaceBind: predicted sites	predicted	1	0	0	NA
HGNC:897	AVPR2	P30518	ENSG00000126895	554	SurfaceBind: predicted sites	predicted	1	0	0	NA
HGNC:9008	PKD1	P98161	ENSG00000008710	5310	SurfaceBind: predicted sites	predicted	0	0	0	NA
HGNC:9009	PKD2	Q13563	ENSG00000118762	5311	SurfaceBind: predicted sites	predicted	0	0	0	NA
HGNC:9011	PKD2L1	Q9P0L9	ENSG00000107593	9033	SurfaceBind: predicted sites	predicted	0	0	0	NA
HGNC:9015	PKDREJ	Q9NTG1	ENSG00000130943	10343	SurfaceBind: predicted sites	predicted	0	0	0	NA
HGNC:9016	PKHD1	P08F94	ENSG00000170927	5314	SurfaceBind: predicted sites	predicted	0	0	0	NA
HGNC:9042	PLA2R1	Q13018	ENSG00000153246	22925	SurfaceBind: predicted sites	predicted	0	0	0	NA
HGNC:905	AXL	P30530	ENSG00000167601	558	SurfaceBind: predicted sites	predicted	1	1	0	NA
HGNC:9053	PLAUR	Q03405	ENSG00000011422	5329	SurfaceBind: predicted sites	predicted	1	0	0	NA
HGNC:9099	PLXNA1	Q9UIW2	ENSG00000114554	5361	SurfaceBind: predicted sites	predicted	0	0	0	NA
HGNC:9100	PLXNA2	O75051	ENSG00000076356	5362	SurfaceBind: predicted sites	predicted	0	0	0	NA
HGNC:9101	PLXNA3	P51805	ENSG00000130827	55558	SurfaceBind: predicted sites	predicted	0	0	0	NA
HGNC:9102	PLXNA4	Q9HCM2	ENSG00000221866	91584	SurfaceBind: predicted sites	predicted	1	0	0	NA
HGNC:9103	PLXNB1	O43157	ENSG00000164050	5364	SurfaceBind: predicted sites	predicted	1	0	0	NA
HGNC:9104	PLXNB2	O15031	ENSG00000196576	23654	SurfaceBind: predicted sites	predicted	1	0	0	NA
HGNC:9105	PLXNB3	Q9ULL4	ENSG00000198753	5365	SurfaceBind: predicted sites	predicted	1	0	0	NA
HGNC:9106	PLXNC1	O60486	ENSG00000136040	10154	SurfaceBind: predicted sites	predicted	1	0	0	NA
HGNC:9107	PLXND1	Q9Y4D7	ENSG00000004399	23129	SurfaceBind: predicted sites	predicted	1	0	0	NA
HGNC:9171	PODXL	O00592	ENSG00000128567	5420	SurfaceBind: predicted sites	predicted	1	0	0	NA
HGNC:933	BACE1	P56817	ENSG00000186318	23621	SurfaceBind: predicted sites	predicted	0	0	0	NA
HGNC:934	BACE2	Q9Y5Z0	ENSG00000182240	25825	SurfaceBind: predicted sites	predicted	0	0	0	NA
HGNC:9359	SLC26A5	P58743	ENSG00000170615	375611	SurfaceBind: predicted sites	predicted	0	0	0	NA
HGNC:9446	PRLR	P16471	ENSG00000113494	5618	SurfaceBind: predicted sites	predicted	1	1	0	NA
HGNC:9449	PRNP	P04156	ENSG00000171867	5621	SurfaceBind: predicted sites	predicted	0	0	0	NA
HGNC:9452	PROCR	Q9UNN8	ENSG00000101000	10544	SurfaceBind: predicted sites	predicted	1	0	0	NA
HGNC:9454	PROM1	O43490	ENSG00000007062	8842	SurfaceBind: predicted sites	predicted	0	0	0	NA
HGNC:9485	PRSS21	Q9Y6M0	ENSG00000007038	10942	SurfaceBind: predicted sites	predicted	0	0	0	NA
HGNC:9490	TMPRSS15	P98073	ENSG00000154646	5651	SurfaceBind: predicted sites	predicted	0	0	0	NA
HGNC:9491	PRSS8	Q16651	ENSG00000052344	5652	SurfaceBind: predicted sites	predicted	0	0	0	NA
HGNC:9508	PSEN1	P49768	ENSG00000080815	5663	SurfaceBind: predicted sites	predicted	0	0	0	NA
HGNC:9596	PTGER4	P35408	ENSG00000171522	5734	SurfaceBind: predicted sites	predicted	1	0	0	NA
HGNC:9601	PTGFRN	Q9P2B2	ENSG00000134247	5738	SurfaceBind: predicted sites	predicted	0	0	0	NA
HGNC:9609	PTH2R	P49190	ENSG00000144407	5746	SurfaceBind: predicted sites	predicted	1	0	0	NA
HGNC:9618	PTK7	Q13308	ENSG00000112655	5754	SurfaceBind: predicted sites	predicted	0	1	0	NA
HGNC:9662	SIRPA	P78324	ENSG00000198053	140885	SurfaceBind: predicted sites	predicted	1	1	0	NA
HGNC:9664	PTPRA	P18433	ENSG00000132670	5786	SurfaceBind: predicted sites	predicted	0	0	0	NA
HGNC:9665	PTPRB	P23467	ENSG00000127329	5787	SurfaceBind: predicted sites	predicted	0	0	0	NA
HGNC:9666	PTPRC	P08575	ENSG00000081237	5788	SurfaceBind: predicted sites	predicted	1	1	0	NA
HGNC:9668	PTPRD	P23468	ENSG00000153707	5789	SurfaceBind: predicted sites	predicted	1	0	0	NA
HGNC:9670	PTPRF	P10586	ENSG00000142949	5792	SurfaceBind: predicted sites	predicted	1	0	0	NA
HGNC:9671	PTPRG	P23470	ENSG00000144724	5793	SurfaceBind: predicted sites	predicted	0	0	0	NA
HGNC:9672	PTPRH	Q9HD43	ENSG00000080031	5794	SurfaceBind: predicted sites	predicted	0	0	0	NA
HGNC:9673	PTPRJ	Q12913	ENSG00000149177	5795	SurfaceBind: predicted sites	predicted	0	0	0	NA
HGNC:9674	PTPRK	Q15262	ENSG00000152894	5796	SurfaceBind: predicted sites	predicted	0	0	0	NA
HGNC:9675	PTPRM	P28827	ENSG00000173482	5797	SurfaceBind: predicted sites	predicted	0	0	0	NA
HGNC:9676	PTPRN	Q16849	ENSG00000054356	5798	SurfaceBind: predicted sites	predicted	0	0	0	NA
HGNC:9677	PTPRN2	Q92932	ENSG00000155093	5799	SurfaceBind: predicted sites	predicted	0	0	0	NA
HGNC:9678	PTPRO	Q16827	ENSG00000151490	5800	SurfaceBind: predicted sites	predicted	0	0	0	NA
HGNC:9679	PTPRQ	Q9UMZ3	ENSG00000139304	374462	SurfaceBind: predicted sites	predicted	0	0	0	NA
HGNC:9680	PTPRR	Q15256	ENSG00000153233	5801	SurfaceBind: predicted sites	predicted	0	0	0	NA
HGNC:9681	PTPRS	Q13332	ENSG00000105426	5802	SurfaceBind: predicted sites	predicted	1	0	0	NA
HGNC:9682	PTPRT	O14522	ENSG00000196090	11122	SurfaceBind: predicted sites	predicted	0	0	0	NA
HGNC:9683	PTPRU	Q92729	ENSG00000060656	10076	SurfaceBind: predicted sites	predicted	0	0	0	NA
HGNC:9700	IGDCC3	Q8IVU1	ENSG00000174498	9543	SurfaceBind: predicted sites	predicted	0	0	0	NA
HGNC:9705	PVR	P15151	ENSG00000073008	5817	SurfaceBind: predicted sites	predicted	1	0	0	NA
HGNC:9756	QSOX1	O00391	ENSG00000116260	5768	SurfaceBind: predicted sites	predicted	0	0	0	NA
HGNC:9844	RAMP2	O60895	ENSG00000131477	10266	SurfaceBind: predicted sites	predicted	0	0	0	NA
HGNC:9845	RAMP3	O60896	ENSG00000122679	10268	SurfaceBind: predicted sites	predicted	1	0	0	NA
HGNC:9967	RET	P07949	ENSG00000165731	5979	SurfaceBind: predicted sites	predicted	0	0	0	NA
