hgnc_id	hgnc_symbol	uniprot_acc	ensembl_gene	ncbi_gene_id	triage_classical_receptor	triage_surface_yes	biogrid_literature_contacts	biogrid_literature_contacts_extracellular	iedb_any_bcell_assay	iedb_epitope_region	iedb_epitope_region_extracellular	iedb_exact_epitope	iedb_exact_epitope_extracellular	iedb_named_positive_binding	natural_ligand_mapped_contacts	natural_ligand_mapped_contacts_extracellular	pdbe_chembl_identity	pdbe_chemical_contacts	pdbe_chemical_contacts_extracellular	pdbe_gtopdb_supported_pair	pdbe_gtopdb_supported_pair_extracellular	sabdab_mapped_contacts	sabdab_mapped_contacts_extracellular	sabdab_target_complex	union_including_regions	union_including_regions_extracellular	union_mapped_sites	union_mapped_sites_extracellular	identifier_status	in_previous_candidate_audit	llm_known_ligand	surfacebind_listed	surfacebind_predicted_sites	surfacebind_predicted_seeds	experimental_or_predicted_sites
HGNC:100	ASIC1	P78348	ENSG00000110881	41	0	1	0	0	0	0	0	0	0	0	0	0	0	0	0	0	0	1	1	1	1	1	1	1	unique	1	yes	1	1	1	1
HGNC:10006	RHAG	Q02094	ENSG00000112077	6005	0	1	0	0	0	0	0	0	0	0	0	0	1	1	0	0	0	0	0	0	0	0	0	0	unique	1	no	1	0	0	0
HGNC:10008	RHCE	P18577	ENSG00000188672	6006			0	0	1	0	0	0	0	0	0	0	0	0	0	0	0	0	0	0	0	0	0	0	unique	0	yes	0	0	0	0
HGNC:10009	RHD	Q02161	ENSG00000187010	6007	0	1	0	0	1	0	0	0	0	0	0	0	0	0	0	0	0	0	0	0	0	0	0	0	unique	1	yes	0	0	0	0
HGNC:10012	RHO	P08100	ENSG00000163914	6010	0	0	0	0	0	0	0	0	0	0	0	0	0	0	0	0	0	0	0	0	0	0	0	0	unique	1	yes	1	0	0	0
HGNC:10019	RIPK1	Q13546	ENSG00000137275	8737	0	0	0	0	1	0	0	0	0	0	0	0	1	1	0	1	0	0	0	0	1	0	1	0	unique	1	no	0	0	0	1
HGNC:10045	RNASE2	P10153	ENSG00000169385	6036			0	0	0	0	0	0	0	0	0	0	1	1	0	0	0	0	0	0	0	0	0	0	unique	0	no	0	0	0	0
HGNC:10047	RNASE4	P34096	ENSG00000258818	6038			0	0	0	0	0	0	0	0	0	0	0	1	0	0	0	0	0	0	0	0	0	0	unique	0	no	0	0	0	0
HGNC:10057	RNF13	O43567	ENSG00000082996	11342	0	0	0	0	0	0	0	0	0	0	0	0	0	0	0	0	0	0	0	0	0	0	0	0	unique	1	no	1	0	0	0
HGNC:101	ASIC3	Q9UHC3	ENSG00000213199	9311	0	1	0	0	0	0	0	0	0	0	0	0	0	0	0	0	0	0	0	0	0	0	0	0	unique	1	yes	0	0	0	0
HGNC:1012	OPN1SW	P03999	ENSG00000128617	611	0	1	0	0	0	0	0	0	0	0	0	0	1	1	0	0	0	0	0	1	0	0	0	0	unique	1	yes	1	0	0	0
HGNC:102	CNNM1	Q9NRU3	ENSG00000119946	26507	0	0	0	0	1	0	0	0	0	0	0	0	0	0	0	0	0	0	0	0	0	0	0	0	unique	1	no	0	0	0	0
HGNC:10249	ROBO1	Q9Y6N7	ENSG00000169855	6091	1	1	0	0	1	1	1	1	1	1	0	0	1	1	1	0	0	1	1	1	1	1	1	1	unique	1	yes	1	1	1	1
HGNC:10250	ROBO2	Q9HCK4	ENSG00000185008	6092	1	1	0	0	1	0	0	0	0	0	0	0	0	0	0	0	0	0	0	0	0	0	0	0	unique	1	yes	1	1	1	1
HGNC:10254	ROM1	Q03395	ENSG00000149489	6094	0	0	0	0	0	0	0	0	0	0	0	0	0	0	0	0	0	1	0	1	1	0	1	0	unique	1	yes	0	0	0	1
HGNC:10256	ROR1	Q01973	ENSG00000185483	4919	1	1	0	0	1	0	0	1	1	1	0	0	1	1	0	0	0	1	1	1	1	1	1	1	unique	1	yes	1	1	1	1
HGNC:10257	ROR2	Q01974	ENSG00000169071	4920	1	1	0	0	1	0	0	1	1	1	0	0	0	0	0	0	0	1	1	1	1	1	1	1	unique	1	yes	1	1	0	1
HGNC:10261	ROS1	P08922	ENSG00000047936	6098	1	1	0	0	1	0	0	0	0	0	0	0	1	1	0	1	0	0	0	0	1	0	1	0	unique	1	yes	1	1	1	1
HGNC:10274	RP2	O75695	ENSG00000102218	6102	0	0	0	0	0	0	0	0	0	0	0	0	1	1	0	0	0	0	0	0	0	0	0	0	unique	1	yes	0	0	0	0
HGNC:1029	BDKRB1	P46663	ENSG00000100739	623	0	1	0	0	0	0	0	0	0	0	1	0	0	0	0	0	0	1	0	1	1	0	1	0	unique	1	yes	1	0	0	1
HGNC:103	CNNM2	Q9H8M5	ENSG00000148842	54805	0	1	0	0	0	0	0	0	0	0	0	0	1	1	0	0	0	0	0	0	0	0	0	0	unique	1	yes	1	1	1	1
HGNC:1030	BDKRB2	P30411	ENSG00000168398	624	0	1	0	0	0	0	0	0	0	0	1	0	1	1	0	0	0	1	0	1	1	0	1	0	unique	1	yes	1	0	0	1
HGNC:10331	RPL29	P47914	ENSG00000162244	6159			0	0	1	0	0	0	0	0	0	0	1	1	0	0	0	0	0	0	0	0	0	0	unique	0	yes	0	0	0	0
HGNC:1037	CFB	P00751	ENSG00000243649	629	0	0	0	0	1	0	0	0	0	0	0	0	1	1	0	1	0	0	0	0	1	0	1	0	unique	1	yes	0	0	0	1
HGNC:10371	RPLP0	P05388	ENSG00000089157	6175			0	0	1	0	0	0	0	0	0	0	0	0	0	0	0	0	0	0	0	0	0	0	unique	0	no	0	0	0	0
HGNC:10377	RPLP2	P05387	ENSG00000177600	6181			0	0	1	0	0	0	0	0	0	0	0	0	0	0	0	0	0	0	0	0	0	0	unique	0	no	0	0	0	0
HGNC:10381	RPN1	P04843	ENSG00000163902	6184	0	0	0	0	0	0	0	0	0	0	0	0	0	1	0	0	0	0	0	0	0	0	0	0	unique	1	no	1	1	1	1
HGNC:104	CNNM3	Q8NE01	ENSG00000168763	26505	0	1	0	0	0	0	0	0	0	0	0	0	1	1	0	0	0	0	0	0	0	0	0	0	unique	1	yes	1	1	1	1
HGNC:10420	RPS3	P23396	ENSG00000149273	6188	0	0	0	0	1	0	0	0	0	0	0	0	0	0	0	0	0	0	0	0	0	0	0	0	unique	1	no	0	0	0	0
HGNC:1044	BGN	P21810	ENSG00000182492	633	0	0	0	0	1	0	0	0	0	0	0	0	0	0	0	0	0	0	0	0	0	0	0	0	unique	1	yes	0	0	0	0
HGNC:10450	RRH	O14718	ENSG00000180245	10692	0	1	0	0	0	0	0	0	0	0	0	0	0	0	0	0	0	0	0	0	0	0	0	0	unique	1	yes	1	0	0	0
HGNC:10457	RS1	O15537	ENSG00000102104	6247	0	0	0	0	0	0	0	0	0	0	0	0	0	0	0	0	0	0	0	0	0	0	0	0	unique	1	yes	0	0	0	0
HGNC:10468	RTN2	O75298	ENSG00000125744	6253	0	0	0	0	0	0	0	0	0	0	0	0	0	0	0	0	0	0	0	0	0	0	0	0	unique	1	yes	0	0	0	0
HGNC:10469	RTN3	O95197	ENSG00000133318	10313			0	0	0	0	0	0	0	0	0	0	0	0	0	0	0	0	0	0	0	0	0	0	unique	0	yes	0	0	0	0
HGNC:10481	RYK	P34925	ENSG00000163785	6259	1	1	0	0	0	0	0	0	0	0	0	0	0	0	0	0	0	0	0	0	0	0	0	0	unique	1	yes	1	1	1	1
HGNC:10486	S100A1	P23297	ENSG00000160678	6271			0	0	1	0	0	0	0	0	0	0	0	0	0	0	0	0	0	0	0	0	0	0	unique	0	yes	0	0	0	0
HGNC:10487	S100A10	P60903	ENSG00000197747	6281			0	0	0	0	0	0	0	0	0	0	0	0	0	0	0	0	0	0	0	0	0	0	unique	0	yes	0	0	0	0
HGNC:10488	S100A11	P31949	ENSG00000163191	6282			0	0	0	0	0	0	0	0	0	0	0	0	0	0	0	0	0	0	0	0	0	0	unique	0	yes	0	0	0	0
HGNC:10489	S100A12	P80511	ENSG00000163221	6283			0	0	0	0	0	0	0	0	0	0	0	0	0	0	0	0	0	0	0	0	0	0	unique	0	yes	0	0	0	0
HGNC:10490	S100A13	Q99584	ENSG00000189171	6284			0	0	0	0	0	0	0	0	0	0	1	1	0	0	0	0	0	0	0	0	0	0	unique	0	yes	0	0	0	0
HGNC:10493	S100A3	P33764	ENSG00000188015	6274	0	0	0	0	1	1	0	0	0	1	0	0	0	0	0	0	0	0	0	0	1	0	0	0	unique	1	no	0	0	0	0
HGNC:10494	S100A4	P26447	ENSG00000196154	6275			0	0	0	0	0	0	0	0	0	0	1	1	0	0	0	1	0	1	1	0	1	0	unique	0	yes	0	0	0	1
HGNC:10496	S100A6	P06703	ENSG00000197956	6277	0	0	0	0	0	0	0	0	0	0	0	0	0	0	0	0	0	0	0	0	0	0	0	0	unique	1	yes	0	0	0	0
HGNC:10497	S100A7	P31151	ENSG00000143556	6278			0	0	1	1	0	0	0	1	0	0	1	1	0	0	0	0	0	0	1	0	0	0	unique	0	yes	0	0	0	0
HGNC:10498	S100A8	P05109	ENSG00000143546	6279			0	0	1	0	0	0	0	0	0	0	1	1	0	0	0	0	0	0	0	0	0	0	unique	0	yes	0	0	0	0
HGNC:10499	S100A9	P06702	ENSG00000163220	6280	0	0	0	0	1	0	0	0	0	0	0	0	1	1	0	0	0	0	0	0	0	0	0	0	unique	1	yes	0	0	0	0
HGNC:105	CNNM4	Q6P4Q7	ENSG00000158158	26504	0	0	0	0	0	0	0	0	0	0	0	0	1	1	0	0	0	0	0	0	0	0	0	0	unique	1	yes	1	1	1	1
HGNC:10500	S100B	P04271	ENSG00000160307	6285			0	0	1	0	0	0	0	0	0	0	0	1	0	0	0	0	0	0	0	0	0	0	unique	0	yes	0	0	0	0
HGNC:10504	S100P	P25815	ENSG00000163993	6286			0	0	0	0	0	0	0	0	0	0	0	0	0	0	0	0	0	0	0	0	0	0	unique	0	yes	0	0	0	0
HGNC:1053	BIN2	Q9UBW5	ENSG00000110934	51411	0	0	0	0	0	0	0	0	0	0	0	0	1	1	0	0	0	0	0	0	0	0	0	0	unique	1	yes	0	0	0	0
HGNC:10539	TSPAN31	Q12999	ENSG00000135452	6302	0	1	0	0	0	0	0	0	0	0	0	0	0	0	0	0	0	0	0	0	0	0	0	0	unique	1	yes	1	1	1	1
HGNC:10563	SCAMP1	O15126	ENSG00000085365	9522			0	0	0	0	0	0	0	0	0	0	0	0	0	0	0	0	0	0	0	0	0	0	unique	0	no	0	0	0	0
HGNC:10564	SCAMP2	O15127	ENSG00000140497	10066			0	0	0	0	0	0	0	0	0	0	0	0	0	0	0	0	0	0	0	0	0	0	unique	0	no	0	0	0	0
HGNC:10565	SCAMP3	O14828	ENSG00000116521	10067			0	0	0	0	0	0	0	0	0	0	0	0	0	0	0	0	0	0	0	0	0	0	unique	0	no	0	0	0	0
HGNC:10569	SERPINB3	P29508	ENSG00000057149	6317			0	0	1	0	0	0	0	0	0	0	0	0	0	0	0	0	0	0	0	0	0	0	unique	0	no	0	0	0	0
HGNC:10573	SCEL	O95171	ENSG00000136155	8796	0	0	0	0	1	0	0	0	0	0	0	0	0	0	0	0	0	0	0	0	0	0	0	0	unique	1	no	0	0	0	0
HGNC:10575	SCG2	P13521	ENSG00000171951	7857			0	0	0	0	0	0	0	0	0	0	0	0	0	0	0	0	0	0	0	0	0	0	unique	0	yes	0	0	0	0
HGNC:10582	SCN10A	Q9Y5Y9	ENSG00000185313	6336	0	1	0	0	1	0	0	0	0	0	0	0	1	1	0	0	0	0	0	0	0	0	0	0	unique	1	no	1	1	1	1
HGNC:10583	SCN11A	Q9UI33	ENSG00000168356	11280	0	1	0	0	0	0	0	0	0	0	0	0	0	0	0	0	0	0	0	0	0	0	0	0	unique	1	no	1	1	1	1
HGNC:10585	SCN1A	P35498	ENSG00000144285	6323	0	1	0	0	1	0	0	0	0	0	0	0	0	1	0	0	0	0	0	0	0	0	0	0	unique	1	no	1	1	1	1
HGNC:10586	SCN1B	Q07699	ENSG00000105711	6324	1	1	0	0	0	0	0	0	0	0	0	0	0	1	0	0	0	0	0	0	0	0	0	0	unique	1	yes	1	1	1	1
HGNC:10588	SCN2A	Q99250	ENSG00000136531	6326	0	1	0	0	1	0	0	0	0	0	0	0	0	1	0	0	0	0	0	0	0	0	0	0	unique	1	no	1	1	1	1
HGNC:10589	SCN2B	O60939	ENSG00000149575	6327	1	1	0	0	0	0	0	0	0	0	0	0	0	0	0	0	0	0	0	0	0	0	0	0	unique	1	yes	1	1	1	1
HGNC:10590	SCN3A	Q9NY46	ENSG00000153253	6328	0	1	0	0	1	0	0	0	0	0	0	0	0	1	0	0	0	0	0	0	0	0	0	0	unique	1	yes	1	1	1	1
HGNC:10591	SCN4A	P35499	ENSG00000007314	6329	0	1	0	0	0	0	0	0	0	0	0	0	0	1	0	0	0	0	0	0	0	0	0	0	unique	1	yes	1	1	1	1
HGNC:10592	SCN4B	Q8IWT1	ENSG00000177098	6330	1	1	0	0	0	0	0	0	0	0	0	0	0	1	1	0	0	0	0	0	0	0	0	0	unique	1	yes	1	1	1	1
HGNC:10593	SCN5A	Q14524	ENSG00000183873	6331	0	1	0	0	1	0	0	0	0	0	0	0	1	1	0	0	0	0	0	0	0	0	0	0	unique	1	yes	1	1	1	1
HGNC:10594	SCN7A	Q01118	ENSG00000136546	6332	0	1	0	0	1	0	0	0	0	0	0	0	1	1	0	0	0	0	0	0	0	0	0	0	unique	1	no	1	1	1	1
HGNC:10596	SCN8A	Q9UQD0	ENSG00000196876	6334	0	1	0	0	0	0	0	0	0	0	0	0	1	1	0	0	0	0	0	0	0	0	0	0	unique	1	yes	1	1	1	1
HGNC:10597	SCN9A	Q15858	ENSG00000169432	6335	0	1	0	0	1	0	0	0	0	0	0	0	1	1	0	1	0	1	0	1	1	0	1	0	unique	1	no	1	1	1	1
HGNC:10599	SCNN1A	P37088	ENSG00000111319	6337	0	1	0	0	1	0	0	0	0	0	0	0	0	0	0	0	0	0	0	0	0	0	0	0	unique	1	yes	1	1	1	1
HGNC:1060	CXCR5	P32302	ENSG00000160683	643	0	1	0	0	0	0	0	0	0	0	0	0	0	0	0	0	0	0	0	0	0	0	0	0	unique	1	yes	1	1	1	1
HGNC:10600	SCNN1B	P51168	ENSG00000168447	6338	0	1	0	0	1	0	0	0	0	0	0	0	0	0	0	0	0	0	0	0	0	0	0	0	unique	1	yes	1	1	1	1
HGNC:10601	SCNN1D	P51172	ENSG00000162572	6339	0	1	0	0	0	0	0	0	0	0	0	0	0	0	0	0	0	0	0	0	0	0	0	0	unique	1	yes	1	1	1	1
HGNC:10602	SCNN1G	P51170	ENSG00000166828	6340	0	1	0	0	0	0	0	0	0	0	0	0	0	0	0	0	0	0	0	0	0	0	0	0	unique	1	yes	1	1	1	1
HGNC:10608	SCTR	P47872	ENSG00000080293	6344	0	1	0	0	0	0	0	0	0	0	1	0	0	0	0	0	0	0	0	0	1	0	1	0	unique	1	yes	1	1	1	1
HGNC:10620	CCL21	O00585	ENSG00000137077	6366			0	0	0	0	0	0	0	0	0	0	0	0	0	0	0	0	0	0	0	0	0	0	unique	0	yes	0	0	0	0
HGNC:10624	CCL25	O15444	ENSG00000131142	6370			0	0	0	0	0	0	0	0	0	0	0	0	0	0	0	0	0	0	0	0	0	0	unique	0	yes	0	0	0	0
HGNC:10626	CCL27	Q9Y4X3	ENSG00000213927	10850			0	0	0	0	0	0	0	0	0	0	0	0	0	0	0	0	0	0	0	0	0	0	unique	0	yes	0	0	0	0
HGNC:1063	BLVRB	P30043	ENSG00000090013	645	0	0	0	0	0	0	0	0	0	0	0	0	1	1	0	0	0	0	0	0	0	0	0	0	unique	1	yes	0	0	0	0
HGNC:10632	CCL5	P13501	ENSG00000271503	6352			0	0	0	0	0	0	0	0	0	0	1	1	0	0	0	0	0	0	0	0	0	0	unique	0	yes	0	0	0	0
HGNC:10647	CX3CL1	P78423	ENSG00000006210	6376	0	0	0	0	0	0	0	0	0	0	0	0	0	0	0	0	0	0	0	0	0	0	0	0	unique	1	yes	1	0	0	0
HGNC:10648	AIMP1	Q12904	ENSG00000164022	9255	0	0	0	0	1	0	0	0	0	0	0	0	0	0	0	0	0	0	0	0	0	0	0	0	unique	1	no	0	0	0	0
HGNC:10658	SDC1	P18827	ENSG00000115884	6382	1	1	0	0	1	0	0	0	0	0	0	0	0	1	0	0	0	0	0	0	0	0	0	0	unique	1	yes	1	0	0	0
HGNC:10659	SDC2	P34741	ENSG00000169439	6383	1	1	0	0	0	0	0	0	0	0	0	0	0	0	0	0	0	0	0	0	0	0	0	0	unique	1	yes	1	0	0	0
HGNC:10660	SDC3	O75056	ENSG00000162512	9672	1	1	0	0	0	0	0	0	0	0	0	0	0	0	0	0	0	0	0	0	0	0	0	0	unique	1	yes	0	0	0	0
HGNC:10661	SDC4	P31431	ENSG00000124145	6385	1	1	0	0	0	0	0	0	0	0	0	0	0	0	0	0	0	0	0	0	0	0	0	0	unique	1	yes	0	0	0	0
HGNC:1067	BMP1	P13497	ENSG00000168487	649	0	0	0	0	1	0	0	0	0	0	0	0	1	1	0	1	0	0	0	0	1	0	1	0	unique	1	yes	0	0	0	1
HGNC:10672	CXCL12	P48061	ENSG00000107562	6387	0	0	0	0	1	0	0	1	0	1	0	0	1	1	0	0	0	1	0	1	1	0	1	0	unique	1	no	0	0	0	1
HGNC:10690	CAVIN2	O95810	ENSG00000168497	8436	0	0	0	0	1	0	0	0	0	0	0	0	0	0	0	0	0	0	0	0	0	0	0	0	unique	1	yes	0	0	0	0
HGNC:10707	SECTM1	Q8WVN6	ENSG00000141574	6398	0	0	0	0	0	0	0	0	0	0	0	0	0	0	0	0	0	0	0	0	0	0	0	0	unique	1	yes	1	1	1	1
HGNC:10718	SELE	P16581	ENSG00000007908	6401	0	0	0	0	1	0	0	0	0	0	0	0	1	1	1	0	0	0	0	0	0	0	0	0	unique	1	yes	1	1	1	1
HGNC:10720	SELL	P14151	ENSG00000188404	6402	1	1	0	0	0	0	0	0	0	0	0	0	0	0	0	0	0	0	0	0	0	0	0	0	unique	1	yes	1	1	1	1
HGNC:10721	SELP	P16109	ENSG00000174175	6403	0	0	0	0	1	0	0	0	0	0	1	1	0	1	1	0	0	0	0	0	1	1	1	1	unique	1	yes	1	1	1	1
HGNC:10722	SELPLG	Q14242	ENSG00000110876	6404	1	1	0	0	1	0	0	0	0	0	0	0	0	0	0	0	0	0	0	0	0	0	0	0	unique	1	yes	1	0	0	0
HGNC:10723	SEMA3A	Q14563	ENSG00000075213	10371	0	0	0	0	1	1	0	0	0	1	0	0	0	0	0	0	0	0	0	0	1	0	0	0	unique	1	yes	0	0	0	0
HGNC:10724	SEMA3B	Q13214	ENSG00000012171	7869			0	0	0	0	0	0	0	0	0	0	0	0	0	0	0	0	0	0	0	0	0	0	unique	0	yes	0	0	0	0
HGNC:10725	SEMA3C	Q99985	ENSG00000075223	10512	0	0	0	0	1	1	0	0	0	1	0	0	0	0	0	0	0	0	0	0	1	0	0	0	unique	1	yes	0	0	0	0
HGNC:10727	SEMA3E	O15041	ENSG00000170381	9723			0	0	0	0	0	0	0	0	0	0	0	0	0	0	0	0	0	0	0	0	0	0	unique	0	yes	0	0	0	0
HGNC:10729	SEMA4A	Q9H3S1	ENSG00000196189	64218	1	1	0	0	0	0	0	0	0	0	0	0	0	0	0	0	0	0	0	0	0	0	0	0	unique	1	yes	1	1	1	1
HGNC:10730	SEMA4B	Q9NPR2	ENSG00000185033	10509	1	1	0	0	0	0	0	0	0	0	0	0	0	0	0	0	0	0	0	0	0	0	0	0	unique	1	yes	1	1	1	1
HGNC:10731	SEMA4C	Q9C0C4	ENSG00000168758	54910	1	1	0	0	1	0	0	0	0	0	0	0	0	0	0	0	0	0	0	0	0	0	0	0	unique	1	yes	1	1	1	1
HGNC:10732	SEMA4D	Q92854	ENSG00000187764	10507	1	1	0	0	1	0	0	0	0	0	0	0	0	0	0	0	0	0	0	0	0	0	0	0	unique	1	yes	1	1	1	1
HGNC:10734	SEMA4F	O95754	ENSG00000135622	10505	1	1	0	0	0	0	0	0	0	0	0	0	0	0	0	0	0	0	0	0	0	0	0	0	unique	1	yes	1	1	1	1
HGNC:10735	SEMA4G	Q9NTN9	ENSG00000095539	57715	1	1	0	0	1	0	0	0	0	0	0	0	0	0	0	0	0	0	0	0	0	0	0	0	unique	1	yes	1	1	1	1
HGNC:10736	SEMA5A	Q13591	ENSG00000112902	9037	1	1	0	0	0	0	0	0	0	0	0	0	0	0	0	0	0	0	0	0	0	0	0	0	unique	1	yes	1	1	1	1
HGNC:10737	SEMA5B	Q9P283	ENSG00000082684	54437	0	0	0	0	0	0	0	0	0	0	0	0	0	0	0	0	0	0	0	0	0	0	0	0	unique	1	yes	1	1	1	1
HGNC:10738	SEMA6A	Q9H2E6	ENSG00000092421	57556	1	1	0	0	1	0	0	0	0	0	0	0	0	0	0	0	0	0	0	0	0	0	0	0	unique	1	yes	1	1	1	1
HGNC:10739	SEMA6B	Q9H3T3	ENSG00000167680	10501	1	1	0	0	0	0	0	0	0	0	0	0	0	0	0	0	0	0	0	0	0	0	0	0	unique	1	yes	1	1	1	1
HGNC:10740	SEMA6C	Q9H3T2	ENSG00000143434	10500	1	1	0	0	1	0	0	0	0	0	0	0	0	0	0	0	0	0	0	0	0	0	0	0	unique	1	yes	1	1	1	1
HGNC:10741	SEMA7A	O75326	ENSG00000138623	8482	0	1	0	0	0	0	0	0	0	0	0	0	0	0	0	0	0	0	0	0	0	0	0	0	unique	1	yes	1	1	1	1
HGNC:10742	SEMG1	P04279	ENSG00000124233	6406			0	0	1	0	0	0	0	0	0	0	0	0	0	0	0	0	0	0	0	0	0	0	unique	0	yes	0	0	0	0
HGNC:10751	SELENOP	P49908	ENSG00000250722	6414			0	0	1	0	0	0	0	0	0	0	0	0	0	0	0	0	0	0	0	0	0	0	unique	0	yes	0	0	0	0
HGNC:1076	BMPR1A	P36894	ENSG00000107779	657	1	1	0	0	1	0	0	1	1	1	0	0	0	0	0	0	0	1	1	1	1	1	1	1	unique	1	yes	1	1	1	1
HGNC:10763	SEZ6L	Q9BYH1	ENSG00000100095	23544	0	0	0	0	1	0	0	0	0	0	0	0	0	0	0	0	0	0	0	0	0	0	0	0	unique	1	no	0	0	0	0
HGNC:1077	BMPR1B	O00238	ENSG00000138696	658	1	1	0	0	1	0	0	0	0	0	0	0	1	1	0	0	0	0	0	0	0	0	0	0	unique	1	yes	0	0	0	0
HGNC:1078	BMPR2	Q13873	ENSG00000204217	659	1	1	0	0	1	0	0	0	0	0	0	0	1	1	0	0	0	0	0	0	0	0	0	0	unique	1	yes	1	1	1	1
HGNC:1079	BMX	P51813	ENSG00000102010	660	0	0	0	0	1	0	0	0	0	0	0	0	1	1	0	0	0	0	0	0	0	0	0	0	unique	1	no	0	0	0	0
HGNC:10799	SFTPA2	Q8IWL1	ENSG00000185303	729238			0	0	0	0	0	0	0	0	0	0	0	0	0	0	0	0	0	0	0	0	0	0	unique	0	no	0	0	0	0
HGNC:108	ACHE	P22303	ENSG00000087085	43	0	1	0	0	1	0	0	0	0	0	0	0	1	1	0	1	0	0	0	0	1	0	1	0	unique	1	yes	1	1	1	1
HGNC:10801	SFTPB	P07988	ENSG00000168878	6439			0	0	0	0	0	0	0	0	0	0	0	0	0	0	0	0	0	0	0	0	0	0	unique	0	no	0	0	0	0
HGNC:10802	SFTPC	P11686	ENSG00000168484	6440			0	0	0	0	0	0	0	0	0	0	0	0	0	0	0	0	0	0	0	0	0	0	unique	0	no	0	0	0	0
HGNC:10805	SGCA	Q16586	ENSG00000108823	6442	1	1	0	0	0	0	0	0	0	0	0	0	0	0	0	0	0	0	0	0	0	0	0	0	unique	1	no	1	1	1	1
HGNC:10806	SGCB	Q16585	ENSG00000163069	6443	1	1	0	0	0	0	0	0	0	0	0	0	0	0	0	0	0	0	0	0	0	0	0	0	unique	1	yes	1	1	1	1
HGNC:10807	SGCD	Q92629	ENSG00000170624	6444	1	1	0	0	0	0	0	0	0	0	0	0	0	0	0	0	0	0	0	0	0	0	0	0	unique	1	yes	1	1	1	1
HGNC:10808	SGCE	O43556	ENSG00000127990	8910	1	1	0	0	1	0	0	0	0	0	0	0	0	0	0	0	0	0	0	0	0	0	0	0	unique	1	yes	1	1	1	1
HGNC:10809	SGCG	Q13326	ENSG00000102683	6445	1	1	0	0	0	0	0	0	0	0	0	0	0	0	0	0	0	0	0	0	0	0	0	0	unique	1	no	0	0	0	0
HGNC:10817	SGPL1	O95470	ENSG00000166224	8879			0	0	0	0	0	0	0	0	0	0	1	1	0	1	0	0	0	0	1	0	1	0	unique	0	yes	0	0	0	1
HGNC:10818	SGSH	P51688	ENSG00000181523	6448			0	0	0	0	0	0	0	0	0	0	0	0	0	0	0	0	0	0	0	0	0	0	unique	0	yes	0	0	0	0
HGNC:10839	SHBG	P04278	ENSG00000129214	6462			0	0	0	0	0	0	0	0	0	0	1	1	0	0	0	0	0	0	0	0	0	0	unique	0	yes	0	0	0	0
HGNC:10848	SHH	Q15465	ENSG00000164690	6469	0	0	0	0	1	0	0	1	0	1	0	0	1	1	0	0	0	1	0	1	1	0	1	0	unique	1	yes	0	0	0	1
HGNC:10856	SI	P14410	ENSG00000090402	6476	1	1	0	0	1	0	0	0	0	0	0	0	0	1	0	0	0	0	0	0	0	0	0	0	unique	1	yes	0	0	0	0
HGNC:10860	ST6GAL1	P15907	ENSG00000073849	6480			0	0	1	0	0	0	0	0	0	0	1	1	0	0	0	0	0	0	0	0	0	0	unique	0	yes	0	0	0	0
HGNC:10862	ST3GAL1	Q11201	ENSG00000008513	6482	0	0	0	0	0	0	0	0	0	0	0	0	0	0	0	0	0	0	0	0	0	0	0	0	unique	1	yes	0	0	0	0
HGNC:10874	SIGLEC5	O15389	ENSG00000105501	8778	1	1	0	0	0	0	0	0	0	0	0	0	0	0	0	0	0	0	0	0	0	0	0	0	unique	1	yes	1	1	1	1
HGNC:10875	SIGLEC6	O43699	ENSG00000105492	946	1	1	0	0	0	0	0	0	0	0	0	0	0	0	0	0	0	0	0	0	0	0	0	0	unique	1	yes	1	1	1	1
HGNC:10876	SIGLEC7	Q9Y286	ENSG00000168995	27036	1	1	0	0	1	0	0	0	0	0	0	0	0	1	1	0	0	0	0	0	0	0	0	0	unique	1	yes	1	1	1	1
HGNC:10877	SIGLEC8	Q9NYZ4	ENSG00000105366	27181	1	1	0	0	1	0	0	0	0	0	0	0	0	0	0	0	0	1	1	1	1	1	1	1	unique	1	yes	1	1	1	1
HGNC:10878	SIGLEC9	Q9Y336	ENSG00000129450	27180	1	1	0	0	1	0	0	0	0	0	0	0	0	0	0	0	0	0	0	0	0	0	0	0	unique	1	yes	1	1	1	1
HGNC:10880	PMEL	P40967	ENSG00000185664	6490	0	0	0	0	1	0	0	0	0	0	0	0	0	0	0	0	0	0	0	0	0	0	0	0	unique	1	no	1	1	1	1
HGNC:10903	SLAMF1	Q13291	ENSG00000117090	6504	1	1	0	0	0	0	0	0	0	0	0	0	0	1	0	0	0	0	0	0	0	0	0	0	unique	1	yes	1	1	1	1
HGNC:10905	SLC10A1	Q14973	ENSG00000100652	6554	0	1	0	0	1	1	0	0	0	1	0	0	1	1	0	0	0	1	0	1	1	0	1	0	unique	1	yes	1	0	0	1
HGNC:10906	SLC10A2	Q12908	ENSG00000125255	6555	0	1	0	0	0	0	0	0	0	0	0	0	0	0	0	0	0	0	0	0	0	0	0	0	unique	1	yes	1	1	1	1
HGNC:10907	SLC11A1	P49279	ENSG00000018280	6556	0	0	0	0	0	0	0	0	0	0	0	0	0	0	0	0	0	0	0	0	0	0	0	0	unique	1	yes	1	0	0	0
HGNC:10908	SLC11A2	P49281	ENSG00000110911	4891	0	0	0	0	0	0	0	0	0	0	0	0	0	0	0	0	0	1	1	1	1	1	1	1	unique	1	yes	1	0	0	1
HGNC:10909	SLC40A1	Q9NP59	ENSG00000138449	30061	0	1	0	0	1	1	0	0	0	1	0	0	0	1	0	0	0	1	0	1	1	0	1	0	unique	1	yes	1	0	0	1
HGNC:10910	SLC12A1	Q13621	ENSG00000074803	6557	0	0	0	0	0	0	0	0	0	0	0	0	0	0	0	0	0	0	0	0	0	0	0	0	unique	1	yes	1	1	1	1
HGNC:10911	SLC12A2	P55011	ENSG00000064651	6558	0	1	0	0	0	0	0	0	0	0	0	0	1	1	0	1	0	0	0	0	1	0	1	0	unique	1	yes	1	1	1	1
HGNC:10912	SLC12A3	P55017	ENSG00000070915	6559	0	1	0	0	1	0	0	0	0	0	0	0	1	1	0	0	0	0	0	0	0	0	0	0	unique	1	yes	1	1	1	1
HGNC:10913	SLC12A4	Q9UP95	ENSG00000124067	6560	0	1	0	0	0	0	0	0	0	0	0	0	1	1	0	0	0	0	0	0	0	0	0	0	unique	1	yes	1	1	1	1
HGNC:10914	SLC12A6	Q9UHW9	ENSG00000140199	9990	0	1	0	0	1	0	0	0	0	0	0	0	0	0	0	0	0	0	0	0	0	0	0	0	unique	1	no	1	1	1	1
HGNC:10915	SLC12A7	Q9Y666	ENSG00000113504	10723	0	1	0	0	1	0	0	0	0	0	0	0	0	0	0	0	0	0	0	0	0	0	0	0	unique	1	no	1	1	1	1
HGNC:10916	SLC13A1	Q9BZW2	ENSG00000081800	6561	0	1	0	0	0	0	0	0	0	0	0	0	1	1	0	0	0	0	0	0	0	0	0	0	unique	1	yes	1	1	1	1
HGNC:10917	SLC13A2	Q13183	ENSG00000007216	9058	0	1	0	0	0	0	0	0	0	0	0	0	0	1	0	0	0	0	0	0	0	0	0	0	unique	1	yes	1	0	0	0
HGNC:10918	SLC14A1	Q13336	ENSG00000141469	6563	0	1	0	0	0	0	0	0	0	0	0	0	1	1	0	0	0	0	0	0	0	0	0	0	unique	1	yes	1	0	0	0
HGNC:10919	SLC14A2	Q15849	ENSG00000132874	8170	0	1	0	0	1	0	0	0	0	0	0	0	1	1	0	0	0	0	0	0	0	0	0	0	unique	1	yes	1	0	0	0
HGNC:10920	SLC15A1	P46059	ENSG00000088386	6564	0	1	0	0	0	0	0	0	0	0	0	0	0	0	0	0	0	0	0	0	0	0	0	0	unique	1	yes	1	1	1	1
HGNC:10921	SLC15A2	Q16348	ENSG00000163406	6565	0	1	0	0	0	0	0	0	0	0	0	0	1	1	0	0	0	0	0	0	0	0	0	0	unique	1	yes	1	1	1	1
HGNC:10922	SLC16A1	P53985	ENSG00000155380	6566	0	1	0	0	0	0	0	0	0	0	0	0	1	1	0	0	0	0	0	0	0	0	0	0	unique	1	yes	1	0	0	0
HGNC:10923	SLC16A2	P36021	ENSG00000147100	6567	0	1	0	0	1	0	0	0	0	0	0	0	1	1	0	0	0	1	0	1	1	0	1	0	unique	1	yes	0	0	0	1
HGNC:10924	SLC16A3	O15427	ENSG00000141526	9123	0	1	0	0	0	0	0	0	0	0	0	0	0	0	0	0	0	0	0	0	0	0	0	0	unique	1	yes	0	0	0	0
HGNC:10925	SLC16A4	O15374	ENSG00000168679	9122	0	1	0	0	0	0	0	0	0	0	0	0	0	0	0	0	0	0	0	0	0	0	0	0	unique	1	yes	1	0	0	0
HGNC:10926	SLC16A5	O15375	ENSG00000170190	9121	0	1	0	0	0	0	0	0	0	0	0	0	0	0	0	0	0	0	0	0	0	0	0	0	unique	1	yes	1	0	0	0
HGNC:10927	SLC16A6	O15403	ENSG00000108932	9120	0	1	0	0	1	0	0	0	0	0	0	0	0	0	0	0	0	0	0	0	0	0	0	0	unique	1	yes	1	0	0	0
HGNC:10928	SLC16A7	O60669	ENSG00000118596	9194	0	1	0	0	0	0	0	0	0	0	0	0	0	0	0	0	0	0	0	0	0	0	0	0	unique	1	yes	1	0	0	0
HGNC:10929	SLC17A1	Q14916	ENSG00000124568	6568	0	1	0	0	0	0	0	0	0	0	0	0	0	0	0	0	0	0	0	0	0	0	0	0	unique	1	yes	1	0	0	0
HGNC:10930	SLC17A2	O00624	ENSG00000112337	10246	0	1	0	0	0	0	0	0	0	0	0	0	0	0	0	0	0	0	0	0	0	0	0	0	unique	1	yes	0	0	0	0
HGNC:10931	SLC17A3	O00476	ENSG00000124564	10786	0	0	0	0	0	0	0	0	0	0	0	0	0	0	0	0	0	0	0	0	0	0	0	0	unique	1	yes	0	0	0	0
HGNC:10932	SLC17A4	Q9Y2C5	ENSG00000146039	10050	0	1	0	0	0	0	0	0	0	0	0	0	0	0	0	0	0	0	0	0	0	0	0	0	unique	1	yes	0	0	0	0
HGNC:10933	SLC17A5	Q9NRA2	ENSG00000119899	26503	0	0	0	0	0	0	0	0	0	0	0	0	0	0	0	0	0	0	0	0	0	0	0	0	unique	1	yes	1	0	0	0
HGNC:10936	SLC18A3	Q16572	ENSG00000187714	6572	0	0	0	0	0	0	0	0	0	0	0	0	1	1	0	0	0	0	0	0	0	0	0	0	unique	1	yes	1	0	0	0
HGNC:10937	SLC19A1	P41440	ENSG00000173638	6573	0	1	0	0	0	0	0	0	0	0	0	0	1	1	0	1	0	0	0	1	1	0	1	0	unique	1	yes	1	1	1	1
HGNC:10938	SLC19A2	O60779	ENSG00000117479	10560	0	1	0	0	0	0	0	0	0	0	0	0	1	1	0	1	0	0	0	0	1	0	1	0	unique	1	yes	1	0	0	1
HGNC:10939	SLC1A1	P43005	ENSG00000106688	6505	0	1	0	0	0	0	0	0	0	0	0	0	1	1	0	0	0	1	0	1	1	0	1	0	unique	1	yes	1	0	0	1
HGNC:10940	SLC1A2	P43004	ENSG00000110436	6506	0	1	0	0	0	0	0	0	0	0	0	0	1	1	0	0	0	0	0	0	0	0	0	0	unique	1	yes	1	1	1	1
HGNC:10941	SLC1A3	P43003	ENSG00000079215	6507	0	1	0	0	0	0	0	0	0	0	0	0	1	1	0	0	0	0	0	0	0	0	0	0	unique	1	yes	1	1	1	1
HGNC:10942	SLC1A4	P43007	ENSG00000115902	6509	0	1	0	0	1	0	0	0	0	0	0	0	0	0	0	0	0	0	0	0	0	0	0	0	unique	1	yes	1	0	0	0
HGNC:10943	SLC1A5	Q15758	ENSG00000105281	6510	0	1	0	0	1	0	0	0	0	0	0	0	1	1	0	0	0	1	0	1	1	0	1	0	unique	1	yes	1	0	0	1
HGNC:10944	SLC1A6	P48664	ENSG00000105143	6511	0	1	0	0	0	0	0	0	0	0	0	0	0	0	0	0	0	0	0	0	0	0	0	0	unique	1	yes	1	0	0	0
HGNC:10945	SLC1A7	O00341	ENSG00000162383	6512	0	1	0	0	0	0	0	0	0	0	0	0	0	0	0	0	0	0	0	0	0	0	0	0	unique	1	yes	1	0	0	0
HGNC:10946	SLC20A1	Q8WUM9	ENSG00000144136	6574	0	1	0	0	0	0	0	0	0	0	0	0	0	0	0	0	0	0	0	0	0	0	0	0	unique	1	yes	0	0	0	0
HGNC:10947	SLC20A2	Q08357	ENSG00000168575	6575	0	1	0	0	0	0	0	0	0	0	0	0	0	0	0	0	0	0	0	0	0	0	0	0	unique	1	yes	1	0	0	0
HGNC:1095	BPI	P17213	ENSG00000101425	671			0	0	0	0	0	0	0	0	0	0	0	1	0	0	0	0	0	0	0	0	0	0	unique	0	yes	0	0	0	0
HGNC:10952	SLCO3A1	Q9UIG8	ENSG00000176463	28232	0	1	0	0	0	0	0	0	0	0	0	0	0	0	0	0	0	0	0	0	0	0	0	0	unique	1	yes	1	0	0	0
HGNC:10953	SLCO4A1	Q96BD0	ENSG00000101187	28231	0	1	0	0	0	0	0	0	0	0	0	0	0	0	0	0	0	0	0	0	0	0	0	0	unique	1	yes	1	0	0	0
HGNC:10955	SLCO2A1	Q92959	ENSG00000174640	6578	0	1	0	0	1	0	0	0	0	0	0	0	1	1	0	1	0	0	0	0	1	0	1	0	unique	1	yes	1	0	0	1
HGNC:10956	SLCO1A2	P46721	ENSG00000084453	6579	0	1	0	0	0	0	0	0	0	0	0	0	0	0	0	0	0	0	0	0	0	0	0	0	unique	1	yes	1	0	0	0
HGNC:10959	SLCO1B1	Q9Y6L6	ENSG00000134538	10599	0	1	0	0	1	0	0	0	0	0	0	0	1	1	0	0	0	1	0	1	1	0	1	0	unique	1	yes	1	0	0	1
HGNC:10961	SLCO1B3	Q9NPD5	ENSG00000111700	28234	0	0	0	0	0	0	0	0	0	0	0	0	1	1	0	0	0	1	0	1	1	0	1	0	unique	1	yes	1	1	1	1
HGNC:10962	SLCO2B1	O94956	ENSG00000137491	11309	0	1	0	0	0	0	0	0	0	0	0	0	0	0	0	0	0	0	0	0	0	0	0	0	unique	1	yes	1	1	1	1
HGNC:10963	SLC22A1	O15245	ENSG00000175003	6580	0	1	0	0	0	0	0	0	0	0	0	0	1	1	0	0	0	1	0	1	1	0	1	0	unique	1	yes	1	0	0	1
HGNC:10964	SLC67A1	Q96BI1	ENSG00000110628	5002	0	1	0	0	0	0	0	0	0	0	0	0	0	0	0	0	0	0	0	0	0	0	0	0	unique	1	yes	0	0	0	0
HGNC:10966	SLC22A2	O15244	ENSG00000112499	6582	0	1	0	0	0	0	0	0	0	0	0	0	0	0	0	0	0	0	0	0	0	0	0	0	unique	1	yes	1	0	0	0
HGNC:10967	SLC22A3	O75751	ENSG00000146477	6581	0	1	0	0	0	0	0	0	0	0	0	0	1	1	0	0	0	0	0	0	0	0	0	0	unique	1	yes	1	0	0	0
HGNC:10968	SLC22A4	Q9H015	ENSG00000197208	6583	0	1	0	0	0	0	0	0	0	0	0	0	0	0	0	0	0	0	0	0	0	0	0	0	unique	1	yes	1	0	0	0
HGNC:10969	SLC22A5	O76082	ENSG00000197375	6584	0	1	0	0	0	0	0	0	0	0	0	0	1	1	0	0	0	0	0	0	0	0	0	0	unique	1	yes	0	0	0	0
HGNC:10970	SLC22A6	Q4U2R8	ENSG00000197901	9356	0	1	0	0	0	0	0	0	0	0	0	0	1	1	0	0	0	0	0	0	0	0	0	0	unique	1	yes	1	0	0	0
HGNC:10971	SLC22A7	Q9Y694	ENSG00000137204	10864	0	1	0	0	0	0	0	0	0	0	0	0	0	0	0	0	0	0	0	0	0	0	0	0	unique	1	yes	1	0	0	0
HGNC:10972	SLC22A8	Q8TCC7	ENSG00000149452	9376	0	0	0	0	0	0	0	0	0	0	0	0	0	0	0	0	0	0	0	0	0	0	0	0	unique	1	yes	1	0	0	0
HGNC:10973	SLC23A2	Q9UGH3	ENSG00000089057	9962	0	1	0	0	0	0	0	0	0	0	0	0	0	0	0	0	0	0	0	0	0	0	0	0	unique	1	yes	1	1	1	1
HGNC:10974	SLC23A1	Q9UHI7	ENSG00000170482	9963	0	1	0	0	0	0	0	0	0	0	0	0	1	1	0	0	0	0	0	0	0	0	0	0	unique	1	yes	1	0	0	0
HGNC:10975	SLC24A1	O60721	ENSG00000074621	9187	0	1	0	0	1	0	0	0	0	0	0	0	0	0	0	0	0	0	0	0	0	0	0	0	unique	1	no	0	0	0	0
HGNC:10976	SLC24A2	Q9UI40	ENSG00000155886	25769	0	1	0	0	1	0	0	0	0	0	0	0	0	0	0	0	0	0	0	0	0	0	0	0	unique	1	yes	1	1	1	1
HGNC:10977	SLC24A3	Q9HC58	ENSG00000185052	57419	0	1	0	0	0	0	0	0	0	0	0	0	0	0	0	0	0	0	0	0	0	0	0	0	unique	1	yes	1	1	1	1
HGNC:10978	SLC24A4	Q8NFF2	ENSG00000140090	123041	0	1	0	0	1	0	0	0	0	0	0	0	0	0	0	0	0	0	0	0	0	0	0	0	unique	1	yes	1	1	1	1
HGNC:10993	SLC26A1	Q9H2B4	ENSG00000145217	10861	0	1	0	0	1	0	0	0	0	0	0	0	0	0	0	0	0	0	0	0	0	0	0	0	unique	1	yes	1	0	0	0
HGNC:10994	SLC26A2	P50443	ENSG00000155850	1836	0	1	0	0	0	0	0	0	0	0	0	0	0	1	0	0	0	0	0	0	0	0	0	0	unique	1	yes	1	1	1	1
HGNC:10995	SLC27A1	Q6PCB7	ENSG00000130304	376497	0	1	0	0	0	0	0	0	0	0	0	0	0	0	0	0	0	0	0	0	0	0	0	0	unique	1	yes	0	0	0	0
HGNC:10997	SLC27A3	Q5K4L6	ENSG00000143554	11000			0	0	1	0	0	0	0	0	0	0	0	0	0	0	0	0	0	0	0	0	0	0	unique	0	yes	0	0	0	0
HGNC:10998	SLC27A4	Q6P1M0	ENSG00000167114	10999			0	0	0	0	0	0	0	0	0	0	0	0	0	0	0	0	0	0	0	0	0	0	unique	0	yes	0	0	0	0
HGNC:11000	SLC27A6	Q9Y2P4	ENSG00000113396	28965			0	0	1	0	0	0	0	0	0	0	0	0	0	0	0	0	0	0	0	0	0	0	unique	0	yes	0	0	0	0
HGNC:11001	SLC28A1	O00337	ENSG00000156222	9154	0	1	0	0	1	0	0	0	0	0	0	0	0	0	0	0	0	0	0	0	0	0	0	0	unique	1	yes	1	0	0	0
HGNC:11002	SLC28A2	O43868	ENSG00000137860	9153	0	1	0	0	0	0	0	0	0	0	0	0	0	0	0	0	0	0	0	0	0	0	0	0	unique	1	yes	1	0	0	0
HGNC:11003	SLC29A1	Q99808	ENSG00000112759	2030	0	1	0	0	0	0	0	0	0	0	0	0	1	1	0	1	0	0	0	0	1	0	1	0	unique	1	yes	1	0	0	1
HGNC:11004	SLC29A2	Q14542	ENSG00000174669	3177	0	1	0	0	0	0	0	0	0	0	0	0	0	0	0	0	0	0	0	0	0	0	0	0	unique	1	yes	1	0	0	0
HGNC:11005	SLC2A1	P11166	ENSG00000117394	6513	0	1	0	0	0	0	0	0	0	0	0	0	1	1	0	0	0	0	0	0	0	0	0	0	unique	1	yes	1	0	0	0
HGNC:11006	SLC2A2	P11168	ENSG00000163581	6514	0	1	0	0	0	0	0	0	0	0	0	0	0	0	0	0	0	0	0	0	0	0	0	0	unique	1	yes	1	0	0	0
HGNC:11007	SLC2A3	P11169	ENSG00000059804	6515	0	1	0	0	0	0	0	0	0	0	0	0	0	1	0	0	0	0	0	0	0	0	0	0	unique	1	yes	1	0	0	0
HGNC:11009	SLC2A4	P14672	ENSG00000181856	6517	0	0	0	0	1	0	0	0	0	0	0	0	1	1	0	0	0	0	0	0	0	0	0	0	unique	1	yes	0	0	0	0
HGNC:11010	SLC2A5	P22732	ENSG00000142583	6518	0	1	0	0	1	0	0	0	0	0	0	0	0	0	0	0	0	0	0	0	0	0	0	0	unique	1	yes	1	0	0	0
HGNC:11011	SLC2A6	Q9UGQ3	ENSG00000160326	11182	0	1	0	0	1	0	0	0	0	0	0	0	0	0	0	0	0	0	0	0	0	0	0	0	unique	1	no	1	0	0	0
HGNC:11012	SLC30A1	Q9Y6M5	ENSG00000170385	7779	0	0	0	0	0	0	0	0	0	0	0	0	0	1	0	0	0	0	0	0	0	0	0	0	unique	1	yes	1	0	0	0
HGNC:11016	SLC31A1	O15431	ENSG00000136868	1317	0	1	0	0	0	0	0	0	0	0	0	0	0	0	0	0	0	0	0	0	0	0	0	0	unique	1	yes	1	0	0	0
HGNC:11017	SLC31A2	O15432	ENSG00000136867	1318	0	0	0	0	0	0	0	0	0	0	0	0	0	0	0	0	0	0	0	0	0	0	0	0	unique	1	yes	0	0	0	0
HGNC:11019	SLC34A1	Q06495	ENSG00000131183	6569	0	1	0	0	1	0	0	0	0	0	0	0	0	0	0	0	0	0	0	0	0	0	0	0	unique	1	no	1	0	0	0
HGNC:11020	SLC34A2	O95436	ENSG00000157765	10568	0	1	0	0	1	0	0	0	0	0	0	0	0	0	0	0	0	0	0	0	0	0	0	0	unique	1	yes	1	1	1	1
HGNC:11025	SLC3A1	Q07837	ENSG00000138079	6519	1	1	0	0	1	0	0	0	0	0	0	0	0	1	0	0	0	0	0	0	0	0	0	0	unique	1	yes	1	1	1	1
HGNC:11026	SLC3A2	P08195	ENSG00000168003	6520	1	1	0	0	1	0	0	0	0	1	0	0	1	1	0	0	0	1	1	1	1	1	1	1	unique	1	yes	1	0	0	1
HGNC:11027	SLC4A1	P02730	ENSG00000004939	6521	0	1	0	0	1	0	0	1	1	1	0	0	1	1	0	0	0	1	0	1	1	1	1	1	unique	1	yes	1	1	1	1
HGNC:11028	SLC4A2	P04920	ENSG00000164889	6522	0	1	0	0	1	0	0	0	0	0	0	0	1	1	0	0	0	0	0	0	0	0	0	0	unique	1	yes	0	0	0	0
HGNC:11029	SLC4A3	P48751	ENSG00000114923	6508	0	1	0	0	1	0	0	0	0	0	0	0	0	1	0	0	0	0	0	0	0	0	0	0	unique	1	yes	0	0	0	0
HGNC:11030	SLC4A4	Q9Y6R1	ENSG00000080493	8671	0	1	0	0	0	0	0	0	0	0	0	0	0	0	0	0	0	0	0	0	0	0	0	0	unique	1	yes	1	1	1	1
HGNC:11033	SLC4A7	Q9Y6M7	ENSG00000033867	9497	0	1	0	0	0	0	0	0	0	0	0	0	0	0	0	0	0	0	0	0	0	0	0	0	unique	1	yes	1	1	1	1
HGNC:11034	SLC4A8	Q2Y0W8	ENSG00000050438	9498	0	1	0	0	0	0	0	0	0	0	0	0	0	0	0	0	0	0	0	0	0	0	0	0	unique	1	yes	1	1	1	1
HGNC:11035	SLC4A9	Q96Q91	ENSG00000113073	83697	0	1	0	0	0	0	0	0	0	0	0	0	0	0	0	0	0	0	0	0	0	0	0	0	unique	1	yes	0	0	0	0
HGNC:11036	SLC5A1	P13866	ENSG00000100170	6523	0	1	0	0	0	0	0	0	0	0	0	0	1	1	0	0	0	1	0	1	1	0	1	0	unique	1	yes	1	1	1	1
HGNC:11037	SLC5A2	P31639	ENSG00000140675	6524	0	1	0	0	0	0	0	0	0	0	0	0	1	1	0	0	0	0	0	0	0	0	0	0	unique	1	yes	1	0	0	0
HGNC:11038	SLC5A3	P53794	ENSG00000198743	6526	0	1	0	0	0	0	0	0	0	0	0	0	0	0	0	0	0	0	0	0	0	0	0	0	unique	1	yes	1	0	0	0
HGNC:11039	SLC5A4	Q9NY91	ENSG00000100191	6527	0	1	0	0	1	0	0	0	0	0	0	0	0	0	0	0	0	0	0	0	0	0	0	0	unique	1	yes	1	0	0	0
HGNC:11040	SLC5A5	Q92911	ENSG00000105641	6528	0	1	0	0	0	0	0	0	0	0	0	0	0	0	0	0	0	0	0	0	0	0	0	0	unique	1	yes	1	0	0	0
HGNC:11041	SLC5A6	Q9Y289	ENSG00000138074	8884	0	1	0	0	0	0	0	0	0	0	0	0	1	1	0	0	0	0	0	0	0	0	0	0	unique	1	yes	1	0	0	0
HGNC:11042	SLC6A1	P30531	ENSG00000157103	6529	0	1	0	0	0	0	0	0	0	0	0	0	1	1	0	0	0	0	0	0	0	0	0	0	unique	1	yes	1	0	0	0
HGNC:11044	SLC6A11	P48066	ENSG00000132164	6538	0	1	0	0	1	0	0	0	0	0	0	0	1	1	0	0	0	1	0	1	1	0	1	0	unique	1	yes	1	0	0	1
HGNC:11045	SLC6A12	P48065	ENSG00000111181	6539	0	1	0	0	0	0	0	0	0	0	0	0	1	1	0	0	0	0	0	0	0	0	0	0	unique	1	yes	1	0	0	0
HGNC:11046	SLC6A13	Q9NSD5	ENSG00000010379	6540	0	1	0	0	0	0	0	0	0	0	0	0	0	0	0	0	0	0	0	0	0	0	0	0	unique	1	yes	1	0	0	0
HGNC:11047	SLC6A14	Q9UN76	ENSG00000268104	11254	0	1	0	0	1	0	0	0	0	0	0	0	0	0	0	0	0	0	0	0	0	0	0	0	unique	1	yes	1	0	0	0
HGNC:11048	SLC6A2	P23975	ENSG00000103546	6530	0	1	0	0	1	0	0	0	0	0	0	0	1	1	0	1	0	1	0	1	1	0	1	0	unique	1	yes	1	0	0	1
HGNC:11049	SLC6A3	Q01959	ENSG00000142319	6531	0	1	0	0	0	0	0	0	0	0	0	0	1	1	0	1	0	0	0	0	1	0	1	0	unique	1	yes	1	0	0	1
HGNC:11050	SLC6A4	P31645	ENSG00000108576	6532	0	1	0	0	1	1	1	0	0	1	0	0	1	1	0	1	0	1	1	1	1	1	1	1	unique	1	yes	1	0	0	1
HGNC:11051	SLC6A5	Q9Y345	ENSG00000165970	9152	0	1	0	0	1	0	0	0	0	0	0	0	1	1	0	0	0	0	0	0	0	0	0	0	unique	1	yes	1	0	0	0
HGNC:11052	SLC6A6	P31641	ENSG00000131389	6533	0	1	0	0	0	0	0	0	0	0	0	0	1	1	1	0	0	1	0	1	1	0	1	0	unique	1	yes	1	0	0	1
HGNC:11054	SLC6A7	Q99884	ENSG00000011083	6534	0	1	0	0	0	0	0	0	0	0	0	0	1	1	0	0	0	0	0	0	0	0	0	0	unique	1	yes	1	0	0	0
HGNC:11055	SLC6A8	P48029	ENSG00000130821	6535	0	1	0	0	0	0	0	0	0	0	0	0	1	1	0	0	0	0	0	0	0	0	0	0	unique	1	yes	1	0	0	0
HGNC:11056	SLC6A9	P48067	ENSG00000196517	6536	0	1	0	0	1	0	0	0	0	0	0	0	1	1	0	0	0	1	0	1	1	0	1	0	unique	1	yes	1	1	1	1
HGNC:11057	SLC7A1	P30825	ENSG00000139514	6541	0	1	0	0	0	0	0	0	0	0	0	0	0	0	0	0	0	0	0	0	0	0	0	0	unique	1	yes	1	0	0	0
HGNC:11058	SLC7A10	Q9NS82	ENSG00000130876	56301	0	1	0	0	1	0	0	0	0	0	0	0	0	0	0	0	0	0	0	0	0	0	0	0	unique	1	yes	1	0	0	0
HGNC:11059	SLC7A11	Q9UPY5	ENSG00000151012	23657	0	1	0	0	0	0	0	0	0	0	0	0	0	1	0	0	0	0	0	0	0	0	0	0	unique	1	yes	0	0	0	0
HGNC:11060	SLC7A2	P52569	ENSG00000003989	6542	0	1	0	0	0	0	0	0	0	0	0	0	0	0	0	0	0	0	0	0	0	0	0	0	unique	1	yes	1	0	0	0
HGNC:11061	SLC7A3	Q8WY07	ENSG00000165349	84889	0	1	0	0	0	0	0	0	0	0	0	0	0	0	0	0	0	0	0	0	0	0	0	0	unique	1	yes	1	0	0	0
HGNC:11062	SLC7A4	O43246	ENSG00000099960	6545	0	1	0	0	1	0	0	0	0	0	0	0	0	0	0	0	0	0	0	0	0	0	0	0	unique	1	yes	1	0	0	0
HGNC:11063	SLC7A5	Q01650	ENSG00000103257	8140	0	1	0	0	0	0	0	0	0	0	0	0	1	1	0	0	0	0	0	0	0	0	0	0	unique	1	yes	1	0	0	0
HGNC:11064	SLC7A6	Q92536	ENSG00000103064	9057	0	1	0	0	1	0	0	0	0	0	0	0	0	0	0	0	0	0	0	0	0	0	0	0	unique	1	yes	1	0	0	0
HGNC:11065	SLC7A7	Q9UM01	ENSG00000155465	9056	0	1	0	0	0	0	0	0	0	0	0	0	0	0	0	0	0	0	0	0	0	0	0	0	unique	1	yes	0	0	0	0
HGNC:11066	SLC7A8	Q9UHI5	ENSG00000092068	23428	0	1	0	0	0	0	0	0	0	0	0	0	0	1	0	0	0	0	0	0	0	0	0	0	unique	1	yes	0	0	0	0
HGNC:11067	SLC7A9	P82251	ENSG00000021488	11136	0	1	0	0	0	0	0	0	0	0	0	0	0	1	0	0	0	0	0	0	0	0	0	0	unique	1	yes	1	0	0	0
HGNC:11068	SLC8A1	P32418	ENSG00000183023	6546	0	1	0	0	1	0	0	0	0	0	0	0	0	1	0	0	0	1	0	1	1	0	1	0	unique	1	yes	1	1	1	1
HGNC:11069	SLC8A2	Q9UPR5	ENSG00000118160	6543	0	1	0	0	1	0	0	0	0	0	0	0	0	0	0	0	0	0	0	0	0	0	0	0	unique	1	yes	1	1	1	1
HGNC:11070	SLC8A3	P57103	ENSG00000100678	6547	0	1	0	0	1	0	0	0	0	0	0	0	0	0	0	0	0	0	0	0	0	0	0	0	unique	1	yes	1	1	1	1
HGNC:11071	SLC9A1	P19634	ENSG00000090020	6548	0	1	0	0	0	0	0	0	0	0	0	0	0	1	0	0	0	0	0	0	0	0	0	0	unique	1	yes	1	1	1	1
HGNC:11072	SLC9A2	Q9UBY0	ENSG00000115616	6549	0	1	0	0	0	0	0	0	0	0	0	0	0	0	0	0	0	0	0	0	0	0	0	0	unique	1	no	1	1	1	1
HGNC:11073	SLC9A3	P48764	ENSG00000066230	6550	0	1	0	0	0	0	0	0	0	0	0	0	0	1	0	0	0	0	0	0	0	0	0	0	unique	1	no	1	1	1	1
HGNC:11075	NHERF1	O14745	ENSG00000109062	9368	0	0	0	0	1	0	0	0	0	0	0	0	1	1	0	0	0	0	0	0	0	0	0	0	unique	1	yes	0	0	0	0
HGNC:11076	NHERF2	Q15599	ENSG00000065054	9351	0	0	0	0	0	0	0	0	0	0	0	0	0	0	0	0	0	0	0	0	0	0	0	0	unique	1	yes	0	0	0	0
HGNC:11077	SLC9A4	Q6AI14	ENSG00000180251	389015	0	1	0	0	0	0	0	0	0	0	0	0	0	0	0	0	0	0	0	0	0	0	0	0	unique	1	yes	0	0	0	0
HGNC:11078	SLC9A5	Q14940	ENSG00000135740	6553	0	0	0	0	0	0	0	0	0	0	0	0	0	0	0	0	0	0	0	0	0	0	0	0	unique	1	no	0	0	0	0
HGNC:11079	SLC9A6	Q92581	ENSG00000198689	10479	0	0	0	0	1	0	0	0	0	0	0	0	1	1	0	0	0	0	0	0	0	0	0	0	unique	1	no	1	0	0	0
HGNC:11086	SLIT2	O94813	ENSG00000145147	9353	0	0	0	0	1	1	0	0	0	1	0	0	0	0	0	0	0	0	0	0	1	0	0	0	unique	1	yes	0	0	0	0
HGNC:11087	SLIT3	O75094	ENSG00000184347	6586	0	0	0	0	1	1	0	0	0	1	0	0	0	0	0	0	0	0	0	0	1	0	0	0	unique	1	yes	0	0	0	0
HGNC:1109	BRI3	O95415	ENSG00000164713	25798			0	0	0	0	0	0	0	0	0	0	0	0	0	0	0	0	0	0	0	0	0	0	unique	0	no	0	0	0	0
HGNC:11119	SMO	Q99835	ENSG00000128602	6608	0	1	0	0	1	0	0	0	0	0	0	0	1	1	1	1	0	0	0	0	1	0	1	0	unique	1	yes	1	1	1	1
HGNC:11120	SMPD1	P17405	ENSG00000166311	6609	0	0	0	0	0	0	0	0	0	0	0	0	1	1	0	0	0	0	0	0	0	0	0	0	unique	1	no	0	0	0	0
HGNC:11121	SMPD2	O60906	ENSG00000135587	6610	0	0	0	0	1	0	0	0	0	0	0	0	1	1	0	0	0	0	0	0	0	0	0	0	unique	1	yes	0	0	0	0
HGNC:11127	SIGLEC1	Q9BZZ2	ENSG00000088827	6614	1	1	0	0	0	0	0	0	0	0	0	0	0	0	0	0	0	0	0	0	0	0	0	0	unique	1	yes	1	1	1	1
HGNC:1113	BRS3	P32247	ENSG00000102239	680	0	1	0	0	0	0	0	0	0	0	0	0	0	1	0	0	0	0	0	0	0	0	0	0	unique	1	no	1	1	1	1
HGNC:11131	SNAP23	O00161	ENSG00000092531	8773	0	0	0	0	0	0	0	0	0	0	0	0	0	0	0	0	0	0	0	0	0	0	0	0	unique	1	yes	0	0	0	0
HGNC:11132	SNAP25	P60880	ENSG00000132639	6616	0	0	0	0	1	0	0	1	0	1	0	0	0	1	0	0	0	0	0	0	1	0	1	0	unique	1	yes	0	0	0	1
HGNC:11138	SNCA	P37840	ENSG00000145335	6622			0	0	1	0	0	1	0	1	0	0	1	1	0	0	0	1	0	1	1	0	1	0	unique	0	no	0	0	0	1
HGNC:11149	SNN	O75324	ENSG00000184602	8303			0	0	0	0	0	0	0	0	0	0	0	0	0	0	0	0	0	0	0	0	0	0	unique	0	no	0	0	0	0
HGNC:1116	BSG	P35613	ENSG00000172270	682	1	1	0	0	0	0	0	0	0	0	0	0	0	0	0	0	0	1	1	1	1	1	1	1	unique	1	yes	1	1	1	1
HGNC:11169	SNTB2	Q13425	ENSG00000168807	6645	0	0	0	0	0	0	0	0	0	0	0	0	0	0	0	0	0	0	0	0	0	0	0	0	unique	1	yes	0	0	0	0
HGNC:1118	BST1	Q10588	ENSG00000109743	683	0	1	0	0	0	0	0	0	0	0	0	0	1	1	0	0	0	0	0	0	0	0	0	0	unique	1	yes	1	1	1	1
HGNC:11181	SOD3	P08294	ENSG00000109610	6649			0	0	0	0	0	0	0	0	0	0	0	0	0	0	0	0	0	0	0	0	0	0	unique	0	no	0	0	0	0
HGNC:11185	SORL1	Q92673	ENSG00000137642	6653	1	1	0	0	1	0	0	0	0	0	0	0	0	0	0	0	0	0	0	0	0	0	0	0	unique	1	yes	1	1	1	1
HGNC:11186	SORT1	Q99523	ENSG00000134243	6272	1	1	0	0	0	0	0	0	0	0	0	0	1	1	1	0	0	0	0	0	0	0	0	0	unique	1	yes	1	1	1	1
HGNC:1119	BST2	Q10589	ENSG00000130303	684	0	1	0	0	0	0	0	0	0	0	0	0	0	0	0	0	0	0	0	0	0	0	0	0	unique	1	no	1	1	1	1
HGNC:1121	BTC	P35070	ENSG00000174808	685	0	0	0	0	0	0	0	0	0	0	0	0	0	0	0	0	0	0	0	0	0	0	0	0	unique	1	yes	1	0	0	0
HGNC:11210	SPA17	Q15506	ENSG00000064199	53340			0	0	1	0	0	0	0	0	0	0	0	0	0	0	0	0	0	0	0	0	0	0	unique	0	yes	0	0	0	0
HGNC:11217	SPAM1	P38567	ENSG00000106304	6677	0	0	0	0	1	0	0	0	0	0	0	0	0	0	0	0	0	1	0	1	1	0	1	0	unique	1	yes	1	1	1	1
HGNC:1122	BTD	P43251	ENSG00000169814	686	0	0	0	0	1	0	0	0	0	0	0	0	0	0	0	0	0	0	0	0	0	0	0	0	unique	1	yes	0	0	0	0
HGNC:11226	SPG11	Q96JI7	ENSG00000104133	80208	0	0	0	0	0	0	0	0	0	0	0	0	0	0	0	0	0	0	0	0	0	0	0	0	unique	1	no	0	0	0	0
HGNC:11245	SPINK2	P20155	ENSG00000128040	6691			0	0	0	0	0	0	0	0	0	0	0	0	0	0	0	0	0	0	0	0	0	0	unique	0	yes	0	0	0	0
HGNC:11246	SPINT1	O43278	ENSG00000166145	6692	1	1	0	0	1	0	0	0	0	0	0	0	0	0	0	0	0	0	0	0	0	0	0	0	unique	1	yes	0	0	0	0
HGNC:11247	SPINT2	O43291	ENSG00000167642	10653	1	1	0	0	1	0	0	0	0	0	0	0	0	0	0	0	0	0	0	0	0	0	0	0	unique	1	yes	1	1	1	1
HGNC:11248	SPINT3	P49223	ENSG00000101446	10816			0	0	0	0	0	0	0	0	0	0	0	0	0	0	0	0	0	0	0	0	0	0	unique	0	no	0	0	0	0
HGNC:11249	SPN	P16150	ENSG00000197471	6693	1	1	0	0	1	0	0	0	0	0	0	0	0	0	0	0	0	0	0	0	0	0	0	0	unique	1	yes	1	0	0	0
HGNC:11251	SPOCK1	Q08629	ENSG00000152377	6695			0	0	0	0	0	0	0	0	0	0	0	0	0	0	0	0	0	0	0	0	0	0	unique	0	no	0	0	0	0
HGNC:11261	SPRR2A	P35326	ENSG00000241794	6700	0	0	0	0	0	0	0	0	0	0	0	0	0	0	0	0	0	0	0	0	0	0	0	0	unique	1	no	0	0	0	0
HGNC:11267	SPRR2G	Q9BYE4	ENSG00000159516	6706	0	0	0	0	0	0	0	0	0	0	0	0	0	0	0	0	0	0	0	0	0	0	0	0	unique	1	no	0	0	0	0
HGNC:11283	SRC	P12931	ENSG00000197122	6714	0	0	0	0	1	0	0	0	0	0	0	0	1	1	0	1	0	0	0	0	1	0	1	0	unique	1	no	0	0	0	1
HGNC:11309	SRPX	P78539	ENSG00000101955	8406	0	0	0	0	0	0	0	0	0	0	0	0	0	0	0	0	0	0	0	0	0	0	0	0	unique	1	no	0	0	0	0
HGNC:11313	RO60	P10155	ENSG00000116747	6738			0	0	1	0	0	0	0	0	0	0	0	0	0	0	0	0	0	0	0	0	0	0	unique	0	yes	0	0	0	0
HGNC:11319	ITPRID2	P28290	ENSG00000138434	6744	0	0	0	0	0	0	0	0	0	0	0	0	0	0	0	0	0	0	0	0	0	0	0	0	unique	1	yes	0	0	0	0
HGNC:11322	SSPN	Q14714	ENSG00000123096	8082	0	1	0	0	0	0	0	0	0	0	0	0	0	0	0	0	0	0	0	0	0	0	0	0	unique	1	yes	1	0	0	0
HGNC:11323	SSR1	P43307	ENSG00000124783	6745	0	0	0	0	1	0	0	0	0	0	0	0	0	0	0	0	0	0	0	0	0	0	0	0	unique	1	no	1	1	1	1
HGNC:11330	SSTR1	P30872	ENSG00000139874	6751	0	1	0	0	0	0	0	0	0	0	0	0	0	0	0	0	0	0	0	0	0	0	0	0	unique	1	yes	1	0	0	0
HGNC:11331	SSTR2	P30874	ENSG00000180616	6752	0	1	0	0	1	0	0	0	0	0	1	0	1	1	0	0	0	1	0	1	1	0	1	0	unique	1	yes	1	0	0	1
HGNC:11332	SSTR3	P32745	ENSG00000278195	6753	0	1	0	0	0	0	0	0	0	0	1	0	0	0	0	0	0	0	0	0	1	0	1	0	unique	1	yes	1	0	0	1
HGNC:11333	SSTR4	P31391	ENSG00000132671	6754	0	1	0	0	1	0	0	0	0	0	1	0	0	0	0	0	0	0	0	0	1	0	1	0	unique	1	yes	1	0	0	1
HGNC:11334	SSTR5	P35346	ENSG00000162009	6755	0	1	0	0	0	0	0	0	0	0	1	0	0	0	0	0	0	0	0	0	1	0	1	0	unique	1	yes	1	0	0	1
HGNC:11344	ST14	Q9Y5Y6	ENSG00000149418	6768	1	1	0	0	1	0	0	1	1	1	0	0	1	1	1	0	0	1	1	1	1	1	1	1	unique	1	yes	0	0	0	1
HGNC:11345	RECK	O95980	ENSG00000122707	8434	0	1	0	0	1	0	0	0	0	0	0	0	0	0	0	0	0	0	0	0	0	0	0	0	unique	1	yes	1	1	1	1
HGNC:11346	IL24	Q13007	ENSG00000162892	11009			0	0	0	0	0	0	0	0	0	0	0	0	0	0	0	0	0	0	0	0	0	0	unique	0	no	0	0	0	0
HGNC:1135	BTN1A1	Q13410	ENSG00000124557	696	1	1	0	0	1	0	0	0	0	0	0	0	0	0	0	0	0	0	0	0	0	0	0	0	unique	1	yes	1	1	1	1
HGNC:1136	BTN2A1	Q7KYR7	ENSG00000112763	11120	1	1	0	0	0	0	0	0	0	0	0	0	1	1	0	0	0	1	1	1	1	1	1	1	unique	1	yes	1	1	1	1
HGNC:1137	BTN2A2	Q8WVV5	ENSG00000124508	10385	1	1	0	0	0	0	0	0	0	0	0	0	0	0	0	0	0	0	0	0	0	0	0	0	unique	1	yes	1	1	1	1
HGNC:11378	STEAP1	Q9UHE8	ENSG00000164647	26872			0	0	1	0	0	0	0	1	0	0	1	1	0	0	0	1	0	1	1	0	1	0	unique	0	no	0	0	0	1
HGNC:1138	BTN3A1	O00481	ENSG00000026950	11119	1	1	0	0	0	0	0	0	0	0	0	0	1	1	1	0	0	1	1	1	1	1	1	1	unique	1	yes	1	1	1	1
HGNC:11386	STIM1	Q13586	ENSG00000167323	6786	1	1	0	0	0	0	0	0	0	0	0	0	0	0	0	0	0	0	0	0	0	0	0	0	unique	1	yes	1	1	1	1
HGNC:11387	STIP1	P31948	ENSG00000168439	10963	0	0	0	0	1	0	0	0	0	0	0	0	0	0	0	0	0	0	0	0	0	0	0	0	unique	1	yes	0	0	0	0
HGNC:1139	BTN3A2	P78410	ENSG00000186470	11118	1	1	0	0	1	0	0	0	0	0	0	0	0	0	0	0	0	1	1	1	1	1	1	1	unique	1	yes	1	1	1	1
HGNC:11393	AURKA	O14965	ENSG00000087586	6790	0	0	0	0	1	0	0	1	0	1	0	0	1	1	0	1	0	1	0	1	1	0	1	0	unique	1	no	0	0	0	1
HGNC:1140	BTN3A3	O00478	ENSG00000111801	10384	1	1	0	0	1	0	0	0	0	0	0	0	1	1	0	0	0	0	0	0	0	0	0	0	unique	1	yes	1	1	1	1
HGNC:1142	BTNL2	Q9UIR0	ENSG00000204290	56244	1	1	0	0	1	0	0	0	0	0	0	0	0	0	0	0	0	0	0	0	0	0	0	0	unique	1	yes	0	0	0	0
HGNC:11425	STS	P08842	ENSG00000101846	412	0	0	0	0	0	0	0	0	0	0	0	0	0	0	0	0	0	0	0	0	0	0	0	0	unique	1	yes	1	1	1	1
HGNC:1143	BTNL3	Q6UXE8	ENSG00000168903	10917	1	1	0	0	1	0	0	0	0	0	0	0	0	0	0	0	0	0	0	0	0	0	0	0	unique	1	yes	1	1	1	1
HGNC:11433	STX1A	Q16623	ENSG00000106089	6804	0	0	0	0	0	0	0	0	0	0	0	0	0	0	0	0	0	0	0	0	0	0	0	0	unique	1	yes	0	0	0	0
HGNC:11438	STX3	Q13277	ENSG00000166900	6809	0	0	0	0	0	0	0	0	0	0	0	0	0	0	0	0	0	0	0	0	0	0	0	0	unique	1	yes	0	0	0	0
HGNC:11439	STX4	Q12846	ENSG00000103496	6810	0	0	0	0	1	0	0	0	0	0	0	0	0	0	0	0	0	0	0	0	0	0	0	0	unique	1	yes	0	0	0	0
HGNC:11480	SVIL	O95425	ENSG00000197321	6840	0	0	0	0	0	0	0	0	0	0	0	0	0	0	0	0	0	0	0	0	0	0	0	0	unique	1	yes	0	0	0	0
HGNC:11486	VAMP7	P51809	ENSG00000124333	6845			0	0	0	0	0	0	0	0	0	0	0	0	0	0	0	0	0	0	0	0	0	0	unique	0	no	0	0	0	0
HGNC:11487	SYCP1	Q15431	ENSG00000198765	6847			0	0	0	0	0	0	0	0	0	0	0	0	0	0	0	0	0	0	0	0	0	0	unique	0	no	0	0	0	0
HGNC:11491	SYK	P43405	ENSG00000165025	6850	0	0	0	0	1	0	0	0	0	0	0	0	1	1	0	1	0	0	0	0	1	0	1	0	unique	1	yes	0	0	0	1
HGNC:11507	SYPL1	Q16563	ENSG00000008282	6856	0	0	0	0	0	0	0	0	0	0	0	0	0	0	0	0	0	0	0	0	0	0	0	0	unique	1	no	1	0	0	0
HGNC:11511	SYT3	Q9BQG1	ENSG00000213023	84258			0	0	0	0	0	0	0	0	0	0	0	0	0	0	0	0	0	0	0	0	0	0	unique	0	yes	0	0	0	0
HGNC:11514	SYT7	O43581	ENSG00000011347	9066			0	0	0	0	0	0	0	0	0	0	0	0	0	0	0	0	0	0	0	0	0	0	unique	0	yes	0	0	0	0
HGNC:1152	POPDC1	Q8NE79	ENSG00000112276	11149	0	1	0	0	0	0	0	0	0	0	0	0	0	0	0	0	0	0	0	0	0	0	0	0	unique	1	yes	1	1	1	1
HGNC:11526	TACR1	P25103	ENSG00000115353	6869	0	1	0	0	0	0	0	0	0	0	1	1	1	1	0	1	0	0	0	0	1	1	1	1	unique	1	yes	1	0	0	1
HGNC:11527	TACR2	P21452	ENSG00000075073	6865	0	1	0	0	0	0	0	0	0	0	1	0	0	0	0	0	0	0	0	0	1	0	1	0	unique	1	yes	1	0	0	1
HGNC:11528	TACR3	P29371	ENSG00000169836	6870	0	1	0	0	0	0	0	0	0	0	1	0	0	0	0	0	0	0	0	0	1	0	1	0	unique	1	yes	1	1	1	1
HGNC:11529	EPCAM	P16422	ENSG00000119888	4072	1	1	0	0	1	0	0	1	1	1	0	0	0	0	0	0	0	0	0	1	1	1	1	1	unique	1	no	1	1	1	1
HGNC:11530	TACSTD2	P09758	ENSG00000184292	4070	1	1	0	0	1	0	0	0	0	1	0	0	0	0	0	0	0	1	1	1	1	1	1	1	unique	1	no	1	1	1	1
HGNC:11608	TBXA2R	P21731	ENSG00000006638	6915	0	1	0	0	0	0	0	0	0	0	0	0	1	1	0	1	0	0	0	0	1	0	1	0	unique	1	yes	1	0	0	1
HGNC:11647	TCIRG1	Q13488	ENSG00000110719	10312	0	0	0	0	0	0	0	0	0	0	0	0	0	0	0	0	0	0	0	0	0	0	0	0	unique	1	yes	1	1	1	1
HGNC:1165	DAGLA	Q9Y4D2	ENSG00000134780	747	0	1	0	0	0	0	0	0	0	0	0	0	0	0	0	0	0	0	0	0	0	0	0	0	unique	1	yes	1	1	1	1
HGNC:11658	TCP11	Q8WWU5	ENSG00000124678	6954			0	0	0	0	0	0	0	0	0	0	0	0	0	0	0	0	0	0	0	0	0	0	unique	0	yes	0	0	0	0
HGNC:1168	TMEM9B	Q9NQ34	ENSG00000175348	56674	0	0	0	0	0	0	0	0	0	0	0	0	0	0	0	0	0	0	0	0	0	0	0	0	unique	1	yes	1	1	1	1
HGNC:11692	TCTA	P57738	ENSG00000145022	6988	0	0	0	0	0	0	0	0	0	0	0	0	0	0	0	0	0	0	0	0	0	0	0	0	unique	1	no	0	0	0	0
HGNC:11699	SERINC3	Q13530	ENSG00000132824	10955	0	1	0	0	0	0	0	0	0	0	0	0	0	0	0	0	0	1	0	1	1	0	1	0	unique	1	no	1	0	0	1
HGNC:11701	CRIPTO	P13385	ENSG00000241186	6997	0	0	0	0	0	0	0	0	0	0	0	0	0	0	0	0	0	0	0	0	0	0	0	0	unique	1	yes	1	1	1	1
HGNC:11703	CRIPTO3	P51864	ENSG00000225366	6998	0	0	0	0	0	0	0	0	0	0	0	0	0	0	0	0	0	0	0	0	0	0	0	0	unique	1	yes	0	0	0	0
HGNC:11720	TECTA	O75443	ENSG00000109927	7007	0	0	0	0	1	0	0	0	0	0	0	0	0	0	0	0	0	0	0	0	0	0	0	0	unique	1	no	1	1	1	1
HGNC:11721	TECTB	Q96PL2	ENSG00000119913	6975	0	0	0	0	0	0	0	0	0	0	0	0	0	0	0	0	0	0	0	0	0	0	0	0	unique	1	no	1	1	1	1
HGNC:11724	TEK	Q02763	ENSG00000120156	7010	1	1	0	0	1	0	0	0	0	0	1	1	1	1	0	0	0	1	1	1	1	1	1	1	unique	1	yes	1	1	1	1
HGNC:1174	C11orf24	Q96F05	ENSG00000171067	53838	0	0	0	0	0	0	0	0	0	0	0	0	0	0	0	0	0	0	0	0	0	0	0	0	unique	1	no	1	0	0	0
HGNC:11740	TF	P02787	ENSG00000091513	7018	0	0	0	0	1	0	0	0	0	0	0	0	1	1	0	0	0	0	0	0	0	0	0	0	unique	1	yes	0	0	0	0
HGNC:11760	TFPI	P10646	ENSG00000003436	7035	0	0	0	0	1	0	0	1	0	1	0	0	0	0	0	0	0	1	0	1	1	0	1	0	unique	1	yes	1	1	1	1
HGNC:11761	TFPI2	P48307	ENSG00000105825	7980	0	0	0	0	0	0	0	0	0	0	0	0	0	0	0	0	0	0	0	0	0	0	0	0	unique	1	yes	0	0	0	0
HGNC:11762	TFR2	Q9UP52	ENSG00000106327	7036	1	1	0	0	1	0	0	0	0	0	0	0	0	0	0	0	0	0	0	0	0	0	0	0	unique	1	yes	0	0	0	0
HGNC:11763	TFRC	P02786	ENSG00000072274	7037	1	1	0	0	1	0	0	0	0	0	0	0	0	0	0	0	0	0	0	0	0	0	0	0	unique	1	yes	0	0	0	0
HGNC:11765	TGFA	P01135	ENSG00000163235	7039	0	0	0	0	1	0	0	1	1	1	0	0	0	0	0	0	0	1	1	1	1	1	1	1	unique	1	yes	1	0	0	1
HGNC:11766	TGFB1	P01137	ENSG00000105329	7040	0	0	0	0	1	1	0	0	0	1	0	0	0	0	0	0	0	1	0	1	1	0	1	0	unique	1	yes	0	0	0	1
HGNC:11769	TGFB3	P10600	ENSG00000119699	7043			0	0	1	0	0	1	0	1	0	0	1	1	0	0	0	1	0	1	1	0	1	0	unique	0	yes	0	0	0	1
HGNC:11771	TGFBI	Q15582	ENSG00000120708	7045			0	0	0	0	0	0	0	0	0	0	0	0	0	0	0	0	0	0	0	0	0	0	unique	0	yes	0	0	0	0
HGNC:11772	TGFBR1	P36897	ENSG00000106799	7046	1	1	0	0	1	0	0	0	0	0	0	0	1	1	0	1	0	0	0	0	1	0	1	0	unique	1	yes	1	1	1	1
HGNC:11773	TGFBR2	P37173	ENSG00000163513	7048	1	1	0	0	1	0	0	0	0	0	1	1	1	1	1	0	0	0	0	0	1	1	1	1	unique	1	yes	1	1	1	1
HGNC:11774	TGFBR3	Q03167	ENSG00000069702	7049	1	1	0	0	0	0	0	0	0	0	0	0	0	0	0	0	0	0	0	0	0	0	0	0	unique	1	yes	1	1	1	1
HGNC:11777	TGM1	P22735	ENSG00000092295	7051	0	0	0	0	1	1	0	0	0	1	0	0	0	0	0	0	0	0	0	0	1	0	0	0	unique	1	no	0	0	0	0
HGNC:11778	TGM2	P21980	ENSG00000198959	7052	0	0	0	0	1	1	0	0	0	1	0	0	1	1	0	0	0	0	0	0	1	0	0	0	unique	1	yes	0	0	0	0
HGNC:11784	THBD	P07204	ENSG00000178726	7056	1	1	0	0	1	0	0	0	0	0	0	0	0	0	0	0	0	0	0	0	0	0	0	0	unique	1	yes	1	1	1	1
HGNC:11785	THBS1	P07996	ENSG00000137801	7057	0	0	0	0	1	0	0	0	0	0	0	0	0	0	0	0	0	0	0	0	0	0	0	0	unique	1	yes	0	0	0	0
HGNC:11787	THBS3	P49746	ENSG00000169231	7059			0	0	1	0	0	0	0	0	0	0	0	0	0	0	0	0	0	0	0	0	0	0	unique	0	yes	0	0	0	0
HGNC:11788	THBS4	P35443	ENSG00000113296	7060			0	0	0	0	0	0	0	0	0	0	0	0	0	0	0	0	0	0	0	0	0	0	unique	0	yes	0	0	0	0
HGNC:11801	THY1	P04216	ENSG00000154096	7070	0	1	0	0	1	0	0	0	0	0	0	0	0	0	0	0	0	1	0	1	1	0	1	0	unique	1	yes	1	1	1	1
HGNC:11809	TIE1	P35590	ENSG00000066056	7075	1	1	0	0	1	0	0	0	0	0	0	0	0	0	0	0	0	0	0	0	0	0	0	0	unique	1	no	1	1	1	1
HGNC:11820	TIMP1	P01033	ENSG00000102265	7076	0	0	0	0	0	0	0	0	0	0	0	0	0	1	0	0	0	0	0	0	0	0	0	0	unique	1	yes	0	0	0	0
HGNC:11821	TIMP2	P16035	ENSG00000035862	7077			0	0	1	1	0	0	0	1	0	0	0	0	0	0	0	0	0	0	1	0	0	0	unique	0	yes	0	0	0	0
HGNC:11822	TIMP3	P35625	ENSG00000100234	7078			0	0	0	0	0	0	0	0	0	0	0	0	0	0	0	0	0	0	0	0	0	0	unique	0	yes	0	0	0	0
HGNC:11823	TIMP4	Q99727	ENSG00000157150	7079			0	0	0	0	0	0	0	0	0	0	0	0	0	0	0	0	0	0	0	0	0	0	unique	0	yes	0	0	0	0
HGNC:11827	TJP1	Q07157	ENSG00000104067	7082	0	0	0	0	1	0	0	0	0	0	0	0	0	1	0	0	0	0	0	0	0	0	0	0	unique	1	no	0	0	0	0
HGNC:1183	ANO2	Q9NQ90	ENSG00000047617	57101	0	1	0	0	1	0	0	0	0	0	0	0	0	0	0	0	0	0	0	0	0	0	0	0	unique	1	no	1	1	1	1
HGNC:11844	TLL2	Q9Y6L7	ENSG00000095587	7093	0	0	0	0	0	0	0	0	0	0	0	0	0	0	0	0	0	0	0	0	0	0	0	0	unique	1	yes	0	0	0	0
HGNC:11845	TLN1	Q9Y490	ENSG00000137076	7094	0	0	0	0	1	0	0	0	0	0	0	0	0	0	0	0	0	0	0	0	0	0	0	0	unique	1	yes	0	0	0	0
HGNC:11847	TLR1	Q15399	ENSG00000174125	7096	1	1	0	0	1	0	0	0	0	0	0	0	1	1	1	0	0	0	0	0	0	0	0	0	unique	1	yes	1	1	1	1
HGNC:11848	TLR2	O60603	ENSG00000137462	7097	1	1	0	0	1	0	0	0	0	0	0	0	1	1	1	1	1	0	0	0	1	1	1	1	unique	1	yes	1	1	1	1
HGNC:11849	TLR3	O15455	ENSG00000164342	7098	0	0	1	0	1	0	0	1	0	1	0	0	0	0	0	0	0	1	0	1	1	0	1	0	unique	1	yes	1	1	1	1
HGNC:11850	TLR4	O00206	ENSG00000136869	7099	1	1	0	0	1	1	1	0	0	1	0	0	1	1	1	0	0	0	0	0	1	1	0	0	unique	1	yes	1	1	1	1
HGNC:11851	TLR5	O60602	ENSG00000187554	7100	1	1	0	0	0	0	0	0	0	0	0	0	0	0	0	0	0	0	0	0	0	0	0	0	unique	1	yes	1	1	1	1
HGNC:11853	TM4SF1	P30408	ENSG00000169908	4071	0	1	0	0	0	0	0	0	0	0	0	0	0	0	0	0	0	0	0	0	0	0	0	0	unique	1	no	1	0	0	0
HGNC:11854	TSPAN7	P41732	ENSG00000156298	7102	0	1	0	0	0	0	0	0	0	0	0	0	0	0	0	0	0	0	0	0	0	0	0	0	unique	1	yes	1	1	1	1
HGNC:11855	TSPAN8	P19075	ENSG00000127324	7103	0	1	0	0	0	0	0	0	0	0	0	0	0	0	0	0	0	0	0	0	0	0	0	0	unique	1	no	1	1	1	1
HGNC:11856	TM4SF4	P48230	ENSG00000169903	7104	0	1	0	0	0	0	0	0	0	0	0	0	0	0	0	0	0	0	0	0	0	0	0	0	unique	1	no	1	0	0	0
HGNC:11857	TM4SF5	O14894	ENSG00000142484	9032	0	1	0	0	1	0	0	0	0	0	0	0	0	0	0	0	0	0	0	0	0	0	0	0	unique	1	no	1	0	0	0
HGNC:11858	TSPAN6	O43657	ENSG00000000003	7105	0	1	0	0	0	0	0	0	0	0	0	0	0	0	0	0	0	0	0	0	0	0	0	0	unique	1	no	1	1	1	1
HGNC:11859	TSPAN4	O14817	ENSG00000214063	7106	0	1	0	0	0	0	0	0	0	0	0	0	0	0	0	0	0	0	0	0	0	0	0	0	unique	1	yes	1	0	0	0
HGNC:11860	TM6SF1	Q9BZW5	ENSG00000136404	53346			0	0	0	0	0	0	0	0	0	0	1	1	0	0	0	0	0	0	0	0	0	0	unique	0	no	0	0	0	0
HGNC:11864	TM9SF1	O15321	ENSG00000100926	10548	0	0	0	0	0	0	0	0	0	0	0	0	0	0	0	0	0	0	0	0	0	0	0	0	unique	1	yes	1	0	0	0
HGNC:11866	TMEFF1	Q8IYR6	ENSG00000241697	8577	1	1	0	0	0	0	0	0	0	0	0	0	0	0	0	0	0	0	0	0	0	0	0	0	unique	1	yes	1	1	1	1
HGNC:11867	TMEFF2	Q9UIK5	ENSG00000144339	23671	1	1	0	0	0	0	0	0	0	0	0	0	0	0	0	0	0	0	0	0	0	0	0	0	unique	1	no	1	1	1	1
HGNC:11869	CEMIP2	Q9UHN6	ENSG00000135048	23670	1	1	0	0	1	0	0	0	0	0	0	0	0	0	0	0	0	0	0	0	0	0	0	0	unique	1	yes	0	0	0	0
HGNC:11876	TMPRSS2	O15393	ENSG00000184012	7113	1	1	0	0	1	0	0	1	1	1	0	0	0	1	1	0	0	1	1	1	1	1	1	1	unique	1	yes	0	0	0	1
HGNC:11877	TMPRSS3	P57727	ENSG00000160183	64699	1	1	0	0	0	0	0	0	0	0	0	0	0	0	0	0	0	0	0	0	0	0	0	0	unique	1	yes	0	0	0	0
HGNC:11878	TMPRSS4	Q9NRS4	ENSG00000137648	56649	1	1	0	0	1	0	0	0	0	0	0	0	0	0	0	0	0	0	0	0	0	0	0	0	unique	1	no	0	0	0	0
HGNC:11891	CLEC3B	P05452	ENSG00000163815	7123			0	0	1	1	0	1	0	1	0	0	0	0	0	0	0	0	0	0	1	0	1	0	unique	0	yes	0	0	0	1
HGNC:11892	TNF	P01375	ENSG00000232810	7124	0	0	0	0	1	1	1	1	1	1	0	0	1	1	1	0	0	1	1	1	1	1	1	1	unique	1	yes	0	0	0	1
HGNC:11898	TNFAIP6	P98066	ENSG00000123610	7130			0	0	1	0	0	0	0	0	0	0	0	1	0	0	0	0	0	0	0	0	0	0	unique	0	yes	0	0	0	0
HGNC:11904	TNFRSF10A	O00220	ENSG00000104689	8797	1	1	0	0	1	0	0	0	0	0	1	1	0	0	0	0	0	0	0	0	1	1	1	1	unique	1	yes	1	1	1	1
HGNC:11905	TNFRSF10B	O14763	ENSG00000120889	8795	1	1	0	0	1	1	1	1	1	1	1	1	0	0	0	0	0	1	1	1	1	1	1	1	unique	1	yes	0	0	0	1
HGNC:11906	TNFRSF10C	O14798	ENSG00000173535	8794	1	1	0	0	0	0	0	0	0	0	0	0	0	0	0	0	0	0	0	0	0	0	0	0	unique	1	yes	1	0	0	0
HGNC:11907	TNFRSF10D	Q9UBN6	ENSG00000173530	8793	1	1	0	0	0	0	0	0	0	0	0	0	0	0	0	0	0	0	0	0	0	0	0	0	unique	1	yes	1	1	1	1
HGNC:11908	TNFRSF11A	Q9Y6Q6	ENSG00000141655	8792	1	1	0	0	0	0	0	0	0	0	0	0	0	0	0	0	0	0	0	0	0	0	0	0	unique	1	yes	1	1	1	1
HGNC:11910	TNFRSF25	Q93038	ENSG00000215788	8718	1	1	0	0	0	0	0	0	0	0	0	0	0	0	0	0	0	0	0	0	0	0	0	0	unique	1	yes	1	0	0	0
HGNC:11912	TNFRSF14	Q92956	ENSG00000157873	8764	1	1	0	0	0	0	0	0	0	0	1	1	0	0	0	0	0	0	0	0	1	1	1	1	unique	1	yes	1	1	1	1
HGNC:11913	TNFRSF17	Q02223	ENSG00000048462	608	1	1	0	0	1	0	0	1	1	1	1	1	0	0	0	0	0	1	1	1	1	1	1	1	unique	1	yes	1	1	1	1
HGNC:11914	TNFRSF18	Q9Y5U5	ENSG00000186891	8784	1	1	0	0	1	0	0	1	1	1	1	1	0	0	0	0	0	1	1	1	1	1	1	1	unique	1	yes	1	1	1	1
HGNC:11915	TNFRSF19	Q9NS68	ENSG00000127863	55504	1	1	0	0	0	0	0	0	0	0	0	0	0	0	0	0	0	0	0	0	0	0	0	0	unique	1	no	1	1	1	1
HGNC:11916	TNFRSF1A	P19438	ENSG00000067182	7132	1	1	0	0	1	0	0	0	0	0	1	1	0	1	1	0	0	0	0	0	1	1	1	1	unique	1	yes	1	1	1	1
HGNC:11917	TNFRSF1B	P20333	ENSG00000028137	7133	1	1	0	0	1	0	0	0	0	0	1	1	0	0	0	0	0	1	1	1	1	1	1	1	unique	1	yes	1	1	1	1
HGNC:11918	TNFRSF4	P43489	ENSG00000186827	7293	1	1	0	0	1	0	0	1	1	1	1	1	0	0	0	0	0	1	1	1	1	1	1	1	unique	1	yes	1	1	1	1
HGNC:11919	CD40	P25942	ENSG00000101017	958	1	1	0	0	1	0	0	1	1	1	1	1	0	0	0	0	0	1	1	1	1	1	1	1	unique	1	yes	1	1	1	1
HGNC:11920	FAS	P25445	ENSG00000026103	355	1	1	0	0	1	0	0	1	1	1	0	0	0	0	0	0	0	1	1	1	1	1	1	1	unique	1	yes	1	1	1	1
HGNC:11921	TNFRSF6B	O95407	ENSG00000243509	8771			0	0	0	0	0	0	0	0	0	0	0	0	0	0	0	0	0	0	0	0	0	0	unique	0	yes	0	0	0	0
HGNC:11922	CD27	P26842	ENSG00000139193	939	1	1	0	0	1	0	0	1	1	1	1	1	0	0	0	0	0	1	1	1	1	1	1	1	unique	1	yes	1	0	0	1
HGNC:11923	TNFRSF8	P28908	ENSG00000120949	943	0	0	0	0	1	0	0	0	0	0	0	0	0	0	0	0	0	0	0	0	0	0	0	0	unique	1	yes	1	1	1	1
HGNC:11924	TNFRSF9	Q07011	ENSG00000049249	3604	1	1	0	0	1	0	0	1	1	1	1	1	1	1	1	0	0	1	1	1	1	1	1	1	unique	1	yes	1	1	1	1
HGNC:11925	TNFSF10	P50591	ENSG00000121858	8743	1	1	0	0	1	0	0	0	0	0	0	0	0	0	0	0	0	1	1	1	1	1	1	1	unique	1	yes	0	0	0	1
HGNC:11926	TNFSF11	O14788	ENSG00000120659	8600	0	0	0	0	1	0	0	0	0	0	0	0	0	0	0	0	0	0	0	0	0	0	0	0	unique	1	yes	1	1	1	1
HGNC:11927	TNFSF12	O43508	ENSG00000239697	8742	0	0	0	0	1	0	0	1	1	1	0	0	0	0	0	0	0	1	1	1	1	1	1	1	unique	1	yes	0	0	0	1
HGNC:11928	TNFSF13	O75888	ENSG00000161955	8741			0	0	0	0	0	0	0	0	0	0	0	1	0	0	0	0	0	0	0	0	0	0	unique	0	yes	0	0	0	0
HGNC:11929	TNFSF13B	Q9Y275	ENSG00000102524	10673	0	0	0	0	1	0	0	1	1	1	0	0	1	1	1	0	0	1	1	1	1	1	1	1	unique	1	yes	1	1	1	1
HGNC:11930	TNFSF14	O43557	ENSG00000125735	8740	0	0	0	0	0	0	0	0	0	0	0	0	0	0	0	0	0	0	0	0	0	0	0	0	unique	1	yes	0	0	0	0
HGNC:11931	TNFSF15	O95150	ENSG00000181634	9966	0	0	0	0	1	0	0	0	0	0	0	0	0	0	0	0	0	0	0	0	0	0	0	0	unique	1	yes	1	1	1	1
HGNC:11932	TNFSF18	Q9UNG2	ENSG00000120337	8995	0	0	0	0	0	0	0	0	0	0	0	0	0	0	0	0	0	0	0	0	0	0	0	0	unique	1	yes	1	0	0	0
HGNC:11934	TNFSF4	P23510	ENSG00000117586	7292	1	1	0	0	0	0	0	0	0	0	0	0	0	0	0	0	0	0	0	0	0	0	0	0	unique	1	yes	1	1	1	1
HGNC:11935	CD40LG	P29965	ENSG00000102245	959	1	1	0	0	1	1	1	1	1	1	0	0	1	1	1	0	0	1	1	1	1	1	1	1	unique	1	yes	1	1	1	1
HGNC:11936	FASLG	P48023	ENSG00000117560	356	0	0	0	0	1	1	1	0	0	1	0	0	0	0	0	0	0	0	0	0	1	1	0	0	unique	1	yes	1	1	1	1
HGNC:11937	CD70	P32970	ENSG00000125726	970	0	0	0	0	1	0	0	0	0	0	0	0	0	0	0	0	0	0	0	0	0	0	0	0	unique	1	yes	1	1	1	1
HGNC:11938	TNFSF8	P32971	ENSG00000106952	944	1	1	0	0	1	0	0	0	0	0	0	0	0	0	0	0	0	0	0	0	0	0	0	0	unique	1	yes	1	1	1	1
HGNC:11939	TNFSF9	P41273	ENSG00000125657	8744	1	1	0	0	0	0	0	0	0	0	0	0	0	0	0	0	0	0	0	0	0	0	0	0	unique	1	yes	0	0	0	0
HGNC:12004	TPBG	Q13641	ENSG00000146242	7162	1	1	0	0	0	0	0	0	0	0	0	0	0	0	0	0	0	0	0	0	0	0	0	0	unique	1	no	1	1	1	1
HGNC:12019	TPSAB1	Q15661	ENSG00000172236	7177			0	0	1	0	0	1	0	1	0	0	0	1	0	0	0	1	0	1	1	0	1	0	unique	0	yes	0	0	0	1
HGNC:12022	TPT1	P13693	ENSG00000133112	7178			0	0	0	0	0	0	0	0	0	0	0	0	0	0	0	0	0	0	0	0	0	0	unique	0	yes	0	0	0	0
HGNC:12023	TPTE	P56180	ENSG00000274391	7179	0	0	0	0	0	0	0	0	0	0	0	0	0	0	0	0	0	0	0	0	0	0	0	0	unique	1	no	0	0	0	0
HGNC:12024	CRISP2	P16562	ENSG00000124490	7180			0	0	0	0	0	0	0	0	0	0	0	0	0	0	0	0	0	0	0	0	0	0	unique	0	yes	0	0	0	0
HGNC:12027	TRA	P0DSE1		6955			0	0	0	0	0	0	0	0	0	0	0	0	0	0	0	1	0	1	1	0	1	0	unique	0	yes	0	0	0	1
HGNC:12028	HSP90B1	P14625	ENSG00000166598	7184			0	0	1	0	0	0	0	0	0	0	1	1	0	0	0	0	0	0	0	0	0	0	unique	0	yes	0	0	0	0
HGNC:12155	TRB	P0DSE2		6957			0	0	0	0	0	0	0	0	0	0	1	1	0	0	0	1	0	1	1	0	1	0	unique	0	yes	0	0	0	1
HGNC:1224	LDLRAD4	O15165	ENSG00000168675	753	0	0	0	0	1	0	0	0	0	0	0	0	0	0	0	0	0	0	0	0	0	0	0	0	unique	1	no	1	1	1	1
HGNC:12261	TRDN	Q13061	ENSG00000186439	10345	0	0	0	0	1	0	0	0	0	0	0	0	0	0	0	0	0	0	0	0	0	0	0	0	unique	1	yes	0	0	0	0
HGNC:12266	TREH	O43280	ENSG00000118094	11181	0	1	0	0	0	0	0	0	0	0	0	0	0	0	0	0	0	0	0	0	0	0	0	0	unique	1	yes	1	1	1	1
HGNC:12299	TRHR	P34981	ENSG00000174417	7201	0	1	0	0	0	0	0	0	0	0	0	0	0	0	0	0	0	0	0	0	0	0	0	0	unique	1	yes	1	0	0	0
HGNC:123	ACP2	P11117	ENSG00000134575	53	0	0	0	0	1	0	0	0	0	0	0	0	0	0	0	0	0	0	0	0	0	0	0	0	unique	1	no	1	0	0	0
HGNC:12326	TRO	Q12816	ENSG00000067445	7216	0	0	0	0	1	0	0	0	0	0	0	0	0	0	0	0	0	0	0	0	0	0	0	0	unique	1	yes	0	0	0	0
HGNC:1233	ENTREP3	P81408	ENSG00000160767	10712	0	0	0	0	1	0	0	0	0	0	0	0	0	0	0	0	0	0	0	0	0	0	0	0	unique	1	yes	0	0	0	0
HGNC:12333	TRPC1	P48995	ENSG00000144935	7220	0	1	0	0	0	0	0	0	0	0	0	0	0	1	0	0	0	0	0	0	0	0	0	0	unique	1	yes	0	0	0	0
HGNC:12335	TRPC3	Q13507	ENSG00000138741	7222	0	1	0	0	0	0	0	0	0	0	0	0	0	1	0	0	0	1	0	1	1	0	1	0	unique	1	yes	0	0	0	1
HGNC:12336	TRPC4	Q9UBN4	ENSG00000133107	7223	0	1	0	0	1	0	0	0	0	0	0	0	0	1	0	0	0	0	0	0	0	0	0	0	unique	1	yes	0	0	0	0
HGNC:12337	TRPC5	Q9UL62	ENSG00000072315	7224	0	1	0	0	0	0	0	0	0	0	0	0	1	1	0	1	0	0	0	0	1	0	1	0	unique	1	yes	0	0	0	1
HGNC:12338	TRPC6	Q9Y210	ENSG00000137672	7225	0	1	0	0	0	0	0	0	0	0	0	0	0	1	0	0	0	0	0	0	0	0	0	0	unique	1	yes	0	0	0	0
HGNC:12339	TRPM2	O94759	ENSG00000142185	7226	0	1	0	0	0	0	0	0	0	0	0	0	1	1	0	0	0	0	0	0	0	0	0	0	unique	1	yes	0	0	0	0
HGNC:12369	TSGA13	Q96PP4	ENSG00000213265	114960	0	0	0	0	0	0	0	0	0	0	0	0	0	0	0	0	0	0	0	0	0	0	0	0	unique	1	no	0	0	0	0
HGNC:12373	TSHR	P16473	ENSG00000165409	7253	0	1	0	0	1	1	1	1	1	1	0	0	1	1	0	0	0	1	1	1	1	1	1	1	unique	1	yes	1	0	0	1
HGNC:1239	TMEM59	Q9BXS4	ENSG00000116209	9528	0	0	0	0	0	0	0	0	0	0	0	0	0	0	0	0	0	0	0	0	0	0	0	0	unique	1	no	0	0	0	0
HGNC:1240	SUCO	Q9UBS9	ENSG00000094975	51430	0	0	0	0	0	0	0	0	0	0	0	0	0	0	0	0	0	0	0	0	0	0	0	0	unique	1	no	1	1	1	1
HGNC:12406	TUB	P50607	ENSG00000166402	7275	0	0	0	0	0	0	0	0	0	0	0	0	0	0	0	0	0	0	0	0	0	0	0	0	unique	1	no	0	0	0	0
HGNC:1242	C1QB	P02746	ENSG00000173369	713	0	0	0	0	1	0	0	0	0	0	0	0	0	0	0	0	0	1	0	1	1	0	1	0	unique	1	yes	0	0	0	1
HGNC:1243	C1QBP	Q07021	ENSG00000108561	708	0	0	0	0	0	0	0	0	0	0	0	0	0	0	0	0	0	0	0	0	0	0	0	0	unique	1	yes	0	0	0	0
HGNC:12435	TXN	P10599	ENSG00000136810	7295			0	0	0	0	0	0	0	0	0	0	1	1	0	0	0	0	0	0	0	0	0	0	unique	0	yes	0	0	0	0
HGNC:12442	TYR	P14679	ENSG00000077498	7299	0	0	0	0	1	0	0	0	0	0	0	0	0	0	0	0	0	0	0	0	0	0	0	0	unique	1	no	1	0	0	0
HGNC:12446	TYRO3	Q06418	ENSG00000092445	7301	1	1	0	0	1	0	0	0	0	0	0	0	1	1	1	0	0	0	0	0	0	0	0	0	unique	1	yes	1	1	1	1
HGNC:12449	TYROBP	O43914	ENSG00000011600	7305	1	1	0	0	0	0	0	0	0	0	0	0	0	1	0	0	0	0	0	0	0	0	0	0	unique	1	yes	0	0	0	0
HGNC:12450	TYRP1	P17643	ENSG00000107165	7306	0	0	0	0	0	0	0	0	0	0	0	0	1	1	0	0	0	0	0	0	0	0	0	0	unique	1	no	1	0	0	0
HGNC:12457	UAP1	Q16222	ENSG00000117143	6675	0	0	0	0	0	0	0	0	0	0	0	0	1	1	0	0	0	0	0	0	0	0	0	0	unique	1	no	0	0	0	0
HGNC:125	ACP3	P15309	ENSG00000014257	55			0	0	1	0	0	0	0	0	0	0	1	1	0	0	0	1	0	1	1	0	1	0	unique	0	yes	0	0	0	1
HGNC:1253	FAM3B	P58499	ENSG00000183844	54097			0	0	0	0	0	0	0	0	0	0	0	0	0	0	0	0	0	0	0	0	0	0	unique	0	yes	0	0	0	0
HGNC:12540	UGT1A8	Q9HAW9	ENSG00000242366	54576			0	0	0	0	0	0	0	0	0	0	0	0	0	0	0	0	0	0	0	0	0	0	unique	0	no	0	0	0	0
HGNC:12555	UGT8	Q16880	ENSG00000174607	7368	0	0	0	0	1	0	0	0	0	0	0	0	0	0	0	0	0	0	0	0	0	0	0	0	unique	1	yes	1	0	0	0
HGNC:12559	UMOD	P07911	ENSG00000169344	7369	0	0	0	0	1	0	0	0	0	0	0	0	0	0	0	0	0	0	0	0	0	0	0	0	unique	1	yes	1	1	1	1
HGNC:12560	UMODL1	Q5DID0	ENSG00000177398	89766	0	0	0	0	1	0	0	0	0	0	0	0	0	0	0	0	0	0	0	0	0	0	0	0	unique	1	yes	1	1	1	1
HGNC:12567	UNC5A	Q6ZN44	ENSG00000113763	90249	1	1	0	0	1	0	0	0	0	0	0	0	0	0	0	0	0	0	0	0	0	0	0	0	unique	1	yes	1	1	1	1
HGNC:12568	UNC5B	Q8IZJ1	ENSG00000107731	219699	1	1	0	0	0	0	0	0	0	0	0	0	0	0	0	0	0	0	0	0	0	0	0	0	unique	1	yes	1	1	1	1
HGNC:12569	UNC5C	O95185	ENSG00000182168	8633	1	1	0	0	0	0	0	0	0	0	0	0	0	0	0	0	0	0	0	0	0	0	0	0	unique	1	yes	1	1	1	1
HGNC:12570	UNC93A	Q86WB7	ENSG00000112494	54346	0	1	0	0	0	0	0	0	0	0	0	0	0	0	0	0	0	0	0	0	0	0	0	0	unique	1	no	1	0	0	0
HGNC:12577	UPK1A	O00322	ENSG00000105668	11045	0	1	0	0	0	0	0	0	0	0	0	0	0	0	0	0	0	0	0	0	0	0	0	0	unique	1	yes	1	0	0	0
HGNC:12578	UPK1B	O75841	ENSG00000114638	7348	0	1	0	0	0	0	0	0	0	0	0	0	0	0	0	0	0	0	0	0	0	0	0	0	unique	1	yes	1	1	0	1
HGNC:12579	UPK2	O00526	ENSG00000110375	7379	0	0	0	0	0	0	0	0	0	0	0	0	0	0	0	0	0	0	0	0	0	0	0	0	unique	1	yes	1	1	0	1
HGNC:12580	UPK3A	O75631	ENSG00000100373	7380	1	1	0	0	0	0	0	0	0	0	0	0	0	0	0	0	0	0	0	0	0	0	0	0	unique	1	yes	1	1	1	1
HGNC:126	ACR	P10323	ENSG00000100312	49			0	0	0	0	0	0	0	0	0	0	0	0	0	0	0	0	0	0	0	0	0	0	unique	0	yes	0	0	0	0
HGNC:12601	USH2A	O75445	ENSG00000042781	7399	0	0	0	0	1	1	1	0	0	1	0	0	0	0	0	0	0	0	0	0	1	1	0	0	unique	1	no	1	1	1	1
HGNC:12605	CLRN1	P58418	ENSG00000163646	7401	0	0	0	0	0	0	0	0	0	0	0	0	0	0	0	0	0	0	0	0	0	0	0	0	unique	1	no	1	0	0	0
HGNC:12612	USP14	P54578	ENSG00000101557	9097	0	0	0	0	0	0	0	0	0	0	0	0	1	1	0	1	0	0	0	0	1	0	1	0	unique	1	no	0	0	0	1
HGNC:12635	UTRN	P46939	ENSG00000152818	7402	0	0	0	0	1	0	0	0	0	0	0	0	0	0	0	0	0	0	0	0	0	0	0	0	unique	1	yes	0	0	0	0
HGNC:12643	VAMP2	P63027	ENSG00000220205	6844	0	0	0	0	0	0	0	0	0	0	0	0	0	0	0	0	0	0	0	0	0	0	0	0	unique	1	yes	0	0	0	0
HGNC:12646	VAMP5	O95183	ENSG00000168899	10791	0	0	0	0	1	0	0	0	0	0	0	0	0	0	0	0	0	0	0	0	0	0	0	0	unique	1	yes	0	0	0	0
HGNC:12647	VAMP8	Q9BV40	ENSG00000118640	8673	0	0	0	0	0	0	0	0	0	0	0	0	0	0	0	0	0	0	0	0	0	0	0	0	unique	1	no	0	0	0	0
HGNC:12648	VAPA	Q9P0L0	ENSG00000101558	9218			0	0	0	0	0	0	0	0	0	0	0	0	0	0	0	0	0	0	0	0	0	0	unique	0	yes	0	0	0	0
HGNC:12649	VAPB	O95292	ENSG00000124164	9217			0	0	0	0	0	0	0	0	0	0	0	0	0	0	0	0	0	0	0	0	0	0	unique	0	yes	0	0	0	0
HGNC:12663	VCAM1	P19320	ENSG00000162692	7412	1	1	0	0	0	0	0	0	0	0	0	0	0	0	0	0	0	0	0	0	0	0	0	0	unique	1	yes	1	1	1	1
HGNC:12669	VDAC1	P21796	ENSG00000213585	7416	0	0	0	0	0	0	0	0	0	0	0	0	1	1	0	0	0	0	0	0	0	0	0	0	unique	1	yes	0	0	0	0
HGNC:1268	TSPEAR	Q8WU66	ENSG00000175894	54084	0	0	0	0	1	0	0	0	0	0	0	0	0	0	0	0	0	0	0	0	0	0	0	0	unique	1	no	0	0	0	0
HGNC:12681	VEGFB	P49765	ENSG00000173511	7423			0	0	1	0	0	0	0	0	0	0	0	0	0	0	0	1	0	1	1	0	1	0	unique	0	yes	0	0	0	1
HGNC:12691	EZR	P15311	ENSG00000092820	7430	0	0	0	0	1	0	0	0	0	0	0	0	0	0	0	0	0	0	0	0	0	0	0	0	unique	1	yes	0	0	0	0
HGNC:12692	VIM	P08670	ENSG00000026025	7431			0	0	1	1	0	0	0	1	0	0	1	1	0	0	0	1	0	1	1	0	1	0	unique	0	yes	0	0	0	1
HGNC:12694	VIPR1	P32241	ENSG00000114812	7433	0	1	0	0	0	0	0	0	0	0	1	0	1	1	0	0	0	0	0	0	1	0	1	0	unique	1	yes	1	0	0	1
HGNC:12695	VIPR2	P41587	ENSG00000106018	7434	0	1	0	0	1	0	0	0	0	0	1	0	0	0	0	0	0	0	0	0	1	0	1	0	unique	1	yes	1	0	0	1
HGNC:12698	VLDLR	P98155	ENSG00000147852	7436	1	1	0	0	0	0	0	0	0	0	0	0	0	0	0	0	0	0	0	0	0	0	0	0	unique	1	yes	1	1	1	1
HGNC:127	ACRV1	P26436	ENSG00000134940	56			0	0	1	0	0	0	0	0	0	0	0	0	0	0	0	0	0	0	0	0	0	0	unique	0	no	0	0	0	0
HGNC:12703	BEST1	O76090	ENSG00000167995	7439	0	0	0	0	0	0	0	0	0	0	0	0	1	1	0	0	0	0	0	0	0	0	0	0	unique	1	no	0	0	0	0
HGNC:12705	VNN1	O95497	ENSG00000112299	8876	0	1	0	0	0	0	0	0	0	0	0	0	0	1	0	0	0	0	0	0	0	0	0	0	unique	1	yes	1	1	1	1
HGNC:12706	VNN2	O95498	ENSG00000112303	8875	0	1	0	0	0	0	0	0	0	0	0	0	0	0	0	0	0	0	0	0	0	0	0	0	unique	1	no	1	1	1	1
HGNC:12709	VPREB1	P12018	ENSG00000169575	7441			0	0	0	0	0	0	0	0	0	0	0	0	0	0	0	0	0	0	0	0	0	0	unique	0	yes	0	0	0	0
HGNC:12710	VPREB3	Q9UKI3	ENSG00000128218	29802			0	0	0	0	0	0	0	0	0	0	0	0	0	0	0	0	0	0	0	0	0	0	unique	0	yes	0	0	0	0
HGNC:12716	TRPV1	Q8NER1	ENSG00000196689	7442	0	1	0	0	1	0	0	0	0	0	0	0	1	1	0	0	0	0	0	0	0	0	0	0	unique	1	yes	0	0	0	0
HGNC:12722	VSNL1	P62760	ENSG00000163032	7447			0	0	1	0	0	0	0	0	0	0	0	0	0	0	0	0	0	0	0	0	0	0	unique	0	no	0	0	0	0
HGNC:12724	VTN	P04004	ENSG00000109072	7448	0	0	0	0	1	0	0	0	0	0	0	0	0	0	0	0	0	0	0	0	0	0	0	0	unique	1	yes	0	0	0	0
HGNC:12729	WARS1	P23381	ENSG00000140105	7453			0	0	1	0	0	0	0	0	0	0	1	1	0	0	0	0	0	0	0	0	0	0	unique	0	yes	0	0	0	0
HGNC:12733	WASF2	Q9Y6W5	ENSG00000158195	10163	0	0	0	0	0	0	0	0	0	0	0	0	0	0	0	0	0	0	0	0	0	0	0	0	unique	1	yes	0	0	0	0
HGNC:12749	LAT2	Q9GZY6	ENSG00000086730	7462	1	1	0	0	0	0	0	0	0	0	0	0	0	0	0	0	0	0	0	0	0	0	0	0	unique	1	no	0	0	0	0
HGNC:12762	WFS1	O76024	ENSG00000109501	7466			0	0	0	0	0	0	0	0	0	0	0	0	0	0	0	0	0	0	0	0	0	0	unique	0	no	0	0	0	0
HGNC:12770	CCN5	O76076	ENSG00000064205	8839	0	0	0	0	1	1	0	0	0	1	0	0	0	0	0	0	0	0	0	0	1	0	0	0	unique	1	yes	0	0	0	0
HGNC:12771	CCN6	O95389	ENSG00000112761	8838			0	0	0	0	0	0	0	0	0	0	0	0	0	0	0	0	0	0	0	0	0	0	unique	0	yes	0	0	0	0
HGNC:12774	WNT1	P04628	ENSG00000125084	7471			0	0	1	1	0	0	0	1	0	0	0	0	0	0	0	0	0	0	1	0	0	0	unique	0	yes	0	0	0	0
HGNC:12781	WNT2B	Q93097	ENSG00000134245	7482			0	0	1	1	0	0	0	1	0	0	0	0	0	0	0	0	0	0	1	0	0	0	unique	0	yes	0	0	0	0
HGNC:12782	WNT3	P56703	ENSG00000108379	7473			0	0	0	0	0	0	0	0	0	0	1	1	0	0	0	0	0	0	0	0	0	0	unique	0	yes	0	0	0	0
HGNC:12783	WNT4	P56705	ENSG00000162552	54361	0	0	0	0	1	0	0	0	0	0	0	0	0	0	0	0	0	0	0	0	0	0	0	0	unique	1	yes	0	0	0	0
HGNC:12784	WNT5A	P41221	ENSG00000114251	7474	0	0	0	0	0	0	0	0	0	0	0	0	1	1	0	0	0	0	0	0	0	0	0	0	unique	1	yes	0	0	0	0
HGNC:12786	WNT7A	O00755	ENSG00000154764	7476			0	0	1	1	0	0	0	1	0	0	1	1	0	0	0	0	0	0	1	0	0	0	unique	0	yes	0	0	0	0
HGNC:12787	WNT7B	P56706	ENSG00000188064	7477			0	0	0	0	0	0	0	0	0	0	0	0	0	0	0	0	0	0	0	0	0	0	unique	0	yes	0	0	0	0
HGNC:12806	XG	P55808	ENSG00000124343	7499	1	1	0	0	1	0	0	0	0	0	0	0	0	0	0	0	0	0	0	0	0	0	0	0	unique	1	no	0	0	0	0
HGNC:12811	XK	P51811	ENSG00000047597	7504	0	1	0	0	1	0	0	0	0	0	0	0	0	0	0	0	0	0	0	0	0	0	0	0	unique	1	no	0	0	0	0
HGNC:12823	XPNPEP2	O43895	ENSG00000122121	7512	0	1	0	0	0	0	0	0	0	0	0	0	0	0	0	0	0	0	0	0	0	0	0	0	unique	1	yes	1	1	1	1
HGNC:12827	XPR1	Q9UBH6	ENSG00000143324	9213	0	1	0	0	0	0	0	0	0	0	0	0	1	1	0	0	0	0	0	0	0	0	0	0	unique	1	yes	0	0	0	0
HGNC:12833	XRCC5	P13010	ENSG00000079246	7520			0	0	1	0	0	0	0	0	0	0	1	1	0	0	0	0	0	0	0	0	0	0	unique	0	yes	0	0	0	0
HGNC:12840	YARS1	P54577	ENSG00000134684	8565			0	0	0	0	0	0	0	0	0	0	1	1	0	0	0	0	0	0	0	0	0	0	unique	0	yes	0	0	0	0
HGNC:12857	ZAN	Q9Y493	ENSG00000146839	7455	0	0	0	0	0	0	0	0	0	0	0	0	0	0	0	0	0	0	0	0	0	0	0	0	unique	1	yes	1	1	1	1
HGNC:12876	SLC39A1	Q9NY26	ENSG00000143570	27173	0	1	0	0	0	0	0	0	0	0	0	0	0	0	0	0	0	0	0	0	0	0	0	0	unique	1	yes	0	0	0	0
HGNC:1304	MRAP	Q8TCY5	ENSG00000170262	56246			0	0	0	0	0	0	0	0	0	0	0	0	0	0	0	0	0	0	0	0	0	0	unique	0	no	0	0	0	0
HGNC:13094	RNF114	Q9Y508	ENSG00000124226	55905	0	0	0	0	0	0	0	0	0	0	0	0	0	0	0	0	0	0	0	0	0	0	0	0	unique	1	no	0	0	0	0
HGNC:1310	TMEM184B	Q9Y519	ENSG00000198792	25829			0	0	1	0	0	0	0	0	0	0	0	0	0	0	0	0	0	0	0	0	0	0	unique	0	no	0	0	0	0
HGNC:1318	C3	P01024	ENSG00000125730	718	0	0	0	0	1	0	0	1	0	1	0	0	1	1	0	0	0	1	0	1	1	0	1	0	unique	1	yes	0	0	0	1
HGNC:13187	ZP1	P60852	ENSG00000149506	22917	0	0	0	0	0	0	0	0	0	0	0	0	0	0	0	0	0	0	0	0	0	0	0	0	unique	1	yes	1	1	1	1
HGNC:13188	ZP2	Q05996	ENSG00000103310	7783	0	0	0	0	1	0	0	0	0	0	0	0	0	0	0	0	0	0	0	0	0	0	0	0	unique	1	yes	1	1	1	1
HGNC:13189	ZP3	P21754	ENSG00000188372	7784	0	0	0	0	1	0	0	0	0	0	0	0	0	0	0	0	0	0	0	0	0	0	0	0	unique	1	yes	1	1	1	1
HGNC:1319	C3AR1	Q16581	ENSG00000171860	719	0	1	0	0	1	0	0	0	0	0	1	0	1	1	0	0	0	1	0	1	1	0	1	0	unique	1	yes	1	1	1	1
HGNC:13201	ADAMTS10	Q9H324	ENSG00000142303	81794			0	0	0	0	0	0	0	0	0	0	0	0	0	0	0	0	0	0	0	0	0	0	unique	0	yes	0	0	0	0
HGNC:13202	ADAMTS9	Q9P2N4	ENSG00000163638	56999			0	0	1	0	0	0	0	0	0	0	0	0	0	0	0	0	0	0	0	0	0	0	unique	0	yes	0	0	0	0
HGNC:1322	CLDND1	Q9NY35	ENSG00000080822	56650	0	1	0	0	0	0	0	0	0	0	0	0	0	0	0	0	0	0	0	0	0	0	0	0	unique	1	no	1	1	1	1
HGNC:1323	C4A	P0C0L4	ENSG00000244731	720	0	0	0	0	1	1	0	0	0	1	0	0	0	0	0	0	0	1	0	1	1	0	1	0	unique	1	yes	0	0	0	1
HGNC:13237	TMEM59L	Q9UK28	ENSG00000105696	25789			0	0	0	0	0	0	0	0	0	0	0	0	0	0	0	0	0	0	0	0	0	0	unique	0	no	0	0	0	0
HGNC:13238	APMAP	Q9HDC9	ENSG00000101474	57136	1	1	0	0	0	0	0	0	0	0	0	0	0	0	0	0	0	0	0	0	0	0	0	0	unique	1	no	0	0	0	0
HGNC:13239	EVA1C	P58658	ENSG00000166979	59271	0	0	0	0	0	0	0	0	0	0	0	0	0	0	0	0	0	0	0	0	0	0	0	0	unique	1	no	1	1	1	1
HGNC:13243	LMBR1	Q8WVP7	ENSG00000105983	64327	0	1	0	0	0	0	0	0	0	0	0	0	0	0	0	0	0	0	0	0	0	0	0	0	unique	1	yes	1	0	0	0
HGNC:13251	CDH22	Q9UJ99	ENSG00000149654	64405	1	1	0	0	0	0	0	0	0	0	0	0	0	0	0	0	0	0	0	0	0	0	0	0	unique	1	yes	1	1	1	1
HGNC:13253	CKLF	Q9UBR5	ENSG00000217555	51192			0	0	0	0	0	0	0	0	0	0	0	0	0	0	0	0	0	0	0	0	0	0	unique	0	yes	0	0	0	0
HGNC:13257	CLEC4A	Q9UMR7	ENSG00000111729	50856	1	1	0	0	0	0	0	0	0	0	0	0	0	0	0	0	0	0	0	0	0	0	0	0	unique	1	yes	0	0	0	0
HGNC:13258	CLEC4C	Q8WTT0	ENSG00000198178	170482	1	1	0	0	0	0	0	0	0	0	0	0	0	0	0	0	0	0	0	0	0	0	0	0	unique	1	yes	0	0	0	0
HGNC:13273	DUOX2	Q9NRD8	ENSG00000140279	50506	0	1	0	0	1	0	0	0	0	0	0	0	0	0	0	0	0	0	0	0	0	0	0	0	unique	1	yes	1	1	1	1
HGNC:13275	ECE2	P0DPD6	ENSG00000145194	9718			0	0	0	0	0	0	0	0	0	0	0	0	0	0	0	0	0	0	0	0	0	0	unique	0	yes	0	0	0	0
HGNC:13280	ERO1A	Q96HE7	ENSG00000197930	30001			0	0	0	0	0	0	0	0	0	0	1	1	0	0	0	0	0	0	0	0	0	0	unique	0	yes	0	0	0	0
HGNC:13299	LGR4	Q9BXB1	ENSG00000205213	55366	0	1	0	0	1	0	0	0	0	0	1	1	1	1	0	0	0	1	1	1	1	1	1	1	unique	1	yes	1	0	0	1
HGNC:133	POTEH	Q6S545	ENSG00000198062	23784			0	0	1	0	0	0	0	0	0	0	0	0	0	0	0	0	0	0	0	0	0	0	unique	0	no	0	0	0	0
HGNC:13300	GPR61	Q9BZJ8	ENSG00000156097	83873	0	1	0	0	1	0	0	0	0	0	0	0	0	0	0	0	0	1	0	1	1	0	1	0	unique	1	yes	1	0	0	1
HGNC:13301	GPR62	Q9BZJ7	ENSG00000180929	118442	0	1	0	0	0	0	0	0	0	0	0	0	0	0	0	0	0	0	0	0	0	0	0	0	unique	1	no	1	0	0	0
HGNC:13302	GPR63	Q9BZJ6	ENSG00000112218	81491	0	1	0	0	0	0	0	0	0	0	0	0	0	0	0	0	0	0	0	0	0	0	0	0	unique	1	yes	1	1	1	1
HGNC:13307	LPAR5	Q9H1C0	ENSG00000184574	57121	0	1	0	0	0	0	0	0	0	0	0	0	0	0	0	0	0	0	0	0	0	0	0	0	unique	1	yes	1	1	1	1
HGNC:13308	GPRC5B	Q9NZH0	ENSG00000167191	51704	0	1	0	0	0	0	0	0	0	0	0	0	0	0	0	0	0	0	0	0	0	0	0	0	unique	1	yes	1	0	0	0
HGNC:13309	GPRC5C	Q9NQ84	ENSG00000170412	55890	0	1	0	0	1	0	0	0	0	0	0	0	0	0	0	0	0	0	0	0	0	0	0	0	unique	1	yes	1	0	0	0
HGNC:1331	C5	P01031	ENSG00000106804	727	0	0	0	0	1	1	0	1	0	1	0	0	1	1	0	0	0	1	0	1	1	0	1	0	unique	1	no	0	0	0	1
HGNC:13310	GPRC5D	Q9NZD1	ENSG00000111291	55507	0	1	0	0	1	1	0	0	0	1	0	0	1	1	0	0	0	1	0	1	1	0	1	0	unique	1	no	1	1	1	1
HGNC:13311	GSDMA	Q96QA5	ENSG00000167914	284110	0	0	0	0	0	0	0	0	0	0	0	0	0	0	0	0	0	0	0	0	0	0	0	0	unique	1	no	0	0	0	0
HGNC:13328	IFIT5	Q13325	ENSG00000152778	24138	0	0	0	0	0	0	0	0	0	0	0	0	0	0	0	0	0	0	0	0	0	0	0	0	unique	1	no	0	0	0	0
HGNC:13342	KLRF1	Q9NZS2	ENSG00000150045	51348	1	1	0	0	0	0	0	0	0	0	0	0	0	0	0	0	0	0	0	0	0	0	0	0	unique	1	yes	1	1	1	1
HGNC:13348	LY6D	Q14210	ENSG00000167656	8581	0	1	0	0	1	0	0	0	0	0	0	0	0	0	0	0	0	0	0	0	0	0	0	0	unique	1	no	1	0	0	0
HGNC:13356	MCOLN1	Q9GZU1	ENSG00000090674	57192	0	0	0	0	1	0	0	0	0	0	0	0	1	1	0	0	0	1	1	1	1	1	1	1	unique	1	yes	1	1	1	1
HGNC:13357	MCOLN2	Q8IZK6	ENSG00000153898	255231	0	0	0	0	0	0	0	0	0	0	0	0	1	1	0	0	0	0	0	0	0	0	0	0	unique	1	yes	0	0	0	0
HGNC:13358	MCOLN3	Q8TDD5	ENSG00000055732	55283	0	0	0	0	1	0	0	0	0	0	0	0	0	0	0	0	0	0	0	0	0	0	0	0	unique	1	no	0	0	0	0
HGNC:13368	MS4A10	Q96PG2	ENSG00000172689	341116	0	1	0	0	0	0	0	0	0	0	0	0	0	0	0	0	0	0	0	0	0	0	0	0	unique	1	no	0	0	0	0
HGNC:13370	MS4A12	Q9NXJ0	ENSG00000071203	54860	0	1	0	0	0	0	0	0	0	0	0	0	0	0	0	0	0	0	0	0	0	0	0	0	unique	1	no	0	0	0	0
HGNC:13371	MS4A4A	Q96JQ5	ENSG00000110079	51338	0	1	0	0	1	0	0	0	0	0	0	0	0	0	0	0	0	0	0	0	0	0	0	0	unique	1	no	0	0	0	0
HGNC:13374	MS4A5	Q9H3V2	ENSG00000166930	64232	0	1	0	0	0	0	0	0	0	0	0	0	0	0	0	0	0	0	0	0	0	0	0	0	unique	1	no	0	0	0	0
HGNC:13375	MS4A6A	Q9H2W1	ENSG00000110077	64231	0	1	0	0	0	0	0	0	0	0	0	0	0	0	0	0	0	0	0	0	0	0	0	0	unique	1	no	1	0	0	0
HGNC:13378	MS4A7	Q9GZW8	ENSG00000166927	58475	0	1	0	0	0	0	0	0	0	0	0	0	0	0	0	0	0	0	0	0	0	0	0	0	unique	1	no	0	0	0	0
HGNC:1338	C5AR1	P21730	ENSG00000197405	728	0	1	0	0	1	0	0	0	0	0	1	0	1	1	0	1	0	0	0	1	1	0	1	0	unique	1	yes	1	0	0	1
HGNC:13380	MS4A8	Q9BY19	ENSG00000166959	83661	0	1	0	0	0	0	0	0	0	0	0	0	0	0	0	0	0	0	0	0	0	0	0	0	unique	1	no	0	0	0	0
HGNC:13384	MUC3B	Q9H195		57876	1	1	0	0	1	1	0	0	0	1	0	0	0	0	0	0	0	0	0	0	1	0	0	0	unique	1	no	1	1	1	1
HGNC:13389	NID2	Q14112	ENSG00000087303	22795	0	0	0	0	1	0	0	0	0	0	0	0	0	0	0	0	0	0	0	0	0	0	0	0	unique	1	yes	0	0	0	0
HGNC:1339	C6	P13671	ENSG00000039537	729	0	0	0	0	1	1	0	1	0	1	0	0	0	0	0	0	0	1	0	1	1	0	1	0	unique	1	yes	0	0	0	1
HGNC:13394	NPHS2	Q9NP85	ENSG00000116218	7827	0	0	0	0	0	0	0	0	0	0	0	0	0	0	0	0	0	0	0	0	0	0	0	0	unique	1	yes	0	0	0	0
HGNC:13398	NSDHL	Q15738	ENSG00000147383	50814			0	0	0	0	0	0	0	0	0	0	1	1	0	0	0	0	0	0	0	0	0	0	unique	0	yes	0	0	0	0
HGNC:1340	SMIM29	Q86T20	ENSG00000186577	221491			0	0	0	0	0	0	0	0	0	0	0	0	0	0	0	0	0	0	0	0	0	0	unique	0	no	0	0	0	0
HGNC:13404	PCDH10	Q9P2E7	ENSG00000138650	57575	1	1	0	0	1	0	0	0	0	0	0	0	0	1	1	0	0	0	0	0	0	0	0	0	unique	1	yes	1	1	1	1
HGNC:13410	TSPAN32	Q96QS1	ENSG00000064201	10077			0	0	0	0	0	0	0	0	0	0	0	0	0	0	0	0	0	0	0	0	0	0	unique	0	no	0	0	0	0
HGNC:13414	PLA2G2E	Q9NZK7	ENSG00000188784	30814			0	0	0	0	0	0	0	0	0	0	1	1	0	0	0	0	0	0	0	0	0	0	unique	0	no	0	0	0	0
HGNC:13433	ROBO3	Q96MS0	ENSG00000154134	64221	1	1	0	0	1	0	0	0	0	0	0	0	0	0	0	0	0	0	0	0	0	0	0	0	unique	1	yes	1	1	1	1
HGNC:13441	SCUBE1	Q8IWY4	ENSG00000159307	80274	0	1	0	0	0	0	0	0	0	0	0	0	0	0	0	0	0	0	0	0	0	0	0	0	unique	1	yes	0	0	0	0
HGNC:13444	SLC2A10	O95528	ENSG00000197496	81031	0	1	0	0	0	0	0	0	0	0	0	0	0	0	0	0	0	0	0	0	0	0	0	0	unique	1	yes	1	0	0	0
HGNC:13445	SLC2A7	Q6PXP3	ENSG00000197241	155184	0	1	0	0	0	0	0	0	0	0	0	0	0	0	0	0	0	0	0	0	0	0	0	0	unique	1	yes	1	0	0	0
HGNC:13446	SLC2A9	Q9NRM0	ENSG00000109667	56606	0	1	0	0	0	0	0	0	0	0	0	0	1	1	0	0	0	0	0	0	0	0	0	0	unique	1	yes	1	0	0	0
HGNC:13447	SLC38A1	Q9H2H9	ENSG00000111371	81539	0	1	0	0	0	0	0	0	0	0	0	0	0	0	0	0	0	0	0	0	0	0	0	0	unique	1	yes	1	0	0	0
HGNC:13448	SLC38A2	Q96QD8	ENSG00000134294	54407	0	1	0	0	0	0	0	0	0	0	0	0	0	0	0	0	0	0	0	0	0	0	0	0	unique	1	yes	1	0	0	0
HGNC:13449	SLITRK2	Q9H156	ENSG00000185985	84631	1	1	0	0	1	0	0	0	0	0	0	0	0	0	0	0	0	0	0	0	0	0	0	0	unique	1	yes	1	1	1	1
HGNC:1346	C7	P10643	ENSG00000112936	730	0	0	0	0	1	0	0	0	0	0	0	0	0	0	0	0	0	0	0	0	0	0	0	0	unique	1	yes	0	0	0	0
HGNC:13464	SERINC1	Q9NRX5	ENSG00000111897	57515	0	0	0	0	0	0	0	0	0	0	0	0	0	0	0	0	0	0	0	0	0	0	0	0	unique	1	no	1	0	0	0
HGNC:13469	TNFRSF21	O75509	ENSG00000146072	27242	1	1	0	0	1	0	0	0	0	0	0	0	0	0	0	0	0	0	0	0	0	0	0	0	unique	1	no	1	1	1	1
HGNC:13476	TTYH1	Q9H313	ENSG00000167614	57348	0	1	0	0	0	0	0	0	0	0	0	0	0	0	0	0	0	0	0	0	0	0	0	0	unique	1	no	1	1	1	1
HGNC:13509	AVEN	Q9NQS1	ENSG00000169857	57099	0	0	0	0	1	0	0	0	0	0	0	0	0	0	0	0	0	0	0	0	0	0	0	0	unique	1	yes	0	0	0	0
HGNC:13517	CLIC5	Q9NZA1	ENSG00000112782	53405	0	0	0	0	0	0	0	0	0	0	0	0	0	0	0	0	0	0	0	0	0	0	0	0	unique	1	no	0	0	0	0
HGNC:13518	CLIC4	Q9Y696	ENSG00000169504	25932	0	0	0	0	1	0	0	0	0	0	0	0	0	0	0	0	0	0	0	0	0	0	0	0	unique	1	no	0	0	0	0
HGNC:1352	C8A	P07357	ENSG00000157131	731	0	0	0	0	1	0	0	0	0	0	0	0	0	0	0	0	0	0	0	0	0	0	0	0	unique	1	yes	0	0	0	0
HGNC:13523	CLEC4M	Q9H2X3	ENSG00000104938	10332	1	1	0	0	1	0	0	0	0	0	0	0	0	0	0	0	0	0	0	0	0	0	0	0	unique	1	yes	1	1	0	1
HGNC:13524	PTTG1IP	P53801	ENSG00000183255	754	1	1	0	0	0	0	0	0	0	0	0	0	0	0	0	0	0	0	0	0	0	0	0	0	unique	1	yes	1	0	0	0
HGNC:13525	ERVW-1	Q9UQF0	ENSG00000242950	30816	0	0	0	0	1	0	0	0	0	0	0	0	0	0	0	0	0	0	0	0	0	0	0	0	unique	1	yes	1	1	1	1
HGNC:1353	C8B	P07358	ENSG00000021852	732	0	0	0	0	1	0	0	0	0	0	0	0	0	0	0	0	0	0	0	0	0	0	0	0	unique	1	yes	0	0	0	0
HGNC:13531	ATP8A1	Q9Y2Q0	ENSG00000124406	10396			0	0	1	0	0	0	0	0	0	0	1	1	0	0	0	0	0	0	0	0	0	0	unique	0	yes	0	0	0	0
HGNC:13533	ATP8A2	Q9NTI2	ENSG00000132932	51761	0	0	0	0	1	0	0	0	0	0	0	0	0	0	0	0	0	0	0	0	0	0	0	0	unique	1	yes	0	0	0	0
HGNC:13534	ATP8B2	P98198	ENSG00000143515	57198	0	0	0	0	0	0	0	0	0	0	0	0	0	0	0	0	0	0	0	0	0	0	0	0	unique	1	no	0	0	0	0
HGNC:13536	ATP8B4	Q8TF62	ENSG00000104043	79895			0	0	0	0	0	0	0	0	0	0	0	0	0	0	0	0	0	0	0	0	0	0	unique	0	no	0	0	0	0
HGNC:13539	AGTRAP	Q6RW13	ENSG00000177674	57085	0	0	0	0	0	0	0	0	0	0	0	0	0	0	0	0	0	0	0	0	0	0	0	0	unique	1	yes	0	0	0	0
HGNC:1354	C8G	P07360	ENSG00000176919	733	0	0	0	0	1	0	0	0	0	0	0	0	1	1	0	0	0	0	0	0	0	0	0	0	unique	1	yes	0	0	0	0
HGNC:13548	VN1R1	Q9GZP7	ENSG00000178201	57191	0	1	0	0	0	0	0	0	0	0	0	0	0	0	0	0	0	0	0	0	0	0	0	0	unique	1	no	1	0	0	0
HGNC:13549	ATP10D	Q9P241	ENSG00000145246	57205	0	0	0	0	1	0	0	0	0	0	0	0	0	0	0	0	0	0	0	0	0	0	0	0	unique	1	yes	0	0	0	0
HGNC:13552	ATP11A	P98196	ENSG00000068650	23250	0	0	0	0	1	0	0	0	0	0	0	0	0	0	0	0	0	0	0	0	0	0	0	0	unique	1	no	0	0	0	0
HGNC:13553	ATP11B	Q9Y2G3	ENSG00000058063	23200	0	0	0	0	1	0	0	0	0	0	0	0	0	0	0	0	0	0	0	0	0	0	0	0	unique	1	no	0	0	0	0
HGNC:13554	ATP11C	Q8NB49	ENSG00000101974	286410	0	1	0	0	0	0	0	0	0	0	0	0	1	1	1	0	0	0	0	0	0	0	0	0	unique	1	no	0	0	0	0
HGNC:13557	ACE2	Q9BYF1	ENSG00000130234	59272	1	1	0	0	1	1	1	1	1	1	0	0	1	1	1	1	1	1	1	1	1	1	1	1	unique	1	yes	1	1	1	1
HGNC:1356	ERLIN2	O94905	ENSG00000147475	11160			0	0	0	0	0	0	0	0	0	0	0	0	0	0	0	0	0	0	0	0	0	0	unique	0	no	0	0	0	0
HGNC:13565	SPOCK3	Q9BQ16	ENSG00000196104	50859			0	0	0	0	0	0	0	0	0	0	0	0	0	0	0	0	0	0	0	0	0	0	unique	0	yes	0	0	0	0
HGNC:13572	FCGBP	Q9Y6R7	ENSG00000275395	8857			0	0	1	0	0	0	0	0	0	0	0	0	0	0	0	0	0	0	0	0	0	0	unique	0	yes	0	0	0	0
HGNC:1358	C9	P02748	ENSG00000113600	735	0	0	0	0	1	1	0	0	0	1	0	0	0	0	0	0	0	1	0	1	1	0	1	0	unique	1	yes	0	0	0	1
HGNC:1359	EQTN	Q9NQ60	ENSG00000120160	54586	0	0	0	0	0	0	0	0	0	0	0	0	0	0	0	0	0	0	0	0	0	0	0	0	unique	1	yes	1	1	1	1
HGNC:13594	TSPAN17	Q96FV3	ENSG00000048140	26262	0	1	0	0	0	0	0	0	0	0	0	0	0	0	0	0	0	0	0	0	0	0	0	0	unique	1	yes	1	1	1	1
HGNC:1361	AOPEP	Q8N6M6	ENSG00000148120	84909	0	0	0	0	0	0	0	0	0	0	0	0	0	0	0	0	0	0	0	0	0	0	0	0	unique	1	no	0	0	0	0
HGNC:1362	FRRS1L	Q9P0K9	ENSG00000260230	23732			0	0	0	0	0	0	0	0	0	0	0	0	0	0	0	0	0	0	0	0	0	0	unique	0	yes	0	0	0	0
HGNC:13621	SLC6A15	Q9H2J7	ENSG00000072041	55117	0	1	0	0	1	0	0	0	0	0	0	0	0	0	0	0	0	0	0	0	0	0	0	0	unique	1	yes	1	0	0	0
HGNC:13622	SLC6A16	Q9GZN6	ENSG00000063127	28968	0	1	0	0	0	0	0	0	0	0	0	0	0	0	0	0	0	0	0	0	0	0	0	0	unique	1	no	1	0	0	0
HGNC:13625	CACNG6	Q9BXT2	ENSG00000130433	59285	0	1	0	0	1	0	0	0	0	0	0	0	0	0	0	0	0	0	0	0	0	0	0	0	unique	1	yes	1	0	0	0
HGNC:13626	CACNG7	P62955	ENSG00000105605	59284	0	1	0	0	0	0	0	0	0	0	0	0	0	0	0	0	0	0	0	0	0	0	0	0	unique	1	yes	1	0	0	0
HGNC:13628	CACNG8	Q8WXS5	ENSG00000142408	59283	0	1	0	0	0	0	0	0	0	0	0	0	0	0	0	0	0	0	0	0	0	0	0	0	unique	1	yes	1	0	0	0
HGNC:1363	TMEM245	Q9H330	ENSG00000106771	23731	0	0	0	0	0	0	0	0	0	0	0	0	0	0	0	0	0	0	0	0	0	0	0	0	unique	1	no	1	1	1	1
HGNC:13634	MAL2	Q969L2	ENSG00000147676	114569	0	0	0	0	0	0	0	0	0	0	0	0	0	0	0	0	0	0	0	0	0	0	0	0	unique	1	no	0	0	0	0
HGNC:13635	PLVAP	Q9BX97	ENSG00000130300	83483	1	1	0	0	0	0	0	0	0	0	0	0	0	0	0	0	0	0	0	0	0	0	0	0	unique	1	no	1	1	1	1
HGNC:13646	LAPTM4B	Q86VI4	ENSG00000104341	55353			0	0	0	0	0	0	0	0	0	0	0	0	0	0	0	0	0	0	0	0	0	0	unique	0	yes	0	0	0	0
HGNC:1365	CACFD1	Q9UGQ2	ENSG00000160325	11094	0	0	0	0	0	0	0	0	0	0	0	0	0	0	0	0	0	0	0	0	0	0	0	0	unique	1	no	0	0	0	0
HGNC:13655	SCUBE3	Q8IX30	ENSG00000146197	222663	0	0	0	0	1	0	0	0	0	0	0	0	0	0	0	0	0	0	0	0	0	0	0	0	unique	1	yes	0	0	0	0
HGNC:13658	NTN4	Q9HB63	ENSG00000074527	59277			0	0	0	0	0	0	0	0	0	0	0	0	0	0	0	0	0	0	0	0	0	0	unique	0	yes	0	0	0	0
HGNC:13664	MACF1	Q9UPN3	ENSG00000127603	23499	0	0	0	0	1	0	0	0	0	0	0	0	0	0	0	0	0	0	0	0	0	0	0	0	unique	1	no	0	0	0	0
HGNC:13681	DCHS1	Q96JQ0	ENSG00000166341	8642	1	1	0	0	1	0	0	0	0	0	0	0	0	0	0	0	0	0	0	0	0	0	0	0	unique	1	yes	1	1	1	1
HGNC:1369	CA10	Q9NS85	ENSG00000154975	56934			0	0	0	0	0	0	0	0	0	0	0	0	0	0	0	0	0	0	0	0	0	0	unique	0	yes	0	0	0	0
HGNC:1370	CA11	O75493	ENSG00000063180	770	0	0	0	0	1	0	0	0	0	0	0	0	0	0	0	0	0	0	0	0	0	0	0	0	unique	1	yes	0	0	0	0
HGNC:13700	IL22RA1	Q8N6P7	ENSG00000142677	58985	1	1	0	0	0	0	0	0	0	0	0	0	0	0	0	0	0	0	0	0	0	0	0	0	unique	1	yes	1	1	1	1
HGNC:13705	TMEM187	Q14656	ENSG00000177854	8269			0	0	0	0	0	0	0	0	0	0	0	0	0	0	0	0	0	0	0	0	0	0	unique	0	no	0	0	0	0
HGNC:13708	ACKR5	O15218	ENSG00000166856	11318	0	1	0	0	0	0	0	0	0	0	0	0	0	0	0	0	0	0	0	0	0	0	0	0	unique	1	yes	1	1	1	1
HGNC:1371	CA12	O43570	ENSG00000074410	771	1	1	0	0	1	0	0	1	1	1	0	0	1	1	1	1	1	1	1	1	1	1	1	1	unique	1	no	1	1	1	1
HGNC:13717	ENPP5	Q9UJA9	ENSG00000112796	59084	1	1	0	0	0	0	0	0	0	0	0	0	0	0	0	0	0	0	0	0	0	0	0	0	unique	1	no	1	1	1	1
HGNC:1372	CA14	Q9ULX7	ENSG00000118298	23632	1	1	0	0	0	0	0	0	0	0	0	0	1	1	1	1	1	0	0	0	1	1	1	1	unique	1	yes	1	1	1	1
HGNC:13728	ADGRG3	Q86Y34	ENSG00000182885	222487	0	1	0	0	0	0	0	0	0	0	0	0	1	1	0	0	0	0	0	0	0	0	0	0	unique	1	yes	0	0	0	0
HGNC:13731	MAEA	Q7L5Y9	ENSG00000090316	10296			0	0	0	0	0	0	0	0	0	0	0	0	0	0	0	0	0	0	0	0	0	0	unique	0	no	0	0	0	0
HGNC:13733	CDH23	Q9H251	ENSG00000107736	64072	1	1	0	0	1	0	0	0	0	0	0	0	0	0	0	0	0	0	0	0	0	0	0	0	unique	1	yes	1	1	1	1
HGNC:13735	RGS19	P49795	ENSG00000171700	10287	0	0	0	0	0	0	0	0	0	0	0	0	0	0	0	0	0	0	0	0	0	0	0	0	unique	1	yes	0	0	0	0
HGNC:13741	SNTG2	Q9NY99	ENSG00000172554	54221	0	0	0	0	0	0	0	0	0	0	0	0	0	0	0	0	0	0	0	0	0	0	0	0	unique	1	yes	0	0	0	0
HGNC:13746	BRINP2	Q9C0B6	ENSG00000198797	57795			0	0	0	0	0	0	0	0	0	0	0	0	0	0	0	0	0	0	0	0	0	0	unique	0	no	0	0	0	0
HGNC:13749	FAM3A	P98173	ENSG00000071889	60343			0	0	0	0	0	0	0	0	0	0	0	0	0	0	0	0	0	0	0	0	0	0	unique	0	no	0	0	0	0
HGNC:1375	CA4	P22748	ENSG00000167434	762	0	1	0	0	0	0	0	0	0	0	0	0	1	1	0	1	0	0	0	0	1	0	1	0	unique	1	yes	1	1	1	1
HGNC:13753	FSD1L	Q9BXM9	ENSG00000106701	83856	0	0	0	0	0	0	0	0	0	0	0	0	0	0	0	0	0	0	0	0	0	0	0	0	unique	1	no	0	0	0	0
HGNC:13764	RELT	Q969Z4	ENSG00000054967	84957	1	1	0	0	0	0	0	0	0	0	0	0	0	0	0	0	0	0	0	0	0	0	0	0	unique	1	no	1	1	1	1
HGNC:13770	IGDCC4	Q8TDY8	ENSG00000103742	57722	1	1	0	0	1	0	0	0	0	0	0	0	0	0	0	0	0	0	0	0	0	0	0	0	unique	1	no	1	1	1	1
HGNC:13796	C18orf54	Q8IYD9	ENSG00000166845	162681			0	0	0	0	0	0	0	0	0	0	0	0	0	0	0	0	0	0	0	0	0	0	unique	0	no	0	0	0	0
HGNC:13800	CHRNA10	Q9GZZ6	ENSG00000129749	57053	0	1	0	0	0	0	0	0	0	0	0	0	0	0	0	0	0	0	0	0	0	0	0	0	unique	1	yes	1	1	1	1
HGNC:13811	SLC4A10	Q6U841	ENSG00000144290	57282	0	1	0	0	0	0	0	0	0	0	0	0	1	1	0	0	0	0	0	0	0	0	0	0	unique	1	yes	1	1	1	1
HGNC:13812	SLC2A8	Q9NY64	ENSG00000136856	29988	0	0	0	0	0	0	0	0	0	0	0	0	0	0	0	0	0	0	0	0	0	0	0	0	unique	1	yes	1	0	0	0
HGNC:13814	KCNK15	Q9H427	ENSG00000124249	60598			0	0	0	0	0	0	0	0	0	0	0	0	0	0	0	0	0	0	0	0	0	0	unique	0	no	0	0	0	0
HGNC:13816	ATP12A	P54707	ENSG00000075673	479	0	1	0	0	0	0	0	0	0	0	0	0	0	0	0	0	0	0	0	0	0	0	0	0	unique	1	yes	0	0	0	0
HGNC:13818	SLC12A5	Q9H2X9	ENSG00000124140	57468	0	1	0	0	1	0	0	0	0	0	0	0	1	1	0	0	0	0	0	0	0	0	0	0	unique	1	yes	1	1	1	1
HGNC:13819	SLCO1C1	Q9NYB5	ENSG00000139155	53919	0	1	0	0	0	0	0	0	0	0	0	0	1	1	0	0	0	0	0	0	0	0	0	0	unique	1	yes	1	0	0	0
HGNC:13821	GFRA4	Q9GZZ7	ENSG00000125861	64096	0	1	0	0	0	0	0	0	0	0	0	0	0	0	0	0	0	0	0	0	0	0	0	0	unique	1	yes	1	1	1	1
HGNC:13823	NETO1	Q8TDF5	ENSG00000166342	81832	1	1	0	0	0	0	0	0	0	0	0	0	0	0	0	0	0	0	0	0	0	0	0	0	unique	1	yes	1	1	1	1
HGNC:1383	CA9	Q16790	ENSG00000107159	768	1	1	0	0	1	0	0	1	1	1	0	0	1	1	1	0	0	1	1	1	1	1	1	1	unique	1	yes	0	0	0	1
HGNC:13830	CNTNAP2	Q9UHC6	ENSG00000174469	26047	1	1	0	0	1	0	0	0	0	0	0	0	0	0	0	0	0	0	0	0	0	0	0	0	unique	1	yes	1	1	1	1
HGNC:13834	CNTNAP3	Q9BZ76	ENSG00000106714	79937	1	1	0	0	0	0	0	0	0	0	0	0	0	0	0	0	0	0	0	0	0	0	0	0	unique	1	yes	1	1	1	1
HGNC:13838	ADGRA1	Q86SQ6	ENSG00000197177	84435	0	1	0	0	0	0	0	0	0	0	0	0	0	0	0	0	0	0	0	0	0	0	0	0	unique	1	no	0	0	0	0
HGNC:13839	ADGRA3	Q8IWK6	ENSG00000152990	166647	0	1	0	0	1	0	0	0	0	0	0	0	0	0	0	0	0	0	0	0	0	0	0	0	unique	1	no	0	0	0	0
HGNC:13841	ADGRG6	Q86SQ4	ENSG00000112414	57211	0	1	0	0	1	0	0	0	0	0	0	0	0	0	0	0	0	0	0	0	0	0	0	0	unique	1	yes	0	0	0	0
HGNC:13869	LOXL3	P58215	ENSG00000115318	84695			0	0	1	1	0	0	0	1	0	0	0	0	0	0	0	0	0	0	1	0	0	0	unique	0	yes	0	0	0	0
HGNC:13877	TTYH2	Q9BSA4	ENSG00000141540	94015	0	1	0	0	1	0	0	0	0	0	0	0	1	1	0	0	0	1	1	1	1	1	1	1	unique	1	yes	1	1	1	1
HGNC:1388	CACNA1A	O00555	ENSG00000141837	773	0	1	0	0	1	0	0	0	0	0	0	0	1	1	0	0	0	0	0	0	0	0	0	0	unique	1	yes	0	0	0	0
HGNC:13880	MYO1G	B0I1T2	ENSG00000136286	64005	0	0	0	0	1	0	0	0	0	0	0	0	0	0	0	0	0	0	0	0	0	0	0	0	unique	1	no	0	0	0	0
HGNC:13884	ABCG4	Q9H172	ENSG00000172350	64137	0	1	0	0	0	0	0	0	0	0	0	0	0	0	0	0	0	0	0	0	0	0	0	0	unique	1	yes	1	1	0	1
HGNC:13886	ABCG5	Q9H222	ENSG00000138075	64240	0	1	0	0	0	0	0	0	0	0	0	0	1	1	0	0	0	1	0	1	1	0	1	0	unique	1	yes	1	1	1	1
HGNC:13887	ABCG8	Q9H221	ENSG00000143921	64241	0	1	0	0	1	1	0	0	0	1	0	0	1	1	0	0	0	1	0	1	1	0	1	0	unique	1	no	0	0	0	1
HGNC:1389	CACNA1B	Q00975	ENSG00000148408	774	0	1	0	0	1	0	0	0	0	0	0	0	1	1	0	0	0	0	0	0	0	0	0	0	unique	1	yes	0	0	0	0
HGNC:1390	CACNA1C	Q13936	ENSG00000151067	775	0	1	0	0	1	0	0	0	0	0	0	0	1	1	0	0	0	0	0	0	0	0	0	0	unique	1	yes	1	1	1	1
HGNC:1391	CACNA1D	Q01668	ENSG00000157388	776	0	1	0	0	1	0	0	0	0	0	0	0	1	1	0	0	0	0	0	0	0	0	0	0	unique	1	yes	0	0	0	0
HGNC:13916	APOM	O95445	ENSG00000204444	55937			0	0	0	0	0	0	0	0	0	0	1	1	0	0	0	0	0	0	0	0	0	0	unique	0	yes	0	0	0	0
HGNC:1392	CACNA1E	Q15878	ENSG00000198216	777	0	1	0	0	1	0	0	0	0	0	0	0	1	1	0	0	0	0	0	0	0	0	0	0	unique	1	yes	0	0	0	0
HGNC:1393	CACNA1F	O60840	ENSG00000102001	778	0	1	0	0	1	0	0	0	0	0	0	0	0	0	0	0	0	0	0	0	0	0	0	0	unique	1	yes	0	0	0	0
HGNC:13931	LY6G5B	Q8NDX9	ENSG00000240053	58496	0	1	0	0	0	0	0	0	0	0	0	0	0	0	0	0	0	0	0	0	0	0	0	0	unique	1	no	0	0	0	0
HGNC:13932	LY6G5C	Q5SRR4	ENSG00000204428	80741	0	1	0	0	0	0	0	0	0	0	0	0	0	0	0	0	0	0	0	0	0	0	0	0	unique	1	no	0	0	0	0
HGNC:13933	LY6G6F	Q5SQ64	ENSG00000204424	259215	1	1	0	0	1	0	0	0	0	0	0	0	0	0	0	0	0	0	0	0	0	0	0	0	unique	1	yes	1	1	1	1
HGNC:13935	LY6G6D	O95868	ENSG00000244355	58530	0	1	0	0	1	0	0	1	0	1	0	0	0	0	0	0	0	1	0	1	1	0	1	0	unique	1	no	1	1	1	1
HGNC:13936	LY6G6C	O95867	ENSG00000204421	80740	0	1	0	0	0	0	0	0	0	0	0	0	0	0	0	0	0	0	0	0	0	0	0	0	unique	1	no	1	1	1	1
HGNC:13937	MPIG6B	O95866	ENSG00000204420	80739	1	1	0	0	1	1	1	0	0	1	0	0	0	0	0	0	0	1	1	1	1	1	1	1	unique	1	yes	1	1	1	1
HGNC:13938	SAPCD1	Q5SSQ6	ENSG00000228727	401251	0	0	0	0	0	0	0	0	0	0	0	0	0	0	0	0	0	0	0	0	0	0	0	0	unique	1	no	0	0	0	0
HGNC:13939	VWA7	Q9Y334	ENSG00000204396	80737	0	0	0	0	1	0	0	0	0	0	0	0	0	0	0	0	0	0	0	0	0	0	0	0	unique	1	no	0	0	0	0
HGNC:1394	CACNA1G	O43497	ENSG00000006283	8913	0	1	0	0	1	0	0	0	0	0	0	0	1	1	0	1	0	0	0	0	1	0	1	0	unique	1	yes	1	1	1	1
HGNC:13941	SLC44A4	Q53GD3	ENSG00000204385	80736	0	1	0	0	0	0	0	0	0	0	0	0	0	0	0	0	0	0	0	0	0	0	0	0	unique	1	yes	1	1	1	1
HGNC:13943	PRRT1	Q99946	ENSG00000204314	80863	0	1	0	0	1	0	0	0	0	0	0	0	0	0	0	0	0	0	0	0	0	0	0	0	unique	1	yes	0	0	0	0
HGNC:13944	EGFL8	Q99944	ENSG00000241404	80864	0	0	0	0	1	0	0	0	0	0	0	0	0	0	0	0	0	0	0	0	0	0	0	0	unique	1	no	0	0	0	0
HGNC:13949	FKBPL	Q9UIM3	ENSG00000204315	63943			0	0	1	0	0	0	0	0	0	0	0	0	0	0	0	0	0	0	0	0	0	0	unique	0	yes	0	0	0	0
HGNC:1395	CACNA1H	O95180	ENSG00000196557	8912	0	1	0	0	1	0	0	0	0	0	0	0	0	1	0	0	0	0	0	0	0	0	0	0	unique	1	yes	0	0	0	0
HGNC:1396	CACNA1I	Q9P0X4	ENSG00000100346	8911	0	1	0	0	1	0	0	0	0	0	0	0	1	1	0	1	0	0	0	0	1	0	1	0	unique	1	no	1	1	1	1
HGNC:13961	MAS1L	P35410	ENSG00000204687	116511	0	1	0	0	0	0	0	0	0	0	0	0	0	0	0	0	0	0	0	0	0	0	0	0	unique	1	no	1	0	0	0
HGNC:13963	OR12D3	Q9UGF7	ENSG00000112462	81797	0	0	0	0	0	0	0	0	0	0	0	0	0	0	0	0	0	0	0	0	0	0	0	0	unique	1	no	1	0	0	0
HGNC:13966	OR2B2	Q9GZK3	ENSG00000168131	81697	0	0	0	0	0	0	0	0	0	0	0	0	0	0	0	0	0	0	0	0	0	0	0	0	unique	1	no	1	0	0	0
HGNC:13968	OR2B8	P59922	ENSG00000182477	65944	0	0	0	0	0	0	0	0	0	0	0	0	0	0	0	0	0	0	0	0	0	0	0	0	unique	1	no	1	0	0	0
HGNC:1397	CACNA1S	Q13698	ENSG00000081248	779	0	1	0	0	1	0	0	0	0	0	0	0	0	0	0	0	0	0	0	0	0	0	0	0	unique	1	yes	0	0	0	0
HGNC:13971	OR14J1	Q9UGF5	ENSG00000204695	442191	0	1	0	0	0	0	0	0	0	0	0	0	0	0	0	0	0	0	0	0	0	0	0	0	unique	1	yes	1	0	0	0
HGNC:13972	OR5V1	Q9UGF6	ENSG00000243729	81696	0	1	0	0	0	0	0	0	0	0	0	0	0	0	0	0	0	0	0	0	0	0	0	0	unique	1	yes	1	0	0	0
HGNC:1399	CACNA2D1	P54289	ENSG00000153956	781	0	1	0	0	1	0	0	0	0	0	0	0	0	0	0	0	0	0	0	0	0	0	0	0	unique	1	yes	0	0	0	0
HGNC:1400	CACNA2D2	Q9NY47	ENSG00000007402	9254	1	1	0	0	0	0	0	0	0	0	0	0	0	0	0	0	0	0	0	0	0	0	0	0	unique	1	yes	0	0	0	0
HGNC:14004	ANO3	Q9BYT9	ENSG00000134343	63982	0	0	0	0	0	0	0	0	0	0	0	0	0	0	0	0	0	0	0	0	0	0	0	0	unique	1	no	1	1	1	1
HGNC:14005	PEG10	Q86TG7	ENSG00000242265	23089			0	0	1	0	0	0	0	0	0	0	0	0	0	0	0	0	0	0	0	0	0	0	unique	0	no	0	0	0	0
HGNC:14006	TRPV6	Q9H1D0	ENSG00000165125	55503	0	1	0	0	1	0	0	0	0	0	0	0	1	1	0	1	0	0	0	0	1	0	1	0	unique	1	yes	1	1	1	1
HGNC:14007	OPN3	Q9H1Y3	ENSG00000054277	23596	0	1	0	0	0	0	0	0	0	0	0	0	0	0	0	0	0	0	0	0	0	0	0	0	unique	1	yes	1	1	1	1
HGNC:14025	SLC5A7	Q9GZV3	ENSG00000115665	60482	0	0	0	0	0	0	0	0	0	0	0	0	1	1	0	0	0	0	0	0	0	0	0	0	unique	1	yes	1	0	0	0
HGNC:14026	CSMD1	Q96PZ7	ENSG00000183117	64478	1	1	0	0	1	0	0	0	0	0	0	0	0	0	0	0	0	0	0	0	0	0	0	0	unique	1	yes	1	1	1	1
HGNC:1405	CACNG1	Q06432	ENSG00000108878	786	0	1	0	0	0	0	0	0	0	0	0	0	0	0	0	0	0	0	0	0	0	0	0	0	unique	1	yes	1	1	1	1
HGNC:1406	CACNG2	Q9Y698	ENSG00000166862	10369	0	1	0	0	0	0	0	0	0	0	0	0	0	0	0	0	0	0	0	0	0	0	0	0	unique	1	yes	1	0	0	0
HGNC:1407	CACNG3	O60359	ENSG00000006116	10368	0	1	0	0	0	0	0	0	0	0	0	0	0	0	0	0	0	0	0	0	0	0	0	0	unique	1	yes	1	1	1	1
HGNC:14073	ATP1A4	Q13733	ENSG00000132681	480	0	1	0	0	1	0	0	0	0	0	0	0	1	1	0	0	0	0	0	0	0	0	0	0	unique	1	yes	1	1	1	1
HGNC:14075	SGCZ	Q96LD1	ENSG00000185053	137868	1	1	0	0	0	0	0	0	0	0	0	0	0	0	0	0	0	0	0	0	0	0	0	0	unique	1	no	1	1	1	1
HGNC:14079	CHRNA9	Q9UGM1	ENSG00000174343	55584	0	1	0	0	0	0	0	0	0	0	0	0	1	1	1	1	1	0	0	0	1	1	1	1	unique	1	yes	1	1	1	1
HGNC:1408	CACNG4	Q9UBN1	ENSG00000075461	27092	0	1	0	0	0	0	0	0	0	0	0	0	0	0	0	0	0	0	0	0	0	0	0	0	unique	1	yes	1	0	0	0
HGNC:14085	RTN4	Q9NQC3	ENSG00000115310	57142	0	0	0	0	1	0	0	0	0	0	0	0	0	0	0	0	0	0	0	0	0	0	0	0	unique	1	yes	0	0	0	0
HGNC:1409	CACNG5	Q9UF02	ENSG00000075429	27091	0	1	0	0	1	0	0	0	0	0	0	0	0	0	0	0	0	0	0	0	0	0	0	0	unique	1	yes	1	1	1	1
HGNC:14105	SPAG8	Q99932	ENSG00000137098	26206			0	0	1	0	0	0	0	0	0	0	0	0	0	0	0	0	0	0	0	0	0	0	unique	0	yes	0	0	0	0
HGNC:14107	PMEPA1	Q969W9	ENSG00000124225	56937	1	1	0	0	0	0	0	0	0	0	0	0	0	0	0	0	0	0	0	0	0	0	0	0	unique	1	no	1	1	1	1
HGNC:14120	TPSB2	P20231	ENSG00000197253	64499			0	0	0	0	0	0	0	0	0	0	1	1	0	0	0	0	0	0	0	0	0	0	unique	0	yes	0	0	0	0
HGNC:14134	TPSG1	Q9NRR2	ENSG00000116176	25823	1	1	0	0	0	0	0	0	0	0	0	0	0	0	0	0	0	0	0	0	0	0	0	0	unique	1	no	1	1	1	1
HGNC:14137	JPT2	Q9H910	ENSG00000206053	90861	0	0	0	0	0	0	0	0	0	0	0	0	0	0	0	0	0	0	0	0	0	0	0	0	unique	1	yes	0	0	0	0
HGNC:14151	METRN	Q9UJH8	ENSG00000103260	79006			0	0	1	0	0	0	0	0	0	0	0	0	0	0	0	0	0	0	0	0	0	0	unique	0	no	0	0	0	0
HGNC:14153	CCDC78	A2IDD5	ENSG00000162004	124093	0	0	0	0	0	0	0	0	0	0	0	0	0	0	0	0	0	0	0	0	0	0	0	0	unique	1	no	0	0	0	0
HGNC:14158	TMEM204	Q9BSN7	ENSG00000131634	79652	0	0	0	0	1	0	0	0	0	0	0	0	0	0	0	0	0	0	0	0	0	0	0	0	unique	1	yes	1	0	0	0
HGNC:14163	FAM234A	Q9H0X4	ENSG00000167930	83986	1	1	0	0	1	0	0	0	0	0	0	0	0	0	0	0	0	0	0	0	0	0	0	0	unique	1	no	0	0	0	0
HGNC:14171	PTX4	Q96A99	ENSG00000251692	390667			0	0	0	0	0	0	0	0	0	0	0	0	0	0	0	0	0	0	0	0	0	0	unique	0	no	0	0	0	0
HGNC:14189	LST1	O00453	ENSG00000204482	7940	0	0	0	0	0	0	0	0	0	0	0	0	0	0	0	0	0	0	0	0	0	0	0	0	unique	1	no	0	0	0	0
HGNC:14239	SLC2A11	Q9BYW1	ENSG00000133460	66035	0	1	0	0	0	0	0	0	0	0	0	0	0	0	0	0	0	0	0	0	0	0	0	0	unique	1	yes	1	0	0	0
HGNC:14240	SMPD3	Q9NY59	ENSG00000103056	55512			0	0	0	0	0	0	0	0	0	0	0	0	0	0	0	0	0	0	0	0	0	0	unique	0	yes	0	0	0	0
HGNC:14246	MMP25	Q9NPA2	ENSG00000008516	64386	0	1	0	0	1	0	0	0	0	0	0	0	0	0	0	0	0	0	0	0	0	0	0	0	unique	1	no	1	1	1	1
HGNC:14249	MMP26	Q9NRE1	ENSG00000167346	56547			0	0	0	0	0	0	0	0	0	0	0	0	0	0	0	0	0	0	0	0	0	0	unique	0	yes	0	0	0	0
HGNC:14250	MMP27	Q9H306	ENSG00000137675	64066			0	0	1	0	0	0	0	0	0	0	0	0	0	0	0	0	0	0	0	0	0	0	unique	0	no	0	0	0	0
HGNC:14251	BRI3BP	Q8WY22	ENSG00000184992	140707	0	0	0	0	0	0	0	0	0	0	0	0	0	0	0	0	0	0	0	0	0	0	0	0	unique	1	no	0	0	0	0
HGNC:14257	PCDH20	Q8N6Y1	ENSG00000280165	64881	1	1	0	0	0	0	0	0	0	0	0	0	0	0	0	0	0	0	0	0	0	0	0	0	unique	1	yes	1	1	1	1
HGNC:14265	CDH24	Q86UP0	ENSG00000139880	64403	1	1	0	0	1	0	0	0	0	0	0	0	0	0	0	0	0	0	0	0	0	0	0	0	unique	1	yes	1	1	1	1
HGNC:14267	PCDH17	O14917	ENSG00000118946	27253	1	1	0	0	1	0	0	0	0	0	0	0	0	0	0	0	0	0	0	0	0	0	0	0	unique	1	yes	1	1	1	1
HGNC:14268	PCDH18	Q9HCL0	ENSG00000189184	54510	1	1	0	0	0	0	0	0	0	0	0	0	0	0	0	0	0	0	0	0	0	0	0	0	unique	1	yes	1	1	1	1
HGNC:14270	PCDH19	Q8TAB3	ENSG00000165194	57526	1	1	0	0	0	0	0	0	0	0	0	0	0	0	0	0	0	0	0	0	0	0	0	0	unique	1	yes	1	1	1	1
HGNC:14272	CREG2	Q8IUH2	ENSG00000175874	200407			0	0	0	0	0	0	0	0	0	0	0	0	0	0	0	0	0	0	0	0	0	0	unique	0	no	0	0	0	0
HGNC:14281	CRLF2	Q9HC73	ENSG00000205755	64109	1	1	0	0	0	0	0	0	0	0	0	0	0	0	0	0	0	0	0	0	0	0	0	0	unique	1	yes	1	1	1	1
HGNC:14284	MS4A4E	Q96PG1	ENSG00000214787	643680			0	0	0	0	0	0	0	0	0	0	0	0	0	0	0	0	0	0	0	0	0	0	unique	0	no	0	0	0	0
HGNC:14285	MS4A6E	Q96DS6	ENSG00000166926	245802	0	1	0	0	0	0	0	0	0	0	0	0	0	0	0	0	0	0	0	0	0	0	0	0	unique	1	no	0	0	0	0
HGNC:14287	NLGN4X	Q8N0W4	ENSG00000146938	57502	1	1	0	0	1	0	0	0	0	0	0	0	0	1	1	0	0	0	0	0	0	0	0	0	unique	1	yes	1	1	1	1
HGNC:14288	NTNG2	Q96CW9	ENSG00000196358	84628	0	1	0	0	0	0	0	0	0	0	0	0	0	0	0	0	0	0	0	0	0	0	0	0	unique	1	yes	1	1	1	1
HGNC:14289	NLGN3	Q9NZ94	ENSG00000196338	54413	1	1	0	0	1	0	0	0	0	0	0	0	0	0	0	0	0	0	0	0	0	0	0	0	unique	1	yes	1	1	1	1
HGNC:14290	NLGN2	Q8NFZ4	ENSG00000169992	57555	1	1	0	0	0	0	0	0	0	0	0	0	0	0	0	0	0	0	0	0	0	0	0	0	unique	1	yes	1	1	1	1
HGNC:14291	NLGN1	Q8N2Q7	ENSG00000169760	22871	1	1	0	0	0	0	0	0	0	0	0	0	0	0	0	0	0	0	0	0	0	0	0	0	unique	1	yes	1	1	1	1
HGNC:14295	SHANK2	Q9UPX8	ENSG00000162105	22941	0	0	0	0	1	0	0	0	0	0	0	0	0	1	0	0	0	0	0	0	0	0	0	0	unique	1	no	0	0	0	0
HGNC:14298	LPAR3	Q9UBY5	ENSG00000171517	23566	0	1	0	0	0	0	0	0	0	0	0	0	0	0	0	0	0	0	0	0	0	0	0	0	unique	1	yes	1	0	0	0
HGNC:14299	S1PR5	Q9H228	ENSG00000180739	53637	0	1	0	0	1	0	0	0	0	0	0	0	1	1	0	0	0	0	0	0	0	0	0	0	unique	1	yes	1	0	0	0
HGNC:14315	FCMR	O60667	ENSG00000162894	9214	1	1	0	0	0	0	0	0	0	0	0	0	0	0	0	0	0	0	0	0	0	0	0	0	unique	1	yes	0	0	0	0
HGNC:14323	TRPM5	Q9NZQ8	ENSG00000070985	29850	0	1	0	0	0	0	0	0	0	0	0	0	0	0	0	0	0	0	0	0	0	0	0	0	unique	1	yes	0	0	0	0
HGNC:14324	C1QTNF1	Q9BXJ1	ENSG00000173918	114897			0	0	0	0	0	0	0	0	0	0	0	0	0	0	0	0	0	0	0	0	0	0	unique	0	yes	0	0	0	0
HGNC:14325	C1QTNF2	Q9BXJ5	ENSG00000145861	114898	0	0	0	0	0	0	0	0	0	0	0	0	0	0	0	0	0	0	0	0	0	0	0	0	unique	1	yes	0	0	0	0
HGNC:14326	C1QTNF3	Q9BXJ4	ENSG00000082196	114899			0	0	1	0	0	0	0	0	0	0	0	0	0	0	0	0	0	0	0	0	0	0	unique	0	no	0	0	0	0
HGNC:14339	PLEKHA4	Q9H4M7	ENSG00000105559	57664	0	0	0	0	1	0	0	0	0	0	0	0	1	1	0	0	0	0	0	0	0	0	0	0	unique	1	yes	0	0	0	0
HGNC:14342	C1QTNF7	Q9BXJ2	ENSG00000163145	114905			0	0	1	0	0	0	0	0	0	0	0	0	0	0	0	0	0	0	0	0	0	0	unique	0	no	0	0	0	0
HGNC:14343	C1QTNF6	Q9BXI9	ENSG00000133466	114904			0	0	0	0	0	0	0	0	0	0	0	0	0	0	0	0	0	0	0	0	0	0	unique	0	no	0	0	0	0
HGNC:14344	C1QTNF5	Q9BXJ0	ENSG00000223953	114902			0	0	0	0	0	0	0	0	0	0	0	0	0	0	0	0	0	0	0	0	0	0	unique	0	yes	0	0	0	0
HGNC:14346	C1QTNF4	Q9BXJ3	ENSG00000172247	114900			0	0	1	1	0	0	0	1	0	0	0	0	0	0	0	0	0	0	1	0	0	0	unique	0	yes	0	0	0	0
HGNC:14351	CLEC2D	Q9UHP7	ENSG00000069493	29121	1	1	0	0	0	0	0	0	0	0	0	0	0	0	0	0	0	0	0	0	0	0	0	0	unique	1	yes	1	1	1	1
HGNC:14366	MMP28	Q9H239	ENSG00000271447	79148			0	0	0	0	0	0	0	0	0	0	0	0	0	0	0	0	0	0	0	0	0	0	unique	0	no	0	0	0	0
HGNC:14368	PRSS22	Q9GZN4	ENSG00000005001	64063			0	0	1	0	0	0	0	0	0	0	0	0	0	0	0	0	0	0	0	0	0	0	unique	0	no	0	0	0	0
HGNC:14369	ENDOU	P21128	ENSG00000111405	8909			0	0	0	0	0	0	0	0	0	0	0	0	0	0	0	0	0	0	0	0	0	0	unique	0	no	0	0	0	0
HGNC:14370	PRSS23	O95084	ENSG00000150687	11098	0	0	0	0	0	0	0	0	0	0	0	0	0	0	0	0	0	0	0	0	0	0	0	0	unique	1	no	0	0	0	0
HGNC:14376	ACP4	Q9BZG2	ENSG00000142513	93650	0	0	0	0	0	0	0	0	0	0	0	0	0	0	0	0	0	0	0	0	0	0	0	0	unique	1	no	1	1	1	1
HGNC:14388	GP6	Q9HCN6	ENSG00000088053	51206	1	1	0	0	0	0	0	0	0	0	0	0	0	1	1	0	0	1	1	1	1	1	1	1	unique	1	yes	1	1	1	1
HGNC:14395	CDRT15	Q96T59	ENSG00000223510	146822	0	0	0	0	0	0	0	0	0	0	0	0	0	0	0	0	0	0	0	0	0	0	0	0	unique	1	no	0	0	0	0
HGNC:1440	CALCR	P30988	ENSG00000004948	799	0	1	0	0	0	0	0	0	0	0	1	0	1	1	0	0	0	0	0	0	1	0	1	0	unique	1	yes	1	1	1	1
HGNC:14417	ELSPBP1	Q96BH3	ENSG00000169393	64100	0	0	0	0	0	0	0	0	0	0	0	0	0	0	0	0	0	0	0	0	0	0	0	0	unique	1	no	0	0	0	0
HGNC:14430	SLC13A3	Q8WWT9	ENSG00000158296	64849	0	1	0	0	0	0	0	0	0	0	0	0	1	1	0	0	0	0	0	0	0	0	0	0	unique	1	yes	1	0	0	0
HGNC:14432	TMEM237	Q96Q45	ENSG00000155755	65062			0	0	0	0	0	0	0	0	0	0	0	0	0	0	0	0	0	0	0	0	0	0	unique	0	no	0	0	0	0
HGNC:14438	CATSPERT	Q53TS8	ENSG00000155754	151254	0	0	0	0	0	0	0	0	0	0	0	0	0	0	0	0	0	0	0	0	0	0	0	0	unique	1	no	0	0	0	0
HGNC:14439	FLACC1	Q96Q35	ENSG00000155749	130540	0	0	0	0	0	0	0	0	0	0	0	0	0	0	0	0	0	0	0	0	0	0	0	0	unique	1	no	0	0	0	0
HGNC:14446	PARD3B	Q8TEW8	ENSG00000116117	117583	0	0	0	0	1	0	0	0	0	0	0	0	0	0	0	0	0	0	0	0	0	0	0	0	unique	1	yes	0	0	0	0
HGNC:14448	TAS1R1	Q7RTX1	ENSG00000173662	80835	0	1	0	0	0	0	0	0	0	0	0	0	0	0	0	0	0	0	0	0	0	0	0	0	unique	1	yes	1	1	1	1
HGNC:14449	OPN4	Q9UHM6	ENSG00000122375	94233	0	1	0	0	0	0	0	0	0	0	0	0	0	0	0	0	0	0	0	0	0	0	0	0	unique	1	yes	1	0	0	0
HGNC:14454	GABRQ	Q9UN88	ENSG00000268089	55879	0	1	0	0	0	0	0	0	0	0	0	0	0	0	0	0	0	0	0	0	0	0	0	0	unique	1	yes	1	1	1	1
HGNC:14461	SSC4D	Q8WTU2	ENSG00000146700	136853			0	0	0	0	0	0	0	0	0	0	0	0	0	0	0	0	0	0	0	0	0	0	unique	0	no	0	0	0	0
HGNC:14463	SLC39A11	Q8N1S5	ENSG00000133195	201266			0	0	0	0	0	0	0	0	0	0	0	0	0	0	0	0	0	0	0	0	0	0	unique	0	yes	0	0	0	0
HGNC:14464	KCNK16	Q96T55	ENSG00000095981	83795			0	0	1	0	0	0	0	0	0	0	0	0	0	0	0	0	0	0	0	0	0	0	unique	0	no	0	0	0	0
HGNC:14465	KCNK17	Q96T54	ENSG00000124780	89822	0	1	0	0	0	0	0	0	0	0	0	0	0	0	0	0	0	0	0	0	0	0	0	0	unique	1	no	0	0	0	0
HGNC:14467	SLC26A7	Q8TE54	ENSG00000147606	115111	0	1	0	0	0	0	0	0	0	0	0	0	0	0	0	0	0	0	0	0	0	0	0	0	unique	1	yes	0	0	0	0
HGNC:14468	SLC26A8	Q96RN1	ENSG00000112053	116369	0	0	0	0	0	0	0	0	0	0	0	0	0	0	0	0	0	0	0	0	0	0	0	0	unique	1	yes	1	0	0	0
HGNC:14469	SLC26A9	Q7LBE3	ENSG00000174502	115019	0	1	0	0	0	0	0	0	0	0	0	0	0	0	0	0	0	0	0	0	0	0	0	0	unique	1	no	1	1	1	1
HGNC:14471	SLC26A11	Q86WA9	ENSG00000181045	284129	0	1	0	0	0	0	0	0	0	0	0	0	0	0	0	0	0	0	0	0	0	0	0	0	unique	1	yes	0	0	0	0
HGNC:14472	SLC26A6	Q9BXS9	ENSG00000225697	65010	0	1	0	0	0	0	0	0	0	0	0	0	0	0	0	0	0	0	0	0	0	0	0	0	unique	1	yes	1	1	1	1
HGNC:14526	NAALAD2	Q9Y3Q0	ENSG00000077616	10003	1	1	0	0	0	0	0	0	0	0	0	0	1	1	1	0	0	0	0	0	0	0	0	0	unique	1	yes	0	0	0	0
HGNC:14534	SPAG11B	Q08648	ENSG00000164871	10407			0	0	0	0	0	0	0	0	0	0	0	0	0	0	0	0	0	0	0	0	0	0	unique	0	no	0	0	0	0
HGNC:14537	NPC2	P61916	ENSG00000119655	10577			0	0	0	0	0	0	0	0	0	0	1	1	0	0	0	0	0	0	0	0	0	0	unique	0	yes	0	0	0	0
HGNC:14546	PCDHB16	Q9NRJ7	ENSG00000272674	57717	1	1	0	0	1	0	0	0	0	0	0	0	0	0	0	0	0	0	0	0	0	0	0	0	unique	1	yes	1	1	1	1
HGNC:1455	CALR	P27797	ENSG00000179218	811	0	0	0	0	1	0	0	0	0	0	0	0	0	0	0	0	0	0	0	0	0	0	0	0	unique	1	yes	0	0	0	0
HGNC:14550	CDHR1	Q96JP9	ENSG00000148600	92211	0	0	0	0	1	0	0	0	0	0	0	0	0	0	0	0	0	0	0	0	0	0	0	0	unique	1	no	1	1	1	1
HGNC:14553	LRP10	Q7Z4F1	ENSG00000197324	26020	1	1	0	0	1	0	0	0	0	0	0	0	0	0	0	0	0	0	0	0	0	0	0	0	unique	1	yes	1	1	1	1
HGNC:14554	CLEC4D	Q8WXI8	ENSG00000166527	338339	1	1	0	0	0	0	0	0	0	0	0	0	0	0	0	0	0	0	0	0	0	0	0	0	unique	1	yes	0	0	0	0
HGNC:14555	CLEC4E	Q9ULY5	ENSG00000166523	26253	1	1	0	0	0	0	0	0	0	0	0	0	0	1	1	0	0	0	0	0	0	0	0	0	unique	1	yes	0	0	0	0
HGNC:14556	CLEC6A	Q6EIG7	ENSG00000205846	93978	1	1	0	0	0	0	0	0	0	0	0	0	0	0	0	0	0	0	0	0	0	0	0	0	unique	1	yes	0	0	0	0
HGNC:14558	CLEC7A	Q9BXN2	ENSG00000172243	64581	1	1	0	0	1	0	0	0	0	0	0	0	0	0	0	0	0	0	0	0	0	0	0	0	unique	1	yes	1	0	0	0
HGNC:14559	STOML2	Q9UJZ1	ENSG00000165283	30968	0	0	0	0	1	0	0	0	0	0	0	0	0	0	0	0	0	0	0	0	0	0	0	0	unique	1	no	0	0	0	0
HGNC:14560	STOML1	Q9UBI4	ENSG00000067221	9399			0	0	0	0	0	0	0	0	0	0	0	0	0	0	0	0	0	0	0	0	0	0	unique	0	no	0	0	0	0
HGNC:14565	SORBS1	Q9BX66	ENSG00000095637	10580	0	0	0	0	0	0	0	0	0	0	0	0	0	0	0	0	0	0	0	0	0	0	0	0	unique	1	no	0	0	0	0
HGNC:14572	RHBG	Q9H310	ENSG00000132677	57127	0	1	0	0	0	0	0	0	0	0	0	0	0	0	0	0	0	0	0	0	0	0	0	0	unique	1	yes	0	0	0	0
HGNC:14582	LAMP3	Q9UQV4	ENSG00000078081	27074	0	0	0	0	0	0	0	0	0	0	0	0	0	0	0	0	0	0	0	0	0	0	0	0	unique	1	no	1	0	0	0
HGNC:14604	AMN	Q9BXJ7	ENSG00000166126	81693	1	1	0	0	0	0	0	0	0	0	0	0	0	0	0	0	0	0	0	0	0	0	0	0	unique	1	yes	1	1	1	1
HGNC:14605	ADAMTS12	P58397	ENSG00000151388	81792			0	0	1	0	0	0	0	0	0	0	0	0	0	0	0	0	0	0	0	0	0	0	unique	0	yes	0	0	0	0
HGNC:14615	PAPPA2	Q9BXP8	ENSG00000116183	60676			0	0	1	1	0	0	0	1	0	0	0	0	0	0	0	0	0	0	1	0	0	0	unique	0	yes	0	0	0	0
HGNC:14630	CRELD1	Q96HD1	ENSG00000163703	78987	0	0	0	0	0	0	0	0	0	0	0	0	0	0	0	0	0	0	0	0	0	0	0	0	unique	1	yes	0	0	0	0
HGNC:14633	ADAMTSL3	P82987	ENSG00000156218	57188			0	0	1	1	0	0	0	1	0	0	0	0	0	0	0	0	0	0	1	0	0	0	unique	0	no	0	0	0	0
HGNC:14634	PDAP1	Q13442	ENSG00000106244	11333	0	0	0	0	0	0	0	0	0	0	0	0	0	0	0	0	0	0	0	0	0	0	0	0	unique	1	yes	0	0	0	0
HGNC:14637	ABCA12	Q86UK0	ENSG00000144452	26154	0	0	0	0	0	0	0	0	0	0	0	0	0	0	0	0	0	0	0	0	0	0	0	0	unique	1	no	1	1	1	1
HGNC:14638	ABCA13	Q86UQ4	ENSG00000179869	154664	0	1	0	0	1	0	0	0	0	0	0	0	0	0	0	0	0	0	0	0	0	0	0	0	unique	1	no	1	1	1	1
HGNC:14639	ABCC11	Q96J66	ENSG00000121270	85320	0	1	0	0	1	0	0	0	0	0	0	0	0	0	0	0	0	0	0	0	0	0	0	0	unique	1	no	0	0	0	0
HGNC:14640	ABCC12	Q96J65	ENSG00000140798	94160	0	1	0	0	1	0	0	0	0	0	0	0	0	0	0	0	0	0	0	0	0	0	0	0	unique	1	no	1	0	0	0
HGNC:14644	NETO2	Q8NC67	ENSG00000171208	81831	1	1	0	0	1	0	0	0	0	0	0	0	0	0	0	0	0	0	0	0	0	0	0	0	unique	1	yes	1	1	1	1
HGNC:14656	DSCAML1	Q8TD84	ENSG00000177103	57453	1	1	0	0	0	0	0	0	0	0	0	0	0	0	0	0	0	0	0	0	0	0	0	0	unique	1	yes	1	1	1	1
HGNC:14666	RXFP4	Q8TDU9	ENSG00000173080	339403	0	1	0	0	0	0	0	0	0	0	1	0	0	0	0	0	0	0	0	0	1	0	1	0	unique	1	yes	1	0	0	1
HGNC:14668	MMEL1	Q495T6	ENSG00000142606	79258	0	0	0	0	1	0	0	0	0	0	0	0	0	0	0	0	0	0	0	0	0	0	0	0	unique	1	yes	1	1	1	1
HGNC:14669	DCD	P81605	ENSG00000161634	117159			0	0	0	0	0	0	0	0	0	0	0	0	0	0	0	0	0	0	0	0	0	0	unique	0	no	0	0	0	0
HGNC:14674	PCDH15	Q96QU1	ENSG00000150275	65217	1	1	0	0	1	0	0	0	0	0	0	0	0	0	0	0	0	0	0	0	0	0	0	0	unique	1	yes	1	1	1	1
HGNC:14679	SLC38A4	Q969I6	ENSG00000139209	55089	0	1	0	0	0	0	0	0	0	0	0	0	0	0	0	0	0	0	0	0	0	0	0	0	unique	1	yes	1	1	1	1
HGNC:14685	F11R	Q9Y624	ENSG00000158769	50848	1	1	0	0	0	0	0	0	0	0	0	0	0	0	0	0	0	0	0	0	0	0	0	0	unique	1	yes	1	1	1	1
HGNC:14686	JAM2	P57087	ENSG00000154721	58494	1	1	0	0	0	0	0	0	0	0	0	0	0	0	0	0	0	0	0	0	0	0	0	0	unique	1	yes	1	1	1	1
HGNC:14687	LYVE1	Q9Y5Y7	ENSG00000133800	10894	1	1	0	0	0	0	0	0	0	0	0	0	0	0	0	0	0	0	0	0	0	0	0	0	unique	1	yes	1	1	1	1
HGNC:14693	OR10K1	Q8NGX5	ENSG00000173285	391109	0	0	0	0	0	0	0	0	0	0	0	0	0	0	0	0	0	0	0	0	0	0	0	0	unique	1	no	1	0	0	0
HGNC:14695	OR13D1	Q8NGV5	ENSG00000179055	286365	0	0	0	0	0	0	0	0	0	0	0	0	0	0	0	0	0	0	0	0	0	0	0	0	unique	1	no	1	0	0	0
HGNC:14697	OR4C3	Q8NH37	ENSG00000176547	256144	0	0	0	0	0	0	0	0	0	0	0	0	0	0	0	0	0	0	0	0	0	0	0	0	unique	1	no	1	0	0	0
HGNC:14698	OR8G3	P0DMU2	ENSG00000255425	387815	0	0	0	0	0	0	0	0	0	0	0	0	0	0	0	0	0	0	0	0	0	0	0	0	unique	1	no	0	0	0	0
HGNC:14701	OR13C2	Q8NGS9	ENSG00000276119	392376	0	0	0	0	0	0	0	0	0	0	0	0	0	0	0	0	0	0	0	0	0	0	0	0	unique	1	no	1	0	0	0
HGNC:14702	OR4C5	Q8NGB2	ENSG00000176540	79346	0	0	0	0	0	0	0	0	0	0	0	0	0	0	0	0	0	0	0	0	0	0	0	0	unique	1	no	1	0	0	0
HGNC:14703	OR51B2	Q9Y5P1	ENSG00000279012	79345	0	0	0	0	0	0	0	0	0	0	0	0	0	0	0	0	0	0	0	0	0	0	0	0	unique	1	no	1	0	0	0
HGNC:14704	OR13C3	Q8NGS6	ENSG00000204246	138803	0	0	0	0	0	0	0	0	0	0	0	0	0	0	0	0	0	0	0	0	0	0	0	0	unique	1	yes	1	0	0	0
HGNC:14705	OR4S1	Q8NGB4	ENSG00000176555	256148	0	0	0	0	0	0	0	0	0	0	0	0	0	0	0	0	0	0	0	0	0	0	0	0	unique	1	no	1	0	0	0
HGNC:14707	OR6J1	Q8NGC5	ENSG00000255804	79549	0	0	0	0	0	0	0	0	0	0	0	0	0	0	0	0	0	0	0	0	0	0	0	0	unique	1	yes	1	0	0	0
HGNC:14708	OR51B4	Q9Y5P0	ENSG00000183251	79339	0	1	0	0	0	0	0	0	0	0	0	0	0	0	0	0	0	0	0	0	0	0	0	0	unique	1	no	1	0	0	0
HGNC:14711	OR6M1	Q8NGM8	ENSG00000196099	390261	0	0	0	0	0	0	0	0	0	0	0	0	0	0	0	0	0	0	0	0	0	0	0	0	unique	1	no	1	1	1	1
HGNC:14716	OR11H2	Q8NH07	ENSG00000258453	79334	0	1	0	0	0	0	0	0	0	0	0	0	0	0	0	0	0	0	0	0	0	0	0	0	unique	1	no	1	0	0	0
HGNC:14718	OR9I1	Q8NGQ6	ENSG00000172377	219954	0	0	0	0	0	0	0	0	0	0	0	0	0	0	0	0	0	0	0	0	0	0	0	0	unique	1	no	1	0	0	0
HGNC:1472	CAMP	P49913	ENSG00000164047	820			0	0	1	0	0	0	0	0	0	0	1	1	0	0	0	0	0	0	0	0	0	0	unique	0	no	0	0	0	0
HGNC:14722	OR13C4	Q8NGS5	ENSG00000148136	138804	0	0	0	0	0	0	0	0	0	0	0	0	0	0	0	0	0	0	0	0	0	0	0	0	unique	1	no	1	0	0	0
HGNC:14723	OR13F1	Q8NGS4	ENSG00000186881	138805	0	0	0	0	0	0	0	0	0	0	0	0	0	0	0	0	0	0	0	0	0	0	0	0	unique	1	no	1	0	0	0
HGNC:14724	OR9Q1	Q8NGQ5	ENSG00000186509	219956	0	0	0	0	0	0	0	0	0	0	0	0	0	0	0	0	0	0	0	0	0	0	0	0	unique	1	no	1	0	0	0
HGNC:14725	OR2T2	Q6IF00	ENSG00000196240	401992	0	0	0	0	0	0	0	0	0	0	0	0	0	0	0	0	0	0	0	0	0	0	0	0	unique	1	no	1	0	0	0
HGNC:14726	OR4K1	Q8NGD4	ENSG00000155249	79544	0	0	0	0	0	0	0	0	0	0	0	0	0	0	0	0	0	0	0	0	0	0	0	0	unique	1	no	1	0	0	0
HGNC:14727	OR2T3	Q8NH03	ENSG00000196539	343173	0	0	0	0	0	0	0	0	0	0	0	0	0	0	0	0	0	0	0	0	0	0	0	0	unique	1	yes	1	0	0	0
HGNC:14728	OR4K2	Q8NGD2	ENSG00000165762	390431	0	0	0	0	1	0	0	0	0	0	0	0	0	0	0	0	0	0	0	0	0	0	0	0	unique	1	no	1	0	0	0
HGNC:14729	OR2A4	O95047	ENSG00000180658	79541	0	0	0	0	0	0	0	0	0	0	0	0	0	0	0	0	0	0	0	0	0	0	0	0	unique	1	yes	1	0	0	0
HGNC:1473	CANX	P27824	ENSG00000127022	821	0	0	0	0	0	0	0	0	0	0	0	0	0	0	0	0	0	0	0	0	0	0	0	0	unique	1	no	0	0	0	0
HGNC:14731	OR4K3	Q96R72	ENSG00000176290	283617	0	0	0	0	0	0	0	0	0	0	0	0	0	0	0	0	0	0	0	0	0	0	0	0	unique	1	no	1	0	0	0
HGNC:14735	OR4M1	Q8NGD0	ENSG00000176299	441670	0	1	0	0	0	0	0	0	0	0	0	0	0	0	0	0	0	0	0	0	0	0	0	0	unique	1	yes	1	0	0	0
HGNC:14737	OR6X1	Q8NH79	ENSG00000221931	390260	0	0	0	0	0	0	0	0	0	0	0	0	0	0	0	0	0	0	0	0	0	0	0	0	unique	1	no	1	0	0	0
HGNC:14738	OR51G1	Q8NGK1	ENSG00000278870	79324	0	0	0	0	0	0	0	0	0	0	0	0	0	0	0	0	0	0	0	0	0	0	0	0	unique	1	no	1	0	0	0
HGNC:14742	OR4N2	Q8NGD1	ENSG00000176294	390429	0	0	0	0	1	0	0	0	0	0	0	0	0	0	0	0	0	0	0	0	0	0	0	0	unique	1	no	1	0	0	0
HGNC:14743	OR4C6	Q8NH72	ENSG00000181903	219432	0	0	0	0	0	0	0	0	0	0	0	0	0	0	0	0	0	0	0	0	0	0	0	0	unique	1	no	1	0	0	0
HGNC:14745	OR4K5	Q8NGD3	ENSG00000176281	79317	0	1	0	0	0	0	0	0	0	0	0	0	0	0	0	0	0	0	0	0	0	0	0	0	unique	1	yes	1	0	0	0
HGNC:14752	OR5H2	Q8NGV7	ENSG00000197938	79310	0	0	0	0	0	0	0	0	0	0	0	0	0	0	0	0	0	0	0	0	0	0	0	0	unique	1	no	1	0	0	0
HGNC:14755	OR13H1	Q8NG92	ENSG00000171054	347468	0	0	0	0	0	0	0	0	0	0	0	0	0	0	0	0	0	0	0	0	0	0	0	0	unique	1	yes	1	0	0	0
HGNC:14758	OR10AC1	Q8NH08	ENSG00000176510	392133	0	0	0	0	1	0	0	0	0	0	0	0	0	0	0	0	0	0	0	0	0	0	0	0	unique	1	no	1	0	0	0
HGNC:14759	OR51L1	Q8NGJ5	ENSG00000176798	119682	0	0	0	0	0	0	0	0	0	0	0	0	0	0	0	0	0	0	0	0	0	0	0	0	unique	1	no	1	1	1	1
HGNC:14764	OR51A2	Q8NGJ7	ENSG00000205496	401667	0	0	0	0	0	0	0	0	0	0	0	0	0	0	0	0	0	0	0	0	0	0	0	0	unique	1	no	1	0	0	0
HGNC:14766	OR52E1	Q8NGJ3	ENSG00000273085	79296	0	0	0	0	0	0	0	0	0	0	0	0	0	0	0	0	0	0	0	0	0	0	0	0	unique	1	no	1	0	0	0
HGNC:14767	OR5H6	Q8NGV6	ENSG00000230301	79295	0	0	0	0	0	0	0	0	0	0	0	0	0	0	0	0	0	0	0	0	0	0	0	0	unique	1	yes	1	0	0	0
HGNC:14769	OR52E2	Q8NGJ4	ENSG00000176787	119678	0	1	0	0	0	0	0	0	0	0	0	0	0	0	0	0	0	0	0	0	0	0	0	0	unique	1	no	1	1	1	1
HGNC:14772	OR13A1	Q8NGR1	ENSG00000256574	79290	0	1	0	0	0	0	0	0	0	0	0	0	0	0	0	0	0	0	0	0	0	0	0	0	unique	1	yes	1	0	0	0
HGNC:14774	OR5K2	Q8NHB8	ENSG00000231861	402135	0	0	0	0	0	0	0	0	0	0	0	0	0	0	0	0	0	0	0	0	0	0	0	0	unique	1	no	1	0	0	0
HGNC:14781	OR56A1	Q8NGH5	ENSG00000180934	120796	0	0	0	0	0	0	0	0	0	0	0	0	0	0	0	0	0	0	0	0	0	0	0	0	unique	1	no	1	0	0	0
HGNC:14783	OR5P2	Q8WZ92	ENSG00000183303	120065	0	0	0	0	0	0	0	0	0	0	0	0	0	0	0	0	0	0	0	0	0	0	0	0	unique	1	no	1	0	0	0
HGNC:14784	OR5P3	Q8WZ94	ENSG00000182334	120066	0	0	0	0	0	0	0	0	0	0	0	0	0	0	0	0	0	0	0	0	0	0	0	0	unique	1	yes	1	0	0	0
HGNC:14785	OR52L1	Q8NGH7	ENSG00000183313	338751	0	0	0	0	0	0	0	0	0	0	0	0	0	0	0	0	0	0	0	0	0	0	0	0	unique	1	yes	1	0	0	0
HGNC:14786	OR56A3	Q8NH54	ENSG00000184478	390083	0	0	0	0	0	0	0	0	0	0	0	0	0	0	0	0	0	0	0	0	0	0	0	0	unique	1	no	1	0	0	0
HGNC:14791	OR56A4	Q8NGH8	ENSG00000183389	120793	0	1	0	0	0	0	0	0	0	0	0	0	0	0	0	0	0	0	0	0	0	0	0	0	unique	1	yes	1	0	0	0
HGNC:14792	OR56A5	P0C7T3	ENSG00000188691	390084	0	0	0	0	0	0	0	0	0	0	0	0	0	0	0	0	0	0	0	0	0	0	0	0	unique	1	no	1	0	0	0
HGNC:14795	OR51A4	Q8NGJ6	ENSG00000205497	401666	0	1	0	0	0	0	0	0	0	0	0	0	0	0	0	0	0	0	0	0	0	0	0	0	unique	1	no	1	0	0	0
HGNC:14799	OR52J3	Q8NH60	ENSG00000205495	119679	0	0	0	0	0	0	0	0	0	0	0	0	0	0	0	0	0	0	0	0	0	0	0	0	unique	1	no	1	0	0	0
HGNC:14806	OR5M3	Q8NGP4	ENSG00000174937	219482	0	0	0	0	0	0	0	0	0	0	0	0	0	0	0	0	0	0	0	0	0	0	0	0	unique	1	yes	1	0	0	0
HGNC:14807	OR10S1	Q8NGN2	ENSG00000196248	219873	0	0	0	0	0	0	0	0	0	0	0	0	0	0	0	0	0	0	0	0	0	0	0	0	unique	1	yes	1	0	0	0
HGNC:14809	OR10G4	Q8NGN3	ENSG00000254737	390264	0	0	0	0	0	0	0	0	0	0	0	0	0	0	0	0	0	0	0	0	0	0	0	0	unique	1	yes	1	0	0	0
HGNC:14816	OR10T2	Q8NGX3	ENSG00000186306	128360	0	0	0	0	0	0	0	0	0	0	0	0	0	0	0	0	0	0	0	0	0	0	0	0	unique	1	no	1	0	0	0
HGNC:14819	OR10AD1	Q8NGE0	ENSG00000172640	121275	0	0	0	0	1	0	0	0	0	0	0	0	0	0	0	0	0	0	0	0	0	0	0	0	unique	1	no	1	0	0	0
HGNC:14820	OR10R2	Q8NGX6	ENSG00000198965	343406	0	0	0	0	0	0	0	0	0	0	0	0	0	0	0	0	0	0	0	0	0	0	0	0	unique	1	no	1	0	0	0
HGNC:14821	OR5T1	Q8NG75	ENSG00000181698	390155	0	0	0	0	0	0	0	0	0	0	0	0	0	0	0	0	0	0	0	0	0	0	0	0	unique	1	no	1	0	0	0
HGNC:14823	OR6Y1	Q8NGX8	ENSG00000197532	391112	0	0	0	0	0	0	0	0	0	0	0	0	0	0	0	0	0	0	0	0	0	0	0	0	unique	1	no	1	0	0	0
HGNC:14824	OR8H1	Q8NGG4	ENSG00000181693	219469	0	0	0	0	0	0	0	0	0	0	0	0	0	0	0	0	0	0	0	0	0	0	0	0	unique	1	yes	1	0	0	0
HGNC:14825	OR4F5	Q8NH21	ENSG00000186092	79501	0	0	0	0	0	0	0	0	0	0	0	0	0	0	0	0	0	0	0	0	0	0	0	0	unique	1	no	1	0	0	0
HGNC:14826	OR10K2	Q6IF99	ENSG00000180708	391107	0	0	0	0	0	0	0	0	0	0	0	0	0	0	0	0	0	0	0	0	0	0	0	0	unique	1	no	1	0	0	0
HGNC:14831	OR8K1	Q8NGG5	ENSG00000150261	390157	0	0	0	0	0	0	0	0	0	0	0	0	0	0	0	0	0	0	0	0	0	0	0	0	unique	1	no	1	0	0	0
HGNC:14836	OR10G6	Q8NH81	ENSG00000198674	79490	0	1	0	0	0	0	0	0	0	0	0	0	0	0	0	0	0	0	0	0	0	0	0	0	unique	1	yes	1	0	0	0
HGNC:14837	OR2Y1	Q8NGV0	ENSG00000174339	134083	0	0	0	0	0	0	0	0	0	0	0	0	0	0	0	0	0	0	0	0	0	0	0	0	unique	1	no	1	0	0	0
HGNC:14840	OR8D4	Q8NGM9	ENSG00000181518	338662	0	0	0	0	0	0	0	0	0	0	0	0	0	0	0	0	0	0	0	0	0	0	0	0	unique	1	no	1	0	0	0
HGNC:14841	OR8U3	Q8NH85	ENSG00000279961	219479	0	0	0	0	0	0	0	0	0	0	0	0	0	0	0	0	0	0	0	0	0	0	0	0	unique	1	no	1	0	0	0
HGNC:14842	OR10G7	Q8NGN6	ENSG00000182634	390265	0	0	0	0	0	0	0	0	0	0	0	0	0	0	0	0	0	0	0	0	0	0	0	0	unique	1	no	1	0	0	0
HGNC:14844	OR5AL1	P0C617	ENSG00000272987	79482	0	0	0	0	0	0	0	0	0	0	0	0	0	0	0	0	0	0	0	0	0	0	0	0	unique	1	yes	1	0	0	0
HGNC:14845	OR10G8	Q8NGN5	ENSG00000234560	219869	0	0	0	0	0	0	0	0	0	0	0	0	0	0	0	0	0	0	0	0	0	0	0	0	unique	1	yes	1	0	0	0
HGNC:14846	OR5M8	Q8NGP6	ENSG00000181371	219484	0	0	0	0	0	0	0	0	0	0	0	0	0	0	0	0	0	0	0	0	0	0	0	0	unique	1	no	1	0	0	0
HGNC:14847	OR51M1	Q9H341	ENSG00000184698	390059	0	0	0	0	0	0	0	0	0	0	0	0	0	0	0	0	0	0	0	0	0	0	0	0	unique	1	yes	1	0	0	0
HGNC:14848	OR6T1	Q8NGN1	ENSG00000181499	219874	0	0	0	0	0	0	0	0	0	0	0	0	0	0	0	0	0	0	0	0	0	0	0	0	unique	1	no	1	0	0	0
HGNC:14851	OR51Q1	Q8NH59	ENSG00000167360	390061	0	1	0	0	0	0	0	0	0	0	0	0	0	0	0	0	0	0	0	0	0	0	0	0	unique	1	no	1	0	0	0
HGNC:14852	OR4D5	Q8NGN0	ENSG00000171014	219875	0	1	0	0	0	0	0	0	0	0	0	0	0	0	0	0	0	0	0	0	0	0	0	0	unique	1	no	1	0	0	0
HGNC:14853	OR52N1	Q8NH53	ENSG00000181001	79473	0	0	0	0	0	0	0	0	0	0	0	0	0	0	0	0	0	0	0	0	0	0	0	0	unique	1	no	1	1	1	1
HGNC:14854	OR4X1	Q8NH49	ENSG00000176567	390113	0	0	0	0	0	0	0	0	0	0	0	0	0	0	0	0	0	0	0	0	0	0	0	0	unique	1	no	1	0	0	0
HGNC:14855	OR8J1	Q8NGP2	ENSG00000172487	219477	0	0	0	0	0	0	0	0	0	0	0	0	0	0	0	0	0	0	0	0	0	0	0	0	unique	1	no	1	0	0	0
HGNC:14864	COL5A3	P25940	ENSG00000080573	50509	0	0	0	0	1	0	0	0	0	0	0	0	0	0	0	0	0	0	0	0	0	0	0	0	unique	1	no	0	0	0	0
HGNC:14866	HHIP	Q96QV1	ENSG00000164161	64399	1	1	0	0	0	0	0	0	0	0	0	0	0	0	0	0	0	0	0	0	0	0	0	0	unique	1	yes	0	0	0	0
HGNC:14874	NOX5	Q96PH1	ENSG00000255346	79400	0	1	0	0	0	0	0	0	0	0	0	0	1	1	0	0	0	0	0	0	0	0	0	0	unique	1	no	0	0	0	0
HGNC:14875	FCRL2	Q96LA5	ENSG00000132704	79368	1	1	0	0	0	0	0	0	0	0	0	0	0	0	0	0	0	0	0	0	0	0	0	0	unique	1	no	1	1	1	1
HGNC:14892	DPP7	Q9UHL4	ENSG00000176978	29952	0	0	0	0	0	0	0	0	0	0	0	0	1	1	0	0	0	0	0	0	0	0	0	0	unique	1	no	0	0	0	0
HGNC:14893	ULBP1	Q9BZM6	ENSG00000111981	80329	0	0	0	0	0	0	0	0	0	0	0	0	0	0	0	0	0	0	0	0	0	0	0	0	unique	1	yes	0	0	0	0
HGNC:14894	ULBP2	Q9BZM5	ENSG00000131015	80328	0	1	0	0	0	0	0	0	0	0	0	0	0	0	0	0	0	0	0	0	0	0	0	0	unique	1	yes	0	0	0	0
HGNC:14895	ULBP3	Q9BZM4	ENSG00000131019	79465	0	0	0	0	0	0	0	0	0	0	0	0	0	0	0	0	0	0	0	0	0	0	0	0	unique	1	yes	0	0	0	0
HGNC:14899	ADAMTS14	Q8WXS8	ENSG00000138316	140766			0	0	1	0	0	0	0	0	0	0	0	0	0	0	0	0	0	0	0	0	0	0	unique	0	yes	0	0	0	0
HGNC:14905	TAS1R2	Q8TE23	ENSG00000179002	80834	0	1	0	0	0	0	0	0	0	0	0	0	0	0	0	0	0	0	0	0	0	0	0	0	unique	1	yes	1	1	1	1
HGNC:14908	TMPRSS5	Q9H3S3	ENSG00000166682	80975	1	1	0	0	0	0	0	0	0	0	0	0	0	0	0	0	0	0	0	0	0	0	0	0	unique	1	no	1	1	1	1
HGNC:14909	TAS2R1	Q9NYW7	ENSG00000169777	50834	0	1	0	0	0	0	0	0	0	0	0	0	0	0	0	0	0	0	0	0	0	0	0	0	unique	1	yes	1	0	0	0
HGNC:14910	TAS2R3	Q9NYW6	ENSG00000127362	50831	0	1	0	0	0	0	0	0	0	0	0	0	0	0	0	0	0	0	0	0	0	0	0	0	unique	1	yes	1	0	0	0
HGNC:14911	TAS2R4	Q9NYW5	ENSG00000127364	50832	0	1	0	0	0	0	0	0	0	0	0	0	0	0	0	0	0	0	0	0	0	0	0	0	unique	1	yes	1	1	1	1
HGNC:14912	TAS2R5	Q9NYW4	ENSG00000127366	54429	0	0	0	0	0	0	0	0	0	0	0	0	0	0	0	0	0	0	0	0	0	0	0	0	unique	1	yes	0	0	0	0
HGNC:14913	TAS2R7	Q9NYW3	ENSG00000121377	50837	0	1	0	0	0	0	0	0	0	0	0	0	0	0	0	0	0	0	0	0	0	0	0	0	unique	1	yes	1	0	0	0
HGNC:14915	TAS2R8	Q9NYW2	ENSG00000121314	50836	0	1	0	0	0	0	0	0	0	0	0	0	0	0	0	0	0	0	0	0	0	0	0	0	unique	1	yes	1	0	0	0
HGNC:14917	TAS2R9	Q9NYW1	ENSG00000121381	50835	0	1	0	0	0	0	0	0	0	0	0	0	0	0	0	0	0	0	0	0	0	0	0	0	unique	1	yes	1	0	0	0
HGNC:14918	TAS2R10	Q9NYW0	ENSG00000121318	50839	0	1	0	0	0	0	0	0	0	0	0	0	0	0	0	0	0	0	0	0	0	0	0	0	unique	1	yes	1	1	1	1
HGNC:14919	TAS2R13	Q9NYV9	ENSG00000212128	50838	0	1	0	0	0	0	0	0	0	0	0	0	0	0	0	0	0	0	0	0	0	0	0	0	unique	1	yes	0	0	0	0
HGNC:14920	TAS2R14	Q9NYV8	ENSG00000212127	50840	0	1	0	0	0	0	0	0	0	0	0	0	1	1	0	1	0	0	0	0	1	0	1	0	unique	1	yes	1	0	0	1
HGNC:14921	TAS2R16	Q9NYV7	ENSG00000128519	50833	0	0	0	0	0	0	0	0	0	0	0	0	0	0	0	0	0	0	0	0	0	0	0	0	unique	1	yes	1	0	0	0
HGNC:14923	GPR37L1	O60883	ENSG00000170075	9283	0	1	0	0	0	0	0	0	0	0	0	0	0	0	0	0	0	0	0	0	0	0	0	0	unique	1	no	0	0	0	0
HGNC:14938	PIGT	Q969N2	ENSG00000124155	51604	0	0	0	0	0	0	0	0	0	0	0	0	0	1	0	0	0	0	0	0	0	0	0	0	unique	1	no	1	1	1	1
HGNC:14944	PPP1R3F	Q6ZSY5	ENSG00000049769	89801	0	0	0	0	1	0	0	0	0	0	0	0	0	0	0	0	0	0	0	0	0	0	0	0	unique	1	yes	0	0	0	0
HGNC:14956	MUC15	Q8N387	ENSG00000169550	143662	1	1	0	0	0	0	0	0	0	0	0	0	0	0	0	0	0	0	0	0	0	0	0	0	unique	1	yes	1	1	0	1
HGNC:14963	GPR101	Q96P66	ENSG00000165370	83550	0	1	0	0	0	0	0	0	0	0	0	0	0	0	0	0	0	0	0	0	0	0	0	0	unique	1	yes	1	0	0	0
HGNC:14964	TAAR8	Q969N4	ENSG00000146385	83551	0	1	0	0	0	0	0	0	0	0	0	0	0	0	0	0	0	0	0	0	0	0	0	0	unique	1	yes	1	0	0	0
HGNC:14965	LRRC3	Q9BY71	ENSG00000160233	81543			0	0	0	0	0	0	0	0	0	0	0	0	0	0	0	0	0	0	0	0	0	0	unique	0	no	0	0	0	0
HGNC:14966	PXDN	Q92626	ENSG00000130508	7837	0	0	0	0	1	1	0	0	0	1	0	0	0	0	0	0	0	0	0	0	1	0	0	0	unique	1	yes	0	0	0	0
HGNC:14967	SPACA1	Q9HBV2	ENSG00000118434	81833	0	0	0	0	0	0	0	0	0	0	0	0	0	0	0	0	0	0	0	0	0	0	0	0	unique	1	no	1	1	1	1
HGNC:14993	OR10J5	Q8NHC4	ENSG00000184155	127385	0	0	0	0	0	0	0	0	0	0	0	0	0	0	0	0	0	0	0	0	0	0	0	0	unique	1	yes	1	0	0	0
HGNC:14995	OR10X1	Q8NGY0	ENSG00000279111	128367	0	0	0	0	0	0	0	0	0	0	0	0	0	0	0	0	0	0	0	0	0	0	0	0	unique	1	yes	1	1	1	1
HGNC:14996	OR10Z1	Q8NGY1	ENSG00000198967	128368	0	1	0	0	0	0	0	0	0	0	0	0	0	0	0	0	0	0	0	0	0	0	0	0	unique	1	yes	1	0	0	0
HGNC:14998	OR11L1	Q8NGX0	ENSG00000197591	391189	0	1	0	0	0	0	0	0	0	0	0	0	0	0	0	0	0	0	0	0	0	0	0	0	unique	1	no	1	0	0	0
HGNC:14999	OR13G1	Q8NGZ3	ENSG00000197437	441933	0	0	0	0	0	0	0	0	0	0	0	0	0	0	0	0	0	0	0	0	0	0	0	0	unique	1	no	1	0	0	0
HGNC:15001	OR2AJ1	Q8NGZ0	ENSG00000177275	127608	0	0	0	0	0	0	0	0	0	0	0	0	0	0	0	0	0	0	0	0	0	0	0	0	unique	1	no	1	0	0	0
HGNC:15005	OR2C3	Q8N628	ENSG00000196242	81472	0	0	0	0	0	0	0	0	0	0	0	0	0	0	0	0	0	0	0	0	0	0	0	0	unique	1	no	1	0	0	0
HGNC:15007	OR2G2	Q8NGZ5	ENSG00000177489	81470	0	0	0	0	0	0	0	0	0	0	0	0	0	0	0	0	0	0	0	0	0	0	0	0	unique	1	yes	1	0	0	0
HGNC:15008	OR2G3	Q8NGZ4	ENSG00000177476	81469	0	0	0	0	0	0	0	0	0	0	0	0	0	0	0	0	0	0	0	0	0	0	0	0	unique	1	no	1	0	0	0
HGNC:15009	OR2L3	Q8NG85	ENSG00000198128	391192	0	0	0	0	0	0	0	0	0	0	0	0	0	0	0	0	0	0	0	0	0	0	0	0	unique	1	no	1	0	0	0
HGNC:15011	OR2L5	Q8NG80	ENSG00000197454	81466	0	1	0	0	0	0	0	0	0	0	0	0	0	0	0	0	0	0	0	0	0	0	0	0	unique	1	no	1	0	0	0
HGNC:15014	OR2L8	Q8NGY9	ENSG00000279263	391190	0	0	0	0	0	0	0	0	0	0	0	0	0	0	0	0	0	0	0	0	0	0	0	0	unique	1	no	1	0	0	0
HGNC:15016	OR2T4	Q8NH00	ENSG00000196944	127074	0	1	0	0	1	0	0	0	0	0	0	0	0	0	0	0	0	0	0	0	0	0	0	0	unique	1	yes	1	0	0	0
HGNC:15017	OR2T5	Q6IEZ7	ENSG00000203661	401993	0	1	0	0	0	0	0	0	0	0	0	0	0	0	0	0	0	0	0	0	0	0	0	0	unique	1	no	1	0	0	0
HGNC:15018	OR2T6	Q8NHC8	ENSG00000198104	254879	0	1	0	0	0	0	0	0	0	0	0	0	0	0	0	0	0	0	0	0	0	0	0	0	unique	1	yes	1	0	0	0
HGNC:15019	OR2T7	P0C7T2	ENSG00000227152	81458	0	0	0	0	0	0	0	0	0	0	0	0	0	0	0	0	0	0	0	0	0	0	0	0	unique	1	no	1	0	0	0
HGNC:15020	OR2T8	A6NH00	ENSG00000177462	343172	0	0	0	0	0	0	0	0	0	0	0	0	0	0	0	0	0	0	0	0	0	0	0	0	unique	1	no	1	0	0	0
HGNC:15021	OR2W3	Q7Z3T1	ENSG00000238243	343171	0	1	0	0	0	0	0	0	0	0	0	0	0	0	0	0	0	0	0	0	0	0	0	0	unique	1	yes	1	0	0	0
HGNC:15022	OR14A16	Q8NHC5	ENSG00000196772	284532	0	0	0	0	0	0	0	0	0	0	0	0	0	0	0	0	0	0	0	0	0	0	0	0	unique	1	yes	1	0	0	0
HGNC:15023	OR14L1	Q8NHC6	ENSG00000198452	127617	0	1	0	0	0	0	0	0	0	0	0	0	0	0	0	0	0	0	0	0	0	0	0	0	unique	1	yes	1	1	1	1
HGNC:15024	OR14A2	Q96R54	ENSG00000241128	388761	0	1	0	0	0	0	0	0	0	0	0	0	0	0	0	0	0	0	0	0	0	0	0	0	unique	1	yes	1	0	0	0
HGNC:15025	OR14K1	Q8NGZ2	ENSG00000153230	343170	0	1	0	0	0	0	0	0	0	0	0	0	0	0	0	0	0	0	0	0	0	0	0	0	unique	1	yes	1	0	0	0
HGNC:15026	OR14C36	Q8NHC7	ENSG00000177174	127066	0	1	0	0	0	0	0	0	0	0	0	0	0	0	0	0	0	0	0	0	0	0	0	0	unique	1	no	1	0	0	0
HGNC:15027	OR6F1	Q8NGZ6	ENSG00000169214	343169	0	1	0	0	0	0	0	0	0	0	0	0	0	0	0	0	0	0	0	0	0	0	0	0	unique	1	no	1	0	0	0
HGNC:15029	OR6K2	Q8NGY2	ENSG00000196171	81448	0	0	0	0	0	0	0	0	0	0	0	0	0	0	0	0	0	0	0	0	0	0	0	0	unique	1	no	1	0	0	0
HGNC:15030	OR6K3	Q8NGY3	ENSG00000203757	391114	0	0	0	0	0	0	0	0	0	0	0	0	0	0	0	0	0	0	0	0	0	0	0	0	unique	1	no	1	0	0	0
HGNC:15033	OR6K6	Q8NGW6	ENSG00000180433	128371	0	0	0	0	0	0	0	0	0	0	0	0	0	0	0	0	0	0	0	0	0	0	0	0	unique	1	no	1	0	0	0
HGNC:15034	OR6N1	Q8NGY5	ENSG00000197403	128372	0	0	0	0	0	0	0	0	0	0	0	0	0	0	0	0	0	0	0	0	0	0	0	0	unique	1	no	1	0	0	0
HGNC:15035	OR6N2	Q8NGY6	ENSG00000188340	81442	0	0	0	0	0	0	0	0	0	0	0	0	0	0	0	0	0	0	0	0	0	0	0	0	unique	1	yes	1	0	0	0
HGNC:15036	OR6P1	Q8NGX9	ENSG00000186440	128366	0	0	0	0	0	0	0	0	0	0	0	0	0	0	0	0	0	0	0	0	0	0	0	0	unique	1	yes	1	0	0	0
HGNC:15038	OR9H1	Q6UXT6	ENSG00000228336	81439	0	1	0	0	0	0	0	0	0	0	0	0	0	0	0	0	0	0	0	0	0	0	0	0	unique	1	no	0	0	0	0
HGNC:15041	OR6B2	Q6IFH4	ENSG00000182083	389090	0	0	0	0	0	0	0	0	0	0	0	0	0	0	0	0	0	0	0	0	0	0	0	0	unique	1	yes	1	0	0	0
HGNC:15042	OR6B3	Q8NGW1	ENSG00000178586	150681	0	0	0	0	0	0	0	0	0	0	0	0	0	0	0	0	0	0	0	0	0	0	0	0	unique	1	no	1	0	0	0
HGNC:15078	OR4F15	Q8NGB8	ENSG00000182854	390649	0	0	0	0	0	0	0	0	0	0	0	0	0	0	0	0	0	0	0	0	0	0	0	0	unique	1	no	1	0	0	0
HGNC:15079	OR4F16	Q6IEY1	ENSG00000284662	81399			0	0	0	0	0	0	0	0	0	0	0	0	0	0	0	0	0	0	0	0	0	0	shared_uniprot_ambiguous	0	no	0	0	0	0
HGNC:15082	OR2A12	Q8NGT7	ENSG00000221858	346525	0	0	0	0	0	0	0	0	0	0	0	0	0	0	0	0	0	0	0	0	0	0	0	0	unique	1	no	1	0	0	0
HGNC:15084	OR2A14	Q96R47	ENSG00000221938	135941	0	0	0	0	0	0	0	0	0	0	0	0	0	0	0	0	0	0	0	0	0	0	0	0	unique	1	no	1	0	0	0
HGNC:15087	OR2AE1	Q8NHA4	ENSG00000244623	81392	0	1	0	0	0	0	0	0	0	0	0	0	0	0	0	0	0	0	0	0	0	0	0	0	unique	1	no	1	0	0	0
HGNC:15090	OR6V1	Q8N148	ENSG00000225781	346517	0	0	0	0	0	0	0	0	0	0	0	0	0	0	0	0	0	0	0	0	0	0	0	0	unique	1	no	1	0	0	0
HGNC:15093	OR9A2	Q8NGT5	ENSG00000179468	135924	0	0	0	0	1	0	0	0	0	0	0	0	0	0	0	0	0	0	0	0	0	0	0	0	unique	1	yes	1	0	0	0
HGNC:15095	OR9A4	Q8NGU2	ENSG00000258083	130075	0	0	0	0	1	0	0	0	0	0	0	0	0	0	0	0	0	0	0	0	0	0	0	0	unique	1	yes	1	0	0	0
HGNC:15100	OR13C5	Q8NGS8	ENSG00000277556	138799	0	0	0	0	0	0	0	0	0	0	0	0	0	0	0	0	0	0	0	0	0	0	0	0	unique	1	no	1	0	0	0
HGNC:15103	OR13C8	Q8NGS7	ENSG00000186943	138802	0	0	0	0	0	0	0	0	0	0	0	0	0	0	0	0	0	0	0	0	0	0	0	0	unique	1	no	1	0	0	0
HGNC:15104	OR13C9	Q8NGT0	ENSG00000136839	286362	0	1	0	0	0	0	0	0	0	0	0	0	0	0	0	0	0	0	0	0	0	0	0	0	unique	1	no	1	0	0	0
HGNC:15108	OR13J1	Q8NGT2	ENSG00000168828	392309	0	0	0	0	0	0	0	0	0	0	0	0	0	0	0	0	0	0	0	0	0	0	0	0	unique	1	no	1	0	0	0
HGNC:15110	OR1L8	Q8NGR8	ENSG00000171496	138881	0	1	0	0	0	0	0	0	0	0	0	0	0	0	0	0	0	0	0	0	0	0	0	0	unique	1	yes	1	0	0	0
HGNC:15111	OR1N2	Q8NGR9	ENSG00000171501	138882	0	0	0	0	0	0	0	0	0	0	0	0	0	0	0	0	0	0	0	0	0	0	0	0	unique	1	yes	1	0	0	0
HGNC:15129	OR10G9	Q8NGN4	ENSG00000236981	219870	0	1	0	0	0	0	0	0	0	0	0	0	0	0	0	0	0	0	0	0	0	0	0	0	unique	1	yes	1	0	0	0
HGNC:15130	OR10A4	Q9H209	ENSG00000170782	283297	0	0	0	0	0	0	0	0	0	0	0	0	0	0	0	0	0	0	0	0	0	0	0	0	unique	1	yes	1	0	0	0
HGNC:15131	OR10A5	Q9H207	ENSG00000166363	144124	0	1	0	0	0	0	0	0	0	0	0	0	0	0	0	0	0	0	0	0	0	0	0	0	unique	1	yes	1	0	0	0
HGNC:15132	OR10A6	Q8NH74	ENSG00000279000	390093	0	0	0	0	0	0	0	0	0	0	0	0	0	0	0	0	0	0	0	0	0	0	0	0	unique	1	yes	1	0	0	0
HGNC:15134	OR10Q1	Q8NGQ4	ENSG00000180475	219960	0	0	0	0	0	0	0	0	0	0	0	0	0	0	0	0	0	0	0	0	0	0	0	0	unique	1	no	1	0	0	0
HGNC:15136	OR10V1	Q8NGI7	ENSG00000172289	390201	0	0	0	0	0	0	0	0	0	0	0	0	0	0	0	0	0	0	0	0	0	0	0	0	unique	1	no	1	0	0	0
HGNC:15139	OR10W1	Q8NGF6	ENSG00000172772	81341	0	1	0	0	0	0	0	0	0	0	0	0	0	0	0	0	0	0	0	0	0	0	0	0	unique	1	no	1	0	0	0
HGNC:1514	CASR	P41180	ENSG00000036828	846	0	1	0	0	1	0	0	0	0	0	0	0	1	1	1	1	1	1	1	1	1	1	1	1	unique	1	yes	1	1	1	1
HGNC:15141	OR1S2	Q8NGQ3	ENSG00000197887	219958	0	0	0	0	0	0	0	0	0	0	0	0	0	0	0	0	0	0	0	0	0	0	0	0	unique	1	yes	1	0	0	0
HGNC:15142	OR2AG1	Q9H205	ENSG00000279486	144125	0	0	0	0	0	0	0	0	0	0	0	0	0	0	0	0	0	0	0	0	0	0	0	0	unique	1	yes	1	0	0	0
HGNC:15143	OR2AG2	A6NM03	ENSG00000188124	338755	0	0	0	0	0	0	0	0	0	0	0	0	0	0	0	0	0	0	0	0	0	0	0	0	unique	1	yes	1	0	0	0
HGNC:15146	OR2D3	Q8NGH3	ENSG00000178358	120775	0	1	0	0	0	0	0	0	0	0	0	0	0	0	0	0	0	0	0	0	0	0	0	0	unique	1	no	1	0	0	0
HGNC:15152	OR4A15	Q8NGL6	ENSG00000181958	81328	0	1	0	0	0	0	0	0	0	0	0	0	0	0	0	0	0	0	0	0	0	0	0	0	unique	1	yes	1	0	0	0
HGNC:15153	OR4A16	Q8NH70	ENSG00000181961	81327	0	0	0	0	0	0	0	0	0	0	0	0	0	0	0	0	0	0	0	0	0	0	0	0	unique	1	no	1	0	0	0
HGNC:15162	OR4A5	Q8NH83	ENSG00000221840	81318	0	0	0	0	0	0	0	0	0	0	0	0	0	0	0	0	0	0	0	0	0	0	0	0	unique	1	no	1	0	0	0
HGNC:15167	OR4C11	Q6IEV9	ENSG00000172188	219429	0	0	0	0	0	0	0	0	0	0	0	0	0	0	0	0	0	0	0	0	0	0	0	0	unique	1	no	1	0	0	0
HGNC:15168	OR4C12	Q96R67	ENSG00000221954	283093	0	0	0	0	0	0	0	0	0	0	0	0	0	0	0	0	0	0	0	0	0	0	0	0	unique	1	yes	1	1	1	1
HGNC:15169	OR4C13	Q8NGP0	ENSG00000258817	283092	0	0	0	0	0	0	0	0	0	0	0	0	0	0	0	0	0	0	0	0	0	0	0	0	unique	1	yes	1	0	0	0
HGNC:15171	OR4C15	Q8NGM1	ENSG00000181939	81309	0	0	0	0	0	0	0	0	0	0	0	0	0	0	0	0	0	0	0	0	0	0	0	0	unique	1	yes	1	0	0	0
HGNC:15172	OR4C16	Q8NGL9	ENSG00000279514	219428	0	0	0	0	0	0	0	0	0	0	0	0	0	0	0	0	0	0	0	0	0	0	0	0	unique	1	no	1	0	0	0
HGNC:15173	OR4D10	Q8NGI6	ENSG00000254466	390197	0	0	0	0	0	0	0	0	0	0	0	0	0	0	0	0	0	0	0	0	0	0	0	0	unique	1	no	1	0	0	0
HGNC:15174	OR4D11	Q8NGI4	ENSG00000176200	219986	0	1	0	0	0	0	0	0	0	0	0	0	0	0	0	0	0	0	0	0	0	0	0	0	unique	1	no	1	0	0	0
HGNC:15175	OR4D6	Q8NGJ1	ENSG00000166884	219983	0	0	0	0	0	0	0	0	0	0	0	0	0	0	0	0	0	0	0	0	0	0	0	0	unique	1	yes	1	0	0	0
HGNC:15178	OR4D9	Q8NGE8	ENSG00000172742	390199	0	0	0	0	0	0	0	0	0	0	0	0	0	0	0	0	0	0	0	0	0	0	0	0	unique	1	no	1	0	0	0
HGNC:15180	OR4P4	Q8NGL7	ENSG00000181927	81300	0	0	0	0	0	0	0	0	0	0	0	0	0	0	0	0	0	0	0	0	0	0	0	0	unique	1	no	1	0	0	0
HGNC:15183	OR4S2	Q8NH73	ENSG00000174982	219431	0	1	0	0	0	0	0	0	0	0	0	0	0	0	0	0	0	0	0	0	0	0	0	0	unique	1	no	1	0	0	0
HGNC:15184	OR4X2	Q8NGF9	ENSG00000172208	119764	0	0	0	0	0	0	0	0	0	0	0	0	0	0	0	0	0	0	0	0	0	0	0	0	unique	1	yes	1	1	1	1
HGNC:15188	OR51A7	Q8NH64	ENSG00000176895	119687	0	0	0	0	0	0	0	0	0	0	0	0	0	0	0	0	0	0	0	0	0	0	0	0	unique	1	yes	1	0	0	0
HGNC:15191	OR51C1	A0A3B3IT45	ENSG00000197674	401661	0	0	0	0	0	0	0	0	0	0	0	0	0	0	0	0	0	0	0	0	0	0	0	0	unique	1	no	0	0	0	0
HGNC:15193	OR51D1	Q8NGF3	ENSG00000197428	390038	0	0	0	0	0	0	0	0	0	0	0	0	0	0	0	0	0	0	0	0	0	0	0	0	unique	1	yes	1	0	0	0
HGNC:15194	OR51E1	Q8TCB6	ENSG00000180785	143503	0	1	0	0	1	0	0	0	0	0	0	0	0	0	0	0	0	0	0	0	0	0	0	0	unique	1	yes	1	0	0	0
HGNC:15195	OR51E2	Q9H255	ENSG00000167332	81285	0	1	0	0	0	0	0	0	0	0	0	0	0	0	0	0	0	0	0	0	0	0	0	0	unique	1	yes	1	0	0	0
HGNC:15196	OR51F1	A6NGY5	ENSG00000280021	256892	0	0	0	0	0	0	0	0	0	0	0	0	0	0	0	0	0	0	0	0	0	0	0	0	unique	1	no	1	0	0	0
HGNC:15197	OR51F2	Q8NH61	ENSG00000176925	119694	0	0	0	0	0	0	0	0	0	0	0	0	0	0	0	0	0	0	0	0	0	0	0	0	unique	1	no	1	0	0	0
HGNC:15198	OR51G2	Q8NGK0	ENSG00000176893	81282	0	0	0	0	0	0	0	0	0	0	0	0	0	0	0	0	0	0	0	0	0	0	0	0	unique	1	no	1	1	1	1
HGNC:15200	OR51I1	Q9H343	ENSG00000167359	390063	0	0	0	0	0	0	0	0	0	0	0	0	0	0	0	0	0	0	0	0	0	0	0	0	unique	1	yes	1	0	0	0
HGNC:15201	OR51I2	Q9H344	ENSG00000187918	390064	0	0	0	0	0	0	0	0	0	0	0	0	0	0	0	0	0	0	0	0	0	0	0	0	unique	1	no	1	0	0	0
HGNC:15204	OR51S1	Q8NGJ8	ENSG00000176922	119692	0	0	0	0	0	0	0	0	0	0	0	0	0	0	0	0	0	0	0	0	0	0	0	0	unique	1	yes	1	0	0	0
HGNC:15205	OR51T1	Q8NGJ9	ENSG00000176900	401665	0	0	0	0	0	0	0	0	0	0	0	0	0	0	0	0	0	0	0	0	0	0	0	0	unique	1	no	1	0	0	0
HGNC:15207	OR52B2	Q96RD2	ENSG00000255307	255725	0	0	0	0	0	0	0	0	0	0	0	0	0	0	0	0	0	0	0	0	0	0	0	0	unique	1	no	1	0	0	0
HGNC:15209	OR52B4	Q8NGK2	ENSG00000221996	143496	0	0	0	0	0	0	0	0	0	0	0	0	0	0	0	0	0	0	0	0	0	0	0	0	unique	1	no	1	0	0	0
HGNC:15211	OR52B6	Q8NGF0	ENSG00000187747	340980	0	0	0	0	0	0	0	0	0	0	0	0	0	0	0	0	0	0	0	0	0	0	0	0	unique	1	no	1	0	0	0
HGNC:15212	OR52D1	Q9H346	ENSG00000181609	390066	0	0	0	0	0	0	0	0	0	0	0	0	0	0	0	0	0	0	0	0	0	0	0	0	unique	1	no	1	0	0	0
HGNC:15213	OR52E4	Q8NGH9	ENSG00000180974	390081	0	0	0	0	0	0	0	0	0	0	0	0	0	0	0	0	0	0	0	0	0	0	0	0	unique	1	no	1	0	0	0
HGNC:15214	OR52E5	Q8NH55	ENSG00000277932	390082	0	0	0	0	0	0	0	0	0	0	0	0	0	0	0	0	0	0	0	0	0	0	0	0	unique	1	no	1	0	0	0
HGNC:15215	OR52E6	Q96RD3	ENSG00000205409	390078	0	0	0	0	0	0	0	0	0	0	0	0	0	0	0	0	0	0	0	0	0	0	0	0	unique	1	no	1	0	0	0
HGNC:15217	OR52E8	Q6IFG1	ENSG00000183269	390079	0	0	0	0	0	0	0	0	0	0	0	0	0	0	0	0	0	0	0	0	0	0	0	0	unique	1	yes	1	0	0	0
HGNC:15218	OR52H1	Q8NGJ2	ENSG00000181616	390067	0	0	0	0	0	0	0	0	0	0	0	0	0	0	0	0	0	0	0	0	0	0	0	0	unique	1	no	1	0	0	0
HGNC:15220	OR52I1	Q8NGK6	ENSG00000232268	390037	0	0	0	0	0	0	0	0	0	0	0	0	0	0	0	0	0	0	0	0	0	0	0	0	unique	1	yes	1	0	0	0
HGNC:15221	OR52I2	Q8NH67	ENSG00000226288	143502	0	0	0	0	0	0	0	0	0	0	0	0	0	0	0	0	0	0	0	0	0	0	0	0	unique	1	no	1	0	0	0
HGNC:15222	OR52K1	Q8NGK4	ENSG00000196778	390036	0	0	0	0	0	0	0	0	0	0	0	0	0	0	0	0	0	0	0	0	0	0	0	0	unique	1	no	1	0	0	0
HGNC:15223	OR52K2	Q8NGK3	ENSG00000181963	119774	0	0	0	0	0	0	0	0	0	0	0	0	0	0	0	0	0	0	0	0	0	0	0	0	unique	1	yes	1	0	0	0
HGNC:15225	OR52M1	Q8NGK5	ENSG00000197790	119772	0	0	0	0	0	0	0	0	0	0	0	0	0	0	0	0	0	0	0	0	0	0	0	0	unique	1	no	1	0	0	0
HGNC:15228	OR52N2	Q8NGI0	ENSG00000180988	390077	0	0	0	0	0	0	0	0	0	0	0	0	0	0	0	0	0	0	0	0	0	0	0	0	unique	1	yes	1	0	0	0
HGNC:15230	OR52N4	Q8NGI2	ENSG00000181074	390072	0	0	0	0	0	0	0	0	0	0	0	0	0	0	0	0	0	0	0	0	0	0	0	0	unique	1	yes	1	0	0	0
HGNC:15231	OR52N5	Q8NH56	ENSG00000181009	390075	0	1	0	0	0	0	0	0	0	0	0	0	0	0	0	0	0	0	0	0	0	0	0	0	unique	1	yes	1	0	0	0
HGNC:15232	OR52P1	Q8NH57	ENSG00000181109	81248	0	0	0	0	1	0	0	0	0	0	0	0	0	0	0	0	0	0	0	0	0	0	0	0	unique	1	no	1	0	0	0
HGNC:15235	OR52R1	Q8NGF1	ENSG00000279270	119695	0	0	0	0	0	0	0	0	0	0	0	0	0	0	0	0	0	0	0	0	0	0	0	0	unique	1	no	1	0	0	0
HGNC:15239	OR52W1	Q6IF63	ENSG00000175485	120787	0	1	0	0	0	0	0	0	0	0	0	0	0	0	0	0	0	0	0	0	0	0	0	0	unique	1	yes	1	0	0	0
HGNC:15245	OR56B1	Q8NGI3	ENSG00000181023	387748	0	1	0	0	0	0	0	0	0	0	0	0	0	0	0	0	0	0	0	0	0	0	0	0	unique	1	yes	1	0	0	0
HGNC:15246	OR56B2	Q8NGI1	ENSG00000181017	390073	0	1	0	0	0	0	0	0	0	0	0	0	0	0	0	0	0	0	0	0	0	0	0	0	unique	1	no	1	0	0	0
HGNC:15248	OR56B4	Q8NH76	ENSG00000180919	196335	0	0	0	0	0	0	0	0	0	0	0	0	0	0	0	0	0	0	0	0	0	0	0	0	unique	1	no	1	0	0	0
HGNC:15249	OR5A2	Q8NGI9	ENSG00000172324	219981	0	0	0	0	0	0	0	0	0	0	0	0	0	0	0	0	0	0	0	0	0	0	0	0	unique	1	yes	1	0	0	0
HGNC:15251	OR5AK2	Q8NH90	ENSG00000181273	390181	0	1	0	0	0	0	0	0	0	0	0	0	0	0	0	0	0	0	0	0	0	0	0	0	unique	1	yes	1	0	0	0
HGNC:15255	OR5AN1	Q8NGI8	ENSG00000176495	390195	0	0	0	0	0	0	0	0	0	0	0	0	0	0	0	0	0	0	0	0	0	0	0	0	unique	1	yes	1	0	0	0
HGNC:15258	OR5AP2	Q8NGF4	ENSG00000172464	338675	0	0	0	0	0	0	0	0	0	0	0	0	0	0	0	0	0	0	0	0	0	0	0	0	unique	1	no	1	0	0	0
HGNC:15260	OR5AR1	Q8NGP9	ENSG00000172459	219493	0	0	0	0	0	0	0	0	0	0	0	0	0	0	0	0	0	0	0	0	0	0	0	0	unique	1	no	1	0	0	0
HGNC:15261	OR5AS1	Q8N127	ENSG00000181785	219447	0	0	0	0	0	0	0	0	0	0	0	0	0	0	0	0	0	0	0	0	0	0	0	0	unique	1	yes	1	1	1	1
HGNC:15267	OR5B17	Q8NGF7	ENSG00000197786	219965	0	1	0	0	0	0	0	0	0	0	0	0	0	0	0	0	0	0	0	0	0	0	0	0	unique	1	yes	1	0	0	0
HGNC:1527	CAV1	Q03135	ENSG00000105974	857	0	1	0	0	1	1	0	0	0	1	0	0	0	0	0	0	0	0	0	0	1	0	0	0	unique	1	no	0	0	0	0
HGNC:1528	CAV2	P51636	ENSG00000105971	858	0	1	0	0	0	0	0	0	0	0	0	0	0	0	0	0	0	0	0	0	0	0	0	0	unique	1	no	0	0	0	0
HGNC:15280	OR5D13	Q8NGL4	ENSG00000279761	390142	0	0	0	0	0	0	0	0	0	0	0	0	0	0	0	0	0	0	0	0	0	0	0	0	unique	1	no	1	0	0	0
HGNC:15281	OR5D14	Q8NGL3	ENSG00000186113	219436	0	1	0	0	0	0	0	0	0	0	0	0	0	0	0	0	0	0	0	0	0	0	0	0	unique	1	yes	1	0	0	0
HGNC:15283	OR5D16	Q8NGK9	ENSG00000205029	390144	0	1	0	0	0	0	0	0	0	0	0	0	0	0	0	0	0	0	0	0	0	0	0	0	unique	1	yes	1	0	0	0
HGNC:15285	OR5D18	Q8NGL1	ENSG00000186119	219438	0	1	0	0	0	0	0	0	0	0	0	0	0	0	0	0	0	0	0	0	0	0	0	0	unique	1	yes	1	0	0	0
HGNC:1529	CAV3	P56539	ENSG00000182533	859	0	1	0	0	0	0	0	0	0	0	0	0	0	0	0	0	0	0	0	0	0	0	0	0	unique	1	no	0	0	0	0
HGNC:15290	OR5M10	Q6IEU7	ENSG00000254834	390167	0	0	0	0	0	0	0	0	0	0	0	0	0	0	0	0	0	0	0	0	0	0	0	0	unique	1	no	1	0	0	0
HGNC:15291	OR5M11	Q96RB7	ENSG00000255223	219487	0	0	0	0	0	0	0	0	0	0	0	0	0	0	0	0	0	0	0	0	0	0	0	0	unique	1	no	1	0	0	0
HGNC:15294	OR5M9	Q8NGP3	ENSG00000150269	390162	0	0	0	0	0	0	0	0	0	0	0	0	0	0	0	0	0	0	0	0	0	0	0	0	unique	1	no	1	0	0	0
HGNC:15296	OR5T2	Q8NGG2	ENSG00000181718	219464	0	1	0	0	0	0	0	0	0	0	0	0	0	0	0	0	0	0	0	0	0	0	0	0	unique	1	no	1	0	0	0
HGNC:15297	OR5T3	Q8NGG3	ENSG00000172489	390154	0	0	0	0	0	0	0	0	0	0	0	0	0	0	0	0	0	0	0	0	0	0	0	0	unique	1	no	1	0	0	0
HGNC:15299	OR5W2	Q8NH69	ENSG00000187612	390148	0	0	0	0	0	0	0	0	0	0	0	0	0	0	0	0	0	0	0	0	0	0	0	0	unique	1	no	1	0	0	0
HGNC:15301	OR6A2	O95222	ENSG00000184933	8590	0	0	0	0	0	0	0	0	0	0	0	0	0	0	0	0	0	0	0	0	0	0	0	0	unique	1	yes	1	0	0	0
HGNC:15302	OR6Q1	Q8NGQ2	ENSG00000279051	219952	0	0	0	0	0	0	0	0	0	0	0	0	0	0	0	0	0	0	0	0	0	0	0	0	unique	1	no	1	0	0	0
HGNC:15307	OR8B12	Q8NGG6	ENSG00000170953	219858	0	0	0	0	0	0	0	0	0	0	0	0	0	0	0	0	0	0	0	0	0	0	0	0	unique	1	yes	1	0	0	0
HGNC:15308	OR8H2	Q8N162	ENSG00000181767	390151	0	0	0	0	0	0	0	0	0	0	0	0	0	0	0	0	0	0	0	0	0	0	0	0	unique	1	no	1	0	0	0
HGNC:15309	OR8H3	Q8N146	ENSG00000181761	390152	0	0	0	0	0	0	0	0	0	0	0	0	0	0	0	0	0	0	0	0	0	0	0	0	unique	1	no	1	0	0	0
HGNC:15310	OR8I2	Q8N0Y5	ENSG00000172154	120586	0	0	0	0	0	0	0	0	0	0	0	0	0	0	0	0	0	0	0	0	0	0	0	0	unique	1	no	1	0	0	0
HGNC:15311	OR8J2	Q8NGG1	ENSG00000254658	81169	0	0	0	0	0	0	0	0	0	0	0	0	0	0	0	0	0	0	0	0	0	0	0	0	unique	1	no	1	0	0	0
HGNC:15312	OR8J3	Q8NGG0	ENSG00000167822	81168	0	1	0	0	0	0	0	0	0	0	0	0	0	0	0	0	0	0	0	0	0	0	0	0	unique	1	no	1	0	0	0
HGNC:15313	OR8K3	Q8NH51	ENSG00000280314	219473	0	0	0	0	0	0	0	0	0	0	0	0	0	0	0	0	0	0	0	0	0	0	0	0	unique	1	no	1	0	0	0
HGNC:15315	OR8K5	Q8NH50	ENSG00000181752	219453	0	0	0	0	0	0	0	0	0	0	0	0	0	0	0	0	0	0	0	0	0	0	0	0	unique	1	no	1	0	0	0
HGNC:15319	OR9G1	Q8NH87	ENSG00000174914	390174	0	0	0	0	0	0	0	0	0	0	0	0	0	0	0	0	0	0	0	0	0	0	0	0	unique	1	no	1	0	0	0
HGNC:15322	OR9G4	Q8NGQ1	ENSG00000172457	283189	0	0	0	0	0	0	0	0	0	0	0	0	0	0	0	0	0	0	0	0	0	0	0	0	unique	1	no	1	0	0	0
HGNC:15328	OR9Q2	Q8NGE9	ENSG00000186513	219957	0	0	0	0	0	0	0	0	0	0	0	0	0	0	0	0	0	0	0	0	0	0	0	0	unique	1	no	1	0	0	0
HGNC:15329	OR10A7	Q8NGE5	ENSG00000179919	121364	0	0	0	0	0	0	0	0	0	0	0	0	0	0	0	0	0	0	0	0	0	0	0	0	unique	1	no	1	0	0	0
HGNC:15335	OR2AP1	Q8NGE2	ENSG00000179615	121129	0	0	0	0	0	0	0	0	0	0	0	0	0	0	0	0	0	0	0	0	0	0	0	0	unique	1	no	1	0	0	0
HGNC:15339	OR9K2	Q8NGE7	ENSG00000170605	441639	0	0	0	0	0	0	0	0	0	0	0	0	0	0	0	0	0	0	0	0	0	0	0	0	unique	1	no	1	0	0	0
HGNC:15341	OR2V2	Q96R30	ENSG00000182613	285659	0	0	0	0	0	0	0	0	0	0	0	0	0	0	0	0	0	0	0	0	0	0	0	0	unique	1	no	1	0	0	0
HGNC:15346	OR11G2	Q8NGC1	ENSG00000196832	390439	0	0	0	0	0	0	0	0	0	0	0	0	0	0	0	0	0	0	0	0	0	0	0	0	unique	1	yes	1	0	0	0
HGNC:15347	OR11H4	Q8NGC9	ENSG00000176198	390442	0	1	0	0	0	0	0	0	0	0	0	0	0	0	0	0	0	0	0	0	0	0	0	0	unique	1	yes	1	0	0	0
HGNC:15349	OR11H6	Q8NGC7	ENSG00000176219	122748	0	1	0	0	0	0	0	0	0	0	0	0	0	0	0	0	0	0	0	0	0	0	0	0	unique	1	yes	1	0	0	0
HGNC:15350	OR11H7	Q8NGC8	ENSG00000258806	390441	0	0	0	0	0	0	0	0	0	0	0	0	0	0	0	0	0	0	0	0	0	0	0	0	unique	1	yes	1	0	0	0
HGNC:15351	OR4K13	Q8NH42	ENSG00000176253	390433	0	0	0	0	0	0	0	0	0	0	0	0	0	0	0	0	0	0	0	0	0	0	0	0	unique	1	no	1	1	1	1
HGNC:15352	OR4K14	Q8NGD5	ENSG00000169484	122740	0	0	0	0	0	0	0	0	0	0	0	0	0	0	0	0	0	0	0	0	0	0	0	0	unique	1	no	1	0	0	0
HGNC:15353	OR4K15	Q8NH41	ENSG00000169488	81127	0	1	0	0	0	0	0	0	0	0	0	0	0	0	0	0	0	0	0	0	0	0	0	0	unique	1	no	1	0	0	0
HGNC:15355	OR4K17	Q8NGC6	ENSG00000176230	390436	0	0	0	0	0	0	0	0	0	0	0	0	0	0	0	0	0	0	0	0	0	0	0	0	unique	1	yes	1	0	0	0
HGNC:15356	OR4L1	Q8NH43	ENSG00000176246	122742	0	0	0	0	0	0	0	0	0	0	0	0	0	0	0	0	0	0	0	0	0	0	0	0	unique	1	yes	1	0	0	0
HGNC:15358	OR4N5	Q8IXE1	ENSG00000184394	390437	0	0	0	0	0	0	0	0	0	0	0	0	0	0	0	0	0	0	0	0	0	0	0	0	unique	1	no	1	0	0	0
HGNC:15359	OR4Q2	P0C623	ENSG00000196383	390432	0	0	0	0	0	0	0	0	0	0	0	0	0	0	0	0	0	0	0	0	0	0	0	0	unique	1	no	1	0	0	0
HGNC:15362	OR5AU1	Q8NGC0	ENSG00000169327	390445	0	0	0	0	0	0	0	0	0	0	0	0	0	0	0	0	0	0	0	0	0	0	0	0	unique	1	no	1	0	0	0
HGNC:15363	OR6S1	Q8NH40	ENSG00000181803	341799	0	0	0	0	0	0	0	0	0	0	0	0	0	0	0	0	0	0	0	0	0	0	0	0	unique	1	no	1	0	0	0
HGNC:15372	OR4F6	Q8NGB9	ENSG00000184140	390648	0	0	0	0	0	0	0	0	0	0	0	0	0	0	0	0	0	0	0	0	0	0	0	0	unique	1	no	1	0	0	0
HGNC:15373	OR4M2	Q8NGB6	ENSG00000274102	390538	0	0	0	0	0	0	0	0	0	0	0	0	0	0	0	0	0	0	0	0	0	0	0	0	unique	1	no	1	0	0	0
HGNC:15375	OR4N4	Q8N0Y3	ENSG00000183706	283694	0	1	0	0	0	0	0	0	0	0	0	0	0	0	0	0	0	0	0	0	0	0	0	0	unique	1	yes	1	0	0	0
HGNC:15378	OR10P1	Q8NGE3	ENSG00000175398	121130	0	1	0	0	0	0	0	0	0	0	0	0	0	0	0	0	0	0	0	0	0	0	0	0	unique	1	yes	1	0	0	0
HGNC:15381	OR4F17	Q8NGA8	ENSG00000176695	81099	0	1	0	0	0	0	0	0	0	0	0	0	0	0	0	0	0	0	0	0	0	0	0	0	unique	1	no	1	0	0	0
HGNC:15388	OR10H4	Q8NGA5	ENSG00000176231	126541	0	1	0	0	0	0	0	0	0	0	0	0	0	0	0	0	0	0	0	0	0	0	0	0	unique	1	yes	1	0	0	0
HGNC:15389	OR10H5	Q8NGA6	ENSG00000172519	284433	0	1	0	0	0	0	0	0	0	0	0	0	0	0	0	0	0	0	0	0	0	0	0	0	unique	1	no	1	0	0	0
HGNC:15391	OR2Z1	Q8NG97	ENSG00000181733	284383	0	0	0	0	0	0	0	0	0	0	0	0	0	0	0	0	0	0	0	0	0	0	0	0	unique	1	no	1	0	0	0
HGNC:15404	OR11H1	Q8NG94	ENSG00000130538	81061	0	0	0	0	0	0	0	0	0	0	0	0	0	0	0	0	0	0	0	0	0	0	0	0	unique	1	yes	1	0	0	0
HGNC:15408	OR10J4	P0C629	ENSG00000249730	391121	0	0	0	0	0	0	0	0	0	0	0	0	0	0	0	0	0	0	0	0	0	0	0	0	unique	1	no	1	0	0	0
HGNC:15426	OR4Q3	Q8NH05	ENSG00000182652	441669	0	1	0	0	0	0	0	0	0	0	0	0	0	0	0	0	0	0	0	0	0	0	0	0	unique	1	no	1	0	0	0
HGNC:1543	CBLN1	P23435	ENSG00000102924	869	0	0	0	0	1	0	0	0	0	0	0	0	0	0	0	0	0	0	0	0	0	0	0	0	unique	1	yes	0	0	0	0
HGNC:15431	OR5AC2	Q9NZP5	ENSG00000196578	81050	0	0	0	0	0	0	0	0	0	0	0	0	0	0	0	0	0	0	0	0	0	0	0	0	unique	1	no	1	0	0	0
HGNC:15432	OR5B12	Q96R08	ENSG00000172362	390191	0	1	0	0	0	0	0	0	0	0	0	0	0	0	0	0	0	0	0	0	0	0	0	0	unique	1	no	1	0	0	0
HGNC:15436	OR6C2	Q9NZP2	ENSG00000179695	341416	0	0	0	0	0	0	0	0	0	0	0	0	0	0	0	0	0	0	0	0	0	0	0	0	unique	1	no	1	0	0	0
HGNC:15437	OR6C3	Q9NZP0	ENSG00000205329	254786	0	1	0	0	0	0	0	0	0	0	0	0	0	0	0	0	0	0	0	0	0	0	0	0	unique	1	yes	1	0	0	0
HGNC:1544	CBLN2	Q8IUK8	ENSG00000141668	147381			0	0	1	1	0	0	0	1	0	0	0	0	0	0	0	0	0	0	1	0	0	0	unique	0	yes	0	0	0	0
HGNC:15449	LGALS13	Q9UHV8	ENSG00000105198	29124			0	0	0	0	0	0	0	0	0	0	0	0	0	0	0	0	0	0	0	0	0	0	unique	0	yes	0	0	0	0
HGNC:15450	TGOLN2	O43493	ENSG00000152291	10618	0	0	0	0	0	0	0	0	0	0	0	0	0	0	0	0	0	0	0	0	0	0	0	0	unique	1	yes	1	1	1	1
HGNC:15451	GOLM1	Q8NBJ4	ENSG00000135052	51280			0	0	1	1	0	0	0	1	0	0	0	0	0	0	0	0	0	0	1	0	0	0	unique	0	yes	0	0	0	0
HGNC:15459	P2RX2	Q9UBL9	ENSG00000187848	22953	0	1	0	0	0	0	0	0	0	0	0	0	1	1	1	0	0	0	0	0	0	0	0	0	unique	1	yes	1	1	1	1
HGNC:15460	CACNA2D3	Q8IZS8	ENSG00000157445	55799	1	1	0	0	0	0	0	0	0	0	0	0	0	0	0	0	0	0	0	0	0	0	0	0	unique	1	no	0	0	0	0
HGNC:15461	MANF	P55145	ENSG00000145050	7873			0	0	0	0	0	0	0	0	0	0	0	0	0	0	0	0	0	0	0	0	0	0	unique	0	yes	0	0	0	0
HGNC:15464	SPINK5	Q9NQ38	ENSG00000133710	11005			0	0	0	0	0	0	0	0	0	0	0	0	0	0	0	0	0	0	0	0	0	0	unique	0	yes	0	0	0	0
HGNC:15466	WFDC1	Q9HC57	ENSG00000103175	58189			0	0	1	0	0	0	0	0	0	0	0	0	0	0	0	0	0	0	0	0	0	0	unique	0	no	0	0	0	0
HGNC:15474	SHANK1	Q9Y566	ENSG00000161681	50944	0	0	0	0	1	0	0	0	0	0	0	0	0	0	0	0	0	0	0	0	0	0	0	0	unique	1	yes	0	0	0	0
HGNC:15478	ADAM33	Q9BZ11	ENSG00000149451	80332	0	0	0	0	1	0	0	0	0	0	0	0	1	1	1	0	0	0	0	0	0	0	0	0	unique	1	no	1	1	1	1
HGNC:15479	ADAM32	Q8TC27	ENSG00000197140	203102	0	0	0	0	0	0	0	0	0	0	0	0	0	0	0	0	0	0	0	0	0	0	0	0	unique	1	no	1	1	1	1
HGNC:15482	SIGLEC12	Q96PQ1	ENSG00000254521	89858	1	1	0	0	1	0	0	0	0	0	0	0	0	0	0	0	0	0	0	0	0	0	0	0	unique	1	no	1	1	1	1
HGNC:15492	ANKH	Q9HCJ1	ENSG00000154122	56172	0	1	0	0	0	0	0	0	0	0	0	0	0	0	0	0	0	0	0	0	0	0	0	0	unique	1	yes	1	0	0	0
HGNC:15495	LILRA6	Q6PI73	ENSG00000244482	79168	1	1	0	0	0	0	0	0	0	0	0	0	0	0	0	0	0	0	0	0	0	0	0	0	unique	1	no	1	1	1	1
HGNC:15503	LILRA4	P59901	ENSG00000239961	23547	1	1	0	0	0	0	0	0	0	0	0	0	0	0	0	0	0	0	0	0	0	0	0	0	unique	1	yes	1	1	1	1
HGNC:15511	VANGL2	Q9ULK5	ENSG00000162738	57216	0	1	0	0	0	0	0	0	0	0	0	0	0	0	0	0	0	0	0	0	0	0	0	0	unique	1	yes	0	0	0	0
HGNC:15512	VANGL1	Q8TAA9	ENSG00000173218	81839	0	1	0	0	0	0	0	0	0	0	0	0	1	1	0	0	0	0	0	0	0	0	0	0	unique	1	yes	0	0	0	0
HGNC:15520	LPAR6	P43657	ENSG00000139679	10161	0	1	0	0	1	0	0	0	0	0	0	0	1	1	0	0	0	0	0	0	0	0	0	0	unique	1	yes	1	0	0	0
HGNC:15524	P2RY8	Q86VZ1	ENSG00000182162	286530	0	1	0	0	0	0	0	0	0	0	0	0	0	0	0	0	0	0	0	0	0	0	0	0	unique	1	yes	1	0	0	0
HGNC:15527	KLB	Q86Z14	ENSG00000134962	152831	1	1	0	0	1	1	1	1	1	1	0	0	0	0	0	0	0	1	1	1	1	1	1	1	unique	1	yes	0	0	0	1
HGNC:15529	NLGN4Y	Q8NFZ3	ENSG00000165246	22829	1	1	0	0	0	0	0	0	0	0	0	0	0	0	0	0	0	0	0	0	0	0	0	0	unique	1	yes	1	1	1	1
HGNC:15532	JAM3	Q9BX67	ENSG00000166086	83700	1	1	0	0	1	0	0	0	0	0	0	0	0	0	0	0	0	0	0	0	0	0	0	0	unique	1	yes	1	1	1	1
HGNC:15563	IL37	Q9NZH6	ENSG00000125571	27178			0	0	0	0	0	0	0	0	0	0	0	0	0	0	0	0	0	0	0	0	0	0	unique	0	yes	0	0	0	0
HGNC:15565	QRFPR	Q96P65	ENSG00000186867	84109	0	1	0	0	0	0	0	0	0	0	1	0	0	0	0	0	0	0	0	0	1	0	1	0	unique	1	yes	1	1	1	1
HGNC:15568	SH3BGRL3	Q9H299	ENSG00000142669	83442	0	0	0	0	0	0	0	0	0	0	0	0	0	0	0	0	0	0	0	0	0	0	0	0	unique	1	no	0	0	0	0
HGNC:15570	SPESP1	Q6UW49	ENSG00000258484	246777			0	0	0	0	0	0	0	0	0	0	0	0	0	0	0	0	0	0	0	0	0	0	unique	0	no	0	0	0	0
HGNC:15572	RTP3	Q9BQQ7	ENSG00000163825	83597			0	0	1	0	0	0	0	0	0	0	0	0	0	0	0	0	0	0	0	0	0	0	unique	0	no	0	0	0	0
HGNC:15582	MUC16	Q8WXI7	ENSG00000181143	94025	1	1	0	0	1	1	1	0	0	1	0	0	0	0	0	0	0	1	1	1	1	1	1	1	unique	1	yes	0	0	0	1
HGNC:15583	LCTL	Q6UWM7	ENSG00000188501	197021	1	1	0	0	0	0	0	0	0	0	0	0	0	0	0	0	0	0	0	0	0	0	0	0	unique	1	yes	0	0	0	0
HGNC:15586	LRRC4	Q9HBW1	ENSG00000128594	64101	1	1	0	0	0	0	0	0	0	0	0	0	0	0	0	0	0	0	0	0	0	0	0	0	unique	1	yes	1	1	1	1
HGNC:15595	SLC12A8	A0AV02	ENSG00000221955	84561	0	1	0	0	0	0	0	0	0	0	0	0	0	0	0	0	0	0	0	0	0	0	0	0	unique	1	yes	1	0	0	0
HGNC:15605	SKAP1	Q86WV1	ENSG00000141293	8631	0	0	0	0	0	0	0	0	0	0	0	0	0	0	0	0	0	0	0	0	0	0	0	0	unique	1	yes	0	0	0	0
HGNC:15620	SIGLEC10	Q96LC7	ENSG00000142512	89790	1	1	0	0	1	0	0	0	0	0	0	0	0	1	1	0	0	0	0	0	0	0	0	0	unique	1	yes	1	1	1	1
HGNC:15622	SIGLEC11	Q96RL6	ENSG00000161640	114132	1	1	0	0	0	0	0	0	0	0	0	0	0	0	0	0	0	0	0	0	0	0	0	0	unique	1	yes	1	1	1	1
HGNC:15626	FCGR2C	P31995	ENSG00000244682	9103	1	1	0	0	0	0	0	0	0	0	0	0	0	0	0	0	0	1	1	1	1	1	1	1	unique	1	yes	1	1	1	1
HGNC:15631	TLR7	Q9NYK1	ENSG00000196664	51284	0	0	0	0	0	0	0	0	0	0	0	0	0	0	0	0	0	0	0	0	0	0	0	0	unique	1	yes	1	1	1	1
HGNC:15632	TLR8	Q9NR97	ENSG00000101916	51311	0	0	0	0	0	0	0	0	0	0	0	0	1	1	1	1	1	0	0	0	1	1	1	1	unique	1	yes	1	1	1	1
HGNC:15633	TLR9	Q9NR96	ENSG00000239732	54106	0	0	0	0	0	0	0	0	0	0	0	0	0	0	0	0	0	0	0	0	0	0	0	0	unique	1	yes	1	1	1	1
HGNC:15634	TLR10	Q9BXR5	ENSG00000174123	81793	1	1	0	0	1	0	0	0	0	0	0	0	0	0	0	0	0	0	0	0	0	0	0	0	unique	1	no	1	1	1	1
HGNC:1565	ACKR2	O00590	ENSG00000144648	1238	0	1	0	0	0	0	0	0	0	0	0	0	0	0	0	0	0	1	0	1	1	0	1	0	unique	1	yes	1	0	0	1
HGNC:15661	TAS1R3	Q7RTX0	ENSG00000169962	83756	0	1	0	0	1	0	0	0	0	0	0	0	0	0	0	0	0	0	0	1	0	0	0	0	unique	1	yes	1	1	1	1
HGNC:15662	ZPBP	Q9BS86	ENSG00000042813	11055			0	0	0	0	0	0	0	0	0	0	0	0	0	0	0	0	0	0	0	0	0	0	unique	0	yes	0	0	0	0
HGNC:1570	CCKAR	P32238	ENSG00000163394	886	0	1	0	0	0	0	0	0	0	0	1	0	0	0	0	0	0	0	0	0	1	0	1	0	unique	1	yes	1	0	0	1
HGNC:15708	PAQR8	Q8TEZ7	ENSG00000170915	85315	0	0	0	0	0	0	0	0	0	0	0	0	0	0	0	0	0	0	0	0	0	0	0	0	unique	1	yes	0	0	0	0
HGNC:1571	CCKBR	P32239	ENSG00000110148	887	0	1	0	0	0	0	0	0	0	0	1	0	0	0	0	0	0	0	0	0	1	0	1	0	unique	1	yes	1	0	0	1
HGNC:15718	APCDD1	Q8J025	ENSG00000154856	147495	1	1	0	0	1	0	0	0	0	0	0	0	0	0	0	0	0	0	0	0	0	0	0	0	unique	1	yes	1	1	1	1
HGNC:15720	STRN3	Q13033	ENSG00000196792	29966	0	0	0	0	1	0	0	0	0	0	0	0	0	0	0	0	0	0	0	0	0	0	0	0	unique	1	yes	0	0	0	0
HGNC:15734	KIRREL1	Q96J84	ENSG00000183853	55243	1	1	0	0	1	0	0	0	0	0	0	0	0	0	0	0	0	0	0	0	0	0	0	0	unique	1	yes	1	1	1	1
HGNC:15743	ERMAP	Q96PL5	ENSG00000164010	114625	1	1	0	0	1	0	0	0	0	0	0	0	0	0	0	0	0	0	0	0	0	0	0	0	unique	1	no	1	1	1	1
HGNC:15748	PRND	Q9UKY0	ENSG00000171864	23627	0	0	0	0	0	0	0	0	0	0	0	0	0	0	0	0	0	0	0	0	0	0	0	0	unique	1	no	1	1	1	1
HGNC:15749	BPIFA1	Q9NP55	ENSG00000198183	51297			0	0	0	0	0	0	0	0	0	0	0	0	0	0	0	0	0	0	0	0	0	0	unique	0	yes	0	0	0	0
HGNC:15757	SIRPG	Q9P1W8	ENSG00000089012	55423	1	1	0	0	1	0	0	1	1	1	0	0	0	0	0	0	0	1	1	1	1	1	1	1	unique	1	yes	1	1	1	1
HGNC:15767	FERMT2	Q96AC1	ENSG00000073712	10979	0	0	0	0	0	0	0	0	0	0	0	0	1	1	0	0	0	0	0	0	0	0	0	0	unique	1	yes	0	0	0	0
HGNC:15770	ZP4	Q12836	ENSG00000116996	57829	0	0	0	0	1	0	0	0	0	0	0	0	0	0	0	0	0	0	0	0	0	0	0	0	unique	1	yes	1	1	1	1
HGNC:15771	CPXM1	Q96SM3	ENSG00000088882	56265			0	0	1	0	0	0	0	0	0	0	0	0	0	0	0	0	0	0	0	0	0	0	unique	0	yes	0	0	0	0
HGNC:15781	CHRFAM7A	Q494W8	ENSG00000166664	89832	0	0	0	0	0	0	0	0	0	0	0	0	0	0	0	0	0	0	0	0	0	0	0	0	unique	1	yes	0	0	0	0
HGNC:15803	ANKEF1	Q9NU02	ENSG00000132623	63926	0	0	0	0	1	0	0	0	0	0	0	0	0	0	0	0	0	0	0	0	0	0	0	0	unique	1	no	0	0	0	0
HGNC:15813	PCDH11Y	Q9BZA8	ENSG00000099715	83259	1	1	0	0	0	0	0	0	0	0	0	0	0	0	0	0	0	0	0	0	0	0	0	0	unique	1	no	1	1	1	1
HGNC:15827	SLC13A4	Q9UKG4	ENSG00000164707	26266	0	1	0	0	0	0	0	0	0	0	0	0	0	0	0	0	0	0	0	0	0	0	0	0	unique	1	yes	1	1	1	1
HGNC:15836	PROKR2	Q8NFJ6	ENSG00000101292	128674	0	1	0	0	0	0	0	0	0	0	0	0	0	0	0	0	0	0	0	0	0	0	0	0	unique	1	yes	1	0	0	0
HGNC:15842	ERBIN	Q96RT1	ENSG00000112851	55914	0	0	0	0	0	0	0	0	0	0	0	0	0	0	0	0	0	0	0	0	0	0	0	0	unique	1	yes	0	0	0	0
HGNC:15846	PALMD	Q9NP74	ENSG00000099260	54873	0	0	0	0	0	0	0	0	0	0	0	0	0	0	0	0	0	0	0	0	0	0	0	0	unique	1	no	0	0	0	0
HGNC:15855	CD93	Q9NPY3	ENSG00000125810	22918	1	1	0	0	1	0	0	0	0	0	0	0	0	0	0	0	0	0	0	0	0	0	0	0	unique	1	yes	1	1	1	1
HGNC:15868	ABHD12	Q8N2K0	ENSG00000100997	26090	0	0	0	0	0	0	0	0	0	0	0	0	0	0	0	0	0	0	0	0	0	0	0	0	unique	1	yes	0	0	0	0
HGNC:15873	ADISSP	Q9GZN8	ENSG00000101220	54976			0	0	0	0	0	0	0	0	0	0	0	0	0	0	0	0	0	0	0	0	0	0	unique	0	no	0	0	0	0
HGNC:15874	SPEF1	Q9Y4P9	ENSG00000101222	25876	0	0	0	0	0	0	0	0	0	0	0	0	0	0	0	0	0	0	0	0	0	0	0	0	unique	1	no	0	0	0	0
HGNC:15876	TMEM230	Q96A57	ENSG00000089063	29058			0	0	0	0	0	0	0	0	0	0	0	0	0	0	0	0	0	0	0	0	0	0	unique	0	no	0	0	0	0
HGNC:15885	SYNDIG1	Q9H7V2	ENSG00000101463	79953	0	1	0	0	0	0	0	0	0	0	0	0	0	0	0	0	0	0	0	0	0	0	0	0	unique	1	yes	0	0	0	0
HGNC:15897	SEL1L2	Q5TEA6	ENSG00000101251	80343	0	0	0	0	0	0	0	0	0	0	0	0	0	0	0	0	0	0	0	0	0	0	0	0	unique	1	no	0	0	0	0
HGNC:15900	DEFB126	Q9BYW3	ENSG00000125788	81623			0	0	0	0	0	0	0	0	0	0	0	0	0	0	0	0	0	0	0	0	0	0	unique	0	no	0	0	0	0
HGNC:15902	CDH26	Q8IXH8	ENSG00000124215	60437	1	1	0	0	0	0	0	0	0	0	0	0	0	0	0	0	0	0	0	0	0	0	0	0	unique	1	yes	1	1	1	1
HGNC:15928	SIRPB1	O00241	ENSG00000101307	10326	1	1	0	0	1	0	0	0	0	0	0	0	0	0	0	0	0	0	0	0	0	0	0	0	unique	1	no	1	1	1	1
HGNC:15932	EPPIN	O95925	ENSG00000101448	57119	0	0	0	0	1	0	0	0	0	0	0	0	0	0	0	0	0	0	0	0	0	0	0	0	unique	1	yes	0	0	0	0
HGNC:15943	PARD6A	Q9NPB6	ENSG00000102981	50855	0	0	0	0	1	0	0	0	0	0	0	0	0	0	0	0	0	0	0	0	0	0	0	0	unique	1	yes	0	0	0	0
HGNC:15948	ZGPAT	Q8N5A5	ENSG00000197114	84619	0	0	0	0	1	0	0	0	0	0	0	0	0	0	0	0	0	0	0	0	0	0	0	0	unique	1	no	0	0	0	0
HGNC:15955	SEZ6	Q53EL9	ENSG00000063015	124925	0	0	0	0	1	0	0	0	0	0	0	0	0	0	0	0	0	0	0	0	0	0	0	0	unique	1	no	1	1	1	1
HGNC:15956	SLC2A13	Q96QE2	ENSG00000151229	114134	0	1	0	0	0	0	0	0	0	0	0	0	0	0	0	0	0	0	0	0	0	0	0	0	unique	1	yes	1	1	1	1
HGNC:15957	WFDC3	Q8IUB2	ENSG00000124116	140686			0	0	0	0	0	0	0	0	0	0	0	0	0	0	0	0	0	0	0	0	0	0	unique	0	no	0	0	0	0
HGNC:15963	CHRNA6	Q15825	ENSG00000147434	8973	0	1	0	0	0	0	0	0	0	0	0	0	1	1	1	0	0	0	0	0	0	0	0	0	unique	1	yes	1	1	1	1
HGNC:15985	SVEP1	Q4LDE5	ENSG00000165124	79987			0	0	1	1	0	0	0	1	0	0	0	0	0	0	0	0	0	0	1	0	0	0	unique	0	yes	0	0	0	0
HGNC:15991	LMLN	Q96KR4	ENSG00000185621	89782			0	0	0	0	0	0	0	0	0	0	0	0	0	0	0	0	0	0	0	0	0	0	unique	0	no	0	0	0	0
HGNC:15995	SERPINA9	Q86WD7	ENSG00000170054	327657			0	0	1	1	0	0	0	1	0	0	0	0	0	0	0	0	0	0	1	0	0	0	unique	0	no	0	0	0	0
HGNC:16014	CASD1	Q96PB1	ENSG00000127995	64921	0	0	0	0	0	0	0	0	0	0	0	0	0	0	0	0	0	0	0	0	0	0	0	0	unique	1	yes	1	1	1	1
HGNC:16016	COLEC12	Q5KU26	ENSG00000158270	81035	1	1	0	0	1	0	0	0	0	0	0	0	0	0	0	0	0	0	0	0	0	0	0	0	unique	1	yes	0	0	0	0
HGNC:1602	CCR1	P32246	ENSG00000163823	1230	0	1	0	0	0	0	0	0	0	0	1	0	1	1	0	0	0	0	0	0	1	0	1	0	unique	1	yes	1	1	1	1
HGNC:16028	IL33	O95760	ENSG00000137033	90865			0	0	1	1	0	1	0	1	0	0	0	0	0	0	0	1	0	1	1	0	1	0	unique	0	yes	0	0	0	1
HGNC:16029	AQP10	Q96PS8	ENSG00000143595	89872	0	0	0	0	0	0	0	0	0	0	0	0	0	0	0	0	0	0	0	0	0	0	0	0	unique	1	no	1	0	0	0
HGNC:1603	CCR2	P41597	ENSG00000121807	729230	0	1	0	0	1	0	0	0	0	0	1	0	1	1	0	1	0	0	0	0	1	0	1	0	unique	1	yes	1	0	0	1
HGNC:16035	STRC	Q7RTU9	ENSG00000242866	161497	0	0	0	0	1	0	0	0	0	0	0	0	0	0	0	0	0	0	0	0	0	0	0	0	unique	1	no	0	0	0	0
HGNC:16039	ANGPTL4	Q9BY76	ENSG00000167772	51129	0	0	0	0	0	0	0	0	0	0	0	0	1	1	0	0	0	0	0	0	0	0	0	0	unique	1	yes	0	0	0	0
HGNC:1604	CCR3	P51677	ENSG00000183625	1232	0	1	0	0	0	0	0	0	0	0	0	0	0	0	0	0	0	0	0	0	0	0	0	0	unique	1	yes	1	1	1	1
HGNC:16041	EMCN	Q9ULC0	ENSG00000164035	51705	1	1	0	0	0	0	0	0	0	0	0	0	0	0	0	0	0	0	0	0	0	0	0	0	unique	1	yes	1	0	0	0
HGNC:16047	PRADC1	Q9BSG0	ENSG00000135617	84279			0	0	0	0	0	0	0	0	0	0	0	0	0	0	0	0	0	0	0	0	0	0	unique	0	no	0	0	0	0
HGNC:1605	CCR4	P51679	ENSG00000183813	1233	0	1	0	0	0	0	0	0	0	0	0	0	0	0	0	0	0	1	1	1	1	1	1	1	unique	1	yes	1	0	0	1
HGNC:16051	PARD3	Q8TEW0	ENSG00000148498	56288	0	0	0	0	1	0	0	0	0	0	0	0	0	0	0	0	0	0	0	0	0	0	0	0	unique	1	yes	0	0	0	0
HGNC:16055	SLC46A2	Q9BY10	ENSG00000119457	57864	0	1	0	0	1	0	0	0	0	0	0	0	0	0	0	0	0	0	0	0	0	0	0	0	unique	1	yes	1	0	0	0
HGNC:1606	CCR5	P51681	ENSG00000160791	1234	0	1	0	0	1	0	0	1	1	1	1	1	1	1	0	1	0	0	0	1	1	1	1	1	unique	1	yes	1	1	1	1
HGNC:1607	CCR6	P51684	ENSG00000112486	1235	0	1	0	0	1	0	0	0	0	0	1	1	0	0	0	0	0	0	0	0	1	1	1	1	unique	1	yes	1	0	0	1
HGNC:16076	PARD6G	Q9BYG4	ENSG00000178184	84552	0	0	0	0	0	0	0	0	0	0	0	0	0	0	0	0	0	0	0	0	0	0	0	0	unique	1	yes	0	0	0	0
HGNC:1608	CCR7	P32248	ENSG00000126353	1236	0	1	0	0	0	0	0	0	0	0	1	0	1	1	0	0	0	0	0	0	1	0	1	0	unique	1	yes	1	0	0	1
HGNC:16083	RHBDL2	Q9NX52	ENSG00000158315	54933	0	1	0	0	1	0	0	0	0	0	0	0	0	0	0	0	0	0	0	0	0	0	0	0	unique	1	yes	1	0	0	0
HGNC:16089	PGRMC2	O15173	ENSG00000164040	10424	0	0	0	0	0	0	0	0	0	0	0	0	0	0	0	0	0	0	0	0	0	0	0	0	unique	1	yes	0	0	0	0
HGNC:1609	CCR8	P51685	ENSG00000179934	1237	0	1	0	0	0	0	0	0	0	0	0	0	0	0	0	0	0	1	1	1	1	1	1	1	unique	1	yes	1	0	0	1
HGNC:16090	PGRMC1	O00264	ENSG00000101856	10857			0	0	0	0	0	0	0	0	0	0	0	1	0	0	0	0	0	0	0	0	0	0	unique	0	yes	0	0	0	0
HGNC:16096	VSTM2L	Q96N03	ENSG00000132821	128434			0	0	0	0	0	0	0	0	0	0	0	0	0	0	0	0	0	0	0	0	0	0	unique	0	yes	0	0	0	0
HGNC:16097	LAMP5	Q9UJQ1	ENSG00000125869	24141	0	0	0	0	1	0	0	0	0	0	0	0	0	0	0	0	0	0	0	0	0	0	0	0	unique	1	no	1	1	1	1
HGNC:1610	CCR9	P51686	ENSG00000173585	10803	0	1	0	0	1	0	0	0	0	0	0	0	1	1	0	1	0	0	0	0	1	0	1	0	unique	1	yes	1	1	1	1
HGNC:16100	FAM209A	Q5JX71	ENSG00000124103	200232	0	0	0	0	0	0	0	0	0	0	0	0	0	0	0	0	0	0	0	0	0	0	0	0	unique	1	no	0	0	0	0
HGNC:16101	FAM209B	Q5JX69	ENSG00000213714	388799	0	0	0	0	1	0	0	0	0	0	0	0	0	0	0	0	0	0	0	0	0	0	0	0	unique	1	no	0	0	0	0
HGNC:1611	ACKR4	Q9NPB9	ENSG00000129048	51554	0	1	0	0	0	0	0	0	0	0	0	0	0	0	0	0	0	0	0	0	0	0	0	0	unique	1	yes	1	0	0	0
HGNC:16116	OCSTAMP	Q9BR26	ENSG00000149635	128506	0	1	0	0	1	0	0	0	0	0	0	0	0	0	0	0	0	0	0	0	0	0	0	0	unique	1	no	0	0	0	0
HGNC:1612	CCRL2	O00421	ENSG00000121797	9034	0	1	0	0	0	0	0	0	0	0	0	0	0	0	0	0	0	0	0	0	0	0	0	0	unique	1	yes	1	0	0	0
HGNC:16129	SAMD10	Q9BYL1	ENSG00000130590	140700	0	0	0	0	0	0	0	0	0	0	0	0	0	0	0	0	0	0	0	0	0	0	0	0	unique	1	no	0	0	0	0
HGNC:16130	SPINT4	Q6UDR6	ENSG00000149651	391253			0	0	0	0	0	0	0	0	0	0	0	0	0	0	0	0	0	0	0	0	0	0	unique	0	no	0	0	0	0
HGNC:16163	WFDC8	Q8IUA0	ENSG00000158901	90199			0	0	1	0	0	0	0	0	0	0	0	0	0	0	0	0	0	0	0	0	0	0	unique	0	no	0	0	0	0
HGNC:16175	RSPO4	Q2I0M5	ENSG00000101282	343637			0	0	1	1	0	0	0	1	0	0	0	0	0	0	0	0	0	0	1	0	0	0	unique	0	yes	0	0	0	0
HGNC:16177	BPIFB2	Q8N4F0	ENSG00000078898	80341			0	0	0	0	0	0	0	0	0	0	0	0	0	0	0	0	0	0	0	0	0	0	unique	0	no	0	0	0	0
HGNC:16183	RIMS4	Q9H426	ENSG00000101098	140730	0	0	0	0	0	0	0	0	0	0	0	0	0	0	0	0	0	0	0	0	0	0	0	0	unique	1	no	0	0	0	0
HGNC:16187	SLC52A3	Q9NQ40	ENSG00000101276	113278	0	1	0	0	0	0	0	0	0	0	0	0	1	1	0	0	0	0	0	0	0	0	0	0	unique	1	yes	1	0	0	0
HGNC:16191	NKAIN4	Q8IVV8	ENSG00000101198	128414			0	0	0	0	0	0	0	0	0	0	0	0	0	0	0	0	0	0	0	0	0	0	unique	0	yes	0	0	0	0
HGNC:16196	DEFB118	Q96PH6	ENSG00000131068	117285			0	0	0	0	0	0	0	0	0	0	0	0	0	0	0	0	0	0	0	0	0	0	unique	0	no	0	0	0	0
HGNC:16204	BPIFA3	Q9BQP9	ENSG00000131059	128861			0	0	0	0	0	0	0	0	0	0	0	0	0	0	0	0	0	0	0	0	0	0	unique	0	no	0	0	0	0
HGNC:16207	RALGAPA2	Q2PPJ7	ENSG00000188559	57186	0	0	0	0	0	0	0	0	0	0	0	0	0	0	0	0	0	0	0	0	0	0	0	0	unique	1	no	0	0	0	0
HGNC:16208	LRRN4	Q8WUT4	ENSG00000125872	164312	1	1	0	0	0	0	0	0	0	0	0	0	0	0	0	0	0	0	0	0	0	0	0	0	unique	1	no	1	1	1	1
HGNC:16213	ISM1	B1AKI9	ENSG00000101230	140862			0	0	1	0	0	0	0	0	0	0	0	0	0	0	0	0	0	0	0	0	0	0	unique	0	yes	0	0	0	0
HGNC:16229	NRSN2	Q9GZP1	ENSG00000125841	80023			0	0	0	0	0	0	0	0	0	0	0	0	0	0	0	0	0	0	0	0	0	0	unique	0	no	0	0	0	0
HGNC:16235	DNAJC5	Q9H3Z4	ENSG00000101152	80331			0	0	0	0	0	0	0	0	0	0	0	0	0	0	0	0	0	0	0	0	0	0	unique	0	no	0	0	0	0
HGNC:16245	PARD6B	Q9BYG5	ENSG00000124171	84612	0	0	0	0	0	0	0	0	0	0	0	0	0	0	0	0	0	0	0	0	0	0	0	0	unique	1	yes	0	0	0	0
HGNC:16247	SIRPB2	Q5JXA9	ENSG00000196209	284759	1	1	0	0	1	0	0	0	0	0	0	0	0	0	0	0	0	0	0	0	0	0	0	0	unique	1	yes	1	1	1	1
HGNC:16248	SIRPD	Q9H106	ENSG00000125900	128646			0	0	0	0	0	0	0	0	0	0	0	0	0	0	0	0	0	0	0	0	0	0	unique	0	no	0	0	0	0
HGNC:16249	R3HDML	Q9H3Y0	ENSG00000101074	140902			0	0	0	0	0	0	0	0	0	0	0	0	0	0	0	0	0	0	0	0	0	0	unique	0	no	0	0	0	0
HGNC:1625	XCR1	P46094	ENSG00000173578	2829	0	1	0	0	0	0	0	0	0	0	1	0	0	0	0	0	0	0	0	0	1	0	1	0	unique	1	yes	1	0	0	1
HGNC:16252	SUN5	Q8TC36	ENSG00000167098	140732			0	0	1	0	0	0	0	0	0	0	0	0	0	0	0	0	0	0	0	0	0	0	unique	0	yes	0	0	0	0
HGNC:16260	SPACA3	Q8IXA5	ENSG00000141316	124912	0	0	0	0	0	0	0	0	0	0	0	0	0	0	0	0	0	0	0	0	0	0	0	0	unique	1	yes	0	0	0	0
HGNC:16261	SLC22A9	Q8IVM8	ENSG00000149742	114571	0	1	0	0	1	0	0	0	0	0	0	0	0	0	0	0	0	0	0	0	0	0	0	0	unique	1	yes	1	0	0	0
HGNC:16266	SLC19A3	Q9BZV2	ENSG00000135917	80704	0	1	0	0	0	0	0	0	0	0	0	0	1	1	0	1	0	1	0	1	1	0	1	0	unique	1	yes	1	0	0	1
HGNC:16270	SLC16A8	O95907	ENSG00000100156	23539	0	1	0	0	0	0	0	0	0	0	0	0	0	0	0	0	0	0	0	0	0	0	0	0	unique	1	yes	1	0	0	0
HGNC:16274	CYYR1	Q96J86	ENSG00000166265	116159	0	0	0	0	0	0	0	0	0	0	0	0	0	0	0	0	0	0	0	0	0	0	0	0	unique	1	no	0	0	0	0
HGNC:1628	CD14	P08571	ENSG00000170458	929	0	1	0	0	0	0	0	0	0	0	0	0	0	0	0	0	0	0	0	0	0	0	0	0	unique	1	yes	1	1	1	1
HGNC:163	ACTN1	P12814	ENSG00000072110	87	0	0	0	0	0	0	0	0	0	0	0	0	0	0	0	0	0	0	0	0	0	0	0	0	unique	1	yes	0	0	0	0
HGNC:1630	CD151	P48509	ENSG00000177697	977	0	1	0	0	0	0	0	0	0	0	0	0	0	0	0	0	0	0	0	0	0	0	0	0	unique	1	yes	1	1	1	1
HGNC:16305	ADAMTS15	Q8TE58	ENSG00000166106	170689	0	0	0	0	1	1	0	0	0	1	0	0	0	0	0	0	0	0	0	0	1	0	0	0	unique	1	yes	0	0	0	0
HGNC:16309	LILRA5	A6NI73	ENSG00000187116	353514	1	1	0	0	1	0	0	0	0	0	0	0	0	0	0	0	0	0	0	0	0	0	0	0	unique	1	no	1	1	1	1
HGNC:1631	CD163	Q86VB7	ENSG00000177575	9332	1	1	0	0	0	0	0	0	0	0	0	0	0	1	1	0	0	0	0	0	0	0	0	0	unique	1	yes	1	1	1	1
HGNC:16312	KIR3DL3	Q8N743	ENSG00000242019	115653	1	1	0	0	0	0	0	0	0	0	0	0	0	0	0	0	0	0	0	0	0	0	0	0	unique	1	yes	1	1	1	1
HGNC:16313	KRTDAP	P60985	ENSG00000188508	388533			0	0	0	0	0	0	0	0	0	0	0	0	0	0	0	0	0	0	0	0	0	0	unique	0	no	0	0	0	0
HGNC:1632	CD164	Q04900	ENSG00000135535	8763	1	1	0	0	0	0	0	0	0	0	0	0	0	0	0	0	0	0	0	0	0	0	0	0	unique	1	yes	1	1	1	1
HGNC:1633	CD19	P15391	ENSG00000177455	930	1	1	0	0	1	1	1	1	1	1	0	0	0	0	0	0	0	1	1	1	1	1	1	1	unique	1	no	1	1	1	1
HGNC:1634	CD1A	P06126	ENSG00000158477	909	1	1	0	0	1	0	0	0	0	0	0	0	1	1	1	0	0	0	0	0	0	0	0	0	unique	1	yes	1	1	0	1
HGNC:16345	KIR2DL5A	Q8N109	ENSG00000274143	57292	1	1	0	0	0	0	0	0	0	0	0	0	0	0	0	0	0	0	0	0	0	0	0	0	unique	1	yes	1	1	1	1
HGNC:16346	KIR2DL5B	Q8NHK3		553128	1	1	0	0	0	0	0	0	0	0	0	0	0	0	0	0	0	0	0	0	0	0	0	0	unique	1	yes	1	1	1	1
HGNC:1635	CD1B	P29016	ENSG00000158485	910	1	1	0	0	0	0	0	0	0	0	0	0	1	1	1	0	0	0	0	0	0	0	0	0	unique	1	yes	1	0	0	0
HGNC:1636	CD1C	P29017	ENSG00000158481	911	1	1	0	0	1	0	0	0	0	0	0	0	1	1	1	0	0	0	0	0	0	0	0	0	unique	1	yes	1	1	1	1
HGNC:1637	CD1D	P15813	ENSG00000158473	912	1	1	0	0	0	0	0	0	0	0	0	0	1	1	1	0	0	1	1	1	1	1	1	1	unique	1	yes	1	1	1	1
HGNC:16378	OTOA	Q7RTW8	ENSG00000155719	146183	0	0	0	0	1	0	0	0	0	0	0	0	0	0	0	0	0	0	0	0	0	0	0	0	unique	1	yes	1	1	1	1
HGNC:1638	CD1E	P15812	ENSG00000158488	913	0	0	0	0	0	0	0	0	0	0	0	0	0	0	0	0	0	0	0	0	0	0	0	0	unique	1	yes	1	1	1	1
HGNC:1639	CD2	P06729	ENSG00000116824	914	1	1	0	0	1	0	0	0	0	0	0	0	0	0	0	0	0	0	0	0	0	0	0	0	unique	1	yes	1	1	1	1
HGNC:16390	NOD1	Q9Y239	ENSG00000106100	10392	0	0	0	0	0	0	0	0	0	0	0	0	0	1	0	0	0	0	0	0	0	0	0	0	unique	1	yes	0	0	0	0
HGNC:1641	CD209	Q9NNX6	ENSG00000090659	30835	1	1	0	0	1	1	1	0	0	1	0	0	0	1	1	0	0	0	0	0	1	1	0	0	unique	1	yes	0	0	0	0
HGNC:1643	CD22	P20273	ENSG00000012124	933	1	1	0	0	1	1	1	1	1	1	0	0	0	0	0	0	0	1	1	1	1	1	1	1	unique	1	yes	1	1	1	1
HGNC:16435	HM13	Q8TCT9	ENSG00000101294	81502	0	0	0	0	0	0	0	0	0	0	0	0	0	0	0	0	0	0	0	0	0	0	0	0	unique	1	yes	1	0	0	0
HGNC:16438	SLC4A11	Q8NBS3	ENSG00000088836	83959	0	1	0	0	0	0	0	0	0	0	0	0	0	0	0	0	0	0	0	0	0	0	0	0	unique	1	yes	0	0	0	0
HGNC:16441	SPACA4	Q8TDM5	ENSG00000177202	171169	0	0	0	0	0	0	0	0	0	0	0	0	0	0	0	0	0	0	0	0	0	0	0	0	unique	1	yes	1	1	1	1
HGNC:16442	P2RY14	Q15391	ENSG00000174944	9934	0	1	0	0	0	0	0	0	0	0	0	0	1	1	0	1	0	1	0	1	1	0	1	0	unique	1	yes	1	0	0	1
HGNC:16443	NKAIN2	Q5VXU1	ENSG00000188580	154215	0	1	0	0	0	0	0	0	0	0	0	0	0	0	0	0	0	0	0	0	0	0	0	0	unique	1	no	1	0	0	0
HGNC:1645	CD24	P25063	ENSG00000272398	100133941	0	1	0	0	0	0	0	0	0	0	0	0	0	0	0	0	0	0	0	0	0	0	0	0	unique	1	yes	1	1	1	1
HGNC:16454	NMUR2	Q9GZQ4	ENSG00000132911	56923	0	1	0	0	0	0	0	0	0	0	1	0	0	0	0	0	0	0	0	0	1	0	1	0	unique	1	yes	1	0	0	1
HGNC:16472	SLC45A2	Q9UMX9	ENSG00000164175	51151	0	1	0	0	0	0	0	0	0	0	0	0	0	0	0	0	0	0	0	0	0	0	0	0	unique	1	yes	1	0	0	0
HGNC:16484	SLC28A3	Q9HAS3	ENSG00000197506	64078	0	1	0	0	0	0	0	0	0	0	0	0	0	0	0	0	0	0	0	0	0	0	0	0	unique	1	yes	1	1	1	1
HGNC:16487	ADAP2	Q9NPF8	ENSG00000184060	55803			0	0	1	0	0	0	0	0	0	0	0	0	0	0	0	0	0	0	0	0	0	0	unique	0	yes	0	0	0	0
HGNC:16494	PLSCR2	Q9NRY7	ENSG00000163746	57047	0	0	0	0	0	0	0	0	0	0	0	0	0	0	0	0	0	0	0	0	0	0	0	0	unique	1	no	0	0	0	0
HGNC:16495	PLSCR3	Q9NRY6	ENSG00000187838	57048			0	0	1	0	0	0	0	0	0	0	0	0	0	0	0	0	0	0	0	0	0	0	unique	0	yes	0	0	0	0
HGNC:16497	PLSCR4	Q9NRQ2	ENSG00000114698	57088	0	0	0	0	0	0	0	0	0	0	0	0	0	0	0	0	0	0	0	0	0	0	0	0	unique	1	no	0	0	0	0
HGNC:16500	DAPP1	Q9UN19	ENSG00000070190	27071			0	0	0	0	0	0	0	0	0	0	1	1	0	0	0	0	0	0	0	0	0	0	unique	0	yes	0	0	0	0
HGNC:16502	RHBDL3	P58872	ENSG00000141314	162494			0	0	0	0	0	0	0	0	0	0	0	0	0	0	0	0	0	0	0	0	0	0	unique	0	yes	0	0	0	0
HGNC:16503	BPIFC	Q8NFQ6	ENSG00000184459	254240			0	0	0	0	0	0	0	0	0	0	0	0	0	0	0	0	0	0	0	0	0	0	unique	0	no	0	0	0	0
HGNC:16504	BPIFB6	Q8NFQ5	ENSG00000167104	128859			0	0	0	0	0	0	0	0	0	0	0	0	0	0	0	0	0	0	0	0	0	0	unique	0	no	0	0	0	0
HGNC:16512	BSND	Q8WZ55	ENSG00000162399	7809	0	1	0	0	0	0	0	0	0	0	0	0	0	0	0	0	0	0	0	0	0	0	0	0	unique	1	no	0	0	0	0
HGNC:16513	TMC1	Q8TDI8	ENSG00000165091	117531	0	0	0	0	0	0	0	0	0	0	0	0	0	0	0	0	0	0	0	0	0	0	0	0	unique	1	no	0	0	0	0
HGNC:16517	TMPRSS6	Q8IU80	ENSG00000187045	164656	1	1	0	0	0	0	0	0	0	0	0	0	0	0	0	0	0	1	1	1	1	1	1	1	unique	1	yes	1	1	1	1
HGNC:16527	TMC2	Q8TDI7	ENSG00000149488	117532	0	1	0	0	0	0	0	0	0	0	0	0	0	0	0	0	0	0	0	0	0	0	0	0	unique	1	no	0	0	0	0
HGNC:16528	DKKL1	Q9UK85	ENSG00000104901	27120			0	0	0	0	0	0	0	0	0	0	0	0	0	0	0	0	0	0	0	0	0	0	unique	0	no	0	0	0	0
HGNC:1653	CD28	P10747	ENSG00000178562	940	1	1	0	0	1	0	0	1	1	1	0	0	0	0	0	0	0	1	1	1	1	1	1	1	unique	1	yes	1	1	1	1
HGNC:1659	CD33	P20138	ENSG00000105383	945	1	1	0	0	1	0	0	0	0	0	0	0	1	1	1	0	0	1	1	1	1	1	1	1	unique	1	yes	1	1	1	1
HGNC:1662	CD34	P28906	ENSG00000174059	947	1	1	0	0	0	0	0	0	0	0	0	0	0	0	0	0	0	0	0	0	0	0	0	0	unique	1	yes	1	1	1	1
HGNC:16628	SLC49A4	Q96SL1	ENSG00000138463	84925	0	1	0	0	0	0	0	0	0	0	0	0	0	0	0	0	0	0	0	0	0	0	0	0	unique	1	yes	1	0	0	0
HGNC:1663	CD36	P16671	ENSG00000135218	948	0	1	0	0	1	0	0	0	0	0	0	0	1	1	1	0	0	0	0	0	0	0	0	0	unique	1	yes	1	1	1	1
HGNC:1664	SCARB1	Q8WTV0	ENSG00000073060	949	0	1	0	0	0	0	0	0	0	0	0	0	0	0	0	0	0	0	0	0	0	0	0	0	unique	1	yes	1	1	0	1
HGNC:16642	CXCL16	Q9H2A7	ENSG00000161921	58191	0	0	0	0	0	0	0	0	0	0	0	0	0	0	0	0	0	0	0	0	0	0	0	0	unique	1	yes	1	0	0	0
HGNC:16643	SLMAP	Q14BN4	ENSG00000163681	7871	0	0	0	0	1	0	0	0	0	0	0	0	0	0	0	0	0	0	0	0	0	0	0	0	unique	1	no	0	0	0	0
HGNC:16644	IFITM5	A6NNB3	ENSG00000206013	387733	0	1	0	0	0	0	0	0	0	0	0	0	0	0	0	0	0	0	0	0	0	0	0	0	unique	1	no	0	0	0	0
HGNC:16646	SPINK4	O60575	ENSG00000122711	27290			0	0	0	0	0	0	0	0	0	0	0	0	0	0	0	0	0	0	0	0	0	0	unique	0	no	0	0	0	0
HGNC:16647	CXCR6	O00574	ENSG00000172215	10663	0	1	0	0	0	0	0	0	0	0	0	0	0	0	0	0	0	0	0	0	0	0	0	0	unique	1	yes	1	0	0	0
HGNC:1665	SCARB2	Q14108	ENSG00000138760	950	0	0	0	0	1	0	0	1	0	1	0	0	1	1	0	0	0	1	0	1	1	0	1	0	unique	1	yes	1	0	0	1
HGNC:1666	CD37	P11049	ENSG00000104894	951	0	1	0	0	0	0	0	0	0	0	0	0	0	0	0	0	0	0	0	0	0	0	0	0	unique	1	no	1	1	1	1
HGNC:16667	CDC50A	Q9NV96	ENSG00000112697	55754	0	1	0	0	0	0	0	0	0	0	0	0	1	1	0	0	0	0	0	0	0	0	0	0	unique	1	yes	1	1	1	1
HGNC:16669	IGSF11	Q5DX21	ENSG00000144847	152404	1	1	0	0	1	0	0	0	0	0	0	0	0	0	0	0	0	0	0	0	0	0	0	0	unique	1	yes	1	1	1	1
HGNC:1667	CD38	P28907	ENSG00000004468	952	1	1	0	0	1	1	1	1	1	1	0	0	1	1	1	0	0	1	1	1	1	1	1	1	unique	1	yes	1	1	1	1
HGNC:16674	MS4A13	Q5J8X5	ENSG00000204979	503497			0	0	0	0	0	0	0	0	0	0	0	0	0	0	0	0	0	0	0	0	0	0	unique	0	no	0	0	0	0
HGNC:16690	GJB7	Q6PEY0	ENSG00000164411	375519	0	1	0	0	0	0	0	0	0	0	0	0	0	0	0	0	0	0	0	0	0	0	0	0	unique	1	no	1	1	1	1
HGNC:16692	CD320	Q9NPF0	ENSG00000167775	51293	1	1	0	0	0	0	0	0	0	0	0	0	0	0	0	0	0	1	1	1	1	1	1	1	unique	1	yes	1	1	1	1
HGNC:16693	GPR162	Q16538	ENSG00000250510	27239	0	1	0	0	0	0	0	0	0	0	0	0	0	0	0	0	0	0	0	0	0	0	0	0	unique	1	yes	1	0	0	0
HGNC:16697	SORCS1	Q8WY21	ENSG00000108018	114815	1	1	0	0	1	0	0	0	0	0	0	0	0	0	0	0	0	0	0	0	0	0	0	0	unique	1	yes	1	1	1	1
HGNC:16698	SORCS2	Q96PQ0	ENSG00000184985	57537	1	1	0	0	0	0	0	0	0	0	0	0	0	0	0	0	0	0	0	0	0	0	0	0	unique	1	yes	1	1	1	1
HGNC:16699	SORCS3	Q9UPU3	ENSG00000156395	22986	1	1	0	0	1	0	0	0	0	0	0	0	0	0	0	0	0	0	0	0	0	0	0	0	unique	1	yes	1	1	1	1
HGNC:16703	SLC17A6	Q9P2U8	ENSG00000091664	57084	0	0	0	0	0	0	0	0	0	0	0	0	0	0	0	0	0	0	0	0	0	0	0	0	unique	1	yes	1	0	0	0
HGNC:16704	SLC17A7	Q9P2U7	ENSG00000104888	57030	0	0	0	0	0	0	0	0	0	0	0	0	0	0	0	0	0	0	0	0	0	0	0	0	unique	1	yes	1	0	0	0
HGNC:16709	CALCRL	Q16602	ENSG00000064989	10203	0	1	0	0	0	0	0	0	0	0	0	0	1	1	1	0	0	1	1	1	1	1	1	1	unique	1	yes	1	1	1	1
HGNC:16711	TLR6	Q9Y2C9	ENSG00000174130	10333	1	1	0	0	1	0	0	0	0	0	0	0	0	0	0	0	0	0	0	0	0	0	0	0	unique	1	yes	1	1	1	1
HGNC:16721	CGB1	A6NKQ9	ENSG00000267631	114335			0	0	1	0	0	0	0	0	0	0	0	0	0	0	0	0	0	0	0	0	0	0	unique	0	yes	0	0	0	0
HGNC:16722	CGB2	Q6NT52	ENSG00000104818	114336			0	0	1	0	0	0	0	0	0	0	0	0	0	0	0	0	0	0	0	0	0	0	unique	0	yes	0	0	0	0
HGNC:1673	CD3D	P04234	ENSG00000167286	915	1	1	0	0	0	0	0	0	0	0	0	0	0	1	0	0	0	0	0	0	0	0	0	0	unique	1	yes	1	1	1	1
HGNC:1674	CD3E	P07766	ENSG00000198851	916	1	1	0	0	1	1	1	1	1	1	0	0	0	1	0	0	0	1	1	1	1	1	1	1	unique	1	yes	0	0	0	1
HGNC:1675	CD3G	P09693	ENSG00000160654	917	1	1	0	0	0	0	0	0	0	0	0	0	1	1	0	0	0	0	0	1	0	0	0	0	unique	1	yes	1	1	1	1
HGNC:16753	PRDX6	P30041	ENSG00000117592	9588	0	0	0	0	0	0	0	0	0	0	0	0	0	0	0	0	0	0	0	0	0	0	0	0	unique	1	no	0	0	0	0
HGNC:16767	GRIN3A	Q8TCU5	ENSG00000198785	116443	0	1	0	0	0	0	0	0	0	0	0	0	0	0	0	0	0	0	0	0	0	0	0	0	unique	1	yes	1	1	1	1
HGNC:16768	GRIN3B	O60391	ENSG00000116032	116444	0	1	0	0	0	0	0	0	0	0	0	0	0	0	0	0	0	0	0	0	0	0	0	0	unique	1	yes	1	1	1	1
HGNC:1677	CD247	P20963	ENSG00000198821	919	1	1	0	0	1	0	0	0	0	0	0	0	1	1	0	0	0	0	0	0	0	0	0	0	unique	1	yes	0	0	0	0
HGNC:16770	SEMA6D	Q8NFY4	ENSG00000137872	80031	1	1	0	0	0	0	0	0	0	0	0	0	0	0	0	0	0	0	0	0	0	0	0	0	unique	1	yes	1	1	1	1
HGNC:1678	CD4	P01730	ENSG00000010610	920	1	1	0	0	1	1	1	1	1	1	0	0	1	1	1	0	0	1	1	1	1	1	1	1	unique	1	yes	1	1	1	1
HGNC:16793	RAET1E	Q8TD07	ENSG00000164520	135250	1	1	0	0	0	0	0	0	0	0	0	0	0	0	0	0	0	0	0	0	0	0	0	0	unique	1	yes	0	0	0	0
HGNC:16795	RAET1G	Q6H3X3	ENSG00000203722	353091	0	1	0	0	0	0	0	0	0	0	0	0	0	0	0	0	0	0	0	0	0	0	0	0	unique	1	yes	0	0	0	0
HGNC:16798	RAET1L	Q5VY80	ENSG00000155918	154064	0	1	0	0	0	0	0	0	0	0	0	0	0	0	0	0	0	1	0	1	1	0	1	0	unique	1	yes	0	0	0	1
HGNC:16800	MUC17	Q685J3	ENSG00000169876	140453	1	1	0	0	1	0	0	0	0	0	0	0	0	0	0	0	0	0	0	0	0	0	0	0	unique	1	no	1	1	1	1
HGNC:1681	CD44	P16070	ENSG00000026508	960	1	1	0	0	1	0	0	0	0	0	0	0	0	0	0	0	0	0	0	1	0	0	0	0	unique	1	yes	1	1	0	1
HGNC:16810	RGS8	P57771	ENSG00000135824	85397	0	0	0	0	0	0	0	0	0	0	0	0	0	0	0	0	0	0	0	0	0	0	0	0	unique	1	yes	0	0	0	0
HGNC:1682	CD47	Q08722	ENSG00000196776	961	0	1	0	0	1	0	0	1	1	1	0	0	0	0	0	0	0	1	1	1	1	1	1	1	unique	1	yes	1	0	0	1
HGNC:16820	SCARF1	Q14162	ENSG00000074660	8578	1	1	0	0	1	0	0	0	0	0	0	0	0	0	0	0	0	0	0	0	0	0	0	0	unique	1	yes	1	1	1	1
HGNC:16822	FAM193A	P78312	ENSG00000125386	8603	0	0	0	0	0	0	0	0	0	0	0	0	0	0	0	0	0	0	0	0	0	0	0	0	unique	1	no	0	0	0	0
HGNC:16824	HCAR3	P49019	ENSG00000255398	8843	0	1	0	0	1	0	0	0	0	0	0	0	1	1	0	1	0	0	0	0	1	0	1	0	unique	1	yes	1	1	1	1
HGNC:1683	CD48	P09326	ENSG00000117091	962	0	1	0	0	0	0	0	0	0	0	0	0	0	0	0	0	0	0	0	0	0	0	0	0	unique	1	yes	1	1	1	1
HGNC:16837	LY86	O95711	ENSG00000112799	9450			0	0	0	0	0	0	0	0	0	0	0	0	0	0	0	0	0	0	0	0	0	0	unique	0	yes	0	0	0	0
HGNC:16841	LITAF	Q99732	ENSG00000189067	9516	0	0	0	0	0	0	0	0	0	0	0	0	0	0	0	0	0	0	0	0	0	0	0	0	unique	1	no	0	0	0	0
HGNC:16842	TP53I11	O14683	ENSG00000175274	9537	0	0	0	0	0	0	0	0	0	0	0	0	0	0	0	0	0	0	0	0	0	0	0	0	unique	1	no	0	0	0	0
HGNC:16848	CD300LD	Q6UXZ3	ENSG00000204345	100131439	1	1	0	0	0	0	0	0	0	0	0	0	0	0	0	0	0	0	0	0	0	0	0	0	unique	1	no	0	0	0	0
HGNC:16849	MORF4L2	Q15014	ENSG00000123562	9643			0	0	1	0	0	0	0	0	0	0	0	0	0	0	0	0	0	0	0	0	0	0	unique	0	no	0	0	0	0
HGNC:1685	CD5	P06127	ENSG00000110448	921	1	1	0	0	0	0	0	0	0	0	0	0	0	0	0	0	0	0	0	0	0	0	0	0	unique	1	yes	1	1	0	1
HGNC:16854	RAPGEF2	Q9Y4G8	ENSG00000109756	9693	0	0	0	0	1	0	0	0	0	0	0	0	0	0	0	0	0	0	0	0	0	0	0	0	unique	1	yes	0	0	0	0
HGNC:16858	USP6NL	Q92738	ENSG00000148429	9712			0	0	1	0	0	0	0	0	0	0	0	0	0	0	0	0	0	0	0	0	0	0	unique	0	yes	0	0	0	0
HGNC:1686	CD53	P19397	ENSG00000143119	963	0	1	0	0	0	0	0	0	0	0	0	0	0	1	0	0	0	0	0	0	0	0	0	0	unique	1	no	1	0	0	0
HGNC:16860	SART3	Q15020	ENSG00000075856	9733			0	0	1	0	0	0	0	0	0	0	0	0	0	0	0	0	0	0	0	0	0	0	unique	0	no	0	0	0	0
HGNC:16871	SPRN	Q5BIV9	ENSG00000203772	503542	0	1	0	0	0	0	0	0	0	0	0	0	0	0	0	0	0	0	0	0	0	0	0	0	unique	1	yes	1	0	0	0
HGNC:16874	SV2B	Q7L1I2	ENSG00000185518	9899	0	0	0	0	1	0	0	0	0	0	0	0	0	1	0	0	0	0	0	0	0	0	0	0	unique	1	no	1	0	0	0
HGNC:16875	MRC2	Q9UBG0	ENSG00000011028	9902	1	1	0	0	1	0	0	0	0	0	0	0	1	1	1	0	0	0	0	0	0	0	0	0	unique	1	yes	1	1	1	1
HGNC:1688	CD58	P19256	ENSG00000116815	965	0	1	0	0	0	0	0	0	0	0	0	0	0	0	0	0	0	0	0	0	0	0	0	0	unique	1	yes	1	1	1	1
HGNC:16882	HCN4	Q9Y3Q4	ENSG00000138622	10021	0	1	0	0	1	0	0	0	0	0	0	0	1	1	0	0	0	0	0	0	0	0	0	0	unique	1	yes	0	0	0	0
HGNC:16887	PDZK1IP1	Q13113	ENSG00000162366	10158	0	0	0	0	0	0	0	0	0	0	0	0	0	0	0	0	0	0	0	0	0	0	0	0	unique	1	yes	0	0	0	0
HGNC:1689	CD59	P13987	ENSG00000085063	966	0	1	0	0	1	0	0	0	0	0	0	0	0	0	0	0	0	0	0	0	0	0	0	0	unique	1	yes	1	1	1	1
HGNC:16892	CD96	P40200	ENSG00000153283	10225	1	1	0	0	0	0	0	0	0	0	0	0	0	0	0	0	0	0	0	0	0	0	0	0	unique	1	yes	1	1	1	1
HGNC:16894	SLC75A1	Q14728	ENSG00000109736	10227	0	0	0	0	0	0	0	0	0	0	0	0	0	1	0	0	0	0	0	0	0	0	0	0	unique	1	yes	0	0	0	0
HGNC:16895	LRRC17	Q8N6Y2	ENSG00000128606	10234			0	0	0	0	0	0	0	0	0	0	0	0	0	0	0	0	0	0	0	0	0	0	unique	0	no	0	0	0	0
HGNC:1690	CD5L	O43866	ENSG00000073754	922	0	0	0	0	0	0	0	0	0	0	0	0	0	0	0	0	0	0	0	0	0	0	0	0	unique	1	yes	0	0	0	0
HGNC:16904	CRISP3	P54108	ENSG00000096006	10321			0	0	0	0	0	0	0	0	0	0	0	0	0	0	0	0	0	0	0	0	0	0	unique	0	yes	0	0	0	0
HGNC:1691	CD6	P30203	ENSG00000013725	923	1	1	0	0	1	0	0	0	0	0	0	0	0	0	0	0	0	0	0	0	0	0	0	0	unique	1	yes	1	1	1	1
HGNC:16910	CPQ	Q9Y646	ENSG00000104324	10404	0	1	0	0	1	1	0	0	0	1	0	0	0	0	0	0	0	0	0	0	1	0	0	0	unique	1	no	0	0	0	0
HGNC:16914	LRRN2	O75325	ENSG00000170382	10446	1	1	0	0	1	0	0	0	0	0	0	0	0	0	0	0	0	0	0	0	0	0	0	0	unique	1	no	1	1	1	1
HGNC:16916	CLEC10A	Q8IUN9	ENSG00000132514	10462	1	1	0	0	0	0	0	0	0	0	0	0	0	0	0	0	0	0	0	0	0	0	0	0	unique	1	yes	0	0	0	0
HGNC:1692	CD63	P08962	ENSG00000135404	967	0	0	0	0	0	0	0	0	0	0	0	0	0	0	0	0	0	1	1	1	1	1	1	1	unique	1	yes	1	1	1	1
HGNC:16920	CIB1	Q99828	ENSG00000185043	10519	0	0	0	0	0	0	0	0	0	0	0	0	0	0	0	0	0	0	0	0	0	0	0	0	unique	1	yes	0	0	0	0
HGNC:16925	ARAP1	Q96P48	ENSG00000186635	116985	0	0	0	0	0	0	0	0	0	0	0	0	0	0	0	0	0	0	0	0	0	0	0	0	unique	1	no	0	0	0	0
HGNC:1693	CD68	P34810	ENSG00000129226	968	0	0	0	0	0	0	0	0	0	0	0	0	0	0	0	0	0	0	0	0	0	0	0	0	unique	1	no	1	0	0	0
HGNC:16931	HYOU1	Q9Y4L1	ENSG00000149428	10525			0	0	0	0	0	0	0	0	0	0	0	0	0	0	0	0	0	0	0	0	0	0	unique	0	no	0	0	0	0
HGNC:16936	LRP11	Q86VZ4	ENSG00000120256	84918	1	1	0	0	0	0	0	0	0	0	0	0	0	0	0	0	0	0	0	0	0	0	0	0	unique	1	yes	1	1	1	1
HGNC:16937	ARL6IP5	O75915	ENSG00000144746	10550			0	0	0	0	0	0	0	0	0	0	0	0	0	0	0	0	0	0	0	0	0	0	unique	0	yes	0	0	0	0
HGNC:1694	CD69	Q07108	ENSG00000110848	969	1	1	0	0	0	0	0	0	0	0	0	0	0	0	0	0	0	0	0	0	0	0	0	0	unique	1	yes	1	1	1	1
HGNC:16941	SCGN	O76038	ENSG00000079689	10590			0	0	0	0	0	0	0	0	0	0	0	1	0	0	0	0	0	0	0	0	0	0	unique	0	yes	0	0	0	0
HGNC:16948	MYDGF	Q969H8	ENSG00000074842	56005			0	0	1	0	0	1	0	1	0	0	0	1	0	0	0	1	0	1	1	0	1	0	unique	0	no	0	0	0	1
HGNC:1695	CD7	P09564	ENSG00000173762	924	1	1	0	0	0	0	0	0	0	0	0	0	0	0	0	0	0	0	0	0	0	0	0	0	unique	1	yes	1	1	1	1
HGNC:16950	STAMBP	O95630	ENSG00000124356	10617	0	0	0	0	0	0	0	0	0	0	0	0	0	0	0	0	0	0	0	0	0	0	0	0	unique	1	yes	0	0	0	0
HGNC:1696	CD72	P21854	ENSG00000137101	971	1	1	0	0	0	0	0	0	0	0	0	0	0	0	0	0	0	0	0	0	0	0	0	0	unique	1	yes	0	0	0	0
HGNC:16961	CD226	Q15762	ENSG00000150637	10666	1	1	0	0	0	0	0	0	0	0	0	0	0	0	0	0	0	0	0	0	0	0	0	0	unique	1	yes	1	1	1	1
HGNC:1697	CD74	P04233	ENSG00000019582	972	1	1	0	0	1	0	0	0	0	0	0	0	0	0	0	0	0	0	0	0	0	0	0	0	unique	1	yes	1	1	1	1
HGNC:16977	HCST	Q9UBK5	ENSG00000126264	10870	1	1	0	0	0	0	0	0	0	0	0	0	0	0	0	0	0	0	0	0	0	0	0	0	unique	1	yes	0	0	0	0
HGNC:16978	EDDM3A	Q14507	ENSG00000181562	10876			0	0	0	0	0	0	0	0	0	0	0	0	0	0	0	0	0	0	0	0	0	0	unique	0	no	0	0	0	0
HGNC:1698	CD79A	P11912	ENSG00000105369	973	1	1	0	0	1	0	0	0	0	0	0	0	0	0	0	0	0	0	0	0	0	0	0	0	unique	1	yes	1	1	0	1
HGNC:16986	LMAN2	Q12907	ENSG00000169223	10960	0	0	0	0	0	0	0	0	0	0	0	0	0	0	0	0	0	0	0	0	0	0	0	0	unique	1	yes	1	1	1	1
HGNC:1699	CD79B	P40259	ENSG00000007312	974	1	1	0	0	0	0	0	0	0	0	0	0	0	0	0	0	0	0	0	0	0	0	0	0	unique	1	yes	1	1	1	1
HGNC:16991	CKAP4	Q07065	ENSG00000136026	10970	0	0	0	0	0	0	0	0	0	0	0	0	0	0	0	0	0	0	0	0	0	0	0	0	unique	1	yes	0	0	0	0
HGNC:16992	LRRC8D	Q7L1W4	ENSG00000171492	55144	0	1	0	0	0	0	0	0	0	0	0	0	0	0	0	0	0	0	0	0	0	0	0	0	unique	1	no	0	0	0	0
HGNC:16995	GJA10	Q969M2	ENSG00000135355	84694	0	1	0	0	0	0	0	0	0	0	0	0	0	0	0	0	0	0	0	0	0	0	0	0	unique	1	no	0	0	0	0
HGNC:16998	TMED10	P49755	ENSG00000170348	10972	0	0	0	0	0	0	0	0	0	0	0	0	0	0	0	0	0	0	0	0	0	0	0	0	unique	1	no	0	0	0	0
HGNC:1700	CD80	P33681	ENSG00000121594	941	1	1	0	0	0	0	0	0	0	0	0	0	0	0	0	0	0	0	0	0	0	0	0	0	unique	1	yes	1	1	1	1
HGNC:17001	GLIPR1	P48060	ENSG00000139278	11010	0	0	0	0	1	0	0	0	0	0	0	0	0	0	0	0	0	0	0	0	0	0	0	0	unique	1	no	1	1	1	1
HGNC:17005	CNMD	O75829	ENSG00000136110	11061			0	0	0	0	0	0	0	0	0	0	0	0	0	0	0	0	0	0	0	0	0	0	unique	0	no	0	0	0	0
HGNC:1701	CD81	P60033	ENSG00000110651	975	0	1	0	0	1	0	0	1	1	1	0	0	1	1	0	0	0	1	1	1	1	1	1	1	unique	1	yes	0	0	0	1
HGNC:17013	CD160	O95971	ENSG00000117281	11126	0	1	0	0	0	0	0	0	0	0	0	0	0	0	0	0	0	0	0	0	0	0	0	0	unique	1	yes	1	1	1	1
HGNC:17014	CDC42EP1	Q00587	ENSG00000128283	11135	0	0	0	0	1	0	0	0	0	0	0	0	0	0	0	0	0	0	0	0	0	0	0	0	unique	1	yes	0	0	0	0
HGNC:17021	ASTN2	O75129	ENSG00000148219	23245	1	1	0	0	0	0	0	0	0	0	0	0	1	1	0	0	0	0	0	0	0	0	0	0	unique	1	yes	1	1	1	1
HGNC:17027	SLC16A10	Q8TF71	ENSG00000112394	117247	0	1	0	0	0	0	0	0	0	0	0	0	1	1	0	0	0	0	0	0	0	0	0	0	unique	1	yes	0	0	0	0
HGNC:1703	CD83	Q01151	ENSG00000112149	9308	0	0	0	0	1	0	0	0	0	0	0	0	0	0	0	0	0	0	0	0	0	0	0	0	unique	1	no	1	1	1	1
HGNC:17032	VSIG4	Q9Y279	ENSG00000155659	11326	1	1	0	0	1	1	1	0	0	1	0	0	0	0	0	0	0	1	1	1	1	1	1	1	unique	1	yes	0	0	0	1
HGNC:17036	SCRG1	O75711	ENSG00000164106	11341			0	0	0	0	0	0	0	0	0	0	0	0	0	0	0	0	0	0	0	0	0	0	unique	0	yes	0	0	0	0
HGNC:1704	CD84	Q9UIB8	ENSG00000066294	8832	1	1	0	0	0	0	0	0	0	0	0	0	0	0	0	0	0	0	0	0	0	0	0	0	unique	1	yes	1	1	1	1
HGNC:17043	NIPA1	Q7RTP0	ENSG00000170113	123606	0	0	0	0	0	0	0	0	0	0	0	0	0	0	0	0	0	0	0	0	0	0	0	0	unique	1	yes	0	0	0	0
HGNC:17044	NIPA2	Q8N8Q9	ENSG00000140157	81614	0	1	0	0	0	0	0	0	0	0	0	0	1	1	0	0	0	0	0	0	0	0	0	0	unique	1	yes	0	0	0	0
HGNC:1705	CD86	P42081	ENSG00000114013	942	1	1	0	0	0	0	0	0	0	0	0	0	0	0	0	0	0	0	0	0	0	0	0	0	unique	1	yes	1	1	1	1
HGNC:1706	CD8A	P01732	ENSG00000153563	925	1	1	0	0	1	0	0	1	1	1	0	0	0	0	0	0	0	1	1	1	1	1	1	1	unique	1	yes	1	1	1	1
HGNC:17067	FAIM2	Q9BWQ8	ENSG00000135472	23017	0	0	0	0	0	0	0	0	0	0	0	0	0	0	0	0	0	0	0	0	0	0	0	0	unique	1	yes	1	0	0	0
HGNC:1707	CD8B	P10966	ENSG00000172116	926	1	1	0	0	0	0	0	0	0	0	0	0	0	0	0	0	0	0	0	0	0	0	0	0	unique	1	yes	1	1	1	1
HGNC:17072	ERC1	Q8IUD2	ENSG00000082805	23085	0	0	0	0	1	0	0	0	0	0	0	0	0	0	0	0	0	0	0	0	0	0	0	0	unique	1	yes	0	0	0	0
HGNC:1708	CD8B2	A6NJW9	ENSG00000254126	927	1	1	0	0	0	0	0	0	0	0	0	0	0	0	0	0	0	0	0	0	0	0	0	0	unique	1	yes	0	0	0	0
HGNC:17082	MLC1	Q15049	ENSG00000100427	23209	0	0	0	0	0	0	0	0	0	0	0	0	0	0	0	0	0	0	0	0	0	0	0	0	unique	1	no	0	0	0	0
HGNC:17084	SYNE2	Q8WXH0	ENSG00000054654	23224	0	0	0	0	1	0	0	0	0	0	0	0	0	0	0	0	0	0	0	0	0	0	0	0	unique	1	yes	0	0	0	0
HGNC:17087	ICOSLG	O75144	ENSG00000160223	23308	1	1	0	0	1	0	0	1	1	1	0	0	0	0	0	0	0	1	1	1	1	1	1	1	unique	1	yes	1	1	1	1
HGNC:1709	CD9	P21926	ENSG00000010278	928	0	1	0	0	1	0	0	1	1	1	0	0	1	1	0	0	0	1	1	1	1	1	1	1	unique	1	yes	1	1	1	1
HGNC:17090	ARHGEF18	Q6ZSZ5	ENSG00000104880	23370	0	0	0	0	1	0	0	0	0	0	0	0	0	0	0	0	0	0	0	0	0	0	0	0	unique	1	no	0	0	0	0
HGNC:17091	NCSTN	Q92542	ENSG00000162736	23385	1	1	0	0	0	0	0	0	0	0	0	0	0	1	0	0	0	0	0	0	0	0	0	0	unique	1	yes	1	1	1	1
HGNC:171	ACVR1	Q04771	ENSG00000115170	90	1	1	0	0	1	0	0	0	0	0	0	0	1	1	0	1	0	1	1	1	1	1	1	1	unique	1	yes	1	1	1	1
HGNC:17102	ARHGAP45	Q92619	ENSG00000180448	23526	0	0	0	0	1	0	0	0	0	0	0	0	0	0	0	0	0	0	0	0	0	0	0	0	unique	1	no	0	0	0	0
HGNC:17104	CDON	Q4KMG0	ENSG00000064309	50937	1	1	0	0	1	0	0	0	0	0	0	0	0	0	0	0	0	0	0	0	0	0	0	0	unique	1	yes	1	1	1	1
HGNC:17105	BEST3	Q8N1M1	ENSG00000127325	144453	0	0	0	0	0	0	0	0	0	0	0	0	0	0	0	0	0	0	0	0	0	0	0	0	unique	1	no	0	0	0	0
HGNC:17106	BEST4	Q8NFU0	ENSG00000142959	266675	0	1	0	0	0	0	0	0	0	0	0	0	0	0	0	0	0	0	0	0	0	0	0	0	unique	1	no	1	0	0	0
HGNC:17107	BEST2	Q8NFU1	ENSG00000039987	54831	0	1	0	0	0	0	0	0	0	0	0	0	1	1	0	0	0	0	0	0	0	0	0	0	unique	1	yes	1	0	0	0
HGNC:17108	ADAMTS16	Q8TE57	ENSG00000145536	170690			0	0	1	0	0	0	0	0	0	0	0	0	0	0	0	0	0	0	0	0	0	0	unique	0	yes	0	0	0	0
HGNC:17109	ADAMTS17	Q8TE56	ENSG00000140470	170691			0	0	1	1	0	0	0	1	0	0	0	0	0	0	0	0	0	0	1	0	0	0	unique	0	yes	0	0	0	0
HGNC:1711	ADGRE5	P48960	ENSG00000123146	976	0	1	0	0	0	0	0	0	0	0	0	0	0	0	0	0	0	1	1	1	1	1	1	1	unique	1	yes	0	0	0	1
HGNC:17110	ADAMTS18	Q8TE60	ENSG00000140873	170692			0	0	1	0	0	0	0	0	0	0	0	0	0	0	0	0	0	0	0	0	0	0	unique	0	no	0	0	0	0
HGNC:17111	ADAMTS19	Q8TE59	ENSG00000145808	171019			0	0	1	0	0	0	0	0	0	0	0	0	0	0	0	0	0	0	0	0	0	0	unique	0	no	0	0	0	0
HGNC:17116	CATSPER1	Q8NEC5	ENSG00000175294	117144	0	0	0	0	1	0	0	0	0	0	0	0	0	0	0	0	0	0	0	0	0	0	0	0	unique	1	yes	0	0	0	0
HGNC:17117	SLC35H1	Q9NQQ7	ENSG00000080189	51006			0	0	0	0	0	0	0	0	0	0	0	0	0	0	0	0	0	0	0	0	0	0	unique	0	yes	0	0	0	0
HGNC:17123	SLC9A7	Q96T83	ENSG00000065923	84679	0	0	0	0	1	0	0	0	0	0	0	0	0	0	0	0	0	0	0	0	0	0	0	0	unique	1	no	1	0	0	0
HGNC:17127	SLC39A2	Q9NP94	ENSG00000165794	29986	0	1	0	0	0	0	0	0	0	0	0	0	0	0	0	0	0	0	0	0	0	0	0	0	unique	1	yes	1	1	1	1
HGNC:17128	SLC39A3	Q9BRY0	ENSG00000141873	29985	0	1	0	0	0	0	0	0	0	0	0	0	0	0	0	0	0	0	0	0	0	0	0	0	unique	1	yes	0	0	0	0
HGNC:17129	SLC39A4	Q6P5W5	ENSG00000147804	55630	0	1	0	0	0	0	0	0	0	0	0	0	0	0	0	0	0	0	0	0	0	0	0	0	unique	1	yes	1	1	1	1
HGNC:17149	VSIG2	Q96IQ7	ENSG00000019102	23584	1	1	0	0	0	0	0	0	0	0	0	0	0	0	0	0	0	0	0	0	0	0	0	0	unique	1	yes	1	1	1	1
HGNC:17156	LY96	Q9Y6Y9	ENSG00000154589	23643			0	0	0	0	0	0	0	0	0	0	1	1	0	0	0	0	0	0	0	0	0	0	unique	0	yes	0	0	0	0
HGNC:17158	PLD3	Q8IV08	ENSG00000105223	23646	0	0	0	0	1	0	0	0	0	0	0	0	0	0	0	0	0	0	0	0	0	0	0	0	unique	1	yes	0	0	0	0
HGNC:17163	PLA2G15	Q8NCC3	ENSG00000103066	23659			0	0	0	0	0	0	0	0	0	0	1	1	0	0	0	0	0	0	0	0	0	0	unique	0	yes	0	0	0	0
HGNC:17167	SYT15	Q9BQS2	ENSG00000204176	83849	1	1	0	0	0	0	0	0	0	0	0	0	0	0	0	0	0	0	0	0	0	0	0	0	unique	1	no	0	0	0	0
HGNC:17169	PRDX4	Q13162	ENSG00000123131	10549			0	0	0	0	0	0	0	0	0	0	1	1	0	0	0	0	0	0	0	0	0	0	unique	0	no	0	0	0	0
HGNC:17171	LOXL4	Q96JB6	ENSG00000138131	84171	0	0	0	0	1	0	0	0	0	0	0	0	0	0	0	0	0	0	0	0	0	0	0	0	unique	1	yes	0	0	0	0
HGNC:17173	BOC	Q9BWV1	ENSG00000144857	91653	1	1	0	0	1	0	0	0	0	0	0	0	0	0	0	0	0	0	0	0	0	0	0	0	unique	1	yes	1	1	1	1
HGNC:17187	OLFM1	Q99784	ENSG00000130558	10439	0	0	0	0	0	0	0	0	0	0	0	0	0	0	0	0	0	0	0	0	0	0	0	0	unique	1	yes	0	0	0	0
HGNC:17189	OLFM2	O95897	ENSG00000105088	93145	0	0	0	0	0	0	0	0	0	0	0	0	0	0	0	0	0	0	0	0	0	0	0	0	unique	1	yes	0	0	0	0
HGNC:17190	OLFM4	Q6UX06	ENSG00000102837	10562	0	0	0	0	0	0	0	0	0	0	0	0	0	0	0	0	0	0	0	0	0	0	0	0	unique	1	yes	0	0	0	0
HGNC:17195	ACRBP	Q8NEB7	ENSG00000111644	84519			0	0	0	0	0	0	0	0	0	0	0	0	0	0	0	0	0	0	0	0	0	0	unique	0	yes	0	0	0	0
HGNC:172	ACVR1B	P36896	ENSG00000135503	91	1	1	0	0	1	0	0	0	0	0	0	0	0	0	0	0	0	0	0	1	0	0	0	0	unique	1	yes	1	1	1	1
HGNC:17200	LRRN3	Q9H3W5	ENSG00000173114	54674	1	1	0	0	0	0	0	0	0	0	0	0	0	0	0	0	0	0	0	0	0	0	0	0	unique	1	no	1	1	1	1
HGNC:17205	PGAP6	Q9HCN3	ENSG00000129925	58986	0	0	0	0	0	0	0	0	0	0	0	0	0	0	0	0	0	0	0	0	0	0	0	0	unique	1	yes	0	0	0	0
HGNC:17216	ERVH48-1	M5A8F1	ENSG00000233056	90625			0	0	0	0	0	0	0	0	0	0	0	0	0	0	0	0	0	0	0	0	0	0	unique	0	yes	0	0	0	0
HGNC:17217	DIP2A	Q14689	ENSG00000160305	23181	0	0	0	0	1	0	0	0	0	0	0	0	0	0	0	0	0	0	0	0	0	0	0	0	unique	1	yes	0	0	0	0
HGNC:17245	CPA6	Q8N4T0	ENSG00000165078	57094			0	0	0	0	0	0	0	0	0	0	0	0	0	0	0	0	0	0	0	0	0	0	unique	0	no	0	0	0	0
HGNC:17265	ABI3BP	Q7Z7G0	ENSG00000154175	25890	0	0	0	0	1	0	0	0	0	0	0	0	0	0	0	0	0	0	0	0	0	0	0	0	unique	1	yes	0	0	0	0
HGNC:17283	RIMS2	Q9UQ26	ENSG00000176406	9699	0	0	0	0	1	0	0	0	0	0	0	0	0	0	0	0	0	0	0	0	0	0	0	0	unique	1	yes	0	0	0	0
HGNC:17290	IL27RA	Q6UWB1	ENSG00000104998	9466	1	1	0	0	0	0	0	0	0	0	0	0	0	0	0	0	0	0	0	0	0	0	0	0	unique	1	yes	1	1	1	1
HGNC:17292	SLC44A2	Q8IWA5	ENSG00000129353	57153	0	1	0	0	1	0	0	0	0	0	0	0	0	0	0	0	0	0	0	0	0	0	0	0	unique	1	yes	1	1	1	1
HGNC:17299	TPTE2	Q6XPS3	ENSG00000132958	93492			0	0	0	0	0	0	0	0	0	0	0	0	0	0	0	0	0	0	0	0	0	0	unique	0	no	0	0	0	0
HGNC:173	ACVR2A	P27037	ENSG00000121989	92	1	1	0	0	1	0	0	1	1	1	0	0	1	1	0	0	0	1	1	1	1	1	1	1	unique	1	yes	1	1	1	1
HGNC:17302	NEGR1	Q7Z3B1	ENSG00000172260	257194	0	1	0	0	0	0	0	0	0	0	0	0	0	0	0	0	0	0	0	0	0	0	0	0	unique	1	yes	1	1	1	1
HGNC:17318	RXFP2	Q8WXD0	ENSG00000133105	122042	0	1	0	0	0	0	0	0	0	0	0	0	0	0	0	0	0	0	0	0	0	0	0	0	unique	1	yes	1	0	0	0
HGNC:17337	LCN6	P62502	ENSG00000267206	158062			0	0	0	0	0	0	0	0	0	0	0	0	0	0	0	0	0	0	0	0	0	0	unique	0	no	0	0	0	0
HGNC:17360	LRIG1	Q96JA1	ENSG00000144749	26018	1	1	0	0	1	0	0	0	0	0	0	0	0	0	0	0	0	0	0	0	0	0	0	0	unique	1	yes	1	1	1	1
HGNC:17378	NAGPA	Q9UK23	ENSG00000103174	51172	0	0	0	0	0	0	0	0	0	0	0	0	0	0	0	0	0	0	0	0	0	0	0	0	unique	1	yes	1	1	1	1
HGNC:17383	HRH4	Q9H3N8	ENSG00000134489	59340	0	1	0	0	0	0	0	0	0	0	0	0	1	1	0	1	0	0	0	1	1	0	1	0	unique	1	yes	1	0	0	1
HGNC:17389	SMPDL3A	Q92484	ENSG00000172594	10924			0	0	0	0	0	0	0	0	0	0	1	1	0	0	0	0	0	0	0	0	0	0	unique	0	yes	0	0	0	0
HGNC:174	ACVR2B	Q13705	ENSG00000114739	93	1	1	0	0	1	0	0	1	1	1	0	0	1	1	0	0	0	1	1	1	1	1	1	1	unique	1	yes	1	1	1	1
HGNC:17416	ADGRV1	Q8WXG9	ENSG00000164199	84059	0	1	0	0	1	1	1	0	0	1	0	0	0	0	0	0	0	0	0	0	1	1	0	0	unique	1	no	0	0	0	0
HGNC:17425	NPFFR1	Q9GZQ6	ENSG00000148734	64106	0	1	0	0	0	0	0	0	0	0	0	0	0	0	0	0	0	0	0	0	0	0	0	0	unique	1	yes	1	0	0	0
HGNC:17429	CGN	Q9P2M7	ENSG00000143375	57530	0	0	0	0	0	0	0	0	0	0	0	0	0	0	0	0	0	0	0	0	0	0	0	0	unique	1	no	0	0	0	0
HGNC:17432	CHIA	Q9BZP6	ENSG00000134216	27159			0	0	1	0	0	0	0	0	0	0	1	1	0	0	0	0	0	0	0	0	0	0	unique	0	no	0	0	0	0
HGNC:17435	SLC12A9	Q9BXP2	ENSG00000146828	56996	0	1	0	0	1	0	0	0	0	0	0	0	0	0	0	0	0	0	0	0	0	0	0	0	unique	1	yes	1	1	1	1
HGNC:17447	CLSTN1	O94985	ENSG00000171603	22883	1	1	0	0	0	0	0	0	0	0	0	0	0	0	0	0	0	0	0	0	0	0	0	0	unique	1	yes	1	1	1	1
HGNC:17448	CLSTN2	Q9H4D0	ENSG00000158258	64084	1	1	0	0	1	0	0	0	0	0	0	0	0	0	0	0	0	0	0	0	0	0	0	0	unique	1	no	1	1	1	1
HGNC:17451	CYSLTR1	Q9Y271	ENSG00000173198	10800	0	1	0	0	0	0	0	0	0	0	0	0	1	1	0	1	0	0	0	0	1	0	1	0	unique	1	yes	1	0	0	1
HGNC:17466	SLC43A3	Q8NBI5	ENSG00000134802	29015	0	1	0	0	0	0	0	0	0	0	0	0	0	0	0	0	0	0	0	0	0	0	0	0	unique	1	yes	1	0	0	0
HGNC:17470	EPGN	Q6UW88	ENSG00000182585	255324	0	0	0	0	0	0	0	0	0	0	0	0	0	0	0	0	0	0	0	0	0	0	0	0	unique	1	yes	1	0	0	0
HGNC:17474	ESAM	Q96AP7	ENSG00000149564	90952	1	1	0	0	1	0	0	0	0	0	0	0	0	0	0	0	0	0	0	0	0	0	0	0	unique	1	yes	1	1	1	1
HGNC:1748	CDH1	P12830	ENSG00000039068	999	1	1	0	0	0	0	0	0	0	0	0	0	1	1	1	0	0	1	1	1	1	1	1	1	unique	1	yes	1	1	1	1
HGNC:17481	PJA2	O43164	ENSG00000198961	9867			0	0	0	0	0	0	0	0	0	0	0	0	0	0	0	0	0	0	0	0	0	0	unique	0	no	0	0	0	0
HGNC:17482	GPR132	Q9UNW8	ENSG00000183484	29933	0	1	0	0	1	0	0	0	0	0	0	0	1	1	0	0	0	0	0	0	0	0	0	0	unique	1	yes	1	0	0	0
HGNC:1749	CDH10	Q9Y6N8	ENSG00000040731	1008	1	1	0	0	1	0	0	0	0	0	0	0	0	0	0	0	0	0	0	0	0	0	0	0	unique	1	yes	1	1	1	1
HGNC:17494	GJC2	Q5T442	ENSG00000198835	57165	0	1	0	0	0	0	0	0	0	0	0	0	0	0	0	0	0	0	0	0	0	0	0	0	unique	1	no	1	0	0	0
HGNC:17495	GJC3	Q8NFK1	ENSG00000176402	349149	0	0	0	0	0	0	0	0	0	0	0	0	0	1	0	0	0	0	0	0	0	0	0	0	unique	1	no	1	1	1	1
HGNC:175	ACVRL1	P37023	ENSG00000139567	94	1	1	0	0	0	0	0	0	0	0	0	0	1	1	0	0	0	0	0	0	0	0	0	0	unique	1	yes	1	1	1	1
HGNC:1750	CDH11	P55287	ENSG00000140937	1009	1	1	0	0	1	0	0	0	0	0	0	0	0	0	0	0	0	0	0	0	0	0	0	0	unique	1	yes	1	1	1	1
HGNC:1751	CDH12	P55289	ENSG00000154162	1010	1	1	0	0	0	0	0	0	0	0	0	0	0	0	0	0	0	0	0	0	0	0	0	0	unique	1	yes	1	1	1	1
HGNC:1753	CDH13	P55290	ENSG00000140945	1012	0	1	0	0	0	0	0	0	0	0	0	0	0	0	0	0	0	0	0	0	0	0	0	0	unique	1	yes	1	1	1	1
HGNC:17537	ASIC5	Q9NY37	ENSG00000256394	51802	0	1	0	0	0	0	0	0	0	0	0	0	0	0	0	0	0	0	0	0	0	0	0	0	unique	1	yes	1	1	1	1
HGNC:1754	CDH15	P55291	ENSG00000129910	1013	0	0	0	0	0	0	0	0	0	0	0	0	0	0	0	0	0	0	0	0	0	0	0	0	unique	1	yes	1	1	1	1
HGNC:1755	CDH16	O75309	ENSG00000166589	1014	1	1	0	0	0	0	0	0	0	0	0	0	0	0	0	0	0	0	0	0	0	0	0	0	unique	1	no	1	1	1	1
HGNC:17550	KREMEN1	Q96MU8	ENSG00000183762	83999	1	1	0	0	0	0	0	0	0	0	0	0	0	0	0	0	0	0	0	0	0	0	0	0	unique	1	yes	1	1	1	1
HGNC:1756	CDH17	Q12864	ENSG00000079112	1015	1	1	0	0	1	0	0	0	0	0	0	0	0	0	0	0	0	0	0	0	0	0	0	0	unique	1	yes	1	1	1	1
HGNC:17567	DLEU7	Q6UYE1	ENSG00000186047	220107			0	0	0	0	0	0	0	0	0	0	0	0	0	0	0	0	0	0	0	0	0	0	unique	0	no	0	0	0	0
HGNC:1757	CDH18	Q13634	ENSG00000145526	1016	1	1	0	0	0	0	0	0	0	0	0	0	0	0	0	0	0	0	0	0	0	0	0	0	unique	1	yes	1	1	1	1
HGNC:17572	EPDR1	Q9UM22	ENSG00000086289	54749	0	0	0	0	0	0	0	0	0	0	0	0	0	1	0	0	0	0	0	0	0	0	0	0	unique	1	no	0	0	0	0
HGNC:1758	CDH19	Q9H159	ENSG00000071991	28513	1	1	0	0	0	0	0	0	0	0	0	0	0	0	0	0	0	0	0	0	0	0	0	0	unique	1	yes	1	1	1	1
HGNC:17585	KCP	Q6ZWJ8	ENSG00000135253	375616			0	0	1	0	0	0	0	0	0	0	0	0	0	0	0	0	0	0	0	0	0	0	unique	0	yes	0	0	0	0
HGNC:1759	CDH2	P19022	ENSG00000170558	1000	1	1	0	0	0	0	0	0	0	0	0	0	0	0	0	0	0	0	0	0	0	0	0	0	unique	1	yes	1	1	1	1
HGNC:17591	CLDN23	Q96B33	ENSG00000253958	137075	0	1	0	0	0	0	0	0	0	0	0	0	0	0	0	0	0	0	0	0	0	0	0	0	unique	1	no	0	0	0	0
HGNC:17592	NDFIP1	Q9BT67	ENSG00000131507	80762	0	0	0	0	0	0	0	0	0	0	0	0	0	0	0	0	0	0	0	0	0	0	0	0	unique	1	yes	0	0	0	0
HGNC:1760	CDH20	Q9HBT6	ENSG00000101542	28316	1	1	0	0	0	0	0	0	0	0	0	0	0	0	0	0	0	0	0	0	0	0	0	0	unique	1	yes	1	1	1	1
HGNC:17601	CADM3	Q8N126	ENSG00000162706	57863	1	1	0	0	0	0	0	0	0	0	0	0	0	0	0	0	0	0	0	0	0	0	0	0	unique	1	yes	1	1	1	1
HGNC:17616	IL17RD	Q8NFM7	ENSG00000144730	54756	1	1	0	0	1	0	0	0	0	0	0	0	0	0	0	0	0	0	0	0	0	0	0	0	unique	1	yes	1	1	1	1
HGNC:17617	MRGPRX4	Q96LA9	ENSG00000179817	117196	0	1	0	0	0	0	0	0	0	0	0	0	0	0	0	0	0	0	0	0	0	0	0	0	unique	1	yes	1	0	0	0
HGNC:1762	CDH3	P22223	ENSG00000062038	1001	1	1	0	0	1	0	0	1	1	1	0	0	1	1	1	0	0	1	1	1	1	1	1	1	unique	1	yes	1	1	1	1
HGNC:1763	CDH4	P55283	ENSG00000179242	1002	1	1	0	0	0	0	0	0	0	0	0	0	0	0	0	0	0	0	0	0	0	0	0	0	unique	1	yes	1	1	1	1
HGNC:17635	CD274	Q9NZQ7	ENSG00000120217	29126	1	1	0	0	1	1	1	1	1	1	0	0	1	1	1	1	1	1	1	1	1	1	1	1	unique	1	yes	1	1	1	1
HGNC:17637	PERP	Q96FX8	ENSG00000112378	64065			0	0	0	0	0	0	0	0	0	0	0	0	0	0	0	0	0	0	0	0	0	0	unique	0	no	0	0	0	0
HGNC:1764	CDH5	P33151	ENSG00000179776	1003	1	1	0	0	0	0	0	0	0	0	0	0	0	0	0	0	0	0	0	0	0	0	0	0	unique	1	yes	1	1	1	1
HGNC:17648	POPDC2	Q9HBU9	ENSG00000121577	64091	0	1	0	0	1	0	0	0	0	0	0	0	0	0	0	0	0	0	0	0	0	0	0	0	unique	1	yes	0	0	0	0
HGNC:17649	POPDC3	Q9HBV1	ENSG00000132429	64208	0	1	0	0	0	0	0	0	0	0	0	0	0	0	0	0	0	0	0	0	0	0	0	0	unique	1	yes	0	0	0	0
HGNC:1765	CDH6	P55285	ENSG00000113361	1004	1	1	0	0	1	0	0	1	1	1	0	0	0	0	0	0	0	1	1	1	1	1	1	1	unique	1	yes	1	1	1	1
HGNC:1766	CDH7	Q9ULB5	ENSG00000081138	1005	1	1	0	0	0	0	0	0	0	0	0	0	0	0	0	0	0	0	0	0	0	0	0	0	unique	1	yes	1	1	1	1
HGNC:17661	PLA1A	Q53H76	ENSG00000144837	51365			0	0	0	0	0	0	0	0	0	0	0	0	0	0	0	0	0	0	0	0	0	0	unique	0	yes	0	0	0	0
HGNC:17664	NECTIN3	Q9NQS3	ENSG00000177707	25945	1	1	0	0	0	0	0	0	0	0	0	0	0	0	0	0	0	0	0	0	0	0	0	0	unique	1	yes	0	0	0	0
HGNC:1767	CDH8	P55286	ENSG00000150394	1006	1	1	0	0	0	0	0	0	0	0	0	0	0	0	0	0	0	0	0	0	0	0	0	0	unique	1	yes	1	1	1	1
HGNC:1768	CDH9	Q9ULB4	ENSG00000113100	1007	1	1	0	0	0	0	0	0	0	0	0	0	0	0	0	0	0	0	0	0	0	0	0	0	unique	1	yes	1	1	1	1
HGNC:1769	CDIPT	O14735	ENSG00000103502	10423	0	0	0	0	0	0	0	0	0	0	0	0	0	0	0	0	0	0	0	0	0	0	0	0	unique	1	yes	0	0	0	0
HGNC:17705	SELENOF	O60613	ENSG00000183291	9403			0	0	1	0	0	0	0	0	0	0	0	0	0	0	0	0	0	0	0	0	0	0	unique	0	yes	0	0	0	0
HGNC:17710	SIT1	Q9Y3P8	ENSG00000137078	27240	1	1	0	0	0	0	0	0	0	0	0	0	0	0	0	0	0	0	0	0	0	0	0	0	unique	1	no	1	1	1	1
HGNC:17734	TAAR1	Q96RJ0	ENSG00000146399	134864	0	0	0	0	0	0	0	0	0	0	0	0	1	1	0	1	0	1	0	1	1	0	1	0	unique	1	yes	1	0	0	1
HGNC:17735	TMEM63B	Q5T3F8	ENSG00000137216	55362	0	1	0	0	0	0	0	0	0	0	0	0	0	0	0	0	0	0	0	0	0	0	0	0	unique	1	no	1	1	1	1
HGNC:17752	TSPAN3	O60637	ENSG00000140391	10099	0	1	0	0	0	0	0	0	0	0	0	0	0	0	0	0	0	0	0	0	0	0	0	0	unique	1	no	1	1	1	1
HGNC:17753	TSPAN5	P62079	ENSG00000168785	10098	0	1	0	0	0	0	0	0	0	0	0	0	0	0	0	0	0	0	0	0	0	0	0	0	unique	1	yes	1	1	1	1
HGNC:17754	THSD1	Q9NS62	ENSG00000136114	55901	0	0	0	0	1	0	0	0	0	0	0	0	0	0	0	0	0	0	0	0	0	0	0	0	unique	1	yes	1	1	1	1
HGNC:17755	TNFRSF13C	Q96RJ3	ENSG00000159958	115650	1	1	0	0	1	1	1	0	0	1	1	1	0	0	0	0	0	1	1	1	1	1	1	1	unique	1	yes	0	0	0	1
HGNC:17756	EDA2R	Q9HAV5	ENSG00000131080	60401	1	1	0	0	1	0	0	0	0	0	0	0	0	0	0	0	0	0	0	0	0	0	0	0	unique	1	yes	1	1	1	1
HGNC:17757	TNMD	Q9H2S6	ENSG00000000005	64102	0	0	0	0	0	0	0	0	0	0	0	0	0	0	0	0	0	0	0	0	0	0	0	0	unique	1	no	0	0	0	0
HGNC:17760	TREM1	Q9NP99	ENSG00000124731	54210	1	1	0	0	0	0	0	0	0	0	0	0	1	1	1	0	0	0	0	0	0	0	0	0	unique	1	yes	1	1	1	1
HGNC:17761	TREM2	Q9NZC2	ENSG00000095970	54209	1	1	0	0	1	1	1	1	1	1	0	0	0	1	1	0	0	1	1	1	1	1	1	1	unique	1	yes	1	1	1	1
HGNC:17787	LIN7A	O14910	ENSG00000111052	8825	0	0	0	0	1	0	0	0	0	0	0	0	0	0	0	0	0	0	0	0	0	0	0	0	unique	1	yes	0	0	0	0
HGNC:17788	LIN7B	Q9HAP6	ENSG00000104863	64130	0	0	0	0	1	0	0	0	0	0	0	0	0	0	0	0	0	0	0	0	0	0	0	0	unique	1	yes	0	0	0	0
HGNC:17789	LIN7C	Q9NUP9	ENSG00000148943	55327	0	0	0	0	1	0	0	0	0	0	0	0	0	0	0	0	0	0	0	0	0	0	0	0	unique	1	yes	0	0	0	0
HGNC:17791	TBC1D8	O95759	ENSG00000204634	11138	0	0	0	0	0	0	0	0	0	0	0	0	0	0	0	0	0	0	0	0	0	0	0	0	unique	1	yes	0	0	0	0
HGNC:17807	CHODL	Q9H9P2	ENSG00000154645	140578	0	0	0	0	0	0	0	0	0	0	0	0	0	0	0	0	0	0	0	0	0	0	0	0	unique	1	no	1	1	1	1
HGNC:17810	AMOT	Q4VCS5	ENSG00000126016	154796	0	0	0	0	0	0	0	0	0	0	0	0	1	1	0	0	0	0	0	0	0	0	0	0	unique	1	yes	0	0	0	0
HGNC:17812	AMOTL2	Q9Y2J4	ENSG00000114019	51421	0	0	0	0	0	0	0	0	0	0	0	0	0	0	0	0	0	0	0	0	0	0	0	0	unique	1	no	0	0	0	0
HGNC:17813	IGSF8	Q969P0	ENSG00000162729	93185	1	1	0	0	1	0	0	0	0	0	0	0	0	0	0	0	0	0	0	0	0	0	0	0	unique	1	yes	1	1	1	1
HGNC:17825	PLAAT3	P53816	ENSG00000176485	11145			0	0	0	0	0	0	0	0	0	0	1	1	0	0	0	0	0	0	0	0	0	0	unique	0	yes	0	0	0	0
HGNC:17829	GPR108	Q9NPR9	ENSG00000125734	56927	0	0	0	0	0	0	0	0	0	0	0	0	0	0	0	0	0	0	0	0	0	0	0	0	unique	1	no	1	0	0	0
HGNC:17830	GPR107	Q5VW38	ENSG00000148358	57720	0	0	0	0	0	0	0	0	0	0	0	0	0	0	0	0	0	0	0	0	0	0	0	0	unique	1	yes	1	1	1	1
HGNC:17849	ADGRA2	Q96PE1	ENSG00000020181	25960	0	1	0	0	0	0	0	0	0	0	0	0	0	0	0	0	0	0	0	0	0	0	0	0	unique	1	yes	0	0	0	0
HGNC:17866	HAVCR1	Q96D42	ENSG00000113249	26762	1	1	0	0	1	0	0	0	0	0	0	0	0	0	0	0	0	0	0	0	0	0	0	0	unique	1	yes	1	1	1	1
HGNC:17867	NPTN	Q9Y639	ENSG00000156642	27020	1	1	0	0	0	0	0	0	0	0	0	0	0	0	0	0	0	0	0	0	0	0	0	0	unique	1	yes	1	1	1	1
HGNC:17871	NMRK2	Q9NPI5	ENSG00000077009	27231			0	0	0	0	0	0	0	0	0	0	0	0	0	0	0	0	0	0	0	0	0	0	unique	0	no	0	0	0	0
HGNC:17881	NRSN1	Q8IZ57	ENSG00000152954	140767	0	0	0	0	0	0	0	0	0	0	0	0	0	0	0	0	0	0	0	0	0	0	0	0	unique	1	no	0	0	0	0
HGNC:17885	STEAP2	Q8NFT2	ENSG00000157214	261729			0	0	0	0	0	0	0	0	0	0	1	1	0	0	0	0	0	0	0	0	0	0	unique	0	no	0	0	0	0
HGNC:17888	CRCP	O75575	ENSG00000241258	27297	0	0	0	0	0	0	0	0	0	0	0	0	0	0	0	0	0	0	0	0	0	0	0	0	unique	1	no	0	0	0	0
HGNC:17934	PLA2G3	Q9NZ20	ENSG00000100078	50487	0	0	0	0	0	0	0	0	0	0	0	0	0	0	0	0	0	0	0	0	0	0	0	0	unique	1	no	0	0	0	0
HGNC:17935	CD207	Q9UJ71	ENSG00000116031	50489	0	0	0	0	0	0	0	0	0	0	0	0	0	0	0	0	0	0	0	0	0	0	0	0	unique	1	yes	0	0	0	0
HGNC:17936	PODXL2	Q9NZ53	ENSG00000114631	50512	1	1	0	0	0	0	0	0	0	0	0	0	0	0	0	0	0	0	0	0	0	0	0	0	unique	1	yes	1	1	1	1
HGNC:17937	CUZD1	Q86UP6	ENSG00000138161	50624	0	0	0	0	0	0	0	0	0	0	0	0	0	0	0	0	0	0	0	0	0	0	0	0	unique	1	no	1	1	1	1
HGNC:17938	CALY	Q9NYX4	ENSG00000130643	50632	1	1	0	0	0	0	0	0	0	0	0	0	0	0	0	0	0	0	0	0	0	0	0	0	unique	1	no	1	0	0	0
HGNC:17939	SLC45A1	Q9Y2W3	ENSG00000162426	50651			0	0	0	0	0	0	0	0	0	0	0	0	0	0	0	0	0	0	0	0	0	0	unique	0	yes	0	0	0	0
HGNC:17941	NTM	Q9P121	ENSG00000182667	50863	0	1	0	0	0	0	0	0	0	0	0	0	0	0	0	0	0	0	0	0	0	0	0	0	unique	1	yes	1	1	1	1
HGNC:17961	TRPM8	Q7Z2W7	ENSG00000144481	79054	0	1	0	0	0	0	0	0	0	0	0	0	1	1	0	0	0	0	0	0	0	0	0	0	unique	1	yes	0	0	0	0
HGNC:17962	MRGPRX1	Q96LB2	ENSG00000170255	259249	0	1	0	0	0	0	0	0	0	0	1	0	0	0	0	0	0	0	0	0	1	0	1	0	unique	1	yes	1	0	0	1
HGNC:17969	GABRR3	A8MPY1	ENSG00000183185	200959	0	1	0	0	0	0	0	0	0	0	0	0	0	0	0	0	0	0	0	0	0	0	0	0	unique	1	yes	1	1	1	1
HGNC:17972	NRN1	Q9NPD7	ENSG00000124785	51299	0	1	0	0	0	0	0	0	0	0	0	0	0	0	0	0	0	0	0	0	0	0	0	0	unique	1	yes	1	1	1	1
HGNC:17980	MRGPRX3	Q96LB0	ENSG00000179826	117195	0	1	0	0	0	0	0	0	0	0	0	0	0	0	0	0	0	0	0	0	0	0	0	0	unique	1	yes	1	0	0	0
HGNC:17983	MRGPRX2	Q96LB1	ENSG00000183695	117194	0	1	0	0	0	0	0	0	0	0	1	0	1	1	0	0	0	0	0	0	1	0	1	0	unique	1	yes	1	1	1	1
HGNC:17985	ROBO4	Q8WZ75	ENSG00000154133	54538	1	1	0	0	1	1	0	0	0	1	0	0	0	0	0	0	0	0	0	0	1	0	0	0	unique	1	yes	0	0	0	0
HGNC:17989	SLC22A12	Q96S37	ENSG00000197891	116085	0	1	0	0	0	0	0	0	0	0	0	0	1	1	0	0	0	0	0	0	0	0	0	0	unique	1	yes	1	0	0	0
HGNC:17990	OLFM3	Q96PB7	ENSG00000118733	118427			0	0	0	0	0	0	0	0	0	0	0	0	0	0	0	0	0	0	0	0	0	0	unique	0	yes	0	0	0	0
HGNC:17992	TRPM3	Q9HCF6	ENSG00000083067	80036	0	1	0	0	0	0	0	0	0	0	0	0	0	0	0	0	0	0	0	0	0	0	0	0	unique	1	yes	0	0	0	0
HGNC:17993	TRPM4	Q8TD43	ENSG00000130529	54795	0	1	0	0	0	0	0	0	0	0	0	0	1	1	0	1	0	0	0	0	1	0	1	0	unique	1	no	0	0	0	1
HGNC:17994	TRPM7	Q96QT4	ENSG00000092439	54822	0	1	0	0	0	0	0	0	0	0	0	0	0	0	0	0	0	0	0	0	0	0	0	0	unique	1	yes	0	0	0	0
HGNC:17995	TRPM6	Q9BX84	ENSG00000119121	140803	0	1	0	0	1	0	0	0	0	0	0	0	0	0	0	0	0	0	0	0	0	0	0	0	unique	1	yes	0	0	0	0
HGNC:17997	FKRP	Q9H9S5	ENSG00000181027	79147	0	0	0	0	0	0	0	0	0	0	0	0	1	1	0	0	0	0	0	0	0	0	0	0	unique	1	yes	1	1	1	1
HGNC:18	AAMP	Q13685	ENSG00000127837	14	0	0	0	0	0	0	0	0	0	0	0	0	0	0	0	0	0	0	0	0	0	0	0	0	unique	1	yes	0	0	0	0
HGNC:18010	GDAP2	Q9NXN4	ENSG00000196505	54834			0	0	0	0	0	0	0	0	0	0	0	0	0	0	0	0	0	0	0	0	0	0	unique	0	no	0	0	0	0
HGNC:18015	IL17RB	Q9NRM6	ENSG00000056736	55540	1	1	0	0	0	0	0	0	0	0	0	0	0	0	0	0	0	0	0	0	0	0	0	0	unique	1	yes	1	1	1	1
HGNC:1802	CDSN	Q15517	ENSG00000204539	1041	0	0	0	0	0	0	0	0	0	0	0	0	0	0	0	0	0	0	0	0	0	0	0	0	unique	1	no	0	0	0	0
HGNC:18036	EMID1	Q96A84	ENSG00000186998	129080			0	0	1	1	0	0	0	1	0	0	0	0	0	0	0	0	0	0	1	0	0	0	unique	0	no	0	0	0	0
HGNC:18038	COL26A1	Q96A83	ENSG00000160963	136227	0	0	0	0	0	0	0	0	0	0	0	0	0	1	0	0	0	0	0	0	0	0	0	0	unique	1	no	0	0	0	0
HGNC:1804	CD52	P31358	ENSG00000169442	1043	0	1	0	0	1	1	0	0	0	1	0	0	0	0	0	0	0	1	0	1	1	0	1	0	unique	1	no	1	0	0	1
HGNC:18044	SLC38A3	Q99624	ENSG00000188338	10991	0	1	0	0	0	0	0	0	0	0	0	0	0	0	0	0	0	0	0	0	0	0	0	0	unique	1	yes	0	0	0	0
HGNC:18053	PKD1L1	Q8TDX9	ENSG00000158683	168507	0	1	0	0	1	0	0	0	0	0	0	0	0	0	0	0	0	0	0	0	0	0	0	0	unique	1	no	1	1	1	1
HGNC:18055	GPHB5	Q86YW7	ENSG00000179600	122876			0	0	0	0	0	0	0	0	0	0	0	0	0	0	0	0	0	0	0	0	0	0	unique	0	yes	0	0	0	0
HGNC:18057	SLC22A10	Q63ZE4	ENSG00000184999	387775	0	1	0	0	0	0	0	0	0	0	0	0	0	0	0	0	0	0	0	0	0	0	0	0	unique	1	yes	0	0	0	0
HGNC:18064	RNF39	Q9H2S5	ENSG00000204618	80352	0	0	0	0	1	0	0	0	0	0	0	0	0	0	0	0	0	0	0	0	0	0	0	0	unique	1	no	0	0	0	0
HGNC:18067	SLC2A12	Q8TD20	ENSG00000146411	154091	0	1	0	0	1	0	0	0	0	0	0	0	0	0	0	0	0	0	0	0	0	0	0	0	unique	1	yes	1	0	0	0
HGNC:18068	SLC15A3	Q8IY34	ENSG00000110446	51296	0	0	0	0	0	0	0	0	0	0	0	0	0	0	0	0	0	0	0	0	0	0	0	0	unique	1	yes	1	1	1	1
HGNC:18070	SLC38A5	Q8WUX1	ENSG00000017483	92745	0	1	0	0	0	0	0	0	0	0	0	0	0	0	0	0	0	0	0	0	0	0	0	0	unique	1	yes	1	0	0	0
HGNC:18082	TRPV2	Q9Y5S1	ENSG00000187688	51393	0	0	0	0	0	0	0	0	0	0	0	0	1	1	0	0	0	0	0	0	0	0	0	0	unique	1	yes	1	1	1	1
HGNC:18083	TRPV4	Q9HBA0	ENSG00000111199	59341	0	1	0	0	1	0	0	0	0	0	0	0	1	1	0	0	0	0	0	0	0	0	0	0	unique	1	yes	1	1	1	1
HGNC:18084	TRPV3	Q8NET8	ENSG00000167723	162514	0	1	0	0	1	0	0	0	0	0	0	0	1	1	0	0	0	0	0	0	0	0	0	0	unique	1	yes	0	0	0	0
HGNC:18087	DEFB105A	Q8NG35	ENSG00000186562	245908			0	0	0	0	0	0	0	0	0	0	0	0	0	0	0	0	0	0	0	0	0	0	shared_uniprot_ambiguous	0	no	0	0	0	0
HGNC:18093	DEFB112	Q30KQ8	ENSG00000180872	245915			0	0	0	0	0	0	0	0	0	0	0	0	0	0	0	0	0	0	0	0	0	0	unique	0	no	0	0	0	0
HGNC:18094	DEFB113	Q30KQ7	ENSG00000214642	245927			0	0	1	0	0	0	0	0	0	0	0	0	0	0	0	0	0	0	0	0	0	0	unique	0	no	0	0	0	0
HGNC:18095	DEFB114	Q30KQ6	ENSG00000177684	245928			0	0	0	0	0	0	0	0	0	0	0	0	0	0	0	0	0	0	0	0	0	0	unique	0	no	0	0	0	0
HGNC:18096	DEFB115	Q30KQ5	ENSG00000215547	245929			0	0	0	0	0	0	0	0	0	0	0	0	0	0	0	0	0	0	0	0	0	0	unique	0	no	0	0	0	0
HGNC:18097	DEFB116	Q30KQ4	ENSG00000215545	245930			0	0	0	0	0	0	0	0	0	0	0	0	0	0	0	0	0	0	0	0	0	0	unique	0	no	0	0	0	0
HGNC:18099	DEFB119	Q8N690	ENSG00000180483	245932			0	0	0	0	0	0	0	0	0	0	0	0	0	0	0	0	0	0	0	0	0	0	unique	0	no	0	0	0	0
HGNC:18101	DEFB121	Q5J5C9	ENSG00000204548	245934			0	0	0	0	0	0	0	0	0	0	0	0	0	0	0	0	0	0	0	0	0	0	unique	0	no	0	0	0	0
HGNC:18104	DEFB124	Q8NES8	ENSG00000180383	245937			0	0	0	0	0	0	0	0	0	0	0	0	0	0	0	0	0	0	0	0	0	0	unique	0	no	0	0	0	0
HGNC:18115	DEFB104A	Q8WTQ1	ENSG00000176782	140596			0	0	0	0	0	0	0	0	0	0	0	0	0	0	0	0	0	0	0	0	0	0	unique	0	no	0	0	0	0
HGNC:18120	SLC22A11	Q9NSA0	ENSG00000168065	55867	0	1	0	0	0	0	0	0	0	0	0	0	0	0	0	0	0	0	0	0	0	0	0	0	unique	1	yes	1	0	0	0
HGNC:18121	MFRP	Q9BY79	ENSG00000235718	83552	1	1	0	0	0	0	0	0	0	0	0	0	0	0	0	0	0	0	0	0	0	0	0	0	unique	1	no	1	1	1	1
HGNC:18123	ACVR1C	Q8NER5	ENSG00000123612	130399	1	1	0	0	0	0	0	0	0	0	0	0	0	0	0	0	0	0	0	0	0	0	0	0	unique	1	yes	1	1	1	1
HGNC:18124	P2RY12	Q9H244	ENSG00000169313	64805	0	1	0	0	0	0	0	0	0	0	0	0	1	1	0	1	0	0	0	0	1	0	1	0	unique	1	yes	1	0	0	1
HGNC:18126	ZNRF3	Q9ULT6	ENSG00000183579	84133	1	1	0	0	1	0	0	0	0	0	0	0	1	1	0	0	0	0	0	0	0	0	0	0	unique	1	yes	0	0	0	0
HGNC:18131	ILDR2	Q71H61	ENSG00000143195	387597	1	1	0	0	1	0	0	0	0	0	0	0	0	0	0	0	0	0	0	0	0	0	0	0	unique	1	no	0	0	0	0
HGNC:18132	IGSF9	Q9P2J2	ENSG00000085552	57549	1	1	0	0	1	0	0	0	0	0	0	0	0	0	0	0	0	0	0	0	0	0	0	0	unique	1	yes	1	1	1	1
HGNC:18137	CHST15	Q7LFX5	ENSG00000182022	51363			0	0	0	0	0	0	0	0	0	0	0	0	0	0	0	0	0	0	0	0	0	0	unique	0	yes	0	0	0	0
HGNC:1814	CEACAM1	P13688	ENSG00000079385	634	1	1	0	0	1	0	0	0	0	0	0	0	1	1	1	0	0	1	1	1	1	1	1	1	unique	1	yes	1	1	1	1
HGNC:18140	RHCG	Q9UBD6	ENSG00000140519	51458	0	1	0	0	0	0	0	0	0	0	0	0	0	0	0	0	0	0	0	0	0	0	0	0	unique	1	yes	1	0	0	0
HGNC:1815	CEACAM3	P40198	ENSG00000170956	1084	1	1	0	0	0	0	0	0	0	0	0	0	0	0	0	0	0	0	0	0	0	0	0	0	unique	1	yes	1	1	1	1
HGNC:18152	TNFRSF12A	Q9NP84	ENSG00000006327	51330	1	1	0	0	1	0	0	0	0	0	0	0	0	0	0	0	0	0	0	0	0	0	0	0	unique	1	yes	0	0	0	0
HGNC:18153	TNFRSF13B	O14836	ENSG00000240505	23495	1	1	0	0	0	0	0	0	0	0	0	0	0	0	0	0	0	0	0	0	0	0	0	0	unique	1	yes	1	1	1	1
HGNC:1816	CEACAM4	O75871	ENSG00000105352	1089	1	1	0	0	0	0	0	0	0	0	0	0	0	0	0	0	0	0	0	0	0	0	0	0	unique	1	yes	1	1	1	1
HGNC:18163	IFNE	Q86WN2	ENSG00000184995	338376			0	0	0	0	0	0	0	0	0	0	0	0	0	0	0	0	0	0	0	0	0	0	unique	0	yes	0	0	0	0
HGNC:18168	SLC4A5	Q9BY07	ENSG00000188687	57835	0	1	0	0	1	0	0	0	0	0	0	0	0	0	0	0	0	0	0	0	0	0	0	0	unique	1	yes	1	1	1	1
HGNC:1817	CEACAM5	P06731	ENSG00000105388	1048	0	1	0	0	1	1	0	0	0	1	0	0	0	1	0	0	0	1	0	1	1	0	1	0	unique	1	yes	1	1	1	1
HGNC:18171	CD244	Q9BZW8	ENSG00000122223	51744	1	1	0	0	1	0	0	0	0	0	0	0	0	0	0	0	0	0	0	0	0	0	0	0	unique	1	yes	1	1	1	1
HGNC:1818	CEACAM6	P40199	ENSG00000086548	4680	0	1	0	0	0	0	0	0	0	0	0	0	0	0	0	0	0	0	0	0	0	0	0	0	unique	1	yes	1	1	1	1
HGNC:18182	TPCN1	Q9ULQ1	ENSG00000186815	53373	0	0	0	0	0	0	0	0	0	0	0	0	0	0	0	0	0	0	0	0	0	0	0	0	unique	1	yes	1	1	1	1
HGNC:18186	GPR173	Q9NS66	ENSG00000184194	54328	0	1	0	0	0	0	0	0	0	0	0	0	0	0	0	0	0	0	0	0	0	0	0	0	unique	1	yes	1	0	0	0
HGNC:18187	SIAE	Q9HAT2	ENSG00000110013	54414			0	0	0	0	0	0	0	0	0	0	0	0	0	0	0	0	0	0	0	0	0	0	unique	0	yes	0	0	0	0
HGNC:1819	CEACAM7	Q14002	ENSG00000007306	1087	1	1	0	0	0	0	0	0	0	0	0	0	0	0	0	0	0	0	0	0	0	0	0	0	unique	1	no	1	1	1	1
HGNC:1820	CEACAM8	P31997	ENSG00000124469	1088	0	1	0	0	0	0	0	0	0	0	0	0	0	0	0	0	0	0	0	0	0	0	0	0	unique	1	no	1	1	1	1
HGNC:18206	CRISPLD1	Q9H336	ENSG00000121005	83690			0	0	1	0	0	0	0	0	0	0	0	0	0	0	0	0	0	0	0	0	0	0	unique	0	no	0	0	0	0
HGNC:18216	TMEM37	Q8WXS4	ENSG00000171227	140738	0	0	0	0	0	0	0	0	0	0	0	0	0	0	0	0	0	0	0	0	0	0	0	0	unique	1	no	1	0	0	0
HGNC:18219	CD248	Q9HCU0	ENSG00000174807	57124	1	1	0	0	1	0	0	0	0	0	0	0	0	0	0	0	0	0	0	0	0	0	0	0	unique	1	yes	1	1	1	1
HGNC:18231	CDHR2	Q9BYE9	ENSG00000074276	54825	1	1	0	0	0	0	0	0	0	0	0	0	0	0	0	0	0	0	0	0	0	0	0	0	unique	1	yes	1	1	1	1
HGNC:18237	CD99L2	Q8TCZ2	ENSG00000102181	83692	1	1	0	0	0	0	0	0	0	0	0	0	0	0	0	0	0	0	0	0	0	0	0	0	unique	1	yes	0	0	0	0
HGNC:18258	VEZT	Q9HBM0	ENSG00000028203	55591			0	0	0	0	0	0	0	0	0	0	0	0	0	0	0	0	0	0	0	0	0	0	unique	0	yes	0	0	0	0
HGNC:18259	ITLN1	Q8WWA0	ENSG00000179914	55600	0	0	0	0	0	0	0	0	0	0	0	0	0	0	0	0	0	0	0	0	0	0	0	0	unique	1	yes	1	1	1	1
HGNC:18266	ATP6V0D2	Q8N8Y2	ENSG00000147614	245972	0	0	0	0	0	0	0	0	0	0	0	0	0	0	0	0	0	0	0	0	0	0	0	0	unique	1	no	0	0	0	0
HGNC:18268	LMBR1L	Q6UX01	ENSG00000139636	55716	0	0	0	0	0	0	0	0	0	0	0	0	0	0	0	0	0	0	0	0	0	0	0	0	unique	1	yes	1	1	1	1
HGNC:18274	CYSLTR2	Q9NS75	ENSG00000152207	57105	0	1	0	0	0	0	0	0	0	0	0	0	1	1	0	1	0	0	0	0	1	0	1	0	unique	1	yes	1	0	0	1
HGNC:18280	RNF130	Q86XS8	ENSG00000113269	55819	0	0	0	0	1	0	0	0	0	0	0	0	0	0	0	0	0	0	0	0	0	0	0	0	unique	1	no	1	1	0	1
HGNC:18292	CFC1	P0CG37	ENSG00000136698	55997	0	1	0	0	0	0	0	0	0	0	0	0	0	0	0	0	0	0	0	0	0	0	0	0	unique	1	yes	1	1	1	1
HGNC:18297	PILRB	Q9UKJ0	ENSG00000121716	29990	1	1	0	0	0	0	0	0	0	0	0	0	0	0	0	0	0	0	0	0	0	0	0	0	unique	1	yes	1	1	1	1
HGNC:18301	SLC2A14	Q8TDB8	ENSG00000173262	144195	0	1	0	0	0	0	0	0	0	0	0	0	0	0	0	0	0	0	0	0	0	0	0	0	unique	1	yes	1	0	0	0
HGNC:18305	ATP6AP2	O75787	ENSG00000182220	10159	0	0	0	0	0	0	0	0	0	0	0	0	1	1	0	0	0	0	0	0	0	0	0	0	unique	1	yes	0	0	0	0
HGNC:18306	KCNG3	Q8TAE7	ENSG00000171126	170850	0	1	0	0	0	0	0	0	0	0	0	0	0	0	0	0	0	0	0	0	0	0	0	0	unique	1	no	0	0	0	0
HGNC:18319	PRIMA1	Q86XR5	ENSG00000175785	145270	1	1	0	0	0	0	0	0	0	0	0	0	0	0	0	0	0	0	0	0	0	0	0	0	unique	1	yes	1	0	0	0
HGNC:18351	SHISA8	B8ZZ34	ENSG00000234965	440829	1	1	0	0	1	0	0	0	0	0	0	0	0	0	0	0	0	0	0	0	0	0	0	0	unique	1	yes	1	1	1	1
HGNC:18358	IL17RC	Q8NAC3	ENSG00000163702	84818	1	1	0	0	0	0	0	0	0	0	0	0	0	0	0	0	0	1	1	1	1	1	1	1	unique	1	yes	1	1	1	1
HGNC:18359	SERPINA12	Q8IW75	ENSG00000165953	145264			0	0	0	0	0	0	0	0	0	0	0	0	0	0	0	0	0	0	0	0	0	0	unique	0	yes	0	0	0	0
HGNC:18362	IMPG2	Q9BZV3	ENSG00000081148	50939	0	0	0	0	1	0	0	0	0	0	0	0	0	0	0	0	0	0	0	0	0	0	0	0	unique	1	yes	1	1	1	1
HGNC:18371	CLSTN3	Q9BQT9	ENSG00000139182	9746	1	1	0	0	1	0	0	0	0	0	0	0	0	0	0	0	0	0	0	0	0	0	0	0	unique	1	yes	1	1	1	1
HGNC:18374	HPSE2	Q8WWQ2	ENSG00000172987	60495			0	0	1	0	0	0	0	0	0	0	0	0	0	0	0	0	0	0	0	0	0	0	unique	0	yes	0	0	0	0
HGNC:18386	SFTA2	Q6UW10	ENSG00000196260	389376			0	0	0	0	0	0	0	0	0	0	0	0	0	0	0	0	0	0	0	0	0	0	unique	0	no	0	0	0	0
HGNC:1839	ADA2	Q9NZK5	ENSG00000093072	51816			0	0	0	0	0	0	0	0	0	0	1	1	0	0	0	0	0	0	0	0	0	0	unique	0	yes	0	0	0	0
HGNC:18396	SCGB1D2	O95969	ENSG00000124935	10647			0	0	0	0	0	0	0	0	0	0	0	0	0	0	0	0	0	0	0	0	0	0	unique	0	no	0	0	0	0
HGNC:18399	DHRSX	Q8N5I4	ENSG00000169084	207063			0	0	0	0	0	0	0	0	0	0	0	0	0	0	0	0	0	0	0	0	0	0	unique	0	no	0	0	0	0
HGNC:18415	HIP1R	O75146	ENSG00000130787	9026	0	0	0	0	1	0	0	0	0	0	0	0	0	0	0	0	0	0	0	0	0	0	0	0	unique	1	no	0	0	0	0
HGNC:18430	SLAMF9	Q96A28	ENSG00000162723	89886	1	1	0	0	0	0	0	0	0	0	0	0	0	0	0	0	0	0	0	0	0	0	0	0	unique	1	no	1	1	1	1
HGNC:18437	HAVCR2	Q8TDQ0	ENSG00000135077	84868	1	1	0	0	1	0	0	1	1	1	0	0	1	1	1	0	0	1	1	1	1	1	1	1	unique	1	yes	1	1	1	1
HGNC:18439	IL17RE	Q8NFR9	ENSG00000163701	132014	1	1	0	0	1	0	0	0	0	0	0	0	0	0	0	0	0	0	0	0	0	0	0	0	unique	1	yes	1	1	1	1
HGNC:1844	TMEM121B	Q9BXQ6	ENSG00000183307	27439	0	0	0	0	0	0	0	0	0	0	0	0	0	0	0	0	0	0	0	0	0	0	0	0	unique	1	no	0	0	0	0
HGNC:18455	PROK2	Q9HC23	ENSG00000163421	60675			0	0	0	0	0	0	0	0	0	0	0	0	0	0	0	0	0	0	0	0	0	0	unique	0	yes	0	0	0	0
HGNC:18469	ZDHHC2	Q9UIJ5	ENSG00000104219	51201	0	0	0	0	0	0	0	0	0	0	0	0	0	0	0	0	0	0	0	0	0	0	0	0	unique	1	no	0	0	0	0
HGNC:18472	ZDHHC5	Q9C0B5	ENSG00000156599	25921	0	0	0	0	1	0	0	0	0	0	0	0	0	0	0	0	0	0	0	0	0	0	0	0	unique	1	yes	1	0	0	0
HGNC:18481	ATP6V0A2	Q9Y487	ENSG00000185344	23545	0	0	0	0	0	0	0	0	0	0	0	0	0	0	0	0	0	0	0	0	0	0	0	0	unique	1	no	1	1	1	1
HGNC:18483	LIPH	Q8WWY8	ENSG00000163898	200879			0	0	0	0	0	0	0	0	0	0	0	0	0	0	0	0	0	0	0	0	0	0	unique	0	yes	0	0	0	0
HGNC:18486	PDZD2	O15018	ENSG00000133401	23037	0	0	0	0	1	0	0	0	0	0	0	0	0	0	0	0	0	0	0	0	0	0	0	0	unique	1	no	0	0	0	0
HGNC:1850	CELSR1	Q9NYQ6	ENSG00000075275	9620	0	1	0	0	1	0	0	0	0	0	0	0	0	0	0	0	0	0	0	0	0	0	0	0	unique	1	yes	1	1	1	1
HGNC:18504	FCRLA	Q7L513	ENSG00000132185	84824	0	0	0	0	0	0	0	0	0	0	0	0	0	0	0	0	0	0	0	0	0	0	0	0	unique	1	yes	0	0	0	0
HGNC:18505	RNF43	Q68DV7	ENSG00000108375	54894	1	1	0	0	0	0	0	0	0	0	0	0	0	0	0	0	0	0	0	0	0	0	0	0	unique	1	yes	1	1	1	1
HGNC:18506	FCRL3	Q96P31	ENSG00000160856	115352	1	1	0	0	1	0	0	0	0	0	0	0	0	0	0	0	0	0	0	0	0	0	0	0	unique	1	yes	1	1	1	1
HGNC:18507	FCRL4	Q96PJ5	ENSG00000163518	83417	1	1	0	0	1	0	0	0	0	0	0	0	0	0	0	0	0	0	0	0	0	0	0	0	unique	1	yes	1	1	1	1
HGNC:18508	FCRL5	Q96RD9	ENSG00000143297	83416	1	1	0	0	1	0	0	0	0	0	0	0	0	0	0	0	0	0	0	0	0	0	0	0	unique	1	yes	1	1	1	1
HGNC:18509	FCRL1	Q96LA6	ENSG00000163534	115350	1	1	0	0	0	0	0	0	0	0	0	0	0	0	0	0	0	0	0	0	0	0	0	0	unique	1	no	1	1	1	1
HGNC:18510	GPRC6A	Q5T6X5	ENSG00000173612	222545	0	1	0	0	0	0	0	0	0	0	0	0	0	0	0	0	0	0	0	0	0	0	0	0	unique	1	yes	1	1	1	1
HGNC:18514	SPART	Q8N0X7	ENSG00000133104	23111			0	0	0	0	0	0	0	0	0	0	0	0	0	0	0	0	0	0	0	0	0	0	unique	0	no	0	0	0	0
HGNC:18515	TMEM47	Q9BQJ4	ENSG00000147027	83604			0	0	0	0	0	0	0	0	0	0	0	0	0	0	0	0	0	0	0	0	0	0	unique	0	no	0	0	0	0
HGNC:18517	VASN	Q6EMK4	ENSG00000168140	114990	1	1	0	0	0	0	0	0	0	0	0	0	0	0	0	0	0	0	0	0	0	0	0	0	unique	1	yes	1	1	1	1
HGNC:18519	ZNG1C	Q5JTY5	ENSG00000196873	445571	0	0	0	0	0	0	0	0	0	0	0	0	0	0	0	0	0	0	0	0	0	0	0	0	unique	1	no	0	0	0	0
HGNC:18549	DCSTAMP	Q9H295	ENSG00000164935	81501	0	1	0	0	0	0	0	0	0	0	0	0	0	0	0	0	0	0	0	0	0	0	0	0	unique	1	no	1	1	1	1
HGNC:18553	PLLP	Q9Y342	ENSG00000102934	51090	0	1	0	0	0	0	0	0	0	0	0	0	0	0	0	0	0	0	0	0	0	0	0	0	unique	1	yes	0	0	0	0
HGNC:18554	PLA2G12A	Q9BZM1	ENSG00000123739	81579			0	0	0	0	0	0	0	0	0	0	0	0	0	0	0	0	0	0	0	0	0	0	unique	0	no	0	0	0	0
HGNC:18582	ADGRL2	O95490	ENSG00000117114	23266	1	1	0	0	1	0	0	0	0	0	0	0	1	1	0	0	0	0	0	0	0	0	0	0	unique	1	yes	0	0	0	0
HGNC:18584	IFNLR1	Q8IU57	ENSG00000185436	163702	1	1	0	0	0	0	0	0	0	0	0	0	0	0	0	0	0	0	0	0	0	0	0	0	unique	1	yes	1	1	1	1
HGNC:186	ADA	P00813	ENSG00000196839	100	0	0	0	0	1	0	0	0	0	0	0	0	1	1	0	0	0	0	0	0	0	0	0	0	unique	1	yes	0	0	0	0
HGNC:18601	RTN4R	Q9BZR6	ENSG00000040608	65078	0	1	0	0	1	0	0	0	0	0	0	0	0	0	0	0	0	0	0	0	0	0	0	0	unique	1	yes	1	1	1	1
HGNC:18603	COL25A1	Q9BXS0	ENSG00000188517	84570	0	0	0	0	0	0	0	0	0	0	0	0	0	0	0	0	0	0	0	0	0	0	0	0	unique	1	yes	0	0	0	0
HGNC:18607	SLC39A6	Q13433	ENSG00000141424	25800	0	1	0	0	0	0	0	0	0	0	0	0	0	0	0	0	0	0	0	0	0	0	0	0	unique	1	yes	1	1	1	1
HGNC:18628	STAB1	Q9NY15	ENSG00000010327	23166	1	1	0	0	1	0	0	0	0	0	0	0	0	0	0	0	0	0	0	0	0	0	0	0	unique	1	yes	1	1	1	1
HGNC:18629	STAB2	Q8WWQ8	ENSG00000136011	55576	1	1	0	0	1	0	0	0	0	0	0	0	0	0	0	0	0	0	0	0	0	0	0	0	unique	1	yes	1	1	1	1
HGNC:18633	TMED8	Q6PL24	ENSG00000100580	283578	0	0	0	0	0	0	0	0	0	0	0	0	0	0	0	0	0	0	0	0	0	0	0	0	unique	1	no	0	0	0	0
HGNC:18634	UNC5D	Q6UXZ4	ENSG00000156687	137970	1	1	0	0	0	0	0	0	0	0	0	0	0	0	0	0	0	0	0	0	0	0	0	0	unique	1	yes	1	1	1	1
HGNC:18638	SYT6	Q5T7P8	ENSG00000134207	148281	0	0	0	0	0	0	0	0	0	0	0	0	0	0	0	0	0	0	0	0	0	0	0	0	unique	1	yes	0	0	0	0
HGNC:18651	ADGRD2	Q7Z7M1	ENSG00000180264	347088	0	1	0	0	0	0	0	0	0	0	0	0	0	0	0	0	0	0	0	0	0	0	0	0	unique	1	no	0	0	0	0
HGNC:18664	FAM3C	Q92520	ENSG00000196937	10447			0	0	0	0	0	0	0	0	0	0	0	0	0	0	0	0	0	0	0	0	0	0	unique	0	yes	0	0	0	0
HGNC:18665	FAM3D	Q96BQ1	ENSG00000198643	131177			0	0	0	0	0	0	0	0	0	0	0	0	0	0	0	0	0	0	0	0	0	0	unique	0	yes	0	0	0	0
HGNC:18669	PALS1	Q8N3R9	ENSG00000072415	64398	0	0	0	0	0	0	0	0	0	0	0	0	0	1	0	0	0	0	0	0	0	0	0	0	unique	1	yes	0	0	0	0
HGNC:18688	CRB2	Q5IJ48	ENSG00000148204	286204	1	1	0	0	0	0	0	0	0	0	0	0	0	0	0	0	0	0	0	0	0	0	0	0	unique	1	yes	1	1	1	1
HGNC:18710	LGI2	Q8N0V4	ENSG00000153012	55203			0	0	1	0	0	0	0	0	0	0	0	0	0	0	0	0	0	0	0	0	0	0	unique	0	yes	0	0	0	0
HGNC:18711	LGI3	Q8N145	ENSG00000168481	203190			0	0	1	0	0	0	0	0	0	0	0	0	0	0	0	0	0	0	0	0	0	0	unique	0	yes	0	0	0	0
HGNC:18712	LGI4	Q8N135	ENSG00000153902	163175			0	0	1	1	0	0	0	1	0	0	0	0	0	0	0	0	0	0	1	0	0	0	unique	0	yes	0	0	0	0
HGNC:18717	ABHD2	P08910	ENSG00000140526	11057	1	1	0	0	0	0	0	0	0	0	0	0	0	0	0	0	0	0	0	0	0	0	0	0	unique	1	yes	0	0	0	0
HGNC:18718	ABHD3	Q8WU67	ENSG00000158201	171586	0	0	0	0	0	0	0	0	0	0	0	0	0	0	0	0	0	0	0	0	0	0	0	0	unique	1	no	0	0	0	0
HGNC:18725	LEMD1	Q68G75	ENSG00000186007	93273	0	0	0	0	0	0	0	0	0	0	0	0	0	0	0	0	0	0	0	0	0	0	0	0	unique	1	no	0	0	0	0
HGNC:18731	PDCD1LG2	Q9BQ51	ENSG00000197646	80380	1	1	0	0	0	0	0	0	0	0	0	0	0	0	0	0	0	0	0	0	0	0	0	0	unique	1	yes	1	1	1	1
HGNC:18742	PNMA3	Q9UL41	ENSG00000183837	29944			0	0	0	0	0	0	0	0	0	0	0	0	0	0	0	0	0	0	0	0	0	0	unique	0	no	0	0	0	0
HGNC:18747	CNTNAP4	Q9C0A0	ENSG00000152910	85445	1	1	0	0	1	0	0	0	0	0	0	0	0	0	0	0	0	0	0	0	0	0	0	0	unique	1	yes	1	1	1	1
HGNC:18748	CNTNAP5	Q8WYK1	ENSG00000155052	129684	1	1	0	0	1	0	0	0	0	0	0	0	0	0	0	0	0	0	0	0	0	0	0	0	unique	1	no	1	1	1	1
HGNC:1876	CFLAR	O15519	ENSG00000003402	8837	0	0	0	0	1	0	0	0	0	0	0	0	0	0	0	0	0	0	0	0	0	0	0	0	unique	1	yes	0	0	0	0
HGNC:18760	PCNX3	Q9H6A9	ENSG00000197136	399909			0	0	1	0	0	0	0	0	0	0	0	0	0	0	0	0	0	0	0	0	0	0	unique	0	no	0	0	0	0
HGNC:18761	SLC36A1	Q7Z2H8	ENSG00000123643	206358	0	1	0	0	0	0	0	0	0	0	0	0	1	1	0	0	0	0	0	0	0	0	0	0	unique	1	yes	1	0	0	0
HGNC:18762	SLC36A2	Q495M3	ENSG00000186335	153201	0	1	0	0	0	0	0	0	0	0	0	0	0	0	0	0	0	0	0	0	0	0	0	0	unique	1	yes	1	0	0	0
HGNC:18788	KLRK1	P26718	ENSG00000213809	22914	1	1	0	0	1	0	0	0	0	0	0	0	0	0	0	0	0	1	1	1	1	1	1	1	unique	1	yes	1	1	1	1
HGNC:18790	NSG1	P42857	ENSG00000168824	27065			0	0	0	0	0	0	0	0	0	0	0	0	0	0	0	0	0	0	0	0	0	0	unique	0	yes	0	0	0	0
HGNC:18797	KREMEN2	Q8NCW0	ENSG00000131650	79412	1	1	0	0	1	0	0	0	0	0	0	0	0	0	0	0	0	0	0	0	0	0	0	0	unique	1	yes	1	1	1	1
HGNC:18798	SLC44A1	Q8WWI5	ENSG00000070214	23446	0	1	0	0	0	0	0	0	0	0	0	0	1	1	0	0	0	0	0	0	0	0	0	0	unique	1	yes	1	1	1	1
HGNC:188	ADAM10	O14672	ENSG00000137845	102	1	1	0	0	1	0	0	1	1	1	0	0	1	1	1	0	0	1	1	1	1	1	1	1	unique	1	yes	1	1	0	1
HGNC:18810	CATSPER2	Q96P56	ENSG00000166762	117155	0	0	0	0	0	0	0	0	0	0	0	0	0	0	0	0	0	0	0	0	0	0	0	0	unique	1	yes	0	0	0	0
HGNC:18816	KIRREL2	Q6UWL6	ENSG00000126259	84063	1	1	0	0	1	0	0	0	0	0	0	0	0	0	0	0	0	0	0	0	0	0	0	0	unique	1	yes	1	1	1	1
HGNC:18821	LIPI	Q6XZB0	ENSG00000188992	149998	0	0	0	0	0	0	0	0	0	0	0	0	0	0	0	0	0	0	0	0	0	0	0	0	unique	1	yes	0	0	0	0
HGNC:18823	TMEM9	Q9P0T7	ENSG00000116857	252839	0	0	0	0	0	0	0	0	0	0	0	0	1	1	0	0	0	0	0	0	0	0	0	0	unique	1	yes	1	1	1	1
HGNC:18825	SERINC5	Q86VE9	ENSG00000164300	256987	0	1	0	0	0	0	0	0	0	0	0	0	0	0	0	0	0	0	0	0	0	0	0	0	unique	1	no	1	0	0	0
HGNC:18831	CTHRC1	Q96CG8	ENSG00000164932	115908			0	0	0	0	0	0	0	0	0	0	0	0	0	0	0	0	0	0	0	0	0	0	unique	0	yes	0	0	0	0
HGNC:1884	CFTR	P13569	ENSG00000001626	1080	0	1	0	0	1	1	0	1	0	1	0	0	1	1	0	1	0	1	0	1	1	0	1	0	unique	1	yes	0	0	0	1
HGNC:18860	ASAH2	Q9NR71	ENSG00000188611	56624	1	1	0	0	0	0	0	0	0	0	0	0	0	0	0	0	0	0	0	0	0	0	0	0	unique	1	yes	0	0	0	0
HGNC:18861	KCNV1	Q6PIU1	ENSG00000164794	27012	0	1	0	0	0	0	0	0	0	0	0	0	0	0	0	0	0	0	0	0	0	0	0	0	unique	1	no	0	0	0	0
HGNC:18862	KCNH6	Q9H252	ENSG00000173826	81033	0	1	0	0	0	0	0	0	0	0	0	0	0	0	0	0	0	0	0	0	0	0	0	0	unique	1	yes	0	0	0	0
HGNC:18863	KCNH7	Q9NS40	ENSG00000184611	90134	0	1	0	0	0	0	0	0	0	0	0	0	0	0	0	0	0	0	0	0	0	0	0	0	unique	1	no	0	0	0	0
HGNC:18864	KCNH8	Q96L42	ENSG00000183960	131096	0	1	0	0	1	0	0	0	0	0	0	0	0	0	0	0	0	0	0	0	0	0	0	0	unique	1	no	0	0	0	0
HGNC:18865	KCNT1	Q5JUK3	ENSG00000107147	57582	0	1	0	0	0	0	0	0	0	0	0	0	0	1	0	0	0	0	0	0	0	0	0	0	unique	1	yes	0	0	0	0
HGNC:18866	KCNT2	Q6UVM3	ENSG00000162687	343450	0	1	0	0	0	0	0	0	0	0	0	0	0	0	0	0	0	0	0	0	0	0	0	0	unique	1	yes	0	0	0	0
HGNC:18867	KCNU1	A8MYU2	ENSG00000215262	157855	0	0	0	0	0	0	0	0	0	0	0	0	0	0	0	0	0	0	0	0	0	0	0	0	unique	1	no	0	0	0	0
HGNC:18874	LAT	O43561	ENSG00000213658	27040	0	0	0	0	1	0	0	0	0	0	0	0	0	0	0	0	0	0	0	0	0	0	0	0	unique	1	no	0	0	0	0
HGNC:18875	TAS2R43	P59537	ENSG00000255374	259289	0	1	0	0	0	0	0	0	0	0	0	0	1	1	0	1	0	0	0	0	1	0	1	0	unique	1	yes	0	0	0	1
HGNC:18876	TAS2R45	P59539	ENSG00000261936	259291	0	1	0	0	0	0	0	0	0	0	0	0	0	0	0	0	0	0	0	0	0	0	0	0	unique	1	yes	0	0	0	0
HGNC:18877	TAS2R46	P59540	ENSG00000226761	259292	0	1	0	0	0	0	0	0	0	0	0	0	1	1	0	1	0	0	0	0	1	0	1	0	unique	1	yes	1	0	0	1
HGNC:18882	TAS2R50	P59544	ENSG00000212126	259296	0	1	0	0	0	0	0	0	0	0	0	0	0	0	0	0	0	0	0	0	0	0	0	0	unique	1	yes	0	0	0	0
HGNC:18883	TAS2R41	P59536	ENSG00000221855	259287	0	1	0	0	0	0	0	0	0	0	0	0	0	0	0	0	0	0	0	0	0	0	0	0	unique	1	yes	0	0	0	0
HGNC:18885	TAS2R40	P59535	ENSG00000221937	259286	0	1	0	0	1	0	0	0	0	0	0	0	0	0	0	0	0	0	0	0	0	0	0	0	unique	1	yes	0	0	0	0
HGNC:18886	TAS2R39	P59534	ENSG00000236398	259285	0	1	0	0	0	0	0	0	0	0	0	0	0	0	0	0	0	0	0	0	0	0	0	0	unique	1	yes	1	0	0	0
HGNC:18888	TAS2R42	Q7RTR8	ENSG00000186136	353164	0	1	0	0	0	0	0	0	0	0	0	0	0	0	0	0	0	0	0	0	0	0	0	0	unique	1	yes	0	0	0	0
HGNC:18889	STYK1	Q6J9G0	ENSG00000060140	55359	0	0	0	0	1	0	0	0	0	0	0	0	0	0	0	0	0	0	0	0	0	0	0	0	unique	1	no	0	0	0	0
HGNC:189	ADAM11	O75078	ENSG00000073670	4185	1	1	0	0	0	0	0	0	0	0	0	0	0	0	0	0	0	0	0	0	0	0	0	0	unique	1	yes	1	1	1	1
HGNC:18901	S100A14	Q9HCY8	ENSG00000189334	57402	0	0	0	0	0	0	0	0	0	0	0	0	0	0	0	0	0	0	0	0	0	0	0	0	unique	1	yes	0	0	0	0
HGNC:18958	RASGRP4	Q8TDF6	ENSG00000171777	115727	0	0	0	0	1	0	0	0	0	0	0	0	0	0	0	0	0	0	0	0	0	0	0	0	unique	1	yes	0	0	0	0
HGNC:18969	IL31RA	Q8NI17	ENSG00000164509	133396	1	1	0	0	1	0	0	0	0	0	0	0	0	0	0	0	0	0	0	1	0	0	0	0	unique	1	yes	1	1	1	1
HGNC:18985	DCXR	Q7Z4W1	ENSG00000169738	51181	0	0	0	0	1	0	0	0	0	0	0	0	1	1	0	0	0	0	0	0	0	0	0	0	unique	1	no	0	0	0	0
HGNC:18986	GBA2	Q9HCG7	ENSG00000070610	57704			0	0	0	0	0	0	0	0	0	0	0	0	0	0	0	0	0	0	0	0	0	0	unique	0	yes	0	0	0	0
HGNC:18989	ADGRF3	Q8IZF5	ENSG00000173567	165082	0	1	0	0	0	0	0	0	0	0	0	0	0	0	0	0	0	0	0	0	0	0	0	0	unique	1	no	0	0	0	0
HGNC:18990	ADGRF1	Q5T601	ENSG00000153292	266977	0	1	0	0	1	0	0	0	0	0	0	0	1	1	0	0	0	0	0	0	0	0	0	0	unique	1	yes	0	0	0	0
HGNC:18992	ADGRG4	Q8IZF6	ENSG00000156920	139378	0	1	0	0	1	0	0	0	0	0	0	0	0	0	0	0	0	0	0	0	0	0	0	0	unique	1	no	0	0	0	0
HGNC:190	ADAM12	O43184	ENSG00000148848	8038	1	1	0	0	0	0	0	0	0	0	0	0	0	0	0	0	0	0	0	0	0	0	0	0	unique	1	yes	1	1	1	1
HGNC:19000	SCARA3	Q6AZY7	ENSG00000168077	51435	1	1	0	0	1	0	0	0	0	0	0	0	0	0	0	0	0	0	0	0	0	0	0	0	unique	1	yes	0	0	0	0
HGNC:19010	ADGRG5	Q8IZF4	ENSG00000159618	221188	0	1	0	0	0	0	0	0	0	0	0	0	0	0	0	0	0	0	0	0	0	0	0	0	unique	1	no	0	0	0	0
HGNC:19011	ADGRF4	Q8IZF3	ENSG00000153294	221393	0	1	0	0	0	0	0	0	0	0	0	0	0	0	0	0	0	0	0	0	0	0	0	0	unique	1	no	0	0	0	0
HGNC:19012	CORIN	Q9Y5Q5	ENSG00000145244	10699	1	1	0	0	0	0	0	0	0	0	0	0	0	0	0	0	0	0	0	0	0	0	0	0	unique	1	yes	1	1	1	1
HGNC:19027	LRRC8A	Q8IWT6	ENSG00000136802	56262	0	1	0	0	1	0	0	0	0	0	0	0	1	1	0	0	0	0	0	0	0	0	0	0	unique	1	no	0	0	0	0
HGNC:19030	ADGRF5	Q8IZF2	ENSG00000069122	221395	0	1	0	0	1	0	0	0	0	0	0	0	0	0	0	0	0	0	0	0	0	0	0	0	unique	1	yes	0	0	0	0
HGNC:19044	FER1L5	A0AVI2	ENSG00000249715	90342	0	0	0	0	1	0	0	0	0	0	0	0	0	0	0	0	0	0	0	0	0	0	0	0	unique	1	no	0	0	0	0
HGNC:19046	SLCO5A1	Q9H2Y9	ENSG00000137571	81796	0	1	0	0	0	0	0	0	0	0	0	0	0	0	0	0	0	0	0	0	0	0	0	0	unique	1	yes	1	1	1	1
HGNC:19060	GPR119	Q8TDV5	ENSG00000147262	139760	0	1	0	0	0	0	0	0	0	0	0	0	1	1	0	0	0	0	0	0	0	0	0	0	unique	1	yes	1	0	0	0
HGNC:19061	FFAR4	Q5NUL3	ENSG00000186188	338557	0	1	0	0	0	0	0	0	0	0	0	0	1	1	0	1	0	0	0	0	1	0	1	0	unique	1	yes	1	0	0	1
HGNC:19077	NCR3	O14931	ENSG00000204475	259197	1	1	0	0	0	0	0	0	0	0	0	0	1	1	1	0	0	1	1	1	1	1	1	1	unique	1	yes	1	1	1	1
HGNC:19082	NALCN	Q8IZF0	ENSG00000102452	259232	0	1	0	0	1	0	0	0	0	0	0	0	0	1	0	0	0	0	0	0	0	0	0	0	unique	1	yes	1	1	1	1
HGNC:19084	JAML	Q86YT9	ENSG00000160593	120425	1	1	0	0	0	0	0	0	0	0	0	0	0	0	0	0	0	0	0	0	0	0	0	0	unique	1	yes	0	0	0	0
HGNC:19089	SLC30A5	Q8TAD4	ENSG00000145740	64924	0	0	0	0	1	0	0	0	0	0	0	0	0	0	0	0	0	0	0	0	0	0	0	0	unique	1	yes	0	0	0	0
HGNC:19092	PSD2	Q9BQI7	ENSG00000146005	84249	0	0	0	0	1	0	0	0	0	0	0	0	0	0	0	0	0	0	0	0	0	0	0	0	unique	1	yes	0	0	0	0
HGNC:19094	IL4I1	Q96RQ9	ENSG00000104951	259307	0	0	0	0	0	0	0	0	0	0	0	0	0	0	0	0	0	0	0	0	0	0	0	0	unique	1	no	0	0	0	0
HGNC:19100	IL23R	Q5VWK5	ENSG00000162594	149233	1	1	0	0	1	0	0	1	1	1	0	0	0	0	0	0	0	1	1	1	1	1	1	1	unique	1	yes	1	1	1	1
HGNC:19102	RIGI	O95786	ENSG00000107201	23586	0	0	0	0	0	0	0	0	0	0	0	0	1	1	0	0	0	0	0	0	0	0	0	0	unique	1	yes	0	0	0	0
HGNC:19108	TAS2R19	P59542	ENSG00000212124	259294	0	1	0	0	0	0	0	0	0	0	0	0	0	0	0	0	0	0	0	0	0	0	0	0	unique	1	yes	1	0	0	0
HGNC:19109	TAS2R20	P59543	ENSG00000255837	259295	0	1	0	0	0	0	0	0	0	0	0	0	0	0	0	0	0	0	0	0	0	0	0	0	unique	1	yes	1	0	0	0
HGNC:19112	TAS2R30	P59541	ENSG00000256188	259293	0	1	0	0	0	0	0	0	0	0	0	0	0	0	0	0	0	0	0	0	0	0	0	0	unique	1	yes	1	0	0	0
HGNC:19113	TAS2R31	P59538	ENSG00000256436	259290	0	1	0	0	0	0	0	0	0	0	0	0	0	0	0	0	0	0	0	0	0	0	0	0	unique	1	yes	0	0	0	0
HGNC:19114	TAS2R33	P0DSN6		266665	0	1	0	0	0	0	0	0	0	0	0	0	0	0	0	0	0	0	0	0	0	0	0	0	unique	1	yes	0	0	0	0
HGNC:19115	TAS2R36	P0DTE0		266666	0	1	0	0	0	0	0	0	0	0	0	0	0	0	0	0	0	0	0	0	0	0	0	0	unique	1	yes	0	0	0	0
HGNC:19119	SLC5A8	Q8N695	ENSG00000256870	160728	0	1	0	0	0	0	0	0	0	0	0	0	0	0	0	0	0	1	1	1	1	1	1	1	unique	1	yes	1	0	0	1
HGNC:19123	DNAJC9	Q8WXX5	ENSG00000213551	23234	0	0	0	0	0	0	0	0	0	0	0	0	0	0	0	0	0	0	0	0	0	0	0	0	unique	1	yes	0	0	0	0
HGNC:19137	CD276	Q5ZPR3	ENSG00000103855	80381	1	1	0	0	1	0	0	0	0	0	0	0	0	0	0	0	0	1	1	1	1	1	1	1	unique	1	no	1	1	1	1
HGNC:19142	SPACA5B	Q96QH8	ENSG00000171478	729201			0	0	0	0	0	0	0	0	0	0	0	0	0	0	0	0	0	0	0	0	0	0	shared_uniprot_ambiguous	0	no	0	0	0	0
HGNC:19147	GJD3	Q8N144	ENSG00000183153	125111	0	1	0	0	0	0	0	0	0	0	0	0	0	0	0	0	0	0	0	0	0	0	0	0	unique	1	no	0	0	0	0
HGNC:19154	GJD2	Q9UKL4	ENSG00000159248	57369	0	0	0	0	0	0	0	0	0	0	0	0	1	1	0	0	0	0	0	0	0	0	0	0	unique	1	no	1	0	0	0
HGNC:19155	GJA9	P57773	ENSG00000131233	81025	0	1	0	0	0	0	0	0	0	0	0	0	0	0	0	0	0	0	0	0	0	0	0	0	unique	1	no	0	0	0	0
HGNC:19168	TINAGL1	Q9GZM7	ENSG00000142910	64129			0	0	1	1	0	0	0	1	0	0	0	0	0	0	0	0	0	0	1	0	0	0	unique	0	yes	0	0	0	0
HGNC:19172	CMTM1	Q8IZ96	ENSG00000089505	113540			0	0	0	0	0	0	0	0	0	0	0	0	0	0	0	0	0	0	0	0	0	0	unique	0	no	0	0	0	0
HGNC:19173	CMTM2	Q8TAZ6	ENSG00000140932	146225			0	0	0	0	0	0	0	0	0	0	0	0	0	0	0	0	0	0	0	0	0	0	unique	0	no	0	0	0	0
HGNC:19174	CMTM3	Q96MX0	ENSG00000140931	123920			0	0	0	0	0	0	0	0	0	0	0	0	0	0	0	0	0	0	0	0	0	0	unique	0	no	0	0	0	0
HGNC:19175	CMTM4	Q8IZR5	ENSG00000183723	146223	0	1	0	0	0	0	0	0	0	0	0	0	0	0	0	0	0	0	0	0	0	0	0	0	unique	1	no	0	0	0	0
HGNC:19176	CMTM5	Q96DZ9	ENSG00000166091	116173			0	0	0	0	0	0	0	0	0	0	0	0	0	0	0	0	0	0	0	0	0	0	unique	0	no	0	0	0	0
HGNC:19177	CMTM6	Q9NX76	ENSG00000091317	54918	0	1	0	0	0	0	0	0	0	0	0	0	0	0	0	0	0	0	0	0	0	0	0	0	unique	1	yes	0	0	0	0
HGNC:19178	CMTM7	Q96FZ5	ENSG00000153551	112616	0	1	0	0	0	0	0	0	0	0	0	0	0	0	0	0	0	0	0	0	0	0	0	0	unique	1	no	0	0	0	0
HGNC:19179	CMTM8	Q8IZV2	ENSG00000170293	152189			0	0	0	0	0	0	0	0	0	0	0	0	0	0	0	0	0	0	0	0	0	0	unique	0	no	0	0	0	0
HGNC:19183	HCN3	Q9P1Z3	ENSG00000143630	57657	0	1	0	0	1	0	0	0	0	0	0	0	1	1	0	0	0	0	0	0	0	0	0	0	unique	1	yes	0	0	0	0
HGNC:19185	FRAS1	Q86XX4	ENSG00000138759	80144	0	0	0	0	1	1	1	0	0	1	0	0	0	0	0	0	0	0	0	0	1	1	0	0	unique	1	no	1	1	1	1
HGNC:19191	DOCK8	Q8NF50	ENSG00000107099	81704	0	0	0	0	0	0	0	0	0	0	0	0	0	0	0	0	0	0	0	0	0	0	0	0	unique	1	no	0	0	0	0
HGNC:19205	STIM2	Q9P246	ENSG00000109689	57620	0	0	0	0	0	0	0	0	0	0	0	0	0	0	0	0	0	0	0	0	0	0	0	0	unique	1	yes	0	0	0	0
HGNC:19214	SHKBP1	Q8TBC3	ENSG00000160410	92799	0	0	0	0	1	0	0	0	0	0	0	0	0	0	0	0	0	0	0	0	0	0	0	0	unique	1	yes	0	0	0	0
HGNC:19223	EDDM3B	P56851	ENSG00000181552	64184			0	0	0	0	0	0	0	0	0	0	0	0	0	0	0	0	0	0	0	0	0	0	unique	0	no	0	0	0	0
HGNC:19231	CATSPERZ	Q9NTU4	ENSG00000219435	25858	0	0	0	0	1	0	0	0	0	0	0	0	0	0	0	0	0	0	0	0	0	0	0	0	unique	1	yes	0	0	0	0
HGNC:19239	SYT11	Q9BT88	ENSG00000132718	23208	0	0	0	0	1	0	0	0	0	0	0	0	0	0	0	0	0	0	0	0	0	0	0	0	unique	1	no	0	0	0	0
HGNC:19241	ADGRG7	Q96K78	ENSG00000144820	84873	0	1	0	0	0	0	0	0	0	0	0	0	0	0	0	0	0	0	0	0	0	0	0	0	unique	1	no	0	0	0	0
HGNC:19254	PLAC8	Q9NZF1	ENSG00000145287	51316			0	0	0	0	0	0	0	0	0	0	0	0	0	0	0	0	0	0	0	0	0	0	unique	0	no	0	0	0	0
HGNC:19255	PLAC9	Q5JTB6	ENSG00000189129	219348			0	0	0	0	0	0	0	0	0	0	0	0	0	0	0	0	0	0	0	0	0	0	unique	0	no	0	0	0	0
HGNC:19260	LTB4R2	Q9NPC1	ENSG00000213906	56413	0	1	0	0	1	0	0	0	0	0	0	0	0	0	0	0	0	0	0	0	0	0	0	0	unique	1	yes	1	1	1	1
HGNC:19263	LMAN2L	Q9H0V9	ENSG00000114988	81562	0	0	0	0	0	0	0	0	0	0	0	0	0	0	0	0	0	0	0	0	0	0	0	0	unique	1	no	1	1	1	1
HGNC:19264	SYT8	Q8NBV8	ENSG00000149043	90019	1	1	0	0	0	0	0	0	0	0	0	0	0	0	0	0	0	0	0	0	0	0	0	0	unique	1	yes	0	0	0	0
HGNC:19267	MDGA1	Q8NFP4	ENSG00000112139	266727	0	1	0	0	1	0	0	0	0	0	0	0	0	0	0	0	0	0	0	0	0	0	0	0	unique	1	yes	1	1	1	1
HGNC:19269	RNASE11	Q8TAA1	ENSG00000173464	122651			0	0	0	0	0	0	0	0	0	0	0	0	0	0	0	0	0	0	0	0	0	0	unique	0	no	0	0	0	0
HGNC:19275	RNASE10	Q5GAN6	ENSG00000182545	338879			0	0	0	0	0	0	0	0	0	0	0	0	0	0	0	0	0	0	0	0	0	0	unique	0	no	0	0	0	0
HGNC:19290	CSMD2	Q7Z408	ENSG00000121904	114784	1	1	0	0	1	0	0	0	0	0	0	0	0	0	0	0	0	0	0	0	0	0	0	0	unique	1	no	1	1	1	1
HGNC:19291	CSMD3	Q7Z407	ENSG00000164796	114788	1	1	0	0	1	0	0	0	0	0	0	0	0	0	0	0	0	0	0	0	0	0	0	0	unique	1	no	0	0	0	0
HGNC:19295	LMTK3	Q96Q04	ENSG00000142235	114783			0	0	1	0	0	0	0	0	0	0	0	0	0	0	0	0	0	0	0	0	0	0	unique	0	no	0	0	0	0
HGNC:19296	EPHA6	Q9UF33	ENSG00000080224	285220	1	1	0	0	1	0	0	0	0	0	0	0	0	0	0	0	0	0	0	0	0	0	0	0	unique	1	yes	1	1	1	1
HGNC:19297	TNK2	Q07912	ENSG00000061938	10188	0	0	0	0	0	0	0	0	0	0	0	0	1	1	0	0	0	0	0	0	0	0	0	0	unique	1	yes	0	0	0	0
HGNC:19299	PIP4P1	Q86T03	ENSG00000165782	90809			0	0	0	0	0	0	0	0	0	0	0	0	0	0	0	0	0	0	0	0	0	0	unique	0	yes	0	0	0	0
HGNC:193	ADAM15	Q13444	ENSG00000143537	8751	1	1	0	0	1	0	0	0	0	0	0	0	0	0	0	0	0	0	0	0	0	0	0	0	unique	1	yes	1	1	1	1
HGNC:1930	CHGB	P05060	ENSG00000089199	1114			0	0	0	0	0	0	0	0	0	0	0	0	0	0	0	0	0	0	0	0	0	0	unique	0	no	0	0	0	0
HGNC:19300	STX19	Q8N4C7	ENSG00000178750	415117	0	0	0	0	0	0	0	0	0	0	0	0	0	0	0	0	0	0	0	0	0	0	0	0	unique	1	yes	0	0	0	0
HGNC:19305	SLC30A6	Q6NXT4	ENSG00000152683	55676	0	0	0	0	0	0	0	0	0	0	0	0	0	0	0	0	0	0	0	0	0	0	0	0	unique	1	no	0	0	0	0
HGNC:19307	SDK1	Q7Z5N4	ENSG00000146555	221935	1	1	0	0	0	0	0	0	0	0	0	0	0	0	0	0	0	0	0	0	0	0	0	0	unique	1	yes	1	1	1	1
HGNC:19308	SDK2	Q58EX2	ENSG00000069188	54549	1	1	0	0	1	0	0	0	0	0	0	0	0	0	0	0	0	0	0	0	0	0	0	0	unique	1	yes	1	1	1	1
HGNC:19309	KANK1	Q14678	ENSG00000107104	23189	0	0	0	0	1	0	0	0	0	0	0	0	0	0	0	0	0	0	0	0	0	0	0	0	unique	1	no	0	0	0	0
HGNC:19319	CD300A	Q9UGN4	ENSG00000167851	11314	1	1	0	0	0	0	0	0	0	0	0	0	0	0	0	0	0	0	0	0	0	0	0	0	unique	1	yes	1	1	1	1
HGNC:19320	CD300C	Q08708	ENSG00000167850	10871	1	1	0	0	0	0	0	0	0	0	0	0	0	0	0	0	0	0	0	0	0	0	0	0	unique	1	yes	1	1	1	1
HGNC:1935	CHIC2	Q9UKJ5	ENSG00000109220	26511	0	1	0	0	1	0	0	0	0	0	0	0	0	0	0	0	0	0	0	0	0	0	0	0	unique	1	no	0	0	0	0
HGNC:19359	C1QL3	Q5VWW1	ENSG00000165985	389941			0	0	0	0	0	0	0	0	0	0	0	0	0	0	0	0	0	0	0	0	0	0	unique	0	yes	0	0	0	0
HGNC:1939	CHL1	O00533	ENSG00000134121	10752	1	1	0	0	0	0	0	0	0	0	0	0	0	0	0	0	0	0	0	0	0	0	0	0	unique	1	yes	1	1	1	1
HGNC:19391	SOCS3	O14543	ENSG00000184557	9021	0	0	0	0	0	0	0	0	0	0	0	0	0	0	0	0	0	0	0	0	0	0	0	0	unique	1	yes	0	0	0	0
HGNC:19408	LRRTM1	Q86UE6	ENSG00000162951	347730	1	1	0	0	0	0	0	0	0	0	0	0	0	0	0	0	0	0	0	0	0	0	0	0	unique	1	yes	0	0	0	0
HGNC:19409	LRRTM2	O43300	ENSG00000146006	26045	1	1	0	0	0	0	0	0	0	0	0	0	0	0	0	0	0	0	0	0	0	0	0	0	unique	1	yes	1	1	1	1
HGNC:19410	LRRTM3	Q86VH5	ENSG00000198739	347731	1	1	0	0	0	0	0	0	0	0	0	0	0	0	0	0	0	0	0	0	0	0	0	0	unique	1	yes	1	1	1	1
HGNC:19411	LRRTM4	Q86VH4	ENSG00000176204	80059	1	1	0	0	0	0	0	0	0	0	0	0	0	0	0	0	0	0	0	0	0	0	0	0	unique	1	yes	1	1	1	1
HGNC:19412	ZMYND10	O75800	ENSG00000004838	51364	0	0	0	0	0	0	0	0	0	0	0	0	0	0	0	0	0	0	0	0	0	0	0	0	unique	1	no	0	0	0	0
HGNC:19420	STOML3	Q8TAV4	ENSG00000133115	161003	0	1	0	0	0	0	0	0	0	0	0	0	0	0	0	0	0	0	0	0	0	0	0	0	unique	1	yes	0	0	0	0
HGNC:19429	SLC41A1	Q8IVJ1	ENSG00000133065	254428	0	1	0	0	0	0	0	0	0	0	0	0	0	0	0	0	0	0	0	0	0	0	0	0	unique	1	yes	1	0	0	0
HGNC:19439	KCNK18	Q7Z418	ENSG00000186795	338567	0	1	0	0	0	0	0	0	0	0	0	0	0	0	0	0	0	0	0	0	0	0	0	0	unique	1	no	1	1	1	1
HGNC:195	ADAM17	P78536	ENSG00000151694	6868	1	1	0	0	1	1	1	0	0	1	0	0	1	1	1	1	1	1	1	1	1	1	1	1	unique	1	yes	1	1	1	1
HGNC:1950	CHRM1	P11229	ENSG00000168539	1128	0	1	0	0	1	0	0	0	0	0	0	0	1	1	1	1	0	0	0	0	1	0	1	0	unique	1	yes	1	0	0	1
HGNC:1951	CHRM2	P08172	ENSG00000181072	1129	0	1	0	0	1	0	0	1	0	1	0	0	1	1	0	1	0	1	0	1	1	0	1	0	unique	1	yes	1	0	0	1
HGNC:1952	CHRM3	P20309	ENSG00000133019	1131	0	1	0	0	1	0	0	0	0	0	0	0	1	1	0	1	0	0	0	0	1	0	1	0	unique	1	yes	1	0	0	1
HGNC:1953	CHRM4	P08173	ENSG00000180720	1132	0	1	0	0	0	0	0	0	0	0	0	0	1	1	1	1	0	0	0	0	1	0	1	0	unique	1	yes	1	0	0	1
HGNC:1954	CHRM5	P08912	ENSG00000184984	1133	0	1	0	0	0	0	0	0	0	0	0	0	1	1	0	1	0	0	0	0	1	0	1	0	unique	1	yes	1	0	0	1
HGNC:1955	CHRNA1	P02708	ENSG00000138435	1134	0	1	0	0	1	0	0	0	0	1	0	0	1	1	1	0	0	1	1	1	1	1	1	1	unique	1	yes	1	1	1	1
HGNC:1956	CHRNA2	Q15822	ENSG00000120903	1135	0	1	0	0	1	0	0	0	0	0	0	0	1	1	1	0	0	0	0	0	0	0	0	0	unique	1	yes	1	1	1	1
HGNC:19562	OR2A25	A4D2G3	ENSG00000221933	392138	0	0	0	0	0	0	0	0	0	0	0	0	0	0	0	0	0	0	0	0	0	0	0	0	unique	1	yes	1	0	0	0
HGNC:19569	OR2AK2	Q8NG84	ENSG00000187080	391191	0	0	0	0	0	0	0	0	0	0	0	0	0	0	0	0	0	0	0	0	0	0	0	0	unique	1	yes	1	0	0	0
HGNC:1957	CHRNA3	P32297	ENSG00000080644	1136	0	1	0	0	1	0	0	1	1	1	0	0	1	1	1	1	1	1	1	1	1	1	1	1	unique	1	yes	1	1	1	1
HGNC:19573	OR2T10	Q8NGZ9	ENSG00000184022	127069	0	0	0	0	0	0	0	0	0	0	0	0	0	0	0	0	0	0	0	0	0	0	0	0	unique	1	yes	1	0	0	0
HGNC:19574	OR2T11	Q8NH01	ENSG00000279301	127077	0	0	0	0	0	0	0	0	0	0	0	0	0	0	0	0	0	0	0	0	0	0	0	0	unique	1	yes	1	0	0	0
HGNC:19575	OR14I1	A6ND48	ENSG00000189181	401994	0	1	0	0	0	0	0	0	0	0	0	0	0	0	0	0	0	0	0	0	0	0	0	0	unique	1	yes	1	0	0	0
HGNC:19576	OR2M5	A3KFT3	ENSG00000162727	127059	0	0	0	0	0	0	0	0	0	0	0	0	0	0	0	0	0	0	0	0	0	0	0	0	unique	1	no	1	0	0	0
HGNC:19578	OR2L13	Q8N349	ENSG00000196071	284521	0	1	0	0	0	0	0	0	0	0	0	0	0	0	0	0	0	0	0	0	0	0	0	0	unique	1	yes	1	0	0	0
HGNC:1958	CHRNA4	P43681	ENSG00000101204	1137	0	1	0	0	0	0	0	0	0	0	0	0	1	1	1	1	1	0	0	1	1	1	1	1	unique	1	yes	1	1	1	1
HGNC:19580	OR52A5	Q9H2C5	ENSG00000171944	390054	0	1	0	0	0	0	0	0	0	0	0	0	0	0	0	0	0	0	0	0	0	0	0	0	unique	1	yes	1	0	0	0
HGNC:19583	OR4F21	O95013	ENSG00000176269	441308	0	0	0	0	0	0	0	0	0	0	0	0	0	0	0	0	0	0	0	0	0	0	0	0	unique	1	no	1	0	0	0
HGNC:1959	CHRNA5	P30532	ENSG00000169684	1138	0	1	0	0	0	0	0	0	0	0	0	0	0	0	0	0	0	0	0	0	0	0	0	0	unique	1	yes	1	1	1	1
HGNC:19592	OR2T12	Q8NG77	ENSG00000177201	127064	0	0	0	0	0	0	0	0	0	0	0	0	0	0	0	0	0	0	0	0	0	0	0	0	unique	1	no	1	0	0	0
HGNC:19594	OR2M7	Q8NG81	ENSG00000177186	391196	0	0	0	0	0	0	0	0	0	0	0	0	0	0	0	0	0	0	0	0	0	0	0	0	unique	1	yes	1	0	0	0
HGNC:19597	OR51V1	Q9H2C8	ENSG00000176742	283111	0	1	0	0	0	0	0	0	0	0	0	0	0	0	0	0	0	0	0	0	0	0	0	0	unique	1	no	1	0	0	0
HGNC:19599	OR51B5	Q9H339	ENSG00000167355	282763	0	0	0	0	0	0	0	0	0	0	0	0	0	0	0	0	0	0	0	0	0	0	0	0	unique	1	yes	1	0	0	0
HGNC:196	ADAM18	Q9Y3Q7	ENSG00000168619	8749	0	0	0	0	0	0	0	0	0	0	0	0	0	0	0	0	0	0	0	0	0	0	0	0	unique	1	yes	1	1	1	1
HGNC:1960	CHRNA7	P36544	ENSG00000175344	1139	0	1	0	0	1	0	0	0	0	0	0	0	1	1	1	0	0	1	1	1	1	1	1	1	unique	1	yes	1	1	1	1
HGNC:19600	OR51B6	Q9H340	ENSG00000176239	390058	0	0	0	0	0	0	0	0	0	0	0	0	0	0	0	0	0	0	0	0	0	0	0	0	unique	1	no	1	0	0	0
HGNC:19607	OR10AG1	Q8NH19	ENSG00000174970	282770	0	0	0	0	0	0	0	0	0	0	0	0	0	0	0	0	0	0	0	0	0	0	0	0	unique	1	yes	1	0	0	0
HGNC:1961	CHRNB1	P11230	ENSG00000170175	1140	0	1	0	0	1	0	0	0	0	0	0	0	1	1	0	0	0	1	1	1	1	1	1	1	unique	1	yes	1	1	1	1
HGNC:19611	OR8U1	Q8NH10	ENSG00000172199	219417	0	0	0	0	0	0	0	0	0	0	0	0	0	0	0	0	0	0	0	0	0	0	0	0	unique	1	no	1	0	0	0
HGNC:19612	OR5J2	Q8NH18	ENSG00000174957	282775	0	0	0	0	0	0	0	0	0	0	0	0	0	0	0	0	0	0	0	0	0	0	0	0	unique	1	no	1	0	0	0
HGNC:19616	OR5B21	A6NL26	ENSG00000198283	219968	0	0	0	0	0	0	0	0	0	0	0	0	0	0	0	0	0	0	0	0	0	0	0	0	unique	1	no	1	0	0	0
HGNC:1962	CHRNB2	P17787	ENSG00000160716	1141	0	1	0	0	1	0	0	1	1	1	0	0	1	1	1	0	0	1	1	1	1	1	1	1	unique	1	yes	1	0	0	1
HGNC:19620	OR2AT4	A6NND4	ENSG00000171561	341152	0	0	0	0	0	0	0	0	0	0	0	0	0	0	0	0	0	0	0	0	0	0	0	0	unique	1	yes	1	0	0	0
HGNC:19622	OR8G5	Q8NG78	ENSG00000255298	219865	0	0	0	0	0	0	0	0	0	0	0	0	0	0	0	0	0	0	0	0	0	0	0	0	unique	1	yes	1	0	0	0
HGNC:19627	OR5BS1	A0A2R8YED5	ENSG00000198678	390313	0	0	0	0	0	0	0	0	0	0	0	0	0	0	0	0	0	0	0	0	0	0	0	0	unique	1	no	0	0	0	0
HGNC:19628	OR8S1	Q8NH09	ENSG00000284723	341568	0	0	0	0	0	0	0	0	0	0	0	0	0	0	0	0	0	0	0	0	0	0	0	0	unique	1	no	1	0	0	0
HGNC:1963	CHRNB3	Q05901	ENSG00000147432	1142	0	1	0	0	0	0	0	0	0	0	0	0	1	1	1	0	0	0	0	0	0	0	0	0	unique	1	yes	1	1	1	1
HGNC:19632	OR6C4	Q8NGE1	ENSG00000179626	341418	0	0	0	0	0	0	0	0	0	0	0	0	0	0	0	0	0	0	0	0	0	0	0	0	unique	1	no	1	0	0	0
HGNC:1964	CHRNB4	P30926	ENSG00000117971	1143	0	1	0	0	0	0	0	0	0	0	0	0	1	1	1	0	0	1	1	1	1	1	1	1	unique	1	yes	1	1	1	1
HGNC:1965	CHRND	Q07001	ENSG00000135902	1144	0	1	0	0	1	0	0	0	0	0	0	0	1	1	1	0	0	1	1	1	1	1	1	1	unique	1	yes	1	1	1	1
HGNC:19656	OTOP1	Q7RTM1	ENSG00000163982	133060	0	1	0	0	0	0	0	0	0	0	0	0	0	0	0	0	0	0	0	0	0	0	0	0	unique	1	yes	1	0	0	0
HGNC:19657	OTOP2	Q7RTS6	ENSG00000183034	92736	0	1	0	0	0	0	0	0	0	0	0	0	0	0	0	0	0	0	0	0	0	0	0	0	unique	1	yes	1	0	0	0
HGNC:19658	OTOP3	Q7RTS5	ENSG00000182938	347741	0	1	0	0	1	0	0	0	0	0	0	0	0	0	0	0	0	0	0	0	0	0	0	0	unique	1	yes	0	0	0	0
HGNC:19659	SLC36A3	Q495N2	ENSG00000186334	285641	0	0	0	0	0	0	0	0	0	0	0	0	0	0	0	0	0	0	0	0	0	0	0	0	unique	1	yes	1	0	0	0
HGNC:1966	CHRNE	Q04844	ENSG00000108556	1145	0	1	0	0	1	0	0	0	0	0	0	0	1	1	1	0	0	1	1	1	1	1	1	1	unique	1	yes	1	1	1	1
HGNC:19660	SLC36A4	Q6YBV0	ENSG00000180773	120103	0	0	0	0	0	0	0	0	0	0	0	0	0	0	0	0	0	0	0	0	0	0	0	0	unique	1	yes	1	0	0	0
HGNC:1967	CHRNG	P07510	ENSG00000196811	1146	0	0	0	0	0	0	0	0	0	0	0	0	0	0	0	0	0	0	0	0	0	0	0	0	unique	1	yes	1	1	1	1
HGNC:19680	GPBAR1	Q8TDU6	ENSG00000179921	151306	0	1	0	0	0	0	0	0	0	0	0	0	1	1	0	0	0	0	0	0	0	0	0	0	unique	1	yes	1	0	0	0
HGNC:19688	NECTIN4	Q96NY8	ENSG00000143217	81607	1	1	0	0	1	1	1	0	0	1	0	0	0	0	0	0	0	1	1	1	1	1	1	1	unique	1	yes	0	0	0	1
HGNC:19695	FGFBP1	Q14512	ENSG00000137440	9982			0	0	0	0	0	0	0	0	0	0	0	0	0	0	0	0	0	0	0	0	0	0	unique	0	yes	0	0	0	0
HGNC:19697	KCNG4	Q8TDN1	ENSG00000168418	93107	0	1	0	0	0	0	0	0	0	0	0	0	0	0	0	0	0	0	0	0	0	0	0	0	unique	1	no	1	0	0	0
HGNC:19698	KCNV2	Q8TDN2	ENSG00000168263	169522	0	1	0	0	0	0	0	0	0	0	0	0	0	0	0	0	0	0	0	0	0	0	0	0	unique	1	no	1	0	0	0
HGNC:197	ADAM19	Q9H013	ENSG00000135074	8728	1	1	0	0	1	0	0	0	0	0	0	0	0	0	0	0	0	0	0	0	0	0	0	0	unique	1	yes	1	1	1	1
HGNC:19700	CNKSR1	Q969H4	ENSG00000142675	10256			0	0	1	0	0	0	0	0	0	0	0	0	0	0	0	0	0	0	0	0	0	0	unique	0	yes	0	0	0	0
HGNC:19706	ADAMTSL4	Q6UY14	ENSG00000143382	54507	0	0	0	0	1	0	0	0	0	0	0	0	0	0	0	0	0	0	0	0	0	0	0	0	unique	1	yes	0	0	0	0
HGNC:19711	DISP1	Q96F81	ENSG00000154309	84976	0	1	0	0	1	0	0	0	0	0	0	0	0	0	0	0	0	0	0	0	0	0	0	0	unique	1	yes	1	1	1	1
HGNC:19712	DISP2	A7MBM2	ENSG00000140323	85455	0	1	0	0	1	0	0	0	0	0	0	0	0	0	0	0	0	0	0	0	0	0	0	0	unique	1	no	1	1	1	1
HGNC:19716	GSG1	Q2KHT4	ENSG00000111305	83445	0	0	0	0	1	0	0	0	0	0	0	0	0	0	0	0	0	0	0	0	0	0	0	0	unique	1	no	1	1	1	1
HGNC:19718	RXFP1	Q9HBX9	ENSG00000171509	59350	0	1	0	0	1	0	0	0	0	0	0	0	0	0	0	0	0	0	0	1	0	0	0	0	unique	1	yes	1	1	1	1
HGNC:19719	LGR6	Q9HBX8	ENSG00000133067	59352	0	1	0	0	0	0	0	0	0	0	0	0	0	0	0	0	0	0	0	0	0	0	0	0	unique	1	yes	1	1	1	1
HGNC:19721	CANT1	Q8WVQ1	ENSG00000171302	124583	0	0	0	0	0	0	0	0	0	0	0	0	1	1	0	0	0	0	0	0	0	0	0	0	unique	1	yes	0	0	0	0
HGNC:19740	PCNX1	Q96RV3	ENSG00000100731	22990	0	0	0	0	1	0	0	0	0	0	0	0	0	0	0	0	0	0	0	0	0	0	0	0	unique	1	no	1	1	1	1
HGNC:19747	EVC2	Q86UK5	ENSG00000173040	132884	0	0	0	0	1	0	0	0	0	0	0	0	0	0	0	0	0	0	0	0	0	0	0	0	unique	1	no	1	1	1	1
HGNC:198	ADAM2	Q99965	ENSG00000104755	2515	0	0	0	0	0	0	0	0	0	0	0	0	0	0	0	0	0	0	0	0	0	0	0	0	unique	1	yes	1	1	1	1
HGNC:19832	CLEC14A	Q86T13	ENSG00000176435	161198	1	1	0	0	1	0	0	0	0	0	0	0	0	0	0	0	0	0	0	0	0	0	0	0	unique	1	yes	1	0	0	0
HGNC:19835	MDGA2	Q7Z553	ENSG00000139915	161357	0	1	0	0	1	0	0	0	0	0	0	0	0	0	0	0	0	0	0	0	0	0	0	0	unique	1	yes	1	1	1	1
HGNC:19845	SLC35F4	A4IF30	ENSG00000151812	341880	0	0	0	0	0	0	0	0	0	0	0	0	0	0	0	0	0	0	0	0	0	0	0	0	unique	1	yes	1	0	0	0
HGNC:19846	ARMH4	Q86TY3	ENSG00000139971	145407	0	0	0	0	0	0	0	0	0	0	0	0	0	0	0	0	0	0	0	0	0	0	0	0	unique	1	no	0	0	0	0
HGNC:19858	TTC7B	Q86TV6	ENSG00000165914	145567	0	0	0	0	1	0	0	0	0	0	0	0	0	0	0	0	0	1	0	1	1	0	1	0	unique	1	no	0	0	0	1
HGNC:19863	SLC38A6	Q8IZM9	ENSG00000139974	145389	0	1	0	0	0	0	0	0	0	0	0	0	0	0	0	0	0	0	0	0	0	0	0	0	unique	1	yes	0	0	0	0
HGNC:19867	VN1R3	Q9BXE9	ENSG00000180663	317702	0	1	0	0	1	0	0	0	0	0	0	0	0	0	0	0	0	0	0	0	0	0	0	0	unique	1	no	1	0	0	0
HGNC:19869	SCARF2	Q96GP6	ENSG00000244486	91179	1	1	0	0	0	0	0	0	0	0	0	0	0	0	0	0	0	0	0	0	0	0	0	0	unique	1	yes	1	1	1	1
HGNC:19870	VN1R5	Q7Z5H4	ENSG00000197617	317705	0	0	0	0	0	0	0	0	0	0	0	0	0	0	0	0	0	0	0	0	0	0	0	0	unique	1	no	0	0	0	0
HGNC:19871	VN1R4	Q7Z5H5	ENSG00000228567	317703	0	0	0	0	0	0	0	0	0	0	0	0	0	0	0	0	0	0	0	0	0	0	0	0	unique	1	no	1	0	0	0
HGNC:19872	VN1R2	Q8NFZ6	ENSG00000196131	317701	0	0	0	0	0	0	0	0	0	0	0	0	0	0	0	0	0	0	0	0	0	0	0	0	unique	1	no	1	0	0	0
HGNC:19880	EMILIN1	Q9Y6C2	ENSG00000138080	11117	0	0	0	0	1	1	0	0	0	1	0	0	0	0	0	0	0	0	0	0	1	0	0	0	unique	1	yes	0	0	0	0
HGNC:19888	MMRN2	Q9H8L6	ENSG00000173269	79812			0	0	0	0	0	0	0	0	0	0	0	0	0	0	0	0	0	0	0	0	0	0	unique	0	yes	0	0	0	0
HGNC:19893	ADGRD1	Q6QNK2	ENSG00000111452	283383	0	1	0	0	1	0	0	0	0	0	0	0	1	1	0	0	0	0	0	0	0	0	0	0	unique	1	yes	0	0	0	0
HGNC:199	ADAM20	O43506	ENSG00000134007	8748	0	0	0	0	1	0	0	0	0	0	0	0	0	0	0	0	0	0	0	0	0	0	0	0	unique	1	no	1	1	1	1
HGNC:19906	P2RY10	O00398	ENSG00000078589	27334	0	1	0	0	0	0	0	0	0	0	0	0	0	0	0	0	0	0	0	0	0	0	0	0	unique	1	yes	1	0	0	0
HGNC:19940	AQP11	Q8NBQ7	ENSG00000178301	282679	0	0	0	0	0	0	0	0	0	0	0	0	1	1	0	0	0	0	0	0	0	0	0	0	unique	1	no	0	0	0	0
HGNC:19941	AQP12A	Q8IXF9	ENSG00000184945	375318	0	0	0	0	0	0	0	0	0	0	0	0	0	0	0	0	0	0	0	0	0	0	0	0	unique	1	no	0	0	0	0
HGNC:19952	PLSCR5	A0PG75	ENSG00000231213	389158			0	0	0	0	0	0	0	0	0	0	0	0	0	0	0	0	0	0	0	0	0	0	unique	0	no	0	0	0	0
HGNC:19956	SUSD6	Q92537	ENSG00000100647	9766	0	0	0	0	0	0	0	0	0	0	0	0	0	0	0	0	0	0	0	0	0	0	0	0	unique	1	no	0	0	0	0
HGNC:19964	VASH1	Q7L8A9	ENSG00000071246	22846			0	0	1	0	0	0	0	0	0	0	1	1	0	0	0	0	0	0	0	0	0	0	unique	0	no	0	0	0	0
HGNC:19966	UNC79	Q9P2D8	ENSG00000133958	57578	0	0	0	0	1	0	0	0	0	0	0	0	0	0	0	0	0	0	0	0	0	0	0	0	unique	1	no	0	0	0	0
HGNC:19987	EPHA10	Q5JZY3	ENSG00000183317	284656	1	1	0	0	1	0	0	0	0	0	0	0	0	0	0	0	0	0	0	0	0	0	0	0	unique	1	yes	1	1	1	1
HGNC:19991	GPR135	Q8IZ08	ENSG00000181619	64582	0	1	0	0	0	0	0	0	0	0	0	0	0	0	0	0	0	0	0	0	0	0	0	0	unique	1	no	0	0	0	0
HGNC:19992	OPN5	Q6U736	ENSG00000124818	221391	0	1	0	0	0	0	0	0	0	0	0	0	0	0	0	0	0	0	0	0	0	0	0	0	unique	1	yes	1	1	1	1
HGNC:19995	GPR139	Q6DWJ6	ENSG00000180269	124274	0	1	0	0	0	0	0	0	0	0	0	0	0	0	0	0	0	0	0	0	0	0	0	0	unique	1	yes	1	0	0	0
HGNC:19997	GPR141	Q7Z602	ENSG00000187037	353345	0	1	0	0	0	0	0	0	0	0	0	0	0	0	0	0	0	0	0	0	0	0	0	0	unique	1	no	1	0	0	0
HGNC:200	ADAM21	Q9UKJ8	ENSG00000139985	8747	0	0	0	0	1	0	0	0	0	0	0	0	0	0	0	0	0	0	0	0	0	0	0	0	unique	1	no	1	1	1	1
HGNC:20001	PCSK9	Q8NBP7	ENSG00000169174	255738	0	0	0	0	1	0	0	1	0	1	0	0	1	1	0	1	0	1	0	1	1	0	1	0	unique	1	yes	0	0	0	1
HGNC:2001	GREM1	O60565	ENSG00000166923	26585	0	0	0	0	1	0	0	1	0	1	0	0	0	0	0	0	0	1	0	1	1	0	1	0	unique	1	yes	0	0	0	1
HGNC:20081	IGFBPL1	Q8WX77	ENSG00000137142	347252			0	0	0	0	0	0	0	0	0	0	0	0	0	0	0	0	0	0	0	0	0	0	unique	0	yes	0	0	0	0
HGNC:20088	GPR142	Q7Z601	ENSG00000257008	350383	0	1	0	0	0	0	0	0	0	0	0	0	0	0	0	0	0	0	0	0	0	0	0	0	unique	1	yes	1	0	0	0
HGNC:20090	DNAJC1	Q96KC8	ENSG00000136770	64215			0	0	1	0	0	0	0	0	0	0	0	0	0	0	0	0	0	0	0	0	0	0	unique	0	no	0	0	0	0
HGNC:201	ADAM22	Q9P0K1	ENSG00000008277	53616	1	1	0	0	1	0	0	0	0	0	0	0	1	1	0	0	0	0	0	0	0	0	0	0	unique	1	yes	1	1	1	1
HGNC:20105	FLVCR2	Q9UPI3	ENSG00000119686	55640	0	1	0	0	0	0	0	0	0	0	0	0	1	1	0	0	0	0	0	0	0	0	0	0	unique	1	yes	1	0	0	0
HGNC:20125	AHNAK2	Q8IVF2	ENSG00000185567	113146	0	0	0	0	1	0	0	0	0	0	0	0	0	0	0	0	0	0	0	0	0	0	0	0	unique	1	yes	0	0	0	0
HGNC:20130	TMEM229B	Q8NBD8	ENSG00000198133	161145	0	0	0	0	0	0	0	0	0	0	0	0	0	0	0	0	0	0	0	0	0	0	0	0	unique	1	no	0	0	0	0
HGNC:20137	TMEM179	Q6ZVK1	ENSG00000258986	388021			0	0	0	0	0	0	0	0	0	0	0	0	0	0	0	0	0	0	0	0	0	0	unique	0	no	0	0	0	0
HGNC:20145	GPR143	P51810	ENSG00000101850	4935	0	0	0	0	0	0	0	0	0	0	0	0	0	0	0	0	0	0	0	0	0	0	0	0	unique	1	yes	1	0	0	0
HGNC:20146	CBLN3	Q6UW01	ENSG00000139899	643866			0	0	0	0	0	0	0	0	0	0	0	0	0	0	0	0	0	0	0	0	0	0	unique	0	yes	0	0	0	0
HGNC:2015	CLCA1	A8K7I4	ENSG00000016490	1179			0	0	0	0	0	0	0	0	0	0	0	0	0	0	0	0	0	0	0	0	0	0	unique	0	yes	0	0	0	0
HGNC:20151	SLC17A8	Q8NDX2	ENSG00000179520	246213	0	0	0	0	1	0	0	0	0	0	0	0	0	0	0	0	0	0	0	0	0	0	0	0	unique	1	yes	1	1	1	1
HGNC:2016	CLCA2	Q9UQC9	ENSG00000137975	9635	1	1	0	0	0	0	0	0	0	0	0	0	0	0	0	0	0	0	0	0	0	0	0	0	unique	1	no	1	1	1	1
HGNC:20173	TMEM183A	Q8IXX5	ENSG00000163444	92703	0	0	0	0	0	0	0	0	0	0	0	0	0	0	0	0	0	0	0	0	0	0	0	0	unique	1	no	0	0	0	0
HGNC:2018	CLCA4	Q14CN2	ENSG00000016602	22802	0	0	0	0	0	0	0	0	0	0	0	0	0	0	0	0	0	0	0	0	0	0	0	0	unique	1	no	1	1	1	1
HGNC:20182	SLC39A9	Q9NUM3	ENSG00000029364	55334	0	0	0	0	0	0	0	0	0	0	0	0	0	0	0	0	0	0	0	0	0	0	0	0	unique	1	yes	1	0	0	0
HGNC:20185	TMEM260	Q9NX78	ENSG00000070269	54916			0	0	0	0	0	0	0	0	0	0	0	0	0	0	0	0	0	0	0	0	0	0	unique	0	yes	0	0	0	0
HGNC:20189	CCDC198	Q9NVL8	ENSG00000100557	55195			0	0	0	0	0	0	0	0	0	0	0	0	0	0	0	0	0	0	0	0	0	0	unique	0	yes	0	0	0	0
HGNC:2019	CLCN1	P35523	ENSG00000188037	1180	0	1	0	0	0	0	0	0	0	0	0	0	0	0	0	0	0	0	0	0	0	0	0	0	unique	1	no	0	0	0	0
HGNC:202	ADAM23	O75077	ENSG00000114948	8745	1	1	0	0	1	0	0	0	0	0	0	0	0	0	0	0	0	0	0	0	0	0	0	0	unique	1	yes	1	1	1	1
HGNC:2020	CLCN2	P51788	ENSG00000114859	1181	0	0	0	0	0	0	0	0	0	0	0	0	0	0	0	0	0	0	0	0	0	0	0	0	unique	1	no	0	0	0	0
HGNC:20202	CACNA2D4	Q7Z3S7	ENSG00000151062	93589	0	1	0	0	0	0	0	0	0	0	0	0	0	0	0	0	0	0	0	0	0	0	0	0	unique	1	no	0	0	0	0
HGNC:2021	CLCN3	P51790	ENSG00000109572	1182	0	0	0	0	0	0	0	0	0	0	0	0	1	1	0	0	0	0	0	0	0	0	0	0	unique	1	yes	0	0	0	0
HGNC:2023	CLCN5	P51795	ENSG00000171365	1184	0	0	0	0	0	0	0	0	0	0	0	0	1	1	0	0	0	0	0	0	0	0	0	0	unique	1	no	0	0	0	0
HGNC:20237	CRB3	Q9BUF7	ENSG00000130545	92359	1	1	0	0	0	0	0	0	0	0	0	0	0	0	0	0	0	0	0	0	0	0	0	0	unique	1	no	1	0	0	0
HGNC:20239	FNDC4	Q9H6D8	ENSG00000115226	64838	0	0	0	0	0	0	0	0	0	0	0	0	0	0	0	0	0	0	0	0	0	0	0	0	unique	1	no	1	1	1	1
HGNC:20240	FNDC5	Q8NAU1	ENSG00000160097	252995	0	0	0	0	0	0	0	0	0	0	0	0	0	0	0	0	0	0	0	0	0	0	0	0	unique	1	no	1	1	1	1
HGNC:20243	CYP2W1	Q8TAV3	ENSG00000073067	54905	0	0	0	0	1	0	0	0	0	0	0	0	0	0	0	0	0	0	0	0	0	0	0	0	unique	1	no	0	0	0	0
HGNC:2025	CLCN7	P51798	ENSG00000103249	1186			0	0	0	0	0	0	0	0	0	0	1	1	0	0	0	0	0	0	0	0	0	0	unique	0	no	0	0	0	0
HGNC:2026	CLCNKA	P51800	ENSG00000186510	1187	0	1	0	0	0	0	0	0	0	0	0	0	0	0	0	0	0	0	0	0	0	0	0	0	unique	1	no	0	0	0	0
HGNC:2027	CLCNKB	P51801	ENSG00000184908	1188	0	1	0	0	0	0	0	0	0	0	0	0	0	0	0	0	0	0	0	0	0	0	0	0	unique	1	no	1	1	1	1
HGNC:20295	SLITRK5	O94991	ENSG00000165300	26050	1	1	0	0	1	0	0	0	0	0	0	0	0	0	0	0	0	0	0	0	0	0	0	0	unique	1	yes	1	1	1	1
HGNC:20297	SLITRK1	Q96PX8	ENSG00000178235	114798	1	1	0	0	1	0	0	0	0	0	0	0	0	0	0	0	0	0	0	0	0	0	0	0	unique	1	yes	1	1	1	1
HGNC:20301	SLC22A15	Q8IZD6	ENSG00000163393	55356	0	1	0	0	0	0	0	0	0	0	0	0	0	0	0	0	0	0	0	0	0	0	0	0	unique	1	yes	1	0	0	0
HGNC:20302	SLC22A16	Q86VW1	ENSG00000004809	85413	0	1	0	0	0	0	0	0	0	0	0	0	0	0	0	0	0	0	0	0	0	0	0	0	unique	1	yes	1	0	0	0
HGNC:20303	SLC30A8	Q8IWU4	ENSG00000164756	169026	0	0	0	0	1	0	0	0	0	0	0	0	0	0	0	0	0	0	0	0	0	0	0	0	unique	1	yes	0	0	0	0
HGNC:20305	SLC34A3	Q8N130	ENSG00000198569	142680	0	1	0	0	0	0	0	0	0	0	0	0	0	0	0	0	0	0	0	0	0	0	0	0	unique	1	yes	1	0	0	0
HGNC:20313	PKHD1L1	Q86WI1	ENSG00000205038	93035	1	1	0	0	1	0	0	0	0	0	0	0	0	0	0	0	0	0	0	0	0	0	0	0	unique	1	no	1	1	1	1
HGNC:2032	CLDN1	O95832	ENSG00000163347	9076	0	1	0	0	1	0	0	0	0	0	0	0	0	0	0	0	0	0	0	0	0	0	0	0	unique	1	yes	1	0	0	0
HGNC:20329	SLC9D1	Q6UWJ1	ENSG00000150403	55002	0	0	0	0	0	0	0	0	0	0	0	0	0	0	0	0	0	0	0	0	0	0	0	0	unique	1	no	1	1	1	1
HGNC:2033	CLDN10	P78369	ENSG00000134873	9071	0	1	0	0	0	0	0	0	0	0	0	0	0	0	0	0	0	0	0	0	0	0	0	0	unique	1	yes	1	0	0	0
HGNC:2034	CLDN12	P56749	ENSG00000157224	9069	0	1	0	0	0	0	0	0	0	0	0	0	0	0	0	0	0	0	0	0	0	0	0	0	unique	1	yes	1	1	1	1
HGNC:2035	CLDN14	O95500	ENSG00000159261	23562	0	1	0	0	0	0	0	0	0	0	0	0	0	0	0	0	0	0	0	0	0	0	0	0	unique	1	yes	0	0	0	0
HGNC:2036	CLDN15	P56746	ENSG00000106404	24146	0	1	0	0	0	0	0	0	0	0	0	0	0	0	0	0	0	0	0	0	0	0	0	0	unique	1	yes	1	1	1	1
HGNC:20360	LRFN5	Q96NI6	ENSG00000165379	145581	1	1	0	0	0	0	0	0	0	0	0	0	0	0	0	0	0	0	0	0	0	0	0	0	unique	1	yes	1	1	1	1
HGNC:20366	SHISA2	Q6UWI4	ENSG00000180730	387914	0	0	0	0	1	0	0	0	0	0	0	0	0	0	0	0	0	0	0	0	0	0	0	0	unique	1	yes	0	0	0	0
HGNC:2037	CLDN16	Q9Y5I7	ENSG00000113946	10686	0	0	0	0	0	0	0	0	0	0	0	0	0	0	0	0	0	0	0	0	0	0	0	0	unique	1	yes	1	1	1	1
HGNC:20370	TEX29	Q8N6K0	ENSG00000153495	121793	0	0	0	0	0	0	0	0	0	0	0	0	0	0	0	0	0	0	0	0	0	0	0	0	unique	1	no	0	0	0	0
HGNC:20376	SUMF1	Q8NBK3	ENSG00000144455	285362			0	0	0	0	0	0	0	0	0	0	0	1	0	0	0	0	0	0	0	0	0	0	unique	0	no	0	0	0	0
HGNC:2038	CLDN17	P56750	ENSG00000156282	26285	0	1	0	0	0	0	0	0	0	0	0	0	0	0	0	0	0	0	0	0	0	0	0	0	unique	1	no	0	0	0	0
HGNC:20388	RETNLB	Q9BQ08	ENSG00000163515	84666			0	0	0	0	0	0	0	0	0	0	0	0	0	0	0	0	0	0	0	0	0	0	unique	0	no	0	0	0	0
HGNC:2039	CLDN18	P56856	ENSG00000066405	51208	0	1	0	0	0	0	0	0	0	0	0	0	0	0	0	0	0	1	1	1	1	1	1	1	unique	1	no	1	0	0	1
HGNC:20391	SULF1	Q8IWU6	ENSG00000137573	23213	0	0	0	0	1	1	0	0	0	1	0	0	0	0	0	0	0	0	0	0	1	0	0	0	unique	1	yes	0	0	0	0
HGNC:20392	SULF2	Q8IWU5	ENSG00000196562	55959	0	1	0	0	1	0	0	0	0	0	0	0	0	0	0	0	0	0	0	0	0	0	0	0	unique	1	yes	0	0	0	0
HGNC:20396	PILRA	Q9UKJ1	ENSG00000085514	29992	1	1	0	0	1	1	1	0	0	1	0	0	0	0	0	0	0	1	1	1	1	1	1	1	unique	1	yes	1	1	1	1
HGNC:2040	CLDN19	Q8N6F1	ENSG00000164007	149461	0	1	0	0	0	0	0	0	0	0	0	0	0	0	0	0	0	0	0	0	0	0	0	0	unique	1	no	1	1	1	1
HGNC:2041	CLDN2	P57739	ENSG00000165376	9075	0	1	0	0	0	0	0	0	0	0	0	0	0	0	0	0	0	0	0	0	0	0	0	0	unique	1	yes	1	0	0	0
HGNC:2042	CLDN20	P56880	ENSG00000171217	49861	0	1	0	0	0	0	0	0	0	0	0	0	0	0	0	0	0	0	0	0	0	0	0	0	unique	1	no	1	0	0	0
HGNC:20421	LNX2	Q8N448	ENSG00000139517	222484	0	0	0	0	1	0	0	0	0	0	0	0	0	0	0	0	0	0	0	0	0	0	0	0	unique	1	yes	0	0	0	0
HGNC:20434	TREML1	Q86YW5	ENSG00000161911	340205	0	0	0	0	0	0	0	0	0	0	0	0	0	0	0	0	0	1	1	1	1	1	1	1	unique	1	yes	0	0	0	1
HGNC:2044	CLDN22	Q8N7P3	ENSG00000177300	53842	0	1	0	0	0	0	0	0	0	0	0	0	0	0	0	0	0	0	0	0	0	0	0	0	unique	1	no	1	1	1	1
HGNC:20441	S100A16	Q96FQ6	ENSG00000188643	140576	0	0	0	0	0	0	0	0	0	0	0	0	0	0	0	0	0	0	0	0	0	0	0	0	unique	1	no	0	0	0	0
HGNC:2045	CLDN3	O15551	ENSG00000165215	1365	0	1	0	0	0	0	0	0	0	0	0	0	0	0	0	0	0	0	0	0	0	0	0	0	unique	1	yes	1	1	1	1
HGNC:20453	KLK15	Q9H2R5	ENSG00000174562	55554			0	0	0	0	0	0	0	0	0	0	0	0	0	0	0	0	0	0	0	0	0	0	unique	0	yes	0	0	0	0
HGNC:2046	CLDN4	O14493	ENSG00000189143	1364	0	1	0	0	0	0	0	0	0	0	0	0	0	1	0	0	0	1	0	1	1	0	1	0	unique	1	yes	1	1	1	1
HGNC:2047	CLDN5	O00501	ENSG00000184113	7122	0	1	0	0	0	0	0	0	0	0	0	0	0	0	0	0	0	0	0	0	0	0	0	0	unique	1	yes	0	0	0	0
HGNC:20477	WFDC5	Q8TCV5	ENSG00000175121	149708			0	0	0	0	0	0	0	0	0	0	0	0	0	0	0	0	0	0	0	0	0	0	unique	0	no	0	0	0	0
HGNC:20478	WFDC11	Q8NEX6	ENSG00000180083	259239			0	0	0	0	0	0	0	0	0	0	0	0	0	0	0	0	0	0	0	0	0	0	unique	0	no	0	0	0	0
HGNC:2048	CLDN6	P56747	ENSG00000184697	9074	0	0	0	0	1	0	0	0	0	0	0	0	0	0	0	0	0	0	0	0	0	0	0	0	unique	1	no	1	1	1	1
HGNC:20486	UBAC2	Q8NBM4	ENSG00000134882	337867	0	0	0	0	1	0	0	0	0	0	0	0	0	0	0	0	0	0	0	0	0	0	0	0	unique	1	yes	1	0	0	0
HGNC:2049	CLDN7	O95471	ENSG00000181885	1366	0	1	0	0	0	0	0	0	0	0	0	0	0	0	0	0	0	0	0	0	0	0	0	0	unique	1	no	1	0	0	0
HGNC:2050	CLDN8	P56748	ENSG00000156284	9073	0	1	0	0	0	0	0	0	0	0	0	0	0	0	0	0	0	0	0	0	0	0	0	0	unique	1	yes	1	0	0	0
HGNC:20500	CATSPERB	Q9H7T0	ENSG00000133962	79820	0	0	0	0	0	0	0	0	0	0	0	0	0	0	0	0	0	0	0	0	0	0	0	0	unique	1	no	0	0	0	0
HGNC:20502	SLC39A5	Q6ZMH5	ENSG00000139540	283375	0	1	0	0	0	0	0	0	0	0	0	0	0	0	0	0	0	0	0	0	0	0	0	0	unique	1	yes	1	1	1	1
HGNC:2051	CLDN9	O95484	ENSG00000213937	9080	0	1	0	0	0	0	0	0	0	0	0	0	0	0	0	0	0	0	0	0	0	0	0	0	unique	1	yes	1	1	1	1
HGNC:2052	CLEC3A	O75596	ENSG00000166509	10143			0	0	0	0	0	0	0	0	0	0	0	0	0	0	0	0	0	0	0	0	0	0	unique	0	yes	0	0	0	0
HGNC:2053	CLEC2B	Q92478	ENSG00000110852	9976	1	1	0	0	1	0	0	0	0	0	0	0	0	0	0	0	0	0	0	0	0	0	0	0	unique	1	yes	0	0	0	0
HGNC:2054	CLEC5A	Q9NY25	ENSG00000258227	23601	1	1	0	0	0	0	0	0	0	0	0	0	0	0	0	0	0	0	0	0	0	0	0	0	unique	1	yes	1	1	1	1
HGNC:20565	ALPK2	Q86TB3	ENSG00000198796	115701	0	0	0	0	1	0	0	0	0	0	0	0	0	0	0	0	0	0	0	0	0	0	0	0	unique	1	no	0	0	0	0
HGNC:20566	SV2A	Q7L0J3	ENSG00000159164	9900	0	0	0	0	1	0	0	0	0	0	0	0	1	1	0	0	0	1	1	1	1	1	1	1	unique	1	yes	1	1	1	1
HGNC:20573	PANX3	Q96QZ0	ENSG00000154143	116337	0	1	0	0	0	0	0	0	0	0	0	0	0	1	0	0	0	0	0	0	0	0	0	0	unique	1	yes	0	0	0	0
HGNC:20583	CYP4Z1	Q86W10	ENSG00000186160	199974			0	0	0	0	0	0	0	0	0	0	0	0	0	0	0	0	0	0	0	0	0	0	unique	0	no	0	0	0	0
HGNC:20594	EGFL7	Q9UHF1	ENSG00000172889	51162	0	0	0	0	0	0	0	0	0	0	0	0	0	0	0	0	0	0	0	0	0	0	0	0	unique	1	yes	0	0	0	0
HGNC:20599	ITLN2	Q8WWU7	ENSG00000158764	142683			0	0	0	0	0	0	0	0	0	0	0	0	0	0	0	0	0	0	0	0	0	0	unique	0	yes	0	0	0	0
HGNC:206	ADAM28	Q9UKQ2	ENSG00000042980	10863	1	1	0	0	0	0	0	0	0	0	0	0	0	0	0	0	0	0	0	0	0	0	0	0	unique	1	yes	1	1	0	1
HGNC:20601	SLC23A3	Q6PIS1	ENSG00000213901	151295	0	1	0	0	0	0	0	0	0	0	0	0	0	0	0	0	0	0	0	0	0	0	0	0	unique	1	yes	0	0	0	0
HGNC:20611	SLC24A5	Q71RS6	ENSG00000188467	283652	0	0	0	0	0	0	0	0	0	0	0	0	0	0	0	0	0	0	0	0	0	0	0	0	unique	1	yes	1	0	0	0
HGNC:2062	CLIC1	O00299	ENSG00000213719	1192			0	0	0	0	0	0	0	0	0	0	0	1	0	0	0	0	0	0	0	0	0	0	unique	0	no	0	0	0	0
HGNC:2063	CLIC2	O15247	ENSG00000155962	1193	0	0	0	0	0	0	0	0	0	0	0	0	0	1	0	0	0	0	0	0	0	0	0	0	unique	1	no	0	0	0	0
HGNC:20639	TAS2R60	P59551	ENSG00000185899	338398	0	1	0	0	0	0	0	0	0	0	0	0	0	0	0	0	0	0	0	0	0	0	0	0	unique	1	yes	0	0	0	0
HGNC:2064	CLIC3	O95833	ENSG00000169583	9022			0	0	0	0	0	0	0	0	0	0	0	0	0	0	0	0	0	0	0	0	0	0	unique	0	yes	0	0	0	0
HGNC:2065	CLIC6	Q96NY7	ENSG00000159212	54102			0	0	0	0	0	0	0	0	0	0	0	0	0	0	0	0	0	0	0	0	0	0	unique	0	yes	0	0	0	0
HGNC:20651	SLC37A3	Q8NCC5	ENSG00000157800	84255	0	0	0	0	0	0	0	0	0	0	0	0	0	0	0	0	0	0	0	0	0	0	0	0	unique	1	yes	1	0	0	0
HGNC:20652	TXNDC15	Q96J42	ENSG00000113621	79770	0	0	0	0	0	0	0	0	0	0	0	0	0	0	0	0	0	0	0	0	0	0	0	0	unique	1	no	1	1	1	1
HGNC:20656	C5orf15	Q8NC54	ENSG00000113583	56951	0	0	0	0	0	0	0	0	0	0	0	0	0	0	0	0	0	0	0	0	0	0	0	0	unique	1	no	1	1	1	1
HGNC:20657	TSPAN1	O60635	ENSG00000117472	10103	0	1	0	0	0	0	0	0	0	0	0	0	0	0	0	0	0	0	0	0	0	0	0	0	unique	1	no	1	1	1	1
HGNC:20659	TSPAN2	O60636	ENSG00000134198	10100	0	1	0	0	0	0	0	0	0	0	0	0	0	0	0	0	0	0	0	0	0	0	0	0	unique	1	no	1	0	0	0
HGNC:20660	TSPAN18	Q96SJ8	ENSG00000157570	90139	0	1	0	0	0	0	0	0	0	0	0	0	0	0	0	0	0	0	0	0	0	0	0	0	unique	1	yes	1	1	1	1
HGNC:20665	SCN3B	Q9NY72	ENSG00000166257	55800	1	1	0	0	0	0	0	0	0	0	0	0	0	0	0	0	0	0	0	0	0	0	0	0	unique	1	yes	1	1	1	1
HGNC:20673	RNASE9	P60153	ENSG00000188655	390443			0	0	0	0	0	0	0	0	0	0	0	0	0	0	0	0	0	0	0	0	0	0	unique	0	no	0	0	0	0
HGNC:20678	ZPBP2	Q6X784	ENSG00000186075	124626			0	0	0	0	0	0	0	0	0	0	0	0	0	0	0	0	0	0	0	0	0	0	unique	0	yes	0	0	0	0
HGNC:20679	ANO9	A1A5B4	ENSG00000185101	338440	0	1	0	0	0	0	0	0	0	0	0	0	0	0	0	0	0	0	0	0	0	0	0	0	unique	1	yes	1	1	1	1
HGNC:20685	PROM2	Q8N271	ENSG00000155066	150696	0	1	0	0	0	0	0	0	0	0	0	0	0	0	0	0	0	0	0	0	0	0	0	0	unique	1	no	1	1	1	1
HGNC:20693	NXPH1	P58417	ENSG00000122584	30010			0	0	0	0	0	0	0	0	0	0	0	0	0	0	0	0	0	0	0	0	0	0	unique	0	yes	0	0	0	0
HGNC:207	ADAM29	Q9UKF5	ENSG00000168594	11086	0	0	0	0	0	0	0	0	0	0	0	0	0	0	0	0	0	0	0	0	0	0	0	0	unique	1	yes	1	1	1	1
HGNC:20707	OPALIN	Q96PE5	ENSG00000197430	93377	0	0	0	0	0	0	0	0	0	0	0	0	0	0	0	0	0	0	0	0	0	0	0	0	unique	1	yes	1	0	0	0
HGNC:20711	ZBED3	Q96IU2	ENSG00000132846	84327	0	0	0	0	0	0	0	0	0	0	0	0	0	0	0	0	0	0	0	0	0	0	0	0	unique	1	no	0	0	0	0
HGNC:20728	SLC9A8	Q9Y2E8	ENSG00000197818	23315	0	0	0	0	0	0	0	0	0	0	0	0	0	0	0	0	0	0	0	0	0	0	0	0	unique	1	no	0	0	0	0
HGNC:2073	TPP1	O14773	ENSG00000166340	1200			0	0	0	0	0	0	0	0	0	0	0	0	0	0	0	0	0	0	0	0	0	0	unique	0	no	0	0	0	0
HGNC:20731	GNB4	Q9HAV0	ENSG00000114450	59345	0	0	0	0	0	0	0	0	0	0	0	0	0	0	0	0	0	0	0	0	0	0	0	0	unique	1	yes	0	0	0	0
HGNC:2074	CLN3	Q13286	ENSG00000188603	1201	0	0	0	0	0	0	0	0	0	0	0	0	0	0	0	0	0	0	0	0	0	0	0	0	unique	1	no	1	0	0	0
HGNC:20749	ZDHHC20	Q5W0Z9	ENSG00000180776	253832	0	0	0	0	0	0	0	0	0	0	0	0	1	1	0	0	0	0	0	0	0	0	0	0	unique	1	no	0	0	0	0
HGNC:20754	TRPC7	Q9HCX4	ENSG00000069018	57113	0	1	0	0	0	0	0	0	0	0	0	0	0	0	0	0	0	0	0	0	0	0	0	0	unique	1	yes	0	0	0	0
HGNC:2076	CLN5	O75503	ENSG00000102805	1203	0	0	0	0	0	0	0	0	0	0	0	0	0	0	0	0	0	0	0	0	0	0	0	0	unique	1	no	0	0	0	0
HGNC:20782	XKR5	Q6UX68	ENSG00000275591	389610			0	0	0	0	0	0	0	0	0	0	0	0	0	0	0	0	0	0	0	0	0	0	unique	0	no	0	0	0	0
HGNC:20788	RHBDF2	Q6PJF5	ENSG00000129667	79651	0	1	0	0	0	0	0	0	0	0	0	0	0	0	0	0	0	0	0	0	0	0	0	0	unique	1	yes	1	1	1	1
HGNC:20795	CLRN3	Q8NCR9	ENSG00000180745	119467			0	0	0	0	0	0	0	0	0	0	0	0	0	0	0	0	0	0	0	0	0	0	unique	0	no	0	0	0	0
HGNC:20797	CYBRD1	Q53TN4	ENSG00000071967	79901	0	1	0	0	1	0	0	0	0	0	0	0	0	1	0	0	0	0	0	0	0	0	0	0	unique	1	yes	0	0	0	0
HGNC:208	ADAM30	Q9UKF2	ENSG00000134249	11085	0	0	0	0	0	0	0	0	0	0	0	0	0	0	0	0	0	0	0	0	0	0	0	0	unique	1	no	1	1	1	1
HGNC:2080	CLNS1A	P54105	ENSG00000074201	1207			0	0	0	0	0	0	0	0	0	0	0	0	0	0	0	0	0	0	0	0	0	0	unique	0	no	0	0	0	0
HGNC:20818	LRRC15	Q8TF66	ENSG00000172061	131578	1	1	0	0	0	0	0	0	0	0	0	0	0	0	0	0	0	0	0	0	0	0	0	0	unique	1	yes	1	1	1	1
HGNC:20819	CATSPER3	Q86XQ3	ENSG00000152705	347732	0	0	0	0	0	0	0	0	0	0	0	0	0	0	0	0	0	0	0	0	0	0	0	0	unique	1	yes	0	0	0	0
HGNC:20820	TPCN2	Q8NHX9	ENSG00000162341	219931	0	0	0	0	0	0	0	0	0	0	0	0	1	1	0	0	0	0	0	0	0	0	0	0	unique	1	yes	0	0	0	0
HGNC:20822	ADGRL4	Q9HBW9	ENSG00000162618	64123	0	1	0	0	0	0	0	0	0	0	0	0	0	0	0	0	0	0	0	0	0	0	0	0	unique	1	no	0	0	0	0
HGNC:20823	DPP10	Q8N608	ENSG00000175497	57628	1	1	0	0	1	0	0	0	0	0	0	0	0	0	0	0	0	0	0	0	0	0	0	0	unique	1	yes	1	1	1	1
HGNC:20824	AMIGO1	Q86WK6	ENSG00000181754	57463	1	1	0	0	0	0	0	0	0	0	0	0	0	0	0	0	0	0	0	0	0	0	0	0	unique	1	yes	1	1	1	1
HGNC:20834	CABP7	Q86V35	ENSG00000100314	164633	0	0	0	0	0	0	0	0	0	0	0	0	0	0	0	0	0	0	0	0	0	0	0	0	unique	1	no	0	0	0	0
HGNC:20844	GPR156	Q8NFN8	ENSG00000175697	165829	0	1	0	0	1	0	0	0	0	0	0	0	1	1	0	0	0	0	0	0	0	0	0	0	unique	1	no	1	0	0	0
HGNC:20858	SLC39A14	Q15043	ENSG00000104635	23516	0	1	0	0	0	0	0	0	0	0	0	0	0	0	0	0	0	0	0	0	0	0	0	0	unique	1	yes	1	1	1	1
HGNC:20859	SLC39A13	Q96H72	ENSG00000165915	91252			0	0	0	0	0	0	0	0	0	0	0	0	0	0	0	0	0	0	0	0	0	0	unique	0	yes	0	0	0	0
HGNC:20860	SLC39A12	Q504Y0	ENSG00000148482	221074	0	1	0	0	1	0	0	0	0	0	0	0	0	0	0	0	0	0	0	0	0	0	0	0	unique	1	yes	1	1	1	1
HGNC:20861	SLC39A10	Q9ULF5	ENSG00000196950	57181	0	1	0	0	0	0	0	0	0	0	0	0	0	0	0	0	0	0	0	0	0	0	0	0	unique	1	yes	1	1	1	1
HGNC:20862	SLC39A8	Q9C0K1	ENSG00000138821	64116	0	1	0	0	0	0	0	0	0	0	0	0	0	0	0	0	0	0	0	0	0	0	0	0	unique	1	yes	1	0	0	0
HGNC:20866	RSPO3	Q9BXY4	ENSG00000146374	84870			0	0	0	0	0	0	0	0	0	0	0	0	0	0	0	0	0	0	0	0	0	0	unique	0	yes	0	0	0	0
HGNC:20867	MCHR2	Q969V1	ENSG00000152034	84539	0	1	0	0	0	0	0	0	0	0	1	0	0	0	0	0	0	0	0	0	1	0	1	0	unique	1	yes	1	0	0	1
HGNC:20869	BMP10	O95393	ENSG00000163217	27302	0	0	0	0	0	0	0	0	0	0	0	0	1	1	0	0	0	0	0	0	0	0	0	0	unique	1	no	0	0	0	0
HGNC:2087	CLPTM1	O96005	ENSG00000104853	1209	0	1	0	0	0	0	0	0	0	0	0	0	0	0	0	0	0	0	0	0	0	0	0	0	unique	1	yes	0	0	0	0
HGNC:20889	LRIG2	O94898	ENSG00000198799	9860	1	1	0	0	0	0	0	0	0	0	0	0	0	0	0	0	0	0	0	0	0	0	0	0	unique	1	yes	1	1	1	1
HGNC:20937	XKR9	Q5GH70	ENSG00000221947	389668			0	0	0	0	0	0	0	0	0	0	0	0	0	0	0	0	0	0	0	0	0	0	unique	0	yes	0	0	0	0
HGNC:20945	PLXDC1	Q8IUK5	ENSG00000161381	57125	1	1	0	0	1	1	1	0	0	1	0	0	0	0	0	0	0	0	0	0	1	1	0	0	unique	1	yes	1	0	0	0
HGNC:2095	CLU	P10909	ENSG00000120885	1191	0	0	0	0	1	0	0	0	0	0	0	0	0	0	0	0	0	0	0	0	0	0	0	0	unique	1	yes	0	0	0	0
HGNC:20956	PHACTR2	O75167	ENSG00000112419	9749	0	0	0	0	1	0	0	0	0	0	0	0	0	0	0	0	0	0	0	0	0	0	0	0	unique	1	yes	0	0	0	0
HGNC:20958	TMEM181	Q9P2C4	ENSG00000146433	57583	0	1	0	0	0	0	0	0	0	0	0	0	0	0	0	0	0	0	0	0	0	0	0	0	unique	1	no	0	0	0	0
HGNC:2096	CLUL1	Q15846	ENSG00000079101	27098	0	0	0	0	0	0	0	0	0	0	0	0	0	0	0	0	0	0	0	0	0	0	0	0	unique	1	no	0	0	0	0
HGNC:20960	C6orf58	Q6P5S2	ENSG00000184530	352999			0	0	0	0	0	0	0	0	0	0	0	0	0	0	0	0	0	0	0	0	0	0	unique	0	yes	0	0	0	0
HGNC:2097	CMA1	P23946	ENSG00000092009	1215			0	0	0	0	0	0	0	0	0	0	1	1	0	1	0	0	0	0	1	0	1	0	unique	0	yes	0	0	0	1
HGNC:20973	ADGRL1	O94910	ENSG00000072071	22859	0	1	0	0	1	0	0	0	0	0	0	0	0	0	0	0	0	0	0	0	0	0	0	0	unique	1	yes	0	0	0	0
HGNC:20974	ADGRL3	Q9HAR2	ENSG00000150471	23284	1	1	0	0	0	0	0	0	0	0	0	0	0	0	0	0	0	1	1	1	1	1	1	1	unique	1	yes	0	0	0	1
HGNC:20977	TAAR9	Q96RI9	ENSG00000237110	134860	0	1	0	0	0	0	0	0	0	0	0	0	0	0	0	0	0	0	0	0	0	0	0	0	unique	1	yes	1	1	1	1
HGNC:20978	TAAR6	Q96RI8	ENSG00000146383	319100	0	1	0	0	0	0	0	0	0	0	0	0	0	0	0	0	0	0	0	0	0	0	0	0	unique	1	no	1	0	0	0
HGNC:20980	LRRN1	Q6UXK5	ENSG00000175928	57633	1	1	0	0	0	0	0	0	0	0	0	0	0	0	0	0	0	0	0	0	0	0	0	0	unique	1	no	1	1	1	1
HGNC:21	AATK	Q6ZMQ8	ENSG00000181409	9625			0	0	1	0	0	0	0	0	0	0	0	0	0	0	0	0	0	0	0	0	0	0	unique	0	no	0	0	0	0
HGNC:21011	CPO	Q8IVL8	ENSG00000144410	130749	0	0	0	0	0	0	0	0	0	0	0	0	0	0	0	0	0	0	0	0	0	0	0	0	unique	1	yes	0	0	0	0
HGNC:21013	PLXDC2	Q6UX71	ENSG00000120594	84898	1	1	0	0	1	0	0	0	0	0	0	0	0	0	0	0	0	0	0	0	0	0	0	0	unique	1	yes	1	1	1	1
HGNC:21014	ANTXR1	Q9H6X2	ENSG00000169604	84168	1	1	0	0	1	0	0	0	0	0	0	0	0	0	0	0	0	0	0	0	0	0	0	0	unique	1	yes	1	1	1	1
HGNC:21035	ARHGAP18	Q8N392	ENSG00000146376	93663			0	0	0	0	0	0	0	0	0	0	0	0	0	0	0	0	0	0	0	0	0	0	unique	0	no	0	0	0	0
HGNC:21042	NUS1	Q96E22	ENSG00000153989	116150	1	1	0	0	0	0	0	0	0	0	0	0	1	1	0	0	0	0	0	0	0	0	0	0	unique	1	yes	0	0	0	0
HGNC:21043	PITPNM3	Q9BZ71	ENSG00000091622	83394	0	1	0	0	1	0	0	0	0	0	0	0	0	0	0	0	0	0	0	0	0	0	0	0	unique	1	yes	0	0	0	0
HGNC:21044	PITPNM2	Q9BZ72	ENSG00000090975	57605	0	0	0	0	1	0	0	0	0	0	0	0	0	0	0	0	0	0	0	0	0	0	0	0	unique	1	yes	0	0	0	0
HGNC:21053	SLC60A2	Q5TF39	ENSG00000173214	91749	0	1	0	0	0	0	0	0	0	0	0	0	0	0	0	0	0	0	0	0	0	0	0	0	unique	1	yes	0	0	0	0
HGNC:21063	MOXD1	Q6UVY6	ENSG00000079931	26002	0	0	0	0	0	0	0	0	0	0	0	0	0	0	0	0	0	0	0	0	0	0	0	0	unique	1	no	0	0	0	0
HGNC:21068	RAB44	Q7Z6P3	ENSG00000255587	401258			0	0	1	0	0	0	0	0	0	0	0	0	0	0	0	0	0	0	0	0	0	0	unique	0	no	0	0	0	0
HGNC:21071	IYD	Q6PHW0	ENSG00000009765	389434	0	0	0	0	0	0	0	0	0	0	0	0	1	1	0	0	0	0	0	0	0	0	0	0	unique	1	yes	0	0	0	0
HGNC:21074	GINM1	Q9NU53	ENSG00000055211	116254	0	0	0	0	0	0	0	0	0	0	0	0	0	0	0	0	0	0	0	0	0	0	0	0	unique	1	no	1	1	1	1
HGNC:21075	TMEM200A	Q86VY9	ENSG00000164484	114801	0	0	0	0	0	0	0	0	0	0	0	0	0	0	0	0	0	0	0	0	0	0	0	0	unique	1	no	0	0	0	0
HGNC:21087	BTLA	Q7Z6A9	ENSG00000186265	151888	1	1	0	0	1	0	0	1	1	1	0	0	0	0	0	0	0	1	1	1	1	1	1	1	unique	1	yes	1	1	1	1
HGNC:21092	TREML2	Q5T2D2	ENSG00000112195	79865	1	1	0	0	0	0	0	0	0	0	0	0	0	0	0	0	0	0	0	0	0	0	0	0	unique	1	yes	1	1	1	1
HGNC:21094	CALHM4	Q5JW98	ENSG00000164451	221301	0	1	0	0	0	0	0	0	0	0	0	0	0	0	0	0	0	1	1	1	1	1	1	1	unique	1	no	0	0	0	1
HGNC:21096	GFOD1	Q9NXC2	ENSG00000145990	54438	0	0	0	0	1	0	0	0	0	0	0	0	0	0	0	0	0	0	0	0	0	0	0	0	unique	1	no	0	0	0	0
HGNC:21101	CUTA	O60888	ENSG00000112514	51596	0	0	0	0	0	0	0	0	0	0	0	0	0	0	0	0	0	0	0	0	0	0	0	0	unique	1	no	0	0	0	0
HGNC:21106	SLC22A23	A1A5C7	ENSG00000137266	63027	0	1	0	0	0	0	0	0	0	0	0	0	0	0	0	0	0	0	0	0	0	0	0	0	unique	1	yes	1	0	0	0
HGNC:21113	DLK2	Q6UY11	ENSG00000171462	65989	1	1	0	0	0	0	0	0	0	0	0	0	0	0	0	0	0	0	0	0	0	0	0	0	unique	1	yes	1	1	1	1
HGNC:21114	C6orf89	Q6UWU4	ENSG00000198663	221477	0	0	0	0	0	0	0	0	0	0	0	0	0	0	0	0	0	0	0	0	0	0	0	0	unique	1	yes	0	0	0	0
HGNC:21153	RNF128	Q8TEB7	ENSG00000133135	79589	0	0	0	0	0	0	0	0	0	0	0	0	0	0	0	0	0	0	0	0	0	0	0	0	unique	1	no	1	0	0	0
HGNC:21184	FNDC1	Q4ZHG4	ENSG00000164694	84624			0	0	1	0	0	0	0	0	0	0	0	0	0	0	0	0	0	0	0	0	0	0	unique	0	yes	0	0	0	0
HGNC:21203	UNC5CL	Q8IV45	ENSG00000124602	222643	0	0	0	0	0	0	0	0	0	0	0	0	0	0	0	0	0	0	0	0	0	0	0	0	unique	1	no	0	0	0	0
HGNC:21205	LINGO1	Q96FE5	ENSG00000169783	84894	1	1	0	0	1	0	0	1	1	1	0	0	0	0	0	0	0	1	1	1	1	1	1	1	unique	1	yes	1	1	1	1
HGNC:21206	LINGO3	P0C6S8	ENSG00000220008	645191	1	1	0	0	0	0	0	0	0	0	0	0	0	0	0	0	0	0	0	0	0	0	0	0	unique	1	no	1	1	1	1
HGNC:21207	LINGO2	Q7L985	ENSG00000174482	158038	1	1	0	0	0	0	0	0	0	0	0	0	0	0	0	0	0	0	0	0	0	0	0	0	unique	1	yes	1	1	1	1
HGNC:2121	CMKLR1	Q99788	ENSG00000174600	1240	0	1	0	0	0	0	0	0	0	0	1	0	1	1	0	0	0	1	0	1	1	0	1	0	unique	1	yes	1	0	0	1
HGNC:21214	ADTRP	Q96IZ2	ENSG00000111863	84830	0	1	0	0	0	0	0	0	0	0	0	0	0	0	0	0	0	0	0	0	0	0	0	0	unique	1	no	0	0	0	0
HGNC:21222	PNISR	Q8TF01	ENSG00000132424	25957	0	0	0	0	0	0	0	0	0	0	0	0	0	0	0	0	0	0	0	0	0	0	0	0	unique	1	no	0	0	0	0
HGNC:21226	LRFN2	Q9ULH4	ENSG00000156564	57497	1	1	0	0	0	0	0	0	0	0	0	0	0	0	0	0	0	0	0	0	0	0	0	0	unique	1	yes	1	1	1	1
HGNC:21232	MRAP2	Q96G30	ENSG00000135324	112609			0	0	0	0	0	0	0	0	0	0	0	0	0	0	0	0	0	0	0	0	0	0	unique	0	no	0	0	0	0
HGNC:21238	TMEM217	Q8N7C4	ENSG00000172738	221468	0	0	0	0	1	0	0	0	0	0	0	0	0	0	0	0	0	0	0	0	0	0	0	0	unique	1	no	1	0	0	0
HGNC:21239	CCDC167	Q9P0B6	ENSG00000198937	154467			0	0	0	0	0	0	0	0	0	0	0	0	0	0	0	0	0	0	0	0	0	0	unique	0	no	0	0	0	0
HGNC:21245	PI16	Q6UXB8	ENSG00000164530	221476	0	0	0	0	1	1	0	0	0	1	0	0	0	0	0	0	0	0	0	0	1	0	0	0	unique	1	no	1	1	1	1
HGNC:21247	C6orf120	Q7Z4R8	ENSG00000185127	387263	0	0	0	0	0	0	0	0	0	0	0	0	0	0	0	0	0	0	0	0	0	0	0	0	unique	1	no	0	0	0	0
HGNC:21250	CLPSL2	Q6UWE3	ENSG00000196748	389383			0	0	0	0	0	0	0	0	0	0	0	0	0	0	0	0	0	0	0	0	0	0	unique	0	no	0	0	0	0
HGNC:21253	LHFPL5	Q8TAF8	ENSG00000197753	222662	0	0	0	0	0	0	0	0	0	0	0	0	0	0	0	0	0	0	0	0	0	0	0	0	unique	1	yes	0	0	0	0
HGNC:21256	TSPO2	Q5TGU0	ENSG00000112212	222642	0	0	0	0	0	0	0	0	0	0	0	0	0	0	0	0	0	0	0	0	0	0	0	0	unique	1	yes	0	0	0	0
HGNC:21263	ASIC4	Q96FT7	ENSG00000072182	55515	0	1	0	0	0	0	0	0	0	0	0	0	0	0	0	0	0	0	0	0	0	0	0	0	unique	1	no	1	1	1	1
HGNC:21265	C1RL	Q9NZP8	ENSG00000139178	51279			0	0	1	0	0	0	0	0	0	0	0	0	0	0	0	0	0	0	0	0	0	0	unique	0	yes	0	0	0	0
HGNC:21268	ANKRD13A	Q8IZ07	ENSG00000076513	88455	0	0	0	0	0	0	0	0	0	0	0	0	0	0	0	0	0	0	0	0	0	0	0	0	unique	1	yes	0	0	0	0
HGNC:21290	PTCRA	Q6ISU1	ENSG00000171611	171558	0	0	0	0	0	0	0	0	0	0	0	0	0	0	0	0	0	0	0	0	0	0	0	0	unique	1	no	1	1	1	1
HGNC:21295	EPS8L1	Q8TE68	ENSG00000131037	54869	0	0	0	0	0	0	0	0	0	0	0	0	0	0	0	0	0	0	0	0	0	0	0	0	unique	1	yes	0	0	0	0
HGNC:21297	EPS8L3	Q8TE67	ENSG00000198758	79574	0	0	0	0	0	0	0	0	0	0	0	0	0	0	0	0	0	0	0	0	0	0	0	0	unique	1	no	0	0	0	0
HGNC:21307	DSG4	Q86SJ6	ENSG00000175065	147409	1	1	0	0	1	0	0	0	0	0	0	0	0	0	0	0	0	0	0	0	0	0	0	0	unique	1	yes	1	1	1	1
HGNC:21315	TMEM151B	Q8IW70	ENSG00000178233	441151			0	0	0	0	0	0	0	0	0	0	0	0	0	0	0	0	0	0	0	0	0	0	unique	0	no	0	0	0	0
HGNC:21328	NEU4	Q8WWR8	ENSG00000204099	129807			0	0	0	0	0	0	0	0	0	0	0	0	0	0	0	0	0	0	0	0	0	0	unique	0	yes	0	0	0	0
HGNC:21329	RTN4RL1	Q86UN2	ENSG00000185924	146760	0	1	0	0	1	0	0	0	0	0	0	0	0	0	0	0	0	0	0	0	0	0	0	0	unique	1	yes	1	1	1	1
HGNC:21336	RNF146	Q9NTX7	ENSG00000118518	81847	0	0	0	0	0	0	0	0	0	0	0	0	0	0	0	0	0	0	0	0	0	0	0	0	unique	1	no	0	0	0	0
HGNC:21345	PTCHD4	Q6ZW05	ENSG00000244694	442213	0	0	0	0	0	0	0	0	0	0	0	0	0	0	0	0	0	0	0	0	0	0	0	0	unique	1	yes	1	1	1	1
HGNC:21355	MLIP	Q5VWP3	ENSG00000146147	90523	0	0	0	0	0	0	0	0	0	0	0	0	0	0	0	0	0	0	0	0	0	0	0	0	unique	1	yes	0	0	0	0
HGNC:21361	PXDC1	Q5TGL8	ENSG00000168994	221749	0	0	0	0	0	0	0	0	0	0	0	0	0	0	0	0	0	0	0	0	0	0	0	0	unique	1	no	0	0	0	0
HGNC:21367	CGAS	Q8N884	ENSG00000164430	115004			0	0	0	0	0	0	0	0	0	0	1	1	0	1	0	0	0	0	1	0	1	0	unique	0	yes	0	0	0	1
HGNC:21378	OGFRL1	Q5TC84	ENSG00000119900	79627			0	0	0	0	0	0	0	0	0	0	0	0	0	0	0	0	0	0	0	0	0	0	unique	0	no	0	0	0	0
HGNC:21386	FSTL5	Q8N475	ENSG00000168843	56884			0	0	1	0	0	0	0	0	0	0	0	0	0	0	0	0	0	0	0	0	0	0	unique	0	no	0	0	0	0
HGNC:21387	PRSS35	Q8N3Z0	ENSG00000146250	167681	0	0	0	0	0	0	0	0	0	0	0	0	0	0	0	0	0	0	0	0	0	0	0	0	unique	1	yes	0	0	0	0
HGNC:21389	FSTL4	Q6MZW2	ENSG00000053108	23105			0	0	0	0	0	0	0	0	0	0	0	0	0	0	0	0	0	0	0	0	0	0	unique	0	no	0	0	0	0
HGNC:21391	SLAMF8	Q9P0V8	ENSG00000158714	56833	1	1	0	0	1	0	0	0	0	0	0	0	0	0	0	0	0	0	0	0	0	0	0	0	unique	1	no	1	1	1	1
HGNC:21392	SLAMF6	Q96DU3	ENSG00000162739	114836	1	1	0	0	0	0	0	0	0	0	0	0	0	0	0	0	0	0	0	0	0	0	0	0	unique	1	yes	1	1	1	1
HGNC:21394	SLAMF7	Q9NQ25	ENSG00000026751	57823	1	1	0	0	0	0	0	0	0	0	0	0	0	0	0	0	0	0	0	0	0	0	0	0	unique	1	yes	1	1	1	1
HGNC:21398	ABHD6	Q9BV23	ENSG00000163686	57406	0	0	0	0	0	0	0	0	0	0	0	0	1	1	0	0	0	0	0	0	0	0	0	0	unique	1	yes	0	0	0	0
HGNC:214	ADAM7	Q9H2U9	ENSG00000069206	8756	1	1	0	0	0	0	0	0	0	0	0	0	0	0	0	0	0	0	0	0	0	0	0	0	unique	1	no	1	1	1	1
HGNC:21411	AIFM2	Q9BRQ8	ENSG00000042286	84883	0	0	0	0	0	0	0	0	0	0	0	0	1	1	0	0	0	0	0	0	0	0	0	0	unique	1	yes	0	0	0	0
HGNC:21416	SMPDL3B	Q92485	ENSG00000130768	27293	0	1	0	0	0	0	0	0	0	0	0	0	0	0	0	0	0	0	0	0	0	0	0	0	unique	1	no	0	0	0	0
HGNC:21427	TMEM8B	A6NDV4	ENSG00000137103	51754	0	1	0	0	0	0	0	0	0	0	0	0	0	0	0	0	0	0	0	0	0	0	0	0	unique	1	no	1	0	0	0
HGNC:21444	UPK3B	Q9BT76	ENSG00000243566	105375355	0	0	0	0	0	0	0	0	0	0	0	0	0	0	0	0	0	0	0	0	0	0	0	0	unique	1	no	1	1	1	1
HGNC:21446	HAPLN3	Q96S86	ENSG00000140511	145864	0	0	0	0	0	0	0	0	0	0	0	0	0	0	0	0	0	0	0	0	0	0	0	0	unique	1	yes	0	0	0	0
HGNC:21461	RC3H2	Q9HBD1	ENSG00000056586	54542	0	0	0	0	1	0	0	0	0	0	0	0	0	0	0	0	0	0	0	0	0	0	0	0	unique	1	no	0	0	0	0
HGNC:21479	DCBLD1	Q8N8Z6	ENSG00000164465	285761	1	1	0	0	0	0	0	0	0	0	0	0	0	0	0	0	0	0	0	0	0	0	0	0	unique	1	yes	1	1	1	1
HGNC:2148	CNGA1	P29973	ENSG00000198515	1259	0	1	0	0	0	0	0	0	0	0	0	0	1	1	0	1	0	0	0	0	1	0	1	0	unique	1	yes	0	0	0	1
HGNC:21487	RNF217	Q8TC41	ENSG00000146373	154214			0	0	0	0	0	0	0	0	0	0	0	0	0	0	0	0	0	0	0	0	0	0	unique	0	yes	0	0	0	0
HGNC:2149	CNGA2	Q16280	ENSG00000183862	1260	0	1	0	0	1	0	0	0	0	0	0	0	1	1	0	0	0	0	0	0	0	0	0	0	unique	1	yes	0	0	0	0
HGNC:215	ADAM8	P78325	ENSG00000151651	101	1	1	0	0	1	1	1	0	0	1	0	0	1	1	1	0	0	0	0	0	1	1	0	0	unique	1	no	1	1	1	1
HGNC:2150	CNGA3	Q16281	ENSG00000144191	1261	0	1	0	0	1	0	0	0	0	0	0	0	1	1	0	1	0	0	0	0	1	0	1	0	unique	1	yes	0	0	0	1
HGNC:2151	CNGB1	Q14028	ENSG00000070729	1258	0	1	0	0	1	0	0	0	0	0	0	0	1	1	0	0	0	0	0	0	0	0	0	0	unique	1	yes	0	0	0	0
HGNC:2152	CNGA4	Q8IV77	ENSG00000132259	1262	0	0	0	0	0	0	0	0	0	0	0	0	1	1	0	0	0	0	0	0	0	0	0	0	unique	1	yes	0	0	0	0
HGNC:21529	TM9SF3	Q9HD45	ENSG00000077147	56889	0	0	0	0	1	0	0	0	0	0	0	0	0	0	0	0	0	0	0	0	0	0	0	0	unique	1	no	1	1	1	1
HGNC:2153	CNGB3	Q9NQW8	ENSG00000170289	54714	0	0	0	0	1	0	0	0	0	0	0	0	1	1	0	0	0	0	0	0	0	0	0	0	unique	1	yes	0	0	0	0
HGNC:21568	CALHM5	Q8N5C1	ENSG00000178033	254228	0	0	0	0	0	0	0	0	0	0	0	0	0	1	0	0	0	0	0	0	0	0	0	0	unique	1	no	0	0	0	0
HGNC:21571	TMEM244	Q5VVB8	ENSG00000203756	253582			0	0	0	0	0	0	0	0	0	0	0	0	0	0	0	0	0	0	0	0	0	0	unique	0	no	0	0	0	0
HGNC:21573	SLC18B1	Q6NT16	ENSG00000146409	116843	0	0	0	0	0	0	0	0	0	0	0	0	1	1	0	0	0	0	0	0	0	0	0	0	unique	1	yes	0	0	0	0
HGNC:21580	KIAA0319	Q5VV43	ENSG00000137261	9856	1	1	0	0	0	0	0	0	0	0	0	0	0	0	0	0	0	0	0	0	0	0	0	0	unique	1	no	1	1	1	1
HGNC:2159	CNR1	P21554	ENSG00000118432	1268	0	1	0	0	1	0	0	0	0	0	0	0	1	1	0	1	0	1	0	1	1	0	1	0	unique	1	yes	1	0	0	1
HGNC:216	ADAM9	Q13443	ENSG00000168615	8754	1	1	0	0	1	0	0	0	0	0	0	0	0	0	0	0	0	0	0	0	0	0	0	0	unique	1	yes	1	1	1	1
HGNC:2160	CNR2	P34972	ENSG00000188822	1269	0	1	0	0	0	0	0	0	0	0	0	0	1	1	0	1	0	0	0	0	1	0	1	0	unique	1	yes	1	0	0	1
HGNC:21607	AIG1	Q9NVV5	ENSG00000146416	51390	0	0	0	0	1	0	0	0	0	0	0	0	0	0	0	0	0	0	0	0	0	0	0	0	unique	1	no	0	0	0	0
HGNC:21625	ANO1	Q5XXA6	ENSG00000131620	55107	0	1	0	0	0	0	0	0	0	0	0	0	0	0	0	0	0	0	0	0	0	0	0	0	unique	1	yes	1	1	1	1
HGNC:21640	TSPAN9	O75954	ENSG00000011105	10867	0	1	0	0	0	0	0	0	0	0	0	0	0	0	0	0	0	0	0	0	0	0	0	0	unique	1	no	1	1	1	1
HGNC:21641	TSPAN12	O95859	ENSG00000106025	23554	0	1	0	0	0	0	0	0	0	0	0	0	0	0	0	0	0	0	0	0	0	0	0	0	unique	1	yes	0	0	0	0
HGNC:21643	TSPAN13	O95857	ENSG00000106537	27075	0	1	0	0	0	0	0	0	0	0	0	0	0	0	0	0	0	0	0	0	0	0	0	0	unique	1	no	1	1	1	1
HGNC:21650	BMP8A	Q7Z5Y6	ENSG00000183682	353500			0	0	0	0	0	0	0	0	0	0	0	0	0	0	0	0	0	0	0	0	0	0	unique	0	no	0	0	0	0
HGNC:21652	OSTM1	Q86WC4	ENSG00000081087	28962	0	0	0	0	0	0	0	0	0	0	0	0	0	0	0	0	0	0	0	0	0	0	0	0	unique	1	yes	1	1	1	1
HGNC:21657	S100A7A	Q86SG5	ENSG00000184330	338324			0	0	1	1	0	0	0	1	0	0	0	0	0	0	0	0	0	0	1	0	0	0	unique	0	yes	0	0	0	0
HGNC:21661	MUC21	Q5SSG8	ENSG00000204544	394263	1	1	0	0	0	0	0	0	0	0	0	0	0	0	0	0	0	0	0	0	0	0	0	0	unique	1	no	1	0	0	0
HGNC:21666	MUCL3	Q3MIW9	ENSG00000168631	135656	0	0	0	0	0	0	0	0	0	0	0	0	0	0	0	0	0	0	0	0	0	0	0	0	unique	1	no	0	0	0	0
HGNC:21667	ORAI2	Q96SN7	ENSG00000160991	80228			0	0	0	0	0	0	0	0	0	0	0	0	0	0	0	0	0	0	0	0	0	0	unique	0	yes	0	0	0	0
HGNC:21683	NAPEPLD	Q6IQ20	ENSG00000161048	222236	0	0	0	0	0	0	0	0	0	0	0	0	1	1	0	1	0	0	0	0	1	0	1	0	unique	1	yes	0	0	0	1
HGNC:21685	CD109	Q6YHK3	ENSG00000156535	135228	0	1	0	0	1	0	0	0	0	0	0	0	0	0	0	0	0	0	0	0	0	0	0	0	unique	1	yes	1	1	1	1
HGNC:21686	RNASET2	O00584	ENSG00000026297	8635			0	0	0	0	0	0	0	0	0	0	0	0	0	0	0	0	0	0	0	0	0	0	unique	0	yes	0	0	0	0
HGNC:21697	TMEM120A	Q9BXJ8	ENSG00000189077	83862	0	0	0	0	0	0	0	0	0	0	0	0	1	1	0	0	0	0	0	0	0	0	0	0	unique	1	no	0	0	0	0
HGNC:217	ADAMTS1	Q9UHI8	ENSG00000154734	9510			0	0	0	0	0	0	0	0	0	0	1	1	0	0	0	0	0	0	0	0	0	0	unique	0	yes	0	0	0	0
HGNC:2170	CNTFR	P26992	ENSG00000122756	1271	0	1	0	0	0	0	0	0	0	0	0	0	0	0	0	0	0	1	0	1	1	0	1	0	unique	1	yes	1	1	1	1
HGNC:21707	TMEM243	Q9BU79	ENSG00000135185	79161			0	0	0	0	0	0	0	0	0	0	0	0	0	0	0	0	0	0	0	0	0	0	unique	0	no	0	0	0	0
HGNC:21709	TMUB1	Q9BVT8	ENSG00000164897	83590			0	0	0	0	0	0	0	0	0	0	0	0	0	0	0	0	0	0	0	0	0	0	unique	0	no	0	0	0	0
HGNC:2171	CNTN1	Q12860	ENSG00000018236	1272	0	1	0	0	1	0	0	0	0	0	0	0	0	0	0	0	0	0	0	0	0	0	0	0	unique	1	yes	1	1	1	1
HGNC:21715	PKD1L2	Q7Z442	ENSG00000166473	114780	0	0	0	0	1	0	0	0	0	0	0	0	0	0	0	0	0	0	0	0	0	0	0	0	unique	1	no	1	1	1	1
HGNC:21716	PKD1L3	Q7Z443	ENSG00000277481	342372	0	0	0	0	0	0	0	0	0	0	0	0	0	0	0	0	0	0	0	0	0	0	0	0	unique	1	yes	1	1	1	1
HGNC:21718	GPR146	Q96CH1	ENSG00000164849	115330	0	1	0	0	0	0	0	0	0	0	0	0	0	0	0	0	0	0	0	0	0	0	0	0	unique	1	yes	1	0	0	0
HGNC:2172	CNTN2	Q02246	ENSG00000184144	6900	0	1	0	0	1	0	0	0	0	0	0	0	0	0	0	0	0	0	0	0	0	0	0	0	unique	1	yes	1	1	1	1
HGNC:21723	ATP6V0E2	Q8NHE4	ENSG00000171130	155066			0	0	0	0	0	0	0	0	0	0	0	0	0	0	0	0	0	0	0	0	0	0	unique	0	no	0	0	0	0
HGNC:2173	CNTN3	Q9P232	ENSG00000113805	5067	0	1	0	0	1	0	0	0	0	0	0	0	0	0	0	0	0	0	0	0	0	0	0	0	unique	1	yes	1	1	1	1
HGNC:21732	ANTXR2	P58335	ENSG00000163297	118429	1	1	0	0	1	0	0	0	0	0	0	0	0	0	0	0	0	0	0	0	0	0	0	0	unique	1	yes	1	1	1	1
HGNC:2174	CNTN4	Q8IWV2	ENSG00000144619	152330	0	1	0	0	1	0	0	0	0	0	0	0	0	0	0	0	0	0	0	0	0	0	0	0	unique	1	yes	1	1	1	1
HGNC:2175	CNTN5	O94779	ENSG00000149972	53942	0	1	0	0	1	0	0	0	0	0	0	0	0	0	0	0	0	0	0	0	0	0	0	0	unique	1	yes	1	1	1	1
HGNC:21750	SOFU1	Q96L11	ENSG00000165131	135927			0	0	0	0	0	0	0	0	0	0	0	0	0	0	0	0	0	0	0	0	0	0	unique	0	yes	0	0	0	0
HGNC:2176	CNTN6	Q9UQ52	ENSG00000134115	27255	0	1	0	0	1	0	0	0	0	0	0	0	0	0	0	0	0	0	0	0	0	0	0	0	unique	1	yes	1	1	1	1
HGNC:21773	LIPJ	Q5W064	ENSG00000204022	142910	0	0	0	0	0	0	0	0	0	0	0	0	0	0	0	0	0	0	0	0	0	0	0	0	unique	1	no	0	0	0	0
HGNC:21870	TMEM140	Q9NV12	ENSG00000146859	55281	0	0	0	0	0	0	0	0	0	0	0	0	0	0	0	0	0	0	0	0	0	0	0	0	unique	1	yes	1	0	0	0
HGNC:21897	VWDE	Q8N2E2	ENSG00000146530	221806	0	0	0	0	1	0	0	0	0	0	0	0	0	0	0	0	0	0	0	0	0	0	0	0	unique	1	no	0	0	0	0
HGNC:219	ADAMTS3	O15072	ENSG00000156140	9508			0	0	0	0	0	0	0	0	0	0	0	0	0	0	0	0	0	0	0	0	0	0	unique	0	yes	0	0	0	0
HGNC:2190	COL13A1	Q5TAT6	ENSG00000197467	1305	1	1	0	0	1	0	0	0	0	0	0	0	0	0	0	0	0	0	0	0	0	0	0	0	unique	1	yes	0	0	0	0
HGNC:21923	STEAP4	Q687X5	ENSG00000127954	79689	0	0	0	0	0	0	0	0	0	0	0	0	1	1	0	0	0	0	0	0	0	0	0	0	unique	1	no	1	0	0	0
HGNC:2194	COL17A1	Q9UMD9	ENSG00000065618	1308	1	1	0	0	1	0	0	0	0	0	0	0	0	0	0	0	0	0	0	0	0	0	0	0	unique	1	yes	0	0	0	0
HGNC:21945	ELAPOR2	A8MWY0	ENSG00000164659	222223	0	0	0	0	1	0	0	0	0	0	0	0	0	0	0	0	0	0	0	0	0	0	0	0	unique	1	yes	0	0	0	0
HGNC:2195	COL18A1	P39060	ENSG00000182871	80781			0	0	1	0	0	0	0	0	0	0	0	0	0	0	0	0	0	0	0	0	0	0	unique	0	yes	0	0	0	0
HGNC:21969	CLEC2L	P0C7M8	ENSG00000236279	154790			0	0	0	0	0	0	0	0	0	0	0	0	0	0	0	0	0	0	0	0	0	0	unique	0	no	0	0	0	0
HGNC:22036	LSMEM1	Q8N8F7	ENSG00000181016	286006	0	0	0	0	0	0	0	0	0	0	0	0	0	0	0	0	0	0	0	0	0	0	0	0	unique	1	no	1	1	1	1
HGNC:22058	TMEM139	Q8IV31	ENSG00000178826	135932	0	0	0	0	0	0	0	0	0	0	0	0	0	0	0	0	0	0	0	0	0	0	0	0	unique	1	no	0	0	0	0
HGNC:221	ADAMTS5	Q9UNA0	ENSG00000154736	11096			0	0	1	0	0	0	0	0	0	0	1	1	0	0	0	0	0	0	0	0	0	0	unique	0	yes	0	0	0	0
HGNC:2212	COL6A2	P12110	ENSG00000142173	1292	0	0	0	0	1	0	0	0	0	0	0	0	0	0	0	0	0	0	0	0	0	0	0	0	unique	1	yes	0	0	0	0
HGNC:2213	COL6A3	P12111	ENSG00000163359	1293	0	0	0	0	1	1	0	0	0	1	0	0	0	0	0	0	0	1	0	1	1	0	1	0	unique	1	yes	0	0	0	1
HGNC:22135	SPACDR	Q8IZ16	ENSG00000185955	402573			0	0	0	0	0	0	0	0	0	0	0	0	0	0	0	0	0	0	0	0	0	0	unique	0	no	0	0	0	0
HGNC:2214	COL7A1	Q02388	ENSG00000114270	1294	0	1	0	0	1	0	0	0	0	0	0	0	0	0	0	0	0	0	0	0	0	0	0	0	unique	1	no	0	0	0	0
HGNC:22146	SLC5A9	Q2M3M2	ENSG00000117834	200010	0	1	0	0	0	0	0	0	0	0	0	0	0	0	0	0	0	0	0	0	0	0	0	0	unique	1	yes	1	0	0	0
HGNC:222	ADAMTS6	Q9UKP5	ENSG00000049192	11174			0	0	1	0	0	0	0	0	0	0	0	0	0	0	0	0	0	0	0	0	0	0	unique	0	yes	0	0	0	0
HGNC:2220	COLEC10	Q9Y6Z7	ENSG00000184374	10584	0	0	0	0	1	0	0	0	0	0	0	0	0	0	0	0	0	0	0	0	0	0	0	0	unique	1	yes	0	0	0	0
HGNC:22200	TRIL	Q7L0X0	ENSG00000255690	9865	1	1	0	0	1	0	0	0	0	0	0	0	0	0	0	0	0	0	0	0	0	0	0	0	unique	1	yes	1	1	1	1
HGNC:22201	TCAF1	Q9Y4C2	ENSG00000198420	9747	0	1	0	0	0	0	0	0	0	0	0	0	0	0	0	0	0	0	0	0	0	0	0	0	unique	1	yes	0	0	0	0
HGNC:22207	THSD7A	Q9UPZ6	ENSG00000005108	221981	1	1	0	0	1	0	0	0	0	0	0	0	0	0	0	0	0	0	0	0	0	0	0	0	unique	1	yes	1	1	1	1
HGNC:22211	ESYT2	A0FGR8	ENSG00000117868	57488	0	0	0	0	0	0	0	0	0	0	0	0	0	1	0	0	0	0	0	0	0	0	0	0	unique	1	yes	0	0	0	0
HGNC:22222	TTYH3	Q9C0H2	ENSG00000136295	80727	0	1	0	0	0	0	0	0	0	0	0	0	0	0	0	0	0	0	0	0	0	0	0	0	unique	1	no	1	1	1	1
HGNC:22223	EEPD1	Q7L9B9	ENSG00000122547	80820			0	0	1	0	0	0	0	0	0	0	0	0	0	0	0	0	0	0	0	0	0	0	unique	0	yes	0	0	0	0
HGNC:22225	CCDC136	Q96JN2	ENSG00000128596	64753	0	0	0	0	0	0	0	0	0	0	0	0	0	0	0	0	0	0	0	0	0	0	0	0	unique	1	no	0	0	0	0
HGNC:2226	COLQ	Q9Y215	ENSG00000206561	8292	0	0	0	0	1	1	0	0	0	1	0	0	0	0	0	0	0	0	0	0	1	0	0	0	unique	1	yes	0	0	0	0
HGNC:223	ADAMTS7	Q9UKP4	ENSG00000136378	11173			0	0	1	0	0	0	0	0	0	0	0	0	0	0	0	0	0	0	0	0	0	0	unique	0	yes	0	0	0	0
HGNC:22316	ZNRF2	Q8NHG8	ENSG00000180233	223082			0	0	0	0	0	0	0	0	0	0	0	0	0	0	0	0	0	0	0	0	0	0	unique	0	yes	0	0	0	0
HGNC:22394	KCTD8	Q6ZWB6	ENSG00000183783	386617	0	0	0	0	1	0	0	0	0	0	0	0	0	0	0	0	0	0	0	0	0	0	0	0	unique	1	yes	0	0	0	0
HGNC:22398	CCDC126	Q96EE4	ENSG00000169193	90693	0	0	0	0	0	0	0	0	0	0	0	0	0	0	0	0	0	0	0	0	0	0	0	0	unique	1	no	0	0	0	0
HGNC:224	ADAMTS8	Q9UP79	ENSG00000134917	11095			0	0	1	0	0	0	0	0	0	0	0	0	0	0	0	0	0	0	0	0	0	0	unique	0	yes	0	0	0	0
HGNC:22407	TMEM106B	Q9NUM4	ENSG00000106460	54664	0	0	0	0	1	0	0	0	0	0	0	0	0	0	0	0	0	0	0	0	0	0	0	0	unique	1	no	1	1	1	1
HGNC:22408	ATG9A	Q7Z3C6	ENSG00000198925	79065	0	0	0	0	1	0	0	0	0	0	0	0	0	1	0	0	0	0	0	0	0	0	0	0	unique	1	no	1	1	1	1
HGNC:22421	CHLSN	Q9BRJ6	ENSG00000146540	84310			0	0	0	0	0	0	0	0	0	0	0	0	0	0	0	0	0	0	0	0	0	0	unique	0	no	0	0	0	0
HGNC:2259	ENOX2	Q16206	ENSG00000165675	10495	0	0	0	0	0	0	0	0	0	0	0	0	0	0	0	0	0	0	0	0	0	0	0	0	unique	1	no	0	0	0	0
HGNC:2295	CP	P00450	ENSG00000047457	1356	0	0	0	0	1	1	0	0	0	1	0	0	0	0	0	0	0	0	0	0	1	0	0	0	unique	1	no	0	0	0	0
HGNC:22951	GPR155	Q7Z3F1	ENSG00000163328	151556	0	0	0	0	0	0	0	0	0	0	0	0	1	1	0	0	0	0	0	0	0	0	0	0	unique	1	yes	1	0	0	0
HGNC:22977	REG4	Q9BYZ8	ENSG00000134193	83998			0	0	0	0	0	0	0	0	0	0	0	0	0	0	0	0	0	0	0	0	0	0	unique	0	no	0	0	0	0
HGNC:22979	SLC10A3	P09131	ENSG00000126903	8273	0	0	0	0	0	0	0	0	0	0	0	0	0	0	0	0	0	0	0	0	0	0	0	0	unique	1	no	1	0	0	0
HGNC:22980	SLC10A4	Q96EP9	ENSG00000145248	201780	0	1	0	0	0	0	0	0	0	0	0	0	0	0	0	0	0	0	0	0	0	0	0	0	unique	1	no	1	0	0	0
HGNC:22981	SLC10A5	Q5PT55	ENSG00000253598	347051	0	0	0	0	0	0	0	0	0	0	0	0	0	0	0	0	0	0	0	0	0	0	0	0	unique	1	no	1	1	1	1
HGNC:22988	SPATA9	Q9BWV2	ENSG00000145757	83890			0	0	0	0	0	0	0	0	0	0	0	0	0	0	0	0	0	0	0	0	0	0	unique	0	no	0	0	0	0
HGNC:22990	COL23A1	Q86Y22	ENSG00000050767	91522	0	0	0	0	1	1	1	0	0	1	0	0	0	0	0	0	0	0	0	0	1	1	0	0	unique	1	yes	0	0	0	0
HGNC:22995	TMC3	Q7Z5M5	ENSG00000188869	342125	0	1	0	0	1	0	0	0	0	0	0	0	0	0	0	0	0	0	0	0	0	0	0	0	unique	1	no	0	0	0	0
HGNC:22997	RTL3	Q8N8U3	ENSG00000179300	203430	0	0	0	0	0	0	0	0	0	0	0	0	0	0	0	0	0	0	0	0	0	0	0	0	unique	1	no	0	0	0	0
HGNC:22998	TMC4	Q7Z404	ENSG00000167608	147798	0	1	0	0	1	0	0	0	0	0	0	0	0	0	0	0	0	0	0	0	0	0	0	0	unique	1	yes	0	0	0	0
HGNC:22999	TMC5	Q6UXY8	ENSG00000103534	79838	0	0	0	0	1	0	0	0	0	0	0	0	0	0	0	0	0	0	0	0	0	0	0	0	unique	1	no	0	0	0	0
HGNC:23000	TMC7	Q7Z402	ENSG00000170537	79905	0	1	0	0	0	0	0	0	0	0	0	0	0	0	0	0	0	0	0	0	0	0	0	0	unique	1	no	1	1	1	1
HGNC:2301	CPD	O75976	ENSG00000108582	1362	1	1	0	0	1	0	0	0	0	0	0	0	0	0	0	0	0	0	0	0	0	0	0	0	unique	1	yes	1	1	1	1
HGNC:23015	FAM20A	Q96MK3	ENSG00000108950	54757			0	0	0	0	0	0	0	0	0	0	1	1	0	0	0	0	0	0	0	0	0	0	unique	0	yes	0	0	0	0
HGNC:23018	TMEM270	Q6UE05	ENSG00000175877	135886			0	0	0	0	0	0	0	0	0	0	0	0	0	0	0	0	0	0	0	0	0	0	unique	0	no	0	0	0	0
HGNC:23028	DPEP2	Q9H4A9	ENSG00000167261	64174	0	1	0	0	0	0	0	0	0	0	0	0	0	0	0	0	0	0	0	0	0	0	0	0	unique	1	yes	1	1	1	1
HGNC:23029	DPEP3	Q9H4B8	ENSG00000141096	64180	0	1	0	0	1	0	0	0	0	1	0	0	0	0	0	0	0	1	0	1	1	0	1	0	unique	1	no	1	1	1	1
HGNC:2303	CPE	P16870	ENSG00000109472	1363			0	0	0	0	0	0	0	0	0	0	0	0	0	0	0	0	0	0	0	0	0	0	unique	0	no	0	0	0	0
HGNC:23034	CNKSR3	Q6P9H4	ENSG00000153721	154043	0	0	0	0	0	0	0	0	0	0	0	0	0	0	0	0	0	0	0	0	0	0	0	0	unique	1	yes	0	0	0	0
HGNC:23038	LMBRD1	Q9NUN5	ENSG00000168216	55788	0	0	0	0	0	0	0	0	0	0	0	0	1	1	0	0	0	0	0	0	0	0	0	0	unique	1	yes	1	1	1	1
HGNC:23049	TM7SF3	Q9NS93	ENSG00000064115	51768	0	1	0	0	0	0	0	0	0	0	0	0	0	0	0	0	0	0	0	0	0	0	0	0	unique	1	yes	1	1	1	1
HGNC:23053	RTN4RL2	Q86UN3	ENSG00000186907	349667	0	1	0	0	0	0	0	0	0	0	0	0	0	0	0	0	0	0	0	0	0	0	0	0	unique	1	yes	1	1	1	1
HGNC:23059	BCAN	Q96GW7	ENSG00000132692	63827	0	0	0	0	1	1	0	0	0	1	0	0	0	0	0	0	0	0	0	0	1	0	0	0	unique	1	yes	1	1	1	1
HGNC:23062	XKR7	Q5GH72	ENSG00000260903	343702			0	0	1	0	0	0	0	0	0	0	0	0	0	0	0	0	0	0	0	0	0	0	unique	0	no	0	0	0	0
HGNC:23087	SLC43A2	Q8N370	ENSG00000167703	124935	0	1	0	0	0	0	0	0	0	0	0	0	0	0	0	0	0	0	0	0	0	0	0	0	unique	1	yes	1	0	0	0
HGNC:23088	SLC10A7	Q0GE19	ENSG00000120519	84068	0	0	0	0	0	0	0	0	0	0	0	0	0	0	0	0	0	0	0	0	0	0	0	0	unique	1	no	0	0	0	0
HGNC:23089	SLC13A5	Q86YT5	ENSG00000141485	284111	0	1	0	0	0	0	0	0	0	0	0	0	0	0	0	0	0	0	0	0	0	0	0	0	unique	1	yes	0	0	0	0
HGNC:23090	SLC15A4	Q8N697	ENSG00000139370	121260	0	0	0	0	1	1	1	0	0	1	0	0	1	1	0	0	0	1	1	1	1	1	1	1	unique	1	yes	1	0	0	1
HGNC:23091	SLC5A11	Q8WWX8	ENSG00000158865	115584	0	1	0	0	0	0	0	0	0	0	0	0	0	0	0	0	0	0	0	0	0	0	0	0	unique	1	yes	1	0	0	0
HGNC:23092	SLC7A13	Q8TCU3	ENSG00000164893	157724	0	1	0	0	0	0	0	0	0	0	0	0	0	0	0	0	0	0	0	0	0	0	0	0	unique	1	yes	0	0	0	0
HGNC:23093	SLC16A11	Q8NCK7	ENSG00000174326	162515			0	0	0	0	0	0	0	0	0	0	0	0	0	0	0	0	0	0	0	0	0	0	unique	0	yes	0	0	0	0
HGNC:23094	SLC16A12	Q6ZSM3	ENSG00000152779	387700	0	1	0	0	0	0	0	0	0	0	0	0	0	0	0	0	0	0	0	0	0	0	0	0	unique	1	yes	1	1	1	1
HGNC:23095	SLC22A17	Q8WUG5	ENSG00000092096	51310	0	1	0	0	0	0	0	0	0	0	0	0	0	0	0	0	0	0	0	0	0	0	0	0	unique	1	yes	1	0	0	0
HGNC:23096	SLC29A3	Q9BZD2	ENSG00000198246	55315	0	0	0	0	0	0	0	0	0	0	0	0	0	0	0	0	0	0	0	0	0	0	0	0	unique	1	yes	1	0	0	0
HGNC:23097	SLC29A4	Q7RTT9	ENSG00000164638	222962	0	1	0	0	1	0	0	0	0	0	0	0	0	0	0	0	0	0	0	0	0	0	0	0	unique	1	yes	1	0	0	0
HGNC:23109	FAT4	Q6V0I7	ENSG00000196159	79633	1	1	0	0	1	0	0	0	0	0	0	0	0	0	0	0	0	0	0	0	0	0	0	0	unique	1	yes	1	1	1	1
HGNC:2311	CPM	P14384	ENSG00000135678	1368	0	1	0	0	0	0	0	0	0	0	0	0	0	0	0	0	0	0	0	0	0	0	0	0	unique	1	yes	1	1	1	1
HGNC:23111	DCHS2	Q6V1P9	ENSG00000197410	54798	1	1	0	0	0	0	0	0	0	0	0	0	0	0	0	0	0	0	0	0	0	0	0	0	unique	1	yes	1	1	1	1
HGNC:23112	FAT3	Q8TDW7	ENSG00000165323	120114	1	1	0	0	1	0	0	0	0	0	0	0	0	0	0	0	0	0	0	0	0	0	0	0	unique	1	no	1	1	1	1
HGNC:23117	NXPE4	Q6UWF7	ENSG00000137634	54827			0	0	0	0	0	0	0	0	0	0	0	0	0	0	0	0	0	0	0	0	0	0	unique	0	no	0	0	0	0
HGNC:2313	CPN2	P22792	ENSG00000178772	1370			0	0	0	0	0	0	0	0	0	0	0	0	0	0	0	0	0	0	0	0	0	0	unique	0	yes	0	0	0	0
HGNC:23137	RNF149	Q8NC42	ENSG00000163162	284996	0	0	0	0	0	0	0	0	0	0	0	0	0	0	0	0	0	0	0	0	0	0	0	0	unique	1	no	1	1	1	1
HGNC:23138	RNF150	Q9ULK6	ENSG00000170153	57484	0	0	0	0	1	0	0	0	0	0	0	0	0	0	0	0	0	0	0	0	0	0	0	0	unique	1	no	1	1	1	1
HGNC:23143	SYT14	Q8NB59	ENSG00000143469	255928	0	0	0	0	0	0	0	0	0	0	0	0	0	0	0	0	0	0	0	0	0	0	0	0	unique	1	no	0	0	0	0
HGNC:23146	PAQR7	Q86WK9	ENSG00000182749	164091	0	1	0	0	0	0	0	0	0	0	0	0	0	0	0	0	0	0	0	0	0	0	0	0	unique	1	yes	0	0	0	0
HGNC:23155	SLC5A10	A0PJK1	ENSG00000154025	125206	0	1	0	0	0	0	0	0	0	0	0	0	0	0	0	0	0	0	0	0	0	0	0	0	unique	1	yes	1	0	0	0
HGNC:23174	PODN	Q7Z5L7	ENSG00000174348	127435			0	0	1	0	0	0	0	0	0	0	0	0	0	0	0	0	0	0	0	0	0	0	unique	0	no	0	0	0	0
HGNC:232	ADCY1	Q08828	ENSG00000164742	107			0	0	1	0	0	0	0	0	0	0	0	0	0	0	0	0	0	0	0	0	0	0	unique	0	yes	0	0	0	0
HGNC:2320	CPNE7	Q9UBL6	ENSG00000178773	27132			0	0	1	0	0	0	0	0	0	0	0	0	0	0	0	0	0	0	0	0	0	0	unique	0	yes	0	0	0	0
HGNC:23204	KIRREL3	Q8IZU9	ENSG00000149571	84623	1	1	0	0	1	0	0	0	0	0	0	0	0	0	0	0	0	0	0	0	0	0	0	0	unique	1	yes	1	1	1	1
HGNC:23217	GKN1	Q9NS71	ENSG00000169605	56287			0	0	0	0	0	0	0	0	0	0	0	0	0	0	0	0	0	0	0	0	0	0	unique	0	no	0	0	0	0
HGNC:23219	NAALADL2	Q58DX5	ENSG00000177694	254827	0	0	0	0	0	0	0	0	0	0	0	0	0	0	0	0	0	0	0	0	0	0	0	0	unique	1	no	0	0	0	0
HGNC:23220	CATSPER4	Q7RTX7	ENSG00000188782	378807	0	0	0	0	1	0	0	0	0	0	0	0	0	0	0	0	0	0	0	0	0	0	0	0	unique	1	no	0	0	0	0
HGNC:23221	SPATA12	Q7Z6I5	ENSG00000186451	353324	0	0	0	0	0	0	0	0	0	0	0	0	0	0	0	0	0	0	0	0	0	0	0	0	unique	1	no	0	0	0	0
HGNC:23228	CPAMD8	Q8IZJ3	ENSG00000160111	27151			0	0	1	0	0	0	0	0	0	0	0	0	0	0	0	0	0	0	0	0	0	0	unique	0	no	0	0	0	0
HGNC:23231	SERINC2	Q96SA4	ENSG00000168528	347735	0	1	0	0	0	0	0	0	0	0	0	0	0	0	0	0	0	0	0	0	0	0	0	0	unique	1	no	1	0	0	0
HGNC:23245	ZNF474	Q6S9Z5	ENSG00000164185	133923	0	0	0	0	0	0	0	0	0	0	0	0	0	0	0	0	0	0	0	0	0	0	0	0	unique	1	no	0	0	0	0
HGNC:23282	MUC20	Q8N307	ENSG00000176945	200958	1	1	0	0	1	1	0	0	0	1	0	0	0	0	0	0	0	0	0	0	1	0	0	0	unique	1	yes	0	0	0	0
HGNC:23296	GJD4	Q96KN9	ENSG00000177291	219770	0	1	0	0	1	0	0	0	0	0	0	0	1	1	0	0	0	0	0	0	0	0	0	0	unique	1	no	0	0	0	0
HGNC:23298	TSPAN15	O95858	ENSG00000099282	23555	0	1	0	0	0	0	0	0	0	0	0	0	0	0	0	0	0	1	1	1	1	1	1	1	unique	1	yes	1	1	1	1
HGNC:233	ADCY2	Q08462	ENSG00000078295	108	0	1	0	0	0	0	0	0	0	0	0	0	0	0	0	0	0	0	0	0	0	0	0	0	unique	1	no	1	1	1	1
HGNC:23303	TSPAN14	Q8NG11	ENSG00000108219	81619	0	1	0	0	0	0	0	0	0	0	0	0	0	0	0	0	0	0	0	0	0	0	0	0	unique	1	yes	1	1	1	1
HGNC:23304	PRAP1	Q96NZ9	ENSG00000165828	118471			0	0	1	0	0	0	0	0	0	0	0	0	0	0	0	0	0	0	0	0	0	0	unique	0	no	0	0	0	0
HGNC:23319	NTNG1	Q9Y2I2	ENSG00000162631	22854	0	1	0	0	1	0	0	0	0	0	0	0	0	0	0	0	0	0	0	0	0	0	0	0	unique	1	yes	1	1	1	1
HGNC:2333	CPZ	Q66K79	ENSG00000109625	8532	0	0	0	0	1	0	0	0	0	0	0	0	0	0	0	0	0	0	0	0	0	0	0	0	unique	1	yes	0	0	0	0
HGNC:23334	ANXA8L1	Q5VT79	ENSG00000264230	728113	0	0	0	0	0	0	0	0	0	0	0	0	0	0	0	0	0	0	0	0	0	0	0	0	unique	1	no	0	0	0	0
HGNC:23336	A2ML1	A8K2U0	ENSG00000166535	144568			0	0	0	0	0	0	0	0	0	0	0	0	0	0	0	0	0	0	0	0	0	0	unique	0	yes	0	0	0	0
HGNC:2334	CR1	P17927	ENSG00000203710	1378	1	1	0	0	1	0	0	0	0	0	0	0	0	0	0	0	0	0	0	0	0	0	0	0	unique	1	yes	1	1	1	1
HGNC:2335	CR1L	Q2VPA4	ENSG00000197721	1379			0	0	1	0	0	0	0	0	0	0	0	0	0	0	0	0	0	0	0	0	0	0	unique	0	yes	0	0	0	0
HGNC:2336	CR2	P20023	ENSG00000117322	1380	1	1	0	0	1	0	0	0	0	0	0	0	0	0	0	0	0	0	0	0	0	0	0	0	unique	1	yes	1	1	1	1
HGNC:23362	CLMB	Q96GX8	ENSG00000154102	404550	0	0	0	0	0	0	0	0	0	0	0	0	0	0	0	0	0	0	0	0	0	0	0	0	unique	1	yes	0	0	0	0
HGNC:23363	SLC71A1	Q96MC6	ENSG00000156875	64645	0	0	0	0	0	0	0	0	0	0	0	0	0	0	0	0	0	0	0	0	0	0	0	0	unique	1	no	0	0	0	0
HGNC:23375	GAPVD1	Q14C86	ENSG00000165219	26130	0	0	0	0	0	0	0	0	0	0	0	0	0	0	0	0	0	0	0	0	0	0	0	0	unique	1	yes	0	0	0	0
HGNC:23376	SLC71A2	Q5SR56	ENSG00000148110	84641	0	0	0	0	0	0	0	0	0	0	0	0	0	0	0	0	0	0	0	0	0	0	0	0	unique	1	no	0	0	0	0
HGNC:23379	LRRC19	Q9H756	ENSG00000184434	64922	0	0	0	0	0	0	0	0	0	0	0	0	0	0	0	0	0	0	0	0	0	0	0	0	unique	1	yes	1	1	1	1
HGNC:234	ADCY3	O60266	ENSG00000138031	109	0	1	0	0	0	0	0	0	0	0	0	0	0	0	0	0	0	0	0	0	0	0	0	0	unique	1	yes	1	1	1	1
HGNC:23404	LRIT1	Q9P2V4	ENSG00000148602	26103	1	1	0	0	0	0	0	0	0	0	0	0	0	0	0	0	0	0	0	0	0	0	0	0	unique	1	yes	1	1	1	1
HGNC:23409	ENPP6	Q6UWR7	ENSG00000164303	133121	0	1	0	0	1	0	0	0	0	0	0	0	0	0	0	0	0	0	0	0	0	0	0	0	unique	1	yes	1	1	1	1
HGNC:23410	TMBIM1	Q969X1	ENSG00000135926	64114			0	0	0	0	0	0	0	0	0	0	0	0	0	0	0	0	0	0	0	0	0	0	unique	0	no	0	0	0	0
HGNC:23427	KIAA1958	Q8N8K9	ENSG00000165185	158405	0	0	0	0	0	0	0	0	0	0	0	0	0	0	0	0	0	0	0	0	0	0	0	0	unique	1	no	0	0	0	0
HGNC:2343	CRB1	P82279	ENSG00000134376	23418	1	1	0	0	0	0	0	0	0	0	0	0	0	0	0	0	0	0	0	0	0	0	0	0	unique	1	yes	1	1	1	1
HGNC:23443	LRIT2	A6NDA9	ENSG00000204033	340745	1	1	0	0	0	0	0	0	0	0	0	0	0	0	0	0	0	0	0	0	0	0	0	0	unique	1	no	1	1	1	1
HGNC:23455	LIPM	Q5VYY2	ENSG00000173239	340654			0	0	0	0	0	0	0	0	0	0	0	0	0	0	0	0	0	0	0	0	0	0	unique	0	no	0	0	0	0
HGNC:23456	ASAH2B	P0C7U1	ENSG00000204147	653308			0	0	0	0	0	0	0	0	0	0	0	0	0	0	0	0	0	0	0	0	0	0	unique	0	no	0	0	0	0
HGNC:23458	CALHM3	Q86XJ0	ENSG00000183128	119395	0	1	0	0	0	0	0	0	0	0	0	0	0	0	0	0	0	0	0	0	0	0	0	0	unique	1	yes	0	0	0	0
HGNC:2347	CREB3	O43889	ENSG00000107175	10488			0	0	1	0	0	0	0	0	0	0	0	0	0	0	0	0	0	0	0	0	0	0	unique	0	no	0	0	0	0
HGNC:23470	FAM24A	A6NFZ4	ENSG00000203795	118670			0	0	0	0	0	0	0	0	0	0	0	0	0	0	0	0	0	0	0	0	0	0	unique	0	no	0	0	0	0
HGNC:23473	TMEM236	Q5W0B7	ENSG00000148483	653567			0	0	1	0	0	0	0	0	0	0	0	0	0	0	0	0	0	0	0	0	0	0	unique	0	no	0	0	0	0
HGNC:23475	FAM24B	Q8N5W8	ENSG00000213185	196792			0	0	0	0	0	0	0	0	0	0	0	0	0	0	0	0	0	0	0	0	0	0	unique	0	no	0	0	0	0
HGNC:23493	CALHM2	Q9HA72	ENSG00000138172	51063	0	1	0	0	0	0	0	0	0	0	0	0	0	1	0	0	0	1	0	1	1	0	1	0	unique	1	yes	1	1	1	1
HGNC:23494	CALHM1	Q8IU99	ENSG00000185933	255022	0	1	0	0	0	0	0	0	0	0	0	0	0	1	0	0	0	0	0	0	0	0	0	0	unique	1	no	0	0	0	0
HGNC:23496	PLPPR4	Q7Z2D5	ENSG00000117600	9890	0	1	0	0	0	0	0	0	0	0	0	0	0	0	0	0	0	0	0	0	0	0	0	0	unique	1	yes	0	0	0	0
HGNC:23497	PLPPR3	Q6T4P5	ENSG00000129951	79948			0	0	1	0	0	0	0	0	0	0	0	0	0	0	0	0	0	0	0	0	0	0	unique	0	no	0	0	0	0
HGNC:235	ADCY4	Q8NFM4	ENSG00000129467	196883	0	1	0	0	0	0	0	0	0	0	0	0	0	0	0	0	0	0	0	0	0	0	0	0	unique	1	yes	0	0	0	0
HGNC:23501	SLITRK3	O94933	ENSG00000121871	22865	1	1	0	0	0	0	0	0	0	0	0	0	0	0	0	0	0	0	0	0	0	0	0	0	unique	1	yes	1	1	1	1
HGNC:23502	SLITRK4	Q8IW52	ENSG00000179542	139065	1	1	0	0	1	0	0	0	0	0	0	0	0	0	0	0	0	0	0	0	0	0	0	0	unique	1	yes	1	1	1	1
HGNC:23503	SLITRK6	Q9H5Y7	ENSG00000184564	84189	1	1	0	0	0	0	0	0	0	0	0	0	0	0	0	0	0	0	0	0	0	0	0	0	unique	1	yes	1	1	1	1
HGNC:2351	CREG1	O75629	ENSG00000143162	8804	0	0	0	0	0	0	0	0	0	0	0	0	0	0	0	0	0	0	0	0	0	0	0	0	unique	1	yes	0	0	0	0
HGNC:23510	WBP1L	Q9NX94	ENSG00000166272	54838			0	0	1	0	0	0	0	0	0	0	0	0	0	0	0	0	0	0	0	0	0	0	unique	0	yes	0	0	0	0
HGNC:23520	SLC16A9	Q7RTY1	ENSG00000165449	220963	0	1	0	0	0	0	0	0	0	0	0	0	0	0	0	0	0	0	0	0	0	0	0	0	unique	1	yes	0	0	0	0
HGNC:23522	FAM171A1	Q5VUB5	ENSG00000148468	221061	1	1	0	0	1	0	0	0	0	0	0	0	0	0	0	0	0	0	0	0	0	0	0	0	unique	1	no	1	1	1	1
HGNC:23531	PLPP4	Q5VZY2	ENSG00000203805	196051			0	0	0	0	0	0	0	0	0	0	0	0	0	0	0	0	0	0	0	0	0	0	unique	0	yes	0	0	0	0
HGNC:23536	NAALADL1	Q9UQQ1	ENSG00000168060	10004	1	1	0	0	1	0	0	0	0	0	0	0	0	0	0	0	0	0	0	0	0	0	0	0	unique	1	yes	1	1	1	1
HGNC:2357	CRHR1	P34998	ENSG00000120088	1394	0	1	0	0	0	0	0	0	0	0	1	1	1	1	0	0	0	0	0	0	1	1	1	1	unique	1	yes	1	0	0	1
HGNC:23571	COBLL1	Q53SF7	ENSG00000082438	22837	0	0	0	0	0	0	0	0	0	0	0	0	0	0	0	0	0	0	0	0	0	0	0	0	unique	1	no	0	0	0	0
HGNC:2358	CRHR2	Q13324	ENSG00000106113	1395	0	1	0	0	0	0	0	0	0	0	1	1	1	1	0	0	0	0	0	0	1	1	1	1	unique	1	yes	1	1	1	1
HGNC:2359	CRIM1	Q9NZV1	ENSG00000150938	51232	1	1	0	0	0	0	0	0	0	0	0	0	0	0	0	0	0	0	0	0	0	0	0	0	unique	1	yes	1	1	1	1
HGNC:236	ADCY5	O95622	ENSG00000173175	111	0	1	0	0	0	0	0	0	0	0	0	0	0	1	0	0	0	0	0	0	0	0	0	0	unique	1	yes	1	0	0	0
HGNC:23609	TBC1D10A	Q9BXI6	ENSG00000099992	83874	0	0	0	0	1	0	0	0	0	0	0	0	0	0	0	0	0	0	0	0	0	0	0	0	unique	1	yes	0	0	0	0
HGNC:23612	SLCO4C1	Q6ZQN7	ENSG00000173930	353189	0	1	0	0	0	0	0	0	0	0	0	0	0	0	0	0	0	0	0	0	0	0	0	0	unique	1	yes	1	1	1	1
HGNC:23613	SLCO6A1	Q86UG4	ENSG00000205359	133482	0	0	0	0	0	0	0	0	0	0	0	0	0	0	0	0	0	0	0	0	0	0	0	0	unique	1	yes	1	0	0	0
HGNC:23615	SLC35F2	Q8IXU6	ENSG00000110660	54733	0	0	0	0	0	0	0	0	0	0	0	0	0	0	0	0	0	0	0	0	0	0	0	0	unique	1	yes	0	0	0	0
HGNC:23618	GPR153	Q6NV75	ENSG00000158292	387509	0	1	0	0	0	0	0	0	0	0	0	0	0	0	0	0	0	0	0	0	0	0	0	0	unique	1	no	1	0	0	0
HGNC:23620	IGFLR1	Q9H665	ENSG00000126246	79713	1	1	0	0	0	0	0	0	0	0	0	0	0	0	0	0	0	0	0	0	0	0	0	0	unique	1	yes	1	1	1	1
HGNC:23621	MIGA2	Q7L4E1	ENSG00000148343	84895	0	0	0	0	0	0	0	0	0	0	0	0	0	0	0	0	0	0	0	0	0	0	0	0	unique	1	yes	0	0	0	0
HGNC:23622	GPR152	Q8TDT2	ENSG00000175514	390212	0	1	0	0	0	0	0	0	0	0	0	0	0	0	0	0	0	0	0	0	0	0	0	0	unique	1	no	1	0	0	0
HGNC:23623	GPR148	Q8TDV2	ENSG00000173302	344561	0	0	0	0	0	0	0	0	0	0	0	0	0	0	0	0	0	0	0	0	0	0	0	0	unique	1	no	1	0	0	0
HGNC:23624	GPR151	Q8TDV0	ENSG00000173250	134391	0	1	0	0	0	0	0	0	0	0	0	0	0	0	0	0	0	1	0	1	1	0	1	0	unique	1	no	1	0	0	1
HGNC:23627	GPR149	Q86SP6	ENSG00000174948	344758	0	1	0	0	1	0	0	0	0	0	0	0	0	0	0	0	0	0	0	0	0	0	0	0	unique	1	no	1	0	0	0
HGNC:23628	GPR150	Q8NGU9	ENSG00000178015	285601	0	1	0	0	1	0	0	0	0	0	0	0	0	0	0	0	0	0	0	0	0	0	0	0	unique	1	no	1	1	1	1
HGNC:23631	NPSR1	Q6W5P4	ENSG00000187258	387129	0	1	0	0	0	0	0	0	0	0	0	0	0	0	0	0	0	0	0	0	0	0	0	0	unique	1	yes	1	0	0	0
HGNC:23633	PLGRKT	Q9HBL7	ENSG00000107020	55848	0	0	0	0	1	0	0	0	0	0	0	0	0	0	0	0	0	0	0	0	0	0	0	0	unique	1	yes	0	0	0	0
HGNC:2364	CRLF1	O75462	ENSG00000006016	9244	0	0	0	0	0	0	0	0	0	0	0	0	0	0	0	0	0	0	0	0	0	0	0	0	unique	1	yes	0	0	0	0
HGNC:23647	ADGRE3	Q9BY15	ENSG00000131355	84658	0	1	0	0	0	0	0	0	0	0	0	0	0	0	0	0	0	0	0	0	0	0	0	0	unique	1	no	0	0	0	0
HGNC:23665	ANKRD20A1	Q5TYW2	ENSG00000260691	84210			0	0	0	0	0	0	0	0	0	0	0	0	0	0	0	0	0	0	0	0	0	0	unique	0	no	0	0	0	0
HGNC:23673	MAMDC2	Q7Z304	ENSG00000165072	256691	0	0	0	0	0	0	0	0	0	0	0	0	0	0	0	0	0	0	0	0	0	0	0	0	unique	1	no	0	0	0	0
HGNC:23687	GPR157	Q5UAW9	ENSG00000180758	80045	0	1	0	0	0	0	0	0	0	0	0	0	0	0	0	0	0	0	0	0	0	0	0	0	unique	1	no	1	0	0	0
HGNC:23689	GPR158	Q5T848	ENSG00000151025	57512	0	1	0	0	1	0	0	0	0	0	0	0	1	1	0	0	0	1	1	1	1	1	1	1	unique	1	yes	1	1	1	1
HGNC:23690	GSDMB	Q8TAX9	ENSG00000073605	55876			0	0	0	0	0	0	0	0	0	0	0	0	0	0	0	0	0	0	0	0	0	0	unique	0	no	0	0	0	0
HGNC:23692	ACKR3	P25106	ENSG00000144476	57007	0	1	0	0	0	0	0	0	0	0	1	0	1	1	0	0	0	1	1	1	1	1	1	1	unique	1	yes	1	0	0	1
HGNC:23693	GPR160	Q9UJ42	ENSG00000173890	26996	0	1	0	0	0	0	0	0	0	0	0	0	0	0	0	0	0	0	0	0	0	0	0	0	unique	1	no	1	0	0	0
HGNC:23694	GPR161	Q8N6U8	ENSG00000143147	23432	0	1	0	0	0	0	0	0	0	0	0	0	1	1	0	0	0	0	0	0	0	0	0	0	unique	1	no	1	0	0	0
HGNC:237	ADCY6	O43306	ENSG00000174233	112	0	0	0	0	1	0	0	0	0	0	0	0	0	0	0	0	0	0	0	0	0	0	0	0	unique	1	yes	1	1	1	1
HGNC:23723	CERCAM	Q5T4B2	ENSG00000167123	51148	0	0	0	0	0	0	0	0	0	0	0	0	0	0	0	0	0	0	0	0	0	0	0	0	unique	1	no	0	0	0	0
HGNC:23730	GPRIN2	O60269	ENSG00000204175	9721	0	0	0	0	0	0	0	0	0	0	0	0	0	0	0	0	0	0	0	0	0	0	0	0	unique	1	yes	0	0	0	0
HGNC:23760	EPHX3	Q9H6B9	ENSG00000105131	79852			0	0	0	0	0	0	0	0	0	0	0	0	0	0	0	0	0	0	0	0	0	0	unique	0	no	0	0	0	0
HGNC:23764	ENPP7	Q6UWV6	ENSG00000182156	339221	1	1	0	0	0	0	0	0	0	0	0	0	1	1	1	0	0	0	0	0	0	0	0	0	unique	1	yes	0	0	0	0
HGNC:23787	TMEM63C	Q9P1W3	ENSG00000165548	57156	0	0	0	0	0	0	0	0	0	0	0	0	0	0	0	0	0	0	0	0	0	0	0	0	unique	1	no	1	1	1	1
HGNC:23792	PLD4	Q96BZ4	ENSG00000166428	122618	0	0	0	0	1	0	0	0	0	0	0	0	0	0	0	0	0	0	0	0	0	0	0	0	unique	1	yes	0	0	0	0
HGNC:238	ADCY7	P51828	ENSG00000121281	113	0	1	0	0	1	0	0	0	0	0	0	0	0	0	0	0	0	0	0	0	0	0	0	0	unique	1	yes	1	1	1	1
HGNC:2380	HAPLN1	P10915	ENSG00000145681	1404			0	0	1	0	0	0	0	0	0	0	0	0	0	0	0	0	0	0	0	0	0	0	unique	0	yes	0	0	0	0
HGNC:23801	SIPA1L3	O60292	ENSG00000105738	23094	0	0	0	0	1	0	0	0	0	0	0	0	0	0	0	0	0	0	0	0	0	0	0	0	unique	1	yes	0	0	0	0
HGNC:23813	CCDC3	Q9BQI4	ENSG00000151468	83643			0	0	0	0	0	0	0	0	0	0	0	0	0	0	0	0	0	0	0	0	0	0	unique	0	no	0	0	0	0
HGNC:23822	POTED	Q86YR6	ENSG00000166351	317754			0	0	1	0	0	0	0	0	0	0	0	0	0	0	0	0	0	0	0	0	0	0	unique	0	no	0	0	0	0
HGNC:23837	ANO4	Q32M45	ENSG00000151572	121601	0	1	0	0	0	0	0	0	0	0	0	0	0	0	0	0	0	0	0	0	0	0	0	0	unique	1	no	0	0	0	0
HGNC:2389	CRYAB	P02511	ENSG00000109846	1410	0	0	0	0	1	0	0	0	0	0	0	0	1	1	0	0	0	0	0	0	0	0	0	0	unique	1	no	0	0	0	0
HGNC:239	ADCY8	P40145	ENSG00000155897	114	0	1	0	0	0	0	0	0	0	0	0	0	0	0	0	0	0	0	0	0	0	0	0	0	unique	1	yes	0	0	0	0
HGNC:240	ADCY9	O60503	ENSG00000162104	115	0	1	0	0	1	0	0	0	0	0	0	0	0	0	0	0	0	0	0	0	0	0	0	0	unique	1	yes	1	1	0	1
HGNC:24003	HTR3C	Q8WXA8	ENSG00000178084	170572	0	1	0	0	0	0	0	0	0	0	0	0	0	0	0	0	0	0	0	0	0	0	0	0	unique	1	yes	1	1	1	1
HGNC:24004	HTR3D	Q70Z44	ENSG00000186090	200909	0	1	0	0	0	0	0	0	0	0	0	0	0	0	0	0	0	0	0	0	0	0	0	0	unique	1	yes	1	1	1	1
HGNC:24005	HTR3E	A5X5Y0	ENSG00000186038	285242	0	1	0	0	0	0	0	0	0	0	0	0	0	0	0	0	0	0	0	0	0	0	0	0	unique	1	yes	1	1	1	1
HGNC:24027	ACTRT1	Q8TDG2	ENSG00000123165	139741			0	0	0	0	0	0	0	0	0	0	0	0	0	0	0	0	0	0	0	0	0	0	unique	0	no	0	0	0	0
HGNC:24029	INHBE	P58166	ENSG00000139269	83729	0	0	0	0	0	0	0	0	0	0	0	0	0	0	0	0	0	0	0	0	0	0	0	0	unique	1	yes	0	0	0	0
HGNC:24039	CLMP	Q9H6B4	ENSG00000166250	79827	1	1	0	0	1	0	0	0	0	0	0	0	0	0	0	0	0	0	0	0	0	0	0	0	unique	1	yes	1	1	1	1
HGNC:24040	ADIPOR1	Q96A54	ENSG00000159346	51094	0	1	0	0	1	1	0	1	0	1	0	0	1	1	0	0	0	1	0	1	1	0	1	0	unique	1	yes	0	0	0	1
HGNC:24041	ADIPOR2	Q86V24	ENSG00000006831	79602	0	1	0	0	1	1	0	1	0	1	0	0	1	1	0	0	0	1	0	1	1	0	1	0	unique	1	yes	0	0	0	1
HGNC:24049	ART5	Q96L15	ENSG00000167311	116969			0	0	1	0	0	0	0	0	0	0	0	0	0	0	0	0	0	0	0	0	0	0	unique	0	yes	0	0	0	0
HGNC:24059	TMPRSS11D	O60235	ENSG00000153802	9407	1	1	0	0	0	0	0	0	0	0	0	0	0	0	0	0	0	0	0	0	0	0	0	0	unique	1	yes	1	0	0	0
HGNC:24073	AMIGO2	Q86SJ2	ENSG00000139211	347902	1	1	0	0	0	0	0	0	0	0	0	0	0	0	0	0	0	0	0	0	0	0	0	0	unique	1	yes	1	1	1	1
HGNC:24075	AMIGO3	Q86WK7	ENSG00000176020	386724	1	1	0	0	0	0	0	0	0	0	0	0	0	0	0	0	0	0	0	0	0	0	0	0	unique	1	yes	1	1	1	1
HGNC:24078	ANGPTL7	O43827	ENSG00000171819	10218			0	0	0	0	0	0	0	0	0	0	0	0	0	0	0	0	0	0	0	0	0	0	unique	0	no	0	0	0	0
HGNC:24083	MAMDC4	Q6UXC1	ENSG00000177943	158056	0	0	0	0	0	0	0	0	0	0	0	0	0	0	0	0	0	0	0	0	0	0	0	0	unique	1	no	1	1	1	1
HGNC:24084	SHROOM1	Q2M3G4	ENSG00000164403	134549	0	0	0	0	1	0	0	0	0	0	0	0	0	0	0	0	0	0	0	0	0	0	0	0	unique	1	yes	0	0	0	0
HGNC:24087	APOBR	Q0VD83	ENSG00000184730	55911	1	1	0	0	1	0	0	0	0	0	0	0	0	0	0	0	0	0	0	0	0	0	0	0	unique	1	yes	0	0	0	0
HGNC:24090	ATRAID	Q6UW56	ENSG00000138085	51374	0	0	0	0	0	0	0	0	0	0	0	0	0	0	0	0	0	0	0	0	0	0	0	0	unique	1	yes	1	1	1	1
HGNC:24104	ACY3	Q96HD9	ENSG00000132744	91703	0	0	0	0	0	0	0	0	0	0	0	0	0	0	0	0	0	0	0	0	0	0	0	0	unique	1	no	0	0	0	0
HGNC:24105	STAMBPL1	Q96FJ0	ENSG00000138134	57559	0	0	0	0	0	0	0	0	0	0	0	0	0	0	0	0	0	0	0	0	0	0	0	0	unique	1	no	0	0	0	0
HGNC:24113	ATP13A3	Q9H7F0	ENSG00000133657	79572	0	0	0	0	0	0	0	0	0	0	0	0	0	0	0	0	0	0	0	0	0	0	0	0	unique	1	no	1	1	1	1
HGNC:24125	FRMD3	A2A2Y4	ENSG00000172159	257019	0	0	0	0	0	0	0	0	0	0	0	0	0	0	0	0	0	0	0	0	0	0	0	0	unique	1	no	0	0	0	0
HGNC:24127	TM2D2	Q9BX73	ENSG00000169490	83877	0	1	0	0	0	0	0	0	0	0	0	0	0	0	0	0	0	0	0	0	0	0	0	0	unique	1	yes	0	0	0	0
HGNC:24128	TM2D3	Q9BRN9	ENSG00000184277	80213	0	1	0	0	0	0	0	0	0	0	0	0	0	0	0	0	0	0	0	0	0	0	0	0	unique	1	no	0	0	0	0
HGNC:24136	B4GALNT2	Q8NHY0	ENSG00000167080	124872			0	0	0	0	0	0	0	0	0	0	0	0	0	0	0	0	0	0	0	0	0	0	unique	0	no	0	0	0	0
HGNC:24142	TM2D1	Q9BX74	ENSG00000162604	83941	0	1	0	0	0	0	0	0	0	0	0	0	0	0	0	0	0	0	0	0	0	0	0	0	unique	1	yes	0	0	0	0
HGNC:24143	TMEM54	Q969K7	ENSG00000121900	113452			0	0	0	0	0	0	0	0	0	0	0	0	0	0	0	0	0	0	0	0	0	0	unique	0	no	0	0	0	0
HGNC:24154	BMPER	Q8N8U9	ENSG00000164619	168667			0	0	0	0	0	0	0	0	0	0	0	0	0	0	0	0	0	0	0	0	0	0	unique	0	yes	0	0	0	0
HGNC:24166	LRATD2	Q96KN1	ENSG00000168672	157638			0	0	0	0	0	0	0	0	0	0	0	0	0	0	0	0	0	0	0	0	0	0	unique	0	no	0	0	0	0
HGNC:24167	AGR3	Q8TD06	ENSG00000173467	155465			0	0	0	0	0	0	0	0	0	0	0	0	0	0	0	0	0	0	0	0	0	0	unique	0	no	0	0	0	0
HGNC:24176	BTNL9	Q6UXG8	ENSG00000165810	153579	1	1	0	0	1	0	0	0	0	0	0	0	0	0	0	0	0	0	0	0	0	0	0	0	unique	1	no	1	1	1	1
HGNC:24181	C1QL2	Q7Z5L3	ENSG00000144119	165257			0	0	1	0	0	0	0	0	0	0	0	0	0	0	0	0	0	0	0	0	0	0	unique	0	yes	0	0	0	0
HGNC:24182	C1QL1	O75973	ENSG00000131094	10882			0	0	0	0	0	0	0	0	0	0	0	0	0	0	0	0	0	0	0	0	0	0	unique	0	yes	0	0	0	0
HGNC:24191	CLEC2A	Q6UVW9	ENSG00000188393	387836	1	1	0	0	0	0	0	0	0	0	0	0	0	0	0	0	0	0	0	0	0	0	0	0	unique	1	yes	0	0	0	0
HGNC:242	ADCYAP1R1	P41586	ENSG00000078549	117	0	1	0	0	0	0	0	0	0	0	1	1	0	0	0	0	0	0	0	0	1	1	1	1	unique	1	yes	1	0	0	1
HGNC:24201	RPRM	Q9NS64	ENSG00000177519	56475	0	0	0	0	0	0	0	0	0	0	0	0	0	0	0	0	0	0	0	0	0	0	0	0	unique	1	no	1	0	0	0
HGNC:24211	RNASE12	Q5GAN4	ENSG00000258436	493901			0	0	0	0	0	0	0	0	0	0	0	0	0	0	0	0	0	0	0	0	0	0	unique	0	no	0	0	0	0
HGNC:24215	ATP13A1	Q9HD20	ENSG00000105726	57130	0	0	0	0	1	0	0	0	0	0	0	0	0	0	0	0	0	0	0	0	0	0	0	0	unique	1	no	1	0	0	0
HGNC:24225	LY6K	Q17RY6	ENSG00000160886	54742	0	0	0	0	0	0	0	0	0	0	0	0	0	0	0	0	0	0	0	0	0	0	0	0	unique	1	no	1	1	1	1
HGNC:24227	CCPG1	Q9ULG6	ENSG00000260916	9236			0	0	1	0	0	0	0	0	0	0	0	0	0	0	0	0	0	0	0	0	0	0	unique	0	yes	0	0	0	0
HGNC:24235	CD200R1	Q8TD46	ENSG00000163606	131450	1	1	0	0	0	0	0	0	0	0	0	0	0	0	0	0	0	1	1	1	1	1	1	1	unique	1	yes	1	1	1	1
HGNC:24244	SLC9B1	Q4ZJI4	ENSG00000164037	150159			0	0	0	0	0	0	0	0	0	0	0	0	0	0	0	0	0	0	0	0	0	0	unique	0	yes	0	0	0	0
HGNC:24253	TMED7	Q9Y3B3	ENSG00000134970	51014	0	0	0	0	0	0	0	0	0	0	0	0	0	0	0	0	0	0	0	0	0	0	0	0	unique	1	yes	1	1	1	1
HGNC:24272	SIDT2	Q8NBJ9	ENSG00000149577	51092	0	0	0	0	0	0	0	0	0	0	0	0	0	0	0	0	0	0	0	0	0	0	0	0	unique	1	yes	1	0	0	0
HGNC:24295	ESYT3	A0FGR9	ENSG00000158220	83850	0	0	0	0	0	0	0	0	0	0	0	0	0	0	0	0	0	0	0	0	0	0	0	0	unique	1	yes	1	1	1	1
HGNC:24299	ODR4	Q5SWX8	ENSG00000157181	54953	0	0	0	0	0	0	0	0	0	0	0	0	0	0	0	0	0	0	0	0	0	0	0	0	unique	1	no	0	0	0	0
HGNC:24300	GPR137	Q96N19	ENSG00000173264	56834	0	0	0	0	1	0	0	0	0	0	0	0	0	0	0	0	0	0	0	0	0	0	0	0	unique	1	no	1	0	0	0
HGNC:24308	CLPTM1L	Q96KA5	ENSG00000049656	81037	0	1	0	0	0	0	0	0	0	0	0	0	0	0	0	0	0	0	0	0	0	0	0	0	unique	1	no	0	0	0	0
HGNC:24313	CRTAM	O95727	ENSG00000109943	56253	0	0	0	0	0	0	0	0	0	0	0	0	0	0	0	0	0	0	0	0	0	0	0	0	unique	1	yes	1	1	1	1
HGNC:24318	HIGD1B	Q9P298	ENSG00000131097	51751	0	0	0	0	0	0	0	0	0	0	0	0	0	0	0	0	0	0	0	0	0	0	0	0	unique	1	no	0	0	0	0
HGNC:2432	CSF1	P09603	ENSG00000184371	1435	0	0	0	0	0	0	0	0	0	0	0	0	0	0	0	0	0	0	0	0	0	0	0	0	unique	1	yes	1	1	1	1
HGNC:2433	CSF1R	P07333	ENSG00000182578	1436	1	1	0	0	1	1	0	1	1	1	1	1	1	1	0	1	0	1	1	1	1	1	1	1	unique	1	yes	1	1	1	1
HGNC:24331	MALRD1	Q5VYJ5	ENSG00000204740	340895	0	0	0	0	0	0	0	0	0	0	0	0	0	0	0	0	0	0	0	0	0	0	0	0	unique	1	no	1	1	1	1
HGNC:24336	CPNE9	Q8IYJ1	ENSG00000144550	151835	0	0	0	0	0	0	0	0	0	0	0	0	0	0	0	0	0	0	0	0	0	0	0	0	unique	1	no	0	0	0	0
HGNC:2435	CSF2RA	P15509	ENSG00000198223	1438	1	1	0	0	1	0	0	0	0	0	1	1	0	0	0	0	0	0	0	0	1	1	1	1	unique	1	yes	1	1	1	1
HGNC:24355	CLEC1A	Q8NC01	ENSG00000150048	51267	1	1	0	0	0	0	0	0	0	0	0	0	0	0	0	0	0	0	0	0	0	0	0	0	unique	1	yes	1	1	1	1
HGNC:24356	CLEC1B	Q9P126	ENSG00000165682	51266	1	1	0	0	0	0	0	0	0	0	0	0	0	0	0	0	0	0	0	0	0	0	0	0	unique	1	yes	1	1	1	1
HGNC:24357	CDCP1	Q9H5V8	ENSG00000163814	64866	1	1	0	0	0	0	0	0	0	0	0	0	0	0	0	0	0	0	0	0	0	0	0	0	unique	1	yes	1	1	1	1
HGNC:2436	CSF2RB	P32927	ENSG00000100368	1439	1	1	0	0	1	1	1	0	0	1	0	0	0	0	0	0	0	1	1	1	1	1	1	1	unique	1	yes	1	1	1	1
HGNC:2439	CSF3R	Q99062	ENSG00000119535	1441	1	1	0	0	1	0	0	0	0	0	1	1	0	0	0	0	0	0	0	0	1	1	1	1	unique	1	yes	1	1	1	1
HGNC:244	ADD2	P35612	ENSG00000075340	119	0	0	0	0	0	0	0	0	0	0	0	0	0	0	0	0	0	0	0	0	0	0	0	0	unique	1	yes	0	0	0	0
HGNC:24427	AADACL2	Q6P093	ENSG00000197953	344752			0	0	0	0	0	0	0	0	0	0	0	0	0	0	0	0	0	0	0	0	0	0	unique	0	no	0	0	0	0
HGNC:24435	CYTL1	Q9NRR1	ENSG00000170891	54360			0	0	0	0	0	0	0	0	0	0	0	0	0	0	0	0	0	0	0	0	0	0	unique	0	no	0	0	0	0
HGNC:24438	GHDC	Q8N2G8	ENSG00000167925	84514			0	0	0	0	0	0	0	0	0	0	0	0	0	0	0	0	0	0	0	0	0	0	unique	0	no	0	0	0	0
HGNC:24456	DNER	Q8NFT8	ENSG00000187957	92737	1	1	0	0	1	0	0	0	0	0	0	0	0	0	0	0	0	0	0	0	0	0	0	0	unique	1	yes	1	1	1	1
HGNC:24462	CLECL1	Q8IZS7	ENSG00000184293	160365	1	1	0	0	0	0	0	0	0	0	0	0	0	0	0	0	0	0	0	0	0	0	0	0	unique	1	yes	0	0	0	0
HGNC:24465	TMPRSS11E	Q9UL52	ENSG00000087128	28983	1	1	0	0	0	0	0	0	0	0	0	0	1	1	1	0	0	0	0	0	0	0	0	0	unique	1	no	1	0	0	0
HGNC:24473	OLFML1	Q6UWY5	ENSG00000183801	283298			0	0	0	0	0	0	0	0	0	0	0	0	0	0	0	0	0	0	0	0	0	0	unique	0	no	0	0	0	0
HGNC:24513	TMEM268	Q5VZI3	ENSG00000157693	203197	0	0	0	0	0	0	0	0	0	0	0	0	0	0	0	0	0	0	0	0	0	0	0	0	unique	1	no	0	0	0	0
HGNC:24519	TCTN3	Q6NUS6	ENSG00000119977	26123	0	0	0	0	1	0	0	0	0	0	0	0	0	0	0	0	0	0	0	0	0	0	0	0	unique	1	no	1	1	1	1
HGNC:24522	TMEM87A	Q8NBN3	ENSG00000103978	25963	0	0	0	0	0	0	0	0	0	0	0	0	1	1	0	0	0	0	0	0	0	0	0	0	unique	1	no	1	1	1	1
HGNC:24529	TMEM98	Q9Y2Y6	ENSG00000006042	26022	1	1	0	0	0	0	0	0	0	0	0	0	0	0	0	0	0	0	0	0	0	0	0	0	unique	1	no	0	0	0	0
HGNC:24536	PARM1	Q6UWI2	ENSG00000169116	25849	0	0	0	0	0	0	0	0	0	0	0	0	0	0	0	0	0	0	0	0	0	0	0	0	unique	1	no	1	0	0	0
HGNC:24542	DPCD	Q9BVM2	ENSG00000166171	25911	0	0	0	0	0	0	0	0	0	0	0	0	0	0	0	0	0	0	0	0	0	0	0	0	unique	1	no	0	0	0	0
HGNC:24544	RNF167	Q9H6Y7	ENSG00000108523	26001	0	0	0	0	0	0	0	0	0	0	0	0	0	0	0	0	0	0	0	0	0	0	0	0	unique	1	no	1	1	1	1
HGNC:24547	DHRS7B	Q6IAN0	ENSG00000109016	25979	0	0	0	0	0	0	0	0	0	0	0	0	0	0	0	0	0	0	0	0	0	0	0	0	unique	1	no	0	0	0	0
HGNC:2455	CSNK1G2	P78368	ENSG00000133275	1455			0	0	0	0	0	0	0	0	0	0	1	1	0	0	0	0	0	0	0	0	0	0	unique	0	no	0	0	0	0
HGNC:24554	PAMR1	Q6UXH9	ENSG00000149090	25891			0	0	0	0	0	0	0	0	0	0	0	0	0	0	0	0	0	0	0	0	0	0	unique	0	no	0	0	0	0
HGNC:24558	OLFML2B	Q68BL8	ENSG00000162745	25903	0	0	0	0	0	0	0	0	0	0	0	0	0	0	0	0	0	0	0	0	0	0	0	0	unique	1	yes	0	0	0	0
HGNC:24580	CIB3	Q96Q77	ENSG00000141977	117286	0	0	0	0	1	0	0	0	0	0	0	0	0	0	0	0	0	0	0	0	0	0	0	0	unique	1	yes	0	0	0	0
HGNC:24584	ZNG1E	Q5RIA9	ENSG00000147996	220869	0	0	0	0	0	0	0	0	0	0	0	0	0	0	0	0	0	0	0	0	0	0	0	0	unique	1	no	0	0	0	0
HGNC:24591	CLEC4G	Q6UXB4	ENSG00000182566	339390	1	1	0	0	0	0	0	0	0	0	0	0	0	0	0	0	0	0	0	0	0	0	0	0	unique	1	yes	1	1	1	1
HGNC:24592	STEAP3	Q658P3	ENSG00000115107	55240			0	0	0	0	0	0	0	0	0	0	1	1	0	0	0	0	0	0	0	0	0	0	unique	0	yes	0	0	0	0
HGNC:24613	NRROS	Q86YC3	ENSG00000174004	375387	0	0	0	0	0	0	0	0	0	0	0	0	0	0	0	0	0	0	0	0	0	0	0	0	unique	1	yes	0	0	0	0
HGNC:24627	DCBLD2	Q96PD2	ENSG00000057019	131566	1	1	0	0	0	0	0	0	0	0	0	0	0	0	0	0	0	0	0	0	0	0	0	0	unique	1	yes	1	1	1	1
HGNC:24635	PRSS48	Q7RTY5	ENSG00000189099	345062			0	0	0	0	0	0	0	0	0	0	0	0	0	0	0	0	0	0	0	0	0	0	unique	0	no	0	0	0	0
HGNC:24642	ECRG4	Q9H1Z8	ENSG00000119147	84417	0	0	0	0	0	0	0	0	0	0	0	0	0	0	0	0	0	0	0	0	0	0	0	0	unique	1	no	0	0	0	0
HGNC:24643	SPINK7	P58062	ENSG00000145879	84651			0	0	0	0	0	0	0	0	0	0	0	0	0	0	0	0	0	0	0	0	0	0	unique	0	yes	0	0	0	0
HGNC:2466	CSPG4	Q6UVK1	ENSG00000173546	1464	1	1	0	0	1	1	1	0	0	1	0	0	0	0	0	0	0	0	0	0	1	1	0	0	unique	1	yes	1	1	1	1
HGNC:24664	PATE1	Q8WXA2	ENSG00000171053	160065			0	0	0	0	0	0	0	0	0	0	0	0	0	0	0	0	0	0	0	0	0	0	unique	0	yes	0	0	0	0
HGNC:24665	CD200R1L	Q6Q8B3	ENSG00000206531	344807	1	1	0	0	0	0	0	0	0	0	0	0	0	0	0	0	0	0	0	0	0	0	0	0	unique	1	no	1	1	1	1
HGNC:24668	CFHR5	Q9BXR6	ENSG00000134389	81494			0	0	1	0	0	0	0	0	0	0	0	0	0	0	0	0	0	0	0	0	0	0	unique	0	yes	0	0	0	0
HGNC:2467	CSPG5	O95196	ENSG00000114646	10675	0	0	0	0	0	0	0	0	0	0	0	0	0	0	0	0	0	0	0	0	0	0	0	0	unique	1	no	1	1	1	1
HGNC:24677	TMEM150A	Q86TG1	ENSG00000168890	129303	0	0	0	0	0	0	0	0	0	0	0	0	0	0	0	0	0	0	0	0	0	0	0	0	unique	1	no	1	0	0	0
HGNC:2468	SMC3	Q9UQE7	ENSG00000108055	9126			0	0	1	0	0	0	0	0	0	0	1	1	0	0	0	0	0	0	0	0	0	0	unique	0	yes	0	0	0	0
HGNC:24682	FLVCR1	Q9Y5Y0	ENSG00000162769	28982	0	1	0	0	1	0	0	0	0	0	0	0	1	1	0	0	0	0	0	0	0	0	0	0	unique	1	yes	1	0	0	0
HGNC:24692	FCAMR	Q8WWV6	ENSG00000162897	83953	1	1	0	0	0	0	0	0	0	0	0	0	0	0	0	0	0	0	0	0	0	0	0	0	unique	1	yes	1	1	1	1
HGNC:24711	MFSD6	Q6ZSS7	ENSG00000151690	54842	0	0	0	0	0	0	0	0	0	0	0	0	0	0	0	0	0	0	0	0	0	0	0	0	unique	1	yes	1	0	0	0
HGNC:24718	TMX3	Q96JJ7	ENSG00000166479	54495	0	0	0	0	1	0	0	0	0	0	0	0	0	0	0	0	0	0	0	0	0	0	0	0	unique	1	no	1	1	1	1
HGNC:24739	NKPD1	Q17RQ9	ENSG00000179846	284353	0	0	0	0	1	0	0	0	0	0	0	0	0	0	0	0	0	0	0	0	0	0	0	0	unique	1	no	0	0	0	0
HGNC:24741	MIGA1	Q8NAN2	ENSG00000180488	374986			0	0	0	0	0	0	0	0	0	0	0	1	0	0	0	0	0	0	0	0	0	0	unique	0	yes	0	0	0	0
HGNC:24767	LANCL3	Q6ZV70	ENSG00000147036	347404			0	0	0	0	0	0	0	0	0	0	0	0	0	0	0	0	0	0	0	0	0	0	unique	0	no	0	0	0	0
HGNC:24776	PTCHD3	Q3KNS1	ENSG00000182077	374308	0	0	0	0	0	0	0	0	0	0	0	0	0	0	0	0	0	0	0	0	0	0	0	0	unique	1	no	1	1	1	1
HGNC:24778	KLRG2	A4D1S0	ENSG00000188883	346689			0	0	0	0	0	0	0	0	0	0	0	0	0	0	0	0	0	0	0	0	0	0	unique	0	no	0	0	0	0
HGNC:24783	LRIT3	Q3SXY7	ENSG00000183423	345193	1	1	0	0	0	0	0	0	0	0	0	0	0	0	0	0	0	0	0	0	0	0	0	0	unique	1	yes	1	1	1	1
HGNC:2479	CST7	O76096	ENSG00000077984	8530			0	0	0	0	0	0	0	0	0	0	0	0	0	0	0	0	0	0	0	0	0	0	unique	0	yes	0	0	0	0
HGNC:24810	SMCO4	Q9NRQ5	ENSG00000166002	56935			0	0	0	0	0	0	0	0	0	0	0	0	0	0	0	0	0	0	0	0	0	0	unique	0	no	0	0	0	0
HGNC:24820	ENTREP1	Q15884	ENSG00000135063	9413			0	0	0	0	0	0	0	0	0	0	0	0	0	0	0	0	0	0	0	0	0	0	unique	0	no	0	0	0	0
HGNC:24827	HCAR2	Q8TDS4	ENSG00000182782	338442	0	1	0	0	0	0	0	0	0	0	0	0	1	1	0	1	0	0	0	0	1	0	1	0	unique	1	yes	1	1	1	1
HGNC:24828	MRGPRF	Q96AM1	ENSG00000172935	116535	0	1	0	0	0	0	0	0	0	0	0	0	0	0	0	0	0	0	0	0	0	0	0	0	unique	1	yes	1	0	0	0
HGNC:24829	MRGPRG	Q86SM5	ENSG00000182170	386746	0	1	0	0	1	0	0	0	0	0	0	0	0	0	0	0	0	0	0	0	0	0	0	0	unique	1	no	1	0	0	0
HGNC:24835	GPRIN1	Q7Z2K8	ENSG00000169258	114787	0	0	0	0	1	0	0	0	0	0	0	0	0	0	0	0	0	0	0	0	0	0	0	0	unique	1	yes	0	0	0	0
HGNC:24836	KIAA1549L	Q6ZVL6	ENSG00000110427	25758	0	0	0	0	0	0	0	0	0	0	0	0	0	0	0	0	0	0	0	0	0	0	0	0	unique	1	no	1	1	1	1
HGNC:24837	C3orf18	Q9UK00	ENSG00000088543	51161			0	0	0	0	0	0	0	0	0	0	0	0	0	0	0	0	0	0	0	0	0	0	unique	0	no	0	0	0	0
HGNC:24838	ENHO	Q6UWT2	ENSG00000168913	375704			0	0	0	0	0	0	0	0	0	0	0	0	0	0	0	0	0	0	0	0	0	0	unique	0	yes	0	0	0	0
HGNC:24842	LGALS9B	Q3B8N2	ENSG00000170298	284194			0	0	0	0	0	0	0	0	0	0	0	0	0	0	0	0	0	0	0	0	0	0	unique	0	yes	0	0	0	0
HGNC:24849	GDPD4	Q6W3E5	ENSG00000178795	220032	0	0	0	0	1	0	0	0	0	0	0	0	0	0	0	0	0	0	0	0	0	0	0	0	unique	1	yes	0	0	0	0
HGNC:24851	SIGLEC16	A6NMB1	ENSG00000161643	400709	1	1	0	0	0	0	0	0	0	0	0	0	0	0	0	0	0	0	0	0	0	0	0	0	unique	1	yes	1	1	1	1
HGNC:24854	STBD1	O95210	ENSG00000118804	8987	0	0	0	0	1	0	0	0	0	0	0	0	0	0	0	0	0	0	0	0	0	0	0	0	unique	1	yes	0	0	0	0
HGNC:24860	ENTPD8	Q5MY95	ENSG00000188833	377841	0	1	0	0	0	0	0	0	0	0	0	0	0	0	0	0	0	0	0	0	0	0	0	0	unique	1	yes	0	0	0	0
HGNC:24879	CEACAM20	Q6UY09	ENSG00000273777	125931	1	1	0	0	1	0	0	0	0	0	0	0	0	0	0	0	0	0	0	0	0	0	0	0	unique	1	yes	1	1	1	1
HGNC:24880	LYPD3	O95274	ENSG00000124466	27076	0	1	0	0	0	0	0	0	0	0	0	0	0	0	0	0	0	1	0	1	1	0	1	0	unique	1	yes	1	1	1	1
HGNC:24883	RXFP3	Q9NSD7	ENSG00000182631	51289	0	1	0	0	0	0	0	0	0	0	1	0	0	0	0	0	0	0	0	0	1	0	1	0	unique	1	yes	1	0	0	1
HGNC:24884	OXER1	Q8TDS5	ENSG00000162881	165140	0	1	0	0	0	0	0	0	0	0	0	0	0	0	0	0	0	0	0	0	0	0	0	0	unique	1	yes	1	0	0	0
HGNC:24913	CDNF	Q49AH0	ENSG00000185267	441549			0	0	0	0	0	0	0	0	0	0	0	0	0	0	0	0	0	0	0	0	0	0	unique	0	no	0	0	0	0
HGNC:24927	CHP2	O43745	ENSG00000166869	63928	0	0	0	0	0	0	0	0	0	0	0	0	0	0	0	0	0	0	0	0	0	0	0	0	unique	1	yes	0	0	0	0
HGNC:24930	TMEM176A	Q96HP8	ENSG00000002933	55365			0	0	0	0	0	0	0	0	0	0	0	0	0	0	0	0	0	0	0	0	0	0	unique	0	no	0	0	0	0
HGNC:24933	ANGPTL8	Q6UXH0	ENSG00000130173	55908			0	0	0	0	0	0	0	0	0	0	0	0	0	0	0	0	0	0	0	0	0	0	unique	0	yes	0	0	0	0
HGNC:24942	PIK3IP1	Q96FE7	ENSG00000100100	113791	1	1	0	0	0	0	0	0	0	0	0	0	0	0	0	0	0	0	0	0	0	0	0	0	unique	1	no	1	1	1	1
HGNC:24943	FAM174A	Q8TBP5	ENSG00000174132	345757	0	0	0	0	0	0	0	0	0	0	0	0	0	0	0	0	0	0	0	0	0	0	0	0	unique	1	no	1	1	1	1
HGNC:24945	GPIHBP1	Q8IV16	ENSG00000277494	338328	0	1	0	0	1	0	0	0	0	0	0	0	0	0	0	0	0	0	0	0	0	0	0	0	unique	1	yes	1	1	1	1
HGNC:24950	SBSN	Q6UWP8	ENSG00000189001	374897			0	0	0	0	0	0	0	0	0	0	0	0	0	0	0	0	0	0	0	0	0	0	unique	0	no	0	0	0	0
HGNC:24955	NSG2	Q9Y328	ENSG00000170091	51617			0	0	0	0	0	0	0	0	0	0	0	0	0	0	0	0	0	0	0	0	0	0	unique	0	no	0	0	0	0
HGNC:2500	CCN2	P29279	ENSG00000118523	1490			0	0	0	0	0	0	0	0	0	0	0	0	0	0	0	0	0	0	0	0	0	0	unique	0	yes	0	0	0	0
HGNC:25023	LRTM1	Q9HBL6	ENSG00000144771	57408	1	1	0	0	0	0	0	0	0	0	0	0	0	0	0	0	0	0	0	0	0	0	0	0	unique	1	no	1	1	1	1
HGNC:25026	PLPP5	Q8NEB5	ENSG00000147535	84513	0	0	0	0	0	0	0	0	0	0	0	0	0	0	0	0	0	0	0	0	0	0	0	0	unique	1	yes	0	0	0	0
HGNC:25032	FAM151A	Q8WW52	ENSG00000162391	338094			0	0	0	0	0	0	0	0	0	0	0	0	0	0	0	0	0	0	0	0	0	0	unique	0	yes	0	0	0	0
HGNC:25042	LRRC4B	Q9NT99	ENSG00000131409	94030	1	1	0	0	0	0	0	0	0	0	0	0	0	0	0	0	0	0	0	0	0	0	0	0	unique	1	yes	1	1	1	1
HGNC:2505	CTLA4	P16410	ENSG00000163599	1493	1	1	0	0	1	0	0	1	1	1	0	0	0	1	1	0	0	1	1	1	1	1	1	1	unique	1	yes	1	1	1	1
HGNC:25054	DRAXIN	Q8NBI3	ENSG00000162490	374946			0	0	0	0	0	0	0	0	0	0	0	0	0	0	0	0	0	0	0	0	0	0	unique	0	yes	0	0	0	0
HGNC:25062	CATIP	Q7Z7H3	ENSG00000158428	375307			0	0	1	0	0	0	0	0	0	0	0	0	0	0	0	0	0	0	0	0	0	0	unique	0	no	0	0	0	0
HGNC:25063	DMKN	Q6E0U4	ENSG00000161249	93099			0	0	1	0	0	0	0	0	0	0	0	0	0	0	0	0	0	0	0	0	0	0	unique	0	no	0	0	0	0
HGNC:25075	LRRC8C	Q8TDW0	ENSG00000171488	84230	0	1	0	0	0	0	0	0	0	0	0	0	0	0	0	0	0	0	0	0	0	0	0	0	unique	1	no	0	0	0	0
HGNC:25084	TMEM116	Q8NCL8	ENSG00000198270	89894	0	0	0	0	1	0	0	0	0	0	0	0	0	0	0	0	0	0	0	0	0	0	0	0	unique	1	no	1	1	1	1
HGNC:2509	CTNNA1	P35221	ENSG00000044115	1495	0	0	0	0	1	0	0	0	0	0	0	0	0	0	0	0	0	0	0	0	0	0	0	0	unique	1	yes	0	0	0	0
HGNC:25102	TP53I13	Q8NBR0	ENSG00000167543	90313	0	0	0	0	0	0	0	0	0	0	0	0	0	0	0	0	0	0	0	0	0	0	0	0	unique	1	no	1	1	0	1
HGNC:25120	TMEM44	Q2T9K0	ENSG00000145014	93109	0	0	0	0	0	0	0	0	0	0	0	0	0	0	0	0	0	0	0	0	0	0	0	0	unique	1	no	0	0	0	0
HGNC:25123	PKDCC	Q504Y2	ENSG00000162878	91461			0	0	0	0	0	0	0	0	0	0	0	0	0	0	0	0	0	0	0	0	0	0	unique	0	yes	0	0	0	0
HGNC:25130	TMEM169	Q96HH4	ENSG00000163449	92691	0	0	0	0	0	0	0	0	0	0	0	0	0	0	0	0	0	0	0	0	0	0	0	0	unique	1	no	0	0	0	0
HGNC:25132	TIMD4	Q96H15	ENSG00000145850	91937	1	1	0	0	1	0	0	0	0	0	0	0	0	0	0	0	0	0	0	0	0	0	0	0	unique	1	yes	1	1	0	1
HGNC:2514	CTNNB1	P35222	ENSG00000168036	1499	0	0	0	0	1	1	0	0	0	1	0	0	1	1	0	0	0	0	0	0	1	0	0	0	unique	1	yes	0	0	0	0
HGNC:25143	SLC9B2	Q86UD5	ENSG00000164038	133308	0	0	0	0	0	0	0	0	0	0	0	0	1	1	0	0	0	1	0	1	1	0	1	0	unique	1	yes	0	0	0	1
HGNC:2515	CTNND1	O60716	ENSG00000198561	1500	0	0	0	0	1	0	0	0	0	0	0	0	0	0	0	0	0	0	0	0	0	0	0	0	unique	1	yes	0	0	0	0
HGNC:25157	SLC33A2	Q96ES6	ENSG00000167700	113655			0	0	1	0	0	0	0	0	0	0	0	0	0	0	0	0	0	0	0	0	0	0	unique	0	no	0	0	0	0
HGNC:25159	SHISA3	A0PJX4	ENSG00000178343	152573			0	0	0	0	0	0	0	0	0	0	0	0	0	0	0	0	0	0	0	0	0	0	unique	0	no	0	0	0	0
HGNC:25167	TM4SF19	Q96DZ7	ENSG00000145107	116211	0	1	0	0	0	0	0	0	0	0	0	0	0	0	0	0	0	0	0	0	0	0	0	0	unique	1	yes	0	0	0	0
HGNC:25171	CCDC124	Q96CT7	ENSG00000007080	115098	0	0	0	0	0	0	0	0	0	0	0	0	0	0	0	0	0	0	0	0	0	0	0	0	unique	1	no	0	0	0	0
HGNC:25172	FREM3	P0C091	ENSG00000183090	166752			0	0	1	0	0	0	0	0	0	0	0	0	0	0	0	0	0	0	0	0	0	0	unique	0	no	0	0	0	0
HGNC:25177	TLCD1	Q96CP7	ENSG00000160606	116238	0	1	0	0	0	0	0	0	0	0	0	0	0	0	0	0	0	0	0	0	0	0	0	0	unique	1	no	0	0	0	0
HGNC:25179	NXNL1	Q96CM4	ENSG00000171773	115861			0	0	0	0	0	0	0	0	0	0	0	0	0	0	0	0	0	0	0	0	0	0	unique	0	yes	0	0	0	0
HGNC:2518	CTNS	O60931	ENSG00000040531	1497	0	0	0	0	0	0	0	0	0	0	0	0	0	1	0	0	0	1	0	1	1	0	1	0	unique	1	yes	1	0	0	1
HGNC:25181	TM4SF18	Q96CE8	ENSG00000163762	116441	0	1	0	0	0	0	0	0	0	0	0	0	0	0	0	0	0	0	0	0	0	0	0	0	unique	1	no	1	0	0	0
HGNC:25186	TMEM240	Q5SV17	ENSG00000205090	339453	0	0	0	0	0	0	0	0	0	0	0	0	0	0	0	0	0	0	0	0	0	0	0	0	unique	1	no	0	0	0	0
HGNC:25201	TMEM219	Q86XT9	ENSG00000149932	124446	1	1	0	0	0	0	0	0	0	0	0	0	0	0	0	0	0	0	0	0	0	0	0	0	unique	1	yes	1	1	1	1
HGNC:25203	TMEM65	Q6PI78	ENSG00000164983	157378	0	0	0	0	0	0	0	0	0	0	0	0	0	0	0	0	0	0	0	0	0	0	0	0	unique	1	no	0	0	0	0
HGNC:25208	NTN5	Q8WTR8	ENSG00000142233	126147			0	0	0	0	0	0	0	0	0	0	0	0	0	0	0	0	0	0	0	0	0	0	unique	0	yes	0	0	0	0
HGNC:25214	RTL4	Q6ZR62	ENSG00000187823	340595	0	0	0	0	0	0	0	0	0	0	0	0	0	0	0	0	0	0	0	0	0	0	0	0	unique	1	no	0	0	0	0
HGNC:25215	LYPD2	Q6UXB3	ENSG00000197353	137797	0	1	0	0	0	0	0	0	0	0	0	0	0	0	0	0	0	0	0	0	0	0	0	0	unique	1	no	1	1	1	1
HGNC:25233	NIPAL3	Q6P499	ENSG00000001461	57185	0	1	0	0	0	0	0	0	0	0	0	0	0	0	0	0	0	0	0	0	0	0	0	0	unique	1	yes	1	0	0	0
HGNC:25237	TMX4	Q9H1E5	ENSG00000125827	56255	0	0	0	0	0	0	0	0	0	0	0	0	0	0	0	0	0	0	0	0	0	0	0	0	unique	1	no	1	1	1	1
HGNC:25240	ANO6	Q4KMQ2	ENSG00000177119	196527	0	1	0	0	0	0	0	0	0	0	0	0	0	0	0	0	0	0	0	0	0	0	0	0	unique	1	yes	1	1	1	1
HGNC:25242	NOMO3	P69849	ENSG00000103226	408050	0	0	0	0	0	0	0	0	0	0	0	0	0	0	0	0	0	0	0	0	0	0	0	0	unique	1	no	0	0	0	0
HGNC:25243	CATSPERG	Q6ZRH7	ENSG00000099338	57828	0	0	0	0	0	0	0	0	0	0	0	0	0	0	0	0	0	0	0	0	0	0	0	0	unique	1	no	1	1	1	1
HGNC:25248	CRISPLD2	Q9H0B8	ENSG00000103196	83716			0	0	1	0	0	0	0	0	0	0	0	0	0	0	0	0	0	0	0	0	0	0	unique	0	yes	0	0	0	0
HGNC:25252	GRAMD1C	Q8IYS0	ENSG00000178075	54762			0	0	0	0	0	0	0	0	0	0	0	0	0	0	0	0	0	0	0	0	0	0	unique	0	yes	0	0	0	0
HGNC:25255	LRRC53	A6NM62	ENSG00000162621	105378803			0	0	0	0	0	0	0	0	0	0	0	0	0	0	0	0	0	0	0	0	0	0	unique	0	no	0	0	0	0
HGNC:25268	APOLD1	Q96LR9	ENSG00000178878	81575	0	0	0	0	1	0	0	0	0	0	0	0	0	0	0	0	0	0	0	0	0	0	0	0	unique	1	no	0	0	0	0
HGNC:2527	CTSB	P07858	ENSG00000164733	1508	0	0	0	0	1	0	0	0	0	0	0	0	1	1	0	0	0	0	0	0	0	0	0	0	unique	1	no	0	0	0	0
HGNC:25285	RNASE13	Q5GAN3	ENSG00000206150	440163			0	0	1	0	0	0	0	0	0	0	0	0	0	0	0	0	0	0	0	0	0	0	unique	0	no	0	0	0	0
HGNC:25287	LMBRD2	Q68DH5	ENSG00000164187	92255	0	1	0	0	0	0	0	0	0	0	0	0	0	0	0	0	0	0	0	0	0	0	0	0	unique	1	no	1	1	1	1
HGNC:2529	CTSD	P07339	ENSG00000117984	1509	0	0	0	0	0	0	0	0	0	0	0	0	1	1	0	1	0	0	0	0	1	0	1	0	unique	1	yes	0	0	0	1
HGNC:2530	CTSE	P14091	ENSG00000196188	1510			0	0	0	0	0	0	0	0	0	0	0	0	0	0	0	0	0	0	0	0	0	0	unique	0	no	0	0	0	0
HGNC:25303	CCDC70	Q6NSX1	ENSG00000123171	83446			0	0	0	0	0	0	0	0	0	0	0	0	0	0	0	0	0	0	0	0	0	0	unique	0	no	0	0	0	0
HGNC:25308	TMEM117	Q9H0C3	ENSG00000139173	84216	0	0	0	0	0	0	0	0	0	0	0	0	0	0	0	0	0	0	0	0	0	0	0	0	unique	1	no	0	0	0	0
HGNC:2532	CTSG	P08311	ENSG00000100448	1511			0	0	0	0	0	0	0	0	0	0	0	1	0	0	0	0	0	0	0	0	0	0	unique	0	yes	0	0	0	0
HGNC:25325	CFAP65	Q6ZU64	ENSG00000181378	255101			0	0	1	0	0	0	0	0	0	0	0	0	0	0	0	0	0	0	0	0	0	0	unique	0	yes	0	0	0	0
HGNC:25338	PIANP	Q8IYJ0	ENSG00000139200	196500	1	1	0	0	0	0	0	0	0	0	0	0	0	0	0	0	0	0	0	0	0	0	0	0	unique	1	yes	0	0	0	0
HGNC:25341	RHEX	Q6ZWK4	ENSG00000263961	440712	1	1	0	0	0	0	0	0	0	0	0	0	0	0	0	0	0	0	0	0	0	0	0	0	unique	1	no	0	0	0	0
HGNC:2535	CTSH	P09668	ENSG00000103811	1512			0	0	1	0	0	0	0	0	0	0	0	0	0	0	0	0	0	0	0	0	0	0	unique	0	no	0	0	0	0
HGNC:25355	SLC30A10	Q6XR72	ENSG00000196660	55532	0	0	0	0	0	0	0	0	0	0	0	0	0	0	0	0	0	0	0	0	0	0	0	0	unique	1	yes	0	0	0	0
HGNC:25357	CLEC4F	Q8N1N0	ENSG00000152672	165530	0	0	0	0	0	0	0	0	0	0	0	0	0	0	0	0	0	0	0	0	0	0	0	0	unique	1	yes	0	0	0	0
HGNC:2536	CTSK	P43235	ENSG00000143387	1513	0	0	0	0	1	0	0	0	0	0	0	0	1	1	0	0	0	0	0	0	0	0	0	0	unique	1	yes	0	0	0	0
HGNC:25363	TMEM222	Q9H0R3	ENSG00000186501	84065	0	0	0	0	0	0	0	0	0	0	0	0	0	0	0	0	0	0	0	0	0	0	0	0	unique	1	no	0	0	0	0
HGNC:2537	CTSL	P07711	ENSG00000135047	1514	0	0	0	0	1	0	0	0	0	0	0	0	1	1	0	1	0	0	0	0	1	0	1	0	unique	1	no	0	0	0	1
HGNC:25380	TMEM163	Q8TC26	ENSG00000152128	81615	0	0	0	0	0	0	0	0	0	0	0	0	0	0	0	0	0	0	0	0	0	0	0	0	unique	1	yes	0	0	0	0
HGNC:25396	FREM2	Q5SZK8	ENSG00000150893	341640	0	0	0	0	1	1	1	0	0	1	0	0	0	0	0	0	0	0	0	0	1	1	0	0	unique	1	no	1	1	1	1
HGNC:25398	TMPRSS11B	Q86T26	ENSG00000185873	132724	1	1	0	0	0	0	0	0	0	0	0	0	0	0	0	0	0	0	0	0	0	0	0	0	unique	1	no	1	1	1	1
HGNC:25401	ZBED8L	Q8TCP9	ENSG00000221909	221786	0	0	0	0	0	0	0	0	0	0	0	0	0	0	0	0	0	0	0	0	0	0	0	0	unique	1	no	0	0	0	0
HGNC:25413	SUSD1	Q6UWL2	ENSG00000106868	64420	1	1	0	0	0	0	0	0	0	0	0	0	0	0	0	0	0	0	0	0	0	0	0	0	unique	1	no	1	1	1	1
HGNC:25429	TMEM130	Q8N3G9	ENSG00000166448	222865	0	0	0	0	0	0	0	0	0	0	0	0	0	0	0	0	0	0	0	0	0	0	0	0	unique	1	no	0	0	0	0
HGNC:25433	SLC60A1	Q8N468	ENSG00000174514	148808	0	0	0	0	0	0	0	0	0	0	0	0	0	0	0	0	0	0	0	0	0	0	0	0	unique	1	no	0	0	0	0
HGNC:25436	TMEM132C	Q8N3T6	ENSG00000181234	92293	0	0	0	0	0	0	0	0	0	0	0	0	0	0	0	0	0	0	0	0	0	0	0	0	unique	1	no	1	1	1	1
HGNC:25440	TMTC2	Q8N394	ENSG00000179104	160335	0	0	0	0	0	0	0	0	0	0	0	0	0	0	0	0	0	0	0	0	0	0	0	0	unique	1	no	0	0	0	0
HGNC:25445	GPR137C	Q8N3F9	ENSG00000180998	283554	0	0	0	0	0	0	0	0	0	0	0	0	0	0	0	0	0	0	0	0	0	0	0	0	unique	1	no	1	0	0	0
HGNC:25446	NAIF1	Q69YI7	ENSG00000171169	203245			0	0	0	0	0	0	0	0	0	0	0	0	0	0	0	0	0	0	0	0	0	0	unique	0	no	0	0	0	0
HGNC:2545	CTSS	P25774	ENSG00000163131	1520			0	0	0	0	0	0	0	0	0	0	1	1	0	1	0	0	0	0	1	0	1	0	unique	0	yes	0	0	0	1
HGNC:25458	MFSD11	O43934	ENSG00000092931	79157	0	0	0	0	1	0	0	0	0	0	0	0	0	0	0	0	0	0	0	0	0	0	0	0	unique	1	no	1	0	0	0
HGNC:25465	FAM78A	Q5JUQ0	ENSG00000126882	286336			0	0	0	0	0	0	0	0	0	0	0	0	0	0	0	0	0	0	0	0	0	0	unique	0	no	0	0	0	0
HGNC:2547	CTSZ	Q9UBR2	ENSG00000101160	1522			0	0	0	0	0	0	0	0	0	0	0	0	0	0	0	0	0	0	0	0	0	0	unique	0	yes	0	0	0	0
HGNC:25470	SUSD4	Q5VX71	ENSG00000143502	55061	1	1	0	0	0	0	0	0	0	0	0	0	0	0	0	0	0	0	0	0	0	0	0	0	unique	1	yes	1	1	1	1
HGNC:25474	ENOX1	Q8TC92	ENSG00000120658	55068	0	1	0	0	0	0	0	0	0	0	0	0	0	0	0	0	0	0	0	0	0	0	0	0	unique	1	no	0	0	0	0
HGNC:25476	TMEM248	Q9NWD8	ENSG00000106609	55069	0	0	0	0	0	0	0	0	0	0	0	0	0	0	0	0	0	0	0	0	0	0	0	0	unique	1	no	0	0	0	0
HGNC:25478	MREG	Q8N565	ENSG00000118242	55686	0	0	0	0	0	0	0	0	0	0	0	0	0	0	0	0	0	0	0	0	0	0	0	0	unique	1	no	0	0	0	0
HGNC:2548	CUBN	O60494	ENSG00000107611	8029	0	1	0	0	1	0	0	0	0	0	0	0	0	0	0	0	0	0	0	0	0	0	0	0	unique	1	yes	0	0	0	0
HGNC:25480	TMEM45A	Q9NWC5	ENSG00000181458	55076			0	0	0	0	0	0	0	0	0	0	0	1	0	0	0	0	0	0	0	0	0	0	unique	0	no	0	0	0	0
HGNC:25505	MANSC1	Q9H8J5	ENSG00000111261	54682	0	0	0	0	0	0	0	0	0	0	0	0	0	0	0	0	0	0	0	0	0	0	0	0	unique	1	no	1	1	1	1
HGNC:25508	XKR8	Q9H6D3	ENSG00000158156	55113	0	1	0	0	0	0	0	0	0	0	0	0	0	1	0	0	0	0	0	0	0	0	0	0	unique	1	yes	0	0	0	0
HGNC:25519	ANO10	Q9NW15	ENSG00000160746	55129	0	0	0	0	0	0	0	0	0	0	0	0	0	1	0	0	0	0	0	0	0	0	0	0	unique	1	no	0	0	0	0
HGNC:25525	NDC1	Q9BTX1	ENSG00000058804	55706	0	0	0	0	0	0	0	0	0	0	0	0	0	0	0	0	0	0	0	0	0	0	0	0	unique	1	no	0	0	0	0
HGNC:25549	SLURP2	P0DP57	ENSG00000283992	432355			0	0	0	0	0	0	0	0	0	0	0	0	0	0	0	0	0	0	0	0	0	0	unique	0	yes	0	0	0	0
HGNC:25558	EVA1B	Q9NVM1	ENSG00000142694	55194	0	0	0	0	0	0	0	0	0	0	0	0	0	0	0	0	0	0	0	0	0	0	0	0	unique	1	no	0	0	0	0
HGNC:2558	CX3CR1	P49238	ENSG00000168329	1524	0	1	0	0	0	0	0	0	0	0	0	0	1	1	0	0	0	0	0	0	0	0	0	0	unique	1	yes	1	0	0	0
HGNC:25582	SLC38A7	Q9NVC3	ENSG00000103042	55238	0	0	0	0	0	0	0	0	0	0	0	0	0	0	0	0	0	0	0	0	0	0	0	0	unique	1	yes	0	0	0	0
HGNC:25587	TMEM184C	Q9NVA4	ENSG00000164168	55751			0	0	0	0	0	0	0	0	0	0	0	0	0	0	0	0	0	0	0	0	0	0	unique	0	no	0	0	0	0
HGNC:25588	SLC47A1	Q96FL8	ENSG00000142494	55244	0	1	0	0	1	0	0	0	0	0	0	0	1	1	0	0	0	1	0	1	1	0	1	0	unique	1	yes	1	0	0	1
HGNC:2559	CXADR	P78310	ENSG00000154639	1525	1	1	0	0	0	0	0	0	0	0	0	0	0	0	0	0	0	0	0	0	0	0	0	0	unique	1	yes	1	1	1	1
HGNC:25591	CCDC25	Q86WR0	ENSG00000147419	55246	0	0	0	0	0	0	0	0	0	0	0	0	0	0	0	0	0	0	0	0	0	0	0	0	unique	1	yes	0	0	0	0
HGNC:25593	PACC1	Q9H813	ENSG00000065600	55248	0	1	0	0	0	0	0	0	0	0	0	0	1	1	0	0	0	0	0	0	0	0	0	0	unique	1	no	0	0	0	0
HGNC:25596	TTC17	Q96AE7	ENSG00000052841	55761	0	0	0	0	1	0	0	0	0	0	0	0	0	0	0	0	0	0	0	0	0	0	0	0	unique	1	no	0	0	0	0
HGNC:25602	THNSL2	Q86YJ6	ENSG00000144115	55258			0	0	0	0	0	0	0	0	0	0	0	0	0	0	0	0	0	0	0	0	0	0	unique	0	no	0	0	0	0
HGNC:25604	TRAPPC14	Q8WVR3	ENSG00000146826	55262	0	0	0	0	1	0	0	0	0	0	0	0	0	0	0	0	0	0	0	0	0	0	0	0	unique	1	no	0	0	0	0
HGNC:25607	TMEM100	Q9NV29	ENSG00000166292	55273			0	0	0	0	0	0	0	0	0	0	0	0	0	0	0	0	0	0	0	0	0	0	unique	0	yes	0	0	0	0
HGNC:2561	CXCR4	P61073	ENSG00000121966	7852	0	1	0	0	1	0	0	0	0	0	1	1	1	1	0	1	0	1	0	1	1	1	1	1	unique	1	yes	1	0	0	1
HGNC:25618	PGCKA1	Q8IY42	ENSG00000154274	55286	0	0	0	0	0	0	0	0	0	0	0	0	0	0	0	0	0	0	0	0	0	0	0	0	unique	1	no	0	0	0	0
HGNC:25620	TMEM40	Q8WWA1	ENSG00000088726	55287	0	0	0	0	0	0	0	0	0	0	0	0	0	0	0	0	0	0	0	0	0	0	0	0	unique	1	no	0	0	0	0
HGNC:25632	CPPED1	Q9BRF8	ENSG00000103381	55313	0	0	0	0	0	0	0	0	0	0	0	0	0	0	0	0	0	0	0	0	0	0	0	0	unique	1	no	0	0	0	0
HGNC:25641	RNLS	Q5VYX0	ENSG00000184719	55328			0	0	0	0	0	0	0	0	0	0	1	1	0	0	0	0	0	0	0	0	0	0	unique	0	yes	0	0	0	0
HGNC:25645	DRAM1	Q8N682	ENSG00000136048	55332			0	0	0	0	0	0	0	0	0	0	0	0	0	0	0	0	0	0	0	0	0	0	unique	0	no	0	0	0	0
HGNC:2569	RTL8C	O15255	ENSG00000134590	8933			0	0	0	0	0	0	0	0	0	0	0	0	0	0	0	0	0	0	0	0	0	0	unique	0	yes	0	0	0	0
HGNC:25697	GSDMD	P57764	ENSG00000104518	79792			0	0	1	0	0	0	0	0	0	0	0	0	0	0	0	1	0	1	1	0	1	0	unique	0	no	0	0	0	1
HGNC:2571	CYB561	P49447	ENSG00000008283	1534			0	0	0	0	0	0	0	0	0	0	0	0	0	0	0	0	0	0	0	0	0	0	unique	0	yes	0	0	0	0
HGNC:25743	NKAIN1	Q4KMZ8	ENSG00000084628	79570	0	0	0	0	0	0	0	0	0	0	0	0	0	0	0	0	0	0	0	0	0	0	0	0	unique	1	no	1	0	0	0
HGNC:2577	CYBA	P13498	ENSG00000051523	1535	1	1	0	0	0	0	0	0	0	0	0	0	0	1	0	0	0	0	0	0	0	0	0	0	unique	1	yes	0	0	0	0
HGNC:25772	ARMCX5	Q6P1M9	ENSG00000125962	64860	0	0	0	0	1	0	0	0	0	0	0	0	0	0	0	0	0	0	0	0	0	0	0	0	unique	1	no	0	0	0	0
HGNC:25774	TCTN2	Q96GX1	ENSG00000168778	79867	1	1	0	0	0	0	0	0	0	0	0	0	0	0	0	0	0	0	0	0	0	0	0	0	unique	1	no	1	1	1	1
HGNC:2578	CYBB	P04839	ENSG00000165168	1536	0	1	0	0	1	0	0	0	0	0	0	0	1	1	0	0	0	1	0	1	1	0	1	0	unique	1	no	1	1	1	1
HGNC:25802	DNAJC22	Q8N4W6	ENSG00000178401	79962			0	0	0	0	0	0	0	0	0	0	0	0	0	0	0	0	0	0	0	0	0	0	unique	0	yes	0	0	0	0
HGNC:25804	TMEM254	Q8TBM7	ENSG00000133678	80195	0	0	0	0	0	0	0	0	0	0	0	0	0	0	0	0	0	0	0	0	0	0	0	0	unique	1	no	0	0	0	0
HGNC:25816	EVA1A	Q9H8M9	ENSG00000115363	84141	0	0	0	0	0	0	0	0	0	0	0	0	0	0	0	0	0	0	0	0	0	0	0	0	unique	1	no	0	0	0	0
HGNC:25841	SYDE2	Q5VT97	ENSG00000097096	84144	0	0	0	0	0	0	0	0	0	0	0	0	0	0	0	0	0	0	0	0	0	0	0	0	unique	1	no	0	0	0	0
HGNC:25842	HHIPL2	Q6UWX4	ENSG00000143512	79802			0	0	1	0	0	0	0	0	0	0	0	0	0	0	0	0	0	0	0	0	0	0	unique	0	yes	0	0	0	0
HGNC:25854	NIPAL2	Q9H841	ENSG00000104361	79815	0	0	0	0	0	0	0	0	0	0	0	0	0	0	0	0	0	0	0	0	0	0	0	0	unique	1	yes	1	0	0	0
HGNC:25866	DIPK2B	Q9H7Y0	ENSG00000147113	79742			0	0	0	0	0	0	0	0	0	0	0	0	0	0	0	0	0	0	0	0	0	0	unique	0	no	0	0	0	0
HGNC:25890	TMEM25	Q86YD3	ENSG00000149582	84866	0	0	0	0	0	0	0	0	0	0	0	0	0	0	0	0	0	0	0	0	0	0	0	0	unique	1	no	1	1	0	1
HGNC:25896	ORAI1	Q96D31	ENSG00000276045	84876	0	1	0	0	0	0	0	0	0	0	0	0	1	1	0	0	0	0	0	0	0	0	0	0	unique	1	yes	0	0	0	0
HGNC:25897	MFSD2A	Q8NA29	ENSG00000168389	84879	0	1	0	0	1	0	0	0	0	0	0	0	0	0	0	0	0	0	0	0	0	0	0	0	unique	1	yes	1	0	0	0
HGNC:25901	AFAP1L2	Q8N4X5	ENSG00000169129	84632			0	0	0	0	0	0	0	0	0	0	0	0	0	0	0	0	0	0	0	0	0	0	unique	0	no	0	0	0	0
HGNC:25903	ATAD1	Q8NBU5	ENSG00000138138	84896	0	0	0	0	0	0	0	0	0	0	0	0	1	1	0	0	0	0	0	0	0	0	0	0	unique	1	yes	0	0	0	0
HGNC:25905	RNFT2	Q96EX2	ENSG00000135119	84900	0	0	0	0	0	0	0	0	0	0	0	0	0	0	0	0	0	0	0	0	0	0	0	0	unique	1	yes	0	0	0	0
HGNC:25913	TMEM87B	Q96K49	ENSG00000153214	84910	0	0	0	0	0	0	0	0	0	0	0	0	0	0	0	0	0	0	0	0	0	0	0	0	unique	1	no	1	1	1	1
HGNC:25915	FAM222A	Q5U5X8	ENSG00000139438	84915	0	0	0	0	1	0	0	0	0	0	0	0	0	0	0	0	0	0	0	0	0	0	0	0	unique	1	yes	0	0	0	0
HGNC:25920	SPRYD3	Q8NCJ5	ENSG00000167778	84926	0	0	0	0	1	0	0	0	0	0	0	0	0	0	0	0	0	0	0	0	0	0	0	0	unique	1	no	0	0	0	0
HGNC:25922	FIBCD1	Q8N539	ENSG00000130720	84929	1	1	0	0	0	0	0	0	0	0	0	0	0	0	0	0	0	0	0	0	0	0	0	0	unique	1	yes	0	0	0	0
HGNC:2594	CYP19A1	P11511	ENSG00000137869	1588			0	0	0	0	0	0	0	0	0	0	1	1	0	1	0	0	0	0	1	0	1	0	unique	0	yes	0	0	0	1
HGNC:25945	ARL15	Q9NXU5	ENSG00000185305	54622			0	0	1	0	0	0	0	0	0	0	0	0	0	0	0	0	0	0	0	0	0	0	unique	0	yes	0	0	0	0
HGNC:25967	SIDT1	Q9NXL6	ENSG00000072858	54847	0	1	0	0	0	0	0	0	0	0	0	0	1	1	0	0	0	0	0	0	0	0	0	0	unique	1	yes	1	0	0	0
HGNC:25974	GDPD2	Q9HCC8	ENSG00000130055	54857	0	0	0	0	1	0	0	0	0	0	0	0	0	0	0	0	0	0	0	0	0	0	0	0	unique	1	yes	1	1	1	1
HGNC:25984	SLC38A12	Q8NE00	ENSG00000109066	54868	0	1	0	0	0	0	0	0	0	0	0	0	0	0	0	0	0	0	0	0	0	0	0	0	unique	1	yes	1	0	0	0
HGNC:25993	PLPPR1	Q8TBJ4	ENSG00000148123	54886	0	1	0	0	1	0	0	0	0	0	0	0	0	0	0	0	0	0	0	0	0	0	0	0	unique	1	no	0	0	0	0
HGNC:26001	SLC66A1	Q6ZP29	ENSG00000040487	54896	0	0	0	0	0	0	0	0	0	0	0	0	0	0	0	0	0	0	0	0	0	0	0	0	unique	1	yes	1	0	0	0
HGNC:26005	LAX1	Q8IWV1	ENSG00000122188	54900	0	0	0	0	1	0	0	0	0	0	0	0	0	0	0	0	0	0	0	0	0	0	0	0	unique	1	no	0	0	0	0
HGNC:26016	LIME1	Q9H400	ENSG00000203896	54923	1	1	0	0	0	0	0	0	0	0	0	0	0	0	0	0	0	0	0	0	0	0	0	0	unique	1	yes	0	0	0	0
HGNC:26020	TMEM161A	Q9NX61	ENSG00000064545	54929	0	0	0	0	0	0	0	0	0	0	0	0	0	0	0	0	0	0	0	0	0	0	0	0	unique	1	no	1	1	1	1
HGNC:26035	SLC48A1	Q6P1K1	ENSG00000211584	55652			0	0	0	0	0	0	0	0	0	0	0	0	0	0	0	0	0	0	0	0	0	0	unique	0	yes	0	0	0	0
HGNC:26043	ODAM	A1E959	ENSG00000109205	54959			0	0	0	0	0	0	0	0	0	0	0	0	0	0	0	0	0	0	0	0	0	0	unique	0	no	0	0	0	0
HGNC:26062	C1orf159	Q96HA4	ENSG00000131591	54991	0	0	0	0	0	0	0	0	0	0	0	0	0	0	0	0	0	0	0	0	0	0	0	0	unique	1	no	1	0	0	0
HGNC:26073	FAM174C	Q9BVV8	ENSG00000228300	55009			0	0	0	0	0	0	0	0	0	0	0	0	0	0	0	0	0	0	0	0	0	0	unique	0	no	0	0	0	0
HGNC:26078	VSIG10	Q8N0Z9	ENSG00000176834	54621	1	1	0	0	1	0	0	0	0	0	0	0	0	0	0	0	0	0	0	0	0	0	0	0	unique	1	no	1	1	1	1
HGNC:26086	TMEM255A	Q5JRV8	ENSG00000125355	55026	0	0	0	0	0	0	0	0	0	0	0	0	0	0	0	0	0	0	0	0	0	0	0	0	unique	1	no	1	0	0	0
HGNC:26113	TCTN1	Q2MV58	ENSG00000204852	79600			0	0	0	0	0	0	0	0	0	0	0	0	0	0	0	0	0	0	0	0	0	0	unique	0	no	0	0	0	0
HGNC:26131	BTNL8	Q6UX41	ENSG00000113303	79908	1	1	0	0	1	0	0	0	0	0	0	0	0	0	0	0	0	0	0	0	0	0	0	0	unique	1	yes	0	0	0	0
HGNC:26139	TMEM267	Q0VDI3	ENSG00000151881	64417			0	0	0	0	0	0	0	0	0	0	0	0	0	0	0	0	0	0	0	0	0	0	unique	0	no	0	0	0	0
HGNC:26142	TMEM134	Q9H6X4	ENSG00000172663	80194	0	0	0	0	0	0	0	0	0	0	0	0	0	0	0	0	0	0	0	0	0	0	0	0	unique	1	no	0	0	0	0
HGNC:26175	SLC8B1	Q6J4K2	ENSG00000089060	80024	0	0	0	0	1	0	0	0	0	0	0	0	0	0	0	0	0	0	0	0	0	0	0	0	unique	1	yes	0	0	0	0
HGNC:26177	SLC49A3	Q6UXD7	ENSG00000169026	84179	0	1	0	0	1	0	0	0	0	0	0	0	0	0	0	0	0	0	0	0	0	0	0	0	unique	1	no	0	0	0	0
HGNC:26183	MCTP1	Q6DN14	ENSG00000175471	79772			0	0	1	0	0	0	0	0	0	0	0	0	0	0	0	0	0	0	0	0	0	0	unique	0	yes	0	0	0	0
HGNC:26196	SLC68A1	Q14CX5	ENSG00000138111	79847	0	1	0	0	0	0	0	0	0	0	0	0	0	0	0	0	0	0	0	0	0	0	0	0	unique	1	no	0	0	0	0
HGNC:262	ADORA1	P30542	ENSG00000163485	134	0	1	0	0	0	0	0	0	0	0	0	0	1	1	0	1	0	0	0	0	1	0	1	0	unique	1	yes	1	1	1	1
HGNC:26215	PLBD1	Q6P4A8	ENSG00000121316	79887	0	0	0	0	0	0	0	0	0	0	0	0	0	0	0	0	0	0	0	0	0	0	0	0	unique	1	no	0	0	0	0
HGNC:26217	TMEM164	Q5U3C3	ENSG00000157600	84187	0	0	0	0	0	0	0	0	0	0	0	0	1	1	0	0	0	0	0	0	0	0	0	0	unique	1	yes	0	0	0	0
HGNC:26221	OCEL1	Q9H607	ENSG00000099330	79629	0	0	0	0	1	0	0	0	0	0	0	0	0	0	0	0	0	0	0	0	0	0	0	0	unique	1	no	0	0	0	0
HGNC:26230	TM4SF20	Q53R12	ENSG00000168955	79853	0	1	0	0	0	0	0	0	0	0	0	0	0	0	0	0	0	0	0	0	0	0	0	0	unique	1	no	1	0	0	0
HGNC:2625	CYP2D6	P10635	ENSG00000100197	1565			0	0	1	0	0	0	0	0	0	0	1	1	0	1	0	0	0	0	1	0	1	0	unique	0	no	0	0	0	1
HGNC:26255	C3orf52	Q5BVD1	ENSG00000114529	79669			0	0	0	0	0	0	0	0	0	0	0	0	0	0	0	0	0	0	0	0	0	0	unique	0	yes	0	0	0	0
HGNC:26256	NDNF	Q8TB73	ENSG00000173376	79625			0	0	0	0	0	0	0	0	0	0	0	0	0	0	0	0	0	0	0	0	0	0	unique	0	no	0	0	0	0
HGNC:26258	C1orf54	Q8WWF1	ENSG00000118292	79630	0	0	0	0	0	0	0	0	0	0	0	0	0	0	0	0	0	0	0	0	0	0	0	0	unique	1	no	0	0	0	0
HGNC:26260	TMEM156	Q8N614	ENSG00000121895	80008	0	0	0	0	1	0	0	0	0	0	0	0	0	0	0	0	0	0	0	0	0	0	0	0	unique	1	no	0	0	0	0
HGNC:26269	TMEM62	Q0P6H9	ENSG00000137842	80021	0	0	0	0	0	0	0	0	0	0	0	0	0	0	0	0	0	0	0	0	0	0	0	0	unique	1	no	1	1	1	1
HGNC:26270	PIEZO2	Q9H5I5	ENSG00000154864	63895	0	1	0	0	1	0	0	0	0	0	0	0	0	0	0	0	0	0	0	0	0	0	0	0	unique	1	no	1	0	0	0
HGNC:26272	LRRC8E	Q6NSJ5	ENSG00000171017	80131	0	1	0	0	1	0	0	0	0	0	0	0	0	0	0	0	0	0	0	0	0	0	0	0	unique	1	yes	0	0	0	0
HGNC:26281	CCDC81	Q6ZN84	ENSG00000149201	60494			0	0	0	0	0	0	0	0	0	0	0	0	0	0	0	0	0	0	0	0	0	0	unique	0	no	0	0	0	0
HGNC:26286	ARSJ	Q5FYB0	ENSG00000180801	79642			0	0	1	0	0	0	0	0	0	0	0	0	0	0	0	0	0	0	0	0	0	0	unique	0	no	0	0	0	0
HGNC:263	ADORA2A	P29274	ENSG00000128271	135	0	1	0	0	1	0	0	1	0	1	0	0	1	1	0	1	0	1	0	1	1	0	1	0	unique	1	yes	1	0	0	1
HGNC:26300	ODAPH	Q17RF5	ENSG00000174792	152816			0	0	0	0	0	0	0	0	0	0	0	0	0	0	0	0	0	0	0	0	0	0	unique	0	no	0	0	0	0
HGNC:26307	HEXD	Q8WVB3	ENSG00000169660	284004			0	0	1	0	0	0	0	0	0	0	0	0	0	0	0	0	0	0	0	0	0	0	unique	0	no	0	0	0	0
HGNC:26308	CDHR3	Q6ZTQ4	ENSG00000128536	222256	1	1	0	0	0	0	0	0	0	0	0	0	0	0	0	0	0	0	0	0	0	0	0	0	unique	1	no	1	1	1	1
HGNC:2631	CYP2E1	P05181	ENSG00000130649	1571			0	0	1	0	0	0	0	0	0	0	1	1	0	0	0	0	0	0	0	0	0	0	unique	0	no	0	0	0	0
HGNC:26323	ANKRD35	Q8N283	ENSG00000198483	148741	0	0	0	0	1	0	0	0	0	0	0	0	0	0	0	0	0	0	0	0	0	0	0	0	unique	1	no	0	0	0	0
HGNC:26331	NXPE2	Q96DL1	ENSG00000204361	120406			0	0	0	0	0	0	0	0	0	0	0	0	0	0	0	0	0	0	0	0	0	0	unique	0	no	0	0	0	0
HGNC:26336	PRSS54	Q6PEW0	ENSG00000103023	221191			0	0	0	0	0	0	0	0	0	0	0	0	0	0	0	0	0	0	0	0	0	0	unique	0	no	0	0	0	0
HGNC:26359	PXDNL	A1KZ92	ENSG00000147485	137902			0	0	1	1	0	0	0	1	0	0	0	0	0	0	0	0	0	0	1	0	0	0	unique	0	yes	0	0	0	0
HGNC:26361	HEPACAM	Q14CZ8	ENSG00000165478	220296	1	1	0	0	1	0	0	0	0	0	0	0	0	0	0	0	0	1	0	1	1	0	1	0	unique	1	yes	1	1	1	1
HGNC:26363	ANKRD13B	Q86YJ7	ENSG00000198720	124930	0	0	0	0	1	0	0	0	0	0	0	0	0	0	0	0	0	0	0	0	0	0	0	0	unique	1	yes	0	0	0	0
HGNC:26366	FAM187B	Q17R55	ENSG00000177558	148109	0	0	0	0	0	0	0	0	0	0	0	0	0	0	0	0	0	0	0	0	0	0	0	0	unique	1	no	1	1	1	1
HGNC:26372	FMR1NB	Q8N0W7	ENSG00000176988	158521	0	0	0	0	0	0	0	0	0	0	0	0	0	0	0	0	0	0	0	0	0	0	0	0	unique	1	no	0	0	0	0
HGNC:26373	PRTG	Q2VWP7	ENSG00000166450	283659	1	1	0	0	0	0	0	0	0	0	0	0	0	0	0	0	0	0	0	0	0	0	0	0	unique	1	yes	1	1	1	1
HGNC:26384	IGSF10	Q6WRI0	ENSG00000152580	285313			0	0	1	0	0	0	0	0	0	0	0	0	0	0	0	0	0	0	0	0	0	0	unique	0	yes	0	0	0	0
HGNC:26391	TMEM182	Q6ZP80	ENSG00000170417	130827	0	0	0	0	1	0	0	0	0	0	0	0	0	0	0	0	0	0	0	0	0	0	0	0	unique	1	no	1	1	1	1
HGNC:26392	PTCHD1	Q96NR3	ENSG00000165186	139411	0	1	0	0	0	0	0	0	0	0	0	0	0	0	0	0	0	0	0	0	0	0	0	0	unique	1	no	1	1	1	1
HGNC:26397	LYPD5	Q6UWN5	ENSG00000159871	284348	0	1	0	0	0	0	0	0	0	0	0	0	0	0	0	0	0	0	0	0	0	0	0	0	unique	1	no	1	1	1	1
HGNC:264	ADORA2B	P29275	ENSG00000170425	136	0	1	0	0	0	0	0	0	0	0	0	0	1	1	0	1	0	0	0	0	1	0	1	0	unique	1	yes	1	1	1	1
HGNC:26401	MARVELD2	Q8N4S9	ENSG00000152939	153562	0	0	0	0	0	0	0	0	0	0	0	0	0	0	0	0	0	0	0	0	0	0	0	0	unique	1	yes	0	0	0	0
HGNC:26402	RFTN2	Q52LD8	ENSG00000162944	130132	0	0	0	0	0	0	0	0	0	0	0	0	0	0	0	0	0	0	0	0	0	0	0	0	unique	1	no	0	0	0	0
HGNC:26409	TMEM74	Q96NL1	ENSG00000164841	157753			0	0	1	0	0	0	0	0	0	0	0	0	0	0	0	0	0	0	0	0	0	0	unique	0	no	0	0	0	0
HGNC:2641	CYP46A1	Q9Y6A2	ENSG00000036530	10858			0	0	0	0	0	0	0	0	0	0	1	1	0	0	0	0	0	0	0	0	0	0	unique	0	yes	0	0	0	0
HGNC:26417	SLC16A14	Q7RTX9	ENSG00000163053	151473			0	0	0	0	0	0	0	0	0	0	0	0	0	0	0	0	0	0	0	0	0	0	unique	0	no	0	0	0	0
HGNC:26431	FCRLB	Q6BAA4	ENSG00000162746	127943	0	0	0	0	1	0	0	0	0	0	0	0	0	0	0	0	0	0	0	0	0	0	0	0	unique	1	no	0	0	0	0
HGNC:26438	TMEM52B	Q4KMG9	ENSG00000165685	120939			0	0	0	0	0	0	0	0	0	0	0	0	0	0	0	0	0	0	0	0	0	0	unique	0	yes	0	0	0	0
HGNC:26439	SLC47A2	Q86VL8	ENSG00000180638	146802	0	1	0	0	1	0	0	0	0	0	0	0	0	0	0	0	0	0	0	0	0	0	0	0	unique	1	yes	0	0	0	0
HGNC:26441	SLC6A18	Q96N87	ENSG00000164363	348932	0	1	0	0	0	0	0	0	0	0	0	0	0	0	0	0	0	0	0	0	0	0	0	0	unique	1	no	1	0	0	0
HGNC:26470	VSTM4	Q8IW00	ENSG00000165633	196740	1	1	0	0	0	0	0	0	0	0	0	0	0	0	0	0	0	0	0	0	0	0	0	0	unique	1	no	1	1	1	1
HGNC:26486	CNST	Q6PJW8	ENSG00000162852	163882	0	0	0	0	0	0	0	0	0	0	0	0	0	0	0	0	0	0	0	0	0	0	0	0	unique	1	yes	0	0	0	0
HGNC:26488	KNCN	A6PVL3	ENSG00000162456	148930	0	0	0	0	0	0	0	0	0	0	0	0	0	0	0	0	0	0	0	0	0	0	0	0	unique	1	no	0	0	0	0
HGNC:26489	TMEM154	Q6P9G4	ENSG00000170006	201799	0	0	0	0	0	0	0	0	0	0	0	0	0	0	0	0	0	0	0	0	0	0	0	0	unique	1	no	1	1	1	1
HGNC:26501	ERVV-1	B6SEH8	ENSG00000269526	147664	0	0	0	0	0	0	0	0	0	0	0	0	0	0	0	0	0	0	0	0	0	0	0	0	unique	1	no	1	1	1	1
HGNC:26507	DUOXA1	Q1HG43	ENSG00000140254	90527	0	0	0	0	0	0	0	0	0	0	0	0	0	0	0	0	0	0	0	0	0	0	0	0	unique	1	yes	1	0	0	0
HGNC:26518	PM20D1	Q6GTS8	ENSG00000162877	148811			0	0	1	0	0	0	0	0	0	0	0	0	0	0	0	0	0	0	0	0	0	0	unique	0	yes	0	0	0	0
HGNC:26521	LOXHD1	Q8IVV2	ENSG00000167210	125336	0	0	0	0	1	0	0	0	0	0	0	0	0	0	0	0	0	0	0	0	0	0	0	0	unique	1	no	0	0	0	0
HGNC:26522	HARBI1	Q96MB7	ENSG00000180423	283254	0	0	0	0	0	0	0	0	0	0	0	0	0	0	0	0	0	0	0	0	0	0	0	0	unique	1	no	0	0	0	0
HGNC:26527	HGSNAT	Q68CP4	ENSG00000165102	138050	0	0	0	0	0	0	0	0	0	0	0	0	1	1	0	0	0	0	0	0	0	0	0	0	unique	1	yes	0	0	0	0
HGNC:26538	VWA5B1	Q5TIE3	ENSG00000158816	127731	0	0	0	0	1	1	0	0	0	1	0	0	0	0	0	0	0	0	0	0	1	0	0	0	unique	1	no	0	0	0	0
HGNC:26539	DCST1	Q5T197	ENSG00000163357	149095	0	0	0	0	0	0	0	0	0	0	0	0	0	0	0	0	0	0	0	0	0	0	0	0	unique	1	no	0	0	0	0
HGNC:2654	CCN1	O00622	ENSG00000142871	3491			0	0	1	0	0	0	0	0	0	0	0	0	0	0	0	0	0	0	0	0	0	0	unique	0	yes	0	0	0	0
HGNC:26542	MPP7	Q5T2T1	ENSG00000150054	143098	0	0	0	0	0	0	0	0	0	0	0	0	0	0	0	0	0	0	0	0	0	0	0	0	unique	1	no	0	0	0	0
HGNC:26559	ZFYVE27	Q5T4F4	ENSG00000155256	118813	0	0	0	0	0	0	0	0	0	0	0	0	0	0	0	0	0	0	0	0	0	0	0	0	unique	1	no	1	1	1	1
HGNC:26562	DCST2	Q5T1A1	ENSG00000163354	127579	0	0	0	0	0	0	0	0	0	0	0	0	0	0	0	0	0	0	0	0	0	0	0	0	unique	1	no	0	0	0	0
HGNC:26571	LYSMD4	Q5XG99	ENSG00000183060	145748	0	0	0	0	0	0	0	0	0	0	0	0	0	0	0	0	0	0	0	0	0	0	0	0	unique	1	no	0	0	0	0
HGNC:26579	TMEM92	Q6UXU6	ENSG00000167105	162461	0	0	0	0	0	0	0	0	0	0	0	0	0	0	0	0	0	0	0	0	0	0	0	0	unique	1	no	0	0	0	0
HGNC:26585	RTP5	Q14D33	ENSG00000188011	285093			0	0	1	0	0	0	0	0	0	0	0	0	0	0	0	0	0	0	0	0	0	0	unique	0	no	0	0	0	0
HGNC:26588	GAPT	Q8N292	ENSG00000175857	202309	1	1	0	0	0	0	0	0	0	0	0	0	0	0	0	0	0	0	0	0	0	0	0	0	unique	1	no	0	0	0	0
HGNC:26591	PRRT3	Q5FWE3	ENSG00000163704	285368	0	0	0	0	1	0	0	0	0	0	0	0	0	0	0	0	0	0	0	0	0	0	0	0	unique	1	no	1	0	0	0
HGNC:26607	SLC35G1	Q2M3R5	ENSG00000176273	159371			0	0	0	0	0	0	0	0	0	0	0	0	0	0	0	0	0	0	0	0	0	0	unique	0	yes	0	0	0	0
HGNC:26617	MLKL	Q8NB16	ENSG00000168404	197259	0	0	0	0	0	0	0	0	0	0	0	0	1	1	0	1	0	0	0	0	1	0	1	0	unique	1	no	0	0	0	1
HGNC:26623	TMEM17	Q86X19	ENSG00000186889	200728	0	0	0	0	0	0	0	0	0	0	0	0	0	0	0	0	0	0	0	0	0	0	0	0	unique	1	no	0	0	0	0
HGNC:26624	KDF1	Q8NAX2	ENSG00000175707	126695	0	0	0	0	0	0	0	0	0	0	0	0	0	0	0	0	0	0	0	0	0	0	0	0	unique	1	no	0	0	0	0
HGNC:26641	SSC5D	A1L4H1	ENSG00000179954	284297			0	0	1	0	0	0	0	0	0	0	0	0	0	0	0	0	0	0	0	0	0	0	unique	0	yes	0	0	0	0
HGNC:26649	C16orf54	Q6UWD8	ENSG00000185905	283897			0	0	0	0	0	0	0	0	0	0	0	0	0	0	0	0	0	0	0	0	0	0	unique	0	no	0	0	0	0
HGNC:2665	CD55	P08174	ENSG00000196352	1604	0	1	0	0	1	1	0	0	0	1	0	0	0	0	0	0	0	0	0	0	1	0	0	0	unique	1	yes	1	1	1	1
HGNC:26655	MARCHF10	Q8NA82	ENSG00000173838	162333	0	0	0	0	1	0	0	0	0	0	0	0	0	0	0	0	0	0	0	0	0	0	0	0	unique	1	yes	0	0	0	0
HGNC:26656	MFSD6L	Q8IWD5	ENSG00000185156	162387	0	1	0	0	0	0	0	0	0	0	0	0	0	0	0	0	0	0	0	0	0	0	0	0	unique	1	no	1	1	1	1
HGNC:2666	DAG1	Q14118	ENSG00000173402	1605	1	1	0	0	1	0	0	0	0	0	0	0	0	0	0	0	0	0	0	0	0	0	0	0	unique	1	yes	1	1	1	1
HGNC:26668	FNDC7	Q5VTL7	ENSG00000143107	163479			0	0	1	0	0	0	0	0	0	0	0	0	0	0	0	0	0	0	0	0	0	0	unique	0	no	0	0	0	0
HGNC:26674	COL6A5	A8TX70	ENSG00000172752	256076	0	0	0	0	1	0	0	0	0	0	0	0	0	0	0	0	0	0	0	0	0	0	0	0	unique	1	no	0	0	0	0
HGNC:26699	OOSP2	Q86WS3	ENSG00000149507	219990			0	0	0	0	0	0	0	0	0	0	0	0	0	0	0	0	0	0	0	0	0	0	unique	0	no	0	0	0	0
HGNC:26705	CLEC9A	Q6UXN8	ENSG00000197992	283420	1	1	0	0	0	0	0	0	0	0	0	0	0	0	0	0	0	0	0	0	0	0	0	0	unique	1	yes	1	1	1	1
HGNC:2671	DAO	P14920	ENSG00000110887	1610			0	0	1	0	0	0	0	0	0	0	1	1	0	0	0	0	0	0	0	0	0	0	unique	0	yes	0	0	0	0
HGNC:26719	LRRC57	Q8N9N7	ENSG00000180979	255252			0	0	0	0	0	0	0	0	0	0	0	0	0	0	0	0	0	0	0	0	0	0	unique	0	no	0	0	0	0
HGNC:26722	TMEM102	Q8N9M5	ENSG00000181284	284114	1	1	0	0	0	0	0	0	0	0	0	0	0	0	0	0	0	0	0	0	0	0	0	0	unique	1	no	0	0	0	0
HGNC:26727	ERFE	Q4G0M1	ENSG00000178752	151176			0	0	0	0	0	0	0	0	0	0	0	0	0	0	0	0	0	0	0	0	0	0	unique	0	yes	0	0	0	0
HGNC:26730	CIROZ	Q8N9H9	ENSG00000175262	148345			0	0	1	0	0	0	0	0	0	0	0	0	0	0	0	0	0	0	0	0	0	0	unique	0	no	0	0	0	0
HGNC:26740	FBLN7	Q53RD9	ENSG00000144152	129804	0	0	0	0	1	1	0	0	0	1	0	0	0	0	0	0	0	0	0	0	1	0	0	0	unique	1	yes	0	0	0	0
HGNC:26750	IGSF22	Q8N9C0	ENSG00000179057	283284			0	0	0	0	0	0	0	0	0	0	0	0	0	0	0	0	0	0	0	0	0	0	unique	0	no	0	0	0	0
HGNC:26763	TMEM266	Q2M3C6	ENSG00000169758	123591	0	0	0	0	0	0	0	0	0	0	0	0	0	0	0	0	0	0	0	0	0	0	0	0	unique	1	no	0	0	0	0
HGNC:26766	ANKFN1	Q8N957	ENSG00000153930	162282	0	0	0	0	0	0	0	0	0	0	0	0	0	0	0	0	0	0	0	0	0	0	0	0	unique	1	no	0	0	0	0
HGNC:26775	TMEM192	Q8IY95	ENSG00000170088	201931			0	0	0	0	0	0	0	0	0	0	0	0	0	0	0	0	0	0	0	0	0	0	unique	0	no	0	0	0	0
HGNC:26781	LSMEM2	Q8N112	ENSG00000179564	132228	0	0	0	0	0	0	0	0	0	0	0	0	0	0	0	0	0	0	0	0	0	0	0	0	unique	1	no	0	0	0	0
HGNC:268	ADORA3	P0DMS8	ENSG00000282608	140	0	1	0	0	0	0	0	0	0	0	0	0	1	1	0	1	0	1	0	1	1	0	1	0	unique	1	yes	0	0	0	1
HGNC:26802	CNIH3	Q8TBE1	ENSG00000143786	149111	0	0	0	0	0	0	0	0	0	0	0	0	0	0	0	0	0	0	0	0	0	0	0	0	unique	1	yes	0	0	0	0
HGNC:26804	CYB561D1	Q8N8Q1	ENSG00000174151	284613			0	0	0	0	0	0	0	0	0	0	0	0	0	0	0	0	0	0	0	0	0	0	unique	0	no	0	0	0	0
HGNC:26808	DYNAP	Q8N1N2	ENSG00000178690	284254	0	0	0	0	0	0	0	0	0	0	0	0	0	0	0	0	0	0	0	0	0	0	0	0	unique	1	no	1	1	1	1
HGNC:26810	EGFLAM	Q63HQ2	ENSG00000164318	133584			0	0	0	0	0	0	0	0	0	0	0	0	0	0	0	0	0	0	0	0	0	0	unique	0	yes	0	0	0	0
HGNC:26811	RNF152	Q8N8N0	ENSG00000176641	220441			0	0	0	0	0	0	0	0	0	0	0	0	0	0	0	0	0	0	0	0	0	0	unique	0	yes	0	0	0	0
HGNC:26829	NKAIN3	Q8N8D7	ENSG00000185942	286183	0	1	0	0	0	0	0	0	0	0	0	0	0	0	0	0	0	0	0	0	0	0	0	0	unique	1	no	1	0	0	0
HGNC:26831	C17orf78	Q8N4C9	ENSG00000278505	284099			0	0	0	0	0	0	0	0	0	0	0	0	0	0	0	0	0	0	0	0	0	0	unique	0	no	0	0	0	0
HGNC:26836	SLC38A11	Q08AI6	ENSG00000169507	151258	0	1	0	0	0	0	0	0	0	0	0	0	0	0	0	0	0	0	0	0	0	0	0	0	unique	1	yes	1	0	0	0
HGNC:26838	TIGIT	Q495A1	ENSG00000181847	201633	1	1	0	0	1	0	0	1	1	1	0	0	0	1	1	0	0	1	1	1	1	1	1	1	unique	1	yes	1	1	1	1
HGNC:26851	LRTM3	Q8NDH2	ENSG00000175820	643677	1	1	0	0	1	0	0	0	0	0	0	0	0	0	0	0	0	0	0	0	0	0	0	0	unique	1	no	0	0	0	0
HGNC:26856	SIGLECL1	Q8N7X8	ENSG00000179213	284369	0	0	0	0	1	0	0	0	0	0	0	0	0	0	0	0	0	0	0	0	0	0	0	0	unique	1	no	1	1	1	1
HGNC:26861	CIMIP6	Q8N5S3	ENSG00000177994	129852	0	0	0	0	0	0	0	0	0	0	0	0	0	0	0	0	0	0	0	0	0	0	0	0	unique	1	no	0	0	0	0
HGNC:26868	CCNYL1	Q8N7R7	ENSG00000163249	151195	0	0	0	0	0	0	0	0	0	0	0	0	0	0	0	0	0	0	0	0	0	0	0	0	unique	1	yes	0	0	0	0
HGNC:26878	TCAF2	A6NFQ2	ENSG00000170379	285966	0	1	0	0	1	0	0	0	0	0	0	0	0	0	0	0	0	0	0	0	0	0	0	0	unique	1	yes	0	0	0	0
HGNC:26879	PLD5	Q8N7P1	ENSG00000180287	200150	0	0	0	0	0	0	0	0	0	0	0	0	0	0	0	0	0	0	0	0	0	0	0	0	unique	1	no	1	1	1	1
HGNC:2689	DBH	P09172	ENSG00000123454	1621	0	0	0	0	0	0	0	0	0	0	0	0	0	0	0	0	0	0	0	0	0	0	0	0	unique	1	no	0	0	0	0
HGNC:26890	TMEM86A	Q8N2M4	ENSG00000151117	144110	0	0	0	0	0	0	0	0	0	0	0	0	0	0	0	0	0	0	0	0	0	0	0	0	unique	1	no	0	0	0	0
HGNC:26891	GGT6	Q6P531	ENSG00000167741	124975	1	1	0	0	1	0	0	0	0	0	0	0	0	0	0	0	0	0	0	0	0	0	0	0	unique	1	yes	0	0	0	0
HGNC:26892	APCDD1L	Q8NCL9	ENSG00000198768	164284			0	0	0	0	0	0	0	0	0	0	0	0	0	0	0	0	0	0	0	0	0	0	unique	0	yes	0	0	0	0
HGNC:26896	RGMB	Q6NW40	ENSG00000174136	285704	0	1	0	0	0	0	0	0	0	0	0	0	1	1	0	0	0	0	0	0	0	0	0	0	unique	1	yes	1	1	1	1
HGNC:26901	OTOGL	Q3ZCN5	ENSG00000165899	283310			0	0	1	0	0	0	0	0	0	0	0	0	0	0	0	0	0	0	0	0	0	0	unique	0	no	0	0	0	0
HGNC:26902	RELL2	Q8NC24	ENSG00000164620	285613			0	0	0	0	0	0	0	0	0	0	0	0	0	0	0	0	0	0	0	0	0	0	unique	0	no	0	0	0	0
HGNC:26904	LVRN	Q6Q4G3	ENSG00000172901	206338			0	0	0	0	0	0	0	0	0	0	0	0	0	0	0	0	0	0	0	0	0	0	unique	0	no	0	0	0	0
HGNC:26909	HTRA4	P83105	ENSG00000169495	203100			0	0	0	0	0	0	0	0	0	0	0	0	0	0	0	0	0	0	0	0	0	0	unique	0	no	0	0	0	0
HGNC:26912	TMEM145	Q8NBT3	ENSG00000167619	284339	0	0	0	0	1	0	0	0	0	0	0	0	0	0	0	0	0	0	0	0	0	0	0	0	unique	1	yes	1	1	1	1
HGNC:26918	SMAGP	Q0VAQ4	ENSG00000170545	57228	1	1	0	0	0	0	0	0	0	0	0	0	0	0	0	0	0	0	0	0	0	0	0	0	unique	1	no	0	0	0	0
HGNC:26928	CDV3	Q9UKY7	ENSG00000091527	55573	0	0	0	0	0	0	0	0	0	0	0	0	0	0	0	0	0	0	0	0	0	0	0	0	unique	1	no	0	0	0	0
HGNC:26952	OPN1MW2	P0DN77	ENSG00000166160	728458	0	0	0	0	0	0	0	0	0	0	0	0	0	0	0	0	0	0	0	0	0	0	0	0	unique	1	yes	0	0	0	0
HGNC:26953	BLTP1	Q2LD37	ENSG00000138688	84162	0	0	0	0	1	0	0	0	0	0	0	0	0	0	0	0	0	0	0	0	0	0	0	0	unique	1	no	0	0	0	0
HGNC:2696	DBNL	Q9UJU6	ENSG00000136279	28988	0	0	0	0	0	0	0	0	0	0	0	0	0	0	0	0	0	0	0	0	0	0	0	0	unique	1	no	0	0	0	0
HGNC:26969	LYSMD3	Q7Z3D4	ENSG00000176018	116068	0	0	0	0	0	0	0	0	0	0	0	0	0	0	0	0	0	0	0	0	0	0	0	0	unique	1	yes	1	1	1	1
HGNC:26977	CPXM2	Q8N436	ENSG00000121898	119587			0	0	0	0	0	0	0	0	0	0	0	0	0	0	0	0	0	0	0	0	0	0	unique	0	no	0	0	0	0
HGNC:26980	FAM186A	A6NE01	ENSG00000185958	121006	0	0	0	0	0	0	0	0	0	0	0	0	0	0	0	0	0	0	0	0	0	0	0	0	unique	1	no	0	0	0	0
HGNC:26991	TMEM132E	Q6IEE7	ENSG00000181291	124842	1	1	0	0	0	0	0	0	0	0	0	0	0	0	0	0	0	0	0	0	0	0	0	0	unique	1	no	1	1	1	1
HGNC:26992	SPNS2	Q8IVW8	ENSG00000183018	124976	0	1	0	0	1	1	0	0	0	1	0	0	1	1	0	0	0	1	0	1	1	0	1	0	unique	1	yes	1	0	0	1
HGNC:27005	LRRC38	Q5VT99	ENSG00000162494	126755	0	0	0	0	0	0	0	0	0	0	0	0	0	0	0	0	0	0	0	0	0	0	0	0	unique	1	no	1	1	1	1
HGNC:27006	IFFO2	Q5TF58	ENSG00000169991	126917	0	0	0	0	1	0	0	0	0	0	0	0	0	0	0	0	0	0	0	0	0	0	0	0	unique	1	no	0	0	0	0
HGNC:27007	TPRG1L	Q5T0D9	ENSG00000158109	127262	0	0	0	0	1	0	0	0	0	0	0	0	0	0	0	0	0	0	0	0	0	0	0	0	unique	1	no	0	0	0	0
HGNC:2701	DCC	P43146	ENSG00000187323	1630	1	1	0	0	0	0	0	0	0	0	0	0	0	0	0	0	0	0	0	0	0	0	0	0	unique	1	yes	1	1	1	1
HGNC:27013	TRABD2A	Q86V40	ENSG00000186854	129293	0	0	0	0	0	0	0	0	0	0	0	0	0	0	0	0	0	0	0	0	0	0	0	0	unique	1	yes	1	1	1	1
HGNC:27014	LYG1	Q8N1E2	ENSG00000144214	129530			0	0	0	0	0	0	0	0	0	0	0	0	0	0	0	0	0	0	0	0	0	0	unique	0	no	0	0	0	0
HGNC:27016	FAM168B	A1KXE4	ENSG00000152102	130074	0	0	0	0	0	0	0	0	0	0	0	0	0	0	0	0	0	0	0	0	0	0	0	0	unique	1	no	0	0	0	0
HGNC:27018	LYPD6B	Q8NI32	ENSG00000150556	130576	0	1	0	0	0	0	0	0	0	0	0	0	0	0	0	0	0	0	0	0	0	0	0	0	unique	1	yes	1	1	1	1
HGNC:27019	OR2G6	Q5TZ20	ENSG00000188558	391211	0	1	0	0	0	0	0	0	0	0	0	0	0	0	0	0	0	0	0	0	0	0	0	0	unique	1	no	1	0	0	0
HGNC:27022	ZPLD1	Q8TCW7	ENSG00000170044	131368	0	0	0	0	0	0	0	0	0	0	0	0	0	0	0	0	0	0	0	0	0	0	0	0	unique	1	no	1	1	1	1
HGNC:27031	TMEM171	Q8WVE6	ENSG00000157111	134285	0	0	0	0	0	0	0	0	0	0	0	0	0	0	0	0	0	0	0	0	0	0	0	0	unique	1	no	1	0	0	0
HGNC:27034	SVOPL	Q8N434	ENSG00000157703	136306	0	1	0	0	0	0	0	0	0	0	0	0	0	0	0	0	0	0	0	0	0	0	0	0	unique	1	no	1	0	0	0
HGNC:27046	LDLRAD3	Q86YD5	ENSG00000179241	143458	1	1	0	0	1	0	0	0	0	0	0	0	0	0	0	0	0	0	0	0	0	0	0	0	unique	1	yes	1	1	1	1
HGNC:2707	ACE	P12821	ENSG00000159640	1636	1	1	0	0	1	0	0	0	0	0	0	0	1	1	1	1	1	0	0	0	1	1	1	1	unique	1	yes	1	1	1	1
HGNC:27071	TBC1D3E	A0A087X179	ENSG00000278599	102723859			0	0	0	0	0	0	0	0	0	0	0	0	0	0	0	0	0	0	0	0	0	0	unique	0	no	0	0	0	0
HGNC:27087	MOSMO	Q8NHV5	ENSG00000185716	730094	0	1	0	0	0	0	0	0	0	0	0	0	1	1	0	0	0	0	0	0	0	0	0	0	unique	1	no	0	0	0	0
HGNC:2709	DCT	P40126	ENSG00000080166	1638	1	1	0	0	0	0	0	0	0	0	0	0	0	0	0	0	0	0	0	0	0	0	0	0	unique	1	no	1	1	1	1
HGNC:27091	SLC22A31	A6NKX4	ENSG00000259803	146429	0	1	0	0	0	0	0	0	0	0	0	0	0	0	0	0	0	0	0	0	0	0	0	0	unique	1	no	0	0	0	0
HGNC:27106	NOTUM	Q6P988	ENSG00000185269	147111			0	0	0	0	0	0	0	0	0	0	1	1	0	0	0	0	0	0	0	0	0	0	unique	0	yes	0	0	0	0
HGNC:27111	VSIG10L	Q86VR7	ENSG00000186806	147645	0	0	0	0	1	0	0	0	0	0	0	0	0	0	0	0	0	0	0	0	0	0	0	0	unique	1	no	1	1	1	1
HGNC:27113	SPACA6	W5XKT8	ENSG00000182310	147650	0	0	0	0	0	0	0	0	0	0	0	0	0	0	0	0	0	0	0	0	0	0	0	0	unique	1	yes	0	0	0	0
HGNC:27114	SMIM17	P0DL12	ENSG00000268182	147670			0	0	0	0	0	0	0	0	0	0	0	0	0	0	0	0	0	0	0	0	0	0	unique	0	no	0	0	0	0
HGNC:27139	SHISA4	Q96DD7	ENSG00000198892	149345	0	0	0	0	0	0	0	0	0	0	0	0	0	0	0	0	0	0	0	0	0	0	0	0	unique	1	no	1	1	1	1
HGNC:27194	NIPAL1	Q6NVV3	ENSG00000163293	152519	0	0	0	0	0	0	0	0	0	0	0	0	0	0	0	0	0	0	0	0	0	0	0	0	unique	1	yes	1	1	0	1
HGNC:27200	SPINK13	Q1W4C9	ENSG00000214510	153218	0	0	0	0	0	0	0	0	0	0	0	0	0	0	0	0	0	0	0	0	0	0	0	0	unique	1	yes	0	0	0	0
HGNC:27220	TMEM213	A2RRL7	ENSG00000214128	155006	0	0	0	0	0	0	0	0	0	0	0	0	0	0	0	0	0	0	0	0	0	0	0	0	unique	1	no	1	0	0	0
HGNC:27244	SPAAR	A0A1B0GVQ0	ENSG00000235387	158376			0	0	0	0	0	0	0	0	0	0	0	0	0	0	0	0	0	0	0	0	0	0	unique	0	yes	0	0	0	0
HGNC:27254	CDC50B	Q3MIR4	ENSG00000182107	161291	0	0	0	0	0	0	0	0	0	0	0	0	0	0	0	0	0	0	0	0	0	0	0	0	unique	1	no	0	0	0	0
HGNC:27257	ITPRIPL2	Q3MIP1	ENSG00000205730	162073	0	0	0	0	0	0	0	0	0	0	0	0	0	0	0	0	0	0	0	0	0	0	0	0	unique	1	no	0	0	0	0
HGNC:27270	OLFML2A	Q68BL7	ENSG00000185585	169611	0	0	0	0	1	0	0	0	0	0	0	0	0	0	0	0	0	0	0	0	0	0	0	0	unique	1	no	0	0	0	0
HGNC:27274	TMEM273	Q5T292	ENSG00000204161	170371	0	0	0	0	0	0	0	0	0	0	0	0	0	0	0	0	0	0	0	0	0	0	0	0	unique	1	no	0	0	0	0
HGNC:27277	ANTXRL	A6NF34	ENSG00000274209	195977	1	1	0	0	0	0	0	0	0	0	0	0	0	0	0	0	0	0	0	0	0	0	0	0	unique	1	no	1	0	0	0
HGNC:27279	MPZL3	Q6UWV2	ENSG00000160588	196264	1	1	0	0	0	0	0	0	0	0	0	0	0	0	0	0	0	0	0	0	0	0	0	0	unique	1	no	1	0	0	0
HGNC:27283	PLBD2	Q8NHP8	ENSG00000151176	196463			0	0	0	0	0	0	0	0	0	0	0	0	0	0	0	0	0	0	0	0	0	0	unique	0	yes	0	0	0	0
HGNC:27291	MCEMP1	Q8IX19	ENSG00000183019	199675	1	1	0	0	0	0	0	0	0	0	0	0	0	0	0	0	0	0	0	0	0	0	0	0	unique	1	yes	0	0	0	0
HGNC:27293	ADM5	C9JUS6	ENSG00000224420	199800			0	0	1	0	0	0	0	0	0	0	0	0	0	0	0	0	0	0	0	0	0	0	unique	0	no	0	0	0	0
HGNC:27296	TMEM61	Q8N0U2	ENSG00000143001	199964	0	0	0	0	0	0	0	0	0	0	0	0	0	0	0	0	0	0	0	0	0	0	0	0	unique	1	no	0	0	0	0
HGNC:27297	CDCP2	Q5VXM1	ENSG00000157211	200008	0	0	0	0	0	0	0	0	0	0	0	0	0	0	0	0	0	0	0	0	0	0	0	0	unique	1	no	0	0	0	0
HGNC:2730	DDR1	Q08345	ENSG00000204580	780	1	1	0	0	1	0	0	1	1	1	0	0	1	1	0	1	0	1	1	1	1	1	1	1	unique	1	yes	1	1	1	1
HGNC:2731	DDR2	Q16832	ENSG00000162733	4921	1	1	0	0	0	0	0	0	0	0	0	0	1	1	0	0	0	1	1	1	1	1	1	1	unique	1	yes	1	1	1	1
HGNC:2732	DDT	P30046	ENSG00000099977	1652			0	0	0	0	0	0	0	0	0	0	1	1	0	0	0	0	0	0	0	0	0	0	unique	0	yes	0	0	0	0
HGNC:27337	ANO5	Q75V66	ENSG00000171714	203859	0	0	0	0	0	0	0	0	0	0	0	0	0	0	0	0	0	0	0	0	0	0	0	0	unique	1	no	1	1	1	1
HGNC:27344	TMEM218	A2RU14	ENSG00000150433	219854	0	0	0	0	0	0	0	0	0	0	0	0	0	0	0	0	0	0	0	0	0	0	0	0	unique	1	no	0	0	0	0
HGNC:27364	HEPACAM2	A8MVW5	ENSG00000188175	253012	0	0	0	0	0	0	0	0	0	0	0	0	0	0	0	0	0	0	0	0	0	0	0	0	unique	1	no	1	1	1	1
HGNC:27379	RELL1	Q8IUW5	ENSG00000181826	768211	1	1	0	0	0	0	0	0	0	0	0	0	0	0	0	0	0	0	0	0	0	0	0	0	unique	1	no	1	1	1	1
HGNC:27380	ASPHD1	Q5U4P2	ENSG00000174939	253982			0	0	1	0	0	0	0	0	0	0	0	0	0	0	0	0	0	0	0	0	0	0	unique	0	no	0	0	0	0
HGNC:27396	PLA2G4F	Q68DD2	ENSG00000168907	255189	0	0	0	0	1	0	0	0	0	0	0	0	0	0	0	0	0	0	0	0	0	0	0	0	unique	1	yes	0	0	0	0
HGNC:27397	CT47A11	Q5JQC4	ENSG00000226929	255313			0	0	0	0	0	0	0	0	0	0	0	0	0	0	0	0	0	0	0	0	0	0	shared_uniprot_ambiguous	0	no	0	0	0	0
HGNC:27405	NPNT	Q6UXI9	ENSG00000168743	255743	0	0	0	0	1	1	0	0	0	1	0	0	0	0	0	0	0	0	0	0	1	0	0	0	unique	1	yes	0	0	0	0
HGNC:27407	SMCO1	Q147U7	ENSG00000214097	255798			0	0	1	0	0	0	0	0	0	0	0	0	0	0	0	0	0	0	0	0	0	0	unique	0	no	0	0	0	0
HGNC:27453	TMEM80	Q96HE8	ENSG00000177042	283232			0	0	0	0	0	0	0	0	0	0	0	0	0	0	0	0	0	0	0	0	0	0	unique	0	no	0	0	0	0
HGNC:27501	SLC46A3	Q7Z3Q1	ENSG00000139508	283537	0	0	0	0	0	0	0	0	0	0	0	0	0	0	0	0	0	0	0	0	0	0	0	0	unique	1	yes	1	0	0	0
HGNC:27538	OR8U8	P0C7N1	ENSG00000262315	504189	0	0	0	0	0	0	0	0	0	0	0	0	0	0	0	0	0	0	0	0	0	0	0	0	unique	1	no	1	0	0	0
HGNC:27540	EXOC3L1	Q86VI1	ENSG00000179044	283849	0	0	0	0	1	0	0	0	0	0	0	0	0	0	0	0	0	0	0	0	0	0	0	0	unique	1	no	0	0	0	0
HGNC:27549	GREP1	A0A0J9YXV3	ENSG00000262152	283875			0	0	0	0	0	0	0	0	0	0	0	0	0	0	0	0	0	0	0	0	0	0	unique	0	no	0	0	0	0
HGNC:27563	TMEM235	A6NFC5	ENSG00000204278	283999	0	0	0	0	0	0	0	0	0	0	0	0	0	0	0	0	0	0	0	0	0	0	0	0	unique	1	no	1	0	0	0
HGNC:27568	C17orf58	Q2M2W7	ENSG00000186665	284018	0	0	0	0	0	0	0	0	0	0	0	0	0	0	0	0	0	0	0	0	0	0	0	0	unique	1	no	0	0	0	0
HGNC:27570	MILR1	Q7Z6M3	ENSG00000271605	284021	1	1	0	0	0	0	0	0	0	0	0	0	0	0	0	0	0	0	0	0	0	0	0	0	unique	1	no	1	1	1	1
HGNC:27584	METRNL	Q641Q3	ENSG00000176845	284207			0	0	1	0	0	0	0	0	0	0	0	0	0	0	0	0	0	0	0	0	0	0	unique	0	yes	0	0	0	0
HGNC:27596	SIGLEC15	Q6ZMC9	ENSG00000197046	284266	1	1	0	0	1	0	0	1	1	1	0	0	0	0	0	0	0	1	1	1	1	1	1	1	unique	1	yes	1	1	1	1
HGNC:27598	SMIM21	Q3B7S5	ENSG00000206026	284274			0	0	0	0	0	0	0	0	0	0	0	0	0	0	0	0	0	0	0	0	0	0	unique	0	no	0	0	0	0
HGNC:27609	EMC10	Q5UCC4	ENSG00000161671	284361			0	0	1	0	0	0	0	0	0	0	0	0	0	0	0	0	0	0	0	0	0	0	unique	0	no	0	0	0	0
HGNC:2761	DEFA1	P59665	ENSG00000206047	1667			0	0	0	0	0	0	0	0	0	0	0	0	0	0	0	0	0	0	0	0	0	0	shared_uniprot_ambiguous	0	no	0	0	0	0
HGNC:2762	DEFA3	P59666	ENSG00000239839	1668			0	0	0	0	0	0	0	0	0	0	0	0	0	0	0	0	0	0	0	0	0	0	unique	0	no	0	0	0	0
HGNC:27638	SYPL2	Q5VXT5	ENSG00000143028	284612	0	0	0	0	0	0	0	0	0	0	0	0	0	0	0	0	0	0	0	0	0	0	0	0	unique	1	yes	0	0	0	0
HGNC:27648	SPATA46	Q5T0L3	ENSG00000171722	284680			0	0	0	0	0	0	0	0	0	0	0	0	0	0	0	0	0	0	0	0	0	0	unique	0	no	0	0	0	0
HGNC:2765	DEFA6	Q01524	ENSG00000164822	1671			0	0	0	0	0	0	0	0	0	0	1	1	0	0	0	0	0	0	0	0	0	0	unique	0	no	0	0	0	0
HGNC:27683	ALKAL2	Q6UX46	ENSG00000189292	285016			0	0	0	0	0	0	0	0	0	0	0	0	0	0	0	0	0	0	0	0	0	0	unique	0	no	0	0	0	0
HGNC:277	ADRA1A	P35348	ENSG00000120907	148	0	1	0	0	1	0	0	0	0	0	0	0	0	1	0	0	0	1	0	1	1	0	1	0	unique	1	yes	1	0	0	1
HGNC:27752	RNF180	Q86T96	ENSG00000164197	285671	0	0	0	0	0	0	0	0	0	0	0	0	0	0	0	0	0	0	0	0	0	0	0	0	unique	1	yes	0	0	0	0
HGNC:278	ADRA1B	P35368	ENSG00000170214	147	0	1	0	0	1	0	0	0	0	0	0	0	0	0	0	0	0	0	0	0	0	0	0	0	unique	1	yes	1	0	0	0
HGNC:27806	XKR6	Q5GH73	ENSG00000171044	286046			0	0	1	0	0	0	0	0	0	0	0	0	0	0	0	0	0	0	0	0	0	0	unique	0	no	0	0	0	0
HGNC:27879	VSIG10L2	P0DP72	ENSG00000283703	338667			0	0	0	0	0	0	0	0	0	0	0	0	0	0	0	0	0	0	0	0	0	0	unique	0	no	0	0	0	0
HGNC:27884	TMEM119	Q4V9L6	ENSG00000183160	338773	1	1	0	0	0	0	0	0	0	0	0	0	0	0	0	0	0	0	0	0	0	0	0	0	unique	1	no	0	0	0	0
HGNC:27898	TMEM95	Q3KNT9	ENSG00000182896	339168	0	0	0	0	0	0	0	0	0	0	0	0	0	0	0	0	0	0	0	0	0	0	0	0	unique	1	yes	1	1	1	1
HGNC:27900	C17orf67	Q0P5P2	ENSG00000214226	339210			0	0	0	0	0	0	0	0	0	0	0	0	0	0	0	0	0	0	0	0	0	0	unique	0	no	0	0	0	0
HGNC:27916	TMEM52	Q8NDY8	ENSG00000178821	339456	0	0	0	0	0	0	0	0	0	0	0	0	0	0	0	0	0	0	0	0	0	0	0	0	unique	1	no	0	0	0	0
HGNC:27938	CIMIP2C	A6NJV1	ENSG00000173557	339778			0	0	0	0	0	0	0	0	0	0	0	0	0	0	0	0	0	0	0	0	0	0	unique	0	no	0	0	0	0
HGNC:27954	TMPRSS11A	Q6ZMR5	ENSG00000187054	339967	1	1	0	0	0	0	0	0	0	0	0	0	0	0	0	0	0	0	0	0	0	0	0	0	unique	1	yes	0	0	0	0
HGNC:27960	SLC6A19	Q695T7	ENSG00000174358	340024	0	1	0	0	0	0	0	0	0	0	0	0	0	1	0	0	0	1	1	1	1	1	1	1	unique	1	yes	1	0	0	1
HGNC:280	ADRA1D	P25100	ENSG00000171873	146	0	1	0	0	1	0	0	0	0	0	0	0	0	0	0	0	0	0	0	0	0	0	0	0	unique	1	yes	1	0	0	0
HGNC:28018	NIPAL4	Q0D2K0	ENSG00000172548	348938	0	1	0	0	0	0	0	0	0	0	0	0	0	0	0	0	0	0	0	0	0	0	0	0	unique	1	no	1	0	0	0
HGNC:28020	WDR86	Q86TI4	ENSG00000187260	349136	0	0	0	0	0	0	0	0	0	0	0	0	0	0	0	0	0	0	0	0	0	0	0	0	unique	1	no	0	0	0	0
HGNC:28030	TXNDC11	Q6PKC3	ENSG00000153066	51061	0	0	0	0	0	0	0	0	0	0	0	0	0	0	0	0	0	0	0	0	0	0	0	0	unique	1	yes	0	0	0	0
HGNC:28034	PDZD11	Q5EBL8	ENSG00000120509	51248	0	0	0	0	1	0	0	0	0	0	0	0	0	0	0	0	0	0	0	0	0	0	0	0	unique	1	yes	0	0	0	0
HGNC:28055	SAPCD2	Q86UD0	ENSG00000186193	89958	0	0	0	0	0	0	0	0	0	0	0	0	0	0	0	0	0	0	0	0	0	0	0	0	unique	1	no	0	0	0	0
HGNC:28065	FER1L6	Q2WGJ9	ENSG00000214814	654463	0	0	0	0	1	0	0	0	0	0	0	0	0	0	0	0	0	0	0	0	0	0	0	0	unique	1	no	0	0	0	0
HGNC:28087	ARRDC4	Q8NCT1	ENSG00000140450	91947	0	0	0	0	0	0	0	0	0	0	0	0	0	0	0	0	0	0	0	0	0	0	0	0	unique	1	yes	0	0	0	0
HGNC:28096	C1orf185	Q5T7R7	ENSG00000204006	284546			0	0	0	0	0	0	0	0	0	0	0	0	0	0	0	0	0	0	0	0	0	0	unique	0	no	0	0	0	0
HGNC:281	ADRA2A	P08913	ENSG00000150594	150	0	1	0	0	0	0	0	0	0	0	0	0	1	1	0	1	0	0	0	0	1	0	1	0	unique	1	yes	1	1	1	1
HGNC:2810	GSDME	O60443	ENSG00000105928	1687			0	0	0	0	0	0	0	0	0	0	0	0	0	0	0	0	0	0	0	0	0	0	unique	0	no	0	0	0	0
HGNC:28101	MGAM2	Q2M2H8	ENSG00000257743	93432			0	0	1	0	0	0	0	0	0	0	0	0	0	0	0	0	0	0	0	0	0	0	unique	0	no	0	0	0	0
HGNC:28105	LRRC3B	Q96PB8	ENSG00000179796	116135	0	0	0	0	0	0	0	0	0	0	0	0	0	0	0	0	0	0	0	0	0	0	0	0	unique	1	no	1	1	1	1
HGNC:28106	TMEM97	Q5BJF2	ENSG00000109084	27346			0	0	0	0	0	0	0	0	0	0	0	0	0	0	0	0	0	0	0	0	0	0	unique	0	yes	0	0	0	0
HGNC:28130	PRR7	Q8TB68	ENSG00000131188	80758	0	0	0	0	0	0	0	0	0	0	0	0	0	0	0	0	0	0	0	0	0	0	0	0	unique	1	no	0	0	0	0
HGNC:28145	YIPF4	Q9BSR8	ENSG00000119820	84272	0	0	0	0	0	0	0	0	0	0	0	0	0	0	0	0	0	0	0	0	0	0	0	0	unique	1	yes	0	0	0	0
HGNC:28150	CRELD2	Q6UXH1	ENSG00000184164	79174	0	0	0	0	0	0	0	0	0	0	0	0	0	0	0	0	0	0	0	0	0	0	0	0	unique	1	no	0	0	0	0
HGNC:28156	SLC61A1	Q6N075	ENSG00000182544	84975	0	0	0	0	0	0	0	0	0	0	0	0	0	0	0	0	0	0	0	0	0	0	0	0	unique	1	yes	1	1	1	1
HGNC:28158	SLC67A2	Q8NBP5	ENSG00000135953	84804			0	0	0	0	0	0	0	0	0	0	0	0	0	0	0	0	0	0	0	0	0	0	unique	0	no	0	0	0	0
HGNC:28159	GFOD2	Q3B7J2	ENSG00000141098	81577			0	0	1	0	0	0	0	0	0	0	0	0	0	0	0	0	0	0	0	0	0	0	unique	0	no	0	0	0	0
HGNC:28174	PLPP7	Q8NBV4	ENSG00000160539	84814	0	0	0	0	0	0	0	0	0	0	0	0	0	0	0	0	0	0	0	0	0	0	0	0	unique	1	no	0	0	0	0
HGNC:28185	ORAI3	Q9BRQ5	ENSG00000175938	93129			0	0	0	0	0	0	0	0	0	0	0	0	0	0	0	0	0	0	0	0	0	0	unique	0	yes	0	0	0	0
HGNC:28187	TMEM174	Q8WUU8	ENSG00000164325	134288	0	0	0	0	0	0	0	0	0	0	0	0	0	0	0	0	0	0	0	0	0	0	0	0	unique	1	yes	0	0	0	0
HGNC:28191	AKAP19	Q9BSF0	ENSG00000187699	84281			0	0	0	0	0	0	0	0	0	0	0	0	0	0	0	0	0	0	0	0	0	0	unique	0	yes	0	0	0	0
HGNC:28196	TMEM79	Q9BSE2	ENSG00000163472	84283	0	0	0	0	1	0	0	0	0	0	0	0	0	0	0	0	0	0	0	0	0	0	0	0	unique	1	no	0	0	0	0
HGNC:282	ADRA2B	P18089	ENSG00000274286	151	0	1	0	0	1	0	0	0	0	0	0	0	1	1	0	1	0	0	0	0	1	0	1	0	unique	1	yes	1	0	0	1
HGNC:28211	TMEM141	Q96I45	ENSG00000244187	85014	0	0	0	0	0	0	0	0	0	0	0	0	0	0	0	0	0	0	0	0	0	0	0	0	unique	1	no	0	0	0	0
HGNC:28230	MIEN1	Q9BRT3	ENSG00000141741	84299	0	0	0	0	0	0	0	0	0	0	0	0	0	0	0	0	0	0	0	0	0	0	0	0	unique	1	no	0	0	0	0
HGNC:28238	NXPE3	Q969Y0	ENSG00000144815	91775			0	0	0	0	0	0	0	0	0	0	0	0	0	0	0	0	0	0	0	0	0	0	unique	0	yes	0	0	0	0
HGNC:28240	HVCN1	Q96D96	ENSG00000122986	84329	0	1	0	0	0	0	0	0	0	0	0	0	0	0	0	0	0	0	0	0	0	0	0	0	unique	1	yes	0	0	0	0
HGNC:28246	IGSF21	Q96ID5	ENSG00000117154	84966	1	1	0	0	0	0	0	0	0	0	0	0	0	0	0	0	0	0	0	0	0	0	0	0	unique	1	yes	0	0	0	0
HGNC:28255	PCED1B	Q96HM7	ENSG00000179715	91523			0	0	0	0	0	0	0	0	0	0	0	0	0	0	0	0	0	0	0	0	0	0	unique	0	no	0	0	0	0
HGNC:28274	FAM163A	Q96GL9	ENSG00000143340	148753			0	0	1	0	0	0	0	0	0	0	0	0	0	0	0	0	0	0	0	0	0	0	unique	0	no	0	0	0	0
HGNC:28275	TMEM125	Q96AQ2	ENSG00000179178	128218			0	0	0	0	0	0	0	0	0	0	0	0	0	0	0	0	0	0	0	0	0	0	unique	0	no	0	0	0	0
HGNC:28281	TMEM263	Q8WUH6	ENSG00000151135	90488			0	0	0	0	0	0	0	0	0	0	0	0	0	0	0	0	0	0	0	0	0	0	unique	0	no	0	0	0	0
HGNC:28283	GSG1L	Q6UXU4	ENSG00000169181	146395	0	1	0	0	0	0	0	0	0	0	0	0	0	0	0	0	0	0	0	0	0	0	0	0	unique	1	yes	1	0	0	0
HGNC:28288	TMEM106A	Q96A25	ENSG00000184988	113277	0	0	0	0	0	0	0	0	0	0	0	0	0	0	0	0	0	0	0	0	0	0	0	0	unique	1	no	1	1	1	1
HGNC:28289	CCDC97	Q96F63	ENSG00000142039	90324	0	0	0	0	0	0	0	0	0	0	0	0	0	0	0	0	0	0	0	0	0	0	0	0	unique	1	no	0	0	0	0
HGNC:28297	TMEM255B	Q8WV15	ENSG00000184497	348013	0	0	0	0	0	0	0	0	0	0	0	0	0	0	0	0	0	0	0	0	0	0	0	0	unique	1	no	1	0	0	0
HGNC:283	ADRA2C	P18825	ENSG00000184160	152	0	1	0	0	1	0	0	0	0	0	0	0	1	1	0	0	0	0	0	0	0	0	0	0	unique	1	yes	1	1	1	1
HGNC:28309	BRICD5	Q6PL45	ENSG00000182685	283870	0	0	0	0	0	0	0	0	0	0	0	0	0	0	0	0	0	0	0	0	0	0	0	0	unique	1	no	0	0	0	0
HGNC:28318	LRRIQ3	A6PVS8	ENSG00000162620	127255	0	0	0	0	1	0	0	0	0	0	0	0	0	0	0	0	0	0	0	0	0	0	0	0	unique	1	no	0	0	0	0
HGNC:28319	PEBP4	Q96S96	ENSG00000134020	157310			0	0	0	0	0	0	0	0	0	0	0	0	0	0	0	0	0	0	0	0	0	0	unique	0	yes	0	0	0	0
HGNC:28324	TMIGD2	Q96BF3	ENSG00000167664	126259	1	1	0	0	1	0	0	0	0	0	0	0	0	0	0	0	0	0	0	0	0	0	0	0	unique	1	yes	1	1	1	1
HGNC:28370	LRFN3	Q9BTN0	ENSG00000126243	79414	1	1	0	0	0	0	0	0	0	0	0	0	0	0	0	0	0	0	0	0	0	0	0	0	unique	1	yes	1	1	0	1
HGNC:28381	MOSPD2	Q8NHP6	ENSG00000130150	158747			0	0	0	0	0	0	0	0	0	0	1	1	0	0	0	0	0	0	0	0	0	0	unique	0	yes	0	0	0	0
HGNC:28387	LYZL4	Q96KX0	ENSG00000157093	131375			0	0	0	0	0	0	0	0	0	0	0	0	0	0	0	0	0	0	0	0	0	0	unique	0	yes	0	0	0	0
HGNC:28391	SUSD3	Q96L08	ENSG00000157303	203328	1	1	0	0	0	0	0	0	0	0	0	0	0	0	0	0	0	0	0	0	0	0	0	0	unique	1	no	1	1	1	1
HGNC:28392	GLIPR1L1	Q6UWM5	ENSG00000173401	256710			0	0	1	0	0	0	0	0	0	0	0	0	0	0	0	0	0	0	0	0	0	0	unique	0	yes	0	0	0	0
HGNC:28395	SGMS2	Q8NHU3	ENSG00000164023	166929			0	0	0	0	0	0	0	0	0	0	0	0	0	0	0	0	0	0	0	0	0	0	unique	0	no	0	0	0	0
HGNC:28396	TMEM67	Q5HYA8	ENSG00000164953	91147	1	1	0	0	1	0	0	0	0	0	0	0	0	0	0	0	0	0	0	0	0	0	0	0	unique	1	yes	1	1	1	1
HGNC:28419	SMIM7	Q9BQ49	ENSG00000214046	79086	0	0	0	0	0	0	0	0	0	0	0	0	0	0	0	0	0	0	0	0	0	0	0	0	unique	1	no	0	0	0	0
HGNC:28431	LYPD1	Q8N2G4	ENSG00000150551	116372	0	1	0	0	0	0	0	0	0	0	0	0	0	0	0	0	0	0	0	0	0	0	0	0	unique	1	yes	1	1	1	1
HGNC:28433	SPNS3	Q6ZMD2	ENSG00000182557	201305	0	1	0	0	0	0	0	0	0	0	0	0	0	0	0	0	0	0	0	0	0	0	0	0	unique	1	yes	1	0	0	0
HGNC:28444	TMEM42	Q69YG0	ENSG00000169964	131616			0	0	0	0	0	0	0	0	0	0	0	0	0	0	0	0	0	0	0	0	0	0	unique	0	no	0	0	0	0
HGNC:28448	TMEM86B	Q8N661	ENSG00000180089	255043	0	0	0	0	0	0	0	0	0	0	0	0	0	0	0	0	0	0	0	0	0	0	0	0	unique	1	yes	0	0	0	0
HGNC:2845	DGCR2	P98153	ENSG00000070413	9993	1	1	0	0	0	0	0	0	0	0	0	0	0	0	0	0	0	0	0	0	0	0	0	0	unique	1	yes	1	1	1	1
HGNC:28451	TMEM108	Q6UXF1	ENSG00000144868	66000	0	0	0	0	0	0	0	0	0	0	0	0	0	0	0	0	0	0	0	0	0	0	0	0	unique	1	yes	1	0	0	0
HGNC:28456	LRFN4	Q6PJG9	ENSG00000173621	78999	1	1	0	0	0	0	0	0	0	0	0	0	0	0	0	0	0	0	0	0	0	0	0	0	unique	1	yes	1	1	1	1
HGNC:28465	CCDC107	Q8WV48	ENSG00000159884	203260	0	0	0	0	0	0	0	0	0	0	0	0	0	0	0	0	0	0	0	0	0	0	0	0	unique	1	no	0	0	0	0
HGNC:28471	CYB5D2	Q8WUJ1	ENSG00000167740	124936	0	0	0	0	1	0	0	0	0	0	0	0	0	0	0	0	0	0	0	0	0	0	0	0	unique	1	no	0	0	0	0
HGNC:28474	CHID1	Q9BWS9	ENSG00000177830	66005			0	0	0	0	0	0	0	0	0	0	0	0	0	0	0	0	0	0	0	0	0	0	unique	0	no	0	0	0	0
HGNC:28480	SLC35G2	Q8TBE7	ENSG00000168917	80723	0	0	0	0	0	0	0	0	0	0	0	0	0	0	0	0	0	0	0	0	0	0	0	0	unique	1	yes	0	0	0	0
HGNC:28483	TMEM161B	Q8NDZ6	ENSG00000164180	153396			0	0	0	0	0	0	0	0	0	0	0	0	0	0	0	0	0	0	0	0	0	0	unique	0	no	0	0	0	0
HGNC:28486	MFSD8	Q8NHS3	ENSG00000164073	256471	0	0	0	0	0	0	0	0	0	0	0	0	0	0	0	0	0	0	0	0	0	0	0	0	unique	1	no	1	0	0	0
HGNC:28490	DIPK2A	Q8NDZ4	ENSG00000181744	205428			0	0	0	0	0	0	0	0	0	0	0	0	0	0	0	0	0	0	0	0	0	0	unique	0	no	0	0	0	0
HGNC:28491	CATSPERE	Q5SY80	ENSG00000179397	257044	0	0	0	0	1	0	0	0	0	0	0	0	0	0	0	0	0	0	0	0	0	0	0	0	unique	1	yes	0	0	0	0
HGNC:28497	TMEM151A	Q8N4L1	ENSG00000179292	256472			0	0	0	0	0	0	0	0	0	0	0	0	0	0	0	0	0	0	0	0	0	0	unique	0	no	0	0	0	0
HGNC:28498	VXN	Q8TAG6	ENSG00000169085	254778			0	0	1	0	0	0	0	0	0	0	0	0	0	0	0	0	0	0	0	0	0	0	unique	0	no	0	0	0	0
HGNC:28499	VSTM2A	Q8TAG5	ENSG00000170419	222008			0	0	0	0	0	0	0	0	0	0	0	0	0	0	0	0	0	0	0	0	0	0	unique	0	yes	0	0	0	0
HGNC:285	ADRB1	P08588	ENSG00000043591	153	0	1	0	0	1	0	0	1	0	1	0	0	1	1	1	0	0	1	0	1	1	0	1	0	unique	1	yes	1	0	0	1
HGNC:28511	CLDND2	Q8NHS1	ENSG00000160318	125875			0	0	0	0	0	0	0	0	0	0	0	0	0	0	0	0	0	0	0	0	0	0	unique	0	no	0	0	0	0
HGNC:28513	KIAA2013	Q8IYS2	ENSG00000116685	90231	0	0	0	0	0	0	0	0	0	0	0	0	0	0	0	0	0	0	0	0	0	0	0	0	unique	1	no	0	0	0	0
HGNC:28517	TMEM178A	Q8NBL3	ENSG00000152154	130733	0	0	0	0	0	0	0	0	0	0	0	0	0	0	0	0	0	0	0	0	0	0	0	0	unique	1	no	1	1	1	1
HGNC:28518	IZUMO2	Q6UXV1	ENSG00000161652	126123	0	0	0	0	1	0	0	0	0	0	0	0	0	0	0	0	0	0	0	0	0	0	0	0	unique	1	yes	0	0	0	0
HGNC:28524	SLC44A5	Q8NCS7	ENSG00000137968	204962	0	1	0	0	0	0	0	0	0	0	0	0	0	0	0	0	0	0	0	0	0	0	0	0	unique	1	yes	1	0	0	0
HGNC:28527	NXPE1	Q8N323	ENSG00000095110	120400			0	0	0	0	0	0	0	0	0	0	1	1	0	0	0	0	0	0	0	0	0	0	unique	0	no	0	0	0	0
HGNC:28537	TMEM252	Q8N6L7	ENSG00000181778	169693	0	0	0	0	0	0	0	0	0	0	0	0	0	0	0	0	0	0	0	0	0	0	0	0	unique	1	no	0	0	0	0
HGNC:28538	CLEC18C	Q8NCF0	ENSG00000157335	283971			0	0	0	0	0	0	0	0	0	0	0	0	0	0	0	0	0	0	0	0	0	0	unique	0	yes	0	0	0	0
HGNC:28539	IZUMO1	Q8IYV9	ENSG00000182264	284359	0	0	0	0	1	0	0	0	0	0	0	0	0	0	0	0	0	0	0	0	0	0	0	0	unique	1	yes	1	0	0	0
HGNC:28542	SLC22A24	Q8N4F4	ENSG00000197658	283238			0	0	0	0	0	0	0	0	0	0	0	0	0	0	0	0	0	0	0	0	0	0	unique	0	yes	0	0	0	0
HGNC:28550	TMEM26	Q6ZUK4	ENSG00000196932	219623	0	0	0	0	1	0	0	0	0	0	0	0	0	0	0	0	0	0	0	0	0	0	0	0	unique	1	no	1	0	0	0
HGNC:28554	CFAP299	Q6V702	ENSG00000197826	255119	0	0	0	0	0	0	0	0	0	0	0	0	0	0	0	0	0	0	0	0	0	0	0	0	unique	1	no	0	0	0	0
HGNC:28557	KLHDC8B	Q8IXV7	ENSG00000185909	200942	0	0	0	0	0	0	0	0	0	0	0	0	0	0	0	0	0	0	0	0	0	0	0	0	unique	1	no	0	0	0	0
HGNC:28558	TMCO5A	Q8N6Q1	ENSG00000166069	145942	0	0	0	0	0	0	0	0	0	0	0	0	0	0	0	0	0	0	0	0	0	0	0	0	unique	1	no	0	0	0	0
HGNC:28572	FRMPD2	Q68DX3	ENSG00000170324	143162	0	0	0	0	1	0	0	0	0	0	0	0	0	0	0	0	0	0	0	0	0	0	0	0	unique	1	yes	0	0	0	0
HGNC:28573	MS4A15	Q8N5U1	ENSG00000166961	219995	0	1	0	0	0	0	0	0	0	0	0	0	0	0	0	0	0	0	0	0	0	0	0	0	unique	1	no	1	0	0	0
HGNC:28580	RTP1	P59025	ENSG00000175077	132112	1	1	0	0	0	0	0	0	0	0	0	0	0	0	0	0	0	0	0	0	0	0	0	0	unique	1	no	0	0	0	0
HGNC:28592	GLIPR1L2	Q4G1C9	ENSG00000180481	144321			0	0	0	0	0	0	0	0	0	0	0	0	0	0	0	0	0	0	0	0	0	0	unique	0	no	0	0	0	0
HGNC:28598	CATSPERD	Q86XM0	ENSG00000174898	257062	0	0	0	0	0	0	0	0	0	0	0	0	0	0	0	0	0	0	0	0	0	0	0	0	unique	1	yes	1	1	1	1
HGNC:286	ADRB2	P07550	ENSG00000169252	154	0	1	0	0	1	0	0	1	0	1	0	0	1	1	0	1	0	1	0	1	1	0	1	0	unique	1	yes	1	0	0	1
HGNC:28601	TMEM31	Q5JXX7	ENSG00000179363	203562			0	0	0	0	0	0	0	0	0	0	0	0	0	0	0	0	0	0	0	0	0	0	unique	0	no	0	0	0	0
HGNC:28607	IQCF1	Q8N6M8	ENSG00000173389	132141			0	0	0	0	0	0	0	0	0	0	0	0	0	0	0	0	0	0	0	0	0	0	unique	0	yes	0	0	0	0
HGNC:28617	CBARP	Q8N350	ENSG00000099625	255057	0	0	0	0	0	0	0	0	0	0	0	0	0	0	0	0	0	0	0	0	0	0	0	0	unique	1	yes	0	0	0	0
HGNC:28618	TMEM256	Q8N2U0	ENSG00000205544	254863	0	0	0	0	0	0	0	0	0	0	0	0	0	0	0	0	0	0	0	0	0	0	0	0	unique	1	no	0	0	0	0
HGNC:28631	CNPY4	Q8N129	ENSG00000166997	245812			0	0	0	0	0	0	0	0	0	0	0	0	0	0	0	0	0	0	0	0	0	0	unique	0	yes	0	0	0	0
HGNC:28633	ARRDC1	Q8N5I2	ENSG00000197070	92714			0	0	0	0	0	0	0	0	0	0	0	0	0	0	0	0	0	0	0	0	0	0	unique	0	no	0	0	0	0
HGNC:28642	C19orf18	Q8NEA5	ENSG00000177025	147685	0	0	0	0	0	0	0	0	0	0	0	0	0	0	0	0	0	0	0	0	0	0	0	0	unique	1	no	1	0	0	0
HGNC:2865	DHH	O43323	ENSG00000139549	50846			0	0	0	0	0	0	0	0	0	0	0	0	0	0	0	0	0	0	0	0	0	0	unique	0	yes	0	0	0	0
HGNC:28653	TMEM101	Q96IK0	ENSG00000091947	84336	0	0	0	0	0	0	0	0	0	0	0	0	0	0	0	0	0	0	0	0	0	0	0	0	unique	1	no	0	0	0	0
HGNC:28657	CRACR2A	Q9BSW2	ENSG00000130038	84766	0	0	0	0	1	0	0	0	0	0	0	0	0	0	0	0	0	0	0	0	0	0	0	0	unique	1	no	0	0	0	0
HGNC:28659	LYPD4	Q6UWN0	ENSG00000273111	147719	0	1	0	0	0	0	0	0	0	0	0	0	0	0	0	0	0	0	0	0	0	0	0	0	unique	1	no	1	1	1	1
HGNC:28664	SLC9C2	Q5TAH2	ENSG00000162753	284525	0	1	0	0	0	0	0	0	0	0	0	0	0	0	0	0	0	0	0	0	0	0	0	0	unique	1	no	0	0	0	0
HGNC:28667	C1orf116	Q9BW04	ENSG00000182795	79098	0	0	0	0	0	0	0	0	0	0	0	0	0	0	0	0	0	0	0	0	0	0	0	0	unique	1	no	0	0	0	0
HGNC:28674	MARVELD1	Q9BSK0	ENSG00000155254	83742	0	0	0	0	0	0	0	0	0	0	0	0	0	0	0	0	0	0	0	0	0	0	0	0	unique	1	no	0	0	0	0
HGNC:28675	VSIG1	Q86XK7	ENSG00000101842	340547	0	0	0	0	0	0	0	0	0	0	0	0	0	0	0	0	0	0	0	0	0	0	0	0	unique	1	yes	1	1	1	1
HGNC:28687	C16orf89	Q6UX73	ENSG00000153446	146556			0	0	0	0	0	0	0	0	0	0	0	0	0	0	0	0	0	0	0	0	0	0	unique	0	no	0	0	0	0
HGNC:28688	CCDC24	Q8N4L8	ENSG00000159214	149473	0	0	0	0	0	0	0	0	0	0	0	0	0	0	0	0	0	0	0	0	0	0	0	0	unique	1	no	0	0	0	0
HGNC:28689	SLC44A3	Q8N4M1	ENSG00000143036	126969	0	1	0	0	0	0	0	0	0	0	0	0	0	0	0	0	0	0	0	0	0	0	0	0	unique	1	yes	1	1	1	1
HGNC:28701	SCARA5	Q6ZMJ2	ENSG00000168079	286133	1	1	0	0	1	0	0	0	0	0	0	0	0	0	0	0	0	0	0	0	0	0	0	0	unique	1	yes	1	1	1	1
HGNC:28732	C1QTNF9	P0C862	ENSG00000240654	338872			0	0	0	0	0	0	0	0	0	0	0	0	0	0	0	0	0	0	0	0	0	0	unique	0	yes	0	0	0	0
HGNC:28740	PDZD9	Q8IXQ8	ENSG00000155714	255762	0	0	0	0	0	0	0	0	0	0	0	0	0	0	0	0	0	0	0	0	0	0	0	0	unique	1	no	0	0	0	0
HGNC:28741	ILDR1	Q86SU0	ENSG00000145103	286676	1	1	0	0	0	0	0	0	0	0	0	0	0	0	0	0	0	0	0	0	0	0	0	0	unique	1	no	1	1	1	1
HGNC:28743	TSPAN33	Q86UF1	ENSG00000158457	340348	0	1	0	0	0	0	0	0	0	0	0	0	0	0	0	0	0	0	0	0	0	0	0	0	unique	1	no	1	1	1	1
HGNC:28744	CNIH2	Q6PI25	ENSG00000174871	254263	0	0	0	0	0	0	0	0	0	0	0	0	1	1	0	0	0	0	0	0	0	0	0	0	unique	1	yes	0	0	0	0
HGNC:28750	SLC5A12	Q1EHB4	ENSG00000148942	159963	0	1	0	0	0	0	0	0	0	0	0	0	0	0	0	0	0	0	0	0	0	0	0	0	unique	1	yes	1	0	0	0
HGNC:28751	LYPD6	Q86Y78	ENSG00000187123	130574			0	0	0	0	0	0	0	0	0	0	0	0	0	0	0	0	0	0	0	0	0	0	unique	0	yes	0	0	0	0
HGNC:28755	C1orf210	Q8IVY1	ENSG00000253313	149466	0	0	0	0	0	0	0	0	0	0	0	0	0	0	0	0	0	0	0	0	0	0	0	0	unique	1	no	0	0	0	0
HGNC:28757	SHISAL2A	Q6UWV7	ENSG00000182183	348378			0	0	0	0	0	0	0	0	0	0	0	0	0	0	0	0	0	0	0	0	0	0	unique	0	no	0	0	0	0
HGNC:28769	DRAM2	Q6UX65	ENSG00000156171	128338	0	0	0	0	0	0	0	0	0	0	0	0	0	0	0	0	0	0	0	0	0	0	0	0	unique	1	no	0	0	0	0
HGNC:28778	XKR3	Q5GH77	ENSG00000172967	150165	0	1	0	0	0	0	0	0	0	0	0	0	0	0	0	0	0	0	0	0	0	0	0	0	unique	1	no	1	0	0	0
HGNC:28779	TMPRSS12	Q86WS5	ENSG00000186452	283471	0	0	0	0	0	0	0	0	0	0	0	0	0	0	0	0	0	0	0	0	0	0	0	0	unique	1	no	0	0	0	0
HGNC:28786	WDR53	Q7Z5U6	ENSG00000185798	348793	0	0	0	0	0	0	0	0	0	0	0	0	0	0	0	0	0	0	0	0	0	0	0	0	unique	1	no	0	0	0	0
HGNC:28788	CAMKV	Q8NCB2	ENSG00000164076	79012			0	0	0	0	0	0	0	0	0	0	0	0	0	0	0	0	0	0	0	0	0	0	unique	0	no	0	0	0	0
HGNC:28789	SARAF	Q96BY9	ENSG00000133872	51669			0	0	1	0	0	0	0	0	0	0	0	0	0	0	0	0	0	0	0	0	0	0	unique	0	yes	0	0	0	0
HGNC:28797	TMEM184A	Q6ZMB5	ENSG00000164855	202915	0	0	0	0	1	0	0	0	0	0	0	0	0	0	0	0	0	0	0	0	0	0	0	0	unique	1	yes	1	1	1	1
HGNC:288	ADRB3	P13945	ENSG00000188778	155	0	1	0	0	0	0	0	0	0	0	0	0	0	1	0	0	0	0	0	0	0	0	0	0	unique	1	yes	1	0	0	0
HGNC:28804	GDPD5	Q8WTR4	ENSG00000158555	81544	0	0	0	0	0	0	0	0	0	0	0	0	0	0	0	0	0	0	0	0	0	0	0	0	unique	1	no	1	1	1	1
HGNC:2883	DIO1	P49895	ENSG00000211452	1733	1	1	0	0	0	0	0	0	0	0	0	0	0	0	0	0	0	0	0	0	0	0	0	0	unique	1	yes	0	0	0	0
HGNC:28834	CEACAM21	Q3KPI0	ENSG00000007129	90273	1	1	0	0	0	0	0	0	0	0	0	0	0	0	0	0	0	0	0	0	0	0	0	0	unique	1	no	1	1	1	1
HGNC:28835	IRGC	Q6NXR0	ENSG00000124449	56269			0	0	0	0	0	0	0	0	0	0	0	0	0	0	0	0	0	0	0	0	0	0	unique	0	yes	0	0	0	0
HGNC:28837	TMEM234	Q8WY98	ENSG00000160055	56063			0	0	0	0	0	0	0	0	0	0	0	0	0	0	0	0	0	0	0	0	0	0	unique	0	no	0	0	0	0
HGNC:2885	DIO3	P55073	ENSG00000197406	1735	1	1	0	0	0	0	0	0	0	0	0	0	0	0	0	0	0	0	0	0	0	0	0	0	unique	1	yes	0	0	0	0
HGNC:28850	TSKU	Q8WUA8	ENSG00000182704	25987			0	0	0	0	0	0	0	0	0	0	0	0	0	0	0	0	0	0	0	0	0	0	unique	0	yes	0	0	0	0
HGNC:28859	HILPDA	Q9Y5L2	ENSG00000135245	29923	0	0	0	0	0	0	0	0	0	0	0	0	0	0	0	0	0	0	0	0	0	0	0	0	unique	1	yes	0	0	0	0
HGNC:28873	VTCN1	Q7Z7D3	ENSG00000134258	79679	1	1	0	0	0	0	0	0	0	0	0	0	0	0	0	0	0	0	0	0	0	0	0	0	unique	1	no	1	1	1	1
HGNC:28874	CD300E	Q496F6	ENSG00000186407	342510	1	1	0	0	0	0	0	0	0	0	0	0	0	0	0	0	0	0	0	0	0	0	0	0	unique	1	yes	1	1	1	1
HGNC:28875	DNASE2B	Q8WZ79	ENSG00000137976	58511			0	0	0	0	0	0	0	0	0	0	0	0	0	0	0	0	0	0	0	0	0	0	unique	0	no	0	0	0	0
HGNC:28879	DEFB106B	Q8N104	ENSG00000187082	503841			0	0	0	0	0	0	0	0	0	0	0	0	0	0	0	0	0	0	0	0	0	0	unique	0	yes	0	0	0	0
HGNC:28880	MAGT1	Q9H0U3	ENSG00000102158	84061	0	1	0	0	1	0	0	0	0	0	0	0	0	1	0	0	0	0	0	0	0	0	0	0	unique	1	yes	0	0	0	0
HGNC:28881	PATJ	Q8NI35	ENSG00000132849	10207	0	0	0	0	1	0	0	0	0	0	0	0	0	0	0	0	0	0	0	0	0	0	0	0	unique	1	yes	0	0	0	0
HGNC:28897	SYNC	Q9H7C4	ENSG00000162520	81493	0	0	0	0	0	0	0	0	0	0	0	0	0	0	0	0	0	0	0	0	0	0	0	0	unique	1	no	0	0	0	0
HGNC:28899	GPR180	Q86V85	ENSG00000152749	160897	0	1	0	0	1	0	0	0	0	0	0	0	0	0	0	0	0	0	0	0	0	0	0	0	unique	1	no	1	0	0	0
HGNC:28911	PRAF2	O60831	ENSG00000243279	11230	0	0	0	0	0	0	0	0	0	0	0	0	0	0	0	0	0	0	0	0	0	0	0	0	unique	1	yes	0	0	0	0
HGNC:28923	DAGLB	Q8NCG7	ENSG00000164535	221955	0	0	0	0	1	0	0	0	0	0	0	0	0	0	0	0	0	0	0	0	0	0	0	0	unique	1	no	1	1	1	1
HGNC:28943	KRTCAP3	Q53RY4	ENSG00000157992	200634			0	0	1	0	0	0	0	0	0	0	0	0	0	0	0	0	0	0	0	0	0	0	unique	0	no	0	0	0	0
HGNC:28947	LRRC24	Q50LG9	ENSG00000254402	441381	0	0	0	0	0	0	0	0	0	0	0	0	0	0	0	0	0	0	0	0	0	0	0	0	unique	1	no	1	1	1	1
HGNC:2895	EDAR	Q9UNE0	ENSG00000135960	10913	1	1	0	0	0	0	0	0	0	0	1	1	0	0	0	0	0	0	0	0	1	1	1	1	unique	1	yes	1	1	1	1
HGNC:28950	KIAA0040	Q15053	ENSG00000235750	9674			0	0	0	0	0	0	0	0	0	0	0	0	0	0	0	0	0	0	0	0	0	0	unique	0	no	0	0	0	0
HGNC:28960	BLTP2	Q14667	ENSG00000007202	9703			0	0	1	0	0	0	0	0	0	0	0	0	0	0	0	0	0	0	0	0	0	0	unique	0	no	0	0	0	0
HGNC:28974	TTLL12	Q14166	ENSG00000100304	23170			0	0	0	0	0	0	0	0	0	0	0	0	0	0	0	0	0	0	0	0	0	0	unique	0	no	0	0	0	0
HGNC:28992	KIAA0232	Q92628	ENSG00000170871	9778	0	0	0	0	0	0	0	0	0	0	0	0	0	0	0	0	0	0	0	0	0	0	0	0	unique	1	no	0	0	0	0
HGNC:28993	PIEZO1	Q92508	ENSG00000103335	9780	0	1	0	0	0	0	0	0	0	0	0	0	1	1	0	0	0	0	0	0	0	0	0	0	unique	1	yes	1	1	1	1
HGNC:29	ABCA1	O95477	ENSG00000165029	19	0	1	0	0	1	0	0	0	0	0	0	0	1	1	1	0	0	0	0	0	0	0	0	0	unique	1	yes	1	1	1	1
HGNC:2900	DLG1	Q12959	ENSG00000075711	1739	0	0	0	0	1	0	0	0	0	0	0	0	0	0	0	0	0	0	0	0	0	0	0	0	unique	1	yes	0	0	0	0
HGNC:29000	C2CD2L	O14523	ENSG00000172375	9854	0	0	0	0	0	0	0	0	0	0	0	0	0	0	0	0	0	0	0	0	0	0	0	0	unique	1	no	0	0	0	0
HGNC:2901	DLG2	Q15700	ENSG00000150672	1740	0	0	0	0	1	0	0	0	0	0	0	0	0	0	0	0	0	0	0	0	0	0	0	0	unique	1	yes	0	0	0	0
HGNC:2903	DLG4	P78352	ENSG00000132535	1742	0	0	0	0	0	0	0	0	0	0	0	0	1	1	0	0	0	0	0	0	0	0	0	0	unique	1	yes	0	0	0	0
HGNC:29043	DSTYK	Q6XUX3	ENSG00000133059	25778	0	0	0	0	0	0	0	0	0	0	0	0	0	0	0	0	0	0	0	0	0	0	0	0	unique	1	no	0	0	0	0
HGNC:29061	SUSD5	O60279	ENSG00000173705	26032	1	1	0	0	1	0	0	0	0	0	0	0	0	0	0	0	0	0	0	0	0	0	0	0	unique	1	no	1	1	1	1
HGNC:29062	C2CD5	Q86YS7	ENSG00000111731	9847	0	0	0	0	0	0	0	0	0	0	0	0	0	0	0	0	0	0	0	0	0	0	0	0	unique	1	no	0	0	0	0
HGNC:29063	ATRNL1	Q5VV63	ENSG00000107518	26033	1	1	0	0	1	0	0	0	0	0	0	0	0	0	0	0	0	0	0	0	0	0	0	0	unique	1	no	1	1	1	1
HGNC:29069	LRRC37A	A6NMS7	ENSG00000176681	9884	0	0	0	0	0	0	0	0	0	0	0	0	0	0	0	0	0	0	0	0	0	0	0	0	unique	1	no	1	1	1	1
HGNC:2907	DLK1	P80370	ENSG00000185559	8788	0	0	0	0	1	0	0	0	0	0	0	0	0	0	0	0	0	0	0	0	0	0	0	0	unique	1	yes	1	1	1	1
HGNC:29070	LRRC37B	Q96QE4	ENSG00000185158	114659	0	0	0	0	0	0	0	0	0	0	0	0	0	0	0	0	0	0	0	0	0	0	0	0	unique	1	yes	1	1	1	1
HGNC:29072	CCDC144A	A2RUR9	ENSG00000170160	9720	0	0	0	0	1	0	0	0	0	0	0	0	0	0	0	0	0	0	0	0	0	0	0	0	unique	1	no	0	0	0	0
HGNC:2908	DLL1	O00548	ENSG00000198719	28514	1	1	0	0	0	0	0	0	0	0	0	0	0	0	0	0	0	0	0	0	0	0	0	0	unique	1	yes	1	1	1	1
HGNC:29083	MFAP3L	O75121	ENSG00000198948	9848	0	0	0	0	0	0	0	0	0	0	0	0	0	0	0	0	0	0	0	0	0	0	0	0	unique	1	no	1	1	1	1
HGNC:2909	DLL3	Q9NYJ7	ENSG00000090932	10683	1	1	0	0	0	0	0	0	0	0	0	0	0	0	0	0	0	0	0	0	0	0	0	0	unique	1	no	1	1	1	1
HGNC:29097	TBC1D9B	Q66K14	ENSG00000197226	23061	0	0	0	0	0	0	0	0	0	0	0	0	0	0	0	0	0	0	0	0	0	0	0	0	unique	1	yes	0	0	0	0
HGNC:2910	DLL4	Q9NR61	ENSG00000128917	54567	1	1	0	0	1	0	0	0	0	0	0	0	0	0	0	0	0	0	0	0	0	0	0	0	unique	1	yes	1	1	1	1
HGNC:29100	RRP12	Q5JTH9	ENSG00000052749	23223	0	0	0	0	1	0	0	0	0	0	0	0	0	0	0	0	0	0	0	0	0	0	0	0	unique	1	no	0	0	0	0
HGNC:29103	ATP2C2	O75185	ENSG00000064270	9914	0	0	0	0	0	0	0	0	0	0	0	0	0	0	0	0	0	0	0	0	0	0	0	0	unique	1	yes	0	0	0	0
HGNC:29118	TMEM63A	O94886	ENSG00000196187	9725	0	1	0	0	0	0	0	0	0	0	0	0	1	1	0	0	0	0	0	0	0	0	0	0	unique	1	no	1	1	1	1
HGNC:29121	MTCL1	Q9Y4B5	ENSG00000168502	23255	0	0	0	0	1	0	0	0	0	0	0	0	0	0	0	0	0	0	0	0	0	0	0	0	unique	1	no	0	0	0	0
HGNC:29129	ENDOD1	O94919	ENSG00000149218	23052			0	0	1	0	0	0	0	0	0	0	0	0	0	0	0	0	0	0	0	0	0	0	unique	0	no	0	0	0	0
HGNC:29146	TMEM131L	A2VDJ0	ENSG00000121210	23240	0	0	0	0	1	0	0	0	0	0	0	0	0	0	0	0	0	0	0	0	0	0	0	0	unique	1	yes	1	1	1	1
HGNC:29166	OR8U9	P0C7N5	ENSG00000281038	504190	0	0	0	0	0	0	0	0	0	0	0	0	0	0	0	0	0	0	0	0	0	0	0	0	unique	1	no	1	0	0	0
HGNC:29171	IQCE	Q6IPM2	ENSG00000106012	23288	0	0	0	0	0	0	0	0	0	0	0	0	0	0	0	0	0	0	0	0	0	0	0	0	unique	1	no	0	0	0	0
HGNC:29172	MINAR1	Q9UPX6	ENSG00000169330	23251	1	1	0	0	0	0	0	0	0	0	0	0	0	0	0	0	0	0	0	0	0	0	0	0	unique	1	yes	0	0	0	0
HGNC:29173	KAZN	Q674X7	ENSG00000189337	23254	0	0	0	0	1	0	0	0	0	0	0	0	0	0	0	0	0	0	0	0	0	0	0	0	unique	1	yes	0	0	0	0
HGNC:29196	SLC45A4	Q5BKX6	ENSG00000022567	57210	0	0	0	0	0	0	0	0	0	0	0	0	1	1	0	0	0	0	0	0	0	0	0	0	unique	1	yes	1	0	0	0
HGNC:29211	PRSS37	A4D1T9	ENSG00000165076	136242			0	0	0	0	0	0	0	0	0	0	0	0	0	0	0	0	0	0	0	0	0	0	unique	0	no	0	0	0	0
HGNC:29213	CEMIP	Q8WUJ3	ENSG00000103888	57214			0	0	1	0	0	0	0	0	0	0	0	0	0	0	0	0	0	0	0	0	0	0	unique	0	yes	0	0	0	0
HGNC:29214	GRAMD1B	Q3KR37	ENSG00000023171	57476	0	0	0	0	0	0	0	0	0	0	0	0	0	0	0	0	0	0	0	0	0	0	0	0	unique	1	no	0	0	0	0
HGNC:29227	HEG1	Q9ULI3	ENSG00000173706	57493	1	1	0	0	1	0	0	0	0	0	0	0	0	0	0	0	0	0	0	0	0	0	0	0	unique	1	no	1	1	1	1
HGNC:29248	KIAA1328	Q86T90	ENSG00000150477	57536	0	0	0	0	0	0	0	0	0	0	0	0	0	0	0	0	0	0	0	0	0	0	0	0	unique	1	no	0	0	0	0
HGNC:29251	DISP3	Q9P2K9	ENSG00000204624	57540	0	0	0	0	1	0	0	0	0	0	0	0	0	0	0	0	0	0	0	0	0	0	0	0	unique	1	no	0	0	0	0
HGNC:29255	USP53	Q70EK8	ENSG00000145390	54532	0	0	0	0	0	0	0	0	0	0	0	0	0	0	0	0	0	0	0	0	0	0	0	0	unique	1	no	0	0	0	0
HGNC:2926	DMBT1	Q9UGM3	ENSG00000187908	1755			0	0	1	0	0	0	0	0	0	0	0	0	0	0	0	0	0	0	0	0	0	0	unique	0	yes	0	0	0	0
HGNC:29260	NCEH1	Q6PIU2	ENSG00000144959	57552			0	0	0	0	0	0	0	0	0	0	0	0	0	0	0	0	0	0	0	0	0	0	unique	0	no	0	0	0	0
HGNC:29283	JCAD	Q9P266	ENSG00000165757	57608	0	1	0	0	1	0	0	0	0	0	0	0	0	0	0	0	0	0	0	0	0	0	0	0	unique	1	no	0	0	0	0
HGNC:29286	ISLR2	Q6UXK2	ENSG00000167178	57611	1	1	0	0	1	0	0	0	0	0	0	0	0	0	0	0	0	0	0	0	0	0	0	0	unique	1	yes	1	1	1	1
HGNC:29290	LRFN1	Q9P244	ENSG00000128011	57622	1	1	0	0	0	0	0	0	0	0	0	0	0	0	0	0	0	0	0	0	0	0	0	0	unique	1	yes	1	1	1	1
HGNC:29301	NHSL3	Q9P206	ENSG00000162522	57648	0	0	0	0	1	0	0	0	0	0	0	0	0	0	0	0	0	0	0	0	0	0	0	0	unique	1	no	0	0	0	0
HGNC:29302	CIP2A	Q8TCG1	ENSG00000163507	57650	0	0	0	0	0	0	0	0	0	0	0	0	0	0	0	0	0	0	0	0	0	0	0	0	unique	1	yes	0	0	0	0
HGNC:29305	GRAMD1A	Q96CP6	ENSG00000089351	57655	0	0	0	0	0	0	0	0	0	0	0	0	0	0	0	0	0	0	0	0	0	0	0	0	unique	1	yes	0	0	0	0
HGNC:29308	FBRSL1	Q9HCM7	ENSG00000112787	57666	0	0	0	0	1	0	0	0	0	0	0	0	0	0	0	0	0	0	0	0	0	0	0	0	unique	1	no	0	0	0	0
HGNC:29314	CACHD1	Q5VU97	ENSG00000158966	57685	0	0	0	0	0	0	0	0	0	0	0	0	0	0	0	0	0	0	0	0	0	0	0	0	unique	1	yes	1	1	1	1
HGNC:29317	LRRC4C	Q9HCJ2	ENSG00000148948	57689	1	1	0	0	0	0	0	0	0	0	0	0	0	0	0	0	0	0	0	0	0	0	0	0	unique	1	yes	1	1	1	1
HGNC:2932	DMP1	Q13316	ENSG00000152592	1758			0	0	0	0	0	0	0	0	0	0	0	0	0	0	0	0	0	0	0	0	0	0	unique	0	yes	0	0	0	0
HGNC:29326	SLC7A14	Q8TBB6	ENSG00000013293	57709	0	0	0	0	0	0	0	0	0	0	0	0	0	0	0	0	0	0	0	0	0	0	0	0	unique	1	yes	1	0	0	0
HGNC:29327	KIAA1614	Q5VZ46	ENSG00000135835	57710	0	0	0	0	1	0	0	0	0	0	0	0	0	0	0	0	0	0	0	0	0	0	0	0	unique	1	no	0	0	0	0
HGNC:29329	ANO8	Q9HCE9	ENSG00000074855	57719	0	1	0	0	1	0	0	0	0	0	0	0	0	0	0	0	0	0	0	0	0	0	0	0	unique	1	no	0	0	0	0
HGNC:2933	DMPK	Q09013	ENSG00000104936	1760			0	0	0	0	0	0	0	0	0	0	1	1	0	0	0	0	0	0	0	0	0	0	unique	0	no	0	0	0	0
HGNC:29332	NCMAP	Q5T1S8	ENSG00000184454	400746	0	0	0	0	1	0	0	0	0	0	0	0	0	0	0	0	0	0	0	0	0	0	0	0	unique	1	no	1	0	0	0
HGNC:29335	SHISAL1	Q3SXP7	ENSG00000138944	85352	0	0	0	0	1	0	0	0	0	0	0	0	0	0	0	0	0	0	0	0	0	0	0	0	unique	1	no	0	0	0	0
HGNC:29348	THSD7B	Q9C0I4	ENSG00000144229	80731	0	0	0	0	1	0	0	0	0	0	0	0	0	0	0	0	0	0	0	0	0	0	0	0	unique	1	no	1	1	1	1
HGNC:29370	ITPRIP	Q8IWB1	ENSG00000148841	85450	0	0	0	0	0	0	0	0	0	0	0	0	0	0	0	0	0	0	0	0	0	0	0	0	unique	1	yes	0	0	0	0
HGNC:29371	ITPRIPL1	Q6GPH6	ENSG00000198885	150771	1	1	0	0	0	0	0	0	0	0	0	0	0	0	0	0	0	0	0	0	0	0	0	0	unique	1	yes	0	0	0	0
HGNC:29379	EFCAB7	A8K855	ENSG00000203965	84455	0	0	0	0	1	0	0	0	0	0	0	0	0	0	0	0	0	0	0	0	0	0	0	0	unique	1	no	0	0	0	0
HGNC:29394	XKR4	Q5GH76	ENSG00000206579	114786			0	0	0	0	0	0	0	0	0	0	0	0	0	0	0	0	0	0	0	0	0	0	unique	0	yes	0	0	0	0
HGNC:29396	ELFN2	Q5R3F8	ENSG00000166897	114794	1	1	0	0	0	0	0	0	0	0	0	0	0	0	0	0	0	0	0	0	0	0	0	0	unique	1	yes	1	1	1	1
HGNC:29397	TMEM132B	Q14DG7	ENSG00000139364	114795	1	1	0	0	1	0	0	0	0	0	0	0	0	0	0	0	0	0	0	0	0	0	0	0	unique	1	yes	1	1	1	1
HGNC:29411	TMEM132D	Q14C87	ENSG00000151952	121256	1	1	0	0	0	0	0	0	0	0	0	0	0	0	0	0	0	0	0	0	0	0	0	0	unique	1	no	1	1	1	1
HGNC:29412	FAM171B	Q6P995	ENSG00000144369	165215	0	0	0	0	1	0	0	0	0	0	0	0	0	0	0	0	0	0	0	0	0	0	0	0	unique	1	no	1	1	1	1
HGNC:29420	RSPRY1	Q96DX4	ENSG00000159579	89970			0	0	0	0	0	0	0	0	0	0	0	0	0	0	0	0	0	0	0	0	0	0	unique	0	no	0	0	0	0
HGNC:29424	ANKRD24	Q8TF21	ENSG00000089847	170961			0	0	0	0	0	0	0	0	0	0	0	0	0	0	0	0	0	0	0	0	0	0	unique	0	yes	0	0	0	0
HGNC:29426	CCBE1	Q6UXH8	ENSG00000183287	147372	0	0	0	0	1	1	0	0	0	1	0	0	0	0	0	0	0	0	0	0	1	0	0	0	unique	1	yes	0	0	0	0
HGNC:29436	GLMP	Q8WWB7	ENSG00000198715	112770	0	0	0	0	0	0	0	0	0	0	0	0	0	0	0	0	0	0	0	0	0	0	0	0	unique	1	no	0	0	0	0
HGNC:29437	CLTRN	Q9HBJ8	ENSG00000147003	57393	1	1	0	0	0	0	0	0	0	0	0	0	0	0	0	0	0	0	0	0	0	0	0	0	unique	1	yes	0	0	0	0
HGNC:29455	VSTM1	Q6UX27	ENSG00000189068	284415	1	1	0	0	0	0	0	0	0	0	0	0	0	0	0	0	0	0	0	0	0	0	0	0	unique	1	yes	1	1	1	1
HGNC:29468	KPLCE	Q5T750	ENSG00000198854	100129271	0	0	0	0	0	0	0	0	0	0	0	0	0	0	0	0	0	0	0	0	0	0	0	0	unique	1	no	0	0	0	0
HGNC:29471	LAYN	Q6UX15	ENSG00000204381	143903	1	1	0	0	0	0	0	0	0	0	0	0	0	0	0	0	0	0	0	0	0	0	0	0	unique	1	yes	1	1	0	1
HGNC:29480	LRG1	P02750	ENSG00000171236	116844			0	0	1	1	0	0	0	1	0	0	0	0	0	0	0	1	0	1	1	0	1	0	unique	0	yes	0	0	0	1
HGNC:29486	SPINK6	Q6UWN8	ENSG00000178172	404203			0	0	0	0	0	0	0	0	0	0	0	0	0	0	0	0	0	0	0	0	0	0	unique	0	yes	0	0	0	0
HGNC:29499	ERAP2	Q6P179	ENSG00000164308	64167			0	0	0	0	0	0	0	0	0	0	1	1	0	0	0	0	0	0	0	0	0	0	unique	0	yes	0	0	0	0
HGNC:29504	ZACN	Q401N2	ENSG00000186919	353174	0	1	0	0	1	0	0	0	0	0	0	0	0	1	0	0	0	0	0	0	0	0	0	0	unique	1	yes	1	0	0	0
HGNC:29507	SCPEP1	Q9HB40	ENSG00000121064	59342			0	0	1	0	0	0	0	0	0	0	0	0	0	0	0	0	0	0	0	0	0	0	unique	0	no	0	0	0	0
HGNC:29508	KIDINS220	Q9ULH0	ENSG00000134313	57498	0	1	0	0	1	0	0	0	0	0	0	0	0	0	0	0	0	0	0	0	0	0	0	0	unique	1	yes	0	0	0	0
HGNC:29509	APH1A	Q96BI3	ENSG00000117362	51107	0	0	0	0	0	0	0	0	0	0	0	0	1	1	0	0	0	0	0	0	0	0	0	0	unique	1	no	0	0	0	0
HGNC:29514	GLDN	Q6ZMI3	ENSG00000186417	342035	0	0	0	0	1	0	0	0	0	0	0	0	0	0	0	0	0	0	0	0	0	0	0	0	unique	1	yes	1	1	1	1
HGNC:29546	SH3YL1	Q96HL8	ENSG00000035115	26751	0	0	0	0	0	0	0	0	0	0	0	0	0	0	0	0	0	0	0	0	0	0	0	0	unique	1	no	0	0	0	0
HGNC:29559	VMP1	Q96GC9	ENSG00000062716	81671	0	0	0	0	0	0	0	0	0	0	0	0	0	0	0	0	0	0	0	0	0	0	0	0	unique	1	no	0	0	0	0
HGNC:29566	PLPPR2	Q96GM1	ENSG00000105520	64748			0	0	0	0	0	0	0	0	0	0	0	0	0	0	0	0	0	0	0	0	0	0	unique	0	yes	0	0	0	0
HGNC:29568	LHFPL4	Q7Z7J7	ENSG00000156959	375323	0	0	0	0	0	0	0	0	0	0	0	0	1	1	0	0	0	0	0	0	0	0	0	0	unique	1	yes	1	0	0	0
HGNC:29572	LSR	Q86X29	ENSG00000105699	51599	1	1	0	0	0	0	0	0	0	0	0	0	0	0	0	0	0	0	0	0	0	0	0	0	unique	1	yes	0	0	0	0
HGNC:29575	SPACA7	Q96KW9	ENSG00000153498	122258			0	0	0	0	0	0	0	0	0	0	0	0	0	0	0	0	0	0	0	0	0	0	unique	0	no	0	0	0	0
HGNC:29576	UBALD1	Q8TB05	ENSG00000153443	124402	0	0	0	0	0	0	0	0	0	0	0	0	0	0	0	0	0	0	0	0	0	0	0	0	unique	1	no	0	0	0	0
HGNC:2958	DNASE1L2	Q92874	ENSG00000167968	1775			0	0	0	0	0	0	0	0	0	0	0	0	0	0	0	0	0	0	0	0	0	0	unique	0	no	0	0	0	0
HGNC:29580	SSMEM1	Q8WWF3	ENSG00000165120	136263			0	0	0	0	0	0	0	0	0	0	0	0	0	0	0	0	0	0	0	0	0	0	unique	0	no	0	0	0	0
HGNC:29589	TEX38	Q6PEX7	ENSG00000186118	374973			0	0	0	0	0	0	0	0	0	0	0	0	0	0	0	0	0	0	0	0	0	0	unique	0	no	0	0	0	0
HGNC:2959	DNASE1L3	Q13609	ENSG00000163687	1776			0	0	1	0	0	0	0	0	0	0	0	0	0	0	0	0	0	0	0	0	0	0	unique	0	yes	0	0	0	0
HGNC:29592	TRARG1	Q8IXB3	ENSG00000184811	286753	0	0	0	0	0	0	0	0	0	0	0	0	0	0	0	0	0	0	0	0	0	0	0	0	unique	1	no	0	0	0	0
HGNC:29596	TMEM176B	Q3YBM2	ENSG00000106565	28959	0	0	0	0	0	0	0	0	0	0	0	0	0	0	0	0	0	0	0	0	0	0	0	0	unique	1	no	0	0	0	0
HGNC:29602	PDPN	Q86YL7	ENSG00000162493	10630	1	1	0	0	1	1	1	1	1	1	0	0	0	0	0	0	0	1	1	1	1	1	1	1	unique	1	yes	0	0	0	1
HGNC:29604	LYNX1	P0DP58	ENSG00000180155	66004			0	0	0	0	0	0	0	0	0	0	0	0	0	0	0	0	0	0	0	0	0	0	unique	0	yes	0	0	0	0
HGNC:29608	MTDH	Q86UE4	ENSG00000147649	92140	0	0	0	0	1	0	0	0	0	0	0	0	0	0	0	0	0	0	0	0	0	0	0	0	unique	1	yes	0	0	0	0
HGNC:29612	LAPTM5	Q13571	ENSG00000162511	7805			0	0	0	0	0	0	0	0	0	0	0	0	0	0	0	0	0	0	0	0	0	0	unique	0	no	0	0	0	0
HGNC:29614	LYZL6	O75951	ENSG00000275722	57151	0	0	0	0	0	0	0	0	0	0	0	0	0	0	0	0	0	0	0	0	0	0	0	0	unique	1	no	0	0	0	0
HGNC:29618	ELAPOR1	Q6UXG2	ENSG00000116299	57535	0	0	0	0	1	0	0	0	0	0	0	0	0	0	0	0	0	0	0	0	0	0	0	0	unique	1	yes	0	0	0	0
HGNC:29619	MPEG1	Q2M385	ENSG00000197629	219972	0	0	0	0	0	0	0	0	0	0	0	0	0	0	0	0	0	0	0	0	0	0	0	0	unique	1	no	1	1	1	1
HGNC:29623	MAN2B2	Q9Y2E5	ENSG00000013288	23324	0	0	0	0	1	0	0	0	0	0	0	0	0	0	0	0	0	0	0	0	0	0	0	0	unique	1	no	0	0	0	0
HGNC:29625	PRSS38	A1L453	ENSG00000185888	339501			0	0	0	0	0	0	0	0	0	0	0	0	0	0	0	0	0	0	0	0	0	0	unique	0	no	0	0	0	0
HGNC:29626	MRGPRD	Q8TDS7	ENSG00000172938	116512	0	1	0	0	1	0	0	0	0	0	0	0	1	1	0	0	0	0	0	0	0	0	0	0	unique	1	yes	1	0	0	0
HGNC:29631	TMEM205	Q6UW68	ENSG00000105518	374882			0	0	0	0	0	0	0	0	0	0	0	0	0	0	0	0	0	0	0	0	0	0	unique	0	no	0	0	0	0
HGNC:29632	TMEM190	Q8WZ59	ENSG00000160472	147744	0	0	0	0	0	0	0	0	0	0	0	0	0	0	0	0	0	0	0	0	0	0	0	0	unique	1	no	0	0	0	0
HGNC:29634	MEGF10	Q96KG7	ENSG00000145794	84466	1	1	0	0	0	0	0	0	0	0	0	0	0	0	0	0	0	0	0	0	0	0	0	0	unique	1	yes	1	1	1	1
HGNC:29635	MEGF11	A6BM72	ENSG00000157890	84465	1	1	0	0	0	0	0	0	0	0	0	0	0	0	0	0	0	0	0	0	0	0	0	0	unique	1	no	1	1	1	1
HGNC:29644	GDE1	Q9NZC3	ENSG00000006007	51573	0	1	0	0	0	0	0	0	0	0	0	0	0	0	0	0	0	0	0	0	0	0	0	0	unique	1	yes	0	0	0	0
HGNC:29645	PAQR5	Q9NXK6	ENSG00000137819	54852	0	1	0	0	0	0	0	0	0	0	0	0	0	0	0	0	0	0	0	0	0	0	0	0	unique	1	yes	0	0	0	0
HGNC:29646	TLCD3A	Q8TBR7	ENSG00000167695	79850			0	0	0	0	0	0	0	0	0	0	0	0	0	0	0	0	0	0	0	0	0	0	unique	0	no	0	0	0	0
HGNC:29647	MAGI3	Q5TCQ9	ENSG00000081026	260425	1	1	0	0	1	0	0	0	0	0	0	0	0	0	0	0	0	0	0	0	0	0	0	0	unique	1	yes	0	0	0	0
HGNC:29663	MSMP	Q1L6U9	ENSG00000215183	692094			0	0	0	0	0	0	0	0	0	0	0	0	0	0	0	0	0	0	0	0	0	0	unique	0	yes	0	0	0	0
HGNC:29673	MFAP5	Q13361	ENSG00000197614	8076	0	0	0	0	0	0	0	0	0	0	0	0	0	0	0	0	0	0	0	0	0	0	0	0	unique	1	yes	0	0	0	0
HGNC:29675	CLCC1	Q96S66	ENSG00000121940	23155			0	0	1	0	0	0	0	0	0	0	0	0	0	0	0	0	0	0	0	0	0	0	unique	0	yes	0	0	0	0
HGNC:29789	MTUS1	Q9ULD2	ENSG00000129422	57509			0	0	0	0	0	0	0	0	0	0	0	0	0	0	0	0	0	0	0	0	0	0	unique	0	yes	0	0	0	0
HGNC:29806	LRRC25	Q8N386	ENSG00000175489	126364	0	0	0	0	0	0	0	0	0	0	0	0	0	0	0	0	0	0	0	0	0	0	0	0	unique	1	no	1	1	1	1
HGNC:29808	TMPRSS13	Q9BYE2	ENSG00000137747	84000	1	1	0	0	0	0	0	0	0	0	0	0	0	0	0	0	0	0	0	0	0	0	0	0	unique	1	yes	1	1	1	1
HGNC:29811	NRN1L	Q496H8	ENSG00000188038	123904	0	1	0	0	0	0	0	0	0	0	0	0	0	0	0	0	0	0	0	0	0	0	0	0	unique	1	no	1	1	1	1
HGNC:29845	XKRX	Q6PP77	ENSG00000182489	402415			0	0	0	0	0	0	0	0	0	0	0	0	0	0	0	0	0	0	0	0	0	0	unique	0	no	0	0	0	0
HGNC:29849	CADM2	Q8N3J6	ENSG00000175161	253559	1	1	0	0	0	0	0	0	0	0	0	0	0	0	0	0	0	0	0	0	0	0	0	0	unique	1	yes	1	1	1	1
HGNC:29861	CHRDL1	Q9BU40	ENSG00000101938	91851			0	0	1	0	0	0	0	0	0	0	0	0	0	0	0	0	0	0	0	0	0	0	unique	0	yes	0	0	0	0
HGNC:29862	NRG4	Q8WWG1	ENSG00000169752	145957	0	0	0	0	0	0	0	0	0	0	0	0	0	0	0	0	0	0	0	0	0	0	0	0	unique	1	yes	1	1	1	1
HGNC:29866	NFASC	O94856	ENSG00000163531	23114	1	1	0	0	1	0	0	0	0	0	0	0	0	0	0	0	0	0	0	0	0	0	0	0	unique	1	yes	1	1	1	1
HGNC:29872	NFAM1	Q8NET5	ENSG00000235568	150372	1	1	0	0	0	0	0	0	0	0	0	0	0	0	0	0	0	0	0	0	0	0	0	0	unique	1	no	1	1	1	1
HGNC:29876	LTAP1	Q9BWL3	ENSG00000143612	25912			0	0	0	0	0	0	0	0	0	0	0	0	0	0	0	0	0	0	0	0	0	0	unique	0	no	0	0	0	0
HGNC:29883	CD300LF	Q8TDQ1	ENSG00000186074	146722	1	1	0	0	1	0	0	0	0	0	0	0	0	0	0	0	0	0	0	0	0	0	0	0	unique	1	yes	1	1	1	1
HGNC:29915	NUP210L	Q5VU65	ENSG00000143552	91181	0	0	0	0	1	0	0	0	0	0	0	0	0	0	0	0	0	0	0	0	0	0	0	0	unique	1	no	1	1	1	1
HGNC:29930	DEFB105B	Q8NG35	ENSG00000186599	504180			0	0	0	0	0	0	0	0	0	0	0	0	0	0	0	0	0	0	0	0	0	0	shared_uniprot_ambiguous	0	no	0	0	0	0
HGNC:29942	TSPAN10	Q9H1Z9	ENSG00000182612	83882	0	1	0	0	0	0	0	0	0	0	0	0	0	0	0	0	0	0	0	0	0	0	0	0	unique	1	yes	0	0	0	0
HGNC:29943	TENM2	Q9NT68	ENSG00000145934	57451	1	1	0	0	1	0	0	0	0	0	0	0	0	0	0	0	0	0	0	0	0	0	0	0	unique	1	yes	1	1	1	1
HGNC:29944	TENM3	Q9P273	ENSG00000218336	55714	1	1	0	0	1	0	0	0	0	0	0	0	0	0	0	0	0	0	0	0	0	0	0	0	unique	1	yes	1	1	1	1
HGNC:29945	TENM4	Q6N022	ENSG00000149256	26011	1	1	0	0	1	0	0	0	0	0	0	0	0	0	0	0	0	0	0	0	0	0	0	0	unique	1	yes	1	1	1	1
HGNC:29953	OIT3	Q8WWZ8	ENSG00000138315	170392	0	0	0	0	0	0	0	0	0	0	0	0	0	0	0	0	0	0	0	0	0	0	0	0	unique	1	no	0	0	0	0
HGNC:29955	SLC51A	Q86UW1	ENSG00000163959	200931	0	1	0	0	0	0	0	0	0	0	0	0	1	1	0	0	0	0	0	0	0	0	0	0	unique	1	yes	1	0	0	0
HGNC:29956	SLC51B	Q86UW2	ENSG00000186198	123264	1	1	0	0	0	0	0	0	0	0	0	0	1	1	0	0	0	0	0	0	0	0	0	0	unique	1	yes	1	1	1	1
HGNC:29960	OSCAR	Q8IYS5	ENSG00000170909	126014	1	1	0	0	0	0	0	0	0	0	0	0	0	0	0	0	0	0	0	0	0	0	0	0	unique	1	yes	0	0	0	0
HGNC:29966	DEFB108B	Q8NET1	ENSG00000184276	245911			0	0	1	0	0	0	0	0	0	0	0	0	0	0	0	0	0	0	0	0	0	0	unique	0	no	0	0	0	0
HGNC:29970	OVCH2	Q7RTZ1	ENSG00000183378	341277			0	0	1	0	0	0	0	0	0	0	0	0	0	0	0	0	0	0	0	0	0	0	unique	0	yes	0	0	0	0
HGNC:29971	OSCP1	Q8WVF1	ENSG00000116885	127700	0	1	0	0	0	0	0	0	0	0	0	0	0	0	0	0	0	0	0	0	0	0	0	0	unique	1	yes	0	0	0	0
HGNC:29994	TMPRSS11F	Q6ZWK6	ENSG00000198092	389208	1	1	0	0	0	0	0	0	0	0	0	0	0	0	0	0	0	0	0	0	0	0	0	0	unique	1	no	0	0	0	0
HGNC:30	ABCA10	Q8WWZ4	ENSG00000154263	10349			0	0	1	0	0	0	0	0	0	0	0	0	0	0	0	0	0	0	0	0	0	0	unique	0	no	0	0	0	0
HGNC:30011	RHOXF2	Q9BQY4	ENSG00000131721	84528	0	0	0	0	0	0	0	0	0	0	0	0	0	0	0	0	0	0	0	0	0	0	0	0	unique	1	no	0	0	0	0
HGNC:30014	PGLYRP3	Q96LB9	ENSG00000159527	114771			0	0	0	0	0	0	0	0	0	0	0	0	0	0	0	0	0	0	0	0	0	0	unique	0	yes	0	0	0	0
HGNC:30015	PGLYRP4	Q96LB8	ENSG00000163218	57115	0	0	0	0	0	0	0	0	0	0	0	0	0	0	0	0	0	0	0	0	0	0	0	0	unique	1	yes	0	0	0	0
HGNC:3002	DPEP1	P16444	ENSG00000015413	1800	0	1	0	0	0	0	0	0	0	0	0	0	1	1	0	0	0	0	0	0	0	0	0	0	unique	1	yes	1	1	1	1
HGNC:30026	PLEKHO2	Q8TD55	ENSG00000241839	80301	0	0	0	0	0	0	0	0	0	0	0	0	0	0	0	0	0	0	0	0	0	0	0	0	unique	1	no	0	0	0	0
HGNC:30031	PI4K2A	Q9BTU6	ENSG00000155252	55361	0	0	0	0	1	0	0	0	0	0	0	0	1	1	0	0	0	0	0	0	0	0	0	0	unique	1	yes	0	0	0	0
HGNC:30034	PIK3AP1	Q6ZUJ8	ENSG00000155629	118788	0	0	0	0	0	0	0	0	0	0	0	0	1	1	0	0	0	0	0	0	0	0	0	0	unique	1	yes	0	0	0	0
HGNC:30040	PLA2G2F	Q9BZM2	ENSG00000158786	64600			0	0	0	0	0	0	0	0	0	0	0	0	0	0	0	0	0	0	0	0	0	0	unique	0	yes	0	0	0	0
HGNC:30041	PLB1	Q6P1J6	ENSG00000163803	151056	1	1	0	0	1	0	0	0	0	0	0	0	0	0	0	0	0	0	0	0	0	0	0	0	unique	1	no	1	1	1	1
HGNC:30043	PAG1	Q9NWQ8	ENSG00000076641	55824	1	1	0	0	0	0	0	0	0	0	0	0	0	0	0	0	0	0	0	0	0	0	0	0	unique	1	yes	0	0	0	0
HGNC:30052	NUP210	Q8TEM1	ENSG00000132182	23225	0	0	0	0	0	0	0	0	0	0	0	0	0	0	0	0	0	0	0	0	0	0	0	0	unique	1	no	1	1	1	1
HGNC:30053	PLET1	Q6UQ28	ENSG00000188771	349633	0	1	0	0	0	0	0	0	0	0	0	0	0	0	0	0	0	0	0	0	0	0	0	0	unique	1	no	1	1	1	1
HGNC:30057	GPR171	O14626	ENSG00000174946	29909	0	1	0	0	0	0	0	0	0	0	0	0	0	0	0	0	0	0	0	0	0	0	0	0	unique	1	yes	1	1	1	1
HGNC:30060	NOMO1	Q15155	ENSG00000103512	23420	0	0	0	0	0	0	0	0	0	0	0	0	0	0	0	0	0	0	0	0	0	0	0	0	unique	1	no	0	0	0	0
HGNC:30071	KIAA0319L	Q8IZA0	ENSG00000142687	79932	0	0	0	0	0	0	0	0	0	0	0	0	0	0	0	0	0	0	0	0	0	0	0	0	unique	1	yes	0	0	0	0
HGNC:30072	CD177	Q8N6Q3	ENSG00000204936	57126	0	1	0	0	0	0	0	0	0	0	0	0	0	0	0	0	0	0	0	0	0	0	0	0	unique	1	yes	1	1	1	1
HGNC:30079	TMPRSS9	Q7Z410	ENSG00000178297	360200	1	1	0	0	0	0	0	0	0	0	0	0	0	0	0	0	0	0	0	0	0	0	0	0	unique	1	no	0	0	0	0
HGNC:30085	VSIR	Q9H7M9	ENSG00000107738	64115	1	1	0	0	1	0	0	1	1	1	0	0	0	0	0	0	0	1	1	1	1	1	1	1	unique	1	yes	0	0	0	1
HGNC:3009	DPP4	P27487	ENSG00000197635	1803	1	1	0	0	1	0	0	0	0	0	0	0	1	1	1	1	1	0	0	0	1	1	1	1	unique	1	yes	1	1	1	1
HGNC:30092	NAMPT	P43490	ENSG00000105835	10135	0	0	0	0	1	0	0	0	0	0	0	0	1	1	0	0	0	0	0	0	0	0	0	0	unique	1	yes	0	0	0	0
HGNC:3010	DPP6	P42658	ENSG00000130226	1804	1	1	0	0	0	0	0	0	0	0	0	0	0	0	0	0	0	0	0	0	0	0	0	0	unique	1	yes	1	1	1	1
HGNC:30100	PSENEN	Q9NZ42	ENSG00000205155	55851	0	0	0	0	0	0	0	0	0	0	0	0	0	1	0	0	0	0	0	0	0	0	0	0	unique	1	no	0	0	0	0
HGNC:30131	PAQR9	Q6ZVX9	ENSG00000188582	344838	0	1	0	0	0	0	0	0	0	0	0	0	0	0	0	0	0	0	0	0	0	0	0	0	unique	1	yes	0	0	0	0
HGNC:30132	PAQR6	Q6TCH4	ENSG00000160781	79957	0	1	0	0	0	0	0	0	0	0	0	0	0	0	0	0	0	0	0	0	0	0	0	0	unique	1	yes	0	0	0	0
HGNC:30138	TMEM123	Q8N131	ENSG00000152558	114908	1	1	0	0	0	0	0	0	0	0	0	0	0	0	0	0	0	0	0	0	0	0	0	0	unique	1	no	1	0	0	0
HGNC:30167	PDIA4	P13667	ENSG00000155660	9601	0	0	0	0	0	0	0	0	0	0	0	0	0	0	0	0	0	0	0	0	0	0	0	0	unique	1	yes	0	0	0	0
HGNC:30168	PDIA6	Q15084	ENSG00000143870	10130			0	0	1	0	0	0	0	0	0	0	0	0	0	0	0	0	0	0	0	0	0	0	unique	0	no	0	0	0	0
HGNC:3018	SLC26A3	P40879	ENSG00000091138	1811	0	1	0	0	0	0	0	0	0	0	0	0	1	1	0	0	0	0	0	0	0	0	0	0	unique	1	yes	1	1	1	1
HGNC:30183	CNFN	Q9BYD5	ENSG00000105427	84518	0	0	0	0	0	0	0	0	0	0	0	0	0	0	0	0	0	0	0	0	0	0	0	0	unique	1	no	0	0	0	0
HGNC:3020	DRD1	P21728	ENSG00000184845	1812	0	1	0	0	1	1	0	0	0	1	0	0	1	1	0	1	0	1	0	1	1	0	1	0	unique	1	yes	1	1	1	1
HGNC:30221	UBAC1	Q9BSL1	ENSG00000130560	10422	0	0	0	0	0	0	0	0	0	0	0	0	0	0	0	0	0	0	0	0	0	0	0	0	unique	1	no	0	0	0	0
HGNC:30224	SLC52A2	Q9HAB3	ENSG00000185803	79581	0	1	0	0	0	0	0	0	0	0	0	0	1	1	0	0	0	0	0	0	0	0	0	0	unique	1	yes	1	0	0	0
HGNC:30225	SLC52A1	Q9NWF4	ENSG00000132517	55065	0	1	0	0	0	0	0	0	0	0	0	0	0	0	0	0	0	0	0	0	0	0	0	0	unique	1	yes	1	0	0	0
HGNC:30227	SPPL2A	Q8TCT8	ENSG00000138600	84888	0	0	0	0	0	0	0	0	0	0	0	0	0	1	0	0	0	0	0	0	0	0	0	0	unique	1	yes	1	0	0	0
HGNC:3023	DRD2	P14416	ENSG00000149295	1813	0	1	0	0	0	0	0	0	0	0	0	0	1	1	0	1	0	1	0	1	1	0	1	0	unique	1	yes	1	1	1	1
HGNC:30233	TEDDM1	Q5T9Z0	ENSG00000203730	127670			0	0	0	0	0	0	0	0	0	0	0	0	0	0	0	0	0	0	0	0	0	0	unique	0	no	0	0	0	0
HGNC:30236	TAAR5	O14804	ENSG00000135569	9038	0	1	0	0	0	0	0	0	0	0	0	0	0	0	0	0	0	0	0	0	0	0	0	0	unique	1	yes	1	0	0	0
HGNC:30239	CYSTM1	Q9H1C7	ENSG00000120306	84418			0	0	0	0	0	0	0	0	0	0	0	0	0	0	0	0	0	0	0	0	0	0	unique	0	no	0	0	0	0
HGNC:3024	DRD3	P35462	ENSG00000151577	1814	0	1	0	0	1	0	0	0	0	0	0	0	1	1	0	1	0	0	0	0	1	0	1	0	unique	1	yes	1	0	0	1
HGNC:30245	GPR174	Q9BXC1	ENSG00000147138	84636	0	1	0	0	0	0	0	0	0	0	0	0	1	1	0	0	0	0	0	0	0	0	0	0	unique	1	yes	1	0	0	0
HGNC:30249	QSOX2	Q6ZRP7	ENSG00000165661	169714	0	0	0	0	1	0	0	0	0	0	0	0	0	0	0	0	0	0	0	0	0	0	0	0	unique	1	no	1	1	1	1
HGNC:3025	DRD4	P21917	ENSG00000069696	1815	0	1	0	0	0	0	0	0	0	0	0	0	1	1	0	0	0	0	0	0	0	0	0	0	unique	1	yes	1	0	0	0
HGNC:30251	BAMBI	Q13145	ENSG00000095739	25805	1	1	0	0	0	0	0	0	0	0	0	0	0	0	0	0	0	0	0	0	0	0	0	0	unique	1	yes	1	0	0	0
HGNC:3026	DRD5	P21918	ENSG00000169676	1816	0	1	0	0	0	0	0	0	0	0	0	0	1	1	0	0	0	0	0	0	0	0	0	0	unique	1	yes	1	0	0	0
HGNC:30278	RFTN1	Q14699	ENSG00000131378	23180			0	0	0	0	0	0	0	0	0	0	0	0	0	0	0	0	0	0	0	0	0	0	unique	0	no	0	0	0	0
HGNC:30293	TMEM158	Q8WZ71	ENSG00000249992	25907	1	1	0	0	0	0	0	0	0	0	0	0	0	0	0	0	0	0	0	0	0	0	0	0	unique	1	yes	1	1	1	1
HGNC:30295	RASL10B	Q96S79	ENSG00000270885	91608			0	0	0	0	0	0	0	0	0	0	0	0	0	0	0	0	0	0	0	0	0	0	unique	0	no	0	0	0	0
HGNC:303	AEBP1	Q8IUX7	ENSG00000106624	165	0	0	0	0	1	0	0	0	0	0	0	0	0	0	0	0	0	0	0	0	0	0	0	0	unique	1	yes	0	0	0	0
HGNC:30304	RGS9BP	Q6ZS82	ENSG00000186326	388531	0	0	0	0	0	0	0	0	0	0	0	0	0	0	0	0	0	0	0	0	0	0	0	0	unique	1	yes	0	0	0	0
HGNC:30306	PHB2	Q99623	ENSG00000215021	11331	0	0	0	0	1	0	0	0	0	0	0	0	0	0	0	0	0	0	0	0	0	0	0	0	unique	1	yes	0	0	0	0
HGNC:30308	RGMA	Q96B86	ENSG00000182175	56963	0	1	0	0	0	0	0	0	0	0	0	0	0	0	0	0	0	0	0	0	0	0	0	0	unique	1	yes	1	1	1	1
HGNC:30310	RTBDN	Q9BSG5	ENSG00000132026	83546			0	0	0	0	0	0	0	0	0	0	0	0	0	0	0	0	0	0	0	0	0	0	unique	0	yes	0	0	0	0
HGNC:3035	DSC1	Q08554	ENSG00000134765	1823	1	1	0	0	0	0	0	0	0	0	0	0	0	0	0	0	0	0	0	0	0	0	0	0	unique	1	yes	1	1	1	1
HGNC:3036	DSC2	Q02487	ENSG00000134755	1824	1	1	0	0	1	0	0	0	0	0	0	0	0	0	0	0	0	0	0	0	0	0	0	0	unique	1	yes	1	1	1	1
HGNC:3037	DSC3	Q14574	ENSG00000134762	1825	1	1	0	0	1	0	0	0	0	0	0	0	0	0	0	0	0	0	0	0	0	0	0	0	unique	1	yes	1	1	1	1
HGNC:30375	CD163L1	Q9NR16	ENSG00000177675	283316	1	1	0	0	0	0	0	0	0	0	0	0	0	0	0	0	0	0	0	0	0	0	0	0	unique	1	no	1	1	1	1
HGNC:30377	SCRIB	Q14160	ENSG00000180900	23513	0	0	0	0	0	0	0	0	0	0	0	0	1	1	0	0	0	0	0	0	0	0	0	0	unique	1	yes	0	0	0	0
HGNC:30384	NENF	Q9UMX5	ENSG00000117691	29937			0	0	1	0	0	0	0	0	0	0	0	0	0	0	0	0	0	0	0	0	0	0	unique	0	yes	0	0	0	0
HGNC:30385	SCAMP4	Q969E2	ENSG00000227500	113178	0	0	0	0	0	0	0	0	0	0	0	0	0	0	0	0	0	0	0	0	0	0	0	0	unique	1	no	0	0	0	0
HGNC:30386	SCAMP5	Q8TAC9	ENSG00000198794	192683	0	0	0	0	1	0	0	0	0	0	0	0	0	0	0	0	0	0	0	0	0	0	0	0	unique	1	no	0	0	0	0
HGNC:30387	VMO1	Q7Z5L0	ENSG00000182853	284013			0	0	0	0	0	0	0	0	0	0	0	0	0	0	0	0	0	0	0	0	0	0	unique	0	no	0	0	0	0
HGNC:3039	DSCAM	O60469	ENSG00000171587	1826	1	1	0	0	1	0	0	0	0	0	0	0	0	0	0	0	0	0	0	0	0	0	0	0	unique	1	yes	1	1	1	1
HGNC:30396	SELENOS	Q9BQE4	ENSG00000131871	55829			0	0	0	0	0	0	0	0	0	0	0	0	0	0	0	0	0	0	0	0	0	0	unique	0	no	0	0	0	0
HGNC:304	CRISP1	P54107	ENSG00000124812	167			0	0	0	0	0	0	0	0	0	0	0	0	0	0	0	0	0	0	0	0	0	0	unique	0	no	0	0	0	0
HGNC:30400	SEMA3G	Q9NS98	ENSG00000010319	56920			0	0	0	0	0	0	0	0	0	0	0	0	0	0	0	0	0	0	0	0	0	0	unique	0	yes	0	0	0	0
HGNC:30406	HTRA3	P83110	ENSG00000170801	94031			0	0	0	0	0	0	0	0	0	0	0	0	0	0	0	0	0	0	0	0	0	0	unique	0	no	0	0	0	0
HGNC:30413	TPRA1	Q86W33	ENSG00000163870	131601	0	1	0	0	0	0	0	0	0	0	0	0	0	0	0	0	0	0	0	0	0	0	0	0	unique	1	no	1	0	0	0
HGNC:30422	SHROOM3	Q8TF72	ENSG00000138771	57619	0	0	0	0	1	0	0	0	0	0	0	0	0	0	0	0	0	0	0	0	0	0	0	0	unique	1	yes	0	0	0	0
HGNC:30424	SPPL3	Q8TCT6	ENSG00000157837	121665	0	0	0	0	0	0	0	0	0	0	0	0	0	0	0	0	0	0	0	0	0	0	0	0	unique	1	yes	0	0	0	0
HGNC:30425	SCUBE2	Q9NQ36	ENSG00000175356	57758	0	0	0	0	0	0	0	0	0	0	0	0	0	0	0	0	0	0	0	0	0	0	0	0	unique	1	yes	0	0	0	0
HGNC:30437	ASPHD2	Q6ICH7	ENSG00000128203	57168			0	0	0	0	0	0	0	0	0	0	0	0	0	0	0	0	0	0	0	0	0	0	unique	0	no	0	0	0	0
HGNC:30450	NAPRT	Q6XQN6	ENSG00000147813	93100			0	0	0	0	0	0	0	0	0	0	0	0	0	0	0	0	0	0	0	0	0	0	unique	0	yes	0	0	0	0
HGNC:30455	CD300LG	Q6UXG3	ENSG00000161649	146894	1	1	0	0	0	0	0	0	0	0	0	0	0	0	0	0	0	0	0	0	0	0	0	0	unique	1	yes	1	1	1	1
HGNC:30456	ZG16B	Q96DA0	ENSG00000162078	124220	0	0	0	0	0	0	0	0	0	0	0	0	0	0	0	0	0	0	0	0	0	0	0	0	unique	1	yes	0	0	0	0
HGNC:30457	RCCD1	A6NED2	ENSG00000166965	91433	0	0	0	0	1	0	0	0	0	0	0	0	0	0	0	0	0	0	0	0	0	0	0	0	unique	1	no	0	0	0	0
HGNC:30465	EMB	Q6PCB8	ENSG00000170571	133418	1	1	0	0	0	0	0	0	0	0	0	0	0	0	0	0	0	0	0	0	0	0	0	0	unique	1	yes	1	1	1	1
HGNC:30477	HEPHL1	Q6MZM0	ENSG00000181333	341208	0	0	0	0	0	0	0	0	0	0	0	0	0	0	0	0	0	0	0	0	0	0	0	0	unique	1	yes	1	1	1	1
HGNC:3048	DSG1	Q02413	ENSG00000134760	1828	1	1	0	0	1	0	0	0	0	0	0	0	0	0	0	0	0	0	0	0	0	0	0	0	unique	1	yes	1	1	1	1
HGNC:30480	FAM171A2	A8MVW0	ENSG00000161682	284069	0	0	0	0	0	0	0	0	0	0	0	0	0	0	0	0	0	0	0	0	0	0	0	0	unique	1	yes	1	1	1	1
HGNC:30482	NXNL2	Q5VZ03	ENSG00000130045	158046			0	0	0	0	0	0	0	0	0	0	0	0	0	0	0	0	0	0	0	0	0	0	unique	0	no	0	0	0	0
HGNC:3049	DSG2	Q14126	ENSG00000046604	1829	1	1	0	0	1	0	0	0	0	0	0	0	0	0	0	0	0	0	0	0	0	0	0	0	unique	1	yes	1	1	1	1
HGNC:30491	STUM	Q69YW2	ENSG00000203685	375057			0	0	0	0	0	0	0	0	0	0	0	0	0	0	0	0	0	0	0	0	0	0	unique	0	no	0	0	0	0
HGNC:3050	DSG3	P32926	ENSG00000134757	1830	1	1	0	0	1	0	0	0	0	0	0	0	0	0	0	0	0	0	0	0	0	0	0	0	unique	1	yes	1	1	1	1
HGNC:30500	PRRT2	Q7Z6L0	ENSG00000167371	112476	1	1	0	0	1	0	0	0	0	0	0	0	0	0	0	0	0	0	0	0	0	0	0	0	unique	1	yes	0	0	0	0
HGNC:30502	LYZL1	Q6UWQ5	ENSG00000120563	84569			0	0	1	0	0	0	0	0	0	0	0	0	0	0	0	0	0	0	0	0	0	0	unique	0	yes	0	0	0	0
HGNC:3052	DSP	P15924	ENSG00000096696	1832	0	0	0	0	1	0	0	0	0	0	0	0	1	1	0	0	0	0	0	0	0	0	0	0	unique	1	no	0	0	0	0
HGNC:30521	SLC46A1	Q96NT5	ENSG00000076351	113235	0	1	0	0	0	0	0	0	0	0	0	0	0	0	0	0	0	0	0	0	0	0	0	0	unique	1	yes	1	0	0	0
HGNC:30525	MARVELD3	Q96A59	ENSG00000140832	91862	0	0	0	0	0	0	0	0	0	0	0	0	0	0	0	0	0	0	0	0	0	0	0	0	unique	1	no	0	0	0	0
HGNC:30529	CYSRT1	A8MQ03	ENSG00000197191	375791	0	0	0	0	0	0	0	0	0	0	0	0	0	0	0	0	0	0	0	0	0	0	0	0	unique	1	no	0	0	0	0
HGNC:30575	SIGIRR	Q6IA17	ENSG00000185187	59307	1	1	0	0	0	0	0	0	0	0	0	0	0	0	0	0	0	0	0	0	0	0	0	0	unique	1	yes	1	1	1	1
HGNC:30588	MUCL1	Q96DR8	ENSG00000172551	118430			0	0	0	0	0	0	0	0	0	0	0	0	0	0	0	0	0	0	0	0	0	0	unique	0	no	0	0	0	0
HGNC:3059	HBEGF	Q99075	ENSG00000113070	1839	0	0	0	0	0	0	0	0	0	0	0	0	0	0	0	0	0	0	0	0	0	0	0	0	unique	1	no	1	0	0	0
HGNC:30590	TMEM50A	O95807	ENSG00000183726	23585	0	0	0	0	0	0	0	0	0	0	0	0	0	0	0	0	0	0	0	0	0	0	0	0	unique	1	no	0	0	0	0
HGNC:30602	FAM72C	H0Y354	ENSG00000263513	554282	0	0	0	0	1	0	0	0	0	0	0	0	0	0	0	0	0	0	0	0	0	0	0	0	unique	1	no	0	0	0	0
HGNC:30603	SLC10A6	Q3KNW5	ENSG00000145283	345274	0	1	0	0	0	0	0	0	0	0	0	0	0	0	0	0	0	0	0	0	0	0	0	0	unique	1	yes	1	0	0	0
HGNC:3062	DUOX1	Q9NRD9	ENSG00000137857	53905	0	1	0	0	1	1	1	0	0	1	0	0	1	1	0	0	0	0	0	0	1	1	0	0	unique	1	no	1	1	1	1
HGNC:30620	PDGFD	Q9GZP0	ENSG00000170962	80310			0	0	0	0	0	0	0	0	0	0	0	0	0	0	0	0	0	0	0	0	0	0	unique	0	yes	0	0	0	0
HGNC:30622	SPIRE1	Q08AE8	ENSG00000134278	56907	0	0	0	0	0	0	0	0	0	0	0	0	0	0	0	0	0	0	0	0	0	0	0	0	unique	1	no	0	0	0	0
HGNC:30626	YTHDC1	Q96MU7	ENSG00000083896	91746	0	0	0	0	0	0	0	0	0	0	0	0	1	1	0	0	0	0	0	0	0	0	0	0	unique	1	yes	0	0	0	0
HGNC:30627	SPPL2B	Q8TCT7	ENSG00000005206	56928	0	0	0	0	0	0	0	0	0	0	0	0	0	0	0	0	0	0	0	0	0	0	0	0	unique	1	yes	1	0	0	0
HGNC:30646	SND1	Q7KZF4	ENSG00000197157	27044			0	0	1	0	0	0	0	0	0	0	0	0	0	0	0	0	0	0	0	0	0	0	unique	0	yes	0	0	0	0
HGNC:30649	CCDC80	Q76M96	ENSG00000091986	151887	0	0	0	0	1	0	0	0	0	0	0	0	0	0	0	0	0	0	0	0	0	0	0	0	unique	1	no	0	0	0	0
HGNC:30650	STRA6	Q9BX79	ENSG00000137868	64220	0	1	0	0	0	0	0	0	0	0	0	0	0	0	0	0	0	0	0	0	0	0	0	0	unique	1	yes	0	0	0	0
HGNC:30655	ABRA	Q8N0Z2	ENSG00000174429	137735			0	0	0	0	0	0	0	0	0	0	0	0	0	0	0	0	0	0	0	0	0	0	unique	0	no	0	0	0	0
HGNC:30657	SLC50A1	Q9BRV3	ENSG00000169241	55974			0	0	0	0	0	0	0	0	0	0	0	0	0	0	0	0	0	0	0	0	0	0	unique	0	yes	0	0	0	0
HGNC:30667	SUSD2	Q9UGT4	ENSG00000099994	56241	1	1	0	0	0	0	0	0	0	0	0	0	0	0	0	0	0	0	0	0	0	0	0	0	unique	1	yes	1	1	1	1
HGNC:30668	SRPX2	O60687	ENSG00000102359	27286	0	0	0	0	0	0	0	0	0	0	0	0	0	0	0	0	0	0	0	0	0	0	0	0	unique	1	yes	0	0	0	0
HGNC:30670	SV2C	Q496J9	ENSG00000122012	22987	0	0	0	0	0	0	0	0	0	0	0	0	0	0	0	0	0	0	0	0	0	0	0	0	unique	1	no	1	1	1	1
HGNC:30682	EHBP1L1	Q8N3D4	ENSG00000173442	254102	0	0	0	0	0	0	0	0	0	0	0	0	0	0	0	0	0	0	0	0	0	0	0	0	unique	1	yes	0	0	0	0
HGNC:30683	TAPBPL	Q9BX59	ENSG00000139192	55080			0	0	0	0	0	0	0	0	0	0	0	0	0	0	0	0	0	0	0	0	0	0	unique	0	yes	0	0	0	0
HGNC:30692	LRRC8B	Q6P9F7	ENSG00000197147	23507	0	1	0	0	0	0	0	0	0	0	0	0	0	0	0	0	0	0	0	0	0	0	0	0	unique	1	no	0	0	0	0
HGNC:30694	MRGPRE	Q86SM8	ENSG00000184350	116534	0	1	0	0	0	0	0	0	0	0	0	0	0	0	0	0	0	0	0	0	0	0	0	0	unique	1	yes	1	0	0	0
HGNC:30697	ITFG1	Q8TB96	ENSG00000129636	81533	0	0	0	0	0	0	0	0	0	0	0	0	0	0	0	0	0	0	0	0	0	0	0	0	unique	1	yes	1	1	1	1
HGNC:30698	TRAT1	Q6PIZ9	ENSG00000163519	50852	1	1	0	0	0	0	0	0	0	0	0	0	0	0	0	0	0	0	0	0	0	0	0	0	unique	1	yes	1	1	1	1
HGNC:30701	NALF2	O75949	ENSG00000130054	27112			0	0	0	0	0	0	0	0	0	0	0	0	0	0	0	0	0	0	0	0	0	0	unique	0	no	0	0	0	0
HGNC:30706	MS4A14	Q96JA4	ENSG00000166928	84689	0	1	0	0	0	0	0	0	0	0	0	0	0	0	0	0	0	0	0	0	0	0	0	0	unique	1	no	0	0	0	0
HGNC:30710	CABS1	Q96KC9	ENSG00000145309	85438			0	0	0	0	0	0	0	0	0	0	0	0	0	0	0	0	0	0	0	0	0	0	unique	0	no	0	0	0	0
HGNC:30715	PRSS41	Q7RTY9	ENSG00000215148	360226	0	0	0	0	0	0	0	0	0	0	0	0	0	0	0	0	0	0	0	0	0	0	0	0	unique	1	no	1	1	1	1
HGNC:30722	TEX101	Q9BY14	ENSG00000131126	83639	0	0	0	0	0	0	0	0	0	0	0	0	0	0	0	0	0	0	0	0	0	0	0	0	unique	1	yes	1	1	1	1
HGNC:30725	TSPAN16	Q9UKR8	ENSG00000130167	26526	0	1	0	0	0	0	0	0	0	0	0	0	0	0	0	0	0	0	0	0	0	0	0	0	unique	1	no	0	0	0	0
HGNC:30738	OR11H12	B2RN74	ENSG00000257115	440153	0	0	0	0	0	0	0	0	0	0	0	0	0	0	0	0	0	0	0	0	0	0	0	0	unique	1	no	1	0	0	0
HGNC:30748	TRHDE	Q9UKU6	ENSG00000072657	29953	1	1	0	0	0	0	0	0	0	0	0	0	0	0	0	0	0	0	0	0	0	0	0	0	unique	1	yes	1	1	1	1
HGNC:30760	TMEM165	Q9HC07	ENSG00000134851	55858			0	0	0	0	0	0	0	0	0	0	0	0	0	0	0	0	0	0	0	0	0	0	unique	0	yes	0	0	0	0
HGNC:30795	TSPAN11	A1L157	ENSG00000110900	441631	0	1	0	0	0	0	0	0	0	0	0	0	0	0	0	0	0	0	0	0	0	0	0	0	unique	1	no	1	1	1	1
HGNC:30797	TM9SF4	Q92544	ENSG00000101337	9777	0	0	0	0	1	0	0	0	0	0	0	0	0	0	0	0	0	0	0	0	0	0	0	0	unique	1	yes	1	0	0	0
HGNC:30798	PRRG3	Q9BZD7	ENSG00000130032	79057	1	1	0	0	0	0	0	0	0	0	0	0	0	0	0	0	0	0	0	0	0	0	0	0	unique	1	no	0	0	0	0
HGNC:30799	PRRG4	Q9BZD6	ENSG00000135378	79056	1	1	0	0	0	0	0	0	0	0	0	0	0	0	0	0	0	0	0	0	0	0	0	0	unique	1	no	0	0	0	0
HGNC:30800	TMIE	Q8NEW7	ENSG00000181585	259236	0	0	0	0	0	0	0	0	0	0	0	0	0	0	0	0	0	0	0	0	0	0	0	0	unique	1	no	0	0	0	0
HGNC:30801	AJAP1	Q9UKB5	ENSG00000196581	55966	1	1	0	0	1	0	0	0	0	0	0	0	0	0	0	0	0	0	0	0	0	0	0	0	unique	1	yes	1	0	0	0
HGNC:30807	TREML4	Q6UXN2	ENSG00000188056	285852	0	0	0	0	0	0	0	0	0	0	0	0	0	0	0	0	0	0	0	0	0	0	0	0	unique	1	no	0	0	0	0
HGNC:30811	CD300LB	A8K4G0	ENSG00000178789	124599	1	1	0	0	1	0	0	0	0	0	0	0	0	0	0	0	0	0	0	0	0	0	0	0	unique	1	yes	0	0	0	0
HGNC:30824	PRSS55	Q6UWB4	ENSG00000184647	203074			0	0	0	0	0	0	0	0	0	0	0	0	0	0	0	0	0	0	0	0	0	0	unique	0	no	0	0	0	0
HGNC:30825	CADM4	Q8NFZ8	ENSG00000105767	199731	1	1	0	0	0	0	0	0	0	0	0	0	0	0	0	0	0	0	0	0	0	0	0	0	unique	1	yes	1	1	1	1
HGNC:3084	DVL1	O14640	ENSG00000107404	1855	0	0	0	0	0	0	0	0	0	0	0	0	0	0	0	0	0	0	0	0	0	0	0	0	unique	1	yes	0	0	0	0
HGNC:30843	CD302	Q8IX05	ENSG00000241399	9936	1	1	0	0	0	0	0	0	0	0	0	0	0	0	0	0	0	0	0	0	0	0	0	0	unique	1	yes	1	1	1	1
HGNC:30844	SEZ6L2	Q6UXD5	ENSG00000174938	26470	1	1	0	0	0	0	0	0	0	0	0	0	0	0	0	0	0	0	0	0	0	0	0	0	unique	1	no	1	1	1	1
HGNC:30846	TMPRSS7	Q7RTY8	ENSG00000176040	344805	1	1	0	0	0	0	0	0	0	0	0	0	0	0	0	0	0	0	0	0	0	0	0	0	unique	1	no	0	0	0	0
HGNC:30894	UTS2B	Q765I0	ENSG00000188958	257313			0	0	0	0	0	0	0	0	0	0	0	0	0	0	0	0	0	0	0	0	0	0	unique	0	yes	0	0	0	0
HGNC:30898	AVPI1	Q5T686	ENSG00000119986	60370	0	0	0	0	1	0	0	0	0	0	0	0	0	0	0	0	0	0	0	0	0	0	0	0	unique	1	no	0	0	0	0
HGNC:30927	SLC6A20	Q9NP91	ENSG00000163817	54716	0	1	0	0	0	0	0	0	0	0	0	0	0	1	0	0	0	0	0	0	0	0	0	0	unique	1	yes	1	0	0	0
HGNC:30961	ZG16	O60844	ENSG00000174992	653808			0	0	0	0	0	0	0	0	0	0	0	0	0	0	0	0	0	0	0	0	0	0	unique	0	yes	0	0	0	0
HGNC:3097	DYSF	O75923	ENSG00000135636	8291	1	1	0	0	1	0	0	0	0	0	0	0	0	0	0	0	0	0	0	0	0	0	0	0	unique	1	no	0	0	0	0
HGNC:30991	LRIG3	Q6UXM1	ENSG00000139263	121227	1	1	0	0	0	0	0	0	0	0	0	0	0	0	0	0	0	0	0	0	0	0	0	0	unique	1	yes	1	1	1	1
HGNC:31037	SLC16A13	Q7RTY0	ENSG00000174327	201232			0	0	0	0	0	0	0	0	0	0	0	0	0	0	0	0	0	0	0	0	0	0	unique	0	yes	0	0	0	0
HGNC:31045	SLC41A2	Q96JW4	ENSG00000136052	84102	0	1	0	0	0	0	0	0	0	0	0	0	0	0	0	0	0	0	0	0	0	0	0	0	unique	1	yes	1	0	0	0
HGNC:31046	SLC41A3	Q96GZ6	ENSG00000114544	54946	0	0	0	0	0	0	0	0	0	0	0	0	0	0	0	0	0	0	0	0	0	0	0	0	unique	1	yes	1	0	0	0
HGNC:31088	ALG10B	Q5I7T1	ENSG00000175548	144245	0	0	0	0	0	0	0	0	0	0	0	0	0	0	0	0	0	0	0	0	0	0	0	0	unique	1	yes	0	0	0	0
HGNC:31092	TMEM132A	Q24JP5	ENSG00000006118	54972	1	1	0	0	1	0	0	0	0	0	0	0	0	0	0	0	0	0	0	0	0	0	0	0	unique	1	yes	1	1	1	1
HGNC:31104	MYO18A	Q92614	ENSG00000196535	399687	0	0	0	0	1	0	0	0	0	0	0	0	0	0	0	0	0	0	0	0	0	0	0	0	unique	1	yes	0	0	0	0
HGNC:31108	CTXN1	P60606	ENSG00000178531	404217	0	0	0	0	0	0	0	0	0	0	0	0	0	0	0	0	0	0	0	0	0	0	0	0	unique	1	no	0	0	0	0
HGNC:31109	CTXN2	P0C2S0	ENSG00000233932	399697			0	0	0	0	0	0	0	0	0	0	0	0	0	0	0	0	0	0	0	0	0	0	unique	0	no	0	0	0	0
HGNC:31110	CTXN3	Q4LDR2	ENSG00000205279	613212			0	0	0	0	0	0	0	0	0	0	0	0	0	0	0	0	0	0	0	0	0	0	unique	0	no	0	0	0	0
HGNC:3123	EBAG9	O00559	ENSG00000147654	9166	0	0	0	0	0	0	0	0	0	0	0	0	0	0	0	0	0	0	0	0	0	0	0	0	unique	1	yes	0	0	0	0
HGNC:31230	OR2A42	Q8NGT9	ENSG00000212807	402317			0	0	0	0	0	0	0	0	0	0	0	0	0	0	0	0	0	0	0	0	0	0	shared_uniprot_ambiguous	0	no	0	0	0	0
HGNC:31249	OR2B11	Q5JQS5	ENSG00000177535	127623	0	1	0	0	0	0	0	0	0	0	0	0	0	0	0	0	0	0	0	0	0	0	0	0	unique	1	no	1	0	0	0
HGNC:31252	OR2T27	Q8NH04	ENSG00000187701	403239	0	0	0	0	0	0	0	0	0	0	0	0	0	0	0	0	0	0	0	0	0	0	0	0	unique	1	no	1	0	0	0
HGNC:31253	OR2T29	Q8NH02	ENSG00000182783	343563	0	1	0	0	0	0	0	0	0	0	0	0	0	0	0	0	0	0	0	0	0	0	0	0	unique	1	no	1	0	0	0
HGNC:31255	OR2T33	Q8NG76	ENSG00000177212	391195	0	0	0	0	0	0	0	0	0	0	0	0	0	0	0	0	0	0	0	0	0	0	0	0	unique	1	no	1	0	0	0
HGNC:31256	OR2T34	Q8NGX1	ENSG00000183310	127068	0	1	0	0	0	0	0	0	0	0	0	0	0	0	0	0	0	0	0	0	0	0	0	0	unique	1	yes	1	0	0	0
HGNC:31257	OR2T35	Q8NGX2	ENSG00000177151	403244	0	0	0	0	0	0	0	0	0	0	0	0	0	0	0	0	0	0	0	0	0	0	0	0	unique	1	no	1	1	1	1
HGNC:31266	OR4A47	Q6IF82	ENSG00000237388	403253	0	0	0	0	0	0	0	0	0	0	0	0	0	0	0	0	0	0	0	0	0	0	0	0	unique	1	no	1	0	0	0
HGNC:31270	OR4C45	A6NMZ5	ENSG00000260811	403257	0	1	0	0	0	0	0	0	0	0	0	0	0	0	0	0	0	0	0	0	0	0	0	0	unique	1	no	1	0	0	0
HGNC:31271	OR4C46	A6NHA9	ENSG00000185926	119749	0	0	0	0	0	0	0	0	0	0	0	0	0	0	0	0	0	0	0	0	0	0	0	0	unique	1	no	1	0	0	0
HGNC:31275	OR4F29	Q6IEY1	ENSG00000284733	729759			0	0	0	0	0	0	0	0	0	0	0	0	0	0	0	0	0	0	0	0	0	0	shared_uniprot_ambiguous	0	yes	0	0	0	0
HGNC:3128	GPR183	P32249	ENSG00000169508	1880	0	1	0	0	0	0	0	0	0	0	0	0	0	0	0	0	0	0	0	1	0	0	0	0	unique	1	yes	1	1	1	1
HGNC:31286	OR5H14	A6NHG9	ENSG00000236032	403273	0	0	0	0	0	0	0	0	0	0	0	0	0	0	0	0	0	0	0	0	0	0	0	0	unique	1	no	1	0	0	0
HGNC:31287	OR5H15	A6NDH6	ENSG00000233412	403274	0	1	0	0	0	0	0	0	0	0	0	0	0	0	0	0	0	0	0	0	0	0	0	0	unique	1	yes	1	0	0	0
HGNC:31290	OR5K3	A6NET4	ENSG00000206536	403277	0	0	0	0	0	0	0	0	0	0	0	0	0	0	0	0	0	0	0	0	0	0	0	0	unique	1	no	1	0	0	0
HGNC:31291	OR5K4	A6NMS3	ENSG00000196098	403278	0	1	0	0	0	0	0	0	0	0	0	0	0	0	0	0	0	0	0	0	0	0	0	0	unique	1	no	1	0	0	0
HGNC:31293	OR6C6	A6NF89	ENSG00000188324	283365	0	0	0	0	0	0	0	0	0	0	0	0	0	0	0	0	0	0	0	0	0	0	0	0	unique	1	no	1	0	0	0
HGNC:31295	OR6C65	A6NJZ3	ENSG00000205328	403282	0	1	0	0	0	0	0	0	0	0	0	0	0	0	0	0	0	0	0	0	0	0	0	0	unique	1	no	1	0	0	0
HGNC:31297	OR6C68	A6NDL8	ENSG00000205327	403284	0	1	0	0	0	0	0	0	0	0	0	0	0	0	0	0	0	0	0	0	0	0	0	0	unique	1	yes	1	0	0	0
HGNC:31299	OR6C70	A6NIJ9	ENSG00000184954	390327	0	0	0	0	0	0	0	0	0	0	0	0	0	0	0	0	0	0	0	0	0	0	0	0	unique	1	no	1	0	0	0
HGNC:31303	OR6C74	A6NCV1	ENSG00000197706	254783	0	0	0	0	0	0	0	0	0	0	0	0	0	0	0	0	0	0	0	0	0	0	0	0	unique	1	no	1	0	0	0
HGNC:31304	OR6C75	A6NL08	ENSG00000187857	390323	0	0	0	0	0	0	0	0	0	0	0	0	0	0	0	0	0	0	0	0	0	0	0	0	unique	1	no	1	0	0	0
HGNC:31305	OR6C76	A6NM76	ENSG00000185821	390326	0	0	0	0	0	0	0	0	0	0	0	0	0	0	0	0	0	0	0	0	0	0	0	0	unique	1	no	1	1	1	1
HGNC:31353	SPACA5	Q96QH8	ENSG00000171489	389852			0	0	0	0	0	0	0	0	0	0	0	0	0	0	0	0	0	0	0	0	0	0	shared_uniprot_ambiguous	0	no	0	0	0	0
HGNC:31357	HAPLN4	Q86UW8	ENSG00000187664	404037			0	0	1	0	0	0	0	0	0	0	0	0	0	0	0	0	0	0	0	0	0	0	unique	0	yes	0	0	0	0
HGNC:31371	GPR179	Q6PRD1	ENSG00000277399	440435	0	1	0	0	1	0	0	0	0	0	0	0	0	0	0	0	0	0	0	0	0	0	0	0	unique	1	no	1	1	1	1
HGNC:31374	C1QTNF8	P60827	ENSG00000184471	390664			0	0	0	0	0	0	0	0	0	0	0	0	0	0	0	0	0	0	0	0	0	0	unique	0	yes	0	0	0	0
HGNC:31397	PRSS57	Q6UWY2	ENSG00000185198	400668			0	0	0	0	0	0	0	0	0	0	0	0	0	0	0	0	0	0	0	0	0	0	unique	0	no	0	0	0	0
HGNC:31399	SLC6A17	Q9H1V8	ENSG00000197106	388662	0	0	0	0	1	0	0	0	0	0	0	0	0	0	0	0	0	0	0	0	0	0	0	0	unique	1	yes	1	0	0	0
HGNC:31401	SLC9C1	Q4G0N8	ENSG00000172139	285335	0	0	0	0	0	0	0	0	0	0	0	0	0	0	0	0	0	0	0	0	0	0	0	0	unique	1	no	0	0	0	0
HGNC:31407	ARRDC5	A6NEK1	ENSG00000205784	645432			0	0	0	0	0	0	0	0	0	0	0	0	0	0	0	0	0	0	0	0	0	0	unique	0	no	0	0	0	0
HGNC:31409	LRRC26	Q2I0M4	ENSG00000184709	389816	0	1	0	0	0	0	0	0	0	0	0	0	0	1	0	0	0	0	0	0	0	0	0	0	unique	1	yes	0	0	0	0
HGNC:31416	C1QL4	Q86Z23	ENSG00000186897	338761			0	0	1	0	0	0	0	0	0	0	0	0	0	0	0	0	0	0	0	0	0	0	unique	0	yes	0	0	0	0
HGNC:31421	IZUMO3	Q5VZ72	ENSG00000205442	100129669	0	0	0	0	0	0	0	0	0	0	0	0	0	0	0	0	0	0	0	0	0	0	0	0	unique	1	no	1	1	1	1
HGNC:31422	CFAP95	Q5VTT2	ENSG00000204711	138255	0	0	0	0	0	0	0	0	0	0	0	0	0	0	0	0	0	0	0	0	0	0	0	0	unique	1	no	0	0	0	0
HGNC:31428	GPR15LG	Q6UWK7	ENSG00000188373	387695			0	0	0	0	0	0	0	0	0	0	0	0	0	0	0	0	0	0	0	0	0	0	unique	0	yes	0	0	0	0
HGNC:3145	TRPV5	Q9NQA5	ENSG00000127412	56302	0	1	0	0	0	0	0	0	0	0	0	0	0	0	0	0	0	0	0	0	0	0	0	0	unique	1	yes	1	1	1	1
HGNC:3146	ECE1	P42892	ENSG00000117298	1889	1	1	0	0	0	0	0	0	0	0	0	0	0	1	1	0	0	0	0	0	0	0	0	0	unique	1	yes	1	1	1	1
HGNC:3147	ECEL1	O95672	ENSG00000171551	9427			0	0	1	0	0	0	0	0	0	0	0	0	0	0	0	0	0	0	0	0	0	0	unique	0	no	0	0	0	0
HGNC:3154	ECM2	O94769	ENSG00000106823	1842			0	0	0	0	0	0	0	0	0	0	0	0	0	0	0	0	0	0	0	0	0	0	unique	0	yes	0	0	0	0
HGNC:3157	EDA	Q92838	ENSG00000158813	1896	0	0	0	0	0	0	0	0	0	0	0	0	0	0	0	0	0	0	0	0	0	0	0	0	unique	1	yes	1	1	1	1
HGNC:3165	S1PR1	P21453	ENSG00000170989	1901	0	1	0	0	1	0	0	0	0	0	0	0	1	1	0	1	0	0	0	0	1	0	1	0	unique	1	yes	1	0	0	1
HGNC:31653	TEX36	Q5VZQ5	ENSG00000175018	387718			0	0	0	0	0	0	0	0	0	0	0	0	0	0	0	0	0	0	0	0	0	0	unique	0	no	0	0	0	0
HGNC:31658	TMEM72	A0PK05	ENSG00000187783	643236			0	0	0	0	0	0	0	0	0	0	0	0	0	0	0	0	0	0	0	0	0	0	unique	0	no	0	0	0	0
HGNC:3166	LPAR1	Q92633	ENSG00000198121	1902	0	1	0	0	0	0	0	0	0	0	0	0	0	1	0	1	0	0	0	0	1	0	1	0	unique	1	yes	1	0	0	1
HGNC:31668	GOLGA7B	Q2TAP0	ENSG00000155265	401647			0	0	1	0	0	0	0	0	0	0	0	0	0	0	0	0	0	0	0	0	0	0	unique	0	no	0	0	0	0
HGNC:3167	S1PR3	Q99500	ENSG00000213694	1903	0	1	0	0	0	0	0	0	0	0	0	0	1	1	0	1	0	1	1	1	1	1	1	1	unique	1	yes	1	0	0	1
HGNC:31677	ANO7	Q6IWH7	ENSG00000146205	50636	0	0	0	0	0	0	0	0	0	0	0	0	0	0	0	0	0	0	0	0	0	0	0	0	unique	1	no	1	1	1	1
HGNC:3168	LPAR2	Q9HBW0	ENSG00000064547	9170	0	1	0	0	0	0	0	0	0	0	0	0	0	0	0	0	0	0	0	0	0	0	0	0	unique	1	yes	1	0	0	0
HGNC:3169	S1PR2	O95136	ENSG00000267534	9294	0	1	0	0	0	0	0	0	0	0	0	0	1	1	0	1	0	0	0	0	1	0	1	0	unique	1	yes	1	0	0	1
HGNC:31696	ARK2C	Q6ZSG1	ENSG00000141622	494470	0	0	0	0	1	0	0	0	0	0	0	0	0	0	0	0	0	0	0	0	0	0	0	0	unique	1	no	0	0	0	0
HGNC:3170	S1PR4	O95977	ENSG00000125910	8698	0	1	0	0	0	0	0	0	0	0	0	0	0	0	0	0	0	0	0	0	0	0	0	0	unique	1	yes	1	0	0	0
HGNC:31702	DEFB103B	P81534	ENSG00000177243	55894			0	0	0	0	0	0	0	0	0	0	0	0	0	0	0	0	0	0	0	0	0	0	unique	0	no	0	0	0	0
HGNC:31703	PLPPR5	Q32ZL2	ENSG00000117598	163404	0	1	0	0	0	0	0	0	0	0	0	0	0	0	0	0	0	0	0	0	0	0	0	0	unique	1	yes	0	0	0	0
HGNC:31704	ASTL	Q6HA08	ENSG00000188886	431705			0	0	1	0	0	1	0	1	0	0	0	0	0	0	0	1	0	1	1	0	1	0	unique	0	yes	0	0	0	1
HGNC:31708	LRP12	Q9Y561	ENSG00000147650	29967	1	1	0	0	1	0	0	0	0	0	0	0	0	0	0	0	0	0	0	0	0	0	0	0	unique	1	yes	1	1	1	1
HGNC:31709	ARL13A	Q5H913	ENSG00000174225	392509	0	0	0	0	0	0	0	0	0	0	0	0	0	0	0	0	0	0	0	0	0	0	0	0	unique	1	no	0	0	0	0
HGNC:31713	CLEC12A	Q5QGZ9	ENSG00000172322	160364	1	1	0	0	0	0	0	0	0	0	0	0	0	0	0	0	0	1	1	1	1	1	1	1	unique	1	yes	1	1	1	1
HGNC:3173	EDIL3	O43854	ENSG00000164176	10085			0	0	0	0	0	0	0	0	0	0	0	0	0	0	0	0	0	0	0	0	0	0	unique	0	yes	0	0	0	0
HGNC:31746	PLAC8L1	A1L4L8	ENSG00000173261	153770			0	0	1	0	0	0	0	0	0	0	0	0	0	0	0	0	0	0	0	0	0	0	unique	0	no	0	0	0	0
HGNC:31750	SAMD12	Q8N8I0	ENSG00000177570	401474	0	0	0	0	0	0	0	0	0	0	0	0	0	0	0	0	0	0	0	0	0	0	0	0	unique	1	no	0	0	0	0
HGNC:31789	ATP13A5	Q4VNC0	ENSG00000187527	344905	0	0	0	0	0	0	0	0	0	0	0	0	0	0	0	0	0	0	0	0	0	0	0	0	unique	1	no	1	1	0	1
HGNC:3179	EDNRA	P25101	ENSG00000151617	1909	0	1	0	0	1	0	0	0	0	0	1	0	0	0	0	0	0	0	0	1	1	0	1	0	unique	1	yes	1	0	0	1
HGNC:3180	EDNRB	P24530	ENSG00000136160	1910	0	1	0	0	0	0	0	0	0	0	1	0	1	1	0	1	0	0	0	0	1	0	1	0	unique	1	yes	1	0	0	1
HGNC:31814	LINGO4	Q6UY18	ENSG00000213171	339398	1	1	0	0	0	0	0	0	0	0	0	0	0	0	0	0	0	0	0	0	0	0	0	0	unique	1	no	1	1	1	1
HGNC:31860	FAM53A	Q6NSI3	ENSG00000174137	152877	0	0	0	0	0	0	0	0	0	0	0	0	0	0	0	0	0	0	0	0	0	0	0	0	unique	1	no	0	0	0	0
HGNC:31862	NOTCH2NLA	Q7Z3S9	ENSG00000264343	388677			0	0	0	0	0	0	0	0	0	0	0	0	0	0	0	0	0	0	0	0	0	0	unique	0	yes	0	0	0	0
HGNC:31886	TSPAN19	P0C672	ENSG00000231738	144448			0	0	0	0	0	0	0	0	0	0	0	0	0	0	0	0	0	0	0	0	0	0	unique	0	no	0	0	0	0
HGNC:3189	EEF1A1	P68104	ENSG00000156508	1915	0	0	0	0	0	0	0	0	0	0	0	0	1	1	0	0	0	0	0	0	0	0	0	0	unique	1	no	0	0	0	0
HGNC:31910	FCRL6	Q6DN72	ENSG00000181036	343413	1	1	0	0	1	0	0	0	0	0	0	0	0	0	0	0	0	0	0	0	0	0	0	0	unique	1	yes	1	1	1	1
HGNC:31918	DEFB107B	Q8IZN7	ENSG00000198129	503614			0	0	0	0	0	0	0	0	0	0	0	0	0	0	0	0	0	0	0	0	0	0	unique	0	no	0	0	0	0
HGNC:31940	OR9G9	P0C7N8	ENSG00000262191	504191	0	1	0	0	0	0	0	0	0	0	0	0	0	0	0	0	0	0	0	0	0	0	0	0	unique	1	no	1	0	0	0
HGNC:31949	CEACAM18	A8MTB9	ENSG00000213822	729767			0	0	0	0	0	0	0	0	0	0	0	0	0	0	0	0	0	0	0	0	0	0	unique	0	yes	0	0	0	0
HGNC:31951	CEACAM19	Q7Z692	ENSG00000186567	56971	1	1	0	0	0	0	0	0	0	0	0	0	0	0	0	0	0	0	0	0	0	0	0	0	unique	1	no	1	1	1	1
HGNC:31966	CLEC12B	Q2HXU8	ENSG00000256660	387837	1	1	0	0	0	0	0	0	0	0	0	0	0	0	0	0	0	0	0	0	0	0	0	0	unique	1	yes	1	1	1	1
HGNC:32	ABCA2	Q9BZC7	ENSG00000107331	20	0	0	0	0	1	0	0	0	0	0	0	0	0	0	0	0	0	0	0	0	0	0	0	0	unique	1	no	1	1	1	1
HGNC:320	AGER	Q15109	ENSG00000204305	177	1	1	0	0	1	0	0	0	0	0	0	0	0	0	0	0	0	0	0	0	0	0	0	0	unique	1	yes	1	1	1	1
HGNC:32007	SPATA31A7	Q8IWB4	ENSG00000276040	26165			0	0	0	0	0	0	0	0	0	0	0	0	0	0	0	0	0	0	0	0	0	0	unique	0	no	0	0	0	0
HGNC:32035	CNTNAP3B	Q96NU0	ENSG00000154529	728577	1	1	0	0	1	0	0	0	0	0	0	0	0	0	0	0	0	0	0	0	0	0	0	0	unique	1	no	1	1	1	1
HGNC:32037	AADACL3	Q5VUY0	ENSG00000188984	126767			0	0	1	0	0	0	0	0	0	0	0	0	0	0	0	0	0	0	0	0	0	0	unique	0	no	0	0	0	0
HGNC:32038	AADACL4	Q5VUY2	ENSG00000204518	343066			0	0	0	0	0	0	0	0	0	0	0	0	0	0	0	0	0	0	0	0	0	0	unique	0	no	0	0	0	0
HGNC:32043	CD164L2	Q6UWJ8	ENSG00000174950	388611	0	0	0	0	0	0	0	0	0	0	0	0	0	0	0	0	0	0	0	0	0	0	0	0	unique	1	no	1	0	0	0
HGNC:32063	VSIG8	P0DPA2	ENSG00000243284	391123	1	1	0	0	1	0	0	0	0	0	0	0	0	0	0	0	0	0	0	0	0	0	0	0	unique	1	yes	0	0	0	0
HGNC:32069	LDLRAD1	Q5T700	ENSG00000203985	388633			0	0	0	0	0	0	0	0	0	0	0	0	0	0	0	0	0	0	0	0	0	0	unique	0	no	0	0	0	0
HGNC:32071	LDLRAD2	Q5SZI1	ENSG00000187942	401944	0	0	0	0	0	0	0	0	0	0	0	0	0	0	0	0	0	0	0	0	0	0	0	0	unique	1	no	0	0	0	0
HGNC:32156	LRRC52	Q8N7C0	ENSG00000162763	440699	0	0	0	0	0	0	0	0	0	0	0	0	0	0	0	0	0	0	0	0	0	0	0	0	unique	1	no	1	1	1	1
HGNC:32190	PVRIG	Q6DKI7	ENSG00000213413	79037			0	0	1	0	0	0	0	0	0	0	0	0	0	0	0	0	0	0	0	0	0	0	unique	0	yes	0	0	0	0
HGNC:3221	EFNA1	P20827	ENSG00000169242	1942	0	1	0	0	0	0	0	0	0	0	0	0	0	0	0	0	0	0	0	0	0	0	0	0	unique	1	yes	1	1	1	1
HGNC:3222	EFNA2	O43921	ENSG00000099617	1943	0	1	0	0	0	0	0	0	0	0	0	0	0	0	0	0	0	0	0	0	0	0	0	0	unique	1	yes	1	1	1	1
HGNC:3223	EFNA3	P52797	ENSG00000143590	1944	0	1	0	0	0	0	0	0	0	0	0	0	0	0	0	0	0	0	0	0	0	0	0	0	unique	1	yes	1	1	1	1
HGNC:32237	SERINC4	A6NH21	ENSG00000184716	619189	0	1	0	0	0	0	0	0	0	0	0	0	0	0	0	0	0	0	0	0	0	0	0	0	unique	1	no	1	0	0	0
HGNC:3224	EFNA4	P52798	ENSG00000243364	1945	0	1	0	0	1	0	0	0	0	0	0	0	0	0	0	0	0	0	0	0	0	0	0	0	unique	1	yes	1	1	1	1
HGNC:32249	PATE2	Q6UY27	ENSG00000196844	399967			0	0	0	0	0	0	0	0	0	0	0	0	0	0	0	0	0	0	0	0	0	0	unique	0	yes	0	0	0	0
HGNC:3225	EFNA5	P52803	ENSG00000184349	1946	0	1	0	0	1	0	0	0	0	0	0	0	0	0	0	0	0	0	0	0	0	0	0	0	unique	1	yes	1	1	1	1
HGNC:3226	EFNB1	P98172	ENSG00000090776	1947	1	1	0	0	1	0	0	0	0	0	0	0	0	0	0	0	0	0	0	0	0	0	0	0	unique	1	yes	1	1	1	1
HGNC:3227	EFNB2	P52799	ENSG00000125266	1948	1	1	0	0	0	0	0	0	0	0	0	0	0	0	0	0	0	0	0	0	0	0	0	0	unique	1	yes	1	1	1	1
HGNC:3228	EFNB3	Q15768	ENSG00000108947	1949	1	1	0	0	1	0	0	0	0	0	0	0	0	0	0	0	0	0	0	0	0	0	0	0	unique	1	yes	1	1	1	1
HGNC:3229	EGF	P01133	ENSG00000138798	1950	0	0	0	0	1	0	0	0	0	0	0	0	0	0	0	0	0	0	0	0	0	0	0	0	unique	1	no	1	1	1	1
HGNC:3230	CELSR3	Q9NYQ7	ENSG00000008300	1951	0	1	0	0	1	0	0	0	0	0	0	0	0	0	0	0	0	0	0	0	0	0	0	0	unique	1	yes	1	1	1	1
HGNC:32308	C1QTNF12	Q5T7M4	ENSG00000184163	388581			0	0	1	0	0	0	0	0	0	0	0	0	0	0	0	0	0	0	0	0	0	0	unique	0	no	0	0	0	0
HGNC:3231	CELSR2	Q9HCU4	ENSG00000143126	1952	0	1	0	0	1	0	0	0	0	0	0	0	0	0	0	0	0	0	0	0	0	0	0	0	unique	1	yes	1	1	1	1
HGNC:3232	MEGF6	O75095	ENSG00000162591	1953			0	0	0	0	0	0	0	0	0	0	0	0	0	0	0	0	0	0	0	0	0	0	unique	0	no	0	0	0	0
HGNC:32324	LRRC55	Q6ZSA7	ENSG00000183908	219527	0	0	0	0	0	0	0	0	0	0	0	0	0	0	0	0	0	0	0	0	0	0	0	0	unique	1	no	0	0	0	0
HGNC:32325	CFAP126	Q5VTH2	ENSG00000188931	257177	0	0	0	0	0	0	0	0	0	0	0	0	0	0	0	0	0	0	0	0	0	0	0	0	unique	1	no	0	0	0	0
HGNC:32326	IGSF9B	Q9UPX0	ENSG00000080854	22997	1	1	0	0	1	0	0	0	0	0	0	0	0	0	0	0	0	0	0	0	0	0	0	0	unique	1	no	1	1	1	1
HGNC:3233	MEGF8	Q7Z7M0	ENSG00000105429	1954	1	1	0	0	1	0	0	0	0	0	0	0	1	1	0	0	0	1	1	1	1	1	1	1	unique	1	no	1	1	1	1
HGNC:3234	MEGF9	Q9H1U4	ENSG00000106780	1955	1	1	0	0	0	0	0	0	0	0	0	0	0	0	0	0	0	0	0	0	0	0	0	0	unique	1	no	1	1	1	1
HGNC:32349	TMEM81	Q6P7N7	ENSG00000174529	388730	0	0	0	0	0	0	0	0	0	0	0	0	0	0	0	0	0	0	0	0	0	0	0	0	unique	1	yes	0	0	0	0
HGNC:3235	EGFL6	Q8IUX8	ENSG00000198759	25975			0	0	1	0	0	0	0	0	0	0	0	0	0	0	0	0	0	0	0	0	0	0	unique	0	yes	0	0	0	0
HGNC:32350	TMEM82	A0PJX8	ENSG00000162460	388595			0	0	0	0	0	0	0	0	0	0	0	0	0	0	0	0	0	0	0	0	0	0	unique	0	no	0	0	0	0
HGNC:3236	EGFR	P00533	ENSG00000146648	1956	1	1	0	0	1	1	1	1	1	1	1	1	1	1	0	1	0	1	1	1	1	1	1	1	unique	1	yes	1	1	1	1
HGNC:32370	GPR176	Q14439	ENSG00000166073	11245	0	1	0	0	0	0	0	0	0	0	0	0	0	0	0	0	0	0	0	0	0	0	0	0	unique	1	no	1	0	0	0
HGNC:32371	TMEM88	Q6PEY1	ENSG00000167874	92162			0	0	0	0	0	0	0	0	0	0	0	0	0	0	0	0	0	0	0	0	0	0	unique	0	yes	0	0	0	0
HGNC:32372	TMEM89	A2RUT3	ENSG00000183396	440955	0	0	0	0	0	0	0	0	0	0	0	0	0	0	0	0	0	0	0	0	0	0	0	0	unique	1	no	0	0	0	0
HGNC:32388	SYNDIG1L	A6NDD5	ENSG00000183379	646658	0	0	0	0	0	0	0	0	0	0	0	0	0	0	0	0	0	0	0	0	0	0	0	0	unique	1	no	0	0	0	0
HGNC:32390	TMEM225	Q6GV28	ENSG00000204300	338661	0	0	0	0	0	0	0	0	0	0	0	0	0	0	0	0	0	0	0	0	0	0	0	0	unique	1	yes	1	0	0	0
HGNC:32393	TMEM91	Q6ZNR0	ENSG00000142046	641649	0	0	0	0	0	0	0	0	0	0	0	0	0	0	0	0	0	0	0	0	0	0	0	0	unique	1	no	0	0	0	0
HGNC:324	AGPAT1	Q99943	ENSG00000204310	10554			0	0	1	0	0	0	0	0	0	0	0	0	0	0	0	0	0	0	0	0	0	0	unique	0	no	0	0	0	0
HGNC:32404	LRRC37A2	A6NM11	ENSG00000238083	474170	0	0	0	0	0	0	0	0	0	0	0	0	0	0	0	0	0	0	0	0	0	0	0	0	unique	1	no	1	1	1	1
HGNC:32411	SCART1	Q4G0T1	ENSG00000214279	619207	0	0	0	0	1	0	0	0	0	0	0	0	0	0	0	0	0	0	0	0	0	0	0	0	unique	1	no	1	1	1	1
HGNC:3242	EHD1	Q9H4M9	ENSG00000110047	10938	0	0	0	0	1	0	0	0	0	0	0	0	0	0	0	0	0	0	0	0	0	0	0	0	unique	1	no	0	0	0	0
HGNC:32422	RPRML	Q8N4K4	ENSG00000179673	388394	0	0	0	0	0	0	0	0	0	0	0	0	0	0	0	0	0	0	0	0	0	0	0	0	unique	1	no	1	0	0	0
HGNC:32427	LRRC37A3	O60309	ENSG00000176809	374819	0	0	0	0	0	0	0	0	0	0	0	0	0	0	0	0	0	0	0	0	0	0	0	0	unique	1	no	1	1	1	1
HGNC:32429	SPEM1	Q8N4L4	ENSG00000181323	374768			0	0	0	0	0	0	0	0	0	0	0	0	0	0	0	0	0	0	0	0	0	0	unique	0	no	0	0	0	0
HGNC:3243	EHD2	Q9NZN4	ENSG00000024422	30846	0	0	0	0	0	0	0	0	0	0	0	0	0	0	0	0	0	0	0	0	0	0	0	0	unique	1	no	0	0	0	0
HGNC:32431	TMIGD1	Q6UXZ0	ENSG00000182271	388364	1	1	0	0	0	0	0	0	0	0	0	0	0	0	0	0	0	0	0	0	0	0	0	0	unique	1	yes	1	1	1	1
HGNC:32434	SLC38A8	A6NNN8	ENSG00000166558	146167	0	1	0	0	0	0	0	0	0	0	0	0	0	0	0	0	0	0	0	0	0	0	0	0	unique	1	yes	1	0	0	0
HGNC:3244	EHD3	Q9NZN3	ENSG00000013016	30845	0	0	0	0	0	0	0	0	0	0	0	0	0	0	0	0	0	0	0	0	0	0	0	0	unique	1	no	0	0	0	0
HGNC:32443	LRTM2	Q8N967	ENSG00000166159	654429	1	1	0	0	1	0	0	0	0	0	0	0	0	0	0	0	0	0	0	0	0	0	0	0	unique	1	no	1	1	1	1
HGNC:32486	RTP2	Q5QGT7	ENSG00000198471	344892	1	1	0	0	0	0	0	0	0	0	0	0	0	0	0	0	0	0	0	0	0	0	0	0	unique	1	no	0	0	0	0
HGNC:32488	ARSH	Q5FYA8	ENSG00000205667	347527			0	0	0	0	0	0	0	0	0	0	0	0	0	0	0	0	0	0	0	0	0	0	unique	0	no	0	0	0	0
HGNC:32528	PRCD	Q00LT1	ENSG00000214140	768206	0	0	0	0	0	0	0	0	0	0	0	0	0	0	0	0	0	0	0	0	0	0	0	0	unique	1	no	0	0	0	0
HGNC:32565	IZUMO1R	A6ND01	ENSG00000183560	390243	0	0	0	0	0	0	0	0	0	0	0	0	0	0	0	0	0	0	0	0	0	0	0	0	unique	1	yes	1	1	1	1
HGNC:32671	TRIM72	Q6ZMU5	ENSG00000177238	493829	0	0	0	0	1	0	0	0	0	0	0	0	0	0	0	0	0	0	0	0	0	0	0	0	unique	1	yes	0	0	0	0
HGNC:32698	DUOXA2	Q1HG44	ENSG00000140274	405753	0	0	0	0	0	0	0	0	0	0	0	0	0	0	0	0	0	0	0	0	0	0	0	0	unique	1	no	0	0	0	0
HGNC:32789	GFRAL	Q6UXV0	ENSG00000187871	389400	0	1	0	0	1	0	0	1	1	1	1	1	0	1	1	0	0	1	1	1	1	1	1	1	unique	1	yes	1	1	1	1
HGNC:328	AGR2	O95994	ENSG00000106541	10551			0	0	0	0	0	0	0	0	0	0	0	0	0	0	0	0	0	0	0	0	0	0	unique	0	yes	0	0	0	0
HGNC:3282	EIF4A1	P60842	ENSG00000161960	1973			0	0	0	0	0	0	0	0	0	0	1	1	0	0	0	0	0	0	0	0	0	0	unique	0	yes	0	0	0	0
HGNC:329	AGRN	O00468	ENSG00000188157	375790	0	0	0	0	1	0	0	0	0	0	0	0	0	0	0	0	0	0	0	0	0	0	0	0	unique	1	yes	0	0	0	0
HGNC:32926	SIGLEC14	Q08ET2	ENSG00000254415	100049587	1	1	0	0	0	0	0	0	0	0	0	0	0	0	0	0	0	0	0	0	0	0	0	0	unique	1	yes	1	1	1	1
HGNC:32929	IGFL2	Q6UWQ7	ENSG00000204866	147920	0	0	0	0	0	0	0	0	0	0	0	0	0	0	0	0	0	0	0	0	0	0	0	0	unique	1	yes	0	0	0	0
HGNC:32930	IGFL3	Q6UXB1	ENSG00000188624	388555			0	0	0	0	0	0	0	0	0	0	0	0	0	0	0	0	0	0	0	0	0	0	unique	0	yes	0	0	0	0
HGNC:32935	SLC22A25	Q6T423	ENSG00000196600	387601	0	1	0	0	1	0	0	0	0	0	0	0	0	0	0	0	0	0	0	0	0	0	0	0	unique	1	yes	1	1	1	1
HGNC:32949	SMPD4	Q9NXE4	ENSG00000136699	55627	0	0	0	0	1	0	0	0	0	0	0	0	0	0	0	0	0	0	0	0	0	0	0	0	unique	1	no	0	0	0	0
HGNC:33	ABCA3	Q99758	ENSG00000167972	21	0	0	0	0	1	0	0	0	0	0	0	0	1	1	0	0	0	0	0	0	0	0	0	0	unique	1	yes	1	1	1	1
HGNC:3308	CELA1	Q9UNI1	ENSG00000139610	1990			0	0	0	0	0	0	0	0	0	0	0	0	0	0	0	0	0	0	0	0	0	0	unique	0	yes	0	0	0	0
HGNC:3309	ELANE	P08246	ENSG00000197561	1991	0	0	0	0	1	0	0	1	0	1	0	0	1	1	0	0	0	1	0	1	1	0	1	0	unique	1	yes	0	0	0	1
HGNC:3312	ELAVL1	Q15717	ENSG00000066044	1994			0	0	0	0	0	0	0	0	0	0	1	1	0	0	0	0	0	0	0	0	0	0	unique	0	no	0	0	0	0
HGNC:33154	ELFN1	P0C7U0	ENSG00000225968	392617	1	1	0	0	0	0	0	0	0	0	0	0	0	0	0	0	0	0	0	0	0	0	0	0	unique	1	yes	1	1	1	1
HGNC:33160	SPINK8	P0C7L1	ENSG00000229453	646424			0	0	0	0	0	0	0	0	0	0	0	0	0	0	0	0	0	0	0	0	0	0	unique	0	no	0	0	0	0
HGNC:33188	AMTN	Q6UX39	ENSG00000187689	401138			0	0	0	0	0	0	0	0	0	0	0	0	0	0	0	0	0	0	0	0	0	0	unique	0	no	0	0	0	0
HGNC:33193	PRR27	Q6MZM9	ENSG00000187533	401137			0	0	1	0	0	0	0	0	0	0	0	0	0	0	0	0	0	0	0	0	0	0	unique	0	no	0	0	0	0
HGNC:33227	TMEM114	B3SHH9	ENSG00000232258	283953	0	1	0	0	0	0	0	0	0	0	0	0	0	0	0	0	0	0	0	0	0	0	0	0	unique	1	no	1	0	0	0
HGNC:33251	GJE1	A6NN92	ENSG00000203733	100126572	0	1	0	0	0	0	0	0	0	0	0	0	0	0	0	0	0	0	0	0	0	0	0	0	unique	1	no	0	0	0	0
HGNC:33277	FAM163B	P0C2L3	ENSG00000196990	642968	0	0	0	0	0	0	0	0	0	0	0	0	0	0	0	0	0	0	0	0	0	0	0	0	unique	1	no	0	0	0	0
HGNC:33284	CT47A3	Q5JQC4	ENSG00000236126	728082			0	0	0	0	0	0	0	0	0	0	0	0	0	0	0	0	0	0	0	0	0	0	shared_uniprot_ambiguous	0	no	0	0	0	0
HGNC:33285	CT47A4	Q5JQC4	ENSG00000230594	728075			0	0	0	0	0	0	0	0	0	0	0	0	0	0	0	0	0	0	0	0	0	0	shared_uniprot_ambiguous	0	no	0	0	0	0
HGNC:33287	CT47A6	Q5JQC4	ENSG00000226023	728062			0	0	0	0	0	0	0	0	0	0	0	0	0	0	0	0	0	0	0	0	0	0	shared_uniprot_ambiguous	0	no	0	0	0	0
HGNC:33288	CT47A7	Q5JQC4	ENSG00000228517	653282			0	0	0	0	0	0	0	0	0	0	0	0	0	0	0	0	0	0	0	0	0	0	shared_uniprot_ambiguous	0	no	0	0	0	0
HGNC:33290	CT47A9	Q5JQC4	ENSG00000226600	728042			0	0	0	0	0	0	0	0	0	0	0	0	0	0	0	0	0	0	0	0	0	0	shared_uniprot_ambiguous	0	no	0	0	0	0
HGNC:33292	CT47A12	Q5JQC4	ENSG00000226685	100507170			0	0	0	0	0	0	0	0	0	0	0	0	0	0	0	0	0	0	0	0	0	0	shared_uniprot_ambiguous	0	no	0	0	0	0
HGNC:3332	MARK2	Q7KZI7	ENSG00000072518	2011	0	0	0	0	0	0	0	0	0	0	0	0	1	1	0	0	0	0	0	0	0	0	0	0	unique	1	yes	0	0	0	0
HGNC:3333	EMP1	P54849	ENSG00000134531	2012	0	1	0	0	0	0	0	0	0	0	0	0	0	0	0	0	0	0	0	0	0	0	0	0	unique	1	no	1	0	0	0
HGNC:3334	EMP2	P54851	ENSG00000213853	2013	0	1	0	0	0	0	0	0	0	0	0	0	0	0	0	0	0	0	0	0	0	0	0	0	unique	1	no	1	1	1	1
HGNC:33342	SPAG11A	Q6PDA7	ENSG00000178287	653423			0	0	0	0	0	0	0	0	0	0	0	0	0	0	0	0	0	0	0	0	0	0	unique	0	no	0	0	0	0
HGNC:3335	EMP3	P54852	ENSG00000142227	2014	0	1	0	0	1	0	0	0	0	0	0	0	0	0	0	0	0	0	0	0	0	0	0	0	unique	1	no	1	0	0	0
HGNC:3336	ADGRE1	Q14246	ENSG00000174837	2015	0	1	0	0	0	0	0	0	0	0	0	0	0	0	0	0	0	0	0	0	0	0	0	0	unique	1	yes	0	0	0	0
HGNC:3337	ADGRE2	Q9UHX3	ENSG00000127507	30817	0	1	0	0	1	0	0	0	0	0	0	0	0	0	0	0	0	0	0	0	0	0	0	0	unique	1	yes	0	0	0	0
HGNC:3338	CTTN	Q14247	ENSG00000085733	2017	0	0	0	0	0	0	0	0	0	0	0	0	0	0	0	0	0	0	0	0	0	0	0	0	unique	1	no	0	0	0	0
HGNC:33391	CALHM6	Q5R3K3	ENSG00000188820	441168	0	1	0	0	1	0	0	0	0	0	0	0	0	0	0	0	0	0	0	0	0	0	0	0	unique	1	no	0	0	0	0
HGNC:33434	RNF215	Q9Y6U7	ENSG00000099999	200312	0	0	0	0	0	0	0	0	0	0	0	0	0	0	0	0	0	0	0	0	0	0	0	0	unique	1	no	0	0	0	0
HGNC:33446	DDTL	A6NHG4	ENSG00000099974	100037417			0	0	0	0	0	0	0	0	0	0	0	0	0	0	0	0	0	0	0	0	0	0	unique	0	no	0	0	0	0
HGNC:33455	SLC15A5	A6NIM6	ENSG00000188991	729025	0	0	0	0	1	0	0	0	0	0	0	0	0	0	0	0	0	0	0	0	0	0	0	0	unique	1	yes	1	0	0	0
HGNC:33463	ANXA2R	Q3ZCQ2	ENSG00000177721	389289			0	0	0	0	0	0	0	0	0	0	0	0	0	0	0	0	0	0	0	0	0	0	unique	0	yes	0	0	0	0
HGNC:33469	DEFB109B	Q30KR1	ENSG00000206034	641517			0	0	0	0	0	0	0	0	0	0	0	0	0	0	0	0	0	0	0	0	0	0	unique	0	no	0	0	0	0
HGNC:3349	ENG	P17813	ENSG00000106991	2022	1	1	0	0	1	0	0	0	0	0	0	0	0	0	0	0	0	0	0	0	0	0	0	0	unique	1	yes	1	1	1	1
HGNC:3350	ENO1	P06733	ENSG00000074800	2023	0	0	0	0	1	1	0	0	0	1	0	0	1	1	0	0	0	1	0	1	1	0	1	0	unique	1	yes	0	0	0	1
HGNC:33504	SCIMP	Q6UWF3	ENSG00000161929	388325	0	0	0	0	0	0	0	0	0	0	0	0	0	0	0	0	0	0	0	0	0	0	0	0	unique	1	yes	0	0	0	0
HGNC:33522	TLCD2	A6NGC4	ENSG00000185561	727910			0	0	0	0	0	0	0	0	0	0	0	0	0	0	0	0	0	0	0	0	0	0	unique	0	no	0	0	0	0
HGNC:33527	INS-IGF2	F8WCM5	ENSG00000129965	723961			0	0	1	0	0	0	0	0	0	0	0	0	0	0	0	0	0	0	0	0	0	0	unique	0	no	0	0	0	0
HGNC:33529	PALM2AKAP2	Q9Y2D5	ENSG00000157654	445815	0	0	0	0	1	0	0	0	0	0	0	0	0	0	0	0	0	0	0	0	0	0	0	0	unique	1	yes	0	0	0	0
HGNC:33547	FNDC9	Q8TBE3	ENSG00000172568	408263	0	0	0	0	0	0	0	0	0	0	0	0	0	0	0	0	0	0	0	0	0	0	0	0	unique	1	no	1	1	1	1
HGNC:3355	ENPEP	Q07075	ENSG00000138792	2028	1	1	0	0	0	0	0	0	0	0	0	0	1	1	1	0	0	0	0	0	0	0	0	0	unique	1	yes	1	1	1	1
HGNC:3356	ENPP1	P22413	ENSG00000197594	5167	1	1	0	0	0	0	0	0	0	0	0	0	1	1	1	0	0	1	1	1	1	1	1	1	unique	1	yes	1	1	1	1
HGNC:3357	ENPP2	Q13822	ENSG00000136960	5168			0	0	1	0	0	0	0	0	0	0	1	1	0	1	0	0	0	0	1	0	1	0	unique	0	yes	0	0	0	1
HGNC:3358	ENPP3	O14638	ENSG00000154269	5169	1	1	0	0	0	0	0	0	0	0	0	0	1	1	1	0	0	0	0	0	0	0	0	0	unique	1	no	0	0	0	0
HGNC:3359	ENPP4	Q9Y6X5	ENSG00000001561	22875	1	1	0	0	0	0	0	0	0	0	0	0	1	1	1	0	0	0	0	0	0	0	0	0	unique	1	yes	1	1	1	1
HGNC:33595	VSTM2B	A6NLU5	ENSG00000187135	342865	0	0	0	0	1	0	0	0	0	0	0	0	0	0	0	0	0	0	0	0	0	0	0	0	unique	1	no	0	0	0	0
HGNC:33596	DEFA1B	P59665	ENSG00000240247	728358			0	0	0	0	0	0	0	0	0	0	0	0	0	0	0	0	0	0	0	0	0	0	shared_uniprot_ambiguous	0	no	0	0	0	0
HGNC:336	AGTR1	P30556	ENSG00000144891	185	0	1	0	0	1	1	0	1	0	1	1	0	1	1	0	1	0	1	0	1	1	0	1	0	unique	1	yes	1	0	0	1
HGNC:33601	TMEM191C	A6NGB0	ENSG00000206140	645426			0	0	0	0	0	0	0	0	0	0	0	0	0	0	0	0	0	0	0	0	0	0	unique	0	no	0	0	0	0
HGNC:3363	ENTPD1	P49961	ENSG00000138185	953	0	1	0	0	0	0	0	0	0	0	0	0	0	0	0	0	0	0	0	0	0	0	0	0	unique	1	yes	1	1	1	1
HGNC:33631	PEAR1	Q5VY43	ENSG00000187800	375033	1	1	0	0	0	0	0	0	0	0	0	0	0	0	0	0	0	0	0	0	0	0	0	0	unique	1	yes	1	1	1	1
HGNC:3364	ENTPD2	Q9Y5L3	ENSG00000054179	954	0	1	0	0	1	0	0	0	0	0	0	0	0	0	0	0	0	0	0	0	0	0	0	0	unique	1	yes	0	0	0	0
HGNC:3365	ENTPD3	O75355	ENSG00000168032	956	0	1	0	0	1	0	0	0	0	0	0	0	0	0	0	0	0	0	0	0	0	0	0	0	unique	1	yes	1	1	1	1
HGNC:3367	ENTPD5	O75356	ENSG00000187097	957			0	0	1	0	0	0	0	0	0	0	0	0	0	0	0	0	0	0	0	0	0	0	unique	0	no	0	0	0	0
HGNC:3368	ENTPD6	O75354	ENSG00000197586	955			0	0	0	0	0	0	0	0	0	0	0	0	0	0	0	0	0	0	0	0	0	0	unique	0	yes	0	0	0	0
HGNC:33704	TMEM198	Q66K66	ENSG00000188760	130612			0	0	1	0	0	0	0	0	0	0	0	0	0	0	0	0	0	0	0	0	0	0	unique	0	yes	0	0	0	0
HGNC:33705	TMEM207	Q6UWW9	ENSG00000198398	131920			0	0	0	0	0	0	0	0	0	0	0	0	0	0	0	0	0	0	0	0	0	0	unique	0	no	0	0	0	0
HGNC:33711	MBLAC2	Q68D91	ENSG00000176055	153364			0	0	1	0	0	0	0	0	0	0	0	0	0	0	0	0	0	0	0	0	0	0	unique	0	no	0	0	0	0
HGNC:33716	FAM151B	Q6UXP7	ENSG00000152380	167555			0	0	0	0	0	0	0	0	0	0	0	0	0	0	0	0	0	0	0	0	0	0	unique	0	yes	0	0	0	0
HGNC:33724	LRRN4CL	Q8ND94	ENSG00000177363	221091	0	0	0	0	0	0	0	0	0	0	0	0	0	0	0	0	0	0	0	0	0	0	0	0	unique	1	no	1	1	1	1
HGNC:33725	LHFPL7	Q6ICI0	ENSG00000206069	255349	0	0	0	0	0	0	0	0	0	0	0	0	0	0	0	0	0	0	0	0	0	0	0	0	unique	1	no	0	0	0	0
HGNC:33733	TMEM202	A6NGA9	ENSG00000187806	338949			0	0	1	0	0	0	0	0	0	0	0	0	0	0	0	0	0	0	0	0	0	0	unique	0	no	0	0	0	0
HGNC:33734	POTEB	A0A0A6YYL3	ENSG00000233917	100996331			0	0	1	0	0	0	0	0	0	0	0	0	0	0	0	0	0	0	0	0	0	0	unique	0	no	0	0	0	0
HGNC:33737	NHSL2	Q5HYW2	ENSG00000204131	340527	0	0	0	0	0	0	0	0	0	0	0	0	0	0	0	0	0	0	0	0	0	0	0	0	unique	1	no	0	0	0	0
HGNC:33742	CAVIN4	Q5BKX8	ENSG00000170681	347273	0	0	0	0	0	0	0	0	0	0	0	0	0	0	0	0	0	0	0	0	0	0	0	0	unique	1	no	0	0	0	0
HGNC:33743	CXorf66	Q5JRM2	ENSG00000203933	347487	0	0	0	0	0	0	0	0	0	0	0	0	0	0	0	0	0	0	0	0	0	0	0	0	unique	1	no	0	0	0	0
HGNC:33744	TMEM179B	Q7Z7N9	ENSG00000185475	374395	0	0	0	0	0	0	0	0	0	0	0	0	0	0	0	0	0	0	0	0	0	0	0	0	unique	1	no	1	0	0	0
HGNC:33747	FIBIN	Q8TAL6	ENSG00000176971	387758			0	0	0	0	0	0	0	0	0	0	0	0	0	0	0	0	0	0	0	0	0	0	unique	0	no	0	0	0	0
HGNC:33757	TMEM220	Q6QAJ8	ENSG00000187824	388335			0	0	0	0	0	0	0	0	0	0	0	0	0	0	0	0	0	0	0	0	0	0	unique	0	no	0	0	0	0
HGNC:33758	BTBD17	A6NE02	ENSG00000204347	388419			0	0	0	0	0	0	0	0	0	0	0	0	0	0	0	0	0	0	0	0	0	0	unique	0	no	0	0	0	0
HGNC:33763	SNORC	Q6UX34	ENSG00000182600	389084	0	0	0	0	0	0	0	0	0	0	0	0	0	0	0	0	0	0	0	0	0	0	0	0	unique	1	yes	0	0	0	0
HGNC:33768	C5orf46	Q6UWT4	ENSG00000178776	389336			0	0	0	0	0	0	0	0	0	0	0	0	0	0	0	0	0	0	0	0	0	0	unique	0	no	0	0	0	0
HGNC:3377	EPB41	P11171	ENSG00000159023	2035	0	0	0	0	0	0	0	0	0	0	0	0	0	0	0	0	0	0	0	0	0	0	0	0	unique	1	yes	0	0	0	0
HGNC:33773	FAM180A	Q6UWF9	ENSG00000189320	389558			0	0	0	0	0	0	0	0	0	0	0	0	0	0	0	0	0	0	0	0	0	0	unique	0	no	0	0	0	0
HGNC:33775	ALKAL1	Q6UXT8	ENSG00000196711	389658			0	0	0	0	0	0	0	0	0	0	0	0	0	0	0	0	0	0	0	0	0	0	unique	0	no	0	0	0	0
HGNC:33778	MYMK	A6NI61	ENSG00000187616	389827	0	0	0	0	0	0	0	0	0	0	0	0	0	0	0	0	0	0	0	0	0	0	0	0	unique	1	no	0	0	0	0
HGNC:33784	AGMO	Q6ZNB7	ENSG00000187546	392636			0	0	0	0	0	0	0	0	0	0	0	0	0	0	0	0	0	0	0	0	0	0	unique	0	yes	0	0	0	0
HGNC:33785	TMEM200B	Q69YZ2	ENSG00000253304	399474	0	0	0	0	0	0	0	0	0	0	0	0	0	0	0	0	0	0	0	0	0	0	0	0	unique	1	no	0	0	0	0
HGNC:33788	C11orf87	Q6NUJ2	ENSG00000185742	399947	0	0	0	0	0	0	0	0	0	0	0	0	0	0	0	0	0	0	0	0	0	0	0	0	unique	1	no	1	0	0	0
HGNC:33795	C14orf180	Q8N912	ENSG00000184601	400258			0	0	0	0	0	0	0	0	0	0	0	0	0	0	0	0	0	0	0	0	0	0	unique	0	no	0	0	0	0
HGNC:338	AGTR2	P50052	ENSG00000180772	186	0	1	0	0	1	0	0	1	1	1	1	0	1	1	1	1	0	1	1	1	1	1	1	1	unique	1	yes	1	0	0	1
HGNC:3380	EPB41L3	Q9Y2J2	ENSG00000082397	23136	0	0	0	0	1	0	0	0	0	0	0	0	1	1	0	0	0	0	0	0	0	0	0	0	unique	1	yes	0	0	0	0
HGNC:33806	DEFB132	Q7Z7B7	ENSG00000186458	400830			0	0	0	0	0	0	0	0	0	0	0	0	0	0	0	0	0	0	0	0	0	0	unique	0	no	0	0	0	0
HGNC:33808	IL17REL	Q6ZVW7	ENSG00000188263	400935			0	0	0	0	0	0	0	0	0	0	0	0	0	0	0	0	0	0	0	0	0	0	unique	0	yes	0	0	0	0
HGNC:33816	TMEM215	Q68D42	ENSG00000188133	401498			0	0	0	0	0	0	0	0	0	0	0	0	0	0	0	0	0	0	0	0	0	0	unique	0	no	0	0	0	0
HGNC:33823	ERVFRD-1	P60508	ENSG00000244476	405754	0	0	0	0	0	0	0	0	0	0	0	0	0	0	0	0	0	0	0	0	0	0	0	0	unique	1	yes	1	1	1	1
HGNC:33825	SPINK14	Q6IE38	ENSG00000196800	408187			0	0	0	0	0	0	0	0	0	0	0	0	0	0	0	0	0	0	0	0	0	0	unique	0	no	0	0	0	0
HGNC:3383	STOM	P27105	ENSG00000148175	2040	0	1	0	0	0	0	0	0	0	0	0	0	1	1	0	0	0	0	0	0	0	0	0	0	unique	1	yes	0	0	0	0
HGNC:33847	IGIP	A6NJ69	ENSG00000182700	492311			0	0	0	0	0	0	0	0	0	0	0	0	0	0	0	0	0	0	0	0	0	0	unique	0	no	0	0	0	0
HGNC:33849	CLEC18B	Q6UXF7	ENSG00000140839	497190			0	0	0	0	0	0	0	0	0	0	0	0	0	0	0	0	0	0	0	0	0	0	unique	0	yes	0	0	0	0
HGNC:3385	EPHA1	P21709	ENSG00000146904	2041	1	1	0	0	1	0	0	0	0	0	0	0	0	0	0	0	0	0	0	0	0	0	0	0	unique	1	yes	1	1	1	1
HGNC:3386	EPHA2	P29317	ENSG00000142627	1969	1	1	0	0	1	0	0	1	1	1	0	0	1	1	1	1	0	1	1	1	1	1	1	1	unique	1	yes	1	1	1	1
HGNC:33865	TMPPE	Q6ZT21	ENSG00000188167	643853			0	0	0	0	0	0	0	0	0	0	0	0	0	0	0	0	0	0	0	0	0	0	unique	0	no	0	0	0	0
HGNC:3387	EPHA3	P29320	ENSG00000044524	2042	1	1	0	0	1	0	0	0	0	0	0	0	1	1	0	1	0	0	0	0	1	0	1	0	unique	1	yes	1	1	1	1
HGNC:33872	HRCT1	Q6UXD1	ENSG00000196196	646962			0	0	0	0	0	0	0	0	0	0	0	0	0	0	0	0	0	0	0	0	0	0	unique	0	no	0	0	0	0
HGNC:33874	LGALS9C	Q6DKI2	ENSG00000171916	654346			0	0	0	0	0	0	0	0	0	0	0	0	0	0	0	0	0	0	0	0	0	0	unique	0	yes	0	0	0	0
HGNC:33877	NALF1	B1AL88	ENSG00000204442	728215			0	0	0	0	0	0	0	0	0	0	0	1	0	0	0	0	0	0	0	0	0	0	unique	0	no	0	0	0	0
HGNC:3388	EPHA4	P54764	ENSG00000116106	2043	1	1	0	0	1	0	0	0	0	0	0	0	1	1	1	0	0	0	0	0	0	0	0	0	unique	1	yes	1	1	1	1
HGNC:3389	EPHA5	P54756	ENSG00000145242	2044	1	1	0	0	0	0	0	0	0	0	0	0	0	0	0	0	0	0	0	0	0	0	0	0	unique	1	yes	1	1	1	1
HGNC:33893	POTEA	Q6S8J7	ENSG00000188877	340441			0	0	0	0	0	0	0	0	0	0	0	0	0	0	0	0	0	0	0	0	0	0	unique	0	no	0	0	0	0
HGNC:33895	POTEE	Q6S8J3	ENSG00000188219	445582			0	0	1	0	0	0	0	0	0	0	0	0	0	0	0	0	0	0	0	0	0	0	unique	0	no	0	0	0	0
HGNC:339	APLNR	P35414	ENSG00000134817	187	0	1	0	0	1	0	0	1	0	1	1	0	1	1	0	0	0	1	0	1	1	0	1	0	unique	1	yes	1	0	0	1
HGNC:3390	EPHA7	Q15375	ENSG00000135333	2045	1	1	0	0	1	0	0	0	0	0	0	0	1	1	0	0	0	0	0	0	0	0	0	0	unique	1	yes	1	1	1	1
HGNC:33905	POTEF	A5A3E0	ENSG00000196604	728378			0	0	1	0	0	0	0	0	0	0	0	0	0	0	0	0	0	0	0	0	0	0	unique	0	no	0	0	0	0
HGNC:33906	BSPH1	Q075Z2	ENSG00000188334	100131137	0	0	0	0	0	0	0	0	0	0	0	0	0	0	0	0	0	0	0	0	0	0	0	0	unique	1	yes	0	0	0	0
HGNC:3391	EPHA8	P29322	ENSG00000070886	2046	1	1	0	0	0	0	0	0	0	0	0	0	0	0	0	0	0	0	0	0	0	0	0	0	unique	1	yes	1	1	1	1
HGNC:33911	RNASEK	Q6P5S7	ENSG00000219200	440400			0	0	0	0	0	0	0	0	0	0	0	0	0	0	0	0	0	0	0	0	0	0	unique	0	no	0	0	0	0
HGNC:3392	EPHB1	P54762	ENSG00000154928	2047	1	1	0	0	1	0	0	0	0	0	0	0	1	1	0	0	0	0	0	0	0	0	0	0	unique	1	yes	1	1	1	1
HGNC:3393	EPHB2	P29323	ENSG00000133216	2048	1	1	0	0	1	0	0	0	0	0	0	0	0	0	0	0	0	0	0	0	0	0	0	0	unique	1	yes	1	1	1	1
HGNC:33939	CLRN2	A0PK11	ENSG00000249581	645104	0	1	0	0	0	0	0	0	0	0	0	0	0	0	0	0	0	0	0	0	0	0	0	0	unique	1	no	1	0	0	0
HGNC:3394	EPHB3	P54753	ENSG00000182580	2049	1	1	0	0	1	0	0	0	0	0	0	0	1	1	0	0	0	0	0	0	0	0	0	0	unique	1	yes	1	1	1	1
HGNC:33940	NPS	P0C0P6	ENSG00000214285	594857			0	0	0	0	0	0	0	0	0	0	0	0	0	0	0	0	0	0	0	0	0	0	unique	0	yes	0	0	0	0
HGNC:3395	EPHB4	P54760	ENSG00000196411	2050	1	1	0	0	0	0	0	0	0	0	0	0	1	1	0	1	0	0	0	0	1	0	1	0	unique	1	yes	1	1	1	1
HGNC:3396	EPHB6	O15197	ENSG00000106123	2051	1	1	0	0	1	0	0	0	0	0	0	0	0	0	0	0	0	0	0	0	0	0	0	0	unique	1	yes	1	1	1	1
HGNC:33983	CFC1B	P0CG36	ENSG00000152093	653275	0	1	0	0	0	0	0	0	0	0	0	0	0	0	0	0	0	0	0	0	0	0	0	0	unique	1	yes	0	0	0	0
HGNC:34	ABCA4	P78363	ENSG00000198691	24	0	0	0	0	0	0	0	0	0	0	0	0	1	1	1	0	0	0	0	0	0	0	0	0	unique	1	yes	1	1	1	1
HGNC:3401	EPHX1	P07099	ENSG00000143819	2052			0	0	0	0	0	0	0	0	0	0	0	0	0	0	0	0	0	0	0	0	0	0	unique	0	no	0	0	0	0
HGNC:34059	TMEM210	A6NLX4	ENSG00000185863	100505993	0	0	0	0	0	0	0	0	0	0	0	0	0	0	0	0	0	0	0	0	0	0	0	0	unique	1	no	0	0	0	0
HGNC:34072	C1QTNF9B	B2RNN3	ENSG00000205863	387911			0	0	1	0	0	0	0	0	0	0	0	0	0	0	0	0	0	0	0	0	0	0	unique	0	no	0	0	0	0
HGNC:34073	C19orf38	A8MVS5	ENSG00000214212	255809	0	0	0	0	0	0	0	0	0	0	0	0	0	0	0	0	0	0	0	0	0	0	0	0	unique	1	no	1	1	1	1
HGNC:3416	EPOR	P19235	ENSG00000187266	2057	1	1	0	0	1	0	0	1	1	1	1	1	1	1	1	0	0	1	1	1	1	1	1	1	unique	1	yes	1	1	1	1
HGNC:3420	EPS8	Q12929	ENSG00000151491	2059	0	0	0	0	1	0	0	0	0	0	0	0	0	0	0	0	0	0	0	0	0	0	0	0	unique	1	yes	0	0	0	0
HGNC:34236	SHISAL2B	A6NKW6	ENSG00000145642	100132916			0	0	0	0	0	0	0	0	0	0	0	0	0	0	0	0	0	0	0	0	0	0	unique	0	no	0	0	0	0
HGNC:34244	TMEM170B	Q5T4T1	ENSG00000205269	100113407	1	1	0	0	0	0	0	0	0	0	0	0	0	0	0	0	0	0	0	0	0	0	0	0	unique	1	no	0	0	0	0
HGNC:34295	TMEM212	A6NML5	ENSG00000186329	389177			0	0	0	0	0	0	0	0	0	0	0	0	0	0	0	0	0	0	0	0	0	0	unique	0	no	0	0	0	0
HGNC:3430	ERBB2	P04626	ENSG00000141736	2064	1	1	0	0	1	1	1	1	1	1	0	0	1	1	0	0	0	1	1	1	1	1	1	1	unique	1	no	1	1	1	1
HGNC:34303	LRRC69	Q6ZNQ3	ENSG00000214954	100130742	0	0	0	0	0	0	0	0	0	0	0	0	0	0	0	0	0	0	0	0	0	0	0	0	unique	1	no	0	0	0	0
HGNC:3431	ERBB3	P21860	ENSG00000065361	2065	1	1	0	0	1	1	1	1	1	1	1	1	1	1	0	0	0	1	1	1	1	1	1	1	unique	1	yes	1	1	1	1
HGNC:3432	ERBB4	Q15303	ENSG00000178568	2066	1	1	0	0	1	0	0	1	1	1	1	1	1	1	0	0	0	1	1	1	1	1	1	1	unique	1	yes	1	1	1	1
HGNC:34339	FAM174B	Q3ZCQ3	ENSG00000185442	400451	0	0	0	0	0	0	0	0	0	0	0	0	0	0	0	0	0	0	0	0	0	0	0	0	unique	1	no	1	0	0	0
HGNC:34345	ARMH1	Q6PIY5	ENSG00000198520	339541	0	0	0	0	0	0	0	0	0	0	0	0	0	0	0	0	0	0	0	0	0	0	0	0	unique	1	no	0	0	0	0
HGNC:34383	PCARE	A6NGG8	ENSG00000179270	388939			0	0	1	0	0	0	0	0	0	0	0	0	0	0	0	0	0	0	0	0	0	0	unique	0	no	0	0	0	0
HGNC:344	AHCYL1	O43865	ENSG00000168710	10768	0	0	0	0	0	0	0	0	0	0	0	0	1	1	0	0	0	0	0	0	0	0	0	0	unique	1	yes	0	0	0	0
HGNC:34401	SMCO3	A2RU48	ENSG00000179256	440087	0	0	0	0	0	0	0	0	0	0	0	0	0	0	0	0	0	0	0	0	0	0	0	0	unique	1	no	0	0	0	0
HGNC:34407	PRSS53	Q2L4Q9	ENSG00000151006	339105			0	0	0	0	0	0	0	0	0	0	0	0	0	0	0	0	0	0	0	0	0	0	unique	0	no	0	0	0	0
HGNC:34415	TMEM150B	A6NC51	ENSG00000180061	284417	0	0	0	0	0	0	0	0	0	0	0	0	0	0	0	0	0	0	0	0	0	0	0	0	unique	1	no	1	1	1	1
HGNC:3443	EREG	O14944	ENSG00000124882	2069	0	0	0	0	1	0	0	1	1	1	0	0	0	0	0	0	0	1	1	1	1	1	1	1	unique	1	yes	1	1	1	1
HGNC:34439	C2orf74	A8MZ97	ENSG00000237651	339804			0	0	0	0	0	0	0	0	0	0	0	0	0	0	0	0	0	0	0	0	0	0	unique	0	no	0	0	0	0
HGNC:34440	SMIM23	A6NLE4	ENSG00000185662	644994	0	0	0	0	0	0	0	0	0	0	0	0	0	0	0	0	0	0	0	0	0	0	0	0	unique	1	no	0	0	0	0
HGNC:34443	VSTM5	A8MXK1	ENSG00000214376	387804	1	1	0	0	0	0	0	0	0	0	0	0	0	0	0	0	0	0	0	0	0	0	0	0	unique	1	no	1	1	1	1
HGNC:34447	LGALS7B	P47929	ENSG00000178934	653499			0	0	0	0	0	0	0	0	0	0	0	0	0	0	0	0	0	0	0	0	0	0	shared_uniprot_ambiguous	0	yes	0	0	0	0
HGNC:34448	SMCO2	A6NFE2	ENSG00000165935	341346			0	0	0	0	0	0	0	0	0	0	0	0	0	0	0	0	0	0	0	0	0	0	unique	0	no	0	0	0	0
HGNC:34451	FAM180B	Q6P0A1	ENSG00000196666	399888			0	0	0	0	0	0	0	0	0	0	0	0	0	0	0	0	0	0	0	0	0	0	unique	0	no	0	0	0	0
HGNC:34454	CCDC154	A6NI56	ENSG00000197599	645811	0	0	0	0	0	0	0	0	0	0	0	0	0	0	0	0	0	0	0	0	0	0	0	0	unique	1	no	0	0	0	0
HGNC:34490	C17orf99	Q6UX52	ENSG00000187997	100141515	0	0	0	0	0	0	0	0	0	0	0	0	0	0	0	0	0	0	0	0	0	0	0	0	unique	1	no	0	0	0	0
HGNC:34491	SHISA6	Q6ZSJ9	ENSG00000188803	388336	1	1	0	0	1	0	0	0	0	0	0	0	0	0	0	0	0	0	0	0	0	0	0	0	unique	1	yes	1	1	1	1
HGNC:34498	PRR32	B1ATL7	ENSG00000183631	100130613	0	0	0	0	1	0	0	0	0	0	0	0	0	0	0	0	0	0	0	0	0	0	0	0	unique	1	no	0	0	0	0
HGNC:34499	SMIM10L2A	P0DMW4	ENSG00000178947	399668			0	0	0	0	0	0	0	0	0	0	0	0	0	0	0	0	0	0	0	0	0	0	unique	0	no	0	0	0	0
HGNC:34500	SMIM10L2B	P0DMW5	ENSG00000196972	644596			0	0	0	0	0	0	0	0	0	0	0	0	0	0	0	0	0	0	0	0	0	0	unique	0	no	0	0	0	0
HGNC:34518	VOPP1	Q96AW1	ENSG00000154978	81552	0	0	0	0	0	0	0	0	0	0	0	0	0	0	0	0	0	0	0	0	0	0	0	0	unique	1	no	0	0	0	0
HGNC:34520	CLEC17A	Q6ZS10	ENSG00000187912	388512	1	1	0	0	0	0	0	0	0	0	0	0	0	0	0	0	0	0	0	0	0	0	0	0	unique	1	yes	1	1	1	1
HGNC:34521	CLEC20A	Q6ZU45	ENSG00000188585	400797			0	0	1	0	0	0	0	0	0	0	0	0	0	0	0	0	0	0	0	0	0	0	unique	0	no	0	0	0	0
HGNC:34522	CLEC19A	Q6UXS0	ENSG00000261210	728276			0	0	0	0	0	0	0	0	0	0	0	0	0	0	0	0	0	0	0	0	0	0	unique	0	no	0	0	0	0
HGNC:34527	CDHR4	A6H8M9	ENSG00000187492	389118	1	1	0	0	0	0	0	0	0	0	0	0	0	0	0	0	0	0	0	0	0	0	0	0	unique	1	no	1	1	1	1
HGNC:3454	ERV3-1	Q14264	ENSG00000213462	2086			0	0	1	0	0	0	0	0	0	0	0	0	0	0	0	0	0	0	0	0	0	0	unique	0	no	0	0	0	0
HGNC:34548	MYADML2	A6NDP7	ENSG00000185105	255275	0	0	0	0	0	0	0	0	0	0	0	0	0	0	0	0	0	0	0	0	0	0	0	0	unique	1	no	1	1	1	1
HGNC:34550	IGLON5	A6NGN9	ENSG00000142549	402665	0	1	0	0	0	0	0	0	0	0	0	0	0	0	0	0	0	1	0	1	1	0	1	0	unique	1	yes	0	0	0	1
HGNC:347	AHNAK	Q09666	ENSG00000124942	79026	0	0	0	0	0	0	0	0	0	0	0	0	0	0	0	0	0	0	0	0	0	0	0	0	unique	1	yes	0	0	0	0
HGNC:3496	MPZL2	O60487	ENSG00000149573	10205	1	1	0	0	0	0	0	0	0	0	0	0	0	0	0	0	0	0	0	0	0	0	0	0	unique	1	yes	1	1	1	1
HGNC:3497	EVC	P57679	ENSG00000072840	2121	0	0	0	0	1	0	0	0	0	0	0	0	0	0	0	0	0	0	0	0	0	0	0	0	unique	1	yes	0	0	0	0
HGNC:3499	EVI2A	P22794	ENSG00000126860	2123	0	0	0	0	0	0	0	0	0	0	0	0	0	0	0	0	0	0	0	0	0	0	0	0	unique	1	no	1	0	0	0
HGNC:35	ABCA5	Q8WWZ7	ENSG00000154265	23461	0	1	0	0	0	0	0	0	0	0	0	0	0	0	0	0	0	0	0	0	0	0	0	0	unique	1	yes	1	1	1	1
HGNC:3500	EVI2B	P34910	ENSG00000185862	2124	1	1	0	0	0	0	0	0	0	0	0	0	0	0	0	0	0	0	0	0	0	0	0	0	unique	1	no	1	0	0	0
HGNC:35153	FAM187A	A6NFU0	ENSG00000214447	100528020	0	0	0	0	0	0	0	0	0	0	0	0	0	0	0	0	0	0	0	0	0	0	0	0	unique	1	no	0	0	0	0
HGNC:35155	LRRC70	Q7Z2Q7	ENSG00000186105	100130733			0	0	0	0	0	0	0	0	0	0	0	0	0	0	0	0	0	0	0	0	0	0	unique	0	yes	0	0	0	0
HGNC:35167	ANKRD30BL	A7E2S9	ENSG00000163046	554226	0	0	0	0	1	0	0	0	0	0	0	0	0	0	0	0	0	0	0	0	0	0	0	0	unique	1	no	0	0	0	0
HGNC:35202	RASA4B	C9J798	ENSG00000170667	100271927	0	0	0	0	0	0	0	0	0	0	0	0	0	0	0	0	0	0	0	0	0	0	0	0	unique	1	yes	0	0	0	0
HGNC:3535	F2	P00734	ENSG00000180210	2147	0	0	0	0	1	0	0	1	0	1	0	0	1	1	0	1	0	1	0	1	1	0	1	0	unique	1	yes	0	0	0	1
HGNC:3537	F2R	P25116	ENSG00000181104	2149	0	1	0	0	1	0	0	0	0	0	0	0	1	1	0	1	0	0	0	0	1	0	1	0	unique	1	yes	1	0	0	1
HGNC:3538	F2RL1	P55085	ENSG00000164251	2150	0	1	0	0	1	0	0	1	0	1	0	0	1	1	0	1	0	1	0	1	1	0	1	0	unique	1	yes	1	0	0	1
HGNC:3539	F2RL2	O00254	ENSG00000164220	2151	0	1	0	0	1	0	0	0	0	0	0	0	0	0	0	0	0	0	0	0	0	0	0	0	unique	1	yes	1	0	0	0
HGNC:3540	F2RL3	Q96RI0	ENSG00000127533	9002	0	1	0	0	1	0	0	1	0	1	0	0	0	0	0	0	0	1	0	1	1	0	1	0	unique	1	yes	1	0	0	1
HGNC:35409	SHISA7	A6NL88	ENSG00000187902	729956	0	0	0	0	0	0	0	0	0	0	0	0	0	0	0	0	0	0	0	0	0	0	0	0	unique	1	yes	1	1	1	1
HGNC:3541	F3	P13726	ENSG00000117525	2152	1	1	0	0	1	1	1	1	1	1	0	0	0	0	0	0	0	1	1	1	1	1	1	1	unique	1	yes	1	1	1	1
HGNC:35426	PATE3	B3GLJ2	ENSG00000236027	100169851			0	0	0	0	0	0	0	0	0	0	0	0	0	0	0	0	0	0	0	0	0	0	unique	0	yes	0	0	0	0
HGNC:35427	PATE4	P0C8F1	ENSG00000237353	399968			0	0	1	0	0	0	0	0	0	0	0	0	0	0	0	0	0	0	0	0	0	0	unique	0	yes	0	0	0	0
HGNC:35454	ECSCR	Q19T08	ENSG00000249751	641700	1	1	0	0	0	0	0	0	0	0	0	0	0	0	0	0	0	0	0	0	0	0	0	0	unique	1	no	1	0	0	0
HGNC:35459	CCDC85C	A6NKD9	ENSG00000205476	317762	0	0	0	0	0	0	0	0	0	0	0	0	0	0	0	0	0	0	0	0	0	0	0	0	unique	1	no	0	0	0	0
HGNC:3559	FABP4	P15090	ENSG00000170323	2167			0	0	1	0	0	0	0	0	0	0	1	1	0	0	0	0	0	0	0	0	0	0	unique	0	yes	0	0	0	0
HGNC:3590	FAP	Q12884	ENSG00000078098	2191	1	1	0	0	0	0	0	0	0	0	0	0	1	1	1	0	0	1	1	1	1	1	1	1	unique	1	no	1	1	1	1
HGNC:3594	FASN	P49327	ENSG00000169710	2194	0	0	0	0	1	0	0	0	0	0	0	0	1	1	0	1	0	0	0	0	1	0	1	0	unique	1	no	0	0	0	1
HGNC:3595	FAT1	Q14517	ENSG00000083857	2195	1	1	0	0	1	0	0	0	0	0	0	0	0	0	0	0	0	0	0	0	0	0	0	0	unique	1	yes	1	1	1	1
HGNC:3596	FAT2	Q9NYQ8	ENSG00000086570	2196	1	1	0	0	1	0	0	0	0	0	0	0	0	0	0	0	0	0	0	0	0	0	0	0	unique	1	yes	1	1	1	1
HGNC:36	ABCA6	Q8N139	ENSG00000154262	23460	0	0	0	0	0	0	0	0	0	0	0	0	0	0	0	0	0	0	0	0	0	0	0	0	unique	1	no	1	1	1	1
HGNC:3608	FCAR	P24071	ENSG00000186431	2204	1	1	0	0	0	0	0	0	0	0	0	0	0	0	0	0	0	0	0	0	0	0	0	0	unique	1	yes	1	1	1	1
HGNC:3609	FCER1A	P12319	ENSG00000179639	2205	1	1	0	0	1	0	0	0	0	0	0	0	1	1	1	0	0	1	1	1	1	1	1	1	unique	1	yes	1	1	1	1
HGNC:3611	FCER1G	P30273	ENSG00000158869	2207	0	0	0	0	0	0	0	0	0	0	0	0	1	1	0	0	0	0	0	0	0	0	0	0	unique	1	yes	0	0	0	0
HGNC:3612	FCER2	P06734	ENSG00000104921	2208	1	1	0	0	0	0	0	0	0	0	0	0	0	0	0	0	0	0	0	0	0	0	0	0	unique	1	yes	0	0	0	0
HGNC:3613	FCGR1A	P12314	ENSG00000150337	2209	1	1	0	0	1	0	0	0	0	0	0	0	0	1	1	0	0	1	1	1	1	1	1	1	unique	1	yes	1	1	1	1
HGNC:3616	FCGR2A	P12318	ENSG00000143226	2212	1	1	0	0	0	0	0	0	0	0	0	0	1	1	1	0	0	1	1	1	1	1	1	1	unique	1	yes	1	1	1	1
HGNC:3618	FCGR2B	P31994	ENSG00000072694	2213	1	1	0	0	1	0	0	1	1	1	0	0	0	0	0	0	0	1	1	1	1	1	1	1	unique	1	yes	1	1	1	1
HGNC:3619	FCGR3A	P08637	ENSG00000203747	2214	1	1	0	0	1	0	0	0	0	0	0	0	0	0	0	0	0	1	1	1	1	1	1	1	unique	1	yes	1	1	1	1
HGNC:3620	FCGR3B	O75015	ENSG00000162747	2215	0	1	0	0	1	0	0	0	0	0	0	0	0	0	0	0	0	0	0	0	0	0	0	0	unique	1	yes	1	1	1	1
HGNC:3621	FCGRT	P55899	ENSG00000104870	2217	1	1	0	0	1	1	1	0	0	1	0	0	0	1	1	0	0	1	1	1	1	1	1	1	unique	1	yes	1	1	1	1
HGNC:3623	FCN1	O00602	ENSG00000085265	2219	0	0	0	0	0	0	0	0	0	0	0	0	1	1	0	0	0	0	0	0	0	0	0	0	unique	1	yes	0	0	0	0
HGNC:3624	FCN2	Q15485	ENSG00000160339	2220	0	0	0	0	1	1	0	0	0	1	0	0	1	1	0	0	0	0	0	0	1	0	0	0	unique	1	yes	0	0	0	0
HGNC:3625	FCN3	O75636	ENSG00000142748	8547	0	0	0	0	0	0	0	0	0	0	0	0	0	0	0	0	0	0	0	0	0	0	0	0	unique	1	yes	0	0	0	0
HGNC:3656	MYOF	Q9NZM1	ENSG00000138119	26509	0	0	0	0	1	0	0	0	0	0	0	0	0	1	0	0	0	0	0	0	0	0	0	0	unique	1	no	1	1	1	1
HGNC:3661	FGA	P02671	ENSG00000171560	2243	0	0	0	0	1	1	0	0	0	1	0	0	0	0	0	0	0	0	0	0	1	0	0	0	unique	1	yes	0	0	0	0
HGNC:3662	FGB	P02675	ENSG00000171564	2244	0	0	0	0	1	1	0	0	0	1	0	0	0	0	0	0	0	0	0	0	1	0	0	0	unique	1	yes	0	0	0	0
HGNC:3676	FGF2	P09038	ENSG00000138685	2247			0	0	1	1	0	0	0	1	0	0	1	1	0	0	0	0	0	0	1	0	0	0	unique	0	yes	0	0	0	0
HGNC:36809	RPSA2	A0A8I5KQE6	ENSG00000288920	388524			0	0	0	0	0	0	0	0	0	0	0	0	0	0	0	0	0	0	0	0	0	0	unique	0	yes	0	0	0	0
HGNC:3681	FGF3	P11487	ENSG00000186895	2248			0	0	1	0	0	0	0	0	0	0	0	0	0	0	0	0	0	0	0	0	0	0	unique	0	yes	0	0	0	0
HGNC:3682	FGF4	P08620	ENSG00000075388	2249			0	0	0	0	0	0	0	0	0	0	0	0	0	0	0	0	0	0	0	0	0	0	unique	0	yes	0	0	0	0
HGNC:3686	FGF8	P55075	ENSG00000107831	2253			0	0	0	0	0	0	0	0	0	0	0	0	0	0	0	0	0	0	0	0	0	0	unique	0	no	0	0	0	0
HGNC:3687	FGF9	P31371	ENSG00000102678	2254			0	0	0	0	0	0	0	0	0	0	0	0	0	0	0	0	0	0	0	0	0	0	unique	0	yes	0	0	0	0
HGNC:3688	FGFR1	P11362	ENSG00000077782	2260	1	1	0	0	1	0	0	0	0	0	0	0	1	1	0	1	0	0	0	0	1	0	1	0	unique	1	yes	1	1	1	1
HGNC:3689	FGFR2	P21802	ENSG00000066468	2263	1	1	0	0	1	0	0	1	1	1	0	0	1	1	1	1	0	1	1	1	1	1	1	1	unique	1	yes	1	1	1	1
HGNC:3690	FGFR3	P22607	ENSG00000068078	2261	1	1	0	0	1	0	0	0	0	0	0	0	1	1	0	0	0	0	0	0	0	0	0	0	unique	1	yes	1	1	1	1
HGNC:3691	FGFR4	P22455	ENSG00000160867	2264	1	1	0	0	1	0	0	1	1	1	0	0	1	1	0	1	0	1	1	1	1	1	1	1	unique	1	yes	1	1	1	1
HGNC:3693	FGFRL1	Q8N441	ENSG00000127418	53834	1	1	0	0	0	0	0	0	0	0	0	0	0	0	0	0	0	0	0	0	0	0	0	0	unique	1	yes	1	1	1	1
HGNC:3695	FGL1	Q08830	ENSG00000104760	2267			0	0	0	0	0	0	0	0	0	0	0	0	0	0	0	0	0	0	0	0	0	0	unique	0	yes	0	0	0	0
HGNC:3696	FGL2	Q14314	ENSG00000127951	10875	0	0	0	0	0	0	0	0	0	0	0	0	0	0	0	0	0	0	0	0	0	0	0	0	unique	1	yes	0	0	0	0
HGNC:3697	FGR	P09769	ENSG00000000938	2268	0	0	0	0	1	0	0	0	0	0	0	0	1	1	0	0	0	0	0	0	0	0	0	0	unique	1	yes	0	0	0	0
HGNC:37	ABCA7	Q8IZY2	ENSG00000064687	10347	0	1	0	0	0	0	0	0	0	0	0	0	1	1	0	0	0	0	0	0	0	0	0	0	unique	1	yes	1	1	1	1
HGNC:3706	ATP8B1	O43520	ENSG00000081923	5205	0	0	0	0	0	0	0	0	0	0	0	0	1	1	0	0	0	0	0	0	0	0	0	0	unique	1	no	0	0	0	0
HGNC:37096	POTEM	A6NI47	ENSG00000222036	641455			0	0	0	0	0	0	0	0	0	0	0	0	0	0	0	0	0	0	0	0	0	0	unique	0	no	0	0	0	0
HGNC:37099	TMEM278	A6NKF7	ENSG00000205116	643965			0	0	0	0	0	0	0	0	0	0	0	0	0	0	0	0	0	0	0	0	0	0	unique	0	no	0	0	0	0
HGNC:37200	CLDN24	A6NM45	ENSG00000185758	100132463	0	1	0	0	0	0	0	0	0	0	0	0	0	0	0	0	0	0	0	0	0	0	0	0	unique	1	yes	1	0	0	0
HGNC:37203	VWC2L	B2RUY7	ENSG00000174453	402117	0	0	0	0	0	0	0	0	0	0	0	0	0	0	0	0	0	0	0	0	0	0	0	0	unique	1	yes	0	0	0	0
HGNC:37207	MFSD2B	A6NFX1	ENSG00000205639	388931	0	1	0	0	0	0	0	0	0	0	0	0	0	0	0	0	0	0	0	0	0	0	0	0	unique	1	yes	1	0	0	0
HGNC:37208	TMEM200C	A6NKL6	ENSG00000206432	645369	0	0	0	0	1	0	0	0	0	0	0	0	0	0	0	0	0	0	0	0	0	0	0	0	unique	1	no	0	0	0	0
HGNC:37213	FREY1	C9JXX5	ENSG00000234776	143678			0	0	0	0	0	0	0	0	0	0	0	0	0	0	0	0	0	0	0	0	0	0	unique	0	no	0	0	0	0
HGNC:37218	CLDN25	C9JDP6	ENSG00000228607	644672	0	1	0	0	0	0	0	0	0	0	0	0	0	0	0	0	0	0	0	0	0	0	0	0	unique	1	no	0	0	0	0
HGNC:37219	TMEM233	B4DJY2	ENSG00000224982	387890	0	1	0	0	0	0	0	0	0	0	0	0	0	0	0	0	0	0	0	0	0	0	0	0	unique	1	no	0	0	0	0
HGNC:37231	SHISA9	B4DS77	ENSG00000237515	729993	1	1	0	0	0	0	0	0	0	0	0	0	0	0	0	0	0	0	0	0	0	0	0	0	unique	1	yes	1	1	1	1
HGNC:37234	TMEM231	Q9H6L2	ENSG00000205084	79583	0	0	0	0	1	0	0	0	0	0	0	0	0	0	0	0	0	0	0	0	0	0	0	0	unique	1	no	1	1	1	1
HGNC:37239	PIRT	P0C851	ENSG00000233670	644139			0	0	0	0	0	0	0	0	0	0	0	0	0	0	0	0	0	0	0	0	0	0	unique	0	yes	0	0	0	0
HGNC:3724	FKBP8	Q14318	ENSG00000105701	23770			0	0	0	0	0	0	0	0	0	0	0	0	0	0	0	0	0	0	0	0	0	0	unique	0	yes	0	0	0	0
HGNC:37244	SMIM24	O75264	ENSG00000095932	284422			0	0	0	0	0	0	0	0	0	0	0	0	0	0	0	0	0	0	0	0	0	0	unique	0	no	0	0	0	0
HGNC:37250	TARM1	B6A8C7	ENSG00000248385	441864	1	1	0	0	0	0	0	0	0	0	0	0	0	0	0	0	0	0	0	0	0	0	0	0	unique	1	yes	1	1	1	1
HGNC:37263	TMEM150C	B9EJG8	ENSG00000249242	441027	0	1	0	0	0	0	0	0	0	0	0	0	0	0	0	0	0	0	0	0	0	0	0	0	unique	1	no	0	0	0	0
HGNC:37270	TMEM232	C9JQI7	ENSG00000186952	642987			0	0	0	0	0	0	0	0	0	0	0	0	0	0	0	0	0	0	0	0	0	0	unique	0	no	0	0	0	0
HGNC:37278	UPK3BL1	B0FP48	ENSG00000267368	100134938	0	0	0	0	0	0	0	0	0	0	0	0	0	0	0	0	0	0	0	0	0	0	0	0	unique	1	no	1	1	1	1
HGNC:37279	TMEM229A	B2RXF0	ENSG00000234224	730130	0	0	0	0	0	0	0	0	0	0	0	0	0	0	0	0	0	0	0	0	0	0	0	0	unique	1	no	0	0	0	0
HGNC:37280	PRRT4	C9JH25	ENSG00000224940	401399	0	0	0	0	0	0	0	0	0	0	0	0	0	0	0	0	0	0	0	0	0	0	0	0	unique	1	no	0	0	0	0
HGNC:37284	AJM1	C9J069	ENSG00000232434	389813	0	0	0	0	1	0	0	0	0	0	0	0	0	0	0	0	0	0	0	0	0	0	0	0	unique	1	no	0	0	0	0
HGNC:37321	PRSS51	A0A1B0GVH4	ENSG00000253649	346702			0	0	0	0	0	0	0	0	0	0	0	0	0	0	0	0	0	0	0	0	0	0	unique	0	no	0	0	0	0
HGNC:374	AKAP4	Q5JQC9	ENSG00000147081	8852			0	0	1	0	0	0	0	0	0	0	0	0	0	0	0	0	0	0	0	0	0	0	unique	0	no	0	0	0	0
HGNC:37453	NPIPB11	E5RHQ5	ENSG00000254206	728888			0	0	0	0	0	0	0	0	0	0	0	0	0	0	0	0	0	0	0	0	0	0	unique	0	no	0	0	0	0
HGNC:3757	FLOT1	O75955	ENSG00000137312	10211	0	0	0	0	0	0	0	0	0	0	0	0	0	0	0	0	0	0	0	0	0	0	0	0	unique	1	no	0	0	0	0
HGNC:3758	FLOT2	Q14254	ENSG00000132589	2319	0	0	0	0	0	0	0	0	0	0	0	0	0	0	0	0	0	0	0	0	0	0	0	0	unique	1	no	0	0	0	0
HGNC:3760	FLRT1	Q9NZU1	ENSG00000126500	23769	1	1	0	0	1	0	0	0	0	0	0	0	0	0	0	0	0	0	0	0	0	0	0	0	unique	1	yes	1	1	1	1
HGNC:3761	FLRT2	O43155	ENSG00000185070	23768	1	1	0	0	0	0	0	0	0	0	0	0	0	0	0	0	0	0	0	0	0	0	0	0	unique	1	yes	1	1	1	1
HGNC:3762	FLRT3	Q9NZU0	ENSG00000125848	23767	1	1	0	0	1	0	0	0	0	0	0	0	0	0	0	0	0	0	0	0	0	0	0	0	unique	1	yes	1	1	1	1
HGNC:3763	FLT1	P17948	ENSG00000102755	2321	1	1	0	0	0	0	0	0	0	0	1	1	1	1	1	0	0	0	0	0	1	1	1	1	unique	1	yes	1	1	1	1
HGNC:37636	MS4A18	Q3C1V0	ENSG00000214782	728588			0	0	0	0	0	0	0	0	0	0	0	0	0	0	0	0	0	0	0	0	0	0	unique	0	no	0	0	0	0
HGNC:37646	KLRF2	D3W0D1	ENSG00000256797	100431172	1	1	0	0	0	0	0	0	0	0	0	0	0	0	0	0	0	0	0	0	0	0	0	0	unique	1	yes	1	1	1	1
HGNC:3765	FLT3	P36888	ENSG00000122025	2322	1	1	0	0	1	0	0	0	0	0	1	1	1	1	0	1	0	0	0	0	1	1	1	1	unique	1	yes	1	1	1	1
HGNC:3766	FLT3LG	P49771	ENSG00000090554	2323	0	0	0	0	0	0	0	0	0	0	0	0	0	0	0	0	0	0	0	0	0	0	0	0	unique	1	yes	1	1	1	1
HGNC:3767	FLT4	P35916	ENSG00000037280	2324	1	1	0	0	0	0	0	0	0	0	1	1	0	0	0	0	0	0	0	0	1	1	1	1	unique	1	yes	1	1	1	1
HGNC:377	AKAP7	O43687	ENSG00000118507	9465	0	0	0	0	0	0	0	0	0	0	0	0	0	0	0	0	0	0	0	0	0	0	0	0	unique	1	no	0	0	0	0
HGNC:3774	FMOD	Q06828	ENSG00000122176	2331			0	0	1	0	0	0	0	0	0	0	0	0	0	0	0	0	0	0	0	0	0	0	unique	0	yes	0	0	0	0
HGNC:3778	FN1	P02751	ENSG00000115414	2335	0	0	0	0	1	1	0	0	0	1	0	0	1	1	0	0	0	0	0	0	1	0	0	0	unique	1	yes	0	0	0	0
HGNC:3788	FOLH1	Q04609	ENSG00000086205	2346	1	1	0	0	1	1	1	0	0	1	0	0	1	1	1	0	0	1	1	1	1	1	1	1	unique	1	yes	1	1	1	1
HGNC:3791	FOLR1	P15328	ENSG00000110195	2348	0	1	0	0	1	0	0	0	0	0	0	0	1	1	0	0	0	0	0	0	0	0	0	0	unique	1	yes	1	1	1	1
HGNC:3793	FOLR2	P14207	ENSG00000165457	2350	0	1	0	0	1	0	0	0	0	0	0	0	1	1	0	0	0	0	0	0	0	0	0	0	unique	1	yes	1	1	1	1
HGNC:3795	FOLR3	P41439	ENSG00000110203	2352			0	0	1	0	0	0	0	0	0	0	0	0	0	0	0	0	0	0	0	0	0	0	unique	0	yes	0	0	0	0
HGNC:38	ABCA8	O94911	ENSG00000141338	10351	0	1	0	0	1	0	0	0	0	0	0	0	0	0	0	0	0	0	0	0	0	0	0	0	unique	1	yes	1	1	1	1
HGNC:380	AKR1A1	P14550	ENSG00000117448	10327	0	0	0	0	0	0	0	0	0	0	0	0	0	0	0	0	0	0	0	0	0	0	0	0	unique	1	yes	0	0	0	0
HGNC:38058	DEFB131B	A0A096LNP1	ENSG00000225805	100129216			0	0	0	0	0	0	0	0	0	0	0	0	0	0	0	0	0	0	0	0	0	0	unique	0	no	0	0	0	0
HGNC:3826	FPR1	P21462	ENSG00000171051	2357	0	1	0	0	0	0	0	0	0	0	0	0	1	1	0	0	0	0	0	0	0	0	0	0	unique	1	yes	1	1	0	1
HGNC:3827	FPR2	P25090	ENSG00000171049	2358	0	1	0	0	0	0	0	0	0	0	1	0	1	1	0	0	0	0	0	0	1	0	1	0	unique	1	yes	1	0	0	1
HGNC:3828	FPR3	P25089	ENSG00000187474	2359	0	1	0	0	0	0	0	0	0	0	0	0	0	0	0	0	0	0	0	0	0	0	0	0	unique	1	yes	1	1	1	1
HGNC:38749	SDIM1	Q6ZPB5		100505705	0	0	0	0	0	0	0	0	0	0	0	0	0	0	0	0	0	0	0	0	0	0	0	0	unique	1	no	0	0	0	0
HGNC:39	ABCA9	Q8IUA7	ENSG00000154258	10350	0	1	0	0	1	0	0	0	0	0	0	0	0	0	0	0	0	0	0	0	0	0	0	0	unique	1	yes	1	1	1	1
HGNC:39051	ERVV-2	B6SEH9	ENSG00000268964	100271846	0	0	0	0	0	0	0	0	0	0	0	0	0	0	0	0	0	0	0	0	0	0	0	0	unique	1	no	1	1	1	1
HGNC:39080	KCNJ18	B7U540	ENSG00000260458	100134444	0	1	0	0	0	0	0	0	0	0	0	0	0	0	0	0	0	0	0	0	0	0	0	0	unique	1	no	0	0	0	0
HGNC:39494	LGTN	P41214		100529141			0	0	0	0	0	0	0	0	0	0	0	0	0	0	0	0	0	0	0	0	0	0	unique	0	yes	0	0	0	0
HGNC:39601	SMIM34	A8MWV9	ENSG00000243627	388820			0	0	0	0	0	0	0	0	0	0	0	0	0	0	0	0	0	0	0	0	0	0	unique	0	no	0	0	0	0
HGNC:3969	FSHR	P23945	ENSG00000170820	2492	0	0	0	0	1	0	0	0	0	0	0	0	1	1	1	0	0	0	0	0	0	0	0	0	unique	1	yes	1	0	0	0
HGNC:3971	FST	P19883	ENSG00000134363	10468			0	0	0	0	0	0	0	0	0	0	0	1	0	0	0	0	0	0	0	0	0	0	unique	0	yes	0	0	0	0
HGNC:3972	FSTL1	Q12841	ENSG00000163430	11167	0	0	0	0	1	0	0	0	0	0	0	0	0	0	0	0	0	0	0	0	0	0	0	0	unique	1	yes	0	0	0	0
HGNC:39755	MUC22	E2RYF6	ENSG00000261272	100507679	1	1	0	0	0	0	0	0	0	0	0	0	0	0	0	0	0	0	0	0	0	0	0	0	unique	1	no	1	1	1	1
HGNC:39814	DEFB130B	P0DP73	ENSG00000233050	100133267			0	0	0	0	0	0	0	0	0	0	0	0	0	0	0	0	0	0	0	0	0	0	unique	0	yes	0	0	0	0
HGNC:3999	FTL	P02792	ENSG00000087086	2512			0	0	1	0	0	0	0	0	0	0	0	0	0	0	0	0	0	0	0	0	0	0	unique	0	yes	0	0	0	0
HGNC:40	ABCB1	P08183	ENSG00000085563	5243	0	1	0	0	1	1	1	0	0	1	0	0	1	1	0	1	0	1	1	1	1	1	1	1	unique	1	yes	1	1	1	1
HGNC:400	ALCAM	Q13740	ENSG00000170017	214	1	1	0	0	0	0	0	0	0	0	0	0	0	0	0	0	0	0	0	0	0	0	0	0	unique	1	yes	1	1	1	1
HGNC:40021	TMEM35B	Q8NCS4	ENSG00000243749	100506144			0	0	0	0	0	0	0	0	0	0	0	0	0	0	0	0	0	0	0	0	0	0	unique	0	no	0	0	0	0
HGNC:40022	IFITM10	A6NMD0	ENSG00000244242	402778	0	0	0	0	0	0	0	0	0	0	0	0	0	0	0	0	0	0	0	0	0	0	0	0	unique	1	no	0	0	0	0
HGNC:40023	MANSC4	A6NHS7	ENSG00000205693	100287284	0	0	0	0	0	0	0	0	0	0	0	0	0	0	0	0	0	0	0	0	0	0	0	0	unique	1	no	1	1	0	1
HGNC:40030	SMIM5	Q71RC9	ENSG00000204323	643008			0	0	0	0	0	0	0	0	0	0	0	0	0	0	0	0	0	0	0	0	0	0	unique	0	no	0	0	0	0
HGNC:40034	LRRC3C	A6NJW4	ENSG00000204913	100505591			0	0	0	0	0	0	0	0	0	0	0	0	0	0	0	0	0	0	0	0	0	0	unique	0	no	0	0	0	0
HGNC:40039	LGALS16	A8MUM7	ENSG00000249861	148003			0	0	0	0	0	0	0	0	0	0	0	0	0	0	0	0	0	0	0	0	0	0	unique	0	no	0	0	0	0
HGNC:40040	IGSF23	A1L1A6	ENSG00000216588	147710	0	0	0	0	0	0	0	0	0	0	0	0	0	0	0	0	0	0	0	0	0	0	0	0	unique	1	no	0	0	0	0
HGNC:40042	TMEM238	C9JI98	ENSG00000233493	388564	0	0	0	0	0	0	0	0	0	0	0	0	0	0	0	0	0	0	0	0	0	0	0	0	unique	1	no	0	0	0	0
HGNC:40048	C3orf80	F5H4A9	ENSG00000180044	401097	0	0	0	0	0	0	0	0	0	0	0	0	0	0	0	0	0	0	0	0	0	0	0	0	unique	1	no	1	1	1	1
HGNC:4008	FUCA2	Q9BTY2	ENSG00000001036	2519			0	0	1	0	0	0	0	0	0	0	0	0	0	0	0	0	0	0	0	0	0	0	unique	0	no	0	0	0	0
HGNC:4013	FUT2	Q10981	ENSG00000176920	2524			0	0	1	0	0	0	0	0	0	0	0	0	0	0	0	0	0	0	0	0	0	0	unique	0	no	0	0	0	0
HGNC:4014	FUT3	P21217	ENSG00000171124	2525			0	0	0	0	0	0	0	0	0	0	0	0	0	0	0	0	0	0	0	0	0	0	unique	0	no	0	0	0	0
HGNC:4015	FUT4	P22083	ENSG00000196371	2526			0	0	1	0	0	0	0	0	0	0	0	0	0	0	0	0	0	0	0	0	0	0	unique	0	no	0	0	0	0
HGNC:4025	FXYD1	O00168	ENSG00000266964	5348	1	1	0	0	0	0	0	0	0	0	0	0	1	1	0	0	0	0	0	0	0	0	0	0	unique	1	yes	0	0	0	0
HGNC:4026	FXYD2	P54710	ENSG00000137731	486	1	1	0	0	0	0	0	0	0	0	0	0	0	0	0	0	0	0	0	0	0	0	0	0	unique	1	yes	0	0	0	0
HGNC:4027	FXYD3	Q14802	ENSG00000089356	5349	1	1	0	0	0	0	0	0	0	0	0	0	0	0	0	0	0	0	0	0	0	0	0	0	unique	1	yes	0	0	0	0
HGNC:4028	FXYD4	P59646	ENSG00000150201	53828	1	1	0	0	0	0	0	0	0	0	0	0	0	0	0	0	0	0	0	0	0	0	0	0	unique	1	no	0	0	0	0
HGNC:4029	FXYD5	Q96DB9	ENSG00000089327	53827	1	1	0	0	1	0	0	0	0	0	0	0	1	1	0	0	0	0	0	0	0	0	0	0	unique	1	yes	0	0	0	0
HGNC:4030	FXYD6	Q9H0Q3	ENSG00000137726	53826	1	1	0	0	0	0	0	0	0	0	0	0	0	0	0	0	0	0	0	0	0	0	0	0	unique	1	yes	0	0	0	0
HGNC:4034	FXYD7	P58549	ENSG00000221946	53822	1	1	0	0	0	0	0	0	0	0	0	0	0	0	0	0	0	0	0	0	0	0	0	0	unique	1	yes	0	0	0	0
HGNC:4035	ACKR1	Q16570	ENSG00000213088	2532	0	1	0	0	1	0	0	1	1	1	0	0	0	0	0	0	0	0	0	0	1	1	1	1	unique	1	yes	1	0	0	1
HGNC:4038	FZD1	Q9UP38	ENSG00000157240	8321	0	1	0	0	1	0	0	0	0	0	0	0	0	0	0	0	0	0	0	1	0	0	0	0	unique	1	yes	1	1	1	1
HGNC:4039	FZD10	Q9ULW2	ENSG00000111432	11211	0	1	0	0	0	0	0	0	0	0	0	0	0	0	0	0	0	1	1	1	1	1	1	1	unique	1	yes	1	1	1	1
HGNC:4040	FZD2	Q14332	ENSG00000180340	2535	0	1	0	0	0	0	0	0	0	0	0	0	1	1	1	0	0	1	1	1	1	1	1	1	unique	1	yes	1	0	0	1
HGNC:4041	FZD3	Q9NPG1	ENSG00000104290	7976	0	1	0	0	1	0	0	0	0	0	0	0	0	0	0	0	0	1	1	1	1	1	1	1	unique	1	yes	1	1	1	1
HGNC:4042	FZD4	Q9ULV1	ENSG00000174804	8322	0	1	0	0	0	0	0	0	0	0	0	0	1	1	1	0	0	0	0	0	0	0	0	0	unique	1	yes	1	1	1	1
HGNC:4043	FZD5	Q13467	ENSG00000163251	7855	0	1	0	0	1	0	0	1	1	1	0	0	1	1	1	0	0	1	1	1	1	1	1	1	unique	1	yes	1	1	1	1
HGNC:4044	FZD6	O60353	ENSG00000164930	8323	0	1	0	0	0	0	0	0	0	0	0	0	0	0	0	0	0	0	0	1	0	0	0	0	unique	1	yes	1	1	1	1
HGNC:4045	FZD7	O75084	ENSG00000155760	8324	0	1	0	0	1	0	0	1	1	1	0	0	1	1	1	0	0	1	1	1	1	1	1	1	unique	1	yes	1	0	0	1
HGNC:4046	FZD8	Q9H461	ENSG00000177283	8325	0	1	0	0	0	0	0	0	0	0	0	0	0	0	0	0	0	1	1	1	1	1	1	1	unique	1	yes	1	1	1	1
HGNC:4047	FZD9	O00144	ENSG00000188763	8326	0	1	0	0	0	0	0	0	0	0	0	0	0	0	0	0	0	0	0	0	0	0	0	0	unique	1	yes	1	0	0	0
HGNC:4053	ISG15	P05161	ENSG00000187608	9636			0	0	0	0	0	0	0	0	0	0	1	1	0	0	0	1	0	1	1	0	1	0	unique	0	yes	0	0	0	1
HGNC:4056	G6PC1	P35575	ENSG00000131482	2538			0	0	0	0	0	0	0	0	0	0	1	1	0	0	0	0	0	0	0	0	0	0	unique	0	yes	0	0	0	0
HGNC:4065	GAA	P10253	ENSG00000171298	2548	0	0	0	0	1	0	0	0	0	0	0	0	1	1	0	1	0	0	0	0	1	0	1	0	unique	1	yes	0	0	0	1
HGNC:4070	GABBR1	Q9UBS5	ENSG00000204681	2550	1	1	0	0	0	0	0	0	0	0	0	0	1	1	1	0	0	0	0	0	0	0	0	0	unique	1	yes	1	1	1	1
HGNC:4075	GABRA1	P14867	ENSG00000022355	2554	0	1	0	0	1	1	1	0	0	1	0	0	1	1	1	1	1	1	1	1	1	1	1	1	unique	1	yes	1	1	1	1
HGNC:4076	GABRA2	P47869	ENSG00000151834	2555	0	1	0	0	1	0	0	0	0	0	0	0	1	1	1	0	0	1	1	1	1	1	1	1	unique	1	yes	1	1	1	1
HGNC:4077	GABRA3	P34903	ENSG00000011677	2556	0	1	0	0	1	0	0	0	0	0	0	0	1	1	1	1	1	1	1	1	1	1	1	1	unique	1	yes	1	1	1	1
HGNC:4078	GABRA4	P48169	ENSG00000109158	2557	0	1	0	0	1	0	0	0	0	0	0	0	1	1	1	0	0	1	1	1	1	1	1	1	unique	1	yes	1	1	1	1
HGNC:4079	GABRA5	P31644	ENSG00000186297	2558	0	1	0	0	0	0	0	0	0	0	0	0	1	1	1	1	1	0	0	1	1	1	1	1	unique	1	yes	1	1	1	1
HGNC:4080	GABRA6	Q16445	ENSG00000145863	2559	0	1	0	0	0	0	0	0	0	0	0	0	0	0	0	0	0	0	0	0	0	0	0	0	unique	1	yes	1	1	1	1
HGNC:4081	GABRB1	P18505	ENSG00000163288	2560	0	1	0	0	0	0	0	0	0	0	0	0	1	1	1	0	0	0	0	0	0	0	0	0	unique	1	yes	1	1	1	1
HGNC:4082	GABRB2	P47870	ENSG00000145864	2561	0	1	0	0	0	0	0	0	0	0	0	0	1	1	1	0	0	1	1	1	1	1	1	1	unique	1	yes	1	1	1	1
HGNC:4083	GABRB3	P28472	ENSG00000166206	2562	0	1	0	0	1	0	0	0	0	1	0	0	1	1	1	0	0	1	1	1	1	1	1	1	unique	1	yes	1	1	1	1
HGNC:4084	GABRD	O14764	ENSG00000187730	2563	0	1	0	0	1	0	0	0	0	0	0	0	1	1	0	0	0	0	0	0	0	0	0	0	unique	1	yes	1	1	1	1
HGNC:4085	GABRE	P78334	ENSG00000102287	2564	0	1	0	0	0	0	0	0	0	0	0	0	0	0	0	0	0	0	0	0	0	0	0	0	unique	1	yes	1	1	1	1
HGNC:4086	GABRG1	Q8N1C3	ENSG00000163285	2565	0	1	0	0	0	0	0	0	0	0	0	0	0	0	0	0	0	0	0	0	0	0	0	0	unique	1	yes	1	0	0	0
HGNC:4087	GABRG2	P18507	ENSG00000113327	2566	0	1	0	0	0	0	0	0	0	0	0	0	1	1	1	0	0	1	1	1	1	1	1	1	unique	1	yes	1	0	0	1
HGNC:4088	GABRG3	Q99928	ENSG00000182256	2567	0	1	0	0	0	0	0	0	0	0	0	0	0	0	0	0	0	0	0	0	0	0	0	0	unique	1	yes	1	0	0	0
HGNC:4089	GABRP	O00591	ENSG00000094755	2568	0	1	0	0	0	0	0	0	0	0	0	0	1	1	1	0	0	0	0	0	0	0	0	0	unique	1	yes	1	1	1	1
HGNC:4090	GABRR1	P24046	ENSG00000146276	2569	0	1	0	0	0	0	0	0	0	0	0	0	1	1	1	0	0	0	0	0	0	0	0	0	unique	1	yes	1	1	1	1
HGNC:4091	GABRR2	P28476	ENSG00000111886	2570	0	1	0	0	0	0	0	0	0	0	0	0	0	0	0	0	0	0	0	0	0	0	0	0	unique	1	yes	1	1	1	1
HGNC:4132	GALR1	P47211	ENSG00000166573	2587	0	1	0	0	0	0	0	0	0	0	1	0	1	1	0	0	0	0	0	0	1	0	1	0	unique	1	yes	1	0	0	1
HGNC:4133	GALR2	O43603	ENSG00000182687	8811	0	1	0	0	0	0	0	0	0	0	1	0	1	1	0	0	0	0	0	0	1	0	1	0	unique	1	yes	1	0	0	1
HGNC:4134	GALR3	O60755	ENSG00000128310	8484	0	1	0	0	0	0	0	0	0	0	0	0	0	0	0	0	0	0	0	0	0	0	0	0	unique	1	yes	1	0	0	0
HGNC:4140	GAP43	P17677	ENSG00000172020	2596	0	0	0	0	0	0	0	0	0	0	0	0	0	0	0	0	0	0	0	0	0	0	0	0	unique	1	no	0	0	0	0
HGNC:4141	GAPDH	P04406	ENSG00000111640	2597	0	0	0	0	1	0	0	0	0	0	0	0	1	1	0	0	0	0	0	0	0	0	0	0	unique	1	no	0	0	0	0
HGNC:4161	LRRC32	Q14392	ENSG00000137507	2615	1	1	0	0	1	1	1	0	0	1	0	0	0	0	0	0	0	1	1	1	1	1	1	1	unique	1	yes	1	1	1	1
HGNC:4162	GARS1	P41250	ENSG00000106105	2617			0	0	0	0	0	0	0	0	0	0	1	1	0	0	0	0	0	0	0	0	0	0	unique	0	yes	0	0	0	0
HGNC:4165	GAS1	P54826	ENSG00000180447	2619	0	1	0	0	1	0	0	0	0	0	0	0	1	1	0	0	0	0	0	0	0	0	0	0	unique	1	yes	1	1	1	1
HGNC:4177	GBA1	P04062	ENSG00000177628	2629			0	0	1	0	0	1	0	1	0	0	1	1	0	0	0	1	0	1	1	0	1	0	unique	0	yes	0	0	0	1
HGNC:4187	GC	P02774	ENSG00000145321	2638			0	0	1	0	0	0	0	0	0	0	1	1	0	0	0	0	0	0	0	0	0	0	unique	0	yes	0	0	0	0
HGNC:41907	STEAP1B	Q6NZ63	ENSG00000105889	256227			0	0	0	0	0	0	0	0	0	0	0	0	0	0	0	0	0	0	0	0	0	0	unique	0	no	0	0	0	0
HGNC:41911	SPATA31F1	Q6ZU69	ENSG00000205108	259308	0	0	0	0	0	0	0	0	0	0	0	0	0	0	0	0	0	0	0	0	0	0	0	0	unique	1	no	0	0	0	0
HGNC:41913	SMIM10	Q96HG1	ENSG00000184785	644538			0	0	0	0	0	0	0	0	0	0	0	0	0	0	0	0	0	0	0	0	0	0	unique	0	no	0	0	0	0
HGNC:41915	SMIM9	A6NGZ8	ENSG00000203870	100132963	1	1	0	0	0	0	0	0	0	0	0	0	0	0	0	0	0	0	0	0	0	0	0	0	unique	1	no	0	0	0	0
HGNC:4192	GCGR	P47871	ENSG00000215644	2642	0	1	0	0	1	1	1	1	1	1	1	0	1	1	0	1	0	1	1	1	1	1	1	1	unique	1	yes	1	0	0	1
HGNC:42	ABCB11	O95342	ENSG00000073734	8647	0	0	0	0	1	0	0	0	0	0	0	0	1	1	0	0	0	0	0	0	0	0	0	0	unique	1	yes	1	1	1	1
HGNC:4206	OPN1MW	P04001	ENSG00000268221	2652	0	0	0	0	1	0	0	0	0	0	0	0	1	1	0	0	0	0	0	1	0	0	0	0	unique	1	yes	1	0	0	0
HGNC:42398	C4B_2	P0C0L5	ENSG00000233312	100293534	0	0	0	0	1	0	0	0	0	0	0	0	0	0	0	0	0	1	0	1	1	0	1	0	unique	1	yes	0	0	0	1
HGNC:42400	NCR3LG1	Q68D85	ENSG00000188211	374383	0	0	0	0	1	1	1	0	0	1	0	0	0	0	0	0	0	1	1	1	1	1	1	1	unique	1	yes	1	1	1	1
HGNC:4243	GFRA1	P56159	ENSG00000151892	2674	0	1	0	0	0	0	0	0	0	0	0	0	0	0	0	0	0	0	0	0	0	0	0	0	unique	1	yes	1	1	1	1
HGNC:4244	GFRA2	O00451	ENSG00000168546	2675	0	1	0	0	0	0	0	0	0	0	0	0	0	0	0	0	0	0	0	0	0	0	0	0	unique	1	yes	1	1	1	1
HGNC:4245	GFRA3	O60609	ENSG00000146013	2676	0	1	0	0	0	0	0	0	0	0	0	0	0	0	0	0	0	0	0	0	0	0	0	0	unique	1	yes	1	1	1	1
HGNC:4250	GGT1	P19440	ENSG00000100031	2678	1	1	0	0	0	0	0	0	0	0	0	0	1	1	1	0	0	0	0	0	0	0	0	0	unique	1	yes	1	1	1	1
HGNC:4253	GGTA1	Q4G0N0	ENSG00000204136	2681	0	0	0	0	0	0	0	0	0	0	0	0	0	0	0	0	0	0	0	0	0	0	0	0	unique	1	no	0	0	0	0
HGNC:4259	GGT7	Q9UJ14	ENSG00000131067	2686	1	1	0	0	0	0	0	0	0	0	0	0	0	0	0	0	0	0	0	0	0	0	0	0	unique	1	yes	1	1	1	1
HGNC:4260	GGT5	P36269	ENSG00000099998	2687	1	1	0	0	0	0	0	0	0	0	0	0	0	0	0	0	0	0	0	0	0	0	0	0	unique	1	yes	0	0	0	0
HGNC:4263	GHR	P10912	ENSG00000112964	2690	1	1	0	0	1	0	0	0	0	0	1	1	0	0	0	0	0	0	0	0	1	1	1	1	unique	1	yes	1	1	1	1
HGNC:4266	GHRHR	Q02643	ENSG00000106128	2692	0	1	0	0	0	0	0	0	0	0	1	0	1	1	0	0	0	0	0	0	1	0	1	0	unique	1	yes	1	1	1	1
HGNC:4267	GHSR	Q92847	ENSG00000121853	2693	0	1	0	0	0	0	0	0	0	0	1	0	1	1	0	0	0	1	0	1	1	0	1	0	unique	1	yes	1	0	0	1
HGNC:427	ALK	Q9UM73	ENSG00000171094	238	1	1	0	0	1	0	0	0	0	0	0	0	1	1	0	1	0	1	1	1	1	1	1	1	unique	1	yes	1	1	1	1
HGNC:4271	GIPR	P48546	ENSG00000010310	2696	0	1	0	0	1	1	1	1	1	1	1	1	1	1	1	0	0	1	1	1	1	1	1	1	unique	1	yes	1	0	0	1
HGNC:4274	GJA1	P17302	ENSG00000152661	2697	0	0	0	0	0	0	0	0	0	0	0	0	1	1	0	0	0	0	0	0	0	0	0	0	unique	1	no	1	0	0	0
HGNC:4277	GJA3	Q9Y6H8	ENSG00000121743	2700	0	1	0	0	0	0	0	0	0	0	0	0	0	0	0	0	0	0	0	0	0	0	0	0	unique	1	no	1	0	0	0
HGNC:4278	GJA4	P35212	ENSG00000187513	2701	0	0	0	0	0	0	0	0	0	0	0	0	0	0	0	0	0	0	0	0	0	0	0	0	unique	1	no	1	0	0	0
HGNC:4279	GJA5	P36382	ENSG00000265107	2702	0	0	0	0	1	0	0	0	0	0	0	0	0	0	0	0	0	0	0	0	0	0	0	0	unique	1	no	0	0	0	0
HGNC:4280	GJC1	P36383	ENSG00000182963	10052	0	0	0	0	0	0	0	0	0	0	0	0	0	0	0	0	0	0	0	0	0	0	0	0	unique	1	no	0	0	0	0
HGNC:4281	GJA8	P48165	ENSG00000121634	2703	0	0	0	0	1	0	0	0	0	0	0	0	0	0	0	0	0	0	0	0	0	0	0	0	unique	1	no	0	0	0	0
HGNC:4283	GJB1	P08034	ENSG00000169562	2705	0	1	0	0	0	0	0	0	0	0	0	0	1	1	0	0	0	0	0	0	0	0	0	0	unique	1	no	1	0	0	0
HGNC:4284	GJB2	P29033	ENSG00000165474	2706	0	1	0	0	1	0	0	0	0	0	0	0	0	1	0	0	0	0	0	0	0	0	0	0	unique	1	no	1	0	0	0
HGNC:4285	GJB3	O75712	ENSG00000188910	2707	0	0	0	0	0	0	0	0	0	0	0	0	0	0	0	0	0	0	0	0	0	0	0	0	unique	1	no	1	0	0	0
HGNC:4286	GJB4	Q9NTQ9	ENSG00000189433	127534	0	1	0	0	0	0	0	0	0	0	0	0	0	0	0	0	0	0	0	0	0	0	0	0	unique	1	no	1	0	0	0
HGNC:4287	GJB5	O95377	ENSG00000189280	2709	0	0	0	0	0	0	0	0	0	0	0	0	0	0	0	0	0	0	0	0	0	0	0	0	unique	1	no	1	0	0	0
HGNC:4288	GJB6	O95452	ENSG00000121742	10804	0	1	0	0	0	0	0	0	0	0	0	0	0	0	0	0	0	0	0	0	0	0	0	0	unique	1	no	1	1	1	1
HGNC:42951	FNDC10	F2Z333	ENSG00000228594	643988	0	0	0	0	0	0	0	0	0	0	0	0	0	0	0	0	0	0	0	0	0	0	0	0	unique	1	no	0	0	0	0
HGNC:42970	ERVMER34-1	Q9H9K5	ENSG00000226887	100288413	0	0	0	0	0	0	0	0	0	0	0	0	0	0	0	0	0	0	0	0	0	0	0	0	unique	1	no	1	1	1	1
HGNC:42973	SMIM18	P0DKX4	ENSG00000253457	100507341			0	0	0	0	0	0	0	0	0	0	0	0	0	0	0	0	0	0	0	0	0	0	unique	0	no	0	0	0	0
HGNC:4316	GLG1	Q92896	ENSG00000090863	2734	0	0	0	0	0	0	0	0	0	0	0	0	0	0	0	0	0	0	0	0	0	0	0	0	unique	1	yes	0	0	0	0
HGNC:4324	GLP1R	P43220	ENSG00000112164	2740	0	1	0	0	1	0	0	1	1	1	1	1	1	1	1	0	0	1	0	1	1	1	1	1	unique	1	yes	1	0	0	1
HGNC:4325	GLP2R	O95838	ENSG00000065325	9340	0	1	0	0	1	0	0	0	0	0	1	0	0	0	0	0	0	0	0	0	1	0	1	0	unique	1	yes	1	1	1	1
HGNC:4326	GLRA1	P23415	ENSG00000145888	2741	0	1	0	0	1	0	0	0	0	0	0	0	1	1	0	0	0	0	0	0	0	0	0	0	unique	1	yes	1	1	1	1
HGNC:4327	GLRA2	P23416	ENSG00000101958	2742	0	1	0	0	0	0	0	0	0	0	0	0	1	1	1	1	1	0	0	0	1	1	1	1	unique	1	yes	1	1	1	1
HGNC:4328	GLRA3	O75311	ENSG00000145451	8001	0	1	0	0	0	0	0	0	0	0	0	0	1	1	1	1	1	0	0	0	1	1	1	1	unique	1	yes	1	1	1	1
HGNC:4329	GLRB	P48167	ENSG00000109738	2743	0	1	0	0	1	0	0	0	0	0	0	0	1	1	1	0	0	0	0	0	0	0	0	0	unique	1	yes	1	1	1	1
HGNC:43444	MYZAP	P0CAP1	ENSG00000263155	100820829	0	0	0	0	0	0	0	0	0	0	0	0	0	0	0	0	0	0	0	0	0	0	0	0	unique	1	no	0	0	0	0
HGNC:436	ALOX5AP	P20292	ENSG00000132965	241			0	0	0	0	0	0	0	0	0	0	1	1	0	0	0	0	0	0	0	0	0	0	unique	0	yes	0	0	0	0
HGNC:437	ALPI	P09923	ENSG00000163295	248	0	0	0	0	1	0	0	0	0	0	0	0	0	0	0	0	0	0	0	0	0	0	0	0	unique	1	yes	1	1	1	1
HGNC:4374	GMFG	O60234	ENSG00000130755	9535			0	0	0	0	0	0	0	0	0	0	0	0	0	0	0	0	0	0	0	0	0	0	unique	0	no	0	0	0	0
HGNC:4375	GML	Q99445	ENSG00000104499	2765	0	1	0	0	0	0	0	0	0	0	0	0	0	0	0	0	0	0	0	0	0	0	0	0	unique	1	no	1	1	1	1
HGNC:438	ALPL	P05186	ENSG00000162551	249	0	1	0	0	1	0	0	0	0	0	0	0	0	0	0	0	0	0	0	1	0	0	0	0	unique	1	no	1	0	0	0
HGNC:4385	GNAI2	P04899	ENSG00000114353	2771	0	0	0	0	0	0	0	0	0	0	0	0	0	0	0	0	0	0	0	1	0	0	0	0	unique	1	yes	0	0	0	0
HGNC:4388	GNAL	P38405	ENSG00000141404	2774	0	0	0	0	0	0	0	0	0	0	0	0	0	0	0	0	0	0	0	1	0	0	0	0	unique	1	yes	0	0	0	0
HGNC:439	ALPP	P05187	ENSG00000163283	250	0	1	0	0	1	0	0	0	0	0	0	0	1	1	0	0	0	0	0	0	0	0	0	0	unique	1	no	1	1	1	1
HGNC:4390	GNAQ	P50148	ENSG00000156052	2776	0	0	0	0	0	0	0	0	0	0	0	0	0	0	0	0	0	0	0	1	0	0	0	0	unique	1	yes	0	0	0	0
HGNC:4392	GNAS	P63092	ENSG00000087460	2778	0	0	0	0	1	1	0	0	0	1	0	0	1	1	0	0	0	1	0	1	1	0	1	0	unique	1	yes	0	0	0	1
HGNC:4396	GNB1	P62873	ENSG00000078369	2782	0	0	0	0	1	0	0	0	0	1	0	0	0	0	0	0	0	1	0	1	1	0	1	0	unique	1	yes	0	0	0	1
HGNC:4398	GNB2	P62879	ENSG00000172354	2783	0	0	0	0	0	0	0	0	0	0	0	0	0	0	0	0	0	0	0	0	0	0	0	0	unique	1	yes	0	0	0	0
HGNC:4400	GNB3	P16520	ENSG00000111664	2784	0	0	0	0	0	0	0	0	0	0	0	0	0	0	0	0	0	0	0	1	0	0	0	0	unique	1	yes	0	0	0	0
HGNC:4404	GNG2	P59768	ENSG00000186469	54331	0	0	0	0	0	0	0	0	0	0	0	0	0	1	0	0	0	0	0	1	0	0	0	0	unique	1	yes	0	0	0	0
HGNC:441	ALPG	P10696	ENSG00000163286	251	0	0	0	0	1	0	0	0	0	0	0	0	0	0	0	0	0	0	0	0	0	0	0	0	unique	1	no	1	1	1	1
HGNC:44112	TMEM178B	H3BS89	ENSG00000261115	100507421	0	0	0	0	0	0	0	0	0	0	0	0	0	0	0	0	0	0	0	0	0	0	0	0	unique	1	no	1	1	1	1
HGNC:44152	TGFBR3L	H3BV60	ENSG00000260001	100507588	1	1	0	0	0	0	0	0	0	0	0	0	0	0	0	0	0	0	0	0	0	0	0	0	unique	1	yes	0	0	0	0
HGNC:44155	CATSPERQ	Q2WGJ8	ENSG00000261587	340393	0	0	0	0	0	0	0	0	0	0	0	0	0	0	0	0	0	0	0	0	0	0	0	0	unique	1	no	0	0	0	0
HGNC:44159	TPBGL	P0DKB5	ENSG00000261594	100507050	0	0	0	0	0	0	0	0	0	0	0	0	0	0	0	0	0	0	0	0	0	0	0	0	unique	1	no	1	1	1	1
HGNC:44160	LRCOL1	A6NCL2	ENSG00000204583	100507055			0	0	0	0	0	0	0	0	0	0	0	0	0	0	0	0	0	0	0	0	0	0	unique	0	no	0	0	0	0
HGNC:44179	SMIM35	A0A1B0GVV1	ENSG00000255274	100526771			0	0	0	0	0	0	0	0	0	0	0	0	0	0	0	0	0	0	0	0	0	0	unique	0	no	0	0	0	0
HGNC:44200	TRABD2B	A6NFA1	ENSG00000269113	388630	0	0	0	0	0	0	0	0	0	0	0	0	0	0	0	0	0	0	0	0	0	0	0	0	unique	1	yes	1	1	1	1
HGNC:44204	SMIM1	B2RUZ4	ENSG00000235169	388588	1	1	0	0	0	0	0	0	0	0	0	0	0	0	0	0	0	0	0	0	0	0	0	0	unique	1	no	0	0	0	0
HGNC:44206	PINLYP	A6NC86	ENSG00000234465	390940			0	0	0	0	0	0	0	0	0	0	0	0	0	0	0	0	0	0	0	0	0	0	unique	0	yes	0	0	0	0
HGNC:44208	LYPD8	Q6UX82	ENSG00000259823	646627	0	1	0	0	0	0	0	0	0	0	0	0	0	0	0	0	0	0	0	0	0	0	0	0	unique	1	yes	1	1	1	1
HGNC:4421	GNRHR	P30968	ENSG00000109163	2798	0	1	0	0	1	0	0	0	0	0	0	0	0	1	0	0	0	0	0	0	0	0	0	0	unique	1	yes	1	1	1	1
HGNC:4439	GP1BA	P07359	ENSG00000185245	2811	1	1	0	0	1	0	0	1	1	1	0	0	0	0	0	0	0	1	1	1	1	1	1	1	unique	1	yes	1	1	1	1
HGNC:4440	GP1BB	P13224	ENSG00000203618	2812	1	1	0	0	0	0	0	0	0	0	0	0	0	0	0	0	0	0	0	0	0	0	0	0	unique	1	yes	1	1	1	1
HGNC:4441	GP2	P55259	ENSG00000169347	2813	0	1	0	0	1	0	0	0	0	0	0	0	1	1	0	0	0	0	0	0	0	0	0	0	unique	1	yes	1	1	1	1
HGNC:4443	GP5	P40197	ENSG00000178732	2814	1	1	0	0	0	0	0	0	0	0	0	0	0	0	0	0	0	0	0	0	0	0	0	0	unique	1	yes	1	1	1	1
HGNC:4444	GP9	P14770	ENSG00000169704	2815	1	1	0	0	1	0	0	0	0	0	0	0	0	0	0	0	0	0	0	0	0	0	0	0	unique	1	yes	0	0	0	0
HGNC:4445	GPA33	Q99795	ENSG00000143167	10223	1	1	0	0	1	0	0	0	0	0	0	0	0	0	0	0	0	0	0	0	0	0	0	0	unique	1	no	1	1	1	1
HGNC:44480	IFNL4	K9M1U5	ENSG00000272395	101180976			0	0	0	0	0	0	0	0	0	0	0	0	0	0	0	0	0	0	0	0	0	0	unique	0	no	0	0	0	0
HGNC:4449	GPC1	P35052	ENSG00000063660	2817	0	1	0	0	1	0	0	0	0	0	0	0	0	0	0	0	0	0	0	0	0	0	0	0	unique	1	yes	1	1	1	1
HGNC:4450	GPC2	Q8N158	ENSG00000213420	221914	0	1	0	0	1	0	0	0	0	0	0	0	0	0	0	0	0	1	0	1	1	0	1	0	unique	1	yes	1	1	0	1
HGNC:4451	GPC3	P51654	ENSG00000147257	2719	0	1	0	0	1	1	0	0	0	1	0	0	0	0	0	0	0	1	0	1	1	0	1	0	unique	1	yes	1	1	1	1
HGNC:4452	GPC4	O75487	ENSG00000076716	2239	0	1	0	0	1	0	0	0	0	0	0	0	0	0	0	0	0	0	0	0	0	0	0	0	unique	1	yes	1	1	1	1
HGNC:4453	GPC5	P78333	ENSG00000179399	2262	0	1	0	0	0	0	0	0	0	0	0	0	0	0	0	0	0	0	0	0	0	0	0	0	unique	1	yes	1	1	1	1
HGNC:4454	GPC6	Q9Y625	ENSG00000183098	10082	0	1	0	0	0	0	0	0	0	0	0	0	0	0	0	0	0	0	0	0	0	0	0	0	unique	1	yes	1	1	1	1
HGNC:4458	GPI	P06744	ENSG00000105220	2821	0	0	0	0	1	1	0	0	0	1	0	0	1	1	0	0	0	1	0	1	1	0	1	0	unique	1	yes	0	0	0	1
HGNC:4459	GPLD1	P80108	ENSG00000112293	2822			0	0	0	0	0	0	0	0	0	0	0	0	0	0	0	0	0	0	0	0	0	0	unique	0	yes	0	0	0	0
HGNC:4460	GPM6A	P51674	ENSG00000150625	2823	0	1	0	0	0	0	0	0	0	0	0	0	0	0	0	0	0	0	0	0	0	0	0	0	unique	1	no	1	0	0	0
HGNC:4461	GPM6B	Q13491	ENSG00000046653	2824	0	1	0	0	0	0	0	0	0	0	0	0	0	0	0	0	0	0	0	0	0	0	0	0	unique	1	no	1	1	1	1
HGNC:4462	GPNMB	Q14956	ENSG00000136235	10457	1	1	0	0	1	0	0	0	0	0	0	0	0	0	0	0	0	0	0	0	0	0	0	0	unique	1	yes	1	1	1	1
HGNC:4463	CMKLR2	P46091	ENSG00000183671	2825	0	1	0	0	0	0	0	0	0	0	1	0	1	1	0	0	0	0	0	1	1	0	1	0	unique	1	yes	0	0	0	1
HGNC:4464	PRLHR	P49683	ENSG00000119973	2834	0	1	0	0	0	0	0	0	0	0	1	0	0	1	0	0	0	0	0	0	1	0	1	0	unique	1	yes	1	0	0	1
HGNC:44651	TEX46	H3BTG2	ENSG00000227868	729059			0	0	0	0	0	0	0	0	0	0	0	0	0	0	0	0	0	0	0	0	0	0	unique	0	no	0	0	0	0
HGNC:4466	GPR12	P47775	ENSG00000132975	2835	0	1	0	0	0	0	0	0	0	0	0	0	0	0	0	0	0	0	0	0	0	0	0	0	unique	1	no	1	1	1	1
HGNC:44663	GFY	I3L273	ENSG00000261949	100507003	0	0	0	0	0	0	0	0	0	0	0	0	0	0	0	0	0	0	0	0	0	0	0	0	unique	1	no	1	0	0	0
HGNC:44670	SMLR1	H3BR10	ENSG00000256162	100507203			0	0	0	0	0	0	0	0	0	0	0	0	0	0	0	0	0	0	0	0	0	0	unique	0	no	0	0	0	0
HGNC:4468	UTS2R	Q9UKP6	ENSG00000181408	2837	0	1	0	0	0	0	0	0	0	0	0	0	1	1	0	0	0	0	0	0	0	0	0	0	unique	1	yes	1	0	0	0
HGNC:4469	GPR15	P49685	ENSG00000154165	2838	0	1	0	0	0	0	0	0	0	0	0	0	0	0	0	0	0	0	0	0	0	0	0	0	unique	1	yes	1	0	0	0
HGNC:4471	GPR17	Q13304	ENSG00000144230	2840	0	1	0	0	0	0	0	0	0	0	0	0	0	0	0	0	0	0	0	0	0	0	0	0	unique	1	no	1	0	0	0
HGNC:4472	GPR18	Q14330	ENSG00000125245	2841	0	1	0	0	0	0	0	0	0	0	0	0	0	0	0	0	0	0	0	0	0	0	0	0	unique	1	yes	1	1	1	1
HGNC:4473	GPR19	Q15760	ENSG00000183150	2842	0	1	0	0	1	0	0	0	0	0	0	0	0	0	0	0	0	0	0	0	0	0	0	0	unique	1	no	1	0	0	0
HGNC:4474	CCR10	P46092	ENSG00000184451	2826	0	1	0	0	0	0	0	0	0	0	0	0	0	0	0	0	0	0	0	0	0	0	0	0	unique	1	yes	1	0	0	0
HGNC:4475	GPR20	Q99678	ENSG00000204882	2843	0	1	0	0	0	0	0	0	0	0	0	0	0	0	0	0	0	1	0	1	1	0	1	0	unique	1	no	1	0	0	1
HGNC:4476	GPR21	Q99679	ENSG00000188394	2844	0	1	0	0	1	0	0	0	0	0	0	0	0	0	0	0	0	0	0	0	0	0	0	0	unique	1	yes	1	0	0	0
HGNC:4477	GPR22	Q99680	ENSG00000172209	2845	0	1	0	0	0	0	0	0	0	0	0	0	0	0	0	0	0	0	0	0	0	0	0	0	unique	1	no	1	0	0	0
HGNC:4478	LPAR4	Q99677	ENSG00000147145	2846	0	1	0	0	0	0	0	0	0	0	0	0	0	0	0	0	0	0	0	0	0	0	0	0	unique	1	yes	1	0	0	0
HGNC:4479	MCHR1	Q99705	ENSG00000128285	2847	0	1	0	0	1	0	0	0	0	0	1	0	0	0	0	0	0	0	0	1	1	0	1	0	unique	1	yes	1	1	1	1
HGNC:4480	GPR25	O00155	ENSG00000170128	2848	0	1	0	0	0	0	0	0	0	0	0	0	0	0	0	0	0	0	0	0	0	0	0	0	unique	1	yes	1	0	0	0
HGNC:4481	GPR26	Q8NDV2	ENSG00000154478	2849	0	1	0	0	0	0	0	0	0	0	0	0	0	0	0	0	0	0	0	0	0	0	0	0	unique	1	no	1	0	0	0
HGNC:4482	GPR27	Q9NS67	ENSG00000170837	2850	0	1	0	0	0	0	0	0	0	0	0	0	0	0	0	0	0	0	0	0	0	0	0	0	unique	1	no	1	0	0	0
HGNC:4484	GPR3	P46089	ENSG00000181773	2827	0	1	0	0	0	0	0	0	0	0	0	0	1	1	0	0	0	0	0	0	0	0	0	0	unique	1	no	1	0	0	0
HGNC:4485	GPER1	Q99527	ENSG00000164850	2852	0	0	0	0	0	0	0	0	0	0	0	0	0	0	0	0	0	0	0	0	0	0	0	0	unique	1	yes	1	0	0	0
HGNC:4486	GPR31	O00270	ENSG00000120436	2853	0	1	0	0	0	0	0	0	0	0	0	0	0	0	0	0	0	0	0	0	0	0	0	0	unique	1	yes	1	1	1	1
HGNC:4487	GPR32	O75388	ENSG00000142511	2854	0	1	0	0	0	0	0	0	0	0	0	0	0	0	0	0	0	0	0	0	0	0	0	0	unique	1	yes	1	1	1	1
HGNC:4489	GPR33	Q49SQ1	ENSG00000214943	2856	0	0	0	0	0	0	0	0	0	0	0	0	0	0	0	0	0	0	0	0	0	0	0	0	unique	1	no	1	1	1	1
HGNC:4490	GPR34	Q9UPC5	ENSG00000171659	2857	0	1	0	0	0	0	0	0	0	0	0	0	1	1	0	0	0	0	0	0	0	0	0	0	unique	1	yes	1	1	1	1
HGNC:4492	GPR35	Q9HC97	ENSG00000178623	2859	0	1	0	0	0	0	0	0	0	0	0	0	1	1	0	0	0	0	0	0	0	0	0	0	unique	1	no	1	0	0	0
HGNC:4494	GPR37	O15354	ENSG00000170775	2861	0	1	0	0	0	0	0	0	0	0	0	0	0	0	0	0	0	0	0	0	0	0	0	0	unique	1	yes	1	0	0	0
HGNC:4495	MLNR	O43193	ENSG00000102539	2862	0	1	0	0	0	0	0	0	0	0	1	0	1	1	0	1	0	0	0	0	1	0	1	0	unique	1	yes	1	1	1	1
HGNC:4496	GPR39	O43194	ENSG00000183840	2863	0	1	0	0	0	0	0	0	0	0	0	0	0	0	0	0	0	0	0	0	0	0	0	0	unique	1	yes	1	0	0	0
HGNC:4497	GPR4	P46093	ENSG00000177464	2828	0	1	0	0	0	0	0	0	0	0	0	0	1	1	0	0	0	0	0	1	0	0	0	0	unique	1	no	1	0	0	0
HGNC:4498	FFAR1	O14842	ENSG00000126266	2864	0	1	0	0	0	0	0	0	0	0	0	0	1	1	1	1	0	0	0	0	1	0	1	0	unique	1	yes	1	0	0	1
HGNC:4499	FFAR3	O14843	ENSG00000185897	2865	0	1	0	0	0	0	0	0	0	0	0	0	1	1	0	1	0	0	0	0	1	0	1	0	unique	1	yes	1	1	1	1
HGNC:45	ABCB4	P21439	ENSG00000005471	5244	0	1	0	0	1	0	0	0	0	0	0	0	1	1	0	0	0	1	0	1	1	0	1	0	unique	1	yes	1	1	1	1
HGNC:4500	GPR42	O15529	ENSG00000126251	2866	0	0	0	0	0	0	0	0	0	0	0	0	0	0	0	0	0	0	0	0	0	0	0	0	unique	1	no	1	1	1	1
HGNC:4501	FFAR2	O15552	ENSG00000126262	2867	0	1	0	0	0	0	0	0	0	0	0	0	1	1	0	0	0	0	0	0	0	0	0	0	unique	1	yes	1	0	0	0
HGNC:4502	PTGDR2	Q9Y5Y4	ENSG00000183134	11251	0	1	0	0	0	0	0	0	0	0	0	0	1	1	0	1	0	0	0	0	1	0	1	0	unique	1	yes	1	0	0	1
HGNC:4503	GPR45	Q9Y5Y3	ENSG00000135973	11250	0	1	0	0	0	0	0	0	0	0	0	0	0	0	0	0	0	0	0	0	0	0	0	0	unique	1	no	1	0	0	0
HGNC:4504	LGR5	O75473	ENSG00000139292	8549	0	1	0	0	0	0	0	0	0	0	1	1	0	0	0	0	0	0	0	0	1	1	1	1	unique	1	yes	1	0	0	1
HGNC:4506	GPR50	Q13585	ENSG00000102195	9248	0	1	0	0	0	0	0	0	0	0	0	0	0	0	0	0	0	0	0	1	0	0	0	0	unique	1	no	1	1	1	1
HGNC:4507	GABBR2	O75899	ENSG00000136928	9568	0	1	0	0	1	0	0	0	0	0	0	0	1	1	0	0	0	0	0	0	0	0	0	0	unique	1	yes	1	1	1	1
HGNC:4508	GPR52	Q9Y2T5	ENSG00000203737	9293	0	1	0	0	0	0	0	0	0	0	0	0	0	1	0	0	0	0	0	1	0	0	0	0	unique	1	no	1	0	0	0
HGNC:4510	KISS1R	Q969F8	ENSG00000116014	84634	0	1	0	0	0	0	0	0	0	0	1	0	0	0	0	0	0	0	0	0	1	0	1	0	unique	1	yes	1	0	0	1
HGNC:4511	GPR55	Q9Y2T6	ENSG00000135898	9290	0	1	0	0	0	0	0	0	0	0	0	0	1	1	0	0	0	0	0	1	0	0	0	0	unique	1	yes	1	0	0	0
HGNC:4512	ADGRG1	Q9Y653	ENSG00000205336	9289	0	1	0	0	1	0	0	0	0	0	0	0	1	1	1	0	0	0	0	0	0	0	0	0	unique	1	yes	0	0	0	0
HGNC:4514	TAAR2	Q9P1P5	ENSG00000146378	9287	0	1	0	0	0	0	0	0	0	0	0	0	0	0	0	0	0	0	0	0	0	0	0	0	unique	1	yes	1	1	1	1
HGNC:4515	GPR6	P46095	ENSG00000146360	2830	0	1	0	0	0	0	0	0	0	0	0	0	1	1	0	0	0	0	0	0	0	0	0	0	unique	1	no	1	0	0	0
HGNC:4516	ADGRG2	Q8IZP9	ENSG00000173698	10149	0	0	0	0	1	0	0	0	0	0	0	0	0	0	0	0	0	0	0	0	0	0	0	0	unique	1	yes	0	0	0	0
HGNC:4517	GPR65	Q8IYL9	ENSG00000140030	8477	0	1	0	0	0	0	0	0	0	0	0	0	0	0	0	0	0	0	0	0	0	0	0	0	unique	1	yes	1	0	0	0
HGNC:4518	NMUR1	Q9HB89	ENSG00000171596	10316	0	1	0	0	0	0	0	0	0	0	1	0	0	0	0	0	0	0	0	0	1	0	1	0	unique	1	yes	1	1	1	1
HGNC:4519	GPR68	Q15743	ENSG00000119714	8111	0	1	0	0	0	0	0	0	0	0	0	0	0	0	0	0	0	0	0	0	0	0	0	0	unique	1	yes	1	1	0	1
HGNC:4522	NPBWR1	P48145	ENSG00000288611	2831	0	1	0	0	0	0	0	0	0	0	0	0	0	0	0	0	0	0	0	0	0	0	0	0	unique	1	yes	1	0	0	0
HGNC:4523	GPR83	Q9NYM4	ENSG00000123901	10888	0	1	0	0	0	0	0	0	0	0	0	0	0	0	0	0	0	0	0	0	0	0	0	0	unique	1	no	1	0	0	0
HGNC:4524	PROKR1	Q8TCW9	ENSG00000169618	10887	0	1	0	0	0	0	0	0	0	0	0	0	0	0	0	0	0	0	0	0	0	0	0	0	unique	1	yes	1	0	0	0
HGNC:4525	NPFFR2	Q9Y5X5	ENSG00000056291	10886	0	1	0	0	0	0	0	0	0	0	1	0	0	0	0	0	0	0	0	1	1	0	1	0	unique	1	yes	1	0	0	1
HGNC:4526	GPR75	O95800	ENSG00000119737	10936	0	1	0	0	1	0	0	0	0	0	0	0	0	0	0	0	0	1	0	1	1	0	1	0	unique	1	yes	1	0	0	1
HGNC:4527	C5AR2	Q9P296	ENSG00000134830	27202	0	1	0	0	0	0	0	0	0	0	1	0	0	0	0	0	0	0	0	1	1	0	1	0	unique	1	yes	1	0	0	1
HGNC:4528	GPR78	Q96P69	ENSG00000155269	27201	0	1	0	0	0	0	0	0	0	0	0	0	0	0	0	0	0	0	0	0	0	0	0	0	unique	1	no	1	1	1	1
HGNC:453	AMBP	P02760	ENSG00000106927	259	0	0	0	0	1	1	0	0	0	1	0	0	0	0	0	0	0	0	0	0	1	0	0	0	unique	1	no	0	0	0	0
HGNC:4530	NPBWR2	P48146	ENSG00000125522	2832	0	1	0	0	0	0	0	0	0	0	0	0	0	0	0	0	0	0	0	0	0	0	0	0	unique	1	yes	1	0	0	0
HGNC:4531	OXGR1	Q96P68	ENSG00000165621	27199	0	1	0	0	0	0	0	0	0	0	0	0	1	1	0	1	0	0	0	0	1	0	1	0	unique	1	yes	1	0	0	1
HGNC:4532	HCAR1	Q9BXC0	ENSG00000196917	27198	0	1	0	0	0	0	0	0	0	0	0	0	1	1	0	1	0	0	0	0	1	0	1	0	unique	1	yes	1	0	0	1
HGNC:4533	GPR82	Q96P67	ENSG00000171657	27197	0	1	0	0	0	0	0	0	0	0	0	0	0	0	0	0	0	0	0	0	0	0	0	0	unique	1	no	1	0	0	0
HGNC:4535	GPR84	Q9NQS5	ENSG00000139572	53831	0	1	0	0	0	0	0	0	0	0	0	0	1	1	0	0	0	0	0	0	0	0	0	0	unique	1	yes	1	0	0	0
HGNC:4536	GPR85	P60893	ENSG00000164604	54329	0	1	0	0	0	0	0	0	0	0	0	0	0	0	0	0	0	0	0	0	0	0	0	0	unique	1	yes	1	0	0	0
HGNC:4537	P2RY13	Q9BPV8	ENSG00000181631	53829	0	1	0	0	0	0	0	0	0	0	0	0	1	1	0	1	0	0	0	0	1	0	1	0	unique	1	yes	1	0	0	1
HGNC:4538	GPR87	Q9BY21	ENSG00000138271	53836	0	1	0	0	0	0	0	0	0	0	0	0	0	0	0	0	0	0	0	0	0	0	0	0	unique	1	no	1	0	0	0
HGNC:4539	GPR88	Q9GZN0	ENSG00000181656	54112	0	1	0	0	0	0	0	0	0	0	0	0	1	1	0	0	0	0	0	0	0	0	0	0	unique	1	no	1	0	0	0
HGNC:4540	CXCR3	P49682	ENSG00000186810	2833	0	1	0	0	1	0	0	0	0	0	1	0	1	1	0	0	0	1	0	1	1	0	1	0	unique	1	yes	1	0	0	1
HGNC:4542	SUCNR1	Q9BXA5	ENSG00000198829	56670	0	1	0	0	0	0	0	0	0	0	0	0	1	1	0	1	0	0	0	0	1	0	1	0	unique	1	yes	1	0	0	1
HGNC:4557	GPX5	O75715	ENSG00000224586	2880			0	0	0	0	0	0	0	0	0	0	0	0	0	0	0	0	0	0	0	0	0	0	unique	0	no	0	0	0	0
HGNC:4571	GRIA1	P42261	ENSG00000155511	2890	0	1	0	0	0	0	0	0	0	0	0	0	0	0	0	0	0	0	0	0	0	0	0	0	unique	1	yes	1	1	1	1
HGNC:4572	GRIA2	P42262	ENSG00000120251	2891	0	1	0	0	1	0	0	0	0	0	0	0	1	1	1	0	0	0	0	0	0	0	0	0	unique	1	yes	1	1	1	1
HGNC:4573	GRIA3	P42263	ENSG00000125675	2892	0	1	0	0	1	0	0	0	0	0	0	0	0	0	0	0	0	0	0	0	0	0	0	0	unique	1	yes	1	1	1	1
HGNC:4574	GRIA4	P48058	ENSG00000152578	2893	0	1	0	0	0	0	0	0	0	0	0	0	0	0	0	0	0	0	0	0	0	0	0	0	unique	1	yes	1	1	1	1
HGNC:4575	GRID1	Q9ULK0	ENSG00000182771	2894	0	1	0	0	0	0	0	0	0	0	0	0	1	1	1	0	0	0	0	0	0	0	0	0	unique	1	yes	1	1	1	1
HGNC:4576	GRID2	O43424	ENSG00000152208	2895	0	1	0	0	1	0	0	0	0	0	0	0	0	0	0	0	0	0	0	0	0	0	0	0	unique	1	yes	1	1	1	1
HGNC:4579	GRIK1	P39086	ENSG00000171189	2897	0	1	0	0	0	0	0	0	0	0	0	0	1	1	1	0	0	0	0	0	0	0	0	0	unique	1	yes	1	1	1	1
HGNC:4580	GRIK2	Q13002	ENSG00000164418	2898	0	1	0	0	0	0	0	0	0	0	0	0	1	1	1	0	0	0	0	0	0	0	0	0	unique	1	yes	1	1	1	1
HGNC:4581	GRIK3	Q13003	ENSG00000163873	2899	0	1	0	0	0	0	0	0	0	0	0	0	0	0	0	0	0	0	0	0	0	0	0	0	unique	1	yes	1	1	1	1
HGNC:4582	GRIK4	Q16099	ENSG00000149403	2900	0	1	0	0	1	0	0	0	0	0	0	0	0	0	0	0	0	0	0	0	0	0	0	0	unique	1	yes	1	1	1	1
HGNC:4583	GRIK5	Q16478	ENSG00000105737	2901	0	1	0	0	0	0	0	0	0	0	0	0	0	0	0	0	0	0	0	0	0	0	0	0	unique	1	yes	1	1	1	1
HGNC:4584	GRIN1	Q05586	ENSG00000176884	2902	0	1	0	0	1	1	1	0	0	1	0	0	1	1	1	0	0	1	1	1	1	1	1	1	unique	1	yes	1	1	1	1
HGNC:4585	GRIN2A	Q12879	ENSG00000183454	2903	0	1	0	0	1	0	0	0	0	0	0	0	1	1	1	0	0	1	1	1	1	1	1	1	unique	1	yes	1	1	1	1
HGNC:4586	GRIN2B	Q13224	ENSG00000273079	2904	0	1	0	0	1	0	0	0	0	0	0	0	1	1	1	0	0	1	1	1	1	1	1	1	unique	1	yes	1	1	1	1
HGNC:4587	GRIN2C	Q14957	ENSG00000161509	2905	0	1	0	0	1	0	0	0	0	0	0	0	0	0	0	0	0	0	0	0	0	0	0	0	unique	1	yes	1	1	1	1
HGNC:4588	GRIN2D	O15399	ENSG00000105464	2906	0	1	0	0	1	0	0	0	0	0	0	0	1	1	1	0	0	0	0	0	0	0	0	0	unique	1	yes	1	1	1	1
HGNC:4589	GRINA	Q7Z429	ENSG00000178719	2907			0	0	0	0	0	0	0	0	0	0	0	0	0	0	0	0	0	0	0	0	0	0	unique	0	no	0	0	0	0
HGNC:4593	GRM1	Q13255	ENSG00000152822	2911	0	1	0	0	0	0	0	0	0	0	0	0	1	1	1	1	1	1	1	1	1	1	1	1	unique	1	yes	1	1	1	1
HGNC:4594	GRM2	Q14416	ENSG00000164082	2912	0	1	0	0	0	0	0	0	0	0	0	0	1	1	1	1	1	1	1	1	1	1	1	1	unique	1	yes	1	1	1	1
HGNC:4595	GRM3	Q14832	ENSG00000198822	2913	0	1	0	0	0	0	0	0	0	0	0	0	1	1	1	1	1	0	0	1	1	1	1	1	unique	1	yes	1	1	1	1
HGNC:4596	GRM4	Q14833	ENSG00000124493	2914	0	1	0	0	1	0	0	0	0	0	0	0	1	1	1	1	1	0	0	0	1	1	1	1	unique	1	yes	1	1	1	1
HGNC:4597	GRM5	P41594	ENSG00000168959	2915	0	1	0	0	1	1	1	0	0	1	0	0	1	1	1	1	1	1	1	1	1	1	1	1	unique	1	yes	1	1	0	1
HGNC:4598	GRM6	O15303	ENSG00000113262	2916	0	1	0	0	1	0	0	0	0	0	0	0	0	0	0	0	0	0	0	0	0	0	0	0	unique	1	yes	1	1	1	1
HGNC:4599	GRM7	Q14831	ENSG00000196277	2917	0	1	0	0	1	0	0	0	0	0	0	0	1	1	1	1	1	0	0	0	1	1	1	1	unique	1	yes	1	1	1	1
HGNC:46	ABCB5	Q2M3G0	ENSG00000004846	340273	0	1	0	0	1	1	0	0	0	1	0	0	0	0	0	0	0	0	0	0	1	0	0	0	unique	1	no	1	1	1	1
HGNC:4600	GRM8	O00222	ENSG00000179603	2918	0	1	0	0	1	0	0	0	0	0	0	0	1	1	1	1	1	0	0	1	1	1	1	1	unique	1	yes	1	1	1	1
HGNC:4601	GRN	P28799	ENSG00000030582	2896	0	0	0	0	1	0	0	0	0	0	0	0	0	0	0	0	0	0	0	0	0	0	0	0	unique	1	yes	0	0	0	0
HGNC:4606	PDIA3	P30101	ENSG00000167004	2923	0	0	0	0	1	0	0	0	0	0	0	0	0	0	0	0	0	0	0	0	0	0	0	0	unique	1	yes	0	0	0	0
HGNC:4609	GRPR	P30550	ENSG00000126010	2925	0	1	0	0	0	0	0	0	0	0	1	0	1	1	0	0	0	0	0	0	1	0	1	0	unique	1	yes	1	0	0	1
HGNC:4620	GSN	P06396	ENSG00000148180	2934			0	0	1	0	0	1	0	1	0	0	1	1	0	0	0	1	0	1	1	0	1	0	unique	0	yes	0	0	0	1
HGNC:463	AMFR	Q9UKV5	ENSG00000159461	267			0	0	1	0	0	0	0	0	0	0	0	0	0	0	0	0	0	0	0	0	0	0	unique	0	yes	0	0	0	0
HGNC:465	AMHR2	Q16671	ENSG00000135409	269	1	1	0	0	1	0	0	0	0	0	0	0	0	0	0	0	0	0	0	0	0	0	0	0	unique	1	yes	1	1	1	1
HGNC:4682	GUCA2A	Q02747	ENSG00000197273	2980			0	0	1	0	0	0	0	0	0	0	0	0	0	0	0	0	0	0	0	0	0	0	unique	0	yes	0	0	0	0
HGNC:4688	GUCY2C	P25092	ENSG00000070019	2984	1	1	0	0	1	0	0	1	1	1	0	0	0	0	0	0	0	1	1	1	1	1	1	1	unique	1	yes	1	1	1	1
HGNC:4689	GUCY2D	Q02846	ENSG00000132518	3000	0	0	0	0	1	0	0	0	0	0	0	0	0	0	0	0	0	0	0	0	0	0	0	0	unique	1	yes	0	0	0	0
HGNC:4691	GUCY2F	P51841	ENSG00000101890	2986	1	1	0	0	1	0	0	0	0	0	0	0	0	0	0	0	0	0	0	0	0	0	0	0	unique	1	yes	0	0	0	0
HGNC:4696	GUSB	P08236	ENSG00000169919	2990			0	0	0	0	0	0	0	0	0	0	0	1	0	0	0	0	0	0	0	0	0	0	unique	0	no	0	0	0	0
HGNC:47	ABCB6	Q9NP58	ENSG00000115657	10058	0	1	0	0	1	0	0	0	0	0	0	0	1	1	0	0	0	0	0	0	0	0	0	0	unique	1	yes	0	0	0	0
HGNC:4702	GYPA	P02724	ENSG00000170180	2993	1	1	0	0	1	0	0	0	0	0	0	0	1	1	0	0	0	0	0	0	0	0	0	0	unique	1	yes	1	0	0	0
HGNC:4703	GYPB	P06028	ENSG00000250361	2994	1	1	0	0	1	0	0	0	0	0	0	0	0	0	0	0	0	0	0	0	0	0	0	0	unique	1	yes	0	0	0	0
HGNC:4704	GYPC	P04921	ENSG00000136732	2995	1	1	0	0	1	0	0	0	0	0	0	0	0	0	0	0	0	0	0	0	0	0	0	0	unique	1	yes	1	0	0	0
HGNC:4705	GYPE	P15421	ENSG00000197465	2996	1	1	0	0	0	0	0	0	0	0	0	0	0	0	0	0	0	0	0	0	0	0	0	0	unique	1	no	0	0	0	0
HGNC:4709	GZMB	P10144	ENSG00000100453	3002	0	0	0	0	0	0	0	0	0	0	0	0	0	0	0	0	0	0	0	0	0	0	0	0	unique	1	no	0	0	0	0
HGNC:471	AMPH	P49418	ENSG00000078053	273	0	0	0	0	0	0	0	0	0	0	0	0	0	0	0	0	0	0	0	0	0	0	0	0	unique	1	no	0	0	0	0
HGNC:4762	H2BC12L	P57053	ENSG00000234289	54145			0	0	1	1	0	0	0	1	0	0	0	0	0	0	0	0	0	0	1	0	0	0	unique	0	no	0	0	0	0
HGNC:4798	HABP2	Q14520	ENSG00000148702	3026			0	0	1	0	0	0	0	0	0	0	0	0	0	0	0	0	0	0	0	0	0	0	unique	0	yes	0	0	0	0
HGNC:4818	HAS1	Q92839	ENSG00000105509	3036	0	0	0	0	0	0	0	0	0	0	0	0	0	0	0	0	0	0	0	0	0	0	0	0	unique	1	yes	0	0	0	0
HGNC:4820	HAS3	O00219	ENSG00000103044	3038	0	1	0	0	0	0	0	0	0	0	0	0	0	0	0	0	0	0	0	0	0	0	0	0	unique	1	no	0	0	0	0
HGNC:483	ANG	P03950	ENSG00000214274	283			0	0	1	0	0	1	0	1	0	0	1	1	0	0	0	1	0	1	1	0	1	0	unique	0	yes	0	0	0	1
HGNC:4840	HCK	P08631	ENSG00000101336	3055	0	0	0	0	1	0	0	0	0	0	0	0	1	1	0	1	0	0	0	0	1	0	1	0	unique	1	no	0	0	0	1
HGNC:4845	HCN1	O60741	ENSG00000164588	348980	0	1	0	0	0	0	0	0	0	0	0	0	1	1	0	0	0	0	0	0	0	0	0	0	unique	1	no	0	0	0	0
HGNC:4846	HCN2	Q9UL51	ENSG00000099822	610	0	1	0	0	1	0	0	0	0	0	0	0	1	1	0	0	0	0	0	0	0	0	0	0	unique	1	yes	0	0	0	0
HGNC:4848	HCRTR1	O43613	ENSG00000121764	3061	0	1	0	0	0	0	0	0	0	0	0	0	1	1	0	1	0	0	0	0	1	0	1	0	unique	1	yes	1	0	0	1
HGNC:4849	HCRTR2	O43614	ENSG00000137252	3062	0	1	0	0	1	0	0	1	1	1	1	0	1	1	0	1	0	1	1	1	1	1	1	1	unique	1	yes	1	1	1	1
HGNC:48576	SERTM2	A0A1B0GWG4	ENSG00000260802	401613			0	0	0	0	0	0	0	0	0	0	0	0	0	0	0	0	0	0	0	0	0	0	unique	0	no	0	0	0	0
HGNC:4862	NCKAP1L	P55160	ENSG00000123338	3071	0	0	0	0	0	0	0	0	0	0	0	0	0	0	0	0	0	0	0	0	0	0	0	0	unique	1	no	0	0	0	0
HGNC:4866	HEPH	Q9BQS7	ENSG00000089472	9843	1	1	0	0	0	0	0	0	0	0	0	0	0	0	0	0	0	0	0	0	0	0	0	0	unique	1	yes	1	1	1	1
HGNC:4886	HFE	Q30201	ENSG00000010704	3077	1	1	0	0	1	0	0	0	0	0	0	0	0	0	0	0	0	0	0	0	0	0	0	0	unique	1	yes	1	1	1	1
HGNC:4887	HJV	Q6ZVN8	ENSG00000168509	148738	0	0	0	0	1	0	0	0	0	0	0	0	0	0	0	0	0	0	0	0	0	0	0	0	unique	1	yes	1	1	1	1
HGNC:4890	CFHR2	P36980	ENSG00000080910	3080			0	0	1	0	0	0	0	0	0	0	0	0	0	0	0	1	0	1	1	0	1	0	unique	0	yes	0	0	0	1
HGNC:48953	SMIM30	A4D0T7	ENSG00000214194	401397	0	0	0	0	0	0	0	0	0	0	0	0	0	0	0	0	0	0	0	0	0	0	0	0	unique	1	no	0	0	0	0
HGNC:490	ANGPTL2	Q9UKU9	ENSG00000136859	23452	0	0	0	0	0	0	0	0	0	0	0	0	0	0	0	0	0	0	0	0	0	0	0	0	unique	1	yes	0	0	0	0
HGNC:4904	HHLA1	C9JL84	ENSG00000132297	10086			0	0	1	0	0	0	0	0	0	0	0	0	0	0	0	0	0	0	0	0	0	0	unique	0	no	0	0	0	0
HGNC:4905	HHLA2	Q9UM44	ENSG00000114455	11148	1	1	0	0	0	0	0	0	0	0	0	0	0	0	0	0	0	0	0	0	0	0	0	0	unique	1	yes	1	1	1	1
HGNC:49233	OOSP1	A8MZH6	ENSG00000284873	255649			0	0	0	0	0	0	0	0	0	0	0	0	0	0	0	0	0	0	0	0	0	0	unique	0	no	0	0	0	0
HGNC:49272	C2orf92	A0A1B0GVN3	ENSG00000228486	728537			0	0	0	0	0	0	0	0	0	0	0	0	0	0	0	0	0	0	0	0	0	0	unique	0	no	0	0	0	0
HGNC:493	ANK2	Q01484	ENSG00000145362	287	0	0	0	0	1	1	0	0	0	1	0	0	0	0	0	0	0	0	0	0	1	0	0	0	unique	1	no	0	0	0	0
HGNC:4931	HLA-A	P04439	ENSG00000206503	3105	0	0	0	0	1	1	1	0	0	1	0	0	1	1	1	0	0	1	1	1	1	1	1	1	unique	1	yes	0	0	0	1
HGNC:4932	HLA-B	P01889	ENSG00000234745	3106	1	1	0	0	1	1	1	0	0	1	0	0	1	1	1	0	0	1	1	1	1	1	1	1	unique	1	yes	0	0	0	1
HGNC:4933	HLA-C	P10321	ENSG00000204525	3107	1	1	0	0	1	0	0	0	0	0	0	0	0	0	0	0	0	0	0	0	0	0	0	0	unique	1	yes	0	0	0	0
HGNC:4934	HLA-DMA	P28067	ENSG00000204257	3108	0	0	0	0	1	0	0	0	0	0	0	0	0	0	0	0	0	0	0	0	0	0	0	0	unique	1	yes	1	1	1	1
HGNC:4935	HLA-DMB	P28068	ENSG00000242574	3109	0	0	0	0	0	0	0	0	0	0	0	0	0	0	0	0	0	0	0	0	0	0	0	0	unique	1	no	1	1	1	1
HGNC:4936	HLA-DOA	P06340	ENSG00000204252	3111	0	0	0	0	0	0	0	0	0	0	0	0	0	0	0	0	0	0	0	0	0	0	0	0	unique	1	yes	1	1	1	1
HGNC:4937	HLA-DOB	P13765	ENSG00000241106	3112	0	0	0	0	0	0	0	0	0	0	0	0	0	0	0	0	0	0	0	0	0	0	0	0	unique	1	yes	1	1	1	1
HGNC:4938	HLA-DPA1	P20036	ENSG00000231389	3113	1	1	0	0	1	0	0	0	0	0	0	0	0	0	0	0	0	0	0	0	0	0	0	0	unique	1	yes	1	1	1	1
HGNC:49389	CATSPERH	E9PQX1	ENSG00000187066	100130348	0	0	0	0	0	0	0	0	0	0	0	0	0	0	0	0	0	0	0	0	0	0	0	0	unique	1	yes	0	0	0	0
HGNC:49394	ARMH2	H3BNL8	ENSG00000260286	101928603			0	0	0	0	0	0	0	0	0	0	0	0	0	0	0	0	0	0	0	0	0	0	unique	0	no	0	0	0	0
HGNC:494	ANK3	Q12955	ENSG00000151150	288	0	0	0	0	1	0	0	0	0	0	0	0	0	0	0	0	0	0	0	0	0	0	0	0	unique	1	yes	0	0	0	0
HGNC:4940	HLA-DPB1	P04440	ENSG00000223865	3115	1	1	0	0	1	0	0	0	0	0	0	0	0	0	0	0	0	0	0	0	0	0	0	0	unique	1	yes	1	1	1	1
HGNC:4942	HLA-DQA1	P01909	ENSG00000196735	3117	1	1	0	0	1	0	0	0	0	0	0	0	0	0	0	0	0	1	1	1	1	1	1	1	unique	1	yes	1	0	0	1
HGNC:4943	HLA-DQA2	P01906	ENSG00000237541	3118	1	1	0	0	1	0	0	0	0	0	0	0	0	0	0	0	0	0	0	0	0	0	0	0	unique	1	yes	1	1	1	1
HGNC:4944	HLA-DQB1	P01920	ENSG00000179344	3119	1	1	0	0	1	0	0	0	0	1	0	0	0	0	0	0	0	1	1	1	1	1	1	1	unique	1	yes	1	1	1	1
HGNC:4945	HLA-DQB2	P05538	ENSG00000232629	3120	1	1	0	0	0	0	0	0	0	0	0	0	0	0	0	0	0	0	0	0	0	0	0	0	unique	1	yes	1	1	1	1
HGNC:4947	HLA-DRA	P01903	ENSG00000204287	3122	1	1	0	0	1	0	0	0	0	0	0	0	1	1	1	0	0	1	1	1	1	1	1	1	unique	1	yes	1	1	1	1
HGNC:4948	HLA-DRB1	P01911	ENSG00000196126	3123	1	1	0	0	1	0	0	0	0	1	0	0	1	1	1	0	0	0	0	0	0	0	0	0	unique	1	yes	0	0	0	0
HGNC:4951	HLA-DRB3	P79483	ENSG00000196101	3125	1	1	0	0	1	0	0	0	0	0	0	0	0	0	0	0	0	0	0	0	0	0	0	0	unique	1	yes	1	1	1	1
HGNC:49510	KANTR	A0A1W2PQU2	ENSG00000232593	102723508	0	0	0	0	0	0	0	0	0	0	0	0	0	0	0	0	0	0	0	0	0	0	0	0	unique	1	no	0	0	0	0
HGNC:4952	HLA-DRB4	P13762	ENSG00000227357	3126	1	1	0	0	0	0	0	0	0	0	0	0	0	0	0	0	0	0	0	0	0	0	0	0	unique	1	yes	1	1	1	1
HGNC:4953	HLA-DRB5	Q30154	ENSG00000198502	3127	1	1	0	0	0	0	0	0	0	0	0	0	0	0	0	0	0	0	0	0	0	0	0	0	unique	1	yes	1	1	1	1
HGNC:4962	HLA-E	P13747	ENSG00000204592	3133	1	1	0	0	1	0	0	0	0	0	0	0	0	0	0	0	0	1	1	1	1	1	1	1	unique	1	yes	1	1	1	1
HGNC:4963	HLA-F	P30511	ENSG00000204642	3134	0	0	0	0	1	0	0	0	0	0	0	0	0	0	0	0	0	0	0	0	0	0	0	0	unique	1	yes	1	1	1	1
HGNC:49638	SMIM31	A0A1B0GVY4	ENSG00000248771	100505989			0	0	0	0	0	0	0	0	0	0	0	0	0	0	0	0	0	0	0	0	0	0	unique	0	no	0	0	0	0
HGNC:4964	HLA-G	P17693	ENSG00000204632	3135	1	1	0	0	1	1	1	0	0	1	0	0	0	0	0	0	0	1	1	1	1	1	1	1	unique	1	yes	1	1	1	1
HGNC:497	TRPA1	O75762	ENSG00000104321	8989	0	1	0	0	0	0	0	0	0	0	0	0	1	1	0	1	0	0	0	0	1	0	1	0	unique	1	yes	0	0	0	1
HGNC:4975	MR1	Q95460	ENSG00000153029	3140	0	0	0	0	0	0	0	0	0	0	0	0	1	1	1	0	0	0	0	0	0	0	0	0	unique	1	yes	1	1	1	1
HGNC:49760	MCTS2	A0A3B3IRV3	ENSG00000101898	100101490	0	0	0	0	0	0	0	0	0	0	0	0	0	0	0	0	0	0	0	0	0	0	0	0	unique	1	no	0	0	0	0
HGNC:4983	HMGB1	P09429	ENSG00000189403	3146	0	0	0	0	1	0	0	0	0	0	0	0	0	0	0	0	0	0	0	0	0	0	0	0	unique	1	yes	0	0	0	0
HGNC:50	ABCB9	Q9NP78	ENSG00000150967	23457	0	0	0	0	0	0	0	0	0	0	0	0	0	0	0	0	0	0	0	0	0	0	0	0	unique	1	yes	1	1	1	1
HGNC:500	ANPEP	P15144	ENSG00000166825	290	1	1	0	0	1	0	0	0	0	0	0	0	1	1	1	0	0	0	0	0	0	0	0	0	unique	1	yes	1	1	1	1
HGNC:5000	HMGB2	P26583	ENSG00000164104	3148			0	0	1	0	0	0	0	0	0	0	0	0	0	0	0	0	0	0	0	0	0	0	unique	0	yes	0	0	0	0
HGNC:5012	HMMR	O75330	ENSG00000072571	3161	0	0	0	0	0	0	0	0	0	0	0	0	0	0	0	0	0	0	0	0	0	0	0	0	unique	1	yes	0	0	0	0
HGNC:5048	HNRNPU	Q00839	ENSG00000153187	3192	0	0	0	0	1	0	0	0	0	0	0	0	0	0	0	0	0	0	0	0	0	0	0	0	unique	1	yes	0	0	0	0
HGNC:50507	CTXND1	A0A1B0GTU2	ENSG00000259417	100996492			0	0	0	0	0	0	0	0	0	0	0	0	0	0	0	0	0	0	0	0	0	0	unique	0	no	0	0	0	0
HGNC:51	ABCC1	P33527	ENSG00000103222	4363	0	1	0	0	1	0	0	0	0	0	0	0	1	1	0	0	0	0	0	0	0	0	0	0	unique	1	no	1	1	1	1
HGNC:51241	TMEM265	A0A087WTH1	ENSG00000281991	100862671			0	0	0	0	0	0	0	0	0	0	0	0	0	0	0	0	0	0	0	0	0	0	unique	0	no	0	0	0	0
HGNC:51245	TBC1D3K	A0A087X1G2	ENSG00000273513	101060351			0	0	0	0	0	0	0	0	0	0	0	0	0	0	0	0	0	0	0	0	0	0	unique	0	no	0	0	0	0
HGNC:51259	CLDN34	H7C241	ENSG00000234469	100288814	0	1	0	0	0	0	0	0	0	0	0	0	0	0	0	0	0	0	0	0	0	0	0	0	unique	1	no	0	0	0	0
HGNC:51375	TMIGD3	P0DMS9	ENSG00000121933	57413			0	0	0	0	0	0	0	0	0	0	0	0	0	0	0	0	0	0	0	0	0	0	unique	0	no	0	0	0	0
HGNC:5155	HPN	P05981	ENSG00000105707	3249	1	1	0	0	1	0	0	1	1	1	0	0	1	1	1	0	0	1	1	1	1	1	1	1	unique	1	yes	0	0	0	1
HGNC:5164	HPSE	Q9Y251	ENSG00000173083	10855			0	0	1	0	0	1	0	1	0	0	1	1	0	0	0	1	0	1	1	0	1	0	unique	0	yes	0	0	0	1
HGNC:5182	HRH1	P35367	ENSG00000196639	3269	0	1	0	0	1	0	0	0	0	0	0	0	1	1	0	1	0	0	0	0	1	0	1	0	unique	1	yes	1	1	1	1
HGNC:51826	GSG1L2	A8MUP6	ENSG00000214978	644070	0	0	0	0	0	0	0	0	0	0	0	0	0	0	0	0	0	0	0	0	0	0	0	0	unique	1	no	0	0	0	0
HGNC:5183	HRH2	P25021	ENSG00000113749	3274	0	1	0	0	1	0	0	0	0	0	0	0	1	1	0	0	0	0	0	1	0	0	0	0	unique	1	yes	1	0	0	0
HGNC:51831	OPN1MW3	P0DN78	ENSG00000269433	101060233	0	1	0	0	0	0	0	0	0	0	0	0	0	0	0	0	0	0	0	0	0	0	0	0	unique	1	yes	0	0	0	0
HGNC:5184	HRH3	Q9Y5N1	ENSG00000101180	11255	0	1	0	0	0	0	0	0	0	0	0	0	1	1	0	1	0	0	0	0	1	0	1	0	unique	1	yes	1	0	0	1
HGNC:5195	HS3ST2	Q9Y278	ENSG00000122254	9956			0	0	0	0	0	0	0	0	0	0	0	0	0	0	0	0	0	0	0	0	0	0	unique	0	yes	0	0	0	0
HGNC:52	ABCC10	Q5T3U5	ENSG00000124574	89845	0	1	0	0	0	0	0	0	0	0	0	0	0	0	0	0	0	0	0	0	0	0	0	0	unique	1	yes	1	0	0	0
HGNC:52284	LY6L	H3BQJ8	ENSG00000261667	101928108			0	0	0	0	0	0	0	0	0	0	0	0	0	0	0	0	0	0	0	0	0	0	unique	0	no	0	0	0	0
HGNC:52292	CD300H	A0A0K2S4Q6	ENSG00000284690	100130520	0	0	0	0	0	0	0	0	0	0	0	0	0	0	0	0	0	0	0	0	0	0	0	0	unique	1	no	0	0	0	0
HGNC:5232	HSPA1A	P0DMV8	ENSG00000204389	3303			0	0	1	0	0	0	0	0	0	0	1	1	0	0	0	0	0	0	0	0	0	0	unique	0	yes	0	0	0	0
HGNC:5233	HSPA1B	P0DMV9	ENSG00000204388	3304			0	0	0	0	0	0	0	0	0	0	1	1	0	0	0	0	0	0	0	0	0	0	unique	0	yes	0	0	0	0
HGNC:5235	HSPA2	P54652	ENSG00000126803	3306	0	0	0	0	1	0	0	0	0	0	0	0	1	1	0	0	0	0	0	0	0	0	0	0	unique	1	yes	0	0	0	0
HGNC:5238	HSPA5	P11021	ENSG00000044574	3309	0	0	0	0	1	0	0	0	0	0	1	0	1	1	0	1	0	0	0	0	1	0	1	0	unique	1	yes	0	0	0	1
HGNC:52381	TMEM269	A0A1B0GVZ9	ENSG00000274386	100129924			0	0	0	0	0	0	0	0	0	0	0	0	0	0	0	0	0	0	0	0	0	0	unique	0	no	0	0	0	0
HGNC:52382	TEX50	A0A1B0GTY4	ENSG00000232113	730159			0	0	0	0	0	0	0	0	0	0	0	0	0	0	0	0	0	0	0	0	0	0	unique	0	no	0	0	0	0
HGNC:52383	NPY4R2	P0DQD5	ENSG00000264717	100996758	0	1	0	0	1	0	0	0	0	0	0	0	0	0	0	0	0	0	0	0	0	0	0	0	unique	1	yes	0	0	0	0
HGNC:52387	TEX51	A0A1B0GUA7	ENSG00000237524	101929926			0	0	0	0	0	0	0	0	0	0	0	0	0	0	0	0	0	0	0	0	0	0	unique	0	no	0	0	0	0
HGNC:52391	MYMX	A0A1B0GTQ4	ENSG00000262179	101929726	1	1	0	0	0	0	0	0	0	0	0	0	0	0	0	0	0	0	0	0	0	0	0	0	unique	1	no	0	0	0	0
HGNC:5241	HSPA8	P11142	ENSG00000109971	3312			0	0	1	0	0	0	0	0	0	0	1	1	0	0	0	0	0	0	0	0	0	0	unique	0	yes	0	0	0	0
HGNC:5244	HSPA9	P38646	ENSG00000113013	3313			0	0	1	0	0	0	0	0	0	0	1	1	0	0	0	0	0	0	0	0	0	0	unique	0	yes	0	0	0	0
HGNC:5246	HSPB1	P04792	ENSG00000106211	3315	0	0	0	0	1	0	0	0	0	0	0	0	0	0	0	0	0	0	0	0	0	0	0	0	unique	1	no	0	0	0	0
HGNC:5253	HSP90AA1	P07900	ENSG00000080824	3320			0	0	1	0	0	0	0	0	0	0	1	1	0	1	0	0	0	0	1	0	1	0	unique	0	yes	0	0	0	1
HGNC:5258	HSP90AB1	P08238	ENSG00000096384	3326	0	0	0	0	1	0	0	0	0	0	0	0	1	1	0	0	0	0	0	0	0	0	0	0	unique	1	no	0	0	0	0
HGNC:5261	HSPD1	P10809	ENSG00000144381	3329	0	0	0	0	1	0	0	0	0	0	0	0	1	1	0	0	0	0	0	0	0	0	0	0	unique	1	yes	0	0	0	0
HGNC:5269	HSPE1	P61604	ENSG00000115541	3336			0	0	0	0	0	0	0	0	0	0	0	0	0	0	0	0	0	0	0	0	0	0	unique	0	yes	0	0	0	0
HGNC:5273	HSPG2	P98160	ENSG00000142798	3339	0	0	0	0	1	1	0	0	0	1	0	0	0	0	0	0	0	0	0	0	1	0	0	0	unique	1	yes	0	0	0	0
HGNC:5286	HTR1A	P08908	ENSG00000178394	3350	0	1	0	0	1	0	0	0	0	0	0	0	1	1	0	1	0	0	0	0	1	0	1	0	unique	1	yes	1	0	0	1
HGNC:5287	HTR1B	P28222	ENSG00000135312	3351	0	1	0	0	0	0	0	0	0	0	0	0	1	1	0	1	0	0	0	1	1	0	1	0	unique	1	yes	1	0	0	1
HGNC:5289	HTR1D	P28221	ENSG00000179546	3352	0	1	0	0	0	0	0	0	0	0	0	0	1	1	0	1	0	0	0	0	1	0	1	0	unique	1	yes	1	0	0	1
HGNC:5291	HTR1E	P28566	ENSG00000168830	3354	0	1	0	0	0	0	0	0	0	0	0	0	1	1	0	0	0	0	0	0	0	0	0	0	unique	1	yes	1	0	0	0
HGNC:5292	HTR1F	P30939	ENSG00000179097	3355	0	1	0	0	0	0	0	0	0	0	0	0	0	0	0	0	0	0	0	0	0	0	0	0	unique	1	yes	1	0	0	0
HGNC:5293	HTR2A	P28223	ENSG00000102468	3356	0	1	0	0	0	0	0	0	0	0	0	0	1	1	0	1	0	0	0	0	1	0	1	0	unique	1	yes	1	0	0	1
HGNC:5294	HTR2B	P41595	ENSG00000135914	3357	0	1	0	0	1	1	0	1	0	1	0	0	1	1	0	1	0	1	0	1	1	0	1	0	unique	1	yes	1	0	0	1
HGNC:5295	HTR2C	P28335	ENSG00000147246	3358	0	1	0	0	0	0	0	0	0	0	0	0	1	1	0	1	0	0	0	0	1	0	1	0	unique	1	yes	1	0	0	1
HGNC:5297	HTR3A	P46098	ENSG00000166736	3359	0	1	0	0	0	0	0	0	0	0	0	0	0	0	0	0	0	0	0	0	0	0	0	0	unique	1	yes	1	1	1	1
HGNC:5298	HTR3B	O95264	ENSG00000149305	9177	0	1	0	0	0	0	0	0	0	0	0	0	0	0	0	0	0	0	0	0	0	0	0	0	unique	1	yes	1	1	1	1
HGNC:5299	HTR4	Q13639	ENSG00000164270	3360	0	1	0	0	1	0	0	0	0	0	0	0	1	1	0	1	0	0	0	0	1	0	1	0	unique	1	yes	1	0	0	1
HGNC:53	ABCC2	Q92887	ENSG00000023839	1244	0	0	0	0	0	0	0	0	0	0	0	0	1	1	0	0	0	0	0	0	0	0	0	0	unique	1	yes	1	1	1	1
HGNC:5300	HTR5A	P47898	ENSG00000157219	3361	0	1	0	0	0	0	0	0	0	0	0	0	1	1	0	0	0	0	0	0	0	0	0	0	unique	1	yes	1	0	0	0
HGNC:5301	HTR6	P50406	ENSG00000158748	3362	0	1	0	0	0	0	0	0	0	0	0	0	1	1	0	1	0	0	0	0	1	0	1	0	unique	1	yes	1	0	0	1
HGNC:5302	HTR7	P34969	ENSG00000148680	3363	0	1	0	0	0	0	0	0	0	0	0	0	1	1	0	0	0	0	0	0	0	0	0	0	unique	1	yes	1	0	0	0
HGNC:53075	TMEM225B	P0DP42	ENSG00000244219	100289187			0	0	0	0	0	0	0	0	0	0	0	0	0	0	0	0	0	0	0	0	0	0	unique	0	no	0	0	0	0
HGNC:53168	EDDM13	A0A1B0GTR0	ENSG00000267710	100506374			0	0	0	0	0	0	0	0	0	0	0	0	0	0	0	0	0	0	0	0	0	0	unique	0	no	0	0	0	0
HGNC:5318	TNC	P24821	ENSG00000041982	3371	0	0	0	0	1	0	0	0	0	0	0	0	1	1	0	0	0	0	0	0	0	0	0	0	unique	1	yes	0	0	0	0
HGNC:5320	HYAL1	Q12794	ENSG00000114378	3373			0	0	1	0	0	0	0	0	0	0	0	0	0	0	0	0	0	0	0	0	0	0	unique	0	yes	0	0	0	0
HGNC:5321	HYAL2	Q12891	ENSG00000068001	8692	0	1	0	0	0	0	0	0	0	0	0	0	0	0	0	0	0	0	0	0	0	0	0	0	unique	1	yes	1	1	1	1
HGNC:53217	FAM237B	A0A1B0GVD1	ENSG00000283267	107986818			0	0	0	0	0	0	0	0	0	0	0	0	0	0	0	0	0	0	0	0	0	0	unique	0	yes	0	0	0	0
HGNC:5322	HYAL3	O43820	ENSG00000186792	8372			0	0	1	1	0	0	0	1	0	0	0	0	0	0	0	0	0	0	1	0	0	0	unique	0	yes	0	0	0	0
HGNC:5323	HYAL4	Q2M3T9	ENSG00000106302	23553	0	1	0	0	0	0	0	0	0	0	0	0	0	0	0	0	0	0	0	0	0	0	0	0	unique	1	yes	0	0	0	0
HGNC:533	ANXA1	P04083	ENSG00000135046	301	0	0	0	0	1	0	0	0	0	0	0	0	0	0	0	0	0	1	0	1	1	0	1	0	unique	1	yes	0	0	0	1
HGNC:5331	NOD2	Q9HC29	ENSG00000167207	64127	0	0	0	0	1	0	0	0	0	0	0	0	0	0	0	0	0	0	0	0	0	0	0	0	unique	1	yes	0	0	0	0
HGNC:53434	SMIM28	A0A1B0GU29	ENSG00000262543	110806279			0	0	0	0	0	0	0	0	0	0	0	0	0	0	0	0	0	0	0	0	0	0	unique	0	no	0	0	0	0
HGNC:5344	ICAM1	P05362	ENSG00000090339	3383	1	1	0	0	1	0	0	1	1	1	0	0	1	1	1	0	0	1	1	1	1	1	1	1	unique	1	yes	1	1	1	1
HGNC:53440	CTXND2	A0A1B0GV90	ENSG00000283324	100996521			0	0	0	0	0	0	0	0	0	0	0	0	0	0	0	0	0	0	0	0	0	0	unique	0	no	0	0	0	0
HGNC:53444	UPK3BL2	E5RIL1	ENSG00000284981	107983993	0	0	0	0	0	0	0	0	0	0	0	0	0	0	0	0	0	0	0	0	0	0	0	0	unique	1	no	0	0	0	0
HGNC:5345	ICAM2	P13598	ENSG00000108622	3384	1	1	0	0	0	0	0	0	0	0	0	0	0	0	0	0	0	0	0	0	0	0	0	0	unique	1	yes	1	1	1	1
HGNC:53452	SMIM47	D0EPY3	ENSG00000261341	105372440			0	0	0	0	0	0	0	0	0	0	0	0	0	0	0	0	0	0	0	0	0	0	unique	0	no	0	0	0	0
HGNC:5346	ICAM3	P32942	ENSG00000076662	3385	1	1	0	0	0	0	0	0	0	0	0	0	0	0	0	0	0	0	0	0	0	0	0	0	unique	1	yes	1	1	1	1
HGNC:5347	ICAM4	Q14773	ENSG00000105371	3386	1	1	0	0	1	0	0	0	0	0	0	0	0	0	0	0	0	0	0	0	0	0	0	0	unique	1	yes	1	1	1	1
HGNC:5348	ICAM5	Q9UMF0	ENSG00000105376	7087	0	0	0	0	1	0	0	0	0	0	0	0	0	0	0	0	0	0	0	0	0	0	0	0	unique	1	yes	1	1	1	1
HGNC:5351	ICOS	Q9Y6W8	ENSG00000163600	29851	1	1	0	0	1	0	0	1	1	1	0	0	0	0	0	0	0	1	1	1	1	1	1	1	unique	1	yes	1	1	1	1
HGNC:536	ANXA13	P27216	ENSG00000104537	312	0	0	0	0	0	0	0	0	0	0	0	0	0	0	0	0	0	0	0	0	0	0	0	0	unique	1	no	0	0	0	0
HGNC:53615	EEF1AKMT4-ECE2	P0DPD8	ENSG00000284917	110599583			0	0	0	0	0	0	0	0	0	0	0	0	0	0	0	0	0	0	0	0	0	0	unique	0	yes	0	0	0	0
HGNC:53638	REELD1	A0A1B0GV85	ENSG00000250673	345051	0	0	0	0	0	0	0	0	0	0	0	0	0	0	0	0	0	0	0	0	0	0	0	0	unique	1	no	0	0	0	0
HGNC:53640	SMIM32	A0A1B0GUA5	ENSG00000271824	389332			0	0	0	0	0	0	0	0	0	0	0	0	0	0	0	0	0	0	0	0	0	0	unique	0	no	0	0	0	0
HGNC:53642	PRRT1B	A0A1B0GWB2	ENSG00000283526	642515			0	0	0	0	0	0	0	0	0	0	0	0	0	0	0	0	0	0	0	0	0	0	unique	0	no	0	0	0	0
HGNC:53644	MARCOL	A0A1B0GUY1	ENSG00000248109	105378220			0	0	0	0	0	0	0	0	0	0	0	0	0	0	0	0	0	0	0	0	0	0	unique	0	no	0	0	0	0
HGNC:53645	SMIM33	A0A1B0GW64	ENSG00000283288	111064649			0	0	0	0	0	0	0	0	0	0	0	0	0	0	0	0	0	0	0	0	0	0	unique	0	no	0	0	0	0
HGNC:53646	TMDD1	P0DPE3	ENSG00000284730	112163659	0	0	0	0	0	0	0	0	0	0	0	0	0	0	0	0	0	0	0	0	0	0	0	0	unique	1	no	0	0	0	0
HGNC:53647	CIROP	A0A1B0GTW7	ENSG00000283654	100128908	0	0	0	0	0	0	0	0	0	0	0	0	0	0	0	0	0	0	0	0	0	0	0	0	unique	1	no	0	0	0	0
HGNC:53649	PMIS2	A0A1W2PS18	ENSG00000283758	111216276			0	0	0	0	0	0	0	0	0	0	0	0	0	0	0	0	0	0	0	0	0	0	unique	0	yes	0	0	0	0
HGNC:53651	SPEM3	A0A1B0GUW6	ENSG00000283439	107983988			0	0	0	0	0	0	0	0	0	0	0	0	0	0	0	0	0	0	0	0	0	0	unique	0	no	0	0	0	0
HGNC:53654	SMIM36	A0A1B0GVT2	ENSG00000261873	101927367			0	0	0	0	0	0	0	0	0	0	0	0	0	0	0	0	0	0	0	0	0	0	unique	0	no	0	0	0	0
HGNC:537	ANXA2	P07355	ENSG00000182718	302	0	0	0	0	0	0	0	0	0	0	0	0	0	0	0	0	0	0	0	0	0	0	0	0	unique	1	yes	0	0	0	0
HGNC:53785	THSD8	A0A1W2PP97	ENSG00000284491	111644133			0	0	0	0	0	0	0	0	0	0	0	0	0	0	0	0	0	0	0	0	0	0	unique	0	no	0	0	0	0
HGNC:5381	IDE	P14735	ENSG00000119912	3416	0	0	0	0	1	1	0	1	0	1	0	0	1	1	0	1	0	1	0	1	1	0	1	0	unique	1	yes	0	0	0	1
HGNC:53895	AQP7B	A0A075B734	ENSG00000259916	100509620	0	1	0	0	0	0	0	0	0	0	0	0	0	0	0	0	0	0	0	0	0	0	0	0	unique	1	no	0	0	0	0
HGNC:53903	OOSP3	A0A2R8YFM6	ENSG00000285231	112577461			0	0	0	0	0	0	0	0	0	0	0	0	0	0	0	0	0	0	0	0	0	0	unique	0	no	0	0	0	0
HGNC:53904	OOSP4A	A0A2R8YFL7	ENSG00000285010	112577462			0	0	0	0	0	0	0	0	0	0	0	0	0	0	0	0	0	0	0	0	0	0	unique	0	no	0	0	0	0
HGNC:53905	OOSP4B	A0A2R8Y4Y8	ENSG00000255393	107987155			0	0	0	0	0	0	0	0	0	0	0	0	0	0	0	0	0	0	0	0	0	0	unique	0	no	0	0	0	0
HGNC:5392	IER3	P46695	ENSG00000137331	8870	0	0	0	0	0	0	0	0	0	0	0	0	0	0	0	0	0	0	0	0	0	0	0	0	unique	1	no	0	0	0	0
HGNC:53923	NOTCH2NLB	P0DPK3	ENSG00000286019	100996763			0	0	0	0	0	0	0	0	0	0	0	0	0	0	0	0	0	0	0	0	0	0	unique	0	yes	0	0	0	0
HGNC:53924	NOTCH2NLC	P0DPK4	ENSG00000286219	100996717			0	0	0	0	0	0	0	0	0	0	0	0	0	0	0	0	0	0	0	0	0	0	unique	0	yes	0	0	0	0
HGNC:53925	NOTCH2NLR	A0A096LNW5	ENSG00000286106	101929796			0	0	0	0	0	0	0	0	0	0	0	0	0	0	0	0	0	0	0	0	0	0	unique	0	yes	0	0	0	0
HGNC:53938	TMEM275	A0A0U1RQS6	ENSG00000282881	105378696			0	0	0	0	0	0	0	0	0	0	0	0	0	0	0	0	0	0	0	0	0	0	unique	0	no	0	0	0	0
HGNC:5395	IFI16	Q16666	ENSG00000163565	3428			0	0	0	0	0	0	0	0	0	0	0	0	0	0	0	0	0	0	0	0	0	0	unique	0	yes	0	0	0	0
HGNC:5399	IFI35	P80217	ENSG00000068079	3430			0	0	0	0	0	0	0	0	0	0	0	0	0	0	0	0	0	0	0	0	0	0	unique	0	yes	0	0	0	0
HGNC:54	ABCC3	O15438	ENSG00000108846	8714	0	1	0	0	1	0	0	0	0	0	0	0	0	0	0	0	0	0	0	0	0	0	0	0	unique	1	yes	1	1	1	1
HGNC:54074	SMIM38	A0A286YFK9	ENSG00000284713	107984345			0	0	0	0	0	0	0	0	0	0	0	0	0	0	0	0	0	0	0	0	0	0	unique	0	no	0	0	0	0
HGNC:54076	SMIM39	A0A1B0GW54	ENSG00000284479	113523639			0	0	0	0	0	0	0	0	0	0	0	0	0	0	0	0	0	0	0	0	0	0	unique	0	no	0	0	0	0
HGNC:541	ANXA3	P12429	ENSG00000138772	306	0	0	0	0	1	0	0	0	0	0	0	0	0	0	0	0	0	0	0	0	0	0	0	0	unique	1	no	0	0	0	0
HGNC:5412	IFITM1	P13164	ENSG00000185885	8519	0	1	0	0	0	0	0	0	0	0	0	0	0	0	0	0	0	0	0	0	0	0	0	0	unique	1	no	0	0	0	0
HGNC:5413	IFITM2	Q01629	ENSG00000185201	10581	0	1	0	0	0	0	0	0	0	0	0	0	0	0	0	0	0	0	0	0	0	0	0	0	unique	1	yes	0	0	0	0
HGNC:5414	IFITM3	Q01628	ENSG00000142089	10410	0	1	0	0	0	0	0	0	0	0	0	0	0	0	0	0	0	0	0	0	0	0	0	0	unique	1	no	0	0	0	0
HGNC:543	ANXA5	P08758	ENSG00000164111	308	0	0	0	0	0	0	0	0	0	0	0	0	1	1	0	0	0	0	0	0	0	0	0	0	unique	1	yes	0	0	0	0
HGNC:5432	IFNAR1	P17181	ENSG00000142166	3454	1	1	0	0	1	0	0	1	1	1	0	0	0	0	0	0	0	1	1	1	1	1	1	1	unique	1	yes	1	1	1	1
HGNC:5433	IFNAR2	P48551	ENSG00000159110	3455	1	1	0	0	0	0	0	0	0	0	0	0	0	0	0	0	0	0	0	0	0	0	0	0	unique	1	yes	1	1	1	1
HGNC:5439	IFNGR1	P15260	ENSG00000027697	3459	1	1	0	0	1	1	1	0	0	1	0	0	0	0	0	0	0	1	1	1	1	1	1	1	unique	1	yes	1	1	1	1
HGNC:54397	LY6S	P0DTL4	ENSG00000291309	105375795			0	0	0	0	0	0	0	0	0	0	0	0	0	0	0	0	0	0	0	0	0	0	unique	0	no	0	0	0	0
HGNC:544	ANXA6	P08133	ENSG00000197043	309			0	0	1	0	0	0	0	0	0	0	0	0	0	0	0	0	0	0	0	0	0	0	unique	0	yes	0	0	0	0
HGNC:5440	IFNGR2	P38484	ENSG00000159128	3460	1	1	0	0	0	0	0	0	0	0	0	0	0	0	0	0	0	0	0	0	0	0	0	0	unique	1	yes	1	1	1	1
HGNC:54403	SLCO1B3-SLCO1B7	F5H094	ENSG00000257046	115072896	0	0	0	0	0	0	0	0	0	0	0	0	0	0	0	0	0	0	0	0	0	0	0	0	unique	1	yes	0	0	0	0
HGNC:545	ANXA7	P20073	ENSG00000138279	310			0	0	0	0	0	0	0	0	0	0	0	0	0	0	0	0	0	0	0	0	0	0	unique	0	yes	0	0	0	0
HGNC:546	ANXA8	P13928	ENSG00000265190	653145	0	0	0	0	0	0	0	0	0	0	0	0	0	0	0	0	0	0	0	0	0	0	0	0	unique	1	yes	0	0	0	0
HGNC:5465	IGF1R	P08069	ENSG00000140443	3480	1	1	0	0	1	1	0	0	0	1	1	0	1	1	0	1	0	1	0	1	1	0	1	0	unique	1	yes	1	1	1	1
HGNC:5467	IGF2R	P11717	ENSG00000197081	3482	0	0	0	0	1	1	0	0	0	1	0	0	0	0	0	0	0	0	0	0	1	0	0	0	unique	1	yes	1	1	1	1
HGNC:547	ANXA9	O76027	ENSG00000143412	8416	0	0	0	0	0	0	0	0	0	0	0	0	0	0	0	0	0	0	0	0	0	0	0	0	unique	1	yes	0	0	0	0
HGNC:5471	IGFBP2	P18065	ENSG00000115457	3485			0	0	1	0	0	0	0	0	0	0	0	0	0	0	0	0	0	0	0	0	0	0	unique	0	yes	0	0	0	0
HGNC:5472	IGFBP3	P17936	ENSG00000146674	3486	0	0	0	0	0	0	0	0	0	0	0	0	0	0	0	0	0	0	0	0	0	0	0	0	unique	1	yes	0	0	0	0
HGNC:5476	IGFBP7	Q16270	ENSG00000163453	3490			0	0	0	0	0	0	0	0	0	0	0	0	0	0	0	0	0	0	0	0	0	0	unique	0	yes	0	0	0	0
HGNC:549	AOC2	O75106	ENSG00000131480	314	0	0	0	0	0	0	0	0	0	0	0	0	0	0	0	0	0	0	0	0	0	0	0	0	unique	1	yes	0	0	0	0
HGNC:55	ABCC4	O15439	ENSG00000125257	10257	0	1	0	0	1	0	0	0	0	0	0	0	1	1	0	0	0	0	0	0	0	0	0	0	unique	1	yes	1	1	1	1
HGNC:550	AOC3	Q16853	ENSG00000131471	8639	1	1	0	0	1	0	0	0	0	0	0	0	0	0	0	0	0	0	0	0	0	0	0	0	unique	1	yes	1	1	1	1
HGNC:55000	SMIM42	A0A5F9ZH02	ENSG00000288460	117981789			0	0	0	0	0	0	0	0	0	0	0	0	0	0	0	0	0	0	0	0	0	0	unique	0	no	0	0	0	0
HGNC:55077	SMIM43	Q4W5P6	ENSG00000164112	132332			0	0	0	0	0	0	0	0	0	0	0	0	0	0	0	0	0	0	0	0	0	0	unique	0	no	0	0	0	0
HGNC:55109	OR4M2B	A0A0X1KG70	ENSG00000182974	118568804	0	1	0	0	0	0	0	0	0	0	0	0	0	0	0	0	0	0	0	0	0	0	0	0	unique	1	no	0	0	0	0
HGNC:55110	OR4N4C	A0A096LPK9	ENSG00000279408	105369274	0	1	0	0	0	0	0	0	0	0	0	0	0	0	0	0	0	0	0	0	0	0	0	0	unique	1	no	0	0	0	0
HGNC:55318	PTTG1IP2	P0DTF9	ENSG00000251154	102723899	0	0	0	0	0	0	0	0	0	0	0	0	0	0	0	0	0	0	0	0	0	0	0	0	unique	1	no	0	0	0	0
HGNC:55526	LRRC51	Q96E66	ENSG00000184154	120356739			0	0	0	0	0	0	0	0	0	0	0	0	0	0	0	0	0	0	0	0	0	0	unique	0	no	0	0	0	0
HGNC:55808	SPADH	A0A494C103	ENSG00000286135	112577516			0	0	0	0	0	0	0	0	0	0	0	0	0	0	0	0	0	0	0	0	0	0	unique	0	yes	0	0	0	0
HGNC:55815	SMIM44	A0A286YF18	ENSG00000284638	122405565			0	0	0	0	0	0	0	0	0	0	0	0	0	0	0	0	0	0	0	0	0	0	unique	0	no	0	0	0	0
HGNC:55823	CIST1	A0A2R8Y7Y5	ENSG00000284797	729966	0	0	0	0	0	0	0	0	0	0	0	0	0	0	0	0	0	0	0	0	0	0	0	0	unique	1	no	0	0	0	0
HGNC:55922	TMEM217B	A0A494BZU4	ENSG00000286105	121725057			0	0	0	0	0	0	0	0	0	0	0	0	0	0	0	0	0	0	0	0	0	0	unique	0	no	0	0	0	0
HGNC:56	ABCC5	O15440	ENSG00000114770	10057	0	1	0	0	0	0	0	0	0	0	0	0	1	1	0	0	0	0	0	0	0	0	0	0	unique	1	yes	1	1	1	1
HGNC:56313	CCNYL1B	A0A8V8TMC4	ENSG00000284209	102724485			0	0	0	0	0	0	0	0	0	0	0	0	0	0	0	0	0	0	0	0	0	0	unique	0	no	0	0	0	0
HGNC:564	AP2M1	Q96CW1	ENSG00000161203	1173	0	0	0	0	0	0	0	0	0	0	0	0	0	0	0	0	0	0	0	0	0	0	0	0	unique	1	yes	0	0	0	0
HGNC:56768	SMIM10L3	A0A0C4DGP1	ENSG00000286075	122526779			0	0	0	0	0	0	0	0	0	0	0	0	0	0	0	0	0	0	0	0	0	0	unique	0	no	0	0	0	0
HGNC:56851	SCPPPQ1	A0A411D538		105377321			0	0	0	0	0	0	0	0	0	0	0	0	0	0	0	0	0	0	0	0	0	0	unique	0	no	0	0	0	0
HGNC:57	ABCC6	O95255	ENSG00000091262	368	0	0	0	0	1	0	0	0	0	0	0	0	1	1	0	0	0	0	0	0	0	0	0	0	unique	1	yes	0	0	0	0
HGNC:583	APC	P25054	ENSG00000134982	324	0	0	0	0	1	0	0	0	0	0	0	0	1	1	0	0	0	0	0	0	0	0	0	0	unique	1	no	0	0	0	0
HGNC:584	APCS	P02743	ENSG00000132703	325			0	0	0	0	0	0	0	0	0	0	1	1	0	0	0	0	0	0	0	0	0	0	unique	0	yes	0	0	0	0
HGNC:5870	IGLL1	P15814	ENSG00000128322	3543			0	0	1	0	0	0	0	0	0	0	0	0	0	0	0	1	0	1	1	0	1	0	unique	0	yes	0	0	0	1
HGNC:58752	SMIM48	A0A494C1I1	ENSG00000286190	728392			0	0	0	0	0	0	0	0	0	0	0	0	0	0	0	0	0	0	0	0	0	0	unique	0	no	0	0	0	0
HGNC:59	ABCC8	Q09428	ENSG00000006071	6833	0	1	0	0	1	0	0	0	0	0	0	0	1	1	0	0	0	0	0	0	0	0	0	0	unique	1	yes	0	0	0	0
HGNC:5948	IGSF1	Q8N6C5	ENSG00000147255	3547	1	1	0	0	1	0	0	0	0	0	0	0	0	0	0	0	0	0	0	0	0	0	0	0	unique	1	no	1	1	1	1
HGNC:5949	CD101	Q93033	ENSG00000134256	9398	1	1	0	0	0	0	0	0	0	0	0	0	0	0	0	0	0	0	0	0	0	0	0	0	unique	1	no	1	1	1	1
HGNC:5950	IGSF3	O75054	ENSG00000143061	3321	1	1	0	0	1	0	0	0	0	0	0	0	0	0	0	0	0	0	0	0	0	0	0	0	unique	1	yes	1	1	1	1
HGNC:5951	CADM1	Q9BY67	ENSG00000182985	23705	1	1	0	0	0	0	0	0	0	0	0	0	0	0	0	0	0	0	0	0	0	0	0	0	unique	1	yes	1	1	1	1
HGNC:5952	IGSF5	Q9NSI5	ENSG00000183067	150084	1	1	0	0	0	0	0	0	0	0	0	0	0	0	0	0	0	0	0	0	0	0	0	0	unique	1	yes	1	1	1	1
HGNC:5953	IGSF6	O95976	ENSG00000140749	10261	1	1	0	0	0	0	0	0	0	0	0	0	0	0	0	0	0	0	0	0	0	0	0	0	unique	1	no	1	1	1	1
HGNC:5956	IHH	Q14623	ENSG00000163501	3549			0	0	0	0	0	0	0	0	0	0	0	0	0	0	0	0	0	0	0	0	0	0	unique	0	yes	0	0	0	0
HGNC:5964	IL10RA	Q13651	ENSG00000110324	3587	1	1	0	0	0	0	0	0	0	0	0	0	0	0	0	0	0	0	0	0	0	0	0	0	unique	1	yes	1	1	1	1
HGNC:5965	IL10RB	Q08334	ENSG00000243646	3588	1	1	0	0	0	0	0	0	0	0	0	0	0	0	0	0	0	0	0	0	0	0	0	0	unique	1	yes	1	1	1	1
HGNC:5967	IL11RA	Q14626	ENSG00000137070	3590	1	1	0	0	0	0	0	0	0	0	0	0	0	0	0	0	0	0	0	0	0	0	0	0	unique	1	yes	1	1	1	1
HGNC:597	APLP1	P51693	ENSG00000105290	333	0	0	0	0	0	0	0	0	0	0	0	0	0	0	0	0	0	0	0	0	0	0	0	0	unique	1	yes	1	1	1	1
HGNC:5971	IL12RB1	P42701	ENSG00000096996	3594	1	1	0	0	0	0	0	0	0	0	0	0	0	0	0	0	0	1	1	1	1	1	1	1	unique	1	yes	1	1	1	1
HGNC:5972	IL12RB2	Q99665	ENSG00000081985	3595	1	1	0	0	1	0	0	0	0	0	0	0	0	0	0	0	0	0	0	0	0	0	0	0	unique	1	yes	1	1	1	1
HGNC:5974	IL13RA1	P78552	ENSG00000131724	3597	1	1	0	0	1	0	0	1	1	1	0	0	0	1	1	0	0	1	1	1	1	1	1	1	unique	1	yes	1	1	1	1
HGNC:5975	IL13RA2	Q14627	ENSG00000123496	3598	1	1	0	0	0	0	0	0	0	0	0	0	0	0	0	0	0	0	0	0	0	0	0	0	unique	1	yes	1	1	1	1
HGNC:5977	IL15	P40933	ENSG00000164136	3600			0	0	1	0	0	1	0	1	0	0	0	0	0	0	0	1	0	1	1	0	1	0	unique	0	yes	0	0	0	1
HGNC:5978	IL15RA	Q13261	ENSG00000134470	3601	1	1	0	0	0	0	0	0	0	0	0	0	0	0	0	0	0	0	0	0	0	0	0	0	unique	1	yes	1	1	1	1
HGNC:598	APLP2	Q06481	ENSG00000084234	334	1	1	0	0	1	0	0	0	0	0	0	0	0	0	0	0	0	0	0	0	0	0	0	0	unique	1	yes	1	1	1	1
HGNC:5980	IL16	Q14005	ENSG00000172349	3603			0	0	1	0	0	1	0	1	0	0	0	0	0	0	0	1	0	1	1	0	1	0	unique	0	yes	0	0	0	1
HGNC:5983	IL17C	Q9P0M4	ENSG00000124391	27189			0	0	1	0	0	0	0	0	0	0	0	0	0	0	0	0	0	0	0	0	0	0	unique	0	yes	0	0	0	0
HGNC:5985	IL17RA	Q96F46	ENSG00000177663	23765	1	1	0	0	1	0	0	0	0	0	0	0	0	0	0	0	0	0	0	0	0	0	0	0	unique	1	yes	1	1	1	1
HGNC:5988	IL18R1	Q13478	ENSG00000115604	8809	1	1	0	0	0	0	0	0	0	0	0	0	0	0	0	0	0	0	0	0	0	0	0	0	unique	1	yes	1	1	1	1
HGNC:5989	IL18RAP	O95256	ENSG00000115607	8807	1	1	0	0	1	0	0	1	1	1	0	0	0	0	0	0	0	0	0	1	1	1	1	1	unique	1	yes	1	0	0	1
HGNC:5991	IL1A	P01583	ENSG00000115008	3552			0	0	0	0	0	0	0	0	0	0	0	0	0	0	0	0	0	0	0	0	0	0	unique	0	yes	0	0	0	0
HGNC:5993	IL1R1	P14778	ENSG00000115594	3554	1	1	0	0	1	0	0	0	0	0	0	0	0	0	0	0	0	0	0	0	0	0	0	0	unique	1	yes	1	1	1	1
HGNC:5994	IL1R2	P27930	ENSG00000115590	7850	0	0	0	0	0	0	0	0	0	0	0	0	0	0	0	0	0	0	0	0	0	0	0	0	unique	1	yes	1	1	1	1
HGNC:5995	IL1RAP	Q9NPH3	ENSG00000196083	3556	1	1	0	0	0	0	0	0	0	0	0	0	0	0	0	0	0	0	0	0	0	0	0	0	unique	1	yes	1	1	1	1
HGNC:5996	IL1RAPL1	Q9NZN1	ENSG00000169306	11141	1	1	0	0	0	0	0	0	0	0	0	0	0	0	0	0	0	0	0	0	0	0	0	0	unique	1	yes	1	1	1	1
HGNC:5997	IL1RAPL2	Q9NP60	ENSG00000189108	26280	1	1	0	0	0	0	0	0	0	0	0	0	0	0	0	0	0	0	0	0	0	0	0	0	unique	1	no	1	1	1	1
HGNC:5998	IL1RL1	Q01638	ENSG00000115602	9173	1	1	0	0	0	0	0	0	0	0	0	0	0	0	0	0	0	0	0	0	0	0	0	0	unique	1	yes	1	1	1	1
HGNC:5999	IL1RL2	Q9HB29	ENSG00000115598	8808	1	1	0	0	1	1	1	1	1	1	0	0	0	0	0	0	0	1	1	1	1	1	1	1	unique	1	yes	1	1	1	1
HGNC:60	ABCC9	O60706	ENSG00000069431	10060	0	1	0	0	0	0	0	0	0	0	0	0	0	0	0	0	0	0	0	0	0	0	0	0	unique	1	yes	1	1	1	1
HGNC:6000	IL1RN	P18510	ENSG00000136689	3557			0	0	0	0	0	0	0	0	0	0	0	0	0	0	0	0	0	0	0	0	0	0	unique	0	yes	0	0	0	0
HGNC:6003	IL20RA	Q9UHF4	ENSG00000016402	53832	1	1	0	0	0	0	0	0	0	0	0	0	0	0	0	0	0	0	0	0	0	0	0	0	unique	1	yes	1	1	1	1
HGNC:6004	IL20RB	Q6UXL0	ENSG00000174564	53833	1	1	0	0	0	0	0	0	0	0	0	0	0	0	0	0	0	0	0	0	0	0	0	0	unique	1	yes	1	1	1	1
HGNC:6006	IL21R	Q9HBE5	ENSG00000103522	50615	1	1	0	0	1	1	1	1	1	1	0	0	1	1	1	0	0	1	1	1	1	1	1	1	unique	1	yes	1	1	1	1
HGNC:6008	IL2RA	P01589	ENSG00000134460	3559	1	1	0	0	1	1	1	1	1	1	0	0	0	0	0	0	0	1	1	1	1	1	1	1	unique	1	yes	1	1	1	1
HGNC:6009	IL2RB	P14784	ENSG00000100385	3560	1	1	0	0	1	0	0	1	1	1	0	0	0	0	0	0	0	1	1	1	1	1	1	1	unique	1	yes	1	1	1	1
HGNC:6010	IL2RG	P31785	ENSG00000147168	3561	1	1	0	0	1	1	1	1	1	1	0	0	0	0	0	0	0	1	1	1	1	1	1	1	unique	1	yes	1	1	1	1
HGNC:6012	IL3RA	P26951	ENSG00000185291	3563	1	1	0	0	1	1	1	0	0	1	1	1	1	1	1	0	0	1	1	1	1	1	1	1	unique	1	yes	1	1	1	1
HGNC:6015	IL4R	P24394	ENSG00000077238	3566	1	1	0	0	1	0	0	1	1	1	0	0	0	0	0	0	0	1	1	1	1	1	1	1	unique	1	yes	1	1	1	1
HGNC:6017	IL5RA	Q01344	ENSG00000091181	3568	1	1	0	0	1	0	0	0	0	0	1	1	0	0	0	0	0	0	0	0	1	1	1	1	unique	1	yes	1	1	1	1
HGNC:6019	IL6R	P08887	ENSG00000160712	3570	1	1	0	0	1	0	0	0	0	1	1	1	1	1	1	0	0	1	1	1	1	1	1	1	unique	1	yes	1	1	1	1
HGNC:6021	IL6ST	P40189	ENSG00000134352	3572	1	1	0	0	1	0	0	0	0	0	0	0	0	0	0	0	0	0	0	0	0	0	0	0	unique	1	yes	1	1	1	1
HGNC:6024	IL7R	P16871	ENSG00000168685	3575	1	1	0	0	1	0	0	1	1	1	0	0	0	0	0	0	0	1	1	1	1	1	1	1	unique	1	yes	1	1	1	1
HGNC:6026	CXCR1	P25024	ENSG00000163464	3577	0	1	0	0	1	0	0	0	0	0	1	1	0	0	0	0	0	0	0	0	1	1	1	1	unique	1	yes	1	1	1	1
HGNC:6027	CXCR2	P25025	ENSG00000180871	3579	0	1	0	0	1	0	0	0	0	0	1	0	1	1	0	0	0	1	1	1	1	1	1	1	unique	1	yes	1	1	1	1
HGNC:6030	IL9R	Q01113	ENSG00000124334	3581	1	1	0	0	0	0	0	0	0	0	0	0	0	0	0	0	0	0	0	0	0	0	0	0	unique	1	yes	1	1	1	1
HGNC:6055	IMPG1	Q17R60	ENSG00000112706	3617			0	0	0	0	0	0	0	0	0	0	0	0	0	0	0	0	0	0	0	0	0	0	unique	0	yes	0	0	0	0
HGNC:6076	INPP5A	Q14642	ENSG00000068383	3632	0	0	0	0	0	0	0	0	0	0	0	0	0	0	0	0	0	0	0	0	0	0	0	0	unique	1	yes	0	0	0	0
HGNC:6087	INSL4	Q14641	ENSG00000120211	3641			0	0	0	0	0	0	0	0	0	0	0	0	0	0	0	0	0	0	0	0	0	0	unique	0	no	0	0	0	0
HGNC:6089	INSL6	Q9Y581	ENSG00000120210	11172			0	0	1	0	0	0	0	0	0	0	0	0	0	0	0	0	0	0	0	0	0	0	unique	0	no	0	0	0	0
HGNC:6091	INSR	P06213	ENSG00000171105	3643	1	1	0	0	1	0	0	1	1	1	1	1	1	1	1	0	0	1	1	1	1	1	1	1	unique	1	yes	1	1	1	1
HGNC:6093	INSRR	P14616	ENSG00000027644	3645	1	1	0	0	1	0	0	0	0	0	0	0	0	0	0	0	0	0	0	0	0	0	0	0	unique	1	no	1	1	1	1
HGNC:6096	AQP12B	A6NM10	ENSG00000185176	653437	0	0	0	0	1	0	0	0	0	0	0	0	0	0	0	0	0	0	0	0	0	0	0	0	unique	1	no	0	0	0	0
HGNC:6110	IQGAP1	P46940	ENSG00000140575	8826	0	0	0	0	1	0	0	0	0	0	0	0	0	0	0	0	0	0	0	0	0	0	0	0	unique	1	yes	0	0	0	0
HGNC:6111	IQGAP2	Q13576	ENSG00000145703	10788	0	0	0	0	0	0	0	0	0	0	0	0	1	1	0	0	0	0	0	0	0	0	0	0	unique	1	yes	0	0	0	0
HGNC:612	APOD	P05090	ENSG00000189058	347	0	0	0	0	0	0	0	0	0	0	0	0	1	1	0	0	0	0	0	0	0	0	0	0	unique	1	yes	0	0	0	0
HGNC:6125	IRS1	P35568	ENSG00000169047	3667	0	0	0	0	1	0	0	0	0	0	0	0	0	0	0	0	0	0	0	0	0	0	0	0	unique	1	yes	0	0	0	0
HGNC:613	APOE	P02649	ENSG00000130203	348			0	0	1	1	0	0	0	1	0	0	1	1	0	0	0	0	0	0	1	0	0	0	unique	0	yes	0	0	0	0
HGNC:6133	ISLR	O14498	ENSG00000129009	3671	0	0	0	0	0	0	0	0	0	0	0	0	0	0	0	0	0	0	0	0	0	0	0	0	unique	1	no	0	0	0	0
HGNC:6134	ITGA1	P56199	ENSG00000213949	3672	1	1	0	0	1	0	0	0	0	0	0	0	0	0	0	0	0	0	0	0	0	0	0	0	unique	1	yes	1	1	1	1
HGNC:6135	ITGA10	O75578	ENSG00000143127	8515	1	1	0	0	0	0	0	0	0	0	0	0	0	0	0	0	0	0	0	0	0	0	0	0	unique	1	yes	1	1	1	1
HGNC:6136	ITGA11	Q9UKX5	ENSG00000137809	22801	1	1	0	0	1	0	0	0	0	0	0	0	0	0	0	0	0	0	0	0	0	0	0	0	unique	1	yes	1	1	1	1
HGNC:6137	ITGA2	P17301	ENSG00000164171	3673	1	1	0	0	1	0	0	0	0	0	0	0	1	1	1	0	0	0	0	0	0	0	0	0	unique	1	yes	1	1	1	1
HGNC:6138	ITGA2B	P08514	ENSG00000005961	3674	1	1	0	0	1	1	1	1	1	1	0	0	1	1	1	0	0	1	1	1	1	1	1	1	unique	1	yes	1	1	1	1
HGNC:6139	ITGA3	P26006	ENSG00000005884	3675	1	1	0	0	0	0	0	0	0	0	0	0	0	0	0	0	0	0	0	0	0	0	0	0	unique	1	yes	1	1	1	1
HGNC:6140	ITGA4	P13612	ENSG00000115232	3676	1	1	0	0	1	0	0	1	1	1	0	0	1	1	1	0	0	0	0	0	1	1	1	1	unique	1	yes	1	1	1	1
HGNC:6141	ITGA5	P08648	ENSG00000161638	3678	1	1	0	0	1	0	0	0	0	0	0	0	0	0	0	0	0	1	1	1	1	1	1	1	unique	1	yes	1	1	1	1
HGNC:6142	ITGA6	P23229	ENSG00000091409	3655	1	1	0	0	1	0	0	0	0	0	0	0	0	0	0	0	0	0	0	0	0	0	0	0	unique	1	yes	1	1	1	1
HGNC:6143	ITGA7	Q13683	ENSG00000135424	3679	1	1	0	0	0	0	0	0	0	0	0	0	0	0	0	0	0	0	0	0	0	0	0	0	unique	1	yes	1	1	1	1
HGNC:6144	ITGA8	P53708	ENSG00000077943	8516	1	1	0	0	1	0	0	0	0	0	0	0	0	0	0	0	0	0	0	0	0	0	0	0	unique	1	yes	1	1	1	1
HGNC:6145	ITGA9	Q13797	ENSG00000144668	3680	1	1	0	0	1	0	0	0	0	0	0	0	0	0	0	0	0	0	0	0	0	0	0	0	unique	1	yes	1	1	1	1
HGNC:6146	ITGAD	Q13349	ENSG00000156886	3681	1	1	0	0	1	0	0	0	0	0	0	0	0	0	0	0	0	0	0	0	0	0	0	0	unique	1	yes	1	1	1	1
HGNC:6147	ITGAE	P38570	ENSG00000083457	3682	1	1	0	0	1	1	1	0	0	1	0	0	0	0	0	0	0	1	1	1	1	1	1	1	unique	1	yes	1	1	1	1
HGNC:6148	ITGAL	P20701	ENSG00000005844	3683	1	1	0	0	1	0	0	1	1	1	0	0	1	1	1	0	0	1	1	1	1	1	1	1	unique	1	yes	1	1	1	1
HGNC:6149	ITGAM	P11215	ENSG00000169896	3684	1	1	0	0	1	0	0	1	1	1	0	0	1	1	1	0	0	1	1	1	1	1	1	1	unique	1	yes	1	1	1	1
HGNC:6150	ITGAV	P06756	ENSG00000138448	3685	1	1	0	0	1	1	1	1	1	1	0	0	0	1	1	0	0	1	1	1	1	1	1	1	unique	1	yes	1	1	1	1
HGNC:6152	ITGAX	P20702	ENSG00000140678	3687	1	1	0	0	1	0	0	0	0	0	0	0	0	0	0	0	0	0	0	0	0	0	0	0	unique	1	yes	1	1	1	1
HGNC:6153	ITGB1	P05556	ENSG00000150093	3688	1	1	0	0	1	1	1	1	1	1	0	0	0	0	0	0	0	1	1	1	1	1	1	1	unique	1	yes	1	1	1	1
HGNC:6155	ITGB2	P05107	ENSG00000160255	3689	1	1	0	0	1	0	0	0	0	0	0	0	0	0	0	0	0	1	1	1	1	1	1	1	unique	1	yes	1	1	1	1
HGNC:6156	ITGB3	P05106	ENSG00000259207	3690	1	1	0	0	1	1	1	0	0	1	0	0	1	1	1	0	0	1	1	1	1	1	1	1	unique	1	yes	1	1	1	1
HGNC:6158	ITGB4	P16144	ENSG00000132470	3691	1	1	0	0	1	0	0	0	0	0	0	0	1	1	0	0	0	0	0	0	0	0	0	0	unique	1	yes	1	1	1	1
HGNC:616	APOH	P02749	ENSG00000091583	350	0	0	0	0	1	1	0	0	0	1	0	0	1	1	0	0	0	0	0	0	1	0	0	0	unique	1	yes	0	0	0	0
HGNC:6160	ITGB5	P18084	ENSG00000082781	3693	1	1	0	0	0	0	0	0	0	0	0	0	0	0	0	0	0	0	0	0	0	0	0	0	unique	1	yes	1	1	1	1
HGNC:6161	ITGB6	P18564	ENSG00000115221	3694	1	1	0	0	1	0	0	0	0	0	0	0	0	0	0	0	0	0	0	0	0	0	0	0	unique	1	yes	1	1	1	1
HGNC:6162	ITGB7	P26010	ENSG00000139626	3695	1	1	0	0	1	0	0	1	1	1	0	0	1	1	1	0	0	1	1	1	1	1	1	1	unique	1	yes	1	1	1	1
HGNC:6163	ITGB8	P26012	ENSG00000105855	3696	1	1	0	0	1	1	1	0	0	1	0	0	0	0	0	0	0	1	1	1	1	1	1	1	unique	1	yes	1	1	1	1
HGNC:6164	ITGBL1	O95965	ENSG00000198542	9358	0	0	0	0	0	0	0	0	0	0	0	0	0	0	0	0	0	0	0	0	0	0	0	0	unique	1	yes	0	0	0	0
HGNC:6173	ITM2A	O43736	ENSG00000078596	9452	1	1	0	0	0	0	0	0	0	0	0	0	0	0	0	0	0	0	0	0	0	0	0	0	unique	1	no	0	0	0	0
HGNC:6174	ITM2B	Q9Y287	ENSG00000136156	9445	1	1	0	0	1	0	0	0	0	0	0	0	0	0	0	0	0	0	0	0	0	0	0	0	unique	1	yes	1	1	1	1
HGNC:6175	ITM2C	Q9NQX7	ENSG00000135916	81618	0	0	0	0	1	0	0	0	0	0	0	0	0	0	0	0	0	0	0	0	0	0	0	0	unique	1	no	1	0	0	0
HGNC:618	APOL1	O14791	ENSG00000100342	8542			0	0	1	0	0	0	0	0	0	0	0	1	0	0	0	1	0	1	1	0	1	0	unique	0	no	0	0	0	1
HGNC:6188	JAG1	P78504	ENSG00000101384	182	1	1	0	0	1	0	0	1	1	1	0	0	1	1	1	0	0	1	1	1	1	1	1	1	unique	1	yes	1	1	1	1
HGNC:6189	JAG2	Q9Y219	ENSG00000184916	3714	1	1	0	0	1	0	0	0	0	0	0	0	0	0	0	0	0	0	0	0	0	0	0	0	unique	1	yes	1	1	1	1
HGNC:6193	JAK3	P52333	ENSG00000105639	3718	0	0	0	0	1	0	0	0	0	0	0	0	1	1	0	1	0	0	0	0	1	0	1	0	unique	1	no	0	0	0	1
HGNC:620	APP	P05067	ENSG00000142192	351	0	0	0	0	1	1	1	1	1	1	0	0	1	1	1	0	0	1	1	1	1	1	1	1	unique	1	yes	1	1	1	1
HGNC:6201	JTB	O76095	ENSG00000143543	10899	0	0	0	0	0	0	0	0	0	0	0	0	0	0	0	0	0	0	0	0	0	0	0	0	unique	1	no	0	0	0	0
HGNC:6207	JUP	P14923	ENSG00000173801	3728	0	0	0	0	0	0	0	0	0	0	0	0	0	0	0	0	0	0	0	0	0	0	0	0	unique	1	yes	0	0	0	0
HGNC:6210	CD82	P27701	ENSG00000085117	3732	0	1	0	0	0	0	0	0	0	0	0	0	0	0	0	0	0	0	0	0	0	0	0	0	unique	1	no	1	1	1	1
HGNC:6211	ANOS1	P23352	ENSG00000011201	3730	0	1	0	0	0	0	0	0	0	0	0	0	0	0	0	0	0	0	0	0	0	0	0	0	unique	1	yes	0	0	0	0
HGNC:6215	KARS1	Q15046	ENSG00000065427	3735	0	0	0	0	1	0	0	0	0	0	0	0	1	1	0	0	0	0	0	0	0	0	0	0	unique	1	yes	0	0	0	0
HGNC:6218	KCNA1	Q09470	ENSG00000111262	3736	0	1	0	0	1	0	0	0	0	0	0	0	0	0	0	0	0	0	0	0	0	0	0	0	unique	1	yes	0	0	0	0
HGNC:6219	KCNA10	Q16322	ENSG00000143105	3744	0	1	0	0	0	0	0	0	0	0	0	0	0	0	0	0	0	0	0	0	0	0	0	0	unique	1	no	0	0	0	0
HGNC:6220	KCNA2	P16389	ENSG00000177301	3737	0	1	0	0	1	0	0	0	0	0	0	0	0	0	0	0	0	0	0	0	0	0	0	0	unique	1	yes	0	0	0	0
HGNC:6221	KCNA3	P22001	ENSG00000177272	3738	0	1	0	0	1	0	0	0	0	0	0	0	0	0	0	0	0	1	0	1	1	0	1	0	unique	1	no	1	0	0	1
HGNC:6222	KCNA4	P22459	ENSG00000182255	3739	0	1	0	0	1	0	0	0	0	0	0	0	0	0	0	0	0	0	0	0	0	0	0	0	unique	1	no	0	0	0	0
HGNC:6224	KCNA5	P22460	ENSG00000130037	3741	0	1	0	0	1	0	0	0	0	0	0	0	0	0	0	0	0	0	0	0	0	0	0	0	unique	1	no	0	0	0	0
HGNC:6225	KCNA6	P17658	ENSG00000151079	3742	0	1	0	0	1	0	0	0	0	0	0	0	0	0	0	0	0	0	0	0	0	0	0	0	unique	1	yes	0	0	0	0
HGNC:6226	KCNA7	Q96RP8	ENSG00000104848	3743	0	1	0	0	0	0	0	0	0	0	0	0	0	0	0	0	0	0	0	0	0	0	0	0	unique	1	no	0	0	0	0
HGNC:6228	KCNAB1	Q14722	ENSG00000169282	7881	0	0	0	0	0	0	0	0	0	0	0	0	0	0	0	0	0	0	0	0	0	0	0	0	unique	1	yes	0	0	0	0
HGNC:6231	KCNB1	Q14721	ENSG00000158445	3745	0	1	0	0	1	0	0	0	0	0	0	0	0	0	0	0	0	0	0	0	0	0	0	0	unique	1	yes	0	0	0	0
HGNC:6232	KCNB2	Q92953	ENSG00000182674	9312	0	1	0	0	1	0	0	0	0	0	0	0	0	0	0	0	0	0	0	0	0	0	0	0	unique	1	yes	0	0	0	0
HGNC:6233	KCNC1	P48547	ENSG00000129159	3746	0	1	0	0	0	0	0	0	0	0	0	0	1	1	0	0	0	0	0	0	0	0	0	0	unique	1	no	0	0	0	0
HGNC:6234	KCNC2	Q96PR1	ENSG00000166006	3747	0	1	0	0	0	0	0	0	0	0	0	0	0	0	0	0	0	0	0	0	0	0	0	0	unique	1	yes	0	0	0	0
HGNC:6235	KCNC3	Q14003	ENSG00000131398	3748	0	1	0	0	1	0	0	0	0	0	0	0	0	0	0	0	0	0	0	0	0	0	0	0	unique	1	no	0	0	0	0
HGNC:6236	KCNC4	Q03721	ENSG00000116396	3749	0	1	0	0	1	0	0	0	0	0	0	0	0	0	0	0	0	0	0	0	0	0	0	0	unique	1	yes	0	0	0	0
HGNC:6237	KCND1	Q9NSA2	ENSG00000102057	3750	0	1	0	0	1	0	0	0	0	0	0	0	0	0	0	0	0	0	0	0	0	0	0	0	unique	1	no	0	0	0	0
HGNC:6238	KCND2	Q9NZV8	ENSG00000184408	3751	0	1	0	0	0	0	0	0	0	0	0	0	0	0	0	0	0	0	0	0	0	0	0	0	unique	1	no	0	0	0	0
HGNC:6239	KCND3	Q9UK17	ENSG00000171385	3752	0	1	0	0	0	0	0	0	0	0	0	0	0	0	0	0	0	0	0	0	0	0	0	0	unique	1	no	0	0	0	0
HGNC:6240	KCNE1	P15382	ENSG00000180509	3753	1	1	0	0	0	0	0	0	0	0	0	0	0	1	0	0	0	0	0	0	0	0	0	0	unique	1	yes	0	0	0	0
HGNC:6241	KCNE5	Q9UJ90	ENSG00000176076	23630	1	1	0	0	0	0	0	0	0	0	0	0	0	0	0	0	0	0	0	0	0	0	0	0	unique	1	no	0	0	0	0
HGNC:6242	KCNE2	Q9Y6J6	ENSG00000159197	9992	1	1	0	0	0	0	0	0	0	0	0	0	0	0	0	0	0	0	0	0	0	0	0	0	unique	1	yes	0	0	0	0
HGNC:6243	KCNE3	Q9Y6H6	ENSG00000175538	10008	1	1	0	0	0	0	0	0	0	0	0	0	0	0	0	0	0	0	0	0	0	0	0	0	unique	1	no	0	0	0	0
HGNC:6244	KCNE4	Q8WWG9	ENSG00000152049	23704	1	1	0	0	0	0	0	0	0	0	0	0	0	0	0	0	0	0	0	0	0	0	0	0	unique	1	yes	0	0	0	0
HGNC:6246	KCNF1	Q9H3M0	ENSG00000162975	3754	0	1	0	0	0	0	0	0	0	0	0	0	0	0	0	0	0	0	0	0	0	0	0	0	unique	1	no	0	0	0	0
HGNC:6248	KCNG1	Q9UIX4	ENSG00000026559	3755	0	1	0	0	0	0	0	0	0	0	0	0	0	0	0	0	0	0	0	0	0	0	0	0	unique	1	no	0	0	0	0
HGNC:6249	KCNG2	Q9UJ96	ENSG00000178342	26251	0	1	0	0	0	0	0	0	0	0	0	0	0	0	0	0	0	0	0	0	0	0	0	0	unique	1	no	0	0	0	0
HGNC:6250	KCNH1	O95259	ENSG00000143473	3756	0	1	0	0	1	0	0	0	0	0	0	0	0	0	0	0	0	0	0	0	0	0	0	0	unique	1	no	0	0	0	0
HGNC:6251	KCNH2	Q12809	ENSG00000055118	3757	0	1	0	0	1	0	0	0	0	0	0	0	0	0	0	0	0	0	0	0	0	0	0	0	unique	1	no	0	0	0	0
HGNC:6252	KCNH3	Q9ULD8	ENSG00000135519	23416	0	1	0	0	0	0	0	0	0	0	0	0	0	0	0	0	0	0	0	0	0	0	0	0	unique	1	no	0	0	0	0
HGNC:6253	KCNH4	Q9UQ05	ENSG00000089558	23415	0	1	0	0	1	0	0	0	0	0	0	0	0	0	0	0	0	0	0	0	0	0	0	0	unique	1	no	0	0	0	0
HGNC:6254	KCNH5	Q8NCM2	ENSG00000140015	27133	0	1	0	0	0	0	0	0	0	0	0	0	0	0	0	0	0	0	0	0	0	0	0	0	unique	1	no	0	0	0	0
HGNC:6255	KCNJ1	P48048	ENSG00000151704	3758	0	1	0	0	0	0	0	0	0	0	0	0	0	0	0	0	0	0	0	0	0	0	0	0	unique	1	no	0	0	0	0
HGNC:6256	KCNJ10	P78508	ENSG00000177807	3766	0	1	0	0	1	0	0	0	0	0	0	0	1	1	0	0	0	0	0	0	0	0	0	0	unique	1	no	0	0	0	0
HGNC:6257	KCNJ11	Q14654	ENSG00000187486	3767	0	1	0	0	0	0	0	0	0	0	0	0	1	1	0	0	0	0	0	0	0	0	0	0	unique	1	yes	0	0	0	0
HGNC:6258	KCNJ12	Q14500	ENSG00000184185	3768	0	1	0	0	0	0	0	0	0	0	0	0	0	0	0	0	0	0	0	0	0	0	0	0	unique	1	no	1	1	1	1
HGNC:6259	KCNJ13	O60928	ENSG00000115474	3769	0	1	0	0	1	0	0	0	0	0	0	0	1	1	0	0	0	0	0	0	0	0	0	0	unique	1	yes	0	0	0	0
HGNC:6260	KCNJ14	Q9UNX9	ENSG00000182324	3770	0	1	0	0	1	0	0	0	0	0	0	0	0	0	0	0	0	0	0	0	0	0	0	0	unique	1	no	0	0	0	0
HGNC:6261	KCNJ15	Q99712	ENSG00000157551	3772	0	1	0	0	0	0	0	0	0	0	0	0	0	0	0	0	0	0	0	0	0	0	0	0	unique	1	yes	0	0	0	0
HGNC:6262	KCNJ16	Q9NPI9	ENSG00000153822	3773	0	1	0	0	0	0	0	0	0	0	0	0	1	1	0	0	0	0	0	0	0	0	0	0	unique	1	yes	0	0	0	0
HGNC:6263	KCNJ2	P63252	ENSG00000123700	3759	0	1	0	0	0	0	0	0	0	0	0	0	0	0	0	0	0	0	0	0	0	0	0	0	unique	1	yes	0	0	0	0
HGNC:6264	KCNJ3	P48549	ENSG00000162989	3760	0	1	0	0	0	0	0	0	0	0	0	0	0	0	0	0	0	0	0	0	0	0	0	0	unique	1	yes	1	1	1	1
HGNC:6265	KCNJ4	P48050	ENSG00000168135	3761	0	1	0	0	0	0	0	0	0	0	0	0	0	0	0	0	0	0	0	0	0	0	0	0	unique	1	yes	1	1	1	1
HGNC:6266	KCNJ5	P48544	ENSG00000120457	3762	0	1	0	0	1	0	0	0	0	0	0	0	0	0	0	0	0	0	0	0	0	0	0	0	unique	1	yes	0	0	0	0
HGNC:6267	KCNJ6	P48051	ENSG00000157542	3763	0	1	0	0	0	0	0	0	0	0	0	0	0	0	0	0	0	0	0	0	0	0	0	0	unique	1	yes	0	0	0	0
HGNC:6269	KCNJ8	Q15842	ENSG00000121361	3764	0	1	0	0	0	0	0	0	0	0	0	0	0	0	0	0	0	0	0	0	0	0	0	0	unique	1	yes	0	0	0	0
HGNC:6270	KCNJ9	Q92806	ENSG00000162728	3765	0	1	0	0	0	0	0	0	0	0	0	0	0	0	0	0	0	0	0	0	0	0	0	0	unique	1	yes	0	0	0	0
HGNC:6272	KCNK1	O00180	ENSG00000135750	3775	0	1	0	0	0	0	0	0	0	0	0	0	1	1	0	0	0	0	0	0	0	0	0	0	unique	1	no	0	0	0	0
HGNC:6273	KCNK10	P57789	ENSG00000100433	54207			0	0	0	0	0	0	0	0	0	0	1	1	0	0	0	1	0	1	1	0	1	0	unique	0	no	0	0	0	1
HGNC:6274	KCNK12	Q9HB15	ENSG00000184261	56660			0	0	1	0	0	0	0	0	0	0	0	0	0	0	0	0	0	0	0	0	0	0	unique	0	no	0	0	0	0
HGNC:6275	KCNK13	Q9HB14	ENSG00000152315	56659	0	1	0	0	0	0	0	0	0	0	0	0	1	1	1	0	0	0	0	0	0	0	0	0	unique	1	no	0	0	0	0
HGNC:6277	KCNK2	O95069	ENSG00000082482	3776			0	0	0	0	0	0	0	0	0	0	0	1	0	0	0	0	0	0	0	0	0	0	unique	0	yes	0	0	0	0
HGNC:6278	KCNK3	O14649	ENSG00000171303	3777			0	0	0	0	0	0	0	0	0	0	1	1	0	0	0	0	0	0	0	0	0	0	unique	0	no	0	0	0	0
HGNC:6279	KCNK4	Q9NYG8	ENSG00000182450	50801	0	1	0	0	1	0	0	0	0	1	0	0	1	1	0	0	0	1	1	1	1	1	1	1	unique	1	yes	0	0	0	1
HGNC:6280	KCNK5	O95279	ENSG00000164626	8645	0	1	0	0	0	0	0	0	0	0	0	0	0	0	0	0	0	0	0	0	0	0	0	0	unique	1	no	1	1	1	1
HGNC:6281	KCNK6	Q9Y257	ENSG00000099337	9424	0	1	0	0	0	0	0	0	0	0	0	0	1	1	0	0	0	0	0	0	0	0	0	0	unique	1	no	0	0	0	0
HGNC:6282	KCNK7	Q9Y2U2	ENSG00000173338	10089	0	1	0	0	0	0	0	0	0	0	0	0	0	0	0	0	0	0	0	0	0	0	0	0	unique	1	no	0	0	0	0
HGNC:6283	KCNK9	Q9NPC2	ENSG00000169427	51305	0	1	0	0	0	0	0	0	0	0	0	0	1	1	0	0	0	0	0	0	0	0	0	0	unique	1	no	0	0	0	0
HGNC:6284	KCNMA1	Q12791	ENSG00000156113	3778	0	1	0	0	0	0	0	0	0	0	0	0	1	1	0	0	0	0	0	0	0	0	0	0	unique	1	yes	0	0	0	0
HGNC:6285	KCNMB1	Q16558	ENSG00000145936	3779	0	1	0	0	0	0	0	0	0	0	0	0	0	0	0	0	0	0	0	0	0	0	0	0	unique	1	yes	1	0	0	0
HGNC:6286	KCNMB2	Q9Y691	ENSG00000197584	10242	0	1	0	0	0	0	0	0	0	0	0	0	0	0	0	0	0	0	0	0	0	0	0	0	unique	1	no	1	0	0	0
HGNC:6287	KCNMB3	Q9NPA1	ENSG00000171121	27094	0	1	0	0	0	0	0	0	0	0	0	0	0	0	0	0	0	0	0	0	0	0	0	0	unique	1	no	1	0	0	0
HGNC:6289	KCNMB4	Q86W47	ENSG00000135643	27345	0	1	0	0	0	0	0	0	0	0	0	0	1	1	0	0	0	0	0	0	0	0	0	0	unique	1	yes	1	1	1	1
HGNC:6290	KCNN1	Q92952	ENSG00000105642	3780	0	1	0	0	0	0	0	0	0	0	0	0	0	0	0	0	0	0	0	0	0	0	0	0	unique	1	yes	0	0	0	0
HGNC:6291	KCNN2	Q9H2S1	ENSG00000080709	3781	0	1	0	0	0	0	0	0	0	0	0	0	1	1	0	1	0	0	0	0	1	0	1	0	unique	1	yes	0	0	0	1
HGNC:6292	KCNN3	Q9UGI6	ENSG00000143603	3782	0	1	0	0	0	0	0	0	0	0	0	0	0	0	0	0	0	0	0	0	0	0	0	0	unique	1	yes	0	0	0	0
HGNC:6293	KCNN4	O15554	ENSG00000104783	3783	0	1	0	0	0	0	0	0	0	0	0	0	1	1	0	1	0	0	0	0	1	0	1	0	unique	1	yes	0	0	0	1
HGNC:6294	KCNQ1	P51787	ENSG00000053918	3784	0	1	0	0	0	0	0	0	0	0	0	0	0	1	0	0	0	0	0	0	0	0	0	0	unique	1	no	0	0	0	0
HGNC:6296	KCNQ2	O43526	ENSG00000075043	3785	0	1	0	0	1	0	0	0	0	0	0	0	1	1	0	0	0	0	0	0	0	0	0	0	unique	1	no	0	0	0	0
HGNC:6297	KCNQ3	O43525	ENSG00000184156	3786	0	1	0	0	1	0	0	0	0	0	0	0	0	1	0	0	0	0	0	0	0	0	0	0	unique	1	yes	0	0	0	0
HGNC:6298	KCNQ4	P56696	ENSG00000117013	9132	0	1	0	0	0	0	0	0	0	0	0	0	0	0	0	0	0	0	0	0	0	0	0	0	unique	1	no	0	0	0	0
HGNC:6299	KCNQ5	Q9NR82	ENSG00000185760	56479	0	1	0	0	1	0	0	0	0	0	0	0	0	1	0	0	0	0	0	0	0	0	0	0	unique	1	yes	0	0	0	0
HGNC:630	SHROOM2	Q13796	ENSG00000146950	357	0	0	0	0	0	0	0	0	0	0	0	0	0	0	0	0	0	0	0	0	0	0	0	0	unique	1	yes	0	0	0	0
HGNC:6300	KCNS1	Q96KK3	ENSG00000124134	3787	0	1	0	0	0	0	0	0	0	0	0	0	0	0	0	0	0	0	0	0	0	0	0	0	unique	1	no	1	1	1	1
HGNC:6301	KCNS2	Q9ULS6	ENSG00000156486	3788	0	0	0	0	0	0	0	0	0	0	0	0	0	0	0	0	0	0	0	0	0	0	0	0	unique	1	no	0	0	0	0
HGNC:6302	KCNS3	Q9BQ31	ENSG00000170745	3790	0	1	0	0	0	0	0	0	0	0	0	0	0	0	0	0	0	0	0	0	0	0	0	0	unique	1	no	0	0	0	0
HGNC:6304	KDELR1	P24390	ENSG00000105438	10945			0	0	0	0	0	0	0	0	0	0	0	0	0	0	0	0	0	0	0	0	0	0	unique	0	yes	0	0	0	0
HGNC:6307	KDR	P35968	ENSG00000128052	3791	1	1	0	0	1	0	0	1	1	1	1	1	1	1	0	1	0	1	1	1	1	1	1	1	unique	1	yes	1	1	1	1
HGNC:6308	KEL	P23276	ENSG00000197993	3792	1	1	0	0	1	0	0	0	0	0	0	0	0	0	0	0	0	0	0	0	0	0	0	0	unique	1	yes	1	1	1	1
HGNC:6329	KIR2DL1	P43626	ENSG00000125498	3802	1	1	0	0	0	0	0	0	0	0	0	0	0	0	0	0	0	1	1	1	1	1	1	1	unique	1	yes	1	1	1	1
HGNC:633	AQP1	P29972	ENSG00000240583	358	0	1	0	0	0	0	0	0	0	0	0	0	1	1	0	0	0	0	0	0	0	0	0	0	unique	1	no	1	0	0	0
HGNC:6330	KIR2DL2	P43627		3803	1	1	0	0	0	0	0	0	0	0	0	0	0	0	0	0	0	1	1	1	1	1	1	1	unique	1	yes	1	1	1	1
HGNC:6331	KIR2DL3	P43628	ENSG00000243772	3804	1	1	0	0	0	0	0	0	0	0	0	0	0	0	0	0	0	1	1	1	1	1	1	1	unique	1	yes	1	1	0	1
HGNC:6332	KIR2DL4	Q99706	ENSG00000189013	3805	1	1	0	0	0	0	0	0	0	0	0	0	0	0	0	0	0	0	0	0	0	0	0	0	unique	1	yes	1	1	1	1
HGNC:6333	KIR2DS1	Q14954	ENSG00000276387	3806	1	1	0	0	0	0	0	0	0	0	0	0	0	0	0	0	0	0	0	0	0	0	0	0	unique	1	yes	1	1	1	1
HGNC:6334	KIR2DS2	P43631		100132285	1	1	0	0	0	0	0	0	0	0	0	0	0	0	0	0	0	0	0	0	0	0	0	0	unique	1	yes	1	1	1	1
HGNC:6335	KIR2DS3	Q14952		3808	1	1	0	0	0	0	0	0	0	0	0	0	0	0	0	0	0	0	0	0	0	0	0	0	unique	1	no	1	1	1	1
HGNC:6336	KIR2DS4	P43632	ENSG00000221957	3809	1	1	0	0	0	0	0	0	0	0	0	0	0	0	0	0	0	0	0	0	0	0	0	0	unique	1	yes	1	1	1	1
HGNC:6337	KIR2DS5	Q14953		3810	1	1	0	0	0	0	0	0	0	0	0	0	0	0	0	0	0	0	0	0	0	0	0	0	unique	1	yes	1	1	1	1
HGNC:6338	KIR3DL1	P43629	ENSG00000167633	3811	1	1	0	0	0	0	0	0	0	0	0	0	0	0	0	0	0	0	0	0	0	0	0	0	unique	1	yes	1	1	1	1
HGNC:6339	KIR3DL2	P43630	ENSG00000240403	3812	1	1	0	0	0	0	0	0	0	0	0	0	0	0	0	0	0	0	0	0	0	0	0	0	unique	1	yes	1	1	1	1
HGNC:634	AQP2	P41181	ENSG00000167580	359	0	0	0	0	0	0	0	0	0	0	0	0	0	0	0	0	0	0	0	0	0	0	0	0	unique	1	yes	1	0	0	0
HGNC:6340	KIR3DS1	Q14943	ENSG00000275434	3813	1	1	0	0	0	0	0	0	0	0	0	0	0	0	0	0	0	0	0	0	0	0	0	0	unique	1	yes	1	1	1	1
HGNC:6342	KIT	P10721	ENSG00000157404	3815	1	1	0	0	1	0	0	1	1	1	1	1	1	1	0	1	0	1	1	1	1	1	1	1	unique	1	yes	1	1	1	1
HGNC:6343	KITLG	P21583	ENSG00000049130	4254	0	0	0	0	0	0	0	0	0	0	0	0	1	1	1	0	0	0	0	0	0	0	0	0	unique	1	yes	1	1	1	1
HGNC:6344	KL	Q9UEF7	ENSG00000133116	9365	0	0	0	0	0	0	0	0	0	0	0	0	0	0	0	0	0	0	0	0	0	0	0	0	unique	1	yes	1	1	1	1
HGNC:636	AQP3	Q92482	ENSG00000165272	360	0	1	0	0	0	0	0	0	0	0	0	0	0	0	0	0	0	0	0	0	0	0	0	0	unique	1	no	0	0	0	0
HGNC:6363	KLK2	P20151	ENSG00000167751	3817			0	0	1	0	0	0	0	0	0	0	1	1	0	0	0	0	0	0	0	0	0	0	unique	0	no	0	0	0	0
HGNC:6364	KLK3	P07288	ENSG00000142515	354			0	0	1	0	0	1	0	1	0	0	0	0	0	0	0	1	0	1	1	0	1	0	unique	0	no	0	0	0	1
HGNC:6367	KLK6	Q92876	ENSG00000167755	5653			0	0	0	0	0	0	0	0	0	0	1	1	0	0	0	0	0	0	0	0	0	0	unique	0	yes	0	0	0	0
HGNC:6369	KLK8	O60259	ENSG00000129455	11202			0	0	0	0	0	0	0	0	0	0	0	0	0	0	0	0	0	0	0	0	0	0	unique	0	yes	0	0	0	0
HGNC:637	AQP4	P55087	ENSG00000171885	361	0	1	0	0	1	0	0	0	0	0	0	0	0	0	0	0	0	1	1	1	1	1	1	1	unique	1	no	1	0	0	1
HGNC:6373	KLRB1	Q12918	ENSG00000111796	3820	1	1	0	0	0	0	0	0	0	0	0	0	0	0	0	0	0	0	0	0	0	0	0	0	unique	1	yes	1	1	1	1
HGNC:6374	KLRC1	P26715	ENSG00000134545	3821	1	1	0	0	0	0	0	0	0	0	0	0	0	0	0	0	0	0	0	0	0	0	0	0	unique	1	yes	1	1	1	1
HGNC:6375	KLRC2	P26717	ENSG00000205809	3822	1	1	0	0	0	0	0	0	0	0	0	0	0	0	0	0	0	0	0	0	0	0	0	0	unique	1	yes	1	1	1	1
HGNC:6376	KLRC3	Q07444	ENSG00000205810	3823	1	1	0	0	0	0	0	0	0	0	0	0	0	0	0	0	0	0	0	0	0	0	0	0	unique	1	yes	1	1	1	1
HGNC:6377	KLRC4	O43908	ENSG00000183542	8302	1	1	0	0	0	0	0	0	0	0	0	0	0	0	0	0	0	0	0	0	0	0	0	0	unique	1	no	0	0	0	0
HGNC:6378	KLRD1	Q13241	ENSG00000134539	3824	1	1	0	0	0	0	0	0	0	0	0	0	0	0	0	0	0	0	0	0	0	0	0	0	unique	1	yes	0	0	0	0
HGNC:638	AQP5	P55064	ENSG00000161798	362	0	1	0	0	1	0	0	0	0	0	0	0	0	1	0	0	0	0	0	0	0	0	0	0	unique	1	no	1	0	0	0
HGNC:6380	KLRG1	Q96E93	ENSG00000139187	10219	1	1	0	0	0	0	0	0	0	0	0	0	0	0	0	0	0	0	0	0	0	0	0	0	unique	1	yes	1	1	1	1
HGNC:6383	KNG1	P01042	ENSG00000113889	3827	0	0	0	0	1	1	0	0	0	1	0	0	0	1	0	0	0	0	0	0	1	0	0	0	unique	1	yes	0	0	0	0
HGNC:639	AQP6	Q13520	ENSG00000086159	363	0	0	0	0	0	0	0	0	0	0	0	0	0	0	0	0	0	0	0	0	0	0	0	0	unique	1	no	0	0	0	0
HGNC:640	AQP7	O14520	ENSG00000165269	364	0	1	0	0	0	0	0	0	0	0	0	0	1	1	0	0	0	0	0	0	0	0	0	0	unique	1	yes	0	0	0	0
HGNC:6412	KRT1	P04264	ENSG00000167768	3848	0	0	0	0	1	1	0	0	0	1	0	0	0	0	0	0	0	0	0	0	1	0	0	0	unique	1	yes	0	0	0	0
HGNC:6413	KRT10	P13645	ENSG00000186395	3858	0	0	0	0	1	0	0	0	0	0	0	0	0	0	0	0	0	0	0	0	0	0	0	0	unique	1	no	0	0	0	0
HGNC:642	AQP8	O94778	ENSG00000103375	343	0	0	0	0	0	0	0	0	0	0	0	0	0	0	0	0	0	0	0	0	0	0	0	0	unique	1	no	1	1	1	1
HGNC:643	AQP9	O43315	ENSG00000103569	366	0	1	0	0	0	0	0	0	0	0	0	0	0	0	0	0	0	0	0	0	0	0	0	0	unique	1	no	1	0	0	0
HGNC:6446	KRT8	P05787	ENSG00000170421	3856			0	0	1	0	0	0	0	0	0	0	0	0	0	0	0	0	0	0	0	0	0	0	unique	0	yes	0	0	0	0
HGNC:6465	KSR1	Q8IVT5	ENSG00000141068	8844			0	0	0	0	0	0	0	0	0	0	1	1	0	0	0	0	0	0	0	0	0	0	unique	0	no	0	0	0	0
HGNC:6470	L1CAM	P32004	ENSG00000198910	3897	1	1	0	0	1	0	0	0	0	0	0	0	0	0	0	0	0	0	0	0	0	0	0	0	unique	1	yes	1	1	1	1
HGNC:6472	LAD1	O00515	ENSG00000159166	3898			0	0	1	0	0	0	0	0	0	0	0	0	0	0	0	0	0	0	0	0	0	0	unique	0	no	0	0	0	0
HGNC:6476	LAG3	P18627	ENSG00000089692	3902	1	1	0	0	1	1	1	1	1	1	0	0	0	0	0	0	0	1	1	1	1	1	1	1	unique	1	yes	1	1	1	1
HGNC:6477	LAIR1	Q6GTX8	ENSG00000167613	3903	1	1	0	0	0	0	0	0	0	0	0	0	0	0	0	0	0	0	0	0	0	0	0	0	unique	1	yes	1	1	1	1
HGNC:6483	LAMA3	Q16787	ENSG00000053747	3909	0	0	0	0	1	1	0	0	0	1	0	0	0	0	0	0	0	0	0	0	1	0	0	0	unique	1	yes	0	0	0	0
HGNC:6484	LAMA4	Q16363	ENSG00000112769	3910	0	0	0	0	1	0	0	0	0	0	0	0	0	0	0	0	0	0	0	0	0	0	0	0	unique	1	yes	0	0	0	0
HGNC:6499	LAMP1	P11279	ENSG00000185896	3916	0	0	0	0	1	0	0	1	0	1	0	0	0	0	0	0	0	1	0	1	1	0	1	0	unique	1	no	1	1	0	1
HGNC:6501	LAMP2	P13473	ENSG00000005893	3920	0	0	0	0	0	0	0	0	0	0	0	0	0	0	0	0	0	0	0	0	0	0	0	0	unique	1	no	1	1	1	1
HGNC:6502	RPSA	P08865	ENSG00000168028	3921	0	0	0	0	0	0	0	0	0	0	0	0	0	0	0	0	0	0	0	0	0	0	0	0	unique	1	yes	0	0	0	0
HGNC:6508	LANCL1	O43813	ENSG00000115365	10314			0	0	0	0	0	0	0	0	0	0	1	1	0	0	0	0	0	0	0	0	0	0	unique	0	no	0	0	0	0
HGNC:651	AREG	P15514	ENSG00000109321	374	0	0	0	0	0	0	0	0	0	0	0	0	0	0	0	0	0	0	0	0	0	0	0	0	unique	1	yes	1	1	1	1
HGNC:6528	LCP1	P13796	ENSG00000136167	3936	0	0	0	0	1	1	0	0	0	1	0	0	0	0	0	0	0	0	0	0	1	0	0	0	unique	1	no	0	0	0	0
HGNC:6530	LCT	P09848	ENSG00000115850	3938	1	1	0	0	1	0	0	0	0	0	0	0	0	0	0	0	0	0	0	0	0	0	0	0	unique	1	yes	1	1	1	1
HGNC:6547	LDLR	P01130	ENSG00000130164	3949	1	1	0	0	1	0	0	0	0	0	0	0	0	1	1	0	0	0	0	0	0	0	0	0	unique	1	yes	1	1	1	1
HGNC:6554	LEPR	P48357	ENSG00000116678	3953	1	1	0	0	1	0	0	1	1	1	0	0	0	0	0	0	0	1	1	1	1	1	1	1	unique	1	yes	1	1	1	1
HGNC:6561	LGALS1	P09382	ENSG00000100097	3956			0	0	1	0	0	0	0	0	0	0	1	1	0	0	0	0	0	0	0	0	0	0	unique	0	yes	0	0	0	0
HGNC:6563	LGALS3	P17931	ENSG00000131981	3958	0	0	0	0	1	0	0	0	0	1	0	0	1	1	0	1	0	1	0	1	1	0	1	0	unique	1	yes	0	0	0	1
HGNC:6564	LGALS3BP	Q08380	ENSG00000108679	3959	0	0	0	0	0	0	0	0	0	0	0	0	0	0	0	0	0	0	0	0	0	0	0	0	unique	1	yes	0	0	0	0
HGNC:6565	LGALS4	P56470	ENSG00000171747	3960			0	0	0	0	0	0	0	0	0	0	0	0	0	0	0	0	0	0	0	0	0	0	unique	0	yes	0	0	0	0
HGNC:6568	LGALS7	P47929	ENSG00000205076	3963			0	0	0	0	0	0	0	0	0	0	0	0	0	0	0	0	0	0	0	0	0	0	shared_uniprot_ambiguous	0	yes	0	0	0	0
HGNC:6569	LGALS8	O00214	ENSG00000116977	3964	0	0	0	0	0	0	0	0	0	0	0	0	1	1	0	0	0	0	0	0	0	0	0	0	unique	1	yes	0	0	0	0
HGNC:6570	LGALS9	O00182	ENSG00000168961	3965			0	0	1	0	0	0	0	0	0	0	1	1	0	0	0	0	0	0	0	0	0	0	unique	0	yes	0	0	0	0
HGNC:6572	LGI1	O95970	ENSG00000108231	9211			0	0	1	0	0	0	0	0	0	0	0	0	0	0	0	0	0	0	0	0	0	0	unique	0	yes	0	0	0	0
HGNC:658	ARF5	P84085	ENSG00000004059	381			0	0	0	0	0	0	0	0	0	0	0	0	0	0	0	0	0	0	0	0	0	0	unique	0	yes	0	0	0	0
HGNC:6585	LHCGR	P22888	ENSG00000138039	3973	0	1	0	0	0	0	0	0	0	0	1	1	0	0	0	0	0	0	0	0	1	1	1	1	unique	1	yes	1	0	0	1
HGNC:6586	LHFPL6	Q9Y693	ENSG00000183722	10186			0	0	0	0	0	0	0	0	0	0	0	0	0	0	0	0	0	0	0	0	0	0	unique	0	yes	0	0	0	0
HGNC:6587	LHFPL1	Q86WI0	ENSG00000182508	340596	0	1	0	0	0	0	0	0	0	0	0	0	0	0	0	0	0	0	0	0	0	0	0	0	unique	1	no	1	0	0	0
HGNC:6588	LHFPL2	Q6ZUX7	ENSG00000145685	10184	0	1	0	0	1	0	0	0	0	0	0	0	0	0	0	0	0	0	0	0	0	0	0	0	unique	1	no	0	0	0	0
HGNC:6589	LHFPL3	Q86UP9	ENSG00000187416	375612			0	0	0	0	0	0	0	0	0	0	0	0	0	0	0	0	0	0	0	0	0	0	unique	0	no	0	0	0	0
HGNC:6597	LIFR	P42702	ENSG00000113594	3977	1	1	0	0	0	0	0	0	0	0	0	0	0	0	0	0	0	0	0	0	0	0	0	0	unique	1	yes	1	1	1	1
HGNC:6602	LILRA1	O75019	ENSG00000104974	11024	1	1	0	0	0	0	0	0	0	0	0	0	0	0	0	0	0	0	0	0	0	0	0	0	unique	1	yes	1	1	1	1
HGNC:6603	LILRA2	Q8N149	ENSG00000239998	11027	1	1	0	0	0	0	0	0	0	0	0	0	0	0	0	0	0	0	0	0	0	0	0	0	unique	1	yes	1	1	1	1
HGNC:6605	LILRB1	Q8NHL6	ENSG00000104972	10859	1	1	0	0	1	0	0	0	0	0	0	0	0	0	0	0	0	0	0	0	0	0	0	0	unique	1	yes	1	1	1	1
HGNC:6606	LILRB2	Q8N423	ENSG00000131042	10288	1	1	0	0	1	0	0	0	0	0	0	0	1	1	1	0	0	0	0	0	0	0	0	0	unique	1	yes	1	1	1	1
HGNC:6607	LILRB3	O75022	ENSG00000204577	11025	1	1	0	0	0	0	0	0	0	0	0	0	0	0	0	0	0	1	1	1	1	1	1	1	unique	1	yes	1	1	1	1
HGNC:6608	LILRB4	Q8NHJ6	ENSG00000186818	11006	1	1	0	0	1	0	0	1	1	1	0	0	0	0	0	0	0	1	1	1	1	1	1	1	unique	1	yes	0	0	0	1
HGNC:6609	LILRB5	O75023	ENSG00000105609	10990	1	1	0	0	1	0	0	0	0	0	0	0	0	0	0	0	0	0	0	0	0	0	0	0	unique	1	yes	1	1	1	1
HGNC:6610	LIM2	P55344	ENSG00000105370	3982	0	0	0	0	0	0	0	0	0	0	0	0	0	0	0	0	0	0	0	0	0	0	0	0	unique	1	yes	1	0	0	0
HGNC:6619	LIPC	P11150	ENSG00000166035	3990			0	0	0	0	0	0	0	0	0	0	0	0	0	0	0	0	0	0	0	0	0	0	unique	0	yes	0	0	0	0
HGNC:6623	LIPG	Q9Y5X9	ENSG00000101670	9388	0	0	0	0	0	0	0	0	0	0	0	0	0	0	0	0	0	0	0	0	0	0	0	0	unique	1	yes	0	0	0	0
HGNC:6656	LNPEP	Q9UIQ6	ENSG00000113441	4012	1	1	0	0	0	0	0	0	0	0	0	0	1	1	1	0	0	0	0	0	0	0	0	0	unique	1	yes	1	1	1	1
HGNC:6657	LNX1	Q8TBB1	ENSG00000072201	84708	0	0	0	0	0	0	0	0	0	0	0	0	0	0	0	0	0	0	0	0	0	0	0	0	unique	1	yes	0	0	0	0
HGNC:6664	LOX	P28300	ENSG00000113083	4015	0	0	0	0	0	0	0	0	0	0	0	0	0	0	0	0	0	0	0	0	0	0	0	0	unique	1	no	0	0	0	0
HGNC:6665	LOXL1	Q08397	ENSG00000129038	4016			0	0	0	0	0	0	0	0	0	0	0	0	0	0	0	0	0	0	0	0	0	0	unique	0	no	0	0	0	0
HGNC:6666	LOXL2	Q9Y4K0	ENSG00000134013	4017			0	0	0	0	0	0	0	0	0	0	0	0	0	0	0	0	0	0	0	0	0	0	unique	0	yes	0	0	0	0
HGNC:667	RHOA	P61586	ENSG00000067560	387	0	0	0	0	0	0	0	0	0	0	0	0	1	1	0	0	0	0	0	0	0	0	0	0	unique	1	yes	0	0	0	0
HGNC:6677	LPL	P06858	ENSG00000175445	4023	0	0	0	0	1	1	0	0	0	1	0	0	0	1	0	0	0	1	0	1	1	0	1	0	unique	1	yes	1	1	1	1
HGNC:6691	LRCH4	O75427	ENSG00000077454	4034			0	0	1	0	0	0	0	0	0	0	0	0	0	0	0	0	0	0	0	0	0	0	unique	0	no	0	0	0	0
HGNC:6692	LRP1	Q07954	ENSG00000123384	4035	1	1	0	0	1	1	1	0	0	1	0	0	0	0	0	0	0	0	0	0	1	1	0	0	unique	1	yes	1	1	1	1
HGNC:6693	LRP1B	Q9NZR2	ENSG00000168702	53353	1	1	0	0	1	0	0	0	0	0	0	0	0	0	0	0	0	0	0	0	0	0	0	0	unique	1	yes	1	1	1	1
HGNC:6694	LRP2	P98164	ENSG00000081479	4036	1	1	0	0	1	0	0	0	0	0	0	0	0	0	0	0	0	0	0	0	0	0	0	0	unique	1	yes	1	1	1	1
HGNC:6695	LRP3	O75074	ENSG00000130881	4037	1	1	0	0	1	0	0	0	0	0	0	0	0	0	0	0	0	0	0	0	0	0	0	0	unique	1	no	1	1	1	1
HGNC:6696	LRP4	O75096	ENSG00000134569	4038	1	1	0	0	1	0	0	0	0	0	0	0	0	0	0	0	0	0	0	0	0	0	0	0	unique	1	yes	1	1	1	1
HGNC:6697	LRP5	O75197	ENSG00000162337	4041	1	1	0	0	0	0	0	0	0	0	0	0	0	0	0	0	0	0	0	0	0	0	0	0	unique	1	yes	1	1	1	1
HGNC:6698	LRP6	O75581	ENSG00000070018	4040	1	1	0	0	1	0	0	1	1	1	0	0	0	0	0	0	0	1	1	1	1	1	1	1	unique	1	yes	1	1	1	1
HGNC:6700	LRP8	Q14114	ENSG00000157193	7804	1	1	0	0	0	0	0	0	0	0	0	0	0	0	0	0	0	1	1	1	1	1	1	1	unique	1	yes	1	1	1	1
HGNC:6702	LRRFIP1	Q32MZ4	ENSG00000124831	9208			0	0	1	0	0	0	0	0	0	0	0	0	0	0	0	0	0	0	0	0	0	0	unique	0	no	0	0	0	0
HGNC:6705	LSAMP	Q13449	ENSG00000185565	4045	0	1	0	0	0	0	0	0	0	0	0	0	0	0	0	0	0	0	0	0	0	0	0	0	unique	1	yes	1	1	1	1
HGNC:6709	LTA	P01374	ENSG00000226979	4049			0	0	1	0	0	1	0	1	0	0	0	0	0	0	0	1	0	1	1	0	1	0	unique	0	yes	0	0	0	1
HGNC:6711	LTB	Q06643	ENSG00000227507	4050	1	1	0	0	1	1	1	0	0	1	0	0	0	0	0	0	0	0	0	0	1	1	0	0	unique	1	yes	0	0	0	0
HGNC:6713	LTB4R	Q15722	ENSG00000213903	1241	0	1	0	0	0	0	0	0	0	0	0	0	1	1	0	1	0	0	0	0	1	0	1	0	unique	1	yes	1	1	1	1
HGNC:6714	LTBP1	Q14766	ENSG00000049323	4052	0	0	0	0	0	0	0	0	0	0	0	0	0	0	0	0	0	0	0	0	0	0	0	0	unique	1	yes	0	0	0	0
HGNC:6718	LTBR	P36941	ENSG00000111321	4055	1	1	0	0	0	0	0	0	0	0	1	1	0	0	0	0	0	0	0	0	1	1	1	1	unique	1	yes	1	1	1	1
HGNC:6720	LTF	P02788	ENSG00000012223	4057	0	0	0	0	1	1	0	0	0	1	0	0	1	1	0	0	0	0	0	0	1	0	0	0	unique	1	yes	0	0	0	0
HGNC:6721	LTK	P29376	ENSG00000062524	4058	1	1	0	0	1	0	0	0	0	0	0	0	0	1	1	0	0	1	1	1	1	1	1	1	unique	1	yes	1	1	0	1
HGNC:6722	BCAM	P50895	ENSG00000187244	4059	1	1	0	0	1	1	1	0	0	1	0	0	0	0	0	0	0	0	0	0	1	1	0	0	unique	1	yes	1	1	1	1
HGNC:6726	CD180	Q99467	ENSG00000134061	4064	1	1	0	0	1	0	0	0	0	0	0	0	0	0	0	0	0	0	0	0	0	0	0	0	unique	1	no	1	1	1	1
HGNC:6727	LY6E	Q16553	ENSG00000160932	4061	0	1	0	0	0	0	0	0	0	0	0	0	0	0	0	0	0	0	0	0	0	0	0	0	unique	1	no	1	1	1	1
HGNC:6728	LY6H	O94772	ENSG00000176956	4062	0	1	0	0	0	0	0	0	0	0	0	0	0	0	0	0	0	0	0	0	0	0	0	0	unique	1	yes	1	1	1	1
HGNC:6729	LY75	O60449	ENSG00000054219	4065	1	1	0	0	0	0	0	0	0	0	0	0	0	0	0	0	0	0	0	0	0	0	0	0	unique	1	yes	1	1	1	1
HGNC:6730	LY9	Q9HBG7	ENSG00000122224	4063	1	1	0	0	0	0	0	0	0	0	0	0	0	0	0	0	0	0	0	0	0	0	0	0	unique	1	yes	1	1	1	1
HGNC:6731	NCR1	O76036	ENSG00000189430	9437	1	1	0	0	1	0	0	1	1	1	0	0	0	0	0	0	0	1	1	1	1	1	1	1	unique	1	yes	1	1	1	1
HGNC:6732	NCR2	O95944	ENSG00000096264	9436	1	1	0	0	0	0	0	0	0	0	0	0	0	0	0	0	0	0	0	0	0	0	0	0	unique	1	yes	1	1	1	1
HGNC:6735	LYN	P07948	ENSG00000254087	4067	0	0	0	0	0	0	0	0	0	0	0	0	1	1	0	0	0	0	0	0	0	0	0	0	unique	1	yes	0	0	0	0
HGNC:6743	CAPRIN1	Q14444	ENSG00000135387	4076			0	0	1	0	0	0	0	0	0	0	0	0	0	0	0	0	0	0	0	0	0	0	unique	0	no	0	0	0	0
HGNC:6752	M6PR	P20645	ENSG00000003056	4074	0	0	0	0	0	0	0	0	0	0	0	0	0	0	0	0	0	0	0	0	0	0	0	0	unique	1	yes	1	1	1	1
HGNC:6759	MARCKS	P29966	ENSG00000277443	4082	0	0	0	0	1	0	0	0	0	0	0	0	0	0	0	0	0	0	0	0	0	0	0	0	unique	1	no	0	0	0	0
HGNC:6765	MADCAM1	Q13477	ENSG00000099866	8174	1	1	0	0	1	0	0	1	1	1	0	0	0	0	0	0	0	1	1	1	1	1	1	1	unique	1	yes	0	0	0	1
HGNC:6766	MADD	Q8WXG6	ENSG00000110514	8567	1	1	0	0	1	0	0	0	0	0	0	0	0	0	0	0	0	0	0	0	0	0	0	0	unique	1	yes	0	0	0	0
HGNC:6783	MAG	P20916	ENSG00000105695	4099	1	1	0	0	1	0	0	0	0	0	0	0	0	0	0	0	0	0	0	0	0	0	0	0	unique	1	yes	1	1	1	1
HGNC:6797	MAGEA10	P43363	ENSG00000124260	4109			0	0	0	0	0	0	0	0	0	0	0	0	0	0	0	0	0	0	0	0	0	0	unique	0	no	0	0	0	0
HGNC:6817	MAL	P21145	ENSG00000172005	4118	0	0	0	0	0	0	0	0	0	0	0	0	0	0	0	0	0	0	0	0	0	0	0	0	unique	1	yes	0	0	0	0
HGNC:6818	MALL	Q13021	ENSG00000144063	7851			0	0	0	0	0	0	0	0	0	0	0	0	0	0	0	0	0	0	0	0	0	0	unique	0	yes	0	0	0	0
HGNC:6826	MAN2B1	O00754	ENSG00000104774	4125			0	0	0	0	0	0	0	0	0	0	0	0	0	0	0	0	0	0	0	0	0	0	unique	0	yes	0	0	0	0
HGNC:6893	MAPT	P10636	ENSG00000186868	4137	0	0	0	0	1	1	0	1	0	1	0	0	1	1	0	0	0	1	0	1	1	0	1	0	unique	1	no	0	0	0	1
HGNC:6895	MARCO	Q9UEW3	ENSG00000019169	8685	1	1	0	0	0	0	0	0	0	0	0	0	0	0	0	0	0	0	0	0	0	0	0	0	unique	1	yes	0	0	0	0
HGNC:6899	MAS1	P04201	ENSG00000130368	4142	0	1	0	0	0	0	0	0	0	0	0	0	0	0	0	0	0	0	0	0	0	0	0	0	unique	1	yes	1	0	0	0
HGNC:6901	MASP1	P48740	ENSG00000127241	5648	0	0	0	0	0	0	0	0	0	0	0	0	0	0	0	0	0	0	0	0	0	0	0	0	unique	1	yes	0	0	0	0
HGNC:6902	MASP2	O00187	ENSG00000009724	10747	0	0	0	0	1	0	0	0	0	0	0	0	0	0	0	0	0	0	0	0	0	0	0	0	unique	1	yes	0	0	0	0
HGNC:6922	MBL2	P11226	ENSG00000165471	4153	0	0	0	0	1	0	0	0	0	0	0	0	0	0	0	0	0	0	0	0	0	0	0	0	unique	1	yes	0	0	0	0
HGNC:6925	MBP	P02686	ENSG00000197971	4155	0	0	0	0	1	0	0	1	0	1	0	0	0	0	0	0	0	0	0	0	1	0	1	0	unique	1	no	0	0	0	1
HGNC:6929	MC1R	Q01726	ENSG00000258839	4157	0	1	0	0	0	0	0	0	0	0	0	0	0	0	0	0	0	0	0	0	0	0	0	0	unique	1	yes	1	0	0	0
HGNC:6930	MC2R	Q01718	ENSG00000185231	4158	0	1	0	0	1	0	0	0	0	0	0	0	0	0	0	0	0	0	0	0	0	0	0	0	unique	1	yes	1	0	0	0
HGNC:6931	MC3R	P41968	ENSG00000124089	4159	0	1	0	0	0	0	0	0	0	0	1	0	0	0	0	0	0	0	0	0	1	0	1	0	unique	1	yes	1	0	0	1
HGNC:6932	MC4R	P32245	ENSG00000166603	4160	0	1	0	0	0	0	0	0	0	0	1	0	1	1	0	0	0	1	0	1	1	0	1	0	unique	1	yes	1	0	0	1
HGNC:6933	MC5R	P33032	ENSG00000176136	4161	0	1	0	0	0	0	0	0	0	0	1	0	0	0	0	0	0	0	0	0	1	0	1	0	unique	1	yes	1	0	0	1
HGNC:6934	MCAM	P43121	ENSG00000076706	4162	1	1	0	0	0	0	0	0	0	0	0	0	0	0	0	0	0	1	1	1	1	1	1	1	unique	1	yes	1	1	1	1
HGNC:6935	MCC	P23508	ENSG00000171444	4163			0	0	0	0	0	0	0	0	0	0	0	0	0	0	0	0	0	0	0	0	0	0	unique	0	no	0	0	0	0
HGNC:6953	CD46	P15529	ENSG00000117335	4179	1	1	0	0	1	0	0	0	0	0	0	0	0	0	0	0	0	0	0	0	0	0	0	0	unique	1	yes	1	1	1	1
HGNC:7015	MEP1A	Q16819	ENSG00000112818	4224	1	1	0	0	0	0	0	0	0	0	0	0	0	0	0	0	0	0	0	0	0	0	0	0	unique	1	no	1	1	1	1
HGNC:7020	MEP1B	Q16820	ENSG00000141434	4225	1	1	0	0	0	0	0	0	0	0	0	0	0	0	0	0	0	0	0	0	0	0	0	0	unique	1	yes	1	1	1	1
HGNC:7027	MERTK	Q12866	ENSG00000153208	10461	1	1	0	0	1	0	0	0	0	0	0	0	1	1	0	1	0	0	0	0	1	0	1	0	unique	1	yes	1	1	1	1
HGNC:7029	MET	P08581	ENSG00000105976	4233	1	1	0	0	1	0	0	1	1	1	1	1	1	1	0	1	0	1	1	1	1	1	1	1	unique	1	yes	1	1	1	1
HGNC:7034	MFAP3	P55082	ENSG00000037749	4238	0	0	0	0	1	0	0	0	0	0	0	0	0	0	0	0	0	0	0	0	0	0	0	0	unique	1	no	1	1	1	1
HGNC:7035	MFAP4	P55083	ENSG00000166482	4239	0	0	0	0	1	0	0	0	0	0	0	0	0	0	0	0	0	1	0	1	1	0	1	0	unique	1	yes	0	0	0	1
HGNC:7036	MFGE8	Q08431	ENSG00000140545	4240	0	0	0	0	0	0	0	0	0	0	0	0	0	0	0	0	0	0	0	0	0	0	0	0	unique	1	yes	0	0	0	0
HGNC:7037	MELTF	P08582	ENSG00000163975	4241	0	1	0	0	1	1	0	0	0	1	0	0	0	0	0	0	0	1	0	1	1	0	1	0	unique	1	yes	1	1	1	1
HGNC:7043	MGAM	O43451	ENSG00000257335	8972	1	1	0	0	1	0	0	0	0	0	0	0	1	1	0	1	0	0	0	0	1	0	1	0	unique	1	yes	0	0	0	1
HGNC:7082	CD99	P14209	ENSG00000002586	4267	1	1	0	0	1	0	0	0	0	0	0	0	0	0	0	0	0	1	1	1	1	1	1	1	unique	1	yes	0	0	0	1
HGNC:7090	MICA	Q29983	ENSG00000204520	100507436	1	1	0	0	1	0	0	0	0	0	0	0	1	1	1	0	0	0	0	0	0	0	0	0	unique	1	yes	1	1	1	1
HGNC:7091	MICB	Q29980	ENSG00000204516	4277	0	0	0	0	1	0	0	0	0	0	0	0	0	1	1	0	0	0	0	0	0	0	0	0	unique	1	yes	1	1	1	1
HGNC:7097	MIF	P14174	ENSG00000240972	4282	0	0	0	0	1	0	0	0	0	0	0	0	1	1	0	1	0	0	0	0	1	0	1	0	unique	1	yes	0	0	0	1
HGNC:7098	CXCL9	Q07325	ENSG00000138755	4283			0	0	0	0	0	0	0	0	0	0	0	0	0	0	0	0	0	0	0	0	0	0	unique	0	yes	0	0	0	0
HGNC:7103	MIP	P30301	ENSG00000135517	4284	0	1	0	0	1	0	0	0	0	0	0	0	0	0	0	0	0	0	0	0	0	0	0	0	unique	1	no	1	0	0	0
HGNC:7126	MLF2	Q15773	ENSG00000089693	8079	0	0	0	0	0	0	0	0	0	0	0	0	0	0	0	0	0	0	0	0	0	0	0	0	unique	1	no	0	0	0	0
HGNC:713	ARSA	P15289	ENSG00000100299	410			0	0	1	0	0	0	0	0	0	0	0	1	0	0	0	0	0	0	0	0	0	0	unique	0	no	0	0	0	0
HGNC:714	ARSB	P15848	ENSG00000113273	411	0	0	0	0	1	0	0	0	0	0	0	0	0	0	0	0	0	0	0	0	0	0	0	0	unique	1	yes	0	0	0	0
HGNC:7146	TRPM1	Q7Z4N2	ENSG00000134160	4308	0	1	0	0	0	0	0	0	0	0	0	0	0	0	0	0	0	0	0	0	0	0	0	0	unique	1	no	0	0	0	0
HGNC:7151	GSDMC	Q9BYG8	ENSG00000147697	56169			0	0	0	0	0	0	0	0	0	0	0	0	0	0	0	0	0	0	0	0	0	0	unique	0	no	0	0	0	0
HGNC:7153	MMD	Q15546	ENSG00000108960	23531			0	0	0	0	0	0	0	0	0	0	0	0	0	0	0	0	0	0	0	0	0	0	unique	0	no	0	0	0	0
HGNC:7154	MME	P08473	ENSG00000196549	4311	1	1	0	0	1	0	0	0	0	0	0	0	1	1	1	1	1	0	0	0	1	1	1	1	unique	1	yes	1	0	0	1
HGNC:7160	MMP14	P50281	ENSG00000157227	4323	1	1	0	0	1	1	1	1	1	1	0	0	1	1	1	0	0	1	1	1	1	1	1	1	unique	1	yes	1	1	1	1
HGNC:7161	MMP15	P51511	ENSG00000102996	4324	1	1	0	0	1	1	1	0	0	1	0	0	0	0	0	0	0	0	0	0	1	1	0	0	unique	1	yes	0	0	0	0
HGNC:7162	MMP16	P51512	ENSG00000156103	4325	1	1	0	0	1	1	1	0	0	1	0	0	1	1	1	0	0	0	0	0	1	1	0	0	unique	1	yes	1	1	1	1
HGNC:7163	MMP17	Q9ULZ9	ENSG00000198598	4326	0	1	0	0	1	1	0	0	0	1	0	0	0	0	0	0	0	0	0	0	1	0	0	0	unique	1	no	1	1	1	1
HGNC:7166	MMP2	P08253	ENSG00000087245	4313			0	0	1	1	0	0	0	1	0	0	1	1	0	0	0	0	0	0	1	0	0	0	unique	0	yes	0	0	0	0
HGNC:717	ARSD	P51689	ENSG00000006756	414			0	0	0	0	0	0	0	0	0	0	0	0	0	0	0	0	0	0	0	0	0	0	unique	0	no	0	0	0	0
HGNC:7171	MMP23B	O75900	ENSG00000189409	8510			0	0	1	1	0	0	0	1	0	0	0	0	0	0	0	0	0	0	1	0	0	0	unique	0	no	0	0	0	0
HGNC:7172	MMP24	Q9Y5R2	ENSG00000125966	10893	1	1	0	0	0	0	0	0	0	0	0	0	0	0	0	0	0	0	0	0	0	0	0	0	unique	1	yes	0	0	0	0
HGNC:7174	MMP7	P09237	ENSG00000137673	4316			0	0	1	0	0	0	0	0	0	0	1	1	0	0	0	0	0	0	0	0	0	0	unique	0	yes	0	0	0	0
HGNC:7175	MMP8	P22894	ENSG00000118113	4317			0	0	1	0	0	0	0	0	0	0	1	1	0	0	0	0	0	0	0	0	0	0	unique	0	yes	0	0	0	0
HGNC:7176	MMP9	P14780	ENSG00000100985	4318			0	0	1	1	0	1	0	1	0	0	1	1	0	0	0	1	0	1	1	0	1	0	unique	0	yes	0	0	0	1
HGNC:7178	MMRN1	Q13201	ENSG00000138722	22915	0	0	0	0	1	0	0	0	0	0	0	0	0	0	0	0	0	0	0	0	0	0	0	0	unique	1	no	0	0	0	0
HGNC:7197	MOG	Q16653	ENSG00000204655	4340	1	1	0	0	1	0	0	0	0	1	0	0	0	0	0	0	0	0	0	0	0	0	0	0	unique	1	no	1	1	1	1
HGNC:7203	CD200	P41217	ENSG00000091972	4345	1	1	0	0	0	0	0	0	0	0	0	0	0	0	0	0	0	0	0	0	0	0	0	0	unique	1	yes	1	1	1	1
HGNC:7208	MPDZ	O75970	ENSG00000107186	8777	0	0	0	0	1	0	0	0	0	0	0	0	0	0	0	0	0	0	0	0	0	0	0	0	unique	1	yes	0	0	0	0
HGNC:721	ARSF	P54793	ENSG00000062096	416	0	0	0	0	0	0	0	0	0	0	0	0	0	0	0	0	0	0	0	0	0	0	0	0	unique	1	no	0	0	0	0
HGNC:7217	MPL	P40238	ENSG00000117400	4352	1	1	0	0	0	0	0	0	0	0	1	1	0	0	0	0	0	0	0	0	1	1	1	1	unique	1	yes	1	1	1	1
HGNC:7218	MPO	P05164	ENSG00000005381	4353			0	0	1	0	0	0	0	0	0	0	1	1	0	0	0	0	0	0	0	0	0	0	unique	0	no	0	0	0	0
HGNC:7221	MPP3	Q13368	ENSG00000161647	4356	0	0	0	0	0	0	0	0	0	0	0	0	0	0	0	0	0	0	0	0	0	0	0	0	unique	1	yes	0	0	0	0
HGNC:7225	MPZ	P25189	ENSG00000158887	4359	0	0	0	0	1	0	0	0	0	0	0	0	0	0	0	0	0	0	0	0	0	0	0	0	unique	1	yes	1	0	0	0
HGNC:7226	MPZL1	O95297	ENSG00000197965	9019	1	1	0	0	0	0	0	0	0	0	0	0	0	0	0	0	0	0	0	0	0	0	0	0	unique	1	yes	1	1	1	1
HGNC:7228	MRC1	P22897	ENSG00000260314	4360	1	1	0	0	1	0	0	0	0	0	0	0	0	0	0	0	0	0	0	0	0	0	0	0	unique	1	yes	1	1	1	1
HGNC:723	ART1	P52961	ENSG00000129744	417	0	1	0	0	0	0	0	0	0	0	0	0	0	0	0	0	0	0	0	0	0	0	0	0	unique	1	yes	1	1	1	1
HGNC:725	ART3	Q13508	ENSG00000156219	419	0	1	0	0	0	0	0	0	0	0	0	0	0	0	0	0	0	0	0	0	0	0	0	0	unique	1	no	1	1	1	1
HGNC:726	ART4	Q93070	ENSG00000111339	420	0	1	0	0	0	0	0	0	0	0	0	0	0	0	0	0	0	0	0	0	0	0	0	0	unique	1	no	1	1	1	1
HGNC:73	ABCG1	P45844	ENSG00000160179	9619	0	0	0	0	0	0	0	0	0	0	0	0	1	1	0	0	0	0	0	0	0	0	0	0	unique	1	yes	0	0	0	0
HGNC:7315	MS4A1	P11836	ENSG00000156738	931	0	1	0	0	1	1	1	1	1	1	0	0	1	1	0	0	0	1	1	1	1	1	1	1	unique	1	no	1	0	0	1
HGNC:7316	MS4A2	Q01362	ENSG00000149534	2206	0	1	0	0	1	0	0	0	0	0	0	0	1	1	0	0	0	0	0	0	0	0	0	0	unique	1	yes	0	0	0	0
HGNC:7317	MS4A3	Q96HJ5	ENSG00000149516	932	0	1	0	0	0	0	0	0	0	0	0	0	0	0	0	0	0	0	0	0	0	0	0	0	unique	1	no	0	0	0	0
HGNC:736	NAAA	Q02083	ENSG00000138744	27163			0	0	0	0	0	0	0	0	0	0	1	1	0	1	0	0	0	0	1	0	1	0	unique	0	yes	0	0	0	1
HGNC:7371	MSLN	Q13421	ENSG00000102854	10232	0	1	0	0	1	1	0	1	0	1	0	0	0	0	0	0	0	1	0	1	1	0	1	0	unique	1	yes	1	1	1	1
HGNC:7372	MSMB	P08118	ENSG00000263639	4477			0	0	1	0	0	0	0	0	0	0	0	0	0	0	0	0	0	0	0	0	0	0	unique	0	yes	0	0	0	0
HGNC:7373	MSN	P26038	ENSG00000147065	4478	0	0	0	0	0	0	0	0	0	0	0	0	1	1	0	0	0	0	0	0	0	0	0	0	unique	1	yes	0	0	0	0
HGNC:7376	MSR1	P21757	ENSG00000038945	4481	1	1	0	0	1	0	0	0	0	0	0	0	0	0	0	0	0	0	0	0	0	0	0	0	unique	1	yes	1	1	1	1
HGNC:7381	MST1R	Q04912	ENSG00000164078	4486	1	1	0	0	1	0	0	0	0	0	0	0	1	1	0	0	0	0	0	0	0	0	0	0	unique	1	yes	1	1	1	1
HGNC:74	ABCG2	Q9UNQ0	ENSG00000118777	9429	0	1	0	0	1	0	0	0	0	1	0	0	1	1	0	0	0	1	1	1	1	1	1	1	unique	1	no	1	0	0	1
HGNC:742	ASGR1	P07306	ENSG00000141505	432	1	1	0	0	1	0	0	0	0	0	0	0	1	1	1	0	0	1	1	1	1	1	1	1	unique	1	yes	1	1	1	1
HGNC:743	ASGR2	P07307	ENSG00000161944	433	1	1	0	0	0	0	0	0	0	0	0	0	0	0	0	0	0	1	1	1	1	1	1	1	unique	1	yes	1	1	1	1
HGNC:745	ASIP	P42127	ENSG00000101440	434			0	0	0	0	0	0	0	0	0	0	0	0	0	0	0	0	0	0	0	0	0	0	unique	0	yes	0	0	0	0
HGNC:7463	MTNR1A	P48039	ENSG00000168412	4543	0	1	0	0	1	0	0	0	0	0	0	0	1	1	0	1	0	0	0	0	1	0	1	0	unique	1	yes	1	0	0	1
HGNC:7464	MTNR1B	P49286	ENSG00000134640	4544	0	1	0	0	0	0	0	0	0	0	0	0	1	1	0	1	0	0	0	0	1	0	1	0	unique	1	yes	1	0	0	1
HGNC:7508	MUC1	P15941	ENSG00000185499	4582	1	1	0	0	1	0	0	0	0	1	0	0	0	0	0	0	0	1	1	1	1	1	1	1	unique	1	no	1	1	1	1
HGNC:7510	MUC12	Q9UKN1	ENSG00000205277	10071	1	1	0	0	0	0	0	0	0	0	0	0	0	0	0	0	0	0	0	0	0	0	0	0	unique	1	no	1	0	0	0
HGNC:7511	MUC13	Q9H3R2	ENSG00000173702	56667	1	1	0	0	0	0	0	0	0	0	0	0	0	0	0	0	0	0	0	0	0	0	0	0	unique	1	no	1	1	1	1
HGNC:7513	MUC3A	Q02505	ENSG00000169894	4584	1	1	0	0	0	0	0	0	0	0	0	0	0	0	0	0	0	0	0	0	0	0	0	0	unique	1	no	1	1	1	1
HGNC:7514	MUC4	Q99102	ENSG00000145113	4585	1	1	0	0	1	0	0	0	0	0	0	0	0	0	0	0	0	0	0	0	0	0	0	0	unique	1	no	1	1	1	1
HGNC:7521	CDHR5	Q9HBB8	ENSG00000099834	53841	1	1	0	0	0	0	0	0	0	0	0	0	0	0	0	0	0	0	0	0	0	0	0	0	unique	1	yes	1	1	1	1
HGNC:7525	MUSK	O15146	ENSG00000030304	4593	1	1	0	0	0	0	0	0	0	0	0	0	0	0	0	0	0	0	0	0	0	0	0	0	unique	1	yes	1	1	1	1
HGNC:7539	MXRA5	Q9NR99	ENSG00000101825	25878	0	0	0	0	0	0	0	0	0	0	0	0	0	0	0	0	0	0	0	0	0	0	0	0	unique	1	no	0	0	0	0
HGNC:7542	MXRA8	Q9BRK3	ENSG00000162576	54587	1	1	0	0	0	0	0	0	0	0	0	0	0	0	0	0	0	0	0	0	0	0	0	0	unique	1	yes	1	1	1	1
HGNC:7544	MYADM	Q96S97	ENSG00000179820	91663	0	1	0	0	0	0	0	0	0	0	0	0	0	0	0	0	0	0	0	0	0	0	0	0	unique	1	yes	1	0	0	0
HGNC:757	ASPH	Q12797	ENSG00000198363	444	0	0	0	0	1	0	0	0	0	0	0	0	1	1	0	0	0	0	0	0	0	0	0	0	unique	1	yes	0	0	0	0
HGNC:7579	MYH9	P35579	ENSG00000100345	4627	0	0	0	0	1	0	0	0	0	0	0	0	1	1	0	0	0	0	0	0	0	0	0	0	unique	1	no	0	0	0	0
HGNC:7590	MYLK	Q15746	ENSG00000065534	4638	0	0	0	0	1	0	0	0	0	0	0	0	0	0	0	0	0	0	0	0	0	0	0	0	unique	1	yes	0	0	0	0
HGNC:7597	MYO1C	O00159	ENSG00000197879	4641	0	0	0	0	0	0	0	0	0	0	0	0	0	1	0	0	0	0	0	0	0	0	0	0	unique	1	yes	0	0	0	0
HGNC:7610	MYOC	Q99972	ENSG00000034971	4653			0	0	0	0	0	0	0	0	0	0	0	0	0	0	0	0	0	0	0	0	0	0	unique	0	no	0	0	0	0
HGNC:7650	NBL1	P41271	ENSG00000158747	4681			0	0	0	0	0	0	0	0	0	0	0	0	0	0	0	0	0	0	0	0	0	0	unique	0	yes	0	0	0	0
HGNC:7656	NCAM1	P13591	ENSG00000149294	4684	1	1	0	0	1	1	1	0	0	1	0	0	0	1	1	0	0	0	0	0	1	1	0	0	unique	1	yes	1	1	1	1
HGNC:7657	NCAM2	O15394	ENSG00000154654	4685	1	1	0	0	0	0	0	0	0	0	0	0	1	1	1	0	0	0	0	0	0	0	0	0	unique	1	yes	1	1	1	1
HGNC:773	ASTN1	O14525	ENSG00000152092	460	1	1	0	0	1	0	0	0	0	0	0	0	0	0	0	0	0	0	0	0	0	0	0	0	unique	1	yes	1	1	1	1
HGNC:7733	NEDD9	Q14511	ENSG00000111859	4739	0	0	0	0	1	0	0	0	0	0	0	0	0	0	0	0	0	0	0	0	0	0	0	0	unique	1	no	0	0	0	0
HGNC:7750	NELL1	Q92832	ENSG00000165973	4745	0	0	0	0	0	0	0	0	0	0	0	0	0	0	0	0	0	0	0	0	0	0	0	0	unique	1	yes	0	0	0	0
HGNC:7751	NELL2	Q99435	ENSG00000184613	4753			0	0	0	0	0	0	0	0	0	0	0	0	0	0	0	0	0	0	0	0	0	0	unique	0	yes	0	0	0	0
HGNC:7754	NEO1	Q92859	ENSG00000067141	4756	1	1	0	0	1	1	0	0	0	1	0	0	0	0	0	0	0	0	0	0	1	0	0	0	unique	1	yes	1	1	1	1
HGNC:7758	NEU1	Q99519	ENSG00000204386	4758	0	0	0	0	1	0	0	0	0	0	0	0	0	0	0	0	0	0	0	0	0	0	0	0	unique	1	yes	0	0	0	0
HGNC:7760	NEU3	Q9UQ49	ENSG00000162139	10825			0	0	0	0	0	0	0	0	0	0	0	0	0	0	0	0	0	0	0	0	0	0	unique	0	yes	0	0	0	0
HGNC:7809	NGFR	P08138	ENSG00000064300	4804	1	1	0	0	1	0	0	0	0	0	0	0	1	1	0	0	0	0	0	0	0	0	0	0	unique	1	yes	1	1	1	1
HGNC:7820	NHS	Q6T4R5	ENSG00000188158	4810	0	0	0	0	0	0	0	0	0	0	0	0	0	0	0	0	0	0	0	0	0	0	0	0	unique	1	no	0	0	0	0
HGNC:7824	NINJ1	Q92982	ENSG00000131669	4814	0	1	0	0	0	0	0	0	0	0	0	0	1	1	0	0	0	0	0	0	0	0	0	0	unique	1	yes	0	0	0	0
HGNC:7825	NINJ2	Q9NZG7	ENSG00000171840	4815	0	1	0	0	0	0	0	0	0	0	0	0	1	1	0	0	0	0	0	0	0	0	0	0	unique	1	yes	0	0	0	0
HGNC:7830	NKG7	Q16617	ENSG00000105374	4818			0	0	0	0	0	0	0	0	0	0	0	0	0	0	0	0	0	0	0	0	0	0	unique	0	no	0	0	0	0
HGNC:7833	NKTR	P30414	ENSG00000114857	4820	1	1	0	0	0	0	0	0	0	0	0	0	0	0	0	0	0	0	0	0	0	0	0	0	unique	1	no	0	0	0	0
HGNC:7843	NMBR	P28336	ENSG00000135577	4829	0	1	0	0	1	0	0	0	0	0	1	0	0	0	0	0	0	0	0	0	1	0	1	0	unique	1	yes	1	0	0	1
HGNC:7849	NME1	P15531	ENSG00000239672	4830	0	0	0	0	0	0	0	0	0	0	0	0	1	1	0	0	0	0	0	0	0	0	0	0	unique	1	yes	0	0	0	0
HGNC:7872	NOS1	P29475	ENSG00000089250	4842	0	0	0	0	1	0	0	0	0	0	0	0	1	1	0	0	0	0	0	0	0	0	0	0	unique	1	no	0	0	0	0
HGNC:7881	NOTCH1	P46531	ENSG00000148400	4851	1	1	0	0	1	0	0	1	1	1	0	0	0	0	0	0	0	1	1	1	1	1	1	1	unique	1	yes	1	1	1	1
HGNC:7882	NOTCH2	Q04721	ENSG00000134250	4853	1	1	0	0	0	0	0	0	0	0	0	0	0	0	0	0	0	0	0	0	0	0	0	0	unique	1	yes	1	1	1	1
HGNC:7883	NOTCH3	Q9UM47	ENSG00000074181	4854	1	1	0	0	1	0	0	1	1	1	0	0	0	0	0	0	0	1	1	1	1	1	1	1	unique	1	yes	1	1	1	1
HGNC:7884	NOTCH4	Q99466	ENSG00000204301	4855	1	1	0	0	0	0	0	0	0	0	0	0	0	0	0	0	0	0	0	0	0	0	0	0	unique	1	yes	1	1	1	1
HGNC:7885	CCN3	P48745	ENSG00000136999	4856			0	0	1	0	0	0	0	0	0	0	0	0	0	0	0	0	0	0	0	0	0	0	unique	0	yes	0	0	0	0
HGNC:7889	NOX1	Q9Y5S8	ENSG00000007952	27035	0	1	0	0	0	0	0	0	0	0	0	0	0	0	0	0	0	0	0	0	0	0	0	0	unique	1	yes	0	0	0	0
HGNC:7890	NOX3	Q9HBY0	ENSG00000074771	50508	0	1	0	0	1	0	0	0	0	0	0	0	0	0	0	0	0	0	0	0	0	0	0	0	unique	1	no	0	0	0	0
HGNC:7891	NOX4	Q9NPH5	ENSG00000086991	50507	0	0	0	0	1	0	0	0	0	0	0	0	0	0	0	0	0	0	0	0	0	0	0	0	unique	1	no	1	1	1	1
HGNC:7897	NPC1	O15118	ENSG00000141458	4864	0	0	0	0	0	0	0	0	0	0	0	0	1	1	0	0	0	0	0	0	0	0	0	0	unique	1	yes	1	0	0	0
HGNC:7898	NPC1L1	Q9UHC9	ENSG00000015520	29881	0	1	0	0	0	0	0	0	0	0	0	0	1	1	1	0	0	0	0	0	0	0	0	0	unique	1	yes	1	1	1	1
HGNC:7899	NPDC1	Q9NQX5	ENSG00000107281	56654			0	0	1	0	0	0	0	0	0	0	0	0	0	0	0	0	0	0	0	0	0	0	unique	0	yes	0	0	0	0
HGNC:7908	NPHS1	O60500	ENSG00000161270	4868	1	1	0	0	1	0	0	0	0	0	0	0	0	0	0	0	0	0	0	0	0	0	0	0	unique	1	yes	1	1	1	1
HGNC:7943	NPR1	P16066	ENSG00000169418	4881	1	1	0	0	1	0	0	0	0	0	1	1	1	1	0	0	0	1	1	1	1	1	1	1	unique	1	yes	1	1	1	1
HGNC:7944	NPR2	P20594	ENSG00000159899	4882	1	1	0	0	1	0	0	0	0	0	0	0	0	0	0	0	0	0	0	0	0	0	0	0	unique	1	yes	1	1	1	1
HGNC:7945	NPR3	P17342	ENSG00000113389	4883	1	1	0	0	1	0	0	0	0	0	0	0	0	0	0	0	0	0	0	0	0	0	0	0	unique	1	yes	1	1	1	1
HGNC:7952	NPTX1	Q15818	ENSG00000171246	4884			0	0	0	0	0	0	0	0	0	0	0	0	0	0	0	0	0	0	0	0	0	0	unique	0	yes	0	0	0	0
HGNC:7953	NPTX2	P47972	ENSG00000106236	4885	0	0	0	0	0	0	0	0	0	0	0	0	0	0	0	0	0	0	0	0	0	0	0	0	unique	1	yes	0	0	0	0
HGNC:7954	NPTXR	O95502	ENSG00000221890	23467	1	1	0	0	0	0	0	0	0	0	0	0	0	0	0	0	0	0	0	0	0	0	0	0	unique	1	yes	0	0	0	0
HGNC:7956	NPY1R	P25929	ENSG00000164128	4886	0	1	0	0	0	0	0	0	0	0	1	0	1	1	0	1	0	0	0	0	1	0	1	0	unique	1	yes	1	0	0	1
HGNC:7957	NPY2R	P49146	ENSG00000185149	4887	0	1	0	0	1	0	0	0	0	0	1	0	0	0	0	0	0	0	0	0	1	0	1	0	unique	1	yes	1	0	0	1
HGNC:7958	NPY5R	Q15761	ENSG00000164129	4889	0	1	0	0	0	0	0	0	0	0	0	0	0	0	0	0	0	0	0	0	0	0	0	0	unique	1	yes	1	0	0	0
HGNC:799	ATP1A1	P05023	ENSG00000163399	476	0	1	0	0	0	0	0	0	0	0	0	0	1	1	0	0	0	0	0	0	0	0	0	0	unique	1	yes	1	1	1	1
HGNC:7994	NRCAM	Q92823	ENSG00000091129	4897	1	1	0	0	1	0	0	0	0	0	0	0	0	0	0	0	0	0	0	0	0	0	0	0	unique	1	yes	1	1	1	1
HGNC:7995	NRDC	O43847	ENSG00000078618	4898	0	0	0	0	1	0	0	0	0	0	0	0	0	0	0	0	0	0	0	0	0	0	0	0	unique	1	yes	0	0	0	0
HGNC:7997	NRG1	Q02297	ENSG00000157168	3084	0	0	0	0	1	0	0	0	0	0	0	0	0	0	0	0	0	0	0	0	0	0	0	0	unique	1	yes	1	1	1	1
HGNC:7998	NRG2	O14511	ENSG00000158458	9542	0	0	0	0	1	1	0	0	0	1	0	0	0	0	0	0	0	0	0	0	1	0	0	0	unique	1	yes	1	1	1	1
HGNC:7999	NRG3	P56975	ENSG00000185737	10718	0	0	0	0	1	0	0	0	0	0	0	0	0	0	0	0	0	0	0	0	0	0	0	0	unique	1	yes	0	0	0	0
HGNC:80	AOC1	P19801	ENSG00000002726	26			0	0	1	0	0	0	0	0	0	0	1	1	0	0	0	0	0	0	0	0	0	0	unique	0	yes	0	0	0	0
HGNC:800	ATP1A2	P50993	ENSG00000018625	477	0	1	0	0	1	0	0	0	0	0	0	0	0	0	0	0	0	0	0	0	0	0	0	0	unique	1	yes	1	1	1	1
HGNC:8004	NRP1	O14786	ENSG00000099250	8829	1	1	0	0	1	0	0	1	1	1	0	0	1	1	1	1	1	1	1	1	1	1	1	1	unique	1	yes	1	1	1	1
HGNC:8005	NRP2	O60462	ENSG00000118257	8828	1	1	0	0	1	1	1	0	0	1	0	0	1	1	1	0	0	1	1	1	1	1	1	1	unique	1	yes	1	1	1	1
HGNC:8008	NRXN1	P58400	ENSG00000179915	9378	1	1	0	0	1	0	0	0	0	0	0	0	0	0	0	0	0	0	0	0	0	0	0	0	unique	1	yes	1	1	1	1
HGNC:8009	NRXN2	P58401	ENSG00000110076	9379	1	1	0	0	0	0	0	0	0	0	0	0	0	1	0	0	0	0	0	0	0	0	0	0	unique	1	yes	1	1	0	1
HGNC:801	ATP1A3	P13637	ENSG00000105409	478	0	1	0	0	0	0	0	0	0	0	0	0	1	1	0	0	0	0	0	0	0	0	0	0	unique	1	yes	1	0	0	0
HGNC:8010	NRXN3	Q9HDB5	ENSG00000021645	9369	1	1	0	0	0	0	0	0	0	0	0	0	0	0	0	0	0	0	0	0	0	0	0	0	unique	1	yes	1	1	1	1
HGNC:8011	CNTNAP1	P78357	ENSG00000108797	8506	1	1	0	0	0	0	0	0	0	0	0	0	0	0	0	0	0	0	0	0	0	0	0	0	unique	1	yes	1	1	1	1
HGNC:8014	YBX1	P67809	ENSG00000065978	4904	0	0	0	0	1	0	0	0	0	0	0	0	0	0	0	0	0	0	0	0	0	0	0	0	unique	1	no	0	0	0	0
HGNC:8021	NT5E	P21589	ENSG00000135318	4907	0	1	0	0	1	1	0	1	0	1	0	0	1	1	0	1	0	1	0	1	1	0	1	0	unique	1	yes	1	1	1	1
HGNC:8030	NTN3	O00634	ENSG00000162068	4917	0	0	0	0	1	0	0	0	0	0	0	0	0	0	0	0	0	0	0	0	0	0	0	0	unique	1	yes	0	0	0	0
HGNC:8031	NTRK1	P04629	ENSG00000198400	4914	1	1	0	0	1	0	0	0	0	0	0	0	1	1	0	1	0	0	0	0	1	0	1	0	unique	1	yes	1	1	0	1
HGNC:8032	NTRK2	Q16620	ENSG00000148053	4915	1	1	0	0	1	0	0	1	1	1	0	0	0	0	0	0	0	1	1	1	1	1	1	1	unique	1	yes	1	1	1	1
HGNC:8033	NTRK3	Q16288	ENSG00000140538	4916	1	1	0	0	0	0	0	0	0	0	0	0	1	1	0	0	0	0	0	0	0	0	0	0	unique	1	yes	1	1	1	1
HGNC:8039	NTSR1	P30989	ENSG00000101188	4923	0	1	0	0	0	0	0	0	0	0	1	0	0	1	0	0	0	1	0	1	1	0	1	0	unique	1	yes	1	0	0	1
HGNC:804	ATP1B1	P05026	ENSG00000143153	481	1	1	0	0	0	0	0	0	0	0	0	0	1	1	0	0	0	0	0	0	0	0	0	0	unique	1	yes	1	0	0	0
HGNC:8040	NTSR2	O95665	ENSG00000169006	23620	0	1	0	0	0	0	0	0	0	0	0	0	0	0	0	0	0	0	0	0	0	0	0	0	unique	1	yes	1	1	1	1
HGNC:8044	NUCB2	P80303	ENSG00000070081	4925			0	0	0	0	0	0	0	0	0	0	0	0	0	0	0	0	0	0	0	0	0	0	unique	0	no	0	0	0	0
HGNC:805	ATP1B2	P14415	ENSG00000129244	482	1	1	0	0	0	0	0	0	0	0	0	0	0	0	0	0	0	0	0	0	0	0	0	0	unique	1	yes	1	0	0	0
HGNC:806	ATP1B3	P54709	ENSG00000069849	483	1	1	0	0	0	0	0	0	0	0	0	0	1	1	0	0	0	0	0	0	0	0	0	0	unique	1	yes	1	1	1	1
HGNC:8060	NUMB	P49757	ENSG00000133961	8650	0	0	0	0	1	0	0	0	0	0	0	0	0	0	0	0	0	0	0	0	0	0	0	0	unique	1	no	0	0	0	0
HGNC:8066	NUP62	P37198	ENSG00000213024	23636			0	0	0	0	0	0	0	0	0	0	0	0	0	0	0	0	0	0	0	0	0	0	unique	0	no	0	0	0	0
HGNC:8076	NXPH2	O95156	ENSG00000144227	11249			0	0	0	0	0	0	0	0	0	0	0	0	0	0	0	0	0	0	0	0	0	0	unique	0	yes	0	0	0	0
HGNC:8077	NXPH3	O95157	ENSG00000182575	11248			0	0	0	0	0	0	0	0	0	0	0	0	0	0	0	0	0	0	0	0	0	0	unique	0	yes	0	0	0	0
HGNC:8078	NXPH4	O95158	ENSG00000182379	11247	0	0	0	0	0	0	0	0	0	0	0	0	0	0	0	0	0	0	0	0	0	0	0	0	unique	1	yes	0	0	0	0
HGNC:8079	FRMD7	Q6ZUT3	ENSG00000165694	90167	0	0	0	0	0	0	0	0	0	0	0	0	0	0	0	0	0	0	0	0	0	0	0	0	unique	1	no	0	0	0	0
HGNC:808	ATP1B4	Q9UN42	ENSG00000101892	23439	0	0	0	0	0	0	0	0	0	0	0	0	0	0	0	0	0	0	0	0	0	0	0	0	unique	1	yes	1	0	0	0
HGNC:8082	NYX	Q9GZU5	ENSG00000188937	60506			0	0	0	0	0	0	0	0	0	0	0	0	0	0	0	0	0	0	0	0	0	0	unique	0	no	0	0	0	0
HGNC:8101	OCA2	Q04671	ENSG00000104044	4948	0	0	0	0	1	0	0	0	0	0	0	0	0	0	0	0	0	0	0	0	0	0	0	0	unique	1	yes	0	0	0	0
HGNC:8104	OCLN	Q16625	ENSG00000197822	100506658	0	0	0	0	0	0	0	0	0	0	0	0	0	0	0	0	0	0	0	0	0	0	0	0	unique	1	yes	0	0	0	0
HGNC:8117	TENM1	Q9UKZ4	ENSG00000009694	10178	1	1	0	0	1	0	0	0	0	0	0	0	0	0	0	0	0	0	0	0	0	0	0	0	unique	1	yes	1	1	1	1
HGNC:8133	OLR1	P78380	ENSG00000173391	4973	1	1	0	0	1	0	0	0	0	0	0	0	1	1	1	0	0	1	1	1	1	1	1	1	unique	1	yes	1	1	1	1
HGNC:8135	OMG	P23515	ENSG00000126861	4974	0	1	0	0	1	0	0	0	0	0	0	0	0	0	0	0	0	0	0	0	0	0	0	0	unique	1	yes	1	1	1	1
HGNC:814	ATP2B1	P20020	ENSG00000070961	490	0	1	0	0	1	0	0	0	0	0	0	0	0	0	0	0	0	0	0	0	0	0	0	0	unique	1	yes	0	0	0	0
HGNC:8143	OPCML	Q14982	ENSG00000183715	4978	0	1	0	0	0	0	0	0	0	0	0	0	0	0	0	0	0	0	0	0	0	0	0	0	unique	1	yes	1	1	1	1
HGNC:815	ATP2B2	Q01814	ENSG00000157087	491	0	0	0	0	0	0	0	0	0	0	0	0	0	0	0	0	0	0	0	0	0	0	0	0	unique	1	yes	1	1	1	1
HGNC:8153	OPRD1	P41143	ENSG00000116329	4985	0	1	0	0	0	0	0	0	0	0	0	0	1	1	0	1	0	0	0	0	1	0	1	0	unique	1	yes	1	0	0	1
HGNC:8154	OPRK1	P41145	ENSG00000082556	4986	0	1	0	0	1	0	0	1	0	1	1	0	1	1	0	1	0	1	0	1	1	0	1	0	unique	1	yes	1	0	0	1
HGNC:8155	OPRL1	P41146	ENSG00000125510	4987	0	1	0	0	0	0	0	0	0	0	0	0	1	1	0	1	0	0	0	0	1	0	1	0	unique	1	yes	1	0	0	1
HGNC:8156	OPRM1	P35372	ENSG00000112038	4988	0	1	0	0	0	0	0	0	0	0	0	0	1	1	0	1	0	1	0	1	1	0	1	0	unique	1	yes	1	0	0	1
HGNC:8157	SIGMAR1	Q99720	ENSG00000147955	10280			0	0	0	0	0	0	0	0	0	0	1	1	0	1	0	0	0	0	1	0	1	0	unique	0	yes	0	0	0	1
HGNC:816	ATP2B3	Q16720	ENSG00000067842	492	0	1	0	0	1	0	0	0	0	0	0	0	0	0	0	0	0	0	0	0	0	0	0	0	unique	1	yes	1	1	1	1
HGNC:8161	OR10A2	Q9H208	ENSG00000170790	341276	0	1	0	0	0	0	0	0	0	0	0	0	0	0	0	0	0	0	0	0	0	0	0	0	unique	1	yes	1	0	0	0
HGNC:8162	OR10A3	P58181	ENSG00000170683	26496	0	1	0	0	0	0	0	0	0	0	0	0	0	0	0	0	0	0	0	0	0	0	0	0	unique	1	yes	1	0	0	0
HGNC:8165	OR10C1	Q96KK4	ENSG00000206474	442194	0	0	0	0	0	0	0	0	0	0	0	0	0	0	0	0	0	0	0	0	0	0	0	0	unique	1	no	1	0	0	0
HGNC:8168	OR10D3	Q8NH80	ENSG00000197309	26497	0	0	0	0	0	0	0	0	0	0	0	0	0	0	0	0	0	0	0	0	0	0	0	0	unique	1	no	1	0	0	0
HGNC:817	ATP2B4	P23634	ENSG00000058668	493	0	1	0	0	1	0	0	0	0	0	0	0	0	0	0	0	0	0	0	0	0	0	0	0	unique	1	yes	1	1	1	1
HGNC:8170	OR10G2	Q8NGC3	ENSG00000255582	26534	0	0	0	0	0	0	0	0	0	0	0	0	0	0	0	0	0	0	0	0	0	0	0	0	unique	1	no	1	1	1	1
HGNC:8171	OR10G3	Q8NGC4	ENSG00000169208	26533	0	0	0	0	0	0	0	0	0	0	0	0	0	0	0	0	0	0	0	0	0	0	0	0	unique	1	no	1	0	0	0
HGNC:8172	OR10H1	Q9Y4A9	ENSG00000186723	26539	0	1	0	0	0	0	0	0	0	0	0	0	0	0	0	0	0	0	0	0	0	0	0	0	unique	1	yes	1	0	0	0
HGNC:8173	OR10H2	O60403	ENSG00000171942	26538	0	0	0	0	0	0	0	0	0	0	0	0	0	0	0	0	0	0	0	0	0	0	0	0	unique	1	yes	1	0	0	0
HGNC:8174	OR10H3	O60404	ENSG00000171936	26532	0	1	0	0	0	0	0	0	0	0	0	0	0	0	0	0	0	0	0	0	0	0	0	0	unique	1	yes	1	1	1	1
HGNC:8175	OR10J1	P30954	ENSG00000196184	26476	0	1	0	0	0	0	0	0	0	0	0	0	0	0	0	0	0	0	0	0	0	0	0	0	unique	1	no	1	0	0	0
HGNC:8176	OR11A1	Q9GZK7	ENSG00000204694	26531	0	1	0	0	0	0	0	0	0	0	0	0	0	0	0	0	0	0	0	0	0	0	0	0	unique	1	yes	1	0	0	0
HGNC:8177	OR12D1	P0DN82	ENSG00000251608	26530	0	0	0	0	0	0	0	0	0	0	0	0	0	0	0	0	0	0	0	0	0	0	0	0	unique	1	no	0	0	0	0
HGNC:8178	OR12D2	P58182	ENSG00000280236	26529	0	0	0	0	0	0	0	0	0	0	0	0	0	0	0	0	0	0	0	0	0	0	0	0	unique	1	yes	1	0	0	0
HGNC:8179	OR1A1	Q9P1Q5	ENSG00000172146	8383	0	1	0	0	0	0	0	0	0	0	0	0	0	0	0	0	0	0	0	0	0	0	0	0	unique	1	yes	1	0	0	0
HGNC:8180	OR1A2	Q9Y585	ENSG00000172150	26189	0	0	0	0	0	0	0	0	0	0	0	0	0	0	0	0	0	0	0	0	0	0	0	0	unique	1	yes	1	0	0	0
HGNC:8181	OR1B1	Q8NGR6	ENSG00000280094	347169	0	0	0	0	0	0	0	0	0	0	0	0	0	0	0	0	0	0	0	0	0	0	0	0	unique	1	no	1	0	0	0
HGNC:8182	OR1C1	Q15619	ENSG00000221888	26188	0	0	0	0	0	0	0	0	0	0	0	0	0	0	0	0	0	0	0	0	0	0	0	0	unique	1	yes	1	0	0	0
HGNC:8183	OR1D2	P34982	ENSG00000184166	4991	0	0	0	0	0	0	0	0	0	0	0	0	0	0	0	0	0	0	0	0	0	0	0	0	unique	1	yes	1	1	1	1
HGNC:8185	OR1D4	P47884	ENSG00000255095	653166	0	0	0	0	0	0	0	0	0	0	0	0	0	0	0	0	0	0	0	0	0	0	0	0	unique	1	yes	1	0	0	0
HGNC:8186	OR1D5	P58170	ENSG00000262628	8386	0	0	0	0	0	0	0	0	0	0	0	0	0	0	0	0	0	0	0	0	0	0	0	0	unique	1	yes	1	0	0	0
HGNC:8189	OR1E1	P30953	ENSG00000180016	8387	0	1	0	0	0	0	0	0	0	0	0	0	0	0	0	0	0	0	0	0	0	0	0	0	unique	1	yes	1	0	0	0
HGNC:819	ATP4A	P20648	ENSG00000105675	495	0	0	0	0	0	0	0	0	0	0	0	0	0	0	0	0	0	0	0	0	0	0	0	0	unique	1	yes	0	0	0	0
HGNC:8190	OR1E2	P47887	ENSG00000127780	8388	0	1	0	0	0	0	0	0	0	0	0	0	0	0	0	0	0	0	0	0	0	0	0	0	unique	1	yes	1	0	0	0
HGNC:8194	OR1F1	O43749	ENSG00000168124	4992	0	1	0	0	0	0	0	0	0	0	0	0	0	0	0	0	0	0	0	0	0	0	0	0	unique	1	yes	1	0	0	0
HGNC:820	ATP4B	P51164	ENSG00000186009	496	1	1	0	0	0	0	0	0	0	0	0	0	0	0	0	0	0	0	0	0	0	0	0	0	unique	1	no	1	0	0	0
HGNC:8204	OR1G1	P47890	ENSG00000183024	8390	0	0	0	0	0	0	0	0	0	0	0	0	0	0	0	0	0	0	0	0	0	0	0	0	unique	1	yes	1	0	0	0
HGNC:8207	OR1I1	O60431	ENSG00000094661	126370	0	0	0	0	0	0	0	0	0	0	0	0	0	0	0	0	0	0	0	0	0	0	0	0	unique	1	no	1	0	0	0
HGNC:8208	OR1J1	Q8NGS3	ENSG00000136834	347168	0	0	0	0	0	0	0	0	0	0	0	0	0	0	0	0	0	0	0	0	0	0	0	0	unique	1	no	1	0	0	0
HGNC:8209	OR1J2	Q8NGS2	ENSG00000197233	26740	0	1	0	0	0	0	0	0	0	0	0	0	0	0	0	0	0	0	0	0	0	0	0	0	unique	1	no	1	0	0	0
HGNC:8211	OR1J4	Q8NGS1	ENSG00000239590	26219	0	0	0	0	0	0	0	0	0	0	0	0	0	0	0	0	0	0	0	0	0	0	0	0	unique	1	yes	1	0	0	0
HGNC:8212	OR1K1	Q8NGR3	ENSG00000165204	392392	0	0	0	0	0	0	0	0	0	0	0	0	0	0	0	0	0	0	0	0	0	0	0	0	unique	1	yes	1	0	0	0
HGNC:8213	OR1L1	Q8NH94	ENSG00000173679	26737	0	1	0	0	0	0	0	0	0	0	0	0	0	0	0	0	0	0	0	0	0	0	0	0	unique	1	yes	1	0	0	0
HGNC:8215	OR1L3	Q8NH93	ENSG00000171481	26735	0	1	0	0	0	0	0	0	0	0	0	0	0	0	0	0	0	0	0	0	0	0	0	0	unique	1	yes	1	0	0	0
HGNC:8216	OR1L4	Q8NGR5	ENSG00000136939	254973	0	1	0	0	0	0	0	0	0	0	0	0	0	0	0	0	0	0	0	0	0	0	0	0	unique	1	no	1	1	1	1
HGNC:8218	OR1L6	Q8NGR2	ENSG00000171459	392390	0	1	0	0	0	0	0	0	0	0	0	0	0	0	0	0	0	0	0	0	0	0	0	0	unique	1	yes	1	0	0	0
HGNC:8220	OR1M1	Q8NGA1	ENSG00000170929	125963	0	1	0	0	0	0	0	0	0	0	0	0	0	0	0	0	0	0	0	0	0	0	0	0	unique	1	no	1	0	0	0
HGNC:8221	OR1N1	Q8NGS0	ENSG00000171505	138883	0	0	0	0	0	0	0	0	0	0	0	0	0	0	0	0	0	0	0	0	0	0	0	0	unique	1	yes	1	0	0	0
HGNC:8223	OR1Q1	Q15612	ENSG00000165202	158131	0	1	0	0	0	0	0	0	0	0	0	0	0	0	0	0	0	0	0	0	0	0	0	0	unique	1	no	1	0	0	0
HGNC:8226	OR1R1	A0A286YEU6	ENSG00000180042	9596	0	0	0	0	0	0	0	0	0	0	0	0	0	0	0	0	0	0	0	0	0	0	0	0	unique	1	no	0	0	0	0
HGNC:8227	OR1S1	Q8NH92	ENSG00000280204	219959	0	0	0	0	0	0	0	0	0	0	0	0	0	0	0	0	0	0	0	0	0	0	0	0	unique	1	no	1	0	0	0
HGNC:8229	OR2A1	Q8NGT9	ENSG00000221970	346528	0	0	0	0	0	0	0	0	0	0	0	0	0	0	0	0	0	0	0	0	0	0	0	0	shared_uniprot_ambiguous	1	yes	0	0	0	0
HGNC:8230	OR2A2	Q6IF42	ENSG00000221989	442361	0	1	0	0	0	0	0	0	0	0	0	0	0	0	0	0	0	0	0	0	0	0	0	0	unique	1	yes	1	0	0	0
HGNC:8232	OR2A5	Q96R48	ENSG00000221836	393046	0	1	0	0	0	0	0	0	0	0	0	0	0	0	0	0	0	0	0	0	0	0	0	0	unique	1	no	1	0	0	0
HGNC:8234	OR2A7	Q96R45	ENSG00000243896	401427	0	1	0	0	0	0	0	0	0	0	0	0	0	0	0	0	0	0	0	0	0	0	0	0	unique	1	yes	1	0	0	0
HGNC:8238	OR2B3	O76000	ENSG00000204703	442184	0	0	0	0	0	0	0	0	0	0	0	0	0	0	0	0	0	0	0	0	0	0	0	0	unique	1	yes	1	0	0	0
HGNC:8241	OR2B6	P58173	ENSG00000124657	26212	0	1	0	0	0	0	0	0	0	0	0	0	0	0	0	0	0	0	0	0	0	0	0	0	unique	1	no	1	0	0	0
HGNC:8242	OR2C1	O95371	ENSG00000168158	4993	0	0	0	0	0	0	0	0	0	0	0	0	0	0	0	0	0	0	0	0	0	0	0	0	unique	1	yes	1	0	0	0
HGNC:8244	OR2D2	Q9H210	ENSG00000166368	120776	0	1	0	0	0	0	0	0	0	0	0	0	0	0	0	0	0	0	0	0	0	0	0	0	unique	1	yes	1	0	0	0
HGNC:8246	OR2F1	Q13607	ENSG00000213215	26211	0	0	0	0	0	0	0	0	0	0	0	0	0	0	0	0	0	0	0	0	0	0	0	0	unique	1	no	1	0	0	0
HGNC:8247	OR2F2	O95006	ENSG00000221910	135948	0	0	0	0	0	0	0	0	0	0	0	0	0	0	0	0	0	0	0	0	0	0	0	0	unique	1	yes	1	0	0	0
HGNC:8252	OR2H1	Q9GZK4	ENSG00000204688	26716	0	1	0	0	0	0	0	0	0	0	0	0	0	0	0	0	0	0	0	0	0	0	0	0	unique	1	yes	1	0	0	0
HGNC:8253	OR2H2	O95918	ENSG00000204657	7932	0	0	0	0	0	0	0	0	0	0	0	0	0	0	0	0	0	0	0	0	0	0	0	0	unique	1	yes	1	0	0	0
HGNC:8258	OR2I1	Q8NGU4	ENSG00000237988	442197	0	1	0	0	0	0	0	0	0	0	0	0	0	0	0	0	0	0	0	0	0	0	0	0	unique	1	no	1	0	0	0
HGNC:8259	OR2J1	Q9GZK6	ENSG00000204702	442185	0	0	0	0	0	0	0	0	0	0	0	0	0	0	0	0	0	0	0	0	0	0	0	0	unique	1	yes	1	0	0	0
HGNC:8260	OR2J2	O76002	ENSG00000204700	26707	0	1	0	0	0	0	0	0	0	0	0	0	0	0	0	0	0	0	0	0	0	0	0	0	unique	1	yes	1	0	0	0
HGNC:8261	OR2J3	O76001	ENSG00000204701	442186	0	0	0	0	0	0	0	0	0	0	0	0	0	0	0	0	0	0	0	0	0	0	0	0	unique	1	yes	1	0	0	0
HGNC:8264	OR2K2	Q8NGT1	ENSG00000171133	26248	0	0	0	0	0	0	0	0	0	0	0	0	0	0	0	0	0	0	0	0	0	0	0	0	unique	1	yes	1	0	0	0
HGNC:8266	OR2L2	Q8NH16	ENSG00000203663	26246	0	1	0	0	0	0	0	0	0	0	0	0	0	0	0	0	0	0	0	0	0	0	0	0	unique	1	yes	1	0	0	0
HGNC:8268	OR2M2	Q96R28	ENSG00000198601	391194	0	0	0	0	0	0	0	0	0	0	0	0	0	0	0	0	0	0	0	0	0	0	0	0	unique	1	yes	1	0	0	0
HGNC:8269	OR2M3	Q8NG83	ENSG00000228198	127062	0	1	0	0	0	0	0	0	0	0	0	0	0	0	0	0	0	0	0	0	0	0	0	0	unique	1	yes	1	0	0	0
HGNC:8270	OR2M4	Q96R27	ENSG00000171180	26245	0	1	0	0	0	0	0	0	0	0	0	0	0	0	0	0	0	0	0	0	0	0	0	0	unique	1	yes	1	0	0	0
HGNC:8276	OR2S2	Q9NQN1	ENSG00000278889	56656	0	0	0	0	0	0	0	0	0	0	0	0	0	0	0	0	0	0	0	0	0	0	0	0	unique	1	no	1	0	0	0
HGNC:8277	OR2T1	O43869	ENSG00000175143	26696	0	0	0	0	0	0	0	0	0	0	0	0	0	0	0	0	0	0	0	0	0	0	0	0	unique	1	yes	1	0	0	0
HGNC:8280	OR2V1	Q8NHB1	ENSG00000185372	26693	0	0	0	0	0	0	0	0	0	0	0	0	0	0	0	0	0	0	0	0	0	0	0	0	unique	1	no	1	0	0	0
HGNC:8281	OR2W1	Q9Y3N9	ENSG00000204704	26692	0	1	0	0	0	0	0	0	0	0	0	0	0	0	0	0	0	0	0	0	0	0	0	0	unique	1	yes	1	0	0	0
HGNC:8282	OR3A1	P47881	ENSG00000180090	4994	0	1	0	0	0	0	0	0	0	0	0	0	0	0	0	0	0	0	0	0	0	0	0	0	unique	1	yes	1	0	0	0
HGNC:8283	OR3A2	P47893	ENSG00000221882	4995	0	1	0	0	0	0	0	0	0	0	0	0	0	0	0	0	0	0	0	0	0	0	0	0	unique	1	yes	1	0	0	0
HGNC:8284	OR3A3	P47888	ENSG00000159961	8392	0	1	0	0	0	0	0	0	0	0	0	0	0	0	0	0	0	0	0	0	0	0	0	0	unique	1	yes	1	0	0	0
HGNC:8290	OR4B1	Q8NGF8	ENSG00000175619	119765	0	1	0	0	0	0	0	0	0	0	0	0	0	0	0	0	0	0	0	0	0	0	0	0	unique	1	yes	1	0	0	0
HGNC:8293	OR4D1	Q15615	ENSG00000141194	26689	0	1	0	0	0	0	0	0	0	0	0	0	0	0	0	0	0	0	0	0	0	0	0	0	unique	1	no	1	0	0	0
HGNC:8294	OR4D2	P58180	ENSG00000255713	124538	0	1	0	0	0	0	0	0	0	0	0	0	0	0	0	0	0	0	0	0	0	0	0	0	unique	1	yes	1	0	0	0
HGNC:8296	OR4E1	P0C645	ENSG00000276240	26687	0	0	0	0	0	0	0	0	0	0	0	0	0	0	0	0	0	0	0	0	0	0	0	0	unique	1	no	1	0	0	0
HGNC:8297	OR4E2	Q8NGC2	ENSG00000221977	26686	0	0	0	0	0	0	0	0	0	0	0	0	0	0	0	0	0	0	0	0	0	0	0	0	unique	1	no	1	0	0	0
HGNC:830	ATP5F1B	P06576	ENSG00000110955	506	0	0	0	0	1	0	0	0	0	0	0	0	1	1	0	0	0	0	0	0	0	0	0	0	unique	1	yes	0	0	0	0
HGNC:8300	OR4F3	Q6IEY1	ENSG00000230178	26683	0	1	0	0	0	0	0	0	0	0	0	0	0	0	0	0	0	0	0	0	0	0	0	0	shared_uniprot_ambiguous	1	no	0	0	0	0
HGNC:8318	OR52A1	Q9UKL2	ENSG00000182070	23538	0	0	0	0	0	0	0	0	0	0	0	0	0	0	0	0	0	0	0	0	0	0	0	0	unique	1	yes	1	0	0	0
HGNC:8319	OR5A1	Q8NGJ0	ENSG00000172320	219982	0	0	0	0	0	0	0	0	0	0	0	0	0	0	0	0	0	0	0	0	0	0	0	0	unique	1	yes	1	0	0	0
HGNC:8323	OR5B2	Q96R09	ENSG00000172365	390190	0	1	0	0	1	0	0	0	0	0	0	0	0	0	0	0	0	0	0	0	0	0	0	0	unique	1	no	1	0	0	0
HGNC:8324	OR5B3	Q8NH48	ENSG00000172769	441608	0	0	0	0	0	0	0	0	0	0	0	0	0	0	0	0	0	0	0	0	0	0	0	0	unique	1	no	1	1	0	1
HGNC:8331	OR5C1	Q8NGR4	ENSG00000148215	392391	0	0	0	0	0	0	0	0	0	0	0	0	0	0	0	0	0	0	0	0	0	0	0	0	unique	1	no	1	0	0	0
HGNC:8336	OR5D3	A0A2R8Y4L6	ENSG00000186886	8594	0	0	0	0	0	0	0	0	0	0	0	0	0	0	0	0	0	0	0	0	0	0	0	0	unique	1	no	0	0	0	0
HGNC:8343	OR5F1	O95221	ENSG00000149133	338674	0	0	0	0	0	0	0	0	0	0	0	0	0	0	0	0	0	0	0	0	0	0	0	0	unique	1	no	1	0	0	0
HGNC:8346	OR5H1	A6NKK0	ENSG00000231192	26341	0	1	0	0	0	0	0	0	0	0	0	0	0	0	0	0	0	0	0	0	0	0	0	0	unique	1	yes	1	0	0	0
HGNC:8347	OR5I1	Q13606	ENSG00000167825	10798	0	0	0	0	0	0	0	0	0	0	0	0	0	0	0	0	0	0	0	0	0	0	0	0	unique	1	no	1	0	0	0
HGNC:8349	OR5K1	Q8NHB7	ENSG00000232382	26339	0	1	0	0	0	0	0	0	0	0	0	0	0	0	0	0	0	0	0	0	0	0	0	0	unique	1	yes	1	0	0	0
HGNC:8350	OR5L1	Q8NGL2	ENSG00000279395	219437	0	0	0	0	0	0	0	0	0	0	0	0	0	0	0	0	0	0	0	0	0	0	0	0	unique	1	no	1	0	0	0
HGNC:8351	OR5L2	Q8NGL0	ENSG00000205030	26338	0	1	0	0	0	0	0	0	0	0	0	0	0	0	0	0	0	0	0	0	0	0	0	0	unique	1	no	1	0	0	0
HGNC:8352	OR5M1	Q8NGP8	ENSG00000255012	390168	0	1	0	0	0	0	0	0	0	0	0	0	0	0	0	0	0	0	0	0	0	0	0	0	unique	1	no	1	0	0	0
HGNC:8354	OR6B1	O95007	ENSG00000221813	135946	0	1	0	0	0	0	0	0	0	0	0	0	0	0	0	0	0	0	0	0	0	0	0	0	unique	1	yes	1	0	0	0
HGNC:8355	OR6C1	Q96RD1	ENSG00000205330	390321	0	0	0	0	0	0	0	0	0	0	0	0	0	0	0	0	0	0	0	0	0	0	0	0	unique	1	no	1	0	0	0
HGNC:8356	OR7A10	O76100	ENSG00000127515	390892	0	0	0	0	0	0	0	0	0	0	0	0	0	0	0	0	0	0	0	0	0	0	0	0	unique	1	no	1	0	0	0
HGNC:8363	OR7A17	O14581	ENSG00000185385	26333	0	0	0	0	0	0	0	0	0	0	0	0	0	0	0	0	0	0	0	0	0	0	0	0	unique	1	yes	1	0	0	0
HGNC:8368	OR7A5	Q15622	ENSG00000188269	26659	0	0	0	0	0	0	0	0	0	0	0	0	0	0	0	0	0	0	0	0	0	0	0	0	unique	1	yes	1	0	0	0
HGNC:8373	OR7C1	O76099	ENSG00000127530	26664	0	0	0	0	0	0	0	0	0	0	0	0	0	0	0	0	0	0	0	0	0	0	0	0	unique	1	no	1	0	0	0
HGNC:8374	OR7C2	O60412	ENSG00000127529	26658	0	1	0	0	1	0	0	0	0	0	0	0	0	0	0	0	0	0	0	0	0	0	0	0	unique	1	no	1	0	0	0
HGNC:8378	OR7D2	Q96RA2	ENSG00000188000	162998	0	0	0	0	0	0	0	0	0	0	0	0	0	0	0	0	0	0	0	0	0	0	0	0	unique	1	yes	1	0	0	0
HGNC:8380	OR7D4	Q8NG98	ENSG00000174667	125958	0	0	0	0	0	0	0	0	0	0	0	0	0	0	0	0	0	0	0	0	0	0	0	0	unique	1	yes	1	0	0	0
HGNC:8396	OR7E24	Q6IFN5	ENSG00000237521	26648	0	0	0	0	0	0	0	0	0	0	0	0	0	0	0	0	0	0	0	0	0	0	0	0	unique	1	yes	1	0	0	0
HGNC:8465	OR7G1	Q8NGA0	ENSG00000161807	125962	0	1	0	0	0	0	0	0	0	0	0	0	0	0	0	0	0	0	0	0	0	0	0	0	unique	1	no	1	0	0	0
HGNC:8466	OR7G2	Q8NG99	ENSG00000170923	390882	0	0	0	0	0	0	0	0	0	0	0	0	0	0	0	0	0	0	0	0	0	0	0	0	unique	1	no	1	0	0	0
HGNC:8467	OR7G3	Q8NG95	ENSG00000170920	390883	0	0	0	0	0	0	0	0	0	0	0	0	0	0	0	0	0	0	0	0	0	0	0	0	unique	1	no	1	0	0	0
HGNC:8469	OR8A1	Q8NGG7	ENSG00000196119	390275	0	0	0	0	0	0	0	0	0	0	0	0	0	0	0	0	0	0	0	0	0	0	0	0	unique	1	yes	1	0	0	0
HGNC:847	ATP5PF	P18859	ENSG00000154723	522			0	0	0	0	0	0	0	0	0	0	0	0	0	0	0	0	0	0	0	0	0	0	unique	0	no	0	0	0	0
HGNC:8471	OR8B2	Q96RD0	ENSG00000284680	26595	0	0	0	0	0	0	0	0	0	0	0	0	0	0	0	0	0	0	0	0	0	0	0	0	unique	1	no	1	0	0	0
HGNC:8472	OR8B3	Q8NGG8	ENSG00000284609	390271	0	0	0	0	0	0	0	0	0	0	0	0	0	0	0	0	0	0	0	0	0	0	0	0	unique	1	no	1	0	0	0
HGNC:8473	OR8B4	Q96RC9	ENSG00000280090	283162	0	0	0	0	0	0	0	0	0	0	0	0	0	0	0	0	0	0	0	0	0	0	0	0	unique	1	no	1	0	0	0
HGNC:8477	OR8B8	Q15620	ENSG00000197125	26493	0	0	0	0	0	0	0	0	0	0	0	0	0	0	0	0	0	0	0	0	0	0	0	0	unique	1	yes	1	0	0	0
HGNC:8481	OR8D1	Q8WZ84	ENSG00000196341	283159	0	1	0	0	0	0	0	0	0	0	0	0	0	0	0	0	0	0	0	0	0	0	0	0	unique	1	yes	1	0	0	0
HGNC:8482	OR8D2	Q9GZM6	ENSG00000279116	283160	0	0	0	0	0	0	0	0	0	0	0	0	0	0	0	0	0	0	0	0	0	0	0	0	unique	1	yes	1	0	0	0
HGNC:8484	OR8G1	Q15617	ENSG00000197849	26494	0	0	0	0	0	0	0	0	0	0	0	0	0	0	0	0	0	0	0	0	0	0	0	0	unique	1	no	1	0	0	0
HGNC:8494	SLC22A13	Q9Y226	ENSG00000172940	9390	0	1	0	0	0	0	0	0	0	0	0	0	0	0	0	0	0	0	0	0	0	0	0	0	unique	1	yes	1	0	0	0
HGNC:8495	SLC22A14	Q9Y267	ENSG00000144671	9389	0	0	0	0	0	0	0	0	0	0	0	0	0	0	0	0	0	0	0	0	0	0	0	0	unique	1	yes	1	0	0	0
HGNC:8507	OSMR	Q99650	ENSG00000145623	9180	1	1	0	0	0	0	0	0	0	0	0	0	0	0	0	0	0	0	0	0	0	0	0	0	unique	1	yes	1	1	1	1
HGNC:8514	CLDN11	O75508	ENSG00000013297	5010	0	1	0	0	1	0	0	0	0	0	0	0	0	0	0	0	0	0	0	0	0	0	0	0	unique	1	no	1	1	1	1
HGNC:8524	OVGP1	Q12889	ENSG00000085465	5016			0	0	1	0	0	0	0	0	0	0	0	0	0	0	0	0	0	0	0	0	0	0	unique	0	yes	0	0	0	0
HGNC:8529	OXTR	P30559	ENSG00000180914	5021	0	1	0	0	0	0	0	0	0	0	1	0	1	1	0	0	0	0	0	0	1	0	1	0	unique	1	yes	1	1	1	1
HGNC:853	ATP6V1B1	P15313	ENSG00000116039	525	0	0	0	0	1	0	0	0	0	0	0	0	0	0	0	0	0	0	0	0	0	0	0	0	unique	1	no	0	0	0	0
HGNC:8533	P2RX1	P51575	ENSG00000108405	5023	0	1	0	0	0	0	0	0	0	0	0	0	1	1	1	1	1	0	0	0	1	1	1	1	unique	1	yes	1	1	1	1
HGNC:8534	P2RX3	P56373	ENSG00000109991	5024	0	1	0	0	0	0	0	0	0	0	0	0	1	1	1	1	1	0	0	0	1	1	1	1	unique	1	yes	1	1	1	1
HGNC:8535	P2RX4	Q99571	ENSG00000135124	5025	0	0	0	0	0	0	0	0	0	0	0	0	1	1	1	1	1	0	0	0	1	1	1	1	unique	1	yes	1	1	1	1
HGNC:8536	P2RX5	Q93086	ENSG00000083454	5026	0	1	0	0	1	0	0	0	0	0	0	0	0	0	0	0	0	0	0	0	0	0	0	0	unique	1	yes	0	0	0	0
HGNC:8537	P2RX7	Q99572	ENSG00000089041	5027	0	1	0	0	0	0	0	0	0	0	0	0	1	1	1	1	1	0	0	0	1	1	1	1	unique	1	yes	1	1	1	1
HGNC:8538	P2RX6	O15547	ENSG00000099957	9127	0	1	0	0	0	0	0	0	0	0	0	0	0	0	0	0	0	0	0	0	0	0	0	0	unique	1	yes	1	1	1	1
HGNC:8539	P2RY1	P47900	ENSG00000169860	5028	0	1	0	0	1	0	0	0	0	0	0	0	1	1	0	1	0	0	0	0	1	0	1	0	unique	1	yes	1	1	1	1
HGNC:854	ATP6V1B2	P21281	ENSG00000147416	526	0	0	0	0	1	0	0	0	0	0	0	0	1	1	0	0	0	0	0	0	0	0	0	0	unique	1	no	0	0	0	0
HGNC:8540	P2RY11	Q96G91	ENSG00000244165	5032	0	1	0	0	0	0	0	0	0	0	0	0	0	0	0	0	0	0	0	0	0	0	0	0	unique	1	yes	1	0	0	0
HGNC:8541	P2RY2	P41231	ENSG00000175591	5029	0	1	0	0	0	0	0	0	0	0	0	0	1	1	0	1	0	0	0	0	1	0	1	0	unique	1	yes	1	1	1	1
HGNC:8542	P2RY4	P51582	ENSG00000186912	5030	0	1	0	0	0	0	0	0	0	0	0	0	1	1	0	1	0	0	0	0	1	0	1	0	unique	1	yes	1	0	0	1
HGNC:8543	P2RY6	Q15077	ENSG00000171631	5031	0	1	0	0	0	0	0	0	0	0	0	0	0	0	0	0	0	0	0	0	0	0	0	0	unique	1	yes	1	0	0	0
HGNC:8548	P4HB	P07237	ENSG00000185624	5034	0	0	0	0	1	0	0	0	0	0	0	0	0	1	0	0	0	0	0	0	0	0	0	0	unique	1	yes	0	0	0	0
HGNC:8568	FURIN	P09958	ENSG00000140564	5045	0	0	0	0	1	0	0	1	0	1	0	0	1	1	0	0	0	1	0	1	1	0	1	0	unique	1	yes	1	1	1	1
HGNC:8569	PCSK6	P29122	ENSG00000140479	5046	0	0	0	0	1	1	0	0	0	1	0	0	0	0	0	0	0	0	0	0	1	0	0	0	unique	1	yes	0	0	0	0
HGNC:857	ATP6V1E1	P36543	ENSG00000131100	529	0	0	0	0	1	0	0	0	0	0	0	0	0	0	0	0	0	0	0	0	0	0	0	0	unique	1	no	0	0	0	0
HGNC:8571	PACSIN2	Q9UNF0	ENSG00000100266	11252	0	0	0	0	0	0	0	0	0	0	0	0	0	0	0	0	0	0	0	0	0	0	0	0	unique	1	no	0	0	0	0
HGNC:8573	PAEP	P09466	ENSG00000122133	5047			0	0	1	0	0	0	0	0	0	0	0	0	0	0	0	0	0	0	0	0	0	0	unique	0	no	0	0	0	0
HGNC:8583	SERPINE1	P05121	ENSG00000106366	5054			0	0	1	1	0	1	0	1	0	0	1	1	0	0	0	1	0	1	1	0	1	0	unique	0	yes	0	0	0	1
HGNC:8584	SERPINB2	P05120	ENSG00000197632	5055	0	0	0	0	1	0	0	0	0	0	0	0	0	0	0	0	0	0	0	0	0	0	0	0	unique	1	yes	0	0	0	0
HGNC:8594	PALM	O75781	ENSG00000099864	5064	0	0	0	0	0	0	0	0	0	0	0	0	0	0	0	0	0	0	0	0	0	0	0	0	unique	1	no	0	0	0	0
HGNC:8596	PAM	P19021	ENSG00000145730	5066	0	0	0	0	0	0	0	0	0	0	0	0	0	0	0	0	0	0	0	0	0	0	0	0	unique	1	no	1	1	1	1
HGNC:8599	PANX1	Q96RD7	ENSG00000110218	24145	0	1	0	0	0	0	0	0	0	0	0	0	1	1	1	1	1	0	0	0	1	1	1	1	unique	1	no	1	0	0	1
HGNC:8600	PANX2	Q96RD6	ENSG00000073150	56666	0	0	0	0	1	0	0	0	0	0	0	0	0	0	0	0	0	0	0	0	0	0	0	0	unique	1	no	1	1	1	1
HGNC:8602	PAPPA	Q13219	ENSG00000182752	5069			0	0	1	0	0	0	0	0	0	0	0	0	0	0	0	0	0	0	0	0	0	0	unique	0	yes	0	0	0	0
HGNC:8614	PAWR	Q96IZ0	ENSG00000177425	5074			0	0	0	0	0	0	0	0	0	0	0	0	0	0	0	0	0	0	0	0	0	0	unique	0	yes	0	0	0	0
HGNC:8642	SLC45A3	Q96JT2	ENSG00000158715	85414			0	0	1	0	0	0	0	0	0	0	0	0	0	0	0	0	0	0	0	0	0	0	unique	0	no	0	0	0	0
HGNC:8655	PCDH1	Q08174	ENSG00000156453	5097	1	1	0	0	0	0	0	0	0	0	0	0	1	1	1	0	0	0	0	0	0	0	0	0	unique	1	yes	1	1	1	1
HGNC:8656	PCDH11X	Q9BZA7	ENSG00000102290	27328	1	1	0	0	0	0	0	0	0	0	0	0	0	0	0	0	0	0	0	0	0	0	0	0	unique	1	yes	1	1	1	1
HGNC:8657	PCDH12	Q9NPG4	ENSG00000113555	51294	1	1	0	0	1	0	0	0	0	0	0	0	0	0	0	0	0	0	0	0	0	0	0	0	unique	1	yes	1	1	1	1
HGNC:8659	PCDH7	O60245	ENSG00000169851	5099	1	1	0	0	0	0	0	0	0	0	0	0	0	0	0	0	0	0	0	0	0	0	0	0	unique	1	yes	1	1	1	1
HGNC:866	ATP6V0A4	Q9HBG4	ENSG00000105929	50617	0	0	0	0	0	0	0	0	0	0	0	0	0	0	0	0	0	1	0	1	1	0	1	0	unique	1	no	0	0	0	1
HGNC:8660	PCDH8	O95206	ENSG00000136099	5100	1	1	0	0	1	0	0	0	0	0	0	0	0	0	0	0	0	0	0	0	0	0	0	0	unique	1	yes	1	1	1	1
HGNC:8661	PCDH9	Q9HC56	ENSG00000184226	5101	1	1	0	0	0	0	0	0	0	0	0	0	0	0	0	0	0	0	0	0	0	0	0	0	unique	1	yes	1	1	1	1
HGNC:8663	PCDHA1	Q9Y5I3	ENSG00000204970	56147	1	1	0	0	0	0	0	0	0	0	0	0	0	0	0	0	0	0	0	0	0	0	0	0	unique	1	yes	1	1	1	1
HGNC:8664	PCDHA10	Q9Y5I2	ENSG00000250120	56139	1	1	0	0	0	0	0	0	0	0	0	0	0	0	0	0	0	0	0	0	0	0	0	0	unique	1	yes	1	1	1	1
HGNC:8665	PCDHA11	Q9Y5I1	ENSG00000249158	56138	1	1	0	0	0	0	0	0	0	0	0	0	0	0	0	0	0	0	0	0	0	0	0	0	unique	1	yes	1	1	1	1
HGNC:8666	PCDHA12	Q9UN75	ENSG00000251664	56137	1	1	0	0	0	0	0	0	0	0	0	0	0	0	0	0	0	0	0	0	0	0	0	0	unique	1	yes	1	1	1	1
HGNC:8667	PCDHA13	Q9Y5I0	ENSG00000239389	56136	1	1	0	0	0	0	0	0	0	0	0	0	0	0	0	0	0	0	0	0	0	0	0	0	unique	1	yes	1	1	1	1
HGNC:8668	PCDHA2	Q9Y5H9	ENSG00000204969	56146	1	1	0	0	0	0	0	0	0	0	0	0	0	0	0	0	0	0	0	0	0	0	0	0	unique	1	yes	1	1	1	1
HGNC:8669	PCDHA3	Q9Y5H8	ENSG00000255408	56145	1	1	0	0	0	0	0	0	0	0	0	0	0	0	0	0	0	0	0	0	0	0	0	0	unique	1	yes	1	1	1	1
HGNC:8670	PCDHA4	Q9UN74	ENSG00000204967	56144	1	1	0	0	1	0	0	0	0	0	0	0	0	0	0	0	0	0	0	0	0	0	0	0	unique	1	yes	1	1	1	1
HGNC:8671	PCDHA5	Q9Y5H7	ENSG00000204965	56143	1	1	0	0	0	0	0	0	0	0	0	0	0	0	0	0	0	0	0	0	0	0	0	0	unique	1	yes	1	1	1	1
HGNC:8672	PCDHA6	Q9UN73	ENSG00000081842	56142	1	1	0	0	0	0	0	0	0	0	0	0	0	0	0	0	0	0	0	0	0	0	0	0	unique	1	yes	1	1	1	1
HGNC:8673	PCDHA7	Q9UN72	ENSG00000204963	56141	1	1	0	0	1	0	0	0	0	0	0	0	0	0	0	0	0	0	0	0	0	0	0	0	unique	1	yes	1	1	1	1
HGNC:8674	PCDHA8	Q9Y5H6	ENSG00000204962	56140	1	1	0	0	1	0	0	0	0	0	0	0	0	0	0	0	0	0	0	0	0	0	0	0	unique	1	yes	1	1	1	1
HGNC:8675	PCDHA9	Q9Y5H5	ENSG00000204961	9752	1	1	0	0	1	0	0	0	0	0	0	0	0	0	0	0	0	0	0	0	0	0	0	0	unique	1	yes	1	1	1	1
HGNC:8676	PCDHAC1	Q9H158	ENSG00000248383	56135	1	1	0	0	1	0	0	0	0	0	0	0	0	0	0	0	0	0	0	0	0	0	0	0	unique	1	yes	1	1	1	1
HGNC:8677	PCDHAC2	Q9Y5I4	ENSG00000243232	56134	1	1	0	0	0	0	0	0	0	0	0	0	0	0	0	0	0	0	0	0	0	0	0	0	unique	1	yes	1	1	1	1
HGNC:868	ATP6AP1	Q15904	ENSG00000071553	537	0	0	0	0	0	0	0	0	0	0	0	0	1	1	0	0	0	0	0	0	0	0	0	0	unique	1	yes	0	0	0	0
HGNC:8680	PCDHB1	Q9Y5F3	ENSG00000171815	29930	1	1	0	0	1	0	0	0	0	0	0	0	0	0	0	0	0	0	0	0	0	0	0	0	unique	1	yes	1	1	1	1
HGNC:8681	PCDHB10	Q9UN67	ENSG00000120324	56126	1	1	0	0	0	0	0	0	0	0	0	0	0	0	0	0	0	0	0	0	0	0	0	0	unique	1	yes	1	1	1	1
HGNC:8682	PCDHB11	Q9Y5F2	ENSG00000197479	56125	1	1	0	0	0	0	0	0	0	0	0	0	0	0	0	0	0	0	0	0	0	0	0	0	unique	1	yes	1	1	1	1
HGNC:8683	PCDHB12	Q9Y5F1	ENSG00000120328	56124	1	1	0	0	1	0	0	0	0	0	0	0	0	0	0	0	0	0	0	0	0	0	0	0	unique	1	yes	1	1	1	1
HGNC:8684	PCDHB13	Q9Y5F0	ENSG00000187372	56123	1	1	0	0	0	0	0	0	0	0	0	0	0	0	0	0	0	0	0	0	0	0	0	0	unique	1	yes	1	1	1	1
HGNC:8685	PCDHB14	Q9Y5E9	ENSG00000120327	56122	1	1	0	0	0	0	0	0	0	0	0	0	0	0	0	0	0	0	0	0	0	0	0	0	unique	1	yes	1	1	1	1
HGNC:8686	PCDHB15	Q9Y5E8	ENSG00000113248	56121	1	1	0	0	1	0	0	0	0	0	0	0	0	0	0	0	0	0	0	0	0	0	0	0	unique	1	yes	1	1	1	1
HGNC:8687	PCDHB2	Q9Y5E7	ENSG00000112852	56133	1	1	0	0	0	0	0	0	0	0	0	0	0	0	0	0	0	0	0	0	0	0	0	0	unique	1	yes	1	1	1	1
HGNC:8688	PCDHB3	Q9Y5E6	ENSG00000113205	56132	1	1	0	0	0	0	0	0	0	0	0	0	0	0	0	0	0	0	0	0	0	0	0	0	unique	1	yes	1	1	1	1
HGNC:8689	PCDHB4	Q9Y5E5	ENSG00000081818	56131	1	1	0	0	0	0	0	0	0	0	0	0	0	0	0	0	0	0	0	0	0	0	0	0	unique	1	yes	1	1	1	1
HGNC:869	ATP7A	Q04656	ENSG00000165240	538	0	0	0	0	1	0	0	0	0	0	0	0	1	1	0	0	0	0	0	0	0	0	0	0	unique	1	yes	0	0	0	0
HGNC:8690	PCDHB5	Q9Y5E4	ENSG00000113209	26167	1	1	0	0	1	0	0	0	0	0	0	0	0	0	0	0	0	0	0	0	0	0	0	0	unique	1	yes	1	1	1	1
HGNC:8691	PCDHB6	Q9Y5E3	ENSG00000113211	56130	1	1	0	0	0	0	0	0	0	0	0	0	0	0	0	0	0	0	0	0	0	0	0	0	unique	1	no	1	1	1	1
HGNC:8692	PCDHB7	Q9Y5E2	ENSG00000113212	56129	1	1	0	0	0	0	0	0	0	0	0	0	0	0	0	0	0	0	0	0	0	0	0	0	unique	1	yes	1	1	1	1
HGNC:8693	PCDHB8	Q9UN66	ENSG00000120322	56128	1	1	0	0	1	0	0	0	0	0	0	0	0	0	0	0	0	0	0	0	0	0	0	0	unique	1	yes	1	1	1	1
HGNC:8694	PCDHB9	Q9Y5E1	ENSG00000177839	56127	1	1	0	0	1	0	0	0	0	0	0	0	0	0	0	0	0	0	0	0	0	0	0	0	unique	1	yes	1	1	1	1
HGNC:8696	PCDHGA1	Q9Y5H4	ENSG00000204956	56114	1	1	0	0	1	0	0	0	0	0	0	0	0	0	0	0	0	0	0	0	0	0	0	0	unique	1	yes	1	1	1	1
HGNC:8697	PCDHGA10	Q9Y5H3	ENSG00000253846	56106	1	1	0	0	0	0	0	0	0	0	0	0	0	0	0	0	0	0	0	0	0	0	0	0	unique	1	yes	1	1	1	1
HGNC:8698	PCDHGA11	Q9Y5H2	ENSG00000253873	56105	1	1	0	0	1	0	0	0	0	0	0	0	0	0	0	0	0	0	0	0	0	0	0	0	unique	1	yes	1	1	1	1
HGNC:8699	PCDHGA12	O60330	ENSG00000253159	26025	1	1	0	0	1	0	0	0	0	0	0	0	0	0	0	0	0	0	0	0	0	0	0	0	unique	1	yes	1	1	1	1
HGNC:870	ATP7B	P35670	ENSG00000123191	540	0	0	0	0	1	0	0	0	0	0	0	0	1	1	0	0	0	0	0	0	0	0	0	0	unique	1	yes	0	0	0	0
HGNC:8700	PCDHGA2	Q9Y5H1	ENSG00000081853	56113	1	1	0	0	1	0	0	0	0	0	0	0	0	0	0	0	0	0	0	0	0	0	0	0	unique	1	yes	1	1	1	1
HGNC:8701	PCDHGA3	Q9Y5H0	ENSG00000254245	56112	1	1	0	0	1	0	0	0	0	0	0	0	0	0	0	0	0	0	0	0	0	0	0	0	unique	1	yes	1	1	1	1
HGNC:8702	PCDHGA4	Q9Y5G9	ENSG00000262576	56111	1	1	0	0	1	0	0	0	0	0	0	0	0	0	0	0	0	0	0	0	0	0	0	0	unique	1	yes	1	1	1	1
HGNC:8703	PCDHGA5	Q9Y5G8	ENSG00000253485	56110	1	1	0	0	0	0	0	0	0	0	0	0	0	0	0	0	0	0	0	0	0	0	0	0	unique	1	yes	1	1	1	1
HGNC:8704	PCDHGA6	Q9Y5G7	ENSG00000253731	56109	1	1	0	0	1	0	0	0	0	0	0	0	0	0	0	0	0	0	0	0	0	0	0	0	unique	1	yes	0	0	0	0
HGNC:8705	PCDHGA7	Q9Y5G6	ENSG00000253537	56108	1	1	0	0	1	0	0	0	0	0	0	0	0	0	0	0	0	0	0	0	0	0	0	0	unique	1	yes	1	1	1	1
HGNC:8706	PCDHGA8	Q9Y5G5	ENSG00000253767	9708	1	1	0	0	0	0	0	0	0	0	0	0	0	0	0	0	0	0	0	0	0	0	0	0	unique	1	yes	1	1	1	1
HGNC:8707	PCDHGA9	Q9Y5G4	ENSG00000261934	56107	1	1	0	0	0	0	0	0	0	0	0	0	0	0	0	0	0	0	0	0	0	0	0	0	unique	1	yes	1	1	1	1
HGNC:8708	PCDHGB1	Q9Y5G3	ENSG00000254221	56104	1	1	0	0	0	0	0	0	0	0	0	0	0	0	0	0	0	0	0	0	0	0	0	0	unique	1	yes	1	1	1	1
HGNC:8709	PCDHGB2	Q9Y5G2	ENSG00000253910	56103	1	1	0	0	0	0	0	0	0	0	0	0	0	0	0	0	0	0	0	0	0	0	0	0	unique	1	yes	1	1	1	1
HGNC:871	ATP5IF1	Q9UII2	ENSG00000130770	93974	0	0	0	0	1	0	0	0	0	0	0	0	0	0	0	0	0	0	0	0	0	0	0	0	unique	1	yes	0	0	0	0
HGNC:8710	PCDHGB3	Q9Y5G1	ENSG00000262209	56102	1	1	0	0	1	0	0	0	0	0	0	0	1	1	1	0	0	0	0	0	0	0	0	0	unique	1	yes	1	1	1	1
HGNC:8711	PCDHGB4	Q9UN71	ENSG00000253953	8641	1	1	0	0	0	0	0	0	0	0	0	0	0	0	0	0	0	0	0	0	0	0	0	0	unique	1	yes	1	1	1	1
HGNC:8712	PCDHGB5	Q9Y5G0	ENSG00000276547	56101	1	1	0	0	0	0	0	0	0	0	0	0	0	0	0	0	0	0	0	0	0	0	0	0	unique	1	yes	1	1	1	1
HGNC:8713	PCDHGB6	Q9Y5F9	ENSG00000253305	56100	1	1	0	0	0	0	0	0	0	0	0	0	0	0	0	0	0	0	0	0	0	0	0	0	unique	1	yes	1	1	1	1
HGNC:8714	PCDHGB7	Q9Y5F8	ENSG00000254122	56099	1	1	0	0	1	0	0	0	0	0	0	0	0	0	0	0	0	0	0	0	0	0	0	0	unique	1	yes	1	1	1	1
HGNC:8716	PCDHGC3	Q9UN70	ENSG00000240184	5098	1	1	0	0	0	0	0	0	0	0	0	0	0	0	0	0	0	0	0	0	0	0	0	0	unique	1	yes	1	1	1	1
HGNC:8717	PCDHGC4	Q9Y5F7	ENSG00000242419	56098	1	1	0	0	0	0	0	0	0	0	0	0	0	0	0	0	0	0	0	0	0	0	0	0	unique	1	yes	1	1	1	1
HGNC:8718	PCDHGC5	Q9Y5F6	ENSG00000240764	56097	1	1	0	0	0	0	0	0	0	0	0	0	0	0	0	0	0	0	0	0	0	0	0	0	unique	1	yes	1	1	1	1
HGNC:8736	PCNX2	A6NKB5	ENSG00000135749	80003	0	0	0	0	1	0	0	0	0	0	0	0	0	0	0	0	0	0	0	0	0	0	0	0	unique	1	no	1	1	1	1
HGNC:8746	PCSK4	Q6UW60	ENSG00000115257	54760			0	0	1	0	0	0	0	0	0	0	0	0	0	0	0	0	0	0	0	0	0	0	unique	0	no	0	0	0	0
HGNC:8747	PCSK5	Q92824	ENSG00000099139	5125	0	0	0	0	1	1	1	0	0	1	0	0	0	0	0	0	0	0	0	0	1	1	0	0	unique	1	yes	1	1	1	1
HGNC:8748	PCSK7	Q16549	ENSG00000160613	9159	0	0	0	0	0	0	0	0	0	0	0	0	0	0	0	0	0	0	0	0	0	0	0	0	unique	1	yes	0	0	0	0
HGNC:8749	CDK16	Q00536	ENSG00000102225	5127	0	0	0	0	0	0	0	0	0	0	0	0	1	1	0	0	0	0	0	0	0	0	0	0	unique	1	yes	0	0	0	0
HGNC:8760	PDCD1	Q15116	ENSG00000188389	5133	1	1	0	0	1	1	1	1	1	1	1	1	0	0	0	0	0	1	1	1	1	1	1	1	unique	1	yes	1	1	1	1
HGNC:8783	PDE4D	Q08499	ENSG00000113448	5144	0	0	0	0	1	0	0	0	0	0	0	0	1	1	0	1	0	0	0	0	1	0	1	0	unique	1	yes	0	0	0	1
HGNC:8795	PDE9A	O76083	ENSG00000160191	5152	0	0	0	0	0	0	0	0	0	0	0	0	1	1	0	0	0	0	0	0	0	0	0	0	unique	1	no	0	0	0	0
HGNC:8799	PDGFA	P04085	ENSG00000197461	5154	0	0	0	0	1	0	0	0	0	0	0	0	0	0	0	0	0	0	0	0	0	0	0	0	unique	1	no	0	0	0	0
HGNC:8800	PDGFB	P01127	ENSG00000100311	5155	0	0	0	0	1	0	0	0	0	1	0	0	0	0	0	0	0	1	0	1	1	0	1	0	unique	1	yes	0	0	0	1
HGNC:8801	PDGFC	Q9NRA1	ENSG00000145431	56034	0	0	0	0	1	0	0	0	0	0	0	0	0	0	0	0	0	0	0	0	0	0	0	0	unique	1	yes	0	0	0	0
HGNC:8803	PDGFRA	P16234	ENSG00000134853	5156	1	1	0	0	1	0	0	0	0	0	0	0	1	1	0	1	0	0	0	0	1	0	1	0	unique	1	yes	1	1	1	1
HGNC:8804	PDGFRB	P09619	ENSG00000113721	5159	1	1	0	0	1	0	0	0	0	0	0	0	0	0	0	0	0	0	0	0	0	0	0	0	unique	1	yes	1	1	1	1
HGNC:8805	PDGFRL	Q15198	ENSG00000104213	5157			0	0	0	0	0	0	0	0	0	0	0	0	0	0	0	0	0	0	0	0	0	0	unique	0	no	0	0	0	0
HGNC:8818	SLC26A4	O43511	ENSG00000091137	5172	0	1	0	0	0	0	0	0	0	0	0	0	0	0	0	0	0	0	0	0	0	0	0	0	unique	1	yes	1	1	1	1
HGNC:8823	PECAM1	P16284	ENSG00000261371	5175	1	1	0	0	0	0	0	0	0	0	0	0	0	0	0	0	0	0	0	0	0	0	0	0	unique	1	yes	1	1	1	1
HGNC:885	ATRN	O75882	ENSG00000088812	8455	1	1	0	0	1	0	0	0	0	0	0	0	0	0	0	0	0	0	0	0	0	0	0	0	unique	1	yes	1	1	1	1
HGNC:8864	CFP	P27918	ENSG00000126759	5199			0	0	1	0	0	1	0	1	0	0	0	0	0	0	0	1	0	1	1	0	1	0	unique	0	yes	0	0	0	1
HGNC:8883	CDK14	O94921	ENSG00000058091	5218			0	0	0	0	0	0	0	0	0	0	0	0	0	0	0	0	0	0	0	0	0	0	unique	0	yes	0	0	0	0
HGNC:8896	PGK1	P00558	ENSG00000102144	5230			0	0	1	1	0	0	0	1	0	0	1	1	0	0	0	0	0	0	1	0	0	0	unique	0	yes	0	0	0	0
HGNC:8912	PHB1	P35232	ENSG00000167085	5245	0	0	0	0	0	0	0	0	0	0	0	0	0	0	0	0	0	0	0	0	0	0	0	0	unique	1	yes	0	0	0	0
HGNC:8918	PHEX	P78562	ENSG00000102174	5251	1	1	0	0	0	0	0	0	0	0	0	0	0	0	0	0	0	0	0	0	0	0	0	0	unique	1	no	1	1	1	1
HGNC:8946	PI15	O43692	ENSG00000137558	51050			0	0	1	0	0	0	0	0	0	0	0	0	0	0	0	0	0	0	0	0	0	0	unique	0	yes	0	0	0	0
HGNC:8947	PI3	P19957	ENSG00000124102	5266	0	0	0	0	0	0	0	0	0	0	0	0	0	0	0	0	0	0	0	0	0	0	0	0	unique	1	no	0	0	0	0
HGNC:8949	SERPINB5	P36952	ENSG00000206075	5268			0	0	0	0	0	0	0	0	0	0	0	0	0	0	0	0	0	0	0	0	0	0	unique	0	no	0	0	0	0
HGNC:895	AVPR1A	P37288	ENSG00000166148	552	0	1	0	0	0	0	0	0	0	0	0	0	1	1	0	0	0	0	0	0	0	0	0	0	unique	1	yes	1	1	1	1
HGNC:8951	SERPINE2	P07093	ENSG00000135919	5270	0	0	0	0	0	0	0	0	0	0	0	0	0	0	0	0	0	0	0	0	0	0	0	0	unique	1	yes	0	0	0	0
HGNC:896	AVPR1B	P47901	ENSG00000198049	553	0	1	0	0	1	0	0	0	0	0	0	0	0	0	0	0	0	0	0	0	0	0	0	0	unique	1	yes	1	0	0	0
HGNC:8968	PIGR	P01833	ENSG00000162896	5284	1	1	0	0	1	0	0	0	0	0	0	0	0	0	0	0	0	0	0	0	0	0	0	0	unique	1	yes	1	1	1	1
HGNC:897	AVPR2	P30518	ENSG00000126895	554	0	1	0	0	1	1	0	0	0	1	1	0	1	1	0	0	0	0	0	1	1	0	1	0	unique	1	yes	1	1	1	1
HGNC:8993	PIP	P12273	ENSG00000159763	5304			0	0	0	0	0	0	0	0	0	0	0	0	0	0	0	0	0	0	0	0	0	0	unique	0	yes	0	0	0	0
HGNC:8994	PIP5K1A	Q99755	ENSG00000143398	8394	0	0	0	0	0	0	0	0	0	0	0	0	0	0	0	0	0	0	0	0	0	0	0	0	unique	1	no	0	0	0	0
HGNC:9008	PKD1	P98161	ENSG00000008710	5310	0	1	0	0	1	0	0	0	0	0	0	0	0	1	0	0	0	0	0	0	0	0	0	0	unique	1	yes	1	1	1	1
HGNC:9009	PKD2	Q13563	ENSG00000118762	5311	0	1	0	0	1	0	0	0	0	0	0	0	1	1	0	0	0	0	0	0	0	0	0	0	unique	1	yes	1	1	1	1
HGNC:9011	PKD2L1	Q9P0L9	ENSG00000107593	9033	0	1	0	0	0	0	0	0	0	0	0	0	0	0	0	0	0	0	0	0	0	0	0	0	unique	1	yes	1	1	1	1
HGNC:9012	PKD2L2	Q9NZM6	ENSG00000078795	27039	0	0	0	0	0	0	0	0	0	0	0	0	0	0	0	0	0	0	0	0	0	0	0	0	unique	1	no	0	0	0	0
HGNC:9015	PKDREJ	Q9NTG1	ENSG00000130943	10343	0	0	0	0	1	0	0	0	0	0	0	0	0	0	0	0	0	0	0	0	0	0	0	0	unique	1	yes	1	1	1	1
HGNC:9016	PKHD1	P08F94	ENSG00000170927	5314	0	0	0	0	1	0	0	0	0	0	0	0	0	0	0	0	0	0	0	0	0	0	0	0	unique	1	no	1	1	1	1
HGNC:9021	PKM	P14618	ENSG00000067225	5315			0	0	1	0	0	0	0	0	0	0	1	1	0	1	0	0	0	0	1	0	1	0	unique	0	no	0	0	0	1
HGNC:9023	PKP1	Q13835	ENSG00000081277	5317	0	0	0	0	1	0	0	0	0	0	0	0	0	0	0	0	0	0	0	0	0	0	0	0	unique	1	no	0	0	0	0
HGNC:9024	PKP2	Q99959	ENSG00000057294	5318	0	0	0	0	1	0	0	0	0	0	0	0	0	0	0	0	0	0	0	0	0	0	0	0	unique	1	yes	0	0	0	0
HGNC:9025	PKP3	Q9Y446	ENSG00000184363	11187	0	0	0	0	1	0	0	0	0	0	0	0	0	0	0	0	0	0	0	0	0	0	0	0	unique	1	yes	0	0	0	0
HGNC:9026	PKP4	Q99569	ENSG00000144283	8502	0	0	0	0	1	0	0	0	0	0	0	0	0	0	0	0	0	0	0	0	0	0	0	0	unique	1	yes	0	0	0	0
HGNC:9029	PLA2G10	O15496	ENSG00000069764	8399			0	0	0	0	0	0	0	0	0	0	1	1	0	0	0	0	0	0	0	0	0	0	unique	0	yes	0	0	0	0
HGNC:9030	PLA2G1B	P04054	ENSG00000170890	5319	0	0	0	0	0	0	0	0	0	0	0	0	0	0	0	0	0	0	0	0	0	0	0	0	unique	1	yes	0	0	0	0
HGNC:9031	PLA2G2A	P14555	ENSG00000188257	5320			0	0	1	0	0	0	0	0	0	0	1	1	0	1	0	0	0	0	1	0	1	0	unique	0	no	0	0	0	1
HGNC:9032	PLA2G2C	Q5R387	ENSG00000187980	391013			0	0	0	0	0	0	0	0	0	0	0	0	0	0	0	0	0	0	0	0	0	0	unique	0	no	0	0	0	0
HGNC:9039	PLA2G6	O60733	ENSG00000184381	8398	0	0	0	0	1	0	0	0	0	0	0	0	0	0	0	0	0	0	0	0	0	0	0	0	unique	1	yes	0	0	0	0
HGNC:9040	PLA2G7	Q13093	ENSG00000146070	7941			0	0	1	0	0	0	0	0	0	0	1	1	0	1	0	0	0	0	1	0	1	0	unique	0	yes	0	0	0	1
HGNC:9042	PLA2R1	Q13018	ENSG00000153246	22925	1	1	0	0	1	0	0	0	0	0	0	0	0	0	0	0	0	0	0	0	0	0	0	0	unique	1	yes	1	1	1	1
HGNC:9044	PLAC1	Q9HBJ0	ENSG00000170965	10761			0	0	0	0	0	0	0	0	0	0	0	0	0	0	0	0	0	0	0	0	0	0	unique	0	yes	0	0	0	0
HGNC:905	AXL	P30530	ENSG00000167601	558	1	1	0	0	1	0	0	0	0	0	1	1	1	1	0	0	0	0	0	0	1	1	1	1	unique	1	yes	1	1	0	1
HGNC:9051	PLAT	P00750	ENSG00000104368	5327	0	0	0	0	1	0	0	0	0	0	0	0	1	1	0	0	0	0	0	0	0	0	0	0	unique	1	yes	0	0	0	0
HGNC:9052	PLAU	P00749	ENSG00000122861	5328	0	0	0	0	1	1	0	1	0	1	0	0	1	1	0	1	0	1	0	1	1	0	1	0	unique	1	yes	0	0	0	1
HGNC:9053	PLAUR	Q03405	ENSG00000011422	5329	0	1	0	0	1	1	0	1	0	1	0	0	0	0	0	0	0	1	0	1	1	0	1	0	unique	1	yes	1	1	1	1
HGNC:9061	PLCD3	Q8N3E9	ENSG00000161714	113026	0	0	0	0	0	0	0	0	0	0	0	0	0	0	0	0	0	0	0	0	0	0	0	0	unique	1	yes	0	0	0	0
HGNC:9065	PLCG1	P19174	ENSG00000124181	5335	0	0	0	0	0	0	0	0	0	0	0	0	0	0	0	0	0	0	0	0	0	0	0	0	unique	1	yes	0	0	0	0
HGNC:9067	PLD1	Q13393	ENSG00000075651	5337	0	0	0	0	0	0	0	0	0	0	0	0	1	1	0	0	0	0	0	0	0	0	0	0	unique	1	no	0	0	0	0
HGNC:9068	PLD2	O14939	ENSG00000129219	5338			0	0	0	0	0	0	0	0	0	0	1	1	0	0	0	0	0	0	0	0	0	0	unique	0	yes	0	0	0	0
HGNC:9069	PLEC	Q15149	ENSG00000178209	5339	0	0	0	0	1	0	0	0	0	0	0	0	1	1	0	0	0	0	0	0	0	0	0	0	unique	1	no	0	0	0	0
HGNC:9072	PLGLB1	Q02325	ENSG00000183281	5343			0	0	0	0	0	0	0	0	0	0	0	0	0	0	0	0	0	0	0	0	0	0	shared_uniprot_ambiguous	0	no	0	0	0	0
HGNC:9073	PLGLB2	Q02325	ENSG00000125551	5342			0	0	0	0	0	0	0	0	0	0	0	0	0	0	0	0	0	0	0	0	0	0	shared_uniprot_ambiguous	0	no	0	0	0	0
HGNC:9086	PLP1	P60201	ENSG00000123560	5354	0	0	0	0	1	0	0	0	0	0	0	0	0	0	0	0	0	0	0	0	0	0	0	0	unique	1	no	1	0	0	0
HGNC:9087	PLP2	Q04941	ENSG00000102007	5355	0	0	0	0	0	0	0	0	0	0	0	0	0	0	0	0	0	0	0	0	0	0	0	0	unique	1	no	0	0	0	0
HGNC:9092	PLSCR1	O15162	ENSG00000188313	5359	1	1	0	0	0	0	0	0	0	0	0	0	0	0	0	0	0	0	0	0	0	0	0	0	unique	1	yes	0	0	0	0
HGNC:9099	PLXNA1	Q9UIW2	ENSG00000114554	5361	1	1	0	0	1	1	1	0	0	1	0	0	0	0	0	0	0	1	1	1	1	1	1	1	unique	1	yes	1	1	1	1
HGNC:910	AZGP1	P25311	ENSG00000160862	563	0	0	0	0	1	0	0	0	0	0	0	0	0	1	0	0	0	1	0	1	1	0	1	0	unique	1	no	0	0	0	1
HGNC:9100	PLXNA2	O75051	ENSG00000076356	5362	1	1	0	0	1	0	0	0	0	0	0	0	0	0	0	0	0	0	0	0	0	0	0	0	unique	1	yes	1	1	1	1
HGNC:9101	PLXNA3	P51805	ENSG00000130827	55558	1	1	0	0	1	0	0	0	0	0	0	0	0	0	0	0	0	0	0	0	0	0	0	0	unique	1	yes	1	1	1	1
HGNC:9102	PLXNA4	Q9HCM2	ENSG00000221866	91584	1	1	0	0	1	0	0	0	0	0	0	0	0	0	0	0	0	0	0	0	0	0	0	0	unique	1	yes	1	1	1	1
HGNC:9103	PLXNB1	O43157	ENSG00000164050	5364	1	1	0	0	1	0	0	0	0	0	0	0	0	0	0	0	0	0	0	0	0	0	0	0	unique	1	yes	1	1	1	1
HGNC:9104	PLXNB2	O15031	ENSG00000196576	23654	1	1	0	0	1	0	0	0	0	0	0	0	0	0	0	0	0	0	0	0	0	0	0	0	unique	1	yes	1	1	1	1
HGNC:9105	PLXNB3	Q9ULL4	ENSG00000198753	5365	1	1	0	0	1	0	0	0	0	0	0	0	0	0	0	0	0	0	0	0	0	0	0	0	unique	1	yes	1	1	1	1
HGNC:9106	PLXNC1	O60486	ENSG00000136040	10154	1	1	0	0	0	0	0	0	0	0	0	0	0	0	0	0	0	0	0	0	0	0	0	0	unique	1	yes	1	1	1	1
HGNC:9107	PLXND1	Q9Y4D7	ENSG00000004399	23129	1	1	0	0	1	1	1	0	0	1	0	0	0	0	0	0	0	0	0	0	1	1	0	0	unique	1	yes	1	1	1	1
HGNC:9118	PMP22	Q01453	ENSG00000109099	5376	0	1	0	0	1	0	0	0	0	0	0	0	0	0	0	0	0	0	0	0	0	0	0	0	unique	1	no	0	0	0	0
HGNC:913	AZU1	P20160	ENSG00000172232	566			0	0	0	0	0	0	0	0	0	0	0	0	0	0	0	0	0	0	0	0	0	0	unique	0	yes	0	0	0	0
HGNC:914	B2M	P61769	ENSG00000166710	567	0	1	0	0	1	0	0	0	0	0	0	0	1	1	0	0	0	1	0	1	1	0	1	0	unique	1	yes	0	0	0	1
HGNC:9159	PNMA2	Q9UL42	ENSG00000240694	10687			0	0	0	0	0	0	0	0	0	0	0	0	0	0	0	0	0	0	0	0	0	0	unique	0	no	0	0	0	0
HGNC:9171	PODXL	O00592	ENSG00000128567	5420	1	1	0	0	1	0	0	0	0	0	0	0	0	0	0	0	0	0	0	0	0	0	0	0	unique	1	no	1	1	1	1
HGNC:9203	POMZP3	Q6PJE2	ENSG00000146707	22932			0	0	0	0	0	0	0	0	0	0	0	0	0	0	0	0	0	0	0	0	0	0	unique	0	no	0	0	0	0
HGNC:9205	PON2	Q15165	ENSG00000105854	5445			0	0	0	0	0	0	0	0	0	0	0	0	0	0	0	0	0	0	0	0	0	0	unique	0	no	0	0	0	0
HGNC:9225	SLC43A1	O75387	ENSG00000149150	8501	0	1	0	0	0	0	0	0	0	0	0	0	0	0	0	0	0	0	0	0	0	0	0	0	unique	1	yes	1	0	0	0
HGNC:9228	PLPP1	O14494	ENSG00000067113	8611	0	1	0	0	1	0	0	0	0	0	0	0	1	1	0	0	0	0	0	0	0	0	0	0	unique	1	yes	0	0	0	0
HGNC:9229	PLPP3	O14495	ENSG00000162407	8613	0	1	0	0	0	0	0	0	0	0	0	0	0	1	0	0	0	0	0	0	0	0	0	0	unique	1	yes	0	0	0	0
HGNC:9230	PLPP2	O43688	ENSG00000141934	8612	0	1	0	0	0	0	0	0	0	0	0	0	0	1	0	0	0	0	0	0	0	0	0	0	unique	1	yes	0	0	0	0
HGNC:924	B4GALT1	P15291	ENSG00000086062	2683	0	0	0	0	1	0	0	0	0	0	0	0	1	1	0	0	0	0	0	0	0	0	0	0	unique	1	yes	0	0	0	0
HGNC:9251	CTSA	P10619	ENSG00000064601	5476			0	0	0	0	0	0	0	0	0	0	0	1	0	0	0	0	0	0	0	0	0	0	unique	0	no	0	0	0	0
HGNC:9253	PPIA	P62937	ENSG00000196262	5478			0	0	1	0	0	0	0	0	0	0	1	1	0	1	0	0	0	0	1	0	1	0	unique	0	yes	0	0	0	1
HGNC:9255	PPIB	P23284	ENSG00000166794	5479			0	0	1	0	0	0	0	0	0	0	0	0	0	0	0	0	0	0	0	0	0	0	unique	0	yes	0	0	0	0
HGNC:9325	PPT1	P50897	ENSG00000131238	5538			0	0	0	0	0	0	0	0	0	0	0	0	0	0	0	0	0	0	0	0	0	0	unique	0	yes	0	0	0	0
HGNC:9326	PPT2	Q9UMR5	ENSG00000221988	9374			0	0	1	0	0	0	0	0	0	0	0	0	0	0	0	0	0	0	0	0	0	0	unique	0	yes	0	0	0	0
HGNC:9329	NPY4R	P50391	ENSG00000204174	5540	0	1	0	0	0	0	0	0	0	0	1	0	0	0	0	0	0	0	0	0	1	0	1	0	unique	1	yes	1	0	0	1
HGNC:933	BACE1	P56817	ENSG00000186318	23621	1	1	0	0	1	0	0	1	1	1	0	0	1	1	1	1	1	1	1	1	1	1	1	1	unique	1	yes	1	1	1	1
HGNC:934	BACE2	Q9Y5Z0	ENSG00000182240	25825	1	1	0	0	1	0	0	1	1	1	0	0	1	1	1	1	1	1	1	1	1	1	1	1	unique	1	yes	1	1	1	1
HGNC:9344	PRCP	P42785	ENSG00000137509	5547			0	0	0	0	0	0	0	0	0	0	0	0	0	0	0	0	0	0	0	0	0	0	unique	0	yes	0	0	0	0
HGNC:9352	PRDX1	Q06830	ENSG00000117450	5052			0	0	0	0	0	0	0	0	0	0	1	1	0	0	0	0	0	0	0	0	0	0	unique	0	yes	0	0	0	0
HGNC:9353	PRDX2	P32119	ENSG00000167815	7001			0	0	0	0	0	0	0	0	0	0	0	0	0	0	0	0	0	0	0	0	0	0	unique	0	no	0	0	0	0
HGNC:9359	SLC26A5	P58743	ENSG00000170615	375611	0	1	0	0	0	0	0	0	0	0	0	0	1	1	0	0	0	0	0	0	0	0	0	0	unique	1	yes	1	1	1	1
HGNC:9360	PRF1	P14222	ENSG00000180644	5551	0	0	0	0	0	0	0	0	0	0	0	0	0	0	0	0	0	0	0	0	0	0	0	0	unique	1	no	0	0	0	0
HGNC:9361	SRGN	P10124	ENSG00000122862	5552			0	0	0	0	0	0	0	0	0	0	0	0	0	0	0	0	0	0	0	0	0	0	unique	0	yes	0	0	0	0
HGNC:9362	PRG2	P13727	ENSG00000186652	5553	0	0	0	0	0	0	0	0	0	0	0	0	0	0	0	0	0	0	0	0	0	0	0	0	unique	1	no	0	0	0	0
HGNC:9363	PRG3	Q9Y2Y8	ENSG00000156575	10394			0	0	0	0	0	0	0	0	0	0	0	0	0	0	0	0	0	0	0	0	0	0	unique	0	no	0	0	0	0
HGNC:9364	PRG4	Q92954	ENSG00000116690	10216			0	0	1	0	0	0	0	0	0	0	0	0	0	0	0	0	0	0	0	0	0	0	unique	0	yes	0	0	0	0
HGNC:9393	PRKCA	P17252	ENSG00000154229	5578	0	0	0	0	1	0	0	0	0	0	0	0	1	1	0	1	0	0	0	0	1	0	1	0	unique	1	yes	0	0	0	1
HGNC:9400	CAVIN3	Q969G5	ENSG00000170955	112464	0	0	0	0	0	0	0	0	0	0	0	0	0	0	0	0	0	0	0	0	0	0	0	0	unique	1	yes	0	0	0	0
HGNC:9405	PKN1	Q16512	ENSG00000123143	5585	0	0	0	0	0	0	0	0	0	0	0	0	1	1	0	1	0	0	0	0	1	0	1	0	unique	1	yes	0	0	0	1
HGNC:9406	PKN2	Q16513	ENSG00000065243	5586	0	0	0	0	0	0	0	0	0	0	0	0	1	1	0	0	0	0	0	0	0	0	0	0	unique	1	yes	0	0	0	0
HGNC:943	ADGRB1	O14514	ENSG00000181790	575	0	1	0	0	0	0	0	0	0	0	0	0	0	0	0	0	0	0	0	0	0	0	0	0	unique	1	yes	0	0	0	0
HGNC:944	ADGRB2	O60241	ENSG00000121753	576	0	1	0	0	1	0	0	0	0	0	0	0	0	0	0	0	0	0	0	0	0	0	0	0	unique	1	yes	0	0	0	0
HGNC:9446	PRLR	P16471	ENSG00000113494	5618	1	1	0	0	1	0	0	1	1	1	0	0	0	0	0	0	0	1	1	1	1	1	1	1	unique	1	yes	1	1	1	1
HGNC:9449	PRNP	P04156	ENSG00000171867	5621	0	1	0	0	1	1	0	1	0	1	0	0	0	1	0	0	0	1	0	1	1	0	1	0	unique	1	yes	1	1	1	1
HGNC:945	ADGRB3	O60242	ENSG00000135298	577	0	1	0	0	0	0	0	0	0	0	0	0	0	0	0	0	0	0	0	0	0	0	0	0	unique	1	yes	0	0	0	0
HGNC:9452	PROCR	Q9UNN8	ENSG00000101000	10544	1	1	0	0	0	0	0	0	0	0	0	0	1	1	1	0	0	0	0	0	0	0	0	0	unique	1	yes	1	1	1	1
HGNC:9454	PROM1	O43490	ENSG00000007062	8842	0	1	0	0	1	0	0	0	0	0	0	0	0	0	0	0	0	0	0	0	0	0	0	0	unique	1	no	1	1	1	1
HGNC:9456	PROS1	P07225	ENSG00000184500	5627			0	0	1	0	0	0	0	0	0	0	0	0	0	0	0	0	0	0	0	0	0	0	unique	0	yes	0	0	0	0
HGNC:9469	PRRG1	O14668	ENSG00000130962	5638	0	0	0	0	0	0	0	0	0	0	0	0	0	0	0	0	0	0	0	0	0	0	0	0	unique	1	no	0	0	0	0
HGNC:947	BAIAP2	Q9UQB8	ENSG00000175866	10458	0	0	0	0	0	0	0	0	0	0	0	0	1	1	0	0	0	0	0	0	0	0	0	0	unique	1	yes	0	0	0	0
HGNC:9470	PRRG2	O14669	ENSG00000126460	5639	1	1	0	0	0	0	0	0	0	0	0	0	0	0	0	0	0	0	0	0	0	0	0	0	unique	1	no	0	0	0	0
HGNC:9472	LGMN	Q99538	ENSG00000100600	5641			0	0	0	0	0	0	0	0	0	0	1	1	0	0	0	0	0	0	0	0	0	0	unique	0	yes	0	0	0	0
HGNC:9476	HTRA1	Q92743	ENSG00000166033	5654	0	0	0	0	1	1	0	0	0	1	0	0	0	0	0	0	0	1	0	1	1	0	1	0	unique	1	yes	0	0	0	1
HGNC:9480	PRSS16	Q9NQE7	ENSG00000112812	10279			0	0	0	0	0	0	0	0	0	0	0	0	0	0	0	0	0	0	0	0	0	0	unique	0	no	0	0	0	0
HGNC:9485	PRSS21	Q9Y6M0	ENSG00000007038	10942	0	0	0	0	0	0	0	0	0	0	0	0	0	0	0	0	0	0	0	0	0	0	0	0	unique	1	yes	1	1	1	1
HGNC:9490	TMPRSS15	P98073	ENSG00000154646	5651	1	1	0	0	1	0	0	0	0	0	0	0	0	0	0	0	0	0	0	0	0	0	0	0	unique	1	yes	1	1	1	1
HGNC:9491	PRSS8	Q16651	ENSG00000052344	5652	0	1	0	0	0	0	0	0	0	0	0	0	0	1	0	0	0	0	0	0	0	0	0	0	unique	1	yes	1	1	1	1
HGNC:9495	PRTN3	P24158	ENSG00000196415	5657	0	0	0	0	1	1	0	0	0	1	0	0	0	0	0	0	0	0	0	0	1	0	0	0	unique	1	yes	0	0	0	0
HGNC:9498	PSAP	P07602	ENSG00000197746	5660			0	0	1	0	0	0	0	0	0	0	1	1	0	0	0	0	0	0	0	0	0	0	unique	0	yes	0	0	0	0
HGNC:95	SLC33A1	O00400	ENSG00000169359	9197	0	0	0	0	0	0	0	0	0	0	0	0	1	1	0	0	0	0	0	0	0	0	0	0	unique	1	yes	1	0	0	0
HGNC:9500	PSCA	O43653	ENSG00000167653	8000	0	1	0	0	1	0	0	0	0	0	0	0	0	0	0	0	0	0	0	0	0	0	0	0	unique	1	yes	1	0	0	0
HGNC:9501	CYTH1	Q15438	ENSG00000108669	9267	0	0	0	0	0	0	0	0	0	0	0	0	0	0	0	0	0	0	0	0	0	0	0	0	unique	1	yes	0	0	0	0
HGNC:9508	PSEN1	P49768	ENSG00000080815	5663	0	0	0	0	1	0	0	0	0	0	0	0	0	1	0	0	0	0	0	0	0	0	0	0	unique	1	yes	1	1	1	1
HGNC:9509	PSEN2	P49810	ENSG00000143801	5664	0	0	0	0	0	0	0	0	0	0	0	0	0	1	0	0	0	0	0	0	0	0	0	0	unique	1	no	1	0	0	0
HGNC:9514	PSG1	P11464	ENSG00000231924	5669			0	0	0	0	0	0	0	0	0	0	0	0	0	0	0	0	0	0	0	0	0	0	unique	0	yes	0	0	0	0
HGNC:9516	PSG11	Q9UQ72	ENSG00000243130	5680			0	0	0	0	0	0	0	0	0	0	0	0	0	0	0	0	0	0	0	0	0	0	unique	0	no	0	0	0	0
HGNC:9521	PSG4	Q00888	ENSG00000243137	5672			0	0	0	0	0	0	0	0	0	0	0	0	0	0	0	0	0	0	0	0	0	0	unique	0	yes	0	0	0	0
HGNC:9522	PSG5	Q15238	ENSG00000204941	5673			0	0	0	0	0	0	0	0	0	0	0	0	0	0	0	0	0	0	0	0	0	0	unique	0	no	0	0	0	0
HGNC:9525	PSG8	Q9UQ74	ENSG00000124467	440533			0	0	0	0	0	0	0	0	0	0	0	0	0	0	0	0	0	0	0	0	0	0	unique	0	no	0	0	0	0
HGNC:9526	PSG9	Q00887	ENSG00000183668	5678	0	0	0	0	0	0	0	0	0	0	0	0	0	0	0	0	0	0	0	0	0	0	0	0	unique	1	yes	0	0	0	0
HGNC:9582	PTAFR	P25105	ENSG00000169403	5724	0	1	0	0	0	0	0	0	0	0	0	0	1	1	0	1	0	0	0	0	1	0	1	0	unique	1	yes	1	0	0	1
HGNC:9584	TAS2R38	P59533	ENSG00000257138	5726	0	1	0	0	0	0	0	0	0	0	0	0	0	0	0	0	0	0	0	0	0	0	0	0	unique	1	yes	1	0	0	0
HGNC:9585	PTCH1	Q13635	ENSG00000185920	5727	0	1	0	0	1	0	0	1	1	1	0	0	1	1	1	0	0	1	1	1	1	1	1	1	unique	1	yes	1	0	0	1
HGNC:9586	PTCH2	Q9Y6C5	ENSG00000117425	8643	0	1	0	0	1	0	0	0	0	0	0	0	0	0	0	0	0	0	0	0	0	0	0	0	unique	1	yes	0	0	0	0
HGNC:9590	PTER	Q96BW5	ENSG00000165983	9317			0	0	0	0	0	0	0	0	0	0	0	0	0	0	0	0	0	0	0	0	0	0	unique	0	no	0	0	0	0
HGNC:9591	PTGDR	Q13258	ENSG00000168229	5729	0	1	0	0	0	0	0	0	0	0	0	0	1	1	0	1	0	1	0	1	1	0	1	0	unique	1	yes	1	0	0	1
HGNC:9592	PTGDS	P41222	ENSG00000107317	5730			0	0	0	0	0	0	0	0	0	0	1	1	0	0	0	0	0	0	0	0	0	0	unique	0	yes	0	0	0	0
HGNC:9593	PTGER1	P34995	ENSG00000160951	5731	0	1	0	0	0	0	0	0	0	0	0	0	1	1	0	1	0	0	0	0	1	0	1	0	unique	1	yes	1	0	0	1
HGNC:9594	PTGER2	P43116	ENSG00000125384	5732	0	1	0	0	1	0	0	0	0	0	0	0	1	1	0	1	0	0	0	1	1	0	1	0	unique	1	yes	1	0	0	1
HGNC:9595	PTGER3	P43115	ENSG00000050628	5733	0	1	0	0	1	0	0	0	0	0	0	0	1	1	0	1	0	0	0	0	1	0	1	0	unique	1	yes	1	0	0	1
HGNC:9596	PTGER4	P35408	ENSG00000171522	5734	0	1	0	0	1	0	0	1	0	1	0	0	1	1	0	1	0	1	0	1	1	0	1	0	unique	1	yes	1	1	1	1
HGNC:9600	PTGFR	P43088	ENSG00000122420	5737	0	1	0	0	0	0	0	0	0	0	0	0	0	0	0	0	0	0	0	0	0	0	0	0	unique	1	yes	1	0	0	0
HGNC:9601	PTGFRN	Q9P2B2	ENSG00000134247	5738	1	1	0	0	1	0	0	0	0	0	0	0	0	0	0	0	0	0	0	0	0	0	0	0	unique	1	no	1	1	1	1
HGNC:9602	PTGIR	P43119	ENSG00000160013	5739	0	1	0	0	1	0	0	0	0	0	0	0	0	0	0	0	0	0	0	0	0	0	0	0	unique	1	yes	1	0	0	0
HGNC:9608	PTH1R	Q03431	ENSG00000160801	5745	0	1	0	0	0	0	0	0	0	0	1	1	1	1	0	0	0	1	0	1	1	1	1	1	unique	1	yes	1	0	0	1
HGNC:9609	PTH2R	P49190	ENSG00000144407	5746	0	1	0	0	1	0	0	0	0	0	0	0	1	1	0	0	0	0	0	0	0	0	0	0	unique	1	yes	1	1	1	1
HGNC:9612	PTK2B	Q14289	ENSG00000120899	2185	0	0	0	0	0	0	0	0	0	0	0	0	1	1	0	1	0	0	0	0	1	0	1	0	unique	1	yes	0	0	0	1
HGNC:9618	PTK7	Q13308	ENSG00000112655	5754	1	1	0	0	0	0	0	0	0	0	0	0	0	0	0	0	0	0	0	0	0	0	0	0	unique	1	no	1	1	1	1
HGNC:9623	PTMA	P06454	ENSG00000187514	5757			0	0	1	0	0	0	0	0	0	0	0	0	0	0	0	0	0	0	0	0	0	0	unique	0	yes	0	0	0	0
HGNC:9634	PTP4A1	Q93096	ENSG00000112245	7803	0	0	0	0	0	0	0	0	0	0	0	0	0	1	0	0	0	0	0	0	0	0	0	0	unique	1	no	0	0	0	0
HGNC:9636	PTP4A3	O75365	ENSG00000184489	11156			0	0	0	0	0	0	0	0	0	0	0	0	0	0	0	0	0	0	0	0	0	0	unique	0	no	0	0	0	0
HGNC:9652	PTPN22	Q9Y2R2	ENSG00000134242	26191	0	0	0	0	1	0	0	0	0	0	0	0	1	1	0	0	0	0	0	0	0	0	0	0	unique	1	yes	0	0	0	0
HGNC:9656	PTPN4	P29074	ENSG00000088179	5775	0	0	0	0	0	0	0	0	0	0	0	0	0	0	0	0	0	0	0	0	0	0	0	0	unique	1	yes	0	0	0	0
HGNC:9662	SIRPA	P78324	ENSG00000198053	140885	1	1	0	0	1	1	1	1	1	1	0	0	0	0	0	0	0	1	1	1	1	1	1	1	unique	1	yes	1	1	1	1
HGNC:9664	PTPRA	P18433	ENSG00000132670	5786	1	1	0	0	0	0	0	0	0	0	0	0	0	0	0	0	0	0	0	0	0	0	0	0	unique	1	no	1	1	1	1
HGNC:9665	PTPRB	P23467	ENSG00000127329	5787	1	1	0	0	0	0	0	0	0	0	0	0	1	1	0	0	0	0	0	0	0	0	0	0	unique	1	yes	1	1	1	1
HGNC:9666	PTPRC	P08575	ENSG00000081237	5788	1	1	0	0	1	0	0	0	0	0	0	0	0	0	0	0	0	0	0	0	0	0	0	0	unique	1	no	1	1	1	1
HGNC:9667	PTPRCAP	Q14761	ENSG00000213402	5790	1	1	0	0	0	0	0	0	0	0	0	0	0	0	0	0	0	0	0	0	0	0	0	0	unique	1	yes	0	0	0	0
HGNC:9668	PTPRD	P23468	ENSG00000153707	5789	1	1	0	0	1	0	0	0	0	0	0	0	0	1	1	0	0	0	0	0	0	0	0	0	unique	1	yes	1	1	1	1
HGNC:9669	PTPRE	P23469	ENSG00000132334	5791	1	1	0	0	1	0	0	0	0	0	0	0	1	1	0	0	0	0	0	0	0	0	0	0	unique	1	no	0	0	0	0
HGNC:9670	PTPRF	P10586	ENSG00000142949	5792	1	1	0	0	1	0	0	0	0	0	0	0	0	0	0	0	0	0	0	0	0	0	0	0	unique	1	yes	1	1	1	1
HGNC:9671	PTPRG	P23470	ENSG00000144724	5793	1	1	0	0	1	1	1	0	0	1	0	0	1	1	1	1	0	0	0	0	1	1	1	0	unique	1	yes	1	1	1	1
HGNC:9672	PTPRH	Q9HD43	ENSG00000080031	5794	1	1	0	0	1	0	0	0	0	0	0	0	0	0	0	0	0	0	0	0	0	0	0	0	unique	1	yes	1	1	1	1
HGNC:9673	PTPRJ	Q12913	ENSG00000149177	5795	1	1	0	0	0	0	0	0	0	0	0	0	0	0	0	0	0	0	0	0	0	0	0	0	unique	1	yes	1	1	1	1
HGNC:9674	PTPRK	Q15262	ENSG00000152894	5796	1	1	0	0	0	0	0	0	0	0	0	0	0	0	0	0	0	0	0	0	0	0	0	0	unique	1	yes	1	1	1	1
HGNC:9675	PTPRM	P28827	ENSG00000173482	5797	1	1	0	0	1	0	0	0	0	0	0	0	0	0	0	0	0	0	0	0	0	0	0	0	unique	1	yes	1	1	1	1
HGNC:9676	PTPRN	Q16849	ENSG00000054356	5798	0	0	0	0	1	0	0	0	0	0	0	0	0	0	0	0	0	0	0	0	0	0	0	0	unique	1	no	1	1	1	1
HGNC:9677	PTPRN2	Q92932	ENSG00000155093	5799	1	1	0	0	1	0	0	0	0	0	0	0	0	0	0	0	0	0	0	0	0	0	0	0	unique	1	yes	1	1	1	1
HGNC:9678	PTPRO	Q16827	ENSG00000151490	5800	1	1	0	0	0	0	0	0	0	0	0	0	0	0	0	0	0	0	0	0	0	0	0	0	unique	1	no	1	1	1	1
HGNC:9679	PTPRQ	Q9UMZ3	ENSG00000139304	374462	1	1	0	0	0	0	0	0	0	0	0	0	0	0	0	0	0	0	0	0	0	0	0	0	unique	1	no	1	1	1	1
HGNC:9680	PTPRR	Q15256	ENSG00000153233	5801	1	1	0	0	0	0	0	0	0	0	0	0	0	0	0	0	0	0	0	0	0	0	0	0	unique	1	no	1	1	1	1
HGNC:9681	PTPRS	Q13332	ENSG00000105426	5802	1	1	0	0	1	1	1	0	0	1	0	0	1	1	1	0	0	0	0	0	1	1	0	0	unique	1	yes	1	1	1	1
HGNC:9682	PTPRT	O14522	ENSG00000196090	11122	1	1	0	0	1	0	0	0	0	0	0	0	1	1	0	0	0	0	0	0	0	0	0	0	unique	1	yes	1	1	1	1
HGNC:9683	PTPRU	Q92729	ENSG00000060656	10076	1	1	0	0	1	0	0	0	0	0	0	0	0	0	0	0	0	0	0	0	0	0	0	0	unique	1	no	1	1	1	1
HGNC:9685	PTPRZ1	P23471	ENSG00000106278	5803	1	1	0	0	0	0	0	0	0	0	0	0	0	0	0	0	0	0	0	0	0	0	0	0	shared_uniprot_ambiguous	1	yes	0	0	0	0
HGNC:9686	PTPRZ2	P23471		5804			0	0	0	0	0	0	0	0	0	0	0	0	0	0	0	0	0	0	0	0	0	0	shared_uniprot_ambiguous	0	yes	0	0	0	0
HGNC:9688	CAVIN1	Q6NZI2	ENSG00000177469	284119	0	0	0	0	1	0	0	0	0	0	0	0	0	0	0	0	0	1	0	1	1	0	1	0	unique	1	yes	0	0	0	1
HGNC:9692	PTX3	P26022	ENSG00000163661	5806			0	0	1	0	0	0	0	0	0	0	0	0	0	0	0	0	0	0	0	0	0	0	unique	0	yes	0	0	0	0
HGNC:9700	IGDCC3	Q8IVU1	ENSG00000174498	9543	1	1	0	0	1	0	0	0	0	0	0	0	0	0	0	0	0	0	0	0	0	0	0	0	unique	1	no	1	1	1	1
HGNC:9705	PVR	P15151	ENSG00000073008	5817	1	1	0	0	0	0	0	0	0	0	0	0	0	0	0	0	0	0	0	0	0	0	0	0	unique	1	yes	1	1	1	1
HGNC:9706	NECTIN1	Q15223	ENSG00000110400	5818	1	1	0	0	0	0	0	0	0	0	0	0	1	1	1	0	0	0	0	0	0	0	0	0	unique	1	yes	0	0	0	0
HGNC:9707	NECTIN2	Q92692	ENSG00000130202	5819	1	1	0	0	0	0	0	0	0	0	0	0	0	0	0	0	0	1	1	1	1	1	1	1	unique	1	yes	0	0	0	1
HGNC:9753	QPCT	Q16769	ENSG00000115828	25797			0	0	1	0	0	0	0	0	0	0	1	1	0	1	0	0	0	0	1	0	1	0	unique	0	yes	0	0	0	1
HGNC:9756	QSOX1	O00391	ENSG00000116260	5768	0	0	0	0	1	1	0	1	0	1	0	0	1	1	0	0	0	1	0	1	1	0	1	0	unique	1	no	1	1	1	1
HGNC:9762	RAB13	P51153	ENSG00000143545	5872	0	0	0	0	0	0	0	0	0	0	0	0	0	0	0	0	0	0	0	0	0	0	0	0	unique	1	no	0	0	0	0
HGNC:9764	RAB22A	Q9UL26	ENSG00000124209	57403			0	0	0	0	0	0	0	0	0	0	0	0	0	0	0	0	0	0	0	0	0	0	unique	0	no	0	0	0	0
HGNC:9767	RAB27B	O00194	ENSG00000041353	5874	0	0	0	0	0	0	0	0	0	0	0	0	0	0	0	0	0	0	0	0	0	0	0	0	unique	1	no	0	0	0	0
HGNC:9836	GPRC5A	Q8NFJ5	ENSG00000013588	9052	0	1	0	0	0	0	0	0	0	0	0	0	0	0	0	0	0	0	0	0	0	0	0	0	unique	1	no	1	0	0	0
HGNC:9839	RALA	P11233	ENSG00000006451	5898	0	0	0	0	0	0	0	0	0	0	0	0	1	1	0	0	0	0	0	0	0	0	0	0	unique	1	yes	0	0	0	0
HGNC:9841	RALBP1	Q15311	ENSG00000017797	10928	0	0	0	0	0	0	0	0	0	0	0	0	0	0	0	0	0	0	0	0	0	0	0	0	unique	1	yes	0	0	0	0
HGNC:9843	RAMP1	O60894	ENSG00000132329	10267	1	1	0	0	1	0	0	0	0	1	0	0	1	1	1	0	0	1	1	1	1	1	1	1	unique	1	yes	0	0	0	1
HGNC:9844	RAMP2	O60895	ENSG00000131477	10266	1	1	0	0	0	0	0	0	0	0	0	0	0	0	0	0	0	0	0	0	0	0	0	0	unique	1	yes	1	1	1	1
HGNC:9845	RAMP3	O60896	ENSG00000122679	10268	0	1	0	0	0	0	0	0	0	0	0	0	1	1	0	0	0	0	0	0	0	0	0	0	unique	1	yes	1	1	1	1
HGNC:9867	RARRES1	P49788	ENSG00000118849	5918			0	0	0	0	0	0	0	0	0	0	0	0	0	0	0	0	0	0	0	0	0	0	unique	0	no	0	0	0	0
HGNC:9869	PLAAT4	Q9UL19	ENSG00000133321	5920			0	0	0	0	0	0	0	0	0	0	0	0	0	0	0	0	0	0	0	0	0	0	unique	0	no	0	0	0	0
HGNC:99	ASIC2	Q16515	ENSG00000108684	40	0	1	0	0	0	0	0	0	0	0	0	0	0	0	0	0	0	0	0	0	0	0	0	0	unique	1	yes	0	0	0	0
HGNC:9934	RCN1	Q15293	ENSG00000049449	5954			0	0	0	0	0	0	0	0	0	0	0	0	0	0	0	0	0	0	0	0	0	0	unique	0	no	0	0	0	0
HGNC:9936	OPN1LW	P04000	ENSG00000102076	5956	0	0	0	0	0	0	0	0	0	0	0	0	1	1	0	0	0	0	0	0	0	0	0	0	unique	1	yes	1	0	0	0
HGNC:9942	PRPH2	P23942	ENSG00000112619	5961	0	0	0	0	1	0	0	0	0	0	0	0	0	0	0	0	0	0	0	0	0	0	0	0	unique	1	no	1	0	0	0
HGNC:9944	RDX	P35241	ENSG00000137710	5962	0	0	0	0	1	0	0	0	0	0	0	0	0	0	0	0	0	0	0	0	0	0	0	0	unique	1	no	0	0	0	0
HGNC:9958	REN	P00797	ENSG00000143839	5972			0	0	1	0	0	0	0	0	0	0	1	1	0	1	0	0	0	0	1	0	1	0	unique	0	yes	0	0	0	1
HGNC:9967	RET	P07949	ENSG00000165731	5979	1	1	0	0	1	0	0	0	0	0	0	0	1	1	1	1	0	0	0	0	1	0	1	0	unique	1	yes	1	1	1	1
HGNC:9980	RFPL3	O75679	ENSG00000128276	10738	0	0	0	0	0	0	0	0	0	0	0	0	0	0	0	0	0	0	0	0	0	0	0	0	unique	1	no	0	0	0	0
HGNC:9990	RGR	P47804	ENSG00000148604	5995	0	1	0	0	0	0	0	0	0	0	0	0	0	0	0	0	0	0	0	0	0	0	0	0	unique	1	yes	1	0	0	0
