uniprot_acc	source	status
P23471	PDBe_ligand_sites	200
P47929	PDBe_ligand_sites	200
P59665	PDBe_ligand_sites	200
Q02325	PDBe_ligand_sites	404
Q5JQC4	PDBe_ligand_sites	404
Q6IEY1	PDBe_ligand_sites	404
Q8NG35	PDBe_ligand_sites	404
Q8NGT9	PDBe_ligand_sites	404
Q96QH8	PDBe_ligand_sites	404
P78348	PDBe_ligand_sites	200
Q02094	PDBe_ligand_sites	200
P18577	PDBe_ligand_sites	404
Q02161	PDBe_ligand_sites	404
P08100	PDBe_ligand_sites	200
Q13546	PDBe_ligand_sites	200
P10153	PDBe_ligand_sites	200
P34096	PDBe_ligand_sites	200
O43567	PDBe_ligand_sites	200
Q9UHC3	PDBe_ligand_sites	404
P03999	PDBe_ligand_sites	200
Q9NRU3	PDBe_ligand_sites	404
Q9Y6N7	PDBe_ligand_sites	200
Q9HCK4	PDBe_ligand_sites	200
Q03395	PDBe_ligand_sites	404
Q01973	PDBe_ligand_sites	200
Q01974	PDBe_ligand_sites	200
P08922	PDBe_ligand_sites	200
O75695	PDBe_ligand_sites	200
P46663	PDBe_ligand_sites	200
Q9H8M5	PDBe_ligand_sites	200
P30411	PDBe_ligand_sites	200
P47914	PDBe_ligand_sites	200
P00751	PDBe_ligand_sites	200
P05388	PDBe_ligand_sites	404
P05387	PDBe_ligand_sites	404
P04843	PDBe_ligand_sites	200
Q8NE01	PDBe_ligand_sites	200
P23396	PDBe_ligand_sites	200
P21810	PDBe_ligand_sites	404
O14718	PDBe_ligand_sites	404
O15537	PDBe_ligand_sites	404
O75298	PDBe_ligand_sites	404
O95197	PDBe_ligand_sites	200
P34925	PDBe_ligand_sites	200
P23297	PDBe_ligand_sites	200
P60903	PDBe_ligand_sites	200
P31949	PDBe_ligand_sites	404
P80511	PDBe_ligand_sites	200
Q99584	PDBe_ligand_sites	200
P33764	PDBe_ligand_sites	200
P26447	PDBe_ligand_sites	200
P06703	PDBe_ligand_sites	200
P31151	PDBe_ligand_sites	200
P05109	PDBe_ligand_sites	200
P06702	PDBe_ligand_sites	200
Q6P4Q7	PDBe_ligand_sites	200
P04271	PDBe_ligand_sites	200
P25815	PDBe_ligand_sites	200
Q9UBW5	PDBe_ligand_sites	200
Q12999	PDBe_ligand_sites	404
O15126	PDBe_ligand_sites	404
O15127	PDBe_ligand_sites	404
O14828	PDBe_ligand_sites	404
P29508	PDBe_ligand_sites	200
O95171	PDBe_ligand_sites	404
P13521	PDBe_ligand_sites	404
Q9Y5Y9	PDBe_ligand_sites	200
Q9UI33	PDBe_ligand_sites	404
P35498	PDBe_ligand_sites	200
Q07699	PDBe_ligand_sites	200
Q99250	PDBe_ligand_sites	200
O60939	PDBe_ligand_sites	200
Q9NY46	PDBe_ligand_sites	200
P35499	PDBe_ligand_sites	200
Q8IWT1	PDBe_ligand_sites	200
Q14524	PDBe_ligand_sites	200
Q01118	PDBe_ligand_sites	200
Q9UQD0	PDBe_ligand_sites	200
Q15858	PDBe_ligand_sites	200
P37088	PDBe_ligand_sites	200
P32302	PDBe_ligand_sites	404
P51168	PDBe_ligand_sites	200
P51172	PDBe_ligand_sites	200
P51170	PDBe_ligand_sites	200
P47872	PDBe_ligand_sites	404
O00585	PDBe_ligand_sites	200
O15444	PDBe_ligand_sites	404
Q9Y4X3	PDBe_ligand_sites	404
P30043	PDBe_ligand_sites	200
P13501	PDBe_ligand_sites	200
P78423	PDBe_ligand_sites	200
Q12904	PDBe_ligand_sites	200
P18827	PDBe_ligand_sites	200
P34741	PDBe_ligand_sites	404
O75056	PDBe_ligand_sites	404
P31431	PDBe_ligand_sites	200
P13497	PDBe_ligand_sites	200
P48061	PDBe_ligand_sites	200
O95810	PDBe_ligand_sites	404
Q8WVN6	PDBe_ligand_sites	404
P16581	PDBe_ligand_sites	200
P14151	PDBe_ligand_sites	200
P16109	PDBe_ligand_sites	200
Q14242	PDBe_ligand_sites	200
Q14563	PDBe_ligand_sites	404
Q13214	PDBe_ligand_sites	404
Q99985	PDBe_ligand_sites	404
O15041	PDBe_ligand_sites	404
Q9H3S1	PDBe_ligand_sites	404
Q9NPR2	PDBe_ligand_sites	404
Q9C0C4	PDBe_ligand_sites	404
Q92854	PDBe_ligand_sites	200
O95754	PDBe_ligand_sites	404
Q9NTN9	PDBe_ligand_sites	404
Q13591	PDBe_ligand_sites	200
Q9P283	PDBe_ligand_sites	404
Q9H2E6	PDBe_ligand_sites	200
Q9H3T3	PDBe_ligand_sites	404
Q9H3T2	PDBe_ligand_sites	404
O75326	PDBe_ligand_sites	200
P04279	PDBe_ligand_sites	404
P49908	PDBe_ligand_sites	404
P36894	PDBe_ligand_sites	404
Q9BYH1	PDBe_ligand_sites	404
O00238	PDBe_ligand_sites	200
Q13873	PDBe_ligand_sites	200
P51813	PDBe_ligand_sites	200
Q8IWL1	PDBe_ligand_sites	404
P22303	PDBe_ligand_sites	200
P07988	PDBe_ligand_sites	404
P11686	PDBe_ligand_sites	404
Q16586	PDBe_ligand_sites	404
Q16585	PDBe_ligand_sites	404
Q92629	PDBe_ligand_sites	404
O43556	PDBe_ligand_sites	404
Q13326	PDBe_ligand_sites	404
O95470	PDBe_ligand_sites	200
P51688	PDBe_ligand_sites	200
P04278	PDBe_ligand_sites	200
Q15465	PDBe_ligand_sites	200
P14410	PDBe_ligand_sites	200
P15907	PDBe_ligand_sites	200
Q11201	PDBe_ligand_sites	404
O15389	PDBe_ligand_sites	200
O43699	PDBe_ligand_sites	404
Q9Y286	PDBe_ligand_sites	200
Q9NYZ4	PDBe_ligand_sites	200
Q9Y336	PDBe_ligand_sites	404
P40967	PDBe_ligand_sites	200
Q13291	PDBe_ligand_sites	200
Q14973	PDBe_ligand_sites	200
Q12908	PDBe_ligand_sites	404
P49279	PDBe_ligand_sites	200
P49281	PDBe_ligand_sites	200
Q9NP59	PDBe_ligand_sites	200
Q13621	PDBe_ligand_sites	404
P55011	PDBe_ligand_sites	200
P55017	PDBe_ligand_sites	200
Q9UP95	PDBe_ligand_sites	200
Q9UHW9	PDBe_ligand_sites	200
Q9Y666	PDBe_ligand_sites	200
Q9BZW2	PDBe_ligand_sites	200
Q13183	PDBe_ligand_sites	200
Q13336	PDBe_ligand_sites	200
Q15849	PDBe_ligand_sites	200
P46059	PDBe_ligand_sites	404
Q16348	PDBe_ligand_sites	200
P53985	PDBe_ligand_sites	200
P36021	PDBe_ligand_sites	200
O15427	PDBe_ligand_sites	404
O15374	PDBe_ligand_sites	404
O15375	PDBe_ligand_sites	404
O15403	PDBe_ligand_sites	404
O60669	PDBe_ligand_sites	200
Q14916	PDBe_ligand_sites	404
O00624	PDBe_ligand_sites	404
O00476	PDBe_ligand_sites	404
Q9Y2C5	PDBe_ligand_sites	404
Q9NRA2	PDBe_ligand_sites	200
Q16572	PDBe_ligand_sites	200
P41440	PDBe_ligand_sites	200
O60779	PDBe_ligand_sites	200
P43005	PDBe_ligand_sites	200
P43004	PDBe_ligand_sites	200
P43003	PDBe_ligand_sites	200
P43007	PDBe_ligand_sites	404
Q15758	PDBe_ligand_sites	200
P48664	PDBe_ligand_sites	404
O00341	PDBe_ligand_sites	404
Q8WUM9	PDBe_ligand_sites	404
Q08357	PDBe_ligand_sites	404
P17213	PDBe_ligand_sites	200
Q9UIG8	PDBe_ligand_sites	404
Q96BD0	PDBe_ligand_sites	404
Q92959	PDBe_ligand_sites	200
P46721	PDBe_ligand_sites	404
Q9Y6L6	PDBe_ligand_sites	200
Q9NPD5	PDBe_ligand_sites	200
O94956	PDBe_ligand_sites	404
O15245	PDBe_ligand_sites	200
Q96BI1	PDBe_ligand_sites	404
O15244	PDBe_ligand_sites	200
O75751	PDBe_ligand_sites	200
Q9H015	PDBe_ligand_sites	404
O76082	PDBe_ligand_sites	200
Q4U2R8	PDBe_ligand_sites	200
Q9Y694	PDBe_ligand_sites	404
Q8TCC7	PDBe_ligand_sites	404
Q9UGH3	PDBe_ligand_sites	404
Q9UHI7	PDBe_ligand_sites	200
O60721	PDBe_ligand_sites	404
Q9UI40	PDBe_ligand_sites	404
Q9HC58	PDBe_ligand_sites	404
Q8NFF2	PDBe_ligand_sites	404
Q9H2B4	PDBe_ligand_sites	404
P50443	PDBe_ligand_sites	200
Q6PCB7	PDBe_ligand_sites	404
Q5K4L6	PDBe_ligand_sites	404
Q6P1M0	PDBe_ligand_sites	404
Q9Y2P4	PDBe_ligand_sites	404
O00337	PDBe_ligand_sites	404
O43868	PDBe_ligand_sites	404
Q99808	PDBe_ligand_sites	200
Q14542	PDBe_ligand_sites	404
P11166	PDBe_ligand_sites	200
P11168	PDBe_ligand_sites	404
P11169	PDBe_ligand_sites	200
P14672	PDBe_ligand_sites	200
P22732	PDBe_ligand_sites	404
Q9UGQ3	PDBe_ligand_sites	404
Q9Y6M5	PDBe_ligand_sites	200
O15431	PDBe_ligand_sites	404
O15432	PDBe_ligand_sites	404
Q06495	PDBe_ligand_sites	404
O95436	PDBe_ligand_sites	404
Q07837	PDBe_ligand_sites	200
P08195	PDBe_ligand_sites	200
P02730	PDBe_ligand_sites	200
P04920	PDBe_ligand_sites	200
P48751	PDBe_ligand_sites	200
Q9Y6R1	PDBe_ligand_sites	404
Q9Y6M7	PDBe_ligand_sites	200
Q2Y0W8	PDBe_ligand_sites	404
Q96Q91	PDBe_ligand_sites	404
P13866	PDBe_ligand_sites	200
P31639	PDBe_ligand_sites	200
P53794	PDBe_ligand_sites	404
Q9NY91	PDBe_ligand_sites	404
Q92911	PDBe_ligand_sites	404
Q9Y289	PDBe_ligand_sites	200
P30531	PDBe_ligand_sites	200
P48066	PDBe_ligand_sites	200
P48065	PDBe_ligand_sites	200
Q9NSD5	PDBe_ligand_sites	404
Q9UN76	PDBe_ligand_sites	404
P23975	PDBe_ligand_sites	200
Q01959	PDBe_ligand_sites	200
P31645	PDBe_ligand_sites	200
Q9Y345	PDBe_ligand_sites	200
P31641	PDBe_ligand_sites	200
Q99884	PDBe_ligand_sites	200
P48029	PDBe_ligand_sites	200
P48067	PDBe_ligand_sites	200
P30825	PDBe_ligand_sites	404
Q9NS82	PDBe_ligand_sites	200
Q9UPY5	PDBe_ligand_sites	200
P52569	PDBe_ligand_sites	404
Q8WY07	PDBe_ligand_sites	404
O43246	PDBe_ligand_sites	404
Q01650	PDBe_ligand_sites	200
Q92536	PDBe_ligand_sites	200
Q9UM01	PDBe_ligand_sites	200
Q9UHI5	PDBe_ligand_sites	200
P82251	PDBe_ligand_sites	200
P32418	PDBe_ligand_sites	200
Q9UPR5	PDBe_ligand_sites	404
P57103	PDBe_ligand_sites	404
P19634	PDBe_ligand_sites	200
Q9UBY0	PDBe_ligand_sites	404
P48764	PDBe_ligand_sites	200
O14745	PDBe_ligand_sites	200
Q15599	PDBe_ligand_sites	200
Q6AI14	PDBe_ligand_sites	404
Q14940	PDBe_ligand_sites	404
Q92581	PDBe_ligand_sites	200
O94813	PDBe_ligand_sites	200
O75094	PDBe_ligand_sites	404
O95415	PDBe_ligand_sites	404
Q99835	PDBe_ligand_sites	200
P17405	PDBe_ligand_sites	200
O60906	PDBe_ligand_sites	200
Q9BZZ2	PDBe_ligand_sites	404
P32247	PDBe_ligand_sites	200
O00161	PDBe_ligand_sites	404
P60880	PDBe_ligand_sites	200
P37840	PDBe_ligand_sites	200
O75324	PDBe_ligand_sites	404
P35613	PDBe_ligand_sites	200
Q13425	PDBe_ligand_sites	200
Q10588	PDBe_ligand_sites	200
P08294	PDBe_ligand_sites	200
Q92673	PDBe_ligand_sites	200
Q99523	PDBe_ligand_sites	200
Q10589	PDBe_ligand_sites	200
P35070	PDBe_ligand_sites	404
Q15506	PDBe_ligand_sites	404
P38567	PDBe_ligand_sites	200
P43251	PDBe_ligand_sites	404
Q96JI7	PDBe_ligand_sites	404
P20155	PDBe_ligand_sites	404
O43278	PDBe_ligand_sites	200
O43291	PDBe_ligand_sites	200
P49223	PDBe_ligand_sites	404
P16150	PDBe_ligand_sites	404
Q08629	PDBe_ligand_sites	404
P35326	PDBe_ligand_sites	404
Q9BYE4	PDBe_ligand_sites	404
P12931	PDBe_ligand_sites	200
P78539	PDBe_ligand_sites	404
P10155	PDBe_ligand_sites	404
P28290	PDBe_ligand_sites	404
Q14714	PDBe_ligand_sites	404
P43307	PDBe_ligand_sites	404
P30872	PDBe_ligand_sites	200
P30874	PDBe_ligand_sites	200
P32745	PDBe_ligand_sites	404
P31391	PDBe_ligand_sites	200
P35346	PDBe_ligand_sites	200
Q9Y5Y6	PDBe_ligand_sites	200
O95980	PDBe_ligand_sites	404
Q13007	PDBe_ligand_sites	200
Q13410	PDBe_ligand_sites	404
Q7KYR7	PDBe_ligand_sites	200
Q8WVV5	PDBe_ligand_sites	404
Q9UHE8	PDBe_ligand_sites	200
O00481	PDBe_ligand_sites	200
Q13586	PDBe_ligand_sites	200
P31948	PDBe_ligand_sites	200
P78410	PDBe_ligand_sites	200
O14965	PDBe_ligand_sites	200
O00478	PDBe_ligand_sites	200
Q9UIR0	PDBe_ligand_sites	404
P08842	PDBe_ligand_sites	200
Q6UXE8	PDBe_ligand_sites	404
Q16623	PDBe_ligand_sites	404
Q13277	PDBe_ligand_sites	404
Q12846	PDBe_ligand_sites	404
O95425	PDBe_ligand_sites	404
P51809	PDBe_ligand_sites	404
Q15431	PDBe_ligand_sites	200
P43405	PDBe_ligand_sites	200
Q16563	PDBe_ligand_sites	404
Q9BQG1	PDBe_ligand_sites	404
O43581	PDBe_ligand_sites	404
Q8NE79	PDBe_ligand_sites	404
P25103	PDBe_ligand_sites	200
P21452	PDBe_ligand_sites	404
P29371	PDBe_ligand_sites	404
P16422	PDBe_ligand_sites	200
P09758	PDBe_ligand_sites	200
P21731	PDBe_ligand_sites	200
Q13488	PDBe_ligand_sites	404
Q9Y4D2	PDBe_ligand_sites	404
Q8WWU5	PDBe_ligand_sites	404
Q9NQ34	PDBe_ligand_sites	404
P57738	PDBe_ligand_sites	404
Q13530	PDBe_ligand_sites	404
P13385	PDBe_ligand_sites	404
P51864	PDBe_ligand_sites	404
O75443	PDBe_ligand_sites	404
Q96PL2	PDBe_ligand_sites	404
Q02763	PDBe_ligand_sites	200
Q96F05	PDBe_ligand_sites	404
P02787	PDBe_ligand_sites	200
P10646	PDBe_ligand_sites	200
P48307	PDBe_ligand_sites	404
Q9UP52	PDBe_ligand_sites	404
P02786	PDBe_ligand_sites	200
P01135	PDBe_ligand_sites	200
P01137	PDBe_ligand_sites	200
P10600	PDBe_ligand_sites	200
Q15582	PDBe_ligand_sites	200
P36897	PDBe_ligand_sites	200
P37173	PDBe_ligand_sites	200
Q03167	PDBe_ligand_sites	404
P22735	PDBe_ligand_sites	404
P21980	PDBe_ligand_sites	200
P07204	PDBe_ligand_sites	200
P07996	PDBe_ligand_sites	200
P49746	PDBe_ligand_sites	404
P35443	PDBe_ligand_sites	404
P04216	PDBe_ligand_sites	200
P35590	PDBe_ligand_sites	404
P01033	PDBe_ligand_sites	200
P16035	PDBe_ligand_sites	200
P35625	PDBe_ligand_sites	200
Q99727	PDBe_ligand_sites	404
Q07157	PDBe_ligand_sites	200
Q9NQ90	PDBe_ligand_sites	404
Q9Y6L7	PDBe_ligand_sites	404
Q9Y490	PDBe_ligand_sites	404
Q15399	PDBe_ligand_sites	200
O60603	PDBe_ligand_sites	200
O15455	PDBe_ligand_sites	200
O00206	PDBe_ligand_sites	200
O60602	PDBe_ligand_sites	200
P30408	PDBe_ligand_sites	404
P41732	PDBe_ligand_sites	404
P19075	PDBe_ligand_sites	404
P48230	PDBe_ligand_sites	404
O14894	PDBe_ligand_sites	404
O43657	PDBe_ligand_sites	404
O14817	PDBe_ligand_sites	404
Q9BZW5	PDBe_ligand_sites	200
O15321	PDBe_ligand_sites	404
Q8IYR6	PDBe_ligand_sites	404
Q9UIK5	PDBe_ligand_sites	404
Q9UHN6	PDBe_ligand_sites	200
O15393	PDBe_ligand_sites	200
P57727	PDBe_ligand_sites	404
Q9NRS4	PDBe_ligand_sites	404
P05452	PDBe_ligand_sites	200
P01375	PDBe_ligand_sites	200
P98066	PDBe_ligand_sites	200
O00220	PDBe_ligand_sites	404
O14763	PDBe_ligand_sites	200
O14798	PDBe_ligand_sites	404
Q9UBN6	PDBe_ligand_sites	404
Q9Y6Q6	PDBe_ligand_sites	404
Q93038	PDBe_ligand_sites	200
Q92956	PDBe_ligand_sites	200
Q02223	PDBe_ligand_sites	404
Q9Y5U5	PDBe_ligand_sites	200
Q9NS68	PDBe_ligand_sites	404
P19438	PDBe_ligand_sites	200
P20333	PDBe_ligand_sites	200
P43489	PDBe_ligand_sites	200
P25942	PDBe_ligand_sites	200
P25445	PDBe_ligand_sites	200
O95407	PDBe_ligand_sites	200
P26842	PDBe_ligand_sites	200
P28908	PDBe_ligand_sites	404
Q07011	PDBe_ligand_sites	200
P50591	PDBe_ligand_sites	200
O14788	PDBe_ligand_sites	200
O43508	PDBe_ligand_sites	404
O75888	PDBe_ligand_sites	200
Q9Y275	PDBe_ligand_sites	200
O43557	PDBe_ligand_sites	200
O95150	PDBe_ligand_sites	200
Q9UNG2	PDBe_ligand_sites	200
P23510	PDBe_ligand_sites	200
P29965	PDBe_ligand_sites	200
P48023	PDBe_ligand_sites	200
P32970	PDBe_ligand_sites	200
P32971	PDBe_ligand_sites	404
P41273	PDBe_ligand_sites	200
Q13641	PDBe_ligand_sites	200
Q15661	PDBe_ligand_sites	200
P13693	PDBe_ligand_sites	200
P56180	PDBe_ligand_sites	404
P16562	PDBe_ligand_sites	404
P0DSE1	PDBe_ligand_sites	200
P14625	PDBe_ligand_sites	200
P0DSE2	PDBe_ligand_sites	200
O15165	PDBe_ligand_sites	404
Q13061	PDBe_ligand_sites	404
O43280	PDBe_ligand_sites	404
P34981	PDBe_ligand_sites	404
P11117	PDBe_ligand_sites	404
Q12816	PDBe_ligand_sites	404
P81408	PDBe_ligand_sites	404
P48995	PDBe_ligand_sites	200
Q13507	PDBe_ligand_sites	200
Q9UBN4	PDBe_ligand_sites	200
Q9UL62	PDBe_ligand_sites	200
Q9Y210	PDBe_ligand_sites	200
O94759	PDBe_ligand_sites	200
Q96PP4	PDBe_ligand_sites	404
P16473	PDBe_ligand_sites	200
Q9BXS4	PDBe_ligand_sites	404
Q9UBS9	PDBe_ligand_sites	404
P50607	PDBe_ligand_sites	200
P02746	PDBe_ligand_sites	200
Q07021	PDBe_ligand_sites	200
P10599	PDBe_ligand_sites	200
P14679	PDBe_ligand_sites	404
Q06418	PDBe_ligand_sites	200
O43914	PDBe_ligand_sites	200
P17643	PDBe_ligand_sites	200
Q16222	PDBe_ligand_sites	200
P15309	PDBe_ligand_sites	200
P58499	PDBe_ligand_sites	404
Q9HAW9	PDBe_ligand_sites	404
Q16880	PDBe_ligand_sites	404
P07911	PDBe_ligand_sites	200
Q5DID0	PDBe_ligand_sites	404
Q6ZN44	PDBe_ligand_sites	200
Q8IZJ1	PDBe_ligand_sites	404
O95185	PDBe_ligand_sites	404
Q86WB7	PDBe_ligand_sites	404
O00322	PDBe_ligand_sites	404
O75841	PDBe_ligand_sites	404
O00526	PDBe_ligand_sites	404
O75631	PDBe_ligand_sites	404
P10323	PDBe_ligand_sites	404
O75445	PDBe_ligand_sites	404
P58418	PDBe_ligand_sites	404
P54578	PDBe_ligand_sites	200
P46939	PDBe_ligand_sites	404
P63027	PDBe_ligand_sites	404
O95183	PDBe_ligand_sites	404
Q9BV40	PDBe_ligand_sites	404
Q9P0L0	PDBe_ligand_sites	200
O95292	PDBe_ligand_sites	404
P19320	PDBe_ligand_sites	404
P21796	PDBe_ligand_sites	200
Q8WU66	PDBe_ligand_sites	404
P49765	PDBe_ligand_sites	200
P15311	PDBe_ligand_sites	200
P08670	PDBe_ligand_sites	200
P32241	PDBe_ligand_sites	200
P41587	PDBe_ligand_sites	404
P98155	PDBe_ligand_sites	200
P26436	PDBe_ligand_sites	404
O76090	PDBe_ligand_sites	200
O95497	PDBe_ligand_sites	200
O95498	PDBe_ligand_sites	404
P12018	PDBe_ligand_sites	200
Q9UKI3	PDBe_ligand_sites	404
Q8NER1	PDBe_ligand_sites	200
P62760	PDBe_ligand_sites	404
P04004	PDBe_ligand_sites	200
P23381	PDBe_ligand_sites	200
Q9Y6W5	PDBe_ligand_sites	404
Q9GZY6	PDBe_ligand_sites	404
O76024	PDBe_ligand_sites	404
O76076	PDBe_ligand_sites	404
O95389	PDBe_ligand_sites	404
P04628	PDBe_ligand_sites	404
Q93097	PDBe_ligand_sites	404
P56703	PDBe_ligand_sites	200
P56705	PDBe_ligand_sites	404
P41221	PDBe_ligand_sites	200
O00755	PDBe_ligand_sites	200
P56706	PDBe_ligand_sites	404
P55808	PDBe_ligand_sites	404
P51811	PDBe_ligand_sites	404
O43895	PDBe_ligand_sites	404
Q9UBH6	PDBe_ligand_sites	200
P13010	PDBe_ligand_sites	200
P54577	PDBe_ligand_sites	200
Q9Y493	PDBe_ligand_sites	404
Q9NY26	PDBe_ligand_sites	404
Q8TCY5	PDBe_ligand_sites	404
Q9Y508	PDBe_ligand_sites	404
Q9Y519	PDBe_ligand_sites	404
P01024	PDBe_ligand_sites	200
P60852	PDBe_ligand_sites	404
Q05996	PDBe_ligand_sites	200
P21754	PDBe_ligand_sites	404
Q16581	PDBe_ligand_sites	200
Q9H324	PDBe_ligand_sites	404
Q9P2N4	PDBe_ligand_sites	404
Q9NY35	PDBe_ligand_sites	404
P0C0L4	PDBe_ligand_sites	200
Q9UK28	PDBe_ligand_sites	404
Q9HDC9	PDBe_ligand_sites	404
P58658	PDBe_ligand_sites	404
Q8WVP7	PDBe_ligand_sites	404
Q9UJ99	PDBe_ligand_sites	404
Q9UBR5	PDBe_ligand_sites	404
Q9UMR7	PDBe_ligand_sites	200
Q8WTT0	PDBe_ligand_sites	200
Q9NRD8	PDBe_ligand_sites	404
P0DPD6	PDBe_ligand_sites	404
Q96HE7	PDBe_ligand_sites	200
Q9BXB1	PDBe_ligand_sites	200
Q6S545	PDBe_ligand_sites	404
Q9BZJ8	PDBe_ligand_sites	200
Q9BZJ7	PDBe_ligand_sites	404
Q9BZJ6	PDBe_ligand_sites	404
Q9H1C0	PDBe_ligand_sites	200
Q9NZH0	PDBe_ligand_sites	404
Q9NQ84	PDBe_ligand_sites	404
P01031	PDBe_ligand_sites	200
Q9NZD1	PDBe_ligand_sites	200
Q96QA5	PDBe_ligand_sites	404
Q13325	PDBe_ligand_sites	200
Q9NZS2	PDBe_ligand_sites	200
Q14210	PDBe_ligand_sites	404
Q9GZU1	PDBe_ligand_sites	200
Q8IZK6	PDBe_ligand_sites	200
Q8TDD5	PDBe_ligand_sites	200
Q96PG2	PDBe_ligand_sites	404
Q9NXJ0	PDBe_ligand_sites	404
Q96JQ5	PDBe_ligand_sites	404
Q9H3V2	PDBe_ligand_sites	404
Q9H2W1	PDBe_ligand_sites	404
Q9GZW8	PDBe_ligand_sites	404
P21730	PDBe_ligand_sites	200
Q9BY19	PDBe_ligand_sites	404
Q9H195	PDBe_ligand_sites	404
Q14112	PDBe_ligand_sites	404
P13671	PDBe_ligand_sites	200
Q9NP85	PDBe_ligand_sites	404
Q15738	PDBe_ligand_sites	200
Q86T20	PDBe_ligand_sites	404
Q9P2E7	PDBe_ligand_sites	200
Q96QS1	PDBe_ligand_sites	404
Q9NZK7	PDBe_ligand_sites	200
Q96MS0	PDBe_ligand_sites	200
Q8IWY4	PDBe_ligand_sites	404
O95528	PDBe_ligand_sites	404
Q6PXP3	PDBe_ligand_sites	200
Q9NRM0	PDBe_ligand_sites	200
Q9H2H9	PDBe_ligand_sites	404
Q96QD8	PDBe_ligand_sites	404
Q9H156	PDBe_ligand_sites	404
P10643	PDBe_ligand_sites	200
Q9NRX5	PDBe_ligand_sites	404
O75509	PDBe_ligand_sites	200
Q9H313	PDBe_ligand_sites	200
Q9NQS1	PDBe_ligand_sites	404
Q9NZA1	PDBe_ligand_sites	200
Q9Y696	PDBe_ligand_sites	404
P07357	PDBe_ligand_sites	200
Q9H2X3	PDBe_ligand_sites	200
P53801	PDBe_ligand_sites	404
Q9UQF0	PDBe_ligand_sites	200
P07358	PDBe_ligand_sites	200
Q9Y2Q0	PDBe_ligand_sites	200
Q9NTI2	PDBe_ligand_sites	404
P98198	PDBe_ligand_sites	404
Q8TF62	PDBe_ligand_sites	404
Q6RW13	PDBe_ligand_sites	404
P07360	PDBe_ligand_sites	200
Q9GZP7	PDBe_ligand_sites	404
Q9P241	PDBe_ligand_sites	404
P98196	PDBe_ligand_sites	404
Q9Y2G3	PDBe_ligand_sites	404
Q8NB49	PDBe_ligand_sites	200
Q9BYF1	PDBe_ligand_sites	200
O94905	PDBe_ligand_sites	200
Q9BQ16	PDBe_ligand_sites	404
Q9Y6R7	PDBe_ligand_sites	200
P02748	PDBe_ligand_sites	200
Q9NQ60	PDBe_ligand_sites	404
Q96FV3	PDBe_ligand_sites	404
Q8N6M6	PDBe_ligand_sites	404
Q9P0K9	PDBe_ligand_sites	404
Q9H2J7	PDBe_ligand_sites	404
Q9GZN6	PDBe_ligand_sites	404
Q9BXT2	PDBe_ligand_sites	404
P62955	PDBe_ligand_sites	404
Q8WXS5	PDBe_ligand_sites	404
Q9H330	PDBe_ligand_sites	404
Q969L2	PDBe_ligand_sites	404
Q9BX97	PDBe_ligand_sites	404
Q86VI4	PDBe_ligand_sites	404
Q9UGQ2	PDBe_ligand_sites	404
Q8IX30	PDBe_ligand_sites	404
Q9HB63	PDBe_ligand_sites	404
Q9UPN3	PDBe_ligand_sites	200
Q96JQ0	PDBe_ligand_sites	200
Q9NS85	PDBe_ligand_sites	404
O75493	PDBe_ligand_sites	404
Q8N6P7	PDBe_ligand_sites	200
Q14656	PDBe_ligand_sites	404
O15218	PDBe_ligand_sites	404
O43570	PDBe_ligand_sites	200
Q9UJA9	PDBe_ligand_sites	200
Q9ULX7	PDBe_ligand_sites	200
Q86Y34	PDBe_ligand_sites	200
Q7L5Y9	PDBe_ligand_sites	200
Q9H251	PDBe_ligand_sites	200
P49795	PDBe_ligand_sites	404
Q9NY99	PDBe_ligand_sites	404
Q9C0B6	PDBe_ligand_sites	404
P98173	PDBe_ligand_sites	404
P22748	PDBe_ligand_sites	200
Q9BXM9	PDBe_ligand_sites	404
Q969Z4	PDBe_ligand_sites	404
Q8TDY8	PDBe_ligand_sites	404
Q8IYD9	PDBe_ligand_sites	404
Q9GZZ6	PDBe_ligand_sites	404
Q6U841	PDBe_ligand_sites	200
Q9NY64	PDBe_ligand_sites	404
Q9H427	PDBe_ligand_sites	404
P54707	PDBe_ligand_sites	404
Q9H2X9	PDBe_ligand_sites	200
Q9NYB5	PDBe_ligand_sites	200
Q9GZZ7	PDBe_ligand_sites	404
Q8TDF5	PDBe_ligand_sites	404
Q16790	PDBe_ligand_sites	200
Q9UHC6	PDBe_ligand_sites	200
Q9BZ76	PDBe_ligand_sites	404
Q86SQ6	PDBe_ligand_sites	404
Q8IWK6	PDBe_ligand_sites	404
Q86SQ4	PDBe_ligand_sites	200
P58215	PDBe_ligand_sites	404
Q9BSA4	PDBe_ligand_sites	200
O00555	PDBe_ligand_sites	200
B0I1T2	PDBe_ligand_sites	404
Q9H172	PDBe_ligand_sites	404
Q9H222	PDBe_ligand_sites	200
Q9H221	PDBe_ligand_sites	200
Q00975	PDBe_ligand_sites	200
Q13936	PDBe_ligand_sites	200
Q01668	PDBe_ligand_sites	200
O95445	PDBe_ligand_sites	200
Q15878	PDBe_ligand_sites	200
O60840	PDBe_ligand_sites	404
Q8NDX9	PDBe_ligand_sites	404
Q5SRR4	PDBe_ligand_sites	404
Q5SQ64	PDBe_ligand_sites	404
O95868	PDBe_ligand_sites	404
O95867	PDBe_ligand_sites	404
O95866	PDBe_ligand_sites	200
Q5SSQ6	PDBe_ligand_sites	404
Q9Y334	PDBe_ligand_sites	404
O43497	PDBe_ligand_sites	200
Q53GD3	PDBe_ligand_sites	404
Q99946	PDBe_ligand_sites	404
Q99944	PDBe_ligand_sites	404
Q9UIM3	PDBe_ligand_sites	404
O95180	PDBe_ligand_sites	200
Q9P0X4	PDBe_ligand_sites	200
P35410	PDBe_ligand_sites	404
Q9UGF7	PDBe_ligand_sites	404
Q9GZK3	PDBe_ligand_sites	404
P59922	PDBe_ligand_sites	404
Q13698	PDBe_ligand_sites	200
Q9UGF5	PDBe_ligand_sites	404
Q9UGF6	PDBe_ligand_sites	404
P54289	PDBe_ligand_sites	200
Q9NY47	PDBe_ligand_sites	404
Q9BYT9	PDBe_ligand_sites	404
Q86TG7	PDBe_ligand_sites	404
Q9H1D0	PDBe_ligand_sites	200
Q9H1Y3	PDBe_ligand_sites	404
Q9GZV3	PDBe_ligand_sites	200
Q96PZ7	PDBe_ligand_sites	404
Q06432	PDBe_ligand_sites	404
Q9Y698	PDBe_ligand_sites	404
O60359	PDBe_ligand_sites	404
Q13733	PDBe_ligand_sites	200
Q96LD1	PDBe_ligand_sites	404
Q9UGM1	PDBe_ligand_sites	200
Q9UBN1	PDBe_ligand_sites	404
Q9NQC3	PDBe_ligand_sites	404
Q9UF02	PDBe_ligand_sites	404
Q99932	PDBe_ligand_sites	404
Q969W9	PDBe_ligand_sites	404
P20231	PDBe_ligand_sites	200
Q9NRR2	PDBe_ligand_sites	404
Q9H910	PDBe_ligand_sites	404
Q9UJH8	PDBe_ligand_sites	404
A2IDD5	PDBe_ligand_sites	404
Q9BSN7	PDBe_ligand_sites	404
Q9H0X4	PDBe_ligand_sites	404
Q96A99	PDBe_ligand_sites	404
O00453	PDBe_ligand_sites	404
Q9BYW1	PDBe_ligand_sites	404
Q9NY59	PDBe_ligand_sites	200
Q9NPA2	PDBe_ligand_sites	404
Q9NRE1	PDBe_ligand_sites	404
Q9H306	PDBe_ligand_sites	404
Q8WY22	PDBe_ligand_sites	404
Q8N6Y1	PDBe_ligand_sites	404
Q86UP0	PDBe_ligand_sites	404
O14917	PDBe_ligand_sites	200
Q9HCL0	PDBe_ligand_sites	200
Q8TAB3	PDBe_ligand_sites	200
Q8IUH2	PDBe_ligand_sites	404
Q9HC73	PDBe_ligand_sites	200
Q96PG1	PDBe_ligand_sites	404
Q96DS6	PDBe_ligand_sites	404
Q8N0W4	PDBe_ligand_sites	200
Q96CW9	PDBe_ligand_sites	200
Q9NZ94	PDBe_ligand_sites	404
Q8NFZ4	PDBe_ligand_sites	200
Q8N2Q7	PDBe_ligand_sites	200
Q9UPX8	PDBe_ligand_sites	200
Q9UBY5	PDBe_ligand_sites	404
Q9H228	PDBe_ligand_sites	200
O60667	PDBe_ligand_sites	200
Q9NZQ8	PDBe_ligand_sites	404
Q9BXJ1	PDBe_ligand_sites	404
Q9BXJ5	PDBe_ligand_sites	404
Q9BXJ4	PDBe_ligand_sites	404
Q9H4M7	PDBe_ligand_sites	200
Q9BXJ2	PDBe_ligand_sites	404
Q9BXI9	PDBe_ligand_sites	404
Q9BXJ0	PDBe_ligand_sites	200
Q9BXJ3	PDBe_ligand_sites	404
Q9UHP7	PDBe_ligand_sites	200
Q9H239	PDBe_ligand_sites	404
Q9GZN4	PDBe_ligand_sites	404
P21128	PDBe_ligand_sites	200
O95084	PDBe_ligand_sites	404
Q9BZG2	PDBe_ligand_sites	404
Q9HCN6	PDBe_ligand_sites	200
Q96T59	PDBe_ligand_sites	404
P30988	PDBe_ligand_sites	200
Q96BH3	PDBe_ligand_sites	404
Q8WWT9	PDBe_ligand_sites	200
Q96Q45	PDBe_ligand_sites	404
Q53TS8	PDBe_ligand_sites	404
Q96Q35	PDBe_ligand_sites	404
Q8TEW8	PDBe_ligand_sites	404
Q7RTX1	PDBe_ligand_sites	404
Q9UHM6	PDBe_ligand_sites	404
Q9UN88	PDBe_ligand_sites	404
Q8WTU2	PDBe_ligand_sites	404
Q8N1S5	PDBe_ligand_sites	404
Q96T55	PDBe_ligand_sites	404
Q96T54	PDBe_ligand_sites	404
Q8TE54	PDBe_ligand_sites	200
Q96RN1	PDBe_ligand_sites	404
Q7LBE3	PDBe_ligand_sites	200
Q86WA9	PDBe_ligand_sites	404
Q9BXS9	PDBe_ligand_sites	200
Q9Y3Q0	PDBe_ligand_sites	200
Q08648	PDBe_ligand_sites	404
P61916	PDBe_ligand_sites	200
Q9NRJ7	PDBe_ligand_sites	404
P27797	PDBe_ligand_sites	200
Q96JP9	PDBe_ligand_sites	404
Q7Z4F1	PDBe_ligand_sites	404
Q8WXI8	PDBe_ligand_sites	200
Q9ULY5	PDBe_ligand_sites	200
Q6EIG7	PDBe_ligand_sites	200
Q9BXN2	PDBe_ligand_sites	404
Q9UJZ1	PDBe_ligand_sites	404
Q9UBI4	PDBe_ligand_sites	404
Q9BX66	PDBe_ligand_sites	200
Q9H310	PDBe_ligand_sites	404
Q9UQV4	PDBe_ligand_sites	200
Q9BXJ7	PDBe_ligand_sites	404
P58397	PDBe_ligand_sites	404
Q9BXP8	PDBe_ligand_sites	200
Q96HD1	PDBe_ligand_sites	404
P82987	PDBe_ligand_sites	404
Q13442	PDBe_ligand_sites	404
Q86UK0	PDBe_ligand_sites	404
Q86UQ4	PDBe_ligand_sites	404
Q96J66	PDBe_ligand_sites	404
Q96J65	PDBe_ligand_sites	404
Q8NC67	PDBe_ligand_sites	404
Q8TD84	PDBe_ligand_sites	404
Q8TDU9	PDBe_ligand_sites	200
Q495T6	PDBe_ligand_sites	404
P81605	PDBe_ligand_sites	200
Q96QU1	PDBe_ligand_sites	200
Q969I6	PDBe_ligand_sites	404
Q9Y624	PDBe_ligand_sites	404
P57087	PDBe_ligand_sites	404
Q9Y5Y7	PDBe_ligand_sites	200
Q8NGX5	PDBe_ligand_sites	404
Q8NGV5	PDBe_ligand_sites	404
Q8NH37	PDBe_ligand_sites	404
P0DMU2	PDBe_ligand_sites	404
Q8NGS9	PDBe_ligand_sites	404
Q8NGB2	PDBe_ligand_sites	404
Q9Y5P1	PDBe_ligand_sites	404
Q8NGS6	PDBe_ligand_sites	404
Q8NGB4	PDBe_ligand_sites	404
Q8NGC5	PDBe_ligand_sites	404
Q9Y5P0	PDBe_ligand_sites	404
Q8NGM8	PDBe_ligand_sites	404
Q8NH07	PDBe_ligand_sites	404
Q8NGQ6	PDBe_ligand_sites	404
P49913	PDBe_ligand_sites	200
Q8NGS5	PDBe_ligand_sites	404
Q8NGS4	PDBe_ligand_sites	404
Q8NGQ5	PDBe_ligand_sites	404
Q6IF00	PDBe_ligand_sites	404
Q8NGD4	PDBe_ligand_sites	404
Q8NH03	PDBe_ligand_sites	404
Q8NGD2	PDBe_ligand_sites	404
O95047	PDBe_ligand_sites	404
P27824	PDBe_ligand_sites	404
Q96R72	PDBe_ligand_sites	404
Q8NGD0	PDBe_ligand_sites	404
Q8NH79	PDBe_ligand_sites	404
Q8NGK1	PDBe_ligand_sites	404
Q8NGD1	PDBe_ligand_sites	404
Q8NH72	PDBe_ligand_sites	404
Q8NGD3	PDBe_ligand_sites	404
Q8NGV7	PDBe_ligand_sites	404
Q8NG92	PDBe_ligand_sites	404
Q8NH08	PDBe_ligand_sites	404
Q8NGJ5	PDBe_ligand_sites	404
Q8NGJ7	PDBe_ligand_sites	404
Q8NGJ3	PDBe_ligand_sites	404
Q8NGV6	PDBe_ligand_sites	404
Q8NGJ4	PDBe_ligand_sites	404
Q8NGR1	PDBe_ligand_sites	404
Q8NHB8	PDBe_ligand_sites	404
Q8NGH5	PDBe_ligand_sites	404
Q8WZ92	PDBe_ligand_sites	404
Q8WZ94	PDBe_ligand_sites	404
Q8NGH7	PDBe_ligand_sites	404
Q8NH54	PDBe_ligand_sites	404
Q8NGH8	PDBe_ligand_sites	404
P0C7T3	PDBe_ligand_sites	404
Q8NGJ6	PDBe_ligand_sites	404
Q8NH60	PDBe_ligand_sites	404
Q8NGP4	PDBe_ligand_sites	404
Q8NGN2	PDBe_ligand_sites	404
Q8NGN3	PDBe_ligand_sites	404
Q8NGX3	PDBe_ligand_sites	404
Q8NGE0	PDBe_ligand_sites	404
Q8NGX6	PDBe_ligand_sites	404
Q8NG75	PDBe_ligand_sites	404
Q8NGX8	PDBe_ligand_sites	404
Q8NGG4	PDBe_ligand_sites	404
Q8NH21	PDBe_ligand_sites	404
Q6IF99	PDBe_ligand_sites	404
Q8NGG5	PDBe_ligand_sites	404
Q8NH81	PDBe_ligand_sites	404
Q8NGV0	PDBe_ligand_sites	404
Q8NGM9	PDBe_ligand_sites	404
Q8NH85	PDBe_ligand_sites	404
Q8NGN6	PDBe_ligand_sites	404
P0C617	PDBe_ligand_sites	404
Q8NGN5	PDBe_ligand_sites	404
Q8NGP6	PDBe_ligand_sites	404
Q9H341	PDBe_ligand_sites	404
Q8NGN1	PDBe_ligand_sites	404
Q8NH59	PDBe_ligand_sites	404
Q8NGN0	PDBe_ligand_sites	404
Q8NH53	PDBe_ligand_sites	404
Q8NH49	PDBe_ligand_sites	404
Q8NGP2	PDBe_ligand_sites	404
P25940	PDBe_ligand_sites	404
Q96QV1	PDBe_ligand_sites	200
Q96PH1	PDBe_ligand_sites	200
Q96LA5	PDBe_ligand_sites	404
Q9UHL4	PDBe_ligand_sites	200
Q9BZM6	PDBe_ligand_sites	404
Q9BZM5	PDBe_ligand_sites	200
Q9BZM4	PDBe_ligand_sites	200
Q8WXS8	PDBe_ligand_sites	404
Q8TE23	PDBe_ligand_sites	200
Q9H3S3	PDBe_ligand_sites	404
Q9NYW7	PDBe_ligand_sites	404
Q9NYW6	PDBe_ligand_sites	404
Q9NYW5	PDBe_ligand_sites	404
Q9NYW4	PDBe_ligand_sites	404
Q9NYW3	PDBe_ligand_sites	404
Q9NYW2	PDBe_ligand_sites	404
Q9NYW1	PDBe_ligand_sites	404
Q9NYW0	PDBe_ligand_sites	404
Q9NYV9	PDBe_ligand_sites	404
Q9NYV8	PDBe_ligand_sites	200
Q9NYV7	PDBe_ligand_sites	200
O60883	PDBe_ligand_sites	404
Q969N2	PDBe_ligand_sites	200
Q6ZSY5	PDBe_ligand_sites	404
Q8N387	PDBe_ligand_sites	404
Q96P66	PDBe_ligand_sites	200
Q969N4	PDBe_ligand_sites	404
Q9BY71	PDBe_ligand_sites	404
Q92626	PDBe_ligand_sites	404
Q9HBV2	PDBe_ligand_sites	404
Q8NHC4	PDBe_ligand_sites	404
Q8NGY0	PDBe_ligand_sites	404
Q8NGY1	PDBe_ligand_sites	404
Q8NGX0	PDBe_ligand_sites	404
Q8NGZ3	PDBe_ligand_sites	404
Q8NGZ0	PDBe_ligand_sites	404
Q8N628	PDBe_ligand_sites	404
Q8NGZ5	PDBe_ligand_sites	404
Q8NGZ4	PDBe_ligand_sites	404
Q8NG85	PDBe_ligand_sites	404
Q8NG80	PDBe_ligand_sites	404
Q8NGY9	PDBe_ligand_sites	404
Q8NH00	PDBe_ligand_sites	404
Q6IEZ7	PDBe_ligand_sites	404
Q8NHC8	PDBe_ligand_sites	404
P0C7T2	PDBe_ligand_sites	404
A6NH00	PDBe_ligand_sites	404
Q7Z3T1	PDBe_ligand_sites	404
Q8NHC5	PDBe_ligand_sites	404
Q8NHC6	PDBe_ligand_sites	404
Q96R54	PDBe_ligand_sites	404
Q8NGZ2	PDBe_ligand_sites	404
Q8NHC7	PDBe_ligand_sites	404
Q8NGZ6	PDBe_ligand_sites	404
Q8NGY2	PDBe_ligand_sites	404
Q8NGY3	PDBe_ligand_sites	404
Q8NGW6	PDBe_ligand_sites	404
Q8NGY5	PDBe_ligand_sites	404
Q8NGY6	PDBe_ligand_sites	404
Q8NGX9	PDBe_ligand_sites	404
Q6UXT6	PDBe_ligand_sites	404
Q6IFH4	PDBe_ligand_sites	404
Q8NGW1	PDBe_ligand_sites	404
Q8NGB8	PDBe_ligand_sites	404
Q8NGT7	PDBe_ligand_sites	404
Q96R47	PDBe_ligand_sites	404
Q8NHA4	PDBe_ligand_sites	404
Q8N148	PDBe_ligand_sites	404
Q8NGT5	PDBe_ligand_sites	404
Q8NGU2	PDBe_ligand_sites	404
Q8NGS8	PDBe_ligand_sites	404
Q8NGS7	PDBe_ligand_sites	404
Q8NGT0	PDBe_ligand_sites	404
Q8NGT2	PDBe_ligand_sites	404
Q8NGR8	PDBe_ligand_sites	404
Q8NGR9	PDBe_ligand_sites	404
Q8NGN4	PDBe_ligand_sites	404
Q9H209	PDBe_ligand_sites	404
Q9H207	PDBe_ligand_sites	404
Q8NH74	PDBe_ligand_sites	404
Q8NGQ4	PDBe_ligand_sites	404
Q8NGI7	PDBe_ligand_sites	404
Q8NGF6	PDBe_ligand_sites	404
P41180	PDBe_ligand_sites	200
Q8NGQ3	PDBe_ligand_sites	404
Q9H205	PDBe_ligand_sites	404
A6NM03	PDBe_ligand_sites	404
Q8NGH3	PDBe_ligand_sites	404
Q8NGL6	PDBe_ligand_sites	404
Q8NH70	PDBe_ligand_sites	404
Q8NH83	PDBe_ligand_sites	404
Q6IEV9	PDBe_ligand_sites	404
Q96R67	PDBe_ligand_sites	404
Q8NGP0	PDBe_ligand_sites	404
Q8NGM1	PDBe_ligand_sites	404
Q8NGL9	PDBe_ligand_sites	404
Q8NGI6	PDBe_ligand_sites	404
Q8NGI4	PDBe_ligand_sites	404
Q8NGJ1	PDBe_ligand_sites	404
Q8NGE8	PDBe_ligand_sites	404
Q8NGL7	PDBe_ligand_sites	404
Q8NH73	PDBe_ligand_sites	404
Q8NGF9	PDBe_ligand_sites	404
Q8NH64	PDBe_ligand_sites	404
A0A3B3IT45	PDBe_ligand_sites	404
Q8NGF3	PDBe_ligand_sites	404
Q8TCB6	PDBe_ligand_sites	404
Q9H255	PDBe_ligand_sites	200
A6NGY5	PDBe_ligand_sites	404
Q8NH61	PDBe_ligand_sites	404
Q8NGK0	PDBe_ligand_sites	404
Q9H343	PDBe_ligand_sites	404
Q9H344	PDBe_ligand_sites	404
Q8NGJ8	PDBe_ligand_sites	404
Q8NGJ9	PDBe_ligand_sites	404
Q96RD2	PDBe_ligand_sites	404
Q8NGK2	PDBe_ligand_sites	404
Q8NGF0	PDBe_ligand_sites	404
Q9H346	PDBe_ligand_sites	404
Q8NGH9	PDBe_ligand_sites	404
Q8NH55	PDBe_ligand_sites	404
Q96RD3	PDBe_ligand_sites	404
Q6IFG1	PDBe_ligand_sites	404
Q8NGJ2	PDBe_ligand_sites	404
Q8NGK6	PDBe_ligand_sites	404
Q8NH67	PDBe_ligand_sites	404
Q8NGK4	PDBe_ligand_sites	404
Q8NGK3	PDBe_ligand_sites	404
Q8NGK5	PDBe_ligand_sites	404
Q8NGI0	PDBe_ligand_sites	404
Q8NGI2	PDBe_ligand_sites	404
Q8NH56	PDBe_ligand_sites	404
Q8NH57	PDBe_ligand_sites	404
Q8NGF1	PDBe_ligand_sites	404
Q6IF63	PDBe_ligand_sites	404
Q8NGI3	PDBe_ligand_sites	404
Q8NGI1	PDBe_ligand_sites	404
Q8NH76	PDBe_ligand_sites	404
Q8NGI9	PDBe_ligand_sites	404
Q8NH90	PDBe_ligand_sites	404
Q8NGI8	PDBe_ligand_sites	404
Q8NGF4	PDBe_ligand_sites	404
Q8NGP9	PDBe_ligand_sites	404
Q8N127	PDBe_ligand_sites	404
Q8NGF7	PDBe_ligand_sites	404
Q03135	PDBe_ligand_sites	404
P51636	PDBe_ligand_sites	404
Q8NGL4	PDBe_ligand_sites	404
Q8NGL3	PDBe_ligand_sites	404
Q8NGK9	PDBe_ligand_sites	404
Q8NGL1	PDBe_ligand_sites	404
P56539	PDBe_ligand_sites	404
Q6IEU7	PDBe_ligand_sites	404
Q96RB7	PDBe_ligand_sites	404
Q8NGP3	PDBe_ligand_sites	404
Q8NGG2	PDBe_ligand_sites	404
Q8NGG3	PDBe_ligand_sites	404
Q8NH69	PDBe_ligand_sites	404
O95222	PDBe_ligand_sites	404
Q8NGQ2	PDBe_ligand_sites	404
Q8NGG6	PDBe_ligand_sites	404
Q8N162	PDBe_ligand_sites	404
Q8N146	PDBe_ligand_sites	404
Q8N0Y5	PDBe_ligand_sites	404
Q8NGG1	PDBe_ligand_sites	404
Q8NGG0	PDBe_ligand_sites	404
Q8NH51	PDBe_ligand_sites	404
Q8NH50	PDBe_ligand_sites	404
Q8NH87	PDBe_ligand_sites	404
Q8NGQ1	PDBe_ligand_sites	404
Q8NGE9	PDBe_ligand_sites	404
Q8NGE5	PDBe_ligand_sites	404
Q8NGE2	PDBe_ligand_sites	404
Q8NGE7	PDBe_ligand_sites	404
Q96R30	PDBe_ligand_sites	404
Q8NGC1	PDBe_ligand_sites	404
Q8NGC9	PDBe_ligand_sites	404
Q8NGC7	PDBe_ligand_sites	404
Q8NGC8	PDBe_ligand_sites	404
Q8NH42	PDBe_ligand_sites	404
Q8NGD5	PDBe_ligand_sites	404
Q8NH41	PDBe_ligand_sites	404
Q8NGC6	PDBe_ligand_sites	404
Q8NH43	PDBe_ligand_sites	404
Q8IXE1	PDBe_ligand_sites	404
P0C623	PDBe_ligand_sites	404
Q8NGC0	PDBe_ligand_sites	404
Q8NH40	PDBe_ligand_sites	404
Q8NGB9	PDBe_ligand_sites	404
Q8NGB6	PDBe_ligand_sites	404
Q8N0Y3	PDBe_ligand_sites	404
Q8NGE3	PDBe_ligand_sites	404
Q8NGA8	PDBe_ligand_sites	404
Q8NGA5	PDBe_ligand_sites	404
Q8NGA6	PDBe_ligand_sites	404
Q8NG97	PDBe_ligand_sites	404
Q8NG94	PDBe_ligand_sites	404
P0C629	PDBe_ligand_sites	404
Q8NH05	PDBe_ligand_sites	404
P23435	PDBe_ligand_sites	200
Q9NZP5	PDBe_ligand_sites	404
Q96R08	PDBe_ligand_sites	404
Q9NZP2	PDBe_ligand_sites	404
Q9NZP0	PDBe_ligand_sites	404
Q8IUK8	PDBe_ligand_sites	404
Q9UHV8	PDBe_ligand_sites	200
O43493	PDBe_ligand_sites	404
Q8NBJ4	PDBe_ligand_sites	404
Q9UBL9	PDBe_ligand_sites	200
Q8IZS8	PDBe_ligand_sites	404
P55145	PDBe_ligand_sites	404
Q9NQ38	PDBe_ligand_sites	404
Q9HC57	PDBe_ligand_sites	404
Q9Y566	PDBe_ligand_sites	200
Q9BZ11	PDBe_ligand_sites	200
Q8TC27	PDBe_ligand_sites	404
Q96PQ1	PDBe_ligand_sites	404
Q9HCJ1	PDBe_ligand_sites	404
Q6PI73	PDBe_ligand_sites	404
P59901	PDBe_ligand_sites	404
Q9ULK5	PDBe_ligand_sites	404
Q8TAA9	PDBe_ligand_sites	200
P43657	PDBe_ligand_sites	200
Q86VZ1	PDBe_ligand_sites	200
Q86Z14	PDBe_ligand_sites	200
Q8NFZ3	PDBe_ligand_sites	404
Q9BX67	PDBe_ligand_sites	404
Q9NZH6	PDBe_ligand_sites	200
Q96P65	PDBe_ligand_sites	404
Q9H299	PDBe_ligand_sites	404
Q6UW49	PDBe_ligand_sites	404
Q9BQQ7	PDBe_ligand_sites	404
Q8WXI7	PDBe_ligand_sites	200
Q6UWM7	PDBe_ligand_sites	404
Q9HBW1	PDBe_ligand_sites	200
A0AV02	PDBe_ligand_sites	404
Q86WV1	PDBe_ligand_sites	200
Q96LC7	PDBe_ligand_sites	200
Q96RL6	PDBe_ligand_sites	404
P31995	PDBe_ligand_sites	200
Q9NYK1	PDBe_ligand_sites	404
Q9NR97	PDBe_ligand_sites	200
Q9NR96	PDBe_ligand_sites	404
Q9BXR5	PDBe_ligand_sites	404
O00590	PDBe_ligand_sites	404
Q7RTX0	PDBe_ligand_sites	200
Q9BS86	PDBe_ligand_sites	404
P32238	PDBe_ligand_sites	200
Q8TEZ7	PDBe_ligand_sites	404
P32239	PDBe_ligand_sites	404
Q8J025	PDBe_ligand_sites	404
Q13033	PDBe_ligand_sites	200
Q96J84	PDBe_ligand_sites	404
Q96PL5	PDBe_ligand_sites	404
Q9UKY0	PDBe_ligand_sites	404
Q9NP55	PDBe_ligand_sites	200
Q9P1W8	PDBe_ligand_sites	200
Q96AC1	PDBe_ligand_sites	200
Q12836	PDBe_ligand_sites	404
Q96SM3	PDBe_ligand_sites	404
Q494W8	PDBe_ligand_sites	404
Q9NU02	PDBe_ligand_sites	404
Q9BZA8	PDBe_ligand_sites	404
Q9UKG4	PDBe_ligand_sites	404
Q8NFJ6	PDBe_ligand_sites	404
Q96RT1	PDBe_ligand_sites	200
Q9NP74	PDBe_ligand_sites	404
Q9NPY3	PDBe_ligand_sites	200
Q8N2K0	PDBe_ligand_sites	404
Q9GZN8	PDBe_ligand_sites	404
Q9Y4P9	PDBe_ligand_sites	404
Q96A57	PDBe_ligand_sites	404
Q9H7V2	PDBe_ligand_sites	404
Q5TEA6	PDBe_ligand_sites	404
Q9BYW3	PDBe_ligand_sites	404
Q8IXH8	PDBe_ligand_sites	404
O00241	PDBe_ligand_sites	200
O95925	PDBe_ligand_sites	404
Q9NPB6	PDBe_ligand_sites	404
Q8N5A5	PDBe_ligand_sites	200
Q53EL9	PDBe_ligand_sites	404
Q96QE2	PDBe_ligand_sites	404
Q8IUB2	PDBe_ligand_sites	404
Q15825	PDBe_ligand_sites	200
Q4LDE5	PDBe_ligand_sites	404
Q96KR4	PDBe_ligand_sites	404
Q86WD7	PDBe_ligand_sites	404
Q96PB1	PDBe_ligand_sites	404
Q5KU26	PDBe_ligand_sites	200
P32246	PDBe_ligand_sites	200
O95760	PDBe_ligand_sites	404
Q96PS8	PDBe_ligand_sites	200
P41597	PDBe_ligand_sites	200
Q7RTU9	PDBe_ligand_sites	404
Q9BY76	PDBe_ligand_sites	200
P51677	PDBe_ligand_sites	404
Q9ULC0	PDBe_ligand_sites	404
Q9BSG0	PDBe_ligand_sites	404
P51679	PDBe_ligand_sites	200
Q8TEW0	PDBe_ligand_sites	404
Q9BY10	PDBe_ligand_sites	404
P51681	PDBe_ligand_sites	200
P51684	PDBe_ligand_sites	404
Q9BYG4	PDBe_ligand_sites	404
P32248	PDBe_ligand_sites	200
Q9NX52	PDBe_ligand_sites	404
O15173	PDBe_ligand_sites	404
P51685	PDBe_ligand_sites	200
O00264	PDBe_ligand_sites	200
Q96N03	PDBe_ligand_sites	404
Q9UJQ1	PDBe_ligand_sites	404
P51686	PDBe_ligand_sites	200
Q5JX71	PDBe_ligand_sites	404
Q5JX69	PDBe_ligand_sites	404
Q9NPB9	PDBe_ligand_sites	404
Q9BR26	PDBe_ligand_sites	404
O00421	PDBe_ligand_sites	404
Q9BYL1	PDBe_ligand_sites	404
Q6UDR6	PDBe_ligand_sites	404
Q8IUA0	PDBe_ligand_sites	404
Q2I0M5	PDBe_ligand_sites	404
Q8N4F0	PDBe_ligand_sites	404
Q9H426	PDBe_ligand_sites	404
Q9NQ40	PDBe_ligand_sites	200
Q8IVV8	PDBe_ligand_sites	404
Q96PH6	PDBe_ligand_sites	404
Q9BQP9	PDBe_ligand_sites	404
Q2PPJ7	PDBe_ligand_sites	404
Q8WUT4	PDBe_ligand_sites	404
B1AKI9	PDBe_ligand_sites	200
Q9GZP1	PDBe_ligand_sites	404
Q9H3Z4	PDBe_ligand_sites	404
Q9BYG5	PDBe_ligand_sites	404
Q5JXA9	PDBe_ligand_sites	404
Q9H106	PDBe_ligand_sites	404
Q9H3Y0	PDBe_ligand_sites	404
P46094	PDBe_ligand_sites	404
Q8TC36	PDBe_ligand_sites	404
Q8IXA5	PDBe_ligand_sites	404
Q8IVM8	PDBe_ligand_sites	404
Q9BZV2	PDBe_ligand_sites	200
O95907	PDBe_ligand_sites	404
Q96J86	PDBe_ligand_sites	404
P08571	PDBe_ligand_sites	404
P12814	PDBe_ligand_sites	200
P48509	PDBe_ligand_sites	404
Q8TE58	PDBe_ligand_sites	404
A6NI73	PDBe_ligand_sites	404
Q86VB7	PDBe_ligand_sites	200
Q8N743	PDBe_ligand_sites	404
P60985	PDBe_ligand_sites	404
Q04900	PDBe_ligand_sites	404
P15391	PDBe_ligand_sites	200
P06126	PDBe_ligand_sites	200
Q8N109	PDBe_ligand_sites	404
Q8NHK3	PDBe_ligand_sites	404
P29016	PDBe_ligand_sites	200
P29017	PDBe_ligand_sites	200
P15813	PDBe_ligand_sites	200
Q7RTW8	PDBe_ligand_sites	404
P15812	PDBe_ligand_sites	200
P06729	PDBe_ligand_sites	200
Q9Y239	PDBe_ligand_sites	200
Q9NNX6	PDBe_ligand_sites	200
P20273	PDBe_ligand_sites	200
Q8TCT9	PDBe_ligand_sites	404
Q8NBS3	PDBe_ligand_sites	200
Q8TDM5	PDBe_ligand_sites	404
Q15391	PDBe_ligand_sites	200
Q5VXU1	PDBe_ligand_sites	404
P25063	PDBe_ligand_sites	404
Q9GZQ4	PDBe_ligand_sites	404
Q9UMX9	PDBe_ligand_sites	404
Q9HAS3	PDBe_ligand_sites	404
Q9NPF8	PDBe_ligand_sites	404
Q9NRY7	PDBe_ligand_sites	404
Q9NRY6	PDBe_ligand_sites	404
Q9NRQ2	PDBe_ligand_sites	404
Q9UN19	PDBe_ligand_sites	200
P58872	PDBe_ligand_sites	404
Q8NFQ6	PDBe_ligand_sites	404
Q8NFQ5	PDBe_ligand_sites	404
Q8WZ55	PDBe_ligand_sites	404
Q8TDI8	PDBe_ligand_sites	404
Q8IU80	PDBe_ligand_sites	200
Q8TDI7	PDBe_ligand_sites	404
Q9UK85	PDBe_ligand_sites	404
P10747	PDBe_ligand_sites	200
P20138	PDBe_ligand_sites	200
P28906	PDBe_ligand_sites	404
Q96SL1	PDBe_ligand_sites	404
P16671	PDBe_ligand_sites	200
Q8WTV0	PDBe_ligand_sites	404
Q9H2A7	PDBe_ligand_sites	404
Q14BN4	PDBe_ligand_sites	404
A6NNB3	PDBe_ligand_sites	404
O60575	PDBe_ligand_sites	404
O00574	PDBe_ligand_sites	404
Q14108	PDBe_ligand_sites	200
P11049	PDBe_ligand_sites	404
Q9NV96	PDBe_ligand_sites	200
Q5DX21	PDBe_ligand_sites	404
P28907	PDBe_ligand_sites	200
Q5J8X5	PDBe_ligand_sites	404
Q6PEY0	PDBe_ligand_sites	404
Q9NPF0	PDBe_ligand_sites	200
Q16538	PDBe_ligand_sites	404
Q8WY21	PDBe_ligand_sites	404
Q96PQ0	PDBe_ligand_sites	404
Q9UPU3	PDBe_ligand_sites	404
Q9P2U8	PDBe_ligand_sites	404
Q9P2U7	PDBe_ligand_sites	404
Q16602	PDBe_ligand_sites	200
Q9Y2C9	PDBe_ligand_sites	404
A6NKQ9	PDBe_ligand_sites	404
Q6NT52	PDBe_ligand_sites	404
P04234	PDBe_ligand_sites	200
P07766	PDBe_ligand_sites	200
P09693	PDBe_ligand_sites	200
P30041	PDBe_ligand_sites	404
Q8TCU5	PDBe_ligand_sites	404
O60391	PDBe_ligand_sites	404
P20963	PDBe_ligand_sites	200
Q8NFY4	PDBe_ligand_sites	404
P01730	PDBe_ligand_sites	200
Q8TD07	PDBe_ligand_sites	404
Q6H3X3	PDBe_ligand_sites	404
Q5VY80	PDBe_ligand_sites	200
Q685J3	PDBe_ligand_sites	404
P16070	PDBe_ligand_sites	200
P57771	PDBe_ligand_sites	200
Q08722	PDBe_ligand_sites	200
Q14162	PDBe_ligand_sites	404
P78312	PDBe_ligand_sites	404
P49019	PDBe_ligand_sites	200
P09326	PDBe_ligand_sites	404
O95711	PDBe_ligand_sites	200
Q99732	PDBe_ligand_sites	404
O14683	PDBe_ligand_sites	404
Q6UXZ3	PDBe_ligand_sites	404
Q15014	PDBe_ligand_sites	404
P06127	PDBe_ligand_sites	404
Q9Y4G8	PDBe_ligand_sites	404
Q92738	PDBe_ligand_sites	200
P19397	PDBe_ligand_sites	200
Q15020	PDBe_ligand_sites	200
Q5BIV9	PDBe_ligand_sites	404
Q7L1I2	PDBe_ligand_sites	200
Q9UBG0	PDBe_ligand_sites	200
P19256	PDBe_ligand_sites	200
Q9Y3Q4	PDBe_ligand_sites	200
Q13113	PDBe_ligand_sites	404
P13987	PDBe_ligand_sites	200
P40200	PDBe_ligand_sites	200
Q14728	PDBe_ligand_sites	200
Q8N6Y2	PDBe_ligand_sites	404
O43866	PDBe_ligand_sites	200
P54108	PDBe_ligand_sites	404
P30203	PDBe_ligand_sites	200
Q9Y646	PDBe_ligand_sites	404
O75325	PDBe_ligand_sites	404
Q8IUN9	PDBe_ligand_sites	200
P08962	PDBe_ligand_sites	200
Q99828	PDBe_ligand_sites	200
Q96P48	PDBe_ligand_sites	404
P34810	PDBe_ligand_sites	404
Q9Y4L1	PDBe_ligand_sites	404
Q86VZ4	PDBe_ligand_sites	404
O75915	PDBe_ligand_sites	404
Q07108	PDBe_ligand_sites	200
O76038	PDBe_ligand_sites	200
Q969H8	PDBe_ligand_sites	200
P09564	PDBe_ligand_sites	404
O95630	PDBe_ligand_sites	200
P21854	PDBe_ligand_sites	404
Q15762	PDBe_ligand_sites	200
P04233	PDBe_ligand_sites	200
Q9UBK5	PDBe_ligand_sites	404
Q14507	PDBe_ligand_sites	404
P11912	PDBe_ligand_sites	200
Q12907	PDBe_ligand_sites	404
P40259	PDBe_ligand_sites	200
Q07065	PDBe_ligand_sites	404
Q7L1W4	PDBe_ligand_sites	404
Q969M2	PDBe_ligand_sites	404
P49755	PDBe_ligand_sites	404
P33681	PDBe_ligand_sites	200
P48060	PDBe_ligand_sites	200
O75829	PDBe_ligand_sites	404
P60033	PDBe_ligand_sites	200
O95971	PDBe_ligand_sites	200
Q00587	PDBe_ligand_sites	404
O75129	PDBe_ligand_sites	200
Q8TF71	PDBe_ligand_sites	200
Q01151	PDBe_ligand_sites	200
Q9Y279	PDBe_ligand_sites	200
O75711	PDBe_ligand_sites	404
Q9UIB8	PDBe_ligand_sites	200
Q7RTP0	PDBe_ligand_sites	404
Q8N8Q9	PDBe_ligand_sites	200
P42081	PDBe_ligand_sites	404
P01732	PDBe_ligand_sites	200
Q9BWQ8	PDBe_ligand_sites	404
P10966	PDBe_ligand_sites	404
Q8IUD2	PDBe_ligand_sites	404
A6NJW9	PDBe_ligand_sites	404
Q15049	PDBe_ligand_sites	404
Q8WXH0	PDBe_ligand_sites	404
O75144	PDBe_ligand_sites	200
P21926	PDBe_ligand_sites	200
Q6ZSZ5	PDBe_ligand_sites	404
Q92542	PDBe_ligand_sites	200
Q04771	PDBe_ligand_sites	200
Q92619	PDBe_ligand_sites	404
Q4KMG0	PDBe_ligand_sites	404
Q8N1M1	PDBe_ligand_sites	404
Q8NFU0	PDBe_ligand_sites	404
Q8NFU1	PDBe_ligand_sites	200
Q8TE57	PDBe_ligand_sites	404
Q8TE56	PDBe_ligand_sites	404
P48960	PDBe_ligand_sites	200
Q8TE60	PDBe_ligand_sites	404
Q8TE59	PDBe_ligand_sites	404
Q8NEC5	PDBe_ligand_sites	404
Q9NQQ7	PDBe_ligand_sites	404
Q96T83	PDBe_ligand_sites	404
Q9NP94	PDBe_ligand_sites	404
Q9BRY0	PDBe_ligand_sites	404
Q6P5W5	PDBe_ligand_sites	404
Q96IQ7	PDBe_ligand_sites	404
Q9Y6Y9	PDBe_ligand_sites	200
Q8IV08	PDBe_ligand_sites	200
Q8NCC3	PDBe_ligand_sites	200
Q9BQS2	PDBe_ligand_sites	404
Q13162	PDBe_ligand_sites	200
Q96JB6	PDBe_ligand_sites	404
Q9BWV1	PDBe_ligand_sites	404
Q99784	PDBe_ligand_sites	200
O95897	PDBe_ligand_sites	404
Q6UX06	PDBe_ligand_sites	404
Q8NEB7	PDBe_ligand_sites	404
P36896	PDBe_ligand_sites	404
Q9H3W5	PDBe_ligand_sites	404
Q9HCN3	PDBe_ligand_sites	404
M5A8F1	PDBe_ligand_sites	404
Q14689	PDBe_ligand_sites	404
Q8N4T0	PDBe_ligand_sites	404
Q7Z7G0	PDBe_ligand_sites	404
Q9UQ26	PDBe_ligand_sites	404
Q6UWB1	PDBe_ligand_sites	200
Q8IWA5	PDBe_ligand_sites	404
Q6XPS3	PDBe_ligand_sites	404
P27037	PDBe_ligand_sites	200
Q7Z3B1	PDBe_ligand_sites	200
Q8WXD0	PDBe_ligand_sites	200
P62502	PDBe_ligand_sites	404
Q96JA1	PDBe_ligand_sites	200
Q9UK23	PDBe_ligand_sites	404
Q9H3N8	PDBe_ligand_sites	200
Q92484	PDBe_ligand_sites	200
Q13705	PDBe_ligand_sites	200
Q8WXG9	PDBe_ligand_sites	404
Q9GZQ6	PDBe_ligand_sites	404
Q9P2M7	PDBe_ligand_sites	404
Q9BZP6	PDBe_ligand_sites	200
Q9BXP2	PDBe_ligand_sites	404
O94985	PDBe_ligand_sites	404
Q9H4D0	PDBe_ligand_sites	404
Q9Y271	PDBe_ligand_sites	200
Q8NBI5	PDBe_ligand_sites	404
Q6UW88	PDBe_ligand_sites	404
Q96AP7	PDBe_ligand_sites	404
P12830	PDBe_ligand_sites	200
O43164	PDBe_ligand_sites	404
Q9UNW8	PDBe_ligand_sites	200
Q9Y6N8	PDBe_ligand_sites	404
Q5T442	PDBe_ligand_sites	404
Q8NFK1	PDBe_ligand_sites	200
P37023	PDBe_ligand_sites	200
P55287	PDBe_ligand_sites	404
P55289	PDBe_ligand_sites	404
P55290	PDBe_ligand_sites	404
Q9NY37	PDBe_ligand_sites	200
P55291	PDBe_ligand_sites	404
O75309	PDBe_ligand_sites	404
Q96MU8	PDBe_ligand_sites	200
Q12864	PDBe_ligand_sites	200
Q6UYE1	PDBe_ligand_sites	404
Q13634	PDBe_ligand_sites	404
Q9UM22	PDBe_ligand_sites	200
Q9H159	PDBe_ligand_sites	404
Q6ZWJ8	PDBe_ligand_sites	404
P19022	PDBe_ligand_sites	404
Q96B33	PDBe_ligand_sites	404
Q9BT67	PDBe_ligand_sites	404
Q9HBT6	PDBe_ligand_sites	404
Q8N126	PDBe_ligand_sites	404
Q8NFM7	PDBe_ligand_sites	404
Q96LA9	PDBe_ligand_sites	200
P22223	PDBe_ligand_sites	200
P55283	PDBe_ligand_sites	404
Q9NZQ7	PDBe_ligand_sites	200
Q96FX8	PDBe_ligand_sites	404
P33151	PDBe_ligand_sites	404
Q9HBU9	PDBe_ligand_sites	404
Q9HBV1	PDBe_ligand_sites	404
P55285	PDBe_ligand_sites	200
Q9ULB5	PDBe_ligand_sites	404
Q53H76	PDBe_ligand_sites	404
Q9NQS3	PDBe_ligand_sites	200
P55286	PDBe_ligand_sites	404
Q9ULB4	PDBe_ligand_sites	404
O14735	PDBe_ligand_sites	404
O60613	PDBe_ligand_sites	404
Q9Y3P8	PDBe_ligand_sites	404
Q96RJ0	PDBe_ligand_sites	200
Q5T3F8	PDBe_ligand_sites	404
O60637	PDBe_ligand_sites	404
P62079	PDBe_ligand_sites	404
Q9NS62	PDBe_ligand_sites	404
Q96RJ3	PDBe_ligand_sites	404
Q9HAV5	PDBe_ligand_sites	404
Q9H2S6	PDBe_ligand_sites	404
Q9NP99	PDBe_ligand_sites	200
Q9NZC2	PDBe_ligand_sites	200
O14910	PDBe_ligand_sites	404
Q9HAP6	PDBe_ligand_sites	404
Q9NUP9	PDBe_ligand_sites	404
O95759	PDBe_ligand_sites	404
Q9H9P2	PDBe_ligand_sites	404
Q4VCS5	PDBe_ligand_sites	200
Q9Y2J4	PDBe_ligand_sites	404
Q969P0	PDBe_ligand_sites	404
P53816	PDBe_ligand_sites	200
Q9NPR9	PDBe_ligand_sites	404
Q5VW38	PDBe_ligand_sites	404
Q96PE1	PDBe_ligand_sites	404
Q96D42	PDBe_ligand_sites	200
Q9Y639	PDBe_ligand_sites	200
Q9NPI5	PDBe_ligand_sites	404
Q8IZ57	PDBe_ligand_sites	404
Q8NFT2	PDBe_ligand_sites	200
O75575	PDBe_ligand_sites	404
Q9NZ20	PDBe_ligand_sites	404
Q9UJ71	PDBe_ligand_sites	200
Q9NZ53	PDBe_ligand_sites	404
Q86UP6	PDBe_ligand_sites	404
Q9NYX4	PDBe_ligand_sites	404
Q9Y2W3	PDBe_ligand_sites	404
Q9P121	PDBe_ligand_sites	200
Q7Z2W7	PDBe_ligand_sites	200
Q96LB2	PDBe_ligand_sites	200
A8MPY1	PDBe_ligand_sites	404
Q9NPD7	PDBe_ligand_sites	404
Q96LB0	PDBe_ligand_sites	404
Q96LB1	PDBe_ligand_sites	200
Q8WZ75	PDBe_ligand_sites	404
Q96S37	PDBe_ligand_sites	200
Q96PB7	PDBe_ligand_sites	404
Q9HCF6	PDBe_ligand_sites	200
Q8TD43	PDBe_ligand_sites	200
Q96QT4	PDBe_ligand_sites	404
Q9BX84	PDBe_ligand_sites	404
Q9H9S5	PDBe_ligand_sites	200
Q13685	PDBe_ligand_sites	404
Q9NXN4	PDBe_ligand_sites	404
Q9NRM6	PDBe_ligand_sites	200
Q15517	PDBe_ligand_sites	404
Q96A84	PDBe_ligand_sites	404
Q96A83	PDBe_ligand_sites	200
P31358	PDBe_ligand_sites	404
Q99624	PDBe_ligand_sites	404
Q8TDX9	PDBe_ligand_sites	404
Q86YW7	PDBe_ligand_sites	404
Q63ZE4	PDBe_ligand_sites	404
Q9H2S5	PDBe_ligand_sites	404
Q8TD20	PDBe_ligand_sites	404
Q8IY34	PDBe_ligand_sites	404
Q8WUX1	PDBe_ligand_sites	404
Q9Y5S1	PDBe_ligand_sites	200
Q9HBA0	PDBe_ligand_sites	200
Q8NET8	PDBe_ligand_sites	200
Q30KQ8	PDBe_ligand_sites	404
Q30KQ7	PDBe_ligand_sites	404
Q30KQ6	PDBe_ligand_sites	404
Q30KQ5	PDBe_ligand_sites	404
Q30KQ4	PDBe_ligand_sites	404
Q8N690	PDBe_ligand_sites	404
Q5J5C9	PDBe_ligand_sites	404
Q8NES8	PDBe_ligand_sites	404
Q8WTQ1	PDBe_ligand_sites	200
Q9NSA0	PDBe_ligand_sites	200
Q9BY79	PDBe_ligand_sites	404
Q8NER5	PDBe_ligand_sites	404
Q9H244	PDBe_ligand_sites	200
Q9ULT6	PDBe_ligand_sites	200
Q71H61	PDBe_ligand_sites	404
Q9P2J2	PDBe_ligand_sites	404
Q7LFX5	PDBe_ligand_sites	404
P13688	PDBe_ligand_sites	200
Q9UBD6	PDBe_ligand_sites	200
P40198	PDBe_ligand_sites	200
Q9NP84	PDBe_ligand_sites	404
O14836	PDBe_ligand_sites	404
O75871	PDBe_ligand_sites	404
Q86WN2	PDBe_ligand_sites	404
Q9BY07	PDBe_ligand_sites	404
P06731	PDBe_ligand_sites	200
Q9BZW8	PDBe_ligand_sites	404
P40199	PDBe_ligand_sites	200
Q9ULQ1	PDBe_ligand_sites	404
Q9NS66	PDBe_ligand_sites	404
Q9HAT2	PDBe_ligand_sites	404
Q14002	PDBe_ligand_sites	200
P31997	PDBe_ligand_sites	200
Q9H336	PDBe_ligand_sites	404
Q8WXS4	PDBe_ligand_sites	404
Q9HCU0	PDBe_ligand_sites	404
Q9BYE9	PDBe_ligand_sites	200
Q8TCZ2	PDBe_ligand_sites	404
Q9HBM0	PDBe_ligand_sites	404
Q8WWA0	PDBe_ligand_sites	200
Q8N8Y2	PDBe_ligand_sites	404
Q6UX01	PDBe_ligand_sites	404
Q9NS75	PDBe_ligand_sites	200
Q86XS8	PDBe_ligand_sites	404
P0CG37	PDBe_ligand_sites	404
Q9UKJ0	PDBe_ligand_sites	200
Q8TDB8	PDBe_ligand_sites	404
O75787	PDBe_ligand_sites	200
Q8TAE7	PDBe_ligand_sites	404
Q86XR5	PDBe_ligand_sites	404
B8ZZ34	PDBe_ligand_sites	404
Q8NAC3	PDBe_ligand_sites	200
Q8IW75	PDBe_ligand_sites	200
Q9BZV3	PDBe_ligand_sites	404
Q9BQT9	PDBe_ligand_sites	404
Q8WWQ2	PDBe_ligand_sites	404
Q6UW10	PDBe_ligand_sites	404
Q9NZK5	PDBe_ligand_sites	200
O95969	PDBe_ligand_sites	404
Q8N5I4	PDBe_ligand_sites	404
O75146	PDBe_ligand_sites	404
Q96A28	PDBe_ligand_sites	404
Q8TDQ0	PDBe_ligand_sites	200
Q8NFR9	PDBe_ligand_sites	404
Q9BXQ6	PDBe_ligand_sites	404
Q9HC23	PDBe_ligand_sites	404
Q9UIJ5	PDBe_ligand_sites	404
Q9C0B5	PDBe_ligand_sites	404
Q9Y487	PDBe_ligand_sites	404
Q8WWY8	PDBe_ligand_sites	404
O15018	PDBe_ligand_sites	404
Q9NYQ6	PDBe_ligand_sites	200
Q7L513	PDBe_ligand_sites	404
Q68DV7	PDBe_ligand_sites	404
Q96P31	PDBe_ligand_sites	404
Q96PJ5	PDBe_ligand_sites	200
Q96RD9	PDBe_ligand_sites	200
Q96LA6	PDBe_ligand_sites	404
Q5T6X5	PDBe_ligand_sites	404
Q8N0X7	PDBe_ligand_sites	404
Q9BQJ4	PDBe_ligand_sites	404
Q6EMK4	PDBe_ligand_sites	404
Q5JTY5	PDBe_ligand_sites	404
Q9H295	PDBe_ligand_sites	404
Q9Y342	PDBe_ligand_sites	404
Q9BZM1	PDBe_ligand_sites	404
O95490	PDBe_ligand_sites	200
Q8IU57	PDBe_ligand_sites	200
P00813	PDBe_ligand_sites	200
Q9BZR6	PDBe_ligand_sites	200
Q9BXS0	PDBe_ligand_sites	404
Q13433	PDBe_ligand_sites	404
Q9NY15	PDBe_ligand_sites	404
Q8WWQ8	PDBe_ligand_sites	404
Q6PL24	PDBe_ligand_sites	404
Q6UXZ4	PDBe_ligand_sites	404
Q5T7P8	PDBe_ligand_sites	404
Q7Z7M1	PDBe_ligand_sites	404
Q92520	PDBe_ligand_sites	404
Q96BQ1	PDBe_ligand_sites	404
Q8N3R9	PDBe_ligand_sites	200
Q5IJ48	PDBe_ligand_sites	404
Q8N0V4	PDBe_ligand_sites	404
Q8N145	PDBe_ligand_sites	404
Q8N135	PDBe_ligand_sites	404
P08910	PDBe_ligand_sites	404
Q8WU67	PDBe_ligand_sites	404
Q68G75	PDBe_ligand_sites	404
Q9BQ51	PDBe_ligand_sites	404
Q9UL41	PDBe_ligand_sites	404
Q9C0A0	PDBe_ligand_sites	404
Q8WYK1	PDBe_ligand_sites	404
O15519	PDBe_ligand_sites	200
Q9H6A9	PDBe_ligand_sites	404
Q7Z2H8	PDBe_ligand_sites	200
Q495M3	PDBe_ligand_sites	404
P26718	PDBe_ligand_sites	200
P42857	PDBe_ligand_sites	404
Q8NCW0	PDBe_ligand_sites	404
Q8WWI5	PDBe_ligand_sites	200
O14672	PDBe_ligand_sites	200
Q96P56	PDBe_ligand_sites	404
Q6UWL6	PDBe_ligand_sites	404
Q6XZB0	PDBe_ligand_sites	404
Q9P0T7	PDBe_ligand_sites	200
Q86VE9	PDBe_ligand_sites	404
Q96CG8	PDBe_ligand_sites	404
P13569	PDBe_ligand_sites	200
Q9NR71	PDBe_ligand_sites	200
Q6PIU1	PDBe_ligand_sites	404
Q9H252	PDBe_ligand_sites	404
Q9NS40	PDBe_ligand_sites	200
Q96L42	PDBe_ligand_sites	404
Q5JUK3	PDBe_ligand_sites	200
Q6UVM3	PDBe_ligand_sites	404
A8MYU2	PDBe_ligand_sites	404
O43561	PDBe_ligand_sites	404
P59537	PDBe_ligand_sites	200
P59539	PDBe_ligand_sites	404
P59540	PDBe_ligand_sites	200
P59544	PDBe_ligand_sites	404
P59536	PDBe_ligand_sites	404
P59535	PDBe_ligand_sites	404
P59534	PDBe_ligand_sites	404
Q7RTR8	PDBe_ligand_sites	404
Q6J9G0	PDBe_ligand_sites	404
O75078	PDBe_ligand_sites	404
Q9HCY8	PDBe_ligand_sites	404
Q8TDF6	PDBe_ligand_sites	404
Q8NI17	PDBe_ligand_sites	200
Q7Z4W1	PDBe_ligand_sites	200
Q9HCG7	PDBe_ligand_sites	404
Q8IZF5	PDBe_ligand_sites	404
Q5T601	PDBe_ligand_sites	200
Q8IZF6	PDBe_ligand_sites	200
O43184	PDBe_ligand_sites	404
Q6AZY7	PDBe_ligand_sites	404
Q8IZF4	PDBe_ligand_sites	404
Q8IZF3	PDBe_ligand_sites	404
Q9Y5Q5	PDBe_ligand_sites	404
Q8IWT6	PDBe_ligand_sites	200
Q8IZF2	PDBe_ligand_sites	404
A0AVI2	PDBe_ligand_sites	404
Q9H2Y9	PDBe_ligand_sites	404
Q8TDV5	PDBe_ligand_sites	200
Q5NUL3	PDBe_ligand_sites	200
O14931	PDBe_ligand_sites	200
Q8IZF0	PDBe_ligand_sites	200
Q86YT9	PDBe_ligand_sites	404
Q8TAD4	PDBe_ligand_sites	404
Q9BQI7	PDBe_ligand_sites	404
Q96RQ9	PDBe_ligand_sites	404
Q5VWK5	PDBe_ligand_sites	200
O95786	PDBe_ligand_sites	200
P59542	PDBe_ligand_sites	404
P59543	PDBe_ligand_sites	404
P59541	PDBe_ligand_sites	404
P59538	PDBe_ligand_sites	404
P0DSN6	PDBe_ligand_sites	404
P0DTE0	PDBe_ligand_sites	404
Q8N695	PDBe_ligand_sites	200
Q8WXX5	PDBe_ligand_sites	404
Q5ZPR3	PDBe_ligand_sites	200
Q8N144	PDBe_ligand_sites	404
Q9UKL4	PDBe_ligand_sites	200
P57773	PDBe_ligand_sites	404
Q9GZM7	PDBe_ligand_sites	404
Q8IZ96	PDBe_ligand_sites	404
Q8TAZ6	PDBe_ligand_sites	404
Q96MX0	PDBe_ligand_sites	404
Q8IZR5	PDBe_ligand_sites	404
Q96DZ9	PDBe_ligand_sites	404
Q9NX76	PDBe_ligand_sites	404
Q96FZ5	PDBe_ligand_sites	404
Q8IZV2	PDBe_ligand_sites	404
Q9P1Z3	PDBe_ligand_sites	200
Q86XX4	PDBe_ligand_sites	404
Q8NF50	PDBe_ligand_sites	404
Q9P246	PDBe_ligand_sites	200
Q8TBC3	PDBe_ligand_sites	404
P56851	PDBe_ligand_sites	404
Q9NTU4	PDBe_ligand_sites	404
Q9BT88	PDBe_ligand_sites	404
Q96K78	PDBe_ligand_sites	404
Q9NZF1	PDBe_ligand_sites	404
Q5JTB6	PDBe_ligand_sites	404
Q9NPC1	PDBe_ligand_sites	404
Q9H0V9	PDBe_ligand_sites	404
Q8NBV8	PDBe_ligand_sites	404
Q8NFP4	PDBe_ligand_sites	200
Q8TAA1	PDBe_ligand_sites	404
Q5GAN6	PDBe_ligand_sites	404
Q7Z408	PDBe_ligand_sites	404
Q7Z407	PDBe_ligand_sites	404
Q96Q04	PDBe_ligand_sites	404
Q9UF33	PDBe_ligand_sites	404
Q07912	PDBe_ligand_sites	200
Q86T03	PDBe_ligand_sites	200
Q13444	PDBe_ligand_sites	404
P05060	PDBe_ligand_sites	404
Q8N4C7	PDBe_ligand_sites	404
Q6NXT4	PDBe_ligand_sites	404
Q7Z5N4	PDBe_ligand_sites	404
Q58EX2	PDBe_ligand_sites	404
Q14678	PDBe_ligand_sites	200
Q9UGN4	PDBe_ligand_sites	404
Q08708	PDBe_ligand_sites	404
Q9UKJ5	PDBe_ligand_sites	404
Q5VWW1	PDBe_ligand_sites	404
O00533	PDBe_ligand_sites	404
O14543	PDBe_ligand_sites	404
Q86UE6	PDBe_ligand_sites	404
O43300	PDBe_ligand_sites	200
Q86VH5	PDBe_ligand_sites	404
Q86VH4	PDBe_ligand_sites	404
O75800	PDBe_ligand_sites	200
Q8TAV4	PDBe_ligand_sites	404
Q8IVJ1	PDBe_ligand_sites	404
Q7Z418	PDBe_ligand_sites	404
P78536	PDBe_ligand_sites	200
P11229	PDBe_ligand_sites	200
P08172	PDBe_ligand_sites	200
P20309	PDBe_ligand_sites	200
P08173	PDBe_ligand_sites	200
P08912	PDBe_ligand_sites	200
P02708	PDBe_ligand_sites	200
Q15822	PDBe_ligand_sites	200
A4D2G3	PDBe_ligand_sites	404
Q8NG84	PDBe_ligand_sites	404
P32297	PDBe_ligand_sites	200
Q8NGZ9	PDBe_ligand_sites	404
Q8NH01	PDBe_ligand_sites	404
A6ND48	PDBe_ligand_sites	404
A3KFT3	PDBe_ligand_sites	404
Q8N349	PDBe_ligand_sites	404
P43681	PDBe_ligand_sites	200
Q9H2C5	PDBe_ligand_sites	404
O95013	PDBe_ligand_sites	404
P30532	PDBe_ligand_sites	404
Q8NG77	PDBe_ligand_sites	404
Q8NG81	PDBe_ligand_sites	404
Q9H2C8	PDBe_ligand_sites	404
Q9H339	PDBe_ligand_sites	404
Q9Y3Q7	PDBe_ligand_sites	404
P36544	PDBe_ligand_sites	200
Q9H340	PDBe_ligand_sites	404
Q8NH19	PDBe_ligand_sites	404
P11230	PDBe_ligand_sites	200
Q8NH10	PDBe_ligand_sites	404
Q8NH18	PDBe_ligand_sites	404
A6NL26	PDBe_ligand_sites	404
P17787	PDBe_ligand_sites	200
A6NND4	PDBe_ligand_sites	404
Q8NG78	PDBe_ligand_sites	404
A0A2R8YED5	PDBe_ligand_sites	404
Q8NH09	PDBe_ligand_sites	404
Q05901	PDBe_ligand_sites	200
Q8NGE1	PDBe_ligand_sites	404
P30926	PDBe_ligand_sites	200
Q07001	PDBe_ligand_sites	200
Q7RTM1	PDBe_ligand_sites	404
Q7RTS6	PDBe_ligand_sites	404
Q7RTS5	PDBe_ligand_sites	404
Q495N2	PDBe_ligand_sites	404
Q04844	PDBe_ligand_sites	200
Q6YBV0	PDBe_ligand_sites	404
P07510	PDBe_ligand_sites	404
Q8TDU6	PDBe_ligand_sites	200
Q96NY8	PDBe_ligand_sites	200
Q14512	PDBe_ligand_sites	404
Q8TDN1	PDBe_ligand_sites	404
Q8TDN2	PDBe_ligand_sites	404
Q9H013	PDBe_ligand_sites	404
Q969H4	PDBe_ligand_sites	404
Q6UY14	PDBe_ligand_sites	404
Q96F81	PDBe_ligand_sites	200
A7MBM2	PDBe_ligand_sites	404
Q2KHT4	PDBe_ligand_sites	404
Q9HBX9	PDBe_ligand_sites	200
Q9HBX8	PDBe_ligand_sites	404
Q8WVQ1	PDBe_ligand_sites	200
Q96RV3	PDBe_ligand_sites	404
Q86UK5	PDBe_ligand_sites	404
Q99965	PDBe_ligand_sites	404
Q86T13	PDBe_ligand_sites	404
Q7Z553	PDBe_ligand_sites	404
A4IF30	PDBe_ligand_sites	404
Q86TY3	PDBe_ligand_sites	404
Q86TV6	PDBe_ligand_sites	404
Q8IZM9	PDBe_ligand_sites	404
Q9BXE9	PDBe_ligand_sites	404
Q96GP6	PDBe_ligand_sites	404
Q7Z5H4	PDBe_ligand_sites	404
Q7Z5H5	PDBe_ligand_sites	404
Q8NFZ6	PDBe_ligand_sites	404
Q9Y6C2	PDBe_ligand_sites	404
Q9H8L6	PDBe_ligand_sites	404
Q6QNK2	PDBe_ligand_sites	200
O43506	PDBe_ligand_sites	404
O00398	PDBe_ligand_sites	200
Q8NBQ7	PDBe_ligand_sites	200
Q8IXF9	PDBe_ligand_sites	404
A0PG75	PDBe_ligand_sites	404
Q92537	PDBe_ligand_sites	404
Q7L8A9	PDBe_ligand_sites	200
Q9P2D8	PDBe_ligand_sites	404
Q5JZY3	PDBe_ligand_sites	404
Q8IZ08	PDBe_ligand_sites	404
Q6U736	PDBe_ligand_sites	404
Q6DWJ6	PDBe_ligand_sites	200
Q7Z602	PDBe_ligand_sites	404
Q9UKJ8	PDBe_ligand_sites	404
Q8NBP7	PDBe_ligand_sites	200
O60565	PDBe_ligand_sites	200
Q8WX77	PDBe_ligand_sites	404
Q7Z601	PDBe_ligand_sites	404
Q96KC8	PDBe_ligand_sites	404
Q9P0K1	PDBe_ligand_sites	200
Q9UPI3	PDBe_ligand_sites	200
Q8IVF2	PDBe_ligand_sites	200
Q8NBD8	PDBe_ligand_sites	404
Q6ZVK1	PDBe_ligand_sites	404
P51810	PDBe_ligand_sites	404
Q6UW01	PDBe_ligand_sites	404
A8K7I4	PDBe_ligand_sites	200
Q8NDX2	PDBe_ligand_sites	404
Q9UQC9	PDBe_ligand_sites	404
Q8IXX5	PDBe_ligand_sites	404
Q14CN2	PDBe_ligand_sites	404
Q9NUM3	PDBe_ligand_sites	404
Q9NX78	PDBe_ligand_sites	200
Q9NVL8	PDBe_ligand_sites	404
P35523	PDBe_ligand_sites	200
O75077	PDBe_ligand_sites	404
P51788	PDBe_ligand_sites	200
Q7Z3S7	PDBe_ligand_sites	404
P51790	PDBe_ligand_sites	200
P51795	PDBe_ligand_sites	200
Q9BUF7	PDBe_ligand_sites	404
Q9H6D8	PDBe_ligand_sites	404
Q8NAU1	PDBe_ligand_sites	404
Q8TAV3	PDBe_ligand_sites	404
P51798	PDBe_ligand_sites	200
P51800	PDBe_ligand_sites	200
P51801	PDBe_ligand_sites	404
O94991	PDBe_ligand_sites	404
Q96PX8	PDBe_ligand_sites	200
Q8IZD6	PDBe_ligand_sites	404
Q86VW1	PDBe_ligand_sites	404
Q8IWU4	PDBe_ligand_sites	200
Q8N130	PDBe_ligand_sites	404
Q86WI1	PDBe_ligand_sites	404
O95832	PDBe_ligand_sites	404
Q6UWJ1	PDBe_ligand_sites	404
P78369	PDBe_ligand_sites	404
P56749	PDBe_ligand_sites	404
O95500	PDBe_ligand_sites	404
P56746	PDBe_ligand_sites	404
Q96NI6	PDBe_ligand_sites	200
Q6UWI4	PDBe_ligand_sites	404
Q9Y5I7	PDBe_ligand_sites	404
Q8N6K0	PDBe_ligand_sites	404
Q8NBK3	PDBe_ligand_sites	200
P56750	PDBe_ligand_sites	404
Q9BQ08	PDBe_ligand_sites	404
P56856	PDBe_ligand_sites	404
Q8IWU6	PDBe_ligand_sites	404
Q8IWU5	PDBe_ligand_sites	404
Q9UKJ1	PDBe_ligand_sites	200
Q8N6F1	PDBe_ligand_sites	404
P57739	PDBe_ligand_sites	404
P56880	PDBe_ligand_sites	404
Q8N448	PDBe_ligand_sites	200
Q86YW5	PDBe_ligand_sites	404
Q8N7P3	PDBe_ligand_sites	404
Q96FQ6	PDBe_ligand_sites	200
O15551	PDBe_ligand_sites	404
Q9H2R5	PDBe_ligand_sites	404
O14493	PDBe_ligand_sites	200
O00501	PDBe_ligand_sites	404
Q8TCV5	PDBe_ligand_sites	404
Q8NEX6	PDBe_ligand_sites	404
P56747	PDBe_ligand_sites	404
Q8NBM4	PDBe_ligand_sites	404
O95471	PDBe_ligand_sites	404
P56748	PDBe_ligand_sites	404
Q9H7T0	PDBe_ligand_sites	404
Q6ZMH5	PDBe_ligand_sites	200
O95484	PDBe_ligand_sites	404
O75596	PDBe_ligand_sites	404
Q92478	PDBe_ligand_sites	404
Q9NY25	PDBe_ligand_sites	404
Q86TB3	PDBe_ligand_sites	404
Q7L0J3	PDBe_ligand_sites	200
Q96QZ0	PDBe_ligand_sites	200
Q86W10	PDBe_ligand_sites	404
Q9UHF1	PDBe_ligand_sites	404
Q8WWU7	PDBe_ligand_sites	404
Q9UKQ2	PDBe_ligand_sites	404
Q6PIS1	PDBe_ligand_sites	404
Q71RS6	PDBe_ligand_sites	404
O00299	PDBe_ligand_sites	200
O15247	PDBe_ligand_sites	200
P59551	PDBe_ligand_sites	404
O95833	PDBe_ligand_sites	200
Q96NY7	PDBe_ligand_sites	404
Q8NCC5	PDBe_ligand_sites	404
Q96J42	PDBe_ligand_sites	404
Q8NC54	PDBe_ligand_sites	404
O60635	PDBe_ligand_sites	404
O60636	PDBe_ligand_sites	404
Q96SJ8	PDBe_ligand_sites	404
Q9NY72	PDBe_ligand_sites	200
P60153	PDBe_ligand_sites	404
Q6X784	PDBe_ligand_sites	404
A1A5B4	PDBe_ligand_sites	404
Q8N271	PDBe_ligand_sites	404
P58417	PDBe_ligand_sites	404
Q9UKF5	PDBe_ligand_sites	404
Q96PE5	PDBe_ligand_sites	404
Q96IU2	PDBe_ligand_sites	404
Q9Y2E8	PDBe_ligand_sites	404
O14773	PDBe_ligand_sites	200
Q9HAV0	PDBe_ligand_sites	404
Q13286	PDBe_ligand_sites	404
Q5W0Z9	PDBe_ligand_sites	200
Q9HCX4	PDBe_ligand_sites	404
O75503	PDBe_ligand_sites	404
Q6UX68	PDBe_ligand_sites	404
Q6PJF5	PDBe_ligand_sites	404
Q8NCR9	PDBe_ligand_sites	404
Q53TN4	PDBe_ligand_sites	200
Q9UKF2	PDBe_ligand_sites	404
P54105	PDBe_ligand_sites	404
Q8TF66	PDBe_ligand_sites	404
Q86XQ3	PDBe_ligand_sites	404
Q8NHX9	PDBe_ligand_sites	200
Q9HBW9	PDBe_ligand_sites	404
Q8N608	PDBe_ligand_sites	200
Q86WK6	PDBe_ligand_sites	404
Q86V35	PDBe_ligand_sites	200
Q8NFN8	PDBe_ligand_sites	200
Q15043	PDBe_ligand_sites	404
Q96H72	PDBe_ligand_sites	404
Q504Y0	PDBe_ligand_sites	404
Q9ULF5	PDBe_ligand_sites	404
Q9C0K1	PDBe_ligand_sites	404
Q9BXY4	PDBe_ligand_sites	404
Q969V1	PDBe_ligand_sites	404
O95393	PDBe_ligand_sites	200
O96005	PDBe_ligand_sites	404
O94898	PDBe_ligand_sites	404
Q5GH70	PDBe_ligand_sites	404
Q8IUK5	PDBe_ligand_sites	404
P10909	PDBe_ligand_sites	200
O75167	PDBe_ligand_sites	404
Q9P2C4	PDBe_ligand_sites	404
Q15846	PDBe_ligand_sites	404
Q6P5S2	PDBe_ligand_sites	404
P23946	PDBe_ligand_sites	200
O94910	PDBe_ligand_sites	404
Q9HAR2	PDBe_ligand_sites	200
Q96RI9	PDBe_ligand_sites	404
Q96RI8	PDBe_ligand_sites	404
Q6UXK5	PDBe_ligand_sites	404
Q6ZMQ8	PDBe_ligand_sites	404
Q8IVL8	PDBe_ligand_sites	200
Q6UX71	PDBe_ligand_sites	404
Q9H6X2	PDBe_ligand_sites	200
Q8N392	PDBe_ligand_sites	404
Q96E22	PDBe_ligand_sites	200
Q9BZ71	PDBe_ligand_sites	404
Q9BZ72	PDBe_ligand_sites	404
Q5TF39	PDBe_ligand_sites	404
Q6UVY6	PDBe_ligand_sites	404
Q7Z6P3	PDBe_ligand_sites	404
Q6PHW0	PDBe_ligand_sites	200
Q9NU53	PDBe_ligand_sites	404
Q86VY9	PDBe_ligand_sites	404
Q7Z6A9	PDBe_ligand_sites	200
Q5T2D2	PDBe_ligand_sites	404
Q5JW98	PDBe_ligand_sites	404
Q9NXC2	PDBe_ligand_sites	200
O60888	PDBe_ligand_sites	200
A1A5C7	PDBe_ligand_sites	404
Q6UY11	PDBe_ligand_sites	404
Q6UWU4	PDBe_ligand_sites	404
Q8TEB7	PDBe_ligand_sites	200
Q4ZHG4	PDBe_ligand_sites	404
Q8IV45	PDBe_ligand_sites	404
Q96FE5	PDBe_ligand_sites	200
P0C6S8	PDBe_ligand_sites	404
Q7L985	PDBe_ligand_sites	404
Q99788	PDBe_ligand_sites	200
Q96IZ2	PDBe_ligand_sites	404
Q8TF01	PDBe_ligand_sites	404
Q9ULH4	PDBe_ligand_sites	404
Q96G30	PDBe_ligand_sites	404
Q8N7C4	PDBe_ligand_sites	404
Q9P0B6	PDBe_ligand_sites	404
Q6UXB8	PDBe_ligand_sites	404
Q7Z4R8	PDBe_ligand_sites	404
Q6UWE3	PDBe_ligand_sites	404
Q8TAF8	PDBe_ligand_sites	404
Q5TGU0	PDBe_ligand_sites	404
Q96FT7	PDBe_ligand_sites	404
Q9NZP8	PDBe_ligand_sites	404
Q8IZ07	PDBe_ligand_sites	404
Q6ISU1	PDBe_ligand_sites	200
Q8TE68	PDBe_ligand_sites	404
Q8TE67	PDBe_ligand_sites	404
Q86SJ6	PDBe_ligand_sites	404
Q8IW70	PDBe_ligand_sites	404
Q8WWR8	PDBe_ligand_sites	404
Q86UN2	PDBe_ligand_sites	404
Q9NTX7	PDBe_ligand_sites	200
Q6ZW05	PDBe_ligand_sites	404
Q5VWP3	PDBe_ligand_sites	404
Q5TGL8	PDBe_ligand_sites	404
Q8N884	PDBe_ligand_sites	200
Q5TC84	PDBe_ligand_sites	404
Q8N475	PDBe_ligand_sites	404
Q8N3Z0	PDBe_ligand_sites	404
Q6MZW2	PDBe_ligand_sites	404
Q9P0V8	PDBe_ligand_sites	404
Q96DU3	PDBe_ligand_sites	200
Q9NQ25	PDBe_ligand_sites	404
Q9BV23	PDBe_ligand_sites	200
Q9H2U9	PDBe_ligand_sites	404
Q9BRQ8	PDBe_ligand_sites	200
Q92485	PDBe_ligand_sites	404
A6NDV4	PDBe_ligand_sites	404
Q9BT76	PDBe_ligand_sites	404
Q96S86	PDBe_ligand_sites	404
Q9HBD1	PDBe_ligand_sites	200
Q8N8Z6	PDBe_ligand_sites	404
P29973	PDBe_ligand_sites	200
Q8TC41	PDBe_ligand_sites	404
Q16280	PDBe_ligand_sites	200
P78325	PDBe_ligand_sites	200
Q16281	PDBe_ligand_sites	200
Q14028	PDBe_ligand_sites	200
Q8IV77	PDBe_ligand_sites	200
Q9HD45	PDBe_ligand_sites	404
Q9NQW8	PDBe_ligand_sites	200
Q8N5C1	PDBe_ligand_sites	200
Q5VVB8	PDBe_ligand_sites	404
Q6NT16	PDBe_ligand_sites	200
Q5VV43	PDBe_ligand_sites	404
P21554	PDBe_ligand_sites	200
Q13443	PDBe_ligand_sites	404
P34972	PDBe_ligand_sites	200
Q9NVV5	PDBe_ligand_sites	404
Q5XXA6	PDBe_ligand_sites	404
O75954	PDBe_ligand_sites	404
O95859	PDBe_ligand_sites	404
O95857	PDBe_ligand_sites	404
Q7Z5Y6	PDBe_ligand_sites	404
Q86WC4	PDBe_ligand_sites	200
Q86SG5	PDBe_ligand_sites	200
Q5SSG8	PDBe_ligand_sites	404
Q3MIW9	PDBe_ligand_sites	404
Q96SN7	PDBe_ligand_sites	404
Q6IQ20	PDBe_ligand_sites	200
Q6YHK3	PDBe_ligand_sites	200
O00584	PDBe_ligand_sites	200
Q9BXJ8	PDBe_ligand_sites	200
Q9UHI8	PDBe_ligand_sites	200
P26992	PDBe_ligand_sites	200
Q9BU79	PDBe_ligand_sites	404
Q9BVT8	PDBe_ligand_sites	404
Q12860	PDBe_ligand_sites	200
Q7Z442	PDBe_ligand_sites	404
Q7Z443	PDBe_ligand_sites	404
Q96CH1	PDBe_ligand_sites	404
Q02246	PDBe_ligand_sites	200
Q8NHE4	PDBe_ligand_sites	404
Q9P232	PDBe_ligand_sites	404
P58335	PDBe_ligand_sites	200
Q8IWV2	PDBe_ligand_sites	404
O94779	PDBe_ligand_sites	200
Q96L11	PDBe_ligand_sites	404
Q9UQ52	PDBe_ligand_sites	404
Q5W064	PDBe_ligand_sites	404
Q9NV12	PDBe_ligand_sites	404
Q8N2E2	PDBe_ligand_sites	404
O15072	PDBe_ligand_sites	404
Q5TAT6	PDBe_ligand_sites	404
Q687X5	PDBe_ligand_sites	200
Q9UMD9	PDBe_ligand_sites	404
A8MWY0	PDBe_ligand_sites	404
P39060	PDBe_ligand_sites	200
P0C7M8	PDBe_ligand_sites	404
Q8N8F7	PDBe_ligand_sites	404
Q8IV31	PDBe_ligand_sites	404
Q9UNA0	PDBe_ligand_sites	200
P12110	PDBe_ligand_sites	200
P12111	PDBe_ligand_sites	200
Q8IZ16	PDBe_ligand_sites	404
Q02388	PDBe_ligand_sites	404
Q2M3M2	PDBe_ligand_sites	404
Q9UKP5	PDBe_ligand_sites	404
Q9Y6Z7	PDBe_ligand_sites	404
Q7L0X0	PDBe_ligand_sites	404
Q9Y4C2	PDBe_ligand_sites	404
Q9UPZ6	PDBe_ligand_sites	404
A0FGR8	PDBe_ligand_sites	200
Q9C0H2	PDBe_ligand_sites	200
Q7L9B9	PDBe_ligand_sites	200
Q96JN2	PDBe_ligand_sites	404
Q9Y215	PDBe_ligand_sites	404
Q9UKP4	PDBe_ligand_sites	404
Q8NHG8	PDBe_ligand_sites	404
Q6ZWB6	PDBe_ligand_sites	404
Q96EE4	PDBe_ligand_sites	404
Q9UP79	PDBe_ligand_sites	404
Q9NUM4	PDBe_ligand_sites	200
Q7Z3C6	PDBe_ligand_sites	200
Q9BRJ6	PDBe_ligand_sites	404
Q16206	PDBe_ligand_sites	404
P00450	PDBe_ligand_sites	200
Q7Z3F1	PDBe_ligand_sites	200
Q9BYZ8	PDBe_ligand_sites	404
P09131	PDBe_ligand_sites	404
Q96EP9	PDBe_ligand_sites	404
Q5PT55	PDBe_ligand_sites	404
Q9BWV2	PDBe_ligand_sites	404
Q86Y22	PDBe_ligand_sites	404
Q7Z5M5	PDBe_ligand_sites	404
Q8N8U3	PDBe_ligand_sites	404
Q7Z404	PDBe_ligand_sites	404
Q6UXY8	PDBe_ligand_sites	404
Q7Z402	PDBe_ligand_sites	404
O75976	PDBe_ligand_sites	200
Q96MK3	PDBe_ligand_sites	200
Q6UE05	PDBe_ligand_sites	404
Q9H4A9	PDBe_ligand_sites	404
Q9H4B8	PDBe_ligand_sites	404
P16870	PDBe_ligand_sites	404
Q6P9H4	PDBe_ligand_sites	404
Q9NUN5	PDBe_ligand_sites	200
Q9NS93	PDBe_ligand_sites	404
Q86UN3	PDBe_ligand_sites	404
Q96GW7	PDBe_ligand_sites	404
Q5GH72	PDBe_ligand_sites	404
Q8N370	PDBe_ligand_sites	200
Q0GE19	PDBe_ligand_sites	404
Q86YT5	PDBe_ligand_sites	200
Q8N697	PDBe_ligand_sites	200
Q8WWX8	PDBe_ligand_sites	404
Q8TCU3	PDBe_ligand_sites	404
Q8NCK7	PDBe_ligand_sites	404
Q6ZSM3	PDBe_ligand_sites	404
Q8WUG5	PDBe_ligand_sites	404
Q9BZD2	PDBe_ligand_sites	404
Q7RTT9	PDBe_ligand_sites	404
Q6V0I7	PDBe_ligand_sites	200
P14384	PDBe_ligand_sites	200
Q6V1P9	PDBe_ligand_sites	404
Q8TDW7	PDBe_ligand_sites	404
Q6UWF7	PDBe_ligand_sites	404
P22792	PDBe_ligand_sites	404
Q8NC42	PDBe_ligand_sites	404
Q9ULK6	PDBe_ligand_sites	404
Q8NB59	PDBe_ligand_sites	404
Q86WK9	PDBe_ligand_sites	404
A0PJK1	PDBe_ligand_sites	404
Q7Z5L7	PDBe_ligand_sites	404
Q08828	PDBe_ligand_sites	404
Q9UBL6	PDBe_ligand_sites	404
Q8IZU9	PDBe_ligand_sites	404
Q9NS71	PDBe_ligand_sites	404
Q58DX5	PDBe_ligand_sites	404
Q7RTX7	PDBe_ligand_sites	404
Q7Z6I5	PDBe_ligand_sites	404
Q8IZJ3	PDBe_ligand_sites	404
Q96SA4	PDBe_ligand_sites	404
Q6S9Z5	PDBe_ligand_sites	404
Q8N307	PDBe_ligand_sites	404
Q96KN9	PDBe_ligand_sites	200
O95858	PDBe_ligand_sites	200
Q08462	PDBe_ligand_sites	404
Q8NG11	PDBe_ligand_sites	404
Q96NZ9	PDBe_ligand_sites	404
Q9Y2I2	PDBe_ligand_sites	200
Q66K79	PDBe_ligand_sites	404
Q5VT79	PDBe_ligand_sites	404
A8K2U0	PDBe_ligand_sites	200
P17927	PDBe_ligand_sites	404
Q2VPA4	PDBe_ligand_sites	404
P20023	PDBe_ligand_sites	200
Q96GX8	PDBe_ligand_sites	404
Q96MC6	PDBe_ligand_sites	404
Q14C86	PDBe_ligand_sites	404
Q5SR56	PDBe_ligand_sites	404
Q9H756	PDBe_ligand_sites	404
O60266	PDBe_ligand_sites	404
Q9P2V4	PDBe_ligand_sites	404
Q6UWR7	PDBe_ligand_sites	404
Q969X1	PDBe_ligand_sites	404
Q8N8K9	PDBe_ligand_sites	404
P82279	PDBe_ligand_sites	200
A6NDA9	PDBe_ligand_sites	404
Q5VYY2	PDBe_ligand_sites	404
P0C7U1	PDBe_ligand_sites	404
Q86XJ0	PDBe_ligand_sites	404
O43889	PDBe_ligand_sites	404
A6NFZ4	PDBe_ligand_sites	404
Q5W0B7	PDBe_ligand_sites	404
Q8N5W8	PDBe_ligand_sites	404
Q9HA72	PDBe_ligand_sites	200
Q8IU99	PDBe_ligand_sites	200
Q7Z2D5	PDBe_ligand_sites	404
Q6T4P5	PDBe_ligand_sites	404
Q8NFM4	PDBe_ligand_sites	404
O94933	PDBe_ligand_sites	404
Q8IW52	PDBe_ligand_sites	404
Q9H5Y7	PDBe_ligand_sites	404
O75629	PDBe_ligand_sites	404
Q9NX94	PDBe_ligand_sites	404
Q7RTY1	PDBe_ligand_sites	404
Q5VUB5	PDBe_ligand_sites	404
Q5VZY2	PDBe_ligand_sites	404
Q9UQQ1	PDBe_ligand_sites	200
P34998	PDBe_ligand_sites	200
Q53SF7	PDBe_ligand_sites	404
Q13324	PDBe_ligand_sites	200
Q9NZV1	PDBe_ligand_sites	404
O95622	PDBe_ligand_sites	200
Q9BXI6	PDBe_ligand_sites	404
Q6ZQN7	PDBe_ligand_sites	404
Q86UG4	PDBe_ligand_sites	404
Q8IXU6	PDBe_ligand_sites	404
Q6NV75	PDBe_ligand_sites	404
Q9H665	PDBe_ligand_sites	404
Q7L4E1	PDBe_ligand_sites	404
Q8TDT2	PDBe_ligand_sites	404
Q8TDV2	PDBe_ligand_sites	404
Q8TDV0	PDBe_ligand_sites	404
Q86SP6	PDBe_ligand_sites	404
Q8NGU9	PDBe_ligand_sites	404
Q6W5P4	PDBe_ligand_sites	404
Q9HBL7	PDBe_ligand_sites	404
O75462	PDBe_ligand_sites	200
Q9BY15	PDBe_ligand_sites	404
Q5TYW2	PDBe_ligand_sites	404
Q7Z304	PDBe_ligand_sites	404
Q5UAW9	PDBe_ligand_sites	404
Q5T848	PDBe_ligand_sites	200
Q8TAX9	PDBe_ligand_sites	200
P25106	PDBe_ligand_sites	200
Q9UJ42	PDBe_ligand_sites	404
Q8N6U8	PDBe_ligand_sites	200
O43306	PDBe_ligand_sites	404
Q5T4B2	PDBe_ligand_sites	404
O60269	PDBe_ligand_sites	404
Q9H6B9	PDBe_ligand_sites	404
Q6UWV6	PDBe_ligand_sites	200
Q9P1W3	PDBe_ligand_sites	404
Q96BZ4	PDBe_ligand_sites	200
P51828	PDBe_ligand_sites	404
P10915	PDBe_ligand_sites	404
O60292	PDBe_ligand_sites	404
Q9BQI4	PDBe_ligand_sites	404
Q86YR6	PDBe_ligand_sites	404
Q32M45	PDBe_ligand_sites	404
P02511	PDBe_ligand_sites	200
P40145	PDBe_ligand_sites	404
O60503	PDBe_ligand_sites	404
Q8WXA8	PDBe_ligand_sites	404
Q70Z44	PDBe_ligand_sites	404
A5X5Y0	PDBe_ligand_sites	404
Q8TDG2	PDBe_ligand_sites	404
P58166	PDBe_ligand_sites	404
Q9H6B4	PDBe_ligand_sites	404
Q96A54	PDBe_ligand_sites	200
Q86V24	PDBe_ligand_sites	200
Q96L15	PDBe_ligand_sites	404
O60235	PDBe_ligand_sites	200
Q86SJ2	PDBe_ligand_sites	404
Q86WK7	PDBe_ligand_sites	404
O43827	PDBe_ligand_sites	404
Q6UXC1	PDBe_ligand_sites	404
Q2M3G4	PDBe_ligand_sites	404
Q0VD83	PDBe_ligand_sites	404
Q6UW56	PDBe_ligand_sites	404
Q96HD9	PDBe_ligand_sites	404
Q96FJ0	PDBe_ligand_sites	200
Q9H7F0	PDBe_ligand_sites	404
A2A2Y4	PDBe_ligand_sites	404
Q9BX73	PDBe_ligand_sites	404
Q9BRN9	PDBe_ligand_sites	404
Q8NHY0	PDBe_ligand_sites	404
Q9BX74	PDBe_ligand_sites	404
Q969K7	PDBe_ligand_sites	404
Q8N8U9	PDBe_ligand_sites	404
Q96KN1	PDBe_ligand_sites	404
Q8TD06	PDBe_ligand_sites	404
Q6UXG8	PDBe_ligand_sites	404
Q7Z5L3	PDBe_ligand_sites	404
O75973	PDBe_ligand_sites	404
Q6UVW9	PDBe_ligand_sites	200
P41586	PDBe_ligand_sites	200
Q9NS64	PDBe_ligand_sites	404
Q5GAN4	PDBe_ligand_sites	404
Q9HD20	PDBe_ligand_sites	404
Q17RY6	PDBe_ligand_sites	404
Q9ULG6	PDBe_ligand_sites	404
Q8TD46	PDBe_ligand_sites	200
Q4ZJI4	PDBe_ligand_sites	404
Q9Y3B3	PDBe_ligand_sites	404
Q8NBJ9	PDBe_ligand_sites	200
A0FGR9	PDBe_ligand_sites	404
Q5SWX8	PDBe_ligand_sites	404
Q96N19	PDBe_ligand_sites	404
Q96KA5	PDBe_ligand_sites	404
O95727	PDBe_ligand_sites	200
Q9P298	PDBe_ligand_sites	404
P09603	PDBe_ligand_sites	200
P07333	PDBe_ligand_sites	200
Q5VYJ5	PDBe_ligand_sites	404
Q8IYJ1	PDBe_ligand_sites	404
P15509	PDBe_ligand_sites	200
Q8NC01	PDBe_ligand_sites	404
Q9P126	PDBe_ligand_sites	200
Q9H5V8	PDBe_ligand_sites	404
P32927	PDBe_ligand_sites	200
Q99062	PDBe_ligand_sites	200
P35612	PDBe_ligand_sites	404
Q6P093	PDBe_ligand_sites	404
Q9NRR1	PDBe_ligand_sites	404
Q8N2G8	PDBe_ligand_sites	404
Q8NFT8	PDBe_ligand_sites	404
Q8IZS7	PDBe_ligand_sites	404
Q9UL52	PDBe_ligand_sites	200
Q6UWY5	PDBe_ligand_sites	404
Q5VZI3	PDBe_ligand_sites	404
Q6NUS6	PDBe_ligand_sites	404
Q8NBN3	PDBe_ligand_sites	200
Q9Y2Y6	PDBe_ligand_sites	404
Q6UWI2	PDBe_ligand_sites	404
Q9BVM2	PDBe_ligand_sites	404
Q9H6Y7	PDBe_ligand_sites	404
Q6IAN0	PDBe_ligand_sites	404
P78368	PDBe_ligand_sites	200
Q6UXH9	PDBe_ligand_sites	404
Q68BL8	PDBe_ligand_sites	404
Q96Q77	PDBe_ligand_sites	200
Q5RIA9	PDBe_ligand_sites	404
Q6UXB4	PDBe_ligand_sites	404
Q658P3	PDBe_ligand_sites	200
Q86YC3	PDBe_ligand_sites	200
Q96PD2	PDBe_ligand_sites	404
Q7RTY5	PDBe_ligand_sites	404
Q9H1Z8	PDBe_ligand_sites	404
P58062	PDBe_ligand_sites	404
Q6UVK1	PDBe_ligand_sites	404
Q8WXA2	PDBe_ligand_sites	404
Q6Q8B3	PDBe_ligand_sites	404
Q9BXR6	PDBe_ligand_sites	404
O95196	PDBe_ligand_sites	404
Q86TG1	PDBe_ligand_sites	404
Q9UQE7	PDBe_ligand_sites	200
Q9Y5Y0	PDBe_ligand_sites	200
Q8WWV6	PDBe_ligand_sites	404
Q6ZSS7	PDBe_ligand_sites	200
Q96JJ7	PDBe_ligand_sites	404
Q17RQ9	PDBe_ligand_sites	404
Q8NAN2	PDBe_ligand_sites	200
Q6ZV70	PDBe_ligand_sites	404
Q3KNS1	PDBe_ligand_sites	404
A4D1S0	PDBe_ligand_sites	404
Q3SXY7	PDBe_ligand_sites	404
O76096	PDBe_ligand_sites	200
Q9NRQ5	PDBe_ligand_sites	404
Q15884	PDBe_ligand_sites	404
Q8TDS4	PDBe_ligand_sites	200
Q96AM1	PDBe_ligand_sites	404
Q86SM5	PDBe_ligand_sites	404
Q7Z2K8	PDBe_ligand_sites	404
Q6ZVL6	PDBe_ligand_sites	404
Q9UK00	PDBe_ligand_sites	404
Q6UWT2	PDBe_ligand_sites	404
Q3B8N2	PDBe_ligand_sites	404
Q6W3E5	PDBe_ligand_sites	404
A6NMB1	PDBe_ligand_sites	404
O95210	PDBe_ligand_sites	200
Q5MY95	PDBe_ligand_sites	404
Q6UY09	PDBe_ligand_sites	404
O95274	PDBe_ligand_sites	200
Q9NSD7	PDBe_ligand_sites	200
Q8TDS5	PDBe_ligand_sites	404
Q49AH0	PDBe_ligand_sites	200
O43745	PDBe_ligand_sites	200
Q96HP8	PDBe_ligand_sites	404
Q6UXH0	PDBe_ligand_sites	404
Q96FE7	PDBe_ligand_sites	404
Q8TBP5	PDBe_ligand_sites	404
Q8IV16	PDBe_ligand_sites	200
Q6UWP8	PDBe_ligand_sites	404
Q9Y328	PDBe_ligand_sites	404
P29279	PDBe_ligand_sites	404
Q9HBL6	PDBe_ligand_sites	404
Q8NEB5	PDBe_ligand_sites	404
Q8WW52	PDBe_ligand_sites	404
Q9NT99	PDBe_ligand_sites	404
P16410	PDBe_ligand_sites	200
Q8NBI3	PDBe_ligand_sites	404
Q7Z7H3	PDBe_ligand_sites	404
Q6E0U4	PDBe_ligand_sites	404
Q8TDW0	PDBe_ligand_sites	404
Q8NCL8	PDBe_ligand_sites	404
P35221	PDBe_ligand_sites	200
Q8NBR0	PDBe_ligand_sites	404
Q2T9K0	PDBe_ligand_sites	404
Q504Y2	PDBe_ligand_sites	404
Q96HH4	PDBe_ligand_sites	404
Q96H15	PDBe_ligand_sites	200
P35222	PDBe_ligand_sites	200
Q86UD5	PDBe_ligand_sites	200
O60716	PDBe_ligand_sites	200
Q96ES6	PDBe_ligand_sites	404
A0PJX4	PDBe_ligand_sites	404
Q96DZ7	PDBe_ligand_sites	404
Q96CT7	PDBe_ligand_sites	404
P0C091	PDBe_ligand_sites	404
Q96CP7	PDBe_ligand_sites	404
Q96CM4	PDBe_ligand_sites	404
O60931	PDBe_ligand_sites	200
Q96CE8	PDBe_ligand_sites	404
Q5SV17	PDBe_ligand_sites	404
Q86XT9	PDBe_ligand_sites	404
Q6PI78	PDBe_ligand_sites	404
Q8WTR8	PDBe_ligand_sites	404
Q6ZR62	PDBe_ligand_sites	404
Q6UXB3	PDBe_ligand_sites	404
Q6P499	PDBe_ligand_sites	404
Q9H1E5	PDBe_ligand_sites	404
Q4KMQ2	PDBe_ligand_sites	404
P69849	PDBe_ligand_sites	404
Q6ZRH7	PDBe_ligand_sites	404
Q9H0B8	PDBe_ligand_sites	404
Q8IYS0	PDBe_ligand_sites	200
A6NM62	PDBe_ligand_sites	404
Q96LR9	PDBe_ligand_sites	404
P07858	PDBe_ligand_sites	200
Q5GAN3	PDBe_ligand_sites	404
Q68DH5	PDBe_ligand_sites	404
P07339	PDBe_ligand_sites	200
P14091	PDBe_ligand_sites	404
Q6NSX1	PDBe_ligand_sites	404
Q9H0C3	PDBe_ligand_sites	404
P08311	PDBe_ligand_sites	200
Q6ZU64	PDBe_ligand_sites	404
Q8IYJ0	PDBe_ligand_sites	404
Q6ZWK4	PDBe_ligand_sites	404
P09668	PDBe_ligand_sites	200
Q6XR72	PDBe_ligand_sites	200
Q8N1N0	PDBe_ligand_sites	404
P43235	PDBe_ligand_sites	200
Q9H0R3	PDBe_ligand_sites	404
P07711	PDBe_ligand_sites	200
Q8TC26	PDBe_ligand_sites	404
Q5SZK8	PDBe_ligand_sites	404
Q86T26	PDBe_ligand_sites	404
Q8TCP9	PDBe_ligand_sites	404
Q6UWL2	PDBe_ligand_sites	404
Q8N3G9	PDBe_ligand_sites	404
Q8N468	PDBe_ligand_sites	404
Q8N3T6	PDBe_ligand_sites	404
Q8N394	PDBe_ligand_sites	404
Q8N3F9	PDBe_ligand_sites	404
Q69YI7	PDBe_ligand_sites	404
P25774	PDBe_ligand_sites	200
O43934	PDBe_ligand_sites	404
Q5JUQ0	PDBe_ligand_sites	404
Q9UBR2	PDBe_ligand_sites	404
Q5VX71	PDBe_ligand_sites	404
Q8TC92	PDBe_ligand_sites	404
Q9NWD8	PDBe_ligand_sites	404
Q8N565	PDBe_ligand_sites	404
O60494	PDBe_ligand_sites	200
Q9NWC5	PDBe_ligand_sites	200
Q9H8J5	PDBe_ligand_sites	404
Q9H6D3	PDBe_ligand_sites	200
Q9NW15	PDBe_ligand_sites	200
Q9BTX1	PDBe_ligand_sites	404
P0DP57	PDBe_ligand_sites	404
Q9NVM1	PDBe_ligand_sites	404
P49238	PDBe_ligand_sites	200
Q9NVC3	PDBe_ligand_sites	404
Q9NVA4	PDBe_ligand_sites	404
Q96FL8	PDBe_ligand_sites	200
P78310	PDBe_ligand_sites	200
Q86WR0	PDBe_ligand_sites	404
Q9H813	PDBe_ligand_sites	200
Q96AE7	PDBe_ligand_sites	404
Q86YJ6	PDBe_ligand_sites	404
Q8WVR3	PDBe_ligand_sites	404
Q9NV29	PDBe_ligand_sites	404
P61073	PDBe_ligand_sites	200
Q8IY42	PDBe_ligand_sites	404
Q8WWA1	PDBe_ligand_sites	404
Q9BRF8	PDBe_ligand_sites	404
Q5VYX0	PDBe_ligand_sites	200
Q8N682	PDBe_ligand_sites	404
O15255	PDBe_ligand_sites	404
P57764	PDBe_ligand_sites	200
P49447	PDBe_ligand_sites	404
Q4KMZ8	PDBe_ligand_sites	404
P13498	PDBe_ligand_sites	200
Q6P1M9	PDBe_ligand_sites	404
Q96GX1	PDBe_ligand_sites	404
P04839	PDBe_ligand_sites	200
Q8N4W6	PDBe_ligand_sites	404
Q8TBM7	PDBe_ligand_sites	404
Q9H8M9	PDBe_ligand_sites	404
Q5VT97	PDBe_ligand_sites	404
Q6UWX4	PDBe_ligand_sites	404
Q9H841	PDBe_ligand_sites	404
Q9H7Y0	PDBe_ligand_sites	404
Q86YD3	PDBe_ligand_sites	404
Q96D31	PDBe_ligand_sites	200
Q8NA29	PDBe_ligand_sites	404
Q8N4X5	PDBe_ligand_sites	404
Q8NBU5	PDBe_ligand_sites	200
Q96EX2	PDBe_ligand_sites	404
Q96K49	PDBe_ligand_sites	404
Q5U5X8	PDBe_ligand_sites	404
Q8NCJ5	PDBe_ligand_sites	404
Q8N539	PDBe_ligand_sites	200
P11511	PDBe_ligand_sites	200
Q9NXU5	PDBe_ligand_sites	404
Q9NXL6	PDBe_ligand_sites	200
Q9HCC8	PDBe_ligand_sites	404
Q8NE00	PDBe_ligand_sites	404
Q8TBJ4	PDBe_ligand_sites	404
Q6ZP29	PDBe_ligand_sites	404
Q8IWV1	PDBe_ligand_sites	404
Q9H400	PDBe_ligand_sites	404
Q9NX61	PDBe_ligand_sites	404
Q6P1K1	PDBe_ligand_sites	404
A1E959	PDBe_ligand_sites	404
Q96HA4	PDBe_ligand_sites	404
Q9BVV8	PDBe_ligand_sites	404
Q8N0Z9	PDBe_ligand_sites	404
Q5JRV8	PDBe_ligand_sites	404
Q2MV58	PDBe_ligand_sites	404
Q6UX41	PDBe_ligand_sites	404
Q0VDI3	PDBe_ligand_sites	404
Q9H6X4	PDBe_ligand_sites	404
Q6J4K2	PDBe_ligand_sites	404
Q6UXD7	PDBe_ligand_sites	404
Q6DN14	PDBe_ligand_sites	404
Q14CX5	PDBe_ligand_sites	404
P30542	PDBe_ligand_sites	200
Q6P4A8	PDBe_ligand_sites	404
Q5U3C3	PDBe_ligand_sites	200
Q9H607	PDBe_ligand_sites	404
Q53R12	PDBe_ligand_sites	404
P10635	PDBe_ligand_sites	200
Q5BVD1	PDBe_ligand_sites	404
Q8TB73	PDBe_ligand_sites	404
Q8WWF1	PDBe_ligand_sites	404
Q8N614	PDBe_ligand_sites	404
Q0P6H9	PDBe_ligand_sites	404
Q9H5I5	PDBe_ligand_sites	404
Q6NSJ5	PDBe_ligand_sites	404
Q6ZN84	PDBe_ligand_sites	404
Q5FYB0	PDBe_ligand_sites	404
P29274	PDBe_ligand_sites	200
Q17RF5	PDBe_ligand_sites	404
Q8WVB3	PDBe_ligand_sites	404
Q6ZTQ4	PDBe_ligand_sites	200
P05181	PDBe_ligand_sites	200
Q8N283	PDBe_ligand_sites	404
Q96DL1	PDBe_ligand_sites	404
Q6PEW0	PDBe_ligand_sites	404
A1KZ92	PDBe_ligand_sites	404
Q14CZ8	PDBe_ligand_sites	200
Q86YJ7	PDBe_ligand_sites	404
Q17R55	PDBe_ligand_sites	404
Q8N0W7	PDBe_ligand_sites	404
Q2VWP7	PDBe_ligand_sites	404
Q6WRI0	PDBe_ligand_sites	404
Q6ZP80	PDBe_ligand_sites	404
Q96NR3	PDBe_ligand_sites	404
Q6UWN5	PDBe_ligand_sites	404
P29275	PDBe_ligand_sites	200
Q8N4S9	PDBe_ligand_sites	404
Q52LD8	PDBe_ligand_sites	404
Q96NL1	PDBe_ligand_sites	404
Q9Y6A2	PDBe_ligand_sites	200
Q7RTX9	PDBe_ligand_sites	404
Q6BAA4	PDBe_ligand_sites	404
Q4KMG9	PDBe_ligand_sites	404
Q86VL8	PDBe_ligand_sites	404
Q96N87	PDBe_ligand_sites	404
Q8IW00	PDBe_ligand_sites	404
Q6PJW8	PDBe_ligand_sites	404
A6PVL3	PDBe_ligand_sites	404
Q6P9G4	PDBe_ligand_sites	404
B6SEH8	PDBe_ligand_sites	404
Q1HG43	PDBe_ligand_sites	200
Q6GTS8	PDBe_ligand_sites	404
Q8IVV2	PDBe_ligand_sites	404
Q96MB7	PDBe_ligand_sites	404
Q68CP4	PDBe_ligand_sites	200
Q5TIE3	PDBe_ligand_sites	404
Q5T197	PDBe_ligand_sites	404
O00622	PDBe_ligand_sites	200
Q5T2T1	PDBe_ligand_sites	404
Q5T4F4	PDBe_ligand_sites	200
Q5T1A1	PDBe_ligand_sites	404
Q5XG99	PDBe_ligand_sites	404
Q6UXU6	PDBe_ligand_sites	404
Q14D33	PDBe_ligand_sites	404
Q8N292	PDBe_ligand_sites	404
Q5FWE3	PDBe_ligand_sites	404
Q2M3R5	PDBe_ligand_sites	404
Q8NB16	PDBe_ligand_sites	200
Q86X19	PDBe_ligand_sites	404
Q8NAX2	PDBe_ligand_sites	404
A1L4H1	PDBe_ligand_sites	404
Q6UWD8	PDBe_ligand_sites	404
P08174	PDBe_ligand_sites	200
Q8NA82	PDBe_ligand_sites	404
Q8IWD5	PDBe_ligand_sites	404
Q14118	PDBe_ligand_sites	200
Q5VTL7	PDBe_ligand_sites	404
A8TX70	PDBe_ligand_sites	404
Q86WS3	PDBe_ligand_sites	404
Q6UXN8	PDBe_ligand_sites	200
P14920	PDBe_ligand_sites	200
Q8N9N7	PDBe_ligand_sites	404
Q8N9M5	PDBe_ligand_sites	404
Q4G0M1	PDBe_ligand_sites	404
Q8N9H9	PDBe_ligand_sites	404
Q53RD9	PDBe_ligand_sites	404
Q8N9C0	PDBe_ligand_sites	404
Q2M3C6	PDBe_ligand_sites	404
Q8N957	PDBe_ligand_sites	404
Q8IY95	PDBe_ligand_sites	404
Q8N112	PDBe_ligand_sites	404
P0DMS8	PDBe_ligand_sites	200
Q8TBE1	PDBe_ligand_sites	404
Q8N8Q1	PDBe_ligand_sites	404
Q8N1N2	PDBe_ligand_sites	404
Q63HQ2	PDBe_ligand_sites	200
Q8N8N0	PDBe_ligand_sites	404
Q8N8D7	PDBe_ligand_sites	404
Q8N4C9	PDBe_ligand_sites	404
Q08AI6	PDBe_ligand_sites	404
Q495A1	PDBe_ligand_sites	200
Q8NDH2	PDBe_ligand_sites	404
Q8N7X8	PDBe_ligand_sites	404
Q8N5S3	PDBe_ligand_sites	404
Q8N7R7	PDBe_ligand_sites	404
A6NFQ2	PDBe_ligand_sites	404
Q8N7P1	PDBe_ligand_sites	404
P09172	PDBe_ligand_sites	200
Q8N2M4	PDBe_ligand_sites	404
Q6P531	PDBe_ligand_sites	404
Q8NCL9	PDBe_ligand_sites	404
Q6NW40	PDBe_ligand_sites	200
Q3ZCN5	PDBe_ligand_sites	404
Q8NC24	PDBe_ligand_sites	404
Q6Q4G3	PDBe_ligand_sites	404
P83105	PDBe_ligand_sites	404
Q8NBT3	PDBe_ligand_sites	404
Q0VAQ4	PDBe_ligand_sites	404
Q9UKY7	PDBe_ligand_sites	404
P0DN77	PDBe_ligand_sites	404
Q2LD37	PDBe_ligand_sites	404
Q9UJU6	PDBe_ligand_sites	404
Q7Z3D4	PDBe_ligand_sites	404
Q8N436	PDBe_ligand_sites	404
A6NE01	PDBe_ligand_sites	404
Q6IEE7	PDBe_ligand_sites	404
Q8IVW8	PDBe_ligand_sites	200
Q5VT99	PDBe_ligand_sites	404
Q5TF58	PDBe_ligand_sites	404
Q5T0D9	PDBe_ligand_sites	404
P43146	PDBe_ligand_sites	200
Q86V40	PDBe_ligand_sites	404
Q8N1E2	PDBe_ligand_sites	404
A1KXE4	PDBe_ligand_sites	404
Q8NI32	PDBe_ligand_sites	404
Q5TZ20	PDBe_ligand_sites	404
Q8TCW7	PDBe_ligand_sites	404
Q8WVE6	PDBe_ligand_sites	404
Q8N434	PDBe_ligand_sites	404
Q86YD5	PDBe_ligand_sites	200
P12821	PDBe_ligand_sites	200
A0A087X179	PDBe_ligand_sites	404
Q8NHV5	PDBe_ligand_sites	200
P40126	PDBe_ligand_sites	200
A6NKX4	PDBe_ligand_sites	404
Q6P988	PDBe_ligand_sites	200
Q86VR7	PDBe_ligand_sites	404
W5XKT8	PDBe_ligand_sites	200
P0DL12	PDBe_ligand_sites	404
Q96DD7	PDBe_ligand_sites	404
Q6NVV3	PDBe_ligand_sites	404
Q1W4C9	PDBe_ligand_sites	404
A2RRL7	PDBe_ligand_sites	404
A0A1B0GVQ0	PDBe_ligand_sites	404
Q3MIR4	PDBe_ligand_sites	200
Q3MIP1	PDBe_ligand_sites	404
Q68BL7	PDBe_ligand_sites	404
Q5T292	PDBe_ligand_sites	404
A6NF34	PDBe_ligand_sites	404
Q6UWV2	PDBe_ligand_sites	404
Q8NHP8	PDBe_ligand_sites	404
Q8IX19	PDBe_ligand_sites	404
C9JUS6	PDBe_ligand_sites	404
Q8N0U2	PDBe_ligand_sites	404
Q5VXM1	PDBe_ligand_sites	404
Q08345	PDBe_ligand_sites	200
Q16832	PDBe_ligand_sites	200
P30046	PDBe_ligand_sites	200
Q75V66	PDBe_ligand_sites	404
A2RU14	PDBe_ligand_sites	404
A8MVW5	PDBe_ligand_sites	404
Q8IUW5	PDBe_ligand_sites	404
Q5U4P2	PDBe_ligand_sites	404
Q68DD2	PDBe_ligand_sites	404
Q6UXI9	PDBe_ligand_sites	404
Q147U7	PDBe_ligand_sites	404
Q96HE8	PDBe_ligand_sites	404
Q7Z3Q1	PDBe_ligand_sites	404
P0C7N1	PDBe_ligand_sites	404
Q86VI1	PDBe_ligand_sites	404
A0A0J9YXV3	PDBe_ligand_sites	404
A6NFC5	PDBe_ligand_sites	404
Q2M2W7	PDBe_ligand_sites	404
Q7Z6M3	PDBe_ligand_sites	404
Q641Q3	PDBe_ligand_sites	404
Q6ZMC9	PDBe_ligand_sites	404
Q3B7S5	PDBe_ligand_sites	404
Q5UCC4	PDBe_ligand_sites	200
P59666	PDBe_ligand_sites	200
Q5VXT5	PDBe_ligand_sites	404
Q5T0L3	PDBe_ligand_sites	404
Q01524	PDBe_ligand_sites	200
Q6UX46	PDBe_ligand_sites	404
P35348	PDBe_ligand_sites	200
Q86T96	PDBe_ligand_sites	404
P35368	PDBe_ligand_sites	404
Q5GH73	PDBe_ligand_sites	404
P0DP72	PDBe_ligand_sites	404
Q4V9L6	PDBe_ligand_sites	404
Q3KNT9	PDBe_ligand_sites	200
Q0P5P2	PDBe_ligand_sites	404
Q8NDY8	PDBe_ligand_sites	404
A6NJV1	PDBe_ligand_sites	404
Q6ZMR5	PDBe_ligand_sites	200
Q695T7	PDBe_ligand_sites	200
P25100	PDBe_ligand_sites	404
Q0D2K0	PDBe_ligand_sites	404
Q86TI4	PDBe_ligand_sites	404
Q6PKC3	PDBe_ligand_sites	404
Q5EBL8	PDBe_ligand_sites	404
Q86UD0	PDBe_ligand_sites	404
Q2WGJ9	PDBe_ligand_sites	404
Q8NCT1	PDBe_ligand_sites	404
Q5T7R7	PDBe_ligand_sites	404
P08913	PDBe_ligand_sites	200
O60443	PDBe_ligand_sites	404
Q2M2H8	PDBe_ligand_sites	404
Q96PB8	PDBe_ligand_sites	404
Q5BJF2	PDBe_ligand_sites	404
Q8TB68	PDBe_ligand_sites	404
Q9BSR8	PDBe_ligand_sites	404
Q6UXH1	PDBe_ligand_sites	404
Q6N075	PDBe_ligand_sites	404
Q8NBP5	PDBe_ligand_sites	404
Q3B7J2	PDBe_ligand_sites	404
Q8NBV4	PDBe_ligand_sites	404
Q9BRQ5	PDBe_ligand_sites	404
Q8WUU8	PDBe_ligand_sites	404
Q9BSF0	PDBe_ligand_sites	404
Q9BSE2	PDBe_ligand_sites	404
P18089	PDBe_ligand_sites	200
Q96I45	PDBe_ligand_sites	404
Q9BRT3	PDBe_ligand_sites	404
Q969Y0	PDBe_ligand_sites	404
Q96D96	PDBe_ligand_sites	200
Q96ID5	PDBe_ligand_sites	404
Q96HM7	PDBe_ligand_sites	404
Q96GL9	PDBe_ligand_sites	404
Q96AQ2	PDBe_ligand_sites	404
Q8WUH6	PDBe_ligand_sites	404
Q6UXU4	PDBe_ligand_sites	404
Q96A25	PDBe_ligand_sites	404
Q96F63	PDBe_ligand_sites	404
Q8WV15	PDBe_ligand_sites	404
P18825	PDBe_ligand_sites	200
Q6PL45	PDBe_ligand_sites	404
A6PVS8	PDBe_ligand_sites	404
Q96S96	PDBe_ligand_sites	404
Q96BF3	PDBe_ligand_sites	404
Q9BTN0	PDBe_ligand_sites	404
Q8NHP6	PDBe_ligand_sites	200
Q96KX0	PDBe_ligand_sites	404
Q96L08	PDBe_ligand_sites	404
Q6UWM5	PDBe_ligand_sites	404
Q8NHU3	PDBe_ligand_sites	404
Q5HYA8	PDBe_ligand_sites	200
Q9BQ49	PDBe_ligand_sites	404
Q8N2G4	PDBe_ligand_sites	404
Q6ZMD2	PDBe_ligand_sites	404
Q69YG0	PDBe_ligand_sites	404
Q8N661	PDBe_ligand_sites	404
P98153	PDBe_ligand_sites	404
Q6UXF1	PDBe_ligand_sites	404
Q6PJG9	PDBe_ligand_sites	404
Q8WV48	PDBe_ligand_sites	404
Q8WUJ1	PDBe_ligand_sites	404
Q9BWS9	PDBe_ligand_sites	200
Q8TBE7	PDBe_ligand_sites	404
Q8NDZ6	PDBe_ligand_sites	404
Q8NHS3	PDBe_ligand_sites	404
Q8NDZ4	PDBe_ligand_sites	404
Q5SY80	PDBe_ligand_sites	404
Q8N4L1	PDBe_ligand_sites	404
Q8TAG6	PDBe_ligand_sites	404
Q8TAG5	PDBe_ligand_sites	404
P08588	PDBe_ligand_sites	200
Q8NHS1	PDBe_ligand_sites	404
Q8IYS2	PDBe_ligand_sites	404
Q8NBL3	PDBe_ligand_sites	404
Q6UXV1	PDBe_ligand_sites	404
Q8NCS7	PDBe_ligand_sites	404
Q8N323	PDBe_ligand_sites	200
Q8N6L7	PDBe_ligand_sites	404
Q8NCF0	PDBe_ligand_sites	404
Q8IYV9	PDBe_ligand_sites	200
Q8N4F4	PDBe_ligand_sites	404
Q6ZUK4	PDBe_ligand_sites	404
Q6V702	PDBe_ligand_sites	200
Q8IXV7	PDBe_ligand_sites	404
Q8N6Q1	PDBe_ligand_sites	404
Q68DX3	PDBe_ligand_sites	404
Q8N5U1	PDBe_ligand_sites	404
P59025	PDBe_ligand_sites	404
Q4G1C9	PDBe_ligand_sites	404
Q86XM0	PDBe_ligand_sites	404
P07550	PDBe_ligand_sites	200
Q5JXX7	PDBe_ligand_sites	404
Q8N6M8	PDBe_ligand_sites	404
Q8N350	PDBe_ligand_sites	404
Q8N2U0	PDBe_ligand_sites	404
Q8N129	PDBe_ligand_sites	404
Q8N5I2	PDBe_ligand_sites	404
Q8NEA5	PDBe_ligand_sites	404
O43323	PDBe_ligand_sites	200
Q96IK0	PDBe_ligand_sites	404
Q9BSW2	PDBe_ligand_sites	200
Q6UWN0	PDBe_ligand_sites	404
Q5TAH2	PDBe_ligand_sites	404
Q9BW04	PDBe_ligand_sites	404
Q9BSK0	PDBe_ligand_sites	404
Q86XK7	PDBe_ligand_sites	404
Q6UX73	PDBe_ligand_sites	404
Q8N4L8	PDBe_ligand_sites	404
Q8N4M1	PDBe_ligand_sites	404
Q6ZMJ2	PDBe_ligand_sites	200
P0C862	PDBe_ligand_sites	404
Q8IXQ8	PDBe_ligand_sites	404
Q86SU0	PDBe_ligand_sites	404
Q86UF1	PDBe_ligand_sites	404
Q6PI25	PDBe_ligand_sites	200
Q1EHB4	PDBe_ligand_sites	404
Q86Y78	PDBe_ligand_sites	200
Q8IVY1	PDBe_ligand_sites	404
Q6UWV7	PDBe_ligand_sites	404
Q6UX65	PDBe_ligand_sites	404
Q5GH77	PDBe_ligand_sites	404
Q86WS5	PDBe_ligand_sites	404
Q7Z5U6	PDBe_ligand_sites	404
Q8NCB2	PDBe_ligand_sites	404
Q96BY9	PDBe_ligand_sites	200
Q6ZMB5	PDBe_ligand_sites	404
P13945	PDBe_ligand_sites	200
Q8WTR4	PDBe_ligand_sites	404
P49895	PDBe_ligand_sites	404
Q3KPI0	PDBe_ligand_sites	404
Q6NXR0	PDBe_ligand_sites	404
Q8WY98	PDBe_ligand_sites	404
P55073	PDBe_ligand_sites	404
Q8WUA8	PDBe_ligand_sites	404
Q9Y5L2	PDBe_ligand_sites	404
Q7Z7D3	PDBe_ligand_sites	200
Q496F6	PDBe_ligand_sites	404
Q8WZ79	PDBe_ligand_sites	404
Q8N104	PDBe_ligand_sites	404
Q9H0U3	PDBe_ligand_sites	200
Q8NI35	PDBe_ligand_sites	200
Q9H7C4	PDBe_ligand_sites	404
Q86V85	PDBe_ligand_sites	404
O60831	PDBe_ligand_sites	404
Q8NCG7	PDBe_ligand_sites	404
Q53RY4	PDBe_ligand_sites	404
Q50LG9	PDBe_ligand_sites	404
Q9UNE0	PDBe_ligand_sites	404
Q15053	PDBe_ligand_sites	404
Q14667	PDBe_ligand_sites	404
Q14166	PDBe_ligand_sites	404
Q92628	PDBe_ligand_sites	404
Q92508	PDBe_ligand_sites	200
O95477	PDBe_ligand_sites	200
Q12959	PDBe_ligand_sites	200
O14523	PDBe_ligand_sites	404
Q15700	PDBe_ligand_sites	404
P78352	PDBe_ligand_sites	200
Q6XUX3	PDBe_ligand_sites	404
O60279	PDBe_ligand_sites	404
Q86YS7	PDBe_ligand_sites	404
Q5VV63	PDBe_ligand_sites	404
A6NMS7	PDBe_ligand_sites	404
P80370	PDBe_ligand_sites	200
Q96QE4	PDBe_ligand_sites	404
A2RUR9	PDBe_ligand_sites	404
O00548	PDBe_ligand_sites	200
O75121	PDBe_ligand_sites	404
Q9NYJ7	PDBe_ligand_sites	404
Q66K14	PDBe_ligand_sites	404
Q9NR61	PDBe_ligand_sites	200
Q5JTH9	PDBe_ligand_sites	404
O75185	PDBe_ligand_sites	404
O94886	PDBe_ligand_sites	200
Q9Y4B5	PDBe_ligand_sites	404
O94919	PDBe_ligand_sites	404
A2VDJ0	PDBe_ligand_sites	404
P0C7N5	PDBe_ligand_sites	404
Q6IPM2	PDBe_ligand_sites	404
Q9UPX6	PDBe_ligand_sites	404
Q674X7	PDBe_ligand_sites	404
Q5BKX6	PDBe_ligand_sites	200
A4D1T9	PDBe_ligand_sites	404
Q8WUJ3	PDBe_ligand_sites	404
Q3KR37	PDBe_ligand_sites	404
Q9ULI3	PDBe_ligand_sites	404
Q86T90	PDBe_ligand_sites	404
Q9P2K9	PDBe_ligand_sites	404
Q70EK8	PDBe_ligand_sites	404
Q9UGM3	PDBe_ligand_sites	200
Q6PIU2	PDBe_ligand_sites	404
Q9P266	PDBe_ligand_sites	404
Q6UXK2	PDBe_ligand_sites	404
Q9P244	PDBe_ligand_sites	404
Q9P206	PDBe_ligand_sites	404
Q8TCG1	PDBe_ligand_sites	200
Q96CP6	PDBe_ligand_sites	404
Q9HCM7	PDBe_ligand_sites	404
Q5VU97	PDBe_ligand_sites	404
Q9HCJ2	PDBe_ligand_sites	200
Q13316	PDBe_ligand_sites	404
Q8TBB6	PDBe_ligand_sites	404
Q5VZ46	PDBe_ligand_sites	404
Q9HCE9	PDBe_ligand_sites	404
Q09013	PDBe_ligand_sites	200
Q5T1S8	PDBe_ligand_sites	404
Q3SXP7	PDBe_ligand_sites	404
Q9C0I4	PDBe_ligand_sites	404
Q8IWB1	PDBe_ligand_sites	404
Q6GPH6	PDBe_ligand_sites	404
A8K855	PDBe_ligand_sites	404
Q5GH76	PDBe_ligand_sites	404
Q5R3F8	PDBe_ligand_sites	404
Q14DG7	PDBe_ligand_sites	404
Q14C87	PDBe_ligand_sites	404
Q6P995	PDBe_ligand_sites	404
Q96DX4	PDBe_ligand_sites	404
Q8TF21	PDBe_ligand_sites	404
Q6UXH8	PDBe_ligand_sites	404
Q8WWB7	PDBe_ligand_sites	404
Q9HBJ8	PDBe_ligand_sites	404
Q6UX27	PDBe_ligand_sites	404
Q5T750	PDBe_ligand_sites	404
Q6UX15	PDBe_ligand_sites	404
P02750	PDBe_ligand_sites	200
Q6UWN8	PDBe_ligand_sites	404
Q6P179	PDBe_ligand_sites	200
Q401N2	PDBe_ligand_sites	200
Q9HB40	PDBe_ligand_sites	404
Q9ULH0	PDBe_ligand_sites	404
Q96BI3	PDBe_ligand_sites	200
Q6ZMI3	PDBe_ligand_sites	200
Q96HL8	PDBe_ligand_sites	404
Q96GC9	PDBe_ligand_sites	404
Q96GM1	PDBe_ligand_sites	404
Q7Z7J7	PDBe_ligand_sites	200
Q86X29	PDBe_ligand_sites	404
Q96KW9	PDBe_ligand_sites	404
Q8TB05	PDBe_ligand_sites	404
Q92874	PDBe_ligand_sites	404
Q8WWF3	PDBe_ligand_sites	404
Q6PEX7	PDBe_ligand_sites	404
Q13609	PDBe_ligand_sites	200
Q8IXB3	PDBe_ligand_sites	404
Q3YBM2	PDBe_ligand_sites	404
Q86YL7	PDBe_ligand_sites	200
P0DP58	PDBe_ligand_sites	404
Q86UE4	PDBe_ligand_sites	404
Q13571	PDBe_ligand_sites	404
O75951	PDBe_ligand_sites	404
Q6UXG2	PDBe_ligand_sites	404
Q2M385	PDBe_ligand_sites	200
Q9Y2E5	PDBe_ligand_sites	404
A1L453	PDBe_ligand_sites	404
Q8TDS7	PDBe_ligand_sites	200
Q6UW68	PDBe_ligand_sites	404
Q8WZ59	PDBe_ligand_sites	404
Q96KG7	PDBe_ligand_sites	404
A6BM72	PDBe_ligand_sites	404
Q9NZC3	PDBe_ligand_sites	404
Q9NXK6	PDBe_ligand_sites	404
Q8TBR7	PDBe_ligand_sites	404
Q5TCQ9	PDBe_ligand_sites	404
Q1L6U9	PDBe_ligand_sites	404
Q13361	PDBe_ligand_sites	404
Q96S66	PDBe_ligand_sites	404
Q9ULD2	PDBe_ligand_sites	404
Q8N386	PDBe_ligand_sites	404
Q9BYE2	PDBe_ligand_sites	200
Q496H8	PDBe_ligand_sites	404
Q6PP77	PDBe_ligand_sites	404
Q8N3J6	PDBe_ligand_sites	404
Q9BU40	PDBe_ligand_sites	404
Q8WWG1	PDBe_ligand_sites	404
O94856	PDBe_ligand_sites	200
Q8NET5	PDBe_ligand_sites	404
Q9BWL3	PDBe_ligand_sites	404
Q8TDQ1	PDBe_ligand_sites	404
Q5VU65	PDBe_ligand_sites	404
Q9H1Z9	PDBe_ligand_sites	404
Q9NT68	PDBe_ligand_sites	200
Q9P273	PDBe_ligand_sites	404
Q6N022	PDBe_ligand_sites	200
Q8WWZ8	PDBe_ligand_sites	404
Q86UW1	PDBe_ligand_sites	200
Q86UW2	PDBe_ligand_sites	200
Q8IYS5	PDBe_ligand_sites	200
Q8NET1	PDBe_ligand_sites	404
Q7RTZ1	PDBe_ligand_sites	404
Q8WVF1	PDBe_ligand_sites	404
Q6ZWK6	PDBe_ligand_sites	404
Q8WWZ4	PDBe_ligand_sites	404
Q9BQY4	PDBe_ligand_sites	404
Q96LB9	PDBe_ligand_sites	200
Q96LB8	PDBe_ligand_sites	200
P16444	PDBe_ligand_sites	200
Q8TD55	PDBe_ligand_sites	404
Q9BTU6	PDBe_ligand_sites	200
Q6ZUJ8	PDBe_ligand_sites	200
Q9BZM2	PDBe_ligand_sites	404
Q6P1J6	PDBe_ligand_sites	404
Q9NWQ8	PDBe_ligand_sites	404
Q8TEM1	PDBe_ligand_sites	404
Q6UQ28	PDBe_ligand_sites	404
O14626	PDBe_ligand_sites	404
Q15155	PDBe_ligand_sites	404
Q8IZA0	PDBe_ligand_sites	200
Q8N6Q3	PDBe_ligand_sites	200
Q7Z410	PDBe_ligand_sites	404
Q9H7M9	PDBe_ligand_sites	200
P27487	PDBe_ligand_sites	200
P43490	PDBe_ligand_sites	200
P42658	PDBe_ligand_sites	200
Q9NZ42	PDBe_ligand_sites	200
Q6ZVX9	PDBe_ligand_sites	404
Q6TCH4	PDBe_ligand_sites	404
Q8N131	PDBe_ligand_sites	404
P13667	PDBe_ligand_sites	200
Q15084	PDBe_ligand_sites	200
P40879	PDBe_ligand_sites	200
Q9BYD5	PDBe_ligand_sites	404
P21728	PDBe_ligand_sites	200
Q9BSL1	PDBe_ligand_sites	404
Q9HAB3	PDBe_ligand_sites	200
Q9NWF4	PDBe_ligand_sites	404
Q8TCT8	PDBe_ligand_sites	200
P14416	PDBe_ligand_sites	200
Q5T9Z0	PDBe_ligand_sites	404
O14804	PDBe_ligand_sites	404
Q9H1C7	PDBe_ligand_sites	404
P35462	PDBe_ligand_sites	200
Q9BXC1	PDBe_ligand_sites	200
Q6ZRP7	PDBe_ligand_sites	404
P21917	PDBe_ligand_sites	200
Q13145	PDBe_ligand_sites	404
P21918	PDBe_ligand_sites	200
Q14699	PDBe_ligand_sites	404
Q8WZ71	PDBe_ligand_sites	404
Q96S79	PDBe_ligand_sites	404
Q8IUX7	PDBe_ligand_sites	404
Q6ZS82	PDBe_ligand_sites	404
Q99623	PDBe_ligand_sites	404
Q96B86	PDBe_ligand_sites	404
Q9BSG5	PDBe_ligand_sites	404
Q08554	PDBe_ligand_sites	200
Q02487	PDBe_ligand_sites	200
Q14574	PDBe_ligand_sites	404
Q9NR16	PDBe_ligand_sites	404
Q14160	PDBe_ligand_sites	200
Q9UMX5	PDBe_ligand_sites	404
Q969E2	PDBe_ligand_sites	404
Q8TAC9	PDBe_ligand_sites	404
Q7Z5L0	PDBe_ligand_sites	404
O60469	PDBe_ligand_sites	200
Q9BQE4	PDBe_ligand_sites	200
P54107	PDBe_ligand_sites	404
Q9NS98	PDBe_ligand_sites	404
P83110	PDBe_ligand_sites	200
Q86W33	PDBe_ligand_sites	404
Q8TF72	PDBe_ligand_sites	404
Q8TCT6	PDBe_ligand_sites	404
Q9NQ36	PDBe_ligand_sites	404
Q6ICH7	PDBe_ligand_sites	404
Q6XQN6	PDBe_ligand_sites	404
Q6UXG3	PDBe_ligand_sites	404
Q96DA0	PDBe_ligand_sites	200
A6NED2	PDBe_ligand_sites	404
Q6PCB8	PDBe_ligand_sites	404
Q6MZM0	PDBe_ligand_sites	404
Q02413	PDBe_ligand_sites	404
A8MVW0	PDBe_ligand_sites	404
Q5VZ03	PDBe_ligand_sites	404
Q14126	PDBe_ligand_sites	200
Q69YW2	PDBe_ligand_sites	404
P32926	PDBe_ligand_sites	200
Q7Z6L0	PDBe_ligand_sites	404
Q6UWQ5	PDBe_ligand_sites	404
P15924	PDBe_ligand_sites	200
Q96NT5	PDBe_ligand_sites	404
Q96A59	PDBe_ligand_sites	404
A8MQ03	PDBe_ligand_sites	404
Q6IA17	PDBe_ligand_sites	404
Q96DR8	PDBe_ligand_sites	404
Q99075	PDBe_ligand_sites	404
O95807	PDBe_ligand_sites	404
H0Y354	PDBe_ligand_sites	404
Q3KNW5	PDBe_ligand_sites	404
Q9NRD9	PDBe_ligand_sites	200
Q9GZP0	PDBe_ligand_sites	404
Q08AE8	PDBe_ligand_sites	404
Q96MU7	PDBe_ligand_sites	200
Q8TCT7	PDBe_ligand_sites	404
Q7KZF4	PDBe_ligand_sites	200
Q76M96	PDBe_ligand_sites	404
Q9BX79	PDBe_ligand_sites	404
Q8N0Z2	PDBe_ligand_sites	404
Q9BRV3	PDBe_ligand_sites	404
Q9UGT4	PDBe_ligand_sites	404
O60687	PDBe_ligand_sites	404
Q496J9	PDBe_ligand_sites	200
Q8N3D4	PDBe_ligand_sites	404
Q9BX59	PDBe_ligand_sites	200
Q6P9F7	PDBe_ligand_sites	404
Q86SM8	PDBe_ligand_sites	404
Q8TB96	PDBe_ligand_sites	404
Q6PIZ9	PDBe_ligand_sites	404
O75949	PDBe_ligand_sites	404
Q96JA4	PDBe_ligand_sites	404
Q96KC9	PDBe_ligand_sites	404
Q7RTY9	PDBe_ligand_sites	404
Q9BY14	PDBe_ligand_sites	200
Q9UKR8	PDBe_ligand_sites	404
B2RN74	PDBe_ligand_sites	404
Q9UKU6	PDBe_ligand_sites	404
Q9HC07	PDBe_ligand_sites	404
A1L157	PDBe_ligand_sites	404
Q92544	PDBe_ligand_sites	404
Q9BZD7	PDBe_ligand_sites	404
Q9BZD6	PDBe_ligand_sites	404
Q8NEW7	PDBe_ligand_sites	404
Q9UKB5	PDBe_ligand_sites	404
Q6UXN2	PDBe_ligand_sites	404
A8K4G0	PDBe_ligand_sites	404
Q6UWB4	PDBe_ligand_sites	404
Q8NFZ8	PDBe_ligand_sites	404
O14640	PDBe_ligand_sites	200
Q8IX05	PDBe_ligand_sites	404
Q6UXD5	PDBe_ligand_sites	404
Q7RTY8	PDBe_ligand_sites	404
Q765I0	PDBe_ligand_sites	404
Q5T686	PDBe_ligand_sites	404
Q9NP91	PDBe_ligand_sites	200
O60844	PDBe_ligand_sites	200
O75923	PDBe_ligand_sites	200
Q6UXM1	PDBe_ligand_sites	404
Q7RTY0	PDBe_ligand_sites	404
Q96JW4	PDBe_ligand_sites	404
Q96GZ6	PDBe_ligand_sites	404
Q5I7T1	PDBe_ligand_sites	404
Q24JP5	PDBe_ligand_sites	404
Q92614	PDBe_ligand_sites	404
P60606	PDBe_ligand_sites	404
P0C2S0	PDBe_ligand_sites	404
Q4LDR2	PDBe_ligand_sites	404
O00559	PDBe_ligand_sites	404
Q5JQS5	PDBe_ligand_sites	404
Q8NH04	PDBe_ligand_sites	404
Q8NH02	PDBe_ligand_sites	404
Q8NG76	PDBe_ligand_sites	404
Q8NGX1	PDBe_ligand_sites	404
Q8NGX2	PDBe_ligand_sites	404
Q6IF82	PDBe_ligand_sites	404
A6NMZ5	PDBe_ligand_sites	404
A6NHA9	PDBe_ligand_sites	404
P32249	PDBe_ligand_sites	200
A6NHG9	PDBe_ligand_sites	404
A6NDH6	PDBe_ligand_sites	404
A6NET4	PDBe_ligand_sites	404
A6NMS3	PDBe_ligand_sites	404
A6NF89	PDBe_ligand_sites	404
A6NJZ3	PDBe_ligand_sites	404
A6NDL8	PDBe_ligand_sites	404
A6NIJ9	PDBe_ligand_sites	404
A6NCV1	PDBe_ligand_sites	404
A6NL08	PDBe_ligand_sites	404
A6NM76	PDBe_ligand_sites	404
Q86UW8	PDBe_ligand_sites	404
Q6PRD1	PDBe_ligand_sites	404
P60827	PDBe_ligand_sites	404
Q6UWY2	PDBe_ligand_sites	200
Q9H1V8	PDBe_ligand_sites	404
Q4G0N8	PDBe_ligand_sites	200
A6NEK1	PDBe_ligand_sites	404
Q2I0M4	PDBe_ligand_sites	200
Q86Z23	PDBe_ligand_sites	404
Q5VZ72	PDBe_ligand_sites	404
Q5VTT2	PDBe_ligand_sites	404
Q6UWK7	PDBe_ligand_sites	404
Q9NQA5	PDBe_ligand_sites	404
P42892	PDBe_ligand_sites	200
O95672	PDBe_ligand_sites	404
O94769	PDBe_ligand_sites	404
Q92838	PDBe_ligand_sites	404
P21453	PDBe_ligand_sites	200
Q5VZQ5	PDBe_ligand_sites	404
A0PK05	PDBe_ligand_sites	404
Q92633	PDBe_ligand_sites	200
Q2TAP0	PDBe_ligand_sites	404
Q99500	PDBe_ligand_sites	200
Q6IWH7	PDBe_ligand_sites	404
Q9HBW0	PDBe_ligand_sites	200
O95136	PDBe_ligand_sites	200
Q6ZSG1	PDBe_ligand_sites	200
O95977	PDBe_ligand_sites	404
P81534	PDBe_ligand_sites	404
Q32ZL2	PDBe_ligand_sites	404
Q6HA08	PDBe_ligand_sites	404
Q9Y561	PDBe_ligand_sites	404
Q5H913	PDBe_ligand_sites	404
Q5QGZ9	PDBe_ligand_sites	200
O43854	PDBe_ligand_sites	200
A1L4L8	PDBe_ligand_sites	404
Q8N8I0	PDBe_ligand_sites	404
Q4VNC0	PDBe_ligand_sites	404
P25101	PDBe_ligand_sites	200
P24530	PDBe_ligand_sites	200
Q6UY18	PDBe_ligand_sites	404
Q6NSI3	PDBe_ligand_sites	404
Q7Z3S9	PDBe_ligand_sites	404
P0C672	PDBe_ligand_sites	404
P68104	PDBe_ligand_sites	200
Q6DN72	PDBe_ligand_sites	404
Q8IZN7	PDBe_ligand_sites	404
P0C7N8	PDBe_ligand_sites	404
A8MTB9	PDBe_ligand_sites	404
Q7Z692	PDBe_ligand_sites	404
Q2HXU8	PDBe_ligand_sites	404
Q9BZC7	PDBe_ligand_sites	404
Q15109	PDBe_ligand_sites	200
Q8IWB4	PDBe_ligand_sites	404
Q96NU0	PDBe_ligand_sites	404
Q5VUY0	PDBe_ligand_sites	404
Q5VUY2	PDBe_ligand_sites	404
Q6UWJ8	PDBe_ligand_sites	404
P0DPA2	PDBe_ligand_sites	404
Q5T700	PDBe_ligand_sites	404
Q5SZI1	PDBe_ligand_sites	404
Q8N7C0	PDBe_ligand_sites	404
Q6DKI7	PDBe_ligand_sites	200
P20827	PDBe_ligand_sites	200
O43921	PDBe_ligand_sites	200
P52797	PDBe_ligand_sites	404
A6NH21	PDBe_ligand_sites	404
P52798	PDBe_ligand_sites	404
Q6UY27	PDBe_ligand_sites	404
P52803	PDBe_ligand_sites	200
P98172	PDBe_ligand_sites	200
P52799	PDBe_ligand_sites	200
Q15768	PDBe_ligand_sites	404
P01133	PDBe_ligand_sites	404
Q9NYQ7	PDBe_ligand_sites	404
Q5T7M4	PDBe_ligand_sites	404
Q9HCU4	PDBe_ligand_sites	404
O75095	PDBe_ligand_sites	404
Q6ZSA7	PDBe_ligand_sites	404
Q5VTH2	PDBe_ligand_sites	404
Q9UPX0	PDBe_ligand_sites	404
Q7Z7M0	PDBe_ligand_sites	200
Q9H1U4	PDBe_ligand_sites	404
Q6P7N7	PDBe_ligand_sites	404
Q8IUX8	PDBe_ligand_sites	404
A0PJX8	PDBe_ligand_sites	404
P00533	PDBe_ligand_sites	200
Q14439	PDBe_ligand_sites	404
Q6PEY1	PDBe_ligand_sites	404
A2RUT3	PDBe_ligand_sites	404
A6NDD5	PDBe_ligand_sites	404
Q6GV28	PDBe_ligand_sites	404
Q6ZNR0	PDBe_ligand_sites	404
Q99943	PDBe_ligand_sites	404
A6NM11	PDBe_ligand_sites	404
Q4G0T1	PDBe_ligand_sites	404
Q9H4M9	PDBe_ligand_sites	200
Q8N4K4	PDBe_ligand_sites	404
O60309	PDBe_ligand_sites	404
Q8N4L4	PDBe_ligand_sites	404
Q9NZN4	PDBe_ligand_sites	404
Q6UXZ0	PDBe_ligand_sites	404
A6NNN8	PDBe_ligand_sites	404
Q9NZN3	PDBe_ligand_sites	404
Q8N967	PDBe_ligand_sites	404
Q5QGT7	PDBe_ligand_sites	404
Q5FYA8	PDBe_ligand_sites	404
Q00LT1	PDBe_ligand_sites	404
A6ND01	PDBe_ligand_sites	200
Q6ZMU5	PDBe_ligand_sites	200
Q1HG44	PDBe_ligand_sites	404
Q6UXV0	PDBe_ligand_sites	200
O95994	PDBe_ligand_sites	200
P60842	PDBe_ligand_sites	200
O00468	PDBe_ligand_sites	404
Q08ET2	PDBe_ligand_sites	404
Q6UWQ7	PDBe_ligand_sites	404
Q6UXB1	PDBe_ligand_sites	404
Q6T423	PDBe_ligand_sites	404
Q9NXE4	PDBe_ligand_sites	404
Q99758	PDBe_ligand_sites	200
Q9UNI1	PDBe_ligand_sites	404
P08246	PDBe_ligand_sites	200
Q15717	PDBe_ligand_sites	200
P0C7U0	PDBe_ligand_sites	200
P0C7L1	PDBe_ligand_sites	404
Q6UX39	PDBe_ligand_sites	404
Q6MZM9	PDBe_ligand_sites	404
B3SHH9	PDBe_ligand_sites	404
A6NN92	PDBe_ligand_sites	404
P0C2L3	PDBe_ligand_sites	404
Q7KZI7	PDBe_ligand_sites	200
P54849	PDBe_ligand_sites	404
P54851	PDBe_ligand_sites	404
Q6PDA7	PDBe_ligand_sites	404
P54852	PDBe_ligand_sites	404
Q14246	PDBe_ligand_sites	404
Q9UHX3	PDBe_ligand_sites	200
Q14247	PDBe_ligand_sites	404
Q5R3K3	PDBe_ligand_sites	404
Q9Y6U7	PDBe_ligand_sites	404
A6NHG4	PDBe_ligand_sites	404
A6NIM6	PDBe_ligand_sites	404
Q3ZCQ2	PDBe_ligand_sites	404
Q30KR1	PDBe_ligand_sites	404
P17813	PDBe_ligand_sites	200
P06733	PDBe_ligand_sites	200
Q6UWF3	PDBe_ligand_sites	404
A6NGC4	PDBe_ligand_sites	404
F8WCM5	PDBe_ligand_sites	404
Q9Y2D5	PDBe_ligand_sites	404
Q8TBE3	PDBe_ligand_sites	404
Q07075	PDBe_ligand_sites	200
P22413	PDBe_ligand_sites	200
Q13822	PDBe_ligand_sites	200
O14638	PDBe_ligand_sites	200
Q9Y6X5	PDBe_ligand_sites	200
A6NLU5	PDBe_ligand_sites	404
P30556	PDBe_ligand_sites	200
A6NGB0	PDBe_ligand_sites	404
P49961	PDBe_ligand_sites	404
Q5VY43	PDBe_ligand_sites	404
Q9Y5L3	PDBe_ligand_sites	404
O75355	PDBe_ligand_sites	404
O75356	PDBe_ligand_sites	404
O75354	PDBe_ligand_sites	404
Q66K66	PDBe_ligand_sites	404
Q6UWW9	PDBe_ligand_sites	404
Q68D91	PDBe_ligand_sites	404
Q6UXP7	PDBe_ligand_sites	404
Q8ND94	PDBe_ligand_sites	404
Q6ICI0	PDBe_ligand_sites	404
A6NGA9	PDBe_ligand_sites	404
A0A0A6YYL3	PDBe_ligand_sites	404
Q5HYW2	PDBe_ligand_sites	404
Q5BKX8	PDBe_ligand_sites	404
Q5JRM2	PDBe_ligand_sites	404
Q7Z7N9	PDBe_ligand_sites	404
Q8TAL6	PDBe_ligand_sites	404
Q6QAJ8	PDBe_ligand_sites	404
A6NE02	PDBe_ligand_sites	404
Q6UX34	PDBe_ligand_sites	404
Q6UWT4	PDBe_ligand_sites	404
P11171	PDBe_ligand_sites	404
Q6UWF9	PDBe_ligand_sites	404
Q6UXT8	PDBe_ligand_sites	404
A6NI61	PDBe_ligand_sites	404
Q6ZNB7	PDBe_ligand_sites	404
Q69YZ2	PDBe_ligand_sites	404
Q6NUJ2	PDBe_ligand_sites	404
Q8N912	PDBe_ligand_sites	404
P50052	PDBe_ligand_sites	200
Q9Y2J2	PDBe_ligand_sites	200
Q7Z7B7	PDBe_ligand_sites	404
Q6ZVW7	PDBe_ligand_sites	404
Q68D42	PDBe_ligand_sites	404
P60508	PDBe_ligand_sites	200
Q6IE38	PDBe_ligand_sites	404
P27105	PDBe_ligand_sites	200
A6NJ69	PDBe_ligand_sites	404
Q6UXF7	PDBe_ligand_sites	404
P21709	PDBe_ligand_sites	200
P29317	PDBe_ligand_sites	200
Q6ZT21	PDBe_ligand_sites	404
P29320	PDBe_ligand_sites	200
Q6UXD1	PDBe_ligand_sites	404
Q6DKI2	PDBe_ligand_sites	404
B1AL88	PDBe_ligand_sites	200
P54764	PDBe_ligand_sites	200
P54756	PDBe_ligand_sites	200
Q6S8J7	PDBe_ligand_sites	404
Q6S8J3	PDBe_ligand_sites	404
P35414	PDBe_ligand_sites	200
Q15375	PDBe_ligand_sites	200
A5A3E0	PDBe_ligand_sites	404
Q075Z2	PDBe_ligand_sites	404
P29322	PDBe_ligand_sites	200
Q6P5S7	PDBe_ligand_sites	200
P54762	PDBe_ligand_sites	200
P29323	PDBe_ligand_sites	200
A0PK11	PDBe_ligand_sites	404
P54753	PDBe_ligand_sites	200
P0C0P6	PDBe_ligand_sites	404
P54760	PDBe_ligand_sites	200
O15197	PDBe_ligand_sites	200
P0CG36	PDBe_ligand_sites	404
P78363	PDBe_ligand_sites	200
P07099	PDBe_ligand_sites	404
A6NLX4	PDBe_ligand_sites	404
B2RNN3	PDBe_ligand_sites	404
A8MVS5	PDBe_ligand_sites	404
P19235	PDBe_ligand_sites	200
Q12929	PDBe_ligand_sites	404
A6NKW6	PDBe_ligand_sites	404
Q5T4T1	PDBe_ligand_sites	404
A6NML5	PDBe_ligand_sites	404
P04626	PDBe_ligand_sites	200
Q6ZNQ3	PDBe_ligand_sites	404
P21860	PDBe_ligand_sites	200
Q15303	PDBe_ligand_sites	200
Q3ZCQ3	PDBe_ligand_sites	404
Q6PIY5	PDBe_ligand_sites	404
A6NGG8	PDBe_ligand_sites	404
O43865	PDBe_ligand_sites	200
A2RU48	PDBe_ligand_sites	404
Q2L4Q9	PDBe_ligand_sites	404
A6NC51	PDBe_ligand_sites	404
O14944	PDBe_ligand_sites	404
A8MZ97	PDBe_ligand_sites	404
A6NLE4	PDBe_ligand_sites	404
A8MXK1	PDBe_ligand_sites	404
A6NFE2	PDBe_ligand_sites	404
Q6P0A1	PDBe_ligand_sites	404
A6NI56	PDBe_ligand_sites	404
Q6UX52	PDBe_ligand_sites	404
Q6ZSJ9	PDBe_ligand_sites	404
B1ATL7	PDBe_ligand_sites	404
P0DMW4	PDBe_ligand_sites	404
P0DMW5	PDBe_ligand_sites	404
Q96AW1	PDBe_ligand_sites	404
Q6ZS10	PDBe_ligand_sites	404
Q6ZU45	PDBe_ligand_sites	404
Q6UXS0	PDBe_ligand_sites	404
A6H8M9	PDBe_ligand_sites	404
Q14264	PDBe_ligand_sites	404
A6NDP7	PDBe_ligand_sites	404
A6NGN9	PDBe_ligand_sites	200
Q09666	PDBe_ligand_sites	200
O60487	PDBe_ligand_sites	404
P57679	PDBe_ligand_sites	404
P22794	PDBe_ligand_sites	404
Q8WWZ7	PDBe_ligand_sites	404
P34910	PDBe_ligand_sites	404
A6NFU0	PDBe_ligand_sites	404
Q7Z2Q7	PDBe_ligand_sites	404
A7E2S9	PDBe_ligand_sites	404
C9J798	PDBe_ligand_sites	404
P00734	PDBe_ligand_sites	200
P25116	PDBe_ligand_sites	200
P55085	PDBe_ligand_sites	200
O00254	PDBe_ligand_sites	404
Q96RI0	PDBe_ligand_sites	404
A6NL88	PDBe_ligand_sites	404
P13726	PDBe_ligand_sites	200
B3GLJ2	PDBe_ligand_sites	404
P0C8F1	PDBe_ligand_sites	404
Q19T08	PDBe_ligand_sites	404
A6NKD9	PDBe_ligand_sites	404
P15090	PDBe_ligand_sites	200
Q12884	PDBe_ligand_sites	200
P49327	PDBe_ligand_sites	200
Q14517	PDBe_ligand_sites	404
Q9NYQ8	PDBe_ligand_sites	404
Q8N139	PDBe_ligand_sites	404
P24071	PDBe_ligand_sites	200
P12319	PDBe_ligand_sites	200
P30273	PDBe_ligand_sites	200
P06734	PDBe_ligand_sites	200
P12314	PDBe_ligand_sites	200
P12318	PDBe_ligand_sites	200
P31994	PDBe_ligand_sites	200
P08637	PDBe_ligand_sites	200
O75015	PDBe_ligand_sites	200
P55899	PDBe_ligand_sites	200
O00602	PDBe_ligand_sites	200
Q15485	PDBe_ligand_sites	200
O75636	PDBe_ligand_sites	200
Q9NZM1	PDBe_ligand_sites	200
P02671	PDBe_ligand_sites	200
P02675	PDBe_ligand_sites	200
P09038	PDBe_ligand_sites	200
A0A8I5KQE6	PDBe_ligand_sites	404
P11487	PDBe_ligand_sites	404
P08620	PDBe_ligand_sites	200
P55075	PDBe_ligand_sites	404
P31371	PDBe_ligand_sites	200
P11362	PDBe_ligand_sites	200
P21802	PDBe_ligand_sites	200
P22607	PDBe_ligand_sites	200
P22455	PDBe_ligand_sites	200
Q8N441	PDBe_ligand_sites	404
Q08830	PDBe_ligand_sites	200
Q14314	PDBe_ligand_sites	404
P09769	PDBe_ligand_sites	200
Q8IZY2	PDBe_ligand_sites	200
O43520	PDBe_ligand_sites	200
A6NI47	PDBe_ligand_sites	404
A6NKF7	PDBe_ligand_sites	404
A6NM45	PDBe_ligand_sites	404
B2RUY7	PDBe_ligand_sites	404
A6NFX1	PDBe_ligand_sites	404
A6NKL6	PDBe_ligand_sites	404
C9JXX5	PDBe_ligand_sites	404
C9JDP6	PDBe_ligand_sites	404
B4DJY2	PDBe_ligand_sites	404
B4DS77	PDBe_ligand_sites	404
Q9H6L2	PDBe_ligand_sites	404
P0C851	PDBe_ligand_sites	404
Q14318	PDBe_ligand_sites	404
O75264	PDBe_ligand_sites	404
B6A8C7	PDBe_ligand_sites	404
B9EJG8	PDBe_ligand_sites	404
C9JQI7	PDBe_ligand_sites	404
B0FP48	PDBe_ligand_sites	404
B2RXF0	PDBe_ligand_sites	404
C9JH25	PDBe_ligand_sites	404
C9J069	PDBe_ligand_sites	404
A0A1B0GVH4	PDBe_ligand_sites	404
Q5JQC9	PDBe_ligand_sites	404
E5RHQ5	PDBe_ligand_sites	404
O75955	PDBe_ligand_sites	404
Q14254	PDBe_ligand_sites	404
Q9NZU1	PDBe_ligand_sites	404
O43155	PDBe_ligand_sites	404
Q9NZU0	PDBe_ligand_sites	200
P17948	PDBe_ligand_sites	200
Q3C1V0	PDBe_ligand_sites	404
D3W0D1	PDBe_ligand_sites	404
P36888	PDBe_ligand_sites	200
P49771	PDBe_ligand_sites	200
P35916	PDBe_ligand_sites	200
O43687	PDBe_ligand_sites	404
Q06828	PDBe_ligand_sites	200
P02751	PDBe_ligand_sites	200
Q04609	PDBe_ligand_sites	200
P15328	PDBe_ligand_sites	200
P14207	PDBe_ligand_sites	200
P41439	PDBe_ligand_sites	404
O94911	PDBe_ligand_sites	404
P14550	PDBe_ligand_sites	404
A0A096LNP1	PDBe_ligand_sites	404
P21462	PDBe_ligand_sites	200
P25090	PDBe_ligand_sites	200
P25089	PDBe_ligand_sites	404
Q6ZPB5	PDBe_ligand_sites	404
Q8IUA7	PDBe_ligand_sites	404
B6SEH9	PDBe_ligand_sites	404
B7U540	PDBe_ligand_sites	404
P41214	PDBe_ligand_sites	200
A8MWV9	PDBe_ligand_sites	404
P23945	PDBe_ligand_sites	200
P19883	PDBe_ligand_sites	200
Q12841	PDBe_ligand_sites	404
E2RYF6	PDBe_ligand_sites	404
P0DP73	PDBe_ligand_sites	404
P02792	PDBe_ligand_sites	200
P08183	PDBe_ligand_sites	200
Q13740	PDBe_ligand_sites	200
Q8NCS4	PDBe_ligand_sites	404
A6NMD0	PDBe_ligand_sites	404
A6NHS7	PDBe_ligand_sites	404
Q71RC9	PDBe_ligand_sites	404
A6NJW4	PDBe_ligand_sites	404
A8MUM7	PDBe_ligand_sites	200
A1L1A6	PDBe_ligand_sites	404
C9JI98	PDBe_ligand_sites	404
F5H4A9	PDBe_ligand_sites	404
Q9BTY2	PDBe_ligand_sites	404
Q10981	PDBe_ligand_sites	404
P21217	PDBe_ligand_sites	404
P22083	PDBe_ligand_sites	404
O00168	PDBe_ligand_sites	200
P54710	PDBe_ligand_sites	200
Q14802	PDBe_ligand_sites	404
P59646	PDBe_ligand_sites	404
Q96DB9	PDBe_ligand_sites	200
Q9H0Q3	PDBe_ligand_sites	404
P58549	PDBe_ligand_sites	404
Q16570	PDBe_ligand_sites	404
Q9UP38	PDBe_ligand_sites	404
Q9ULW2	PDBe_ligand_sites	404
Q14332	PDBe_ligand_sites	200
Q9NPG1	PDBe_ligand_sites	200
Q9ULV1	PDBe_ligand_sites	200
Q13467	PDBe_ligand_sites	200
O60353	PDBe_ligand_sites	404
O75084	PDBe_ligand_sites	200
Q9H461	PDBe_ligand_sites	200
O00144	PDBe_ligand_sites	404
P05161	PDBe_ligand_sites	200
P35575	PDBe_ligand_sites	200
P10253	PDBe_ligand_sites	200
Q9UBS5	PDBe_ligand_sites	200
P14867	PDBe_ligand_sites	200
P47869	PDBe_ligand_sites	200
P34903	PDBe_ligand_sites	200
P48169	PDBe_ligand_sites	200
P31644	PDBe_ligand_sites	200
Q16445	PDBe_ligand_sites	404
P18505	PDBe_ligand_sites	200
P47870	PDBe_ligand_sites	200
P28472	PDBe_ligand_sites	200
O14764	PDBe_ligand_sites	200
P78334	PDBe_ligand_sites	404
Q8N1C3	PDBe_ligand_sites	404
P18507	PDBe_ligand_sites	200
Q99928	PDBe_ligand_sites	404
O00591	PDBe_ligand_sites	200
P24046	PDBe_ligand_sites	200
P28476	PDBe_ligand_sites	404
P47211	PDBe_ligand_sites	200
O43603	PDBe_ligand_sites	200
O60755	PDBe_ligand_sites	404
P17677	PDBe_ligand_sites	404
P04406	PDBe_ligand_sites	200
Q14392	PDBe_ligand_sites	200
P41250	PDBe_ligand_sites	200
P54826	PDBe_ligand_sites	200
P04062	PDBe_ligand_sites	200
P02774	PDBe_ligand_sites	200
Q6NZ63	PDBe_ligand_sites	404
Q6ZU69	PDBe_ligand_sites	404
Q96HG1	PDBe_ligand_sites	404
A6NGZ8	PDBe_ligand_sites	404
P47871	PDBe_ligand_sites	200
O95342	PDBe_ligand_sites	200
P04001	PDBe_ligand_sites	200
P0C0L5	PDBe_ligand_sites	200
Q68D85	PDBe_ligand_sites	200
P56159	PDBe_ligand_sites	404
O00451	PDBe_ligand_sites	200
O60609	PDBe_ligand_sites	200
P19440	PDBe_ligand_sites	200
Q4G0N0	PDBe_ligand_sites	404
Q9UJ14	PDBe_ligand_sites	404
P36269	PDBe_ligand_sites	404
P10912	PDBe_ligand_sites	200
Q02643	PDBe_ligand_sites	200
Q92847	PDBe_ligand_sites	200
Q9UM73	PDBe_ligand_sites	200
P48546	PDBe_ligand_sites	200
P17302	PDBe_ligand_sites	200
Q9Y6H8	PDBe_ligand_sites	404
P35212	PDBe_ligand_sites	404
P36382	PDBe_ligand_sites	404
P36383	PDBe_ligand_sites	404
P48165	PDBe_ligand_sites	404
P08034	PDBe_ligand_sites	200
P29033	PDBe_ligand_sites	200
O75712	PDBe_ligand_sites	404
Q9NTQ9	PDBe_ligand_sites	404
O95377	PDBe_ligand_sites	404
O95452	PDBe_ligand_sites	404
F2Z333	PDBe_ligand_sites	404
Q9H9K5	PDBe_ligand_sites	404
P0DKX4	PDBe_ligand_sites	404
Q92896	PDBe_ligand_sites	404
P43220	PDBe_ligand_sites	200
O95838	PDBe_ligand_sites	404
P23415	PDBe_ligand_sites	200
P23416	PDBe_ligand_sites	200
O75311	PDBe_ligand_sites	200
P48167	PDBe_ligand_sites	200
P0CAP1	PDBe_ligand_sites	404
P20292	PDBe_ligand_sites	200
P09923	PDBe_ligand_sites	404
O60234	PDBe_ligand_sites	200
Q99445	PDBe_ligand_sites	404
P05186	PDBe_ligand_sites	200
P04899	PDBe_ligand_sites	404
P38405	PDBe_ligand_sites	404
P05187	PDBe_ligand_sites	200
P50148	PDBe_ligand_sites	200
P63092	PDBe_ligand_sites	200
P62873	PDBe_ligand_sites	200
P62879	PDBe_ligand_sites	404
P16520	PDBe_ligand_sites	404
P59768	PDBe_ligand_sites	200
P10696	PDBe_ligand_sites	404
H3BS89	PDBe_ligand_sites	404
H3BV60	PDBe_ligand_sites	404
Q2WGJ8	PDBe_ligand_sites	404
P0DKB5	PDBe_ligand_sites	404
A6NCL2	PDBe_ligand_sites	404
A0A1B0GVV1	PDBe_ligand_sites	404
A6NFA1	PDBe_ligand_sites	404
B2RUZ4	PDBe_ligand_sites	404
A6NC86	PDBe_ligand_sites	404
Q6UX82	PDBe_ligand_sites	404
P30968	PDBe_ligand_sites	200
P07359	PDBe_ligand_sites	200
P13224	PDBe_ligand_sites	200
P55259	PDBe_ligand_sites	200
P40197	PDBe_ligand_sites	404
P14770	PDBe_ligand_sites	200
Q99795	PDBe_ligand_sites	404
K9M1U5	PDBe_ligand_sites	404
P35052	PDBe_ligand_sites	200
Q8N158	PDBe_ligand_sites	404
P51654	PDBe_ligand_sites	200
O75487	PDBe_ligand_sites	404
P78333	PDBe_ligand_sites	404
Q9Y625	PDBe_ligand_sites	404
P06744	PDBe_ligand_sites	200
P80108	PDBe_ligand_sites	404
P51674	PDBe_ligand_sites	404
Q13491	PDBe_ligand_sites	404
Q14956	PDBe_ligand_sites	404
P46091	PDBe_ligand_sites	200
P49683	PDBe_ligand_sites	200
H3BTG2	PDBe_ligand_sites	404
P47775	PDBe_ligand_sites	404
I3L273	PDBe_ligand_sites	404
H3BR10	PDBe_ligand_sites	404
Q9UKP6	PDBe_ligand_sites	200
P49685	PDBe_ligand_sites	404
Q13304	PDBe_ligand_sites	404
Q14330	PDBe_ligand_sites	404
Q15760	PDBe_ligand_sites	404
P46092	PDBe_ligand_sites	404
Q99678	PDBe_ligand_sites	404
Q99679	PDBe_ligand_sites	404
Q99680	PDBe_ligand_sites	404
Q99677	PDBe_ligand_sites	404
Q99705	PDBe_ligand_sites	200
O00155	PDBe_ligand_sites	404
Q8NDV2	PDBe_ligand_sites	404
Q9NS67	PDBe_ligand_sites	404
P46089	PDBe_ligand_sites	200
Q99527	PDBe_ligand_sites	200
O00270	PDBe_ligand_sites	404
O75388	PDBe_ligand_sites	404
Q49SQ1	PDBe_ligand_sites	404
Q9UPC5	PDBe_ligand_sites	200
Q9HC97	PDBe_ligand_sites	200
O15354	PDBe_ligand_sites	404
O43193	PDBe_ligand_sites	200
O43194	PDBe_ligand_sites	404
P46093	PDBe_ligand_sites	200
O14842	PDBe_ligand_sites	200
O14843	PDBe_ligand_sites	200
P21439	PDBe_ligand_sites	200
O15529	PDBe_ligand_sites	404
O15552	PDBe_ligand_sites	200
Q9Y5Y4	PDBe_ligand_sites	200
Q9Y5Y3	PDBe_ligand_sites	404
O75473	PDBe_ligand_sites	200
Q13585	PDBe_ligand_sites	404
O75899	PDBe_ligand_sites	200
Q9Y2T5	PDBe_ligand_sites	200
Q969F8	PDBe_ligand_sites	404
Q9Y2T6	PDBe_ligand_sites	200
Q9Y653	PDBe_ligand_sites	200
Q9P1P5	PDBe_ligand_sites	404
P46095	PDBe_ligand_sites	200
Q8IZP9	PDBe_ligand_sites	404
Q8IYL9	PDBe_ligand_sites	404
Q9HB89	PDBe_ligand_sites	404
Q15743	PDBe_ligand_sites	200
P48145	PDBe_ligand_sites	404
Q9NYM4	PDBe_ligand_sites	404
Q8TCW9	PDBe_ligand_sites	404
Q9Y5X5	PDBe_ligand_sites	404
O95800	PDBe_ligand_sites	404
Q9P296	PDBe_ligand_sites	404
Q96P69	PDBe_ligand_sites	404
P02760	PDBe_ligand_sites	200
P48146	PDBe_ligand_sites	404
Q96P68	PDBe_ligand_sites	200
Q9BXC0	PDBe_ligand_sites	200
Q96P67	PDBe_ligand_sites	404
Q9NQS5	PDBe_ligand_sites	200
P60893	PDBe_ligand_sites	404
Q9BPV8	PDBe_ligand_sites	200
Q9BY21	PDBe_ligand_sites	404
Q9GZN0	PDBe_ligand_sites	200
P49682	PDBe_ligand_sites	200
Q9BXA5	PDBe_ligand_sites	200
O75715	PDBe_ligand_sites	200
P42261	PDBe_ligand_sites	200
P42262	PDBe_ligand_sites	200
P42263	PDBe_ligand_sites	404
P48058	PDBe_ligand_sites	404
Q9ULK0	PDBe_ligand_sites	200
O43424	PDBe_ligand_sites	200
P39086	PDBe_ligand_sites	200
Q13002	PDBe_ligand_sites	200
Q13003	PDBe_ligand_sites	404
Q16099	PDBe_ligand_sites	404
Q16478	PDBe_ligand_sites	404
Q05586	PDBe_ligand_sites	200
Q12879	PDBe_ligand_sites	200
Q13224	PDBe_ligand_sites	200
Q14957	PDBe_ligand_sites	200
O15399	PDBe_ligand_sites	200
Q7Z429	PDBe_ligand_sites	404
Q13255	PDBe_ligand_sites	200
Q14416	PDBe_ligand_sites	200
Q14832	PDBe_ligand_sites	200
Q14833	PDBe_ligand_sites	200
P41594	PDBe_ligand_sites	200
O15303	PDBe_ligand_sites	200
Q14831	PDBe_ligand_sites	200
Q2M3G0	PDBe_ligand_sites	404
O00222	PDBe_ligand_sites	200
P28799	PDBe_ligand_sites	200
P30101	PDBe_ligand_sites	200
P30550	PDBe_ligand_sites	200
P06396	PDBe_ligand_sites	200
Q9UKV5	PDBe_ligand_sites	200
Q16671	PDBe_ligand_sites	200
Q02747	PDBe_ligand_sites	404
P25092	PDBe_ligand_sites	200
Q02846	PDBe_ligand_sites	404
P51841	PDBe_ligand_sites	404
P08236	PDBe_ligand_sites	200
Q9NP58	PDBe_ligand_sites	200
P02724	PDBe_ligand_sites	200
P06028	PDBe_ligand_sites	404
P04921	PDBe_ligand_sites	404
P15421	PDBe_ligand_sites	404
P10144	PDBe_ligand_sites	200
P49418	PDBe_ligand_sites	200
P57053	PDBe_ligand_sites	404
Q14520	PDBe_ligand_sites	404
Q92839	PDBe_ligand_sites	404
O00219	PDBe_ligand_sites	404
P03950	PDBe_ligand_sites	200
P08631	PDBe_ligand_sites	200
O60741	PDBe_ligand_sites	200
Q9UL51	PDBe_ligand_sites	200
O43613	PDBe_ligand_sites	200
O43614	PDBe_ligand_sites	200
A0A1B0GWG4	PDBe_ligand_sites	404
P55160	PDBe_ligand_sites	404
Q9BQS7	PDBe_ligand_sites	404
Q30201	PDBe_ligand_sites	200
Q6ZVN8	PDBe_ligand_sites	200
P36980	PDBe_ligand_sites	200
A4D0T7	PDBe_ligand_sites	404
Q9UKU9	PDBe_ligand_sites	200
C9JL84	PDBe_ligand_sites	404
Q9UM44	PDBe_ligand_sites	404
A8MZH6	PDBe_ligand_sites	404
A0A1B0GVN3	PDBe_ligand_sites	404
Q01484	PDBe_ligand_sites	200
P04439	PDBe_ligand_sites	200
P01889	PDBe_ligand_sites	200
P10321	PDBe_ligand_sites	200
P28067	PDBe_ligand_sites	200
P28068	PDBe_ligand_sites	200
P06340	PDBe_ligand_sites	200
P13765	PDBe_ligand_sites	200
P20036	PDBe_ligand_sites	200
E9PQX1	PDBe_ligand_sites	404
H3BNL8	PDBe_ligand_sites	404
Q12955	PDBe_ligand_sites	404
P04440	PDBe_ligand_sites	200
P01909	PDBe_ligand_sites	200
P01906	PDBe_ligand_sites	404
P01920	PDBe_ligand_sites	200
P05538	PDBe_ligand_sites	404
P01903	PDBe_ligand_sites	200
P01911	PDBe_ligand_sites	200
P79483	PDBe_ligand_sites	404
A0A1W2PQU2	PDBe_ligand_sites	404
P13762	PDBe_ligand_sites	404
Q30154	PDBe_ligand_sites	200
P13747	PDBe_ligand_sites	200
P30511	PDBe_ligand_sites	200
A0A1B0GVY4	PDBe_ligand_sites	404
P17693	PDBe_ligand_sites	200
O75762	PDBe_ligand_sites	200
Q95460	PDBe_ligand_sites	200
A0A3B3IRV3	PDBe_ligand_sites	404
P09429	PDBe_ligand_sites	404
Q9NP78	PDBe_ligand_sites	404
P15144	PDBe_ligand_sites	200
P26583	PDBe_ligand_sites	404
O75330	PDBe_ligand_sites	404
Q00839	PDBe_ligand_sites	404
A0A1B0GTU2	PDBe_ligand_sites	404
P33527	PDBe_ligand_sites	200
A0A087WTH1	PDBe_ligand_sites	404
A0A087X1G2	PDBe_ligand_sites	404
H7C241	PDBe_ligand_sites	404
P0DMS9	PDBe_ligand_sites	404
P05981	PDBe_ligand_sites	200
Q9Y251	PDBe_ligand_sites	200
P35367	PDBe_ligand_sites	200
A8MUP6	PDBe_ligand_sites	404
P25021	PDBe_ligand_sites	200
P0DN78	PDBe_ligand_sites	404
Q9Y5N1	PDBe_ligand_sites	200
Q9Y278	PDBe_ligand_sites	404
Q5T3U5	PDBe_ligand_sites	404
H3BQJ8	PDBe_ligand_sites	404
A0A0K2S4Q6	PDBe_ligand_sites	404
P0DMV8	PDBe_ligand_sites	200
P0DMV9	PDBe_ligand_sites	200
P54652	PDBe_ligand_sites	200
P11021	PDBe_ligand_sites	200
A0A1B0GVZ9	PDBe_ligand_sites	404
A0A1B0GTY4	PDBe_ligand_sites	404
P0DQD5	PDBe_ligand_sites	404
A0A1B0GUA7	PDBe_ligand_sites	404
A0A1B0GTQ4	PDBe_ligand_sites	404
P11142	PDBe_ligand_sites	200
P38646	PDBe_ligand_sites	200
P04792	PDBe_ligand_sites	200
P07900	PDBe_ligand_sites	200
P08238	PDBe_ligand_sites	200
P10809	PDBe_ligand_sites	200
P61604	PDBe_ligand_sites	404
P98160	PDBe_ligand_sites	200
P08908	PDBe_ligand_sites	200
P28222	PDBe_ligand_sites	200
P28221	PDBe_ligand_sites	200
P28566	PDBe_ligand_sites	200
P30939	PDBe_ligand_sites	200
P28223	PDBe_ligand_sites	200
P41595	PDBe_ligand_sites	200
P28335	PDBe_ligand_sites	200
P46098	PDBe_ligand_sites	200
O95264	PDBe_ligand_sites	404
Q13639	PDBe_ligand_sites	200
Q92887	PDBe_ligand_sites	200
P47898	PDBe_ligand_sites	200
P50406	PDBe_ligand_sites	200
P34969	PDBe_ligand_sites	200
P0DP42	PDBe_ligand_sites	404
A0A1B0GTR0	PDBe_ligand_sites	404
P24821	PDBe_ligand_sites	200
Q12794	PDBe_ligand_sites	200
Q12891	PDBe_ligand_sites	404
A0A1B0GVD1	PDBe_ligand_sites	404
O43820	PDBe_ligand_sites	404
Q2M3T9	PDBe_ligand_sites	404
P04083	PDBe_ligand_sites	200
Q9HC29	PDBe_ligand_sites	404
A0A1B0GU29	PDBe_ligand_sites	404
P05362	PDBe_ligand_sites	200
A0A1B0GV90	PDBe_ligand_sites	404
E5RIL1	PDBe_ligand_sites	404
P13598	PDBe_ligand_sites	200
D0EPY3	PDBe_ligand_sites	404
P32942	PDBe_ligand_sites	200
Q14773	PDBe_ligand_sites	404
Q9UMF0	PDBe_ligand_sites	200
Q9Y6W8	PDBe_ligand_sites	200
P27216	PDBe_ligand_sites	200
P0DPD8	PDBe_ligand_sites	404
A0A1B0GV85	PDBe_ligand_sites	404
A0A1B0GUA5	PDBe_ligand_sites	404
A0A1B0GWB2	PDBe_ligand_sites	404
A0A1B0GUY1	PDBe_ligand_sites	404
A0A1B0GW64	PDBe_ligand_sites	404
P0DPE3	PDBe_ligand_sites	404
A0A1B0GTW7	PDBe_ligand_sites	404
A0A1W2PS18	PDBe_ligand_sites	404
A0A1B0GUW6	PDBe_ligand_sites	404
A0A1B0GVT2	PDBe_ligand_sites	404
P07355	PDBe_ligand_sites	200
A0A1W2PP97	PDBe_ligand_sites	404
P14735	PDBe_ligand_sites	200
A0A075B734	PDBe_ligand_sites	404
A0A2R8YFM6	PDBe_ligand_sites	404
A0A2R8YFL7	PDBe_ligand_sites	404
A0A2R8Y4Y8	PDBe_ligand_sites	404
P46695	PDBe_ligand_sites	404
P0DPK3	PDBe_ligand_sites	404
P0DPK4	PDBe_ligand_sites	404
A0A096LNW5	PDBe_ligand_sites	404
A0A0U1RQS6	PDBe_ligand_sites	404
Q16666	PDBe_ligand_sites	200
P80217	PDBe_ligand_sites	404
O15438	PDBe_ligand_sites	200
A0A286YFK9	PDBe_ligand_sites	404
A0A1B0GW54	PDBe_ligand_sites	404
P12429	PDBe_ligand_sites	200
P13164	PDBe_ligand_sites	404
Q01629	PDBe_ligand_sites	404
Q01628	PDBe_ligand_sites	404
P08758	PDBe_ligand_sites	200
P17181	PDBe_ligand_sites	200
P48551	PDBe_ligand_sites	200
P15260	PDBe_ligand_sites	200
P0DTL4	PDBe_ligand_sites	404
P08133	PDBe_ligand_sites	200
P38484	PDBe_ligand_sites	200
F5H094	PDBe_ligand_sites	404
P20073	PDBe_ligand_sites	200
P13928	PDBe_ligand_sites	200
P08069	PDBe_ligand_sites	200
P11717	PDBe_ligand_sites	200
O76027	PDBe_ligand_sites	404
P18065	PDBe_ligand_sites	404
P17936	PDBe_ligand_sites	404
Q16270	PDBe_ligand_sites	404
O75106	PDBe_ligand_sites	404
O15439	PDBe_ligand_sites	200
Q16853	PDBe_ligand_sites	200
A0A5F9ZH02	PDBe_ligand_sites	404
Q4W5P6	PDBe_ligand_sites	404
A0A0X1KG70	PDBe_ligand_sites	404
A0A096LPK9	PDBe_ligand_sites	404
P0DTF9	PDBe_ligand_sites	404
Q96E66	PDBe_ligand_sites	404
A0A494C103	PDBe_ligand_sites	404
A0A286YF18	PDBe_ligand_sites	404
A0A2R8Y7Y5	PDBe_ligand_sites	404
A0A494BZU4	PDBe_ligand_sites	404
O15440	PDBe_ligand_sites	200
A0A8V8TMC4	PDBe_ligand_sites	404
Q96CW1	PDBe_ligand_sites	404
A0A0C4DGP1	PDBe_ligand_sites	404
A0A411D538	PDBe_ligand_sites	404
O95255	PDBe_ligand_sites	200
P25054	PDBe_ligand_sites	200
P02743	PDBe_ligand_sites	200
P15814	PDBe_ligand_sites	404
A0A494C1I1	PDBe_ligand_sites	404
Q09428	PDBe_ligand_sites	200
Q8N6C5	PDBe_ligand_sites	404
Q93033	PDBe_ligand_sites	404
O75054	PDBe_ligand_sites	404
Q9BY67	PDBe_ligand_sites	404
Q9NSI5	PDBe_ligand_sites	404
O95976	PDBe_ligand_sites	404
Q14623	PDBe_ligand_sites	200
Q13651	PDBe_ligand_sites	404
Q08334	PDBe_ligand_sites	200
Q14626	PDBe_ligand_sites	200
P51693	PDBe_ligand_sites	200
P42701	PDBe_ligand_sites	200
Q99665	PDBe_ligand_sites	200
P78552	PDBe_ligand_sites	200
Q14627	PDBe_ligand_sites	200
P40933	PDBe_ligand_sites	200
Q13261	PDBe_ligand_sites	404
Q06481	PDBe_ligand_sites	200
Q14005	PDBe_ligand_sites	200
Q9P0M4	PDBe_ligand_sites	404
Q96F46	PDBe_ligand_sites	200
Q13478	PDBe_ligand_sites	200
O95256	PDBe_ligand_sites	200
P01583	PDBe_ligand_sites	200
P14778	PDBe_ligand_sites	200
P27930	PDBe_ligand_sites	200
Q9NPH3	PDBe_ligand_sites	200
Q9NZN1	PDBe_ligand_sites	200
Q9NP60	PDBe_ligand_sites	404
Q01638	PDBe_ligand_sites	200
Q9HB29	PDBe_ligand_sites	200
O60706	PDBe_ligand_sites	404
P18510	PDBe_ligand_sites	404
Q9UHF4	PDBe_ligand_sites	200
Q6UXL0	PDBe_ligand_sites	200
Q9HBE5	PDBe_ligand_sites	200
P01589	PDBe_ligand_sites	200
P14784	PDBe_ligand_sites	200
P31785	PDBe_ligand_sites	200
P26951	PDBe_ligand_sites	200
P24394	PDBe_ligand_sites	200
Q01344	PDBe_ligand_sites	200
P08887	PDBe_ligand_sites	200
P40189	PDBe_ligand_sites	200
P16871	PDBe_ligand_sites	200
P25024	PDBe_ligand_sites	404
P25025	PDBe_ligand_sites	200
Q01113	PDBe_ligand_sites	200
Q17R60	PDBe_ligand_sites	404
Q14642	PDBe_ligand_sites	404
Q14641	PDBe_ligand_sites	404
Q9Y581	PDBe_ligand_sites	404
P06213	PDBe_ligand_sites	200
P14616	PDBe_ligand_sites	404
A6NM10	PDBe_ligand_sites	404
P46940	PDBe_ligand_sites	200
Q13576	PDBe_ligand_sites	200
P05090	PDBe_ligand_sites	200
P35568	PDBe_ligand_sites	404
P02649	PDBe_ligand_sites	200
O14498	PDBe_ligand_sites	404
P56199	PDBe_ligand_sites	200
O75578	PDBe_ligand_sites	404
Q9UKX5	PDBe_ligand_sites	404
P17301	PDBe_ligand_sites	200
P08514	PDBe_ligand_sites	200
P26006	PDBe_ligand_sites	404
P13612	PDBe_ligand_sites	200
P08648	PDBe_ligand_sites	200
P23229	PDBe_ligand_sites	200
Q13683	PDBe_ligand_sites	404
P53708	PDBe_ligand_sites	404
Q13797	PDBe_ligand_sites	404
Q13349	PDBe_ligand_sites	404
P38570	PDBe_ligand_sites	200
P20701	PDBe_ligand_sites	200
P11215	PDBe_ligand_sites	200
P06756	PDBe_ligand_sites	200
P20702	PDBe_ligand_sites	200
P05556	PDBe_ligand_sites	200
P05107	PDBe_ligand_sites	200
P05106	PDBe_ligand_sites	200
P16144	PDBe_ligand_sites	200
P02749	PDBe_ligand_sites	200
P18084	PDBe_ligand_sites	404
P18564	PDBe_ligand_sites	200
P26010	PDBe_ligand_sites	200
P26012	PDBe_ligand_sites	200
O95965	PDBe_ligand_sites	404
O43736	PDBe_ligand_sites	404
Q9Y287	PDBe_ligand_sites	404
Q9NQX7	PDBe_ligand_sites	404
O14791	PDBe_ligand_sites	200
P78504	PDBe_ligand_sites	200
Q9Y219	PDBe_ligand_sites	200
P52333	PDBe_ligand_sites	200
P05067	PDBe_ligand_sites	200
O76095	PDBe_ligand_sites	404
P14923	PDBe_ligand_sites	200
P27701	PDBe_ligand_sites	200
P23352	PDBe_ligand_sites	404
Q15046	PDBe_ligand_sites	200
Q09470	PDBe_ligand_sites	404
Q16322	PDBe_ligand_sites	404
P16389	PDBe_ligand_sites	404
P22001	PDBe_ligand_sites	200
P22459	PDBe_ligand_sites	404
P22460	PDBe_ligand_sites	404
P17658	PDBe_ligand_sites	404
Q96RP8	PDBe_ligand_sites	404
Q14722	PDBe_ligand_sites	404
Q14721	PDBe_ligand_sites	200
Q92953	PDBe_ligand_sites	404
P48547	PDBe_ligand_sites	200
Q96PR1	PDBe_ligand_sites	404
Q14003	PDBe_ligand_sites	404
Q03721	PDBe_ligand_sites	404
Q9NSA2	PDBe_ligand_sites	404
Q9NZV8	PDBe_ligand_sites	200
Q9UK17	PDBe_ligand_sites	200
P15382	PDBe_ligand_sites	200
Q9UJ90	PDBe_ligand_sites	404
Q9Y6J6	PDBe_ligand_sites	404
Q9Y6H6	PDBe_ligand_sites	200
Q8WWG9	PDBe_ligand_sites	404
Q9H3M0	PDBe_ligand_sites	404
Q9UIX4	PDBe_ligand_sites	404
Q9UJ96	PDBe_ligand_sites	404
O95259	PDBe_ligand_sites	404
Q12809	PDBe_ligand_sites	200
Q9ULD8	PDBe_ligand_sites	404
Q9UQ05	PDBe_ligand_sites	404
Q8NCM2	PDBe_ligand_sites	200
P48048	PDBe_ligand_sites	404
P78508	PDBe_ligand_sites	200
Q14654	PDBe_ligand_sites	200
Q14500	PDBe_ligand_sites	404
O60928	PDBe_ligand_sites	200
Q9UNX9	PDBe_ligand_sites	404
Q99712	PDBe_ligand_sites	404
Q9NPI9	PDBe_ligand_sites	200
P63252	PDBe_ligand_sites	200
P48549	PDBe_ligand_sites	404
P48050	PDBe_ligand_sites	404
P48544	PDBe_ligand_sites	404
P48051	PDBe_ligand_sites	404
Q15842	PDBe_ligand_sites	404
Q92806	PDBe_ligand_sites	404
O00180	PDBe_ligand_sites	200
P57789	PDBe_ligand_sites	200
Q9HB15	PDBe_ligand_sites	404
Q9HB14	PDBe_ligand_sites	200
O95069	PDBe_ligand_sites	200
O14649	PDBe_ligand_sites	200
Q9NYG8	PDBe_ligand_sites	200
O95279	PDBe_ligand_sites	404
Q9Y257	PDBe_ligand_sites	200
Q9Y2U2	PDBe_ligand_sites	404
Q9NPC2	PDBe_ligand_sites	200
Q12791	PDBe_ligand_sites	200
Q16558	PDBe_ligand_sites	404
Q9Y691	PDBe_ligand_sites	404
Q9NPA1	PDBe_ligand_sites	404
Q86W47	PDBe_ligand_sites	200
Q92952	PDBe_ligand_sites	404
Q9H2S1	PDBe_ligand_sites	200
Q9UGI6	PDBe_ligand_sites	404
O15554	PDBe_ligand_sites	200
P51787	PDBe_ligand_sites	200
O43526	PDBe_ligand_sites	200
O43525	PDBe_ligand_sites	200
P56696	PDBe_ligand_sites	200
Q9NR82	PDBe_ligand_sites	200
Q13796	PDBe_ligand_sites	200
Q96KK3	PDBe_ligand_sites	404
Q9ULS6	PDBe_ligand_sites	404
Q9BQ31	PDBe_ligand_sites	404
P24390	PDBe_ligand_sites	404
P35968	PDBe_ligand_sites	200
P23276	PDBe_ligand_sites	404
P43626	PDBe_ligand_sites	200
P29972	PDBe_ligand_sites	200
P43627	PDBe_ligand_sites	200
P43628	PDBe_ligand_sites	200
Q99706	PDBe_ligand_sites	200
Q14954	PDBe_ligand_sites	404
P43631	PDBe_ligand_sites	200
Q14952	PDBe_ligand_sites	404
P43632	PDBe_ligand_sites	404
Q14953	PDBe_ligand_sites	404
P43629	PDBe_ligand_sites	200
P43630	PDBe_ligand_sites	404
P41181	PDBe_ligand_sites	200
Q14943	PDBe_ligand_sites	404
P10721	PDBe_ligand_sites	200
P21583	PDBe_ligand_sites	200
Q9UEF7	PDBe_ligand_sites	200
Q92482	PDBe_ligand_sites	200
P20151	PDBe_ligand_sites	200
P07288	PDBe_ligand_sites	200
Q92876	PDBe_ligand_sites	200
O60259	PDBe_ligand_sites	200
P55087	PDBe_ligand_sites	200
Q12918	PDBe_ligand_sites	200
P26715	PDBe_ligand_sites	404
P26717	PDBe_ligand_sites	404
Q07444	PDBe_ligand_sites	404
O43908	PDBe_ligand_sites	404
Q13241	PDBe_ligand_sites	404
P55064	PDBe_ligand_sites	200
Q96E93	PDBe_ligand_sites	200
P01042	PDBe_ligand_sites	200
Q13520	PDBe_ligand_sites	404
O14520	PDBe_ligand_sites	200
P04264	PDBe_ligand_sites	200
P13645	PDBe_ligand_sites	200
O94778	PDBe_ligand_sites	404
O43315	PDBe_ligand_sites	404
P05787	PDBe_ligand_sites	200
Q8IVT5	PDBe_ligand_sites	200
P32004	PDBe_ligand_sites	200
O00515	PDBe_ligand_sites	404
P18627	PDBe_ligand_sites	200
Q6GTX8	PDBe_ligand_sites	200
Q16787	PDBe_ligand_sites	404
Q16363	PDBe_ligand_sites	404
P11279	PDBe_ligand_sites	404
P13473	PDBe_ligand_sites	404
P08865	PDBe_ligand_sites	404
O43813	PDBe_ligand_sites	200
P15514	PDBe_ligand_sites	404
P13796	PDBe_ligand_sites	200
P09848	PDBe_ligand_sites	404
P01130	PDBe_ligand_sites	200
P48357	PDBe_ligand_sites	200
P09382	PDBe_ligand_sites	200
P17931	PDBe_ligand_sites	200
Q08380	PDBe_ligand_sites	200
P56470	PDBe_ligand_sites	200
O00214	PDBe_ligand_sites	200
O00182	PDBe_ligand_sites	200
O95970	PDBe_ligand_sites	200
P84085	PDBe_ligand_sites	200
P22888	PDBe_ligand_sites	200
Q9Y693	PDBe_ligand_sites	404
Q86WI0	PDBe_ligand_sites	404
Q6ZUX7	PDBe_ligand_sites	404
Q86UP9	PDBe_ligand_sites	404
P42702	PDBe_ligand_sites	200
O75019	PDBe_ligand_sites	404
Q8N149	PDBe_ligand_sites	404
Q8NHL6	PDBe_ligand_sites	200
Q8N423	PDBe_ligand_sites	200
O75022	PDBe_ligand_sites	404
Q8NHJ6	PDBe_ligand_sites	200
O75023	PDBe_ligand_sites	404
P55344	PDBe_ligand_sites	404
P11150	PDBe_ligand_sites	404
Q9Y5X9	PDBe_ligand_sites	404
Q9UIQ6	PDBe_ligand_sites	200
Q8TBB1	PDBe_ligand_sites	200
P28300	PDBe_ligand_sites	404
Q08397	PDBe_ligand_sites	404
Q9Y4K0	PDBe_ligand_sites	200
P61586	PDBe_ligand_sites	200
P06858	PDBe_ligand_sites	200
O75427	PDBe_ligand_sites	404
Q07954	PDBe_ligand_sites	200
Q9NZR2	PDBe_ligand_sites	404
P98164	PDBe_ligand_sites	200
O75074	PDBe_ligand_sites	404
O75096	PDBe_ligand_sites	404
O75197	PDBe_ligand_sites	404
O75581	PDBe_ligand_sites	200
Q14114	PDBe_ligand_sites	200
Q32MZ4	PDBe_ligand_sites	404
Q13449	PDBe_ligand_sites	404
P01374	PDBe_ligand_sites	404
Q06643	PDBe_ligand_sites	404
Q15722	PDBe_ligand_sites	200
Q14766	PDBe_ligand_sites	200
P36941	PDBe_ligand_sites	404
P02788	PDBe_ligand_sites	200
P29376	PDBe_ligand_sites	200
P50895	PDBe_ligand_sites	404
Q99467	PDBe_ligand_sites	200
Q16553	PDBe_ligand_sites	404
O94772	PDBe_ligand_sites	404
O60449	PDBe_ligand_sites	200
Q9HBG7	PDBe_ligand_sites	404
O76036	PDBe_ligand_sites	200
O95944	PDBe_ligand_sites	404
P07948	PDBe_ligand_sites	200
Q14444	PDBe_ligand_sites	404
P20645	PDBe_ligand_sites	404
P29966	PDBe_ligand_sites	404
Q13477	PDBe_ligand_sites	200
Q8WXG6	PDBe_ligand_sites	404
P20916	PDBe_ligand_sites	404
P43363	PDBe_ligand_sites	404
P21145	PDBe_ligand_sites	404
Q13021	PDBe_ligand_sites	404
O00754	PDBe_ligand_sites	404
P10636	PDBe_ligand_sites	200
Q9UEW3	PDBe_ligand_sites	404
P04201	PDBe_ligand_sites	200
P48740	PDBe_ligand_sites	200
O00187	PDBe_ligand_sites	200
P11226	PDBe_ligand_sites	200
P02686	PDBe_ligand_sites	404
Q01726	PDBe_ligand_sites	200
Q01718	PDBe_ligand_sites	200
P41968	PDBe_ligand_sites	200
P32245	PDBe_ligand_sites	200
P33032	PDBe_ligand_sites	200
P43121	PDBe_ligand_sites	200
P23508	PDBe_ligand_sites	200
P15529	PDBe_ligand_sites	200
Q16819	PDBe_ligand_sites	200
Q16820	PDBe_ligand_sites	200
Q12866	PDBe_ligand_sites	200
P08581	PDBe_ligand_sites	200
P55082	PDBe_ligand_sites	404
P55083	PDBe_ligand_sites	200
Q08431	PDBe_ligand_sites	404
P08582	PDBe_ligand_sites	200
O43451	PDBe_ligand_sites	200
P14209	PDBe_ligand_sites	404
Q29983	PDBe_ligand_sites	200
Q29980	PDBe_ligand_sites	200
P14174	PDBe_ligand_sites	200
Q07325	PDBe_ligand_sites	404
P30301	PDBe_ligand_sites	404
Q15773	PDBe_ligand_sites	404
P15289	PDBe_ligand_sites	200
P15848	PDBe_ligand_sites	200
Q7Z4N2	PDBe_ligand_sites	404
Q9BYG8	PDBe_ligand_sites	404
Q15546	PDBe_ligand_sites	404
P08473	PDBe_ligand_sites	200
P50281	PDBe_ligand_sites	200
P51511	PDBe_ligand_sites	404
P51512	PDBe_ligand_sites	200
Q9ULZ9	PDBe_ligand_sites	404
P08253	PDBe_ligand_sites	200
P51689	PDBe_ligand_sites	404
O75900	PDBe_ligand_sites	404
Q9Y5R2	PDBe_ligand_sites	404
P09237	PDBe_ligand_sites	200
P22894	PDBe_ligand_sites	200
P14780	PDBe_ligand_sites	200
Q13201	PDBe_ligand_sites	404
Q16653	PDBe_ligand_sites	404
P41217	PDBe_ligand_sites	404
O75970	PDBe_ligand_sites	200
P54793	PDBe_ligand_sites	404
P40238	PDBe_ligand_sites	200
P05164	PDBe_ligand_sites	200
Q13368	PDBe_ligand_sites	404
P25189	PDBe_ligand_sites	200
O95297	PDBe_ligand_sites	404
P22897	PDBe_ligand_sites	200
P52961	PDBe_ligand_sites	404
Q13508	PDBe_ligand_sites	404
Q93070	PDBe_ligand_sites	404
P45844	PDBe_ligand_sites	200
P11836	PDBe_ligand_sites	200
Q01362	PDBe_ligand_sites	200
Q96HJ5	PDBe_ligand_sites	404
Q02083	PDBe_ligand_sites	200
Q13421	PDBe_ligand_sites	200
P08118	PDBe_ligand_sites	404
P26038	PDBe_ligand_sites	200
P21757	PDBe_ligand_sites	200
Q04912	PDBe_ligand_sites	200
Q9UNQ0	PDBe_ligand_sites	200
P07306	PDBe_ligand_sites	200
P07307	PDBe_ligand_sites	200
P42127	PDBe_ligand_sites	404
P48039	PDBe_ligand_sites	200
P49286	PDBe_ligand_sites	200
P15941	PDBe_ligand_sites	200
Q9UKN1	PDBe_ligand_sites	404
Q9H3R2	PDBe_ligand_sites	404
Q02505	PDBe_ligand_sites	404
Q99102	PDBe_ligand_sites	404
Q9HBB8	PDBe_ligand_sites	200
O15146	PDBe_ligand_sites	200
Q9NR99	PDBe_ligand_sites	404
Q9BRK3	PDBe_ligand_sites	404
Q96S97	PDBe_ligand_sites	404
Q12797	PDBe_ligand_sites	200
P35579	PDBe_ligand_sites	200
Q15746	PDBe_ligand_sites	404
O00159	PDBe_ligand_sites	200
Q99972	PDBe_ligand_sites	200
P41271	PDBe_ligand_sites	200
P13591	PDBe_ligand_sites	200
O15394	PDBe_ligand_sites	200
O14525	PDBe_ligand_sites	404
Q14511	PDBe_ligand_sites	404
Q92832	PDBe_ligand_sites	200
Q99435	PDBe_ligand_sites	200
Q92859	PDBe_ligand_sites	200
Q99519	PDBe_ligand_sites	404
Q9UQ49	PDBe_ligand_sites	404
P08138	PDBe_ligand_sites	200
Q6T4R5	PDBe_ligand_sites	404
Q92982	PDBe_ligand_sites	200
Q9NZG7	PDBe_ligand_sites	200
Q16617	PDBe_ligand_sites	404
P30414	PDBe_ligand_sites	200
P28336	PDBe_ligand_sites	200
P15531	PDBe_ligand_sites	200
P29475	PDBe_ligand_sites	200
P46531	PDBe_ligand_sites	200
Q04721	PDBe_ligand_sites	200
Q9UM47	PDBe_ligand_sites	200
Q99466	PDBe_ligand_sites	200
P48745	PDBe_ligand_sites	404
Q9Y5S8	PDBe_ligand_sites	404
Q9HBY0	PDBe_ligand_sites	404
Q9NPH5	PDBe_ligand_sites	404
O15118	PDBe_ligand_sites	200
Q9UHC9	PDBe_ligand_sites	200
Q9NQX5	PDBe_ligand_sites	404
O60500	PDBe_ligand_sites	404
P16066	PDBe_ligand_sites	200
P20594	PDBe_ligand_sites	404
P17342	PDBe_ligand_sites	200
Q15818	PDBe_ligand_sites	200
P47972	PDBe_ligand_sites	404
O95502	PDBe_ligand_sites	404
P25929	PDBe_ligand_sites	200
P49146	PDBe_ligand_sites	200
Q15761	PDBe_ligand_sites	404
P05023	PDBe_ligand_sites	200
Q92823	PDBe_ligand_sites	404
O43847	PDBe_ligand_sites	404
Q02297	PDBe_ligand_sites	404
O14511	PDBe_ligand_sites	404
P56975	PDBe_ligand_sites	404
P19801	PDBe_ligand_sites	200
P50993	PDBe_ligand_sites	404
O14786	PDBe_ligand_sites	200
O60462	PDBe_ligand_sites	200
P58400	PDBe_ligand_sites	200
P58401	PDBe_ligand_sites	200
P13637	PDBe_ligand_sites	200
Q9HDB5	PDBe_ligand_sites	404
P78357	PDBe_ligand_sites	404
P67809	PDBe_ligand_sites	200
P21589	PDBe_ligand_sites	200
O00634	PDBe_ligand_sites	404
P04629	PDBe_ligand_sites	200
Q16620	PDBe_ligand_sites	200
Q16288	PDBe_ligand_sites	200
P30989	PDBe_ligand_sites	200
P05026	PDBe_ligand_sites	200
O95665	PDBe_ligand_sites	404
P80303	PDBe_ligand_sites	404
P14415	PDBe_ligand_sites	404
P54709	PDBe_ligand_sites	200
P49757	PDBe_ligand_sites	200
P37198	PDBe_ligand_sites	404
O95156	PDBe_ligand_sites	404
O95157	PDBe_ligand_sites	404
O95158	PDBe_ligand_sites	404
Q6ZUT3	PDBe_ligand_sites	404
Q9UN42	PDBe_ligand_sites	404
Q9GZU5	PDBe_ligand_sites	404
Q04671	PDBe_ligand_sites	404
Q16625	PDBe_ligand_sites	404
Q9UKZ4	PDBe_ligand_sites	404
P78380	PDBe_ligand_sites	200
P23515	PDBe_ligand_sites	404
P20020	PDBe_ligand_sites	404
Q14982	PDBe_ligand_sites	200
Q01814	PDBe_ligand_sites	404
P41143	PDBe_ligand_sites	200
P41145	PDBe_ligand_sites	200
P41146	PDBe_ligand_sites	200
P35372	PDBe_ligand_sites	200
Q99720	PDBe_ligand_sites	200
Q16720	PDBe_ligand_sites	404
Q9H208	PDBe_ligand_sites	404
P58181	PDBe_ligand_sites	404
Q96KK4	PDBe_ligand_sites	404
Q8NH80	PDBe_ligand_sites	404
P23634	PDBe_ligand_sites	404
Q8NGC3	PDBe_ligand_sites	404
Q8NGC4	PDBe_ligand_sites	404
Q9Y4A9	PDBe_ligand_sites	404
O60403	PDBe_ligand_sites	404
O60404	PDBe_ligand_sites	404
P30954	PDBe_ligand_sites	404
Q9GZK7	PDBe_ligand_sites	404
P0DN82	PDBe_ligand_sites	404
P58182	PDBe_ligand_sites	404
Q9P1Q5	PDBe_ligand_sites	404
Q9Y585	PDBe_ligand_sites	404
Q8NGR6	PDBe_ligand_sites	404
Q15619	PDBe_ligand_sites	404
P34982	PDBe_ligand_sites	404
P47884	PDBe_ligand_sites	404
P58170	PDBe_ligand_sites	404
P30953	PDBe_ligand_sites	404
P20648	PDBe_ligand_sites	404
P47887	PDBe_ligand_sites	404
O43749	PDBe_ligand_sites	404
P51164	PDBe_ligand_sites	404
P47890	PDBe_ligand_sites	404
O60431	PDBe_ligand_sites	404
Q8NGS3	PDBe_ligand_sites	404
Q8NGS2	PDBe_ligand_sites	404
Q8NGS1	PDBe_ligand_sites	404
Q8NGR3	PDBe_ligand_sites	404
Q8NH94	PDBe_ligand_sites	404
Q8NH93	PDBe_ligand_sites	404
Q8NGR5	PDBe_ligand_sites	404
Q8NGR2	PDBe_ligand_sites	404
Q8NGA1	PDBe_ligand_sites	404
Q8NGS0	PDBe_ligand_sites	404
Q15612	PDBe_ligand_sites	404
A0A286YEU6	PDBe_ligand_sites	404
Q8NH92	PDBe_ligand_sites	404
Q6IF42	PDBe_ligand_sites	404
Q96R48	PDBe_ligand_sites	404
Q96R45	PDBe_ligand_sites	404
O76000	PDBe_ligand_sites	404
P58173	PDBe_ligand_sites	404
O95371	PDBe_ligand_sites	404
Q9H210	PDBe_ligand_sites	404
Q13607	PDBe_ligand_sites	404
O95006	PDBe_ligand_sites	404
Q9GZK4	PDBe_ligand_sites	404
O95918	PDBe_ligand_sites	404
Q8NGU4	PDBe_ligand_sites	404
Q9GZK6	PDBe_ligand_sites	404
O76002	PDBe_ligand_sites	404
O76001	PDBe_ligand_sites	404
Q8NGT1	PDBe_ligand_sites	404
Q8NH16	PDBe_ligand_sites	404
Q96R28	PDBe_ligand_sites	404
Q8NG83	PDBe_ligand_sites	404
Q96R27	PDBe_ligand_sites	404
Q9NQN1	PDBe_ligand_sites	404
O43869	PDBe_ligand_sites	404
Q8NHB1	PDBe_ligand_sites	404
Q9Y3N9	PDBe_ligand_sites	404
P47881	PDBe_ligand_sites	404
P47893	PDBe_ligand_sites	404
P47888	PDBe_ligand_sites	404
Q8NGF8	PDBe_ligand_sites	404
Q15615	PDBe_ligand_sites	404
P58180	PDBe_ligand_sites	404
P0C645	PDBe_ligand_sites	404
Q8NGC2	PDBe_ligand_sites	404
P06576	PDBe_ligand_sites	200
Q9UKL2	PDBe_ligand_sites	404
Q8NGJ0	PDBe_ligand_sites	404
Q96R09	PDBe_ligand_sites	404
Q8NH48	PDBe_ligand_sites	404
Q8NGR4	PDBe_ligand_sites	404
A0A2R8Y4L6	PDBe_ligand_sites	404
O95221	PDBe_ligand_sites	404
A6NKK0	PDBe_ligand_sites	404
Q13606	PDBe_ligand_sites	404
Q8NHB7	PDBe_ligand_sites	404
Q8NGL2	PDBe_ligand_sites	404
Q8NGL0	PDBe_ligand_sites	404
Q8NGP8	PDBe_ligand_sites	404
O95007	PDBe_ligand_sites	404
Q96RD1	PDBe_ligand_sites	404
O76100	PDBe_ligand_sites	404
O14581	PDBe_ligand_sites	404
Q15622	PDBe_ligand_sites	404
O76099	PDBe_ligand_sites	404
O60412	PDBe_ligand_sites	404
Q96RA2	PDBe_ligand_sites	404
Q8NG98	PDBe_ligand_sites	404
Q6IFN5	PDBe_ligand_sites	404
Q8NGA0	PDBe_ligand_sites	404
Q8NG99	PDBe_ligand_sites	404
Q8NG95	PDBe_ligand_sites	404
Q8NGG7	PDBe_ligand_sites	404
P18859	PDBe_ligand_sites	404
Q96RD0	PDBe_ligand_sites	404
Q8NGG8	PDBe_ligand_sites	404
Q96RC9	PDBe_ligand_sites	404
Q15620	PDBe_ligand_sites	404
Q8WZ84	PDBe_ligand_sites	404
Q9GZM6	PDBe_ligand_sites	404
Q15617	PDBe_ligand_sites	404
Q9Y226	PDBe_ligand_sites	404
Q9Y267	PDBe_ligand_sites	404
Q99650	PDBe_ligand_sites	200
O75508	PDBe_ligand_sites	404
Q12889	PDBe_ligand_sites	404
P30559	PDBe_ligand_sites	200
P15313	PDBe_ligand_sites	404
P51575	PDBe_ligand_sites	200
P56373	PDBe_ligand_sites	200
Q99571	PDBe_ligand_sites	200
Q93086	PDBe_ligand_sites	404
Q99572	PDBe_ligand_sites	200
O15547	PDBe_ligand_sites	404
P47900	PDBe_ligand_sites	200
P21281	PDBe_ligand_sites	200
Q96G91	PDBe_ligand_sites	404
P41231	PDBe_ligand_sites	200
P51582	PDBe_ligand_sites	200
Q15077	PDBe_ligand_sites	404
P07237	PDBe_ligand_sites	200
P09958	PDBe_ligand_sites	200
P29122	PDBe_ligand_sites	404
P36543	PDBe_ligand_sites	404
Q9UNF0	PDBe_ligand_sites	200
P09466	PDBe_ligand_sites	404
P05121	PDBe_ligand_sites	200
P05120	PDBe_ligand_sites	200
O75781	PDBe_ligand_sites	404
P19021	PDBe_ligand_sites	404
Q96RD7	PDBe_ligand_sites	200
Q96RD6	PDBe_ligand_sites	200
Q13219	PDBe_ligand_sites	200
Q96IZ0	PDBe_ligand_sites	404
Q96JT2	PDBe_ligand_sites	404
Q08174	PDBe_ligand_sites	200
Q9BZA7	PDBe_ligand_sites	404
Q9NPG4	PDBe_ligand_sites	404
O60245	PDBe_ligand_sites	404
Q9HBG4	PDBe_ligand_sites	200
O95206	PDBe_ligand_sites	200
Q9HC56	PDBe_ligand_sites	404
Q9Y5I3	PDBe_ligand_sites	404
Q9Y5I2	PDBe_ligand_sites	404
Q9Y5I1	PDBe_ligand_sites	404
Q9UN75	PDBe_ligand_sites	404
Q9Y5I0	PDBe_ligand_sites	404
Q9Y5H9	PDBe_ligand_sites	404
Q9Y5H8	PDBe_ligand_sites	404
Q9UN74	PDBe_ligand_sites	404
Q9Y5H7	PDBe_ligand_sites	404
Q9UN73	PDBe_ligand_sites	404
Q9UN72	PDBe_ligand_sites	404
Q9Y5H6	PDBe_ligand_sites	404
Q9Y5H5	PDBe_ligand_sites	404
Q9H158	PDBe_ligand_sites	404
Q9Y5I4	PDBe_ligand_sites	404
Q15904	PDBe_ligand_sites	200
Q9Y5F3	PDBe_ligand_sites	404
Q9UN67	PDBe_ligand_sites	404
Q9Y5F2	PDBe_ligand_sites	404
Q9Y5F1	PDBe_ligand_sites	404
Q9Y5F0	PDBe_ligand_sites	404
Q9Y5E9	PDBe_ligand_sites	404
Q9Y5E8	PDBe_ligand_sites	404
Q9Y5E7	PDBe_ligand_sites	404
Q9Y5E6	PDBe_ligand_sites	404
Q9Y5E5	PDBe_ligand_sites	404
Q04656	PDBe_ligand_sites	200
Q9Y5E4	PDBe_ligand_sites	404
Q9Y5E3	PDBe_ligand_sites	404
Q9Y5E2	PDBe_ligand_sites	404
Q9UN66	PDBe_ligand_sites	404
Q9Y5E1	PDBe_ligand_sites	404
Q9Y5H4	PDBe_ligand_sites	404
Q9Y5H3	PDBe_ligand_sites	404
Q9Y5H2	PDBe_ligand_sites	404
O60330	PDBe_ligand_sites	404
P35670	PDBe_ligand_sites	200
Q9Y5H1	PDBe_ligand_sites	404
Q9Y5H0	PDBe_ligand_sites	404
Q9Y5G9	PDBe_ligand_sites	404
Q9Y5G8	PDBe_ligand_sites	404
Q9Y5G7	PDBe_ligand_sites	404
Q9Y5G6	PDBe_ligand_sites	404
Q9Y5G5	PDBe_ligand_sites	404
Q9Y5G4	PDBe_ligand_sites	404
Q9Y5G3	PDBe_ligand_sites	404
Q9Y5G2	PDBe_ligand_sites	404
Q9UII2	PDBe_ligand_sites	404
Q9Y5G1	PDBe_ligand_sites	200
Q9UN71	PDBe_ligand_sites	404
Q9Y5G0	PDBe_ligand_sites	404
Q9Y5F9	PDBe_ligand_sites	404
Q9Y5F8	PDBe_ligand_sites	404
Q9UN70	PDBe_ligand_sites	404
Q9Y5F7	PDBe_ligand_sites	404
Q9Y5F6	PDBe_ligand_sites	404
A6NKB5	PDBe_ligand_sites	404
Q6UW60	PDBe_ligand_sites	404
Q92824	PDBe_ligand_sites	404
Q16549	PDBe_ligand_sites	404
Q00536	PDBe_ligand_sites	200
Q15116	PDBe_ligand_sites	200
Q08499	PDBe_ligand_sites	200
O76083	PDBe_ligand_sites	200
P04085	PDBe_ligand_sites	404
P01127	PDBe_ligand_sites	404
Q9NRA1	PDBe_ligand_sites	404
P16234	PDBe_ligand_sites	200
P09619	PDBe_ligand_sites	200
Q15198	PDBe_ligand_sites	404
O43511	PDBe_ligand_sites	404
P16284	PDBe_ligand_sites	200
O75882	PDBe_ligand_sites	404
P27918	PDBe_ligand_sites	200
O94921	PDBe_ligand_sites	404
P00558	PDBe_ligand_sites	200
P35232	PDBe_ligand_sites	404
P78562	PDBe_ligand_sites	404
O43692	PDBe_ligand_sites	404
P19957	PDBe_ligand_sites	404
P36952	PDBe_ligand_sites	200
P37288	PDBe_ligand_sites	200
P07093	PDBe_ligand_sites	200
P47901	PDBe_ligand_sites	404
P01833	PDBe_ligand_sites	200
P30518	PDBe_ligand_sites	200
P12273	PDBe_ligand_sites	200
Q99755	PDBe_ligand_sites	404
P98161	PDBe_ligand_sites	200
Q13563	PDBe_ligand_sites	200
Q9P0L9	PDBe_ligand_sites	200
Q9NZM6	PDBe_ligand_sites	404
Q9NTG1	PDBe_ligand_sites	404
P08F94	PDBe_ligand_sites	404
P14618	PDBe_ligand_sites	200
Q13835	PDBe_ligand_sites	404
Q99959	PDBe_ligand_sites	200
Q9Y446	PDBe_ligand_sites	404
Q99569	PDBe_ligand_sites	404
O15496	PDBe_ligand_sites	200
P04054	PDBe_ligand_sites	200
P14555	PDBe_ligand_sites	200
Q5R387	PDBe_ligand_sites	404
O60733	PDBe_ligand_sites	404
Q13093	PDBe_ligand_sites	200
Q13018	PDBe_ligand_sites	200
Q9HBJ0	PDBe_ligand_sites	404
P30530	PDBe_ligand_sites	200
P00750	PDBe_ligand_sites	200
P00749	PDBe_ligand_sites	200
Q03405	PDBe_ligand_sites	200
Q8N3E9	PDBe_ligand_sites	404
P19174	PDBe_ligand_sites	200
Q13393	PDBe_ligand_sites	200
O14939	PDBe_ligand_sites	200
Q15149	PDBe_ligand_sites	200
P60201	PDBe_ligand_sites	404
Q04941	PDBe_ligand_sites	404
O15162	PDBe_ligand_sites	404
Q9UIW2	PDBe_ligand_sites	200
P25311	PDBe_ligand_sites	200
O75051	PDBe_ligand_sites	404
P51805	PDBe_ligand_sites	404
Q9HCM2	PDBe_ligand_sites	404
O43157	PDBe_ligand_sites	200
O15031	PDBe_ligand_sites	200
Q9ULL4	PDBe_ligand_sites	404
O60486	PDBe_ligand_sites	200
Q9Y4D7	PDBe_ligand_sites	200
Q01453	PDBe_ligand_sites	404
P20160	PDBe_ligand_sites	200
P61769	PDBe_ligand_sites	200
Q9UL42	PDBe_ligand_sites	404
O00592	PDBe_ligand_sites	404
Q6PJE2	PDBe_ligand_sites	404
Q15165	PDBe_ligand_sites	404
O75387	PDBe_ligand_sites	404
O14494	PDBe_ligand_sites	200
O14495	PDBe_ligand_sites	200
O43688	PDBe_ligand_sites	200
P15291	PDBe_ligand_sites	200
P10619	PDBe_ligand_sites	200
P62937	PDBe_ligand_sites	200
P23284	PDBe_ligand_sites	200
P50897	PDBe_ligand_sites	404
Q9UMR5	PDBe_ligand_sites	200
P50391	PDBe_ligand_sites	404
P56817	PDBe_ligand_sites	200
Q9Y5Z0	PDBe_ligand_sites	200
P42785	PDBe_ligand_sites	200
Q06830	PDBe_ligand_sites	200
P32119	PDBe_ligand_sites	200
P58743	PDBe_ligand_sites	200
P14222	PDBe_ligand_sites	404
P10124	PDBe_ligand_sites	404
P13727	PDBe_ligand_sites	200
Q9Y2Y8	PDBe_ligand_sites	404
Q92954	PDBe_ligand_sites	404
P17252	PDBe_ligand_sites	200
Q969G5	PDBe_ligand_sites	404
Q16512	PDBe_ligand_sites	200
Q16513	PDBe_ligand_sites	200
O14514	PDBe_ligand_sites	404
O60241	PDBe_ligand_sites	200
P16471	PDBe_ligand_sites	200
P04156	PDBe_ligand_sites	200
O60242	PDBe_ligand_sites	200
Q9UNN8	PDBe_ligand_sites	200
O43490	PDBe_ligand_sites	404
P07225	PDBe_ligand_sites	200
O14668	PDBe_ligand_sites	200
Q9UQB8	PDBe_ligand_sites	200
O14669	PDBe_ligand_sites	200
Q99538	PDBe_ligand_sites	200
Q92743	PDBe_ligand_sites	200
Q9NQE7	PDBe_ligand_sites	404
Q9Y6M0	PDBe_ligand_sites	404
P98073	PDBe_ligand_sites	200
Q16651	PDBe_ligand_sites	200
P24158	PDBe_ligand_sites	200
P07602	PDBe_ligand_sites	200
O00400	PDBe_ligand_sites	200
O43653	PDBe_ligand_sites	404
Q15438	PDBe_ligand_sites	200
P49768	PDBe_ligand_sites	200
P49810	PDBe_ligand_sites	200
P11464	PDBe_ligand_sites	404
Q9UQ72	PDBe_ligand_sites	404
Q00888	PDBe_ligand_sites	404
Q15238	PDBe_ligand_sites	404
Q9UQ74	PDBe_ligand_sites	404
Q00887	PDBe_ligand_sites	404
P25105	PDBe_ligand_sites	200
P59533	PDBe_ligand_sites	404
Q13635	PDBe_ligand_sites	200
Q9Y6C5	PDBe_ligand_sites	404
Q96BW5	PDBe_ligand_sites	404
Q13258	PDBe_ligand_sites	200
P41222	PDBe_ligand_sites	200
P34995	PDBe_ligand_sites	200
P43116	PDBe_ligand_sites	200
P43115	PDBe_ligand_sites	200
P35408	PDBe_ligand_sites	200
P43088	PDBe_ligand_sites	200
Q9P2B2	PDBe_ligand_sites	404
P43119	PDBe_ligand_sites	200
Q03431	PDBe_ligand_sites	200
P49190	PDBe_ligand_sites	200
Q14289	PDBe_ligand_sites	200
Q13308	PDBe_ligand_sites	404
P06454	PDBe_ligand_sites	404
Q93096	PDBe_ligand_sites	200
O75365	PDBe_ligand_sites	404
Q9Y2R2	PDBe_ligand_sites	200
P29074	PDBe_ligand_sites	200
P78324	PDBe_ligand_sites	200
P18433	PDBe_ligand_sites	404
P23467	PDBe_ligand_sites	200
P08575	PDBe_ligand_sites	200
Q14761	PDBe_ligand_sites	404
P23468	PDBe_ligand_sites	200
P23469	PDBe_ligand_sites	200
P10586	PDBe_ligand_sites	200
P23470	PDBe_ligand_sites	200
Q9HD43	PDBe_ligand_sites	200
Q12913	PDBe_ligand_sites	200
Q15262	PDBe_ligand_sites	200
P28827	PDBe_ligand_sites	200
Q16849	PDBe_ligand_sites	200
Q92932	PDBe_ligand_sites	404
Q16827	PDBe_ligand_sites	200
Q9UMZ3	PDBe_ligand_sites	404
Q15256	PDBe_ligand_sites	200
Q13332	PDBe_ligand_sites	200
O14522	PDBe_ligand_sites	200
Q92729	PDBe_ligand_sites	200
Q6NZI2	PDBe_ligand_sites	404
P26022	PDBe_ligand_sites	200
Q8IVU1	PDBe_ligand_sites	404
P15151	PDBe_ligand_sites	200
Q15223	PDBe_ligand_sites	200
Q92692	PDBe_ligand_sites	200
Q16769	PDBe_ligand_sites	200
O00391	PDBe_ligand_sites	200
P51153	PDBe_ligand_sites	404
Q9UL26	PDBe_ligand_sites	404
O00194	PDBe_ligand_sites	200
Q8NFJ5	PDBe_ligand_sites	404
P11233	PDBe_ligand_sites	200
Q15311	PDBe_ligand_sites	200
O60894	PDBe_ligand_sites	200
O60895	PDBe_ligand_sites	200
O60896	PDBe_ligand_sites	200
P49788	PDBe_ligand_sites	404
Q9UL19	PDBe_ligand_sites	404
Q16515	PDBe_ligand_sites	404
Q15293	PDBe_ligand_sites	404
P04000	PDBe_ligand_sites	200
P23942	PDBe_ligand_sites	404
P35241	PDBe_ligand_sites	404
P00797	PDBe_ligand_sites	200
P07949	PDBe_ligand_sites	200
O75679	PDBe_ligand_sites	404
P47804	PDBe_ligand_sites	404
O75084	SAbDab_representative_contacts	mapped_contacts
Q5VY80	SAbDab_representative_contacts	mapped_contacts
P41440	SAbDab_representative_contacts	no_mapped_contacts
P0C0L5	SAbDab_representative_contacts	mapped_contacts
Q9UIW2	SAbDab_representative_contacts	mapped_contacts
P30411	SAbDab_representative_contacts	mapped_contacts
P35613	SAbDab_representative_contacts	mapped_contacts
P36896	SAbDab_representative_contacts	no_mapped_contacts
P01589	SAbDab_representative_contacts	mapped_contacts
O14493	SAbDab_representative_contacts	mapped_contacts
P47869	SAbDab_representative_contacts	mapped_contacts
P05067	SAbDab_representative_contacts	mapped_contacts
P01024	SAbDab_representative_contacts	mapped_contacts
P26992	SAbDab_representative_contacts	mapped_contacts
P08069	SAbDab_representative_contacts	mapped_contacts
Q07011	SAbDab_representative_contacts	mapped_contacts
Q15391	SAbDab_representative_contacts	mapped_contacts
P25445	SAbDab_representative_contacts	mapped_contacts
Q9H461	SAbDab_representative_contacts	mapped_contacts
Q5ZPR3	SAbDab_representative_contacts	mapped_contacts
P18507	SAbDab_representative_contacts	mapped_contacts
P48067	SAbDab_representative_contacts	mapped_contacts
P26951	SAbDab_representative_contacts	mapped_contacts
P05362	SAbDab_representative_contacts	mapped_contacts
P41180	SAbDab_representative_contacts	mapped_contacts
Q16790	SAbDab_representative_contacts	mapped_contacts
Q92847	SAbDab_representative_contacts	mapped_contacts
Q9NPF0	SAbDab_representative_contacts	mapped_contacts
P01730	SAbDab_representative_contacts	mapped_contacts
Q9H3N8	SAbDab_representative_contacts	no_mapped_contacts
Q14332	SAbDab_representative_contacts	mapped_contacts
P17693	SAbDab_representative_contacts	mapped_contacts
P20333	SAbDab_representative_contacts	mapped_contacts
Q13224	SAbDab_representative_contacts	mapped_contacts
Q9NYZ4	SAbDab_representative_contacts	mapped_contacts
O76036	SAbDab_representative_contacts	mapped_contacts
O95858	SAbDab_representative_contacts	mapped_contacts
Q13635	SAbDab_representative_contacts	mapped_contacts
P14416	SAbDab_representative_contacts	mapped_contacts
Q9H7M9	SAbDab_representative_contacts	mapped_contacts
Q13530	SAbDab_representative_contacts	mapped_contacts
Q695T7	SAbDab_representative_contacts	mapped_contacts
Q7KYR7	SAbDab_representative_contacts	mapped_contacts
P59768	SAbDab_representative_contacts	no_mapped_contacts
P43220	SAbDab_representative_contacts	mapped_contacts
Q16620	SAbDab_representative_contacts	mapped_contacts
Q495A1	SAbDab_representative_contacts	mapped_contacts
Q9HBE5	SAbDab_representative_contacts	mapped_contacts
P43627	SAbDab_representative_contacts	mapped_contacts
Q96RJ3	SAbDab_representative_contacts	mapped_contacts
P35408	SAbDab_representative_contacts	mapped_contacts
Q9Y5X5	SAbDab_representative_contacts	no_mapped_contacts
O14763	SAbDab_representative_contacts	mapped_contacts
P78536	SAbDab_representative_contacts	mapped_contacts
Q99705	SAbDab_representative_contacts	no_mapped_contacts
P12111	SAbDab_representative_contacts	mapped_contacts
Q9Y2T5	SAbDab_representative_contacts	no_mapped_contacts
P10747	SAbDab_representative_contacts	mapped_contacts
P49682	SAbDab_representative_contacts	mapped_contacts
P16410	SAbDab_representative_contacts	mapped_contacts
P43626	SAbDab_representative_contacts	mapped_contacts
O60462	SAbDab_representative_contacts	mapped_contacts
Q86Z14	SAbDab_representative_contacts	mapped_contacts
O60931	SAbDab_representative_contacts	mapped_contacts
Q9NYG8	SAbDab_representative_contacts	mapped_contacts
Q9HAR2	SAbDab_representative_contacts	mapped_contacts
O00222	SAbDab_representative_contacts	no_mapped_contacts
Q15758	SAbDab_representative_contacts	mapped_contacts
P30518	SAbDab_representative_contacts	no_mapped_contacts
Q9Y6W8	SAbDab_representative_contacts	mapped_contacts
P43489	SAbDab_representative_contacts	mapped_contacts
Q9UNQ0	SAbDab_representative_contacts	mapped_contacts
Q7Z6A9	SAbDab_representative_contacts	mapped_contacts
Q9BYF1	SAbDab_representative_contacts	mapped_contacts
Q14108	SAbDab_representative_contacts	mapped_contacts
P40933	SAbDab_representative_contacts	mapped_contacts
P08588	SAbDab_representative_contacts	mapped_contacts
Q9HBX9	SAbDab_representative_contacts	no_mapped_contacts
P26012	SAbDab_representative_contacts	mapped_contacts
P03999	SAbDab_representative_contacts	no_mapped_contacts
P21554	SAbDab_representative_contacts	mapped_contacts
Q9H4B8	SAbDab_representative_contacts	mapped_contacts
Q8IU80	SAbDab_representative_contacts	mapped_contacts
P55087	SAbDab_representative_contacts	mapped_contacts
Q92692	SAbDab_representative_contacts	mapped_contacts
Q13585	SAbDab_representative_contacts	no_mapped_contacts
Q8TDV0	SAbDab_representative_contacts	mapped_contacts
P25106	SAbDab_representative_contacts	mapped_contacts
P48066	SAbDab_representative_contacts	mapped_contacts
Q8NI17	SAbDab_representative_contacts	no_mapped_contacts
P26842	SAbDab_representative_contacts	mapped_contacts
P04899	SAbDab_representative_contacts	no_mapped_contacts
P49765	SAbDab_representative_contacts	mapped_contacts
P0DMS8	SAbDab_representative_contacts	mapped_contacts
Q03395	SAbDab_representative_contacts	mapped_contacts
Q9HBG4	SAbDab_representative_contacts	mapped_contacts
P08195	SAbDab_representative_contacts	mapped_contacts
P16471	SAbDab_representative_contacts	mapped_contacts
P25311	SAbDab_representative_contacts	mapped_contacts
Q92743	SAbDab_representative_contacts	mapped_contacts
P01137	SAbDab_representative_contacts	mapped_contacts
Q13507	SAbDab_representative_contacts	mapped_contacts
P08183	SAbDab_representative_contacts	mapped_contacts
P07333	SAbDab_representative_contacts	mapped_contacts
P16871	SAbDab_representative_contacts	mapped_contacts
Q12879	SAbDab_representative_contacts	mapped_contacts
P0C0L4	SAbDab_representative_contacts	mapped_contacts
P50591	SAbDab_representative_contacts	mapped_contacts
O43508	SAbDab_representative_contacts	mapped_contacts
P17787	SAbDab_representative_contacts	mapped_contacts
P04001	SAbDab_representative_contacts	no_mapped_contacts
P05186	SAbDab_representative_contacts	no_mapped_contacts
P25025	SAbDab_representative_contacts	mapped_contacts
P11215	SAbDab_representative_contacts	mapped_contacts
Q8TDQ0	SAbDab_representative_contacts	mapped_contacts
O95274	SAbDab_representative_contacts	mapped_contacts
Q9NP59	SAbDab_representative_contacts	mapped_contacts
Q9Y279	SAbDab_representative_contacts	mapped_contacts
P46663	SAbDab_representative_contacts	mapped_contacts
Q8TD46	SAbDab_representative_contacts	mapped_contacts
P05981	SAbDab_representative_contacts	mapped_contacts
Q14973	SAbDab_representative_contacts	mapped_contacts
Q15661	SAbDab_representative_contacts	mapped_contacts
P46531	SAbDab_representative_contacts	mapped_contacts
P17181	SAbDab_representative_contacts	mapped_contacts
P04083	SAbDab_representative_contacts	mapped_contacts
Q9UHE8	SAbDab_representative_contacts	mapped_contacts
P50148	SAbDab_representative_contacts	no_mapped_contacts
Q02223	SAbDab_representative_contacts	mapped_contacts
P15391	SAbDab_representative_contacts	mapped_contacts
P04216	SAbDab_representative_contacts	mapped_contacts
P48169	SAbDab_representative_contacts	mapped_contacts
P57789	SAbDab_representative_contacts	mapped_contacts
Q96FL8	SAbDab_representative_contacts	mapped_contacts
Q9P296	SAbDab_representative_contacts	no_mapped_contacts
Q07001	SAbDab_representative_contacts	mapped_contacts
Q14416	SAbDab_representative_contacts	mapped_contacts
Q16581	SAbDab_representative_contacts	mapped_contacts
P08887	SAbDab_representative_contacts	mapped_contacts
P15309	SAbDab_representative_contacts	mapped_contacts
P10721	SAbDab_representative_contacts	mapped_contacts
Q9Y275	SAbDab_representative_contacts	mapped_contacts
Q8WXI7	SAbDab_representative_contacts	mapped_contacts
P07288	SAbDab_representative_contacts	mapped_contacts
Q15303	SAbDab_representative_contacts	mapped_contacts
O00481	SAbDab_representative_contacts	mapped_contacts
O75581	SAbDab_representative_contacts	mapped_contacts
P14735	SAbDab_representative_contacts	mapped_contacts
P41145	SAbDab_representative_contacts	mapped_contacts
P02730	SAbDab_representative_contacts	mapped_contacts
Q5QGZ9	SAbDab_representative_contacts	mapped_contacts
P20138	SAbDab_representative_contacts	mapped_contacts
P35414	SAbDab_representative_contacts	mapped_contacts
P48061	SAbDab_representative_contacts	mapped_contacts
P62873	SAbDab_representative_contacts	mapped_contacts
P25101	SAbDab_representative_contacts	no_mapped_contacts
P07359	SAbDab_representative_contacts	mapped_contacts
O14944	SAbDab_representative_contacts	mapped_contacts
P22001	SAbDab_representative_contacts	mapped_contacts
Q13255	SAbDab_representative_contacts	mapped_contacts
O14786	SAbDab_representative_contacts	mapped_contacts
O95868	SAbDab_representative_contacts	mapped_contacts
P14867	SAbDab_representative_contacts	mapped_contacts
P15260	SAbDab_representative_contacts	mapped_contacts
Q86YL7	SAbDab_representative_contacts	mapped_contacts
P06733	SAbDab_representative_contacts	mapped_contacts
P29965	SAbDab_representative_contacts	mapped_contacts
P46091	SAbDab_representative_contacts	no_mapped_contacts
O14791	SAbDab_representative_contacts	mapped_contacts
P61073	SAbDab_representative_contacts	mapped_contacts
P21728	SAbDab_representative_contacts	mapped_contacts
O75144	SAbDab_representative_contacts	mapped_contacts
Q9NPG1	SAbDab_representative_contacts	mapped_contacts
Q9H221	SAbDab_representative_contacts	mapped_contacts
P16070	SAbDab_representative_contacts	no_mapped_contacts
Q86V24	SAbDab_representative_contacts	mapped_contacts
Q03405	SAbDab_representative_contacts	mapped_contacts
P01920	SAbDab_representative_contacts	mapped_contacts
Q05586	SAbDab_representative_contacts	mapped_contacts
P31641	SAbDab_representative_contacts	mapped_contacts
Q14114	SAbDab_representative_contacts	mapped_contacts
Q5VWK5	SAbDab_representative_contacts	mapped_contacts
P04626	SAbDab_representative_contacts	mapped_contacts
P51685	SAbDab_representative_contacts	mapped_contacts
P13726	SAbDab_representative_contacts	mapped_contacts
Q86UD5	SAbDab_representative_contacts	mapped_contacts
P01127	SAbDab_representative_contacts	mapped_contacts
P16066	SAbDab_representative_contacts	mapped_contacts
P08582	SAbDab_representative_contacts	mapped_contacts
Q8NAC3	SAbDab_representative_contacts	mapped_contacts
P60033	SAbDab_representative_contacts	mapped_contacts
Q9UM73	SAbDab_representative_contacts	mapped_contacts
P24394	SAbDab_representative_contacts	mapped_contacts
Q13258	SAbDab_representative_contacts	mapped_contacts
P23975	SAbDab_representative_contacts	mapped_contacts
Q9NZD1	SAbDab_representative_contacts	mapped_contacts
P11279	SAbDab_representative_contacts	mapped_contacts
P06396	SAbDab_representative_contacts	mapped_contacts
P13747	SAbDab_representative_contacts	mapped_contacts
Q9HA72	SAbDab_representative_contacts	mapped_contacts
P0DSE1	SAbDab_representative_contacts	mapped_contacts
Q8N697	SAbDab_representative_contacts	mapped_contacts
P21860	SAbDab_representative_contacts	mapped_contacts
P02746	SAbDab_representative_contacts	mapped_contacts
P14780	SAbDab_representative_contacts	mapped_contacts
O95760	SAbDab_representative_contacts	mapped_contacts
P31358	SAbDab_representative_contacts	mapped_contacts
P03950	SAbDab_representative_contacts	mapped_contacts
P06744	SAbDab_representative_contacts	mapped_contacts
P08648	SAbDab_representative_contacts	mapped_contacts
P02750	SAbDab_representative_contacts	mapped_contacts
O14965	SAbDab_representative_contacts	mapped_contacts
P19235	SAbDab_representative_contacts	mapped_contacts
Q6HA08	SAbDab_representative_contacts	mapped_contacts
P57764	SAbDab_representative_contacts	mapped_contacts
P13569	SAbDab_representative_contacts	mapped_contacts
P30989	SAbDab_representative_contacts	mapped_contacts
Q02763	SAbDab_representative_contacts	mapped_contacts
Q13467	SAbDab_representative_contacts	mapped_contacts
P09758	SAbDab_representative_contacts	mapped_contacts
O95866	SAbDab_representative_contacts	mapped_contacts
P15813	SAbDab_representative_contacts	mapped_contacts
Q15858	SAbDab_representative_contacts	mapped_contacts
P30874	SAbDab_representative_contacts	mapped_contacts
P01903	SAbDab_representative_contacts	mapped_contacts
P05106	SAbDab_representative_contacts	mapped_contacts
P05556	SAbDab_representative_contacts	mapped_contacts
P10646	SAbDab_representative_contacts	mapped_contacts
P0DSE2	SAbDab_representative_contacts	mapped_contacts
P29317	SAbDab_representative_contacts	mapped_contacts
P21926	SAbDab_representative_contacts	mapped_contacts
P06213	SAbDab_representative_contacts	mapped_contacts
P08962	SAbDab_representative_contacts	mapped_contacts
O75022	SAbDab_representative_contacts	mapped_contacts
P43121	SAbDab_representative_contacts	mapped_contacts
P36021	SAbDab_representative_contacts	mapped_contacts
Q9BXB1	SAbDab_representative_contacts	mapped_contacts
O14931	SAbDab_representative_contacts	mapped_contacts
P41595	SAbDab_representative_contacts	mapped_contacts
P26447	SAbDab_representative_contacts	mapped_contacts
P06858	SAbDab_representative_contacts	mapped_contacts
P21802	SAbDab_representative_contacts	mapped_contacts
P43681	SAbDab_representative_contacts	no_mapped_contacts
O60353	SAbDab_representative_contacts	no_mapped_contacts
Q68D85	SAbDab_representative_contacts	mapped_contacts
P43005	SAbDab_representative_contacts	mapped_contacts
P31785	SAbDab_representative_contacts	mapped_contacts
Q86TV6	SAbDab_representative_contacts	mapped_contacts
P04062	SAbDab_representative_contacts	mapped_contacts
P48960	SAbDab_representative_contacts	mapped_contacts
Q15116	SAbDab_representative_contacts	mapped_contacts
O95256	SAbDab_representative_contacts	no_mapped_contacts
O15245	SAbDab_representative_contacts	mapped_contacts
P78380	SAbDab_representative_contacts	mapped_contacts
Q8NBP7	SAbDab_representative_contacts	mapped_contacts
P09693	SAbDab_representative_contacts	no_mapped_contacts
Q9H222	SAbDab_representative_contacts	mapped_contacts
P12319	SAbDab_representative_contacts	mapped_contacts
P56817	SAbDab_representative_contacts	mapped_contacts
Q14005	SAbDab_representative_contacts	mapped_contacts
P01889	SAbDab_representative_contacts	mapped_contacts
O15455	SAbDab_representative_contacts	mapped_contacts
P78504	SAbDab_representative_contacts	mapped_contacts
P07766	SAbDab_representative_contacts	mapped_contacts
P56856	SAbDab_representative_contacts	mapped_contacts
P02708	SAbDab_representative_contacts	mapped_contacts
P29376	SAbDab_representative_contacts	mapped_contacts
P36980	SAbDab_representative_contacts	mapped_contacts
P38567	SAbDab_representative_contacts	mapped_contacts
P08581	SAbDab_representative_contacts	mapped_contacts
Q8IVW8	SAbDab_representative_contacts	mapped_contacts
P25092	SAbDab_representative_contacts	mapped_contacts
Q9Y5Z0	SAbDab_representative_contacts	mapped_contacts
Q9BSA4	SAbDab_representative_contacts	mapped_contacts
P21439	SAbDab_representative_contacts	mapped_contacts
P00734	SAbDab_representative_contacts	mapped_contacts
Q6UXV0	SAbDab_representative_contacts	mapped_contacts
Q12884	SAbDab_representative_contacts	mapped_contacts
O00590	SAbDab_representative_contacts	mapped_contacts
P12318	SAbDab_representative_contacts	mapped_contacts
P35968	SAbDab_representative_contacts	mapped_contacts
P02748	SAbDab_representative_contacts	mapped_contacts
P78552	SAbDab_representative_contacts	mapped_contacts
Q96RI0	SAbDab_representative_contacts	mapped_contacts
P38570	SAbDab_representative_contacts	mapped_contacts
P16422	SAbDab_representative_contacts	no_mapped_contacts
P22413	SAbDab_representative_contacts	mapped_contacts
P32297	SAbDab_representative_contacts	mapped_contacts
Q8N158	SAbDab_representative_contacts	mapped_contacts
P46093	SAbDab_representative_contacts	no_mapped_contacts
P55083	SAbDab_representative_contacts	mapped_contacts
P50281	SAbDab_representative_contacts	mapped_contacts
P06731	SAbDab_representative_contacts	mapped_contacts
P17931	SAbDab_representative_contacts	mapped_contacts
Q86YW5	SAbDab_representative_contacts	mapped_contacts
P41594	SAbDab_representative_contacts	mapped_contacts
Q8NHJ6	SAbDab_representative_contacts	mapped_contacts
P43116	SAbDab_representative_contacts	no_mapped_contacts
P08514	SAbDab_representative_contacts	mapped_contacts
Q01973	SAbDab_representative_contacts	mapped_contacts
P20273	SAbDab_representative_contacts	mapped_contacts
P07550	SAbDab_representative_contacts	mapped_contacts
P61769	SAbDab_representative_contacts	mapped_contacts
P09958	SAbDab_representative_contacts	mapped_contacts
P26718	SAbDab_representative_contacts	mapped_contacts
P27918	SAbDab_representative_contacts	mapped_contacts
Q16832	SAbDab_representative_contacts	mapped_contacts
Q9NPD5	SAbDab_representative_contacts	mapped_contacts
P08172	SAbDab_representative_contacts	mapped_contacts
P21589	SAbDab_representative_contacts	mapped_contacts
Q99500	SAbDab_representative_contacts	mapped_contacts
Q04771	SAbDab_representative_contacts	mapped_contacts
Q9Y5U5	SAbDab_representative_contacts	mapped_contacts
P12314	SAbDab_representative_contacts	mapped_contacts
Q8N695	SAbDab_representative_contacts	mapped_contacts
P18627	SAbDab_representative_contacts	mapped_contacts
P22223	SAbDab_representative_contacts	mapped_contacts
P30926	SAbDab_representative_contacts	mapped_contacts
Q9Y5Y6	SAbDab_representative_contacts	mapped_contacts
P08670	SAbDab_representative_contacts	mapped_contacts
P15941	SAbDab_representative_contacts	mapped_contacts
P05107	SAbDab_representative_contacts	mapped_contacts
Q9UM47	SAbDab_representative_contacts	mapped_contacts
Q03431	SAbDab_representative_contacts	mapped_contacts
Q9GZU1	SAbDab_representative_contacts	mapped_contacts
P21730	SAbDab_representative_contacts	no_mapped_contacts
P28907	SAbDab_representative_contacts	mapped_contacts
Q96A54	SAbDab_representative_contacts	mapped_contacts
P27037	SAbDab_representative_contacts	mapped_contacts
P49281	SAbDab_representative_contacts	mapped_contacts
O00391	SAbDab_representative_contacts	mapped_contacts
P01732	SAbDab_representative_contacts	mapped_contacts
O43570	SAbDab_representative_contacts	mapped_contacts
P22455	SAbDab_representative_contacts	mapped_contacts
Q9NZQ7	SAbDab_representative_contacts	mapped_contacts
O60894	SAbDab_representative_contacts	mapped_contacts
P01909	SAbDab_representative_contacts	mapped_contacts
Q13705	SAbDab_representative_contacts	mapped_contacts
P28222	SAbDab_representative_contacts	no_mapped_contacts
Q08722	SAbDab_representative_contacts	mapped_contacts
P01374	SAbDab_representative_contacts	mapped_contacts
Q96NY8	SAbDab_representative_contacts	mapped_contacts
Q5T848	SAbDab_representative_contacts	mapped_contacts
P50052	SAbDab_representative_contacts	mapped_contacts
Q16602	SAbDab_representative_contacts	mapped_contacts
P78410	SAbDab_representative_contacts	mapped_contacts
Q99788	SAbDab_representative_contacts	mapped_contacts
P29274	SAbDab_representative_contacts	mapped_contacts
Q14392	SAbDab_representative_contacts	mapped_contacts
P31644	SAbDab_representative_contacts	no_mapped_contacts
P31994	SAbDab_representative_contacts	mapped_contacts
Q9HB29	SAbDab_representative_contacts	mapped_contacts
P37840	SAbDab_representative_contacts	mapped_contacts
P34903	SAbDab_representative_contacts	mapped_contacts
P36894	SAbDab_representative_contacts	mapped_contacts
P30556	SAbDab_representative_contacts	mapped_contacts
Q9BZJ8	SAbDab_representative_contacts	mapped_contacts
P05161	SAbDab_representative_contacts	mapped_contacts
P55285	SAbDab_representative_contacts	mapped_contacts
P51679	SAbDab_representative_contacts	mapped_contacts
P08246	SAbDab_representative_contacts	mapped_contacts
P32245	SAbDab_representative_contacts	mapped_contacts
Q9Y2T6	SAbDab_representative_contacts	no_mapped_contacts
Q9UP38	SAbDab_representative_contacts	no_mapped_contacts
O60565	SAbDab_representative_contacts	mapped_contacts
Q14CZ8	SAbDab_representative_contacts	mapped_contacts
Q04609	SAbDab_representative_contacts	mapped_contacts
O43614	SAbDab_representative_contacts	mapped_contacts
Q14832	SAbDab_representative_contacts	no_mapped_contacts
Q9Y6N7	SAbDab_representative_contacts	mapped_contacts
Q9Y251	SAbDab_representative_contacts	mapped_contacts
P55899	SAbDab_representative_contacts	mapped_contacts
Q13477	SAbDab_representative_contacts	mapped_contacts
P07306	SAbDab_representative_contacts	mapped_contacts
P32418	SAbDab_representative_contacts	mapped_contacts
Q7RTX0	SAbDab_representative_contacts	no_mapped_contacts
Q6ZMC9	SAbDab_representative_contacts	mapped_contacts
P04156	SAbDab_representative_contacts	mapped_contacts
P25021	SAbDab_representative_contacts	no_mapped_contacts
P47871	SAbDab_representative_contacts	mapped_contacts
P63092	SAbDab_representative_contacts	mapped_contacts
P78324	SAbDab_representative_contacts	mapped_contacts
P48546	SAbDab_representative_contacts	mapped_contacts
P32249	SAbDab_representative_contacts	no_mapped_contacts
Q01974	SAbDab_representative_contacts	mapped_contacts
Q15465	SAbDab_representative_contacts	mapped_contacts
P32927	SAbDab_representative_contacts	mapped_contacts
Q9UKJ1	SAbDab_representative_contacts	mapped_contacts
P47870	SAbDab_representative_contacts	mapped_contacts
Q08345	SAbDab_representative_contacts	mapped_contacts
P06756	SAbDab_representative_contacts	mapped_contacts
Q99678	SAbDab_representative_contacts	mapped_contacts
P14784	SAbDab_representative_contacts	mapped_contacts
P35348	SAbDab_representative_contacts	mapped_contacts
Q7L0J3	SAbDab_representative_contacts	mapped_contacts
P07307	SAbDab_representative_contacts	mapped_contacts
P78348	SAbDab_representative_contacts	mapped_contacts
P04439	SAbDab_representative_contacts	mapped_contacts
Q13421	SAbDab_representative_contacts	mapped_contacts
P35372	SAbDab_representative_contacts	mapped_contacts
P38405	SAbDab_representative_contacts	no_mapped_contacts
O14672	SAbDab_representative_contacts	mapped_contacts
P48357	SAbDab_representative_contacts	mapped_contacts
Q96RJ0	SAbDab_representative_contacts	mapped_contacts
P04839	SAbDab_representative_contacts	mapped_contacts
P10600	SAbDab_representative_contacts	mapped_contacts
P15814	SAbDab_representative_contacts	mapped_contacts
Q6NZI2	SAbDab_representative_contacts	mapped_contacts
P08637	SAbDab_representative_contacts	mapped_contacts
Q96FE5	SAbDab_representative_contacts	mapped_contacts
P01031	SAbDab_representative_contacts	mapped_contacts
Q9NZC2	SAbDab_representative_contacts	mapped_contacts
Q969H8	SAbDab_representative_contacts	mapped_contacts
P28472	SAbDab_representative_contacts	mapped_contacts
P13688	SAbDab_representative_contacts	mapped_contacts
P12830	SAbDab_representative_contacts	mapped_contacts
P16520	SAbDab_representative_contacts	no_mapped_contacts
P11836	SAbDab_representative_contacts	mapped_contacts
P01135	SAbDab_representative_contacts	mapped_contacts
Q9Y6L6	SAbDab_representative_contacts	mapped_contacts
P51681	SAbDab_representative_contacts	no_mapped_contacts
P31995	SAbDab_representative_contacts	mapped_contacts
Q9ULW2	SAbDab_representative_contacts	mapped_contacts
P31645	SAbDab_representative_contacts	mapped_contacts
P13671	SAbDab_representative_contacts	mapped_contacts
P16473	SAbDab_representative_contacts	mapped_contacts
P05121	SAbDab_representative_contacts	mapped_contacts
O15393	SAbDab_representative_contacts	mapped_contacts
P10636	SAbDab_representative_contacts	mapped_contacts
Q04844	SAbDab_representative_contacts	mapped_contacts
O95800	SAbDab_representative_contacts	mapped_contacts
A6NGN9	SAbDab_representative_contacts	mapped_contacts
P20701	SAbDab_representative_contacts	mapped_contacts
Q5JW98	SAbDab_representative_contacts	mapped_contacts
P11230	SAbDab_representative_contacts	mapped_contacts
P01375	SAbDab_representative_contacts	mapped_contacts
P14209	SAbDab_representative_contacts	mapped_contacts
P43628	SAbDab_representative_contacts	mapped_contacts
Q7Z7M0	SAbDab_representative_contacts	mapped_contacts
P25942	SAbDab_representative_contacts	mapped_contacts
P36544	SAbDab_representative_contacts	mapped_contacts
P00533	SAbDab_representative_contacts	mapped_contacts
P55085	SAbDab_representative_contacts	mapped_contacts
P00749	SAbDab_representative_contacts	mapped_contacts
Q9HCN6	SAbDab_representative_contacts	mapped_contacts
P13866	SAbDab_representative_contacts	mapped_contacts
Q9P1W8	SAbDab_representative_contacts	mapped_contacts
P51654	SAbDab_representative_contacts	mapped_contacts
Q9BZV2	SAbDab_representative_contacts	mapped_contacts
P42701	SAbDab_representative_contacts	mapped_contacts
P26010	SAbDab_representative_contacts	mapped_contacts
