gene_symbol	hgnc_id	uniprot_acc	ensembl_gene_id	ensembl_transcript_id	is_canonical	gpcr_class	site_kind	junction_after_residue	expected_residue	tag	tag_length	surface_expression_pme	surface_expression_sd	verified	source_key
FFAR1	HGNC:4498	O14842	ENSG00000126266	ENST00000246553	true	A	terminal_n		M	HA	9	265.3	37.1	true	tedman2026
FFAR3	HGNC:4499	O14843	ENSG00000185897	ENST00000594310	true	A	terminal_n		M	HA	9	6442.0	105.5	true	tedman2026
OR6B1	HGNC:8354	O95007	ENSG00000221813	ENST00000408922	true	A	terminal_n		M	HA	9	940.1	248.4	true	tedman2026
OR2A4	HGNC:14729	O95047	ENSG00000180658	ENST00000315453	true	A	terminal_n		M	HA	9	122.6	3.7	true	tedman2026
OR2C1	HGNC:8242	O95371	ENSG00000168158	ENST00000304936	true	A	terminal_n		M	HA	9	494.6	155.8	true	tedman2026
OR2H2	HGNC:8253	O95918	ENSG00000204657	ENST00000383640	true	A	terminal_n		M	HA	9	144.6	10.0	true	tedman2026
HTR1A	HGNC:5286	P08908	ENSG00000178394	ENST00000323865	true	A	terminal_n		M	HA	9	5672.8	436.8	true	tedman2026
TACR2	HGNC:11527	P21452	ENSG00000075073	ENST00000373306	true	A	terminal_n		M	HA	9	474.2	40.7	true	tedman2026
CXCR1	HGNC:6026	P25024	ENSG00000163464	ENST00000295683	true	A	terminal_n		M	HA	9	5896.8	168.7	true	tedman2026
HTR2A	HGNC:5293	P28223	ENSG00000102468	ENST00000542664	true	A	terminal_n		M	HA	9	1346.1	337.1	true	tedman2026
ADORA2B	HGNC:264	P29275	ENSG00000170425	ENST00000304222	true	A	terminal_n		M	HA	9	1241.1	138.8	true	tedman2026
MC4R	HGNC:6932	P32245	ENSG00000166603	ENST00000299766	true	A	terminal_n		M	HA	9	730.5	77.1	true	tedman2026
MC5R	HGNC:6933	P33032	ENSG00000176136	ENST00000324750	true	A	terminal_n		M	HA	9	5037.5	327.4	true	tedman2026
HTR7	HGNC:5302	P34969	ENSG00000148680	ENST00000336152	true	A	terminal_n		M	HA	9	585.7	96.1	true	tedman2026
SSTR5	HGNC:11334	P35346	ENSG00000162009	ENST00000293897	true	A	terminal_n		M	HA	9	5423.7	187.3	true	tedman2026
HTR2B	HGNC:5294	P41595	ENSG00000135914	ENST00000258400	true	A	terminal_n		M	HA	9	217.8	38.7	true	tedman2026
GPR6	HGNC:4515	P46095	ENSG00000146360	ENST00000275169	true	A	terminal_n		M	HA	9	432.8	42.8	true	tedman2026
OR3A2	HGNC:8283	P47893	ENSG00000221882	ENST00000573901	true	A	terminal_n		M	HA	9	140.0	21.7	true	tedman2026
AVPR1B	HGNC:896	P47901	ENSG00000198049	ENST00000367126	true	A	terminal_n		M	HA	9	664.7	113.5	true	tedman2026
OR2B6	HGNC:8241	P58173	ENSG00000124657	ENST00000244623	true	A	terminal_n		M	HA	9	637.9	182.2	true	tedman2026
OR12D2	HGNC:8178	P58182	ENSG00000280236	ENST00000623183	true	A	terminal_n		M	HA	9	125.6	22.3	true	tedman2026
TAS2R60	HGNC:20639	P59551	ENSG00000185899	ENST00000332690	true	Taste	terminal_n		M	HA	9	136.9	36.0	true	tedman2026
MC2R	HGNC:6930	Q01718	ENSG00000185231	ENST00000327606	true	A	terminal_n		M	HA	9	682.8	198.3	true	tedman2026
HTR4	HGNC:5299	Q13639	ENSG00000164270	ENST00000377888	true	A	terminal_n		M	HA	9	5932.7	168.2	true	tedman2026
OR1Q1	HGNC:8223	Q15612	ENSG00000165202	ENST00000297913	true	A	terminal_n		M	HA	9	834.0	113.0	true	tedman2026
OR1C1	HGNC:8182	Q15619	ENSG00000221888	ENST00000408896	true	A	terminal_n		M	HA	9	1105.9	372.8	true	tedman2026
GPR68	HGNC:4519	Q15743	ENSG00000119714	ENST00000535815	true	A	terminal_n		M	HA	9	6386.2	124.6	true	tedman2026
ACKR1	HGNC:4035	Q16570	ENSG00000213088	ENST00000368122	true	A	terminal_n		M	HA	9	5027.0	342.1	true	tedman2026
GPR139	HGNC:19995	Q6DWJ6	ENSG00000180269	ENST00000570682	true	A	terminal_n		M	HA	9	3008.9	804.3	true	tedman2026
OR2A2	HGNC:8230	Q6IF42	ENSG00000221989	ENST00000408979	true	A	terminal_n		M	HA	9	129.5	17.2	true	tedman2026
OR7E24	HGNC:8396	Q6IFN5	ENSG00000237521	ENST00000456448	true	A	terminal_n		M	HA	9	704.9	24.0	true	tedman2026
MRGPRG	HGNC:24829	Q86SM5	ENSG00000182170	ENST00000332314	true	A	terminal_n		M	HA	9	114.9	15.4	true	tedman2026
GPR149	HGNC:23627	Q86SP6	ENSG00000174948	ENST00000389740	true	A	terminal_n		M	HA	9	1057.4	323.0	true	tedman2026
OR8H2	HGNC:15308	Q8N162	ENSG00000181767	ENST00000641311	true	A	terminal_n		M	HA	9	941.4	79.8	true	tedman2026
GPR26	HGNC:4481	Q8NDV2	ENSG00000154478	ENST00000284674	true	A	terminal_n		M	HA	9	1099.2	181.3	true	tedman2026
OR7D4	HGNC:8380	Q8NG98	ENSG00000174667	ENST00000308682	true	A	terminal_n		M	HA	9	157.3	48.0	true	tedman2026
OR4D6	HGNC:15175	Q8NGJ1	ENSG00000166884	ENST00000300127	true	A	terminal_n		M	HA	9	128.2	30.2	true	tedman2026
OR5L2	HGNC:8351	Q8NGL0	ENSG00000205030	ENST00000378397	true	A	terminal_n		M	HA	9	139.7	34.6	true	tedman2026
OR4D5	HGNC:14852	Q8NGN0	ENSG00000171014	ENST00000307033	true	A	terminal_n		M	HA	9	1104.1	75.1	true	tedman2026
OR2I1P	HGNC:8258	Q8NGU4	ENSG00000237988	ENST00000641137	true	A	terminal_n		M	HA	9	132.0	5.4	true	tedman2026
MRGPRX2	HGNC:17983	Q96LB1	ENSG00000183695	ENST00000329773	true	A	terminal_n		M	HA	9	359.1	8.2	true	tedman2026
OR2T35	HGNC:31257	Q8NGX2	ENSG00000177151	ENST00000641268	true	A	terminal_n		M	HA	9	125.7	14.3	true	tedman2026
OR10X1	HGNC:14995	Q8NGY0	ENSG00000279111	ENST00000623167	true	A	terminal_n		M	HA	9	232.7	96.3	true	tedman2026
OR2T29	HGNC:31253	Q8NH02	ENSG00000182783	ENST00000328570	true	A	terminal_n		M	HA	9	130.8	21.3	true	tedman2026
OR2T27	HGNC:31252	Q8NH04	ENSG00000187701	ENST00000641652	true	A	terminal_n		M	HA	9	925.7	116.2	true	tedman2026
OR2AE1	HGNC:15087	Q8NHA4	ENSG00000244623	ENST00000316368	true	A	terminal_n		M	HA	9	159.0	48.7	true	tedman2026
OR2V1	HGNC:8280	Q8NHB1	ENSG00000185372	ENST00000641551	true	A	terminal_n		M	HA	9	153.2	28.4	true	tedman2026
OR14L1P	HGNC:15023	Q8NHC6	ENSG00000198452	ENST00000641545	true	A	terminal_n		M	HA	9	768.7	245.8	true	tedman2026
OR51E1	HGNC:15194	Q8TCB6	ENSG00000180785	ENST00000396952	true	A	terminal_n		M	HA	9	1096.4	239.4	true	tedman2026
RXFP4	HGNC:14666	Q8TDU9	ENSG00000173080	ENST00000368318	true	A	terminal_n		M	HA	9	532.9	31.7	true	tedman2026
LPAR1	HGNC:3166	Q92633	ENSG00000198121	ENST00000683809	true	A	terminal_n		M	HA	9	3483.3	808.4	true	tedman2026
OR5B2	HGNC:8323	Q96R09	ENSG00000172365	ENST00000302581	true	A	terminal_n		M	HA	9	876.0	125.1	true	tedman2026
OR2A5	HGNC:8232	Q96R48	ENSG00000221836	ENST00000641693	true	A	terminal_n		M	HA	9	663.4	244.6	true	tedman2026
OR8B2	HGNC:8471	Q96RD0	ENSG00000284680	ENST00000641451	true	A	terminal_n		M	HA	9	957.3	119.3	true	tedman2026
GPR21	HGNC:4476	Q99679	ENSG00000188394	ENST00000616002	true	A	terminal_n		M	HA	9	673.0	126.0	true	tedman2026
GPR63	HGNC:13302	Q9BZJ6	ENSG00000112218	ENST00000229955	true	A	terminal_n		M	HA	9	880.1	72.4	true	tedman2026
LPAR5	HGNC:13307	Q9H1C0	ENSG00000184574	ENST00000329858	true	A	terminal_n		M	HA	9	1081.0	34.2	true	tedman2026
OR10A5	HGNC:15131	Q9H207	ENSG00000166363	ENST00000299454	true	A	terminal_n		M	HA	9	998.6	114.1	true	tedman2026
OR2D2	HGNC:8244	Q9H210	ENSG00000166368	ENST00000299459	true	A	terminal_n		M	HA	9	1075.6	243.4	true	tedman2026
S1PR5	HGNC:14299	Q9H228	ENSG00000180739	ENST00000439028	true	A	terminal_n		M	HA	9	6455.1	60.5	true	tedman2026
OR51E2	HGNC:15195	Q9H255	ENSG00000167332	ENST00000396950	true	A	terminal_n		M	HA	9	923.1	136.0	true	tedman2026
OR51V1	HGNC:19597	Q9H2C8	ENSG00000176742	ENST00000641270	true	A	terminal_n		M	HA	9	1004.3	150.0	true	tedman2026
HRH4	HGNC:17383	Q9H3N8	ENSG00000134489	ENST00000256906	true	A	terminal_n		M	HA	9	832.6	181.4	true	tedman2026
LPAR2	HGNC:3168	Q9HBW0	ENSG00000064547	ENST00000542587	true	A	terminal_n		M	HA	9	786.1	171.8	true	tedman2026
TAS2R14	HGNC:14920	Q9NYV8	ENSG00000212127	ENST00000537503	true	Taste	terminal_n		M	HA	9	945.0	191.5	true	tedman2026
GPRC5D	HGNC:13310	Q9NZD1	ENSG00000111291	ENST00000228887	true	C	terminal_n		M	HA	9	6410.5	68.4	true	tedman2026
OR6C2	HGNC:15436	Q9NZP2	ENSG00000179695	ENST00000641202	true	A	terminal_n		M	HA	9	1064.1	199.5	true	tedman2026
OR12D3	HGNC:13963	Q9UGF7	ENSG00000112462	ENST00000396806	true	A	terminal_n		M	HA	9	147.9	33.7	true	tedman2026
CYSLTR1	HGNC:17451	Q9Y271	ENSG00000173198	ENST00000614798	true	A	terminal_n		M	HA	9	1245.6	243.1	true	tedman2026
GPR52	HGNC:4508	Q9Y2T5	ENSG00000203737	ENST00000367685	true	A	terminal_n		M	HA	9	756.9	166.9	true	tedman2026
OR2W1	HGNC:8281	Q9Y3N9	ENSG00000204704	ENST00000377175	true	A	terminal_n		M	HA	9	1062.8	214.0	true	tedman2026
OR51B2	HGNC:14703	Q9Y5P1	ENSG00000279012	ENST00000624187	true	A	terminal_n		M	HA	9	1095.6	119.0	true	tedman2026
GPR45	HGNC:4503	Q9Y5Y3	ENSG00000135973	ENST00000258456	true	A	terminal_n		M	HA	9	5436.8	331.7	true	tedman2026
OXGR1	HGNC:4531	Q96P68	ENSG00000165621	ENST00000541038	false	A	terminal_n		M	HA	9			true	tedman2026
ADRA1A	HGNC:277	P35348	ENSG00000120907	ENST00000380586	false	A	terminal_n		M	HA	9			true	tedman2026
OPRM1	HGNC:8156	P35372	ENSG00000112038	ENST00000229768	false	A	terminal_n		M	HA	9			true	tedman2026
LTB4R	HGNC:6713	Q15722	ENSG00000213903	ENST00000556141	false	A	terminal_n		M	HA	9			true	tedman2026
GLP2R	HGNC:4325	O95838	ENSG00000065325	ENST00000304773	false	B	terminal_n		M	HA	9			true	tedman2026
FPR2	HGNC:3827	P25090	ENSG00000171049	ENST00000600258	false	A	terminal_n		M	HA	9			true	tedman2026
AVPR1A	HGNC:895	P37288	ENSG00000166148	ENST00000550940	false	A	terminal_n		M	HA	9			true	tedman2026
GPR85	HGNC:4536	P60893	ENSG00000164604	ENST00000449735	false	A	terminal_n		M	HA	9			true	tedman2026
P2RY6	HGNC:8543	Q15077	ENSG00000171631	ENST00000544437	false	A	terminal_n		M	HA	9			true	tedman2026
TBXA2R	HGNC:11608	P21731	ENSG00000006638	ENST00000589966	false	A	terminal_n		M	HA	9			true	tedman2026
GPR156	HGNC:20844	Q8NFN8	ENSG00000175697	ENST00000461057	false	C	terminal_n		M	HA	9			true	tedman2026
ACKR2	HGNC:1565	O00590	ENSG00000144648	ENST00000497921	false	A	terminal_n		M	HA	9			true	tedman2026
CCR2	HGNC:1603	P41597	ENSG00000121807	ENST00000421659	false	A	terminal_n		M	HA	9			true	tedman2026
GPRC5A	HGNC:9836	Q8NFJ5	ENSG00000013588	ENST00000534831	false	C	terminal_n		M	HA	9			true	tedman2026
KISS1R	HGNC:4510	Q969F8	ENSG00000116014	ENST00000592648	false	A	terminal_n		M	HA	9			true	tedman2026
OPN5	HGNC:19992	Q6U736	ENSG00000124818	ENST00000393699	false	A	terminal_n		M	HA	9			true	tedman2026
CX3CR1	HGNC:2558	P49238	ENSG00000168329	ENST00000358309	false	A	terminal_n		M	HA	9			true	tedman2026
CCKBR	HGNC:1571	P32239	ENSG00000110148	ENST00000525014	false	A	terminal_n		M	HA	9			true	tedman2026
CCKBR	HGNC:1571	P32239	ENSG00000110148	ENST00000525462	false	A	terminal_n		M	HA	9			true	tedman2026
CXCR2	HGNC:6027	P25025	ENSG00000180871	ENST00000428565	false	A	terminal_n		M	HA	9			true	tedman2026
GPR161	HGNC:23694	Q8N6U8	ENSG00000143147	ENST00000539777	false	A	terminal_n		M	HA	9			true	tedman2026
GPR161	HGNC:23694	Q8N6U8	ENSG00000143147	ENST00000537209	false	A	terminal_n		M	HA	9			true	tedman2026
OR6C74	HGNC:31303	A6NCV1	ENSG00000197706	ENST00000343399	true	A	terminal_n		M	HA	9	1227.7	90.0	true	tedman2026
OR52E1	HGNC:14766	Q8NGJ3	ENSG00000292245	ENST00000710310	true	A	terminal_n		M	HA	9	103.8	68.6	true	tedman2026
OR11H6	HGNC:15349	Q8NGC7	ENSG00000176219	ENST00000315519	true	A	terminal_n		M	HA	9	1075.0	98.0	true	tedman2026
OR11H7	HGNC:15350	Q8NGC8	ENSG00000291780	ENST00000708727	true	A	terminal_n		M	HA	9	828.0	41.8	true	tedman2026
OR11H4	HGNC:15347	Q8NGC9	ENSG00000176198	ENST00000641082	true	A	terminal_n		M	HA	9	811.9	182.5	true	tedman2026
OR4M1	HGNC:14735	Q8NGD0	ENSG00000176299	ENST00000315957	true	A	terminal_n		M	HA	9	947.4	297.1	true	tedman2026
OR4N2	HGNC:14742	Q8NGD1	ENSG00000176294	ENST00000315947	true	A	terminal_n		M	HA	9	133.7	28.5	true	tedman2026
OR4K2	HGNC:14728	Q8NGD2	ENSG00000165762	ENST00000298642	true	A	terminal_n		M	HA	9	1348.0	243.2	true	tedman2026
OR4K5	HGNC:14745	Q8NGD3	ENSG00000176281	ENST00000315915	true	A	terminal_n		M	HA	9	811.2	48.5	true	tedman2026
OR4K1	HGNC:14726	Q8NGD4	ENSG00000155249	ENST00000285600	true	A	terminal_n		M	HA	9	973.7	71.7	true	tedman2026
OR4K14	HGNC:15352	Q8NGD5	ENSG00000169484	ENST00000641793	true	A	terminal_n		M	HA	9	810.1	163.3	true	tedman2026
OR10AD1	HGNC:14819	Q8NGE0	ENSG00000172640	ENST00000310248	true	A	terminal_n		M	HA	9	325.8	139.7	true	tedman2026
OR6C4	HGNC:19632	Q8NGE1	ENSG00000179626	ENST00000394256	true	A	terminal_n		M	HA	9	1136.1	248.4	true	tedman2026
OR2AP1	HGNC:15335	Q8NGE2	ENSG00000179615	ENST00000641114	true	A	terminal_n		M	HA	9	1010.5	266.8	true	tedman2026
OR10P1	HGNC:15378	Q8NGE3	ENSG00000175398	ENST00000309675	true	A	terminal_n		M	HA	9	919.9	100.4	true	tedman2026
OR10A7	HGNC:15329	Q8NGE5	ENSG00000179919	ENST00000326258	true	A	terminal_n		M	HA	9	936.1	251.3	true	tedman2026
OR9K2	HGNC:15339	Q8NGE7	ENSG00000170605	ENST00000641329	true	A	terminal_n		M	HA	9	852.5	191.7	true	tedman2026
OR4D9	HGNC:15178	Q8NGE8	ENSG00000172742	ENST00000641962	true	A	terminal_n		M	HA	9	889.4	109.2	true	tedman2026
OR9Q2	HGNC:15328	Q8NGE9	ENSG00000186513	ENST00000641291	true	A	terminal_n		M	HA	9	188.0	70.9	true	tedman2026
OR52B6	HGNC:15211	Q8NGF0	ENSG00000187747	ENST00000345043	true	A	terminal_n		M	HA	9	1138.6	386.9	true	tedman2026
OR52R1	HGNC:15235	Q8NGF1	ENSG00000279270	ENST00000624978	true	A	terminal_n		M	HA	9	172.8	48.4	true	tedman2026
OR51D1	HGNC:15193	Q8NGF3	ENSG00000197428	ENST00000357605	true	A	terminal_n		M	HA	9	748.9	112.4	true	tedman2026
OR5AP2	HGNC:15258	Q8NGF4	ENSG00000172464	ENST00000544374	true	A	terminal_n		M	HA	9	616.8	45.0	true	tedman2026
OR10W1	HGNC:15139	Q8NGF6	ENSG00000172772	ENST00000395079	true	A	terminal_n		M	HA	9	851.6	185.6	true	tedman2026
OR5B17	HGNC:15267	Q8NGF7	ENSG00000197786	ENST00000357377	true	A	terminal_n		M	HA	9	770.9	191.6	true	tedman2026
OR4B1	HGNC:8290	Q8NGF8	ENSG00000175619	ENST00000309562	true	A	terminal_n		M	HA	9	131.3	37.9	true	tedman2026
OR4X2	HGNC:15184	Q8NGF9	ENSG00000172208	ENST00000624868	true	A	terminal_n		M	HA	9	948.8	185.3	true	tedman2026
OR8J3	HGNC:15312	Q8NGG0	ENSG00000167822	ENST00000642058	true	A	terminal_n		M	HA	9	850.0	128.7	true	tedman2026
OR5T2	HGNC:15296	Q8NGG2	ENSG00000262851	ENST00000573647	true	A	terminal_n		M	HA	9	841.0	178.2	true	tedman2026
OR5T3	HGNC:15297	Q8NGG3	ENSG00000261897	ENST00000575738	true	A	terminal_n		M	HA	9	575.7	175.2	true	tedman2026
OR8H1	HGNC:14824	Q8NGG4	ENSG00000181693	ENST00000313022	true	A	terminal_n		M	HA	9	894.9	234.4	true	tedman2026
OR8K1	HGNC:14831	Q8NGG5	ENSG00000150261	ENST00000279783	true	A	terminal_n		M	HA	9	965.7	254.5	true	tedman2026
OR8B12	HGNC:15307	Q8NGG6	ENSG00000170953	ENST00000306842	true	A	terminal_n		M	HA	9	710.8	160.1	true	tedman2026
OR8A1	HGNC:8469	Q8NGG7	ENSG00000196119	ENST00000642111	true	A	terminal_n		M	HA	9	190.7	82.3	true	tedman2026
OR8B3	HGNC:8472	Q8NGG8	ENSG00000284609	ENST00000641139	true	A	terminal_n		M	HA	9	945.2	148.1	true	tedman2026
OR2D3	HGNC:15146	Q8NGH3	ENSG00000178358	ENST00000317834	true	A	terminal_n		M	HA	9	941.3	117.1	true	tedman2026
OR56A1	HGNC:14781	Q8NGH5	ENSG00000180934	ENST00000641900	true	A	terminal_n		M	HA	9	132.2	13.3	true	tedman2026
OR52L1	HGNC:14785	Q8NGH7	ENSG00000183313	ENST00000332249	true	A	terminal_n		M	HA	9	1018.0	285.7	true	tedman2026
OR56A4	HGNC:14791	Q8NGH8	ENSG00000183389	ENST00000641279	true	A	terminal_n		M	HA	9	418.7	209.4	true	tedman2026
OR52E4	HGNC:15213	Q8NGH9	ENSG00000180974	ENST00000641726	true	A	terminal_n		M	HA	9	748.9	265.0	true	tedman2026
OR52N2	HGNC:15228	Q8NGI0	ENSG00000180988	ENST00000317037	true	A	terminal_n		M	HA	9	157.2	54.4	true	tedman2026
OR56B2P	HGNC:15246	Q8NGI1	ENSG00000181017	ENST00000641377	true	A	terminal_n		M	HA	9	1085.2	44.5	true	tedman2026
OR52N4	HGNC:15230	Q8NGI2	ENSG00000181074	ENST00000641350	true	A	terminal_n		M	HA	9	795.9	226.6	true	tedman2026
OR56B1	HGNC:15245	Q8NGI3	ENSG00000181023	ENST00000317121	true	A	terminal_n		M	HA	9	834.4	130.3	true	tedman2026
OR4D11	HGNC:15174	Q8NGI4	ENSG00000176200	ENST00000313253	true	A	terminal_n		M	HA	9	834.8	150.5	true	tedman2026
OR4D10	HGNC:15173	Q8NGI6	ENSG00000254466	ENST00000530162	true	A	terminal_n		M	HA	9	280.9	100.3	true	tedman2026
OR10V1	HGNC:15136	Q8NGI7	ENSG00000172289	ENST00000307552	true	A	terminal_n		M	HA	9	1067.5	33.5	true	tedman2026
OR5AN1	HGNC:15255	Q8NGI8	ENSG00000176495	ENST00000313940	true	A	terminal_n		M	HA	9	421.2	94.2	true	tedman2026
OR5A2	HGNC:15249	Q8NGI9	ENSG00000172324	ENST00000641673	true	A	terminal_n		M	HA	9	267.2	106.0	true	tedman2026
OR5A1	HGNC:8319	Q8NGJ0	ENSG00000172320	ENST00000641045	true	A	terminal_n		M	HA	9	122.2	20.5	true	tedman2026
OR52H1	HGNC:15218	Q8NGJ2	ENSG00000181616	ENST00000641796	true	A	terminal_n		M	HA	9	940.1	140.4	true	tedman2026
OR52E2	HGNC:14769	Q8NGJ4	ENSG00000176787	ENST00000321522	true	A	terminal_n		M	HA	9	332.5	113.4	true	tedman2026
OR51L1	HGNC:14759	Q8NGJ5	ENSG00000176798	ENST00000641819	true	A	terminal_n		M	HA	9	274.0	153.3	true	tedman2026
OR51A4	HGNC:14795	Q8NGJ6	ENSG00000205497	ENST00000641898	true	A	terminal_n		M	HA	9	682.0	138.9	true	tedman2026
OR51A2	HGNC:14764	Q8NGJ7	ENSG00000205496	ENST00000380371	true	A	terminal_n		M	HA	9	969.5	163.5	true	tedman2026
OR51S1	HGNC:15204	Q8NGJ8	ENSG00000176922	ENST00000322101	true	A	terminal_n		M	HA	9	697.6	144.0	true	tedman2026
OR51T1	HGNC:15205	Q8NGJ9	ENSG00000176900	ENST00000322049	true	A	terminal_n		M	HA	9	1275.0	100.1	true	tedman2026
OR51G2	HGNC:15198	Q8NGK0	ENSG00000176893	ENST00000641926	true	A	terminal_n		M	HA	9	1081.2	151.5	true	tedman2026
OR51G1	HGNC:14738	Q8NGK1	ENSG00000278870	ENST00000623849	true	A	terminal_n		M	HA	9	115.8	20.3	true	tedman2026
OR52B4	HGNC:15209	Q8NGK2	ENSG00000221996	ENST00000624801	true	A	terminal_n		M	HA	9	936.1	54.5	true	tedman2026
OR52K2	HGNC:15223	Q8NGK3	ENSG00000181963	ENST00000325719	true	A	terminal_n		M	HA	9	441.4	133.2	true	tedman2026
OR52K1	HGNC:15222	Q8NGK4	ENSG00000196778	ENST00000641528	true	A	terminal_n		M	HA	9	1076.5	210.3	true	tedman2026
OR52M1	HGNC:15225	Q8NGK5	ENSG00000197790	ENST00000360213	true	A	terminal_n		M	HA	9	892.6	194.2	true	tedman2026
OR52I1	HGNC:15220	Q8NGK6	ENSG00000232268	ENST00000530443	true	A	terminal_n		M	HA	9	157.4	15.9	true	tedman2026
OR5D16	HGNC:15283	Q8NGK9	ENSG00000205029	ENST00000378396	true	A	terminal_n		M	HA	9	1393.0	214.1	true	tedman2026
OR5D18	HGNC:15285	Q8NGL1	ENSG00000186119	ENST00000333976	true	A	terminal_n		M	HA	9	989.6	241.9	true	tedman2026
OR5L1	HGNC:8350	Q8NGL2	ENSG00000279395	ENST00000625203	true	A	terminal_n		M	HA	9	145.0	28.4	true	tedman2026
OR5D14	HGNC:15281	Q8NGL3	ENSG00000186113	ENST00000335605	true	A	terminal_n		M	HA	9	907.5	133.9	true	tedman2026
OR5D13	HGNC:15280	Q8NGL4	ENSG00000279761	ENST00000623930	true	A	terminal_n		M	HA	9	906.2	256.1	true	tedman2026
OR4A15	HGNC:15152	Q8NGL6	ENSG00000181958	ENST00000641526	true	A	terminal_n		M	HA	9	997.0	136.8	true	tedman2026
OR4P4	HGNC:15180	Q8NGL7	ENSG00000181927	ENST00000641760	true	A	terminal_n		M	HA	9	1050.1	202.0	true	tedman2026
OR4C16	HGNC:15172	Q8NGL9	ENSG00000279514	ENST00000623907	true	A	terminal_n		M	HA	9	162.1	72.3	true	tedman2026
OR4C15	HGNC:15171	Q8NGM1	ENSG00000181939	ENST00000642128	true	A	terminal_n		M	HA	9	789.7	103.3	true	tedman2026
OR6M1	HGNC:14711	Q8NGM8	ENSG00000196099	ENST00000309154	true	A	terminal_n		M	HA	9	127.3	27.0	true	tedman2026
OR8D4	HGNC:14840	Q8NGM9	ENSG00000181518	ENST00000321355	true	A	terminal_n		M	HA	9	963.4	85.4	true	tedman2026
OR6T1	HGNC:14848	Q8NGN1	ENSG00000181499	ENST00000321252	true	A	terminal_n		M	HA	9	111.7	19.2	true	tedman2026
OR10S1	HGNC:14807	Q8NGN2	ENSG00000196248	ENST00000641123	true	A	terminal_n		M	HA	9	129.8	27.8	true	tedman2026
OR10G4	HGNC:14809	Q8NGN3	ENSG00000254737	ENST00000641722	true	A	terminal_n		M	HA	9	805.7	223.9	true	tedman2026
OR10G9	HGNC:15129	Q8NGN4	ENSG00000236981	ENST00000375024	true	A	terminal_n		M	HA	9	565.0	152.5	true	tedman2026
OR10G8	HGNC:14845	Q8NGN5	ENSG00000234560	ENST00000431524	true	A	terminal_n		M	HA	9	114.5	4.5	true	tedman2026
OR10G7	HGNC:14842	Q8NGN6	ENSG00000182634	ENST00000641585	true	A	terminal_n		M	HA	9	315.1	108.8	true	tedman2026
OR4C13	HGNC:15169	Q8NGP0	ENSG00000258817	ENST00000555099	true	A	terminal_n		M	HA	9	909.7	242.0	true	tedman2026
OR8J1	HGNC:14855	Q8NGP2	ENSG00000172487	ENST00000303039	true	A	terminal_n		M	HA	9	887.9	123.8	true	tedman2026
OR5M9	HGNC:15294	Q8NGP3	ENSG00000150269	ENST00000279791	true	A	terminal_n		M	HA	9	133.2	53.7	true	tedman2026
OR5M3	HGNC:14806	Q8NGP4	ENSG00000174937	ENST00000641993	true	A	terminal_n		M	HA	9	119.5	23.8	true	tedman2026
OR5M8	HGNC:14846	Q8NGP6	ENSG00000181371	ENST00000327216	true	A	terminal_n		M	HA	9	115.0	18.0	true	tedman2026
OR5M1	HGNC:8352	Q8NGP8	ENSG00000255012	ENST00000641076	true	A	terminal_n		M	HA	9	866.2	121.1	true	tedman2026
OR5AR1	HGNC:15260	Q8NGP9	ENSG00000172459	ENST00000624596	true	A	terminal_n		M	HA	9	1044.1	187.5	true	tedman2026
OR9G4	HGNC:15322	Q8NGQ1	ENSG00000262647	ENST00000575017	true	A	terminal_n		M	HA	9	862.0	126.4	true	tedman2026
OR6Q1	HGNC:15302	Q8NGQ2	ENSG00000279051	ENST00000302622	true	A	terminal_n		M	HA	9	391.8	117.9	true	tedman2026
OR1S2	HGNC:15141	Q8NGQ3	ENSG00000197887	ENST00000641683	true	A	terminal_n		M	HA	9	545.5	198.9	true	tedman2026
OR10Q1	HGNC:15134	Q8NGQ4	ENSG00000180475	ENST00000316770	true	A	terminal_n		M	HA	9	242.7	67.3	true	tedman2026
OR9Q1	HGNC:14724	Q8NGQ5	ENSG00000186509	ENST00000612174	true	A	terminal_n		M	HA	9	421.6	160.3	true	tedman2026
OR9I1	HGNC:14718	Q8NGQ6	ENSG00000172377	ENST00000641478	true	A	terminal_n		M	HA	9	983.1	135.1	true	tedman2026
OR13A1	HGNC:14772	Q8NGR1	ENSG00000256574	ENST00000536058	true	A	terminal_n		M	HA	9	120.2	26.0	true	tedman2026
OR1L6	HGNC:8218	Q8NGR2	ENSG00000171459	ENST00000373684	true	A	terminal_n		M	HA	9	246.7	87.2	true	tedman2026
OR1K1	HGNC:8212	Q8NGR3	ENSG00000165204	ENST00000277309	true	A	terminal_n		M	HA	9	222.8	69.1	true	tedman2026
OR5C1	HGNC:8331	Q8NGR4	ENSG00000148215	ENST00000373680	true	A	terminal_n		M	HA	9	176.6	13.5	true	tedman2026
OR1L4	HGNC:8216	Q8NGR5	ENSG00000136939	ENST00000259466	true	A	terminal_n		M	HA	9	604.4	246.9	true	tedman2026
OR1B1	HGNC:8181	Q8NGR6	ENSG00000280094	ENST00000707075	true	A	terminal_n		M	HA	9	1032.3	89.9	true	tedman2026
OR1L8	HGNC:15110	Q8NGR8	ENSG00000171496	ENST00000641027	true	A	terminal_n		M	HA	9	176.5	72.1	true	tedman2026
OR1N2	HGNC:15111	Q8NGR9	ENSG00000171501	ENST00000373688	true	A	terminal_n		M	HA	9	767.2	126.6	true	tedman2026
AVPR2	HGNC:897	P30518	ENSG00000126895	ENST00000370049	false	A	terminal_n		M	HA	9			true	tedman2026
OR1L3	HGNC:8215	Q8NH93	ENSG00000171481	ENST00000304820	true	A	terminal_n		M	HA	9	830.5	159.6	true	tedman2026
OR4L1	HGNC:15356	Q8NH43	ENSG00000176246	ENST00000315683	true	A	terminal_n		M	HA	9	549.1	216.7	true	tedman2026
OR1N1	HGNC:8221	Q8NGS0	ENSG00000171505	ENST00000304880	true	A	terminal_n		M	HA	9	118.9	13.5	true	tedman2026
OR1J4	HGNC:8211	Q8NGS1	ENSG00000239590	ENST00000340750	true	A	terminal_n		M	HA	9	1019.3	331.2	true	tedman2026
OR1J2	HGNC:8209	Q8NGS2	ENSG00000197233	ENST00000335302	true	A	terminal_n		M	HA	9	1068.6	174.9	true	tedman2026
OR1J1	HGNC:8208	Q8NGS3	ENSG00000136834	ENST00000259357	true	A	terminal_n		M	HA	9	1004.5	209.8	true	tedman2026
OR13F1	HGNC:14723	Q8NGS4	ENSG00000186881	ENST00000334726	true	A	terminal_n		M	HA	9	973.2	105.6	true	tedman2026
OR13C4	HGNC:14722	Q8NGS5	ENSG00000148136	ENST00000277216	true	A	terminal_n		M	HA	9	310.6	112.0	true	tedman2026
OR13C3	HGNC:14704	Q8NGS6	ENSG00000204246	ENST00000641090	true	A	terminal_n		M	HA	9	931.5	127.0	true	tedman2026
OR13C8	HGNC:15103	Q8NGS7	ENSG00000186943	ENST00000335040	true	A	terminal_n		M	HA	9	128.8	16.0	true	tedman2026
OR13C5	HGNC:15100	Q8NGS8	ENSG00000277556	ENST00000374779	true	A	terminal_n		M	HA	9	789.0	132.6	true	tedman2026
OR13C2	HGNC:14701	Q8NGS9	ENSG00000276119	ENST00000542196	true	A	terminal_n		M	HA	9	815.2	94.1	true	tedman2026
OR13C9	HGNC:15104	Q8NGT0	ENSG00000136839	ENST00000259362	true	A	terminal_n		M	HA	9	930.5	337.3	true	tedman2026
OR2K2	HGNC:8264	Q8NGT1	ENSG00000171133	ENST00000302681	true	A	terminal_n		M	HA	9	143.5	20.3	true	tedman2026
OR13J1	HGNC:15108	Q8NGT2	ENSG00000168828	ENST00000377981	true	A	terminal_n		M	HA	9	140.4	33.2	true	tedman2026
OR9A2	HGNC:15093	Q8NGT5	ENSG00000179468	ENST00000350513	true	A	terminal_n		M	HA	9	1019.3	284.0	true	tedman2026
OR2A12	HGNC:15082	Q8NGT7	ENSG00000221858	ENST00000408949	true	A	terminal_n		M	HA	9	125.6	28.3	true	tedman2026
OR2A1	HGNC:8229	Q8NGT9	ENSG00000221970	ENST00000641044	true	A	terminal_n		M	HA	9	106.1	11.0	true	tedman2026
OR9A4	HGNC:15095	Q8NGU2	ENSG00000258083	ENST00000548136	true	A	terminal_n		M	HA	9	185.1	74.7	true	tedman2026
GPR150	HGNC:23628	Q8NGU9	ENSG00000178015	ENST00000380007	true	A	terminal_n		M	HA	9	509.6	24.6	true	tedman2026
OR2Y1	HGNC:14837	Q8NGV0	ENSG00000174339	ENST00000307832	true	A	terminal_n		M	HA	9	132.4	16.9	true	tedman2026
OR13D1	HGNC:14695	Q8NGV5	ENSG00000179055	ENST00000641530	true	A	terminal_n		M	HA	9	541.0	137.4	true	tedman2026
OR5H6	HGNC:14767	Q8NGV6	ENSG00000230301	ENST00000642105	true	A	terminal_n		M	HA	9	123.3	24.0	true	tedman2026
OR5H2	HGNC:14752	Q8NGV7	ENSG00000197938	ENST00000355273	true	A	terminal_n		M	HA	9	707.3	186.2	true	tedman2026
OR6B3	HGNC:15042	Q8NGW1	ENSG00000178586	ENST00000641019	true	A	terminal_n		M	HA	9	115.3	11.3	true	tedman2026
OR6K6	HGNC:15033	Q8NGW6	ENSG00000180433	ENST00000641861	true	A	terminal_n		M	HA	9	903.7	60.0	true	tedman2026
OR11L1	HGNC:14998	Q8NGX0	ENSG00000197591	ENST00000355784	true	A	terminal_n		M	HA	9	920.3	46.7	true	tedman2026
OR2T34	HGNC:31256	Q8NGX1	ENSG00000183310	ENST00000328782	true	A	terminal_n		M	HA	9	489.2	250.8	true	tedman2026
OR10T2	HGNC:14816	Q8NGX3	ENSG00000186306	ENST00000334438	true	A	terminal_n		M	HA	9	879.4	155.4	true	tedman2026
OR10K1	HGNC:14693	Q8NGX5	ENSG00000173285	ENST00000641971	true	A	terminal_n		M	HA	9	1017.8	206.6	true	tedman2026
OR10R2	HGNC:14820	Q8NGX6	ENSG00000198965	ENST00000641400	true	A	terminal_n		M	HA	9	830.1	125.7	true	tedman2026
OR6Y1	HGNC:14823	Q8NGX8	ENSG00000197532	ENST00000641622	true	A	terminal_n		M	HA	9	926.1	115.1	true	tedman2026
OR6P1	HGNC:15036	Q8NGX9	ENSG00000186440	ENST00000641540	true	A	terminal_n		M	HA	9	969.6	112.5	true	tedman2026
OR10Z1	HGNC:14996	Q8NGY1	ENSG00000198967	ENST00000641002	true	A	terminal_n		M	HA	9	755.0	210.4	true	tedman2026
OR6K2	HGNC:15029	Q8NGY2	ENSG00000196171	ENST00000359610	true	A	terminal_n		M	HA	9	880.4	175.5	true	tedman2026
OR6K3	HGNC:15030	Q8NGY3	ENSG00000203757	ENST00000368146	true	A	terminal_n		M	HA	9	196.9	65.6	true	tedman2026
OR6N1	HGNC:15034	Q8NGY5	ENSG00000197403	ENST00000641846	true	A	terminal_n		M	HA	9	346.5	133.6	true	tedman2026
OR6N2	HGNC:15035	Q8NGY6	ENSG00000188340	ENST00000641131	true	A	terminal_n		M	HA	9	175.1	75.4	true	tedman2026
OR2L8	HGNC:15014	Q8NGY9	ENSG00000279263	ENST00000623922	true	A	terminal_n		M	HA	9	1256.4	108.8	true	tedman2026
OR2AJ1	HGNC:15001	Q8NGZ0	ENSG00000177275	ENST00000318244	true	A	terminal_n		M	HA	9	1000.7	96.7	true	tedman2026
OR14K1	HGNC:15025	Q8NGZ2	ENSG00000153230	ENST00000283225	true	A	terminal_n		M	HA	9	155.0	34.9	true	tedman2026
OR11H2	HGNC:14716	Q8NH07	ENSG00000258453	ENST00000556246	true	A	terminal_n		M	HA	9	993.3	90.3	true	tedman2026
OR13G1	HGNC:14999	Q8NGZ3	ENSG00000197437	ENST00000642119	true	A	terminal_n		M	HA	9	948.4	66.8	true	tedman2026
OR2G3	HGNC:15008	Q8NGZ4	ENSG00000177476	ENST00000320002	true	A	terminal_n		M	HA	9	1208.0	361.6	true	tedman2026
OR2G2	HGNC:15007	Q8NGZ5	ENSG00000177489	ENST00000320065	true	A	terminal_n		M	HA	9	944.2	94.1	true	tedman2026
OR6F1	HGNC:15027	Q8NGZ6	ENSG00000169214	ENST00000641470	true	A	terminal_n		M	HA	9	1057.4	181.0	true	tedman2026
OR2T10	HGNC:19573	Q8NGZ9	ENSG00000184022	ENST00000330500	true	A	terminal_n		M	HA	9	894.9	189.6	true	tedman2026
OR2T4	HGNC:15016	Q8NH00	ENSG00000274870	ENST00000621754	true	A	terminal_n		M	HA	9	122.4	21.1	true	tedman2026
OR2T11	HGNC:19574	Q8NH01	ENSG00000279301	ENST00000641193	true	A	terminal_n		M	HA	9	607.8	153.9	true	tedman2026
OR2T3	HGNC:14727	Q8NH03	ENSG00000196539	ENST00000359594	true	A	terminal_n		M	HA	9	450.1	204.5	true	tedman2026
OR4Q3	HGNC:15426	Q8NH05	ENSG00000182652	ENST00000642117	true	A	terminal_n		M	HA	9	381.8	170.4	true	tedman2026
OR8S1	HGNC:19628	Q8NH09	ENSG00000284723	ENST00000641651	true	A	terminal_n		M	HA	9	129.1	33.7	true	tedman2026
OR8U1	HGNC:19611	Q8NH10	ENSG00000172199	ENST00000302270	true	A	terminal_n		M	HA	9	1051.2	179.4	true	tedman2026
OR2L2	HGNC:8266	Q8NH16	ENSG00000203663	ENST00000366479	true	A	terminal_n		M	HA	9	816.4	156.9	true	tedman2026
OR5J2	HGNC:19612	Q8NH18	ENSG00000174957	ENST00000312298	true	A	terminal_n		M	HA	9	1019.8	173.8	true	tedman2026
OR10AG1	HGNC:19607	Q8NH19	ENSG00000174970	ENST00000312345	true	A	terminal_n		M	HA	9	882.2	160.3	true	tedman2026
OR4F5	HGNC:14825	Q8NH21	ENSG00000186092	ENST00000641515	true	A	terminal_n		M	HA	9	1008.4	401.1	true	tedman2026
OR4C3	HGNC:14697	Q8NH37	ENSG00000176547	ENST00000319856	true	A	terminal_n		M	HA	9	783.8	248.9	true	tedman2026
OR6S1	HGNC:15363	Q8NH40	ENSG00000181803	ENST00000320704	true	A	terminal_n		M	HA	9	889.8	137.1	true	tedman2026
OR4K15	HGNC:15353	Q8NH41	ENSG00000169488	ENST00000305051	true	A	terminal_n		M	HA	9	1002.6	151.2	true	tedman2026
OR4K13	HGNC:15351	Q8NH42	ENSG00000176253	ENST00000641904	true	A	terminal_n		M	HA	9	736.1	293.8	true	tedman2026
OR5B3	HGNC:8324	Q8NH48	ENSG00000172769	ENST00000641865	true	A	terminal_n		M	HA	9	967.2	194.7	true	tedman2026
OR4X1	HGNC:14854	Q8NH49	ENSG00000176567	ENST00000320048	true	A	terminal_n		M	HA	9	865.4	240.9	true	tedman2026
OR8K5	HGNC:15315	Q8NH50	ENSG00000181752	ENST00000313447	true	A	terminal_n		M	HA	9	1002.2	139.8	true	tedman2026
OR8K3	HGNC:15313	Q8NH51	ENSG00000280314	ENST00000641689	true	A	terminal_n		M	HA	9	1129.1	102.7	true	tedman2026
OR52N1	HGNC:14853	Q8NH53	ENSG00000181001	ENST00000641645	true	A	terminal_n		M	HA	9	884.9	177.2	true	tedman2026
OR56A3	HGNC:14786	Q8NH54	ENSG00000184478	ENST00000641905	true	A	terminal_n		M	HA	9	666.4	130.7	true	tedman2026
OR52E5	HGNC:15214	Q8NH55	ENSG00000277932	ENST00000610445	true	A	terminal_n		M	HA	9	901.7	76.1	true	tedman2026
OR51Q1	HGNC:14851	Q8NH59	ENSG00000167360	ENST00000300778	true	A	terminal_n		M	HA	9	152.3	70.4	true	tedman2026
OR52J3	HGNC:14799	Q8NH60	ENSG00000205495	ENST00000380370	true	A	terminal_n		M	HA	9	1053.4	58.2	true	tedman2026
OR51F2	HGNC:15197	Q8NH61	ENSG00000176925	ENST00000641672	true	A	terminal_n		M	HA	9	706.7	69.4	true	tedman2026
OR51A7	HGNC:15188	Q8NH64	ENSG00000176895	ENST00000359350	true	A	terminal_n		M	HA	9	904.8	179.4	true	tedman2026
OR52I2	HGNC:15221	Q8NH67	ENSG00000226288	ENST00000641896	true	A	terminal_n		M	HA	9	107.7	14.6	true	tedman2026
OR5W2	HGNC:15299	Q8NH69	ENSG00000187612	ENST00000344514	true	A	terminal_n		M	HA	9	939.1	167.3	true	tedman2026
OR4A16	HGNC:15153	Q8NH70	ENSG00000181961	ENST00000314721	true	A	terminal_n		M	HA	9	1050.5	294.5	true	tedman2026
OR4C6	HGNC:14743	Q8NH72	ENSG00000181903	ENST00000690330	true	A	terminal_n		M	HA	9	1025.4	217.9	true	tedman2026
OR4S2	HGNC:15183	Q8NH73	ENSG00000174982	ENST00000641692	true	A	terminal_n		M	HA	9	1052.3	185.5	true	tedman2026
OR56B4	HGNC:15248	Q8NH76	ENSG00000180919	ENST00000316529	true	A	terminal_n		M	HA	9	1019.4	114.8	true	tedman2026
OR6X1	HGNC:14737	Q8NH79	ENSG00000221931	ENST00000327930	true	A	terminal_n		M	HA	9	823.3	211.4	true	tedman2026
OR10D3	HGNC:8168	Q8NH80	ENSG00000197309	ENST00000318666	true	A	terminal_n		M	HA	9	917.0	184.6	true	tedman2026
OR10G6	HGNC:14836	Q8NH81	ENSG00000198674	ENST00000307002	true	A	terminal_n		M	HA	9	1029.2	160.4	true	tedman2026
OR4A5	HGNC:15162	Q8NH83	ENSG00000221840	ENST00000319760	true	A	terminal_n		M	HA	9	863.4	154.8	true	tedman2026
OR8U3	HGNC:14841	Q8NH85	ENSG00000279961	ENST00000623286	true	A	terminal_n		M	HA	9	1093.7	246.7	true	tedman2026
OR9G1	HGNC:15319	Q8NH87	ENSG00000174914	ENST00000642097	true	A	terminal_n		M	HA	9	844.8	79.2	true	tedman2026
OR5AK2	HGNC:15251	Q8NH90	ENSG00000181273	ENST00000326855	true	A	terminal_n		M	HA	9	946.7	100.6	true	tedman2026
OR1S1	HGNC:8227	Q8NH92	ENSG00000280204	ENST00000641544	true	A	terminal_n		M	HA	9	883.4	49.0	true	tedman2026
OR1L1	HGNC:8213	Q8NH94	ENSG00000173679	ENST00000373686	true	A	terminal_n		M	HA	9	468.0	171.7	true	tedman2026
OR5K1	HGNC:8349	Q8NHB7	ENSG00000232382	ENST00000332650	true	A	terminal_n		M	HA	9	193.9	62.2	true	tedman2026
OR5K2	HGNC:14774	Q8NHB8	ENSG00000231861	ENST00000427338	true	A	terminal_n		M	HA	9	849.2	224.1	true	tedman2026
OR10J5	HGNC:14993	Q8NHC4	ENSG00000184155	ENST00000334857	true	A	terminal_n		M	HA	9	1078.5	211.7	true	tedman2026
OR14A16	HGNC:15022	Q8NHC5	ENSG00000196772	ENST00000641093	true	A	terminal_n		M	HA	9	1467.6	156.4	true	tedman2026
OR14C36	HGNC:15026	Q8NHC7	ENSG00000177174	ENST00000317861	true	A	terminal_n		M	HA	9	263.9	80.0	true	tedman2026
OR2T6	HGNC:15018	Q8NHC8	ENSG00000198104	ENST00000641644	true	A	terminal_n		M	HA	9	995.4	259.1	true	tedman2026
PROKR1	HGNC:4524	Q8TCW9	ENSG00000169618	ENST00000303786	true	A	terminal_n		M	HA	9	2261.1	376.0	true	tedman2026
HCAR2	HGNC:24827	Q8TDS4	ENSG00000182782	ENST00000328880	true	A	terminal_n		M	HA	9	5247.8	577.4	true	tedman2026
OXER1	HGNC:24884	Q8TDS5	ENSG00000162881	ENST00000378661	true	A	terminal_n		M	HA	9	5612.9	68.7	true	tedman2026
MRGPRD	HGNC:29626	Q8TDS7	ENSG00000172938	ENST00000309106	true	A	terminal_n		M	HA	9	1609.1	378.5	true	tedman2026
GPR152	HGNC:23622	Q8TDT2	ENSG00000175514	ENST00000312457	true	A	terminal_n		M	HA	9	283.8	15.9	true	tedman2026
GPBAR1	HGNC:19680	Q8TDU6	ENSG00000179921	ENST00000521462	true	A	terminal_n		M	HA	9	5937.9	83.5	true	tedman2026
GPR151	HGNC:23624	Q8TDV0	ENSG00000173250	ENST00000311104	true	A	terminal_n		M	HA	9	5993.8	227.8	true	tedman2026
GPR148	HGNC:23623	Q8TDV2	ENSG00000173302	ENST00000309926	true	A	terminal_n		M	HA	9	219.5	20.7	true	tedman2026
GPR119	HGNC:19060	Q8TDV5	ENSG00000147262	ENST00000276218	true	A	terminal_n		M	HA	9	702.4	98.9	true	tedman2026
TAS2R40	HGNC:18885	P59535	ENSG00000221937	ENST00000408947	true	Taste	terminal_n		M	HA	9	133.6	30.6	true	tedman2026
TAS2R41	HGNC:18883	P59536	ENSG00000221855	ENST00000408916	true	Taste	terminal_n		M	HA	9	129.4	19.6	true	tedman2026
TAS2R43	HGNC:18875	P59537	ENSG00000255374	ENST00000531678	true	Taste	terminal_n		M	HA	9	971.7	144.6	true	tedman2026
TAS2R31	HGNC:19113	P59538	ENSG00000256436	ENST00000390675	true	Taste	terminal_n		M	HA	9	964.5	142.2	true	tedman2026
TAS2R46	HGNC:18877	P59540	ENSG00000226761	ENST00000533467	true	Taste	terminal_n		M	HA	9	889.8	10.0	true	tedman2026
TAS2R30	HGNC:19112	P59541	ENSG00000256188	ENST00000539585	true	Taste	terminal_n		M	HA	9	870.4	84.8	true	tedman2026
TAS2R19	HGNC:19108	P59542	ENSG00000212124	ENST00000390673	true	Taste	terminal_n		M	HA	9	370.1	227.5	true	tedman2026
TAS2R20	HGNC:19109	P59543	ENSG00000255837	ENST00000538986	true	Taste	terminal_n		M	HA	9	807.1	158.2	true	tedman2026
TAS2R50	HGNC:18882	P59544	ENSG00000212126	ENST00000506868	true	Taste	terminal_n		M	HA	9	925.6	146.0	true	tedman2026
OR4K17	HGNC:15355	Q8NGC6	ENSG00000176230	ENST00000641386	true	A	terminal_n		M	HA	9	913.2	200.0	true	tedman2026
CXCR4	HGNC:2561	P61073	ENSG00000121966	ENST00000241393	true	A	terminal_n		M	HA	9	813.5	140.5	true	tedman2026
MC1R	HGNC:6929	Q01726	ENSG00000258839	ENST00000555147	true	A	terminal_n		M	HA	9	298.6	43.2	true	tedman2026
PTGDR	HGNC:9591	Q13258	ENSG00000168229	ENST00000306051	true	A	terminal_n		M	HA	9	6002.1	81.1	true	tedman2026
GPR17	HGNC:4471	Q13304	ENSG00000144230	ENST00000393018	true	A	terminal_n		M	HA	9	292.7	22.2	true	tedman2026
CRHR2	HGNC:2358	Q13324	ENSG00000106113	ENST00000471646	true	B	terminal_n		M	HA	9	2384.7	555.9	true	tedman2026
GPR50	HGNC:4506	Q13585	ENSG00000102195	ENST00000218316	true	A	terminal_n		M	HA	9	6411.9	49.9	true	tedman2026
OR5I1	HGNC:8347	Q13606	ENSG00000167825	ENST00000301532	true	A	terminal_n		M	HA	9	828.8	205.1	true	tedman2026
OR2F1	HGNC:8246	Q13607	ENSG00000213215	ENST00000624504	true	A	terminal_n		M	HA	9	180.7	74.2	true	tedman2026
GPR18	HGNC:4472	Q14330	ENSG00000125245	ENST00000416594	true	A	terminal_n		M	HA	9	360.1	114.7	true	tedman2026
GPR176	HGNC:32370	Q14439	ENSG00000166073	ENST00000561100	true	A	terminal_n		M	HA	9	6400.7	100.0	true	tedman2026
P2RY6	HGNC:8543	Q15077	ENSG00000171631	ENST00000538328	true	A	terminal_n		M	HA	9	2483.8	529.3	true	tedman2026
P2RY14	HGNC:16442	Q15391	ENSG00000174944	ENST00000424796	true	A	terminal_n		M	HA	9	5189.1	71.2	true	tedman2026
OR4D1	HGNC:8293	Q15615	ENSG00000141194	ENST00000641449	true	A	terminal_n		M	HA	9	1083.5	128.3	true	tedman2026
OR8G1	HGNC:8484	Q15617	ENSG00000197849	ENST00000641972	true	A	terminal_n		M	HA	9	777.0	58.2	true	tedman2026
OR8B8	HGNC:8477	Q15620	ENSG00000197125	ENST00000328064	true	A	terminal_n		M	HA	9	1120.7	180.0	true	tedman2026
OR7A5	HGNC:8368	Q15622	ENSG00000188269	ENST00000594432	true	A	terminal_n		M	HA	9	936.5	278.2	true	tedman2026
LTB4R	HGNC:6713	Q15722	ENSG00000213903	ENST00000396782	true	A	terminal_n		M	HA	9	4814.3	818.2	true	tedman2026
NPY5R	HGNC:7958	Q15761	ENSG00000164129	ENST00000506953	true	A	terminal_n		M	HA	9	268.6	26.3	true	tedman2026
GPR162	HGNC:16693	Q16538	ENSG00000250510	ENST00000311268	true	A	terminal_n		M	HA	9	707.6	172.2	true	tedman2026
C3AR1	HGNC:1319	Q16581	ENSG00000171860	ENST00000307637	true	A	terminal_n		M	HA	9	326.8	41.0	true	tedman2026
GPR33	HGNC:4489	Q49SQ1	ENSG00000214943	ENST00000399285	true	A	terminal_n		M	HA	9	1124.6	73.8	true	tedman2026
OR2B11	HGNC:31249	Q5JQS5	ENSG00000177535	ENST00000641527	true	A	terminal_n		M	HA	9	238.3	84.2	true	tedman2026
OR10J3			ENSG00000291901	ENST00000709165	true	A	terminal_n			HA	9	163.6	59.6	false	tedman2026
FFAR4	HGNC:19061	Q5NUL3	ENSG00000186188	ENST00000371481	true	A	terminal_n		M	HA	9	3246.7	647.6	true	tedman2026
OR2G6	HGNC:27019	Q5TZ20	ENSG00000188558	ENST00000641501	true	A	terminal_n		M	HA	9	121.8	18.5	true	tedman2026
GPR157	HGNC:23687	Q5UAW9	ENSG00000180758	ENST00000377411	true	B	terminal_n		M	HA	9	2325.0	307.5	true	tedman2026
OR5M10	HGNC:15290	Q6IEU7	ENSG00000254834	ENST00000526538	true	A	terminal_n		M	HA	9	862.9	88.4	true	tedman2026
OR4C11	HGNC:15167	Q6IEV9	ENSG00000172188	ENST00000641580	true	A	terminal_n		M	HA	9	820.6	282.5	true	tedman2026
OR4F16	HGNC:15079	Q6IEY1	ENSG00000284662	ENST00000332831	true	A	terminal_n		M	HA	9	1101.1	149.6	true	tedman2026
OR2T5	HGNC:15017	Q6IEZ7	ENSG00000203661	ENST00000641363	true	A	terminal_n		M	HA	9	121.3	13.8	true	tedman2026
OR2T2	HGNC:14725	Q6IF00	ENSG00000196240	ENST00000641925	true	A	terminal_n		M	HA	9	130.0	17.2	true	tedman2026
OR52W1	HGNC:15239	Q6IF63	ENSG00000175485	ENST00000311352	true	A	terminal_n		M	HA	9	827.8	243.3	true	tedman2026
OR4A47	HGNC:31266	Q6IF82	ENSG00000237388	ENST00000446524	true	A	terminal_n		M	HA	9	862.7	176.0	true	tedman2026
OR52E8	HGNC:15217	Q6IFG1	ENSG00000183269	ENST00000537935	true	A	terminal_n		M	HA	9	947.6	31.0	true	tedman2026
OR6B2	HGNC:15041	Q6IFH4	ENSG00000182083	ENST00000319423	true	A	terminal_n		M	HA	9	152.6	9.6	true	tedman2026
OPN5	HGNC:19992	Q6U736	ENSG00000124818	ENST00000371211	true	A	terminal_n		M	HA	9	6266.9	74.3	true	tedman2026
NPSR1	HGNC:23631	Q6W5P4	ENSG00000187258	ENST00000360581	true	A	terminal_n		M	HA	9	456.8	42.3	true	tedman2026
TAS2R42	HGNC:18888	Q7RTR8	ENSG00000186136	ENST00000334266	true	Taste	terminal_n		M	HA	9	114.3	7.7	true	tedman2026
OR2W3	HGNC:15021	Q7Z3T1	ENSG00000238243	ENST00000360358	true	A	terminal_n		M	HA	9	129.3	7.6	true	tedman2026
VN1R5	HGNC:19870	Q7Z5H4	ENSG00000291888	ENST00000709096	true	Vomeronasal	terminal_n		M	HA	9	898.5	121.3	true	tedman2026
VN1R4	HGNC:19871	Q7Z5H5	ENSG00000228567	ENST00000311170	true	Vomeronasal	terminal_n		M	HA	9	1158.3	137.1	true	tedman2026
GPR142	HGNC:20088	Q7Z601	ENSG00000257008	ENST00000335666	true	A	terminal_n		M	HA	9	164.6	58.0	true	tedman2026
GPR141	HGNC:19997	Q7Z602	ENSG00000187037	ENST00000447769	true	A	terminal_n		M	HA	9	6451.8	35.0	true	tedman2026
MRGPRE	HGNC:30694	Q86SM8	ENSG00000184350	ENST00000389832	true	A	terminal_n		M	HA	9	1675.2	420.8	true	tedman2026
ADGRA1	HGNC:13838	Q86SQ6	ENSG00000197177	ENST00000392607	true	B	terminal_n		M	HA	9	2636.0	632.1	true	tedman2026
P2RY8	HGNC:15524	Q86VZ1	ENSG00000182162	ENST00000381297	true	A	terminal_n		M	HA	9	2436.1	318.0	true	tedman2026
OR4N5	HGNC:15358	Q8IXE1	ENSG00000184394	ENST00000641086	true	A	terminal_n		M	HA	9	216.4	65.6	true	tedman2026
GPR65	HGNC:4517	Q8IYL9	ENSG00000140030	ENST00000267549	true	A	terminal_n		M	HA	9	4390.1	245.1	true	tedman2026
OR4N4	HGNC:15375	Q8N0Y3	ENSG00000183706	ENST00000328795	true	A	terminal_n		M	HA	9	255.0	112.0	true	tedman2026
OR8I2	HGNC:15310	Q8N0Y5	ENSG00000172154	ENST00000302124	true	A	terminal_n		M	HA	9	188.9	84.8	true	tedman2026
OR5AS1	HGNC:15261	Q8N127	ENSG00000181785	ENST00000641320	true	A	terminal_n		M	HA	9	1018.3	106.7	true	tedman2026
OR8H3	HGNC:15309	Q8N146	ENSG00000181761	ENST00000313472	true	A	terminal_n		M	HA	9	789.9	245.2	true	tedman2026
OR6V1	HGNC:15090	Q8N148	ENSG00000225781	ENST00000418316	true	A	terminal_n		M	HA	9	886.6	93.9	true	tedman2026
OR2L13	HGNC:19578	Q8N349	ENSG00000196071	ENST00000641714	true	A	terminal_n		M	HA	9	139.4	4.1	true	tedman2026
OR2C3	HGNC:15005	Q8N628	ENSG00000196242	ENST00000641802	true	A	terminal_n		M	HA	9	1069.3	64.8	true	tedman2026
GPR161	HGNC:23694	Q8N6U8	ENSG00000143147	ENST00000367835	true	A	terminal_n		M	HA	9	4534.0	947.2	true	tedman2026
GPRC5A	HGNC:9836	Q8NFJ5	ENSG00000013588	ENST00000014914	true	C	terminal_n		M	HA	9	6446.6	50.1	true	tedman2026
PROKR2	HGNC:15836	Q8NFJ6	ENSG00000101292	ENST00000217270	true	A	terminal_n		M	HA	9	485.0	20.7	true	tedman2026
GPR156	HGNC:20844	Q8NFN8	ENSG00000175697	ENST00000464295	true	C	terminal_n		M	HA	9	352.1	29.6	true	tedman2026
VN1R2	HGNC:19872	Q8NFZ6	ENSG00000196131	ENST00000341702	true	Vomeronasal	terminal_n		M	HA	9	1095.2	100.7	true	tedman2026
OR5T1	HGNC:14821	Q8NG75	ENSG00000181698	ENST00000641665	true	A	terminal_n		M	HA	9	768.4	296.2	true	tedman2026
OR2T33	HGNC:31255	Q8NG76	ENSG00000177212	ENST00000318021	true	A	terminal_n		M	HA	9	1099.4	260.5	true	tedman2026
OR2T12	HGNC:19592	Q8NG77	ENSG00000177201	ENST00000641276	true	A	terminal_n		M	HA	9	838.6	76.4	true	tedman2026
OR8G5	HGNC:19622	Q8NG78	ENSG00000255298	ENST00000641992	true	A	terminal_n		M	HA	9	629.7	103.4	true	tedman2026
OR2M7	HGNC:19594	Q8NG81	ENSG00000177186	ENST00000317965	true	A	terminal_n		M	HA	9	156.9	43.5	true	tedman2026
OR2M3	HGNC:8269	Q8NG83	ENSG00000228198	ENST00000456743	true	A	terminal_n		M	HA	9	137.6	18.9	true	tedman2026
OR2AK2	HGNC:19569	Q8NG84	ENSG00000187080	ENST00000366480	true	A	terminal_n		M	HA	9	417.5	158.5	true	tedman2026
OR2L3	HGNC:15009	Q8NG85	ENSG00000198128	ENST00000641161	true	A	terminal_n		M	HA	9	745.9	245.8	true	tedman2026
OR13H1	HGNC:14755	Q8NG92	ENSG00000171054	ENST00000338616	true	A	terminal_n		M	HA	9	763.4	118.4	true	tedman2026
OR11H1	HGNC:15404	Q8NG94	ENSG00000130538	ENST00000643195	true	A	terminal_n		M	HA	9	1217.5	6.2	true	tedman2026
OR4M2	HGNC:15373	Q8NGB6	ENSG00000274102	ENST00000614722	true	A	terminal_n		M	HA	9	896.1	105.4	true	tedman2026
OR2Z1	HGNC:15391	Q8NG97	ENSG00000181733	ENST00000641125	true	A	terminal_n		M	HA	9	452.4	210.7	true	tedman2026
OR7G2	HGNC:8466	Q8NG99	ENSG00000170923	ENST00000641081	true	A	terminal_n		M	HA	9	165.2	52.8	true	tedman2026
OR7G1	HGNC:8465	Q8NGA0	ENSG00000161807	ENST00000541538	true	A	terminal_n		M	HA	9	1010.5	142.4	true	tedman2026
OR1M1	HGNC:8220	Q8NGA1	ENSG00000170929	ENST00000429566	true	A	terminal_n		M	HA	9	129.7	31.4	true	tedman2026
OR10H4	HGNC:15388	Q8NGA5	ENSG00000176231	ENST00000322107	true	A	terminal_n		M	HA	9	1495.9	216.7	true	tedman2026
OR10H5	HGNC:15389	Q8NGA6	ENSG00000172519	ENST00000308940	true	A	terminal_n		M	HA	9	128.6	20.8	true	tedman2026
OR4F17	HGNC:15381	Q8NGA8	ENSG00000176695	ENST00000318050	true	A	terminal_n		M	HA	9	1083.8	75.6	true	tedman2026
OR4C5	HGNC:14702	Q8NGB2	ENSG00000176540	ENST00000319813	true	A	terminal_n		M	HA	9	1012.1	177.8	true	tedman2026
OR4S1	HGNC:14705	Q8NGB4	ENSG00000176555	ENST00000319988	true	A	terminal_n		M	HA	9	1014.7	151.5	true	tedman2026
OR7G3	HGNC:8467	Q8NG95	ENSG00000170920	ENST00000305444	true	A	terminal_n		M	HA	9	110.6	21.4	true	tedman2026
OR4F15	HGNC:15078	Q8NGB8	ENSG00000182854	ENST00000332238	true	A	terminal_n		M	HA	9	876.3	206.9	true	tedman2026
OR4F6	HGNC:15372	Q8NGB9	ENSG00000184140	ENST00000328882	true	A	terminal_n		M	HA	9	1002.3	138.3	true	tedman2026
OR5AU1	HGNC:15362	Q8NGC0	ENSG00000169327	ENST00000641822	true	A	terminal_n		M	HA	9	418.6	111.8	true	tedman2026
OR11G2	HGNC:15346	Q8NGC1	ENSG00000196832	ENST00000641879	true	A	terminal_n		M	HA	9	771.1	100.8	true	tedman2026
OR4E2	HGNC:8297	Q8NGC2	ENSG00000221977	ENST00000641524	true	A	terminal_n		M	HA	9	958.9	146.1	true	tedman2026
OR10G2	HGNC:8170	Q8NGC3	ENSG00000255582	ENST00000542433	true	A	terminal_n		M	HA	9	110.8	15.7	true	tedman2026
OR10G3	HGNC:8171	Q8NGC4	ENSG00000169208	ENST00000641185	true	A	terminal_n		M	HA	9	839.7	269.4	true	tedman2026
OR6J1	HGNC:14707	Q8NGC5	ENSG00000255804	ENST00000540461	true	A	terminal_n		M	HA	9	279.2	106.1	true	tedman2026
GPR85	HGNC:4536	P60893	ENSG00000164604	ENST00000449591	true	A	terminal_n		M	HA	9	651.8	186.6	true	tedman2026
UTS2R	HGNC:4468	Q9UKP6	ENSG00000181408	ENST00000313135	true	A	terminal_n		M	HA	9	2426.2	115.4	true	tedman2026
GPR132	HGNC:17482	Q9UNW8	ENSG00000183484	ENST00000539291	true	A	terminal_n		M	HA	9	371.8	74.4	true	tedman2026
GPR34	HGNC:4490	Q9UPC5	ENSG00000171659	ENST00000649219	true	A	terminal_n		M	HA	9	1064.3	208.2	true	tedman2026
GPR55	HGNC:4511	Q9Y2T6	ENSG00000135898	ENST00000392040	true	A	terminal_n		M	HA	9	6284.7	65.3	true	tedman2026
OR10H1	HGNC:8172	Q9Y4A9	ENSG00000186723	ENST00000334920	true	A	terminal_n		M	HA	9	121.4	17.4	true	tedman2026
OR1A2	HGNC:8180	Q9Y585	ENSG00000172150	ENST00000381951	true	A	terminal_n		M	HA	9	207.5	45.8	true	tedman2026
HRH3	HGNC:5184	Q9Y5N1	ENSG00000101180	ENST00000340177	true	A	terminal_n		M	HA	9	461.5	28.6	true	tedman2026
OR51B4	HGNC:14708	Q9Y5P0	ENSG00000183251	ENST00000380224	true	A	terminal_n		M	HA	9	823.1	123.4	true	tedman2026
NPFFR2	HGNC:4525	Q9Y5X5	ENSG00000056291	ENST00000308744	true	A	terminal_n		M	HA	9	821.7	238.6	true	tedman2026
PTGDR2	HGNC:4502	Q9Y5Y4	ENSG00000183134	ENST00000332539	true	A	terminal_n		M	HA	9	6413.1	48.7	true	tedman2026
HTR2A	HGNC:5293	P28223	ENSG00000102468	ENST00000543956	false	A	terminal_n		M	HA	9			true	tedman2026
PTGDR	HGNC:9591	Q13258	ENSG00000168229	ENST00000553372	false	A	terminal_n		M	HA	9			true	tedman2026
RXFP2	HGNC:17318	Q8WXD0	ENSG00000133105	ENST00000380314	false	A	terminal_n		M	HA	9			true	tedman2026
GPR18	HGNC:4472	Q14330	ENSG00000125245	ENST00000416594	false	A	terminal_n		M	HA	9	360.1	114.7	true	tedman2026
OXGR1	HGNC:4531	Q96P68	ENSG00000165621	ENST00000541518	false	A	terminal_n		M	HA	9			true	tedman2026
ADRA1A	HGNC:277	P35348	ENSG00000120907	ENST00000380582	false	A	terminal_n		M	HA	9			true	tedman2026
ADRA1A	HGNC:277	P35348	ENSG00000120907	ENST00000519229	false	A	terminal_n		M	HA	9			true	tedman2026
ADRA1A	HGNC:277	P35348	ENSG00000120907	ENST00000354550	false	A	terminal_n		M	HA	9			true	tedman2026
ADORA2A	HGNC:263	P29274	ENSG00000128271	ENST00000424232	false	A	terminal_n		M	HA	9			true	tedman2026
ADORA2A	HGNC:263	P29274	ENSG00000128271	ENST00000486108	false	A	terminal_n		M	HA	9			true	tedman2026
ADORA2A	HGNC:263	P29274	ENSG00000128271	ENST00000444262	false	A	terminal_n		M	HA	9			true	tedman2026
ADORA2A	HGNC:263	P29274	ENSG00000128271	ENST00000436735	false	A	terminal_n		M	HA	9			true	tedman2026
PTGER2	HGNC:9594	P43116	ENSG00000125384	ENST00000557436	false	A	terminal_n		M	HA	9			true	tedman2026
GPR68	HGNC:4519	Q15743	ENSG00000119714	ENST00000529102	false	A	terminal_n		M	HA	9			true	tedman2026
GPR146	HGNC:21718	Q96CH1	ENSG00000164849	ENST00000444847	false	A	terminal_n		M	HA	9			true	tedman2026
GPR146	HGNC:21718	Q96CH1	ENSG00000164849	ENST00000427680	false	A	terminal_n		M	HA	9			true	tedman2026
CXCR3	HGNC:4540	P49682	ENSG00000186810	ENST00000373691	false	A	terminal_n		M	HA	9			true	tedman2026
OPRM1	HGNC:8156	P35372	ENSG00000112038	ENST00000518759	false	A	terminal_n		M	HA	9			true	tedman2026
OPRM1	HGNC:8156	P35372	ENSG00000112038	ENST00000522555	false	A	terminal_n		M	HA	9			true	tedman2026
HRH3	HGNC:5184	Q9Y5N1	ENSG00000101180	ENST00000317393	false	A	terminal_n		M	HA	9			true	tedman2026
CMKLR1	HGNC:2121	Q99788	ENSG00000174600	ENST00000550573	false	A	terminal_n		M	HA	9			true	tedman2026
CMKLR1	HGNC:2121	Q99788	ENSG00000174600	ENST00000549466	false	A	terminal_n		M	HA	9			true	tedman2026
MC5R	HGNC:6933	P33032	ENSG00000176136	ENST00000589410	false	A	terminal_n		M	HA	9			true	tedman2026
NPY1R	HGNC:7956	P25929	ENSG00000164128	ENST00000509586	false	A	terminal_n		M	HA	9			true	tedman2026
NPY1R	HGNC:7956	P25929	ENSG00000164128	ENST00000504391	false	A	terminal_n		M	HA	9			true	tedman2026
NPY1R	HGNC:7956	P25929	ENSG00000164128	ENST00000504790	false	A	terminal_n		M	HA	9			true	tedman2026
NPY1R	HGNC:7956	P25929	ENSG00000164128	ENST00000515701	false	A	terminal_n		M	HA	9			true	tedman2026
MC2R	HGNC:6930	Q01718	ENSG00000185231	ENST00000399821	false	A	terminal_n		M	HA	9			true	tedman2026
GPR143	HGNC:20145	P51810	ENSG00000101850	ENST00000447366	false	Unknown	terminal_n		M	HA	9			true	tedman2026
TACR1	HGNC:11526	P25103	ENSG00000115353	ENST00000409848	false	A	terminal_n		M	HA	9			true	tedman2026
GNRHR	HGNC:4421	P30968	ENSG00000109163	ENST00000420975	false	A	terminal_n		M	HA	9			true	tedman2026
HTR1A	HGNC:5286	P08908	ENSG00000178394	ENST00000506598	false	A	terminal_n		M	HA	9			true	tedman2026
GPR173	HGNC:18186	Q9NS66	ENSG00000184194	ENST00000375466	false	A	terminal_n		M	HA	9			true	tedman2026
PTGFR	HGNC:9600	P43088	ENSG00000122420	ENST00000370756	false	A	terminal_n		M	HA	9			true	tedman2026
GHSR	HGNC:4267	Q92847	ENSG00000121853	ENST00000427970	false	A	terminal_n		M	HA	9			true	tedman2026
ADGRA1	HGNC:13838	Q86SQ6	ENSG00000197177	ENST00000392606	false	B	terminal_n		M	HA	9			true	tedman2026
AVPR2	HGNC:897	P30518	ENSG00000126895	ENST00000430697	false	A	terminal_n		M	HA	9			true	tedman2026
FPR2	HGNC:3827	P25090	ENSG00000171049	ENST00000599326	false	A	terminal_n		M	HA	9			true	tedman2026
FPR2	HGNC:3827	P25090	ENSG00000171049	ENST00000600722	false	A	terminal_n		M	HA	9			true	tedman2026
GPR132	HGNC:17482	Q9UNW8	ENSG00000183484	ENST00000392585	false	A	terminal_n		M	HA	9			true	tedman2026
MC1R	HGNC:6929	Q01726	ENSG00000258839	ENST00000555427	false	A	terminal_n		M	HA	9			true	tedman2026
OPN4	HGNC:14449	Q9UHM6	ENSG00000122375	ENST00000372071	false	A	terminal_n		M	HA	9			true	tedman2026
TACR2	HGNC:11527	P21452	ENSG00000075073	ENST00000373307	false	A	terminal_n		M	HA	9			true	tedman2026
ACKR3	HGNC:23692	P25106	ENSG00000144476	ENST00000447924	false	A	terminal_n		M	HA	9			true	tedman2026
LPAR1	HGNC:3166	Q92633	ENSG00000198121	ENST00000441240	false	A	terminal_n		M	HA	9			true	tedman2026
TAS2R1	HGNC:14909	Q9NYW7	ENSG00000169777	ENST00000514078	false	Taste	terminal_n		M	HA	9			true	tedman2026
TAS2R1	HGNC:14909	Q9NYW7	ENSG00000169777	ENST00000506620	false	Taste	terminal_n		M	HA	9			true	tedman2026
NPFFR2	HGNC:4525	Q9Y5X5	ENSG00000056291	ENST00000358749	false	A	terminal_n		M	HA	9			true	tedman2026
GPR6	HGNC:4515	P46095	ENSG00000146360	ENST00000414000	false	A	terminal_n		M	HA	9			true	tedman2026
GPR85	HGNC:4536	P60893	ENSG00000164604	ENST00000438062	false	A	terminal_n		M	HA	9			true	tedman2026
P2RY6	HGNC:8543	Q15077	ENSG00000171631	ENST00000535931	false	A	terminal_n		M	HA	9			true	tedman2026
CHRM3	HGNC:1952	P20309	ENSG00000133019	ENST00000448020	false	A	terminal_n		M	HA	9			true	tedman2026
HRH2	HGNC:5183	P25021	ENSG00000113749	ENST00000377291	false	A	terminal_n		M	HA	9			true	tedman2026
CCR10	HGNC:4474	P46092	ENSG00000184451	ENST00000591765	false	A	terminal_n		M	HA	9			true	tedman2026
CCR10	HGNC:4474	P46092	ENSG00000184451	ENST00000591568	false	A	terminal_n		M	HA	9			true	tedman2026
TBXA2R	HGNC:11608	P21731	ENSG00000006638	ENST00000411851	false	A	terminal_n		M	HA	9			true	tedman2026
CHRM1	HGNC:1950	P11229	ENSG00000168539	ENST00000536524	false	A	terminal_n		M	HA	9			true	tedman2026
OPRK1	HGNC:8154	P41145	ENSG00000082556	ENST00000524278	false	A	terminal_n		M	HA	9			true	tedman2026
HTR7	HGNC:5302	P34969	ENSG00000148680	ENST00000371719	false	A	terminal_n		M	HA	9			true	tedman2026
GPR176	HGNC:32370	Q14439	ENSG00000166073	ENST00000299092	false	A	terminal_n		M	HA	9			true	tedman2026
GPR176	HGNC:32370	Q14439	ENSG00000166073	ENST00000543580	false	A	terminal_n		M	HA	9			true	tedman2026
ACKR2	HGNC:1565	O00590	ENSG00000144648	ENST00000492609	false	A	terminal_n		M	HA	9			true	tedman2026
ACKR2	HGNC:1565	O00590	ENSG00000144648	ENST00000494619	false	A	terminal_n		M	HA	9			true	tedman2026
ACKR2	HGNC:1565	O00590	ENSG00000144648	ENST00000493193	false	A	terminal_n		M	HA	9			true	tedman2026
CCR2	HGNC:1603	P41597	ENSG00000121807	ENST00000445132	false	A	terminal_n		M	HA	9			true	tedman2026
CCRL2	HGNC:1612	O00421	ENSG00000121797	ENST00000357392	false	A	terminal_n		M	HA	9			true	tedman2026
CCRL2	HGNC:1612	O00421	ENSG00000121797	ENST00000433848	false	A	terminal_n		M	HA	9			true	tedman2026
CCR3	HGNC:1604	P51677	ENSG00000183625	ENST00000545097	false	A	terminal_n		M	HA	9			true	tedman2026
HTR4	HGNC:5299	Q13639	ENSG00000164270	ENST00000520514	false	A	terminal_n		M	HA	9			true	tedman2026
HTR4	HGNC:5299	Q13639	ENSG00000164270	ENST00000360693	false	A	terminal_n		M	HA	9			true	tedman2026
GPR141	HGNC:19997	Q7Z602	ENSG00000187037	ENST00000450180	false	A	terminal_n		M	HA	9			true	tedman2026
KISS1R	HGNC:4510	Q969F8	ENSG00000116014	ENST00000606939	false	A	terminal_n		M	HA	9			true	tedman2026
LPAR2	HGNC:3168	Q9HBW0	ENSG00000064547	ENST00000591042	false	A	terminal_n		M	HA	9			true	tedman2026
LPAR2	HGNC:3168	Q9HBW0	ENSG00000064547	ENST00000588233	false	A	terminal_n		M	HA	9			true	tedman2026
GPR171	HGNC:30057	O14626	ENSG00000174946	ENST00000480322	false	A	terminal_n		M	HA	9			true	tedman2026
P2RY14	HGNC:16442	Q15391	ENSG00000174944	ENST00000494668	false	A	terminal_n		M	HA	9			true	tedman2026
OPN5	HGNC:19992	Q6U736	ENSG00000124818	ENST00000489301	false	A	terminal_n		M	HA	9			true	tedman2026
GRM8	HGNC:4600	O00222	ENSG00000179603	ENST00000358373	false	C	terminal_n		M	HA	9			true	tedman2026
FPR1	HGNC:3826	P21462	ENSG00000171051	ENST00000600815	false	A	terminal_n		M	HA	9			true	tedman2026
GPR160	HGNC:23693	Q9UJ42	ENSG00000173890	ENST00000492492	false	A	terminal_n		M	HA	9			true	tedman2026
GPR160	HGNC:23693	Q9UJ42	ENSG00000173890	ENST00000485735	false	A	terminal_n		M	HA	9			true	tedman2026
GPR160	HGNC:23693	Q9UJ42	ENSG00000173890	ENST00000482710	false	A	terminal_n		M	HA	9			true	tedman2026
GPR160	HGNC:23693	Q9UJ42	ENSG00000173890	ENST00000473675	false	A	terminal_n		M	HA	9			true	tedman2026
GPR17	HGNC:4471	Q13304	ENSG00000144230	ENST00000423019	false	A	terminal_n		M	HA	9			true	tedman2026
GPRC5D	HGNC:13310	Q9NZD1	ENSG00000111291	ENST00000396333	false	C	terminal_n		M	HA	9			true	tedman2026
C3AR1	HGNC:1319	Q16581	ENSG00000171860	ENST00000546241	false	A	terminal_n		M	HA	9			true	tedman2026
CCKBR	HGNC:1571	P32239	ENSG00000110148	ENST00000532715	false	A	terminal_n		M	HA	9			true	tedman2026
CMKLR2	HGNC:4463	P46091	ENSG00000183671	ENST00000442134	false	A	terminal_n		M	HA	9			true	tedman2026
CMKLR2	HGNC:4463	P46091	ENSG00000183671	ENST00000451790	false	A	terminal_n		M	HA	9			true	tedman2026
CMKLR2	HGNC:4463	P46091	ENSG00000183671	ENST00000411719	false	A	terminal_n		M	HA	9			true	tedman2026
DRD5	HGNC:3026	P21918	ENSG00000169676	ENST00000304374	true	A	terminal_n		M	HA	9	480.1	80.3	true	tedman2026
HRH2	HGNC:5183	P25021	ENSG00000113749	ENST00000624694	true	A	terminal_n		M	HA	9	5367.0	190.8	true	tedman2026
CXCR2	HGNC:6027	P25025	ENSG00000180871	ENST00000318507	true	A	terminal_n		M	HA	9	266.0	3.4	true	tedman2026
FPR3	HGNC:3828	P25089	ENSG00000187474	ENST00000595991	true	A	terminal_n		M	HA	9	6430.5	58.5	true	tedman2026
FPR2	HGNC:3827	P25090	ENSG00000171049	ENST00000598776	true	A	terminal_n		M	HA	9	6515.4	60.5	true	tedman2026
ADRA1D	HGNC:280	P25100	ENSG00000171873	ENST00000379453	true	A	terminal_n		M	HA	9	124.9	25.4	true	tedman2026
TACR1	HGNC:11526	P25103	ENSG00000115353	ENST00000305249	true	A	terminal_n		M	HA	9	6282.6	106.0	true	tedman2026
PTAFR	HGNC:9582	P25105	ENSG00000169403	ENST00000539896	true	A	terminal_n		M	HA	9	5503.5	183.8	true	tedman2026
ACKR3	HGNC:23692	P25106	ENSG00000144476	ENST00000272928	true	A	terminal_n		M	HA	9	2199.5	432.0	true	tedman2026
NPY1R	HGNC:7956	P25929	ENSG00000164128	ENST00000296533	true	A	terminal_n		M	HA	9	939.1	111.5	true	tedman2026
HTR1D	HGNC:5289	P28221	ENSG00000179546	ENST00000374619	true	A	terminal_n		M	HA	9	922.3	86.1	true	tedman2026
HTR1B	HGNC:5287	P28222	ENSG00000135312	ENST00000369947	true	A	terminal_n		M	HA	9	5940.1	144.2	true	tedman2026
HTR2C	HGNC:5295	P28335	ENSG00000147246	ENST00000276198	true	A	terminal_n		M	HA	9	973.7	177.1	true	tedman2026
HTR1E	HGNC:5291	P28566	ENSG00000168830	ENST00000305344	true	A	terminal_n		M	HA	9	6413.7	86.3	true	tedman2026
ADORA2A	HGNC:263	P29274	ENSG00000128271	ENST00000618076	true	A	terminal_n		M	HA	9	5779.3	121.8	true	tedman2026
TACR3	HGNC:11528	P29371	ENSG00000169836	ENST00000304883	true	A	terminal_n		M	HA	9	4777.9	617.4	true	tedman2026
BDKRB2	HGNC:1030	P30411	ENSG00000168398	ENST00000554311	true	A	terminal_n		M	HA	9	664.1	46.7	true	tedman2026
AVPR2	HGNC:897	P30518	ENSG00000126895	ENST00000337474	true	A	terminal_n		M	HA	9	6366.6	75.7	true	tedman2026
ADORA1	HGNC:262	P30542	ENSG00000163485	ENST00000337894	true	A	terminal_n		M	HA	9	6411.6	62.5	true	tedman2026
GRPR	HGNC:4609	P30550	ENSG00000126010	ENST00000380289	true	A	terminal_n		M	HA	9	1872.4	246.5	true	tedman2026
AGTR1	HGNC:336	P30556	ENSG00000144891	ENST00000402260	true	A	terminal_n		M	HA	9	845.0	122.4	true	tedman2026
OXTR	HGNC:8529	P30559	ENSG00000180914	ENST00000316793	true	A	terminal_n		M	HA	9	5386.6	227.4	true	tedman2026
SSTR1	HGNC:11330	P30872	ENSG00000139874	ENST00000267377	true	A	terminal_n		M	HA	9	802.5	25.3	true	tedman2026
SSTR2	HGNC:11331	P30874	ENSG00000180616	ENST00000357585	true	A	terminal_n		M	HA	9	4204.1	753.6	true	tedman2026
HTR1F	HGNC:5292	P30939	ENSG00000179097	ENST00000319595	true	A	terminal_n		M	HA	9	2036.0	275.7	true	tedman2026
OR1E1	HGNC:8189	P30953	ENSG00000180016	ENST00000322608	true	A	terminal_n		M	HA	9	1036.6	152.6	true	tedman2026
OR10J1	HGNC:8175	P30954	ENSG00000196184	ENST00000641630	true	A	terminal_n		M	HA	9	947.7	95.0	true	tedman2026
GNRHR	HGNC:4421	P30968	ENSG00000109163	ENST00000226413	true	A	terminal_n		M	HA	9	159.7	34.3	true	tedman2026
SSTR4	HGNC:11333	P31391	ENSG00000132671	ENST00000255008	true	A	terminal_n		M	HA	9	5789.6	75.2	true	tedman2026
CCKAR	HGNC:1570	P32238	ENSG00000163394	ENST00000295589	true	A	terminal_n		M	HA	9	6447.1	42.9	true	tedman2026
CCKBR	HGNC:1571	P32239	ENSG00000110148	ENST00000334619	true	A	terminal_n		M	HA	9	2916.8	827.2	true	tedman2026
CCR1	HGNC:1602	P32246	ENSG00000163823	ENST00000296140	true	A	terminal_n		M	HA	9	5558.6	184.6	true	tedman2026
BRS3	HGNC:1113	P32247	ENSG00000102239	ENST00000370648	true	A	terminal_n		M	HA	9	1113.2	193.6	true	tedman2026
GPR183	HGNC:3128	P32249	ENSG00000169508	ENST00000376414	true	A	terminal_n		M	HA	9	756.7	57.9	true	tedman2026
CXCR5	HGNC:1060	P32302	ENSG00000160683	ENST00000292174	true	A	terminal_n		M	HA	9	630.2	73.8	true	tedman2026
SSTR3	HGNC:11332	P32745	ENSG00000278195	ENST00000617123	true	A	terminal_n		M	HA	9	6502.8	49.1	true	tedman2026
CNR2	HGNC:2160	P34972	ENSG00000188822	ENST00000374472	true	A	terminal_n		M	HA	9	6453.6	42.9	true	tedman2026
TRHR	HGNC:12299	P34981	ENSG00000174417	ENST00000311762	true	A	terminal_n		M	HA	9	1189.8	22.3	true	tedman2026
OR1D2	HGNC:8183	P34982	ENSG00000184166	ENST00000641833	true	A	terminal_n		M	HA	9	1061.7	191.4	true	tedman2026
PTGER1	HGNC:9593	P34995	ENSG00000160951	ENST00000292513	true	A	terminal_n		M	HA	9	1458.5	248.2	true	tedman2026
ADRA1A	HGNC:277	P35348	ENSG00000120907	ENST00000380573	true	A	terminal_n		M	HA	9	2114.2	601.8	true	tedman2026
HRH1	HGNC:5182	P35367	ENSG00000196639	ENST00000397056	true	A	terminal_n		M	HA	9	6189.6	101.3	true	tedman2026
ADRA1B	HGNC:278	P35368	ENSG00000170214	ENST00000306675	true	A	terminal_n		M	HA	9	6198.1	236.0	true	tedman2026
OPRM1	HGNC:8156	P35372	ENSG00000112038	ENST00000330432	true	A	terminal_n		M	HA	9	948.9	163.0	true	tedman2026
PTGER4	HGNC:9596	P35408	ENSG00000171522	ENST00000302472	true	A	terminal_n		M	HA	9	6081.1	36.4	true	tedman2026
MAS1L	HGNC:13961	P35410	ENSG00000204687	ENST00000377127	true	A	terminal_n		M	HA	9	976.4	223.8	true	tedman2026
APLNR	HGNC:339	P35414	ENSG00000134817	ENST00000606794	true	A	terminal_n		M	HA	9	6404.9	84.5	true	tedman2026
DRD3	HGNC:3024	P35462	ENSG00000151577	ENST00000467632	true	A	terminal_n		M	HA	9	3809.1	241.3	true	tedman2026
AVPR1A	HGNC:895	P37288	ENSG00000166148	ENST00000299178	true	A	terminal_n		M	HA	9	496.9	41.2	true	tedman2026
OPRD1	HGNC:8153	P41143	ENSG00000116329	ENST00000234961	true	A	terminal_n		M	HA	9	6218.8	99.0	true	tedman2026
OPRK1	HGNC:8154	P41145	ENSG00000082556	ENST00000520287	true	A	terminal_n		M	HA	9	397.3	11.2	true	tedman2026
OPRL1	HGNC:8155	P41146	ENSG00000125510	ENST00000349451	true	A	terminal_n		M	HA	9	525.8	22.3	true	tedman2026
P2RY2	HGNC:8541	P41231	ENSG00000175591	ENST00000393596	true	A	terminal_n		M	HA	9	6182.5	132.8	true	tedman2026
CCR2	HGNC:1603	P41597	ENSG00000121807	ENST00000400888	true	A	terminal_n		M	HA	9	137.5	19.8	true	tedman2026
MC3R	HGNC:6931	P41968	ENSG00000124089	ENST00000243911	true	A	terminal_n		M	HA	9	6357.6	30.8	true	tedman2026
PTGFR	HGNC:9600	P43088	ENSG00000122420	ENST00000370757	true	A	terminal_n		M	HA	9	942.0	145.5	true	tedman2026
PTGER3	HGNC:9595	P43115	ENSG00000050628	ENST00000306666	true	A	terminal_n		M	HA	9	684.3	111.2	true	tedman2026
PTGER2	HGNC:9594	P43116	ENSG00000125384	ENST00000245457	true	A	terminal_n		M	HA	9	6315.3	36.3	true	tedman2026
PTGIR	HGNC:9602	P43119	ENSG00000160013	ENST00000291294	true	A	terminal_n		M	HA	9	4923.6	270.5	true	tedman2026
LPAR6	HGNC:15520	P43657	ENSG00000139679	ENST00000345941	true	A	terminal_n		M	HA	9	888.8	156.0	true	tedman2026
GPR3	HGNC:4484	P46089	ENSG00000181773	ENST00000374024	true	A	terminal_n		M	HA	9	400.4	63.1	true	tedman2026
CMKLR2	HGNC:4463	P46091	ENSG00000183671	ENST00000437420	true	A	terminal_n		M	HA	9	510.5	52.5	true	tedman2026
CCR10	HGNC:4474	P46092	ENSG00000184451	ENST00000332438	true	A	terminal_n		M	HA	9	423.7	20.0	true	tedman2026
GPR4	HGNC:4497	P46093	ENSG00000177464	ENST00000323040	true	A	terminal_n		M	HA	9	2716.9	261.5	true	tedman2026
XCR1	HGNC:1625	P46094	ENSG00000173578	ENST00000395946	true	A	terminal_n		M	HA	9	189.8	15.6	true	tedman2026
BDKRB1	HGNC:1029	P46663	ENSG00000100739	ENST00000611804	true	A	terminal_n		M	HA	9	976.1	176.6	true	tedman2026
GALR1	HGNC:4132	P47211	ENSG00000166573	ENST00000299727	true	A	terminal_n		M	HA	9	6488.6	69.1	true	tedman2026
GPR12	HGNC:4466	P47775	ENSG00000132975	ENST00000381436	true	A	terminal_n		M	HA	9	1262.1	196.2	true	tedman2026
RGR	HGNC:9990	P47804	ENSG00000148604	ENST00000652092	true	A	terminal_n		M	HA	9	124.8	16.0	true	tedman2026
OR3A1	HGNC:8282	P47881	ENSG00000180090	ENST00000323404	true	A	terminal_n		M	HA	9	125.0	17.6	true	tedman2026
OR1E2	HGNC:8190	P47887	ENSG00000127780	ENST00000248384	true	A	terminal_n		M	HA	9	1566.2	42.3	true	tedman2026
OR3A3	HGNC:8284	P47888	ENSG00000159961	ENST00000641141	true	A	terminal_n		M	HA	9	120.0	13.3	true	tedman2026
OR1G1	HGNC:8204	P47890	ENSG00000183024	ENST00000328890	true	A	terminal_n		M	HA	9	822.4	102.8	true	tedman2026
HTR5A	HGNC:5300	P47898	ENSG00000157219	ENST00000287907	true	A	terminal_n		M	HA	9	2928.1	717.2	true	tedman2026
P2RY1	HGNC:8539	P47900	ENSG00000169860	ENST00000305097	true	A	terminal_n		M	HA	9	6176.6	142.5	true	tedman2026
MTNR1A	HGNC:7463	P48039	ENSG00000168412	ENST00000307161	true	A	terminal_n		M	HA	9	4416.9	158.7	true	tedman2026
NPBWR1	HGNC:4522	P48145	ENSG00000288611	ENST00000674939	true	A	terminal_n		M	HA	9	3946.7	327.8	true	tedman2026
NPBWR2	HGNC:4530	P48146	ENSG00000125522	ENST00000369768	true	A	terminal_n		M	HA	9	443.6	29.3	true	tedman2026
HCAR3	HGNC:16824	P49019	ENSG00000255398	ENST00000528880	true	A	terminal_n		M	HA	9	6275.5	205.3	true	tedman2026
NPY2R	HGNC:7957	P49146	ENSG00000185149	ENST00000506608	true	A	terminal_n		M	HA	9	1490.9	321.5	true	tedman2026
CX3CR1	HGNC:2558	P49238	ENSG00000168329	ENST00000399220	true	A	terminal_n		M	HA	9	195.9	33.8	true	tedman2026
MTNR1B	HGNC:7464	P49286	ENSG00000134640	ENST00000257068	true	A	terminal_n		M	HA	9	280.1	17.0	true	tedman2026
CXCR3	HGNC:4540	P49682	ENSG00000186810	ENST00000373693	true	A	terminal_n		M	HA	9	530.5	48.9	true	tedman2026
PRLHR	HGNC:4464	P49683	ENSG00000119973	ENST00000636925	true	A	terminal_n		M	HA	9	5223.1	340.7	true	tedman2026
GPR15	HGNC:4469	P49685	ENSG00000154165	ENST00000284311	true	A	terminal_n		M	HA	9	341.8	18.8	true	tedman2026
AGTR2	HGNC:338	P50052	ENSG00000180772	ENST00000681852	true	A	terminal_n		M	HA	9	2997.9	553.4	true	tedman2026
HTR6	HGNC:5301	P50406	ENSG00000158748	ENST00000289753	true	A	terminal_n		M	HA	9	2630.0	858.9	true	tedman2026
P2RY4	HGNC:8542	P51582	ENSG00000186912	ENST00000374519	true	A	terminal_n		M	HA	9	607.5	58.9	true	tedman2026
CCR3	HGNC:1604	P51677	ENSG00000183625	ENST00000395942	true	A	terminal_n		M	HA	9	390.9	98.8	true	tedman2026
CCR4	HGNC:1605	P51679	ENSG00000183813	ENST00000330953	true	A	terminal_n		M	HA	9	185.5	13.8	true	tedman2026
CCR5	HGNC:1606	P51681	ENSG00000160791	ENST00000445772	true	A	terminal_n		M	HA	9	302.2	16.9	true	tedman2026
CCR6	HGNC:1607	P51684	ENSG00000112486	ENST00000349984	true	A	terminal_n		M	HA	9	418.4	33.0	true	tedman2026
CCR8	HGNC:1609	P51685	ENSG00000179934	ENST00000326306	true	A	terminal_n		M	HA	9	192.2	10.6	true	tedman2026
CCR9	HGNC:1610	P51686	ENSG00000173585	ENST00000357632	true	A	terminal_n		M	HA	9	4059.5	290.0	true	tedman2026
GPR143	HGNC:20145	P51810	ENSG00000101850	ENST00000467482	true	Unknown	terminal_n		M	HA	9	126.7	17.7	true	tedman2026
OR1D5	HGNC:8186	P58170	ENSG00000262628	ENST00000575751	true	A	terminal_n		M	HA	9	1185.3	211.8	true	tedman2026
OR4D2	HGNC:8294	P58180	ENSG00000255713	ENST00000641866	true	A	terminal_n		M	HA	9	1146.7	149.2	true	tedman2026
OR10A3	HGNC:8162	P58181	ENSG00000170683	ENST00000642047	true	A	terminal_n		M	HA	9	889.8	211.4	true	tedman2026
TAS2R38	HGNC:9584	P59533	ENSG00000257138	ENST00000547270	true	Taste	terminal_n		M	HA	9	122.6	18.0	true	tedman2026
TAS2R39	HGNC:18886	P59534	ENSG00000236398	ENST00000446620	true	Taste	terminal_n		M	HA	9	785.8	146.3	true	tedman2026
RXFP2	HGNC:17318	Q8WXD0	ENSG00000133105	ENST00000298386	true	A	terminal_n		M	HA	9	194.0	8.5	true	tedman2026
OR8D1	HGNC:8481	Q8WZ84	ENSG00000196341	ENST00000357821	true	A	terminal_n		M	HA	9	865.9	102.2	true	tedman2026
OR5P2	HGNC:14783	Q8WZ92	ENSG00000183303	ENST00000329434	true	A	terminal_n		M	HA	9	969.1	175.4	true	tedman2026
OR5P3	HGNC:14784	Q8WZ94	ENSG00000182334	ENST00000641167	true	A	terminal_n		M	HA	9	946.6	113.9	true	tedman2026
GHSR	HGNC:4267	Q92847	ENSG00000121853	ENST00000241256	true	A	terminal_n		M	HA	9	1475.5	518.0	true	tedman2026
KISS1R	HGNC:4510	Q969F8	ENSG00000116014	ENST00000234371	true	A	terminal_n		M	HA	9	6448.5	57.1	true	tedman2026
TAAR8	HGNC:14964	Q969N4	ENSG00000146385	ENST00000275200	true	A	terminal_n		M	HA	9	351.6	166.1	true	tedman2026
MCHR2	HGNC:20867	Q969V1	ENSG00000152034	ENST00000369212	true	A	terminal_n		M	HA	9	586.5	180.9	true	tedman2026
MRGPRF	HGNC:24828	Q96AM1	ENSG00000172935	ENST00000309099	true	A	terminal_n		M	HA	9	6499.6	39.9	true	tedman2026
GPR146	HGNC:21718	Q96CH1	ENSG00000164849	ENST00000397095	true	A	terminal_n		M	HA	9	210.2	15.8	true	tedman2026
P2RY11	HGNC:8540	Q96G91	ENSG00000244165	ENST00000321826	true	A	terminal_n		M	HA	9	4347.1	519.7	true	tedman2026
OR10C1	HGNC:8165	Q96KK4	ENSG00000206474	ENST00000444197	true	A	terminal_n		M	HA	9	1612.9	717.7	true	tedman2026
MRGPRX4	HGNC:17617	Q96LA9	ENSG00000179817	ENST00000314254	true	A	terminal_n		M	HA	9	690.3	80.4	true	tedman2026
MRGPRX3	HGNC:17980	Q96LB0	ENSG00000179826	ENST00000621697	true	A	terminal_n		M	HA	9	134.5	14.1	true	tedman2026
MRGPRX1	HGNC:17962	Q96LB2	ENSG00000170255	ENST00000302797	true	A	terminal_n		M	HA	9	6278.2	44.7	true	tedman2026
QRFPR	HGNC:15565	Q96P65	ENSG00000186867	ENST00000394427	true	A	terminal_n		M	HA	9	391.8	31.3	true	tedman2026
GPR101	HGNC:14963	Q96P66	ENSG00000165370	ENST00000651716	true	A	terminal_n		M	HA	9	3008.5	114.0	true	tedman2026
GPR82	HGNC:4533	Q96P67	ENSG00000171657	ENST00000302548	true	A	terminal_n		M	HA	9	720.1	62.4	true	tedman2026
OXGR1	HGNC:4531	Q96P68	ENSG00000165621	ENST00000298440	true	A	terminal_n		M	HA	9	468.5	32.9	true	tedman2026
GPR78	HGNC:4528	Q96P69	ENSG00000155269	ENST00000382487	true	A	terminal_n		M	HA	9	1842.6	355.0	true	tedman2026
OR5B12	HGNC:15432	Q96R08	ENSG00000172362	ENST00000302572	true	A	terminal_n		M	HA	9	521.2	196.6	true	tedman2026
OR2M4	HGNC:8270	Q96R27	ENSG00000171180	ENST00000641868	true	A	terminal_n		M	HA	9	171.7	36.1	true	tedman2026
OR2M2	HGNC:8268	Q96R28	ENSG00000198601	ENST00000641836	true	A	terminal_n		M	HA	9	134.3	22.5	true	tedman2026
OR2V2	HGNC:15341	Q96R30	ENSG00000182613	ENST00000641791	true	A	terminal_n		M	HA	9	1088.2	236.9	true	tedman2026
OR2A7	HGNC:8234	Q96R45	ENSG00000243896	ENST00000493325	true	A	terminal_n		M	HA	9	117.1	27.1	true	tedman2026
OR2A14	HGNC:15084	Q96R47	ENSG00000221938	ENST00000408899	true	A	terminal_n		M	HA	9	120.9	39.8	true	tedman2026
OR14A2	HGNC:15024	Q96R54	ENSG00000241128	ENST00000366485	true	A	terminal_n		M	HA	9	133.2	42.5	true	tedman2026
OR4C12	HGNC:15168	Q96R67	ENSG00000221954	ENST00000335238	true	A	terminal_n		M	HA	9	916.7	105.7	true	tedman2026
OR7D2	HGNC:8378	Q96RA2	ENSG00000188000	ENST00000344248	true	A	terminal_n		M	HA	9	118.5	23.4	true	tedman2026
OR5M11	HGNC:15291	Q96RB7	ENSG00000255223	ENST00000528616	true	A	terminal_n		M	HA	9	997.2	299.6	true	tedman2026
OR8B4	HGNC:8473	Q96RC9	ENSG00000280090	ENST00000356130	true	A	terminal_n		M	HA	9	893.9	210.7	true	tedman2026
OR6C1	HGNC:8355	Q96RD1	ENSG00000205330	ENST00000379668	true	A	terminal_n		M	HA	9	777.9	148.7	true	tedman2026
OR52B2	HGNC:15207	Q96RD2	ENSG00000255307	ENST00000530810	true	A	terminal_n		M	HA	9	970.4	106.5	true	tedman2026
OR52E6	HGNC:15215	Q96RD3	ENSG00000205409	ENST00000329322	true	A	terminal_n		M	HA	9	163.7	51.4	true	tedman2026
TAAR6	HGNC:20978	Q96RI8	ENSG00000146383	ENST00000275198	true	A	terminal_n		M	HA	9	175.4	65.3	true	tedman2026
TAAR9	HGNC:20977	Q96RI9	ENSG00000237110	ENST00000434551	true	A	terminal_n		M	HA	9	135.7	34.2	true	tedman2026
TAAR1	HGNC:17734	Q96RJ0	ENSG00000146399	ENST00000275216	true	A	terminal_n		M	HA	9	1159.3	67.4	true	tedman2026
S1PR3	HGNC:3167	Q99500	ENSG00000213694	ENST00000375846	true	A	terminal_n		M	HA	9	2237.2	656.3	true	tedman2026
GPER1	HGNC:4485	Q99527	ENSG00000164850	ENST00000397092	true	A	terminal_n		M	HA	9	407.3	15.4	true	tedman2026
LPAR4	HGNC:4478	Q99677	ENSG00000147145	ENST00000435339	true	A	terminal_n		M	HA	9	917.0	145.6	true	tedman2026
GPR20	HGNC:4475	Q99678	ENSG00000204882	ENST00000377741	true	A	terminal_n		M	HA	9	3749.8	216.5	true	tedman2026
GPR22	HGNC:4477	Q99680	ENSG00000172209	ENST00000304402	true	A	terminal_n		M	HA	9	909.1	220.2	true	tedman2026
MCHR1	HGNC:4479	Q99705	ENSG00000128285	ENST00000249016	true	A	terminal_n		M	HA	9	6447.2	72.1	true	tedman2026
CMKLR1	HGNC:2121	Q99788	ENSG00000174600	ENST00000412676	true	A	terminal_n		M	HA	9	746.7	64.5	true	tedman2026
P2RY13	HGNC:4537	Q9BPV8	ENSG00000181631	ENST00000325602	true	A	terminal_n		M	HA	9	238.8	11.6	true	tedman2026
SUCNR1	HGNC:4542	Q9BXA5	ENSG00000198829	ENST00000362032	true	A	terminal_n		M	HA	9	528.2	61.0	true	tedman2026
HCAR1	HGNC:4532	Q9BXC0	ENSG00000196917	ENST00000432564	true	A	terminal_n		M	HA	9	6459.0	50.8	true	tedman2026
GPR174	HGNC:30245	Q9BXC1	ENSG00000147138	ENST00000645147	true	A	terminal_n		M	HA	9	1167.2	34.9	true	tedman2026
GPR87	HGNC:4538	Q9BY21	ENSG00000138271	ENST00000260843	true	A	terminal_n		M	HA	9	296.2	14.7	true	tedman2026
GPR62	HGNC:13301	Q9BZJ7	ENSG00000180929	ENST00000322241	true	A	terminal_n		M	HA	9	549.0	71.2	true	tedman2026
GPR61	HGNC:13300	Q9BZJ8	ENSG00000156097	ENST00000616874	true	A	terminal_n		M	HA	9	597.7	49.7	true	tedman2026
OR2B2	HGNC:13966	Q9GZK3	ENSG00000168131	ENST00000303324	true	A	terminal_n		M	HA	9	1026.3	95.6	true	tedman2026
OR2H1	HGNC:8252	Q9GZK4	ENSG00000204688	ENST00000396792	true	A	terminal_n		M	HA	9	1024.9	216.9	true	tedman2026
OR2J1	HGNC:8259	Q9GZK6	ENSG00000204702	ENST00000377171	true	A	terminal_n		M	HA	9	133.4	36.4	true	tedman2026
OR11A1	HGNC:8176	Q9GZK7	ENSG00000204694	ENST00000377149	true	A	terminal_n		M	HA	9	398.5	122.8	true	tedman2026
OR8D2	HGNC:8482	Q9GZM6	ENSG00000279116	ENST00000624618	true	A	terminal_n		M	HA	9	763.3	277.1	true	tedman2026
VN1R1	HGNC:13548	Q9GZP7	ENSG00000178201	ENST00000321039	true	Vomeronasal	terminal_n		M	HA	9	140.2	8.3	true	tedman2026
NMUR2	HGNC:16454	Q9GZQ4	ENSG00000132911	ENST00000255262	true	A	terminal_n		M	HA	9	467.2	39.0	true	tedman2026
NPFFR1	HGNC:17425	Q9GZQ6	ENSG00000148734	ENST00000277942	true	A	terminal_n		M	HA	9	784.1	25.4	true	tedman2026
OPN3	HGNC:14007	Q9H1Y3	ENSG00000054277	ENST00000366554	true	A	terminal_n		M	HA	9	621.9	43.2	true	tedman2026
OR2AG1	HGNC:15142	Q9H205	ENSG00000279486	ENST00000641258	true	A	terminal_n		M	HA	9	135.0	22.9	true	tedman2026
OR10A2	HGNC:8161	Q9H208	ENSG00000170790	ENST00000641461	true	A	terminal_n		M	HA	9	859.2	166.2	true	tedman2026
OR10A4	HGNC:15130	Q9H209	ENSG00000170782	ENST00000379829	true	A	terminal_n		M	HA	9	744.7	137.1	true	tedman2026
P2RY12	HGNC:18124	Q9H244	ENSG00000169313	ENST00000302632	true	A	terminal_n		M	HA	9	6067.4	87.0	true	tedman2026
OR51B5	HGNC:19599	Q9H339	ENSG00000167355	ENST00000300773	true	A	terminal_n		M	HA	9	1090.7	155.7	true	tedman2026
OR51B6	HGNC:19600	Q9H340	ENSG00000176239	ENST00000380219	true	A	terminal_n		M	HA	9	733.8	180.7	true	tedman2026
OR51M1	HGNC:14847	Q9H341	ENSG00000184698	ENST00000328611	true	A	terminal_n		M	HA	9	962.8	94.6	true	tedman2026
OR51I1	HGNC:15200	Q9H343	ENSG00000167359	ENST00000380211	true	A	terminal_n		M	HA	9	753.9	110.8	true	tedman2026
OR51I2	HGNC:15201	Q9H344	ENSG00000187918	ENST00000641930	true	A	terminal_n		M	HA	9	837.4	99.9	true	tedman2026
OR52D1	HGNC:15212	Q9H346	ENSG00000181609	ENST00000322641	true	A	terminal_n		M	HA	9	1011.1	18.6	true	tedman2026
NMUR1	HGNC:4518	Q9HB89	ENSG00000171596	ENST00000305141	true	A	terminal_n		M	HA	9	2773.4	700.1	true	tedman2026
RXFP1	HGNC:19718	Q9HBX9	ENSG00000171509	ENST00000307765	true	A	terminal_n		M	HA	9	165.4	18.6	true	tedman2026
GPR35	HGNC:4492	Q9HC97	ENSG00000178623	ENST00000438013	true	A	terminal_n		M	HA	9	3989.1	372.9	true	tedman2026
ACKR4	HGNC:1611	Q9NPB9	ENSG00000129048	ENST00000249887	true	A	terminal_n		M	HA	9	822.5	188.3	true	tedman2026
LTB4R2	HGNC:19260	Q9NPC1	ENSG00000213906	ENST00000543919	true	A	terminal_n		M	HA	9	4314.2	329.4	true	tedman2026
OR2S2	HGNC:8276	Q9NQN1	ENSG00000278889	ENST00000341959	true	A	terminal_n		M	HA	9	120.3	23.9	true	tedman2026
GPR84	HGNC:4535	Q9NQS5	ENSG00000139572	ENST00000551809	true	A	terminal_n		M	HA	9	6389.1	22.8	true	tedman2026
GPR173	HGNC:18186	Q9NS66	ENSG00000184194	ENST00000332582	true	A	terminal_n		M	HA	9	6404.1	38.9	true	tedman2026
GPR27	HGNC:4482	Q9NS67	ENSG00000170837	ENST00000304411	true	A	terminal_n		M	HA	9	6012.8	29.3	true	tedman2026
CYSLTR2	HGNC:18274	Q9NS75	ENSG00000152207	ENST00000682523	true	A	terminal_n		M	HA	9	521.6	172.7	true	tedman2026
TAS2R16	HGNC:14921	Q9NYV7	ENSG00000128519	ENST00000249284	true	Taste	terminal_n		M	HA	9	698.9	196.4	true	tedman2026
TAS2R13	HGNC:14919	Q9NYV9	ENSG00000212128	ENST00000390677	true	Taste	terminal_n		M	HA	9	439.1	151.8	true	tedman2026
TAS2R10	HGNC:14918	Q9NYW0	ENSG00000121318	ENST00000240619	true	Taste	terminal_n		M	HA	9	1123.5	120.8	true	tedman2026
TAS2R9	HGNC:14917	Q9NYW1	ENSG00000121381	ENST00000240691	true	Taste	terminal_n		M	HA	9	1230.7	332.0	true	tedman2026
TAS2R8	HGNC:14915	Q9NYW2	ENSG00000121314	ENST00000240615	true	Taste	terminal_n		M	HA	9	912.3	160.2	true	tedman2026
TAS2R7	HGNC:14913	Q9NYW3	ENSG00000121377	ENST00000240687	true	Taste	terminal_n		M	HA	9	574.2	218.3	true	tedman2026
TAS2R5	HGNC:14912	Q9NYW4	ENSG00000127366	ENST00000247883	true	Taste	terminal_n		M	HA	9	122.9	18.2	true	tedman2026
TAS2R3	HGNC:14910	Q9NYW6	ENSG00000127362	ENST00000247879	true	Taste	terminal_n		M	HA	9	135.1	21.6	true	tedman2026
TAS2R1	HGNC:14909	Q9NYW7	ENSG00000169777	ENST00000382492	true	Taste	terminal_n		M	HA	9	212.4	84.7	true	tedman2026
OR6C3	HGNC:15437	Q9NZP0	ENSG00000205329	ENST00000641740	true	A	terminal_n		M	HA	9	831.5	202.9	true	tedman2026
OR5AC2	HGNC:15431	Q9NZP5	ENSG00000196578	ENST00000358642	true	A	terminal_n		M	HA	9	166.2	48.5	true	tedman2026
TAAR2	HGNC:4514	Q9P1P5	ENSG00000146378	ENST00000367931	true	A	terminal_n		M	HA	9	1117.6	29.0	true	tedman2026
OR1A1	HGNC:8179	Q9P1Q5	ENSG00000172146	ENST00000641732	true	A	terminal_n		M	HA	9	724.0	158.2	true	tedman2026
C5AR2	HGNC:4527	Q9P296	ENSG00000134830	ENST00000600626	true	A	terminal_n		M	HA	9	684.5	41.6	true	tedman2026
LPAR3	HGNC:14298	Q9UBY5	ENSG00000171517	ENST00000370611	true	A	terminal_n		M	HA	9	5905.4	31.7	true	tedman2026
OR14J1	HGNC:13971	Q9UGF5	ENSG00000204695	ENST00000377160	true	A	terminal_n		M	HA	9	1016.5	118.0	true	tedman2026
OR5V1	HGNC:13972	Q9UGF6	ENSG00000243729	ENST00000377154	true	A	terminal_n		M	HA	9	997.0	110.7	true	tedman2026
OPN4	HGNC:14449	Q9UHM6	ENSG00000122375	ENST00000241891	true	A	terminal_n		M	HA	9	518.6	35.7	true	tedman2026
GPR160	HGNC:23693	Q9UJ42	ENSG00000173890	ENST00000355897	true	A	terminal_n		M	HA	9	1103.2	115.7	true	tedman2026
OR52A1	HGNC:8318	Q9UKL2	ENSG00000182070	ENST00000380367	true	A	terminal_n		M	HA	9	758.2	292.7	true	tedman2026
OR4N4C	HGNC:55110	A0A096LPK9	ENSG00000279408	ENST00000623441	true	A	terminal_n		M	HA	9	322.5	132.6	true	tedman2026
OR4M2B	HGNC:55109	A0A0X1KG70	ENSG00000182974	ENST00000332663	true	A	terminal_n		M	HA	9	895.6	213.3	true	tedman2026
OR2M5	HGNC:19576	A3KFT3	ENSG00000162727	ENST00000366476	true	A	terminal_n		M	HA	9	111.0	19.6	true	tedman2026
OR2A25	HGNC:19562	A4D2G3	ENSG00000221933	ENST00000408898	true	A	terminal_n		M	HA	9	729.2	233.6	true	tedman2026
OR14I1	HGNC:19575	A6ND48	ENSG00000189181	ENST00000342623	true	A	terminal_n		M	HA	9	117.7	14.4	true	tedman2026
OR5H15	HGNC:31287	A6NDH6	ENSG00000233412	ENST00000641450	true	A	terminal_n		M	HA	9	180.6	56.4	true	tedman2026
OR6C68	HGNC:31297	A6NDL8	ENSG00000205327	ENST00000548615	true	A	terminal_n		M	HA	9	1014.7	53.9	true	tedman2026
OR5K3	HGNC:31290	A6NET4	ENSG00000206536	ENST00000383695	true	A	terminal_n		M	HA	9	731.9	154.6	true	tedman2026
OR6C6	HGNC:31293	A6NF89	ENSG00000188324	ENST00000358433	true	A	terminal_n		M	HA	9	910.8	109.4	true	tedman2026
OR51F1	HGNC:15196	A6NGY5	ENSG00000280021	ENST00000624103	true	A	terminal_n		M	HA	9	504.3	204.9	true	tedman2026
OR2T8	HGNC:15020	A6NH00	ENSG00000177462	ENST00000641945	true	A	terminal_n		M	HA	9	131.6	16.0	true	tedman2026
OR4C46	HGNC:31271	A6NHA9	ENSG00000185926	ENST00000328188	true	A	terminal_n		M	HA	9	902.4	133.6	true	tedman2026
OR5H14	HGNC:31286	A6NHG9	ENSG00000236032	ENST00000437310	true	A	terminal_n		M	HA	9	116.4	18.9	true	tedman2026
OR6C70	HGNC:31299	A6NIJ9	ENSG00000184954	ENST00000327335	true	A	terminal_n		M	HA	9	858.6	136.2	true	tedman2026
OR6C65	HGNC:31295	A6NJZ3	ENSG00000205328	ENST00000379665	true	A	terminal_n		M	HA	9	891.3	134.7	true	tedman2026
OR5H1	HGNC:8346	A6NKK0	ENSG00000231192	ENST00000641874	true	A	terminal_n		M	HA	9	124.4	19.7	true	tedman2026
OR6C75	HGNC:31304	A6NL08	ENSG00000187857	ENST00000641576	true	A	terminal_n		M	HA	9	713.6	27.7	true	tedman2026
OR5B21	HGNC:19616	A6NL26	ENSG00000198283	ENST00000360374	true	A	terminal_n		M	HA	9	1124.6	208.1	true	tedman2026
OR2AG2	HGNC:15143	A6NM03	ENSG00000188124	ENST00000641169	true	A	terminal_n		M	HA	9	164.1	69.1	true	tedman2026
OR6C76	HGNC:31305	A6NM76	ENSG00000185821	ENST00000328314	true	A	terminal_n		M	HA	9	907.0	186.3	true	tedman2026
OR5K4	HGNC:31291	A6NMS3	ENSG00000196098	ENST00000354924	true	A	terminal_n		M	HA	9	254.4	107.5	true	tedman2026
OR4C45	HGNC:31270	A6NMZ5	ENSG00000292249	ENST00000710319	true	A	terminal_n		M	HA	9	868.0	122.7	true	tedman2026
OR2AT4	HGNC:19620	A6NND4	ENSG00000171561	ENST00000305159	true	A	terminal_n		M	HA	9	803.0	72.7	true	tedman2026
OR11H12	HGNC:30738	B2RN74	ENSG00000257115	ENST00000550708	true	A	terminal_n		M	HA	9	970.0	123.8	true	tedman2026
GPR25	HGNC:4480	O00155	ENSG00000170128	ENST00000304244	true	A	terminal_n		M	HA	9	512.5	62.2	true	tedman2026
GRM8	HGNC:4600	O00222	ENSG00000179603	ENST00000706917	true	C	terminal_n		M	HA	9	6467.8	79.8	true	tedman2026
GPR31	HGNC:4486	O00270	ENSG00000120436	ENST00000366834	true	A	terminal_n		M	HA	9	268.1	21.4	true	tedman2026
P2RY10	HGNC:19906	O00398	ENSG00000078589	ENST00000544091	true	A	terminal_n		M	HA	9	588.5	79.6	true	tedman2026
CCRL2	HGNC:1612	O00421	ENSG00000121797	ENST00000400882	true	A	terminal_n		M	HA	9	569.5	45.9	true	tedman2026
CXCR6	HGNC:16647	O00574	ENSG00000172215	ENST00000457814	true	A	terminal_n		M	HA	9	967.1	64.8	true	tedman2026
OR7A17	HGNC:8363	O14581	ENSG00000185385	ENST00000641113	true	A	terminal_n		M	HA	9	1046.1	181.0	true	tedman2026
GPR171	HGNC:30057	O14626	ENSG00000174946	ENST00000617554	true	A	terminal_n		M	HA	9	454.5	48.7	true	tedman2026
ACKR2	HGNC:1565	O00590	ENSG00000144648	ENST00000442925	true	A	terminal_n		M	HA	9	6396.7	112.9	true	tedman2026
RRH	HGNC:10450	O14718	ENSG00000180245	ENST00000317735	true	A	terminal_n		M	HA	9	934.6	78.6	true	tedman2026
TAAR5	HGNC:30236	O14804	ENSG00000135569	ENST00000258034	true	A	terminal_n		M	HA	9	380.8	141.6	true	tedman2026
GPR182	HGNC:13708	O15218	ENSG00000166856	ENST00000300098	true	A	terminal_n		M	HA	9	6317.0	159.7	true	tedman2026
GPR42	HGNC:4500	O15529	ENSG00000126251	ENST00000597214	true	A	terminal_n		M	HA	9	798.0	40.3	true	tedman2026
FFAR2	HGNC:4501	O15552	ENSG00000126262	ENST00000246549	true	A	terminal_n		M	HA	9	3600.5	472.9	true	tedman2026
MLNR	HGNC:4495	O43193	ENSG00000102539	ENST00000218721	true	A	terminal_n		M	HA	9	6354.7	60.2	true	tedman2026
GPR39	HGNC:4496	O43194	ENSG00000183840	ENST00000329321	true	A	terminal_n		M	HA	9	5868.5	200.1	true	tedman2026
GALR2	HGNC:4133	O43603	ENSG00000182687	ENST00000329003	true	A	terminal_n		M	HA	9	2055.8	423.5	true	tedman2026
HCRTR1	HGNC:4848	O43613	ENSG00000121764	ENST00000373706	true	A	terminal_n		M	HA	9	1068.3	129.7	true	tedman2026
HCRTR2	HGNC:4849	O43614	ENSG00000137252	ENST00000615358	true	A	terminal_n		M	HA	9	5623.9	492.8	true	tedman2026
OR1F1	HGNC:8194	O43749	ENSG00000168124	ENST00000304646	true	A	terminal_n		M	HA	9	277.9	116.0	true	tedman2026
OR2T1	HGNC:8277	O43869	ENSG00000275244	ENST00000613540	true	A	terminal_n		M	HA	9	451.0	167.8	true	tedman2026
OR10H2	HGNC:8173	O60403	ENSG00000171942	ENST00000305899	true	A	terminal_n		M	HA	9	112.3	22.4	true	tedman2026
OR10H3	HGNC:8174	O60404	ENSG00000171936	ENST00000641646	true	A	terminal_n		M	HA	9	850.5	173.9	true	tedman2026
OR7C2	HGNC:8374	O60412	ENSG00000127529	ENST00000248072	true	A	terminal_n		M	HA	9	130.8	25.9	true	tedman2026
OR1I1	HGNC:8207	O60431	ENSG00000094661	ENST00000209540	true	A	terminal_n		M	HA	9	161.2	46.9	true	tedman2026
GALR3	HGNC:4134	O60755	ENSG00000128310	ENST00000249041	true	A	terminal_n		M	HA	9	2684.6	288.5	true	tedman2026
GPR32	HGNC:4487	O75388	ENSG00000142511	ENST00000270590	true	A	terminal_n		M	HA	9	152.9	41.9	true	tedman2026
OR2B3	HGNC:8238	O76000	ENSG00000206524	ENST00000383653	true	A	terminal_n		M	HA	9	937.5	232.8	true	tedman2026
OR2J3	HGNC:8261	O76001	ENSG00000233618	ENST00000418630	true	A	terminal_n		M	HA	9	184.3	45.4	true	tedman2026
OR2J2	HGNC:8260	O76002	ENSG00000234746	ENST00000427744	true	A	terminal_n		M	HA	9	82.9	16.2	true	tedman2026
OR7C1	HGNC:8373	O76099	ENSG00000127530	ENST00000248073	true	A	terminal_n		M	HA	9	731.3	260.4	true	tedman2026
OR7A10	HGNC:8356	O76100	ENSG00000127515	ENST00000641129	true	A	terminal_n		M	HA	9	1171.2	100.5	true	tedman2026
OR2F2	HGNC:8247	O95006	ENSG00000221910	ENST00000408955	true	A	terminal_n		M	HA	9	956.4	333.8	true	tedman2026
OR4F21	HGNC:19583	O95013	ENSG00000176269	ENST00000320901	true	A	terminal_n		M	HA	9	866.3	198.0	true	tedman2026
S1PR2	HGNC:3169	O95136	ENSG00000267534	ENST00000646641	true	A	terminal_n		M	HA	9	3706.4	392.0	true	tedman2026
OR5F1	HGNC:8343	O95221	ENSG00000149133	ENST00000278409	true	A	terminal_n		M	HA	9	192.4	86.7	true	tedman2026
OR6A2	HGNC:15301	O95222	ENSG00000184933	ENST00000641196	true	A	terminal_n		M	HA	9	744.8	144.2	true	tedman2026
NTSR2	HGNC:8040	O95665	ENSG00000169006	ENST00000306928	true	A	terminal_n		M	HA	9	790.2	298.7	true	tedman2026
GPR75	HGNC:4526	O95800	ENSG00000119737	ENST00000394705	true	A	terminal_n		M	HA	9	6155.7	117.6	true	tedman2026
GLP2R	HGNC:4325	O95838	ENSG00000065325	ENST00000262441	true	B	terminal_n		M	HA	9	121.2	21.4	true	tedman2026
S1PR4	HGNC:3170	O95977	ENSG00000125910	ENST00000246115	true	A	terminal_n		M	HA	9	6451.7	52.6	true	tedman2026
OPN1SW	HGNC:1012	P03999	ENSG00000128617	ENST00000249389	true	A	terminal_n		M	HA	9	2766.2	314.3	true	tedman2026
OPN1LW	HGNC:9936	P04000	ENSG00000102076	ENST00000369951	true	A	terminal_n		M	HA	9	261.5	14.1	true	tedman2026
OPN1MW3	HGNC:51831	P0DN78	ENSG00000269433	ENST00000599405	true	A	terminal_n		M	HA	9	288.3	17.8	true	tedman2026
MAS1	HGNC:6899	P04201	ENSG00000130368	ENST00000252660	true	A	terminal_n		M	HA	9	781.9	64.9	true	tedman2026
ADRB2	HGNC:286	P07550	ENSG00000169252	ENST00000305988	true	A	terminal_n		M	HA	9	2787.7	718.8	true	tedman2026
RHO	HGNC:10012	P08100	ENSG00000163914	ENST00000296271	true	A	terminal_n		M	HA	9	6168.6	41.5	true	tedman2026
CHRM2	HGNC:1951	P08172	ENSG00000181072	ENST00000401861	true	A	terminal_n		M	HA	9	1384.0	233.9	true	tedman2026
CHRM4	HGNC:1953	P08173	ENSG00000180720	ENST00000682254	true	A	terminal_n		M	HA	9	951.9	188.0	true	tedman2026
ADRB1	HGNC:285	P08588	ENSG00000043591	ENST00000369295	true	A	terminal_n		M	HA	9	1043.2	312.7	true	tedman2026
CHRM5	HGNC:1954	P08912	ENSG00000184984	ENST00000557872	true	A	terminal_n		M	HA	9	1473.7	185.9	true	tedman2026
OR5AL1	HGNC:14844	P0C617	ENSG00000292252	ENST00000710330	true	A	terminal_n		M	HA	9	1114.1	823.9	true	tedman2026
OR4Q2	HGNC:15359	P0C623	ENSG00000292258	ENST00000710368	true	A	terminal_n		M	HA	9	1116.3	83.1	true	tedman2026
OR10J4	HGNC:15408	P0C629	ENSG00000292247	ENST00000710315	true	A	terminal_n		M	HA	9	877.1	122.2	true	tedman2026
OR4E1	HGNC:8296	P0C645	ENSG00000276240	ENST00000641792	true	A	terminal_n		M	HA	9	263.8	95.3	true	tedman2026
OR8U8	HGNC:27538	P0C7N1	ENSG00000262315	ENST00000627176	true	A	terminal_n		M	HA	9	1044.5	76.4	true	tedman2026
OR8U9	HGNC:29166	P0C7N5	ENSG00000281038	ENST00000626074	true	A	terminal_n		M	HA	9	1052.0	42.5	true	tedman2026
OR9G9	HGNC:31940	P0C7N8	ENSG00000262191	ENST00000571130	true	A	terminal_n		M	HA	9	1048.8	186.0	true	tedman2026
OR2T7	HGNC:15019	P0C7T2	ENSG00000281395	ENST00000626837	true	A	terminal_n		M	HA	9	924.2	150.6	true	tedman2026
OR56A5	HGNC:14792	P0C7T3	ENSG00000188691	ENST00000532411	true	A	terminal_n		M	HA	9	943.3	57.8	true	tedman2026
ADORA3	HGNC:268	P0DMS8	ENSG00000282608	ENST00000241356	true	A	terminal_n		M	HA	9	5832.3	108.0	true	tedman2026
OR12D1	HGNC:8177	P0DN82	ENSG00000249103	ENST00000703726	true	A	terminal_n		M	HA	9	931.8	233.9	true	tedman2026
NPY4R2	HGNC:52383	P0DQD5	ENSG00000264717	ENST00000613306	true	A	terminal_n		M	HA	9	400.4	193.1	true	tedman2026
CHRM1	HGNC:1950	P11229	ENSG00000168539	ENST00000306960	true	A	terminal_n		M	HA	9	2531.4	128.1	true	tedman2026
ADRB3	HGNC:288	P13945	ENSG00000188778	ENST00000345060	true	A	terminal_n		M	HA	9	6317.1	46.3	true	tedman2026
DRD2	HGNC:3023	P14416	ENSG00000149295	ENST00000542968	true	A	terminal_n		M	HA	9	1954.0	614.5	true	tedman2026
ADRA2B	HGNC:282	P18089	ENSG00000274286	ENST00000620793	true	A	terminal_n		M	HA	9	6389.6	13.3	true	tedman2026
ADRA2C	HGNC:283	P18825	ENSG00000184160	ENST00000330055	true	A	terminal_n		M	HA	9	1031.2	265.7	true	tedman2026
CHRM3	HGNC:1952	P20309	ENSG00000133019	ENST00000255380	true	A	terminal_n		M	HA	9	6172.1	143.8	true	tedman2026
S1PR1	HGNC:3165	P21453	ENSG00000170989	ENST00000648480	true	A	terminal_n		M	HA	9	1971.2	487.8	true	tedman2026
FPR1	HGNC:3826	P21462	ENSG00000171051	ENST00000594900	true	A	terminal_n		M	HA	9	6447.5	45.8	true	tedman2026
CNR1	HGNC:2159	P21554	ENSG00000118432	ENST00000551417	true	A	terminal_n		M	HA	9	129.6	24.6	true	tedman2026
DRD1	HGNC:3020	P21728	ENSG00000184845	ENST00000393752	true	A	terminal_n		M	HA	9	1461.1	307.0	true	tedman2026
C5AR1	HGNC:1338	P21730	ENSG00000197405	ENST00000355085	true	A	terminal_n		M	HA	9	6196.5	24.2	true	tedman2026
TBXA2R	HGNC:11608	P21731	ENSG00000006638	ENST00000375190	true	A	terminal_n		M	HA	9	6468.7	47.9	true	tedman2026
DRD4	HGNC:3025	P21917	ENSG00000069696	ENST00000176183	true	A	terminal_n		M	HA	9	601.7	91.6	true	tedman2026
GRM8	HGNC:4600	O00222	ENSG00000179603	ENST00000706917	true	C	terminal_n	36	Y	HA	9	6467.8	79.8	true	tedman2026
F2RL2	HGNC:3539	O00254	ENSG00000164220	ENST00000296641	true	A	terminal_n	24	E	HA	9	220.8	21.0	true	tedman2026
GPR37	HGNC:4494	O15354	ENSG00000170775	ENST00000303921	true	A	terminal_n	32	P	HA	9	158.0	25.7	true	tedman2026
FZD6	HGNC:4044	O60353	ENSG00000164930	ENST00000358755	true	F	terminal_n	19	H	HA	9	328.5	74.7	true	tedman2026
GPR37L1	HGNC:14923	O60883	ENSG00000170075	ENST00000367282	true	A	terminal_n	29	H	HA	9	147.5	20.6	true	tedman2026
LGR5	HGNC:4504	O75473	ENSG00000139292	ENST00000266674	true	A	terminal_n	26	R	HA	9	282.6	25.4	true	tedman2026
TSHR	HGNC:12373	P16473	ENSG00000165409	ENST00000541158	true	A	terminal_n	22	M	HA	9	5707.0	85.0	true	tedman2026
LHCGR	HGNC:6585	P22888	ENSG00000138039	ENST00000294954	true	A	terminal_n	27	E	HA	9	5786.2	78.7	true	tedman2026
FSHR	HGNC:3969	P23945	ENSG00000170820	ENST00000406846	true	A	terminal_n	18	C	HA	9	377.5	44.0	true	tedman2026
EDNRB	HGNC:3180	P24530	ENSG00000136160	ENST00000475537	true	A	terminal_n	31	F	HA	9	793.6	140.1	true	tedman2026
EDNRA	HGNC:3179	P25101	ENSG00000151617	ENST00000324300	true	A	terminal_n	25	R	HA	9	2779.7	361.0	true	tedman2026
CALCR	HGNC:1440	P30988	ENSG00000004948	ENST00000394441	true	B	terminal_n	29	Q	HA	9	5004.6	717.6	true	tedman2026
CCR7	HGNC:1608	P32248	ENSG00000126353	ENST00000246657	true	A	terminal_n	29	T	HA	9	2438.6	380.9	true	tedman2026
CRHR1	HGNC:2357	P34998	ENSG00000120088	ENST00000398285	true	B	terminal_n	25	L	HA	9	6434.9	31.2	true	tedman2026
ADCYAP1R1	HGNC:242	P41586	ENSG00000078549	ENST00000304166	true	B	terminal_n	21	M	HA	9	6416.5	29.3	true	tedman2026
VIPR2	HGNC:12695	P41587	ENSG00000106018	ENST00000262178	true	B	terminal_n	21	I	HA	9	6474.1	73.8	true	tedman2026
GLP1R	HGNC:4324	P43220	ENSG00000112164	ENST00000373256	true	B	terminal_n	28	A	HA	9	560.3	52.4	true	tedman2026
GCGR	HGNC:4192	P47871	ENSG00000215644	ENST00000400723	true	B	terminal_n	27	Q	HA	9	1467.5	316.5	true	tedman2026
SCTR	HGNC:10608	P47872	ENSG00000080293	ENST00000019103	true	B	terminal_n	28	L	HA	9	2408.9	502.7	true	tedman2026
ADGRE5	HGNC:1711	P48960	ENSG00000123146	ENST00000242786	true	B	terminal_n	24	R	HA	9	6417.2	108.8	true	tedman2026
PTH2R	HGNC:9609	P49190	ENSG00000144407	ENST00000272847	true	B	terminal_n	29	D	HA	9	1635.8	546.1	true	tedman2026
F2RL1	HGNC:3538	P55085	ENSG00000164251	ENST00000296677	true	A	terminal_n	26	I	HA	9	394.9	19.3	true	tedman2026
GHRHR	HGNC:4266	Q02643	ENSG00000106128	ENST00000326139	true	B	terminal_n	23	H	HA	9	108.5	5.4	true	tedman2026
ADGRE1	HGNC:3336	Q14246	ENSG00000174837	ENST00000312053	true	B	terminal_n	25	T	HA	9	948.1	160.2	true	tedman2026
GRM2	HGNC:4594	Q14416	ENSG00000164082	ENST00000395052	true	C	terminal_n	19	E	HA	9	6449.1	91.3	true	tedman2026
GRM7	HGNC:4599	Q14831	ENSG00000196277	ENST00000357716	true	C	terminal_n	36	E	HA	9	6473.2	94.8	true	tedman2026
GRM3	HGNC:4595	Q14832	ENSG00000198822	ENST00000361669	true	C	terminal_n	26	H	HA	9	6389.6	15.6	true	tedman2026
GRM4	HGNC:4596	Q14833	ENSG00000124493	ENST00000538487	true	C	terminal_n	37	H	HA	9	6339.2	76.5	true	tedman2026
CALCRL	HGNC:16709	Q16602	ENSG00000064989	ENST00000410068	true	B	terminal_n	27	S	HA	9	277.3	22.2	true	tedman2026
ADGRF1	HGNC:18990	Q5T601	ENSG00000153292	ENST00000371253	true	B	terminal_n	22	L	HA	9	465.6	26.8	true	tedman2026
GPRC6A	HGNC:18510	Q5T6X5	ENSG00000173612	ENST00000310357	true	C	terminal_n	22	Q	HA	9	158.0	23.8	true	tedman2026
ADGRD1	HGNC:19893	Q6QNK2	ENSG00000111452	ENST00000261654	true	B	terminal_n	31	Q	HA	9	1546.1	393.4	true	tedman2026
TAS1R1	HGNC:14448	Q7RTX1	ENSG00000173662	ENST00000333172	true	Taste	terminal_n	25	S	HA	9	124.2	5.5	true	tedman2026
ADGRG3	HGNC:13728	Q86Y34	ENSG00000182885	ENST00000333493	true	B	terminal_n	24	P	HA	9	6470.3	56.4	true	tedman2026
ADGRG5	HGNC:19010	Q8IZF4	ENSG00000159618	ENST00000340339	true	B	terminal_n	22	E	HA	9	511.9	20.4	true	tedman2026
TAS1R2	HGNC:14905	Q8TE23	ENSG00000179002	ENST00000375371	true	Taste	terminal_n	24	N	HA	9	229.0	23.2	true	tedman2026
LGR4	HGNC:13299	Q9BXB1	ENSG00000205213	ENST00000379214	true	A	terminal_n	26	P	HA	9	5445.6	72.6	true	tedman2026
ADGRE3	HGNC:23647	Q9BY15	ENSG00000131355	ENST00000253673	true	B	terminal_n	24	T	HA	9	343.7	12.9	true	tedman2026
ADGRL4	HGNC:20822	Q9HBW9	ENSG00000162618	ENST00000370742	true	B	terminal_n	20	Q	HA	9	1052.2	92.8	true	tedman2026
RXFP1	HGNC:19718	Q9HBX9	ENSG00000171509	ENST00000307765	true	A	terminal_n	23	Q	HA	9	165.4	18.6	true	tedman2026
GPRC5C	HGNC:13309	Q9NQ84	ENSG00000170412	ENST00000392629	true	C	terminal_n	24	Q	HA	9	6292.9	100.8	true	tedman2026
GPR83	HGNC:4523	Q9NYM4	ENSG00000123901	ENST00000243673	true	A	terminal_n	21	E	HA	9	490.3	39.2	true	tedman2026
GABBR1	HGNC:4070	Q9UBS5	ENSG00000204681	ENST00000706533	true	C	terminal_n	24	N	HA	9	130.3	3.2	true	tedman2026
FZD10	HGNC:4039	Q9ULW2	ENSG00000111432	ENST00000229030	true	F	terminal_n	25	D	HA	9	2417.0	577.8	true	tedman2026
ADGRG1	HGNC:4512	Q9Y653	ENSG00000205336	ENST00000565976	true	B	terminal_n	26	R	HA	9	1176.4	314.2	true	tedman2026
RXFP2	HGNC:17318	Q8WXD0	ENSG00000133105	ENST00000380314	false	A	terminal_n	39	S	HA	9			true	tedman2026
ADGRG2	HGNC:4516	Q8IZP9	ENSG00000173698	ENST00000379873	false	B	terminal_n	43	D	HA	9			true	tedman2026
LGR4	HGNC:13299	Q9BXB1	ENSG00000205213	ENST00000389858	false	A	terminal_n	26	P	HA	9			true	tedman2026
ADGRE5	HGNC:1711	P48960	ENSG00000123146	ENST00000358600	false	B	terminal_n	24	R	HA	9			true	tedman2026
ADGRE5	HGNC:1711	P48960	ENSG00000123146	ENST00000357355	false	B	terminal_n	24	R	HA	9			true	tedman2026
ADGRE2	HGNC:3337	Q9UHX3	ENSG00000127507	ENST00000392965	false	B	terminal_n	27	R	HA	9			true	tedman2026
ADGRE2	HGNC:3337	Q9UHX3	ENSG00000127507	ENST00000601345	false	B	terminal_n	27	R	HA	9			true	tedman2026
ADGRE3	HGNC:23647	Q9BY15	ENSG00000131355	ENST00000443157	false	B	terminal_n	23	K	HA	9			true	tedman2026
ADGRE3	HGNC:23647	Q9BY15	ENSG00000131355	ENST00000344373	false	B	terminal_n	23	K	HA	9			true	tedman2026
CCR7	HGNC:1608	P32248	ENSG00000126353	ENST00000579344	false	A	terminal_n	23	L	HA	9			true	tedman2026
LHCGR	HGNC:6585	P22888	ENSG00000138039	ENST00000405626	false	A	terminal_n	27	E	HA	9			true	tedman2026
FSHR	HGNC:3969	P23945	ENSG00000170820	ENST00000304421	false	A	terminal_n	18	C	HA	9			true	tedman2026
EDNRA	HGNC:3179	P25101	ENSG00000151617	ENST00000358556	false	A	terminal_n	25	R	HA	9			true	tedman2026
LGR5	HGNC:4504	O75473	ENSG00000139292	ENST00000536515	false	A	terminal_n	26	R	HA	9			true	tedman2026
LGR5	HGNC:4504	O75473	ENSG00000139292	ENST00000540815	false	A	terminal_n	26	R	HA	9			true	tedman2026
ADGRD1	HGNC:19893	Q6QNK2	ENSG00000111452	ENST00000535015	false	B	terminal_n	30	S	HA	9			true	tedman2026
VIPR2	HGNC:12695	P41587	ENSG00000106018	ENST00000402066	false	B	terminal_n	24	E	HA	9			true	tedman2026
GPRC5B	HGNC:13308	Q9NZH0	ENSG00000167191	ENST00000566822	false	C	terminal_n	29	E	HA	9			true	tedman2026
GPRC5B	HGNC:13308	Q9NZH0	ENSG00000167191	ENST00000570142	false	C	terminal_n	29	E	HA	9			true	tedman2026
TAS1R1	HGNC:14448	Q7RTX1	ENSG00000173662	ENST00000351136	false	Taste	terminal_n	25	S	HA	9			true	tedman2026
GABBR1	HGNC:4070	Q9UBS5	ENSG00000204681	ENST00000377016	false	C	terminal_n	24	N	HA	9			true	tedman2026
GABBR1	HGNC:4070	Q9UBS5	ENSG00000204681	ENST00000377012	false	C	terminal_n	34	H	HA	9			true	tedman2026
GPR83	HGNC:4523	Q9NYM4	ENSG00000123901	ENST00000539203	false	A	terminal_n	21	E	HA	9			true	tedman2026
ADCYAP1R1	HGNC:242	P41586	ENSG00000078549	ENST00000396211	false	B	terminal_n	21	M	HA	9			true	tedman2026
ADCYAP1R1	HGNC:242	P41586	ENSG00000078549	ENST00000409363	false	B	terminal_n	21	M	HA	9			true	tedman2026
GRM2	HGNC:4594	Q14416	ENSG00000164082	ENST00000442933	false	C	terminal_n	19	E	HA	9			true	tedman2026
ADGRE1	HGNC:3336	Q14246	ENSG00000174837	ENST00000250572	false	B	terminal_n	25	T	HA	9			true	tedman2026
ADGRE1	HGNC:3336	Q14246	ENSG00000174837	ENST00000381407	false	B	terminal_n	25	T	HA	9			true	tedman2026
ADGRE1	HGNC:3336	Q14246	ENSG00000174837	ENST00000450315	false	B	terminal_n	25	T	HA	9			true	tedman2026
ADGRE1	HGNC:3336	Q14246	ENSG00000174837	ENST00000381404	false	B	terminal_n	25	T	HA	9			true	tedman2026
CRHR1	HGNC:2357	P34998	ENSG00000120088	ENST00000352855	false	B	terminal_n	27	D	HA	9			true	tedman2026
GRM7	HGNC:4599	Q14831	ENSG00000196277	ENST00000486284	false	C	terminal_n	36	E	HA	9			true	tedman2026
FZD9	HGNC:4047	O00144	ENSG00000188763	ENST00000344575	true	F	terminal_n	27	R	HA	9	1564.3	412.2	true	tedman2026
FZD7	HGNC:4045	O75084	ENSG00000155760	ENST00000286201	true	F	terminal_n	37	G	HA	9	1893.7	440.8	true	tedman2026
GABBR2	HGNC:4507	O75899	ENSG00000136928	ENST00000259455	true	C	terminal_n	44	R	HA	9	6209.6	48.1	true	tedman2026
F2R	HGNC:3537	P25116	ENSG00000181104	ENST00000319211	true	A	terminal_n	27	R	HA	9	904.3	216.5	true	tedman2026
VIPR1	HGNC:12694	P32241	ENSG00000114812	ENST00000325123	true	B	terminal_n	31	A	HA	9	5732.9	200.5	true	tedman2026
GIPR	HGNC:4271	P48546	ENSG00000010310	ENST00000590918	true	B	terminal_n	28	K	HA	9	6435.0	30.0	true	tedman2026
PTH1R	HGNC:9608	Q03431	ENSG00000160801	ENST00000313049	true	B	terminal_n	27	D	HA	9	770.0	69.3	true	tedman2026
FZD5	HGNC:4043	Q13467	ENSG00000163251	ENST00000295417	true	F	terminal_n	27	A	HA	9	4020.9	199.4	true	tedman2026
ADGRF4	HGNC:19011	Q8IZF3	ENSG00000153294	ENST00000283303	true	B	terminal_n	26	S	HA	9	385.8	78.3	true	tedman2026
ADGRG2	HGNC:4516	Q8IZP9	ENSG00000173698	ENST00000379869	true	B	terminal_n	43	D	HA	9	828.6	130.2	true	tedman2026
RXFP2	HGNC:17318	Q8WXD0	ENSG00000133105	ENST00000298386	true	A	terminal_n	39	S	HA	9	194.0	8.5	true	tedman2026
GPRC5B	HGNC:13308	Q9NZH0	ENSG00000167191	ENST00000569847	true	C	terminal_n	29	E	HA	9	6192.8	84.5	true	tedman2026
ADGRE2	HGNC:3337	Q9UHX3	ENSG00000127507	ENST00000315576	true	B	terminal_n	27	R	HA	9	6308.6	77.8	true	tedman2026
FZD4	HGNC:4042	Q9ULV1	ENSG00000174804	ENST00000531380	true	F	terminal_n	41	E	HA	9	5830.5	270.7	true	tedman2026
GRM8	HGNC:4600	O00222	ENSG00000179603	ENST00000358373	false	C	terminal_n	36	Y	HA	9			true	tedman2026
ADGRG2	HGNC:4516	Q8IZP9	ENSG00000173698	ENST00000357544	false	B	terminal_n	39	E	HA	9			true	tedman2026
ADGRG2	HGNC:4516	Q8IZP9	ENSG00000173698	ENST00000360279	false	B	terminal_n	43	D	HA	9			true	tedman2026
ADGRG2	HGNC:4516	Q8IZP9	ENSG00000173698	ENST00000356606	false	B	terminal_n	43	D	HA	9			true	tedman2026
ADGRG2	HGNC:4516	Q8IZP9	ENSG00000173698	ENST00000379876	false	B	terminal_n	43	D	HA	9			true	tedman2026
ADGRG2	HGNC:4516	Q8IZP9	ENSG00000173698	ENST00000379878	false	B	terminal_n	39	E	HA	9			true	tedman2026
PTH1R	HGNC:9608	Q03431	ENSG00000160801	ENST00000427125	false	B	terminal_n	27	D	HA	9			true	tedman2026
GIPR	HGNC:4271	P48546	ENSG00000010310	ENST00000263281	false	B	terminal_n	28	K	HA	9			true	tedman2026
GCGR	HGNC:4192	P47871	ENSG00000215644	ENST00000570996	false	B	terminal_n	27	Q	HA	9			true	tedman2026
GPR161	HGNC:23694	Q8N6U8	ENSG00000143147	ENST00000367836	false	A	terminal_n		M	HA	9			true	tedman2026
ADGRG2	HGNC:4516	Q8IZP9	ENSG00000173698	ENST00000357991	false	B	terminal_n	43	D	HA	9			true	tedman2026
GPRC5B	HGNC:13308	Q9NZH0	ENSG00000167191	ENST00000535671	false	C	terminal_n	29	E	HA	9			true	tedman2026
GPR161	HGNC:23694	Q8N6U8	ENSG00000143147	ENST00000546300	false	A	terminal_n		M	HA	9			true	tedman2026
ACKR1	HGNC:4035	Q16570	ENSG00000213088	ENST00000368121	false	A	terminal_n		M	HA	9			true	tedman2026
PTGER3	HGNC:9595	P43115	ENSG00000050628	ENST00000370924	false	A	terminal_n		M	HA	9			true	tedman2026
PTGER3	HGNC:9595	P43115	ENSG00000050628	ENST00000460330	false	A	terminal_n		M	HA	9			true	tedman2026
ADORA1	HGNC:262	P30542	ENSG00000163485	ENST00000367235	false	A	terminal_n		M	HA	9			true	tedman2026
OXTR	HGNC:8529	P30559	ENSG00000180914	ENST00000431493	false	A	terminal_n		M	HA	9			true	tedman2026
CXCR4	HGNC:2561	P61073	ENSG00000121966	ENST00000409817	false	A	terminal_n		M	HA	9			true	tedman2026
CXCR2	HGNC:6027	P25025	ENSG00000180871	ENST00000453237	false	A	terminal_n		M	HA	9			true	tedman2026
CXCR2	HGNC:6027	P25025	ENSG00000180871	ENST00000415392	false	A	terminal_n		M	HA	9			true	tedman2026
CXCR2	HGNC:6027	P25025	ENSG00000180871	ENST00000454148	false	A	terminal_n		M	HA	9			true	tedman2026
DRD2	HGNC:3023	P14416	ENSG00000149295	ENST00000346454	false	A	terminal_n		M	HA	9			true	tedman2026
DRD2	HGNC:3023	P14416	ENSG00000149295	ENST00000543292	false	A	terminal_n		M	HA	9			true	tedman2026
CCR9	HGNC:1610	P51686	ENSG00000173585	ENST00000395963	false	A	terminal_n		M	HA	9			true	tedman2026
XCR1	HGNC:1625	P46094	ENSG00000173578	ENST00000395946	false	A	terminal_n		M	HA	9	189.8	15.6	true	tedman2026
GPR35	HGNC:4492	Q9HC97	ENSG00000178623	ENST00000438013	false	A	terminal_n		M	HA	9	3989.1	372.9	true	tedman2026
GPR135	HGNC:19991	Q8IZ08	ENSG00000181619	ENST00000395116	true	A	terminal_n		M	HA	9	198.4	13.9	true	tedman2026
GPR19	HGNC:4473	Q15760	ENSG00000183150	ENST00000332427	true	A	terminal_n		M	HA	9	371.0	33.6	true	tedman2026
NMBR	HGNC:7843	P28336	ENSG00000135577	ENST00000258042	true	A	terminal_n		M	HA	9	2433.3	1231.9	true	tedman2026
F2RL3	HGNC:3540	Q96RI0	ENSG00000127533	ENST00000248076	true	A	terminal_n	23	P	HA	9	893.7	240.7	true	tedman2026
FZD3	HGNC:4041	Q9NPG1	ENSG00000104290	ENST00000240093	true	F	terminal_n	23	H	HA	9	177.3	57.2	true	tedman2026
SMO	HGNC:11119	Q99835	ENSG00000128602	ENST00000249373	true	F	terminal_n	33	S	HA	9	6101.1	322.9	true	tedman2026
TAS1R3	HGNC:15661	Q7RTX0	ENSG00000169962	ENST00000339381	true	Taste	terminal_n	22	P	HA	9	121.5	9.1	true	tedman2026
FZD8	HGNC:4046	Q9H461	ENSG00000177283	ENST00000374694	true	F	terminal_n	28	A	HA	9	225.4	23.4	true	tedman2026
LGR6	HGNC:19719	Q9HBX8	ENSG00000133067	ENST00000367278	true	A	terminal_n	29	G	HA	9	479.1	50.4	true	tedman2026
DRD2	HGNC:3023	P14416	ENSG00000149295	ENST00000544518	false	A	terminal_n		M	HA	9			true	tedman2026
HTR7	HGNC:5302	P34969	ENSG00000148680	ENST00000277874	false	A	terminal_n		M	HA	9			true	tedman2026
CNR1	HGNC:2159	P21554	ENSG00000118432	ENST00000468898	false	A	terminal_n		M	HA	9			true	tedman2026
ADORA2A	HGNC:263	P29274	ENSG00000128271	ENST00000439591	false	A	terminal_n		M	HA	9			true	tedman2026
FZD1	HGNC:4038	Q9UP38	ENSG00000157240	ENST00000287934	true	F	terminal_n		M	HA	9	125.7	13.7	true	tedman2026
ADRA2A	HGNC:281	P08913	ENSG00000150594	ENST00000280155	true	A	terminal_n		M	HA	9	2599.6	561.2	true	tedman2026
NTSR1	HGNC:8039	P30989	ENSG00000101188	ENST00000370501	true	A	terminal_n		M	HA	9	5646.8	378.1	true	tedman2026
OR10K2	HGNC:14826	Q6IF99	ENSG00000180708	ENST00000641042	true	A	terminal_n		M	HA	9	1672.3	318.1	true	tedman2026
GPR153	HGNC:23618	Q6NV75	ENSG00000158292	ENST00000377893	true	A	terminal_n		M	HA	9	3829.6	608.1	true	tedman2026
OR2L5	HGNC:15011	Q8NG80	ENSG00000197454	ENST00000355281	true	A	terminal_n		M	HA	9	447.9	94.2	true	tedman2026
OR52N5	HGNC:15231	Q8NH56	ENSG00000181009	ENST00000317093	true	A	terminal_n		M	HA	9	809.0	209.9	true	tedman2026
OR10A6	HGNC:15132	Q8NH74	ENSG00000279000	ENST00000642108	true	A	terminal_n		M	HA	9	836.7	298.2	true	tedman2026
GPR88	HGNC:4539	Q9GZN0	ENSG00000181656	ENST00000315033	true	A	terminal_n		M	HA	9	448.7	30.0	true	tedman2026
RXFP3	HGNC:24883	Q9NSD7	ENSG00000182631	ENST00000330120	true	A	terminal_n		M	HA	9	978.7	293.3	true	tedman2026
TAS2R4	HGNC:14911	Q9NYW5	ENSG00000127364	ENST00000247881	true	Taste	terminal_n		M	HA	9	138.7	18.8	true	tedman2026
ADGRD2	HGNC:18651	Q7Z7M1	ENSG00000180264	ENST00000706946	true	B	terminal_n	23	S	HA	9	129.4	24.2	true	tedman2026
VIPR1	HGNC:12694	P32241	ENSG00000114812	ENST00000439731	false	B	terminal_n	31	A	HA	9			true	tedman2026
FZD2	HGNC:4040	Q14332	ENSG00000180340	ENST00000315323	true	F	terminal_n	28	E	HA	9	1005.0	225.2	true	tedman2026
GRM6	HGNC:4598	O15303	ENSG00000113262	ENST00000650031	true	C	terminal_n	30	A	HA	9	1334.2	471.1	true	tedman2026
