gene_symbol	tier	surface_verdict_bucket	papers_found	papers_selected	papers_with_ec	n_filters_evidence	n_det_features	evidence_grade
AADACL4	no	no	48.0	0	0	10	3	weak
AATK	no	no	207.0	7	6	11	4	weak
ABCA12	no	no	280.0	13	12	14	6	weak
ABCA5	no	no	218.0	13	10	14	6	weak
ABCA9	no	no	170.0	7	4	12	6	weak
ABCB9	no	no	185.0	17	16	18	7	weak
ABCC12	no	no	166.0	7	4	12	6	weak
ABHD12	no	no	181.0	7	7	11	5	weak
ABHD3	no	no	138.0	1	0	10	5	weak
ABI3BP	no	no	205.0	3	3	15	5	weak
ABRA	no	no	369.0	0	0	10	3	weak
ACAA2	no	no	366.0	1	1	10	2	weak
ACTN1	no	no	271.0	13	10	11	5	weak
ACTRT1	no	no	252.0	3	2	10	4	weak
ACY3	no	no	245.0	1	0	9	5	weak
ADA2	no	no	366.0	2	0	12	5	weak
ADAMTS1	no	no	324.0	14	13	17	4	weak
ADAMTS14	no	no	208.0	12	9	14	5	weak
ADAMTS15	no	no	236.0	9	7	12	4	weak
ADAMTS18	no	no	225.0	14	13	13	5	weak
ADAMTS19	no	no	172.0	6	3	12	4	weak
ADAMTS3	no	no	258.0	11	7	13	4	weak
ADAMTS6	no	no	212.0	8	6	13	5	weak
ADAMTS7	no	no	197.0	15	13	14	4	weak
ADAMTSL3	no	no	197.0	6	6	12	5	weak
ADAMTSL4	no	no	224.0	10	6	14	5	weak
ADAP1	no	no	154.0	11	9	11	5	weak
ADAP2	no	no	175.0	4	3	10	5	weak
ADD2	no	no	215.0	8	6	14	6	weak
ADISSP	no	no	103.0	2	2	10	4	weak
ADM5	no	no	156.0	1	0	11	2	weak
AEBP1	no	no	239.0	9	8	14	5	weak
AFAP1L2	no	no	165.0	6	3	11	5	weak
AGGF1	no	no	188.0	7	7	13	2	weak
AGMO	no	no	192.0	3	2	11	3	weak
AGR3	no	no	300.0	1	0	12	4	weak
AHCYL1	no	no	197.0	10	6	14	6	weak
AIFM2	no	no	300.0	21	17	13	4	supportive_but_indirect
AIG1	no	no	183.0	4	4	12	5	weak
AJM1	no	no	142.0	9	6	14	3	weak
AK1	no	no	291.0	4	3	12	2	weak
AKAP19	no	no	134.0	3	2	12	3	weak
AKAP7	no	no	198.0	9	7	9	5	weak
AKR1A1	no	no	358.0	2	0	10	4	weak
AKR1B15	no	no	156.0	3	2	11	4	weak
ALDOC	no	no	276.0	1	1	10	2	weak
ALG10B	no	no	191.0	7	6	11	3	weak
ALKAL1	no	no	131.0	15	14	14	4	weak
ALKAL2	no	no	148.0	15	12	14	3	weak
ALOX5AP	no	no	347.0	4	3	14	5	weak
ALPK2	no	no	300.0	2	0	13	4	weak
AMBP	no	no	337.0	3	2	10	4	weak
AMOTL2	no	no	225.0	18	14	12	6	weak
AMPH	no	no	271.0	6	6	10	6	weak
AMTN	no	no	169.0	11	8	14	4	weak
ANGPTL1	no	no	210.0	9	5	13	4	weak
ANGPTL7	no	no	209.0	15	14	13	4	weak
ANGPTL8	no	no	189.0	18	17	14	4	weak
ANK2	no	no	271.0	12	11	9	5	weak
ANK3	no	no	265.0	21	16	11	4	weak
ANKFN1	no	no	302.0	0	0	10	4	weak
ANKIB1	no	no	124.0	2	0	11	4	weak
ANKRD13A	no	no	123.0	4	3	10	4	weak
ANKRD13B	no	no	91.0	3	1	11	5	weak
ANKRD20A1	no	no	59.0	0	0	10	3	weak
ANKRD30BL	no	no	66.0	0	0	10	4	weak
ANKRD35	no	no	94.0	0	0	10	6	weak
ANXA7	no	no	268.0	13	10	11	5	weak
ANXA8L1	no	no	150.0	4	3	12	4	weak
AP2M1	no	no	235.0	27	23	12	5	weak
APBA1	no	no	243.0	9	7	11	2	weak
APC	no	no	355.0	1	1	11	5	weak
APOL6	no	no	173.0	10	5	11	2	weak
APOM	no	no	237.0	19	15	12	4	conflicting
AQP12A	no	no	165.0	5	3	10	3	weak
ARAP1	no	no	205.0	7	6	12	5	weak
ARC	no	no	332.0	6	4	9	2	weak
ARF5	no	no	232.0	16	13	12	4	weak
ARHGAP18	no	no	198.0	12	11	10	5	weak
ARHGAP36	no	no	109.0	3	2	13	5	weak
ARHGAP45	no	no	318.0	2	1	11	5	weak
ARHGEF18	no	no	216.0	16	14	10	5	weak
ARID3A	no	no	367.0	4	3	10	2	weak
ARK2C	no	no	112.0	0	0	10	5	weak
ARL13A	no	no	118.0	11	7	14	4	weak
ARL15	no	no	156.0	10	8	12	4	weak
ARMCX5	no	no	88.0	0	0	10	4	weak
ARRDC1	no	no	204.0	12	9	11	4	weak
ARRDC4	no	no	167.0	10	8	12	4	weak
ARRDC5	no	no	70.0	4	3	9	4	weak
ARSD	no	no	323.0	1	0	10	4	weak
ARSJ	no	no	236.0	1	1	10	4	weak
ART5	no	no	152.0	4	1	12	5	weak
ASIP	no	no	355.0	2	0	12	4	weak
ASPHD1	no	no	129.0	0	0	10	4	weak
ASPHD2	no	no	95.0	0	0	10	4	weak
ATAD1	no	no	232.0	12	9	11	5	weak
ATP13A1	no	no	146.0	9	7	9	6	weak
ATP13A3	no	no	181.0	8	5	10	6	weak
ATP13A5	no	no	107.0	4	1	12	5	weak
ATP1B4	no	no	151.0	5	4	13	6	weak
ATP6V1A	no	no	201.0	27	22	11	2	weak
ATP6V1B2	no	no	235.0	22	16	12	4	weak
ATP6V1E1	no	no	278.0	13	10	11	5	weak
ATP7B	no	no	310.0	19	12	16	5	weak
ATP8A2	no	no	370.0	4	3	14	5	weak
AURKA	no	no	314.0	11	8	10	4	weak
AVEN	no	no	219.0	0	0	11	3	weak
AVPI1	no	no	119.0	2	0	10	3	weak
AZGP1	no	no	295.0	18	16	13	4	weak
B4GALNT2	no	no	324.0	2	0	11	5	weak
BAG6	no	no	291.0	2	2	14	2	weak
BAIAP2	no	no	233.0	19	17	13	6	weak
BAIAP3	no	no	176.0	3	0	11	2	weak
BCHE	no	no	309.0	3	1	13	5	weak
BIN2	no	no	241.0	4	4	13	6	weak
BLCAP	no	no		1	0	11	3	weak
BLTP1	no	no	219.0	4	1	10	4	weak
BLTP2	no	no	225.0	9	6	10	4	weak
BLVRB	no	no	228.0	5	4	11	3	weak
BMP10	no	no	232.0	20	18	14	5	weak
BMP8A	no	no	202.0	3	3	11	3	supportive_but_indirect
BMPER	no	no	298.0	5	5	11	4	weak
BMX	no	no	249.0	5	4	11	4	weak
BPI	no	no	330.0	1	1	12	4	weak
BPIFA3	no	no	57.0	5	3	11	5	weak
BPIFB2	no	no	154.0	10	6	11	5	weak
BPIFB6	no	no	70.0	3	2	11	4	weak
BPIFC	no	no	84.0	1	0	13	5	weak
BRINP2	no	no	125.0	0	0	11	5	weak
BRK1	no	no	181.0	4	3	13	4	weak
BTD	no	no	251.0	4	0	12	5	weak
C11orf24	no	no	64.0	1	1	12	4	weak
C16orf89	no	no	104.0	2	1	11	4	weak
C17orf99	no	no	138.0	4	4	12	3	weak
C1QL1	no	no	286.0	13	9	17	4	weak
C1QL4	no	no	101.0	5	4	13	5	weak
C1QTNF12	no	no	169.0	6	6	12	5	weak
C1QTNF2	no	no	146.0	3	2	12	5	weak
C1QTNF3	no	no	235.0	11	8	12	6	weak
C1QTNF6	no	no	221.0	12	11	13	6	weak
C1QTNF7	no	no	142.0	3	3	11	6	weak
C1QTNF8	no	no	98.0	7	5	14	4	weak
C1QTNF9	no	no	178.0	12	10	14	3	weak
C1QTNF9B	no	no	139.0	2	1	13	5	weak
C1R	no	no	251.0	13	11	14	3	weak
C1RL	no	no	216.0	5	3	13	4	weak
C1S	no	no	260.0	20	20	14	3	weak
C1orf115	no	no	105.0	2	2	9	2	weak
C1orf116	no	no	182.0	2	1	12	4	weak
C1orf54	no	no	97.0	1	1	10	3	weak
C2CD2L	no	no	126.0	9	8	11	5	weak
C2CD4A	no	no	138.0	2	1	12	2	weak
C2CD4B	no	no	153.0	2	2	10	2	weak
C2CD5	no	no	117.0	5	5	10	4	weak
C2orf74	no	no	73.0	2	1	12	3	weak
C4A	no	no	343.0	9	7	15	4	weak
C5	no	no	306.0	29	22	13	3	weak
C5orf46	no	no	116.0	2	1	11	4	weak
C6	no	no	349.0	0	0	11	4	weak
C6orf120	no	no	89.0	3	1	12	3	weak
C6orf89	no	no	272.0	4	3	12	4	weak
C7	no	no	350.0	0	0	11	4	weak
C8A	no	no	288.0	8	7	13	4	weak
C9orf85	no	no	54.0	0	0	10	2	weak
CABP7	no	no	196.0	3	3	11	4	weak
CASD1	no	no	211.0	10	7	13	4	weak
CATIP	no	no	135.0	0	0	10	4	weak
CATSPERZ	no	no	99.0	10	8	10	2	weak
CAVIN2	no	no	277.0	20	15	15	5	weak
CAVIN3	no	no	232.0	14	12	15	5	weak
CAVIN4	no	no	187.0	15	14	16	5	weak
CBLN3	no	no	106.0	7	5	15	5	weak
CBX3	no	no	232.0	6	4	11	2	weak
CCBE1	no	no	211.0	17	11	13	4	weak
CCDC107	no	no	72.0	0	0	10	4	weak
CCDC124	no	no	137.0	0	0	10	3	weak
CCDC136	no	no	151.0	1	0	10	5	weak
CCDC144A	no	no	183.0	1	0	12	3	weak
CCDC154	no	no	57.0	1	1	10	3	weak
CCDC167	no	no	74.0	1	1	11	3	weak
CCDC24	no	no	68.0	0	0	10	4	weak
CCDC3	no	no	153.0	6	6	13	5	weak
CCDC54	no	no	154.0	3	3	13	2	weak
CCDC69	no	no	106.0	2	2	11	4	weak
CCDC81	no	no	73.0	0	0	10	4	weak
CCDC85C	no	no	126.0	7	6	14	5	weak
CCDC97	no	no	97.0	0	0	10	3	weak
CCL21	no	no	374.0	4	2	14	3	weak
CCL27	no	no	358.0	3	1	13	3	weak
CCL5	no	no	344.0	21	16	14	4	weak
CCN5	no	no	217.0	14	10	14	5	weak
CCN6	no	no	323.0	4	1	15	5	weak
CCNY	no	no	196.0	6	6	14	2	weak
CCNYL1	no	no	116.0	1	0	11	5	weak
CCNYL1B	no	no	1.0	0	0	10	3	weak
CCPG1	no	no	201.0	5	3	10	5	weak
CCT5	no	no	189.0	3	2	10	2	weak
CCT7	no	no	229.0	8	7	10	2	weak
CD1E	no	no	369.0	14	10	18	5	weak
CDC37	no	no	217.0	4	4	11	2	weak
CDC42EP1	no	no	190.0	4	3	11	5	weak
CDIPT	no	no	336.0	0	0	10	5	weak
CDK14	no	no	211.0	3	1	11	5	weak
CDK16	no	no	186.0	4	0	14	5	weak
CDRT15	no	no	38.0	0	0	10	3	weak
CDV3	no	no	276.0	0	0	10	4	weak
CELA1	no	no	193.0	4	4	13	4	weak
CEND1	no	no	155.0	3	3	10	3	weak
CENPF	no	no	286.0	0	0	9	2	weak
CFAP126	no	no	141.0	1	0	12	3	weak
CFAP299	no	no	83.0	0	0	10	4	weak
CFAP65	no	no	144.0	5	5	12	5	weak
CFB	no	no	325.0	11	11	14	5	weak
CFHR5	no	no	215.0	29	22	12	3	weak
CFLAR	no	no	309.0	19	11	11	6	weak
CGAS	no	no	370.0	13	12	12	5	weak
CGB1	no	no	215.0	2	1	11	4	weak
CGB2	no	no	97.0	1	1	11	3	weak
CGN	no	no	264.0	15	15	14	5	weak
CHIA	no	no	317.0	3	1	11	4	weak
CHIC2	no	no	221.0	3	2	14	4	weak
CHID1	no	no	143.0	5	5	13	5	weak
CHLSN	no	no	125.0	1	0	12	3	weak
CHMP2B	no	no	315.0	13	12	11	2	weak
CHMP5	no	no	343.0	2	2	10	2	weak
CHODL	no	no	181.0	7	6	14	6	weak
CHP2	no	no	189.0	8	3	12	4	weak
CHRDL1	no	no	324.0	3	3	11	5	weak
CIB1	no	no	308.0	10	5	11	5	weak
CIB3	no	no	161.0	9	6	11	5	weak
CIMIP2C	no	no	48.0	2	0	12	3	weak
CIMIP6	no	no	42.0	1	0	12	4	weak
CIP2A	no	no	280.0	6	5	11	6	weak
CIRBP	no	no	254.0	16	9	13	2	weak
CLDND2	no	no	43.0	1	1	13	4	weak
CLEC18B	no	no	66.0	1	0	12	4	weak
CLEC18C	no	no	109.0	1	0	13	4	weak
CLEC19A	no	no	52.0	1	1	12	5	weak
CLEC3B	no	no	368.0	4	4	12	4	weak
CLMB	no	no	163.0	3	2	14	4	weak
CLPSL2	no	no	37.0	1	0	12	5	weak
CLU	no	no	309.0	22	20	15	5	weak
CMA1	no	no	318.0	17	16	13	5	weak
CMTM3	no	no	180.0	13	13	13	5	weak
CNFN	no	no	146.0	3	1	12	5	weak
CNKSR1	no	no	278.0	6	4	12	5	weak
CNKSR3	no	no	194.0	1	1	12	4	weak
CNPY4	no	no	107.0	5	5	11	4	weak
CNST	no	no	157.0	2	2	10	5	weak
COBLL1	no	no	193.0	2	2	10	5	weak
COL18A1	no	no	341.0	4	2	14	5	weak
COL26A1	no	no	245.0	3	2	12	6	weak
COL5A3	no	no	242.0	5	3	11	4	weak
COL6A5	no	no	215.0	7	6	15	5	weak
COLEC10	no	no	276.0	10	8	12	4	weak
COMT	no	no	281.0	1	1	10	5	weak
CP	no	no	373.0	1	0	10	4	weak
CPA4	no	no	239.0	2	2	11	5	weak
CPN2	no	no	243.0	1	1	13	4	weak
CPNE7	no	no	160.0	4	3	13	5	weak
CPNE9	no	no	103.0	2	1	10	6	weak
CPPED1	no	no	142.0	1	1	13	4	weak
CPQ	no	no	264.0	2	2	12	4	weak
CPXM1	no	no	215.0	2	1	13	4	weak
CPXM2	no	no	175.0	3	2	12	4	weak
CRACR2A	no	no	155.0	10	9	11	6	weak
CRCP	no	no	329.0	0	0	10	4	weak
CREB3	no	no	239.0	6	6	12	5	weak
CREG2	no	no	98.0	2	2	10	5	weak
CRELD1	no	no	152.0	7	6	12	5	weak
CRELD2	no	no	176.0	13	13	12	5	weak
CRLF1	no	no	266.0	11	9	13	4	weak
CRLF3	no	no	165.0	8	4	11	2	weak
CSE1L	no	no	364.0	0	0	10	2	weak
CSNK1G2	no	no	174.0	3	0	12	4	weak
CT47A12	no	no	89.0	0	0	10	3	weak
CT47A2	no	no	15.0	0	0	10	3	weak
CT47A4	no	no	18.0	0	0	10	3	weak
CT47A7	no	no	16.0	0	0	10	3	weak
CT47A9	no	no	16.0	0	0	10	3	weak
CTNNA1	no	no	263.0	26	20	14	5	weak
CTNNB1	no	no	385.0	20	16	14	4	weak
CTNND1	no	no	343.0	19	17	14	5	weak
CTNND2	no	no	184.0	7	4	11	5	weak
CTTN	no	no	286.0	18	13	11	5	weak
CTXN2	no	no	74.0	0	0	10	4	weak
CUTA	no	no	266.0	0	0	10	5	weak
CXCL9	no	no	346.0	20	18	12	4	weak
CYB561D1	no	no	87.0	2	1	12	5	weak
CYB5D2	no	no	140.0	3	2	12	5	weak
CYB5R3	no	no	235.0	12	10	10	2	weak
CYP19A1	no	no	353.0	20	15	12	5	weak
CYP2D6	no	no	337.0	2	1	10	4	weak
CYP2E1	no	no	328.0	12	10	11	4	weak
CYP46A1	no	no	234.0	10	9	10	4	weak
CYSRT1	no	no	80.0	1	0	12	3	weak
CYTH1	no	no	218.0	14	12	13	5	weak
CYYR1	no	no	135.0	4	3	15	4	weak
DAB2	no	no	246.0	20	19	15	5	weak
DAGLB	no	no	188.0	12	10	13	6	weak
DAO	no	no	307.0	4	3	13	4	weak
DAPP1	no	no	173.0	7	4	11	5	weak
DARS2	no	no	217.0	2	2	12	2	weak
DBH	no	no	289.0	6	5	11	5	weak
DBI	no	no	320.0	9	9	12	2	weak
DBNL	no	no	248.0	4	3	9	5	weak
DDT	no	no	316.0	9	6	14	5	weak
DDTL	no	no	86.0	0	0	10	4	weak
DDX4	no	no	267.0	1	1	11	5	weak
DEFA1	no	no	339.0	4	4	13	3	weak
DEFA1B	no	no	332.0	5	4	11	3	weak
DEFA3	no	no	248.0	10	8	11	3	weak
DEFA6	no	no	228.0	12	12	13	3	weak
DEFB104A	no	no	243.0	19	16	11	3	weak
DEFB105A	no	no	201.0	5	2	11	3	weak
DEFB105B	no	no	196.0	3	2	12	3	weak
DEFB107B	no	no	83.0	2	0	10	3	weak
DEFB108B	no	no	73.0	3	0	11	3	weak
DEFB109B	no	no	115.0	11	5	12	3	weak
DEFB114	no	no	134.0	5	4	11	2	weak
DEFB116	no	no	41.0	3	2	11	3	weak
DEFB119	no	no	110.0	6	6	11	5	weak
DEFB121	no	no	58.0	4	4	11	3	weak
DEFB124	no	no	64.0	5	0	12	4	weak
DEFB130B	no	no	7.0	1	1	13	3	weak
DEFB131B	no	no	7.0	0	0	10	3	weak
DEK	no	no	258.0	4	3	14	3	weak
DHRS7B	no	no	141.0	4	3	9	5	weak
DHRSX	no	no	114.0	2	2	12	3	weak
DIPK2A	no	no	232.0	6	4	10	5	weak
DIPK2B	no	no	132.0	4	1	11	5	weak
DIRAS3	no	no	187.0	4	2	12	2	weak
DISP3	no	no	149.0	3	1	11	5	weak
DKKL1	no	no	194.0	9	8	10	3	weak
DLEU7	no	no	133.0	0	0	10	4	weak
DLG1	no	no	265.0	20	17	14	2	weak
DLG2	no	no	241.0	6	4	13	5	weak
DLG4	no	no	296.0	24	17	12	5	weak
DMP1	no	no	277.0	15	13	17	4	weak
DMPK	no	no	319.0	1	0	9	6	weak
DNAJC1	no	no	173.0	2	2	12	4	weak
DNASE1L3	no	no	345.0	8	7	13	5	weak
DNASE2B	no	no	250.0	2	1	10	5	weak
DOC2A	no	no	189.0	7	6	13	5	weak
DOK3	no	no	228.0	3	1	11	5	weak
DPCD	no	no	174.0	2	2	12	3	weak
DPP7	no	no	381.0	4	2	11	5	weak
DPP9	no	no	222.0	10	10	10	2	weak
DRAXIN	no	no	281.0	4	0	13	3	weak
DSP	no	no	355.0	6	5	10	5	weak
DSTYK	no	no	184.0	3	2	11	5	weak
DUT	no	no	277.0	3	0	10	2	weak
DVL1	no	no	250.0	15	13	12	6	weak
EEF1A1	no	no	325.0	9	4	10	3	weak
EEF1AKMT4-ECE2	no	no	70.0	1	0	11	3	weak
EEPD1	no	no	156.0	4	4	13	3	supportive_but_indirect
EFCAB7	no	no	111.0	2	2	12	5	weak
EGFL7	no	no	275.0	20	17	14	4	weak
EGFL8	no	no	204.0	4	4	12	4	weak
EHBP1L1	no	no	160.0	6	2	12	4	weak
EHD1	no	no	372.0	11	10	11	5	weak
EHD2	no	no	207.0	20	18	13	6	weak
EHD3	no	no	210.0	12	10	11	6	weak
EIF3A	no	no	296.0	1	1	9	2	weak
EIF4A1	no	no	280.0	13	9	11	5	weak
ELAVL1	no	no	360.0	8	7	10	5	weak
EMC10	no	no	157.0	14	14	13	4	weak
EMILIN1	no	no	275.0	8	8	15	5	weak
EN1	no	no	268.0	1	1	11	2	weak
ENDOD1	no	no	170.0	1	0	11	3	weak
ENHO	no	no	196.0	7	6	15	4	weak
ENTPD5	no	no	239.0	12	9	13	4	weak
ENTREP3	no	no	107.0	2	1	15	5	weak
EPB41	no	no	365.0	15	11	12	5	weak
EPB41L3	no	no	242.0	11	11	12	5	weak
EPDR1	no	no	181.0	11	11	12	5	weak
EPHX1	no	no	283.0	2	2	10	4	weak
EPHX3	no	no	165.0	1	1	10	4	weak
EPM2A	no	no	324.0	0	0	11	2	weak
EPS8L1	no	no	186.0	5	5	11	5	weak
EPS8L3	no	no	138.0	3	2	11	5	weak
ERBIN	no	no	243.0	11	8	14	5	weak
ERC1	no	no	231.0	14	12	12	5	weak
ERFE	no	no	215.0	21	20	15	4	weak
ERLIN2	no	no	190.0	15	10	13	5	weak
ERO1A	no	no	204.0	19	13	13	4	weak
ERP29	no	no	187.0	7	5	12	5	weak
ERP44	no	no	156.0	15	13	12	4	weak
ERVH48-1	no	no	112.0	10	10	12	2	weak
ESR2	no	no		8	7	12	6	weak
ESYT2	no	no	172.0	16	13	13	5	weak
ESYT3	no	no	146.0	16	14	13	6	weak
EVA1A	no	no	170.0	9	8	11	4	weak
EVC	no	no	227.0	3	2	15	4	weak
EXOC3L1	no	no	125.0	2	1	10	4	weak
EXTL3	no	no	185.0	7	4	13	5	weak
EZR	no	no	330.0	17	15	15	5	weak
F2	no	no	381.0	3	1	14	4	weak
FAM149A	no	no	88.0	0	0	10	2	weak
FAM153A	no	no	69.0	0	0	10	2	weak
FAM180A	no	no	91.0	0	0	10	4	weak
FAM186A	no	no	69.0	0	0	10	2	weak
FAM193A	no	no	101.0	1	0	10	5	weak
FAM209A	no	no	45.0	2	1	12	3	weak
FAM209B	no	no	43.0	1	1	12	3	weak
FAM20A	no	no	198.0	7	7	14	5	weak
FAM222A	no	no	100.0	1	1	12	4	weak
FAM237B	no	no	48.0	5	5	13	4	weak
FAM3A	no	no	343.0	1	1	11	5	weak
FAM3B	no	no	337.0	3	0	13	5	weak
FAM3C	no	no	240.0	21	20	16	4	weak
FAM3D	no	no	188.0	7	7	13	4	weak
FAM53A	no	no	80.0	0	0	10	4	weak
FAM72C	no	no	64.0	0	0	10	3	weak
FAM78A	no	no	91.0	0	0	10	4	weak
FASN	no	no	318.0	16	14	11	4	weak
FBRSL1	no	no	140.0	1	1	9	4	weak
FCER1G	no	no	282.0	19	17	13	3	weak
FCGBP	no	no	238.0	13	11	15	3	weak
FCN2	no	no	284.0	7	6	11	4	weak
FCN3	no	no	217.0	17	16	14	5	weak
FCRLA	no	no	198.0	14	11	14	5	weak
FCRLB	no	no	179.0	9	6	12	5	weak
FERMT2	no	no	237.0	22	16	11	5	weak
FEZ1	no	no	199.0	2	0	11	2	weak
FGA	no	no	338.0	8	8	14	4	weak
FGB	no	no	317.0	10	8	13	4	weak
FGF3	no	no	272.0	5	3	14	4	weak
FGF8	no	no	289.0	16	15	13	5	weak
FGFBP1	no	no	203.0	26	23	13	4	weak
FGL1	no	no	261.0	24	21	13	4	weak
FGR	no	no	283.0	6	3	12	4	weak
FIBIN	no	no	150.0	2	1	13	3	weak
FKRP	no	no	212.0	17	16	13	5	weak
FLACC1	no	no	125.0	1	0	12	5	weak
FLII	no	no	311.0	1	1	10	2	weak
FLOT1	no	no	291.0	21	19	14	6	weak
FLOT2	no	no	299.0	14	11	13	4	weak
FMOD	no	no	366.0	2	1	12	4	weak
FNDC11	no	no	56.0	0	0	10	2	weak
FOXR2	no	no	164.0	0	0	10	2	weak
FREM3	no	no	120.0	4	3	16	3	weak
FRMD7	no	no	241.0	2	1	10	5	weak
FRMPD2	no	no	92.0	3	0	13	5	weak
FSD1L	no	no	246.0	1	1	12	6	weak
FSTL5	no	no	160.0	2	0	13	5	weak
FUT3	no	no	344.0	9	9	13	3	weak
FUT4	no	no	316.0	14	14	12	5	weak
GAA	no	no	319.0	6	3	13	4	weak
GAP43	no	no	341.0	11	9	11	5	weak
GAPDH	no	no	389.0	0	0	9	5	weak
GAPVD1	no	no	178.0	10	9	11	5	weak
GBA1	no	no	284.0	13	12	16	4	weak
GBA2	no	no	317.0	3	2	10	4	weak
GCSAM	no	no	230.0	7	5	13	4	weak
GFOD1	no	no	137.0	0	0	10	6	weak
GFOD2	no	no	86.0	0	0	10	6	weak
GFY	no	no	129.0	3	0	10	4	weak
GGTA1	no	no	250.0	8	4	10	2	weak
GGTLC2	no	no	102.0	3	1	10	2	weak
GHDC	no	no	139.0	1	1	11	4	weak
GLMP	no	no	233.0	11	11	12	4	weak
GMFB	no	no	228.0	2	2	12	2	weak
GMFG	no	no	177.0	6	6	13	4	weak
GNAI2	no	no	321.0	15	13	14	5	weak
GNAL	no	no	248.0	4	4	12	5	weak
GNAQ	no	no	299.0	13	9	13	3	weak
GNAS	no	no	343.0	3	1	11	4	weak
GNB1	no	no	361.0	5	3	10	5	weak
GNB2	no	no	238.0	8	2	11	5	weak
GNB3	no	no	243.0	5	2	12	5	weak
GNB4	no	no	214.0	6	5	10	4	weak
GNG2	no	no	221.0	5	1	12	4	weak
GOLGA7B	no	no	86.0	3	3	13	4	weak
GOT2	no	no	284.0	3	3	11	2	weak
GPHB5	no	no	338.0	2	2	12	4	weak
GPLD1	no	no	296.0	15	12	15	4	weak
GPR108	no	no	134.0	6	4	11	5	weak
GPR137	no	no	118.0	12	7	10	6	weak
GPR137C	no	no	175.0	1	0	10	5	weak
GPR155	no	no	151.0	5	3	15	6	weak
GPR15LG	no	no	140.0	19	18	14	3	weak
GPR180	no	no	287.0	3	1	14	5	weak
GPRIN1	no	no	297.0	0	0	11	4	weak
GPRIN2	no	no	168.0	1	0	13	4	weak
GRAMD1A	no	no	292.0	7	5	11	5	weak
GRAMD1B	no	no	309.0	12	11	11	5	weak
GRAMD1C	no	no	255.0	10	8	13	4	weak
GREP1	no	no	91.0	1	0	11	2	weak
GRINA	no	no	205.0	7	4	11	4	weak
GSN	no	no	320.0	15	12	14	5	weak
GUCA2A	no	no	242.0	0	0	11	4	weak
GZMB	no	no	361.0	14	12	12	3	weak
H2BC12	no	no	221.0	1	0	10	2	weak
H2BC4	no	no	237.0	0	0	9	2	weak
H4C3	no	no	264.0	0	0	9	2	weak
HABP2	no	no	276.0	10	9	13	5	weak
HARBI1	no	no	131.0	0	0	10	3	weak
HARS1	no	no	302.0	0	0	10	2	weak
HAS1	no	no	363.0	15	10	15	4	weak
HCK	no	no	267.0	9	9	11	5	weak
HDAC3	no	no	317.0	4	3	10	2	weak
HEXD	no	no	219.0	1	1	11	4	weak
HGSNAT	no	no	173.0	12	11	10	4	weak
HHIPL2	no	no	92.0	0	0	11	4	weak
HIGD1B	no	no	128.0	1	1	10	4	weak
HIP1R	no	no	214.0	16	10	11	6	weak
HLA-DMA	no	no	298.0	10	8	17	6	weak
HLA-DOA	no	no	205.0	13	9	15	6	weak
HM13	no	no	361.0	9	8	11	6	weak
HMGB3	no	no	207.0	2	1	14	2	weak
HNRNPU	no	no	307.0	3	1	10	5	weak
HSH2D	no	no	221.0	1	1	9	5	weak
HSPB1	no	no	296.0	11	8	11	5	weak
HSPE1	no	no	287.0	2	0	10	3	weak
HTRA2	no	no	254.0	5	4	15	6	weak
HTRA3	no	no	243.0	12	8	14	6	weak
HTRA4	no	no	166.0	14	13	13	5	weak
IER3	no	no	260.0	1	0	11	3	weak
IFFO2	no	no	94.0	1	0	9	5	weak
IFNE	no	no	227.0	13	13	13	4	weak
IFNL4	no	no	209.0	9	9	12	3	weak
IGFBP2	no	no	302.0	17	16	14	4	weak
IGFBP3	no	no	316.0	16	15	17	5	weak
IGFBPL1	no	no	157.0	7	3	14	4	weak
IGFL3	no	no	66.0	3	2	14	3	weak
IGIP	no	no	74.0	2	2	12	3	weak
IGSF10	no	no	212.0	7	6	15	5	weak
IL16	no	no	335.0	10	9	15	5	weak
IL17C	no	no	311.0	15	14	14	4	weak
IL17REL	no	no	120.0	1	0	13	3	weak
IL1RN	no	no	319.0	6	6	15	5	weak
IL24	no	no	272.0	14	9	12	5	weak
IL37	no	no	331.0	10	8	14	4	weak
IL4I1	no	no	290.0	17	14	15	6	weak
INHBE	no	no	334.0	5	4	13	4	weak
INPP5A	no	no	188.0	6	6	12	3	weak
INS-IGF2	no	no	202.0	2	2	11	2	weak
INSL4	no	no	174.0	3	3	11	3	weak
INSL6	no	no	258.0	2	1	10	3	weak
IPCEF1	no	no	131.0	4	2	11	5	weak
IQCE	no	no	121.0	1	1	12	5	weak
IQGAP2	no	no	236.0	8	5	13	5	weak
IRGC	no	no	209.0	2	0	11	4	weak
IRS1	no	no	321.0	10	7	10	4	weak
ITLN1	no	no	291.0	12	9	12	4	weak
ITLN2	no	no	217.0	4	4	13	4	weak
ITPRID2	no	no	306.0	1	1	11	5	weak
ITPRIP	no	no	337.0	3	2	13	4	weak
ITPRIPL2	no	no	170.0	1	0	12	4	weak
JAK3	no	no	323.0	7	5	11	5	weak
JMJD6	no	no	318.0	0	0	9	2	weak
JOSD1	no	no	170.0	3	2	11	2	weak
JPT2	no	no	277.0	3	1	11	3	weak
JTB	no	no	341.0	0	0	10	4	weak
JUP	no	no	361.0	10	10	11	4	weak
KANK1	no	no	204.0	11	11	10	5	weak
KANK2	no	no	292.0	3	3	10	2	weak
KCNAB1	no	no	217.0	19	14	11	6	weak
KCNK7	no	no	125.0	10	7	11	6	weak
KCP	no	no	202.0	3	0	13	5	weak
KCTD8	no	no	143.0	4	2	12	5	weak
KDF1	no	no	174.0	2	2	12	3	weak
KIAA0040	no	no	159.0	0	0	10	3	weak
KIAA0232	no	no	102.0	0	0	10	3	weak
KIAA1328	no	no	73.0	1	0	10	5	weak
KIAA1614	no	no	71.0	0	0	10	5	weak
KIAA1958	no	no	85.0	0	0	10	5	weak
KLHDC8B	no	no	303.0	0	0	10	4	weak
KLK15	no	no	295.0	2	2	13	5	weak
KLK3	no	no	357.0	5	3	11	4	weak
KLK6	no	no	259.0	14	12	13	5	weak
KNCN	no	no	305.0	0	0	10	4	weak
KNG1	no	no	334.0	9	8	16	4	weak
KPLCE	no	no	174.0	2	1	9	4	weak
KRTCAP3	no	no	109.0	1	0	11	5	weak
KSR1	no	no	226.0	9	7	10	5	weak
LAMA4	no	no	250.0	20	20	14	5	weak
LANCL1	no	no	340.0	1	1	11	4	weak
LANCL3	no	no	87.0	0	0	10	5	weak
LAP3	no	no	303.0	4	4	12	2	weak
LAPTM5	no	no	215.0	13	13	11	4	weak
LDLRAD4	no	no	177.0	2	0	12	6	weak
LEMD1	no	no	177.0	1	0	11	5	weak
LGALS7B	no	no	256.0	11	10	15	4	weak
LHFPL7	no	no	95.0	1	0	11	4	weak
LIN7A	no	no	244.0	12	10	14	4	weak
LIN7B	no	no	154.0	14	12	11	5	weak
LIN7C	no	no	172.0	14	13	14	4	weak
LIPH	no	no	337.0	1	1	12	4	weak
LIPM	no	no	194.0	1	1	10	5	weak
LITAF	no	no	377.0	5	3	10	5	weak
LMO7	no	no	168.0	8	6	12	5	weak
LNX1	no	no	206.0	10	8	13	6	weak
LNX2	no	no	138.0	8	7	11	5	weak
LOX	no	no	365.0	11	8	13	4	weak
LOXHD1	no	no	180.0	9	7	14	5	weak
LOXL1	no	no	287.0	12	8	11	4	weak
LOXL3	no	no	249.0	10	8	12	5	weak
LPXN	no	no	186.0	9	8	11	2	weak
LRATD2	no	no	189.0	1	0	10	4	weak
LRCOL1	no	no	37.0	0	0	10	3	weak
LRRC37A3	no	no	73.0	1	0	14	4	weak
LRRC3B	no	no	149.0	2	0	10	5	weak
LRRC57	no	no	100.0	2	0	10	3	weak
LRRC69	no	no	50.0	0	0	10	5	weak
LRRIQ3	no	no	93.0	0	0	10	5	weak
LSM4	no	no	307.0	0	0	10	2	weak
LTAP1	no	no	131.0	1	0	10	4	weak
LTBP1	no	no	274.0	18	17	15	5	weak
LTF	no	no	358.0	10	6	12	5	weak
LY6G5B	no	no	139.0	6	5	12	4	weak
LY6G5C	no	no	136.0	4	2	13	4	weak
LYG1	no	no	95.0	2	0	12	4	weak
LYN	no	no	308.0	26	19	13	5	weak
LYSMD2	no	no	109.0	2	1	11	2	weak
LYSMD4	no	no	78.0	1	0	10	5	weak
MACF1	no	no	242.0	12	9	10	5	weak
MAGEA10	no	no	160.0	3	3	12	3	weak
MAGI3	no	no	233.0	13	12	14	5	supportive_but_indirect
MAMDC2	no	no	188.0	3	2	13	5	weak
MAMDC4	no	no	205.0	6	5	15	6	weak
MAN2B2	no	no	221.0	1	1	11	5	weak
MANSC1	no	no	111.0	0	0	10	6	weak
MAPT	no	no	339.0	17	14	12	5	weak
MARCHF10	no	no	124.0	5	4	11	4	weak
MARK2	no	no	266.0	15	14	14	5	weak
MASP1	no	no	286.0	16	11	12	5	weak
MASP2	no	no	284.0	15	13	13	5	weak
MBL2	no	no	353.0	7	7	13	4	weak
MBLAC2	no	no	103.0	1	1	10	5	weak
MBP	no	no	351.0	10	9	11	4	weak
MCC	no	no	348.0	0	0	10	5	weak
MCTP1	no	no	162.0	9	7	11	5	weak
MCTS2	no	no	130.0	0	0	10	4	weak
MDFIC	no	no	305.0	2	1	10	2	weak
MEGF6	no	no	181.0	5	3	11	5	weak
MEST	no	no	267.0	5	5	11	3	weak
METRN	no	no	145.0	9	6	11	4	weak
METRNL	no	no	204.0	14	14	13	5	weak
METTL9	no	no	212.0	2	2	9	4	weak
MFAP3	no	no	112.0	1	0	10	6	weak
MFAP4	no	no	242.0	10	9	14	5	weak
MFAP5	no	no	271.0	11	11	14	5	weak
MFSD11	no	no	385.0	1	0	11	5	weak
MGRN1	no	no	146.0	15	14	10	2	weak
MIEN1	no	no	265.0	11	9	10	4	weak
MIF	no	no	348.0	15	13	14	5	weak
MIGA1	no	no	195.0	1	0	11	5	weak
MIGA2	no	no	158.0	6	4	11	5	weak
MLF2	no	no	216.0	0	0	10	5	weak
MLIP	no	no	339.0	0	0	11	4	weak
MMD	no	no	314.0	4	4	13	4	weak
MMP26	no	no	206.0	12	11	14	3	weak
MMP27	no	no	182.0	5	4	10	4	weak
MOXD1	no	no	292.0	2	2	11	5	weak
MPDZ	no	no	230.0	16	14	15	5	weak
MPP3	no	no	242.0	10	3	13	5	weak
MPP7	no	no	229.0	6	6	13	5	weak
MPPED1	no	no	120.0	0	0	10	2	weak
MREG	no	no	233.0	4	3	10	4	weak
MS4A15	no	no	92.0	3	2	11	6	weak
MSMB	no	no	342.0	3	0	13	4	weak
MSMP	no	no	305.0	6	5	14	4	weak
MSN	no	no	347.0	17	13	15	5	weak
MTCL1	no	no	160.0	0	0	10	5	weak
MTMR6	no	no	151.0	7	3	11	2	weak
MTUS1	no	no	339.0	3	1	12	5	weak
MYADML2	no	no	56.0	1	1	10	5	weak
MYLK	no	no	310.0	20	15	11	5	weak
MYO1C	no	no	294.0	16	13	11	5	weak
MYO1G	no	no	289.0	10	9	13	5	weak
MYZAP	no	no	228.0	9	8	12	6	weak
NAAA	no	no	361.0	1	0	12	5	weak
NAPEPLD	no	no	259.0	20	17	10	3	weak
NBL1	no	no	345.0	0	0	11	5	weak
NCEH1	no	no	201.0	9	9	11	4	weak
NCKAP1L	no	no	199.0	10	10	9	5	weak
NCOA4	no	no	310.0	3	1	13	2	weak
NDC1	no	no	236.0	11	10	13	4	weak
NDFIP1	no	no	199.0	17	14	10	6	weak
NDRG2	no	no	220.0	4	2	11	2	weak
NECAB2	no	no	174.0	3	3	10	2	weak
NELL2	no	no	237.0	18	16	16	5	weak
NENF	no	no	230.0	7	6	13	3	weak
NET1	no	no	233.0	5	5	11	2	weak
NHERF1	no	no	186.0	23	21	15	5	weak
NHERF2	no	no	245.0	15	13	14	5	weak
NHS	no	no	342.0	1	1	12	5	weak
NHSL2	no	no	99.0	1	0	10	5	weak
NHSL3	no	no	126.0	1	1	10	5	weak
NID2	no	no	228.0	12	10	14	5	weak
NIPAL1	no	no	110.0	2	1	12	6	weak
NIPAL2	no	no	86.0	3	0	11	6	weak
NIPSNAP1	no	no	166.0	8	7	13	2	weak
NKPD1	no	no	62.0	1	0	10	4	weak
NMRK2	no	no	206.0	1	1	9	5	weak
NOD1	no	no	292.0	6	6	11	5	weak
NOD2	no	no	340.0	3	2	11	5	weak
NOMO1	no	no	247.0	3	3	10	3	weak
NOMO3	no	no	194.0	5	4	11	3	weak
NOS1	no	no	318.0	14	11	12	5	weak
NOTCH2NLA	no	no	205.0	5	5	14	4	weak
NOTCH2NLB	no	no	56.0	3	3	15	4	weak
NOTCH2NLC	no	no	239.0	1	0	12	4	weak
NOTCH2NLR	no	no	161.0	2	2	13	3	weak
NOTUM	no	no	243.0	14	13	13	3	weak
NOX4	no	no	323.0	24	21	14	6	weak
NPC1	no	no	332.0	22	15	11	6	weak
NPS	no	no	375.0	0	0	11	3	weak
NPTX2	no	no	274.0	14	10	16	4	weak
NRSN1	no	no	316.0	0	0	10	4	weak
NRSN2	no	no	136.0	6	5	15	4	weak
NSDHL	no	no	225.0	6	4	12	4	weak
NTN3	no	no	153.0	4	4	14	4	weak
NTN5	no	no	119.0	1	1	12	5	weak
NUCB2	no	no	307.0	5	5	12	5	weak
NUDCD1	no	no	167.0	1	1	11	3	weak
NUMB	no	no	266.0	15	14	11	5	weak
NUP210	no	no	214.0	16	14	14	6	weak
NUP210L	no	no	110.0	1	0	11	6	weak
NUP62	no	no	359.0	6	6	9	4	weak
NXNL1	no	no	162.0	4	0	15	5	weak
NXNL2	no	no	105.0	4	1	12	5	weak
OCA2	no	no	385.0	8	6	14	6	weak
OCEL1	no	no	81.0	1	0	12	3	weak
OLFML1	no	no	147.0	3	3	13	3	weak
OLFML2A	no	no	150.0	4	2	13	5	weak
OLFML2B	no	no	191.0	2	1	13	5	weak
OOSP2	no	no	74.0	2	1	11	3	weak
OOSP3	no	no	16.0	2	1	11	2	weak
OOSP4A	no	no	2.0	0	0	10	2	weak
OOSP4B	no	no	52.0	0	0	10	2	weak
OTOGL	no	no	138.0	6	4	11	4	weak
OVCH2	no	no	87.0	7	6	12	4	weak
PACSIN2	no	no	239.0	19	17	10	6	weak
PAEP	no	no	370.0	2	2	10	4	weak
PAK6	no	no	220.0	5	5	15	2	weak
PALM	no	no	330.0	6	4	9	5	weak
PALM2AKAP2	no	no	197.0	9	7	15	5	weak
PALMD	no	no	200.0	7	5	10	5	weak
PALS1	no	no	196.0	22	18	14	5	weak
PAMR1	no	no	329.0	0	0	11	5	weak
PAPPA2	no	no	242.0	19	18	14	5	weak
PARD3	no	no	261.0	22	17	14	5	weak
PARD3B	no	no	178.0	7	7	13	5	weak
PARD6A	no	no	234.0	20	15	14	5	weak
PARD6B	no	no	185.0	25	19	14	5	weak
PARD6G	no	no	171.0	9	5	11	5	weak
PATJ	no	no	259.0	22	18	13	5	weak
PBOV1	no	no	140.0	1	1	13	2	weak
PCARE	no	no	263.0	2	2	11	3	weak
PCNX1	no	no	180.0	0	0	10	6	weak
PCNX2	no	no	125.0	1	0	11	6	weak
PCNX3	no	no	103.0	0	0	10	5	weak
PCSK6	no	no	226.0	19	17	14	5	weak
PDAP1	no	no	337.0	3	3	11	3	weak
PDCD5	no	no	194.0	0	0	9	2	weak
PDE4D	no	no	277.0	10	7	11	6	weak
PDE9A	no	no	194.0	9	7	9	6	weak
PDGFA	no	no	347.0	16	13	13	6	weak
PDGFB	no	no	354.0	9	9	16	6	weak
PDGFD	no	no	283.0	12	10	16	5	weak
PDZD11	no	no	130.0	10	9	12	5	weak
PDZD7	no	no	147.0	13	10	13	2	weak
PDZD9	no	no	54.0	0	0	10	4	weak
PEPD	no	no	241.0	10	9	12	2	weak
PEX5	no	no	226.0	4	1	11	2	weak
PFKP	no	no	292.0	2	2	11	2	weak
PGCKA1	no	no	82.0	1	0	11	3	weak
PGK1	no	no	327.0	9	6	13	5	weak
PGLYRP4	no	no	155.0	5	3	11	5	weak
PHACTR2	no	no	164.0	0	0	11	5	weak
PHLPP1	no	no	266.0	7	4	11	2	weak
PI15	no	no	229.0	1	0	13	4	weak
PI4K2A	no	no	191.0	24	23	12	4	weak
PIGT	no	no	169.0	21	21	11	5	weak
PIK3AP1	no	no	230.0	5	4	11	6	weak
PINLYP	no	no	55.0	5	2	13	5	weak
PIP4P1	no	no	135.0	10	10	11	5	weak
PIP5K1A	no	no	191.0	21	19	11	6	weak
PITPNM2	no	no	183.0	9	6	11	5	weak
PJA2	no	no	169.0	7	7	10	5	weak
PKDCC	no	no	201.0	10	9	14	4	weak
PKM	no	no	335.0	14	10	12	5	weak
PKN1	no	no	297.0	5	5	11	5	weak
PKN2	no	no	251.0	3	2	10	5	weak
PKP1	no	no	224.0	19	17	14	5	weak
PKP2	no	no	257.0	18	13	13	5	weak
PKP3	no	no	215.0	19	18	16	5	weak
PKP4	no	no	203.0	22	20	12	5	weak
PLA1A	no	no	218.0	8	7	14	5	weak
PLA2G10	no	no	260.0	21	17	16	4	weak
PLA2G12A	no	no	228.0	4	3	11	4	weak
PLA2G2C	no	no	114.0	2	1	11	4	weak
PLA2G2E	no	no	143.0	6	5	12	4	weak
PLA2G3	no	no	181.0	13	12	13	4	weak
PLA2G4F	no	no	173.0	4	2	12	5	weak
PLA2G6	no	no	288.0	7	6	13	6	conflicting
PLA2G7	no	no	277.0	12	9	14	4	weak
PLAAT3	no	no	201.0	8	5	12	4	weak
PLAC8	no	no	319.0	4	3	10	4	weak
PLAT	no	no	342.0	18	16	15	5	weak
PLBD1	no	no	178.0	2	1	12	5	weak
PLBD2	no	no	275.0	3	1	12	5	weak
PLCD3	no	no	173.0	6	4	12	4	weak
PLCG1	no	no	288.0	18	12	11	5	weak
PLCXD2	no	no	99.0	1	0	10	2	weak
PLD1	no	no	255.0	16	15	11	5	weak
PLD5	no	no	160.0	2	2	11	7	weak
PLEKHA4	no	no	147.0	2	2	12	5	weak
PLEKHN1	no	no	105.0	3	1	10	5	weak
PLEKHO2	no	no	147.0	1	0	10	5	weak
PLGLB1	no	no	202.0	1	0	11	3	weak
PLPP7	no	no	125.0	2	2	11	4	weak
PLSCR3	no	no	150.0	13	9	11	4	weak
PMEL	no	no	363.0	8	7	14	6	weak
PMIS2	no	no	26.0	2	2	14	3	conflicting
PNISR	no	no	191.0	0	0	9	4	weak
PODN	no	no	205.0	5	5	13	5	weak
POMZP3	no	no	181.0	4	3	14	4	weak
POTEA	no	no	103.0	3	0	11	4	weak
POTEB	no	no	89.0	3	2	11	3	weak
POTED	no	no	209.0	5	2	12	3	weak
POTEE	no	no	139.0	7	6	12	4	weak
POTEH	no	no	85.0	6	3	12	4	weak
PPP1R3F	no	no	129.0	1	0	12	5	weak
PPT2	no	no	249.0	4	1	12	5	weak
PRADC1	no	no	94.0	2	2	10	3	weak
PRAF2	no	no	147.0	11	9	11	4	weak
PRAP1	no	no	307.0	6	6	12	3	weak
PRCD	no	no	136.0	10	10	11	3	weak
PRDX2	no	no	352.0	2	2	12	6	weak
PREP	no	no	385.0	0	0	10	2	weak
PRF1	no	no	367.0	4	2	11	5	weak
PRKCA	no	no	299.0	19	13	12	4	weak
PROK2	no	no	271.0	12	9	14	5	weak
PRR15L	no	no	108.0	0	0	10	2	weak
PRR27	no	no	59.0	0	0	10	2	weak
PRR32	no	no	60.0	0	0	10	3	weak
PRSS22	no	no	138.0	7	5	15	4	weak
PRSS23	no	no	220.0	0	0	11	5	weak
PRSS35	no	no	158.0	2	2	16	4	weak
PRSS37	no	no	97.0	5	4	13	4	weak
PRSS53	no	no	179.0	4	4	12	4	weak
PRSS54	no	no	75.0	2	1	13	4	weak
PSAP	no	no	268.0	19	16	13	5	weak
PSD2	no	no	183.0	3	2	12	4	weak
PSEN1	no	no	313.0	10	5	14	6	weak
PSEN2	no	no	333.0	6	6	9	6	weak
PSG11	no	no	127.0	8	7	13	4	weak
PSG4	no	no	152.0	10	8	12	4	weak
PSG5	no	no	298.0	4	4	12	3	weak
PSG8	no	no	193.0	1	1	11	4	weak
PTCHD3	no	no	291.0	0	0	10	6	weak
PTEN	no	no	312.0	7	5	10	4	weak
PTER	no	no	242.0	1	0	10	5	weak
PTGDS	no	no	300.0	17	15	13	4	weak
PTK2B	no	no	322.0	16	14	12	5	weak
PTK6	no	no	207.0	6	5	12	5	weak
PTOV1	no	no	208.0	0	0	10	2	weak
PTPN22	no	no	345.0	4	3	12	5	weak
PTPN4	no	no	285.0	9	9	11	4	weak
PTX3	no	no	310.0	20	15	14	4	weak
PTX4	no	no	217.0	2	0	11	5	weak
PXDC1	no	no	102.0	0	0	10	3	weak
PYCARD	no	no	335.0	8	7	12	2	weak
QPCT	no	no	377.0	3	3	14	5	weak
R3HDML	no	no	83.0	1	0	11	4	weak
RAB13	no	no	225.0	22	20	11	4	weak
RAB22A	no	no	222.0	17	15	10	4	weak
RAB27B	no	no	264.0	21	16	11	4	weak
RALA	no	no	274.0	15	14	12	4	weak
RALBP1	no	no	360.0	1	0	10	3	weak
RALGAPA2	no	no	297.0	1	0	10	5	weak
RAPGEF2	no	no	210.0	15	11	13	5	weak
RASA4B	no	no	71.0	0	0	11	3	weak
RASGRP4	no	no	157.0	3	2	11	5	weak
RASL10B	no	no	148.0	0	0	10	3	weak
RCCD1	no	no	120.0	0	0	10	4	weak
RDX	no	no	286.0	24	14	12	6	weak
RETNLB	no	no	276.0	17	15	12	3	weak
RFPL3	no	no	69.0	1	1	11	5	weak
RFTN2	no	no	102.0	4	3	13	4	weak
RGS14	no	no	200.0	7	6	11	2	weak
RGS19	no	no	212.0	6	5	12	4	weak
RGS7BP	no	no	123.0	12	11	13	4	weak
RGS8	no	no	180.0	4	1	13	5	weak
RHBDL3	no	no	143.0	4	1	13	5	weak
RHOA	no	no	356.0	19	15	12	4	weak
RIGI	no	no	309.0	23	18	11	5	weak
RIMS2	no	no	232.0	15	14	13	5	weak
RIMS4	no	no	180.0	0	0	10	5	weak
RIPK1	no	no	334.0	9	7	10	5	weak
RNASE12	no	no	187.0	1	1	10	4	weak
RNASE13	no	no	133.0	0	0	10	4	weak
RNASE4	no	no	284.0	6	4	12	4	weak
RNF11	no	no	174.0	2	1	10	2	weak
RNF114	no	no	200.0	6	4	10	5	weak
RNF13	no	no	198.0	9	7	12	6	weak
RNF146	no	no	199.0	8	4	10	4	weak
RNF149	no	no	152.0	6	6	16	5	weak
RNF152	no	no	156.0	8	7	14	4	weak
RNF180	no	no	162.0	2	2	14	5	weak
RNF217	no	no	147.0	4	1	13	5	weak
RNF39	no	no	201.0	0	0	10	5	weak
RNFT2	no	no	91.0	2	1	13	6	weak
RP2	no	no	265.0	8	8	14	3	weak
RPLP0	no	no	353.0	0	0	9	4	weak
RPLP2	no	no	340.0	1	0	9	3	weak
RPRM	no	no	202.0	2	2	13	5	weak
RRM2	no	no	350.0	1	1	10	2	weak
RRP12	no	no	174.0	1	1	9	4	weak
RSPO3	no	no	273.0	29	25	14	5	weak
RSPRY1	no	no	93.0	1	1	11	5	weak
RTBDN	no	no	87.0	3	3	14	4	weak
RTL3	no	no	126.0	0	0	10	4	weak
RTL4	no	no	145.0	1	1	12	4	weak
RTL6	no	no	114.0	1	1	12	2	weak
RTL8C	no	no	117.0	1	0	11	3	weak
RTN2	no	no	230.0	6	5	11	5	weak
RTN3	no	no	271.0	14	13	14	5	weak
S100A3	no	no	166.0	6	5	11	5	weak
SAMD10	no	no	53.0	0	0	10	4	weak
SAMD12	no	no	257.0	2	1	11	4	weak
SAPCD1	no	no	114.0	0	0	10	6	weak
SAPCD2	no	no	163.0	0	0	10	2	weak
SART3	no	no	269.0	0	0	9	4	weak
SCG2	no	no	284.0	9	9	16	3	weak
SCPEP1	no	no	331.0	2	2	11	6	weak
SCPPPQ1	no	no	33.0	9	5	13	2	weak
SCRG1	no	no	219.0	4	4	13	3	weak
SCRIB	no	no	254.0	28	26	14	5	weak
SDCBP	no	no	255.0	18	15	12	6	weak
SDIM1	no	no	30.0	1	1	10	2	weak
SELENOF	no	no	225.0	9	7	13	5	weak
SELENOP	no	no	329.0	14	11	13	3	weak
SELENOS	no	no	263.0	11	9	11	3	weak
SEMA3C	no	no	247.0	25	20	13	6	weak
SEMA3E	no	no	228.0	21	18	14	6	weak
SEMA3G	no	no	329.0	1	1	14	5	weak
SERPINB2	no	no	311.0	19	14	13	4	weak
SERPINB5	no	no	257.0	11	11	12	5	weak
SFTA2	no	no	198.0	10	8	14	3	weak
SFTPA2	no	no	326.0	1	0	13	4	weak
SGPL1	no	no	338.0	3	2	11	4	weak
SGSH	no	no	326.0	0	0	11	4	weak
SGSM2	no	no	155.0	3	2	12	3	weak
SH3TC2	no	no	202.0	5	5	10	2	weak
SH3YL1	no	no	364.0	1	1	10	4	weak
SHANK1	no	no	253.0	11	7	12	5	weak
SHANK2	no	no	266.0	11	8	9	5	weak
SHBG	no	no	343.0	1	1	11	6	weak
SHISA2	no	no	181.0	6	4	13	4	weak
SHISA3	no	no	152.0	4	3	11	4	weak
SHISAL1	no	no	93.0	1	0	12	4	weak
SHISAL2A	no	no	68.0	1	0	10	5	weak
SHKBP1	no	no	243.0	0	0	11	5	weak
SHROOM1	no	no	118.0	2	0	11	5	weak
SHROOM2	no	no	178.0	5	5	13	4	weak
SHROOM3	no	no	224.0	11	8	11	5	weak
SIAE	no	no	268.0	7	6	14	4	weak
SIPA1L3	no	no	156.0	2	2	14	4	weak
SIRT2	no	no	308.0	5	3	10	2	weak
SKAP1	no	no	208.0	10	10	10	6	weak
SLC10A3	no	no	334.0	1	0	10	6	weak
SLC10A4	no	no	321.0	7	5	15	4	conflicting
SLC10A7	no	no	318.0	3	2	9	4	weak
SLC11A1	no	no	250.0	8	6	13	6	weak
SLC12A9	no	no	291.0	6	2	12	7	weak
SLC15A3	no	no	205.0	14	13	15	5	weak
SLC15A5	no	no	69.0	2	0	12	5	weak
SLC17A6	no	no	269.0	21	19	14	5	weak
SLC17A7	no	no	288.0	20	17	14	6	weak
SLC18A3	no	no	247.0	26	24	16	5	weak
SLC18B1	no	no	247.0	6	6	12	4	weak
SLC22A10	no	no	108.0	8	4	15	4	weak
SLC24A5	no	no	211.0	11	7	13	6	weak
SLC2A6	no	no	259.0	12	7	13	6	weak
SLC30A6	no	no	156.0	17	14	10	6	weak
SLC33A1	no	no	351.0	5	5	11	5	weak
SLC35F4	no	no	63.0	3	1	11	6	weak
SLC35G1	no	no	366.0	0	0	11	4	weak
SLC35H1	no	no	110.0	4	3	11	5	weak
SLC36A3	no	no	160.0	4	1	12	6	weak
SLC37A2	no	no	145.0	10	9	12	5	weak
SLC37A3	no	no	145.0	4	3	14	5	weak
SLC38A12	no	no	70.0	4	2	14	5	weak
SLC39A13	no	no	168.0	20	17	15	6	weak
SLC45A1	no	no	339.0	6	4	11	4	weak
SLC45A2	no	no	323.0	11	4	14	6	weak
SLC46A3	no	no	146.0	9	7	11	6	weak
SLC60A1	no	no	97.0	3	3	10	5	weak
SLC66A1	no	no	137.0	10	9	13	6	weak
SLC67A2	no	no	60.0	3	0	11	4	weak
SLC6A17	no	no	155.0	8	5	13	5	weak
SLC71A2	no	no	88.0	5	3	11	5	weak
SLC7A14	no	no	214.0	7	6	12	5	weak
SLC8B1	no	no	217.0	18	17	11	4	weak
SLC9D1	no	no	98.0	4	3	13	6	weak
SLIT1	no	no	234.0	12	10	15	5	weak
SLIT2	no	no	264.0	32	28	15	5	weak
SLIT3	no	no	253.0	26	26	17	5	weak
SLURP2	no	no	97.0	12	8	14	2	weak
SMC3	no	no	346.0	0	0	10	4	weak
SMIM21	no	no	48.0	0	0	10	2	weak
SMIM30	no	no	100.0	6	3	11	3	weak
SMIM47	no	no	2.0	0	0	10	3	weak
SMIM48	no	no	9.0	2	0	9	3	weak
SMIM7	no	no	62.0	1	1	12	3	weak
SMLR1	no	no	36.0	1	1	10	2	weak
SMPD2	no	no	264.0	26	22	14	4	weak
SMPD4	no	no	170.0	13	12	10	4	weak
SMPDL3A	no	no	157.0	6	5	14	5	weak
SNAP25	no	no	371.0	8	3	11	6	weak
SNTB2	no	no	211.0	16	16	10	5	weak
SNTG2	no	no	178.0	2	0	11	5	weak
SOCS3	no	no	323.0	15	13	11	4	weak
SOD2	no	no	338.0	7	6	10	2	weak
SORBS1	no	no	363.0	3	3	11	5	weak
SPAAR	no	no	223.0	3	2	14	4	weak
SPACA7	no	no	62.0	6	4	14	2	weak
SPACDR	no	no	55.0	2	1	11	2	weak
SPADH	no	no	81.0	1	0	14	2	weak
SPAG1	no	no	222.0	6	5	10	2	weak
SPAG9	no	no	309.0	0	0	10	2	weak
SPATA12	no	no	127.0	0	0	10	2	weak
SPATA31A3	no	no	24.0	1	0	12	2	weak
SPATA31A7	no	no	113.0	2	0	11	3	weak
SPATA31E1	no	no	45.0	1	1	9	2	weak
SPEF1	no	no	312.0	3	3	12	6	weak
SPG11	no	no	207.0	7	7	10	4	weak
SPHK1	no	no	278.0	18	16	14	5	weak
SPINK14	no	no	32.0	0	0	10	4	weak
SPINK4	no	no	160.0	5	4	12	3	weak
SPINK5	no	no	387.0	2	1	14	5	weak
SPINK6	no	no	131.0	11	10	15	4	weak
SPINK7	no	no	153.0	11	8	12	4	weak
SPINT4	no	no	46.0	3	3	10	3	weak
SPIRE1	no	no	158.0	3	2	9	5	weak
SPNS3	no	no	96.0	5	4	11	6	weak
SPOCK1	no	no	212.0	14	14	15	4	weak
SPOCK3	no	no	189.0	6	4	15	5	weak
SPPL2A	no	no	224.0	14	12	14	5	weak
SPPL3	no	no	202.0	23	21	12	5	weak
SPRR2A	no	no	204.0	12	11	11	2	weak
SPRR2G	no	no	139.0	8	6	10	3	weak
SPRYD3	no	no	80.0	0	0	10	4	weak
SQSTM1	no	no	276.0	11	6	11	2	weak
SRPX	no	no	357.0	0	0	11	5	weak
SSC4D	no	no	119.0	3	1	11	5	weak
SSC5D	no	no	170.0	4	2	13	5	weak
SSR1	no	no	223.0	9	8	11	5	weak
STAMBP	no	no	243.0	10	7	11	6	weak
STAMBPL1	no	no	172.0	4	2	12	5	weak
STBD1	no	no	198.0	7	7	12	3	weak
STOML1	no	no	163.0	9	7	14	5	weak
STRN3	no	no	181.0	9	5	10	5	weak
STX19	no	no	86.0	3	2	11	4	weak
STX1A	no	no	243.0	16	15	14	5	weak
SUCO	no	no	358.0	3	3	10	5	weak
SUMF1	no	no	237.0	8	6	13	5	weak
SUN5	no	no	163.0	11	9	13	5	weak
SV2B	no	no	205.0	22	19	14	6	weak
SV2C	no	no	200.0	0	0	10	5	weak
SVIL	no	no	219.0	15	13	12	5	weak
SYCP1	no	no	285.0	4	2	9	3	weak
SYDE2	no	no	134.0	1	0	10	5	weak
SYK	no	no	304.0	19	16	13	5	weak
SYNC	no	no	282.0	4	0	9	5	weak
SYNDIG1L	no	no	113.0	5	2	12	4	weak
SYNE2	no	no	344.0	14	9	14	5	weak
SYNJ2BP	no	no	214.0	10	6	11	2	weak
SYPL1	no	no	201.0	11	9	12	6	weak
SYPL2	no	no	168.0	6	3	14	5	weak
SYT11	no	no	181.0	8	8	13	4	weak
SYT12	no	no	163.0	2	2	13	3	weak
SYT14	no	no	127.0	3	3	12	5	weak
SYT6	no	no	176.0	8	5	14	5	weak
TBC1D10A	no	no	160.0	10	10	11	5	weak
TBC1D3D	no	no	114.0	3	3	10	2	weak
TBC1D3E	no	no	46.0	2	1	10	3	weak
TBC1D3K	no	no	139.0	0	0	10	3	weak
TBC1D8	no	no	261.0	0	0	11	5	weak
TBC1D9B	no	no	119.0	5	5	11	5	weak
TCP11X1	no	no	5.0	0	0	10	2	weak
TEX36	no	no	55.0	0	0	10	3	weak
TF	no	no	380.0	10	7	12	4	weak
THNSL2	no	no	205.0	1	0	13	5	weak
TJP1	no	no	363.0	29	19	12	5	weak
TK1	no	no	260.0	3	3	12	2	weak
TLL2	no	no	177.0	4	2	12	4	weak
TLN1	no	no	268.0	23	21	14	5	weak
TM2D3	no	no	142.0	3	3	11	5	conflicting
TM6SF1	no	no	140.0	0	0	10	6	weak
TM9SF3	no	no	174.0	11	8	10	5	weak
TM9SF4	no	no	138.0	13	11	14	5	weak
TMBIM1	no	no	168.0	10	7	10	4	weak
TMCO5A	no	no	67.0	2	1	11	5	weak
TMED7	no	no	355.0	7	6	14	6	weak
TMED8	no	no	96.0	2	0	10	4	weak
TMEM102	no	no	205.0	1	1	10	5	weak
TMEM116	no	no	100.0	4	3	12	6	weak
TMEM121B	no	no	84.0	0	0	10	5	weak
TMEM125	no	no	103.0	0	0	10	3	weak
TMEM127	no	no	184.0	11	11	12	2	weak
TMEM134	no	no	70.0	4	4	12	4	weak
TMEM141	no	no	76.0	0	0	10	4	weak
TMEM151A	no	no	85.0	3	2	10	4	weak
TMEM151B	no	no	74.0	1	0	10	5	weak
TMEM161A	no	no	105.0	3	2	12	6	weak
TMEM164	no	no	124.0	8	5	12	5	weak
TMEM165	no	no	186.0	17	16	12	4	weak
TMEM17	no	no	134.0	5	5	12	4	weak
TMEM171	no	no	234.0	0	0	10	5	weak
TMEM178A	no	no	107.0	4	4	10	6	weak
TMEM178B	no	no	91.0	1	1	12	5	weak
TMEM183A	no	no	92.0	3	0	10	4	weak
TMEM184B	no	no	119.0	7	6	13	4	weak
TMEM184C	no	no	105.0	5	0	11	5	weak
TMEM187	no	no	83.0	2	0	11	2	weak
TMEM207	no	no	82.0	5	4	11	3	weak
TMEM213	no	no	86.0	3	2	10	5	weak
TMEM217B	no	no	1.0	0	0	10	3	weak
TMEM222	no	no	87.0	3	1	11	4	weak
TMEM225	no	no	39.0	3	1	12	4	weak
TMEM225B	no	no	34.0	0	0	10	2	weak
TMEM230	no	no	142.0	8	7	10	4	weak
TMEM231	no	no	159.0	11	9	15	5	weak
TMEM232	no	no	108.0	1	0	10	4	weak
TMEM235	no	no	51.0	2	0	12	6	weak
TMEM238	no	no	62.0	0	0	10	3	weak
TMEM244	no	no	42.0	1	0	10	3	weak
TMEM245	no	no	254.0	1	1	9	5	weak
TMEM252	no	no	91.0	1	0	11	3	weak
TMEM254	no	no	90.0	1	0	10	4	weak
TMEM255B	no	no	86.0	1	0	10	4	weak
TMEM256	no	no	146.0	1	0	10	4	weak
TMEM35B	no	no	40.0	1	0	10	4	weak
TMEM37	no	no	360.0	0	0	10	4	weak
TMEM42	no	no	64.0	0	0	10	3	weak
TMEM44	no	no	115.0	2	1	11	5	weak
TMEM50A	no	no	182.0	3	0	12	4	weak
TMEM59L	no	no	198.0	3	3	9	4	weak
TMEM61	no	no	65.0	1	0	11	2	weak
TMEM65	no	no	144.0	10	9	12	4	weak
TMEM79	no	no	279.0	3	2	10	4	weak
TMEM86A	no	no	95.0	3	3	10	4	weak
TMEM86B	no	no	84.0	2	2	12	5	weak
TMEM87B	no	no	110.0	4	3	11	6	weak
TMEM9	no	no	156.0	10	9	12	5	weak
TMEM91	no	no	118.0	1	0	10	5	weak
TMEM9B	no	no	105.0	8	7	14	6	weak
TMTC2	no	no	146.0	7	4	14	4	weak
TMUB1	no	no	277.0	8	8	10	3	weak
TMX4	no	no	136.0	12	10	10	5	weak
TNFAIP8	no	no	187.0	5	4	12	2	weak
TNK2	no	no	276.0	5	4	11	5	weak
TOMM40	no	no		13	12	13	5	weak
TP53I11	no	no	182.0	1	0	11	4	weak
TPCN1	no	no	256.0	23	19	11	7	weak
TPTE2	no	no	190.0	8	4	11	4	weak
TRAPPC14	no	no	113.0	0	0	10	4	weak
TRDN	no	no	242.0	9	7	12	4	weak
TSGA13	no	no	60.0	0	0	10	3	weak
TSPO	no	no	341.0	3	2	11	2	weak
TTC17	no	no	121.0	1	1	10	4	weak
TTC7B	no	no	132.0	9	8	10	5	weak
TTLL12	no	no	154.0	5	2	12	4	weak
TXNDC11	no	no	141.0	4	3	11	5	weak
TXNDC15	no	no	277.0	3	3	13	5	weak
UBAC1	no	no	184.0	0	0	10	5	weak
UBAC2	no	no	169.0	6	4	12	6	weak
UBALD1	no	no	71.0	0	0	10	5	weak
UGT8	no	no	277.0	3	3	12	6	weak
UNC79	no	no	139.0	15	13	11	4	weak
UNC93B1	no	no	186.0	15	10	12	5	weak
USP12	no	no	165.0	2	2	9	3	weak
USP14	no	no	332.0	5	4	10	5	weak
USP53	no	no	191.0	4	0	12	4	weak
USP6NL	no	no	177.0	3	3	12	5	weak
UTRN	no	no	349.0	5	5	15	5	weak
UTS2B	no	no	243.0	0	0	11	2	weak
VAMP2	no	no	294.0	31	22	14	4	weak
VAMP4	no	no	296.0	9	9	11	5	weak
VASH1	no	no	207.0	11	11	13	5	weak
VDAC2	no	no	241.0	21	16	12	2	weak
VEZT	no	no	163.0	11	11	15	4	weak
VMO1	no	no	130.0	4	4	12	4	weak
VMP1	no	no	215.0	12	8	11	5	weak
VOPP1	no	no	234.0	3	3	13	4	weak
VSNL1	no	no	235.0	6	6	12	4	weak
VSTM2A	no	no	128.0	6	4	15	5	weak
VSTM2L	no	no	109.0	4	3	14	5	weak
VTN	no	no	340.0	9	5	14	4	weak
VWA7	no	no	142.0	0	0	11	4	weak
VWC2L	no	no	168.0	1	1	12	5	weak
WASF2	no	no	247.0	17	15	12	5	weak
WDR53	no	no	74.0	0	0	10	3	weak
WDR86	no	no	90.0	0	0	10	5	weak
WFDC1	no	no	227.0	8	4	15	3	weak
WFDC5	no	no	149.0	4	2	10	5	weak
WFDC8	no	no	62.0	5	5	11	3	weak
WFS1	no	no	234.0	10	7	9	3	weak
WNT1	no	no	304.0	13	7	18	4	weak
WNT2B	no	no	252.0	18	17	15	5	weak
WNT3	no	no	281.0	21	16	16	4	weak
WNT4	no	no	292.0	15	9	13	5	weak
WNT5A	no	no	312.0	28	21	16	5	weak
WWOX	no	no	220.0	6	4	12	2	weak
XDH	no	no	305.0	7	5	15	2	weak
XKRX	no	no	136.0	7	7	11	5	supportive_but_indirect
XRCC5	no	no	298.0	7	4	11	5	weak
YIPF4	no	no	107.0	5	5	10	4	weak
YTHDC1	no	no	275.0	10	9	11	5	weak
YWHAB	no	no	292.0	5	5	12	2	weak
ZBED3	no	no	169.0	2	0	11	4	weak
ZBED8L	no	no	49.0	0	0	10	4	weak
ZFYVE27	no	no	177.0	12	10	12	6	weak
ZG16	no	no	192.0	12	12	12	3	weak
ZGPAT	no	no	323.0	0	0	10	5	weak
ZMYND10	no	no	335.0	3	1	10	5	weak
ZNF185	no	no	216.0	5	5	12	4	weak
ZNF474	no	no	64.0	0	0	10	4	weak
ZNG1C	no	no	55.0	0	0	10	4	weak
ZNG1E	no	no	101.0	0	0	10	4	weak
ZNRF2	no	no	124.0	7	6	11	4	weak
A2ML1	low	surface_yes	271.0	2	0	16	4	weak
AADACL2	uncertain	surface_yes	84.0	1	1	13	4	weak
AADACL3	low	surface_yes	68.0	0	0	11	3	weak
AAMP	canonical	surface_yes	151.0	9	9	18	4	direct_single_method
ABCA1	canonical	surface_yes	316.0	31	22	19	5	direct_multi_method
ABCA10	low	surface_yes	145.0	6	4	12	4	weak
ABCA13	low	surface_yes	239.0	3	1	15	6	weak
ABCA2	likely	surface_yes	253.0	26	14	17	6	direct_single_method
ABCA3	low	surface_yes	260.0	20	12	13	6	conflicting
ABCA4	likely	surface_yes	306.0	11	9	16	5	direct_single_method
ABCA6	low	surface_yes	181.0	8	7	16	6	supportive_but_indirect
ABCA7	canonical	surface_yes	250.0	13	12	16	6	direct_multi_method
ABCA8	canonical	surface_yes	253.0	15	12	16	6	supportive_but_indirect
ABCB1	canonical	surface_yes	333.0	33	26	20	5	direct_multi_method
ABCB11	likely	surface_yes	243.0	22	21	18	5	direct_multi_method
ABCB4	likely	surface_yes	255.0	24	23	18	6	direct_multi_method
ABCB5	low	surface_yes	330.0	24	16	18	6	conflicting
ABCB6	likely	surface_yes	337.0	6	4	15	6	supportive_but_indirect
ABCC1	canonical	surface_yes	307.0	33	28	17	6	direct_multi_method
ABCC10	canonical	surface_yes	208.0	24	18	20	6	direct_multi_method
ABCC11	canonical	surface_yes	337.0	7	5	17	4	supportive_but_indirect
ABCC2	likely	surface_yes	290.0	37	32	18	5	direct_single_method
ABCC3	canonical	surface_yes	223.0	31	27	17	6	supportive_but_indirect
ABCC4	canonical	surface_yes	262.0	36	30	19	6	direct_single_method
ABCC5	canonical	surface_yes	238.0	26	23	18	6	direct_multi_method
ABCC6	likely	surface_yes	298.0	16	13	16	5	supportive_but_indirect
ABCC8	canonical	surface_yes	322.0	20	18	16	5	supportive_but_indirect
ABCC9	canonical	surface_yes	274.0	27	22	19	6	direct_multi_method
ABCG1	likely	surface_yes	284.0	25	17	19	6	direct_single_method
ABCG2	canonical	surface_yes	310.0	36	32	18	6	direct_multi_method
ABCG4	likely	surface_yes	278.0	19	17	20	7	supportive_but_indirect
ABCG5	likely	surface_yes	266.0	16	13	17	7	supportive_but_indirect
ABCG8	likely	surface_yes	247.0	24	20	16	6	supportive_but_indirect
ABHD2	likely	surface_yes	203.0	8	6	17	4	supportive_but_indirect
ABHD6	low	surface_yes	210.0	13	9	15	4	weak
ACE	canonical	surface_yes	352.0	15	13	19	6	direct_multi_method
ACE2	canonical	surface_yes	350.0	38	32	22	7	direct_multi_method
ACHE	likely	surface_yes	395.0	5	5	21	7	direct_multi_method
ACKR1	canonical	surface_yes	290.0	27	24	18	5	direct_multi_method
ACKR2	likely	surface_yes	289.0	23	19	20	5	direct_multi_method
ACKR3	canonical	surface_yes	256.0	37	32	18	5	direct_multi_method
ACKR4	canonical	surface_yes	243.0	22	21	18	5	direct_multi_method
ACKR5	canonical	surface_yes	282.0	13	12	17	6	direct_single_method
ACP2	low	surface_yes	296.0	9	8	15	7	supportive_but_indirect
ACP3	likely	surface_yes	338.0	9	9	17	6	direct_multi_method
ACP4	likely	surface_yes	160.0	6	6	18	7	supportive_but_indirect
ACR	low	surface_yes	350.0	1	0	16	3	weak
ACRBP	likely	surface_yes	196.0	15	13	18	4	direct_multi_method
ACRV1	likely	surface_yes	251.0	7	7	16	5	direct_single_method
ACVR1	canonical	surface_yes	279.0	23	20	19	5	direct_multi_method
ACVR1B	canonical	surface_yes	246.0	29	25	20	6	direct_single_method
ACVR1C	canonical	surface_yes	240.0	24	21	19	6	direct_single_method
ACVR2A	canonical	surface_yes	254.0	26	25	18	6	direct_multi_method
ACVR2B	canonical	surface_yes	257.0	30	26	15	5	direct_multi_method
ACVRL1	canonical	surface_yes	266.0	26	24	20	5	direct_multi_method
ADA	likely	surface_yes	324.0	12	10	18	4	direct_multi_method
ADAM10	canonical	surface_yes	295.0	22	20	23	6	direct_multi_method
ADAM11	likely	surface_yes	278.0	7	4	18	6	supportive_but_indirect
ADAM12	canonical	surface_yes	251.0	23	19	19	6	direct_multi_method
ADAM15	canonical	surface_yes	251.0	26	19	21	6	direct_multi_method
ADAM17	canonical	surface_yes	280.0	39	35	19	6	direct_multi_method
ADAM18	low	surface_yes	109.0	4	3	16	6	weak
ADAM19	canonical	surface_yes	243.0	17	17	17	5	direct_multi_method
ADAM2	likely	surface_yes	235.0	16	14	19	6	direct_multi_method
ADAM20	low	surface_yes	108.0	5	3	13	4	weak
ADAM21	likely	surface_yes	137.0	6	5	13	5	weak
ADAM22	canonical	surface_yes	198.0	25	24	22	6	direct_single_method
ADAM23	canonical	surface_yes	206.0	19	19	21	6	direct_multi_method
ADAM28	canonical	surface_yes	246.0	19	19	17	6	direct_multi_method
ADAM29	likely	surface_yes	143.0	10	9	15	6	supportive_but_indirect
ADAM30	low	surface_yes	117.0	3	2	12	6	weak
ADAM32	likely	surface_yes	159.0	7	5	16	5	direct_multi_method
ADAM33	likely	surface_yes	196.0	13	8	17	6	weak
ADAM7	likely	surface_yes	192.0	9	6	17	6	supportive_but_indirect
ADAM8	canonical	surface_yes	306.0	7	7	17	6	direct_single_method
ADAM9	canonical	surface_yes	244.0	32	30	17	6	direct_multi_method
ADAMTS10	likely	surface_yes	257.0	13	10	15	5	direct_single_method
ADAMTS12	low	surface_yes	222.0	12	8	16	5	weak
ADAMTS16	canonical	surface_yes	194.0	9	8	16	5	supportive_but_indirect
ADAMTS17	low	surface_yes	217.0	8	7	20	5	weak
ADAMTS5	canonical	surface_yes	320.0	14	12	16	4	weak
ADAMTS8	low	surface_yes	213.0	10	8	17	4	weak
ADAMTS9	likely	surface_yes	251.0	17	16	16	5	supportive_but_indirect
ADCY1	canonical	surface_yes	321.0	5	3	14	4	weak
ADCY2	likely	surface_yes	285.0	2	1	13	6	supportive_but_indirect
ADCY3	likely	surface_yes	246.0	20	17	17	6	supportive_but_indirect
ADCY4	likely	surface_yes	259.0	7	1	16	5	weak
ADCY5	canonical	surface_yes	252.0	18	16	19	6	supportive_but_indirect
ADCY6	canonical	surface_yes	235.0	18	15	18	6	supportive_but_indirect
ADCY7	canonical	surface_yes	224.0	7	7	18	5	supportive_but_indirect
ADCY8	likely	surface_yes	231.0	16	14	19	4	supportive_but_indirect
ADCY9	canonical	surface_yes	257.0	11	10	13	5	supportive_but_indirect
ADCYAP1R1	canonical	surface_yes	263.0	20	15	17	6	direct_multi_method
ADGRA1	likely	surface_yes	137.0	12	6	16	5	direct_single_method
ADGRA2	canonical	surface_yes	194.0	21	19	21	5	direct_multi_method
ADGRA3	canonical	surface_yes	168.0	16	10	19	5	direct_multi_method
ADGRB1	canonical	surface_yes	227.0	28	25	22	4	direct_multi_method
ADGRB2	likely	surface_yes	177.0	16	12	19	5	direct_multi_method
ADGRB3	canonical	surface_yes	198.0	25	22	19	5	direct_multi_method
ADGRD1	canonical	surface_yes	173.0	22	18	20	5	direct_multi_method
ADGRD2	likely	surface_yes	112.0	5	0	14	3	weak
ADGRE1	canonical	surface_yes	288.0	8	5	15	5	direct_single_method
ADGRE2	canonical	surface_yes	226.0	29	26	22	4	direct_multi_method
ADGRE3	canonical	surface_yes	137.0	5	4	16	4	direct_multi_method
ADGRE5	canonical	surface_yes	218.0	34	31	20	5	direct_multi_method
ADGRF1	canonical	surface_yes	297.0	19	15	19	5	direct_multi_method
ADGRF3	likely	surface_yes	91.0	7	4	14	5	weak
ADGRF4	low	surface_yes	133.0	11	8	18	4	conflicting
ADGRF5	canonical	surface_yes	189.0	24	20	21	5	direct_multi_method
ADGRG1	canonical	surface_yes	226.0	42	39	22	5	direct_multi_method
ADGRG2	likely	surface_yes	199.0	25	22	20	5	direct_multi_method
ADGRG3	canonical	surface_yes	186.0	13	9	16	4	direct_multi_method
ADGRG4	canonical	surface_yes	125.0	12	6	18	5	supportive_but_indirect
ADGRG5	canonical	surface_yes	140.0	10	5	14	4	weak
ADGRG6	canonical	surface_yes	226.0	22	19	17	5	direct_multi_method
ADGRG7	low	surface_yes	142.0	8	3	15	4	weak
ADGRL1	canonical	surface_yes	271.0	20	19	19	5	direct_multi_method
ADGRL2	canonical	surface_yes	291.0	22	21	20	5	direct_multi_method
ADGRL3	canonical	surface_yes	244.0	19	17	21	5	direct_multi_method
ADGRL4	canonical	surface_yes	238.0	20	18	20	4	direct_multi_method
ADGRV1	likely	surface_yes	240.0	19	13	19	5	supportive_but_indirect
ADIPOR1	canonical	surface_yes	259.0	28	23	18	4	direct_multi_method
ADIPOR2	canonical	surface_yes	258.0	31	27	18	4	direct_multi_method
ADORA1	canonical	surface_yes	282.0	24	16	18	6	direct_single_method
ADORA2A	canonical	surface_yes	272.0	39	33	19	5	direct_multi_method
ADORA2B	canonical	surface_yes	266.0	29	22	18	5	direct_multi_method
ADORA3	canonical	surface_yes	254.0	27	24	19	4	direct_multi_method
ADRA1A	canonical	surface_yes	252.0	29	23	15	6	direct_multi_method
ADRA1B	canonical	surface_yes	247.0	25	22	17	5	direct_multi_method
ADRA1D	canonical	surface_yes	339.0	15	11	18	5	supportive_but_indirect
ADRA2A	canonical	surface_yes	256.0	21	19	17	5	direct_multi_method
ADRA2B	canonical	surface_yes	267.0	14	9	17	5	direct_multi_method
ADRA2C	likely	surface_yes	255.0	13	10	20	5	direct_single_method
ADRB1	canonical	surface_yes	289.0	25	25	19	5	direct_multi_method
ADRB2	canonical	surface_yes	385.0	7	7	16	5	direct_multi_method
ADRB3	canonical	surface_yes	241.0	21	17	19	5	direct_multi_method
ADTRP	likely	surface_yes	142.0	4	0	16	5	supportive_but_indirect
AGER	canonical	surface_yes	272.0	33	28	20	6	direct_multi_method
AGK	low	surface_yes	224.0	2	2	12	2	weak
AGPAT1	low	surface_yes	268.0	2	2	14	4	conflicting
AGR2	likely	surface_yes	259.0	23	19	16	5	direct_single_method
AGRN	canonical	surface_yes	266.0	25	20	20	5	direct_multi_method
AGTR1	canonical	surface_yes	292.0	39	37	17	4	direct_multi_method
AGTR2	canonical	surface_yes	329.0	18	16	16	5	direct_single_method
AGTRAP	low	surface_yes	242.0	13	10	18	5	supportive_but_indirect
AHNAK	likely	surface_yes	261.0	11	9	17	5	supportive_but_indirect
AHNAK2	likely	surface_yes	212.0	5	3	20	4	direct_single_method
AIMP1	low	surface_yes	263.0	15	13	17	4	weak
AJAP1	canonical	surface_yes	185.0	15	15	20	4	direct_single_method
AKAP4	low	surface_yes	351.0	4	4	14	5	weak
ALCAM	canonical	surface_yes	251.0	38	33	21	7	direct_multi_method
ALK	canonical	surface_yes	338.0	6	5	19	5	direct_multi_method
ALPG	canonical	surface_yes	236.0	18	17	19	5	direct_multi_method
ALPI	likely	surface_yes	327.0	18	11	21	5	direct_single_method
ALPL	canonical	surface_yes	293.0	30	24	21	7	direct_multi_method
ALPP	canonical	surface_yes	373.0	12	7	18	5	direct_multi_method
AMFR	likely	surface_yes	265.0	19	15	18	4	direct_multi_method
AMHR2	likely	surface_yes	222.0	32	30	20	6	direct_multi_method
AMIGO1	likely	surface_yes	252.0	13	11	18	6	direct_multi_method
AMIGO2	canonical	surface_yes	247.0	20	18	18	6	direct_single_method
AMIGO3	canonical	surface_yes	185.0	9	6	18	6	direct_single_method
AMN	likely	surface_yes	250.0	16	13	20	4	direct_single_method
AMOT	low	surface_yes	248.0	20	18	19	5	direct_single_method
AMPD2	likely	surface_yes		1	1	14	6	direct_single_method
ANG	low	surface_yes	360.0	7	7	16	3	weak
ANGPTL2	low	surface_yes	312.0	14	12	15	5	weak
ANGPTL4	low	surface_yes	303.0	32	27	19	5	weak
ANKEF1	low	surface_yes	97.0	1	1	14	3	weak
ANKH	canonical	surface_yes	284.0	10	10	13	5	supportive_but_indirect
ANKRD24	low	surface_yes	81.0	2	1	14	5	weak
ANKRD26	low	surface_yes	210.0	8	8	16	2	weak
ANO1	canonical	surface_yes	280.0	40	31	20	7	direct_multi_method
ANO10	low	surface_yes	225.0	13	11	12	6	weak
ANO2	likely	surface_yes	197.0	23	19	17	7	direct_multi_method
ANO3	likely	surface_yes	196.0	8	7	12	7	direct_multi_method
ANO4	likely	surface_yes	155.0	10	8	15	6	direct_multi_method
ANO5	low	surface_yes	212.0	17	13	15	6	direct_multi_method
ANO6	canonical	surface_yes	263.0	37	34	18	7	direct_multi_method
ANO7	likely	surface_yes	210.0	16	13	17	6	direct_multi_method
ANO8	low	surface_yes	144.0	9	7	15	5	conflicting
ANO9	low	surface_yes	174.0	13	13	16	7	conflicting
ANOS1	canonical	surface_yes	268.0	5	3	19	2	supportive_but_indirect
ANPEP	canonical	surface_yes	285.0	29	24	19	5	direct_multi_method
ANTXR1	canonical	surface_yes	304.0	27	23	16	6	direct_multi_method
ANTXR2	canonical	surface_yes	304.0	20	15	17	6	direct_multi_method
ANTXRL	low	surface_yes	61.0	2	0	11	4	weak
ANXA1	likely	surface_yes	316.0	23	20	19	4	direct_multi_method
ANXA13	likely	surface_yes	329.0	11	8	17	5	direct_single_method
ANXA2	likely	surface_yes	300.0	33	29	17	5	direct_multi_method
ANXA2R	likely	surface_yes	157.0	14	14	15	2	direct_single_method
ANXA3	low	surface_yes	266.0	16	14	16	4	weak
ANXA4	low	surface_yes	282.0	9	7	16	5	weak
ANXA5	likely	surface_yes	343.0	11	8	15	4	supportive_but_indirect
ANXA6	likely	surface_yes	322.0	15	11	16	5	direct_single_method
ANXA8	likely	surface_yes	192.0	10	8	18	4	direct_single_method
ANXA9	low	surface_yes	186.0	9	7	15	4	conflicting
AOC1	low	surface_yes	318.0	6	5	20	5	weak
AOC2	likely	surface_yes	304.0	0	0	13	6	weak
AOC3	canonical	surface_yes	249.0	26	19	22	7	direct_multi_method
AOPEP	low	surface_yes	373.0	0	0	11	5	weak
APCDD1	canonical	surface_yes	350.0	10	6	15	6	direct_single_method
APCDD1L	low	surface_yes	130.0	1	1	14	4	weak
APCS	low	surface_yes		11	9	15	4	weak
APH1A	low	surface_yes	237.0	16	13	13	6	weak
APLNR	canonical	surface_yes	263.0	29	26	18	5	direct_multi_method
APLP1	likely	surface_yes	213.0	25	22	21	6	supportive_but_indirect
APLP2	canonical	surface_yes	232.0	22	21	20	6	direct_multi_method
APMAP	likely	surface_yes	192.0	17	17	16	4	direct_multi_method
APOBR	low	surface_yes	301.0	1	0	12	3	weak
APOD	likely	surface_yes	292.0	14	13	17	3	direct_single_method
APOE	low	surface_yes	306.0	25	21	16	4	supportive_but_indirect
APOH	canonical	surface_yes	344.0	5	4	16	4	supportive_but_indirect
APOL1	canonical	surface_yes	234.0	19	15	17	4	direct_multi_method
APOLD1	low	surface_yes	291.0	2	2	16	5	weak
APP	canonical	surface_yes	372.0	15	12	21	6	direct_multi_method
AQP1	canonical	surface_yes	376.0	23	19	19	7	direct_multi_method
AQP10	likely	surface_yes	254.0	18	11	16	6	direct_single_method
AQP11	likely	surface_yes	211.0	20	15	17	4	direct_single_method
AQP12B	low	surface_yes	65.0	0	0	12	4	weak
AQP2	likely	surface_yes	284.0	34	29	18	6	supportive_but_indirect
AQP3	canonical	surface_yes	312.0	17	16	16	6	direct_single_method
AQP4	canonical	surface_yes	315.0	34	32	21	7	direct_multi_method
AQP5	canonical	surface_yes	294.0	28	24	18	6	direct_multi_method
AQP6	low	surface_yes	301.0	13	9	17	5	weak
AQP7	canonical	surface_yes	271.0	27	26	19	5	supportive_but_indirect
AQP7B	low	surface_yes	194.0	2	0	12	4	weak
AQP8	likely	surface_yes	247.0	26	23	17	6	direct_multi_method
AQP9	canonical	surface_yes	291.0	27	21	17	6	supportive_but_indirect
AREG	canonical	surface_yes	340.0	25	22	17	5	supportive_but_indirect
ARL6IP5	low	surface_yes	221.0	11	6	14	4	weak
ARMH1	low	surface_yes	297.0	0	0	11	4	weak
ARMH2	low	surface_yes	15.0	0	0	12	3	weak
ARMH4	canonical	surface_yes	187.0	4	4	15	4	direct_single_method
ARSA	low	surface_yes		2	1	16	5	weak
ARSB	low	surface_yes	316.0	3	1	18	5	weak
ARSF	low	surface_yes	281.0	1	1	14	3	weak
ARSH	low	surface_yes	270.0	0	0	11	3	weak
ART1	canonical	surface_yes	231.0	16	12	20	5	direct_multi_method
ART3	likely	surface_yes	226.0	9	7	19	6	direct_multi_method
ART4	likely	surface_yes	336.0	1	1	14	5	supportive_but_indirect
ASAH2	canonical	surface_yes	209.0	17	16	21	4	direct_single_method
ASAH2B	low	surface_yes	93.0	1	1	13	4	weak
ASGR1	canonical	surface_yes	266.0	30	26	21	7	direct_multi_method
ASGR2	canonical	surface_yes	227.0	25	24	22	6	direct_multi_method
ASIC1	canonical	surface_yes	246.0	42	41	20	7	direct_multi_method
ASIC2	canonical	surface_yes	263.0	32	27	19	6	direct_multi_method
ASIC3	canonical	surface_yes	244.0	33	30	19	6	direct_multi_method
ASIC4	low	surface_yes	188.0	12	9	16	7	conflicting
ASIC5	likely	surface_yes	365.0	10	6	19	6	direct_single_method
ASPH	likely	surface_yes	285.0	14	11	15	5	direct_multi_method
ASTL	canonical	surface_yes	179.0	17	15	22	4	direct_multi_method
ASTN1	likely	surface_yes	187.0	7	4	19	6	direct_multi_method
ASTN2	low	surface_yes	215.0	9	6	20	6	weak
ATG9A	low	surface_yes	243.0	32	27	18	7	direct_multi_method
ATP10D	canonical	surface_yes	139.0	8	7	16	5	direct_single_method
ATP11A	canonical	surface_yes	181.0	25	23	18	4	direct_multi_method
ATP11B	low	surface_yes	151.0	17	16	15	4	weak
ATP11C	canonical	surface_yes	175.0	34	30	19	5	direct_multi_method
ATP12A	canonical	surface_yes	335.0	19	15	19	5	direct_multi_method
ATP1A1	canonical	surface_yes	275.0	33	29	20	6	direct_multi_method
ATP1A2	canonical	surface_yes	261.0	30	23	17	5	direct_multi_method
ATP1A3	canonical	surface_yes	281.0	17	15	19	6	direct_multi_method
ATP1A4	likely	surface_yes	170.0	18	16	18	6	direct_multi_method
ATP1B1	canonical	surface_yes	254.0	21	14	17	6	direct_multi_method
ATP1B2	likely	surface_yes	202.0	29	25	20	5	direct_multi_method
ATP1B3	canonical	surface_yes	252.0	16	12	19	6	direct_single_method
ATP2B1	canonical	surface_yes	236.0	32	29	20	5	direct_multi_method
ATP2B2	likely	surface_yes	233.0	29	24	20	6	direct_multi_method
ATP2B3	canonical	surface_yes	244.0	20	13	19	6	direct_multi_method
ATP2B4	canonical	surface_yes	238.0	39	36	17	6	direct_multi_method
ATP2C2	likely	surface_yes	173.0	15	13	19	5	supportive_but_indirect
ATP4A	likely	surface_yes	219.0	25	19	18	4	supportive_but_indirect
ATP4B	likely	surface_yes	202.0	21	18	18	5	direct_single_method
ATP5F1A	low	surface_yes	321.0	10	7	15	2	weak
ATP5F1B	likely	surface_yes	267.0	10	10	17	5	direct_multi_method
ATP5IF1	low	surface_yes	359.0	0	0	12	6	weak
ATP5PF	low	surface_yes	341.0	2	1	14	4	weak
ATP6AP1	low	surface_yes	348.0	8	6	18	3	weak
ATP6AP2	likely	surface_yes	323.0	29	26	19	4	direct_multi_method
ATP6V0A2	likely	surface_yes	302.0	16	12	20	5	direct_multi_method
ATP6V0A4	low	surface_yes	346.0	11	9	15	4	weak
ATP6V0D2	likely	surface_yes	259.0	11	8	17	4	supportive_but_indirect
ATP6V0E2	low	surface_yes	142.0	4	2	16	4	weak
ATP6V1B1	low	surface_yes	204.0	23	16	16	4	supportive_but_indirect
ATP7A	likely	surface_yes	316.0	17	14	18	5	direct_single_method
ATP8A1	low	surface_yes	202.0	16	15	17	5	conflicting
ATP8B1	likely	surface_yes	251.0	19	15	17	4	supportive_but_indirect
ATP8B2	low	surface_yes	142.0	16	12	15	5	supportive_but_indirect
ATP8B4	low	surface_yes	156.0	4	1	14	4	supportive_but_indirect
ATP9A	low	surface_yes	139.0	19	11	14	5	weak
ATRAID	likely	surface_yes	278.0	8	7	19	5	supportive_but_indirect
ATRN	canonical	surface_yes	244.0	12	10	16	6	direct_multi_method
ATRNL1	canonical	surface_yes	338.0	3	3	17	6	supportive_but_indirect
AVPR1A	canonical	surface_yes	251.0	23	17	18	5	direct_single_method
AVPR1B	canonical	surface_yes	211.0	21	16	15	5	direct_multi_method
AVPR2	canonical	surface_yes	288.0	19	13	18	6	direct_multi_method
AXL	canonical	surface_yes	317.0	42	39	18	6	direct_multi_method
AZU1	low	surface_yes	324.0	19	16	16	3	weak
B2M	canonical	surface_yes	339.0	30	29	20	4	direct_multi_method
B4GALT1	likely	surface_yes	276.0	17	15	17	5	direct_single_method
BACE1	likely	surface_yes	301.0	21	18	16	6	direct_multi_method
BACE2	canonical	surface_yes	253.0	22	18	16	6	direct_multi_method
BAMBI	canonical	surface_yes	308.0	20	19	16	5	direct_single_method
BCAM	canonical	surface_yes	335.0	14	12	19	5	direct_multi_method
BCAN	canonical	surface_yes	246.0	25	23	22	6	direct_multi_method
BDKRB1	likely	surface_yes	229.0	27	18	19	5	direct_multi_method
BDKRB2	canonical	surface_yes	267.0	28	25	16	6	direct_multi_method
BEST1	likely	surface_yes	375.0	8	4	19	6	direct_single_method
BEST2	likely	surface_yes	149.0	18	15	17	6	direct_multi_method
BEST3	likely	surface_yes	146.0	12	10	15	6	direct_multi_method
BEST4	likely	surface_yes	171.0	19	18	18	5	direct_multi_method
BGN	canonical	surface_yes	229.0	18	16	16	4	supportive_but_indirect
BMP1	low	surface_yes	330.0	8	6	15	5	supportive_but_indirect
BMPR1A	canonical	surface_yes	256.0	28	24	19	5	direct_multi_method
BMPR1B	canonical	surface_yes	261.0	27	22	16	5	direct_multi_method
BMPR2	canonical	surface_yes	289.0	33	25	18	6	direct_multi_method
BOC	canonical	surface_yes	300.0	24	19	21	6	direct_single_method
BPIFA1	canonical	surface_yes	237.0	25	23	18	5	direct_multi_method
BRI3	low	surface_yes	309.0	0	0	11	4	weak
BRICD5	low	surface_yes	54.0	0	0	11	5	weak
BRS3	canonical	surface_yes	243.0	12	10	14	5	supportive_but_indirect
BSG	canonical	surface_yes	265.0	47	40	21	7	direct_multi_method
BSND	canonical	surface_yes	248.0	13	11	18	3	direct_single_method
BSPH1	likely	surface_yes	175.0	7	4	19	4	supportive_but_indirect
BST1	canonical	surface_yes	250.0	29	26	21	7	direct_multi_method
BST2	canonical	surface_yes	221.0	39	38	18	5	direct_multi_method
BTBD17	low	surface_yes	88.0	0	0	11	4	weak
BTC	canonical	surface_yes	299.0	18	16	21	5	supportive_but_indirect
BTLA	canonical	surface_yes	271.0	33	30	19	5	direct_multi_method
BTN1A1	canonical	surface_yes	339.0	15	11	18	5	direct_multi_method
BTN2A1	canonical	surface_yes	199.0	30	28	21	5	direct_multi_method
BTN2A2	canonical	surface_yes	184.0	18	14	21	6	direct_multi_method
BTN3A1	canonical	surface_yes	204.0	33	25	20	6	direct_multi_method
BTN3A2	canonical	surface_yes	201.0	25	24	18	6	direct_multi_method
BTN3A3	canonical	surface_yes	224.0	22	19	18	6	direct_multi_method
BTNL2	likely	surface_yes	262.0	4	4	20	5	supportive_but_indirect
BTNL3	likely	surface_yes	146.0	14	10	18	6	direct_multi_method
BTNL8	likely	surface_yes	140.0	14	12	19	5	direct_multi_method
BTNL9	likely	surface_yes	184.0	8	3	14	7	weak
C11orf87	low	surface_yes	74.0	1	0	11	4	weak
C14orf180	low	surface_yes	65.0	1	0	13	2	weak
C16orf54	likely	surface_yes	202.0	1	1	13	3	direct_single_method
C17orf58	low	surface_yes	56.0	0	0	12	4	weak
C17orf67	uncertain	surface_yes	63.0	0	0	11	3	weak
C17orf78	uncertain	surface_yes	65.0	0	0	12	4	weak
C18orf54	uncertain	surface_yes	92.0	0	0	11	4	weak
C19orf18	low	surface_yes	34.0	0	0	11	3	weak
C19orf38	low	surface_yes	48.0	0	0	11	4	weak
C1QB	low	surface_yes	317.0	15	13	16	5	weak
C1QBP	likely	surface_yes	253.0	25	18	17	4	direct_multi_method
C1QL2	low	surface_yes	151.0	8	7	17	4	weak
C1QL3	canonical	surface_yes	188.0	13	10	18	6	direct_single_method
C1QTNF1	low	surface_yes	294.0	10	9	17	6	conflicting
C1QTNF4	low	surface_yes	146.0	8	7	16	5	weak
C1QTNF5	likely	surface_yes	264.0	11	8	18	5	supportive_but_indirect
C1orf159	low	surface_yes	64.0	1	1	11	5	weak
C1orf185	uncertain	surface_yes	33.0	0	0	11	2	weak
C1orf210	low	surface_yes	290.0	0	0	11	3	weak
C1orf56	likely	surface_yes		1	1	18	4	direct_single_method
C2orf92	low	surface_yes	135.0	0	0	11	2	weak
C3	canonical	surface_yes	320.0	24	20	19	4	direct_multi_method
C3AR1	canonical	surface_yes	257.0	49	43	17	5	direct_multi_method
C3orf18	likely	surface_yes	254.0	1	1	12	5	supportive_but_indirect
C3orf52	likely	surface_yes	98.0	2	1	14	4	supportive_but_indirect
C3orf80	uncertain	surface_yes	277.0	0	0	11	4	weak
C4B_2	low	surface_yes	300.0	2	2	13	3	weak
C5AR1	canonical	surface_yes	261.0	48	45	18	6	direct_multi_method
C5AR2	canonical	surface_yes	219.0	24	23	16	5	direct_multi_method
C5orf15	low	surface_yes	94.0	2	2	12	4	weak
C6orf58	low	surface_yes	139.0	3	2	15	3	weak
C8B	likely	surface_yes	264.0	10	8	19	4	supportive_but_indirect
C8G	low	surface_yes	234.0	10	8	15	3	weak
C9	likely	surface_yes	335.0	5	5	15	4	supportive_but_indirect
CA10	low	surface_yes	270.0	4	4	20	6	weak
CA11	low	surface_yes	224.0	5	4	18	5	weak
CA12	canonical	surface_yes	260.0	30	24	19	6	direct_multi_method
CA14	canonical	surface_yes	203.0	11	11	16	5	supportive_but_indirect
CA4	canonical	surface_yes	301.0	13	11	18	6	direct_single_method
CA9	canonical	surface_yes	350.0	24	18	18	4	direct_multi_method
CABS1	likely	surface_yes	151.0	5	4	16	3	direct_single_method
CACFD1	likely	surface_yes	335.0	5	4	17	4	supportive_but_indirect
CACHD1	likely	surface_yes	158.0	7	6	20	6	supportive_but_indirect
CACNA1A	canonical	surface_yes	323.0	12	8	18	5	direct_multi_method
CACNA1B	canonical	surface_yes	278.0	20	19	19	5	direct_multi_method
CACNA1C	canonical	surface_yes	324.0	30	23	19	6	direct_multi_method
CACNA1D	canonical	surface_yes	249.0	42	37	20	5	direct_multi_method
CACNA1E	canonical	surface_yes	278.0	19	18	19	5	direct_multi_method
CACNA1F	likely	surface_yes	251.0	17	15	19	5	direct_multi_method
CACNA1G	canonical	surface_yes	255.0	28	23	17	6	direct_multi_method
CACNA1H	canonical	surface_yes	264.0	38	35	20	5	direct_multi_method
CACNA1I	canonical	surface_yes	229.0	26	21	16	6	direct_multi_method
CACNA1S	likely	surface_yes	270.0	29	25	18	4	direct_multi_method
CACNA2D1	canonical	surface_yes	234.0	31	26	23	5	direct_multi_method
CACNA2D2	canonical	surface_yes	215.0	25	20	21	5	supportive_but_indirect
CACNA2D3	canonical	surface_yes	214.0	12	11	20	5	direct_multi_method
CACNA2D4	likely	surface_yes	186.0	11	9	18	5	direct_multi_method
CACNG1	likely	surface_yes	159.0	9	4	15	6	supportive_but_indirect
CACNG2	canonical	surface_yes	208.0	23	21	18	5	direct_multi_method
CACNG3	likely	surface_yes	188.0	6	1	16	5	weak
CACNG4	likely	surface_yes	199.0	13	7	19	5	weak
CACNG5	likely	surface_yes	160.0	8	7	18	5	direct_single_method
CACNG6	likely	surface_yes	170.0	9	3	17	6	supportive_but_indirect
CACNG7	likely	surface_yes	153.0	9	6	18	5	supportive_but_indirect
CACNG8	canonical	surface_yes	189.0	18	14	19	5	supportive_but_indirect
CADM1	canonical	surface_yes	255.0	24	23	21	7	direct_multi_method
CADM2	canonical	surface_yes	217.0	16	15	18	6	direct_multi_method
CADM3	likely	surface_yes	228.0	22	18	19	7	direct_multi_method
CADM4	canonical	surface_yes	181.0	20	19	19	5	direct_multi_method
CALCR	canonical	surface_yes	331.0	9	9	17	6	direct_multi_method
CALCRL	canonical	surface_yes	248.0	35	33	17	5	direct_multi_method
CALHM1	canonical	surface_yes	188.0	19	17	18	5	direct_multi_method
CALHM2	canonical	surface_yes	153.0	10	10	17	6	supportive_but_indirect
CALHM3	likely	surface_yes	95.0	9	6	18	5	direct_multi_method
CALHM4	likely	surface_yes	60.0	4	3	15	6	supportive_but_indirect
CALHM5	low	surface_yes	84.0	3	2	12	5	weak
CALHM6	likely	surface_yes	195.0	7	5	18	6	supportive_but_indirect
CALR	likely	surface_yes	360.0	20	17	20	4	direct_multi_method
CALY	likely	surface_yes	214.0	11	10	16	6	direct_multi_method
CAMKV	likely	surface_yes	203.0	4	4	16	5	supportive_but_indirect
CAMP	likely	surface_yes	370.0	18	15	17	3	direct_single_method
CANT1	low	surface_yes	240.0	5	3	14	5	weak
CANX	likely	surface_yes	313.0	13	12	14	5	direct_multi_method
CAPRIN1	likely	surface_yes	250.0	10	7	16	6	direct_multi_method
CASR	canonical	surface_yes	310.0	33	27	20	6	direct_multi_method
CATSPER1	likely	surface_yes	211.0	29	21	18	3	direct_multi_method
CATSPER2	likely	surface_yes	172.0	27	23	17	6	direct_multi_method
CATSPER3	likely	surface_yes	216.0	21	17	17	5	direct_multi_method
CATSPER4	likely	surface_yes	125.0	16	13	17	5	supportive_but_indirect
CATSPERB	likely	surface_yes	318.0	1	1	16	3	weak
CATSPERD	likely	surface_yes	108.0	11	10	19	4	direct_multi_method
CATSPERE	likely	surface_yes	63.0	8	8	19	3	supportive_but_indirect
CATSPERG	likely	surface_yes	89.0	7	6	15	3	supportive_but_indirect
CATSPERH	likely	surface_yes	31.0	3	1	17	3	supportive_but_indirect
CATSPERQ	likely	surface_yes	48.0	8	5	15	3	supportive_but_indirect
CATSPERT	likely	surface_yes	137.0	8	8	15	3	direct_multi_method
CAV1	canonical	surface_yes	325.0	32	27	18	6	direct_multi_method
CAV2	likely	surface_yes	302.0	23	20	18	6	direct_single_method
CAV3	likely	surface_yes	285.0	20	17	16	5	supportive_but_indirect
CAVIN1	low	surface_yes	217.0	32	28	20	6	supportive_but_indirect
CBARP	low	surface_yes	330.0	0	0	12	4	weak
CBLN1	low	surface_yes	203.0	21	18	16	5	weak
CBLN2	low	surface_yes	179.0	13	11	18	5	weak
CCDC126	low	surface_yes	79.0	0	0	11	4	weak
CCDC188	low	surface_yes	34.0	1	0	13	2	weak
CCDC198	low	surface_yes	265.0	2	0	16	3	weak
CCDC25	canonical	surface_yes	180.0	15	12	17	4	direct_multi_method
CCDC70	low	surface_yes	63.0	0	0	11	4	weak
CCDC78	low	surface_yes	126.0	4	3	14	5	weak
CCDC8	low	surface_yes	199.0	3	1	15	3	weak
CCDC80	low	surface_yes	321.0	0	0	12	4	weak
CCKAR	canonical	surface_yes	349.0	6	4	18	5	supportive_but_indirect
CCKBR	canonical	surface_yes	318.0	17	14	20	6	direct_multi_method
CCL25	low	surface_yes	276.0	23	20	17	4	weak
CCN1	low	surface_yes	312.0	26	20	16	4	weak
CCN2	likely	surface_yes	341.0	19	16	17	5	direct_single_method
CCN3	likely	surface_yes	284.0	21	14	18	4	weak
CCR1	canonical	surface_yes	274.0	34	33	15	4	direct_multi_method
CCR10	canonical	surface_yes	260.0	32	27	16	5	direct_multi_method
CCR2	canonical	surface_yes	327.0	38	32	16	6	direct_multi_method
CCR3	canonical	surface_yes	297.0	37	33	17	6	direct_multi_method
CCR4	canonical	surface_yes	330.0	27	24	16	5	direct_multi_method
CCR5	canonical	surface_yes	316.0	36	33	20	5	direct_multi_method
CCR6	canonical	surface_yes	321.0	34	27	17	5	direct_multi_method
CCR7	canonical	surface_yes	338.0	28	25	16	5	direct_multi_method
CCR8	canonical	surface_yes	270.0	40	36	16	6	direct_multi_method
CCR9	canonical	surface_yes	278.0	33	29	17	6	direct_multi_method
CCRL2	canonical	surface_yes	316.0	14	14	15	5	direct_multi_method
CD101	canonical	surface_yes	312.0	22	22	15	5	direct_multi_method
CD109	canonical	surface_yes	254.0	37	36	21	6	direct_multi_method
CD14	canonical	surface_yes	359.0	22	20	19	4	direct_multi_method
CD151	canonical	surface_yes	267.0	35	31	17	5	direct_multi_method
CD160	canonical	surface_yes	269.0	26	25	20	5	direct_multi_method
CD163	canonical	surface_yes	339.0	30	28	20	6	direct_multi_method
CD163L1	likely	surface_yes	211.0	11	6	17	5	supportive_but_indirect
CD164	canonical	surface_yes	213.0	30	28	20	6	direct_multi_method
CD164L2	low	surface_yes	65.0	0	0	11	6	weak
CD177	canonical	surface_yes	246.0	26	26	21	5	direct_multi_method
CD180	likely	surface_yes	217.0	27	26	16	5	direct_multi_method
CD19	likely	surface_yes	345.0	20	16	14	5	direct_multi_method
CD1A	likely	surface_yes	345.0	14	12	17	4	direct_multi_method
CD1B	canonical	surface_yes	348.0	8	7	16	5	direct_single_method
CD1C	canonical	surface_yes	320.0	27	26	17	4	direct_multi_method
CD1D	canonical	surface_yes	341.0	29	24	18	4	direct_multi_method
CD2	canonical	surface_yes	350.0	8	6	16	5	direct_multi_method
CD200	canonical	surface_yes	331.0	25	23	18	7	direct_multi_method
CD200R1	canonical	surface_yes	265.0	32	28	20	5	direct_multi_method
CD200R1L	likely	surface_yes	114.0	11	11	17	5	direct_multi_method
CD207	likely	surface_yes	262.0	36	32	18	5	direct_multi_method
CD209	canonical	surface_yes	283.0	37	33	19	4	direct_multi_method
CD22	canonical	surface_yes	291.0	31	25	21	6	direct_multi_method
CD226	canonical	surface_yes	271.0	35	35	18	6	direct_multi_method
CD24	canonical	surface_yes	338.0	32	29	22	5	direct_multi_method
CD244	canonical	surface_yes	304.0	30	26	18	5	direct_multi_method
CD247	canonical	surface_yes	315.0	20	16	20	4	direct_multi_method
CD248	canonical	surface_yes	245.0	37	35	20	6	direct_multi_method
CD27	canonical	surface_yes	349.0	25	23	14	5	direct_multi_method
CD274	canonical	surface_yes	340.0	39	32	22	7	direct_multi_method
CD276	canonical	surface_yes	255.0	43	42	18	6	direct_multi_method
CD28	canonical	surface_yes	325.0	25	22	21	7	direct_multi_method
CD300A	canonical	surface_yes	197.0	27	25	16	5	direct_multi_method
CD300C	canonical	surface_yes	295.0	17	14	17	4	direct_multi_method
CD300E	likely	surface_yes	218.0	15	14	16	5	direct_multi_method
CD300H	likely	surface_yes	92.0	4	1	15	4	direct_single_method
CD300LB	likely	surface_yes	149.0	13	12	19	3	direct_multi_method
CD300LD	likely	surface_yes	141.0	12	9	16	3	direct_multi_method
CD300LF	canonical	surface_yes	228.0	23	23	20	5	direct_multi_method
CD300LG	likely	surface_yes	150.0	13	12	20	5	direct_single_method
CD302	canonical	surface_yes	249.0	12	11	18	6	direct_multi_method
CD320	canonical	surface_yes	294.0	17	13	22	6	direct_multi_method
CD33	canonical	surface_yes	304.0	35	35	19	5	direct_multi_method
CD34	canonical	surface_yes	380.0	18	17	13	5	direct_multi_method
CD36	canonical	surface_yes	355.0	30	27	20	6	direct_multi_method
CD37	canonical	surface_yes	232.0	31	30	17	6	direct_multi_method
CD38	canonical	surface_yes	352.0	30	30	18	6	direct_multi_method
CD3D	likely	surface_yes	348.0	8	8	19	7	direct_multi_method
CD3E	canonical	surface_yes	356.0	13	13	17	5	direct_multi_method
CD3G	canonical	surface_yes	306.0	8	7	16	6	direct_multi_method
CD4	canonical	surface_yes	365.0	16	12	19	4	direct_multi_method
CD40	canonical	surface_yes	324.0	24	20	19	6	direct_multi_method
CD40LG	canonical	surface_yes	323.0	25	24	19	5	direct_multi_method
CD44	canonical	surface_yes	344.0	30	27	21	6	direct_multi_method
CD46	canonical	surface_yes	349.0	28	22	19	5	direct_multi_method
CD47	canonical	surface_yes	345.0	34	33	19	6	direct_multi_method
CD48	canonical	surface_yes	332.0	14	14	19	5	direct_multi_method
CD5	canonical	surface_yes	360.0	14	14	16	5	direct_multi_method
CD52	canonical	surface_yes	283.0	27	26	19	3	direct_multi_method
CD53	canonical	surface_yes	241.0	25	21	15	5	direct_multi_method
CD55	canonical	surface_yes	353.0	23	22	19	5	direct_multi_method
CD58	canonical	surface_yes	252.0	34	33	20	4	direct_multi_method
CD59	canonical	surface_yes	301.0	46	42	20	5	direct_multi_method
CD5L	low	surface_yes	358.0	16	14	17	4	direct_single_method
CD6	canonical	surface_yes	262.0	24	18	16	6	direct_multi_method
CD63	likely	surface_yes	350.0	29	25	16	6	direct_multi_method
CD68	likely	surface_yes	373.0	15	14	15	5	direct_multi_method
CD69	canonical	surface_yes	363.0	21	20	17	6	direct_multi_method
CD7	canonical	surface_yes	308.0	26	22	16	3	direct_multi_method
CD70	canonical	surface_yes	285.0	34	32	17	5	direct_multi_method
CD72	canonical	surface_yes	223.0	31	29	19	4	direct_multi_method
CD74	canonical	surface_yes	360.0	20	18	20	6	direct_multi_method
CD79A	canonical	surface_yes	362.0	13	10	18	6	direct_multi_method
CD79B	canonical	surface_yes	310.0	25	19	18	6	direct_multi_method
CD80	canonical	surface_yes	326.0	29	26	19	5	direct_multi_method
CD81	canonical	surface_yes	341.0	20	19	15	4	direct_multi_method
CD82	canonical	surface_yes	361.0	13	12	18	6	direct_multi_method
CD83	canonical	surface_yes	311.0	23	20	17	4	direct_multi_method
CD84	canonical	surface_yes	223.0	27	26	19	7	direct_multi_method
CD86	canonical	surface_yes	375.0	24	21	19	6	direct_multi_method
CD8A	canonical	surface_yes	349.0	17	16	18	5	direct_multi_method
CD8B	canonical	surface_yes	337.0	8	5	18	6	direct_multi_method
CD8B2	likely	surface_yes	154.0	5	3	20	4	direct_single_method
CD9	canonical	surface_yes	343.0	23	21	18	5	direct_multi_method
CD93	canonical	surface_yes	229.0	42	37	19	5	direct_multi_method
CD96	canonical	surface_yes	300.0	28	28	16	6	direct_multi_method
CD99	canonical	surface_yes	296.0	25	25	15	4	direct_multi_method
CD99L2	canonical	surface_yes	152.0	12	12	19	5	direct_multi_method
CDC50A	canonical	surface_yes	174.0	39	37	20	6	direct_multi_method
CDC50B	likely	surface_yes	138.0	10	7	18	4	direct_single_method
CDCP1	canonical	surface_yes	226.0	32	29	20	5	direct_multi_method
CDCP2	low	surface_yes	53.0	0	0	12	5	weak
CDH1	canonical	surface_yes	321.0	25	23	23	6	direct_multi_method
CDH10	likely	surface_yes	203.0	11	9	18	5	direct_single_method
CDH11	canonical	surface_yes	339.0	18	17	20	6	direct_multi_method
CDH12	likely	surface_yes	205.0	12	10	16	6	direct_single_method
CDH13	canonical	surface_yes	308.0	21	19	21	6	direct_multi_method
CDH15	likely	surface_yes	255.0	15	14	19	5	direct_single_method
CDH16	likely	surface_yes	196.0	17	15	16	6	supportive_but_indirect
CDH17	likely	surface_yes	324.0	28	25	17	5	direct_multi_method
CDH18	canonical	surface_yes	211.0	13	9	21	6	direct_multi_method
CDH19	likely	surface_yes	226.0	3	3	20	6	direct_single_method
CDH2	canonical	surface_yes	327.0	27	21	22	6	direct_multi_method
CDH20	canonical	surface_yes	159.0	4	2	17	5	supportive_but_indirect
CDH22	canonical	surface_yes	212.0	9	8	20	5	direct_multi_method
CDH23	likely	surface_yes	270.0	10	9	17	6	direct_single_method
CDH24	canonical	surface_yes	119.0	5	1	16	6	weak
CDH26	canonical	surface_yes	143.0	14	14	19	6	direct_multi_method
CDH3	canonical	surface_yes	256.0	24	22	18	6	direct_multi_method
CDH4	canonical	surface_yes	256.0	18	13	19	6	direct_single_method
CDH5	likely	surface_yes	311.0	38	35	22	6	direct_multi_method
CDH6	canonical	surface_yes	237.0	28	26	20	6	direct_multi_method
CDH7	likely	surface_yes	165.0	11	5	20	5	weak
CDH8	likely	surface_yes	204.0	15	12	21	5	direct_single_method
CDH9	likely	surface_yes	226.0	10	5	17	5	supportive_but_indirect
CDHR1	likely	surface_yes	313.0	2	1	17	6	direct_single_method
CDHR2	likely	surface_yes	164.0	19	18	19	5	direct_single_method
CDHR3	likely	surface_yes	199.0	16	15	16	6	direct_multi_method
CDHR4	low	surface_yes	125.0	1	1	16	6	weak
CDHR5	likely	surface_yes	174.0	21	18	19	7	supportive_but_indirect
CDNF	low	surface_yes	183.0	10	9	14	5	weak
CDON	canonical	surface_yes	224.0	25	20	19	6	direct_single_method
CDSN	likely	surface_yes	318.0	16	12	16	3	supportive_but_indirect
CEACAM1	canonical	surface_yes	250.0	33	28	20	6	direct_multi_method
CEACAM18	low	surface_yes	63.0	4	0	15	4	weak
CEACAM19	likely	surface_yes	105.0	4	2	14	6	weak
CEACAM20	likely	surface_yes	95.0	6	4	18	6	supportive_but_indirect
CEACAM21	canonical	surface_yes	110.0	5	1	14	5	supportive_but_indirect
CEACAM3	likely	surface_yes	351.0	9	6	17	6	direct_multi_method
CEACAM4	canonical	surface_yes	284.0	3	2	14	4	direct_single_method
CEACAM5	canonical	surface_yes	336.0	24	17	22	5	direct_multi_method
CEACAM6	canonical	surface_yes	257.0	36	32	20	5	direct_multi_method
CEACAM7	likely	surface_yes	306.0	16	13	18	6	direct_multi_method
CEACAM8	likely	surface_yes	305.0	34	32	15	5	direct_multi_method
CELSR1	canonical	surface_yes	278.0	20	18	19	6	direct_multi_method
CELSR2	canonical	surface_yes	218.0	18	17	18	5	direct_multi_method
CELSR3	canonical	surface_yes	223.0	17	14	20	6	direct_multi_method
CEMIP	likely	surface_yes	228.0	22	17	17	5	supportive_but_indirect
CEMIP2	canonical	surface_yes	189.0	22	20	18	5	direct_multi_method
CERCAM	low	surface_yes	292.0	1	1	12	5	weak
CFAP95	likely	surface_yes	139.0	1	1	14	4	supportive_but_indirect
CFC1	canonical	surface_yes	328.0	5	2	17	5	weak
CFC1B	low	surface_yes	36.0	1	0	14	3	weak
CFHR2	low	surface_yes	214.0	21	19	14	4	weak
CFP	likely	surface_yes	341.0	5	5	16	3	supportive_but_indirect
CFTR	canonical	surface_yes	334.0	36	28	17	5	direct_multi_method
CHAT	low	surface_yes	313.0	5	3	15	2	weak
CHGB	likely	surface_yes	286.0	8	7	14	4	supportive_but_indirect
CHL1	likely	surface_yes	298.0	11	7	17	6	supportive_but_indirect
CHMP6	low	surface_yes	227.0	9	7	13	2	weak
CHRFAM7A	canonical	surface_yes	290.0	16	12	19	4	direct_single_method
CHRM1	canonical	surface_yes	364.0	12	8	19	6	supportive_but_indirect
CHRM2	canonical	surface_yes	239.0	12	10	15	5	direct_single_method
CHRM3	canonical	surface_yes	381.0	19	15	18	5	direct_multi_method
CHRM4	canonical	surface_yes	209.0	27	24	18	5	direct_multi_method
CHRM5	canonical	surface_yes	250.0	13	12	19	5	direct_single_method
CHRNA1	likely	surface_yes	236.0	28	25	20	7	direct_single_method
CHRNA10	canonical	surface_yes	164.0	23	21	19	6	direct_multi_method
CHRNA2	canonical	surface_yes	220.0	14	12	20	7	direct_single_method
CHRNA3	canonical	surface_yes	268.0	17	14	19	7	direct_multi_method
CHRNA4	canonical	surface_yes	291.0	26	21	19	7	direct_multi_method
CHRNA5	canonical	surface_yes	222.0	24	19	18	6	direct_single_method
CHRNA6	likely	surface_yes	200.0	17	15	20	7	direct_multi_method
CHRNA7	canonical	surface_yes	257.0	29	27	20	7	direct_multi_method
CHRNA9	canonical	surface_yes	182.0	35	29	22	6	direct_multi_method
CHRNB1	likely	surface_yes	232.0	26	24	19	7	direct_multi_method
CHRNB2	canonical	surface_yes	209.0	22	16	19	6	direct_multi_method
CHRNB3	likely	surface_yes	168.0	12	10	21	6	direct_multi_method
CHRNB4	canonical	surface_yes	206.0	22	20	21	7	direct_multi_method
CHRND	likely	surface_yes	212.0	24	24	19	7	direct_multi_method
CHRNE	likely	surface_yes	327.0	6	5	18	6	direct_multi_method
CHRNG	likely	surface_yes	205.0	18	15	19	7	direct_multi_method
CHST15	canonical	surface_yes	197.0	17	16	15	4	direct_multi_method
CIROP	low	surface_yes	58.0	2	1	14	4	weak
CIROZ	low	surface_yes	57.0	2	0	15	4	weak
CIST1	low	surface_yes	18.0	0	0	11	2	weak
CKAP4	likely	surface_yes	317.0	21	18	19	4	direct_multi_method
CKAP5	low	surface_yes	263.0	3	2	13	2	weak
CKLF	low	surface_yes	284.0	11	9	16	5	weak
CLCA1	likely	surface_yes	265.0	25	20	17	4	direct_single_method
CLCA2	likely	surface_yes	257.0	18	17	19	5	direct_single_method
CLCA4	canonical	surface_yes	270.0	5	3	19	5	direct_single_method
CLCC1	low	surface_yes	147.0	10	10	15	4	conflicting
CLCN1	likely	surface_yes	267.0	24	19	15	5	direct_multi_method
CLCN2	canonical	surface_yes	224.0	29	27	18	6	direct_multi_method
CLCN3	low	surface_yes	226.0	27	20	19	6	direct_multi_method
CLCN5	low	surface_yes	219.0	23	17	17	6	supportive_but_indirect
CLCN7	likely	surface_yes	226.0	18	15	17	6	direct_single_method
CLCNKA	canonical	surface_yes	168.0	22	18	17	5	direct_multi_method
CLCNKB	likely	surface_yes	203.0	26	24	17	6	direct_multi_method
CLDN1	canonical	surface_yes	330.0	24	18	18	5	direct_multi_method
CLDN10	canonical	surface_yes	338.0	20	15	17	6	supportive_but_indirect
CLDN11	likely	surface_yes	311.0	17	14	18	5	direct_single_method
CLDN12	canonical	surface_yes	196.0	19	17	18	4	direct_single_method
CLDN14	canonical	surface_yes	206.0	22	21	19	4	direct_multi_method
CLDN15	canonical	surface_yes	216.0	31	22	19	5	direct_multi_method
CLDN16	likely	surface_yes	211.0	19	16	21	5	direct_multi_method
CLDN17	canonical	surface_yes	126.0	9	8	17	4	direct_multi_method
CLDN18	canonical	surface_yes	265.0	33	27	17	6	direct_multi_method
CLDN19	likely	surface_yes	204.0	22	18	17	7	supportive_but_indirect
CLDN2	canonical	surface_yes	269.0	37	27	21	6	supportive_but_indirect
CLDN20	canonical	surface_yes	118.0	11	7	18	5	supportive_but_indirect
CLDN22	canonical	surface_yes	115.0	9	7	19	4	supportive_but_indirect
CLDN23	canonical	surface_yes	162.0	12	9	17	4	supportive_but_indirect
CLDN24	canonical	surface_yes	86.0	6	3	18	4	supportive_but_indirect
CLDN25	canonical	surface_yes	78.0	8	7	15	4	supportive_but_indirect
CLDN3	canonical	surface_yes	264.0	31	29	22	5	direct_multi_method
CLDN34	low	surface_yes	53.0	4	2	14	3	weak
CLDN4	canonical	surface_yes	281.0	28	21	17	4	direct_multi_method
CLDN5	canonical	surface_yes	289.0	34	31	20	4	direct_multi_method
CLDN6	canonical	surface_yes	212.0	32	28	18	5	direct_multi_method
CLDN7	canonical	surface_yes	305.0	29	25	18	6	direct_single_method
CLDN8	canonical	surface_yes	264.0	29	28	20	5	direct_multi_method
CLDN9	canonical	surface_yes	211.0	25	24	19	5	direct_multi_method
CLDND1	canonical	surface_yes	154.0	12	11	16	5	supportive_but_indirect
CLEC10A	canonical	surface_yes	274.0	23	21	17	5	direct_multi_method
CLEC12A	canonical	surface_yes	248.0	34	34	21	6	direct_multi_method
CLEC12B	likely	surface_yes	174.0	13	10	16	7	direct_multi_method
CLEC14A	likely	surface_yes	223.0	21	21	20	5	direct_multi_method
CLEC17A	likely	surface_yes	116.0	4	3	14	5	direct_single_method
CLEC1A	canonical	surface_yes	149.0	11	11	18	6	direct_multi_method
CLEC1B	canonical	surface_yes	238.0	29	23	22	6	direct_multi_method
CLEC20A	uncertain	surface_yes	14.0	0	0	11	2	weak
CLEC2A	likely	surface_yes	278.0	4	3	14	5	direct_single_method
CLEC2B	canonical	surface_yes	200.0	12	11	18	3	direct_multi_method
CLEC2D	canonical	surface_yes	192.0	25	25	19	6	direct_multi_method
CLEC2L	likely	surface_yes	71.0	1	1	13	5	supportive_but_indirect
CLEC3A	likely	surface_yes	132.0	7	6	19	4	supportive_but_indirect
CLEC4A	canonical	surface_yes	207.0	25	25	20	5	direct_multi_method
CLEC4C	likely	surface_yes	300.0	21	18	18	4	direct_multi_method
CLEC4D	likely	surface_yes	332.0	11	9	18	4	direct_single_method
CLEC4E	canonical	surface_yes	252.0	31	28	20	4	direct_multi_method
CLEC4F	low	surface_yes	253.0	3	0	12	5	weak
CLEC4G	likely	surface_yes	211.0	25	22	20	6	direct_multi_method
CLEC4M	likely	surface_yes	210.0	22	17	18	5	direct_multi_method
CLEC5A	canonical	surface_yes	225.0	22	21	15	6	direct_multi_method
CLEC6A	canonical	surface_yes	242.0	19	18	20	6	direct_multi_method
CLEC7A	canonical	surface_yes	283.0	35	32	23	5	direct_multi_method
CLEC9A	likely	surface_yes	244.0	36	32	17	6	direct_multi_method
CLECL1	likely	surface_yes	147.0	5	3	13	2	direct_single_method
CLIC1	likely	surface_yes	299.0	15	14	18	4	direct_multi_method
CLIC2	low	surface_yes	181.0	11	9	17	3	supportive_but_indirect
CLIC3	likely	surface_yes	207.0	12	9	18	4	supportive_but_indirect
CLIC4	likely	surface_yes	346.0	6	5	15	4	direct_single_method
CLIC5	low	surface_yes	206.0	22	21	20	4	conflicting
CLIC6	low	surface_yes	210.0	13	10	20	5	conflicting
CLMP	canonical	surface_yes	333.0	4	4	18	6	direct_single_method
CLN3	low	surface_yes	252.0	13	11	15	5	weak
CLN5	low	surface_yes	208.0	17	14	17	3	weak
CLNS1A	low	surface_yes	207.0	13	9	13	3	supportive_but_indirect
CLPTM1	low	surface_yes	159.0	12	7	16	5	supportive_but_indirect
CLPTM1L	likely	surface_yes	164.0	10	10	15	5	direct_multi_method
CLRN1	likely	surface_yes	207.0	16	14	17	7	supportive_but_indirect
CLRN2	likely	surface_yes	74.0	6	5	14	6	weak
CLRN3	likely	surface_yes	106.0	7	2	12	6	direct_multi_method
CLSTN1	canonical	surface_yes	262.0	5	5	21	6	direct_single_method
CLSTN2	likely	surface_yes	323.0	7	6	17	5	direct_single_method
CLSTN3	likely	surface_yes	212.0	19	17	19	6	supportive_but_indirect
CLTRN	likely	surface_yes	212.0	16	14	20	4	direct_single_method
CLUL1	low	surface_yes	102.0	3	2	14	3	weak
CMKLR1	canonical	surface_yes	246.0	28	24	17	7	direct_multi_method
CMKLR2	canonical	surface_yes	178.0	17	16	17	4	direct_multi_method
CMTM1	low	surface_yes	123.0	3	2	16	4	weak
CMTM2	likely	surface_yes	153.0	6	6	16	5	supportive_but_indirect
CMTM4	canonical	surface_yes	168.0	14	11	14	5	supportive_but_indirect
CMTM5	likely	surface_yes	152.0	11	9	16	5	supportive_but_indirect
CMTM6	canonical	surface_yes	191.0	27	27	17	4	direct_multi_method
CMTM7	canonical	surface_yes	152.0	11	10	15	5	direct_single_method
CMTM8	canonical	surface_yes	131.0	7	1	15	5	supportive_but_indirect
CNGA1	likely	surface_yes	286.0	8	6	17	5	supportive_but_indirect
CNGA2	likely	surface_yes	219.0	20	13	18	5	direct_multi_method
CNGA3	canonical	surface_yes	231.0	20	16	18	6	direct_multi_method
CNGA4	likely	surface_yes	162.0	12	6	17	6	direct_single_method
CNGB1	likely	surface_yes	272.0	17	13	19	5	direct_multi_method
CNGB3	likely	surface_yes	213.0	18	12	19	6	direct_multi_method
CNIH2	low	surface_yes	210.0	16	12	18	4	weak
CNIH3	low	surface_yes	180.0	17	14	18	4	conflicting
CNMD	low	surface_yes	269.0	3	2	15	5	weak
CNNM1	likely	surface_yes	182.0	10	5	17	6	supportive_but_indirect
CNNM2	likely	surface_yes	185.0	24	17	18	7	supportive_but_indirect
CNNM3	canonical	surface_yes	147.0	17	12	19	7	direct_multi_method
CNNM4	canonical	surface_yes	143.0	22	14	18	7	supportive_but_indirect
CNR1	canonical	surface_yes	308.0	33	26	18	6	direct_multi_method
CNR2	canonical	surface_yes	304.0	27	20	16	5	direct_multi_method
CNTFR	canonical	surface_yes	210.0	22	20	22	5	direct_multi_method
CNTN1	canonical	surface_yes	317.0	16	14	20	6	direct_multi_method
CNTN2	likely	surface_yes	317.0	10	6	18	5	supportive_but_indirect
CNTN3	canonical	surface_yes	357.0	5	4	16	5	supportive_but_indirect
CNTN4	likely	surface_yes	224.0	10	8	19	6	supportive_but_indirect
CNTN5	likely	surface_yes	235.0	5	3	17	6	supportive_but_indirect
CNTN6	canonical	surface_yes	234.0	8	6	17	5	supportive_but_indirect
CNTNAP1	likely	surface_yes	257.0	24	20	19	5	direct_single_method
CNTNAP2	canonical	surface_yes	255.0	17	15	20	6	direct_multi_method
CNTNAP3	likely	surface_yes	161.0	4	2	17	5	direct_single_method
CNTNAP3B	likely	surface_yes	78.0	0	0	12	5	weak
CNTNAP4	likely	surface_yes	168.0	10	8	22	6	direct_multi_method
CNTNAP5	likely	surface_yes	212.0	3	1	12	4	weak
COL13A1	likely	surface_yes	237.0	16	15	20	5	supportive_but_indirect
COL17A1	canonical	surface_yes	280.0	28	26	22	5	direct_multi_method
COL23A1	canonical	surface_yes	201.0	10	9	20	5	supportive_but_indirect
COL25A1	likely	surface_yes	298.0	10	9	19	5	supportive_but_indirect
COL6A2	low	surface_yes	288.0	18	12	17	5	weak
COL6A3	canonical	surface_yes	298.0	12	11	19	5	weak
COL7A1	likely	surface_yes	287.0	18	13	17	4	supportive_but_indirect
COLEC12	canonical	surface_yes	237.0	18	14	22	5	direct_multi_method
COLQ	low	surface_yes	305.0	5	5	16	5	weak
CORIN	canonical	surface_yes	236.0	16	16	19	5	direct_multi_method
CPA6	low	surface_yes	179.0	6	3	14	5	weak
CPAMD8	likely	surface_yes	349.0	2	1	13	4	direct_single_method
CPD	canonical	surface_yes	334.0	17	16	16	6	direct_single_method
CPE	low	surface_yes	325.0	3	2	13	5	supportive_but_indirect
CPM	canonical	surface_yes	352.0	21	20	21	5	direct_multi_method
CPO	low	surface_yes	253.0	4	2	15	3	weak
CPZ	low	surface_yes	279.0	5	1	15	5	weak
CR1	canonical	surface_yes	323.0	14	11	14	4	direct_multi_method
CR1L	likely	surface_yes	189.0	8	7	18	4	supportive_but_indirect
CR2	canonical	surface_yes	335.0	22	18	18	5	direct_multi_method
CRB1	likely	surface_yes	212.0	12	8	19	5	direct_multi_method
CRB2	likely	surface_yes	197.0	26	23	20	6	supportive_but_indirect
CRB3	likely	surface_yes	186.0	20	16	17	6	supportive_but_indirect
CREG1	low	surface_yes	208.0	19	14	18	5	weak
CRHR1	canonical	surface_yes	266.0	26	22	19	6	direct_multi_method
CRHR2	canonical	surface_yes	242.0	27	23	17	6	direct_multi_method
CRIM1	canonical	surface_yes	257.0	16	14	19	5	supportive_but_indirect
CRIPTO	canonical	surface_yes	280.0	14	11	20	4	direct_single_method
CRIPTO3	low	surface_yes	213.0	8	6	21	3	weak
CRISP1	low	surface_yes	307.0	1	0	14	5	weak
CRISP2	likely	surface_yes	280.0	13	13	17	5	supportive_but_indirect
CRISP3	low	surface_yes	340.0	8	3	17	4	weak
CRISPLD1	low	surface_yes	147.0	1	0	15	5	weak
CRISPLD2	low	surface_yes	251.0	10	9	16	5	weak
CRLF2	canonical	surface_yes	270.0	21	20	19	5	direct_multi_method
CRTAM	canonical	surface_yes	220.0	26	20	18	7	direct_multi_method
CRYAB	low	surface_yes	283.0	9	9	13	4	weak
CSF1	low	surface_yes	331.0	17	15	16	6	weak
CSF1R	canonical	surface_yes	296.0	29	24	18	6	direct_multi_method
CSF2RA	canonical	surface_yes	292.0	18	15	18	5	direct_multi_method
CSF2RB	canonical	surface_yes	253.0	23	21	20	5	direct_multi_method
CSF3R	canonical	surface_yes	288.0	18	15	19	6	direct_multi_method
CSMD1	canonical	surface_yes	230.0	8	8	19	6	direct_single_method
CSMD2	likely	surface_yes	195.0	3	1	18	6	weak
CSMD3	likely	surface_yes	255.0	4	2	14	5	weak
CSPG4	canonical	surface_yes	286.0	35	34	20	4	direct_multi_method
CSPG5	likely	surface_yes	278.0	5	4	15	5	direct_multi_method
CST7	low	surface_yes	335.0	2	1	15	4	weak
CT47A11	low	surface_yes	22.0	0	0	12	3	weak
CT47A3	low	surface_yes	18.0	0	0	12	3	weak
CT47A6	uncertain	surface_yes	18.0	0	0	11	3	weak
CTHRC1	likely	surface_yes	265.0	24	20	18	5	supportive_but_indirect
CTLA4	canonical	surface_yes	330.0	27	25	20	6	direct_multi_method
CTNS	low	surface_yes	215.0	17	14	18	5	direct_multi_method
CTSA	low	surface_yes	319.0	8	6	17	6	weak
CTSB	likely	surface_yes	344.0	23	16	15	4	direct_single_method
CTSD	likely	surface_yes	305.0	18	16	16	4	direct_single_method
CTSE	likely	surface_yes	242.0	9	8	17	5	weak
CTSG	low	surface_yes	334.0	10	9	16	4	weak
CTSH	low	surface_yes	283.0	8	5	14	4	weak
CTSK	likely	surface_yes	317.0	18	14	16	5	supportive_but_indirect
CTSL	low	surface_yes	320.0	20	19	14	4	weak
CTSS	low	surface_yes	287.0	22	20	15	6	weak
CTSZ	likely	surface_yes	239.0	15	15	19	5	supportive_but_indirect
CTXN1	low	surface_yes	108.0	2	2	12	4	weak
CTXN3	low	surface_yes	180.0	3	2	12	4	weak
CTXND1	low	surface_yes	74.0	0	0	11	3	weak
CTXND2	low	surface_yes	185.0	1	0	12	3	weak
CUBN	canonical	surface_yes	298.0	23	18	18	4	supportive_but_indirect
CUZD1	low	surface_yes	280.0	8	4	16	6	weak
CX3CL1	canonical	surface_yes	299.0	30	26	20	5	direct_multi_method
CX3CR1	canonical	surface_yes	317.0	36	34	17	6	direct_multi_method
CXADR	canonical	surface_yes	331.0	27	24	22	6	direct_single_method
CXCL12	canonical	surface_yes	323.0	24	19	19	5	supportive_but_indirect
CXCL16	canonical	surface_yes	344.0	12	10	17	3	direct_single_method
CXCR1	canonical	surface_yes	355.0	21	16	17	5	direct_multi_method
CXCR2	canonical	surface_yes	310.0	43	36	17	5	direct_multi_method
CXCR3	canonical	surface_yes	329.0	35	31	17	6	direct_multi_method
CXCR4	canonical	surface_yes	337.0	35	29	18	6	direct_multi_method
CXCR5	canonical	surface_yes	334.0	31	26	18	6	direct_multi_method
CXCR6	canonical	surface_yes	287.0	41	37	16	5	direct_multi_method
CXorf66	low	surface_yes	36.0	1	0	15	2	weak
CYB561	low	surface_yes	156.0	14	9	17	6	weak
CYB5B	low	surface_yes		6	4	18	4	conflicting
CYBA	likely	surface_yes	266.0	20	16	17	3	direct_single_method
CYBB	canonical	surface_yes	302.0	28	21	18	5	direct_multi_method
CYBRD1	canonical	surface_yes	208.0	20	14	19	6	direct_multi_method
CYP2W1	low	surface_yes	154.0	3	2	16	4	direct_single_method
CYP4Z1	low	surface_yes	136.0	2	2	13	3	conflicting
CYSLTR1	canonical	surface_yes	240.0	33	29	17	5	direct_multi_method
CYSLTR2	canonical	surface_yes	234.0	26	25	17	5	direct_multi_method
CYSTM1	low	surface_yes	141.0	3	0	11	3	weak
CYTL1	low	surface_yes	312.0	1	1	11	3	weak
DAG1	canonical	surface_yes	331.0	24	21	20	4	supportive_but_indirect
DAGLA	canonical	surface_yes	230.0	18	16	17	5	direct_multi_method
DCBLD1	canonical	surface_yes	151.0	6	5	16	6	supportive_but_indirect
DCBLD2	canonical	surface_yes	218.0	20	15	15	6	direct_multi_method
DCC	canonical	surface_yes	313.0	19	18	18	5	direct_single_method
DCD	low	surface_yes	301.0	7	4	17	4	weak
DCHS1	canonical	surface_yes	231.0	15	15	19	5	supportive_but_indirect
DCHS2	canonical	surface_yes	169.0	7	3	18	6	supportive_but_indirect
DCLK1	likely	surface_yes	265.0	13	10	18	2	direct_single_method
DCST1	likely	surface_yes	159.0	5	4	14	5	supportive_but_indirect
DCST2	likely	surface_yes	75.0	6	4	16	5	supportive_but_indirect
DCSTAMP	canonical	surface_yes	326.0	22	18	19	7	direct_multi_method
DCT	likely	surface_yes	321.0	19	12	17	6	supportive_but_indirect
DCXR	low	surface_yes	346.0	0	0	12	4	weak
DDR1	canonical	surface_yes	328.0	29	23	20	6	direct_multi_method
DDR2	canonical	surface_yes	291.0	35	28	18	5	direct_multi_method
DEFB103B	likely	surface_yes	236.0	24	19	14	3	supportive_but_indirect
DEFB106B	low	surface_yes	174.0	5	3	16	3	weak
DEFB112	low	surface_yes	141.0	2	2	13	2	weak
DEFB113	low	surface_yes	40.0	4	2	13	3	weak
DEFB115	low	surface_yes	49.0	4	2	14	3	weak
DEFB118	likely	surface_yes	101.0	4	2	15	3	direct_single_method
DEFB126	likely	surface_yes	144.0	13	13	17	2	direct_multi_method
DEFB132	likely	surface_yes	115.0	2	1	15	3	supportive_but_indirect
DGCR2	likely	surface_yes	339.0	7	4	17	5	direct_single_method
DHH	likely	surface_yes	256.0	14	12	17	4	supportive_but_indirect
DIO1	low	surface_yes	316.0	9	4	14	5	weak
DIO3	low	surface_yes	333.0	11	11	14	4	supportive_but_indirect
DIP2A	canonical	surface_yes	208.0	10	8	16	5	direct_single_method
DISP1	canonical	surface_yes	161.0	10	8	18	5	direct_single_method
DISP2	likely	surface_yes	111.0	3	2	14	5	direct_single_method
DLK1	canonical	surface_yes	271.0	28	23	19	6	direct_multi_method
DLK2	likely	surface_yes	172.0	13	5	16	6	supportive_but_indirect
DLL1	canonical	surface_yes	349.0	13	11	18	6	direct_multi_method
DLL3	likely	surface_yes	281.0	34	28	17	6	direct_multi_method
DLL4	canonical	surface_yes	272.0	31	26	22	5	direct_multi_method
DLST	low	surface_yes		1	1	12	6	weak
DMBT1	canonical	surface_yes	328.0	11	7	20	4	supportive_but_indirect
DMKN	low	surface_yes	337.0	2	2	15	4	weak
DNAJC22	low	surface_yes	222.0	2	0	15	3	weak
DNAJC5	low	surface_yes	287.0	13	12	16	5	weak
DNAJC9	low	surface_yes	163.0	1	0	14	4	weak
DNASE1L2	low	surface_yes	218.0	7	4	14	5	weak
DNER	likely	surface_yes	361.0	9	9	15	5	direct_single_method
DOCK8	low	surface_yes	278.0	10	10	13	5	weak
DPEP1	canonical	surface_yes	304.0	17	17	19	6	direct_multi_method
DPEP2	likely	surface_yes	244.0	1	0	14	6	supportive_but_indirect
DPEP3	likely	surface_yes	243.0	4	4	14	6	direct_multi_method
DPP10	canonical	surface_yes	220.0	17	15	20	7	direct_single_method
DPP4	canonical	surface_yes	287.0	39	38	21	6	direct_multi_method
DPP6	likely	surface_yes	265.0	18	12	16	7	direct_multi_method
DRAM1	low	surface_yes	233.0	15	11	13	6	weak
DRAM2	likely	surface_yes	203.0	5	4	15	5	supportive_but_indirect
DRD1	canonical	surface_yes	294.0	29	24	18	5	direct_single_method
DRD2	canonical	surface_yes	297.0	33	27	20	6	direct_multi_method
DRD3	canonical	surface_yes	247.0	20	17	19	6	direct_multi_method
DRD4	canonical	surface_yes	270.0	19	15	20	5	direct_multi_method
DRD5	canonical	surface_yes	255.0	23	20	18	5	direct_multi_method
DSC1	likely	surface_yes	244.0	26	20	19	6	direct_multi_method
DSC2	canonical	surface_yes	275.0	21	17	21	6	direct_multi_method
DSC3	likely	surface_yes	301.0	20	15	17	6	direct_multi_method
DSCAM	canonical	surface_yes	256.0	19	14	19	6	direct_multi_method
DSCAML1	likely	surface_yes	187.0	18	14	16	6	supportive_but_indirect
DSG1	canonical	surface_yes	300.0	27	24	20	5	direct_multi_method
DSG2	canonical	surface_yes	246.0	38	33	23	5	direct_multi_method
DSG3	likely	surface_yes	332.0	27	21	19	5	direct_multi_method
DSG4	low	surface_yes	243.0	13	10	18	6	weak
DUOX1	canonical	surface_yes	240.0	23	20	18	6	direct_single_method
DUOX2	canonical	surface_yes	261.0	23	18	18	5	direct_multi_method
DUOXA1	low	surface_yes	370.0	5	3	19	6	weak
DUOXA2	likely	surface_yes	173.0	23	21	20	5	supportive_but_indirect
DYNAP	canonical	surface_yes	101.0	5	4	19	3	supportive_but_indirect
DYSF	likely	surface_yes	256.0	21	19	17	5	direct_single_method
EBAG9	canonical	surface_yes	192.0	13	13	19	4	direct_single_method
ECE1	canonical	surface_yes	296.0	12	12	16	7	direct_single_method
ECE2	low	surface_yes	184.0	12	11	14	6	weak
ECEL1	low	surface_yes	258.0	3	3	13	5	weak
ECM2	low	surface_yes	216.0	6	6	15	5	weak
ECRG4	canonical	surface_yes	194.0	12	10	21	3	direct_multi_method
ECSCR	likely	surface_yes	305.0	2	2	14	3	direct_single_method
EDA	likely	surface_yes	303.0	15	11	18	7	weak
EDA2R	canonical	surface_yes	204.0	20	16	20	6	supportive_but_indirect
EDAR	likely	surface_yes	336.0	9	6	17	6	supportive_but_indirect
EDDM13	low	surface_yes	10.0	0	0	11	3	weak
EDDM3A	low	surface_yes	206.0	3	2	12	3	weak
EDDM3B	low	surface_yes	172.0	3	2	12	3	weak
EDIL3	canonical	surface_yes	256.0	26	23	16	5	supportive_but_indirect
EDNRA	canonical	surface_yes	394.0	24	20	18	6	direct_multi_method
EDNRB	canonical	surface_yes	299.0	27	20	17	6	direct_multi_method
EFNA1	canonical	surface_yes	254.0	23	22	18	6	supportive_but_indirect
EFNA2	likely	surface_yes	247.0	0	0	13	5	weak
EFNA3	canonical	surface_yes	276.0	27	25	20	6	direct_multi_method
EFNA4	canonical	surface_yes	205.0	23	19	18	6	direct_multi_method
EFNA5	canonical	surface_yes	274.0	16	14	17	5	weak
EFNB1	canonical	surface_yes	242.0	33	32	22	5	direct_multi_method
EFNB2	canonical	surface_yes	238.0	35	29	16	5	direct_multi_method
EFNB3	canonical	surface_yes	213.0	29	26	18	5	direct_multi_method
EGF	low	surface_yes	348.0	23	20	19	6	supportive_but_indirect
EGFL6	likely	surface_yes	231.0	15	15	16	5	weak
EGFLAM	likely	surface_yes	228.0	6	6	17	5	supportive_but_indirect
EGFR	canonical	surface_yes	365.0	38	32	22	6	direct_multi_method
ELANE	low	surface_yes	342.0	5	4	16	5	weak
ELAPOR1	likely	surface_yes	142.0	10	8	16	5	direct_single_method
ELAPOR2	low	surface_yes	107.0	2	0	13	5	weak
ELFN1	likely	surface_yes	189.0	18	15	17	5	direct_multi_method
ELFN2	likely	surface_yes	159.0	10	8	16	5	direct_single_method
ELSPBP1	low	surface_yes	336.0	1	0	12	3	weak
EMB	canonical	surface_yes	285.0	14	14	19	6	supportive_but_indirect
EMCN	likely	surface_yes	248.0	28	26	21	5	direct_multi_method
EMID1	low	surface_yes	157.0	3	2	16	5	weak
EMP1	canonical	surface_yes	315.0	13	13	15	6	direct_single_method
EMP2	canonical	surface_yes	228.0	26	23	16	5	direct_multi_method
EMP3	canonical	surface_yes	196.0	16	14	17	6	direct_multi_method
ENDOU	uncertain	surface_yes	316.0	0	0	12	4	weak
ENG	canonical	surface_yes	376.0	13	12	20	6	direct_multi_method
ENO1	likely	surface_yes	306.0	21	20	19	5	direct_multi_method
ENO2	low	surface_yes	274.0	10	8	16	6	weak
ENOX1	canonical	surface_yes	172.0	8	6	15	6	direct_multi_method
ENOX2	canonical	surface_yes	182.0	25	21	16	6	direct_multi_method
ENPEP	canonical	surface_yes	300.0	11	10	16	5	supportive_but_indirect
ENPP1	canonical	surface_yes	270.0	23	20	17	5	direct_multi_method
ENPP2	likely	surface_yes	272.0	29	24	19	5	supportive_but_indirect
ENPP3	canonical	surface_yes	290.0	15	14	19	4	direct_multi_method
ENPP4	canonical	surface_yes	166.0	8	6	17	5	direct_multi_method
ENPP5	canonical	surface_yes	188.0	5	3	14	5	supportive_but_indirect
ENPP6	likely	surface_yes	211.0	3	3	19	5	weak
ENPP7	likely	surface_yes	214.0	11	8	21	4	direct_multi_method
ENTPD1	canonical	surface_yes	302.0	38	35	19	6	direct_multi_method
ENTPD2	canonical	surface_yes	236.0	22	21	21	6	direct_multi_method
ENTPD3	canonical	surface_yes	212.0	29	24	21	6	direct_multi_method
ENTPD6	low	surface_yes	167.0	12	9	17	5	direct_single_method
ENTPD8	canonical	surface_yes	208.0	11	9	17	6	direct_multi_method
ENTREP1	low	surface_yes	126.0	2	1	14	6	weak
EPCAM	canonical	surface_yes	331.0	20	17	21	5	direct_multi_method
EPGN	canonical	surface_yes	250.0	9	7	20	6	direct_single_method
EPHA1	canonical	surface_yes	253.0	18	11	20	6	direct_multi_method
EPHA10	canonical	surface_yes	164.0	17	16	18	6	direct_multi_method
EPHA2	canonical	surface_yes	286.0	44	40	18	6	direct_multi_method
EPHA3	canonical	surface_yes	353.0	6	3	17	6	direct_multi_method
EPHA4	canonical	surface_yes	266.0	24	22	21	6	direct_multi_method
EPHA5	canonical	surface_yes	227.0	16	14	18	6	direct_multi_method
EPHA6	canonical	surface_yes	211.0	12	7	18	6	direct_single_method
EPHA7	canonical	surface_yes	230.0	26	20	18	6	direct_multi_method
EPHA8	canonical	surface_yes	235.0	11	6	17	6	direct_multi_method
EPHB1	likely	surface_yes	333.0	3	2	17	6	supportive_but_indirect
EPHB2	canonical	surface_yes	352.0	17	16	19	6	direct_multi_method
EPHB3	canonical	surface_yes	223.0	24	19	19	5	direct_multi_method
EPHB4	canonical	surface_yes	264.0	32	28	19	6	direct_multi_method
EPHB6	canonical	surface_yes	340.0	7	6	17	6	direct_multi_method
EPOR	canonical	surface_yes	252.0	29	26	22	6	direct_multi_method
EPPIN	likely	surface_yes	219.0	18	14	18	5	direct_multi_method
EPS8	likely	surface_yes	237.0	19	18	16	5	supportive_but_indirect
EQTN	likely	surface_yes	207.0	7	6	18	4	supportive_but_indirect
ERAP2	low	surface_yes	229.0	14	13	18	4	weak
ERBB2	canonical	surface_yes	345.0	39	31	20	6	direct_multi_method
ERBB3	canonical	surface_yes	279.0	34	30	18	6	direct_multi_method
ERBB4	canonical	surface_yes	288.0	31	23	21	6	direct_multi_method
EREG	low	surface_yes	360.0	5	2	18	5	weak
ERMAP	likely	surface_yes	302.0	13	12	16	5	direct_multi_method
ERV3-1	canonical	surface_yes	193.0	11	11	19	4	direct_multi_method
ERVFRD-1	likely	surface_yes	169.0	23	17	18	4	direct_single_method
ERVMER34-1	likely	surface_yes	220.0	4	4	17	4	supportive_but_indirect
ERVV-1	likely	surface_yes	79.0	7	6	16	5	supportive_but_indirect
ERVV-2	likely	surface_yes	73.0	13	11	19	4	weak
ERVW-1	likely	surface_yes	232.0	23	18	19	4	direct_multi_method
ESAM	canonical	surface_yes	294.0	18	16	18	6	direct_multi_method
EVA1B	low	surface_yes	91.0	2	1	13	4	weak
EVA1C	low	surface_yes	290.0	3	2	11	6	weak
EVC2	low	surface_yes	262.0	2	0	16	6	weak
EVI2A	likely	surface_yes	181.0	4	2	14	5	direct_single_method
EVI2B	canonical	surface_yes	165.0	11	9	15	5	direct_multi_method
F11R	canonical	surface_yes	270.0	41	39	22	6	direct_multi_method
F2R	canonical	surface_yes	303.0	32	25	18	5	direct_multi_method
F2RL1	canonical	surface_yes	258.0	39	32	20	5	direct_multi_method
F2RL2	canonical	surface_yes	265.0	19	16	19	6	direct_multi_method
F2RL3	canonical	surface_yes	246.0	29	26	18	5	direct_multi_method
F3	canonical	surface_yes	352.0	17	16	17	6	direct_multi_method
FABP4	likely	surface_yes	322.0	9	9	15	4	supportive_but_indirect
FABP5	likely	surface_yes	233.0	11	10	18	4	direct_multi_method
FAIM2	low	surface_yes	231.0	12	9	18	6	supportive_but_indirect
FAM151A	low	surface_yes	101.0	2	0	13	5	weak
FAM151B	low	surface_yes	67.0	2	0	13	4	weak
FAM163A	low	surface_yes	133.0	1	1	14	3	weak
FAM163B	low	surface_yes	70.0	1	0	15	3	weak
FAM168B	low	surface_yes	261.0	2	2	14	5	weak
FAM171A1	canonical	surface_yes	149.0	3	1	14	5	weak
FAM171A2	likely	surface_yes	100.0	2	0	14	5	supportive_but_indirect
FAM171B	low	surface_yes	125.0	0	0	11	6	weak
FAM174A	low	surface_yes	80.0	2	0	12	4	weak
FAM174B	likely	surface_yes	93.0	3	1	14	4	supportive_but_indirect
FAM174C	uncertain	surface_yes	51.0	1	0	12	2	weak
FAM180B	low	surface_yes	71.0	0	0	11	3	weak
FAM187A	low	surface_yes	59.0	0	0	11	4	weak
FAM187B	low	surface_yes	41.0	0	0	11	4	weak
FAM234A	low	surface_yes	130.0	5	4	14	5	supportive_but_indirect
FAM24A	low	surface_yes	61.0	0	0	11	3	weak
FAM24B	low	surface_yes	57.0	0	0	11	3	weak
FAP	canonical	surface_yes	338.0	32	27	22	7	direct_multi_method
FAS	canonical	surface_yes	339.0	25	24	20	5	direct_multi_method
FASLG	canonical	surface_yes	319.0	34	30	20	7	direct_multi_method
FAT1	canonical	surface_yes	295.0	13	10	18	5	direct_multi_method
FAT2	canonical	surface_yes	225.0	15	14	22	5	supportive_but_indirect
FAT3	likely	surface_yes	250.0	13	10	17	6	direct_single_method
FAT4	canonical	surface_yes	222.0	20	17	22	6	direct_single_method
FBLN7	canonical	surface_yes	196.0	12	12	18	5	supportive_but_indirect
FCAMR	canonical	surface_yes	153.0	13	10	20	5	direct_multi_method
FCAR	canonical	surface_yes	279.0	29	26	19	5	direct_multi_method
FCER1A	canonical	surface_yes	292.0	18	17	19	4	direct_multi_method
FCER2	canonical	surface_yes	295.0	24	20	19	5	direct_multi_method
FCGR1A	canonical	surface_yes	314.0	29	24	18	6	direct_multi_method
FCGR2A	canonical	surface_yes	300.0	30	27	17	5	direct_multi_method
FCGR2B	canonical	surface_yes	295.0	30	25	19	5	direct_multi_method
FCGR2C	canonical	surface_yes	323.0	13	10	20	5	direct_multi_method
FCGR3A	canonical	surface_yes	318.0	34	29	21	4	direct_multi_method
FCGR3B	canonical	surface_yes	346.0	21	16	19	4	direct_multi_method
FCGRT	likely	surface_yes	333.0	24	16	19	5	direct_multi_method
FCMR	canonical	surface_yes	240.0	17	15	21	5	direct_multi_method
FCN1	low	surface_yes	277.0	10	10	17	5	weak
FCRL1	canonical	surface_yes	169.0	23	19	17	5	direct_multi_method
FCRL2	canonical	surface_yes	182.0	14	11	14	5	direct_multi_method
FCRL3	canonical	surface_yes	251.0	14	14	17	5	direct_multi_method
FCRL4	likely	surface_yes	194.0	30	28	18	5	direct_multi_method
FCRL5	canonical	surface_yes	210.0	36	31	18	5	direct_multi_method
FCRL6	likely	surface_yes	157.0	8	7	17	5	direct_multi_method
FER1L5	low	surface_yes	93.0	8	4	15	5	supportive_but_indirect
FER1L6	low	surface_yes	109.0	5	3	14	4	supportive_but_indirect
FFAR1	canonical	surface_yes	257.0	27	23	16	5	direct_multi_method
FFAR2	canonical	surface_yes	262.0	24	22	19	5	direct_multi_method
FFAR3	canonical	surface_yes	269.0	22	17	17	5	supportive_but_indirect
FFAR4	canonical	surface_yes	264.0	34	27	19	6	direct_multi_method
FGF2	likely	surface_yes	344.0	18	14	17	5	supportive_but_indirect
FGF4	low	surface_yes	308.0	5	4	16	5	weak
FGF9	low	surface_yes	304.0	15	10	16	4	weak
FGFR1	canonical	surface_yes	357.0	11	9	18	6	direct_single_method
FGFR2	canonical	surface_yes	346.0	23	17	22	6	direct_multi_method
FGFR3	canonical	surface_yes	333.0	22	21	19	6	direct_multi_method
FGFR4	canonical	surface_yes	272.0	28	26	20	6	direct_multi_method
FGFRL1	canonical	surface_yes	276.0	17	15	21	5	direct_multi_method
FGL2	canonical	surface_yes	262.0	24	23	17	4	supportive_but_indirect
FIBCD1	canonical	surface_yes	198.0	12	11	19	5	direct_multi_method
FKBP8	low	surface_yes	216.0	22	20	16	5	conflicting
FKBPL	low	surface_yes	272.0	13	11	16	4	conflicting
FLRT1	canonical	surface_yes	174.0	15	10	18	6	direct_multi_method
FLRT2	canonical	surface_yes	210.0	25	22	21	5	direct_multi_method
FLRT3	canonical	surface_yes	218.0	21	21	22	5	direct_multi_method
FLT1	canonical	surface_yes	283.0	31	28	17	6	direct_multi_method
FLT3	canonical	surface_yes	340.0	14	9	16	6	direct_multi_method
FLT3LG	canonical	surface_yes	373.0	6	5	20	6	direct_single_method
FLT4	canonical	surface_yes	283.0	31	21	21	6	direct_multi_method
FLVCR1	canonical	surface_yes	342.0	4	3	14	6	direct_multi_method
FLVCR2	likely	surface_yes	315.0	9	7	16	6	direct_single_method
FMR1NB	likely	surface_yes	122.0	2	0	14	2	direct_single_method
FN1	canonical	surface_yes	362.0	20	19	19	5	supportive_but_indirect
FNDC1	likely	surface_yes	206.0	7	7	17	5	supportive_but_indirect
FNDC10	low	surface_yes	41.0	0	0	11	3	weak
FNDC4	likely	surface_yes	146.0	9	8	16	6	supportive_but_indirect
FNDC5	low	surface_yes	270.0	25	22	16	7	weak
FNDC7	uncertain	surface_yes	53.0	0	0	11	4	weak
FNDC9	low	surface_yes	56.0	0	0	11	4	weak
FOLH1	canonical	surface_yes	306.0	36	25	21	7	direct_multi_method
FOLR1	canonical	surface_yes	297.0	38	35	18	4	direct_multi_method
FOLR2	canonical	surface_yes	305.0	29	28	21	5	direct_multi_method
FOLR3	low	surface_yes	233.0	7	7	17	4	conflicting
FPR1	canonical	surface_yes	268.0	32	28	17	6	direct_multi_method
FPR2	canonical	surface_yes	277.0	35	32	17	5	direct_multi_method
FPR3	canonical	surface_yes	216.0	28	23	17	5	direct_multi_method
FRAS1	low	surface_yes	325.0	9	4	20	6	weak
FREM2	likely	surface_yes	205.0	12	10	20	6	direct_single_method
FREY1	low	surface_yes	263.0	0	0	12	3	weak
FRMD3	likely	surface_yes	185.0	5	5	15	5	supportive_but_indirect
FRRS1L	low	surface_yes	188.0	5	5	18	4	conflicting
FSHR	likely	surface_yes	282.0	29	19	19	6	direct_multi_method
FST	likely	surface_yes	362.0	6	5	18	5	weak
FSTL1	canonical	surface_yes	295.0	18	16	14	5	direct_single_method
FSTL4	low	surface_yes	168.0	1	1	14	5	weak
FTL	low	surface_yes	302.0	13	11	15	4	supportive_but_indirect
FUCA2	likely	surface_yes	168.0	7	7	16	6	direct_single_method
FURIN	likely	surface_yes	346.0	17	11	17	6	direct_single_method
FUT2	likely	surface_yes	334.0	9	9	17	3	weak
FXYD1	canonical	surface_yes	255.0	17	15	18	4	direct_single_method
FXYD2	likely	surface_yes	213.0	19	19	18	5	direct_multi_method
FXYD3	canonical	surface_yes	218.0	20	16	20	5	direct_multi_method
FXYD4	likely	surface_yes	166.0	11	7	18	4	supportive_but_indirect
FXYD5	canonical	surface_yes	268.0	20	19	19	4	direct_multi_method
FXYD6	canonical	surface_yes	174.0	8	6	21	5	direct_multi_method
FXYD7	likely	surface_yes	129.0	7	4	15	4	supportive_but_indirect
FZD1	canonical	surface_yes	233.0	25	17	16	5	direct_multi_method
FZD10	canonical	surface_yes	214.0	25	18	17	5	direct_multi_method
FZD2	canonical	surface_yes	237.0	32	27	15	5	direct_multi_method
FZD3	canonical	surface_yes	231.0	23	19	19	5	direct_multi_method
FZD4	canonical	surface_yes	316.0	24	19	16	5	direct_multi_method
FZD5	canonical	surface_yes	236.0	31	29	16	5	direct_multi_method
FZD6	canonical	surface_yes	225.0	31	27	19	6	direct_multi_method
FZD7	canonical	surface_yes	246.0	34	29	16	5	direct_multi_method
FZD8	canonical	surface_yes	227.0	36	32	19	5	direct_multi_method
FZD9	canonical	surface_yes	227.0	21	19	16	5	direct_multi_method
G6PC1	low	surface_yes	249.0	8	5	15	5	weak
GABBR1	canonical	surface_yes	268.0	23	22	21	7	direct_multi_method
GABBR2	canonical	surface_yes	225.0	27	22	19	5	direct_multi_method
GABRA1	canonical	surface_yes	262.0	26	23	20	6	direct_multi_method
GABRA2	canonical	surface_yes	236.0	21	16	19	7	direct_multi_method
GABRA3	canonical	surface_yes	228.0	19	16	20	6	direct_multi_method
GABRA4	canonical	surface_yes	222.0	17	17	19	6	direct_multi_method
GABRA5	canonical	surface_yes	233.0	27	22	21	6	direct_multi_method
GABRA6	canonical	surface_yes	223.0	13	11	19	6	direct_multi_method
GABRB1	canonical	surface_yes	209.0	22	14	19	7	supportive_but_indirect
GABRB2	canonical	surface_yes	213.0	19	18	20	7	direct_multi_method
GABRB3	canonical	surface_yes	250.0	24	17	20	7	direct_multi_method
GABRD	canonical	surface_yes	224.0	22	19	21	6	direct_multi_method
GABRE	canonical	surface_yes	223.0	13	10	20	6	supportive_but_indirect
GABRG1	canonical	surface_yes	271.0	11	9	20	6	direct_single_method
GABRG2	canonical	surface_yes	262.0	28	23	20	7	direct_multi_method
GABRG3	canonical	surface_yes	196.0	18	12	21	7	direct_multi_method
GABRP	canonical	surface_yes	183.0	13	13	17	6	direct_multi_method
GABRQ	likely	surface_yes	311.0	6	3	18	6	supportive_but_indirect
GABRR1	canonical	surface_yes	188.0	16	14	21	7	direct_multi_method
GABRR2	canonical	surface_yes	172.0	11	8	19	7	direct_multi_method
GABRR3	likely	surface_yes	243.0	4	2	18	6	weak
GALR1	canonical	surface_yes	258.0	23	23	17	5	direct_multi_method
GALR2	canonical	surface_yes	238.0	27	24	15	5	direct_multi_method
GALR3	canonical	surface_yes	177.0	22	17	17	5	direct_multi_method
GAPT	low	surface_yes	304.0	0	0	11	3	weak
GARS1	low	surface_yes	288.0	3	2	17	6	weak
GAS1	canonical	surface_yes	239.0	25	22	21	4	direct_multi_method
GC	low	surface_yes	369.0	3	2	14	5	weak
GCGR	canonical	surface_yes	265.0	22	16	17	5	direct_single_method
GDAP2	low	surface_yes	125.0	0	0	11	5	weak
GDE1	low	surface_yes	279.0	5	3	15	4	weak
GDPD2	canonical	surface_yes	164.0	10	7	17	6	direct_multi_method
GDPD4	likely	surface_yes	96.0	3	2	16	5	direct_single_method
GDPD5	canonical	surface_yes	158.0	17	15	17	6	direct_multi_method
GFRA1	canonical	surface_yes	261.0	28	21	21	6	direct_multi_method
GFRA2	canonical	surface_yes	227.0	24	24	21	6	direct_multi_method
GFRA3	canonical	surface_yes	200.0	22	18	20	6	direct_multi_method
GFRA4	likely	surface_yes	244.0	10	9	19	6	direct_multi_method
GFRAL	likely	surface_yes	209.0	29	29	18	5	direct_multi_method
GGT1	canonical	surface_yes	349.0	4	1	15	5	supportive_but_indirect
GGT5	canonical	surface_yes	231.0	9	7	15	5	supportive_but_indirect
GGT6	likely	surface_yes	152.0	5	1	17	5	supportive_but_indirect
GGT7	canonical	surface_yes	192.0	6	5	15	6	supportive_but_indirect
GHR	canonical	surface_yes	286.0	19	13	18	6	direct_multi_method
GHRHR	canonical	surface_yes	230.0	20	20	17	5	direct_single_method
GHSR	canonical	surface_yes	248.0	30	27	16	6	direct_multi_method
GINM1	low	surface_yes	124.0	0	0	11	5	weak
GIPR	canonical	surface_yes	243.0	31	29	15	6	direct_multi_method
GJA1	likely	surface_yes	321.0	43	33	17	6	supportive_but_indirect
GJA10	canonical	surface_yes	131.0	8	3	18	5	direct_single_method
GJA3	likely	surface_yes	253.0	25	20	17	6	direct_multi_method
GJA4	canonical	surface_yes	241.0	23	17	17	5	supportive_but_indirect
GJA5	likely	surface_yes	271.0	30	26	18	4	supportive_but_indirect
GJA8	likely	surface_yes	273.0	20	14	16	5	direct_single_method
GJA9	canonical	surface_yes	182.0	10	6	17	5	supportive_but_indirect
GJB1	canonical	surface_yes	249.0	26	22	17	6	direct_multi_method
GJB2	canonical	surface_yes	275.0	33	25	17	5	supportive_but_indirect
GJB3	likely	surface_yes	237.0	18	16	18	6	supportive_but_indirect
GJB4	likely	surface_yes	194.0	14	10	17	6	supportive_but_indirect
GJB5	low	surface_yes	167.0	14	10	19	6	conflicting
GJB6	canonical	surface_yes	281.0	23	18	17	6	direct_multi_method
GJB7	canonical	surface_yes	106.0	6	4	17	5	direct_single_method
GJC1	likely	surface_yes	225.0	33	22	18	5	direct_single_method
GJC2	likely	surface_yes	195.0	26	20	16	6	direct_multi_method
GJC3	likely	surface_yes	171.0	16	9	17	6	supportive_but_indirect
GJD2	low	surface_yes	217.0	29	29	18	6	direct_multi_method
GJD3	likely	surface_yes	192.0	14	12	17	6	direct_multi_method
GJD4	likely	surface_yes	216.0	6	4	15	5	direct_multi_method
GJE1	likely	surface_yes	191.0	8	4	15	5	supportive_but_indirect
GKN1	low	surface_yes	311.0	3	2	12	4	weak
GLDN	likely	surface_yes	228.0	11	9	19	6	direct_single_method
GLG1	likely	surface_yes	218.0	16	14	22	4	direct_single_method
GLIPR1	canonical	surface_yes	214.0	9	7	16	6	direct_single_method
GLIPR1L1	likely	surface_yes	81.0	4	3	18	4	supportive_but_indirect
GLIPR1L2	low	surface_yes	61.0	1	0	14	5	weak
GLP1R	canonical	surface_yes	285.0	38	34	20	5	direct_multi_method
GLP2R	canonical	surface_yes	279.0	25	17	17	5	direct_multi_method
GLRA1	canonical	surface_yes	232.0	18	15	18	7	direct_multi_method
GLRA2	canonical	surface_yes	251.0	14	12	19	7	direct_multi_method
GLRA3	canonical	surface_yes	194.0	16	14	20	7	direct_multi_method
GLRB	canonical	surface_yes	197.0	23	19	20	7	direct_multi_method
GML	likely	surface_yes	246.0	1	0	15	4	weak
GNRHR	canonical	surface_yes	254.0	26	19	19	6	direct_multi_method
GOLM1	low	surface_yes	236.0	21	20	18	6	weak
GP1BA	likely	surface_yes	296.0	26	24	20	5	direct_multi_method
GP1BB	canonical	surface_yes	354.0	5	4	15	6	direct_multi_method
GP2	canonical	surface_yes	293.0	16	15	20	6	direct_multi_method
GP5	likely	surface_yes	322.0	0	0	12	5	weak
GP6	canonical	surface_yes	309.0	31	27	20	6	direct_multi_method
GP9	likely	surface_yes	281.0	27	22	18	4	direct_multi_method
GPA33	canonical	surface_yes	249.0	20	19	17	6	direct_multi_method
GPBAR1	canonical	surface_yes	308.0	22	16	18	4	direct_multi_method
GPC1	canonical	surface_yes	257.0	35	30	22	6	direct_multi_method
GPC2	canonical	surface_yes	195.0	27	25	19	5	direct_multi_method
GPC3	canonical	surface_yes	300.0	31	29	20	6	direct_multi_method
GPC4	canonical	surface_yes	231.0	32	31	21	6	direct_multi_method
GPC5	canonical	surface_yes	235.0	15	12	22	5	supportive_but_indirect
GPC6	canonical	surface_yes	204.0	20	19	21	5	direct_multi_method
GPER1	likely	surface_yes	338.0	19	17	15	5	supportive_but_indirect
GPI	likely	surface_yes	349.0	4	3	15	5	supportive_but_indirect
GPIHBP1	likely	surface_yes	223.0	22	19	16	4	direct_multi_method
GPM6A	canonical	surface_yes	363.0	11	11	17	7	direct_multi_method
GPM6B	canonical	surface_yes	242.0	10	9	16	7	direct_single_method
GPNMB	canonical	surface_yes	278.0	36	29	19	6	direct_multi_method
GPR101	canonical	surface_yes	175.0	12	10	19	5	direct_multi_method
GPR107	low	surface_yes	142.0	14	14	17	7	weak
GPR119	canonical	surface_yes	247.0	20	17	17	5	direct_multi_method
GPR12	canonical	surface_yes	169.0	9	4	16	5	supportive_but_indirect
GPR132	canonical	surface_yes	270.0	25	22	16	5	direct_single_method
GPR135	canonical	surface_yes	215.0	3	2	13	4	direct_single_method
GPR139	likely	surface_yes	183.0	10	7	14	5	supportive_but_indirect
GPR141	low	surface_yes	120.0	2	1	14	5	weak
GPR142	canonical	surface_yes	136.0	13	10	13	6	direct_single_method
GPR143	likely	surface_yes	247.0	12	12	18	4	direct_single_method
GPR146	canonical	surface_yes	189.0	15	11	15	6	direct_multi_method
GPR148	low	surface_yes	229.0	5	0	14	4	weak
GPR149	likely	surface_yes	315.0	4	2	12	5	weak
GPR15	canonical	surface_yes	272.0	23	22	17	5	direct_multi_method
GPR150	likely	surface_yes	84.0	3	0	13	4	weak
GPR151	likely	surface_yes	327.0	11	9	17	5	supportive_but_indirect
GPR152	likely	surface_yes	192.0	2	0	12	5	weak
GPR153	canonical	surface_yes	155.0	4	4	12	5	supportive_but_indirect
GPR156	likely	surface_yes	200.0	12	10	14	6	supportive_but_indirect
GPR157	likely	surface_yes	108.0	3	1	16	5	supportive_but_indirect
GPR158	canonical	surface_yes	182.0	20	18	19	5	direct_multi_method
GPR160	canonical	surface_yes	169.0	6	6	15	4	direct_single_method
GPR161	likely	surface_yes	226.0	27	25	19	6	supportive_but_indirect
GPR162	likely	surface_yes	361.0	3	2	14	6	supportive_but_indirect
GPR17	likely	surface_yes	211.0	19	16	13	6	direct_multi_method
GPR171	canonical	surface_yes	160.0	15	11	17	5	direct_single_method
GPR173	canonical	surface_yes	147.0	21	18	14	5	supportive_but_indirect
GPR174	likely	surface_yes	187.0	12	9	16	5	direct_single_method
GPR176	canonical	surface_yes	134.0	9	9	15	6	supportive_but_indirect
GPR179	likely	surface_yes	163.0	12	10	16	5	supportive_but_indirect
GPR18	canonical	surface_yes	227.0	24	21	17	5	direct_multi_method
GPR183	canonical	surface_yes	227.0	33	31	16	5	direct_multi_method
GPR19	likely	surface_yes	158.0	15	12	17	5	supportive_but_indirect
GPR20	canonical	surface_yes	120.0	6	3	14	5	direct_multi_method
GPR21	canonical	surface_yes	110.0	9	7	15	5	supportive_but_indirect
GPR22	low	surface_yes	136.0	3	3	15	5	weak
GPR25	canonical	surface_yes	114.0	8	3	16	5	supportive_but_indirect
GPR26	likely	surface_yes	147.0	9	7	15	5	direct_single_method
GPR27	likely	surface_yes	148.0	9	8	16	5	supportive_but_indirect
GPR3	canonical	surface_yes	241.0	20	19	14	5	direct_multi_method
GPR31	canonical	surface_yes	176.0	18	16	17	5	direct_single_method
GPR32	canonical	surface_yes	164.0	13	12	16	4	direct_multi_method
GPR33	likely	surface_yes	119.0	4	1	14	5	supportive_but_indirect
GPR34	canonical	surface_yes	246.0	22	20	17	5	direct_multi_method
GPR35	canonical	surface_yes	228.0	28	27	16	6	direct_multi_method
GPR37	likely	surface_yes	204.0	28	28	23	5	direct_multi_method
GPR37L1	canonical	surface_yes	176.0	19	19	18	4	direct_multi_method
GPR39	canonical	surface_yes	208.0	28	25	17	5	direct_multi_method
GPR4	canonical	surface_yes	203.0	25	22	14	5	direct_multi_method
GPR42	low	surface_yes	90.0	2	1	13	4	weak
GPR45	likely	surface_yes	157.0	5	5	14	5	supportive_but_indirect
GPR50	canonical	surface_yes	323.0	11	10	18	5	direct_single_method
GPR52	canonical	surface_yes	134.0	8	8	15	5	direct_single_method
GPR55	canonical	surface_yes	254.0	25	21	17	6	direct_multi_method
GPR6	likely	surface_yes	157.0	7	6	14	6	direct_multi_method
GPR61	canonical	surface_yes	150.0	12	10	16	5	direct_single_method
GPR62	likely	surface_yes	105.0	7	5	17	5	direct_single_method
GPR63	canonical	surface_yes	205.0	10	6	15	5	supportive_but_indirect
GPR65	canonical	surface_yes	206.0	30	27	16	5	direct_multi_method
GPR68	canonical	surface_yes	315.0	16	13	16	5	direct_multi_method
GPR75	canonical	surface_yes	183.0	15	14	20	5	direct_single_method
GPR78	likely	surface_yes	197.0	3	2	14	4	supportive_but_indirect
GPR82	low	surface_yes	101.0	1	1	14	5	weak
GPR83	canonical	surface_yes	254.0	13	10	16	6	direct_single_method
GPR84	canonical	surface_yes	222.0	26	21	16	4	direct_multi_method
GPR85	likely	surface_yes	184.0	9	6	19	5	supportive_but_indirect
GPR87	canonical	surface_yes	168.0	22	15	15	5	supportive_but_indirect
GPR88	likely	surface_yes	313.0	8	6	17	5	direct_multi_method
GPRC5A	canonical	surface_yes	222.0	20	18	14	5	direct_single_method
GPRC5B	canonical	surface_yes	194.0	16	16	18	6	supportive_but_indirect
GPRC5C	canonical	surface_yes	172.0	11	9	16	6	direct_single_method
GPRC5D	canonical	surface_yes	218.0	21	18	16	6	direct_multi_method
GPRC6A	canonical	surface_yes	339.0	23	19	16	7	direct_multi_method
GPX5	low	surface_yes	259.0	7	7	15	5	weak
GREM1	canonical	surface_yes	280.0	13	13	18	5	supportive_but_indirect
GRIA1	canonical	surface_yes	275.0	42	37	20	7	direct_multi_method
GRIA2	canonical	surface_yes	289.0	38	34	20	7	direct_multi_method
GRIA3	canonical	surface_yes	235.0	31	23	22	7	direct_multi_method
GRIA4	canonical	surface_yes	248.0	31	25	22	7	direct_multi_method
GRID1	likely	surface_yes	259.0	21	18	18	6	direct_single_method
GRID2	likely	surface_yes	246.0	22	19	19	7	direct_multi_method
GRIK1	canonical	surface_yes	242.0	23	20	18	7	direct_multi_method
GRIK2	canonical	surface_yes	229.0	27	24	19	7	direct_multi_method
GRIK3	canonical	surface_yes	200.0	22	19	20	7	direct_multi_method
GRIK4	canonical	surface_yes	245.0	15	9	19	6	direct_single_method
GRIK5	canonical	surface_yes	242.0	18	15	20	7	direct_multi_method
GRIN1	canonical	surface_yes	280.0	45	38	19	6	direct_multi_method
GRIN2A	canonical	surface_yes	278.0	37	28	20	6	direct_multi_method
GRIN2B	canonical	surface_yes	291.0	33	28	22	5	direct_multi_method
GRIN2C	canonical	surface_yes	235.0	30	22	19	5	direct_multi_method
GRIN2D	likely	surface_yes	238.0	30	27	20	5	direct_multi_method
GRIN3A	canonical	surface_yes	208.0	25	23	20	5	direct_multi_method
GRIN3B	likely	surface_yes	232.0	17	13	22	5	direct_single_method
GRM1	canonical	surface_yes	278.0	25	16	19	6	direct_single_method
GRM2	canonical	surface_yes	274.0	24	22	17	6	direct_multi_method
GRM3	canonical	surface_yes	268.0	23	21	19	7	direct_multi_method
GRM4	canonical	surface_yes	234.0	20	16	18	7	direct_multi_method
GRM5	canonical	surface_yes	287.0	33	29	20	6	direct_multi_method
GRM6	likely	surface_yes	221.0	20	17	20	6	direct_multi_method
GRM7	likely	surface_yes	254.0	19	14	16	7	direct_single_method
GRM8	canonical	surface_yes	224.0	16	13	21	7	direct_multi_method
GRN	low	surface_yes	283.0	18	16	16	4	weak
GRPR	canonical	surface_yes	260.0	32	28	16	5	direct_multi_method
GSDMA	likely	surface_yes	231.0	14	10	17	3	direct_single_method
GSDMB	likely	surface_yes	234.0	17	13	15	4	direct_multi_method
GSDMC	likely	surface_yes	212.0	14	12	19	3	direct_single_method
GSDMD	likely	surface_yes	353.0	28	23	14	4	direct_multi_method
GSDME	likely	surface_yes	283.0	25	23	15	5	direct_multi_method
GSG1	low	surface_yes	127.0	3	0	14	7	weak
GSG1L	likely	surface_yes	142.0	11	8	19	6	direct_multi_method
GSG1L2	low	surface_yes	27.0	2	0	15	5	weak
GUCY2C	likely	surface_yes	346.0	7	7	17	5	direct_multi_method
GUCY2D	likely	surface_yes	289.0	15	11	16	4	supportive_but_indirect
GUCY2F	likely	surface_yes	252.0	5	3	15	4	supportive_but_indirect
GUSB	low	surface_yes	337.0	2	1	15	6	weak
GYPA	likely	surface_yes	371.0	8	7	14	5	direct_multi_method
GYPB	canonical	surface_yes	332.0	6	3	14	4	direct_multi_method
GYPC	likely	surface_yes	347.0	17	15	15	5	direct_multi_method
GYPE	likely	surface_yes	308.0	0	0	11	3	weak
H2BC12L	low	surface_yes	119.0	1	0	14	3	weak
H2BC26	likely	surface_yes	164.0	1	0	14	2	supportive_but_indirect
HAPLN1	canonical	surface_yes		21	18	21	4	supportive_but_indirect
HAPLN3	low	surface_yes	171.0	2	1	15	4	weak
HAPLN4	low	surface_yes	155.0	7	7	18	5	weak
HAS3	canonical	surface_yes	220.0	33	30	17	5	direct_multi_method
HAVCR1	canonical	surface_yes	271.0	24	19	22	4	direct_multi_method
HAVCR2	canonical	surface_yes	296.0	39	35	19	6	direct_multi_method
HBEGF	canonical	surface_yes	281.0	37	29	18	5	direct_multi_method
HCAR1	canonical	surface_yes	244.0	23	22	16	5	direct_single_method
HCAR2	canonical	surface_yes	257.0	33	28	17	4	direct_multi_method
HCAR3	canonical	surface_yes	274.0	16	14	16	5	direct_single_method
HCN1	canonical	surface_yes	245.0	32	28	18	5	direct_multi_method
HCN2	canonical	surface_yes	282.0	27	24	17	5	direct_multi_method
HCN3	canonical	surface_yes	206.0	22	18	18	4	direct_multi_method
HCN4	canonical	surface_yes	253.0	28	27	19	4	direct_multi_method
HCRTR1	canonical	surface_yes	254.0	24	19	15	5	direct_multi_method
HCRTR2	canonical	surface_yes	257.0	32	28	16	5	direct_multi_method
HCST	canonical	surface_yes	218.0	19	17	19	4	direct_multi_method
HEG1	canonical	surface_yes	229.0	20	20	20	5	supportive_but_indirect
HEPACAM	canonical	surface_yes	235.0	28	25	21	6	direct_multi_method
HEPACAM2	likely	surface_yes	287.0	1	1	16	7	supportive_but_indirect
HEPH	likely	surface_yes	276.0	18	16	20	6	direct_multi_method
HEPHL1	likely	surface_yes	312.0	2	0	13	5	supportive_but_indirect
HFE	canonical	surface_yes	359.0	6	5	16	6	supportive_but_indirect
HHIP	canonical	surface_yes	340.0	7	5	14	5	weak
HHLA1	low	surface_yes	78.0	0	0	12	4	weak
HHLA2	canonical	surface_yes	213.0	25	23	17	5	direct_multi_method
HILPDA	low	surface_yes	227.0	16	16	15	3	conflicting
HJV	canonical	surface_yes	300.0	16	13	16	6	supportive_but_indirect
HLA-A	canonical	surface_yes	307.0	30	27	19	4	direct_multi_method
HLA-B	canonical	surface_yes	287.0	27	24	21	4	direct_multi_method
HLA-C	canonical	surface_yes	304.0	25	24	21	5	direct_multi_method
HLA-DMB	likely	surface_yes	221.0	13	10	19	5	direct_single_method
HLA-DOB	likely	surface_yes	217.0	11	8	19	5	direct_single_method
HLA-DPA1	canonical	surface_yes	251.0	19	19	19	4	direct_multi_method
HLA-DPB1	canonical	surface_yes	261.0	20	18	18	5	direct_multi_method
HLA-DQA1	canonical	surface_yes	270.0	11	10	18	4	direct_multi_method
HLA-DQA2	likely	surface_yes	291.0	15	14	18	4	direct_multi_method
HLA-DQB1	canonical	surface_yes	262.0	16	12	18	5	direct_multi_method
HLA-DQB2	likely	surface_yes	240.0	15	13	21	7	direct_multi_method
HLA-DRA	canonical	surface_yes	257.0	22	19	21	5	direct_multi_method
HLA-DRB1	canonical	surface_yes	258.0	14	13	20	4	direct_multi_method
HLA-DRB3	canonical	surface_yes	253.0	10	9	17	4	direct_multi_method
HLA-DRB4	canonical	surface_yes	246.0	14	12	21	4	direct_multi_method
HLA-DRB5	likely	surface_yes	263.0	13	13	17	5	direct_multi_method
HLA-E	likely	surface_yes	259.0	28	25	21	4	direct_multi_method
HLA-F	likely	surface_yes	229.0	20	18	21	5	direct_multi_method
HLA-G	likely	surface_yes	272.0	31	28	20	5	direct_multi_method
HMGB1	likely	surface_yes	369.0	25	22	16	4	supportive_but_indirect
HMGB2	low	surface_yes	285.0	4	3	15	4	weak
HMGN2	low	surface_yes	230.0	1	0	16	2	weak
HMMR	likely	surface_yes	248.0	29	25	18	5	direct_multi_method
HOMER3	low	surface_yes	195.0	7	6	18	6	conflicting
HPN	canonical	surface_yes	309.0	12	9	20	4	direct_single_method
HPSE	likely	surface_yes	337.0	22	18	17	5	supportive_but_indirect
HPSE2	canonical	surface_yes	237.0	16	14	17	5	supportive_but_indirect
HRCT1	low	surface_yes	113.0	0	0	11	3	weak
HRH1	canonical	surface_yes	255.0	28	24	17	5	direct_multi_method
HRH2	canonical	surface_yes	240.0	26	24	17	6	direct_multi_method
HRH3	canonical	surface_yes	224.0	27	19	18	6	direct_multi_method
HRH4	likely	surface_yes	289.0	6	4	14	6	supportive_but_indirect
HS3ST2	canonical	surface_yes	187.0	20	16	21	4	direct_multi_method
HSP90AA1	low	surface_yes	332.0	16	11	16	6	weak
HSP90AB1	likely	surface_yes	330.0	10	9	15	5	direct_single_method
HSP90B1	likely	surface_yes	277.0	25	20	17	5	direct_multi_method
HSPA1A	likely	surface_yes	321.0	15	13	20	5	direct_multi_method
HSPA1B	likely	surface_yes	315.0	12	11	16	4	weak
HSPA1L	low	surface_yes		9	8	14	5	weak
HSPA2	low	surface_yes	258.0	8	8	20	5	weak
HSPA5	likely	surface_yes	315.0	28	22	20	5	direct_multi_method
HSPA8	likely	surface_yes	290.0	20	17	20	6	direct_multi_method
HSPA9	likely	surface_yes	316.0	12	9	18	5	direct_single_method
HSPD1	likely	surface_yes	318.0	13	11	19	6	direct_multi_method
HSPG2	canonical	surface_yes	316.0	32	24	20	4	direct_multi_method
HTR1A	canonical	surface_yes	290.0	25	21	18	5	direct_multi_method
HTR1B	canonical	surface_yes	362.0	9	8	18	5	direct_single_method
HTR1D	canonical	surface_yes	234.0	17	9	18	4	direct_single_method
HTR1E	canonical	surface_yes	186.0	9	9	15	4	direct_single_method
HTR1F	canonical	surface_yes	224.0	12	9	15	5	direct_multi_method
HTR2A	canonical	surface_yes	301.0	28	25	18	6	direct_multi_method
HTR2B	canonical	surface_yes	279.0	33	29	17	5	direct_multi_method
HTR2C	canonical	surface_yes	284.0	25	24	16	6	direct_multi_method
HTR3A	canonical	surface_yes	259.0	34	27	18	7	direct_multi_method
HTR3B	canonical	surface_yes	203.0	19	17	19	7	direct_multi_method
HTR3C	canonical	surface_yes	144.0	14	11	17	5	direct_multi_method
HTR3D	likely	surface_yes	131.0	8	6	16	5	supportive_but_indirect
HTR3E	likely	surface_yes	136.0	12	12	18	6	direct_multi_method
HTR4	canonical	surface_yes	258.0	32	23	17	6	direct_multi_method
HTR5A	canonical	surface_yes	217.0	10	8	17	5	direct_multi_method
HTR6	likely	surface_yes	226.0	20	18	18	5	direct_multi_method
HTR7	canonical	surface_yes	247.0	25	23	16	6	direct_multi_method
HTRA1	canonical	surface_yes	279.0	25	19	17	5	supportive_but_indirect
HVCN1	canonical	surface_yes	230.0	27	23	19	6	direct_multi_method
HYAL1	low	surface_yes	246.0	25	19	16	5	supportive_but_indirect
HYAL2	canonical	surface_yes	261.0	21	19	20	5	direct_multi_method
HYAL3	likely	surface_yes	239.0	13	10	19	5	supportive_but_indirect
HYAL4	low	surface_yes	159.0	7	5	16	4	weak
HYOU1	likely	surface_yes	233.0	8	8	14	5	supportive_but_indirect
ICAM1	canonical	surface_yes	326.0	25	22	20	5	direct_multi_method
ICAM2	canonical	surface_yes	262.0	29	25	17	5	direct_multi_method
ICAM3	canonical	surface_yes	268.0	28	22	20	4	direct_multi_method
ICAM4	canonical	surface_yes	292.0	9	9	17	6	direct_multi_method
ICAM5	likely	surface_yes	277.0	23	21	20	5	direct_single_method
ICOS	canonical	surface_yes	304.0	29	24	18	5	direct_multi_method
ICOSLG	canonical	surface_yes	269.0	31	30	21	5	direct_multi_method
IDE	likely	surface_yes	311.0	12	9	16	6	direct_single_method
IDO2	low	surface_yes	257.0	4	4	15	2	weak
IFI16	low	surface_yes	296.0	15	13	15	4	weak
IFI35	low	surface_yes	224.0	4	3	15	6	weak
IFIT5	likely	surface_yes	271.0	5	4	13	4	direct_single_method
IFITM1	canonical	surface_yes	285.0	27	24	19	3	direct_multi_method
IFITM10	low	surface_yes	209.0	6	3	11	4	weak
IFITM2	likely	surface_yes	237.0	35	24	19	3	direct_single_method
IFITM3	likely	surface_yes	283.0	18	14	16	3	direct_multi_method
IFITM5	likely	surface_yes	237.0	14	6	13	4	supportive_but_indirect
IFNAR1	canonical	surface_yes	325.0	24	24	19	5	direct_multi_method
IFNAR2	canonical	surface_yes	290.0	30	24	22	5	direct_multi_method
IFNGR1	canonical	surface_yes	304.0	39	37	17	6	direct_multi_method
IFNGR2	canonical	surface_yes	288.0	30	26	18	5	direct_multi_method
IFNLR1	canonical	surface_yes	228.0	26	24	22	6	direct_multi_method
IGDCC3	likely	surface_yes	226.0	3	1	13	5	direct_single_method
IGDCC4	canonical	surface_yes	160.0	7	3	14	6	direct_single_method
IGF1R	canonical	surface_yes	331.0	38	36	17	5	direct_multi_method
IGF2R	likely	surface_yes	261.0	31	27	20	4	direct_multi_method
IGFBP7	low	surface_yes	319.0	16	15	15	5	weak
IGFL2	likely	surface_yes	147.0	5	4	15	4	supportive_but_indirect
IGFLR1	canonical	surface_yes	130.0	4	3	16	5	supportive_but_indirect
IGLL1	likely	surface_yes	338.0	4	2	17	4	direct_single_method
IGLON5	canonical	surface_yes	186.0	14	12	20	5	direct_multi_method
IGSF1	likely	surface_yes	293.0	15	14	18	6	direct_single_method
IGSF11	canonical	surface_yes	177.0	20	17	18	7	direct_single_method
IGSF21	canonical	surface_yes	130.0	4	4	17	4	supportive_but_indirect
IGSF22	low	surface_yes	72.0	0	0	11	4	weak
IGSF23	low	surface_yes	63.0	2	2	12	2	weak
IGSF3	canonical	surface_yes	303.0	12	10	17	6	direct_multi_method
IGSF5	likely	surface_yes	130.0	10	7	19	5	supportive_but_indirect
IGSF6	low	surface_yes	268.0	4	2	14	4	weak
IGSF8	canonical	surface_yes	179.0	32	32	20	6	direct_multi_method
IGSF9	canonical	surface_yes	202.0	12	10	19	6	direct_multi_method
IGSF9B	likely	surface_yes	156.0	7	6	17	6	supportive_but_indirect
IHH	low	surface_yes	279.0	12	10	17	4	weak
IL10RA	canonical	surface_yes	282.0	31	27	19	5	direct_multi_method
IL10RB	canonical	surface_yes	254.0	25	22	19	5	direct_multi_method
IL11RA	canonical	surface_yes	217.0	40	39	20	5	direct_multi_method
IL12RB1	canonical	surface_yes	319.0	16	15	20	5	direct_multi_method
IL12RB2	canonical	surface_yes	288.0	19	17	18	6	direct_multi_method
IL13RA1	canonical	surface_yes	278.0	27	24	21	6	direct_multi_method
IL13RA2	canonical	surface_yes	293.0	41	38	19	5	direct_multi_method
IL15	canonical	surface_yes	336.0	22	15	20	4	direct_single_method
IL15RA	canonical	surface_yes	263.0	27	23	20	5	direct_multi_method
IL17RA	canonical	surface_yes	260.0	36	33	16	6	direct_multi_method
IL17RB	canonical	surface_yes	276.0	14	11	19	6	direct_multi_method
IL17RC	canonical	surface_yes	211.0	26	22	20	6	direct_single_method
IL17RD	canonical	surface_yes	298.0	9	6	18	6	direct_single_method
IL17RE	canonical	surface_yes	231.0	21	16	21	6	direct_multi_method
IL18R1	canonical	surface_yes	299.0	29	26	15	5	direct_multi_method
IL18RAP	canonical	surface_yes	287.0	18	16	20	6	direct_multi_method
IL1A	low	surface_yes	354.0	11	10	19	3	weak
IL1R1	canonical	surface_yes	310.0	27	16	19	5	direct_multi_method
IL1R2	canonical	surface_yes	273.0	23	22	18	6	direct_multi_method
IL1RAP	canonical	surface_yes	253.0	29	27	17	6	direct_multi_method
IL1RAPL1	likely	surface_yes	249.0	10	4	18	5	direct_single_method
IL1RAPL2	likely	surface_yes	221.0	7	3	14	5	weak
IL1RL1	canonical	surface_yes	282.0	27	25	18	6	direct_multi_method
IL1RL2	canonical	surface_yes	236.0	29	23	18	6	direct_multi_method
IL20RA	canonical	surface_yes	216.0	26	22	18	6	direct_multi_method
IL20RB	canonical	surface_yes	210.0	29	25	19	6	direct_multi_method
IL21R	canonical	surface_yes	285.0	13	12	16	5	direct_multi_method
IL22RA1	canonical	surface_yes	254.0	26	21	19	5	direct_multi_method
IL23R	canonical	surface_yes	282.0	30	26	22	6	direct_multi_method
IL27RA	canonical	surface_yes	245.0	27	24	18	5	direct_multi_method
IL2RA	canonical	surface_yes	343.0	23	21	19	5	direct_multi_method
IL2RB	canonical	surface_yes	307.0	35	33	22	5	direct_multi_method
IL2RG	canonical	surface_yes	320.0	19	12	18	6	direct_multi_method
IL31RA	canonical	surface_yes	328.0	7	5	18	6	direct_multi_method
IL33	low	surface_yes	327.0	24	19	17	4	weak
IL3RA	canonical	surface_yes	300.0	35	31	15	5	direct_multi_method
IL4R	canonical	surface_yes	287.0	32	28	20	6	direct_multi_method
IL5RA	canonical	surface_yes	222.0	32	29	21	6	direct_multi_method
IL6R	canonical	surface_yes	294.0	35	32	22	6	direct_multi_method
IL6ST	canonical	surface_yes	251.0	38	34	22	6	direct_multi_method
IL7R	canonical	surface_yes	320.0	24	21	17	6	direct_multi_method
IL9R	canonical	surface_yes	253.0	25	23	19	6	direct_multi_method
ILDR1	likely	surface_yes	176.0	12	11	19	6	supportive_but_indirect
ILDR2	canonical	surface_yes	147.0	12	10	18	5	direct_single_method
IMPG1	low	surface_yes	159.0	11	10	18	6	weak
IMPG2	likely	surface_yes	165.0	13	11	20	5	supportive_but_indirect
INSR	canonical	surface_yes	317.0	25	23	20	6	direct_multi_method
INSRR	likely	surface_yes	294.0	15	9	16	5	direct_multi_method
IQCF1	low	surface_yes	58.0	1	0	15	5	weak
IQGAP1	low	surface_yes	277.0	22	18	15	4	weak
ISG15	low	surface_yes	335.0	15	12	15	4	weak
ISLR	likely	surface_yes	184.0	19	16	16	4	direct_single_method
ISLR2	likely	surface_yes	214.0	10	7	15	5	supportive_but_indirect
ISM1	likely	surface_yes	248.0	17	14	14	4	supportive_but_indirect
ITFG1	canonical	surface_yes	355.0	5	3	18	4	direct_single_method
ITGA1	canonical	surface_yes	286.0	36	31	19	5	direct_multi_method
ITGA10	canonical	surface_yes	231.0	16	12	20	6	direct_multi_method
ITGA11	canonical	surface_yes	231.0	39	36	20	6	direct_multi_method
ITGA2	canonical	surface_yes	347.0	19	19	19	5	direct_multi_method
ITGA2B	canonical	surface_yes	376.0	17	15	19	6	direct_multi_method
ITGA3	canonical	surface_yes	267.0	32	26	17	6	direct_multi_method
ITGA4	canonical	surface_yes	326.0	31	28	18	6	direct_multi_method
ITGA5	canonical	surface_yes	296.0	32	31	21	5	direct_multi_method
ITGA6	canonical	surface_yes	331.0	28	22	18	6	direct_multi_method
ITGA7	canonical	surface_yes	244.0	24	23	18	6	direct_multi_method
ITGA8	canonical	surface_yes	233.0	25	21	19	5	direct_multi_method
ITGA9	canonical	surface_yes	282.0	19	19	21	5	direct_multi_method
ITGAD	canonical	surface_yes	205.0	19	16	22	5	direct_multi_method
ITGAE	likely	surface_yes	292.0	41	39	20	5	direct_multi_method
ITGAL	canonical	surface_yes	287.0	45	40	20	6	direct_multi_method
ITGAM	canonical	surface_yes	330.0	31	26	20	6	direct_multi_method
ITGAV	canonical	surface_yes	274.0	31	29	18	6	direct_multi_method
ITGAX	canonical	surface_yes	333.0	26	25	17	5	direct_multi_method
ITGB1	canonical	surface_yes	333.0	34	31	20	6	direct_multi_method
ITGB2	canonical	surface_yes	294.0	36	32	18	5	direct_multi_method
ITGB3	canonical	surface_yes	362.0	29	26	17	6	direct_multi_method
ITGB4	canonical	surface_yes	270.0	40	33	21	6	direct_multi_method
ITGB5	canonical	surface_yes	258.0	29	26	22	5	direct_multi_method
ITGB6	canonical	surface_yes	256.0	23	18	20	6	direct_multi_method
ITGB7	canonical	surface_yes	246.0	22	22	17	6	direct_multi_method
ITGB8	canonical	surface_yes	272.0	22	20	16	6	direct_multi_method
ITGBL1	low	surface_yes	354.0	12	11	16	5	weak
ITM2A	likely	surface_yes	209.0	12	11	18	5	direct_single_method
ITM2B	canonical	surface_yes	230.0	16	13	22	6	direct_single_method
ITM2C	low	surface_yes	256.0	1	1	11	6	weak
ITPRIPL1	canonical	surface_yes	217.0	7	7	16	5	direct_multi_method
IYD	likely	surface_yes	186.0	10	9	17	5	direct_single_method
IZUMO1	likely	surface_yes	267.0	24	21	20	4	direct_multi_method
IZUMO1R	likely	surface_yes	240.0	22	20	21	6	direct_multi_method
IZUMO2	likely	surface_yes	140.0	6	5	17	5	direct_multi_method
IZUMO3	low	surface_yes	60.0	5	1	15	4	weak
JAG1	canonical	surface_yes	331.0	21	17	18	6	direct_single_method
JAG2	canonical	surface_yes	293.0	26	24	15	6	direct_single_method
JAM2	canonical	surface_yes	248.0	24	23	19	7	direct_multi_method
JAM3	canonical	surface_yes	245.0	33	32	22	6	direct_multi_method
JAML	canonical	surface_yes	209.0	21	20	22	4	direct_multi_method
JCAD	low	surface_yes	189.0	13	12	16	3	weak
KANTR	low	surface_yes	269.0	0	0	11	3	weak
KARS1	likely	surface_yes	272.0	8	7	19	6	supportive_but_indirect
KAZN	low	surface_yes	207.0	4	4	16	5	weak
KCNA1	canonical	surface_yes	266.0	27	24	18	5	direct_multi_method
KCNA10	canonical	surface_yes	160.0	6	6	16	5	supportive_but_indirect
KCNA2	canonical	surface_yes	284.0	31	28	20	6	direct_multi_method
KCNA3	canonical	surface_yes	256.0	40	33	19	7	direct_multi_method
KCNA4	canonical	surface_yes	350.0	8	8	18	5	direct_single_method
KCNA5	canonical	surface_yes	339.0	22	19	17	6	direct_multi_method
KCNA6	canonical	surface_yes	207.0	21	17	18	5	direct_multi_method
KCNA7	canonical	surface_yes	150.0	11	9	15	5	direct_multi_method
KCNB1	canonical	surface_yes	230.0	32	26	20	5	direct_multi_method
KCNB2	canonical	surface_yes	199.0	24	23	20	4	direct_multi_method
KCNC1	canonical	surface_yes	230.0	27	22	17	6	direct_multi_method
KCNC2	likely	surface_yes	227.0	19	17	15	6	direct_multi_method
KCNC3	canonical	surface_yes	205.0	25	22	16	5	direct_multi_method
KCNC4	canonical	surface_yes	201.0	22	21	19	6	direct_multi_method
KCND1	canonical	surface_yes	192.0	19	13	18	6	direct_multi_method
KCND2	canonical	surface_yes	224.0	28	25	17	5	direct_multi_method
KCND3	canonical	surface_yes	230.0	37	28	17	6	direct_multi_method
KCNE1	canonical	surface_yes	264.0	25	18	18	4	direct_multi_method
KCNE2	canonical	surface_yes	202.0	17	16	20	4	direct_multi_method
KCNE3	canonical	surface_yes	211.0	24	17	17	4	direct_multi_method
KCNE4	canonical	surface_yes	175.0	21	19	16	4	direct_single_method
KCNE5	canonical	surface_yes	165.0	12	9	14	4	direct_single_method
KCNF1	canonical	surface_yes	217.0	6	6	16	4	direct_multi_method
KCNG1	canonical	surface_yes	287.0	3	3	15	6	supportive_but_indirect
KCNG2	likely	surface_yes	158.0	4	3	15	5	supportive_but_indirect
KCNG3	likely	surface_yes	204.0	3	3	15	6	supportive_but_indirect
KCNG4	likely	surface_yes	156.0	12	9	16	7	supportive_but_indirect
KCNH1	canonical	surface_yes	241.0	29	22	20	5	direct_multi_method
KCNH2	canonical	surface_yes	287.0	32	27	19	5	direct_multi_method
KCNH3	likely	surface_yes	177.0	10	8	15	4	direct_multi_method
KCNH4	likely	surface_yes	239.0	5	3	13	4	direct_single_method
KCNH5	likely	surface_yes	202.0	20	11	17	5	direct_multi_method
KCNH6	canonical	surface_yes	265.0	18	15	16	5	direct_multi_method
KCNH7	likely	surface_yes	253.0	12	9	15	5	direct_single_method
KCNH8	likely	surface_yes	288.0	3	2	13	5	weak
KCNJ1	canonical	surface_yes	230.0	28	24	16	6	direct_multi_method
KCNJ10	canonical	surface_yes	282.0	31	22	19	5	direct_multi_method
KCNJ11	canonical	surface_yes	281.0	32	29	19	6	direct_multi_method
KCNJ12	canonical	surface_yes	213.0	20	18	14	6	direct_multi_method
KCNJ13	canonical	surface_yes	233.0	28	25	21	6	direct_multi_method
KCNJ14	canonical	surface_yes	161.0	16	15	18	5	direct_multi_method
KCNJ15	canonical	surface_yes	199.0	24	21	19	5	direct_multi_method
KCNJ16	canonical	surface_yes	198.0	27	24	19	5	direct_multi_method
KCNJ18	likely	surface_yes	126.0	6	5	17	4	direct_single_method
KCNJ2	canonical	surface_yes	267.0	36	32	18	5	direct_multi_method
KCNJ3	canonical	surface_yes	245.0	31	26	20	7	direct_multi_method
KCNJ4	canonical	surface_yes	256.0	24	22	19	6	direct_multi_method
KCNJ5	canonical	surface_yes	291.0	16	13	17	5	direct_multi_method
KCNJ6	canonical	surface_yes	242.0	24	19	18	5	direct_multi_method
KCNJ8	canonical	surface_yes	234.0	41	35	20	5	direct_multi_method
KCNJ9	canonical	surface_yes	315.0	8	8	18	5	direct_multi_method
KCNK1	likely	surface_yes	238.0	32	24	17	5	supportive_but_indirect
KCNK10	canonical	surface_yes	294.0	21	16	16	6	direct_multi_method
KCNK12	likely	surface_yes	154.0	17	11	19	5	direct_multi_method
KCNK13	canonical	surface_yes	167.0	23	17	13	5	direct_multi_method
KCNK15	canonical	surface_yes	200.0	11	8	15	5	direct_single_method
KCNK16	likely	surface_yes	175.0	15	11	15	5	direct_multi_method
KCNK17	canonical	surface_yes	208.0	16	12	14	5	direct_multi_method
KCNK18	canonical	surface_yes	209.0	21	16	17	6	direct_multi_method
KCNK2	canonical	surface_yes	204.0	41	35	17	6	direct_multi_method
KCNK3	canonical	surface_yes	320.0	24	17	18	5	direct_multi_method
KCNK4	canonical	surface_yes	233.0	23	20	18	6	direct_multi_method
KCNK5	canonical	surface_yes	248.0	26	21	17	6	direct_multi_method
KCNK6	likely	surface_yes	226.0	19	18	18	6	supportive_but_indirect
KCNK9	canonical	surface_yes	251.0	33	26	18	5	direct_multi_method
KCNMA1	canonical	surface_yes	260.0	34	26	20	5	direct_multi_method
KCNMB1	canonical	surface_yes	207.0	25	19	20	6	direct_multi_method
KCNMB2	canonical	surface_yes	241.0	17	13	17	5	direct_multi_method
KCNMB3	canonical	surface_yes	220.0	20	12	17	6	direct_multi_method
KCNMB4	likely	surface_yes	191.0	23	17	19	5	direct_multi_method
KCNN1	canonical	surface_yes	275.0	23	21	19	5	direct_multi_method
KCNN2	canonical	surface_yes	240.0	34	32	20	6	direct_multi_method
KCNN3	canonical	surface_yes	277.0	27	20	20	5	direct_multi_method
KCNN4	canonical	surface_yes	282.0	35	33	20	5	direct_multi_method
KCNQ1	canonical	surface_yes	267.0	29	21	17	5	direct_multi_method
KCNQ2	canonical	surface_yes	253.0	30	25	16	5	direct_multi_method
KCNQ3	canonical	surface_yes	242.0	32	26	19	6	direct_multi_method
KCNQ4	canonical	surface_yes	230.0	24	18	17	6	direct_multi_method
KCNQ5	canonical	surface_yes	224.0	27	26	18	5	direct_multi_method
KCNS1	likely	surface_yes	180.0	10	10	17	6	direct_single_method
KCNS2	likely	surface_yes	138.0	5	4	17	5	supportive_but_indirect
KCNS3	canonical	surface_yes	179.0	13	12	17	5	direct_single_method
KCNT1	canonical	surface_yes	268.0	22	16	15	5	direct_multi_method
KCNT2	canonical	surface_yes	239.0	26	21	17	5	direct_multi_method
KCNU1	likely	surface_yes	250.0	16	14	18	3	direct_multi_method
KCNV1	likely	surface_yes	157.0	6	6	16	5	direct_single_method
KCNV2	likely	surface_yes	241.0	10	9	16	6	direct_single_method
KDELR1	low	surface_yes	234.0	15	14	18	5	direct_multi_method
KDR	canonical	surface_yes	336.0	31	28	18	6	direct_multi_method
KEL	likely	surface_yes	279.0	15	12	16	5	direct_multi_method
KIAA0319	canonical	surface_yes	164.0	8	7	18	7	direct_single_method
KIAA0319L	likely	surface_yes	188.0	18	13	17	5	direct_multi_method
KIAA1549L	low	surface_yes	350.0	0	0	11	6	weak
KIAA2013	low	surface_yes	83.0	1	0	11	5	weak
KIDINS220	likely	surface_yes	334.0	4	4	16	4	weak
KIR2DL1	canonical	surface_yes	257.0	42	38	19	5	direct_multi_method
KIR2DL2	canonical	surface_yes	280.0	32	31	16	3	direct_multi_method
KIR2DL3	canonical	surface_yes	286.0	28	25	17	5	direct_multi_method
KIR2DL4	likely	surface_yes	291.0	23	20	21	5	direct_multi_method
KIR2DL5A	canonical	surface_yes	177.0	17	14	16	3	direct_multi_method
KIR2DL5B	likely	surface_yes	190.0	11	9	18	3	direct_multi_method
KIR2DS1	canonical	surface_yes	226.0	28	26	18	3	direct_multi_method
KIR2DS2	likely	surface_yes	242.0	17	15	17	3	direct_multi_method
KIR2DS3	low	surface_yes	176.0	13	12	18	3	conflicting
KIR2DS4	canonical	surface_yes	234.0	25	22	19	4	direct_multi_method
KIR2DS5	likely	surface_yes	187.0	13	12	15	3	direct_multi_method
KIR3DL1	canonical	surface_yes	292.0	25	23	17	5	direct_multi_method
KIR3DL2	canonical	surface_yes	299.0	20	19	16	5	direct_multi_method
KIR3DL3	likely	surface_yes	209.0	11	11	19	4	direct_multi_method
KIR3DS1	likely	surface_yes	194.0	21	18	17	3	direct_multi_method
KIRREL1	canonical	surface_yes	202.0	21	18	22	6	direct_single_method
KIRREL2	likely	surface_yes	185.0	13	10	19	6	supportive_but_indirect
KIRREL3	likely	surface_yes	195.0	13	12	21	6	supportive_but_indirect
KISS1R	canonical	surface_yes	230.0	34	29	20	5	direct_multi_method
KIT	canonical	surface_yes	394.0	10	9	15	6	direct_multi_method
KITLG	canonical	surface_yes	333.0	24	18	19	5	supportive_but_indirect
KL	likely	surface_yes	327.0	16	14	21	6	supportive_but_indirect
KLB	canonical	surface_yes	239.0	27	25	19	4	direct_multi_method
KLK2	canonical	surface_yes	351.0	10	8	15	4	direct_multi_method
KLK8	low	surface_yes	370.0	2	0	15	5	weak
KLRB1	canonical	surface_yes	256.0	35	31	15	4	direct_multi_method
KLRC1	canonical	surface_yes	268.0	36	33	17	5	direct_multi_method
KLRC2	canonical	surface_yes	260.0	32	29	18	5	direct_multi_method
KLRC3	low	surface_yes	202.0	15	15	19	5	conflicting
KLRC4	low	surface_yes	187.0	10	10	16	3	conflicting
KLRD1	canonical	surface_yes	313.0	20	17	19	6	direct_multi_method
KLRF1	canonical	surface_yes	245.0	17	16	15	5	direct_multi_method
KLRF2	likely	surface_yes	74.0	6	6	15	5	direct_multi_method
KLRG1	canonical	surface_yes	312.0	23	21	15	6	direct_multi_method
KLRG2	low	surface_yes	98.0	0	0	11	5	weak
KLRK1	canonical	surface_yes	302.0	39	33	17	5	direct_multi_method
KREMEN1	canonical	surface_yes	199.0	23	21	16	6	direct_multi_method
KREMEN2	canonical	surface_yes	190.0	9	9	20	6	direct_multi_method
KRT1	likely	surface_yes	328.0	9	9	15	4	supportive_but_indirect
KRT10	low	surface_yes	310.0	15	13	14	4	weak
KRT8	likely	surface_yes	346.0	7	7	15	5	supportive_but_indirect
KRTDAP	low	surface_yes	214.0	3	2	14	4	weak
L1CAM	canonical	surface_yes	262.0	34	32	20	6	direct_multi_method
LAD1	low	surface_yes	296.0	4	1	20	3	weak
LAG3	canonical	surface_yes	312.0	30	27	22	6	direct_multi_method
LAIR1	canonical	surface_yes	231.0	38	35	18	4	direct_multi_method
LAMA3	canonical	surface_yes	290.0	14	14	20	5	supportive_but_indirect
LAMP1	likely	surface_yes	338.0	19	14	17	6	direct_multi_method
LAMP2	likely	surface_yes	285.0	23	18	16	6	direct_multi_method
LAMP3	likely	surface_yes	270.0	18	16	18	3	direct_single_method
LAMP5	likely	surface_yes	233.0	5	4	15	6	direct_single_method
LAPTM4B	likely	surface_yes	186.0	11	11	18	5	direct_single_method
LAT	likely	surface_yes	287.0	23	22	15	4	direct_multi_method
LAT2	likely	surface_yes	357.0	10	7	16	4	supportive_but_indirect
LAX1	likely	surface_yes	258.0	6	6	17	4	direct_multi_method
LAYN	canonical	surface_yes	222.0	18	18	17	6	direct_multi_method
LCN6	likely	surface_yes	109.0	8	5	13	5	supportive_but_indirect
LCP1	likely	surface_yes	268.0	6	6	16	5	supportive_but_indirect
LCT	likely	surface_yes	358.0	3	1	15	5	weak
LCTL	likely	surface_yes	192.0	6	6	15	5	supportive_but_indirect
LDLR	canonical	surface_yes	308.0	34	31	22	6	direct_multi_method
LDLRAD1	low	surface_yes	61.0	0	0	12	4	weak
LDLRAD2	low	surface_yes	48.0	1	1	13	4	weak
LDLRAD3	canonical	surface_yes	170.0	12	12	15	5	direct_multi_method
LEPR	canonical	surface_yes	304.0	23	20	19	6	direct_multi_method
LGALS1	likely	surface_yes	295.0	20	20	17	5	supportive_but_indirect
LGALS13	likely	surface_yes	257.0	9	9	16	3	supportive_but_indirect
LGALS16	low	surface_yes	115.0	3	3	13	3	weak
LGALS3	likely	surface_yes	297.0	31	30	21	4	direct_multi_method
LGALS3BP	likely	surface_yes	274.0	25	22	17	5	direct_multi_method
LGALS4	likely	surface_yes	332.0	5	4	18	4	direct_single_method
LGALS7	likely	surface_yes	240.0	24	21	17	4	supportive_but_indirect
LGALS8	likely	surface_yes	218.0	28	27	18	5	supportive_but_indirect
LGALS9	likely	surface_yes	286.0	29	26	18	4	direct_multi_method
LGALS9B	low	surface_yes	116.0	1	0	15	4	weak
LGALS9C	low	surface_yes	159.0	3	1	16	3	weak
LGI1	canonical	surface_yes	272.0	21	18	20	5	direct_multi_method
LGI2	canonical	surface_yes	143.0	6	3	16	4	supportive_but_indirect
LGI3	canonical	surface_yes	136.0	11	9	19	5	supportive_but_indirect
LGI4	canonical	surface_yes	189.0	12	9	21	5	direct_multi_method
LGMN	likely	surface_yes	265.0	32	25	18	6	supportive_but_indirect
LGR4	canonical	surface_yes	219.0	29	25	16	6	direct_multi_method
LGR5	canonical	surface_yes	347.0	25	17	16	6	direct_multi_method
LGR6	canonical	surface_yes	327.0	15	12	17	6	supportive_but_indirect
LGTN	low	surface_yes	184.0	6	5	16	3	supportive_but_indirect
LHCGR	canonical	surface_yes	283.0	26	16	19	6	direct_multi_method
LHFPL1	low	surface_yes	102.0	2	1	14	6	weak
LHFPL2	low	surface_yes	158.0	2	1	15	5	weak
LHFPL3	low	surface_yes	205.0	3	0	16	4	weak
LHFPL4	low	surface_yes	128.0	7	4	16	5	weak
LHFPL5	likely	surface_yes	226.0	14	13	17	4	supportive_but_indirect
LHFPL6	likely	surface_yes	200.0	3	3	17	4	direct_single_method
LIFR	canonical	surface_yes	271.0	33	28	19	5	direct_multi_method
LILRA1	canonical	surface_yes	155.0	14	10	20	5	direct_multi_method
LILRA2	canonical	surface_yes	190.0	19	18	18	5	direct_multi_method
LILRA4	likely	surface_yes	218.0	17	17	18	5	direct_multi_method
LILRA5	canonical	surface_yes	193.0	13	12	19	5	direct_multi_method
LILRA6	likely	surface_yes	200.0	12	6	18	5	direct_multi_method
LILRB1	canonical	surface_yes	266.0	34	33	20	5	direct_multi_method
LILRB2	canonical	surface_yes	226.0	42	39	20	5	direct_multi_method
LILRB3	canonical	surface_yes	221.0	31	29	17	5	direct_multi_method
LILRB4	canonical	surface_yes	276.0	32	30	18	4	direct_multi_method
LILRB5	canonical	surface_yes	142.0	9	7	18	5	direct_multi_method
LIM2	likely	surface_yes	218.0	8	5	17	6	supportive_but_indirect
LIME1	likely	surface_yes	310.0	9	8	17	5	supportive_but_indirect
LINGO1	likely	surface_yes	211.0	17	16	19	6	direct_multi_method
LINGO2	canonical	surface_yes	175.0	11	9	20	5	direct_multi_method
LINGO3	canonical	surface_yes	106.0	3	1	14	5	supportive_but_indirect
LINGO4	low	surface_yes	81.0	2	1	11	5	weak
LIPC	likely	surface_yes	369.0	3	2	15	4	weak
LIPG	canonical	surface_yes	339.0	5	3	17	5	direct_single_method
LIPI	low	surface_yes	223.0	2	0	18	5	weak
LIPJ	uncertain	surface_yes	85.0	1	1	10	3	weak
LMAN2	low	surface_yes	210.0	16	10	19	5	supportive_but_indirect
LMAN2L	low	surface_yes	148.0	12	8	14	6	direct_single_method
LMBR1	low	surface_yes	270.0	1	1	13	7	weak
LMBR1L	canonical	surface_yes	215.0	9	6	13	6	supportive_but_indirect
LMBRD1	low	surface_yes	234.0	15	13	17	5	weak
LMBRD2	canonical	surface_yes	99.0	2	1	11	4	supportive_but_indirect
LMLN	likely	surface_yes	340.0	0	0	13	4	weak
LMTK3	likely	surface_yes	159.0	9	6	17	4	supportive_but_indirect
LNPEP	likely	surface_yes	353.0	11	9	15	6	direct_single_method
LOXL2	canonical	surface_yes	333.0	25	24	17	4	supportive_but_indirect
LOXL4	canonical	surface_yes	223.0	15	14	15	4	supportive_but_indirect
LPAR1	canonical	surface_yes	262.0	35	29	17	6	direct_multi_method
LPAR2	canonical	surface_yes	250.0	29	22	16	5	direct_multi_method
LPAR3	canonical	surface_yes	331.0	24	20	14	5	direct_single_method
LPAR4	canonical	surface_yes	211.0	23	20	16	5	direct_single_method
LPAR5	canonical	surface_yes	198.0	25	21	16	5	direct_multi_method
LPAR6	canonical	surface_yes	238.0	20	16	16	6	direct_single_method
LPL	canonical	surface_yes	318.0	18	18	22	5	direct_single_method
LRCH4	low	surface_yes	222.0	3	1	14	4	weak
LRFN1	likely	surface_yes	121.0	4	2	16	5	supportive_but_indirect
LRFN2	likely	surface_yes	158.0	13	13	20	5	supportive_but_indirect
LRFN3	likely	surface_yes	119.0	9	4	16	5	supportive_but_indirect
LRFN4	canonical	surface_yes	135.0	13	8	18	5	direct_single_method
LRFN5	likely	surface_yes	170.0	11	5	16	5	direct_single_method
LRG1	low	surface_yes	279.0	21	19	17	5	conflicting
LRIG1	canonical	surface_yes	277.0	19	18	16	6	direct_multi_method
LRIG2	canonical	surface_yes	187.0	15	14	18	5	direct_single_method
LRIG3	canonical	surface_yes	189.0	15	14	18	6	supportive_but_indirect
LRIT1	likely	surface_yes	298.0	1	0	17	5	weak
LRIT2	low	surface_yes	95.0	1	0	12	7	weak
LRIT3	likely	surface_yes	172.0	11	11	16	6	supportive_but_indirect
LRP1	canonical	surface_yes	310.0	39	30	20	6	direct_multi_method
LRP10	canonical	surface_yes	180.0	12	9	15	6	supportive_but_indirect
LRP11	likely	surface_yes	148.0	3	1	17	6	weak
LRP12	likely	surface_yes	241.0	4	3	14	6	weak
LRP1B	canonical	surface_yes	273.0	18	12	17	5	direct_multi_method
LRP2	canonical	surface_yes	312.0	33	30	21	5	direct_multi_method
LRP3	likely	surface_yes	159.0	4	3	11	5	weak
LRP4	canonical	surface_yes	254.0	26	20	20	5	direct_multi_method
LRP5	canonical	surface_yes	297.0	28	25	16	5	supportive_but_indirect
LRP6	canonical	surface_yes	280.0	36	33	22	5	direct_multi_method
LRP8	canonical	surface_yes	230.0	33	28	22	6	direct_multi_method
LRRC15	canonical	surface_yes	255.0	30	27	21	6	direct_multi_method
LRRC17	low	surface_yes	176.0	1	1	14	5	weak
LRRC19	likely	surface_yes	97.0	10	7	16	5	supportive_but_indirect
LRRC24	low	surface_yes	84.0	1	0	12	5	weak
LRRC25	likely	surface_yes	233.0	5	5	13	3	supportive_but_indirect
LRRC26	likely	surface_yes	184.0	18	16	21	5	direct_multi_method
LRRC3	low	surface_yes	150.0	3	0	12	4	weak
LRRC32	canonical	surface_yes	242.0	29	29	20	5	direct_multi_method
LRRC37A	low	surface_yes	149.0	5	0	16	4	weak
LRRC37A2	low	surface_yes	116.0	2	0	15	4	weak
LRRC37B	likely	surface_yes	93.0	3	2	19	5	supportive_but_indirect
LRRC38	likely	surface_yes	98.0	4	2	15	5	supportive_but_indirect
LRRC3C	low	surface_yes	64.0	0	0	11	4	weak
LRRC4	likely	surface_yes	192.0	15	12	19	5	direct_single_method
LRRC4B	likely	surface_yes	235.0	9	7	20	5	supportive_but_indirect
LRRC4C	likely	surface_yes	203.0	12	10	19	5	direct_single_method
LRRC51	low	surface_yes	50.0	1	0	15	4	weak
LRRC52	likely	surface_yes	122.0	15	14	17	5	direct_multi_method
LRRC53	uncertain	surface_yes	15.0	0	0	11	3	weak
LRRC55	likely	surface_yes	119.0	5	4	15	5	direct_single_method
LRRC70	low	surface_yes	47.0	2	0	12	3	weak
LRRC8A	canonical	surface_yes	226.0	34	30	18	4	direct_multi_method
LRRC8B	canonical	surface_yes	204.0	25	18	18	4	direct_multi_method
LRRC8C	likely	surface_yes	375.0	5	5	14	4	direct_single_method
LRRC8D	canonical	surface_yes	163.0	26	21	19	4	direct_multi_method
LRRC8E	canonical	surface_yes	155.0	29	27	20	4	direct_multi_method
LRRFIP1	likely	surface_yes	290.0	1	1	18	4	direct_single_method
LRRN1	canonical	surface_yes	187.0	9	8	17	5	direct_multi_method
LRRN2	likely	surface_yes	163.0	4	2	13	5	weak
LRRN3	likely	surface_yes	183.0	4	2	15	5	weak
LRRN4	likely	surface_yes	138.0	4	1	13	5	weak
LRRN4CL	low	surface_yes	77.0	2	1	14	5	weak
LRRTM1	likely	surface_yes	172.0	13	13	19	4	direct_multi_method
LRRTM2	likely	surface_yes	173.0	16	15	17	5	direct_multi_method
LRRTM3	likely	surface_yes	140.0	11	11	16	6	supportive_but_indirect
LRRTM4	likely	surface_yes	169.0	9	9	18	6	supportive_but_indirect
LRTM1	likely	surface_yes	108.0	7	4	16	6	direct_single_method
LRTM2	likely	surface_yes	125.0	3	2	14	5	supportive_but_indirect
LRTM3	low	surface_yes	144.0	4	1	13	2	weak
LSAMP	likely	surface_yes	358.0	3	1	16	6	direct_single_method
LSMEM1	low	surface_yes	65.0	1	1	13	5	weak
LSMEM2	likely	surface_yes	50.0	3	3	14	3	direct_multi_method
LSR	canonical	surface_yes	330.0	8	6	18	5	direct_multi_method
LST1	likely	surface_yes	238.0	12	11	20	4	direct_single_method
LTA	canonical	surface_yes	389.0	2	1	16	5	direct_single_method
LTB	canonical	surface_yes	318.0	13	12	18	6	direct_single_method
LTB4R	canonical	surface_yes	252.0	27	23	17	5	direct_multi_method
LTB4R2	canonical	surface_yes	221.0	27	26	17	5	direct_multi_method
LTBR	canonical	surface_yes	304.0	24	22	14	6	supportive_but_indirect
LTK	likely	surface_yes	273.0	9	6	16	6	supportive_but_indirect
LVRN	canonical	surface_yes	276.0	2	2	17	5	direct_multi_method
LY6D	canonical	surface_yes	243.0	18	15	16	5	direct_single_method
LY6E	canonical	surface_yes	258.0	24	20	17	5	direct_multi_method
LY6G6C	canonical	surface_yes	151.0	6	5	17	4	supportive_but_indirect
LY6G6D	canonical	surface_yes	195.0	12	8	16	5	direct_multi_method
LY6G6F	likely	surface_yes	152.0	9	4	14	6	direct_multi_method
LY6H	canonical	surface_yes	139.0	9	8	21	6	direct_multi_method
LY6K	canonical	surface_yes	192.0	15	12	19	5	direct_single_method
LY6L	likely	surface_yes	24.0	4	0	16	3	weak
LY6S	canonical	surface_yes	192.0	11	1	15	3	supportive_but_indirect
LY75	canonical	surface_yes	247.0	26	26	16	6	direct_multi_method
LY86	likely	surface_yes	309.0	3	3	17	3	direct_single_method
LY9	canonical	surface_yes	195.0	31	30	19	7	direct_multi_method
LY96	canonical	surface_yes	294.0	32	23	21	4	direct_multi_method
LYNX1	canonical	surface_yes	191.0	23	21	19	4	direct_single_method
LYPD1	canonical	surface_yes	243.0	10	7	18	6	direct_single_method
LYPD2	canonical	surface_yes	129.0	4	2	17	5	supportive_but_indirect
LYPD3	canonical	surface_yes	189.0	28	27	22	5	direct_single_method
LYPD4	low	surface_yes	293.0	3	1	13	6	weak
LYPD5	likely	surface_yes	119.0	7	4	17	6	supportive_but_indirect
LYPD6	canonical	surface_yes	137.0	13	12	16	5	supportive_but_indirect
LYPD6B	canonical	surface_yes	147.0	12	8	19	6	supportive_but_indirect
LYPD8	likely	surface_yes	116.0	3	3	16	4	direct_multi_method
LYSMD3	likely	surface_yes	91.0	3	2	14	6	direct_multi_method
LYVE1	canonical	surface_yes	299.0	35	30	21	5	direct_multi_method
LYZL1	low	surface_yes	105.0	4	3	16	4	weak
LYZL4	likely	surface_yes	110.0	8	6	15	4	direct_single_method
LYZL6	likely	surface_yes	95.0	7	6	13	4	supportive_but_indirect
M6PR	likely	surface_yes	241.0	22	20	17	5	direct_multi_method
MADCAM1	likely	surface_yes	240.0	31	26	19	3	direct_multi_method
MADD	low	surface_yes	233.0	11	9	14	4	weak
MAEA	low	surface_yes	301.0	4	4	12	5	weak
MAG	likely	surface_yes	324.0	6	2	16	6	supportive_but_indirect
MAGT1	low	surface_yes	316.0	18	16	17	5	supportive_but_indirect
MAL	likely	surface_yes	364.0	16	13	19	6	direct_multi_method
MAL2	low	surface_yes	210.0	21	21	18	5	direct_single_method
MALL	low	surface_yes	299.0	2	1	18	4	weak
MALRD1	low	surface_yes	174.0	3	3	13	5	weak
MAN2B1	low	surface_yes	254.0	3	1	14	5	weak
MANF	low	surface_yes	317.0	13	9	15	4	weak
MANSC4	low	surface_yes	45.0	0	0	11	6	weak
MAP1B	low	surface_yes	268.0	6	4	15	2	weak
MARCKS	likely	surface_yes	340.0	8	7	16	4	supportive_but_indirect
MARCO	likely	surface_yes	336.0	16	15	17	5	direct_multi_method
MARCOL	low	surface_yes	88.0	0	0	11	2	weak
MARVELD1	low	surface_yes	139.0	3	0	16	4	weak
MARVELD2	likely	surface_yes	264.0	25	22	18	5	supportive_but_indirect
MARVELD3	likely	surface_yes	177.0	17	16	18	5	supportive_but_indirect
MAS1	canonical	surface_yes	342.0	21	19	15	5	direct_single_method
MAS1L	likely	surface_yes	272.0	7	4	13	4	direct_single_method
MC1R	canonical	surface_yes	277.0	27	19	17	5	direct_multi_method
MC2R	likely	surface_yes	322.0	6	4	15	5	weak
MC3R	canonical	surface_yes	282.0	21	19	15	5	direct_multi_method
MC4R	canonical	surface_yes	339.0	24	22	20	5	direct_multi_method
MC5R	canonical	surface_yes	263.0	23	16	16	5	direct_multi_method
MCAM	canonical	surface_yes	313.0	31	30	18	6	direct_multi_method
MCEMP1	likely	surface_yes	189.0	5	5	14	3	direct_single_method
MCHR1	canonical	surface_yes	263.0	25	23	17	5	direct_multi_method
MCHR2	canonical	surface_yes	272.0	15	8	14	4	direct_multi_method
MCOLN1	low	surface_yes	260.0	27	25	16	6	weak
MCOLN2	likely	surface_yes	200.0	15	12	16	6	direct_multi_method
MCOLN3	likely	surface_yes	214.0	18	16	19	6	direct_single_method
MDGA1	canonical	surface_yes	179.0	18	18	20	6	direct_multi_method
MDGA2	canonical	surface_yes	178.0	13	12	18	6	direct_multi_method
MEGF10	canonical	surface_yes	225.0	26	19	21	6	supportive_but_indirect
MEGF11	likely	surface_yes	133.0	5	4	15	6	supportive_but_indirect
MEGF8	canonical	surface_yes	217.0	8	7	16	6	supportive_but_indirect
MEGF9	canonical	surface_yes	155.0	4	2	14	5	supportive_but_indirect
MELTF	canonical	surface_yes	287.0	19	18	21	6	direct_multi_method
MEP1A	canonical	surface_yes	206.0	20	18	21	5	supportive_but_indirect
MEP1B	canonical	surface_yes	253.0	26	19	21	6	direct_multi_method
MERTK	canonical	surface_yes	327.0	33	28	19	5	direct_multi_method
MET	canonical	surface_yes	358.0	30	26	19	6	direct_multi_method
MFAP3L	low	surface_yes	134.0	0	0	12	6	weak
MFGE8	canonical	surface_yes	261.0	17	13	14	5	supportive_but_indirect
MFRP	likely	surface_yes	232.0	10	8	14	6	supportive_but_indirect
MFSD2A	canonical	surface_yes	248.0	30	27	18	6	direct_multi_method
MFSD2B	likely	surface_yes	136.0	12	11	15	5	direct_multi_method
MFSD6	canonical	surface_yes	144.0	8	8	14	5	direct_multi_method
MFSD6L	low	surface_yes	64.0	3	1	15	5	weak
MFSD8	low	surface_yes	208.0	9	8	13	6	direct_single_method
MGAM	likely	surface_yes	381.0	2	2	18	5	direct_single_method
MGAM2	low	surface_yes	213.0	1	1	14	5	weak
MICA	canonical	surface_yes	322.0	31	27	20	5	direct_multi_method
MICB	canonical	surface_yes	267.0	39	34	19	5	direct_multi_method
MILR1	canonical	surface_yes	170.0	8	7	17	5	direct_multi_method
MINAR1	low	surface_yes	141.0	3	1	17	4	weak
MINPP1	low	surface_yes	186.0	5	4	16	4	weak
MIP	likely	surface_yes	359.0	16	12	15	6	direct_multi_method
MLC1	low	surface_yes	331.0	7	5	17	5	weak
MLKL	likely	surface_yes	299.0	30	28	14	6	supportive_but_indirect
MLNR	canonical	surface_yes	171.0	19	17	14	5	direct_multi_method
MME	canonical	surface_yes	331.0	20	18	20	6	direct_multi_method
MMEL1	likely	surface_yes	316.0	3	2	16	7	weak
MMP14	canonical	surface_yes	270.0	34	31	21	5	direct_multi_method
MMP15	canonical	surface_yes	250.0	21	18	16	4	direct_multi_method
MMP16	canonical	surface_yes	253.0	21	17	17	6	direct_multi_method
MMP17	canonical	surface_yes	217.0	22	19	21	6	direct_multi_method
MMP2	low	surface_yes	352.0	30	21	15	5	weak
MMP23B	low	surface_yes	230.0	4	3	17	5	weak
MMP24	likely	surface_yes	334.0	8	5	16	4	direct_single_method
MMP25	canonical	surface_yes	237.0	17	15	21	5	direct_multi_method
MMP28	likely	surface_yes	242.0	17	16	18	5	supportive_but_indirect
MMP7	low	surface_yes	310.0	22	20	15	4	weak
MMP8	low	surface_yes	325.0	21	20	16	4	weak
MMP9	likely	surface_yes	358.0	23	19	16	4	supportive_but_indirect
MMRN1	likely	surface_yes	391.0	3	3	14	5	direct_single_method
MMRN2	likely	surface_yes		20	19	18	4	supportive_but_indirect
MOG	likely	surface_yes	331.0	14	12	16	6	direct_multi_method
MORF4L2	low	surface_yes	172.0	1	0	11	4	weak
MOSMO	canonical	surface_yes	165.0	5	5	15	5	supportive_but_indirect
MOSPD2	likely	surface_yes	127.0	11	10	15	4	direct_multi_method
MPEG1	likely	surface_yes	349.0	4	3	14	4	direct_single_method
MPIG6B	likely	surface_yes	189.0	16	13	17	5	direct_multi_method
MPL	canonical	surface_yes	265.0	26	20	16	6	direct_multi_method
MPO	low	surface_yes	380.0	10	9	14	5	weak
MPZ	likely	surface_yes	326.0	11	9	16	6	weak
MPZL1	canonical	surface_yes	187.0	24	23	20	7	direct_multi_method
MPZL2	canonical	surface_yes	300.0	5	5	15	5	direct_single_method
MPZL3	likely	surface_yes	117.0	6	5	16	6	direct_single_method
MR1	likely	surface_yes	261.0	32	31	20	6	direct_multi_method
MRAP	likely	surface_yes	327.0	4	3	14	3	weak
MRAP2	canonical	surface_yes	214.0	33	25	18	3	direct_multi_method
MRC1	canonical	surface_yes	368.0	32	28	19	6	direct_multi_method
MRC2	canonical	surface_yes	229.0	31	29	18	5	direct_multi_method
MRGPRD	canonical	surface_yes	217.0	25	23	16	5	direct_multi_method
MRGPRE	canonical	surface_yes	147.0	7	6	17	5	direct_single_method
MRGPRF	canonical	surface_yes	311.0	9	5	15	5	direct_single_method
MRGPRG	low	surface_yes	150.0	0	0	12	5	weak
MRGPRX1	likely	surface_yes	317.0	19	14	14	4	direct_single_method
MRGPRX2	likely	surface_yes	231.0	38	33	17	4	direct_multi_method
MRGPRX3	likely	surface_yes	330.0	6	4	13	4	weak
MRGPRX4	likely	surface_yes	310.0	13	11	16	4	direct_multi_method
MS4A1	canonical	surface_yes	381.0	14	12	18	7	direct_multi_method
MS4A10	low	surface_yes	67.0	4	1	13	4	weak
MS4A12	likely	surface_yes	120.0	9	8	18	6	supportive_but_indirect
MS4A13	likely	surface_yes	36.0	4	2	15	5	supportive_but_indirect
MS4A14	low	surface_yes	91.0	2	2	15	4	weak
MS4A18	low	surface_yes	16.0	1	0	12	3	weak
MS4A2	likely	surface_yes	297.0	17	15	17	4	direct_multi_method
MS4A3	canonical	surface_yes	194.0	11	9	15	6	direct_multi_method
MS4A4A	canonical	surface_yes	227.0	19	18	17	4	direct_multi_method
MS4A4E	likely	surface_yes	133.0	4	3	13	4	supportive_but_indirect
MS4A5	low	surface_yes	54.0	6	2	16	5	weak
MS4A6A	likely	surface_yes	209.0	14	11	16	5	supportive_but_indirect
MS4A6E	low	surface_yes	101.0	2	2	12	3	weak
MS4A7	likely	surface_yes	217.0	13	10	16	5	weak
MS4A8	canonical	surface_yes	116.0	7	5	18	5	direct_single_method
MSLN	canonical	surface_yes	260.0	45	39	20	6	direct_multi_method
MSR1	canonical	surface_yes	338.0	18	16	17	6	direct_multi_method
MST1R	canonical	surface_yes	317.0	8	7	18	6	direct_multi_method
MTDH	likely	surface_yes	269.0	10	9	14	4	supportive_but_indirect
MTNR1A	canonical	surface_yes	302.0	27	24	17	5	direct_multi_method
MTNR1B	canonical	surface_yes	279.0	23	21	18	5	supportive_but_indirect
MUC1	canonical	surface_yes	329.0	22	16	20	4	direct_multi_method
MUC12	likely	surface_yes	195.0	12	11	17	5	direct_single_method
MUC13	canonical	surface_yes	204.0	29	25	20	4	direct_multi_method
MUC15	canonical	surface_yes	231.0	21	19	20	6	direct_single_method
MUC16	canonical	surface_yes	292.0	34	29	22	2	direct_multi_method
MUC17	likely	surface_yes	211.0	23	18	21	5	direct_multi_method
MUC20	canonical	surface_yes	201.0	21	20	21	3	direct_single_method
MUC21	canonical	surface_yes	164.0	17	17	18	4	direct_multi_method
MUC22	likely	surface_yes	176.0	3	1	14	3	weak
MUC3A	likely	surface_yes	204.0	20	18	18	5	supportive_but_indirect
MUC3B	canonical	surface_yes	111.0	12	11	17	3	weak
MUC4	canonical	surface_yes	279.0	39	33	21	5	direct_multi_method
MUCL1	likely	surface_yes	196.0	12	11	16	2	direct_single_method
MUCL3	low	surface_yes	170.0	2	1	11	3	weak
MUSK	likely	surface_yes	313.0	18	13	22	6	direct_multi_method
MXRA5	canonical	surface_yes	207.0	7	7	14	3	supportive_but_indirect
MXRA8	canonical	surface_yes	210.0	13	13	15	6	direct_multi_method
MYADM	canonical	surface_yes	193.0	13	13	18	5	direct_multi_method
MYDGF	low	surface_yes	318.0	10	8	14	3	weak
MYH9	likely	surface_yes	300.0	26	21	15	5	direct_multi_method
MYMK	canonical	surface_yes	207.0	22	19	15	5	direct_multi_method
MYMX	likely	surface_yes	257.0	12	9	16	3	weak
MYO18A	likely	surface_yes		13	12	17	2	direct_single_method
MYOC	likely	surface_yes	276.0	22	16	16	5	direct_single_method
MYOF	likely	surface_yes	205.0	25	22	16	6	direct_single_method
NAALAD2	likely	surface_yes	175.0	9	4	15	6	supportive_but_indirect
NAALADL1	canonical	surface_yes	203.0	5	3	20	7	direct_single_method
NAALADL2	likely	surface_yes	161.0	1	0	15	6	supportive_but_indirect
NAGPA	low	surface_yes	234.0	10	9	18	7	weak
NAIF1	low	surface_yes	124.0	0	0	11	5	weak
NALCN	canonical	surface_yes	224.0	30	26	17	6	direct_multi_method
NALF1	canonical	surface_yes	170.0	15	12	17	4	direct_single_method
NALF2	low	surface_yes	257.0	1	0	12	4	weak
NAMPT	low	surface_yes	337.0	14	12	16	5	weak
NAPRT	low	surface_yes	215.0	5	5	15	6	weak
NCAM1	canonical	surface_yes	311.0	38	37	22	6	direct_multi_method
NCAM2	canonical	surface_yes	215.0	16	15	21	7	direct_multi_method
NCMAP	low	surface_yes	210.0	1	0	13	4	weak
NCR1	canonical	surface_yes	286.0	38	37	18	6	direct_multi_method
NCR2	canonical	surface_yes	265.0	36	34	17	5	direct_multi_method
NCR3	canonical	surface_yes	292.0	34	32	17	5	direct_multi_method
NCR3LG1	canonical	surface_yes	200.0	44	39	20	4	direct_multi_method
NCSTN	canonical	surface_yes	256.0	23	17	19	5	direct_single_method
NDNF	likely	surface_yes	313.0	4	4	14	3	supportive_but_indirect
NECTIN1	canonical	surface_yes	305.0	32	31	20	6	direct_multi_method
NECTIN2	canonical	surface_yes	257.0	30	28	19	6	direct_multi_method
NECTIN3	canonical	surface_yes	236.0	30	24	21	6	direct_multi_method
NECTIN4	canonical	surface_yes	252.0	21	16	19	6	direct_multi_method
NEDD9	likely	surface_yes	251.0	11	8	16	5	supportive_but_indirect
NEGR1	canonical	surface_yes	227.0	26	24	21	7	direct_multi_method
NELL1	canonical	surface_yes	229.0	13	10	20	5	direct_multi_method
NEO1	canonical	surface_yes	240.0	33	32	22	6	direct_multi_method
NETO1	likely	surface_yes	186.0	16	13	19	6	supportive_but_indirect
NETO2	canonical	surface_yes	196.0	17	17	21	6	direct_multi_method
NEU1	likely	surface_yes	309.0	20	19	18	4	direct_multi_method
NEU3	canonical	surface_yes	272.0	27	23	17	5	supportive_but_indirect
NEU4	low	surface_yes	196.0	18	16	14	5	supportive_but_indirect
NFAM1	likely	surface_yes	169.0	4	4	15	3	direct_single_method
NFASC	likely	surface_yes	390.0	14	12	20	6	direct_single_method
NGFR	canonical	surface_yes	268.0	45	44	22	6	direct_multi_method
NINJ1	canonical	surface_yes	185.0	32	28	20	4	direct_multi_method
NINJ2	canonical	surface_yes	135.0	13	10	15	4	supportive_but_indirect
NIPA1	low	surface_yes	232.0	4	2	12	6	weak
NIPA2	canonical	surface_yes	151.0	4	1	15	6	supportive_but_indirect
NIPAL3	low	surface_yes	91.0	1	0	12	6	weak
NIPAL4	likely	surface_yes	162.0	8	6	14	7	supportive_but_indirect
NKAIN1	low	surface_yes	111.0	1	0	12	6	weak
NKAIN2	low	surface_yes	161.0	1	0	12	6	weak
NKAIN3	low	surface_yes	117.0	1	0	12	5	weak
NKAIN4	low	surface_yes	116.0	2	0	16	4	weak
NKG7	low	surface_yes	289.0	7	7	13	4	weak
NKTR	likely	surface_yes	235.0	4	0	15	4	direct_single_method
NLGN1	canonical	surface_yes	224.0	31	28	22	7	direct_multi_method
NLGN2	canonical	surface_yes	213.0	27	25	21	6	direct_multi_method
NLGN3	canonical	surface_yes	227.0	26	23	21	7	direct_single_method
NLGN4X	canonical	surface_yes	220.0	22	18	19	6	direct_single_method
NLGN4Y	likely	surface_yes	168.0	7	5	18	6	direct_single_method
NMBR	canonical	surface_yes	219.0	13	12	15	5	supportive_but_indirect
NME1	low	surface_yes	293.0	10	8	16	6	weak
NMUR1	canonical	surface_yes	230.0	18	17	19	5	direct_multi_method
NMUR2	canonical	surface_yes	307.0	16	12	20	5	direct_multi_method
NOTCH1	canonical	surface_yes	347.0	24	20	23	5	direct_multi_method
NOTCH2	canonical	surface_yes	290.0	22	19	21	5	direct_multi_method
NOTCH3	canonical	surface_yes	300.0	26	21	19	5	direct_multi_method
NOTCH4	canonical	surface_yes	293.0	23	17	20	5	direct_multi_method
NOX1	canonical	surface_yes	297.0	27	24	19	5	direct_multi_method
NOX3	likely	surface_yes	235.0	8	7	17	4	supportive_but_indirect
NOX5	likely	surface_yes	258.0	23	19	18	4	direct_single_method
NPBWR1	canonical	surface_yes	173.0	13	8	14	5	direct_single_method
NPBWR2	canonical	surface_yes	135.0	14	8	14	4	supportive_but_indirect
NPC1L1	canonical	surface_yes	245.0	26	21	19	6	direct_multi_method
NPC2	low	surface_yes	278.0	12	9	15	4	weak
NPDC1	likely	surface_yes	288.0	3	2	16	3	direct_single_method
NPFFR1	canonical	surface_yes	162.0	17	14	17	5	direct_multi_method
NPFFR2	canonical	surface_yes	213.0	20	18	15	6	direct_single_method
NPHS1	likely	surface_yes	301.0	29	25	22	6	direct_single_method
NPHS2	likely	surface_yes	263.0	18	16	17	6	supportive_but_indirect
NPIPB11	low	surface_yes	138.0	0	0	12	3	weak
NPM1	likely	surface_yes	315.0	8	4	15	6	supportive_but_indirect
NPNT	canonical	surface_yes	264.0	14	14	16	5	supportive_but_indirect
NPR1	canonical	surface_yes	346.0	19	15	16	6	direct_multi_method
NPR2	canonical	surface_yes	320.0	17	12	14	6	supportive_but_indirect
NPR3	canonical	surface_yes	268.0	25	21	16	7	supportive_but_indirect
NPSR1	canonical	surface_yes	210.0	14	12	15	5	direct_multi_method
NPTN	canonical	surface_yes	219.0	24	20	19	6	direct_multi_method
NPTX1	canonical	surface_yes	275.0	12	11	20	4	direct_single_method
NPTXR	canonical	surface_yes	294.0	8	6	20	4	direct_single_method
NPY1R	canonical	surface_yes	242.0	28	25	15	5	supportive_but_indirect
NPY2R	canonical	surface_yes	238.0	21	20	19	5	direct_multi_method
NPY4R	likely	surface_yes	314.0	4	0	13	4	weak
NPY4R2	likely	surface_yes	256.0	4	0	13	3	supportive_but_indirect
NPY5R	canonical	surface_yes	225.0	17	16	17	5	direct_multi_method
NRCAM	canonical	surface_yes	295.0	20	18	21	6	direct_multi_method
NRDC	likely	surface_yes	228.0	17	14	15	5	direct_single_method
NRG1	canonical	surface_yes	329.0	12	9	20	6	weak
NRG2	canonical	surface_yes	237.0	16	15	21	6	direct_single_method
NRG3	likely	surface_yes	215.0	13	13	21	5	direct_single_method
NRG4	likely	surface_yes	236.0	15	12	20	5	supportive_but_indirect
NRN1	canonical	surface_yes	247.0	10	9	21	5	direct_multi_method
NRN1L	likely	surface_yes	59.0	1	0	16	5	weak
NRP1	canonical	surface_yes	279.0	47	39	21	6	direct_multi_method
NRP2	canonical	surface_yes	240.0	30	27	21	6	direct_multi_method
NRROS	likely	surface_yes	157.0	10	9	18	4	direct_multi_method
NRXN1	likely	surface_yes	263.0	30	28	20	6	direct_multi_method
NRXN2	canonical	surface_yes	228.0	22	20	22	5	direct_multi_method
NRXN3	canonical	surface_yes	249.0	22	15	22	6	direct_single_method
NSG1	low	surface_yes	374.0	6	6	17	5	weak
NSG2	low	surface_yes	155.0	9	9	15	4	supportive_but_indirect
NT5E	canonical	surface_yes	356.0	32	28	21	6	direct_multi_method
NTM	canonical	surface_yes	307.0	7	6	20	7	direct_single_method
NTN4	low	surface_yes	221.0	19	16	16	5	weak
NTNG1	canonical	surface_yes	211.0	12	11	20	6	direct_multi_method
NTNG2	canonical	surface_yes	223.0	9	9	17	6	supportive_but_indirect
NTRK1	canonical	surface_yes	278.0	31	23	19	6	direct_multi_method
NTRK2	canonical	surface_yes	277.0	44	35	20	6	direct_multi_method
NTRK3	canonical	surface_yes	271.0	21	18	15	6	direct_multi_method
NTSR1	canonical	surface_yes	279.0	23	19	17	5	direct_multi_method
NTSR2	canonical	surface_yes	266.0	16	12	16	6	direct_single_method
NUS1	likely	surface_yes	177.0	15	15	16	4	direct_multi_method
NXPE1	likely	surface_yes	65.0	4	3	19	5	supportive_but_indirect
NXPE2	low	surface_yes	68.0	0	0	11	6	weak
NXPE3	low	surface_yes	94.0	2	0	19	5	weak
NXPE4	low	surface_yes	93.0	0	0	12	6	weak
NXPH1	likely	surface_yes	201.0	8	3	19	4	supportive_but_indirect
NXPH2	low	surface_yes	152.0	3	2	19	4	weak
NXPH3	likely	surface_yes	177.0	4	4	18	4	supportive_but_indirect
NXPH4	low	surface_yes	176.0	5	3	16	4	weak
NYX	likely	surface_yes	226.0	9	8	16	4	direct_multi_method
OCLN	canonical	surface_yes	336.0	33	27	16	5	supportive_but_indirect
OCSTAMP	canonical	surface_yes	226.0	15	12	12	4	supportive_but_indirect
ODAM	low	surface_yes	211.0	16	15	16	3	weak
ODAPH	low	surface_yes	167.0	4	4	15	4	weak
ODR4	likely	surface_yes	215.0	4	3	18	4	direct_single_method
OGFRL1	uncertain	surface_yes	151.0	1	0	12	4	weak
OIT3	low	surface_yes	280.0	4	3	15	5	weak
OLFM1	likely	surface_yes	296.0	1	0	18	5	supportive_but_indirect
OLFM2	likely	surface_yes	179.0	6	6	17	4	supportive_but_indirect
OLFM3	likely	surface_yes	170.0	6	4	16	5	supportive_but_indirect
OLFM4	likely	surface_yes	284.0	22	20	16	4	supportive_but_indirect
OLR1	canonical	surface_yes	246.0	35	30	22	6	direct_multi_method
OMG	likely	surface_yes	267.0	12	8	18	5	direct_single_method
OOSP1	low	surface_yes	60.0	3	1	12	3	weak
OPALIN	likely	surface_yes	190.0	9	9	16	5	supportive_but_indirect
OPCML	canonical	surface_yes	207.0	19	12	22	7	direct_multi_method
OPN1LW	likely	surface_yes	352.0	13	10	17	4	supportive_but_indirect
OPN1MW	likely	surface_yes	334.0	17	9	17	4	supportive_but_indirect
OPN1MW2	likely	surface_yes	200.0	7	6	15	3	weak
OPN1MW3	likely	surface_yes	300.0	8	5	16	3	supportive_but_indirect
OPN1SW	likely	surface_yes	341.0	16	10	18	5	supportive_but_indirect
OPN3	canonical	surface_yes	229.0	26	24	15	6	supportive_but_indirect
OPN4	likely	surface_yes	298.0	21	16	16	6	direct_single_method
OPN5	canonical	surface_yes	205.0	26	23	14	5	direct_multi_method
OPRD1	canonical	surface_yes	320.0	21	19	15	6	direct_multi_method
OPRK1	canonical	surface_yes	323.0	25	20	16	6	direct_multi_method
OPRL1	canonical	surface_yes	276.0	24	19	21	6	direct_multi_method
OPRM1	canonical	surface_yes	327.0	23	17	19	6	direct_multi_method
OR10A2	likely	surface_yes	99.0	2	1	18	4	direct_single_method
OR10A3	likely	surface_yes	49.0	2	1	15	4	supportive_but_indirect
OR10A4	likely	surface_yes	160.0	4	4	15	5	weak
OR10A5	likely	surface_yes	116.0	3	1	17	4	supportive_but_indirect
OR10A6	likely	surface_yes	45.0	5	4	20	4	supportive_but_indirect
OR10A7	low	surface_yes	36.0	0	0	12	4	weak
OR10AC1	low	surface_yes	9.0	0	0	12	3	weak
OR10AD1	low	surface_yes	52.0	2	1	15	4	weak
OR10AG1	low	surface_yes	24.0	1	0	18	4	weak
OR10C1	low	surface_yes	51.0	2	0	15	5	weak
OR10D3	low	surface_yes	23.0	0	0	12	5	weak
OR10G2	low	surface_yes	41.0	0	0	12	4	weak
OR10G3	low	surface_yes	45.0	3	1	15	4	weak
OR10G4	likely	surface_yes	43.0	8	1	18	4	supportive_but_indirect
OR10G6	low	surface_yes	14.0	1	0	16	5	weak
OR10G7	likely	surface_yes	46.0	7	2	17	4	supportive_but_indirect
OR10G8	low	surface_yes	37.0	2	0	18	4	weak
OR10G9	likely	surface_yes	32.0	1	0	15	4	weak
OR10H1	canonical	surface_yes	57.0	3	2	17	4	direct_single_method
OR10H2	likely	surface_yes	42.0	2	1	17	4	supportive_but_indirect
OR10H3	low	surface_yes	39.0	1	1	18	4	weak
OR10H4	low	surface_yes	20.0	1	0	15	4	weak
OR10H5	likely	surface_yes	52.0	0	0	11	4	weak
OR10J1	low	surface_yes	69.0	1	0	12	4	weak
OR10J4	low	surface_yes	15.0	0	0	12	4	weak
OR10J5	likely	surface_yes	126.0	12	7	19	5	supportive_but_indirect
OR10K1	low	surface_yes	44.0	0	0	12	5	weak
OR10K2	low	surface_yes	51.0	0	0	12	4	weak
OR10P1	likely	surface_yes	42.0	1	0	13	5	weak
OR10Q1	low	surface_yes	33.0	4	0	16	4	weak
OR10R2	low	surface_yes	43.0	0	0	12	4	weak
OR10S1	likely	surface_yes	35.0	4	2	17	5	direct_single_method
OR10T2	low	surface_yes	74.0	1	1	17	4	weak
OR10V1	low	surface_yes	26.0	0	0	12	5	weak
OR10W1	low	surface_yes	18.0	0	0	12	4	weak
OR10X1	likely	surface_yes	36.0	3	0	17	4	supportive_but_indirect
OR10Z1	low	surface_yes	41.0	1	1	17	5	weak
OR11A1	likely	surface_yes	69.0	3	1	16	5	supportive_but_indirect
OR11G2	low	surface_yes	30.0	1	0	15	4	weak
OR11H1	low	surface_yes	125.0	1	0	13	4	weak
OR11H12	low	surface_yes	36.0	0	0	12	4	weak
OR11H2	likely	surface_yes	27.0	0	0	12	4	weak
OR11H4	canonical	surface_yes	37.0	5	1	18	4	supportive_but_indirect
OR11H6	likely	surface_yes	28.0	6	4	19	5	supportive_but_indirect
OR11H7	likely	surface_yes	45.0	6	2	17	4	supportive_but_indirect
OR11L1	likely	surface_yes	44.0	0	0	12	5	weak
OR12D1	low	surface_yes	10.0	0	0	11	3	weak
OR12D2	low	surface_yes	75.0	2	1	16	4	weak
OR12D3	low	surface_yes	95.0	0	0	12	5	weak
OR13A1	likely	surface_yes	41.0	3	1	15	5	weak
OR13C2	low	surface_yes	30.0	1	0	16	4	weak
OR13C3	low	surface_yes	28.0	1	0	18	5	weak
OR13C4	low	surface_yes	31.0	0	0	12	4	weak
OR13C5	low	surface_yes	42.0	0	0	12	4	weak
OR13C8	low	surface_yes	38.0	0	0	12	5	weak
OR13C9	low	surface_yes	17.0	0	0	12	4	weak
OR13D1	low	surface_yes	28.0	1	1	15	5	weak
OR13F1	low	surface_yes	38.0	1	1	15	5	weak
OR13G1	low	surface_yes	48.0	1	0	13	5	weak
OR13H1	low	surface_yes	98.0	3	1	16	4	weak
OR13J1	low	surface_yes	30.0	0	0	12	5	weak
OR14A16	likely	surface_yes	23.0	2	0	17	4	supportive_but_indirect
OR14A2	likely	surface_yes	16.0	2	0	17	4	supportive_but_indirect
OR14C36	low	surface_yes	35.0	1	1	14	4	weak
OR14I1	likely	surface_yes	81.0	2	1	15	4	direct_single_method
OR14J1	canonical	surface_yes	48.0	3	1	19	5	supportive_but_indirect
OR14K1	low	surface_yes	17.0	1	0	15	4	weak
OR14L1	low	surface_yes	14.0	1	0	15	4	weak
OR1A1	likely	surface_yes	137.0	18	11	17	4	direct_multi_method
OR1A2	likely	surface_yes	87.0	8	3	20	4	direct_single_method
OR1B1	low	surface_yes	44.0	1	0	15	5	weak
OR1C1	low	surface_yes	46.0	5	3	18	4	weak
OR1D2	likely	surface_yes	154.0	14	7	16	5	direct_multi_method
OR1D4	likely	surface_yes	40.0	2	0	16	3	supportive_but_indirect
OR1D5	low	surface_yes	42.0	3	0	16	4	weak
OR1E1	likely	surface_yes	135.0	2	0	17	4	supportive_but_indirect
OR1E2	likely	surface_yes	142.0	1	0	16	4	supportive_but_indirect
OR1F1	likely	surface_yes	59.0	1	0	13	5	weak
OR1G1	likely	surface_yes	98.0	10	7	19	4	direct_single_method
OR1I1	likely	surface_yes	62.0	1	1	12	5	supportive_but_indirect
OR1J1	low	surface_yes	72.0	2	0	15	5	weak
OR1J2	low	surface_yes	92.0	0	0	12	4	weak
OR1J4	low	surface_yes	35.0	2	0	14	5	weak
OR1K1	low	surface_yes	115.0	1	0	14	4	weak
OR1L1	low	surface_yes	115.0	1	0	16	4	weak
OR1L3	low	surface_yes	68.0	3	2	15	4	weak
OR1L4	low	surface_yes	33.0	0	0	11	4	weak
OR1L6	low	surface_yes	110.0	1	0	18	4	weak
OR1L8	low	surface_yes	37.0	3	0	15	4	weak
OR1M1	low	surface_yes	70.0	0	0	12	5	weak
OR1N1	low	surface_yes	62.0	1	1	14	4	weak
OR1N2	low	surface_yes	37.0	5	2	19	5	weak
OR1Q1	low	surface_yes	126.0	1	0	15	5	weak
OR1R1	low	surface_yes	5.0	0	0	12	4	weak
OR1S1	low	surface_yes	33.0	0	0	12	4	weak
OR1S2	low	surface_yes	21.0	1	0	18	4	weak
OR2A1	low	surface_yes	58.0	4	1	19	4	weak
OR2A12	low	surface_yes	25.0	2	1	17	5	weak
OR2A14	low	surface_yes	30.0	0	0	12	4	weak
OR2A2	likely	surface_yes	43.0	0	0	12	5	weak
OR2A25	likely	surface_yes	40.0	4	1	18	5	supportive_but_indirect
OR2A4	likely	surface_yes	76.0	10	6	19	4	direct_single_method
OR2A42	low	surface_yes	56.0	2	2	13	4	weak
OR2A5	low	surface_yes	39.0	0	0	11	5	weak
OR2A7	likely	surface_yes	48.0	9	5	16	4	supportive_but_indirect
OR2AE1	low	surface_yes	38.0	2	2	14	4	weak
OR2AG1	likely	surface_yes	76.0	8	5	19	4	direct_multi_method
OR2AG2	likely	surface_yes	37.0	4	2	16	4	supportive_but_indirect
OR2AJ1	low	surface_yes	10.0	0	0	12	4	weak
OR2AK2	low	surface_yes	34.0	1	1	14	4	weak
OR2AP1	low	surface_yes	23.0	0	0	12	4	weak
OR2AT4	likely	surface_yes	89.0	12	10	19	5	direct_multi_method
OR2B11	canonical	surface_yes	63.0	3	2	18	5	supportive_but_indirect
OR2B2	low	surface_yes	65.0	0	0	12	4	weak
OR2B3	low	surface_yes	63.0	3	1	19	4	weak
OR2B6	likely	surface_yes	81.0	2	1	14	5	weak
OR2B8	low	surface_yes	18.0	0	0	11	3	weak
OR2C1	likely	surface_yes	57.0	4	1	17	5	supportive_but_indirect
OR2C3	low	surface_yes	50.0	2	1	12	4	weak
OR2D2	likely	surface_yes	140.0	2	1	17	4	supportive_but_indirect
OR2D3	likely	surface_yes	52.0	0	0	12	5	weak
OR2F1	low	surface_yes	56.0	1	0	15	4	weak
OR2F2	low	surface_yes	63.0	1	0	17	4	weak
OR2G2	low	surface_yes	39.0	2	0	15	4	weak
OR2G3	low	surface_yes	39.0	1	1	15	4	weak
OR2G6	low	surface_yes	26.0	0	0	11	4	weak
OR2H1	canonical	surface_yes	79.0	3	3	14	4	direct_multi_method
OR2H2	likely	surface_yes	116.0	6	5	19	4	direct_multi_method
OR2I1	likely	surface_yes	57.0	0	0	12	5	weak
OR2J1	low	surface_yes	110.0	3	3	18	4	weak
OR2J2	likely	surface_yes	95.0	5	4	19	4	supportive_but_indirect
OR2J3	likely	surface_yes	98.0	9	5	20	4	supportive_but_indirect
OR2K2	low	surface_yes	51.0	2	1	15	5	weak
OR2L13	likely	surface_yes	90.0	5	5	17	4	direct_multi_method
OR2L2	low	surface_yes	44.0	1	0	16	4	weak
OR2L3	low	surface_yes	29.0	3	3	15	4	weak
OR2L5	low	surface_yes	21.0	0	0	11	4	weak
OR2L8	low	surface_yes	37.0	2	0	15	4	weak
OR2M2	low	surface_yes	25.0	2	0	19	4	weak
OR2M3	likely	surface_yes	56.0	6	6	19	4	direct_multi_method
OR2M4	likely	surface_yes	43.0	2	1	16	4	weak
OR2M5	low	surface_yes	25.0	0	0	12	4	weak
OR2M7	likely	surface_yes	40.0	5	2	18	4	supportive_but_indirect
OR2S2	low	surface_yes	50.0	2	0	18	3	weak
OR2T1	likely	surface_yes	61.0	2	1	15	5	supportive_but_indirect
OR2T10	low	surface_yes	43.0	3	2	18	4	weak
OR2T11	likely	surface_yes	53.0	3	1	16	4	direct_single_method
OR2T12	low	surface_yes	28.0	0	0	12	4	weak
OR2T2	low	surface_yes	40.0	2	0	15	4	weak
OR2T27	low	surface_yes	30.0	0	0	12	4	weak
OR2T29	likely	surface_yes	23.0	0	0	12	4	weak
OR2T3	low	surface_yes	21.0	1	1	15	4	weak
OR2T33	low	surface_yes	42.0	2	0	12	3	weak
OR2T34	likely	surface_yes	41.0	2	0	16	4	weak
OR2T35	low	surface_yes	38.0	0	0	12	4	weak
OR2T4	likely	surface_yes	40.0	3	1	14	4	weak
OR2T5	low	surface_yes	22.0	0	0	12	4	weak
OR2T6	likely	surface_yes	36.0	3	2	15	5	supportive_but_indirect
OR2T7	low	surface_yes	18.0	1	0	12	3	weak
OR2T8	low	surface_yes	40.0	1	0	11	4	weak
OR2V1	low	surface_yes	22.0	0	0	12	5	weak
OR2V2	low	surface_yes	30.0	0	0	12	5	weak
OR2W1	likely	surface_yes	93.0	11	9	20	4	direct_multi_method
OR2W3	likely	surface_yes	93.0	7	6	18	4	direct_single_method
OR2Y1	low	surface_yes	49.0	2	0	15	4	weak
OR2Z1	low	surface_yes	42.0	1	0	17	4	weak
OR3A1	canonical	surface_yes	136.0	9	4	19	4	direct_multi_method
OR3A2	likely	surface_yes	101.0	1	1	16	4	weak
OR3A3	likely	surface_yes	41.0	2	1	17	4	supportive_but_indirect
OR4A15	low	surface_yes	31.0	1	0	16	5	weak
OR4A16	low	surface_yes	36.0	1	0	15	4	weak
OR4A47	low	surface_yes	40.0	0	0	12	5	weak
OR4A5	low	surface_yes	38.0	1	0	15	4	weak
OR4B1	likely	surface_yes	28.0	1	0	16	4	weak
OR4C11	low	surface_yes	46.0	0	0	12	4	weak
OR4C12	low	surface_yes	39.0	1	0	15	4	weak
OR4C13	likely	surface_yes	37.0	5	2	16	4	direct_single_method
OR4C15	low	surface_yes	27.0	1	1	16	4	weak
OR4C16	low	surface_yes	34.0	1	0	14	4	weak
OR4C3	low	surface_yes	44.0	0	0	12	5	weak
OR4C45	likely	surface_yes	22.0	0	0	11	4	weak
OR4C46	low	surface_yes	37.0	1	0	15	4	weak
OR4C5	low	surface_yes	34.0	0	0	11	5	weak
OR4C6	low	surface_yes	56.0	1	0	14	4	weak
OR4D1	likely	surface_yes	112.0	3	2	17	5	supportive_but_indirect
OR4D10	low	surface_yes	28.0	0	0	12	4	weak
OR4D11	likely	surface_yes	22.0	1	0	14	5	weak
OR4D2	likely	surface_yes	86.0	1	0	15	4	weak
OR4D5	likely	surface_yes	28.0	0	0	12	5	weak
OR4D6	low	surface_yes	42.0	3	1	15	5	weak
OR4D9	low	surface_yes	23.0	2	1	15	4	weak
OR4E1	low	surface_yes	21.0	1	0	15	4	weak
OR4E2	likely	surface_yes	45.0	4	1	16	5	supportive_but_indirect
OR4F15	low	surface_yes	30.0	0	0	12	6	weak
OR4F16	low	surface_yes	87.0	0	0	11	4	weak
OR4F17	low	surface_yes	31.0	0	0	12	4	weak
OR4F21	low	surface_yes	29.0	1	0	12	4	weak
OR4F29	low	surface_yes	78.0	1	1	13	4	weak
OR4F3	low	surface_yes	19.0	0	0	11	4	weak
OR4F5	low	surface_yes	30.0	0	0	12	4	weak
OR4F6	low	surface_yes	24.0	0	0	12	6	weak
OR4K1	low	surface_yes	56.0	0	0	12	5	weak
OR4K13	low	surface_yes	25.0	0	0	12	4	weak
OR4K14	low	surface_yes	26.0	0	0	12	4	weak
OR4K15	likely	surface_yes	36.0	0	0	11	4	weak
OR4K17	low	surface_yes	30.0	1	1	15	4	weak
OR4K2	low	surface_yes	55.0	0	0	12	5	weak
OR4K3	low	surface_yes	24.0	0	0	12	4	weak
OR4K5	low	surface_yes	60.0	2	1	19	6	weak
OR4L1	low	surface_yes	39.0	1	0	16	4	weak
OR4M1	canonical	surface_yes	93.0	10	8	16	4	weak
OR4M2	low	surface_yes	55.0	1	1	14	4	weak
OR4M2B	low	surface_yes	4.0	0	0	11	3	weak
OR4N2	low	surface_yes	66.0	0	0	12	4	weak
OR4N4	likely	surface_yes	80.0	1	1	16	4	weak
OR4N4C	likely	surface_yes	7.0	0	0	11	3	weak
OR4N5	low	surface_yes	29.0	1	1	16	5	weak
OR4P4	low	surface_yes	52.0	0	0	12	4	weak
OR4Q2	low	surface_yes	15.0	0	0	11	4	weak
OR4Q3	likely	surface_yes	90.0	3	1	17	5	supportive_but_indirect
OR4S1	likely	surface_yes	35.0	3	1	15	4	supportive_but_indirect
OR4S2	canonical	surface_yes	55.0	3	0	18	4	supportive_but_indirect
OR4X1	low	surface_yes	39.0	2	1	15	4	weak
OR4X2	likely	surface_yes	35.0	3	1	19	4	supportive_but_indirect
OR51A2	likely	surface_yes	35.0	3	1	16	4	supportive_but_indirect
OR51A4	low	surface_yes	34.0	0	0	12	4	weak
OR51A7	likely	surface_yes	39.0	3	1	17	5	supportive_but_indirect
OR51B2	low	surface_yes	62.0	1	1	11	4	weak
OR51B4	likely	surface_yes	101.0	2	1	12	5	weak
OR51B5	likely	surface_yes	193.0	7	6	18	4	supportive_but_indirect
OR51B6	low	surface_yes	45.0	1	0	15	4	weak
OR51C1	low	surface_yes	4.0	0	0	12	4	weak
OR51D1	likely	surface_yes	32.0	2	0	16	5	supportive_but_indirect
OR51E1	canonical	surface_yes	162.0	23	17	17	5	direct_multi_method
OR51E2	canonical	surface_yes	203.0	27	21	17	5	direct_multi_method
OR51F1	low	surface_yes	32.0	0	0	12	4	weak
OR51F2	low	surface_yes	34.0	2	1	13	5	weak
OR51G1	low	surface_yes	34.0	0	0	12	5	weak
OR51G2	low	surface_yes	29.0	0	0	12	5	weak
OR51I1	low	surface_yes	84.0	1	0	16	5	weak
OR51I2	low	surface_yes	36.0	3	0	14	5	weak
OR51L1	low	surface_yes	40.0	2	0	17	4	weak
OR51M1	likely	surface_yes	43.0	3	2	19	5	direct_single_method
OR51Q1	likely	surface_yes	29.0	0	0	11	4	weak
OR51S1	likely	surface_yes	30.0	3	1	17	5	supportive_but_indirect
OR51T1	low	surface_yes	29.0	1	0	16	5	weak
OR51V1	low	surface_yes	43.0	1	0	13	4	weak
OR52A1	likely	surface_yes	116.0	11	7	17	4	direct_single_method
OR52A5	likely	surface_yes	49.0	4	1	18	4	supportive_but_indirect
OR52B2	likely	surface_yes	37.0	4	2	18	5	supportive_but_indirect
OR52B4	low	surface_yes	46.0	0	0	12	5	weak
OR52B6	likely	surface_yes	32.0	4	2	18	4	supportive_but_indirect
OR52D1	low	surface_yes	114.0	2	1	15	6	weak
OR52E1	low	surface_yes	10.0	2	0	16	4	weak
OR52E2	likely	surface_yes	25.0	2	1	13	6	weak
OR52E4	low	surface_yes	42.0	1	0	16	5	weak
OR52E5	low	surface_yes	13.0	2	1	16	6	weak
OR52E6	low	surface_yes	23.0	1	1	15	4	weak
OR52E8	low	surface_yes	41.0	5	2	17	4	weak
OR52H1	low	surface_yes	48.0	3	2	17	5	weak
OR52I1	low	surface_yes	28.0	2	1	17	4	weak
OR52I2	low	surface_yes	30.0	1	1	15	4	weak
OR52J3	low	surface_yes	32.0	0	0	12	5	weak
OR52K1	low	surface_yes	47.0	2	1	14	5	weak
OR52K2	low	surface_yes	46.0	3	2	17	5	weak
OR52L1	low	surface_yes	45.0	8	2	17	6	weak
OR52M1	low	surface_yes	40.0	0	0	12	5	weak
OR52N1	low	surface_yes	33.0	0	0	12	4	weak
OR52N2	low	surface_yes	37.0	2	0	16	5	weak
OR52N4	low	surface_yes	42.0	6	1	18	4	weak
OR52N5	likely	surface_yes	31.0	2	1	17	5	weak
OR52P1	low	surface_yes	11.0	0	0	12	5	weak
OR52R1	low	surface_yes	39.0	3	1	14	4	weak
OR52W1	likely	surface_yes	31.0	1	0	13	6	weak
OR56A1	low	surface_yes	33.0	3	1	15	5	weak
OR56A3	low	surface_yes	24.0	0	0	12	4	weak
OR56A4	likely	surface_yes	32.0	4	1	18	4	supportive_but_indirect
OR56A5	low	surface_yes	32.0	1	0	15	4	weak
OR56B1	likely	surface_yes	31.0	3	1	16	4	supportive_but_indirect
OR56B2	low	surface_yes	9.0	0	0	12	4	weak
OR56B4	low	surface_yes	33.0	2	1	14	4	weak
OR5A1	likely	surface_yes	62.0	9	4	18	5	supportive_but_indirect
OR5A2	likely	surface_yes	47.0	7	5	17	5	supportive_but_indirect
OR5AC2	low	surface_yes	128.0	1	0	14	4	weak
OR5AK2	low	surface_yes	19.0	0	0	13	4	weak
OR5AL1	low	surface_yes	16.0	1	0	18	4	weak
OR5AN1	likely	surface_yes	55.0	8	6	17	4	supportive_but_indirect
OR5AP2	low	surface_yes	20.0	2	1	14	5	weak
OR5AR1	low	surface_yes	32.0	0	0	11	5	weak
OR5AS1	low	surface_yes	32.0	2	0	16	6	weak
OR5AU1	low	surface_yes	28.0	0	0	12	5	weak
OR5B12	likely	surface_yes	23.0	0	0	11	4	weak
OR5B17	low	surface_yes	25.0	1	0	16	4	weak
OR5B2	likely	surface_yes	29.0	0	0	12	4	weak
OR5B21	low	surface_yes	30.0	3	1	17	5	weak
OR5B3	low	surface_yes	23.0	1	0	12	4	weak
OR5BS1	low	surface_yes	3.0	0	0	12	4	weak
OR5C1	low	surface_yes	31.0	1	1	13	5	weak
OR5D13	low	surface_yes	25.0	1	0	14	4	weak
OR5D14	likely	surface_yes	25.0	1	0	18	4	weak
OR5D16	low	surface_yes	21.0	1	0	16	5	weak
OR5D18	low	surface_yes	33.0	4	0	16	4	weak
OR5D3	low	surface_yes	5.0	0	0	12	3	weak
OR5F1	low	surface_yes	53.0	0	0	12	4	weak
OR5H1	likely	surface_yes	27.0	0	0	13	4	weak
OR5H14	low	surface_yes	22.0	1	0	15	5	weak
OR5H15	likely	surface_yes	22.0	2	0	16	4	supportive_but_indirect
OR5H2	low	surface_yes	32.0	1	1	13	4	weak
OR5H6	low	surface_yes	29.0	1	0	16	4	weak
OR5I1	low	surface_yes	262.0	2	0	15	5	weak
OR5J2	low	surface_yes	21.0	0	0	12	5	weak
OR5K1	likely	surface_yes	53.0	8	5	18	4	supportive_but_indirect
OR5K2	low	surface_yes	34.0	2	0	12	4	weak
OR5K3	low	surface_yes	16.0	0	0	12	4	weak
OR5K4	low	surface_yes	21.0	0	0	12	5	weak
OR5L1	low	surface_yes	43.0	0	0	12	4	weak
OR5L2	low	surface_yes	35.0	0	0	12	4	weak
OR5M1	low	surface_yes	26.0	0	0	11	4	weak
OR5M10	low	surface_yes	28.0	0	0	12	4	weak
OR5M11	low	surface_yes	33.0	2	2	13	4	weak
OR5M3	likely	surface_yes	49.0	3	1	18	4	supportive_but_indirect
OR5M8	low	surface_yes	27.0	0	0	12	5	weak
OR5M9	low	surface_yes	19.0	0	0	12	4	weak
OR5P2	low	surface_yes	53.0	2	2	12	4	weak
OR5P3	likely	surface_yes	54.0	7	4	19	4	supportive_but_indirect
OR5T1	low	surface_yes	24.0	0	0	12	4	weak
OR5T2	low	surface_yes	27.0	1	0	11	4	weak
OR5T3	low	surface_yes	17.0	0	0	12	4	weak
OR5V1	likely	surface_yes	66.0	2	0	16	4	supportive_but_indirect
OR5W2	low	surface_yes	24.0	0	0	12	4	weak
OR6A2	canonical	surface_yes	279.0	4	2	18	5	direct_single_method
OR6B1	low	surface_yes	50.0	1	1	15	5	weak
OR6B2	low	surface_yes	76.0	4	3	17	4	weak
OR6B3	low	surface_yes	34.0	2	2	12	4	weak
OR6C1	low	surface_yes	39.0	0	0	12	4	weak
OR6C2	low	surface_yes	65.0	0	0	12	4	weak
OR6C3	likely	surface_yes	52.0	2	0	16	5	weak
OR6C4	low	surface_yes	44.0	2	2	15	4	weak
OR6C6	low	surface_yes	18.0	0	0	12	4	weak
OR6C65	low	surface_yes	22.0	0	0	11	4	weak
OR6C68	low	surface_yes	14.0	1	0	16	4	weak
OR6C70	low	surface_yes	25.0	0	0	12	4	weak
OR6C74	low	surface_yes	31.0	1	0	15	4	weak
OR6C75	low	surface_yes	24.0	0	0	12	4	weak
OR6C76	low	surface_yes	23.0	0	0	12	4	weak
OR6F1	likely	surface_yes	41.0	1	0	12	5	weak
OR6J1	low	surface_yes	23.0	1	0	16	4	weak
OR6K2	low	surface_yes	35.0	0	0	12	5	weak
OR6K3	low	surface_yes	39.0	2	0	12	5	weak
OR6K6	low	surface_yes	32.0	0	0	12	5	weak
OR6M1	likely	surface_yes	35.0	2	1	16	4	supportive_but_indirect
OR6N1	low	surface_yes	40.0	0	0	12	5	weak
OR6N2	low	surface_yes	35.0	3	1	19	5	weak
OR6P1	low	surface_yes	32.0	5	0	19	4	weak
OR6Q1	low	surface_yes	27.0	1	0	15	4	weak
OR6S1	low	surface_yes	34.0	0	0	12	5	weak
OR6T1	low	surface_yes	33.0	1	0	16	4	weak
OR6V1	low	surface_yes	34.0	1	1	15	4	weak
OR6X1	low	surface_yes	25.0	1	0	15	5	weak
OR6Y1	likely	surface_yes	33.0	2	1	17	4	supportive_but_indirect
OR7A10	low	surface_yes	36.0	1	0	14	4	weak
OR7A17	likely	surface_yes	40.0	4	1	17	4	supportive_but_indirect
OR7A5	likely	surface_yes	64.0	6	5	18	4	direct_single_method
OR7C1	likely	surface_yes	68.0	4	4	18	4	supportive_but_indirect
OR7C2	low	surface_yes	54.0	0	0	12	5	weak
OR7D2	likely	surface_yes	57.0	3	1	16	4	weak
OR7D4	likely	surface_yes	120.0	13	6	17	4	direct_multi_method
OR7E24	likely	surface_yes	45.0	5	0	18	4	supportive_but_indirect
OR7G1	low	surface_yes	38.0	0	0	12	4	weak
OR7G2	low	surface_yes	60.0	0	0	12	4	weak
OR7G3	low	surface_yes	31.0	0	0	12	4	weak
OR8A1	low	surface_yes	39.0	2	0	16	4	weak
OR8B12	low	surface_yes	27.0	2	1	16	4	weak
OR8B2	low	surface_yes	23.0	0	0	12	4	weak
OR8B3	likely	surface_yes	43.0	3	1	18	4	supportive_but_indirect
OR8B4	low	surface_yes	27.0	1	0	16	5	weak
OR8B8	low	surface_yes	124.0	2	0	13	5	weak
OR8D1	canonical	surface_yes	82.0	9	6	18	4	supportive_but_indirect
OR8D2	likely	surface_yes	64.0	3	1	17	4	supportive_but_indirect
OR8D4	low	surface_yes	36.0	1	0	15	5	weak
OR8G1	low	surface_yes	30.0	0	0	12	4	weak
OR8G3	low	surface_yes	7.0	0	0	12	3	weak
OR8G5	low	surface_yes	36.0	1	0	13	4	weak
OR8H1	low	surface_yes	28.0	4	0	18	5	weak
OR8H2	low	surface_yes	25.0	0	0	12	4	weak
OR8H3	low	surface_yes	19.0	0	0	11	4	weak
OR8I2	low	surface_yes	25.0	1	0	16	5	weak
OR8J1	low	surface_yes	34.0	0	0	12	4	weak
OR8J2	low	surface_yes	8.0	0	0	12	4	weak
OR8J3	low	surface_yes	18.0	0	0	12	4	weak
OR8K1	low	surface_yes	28.0	0	0	12	5	weak
OR8K3	low	surface_yes	39.0	2	0	17	4	weak
OR8K5	low	surface_yes	19.0	0	0	12	4	weak
OR8S1	low	surface_yes	33.0	1	1	12	4	weak
OR8U1	low	surface_yes	48.0	1	1	14	5	weak
OR8U3	low	surface_yes	36.0	0	0	12	5	weak
OR8U8	low	surface_yes	44.0	0	0	12	3	weak
OR8U9	low	surface_yes	12.0	0	0	12	3	weak
OR9A2	low	surface_yes	29.0	3	2	17	5	weak
OR9A4	low	surface_yes	30.0	4	2	16	5	weak
OR9G1	low	surface_yes	38.0	0	0	12	5	weak
OR9G4	low	surface_yes	21.0	0	0	12	5	weak
OR9G9	likely	surface_yes	20.0	0	0	12	3	weak
OR9H1	low	surface_yes	7.0	0	0	11	4	weak
OR9I1	low	surface_yes	15.0	1	0	17	4	weak
OR9K2	low	surface_yes	33.0	1	0	14	4	weak
OR9Q1	low	surface_yes	35.0	3	1	16	5	weak
OR9Q2	low	surface_yes	37.0	1	0	15	5	weak
ORAI1	canonical	surface_yes	279.0	45	36	20	6	direct_multi_method
ORAI2	canonical	surface_yes	214.0	31	27	20	5	direct_multi_method
ORAI3	canonical	surface_yes	214.0	34	32	20	5	direct_multi_method
OSCAR	canonical	surface_yes	315.0	6	5	17	5	direct_single_method
OSCP1	likely	surface_yes	220.0	3	2	18	4	supportive_but_indirect
OSMR	canonical	surface_yes	227.0	31	24	18	6	direct_multi_method
OSTM1	low	surface_yes	356.0	4	3	16	5	weak
OTOA	likely	surface_yes	154.0	6	4	17	6	direct_single_method
OTOP1	likely	surface_yes	157.0	19	14	18	6	direct_multi_method
OTOP2	canonical	surface_yes	146.0	11	8	18	6	direct_single_method
OTOP3	canonical	surface_yes	98.0	9	6	18	6	direct_single_method
OVGP1	low	surface_yes	267.0	19	17	18	4	weak
OXER1	canonical	surface_yes	337.0	15	12	15	4	supportive_but_indirect
OXGR1	canonical	surface_yes	174.0	22	17	18	5	direct_multi_method
OXTR	likely	surface_yes	297.0	19	17	18	5	direct_multi_method
P2RX1	canonical	surface_yes	255.0	26	24	18	5	direct_multi_method
P2RX2	canonical	surface_yes	220.0	29	27	17	6	direct_multi_method
P2RX3	canonical	surface_yes	268.0	29	26	14	5	direct_multi_method
P2RX4	likely	surface_yes	257.0	40	32	19	7	direct_multi_method
P2RX5	canonical	surface_yes	242.0	20	19	18	6	direct_multi_method
P2RX6	canonical	surface_yes	218.0	13	11	20	7	direct_multi_method
P2RX7	canonical	surface_yes	312.0	34	29	20	6	direct_multi_method
P2RY1	canonical	surface_yes	284.0	33	31	18	5	direct_multi_method
P2RY10	canonical	surface_yes	192.0	12	11	16	5	direct_single_method
P2RY11	canonical	surface_yes	216.0	26	24	18	4	direct_multi_method
P2RY12	canonical	surface_yes	305.0	33	27	20	5	direct_multi_method
P2RY13	canonical	surface_yes	214.0	14	12	17	6	direct_multi_method
P2RY14	canonical	surface_yes	218.0	32	27	18	6	direct_multi_method
P2RY2	canonical	surface_yes	299.0	40	37	19	5	direct_multi_method
P2RY4	canonical	surface_yes	303.0	17	15	14	5	supportive_but_indirect
P2RY6	canonical	surface_yes	243.0	38	34	18	6	direct_multi_method
P2RY8	likely	surface_yes	232.0	9	9	15	4	direct_single_method
P4HB	likely	surface_yes	316.0	19	14	16	4	direct_multi_method
PACC1	canonical	surface_yes	271.0	20	19	15	4	direct_multi_method
PAG1	canonical	surface_yes	336.0	14	12	17	3	direct_multi_method
PAM	likely	surface_yes	348.0	2	1	14	5	supportive_but_indirect
PANX1	canonical	surface_yes	262.0	38	35	18	6	direct_multi_method
PANX2	low	surface_yes	219.0	17	17	17	6	direct_single_method
PANX3	canonical	surface_yes	182.0	19	18	18	5	direct_multi_method
PAPPA	canonical	surface_yes	335.0	9	6	16	4	weak
PAQR5	canonical	surface_yes	171.0	14	11	15	4	direct_single_method
PAQR6	likely	surface_yes	142.0	14	9	14	5	direct_multi_method
PAQR7	canonical	surface_yes	322.0	6	3	14	4	weak
PAQR8	canonical	surface_yes	263.0	10	8	18	4	direct_single_method
PAQR9	canonical	surface_yes	200.0	9	8	16	4	supportive_but_indirect
PARM1	low	surface_yes	187.0	6	4	15	4	conflicting
PATE1	likely	surface_yes	255.0	6	6	16	5	direct_single_method
PATE2	likely	surface_yes	76.0	5	5	17	4	supportive_but_indirect
PATE3	likely	surface_yes	40.0	7	6	17	4	supportive_but_indirect
PATE4	low	surface_yes	91.0	4	4	16	3	weak
PAWR	low	surface_yes	261.0	2	2	16	4	weak
PCDH1	likely	surface_yes	212.0	0	0	12	6	weak
PCDH10	canonical	surface_yes	193.0	13	7	13	6	weak
PCDH11X	likely	surface_yes	231.0	15	10	16	5	supportive_but_indirect
PCDH11Y	likely	surface_yes	175.0	14	10	18	5	supportive_but_indirect
PCDH12	likely	surface_yes	263.0	4	3	17	5	weak
PCDH15	likely	surface_yes	232.0	23	20	22	6	direct_multi_method
PCDH17	canonical	surface_yes	213.0	12	12	19	6	direct_single_method
PCDH18	canonical	surface_yes	275.0	10	5	19	6	direct_single_method
PCDH19	canonical	surface_yes	217.0	20	16	18	6	direct_multi_method
PCDH20	likely	surface_yes	164.0	12	7	15	5	supportive_but_indirect
PCDH7	canonical	surface_yes	240.0	23	20	22	6	direct_multi_method
PCDH8	canonical	surface_yes	255.0	11	10	18	6	direct_multi_method
PCDH9	canonical	surface_yes	226.0	18	15	20	6	direct_single_method
PCDHA1	likely	surface_yes	175.0	8	3	16	6	supportive_but_indirect
PCDHA10	likely	surface_yes	121.0	5	2	15	6	weak
PCDHA11	likely	surface_yes	106.0	5	0	16	6	weak
PCDHA12	likely	surface_yes	114.0	8	3	16	5	supportive_but_indirect
PCDHA13	likely	surface_yes	120.0	3	0	16	6	weak
PCDHA2	likely	surface_yes	195.0	5	2	16	6	weak
PCDHA3	likely	surface_yes	140.0	7	3	16	6	supportive_but_indirect
PCDHA4	low	surface_yes	295.0	7	6	19	5	conflicting
PCDHA5	likely	surface_yes	121.0	5	1	16	6	weak
PCDHA6	likely	surface_yes	278.0	10	3	15	5	supportive_but_indirect
PCDHA7	likely	surface_yes	139.0	9	4	15	5	supportive_but_indirect
PCDHA8	likely	surface_yes	113.0	8	4	18	5	supportive_but_indirect
PCDHA9	likely	surface_yes	122.0	8	5	17	5	weak
PCDHAC1	likely	surface_yes	157.0	8	1	17	6	supportive_but_indirect
PCDHAC2	likely	surface_yes	156.0	8	3	16	6	weak
PCDHB1	canonical	surface_yes	201.0	4	1	16	5	supportive_but_indirect
PCDHB10	likely	surface_yes	103.0	5	0	15	5	supportive_but_indirect
PCDHB11	likely	surface_yes	270.0	4	2	15	5	direct_single_method
PCDHB12	likely	surface_yes	96.0	6	1	13	5	weak
PCDHB13	canonical	surface_yes	80.0	5	2	15	5	direct_single_method
PCDHB14	likely	surface_yes	98.0	4	1	15	6	weak
PCDHB15	likely	surface_yes	94.0	5	2	14	5	weak
PCDHB16	likely	surface_yes	287.0	6	2	15	5	supportive_but_indirect
PCDHB2	likely	surface_yes	126.0	3	2	15	5	weak
PCDHB3	likely	surface_yes	114.0	5	3	15	5	weak
PCDHB4	likely	surface_yes	113.0	3	0	15	4	weak
PCDHB5	likely	surface_yes	142.0	2	0	15	4	weak
PCDHB6	likely	surface_yes	119.0	2	0	14	5	weak
PCDHB7	likely	surface_yes	115.0	3	0	15	5	weak
PCDHB8	likely	surface_yes	102.0	3	0	15	4	weak
PCDHB9	canonical	surface_yes	103.0	7	3	15	4	supportive_but_indirect
PCDHGA1	likely	surface_yes	127.0	10	8	16	6	supportive_but_indirect
PCDHGA10	likely	surface_yes	99.0	8	5	19	6	direct_single_method
PCDHGA11	likely	surface_yes	115.0	5	3	17	6	weak
PCDHGA12	likely	surface_yes	165.0	6	1	16	6	supportive_but_indirect
PCDHGA2	likely	surface_yes	130.0	5	3	16	6	weak
PCDHGA3	likely	surface_yes	115.0	9	7	18	6	supportive_but_indirect
PCDHGA4	likely	surface_yes	127.0	7	4	17	6	weak
PCDHGA5	likely	surface_yes	265.0	7	2	18	6	weak
PCDHGA6	likely	surface_yes	83.0	7	5	18	5	direct_single_method
PCDHGA7	likely	surface_yes	89.0	5	3	17	6	weak
PCDHGA8	likely	surface_yes	93.0	5	3	16	6	supportive_but_indirect
PCDHGA9	canonical	surface_yes	100.0	9	6	18	6	direct_single_method
PCDHGB1	likely	surface_yes	111.0	8	8	18	6	direct_single_method
PCDHGB2	likely	surface_yes	101.0	8	5	17	6	supportive_but_indirect
PCDHGB3	likely	surface_yes	95.0	5	3	16	5	supportive_but_indirect
PCDHGB4	canonical	surface_yes	201.0	4	3	19	6	direct_single_method
PCDHGB5	canonical	surface_yes	92.0	6	3	15	6	direct_multi_method
PCDHGB6	likely	surface_yes	107.0	4	2	16	6	weak
PCDHGB7	likely	surface_yes	202.0	5	2	19	6	direct_single_method
PCDHGC3	canonical	surface_yes	215.0	21	18	20	6	direct_multi_method
PCDHGC4	likely	surface_yes	102.0	16	13	18	6	supportive_but_indirect
PCDHGC5	canonical	surface_yes	114.0	16	14	20	6	direct_multi_method
PCED1B	uncertain	surface_yes	172.0	1	1	11	4	weak
PCMT1	low	surface_yes	205.0	4	2	14	2	weak
PCSK4	low	surface_yes		2	2	14	5	weak
PCSK5	likely	surface_yes	284.0	13	13	16	6	supportive_but_indirect
PCSK7	likely	surface_yes	311.0	7	6	13	4	supportive_but_indirect
PCSK9	canonical	surface_yes	311.0	22	17	16	6	weak
PDCD1	canonical	surface_yes	333.0	34	28	19	4	direct_multi_method
PDCD1LG2	canonical	surface_yes	299.0	37	32	19	6	direct_multi_method
PDGFC	likely	surface_yes	275.0	19	18	17	5	supportive_but_indirect
PDGFRA	canonical	surface_yes	335.0	27	23	17	6	direct_multi_method
PDGFRB	canonical	surface_yes	325.0	32	28	18	6	direct_multi_method
PDGFRL	low	surface_yes	211.0	5	3	15	3	weak
PDIA3	likely	surface_yes	277.0	22	18	17	4	direct_multi_method
PDIA4	likely	surface_yes	241.0	21	17	17	4	direct_multi_method
PDIA6	likely	surface_yes	328.0	11	11	16	6	direct_multi_method
PDPN	canonical	surface_yes	306.0	31	24	21	3	direct_multi_method
PDZD2	low	surface_yes	240.0	6	6	17	5	weak
PDZK1IP1	canonical	surface_yes	228.0	18	16	20	4	supportive_but_indirect
PEAR1	canonical	surface_yes	201.0	19	17	15	5	direct_multi_method
PEBP4	likely	surface_yes	191.0	3	3	17	3	supportive_but_indirect
PECAM1	canonical	surface_yes	349.0	24	21	21	6	direct_multi_method
PEG10	low	surface_yes	280.0	6	4	13	4	weak
PERP	likely	surface_yes	257.0	11	10	18	4	direct_single_method
PFKL	low	surface_yes		3	2	17	6	weak
PGAP6	canonical	surface_yes	194.0	4	4	14	5	direct_multi_method
PGLYRP3	low	surface_yes	219.0	7	5	14	5	weak
PGRMC1	likely	surface_yes	285.0	25	21	17	5	supportive_but_indirect
PGRMC2	low	surface_yes	225.0	21	17	15	5	weak
PHB1	likely	surface_yes	252.0	19	17	21	6	direct_multi_method
PHB2	likely	surface_yes	318.0	14	13	19	6	direct_multi_method
PHEX	canonical	surface_yes	292.0	8	6	15	6	direct_multi_method
PI16	low	surface_yes	277.0	16	15	15	6	weak
PI3	low	surface_yes	351.0	8	6	15	3	weak
PIANP	canonical	surface_yes	169.0	8	8	22	4	direct_single_method
PIEZO1	canonical	surface_yes	350.0	30	26	17	5	direct_multi_method
PIEZO2	canonical	surface_yes	264.0	32	28	17	6	direct_multi_method
PIGR	canonical	surface_yes	291.0	27	23	22	5	direct_multi_method
PIK3IP1	canonical	surface_yes	279.0	8	7	19	6	direct_multi_method
PILRA	canonical	surface_yes	214.0	23	20	18	5	direct_multi_method
PILRB	canonical	surface_yes	173.0	15	13	18	5	direct_multi_method
PIP	low	surface_yes	340.0	1	0	14	3	weak
PIRT	likely	surface_yes	196.0	10	9	14	4	direct_single_method
PITPNM3	canonical	surface_yes	274.0	12	10	16	6	supportive_but_indirect
PKD1	canonical	surface_yes	301.0	22	16	20	6	direct_multi_method
PKD1L1	likely	surface_yes	171.0	11	8	16	6	direct_multi_method
PKD1L2	low	surface_yes	164.0	7	3	18	6	weak
PKD1L3	likely	surface_yes	161.0	16	14	17	4	direct_multi_method
PKD2	likely	surface_yes	307.0	20	17	18	7	direct_multi_method
PKD2L1	likely	surface_yes	335.0	12	7	18	7	direct_single_method
PKD2L2	low	surface_yes	155.0	10	5	18	6	weak
PKDREJ	likely	surface_yes	102.0	6	3	14	5	supportive_but_indirect
PKHD1	likely	surface_yes	262.0	12	9	20	6	supportive_but_indirect
PKHD1L1	likely	surface_yes	180.0	11	8	15	5	direct_single_method
PLA2G15	low	surface_yes	356.0	2	0	16	5	weak
PLA2G1B	low	surface_yes	341.0	5	3	16	4	weak
PLA2G2A	low	surface_yes	296.0	16	14	14	3	weak
PLA2G2F	likely	surface_yes	146.0	8	6	18	5	supportive_but_indirect
PLA2R1	canonical	surface_yes	261.0	23	21	21	6	direct_multi_method
PLAA	low	surface_yes	202.0	6	5	14	3	conflicting
PLAAT4	low	surface_yes	259.0	6	5	14	4	supportive_but_indirect
PLAC1	canonical	surface_yes	166.0	16	14	21	3	direct_multi_method
PLAC8L1	low	surface_yes	41.0	1	0	11	4	weak
PLAC9	low	surface_yes	124.0	5	5	16	3	weak
PLAU	canonical	surface_yes	322.0	32	27	18	5	supportive_but_indirect
PLAUR	canonical	surface_yes	273.0	31	29	21	6	direct_multi_method
PLB1	likely	surface_yes	291.0	1	1	15	5	weak
PLD2	low	surface_yes	239.0	17	14	18	5	supportive_but_indirect
PLD3	low	surface_yes	225.0	12	12	16	4	weak
PLD4	likely	surface_yes	169.0	7	6	17	5	direct_single_method
PLEC	likely	surface_yes	330.0	18	13	19	5	direct_single_method
PLET1	likely	surface_yes	160.0	9	8	21	3	direct_single_method
PLG	canonical	surface_yes	270.0	15	11	17	4	direct_multi_method
PLGLB2	uncertain	surface_yes	176.0	0	0	11	3	weak
PLGRKT	canonical	surface_yes	165.0	19	18	17	4	direct_multi_method
PLLP	likely	surface_yes	182.0	11	10	19	4	direct_single_method
PLP1	likely	surface_yes	304.0	10	9	16	7	direct_single_method
PLP2	low	surface_yes	374.0	1	1	12	4	weak
PLPP1	canonical	surface_yes	258.0	16	14	18	6	supportive_but_indirect
PLPP2	canonical	surface_yes	203.0	14	14	19	6	supportive_but_indirect
PLPP3	canonical	surface_yes	210.0	22	20	19	5	direct_multi_method
PLPP4	likely	surface_yes	156.0	2	1	13	6	weak
PLPP5	low	surface_yes	126.0	6	6	15	6	weak
PLPPR1	likely	surface_yes	158.0	8	7	16	5	supportive_but_indirect
PLPPR2	likely	surface_yes	223.0	1	1	16	6	supportive_but_indirect
PLPPR3	likely	surface_yes	305.0	2	2	13	5	supportive_but_indirect
PLPPR4	likely	surface_yes	216.0	10	9	17	5	direct_multi_method
PLPPR5	likely	surface_yes	214.0	5	4	16	6	supportive_but_indirect
PLSCR1	canonical	surface_yes	363.0	8	8	14	4	supportive_but_indirect
PLSCR2	low	surface_yes	97.0	4	1	12	4	weak
PLSCR4	low	surface_yes	260.0	4	4	14	5	weak
PLSCR5	low	surface_yes	78.0	3	2	15	5	weak
PLVAP	likely	surface_yes	274.0	34	30	17	5	supportive_but_indirect
PLXDC1	canonical	surface_yes	198.0	16	14	20	6	direct_multi_method
PLXDC2	canonical	surface_yes	203.0	14	14	18	6	direct_multi_method
PLXNA1	canonical	surface_yes	279.0	23	20	19	5	direct_multi_method
PLXNA2	canonical	surface_yes	360.0	18	15	20	6	direct_multi_method
PLXNA3	canonical	surface_yes	353.0	15	12	17	5	direct_single_method
PLXNA4	canonical	surface_yes	209.0	22	22	21	6	direct_multi_method
PLXNB1	canonical	surface_yes	287.0	26	20	18	6	supportive_but_indirect
PLXNB2	canonical	surface_yes	291.0	25	21	17	5	direct_single_method
PLXNB3	canonical	surface_yes	178.0	17	15	15	6	direct_multi_method
PLXNC1	canonical	surface_yes	198.0	26	23	17	5	direct_multi_method
PLXND1	canonical	surface_yes	240.0	25	25	17	6	direct_multi_method
PM20D1	low	surface_yes	254.0	1	1	12	6	weak
PMEPA1	canonical	surface_yes	241.0	13	12	13	6	weak
PMP22	canonical	surface_yes	307.0	18	12	16	4	direct_multi_method
PNMA2	low	surface_yes	360.0	0	0	12	4	weak
PNMA3	low	surface_yes	315.0	0	0	12	5	weak
PODXL	canonical	surface_yes	358.0	10	10	18	5	direct_multi_method
PODXL2	likely	surface_yes	350.0	1	1	13	5	direct_single_method
PON2	low	surface_yes	215.0	12	10	18	5	conflicting
POPDC1	likely	surface_yes	208.0	19	17	19	6	direct_single_method
POPDC2	likely	surface_yes	204.0	10	10	18	6	direct_single_method
POPDC3	likely	surface_yes	181.0	9	7	16	5	supportive_but_indirect
POTEF	low	surface_yes	232.0	3	1	12	3	weak
POTEM	uncertain	surface_yes	316.0	1	0	12	3	weak
PPIA	likely	surface_yes	288.0	24	18	15	4	supportive_but_indirect
PPIB	low	surface_yes	383.0	6	5	15	4	weak
PPP2R1A	low	surface_yes	251.0	10	8	14	4	weak
PPT1	likely	surface_yes	279.0	19	17	18	4	direct_single_method
PRCP	low	surface_yes	323.0	6	6	15	6	weak
PRDX1	likely	surface_yes	322.0	11	10	16	5	direct_single_method
PRDX4	low	surface_yes	239.0	12	10	15	5	weak
PRDX6	likely	surface_yes	304.0	12	11	17	4	supportive_but_indirect
PRG2	low	surface_yes	340.0	2	1	13	5	weak
PRG3	low	surface_yes	202.0	1	1	12	4	weak
PRG4	canonical	surface_yes	317.0	31	27	19	5	direct_single_method
PRIMA1	likely	surface_yes	297.0	11	6	17	5	supportive_but_indirect
PRLHR	canonical	surface_yes	214.0	19	12	20	5	direct_single_method
PRLR	canonical	surface_yes	280.0	29	24	21	6	direct_multi_method
PRND	likely	surface_yes	210.0	15	14	17	4	direct_single_method
PRNP	canonical	surface_yes	263.0	32	21	21	4	direct_multi_method
PROCR	canonical	surface_yes	253.0	38	34	19	4	direct_multi_method
PROKR1	canonical	surface_yes	222.0	29	23	17	4	direct_single_method
PROKR2	canonical	surface_yes	252.0	24	22	17	5	direct_multi_method
PROM1	canonical	surface_yes	292.0	36	35	21	6	direct_multi_method
PROM2	canonical	surface_yes	186.0	12	12	17	6	supportive_but_indirect
PROS1	low	surface_yes	319.0	9	7	16	4	weak
PRPH2	likely	surface_yes	336.0	8	7	14	6	supportive_but_indirect
PRR7	low	surface_yes	196.0	4	3	15	5	weak
PRRG1	canonical	surface_yes	114.0	4	2	16	5	supportive_but_indirect
PRRG2	canonical	surface_yes	85.0	6	3	13	4	direct_multi_method
PRRG3	likely	surface_yes	142.0	1	0	12	4	weak
PRRG4	canonical	surface_yes	143.0	6	5	15	4	direct_single_method
PRRT1	likely	surface_yes	176.0	12	10	18	5	supportive_but_indirect
PRRT1B	low	surface_yes	50.0	1	0	11	4	weak
PRRT2	likely	surface_yes	345.0	7	4	16	5	direct_single_method
PRRT3	low	surface_yes	120.0	3	2	16	6	weak
PRRT4	low	surface_yes	71.0	1	0	13	4	weak
PRSS16	low	surface_yes	211.0	3	2	13	5	weak
PRSS21	likely	surface_yes	230.0	10	10	20	5	direct_multi_method
PRSS33	uncertain	surface_yes	302.0	0	0	11	2	weak
PRSS38	low	surface_yes	76.0	1	1	13	4	weak
PRSS41	likely	surface_yes	51.0	4	0	13	4	supportive_but_indirect
PRSS48	low	surface_yes	41.0	0	0	12	5	weak
PRSS51	uncertain	surface_yes	29.0	0	0	11	4	weak
PRSS55	likely	surface_yes	262.0	4	3	18	5	supportive_but_indirect
PRSS57	low	surface_yes	255.0	4	4	14	4	weak
PRSS8	canonical	surface_yes	267.0	19	17	20	5	direct_multi_method
PRTG	canonical	surface_yes	166.0	7	6	17	5	supportive_but_indirect
PRTN3	likely	surface_yes	343.0	17	13	19	4	direct_multi_method
PSCA	canonical	surface_yes	268.0	23	21	20	5	direct_multi_method
PSENEN	low	surface_yes	246.0	19	17	14	3	weak
PSG1	low	surface_yes	350.0	16	14	16	4	weak
PSG9	low	surface_yes	190.0	12	11	16	4	weak
PSMB4	low	surface_yes	249.0	4	2	16	2	weak
PTAFR	canonical	surface_yes	247.0	33	29	19	5	direct_multi_method
PTCH1	canonical	surface_yes	326.0	19	12	19	6	direct_single_method
PTCH2	canonical	surface_yes	232.0	11	9	19	5	supportive_but_indirect
PTCHD1	likely	surface_yes	176.0	7	6	14	6	supportive_but_indirect
PTCHD4	low	surface_yes	119.0	3	2	17	6	weak
PTCRA	likely	surface_yes	333.0	5	5	16	4	direct_single_method
PTGDR	canonical	surface_yes	353.0	15	11	18	6	direct_multi_method
PTGDR2	likely	surface_yes	297.0	26	25	16	6	direct_multi_method
PTGER1	canonical	surface_yes	287.0	22	17	15	5	direct_single_method
PTGER2	canonical	surface_yes	319.0	30	26	18	5	direct_multi_method
PTGER3	canonical	surface_yes	268.0	23	19	15	6	supportive_but_indirect
PTGER4	canonical	surface_yes	292.0	33	28	19	5	direct_multi_method
PTGFR	likely	surface_yes	360.0	3	1	14	6	weak
PTGFRN	canonical	surface_yes	189.0	26	25	19	5	direct_multi_method
PTGIR	canonical	surface_yes	362.0	23	20	17	5	direct_multi_method
PTH1R	canonical	surface_yes	248.0	36	34	21	5	direct_multi_method
PTH2R	canonical	surface_yes	176.0	14	11	19	5	direct_multi_method
PTK7	canonical	surface_yes	229.0	26	23	18	5	direct_multi_method
PTMA	low	surface_yes	267.0	4	1	14	4	weak
PTP4A1	low	surface_yes	218.0	18	13	15	4	supportive_but_indirect
PTP4A3	likely	surface_yes	226.0	13	12	15	5	supportive_but_indirect
PTPRA	canonical	surface_yes	309.0	13	12	17	6	direct_multi_method
PTPRB	likely	surface_yes	280.0	12	11	17	6	direct_multi_method
PTPRC	canonical	surface_yes	364.0	11	7	14	6	direct_multi_method
PTPRCAP	canonical	surface_yes	198.0	14	12	15	3	supportive_but_indirect
PTPRD	canonical	surface_yes	277.0	13	10	19	6	direct_single_method
PTPRE	canonical	surface_yes	229.0	11	10	15	5	weak
PTPRF	canonical	surface_yes	289.0	15	12	22	6	direct_multi_method
PTPRG	canonical	surface_yes	223.0	19	19	19	6	direct_multi_method
PTPRH	likely	surface_yes	229.0	11	9	19	6	direct_single_method
PTPRJ	canonical	surface_yes	255.0	26	25	21	6	direct_multi_method
PTPRK	canonical	surface_yes	214.0	20	17	21	6	direct_multi_method
PTPRM	canonical	surface_yes	223.0	17	13	19	6	direct_multi_method
PTPRN	likely	surface_yes	288.0	11	8	19	6	direct_single_method
PTPRN2	likely	surface_yes	250.0	9	7	15	6	direct_single_method
PTPRO	canonical	surface_yes	213.0	15	13	20	6	direct_single_method
PTPRQ	likely	surface_yes	185.0	11	7	16	5	supportive_but_indirect
PTPRR	likely	surface_yes	220.0	11	8	14	6	supportive_but_indirect
PTPRS	canonical	surface_yes	236.0	24	21	22	6	direct_multi_method
PTPRT	canonical	surface_yes	246.0	9	8	20	6	direct_multi_method
PTPRU	likely	surface_yes	350.0	4	2	13	6	weak
PTPRZ1	canonical	surface_yes	239.0	35	35	21	6	direct_multi_method
PTPRZ2	canonical	surface_yes	198.0	19	18	21	6	direct_multi_method
PTTG1IP	likely	surface_yes	279.0	9	9	15	5	direct_multi_method
PTTG1IP2	low	surface_yes	15.0	2	0	12	3	weak
PVR	canonical	surface_yes	269.0	46	42	21	6	direct_multi_method
PVRIG	likely	surface_yes	238.0	19	19	17	2	direct_multi_method
PXDN	low	surface_yes	309.0	19	19	19	5	supportive_but_indirect
PXDNL	low	surface_yes	231.0	5	5	20	4	weak
QRFPR	canonical	surface_yes	158.0	13	12	18	4	direct_multi_method
QSOX1	likely	surface_yes	284.0	18	17	16	6	weak
QSOX2	low	surface_yes	166.0	9	8	17	5	weak
RAB44	likely	surface_yes	126.0	9	7	13	5	supportive_but_indirect
RAET1E	canonical	surface_yes	193.0	27	24	19	4	direct_multi_method
RAET1G	canonical	surface_yes	213.0	20	16	19	4	direct_multi_method
RAET1L	canonical	surface_yes	150.0	20	15	21	3	direct_multi_method
RAMP1	canonical	surface_yes	219.0	34	31	18	4	direct_multi_method
RAMP2	canonical	surface_yes	236.0	33	29	17	6	direct_multi_method
RAMP3	canonical	surface_yes	214.0	29	27	17	5	direct_multi_method
RARRES1	canonical	surface_yes	211.0	12	10	18	5	supportive_but_indirect
RC3H2	low	surface_yes	182.0	1	0	12	5	weak
RCN1	likely	surface_yes	234.0	4	3	15	5	supportive_but_indirect
RECK	canonical	surface_yes	250.0	28	25	19	4	direct_multi_method
REELD1	low	surface_yes	176.0	0	0	11	3	weak
REG4	low	surface_yes	278.0	7	7	15	5	weak
RELL1	canonical	surface_yes	128.0	6	6	16	4	direct_multi_method
RELL2	likely	surface_yes	86.0	5	3	16	3	supportive_but_indirect
RELT	likely	surface_yes	197.0	9	6	17	5	direct_single_method
REN	low	surface_yes	371.0	3	2	17	5	weak
RET	canonical	surface_yes	330.0	11	10	21	6	direct_multi_method
RFTN1	likely	surface_yes	205.0	10	10	14	4	supportive_but_indirect
RGMA	canonical	surface_yes	249.0	27	22	20	7	direct_single_method
RGMB	likely	surface_yes	245.0	18	14	21	5	direct_multi_method
RGR	likely	surface_yes	259.0	13	10	20	7	supportive_but_indirect
RGS9BP	likely	surface_yes	301.0	2	1	15	4	direct_single_method
RHAG	likely	surface_yes	327.0	17	13	17	7	direct_multi_method
RHBDF2	canonical	surface_yes	219.0	23	20	18	6	direct_multi_method
RHBDL2	canonical	surface_yes	227.0	10	10	15	7	direct_multi_method
RHBG	likely	surface_yes	186.0	17	15	20	6	direct_multi_method
RHCE	likely	surface_yes	328.0	10	8	15	5	direct_multi_method
RHCG	canonical	surface_yes	226.0	16	14	18	6	direct_multi_method
RHD	likely	surface_yes	329.0	6	5	14	5	direct_multi_method
RHEX	likely	surface_yes	180.0	1	1	13	2	weak
RHO	likely	surface_yes	328.0	13	12	16	6	supportive_but_indirect
RHOXF2	low	surface_yes	196.0	1	0	15	3	weak
RNASE10	low	surface_yes	217.0	3	2	15	5	weak
RNASE11	uncertain	surface_yes	96.0	0	0	11	3	weak
RNASE2	likely	surface_yes	276.0	9	9	15	3	direct_single_method
RNASE9	low	surface_yes	132.0	3	1	15	4	weak
RNASEK	low	surface_yes	213.0	9	8	14	4	supportive_but_indirect
RNASET2	low	surface_yes	214.0	15	13	16	3	supportive_but_indirect
RNF128	likely	surface_yes	240.0	12	10	14	6	direct_multi_method
RNF130	likely	surface_yes	347.0	1	1	13	6	direct_single_method
RNF144A	low	surface_yes	178.0	5	3	16	2	weak
RNF150	uncertain	surface_yes	137.0	1	0	11	6	weak
RNF167	likely	surface_yes	135.0	9	7	16	6	direct_multi_method
RNF215	uncertain	surface_yes	68.0	0	0	11	4	weak
RNF43	canonical	surface_yes	249.0	21	15	19	6	direct_multi_method
RNLS	likely	surface_yes	213.0	13	10	14	4	supportive_but_indirect
RO60	likely	surface_yes	255.0	8	8	16	4	direct_multi_method
ROBO1	canonical	surface_yes	266.0	30	23	16	6	direct_multi_method
ROBO2	canonical	surface_yes	241.0	24	16	19	6	direct_multi_method
ROBO3	canonical	surface_yes	258.0	15	13	17	6	direct_multi_method
ROBO4	canonical	surface_yes	252.0	23	22	18	5	direct_multi_method
ROM1	likely	surface_yes	275.0	12	12	16	5	supportive_but_indirect
ROR1	canonical	surface_yes	256.0	32	30	19	6	direct_multi_method
ROR2	canonical	surface_yes	253.0	30	27	18	5	direct_multi_method
ROS1	canonical	surface_yes	382.0	4	4	16	5	direct_single_method
RPL29	uncertain	surface_yes	342.0	1	0	12	2	weak
RPN1	low	surface_yes	341.0	9	8	13	4	conflicting
RPRML	low	surface_yes	86.0	1	0	12	5	weak
RPS3	low	surface_yes	373.0	2	0	12	5	weak
RPSA	likely	surface_yes	370.0	17	14	20	3	direct_single_method
RPSA2	likely	surface_yes	164.0	21	17	21	3	direct_multi_method
RRH	likely	surface_yes	191.0	9	5	14	5	supportive_but_indirect
RS1	low	surface_yes	268.0	13	10	17	4	weak
RSPO4	low	surface_yes	233.0	13	7	17	5	weak
RTL5	low	surface_yes	105.0	1	1	14	2	weak
RTN4	low	surface_yes	261.0	25	21	18	5	supportive_but_indirect
RTN4R	canonical	surface_yes	279.0	24	22	21	5	direct_single_method
RTN4RL1	canonical	surface_yes	169.0	17	15	21	5	direct_multi_method
RTN4RL2	likely	surface_yes	163.0	18	15	22	6	supportive_but_indirect
RTP1	likely	surface_yes	159.0	17	14	16	4	direct_single_method
RTP2	likely	surface_yes	125.0	12	10	12	4	supportive_but_indirect
RTP3	likely	surface_yes	170.0	8	2	15	4	supportive_but_indirect
RTP5	uncertain	surface_yes	105.0	1	0	11	3	weak
RXFP1	canonical	surface_yes	219.0	28	24	19	6	direct_multi_method
RXFP2	canonical	surface_yes	320.0	11	9	16	6	direct_single_method
RXFP3	canonical	surface_yes	196.0	20	9	15	4	direct_multi_method
RXFP4	canonical	surface_yes	173.0	18	12	15	5	direct_single_method
RXRB	low	surface_yes		7	6	19	6	weak
RYK	canonical	surface_yes	217.0	22	20	19	6	direct_multi_method
S100A1	low	surface_yes	307.0	8	5	15	4	weak
S100A10	likely	surface_yes	286.0	11	9	19	5	supportive_but_indirect
S100A11	likely	surface_yes	247.0	25	21	18	5	supportive_but_indirect
S100A12	low	surface_yes	367.0	10	8	14	4	weak
S100A13	low	surface_yes	205.0	14	13	16	5	weak
S100A14	canonical	surface_yes	197.0	10	8	17	5	direct_single_method
S100A16	likely	surface_yes	252.0	10	9	15	5	supportive_but_indirect
S100A4	low	surface_yes	332.0	12	10	16	5	weak
S100A6	low	surface_yes	287.0	10	10	16	5	supportive_but_indirect
S100A7	likely	surface_yes	240.0	24	19	15	4	supportive_but_indirect
S100A7A	likely	surface_yes	181.0	18	17	15	4	supportive_but_indirect
S100A8	likely	surface_yes	343.0	24	18	16	5	supportive_but_indirect
S100A9	low	surface_yes	345.0	15	11	16	4	weak
S100B	low	surface_yes	307.0	9	8	17	5	weak
S100P	likely	surface_yes	261.0	20	18	17	4	direct_multi_method
S1PR1	canonical	surface_yes	287.0	28	26	18	5	direct_multi_method
S1PR2	canonical	surface_yes	273.0	28	22	19	5	direct_multi_method
S1PR3	canonical	surface_yes	261.0	36	30	18	5	direct_single_method
S1PR4	canonical	surface_yes	255.0	36	31	20	5	direct_multi_method
S1PR5	canonical	surface_yes	254.0	37	35	20	6	direct_multi_method
SARAF	low	surface_yes	231.0	14	11	16	4	weak
SBSN	low	surface_yes	184.0	11	10	14	3	weak
SCAMP1	low	surface_yes	259.0	11	8	14	6	weak
SCAMP2	low	surface_yes	166.0	18	16	15	5	supportive_but_indirect
SCAMP3	low	surface_yes	164.0	21	21	16	6	supportive_but_indirect
SCAMP4	low	surface_yes	121.0	6	5	12	6	conflicting
SCAMP5	low	surface_yes	162.0	12	11	17	6	supportive_but_indirect
SCARA3	canonical	surface_yes	254.0	6	5	18	5	supportive_but_indirect
SCARA5	canonical	surface_yes	214.0	15	14	20	7	direct_multi_method
SCARB1	canonical	surface_yes	277.0	46	42	16	6	direct_multi_method
SCARB2	likely	surface_yes	238.0	27	23	19	6	direct_multi_method
SCARF1	canonical	surface_yes	211.0	22	18	20	6	direct_multi_method
SCARF2	canonical	surface_yes	175.0	7	7	15	6	direct_multi_method
SCART1	likely	surface_yes	138.0	7	5	16	6	weak
SCEL	likely	surface_yes	203.0	9	9	15	5	supportive_but_indirect
SCGB1D2	low	surface_yes	182.0	8	7	16	3	conflicting
SCGN	low	surface_yes	274.0	9	8	15	4	weak
SCIMP	likely	surface_yes	143.0	11	11	18	5	supportive_but_indirect
SCN10A	canonical	surface_yes	309.0	28	20	18	5	direct_multi_method
SCN11A	likely	surface_yes	328.0	9	7	18	6	direct_single_method
SCN1A	likely	surface_yes	263.0	23	19	18	6	direct_multi_method
SCN1B	canonical	surface_yes	224.0	26	22	22	6	direct_multi_method
SCN2A	canonical	surface_yes	265.0	22	17	18	6	direct_multi_method
SCN2B	canonical	surface_yes	194.0	21	20	23	5	direct_multi_method
SCN3A	canonical	surface_yes	237.0	26	22	19	6	direct_multi_method
SCN3B	canonical	surface_yes	203.0	27	21	18	5	direct_multi_method
SCN4A	canonical	surface_yes	267.0	24	19	18	5	direct_multi_method
SCN4B	canonical	surface_yes	230.0	21	17	19	6	direct_multi_method
SCN5A	canonical	surface_yes	292.0	44	37	19	6	direct_multi_method
SCN7A	canonical	surface_yes	291.0	10	7	14	5	supportive_but_indirect
SCN8A	canonical	surface_yes	320.0	30	24	19	6	direct_multi_method
SCN9A	canonical	surface_yes	295.0	30	25	18	6	direct_multi_method
SCNN1A	canonical	surface_yes	267.0	33	30	21	7	direct_multi_method
SCNN1B	canonical	surface_yes	247.0	23	20	19	7	direct_multi_method
SCNN1D	canonical	surface_yes	174.0	33	30	18	5	direct_multi_method
SCNN1G	canonical	surface_yes	251.0	33	28	20	5	direct_multi_method
SCTR	canonical	surface_yes	335.0	10	9	15	5	supportive_but_indirect
SCUBE1	canonical	surface_yes	169.0	16	14	20	4	direct_multi_method
SCUBE2	canonical	surface_yes	187.0	21	15	21	5	direct_single_method
SCUBE3	canonical	surface_yes	174.0	17	15	20	5	supportive_but_indirect
SDC1	canonical	surface_yes	284.0	35	29	21	5	direct_multi_method
SDC2	canonical	surface_yes	289.0	31	25	18	5	direct_multi_method
SDC3	canonical	surface_yes	210.0	28	26	22	4	direct_multi_method
SDC4	canonical	surface_yes	260.0	35	32	21	5	direct_multi_method
SDK1	canonical	surface_yes	201.0	12	11	20	6	direct_multi_method
SDK2	likely	surface_yes	175.0	10	6	19	6	direct_multi_method
SECTM1	low	surface_yes	313.0	6	5	15	3	weak
SEL1L2	low	surface_yes	69.0	2	1	11	5	weak
SELE	canonical	surface_yes	317.0	36	28	20	5	direct_multi_method
SELL	canonical	surface_yes	328.0	24	23	20	6	direct_multi_method
SELP	canonical	surface_yes	332.0	33	32	18	5	direct_multi_method
SELPLG	canonical	surface_yes	274.0	41	38	19	4	direct_multi_method
SEMA3A	canonical	surface_yes	277.0	29	27	18	5	supportive_but_indirect
SEMA3B	canonical	surface_yes	269.0	13	13	17	5	supportive_but_indirect
SEMA4A	canonical	surface_yes	210.0	20	19	21	6	direct_multi_method
SEMA4B	canonical	surface_yes	216.0	12	11	19	7	supportive_but_indirect
SEMA4C	canonical	surface_yes	213.0	21	20	22	5	direct_multi_method
SEMA4D	canonical	surface_yes	300.0	28	25	20	6	direct_multi_method
SEMA4F	likely	surface_yes	315.0	10	7	18	6	supportive_but_indirect
SEMA4G	canonical	surface_yes	174.0	6	4	18	6	supportive_but_indirect
SEMA5A	canonical	surface_yes	235.0	17	14	20	5	direct_single_method
SEMA5B	low	surface_yes	241.0	5	4	19	6	weak
SEMA6A	canonical	surface_yes	376.0	7	4	16	7	direct_single_method
SEMA6B	canonical	surface_yes	232.0	7	5	16	7	direct_multi_method
SEMA6C	likely	surface_yes	203.0	5	3	17	7	supportive_but_indirect
SEMA6D	canonical	surface_yes	196.0	17	15	18	6	direct_multi_method
SEMA7A	canonical	surface_yes	244.0	27	25	22	7	direct_multi_method
SEMG1	likely	surface_yes	293.0	9	8	17	4	supportive_but_indirect
SERINC1	likely	surface_yes	244.0	2	1	13	5	supportive_but_indirect
SERINC2	canonical	surface_yes	181.0	12	11	14	6	direct_single_method
SERINC3	canonical	surface_yes	257.0	19	15	14	6	direct_multi_method
SERINC4	low	surface_yes	59.0	2	1	14	6	supportive_but_indirect
SERINC5	canonical	surface_yes	195.0	27	24	15	6	direct_multi_method
SERPINA12	likely	surface_yes	222.0	11	9	16	4	supportive_but_indirect
SERPINA9	low	surface_yes	171.0	2	0	14	5	weak
SERPINB3	low	surface_yes	352.0	7	5	15	4	weak
SERPINE1	likely	surface_yes	311.0	26	25	17	5	direct_single_method
SERPINE2	low	surface_yes	318.0	4	3	15	5	weak
SERTM2	low	surface_yes	96.0	2	2	14	3	weak
SEZ6	likely	surface_yes	165.0	22	21	20	6	direct_multi_method
SEZ6L	likely	surface_yes	169.0	13	12	22	5	direct_multi_method
SEZ6L2	canonical	surface_yes	177.0	15	14	20	6	direct_multi_method
SFTPB	low	surface_yes	288.0	23	19	17	4	weak
SFTPC	likely	surface_yes	277.0	19	13	17	4	direct_single_method
SGCA	likely	surface_yes	355.0	21	17	19	6	direct_multi_method
SGCB	likely	surface_yes	321.0	14	13	20	5	direct_single_method
SGCD	likely	surface_yes	299.0	8	8	17	7	supportive_but_indirect
SGCE	canonical	surface_yes	258.0	5	2	19	6	direct_single_method
SGCG	likely	surface_yes	390.0	10	8	14	5	supportive_but_indirect
SGCZ	canonical	surface_yes	149.0	5	5	15	7	direct_single_method
SGMS2	canonical	surface_yes	245.0	25	18	18	5	supportive_but_indirect
SH3BGRL3	low	surface_yes	192.0	4	4	13	4	weak
SHH	canonical	surface_yes	343.0	11	10	22	4	supportive_but_indirect
SHISA4	low	surface_yes	105.0	4	2	15	5	weak
SHISA6	likely	surface_yes	146.0	4	3	17	6	supportive_but_indirect
SHISA7	likely	surface_yes	127.0	9	6	18	5	supportive_but_indirect
SHISA8	low	surface_yes	163.0	0	0	12	6	weak
SHISA9	likely	surface_yes	159.0	11	8	19	6	supportive_but_indirect
SHISAL2B	low	surface_yes	70.0	3	2	16	4	weak
SI	likely	surface_yes	387.0	14	12	21	4	supportive_but_indirect
SIDT1	likely	surface_yes	197.0	14	11	19	7	supportive_but_indirect
SIDT2	low	surface_yes	165.0	18	14	16	7	supportive_but_indirect
SIGIRR	canonical	surface_yes	185.0	19	16	20	6	direct_multi_method
SIGLEC1	canonical	surface_yes	295.0	40	37	19	6	direct_multi_method
SIGLEC10	canonical	surface_yes	259.0	33	33	18	5	direct_multi_method
SIGLEC11	likely	surface_yes	146.0	17	13	19	5	direct_multi_method
SIGLEC12	canonical	surface_yes	249.0	9	9	18	5	direct_single_method
SIGLEC14	canonical	surface_yes	160.0	18	16	20	4	direct_multi_method
SIGLEC15	canonical	surface_yes	230.0	31	28	16	6	direct_multi_method
SIGLEC16	likely	surface_yes	111.0	7	5	18	4	supportive_but_indirect
SIGLEC5	canonical	surface_yes	237.0	28	26	20	3	direct_multi_method
SIGLEC6	canonical	surface_yes	201.0	26	24	17	5	direct_multi_method
SIGLEC7	canonical	surface_yes	280.0	44	36	18	5	direct_multi_method
SIGLEC8	likely	surface_yes	234.0	23	22	20	5	direct_multi_method
SIGLEC9	canonical	surface_yes	239.0	37	36	18	5	direct_multi_method
SIGLECL1	low	surface_yes	194.0	1	0	14	6	weak
SIGMAR1	low	surface_yes	251.0	21	12	18	5	weak
SIRPA	canonical	surface_yes	312.0	27	22	19	5	direct_multi_method
SIRPB1	likely	surface_yes	197.0	12	10	18	5	direct_multi_method
SIRPB2	likely	surface_yes	96.0	5	5	16	5	supportive_but_indirect
SIRPD	low	surface_yes	83.0	0	0	11	3	weak
SIRPG	likely	surface_yes	247.0	17	13	18	5	direct_multi_method
SIT1	likely	surface_yes	331.0	2	2	13	4	supportive_but_indirect
SLAMF1	canonical	surface_yes	261.0	31	27	19	7	direct_multi_method
SLAMF6	canonical	surface_yes	257.0	26	22	20	6	direct_multi_method
SLAMF7	canonical	surface_yes	277.0	38	34	20	5	direct_multi_method
SLAMF8	likely	surface_yes	227.0	16	13	14	6	weak
SLAMF9	canonical	surface_yes	152.0	15	12	16	6	direct_multi_method
SLC10A1	canonical	surface_yes	264.0	32	29	18	5	direct_multi_method
SLC10A2	likely	surface_yes	242.0	30	25	19	5	direct_multi_method
SLC10A5	likely	surface_yes	305.0	4	2	12	5	supportive_but_indirect
SLC10A6	canonical	surface_yes	190.0	11	8	17	5	direct_multi_method
SLC11A2	likely	surface_yes	292.0	28	23	19	6	direct_multi_method
SLC12A1	likely	surface_yes	296.0	24	19	15	7	supportive_but_indirect
SLC12A2	canonical	surface_yes	303.0	34	27	17	6	direct_single_method
SLC12A3	likely	surface_yes	332.0	22	18	18	7	supportive_but_indirect
SLC12A4	canonical	surface_yes	193.0	20	17	19	7	direct_multi_method
SLC12A5	canonical	surface_yes	256.0	36	31	19	6	direct_multi_method
SLC12A6	canonical	surface_yes	206.0	26	22	18	6	direct_multi_method
SLC12A7	canonical	surface_yes	206.0	18	17	16	6	direct_single_method
SLC12A8	canonical	surface_yes	166.0	4	3	16	6	direct_single_method
SLC13A1	likely	surface_yes	176.0	15	10	17	6	direct_multi_method
SLC13A2	likely	surface_yes	291.0	15	9	18	7	supportive_but_indirect
SLC13A3	canonical	surface_yes	222.0	21	19	18	7	direct_multi_method
SLC13A4	likely	surface_yes	230.0	8	4	14	6	supportive_but_indirect
SLC13A5	canonical	surface_yes	269.0	21	20	18	6	direct_multi_method
SLC14A1	canonical	surface_yes	294.0	12	12	20	7	direct_multi_method
SLC14A2	canonical	surface_yes	363.0	11	8	18	6	direct_single_method
SLC15A1	canonical	surface_yes	255.0	26	18	18	5	direct_multi_method
SLC15A2	canonical	surface_yes	230.0	30	28	19	6	direct_multi_method
SLC15A4	low	surface_yes	185.0	22	19	15	6	weak
SLC16A1	canonical	surface_yes	300.0	39	31	20	6	direct_multi_method
SLC16A10	canonical	surface_yes	226.0	27	23	17	4	direct_multi_method
SLC16A11	likely	surface_yes	164.0	8	6	17	4	supportive_but_indirect
SLC16A12	likely	surface_yes	204.0	13	10	18	5	direct_multi_method
SLC16A13	likely	surface_yes	152.0	11	6	20	4	supportive_but_indirect
SLC16A14	canonical	surface_yes	171.0	9	4	16	5	supportive_but_indirect
SLC16A2	canonical	surface_yes	232.0	34	32	18	4	direct_multi_method
SLC16A3	canonical	surface_yes	278.0	35	33	20	4	direct_single_method
SLC16A4	canonical	surface_yes	282.0	34	33	18	6	direct_single_method
SLC16A5	canonical	surface_yes	176.0	12	11	17	5	direct_single_method
SLC16A6	canonical	surface_yes	200.0	15	6	20	5	supportive_but_indirect
SLC16A7	canonical	surface_yes	250.0	29	27	22	5	direct_multi_method
SLC16A8	likely	surface_yes	221.0	12	10	19	5	direct_single_method
SLC16A9	canonical	surface_yes	192.0	13	9	15	4	direct_multi_method
SLC17A1	likely	surface_yes	224.0	15	9	19	6	supportive_but_indirect
SLC17A2	likely	surface_yes	130.0	5	3	15	5	supportive_but_indirect
SLC17A3	likely	surface_yes	171.0	17	10	16	5	direct_single_method
SLC17A4	likely	surface_yes	140.0	6	4	16	5	supportive_but_indirect
SLC17A5	likely	surface_yes	389.0	17	15	18	6	direct_multi_method
SLC17A8	low	surface_yes	225.0	28	24	19	6	supportive_but_indirect
SLC19A1	canonical	surface_yes	270.0	25	18	19	6	direct_multi_method
SLC19A2	canonical	surface_yes	304.0	10	8	18	6	direct_single_method
SLC19A3	canonical	surface_yes	194.0	24	23	17	5	direct_multi_method
SLC1A1	canonical	surface_yes	252.0	27	22	19	6	direct_multi_method
SLC1A2	canonical	surface_yes	278.0	42	37	20	7	direct_multi_method
SLC1A3	canonical	surface_yes	269.0	41	33	18	7	direct_multi_method
SLC1A4	canonical	surface_yes	230.0	34	29	16	7	direct_multi_method
SLC1A5	canonical	surface_yes	296.0	42	39	21	7	direct_multi_method
SLC1A6	likely	surface_yes	219.0	21	15	18	7	direct_single_method
SLC1A7	likely	surface_yes	209.0	16	12	16	7	direct_multi_method
SLC20A1	canonical	surface_yes	246.0	30	29	17	4	direct_multi_method
SLC20A2	canonical	surface_yes	236.0	26	24	15	5	direct_multi_method
SLC22A1	canonical	surface_yes	262.0	29	22	18	6	direct_multi_method
SLC22A11	likely	surface_yes	204.0	31	27	17	5	direct_multi_method
SLC22A12	canonical	surface_yes	271.0	24	19	18	6	direct_multi_method
SLC22A13	canonical	surface_yes	165.0	17	14	17	5	direct_multi_method
SLC22A14	low	surface_yes	115.0	6	3	15	5	weak
SLC22A15	canonical	surface_yes	128.0	12	10	18	6	direct_multi_method
SLC22A16	canonical	surface_yes	269.0	14	10	18	5	direct_multi_method
SLC22A17	canonical	surface_yes	224.0	23	21	20	6	direct_multi_method
SLC22A2	canonical	surface_yes	290.0	35	27	18	6	direct_multi_method
SLC22A23	low	surface_yes	155.0	6	3	16	6	weak
SLC22A24	likely	surface_yes	71.0	8	2	17	4	direct_multi_method
SLC22A25	low	surface_yes	73.0	7	2	15	4	weak
SLC22A3	canonical	surface_yes	361.0	22	16	17	5	direct_multi_method
SLC22A31	low	surface_yes	142.0	3	0	11	4	weak
SLC22A4	canonical	surface_yes	218.0	29	27	16	5	direct_multi_method
SLC22A5	canonical	surface_yes	309.0	28	21	19	4	supportive_but_indirect
SLC22A6	likely	surface_yes	236.0	34	28	17	6	direct_multi_method
SLC22A7	likely	surface_yes	235.0	23	23	17	6	direct_multi_method
SLC22A8	canonical	surface_yes	259.0	31	28	17	6	direct_multi_method
SLC22A9	likely	surface_yes	207.0	21	20	17	5	direct_single_method
SLC23A1	likely	surface_yes	200.0	27	23	19	7	direct_multi_method
SLC23A2	canonical	surface_yes	195.0	35	33	20	7	direct_multi_method
SLC23A3	low	surface_yes	126.0	6	2	16	6	weak
SLC24A1	likely	surface_yes	263.0	12	10	15	5	supportive_but_indirect
SLC24A2	canonical	surface_yes	215.0	19	11	17	6	direct_multi_method
SLC24A3	canonical	surface_yes	200.0	10	9	17	5	direct_multi_method
SLC24A4	likely	surface_yes	237.0	17	13	17	6	direct_single_method
SLC26A1	canonical	surface_yes	277.0	13	11	18	7	direct_single_method
SLC26A11	canonical	surface_yes	152.0	10	7	14	5	direct_multi_method
SLC26A2	canonical	surface_yes	228.0	16	11	15	6	direct_multi_method
SLC26A3	canonical	surface_yes	269.0	23	22	18	6	direct_multi_method
SLC26A4	canonical	surface_yes	312.0	12	11	16	7	supportive_but_indirect
SLC26A5	likely	surface_yes	244.0	30	28	18	7	direct_multi_method
SLC26A6	canonical	surface_yes	198.0	23	20	18	7	direct_multi_method
SLC26A7	likely	surface_yes	188.0	18	16	18	6	direct_single_method
SLC26A8	likely	surface_yes	262.0	9	8	16	7	direct_single_method
SLC26A9	likely	surface_yes	182.0	25	20	18	7	direct_multi_method
SLC27A1	likely	surface_yes	272.0	32	28	20	5	direct_multi_method
SLC27A3	low	surface_yes	189.0	16	10	13	5	weak
SLC27A4	low	surface_yes	336.0	13	12	15	5	weak
SLC27A6	likely	surface_yes	209.0	16	13	15	4	supportive_but_indirect
SLC28A1	likely	surface_yes	220.0	26	20	17	7	direct_multi_method
SLC28A2	canonical	surface_yes	222.0	23	17	19	5	direct_multi_method
SLC28A3	canonical	surface_yes	192.0	22	19	19	7	direct_multi_method
SLC29A1	canonical	surface_yes	294.0	36	30	19	6	direct_multi_method
SLC29A2	canonical	surface_yes	228.0	36	32	18	6	direct_multi_method
SLC29A3	low	surface_yes	201.0	14	10	15	6	weak
SLC29A4	canonical	surface_yes	218.0	30	27	18	6	direct_multi_method
SLC2A1	canonical	surface_yes	321.0	34	28	19	5	direct_multi_method
SLC2A10	likely	surface_yes	298.0	15	13	16	5	direct_single_method
SLC2A11	likely	surface_yes	202.0	10	6	15	5	direct_single_method
SLC2A12	likely	surface_yes	224.0	21	19	18	5	direct_multi_method
SLC2A13	likely	surface_yes	198.0	14	10	16	5	supportive_but_indirect
SLC2A14	canonical	surface_yes	198.0	10	8	16	5	supportive_but_indirect
SLC2A2	canonical	surface_yes	302.0	31	29	18	6	direct_multi_method
SLC2A3	canonical	surface_yes	294.0	33	29	19	4	direct_multi_method
SLC2A4	likely	surface_yes	329.0	41	35	17	5	direct_multi_method
SLC2A5	canonical	surface_yes	249.0	30	25	19	6	direct_multi_method
SLC2A7	canonical	surface_yes	146.0	12	7	18	5	direct_single_method
SLC2A8	likely	surface_yes	208.0	24	21	19	5	direct_single_method
SLC2A9	canonical	surface_yes	254.0	25	20	17	6	direct_multi_method
SLC30A1	canonical	surface_yes	209.0	30	29	19	6	direct_single_method
SLC30A10	canonical	surface_yes	213.0	19	13	17	6	supportive_but_indirect
SLC30A5	low	surface_yes	174.0	24	20	18	6	conflicting
SLC30A8	likely	surface_yes	240.0	15	14	16	6	direct_multi_method
SLC31A1	canonical	surface_yes	244.0	39	34	19	6	direct_multi_method
SLC31A2	low	surface_yes	199.0	14	12	18	5	direct_single_method
SLC33A2	low	surface_yes	93.0	5	4	13	4	weak
SLC34A1	canonical	surface_yes	242.0	27	20	16	6	direct_multi_method
SLC34A2	canonical	surface_yes	221.0	24	20	19	6	direct_multi_method
SLC34A3	likely	surface_yes	215.0	24	17	16	5	supportive_but_indirect
SLC35F2	canonical	surface_yes	130.0	14	11	19	5	direct_multi_method
SLC35G2	canonical	surface_yes	114.0	4	3	16	5	direct_single_method
SLC36A1	canonical	surface_yes	245.0	28	27	18	6	direct_multi_method
SLC36A2	likely	surface_yes	186.0	12	10	17	6	direct_single_method
SLC36A4	low	surface_yes	171.0	13	5	15	6	weak
SLC38A1	canonical	surface_yes	309.0	21	19	16	5	direct_multi_method
SLC38A11	low	surface_yes	144.0	2	1	13	6	weak
SLC38A2	canonical	surface_yes	260.0	32	29	18	6	direct_multi_method
SLC38A3	canonical	surface_yes	308.0	13	11	17	4	supportive_but_indirect
SLC38A4	canonical	surface_yes	238.0	16	14	18	5	direct_multi_method
SLC38A5	canonical	surface_yes	282.0	20	18	18	6	supportive_but_indirect
SLC38A6	canonical	surface_yes	175.0	12	10	19	5	direct_multi_method
SLC38A7	likely	surface_yes	187.0	15	14	17	5	supportive_but_indirect
SLC38A8	likely	surface_yes	120.0	8	4	14	6	weak
SLC39A1	canonical	surface_yes	218.0	23	19	15	6	supportive_but_indirect
SLC39A10	canonical	surface_yes	198.0	22	18	19	7	direct_multi_method
SLC39A11	low	surface_yes	148.0	7	6	17	5	weak
SLC39A12	canonical	surface_yes	164.0	14	9	18	7	direct_single_method
SLC39A14	canonical	surface_yes	219.0	32	28	18	7	direct_multi_method
SLC39A2	canonical	surface_yes	252.0	21	19	18	7	direct_single_method
SLC39A3	likely	surface_yes	193.0	15	11	17	6	supportive_but_indirect
SLC39A4	canonical	surface_yes	230.0	27	25	19	7	direct_multi_method
SLC39A5	likely	surface_yes	165.0	11	10	18	6	direct_single_method
SLC39A6	canonical	surface_yes	218.0	26	24	19	7	direct_multi_method
SLC39A8	canonical	surface_yes	213.0	29	27	17	7	direct_multi_method
SLC39A9	likely	surface_yes	185.0	28	25	15	6	direct_single_method
SLC3A1	likely	surface_yes	230.0	19	16	21	7	direct_multi_method
SLC3A2	canonical	surface_yes	230.0	46	42	20	6	direct_multi_method
SLC40A1	canonical	surface_yes	268.0	36	31	19	4	direct_multi_method
SLC41A1	canonical	surface_yes	224.0	21	20	15	5	direct_multi_method
SLC41A2	canonical	surface_yes	147.0	6	3	14	5	supportive_but_indirect
SLC41A3	low	surface_yes	168.0	8	4	13	6	weak
SLC43A1	canonical	surface_yes	195.0	18	12	18	6	direct_multi_method
SLC43A2	canonical	surface_yes	197.0	20	15	17	6	direct_multi_method
SLC43A3	canonical	surface_yes	171.0	20	18	17	5	direct_multi_method
SLC44A1	canonical	surface_yes	223.0	25	22	16	6	direct_multi_method
SLC44A2	canonical	surface_yes	221.0	27	25	16	6	direct_multi_method
SLC44A3	likely	surface_yes	162.0	8	4	14	6	supportive_but_indirect
SLC44A4	likely	surface_yes	229.0	15	11	20	6	direct_multi_method
SLC44A5	likely	surface_yes	147.0	9	2	14	6	supportive_but_indirect
SLC45A3	likely	surface_yes	216.0	9	9	16	4	supportive_but_indirect
SLC45A4	low	surface_yes	120.0	12	9	17	6	conflicting
SLC46A1	canonical	surface_yes	245.0	28	26	18	6	direct_multi_method
SLC46A2	likely	surface_yes	122.0	11	9	17	5	supportive_but_indirect
SLC47A1	canonical	surface_yes	240.0	26	21	17	6	direct_multi_method
SLC47A2	likely	surface_yes	229.0	19	15	17	4	direct_multi_method
SLC48A1	low	surface_yes	180.0	15	14	18	3	supportive_but_indirect
SLC49A3	low	surface_yes	74.0	3	2	12	6	weak
SLC49A4	likely	surface_yes	185.0	5	4	15	6	direct_single_method
SLC4A1	likely	surface_yes	365.0	11	9	16	7	direct_multi_method
SLC4A10	canonical	surface_yes	217.0	19	14	17	6	supportive_but_indirect
SLC4A11	canonical	surface_yes	224.0	23	21	17	6	direct_multi_method
SLC4A2	canonical	surface_yes	217.0	29	26	18	5	direct_multi_method
SLC4A3	likely	surface_yes	292.0	4	4	16	5	supportive_but_indirect
SLC4A4	canonical	surface_yes	246.0	37	32	19	6	direct_multi_method
SLC4A5	likely	surface_yes	181.0	20	19	17	6	supportive_but_indirect
SLC4A7	canonical	surface_yes	256.0	34	32	18	6	supportive_but_indirect
SLC4A8	canonical	surface_yes	181.0	18	15	17	6	direct_multi_method
SLC4A9	likely	surface_yes	149.0	14	10	17	6	direct_multi_method
SLC50A1	low	surface_yes	295.0	2	1	13	4	weak
SLC51A	likely	surface_yes	243.0	23	20	19	6	direct_single_method
SLC51B	canonical	surface_yes	207.0	24	24	19	4	direct_single_method
SLC52A1	canonical	surface_yes	258.0	14	10	17	5	direct_multi_method
SLC52A2	canonical	surface_yes	260.0	18	15	18	4	direct_multi_method
SLC52A3	canonical	surface_yes	178.0	16	16	18	6	direct_multi_method
SLC5A1	canonical	surface_yes	276.0	29	29	18	6	direct_multi_method
SLC5A10	likely	surface_yes	140.0	13	11	16	6	supportive_but_indirect
SLC5A11	canonical	surface_yes	269.0	11	5	17	6	supportive_but_indirect
SLC5A12	canonical	surface_yes	247.0	10	8	19	6	direct_multi_method
SLC5A2	likely	surface_yes	314.0	31	31	19	6	supportive_but_indirect
SLC5A3	canonical	surface_yes	247.0	16	14	19	5	direct_single_method
SLC5A4	likely	surface_yes	151.0	12	11	19	5	direct_multi_method
SLC5A5	canonical	surface_yes	323.0	19	13	18	5	direct_multi_method
SLC5A6	canonical	surface_yes	268.0	34	31	18	5	direct_multi_method
SLC5A7	likely	surface_yes	273.0	20	18	18	5	direct_multi_method
SLC5A8	likely	surface_yes	284.0	26	21	18	5	direct_multi_method
SLC5A9	likely	surface_yes	138.0	9	5	17	6	supportive_but_indirect
SLC60A2	likely	surface_yes	166.0	6	3	15	4	supportive_but_indirect
SLC61A1	canonical	surface_yes	79.0	7	5	14	6	direct_single_method
SLC67A1	likely	surface_yes	291.0	8	7	17	2	supportive_but_indirect
SLC68A1	canonical	surface_yes	86.0	6	3	14	3	direct_single_method
SLC6A1	canonical	surface_yes	272.0	23	21	18	5	direct_multi_method
SLC6A11	canonical	surface_yes	239.0	27	25	19	6	direct_multi_method
SLC6A12	canonical	surface_yes	234.0	32	22	19	5	direct_multi_method
SLC6A13	canonical	surface_yes	216.0	24	18	17	6	direct_multi_method
SLC6A14	canonical	surface_yes	320.0	14	11	17	4	supportive_but_indirect
SLC6A15	canonical	surface_yes	223.0	15	10	17	6	direct_multi_method
SLC6A16	likely	surface_yes	231.0	2	0	13	5	supportive_but_indirect
SLC6A18	likely	surface_yes	195.0	13	7	16	5	supportive_but_indirect
SLC6A19	canonical	surface_yes	209.0	30	27	19	5	direct_multi_method
SLC6A2	canonical	surface_yes	359.0	5	5	19	6	direct_single_method
SLC6A20	likely	surface_yes	251.0	18	14	18	5	direct_multi_method
SLC6A3	canonical	surface_yes	318.0	29	25	18	5	direct_multi_method
SLC6A4	canonical	surface_yes	275.0	32	28	18	6	direct_multi_method
SLC6A5	canonical	surface_yes	237.0	29	26	18	6	direct_multi_method
SLC6A6	canonical	surface_yes	235.0	32	28	18	6	direct_multi_method
SLC6A7	likely	surface_yes	326.0	7	4	16	5	supportive_but_indirect
SLC6A8	canonical	surface_yes	303.0	23	21	18	5	direct_single_method
SLC6A9	canonical	surface_yes	254.0	27	21	17	6	direct_multi_method
SLC71A1	low	surface_yes	133.0	8	6	14	4	weak
SLC75A1	likely	surface_yes	146.0	10	9	15	4	supportive_but_indirect
SLC7A1	canonical	surface_yes	288.0	29	25	18	5	direct_multi_method
SLC7A10	canonical	surface_yes	263.0	18	15	18	5	direct_multi_method
SLC7A11	canonical	surface_yes	336.0	32	27	18	4	direct_multi_method
SLC7A13	likely	surface_yes	164.0	7	7	19	5	supportive_but_indirect
SLC7A2	canonical	surface_yes	268.0	21	18	15	6	direct_single_method
SLC7A3	canonical	surface_yes	241.0	14	12	16	5	direct_multi_method
SLC7A4	canonical	surface_yes	317.0	3	2	14	5	supportive_but_indirect
SLC7A5	canonical	surface_yes	250.0	43	36	19	5	direct_multi_method
SLC7A6	canonical	surface_yes	234.0	25	20	20	5	direct_multi_method
SLC7A7	canonical	surface_yes	264.0	19	14	19	4	direct_multi_method
SLC7A8	canonical	surface_yes	235.0	30	29	20	5	direct_multi_method
SLC7A9	canonical	surface_yes	208.0	16	8	20	5	supportive_but_indirect
SLC8A1	canonical	surface_yes	282.0	30	28	19	6	direct_single_method
SLC8A2	canonical	surface_yes	187.0	16	14	18	5	direct_multi_method
SLC8A3	canonical	surface_yes	209.0	26	23	18	6	direct_multi_method
SLC9A1	canonical	surface_yes	265.0	30	24	19	7	direct_multi_method
SLC9A2	canonical	surface_yes	205.0	21	20	15	6	direct_multi_method
SLC9A3	likely	surface_yes	241.0	37	32	19	7	direct_multi_method
SLC9A4	canonical	surface_yes	216.0	14	8	16	5	weak
SLC9A5	likely	surface_yes	196.0	20	18	19	5	direct_multi_method
SLC9A6	low	surface_yes	273.0	19	15	13	7	conflicting
SLC9A7	low	surface_yes	183.0	18	16	16	6	conflicting
SLC9A8	likely	surface_yes	194.0	14	12	16	6	supportive_but_indirect
SLC9B1	likely	surface_yes	193.0	9	4	15	6	direct_single_method
SLC9B2	likely	surface_yes	152.0	15	12	17	6	direct_single_method
SLC9C1	likely	surface_yes	267.0	13	9	16	5	supportive_but_indirect
SLC9C2	likely	surface_yes	165.0	5	3	15	4	supportive_but_indirect
SLCO1A2	canonical	surface_yes	239.0	23	19	18	5	direct_multi_method
SLCO1B1	likely	surface_yes	258.0	26	23	18	4	direct_multi_method
SLCO1B3	likely	surface_yes	226.0	34	32	18	5	direct_multi_method
SLCO1B3-SLCO1B7	low	surface_yes	66.0	13	10	18	2	conflicting
SLCO1C1	canonical	surface_yes	230.0	26	21	18	6	direct_multi_method
SLCO2A1	canonical	surface_yes	247.0	23	21	16	5	direct_multi_method
SLCO2B1	canonical	surface_yes	236.0	33	29	18	6	direct_multi_method
SLCO3A1	canonical	surface_yes	191.0	21	18	17	6	supportive_but_indirect
SLCO4A1	canonical	surface_yes	247.0	20	16	17	6	supportive_but_indirect
SLCO4C1	canonical	surface_yes	193.0	18	16	17	5	direct_multi_method
SLCO5A1	canonical	surface_yes	149.0	12	7	18	6	supportive_but_indirect
SLCO6A1	likely	surface_yes	330.0	5	3	14	5	weak
SLITRK1	likely	surface_yes	268.0	8	5	18	5	direct_single_method
SLITRK2	likely	surface_yes	234.0	9	9	17	6	direct_multi_method
SLITRK3	likely	surface_yes	167.0	10	10	18	5	direct_multi_method
SLITRK4	likely	surface_yes	149.0	6	4	19	5	direct_single_method
SLITRK5	canonical	surface_yes	168.0	8	7	18	6	direct_multi_method
SLITRK6	likely	surface_yes	187.0	6	5	19	5	supportive_but_indirect
SLMAP	likely	surface_yes	279.0	5	5	15	6	direct_single_method
SMAGP	canonical	surface_yes	107.0	7	7	16	4	supportive_but_indirect
SMCO1	low	surface_yes	58.0	0	0	11	3	weak
SMCO2	low	surface_yes	52.0	0	0	11	3	weak
SMCO3	uncertain	surface_yes	60.0	0	0	11	3	weak
SMCO4	low	surface_yes	156.0	0	0	11	3	weak
SMIM1	likely	surface_yes	271.0	3	3	13	3	direct_single_method
SMIM10	uncertain	surface_yes	33.0	0	0	11	3	weak
SMIM10L2A	uncertain	surface_yes	342.0	1	0	12	3	weak
SMIM10L2B	low	surface_yes	45.0	1	0	11	3	weak
SMIM10L3	low	surface_yes	11.0	0	0	11	3	weak
SMIM17	uncertain	surface_yes	30.0	0	0	11	3	weak
SMIM18	uncertain	surface_yes	21.0	0	0	11	3	weak
SMIM23	low	surface_yes	39.0	0	0	11	2	weak
SMIM24	low	surface_yes	190.0	0	0	11	4	weak
SMIM28	uncertain	surface_yes	7.0	0	0	11	2	weak
SMIM29	uncertain	surface_yes	253.0	0	0	11	5	weak
SMIM31	low	surface_yes	71.0	1	0	14	3	weak
SMIM32	uncertain	surface_yes	18.0	0	0	11	3	weak
SMIM33	uncertain	surface_yes	11.0	0	0	11	3	weak
SMIM34	low	surface_yes	10.0	0	0	11	3	weak
SMIM35	low	surface_yes	26.0	0	0	11	3	weak
SMIM36	low	surface_yes	11.0	0	0	11	2	weak
SMIM38	uncertain	surface_yes	16.0	0	0	11	3	weak
SMIM39	uncertain	surface_yes	3.0	0	0	11	3	weak
SMIM42	uncertain	surface_yes	4.0	0	0	11	2	weak
SMIM43	low	surface_yes	63.0	1	1	14	3	weak
SMIM44	uncertain	surface_yes	31.0	0	0	11	3	weak
SMIM5	uncertain	surface_yes	80.0	0	0	11	3	weak
SMIM9	low	surface_yes	15.0	1	0	12	2	weak
SMO	canonical	surface_yes	301.0	29	23	18	5	direct_single_method
SMPD1	likely	surface_yes	317.0	14	13	19	5	supportive_but_indirect
SMPD3	likely	surface_yes	267.0	29	24	14	4	supportive_but_indirect
SMPDL3B	canonical	surface_yes	173.0	14	13	20	5	direct_multi_method
SNAP23	likely	surface_yes	225.0	31	26	22	6	direct_multi_method
SNCA	low	surface_yes	376.0	12	8	16	5	weak
SND1	low	surface_yes	287.0	5	4	13	4	weak
SNN	low	surface_yes	299.0	0	0	11	3	weak
SNORC	likely	surface_yes	104.0	4	4	13	3	supportive_but_indirect
SNRNP200	likely	surface_yes	214.0	2	2	14	2	direct_multi_method
SOD3	canonical	surface_yes	244.0	31	27	17	5	supportive_but_indirect
SOFU1	low	surface_yes	109.0	3	1	16	3	weak
SORCS1	canonical	surface_yes	166.0	16	13	20	6	direct_multi_method
SORCS2	canonical	surface_yes	191.0	21	17	18	5	direct_multi_method
SORCS3	likely	surface_yes	210.0	16	12	19	5	supportive_but_indirect
SORL1	canonical	surface_yes	223.0	30	28	22	5	direct_multi_method
SORT1	canonical	surface_yes	278.0	28	22	19	6	direct_multi_method
SPA17	low	surface_yes	232.0	10	9	17	5	weak
SPACA1	likely	surface_yes	150.0	17	15	15	4	direct_multi_method
SPACA3	likely	surface_yes	141.0	19	16	19	5	direct_single_method
SPACA4	likely	surface_yes	89.0	6	6	19	4	direct_multi_method
SPACA5	low	surface_yes	52.0	3	2	16	3	weak
SPACA5B	low	surface_yes	58.0	4	3	16	3	weak
SPACA6	likely	surface_yes	148.0	11	9	19	4	direct_single_method
SPAG11A	likely	surface_yes	213.0	4	3	16	4	supportive_but_indirect
SPAG11B	low	surface_yes	291.0	10	9	14	4	weak
SPAG8	likely	surface_yes	215.0	5	4	14	4	direct_single_method
SPAM1	likely	surface_yes	239.0	20	17	20	5	direct_multi_method
SPART	likely	surface_yes	213.0	11	8	13	3	supportive_but_indirect
SPATA31C2	low	surface_yes	24.0	0	0	11	3	weak
SPATA31F1	low	surface_yes	147.0	1	0	16	3	weak
SPATA46	low	surface_yes	96.0	1	0	13	3	weak
SPATA9	low	surface_yes	247.0	2	0	16	4	weak
SPEM1	low	surface_yes	117.0	5	5	14	3	weak
SPEM3	low	surface_yes	10.0	0	0	11	2	weak
SPESP1	likely	surface_yes	327.0	3	2	13	2	supportive_but_indirect
SPHK2	low	surface_yes	226.0	5	5	13	2	weak
SPINK13	low	surface_yes	82.0	4	0	18	5	weak
SPINK2	likely	surface_yes	203.0	10	10	17	3	supportive_but_indirect
SPINK8	low	surface_yes	96.0	2	0	14	4	weak
SPINT1	likely	surface_yes	304.0	18	16	18	5	supportive_but_indirect
SPINT2	likely	surface_yes	315.0	8	6	18	6	weak
SPINT3	low	surface_yes	66.0	2	2	12	2	weak
SPN	canonical	surface_yes	299.0	21	20	17	4	direct_multi_method
SPNS2	canonical	surface_yes	220.0	24	20	19	5	direct_multi_method
SPPL2B	canonical	surface_yes	195.0	11	8	16	6	supportive_but_indirect
SPRN	likely	surface_yes	266.0	3	2	15	4	weak
SRC	likely	surface_yes	353.0	19	17	16	5	direct_single_method
SRGN	likely	surface_yes	296.0	24	23	17	3	direct_single_method
SRPX2	low	surface_yes	298.0	7	7	16	4	weak
SRRM2	likely	surface_yes	212.0	3	3	14	2	direct_multi_method
SSB	likely	surface_yes	286.0	2	2	14	2	direct_single_method
SSMEM1	low	surface_yes	51.0	2	2	11	3	weak
SSPN	canonical	surface_yes	249.0	17	14	18	5	direct_single_method
SSTR1	canonical	surface_yes	257.0	28	26	19	6	direct_single_method
SSTR2	canonical	surface_yes	303.0	34	29	18	6	direct_multi_method
SSTR3	canonical	surface_yes	256.0	37	32	18	5	direct_multi_method
SSTR4	canonical	surface_yes	271.0	25	22	17	5	supportive_but_indirect
SSTR5	canonical	surface_yes	266.0	39	30	20	5	direct_multi_method
ST14	likely	surface_yes	323.0	17	12	20	4	direct_multi_method
ST3GAL1	likely	surface_yes	376.0	17	15	14	4	supportive_but_indirect
ST6GAL1	likely	surface_yes	243.0	35	29	20	5	direct_multi_method
STAB1	canonical	surface_yes	246.0	29	27	19	6	direct_multi_method
STAB2	likely	surface_yes	339.0	5	5	16	5	direct_multi_method
STEAP1	canonical	surface_yes	243.0	27	25	18	4	direct_multi_method
STEAP1B	canonical	surface_yes	98.0	5	3	16	5	direct_multi_method
STEAP2	canonical	surface_yes	206.0	17	17	17	6	direct_single_method
STEAP3	canonical	surface_yes	272.0	19	14	18	6	supportive_but_indirect
STEAP4	canonical	surface_yes	222.0	25	21	17	7	direct_single_method
STIM1	likely	surface_yes	262.0	33	19	18	7	direct_multi_method
STIM2	likely	surface_yes	218.0	31	22	17	6	direct_multi_method
STIP1	likely	surface_yes	299.0	6	6	14	5	supportive_but_indirect
STOM	canonical	surface_yes	239.0	23	19	20	6	direct_single_method
STOML2	low	surface_yes	198.0	17	16	17	6	weak
STOML3	low	surface_yes	334.0	3	1	16	6	weak
STRA6	canonical	surface_yes	214.0	27	26	18	6	direct_multi_method
STRC	likely	surface_yes	202.0	12	9	17	4	supportive_but_indirect
STS	low	surface_yes	303.0	2	1	12	4	weak
STUM	low	surface_yes	128.0	1	0	13	3	weak
STX11	likely	surface_yes	203.0	16	14	16	4	supportive_but_indirect
STX3	likely	surface_yes	216.0	28	24	19	5	supportive_but_indirect
STX4	likely	surface_yes	227.0	27	25	19	5	supportive_but_indirect
STYK1	low	surface_yes	270.0	9	8	13	4	supportive_but_indirect
SUCNR1	canonical	surface_yes	234.0	32	28	17	6	direct_single_method
SULF1	canonical	surface_yes	230.0	26	23	19	4	direct_multi_method
SULF2	canonical	surface_yes	230.0	28	28	21	5	direct_multi_method
SUSD1	low	surface_yes	117.0	1	0	15	5	weak
SUSD2	canonical	surface_yes	194.0	23	23	20	5	direct_multi_method
SUSD3	canonical	surface_yes	128.0	5	4	14	6	direct_single_method
SUSD4	likely	surface_yes	158.0	6	6	20	6	direct_multi_method
SUSD5	low	surface_yes	116.0	0	0	11	4	weak
SUSD6	likely	surface_yes	210.0	2	0	15	4	weak
SV2A	low	surface_yes	276.0	12	9	16	6	weak
SVEP1	low	surface_yes	197.0	20	19	16	5	weak
SVOPL	uncertain	surface_yes	123.0	5	3	11	6	weak
SYNDIG1	likely	surface_yes	158.0	13	11	16	4	supportive_but_indirect
SYP	low	surface_yes	327.0	12	10	16	6	direct_single_method
SYT15	low	surface_yes	106.0	1	0	12	4	weak
SYT3	likely	surface_yes	238.0	8	7	17	4	supportive_but_indirect
SYT7	low	surface_yes	232.0	23	18	18	5	weak
SYT8	likely	surface_yes	206.0	6	4	17	5	supportive_but_indirect
TAAR1	likely	surface_yes	231.0	23	16	20	5	direct_single_method
TAAR2	likely	surface_yes	136.0	7	6	17	6	supportive_but_indirect
TAAR5	likely	surface_yes	255.0	9	8	17	5	direct_single_method
TAAR6	canonical	surface_yes	197.0	6	3	14	4	weak
TAAR8	canonical	surface_yes	194.0	10	5	17	4	direct_single_method
TAAR9	canonical	surface_yes	209.0	8	4	18	5	supportive_but_indirect
TACR1	canonical	surface_yes	333.0	16	12	17	6	direct_multi_method
TACR2	canonical	surface_yes	287.0	12	12	16	5	supportive_but_indirect
TACR3	canonical	surface_yes	280.0	17	15	18	5	direct_multi_method
TACSTD2	canonical	surface_yes	269.0	46	40	19	5	direct_multi_method
TAF15	low	surface_yes	224.0	1	0	14	2	weak
TAPBPL	likely	surface_yes	207.0	22	12	19	5	direct_multi_method
TARM1	canonical	surface_yes	109.0	6	6	16	5	direct_single_method
TAS1R1	canonical	surface_yes	286.0	24	17	20	7	supportive_but_indirect
TAS1R2	canonical	surface_yes	253.0	25	17	19	6	direct_multi_method
TAS1R3	canonical	surface_yes	222.0	31	27	17	6	direct_multi_method
TAS2R1	canonical	surface_yes	195.0	20	17	18	4	direct_single_method
TAS2R10	canonical	surface_yes	159.0	22	12	20	4	direct_multi_method
TAS2R13	likely	surface_yes	203.0	14	10	19	4	supportive_but_indirect
TAS2R14	canonical	surface_yes	208.0	31	24	19	4	direct_multi_method
TAS2R16	likely	surface_yes	155.0	21	15	20	5	direct_single_method
TAS2R19	canonical	surface_yes	113.0	17	14	18	4	supportive_but_indirect
TAS2R20	canonical	surface_yes	116.0	20	14	19	4	direct_single_method
TAS2R3	likely	surface_yes	140.0	21	17	20	5	supportive_but_indirect
TAS2R30	likely	surface_yes	102.0	17	13	17	4	supportive_but_indirect
TAS2R31	likely	surface_yes	146.0	19	12	17	3	supportive_but_indirect
TAS2R33	likely	surface_yes	3.0	0	0	12	2	weak
TAS2R36	canonical	surface_yes	12.0	3	0	14	2	weak
TAS2R38	canonical	surface_yes	292.0	20	18	20	5	direct_multi_method
TAS2R39	canonical	surface_yes	131.0	24	15	19	5	direct_single_method
TAS2R4	canonical	surface_yes	156.0	26	18	18	5	direct_multi_method
TAS2R40	likely	surface_yes	105.0	13	8	17	4	supportive_but_indirect
TAS2R41	likely	surface_yes	94.0	10	8	18	4	weak
TAS2R42	likely	surface_yes	92.0	15	12	18	3	supportive_but_indirect
TAS2R43	canonical	surface_yes	146.0	22	17	19	3	direct_multi_method
TAS2R45	canonical	surface_yes	76.0	12	9	17	2	supportive_but_indirect
TAS2R46	canonical	surface_yes	150.0	24	19	17	5	direct_multi_method
TAS2R5	likely	surface_yes	150.0	19	15	17	3	supportive_but_indirect
TAS2R50	canonical	surface_yes	119.0	16	11	17	3	direct_single_method
TAS2R60	likely	surface_yes	103.0	9	7	17	4	weak
TAS2R7	canonical	surface_yes	143.0	22	14	18	5	supportive_but_indirect
TAS2R8	canonical	surface_yes	135.0	19	14	17	4	supportive_but_indirect
TAS2R9	likely	surface_yes	132.0	15	13	18	4	direct_single_method
TAX1BP3	likely	surface_yes		9	9	17	4	direct_multi_method
TBXA2R	canonical	surface_yes	218.0	25	22	17	6	direct_multi_method
TCAF1	low	surface_yes	123.0	2	2	18	5	weak
TCAF2	canonical	surface_yes	116.0	3	3	20	4	supportive_but_indirect
TCIRG1	likely	surface_yes	271.0	9	9	18	6	direct_single_method
TCP11	low	surface_yes	171.0	4	4	15	5	conflicting
TCTA	likely	surface_yes	185.0	1	0	12	3	supportive_but_indirect
TCTN1	likely	surface_yes	165.0	10	5	20	5	supportive_but_indirect
TCTN2	likely	surface_yes	152.0	7	7	19	6	supportive_but_indirect
TCTN3	likely	surface_yes	150.0	7	6	19	6	supportive_but_indirect
TECTA	likely	surface_yes	226.0	9	7	18	5	direct_multi_method
TECTB	likely	surface_yes	116.0	8	7	18	5	supportive_but_indirect
TEDDM1	low	surface_yes	95.0	0	0	12	3	weak
TEK	canonical	surface_yes	314.0	37	30	21	6	direct_multi_method
TENM1	canonical	surface_yes	327.0	15	10	22	6	supportive_but_indirect
TENM2	likely	surface_yes	226.0	13	12	21	6	direct_single_method
TENM3	likely	surface_yes	232.0	19	13	18	5	direct_multi_method
TENM4	canonical	surface_yes	222.0	14	13	21	5	direct_multi_method
TEX101	likely	surface_yes	222.0	13	13	19	6	direct_multi_method
TEX29	low	surface_yes	75.0	1	0	13	2	weak
TEX38	likely	surface_yes	43.0	4	4	13	3	supportive_but_indirect
TEX46	low	surface_yes	252.0	1	1	12	3	weak
TEX50	low	surface_yes	57.0	1	1	13	3	weak
TEX51	low	surface_yes	17.0	1	1	13	2	weak
TFAM	low	surface_yes	292.0	2	2	14	2	conflicting
TFPI	canonical	surface_yes	316.0	9	7	16	6	direct_multi_method
TFPI2	likely	surface_yes	287.0	15	11	18	5	weak
TFR2	canonical	surface_yes	227.0	21	21	23	6	direct_multi_method
TFRC	canonical	surface_yes	285.0	45	38	21	5	direct_multi_method
TGFA	canonical	surface_yes	264.0	17	15	19	6	direct_multi_method
TGFB1	likely	surface_yes	340.0	12	10	19	4	supportive_but_indirect
TGFB3	low	surface_yes	329.0	6	6	17	5	weak
TGFBI	low	surface_yes	302.0	17	15	16	5	weak
TGFBR1	canonical	surface_yes	297.0	31	24	20	6	supportive_but_indirect
TGFBR2	canonical	surface_yes	289.0	36	29	20	6	direct_multi_method
TGFBR3	canonical	surface_yes	246.0	29	29	20	6	direct_multi_method
TGFBR3L	likely	surface_yes	140.0	6	5	17	5	supportive_but_indirect
TGM1	low	surface_yes	365.0	3	3	17	5	weak
TGM2	likely	surface_yes	357.0	14	14	16	5	direct_single_method
TGOLN2	likely	surface_yes	245.0	15	14	15	4	supportive_but_indirect
THBD	canonical	surface_yes	312.0	15	14	20	4	direct_multi_method
THBS1	canonical	surface_yes	277.0	33	31	18	5	supportive_but_indirect
THBS3	likely	surface_yes	233.0	7	6	17	5	direct_single_method
THBS4	canonical	surface_yes	245.0	21	18	18	4	supportive_but_indirect
THSD1	likely	surface_yes	147.0	8	7	17	5	supportive_but_indirect
THSD7A	likely	surface_yes	241.0	16	15	21	5	direct_multi_method
THSD7B	low	surface_yes	146.0	0	0	11	5	weak
THSD8	uncertain	surface_yes	5.0	0	0	11	3	weak
THY1	canonical	surface_yes	353.0	30	27	16	4	direct_multi_method
TIE1	canonical	surface_yes	276.0	28	22	20	6	direct_single_method
TIGIT	canonical	surface_yes	308.0	42	42	17	7	direct_multi_method
TIMD4	canonical	surface_yes	294.0	38	29	20	5	direct_multi_method
TIMP1	likely	surface_yes	338.0	22	20	17	4	supportive_but_indirect
TIMP2	canonical	surface_yes	334.0	16	13	19	4	direct_single_method
TIMP3	low	surface_yes	307.0	14	12	18	4	weak
TIMP4	canonical	surface_yes	251.0	9	6	15	4	supportive_but_indirect
TINAGL1	low	surface_yes	355.0	5	4	15	5	weak
TLCD1	canonical	surface_yes	94.0	3	0	13	5	direct_single_method
TLCD2	low	surface_yes	83.0	1	1	12	4	weak
TLCD3A	low	surface_yes	131.0	2	0	15	4	weak
TLR1	canonical	surface_yes	340.0	13	6	17	5	supportive_but_indirect
TLR10	likely	surface_yes	236.0	17	14	16	4	direct_multi_method
TLR2	canonical	surface_yes	366.0	35	30	21	5	direct_multi_method
TLR3	likely	surface_yes	330.0	23	20	18	6	supportive_but_indirect
TLR4	canonical	surface_yes	372.0	27	22	22	6	direct_multi_method
TLR5	canonical	surface_yes	341.0	23	20	19	5	direct_multi_method
TLR6	canonical	surface_yes	291.0	26	22	21	6	direct_multi_method
TLR7	low	surface_yes	331.0	21	16	19	5	conflicting
TLR8	low	surface_yes	300.0	29	24	16	6	weak
TLR9	low	surface_yes	340.0	23	18	19	7	conflicting
TM2D1	low	surface_yes	258.0	2	1	12	4	weak
TM2D2	low	surface_yes	141.0	2	1	12	5	weak
TM4SF1	canonical	surface_yes	322.0	15	14	18	5	direct_multi_method
TM4SF18	canonical	surface_yes	113.0	5	2	13	4	supportive_but_indirect
TM4SF19	likely	surface_yes	120.0	6	6	17	5	direct_single_method
TM4SF20	low	surface_yes	114.0	7	4	15	5	supportive_but_indirect
TM4SF4	canonical	surface_yes	188.0	14	11	19	5	direct_multi_method
TM4SF5	canonical	surface_yes	137.0	23	20	17	5	direct_multi_method
TM7SF3	canonical	surface_yes	146.0	7	5	13	4	direct_multi_method
TM9SF1	likely	surface_yes	168.0	9	7	14	7	weak
TMC1	likely	surface_yes	202.0	28	22	17	4	supportive_but_indirect
TMC2	likely	surface_yes	181.0	21	19	17	5	direct_multi_method
TMC3	low	surface_yes	119.0	9	7	16	5	weak
TMC4	likely	surface_yes	175.0	12	7	13	5	direct_single_method
TMC5	low	surface_yes	154.0	5	3	15	5	weak
TMC7	low	surface_yes	149.0	5	3	11	7	weak
TMDD1	low	surface_yes	69.0	1	0	12	2	weak
TMED10	low	surface_yes	291.0	17	15	15	5	supportive_but_indirect
TMEFF1	likely	surface_yes	249.0	8	8	17	6	direct_single_method
TMEFF2	likely	surface_yes	309.0	2	1	17	6	direct_single_method
TMEM100	canonical	surface_yes	188.0	12	11	16	4	supportive_but_indirect
TMEM101	low	surface_yes	75.0	1	0	12	3	weak
TMEM106A	canonical	surface_yes	127.0	7	5	13	6	direct_single_method
TMEM106B	likely	surface_yes	210.0	20	18	16	4	direct_multi_method
TMEM108	low	surface_yes	192.0	4	3	17	5	weak
TMEM114	likely	surface_yes	86.0	4	3	14	6	direct_single_method
TMEM117	low	surface_yes	113.0	4	2	13	3	weak
TMEM119	likely	surface_yes	279.0	21	21	14	3	direct_multi_method
TMEM120A	low	surface_yes	192.0	17	17	13	6	supportive_but_indirect
TMEM123	canonical	surface_yes	144.0	7	7	18	6	direct_multi_method
TMEM130	uncertain	surface_yes	138.0	1	0	11	5	weak
TMEM131L	likely	surface_yes	101.0	3	0	14	6	supportive_but_indirect
TMEM132A	canonical	surface_yes	273.0	7	6	16	6	direct_multi_method
TMEM132B	likely	surface_yes	108.0	3	2	18	6	direct_single_method
TMEM132C	low	surface_yes	147.0	2	0	11	5	weak
TMEM132D	likely	surface_yes	305.0	7	3	12	6	supportive_but_indirect
TMEM132E	likely	surface_yes	104.0	5	3	15	5	supportive_but_indirect
TMEM139	low	surface_yes	84.0	2	2	18	3	weak
TMEM140	low	surface_yes	149.0	3	2	16	5	weak
TMEM145	likely	surface_yes	68.0	3	1	16	5	supportive_but_indirect
TMEM150A	canonical	surface_yes	119.0	7	7	17	6	supportive_but_indirect
TMEM150B	low	surface_yes	130.0	4	3	14	6	supportive_but_indirect
TMEM150C	likely	surface_yes	123.0	15	15	17	6	direct_single_method
TMEM154	canonical	surface_yes	136.0	8	6	14	4	direct_multi_method
TMEM156	low	surface_yes	153.0	0	0	11	2	weak
TMEM158	likely	surface_yes	262.0	2	1	15	6	weak
TMEM161B	low	surface_yes	140.0	5	5	14	5	conflicting
TMEM163	likely	surface_yes	182.0	12	11	18	4	direct_multi_method
TMEM169	low	surface_yes	85.0	1	0	13	3	weak
TMEM170B	low	surface_yes	74.0	2	0	12	4	weak
TMEM174	low	surface_yes	63.0	4	4	17	4	weak
TMEM176A	low	surface_yes	195.0	9	7	16	4	weak
TMEM176B	low	surface_yes	198.0	15	12	15	6	supportive_but_indirect
TMEM179	uncertain	surface_yes	64.0	2	0	11	4	weak
TMEM179B	low	surface_yes	58.0	1	0	11	4	weak
TMEM181	canonical	surface_yes	105.0	3	2	11	4	direct_single_method
TMEM182	likely	surface_yes	95.0	3	2	12	5	supportive_but_indirect
TMEM184A	likely	surface_yes	117.0	11	9	16	5	direct_single_method
TMEM190	low	surface_yes	81.0	1	1	15	3	weak
TMEM191C	low	surface_yes	37.0	0	0	11	4	weak
TMEM192	low	surface_yes	154.0	12	12	13	4	weak
TMEM198	low	surface_yes	67.0	2	1	13	2	weak
TMEM200A	low	surface_yes	149.0	0	0	11	4	weak
TMEM200B	low	surface_yes	140.0	1	0	11	4	supportive_but_indirect
TMEM200C	low	surface_yes	111.0	0	0	11	4	weak
TMEM202	low	surface_yes	29.0	0	0	11	3	weak
TMEM204	likely	surface_yes	125.0	4	3	17	4	supportive_but_indirect
TMEM205	likely	surface_yes	119.0	11	10	12	4	supportive_but_indirect
TMEM210	low	surface_yes	23.0	1	0	11	3	weak
TMEM212	low	surface_yes	95.0	1	0	11	4	weak
TMEM215	likely	surface_yes	83.0	3	1	15	3	supportive_but_indirect
TMEM217	low	surface_yes	70.0	1	1	16	5	weak
TMEM218	low	surface_yes	69.0	5	4	16	3	weak
TMEM219	canonical	surface_yes	144.0	12	9	18	5	direct_multi_method
TMEM220	uncertain	surface_yes	101.0	1	0	11	4	weak
TMEM229A	uncertain	surface_yes	65.0	0	0	11	4	weak
TMEM229B	uncertain	surface_yes	98.0	0	0	11	5	weak
TMEM233	likely	surface_yes	136.0	3	2	17	4	supportive_but_indirect
TMEM234	low	surface_yes	63.0	1	0	13	4	weak
TMEM236	uncertain	surface_yes	74.0	0	0	11	3	weak
TMEM237	likely	surface_yes	149.0	6	5	17	5	supportive_but_indirect
TMEM240	low	surface_yes	140.0	5	4	16	3	weak
TMEM243	low	surface_yes	138.0	0	0	12	3	weak
TMEM248	uncertain	surface_yes	80.0	0	0	11	5	weak
TMEM25	likely	surface_yes	124.0	6	5	20	6	supportive_but_indirect
TMEM255A	low	surface_yes	105.0	1	1	11	5	weak
TMEM26	likely	surface_yes	219.0	10	6	17	6	supportive_but_indirect
TMEM260	low	surface_yes	86.0	6	6	14	4	weak
TMEM263	low	surface_yes	118.0	5	4	14	3	weak
TMEM265	uncertain	surface_yes	58.0	2	0	11	2	weak
TMEM266	likely	surface_yes	82.0	3	2	14	5	supportive_but_indirect
TMEM267	low	surface_yes	79.0	0	0	11	3	weak
TMEM268	low	surface_yes	71.0	3	2	15	4	supportive_but_indirect
TMEM269	uncertain	surface_yes	29.0	0	0	11	3	weak
TMEM270	uncertain	surface_yes	61.0	0	0	11	4	weak
TMEM273	low	surface_yes	59.0	0	0	11	4	weak
TMEM275	uncertain	surface_yes	6.0	0	0	11	3	weak
TMEM278	low	surface_yes	59.0	1	0	11	3	weak
TMEM31	low	surface_yes	46.0	2	1	14	2	weak
TMEM40	uncertain	surface_yes	127.0	0	0	11	4	weak
TMEM45A	low	surface_yes	192.0	4	3	16	4	weak
TMEM47	likely	surface_yes	155.0	5	5	17	4	supportive_but_indirect
TMEM52	low	surface_yes	85.0	1	0	11	4	weak
TMEM52B	likely	surface_yes	89.0	3	3	15	4	supportive_but_indirect
TMEM54	low	surface_yes	218.0	4	1	14	5	weak
TMEM59	low	surface_yes	187.0	16	13	16	4	supportive_but_indirect
TMEM62	low	surface_yes	69.0	1	0	11	4	weak
TMEM63A	likely	surface_yes	155.0	21	18	15	5	direct_multi_method
TMEM63B	canonical	surface_yes	138.0	20	19	16	6	direct_multi_method
TMEM63C	low	surface_yes	183.0	12	9	16	5	weak
TMEM67	canonical	surface_yes	186.0	21	17	19	4	direct_single_method
TMEM72	likely	surface_yes	133.0	6	5	14	4	supportive_but_indirect
TMEM74	low	surface_yes	137.0	2	0	14	4	weak
TMEM80	low	surface_yes	91.0	0	0	11	5	weak
TMEM81	likely	surface_yes	70.0	3	3	15	3	weak
TMEM82	low	surface_yes	54.0	1	0	11	3	weak
TMEM87A	likely	surface_yes	122.0	9	9	16	6	direct_single_method
TMEM88	low	surface_yes	170.0	9	8	17	3	supportive_but_indirect
TMEM89	uncertain	surface_yes	37.0	0	0	11	3	weak
TMEM8B	canonical	surface_yes	164.0	7	1	14	7	supportive_but_indirect
TMEM92	low	surface_yes	117.0	5	4	14	2	weak
TMEM95	likely	surface_yes	93.0	9	9	17	5	direct_single_method
TMEM97	likely	surface_yes	204.0	28	24	16	4	direct_multi_method
TMEM98	canonical	surface_yes	185.0	9	9	16	4	direct_single_method
TMIE	likely	surface_yes	173.0	21	16	15	3	direct_single_method
TMIGD1	likely	surface_yes	109.0	13	12	19	5	supportive_but_indirect
TMIGD2	canonical	surface_yes	183.0	19	16	18	4	direct_multi_method
TMIGD3	low	surface_yes	94.0	2	2	14	4	weak
TMPPE	low	surface_yes	162.0	1	0	11	4	weak
TMPRSS11A	likely	surface_yes	206.0	9	7	16	5	direct_single_method
TMPRSS11B	likely	surface_yes	111.0	7	5	18	4	direct_single_method
TMPRSS11D	canonical	surface_yes	355.0	13	10	22	5	direct_multi_method
TMPRSS11E	likely	surface_yes	167.0	14	12	17	5	direct_multi_method
TMPRSS11F	likely	surface_yes	65.0	7	5	17	4	direct_single_method
TMPRSS12	likely	surface_yes	80.0	5	4	15	4	supportive_but_indirect
TMPRSS13	canonical	surface_yes	293.0	10	8	20	6	direct_multi_method
TMPRSS15	likely	surface_yes	192.0	12	4	17	5	direct_single_method
TMPRSS2	canonical	surface_yes	306.0	30	26	19	5	direct_multi_method
TMPRSS3	likely	surface_yes	202.0	8	5	20	5	direct_single_method
TMPRSS4	likely	surface_yes	259.0	0	0	13	5	weak
TMPRSS5	likely	surface_yes	127.0	5	0	17	5	supportive_but_indirect
TMPRSS6	canonical	surface_yes	296.0	18	15	18	6	direct_multi_method
TMPRSS7	likely	surface_yes	97.0	0	0	13	5	weak
TMPRSS9	likely	surface_yes	167.0	0	0	12	4	weak
TMX1	likely	surface_yes	228.0	17	15	18	4	direct_multi_method
TMX2	low	surface_yes	151.0	12	11	17	4	conflicting
TMX3	likely	surface_yes	157.0	10	6	17	6	direct_multi_method
TNC	canonical	surface_yes	378.0	8	8	17	5	direct_multi_method
TNF	canonical	surface_yes	381.0	6	5	20	5	direct_multi_method
TNFAIP6	low	surface_yes	275.0	27	24	16	4	weak
TNFRSF10A	canonical	surface_yes	289.0	37	34	19	4	direct_multi_method
TNFRSF10B	canonical	surface_yes	320.0	31	31	16	4	direct_multi_method
TNFRSF10C	canonical	surface_yes	317.0	11	6	15	4	weak
TNFRSF10D	canonical	surface_yes	225.0	26	25	19	4	direct_multi_method
TNFRSF11A	canonical	surface_yes	363.0	16	12	16	6	direct_multi_method
TNFRSF12A	canonical	surface_yes	238.0	45	41	18	4	direct_multi_method
TNFRSF13B	canonical	surface_yes	285.0	27	25	18	4	direct_multi_method
TNFRSF13C	canonical	surface_yes	277.0	29	28	19	4	direct_multi_method
TNFRSF14	canonical	surface_yes	284.0	30	29	20	5	direct_multi_method
TNFRSF17	canonical	surface_yes	296.0	38	37	17	6	direct_multi_method
TNFRSF18	canonical	surface_yes	269.0	33	27	19	5	direct_multi_method
TNFRSF19	canonical	surface_yes	351.0	13	12	16	6	supportive_but_indirect
TNFRSF1A	canonical	surface_yes	333.0	26	23	21	7	direct_multi_method
TNFRSF1B	canonical	surface_yes	322.0	31	27	19	6	direct_multi_method
TNFRSF21	canonical	surface_yes	237.0	25	24	20	5	direct_multi_method
TNFRSF25	canonical	surface_yes	313.0	27	23	18	6	direct_multi_method
TNFRSF4	canonical	surface_yes	271.0	37	33	19	5	direct_multi_method
TNFRSF6B	low	surface_yes	236.0	19	16	15	3	weak
TNFRSF8	canonical	surface_yes	314.0	26	22	20	5	direct_multi_method
TNFRSF9	canonical	surface_yes	298.0	48	47	19	5	direct_multi_method
TNFSF10	canonical	surface_yes	353.0	15	12	20	6	direct_multi_method
TNFSF11	likely	surface_yes	330.0	21	15	21	7	direct_single_method
TNFSF12	likely	surface_yes	269.0	24	22	18	6	direct_single_method
TNFSF13	low	surface_yes	295.0	5	5	18	6	weak
TNFSF13B	canonical	surface_yes	302.0	11	7	19	7	weak
TNFSF14	canonical	surface_yes	392.0	6	5	19	6	direct_multi_method
TNFSF15	canonical	surface_yes	247.0	24	14	21	7	direct_single_method
TNFSF18	canonical	surface_yes	238.0	39	36	20	4	direct_multi_method
TNFSF4	canonical	surface_yes	288.0	23	20	21	5	direct_multi_method
TNFSF8	canonical	surface_yes	241.0	27	25	19	5	direct_multi_method
TNFSF9	canonical	surface_yes	253.0	36	31	20	2	direct_multi_method
TNMD	low	surface_yes	366.0	3	1	13	5	weak
TP53I13	low	surface_yes	81.0	1	0	12	4	weak
TPBG	canonical	surface_yes	220.0	30	25	18	4	direct_multi_method
TPBGL	low	surface_yes	48.0	0	0	11	5	weak
TPCN2	likely	surface_yes	225.0	27	24	17	5	direct_multi_method
TPO	likely	surface_yes	245.0	8	4	17	6	direct_single_method
TPP1	low	surface_yes	277.0	4	4	13	4	weak
TPRA1	canonical	surface_yes	158.0	4	4	18	5	direct_single_method
TPRG1L	low	surface_yes	204.0	5	5	16	5	conflicting
TPSAB1	low	surface_yes	285.0	4	1	16	4	weak
TPSB2	low	surface_yes	243.0	5	5	15	3	weak
TPSG1	likely	surface_yes	338.0	0	0	12	5	weak
TPT1	low	surface_yes	318.0	6	3	17	3	weak
TPTE	low	surface_yes	229.0	8	6	15	4	conflicting
TRA	canonical	surface_yes	308.0	5	5	17	2	direct_multi_method
TRABD2A	canonical	surface_yes	117.0	5	5	20	5	supportive_but_indirect
TRABD2B	canonical	surface_yes	149.0	4	4	19	5	supportive_but_indirect
TRARG1	likely	surface_yes	209.0	7	5	13	4	direct_single_method
TRAT1	likely	surface_yes	317.0	5	5	19	4	direct_single_method
TRB	likely	surface_yes	280.0	8	6	17	2	direct_multi_method
TREH	likely	surface_yes	310.0	1	0	16	5	weak
TREM1	canonical	surface_yes	257.0	34	32	19	4	direct_multi_method
TREM2	canonical	surface_yes	287.0	38	33	19	6	direct_multi_method
TREML1	likely	surface_yes	174.0	24	22	19	5	direct_multi_method
TREML2	canonical	surface_yes	198.0	14	11	18	5	direct_multi_method
TREML4	canonical	surface_yes	161.0	9	8	15	3	supportive_but_indirect
TRHDE	likely	surface_yes	289.0	5	3	17	5	supportive_but_indirect
TRHR	likely	surface_yes	256.0	9	7	15	5	supportive_but_indirect
TRIL	canonical	surface_yes	194.0	5	3	16	5	direct_single_method
TRIM72	likely	surface_yes	214.0	19	15	18	6	supportive_but_indirect
TRO	low	surface_yes	282.0	0	0	13	4	weak
TRPA1	canonical	surface_yes	318.0	28	24	17	3	direct_multi_method
TRPC1	canonical	surface_yes	301.0	32	29	19	6	direct_multi_method
TRPC3	canonical	surface_yes	256.0	32	32	17	5	direct_multi_method
TRPC4	canonical	surface_yes	248.0	28	25	18	6	direct_multi_method
TRPC5	canonical	surface_yes	254.0	38	32	19	5	direct_multi_method
TRPC6	canonical	surface_yes	267.0	28	24	20	5	direct_multi_method
TRPC7	canonical	surface_yes	229.0	15	9	20	6	direct_multi_method
TRPM1	likely	surface_yes	223.0	17	17	18	5	direct_multi_method
TRPM2	canonical	surface_yes	251.0	26	20	16	5	direct_multi_method
TRPM3	canonical	surface_yes	263.0	28	23	20	5	direct_multi_method
TRPM4	canonical	surface_yes	251.0	34	33	18	5	direct_multi_method
TRPM5	canonical	surface_yes	252.0	23	18	16	6	direct_multi_method
TRPM6	likely	surface_yes	230.0	20	12	19	5	supportive_but_indirect
TRPM7	canonical	surface_yes	281.0	26	26	16	4	direct_multi_method
TRPM8	canonical	surface_yes	277.0	32	29	19	5	direct_multi_method
TRPV1	canonical	surface_yes	343.0	31	28	20	6	direct_multi_method
TRPV2	likely	surface_yes	266.0	35	33	21	6	direct_multi_method
TRPV3	canonical	surface_yes	269.0	26	21	19	6	direct_multi_method
TRPV4	canonical	surface_yes	302.0	33	32	19	6	direct_multi_method
TRPV5	canonical	surface_yes	251.0	28	25	18	7	direct_multi_method
TRPV6	canonical	surface_yes	311.0	25	20	21	7	direct_multi_method
TSHR	canonical	surface_yes	268.0	18	16	23	6	direct_multi_method
TSKU	low	surface_yes	281.0	2	2	15	4	weak
TSPAN1	canonical	surface_yes	243.0	22	16	16	5	direct_single_method
TSPAN10	likely	surface_yes	163.0	12	8	16	4	supportive_but_indirect
TSPAN11	likely	surface_yes	112.0	6	2	15	5	weak
TSPAN12	canonical	surface_yes	209.0	19	16	19	5	direct_multi_method
TSPAN13	canonical	surface_yes	204.0	11	6	15	5	supportive_but_indirect
TSPAN14	canonical	surface_yes	167.0	14	14	19	6	direct_multi_method
TSPAN15	canonical	surface_yes	171.0	21	19	19	5	direct_multi_method
TSPAN16	likely	surface_yes	195.0	3	0	13	4	supportive_but_indirect
TSPAN17	likely	surface_yes	134.0	8	5	15	6	supportive_but_indirect
TSPAN18	likely	surface_yes	192.0	6	6	18	5	direct_single_method
TSPAN19	low	surface_yes	55.0	3	2	15	3	weak
TSPAN2	canonical	surface_yes	256.0	6	5	15	6	weak
TSPAN3	likely	surface_yes	296.0	16	12	16	6	direct_single_method
TSPAN31	canonical	surface_yes	317.0	8	1	15	5	weak
TSPAN32	low	surface_yes	165.0	12	9	14	5	weak
TSPAN33	canonical	surface_yes	340.0	16	13	20	5	direct_multi_method
TSPAN4	canonical	surface_yes	224.0	25	21	19	5	direct_multi_method
TSPAN5	canonical	surface_yes	211.0	17	16	20	5	direct_multi_method
TSPAN6	canonical	surface_yes	186.0	14	10	14	5	direct_single_method
TSPAN7	canonical	surface_yes	226.0	16	13	15	5	direct_multi_method
TSPAN8	canonical	surface_yes	251.0	38	35	16	5	direct_multi_method
TSPAN9	canonical	surface_yes	180.0	15	9	17	5	supportive_but_indirect
TSPEAR	low	surface_yes	169.0	3	3	15	4	weak
TSPO2	likely	surface_yes	93.0	8	6	19	5	direct_multi_method
TTYH1	canonical	surface_yes	179.0	15	13	18	7	direct_multi_method
TTYH2	canonical	surface_yes	147.0	14	14	18	7	direct_multi_method
TTYH3	canonical	surface_yes	185.0	13	11	15	6	direct_multi_method
TUB	low	surface_yes	309.0	1	0	17	5	weak
TXN	low	surface_yes	316.0	11	11	15	5	weak
TYR	low	surface_yes	371.0	9	7	13	6	weak
TYRO3	canonical	surface_yes	345.0	6	5	15	5	direct_single_method
TYROBP	canonical	surface_yes	263.0	25	21	19	4	direct_multi_method
TYRP1	likely	surface_yes	362.0	11	7	15	5	direct_single_method
UAP1	low	surface_yes	223.0	7	6	12	6	weak
UGT1A8	low	surface_yes		4	4	16	4	weak
ULBP1	canonical	surface_yes	250.0	42	37	22	3	direct_multi_method
ULBP2	canonical	surface_yes	228.0	38	36	20	3	direct_multi_method
ULBP3	canonical	surface_yes	210.0	36	35	21	3	direct_multi_method
UMOD	likely	surface_yes	373.0	5	4	18	6	supportive_but_indirect
UMODL1	low	surface_yes	185.0	4	4	17	6	weak
UNC5A	canonical	surface_yes	174.0	20	17	19	6	direct_multi_method
UNC5B	canonical	surface_yes	231.0	29	23	21	6	direct_single_method
UNC5C	canonical	surface_yes	190.0	25	22	18	6	direct_single_method
UNC5CL	low	surface_yes	135.0	3	0	17	4	weak
UNC5D	canonical	surface_yes	197.0	12	10	20	6	supportive_but_indirect
UNC93A	likely	surface_yes	89.0	8	4	14	5	supportive_but_indirect
UPK1A	likely	surface_yes	220.0	27	24	19	6	direct_multi_method
UPK1B	likely	surface_yes	240.0	18	17	18	5	direct_multi_method
UPK2	likely	surface_yes	224.0	27	25	19	4	direct_single_method
UPK3A	likely	surface_yes	193.0	28	24	23	6	direct_single_method
UPK3B	likely	surface_yes	286.0	8	6	17	6	supportive_but_indirect
UPK3BL1	low	surface_yes	80.0	1	1	15	4	weak
UPK3BL2	low	surface_yes	86.0	0	0	11	3	weak
USH2A	likely	surface_yes	283.0	11	8	17	6	supportive_but_indirect
UTS2R	canonical	surface_yes	379.0	7	5	15	4	supportive_but_indirect
VAMP5	low	surface_yes	164.0	11	10	15	4	supportive_but_indirect
VAMP7	likely	surface_yes	249.0	29	28	17	4	supportive_but_indirect
VAMP8	low	surface_yes	245.0	19	14	14	4	weak
VANGL1	canonical	surface_yes	206.0	19	17	19	6	direct_multi_method
VANGL2	canonical	surface_yes	221.0	29	28	19	5	supportive_but_indirect
VAPA	low	surface_yes	263.0	26	20	19	6	supportive_but_indirect
VAPB	low	surface_yes	233.0	21	18	16	5	weak
VASN	canonical	surface_yes	166.0	24	23	19	5	direct_single_method
VCAM1	canonical	surface_yes	311.0	35	31	18	6	direct_multi_method
VDAC1	low	surface_yes	317.0	33	24	17	4	direct_single_method
VEGFB	low	surface_yes	301.0	15	10	15	6	weak
VIM	likely	surface_yes	374.0	16	16	19	5	direct_multi_method
VIPR1	canonical	surface_yes	378.0	8	8	16	6	direct_multi_method
VIPR2	canonical	surface_yes	256.0	25	24	17	6	direct_multi_method
VLDLR	canonical	surface_yes	272.0	20	10	17	6	direct_multi_method
VN1R1	likely	surface_yes	156.0	5	4	14	4	supportive_but_indirect
VN1R2	low	surface_yes	152.0	1	0	14	4	weak
VN1R3	low	surface_yes	54.0	1	0	11	3	weak
VN1R4	uncertain	surface_yes	114.0	1	0	11	4	weak
VN1R5	low	surface_yes	61.0	1	0	11	3	weak
VNN1	canonical	surface_yes	231.0	22	19	17	5	supportive_but_indirect
VNN2	canonical	surface_yes	199.0	23	20	19	5	direct_multi_method
VPREB1	likely	surface_yes	230.0	18	18	19	3	direct_multi_method
VPREB3	low	surface_yes	193.0	11	8	17	4	weak
VSIG1	likely	surface_yes	175.0	9	9	18	7	supportive_but_indirect
VSIG10	likely	surface_yes	85.0	2	1	12	6	direct_single_method
VSIG10L	likely	surface_yes	69.0	3	3	13	6	direct_single_method
VSIG10L2	low	surface_yes	15.0	0	0	11	3	weak
VSIG2	canonical	surface_yes	283.0	4	4	15	7	direct_single_method
VSIG4	likely	surface_yes	268.0	36	34	18	3	direct_multi_method
VSIG8	canonical	surface_yes	96.0	5	0	17	4	supportive_but_indirect
VSIR	canonical	surface_yes	257.0	34	33	19	4	direct_multi_method
VSTM1	canonical	surface_yes	142.0	22	20	20	5	direct_multi_method
VSTM2B	low	surface_yes	79.0	0	0	11	4	weak
VSTM4	low	surface_yes	97.0	2	1	13	6	weak
VSTM5	likely	surface_yes	47.0	3	2	16	5	supportive_but_indirect
VTCN1	canonical	surface_yes	246.0	36	35	21	6	direct_multi_method
VWA5B1	uncertain	surface_yes	74.0	0	0	11	5	weak
VWDE	low	surface_yes	100.0	3	0	14	4	weak
VWF	low	surface_yes	274.0	27	22	21	5	weak
VXN	low	surface_yes	101.0	2	2	12	4	weak
WARS1	low	surface_yes	333.0	3	3	15	6	weak
WBP1L	low	surface_yes	142.0	4	3	12	5	weak
WFDC11	low	surface_yes	41.0	3	2	13	3	weak
WFDC3	low	surface_yes	124.0	3	1	13	3	weak
WLS	low	surface_yes	243.0	29	27	19	3	supportive_but_indirect
WNT7A	low	surface_yes	319.0	14	12	19	4	supportive_but_indirect
WNT7B	low	surface_yes	247.0	23	18	18	4	weak
XCR1	likely	surface_yes	295.0	30	27	17	5	direct_multi_method
XG	likely	surface_yes	269.0	1	1	12	3	supportive_but_indirect
XK	canonical	surface_yes	360.0	3	2	14	4	supportive_but_indirect
XKR3	likely	surface_yes	72.0	4	4	12	4	supportive_but_indirect
XKR4	canonical	surface_yes	150.0	7	6	18	4	direct_single_method
XKR5	low	surface_yes	61.0	3	1	14	5	weak
XKR6	likely	surface_yes	151.0	2	1	14	5	weak
XKR7	low	surface_yes	71.0	1	0	11	4	weak
XKR8	canonical	surface_yes	156.0	23	19	17	4	direct_multi_method
XKR9	likely	surface_yes	84.0	4	2	15	4	supportive_but_indirect
XPNPEP2	canonical	surface_yes	317.0	9	8	20	6	direct_multi_method
XPR1	canonical	surface_yes	259.0	23	22	18	4	direct_multi_method
XRCC6	low	surface_yes		8	3	16	6	weak
YARS1	low	surface_yes	305.0	7	5	15	4	weak
YBX1	low	surface_yes	326.0	9	8	14	4	weak
ZACN	canonical	surface_yes	313.0	4	4	15	6	supportive_but_indirect
ZAN	likely	surface_yes	291.0	10	5	17	5	supportive_but_indirect
ZDHHC2	likely	surface_yes	187.0	18	14	17	4	direct_single_method
ZDHHC20	low	surface_yes	169.0	20	17	14	5	weak
ZDHHC5	canonical	surface_yes	194.0	34	29	18	6	supportive_but_indirect
ZG16B	low	surface_yes	189.0	16	13	16	2	weak
ZNRF3	canonical	surface_yes	201.0	23	21	17	5	direct_multi_method
ZP1	likely	surface_yes	223.0	21	16	19	5	supportive_but_indirect
ZP2	likely	surface_yes	233.0	24	22	20	6	direct_multi_method
ZP3	likely	surface_yes	246.0	27	22	20	5	supportive_but_indirect
ZP4	likely	surface_yes	242.0	18	17	20	4	direct_single_method
ZPBP	likely	surface_yes	174.0	16	15	20	5	supportive_but_indirect
ZPBP2	low	surface_yes	161.0	5	3	16	6	weak
ZPLD1	low	surface_yes	118.0	4	4	17	6	weak
ZZEF1	low	surface_yes	160.0	1	0	12	2	weak
