gene_symbol	group	tm_helix_count	protein_length	ecd_length_residues	has_signal_peptide	n_term_extracellular	c_term_extracellular	mouse_has_one2one	cyno_has_one2one	schweke_homomer	alt_iso_diff_topo	has_ec_surface_bind_site	has_concerning_paralog	cyno_ortholog_pct_id	mouse_ortholog_pct_id	homomer_stoichiometry	top_paralog_symbol	top_paralog_ecd_pct	n_ec_surface_bind_sites
AAMP	canonical	0	434.0	0	0	0	0	1	1	0	0	0	0	99.8	98.6				
ABCA1	canonical	12	2261.0	1031	0	0	0	1	1	0	0	1	1	98.9	95.3		ABCA4	48.7	3.0
ABCA7	canonical	12	2146.0	926	0	0	0	1	1	0	1	1	1	84.4	77.8		ABCA1	48.0	1.0
ABCA8	canonical	14	1621.0	398	0	0	0	1	1	0	1	1	1	96.7	75.5		ABCA9	60.9	1.0
ABCB1	canonical	12	1280.0	109	0	0	0	0	0	0	0	0	1				ABCB4	52.4	
ABCB11	canonical	12	1321.0	130	0	0	0	1	1	0	0	0	0	97.0	81.7		ABCB4	43.9	
ABCB4	canonical	12	1286.0	116	0	0	0	1	1	0	0	1	1	97.6	90.9		ABCB1	52.4	1.0
ABCC1	canonical	17	1531.0	140	0	1	0	1	1	0	0	0	1	96.0	88.1		ABCC3	49.6	
ABCC10	canonical	17	1492.0	167	0	1	0	1	1	0	1	0	0	97.0	84.9		ABCC11	32.7	
ABCC2	canonical	17	1545.0	140	0	1	0	1	1	0	0	0	1	96.0	77.5		ABCC1	44.7	
ABCC3	canonical	17	1527.0	128	0	1	0	1	1	0	1	0	1	95.5	80.7		ABCC1	49.6	
ABCC4	canonical	12	1325.0	86	0	0	0	1	1	0	1	0	0	97.5	87.1		ABCC5	33.3	
ABCC5	canonical	12	1437.0	78	0	0	0	1	1	0	1	0	0	96.8	95.0		ABCC11	38.2	
ABCC8	canonical	17	1581.0	161	0	1	0	1	1	0	1	0	1	95.8	95.4		ABCC9	46.1	
ABCC9	canonical	17	1549.0	141	0	1	0	1	1	0	0	0	1	98.1	95.2		ABCC8	46.1	
ABCG2	canonical	6	655.0	91	0	0	0	0	0	1	1	0	0			2.0	ABCG5	29.7	
ABCG5	canonical	6	651.0	102	0	0	0	1	1	1	0	0	0	94.2	80.2	2.0	ABCG2	29.7	
ABCG8	canonical	6	673.0	87	0	0	0	1	1	1	0	0	0	93.0	81.7	2.0	ABCG4	23.5	
ACE	canonical	1	1306.0	1230	1	1	0	1	1	0	1	1	0	97.9	83.3		ACE2	41.7	4.0
ACE2	canonical	1	805.0	726	1	1	0	1	1	1	0	1	0	95.2	82.1	2.0	ACE	41.9	2.0
ACHE	canonical	0	614.0	583	1	1	1	1	1	1	0	1	1	91.5	88.4	2.0	BCHE	53.3	2.0
ACKR1	canonical	7	336.0	113	0	1	0	1	1	0	0	0	0	91.1	59.2				
ACKR3	canonical	7	362.0	112	0	1	0	1	1	0	0	0	0	89.2	92.8		CCR8	32.2	
ACKR4	canonical	7	350.0	97	0	1	0	1	1	0	0	0	0	96.3	85.4		CCR7	32.5	
ACKR5	canonical	7	404.0	105	0	1	0	1	1	1	0	0	0	93.6	71.5	2.0	GPER1	25.3	
ACP3	canonical	0	386.0	354	1	1	1	1	1	1	1	0	1	92.2	80.3	2.0	ACP2	52.4	
ACP4	canonical	1	426.0	369	1	1	0	1	0	1	1	1	1		84.7	2.0	ACP2	47.9	1.0
ACVR1	canonical	1	509.0	103	1	1	0	1	1	0	0	0	0	99.8	98.4		AMHR2	31.1	
ACVR1B	canonical	1	505.0	95	1	1	0	1	1	0	0	1	0	89.7	98.2		TGFBR1	38.7	1.0
ACVR1C	canonical	1	493.0	93	1	1	0	1	1	0	0	1	1	99.4	92.9		TGFBR1	39.8	1.0
ACVR2A	canonical	1	513.0	115	1	1	0	1	1	0	0	1	1	100.0	99.6		ACVR2B	54.8	1.0
ACVR2B	canonical	1	512.0	115	1	1	0	1	1	0	0	1	1	96.5	99.4		ACVR2A	54.8	2.0
ACVRL1	canonical	1	503.0	99	1	1	0	1	1	0	0	1	0	98.6	88.7		AMHR2	34.3	1.0
ADAM10	canonical	1	748.0	659	1	1	0	1	1	0	0	1	0	100.0	96.1		ADAM17	32.0	2.0
ADAM12	canonical	1	909.0	684	1	1	0	1	1	0	1	1	1	94.6	81.2		ADAM19	51.8	3.0
ADAM15	canonical	1	863.0	680	1	1	0	1	1	0	1	1	1	96.4	80.2		ADAM33	42.6	2.0
ADAM17	canonical	1	824.0	654	1	1	0	1	1	0	0	1	0	99.6	92.1		ADAM10	32.0	3.0
ADAM19	canonical	1	955.0	678	1	1	0	0	1	0	0	1	1	97.9			ADAM12	51.8	1.0
ADAM2	canonical	1	735.0	672	1	1	0	1	1	0	0	1	1	65.6	59.5		ADAM18	43.7	6.0
ADAM22	canonical	1	906.0	711	1	1	0	1	1	0	0	1	1	93.7	88.4		ADAM11	55.6	2.0
ADAM23	canonical	1	832.0	734	1	1	0	1	1	0	1	1	1	90.0	93.9		ADAM11	51.6	3.0
ADAM28	canonical	1	775.0	648	1	1	0	1	1	0	1	1	1	91.7	69.9		ADAMDEC1	46.1	2.0
ADAM29	canonical	1	820.0	657	1	1	0	1	1	0	0	1	1	88.4	52.8		ADAM20	54.2	3.0
ADAM32	canonical	1	787.0	666	1	1	0	1	1	0	0	1	1	90.5	57.3		ADAM18	44.1	3.0
ADAM7	canonical	1	754.0	652	1	1	0	1	1	0	1	1	1	93.5	68.3		ADAM28	43.2	3.0
ADAM9	canonical	1	819.0	669	1	1	0	1	1	0	1	1	1	97.6	85.8		ADAM12	42.3	2.0
ADAMTS16	canonical	0	1224.0	1197	1	1	1	1	1	0	0	0	1	93.0	82.6		ADAMTS18	58.2	
ADAMTS5	canonical	0	930.0	912	1	1	1	1	1	0	0	0	1	97.5	90.2		ADAMTS15	44.3	
ADCY1	canonical	12	1119.0	92	0	0	0	1	0	0	0	0	0		92.5		GUCY2D	69.2	
ADCY3	canonical	12	1144.0	104	0	0	0	1	1	0	1	0	0	98.9	94.6		NPR2	83.3	
ADCY5	canonical	12	1261.0	116	0	0	0	1	1	0	1	0	0	66.3	95.5		NPR2	100.0	
ADCY6	canonical	12	1168.0	109	0	0	0	1	1	0	0	0	0	99.0	94.4		GUCY2C	100.0	
ADCY7	canonical	12	1080.0	96	0	0	0	1	1	0	0	0	0	94.7	83.8		GUCY2C	66.7	
ADCY8	canonical	12	1251.0	78	0	0	0	1	1	0	0	0	0	99.6	96.9		GUCY2F	77.8	
ADCY9	canonical	12	1353.0	102	0	0	0	1	1	0	0	0	0	98.5	92.2		NPR1	60.0	
ADCYAP1R1	canonical	7	468.0	167	1	1	0	1	1	0	0	0	0	97.0	92.7		ADGRG4	47.4	
ADGRA1	canonical	7	560.0	56	0	1	0	1	1	0	1	0	0	89.8	82.1		EVA1C	57.9	
ADGRA2	canonical	7	1338.0	772	1	1	0	1	1	0	1	0	1	77.1	87.9		ADGRA1	50.9	
ADGRA3	canonical	7	1321.0	767	1	1	0	1	1	0	1	0	1	98.5	92.6		ADGRA1	56.4	
ADGRB1	canonical	7	1584.0	955	1	1	0	1	1	0	0	0	1	74.9	94.1		ADGRB3	49.3	
ADGRB2	canonical	7	1585.0	942	1	1	0	1	1	0	0	0	1	95.0	95.3		ADGRB3	50.6	
ADGRB3	canonical	7	1522.0	891	1	1	0	1	1	0	1	0	1	99.3	98.4		ADGRB2	50.6	
ADGRD1	canonical	7	874.0	574	1	1	0	1	1	0	0	0	0	89.6	80.7		ADGRA1	37.5	
ADGRE1	canonical	7	886.0	621	1	1	0	1	1	0	1	0	0	75.8	68.2		GLP1R	37.7	
ADGRE2	canonical	7	823.0	555	1	1	0	0	1	0	0	0	1	84.4			ADGRE5	70.8	
ADGRE3	canonical	7	652.0	377	1	1	0	0	0	0	1	0	0				ADGRG4	42.5	
ADGRE5	canonical	7	835.0	567	1	1	0	1	1	0	0	0	1	92.3	57.5		ADGRE2	70.8	
ADGRF1	canonical	7	910.0	618	1	1	0	1	1	0	1	0	0	90.2	70.1		PTH1R	36.9	
ADGRF5	canonical	7	1346.0	1037	1	1	0	1	1	0	0	0	0	94.4	72.1		GCGR	43.9	
ADGRG1	canonical	7	693.0	432	1	1	0	1	1	0	0	0	0	91.0	79.3		ADGRA1	42.9	
ADGRG2	canonical	7	1017.0	636	1	1	0	1	1	0	0	0	0	97.0	80.8		SCTR	42.0	
ADGRG3	canonical	7	549.0	299	1	1	0	1	1	0	0	0	0	87.8	68.5		ADGRG4	41.3	
ADGRG4	canonical	7	3080.0	2757	1	1	0	1	1	0	0	0	0	91.1	59.0		GLP1R	51.4	
ADGRG5	canonical	7	528.0	278	1	1	0	1	1	0	0	0	0	90.0	69.9		ADGRG4	39.6	
ADGRG6	canonical	7	1221.0	872	1	1	0	1	1	0	0	0	0	97.6	82.2		GHRHR	44.1	
ADGRL1	canonical	7	1474.0	876	1	1	0	1	0	0	0	0	1		98.2		ADGRL2	69.5	
ADGRL2	canonical	7	1459.0	858	1	1	0	1	1	0	0	0	1	99.3	95.5		ADGRL1	69.5	
ADGRL3	canonical	7	1447.0	881	1	1	0	1	1	0	1	0	1	99.3	96.5		ADGRL2	63.6	
ADGRL4	canonical	7	690.0	444	1	1	0	1	1	0	0	0	0	97.2	78.8		GIPR	37.8	
ADIPOR1	canonical	7	375.0	57	0	0	1	1	1	0	0	0	1	99.2	96.8		ADIPOR2	66.7	
ADIPOR2	canonical	7	386.0	57	0	0	1	1	1	0	0	0	1	87.8	92.7		ADIPOR1	66.7	
ADORA1	canonical	7	326.0	66	0	1	0	1	1	0	1	0	0	99.4	94.8		ADORA2B	36.5	
ADORA2A	canonical	7	412.0	45	0	1	0	1	1	0	0	0	0	98.3	81.1		ADORA2B	35.6	
ADORA2B	canonical	7	332.0	69	0	1	0	1	1	0	0	0	1	97.0	87.7		ADORA1	36.5	
ADORA3	canonical	7	318.0	62	0	1	0	1	0	0	0	0	0		73.6		ADORA2B	34.5	
ADRA1A	canonical	7	466.0	73	0	1	0	1	1	0	1	0	0	98.5	91.8		ADRA1D	54.8	
ADRA1B	canonical	7	520.0	93	0	1	0	1	1	0	0	0	0	98.5	95.4		ADRA1A	47.2	
ADRA1D	canonical	7	572.0	147	0	1	0	1	1	0	0	0	0	90.0	85.1		ADRA1A	54.8	
ADRA2A	canonical	7	465.0	94	0	1	0	1	0	0	0	0	0		92.5		ADRA2B	50.9	
ADRA2B	canonical	7	450.0	59	0	1	0	1	1	0	0	0	0	96.4	83.3		ADRA2A	50.9	
ADRB1	canonical	7	477.0	98	0	1	0	1	0	0	0	0	0		90.4		ADRB3	43.0	
ADRB2	canonical	7	413.0	82	0	1	0	1	1	0	0	0	0	94.9	88.1		ADRB1	39.5	
ADRB3	canonical	7	408.0	92	0	1	0	1	1	0	0	0	0	88.5	78.4		ADRB1	43.0	
ADTRP	canonical	6	230.0	52	0	0	0	1	1	0	0	0	0	93.0	65.7		AIG1	43.8	
AGER	canonical	1	404.0	317	1	1	0	1	1	0	1	1	0	95.5	78.2		MCAM	33.1	3.0
AGRN	canonical	0	2068.0	2040	1	1	1	1	0	0	1	0	0		81.6		TMEFF2	46.4	
AGTR1	canonical	7	359.0	85	0	1	0	0	1	0	0	0	0	98.9			BDKRB2	35.4	
AGTR2	canonical	7	363.0	110	0	1	0	1	1	0	0	0	0	98.9	91.7		BDKRB2	31.4	
AJAP1	canonical	1	411.0	239	1	1	0	1	1	0	0	0	0	79.1	79.1				
ALCAM	canonical	1	583.0	500	1	1	0	1	1	1	1	1	0	98.8	93.0	2.0	AGER	30.0	3.0
ALK	canonical	1	1620.0	1016	1	1	0	1	1	0	0	1	0	98.4	87.2		LTK	52.0	4.0
ALPG	canonical	0	532.0	513	1	1	1	0	0	1	0	1	1			2.0	ALPP	97.5	2.0
ALPI	canonical	0	528.0	509	1	1	1	0	1	1	0	1	1	94.1		2.0	ALPP	87.2	1.0
ALPL	canonical	0	524.0	507	1	1	1	1	1	1	0	0	1	97.1	89.9	2.0	ALPI	57.4	
ALPP	canonical	0	535.0	513	1	1	1	0	0	1	0	1	1			2.0	ALPG	97.5	1.0
AMHR2	canonical	1	573.0	131	1	1	0	1	1	0	0	1	0	97.0	78.4		ACVR1C	35.5	1.0
AMIGO1	canonical	1	493.0	345	1	1	0	1	1	1	0	1	1	100.0	89.5	2.0	AMIGO2	43.2	1.0
AMIGO2	canonical	1	522.0	359	1	1	0	1	1	1	0	1	1	98.9	88.1	2.0	AMIGO1	43.2	2.0
AMIGO3	canonical	1	504.0	364	1	1	0	1	1	1	0	1	0	94.8	76.4	2.0	AMIGO1	40.3	1.0
AMN	canonical	1	453.0	341	1	1	0	1	1	0	0	1	0	72.4	66.0				2.0
ANKH	canonical	12	492.0	90	0	0	0	1	1	0	1	0	0	100.0	98.4				
ANO1	canonical	8	986.0	263	0	0	0	1	1	1	1	1	1	97.9	91.5	2.0	ANO2	67.7	1.0
ANO2	canonical	8	998.0	260	0	0	0	1	1	1	0	1	1	97.9	92.2	2.0	ANO1	67.7	2.0
ANO3	canonical	8	981.0	250	0	0	0	1	1	1	0	1	1	98.6	93.7	2.0	ANO4	66.0	2.0
ANO4	canonical	8	955.0	267	0	0	0	1	1	1	1	0	1	99.8	98.3	2.0	ANO3	66.0	
ANO6	canonical	8	910.0	274	0	0	0	1	1	1	0	1	1	97.0	90.4	2.0	ANO5	52.7	2.0
ANO7	canonical	8	933.0	231	0	0	0	1	1	0	1	1	1	85.1	81.6		ANO2	45.0	2.0
ANPEP	canonical	1	967.0	935	0	0	1	1	1	0	0	1	0	94.3	76.5		LVRN	37.9	2.0
ANTXR1	canonical	1	564.0	294	1	1	0	1	1	0	1	1	1	99.6	95.9		ANTXR2	54.0	2.0
AOC3	canonical	1	763.0	737	0	0	1	1	1	1	1	1	1	96.9	83.1	2.0	AOC2	66.1	1.0
APCS	canonical	0	223.0	204	1	1	1	1	1	0	0	0	1	91.5	68.6		CRP	51.5	
APLNR	canonical	7	380.0	91	0	1	0	1	1	0	0	0	0	98.7	91.1		GPR25	28.6	
APLP1	canonical	1	650.0	545	1	1	0	1	1	0	0	1	0	98.2	89.2		APLP2	44.8	3.0
APLP2	canonical	1	763.0	662	1	1	0	1	1	0	0	1	1	98.1	92.8		APP	52.9	1.0
APOH	canonical	0	345.0	326	1	1	1	1	0	0	0	0	0		76.5		CSMD3	47.5	
APP	canonical	1	770.0	683	1	1	0	1	1	0	1	1	1	99.5	94.8		APLP2	52.9	3.0
AQP1	canonical	6	269.0	60	0	0	0	1	0	1	1	0	0		94.1	4.0	AQP5	45.3	
AQP3	canonical	6	292.0	75	0	0	0	1	1	1	1	0	1	97.3	95.5	4.0	AQP9	58.9	
AQP4	canonical	6	323.0	57	0	0	0	1	1	1	0	0	1	96.9	93.2	4.0	MIP	53.8	
AQP5	canonical	6	265.0	57	0	0	0	1	1	1	0	0	1	98.9	90.6	4.0	AQP2	64.2	
AQP7	canonical	6	342.0	74	0	0	0	0	0	1	1	0	1			4.0	AQP7B	90.3	
AQP9	canonical	6	295.0	73	0	0	0	1	1	1	0	0	1	95.6	75.6	4.0	AQP10	60.3	
AREG	canonical	1	252.0	172	1	1	0	1	1	0	0	0	0	86.9	69.8		HBEGF	34.1	
ARMH4	canonical	1	774.0	687	1	1	0	1	1	0	1	0	0	93.5	56.5				
ART1	canonical	0	327.0	305	1	1	1	1	1	0	0	1	0	84.1	76.5		ART5	41.3	2.0
ART3	canonical	0	389.0	363	1	1	1	1	1	0	0	1	0	92.8	53.0		ART5	41.3	2.0
ASAH2	canonical	1	780.0	748	0	0	1	0	0	0	0	0	0				ASAH2B	100.0	
ASGR1	canonical	1	291.0	231	0	0	1	1	1	1	1	1	1	57.7	77.0	4.0	CLEC10A	60.2	2.0
ASGR2	canonical	1	311.0	237	0	0	1	1	1	0	0	1	1	92.8	64.7		ASGR1	59.3	3.0
ASIC1	canonical	2	528.0	375	0	0	0	1	1	1	0	1	1	100.0	97.5	3.0	ASIC2	74.7	1.0
ASIC2	canonical	2	512.0	375	0	0	0	1	1	1	0	0	1	71.6	71.2	3.0	ASIC1	74.7	
ASIC3	canonical	2	531.0	377	0	0	0	1	1	1	1	0	1	90.6	83.4	3.0	ASIC1	56.0	
ASTL	canonical	0	431.0	408	1	1	1	1	1	0	0	0	0	93.3	65.0		CUBN	43.9	
ASTN1	canonical	2	1302.0	1037	1	1	1	1	1	0	0	1	1	99.8	97.9		ASTN2	52.1	10.0
ATP10D	canonical	10	1426.0	70	0	0	0	1	1	0	0	0	1	95.9	83.2		ATP10A	52.9	
ATP11A	canonical	10	1134.0	83	0	0	0	1	1	0	0	0	1	97.7	92.0		ATP11C	66.2	
ATP11C	canonical	10	1132.0	83	0	0	0	1	1	0	0	0	1	90.0	94.5		ATP11A	66.2	
ATP12A	canonical	10	1039.0	104	0	0	0	1	1	0	0	0	1	94.3	86.6		ATP1A4	43.9	
ATP1A1	canonical	10	1023.0	81	0	0	0	1	1	0	1	0	1	96.6	96.9		ATP1A2	81.2	
ATP1A2	canonical	10	1020.0	82	0	0	0	1	0	0	0	0	1		99.1		ATP1A1	81.2	
ATP1A3	canonical	10	1013.0	109	0	0	0	1	1	0	0	0	1	91.7	99.6		ATP1A2	80.5	
ATP1A4	canonical	10	1029.0	82	0	0	0	1	1	0	1	0	1	96.5	83.4		ATP1A3	76.8	
ATP1B1	canonical	1	303.0	247	0	0	1	1	1	0	0	0	0	97.0	94.1		ATP1B2	41.9	
ATP1B2	canonical	1	290.0	229	0	0	1	1	1	0	0	0	1	99.3	97.2		ATP1B3	46.1	
ATP1B3	canonical	1	279.0	219	0	0	1	1	1	0	0	1	1	99.6	73.5		ATP1B2	46.1	1.0
ATP2B1	canonical	10	1220.0	101	0	0	0	1	1	0	0	0	1	100.0	99.5		ATP2B3	76.2	
ATP2B2	canonical	10	1243.0	102	0	0	0	1	1	0	0	0	1	99.8	98.3		ATP2B3	78.4	
ATP2B3	canonical	10	1220.0	102	0	0	0	1	0	0	0	0	1		98.2		ATP2B2	78.4	
ATP2B4	canonical	10	1241.0	102	0	0	0	1	1	0	0	0	1	98.3	84.6		ATP2B3	71.6	
ATP4B	canonical	1	291.0	229	0	0	1	1	1	0	0	0	0	96.9	83.5		ATP1B2	39.3	
ATRN	canonical	2	1429.0	1200	0	0	0	1	1	0	1	1	1	87.2	93.2		ATRNL1	61.4	5.0
ATRNL1	canonical	1	1379.0	1169	1	1	0	1	1	0	1	1	1	98.9	96.0		ATRN	61.4	3.0
AVPR1A	canonical	7	418.0	108	0	1	0	1	0	0	0	1	1		82.8		AVPR1B	51.1	1.0
AVPR1B	canonical	7	424.0	90	0	1	0	1	1	0	0	0	1	95.0	80.7		OXTR	58.4	
AVPR2	canonical	7	371.0	92	0	1	0	1	1	0	1	0	1	79.8	87.6		AVPR1B	46.0	
AXL	canonical	1	894.0	419	1	1	0	1	1	0	0	0	0	97.1	87.6		ROS1	38.7	
B2M	canonical	0	119.0	99	1	1	1	1	1	0	0	0	0	88.2	68.1		HLA-DPA1	37.4	
BACE2	canonical	1	518.0	447	1	1	0	1	1	0	1	1	1	83.8	88.6		BACE1	52.6	1.0
BAMBI	canonical	1	260.0	126	1	1	0	1	1	0	0	0	0	98.5	93.1				
BCAM	canonical	1	628.0	520	1	1	0	1	1	0	0	1	0	95.9	72.6		MCAM	32.5	2.0
BCAN	canonical	0	911.0	889	1	1	1	1	1	0	0	1	0	96.5	80.4		ACAN	49.8	4.0
BDKRB2	canonical	7	391.0	121	0	1	0	1	1	0	0	0	0	95.4	79.8		AGTR1	35.4	
BEST2	canonical	4	509.0	38	0	0	0	1	0	1	0	0	1		89.4	5.0	BEST3	69.4	
BEST3	canonical	4	668.0	36	0	0	0	1	1	1	1	0	1	91.9	84.7	5.0	BEST2	69.4	
BEST4	canonical	4	473.0	48	0	0	0	0	1	1	0	0	0	81.2		5.0	BEST1	47.2	
BMPR1A	canonical	1	532.0	130	1	1	0	1	1	0	0	0	1	99.6	97.9		BMPR1B	47.6	
BMPR1B	canonical	1	502.0	126	0	1	0	1	1	0	0	0	1	70.9	98.2		BMPR1A	47.6	
BMPR2	canonical	1	1038.0	124	1	1	0	1	1	0	0	1	0	99.1	96.6		ACVR2B	33.9	1.0
BOC	canonical	1	1114.0	825	1	1	0	1	1	0	0	1	1	87.5	86.4		CDON	48.0	3.0
BPIFA1	canonical	0	256.0	237	1	1	1	1	1	0	0	0	0	95.3	73.0		BPIFB4	35.4	
BRS3	canonical	7	399.0	105	0	1	0	1	1	0	0	0	0	96.5	85.2		GRPR	40.6	
BSG	canonical	1	385.0	303	1	1	0	1	0	1	0	1	1		65.5	2.0	NPTN	41.3	3.0
BSND	canonical	2	320.0	6	0	0	0	1	0	0	0	0	0		70.6				
BST1	canonical	0	318.0	286	1	1	1	1	1	1	0	1	0	91.2	70.4	2.0	CD38	37.5	1.0
BST2	canonical	1	180.0	137	0	0	1	0	0	1	0	1	0			2.0			2.0
BTC	canonical	1	178.0	87	1	1	0	1	1	0	0	0	0	95.5	77.5		TGFA	44.7	
BTLA	canonical	1	289.0	123	1	1	0	1	1	0	0	1	0	89.6	54.7				1.0
BTN2A1	canonical	1	527.0	220	1	1	0	0	1	0	0	1	1	91.7			BTN2A2	86.4	1.0
BTN2A2	canonical	1	523.0	233	1	1	0	1	0	0	0	1	1		68.8		BTN2A1	86.4	3.0
BTN3A1	canonical	1	513.0	221	1	1	0	0	0	1	0	1	1			2.0	BTN3A2	95.5	1.0
BTN3A2	canonical	1	334.0	221	1	1	0	0	1	1	0	1	1	91.0		2.0	BTN3A3	95.9	2.0
BTN3A3	canonical	1	584.0	221	1	1	0	0	1	1	0	1	1	87.2		2.0	BTN3A2	95.9	2.0
BTNL2	canonical	1	482.0	431	1	1	0	1	0	0	1	0	0		62.2		ERMAP	50.4	
BTNL3	canonical	1	466.0	221	1	1	0	0	0	1	0	1	1			2.0	BTNL8	71.1	1.0
BTNL8	canonical	1	500.0	218	1	1	0	0	1	1	0	0	1	70.2		2.0	BTNL3	71.1	
C3	canonical	0	1663.0	1641	1	1	1	1	0	0	0	0	0		77.0		C4B	32.5	
C3AR1	canonical	7	482.0	233	0	1	0	1	1	0	0	0	0	88.8	64.7		FPR3	38.9	
C5AR1	canonical	7	350.0	80	0	1	0	1	1	1	0	0	0	90.0	65.7	2.0	C5AR2	37.5	
C5AR2	canonical	7	337.0	95	0	1	0	1	1	0	0	0	0	90.5	61.7		C5AR1	37.5	
CA12	canonical	1	354.0	279	1	1	0	1	1	0	0	1	1	96.0	81.9		CA14	46.4	1.0
CA14	canonical	1	337.0	278	1	1	0	1	1	0	0	1	1	96.4	84.0		CA12	46.4	1.0
CA4	canonical	0	312.0	293	1	1	1	1	0	0	0	1	0		55.8		CA2	36.9	2.0
CA9	canonical	1	459.0	377	1	1	0	1	1	0	0	0	0	92.2	69.7		CA14	42.4	
CACHD1	canonical	1	1274.0	1064	1	1	0	1	1	0	0	1	0	99.3	96.9		CACNA2D2	24.1	3.0
CACNA1A	canonical	24	2506.0	390	0	0	0	1	1	0	0	0	1	64.8	87.0		CACNA1B	73.6	
CACNA1B	canonical	24	2339.0	393	0	0	0	1	0	0	0	0	1		92.0		CACNA1A	73.6	
CACNA1C	canonical	24	2221.0	418	0	0	0	1	0	0	1	0	1		95.4		CACNA1D	67.0	
CACNA1D	canonical	24	2161.0	429	0	0	0	1	1	0	0	0	1	98.9	96.5		CACNA1F	76.5	
CACNA1E	canonical	24	2313.0	397	0	0	0	1	1	0	0	0	1	99.0	94.9		CACNA1B	66.5	
CACNA1F	canonical	24	1977.0	412	0	0	0	1	1	0	0	0	1	98.6	92.2		CACNA1D	76.5	
CACNA1G	canonical	24	2377.0	409	0	0	0	1	0	0	1	0	1		94.7		CACNA1H	71.2	
CACNA1H	canonical	24	2353.0	437	0	0	0	1	0	0	0	0	1		84.8		CACNA1I	74.3	
CACNA1I	canonical	24	2223.0	456	0	0	0	1	1	0	0	0	1	65.8	91.6		CACNA1H	74.3	
CACNA1S	canonical	24	1873.0	461	0	0	0	1	1	0	0	0	1	98.8	90.9		CACNA1D	65.9	
CACNA2D1	canonical	1	1103.0	1049	1	1	0	1	1	0	0	0	1	99.4	95.8		CACNA2D2	56.0	
CACNA2D2	canonical	0	1150.0	1090	1	1	1	1	1	0	0	0	1	98.7	96.9		CACNA2D1	56.0	
CACNA2D3	canonical	0	1091.0	1058	1	1	1	1	1	0	0	0	1	99.7	98.1		CACNA2D4	60.9	
CACNA2D4	canonical	0	1137.0	1077	1	1	1	1	1	0	0	0	1	97.2	83.1		CACNA2D3	60.9	
CACNG1	canonical	4	222.0	103	0	0	0	1	1	1	0	0	1	97.3	85.6	2.0	CACNG6	43.7	
CACNG2	canonical	4	323.0	95	0	0	0	1	1	0	0	0	1	100.0	98.8		CACNG3	86.0	
CACNG3	canonical	4	315.0	93	0	0	0	1	1	0	0	1	1	100.0	98.7		CACNG2	86.0	1.0
CACNG5	canonical	4	275.0	94	0	0	0	1	1	0	0	0	1	99.3	97.1		CACNG7	59.1	
CACNG7	canonical	4	275.0	93	0	0	0	1	1	0	0	0	1	68.7	100.0		CACNG5	59.1	
CACNG8	canonical	4	425.0	109	0	0	0	1	0	0	0	0	1		94.4		CACNG4	70.7	
CADM1	canonical	1	442.0	331	1	1	0	1	1	1	1	1	1	99.6	98.7	2.0	CADM2	42.3	3.0
CADM2	canonical	1	435.0	344	1	1	0	1	1	0	0	1	1	95.8	96.8		CADM3	49.8	2.0
CADM3	canonical	1	398.0	307	1	1	0	1	1	1	0	1	1	92.5	94.7	2.0	CADM2	49.8	2.0
CADM4	canonical	1	388.0	299	1	1	0	1	1	0	0	1	0	100.0	98.5		CADM1	40.8	1.0
CALCR	canonical	7	474.0	154	1	1	0	1	0	0	1	0	1		77.8		CALCRL	57.3	
CALCRL	canonical	7	461.0	154	1	1	0	1	1	0	0	0	1	99.3	89.8		CALCR	57.3	
CALHM1	canonical	4	346.0	79	0	0	0	1	1	1	0	0	1	97.4	92.2	8.0	CALHM3	51.3	
CALHM2	canonical	4	323.0	82	0	0	0	1	1	0	1	0	1	89.2	92.3		CALHM3	42.1	
CASR	canonical	7	1078.0	644	1	1	0	1	1	0	0	1	0	98.5	93.8		TAS1R1	34.2	1.0
CATSPER1	canonical	6	780.0	67	0	0	0	0	1	0	0	0	0	85.1			CATSPER4	34.5	
CATSPER2	canonical	6	530.0	75	0	0	0	1	0	1	1	0	0		69.1	4.0	TPCN1	33.3	
CATSPER3	canonical	6	398.0	69	0	0	0	1	0	1	0	0	0		64.8	4.0	SCN3A	39.3	
CATSPER4	canonical	6	472.0	64	0	0	0	1	1	0	0	0	0	93.2	65.7		CACNA1C	35.9	
CATSPERD	canonical	1	798.0	698	1	1	0	0	1	0	1	1	0	88.7					3.0
CATSPERE	canonical	1	951.0	884	1	1	0	0	1	0	1	0	0	82.2					
CATSPERG	canonical	1	1159.0	1030	1	1	0	0	1	0	0	1	0	92.7					4.0
CATSPERQ	canonical	2	235.0	10	0	0	0	1	1	0	0	0	0	58.7	66.0				
CATSPERT	canonical	0	1820.0	0	0	0	0	0	1	0	0	0	0	92.0					
CAV1	canonical	0	178.0	0	0	0	0	1	1	1	0	0	0	96.1	94.9	2.0			
CAV3	canonical	0	151.0	0	0	0	0	1	1	1	0	0	0	100.0	94.7	2.0			
CCDC25	canonical	0	208.0	0	0	0	0	1	1	0	0	0	0	99.5	95.2				
CCKAR	canonical	7	428.0	99	0	1	0	1	1	0	0	0	0	97.7	90.7		CCKBR	36.8	
CCKBR	canonical	7	447.0	108	0	1	0	1	0	0	0	0	0		89.3		GALR3	39.4	
CCR1	canonical	7	355.0	92	0	1	0	0	1	0	0	1	0	88.5			CCR2	41.6	1.0
CCR10	canonical	7	362.0	108	0	1	0	1	1	0	0	0	0	98.3	88.1		CCR7	35.4	
CCR2	canonical	7	374.0	102	0	1	0	1	1	0	0	0	1	97.2	79.7		CCR5	52.2	
CCR3	canonical	7	355.0	99	0	1	0	1	1	0	0	1	0	92.1	68.7		CCR1	39.1	1.0
CCR4	canonical	7	360.0	100	0	1	0	1	1	0	0	0	0	98.6	86.7		CCR5	35.9	
CCR5	canonical	7	352.0	95	0	1	0	1	1	0	0	1	1	97.7	82.4		CCR2	52.2	1.0
CCR6	canonical	7	374.0	117	0	1	0	1	1	0	0	0	0	94.9	73.3		CXCR6	34.7	
CCR7	canonical	7	378.0	79	1	1	0	1	1	0	0	0	0	98.9	87.0		CCR10	35.4	
CCR8	canonical	7	355.0	87	0	1	0	1	1	0	1	0	0	94.1	70.4		CCR4	33.3	
CCRL2	canonical	7	344.0	99	0	1	0	0	1	0	0	0	0	91.9			CCR2	35.6	
CD101	canonical	1	1021.0	934	1	1	0	1	1	0	0	1	0	95.1	70.4		IGSF3	39.9	4.0
CD109	canonical	0	1445.0	1424	1	1	1	1	1	0	0	1	0	95.8	72.1		CPAMD8	35.1	7.0
CD14	canonical	0	375.0	356	1	1	1	1	1	0	0	1	0	95.2	65.3				2.0
CD151	canonical	4	253.0	123	0	0	0	1	1	0	0	1	1	91.7	93.7		TSPAN11	60.3	1.0
CD163	canonical	1	1156.0	1005	1	1	0	1	1	0	0	1	1	96.0	72.9		CD163L1	58.6	3.0
CD163L1	canonical	1	1453.0	1319	1	1	0	0	1	0	1	1	1	92.4			CD163	58.6	5.0
CD164	canonical	1	197.0	143	1	1	0	1	1	0	1	0	0	83.8	61.9		TMEM123	31.0	
CD177	canonical	0	437.0	416	1	1	1	0	0	0	0	1	0				TEX101	37.2	2.0
CD180	canonical	1	661.0	606	1	1	0	1	1	0	0	1	0	94.3	74.0		LRRC3B	42.9	2.0
CD19	canonical	1	556.0	272	1	1	0	1	1	0	0	1	0	91.9	65.3				1.0
CD1A	canonical	1	327.0	281	1	1	0	0	0	0	0	1	1				CD1B	61.2	1.0
CD1B	canonical	1	333.0	285	1	1	0	0	0	0	0	0	1				CD1C	62.2	
CD1C	canonical	1	333.0	283	1	1	0	0	1	0	0	1	1	90.7			CD1B	62.2	1.0
CD1D	canonical	1	335.0	282	1	1	0	0	1	0	0	1	1	93.7			CD1E	59.2	2.0
CD2	canonical	1	351.0	191	1	1	0	1	1	0	0	1	0	94.0	51.9		LY9	30.4	1.0
CD200	canonical	1	278.0	206	1	1	0	1	1	1	0	1	0	94.8	76.6	2.0	SMAGP	37.1	2.0
CD200R1	canonical	1	348.0	242	1	1	0	0	1	0	1	1	1	90.5			CD200R1L	79.4	1.0
CD200R1L	canonical	1	271.0	218	1	1	0	0	1	0	0	1	1	82.4			CD200R1	79.4	1.0
CD207	canonical	1	328.0	264	0	0	1	1	1	1	0	0	0	93.0	66.5	2.0	CLEC4F	43.2	
CD209	canonical	1	404.0	346	0	0	1	0	1	0	1	0	1	82.9			CLEC4M	87.8	
CD22	canonical	1	847.0	668	1	1	0	1	1	0	0	1	0	78.2	61.3		TMEM25	37.0	4.0
CD226	canonical	1	336.0	232	1	1	0	1	1	1	0	1	0	93.2	52.4	2.0	SMAGP	42.9	3.0
CD24	canonical	0	80.0	54	1	1	1	1	0	0	0	0	0		57.5				
CD244	canonical	1	370.0	205	1	1	0	0	1	0	0	1	0	84.1			LY9	29.8	1.0
CD247	canonical	1	164.0	9	1	1	0	1	1	0	0	0	0	90.9	81.1				
CD248	canonical	1	757.0	670	1	1	0	1	0	0	0	1	0		78.5		DLK2	40.9	3.0
CD27	canonical	1	260.0	168	1	1	0	1	0	0	0	0	0		64.2		TNFRSF1B	32.7	
CD274	canonical	1	290.0	220	1	1	0	1	1	1	1	1	1	93.4	69.3	2.0	RNF152	56.2	2.0
CD276	canonical	1	534.0	437	1	1	0	1	1	0	1	1	0	97.4	52.6		ERMAP	44.0	2.0
CD28	canonical	1	220.0	136	1	1	0	1	1	1	1	1	0	98.2	67.7	2.0	CTLA4	30.5	3.0
CD300A	canonical	1	299.0	163	1	1	0	0	1	0	1	1	1	73.9			CD300C	71.0	1.0
CD300C	canonical	1	224.0	162	1	1	0	0	1	0	0	1	1	84.8			CD300A	71.0	1.0
CD300E	canonical	1	205.0	159	1	1	0	1	1	0	0	1	1	62.9	56.1		CD300H	45.2	1.0
CD300LB	canonical	1	201.0	137	1	1	0	0	1	0	0	0	1	77.1			CD300LF	57.7	
CD300LD	canonical	1	194.0	147	1	1	0	0	1	0	0	0	1	85.1			CD300LF	64.0	
CD300LF	canonical	1	290.0	139	1	1	0	0	1	0	1	1	1	86.2			CD300LD	64.0	1.0
CD300LG	canonical	1	332.0	229	1	1	0	0	1	0	0	0	0	88.6			CD300C	40.1	
CD302	canonical	1	232.0	148	1	1	0	1	1	0	0	1	0	94.0	73.7		MRC1	45.3	1.0
CD320	canonical	1	282.0	195	1	1	0	1	1	0	0	1	0	82.3	56.0		LDLRAD2	26.7	1.0
CD33	canonical	1	364.0	243	1	1	0	0	0	0	0	1	1				SIGLEC6	67.1	2.0
CD34	canonical	1	385.0	259	1	1	0	1	1	0	0	1	0	89.4	65.5				1.0
CD36	canonical	2	472.0	409	0	0	0	1	1	0	1	1	0	94.9	84.1		SCARB2	36.2	1.0
CD37	canonical	4	281.0	149	0	0	0	1	0	0	1	1	0		80.1		TSPAN3	34.1	1.0
CD38	canonical	1	300.0	256	0	0	1	1	1	0	0	1	0	92.3	58.0		BST1	37.5	2.0
CD3D	canonical	1	171.0	85	1	1	0	1	1	1	1	1	0	84.2	64.3	2.0	CD3G	41.2	2.0
CD3E	canonical	1	207.0	111	1	1	0	1	1	1	0	0	0	82.6	58.5	2.0	CD3G	31.6	
CD3G	canonical	1	182.0	95	1	1	0	1	1	1	0	1	0	81.9	69.8	2.0	CD3D	41.2	1.0
CD4	canonical	1	458.0	371	1	1	0	1	1	0	0	1	0	92.1	54.8				2.0
CD40	canonical	1	277.0	174	1	1	0	1	1	0	1	1	0	88.8	62.1		TNFRSF11A	38.5	2.0
CD40LG	canonical	1	261.0	217	0	0	1	1	1	0	0	1	0	98.1	77.4		TNFSF14	29.7	2.0
CD44	canonical	1	742.0	629	1	1	0	1	1	0	1	1	0	95.1	70.2		LYVE1	38.1	1.0
CD46	canonical	1	392.0	311	1	1	0	0	1	0	0	1	0	83.0			CSMD1	49.5	3.0
CD47	canonical	5	323.0	139	1	1	0	1	1	1	0	0	0	91.6	72.1	2.0			
CD48	canonical	1	243.0	196	1	1	0	0	1	0	1	1	0	81.5			LY9	29.6	2.0
CD5	canonical	1	495.0	358	1	1	0	1	0	0	0	1	0		64.0		DMBT1	41.3	1.0
CD52	canonical	0	61.0	37	1	1	1	0	1	0	0	0	0	86.9					
CD53	canonical	4	219.0	97	0	0	0	1	1	0	0	0	0	81.3	83.1		TSPAN9	34.4	
CD55	canonical	0	381.0	347	1	1	1	0	1	0	0	1	0	79.3			CSMD3	49.9	1.0
CD58	canonical	1	250.0	187	1	1	0	0	1	0	0	1	0	82.4					1.0
CD59	canonical	0	128.0	103	1	1	1	0	0	0	0	1	0				LYPD2	31.1	1.0
CD6	canonical	1	668.0	385	1	1	0	1	1	0	0	1	0	85.6	69.9		DMBT1	50.9	1.0
CD69	canonical	1	199.0	138	0	0	1	1	1	1	0	1	0	67.8	57.8	2.0	CLEC2A	42.2	1.0
CD7	canonical	1	240.0	155	1	1	0	0	1	0	0	1	0	86.7					1.0
CD70	canonical	1	193.0	155	0	0	1	1	1	0	0	1	0	89.1	57.0				2.0
CD72	canonical	1	359.0	243	0	0	1	1	1	1	0	0	0	87.2	53.2	2.0			
CD74	canonical	1	296.0	224	0	0	1	1	1	1	0	1	0	94.3	72.6	3.0			1.0
CD79A	canonical	1	226.0	111	1	1	0	1	1	0	0	1	0	82.3	69.5		CD79B	31.5	1.0
CD79B	canonical	1	229.0	131	1	1	0	1	1	0	0	1	0	56.8	67.7		CD79A	31.5	1.0
CD80	canonical	1	288.0	212	1	1	0	0	1	0	1	1	0	95.8			RNF152	43.8	2.0
CD81	canonical	4	236.0	111	0	0	0	1	1	0	0	0	0	76.7	91.9		TSPAN18	27.7	
CD82	canonical	4	267.0	137	0	0	0	1	1	0	0	1	0	95.1	76.4		TSPAN13	40.8	1.0
CD83	canonical	1	205.0	125	1	1	0	1	1	0	0	0	0	97.1	66.3				
CD84	canonical	1	345.0	204	1	1	0	1	1	1	1	1	0	93.3	58.5	2.0	LY9	39.7	1.0
CD86	canonical	1	329.0	222	1	1	0	0	1	1	1	1	0	94.2		2.0	RNF152	50.0	2.0
CD8A	canonical	1	235.0	161	1	1	0	0	1	1	1	1	0	75.7		2.0			1.0
CD8B	canonical	1	210.0	152	1	1	0	0	0	1	1	1	1			2.0	CD8B2	98.7	1.0
CD8B2	canonical	1	210.0	152	1	1	0	0	0	1	0	0	1			2.0	CD8B	98.7	
CD9	canonical	4	228.0	104	0	0	0	1	1	0	0	1	0	98.7	89.0		TSPAN2	28.7	1.0
CD93	canonical	1	652.0	558	1	1	0	1	1	0	0	1	0	94.8	67.6		DLK2	39.5	3.0
CD96	canonical	1	585.0	499	1	1	0	1	1	1	0	1	0	91.7	61.2	2.0			4.0
CD99	canonical	1	185.0	105	1	1	0	0	1	0	0	0	0	83.2			CD99L2	44.8	
CD99L2	canonical	1	262.0	160	1	1	0	1	1	0	1	0	0	95.0	65.3		CD99	44.8	
CDC50A	canonical	2	361.0	254	0	0	0	1	1	0	1	1	1	98.9	88.9		CDC50B	55.5	1.0
CDCP1	canonical	1	836.0	638	1	1	0	1	1	0	1	1	0	95.8	81.0				2.0
CDH1	canonical	1	882.0	687	1	1	0	1	1	0	0	1	1	95.5	81.2		CDH3	53.3	5.0
CDH10	canonical	1	788.0	591	1	1	0	1	1	0	0	1	1	99.5	96.8		CDH6	71.6	4.0
CDH11	canonical	1	796.0	597	1	1	0	1	1	0	0	1	1	99.4	97.4		CDH8	65.1	4.0
CDH12	canonical	1	794.0	591	1	1	0	1	1	0	0	1	1	99.4	95.8		CDH20	61.5	5.0
CDH13	canonical	0	713.0	691	1	1	1	1	1	0	0	1	1	98.0	93.7		CDH2	43.1	7.0
CDH15	canonical	1	814.0	584	1	1	0	1	1	0	0	1	0	91.2	82.7		DCHS1	45.0	2.0
CDH16	canonical	1	829.0	766	1	1	0	1	1	0	0	1	0	92.3	77.6		PCDHA1	29.6	4.0
CDH17	canonical	1	832.0	764	1	1	0	1	1	0	0	1	0	90.6	79.0		CDH23	41.4	6.0
CDH18	canonical	1	790.0	591	1	1	0	1	1	0	1	1	1	98.7	96.1		CDH7	64.6	4.0
CDH19	canonical	1	772.0	575	1	1	0	1	1	0	1	1	1	96.6	75.1		CDH7	54.1	3.0
CDH2	canonical	1	906.0	698	1	1	0	1	1	0	0	1	1	99.2	96.8		CDH4	63.9	5.0
CDH20	canonical	1	801.0	587	1	1	0	1	1	0	0	1	1	98.3	96.1		CDH7	66.2	3.0
CDH23	canonical	1	3354.0	3043	1	1	0	1	0	0	1	1	0		94.4		CDH8	44.9	11.0
CDH24	canonical	1	819.0	614	1	1	0	1	1	0	0	1	1	87.2	93.3		CDH11	56.4	5.0
CDH26	canonical	1	832.0	587	1	1	0	1	1	0	1	1	0	89.4	60.5		DCHS1	39.9	3.0
CDH3	canonical	1	829.0	632	1	1	0	1	1	0	0	1	1	95.7	82.1		CDH1	53.3	5.0
CDH4	canonical	1	916.0	714	1	1	0	1	1	0	0	1	1	98.7	92.5		CDH2	63.9	4.0
CDH5	canonical	1	784.0	573	1	1	0	1	1	0	0	1	1	95.4	75.4		CDH20	43.8	2.0
CDH6	canonical	1	790.0	592	1	1	0	1	1	0	0	1	1	99.5	97.1		CDH10	71.6	4.0
CDH7	canonical	1	785.0	582	1	1	0	1	1	0	0	1	1	99.4	98.0		CDH20	66.2	3.0
CDH9	canonical	1	789.0	594	1	1	0	1	1	0	0	1	1	99.1	90.9		CDH6	71.5	3.0
CDHR1	canonical	1	859.0	682	1	1	0	1	1	0	1	1	0	97.8	85.2		CDH23	42.8	4.0
CDHR2	canonical	1	1310.0	1134	1	1	0	1	1	0	0	1	0	94.2	72.9		CDH23	40.1	7.0
CDHR3	canonical	1	885.0	691	1	1	0	1	0	0	0	1	0		71.5		DCHS2	39.8	6.0
CDHR5	canonical	1	845.0	643	1	1	0	1	1	1	0	1	0	70.9	58.6	2.0	CDH23	42.3	3.0
CDON	canonical	1	1287.0	939	1	1	0	1	1	0	0	1	1	95.3	81.6		BOC	48.0	2.0
CDSN	canonical	0	529.0	497	1	1	1	1	1	0	0	0	0	90.4	66.2				
CEACAM1	canonical	1	526.0	394	1	1	0	0	0	1	1	1	1			2.0	CEACAM3	86.4	3.0
CEACAM3	canonical	1	252.0	118	1	1	0	0	0	1	1	1	1			2.0	CEACAM1	86.4	2.0
CEACAM4	canonical	1	244.0	121	1	1	0	0	0	0	0	1	1				CEACAM3	53.4	2.0
CEACAM5	canonical	1	702.0	656	1	1	0	0	0	0	0	1	1				CEACAM6	85.6	4.0
CEACAM6	canonical	1	344.0	298	1	1	0	0	0	1	0	1	1			2.0	CEACAM3	86.4	4.0
CEACAM8	canonical	1	349.0	299	1	1	0	0	1	1	0	1	1	79.9		2.0	CEACAM6	78.5	3.0
CELSR1	canonical	7	3014.0	2486	1	1	0	1	1	0	1	1	1	94.7	81.3		CELSR2	62.0	8.0
CELSR2	canonical	7	2923.0	2381	1	1	0	1	0	0	0	1	1		95.6		CELSR1	62.0	10.0
CELSR3	canonical	7	3312.0	2545	1	1	0	1	1	0	0	1	1	96.6	92.3		CELSR2	58.0	7.0
CEMIP2	canonical	1	1383.0	1280	0	0	1	1	1	0	0	0	1	98.8	86.8		CEMIP	45.7	
CFC1	canonical	0	223.0	198	1	1	1	0	0	1	0	1	1			2.0	CFC1B	99.5	1.0
CFTR	canonical	12	1480.0	102	0	0	0	1	1	0	1	0	0	98.4	78.5		ABCC5	24.3	
CHL1	canonical	1	1208.0	1058	1	1	0	1	1	0	0	1	0	97.4	83.7		NRCAM	40.4	8.0
CHRFAM7A	canonical	4	412.0	167	0	1	1	0	0	1	0	0	1			5.0	CHRNA7	88.0	
CHRM1	canonical	7	460.0	77	0	1	0	1	0	0	0	0	1		98.9		CHRM3	59.7	
CHRM2	canonical	7	466.0	74	0	1	0	1	1	0	0	0	1	99.4	96.4		CHRM4	62.2	
CHRM4	canonical	7	479.0	83	0	1	0	1	1	0	0	0	1	99.0	96.0		CHRM2	62.2	
CHRM5	canonical	7	532.0	82	0	1	0	1	1	0	0	0	1	96.1	88.7		CHRM3	63.4	
CHRNA1	canonical	4	457.0	232	1	1	1	1	1	1	0	1	1	63.2	94.3	5.0	CHRNA4	53.3	1.0
CHRNA10	canonical	4	450.0	228	1	1	1	1	0	1	0	1	1		91.3	5.0	CHRNA9	67.1	1.0
CHRNA2	canonical	4	529.0	259	1	1	1	1	1	1	0	0	1	97.2	81.9	5.0	CHRNA4	78.5	
CHRNA3	canonical	4	505.0	231	1	1	1	1	1	1	1	1	1	97.2	90.3	5.0	CHRNA6	70.9	1.0
CHRNA4	canonical	4	627.0	233	1	1	1	1	1	1	0	1	1	88.8	84.1	5.0	CHRNA2	78.5	1.0
CHRNA5	canonical	4	468.0	256	1	1	1	1	1	1	0	0	1	94.9	89.1	5.0	CHRNB3	71.1	
CHRNA6	canonical	4	494.0	230	1	1	1	1	1	1	0	0	1	96.6	85.0	5.0	CHRNA3	70.9	
CHRNA7	canonical	4	502.0	235	1	1	1	1	0	1	1	1	1		93.2	5.0	CHRFAM7A	88.0	2.0
CHRNA9	canonical	4	479.0	233	1	1	1	1	0	1	0	1	1		91.0	5.0	CHRNA10	67.1	1.0
CHRNB1	canonical	4	501.0	241	1	1	1	1	1	1	0	1	1	97.6	89.8	2.0	CHRNG	48.1	1.0
CHRNB2	canonical	4	502.0	242	1	1	1	1	1	1	0	0	1	98.4	86.5	5.0	CHRNB4	67.1	
CHRNB3	canonical	4	458.0	240	1	1	1	1	1	1	0	0	1	97.8	86.5	5.0	CHRNA5	71.1	
CHRNB4	canonical	4	498.0	243	1	1	1	1	1	1	1	0	1	94.6	82.7	5.0	CHRNB2	67.1	
CHRND	canonical	4	517.0	256	1	1	1	1	1	1	0	1	1	98.6	87.8	5.0	CHRNG	56.0	1.0
CHRNE	canonical	4	493.0	242	1	1	1	1	1	1	0	1	1	95.9	88.2	5.0	CHRNG	53.7	2.0
CHRNG	canonical	4	517.0	256	1	1	1	1	1	1	0	1	1	97.5	90.5	5.0	CHRND	56.0	1.0
CHST15	canonical	1	561.0	463	0	0	1	1	1	0	0	0	0	98.6	92.5				
CLCA2	canonical	1	943.0	869	1	1	0	1	0	0	0	1	1		72.2		CLCA1	47.1	3.0
CLCA4	canonical	0	919.0	898	1	1	1	0	1	0	0	1	1	83.8			CLCA1	62.0	3.0
CLCN1	canonical	10	988.0	139	0	0	0	1	1	1	0	0	1	97.7	87.9	2.0	CLCNKB	32.4	
CLCN2	canonical	10	898.0	89	0	0	0	1	1	1	1	0	1	98.9	94.3	2.0	CLCNKA	47.9	
CLCNKA	canonical	10	687.0	99	0	0	0	0	1	1	1	0	1	95.5		2.0	CLCNKB	95.8	
CLCNKB	canonical	10	687.0	96	0	0	0	0	0	1	1	0	1			2.0	CLCNKA	95.8	
CLDN1	canonical	4	211.0	76	0	0	0	1	1	0	0	0	1	99.5	90.5		CLDN7	65.8	
CLDN10	canonical	4	228.0	74	0	0	0	1	1	0	0	0	1	99.6	93.9		CLDN15	60.0	
CLDN11	canonical	4	207.0	67	0	0	0	1	1	0	0	0	0	98.1	94.2		CLDN4	39.7	
CLDN12	canonical	4	244.0	78	0	0	0	1	0	0	0	1	0		91.4				1.0
CLDN15	canonical	4	228.0	71	0	0	0	1	1	0	0	1	1	97.4	77.6		CLDN10	60.0	1.0
CLDN16	canonical	4	235.0	76	0	0	0	1	1	0	0	0	0	95.3	92.3		CLDN8	34.2	
CLDN17	canonical	4	224.0	76	0	0	0	1	0	0	0	0	1		81.7		CLDN8	67.1	
CLDN18	canonical	4	261.0	85	0	0	0	1	1	0	0	0	0	98.9	88.9		CLDN1	40.8	
CLDN19	canonical	4	224.0	76	0	0	0	1	1	1	1	1	1	100.0	89.7	2.0	CLDN1	64.0	1.0
CLDN2	canonical	4	230.0	77	0	0	0	1	1	1	0	0	1	99.1	91.3	2.0	CLDN14	55.8	
CLDN20	canonical	4	219.0	76	0	0	0	1	1	0	0	0	1	97.3	74.4		CLDN3	43.2	
CLDN22	canonical	4	220.0	76	0	0	0	0	1	0	0	1	1	94.5			CLDN24	100.0	2.0
CLDN23	canonical	4	292.0	82	0	0	0	1	1	0	0	0	0	90.4	80.5		CLDN1	30.3	
CLDN24	canonical	4	220.0	76	0	0	0	0	1	0	0	0	1	95.5			CLDN22	100.0	
CLDN25	canonical	4	229.0	75	0	0	0	1	0	0	0	0	1		77.7		CLDN22	62.7	
CLDN3	canonical	4	220.0	74	0	0	0	1	1	0	0	1	1	80.9	90.9		CLDN4	85.1	1.0
CLDN4	canonical	4	209.0	74	0	0	0	0	1	0	0	1	1	99.0			CLDN3	85.1	1.0
CLDN5	canonical	4	218.0	76	0	0	0	1	0	0	0	0	1		91.7		CLDN6	63.5	
CLDN6	canonical	4	220.0	74	0	0	0	1	0	0	0	1	1		87.7		CLDN9	97.3	1.0
CLDN7	canonical	4	211.0	77	0	0	0	1	1	0	1	0	1	97.2	91.9		CLDN1	65.8	
CLDN8	canonical	4	225.0	79	0	0	0	1	1	0	0	0	1	95.6	82.7		CLDN3	68.9	
CLDN9	canonical	4	217.0	74	0	0	0	1	0	0	0	1	1		97.2		CLDN6	97.3	1.0
CLDND1	canonical	4	253.0	129	0	0	0	1	1	0	1	0	0	99.6	91.7				
CLEC10A	canonical	1	316.0	259	0	0	1	0	1	1	0	0	1	86.5		2.0	ASGR1	60.2	
CLEC12A	canonical	1	265.0	203	0	0	1	0	1	1	1	1	0	85.3		2.0	CLEC1A	35.5	1.0
CLEC12B	canonical	1	276.0	214	0	0	1	1	1	1	0	1	0	96.4	71.4	2.0	KLRC4	42.9	2.0
CLEC14A	canonical	1	490.0	376	1	1	0	1	1	0	0	0	0	93.9	63.3		CD248	35.4	
CLEC17A	canonical	1	378.0	185	0	0	1	0	1	0	0	1	0	85.2			CLEC4M	41.1	2.0
CLEC1A	canonical	1	280.0	210	0	0	1	1	1	1	0	1	0	90.0	67.1	2.0	CLEC12A	35.5	3.0
CLEC1B	canonical	1	229.0	176	0	0	1	1	1	0	1	1	0	93.4	63.8		CLEC12B	33.5	1.0
CLEC2A	canonical	1	174.0	128	0	0	1	0	0	1	0	0	1			2.0	CLEC2D	47.7	
CLEC2D	canonical	1	191.0	136	0	0	1	0	1	1	1	1	1	78.5		2.0	CLEC2B	50.8	2.0
CLEC4A	canonical	1	237.0	170	0	0	1	1	1	0	1	0	1	89.0	52.3		CLEC4C	54.1	
CLEC4C	canonical	1	213.0	174	0	0	1	0	1	0	1	0	1	90.1			CLEC6A	55.4	
CLEC4D	canonical	0	215.0	173	1	1	1	1	1	0	0	0	1	88.8	61.9		CLEC4C	41.6	
CLEC4F	canonical	1	589.0	529	0	0	1	0	1	1	0	0	0	83.9		2.0	CD207	43.2	
CLEC4G	canonical	1	293.0	240	0	0	1	1	1	1	0	1	0	93.2	64.2	4.0	CLEC4M	35.8	1.0
CLEC4M	canonical	1	399.0	329	0	0	1	0	0	0	1	1	1				CD209	87.8	1.0
CLEC5A	canonical	1	188.0	162	0	0	1	1	1	0	0	1	0	93.6	71.8		CD69	31.2	1.0
CLEC6A	canonical	1	209.0	168	0	0	1	1	1	1	1	0	1	88.0	68.9	2.0	CLEC4C	55.4	
CLEC7A	canonical	1	247.0	182	0	0	1	0	1	0	1	0	0	94.7			KLRK1	36.2	
CLEC9A	canonical	1	241.0	185	0	0	1	1	1	1	0	1	0	90.9	59.3	2.0	KLRC4	38.6	1.0
CLECL1	canonical	0	167.0	167	0	1	1	0	0	0	0	0	0						
CLRN3	canonical	4	226.0	97	0	0	0	1	1	1	1	0	0	93.4	73.0	2.0	CLRN2	25.5	
CLSTN1	canonical	1	981.0	833	1	1	0	1	1	0	0	1	1	98.5	92.5		CLSTN2	56.3	3.0
CLSTN3	canonical	1	956.0	828	1	1	0	1	1	0	0	1	1	99.1	95.8		CLSTN1	54.1	4.0
CLTRN	canonical	1	222.0	127	1	1	0	1	1	1	0	0	0	95.0	84.7	2.0			
CMKLR1	canonical	7	373.0	120	0	1	0	1	1	1	0	0	0	98.1	79.9	2.0	GPR33	34.7	
CMKLR2	canonical	7	355.0	102	0	1	0	1	1	0	0	0	0	97.7	80.0		OPRK1	30.1	
CMTM4	canonical	4	234.0	17	0	0	0	1	1	0	0	0	1	99.0	95.7		CMTM6	47.1	
CMTM6	canonical	4	183.0	17	0	0	0	1	1	0	0	0	1	83.1	83.1		CMTM4	47.1	
CMTM7	canonical	4	175.0	18	0	0	0	1	1	0	1	0	0	97.7	79.4		PLLP	33.3	
CMTM8	canonical	4	173.0	24	0	0	0	1	1	0	1	0	0	84.4	92.5		MAL2	33.3	
CNGA1	canonical	4	686.0	66	0	0	0	1	1	1	0	0	1	98.0	89.9	4.0	CNGA3	81.2	
CNGA2	canonical	4	664.0	65	0	0	0	1	1	1	0	0	1	97.4	93.7	4.0	CNGA3	75.4	
CNGA3	canonical	4	694.0	65	0	0	0	1	1	1	0	0	1	95.4	79.1	4.0	CNGA1	81.2	
CNGA4	canonical	6	575.0	71	0	0	0	1	0	1	0	0	1		93.2	4.0	CNGA2	56.2	
CNGB1	canonical	6	1251.0	60	0	0	0	1	0	0	1	0	1		73.7		CNGB3	69.5	
CNNM2	canonical	5	875.0	207	1	1	0	1	0	1	0	0	0		97.8	2.0	CNNM4	34.2	
CNNM3	canonical	3	707.0	121	1	1	0	1	0	1	0	0	0		87.4	2.0	CNNM1	38.8	
CNNM4	canonical	3	775.0	155	1	1	0	1	1	1	1	1	0	80.1	88.8	2.0	CNNM2	34.2	1.0
CNR1	canonical	7	472.0	158	0	1	0	1	1	0	0	0	0	100.0	97.0		MC3R	31.4	
CNR2	canonical	7	360.0	76	0	1	0	1	1	0	0	0	0	96.4	79.7		CNR1	30.7	
CNTFR	canonical	0	372.0	350	1	1	1	1	1	0	0	1	0	98.4	95.2		EBI3	32.1	2.0
CNTN1	canonical	0	1018.0	998	1	1	1	1	1	0	0	1	1	99.3	95.4		CNTN2	51.3	6.0
CNTN2	canonical	0	1040.0	1014	1	1	1	1	1	0	0	1	1	96.2	90.5		CNTN1	51.3	8.0
CNTN4	canonical	0	1026.0	1008	1	1	1	1	1	0	0	1	1	96.9	95.1		CNTN3	64.9	6.0
CNTN5	canonical	0	1100.0	1077	1	1	1	1	1	0	0	1	1	92.6	90.5		CNTN4	55.3	10.0
CNTN6	canonical	0	1028.0	1009	1	1	1	1	1	0	0	1	1	97.2	89.1		CNTN4	60.7	5.0
CNTNAP1	canonical	1	1384.0	1262	1	1	0	1	1	0	0	1	1	99.1	93.4		CNTNAP2	45.6	7.0
CNTNAP2	canonical	1	1331.0	1235	1	1	0	1	1	0	0	1	1	98.5	93.8		CNTNAP5	52.6	5.0
CNTNAP4	canonical	1	1308.0	1216	1	1	0	1	1	0	0	1	1	97.3	86.4		CNTNAP3	70.8	5.0
COL13A1	canonical	1	717.0	656	0	0	1	1	1	0	0	0	1	97.8	87.2		COL23A1	58.1	
COL17A1	canonical	1	1497.0	1010	0	0	1	1	1	0	0	0	0	91.0	79.9		COL23A1	50.4	
COL6A3	canonical	0	3177.0	3152	1	1	1	1	1	0	0	0	0	97.3	67.9		VWA1	44.5	
COL7A1	canonical	0	2944.0	2921	1	1	1	0	0	0	0	0	0				COL23A1	62.4	
COLEC12	canonical	1	742.0	684	0	0	1	1	1	1	0	0	0	98.8	92.3	3.0	MARCO	31.9	
CORIN	canonical	1	1042.0	976	0	0	1	1	1	0	0	1	0	95.2	82.5				2.0
CR1	canonical	1	2039.0	1931	1	1	0	0	1	0	0	1	0	75.7			CR1L	89.0	23.0
CR1L	canonical	0	569.0	535	1	1	1	0	0	0	0	0	1				CR1	89.0	
CR2	canonical	1	1033.0	955	1	1	0	0	1	0	0	1	0	92.7			SUSD3	51.4	9.0
CRB1	canonical	1	1406.0	1320	1	1	0	1	1	0	1	1	0	94.0	76.2				9.0
CRB2	canonical	1	1285.0	1196	1	1	0	1	1	0	1	1	0	72.2	78.4		SCARF1	43.0	9.0
CRB3	canonical	1	120.0	33	1	1	0	1	1	0	0	0	0	85.8	50.8		SCARF2	45.5	
CRHR1	canonical	7	415.0	132	1	1	0	1	1	0	1	0	1	99.0	97.6		CRHR2	58.9	
CRHR2	canonical	7	411.0	150	0	1	0	1	1	0	0	0	1	91.5	86.6		CRHR1	58.9	
CRIM1	canonical	1	1036.0	905	1	1	0	1	1	0	0	1	0	99.4	89.2		FCGBP	46.1	9.0
CRISP2	canonical	0	243.0	222	1	1	1	1	1	0	0	0	1	90.9	70.4		CRISP3	72.1	
CRLF2	canonical	1	371.0	209	1	1	0	0	0	0	1	1	0				LEPR	36.8	1.0
CRTAM	canonical	1	393.0	272	1	1	0	1	1	1	0	1	0	94.4	71.5	2.0	SMAGP	42.9	2.0
CSF1R	canonical	1	972.0	500	1	1	0	1	1	0	1	1	0	87.3	75.1		ROS1	33.6	3.0
CSF2RA	canonical	1	400.0	305	1	1	0	0	1	0	1	1	0	88.8			IL3RA	33.7	1.0
CSF2RB	canonical	1	897.0	422	1	1	0	0	1	0	0	1	0	90.7			IL4R	33.0	3.0
CSF3R	canonical	1	836.0	603	1	1	0	1	1	0	1	1	0	93.7	62.6		EBI3	35.4	4.0
CSMD1	canonical	1	3564.0	3461	1	1	0	1	0	0	1	1	1		93.5		CSMD2	64.6	8.0
CSPG4	canonical	1	2322.0	2195	1	1	0	1	1	0	0	1	0	96.5	83.5				8.0
CUBN	canonical	0	3623.0	3600	1	1	1	1	1	0	0	0	0	94.3	69.9		NETO1	50.5	
CX3CL1	canonical	1	397.0	317	1	1	0	1	1	0	0	0	0	93.5	65.0		CCL8	40.8	
CX3CR1	canonical	7	355.0	87	0	1	0	1	1	0	0	0	0	96.3	82.5		CCR2	33.3	
CXADR	canonical	1	365.0	218	1	1	0	0	1	1	1	1	0	90.4		2.0	VSIG8	37.2	3.0
CXCL12	canonical	0	93.0	72	1	1	1	1	1	1	0	0	0	96.6	93.3	2.0			
CXCL16	canonical	1	254.0	176	1	1	0	0	1	0	0	0	0	81.1					
CXCR1	canonical	7	350.0	101	0	1	0	1	1	0	0	0	1	91.4	64.0		CXCR2	59.4	
CXCR2	canonical	7	360.0	110	0	1	0	1	1	0	0	0	1	90.0	70.8		CXCR1	59.4	
CXCR3	canonical	7	368.0	112	0	1	0	1	1	0	1	0	0	99.2	85.6		CCR4	35.4	
CXCR4	canonical	7	352.0	94	0	1	0	1	1	0	0	0	0	97.2	91.2		CXCR2	34.4	
CXCR5	canonical	7	372.0	113	0	1	0	1	1	0	0	0	0	97.0	83.3		CXCR1	35.0	
CXCR6	canonical	7	342.0	75	0	1	0	1	1	0	0	0	0	94.7	74.6		CCR6	34.7	
CYBA	canonical	4	195.0	9	0	0	0	1	0	0	0	0	0		86.7				
CYBB	canonical	6	570.0	115	0	0	0	1	1	0	0	0	1	96.7	93.2		NOX3	45.5	
CYBRD1	canonical	6	286.0	46	0	0	0	1	1	1	1	0	1	94.1	75.2	2.0	CYB561A3	47.8	
CYSLTR1	canonical	7	337.0	82	0	1	0	1	1	0	0	0	0	97.3	87.5		P2RY10	33.8	
CYSLTR2	canonical	7	346.0	122	0	1	0	0	1	1	0	0	0	86.4		2.0	LPAR6	32.9	
DAG1	canonical	1	895.0	725	1	1	0	1	1	0	0	1	0	97.4	93.2				3.0
DAGLA	canonical	4	1042.0	30	0	0	0	1	1	0	0	1	0	99.5	97.5		DAGLB	17.9	1.0
DCBLD1	canonical	1	715.0	424	1	1	0	1	1	0	0	1	0	96.9	54.5		RS1	36.5	1.0
DCBLD2	canonical	1	775.0	471	1	1	0	1	1	0	0	1	0	87.1	84.1		CUBN	41.6	3.0
DCC	canonical	1	1447.0	1068	1	1	0	1	1	0	0	1	1	99.3	96.5		NEO1	55.1	5.0
DCHS1	canonical	1	3298.0	2895	1	1	0	1	1	0	0	1	0	86.6	92.5		CDH15	45.0	12.0
DCHS2	canonical	1	3371.0	2935	1	1	0	1	0	0	1	1	0		74.1		CDH20	45.1	13.0
DCST1	canonical	6	706.0	326	0	0	0	1	1	0	1	0	0	94.8	71.5		OCSTAMP	31.5	
DCSTAMP	canonical	6	470.0	162	0	0	0	1	1	1	1	1	0	95.3	74.3	2.0	DCST2	26.5	1.0
DDR1	canonical	1	913.0	397	1	1	0	1	1	0	1	1	1	99.2	93.6		DDR2	52.7	2.0
DDR2	canonical	1	855.0	376	1	1	0	1	1	0	0	0	1	99.3	95.9		DDR1	52.7	
DEFB118	canonical	0	123.0	104	1	1	1	0	1	0	0	0	0	81.3			DEFB121	40.4	
DEFB126	canonical	0	111.0	91	1	1	1	0	1	0	0	0	0	68.5					
DGCR2	canonical	1	550.0	326	1	1	0	1	0	0	1	1	0		93.3				2.0
DIP2A	canonical	0	1571.0	0	0	0	0	1	1	0	0	0	0	98.8	93.1				
DISP1	canonical	12	1524.0	573	0	0	0	1	1	0	0	0	1	97.4	84.1		DISP2	44.7	
DISP2	canonical	12	1401.0	573	0	0	0	1	1	0	0	0	1	94.1	73.3		DISP1	44.7	
DLK1	canonical	1	383.0	283	1	1	0	1	1	0	0	1	0	96.3	85.6		PEAR1	40.3	2.0
DLL1	canonical	1	723.0	524	1	1	0	1	1	0	1	1	1	92.5	88.5		DLL4	56.4	3.0
DLL4	canonical	1	685.0	505	1	1	0	1	1	0	0	1	1	99.0	86.4		DLL1	56.4	6.0
DNER	canonical	1	737.0	607	1	1	0	1	1	0	0	1	0	87.0	90.4		NOTCH4	38.1	4.0
DPEP1	canonical	0	411.0	395	1	1	1	1	1	1	0	1	1	85.6	72.3	2.0	DPEP2	48.9	1.0
DPEP3	canonical	0	488.0	452	1	1	1	1	1	1	0	1	1	94.1	71.7	2.0	DPEP2	71.7	2.0
DPP10	canonical	1	796.0	741	0	0	1	1	1	1	1	1	1	97.2	87.6	2.0	DPP6	52.0	1.0
DPP4	canonical	1	766.0	739	0	0	1	1	1	1	0	1	1	98.0	84.5	2.0	FAP	52.9	2.0
DPP6	canonical	1	865.0	749	0	0	1	1	1	1	0	1	1	98.0	92.3	2.0	DPP10	52.0	1.0
DRD1	canonical	7	446.0	89	0	1	0	1	1	0	0	1	0	99.8	91.0		DRD5	41.6	1.0
DRD2	canonical	7	443.0	74	0	1	0	1	1	0	0	0	0	99.3	95.7		ADRA2B	37.0	
DRD3	canonical	7	400.0	77	0	1	0	1	1	0	0	0	0	98.2	90.2		DRD4	39.0	
DRD4	canonical	7	419.0	83	0	1	0	1	0	0	0	0	0		72.8		DRD3	39.0	
DRD5	canonical	7	477.0	122	0	1	0	1	1	0	0	0	0	91.6	82.8		DRD1	41.6	
DSC1	canonical	1	894.0	664	1	1	0	1	1	0	0	1	1	95.4	81.7		DSC2	54.8	3.0
DSC2	canonical	1	901.0	665	1	1	0	1	1	0	0	1	1	90.1	75.7		DSC3	63.7	3.0
DSC3	canonical	1	896.0	664	1	1	0	1	0	0	0	1	1		79.6		DSC2	63.7	4.0
DSCAM	canonical	1	2012.0	1578	1	1	0	1	1	0	1	1	1	99.7	98.4		DSCAML1	64.0	11.0
DSCAML1	canonical	1	2053.0	1573	1	1	0	1	1	0	0	1	1	99.6	98.1		DSCAM	64.0	12.0
DSG1	canonical	1	1049.0	527	1	1	0	0	1	0	1	1	1	91.3			DSG4	55.8	3.0
DSG2	canonical	1	1118.0	591	1	1	0	1	1	0	0	1	1	96.1	76.8		DSG1	44.4	4.0
DSG3	canonical	1	999.0	604	1	1	0	1	1	0	0	1	1	96.0	72.7		DSG4	55.1	5.0
DUOX1	canonical	7	1551.0	623	1	1	0	1	1	0	0	0	1	94.4	91.0		DUOX2	80.7	
DUOX2	canonical	7	1548.0	626	1	1	0	1	1	0	0	1	1	96.6	84.9		DUOX1	80.7	1.0
EBAG9	canonical	0	213.0	0	0	0	0	1	1	0	0	0	0	99.1	97.7				
ECE1	canonical	1	770.0	681	0	0	1	1	1	1	0	1	1	98.2	93.8	2.0	ECE2	65.8	3.0
ECRG4	canonical	0	148.0	117	1	1	1	1	1	0	0	0	0	98.6	83.8				
EDA	canonical	1	391.0	332	0	0	1	1	1	1	0	1	0	98.2	94.6	3.0	COL18A1	48.2	1.0
EDA2R	canonical	1	297.0	139	0	1	0	1	1	0	0	1	1	93.3	80.1		TNFRSF19	49.6	1.0
EDIL3	canonical	0	480.0	457	1	1	1	1	1	0	0	0	1	90.2	95.6		MFGE8	54.7	
EDNRA	canonical	7	427.0	116	1	1	0	1	1	0	1	0	0	99.1	92.3		EDNRB	34.2	
EDNRB	canonical	7	442.0	125	1	1	0	1	1	0	1	0	0	98.2	88.9		EDNRA	34.2	
EFNA1	canonical	0	205.0	187	1	1	1	1	0	0	0	1	1		85.9		EFNA5	47.1	1.0
EFNA3	canonical	0	238.0	214	1	1	1	1	1	0	0	1	1	100.0	93.3		EFNA2	50.3	3.0
EFNA4	canonical	0	201.0	178	1	1	1	1	1	0	0	1	1	98.0	84.1		EFNA2	46.6	2.0
EFNA5	canonical	0	228.0	208	1	1	1	1	1	0	0	1	1	99.6	99.1		EFNA2	55.6	1.0
EFNB1	canonical	1	346.0	212	1	1	0	1	1	0	0	1	1	91.0	95.7		EFNB2	52.7	1.0
EGFLAM	canonical	0	1017.0	993	1	1	1	1	1	0	0	0	0	92.4	88.3		USH2A	38.3	
EGFR	canonical	1	1210.0	621	1	1	0	1	1	0	1	1	1	99.3	90.5		ERBB4	48.5	5.0
ELFN1	canonical	1	828.0	390	1	1	0	1	0	0	0	1	1		87.9		ELFN2	54.3	2.0
ELFN2	canonical	1	820.0	374	1	1	0	1	1	0	0	1	1	97.2	96.0		ELFN1	54.3	1.0
EMB	canonical	1	327.0	230	1	1	0	1	1	0	0	1	0	93.3	64.5		BSG	29.1	2.0
EMCN	canonical	1	261.0	173	1	1	0	1	1	0	1	0	0	78.9	52.9				
EMP1	canonical	4	157.0	57	0	0	0	1	0	0	1	0	0		77.1		EMP2	35.7	
EMP2	canonical	4	167.0	64	0	0	0	1	0	0	0	1	0		77.8		EMP1	35.7	1.0
EMP3	canonical	4	163.0	56	0	0	0	1	1	1	0	0	0	73.6	92.0	2.0	EMP2	33.9	
ENG	canonical	1	658.0	567	1	1	0	1	1	0	0	1	0	87.4	71.6		TGFBR3L	34.5	3.0
ENOX1	canonical	0	643.0	0	0	0	0	1	1	1	0	0	0	99.8	97.7	2.0			
ENOX2	canonical	0	610.0	0	0	0	0	1	1	1	0	0	0	99.3	94.5	2.0			
ENPEP	canonical	1	957.0	918	0	0	1	1	1	0	0	1	0	97.6	77.2		ANPEP	37.3	2.0
ENPP1	canonical	1	925.0	828	0	0	1	1	1	0	0	1	1	98.2	78.5		ENPP3	54.6	2.0
ENPP3	canonical	1	875.0	831	0	0	1	1	1	0	0	0	1	96.7	80.8		ENPP1	54.6	
ENPP5	canonical	1	477.0	409	1	1	0	1	1	0	0	1	1	96.0	81.8		ENPP4	52.7	2.0
ENPP7	canonical	0	458.0	437	1	1	1	1	1	0	0	0	0	90.2	76.0		ENPP5	38.4	
ENTPD1	canonical	2	510.0	440	0	0	0	1	0	0	1	1	1		75.5		ENTPD8	46.1	1.0
ENTPD2	canonical	1	495.0	436	1	1	0	1	1	1	0	0	1	96.8	83.4	2.0	ENTPD8	45.9	
ENTPD3	canonical	2	529.0	446	0	0	0	1	1	0	1	1	1	97.9	81.3		ENTPD2	43.3	1.0
ENTPD8	canonical	2	495.0	438	0	0	0	1	1	1	0	0	1	94.3	74.3	2.0	ENTPD1	46.1	
EPCAM	canonical	1	314.0	244	1	1	0	1	1	0	0	1	1	80.3	81.5		TACSTD2	49.6	1.0
EPHA1	canonical	1	976.0	522	1	1	0	1	1	0	1	1	1	96.5	88.2		LMTK2	70.0	4.0
EPHA10	canonical	1	1008.0	532	1	1	0	1	0	0	1	1	1		92.7		EPHA7	56.0	4.0
EPHA2	canonical	1	976.0	517	1	1	0	1	1	0	1	1	1	97.5	92.9		EPHA1	47.4	4.0
EPHA3	canonical	1	983.0	521	1	1	0	1	1	0	1	1	1	98.9	96.5		EPHA5	65.3	4.0
EPHA4	canonical	1	986.0	529	1	1	0	1	1	0	0	1	1	99.9	98.6		EPHA5	62.2	2.0
EPHA5	canonical	1	1037.0	518	1	1	0	1	1	0	0	1	1	99.3	96.3		EPHA3	65.3	5.0
EPHA6	canonical	1	1036.0	531	1	1	0	1	1	0	0	1	1	99.2	95.2		EPHA3	63.7	1.0
EPHA7	canonical	1	998.0	530	1	1	0	1	1	0	1	1	1	99.9	98.1		EPHA5	62.0	5.0
EPHA8	canonical	1	1005.0	514	1	1	0	1	1	0	1	1	1	75.0	95.1		EPHA3	59.5	4.0
EPHB2	canonical	1	1055.0	524	1	1	0	1	1	0	0	1	1	99.9	99.5		EPHB1	68.8	4.0
EPHB3	canonical	1	998.0	521	1	1	0	1	1	0	0	1	1	99.6	96.4		LMTK2	70.0	3.0
EPHB4	canonical	1	987.0	525	1	1	0	1	1	0	1	1	1	99.4	92.9		EPHB3	45.9	3.0
EPHB6	canonical	1	1021.0	568	1	1	0	1	0	0	1	1	1		91.9		LMTK2	65.0	2.0
EPOR	canonical	1	508.0	225	1	1	0	1	1	0	1	1	0	96.7	81.7		CSF2RB	32.0	2.0
EPPIN	canonical	0	133.0	112	1	1	1	1	1	0	0	0	1	90.2	61.7		WFDC6	50.9	
ERBB2	canonical	1	1255.0	632	1	1	0	1	1	0	1	1	1	97.0	87.6		ERBB3	44.6	3.0
ERBB3	canonical	1	1342.0	624	1	1	0	1	1	0	1	1	1	98.8	90.7		ERBB4	59.6	3.0
ERBB4	canonical	1	1308.0	626	1	1	0	1	1	0	0	1	1	99.6	97.3		ERBB3	59.6	1.0
ERMAP	canonical	1	475.0	125	1	1	0	1	1	0	0	0	1	95.2	73.7		BTNL2	50.4	
ERVFRD-1	canonical	1	538.0	473	1	1	0	0	1	0	0	1	0	95.4			ERVW-1	31.8	1.0
ERVV-1	canonical	0	477.0	456	1	1	1	0	0	1	0	1	1			2.0	ERVV-2	97.5	1.0
ERVW-1	canonical	1	538.0	434	1	1	0	0	1	0	0	1	0	83.3			ERVFRD-1	31.8	3.0
ESAM	canonical	1	390.0	219	1	1	0	1	1	0	0	1	0	95.9	72.8		GPA33	34.4	3.0
EVI2B	canonical	1	448.0	181	1	1	0	1	1	0	0	0	0	91.5	57.6				
F11R	canonical	1	299.0	210	1	1	0	1	1	0	0	1	0	92.6	69.2		JAM2	38.1	2.0
F2R	canonical	7	425.0	131	1	1	0	1	1	0	0	0	0	98.1	79.1		P2RY8	37.0	
F2RL1	canonical	7	397.0	101	1	1	0	1	1	0	0	0	0	95.7	83.6		F2RL2	35.6	
F2RL2	canonical	7	374.0	127	1	1	0	1	1	0	0	0	0	98.4	69.5		P2RY8	40.0	
F2RL3	canonical	7	385.0	121	1	1	0	1	0	0	0	0	0		76.6		GPR17	31.6	
F3	canonical	1	295.0	219	1	1	0	1	1	0	1	1	0	86.4	52.9		IFNAR2	29.5	1.0
FAM171A1	canonical	1	890.0	282	1	1	0	1	1	0	0	1	1	98.7	92.1		FAM171A2	46.1	3.0
FAP	canonical	1	760.0	734	0	0	1	1	1	1	1	1	1	92.9	89.6	2.0	DPP4	52.9	2.0
FAS	canonical	1	335.0	148	1	1	0	0	0	0	1	0	0				TNFRSF10A	37.2	
FAT1	canonical	1	4588.0	4159	1	1	0	1	1	0	0	1	1	96.1	88.2		FAT3	53.8	8.0
FAT2	canonical	1	4349.0	4030	1	1	0	1	1	0	0	1	1	97.3	82.0		FAT1	46.1	7.0
FAT3	canonical	1	4557.0	4122	1	1	0	1	1	0	1	1	1	99.0	91.9		FAT1	53.8	7.0
FAT4	canonical	1	4981.0	4464	1	1	0	1	1	0	0	1	0	98.7	91.4		CELSR2	33.3	7.0
FBLN7	canonical	0	439.0	415	1	1	1	1	1	0	0	0	0	95.9	85.0		CD93	32.3	
FCAMR	canonical	1	532.0	432	1	1	0	0	1	0	1	1	0	85.1			CD300A	39.3	1.0
FCAR	canonical	1	287.0	206	1	1	0	0	0	0	1	1	0				LILRA1	46.6	1.0
FCER1A	canonical	1	257.0	178	1	1	0	0	1	0	0	1	0	91.8			FCRL5	46.1	1.0
FCER2	canonical	1	321.0	277	0	0	1	1	1	1	0	0	0	89.7	55.8	2.0	CLEC17A	37.8	
FCGR1A	canonical	1	374.0	277	1	1	0	1	1	0	0	1	0	89.6	65.8		FCGR2B	47.2	1.0
FCGR2A	canonical	1	317.0	185	1	1	0	0	0	0	0	1	1				FCGR2B	93.8	2.0
FCGR2B	canonical	1	310.0	178	1	1	0	0	0	0	0	1	1				FCGR2C	100.0	1.0
FCGR2C	canonical	1	323.0	182	1	1	0	0	0	0	1	1	1				FCGR2B	100.0	1.0
FCGR3A	canonical	1	254.0	189	1	1	0	0	0	0	0	1	1				FCGR3B	96.2	1.0
FCGR3B	canonical	1	233.0	186	1	1	0	0	0	0	0	1	1				FCGR3A	96.2	1.0
FCMR	canonical	1	390.0	235	1	1	0	1	1	0	1	0	0	72.8	59.0		CD300H	34.9	
FCRL1	canonical	1	429.0	292	1	1	0	0	1	0	1	1	1	91.8			FCRL2	64.0	2.0
FCRL2	canonical	1	508.0	385	1	1	0	0	0	0	1	1	1				FCRL1	64.0	2.0
FCRL3	canonical	1	734.0	561	1	1	0	0	1	0	1	1	1	74.8			FCRL1	62.0	3.0
FCRL4	canonical	1	515.0	370	1	1	0	0	1	0	0	1	0	88.9			FCRL5	49.2	1.0
FCRL5	canonical	1	977.0	832	1	1	0	0	1	0	1	1	0	88.8			FCRL1	56.5	8.0
FCRL6	canonical	1	434.0	291	1	1	0	0	1	0	0	1	0	91.2			FCRL5	43.6	2.0
FFAR1	canonical	7	300.0	61	0	1	0	1	1	0	0	0	0	95.0	83.0		GPR42	39.3	
FFAR2	canonical	7	330.0	57	0	1	0	1	1	0	0	0	0	96.7	84.5		GPR42	38.9	
FFAR3	canonical	7	346.0	65	0	1	0	0	0	1	0	0	1			2.0	GPR42	98.5	
FFAR4	canonical	7	361.0	98	0	1	0	1	1	0	0	0	0	97.8	86.4		HCRTR1	27.8	
FGFR1	canonical	1	822.0	353	1	1	0	1	1	0	1	0	1	93.4	98.4		FGFR2	62.6	
FGFR2	canonical	1	821.0	356	1	1	0	1	1	0	1	1	1	96.7	97.6		FGFR1	62.6	1.0
FGFR3	canonical	1	806.0	354	1	1	0	1	1	0	0	1	1	95.2	88.7		FGFR2	59.9	1.0
FGFR4	canonical	1	802.0	348	1	1	0	1	0	0	0	1	1		90.1		FGFR3	58.6	1.0
FGL2	canonical	0	439.0	416	1	1	1	1	1	0	0	0	0	99.1	77.2		TNXB	45.9	
FIBCD1	canonical	1	461.0	410	0	0	1	1	1	0	1	0	0	88.9	90.2		MFAP4	54.5	
FLRT1	canonical	1	674.0	503	1	1	0	1	1	0	0	1	1	99.0	96.1		FLRT3	61.1	1.0
FLRT2	canonical	1	660.0	506	1	1	0	1	1	0	0	1	1	99.5	97.3		FLRT1	47.9	3.0
FLRT3	canonical	1	649.0	501	1	1	0	1	1	0	0	1	1	99.8	96.3		FLRT1	61.1	1.0
FLT1	canonical	1	1338.0	732	1	1	0	1	1	0	1	1	0	94.2	81.7		LMTK2	60.0	5.0
FLT3	canonical	1	993.0	514	1	1	0	1	1	0	0	1	0	96.6	86.1		ROS1	35.2	3.0
FLT3LG	canonical	1	235.0	159	1	1	0	1	0	1	1	1	0		67.7	2.0			1.0
FLT4	canonical	1	1363.0	752	1	1	0	1	1	0	1	1	0	96.6	87.5		KDR	37.4	4.0
FLVCR1	canonical	12	555.0	70	0	0	0	1	1	0	1	0	1	97.7	79.1		FLVCR2	52.5	
FLVCR2	canonical	12	526.0	65	0	0	0	1	1	0	1	0	1	96.4	86.7		FLVCR1	52.5	
FN1	canonical	0	2477.0	2451	1	1	1	1	1	0	0	0	0	98.8	92.0		FGL1	44.5	
FOLH1	canonical	1	750.0	707	0	0	1	1	1	1	1	1	1	97.6	85.2	2.0	NAALAD2	70.3	1.0
FOLR1	canonical	0	257.0	235	1	1	1	0	1	0	0	1	1	97.3			FOLR2	76.5	1.0
FPR1	canonical	7	350.0	104	0	1	0	1	1	1	0	0	1	89.1	76.0	2.0	FPR2	52.9	
FPR2	canonical	7	351.0	107	0	1	0	0	1	1	0	0	1	95.7		2.0	FPR3	68.2	
FSHR	canonical	7	695.0	406	1	1	0	1	1	0	0	0	1	96.8	87.5		LHCGR	49.0	
FSTL1	canonical	0	308.0	288	1	1	1	1	1	0	0	0	0	99.7	91.9		SPINK5	37.5	
FXYD1	canonical	1	92.0	17	1	1	0	1	0	0	0	0	1		82.6		FXYD6	64.7	
FXYD2	canonical	1	66.0	27	0	1	0	1	0	0	0	0	1		71.2		FXYD1	52.9	
FXYD3	canonical	1	87.0	16	1	1	0	1	1	0	1	0	1	90.8	73.6		FXYD4	62.5	
FXYD4	canonical	1	89.0	21	1	1	0	1	1	0	0	0	1	80.9	67.4		FXYD3	62.5	
FXYD5	canonical	1	178.0	124	1	1	0	0	1	0	0	0	0	91.0			FXYD6	55.0	
FXYD6	canonical	1	95.0	20	1	1	0	1	1	0	0	0	1	83.2	92.6		FXYD1	64.7	
FXYD7	canonical	1	80.0	26	0	1	0	1	0	0	0	0	1		86.2		FXYD5	53.8	
FZD1	canonical	8	647.0	348	0	0	0	1	1	0	0	0	1	81.6	93.8		FZD7	74.8	
FZD10	canonical	7	581.0	289	1	1	0	1	0	0	0	0	1		92.9		FZD9	63.7	
FZD2	canonical	7	565.0	305	1	1	0	1	1	0	0	0	1	100.0	99.3		FZD7	75.7	
FZD3	canonical	7	666.0	268	1	1	0	1	1	0	0	0	1	99.4	98.2		FZD6	52.8	
FZD4	canonical	7	537.0	245	1	1	0	1	1	0	0	0	0	97.6	97.0		FZD10	43.9	
FZD5	canonical	7	585.0	282	1	1	0	1	0	0	0	1	1		96.6		FZD8	68.8	1.0
FZD6	canonical	7	706.0	265	1	1	0	1	1	0	0	0	1	98.4	83.6		FZD3	52.8	
FZD7	canonical	7	574.0	309	1	1	0	1	0	0	0	0	1		96.5		FZD2	75.7	
FZD8	canonical	7	694.0	368	1	1	0	1	0	0	0	1	1		95.7		FZD5	68.8	1.0
FZD9	canonical	7	591.0	291	1	1	0	1	0	0	0	0	1		95.8		FZD10	63.7	
GABBR1	canonical	7	961.0	624	1	1	0	1	1	1	1	1	0	99.8	98.6	2.0	GABBR2	35.3	2.0
GABBR2	canonical	7	941.0	490	1	1	0	1	1	0	0	0	0	99.5	98.0		GABBR1	35.3	
GABRA1	canonical	4	456.0	248	1	1	1	1	1	1	0	1	1	99.8	98.5	5.0	GABRA2	80.7	1.0
GABRA2	canonical	4	451.0	244	1	1	1	1	1	1	0	1	1	99.8	97.8	5.0	GABRA1	80.7	2.0
GABRA3	canonical	4	492.0	272	1	1	1	1	1	1	0	1	1	99.6	96.1	5.0	GABRA2	79.5	1.0
GABRA4	canonical	4	554.0	245	1	1	1	1	1	1	0	1	1	98.6	90.4	5.0	GABRA6	82.0	2.0
GABRA5	canonical	4	462.0	251	1	1	1	1	1	1	0	1	1	94.2	95.5	5.0	GABRA3	79.3	1.0
GABRA6	canonical	4	453.0	245	1	1	1	1	1	1	0	1	1	98.2	91.4	5.0	GABRA4	82.0	1.0
GABRB1	canonical	4	474.0	229	1	1	1	1	1	1	1	1	1	99.6	98.1	5.0	GABRB2	90.0	2.0
GABRB2	canonical	4	512.0	231	1	1	1	1	1	1	1	1	1	100.0	92.4	5.0	GABRB3	90.5	2.0
GABRB3	canonical	4	473.0	232	1	1	1	1	1	1	0	1	1	81.6	97.3	5.0	GABRB2	90.5	2.0
GABRD	canonical	4	452.0	238	1	1	1	1	0	1	0	1	1		92.0	5.0	GABRP	48.3	1.0
GABRG1	canonical	4	465.0	249	1	1	1	1	1	1	0	0	1	92.5	95.3	5.0	GABRG2	80.2	
GABRG2	canonical	4	475.0	247	1	1	1	1	1	1	0	0	1	99.8	98.9	5.0	GABRG1	80.2	
GABRG3	canonical	4	467.0	250	1	1	1	1	1	1	1	0	1	99.4	95.9	6.0	GABRG2	74.1	
GABRP	canonical	4	440.0	233	1	1	1	1	1	1	0	1	1	99.1	92.7	5.0	GABRB3	48.5	2.0
GABRR1	canonical	4	479.0	273	1	1	1	1	0	1	0	1	1		93.7	5.0	GABRR2	79.1	1.0
GALR1	canonical	7	349.0	92	0	1	0	1	1	0	0	0	0	93.7	91.7		CCKBR	34.1	
GALR2	canonical	7	387.0	80	0	1	0	1	1	0	0	0	0	95.3	81.4		CXCR3	30.8	
GALR3	canonical	7	368.0	71	0	1	0	1	0	0	0	0	0		90.5		CCKBR	39.4	
GAS1	canonical	0	345.0	306	1	1	1	1	0	0	0	1	0		84.1				3.0
GCGR	canonical	7	477.0	159	1	1	0	1	0	0	0	0	0		81.8		ADGRG4	46.0	
GDPD2	canonical	6	539.0	318	0	0	0	1	1	0	1	1	1	98.1	84.8		GDPD5	48.4	1.0
GDPD4	canonical	6	623.0	330	0	0	0	1	1	0	0	0	1	91.0	64.8		GDPD5	45.9	
GFRA1	canonical	0	465.0	442	1	1	1	1	1	0	0	1	1	98.5	93.3		GFRA2	50.2	3.0
GFRA2	canonical	0	464.0	443	1	1	1	1	1	0	0	1	1	99.8	93.8		GFRA1	50.2	2.0
GFRA3	canonical	0	400.0	369	1	1	1	1	1	0	0	1	0	79.2	76.0		GFRA1	38.8	3.0
GFRA4	canonical	0	299.0	279	1	1	1	1	1	0	0	1	0	93.3	65.8		GFRA1	36.6	1.0
GFRAL	canonical	1	394.0	337	1	1	0	1	0	0	0	1	0		70.1		GFRA3	27.0	2.0
GGT1	canonical	1	569.0	544	0	0	1	0	0	0	1	1	1				GGTLC1	96.0	1.0
GGT5	canonical	1	586.0	557	0	0	1	1	1	0	0	0	1	93.5	78.2		GGT1	41.5	
GGT7	canonical	1	662.0	535	0	0	1	1	1	0	1	1	0	98.2	96.2		GGTLC1	35.1	2.0
GHR	canonical	1	638.0	248	1	1	0	1	1	0	0	1	0	94.8	69.6		LEPR	36.3	1.0
GHRHR	canonical	7	423.0	145	1	1	0	1	1	0	0	1	0	95.3	81.6		ADGRG4	50.4	1.0
GHSR	canonical	7	366.0	107	0	1	0	1	1	0	1	0	0	98.4	95.4		MLNR	39.2	
GIPR	canonical	7	466.0	158	1	1	0	1	1	0	0	0	1	97.0	78.8		ADGRG4	44.9	
GJA1	canonical	4	382.0	60	0	0	0	1	1	1	0	0	1	99.5	97.4	7.0	GJA3	71.9	
GJA10	canonical	4	543.0	55	0	0	0	1	1	1	0	0	1	86.7	73.5	7.0	GJA8	72.7	
GJA3	canonical	4	435.0	57	0	0	0	1	0	1	0	0	1		71.7	7.0	GJA8	84.2	
GJA4	canonical	4	333.0	60	0	0	0	1	1	0	0	0	1	98.8	88.9		GJA8	73.7	
GJA5	canonical	4	358.0	59	0	0	0	1	1	0	0	0	1	97.2	82.7		GJA4	66.1	
GJA8	canonical	4	433.0	57	0	0	0	1	1	1	0	0	1	95.6	88.7	7.0	GJA3	84.2	
GJA9	canonical	4	515.0	58	0	0	0	0	1	1	0	0	1	96.9		10.0	GJA3	71.9	
GJB1	canonical	4	283.0	61	0	0	0	1	1	1	0	0	1	100.0	98.6	7.0	GJB2	73.3	
GJB2	canonical	4	226.0	60	0	0	0	1	1	0	0	0	1	98.2	92.9		GJA8	73.7	
GJB4	canonical	4	266.0	65	0	0	0	1	1	1	0	0	1	96.2	86.5	6.0	GJB3	69.4	
GJB6	canonical	4	261.0	63	0	0	0	1	1	1	0	0	1	97.3	95.4	6.0	GJB2	71.7	
GJB7	canonical	4	223.0	63	0	0	0	0	0	1	0	0	1			6.0	GJB2	68.3	
GJC2	canonical	4	439.0	55	0	0	0	1	0	1	0	0	1		85.0	6.0	GJC1	76.4	
GJD3	canonical	4	294.0	59	0	0	0	1	0	1	0	0	1		81.3	6.0	GJB2	64.9	
GLDN	canonical	0	551.0	494	1	1	1	1	1	0	0	1	0	96.7	86.4		OLFM2	28.3	1.0
GLIPR1L1	canonical	0	242.0	219	1	1	1	0	1	0	0	0	1	86.4			GLIPR1	43.5	
GLP1R	canonical	7	463.0	163	1	1	0	1	1	0	0	0	0	95.2	92.0		ADGRG4	51.4	
GLP2R	canonical	7	553.0	229	0	1	0	1	1	0	0	0	0	96.7	75.0		ADGRG4	44.4	
GLRA1	canonical	4	457.0	249	1	1	1	1	1	1	0	1	1	99.8	98.9	5.0	GLRA3	89.6	1.0
GLRA3	canonical	4	464.0	251	1	1	1	1	1	1	0	1	1	100.0	98.9	5.0	GLRA1	89.6	1.0
GLRB	canonical	4	497.0	259	1	1	1	1	1	1	1	1	1	99.8	96.8	5.0	GLRA3	62.8	2.0
GNRHR	canonical	7	328.0	90	0	1	0	1	1	0	1	0	0	97.6	89.3		GALR3	33.3	
GP1BA	canonical	1	652.0	516	1	1	0	1	0	0	0	1	0		61.5		LRRC19	35.0	1.0
GP1BB	canonical	1	206.0	124	1	1	0	1	0	0	0	1	1		87.4		GP9	42.7	1.0
GP2	canonical	0	537.0	509	1	1	1	1	1	0	0	1	1	93.1	61.4		UMOD	53.0	4.0
GP6	canonical	1	339.0	249	1	1	0	1	1	0	0	1	1	78.5	62.2		LILRB1	45.4	2.0
GP9	canonical	1	177.0	132	1	1	0	1	0	0	0	0	1		71.2		GP1BB	42.7	
GPA33	canonical	1	319.0	215	1	1	0	1	1	1	0	1	0	87.8	63.6	2.0	CLMP	34.9	3.0
GPBAR1	canonical	7	330.0	64	0	1	0	1	0	0	0	0	0		83.3				
GPC1	canonical	0	558.0	535	1	1	1	1	1	0	0	1	1	97.0	88.5		GPC6	47.6	2.0
GPC2	canonical	0	579.0	553	1	1	1	1	1	0	0	1	1	97.1	82.2		GPC6	44.2	1.0
GPC3	canonical	0	580.0	556	1	1	1	1	1	0	0	1	1	99.1	94.0		GPC5	43.2	2.0
GPC4	canonical	0	556.0	534	1	1	1	1	1	0	0	1	1	99.1	94.8		GPC6	65.6	3.0
GPC5	canonical	0	572.0	548	1	1	1	1	1	0	0	1	1	96.7	85.7		GPC3	43.2	4.0
GPC6	canonical	0	555.0	532	1	1	1	1	1	0	0	1	1	99.1	96.8		GPC4	65.6	2.0
GPIHBP1	canonical	0	184.0	164	1	1	1	0	0	0	0	1	0				PSCA	35.0	2.0
GPM6A	canonical	4	278.0	91	0	0	0	1	1	1	0	0	0	79.1	98.9	2.0	GPM6B	38.9	
GPM6B	canonical	4	265.0	95	0	0	0	1	1	1	0	0	1	95.7	98.2	2.0	PLP1	48.4	
GPNMB	canonical	1	572.0	478	1	1	0	1	1	0	0	1	0	96.1	71.6		PMEL	33.5	1.0
GPR101	canonical	7	508.0	77	0	1	0	1	1	0	0	0	0	95.9	71.1		ADRA1D	28.9	
GPR119	canonical	7	335.0	54	0	1	0	1	1	0	0	0	0	96.1	82.1		S1PR1	24.5	
GPR12	canonical	7	334.0	85	0	1	0	1	1	0	0	0	0	65.9	93.7		GPR6	38.8	
GPR132	canonical	7	380.0	91	0	1	0	0	0	0	1	0	0				GPR174	33.9	
GPR135	canonical	7	494.0	165	0	1	0	1	0	0	0	0	0		76.9		GPR62	33.8	
GPR139	canonical	7	353.0	77	0	1	0	1	1	0	0	0	0	100.0	94.1		GPR142	38.7	
GPR142	canonical	7	462.0	205	0	1	0	1	1	0	0	0	0	88.0	67.9		GPR139	38.7	
GPR146	canonical	7	333.0	83	0	1	0	1	1	1	0	0	0	96.4	74.2	2.0	P2RY11	25.6	
GPR151	canonical	7	419.0	99	0	1	0	1	1	0	0	0	0	96.9	77.3		P2RY11	27.9	
GPR153	canonical	7	609.0	68	0	1	0	1	1	0	0	0	1	87.0	87.8		GPR162	52.4	
GPR156	canonical	7	814.0	110	0	1	0	1	1	0	0	0	0	93.5	70.0		GABBR1	28.6	
GPR158	canonical	7	1215.0	439	1	1	0	1	1	0	0	0	0	96.8	86.2		GPR179	44.0	
GPR17	canonical	7	367.0	118	0	1	0	1	1	0	0	0	0	97.3	90.3		F2RL3	31.6	
GPR171	canonical	7	319.0	77	0	1	0	1	1	0	0	1	0	99.4	89.7		P2RY12	39.0	1.0
GPR173	canonical	7	373.0	79	0	1	0	1	1	0	0	0	1	100.0	99.5		GPR85	52.6	
GPR174	canonical	7	333.0	68	0	1	0	1	1	0	0	0	0	98.5	88.3		GPR132	33.9	
GPR176	canonical	7	515.0	96	0	1	0	1	1	0	0	0	0	98.6	90.3		GPR135	29.8	
GPR179	canonical	7	2367.0	401	1	1	0	1	1	0	0	1	0	92.7	65.1		GPR158	44.0	1.0
GPR18	canonical	7	331.0	68	0	1	0	1	1	0	0	0	0	97.9	85.8		F2R	29.4	
GPR183	canonical	7	361.0	90	0	1	0	1	1	0	0	0	0	99.4	87.0		GPR174	25.8	
GPR19	canonical	7	415.0	118	0	1	0	1	1	0	0	0	0	96.9	89.2		OR11A1	32.9	
GPR20	canonical	7	358.0	84	0	1	0	1	1	0	0	0	0	90.5	82.7		LPAR6	29.8	
GPR21	canonical	7	349.0	74	0	1	0	1	0	0	0	0	1		91.1		GPR52	58.0	
GPR26	canonical	7	337.0	51	0	1	0	1	1	0	0	0	0	98.5	95.3		GPR78	35.3	
GPR27	canonical	7	375.0	75	0	1	0	1	1	0	0	0	0	99.7	97.1		GPR173	35.6	
GPR3	canonical	7	330.0	78	0	1	0	1	1	0	0	0	0	99.4	93.6		GPR6	37.2	
GPR31	canonical	7	319.0	66	0	1	0	1	0	0	0	1	0		61.1		P2RY1	31.8	1.0
GPR32	canonical	7	356.0	110	0	1	0	0	1	0	0	0	0	88.5			C3AR1	27.4	
GPR34	canonical	7	381.0	110	0	1	0	1	1	0	0	0	0	98.7	89.8		PTAFR	35.3	
GPR35	canonical	7	309.0	62	0	1	0	1	0	0	0	0	0		72.5		GPR55	29.0	
GPR37L1	canonical	7	481.0	175	1	1	0	1	1	0	0	0	0	98.8	90.9		GPR37	40.0	
GPR39	canonical	7	453.0	117	0	1	0	1	1	0	0	0	0	61.4	81.7		NTSR2	30.2	
GPR4	canonical	7	362.0	73	0	1	0	1	0	0	0	0	0		92.3		LPAR4	36.4	
GPR50	canonical	7	617.0	84	0	1	0	1	1	0	0	0	0	95.6	70.5		MTNR1A	34.9	
GPR52	canonical	7	361.0	85	0	1	0	1	0	0	0	0	1		95.6		GPR21	58.0	
GPR55	canonical	7	319.0	74	0	1	0	1	1	1	0	0	0	96.9	77.1	2.0	GPR35	29.0	
GPR6	canonical	7	362.0	112	0	1	0	1	1	0	0	0	0	98.3	93.9		GPR12	38.8	
GPR61	canonical	7	451.0	102	0	1	0	1	0	0	0	0	0		96.0		GPR135	31.0	
GPR63	canonical	7	419.0	142	0	1	0	1	1	0	0	0	0	98.8	92.4		GPR45	39.8	
GPR65	canonical	7	337.0	73	0	1	0	1	1	0	0	0	0	96.1	78.6		GPR4	33.3	
GPR68	canonical	7	365.0	74	0	1	0	1	1	0	0	0	0	87.1	92.1		LPAR5	35.1	
GPR75	canonical	7	540.0	89	0	1	0	1	1	0	0	0	0	99.1	88.0		OR9G1	35.7	
GPR83	canonical	7	423.0	113	1	1	0	1	0	0	0	0	0		89.4		TACR3	28.3	
GPR84	canonical	7	396.0	66	0	1	0	0	1	0	0	0	0	95.2			TAAR2	32.3	
GPR85	canonical	7	370.0	80	0	1	0	1	1	0	0	0	1	99.7	100.0		GPR173	52.6	
GPR88	canonical	7	384.0	79	0	1	0	1	0	0	0	0	0		95.6		OR11H12	30.0	
GPRC5A	canonical	7	357.0	73	0	1	0	1	1	0	0	0	0	88.5	75.4		GPRC5C	37.5	
GPRC5B	canonical	7	403.0	77	1	1	0	1	1	0	0	0	0	99.5	84.1		GPRC5C	37.8	
GPRC5C	canonical	7	441.0	90	1	1	0	1	1	0	0	0	0	95.2	88.0		GPRC5B	37.8	
GPRC5D	canonical	7	345.0	70	0	1	0	1	1	0	0	1	0	83.2	81.2		GPRC5A	36.9	1.0
GPRC6A	canonical	7	926.0	617	1	1	0	1	1	1	0	1	0	96.2	80.1	2.0	CASR	33.1	1.0
GRIA1	canonical	3	906.0	687	1	1	0	1	1	1	0	1	1	97.6	97.9	2.0	GRIA2	70.3	4.0
GRIA2	canonical	3	883.0	688	1	1	0	1	1	1	0	1	1	99.9	99.8	2.0	GRIA4	71.5	4.0
GRIA3	canonical	3	894.0	693	1	1	0	1	1	1	0	1	1	98.9	98.9	2.0	GRIA4	73.4	4.0
GRIA4	canonical	3	902.0	692	1	1	0	1	1	1	1	1	1	95.2	98.6	2.0	GRIA3	73.4	2.0
GRID1	canonical	3	1009.0	713	1	1	0	1	1	0	0	1	1	99.7	98.4		GRID2	60.6	3.0
GRID2	canonical	3	1007.0	715	1	1	0	1	1	1	0	1	1	99.7	97.6	2.0	GRID1	60.6	4.0
GRIK1	canonical	3	918.0	703	1	1	0	1	1	1	0	1	1	99.9	96.0	2.0	GRIK2	81.0	2.0
GRIK2	canonical	3	908.0	691	1	1	0	1	1	1	1	1	1	100.0	99.0	2.0	GRIK1	81.0	4.0
GRIK3	canonical	3	919.0	692	1	1	0	1	1	1	0	1	1	99.8	99.0	2.0	GRIK2	80.7	4.0
GRIK4	canonical	3	956.0	685	1	1	0	1	1	1	0	1	1	86.4	97.9	2.0	GRIK5	73.7	3.0
GRIK5	canonical	3	980.0	689	1	1	0	1	1	1	0	1	1	94.8	98.9	2.0	GRIK4	73.7	1.0
GRIN1	canonical	3	938.0	701	1	1	0	1	1	0	0	1	0	85.5	99.0		GRIN3A	31.0	2.0
GRIN2A	canonical	3	1464.0	698	1	1	0	1	1	0	0	1	1	85.1	95.3		GRIN2B	68.8	4.0
GRIN2B	canonical	3	1484.0	699	1	1	0	1	1	0	0	1	1	99.9	98.5		GRIN2A	68.8	4.0
GRIN2C	canonical	3	1233.0	704	1	1	0	1	1	0	0	1	1	76.2	88.9		GRIN2D	62.4	3.0
GRM1	canonical	7	1194.0	597	1	1	0	1	0	0	0	1	1		94.4		GRM5	71.6	2.0
GRM2	canonical	7	872.0	592	1	1	0	1	1	1	0	1	1	99.3	97.5	2.0	GRM3	67.6	2.0
GRM3	canonical	7	879.0	592	1	1	0	1	1	1	1	1	1	99.5	96.7	2.0	GRM2	67.6	1.0
GRM4	canonical	7	912.0	606	1	1	0	1	1	1	0	1	1	99.8	97.1	2.0	GRM8	74.9	2.0
GRM5	canonical	7	1212.0	593	1	1	0	1	1	0	0	1	1	99.2	95.4		GRM1	71.6	1.0
GRM6	canonical	7	877.0	607	1	1	0	1	1	1	0	1	1	87.0	93.3	2.0	GRM8	70.4	1.0
GRM7	canonical	7	915.0	607	1	1	0	1	1	1	0	1	1	98.0	97.8	2.0	GRM8	73.9	1.0
GRM8	canonical	7	908.0	601	1	1	0	1	1	1	1	1	1	98.0	98.5	2.0	GRM4	74.9	2.0
GRPR	canonical	7	384.0	100	0	1	0	1	1	0	0	0	1	99.0	90.1		BRS3	40.6	
GSG1L	canonical	4	331.0	126	0	0	0	1	1	0	1	0	1	87.9	88.8		GSG1L2	52.2	
GUCY2C	canonical	1	1073.0	413	1	1	0	1	1	0	0	1	0	97.6	81.9		ADCY6	100.0	2.0
GUCY2D	canonical	1	1103.0	412	1	1	0	1	1	0	0	0	0	87.4	85.4		ADCY1	69.2	
GUCY2F	canonical	1	1108.0	417	1	1	0	1	1	0	0	0	0	97.4	89.9		ADCY8	77.8	
GYPA	canonical	1	150.0	74	1	1	0	0	0	0	0	0	1				GYPB	80.5	
GYPB	canonical	1	91.0	41	1	1	0	0	0	0	0	0	1				GYPA	80.5	
HAPLN1	canonical	0	354.0	339	1	1	1	1	1	0	0	0	1	97.7	96.3		HAPLN3	52.2	
HAS3	canonical	8	553.0	30	0	0	0	1	1	0	1	0	1	99.5	97.1		HAS2	57.7	
HAVCR1	canonical	1	364.0	275	1	1	0	0	1	0	0	0	0	77.7			TIMD4	39.3	
HAVCR2	canonical	1	301.0	181	1	1	0	1	1	0	1	1	0	85.7	60.8		TIMD4	39.2	1.0
HBEGF	canonical	1	208.0	138	1	1	0	1	1	0	0	0	0	87.0	80.8		EPGN	38.9	
HCAR1	canonical	7	346.0	69	0	1	0	1	1	0	0	0	0	95.7	79.8		HCAR3	39.1	
HCAR2	canonical	7	363.0	81	0	1	0	0	0	0	0	0	1				HCAR3	88.9	
HCAR3	canonical	7	387.0	85	0	1	0	0	0	1	0	1	1			2.0	HCAR2	88.9	1.0
HCN1	canonical	6	890.0	90	0	0	0	1	1	1	0	0	1	97.9	95.2	4.0	HCN4	83.9	
HCN2	canonical	6	889.0	90	0	0	0	1	0	1	0	0	1		91.8	4.0	HCN4	82.8	
HCN3	canonical	6	774.0	89	0	0	0	1	1	0	0	0	1	97.8	95.1		HCN4	85.1	
HCN4	canonical	6	1203.0	87	0	0	0	1	1	0	0	0	1	96.3	95.1		HCN3	85.1	
HCRTR1	canonical	7	425.0	96	0	1	0	1	1	0	0	0	1	97.6	91.8		HCRTR2	57.1	
HCRTR2	canonical	7	444.0	98	0	1	0	1	0	0	0	1	1		94.4		HCRTR1	57.1	1.0
HCST	canonical	1	93.0	30	1	1	0	1	1	0	0	0	0	96.8	66.7				
HEG1	canonical	1	1381.0	1219	1	1	0	1	1	0	1	1	0	86.6	61.2				2.0
HEPACAM	canonical	1	416.0	207	1	1	0	1	1	0	0	1	0	90.4	94.7		HEPACAM2	34.3	2.0
HEPACAM2	canonical	1	462.0	319	1	1	0	1	1	1	0	1	0	79.0	85.5	2.0	CEACAM3	35.6	3.0
HEPH	canonical	1	1158.0	1087	1	1	0	1	1	0	0	1	1	97.1	85.8		HEPHL1	52.7	2.0
HFE	canonical	1	348.0	286	1	1	0	1	1	0	1	1	1	94.3	68.4		HLA-A	40.6	2.0
HHIP	canonical	0	700.0	677	1	1	1	1	1	0	0	0	0	96.4	94.3		HHIPL1	32.8	
HHLA2	canonical	1	414.0	323	1	1	0	0	1	0	0	1	0	82.4			VTCN1	32.0	1.0
HJV	canonical	0	426.0	391	1	1	1	1	1	0	0	1	1	98.4	87.1		RGMA	51.9	3.0
HLA-A	canonical	1	365.0	283	1	1	0	0	0	0	0	0	1				HLA-B	87.3	
HLA-B	canonical	1	362.0	286	1	1	0	0	0	1	0	0	1			2.0	HLA-C	88.3	
HLA-C	canonical	1	366.0	283	1	1	0	0	0	1	1	0	1			2.0	HLA-B	88.3	
HLA-DPA1	canonical	1	260.0	192	1	1	0	0	0	0	0	1	1				HLA-DRA	63.5	2.0
HLA-DPB1	canonical	1	258.0	196	1	1	0	0	0	1	0	1	1			2.0	HLA-DRB1	69.9	1.0
HLA-DQA1	canonical	1	254.0	194	1	1	0	0	1	0	0	0	1	72.5			HLA-DQA2	85.6	
HLA-DQA2	canonical	1	255.0	195	1	1	0	0	0	0	0	1	1				HLA-DQA1	85.6	1.0
HLA-DQB1	canonical	1	261.0	198	1	1	0	0	0	1	0	1	1			2.0	HLA-DQB2	81.7	1.0
HLA-DQB2	canonical	1	268.0	197	1	1	0	1	0	1	1	1	1		72.3	2.0	HLA-DQB1	81.7	2.0
HLA-DRA	canonical	1	254.0	192	1	1	0	1	1	0	0	1	1	95.3	68.1		HLA-DPA1	63.5	1.0
HLA-DRB1	canonical	1	266.0	198	1	1	0	0	0	1	0	0	1			2.0	HLA-DRB5	88.9	
HLA-DRB3	canonical	1	266.0	198	1	1	0	0	0	1	0	1	0			2.0			1.0
HLA-DRB4	canonical	1	266.0	198	1	1	0	0	0	1	0	1	0			2.0			2.0
HLA-DRB5	canonical	1	266.0	198	1	1	0	0	1	1	0	1	1	80.1		2.0	HLA-DRB1	88.9	2.0
HLA-G	canonical	1	338.0	283	1	1	0	0	0	0	1	1	1				HLA-A	83.7	2.0
HPN	canonical	1	417.0	378	0	0	1	1	1	0	0	0	0	99.0	87.8		TMPRSS15	40.5	
HPSE2	canonical	0	592.0	551	1	1	1	1	1	0	0	0	1	99.8	97.5		HPSE	47.4	
HRH1	canonical	7	487.0	76	0	1	0	1	1	0	0	0	0	95.5	77.6		CHRM1	31.5	
HRH2	canonical	7	359.0	71	0	1	0	1	1	0	0	0	0	98.3	82.7		DRD5	31.4	
HRH3	canonical	7	445.0	87	0	1	0	1	1	0	0	0	0	86.7	94.2		DRD5	32.9	
HRH4	canonical	7	390.0	64	0	1	0	1	1	0	1	0	0	93.6	68.5		CHRM3	33.9	
HSPG2	canonical	0	4391.0	4366	1	1	1	1	1	0	0	0	0	94.6	86.1		TMEFF2	50.4	
HTR1A	canonical	7	422.0	86	0	1	0	1	0	0	0	0	0		88.2		CHRM2	34.3	
HTR1B	canonical	7	390.0	92	0	1	0	1	1	0	0	0	0	98.2	92.1		HTR1F	33.8	
HTR1D	canonical	7	377.0	84	0	1	0	0	1	0	0	0	0	97.3			TAAR5	35.0	
HTR1E	canonical	7	365.0	66	0	1	0	0	1	0	0	0	0	98.6			HTR1F	33.8	
HTR1F	canonical	7	366.0	71	0	1	0	1	0	0	0	0	0		94.3		HTR1E	33.8	
HTR2A	canonical	7	471.0	124	0	1	0	1	1	0	1	0	0	98.9	91.5		HTR2C	46.5	
HTR2B	canonical	7	481.0	111	0	1	0	1	1	0	0	0	0	97.9	83.2		HTR2C	35.1	
HTR2C	canonical	7	458.0	75	1	1	0	1	1	0	1	0	0	98.3	90.6		HTR2A	46.5	
HTR3A	canonical	4	478.0	235	1	1	1	1	1	1	0	1	1	97.5	85.1	5.0	HTR3B	48.3	3.0
HTR3C	canonical	4	447.0	235	1	1	1	0	1	1	0	1	1	83.4		5.0	HTR3E	74.2	1.0
HTR3D	canonical	4	454.0	238	1	1	1	0	0	0	0	1	1				HTR3C	49.1	1.0
HTR3E	canonical	4	456.0	233	1	1	1	0	1	1	0	1	1	78.9		5.0	HTR3C	74.2	1.0
HTR4	canonical	7	388.0	80	0	1	0	1	1	0	0	0	0	88.4	87.9		TAAR2	33.3	
HTR5A	canonical	7	357.0	88	0	1	0	1	1	0	0	0	0	97.8	88.0		HTR2A	37.2	
HTR6	canonical	7	440.0	75	0	1	0	1	1	0	0	0	0	87.0	88.0		HTR2A	33.8	
HTR7	canonical	7	479.0	132	0	1	0	1	1	0	0	0	0	90.4	87.1		HTR5A	36.0	
HTRA1	canonical	0	480.0	458	1	1	1	1	1	1	0	0	1	90.6	92.3	3.0	HTRA3	60.1	
HVCN1	canonical	4	273.0	24	0	0	0	1	1	1	0	0	0	93.8	77.3	2.0	TPTE	22.2	
HYAL2	canonical	0	473.0	453	1	1	1	1	1	0	0	1	1	97.9	82.0		HYAL3	46.3	2.0
ICAM1	canonical	1	532.0	456	1	1	0	1	1	0	0	1	1	77.6	53.0		ICAM3	52.2	2.0
ICAM2	canonical	1	275.0	199	1	1	0	1	1	0	0	1	0	83.3	59.6		ICAM5	38.7	2.0
ICAM3	canonical	1	547.0	459	1	1	0	0	0	0	0	1	1				ICAM5	54.7	3.0
ICAM4	canonical	1	271.0	222	1	1	0	1	1	0	1	1	0	89.3	66.1		ICAM5	38.3	2.0
ICAM5	canonical	1	924.0	805	1	1	0	1	1	0	0	1	0	85.2	84.8		ICAM3	54.7	7.0
ICOS	canonical	1	199.0	120	1	1	0	1	1	0	0	1	0	79.4	68.3				1.0
ICOSLG	canonical	1	302.0	240	1	1	0	0	1	0	0	1	0	91.4			CD276	33.8	3.0
IFITM1	canonical	1	125.0	19	0	0	1	0	1	0	0	0	0	86.4			IFITM2	28.6	
IFITM5	canonical	3	132.0	28	0	0	1	1	1	0	0	0	0	97.7	79.5		IFITM10	37.5	
IFNAR1	canonical	1	557.0	414	1	1	0	0	1	0	1	1	0	90.7			IL10RB	36.1	2.0
IFNAR2	canonical	1	515.0	217	1	1	0	0	0	0	1	1	0				F3	30.4	3.0
IFNGR1	canonical	1	489.0	229	1	1	0	1	1	0	1	1	0	91.2	50.3		IFNAR1	27.9	1.0
IFNGR2	canonical	1	337.0	227	1	1	0	1	1	0	0	1	0	93.8	58.8		IL20RB	31.9	2.0
IFNLR1	canonical	1	520.0	207	1	1	0	1	1	0	1	1	0	85.8	60.6		IL22RA2	30.4	1.0
IGDCC4	canonical	1	1250.0	931	1	1	0	1	1	0	0	1	1	97.0	88.2		IGDCC3	44.1	2.0
IGF1R	canonical	1	1367.0	905	1	1	0	1	1	0	0	1	1	97.7	96.1		INSR	54.6	5.0
IGFLR1	canonical	1	355.0	141	1	1	0	1	0	0	0	0	0		56.9				
IGLL1	canonical	0	213.0	169	1	1	1	0	0	0	0	0	1				IGLL5	74.6	
IGLON5	canonical	0	336.0	306	1	1	1	1	0	1	0	0	1		97.9	2.0	OPCML	53.3	
IGSF1	canonical	3	1336.0	1180	1	1	0	1	1	0	1	1	0	94.8	86.2		VSTM1	40.3	5.0
IGSF11	canonical	1	431.0	227	1	1	0	1	1	1	0	1	0	96.8	88.6	2.0	CXADR	35.8	1.0
IGSF21	canonical	0	467.0	443	1	1	1	1	1	0	0	0	0	90.6	94.2		HMCN2	45.1	
IGSF3	canonical	1	1194.0	1105	1	1	0	1	1	0	0	1	0	98.5	92.5		VSTM4	43.2	7.0
IGSF5	canonical	1	407.0	266	0	1	0	0	1	1	0	1	0	77.1		2.0	NEGR1	26.7	2.0
IGSF8	canonical	1	613.0	552	1	1	0	1	1	0	0	1	0	81.7	87.9		IGSF3	38.4	1.0
IGSF9	canonical	1	1179.0	719	1	1	0	1	1	0	0	1	1	60.2	87.8		IGSF9B	51.0	6.0
IGSF9B	canonical	1	1349.0	706	1	1	0	1	1	0	0	1	1	91.0	96.0		IGSF9	51.0	6.0
IL10RA	canonical	1	578.0	214	1	1	0	1	1	0	0	1	0	92.2	56.1		IL22RA1	29.9	2.0
IL10RB	canonical	1	325.0	202	1	1	0	1	1	0	0	1	0	92.6	68.9		IFNAR1	36.1	2.0
IL11RA	canonical	1	422.0	346	1	1	0	0	1	0	0	1	0	96.4			EBI3	34.9	2.0
IL12RB1	canonical	1	662.0	523	1	1	0	0	1	0	1	1	0	94.1			EBI3	34.0	3.0
IL12RB2	canonical	1	862.0	596	1	1	0	1	1	0	0	1	0	93.3	66.9		IL2RG	33.3	4.0
IL13RA1	canonical	1	427.0	327	1	1	0	1	1	0	1	1	0	96.0	74.7		LIFR	34.3	3.0
IL13RA2	canonical	1	380.0	322	1	1	0	1	1	0	0	1	0	91.3	58.2		LEPR	33.2	2.0
IL15	canonical	0	162.0	114	1	1	1	1	1	0	0	0	0	96.3	72.8				
IL15RA	canonical	1	267.0	182	1	1	0	1	1	0	0	1	0	91.4	52.4				1.0
IL17RA	canonical	1	866.0	288	1	1	0	1	0	0	0	1	0		68.1		IL17RC	29.5	1.0
IL17RB	canonical	1	502.0	278	1	1	0	1	1	0	1	1	0	95.8	74.5		IL17RC	28.4	3.0
IL17RC	canonical	1	791.0	518	1	1	0	1	1	0	0	1	0	96.1	63.5		IL17RA	29.5	4.0
IL17RD	canonical	1	739.0	273	1	1	0	1	1	0	0	1	0	95.9	87.0		IL17RC	26.4	2.0
IL17RE	canonical	1	667.0	431	1	1	0	1	1	0	1	0	0	93.7	68.2		IL17RC	27.1	
IL18R1	canonical	1	541.0	310	1	1	0	1	1	0	0	1	0	95.4	63.2		SIGIRR	34.7	1.0
IL18RAP	canonical	1	599.0	340	1	1	0	1	1	0	1	0	0	93.8	65.1		SIGIRR	30.5	
IL1R1	canonical	1	569.0	317	1	1	0	1	1	0	0	1	0	95.1	68.7		SIGIRR	34.7	2.0
IL1R2	canonical	1	398.0	328	1	1	0	1	1	0	1	1	0	95.2	61.1		SIGIRR	34.7	2.0
IL1RAP	canonical	1	570.0	336	1	1	0	1	1	0	1	1	0	85.3	89.1		IL1RAPL2	34.2	1.0
IL1RAPL1	canonical	1	696.0	339	1	1	0	1	1	0	0	1	1	99.7	98.6		IL1RAPL2	63.9	2.0
IL1RAPL2	canonical	1	686.0	338	1	1	0	1	1	0	0	1	1	98.5	94.5		IL1RAPL1	63.9	2.0
IL1RL1	canonical	1	556.0	314	1	1	0	1	1	0	1	1	0	92.8	66.9		SIGIRR	34.7	2.0
IL1RL2	canonical	1	575.0	316	1	1	0	1	1	0	0	1	0	92.0	65.2		IL1R1	34.2	2.0
IL20RA	canonical	1	553.0	222	1	1	0	1	1	0	0	1	0	96.0	63.8		IL22RA2	33.8	2.0
IL20RB	canonical	1	311.0	204	1	1	0	1	1	0	1	1	0	98.7	76.5		IFNGR2	31.9	2.0
IL21R	canonical	1	538.0	218	1	1	0	1	1	0	0	1	0	71.4	62.3		CSF2RB	32.6	1.0
IL22RA1	canonical	1	574.0	211	1	1	0	1	1	0	0	1	0	95.3	72.8		IL22RA2	34.1	1.0
IL23R	canonical	1	629.0	332	1	1	0	1	1	0	1	1	0	94.9	68.7		PRLR	31.1	3.0
IL27RA	canonical	1	636.0	484	1	1	0	1	1	0	0	1	0	84.9	61.6		CRLF2	33.0	1.0
IL2RA	canonical	1	272.0	219	1	1	0	1	1	1	0	1	0	91.9	60.3	2.0			1.0
IL2RB	canonical	1	551.0	219	1	1	0	1	1	0	0	1	0	90.9	57.0		MPL	32.0	2.0
IL2RG	canonical	1	369.0	240	1	1	0	1	1	0	0	1	0	97.6	70.5		LEPR	34.6	2.0
IL31RA	canonical	1	732.0	500	1	1	0	1	1	0	1	1	0	72.4	56.5		EBI3	34.4	3.0
IL3RA	canonical	1	378.0	288	1	1	0	0	0	0	0	1	0				CSF2RA	33.7	1.0
IL4R	canonical	1	825.0	209	1	1	0	1	1	0	1	1	0	90.2	52.2		CSF2RB	33.0	2.0
IL5RA	canonical	1	420.0	321	1	1	0	1	1	0	1	1	0	93.8	67.9		IL3RA	31.6	1.0
IL6R	canonical	1	468.0	347	1	1	0	1	1	0	1	1	0	92.7	53.8		LEPR	31.7	3.0
IL6ST	canonical	1	918.0	595	1	1	0	1	0	0	1	1	0		77.1		GHR	31.9	2.0
IL7R	canonical	1	459.0	220	1	1	0	1	1	0	1	1	0	95.6	64.5		CSF2RB	28.2	1.0
IL9R	canonical	1	521.0	232	1	1	0	1	1	0	0	1	0	86.8	52.0		MPL	29.3	1.0
ILDR1	canonical	1	546.0	147	1	1	0	1	1	0	1	1	0	95.4	78.9		ILDR2	42.2	1.0
ILDR2	canonical	1	639.0	167	1	1	0	1	1	1	0	0	1	98.7	87.8	2.0	LSR	48.5	
IMPG2	canonical	1	1241.0	1070	1	1	0	1	1	0	0	1	0	97.0	71.2		IMPG1	37.8	3.0
INSR	canonical	1	1382.0	930	1	1	0	1	1	0	0	1	1	99.2	94.5		IGF1R	54.6	6.0
INSRR	canonical	1	1297.0	898	1	1	0	1	1	0	0	1	1	98.7	89.1		IGF1R	52.6	5.0
ISLR	canonical	0	428.0	410	1	1	1	1	1	0	0	0	0	97.7	86.4		ISLR2	54.6	
ISLR2	canonical	1	745.0	570	1	1	0	1	1	0	0	1	0	97.4	89.4		ISLR	54.6	2.0
ITGA1	canonical	1	1179.0	1115	1	1	0	1	1	0	0	1	1	90.6	87.6		ITGA2	41.9	5.0
ITGA10	canonical	1	1167.0	1102	1	1	0	1	1	0	1	1	1	97.9	87.8		ITGA11	44.5	2.0
ITGA11	canonical	1	1188.0	1119	1	1	0	1	1	0	0	1	1	97.0	90.2		ITGA10	44.5	4.0
ITGA2	canonical	1	1181.0	1104	1	1	0	1	1	0	0	1	1	98.0	82.3		ITGA1	41.9	3.0
ITGA2B	canonical	1	1039.0	965	1	1	0	1	1	0	1	1	1	97.6	80.0		ITGA8	41.3	5.0
ITGA3	canonical	1	1051.0	959	1	1	0	1	1	0	0	1	0	96.1	86.9		ITGA7	41.3	4.0
ITGA4	canonical	1	1032.0	944	1	1	0	1	1	0	1	1	1	96.8	84.9		ITGA9	43.3	4.0
ITGA5	canonical	1	1049.0	958	1	1	0	1	1	0	0	1	1	94.9	90.8		ITGAV	47.2	2.0
ITGA6	canonical	1	1130.0	1032	1	1	0	1	1	0	0	1	1	96.0	91.2		ITGA7	50.7	3.0
ITGA7	canonical	1	1181.0	1050	1	1	0	1	1	0	0	1	1	98.4	87.8		ITGA6	50.7	2.0
ITGA9	canonical	1	1035.0	951	1	1	0	1	1	0	0	1	1	85.7	89.6		ITGA4	43.3	3.0
ITGAD	canonical	1	1161.0	1085	1	1	0	1	0	0	0	1	1		72.0		ITGAX	66.5	4.0
ITGAE	canonical	1	1179.0	1108	1	1	0	1	1	0	0	1	0	92.5	69.5		ITGAM	31.1	4.0
ITGAL	canonical	1	1170.0	1064	1	1	0	1	1	0	0	1	0	87.2	69.8		ITGAX	36.2	3.0
ITGAM	canonical	1	1152.0	1091	1	1	0	1	1	0	0	1	1	89.5	73.5		ITGAX	61.0	5.0
ITGAV	canonical	1	1048.0	965	1	1	0	1	1	0	0	1	1	99.1	92.3		ITGA8	48.1	4.0
ITGAX	canonical	1	1163.0	1088	1	1	0	1	1	0	0	1	1	89.7	70.6		ITGAD	66.5	3.0
ITGB1	canonical	1	798.0	708	1	1	0	1	1	0	0	1	1	98.2	92.5		ITGB2	47.1	3.0
ITGB2	canonical	1	769.0	680	1	1	0	1	1	0	0	1	1	91.5	80.6		ITGB7	49.3	2.0
ITGB3	canonical	1	788.0	692	1	1	0	1	0	0	0	1	1		90.6		ITGB5	56.4	1.0
ITGB4	canonical	1	1822.0	695	1	1	0	1	1	0	0	1	0	94.5	88.1		ITGB1	38.6	3.0
ITGB5	canonical	1	799.0	698	1	1	0	1	1	0	0	1	1	98.6	91.7		ITGB3	56.4	3.0
ITGB6	canonical	1	788.0	688	1	1	0	1	1	0	0	1	1	97.0	90.5		ITGB3	50.4	4.0
ITGB7	canonical	1	798.0	708	1	1	0	1	1	0	0	1	1	86.0	86.1		ITGB2	49.3	2.0
ITGB8	canonical	1	769.0	642	1	1	0	1	1	0	0	1	0	99.0	87.3		ITGB6	41.9	6.0
ITM2B	canonical	1	266.0	191	0	0	1	1	1	0	0	1	1	98.5	95.5		ITM2C	53.7	1.0
ITPRIPL1	canonical	0	555.0	0	0	0	0	1	0	0	1	0	0		86.5				
IZUMO1R	canonical	0	250.0	231	1	1	1	1	1	0	0	1	1	95.6	66.4		FOLR3	59.2	1.0
IZUMO2	canonical	1	221.0	168	1	1	0	1	1	1	1	0	0	90.5	51.6	2.0			
JAG1	canonical	1	1218.0	1037	1	1	0	1	1	0	0	1	1	96.6	96.6		JAG2	58.9	6.0
JAG2	canonical	1	1238.0	1056	1	1	0	1	0	0	0	1	1		90.5		JAG1	58.9	7.0
JAM2	canonical	1	298.0	211	1	1	0	1	1	1	0	0	0	97.3	76.5	2.0	F11R	38.1	
JAM3	canonical	1	310.0	212	1	1	0	1	1	0	0	1	0	94.8	86.5		JAM2	36.5	1.0
JAML	canonical	1	394.0	256	1	1	0	0	1	0	1	0	0	93.1			MPZL2	33.3	
KCNA1	canonical	6	495.0	101	0	0	0	1	1	1	0	0	1	99.6	98.4	4.0	KCNA3	67.7	
KCNA10	canonical	6	511.0	102	0	0	0	1	1	1	0	0	1	98.0	93.7	4.0	KCNA4	62.7	
KCNA2	canonical	6	499.0	92	0	0	0	1	1	1	1	0	1	60.5	99.4	4.0	KCNA1	61.2	
KCNA3	canonical	6	575.0	106	0	0	0	1	1	1	0	0	1	81.7	88.7	4.0	KCNA6	68.9	
KCNA4	canonical	6	653.0	113	0	0	0	1	0	1	0	0	1		97.4	4.0	KCNA3	65.1	
KCNA5	canonical	6	613.0	107	0	0	0	1	0	1	0	0	1		86.3	4.0	KCNA4	58.3	
KCNA6	canonical	6	529.0	145	0	0	0	1	0	1	0	0	1		92.8	4.0	KCNA3	68.9	
KCNA7	canonical	6	456.0	96	0	0	0	1	0	1	0	0	1		94.1	4.0	KCNA4	60.9	
KCNB1	canonical	6	858.0	77	0	0	0	1	1	1	0	0	1	97.3	93.7	4.0	KCNB2	90.4	
KCNB2	canonical	6	911.0	78	0	0	0	0	1	1	0	0	1	98.6		4.0	KCNB1	90.4	
KCNC1	canonical	6	511.0	106	0	0	0	1	1	1	0	0	1	99.7	99.8	4.0	KCNC2	81.2	
KCNC2	canonical	6	638.0	88	0	0	0	1	1	1	0	0	1	100.0	97.5	4.0	KCNC1	81.2	
KCNC3	canonical	6	757.0	93	0	0	0	1	0	1	0	0	1		92.2	4.0	KCNC4	73.3	
KCNC4	canonical	6	635.0	90	0	0	0	1	1	1	0	0	1	95.5	95.0	4.0	KCNC2	75.0	
KCND1	canonical	6	647.0	71	0	0	0	1	0	1	1	0	1		95.1	4.0	KCND2	70.3	
KCND2	canonical	6	630.0	70	0	0	0	1	1	1	0	0	1	99.5	99.0	4.0	KCND3	90.0	
KCND3	canonical	6	655.0	73	0	0	0	1	1	1	0	0	1	100.0	99.4	4.0	KCND2	90.0	
KCNE1	canonical	1	129.0	43	0	1	0	1	0	0	0	0	0		76.0		KCNE2	25.6	
KCNE2	canonical	1	123.0	48	0	1	0	1	1	0	0	0	0	94.3	84.6		KCNE1	25.6	
KCNE3	canonical	1	103.0	57	0	1	0	1	1	0	0	0	0	99.0	93.2		KCNE5	31.6	
KCNE4	canonical	1	221.0	86	0	1	0	1	1	0	0	0	0	98.2	90.0				
KCNE5	canonical	1	142.0	59	0	1	0	1	0	0	0	0	0		81.0		KCNE3	31.6	
KCNF1	canonical	6	494.0	75	0	0	0	1	1	0	0	0	1	100.0	96.4		KCNB2	56.3	
KCNG1	canonical	6	513.0	78	0	0	0	1	0	1	1	0	1		93.0	4.0	KCNG4	60.5	
KCNG4	canonical	6	519.0	80	0	0	0	1	1	1	1	0	1	96.7	79.6	4.0	KCNG2	65.3	
KCNH1	canonical	6	989.0	122	0	0	0	1	1	0	0	0	1	99.4	94.3		KCNH2	47.4	
KCNH2	canonical	6	1159.0	93	0	0	0	1	1	0	0	0	1	68.3	96.3		KCNH7	70.8	
KCNH3	canonical	6	1083.0	121	0	0	0	1	1	0	0	0	1	99.5	95.9		KCNH8	60.2	
KCNH4	canonical	8	1017.0	59	0	0	0	1	1	0	0	0	1	98.1	90.0		KCNH8	63.0	
KCNH6	canonical	6	958.0	99	0	0	0	1	1	0	0	0	1	97.9	89.9		KCNH7	78.6	
KCNH7	canonical	6	1196.0	98	0	0	0	1	1	0	0	0	1	99.2	94.4		KCNH6	78.6	
KCNJ1	canonical	2	391.0	51	0	0	0	1	1	1	0	0	1	98.4	92.7	4.0	KCNJ10	62.7	
KCNJ10	canonical	2	379.0	51	0	0	0	1	1	1	0	0	1	100.0	99.2	4.0	KCNJ15	70.6	
KCNJ11	canonical	2	390.0	49	0	0	0	1	1	1	0	0	1	98.5	95.9	4.0	KCNJ8	73.5	
KCNJ12	canonical	2	433.0	52	0	0	0	1	0	1	0	0	1		96.1	4.0	KCNJ18	96.2	
KCNJ13	canonical	2	360.0	57	0	0	0	1	1	1	1	0	1	98.3	93.1	4.0	KCNJ10	58.8	
KCNJ14	canonical	2	436.0	50	0	0	0	1	1	1	0	0	1	92.4	93.8	4.0	KCNJ4	68.0	
KCNJ15	canonical	2	375.0	51	0	0	0	1	1	1	0	0	1	99.2	96.3	4.0	KCNJ10	70.6	
KCNJ16	canonical	2	418.0	50	0	0	0	1	1	1	0	0	1	98.8	92.3	4.0	KCNJ12	70.0	
KCNJ2	canonical	2	427.0	49	0	0	0	1	1	1	0	0	1	96.7	98.6	4.0	KCNJ12	69.4	
KCNJ3	canonical	2	501.0	52	0	0	0	1	0	1	0	0	1		99.0	4.0	KCNJ5	67.3	
KCNJ4	canonical	2	445.0	68	0	0	0	1	0	1	0	0	1		98.2	4.0	KCNJ12	73.1	
KCNJ5	canonical	2	419.0	52	0	0	0	1	1	1	0	0	1	97.1	94.3	4.0	KCNJ6	80.8	
KCNJ6	canonical	2	423.0	52	0	0	0	1	1	1	0	0	1	100.0	99.3	4.0	KCNJ5	80.8	
KCNJ8	canonical	2	424.0	58	0	0	0	1	1	1	0	0	1	99.8	98.3	4.0	KCNJ11	73.5	
KCNJ9	canonical	2	393.0	52	0	0	0	1	0	1	0	0	1		98.7	4.0	KCNJ6	80.8	
KCNK10	canonical	4	538.0	134	0	0	0	1	1	1	0	0	1	99.6	93.4	2.0	KCNK2	64.7	
KCNK13	canonical	4	408.0	124	0	0	0	1	1	1	0	0	1	99.0	84.6	2.0	KCNK12	71.0	
KCNK15	canonical	4	330.0	121	0	0	0	1	0	1	0	0	1		74.2	2.0	KCNK9	66.1	
KCNK17	canonical	4	332.0	130	0	0	0	0	1	1	1	0	1	92.8		2.0	KCNK16	48.1	
KCNK18	canonical	4	384.0	117	0	0	0	1	1	1	0	1	0	97.1	66.4	2.0	KCNK1	39.3	2.0
KCNK2	canonical	4	426.0	133	0	0	0	1	1	1	1	0	1	100.0	96.2	2.0	KCNK10	64.7	
KCNK3	canonical	4	394.0	121	0	0	0	1	1	1	0	0	1	91.9	91.4	2.0	KCNK15	65.3	
KCNK4	canonical	4	393.0	135	0	0	0	1	1	1	0	0	1	95.2	83.5	2.0	KCNK10	57.1	
KCNK5	canonical	4	499.0	127	0	0	0	1	1	1	0	1	1	99.0	89.4	2.0	KCNK16	43.3	2.0
KCNK9	canonical	4	374.0	121	0	0	0	1	1	1	0	0	1	99.5	71.9	2.0	KCNK15	66.1	
KCNMA1	canonical	7	1236.0	151	0	1	0	1	1	0	1	0	0	99.0	84.1		KCNU1	53.4	
KCNMB1	canonical	2	191.0	121	0	0	0	1	1	0	1	0	0	95.3	82.7		KCNMB2	39.7	
KCNMB2	canonical	2	235.0	129	0	0	0	1	1	0	0	0	0	100.0	95.3		KCNMB1	39.7	
KCNMB3	canonical	2	279.0	129	0	0	0	1	1	0	1	0	0	87.3	56.7		KCNMB2	37.2	
KCNN1	canonical	6	543.0	73	0	0	0	1	1	0	0	0	1	92.4	83.4		KCNN3	84.9	
KCNN2	canonical	6	579.0	76	0	0	0	1	1	1	1	0	1	98.7	71.7	4.0	KCNN3	84.2	
KCNN3	canonical	6	731.0	81	0	0	0	1	1	0	1	0	1	99.6	95.9		KCNN1	84.9	
KCNN4	canonical	6	427.0	77	0	0	0	1	1	1	0	0	0	93.2	86.9	4.0	KCNN2	38.0	
KCNQ1	canonical	6	676.0	61	0	0	0	1	1	0	0	0	1	97.0	87.7		KCNQ2	60.7	
KCNQ2	canonical	6	872.0	59	0	0	0	1	1	0	0	0	1	76.3	95.1		KCNQ3	70.2	
KCNQ3	canonical	6	872.0	68	0	0	0	1	1	1	0	0	1	84.7	95.5	4.0	KCNQ2	70.2	
KCNQ4	canonical	6	695.0	56	0	0	0	1	1	1	0	0	1	98.3	96.8	2.0	KCNQ5	78.2	
KCNQ5	canonical	6	932.0	56	0	0	0	1	1	0	0	0	1	82.7	95.6		KCNQ4	78.2	
KCNS3	canonical	6	491.0	73	0	0	0	1	1	1	0	0	1	99.2	94.9	4.0	KCNS2	47.2	
KCNT1	canonical	6	1230.0	74	0	0	0	1	0	0	0	0	1		88.6		KCNT2	60.3	
KCNT2	canonical	6	1135.0	58	0	0	0	1	1	0	1	0	1	99.6	97.5		KCNT1	60.3	
KCNU1	canonical	7	1149.0	88	0	1	0	0	1	0	0	0	0	91.6			KCNMA1	53.4	
KCNV2	canonical	6	545.0	92	0	0	0	1	1	1	0	0	1	95.4	82.6	2.0	KCNA7	48.5	
KDR	canonical	1	1356.0	745	1	1	0	1	1	0	1	1	0	98.8	85.9		LMTK2	65.0	3.0
KEL	canonical	1	732.0	666	0	0	1	1	0	0	0	1	0		72.3		ECE2	33.0	2.0
KIAA0319	canonical	1	1072.0	935	1	1	0	1	1	1	1	1	1	93.6	76.4	2.0	KIAA0319L	53.0	4.0
KIDINS220	canonical	4	1771.0	16	0	0	0	1	1	0	1	0	0	99.3	93.1				
KIR2DL1	canonical	1	348.0	222	1	1	0	0	0	0	0	1	1				KIR2DL3	91.9	1.0
KIR2DL2	canonical	1	348.0	222	1	1	0	0	0	0	0	1	0						1.0
KIR2DL3	canonical	1	341.0	224	1	1	0	0	0	0	0	1	1				KIR2DL1	91.9	1.0
KIR2DL5A	canonical	1	375.0	219	1	1	0	0	0	0	0	1	0						1.0
KIR2DS1	canonical	1	304.0	224	1	1	0	0	0	0	0	1	0						1.0
KIR2DS2	canonical	1	304.0	224	1	1	0	0	0	0	0	1	0						2.0
KIR2DS4	canonical	1	304.0	224	1	1	0	0	0	0	0	1	1				KIR2DL3	89.7	2.0
KIR2DS5	canonical	1	304.0	224	1	1	0	0	0	0	0	1	0						2.0
KIR3DL1	canonical	1	444.0	319	1	1	0	0	0	0	0	1	1				KIR3DL2	86.2	2.0
KIR3DL2	canonical	1	455.0	319	1	1	0	0	0	0	0	1	1				KIR3DL1	86.2	1.0
KIR3DS1	canonical	1	382.0	319	1	1	0	0	0	0	0	1	0						1.0
KIRREL1	canonical	1	757.0	478	1	1	0	1	1	0	0	1	1	72.1	95.4		KIRREL3	57.3	3.0
KIRREL2	canonical	1	708.0	490	1	1	0	1	1	0	1	1	1	94.9	83.8		KIRREL1	45.6	3.0
KIRREL3	canonical	1	778.0	513	1	1	0	1	1	0	0	1	1	98.1	96.4		KIRREL1	57.3	3.0
KISS1R	canonical	7	398.0	97	0	1	0	1	0	0	0	0	0		82.2		OPRD1	33.3	
KIT	canonical	1	976.0	499	1	1	0	1	1	0	1	1	0	98.4	82.8		LMTK2	40.0	2.0
KITLG	canonical	1	273.0	190	1	1	0	1	1	0	0	1	0	87.9	82.8				1.0
KL	canonical	1	1012.0	948	1	1	0	1	1	0	1	1	1	96.4	85.9		KLB	48.0	5.0
KLB	canonical	1	1044.0	996	0	1	0	1	1	0	0	0	1	97.1	78.7		KL	48.0	
KLK2	canonical	0	261.0	244	1	1	1	0	0	0	0	0	1				KLK3	79.1	
KLRB1	canonical	1	225.0	165	0	0	1	0	1	0	0	1	0	87.1			CLEC2L	33.6	1.0
KLRC1	canonical	1	233.0	142	0	0	1	0	0	0	0	1	1				KLRC2	91.3	2.0
KLRD1	canonical	1	179.0	148	0	0	1	1	1	1	1	0	0	92.2	54.2	2.0	CLEC12B	35.1	
KLRF1	canonical	1	231.0	172	0	0	1	0	1	0	1	1	0	90.0			KLRG1	38.1	1.0
KLRF2	canonical	1	207.0	156	0	0	1	0	1	1	0	1	0	92.3		2.0	KLRF1	34.0	1.0
KLRG1	canonical	1	195.0	139	0	0	1	1	1	0	0	1	0	91.0	56.6		KLRF1	38.1	1.0
KLRK1	canonical	1	216.0	138	0	0	1	1	1	0	0	1	0	94.9	58.8		CLEC12B	41.3	1.0
KREMEN1	canonical	1	473.0	373	1	1	0	1	1	0	0	1	1	99.1	93.9		KREMEN2	49.3	2.0
KREMEN2	canonical	1	462.0	341	1	1	0	1	0	0	1	1	1		87.4		KREMEN1	49.3	2.0
L1CAM	canonical	1	1257.0	1102	1	1	0	1	1	0	0	1	0	97.8	88.5		HMCN2	40.7	6.0
LAG3	canonical	1	525.0	430	1	1	0	1	0	0	1	1	0		68.6		SIGIRR	42.4	3.0
LAIR1	canonical	1	287.0	142	1	1	0	0	0	0	0	1	0						1.0
LAMA3	canonical	0	3333.0	3302	1	1	1	1	1	0	0	0	1	96.1	77.8		TMEFF2	51.1	
LAT	canonical	1	262.0	6	0	1	0	1	1	0	0	0	0	96.1	69.1				
LAX1	canonical	1	398.0	37	0	1	0	1	1	0	1	0	0	94.2	51.3				
LAYN	canonical	1	382.0	211	1	1	0	1	1	0	0	1	1	96.5	83.7		CHODL	55.6	1.0
LCTL	canonical	1	567.0	520	1	1	0	1	1	0	0	0	1	97.4	83.6		LCT	49.2	
LDLR	canonical	1	860.0	765	1	1	0	1	1	0	0	1	1	88.0	78.1		VLDLR	51.6	3.0
LDLRAD3	canonical	1	345.0	156	1	1	0	1	1	0	0	1	0	99.7	95.9				1.0
LEPR	canonical	1	1165.0	820	1	1	0	1	1	0	1	1	0	95.7	75.5		PRLR	41.0	4.0
LGI1	canonical	0	557.0	523	1	1	1	1	1	0	0	0	1	100.0	96.8		LGI2	57.6	
LGI2	canonical	0	545.0	516	1	1	1	1	1	0	0	0	1	99.4	97.6		LGI1	57.6	
LGR4	canonical	7	951.0	572	1	1	0	1	1	0	0	0	1	96.6	93.0		LGR5	55.8	
LGR5	canonical	7	907.0	593	1	1	0	1	1	0	0	0	1	97.9	85.8		LGR6	61.6	
LGR6	canonical	7	967.0	599	1	1	0	1	1	0	0	1	1	90.8	90.2		LGR5	61.6	1.0
LHCGR	canonical	7	699.0	398	1	1	0	1	1	0	0	0	1	96.3	82.4		FSHR	49.0	
LHFPL5	canonical	4	219.0	82	0	0	0	1	1	0	0	0	1	98.6	98.2		LHFPL3	70.7	
LIFR	canonical	1	1097.0	791	1	1	0	1	1	0	0	1	0	97.1	75.2		PRLR	37.7	3.0
LILRA1	canonical	1	489.0	435	1	1	0	0	0	0	0	1	1				LILRA2	80.6	2.0
LILRA2	canonical	1	483.0	423	1	1	0	0	0	0	1	1	1				LILRA1	80.6	3.0
LILRA4	canonical	1	499.0	423	1	1	0	0	0	0	0	1	1				LILRB3	70.4	4.0
LILRA5	canonical	1	299.0	224	1	1	0	0	0	0	1	1	1				LILRA6	69.6	1.0
LILRA6	canonical	1	481.0	423	1	1	0	0	0	0	1	1	1				LILRB3	94.5	3.0
LILRB1	canonical	1	650.0	439	1	1	0	0	0	0	1	1	1				LILRB2	80.6	2.0
LILRB2	canonical	1	597.0	438	1	1	0	0	0	0	0	1	1				LILRB1	80.6	2.0
LILRB3	canonical	1	631.0	422	1	1	0	0	0	0	0	1	1				LILRA6	94.5	3.0
LILRB4	canonical	1	448.0	238	1	1	0	0	0	0	0	0	1				LILRB3	66.8	
LILRB5	canonical	1	590.0	433	1	1	0	0	1	0	0	1	1	87.1			LILRB3	69.2	2.0
LIM2	canonical	4	173.0	60	0	0	0	1	1	0	0	0	0	96.5	91.3		GSG1L	46.7	
LINGO1	canonical	1	620.0	518	1	1	0	1	1	0	0	1	1	99.5	98.4		LINGO2	62.4	3.0
LINGO2	canonical	1	606.0	513	1	1	0	1	0	0	0	1	1		97.7		LINGO1	62.4	3.0
LINGO3	canonical	1	592.0	502	1	1	0	1	0	0	0	1	1		88.5		LINGO4	47.0	3.0
LIPG	canonical	0	500.0	480	1	1	1	1	1	0	0	0	1	97.6	80.2		LPL	48.6	
LMBR1L	canonical	9	489.0	120	0	1	0	1	1	0	1	0	1	98.4	95.5		LMBR1	69.2	
LMBRD2	canonical	9	695.0	130	0	1	0	1	1	0	0	0	0	99.4	94.5				
LOXL2	canonical	0	774.0	749	1	1	1	1	1	0	0	0	1	87.7	86.4		LOXL3	57.1	
LOXL4	canonical	0	756.0	732	1	1	1	1	1	0	0	0	1	97.6	87.2		LOXL3	56.6	
LPAR1	canonical	7	364.0	99	0	1	0	1	0	0	0	0	1		97.3		LPAR2	53.8	
LPAR2	canonical	7	348.0	84	0	1	0	1	1	0	0	0	1	98.0	92.2		LPAR1	53.8	
LPAR3	canonical	7	353.0	84	0	1	0	1	1	0	0	0	1	96.9	91.5		LPAR1	51.9	
LPAR4	canonical	7	370.0	90	0	1	0	1	1	0	0	0	0	99.2	98.4		LPAR6	48.5	
LPAR5	canonical	7	372.0	90	0	1	0	1	1	0	0	0	0	56.2	80.9		GPR68	35.1	
LPAR6	canonical	7	344.0	73	0	1	0	1	0	1	0	0	0		93.0	2.0	LPAR4	48.5	
LPL	canonical	0	475.0	455	1	1	1	1	1	0	0	1	1	99.4	92.8		LIPG	48.6	3.0
LRFN1	canonical	1	771.0	505	1	1	0	1	1	0	0	1	1	62.1	95.3		LRFN5	61.2	4.0
LRFN2	canonical	1	789.0	514	1	1	0	1	1	0	0	1	1	97.6	94.9		LRFN4	59.9	2.0
LRFN3	canonical	1	628.0	523	1	1	0	1	0	0	0	1	1		96.0		LRFN1	61.0	1.0
LRFN4	canonical	1	635.0	501	1	1	0	1	1	0	0	1	1	54.3	96.9		LRFN2	59.9	3.0
LRIG1	canonical	1	1093.0	759	1	1	0	1	1	0	0	1	1	96.6	83.3		LRIG3	59.6	7.0
LRIG2	canonical	1	1065.0	767	1	1	0	1	1	0	0	1	1	97.6	89.5		LRIG3	66.9	4.0
LRIG3	canonical	1	1119.0	785	1	1	0	1	1	0	0	1	1	97.7	86.0		LRIG2	66.9	5.0
LRIT3	canonical	1	679.0	563	1	1	0	1	1	0	0	1	0	95.1	71.7		LRIT1	40.2	2.0
LRP1	canonical	1	4544.0	4404	1	1	0	1	1	0	1	1	1	99.3	98.0		LRP1B	61.6	2.0
LRP1B	canonical	1	4599.0	4423	1	1	0	1	1	0	0	1	1	98.5	91.7		LRP1	61.6	6.0
LRP2	canonical	1	4655.0	4399	1	1	0	1	1	0	0	1	0	98.0	76.8		LRP3	49.7	7.0
LRP4	canonical	1	1905.0	1705	1	1	0	1	1	0	0	1	0	99.2	96.9		LRP1	44.8	4.0
LRP5	canonical	1	1615.0	1355	1	1	0	1	0	0	0	1	1		94.1		LRP6	72.5	5.0
LRP6	canonical	1	1613.0	1354	1	1	0	1	1	0	0	1	1	99.0	98.0		LRP5	72.5	6.0
LRP8	canonical	1	963.0	793	1	1	0	1	1	0	0	1	1	83.4	90.0		LDLR	51.6	5.0
LRRC15	canonical	1	581.0	519	1	1	0	1	1	0	0	1	0	97.9	81.8		LRTM1	34.0	1.0
LRRC19	canonical	1	370.0	246	1	1	0	1	1	0	0	1	0	94.9	70.0		FLRT1	37.8	1.0
LRRC25	canonical	1	305.0	145	1	1	0	0	1	0	0	1	0	89.2					1.0
LRRC26	canonical	1	334.0	235	1	1	0	1	1	0	1	0	0	91.9	67.1		CHADL	46.4	
LRRC32	canonical	1	662.0	610	1	1	0	1	1	0	0	1	0	97.3	79.6		LRRC3C	43.6	2.0
LRRC4	canonical	1	653.0	489	1	1	0	1	1	0	0	0	1	90.2	97.7		LRRC4B	65.4	
LRRC4C	canonical	1	640.0	483	1	1	0	1	1	0	0	0	1	100.0	99.7		LRRC4B	70.4	
LRRC52	canonical	1	313.0	222	1	1	0	1	1	0	0	1	0	89.5	73.8		CHADL	42.8	2.0
LRRC55	canonical	1	298.0	224	1	1	0	1	1	1	0	0	0	97.0	94.6	2.0	SLIT1	46.9	
LRRC8A	canonical	4	810.0	105	0	0	0	1	0	0	0	0	1		99.0		LRRC8B	46.5	
LRRC8B	canonical	4	803.0	101	0	0	0	1	1	0	0	0	1	99.5	93.6		LRRC8A	46.5	
LRRC8C	canonical	4	803.0	111	0	0	0	1	1	0	0	0	1	99.8	97.4		LRRC8E	58.2	
LRRC8D	canonical	4	858.0	145	0	0	0	1	1	0	0	0	0	99.3	96.0		LRRC8E	44.9	
LRRC8E	canonical	4	796.0	98	0	0	0	1	1	0	0	0	1	98.0	90.3		LRRC8C	58.2	
LRRN1	canonical	1	716.0	606	1	1	0	1	1	0	0	1	1	99.0	95.5		LRRN3	58.1	2.0
LRRN4	canonical	1	740.0	664	1	1	0	1	1	0	0	1	0	72.2	64.2		LRRN4CL	40.6	1.0
LRRTM1	canonical	1	522.0	391	1	1	0	1	1	0	0	0	1	78.0	97.1		LRRTM4	50.6	
LRRTM2	canonical	1	516.0	389	1	1	0	1	1	0	0	1	0	100.0	98.1		LRIG2	36.2	2.0
LRRTM3	canonical	1	581.0	389	1	1	0	1	1	0	0	1	1	100.0	97.6		LRRTM4	63.2	2.0
LRRTM4	canonical	1	590.0	394	1	1	0	1	1	0	0	1	1	99.0	94.6		LRRTM3	63.2	2.0
LRTM2	canonical	1	370.0	275	1	1	0	1	1	0	0	1	0	97.8	92.2		SLIT3	45.8	1.0
LSAMP	canonical	0	338.0	307	1	1	1	1	1	1	0	1	1	95.0	98.5	2.0	NEGR1	56.7	4.0
LSMEM2	canonical	1	164.0	46	0	0	1	1	1	0	0	0	0	88.4	75.6				
LSR	canonical	2	649.0	180	0	0	0	1	1	0	1	0	1	94.5	77.9		ILDR2	48.5	
LST1	canonical	1	97.0	11	0	1	0	1	0	0	1	0	0		52.6				
LTB	canonical	1	244.0	201	0	0	1	1	1	1	1	0	0	97.1	75.4	3.0	TNFSF14	35.2	
LTB4R	canonical	7	352.0	80	0	1	0	0	0	1	0	0	0			2.0	UTS2R	35.3	
LTB4R2	canonical	7	358.0	78	0	1	0	1	0	0	0	0	0		92.5		UTS2R	40.8	
LTBR	canonical	1	435.0	198	1	1	0	1	1	0	0	1	0	93.1	65.1		TNFRSF1B	37.9	2.0
LVRN	canonical	1	990.0	954	0	0	1	1	1	0	1	0	0	93.9	67.5		ANPEP	37.9	
LY6D	canonical	0	128.0	108	1	1	1	1	0	0	0	0	0		59.4		LYNX1	41.7	
LY6E	canonical	0	131.0	111	1	1	1	1	0	0	0	1	0		61.1		PSCA	38.8	3.0
LY6G6C	canonical	0	125.0	107	1	1	1	1	1	0	0	1	0	98.4	84.8				1.0
LY6G6D	canonical	0	133.0	114	1	1	1	1	0	0	0	1	0		63.2		LY6G6F	29.8	1.0
LY6G6F	canonical	1	297.0	217	1	1	0	1	1	0	1	1	0	95.3	66.0		LY6G6D	29.8	2.0
LY6H	canonical	0	140.0	115	1	1	1	1	1	0	0	1	0	95.0	89.4		LY6S	37.0	2.0
LY6K	canonical	0	165.0	148	1	1	1	0	1	0	0	1	0	83.0			GML	28.4	2.0
LY6S	canonical	0	134.0	108	1	1	1	0	0	0	0	0	0				LY6H	37.0	
LY75	canonical	1	1722.0	1642	1	1	0	1	1	0	0	1	0	92.0	76.9		PLA2R1	37.7	6.0
LY9	canonical	1	655.0	409	1	1	0	1	0	1	0	1	0		54.8	2.0	CD84	39.7	4.0
LY96	canonical	0	160.0	142	1	1	1	1	1	0	0	0	0	93.1	62.5				
LYNX1	canonical	0	116.0	96	1	1	1	0	0	0	0	0	0				LY6D	41.7	
LYPD1	canonical	0	141.0	121	1	1	1	1	1	0	0	1	0	98.6	93.6		LYPD2	37.9	1.0
LYPD2	canonical	0	125.0	103	1	1	1	1	1	0	0	1	0	76.8	67.2		SLURP1	43.2	1.0
LYPD3	canonical	0	346.0	316	1	1	1	1	1	0	0	1	0	80.9	74.3		LYPD5	32.3	2.0
LYPD5	canonical	0	251.0	226	1	1	1	1	1	0	0	1	0	95.2	70.5		LYPD3	32.3	1.0
LYPD6	canonical	0	171.0	149	1	1	1	1	1	0	0	0	1	99.4	94.7		LYPD6B	41.7	
LYPD6B	canonical	0	183.0	144	1	1	1	1	1	0	0	1	1	96.6	72.5		LYPD6	41.7	2.0
LYPD8	canonical	0	237.0	218	1	1	1	0	1	0	0	1	0	86.5			PINLYP	28.1	1.0
LYSMD3	canonical	1	306.0	68	0	0	1	1	1	0	1	0	0	97.7	80.1		LYSMD4	25.0	
LYVE1	canonical	1	322.0	215	1	1	0	1	1	0	0	0	0	94.1	68.6		CD44	38.1	
LYZL6	canonical	0	148.0	129	1	1	1	1	1	0	0	0	1	68.9	70.9		SPACA5B	47.3	
MADCAM1	canonical	1	382.0	303	1	1	0	0	1	0	1	0	0	77.0					
MAG	canonical	1	626.0	495	1	1	0	1	1	0	0	1	0	97.6	94.4		SIGLECL1	37.4	3.0
MARCO	canonical	1	520.0	455	0	0	1	1	1	0	1	0	0	91.9	67.7		MSR1	34.2	
MARVELD2	canonical	4	558.0	67	0	0	0	1	1	0	0	0	0	97.8	87.5		OCLN	41.8	
MARVELD3	canonical	4	401.0	86	0	0	0	1	0	0	1	0	0		64.6				
MAS1	canonical	7	325.0	79	0	1	0	1	1	0	0	0	0	98.5	90.2		MRGPRE	26.5	
MAS1L	canonical	7	378.0	110	0	1	0	0	0	0	0	0	0				MRGPRF	31.2	
MC1R	canonical	7	317.0	76	0	1	0	1	1	0	0	0	0	92.7	75.7		MC4R	29.2	
MC2R	canonical	7	297.0	61	0	1	0	1	0	0	0	0	0		88.6		GPR6	34.0	
MC3R	canonical	7	323.0	76	0	1	0	1	1	0	0	0	0	94.1	88.9		MC5R	37.7	
MC4R	canonical	7	332.0	74	0	1	0	1	1	0	0	0	0	98.5	94.0		MC5R	39.7	
MC5R	canonical	7	325.0	73	0	1	0	1	0	0	0	0	1		80.3		MC4R	39.7	
MCAM	canonical	1	646.0	536	1	1	0	1	1	0	1	1	0	94.3	76.5		AGER	33.1	2.0
MCEMP1	canonical	1	187.0	81	0	0	1	0	1	0	0	0	0	82.2					
MCHR1	canonical	7	353.0	95	0	1	0	1	1	0	0	0	0	98.9	96.0		MCHR2	33.3	
MCHR2	canonical	7	340.0	87	0	1	0	0	1	0	0	0	0	97.6			MCHR1	33.3	
MDGA1	canonical	0	955.0	937	1	1	1	1	1	0	0	1	1	96.3	96.3		MDGA2	53.4	6.0
MDGA2	canonical	0	956.0	936	1	1	1	1	1	0	0	1	1	99.5	97.1		MDGA1	53.4	5.0
MEGF10	canonical	1	1140.0	832	1	1	0	1	1	0	1	1	1	98.7	94.6		MEGF11	68.5	7.0
MEGF11	canonical	1	1044.0	831	1	1	0	1	1	0	0	1	1	98.0	85.9		MEGF10	68.5	5.0
MEGF8	canonical	1	2845.0	2620	1	1	0	1	1	0	0	1	0	96.0	94.0		TMEFF2	46.4	7.0
MEGF9	canonical	1	602.0	485	1	1	0	1	1	0	0	1	0	88.7	79.1		HSPG2	46.0	3.0
MELTF	canonical	0	738.0	719	1	1	1	1	1	0	0	1	1	91.9	83.7		SRPRB	57.1	3.0
MEP1A	canonical	1	746.0	697	1	1	0	0	1	1	0	1	1	95.4		2.0	MEP1B	47.3	2.0
MEP1B	canonical	1	701.0	630	1	1	0	1	1	1	0	1	1	94.2	77.6	2.0	MEP1A	47.3	2.0
MERTK	canonical	1	999.0	478	1	1	0	1	1	0	0	1	0	96.0	81.1		ROS1	36.0	2.0
MET	canonical	1	1390.0	909	1	1	0	1	1	0	1	1	0	98.1	88.9		ROR1	32.9	2.0
MFGE8	canonical	0	387.0	364	1	1	1	1	1	0	0	0	1	96.1	61.5		EDIL3	54.7	
MFRP	canonical	1	579.0	489	0	0	1	1	1	0	0	1	0	95.9	69.8		CUBN	44.2	2.0
MFSD2A	canonical	12	543.0	176	0	1	1	1	1	0	1	0	0	97.0	85.1		MFSD12	22.5	
MFSD2B	canonical	12	504.0	83	0	0	0	1	1	0	0	0	0	95.6	81.9		MFSD12	18.5	
MFSD6	canonical	12	791.0	192	0	0	0	1	1	0	0	0	0	98.5	88.0		MFSD6L	27.1	
MGAM	canonical	1	2753.0	2719	0	0	1	1	1	0	0	0	1	65.0	79.9		SI	60.0	
MICA	canonical	1	383.0	284	1	1	0	0	0	0	0	1	1				MICB	86.3	2.0
MICB	canonical	1	383.0	289	1	1	0	0	0	0	1	1	1				MICA	86.3	2.0
MILR1	canonical	1	343.0	209	1	1	0	0	1	0	0	1	0	90.7			FCRL5	39.7	2.0
MIP	canonical	6	263.0	56	0	0	0	1	1	1	0	0	1	97.3	93.2	4.0	AQP4	53.8	
MLNR	canonical	7	412.0	139	0	1	0	0	0	0	1	0	0				GHSR	39.2	
MME	canonical	1	750.0	702	0	0	1	1	1	1	0	0	1	98.9	94.1	2.0	MMEL1	54.8	
MMP14	canonical	1	582.0	513	1	1	0	1	1	0	0	1	1	99.0	96.6		MMP15	61.4	2.0
MMP15	canonical	1	669.0	581	1	1	0	1	1	0	0	0	1	86.2	87.3		MMP14	61.4	
MMP16	canonical	1	607.0	528	1	1	0	1	1	0	1	1	1	100.0	98.0		MMP24	69.7	1.0
MMP17	canonical	0	603.0	565	1	1	1	1	1	0	0	1	1	82.8	81.9		MMP25	49.7	1.0
MMP24	canonical	1	645.0	550	1	1	0	1	1	0	0	0	1	96.6	91.2		MMP16	69.7	
MMP25	canonical	0	562.0	541	1	1	1	1	0	0	0	1	1		75.4		MMP17	49.7	3.0
MMRN2	canonical	0	949.0	927	1	1	1	1	0	0	0	0	0		66.2		EMILIN1	24.7	
MOG	canonical	3	247.0	127	1	1	0	1	1	0	1	0	1	96.4	84.6		BTN1A1	48.4	
MOSMO	canonical	4	167.0	64	0	0	0	1	1	1	1	0	0	99.4	100.0	2.0			
MPIG6B	canonical	1	241.0	125	1	1	0	1	1	0	1	1	0	76.8	71.4				2.0
MPL	canonical	1	635.0	472	1	1	0	1	1	0	0	1	0	96.5	81.1		IL4R	32.1	1.0
MPZ	canonical	1	248.0	126	1	1	0	1	1	0	0	0	1	98.8	94.0		MPZL1	43.7	
MPZL1	canonical	1	269.0	131	1	1	0	1	1	1	1	1	1	96.3	83.3	2.0	MPZ	43.7	1.0
MPZL2	canonical	1	215.0	126	1	1	0	1	1	0	0	1	0	99.1	81.4		MPZL1	39.7	1.0
MPZL3	canonical	1	235.0	127	1	1	0	1	0	0	1	0	1		87.7		MPZ	39.7	
MRAP2	canonical	1	205.0	44	0	1	0	1	1	0	0	0	0	98.5	87.8				
MRC1	canonical	1	1456.0	1371	1	1	0	1	1	0	1	1	0	98.0	82.0		CD302	45.3	4.0
MRC2	canonical	1	1479.0	1384	1	1	0	1	1	0	0	1	0	96.3	90.8		CD302	42.6	5.0
MRGPRD	canonical	7	321.0	71	0	1	0	1	1	0	0	0	0	88.5	59.5		MRGPRF	28.6	
MRGPRE	canonical	7	312.0	71	0	1	0	1	1	0	0	0	0	95.5	73.4		MRGPRF	31.1	
MRGPRF	canonical	7	343.0	84	0	1	0	1	1	0	0	0	0	97.7	86.0		MAS1L	32.5	
MRGPRX1	canonical	7	322.0	66	0	1	0	0	1	0	0	0	1	86.3			MRGPRX3	74.2	
MRGPRX2	canonical	7	330.0	76	0	1	0	0	1	0	0	0	1	91.2			MRGPRX1	51.5	
MRGPRX4	canonical	7	322.0	74	0	1	0	0	1	0	0	0	1	80.1			MRGPRX3	77.9	
MS4A1	canonical	4	297.0	53	0	0	0	1	1	1	1	0	0	97.3	73.1	2.0	MS4A4A	30.6	
MS4A12	canonical	4	267.0	31	0	0	0	1	1	1	0	0	0	82.0	51.3	2.0	MS4A6E	35.7	
MS4A2	canonical	4	244.0	52	0	0	0	1	1	0	0	0	0	88.1	58.2		MS4A4E	29.4	
MS4A3	canonical	4	214.0	42	0	0	0	1	0	1	1	0	0		56.5	2.0	MS4A7	31.7	
MS4A4A	canonical	4	239.0	46	0	0	0	0	1	0	0	0	0	75.7			MS4A4E	35.3	
MSLN	canonical	0	630.0	594	1	1	1	1	0	0	0	1	0		57.7		STRC	37.0	4.0
MSR1	canonical	1	451.0	380	0	0	1	1	1	0	0	1	0	95.1	71.4		SCARA5	37.4	2.0
MST1R	canonical	1	1400.0	935	1	1	0	1	1	0	1	1	0	95.9	74.3		FGFR3	36.2	2.0
MTNR1A	canonical	7	350.0	84	0	1	0	1	1	0	0	0	1	95.4	85.1		MTNR1B	53.6	
MTNR1B	canonical	7	362.0	97	0	1	0	1	1	0	0	0	1	95.6	79.0		MTNR1A	53.6	
MUC1	canonical	1	1255.0	1139	1	1	0	0	1	0	1	1	0	51.4					1.0
MUC12	canonical	1	5478.0	5361	1	1	0	0	0	0	0	0	0						
MUC13	canonical	1	512.0	398	1	1	0	0	1	0	0	1	0	75.8			MUC17	43.2	1.0
MUC15	canonical	1	334.0	214	1	1	0	1	1	0	1	0	0	88.9	55.4		F11R	24.3	
MUC16	canonical	1	14507.0	14455	0	1	0	0	0	0	0	0	0						
MUC17	canonical	1	4493.0	4364	1	1	0	0	1	0	1	1	0	66.9			MUC13	43.2	3.0
MUC20	canonical	0	709.0	687	1	1	1	0	1	0	0	0	0	56.0					
MUC21	canonical	1	566.0	459	1	1	0	0	1	0	0	0	0	58.8					
MUC3A	canonical	1	3323.0	3207	1	1	0	0	0	0	1	0	0				MUC13	41.7	
MUC3B	canonical	1	13477.0	13361	1	1	0	0	0	0	0	1	0						3.0
MUC4	canonical	1	5412.0	5339	1	1	0	0	0	0	1	1	0				SUSD2	34.5	5.0
MUSK	canonical	1	869.0	474	1	1	0	1	1	0	0	1	0	99.3	92.4		ROS1	32.7	1.0
MXRA8	canonical	1	442.0	317	1	1	0	1	0	0	0	1	0		78.5		VSIR	30.1	2.0
MYADM	canonical	8	322.0	73	0	0	0	1	1	0	0	0	0	98.1	83.9		MYADML2	31.3	
MYMK	canonical	7	221.0	31	0	1	0	1	1	1	0	0	0	99.1	88.7	2.0	TMEM8B	50.0	
MYMX	canonical	0	84.0	0	0	0	0	1	0	0	0	0	0		78.6				
NAALAD2	canonical	1	740.0	709	0	0	1	1	1	1	0	0	1	96.1	88.1	2.0	FOLH1	70.3	
NAALADL1	canonical	1	740.0	716	0	0	1	1	0	1	1	1	1		81.6	2.0	NAALAD2	40.5	2.0
NALCN	canonical	24	1738.0	394	0	0	0	1	1	0	1	1	0	99.7	98.7		CACNA1E	31.4	1.0
NCAM1	canonical	1	858.0	704	1	1	0	1	1	0	1	1	1	97.9	93.8		NCAM2	45.3	3.0
NCAM2	canonical	1	837.0	685	1	1	0	1	1	1	1	1	1	98.4	93.7	2.0	NCAM1	45.3	3.0
NCR1	canonical	1	304.0	234	1	1	0	1	1	0	0	1	1	85.9	61.2		LILRB3	45.7	2.0
NCR3	canonical	1	201.0	121	1	1	0	0	1	0	0	1	0	68.7			NECTIN2	41.3	1.0
NCR3LG1	canonical	1	454.0	240	1	1	0	0	0	0	0	1	0				TAPBPL	28.3	1.0
NCSTN	canonical	1	709.0	633	1	1	0	1	1	0	0	1	0	94.5	88.7				2.0
NECTIN1	canonical	1	517.0	325	1	1	0	1	1	1	1	0	0	89.7	94.6	2.0	SMAGP	45.7	
NECTIN2	canonical	1	538.0	329	1	1	0	1	1	1	0	0	1	96.5	74.0	2.0	PVR	54.3	
NECTIN3	canonical	1	549.0	349	1	1	0	1	1	1	1	0	0	99.5	68.3	2.0	SMAGP	45.7	
NECTIN4	canonical	1	510.0	318	1	1	0	1	1	1	0	0	0	99.4	91.8	2.0	NECTIN3	35.8	
NEGR1	canonical	0	354.0	321	1	1	1	1	1	1	0	1	1	98.6	94.1	2.0	LSAMP	56.7	4.0
NEO1	canonical	1	1461.0	1072	1	1	0	1	1	0	0	1	1	98.6	94.5		DCC	55.1	4.0
NETO1	canonical	1	533.0	321	1	1	0	1	1	0	1	1	1	99.6	95.7		NETO2	66.4	1.0
NETO2	canonical	1	525.0	323	1	1	0	1	1	0	0	1	1	99.6	95.0		NETO1	66.4	2.0
NEU3	canonical	0	428.0	0	0	0	0	1	1	0	0	0	0	97.2	62.0				
NFAM1	canonical	1	270.0	122	1	1	0	0	1	0	0	1	0	83.3					1.0
NFASC	canonical	1	1347.0	1193	1	1	0	1	1	0	1	1	1	99.3	96.2		NRCAM	47.9	5.0
NGFR	canonical	1	427.0	223	1	1	0	1	1	0	0	1	0	98.8	91.8		TNFRSF4	35.1	1.0
NINJ1	canonical	3	152.0	26	0	0	1	1	1	0	0	0	1	98.0	87.5		NINJ2	33.3	
NINJ2	canonical	3	142.0	27	0	0	1	1	1	0	0	0	0	93.7	73.2		NINJ1	33.3	
NIPA2	canonical	9	360.0	58	0	1	0	1	1	1	0	0	0	98.6	95.6	2.0	NIPAL1	57.4	
NIPAL4	canonical	9	404.0	104	0	1	0	1	1	1	0	0	0	98.8	84.9	2.0	NIPA2	57.1	
NLGN1	canonical	1	863.0	670	1	1	0	1	1	1	0	1	1	96.9	95.8	2.0	NLGN4X	75.4	1.0
NLGN2	canonical	1	835.0	663	1	1	0	1	1	1	0	1	1	91.6	98.3	2.0	NLGN4X	71.2	2.0
NLGN3	canonical	1	848.0	672	1	1	0	1	1	1	0	1	1	99.9	98.6	2.0	NLGN4X	77.8	2.0
NLGN4X	canonical	1	816.0	635	1	1	0	0	0	1	0	1	1			2.0	NLGN4Y	98.3	1.0
NMBR	canonical	7	390.0	106	0	1	0	1	1	0	0	0	0	96.2	90.5		GRPR	38.4	
NMUR1	canonical	7	426.0	119	0	1	0	1	1	0	0	0	0	92.0	72.5		NMUR2	36.5	
NOTCH1	canonical	1	2555.0	1717	1	1	0	1	1	0	0	1	1	91.8	90.6		NOTCH2	58.4	5.0
NOTCH2	canonical	1	2471.0	1652	1	1	0	1	1	0	0	1	1	99.1	92.6		NOTCH2NLA	94.5	12.0
NOTCH3	canonical	1	2321.0	1603	1	1	0	1	0	0	0	1	1		91.0		NOTCH1	55.4	16.0
NOTCH4	canonical	1	2003.0	1424	1	1	0	0	0	0	1	1	0				DLL4	44.8	10.0
NOX1	canonical	6	564.0	117	0	0	0	1	1	0	0	0	0	95.0	84.0		NOX3	39.4	
NOX3	canonical	6	568.0	110	0	0	0	1	1	0	0	0	1	95.8	80.6		CYBB	45.5	
NPBWR1	canonical	7	328.0	89	0	1	0	1	0	0	0	0	1		84.8		NPBWR2	48.3	
NPBWR2	canonical	7	333.0	99	0	1	0	0	1	0	0	0	1	94.9			NPBWR1	48.3	
NPC1L1	canonical	13	1359.0	831	1	1	0	1	1	0	1	1	0	95.0	77.3		NPC1	40.5	1.0
NPFFR1	canonical	7	430.0	112	0	1	0	1	1	0	0	0	0	63.3	87.0		NPFFR2	40.5	
NPFFR2	canonical	7	522.0	216	0	1	0	1	1	0	1	0	0	95.5	78.8		NPFFR1	40.5	
NPHS1	canonical	1	1241.0	1042	1	1	0	1	1	0	0	1	0	95.4	81.5		KIRREL2	39.2	8.0
NPNT	canonical	0	565.0	546	1	1	1	1	1	0	0	0	1	96.6	87.4		EGFL6	40.8	
NPR1	canonical	1	1061.0	441	1	1	0	1	1	1	0	1	1	75.5	90.9	2.0	ADCY1	69.2	1.0
NPR2	canonical	1	1047.0	439	1	1	0	1	1	0	0	1	1	100.0	98.7		ADCY5	100.0	1.0
NPR3	canonical	1	541.0	462	1	1	0	1	1	1	0	1	0	98.5	90.8	2.0	ADCY6	80.0	3.0
NPSR1	canonical	7	371.0	105	0	1	0	1	1	0	1	0	0	90.6	89.2				
NPTN	canonical	1	398.0	310	1	1	0	1	1	0	1	1	1	99.0	95.2		BSG	41.3	3.0
NPTXR	canonical	0	500.0	475	1	1	1	1	1	0	0	0	0	97.8	88.4				
NPY1R	canonical	7	384.0	117	0	1	0	1	1	0	0	0	0	99.5	93.2		NPY4R2	34.0	
NPY2R	canonical	7	381.0	113	0	1	0	1	1	0	0	0	0	98.4	94.5		OR9G1	32.5	
NPY5R	canonical	7	445.0	103	0	1	0	1	1	0	0	0	0	99.3	89.0		MCHR1	30.9	
NRCAM	canonical	1	1304.0	1139	1	1	0	1	1	0	0	1	1	98.8	84.8		NFASC	47.9	5.0
NRG1	canonical	1	640.0	242	0	1	0	1	1	0	1	1	0	92.5	88.3		NRG4	36.7	2.0
NRG3	canonical	2	720.0	274	0	0	0	1	1	0	1	0	0	98.7	92.0		NRG4	45.0	
NRN1	canonical	0	142.0	115	1	1	1	1	1	0	0	1	0	87.3	97.2		NRN1L	33.9	2.0
NRP1	canonical	1	923.0	837	1	1	0	1	1	0	1	1	1	98.6	93.2		NRP2	46.4	4.0
NRP2	canonical	1	931.0	842	1	1	0	1	1	0	1	1	1	97.2	94.6		NRP1	46.4	2.0
NRROS	canonical	1	692.0	624	1	1	0	1	1	0	0	0	0	94.9	80.8		LRRC3C	44.2	
NRXN1	canonical	1	472.0	347	1	1	0	1	1	0	0	1	1	53.7	99.3		NRXN2	74.9	1.0
NRXN2	canonical	1	666.0	541	1	1	0	1	1	0	0	1	1	79.4	98.2		NRXN1	74.9	1.0
NRXN3	canonical	1	637.0	528	1	1	0	1	1	0	1	1	1	98.7	98.2		NRXN1	63.1	1.0
NT5E	canonical	0	574.0	548	1	1	1	1	1	1	0	1	0	98.6	86.6	2.0			2.0
NTM	canonical	0	344.0	311	1	1	1	1	1	1	0	1	1	93.2	88.5	2.0	OPCML	74.3	2.0
NTNG1	canonical	0	539.0	521	1	1	1	1	1	0	0	1	1	96.1	96.3		NTNG2	60.0	4.0
NTNG2	canonical	0	530.0	513	1	1	1	1	1	0	0	1	1	98.9	94.0		NTNG1	60.0	5.0
NTRK1	canonical	1	796.0	384	1	1	0	1	1	0	0	0	0	91.6	86.6		ROS1	38.8	
NTRK2	canonical	1	822.0	402	1	1	0	1	1	0	0	1	0	99.9	92.1		NTRK3	38.8	1.0
NTRK3	canonical	1	839.0	402	1	1	0	1	1	0	0	1	0	99.4	95.6		NTRK2	38.8	1.0
NTSR1	canonical	7	418.0	130	0	1	0	1	0	0	0	0	0		85.4		NTSR2	41.9	
NTSR2	canonical	7	410.0	98	0	1	0	1	1	1	0	0	0	83.4	78.8	2.0	NTSR1	41.9	
NYX	canonical	0	476.0	458	1	1	1	1	0	0	0	0	0		84.7		LRTM1	37.7	
OCLN	canonical	4	522.0	101	0	0	0	1	1	0	1	0	0	97.1	90.2		MARVELD2	41.8	
OCSTAMP	canonical	6	566.0	178	0	0	0	1	0	0	0	0	0		59.0		DCST1	31.5	
OLR1	canonical	1	273.0	216	0	0	1	0	1	1	0	1	0	94.9		2.0	KLRK1	40.6	4.0
OMG	canonical	0	440.0	416	1	1	1	1	1	0	0	1	0	98.2	88.6		LINGO3	29.3	2.0
OPALIN	canonical	1	141.0	35	0	1	0	1	1	0	0	0	0	95.0	78.0				
OPCML	canonical	0	345.0	312	1	1	1	1	1	1	0	1	1	94.7	94.1	2.0	NTM	74.3	1.0
OPN1LW	canonical	7	364.0	108	0	1	0	0	1	0	0	0	1	96.2			OPN1MW2	98.1	
OPN1MW	canonical	7	364.0	111	0	1	0	0	0	0	0	0	1				OPN1MW2	100.0	
OPN1MW2	canonical	7	364.0	111	0	1	0	0	0	0	0	0	1				OPN1MW	100.0	
OPN3	canonical	7	402.0	96	0	1	0	1	1	0	1	0	0	94.5	87.1		RRH	30.3	
OPN4	canonical	7	478.0	123	0	1	0	1	1	0	0	0	0	95.4	76.2		OPN1MW2	36.5	
OPN5	canonical	7	354.0	87	0	1	0	1	1	0	0	0	0	99.2	95.2		RRH	32.5	
OPRD1	canonical	7	372.0	100	0	1	0	1	1	1	0	0	0	74.2	93.5	2.0	NPBWR1	40.9	
OPRK1	canonical	7	380.0	111	0	1	0	1	1	0	1	0	0	75.5	93.7		OPRM1	37.4	
OPRL1	canonical	7	370.0	102	0	1	0	1	1	0	0	0	0	98.1	93.8		SSTR5	39.3	
OPRM1	canonical	7	400.0	121	0	1	0	1	1	0	1	0	0	96.8	92.2		OPRD1	39.4	
OR10H1	canonical	7	318.0	81	0	1	0	0	0	0	0	0	1				OR10H5	87.5	
OR11H4	canonical	7	324.0	88	0	1	0	0	1	0	0	0	1	94.6			OR11H7	74.7	
OR14I1	canonical	7	311.0	75	0	1	0	0	1	0	0	0	1	91.6			OR14C36	56.0	
OR14J1	canonical	7	321.0	78	0	1	0	1	1	0	0	0	1	96.0	79.8		OR14C36	52.6	
OR1D2	canonical	7	312.0	87	0	1	0	1	1	0	0	0	1	93.9	86.9		OR1D5	78.6	
OR2A7	canonical	7	310.0	83	0	1	0	0	0	0	0	0	1				OR2A4	98.8	
OR2AG2	canonical	7	316.0	86	0	1	0	0	1	0	0	0	1	92.7			OR2AG1	88.4	
OR2AT4	canonical	7	320.0	90	0	1	0	1	1	0	0	0	0	95.0	85.6		OR1F1	38.6	
OR2B11	canonical	7	317.0	92	0	1	0	1	1	0	0	0	1	95.3	86.8		OR2B3	62.1	
OR2D2	canonical	7	308.0	89	0	1	0	0	1	0	0	0	1	79.9			OR2D3	53.6	
OR2H1	canonical	7	316.0	86	0	1	0	0	0	0	0	0	1				OR2H2	86.9	
OR2H2	canonical	7	312.0	84	0	1	0	0	1	0	0	0	1	94.6			OR2H1	86.9	
OR2J2	canonical	7	312.0	87	0	1	0	0	1	0	0	0	1	91.7			OR2J1	88.5	
OR2L13	canonical	7	312.0	89	0	1	0	0	1	0	0	0	1	92.6			OR2L3	76.4	
OR2W3	canonical	7	314.0	88	0	1	0	0	1	0	0	0	1	94.9			OR2J3	61.2	
OR3A1	canonical	7	315.0	85	0	1	0	0	1	0	0	0	1	95.9			OR3A2	71.4	
OR4C13	canonical	7	309.0	84	0	1	0	0	0	0	0	0	1				OR4C46	82.1	
OR4D1	canonical	7	310.0	84	0	1	0	1	1	0	0	0	1	95.8	85.8		OR4D2	80.5	
OR4M1	canonical	7	313.0	81	0	1	0	0	0	0	0	0	1				OR4M2	97.5	
OR4S2	canonical	7	311.0	78	0	1	0	0	1	0	0	0	1	95.5			OR4P4	72.6	
OR51E1	canonical	7	318.0	80	0	1	0	1	1	0	0	0	1	97.8	93.1		OR51E2	56.6	
OR51E2	canonical	7	320.0	81	0	1	0	1	1	0	0	0	1	98.8	92.8		OR51G2	57.9	
OR56B1	canonical	7	324.0	88	0	1	0	0	0	0	0	0	1				OR56B2	74.7	
OR5A2	canonical	7	324.0	95	0	1	0	1	1	0	0	0	1	95.1	78.1		OR5A1	69.0	
OR5K1	canonical	7	308.0	83	0	1	0	0	1	0	0	0	1	96.4			OR5K2	91.6	
OR7D4	canonical	7	312.0	94	0	1	0	0	0	0	0	0	1				OR7G2	64.8	
OR8D1	canonical	7	308.0	88	0	1	0	0	1	0	0	0	1	94.8			OR8D2	61.0	
ORAI1	canonical	4	301.0	51	0	0	0	1	1	1	0	0	0	52.2	91.0	2.0	ORAI3	51.0	
ORAI2	canonical	4	254.0	38	0	0	0	1	1	1	0	0	0	96.9	95.3	2.0	ORAI3	57.9	
ORAI3	canonical	4	295.0	86	0	0	0	1	1	1	0	0	0	96.6	88.8	6.0	ORAI2	57.9	
OSCAR	canonical	0	282.0	264	1	1	1	1	0	0	1	0	0		74.5		LILRA1	39.0	
OSMR	canonical	1	979.0	716	1	1	0	1	1	0	1	1	0	94.5	55.2		CRLF2	34.4	5.0
OTOA	canonical	0	1153.0	1131	1	1	1	1	1	0	0	1	0	95.9	77.2		MSLN	30.8	3.0
OTOP1	canonical	12	612.0	105	0	0	0	1	1	1	0	0	0	94.3	77.5	2.0	OTOP3	24.7	
OTOP2	canonical	12	562.0	106	0	0	0	1	1	1	0	0	0	93.8	85.2	2.0	OTOP3	32.3	
OTOP3	canonical	12	596.0	101	0	0	0	1	1	1	0	0	0	95.3	82.2	2.0	OTOP2	32.3	
OXER1	canonical	7	384.0	112	0	1	0	0	1	0	0	0	0	96.1			P2RY4	32.1	
OXGR1	canonical	7	337.0	90	0	1	0	1	1	0	0	0	0	97.6	85.5		SUCNR1	34.1	
P2RX1	canonical	2	399.0	288	0	0	0	1	1	0	0	1	1	97.5	89.5		P2RX4	50.7	2.0
P2RX2	canonical	2	471.0	279	0	0	0	1	1	0	1	1	1	96.6	79.8		P2RX4	53.8	1.0
P2RX3	canonical	2	397.0	284	0	0	0	1	0	0	0	1	1		93.7		P2RX5	52.5	1.0
P2RX7	canonical	2	595.0	281	0	0	0	1	1	0	1	0	1	97.1	80.8		P2RX4	53.4	
P2RY1	canonical	7	373.0	127	0	1	0	1	1	0	0	1	0	98.9	94.9		P2RY6	37.0	1.0
P2RY10	canonical	7	339.0	85	0	1	0	1	1	0	0	0	0	98.2	83.2		CYSLTR1	33.8	
P2RY11	canonical	7	374.0	107	0	1	0	0	0	0	0	0	0				GPR174	30.9	
P2RY12	canonical	7	342.0	88	0	1	0	1	1	0	0	0	0	98.2	87.1		P2RY13	43.7	
P2RY13	canonical	7	354.0	106	0	1	0	1	1	0	0	0	0	94.9	72.9		P2RY12	43.7	
P2RY14	canonical	7	338.0	84	0	1	0	1	1	1	0	0	0	97.6	83.1	2.0	P2RY13	42.2	
P2RY2	canonical	7	377.0	79	0	1	0	1	0	0	0	0	1		89.4		P2RY4	46.8	
P2RY4	canonical	7	365.0	81	0	1	0	1	0	0	0	0	1		80.8		P2RY2	46.8	
P2RY6	canonical	7	328.0	73	0	1	0	1	1	1	0	0	0	97.9	86.6	2.0	P2RY2	43.1	
P2RY8	canonical	7	359.0	79	0	1	0	0	0	0	0	0	0				F2RL2	40.0	
PACC1	canonical	2	350.0	216	0	0	0	1	1	0	0	0	0	97.7	90.6				
PAG1	canonical	1	432.0	15	0	1	0	1	1	0	0	0	0	96.5	78.7				
PANX1	canonical	4	426.0	73	0	0	0	1	1	0	0	0	0	96.2	86.4		PANX3	45.2	
PANX3	canonical	4	392.0	84	0	0	0	1	1	1	0	0	1	97.7	88.8	2.0	PANX1	45.2	
PAPPA	canonical	0	1627.0	1609	1	1	1	1	1	0	0	0	1	95.3	91.1		SUSD6	54.3	
PAQR5	canonical	8	330.0	68	0	0	0	1	1	0	0	0	0	97.0	91.5		PAQR6	29.7	
PAQR6	canonical	8	344.0	67	0	0	0	1	0	0	1	0	0		87.2		PAQR5	29.7	
PAQR7	canonical	8	346.0	59	0	0	0	1	1	0	0	0	0	97.7	82.4		PAQR8	30.9	
PAQR9	canonical	8	377.0	85	0	0	0	1	1	0	0	0	0	63.9	92.8		PAQR5	24.6	
PATE1	canonical	0	126.0	105	1	1	1	1	1	0	0	0	0	81.7	61.1		PATE3	38.5	
PCDH10	canonical	1	1040.0	706	1	1	0	1	1	0	0	1	1	99.5	96.8		PCDH19	50.4	5.0
PCDH12	canonical	1	1184.0	699	1	1	0	1	1	0	0	1	1	98.0	80.2		PCDH18	43.2	3.0
PCDH15	canonical	1	1955.0	1346	1	1	0	1	1	0	1	1	0	85.0	81.0		PCDH10	36.3	10.0
PCDH17	canonical	1	1159.0	688	1	1	0	1	1	0	0	1	1	99.5	98.1		PCDH19	59.4	5.0
PCDH19	canonical	1	1148.0	657	1	1	0	1	1	0	0	1	1	99.0	96.4		PCDH17	59.4	4.0
PCDH20	canonical	1	951.0	828	1	1	0	1	1	0	0	1	1	98.3	92.5		PCDH9	45.5	4.0
PCDH7	canonical	1	1069.0	849	1	1	0	1	1	0	0	1	1	83.9	97.8		PCDH1	53.8	7.0
PCDH8	canonical	1	1070.0	721	1	1	0	1	0	0	0	1	1		94.2		PCDH18	43.6	6.0
PCDH9	canonical	1	1237.0	792	1	1	0	1	1	0	0	1	1	99.7	96.0		PCDH11X	59.8	5.0
PCDHA12	canonical	1	941.0	668	1	1	0	0	0	0	0	1	1				PCDHA10	80.8	5.0
PCDHA2	canonical	1	948.0	668	1	1	0	1	0	0	0	1	1		86.7		PCDHA1	81.4	3.0
PCDHA3	canonical	1	950.0	668	1	1	0	1	0	0	0	1	1		85.5		PCDHA4	83.7	4.0
PCDHA5	canonical	1	936.0	668	1	1	0	1	0	0	0	1	1		86.5		PCDHA4	81.4	4.0
PCDHA7	canonical	1	937.0	668	1	1	0	0	0	0	0	1	1				PCDHA9	92.1	3.0
PCDHA8	canonical	1	950.0	668	1	1	0	0	0	0	0	1	1				PCDHA6	91.3	4.0
PCDHAC1	canonical	1	963.0	661	1	1	0	1	0	0	0	1	1		84.2		PCDHGA10	46.3	5.0
PCDHAC2	canonical	1	1007.0	665	1	1	0	1	1	0	0	1	1	99.2	93.1		PCDHGA12	50.9	5.0
PCDHB1	canonical	1	818.0	662	1	1	0	1	1	0	0	1	1	96.0	88.0		PCDHB15	56.5	4.0
PCDHB11	canonical	1	797.0	659	1	1	0	0	0	0	0	1	1				PCDHB12	90.7	3.0
PCDHB12	canonical	1	795.0	663	1	1	0	0	0	0	0	1	1				PCDHB11	90.7	5.0
PCDHB13	canonical	1	798.0	661	1	1	0	1	0	0	0	1	1		74.8		PCDHB8	94.7	4.0
PCDHB2	canonical	1	798.0	659	1	1	0	1	0	0	0	1	1		75.9		PCDHB14	78.5	5.0
PCDHB3	canonical	1	796.0	663	1	1	0	1	1	0	0	1	1	74.0	77.6		PCDHB6	78.6	3.0
PCDHGA1	canonical	1	931.0	664	1	1	0	1	0	0	0	1	1		83.2		PCDHGA6	71.9	5.0
PCDHGA10	canonical	1	936.0	664	1	1	0	1	1	0	0	1	1	63.1	87.3		PCDHGA9	76.7	5.0
PCDHGA11	canonical	1	935.0	664	1	1	0	1	0	0	0	1	1		82.7		PCDHGA12	73.2	6.0
PCDHGA2	canonical	1	932.0	664	1	1	0	1	0	0	0	1	1		86.1		PCDHGA3	75.3	5.0
PCDHGA4	canonical	1	962.0	664	1	1	0	1	0	0	0	1	1		81.8		PCDHGA6	73.5	4.0
PCDHGA5	canonical	1	931.0	663	1	1	0	1	0	0	0	1	1		85.1		PCDHGA6	73.6	4.0
PCDHGA7	canonical	1	932.0	664	1	1	0	1	0	0	0	1	1		84.5		PCDHGA6	75.1	4.0
PCDHGA8	canonical	1	932.0	663	1	1	0	1	0	0	0	1	1		83.4		PCDHGA9	80.7	3.0
PCDHGA9	canonical	1	932.0	665	1	1	0	1	0	0	0	1	1		84.1		PCDHGA8	80.7	3.0
PCDHGB1	canonical	1	927.0	660	1	1	0	1	0	0	0	1	1		82.1		PCDHGB2	74.2	3.0
PCDHGB2	canonical	1	931.0	662	1	1	0	1	0	0	0	1	1		82.2		PCDHGB1	74.2	5.0
PCDHGB3	canonical	1	929.0	661	1	1	0	0	0	0	0	1	1				PCDHGB5	70.5	3.0
PCDHGB4	canonical	1	923.0	659	1	1	0	1	0	0	0	1	1		83.7		PCDHGB5	81.7	3.0
PCDHGB5	canonical	1	923.0	657	1	1	0	1	0	0	0	1	1		84.6		PCDHGB4	81.7	3.0
PCDHGB7	canonical	1	929.0	661	1	1	0	1	0	0	0	1	1		82.0		PCDHGB6	78.2	3.0
PCDHGC3	canonical	1	934.0	662	1	1	0	1	0	0	0	1	1		92.1		PCDHGA4	47.6	7.0
PCDHGC4	canonical	1	938.0	663	1	1	0	1	0	0	0	1	1		98.2		PCDHGC5	51.3	5.0
PCDHGC5	canonical	1	944.0	664	1	1	0	1	0	0	0	1	1		93.1		PCDHGC4	51.3	4.0
PCSK9	canonical	0	692.0	662	1	1	1	1	1	1	0	0	0	96.4	76.7	2.0	PCSK5	32.3	
PDCD1	canonical	1	288.0	146	1	1	0	1	0	0	0	1	0		59.7				1.0
PDCD1LG2	canonical	1	273.0	202	1	1	0	1	1	0	1	1	1	95.2	63.0		CD274	45.0	2.0
PDGFRA	canonical	1	1089.0	504	1	1	0	1	1	0	1	1	0	99.0	91.8		LMTK2	65.0	2.0
PDGFRB	canonical	1	1106.0	499	1	1	0	1	1	0	1	1	0	94.8	85.4		LMTK2	50.0	2.0
PDPN	canonical	1	162.0	111	1	1	0	0	1	0	0	0	0	92.6					
PDZK1IP1	canonical	1	114.0	13	1	1	0	1	1	0	0	0	0	99.1	82.5		SMIM24	40.0	
PEAR1	canonical	1	1037.0	737	1	1	0	1	1	0	0	1	0	85.5	83.9		DLK1	40.3	7.0
PECAM1	canonical	1	738.0	574	1	1	0	1	1	0	0	1	0	91.6	63.3		FCER1A	40.4	5.0
PERP	canonical	4	193.0	70	0	0	0	1	1	0	0	0	0	99.0	90.7		TMEM47	28.3	
PGAP6	canonical	7	771.0	544	1	1	0	1	1	1	0	0	0	94.0	75.4	2.0	TMEM8B	46.1	
PHEX	canonical	1	749.0	709	0	0	1	1	1	1	0	1	0	98.8	96.0	2.0	ECE1	40.5	1.0
PIANP	canonical	1	282.0	148	1	1	0	1	1	0	0	0	0	100.0	92.8				
PIEZO1	canonical	38	2521.0	598	0	0	0	1	0	0	0	0	1		82.2		PIEZO2	43.8	
PIEZO2	canonical	38	2752.0	597	0	0	0	1	1	0	1	0	1	95.7	89.9		PIEZO1	43.8	
PIGR	canonical	1	764.0	622	1	1	0	1	1	0	0	1	0	88.6	65.6		CD300H	41.8	4.0
PILRA	canonical	1	303.0	176	1	1	0	0	1	0	1	1	1	72.3			PILRB	85.4	1.0
PILRB	canonical	1	227.0	171	1	1	0	0	0	0	1	1	1				PILRA	85.4	1.0
PIRT	canonical	2	137.0	13	0	0	0	1	1	0	0	0	0	97.8	78.1		TMEM100	25.0	
PITPNM3	canonical	0	974.0	0	0	0	0	1	0	1	0	0	0		94.5	2.0			
PKD1	canonical	11	4303.0	3345	1	1	0	1	0	0	0	1	0		78.2		PKD2L1	46.2	9.0
PKD1L1	canonical	11	2849.0	2072	0	1	0	1	1	0	1	1	0	91.4	58.0		PKD2L1	39.4	2.0
PKD1L3	canonical	11	1732.0	938	1	1	0	0	0	0	0	1	0				PKD1	33.3	5.0
PKD2L1	canonical	6	805.0	292	0	0	0	1	1	1	0	1	1	96.1	82.2	4.0	PKD2	59.2	1.0
PKDREJ	canonical	11	2253.0	1484	1	1	0	1	1	0	0	1	0	87.0	60.0		PKD2L1	36.8	2.0
PKHD1L1	canonical	0	4243.0	4223	1	1	1	1	1	0	0	1	0	96.5	81.9		SYNE2	68.8	8.0
PLA2R1	canonical	1	1463.0	1380	1	1	0	1	1	0	1	1	0	96.2	73.7		CD302	38.5	5.0
PLAC1	canonical	0	212.0	194	1	1	1	0	1	0	0	0	0	94.3			OOSP2	32.6	
PLAU	canonical	0	431.0	411	1	1	1	1	1	0	0	0	0	93.0	69.4		PRSS1	40.5	
PLAUR	canonical	0	335.0	313	1	1	1	1	1	0	0	1	0	90.7	61.2		LYPD5	30.1	2.0
PLGRKT	canonical	2	147.0	6	0	0	0	1	1	1	0	0	0	98.0	82.3	5.0			
PLLP	canonical	4	182.0	30	0	0	0	1	0	0	0	0	1		90.1		PLP2	41.7	
PLPP1	canonical	6	284.0	90	0	0	0	1	1	1	0	0	1	87.7	74.3	4.0	PLPP3	66.3	
PLPP2	canonical	6	288.0	88	0	0	0	1	1	1	1	0	1	96.5	86.1	4.0	PLPP1	65.9	
PLPP3	canonical	6	311.0	91	0	0	0	1	1	1	0	0	1	99.7	94.9	4.0	PLPP1	66.3	
PLPPR1	canonical	6	325.0	99	0	0	0	1	1	1	0	0	1	99.4	96.3	4.0	PLPPR5	56.2	
PLPPR3	canonical	6	718.0	98	0	0	0	1	0	0	1	0	1		88.6		PLPPR4	66.0	
PLPPR4	canonical	6	763.0	94	0	0	0	1	1	0	1	0	1	99.9	97.2		PLPPR3	66.0	
PLPPR5	canonical	6	321.0	96	0	0	0	1	1	1	0	0	1	95.0	92.2	4.0	PLPPR2	62.5	
PLSCR1	canonical	0	318.0	0	0	0	0	0	0	0	0	0	0						
PLXDC1	canonical	1	500.0	408	1	1	0	1	1	0	1	0	1	97.0	81.4		PLXDC2	52.5	
PLXDC2	canonical	1	529.0	425	1	1	0	1	1	0	0	1	1	97.4	91.9		PLXDC1	52.5	2.0
PLXNA1	canonical	1	1896.0	1218	1	1	0	1	1	0	0	1	1	94.8	95.9		PLXNA3	59.3	7.0
PLXNA4	canonical	1	1894.0	1214	1	1	0	1	1	0	1	1	1	99.6	97.7		PLXNA2	59.9	3.0
PLXNB1	canonical	1	2135.0	1471	1	1	0	1	1	0	1	1	0	97.4	86.7		PLXNB3	46.3	3.0
PLXNB2	canonical	1	1838.0	1181	1	1	0	1	1	0	0	1	0	96.0	87.6		PLXNB1	38.3	3.0
PLXNB3	canonical	1	1909.0	1215	1	1	0	1	0	0	0	1	0		84.1		PLXNB1	46.3	6.0
PLXNC1	canonical	1	1568.0	911	1	1	0	1	0	0	0	1	0		90.6		PLXND1	28.5	2.0
PLXND1	canonical	1	1925.0	1227	1	1	0	1	1	0	0	1	0	61.9	91.4		PLXNB1	34.1	7.0
PMEPA1	canonical	1	287.0	43	0	1	0	1	1	0	0	0	0	78.7	87.1		LDLRAD4	34.9	
PMP22	canonical	4	160.0	58	0	0	0	1	1	0	0	0	0	98.8	86.2		GSG1L	36.2	
PODXL	canonical	1	558.0	439	1	1	0	0	0	1	0	1	0			2.0			1.0
POPDC1	canonical	3	360.0	45	0	1	0	1	1	1	0	0	0	98.9	87.2	2.0	POPDC3	36.7	
POPDC2	canonical	3	364.0	28	0	1	0	1	1	1	0	0	0	88.9	83.7	2.0	POPDC3	35.7	
POPDC3	canonical	3	291.0	30	0	1	0	1	1	1	0	0	0	99.0	89.0	2.0	POPDC1	36.7	
PRG4	canonical	0	1404.0	1380	1	1	1	1	1	0	0	0	0	79.5	62.5		VTN	32.9	
PRIMA1	canonical	1	153.0	57	1	1	0	1	0	0	0	0	0		91.5				
PRLHR	canonical	7	370.0	118	0	1	0	1	1	0	0	0	0	78.4	89.7		NPY4R	32.0	
PRLR	canonical	1	622.0	212	1	1	0	1	1	0	1	1	0	95.7	67.7		LEPR	41.0	1.0
PRND	canonical	0	176.0	150	1	1	1	1	1	0	0	1	0	90.9	73.9				2.0
PRNP	canonical	0	253.0	231	1	1	1	1	1	0	0	1	0	96.4	89.7				1.0
PROCR	canonical	1	238.0	193	1	1	0	1	1	0	0	1	0	93.7	66.8				2.0
PROKR1	canonical	7	393.0	131	0	1	0	0	1	0	0	0	1	97.7			PROKR2	79.7	
PROKR2	canonical	7	384.0	118	0	1	0	1	1	0	0	0	1	99.0	89.6		PROKR1	79.7	
PROM1	canonical	5	865.0	623	1	1	0	1	1	0	0	1	0	95.8	60.9		PROM2	23.5	1.0
PROM2	canonical	5	834.0	609	1	1	0	1	1	0	1	1	0	93.5	73.3		PROM1	23.5	1.0
PRRG2	canonical	1	202.0	92	1	1	0	1	1	0	0	0	0	78.2	78.7		MASP2	44.6	
PRRG4	canonical	1	226.0	99	1	1	0	1	1	0	0	0	0	95.1	74.8		PRRG1	40.0	
PRRT1	canonical	1	306.0	10	0	0	1	1	1	0	0	0	0	95.4	97.4		PRRT2	100.0	
PRRT2	canonical	3	340.0	5	0	0	1	1	1	0	1	0	0	96.2	80.0		PRRT1	100.0	
PRSS21	canonical	0	314.0	295	1	1	1	0	1	0	0	1	1	86.3			PRSS41	52.2	1.0
PRSS55	canonical	0	352.0	334	1	1	1	1	1	0	0	0	0	67.0	53.7		F11	38.0	
PRSS8	canonical	0	343.0	314	1	1	1	1	1	0	0	1	0	89.8	76.4				1.0
PSCA	canonical	0	114.0	103	1	1	1	1	1	0	0	0	0	93.9	60.5		LY6E	38.8	
PTAFR	canonical	7	342.0	71	0	1	0	1	1	0	0	0	0	96.8	81.6		GPR34	35.3	
PTCH1	canonical	12	1447.0	610	0	0	0	1	1	0	1	0	1	94.5	95.5		PTCH2	55.8	
PTCH2	canonical	12	1203.0	606	0	0	0	1	1	0	0	0	1	97.4	89.4		PTCH1	55.8	
PTCHD1	canonical	12	888.0	443	0	0	0	1	1	0	1	1	1	99.8	98.1		PTCHD4	53.1	1.0
PTGDR	canonical	7	359.0	85	0	1	0	1	1	0	1	0	0	93.6	72.7		PTGER2	44.1	
PTGDR2	canonical	7	395.0	111	0	1	0	1	0	1	0	0	0		76.7	2.0	LTB4R2	37.3	
PTGER1	canonical	7	402.0	88	0	1	0	1	0	0	0	0	0		85.3		PTGER2	37.7	
PTGER2	canonical	7	358.0	73	0	1	0	1	0	0	0	0	0		87.2		PTGDR	44.1	
PTGER3	canonical	7	390.0	122	0	1	0	1	1	0	0	0	0	91.8	79.0		PTGER2	41.1	
PTGER4	canonical	7	488.0	77	0	1	0	1	1	0	0	0	0	98.2	88.3		PTGER3	36.4	
PTGFRN	canonical	1	879.0	811	1	1	0	1	1	0	0	1	0	95.9	90.0		VSTM4	38.7	3.0
PTGIR	canonical	7	386.0	73	0	1	0	1	0	0	0	0	0		79.0		PTGDR	42.5	
PTH1R	canonical	7	593.0	227	1	1	0	1	1	0	0	0	0	90.1	90.2		PTH2R	45.1	
PTH2R	canonical	7	550.0	187	1	1	0	1	1	0	0	1	0	83.6	82.9		PTH1R	45.1	1.0
PTK7	canonical	1	1070.0	674	1	1	0	1	1	0	0	1	0	96.4	91.8				4.0
PTPRA	canonical	1	802.0	132	1	1	0	1	1	0	0	0	0	99.3	94.9		PTPRB	57.6	
PTPRB	canonical	1	1997.0	1596	1	1	0	1	1	0	0	1	0	97.0	77.0		PTPRE	67.9	13.0
PTPRC	canonical	1	1306.0	552	1	1	0	1	1	0	0	0	0	89.0	66.7		PTPRE	50.0	
PTPRCAP	canonical	1	206.0	13	1	1	0	1	0	0	0	0	0		63.1				
PTPRD	canonical	1	1912.0	1246	1	1	0	1	1	0	0	1	1	99.5	98.1		PTPRS	64.8	6.0
PTPRE	canonical	1	700.0	28	1	1	0	1	1	0	1	0	0	98.9	86.0		PTPRJ	75.0	
PTPRF	canonical	1	1907.0	1231	1	1	0	1	0	0	0	1	1		95.4		PTPRE	64.3	6.0
PTPRG	canonical	1	1445.0	711	1	1	0	1	1	0	0	1	0	98.7	94.2		PTPRE	57.1	1.0
PTPRH	canonical	1	1115.0	728	1	1	0	1	0	0	0	1	0		50.7		PTPRE	60.7	5.0
PTPRJ	canonical	1	1337.0	936	1	1	0	1	1	0	1	1	0	91.9	66.9		PTPRE	75.0	5.0
PTPRK	canonical	1	1439.0	725	1	1	0	1	1	0	0	1	1	99.7	98.7		PTPRE	60.7	3.0
PTPRM	canonical	1	1452.0	722	1	1	0	1	1	0	0	1	1	99.6	97.3		PTPRT	63.7	1.0
PTPRO	canonical	1	1216.0	790	1	1	0	1	1	0	1	1	0	99.3	91.7		PTPRE	64.3	5.0
PTPRQ	canonical	1	2332.0	1947	0	1	0	1	1	0	0	1	0	95.8	86.8		VSIG10	38.6	18.0
PTPRR	canonical	1	657.0	206	1	1	0	1	1	0	1	0	1	98.5	89.2		PTPRZ1	42.7	
PTPRS	canonical	1	1948.0	1253	1	1	0	1	0	0	0	1	1		92.2		PTPRE	67.9	5.0
PTPRT	canonical	1	1441.0	721	1	1	0	1	1	0	0	1	1	99.2	98.0		PTPRM	63.7	2.0
PTPRZ1	canonical	1	2315.0	1615	1	1	0	1	1	0	0	1	0						
PTPRZ2	canonical	1	2315.0	1615	1	1	0	1	1	0	0	1	0						1.0
PTTG1IP	canonical	1	180.0	65	1	1	0	1	1	0	0	0	0	90.0	71.1		PTTG1IP2	30.8	
PVR	canonical	1	417.0	317	1	1	0	0	1	1	1	1	1	72.4		2.0	NECTIN2	54.3	1.0
PVRIG	canonical	1	326.0	132	1	1	0	0	0	0	0	0	0						
QRFPR	canonical	7	431.0	107	0	1	0	0	1	0	0	0	0	98.6			GALR3	28.2	
RAET1E	canonical	1	263.0	201	1	1	0	0	1	0	1	0	0	81.4			ULBP3	43.3	
RAET1G	canonical	1	334.0	204	1	1	0	0	0	0	1	0	1				ULBP2	92.6	
RAMP1	canonical	1	148.0	91	1	1	0	1	1	0	0	0	0	88.5	70.9		RAMP3	31.9	
RAMP2	canonical	1	175.0	105	1	1	0	1	1	0	0	1	0	95.4	67.4		RAMP1	28.6	1.0
RAMP3	canonical	1	148.0	92	1	1	0	1	1	0	0	1	0	95.9	83.8		RAMP1	31.9	3.0
RECK	canonical	0	971.0	945	1	1	1	1	1	0	0	1	0	94.0	93.5				6.0
RELL1	canonical	1	271.0	35	1	1	0	1	1	0	0	0	0	98.9	88.2				
RELT	canonical	1	430.0	139	1	1	0	1	1	0	0	1	0	93.5	85.8		TNFRSF8	39.6	1.0
RET	canonical	1	1114.0	608	1	1	0	1	1	0	0	1	0	97.9	83.3		ROS1	33.6	1.0
RGMA	canonical	0	450.0	403	1	1	1	1	1	1	0	1	1	98.4	92.2	2.0	RGMB	54.2	1.0
RGR	canonical	7	291.0	69	0	1	0	1	1	1	1	0	0	98.3	81.1	2.0	XCR1	32.7	
RHAG	canonical	12	409.0	75	0	0	0	1	1	1	1	0	0	89.0	77.3	3.0	RHBG	37.0	
RHBDF2	canonical	7	856.0	286	0	0	1	1	1	0	0	1	1	83.8	91.9		RHBDF1	70.2	2.0
RHBDL2	canonical	7	303.0	58	0	0	1	1	1	1	1	0	0	98.3	85.5	2.0	RHBDF2	40.4	
RHBG	canonical	12	458.0	95	0	0	0	1	1	1	1	0	1	98.3	84.5	3.0	RHCG	45.3	
RHCE	canonical	12	417.0	75	0	0	0	0	0	1	1	0	1			3.0	RHD	91.5	
RHCG	canonical	12	479.0	102	0	0	0	1	1	1	0	0	1	96.9	77.9	3.0	RHBG	45.3	
RHD	canonical	12	417.0	72	0	0	0	0	0	1	1	0	1			3.0	RHCE	91.5	
RHO	canonical	7	348.0	94	0	1	0	1	1	1	0	0	1	98.0	94.8	2.0	OPN1SW	48.8	
RNF43	canonical	1	783.0	165	1	1	0	1	1	0	0	1	1	96.3	82.0		ZNRF3	39.9	1.0
ROBO1	canonical	1	1651.0	872	1	1	0	1	1	0	0	1	1	96.8	92.9		ROBO2	65.4	7.0
ROBO2	canonical	1	1378.0	838	1	1	0	1	1	0	0	1	1	92.6	94.4		ROBO1	65.4	7.0
ROBO4	canonical	1	1007.0	441	1	1	0	1	0	0	0	0	0		77.4		HMCN2	54.4	
ROR1	canonical	1	937.0	374	1	1	0	1	1	0	1	1	1	99.6	96.8		ROR2	63.5	2.0
ROR2	canonical	1	943.0	370	1	1	0	1	1	0	0	1	1	98.3	92.5		ROR1	63.5	1.0
ROS1	canonical	1	2347.0	1834	1	1	0	1	1	0	0	1	0	96.7	80.4		TYRO3	39.6	11.0
RRH	canonical	7	337.0	78	0	1	0	1	1	0	0	0	0	98.5	78.6		OPN5	32.5	
RTN4R	canonical	0	473.0	447	1	1	1	1	1	0	0	1	1	93.7	89.4		RTN4RL2	48.3	1.0
RTN4RL1	canonical	0	441.0	417	1	1	1	1	1	0	0	1	1	94.8	88.7		RTN4RL2	49.9	2.0
RTN4RL2	canonical	0	420.0	391	1	1	1	1	1	0	0	1	1	84.3	95.0		RTN4RL1	49.9	2.0
RTP1	canonical	1	263.0	6	0	0	1	1	1	0	0	0	1	97.0	88.2		RTP4	16.7	
RXFP1	canonical	7	757.0	449	1	1	0	1	1	0	1	0	1	98.7	85.2		RXFP2	54.4	
RXFP2	canonical	7	754.0	446	1	1	0	1	1	0	0	0	1	96.4	80.5		RXFP1	54.4	
RXFP3	canonical	7	469.0	138	0	1	0	0	1	0	0	0	0	93.8			GPR132	32.2	
RXFP4	canonical	7	374.0	101	0	1	0	1	0	0	0	0	0		75.4		AGTR2	28.7	
RYK	canonical	1	607.0	184	1	1	0	1	1	0	0	1	0	99.0	93.1		ROS1	39.7	1.0
S100A14	canonical	0	104.0	0	0	0	0	1	0	1	0	0	0		90.4	2.0			
S1PR1	canonical	7	382.0	102	0	1	0	1	1	0	0	0	1	98.2	94.2		S1PR2	50.0	
S1PR2	canonical	7	353.0	86	0	1	0	1	1	0	0	0	1	94.9	90.7		S1PR5	51.9	
S1PR3	canonical	7	378.0	96	0	1	0	1	1	0	0	0	1	98.1	87.6		S1PR5	47.6	
S1PR4	canonical	7	384.0	106	0	1	0	1	1	0	0	0	1	60.4	81.8		S1PR5	44.0	
S1PR5	canonical	7	398.0	84	0	1	0	1	0	0	1	0	1		84.9		S1PR2	51.9	
SCARA3	canonical	1	606.0	529	0	0	1	1	1	0	0	0	0	98.5	90.8		CTHRC1	24.9	
SCARA5	canonical	1	495.0	414	0	0	1	1	1	1	1	1	0	53.9	87.3	2.0	MSR1	37.4	2.0
SCARB1	canonical	2	552.0	410	0	0	0	1	1	0	1	1	0	96.1	79.6		SCARB2	35.5	1.0
SCARF1	canonical	1	830.0	402	1	1	0	1	1	0	1	1	1	84.6	71.1		SCARF2	53.0	2.0
SCARF2	canonical	1	871.0	398	1	1	0	1	1	0	0	1	1	84.4	84.1		SCARF1	53.0	3.0
SCIMP	canonical	1	145.0	18	0	1	0	1	1	0	0	0	0	85.5	61.4				
SCN10A	canonical	22	1956.0	398	0	0	0	1	1	0	0	1	1	97.7	82.2		SCN1A	56.2	1.0
SCN11A	canonical	22	1791.0	404	0	0	0	1	1	0	1	1	1	95.4	72.4		SCN5A	53.1	1.0
SCN1A	canonical	22	2009.0	437	0	0	0	1	1	0	1	1	1	99.7	98.2		SCN2A	75.4	1.0
SCN1B	canonical	1	218.0	143	1	1	0	1	1	0	1	1	1	98.6	96.3		SCN3B	46.7	2.0
SCN2A	canonical	24	2005.0	444	0	0	0	1	1	0	0	1	1	99.9	98.1		SCN3A	85.7	1.0
SCN2B	canonical	1	215.0	130	1	1	0	1	1	0	0	1	0	98.1	92.1		MPZL2	33.3	1.0
SCN3A	canonical	24	2000.0	424	0	0	0	1	1	0	0	1	1	99.2	94.8		SCN2A	85.7	1.0
SCN3B	canonical	1	215.0	135	1	1	0	1	1	0	0	1	1	85.1	97.7		SCN1B	46.7	1.0
SCN4A	canonical	24	1836.0	431	0	0	0	1	1	0	0	1	1	98.0	92.5		SCN2A	77.0	1.0
SCN4B	canonical	1	228.0	132	1	1	0	1	1	0	0	1	0	98.7	79.4		MPZL2	34.1	1.0
SCN5A	canonical	24	2016.0	412	0	0	0	1	1	0	1	1	1	98.2	94.4		SCN2A	67.5	2.0
SCN8A	canonical	24	1980.0	408	0	0	0	1	1	0	1	0	1	99.8	98.5		SCN2A	79.8	
SCN9A	canonical	24	1988.0	395	0	0	0	1	1	0	0	0	1	98.6	93.2		SCN2A	78.4	
SCNN1A	canonical	2	669.0	448	0	0	0	1	1	1	1	1	0	94.6	82.4	3.0	SCNN1D	39.3	3.0
SCNN1B	canonical	2	640.0	452	0	0	0	1	1	1	0	1	0	90.2	83.9	3.0	SCNN1G	38.3	3.0
SCNN1D	canonical	2	802.0	420	0	0	0	0	0	0	0	1	0				SCNN1A	39.3	1.0
SCNN1G	canonical	2	649.0	455	0	0	0	1	1	0	0	1	0	98.0	86.3		SCNN1A	38.8	4.0
SCTR	canonical	7	440.0	153	1	1	0	1	1	0	0	1	0	97.3	79.5		ADGRG4	47.6	1.0
SCUBE1	canonical	0	988.0	963	1	1	1	1	1	0	0	0	1	98.0	92.0		SCUBE3	67.5	
SCUBE2	canonical	0	999.0	968	1	1	1	1	0	0	0	0	1		84.3		SCUBE1	67.1	
SCUBE3	canonical	0	993.0	973	1	1	1	1	1	0	0	0	1	98.9	95.9		SCUBE1	67.5	
SDC1	canonical	1	310.0	232	1	1	0	1	0	0	0	0	0		76.8		SDC3	37.5	
SDC2	canonical	1	201.0	130	1	1	0	1	1	0	0	0	0	93.0	84.1		SDC3	36.2	
SDC3	canonical	1	442.0	342	1	1	0	1	1	0	0	0	0	87.6	83.5		SDC4	38.9	
SDC4	canonical	1	198.0	131	1	1	0	1	1	0	1	0	0	92.9	79.8		SDC3	38.9	
SDK1	canonical	2	2213.0	1917	0	0	0	1	1	0	1	1	1	90.5	89.7		SDK2	60.7	9.0
SDK2	canonical	1	2172.0	1912	1	1	0	1	1	0	1	1	1	98.1	94.8		SDK1	60.7	11.0
SELE	canonical	1	610.0	535	1	1	0	1	1	0	0	1	0	95.9	72.8		SELL	52.2	5.0
SELL	canonical	1	372.0	295	1	1	0	1	1	0	0	1	0	92.5	76.1		SELP	56.6	1.0
SELP	canonical	1	830.0	732	1	1	0	1	1	0	0	1	0	94.9	67.1		SUSD6	56.8	5.0
SELPLG	canonical	1	412.0	303	1	1	0	0	1	0	0	0	0	85.4					
SEMA3A	canonical	0	771.0	751	1	1	1	1	1	1	0	0	1	96.6	95.5	2.0	SEMA3D	56.0	
SEMA3B	canonical	0	749.0	725	1	1	1	1	1	0	0	0	1	96.9	88.7		SEMA3A	55.0	
SEMA4A	canonical	1	761.0	652	1	1	0	1	1	0	0	1	1	97.1	83.7		SEMA4B	42.6	2.0
SEMA4B	canonical	1	837.0	674	1	1	0	1	1	1	1	1	1	93.0	82.9	2.0	SEMA4C	44.6	4.0
SEMA4C	canonical	1	833.0	643	1	1	0	1	1	0	0	1	1	97.1	87.9		SEMA4G	45.7	2.0
SEMA4D	canonical	1	862.0	711	1	1	0	1	0	0	1	1	1		85.5		SEMA4C	45.3	1.0
SEMA4G	canonical	1	838.0	660	1	1	0	1	1	0	1	1	1	98.8	90.5		SEMA4C	45.7	1.0
SEMA5A	canonical	1	1074.0	948	1	1	0	1	1	0	0	1	1	95.3	94.1		SEMA5B	61.6	6.0
SEMA6A	canonical	1	1030.0	631	1	1	0	1	1	1	0	1	1	97.5	95.1	2.0	SEMA6B	58.9	2.0
SEMA6B	canonical	1	888.0	574	1	1	0	1	1	1	0	1	1	71.5	89.2	2.0	SEMA6A	58.9	2.0
SEMA6D	canonical	1	1073.0	642	1	1	0	1	1	0	1	1	1	99.3	94.9		SEMA6A	58.3	1.0
SEMA7A	canonical	0	666.0	622	1	1	1	1	1	1	0	1	0	91.9	89.0	2.0	SEMA4B	33.3	3.0
SERINC2	canonical	10	455.0	92	0	0	0	1	1	0	0	0	1	86.8	82.6		SERINC1	44.8	
SERINC3	canonical	10	473.0	116	0	0	0	1	1	0	1	0	0	98.5	78.0		SERINC1	50.0	
SERINC5	canonical	9	423.0	92	0	0	1	1	1	0	1	0	0	89.2	81.8		SERINC1	30.7	
SEZ6	canonical	1	994.0	906	1	1	0	1	1	0	1	1	1	97.5	90.5		SUSD6	53.1	2.0
SEZ6L	canonical	1	1024.0	930	1	1	0	1	1	0	0	0	1	97.6	80.4		SEZ6L2	48.8	
SEZ6L2	canonical	1	910.0	817	1	1	0	1	1	0	1	1	1	96.1	96.0		SEZ6	48.8	5.0
SGCA	canonical	1	387.0	267	1	1	0	1	1	0	1	1	1	93.8	88.9		SGCE	42.3	1.0
SGCB	canonical	1	318.0	230	0	0	1	1	1	0	1	1	0	98.7	95.0				1.0
SGCD	canonical	1	289.0	233	0	0	1	1	1	1	0	1	1	98.3	94.1	2.0	SGCZ	57.5	1.0
SGCE	canonical	1	437.0	270	1	1	0	1	1	0	0	1	1	99.8	95.0		SGCA	42.3	1.0
SGCG	canonical	1	291.0	233	0	0	1	1	1	1	0	0	1	95.5	83.5	2.0	SGCZ	58.4	
SGCZ	canonical	1	299.0	241	0	0	1	1	1	1	0	1	1	99.0	95.2	2.0	SGCG	58.4	1.0
SGMS2	canonical	6	365.0	73	0	0	0	1	1	1	0	0	1	99.2	91.5	2.0	SGMS1	71.2	
SHISA6	canonical	1	500.0	151	1	1	0	1	1	0	0	1	0	98.4	89.1		SHISA8	48.0	1.0
SHISA7	canonical	1	538.0	166	1	1	0	1	0	0	0	1	0		92.9		SHISA8	54.9	2.0
SHISA9	canonical	1	424.0	128	1	1	0	1	0	0	0	1	1		93.6		SHISA8	58.8	1.0
SIGIRR	canonical	1	410.0	118	0	1	0	1	1	0	0	1	0	95.6	81.5		LAG3	42.4	1.0
SIGLEC1	canonical	1	1709.0	1622	1	1	0	1	1	0	1	1	0	95.0	72.6		SIGLECL1	52.3	4.0
SIGLEC10	canonical	1	697.0	535	1	1	0	0	1	0	1	1	1	90.4			SIGLEC11	82.8	3.0
SIGLEC11	canonical	1	698.0	538	1	1	0	0	0	0	0	1	1				SIGLEC16	95.5	3.0
SIGLEC14	canonical	1	396.0	339	1	1	0	0	0	0	0	1	1				SIGLEC9	54.4	3.0
SIGLEC15	canonical	1	328.0	244	1	1	0	1	1	0	0	1	0	93.0	81.4		SIGLEC1	45.1	2.0
SIGLEC5	canonical	1	551.0	422	1	1	0	0	0	0	0	1	0						3.0
SIGLEC6	canonical	1	453.0	323	1	1	0	0	1	0	1	1	1	84.1			CD33	67.1	2.0
SIGLEC7	canonical	1	467.0	334	1	1	0	0	0	0	1	1	1				SIGLEC9	78.7	2.0
SIGLEC8	canonical	1	499.0	347	1	1	0	0	0	0	0	1	1				SIGLEC12	72.6	2.0
SIGLEC9	canonical	1	463.0	333	1	1	0	0	0	0	0	1	1				SIGLEC7	78.7	1.0
SIRPA	canonical	1	504.0	343	1	1	0	0	0	0	0	1	1				SIRPB1	85.0	1.0
SIRPB1	canonical	1	398.0	341	1	1	0	0	0	0	0	1	1				SIRPA	85.0	2.0
SIRPB2	canonical	1	342.0	260	1	1	0	0	1	0	1	1	0	93.6			SIRPD	32.7	2.0
SIRPG	canonical	1	387.0	341	1	1	0	0	0	0	0	1	1				SIRPA	78.3	3.0
SLAMF1	canonical	1	335.0	217	1	1	0	1	1	1	0	1	0	89.9	61.5	2.0	LY9	30.9	2.0
SLAMF6	canonical	1	332.0	204	1	1	0	0	1	1	0	1	0	67.2		2.0	CD84	36.8	2.0
SLAMF7	canonical	1	335.0	203	1	1	0	0	1	0	1	1	0	89.0			LY9	38.4	2.0
SLAMF9	canonical	1	289.0	218	1	1	0	1	1	0	0	1	0	85.1	57.4		LY9	37.2	3.0
SLC10A1	canonical	9	349.0	72	0	1	0	1	1	0	0	0	0	89.4	76.8		SLC10A4	34.7	
SLC10A2	canonical	9	348.0	70	0	1	0	1	1	0	0	0	0	96.3	80.5		SLC10A6	28.4	
SLC10A6	canonical	9	377.0	77	0	1	0	1	1	0	0	0	0	97.9	70.3		SLC10A4	29.9	
SLC12A2	canonical	12	1212.0	122	0	0	0	1	1	0	0	0	1	98.8	94.1		SLC12A1	64.5	
SLC12A3	canonical	12	1021.0	118	0	0	0	1	1	1	0	0	1	97.6	89.7	2.0	SLC12A2	47.9	
SLC12A4	canonical	12	1085.0	170	0	0	0	1	1	1	0	0	1	99.4	96.2	2.0	SLC12A6	58.9	
SLC12A5	canonical	12	1139.0	172	0	0	0	1	1	0	0	1	1	98.0	97.3		SLC12A6	61.3	2.0
SLC12A6	canonical	12	1150.0	164	0	0	0	1	1	0	0	0	1	99.4	98.2		SLC12A5	61.3	
SLC12A7	canonical	12	1083.0	168	0	0	0	1	1	0	1	1	1	95.4	91.0		SLC12A5	61.3	1.0
SLC12A8	canonical	12	714.0	71	0	0	0	1	1	0	1	0	0	96.2	80.1		SLC12A2	38.0	
SLC13A1	canonical	15	595.0	150	0	0	1	1	1	1	0	0	1	90.1	81.0	2.0	SLC13A4	54.1	
SLC13A2	canonical	15	592.0	154	0	0	1	1	0	1	1	0	1		76.2	2.0	SLC13A5	52.9	
SLC13A3	canonical	15	602.0	147	0	0	1	1	1	1	1	0	1	85.9	87.7	2.0	SLC13A5	53.4	
SLC13A4	canonical	15	626.0	152	0	0	1	1	1	1	0	0	1	98.9	88.8	2.0	SLC13A1	54.1	
SLC13A5	canonical	15	568.0	137	0	0	1	1	1	1	1	0	1	97.2	74.8	2.0	SLC13A3	53.4	
SLC14A1	canonical	10	389.0	65	0	0	0	1	1	1	0	0	0	93.1	83.5	3.0	SLC14A2	55.4	
SLC14A2	canonical	20	920.0	165	0	0	0	0	1	1	1	0	0	95.9		2.0	SLC14A1	55.4	
SLC15A1	canonical	12	708.0	283	0	0	0	1	1	0	0	1	0	92.5	85.2		SLC15A5	33.7	1.0
SLC15A2	canonical	12	729.0	274	0	0	0	1	1	0	0	0	0	93.3	82.9		SLC15A3	33.3	
SLC16A1	canonical	12	500.0	60	0	0	0	1	1	0	1	0	1	96.6	86.0		SLC16A7	50.0	
SLC16A10	canonical	12	515.0	70	0	0	0	1	1	0	0	0	0	98.3	84.1		SLC16A2	38.2	
SLC16A12	canonical	12	516.0	62	0	0	0	1	1	0	0	0	1	98.6	81.8		SLC16A5	44.3	
SLC16A14	canonical	12	510.0	67	0	0	0	1	1	0	1	0	0	97.8	87.5		SLC16A9	36.5	
SLC16A2	canonical	12	539.0	73	0	0	0	1	1	0	0	0	0	99.1	94.2		SLC16A10	38.2	
SLC16A3	canonical	12	465.0	67	0	0	0	1	0	0	0	0	1		89.7		SLC16A8	56.9	
SLC16A4	canonical	12	487.0	65	0	0	0	1	1	0	1	0	0	96.9	82.8		SLC16A13	35.5	
SLC16A5	canonical	12	505.0	64	0	0	0	0	1	0	0	0	0	85.5			SLC16A12	44.3	
SLC16A6	canonical	12	523.0	73	0	0	0	1	1	0	0	0	0	98.3	84.7		SLC16A5	38.1	
SLC16A7	canonical	12	478.0	71	0	0	0	1	1	0	0	0	1	93.9	72.8		SLC16A3	50.8	
SLC16A8	canonical	12	504.0	70	0	0	0	1	1	0	0	0	1	64.3	82.7		SLC16A3	56.9	
SLC16A9	canonical	12	509.0	64	0	0	0	1	1	0	0	0	0	98.2	87.8		SLC16A14	36.5	
SLC17A1	canonical	12	467.0	89	0	0	0	1	1	0	0	0	0	84.4	65.3		SLC17A4	43.4	
SLC17A3	canonical	10	420.0	91	0	0	0	1	1	0	1	0	1	93.0	64.7		SLC17A4	35.0	
SLC17A4	canonical	12	497.0	96	0	0	0	1	1	0	1	0	1	98.4	78.3		SLC17A2	50.5	
SLC19A1	canonical	12	591.0	71	0	0	0	1	1	0	1	0	1	89.8	57.5		SLC19A3	48.4	
SLC19A2	canonical	12	497.0	70	0	0	0	1	1	0	1	0	1	98.4	90.5		SLC19A3	54.0	
SLC19A3	canonical	12	496.0	69	0	0	0	1	1	0	0	0	1	95.0	68.3		SLC19A2	54.0	
SLC1A1	canonical	8	524.0	190	0	0	0	1	1	1	0	0	1	98.5	90.1	3.0	SLC1A7	56.1	
SLC1A2	canonical	8	574.0	195	0	0	0	1	1	1	0	1	1	99.0	95.1	3.0	SLC1A1	50.5	1.0
SLC1A3	canonical	8	542.0	190	0	0	0	1	1	1	0	0	1	99.6	96.7	3.0	SLC1A6	73.7	
SLC1A4	canonical	8	532.0	178	0	0	0	1	1	1	1	0	1	98.9	89.8	3.0	SLC1A5	55.6	
SLC1A5	canonical	8	541.0	173	0	0	0	1	1	1	1	0	1	97.6	83.2	3.0	SLC1A4	55.6	
SLC1A6	canonical	8	564.0	210	0	0	0	1	1	1	1	0	1	98.4	95.0	2.0	SLC1A3	73.7	
SLC1A7	canonical	8	560.0	202	0	0	0	1	1	1	1	0	1	98.2	92.3	3.0	SLC1A3	61.9	
SLC20A1	canonical	10	679.0	102	0	1	1	1	1	0	0	0	1	97.6	91.5		SLC20A2	58.0	
SLC20A2	canonical	12	652.0	93	0	1	1	1	1	0	0	0	1	99.4	91.7		SLC20A1	58.0	
SLC22A1	canonical	12	554.0	139	0	0	0	1	1	0	1	0	1	94.4	77.8		SLC22A2	78.8	
SLC22A11	canonical	12	550.0	133	0	0	0	0	1	0	1	0	1	96.0			SLC22A12	73.3	
SLC22A12	canonical	12	553.0	145	0	0	0	1	1	0	1	0	1	95.5	74.0		SLC22A11	73.3	
SLC22A13	canonical	12	551.0	127	0	0	0	0	1	0	1	0	0	95.5			SLC22A8	38.2	
SLC22A15	canonical	12	547.0	112	0	0	0	1	1	0	1	0	0	96.7	93.8		SVOPL	41.5	
SLC22A16	canonical	12	577.0	140	0	0	0	0	1	0	1	0	0	95.3			SVOPL	39.0	
SLC22A17	canonical	12	649.0	148	0	0	0	1	1	0	1	0	0	80.5	95.7		SVOPL	42.6	
SLC22A2	canonical	12	555.0	140	0	0	0	1	1	0	1	0	1	90.8	83.1		SLC22A1	78.8	
SLC22A24	canonical	12	552.0	144	0	0	0	0	0	0	1	0	1				SLC22A9	83.0	
SLC22A3	canonical	12	556.0	146	0	0	0	1	1	0	0	0	1	97.3	86.7		SLC22A1	50.0	
SLC22A4	canonical	12	551.0	134	0	0	0	1	0	0	0	0	1		85.1		SLC22A5	88.4	
SLC22A5	canonical	12	557.0	136	0	0	0	0	0	0	1	0	1				SLC22A4	88.4	
SLC22A6	canonical	12	563.0	132	0	0	0	1	1	0	1	0	1	96.9	85.1		SLC22A8	52.7	
SLC22A7	canonical	12	548.0	136	0	0	0	1	1	0	1	0	1	96.9	76.1		SLC22A6	45.6	
SLC22A8	canonical	12	542.0	111	0	0	0	1	1	0	1	0	1	96.3	77.5		SLC22A6	52.7	
SLC22A9	canonical	12	553.0	136	0	0	0	0	0	0	1	0	1				SLC22A24	83.0	
SLC23A1	canonical	14	598.0	123	0	0	0	1	1	1	1	0	1	97.3	90.8	2.0	SLC23A2	54.7	
SLC23A2	canonical	14	650.0	120	0	0	0	1	1	1	1	0	1	95.8	94.6	2.0	SLC23A1	54.7	
SLC24A1	canonical	13	1099.0	650	0	0	1	1	1	0	1	0	0	83.7	69.4		SLC24A2	39.4	
SLC24A2	canonical	11	661.0	139	0	0	1	1	1	0	0	0	0	98.3	87.6		SLC24A1	39.4	
SLC24A3	canonical	11	644.0	126	0	0	1	1	1	0	0	0	1	78.0	96.6		SLC24A4	58.5	
SLC24A4	canonical	11	622.0	120	0	0	1	1	1	0	1	0	1	98.7	93.9		SLC24A3	58.5	
SLC26A1	canonical	12	701.0	119	0	0	0	1	0	1	1	0	1		78.7	2.0	SLC26A2	47.1	
SLC26A11	canonical	12	606.0	96	0	0	0	1	1	1	0	0	0	92.9	80.5	2.0	SLC26A7	29.3	
SLC26A2	canonical	12	739.0	124	0	0	0	1	1	1	0	0	1	96.5	80.9	2.0	SLC26A1	47.1	
SLC26A3	canonical	14	764.0	114	0	0	0	1	1	1	0	0	0	88.1	80.6	2.0	SLC26A6	31.2	
SLC26A4	canonical	14	780.0	101	0	0	0	1	1	1	1	0	0	97.9	87.6	2.0	SLC26A5	41.6	
SLC26A5	canonical	14	744.0	119	0	0	0	1	1	1	1	0	1	88.6	95.0	2.0	SLC26A4	41.6	
SLC26A6	canonical	12	759.0	104	0	0	0	1	1	1	0	0	0	94.9	77.3	2.0	SLC26A1	37.3	
SLC26A7	canonical	12	656.0	104	0	0	0	1	1	1	0	0	0	97.1	87.7	2.0	SLC26A2	31.4	
SLC26A8	canonical	12	970.0	109	0	0	0	1	1	1	1	0	0	94.9	65.7	2.0	SLC26A9	29.6	
SLC26A9	canonical	14	791.0	138	0	0	0	1	1	1	0	0	1	98.0	89.8	2.0	SLC26A5	36.1	
SLC28A1	canonical	11	649.0	246	0	0	1	1	0	1	1	0	1		83.8	3.0	SLC28A2	70.2	
SLC28A2	canonical	11	658.0	265	0	0	1	0	1	1	0	0	1	87.4		3.0	SLC28A1	70.2	
SLC28A3	canonical	11	691.0	268	0	0	1	1	1	1	0	0	1	95.7	78.0	3.0	SLC28A1	50.0	
SLC29A1	canonical	11	456.0	99	0	0	1	1	1	0	0	0	0	99.3	79.8		SLC29A2	36.0	
SLC29A2	canonical	11	456.0	88	0	0	1	1	1	0	1	0	0	97.1	88.8		SLC29A1	36.0	
SLC29A4	canonical	11	530.0	81	0	0	1	1	1	0	0	0	0	95.3	86.6		SLC29A2	22.4	
SLC2A1	canonical	12	492.0	65	0	0	0	1	1	0	0	0	1	99.2	97.2		SLC2A4	62.5	
SLC2A11	canonical	12	496.0	66	0	0	0	0	1	0	1	0	1	71.5			SLC2A9	49.2	
SLC2A14	canonical	12	520.0	71	0	0	0	0	1	0	1	0	1	87.3			SLC2A3	87.3	
SLC2A2	canonical	12	524.0	101	0	0	0	1	1	0	1	0	0	97.3	81.9		SLC2A4	47.1	
SLC2A3	canonical	12	496.0	71	0	0	0	0	1	0	0	0	1	97.6			SLC2A14	87.3	
SLC2A5	canonical	12	501.0	76	0	0	0	1	1	0	1	0	1	96.4	82.8		SLC2A7	50.0	
SLC2A7	canonical	12	512.0	78	0	0	0	1	1	0	0	0	1	93.9	75.8		SLC2A5	50.0	
SLC2A9	canonical	12	540.0	72	0	0	0	1	1	0	0	0	1	78.5	80.9		SLC2A11	49.2	
SLC30A1	canonical	6	507.0	60	0	0	0	1	1	1	0	0	0	97.8	85.2	2.0	SLC30A6	50.0	
SLC30A10	canonical	6	485.0	33	0	0	0	1	1	1	1	0	0	85.8	78.1	2.0	SLC30A6	36.4	
SLC31A1	canonical	3	190.0	70	0	1	0	1	1	1	0	0	0	98.9	92.6	3.0	SLC31A2	33.3	
SLC34A1	canonical	10	639.0	158	0	0	0	1	1	0	1	0	1	96.4	90.9		SLC34A2	53.9	
SLC34A2	canonical	10	690.0	171	0	0	0	1	1	0	0	1	1	94.3	79.0		SLC34A1	53.9	1.0
SLC34A3	canonical	10	599.0	155	0	0	0	1	1	0	0	0	1	94.8	79.8		SLC34A1	47.1	
SLC35F2	canonical	10	374.0	51	0	0	0	1	1	0	1	0	1	97.6	89.8		SLC35F1	54.9	
SLC35G2	canonical	10	412.0	56	0	0	0	1	1	1	0	0	0	98.5	92.2	2.0	SLC35G3	37.5	
SLC36A1	canonical	11	476.0	106	0	0	1	1	1	0	1	0	1	98.5	85.9		SLC36A2	70.3	
SLC36A2	canonical	11	483.0	101	0	0	1	1	1	0	1	0	1	90.7	81.6		SLC36A1	70.3	
SLC38A1	canonical	11	487.0	97	0	0	1	1	1	0	0	0	1	94.0	93.0		SLC38A4	47.3	
SLC38A2	canonical	11	506.0	107	0	0	1	1	1	0	1	0	1	96.6	88.1		SLC38A3	47.2	
SLC38A3	canonical	11	504.0	117	0	0	1	1	1	0	0	0	1	97.4	90.1		SLC38A4	50.0	
SLC38A4	canonical	11	547.0	149	0	0	1	1	1	0	0	0	0	97.1	87.0		SLC38A3	50.0	
SLC38A5	canonical	11	472.0	102	0	0	1	1	1	0	0	0	1	69.1	87.5		SLC38A3	45.1	
SLC38A6	canonical	11	456.0	90	0	0	1	1	1	0	0	0	1	96.1	82.7		SLC38A4	47.8	
SLC39A1	canonical	8	324.0	71	0	1	1	1	0	1	1	0	0		93.8	2.0	SLC39A3	24.5	
SLC39A10	canonical	6	831.0	436	1	1	1	1	1	1	1	1	0	99.5	87.4	2.0	SLC39A5	36.8	1.0
SLC39A12	canonical	6	691.0	379	1	1	1	1	0	1	1	1	0		77.6	2.0	SLC39A14	34.6	1.0
SLC39A14	canonical	6	492.0	155	1	1	1	1	1	1	1	1	0	94.1	86.4	2.0	SLC39A8	38.7	1.0
SLC39A2	canonical	8	309.0	68	0	1	1	1	1	1	1	0	0	96.4	78.3	2.0	SLC39A3	28.6	
SLC39A4	canonical	6	647.0	336	1	1	1	1	1	1	0	1	0	94.3	72.0	2.0	SLC39A8	31.6	1.0
SLC39A5	canonical	6	540.0	235	1	1	1	1	1	1	0	1	0	97.6	83.5	2.0	SLC39A10	36.8	1.0
SLC39A6	canonical	6	755.0	361	1	1	1	1	1	1	1	1	0	96.2	87.3	2.0	SLC39A14	35.1	1.0
SLC39A8	canonical	6	460.0	137	1	1	1	1	1	1	1	0	0	99.8	89.3	2.0	SLC39A14	38.7	
SLC3A1	canonical	1	685.0	575	0	0	1	1	1	1	1	1	0	93.0	80.4	2.0	SLC3A2	32.5	1.0
SLC3A2	canonical	1	529.0	425	0	0	1	1	1	0	0	0	0	96.0	74.7		SLC3A1	32.5	
SLC40A1	canonical	12	571.0	105	0	0	0	1	1	0	0	0	0	99.3	90.5				
SLC41A1	canonical	11	513.0	66	0	0	1	1	1	0	0	0	1	99.8	97.9		SLC41A2	66.1	
SLC41A2	canonical	11	573.0	62	0	0	1	1	1	0	0	0	1	99.5	91.1		SLC41A1	66.1	
SLC43A1	canonical	12	559.0	102	0	0	0	1	1	0	0	0	1	90.2	83.5		SLC43A2	56.2	
SLC43A2	canonical	12	569.0	101	0	0	0	1	0	0	1	0	1		91.4		SLC43A1	56.2	
SLC43A3	canonical	12	491.0	90	0	0	0	1	1	0	0	0	0	96.1	74.3				
SLC44A1	canonical	10	657.0	222	0	0	0	1	1	0	0	1	1	98.6	95.3		SLC44A3	43.8	1.0
SLC44A2	canonical	10	706.0	293	0	0	0	1	1	0	0	1	1	94.1	90.9		SLC44A5	44.9	1.0
SLC44A4	canonical	10	710.0	291	0	0	0	1	1	0	1	1	0	96.9	82.0		SLC44A2	39.0	2.0
SLC44A5	canonical	10	719.0	305	0	0	0	1	1	0	0	0	1	96.2	68.8		SLC44A2	44.9	
SLC46A1	canonical	12	459.0	88	0	0	0	1	1	0	0	0	0	98.3	87.1		SLC46A3	34.1	
SLC46A2	canonical	12	475.0	77	0	0	0	1	1	0	0	0	0	97.1	77.5		SLC46A3	31.1	
SLC47A1	canonical	13	570.0	72	0	0	1	1	1	0	1	0	1	95.1	78.2		SLC47A2	66.7	
SLC47A2	canonical	13	602.0	73	0	0	1	0	1	0	1	0	1	91.2			SLC47A1	66.7	
SLC4A1	canonical	14	911.0	102	0	0	0	1	1	1	0	0	1	94.5	82.4	2.0	SLC4A3	57.6	
SLC4A10	canonical	14	1118.0	131	0	0	0	1	1	0	1	0	1	97.0	95.0		SLC4A7	65.4	
SLC4A11	canonical	14	875.0	144	0	0	0	1	1	1	1	0	0	96.8	84.0	2.0	SLC4A1	26.0	
SLC4A2	canonical	14	1241.0	129	0	0	0	1	1	0	0	0	1	96.9	94.4		SLC4A1	55.1	
SLC4A3	canonical	14	1232.0	138	0	0	0	1	1	0	0	0	1	98.4	95.5		SLC4A1	57.6	
SLC4A4	canonical	14	1079.0	256	0	0	0	1	1	0	1	1	1	95.6	97.0		SLC4A5	52.7	1.0
SLC4A7	canonical	14	1214.0	141	0	0	0	1	1	0	1	1	1	99.3	84.9		SLC4A8	66.0	1.0
SLC4A8	canonical	14	1093.0	146	0	0	0	1	1	0	1	1	1	99.6	96.0		SLC4A7	66.0	1.0
SLC4A9	canonical	12	983.0	221	0	0	0	1	1	1	1	0	1	97.6	82.3	2.0	SLC4A5	46.6	
SLC51A	canonical	7	340.0	88	0	1	0	1	1	1	0	0	0	93.2	82.4	2.0	TMEM184C	23.1	
SLC51B	canonical	1	128.0	39	0	1	0	1	1	0	0	0	0	95.3	63.3				
SLC52A1	canonical	11	448.0	98	0	0	1	0	1	0	1	0	1	96.4			SLC52A2	90.4	
SLC52A2	canonical	11	445.0	94	0	0	1	0	1	0	0	0	1	96.2			SLC52A1	90.4	
SLC52A3	canonical	11	469.0	138	0	0	1	1	1	0	1	0	0	97.2	74.0		SLC52A2	45.2	
SLC5A1	canonical	14	664.0	179	0	1	1	1	1	0	1	1	1	95.9	88.0		SLC5A4	69.1	1.0
SLC5A10	canonical	14	596.0	167	0	1	1	1	1	0	1	0	1	98.0	88.6		SLC5A9	65.2	
SLC5A11	canonical	14	675.0	189	0	1	1	1	1	0	1	0	1	97.3	86.2		SLC5A10	48.8	
SLC5A2	canonical	14	672.0	178	0	1	1	1	1	0	1	0	1	97.6	90.6		SLC5A1	60.9	
SLC5A3	canonical	14	718.0	164	0	1	1	1	0	0	0	0	1		93.9		SLC5A9	49.7	
SLC5A4	canonical	14	659.0	180	0	1	1	1	1	0	0	0	1	95.3	78.8		SLC5A1	69.1	
SLC5A5	canonical	13	643.0	170	0	1	0	1	1	0	0	0	1	97.7	81.0		SLC5A12	51.4	
SLC5A6	canonical	13	635.0	177	0	1	0	1	1	0	0	0	0	95.3	82.5		SLC5A8	39.6	
SLC5A8	canonical	13	610.0	167	0	1	0	1	1	0	0	0	1	97.9	86.6		SLC5A12	52.0	
SLC5A9	canonical	14	681.0	179	0	1	1	1	1	0	0	0	1	96.3	85.5		SLC5A10	65.2	
SLC60A2	canonical	12	518.0	94	0	0	0	0	1	1	0	0	0	89.6		2.0	SLC60A1	24.2	
SLC61A1	canonical	13	450.0	63	0	1	0	1	1	0	0	0	0	99.3	96.2		SLC67A2	28.0	
SLC68A1	canonical	12	517.0	89	0	0	0	1	1	0	0	0	0	97.7	89.2				
SLC6A1	canonical	12	599.0	138	0	0	0	1	1	0	0	0	1	100.0	98.0		SLC6A11	55.3	
SLC6A11	canonical	12	632.0	142	0	0	0	1	1	0	1	0	1	64.4	93.5		SLC6A13	72.7	
SLC6A12	canonical	12	614.0	146	0	0	0	1	1	0	0	0	1	95.4	87.8		SLC6A13	70.6	
SLC6A13	canonical	12	602.0	143	0	0	0	1	1	0	1	0	1	98.2	91.0		SLC6A11	72.7	
SLC6A14	canonical	12	642.0	165	0	0	0	0	1	0	0	0	0	97.4			SLC6A6	42.0	
SLC6A15	canonical	12	730.0	226	0	0	0	1	1	0	1	0	1	98.6	91.5		SLC6A17	64.4	
SLC6A18	canonical	12	628.0	208	0	0	0	1	1	0	0	0	1	85.2	72.9		SLC6A19	49.3	
SLC6A19	canonical	12	634.0	205	0	0	0	1	1	0	0	0	1	81.7	86.8		SLC6A18	49.3	
SLC6A2	canonical	12	617.0	151	0	0	0	1	1	0	1	0	1	95.8	94.3		SLC6A3	61.4	
SLC6A20	canonical	12	592.0	200	0	0	0	0	1	0	0	0	1	97.8			SLC6A15	43.1	
SLC6A3	canonical	12	620.0	148	0	0	0	1	1	0	0	0	1	98.9	93.5		SLC6A2	61.4	
SLC6A4	canonical	12	630.0	145	0	0	0	1	1	0	0	0	1	97.8	92.5		SLC6A3	47.9	
SLC6A5	canonical	12	797.0	172	0	0	0	1	1	0	1	0	1	98.5	93.2		SLC6A7	50.3	
SLC6A6	canonical	12	620.0	145	0	0	0	1	1	0	1	0	1	99.4	93.4		SLC6A13	69.7	
SLC6A7	canonical	12	636.0	147	0	0	0	1	1	0	0	0	1	95.3	97.6		SLC6A9	51.8	
SLC6A8	canonical	12	635.0	148	0	0	0	0	0	0	1	0	1				SLC6A11	64.3	
SLC6A9	canonical	12	706.0	151	0	0	0	1	1	0	0	0	1	91.9	96.2		SLC6A7	51.8	
SLC7A1	canonical	14	629.0	128	0	0	0	1	1	0	0	0	1	98.6	86.6		SLC7A3	50.0	
SLC7A10	canonical	12	523.0	68	0	0	0	1	0	0	0	0	1		92.9		SLC7A8	64.7	
SLC7A11	canonical	12	501.0	67	0	0	0	1	1	0	0	0	1	98.2	89.2		SLC7A8	46.9	
SLC7A13	canonical	12	470.0	73	0	0	0	1	1	0	1	0	0	97.0	69.8		SLC7A6	43.8	
SLC7A2	canonical	14	658.0	122	0	0	0	1	1	0	0	0	1	97.1	88.1		SLC7A1	47.9	
SLC7A3	canonical	14	619.0	128	0	0	0	1	1	0	0	0	1	96.9	81.6		SLC7A1	50.0	
SLC7A4	canonical	14	635.0	103	0	0	0	1	1	0	0	0	0	97.5	81.4		SLC7A1	42.7	
SLC7A5	canonical	12	507.0	70	0	0	0	1	1	0	0	0	1	75.1	91.9		SLC7A8	48.5	
SLC7A6	canonical	12	515.0	66	0	0	0	1	1	0	0	0	1	98.1	89.1		SLC7A7	62.1	
SLC7A7	canonical	12	511.0	67	0	0	0	1	1	0	0	0	1	98.6	90.2		SLC7A6	62.1	
SLC7A8	canonical	12	535.0	68	0	0	0	1	1	0	1	0	1	98.7	91.2		SLC7A10	64.7	
SLC7A9	canonical	12	487.0	72	0	0	0	1	1	0	0	0	1	95.1	86.9		SLC7A11	44.8	
SLC8A1	canonical	10	973.0	105	1	1	1	1	1	0	0	0	1	99.2	94.8		FRAS1	67.4	
SLC8A2	canonical	12	921.0	112	1	1	1	1	1	0	0	0	1	99.8	94.5		FREM2	66.7	
SLC9A1	canonical	12	815.0	172	0	0	0	1	0	1	1	1	1		92.9	2.0	SLC9A2	48.0	1.0
SLC9A2	canonical	11	812.0	153	1	1	0	1	1	1	0	1	1	96.6	91.1	2.0	SLC9A4	63.8	1.0
SLC9A3	canonical	11	834.0	134	1	1	0	1	1	1	1	0	1	82.3	83.3	2.0	SLC9A5	45.5	
SLC9A4	canonical	11	798.0	152	1	1	0	1	1	1	0	0	1	97.0	83.3	2.0	SLC9A2	63.8	
SLC9A8	canonical	13	581.0	130	0	1	0	1	1	1	0	0	0	99.7	95.7	2.0	SLC9A6	26.9	
SLC9B1	canonical	14	515.0	92	0	0	0	1	1	1	1	0	1	91.7	65.6	2.0	SLC9B2	50.0	
SLC9C1	canonical	17	1177.0	115	0	1	0	1	1	0	0	0	0	84.1	66.3		SLC9A6	26.3	
SLCO1A2	canonical	12	670.0	247	0	0	0	0	1	0	1	0	1	96.1			SLCO1C1	50.4	
SLCO1B1	canonical	12	691.0	251	0	0	0	0	0	0	0	0	1				SLCO1B3	82.4	
SLCO1B3	canonical	12	702.0	254	0	0	0	0	1	0	1	0	1	90.7			SLCO1B1	82.4	
SLCO1C1	canonical	12	712.0	257	0	0	0	1	1	0	1	0	1	98.5	84.0		SLCO1A2	50.4	
SLCO2A1	canonical	12	643.0	238	0	0	0	1	1	0	0	0	1	97.4	83.2		SLCO2B1	43.6	
SLCO2B1	canonical	12	709.0	241	0	0	0	1	1	0	1	1	1	96.5	73.3		SLCO2A1	43.6	1.0
SLCO3A1	canonical	12	710.0	233	0	0	0	1	1	0	1	0	0	69.7	97.9		SLCO4A1	42.0	
SLCO4A1	canonical	12	722.0	225	0	0	0	1	1	0	1	0	1	92.2	75.5		SLCO4C1	45.4	
SLCO4C1	canonical	12	724.0	221	0	0	0	1	1	0	0	0	1	94.3	81.2		SLCO4A1	45.4	
SLCO5A1	canonical	12	848.0	260	0	0	0	1	1	0	1	1	0	98.0	88.6		SLCO4C1	40.7	1.0
SLITRK1	canonical	1	696.0	604	1	1	0	1	1	0	0	1	1	95.0	97.6		SLITRK2	46.3	1.0
SLITRK2	canonical	1	845.0	598	1	1	0	1	1	0	0	1	1	99.8	97.5		SLITRK5	57.2	3.0
SLITRK3	canonical	1	977.0	627	1	1	0	1	1	0	0	1	1	99.6	96.4		SLITRK2	51.0	2.0
SLITRK4	canonical	1	837.0	600	1	1	0	1	1	0	0	1	1	99.6	97.3		SLITRK5	53.5	2.0
SLITRK5	canonical	1	958.0	626	1	1	0	1	1	0	0	1	1	90.4	96.9		SLITRK2	57.2	1.0
SLITRK6	canonical	1	841.0	587	1	1	0	1	1	0	0	1	1	97.5	89.2		SLITRK4	48.9	1.0
SMIM1	canonical	1	78.0	8	0	0	1	1	1	0	0	0	0	94.9	80.8				
SMO	canonical	7	787.0	296	1	1	0	1	1	0	0	0	0	79.4	93.0		FZD8	29.3	
SMPDL3B	canonical	0	455.0	437	1	1	1	1	1	0	0	0	0	67.0	75.2		SMPDL3A	40.1	
SNORC	canonical	1	121.0	67	1	1	0	1	1	0	0	0	0	98.3	81.0				
SOD3	canonical	0	240.0	222	1	1	1	1	1	1	0	0	0	94.6	65.8	2.0			
SORCS2	canonical	1	1159.0	1029	1	1	0	1	0	0	0	1	1		86.0		SORCS1	47.8	2.0
SORCS3	canonical	1	1222.0	1092	1	1	0	1	1	0	0	1	1	98.6	92.4		SORCS1	67.8	6.0
SORL1	canonical	1	2214.0	2110	1	1	0	1	1	0	0	1	0	93.6	93.2		SORT1	33.8	8.0
SORT1	canonical	1	831.0	725	1	1	0	1	1	0	0	1	0	98.7	90.5		SORL1	33.8	3.0
SPACA1	canonical	1	294.0	188	1	1	0	1	1	0	0	1	0	91.2	70.4				1.0
SPACA4	canonical	0	124.0	105	1	1	1	1	1	0	0	1	0	91.1	66.1				1.0
SPACA6	canonical	1	324.0	268	1	1	0	1	1	0	1	0	0	96.3	63.6				
SPAG8	canonical	0	485.0	0	0	0	0	1	1	0	0	0	0	90.9	58.1				
SPAM1	canonical	0	509.0	474	1	1	1	0	1	0	0	1	1	87.8			HYAL4	46.8	1.0
SPESP1	canonical	0	350.0	331	1	1	1	0	1	0	0	0	0	92.3					
SPINT1	canonical	1	529.0	432	1	1	0	1	0	0	0	0	0		79.5		SPINT2	43.0	
SPINT2	canonical	1	252.0	172	1	1	0	1	1	0	0	1	0	96.0	70.6		SPINT1	43.0	2.0
SPN	canonical	1	400.0	236	1	1	0	1	1	0	0	0	0	89.5	50.5				
SPNS2	canonical	12	549.0	83	0	0	0	1	0	0	0	0	1		96.0		SPNS1	45.8	
SPPL2B	canonical	9	592.0	201	1	1	0	1	1	0	1	0	1	75.5	77.4		SPPL2C	51.2	
SSPN	canonical	4	243.0	56	0	0	0	1	1	0	1	0	0	97.9	75.3				
SSTR1	canonical	7	391.0	106	0	1	0	1	1	1	0	0	1	100.0	98.7	2.0	SSTR4	42.1	
SSTR2	canonical	7	369.0	98	0	1	0	1	1	0	0	0	0	91.1	93.8		SSTR3	37.9	
SSTR3	canonical	7	418.0	96	0	1	0	1	0	0	0	0	1		85.4		SSTR5	44.4	
SSTR4	canonical	7	388.0	95	0	1	0	1	1	0	0	0	1	93.8	88.4		SSTR1	42.1	
SSTR5	canonical	7	364.0	90	0	1	0	1	1	0	0	0	1	54.4	79.9		SSTR3	44.4	
ST14	canonical	1	855.0	778	0	0	1	1	1	0	0	0	0	96.4	81.9		TMPRSS11E	42.8	
STAB1	canonical	1	2570.0	2450	1	1	0	1	1	0	1	1	1	96.6	81.8		STAB2	42.6	23.0
STAB2	canonical	1	2551.0	2439	1	1	0	1	1	0	0	1	1	95.3	78.3		STAB1	42.6	12.0
STEAP1	canonical	6	339.0	76	0	0	0	0	0	1	0	0	1			3.0	STEAP1B	98.2	
STEAP1B	canonical	5	245.0	57	0	0	1	0	0	1	0	0	1			2.0	STEAP1	98.2	
STEAP2	canonical	6	490.0	73	0	0	0	1	1	1	1	0	1	99.0	96.5	3.0	STEAP1B	59.6	
STEAP3	canonical	6	488.0	73	0	0	0	1	1	1	1	0	1	97.6	85.1	3.0	STEAP2	54.8	
STEAP4	canonical	6	459.0	72	0	0	0	1	1	1	1	0	0	97.4	82.4	3.0	STEAP3	34.3	
STOM	canonical	2	288.0	1	0	0	0	1	1	1	1	0	1	99.0	86.1	2.0	STOML3	0.0	
STRA6	canonical	9	667.0	170	0	1	0	1	1	1	1	0	0	95.4	74.1	2.0			
STRC	canonical	0	1775.0	1754	1	1	1	1	1	0	0	0	0	97.1	87.4		MSLN	37.0	
SUCNR1	canonical	7	334.0	93	0	1	0	1	1	1	0	0	0	92.2	68.3	2.0	OXGR1	34.1	
SULF1	canonical	0	871.0	849	1	1	1	1	1	0	0	0	1	97.0	93.0		SULF2	67.7	
SULF2	canonical	0	870.0	846	1	1	1	1	1	0	0	0	1	99.2	94.3		SULF1	67.7	
SUSD2	canonical	1	822.0	759	1	1	0	1	1	0	0	1	0	84.9	76.2		MUC4	34.5	1.0
SUSD3	canonical	1	255.0	105	0	1	0	1	1	0	1	1	0	74.5	64.3		CSMD2	65.7	1.0
SUSD4	canonical	1	490.0	274	1	1	0	1	1	0	1	1	0	95.9	91.2		CSMD1	54.0	2.0
SYNDIG1	canonical	3	258.0	12	0	0	1	1	1	0	0	0	1	82.6	93.0		SYNDIG1L	58.3	
TAAR6	canonical	7	345.0	88	0	1	0	0	1	0	0	0	1	94.8			TAAR8	74.7	
TAAR8	canonical	7	342.0	87	0	1	0	0	0	0	0	0	1				TAAR6	74.7	
TAAR9	canonical	7	348.0	90	0	1	0	1	0	0	0	0	1		86.8		TAAR8	64.4	
TACR1	canonical	7	407.0	82	0	1	0	1	1	0	0	0	0	99.5	94.6		TACR3	47.6	
TACR2	canonical	7	398.0	92	0	1	0	1	1	0	0	0	0	95.0	82.4		TACR3	43.5	
TACR3	canonical	7	465.0	139	0	1	0	1	1	0	0	0	0	97.8	85.8		TACR1	47.6	
TACSTD2	canonical	1	323.0	246	1	1	0	1	0	0	0	1	1		78.6		EPCAM	49.6	1.0
TARM1	canonical	1	271.0	215	1	1	0	0	1	0	0	1	0	86.3			VSTM1	47.1	1.0
TAS1R1	canonical	7	841.0	584	1	1	0	1	1	1	1	1	0	93.2	73.7	2.0	TAS1R2	38.0	2.0
TAS1R2	canonical	7	839.0	589	1	1	0	1	1	1	0	1	0	92.0	69.8	2.0	TAS1R1	38.0	2.0
TAS1R3	canonical	7	852.0	594	1	1	0	1	0	1	0	1	0		72.8	2.0	TAS1R1	36.3	2.0
TAS2R1	canonical	7	299.0	59	0	1	0	0	1	0	0	0	0	82.9			TAS2R39	30.0	
TAS2R10	canonical	7	307.0	50	0	1	0	0	1	0	0	0	0	91.2			TAS2R3	32.7	
TAS2R13	canonical	7	303.0	52	0	1	0	0	1	1	0	0	0	87.8		2.0	TAS2R9	34.1	
TAS2R14	canonical	7	317.0	51	0	1	0	0	0	0	0	0	0				TAS2R31	27.5	
TAS2R19	canonical	7	299.0	53	0	1	0	0	0	0	0	0	1				TAS2R30	62.3	
TAS2R20	canonical	7	309.0	56	0	1	0	0	0	0	0	0	1				TAS2R19	52.9	
TAS2R30	canonical	7	319.0	56	0	1	0	0	0	0	0	0	1				TAS2R46	76.8	
TAS2R31	canonical	7	309.0	57	0	1	0	0	0	0	0	0	1				TAS2R43	80.7	
TAS2R36	canonical	7	309.0	55	0	1	0	0	0	0	0	0	0						
TAS2R38	canonical	7	333.0	69	0	1	0	1	1	0	0	0	0	95.8	65.5		TAS2R30	30.8	
TAS2R39	canonical	7	338.0	80	0	1	0	1	1	0	0	0	0	92.9	51.2		TAS2R40	42.4	
TAS2R4	canonical	7	299.0	58	0	1	0	1	1	0	0	0	0	94.6	66.6		TAS2R3	32.6	
TAS2R40	canonical	7	323.0	68	0	1	0	1	1	0	0	0	0	95.7	65.0		TAS2R39	42.4	
TAS2R43	canonical	7	309.0	57	0	1	0	0	0	0	0	0	1				TAS2R46	82.1	
TAS2R45	canonical	7	299.0	58	0	1	0	0	0	0	0	0	0						
TAS2R46	canonical	7	309.0	56	0	1	0	0	0	1	0	0	1			2.0	TAS2R43	82.1	
TAS2R5	canonical	7	299.0	44	0	1	0	0	1	0	0	0	0	93.3			TAS2R3	32.5	
TAS2R50	canonical	7	299.0	53	0	1	0	0	0	0	0	0	1				TAS2R30	64.2	
TAS2R7	canonical	7	318.0	66	0	1	0	1	1	0	0	0	0	94.0	67.0		TAS2R8	35.8	
TAS2R8	canonical	7	309.0	53	0	1	0	0	1	0	0	0	0	86.1			TAS2R7	35.8	
TAS2R9	canonical	7	312.0	50	0	1	0	0	1	0	0	0	0	91.7			TAS2R13	34.1	
TBXA2R	canonical	7	343.0	88	0	1	0	1	0	0	0	0	0		74.6		PTGER1	34.6	
TEK	canonical	1	1124.0	724	1	1	0	1	1	0	0	1	0	98.5	92.9		LMTK2	65.0	4.0
TENM2	canonical	1	2774.0	2378	0	0	1	1	1	0	0	1	1	99.8	98.3		TENM3	70.8	4.0
TENM3	canonical	1	2699.0	2370	0	0	1	1	0	0	0	1	1		98.3		TENM2	70.8	8.0
TENM4	canonical	1	2769.0	2407	0	0	1	1	0	0	0	1	1		96.1		TENM3	70.3	3.0
TEX101	canonical	0	249.0	226	1	1	1	1	1	0	0	1	0	87.1	53.8		CD177	37.2	1.0
TFPI	canonical	0	304.0	276	1	1	1	1	1	0	0	1	0	90.5	59.2		TFPI2	39.0	2.0
TFR2	canonical	1	801.0	697	0	0	1	1	1	1	1	0	1	97.9	84.8	2.0	TFRC	48.2	
TFRC	canonical	1	760.0	674	0	0	1	1	1	1	0	0	1	91.1	76.6	2.0	TFR2	48.2	
TGFA	canonical	1	160.0	76	1	1	0	1	0	0	0	0	0		91.9		BTC	44.7	
TGFBR1	canonical	1	503.0	93	1	1	0	1	1	0	0	1	1	99.6	96.4		ACVR1C	39.8	1.0
TGFBR2	canonical	1	567.0	140	1	1	0	1	1	0	1	1	0	98.8	92.2		ACVR1	27.2	1.0
TGFBR3	canonical	1	851.0	768	1	1	0	1	1	0	0	1	0	98.1	81.4		TGFBR3L	30.6	2.0
TGFBR3L	canonical	1	292.0	229	1	1	0	1	0	0	0	0	0		76.0		ENG	34.5	
THBD	canonical	1	575.0	498	1	1	0	1	0	0	0	1	0		67.8				3.0
THBS1	canonical	0	1170.0	1152	1	1	1	1	1	0	0	0	1	99.2	94.7		THBS2	62.7	
THBS4	canonical	0	961.0	937	1	1	1	1	1	0	0	0	1	98.0	92.5		COMP	70.6	
THSD7A	canonical	1	1657.0	1559	1	1	0	1	1	0	0	1	1	97.5	90.5		THSD7B	51.7	7.0
THY1	canonical	0	161.0	142	1	1	1	1	1	0	0	1	0	92.5	69.6				1.0
TIE1	canonical	1	1138.0	742	1	1	0	1	1	0	1	1	0	95.6	92.6		LMTK2	65.0	3.0
TIGIT	canonical	1	244.0	120	1	1	0	1	1	1	0	1	0	88.1	59.4	2.0	NECTIN4	34.2	1.0
TIMD4	canonical	1	378.0	290	1	1	0	0	1	0	0	1	0	86.8			HAVCR1	39.3	1.0
TIMP2	canonical	0	220.0	194	1	1	1	1	1	0	0	0	1	100.0	98.2		TIMP4	50.5	
TIMP3	canonical	0	211.0	188	1	1	1	1	1	0	0	0	1	100.0	96.2		TIMP4	50.5	
TIMP4	canonical	0	224.0	195	1	1	1	1	1	0	0	0	1	96.9	88.8		TIMP3	50.5	
TLCD1	canonical	7	247.0	39	0	1	0	1	1	0	1	0	0	95.1	87.0		TLCD4	24.3	
TLR1	canonical	1	786.0	556	1	1	0	1	1	0	0	1	1	95.3	74.0		TLR6	63.5	2.0
TLR10	canonical	1	811.0	557	1	1	0	0	1	0	0	1	1	96.5			TLR1	45.5	3.0
TLR2	canonical	1	784.0	568	1	1	0	1	1	0	0	1	0	95.8	70.9		LRRC53	33.8	3.0
TLR4	canonical	1	839.0	608	1	1	0	1	1	0	0	1	0	92.7	66.9		LRRC3B	37.6	1.0
TLR5	canonical	1	858.0	619	1	1	0	1	1	0	0	1	0	94.9	72.3		LRRC3	43.6	1.0
TLR6	canonical	1	796.0	554	1	1	0	1	1	0	0	1	1	95.5	73.9		TLR1	63.5	1.0
TM4SF1	canonical	4	202.0	65	0	0	0	1	0	0	0	0	1		77.2		TM4SF18	52.4	
TM4SF18	canonical	4	201.0	67	0	0	0	0	1	0	0	0	1	97.0			TM4SF1	52.4	
TM4SF4	canonical	4	202.0	61	0	0	0	1	1	0	0	0	1	79.7	87.6		TM4SF5	49.2	
TM4SF5	canonical	4	197.0	62	0	0	0	1	1	0	0	0	1	93.4	81.7		TM4SF4	49.2	
TM7SF3	canonical	7	570.0	327	1	1	0	1	1	0	0	1	0	96.1	77.5				1.0
TMC4	canonical	10	712.0	193	0	0	0	1	1	0	1	0	0	94.2	74.8		TMC7	38.2	
TMEFF1	canonical	1	380.0	290	1	1	0	1	1	0	0	1	1	83.2	92.9		USH2A	54.5	1.0
TMEM114	canonical	4	223.0	102	0	0	0	1	1	1	0	0	0	96.9	84.8	2.0	TMEM235	42.4	
TMEM119	canonical	1	283.0	71	1	1	0	1	1	0	0	0	0	93.6	67.5				
TMEM123	canonical	1	208.0	142	1	1	0	1	1	0	0	0	0	82.7	50.0		CD164	31.0	
TMEM132A	canonical	1	1023.0	811	1	1	0	1	0	0	1	1	0		87.1		TMEM132E	37.2	3.0
TMEM150A	canonical	6	271.0	69	0	0	0	1	1	0	1	0	0	99.3	91.5		TMEM150B	46.7	
TMEM154	canonical	1	183.0	53	1	1	0	1	1	0	0	0	0	83.6	65.0				
TMEM181	canonical	8	475.0	189	0	0	0	1	1	0	0	0	0	97.3	91.6				
TMEM204	canonical	4	226.0	88	0	0	0	1	1	0	0	0	0	97.8	88.1				
TMEM219	canonical	2	240.0	161	0	0	0	1	1	0	0	1	0	98.8	83.8		TMEM248	32.3	1.0
TMEM233	canonical	3	109.0	11	0	0	1	1	1	0	0	0	0	97.2	86.2		PRRT1B	100.0	
TMEM63B	canonical	11	832.0	120	1	1	0	1	1	0	1	0	1	99.8	98.2		TMEM63A	64.2	
TMEM67	canonical	7	995.0	527	1	1	0	1	1	0	0	0	0	93.0	85.0				
TMEM81	canonical	1	255.0	202	1	1	0	1	0	0	0	0	0		71.8				
TMEM95	canonical	1	176.0	127	1	1	0	1	1	0	1	1	0	95.5	65.3				2.0
TMEM98	canonical	1	226.0	4	0	1	0	1	1	1	0	0	0	100.0	98.7	2.0			
TMIE	canonical	1	156.0	31	1	1	0	1	1	0	0	0	0	84.0	91.7				
TMIGD1	canonical	1	262.0	195	1	1	0	1	1	0	1	1	0	93.1	73.3				2.0
TMIGD2	canonical	1	282.0	127	1	1	0	0	1	0	0	1	0	84.5					2.0
TMPRSS11A	canonical	1	418.0	379	0	0	1	1	1	0	0	0	1	93.5	64.8		TMPRSS11F	46.2	
TMPRSS11D	canonical	1	418.0	378	0	0	1	1	1	0	0	0	1	92.6	66.5		TMPRSS11F	45.0	
TMPRSS11F	canonical	1	438.0	390	0	0	1	1	1	0	0	0	1	96.1	87.0		TMPRSS11A	46.2	
TMPRSS13	canonical	1	586.0	400	0	0	1	1	1	0	1	1	0	95.6	82.2		TMPRSS9	40.5	1.0
TMPRSS15	canonical	1	1019.0	980	0	0	1	1	0	0	0	1	0		75.1		HPN	40.2	5.0
TMPRSS2	canonical	1	492.0	387	0	0	1	1	1	0	0	0	1	87.4	78.0		TMPRSS3	47.3	
TMPRSS3	canonical	1	454.0	385	0	0	1	1	1	0	1	0	1	97.1	89.0		TMPRSS2	47.3	
TMPRSS5	canonical	1	457.0	388	0	0	1	1	0	0	0	1	0		78.3		TMPRSS6	43.0	1.0
TMPRSS6	canonical	1	811.0	736	0	0	1	1	1	0	0	1	0	91.9	83.5		TMPRSS5	43.0	1.0
TNC	canonical	0	2201.0	2179	1	1	1	1	1	0	0	0	0	97.3	84.1		MFAP4	49.4	
TNFRSF10A	canonical	1	468.0	226	1	1	0	0	1	0	0	0	1	84.6			TNFRSF10B	50.6	
TNFRSF10B	canonical	1	440.0	160	1	1	0	0	1	0	1	0	1	83.9			TNFRSF10D	55.4	
TNFRSF10C	canonical	1	259.0	218	1	1	0	0	0	0	0	0	1				TNFRSF10D	70.1	
TNFRSF10D	canonical	1	386.0	157	1	1	0	0	0	0	0	1	1				TNFRSF10C	70.1	1.0
TNFRSF12A	canonical	1	129.0	53	1	1	0	1	1	0	0	0	0	72.1	81.4				
TNFRSF13B	canonical	1	293.0	162	0	1	0	0	1	0	1	1	0	95.6					1.0
TNFRSF13C	canonical	1	184.0	80	0	1	0	0	1	0	0	0	0	75.5			TNFRSF17	32.1	
TNFRSF14	canonical	1	283.0	166	1	1	0	0	0	0	0	1	0				TNFRSF6B	37.3	1.0
TNFRSF17	canonical	1	184.0	53	0	1	0	1	1	0	1	1	0	91.3	64.7		TNFRSF13C	32.1	1.0
TNFRSF18	canonical	1	241.0	140	1	1	0	0	1	0	1	1	0	74.3			TNFRSF1B	38.6	1.0
TNFRSF19	canonical	1	423.0	141	1	1	0	1	1	0	0	1	1	92.3	70.7		EDA2R	49.6	1.0
TNFRSF1A	canonical	1	455.0	183	1	1	0	1	1	1	1	1	0	89.9	63.1	2.0	LTBR	32.8	1.0
TNFRSF1B	canonical	1	461.0	241	1	1	0	1	1	0	1	1	0	96.1	62.5		TNFRSF18	38.6	2.0
TNFRSF21	canonical	1	655.0	308	1	1	0	1	1	0	0	1	0	98.8	89.0		TNFRSF9	37.8	3.0
TNFRSF25	canonical	1	417.0	176	1	1	0	1	1	0	1	0	0	89.0	64.0		TNFRSF18	33.6	
TNFRSF4	canonical	1	277.0	188	1	1	0	1	1	0	0	1	1	82.7	61.4		TNFRSF1B	35.1	1.0
TNFRSF8	canonical	1	595.0	368	1	1	0	0	1	0	1	1	0	90.4			RELT	39.6	2.0
TNFSF10	canonical	1	281.0	244	0	0	1	1	1	1	0	0	0	96.1	64.4	3.0	TNFSF15	36.4	
TNFSF12	canonical	1	249.0	207	0	0	1	1	1	1	0	0	0	95.6	89.2	3.0	TNFSF13	25.9	
TNFSF13B	canonical	1	285.0	218	0	0	1	1	1	1	0	1	0	95.8	67.0	3.0	TNFSF13	33.8	2.0
TNFSF14	canonical	1	240.0	182	0	0	1	1	1	1	1	0	0	94.6	77.1	3.0	LTB	35.2	
TNFSF18	canonical	1	177.0	128	0	0	1	1	1	0	0	0	0	97.2	50.3				
TNFSF4	canonical	1	183.0	138	0	0	1	0	1	1	1	1	0	98.9		3.0			1.0
TNFSF8	canonical	1	234.0	173	0	0	1	1	1	1	0	1	0	96.6	71.4	2.0			1.0
TNFSF9	canonical	1	254.0	204	0	0	1	0	0	0	0	0	0						
TPBG	canonical	1	420.0	323	1	1	0	1	1	0	0	1	0	96.4	83.6				1.0
TRA	canonical	1	268.0	222	1	1	0	0	0	0	0	0	0			2.0			
TRABD2A	canonical	0	505.0	485	1	1	1	0	1	0	0	1	1	94.5			TRABD2B	63.5	1.0
TRABD2B	canonical	0	517.0	498	1	1	1	1	1	0	0	1	1	82.6	90.1		TRABD2A	63.5	1.0
TRAT1	canonical	1	186.0	9	0	1	0	1	1	0	0	0	0	93.0	69.9				
TRB	canonical	1	310.0	257	1	1	0	0	0	0	0	0	0			2.0			
TREM1	canonical	1	234.0	186	1	1	0	0	1	0	1	1	0	82.5					1.0
TREM2	canonical	1	230.0	156	1	1	0	1	1	0	1	1	0	96.5	68.3		PIGR	38.5	1.0
TREML2	canonical	1	321.0	250	1	1	0	1	1	0	0	1	0	91.0	52.0		TREML4	34.4	1.0
TRHDE	canonical	1	1069.0	963	0	0	1	1	1	0	0	1	0	98.5	95.0		ANPEP	35.6	4.0
TRHR	canonical	7	398.0	78	0	1	0	1	1	0	0	0	0	99.2	93.2		GPR37	30.3	
TRIL	canonical	1	811.0	674	1	1	0	1	1	0	0	1	0	96.3	88.2		LRRC26	44.7	4.0
TRPA1	canonical	6	1119.0	69	0	0	0	1	1	0	0	0	0	97.1	79.8				
TRPC1	canonical	8	793.0	105	0	0	0	1	1	1	0	0	0	100.0	99.7	4.0	TRPC4	35.2	
TRPC3	canonical	8	921.0	124	0	0	0	1	1	0	0	0	1	99.1	93.4		TRPC7	81.0	
TRPC4	canonical	8	977.0	108	0	0	0	1	1	1	1	0	1	99.5	96.9	4.0	TRPC5	80.6	
TRPC5	canonical	8	973.0	111	0	0	0	1	1	1	0	0	1	99.7	96.9	4.0	TRPC4	80.6	
TRPC6	canonical	8	931.0	123	0	0	0	1	1	0	1	0	1	98.9	93.6		TRPC7	66.7	
TRPC7	canonical	8	862.0	129	0	0	0	1	1	1	1	0	1	99.0	98.1	4.0	TRPC3	81.0	
TRPM2	canonical	8	1503.0	95	0	0	0	1	1	0	1	0	1	95.5	85.3		TRPM1	33.3	
TRPM3	canonical	6	1732.0	81	0	0	0	1	1	0	1	0	1	95.4	97.4		TRPM1	71.6	
TRPM4	canonical	6	1214.0	87	0	0	0	1	0	0	1	0	1		82.5		TRPM5	52.6	
TRPM5	canonical	6	1165.0	82	0	0	0	1	1	1	1	0	1	91.1	84.1	4.0	TRPM4	52.6	
TRPM6	canonical	6	2022.0	69	0	0	0	1	1	0	1	0	1	95.9	78.2		TRPM7	62.3	
TRPM7	canonical	6	1865.0	76	0	0	0	1	1	0	0	0	1	99.1	94.3		TRPM6	62.3	
TRPM8	canonical	6	1104.0	95	0	0	0	1	1	0	1	0	1	98.7	93.7		TRPM5	41.0	
TRPV1	canonical	6	839.0	81	0	0	0	1	1	1	0	0	0	96.9	86.9	4.0	TRPV3	40.0	
TRPV3	canonical	6	790.0	68	0	0	0	1	1	1	0	0	0	97.2	93.2	4.0	TRPV4	45.3	
TRPV4	canonical	6	871.0	78	0	0	0	1	1	0	0	0	0	99.3	95.3		TRPV3	45.3	
TRPV5	canonical	6	729.0	87	0	0	0	1	0	1	1	1	1		80.5	4.0	TRPV6	73.6	1.0
TRPV6	canonical	6	765.0	87	0	0	0	1	0	1	0	0	1		88.9	4.0	TRPV5	73.6	
TSHR	canonical	7	764.0	455	1	1	0	1	1	0	1	0	1	97.1	86.8		LHCGR	47.8	
TSPAN1	canonical	4	241.0	123	0	0	0	1	1	0	0	1	0	93.4	73.4		TSPAN6	33.3	1.0
TSPAN10	canonical	4	355.0	134	0	0	0	1	1	0	0	0	0	87.3	59.4		TSPAN5	40.3	
TSPAN12	canonical	4	305.0	133	0	0	0	1	1	0	1	0	0	99.3	98.0		CD82	34.7	
TSPAN14	canonical	4	270.0	136	0	0	0	1	1	0	1	1	1	100.0	97.4		TSPAN17	57.4	1.0
TSPAN15	canonical	4	294.0	131	0	0	0	1	1	0	0	1	0	65.0	91.8		TSPAN33	39.2	1.0
TSPAN17	canonical	4	270.0	138	0	0	0	1	1	0	1	1	1	98.2	79.0		TSPAN5	79.7	1.0
TSPAN18	canonical	4	248.0	123	0	0	0	1	1	0	0	1	0	100.0	90.7		UPK1B	34.1	1.0
TSPAN2	canonical	4	221.0	94	0	0	0	1	1	0	1	0	0	100.0	93.7		TSPAN16	31.9	
TSPAN33	canonical	4	283.0	131	0	0	0	1	1	0	0	1	1	98.6	96.8		TSPAN17	43.5	1.0
TSPAN4	canonical	4	238.0	113	0	0	0	1	1	0	0	0	1	99.2	93.7		TSPAN9	56.2	
TSPAN5	canonical	4	268.0	138	0	0	0	1	1	0	0	1	1	100.0	100.0		TSPAN17	79.7	1.0
TSPAN6	canonical	4	245.0	114	0	0	0	1	1	0	0	1	1	97.6	93.1		TSPAN7	45.6	1.0
TSPAN7	canonical	4	249.0	119	0	0	0	1	1	0	0	1	1	99.2	98.4		TSPAN6	45.6	1.0
TSPAN8	canonical	4	237.0	120	0	0	0	1	1	0	0	1	0	81.4	70.0		TSPAN11	32.2	1.0
TSPAN9	canonical	4	239.0	114	0	0	0	1	0	0	0	1	1		97.1		TSPAN4	56.2	1.0
TSPO2	canonical	5	170.0	20	0	1	0	1	1	0	1	0	0	96.5	65.3		TSPO	30.0	
TTYH1	canonical	5	450.0	276	0	1	0	1	1	1	1	1	1	77.3	88.9	2.0	TTYH3	42.2	1.0
TTYH2	canonical	5	534.0	276	0	1	0	1	1	1	1	1	1	96.6	82.6	2.0	TTYH1	40.4	2.0
TTYH3	canonical	5	523.0	276	0	1	0	1	0	0	1	1	1		94.8		TTYH1	42.2	1.0
TYRO3	canonical	1	890.0	391	1	1	0	1	1	0	0	1	0	98.9	88.7		ROS1	39.6	3.0
TYROBP	canonical	1	113.0	17	1	1	0	1	0	0	0	0	0		73.5				
ULBP1	canonical	0	244.0	219	1	1	1	0	0	0	0	0	1				RAET1G	60.3	
ULBP2	canonical	0	246.0	221	1	1	1	0	0	0	0	0	1				RAET1L	96.4	
ULBP3	canonical	0	244.0	215	1	1	1	0	1	0	0	0	1	82.0			RAET1G	56.4	
UMOD	canonical	0	640.0	617	1	1	1	1	1	0	0	1	1	68.3	75.5		GP2	53.0	5.0
UNC5A	canonical	1	842.0	279	1	1	0	1	1	0	1	0	1	97.0	96.7		UNC5C	65.6	
UNC5B	canonical	1	945.0	351	1	1	0	1	1	0	0	1	1	98.5	92.4		UNC5C	76.5	3.0
UNC5C	canonical	1	931.0	345	1	1	0	1	1	0	0	1	1	99.6	97.1		UNC5B	76.5	3.0
UNC5D	canonical	1	953.0	349	1	1	0	1	1	0	0	1	1	99.3	96.3		UNC5B	66.5	2.0
UPK1A	canonical	4	258.0	136	0	0	0	1	1	0	1	0	0	57.4	92.6		UPK1B	38.1	
UPK1B	canonical	4	260.0	138	0	0	0	1	1	0	0	1	0	99.2	90.8		UPK1A	38.1	1.0
UPK2	canonical	1	184.0	133	1	1	0	1	1	0	0	1	0	94.0	87.0				1.0
UPK3A	canonical	1	287.0	190	1	1	0	1	1	0	0	1	0	94.1	83.6		UPK3B	30.0	2.0
UPK3B	canonical	0	320.0	293	1	1	1	1	1	0	1	1	0	92.8	78.3		UPK3BL1	43.9	1.0
USH2A	canonical	1	5202.0	5008	1	1	0	1	1	0	1	1	0	95.8	71.3		TMEFF1	54.5	7.0
UTS2R	canonical	7	389.0	102	0	1	0	0	0	0	0	0	0				LTB4R2	40.8	
VANGL1	canonical	4	524.0	30	0	0	0	1	1	1	0	0	1	99.0	95.4	3.0	VANGL2	80.0	
VANGL2	canonical	4	521.0	30	0	0	0	1	1	1	0	0	1	99.8	99.4	3.0	VANGL1	80.0	
VASN	canonical	1	673.0	552	1	1	0	1	0	0	0	1	0		83.5		LRRC3C	43.1	2.0
VCAM1	canonical	1	739.0	674	1	1	0	1	1	0	0	1	0	94.0	75.8		HMCN2	45.5	4.0
VIPR1	canonical	7	457.0	157	1	1	0	1	1	0	1	0	0	88.2	84.7		ADGRG4	50.0	
VIPR2	canonical	7	438.0	141	1	1	0	1	1	0	0	0	0	97.9	86.1		ADCYAP1R1	46.7	
VLDLR	canonical	1	873.0	774	1	1	0	1	1	0	0	1	1	98.6	96.0		LDLR	51.6	2.0
VNN1	canonical	0	513.0	492	1	1	1	1	1	0	0	1	1	93.4	74.3		VNN2	64.8	2.0
VNN2	canonical	0	520.0	498	1	1	1	0	1	0	0	1	1	83.7			VNN1	64.8	2.0
VPREB1	canonical	0	145.0	126	1	1	1	0	1	0	0	0	0	92.4			VPREB3	47.0	
VSIG1	canonical	1	387.0	214	1	1	0	1	1	1	0	1	0	95.6	69.8	2.0	VSIG2	35.5	1.0
VSIG10L	canonical	1	867.0	755	1	1	0	1	0	0	0	1	0		69.2		HMCN2	46.5	3.0
VSIG2	canonical	1	327.0	218	1	1	0	1	1	1	0	1	0	96.9	82.0	2.0	VSIG1	35.5	1.0
VSIG4	canonical	1	399.0	267	1	1	0	0	1	0	0	0	0	93.5					
VSIG8	canonical	1	414.0	242	1	1	0	1	1	0	0	0	0	90.1	86.7		CXADR	37.2	
VSIR	canonical	1	311.0	163	1	1	0	1	1	0	0	0	0	75.2	75.9		VSIG8	32.5	
VSTM1	canonical	1	236.0	119	1	1	0	0	0	0	1	1	0				TARM1	47.1	1.0
VSTM5	canonical	1	200.0	114	1	1	0	1	1	0	0	1	0	99.5	77.0		CEACAM5	41.2	1.0
VTCN1	canonical	1	282.0	253	0	0	1	1	1	0	1	1	0	95.4	87.6		ERMAP	32.0	3.0
XCR1	canonical	7	333.0	76	0	1	0	1	1	0	0	0	0	96.4	69.1		ACKR2	37.5	
XK	canonical	12	444.0	48	0	0	0	1	1	0	0	0	0	98.4	82.4		XKRX	35.4	
XKR8	canonical	10	395.0	39	0	0	0	1	1	0	0	0	0	95.7	68.9		XKR6	28.9	
XPNPEP2	canonical	0	674.0	653	1	1	1	1	1	1	0	1	1	98.1	81.3	2.0			2.0
XPR1	canonical	10	696.0	74	0	0	0	1	1	0	1	0	0	99.9	95.3				
ZACN	canonical	4	412.0	240	1	1	1	0	1	1	1	0	0	91.0		5.0	GABRR2	29.0	
ZDHHC5	canonical	4	715.0	25	0	0	0	1	1	0	1	0	1	99.3	97.9		ZDHHC8	56.0	
ZNRF3	canonical	1	936.0	163	1	1	0	1	1	0	0	0	0	64.0	85.1		RNF43	39.9	
ZP1	canonical	1	638.0	576	1	1	0	1	1	0	0	1	0	93.7	66.0		ZP4	40.9	2.0
ZP2	canonical	1	745.0	677	1	1	0	1	1	0	0	1	0	94.4	56.6		ZP4	34.8	5.0
ZP3	canonical	1	424.0	365	1	1	0	0	0	0	1	1	0				POMZP3	69.0	3.0
ZP4	canonical	1	540.0	486	1	1	0	0	1	0	0	1	0	92.4			ZP1	40.9	4.0
ABCA6	likely	12	1617.0	424	0	0	0	1	1	0	1	1	1	95.7	67.7		ABCA10	56.4	2.0
ABCB6	likely	11	842.0	73	0	1	0	1	1	1	0	0	0	98.1	89.0	2.0	ABCB8	25.5	
ABCC6	likely	17	1503.0	129	0	1	0	1	1	0	1	0	0	93.3	78.8		ABCC1	35.2	
ABCG1	likely	6	678.0	82	0	0	0	1	1	1	1	0	1	99.4	96.8	2.0	ABCG4	63.0	
ABCG4	likely	6	646.0	81	0	0	0	1	1	1	0	0	1	100.0	96.6	2.0	ABCG1	63.0	
ABHD2	likely	1	425.0	12	0	1	0	1	1	0	0	0	0	99.8	98.8		ABHD1	16.7	
ACKR2	likely	7	384.0	98	0	1	0	1	1	0	0	0	0	95.3	71.6		XCR1	37.5	
ACRBP	likely	0	543.0	518	1	1	1	1	1	1	0	0	0	95.2	75.3	2.0			
ACRV1	likely	0	265.0	247	1	1	1	1	1	0	0	0	0	91.7	58.9		PATE3	33.3	
ADA	likely	0	363.0	0	0	0	0	1	0	0	0	0	0		80.7				
ADAM8	likely	1	824.0	636	1	1	0	1	1	0	1	1	1	90.4	63.1		ADAM12	42.9	2.0
ADAMTS9	likely	0	1935.0	1915	1	1	1	1	1	0	0	0	1	97.9	88.9		ADAMTS20	51.3	
ADCY2	likely	12	1091.0	85	0	0	0	1	1	0	1	0	1	99.1	95.6		GUCY2C	66.7	
ADGRV1	likely	7	6306.0	5921	1	1	0	1	1	0	1	0	0	96.6	80.4		SLC8A2	58.1	
ADRA2C	likely	7	462.0	89	0	1	0	1	0	0	0	0	0		93.1		ADRA2B	49.0	
AGR2	likely	0	175.0	155	1	1	1	1	1	1	0	0	1	90.3	91.4	2.0	AGR3	70.6	
AGTRAP	likely	4	159.0	13	0	0	0	1	0	1	1	0	0		77.4	4.0			
AHNAK2	likely	0	5795.0	0	0	0	0	0	0	0	0	0	0						
AMFR	likely	8	643.0	60	0	0	0	1	1	0	0	0	0	84.9	93.9		RNF145	33.3	
AMOT	likely	0	1084.0	0	0	0	0	1	1	0	0	0	0	93.3	87.3				
ANO5	likely	8	913.0	261	0	0	0	1	1	1	0	1	1	97.4	80.3	2.0	ANO6	52.7	2.0
ANXA1	likely	0	346.0	0	0	0	0	1	1	0	0	0	0	99.1	87.6				
ANXA2	likely	0	339.0	0	0	0	0	1	1	0	0	0	0	100.0	97.6				
ANXA2R	likely	0	193.0	0	0	0	0	0	0	0	0	0	0						
ANXA5	likely	0	320.0	0	0	0	0	1	1	0	0	0	0	98.8	92.8				
ANXA6	likely	0	673.0	0	0	0	0	1	1	0	0	0	0	96.9	93.3				
ANXA8	likely	0	327.0	0	0	0	0	0	0	0	0	0	0						
APMAP	likely	1	416.0	355	0	0	1	1	1	0	0	0	0	98.8	89.4				
APOE	likely	0	317.0	299	1	1	1	1	1	0	0	0	0	76.3	70.7		APOA4	26.8	
APOL1	likely	0	398.0	371	1	1	1	0	0	0	0	0	1						
AQP10	likely	6	301.0	77	0	0	0	0	1	1	1	0	1	95.7		4.0	AQP9	60.3	
AQP11	likely	7	271.0	70	0	1	0	1	1	0	0	0	0	97.0	83.0		AQP12B	22.2	
AQP2	likely	6	271.0	54	0	0	0	1	1	1	0	0	1	99.3	88.9	4.0	AQP5	64.2	
AQP8	likely	6	261.0	58	0	0	0	1	1	1	0	0	1	95.8	76.2	4.0	AQP5	39.3	
ASIC5	likely	2	505.0	365	0	0	0	1	1	1	0	1	0	94.3	77.0	3.0	ASIC3	32.6	2.0
ASPH	likely	2	758.0	284	0	0	0	1	1	0	1	0	0	96.7	81.5				
ATG9A	likely	4	839.0	53	0	0	0	1	1	1	0	1	1	99.5	98.0	2.0	ATG9B	56.6	1.0
ATP2C2	likely	10	946.0	66	0	0	0	1	1	0	0	0	1	96.7	84.5		ATP2C1	58.2	
ATP4A	likely	10	1035.0	112	0	0	0	1	1	0	0	0	1	89.1	98.0		ATP12A	43.3	
ATP5F1B	likely	0	529.0	0	0	0	0	1	1	1	0	0	0	98.9	96.2	6.0			
ATP6AP2	likely	1	350.0	295	1	1	0	1	1	0	0	0	0	98.9	93.7				
ATP6V0D2	likely	0	350.0	0	0	0	0	1	1	0	0	0	0	98.9	93.1				
ATP6V1B1	likely	0	513.0	0	0	0	0	1	1	0	0	0	0	99.6	93.6				
ATP7A	likely	8	1500.0	97	0	0	0	1	1	0	1	0	1	97.9	89.3		ATP7B	58.6	
ATP8B1	likely	10	1251.0	91	0	0	0	1	1	0	0	0	1	89.6	94.5		ATP8B2	39.5	
ATP8B2	likely	10	1209.0	82	0	0	0	1	1	0	1	0	1	99.6	96.9		ATP8B4	59.8	
ATP8B4	likely	10	1192.0	83	0	0	0	1	1	0	0	0	1	97.2	86.4		ATP8B2	59.3	
BACE1	likely	1	501.0	435	1	1	0	1	1	0	0	1	1	99.6	96.4		BACE2	52.4	2.0
BDKRB1	likely	7	353.0	91	0	1	0	1	0	0	0	0	0		68.3		BDKRB2	28.6	
BSPH1	likely	0	132.0	122	1	1	1	1	0	0	0	0	0		50.8		ELSPBP1	31.1	
C1QBP	likely	0	282.0	0	0	0	0	1	0	1	0	0	0		85.8	3.0			
C1QL3	likely	0	255.0	240	1	1	1	1	1	1	0	0	1	99.2	99.6	3.0	C1QL2	77.1	
C1QTNF5	likely	0	243.0	228	1	1	1	1	1	1	0	0	1	99.2	93.8	3.0	C1QTNF9	47.8	
C3orf18	likely	1	162.0	58	0	1	0	1	1	0	1	0	0				SMIM29	8.6	
C3orf52	likely	1	217.0	130	0	0	1	1	1	0	0	0	0						
C8B	likely	0	591.0	559	1	1	1	1	1	0	0	0	0	95.3	75.1		SUSD6	45.7	
CABS1	likely	0	395.0	395	0	1	1	1	1	0	0	0	0	92.4	61.0				
CACFD1	likely	4	172.0	9	0	0	0	1	0	0	1	0	0		93.0				
CALHM3	likely	4	344.0	76	0	0	0	1	1	1	0	0	1	94.5	85.2	9.0	CALHM1	51.3	
CALHM4	likely	4	314.0	80	0	0	0	1	0	1	1	0	1		77.4	8.0	CALHM2	41.2	
CALHM6	likely	4	315.0	74	0	0	0	1	1	1	1	0	1	90.2	68.3	10.0	CALHM5	43.2	
CALR	likely	0	417.0	400	1	1	1	1	1	0	0	0	1	99.8	94.2		CALR3	52.6	
CALY	likely	1	217.0	111	0	0	1	1	1	0	1	0	0	87.1	81.1		NSG1	35.4	
CAMKV	likely	0	501.0	0	0	0	0	1	1	0	0	0	0	98.8	94.8				
CANX	likely	1	592.0	461	1	1	0	1	1	0	0	0	1	98.8	93.2		CLGN	66.0	
CAPRIN1	likely	0	709.0	0	0	0	0	1	1	1	0	0	0	99.9	96.8	2.0			
CATSPERH	likely	3	116.0	12	1	1	0	1	0	0	0	0	0		71.6				
CAV2	likely	0	162.0	0	0	0	0	1	1	1	0	0	0	97.5	90.1	11.0			
CAVIN1	likely	0	390.0	0	0	0	0	1	0	1	0	0	0		93.1	4.0			
CCR9	likely	7	369.0	98	0	1	0	1	1	0	0	0	0	98.6	85.6		CXCR6	32.4	
CD160	likely	0	181.0	158	1	1	1	1	1	0	0	1	0	89.5	66.3				2.0
CD300H	likely	1	201.0	146	1	1	0	0	1	0	1	0	1	90.5			CD300C	47.9	
CD5L	likely	0	347.0	329	1	1	1	1	1	0	0	0	0	87.9	69.2		DMBT1	53.5	
CD63	likely	4	238.0	114	0	0	0	1	1	0	1	1	0	100.0	78.6		TSPAN17	34.2	1.0
CD68	likely	1	354.0	306	1	1	0	0	1	0	0	0	0	96.3			LAMP2	27.8	
CDC50B	likely	2	351.0	260	0	0	0	1	0	0	0	0	1		90.3		CDC50A	55.5	
CDH8	likely	1	799.0	593	1	1	0	1	1	0	0	1	1	91.0	97.0		CDH11	65.1	2.0
CEACAM20	likely	1	596.0	416	1	1	0	1	1	0	0	1	0	88.9	52.9		CEACAM3	34.7	1.0
CEACAM7	likely	1	265.0	216	1	1	0	0	1	1	0	1	1	85.3		2.0	CEACAM1	69.0	3.0
CEMIP	likely	0	1361.0	1331	1	1	1	1	1	0	0	0	1	93.7	91.3		CEMIP2	45.7	
CFAP95	likely	0	229.0	0	0	0	0	1	1	0	0	0	0	93.0	62.4				
CFP	likely	0	469.0	443	1	1	1	1	1	0	0	0	0	93.0	75.1				
CHGB	likely	0	677.0	657	1	1	1	1	1	0	0	0	0	91.1	63.8		CHGA	22.7	
CKAP4	likely	1	602.0	475	0	0	1	1	1	0	0	0	0	96.7	80.1				
CLCN3	likely	8	818.0	187	0	0	0	1	1	1	0	0	1	97.9	97.4	2.0	CLCN4	79.5	
CLCN5	likely	8	816.0	184	0	0	0	1	1	1	0	0	1	99.5	97.2	2.0	CLCN3	73.2	
CLCN7	likely	10	805.0	155	0	0	0	1	1	1	1	0	1	90.4	96.0	2.0	CLCNKA	30.2	
CLDN14	likely	4	239.0	77	0	0	0	1	1	0	0	0	1	98.3	93.3		CLDN4	59.5	
CLEC2B	likely	0	149.0	120	1	1	1	0	1	0	0	0	1	89.9			CLEC2D	50.8	
CLEC2L	likely	1	214.0	125	0	0	1	1	1	1	0	0	0	93.5	92.1	2.0	CD69	39.2	
CLEC3A	likely	0	197.0	175	1	1	1	1	1	0	0	0	1	93.9	86.8		CLEC3B	48.0	
CLEC4E	likely	1	219.0	179	0	0	1	1	1	0	0	0	0	89.0	65.3		CLEC4A	40.6	
CLIC1	likely	0	241.0	0	0	0	0	1	0	0	0	0	0		98.3				
CLIC2	likely	0	247.0	0	0	0	0	0	0	0	0	0	0						
CLIC3	likely	0	236.0	0	0	0	0	1	1	0	0	0	0	75.0	89.8				
CLIC4	likely	0	253.0	0	0	0	0	1	1	0	0	0	0	99.6	98.8				
CLNS1A	likely	0	237.0	0	0	0	0	1	1	0	0	0	0	100.0	90.7				
CLPTM1L	likely	8	538.0	276	0	0	0	1	1	0	1	0	0	98.9	92.9		CLPTM1	29.6	
CLRN1	likely	4	232.0	102	0	0	0	1	1	1	1	0	1	97.4	88.8	2.0	CLRN2	47.4	
CMTM2	likely	4	248.0	20	0	0	0	0	1	1	1	0	0	80.6		2.0	CMTM5	33.3	
CMTM5	likely	4	223.0	9	0	0	0	1	1	0	1	0	0	54.3	58.7		CMTM3	66.7	
CNGB3	likely	6	809.0	60	0	0	0	1	1	1	0	0	1	95.2	59.5	4.0	CNGB1	69.5	
CNNM1	likely	5	951.0	211	1	1	0	1	0	1	0	0	0		94.6	2.0	CNNM3	38.8	
CNTNAP3	likely	1	1288.0	1220	1	1	0	0	0	0	1	1	1				CNTNAP3B	98.3	3.0
COL23A1	likely	1	540.0	484	0	0	1	1	1	0	1	0	1	57.2	89.4		COL7A1	62.4	
CPAMD8	likely	0	1885.0	1860	1	1	1	0	0	0	0	0	0				CD109	35.1	
CRIPTO	likely	0	188.0	158	1	1	1	0	0	0	0	1	1				CRIPTO3	97.5	2.0
CRISP3	likely	0	245.0	226	1	1	1	0	1	0	0	0	1	86.8			CRISP2	72.1	
CSPG5	likely	1	566.0	393	1	1	0	1	1	0	0	1	0	94.4	86.8				1.0
CTHRC1	likely	0	243.0	213	1	1	1	1	1	0	0	0	0	98.8	94.2		SCARA3	24.9	
CTLA4	likely	1	223.0	128	1	1	0	1	1	0	1	1	0	96.4	74.9		CD28	30.5	2.0
CTNS	likely	7	367.0	142	1	1	0	1	1	0	0	0	0	93.7	84.2				
CTSD	likely	0	412.0	392	1	1	1	1	1	0	0	0	1	90.0	80.6		CTSE	49.1	
CTSK	likely	0	329.0	314	1	1	1	1	1	1	0	0	1	98.5	86.0	2.0	CTSS	57.0	
CTSZ	likely	0	303.0	280	1	1	1	1	1	1	0	0	0	95.0	83.2	2.0	CTSC	34.6	
CYP2W1	likely	1	490.0	1	1	1	0	1	1	0	0	0	1	70.0	77.6		CYP2S1	100.0	
DCST2	likely	6	773.0	285	0	0	0	1	1	0	0	0	0	97.3	66.0		DCSTAMP	26.5	
DEFB103B	likely	0	67.0	45	1	1	1	0	1	0	0	0	1	95.5			DEFB103A	100.0	
DEFB132	likely	0	95.0	73	1	1	1	0	1	0	0	0	0	87.4			DEFB121	33.3	
DHH	likely	0	396.0	374	1	1	1	1	1	0	0	0	1	98.5	96.5		SHH	63.6	
DIO3	likely	0	304.0	0	0	0	0	1	0	0	0	0	0		94.7				
DLK2	likely	1	383.0	281	1	1	0	1	1	0	0	1	0	99.5	92.2		CD248	40.9	2.0
DLL3	likely	1	618.0	465	1	1	0	1	1	0	0	1	0	95.1	83.5		DLK2	40.6	5.0
DMBT1	likely	0	2413.0	2394	1	1	1	0	1	0	0	0	0	52.3			LGALS3BP	62.2	
DPEP2	likely	0	486.0	454	1	1	1	0	1	1	0	1	1	93.6		2.0	DPEP3	71.7	1.0
DRAM2	likely	6	266.0	61	0	0	0	1	0	1	0	0	1		86.1	2.0	DRAM1	51.0	
DUOXA2	likely	5	320.0	145	0	1	0	1	1	0	1	0	1	94.1	78.4		DUOXA1	64.6	
DYNAP	likely	1	184.0	76	0	0	1	0	1	0	0	0	0	61.4					
DYSF	likely	1	2080.0	14	0	0	1	1	1	0	1	0	1	97.9	93.0		MYOF	57.1	
ECSCR	likely	1	205.0	98	1	1	0	0	1	0	0	0	0	87.8					
EGF	likely	1	1207.0	1013	1	1	0	1	1	0	0	1	0	90.7	66.4		LRP1	39.3	6.0
ELAPOR1	likely	1	1013.0	869	1	1	0	1	0	0	0	0	1		90.3		ELAPOR2	53.9	
ENO1	likely	0	434.0	0	0	0	0	0	0	1	0	0	0			2.0			
ENPP2	likely	0	863.0	836	1	1	1	1	1	0	0	0	1	98.4	94.1		ENPP1	46.1	
ENPP4	likely	1	453.0	389	1	1	0	1	1	0	0	1	1	97.6	82.3		ENPP5	52.7	1.0
ENTPD6	likely	1	484.0	424	0	0	1	1	1	0	0	0	1	97.5	82.2		ENTPD5	50.5	
EPGN	likely	1	154.0	90	1	1	0	1	1	0	1	0	0	98.1	77.3		HBEGF	38.9	
EPS8	likely	0	822.0	0	0	0	0	1	1	0	0	0	0	97.9	89.1				
EQTN	likely	1	294.0	167	1	1	0	0	1	0	1	1	0	88.4					2.0
ERV3-1	likely	0	604.0	582	1	1	1	0	0	1	0	0	0			2.0	ERVW-1	28.3	
FABP4	likely	0	132.0	0	0	0	0	1	1	0	0	0	0	97.7	91.7				
FAIM2	likely	7	316.0	32	0	0	1	1	1	0	0	0	1	96.5	92.1		TMBIM1	45.2	
FAM171A2	likely	1	826.0	289	1	1	0	1	0	0	0	1	1		93.7		FAM171A1	46.1	1.0
FASLG	likely	1	281.0	179	0	0	1	1	1	1	0	1	0	97.5	76.5	3.0	TNFSF15	35.2	1.0
FCGRT	likely	1	365.0	276	1	1	0	1	0	0	0	1	0		66.8		HLA-C	33.3	2.0
FER1L5	likely	1	2057.0	77	0	0	1	1	0	0	0	0	0		73.2		DYSF	50.0	
FER1L6	likely	1	1857.0	13	0	0	1	1	1	0	0	0	0	97.1	88.4		MYOF	38.5	
FGF2	likely	0	288.0	0	0	0	0	1	1	0	0	0	0	100.0	94.8				
FGFRL1	likely	1	504.0	355	1	1	0	1	0	0	0	1	0		85.9				2.0
FMR1NB	likely	2	255.0	93	0	0	0	0	1	0	0	0	0	77.6					
FNDC4	likely	1	234.0	125	1	1	0	1	1	1	0	1	1	94.0	94.4	2.0	FNDC5	47.2	1.0
FOLR2	likely	0	255.0	234	1	1	1	1	1	0	0	1	1	96.1	76.9		FOLR3	84.3	2.0
FPR3	likely	7	353.0	107	0	1	0	0	1	1	0	0	1	87.8		2.0	FPR2	68.2	
FREM2	likely	1	3169.0	3064	1	1	0	1	1	0	1	1	1	97.6	88.2		SLC8A2	66.7	6.0
FRMD3	likely	1	597.0	47	0	0	1	1	1	0	0	0	1	99.2	91.3		FRMD5	51.1	
FUCA2	likely	0	467.0	437	1	1	1	1	1	1	0	0	1	96.8	80.9	2.0	FUCA1	55.4	
FURIN	likely	1	794.0	691	1	1	0	1	1	1	0	1	1	98.9	93.8	2.0	PCSK5	57.7	3.0
GABRE	likely	4	506.0	270	1	1	1	0	0	1	1	0	1			5.0	GABRG3	54.0	
GABRR2	likely	4	465.0	254	1	1	1	1	1	1	0	1	1	98.7	90.1	5.0	GABRR1	79.1	1.0
GDPD5	likely	6	605.0	322	0	0	0	1	1	0	1	1	1	98.2	90.6		GDPD2	48.4	1.0
GGT6	likely	1	493.0	418	0	0	1	1	1	0	0	0	0	94.4	69.7		GGT7	31.8	
GJB3	likely	4	270.0	62	0	0	0	1	1	1	0	0	1	96.7	82.6	6.0	GJB2	71.7	
GJC1	likely	4	396.0	57	0	0	0	1	0	1	0	0	1		97.2	8.0	GJC2	76.4	
GJC3	likely	4	279.0	73	0	0	0	1	1	1	0	0	1	96.4	60.6	7.0	GJC1	56.1	
GJD2	likely	4	321.0	57	0	0	0	1	1	1	0	0	1	100.0	98.1	7.0	GJA10	61.8	
GJD4	likely	4	370.0	60	0	0	0	1	1	1	0	0	1	84.3	50.3	6.0	GJB6	65.5	
GJE1	likely	4	205.0	63	0	0	0	1	1	1	0	0	0	89.8	82.0	5.0	GJC3	34.9	
GLG1	likely	1	1179.0	1118	1	1	0	1	1	0	0	0	0	99.6	95.9				
GLIPR1	likely	1	266.0	214	1	1	0	1	1	0	1	1	1	88.3	68.8		CRISPLD1	43.9	1.0
GLRA2	likely	4	452.0	251	1	1	1	1	1	1	0	1	1	99.8	98.7	5.0	GLRA3	89.2	1.0
GPER1	likely	7	375.0	113	0	1	0	1	1	0	0	0	0	98.1	86.9		ACKR5	25.3	
GPR143	likely	7	404.0	88	0	1	0	1	1	0	0	0	0	96.5	78.5				
GPR15	likely	7	360.0	83	0	1	0	1	1	0	0	0	0	97.5	76.4		GPR25	26.5	
GPR157	likely	7	335.0	60	0	1	0	1	1	0	0	0	0	93.7	85.1		TMEM116	29.2	
GPR160	likely	7	338.0	76	0	1	0	1	1	0	0	0	0	96.4	66.0				
GPR161	likely	7	529.0	80	0	1	0	1	1	0	1	0	0	98.3	92.8		HRH4	31.1	
GPR25	likely	7	361.0	97	0	1	0	1	0	0	0	0	0		74.8		AGTR1	32.5	
GPR33	likely	7	333.0	96	0	1	0	1	1	0	0	0	0	95.2	72.1		CMKLR1	34.7	
GPR37	likely	7	613.0	306	1	1	0	1	1	0	0	0	0	97.1	81.2		GPR37L1	40.0	
GPR45	likely	7	372.0	89	0	1	0	1	1	0	0	0	0	98.7	89.0		GPR63	39.8	
GPR62	likely	7	368.0	71	0	1	0	1	0	0	0	0	0		79.1		GPR135	33.8	
GPR78	likely	7	363.0	62	0	1	0	0	1	0	0	0	0	90.1			GPR26	35.3	
GPR87	likely	7	358.0	105	0	1	0	1	1	0	0	0	0	98.6	91.3		P2RY12	36.8	
GREM1	likely	0	184.0	160	1	1	1	1	1	0	0	0	1	100.0	97.8		GREM2	61.9	
GRIN2D	likely	3	1336.0	728	1	1	0	1	1	0	0	1	1	83.8	96.6		GRIN2C	62.4	2.0
GRIN3A	likely	3	1115.0	819	1	1	0	1	1	0	0	1	1	97.8	93.4		GRIN3B	55.9	5.0
GRIN3B	likely	3	1043.0	726	1	1	0	1	0	0	0	1	1		76.1		GRIN3A	55.9	4.0
GSDMA	likely	0	445.0	0	0	0	0	0	1	0	0	0	0	96.6					
GSDMB	likely	0	416.0	0	0	0	0	0	0	0	0	0	0						
GSDMC	likely	0	508.0	0	0	0	0	0	1	0	0	0	0	92.1					
GSDMD	likely	0	484.0	0	0	0	0	1	1	0	0	0	0	87.4	57.2				
GSDME	likely	0	496.0	0	0	0	0	1	1	1	0	0	0	94.8	71.6	2.0			
HEPHL1	likely	1	1159.0	1089	1	1	0	1	1	0	0	1	1	97.6	87.3		HEPH	52.7	1.0
HLA-DMB	likely	1	263.0	200	1	1	0	0	1	1	0	1	0	89.4		2.0	HLA-DPA1	31.8	1.0
HLA-E	likely	1	358.0	286	1	1	0	0	0	0	0	1	1				HLA-C	79.5	2.0
HLA-F	likely	1	346.0	283	1	1	0	0	1	0	0	1	1	73.5			HLA-B	80.2	2.0
HMGB1	likely	0	215.0	0	0	0	0	1	1	0	0	0	0	74.4	99.1				
HMMR	likely	0	724.0	0	0	0	0	1	1	1	0	0	0	95.0	74.8	2.0			
HPSE	likely	0	543.0	508	1	1	1	1	1	0	0	0	1	95.4	75.7		HPSE2	47.4	
HS3ST2	likely	1	367.0	330	0	0	1	1	1	0	0	0	1	99.7	95.6		HS3ST3B1	63.0	
HSP90AB1	likely	0	724.0	0	0	0	0	1	1	1	0	0	0	99.9	99.6	2.0			
HSP90B1	likely	1	803.0	62	1	1	0	1	1	1	0	0	0	97.0	97.3	2.0			
HSPA1A	likely	0	641.0	641	0	1	1	0	0	1	0	0	1			2.0	HSPA1B	100.0	
HSPA5	likely	0	654.0	636	1	1	1	1	1	1	0	0	1	100.0	98.6	2.0	HSPA8	64.8	
HSPA8	likely	0	646.0	646	0	1	1	1	0	1	0	0	1		99.8	2.0	HSPA2	87.6	
HSPA9	likely	0	679.0	0	0	0	0	1	1	1	0	0	0	96.8	98.4	2.0			
HSPD1	likely	0	573.0	0	0	0	0	1	0	1	0	0	0		97.6	7.0			
HTR3B	likely	4	441.0	231	1	1	1	1	1	1	0	0	1	93.7	72.6	5.0	HTR3A	48.3	
HYAL1	likely	0	435.0	414	1	1	1	1	1	0	0	0	1	96.8	73.3		HYAL3	43.3	
HYAL3	likely	0	417.0	397	1	1	1	1	1	0	0	0	1	97.4	77.9		HYAL2	46.3	
HYOU1	likely	0	999.0	967	1	1	1	1	1	0	0	0	0	98.0	91.4		HSPA5	33.5	
IDE	likely	0	1019.0	0	0	0	0	1	1	1	0	0	0	99.3	95.2	2.0			
IFITM2	likely	1	132.0	7	0	0	1	0	0	0	0	0	1				IFITM3	40.0	
IFITM3	likely	1	133.0	5	0	0	1	0	0	0	0	0	0				IFITM2	40.0	
IGDCC3	likely	1	814.0	605	1	1	0	1	1	0	0	1	0	97.1	86.2		HMCN2	48.8	2.0
IGF2R	likely	1	2491.0	2269	1	1	0	1	1	0	0	1	0	92.1	81.3				7.0
IGFL2	likely	0	119.0	94	1	1	1	0	0	0	0	0	1				IGFL3	68.1	
ISM1	likely	0	464.0	438	1	1	1	1	1	0	0	0	0	98.3	92.9		THBS2	33.3	
ITGA8	likely	1	1063.0	974	1	1	0	1	1	0	0	1	1	97.6	89.0		ITGAV	48.1	5.0
ITM2A	likely	1	263.0	189	0	0	1	1	1	0	1	0	1	100.0	95.1		ITM2B	46.0	
IYD	likely	0	289.0	0	0	0	0	1	1	1	1	0	0	79.9	84.4	2.0			
IZUMO1	likely	1	350.0	271	1	1	0	0	1	0	1	0	0	93.7					
KARS1	likely	0	597.0	0	0	0	0	1	1	1	0	0	0	96.1	90.1	2.0			
KCNG2	likely	6	466.0	76	0	0	0	1	0	1	0	0	1		87.8	4.0	KCNG4	65.3	
KCNG3	likely	6	436.0	84	0	0	0	1	1	1	0	0	1	99.5	95.9	4.0	KCNG4	55.2	
KCNH5	likely	4	988.0	88	0	0	0	1	1	0	0	0	1	99.8	98.1		KCNH1	42.9	
KCNJ18	likely	2	433.0	52	0	0	0	0	0	1	0	0	1			4.0	KCNJ12	96.2	
KCNK1	likely	4	336.0	129	0	0	0	1	1	1	0	0	1	99.7	94.9	2.0	KCNK6	58.1	
KCNK12	likely	4	430.0	124	0	0	0	1	1	1	0	0	1	68.8	99.1	2.0	KCNK13	71.0	
KCNK16	likely	4	309.0	129	0	0	0	0	1	1	1	0	1	78.9		2.0	KCNK17	48.1	
KCNK6	likely	4	313.0	137	0	0	0	1	1	1	1	0	1	94.9	85.0	2.0	KCNK1	58.1	
KCNMB4	likely	2	210.0	127	0	0	0	1	1	0	0	0	0	100.0	93.8		KCNMB2	37.0	
KCNS1	likely	6	526.0	91	0	0	0	1	1	1	0	1	1	92.4	84.6	4.0	KCNS2	50.0	1.0
KCNS2	likely	6	477.0	82	0	0	0	1	1	1	0	0	1	99.8	98.1	2.0	KCNS1	50.0	
KCNV1	likely	6	500.0	67	0	0	0	1	1	1	0	0	1	100.0	95.6	2.0	KCNF1	52.3	
KDELR1	likely	7	212.0	17	0	1	0	1	1	0	1	0	1	61.8	99.5		KDELR2	82.4	
KIAA0319L	likely	1	1049.0	880	1	1	0	1	1	0	0	0	1	96.9	84.4		KIAA0319	53.0	
KIR2DL4	likely	1	377.0	219	1	1	0	0	1	0	1	1	1	81.9			KIR3DL2	77.6	2.0
KIR2DL5B	likely	1	375.0	219	1	1	0	0	0	0	0	1	0						2.0
KIR3DL3	likely	1	410.0	296	1	1	0	0	0	0	0	1	1				KIR3DL2	76.0	2.0
KLRC2	likely	1	231.0	138	0	0	1	0	0	1	0	1	1			2.0	KLRC1	91.3	1.0
KRT1	likely	0	644.0	0	0	0	0	1	1	0	0	0	0	95.2	75.8				
KRT8	likely	0	483.0	0	0	0	0	1	0	0	0	0	0		91.1				
LAMP1	likely	1	417.0	355	1	1	0	1	1	0	0	1	0	92.3	66.4		LAMP2	34.9	1.0
LAMP2	likely	1	410.0	350	1	1	0	1	1	0	0	1	0	91.2	60.2		LAMP1	34.9	1.0
LAMP5	likely	1	280.0	210	1	1	0	1	1	0	0	1	0	97.9	85.7		LAMP1	27.1	2.0
LAPTM4B	likely	4	317.0	55	0	0	0	1	1	0	0	0	0	87.6	92.5		LAPTM4A	40.7	
LCN6	likely	0	163.0	143	1	1	1	1	0	1	0	0	0		73.0	2.0	LCN15	28.7	
LCP1	likely	0	627.0	0	0	0	0	1	1	0	0	0	0	99.5	97.0				
LGALS13	likely	0	139.0	0	0	0	0	0	1	0	0	0	0	95.7					
LGALS3	likely	0	250.0	0	0	0	0	1	1	0	0	0	0	91.2	84.0				
LGALS3BP	likely	1	585.0	119	1	1	0	1	1	1	0	0	0	94.9	67.7	2.0	DMBT1	62.2	
LGALS4	likely	0	323.0	0	0	0	0	1	1	0	0	0	0	91.0	76.8				
LGALS7	likely	0	136.0	0	0	0	0	0	0	1	0	0	0						
LGALS8	likely	0	317.0	0	0	0	0	1	1	0	0	0	0	95.3	79.5				
LGALS9	likely	0	355.0	0	0	0	0	0	0	0	0	0	0						
LGI3	likely	0	548.0	518	1	1	1	1	1	0	0	0	1	98.5	96.5		LGI1	53.5	
LGI4	likely	0	537.0	518	1	1	1	1	1	0	0	0	1	97.6	88.5		LGI1	50.0	
LGMN	likely	0	433.0	416	1	1	1	1	1	1	0	0	0	98.8	83.4	2.0	PIGK	29.2	
LGTN	likely	0	584.0	0	0	0	0	0	0	0	0	0	0						
LHFPL6	likely	4	200.0	86	0	0	0	1	1	0	0	0	1	100.0	97.0		LHFPL1	65.1	
LMAN2	likely	1	356.0	278	1	1	0	1	1	0	0	1	1	99.7	94.9		LMAN2L	61.1	2.0
LMAN2L	likely	1	348.0	270	1	1	0	1	1	0	0	1	1	99.4	90.5		LMAN2	61.1	1.0
LMTK3	likely	1	1460.0	19	1	1	0	1	0	0	0	0	0		87.7		AATK	42.1	
LNPEP	likely	1	1025.0	894	0	0	1	1	1	0	0	1	1	96.7	87.8		ERAP1	47.0	1.0
LRG1	likely	0	347.0	312	1	1	1	1	1	1	0	0	0	92.5	62.8	2.0	CHADL	42.6	
LRP10	likely	1	713.0	424	1	1	0	1	1	0	0	1	0	97.5	87.7		LRP1B	50.5	2.0
LRP12	likely	1	859.0	460	1	1	0	1	1	0	0	1	1	98.6	92.7		LRP2	49.1	3.0
LRRC37B	likely	1	947.0	878	1	1	0	0	0	0	0	1	1				LRRC37A	75.1	2.0
LRRC38	likely	1	294.0	222	1	1	0	1	0	0	0	1	0		89.5		SLIT1	45.9	1.0
LRRFIP1	likely	0	808.0	0	0	0	0	0	0	0	0	0	0						
LRTM1	likely	1	345.0	268	1	1	0	1	1	0	0	1	0	93.0	66.4		PODN	40.3	1.0
LTA	likely	0	205.0	171	1	1	1	1	1	1	0	0	0	97.6	72.2	3.0	LTB	33.9	
LTK	likely	1	864.0	406	1	1	0	1	1	0	1	0	0	89.4	78.9		ALK	52.0	
LY86	likely	0	162.0	142	1	1	1	1	0	0	0	0	0		66.7				
LYZL4	likely	0	146.0	127	1	1	1	1	1	0	0	0	1	95.9	69.9		SPACA3	48.8	
M6PR	likely	1	277.0	164	1	1	0	1	1	1	0	1	0	99.3	92.1	2.0			1.0
MAGT1	likely	4	335.0	209	1	1	1	1	1	0	1	0	1	98.5	93.7		TUSC3	76.6	
MAL2	likely	4	176.0	34	0	0	0	1	1	1	0	0	0	80.7	90.9	2.0	MALL	41.7	
MARCKS	likely	0	332.0	0	0	0	0	1	0	0	0	0	0		69.9				
MCOLN2	likely	6	566.0	255	0	0	0	1	1	1	0	0	1	94.7	79.5	4.0	MCOLN3	53.2	
MCOLN3	likely	6	553.0	250	0	0	0	1	1	1	0	0	1	97.8	91.1	4.0	MCOLN1	55.6	
MFSD8	likely	12	518.0	120	0	0	0	1	1	0	1	0	0	94.6	81.7		SLC71A2	20.8	
MLKL	likely	0	471.0	0	0	0	0	1	1	1	0	0	0	90.9	61.4	2.0			
MMP28	likely	0	520.0	498	1	1	1	1	1	0	0	0	0	95.0	84.8		MMP7	38.4	
MMP9	likely	0	707.0	688	1	1	1	1	1	0	0	0	1	94.3	74.4		MMP2	51.5	
MMRN1	likely	0	1228.0	1209	1	1	1	1	1	0	0	0	0	93.7	65.7		MMRN2	27.2	
MOSPD2	likely	1	518.0	2	0	0	1	1	1	0	0	0	0	97.9	90.0				
MR1	likely	1	341.0	278	1	1	0	1	1	0	1	1	1	92.7	75.7		HLA-C	42.8	2.0
MS4A13	likely	4	152.0	40	0	0	0	1	1	0	1	0	0	86.2	63.8		MS4A4E	35.3	
MS4A4E	likely	3	132.0	17	0	0	1	0	0	0	1	0	0				MS4A6E	37.5	
MS4A6A	likely	4	248.0	67	0	0	0	0	1	0	1	0	1	90.2			MS4A12	32.3	
MS4A8	likely	4	250.0	26	0	0	0	1	1	1	0	0	0	88.0	62.0	2.0	MS4A6E	40.0	
MTDH	likely	1	582.0	49	0	1	0	1	0	0	0	0	0		91.1				
MUCL1	likely	0	90.0	71	1	1	1	0	1	0	0	0	0	77.8					
MXRA5	likely	0	2828.0	2802	1	1	1	0	1	0	0	0	0	89.7			ROBO4	41.0	
MYH9	likely	0	1960.0	0	0	0	0	1	1	0	0	0	0	99.8	97.1				
MYO18A	likely	0		0	0	0	0	0	0	0	0	0	0	98.1	73.7				
MYOC	likely	0	504.0	472	1	1	1	1	1	1	0	0	0	96.6	79.6	2.0	OLFM2	34.1	
MYOF	likely	1	2061.0	15	0	0	1	1	1	0	1	0	1	99.1	94.0		DYSF	57.1	
NAALADL2	likely	1	795.0	649	0	0	1	1	1	1	0	0	0	94.8	78.0	2.0	NAALADL1	29.6	
NALF1	likely	1	458.0	406	0	0	1	1	1	0	0	0	1	99.1	73.6		NALF2	41.6	
NCR2	likely	1	276.0	172	1	1	0	0	1	0	0	1	0	89.9			TREML4	39.5	1.0
NDNF	likely	0	568.0	549	1	1	1	1	1	0	0	0	0	98.1	87.5				
NELL1	likely	0	810.0	789	1	1	1	1	1	0	0	0	1	98.5	93.3		NELL2	56.8	
NEU1	likely	0	415.0	368	1	1	1	1	1	0	0	0	0	97.1	81.7				
NEU4	likely	0	484.0	0	0	0	0	1	1	0	0	0	0	95.5	71.5				
NKTR	likely	0	1462.0	0	0	0	0	1	1	0	0	0	0	95.7	79.3				
NLGN4Y	likely	1	816.0	635	1	1	0	0	1	1	1	1	1	97.4		2.0	NLGN4X	98.3	1.0
NOX5	likely	6	765.0	41	0	0	0	0	1	0	0	0	0	92.3			DUOX1	46.4	
NPDC1	likely	1	325.0	151	1	1	0	1	1	0	0	0	0	84.9	75.1				
NPHS2	likely	2	383.0	1	0	0	0	1	1	1	0	0	0	89.3	86.4	2.0	STOML3	100.0	
NPTX1	likely	0	432.0	410	1	1	1	1	1	0	0	0	1	99.5	96.3		NPTX2	57.6	
NPY4R2	likely	7	375.0	106	0	1	0	0	0	0	0	0	1				NPY4R	100.0	
NRDC	likely	0	1151.0	0	0	0	0	1	1	0	0	0	0	96.8	93.0				
NRG2	likely	2	850.0	298	0	0	0	1	1	0	1	1	0	82.1	71.3		NRG4	35.0	4.0
NRG4	likely	1	115.0	60	0	1	0	1	1	0	0	1	0	92.2	74.8		NRG3	45.0	1.0
NSG2	likely	1	171.0	80	0	0	1	1	1	0	0	0	1	98.8	97.1		NSG1	43.9	
NUS1	likely	0	293.0	0	0	0	0	1	1	1	0	0	0	98.0	90.4	2.0			
NXPE1	likely	1	547.0	520	0	0	1	0	0	1	1	0	1			2.0	NXPE2	72.1	
NXPH1	likely	0	271.0	250	1	1	1	1	1	0	0	0	1	99.3	99.6		NXPH2	66.9	
NXPH3	likely	0	252.0	230	1	1	1	1	1	0	0	0	1	93.7	96.4		NXPH1	54.3	
OLFM1	likely	0	485.0	464	1	1	1	1	1	0	0	0	1	99.8	98.4		OLFM3	66.6	
OLFM2	likely	0	454.0	434	1	1	1	1	1	0	0	0	1	96.5	94.7		OLFM3	63.4	
OLFM3	likely	0	478.0	455	1	1	1	1	1	0	0	0	1	96.3	95.6		OLFM1	66.6	
OLFM4	likely	0	510.0	490	1	1	1	1	1	0	0	0	0	93.7	70.2		OLFML2B	29.2	
OPN1SW	likely	7	345.0	87	0	1	0	1	1	0	0	0	1	96.2	86.1		RHO	48.8	
OR10A3	likely	7	314.0	89	0	1	0	0	0	0	0	0	1				OR10A6	89.9	
OR10A5	likely	7	317.0	83	0	1	0	0	0	0	0	0	1				OR10A2	95.7	
OR10A6	likely	7	314.0	89	0	1	0	0	1	0	0	0	1	94.3			OR10A3	89.9	
OR10G4	likely	7	311.0	82	0	1	0	0	0	0	0	0	1				OR10G9	92.7	
OR10G7	likely	7	311.0	83	0	1	0	0	1	0	0	0	1	92.0			OR10G4	92.6	
OR10H2	likely	7	315.0	81	0	1	0	0	0	0	0	0	1				OR10H5	83.8	
OR10J5	likely	7	309.0	79	0	1	0	1	0	0	0	0	1		87.4		OR10J1	68.4	
OR10S1	likely	7	331.0	93	0	1	0	1	0	0	0	0	1		84.8		OR10G6	50.0	
OR10X1	likely	7	326.0	98	0	1	0	0	0	0	0	0	0				OR9G1	40.0	
OR11A1	likely	7	315.0	78	0	1	0	1	1	0	0	0	0	93.7	74.0		OR11H2	46.2	
OR11H6	likely	7	330.0	92	1	1	0	1	0	0	0	0	1		81.5		OR11H4	63.2	
OR11H7	likely	7	314.0	77	0	1	0	0	1	0	0	0	1	92.4			OR11H4	74.7	
OR14A16	likely	7	309.0	80	0	1	0	0	0	0	0	0	1				OR14A2	63.0	
OR14A2	likely	7	314.0	73	0	1	0	0	1	0	0	0	1	93.9			OR14A16	63.0	
OR1A1	likely	7	309.0	84	0	1	0	0	1	0	0	0	1	93.2			OR1A2	81.0	
OR1A2	likely	7	309.0	84	0	1	0	0	0	0	0	0	1				OR1A1	81.0	
OR1D4	likely	7	311.0	86	0	1	0	0	0	0	0	0	0						
OR1E1	likely	7	314.0	89	0	1	0	0	1	0	0	0	1	94.6			OR1E2	97.7	
OR1E2	likely	7	323.0	88	0	1	0	0	1	0	0	0	1	90.1			OR1E1	97.7	
OR1G1	likely	7	313.0	97	0	1	0	0	0	0	0	0	1				OR1I1	60.5	
OR1I1	likely	7	355.0	86	0	1	0	1	1	0	0	0	1	89.0	67.3		OR1G1	60.5	
OR2A25	likely	7	310.0	77	0	1	0	1	1	0	0	0	1	92.3	81.9		OR2A7	83.1	
OR2A4	likely	7	310.0	83	0	1	0	0	0	0	0	0	1				OR2A7	98.8	
OR2AG1	likely	7	316.0	87	0	1	0	0	0	0	0	0	1				OR2AG2	88.4	
OR2C1	likely	7	312.0	90	0	1	0	1	0	0	0	0	1		82.1		OR2G2	61.9	
OR2J3	likely	7	311.0	87	0	1	0	0	1	0	0	0	1	95.5			OR2J2	85.9	
OR2M3	likely	7	312.0	85	0	1	0	0	0	0	0	0	1				OR2M5	95.3	
OR2M7	likely	7	312.0	85	0	1	0	0	0	0	0	0	1				OR2M5	94.1	
OR2T1	likely	7	369.0	121	1	1	0	1	1	0	0	0	1	95.9	86.2		OR2T27	62.9	
OR2T11	likely	7	316.0	87	0	1	0	0	0	0	0	0	1				OR2T2	61.6	
OR2T6	likely	7	308.0	86	0	1	0	1	1	0	0	0	1	93.5	81.5		OR2T1	58.1	
OR2W1	likely	7	320.0	86	0	1	0	0	1	0	0	0	1	95.6			OR2G3	64.0	
OR3A3	likely	7	321.0	92	0	1	0	0	1	0	0	0	1	94.0			OR3A2	97.8	
OR4E2	likely	7	313.0	83	0	1	0	1	1	0	0	0	1	96.8	84.7		OR4K15	62.8	
OR4Q3	likely	7	313.0	79	0	1	0	1	1	0	0	0	1	96.0	79.1		OR4F5	69.0	
OR4S1	likely	7	309.0	79	0	1	0	0	0	0	0	0	1				OR4C45	62.7	
OR4X2	likely	7	303.0	77	0	1	0	0	1	0	0	0	1	88.4			OR4C5	63.5	
OR51A2	likely	7	313.0	78	0	1	0	0	0	0	0	0	1				OR51A4	94.9	
OR51A7	likely	7	312.0	83	0	1	0	1	0	0	0	0	1		85.6		OR51A4	68.4	
OR51B5	likely	7	312.0	80	0	1	0	0	1	0	0	0	1	91.3			OR51B6	78.5	
OR51D1	likely	7	324.0	89	0	1	0	1	1	0	0	0	1	93.8	88.3		OR51C1	51.3	
OR51M1	likely	7	326.0	95	0	1	0	1	1	0	0	0	1	93.6	81.3		OR51B6	59.3	
OR51S1	likely	7	323.0	84	0	1	0	1	1	0	0	0	1	92.6	79.9		OR51G2	46.8	
OR52A1	likely	7	312.0	81	0	1	0	0	1	0	0	0	1	91.7			OR52A5	67.9	
OR52A5	likely	7	316.0	88	0	1	0	0	1	0	0	0	1	97.5			OR52A1	67.9	
OR52B2	likely	7	323.0	84	0	1	0	1	0	0	0	0	1		87.9		OR52E5	61.8	
OR52B6	likely	7	335.0	104	0	1	0	0	1	0	0	0	1	89.0	76.7		OR52E2	53.3	
OR56A4	likely	7	313.0	85	0	1	0	0	0	0	0	0	1				OR56A5	87.1	
OR5A1	likely	7	315.0	89	0	1	0	1	1	0	0	0	1	95.9	83.8		OR5A2	69.0	
OR5AN1	likely	7	311.0	85	0	1	0	0	1	0	0	0	1	96.5			OR5A2	57.1	
OR5H15	likely	7	313.0	83	0	1	0	0	0	0	0	0	1				OR5H1	97.6	
OR5M3	likely	7	307.0	93	0	1	0	0	1	0	0	0	1	94.5			OR5M9	80.6	
OR5P3	likely	7	311.0	85	0	1	0	0	0	0	0	0	1				OR5P2	55.7	
OR5V1	likely	7	321.0	89	0	1	0	0	1	0	0	0	1	94.4			OR10C1	53.2	
OR6A2	likely	7	327.0	88	0	1	0	1	0	0	0	0	1		89.9		OR6B1	54.1	
OR6M1	likely	7	313.0	83	0	1	0	0	1	0	0	0	1	93.0			OR6J1	52.6	
OR6Y1	likely	7	325.0	92	0	1	0	0	1	0	0	0	1	56.0			OR6B1	52.9	
OR7A17	likely	7	309.0	88	0	1	0	0	0	0	0	0	1				OR7A5	78.4	
OR7A5	likely	7	319.0	93	0	1	0	0	0	0	0	0	1				OR7A17	78.4	
OR7C1	likely	7	320.0	91	0	1	0	0	0	0	0	0	1				OR7C2	77.8	
OR7E24	likely	7	339.0	106	0	1	0	0	1	0	0	0	1	89.1			OR7A17	57.6	
OR8B3	likely	7	313.0	87	0	1	0	0	0	0	0	0	1				OR8B2	97.7	
OR8D2	likely	7	311.0	82	0	1	0	0	0	0	0	0	1				OR8D1	61.0	
OSCP1	likely	0	389.0	0	0	0	0	1	1	0	0	0	0	98.4	86.8				
OXTR	likely	7	389.0	96	0	1	0	1	1	0	0	0	1	92.8	92.0		AVPR1B	58.4	
P2RX4	likely	2	388.0	293	0	0	0	1	1	1	0	1	1	75.5	86.6	3.0	P2RX5	58.7	2.0
P2RX5	likely	2	444.0	293	0	0	0	1	1	1	0	0	1	81.8	69.0	3.0	P2RX4	58.7	
P2RX6	likely	2	441.0	285	0	0	0	1	1	1	1	1	1	93.9	71.7	3.0	P2RX5	51.2	2.0
P4HB	likely	0	508.0	491	1	1	1	1	0	0	0	0	1		93.7		PDIA2	49.5	
PANX2	likely	4	677.0	86	0	0	0	1	0	0	1	0	0		92.3		PANX3	36.1	
PAQR8	likely	8	354.0	57	0	0	0	1	1	0	0	0	0	90.7	94.1		PAQR3	34.0	
PCDH11X	likely	1	1347.0	789	1	1	0	0	0	0	0	1	1				PCDH11Y	98.5	8.0
PCDH11Y	likely	1	1340.0	789	1	1	0	0	0	0	0	1	1				PCDH11X	98.5	5.0
PCDHB10	likely	1	800.0	665	1	1	0	0	1	1	0	1	1	92.6		2.0	PCDHB9	93.1	5.0
PCDHB9	likely	1	797.0	663	1	1	0	0	0	0	0	1	1				PCDHB10	93.1	6.0
PCDHGA3	likely	1	932.0	663	1	1	0	1	0	0	0	1	1		84.9		PCDHGA2	75.3	4.0
PCDHGA6	likely	1	932.0	663	1	1	0	1	0	0	0	0	1		80.3		PCDHGA7	75.1	
PCSK5	likely	1	1860.0	1711	1	1	0	1	1	0	1	1	0	95.8	81.2		PCSK6	58.6	9.0
PCSK7	likely	1	785.0	627	1	1	0	1	1	0	0	0	0	98.2	85.9		PCSK6	45.0	
PDGFC	likely	0	345.0	323	1	1	1	1	1	0	0	0	1	98.8	87.0		PDGFD	48.9	
PDIA3	likely	0	505.0	481	1	1	1	1	1	0	0	0	0	84.4	93.1		PDIA4	42.0	
PDIA4	likely	0	645.0	621	1	1	1	1	1	0	0	0	0	97.8	87.9		PDIA3	42.0	
PDIA6	likely	0	440.0	421	1	1	1	1	1	1	0	0	0	97.5	95.2	2.0	TMX1	39.7	
PEBP4	likely	0	227.0	205	1	1	1	0	1	0	0	0	0	89.4					
PHB1	likely	0	272.0	245	1	1	1	1	0	1	0	0	1		99.6	2.0	PHB2	53.1	
PHB2	likely	1	299.0	263	0	0	1	1	1	1	0	0	1	100.0	100.0	2.0	PHB1	53.1	
PIK3IP1	likely	1	263.0	151	1	1	0	1	1	0	1	1	0	65.4	78.7		MST1	41.1	1.0
PKD2	likely	6	968.0	288	0	0	0	1	0	1	1	1	1		89.9	4.0	PKD2L1	59.2	2.0
PKHD1	likely	1	4074.0	3837	1	1	0	1	1	0	1	1	0	95.1	72.4		CLMN	75.0	9.0
PLA2G2F	likely	0	168.0	148	1	1	1	1	1	0	0	0	1	75.8	71.6		PLA2G2D	48.8	
PLAAT4	likely	0	164.0	0	0	0	0	0	1	0	0	0	0	64.0					
PLD2	likely	0	933.0	0	0	0	0	1	1	0	0	0	0	97.2	90.0				
PLD4	likely	1	506.0	455	0	0	1	1	1	1	0	0	1	92.1	73.9	2.0	PLD3	48.0	
PLEC	likely	0	4684.0	0	0	0	0	1	0	0	0	0	0		93.3				
PLET1	likely	0	207.0	182	1	1	1	0	1	0	0	1	0	84.1					2.0
PLPPR2	likely	6	343.0	103	0	0	0	1	1	1	1	0	1	95.4	96.7	4.0	PLPPR5	62.5	
PLVAP	likely	1	442.0	394	0	0	1	1	1	1	0	1	0	94.3	61.8	2.0			5.0
PRDX6	likely	0	224.0	0	0	0	0	0	1	1	0	0	0	98.7		2.0			
PRPH2	likely	4	346.0	159	0	0	0	1	1	1	0	0	1	98.3	91.0	2.0	ROM1	43.5	
PRRG1	likely	1	218.0	80	0	1	0	1	1	0	1	0	1	98.2	92.7		PRRG3	54.4	
PRSS41	likely	0	318.0	299	1	1	1	0	1	0	0	1	1	91.5			PRSS21	52.2	2.0
PRTG	likely	1	1150.0	914	1	1	0	1	1	0	0	1	1	98.4	90.2		IGDCC3	45.5	6.0
PRTN3	likely	0	256.0	231	1	1	1	1	0	0	0	0	1		63.7		ELANE	53.7	
PTCRA	likely	1	281.0	124	1	1	0	0	0	0	0	1	0						1.0
PTP4A1	likely	0	173.0	0	0	0	0	1	1	0	0	0	0	100.0	100.0				
PTP4A3	likely	0	173.0	0	0	0	0	1	0	0	0	0	0		96.5				
PTPRN	likely	1	979.0	547	1	1	0	1	1	0	0	1	0	96.3	87.4		PTPRE	57.1	3.0
PTPRN2	likely	1	1015.0	594	1	1	0	1	0	0	0	1	0		69.8		PTPRE	57.1	1.0
PXDN	likely	0	1479.0	1450	1	1	1	1	0	0	0	0	1		90.9		PXDNL	61.3	
RAB44	likely	0	1021.0	0	0	0	0	1	1	1	0	0	0	92.4	60.3	2.0			
RAET1L	likely	0	246.0	221	1	1	1	0	0	0	0	0	1				ULBP2	96.4	
RARRES1	likely	0	294.0	257	1	1	1	1	1	0	0	0	0	92.5	69.0		LXN	32.0	
RELL2	likely	1	303.0	14	0	1	0	1	1	0	0	0	0	97.0	84.8				
RFTN1	likely	0	578.0	0	0	0	0	1	1	0	0	0	0	95.0	68.9				
RGMB	likely	0	437.0	389	1	1	1	1	1	0	0	1	1	96.6	89.2		RGMA	54.2	3.0
RGS9BP	likely	1	235.0	4	0	0	1	1	0	0	0	0	0		83.4				
RNASE2	likely	0	161.0	138	1	1	1	0	1	0	0	0	1	80.7			RNASE3	65.7	
RNASEK	likely	2	137.0	31	0	0	0	1	1	0	0	0	0	100.0	100.0				
RNASET2	likely	0	256.0	232	1	1	1	0	1	0	0	0	0	96.1					
RNF128	likely	1	428.0	169	1	1	0	1	1	0	0	0	1	96.7	95.3		RNF148	55.5	
RNF167	likely	1	350.0	149	1	1	0	1	1	0	0	1	1	98.3	92.3		RNF13	54.4	2.0
RNLS	likely	0	342.0	0	0	0	0	1	1	0	0	0	0	95.6	71.1				
RO60	likely	0	538.0	0	0	0	0	1	1	0	0	0	0	99.6	89.8				
ROBO3	likely	1	1386.0	871	1	1	0	1	0	0	0	1	1		86.0		ROBO2	54.8	7.0
ROM1	likely	4	351.0	154	0	0	0	1	1	1	0	0	1	95.7	84.3	2.0	PRPH2	43.5	
RPSA	likely	0	295.0	0	0	0	0	0	0	0	0	0	0						
RPSA2	likely	0	295.0	0	0	0	0	0	0	0	0	0	0						
RTN4	likely	4	1192.0	5	0	0	0	1	1	0	0	0	1	96.0	75.4		RTN1	100.0	
RTP2	likely	0	225.0	0	0	0	0	1	1	0	0	0	0	93.3	82.7				
RTP3	likely	0	232.0	0	0	0	0	0	1	1	0	0	0	90.5		2.0			
S100A10	likely	0	97.0	0	0	0	0	1	1	1	0	0	0	100.0	91.8	2.0			
S100A11	likely	0	105.0	0	0	0	0	1	0	1	0	0	0		80.0	2.0			
S100A16	likely	0	103.0	0	0	0	0	1	1	1	0	0	0	99.0	84.5	2.0			
S100A6	likely	0	90.0	0	0	0	0	1	0	1	0	0	0		95.6	2.0			
S100A7	likely	0	101.0	0	0	0	0	0	0	1	0	0	0			2.0			
S100A7A	likely	0	101.0	0	0	0	0	0	0	1	0	0	0			2.0			
S100P	likely	0	95.0	0	0	0	0	0	1	1	0	0	0	100.0		2.0			
SCAMP2	likely	4	329.0	29	0	0	0	1	0	1	0	0	0		88.8	2.0	SCAMP3	39.3	
SCAMP3	likely	4	347.0	28	0	0	0	1	1	1	0	0	0	98.8	90.8	2.0	SCAMP2	39.3	
SCAMP5	likely	4	235.0	28	0	0	0	1	0	1	1	0	1		98.7	2.0	SCAMP4	53.6	
SCARB2	likely	2	478.0	406	0	0	0	1	1	0	0	0	0	99.0	85.8		CD36	36.2	
SEMA6C	likely	1	930.0	580	1	1	0	1	0	1	0	1	1		87.8	2.0	SEMA6D	51.0	2.0
SEMG1	likely	0	462.0	439	1	1	1	0	0	0	0	0	1				SEMG2	77.9	
SERINC1	likely	10	453.0	90	0	0	0	1	1	0	0	0	1	100.0	95.8		SERINC3	50.0	
SERINC4	likely	10	518.0	94	0	0	0	1	1	0	1	0	0	97.3	78.2		SERINC1	33.7	
SERPINA12	likely	0	414.0	395	1	1	1	1	1	0	0	0	1	91.3	61.4		SERPINA1	40.1	
SERPINE1	likely	0	402.0	379	1	1	1	1	1	0	0	0	1	95.0	79.1		SERPINE2	41.4	
SFTPC	likely	1	197.0	141	0	0	1	1	1	0	0	0	0	92.1	82.2				
SHH	likely	0	462.0	439	1	1	1	1	1	0	0	0	1	66.5	87.4		IHH	68.0	
SIDT1	likely	11	827.0	371	1	1	0	1	1	1	0	0	1	97.9	91.7	2.0	SIDT2	53.6	
SIDT2	likely	11	832.0	362	1	1	0	1	1	1	0	0	1	94.1	95.4	2.0	SIDT1	53.6	
SIGLEC12	likely	1	595.0	463	1	1	0	0	1	0	0	1	1	80.8			SIGLEC7	77.2	2.0
SIGLEC16	likely	1	481.0	420	1	1	0	0	0	0	0	1	1				SIGLEC11	95.5	3.0
SIT1	likely	1	196.0	18	1	1	0	1	1	0	0	0	0	95.4	70.4				
SLC11A2	likely	12	568.0	119	0	0	0	1	1	0	0	0	1	97.5	89.7		SLC11A1	55.3	
SLC12A1	likely	12	1099.0	111	0	0	0	1	1	1	0	0	1	98.8	92.9	2.0	SLC12A2	64.5	
SLC16A11	likely	12	447.0	65	0	0	0	1	1	0	0	0	0	96.4	87.5		SLC16A12	34.4	
SLC16A13	likely	12	426.0	64	0	0	0	1	1	0	0	0	0	97.4	87.3		SLC16A12	36.2	
SLC17A2	likely	11	439.0	93	0	0	1	1	1	0	1	0	1	97.5	88.1		SLC17A4	50.5	
SLC17A8	likely	12	589.0	92	0	0	0	1	1	0	0	1	1	98.0	92.5		SLC17A7	83.1	1.0
SLC27A1	likely	2	646.0	3	0	0	0	1	0	0	1	0	1		89.5		SLC27A4	66.7	
SLC27A6	likely	1	619.0	4	0	1	0	1	1	0	0	0	1	95.0	78.4		SLC27A2	100.0	
SLC2A10	likely	12	541.0	139	0	0	0	1	1	0	0	0	0	95.7	77.4		SLC2A6	37.0	
SLC2A12	likely	12	617.0	142	0	0	0	1	1	0	0	0	0	98.2	84.3		SLC2A10	28.8	
SLC2A13	likely	12	648.0	144	0	0	0	1	1	0	0	0	0	98.0	88.4		SLC2A5	33.3	
SLC2A4	likely	12	509.0	71	0	0	0	1	1	0	1	0	1	97.1	95.3		SLC2A1	62.5	
SLC2A8	likely	12	477.0	75	0	0	0	1	1	0	0	0	0	97.9	86.4		SLC2A10	32.8	
SLC30A5	likely	16	765.0	128	0	0	0	1	1	1	1	0	0	99.3	94.8	2.0	SLC30A4	31.2	
SLC30A8	likely	6	369.0	24	0	0	0	1	1	1	0	0	1	94.6	80.5	2.0	SLC30A2	66.7	
SLC31A2	likely	3	143.0	24	0	1	0	1	1	1	0	0	0	84.6	74.8	3.0	SLC31A1	33.3	
SLC38A7	likely	11	462.0	88	0	0	1	1	1	0	1	0	1	98.5	95.0		SLC38A8	40.3	
SLC39A3	likely	8	314.0	50	0	1	1	1	0	1	1	0	0		84.1	2.0	SLC39A2	28.6	
SLC39A9	likely	8	307.0	78	0	1	1	1	1	1	1	0	0	98.7	93.5	2.0			
SLC44A3	likely	8	653.0	219	0	0	0	1	1	0	1	1	1	96.2	81.0		SLC44A1	43.8	1.0
SLC45A3	likely	12	553.0	82	0	0	0	1	1	0	0	0	0	97.8	90.8		SLC45A1	32.4	
SLC48A1	likely	4	146.0	16	0	0	0	0	1	0	1	0	0	99.3					
SLC49A4	likely	12	478.0	76	0	0	0	1	1	0	1	0	0	99.0	95.0		FLVCR2	28.3	
SLC4A5	likely	14	1137.0	160	0	0	0	1	1	0	1	0	1	99.1	90.5		SLC4A4	52.7	
SLC5A12	likely	13	618.0	157	0	1	0	1	1	0	1	0	1	93.7	85.6		SLC5A8	52.0	
SLC5A7	likely	13	580.0	140	0	1	0	1	1	0	0	0	0	98.6	92.9		SLC5A10	25.0	
SLC6A16	likely	12	736.0	206	0	0	0	0	1	0	1	0	0	89.9			SLC6A18	32.4	
SLC75A1	likely	14	455.0	26	0	0	0	1	1	0	0	0	0	96.9	80.2		SLC67A2	26.7	
SLC8A3	likely	10	927.0	100	1	1	1	1	1	0	1	0	1	97.4	95.0		FREM2	66.0	
SLC9A5	likely	11	896.0	148	1	1	0	1	1	1	0	0	1	98.8	95.3	2.0	SLC9A3	45.5	
SLC9A7	likely	13	725.0	140	1	1	0	1	1	1	0	0	1	99.4	95.3	2.0	SLC9A6	60.8	
SLC9B2	likely	14	537.0	73	0	0	0	1	1	1	1	0	1	98.5	81.2	2.0	SLC9B1	50.0	
SLC9C2	likely	17	1124.0	120	0	1	0	1	1	0	0	0	0	89.8	68.2		SLC9A1	24.7	
SLMAP	likely	1	828.0	4	0	0	1	1	1	1	1	0	0	94.9	92.4	2.0	CCDC136	25.0	
SMAGP	likely	1	97.0	35	0	1	0	1	1	0	0	0	0	96.9	78.4		NECTIN2	51.4	
SMPD1	likely	0	631.0	579	1	1	1	1	0	0	0	0	0		82.3		SMPDL3A	33.2	
SMPD3	likely	2	655.0	1	0	0	0	1	1	0	0	0	0	99.1	91.1				
SNAP23	likely	0	211.0	0	0	0	0	1	1	1	0	0	0	89.1	86.7	2.0			
SORCS1	likely	1	1168.0	1069	1	1	0	1	1	0	0	1	1	75.8	90.9		SORCS3	67.8	5.0
SPACA3	likely	1	215.0	141	0	0	1	1	1	0	1	0	1	88.8	56.3		LYZ	50.8	
SPART	likely	0	666.0	0	0	0	0	1	1	0	0	0	0	98.3	86.2				
SPINK2	likely	0	84.0	64	1	1	1	0	0	0	0	0	0				SPINK7	36.5	
SRC	likely	0	536.0	0	0	0	0	1	1	0	0	0	0	92.5	98.9				
ST3GAL1	likely	1	340.0	314	0	0	1	1	1	0	0	0	1	98.2	81.5		ST3GAL2	51.6	
ST6GAL1	likely	1	406.0	380	0	0	1	1	1	0	1	0	0	97.5	79.6		ST6GAL2	45.3	
STIM1	likely	1	685.0	191	1	1	0	1	1	1	0	1	1	99.6	92.5	2.0	STIM2	0.0	1.0
STIM2	likely	2	746.0	1	0	0	0	1	1	1	0	0	0	98.8	93.6	2.0	STIM1	0.0	
STX3	likely	1	289.0	7	0	0	1	1	1	0	1	0	1	86.5	87.9		STX2	83.3	
STX4	likely	1	297.0	6	0	0	1	1	1	0	0	0	1	90.9	90.2		STX1B	33.3	
STYK1	likely	1	422.0	26	0	1	0	1	1	0	0	0	1	93.6	78.0				
SYT3	likely	1	590.0	54	0	1	0	1	1	0	0	0	1	96.9	95.4		SYT9	51.9	
SYT8	likely	1	387.0	35	0	1	0	1	1	0	0	0	1	89.1	75.2		SYT13	50.0	
TAAR1	likely	7	339.0	79	0	1	0	1	1	0	0	0	0	96.2	74.3		TAAR2	47.4	
TAAR2	likely	7	351.0	98	0	1	0	1	1	0	0	0	0	83.2	84.3		TAAR1	47.4	
TAAR5	likely	7	337.0	87	0	1	0	1	1	0	0	0	1	97.6	86.6		TAAR9	41.9	
TAPBPL	likely	1	468.0	387	1	1	0	1	1	0	1	0	0	83.1	65.0		TAPBP	31.0	
TAS2R16	likely	7	291.0	53	0	1	0	1	1	0	0	0	0	90.0	52.9		TAS2R42	30.0	
TAS2R3	likely	7	316.0	51	0	1	0	1	1	0	0	0	0	92.7	63.9		TAS2R10	32.7	
TAS2R42	likely	7	314.0	54	0	1	0	0	0	0	0	0	0				TAS2R16	30.0	
TCAF2	likely	0	919.0	919	0	1	1	0	0	0	0	0	1				TCAF1	64.9	
TCTA	likely	1	103.0	45	0	0	1	1	1	0	0	0	0	99.0	91.3				
TCTN1	likely	0	587.0	565	1	1	1	1	1	0	0	0	0	59.1	70.3		TCTN3	34.9	
TCTN2	likely	1	697.0	643	1	1	0	1	1	0	0	1	0	94.1	68.0		TCTN3	27.0	4.0
TCTN3	likely	0	607.0	585	1	1	1	1	1	0	0	1	0	88.8	71.8		TCTN1	34.9	1.0
TECTA	likely	0	2155.0	2131	1	1	1	1	1	0	0	1	0	97.7	95.9		VWC2L	49.8	10.0
TECTB	likely	0	329.0	312	1	1	1	1	1	0	0	1	0	93.6	94.2		UMODL1	37.8	2.0
TENM1	likely	1	2725.0	2386	0	0	1	1	1	0	0	1	1	99.3	97.0		TENM4	66.9	3.0
TEX38	likely	1	206.0	14	0	1	0	1	1	0	0	0	0	88.3	66.0				
TF	likely	0	698.0	679	1	1	1	1	1	0	0	0	1	91.8	73.1		LTF	62.0	
TGFB1	likely	0	390.0	361	1	1	1	1	1	0	0	0	1	91.5	90.0		TGFB3	52.4	
TGM2	likely	0	687.0	0	0	0	0	1	1	0	0	0	0	99.0	84.1				
TGOLN2	likely	1	437.0	367	1	1	0	0	1	0	0	0	0	81.0					
THBS3	likely	0	956.0	935	1	1	1	1	1	0	0	0	1	99.5	97.2		COMP	66.4	
THSD1	likely	1	852.0	392	1	1	0	1	1	0	1	1	0	96.4	78.6				3.0
TLR3	likely	1	904.0	680	1	1	0	1	1	0	0	1	0	95.7	79.4		LRRC3	40.1	2.0
TM4SF19	likely	4	209.0	77	0	0	0	1	1	0	0	0	0	94.3	78.0		TM4SF1	40.0	
TM4SF20	likely	4	229.0	95	0	0	0	1	1	0	0	0	0	90.4	74.7		TM4SF1	32.3	
TMC1	likely	8	760.0	240	0	0	0	1	1	0	0	0	1	98.0	95.7		TMC2	66.2	
TMC2	likely	8	906.0	231	0	0	0	1	1	0	1	0	1	96.0	81.7		TMC1	66.2	
TMED10	likely	1	219.0	154	1	1	0	1	1	0	1	0	0	98.2	92.7		TMED4	34.4	
TMEFF2	likely	1	374.0	280	1	1	0	1	1	0	1	1	1	100.0	98.9		TMEFF1	51.8	1.0
TMEM100	likely	2	134.0	8	0	0	0	1	1	0	0	0	0	98.5	85.1		PIRT	25.0	
TMEM106A	likely	1	262.0	147	0	0	1	1	1	1	0	1	0	95.0	66.4	2.0			1.0
TMEM106B	likely	1	274.0	157	0	0	1	1	1	0	0	1	0	99.3	96.0				1.0
TMEM120A	likely	6	343.0	28	0	0	0	1	0	1	1	0	1		94.8	2.0	TMEM120B	57.1	
TMEM131L	likely	1	1609.0	834	1	1	0	1	1	0	0	1	0	96.8	77.0		TMEM131	33.8	5.0
TMEM132B	likely	1	1078.0	896	0	1	0	1	1	0	1	1	1	97.0	85.8		TMEM132C	52.7	4.0
TMEM132E	likely	1	1074.0	863	1	1	0	1	1	0	0	1	1	97.6	92.5		TMEM132C	45.0	1.0
TMEM145	likely	7	493.0	189	1	1	0	1	1	0	0	1	0	95.1	93.9		GPR180	29.0	1.0
TMEM150B	likely	6	233.0	45	0	0	0	1	1	1	0	0	0	96.1	71.2	2.0	TMEM150A	46.7	
TMEM150C	likely	6	249.0	54	0	0	0	1	1	1	1	0	0	99.6	96.0	2.0	TMEM150B	40.0	
TMEM163	likely	6	289.0	24	0	0	0	1	1	0	1	0	0	92.4	91.0				
TMEM176B	likely	4	270.0	72	0	0	0	1	1	1	0	0	0	91.1	51.9	2.0	TMEM176A	26.8	
TMEM182	likely	4	229.0	115	0	0	0	1	1	0	1	1	0	98.3	89.1				1.0
TMEM184A	likely	7	413.0	102	0	1	0	1	1	0	0	0	0	91.5	83.3		TMEM184B	43.3	
TMEM200B	likely	2	307.0	39	0	0	0	1	1	0	0	0	0	88.6	84.4		TMEM200C	46.2	
TMEM205	likely	4	189.0	30	0	1	1	1	1	1	0	0	0	98.4	79.4	2.0			
TMEM215	likely	2	235.0	7	0	0	0	1	1	0	0	0	0	97.0	92.3				
TMEM237	likely	4	408.0	53	0	0	0	1	1	1	0	0	0	97.5	81.6	2.0			
TMEM25	likely	1	366.0	208	1	1	0	1	1	0	1	1	0	93.7	91.0		SIGLEC1	45.7	1.0
TMEM26	likely	8	368.0	86	0	0	0	1	1	1	1	0	0	94.8	69.3	2.0			
TMEM266	likely	4	523.0	22	0	0	0	1	1	1	0	0	1	91.8	88.7	2.0	TPTE	20.0	
TMEM268	likely	2	342.0	7	0	0	0	1	1	0	0	0	0	98.0	87.4				
TMEM47	likely	4	181.0	53	0	0	0	1	1	0	0	0	0	100.0	98.9		PERP	28.3	
TMEM52B	likely	1	183.0	18	1	1	0	1	1	0	0	0	0	89.1	79.8				
TMEM59	likely	1	323.0	204	1	1	0	1	1	0	0	0	0	98.8	94.1		TMEM59L	38.2	
TMEM63A	likely	11	807.0	140	0	1	0	1	0	0	0	0	1		89.6		TMEM63B	64.2	
TMEM72	likely	4	275.0	21	0	0	0	1	1	0	1	0	0	97.8	84.4				
TMEM87A	likely	7	555.0	261	1	1	0	1	0	0	1	1	0		92.6		TMEM87B	36.5	2.0
TMEM88	likely	2	159.0	28	0	0	0	1	1	0	0	0	0	97.5	88.7				
TMEM8B	likely	7	472.0	256	0	1	0	1	1	1	1	0	0	98.7	92.0	2.0	MYMK	50.0	
TMEM97	likely	4	176.0	57	0	0	0	1	1	1	0	0	0	79.5	82.4	2.0			
TMPRSS11B	likely	1	416.0	378	0	0	1	0	1	0	0	1	1	93.3			TMPRSS11F	41.5	1.0
TMPRSS11E	likely	1	423.0	383	0	0	1	1	1	0	0	0	1	95.3	75.7		TMPRSS11F	45.7	
TMPRSS12	likely	0	348.0	330	1	1	1	1	1	0	0	0	0	92.0	58.3		OVCH1	39.1	
TMX3	likely	1	454.0	351	1	1	0	1	1	0	1	1	0	98.5	91.4		TMX1	34.0	1.0
TNF	likely	1	233.0	182	0	0	1	1	1	1	0	0	0	76.8	79.4	3.0	LTA	33.3	
TNFRSF9	likely	1	255.0	164	1	1	0	1	1	0	0	1	0	66.3	57.6		TNFRSF21	37.8	3.0
TNFSF11	likely	1	317.0	249	0	0	1	1	1	1	1	1	0	98.1	83.3	3.0	TNFSF14	33.0	2.0
TNFSF15	likely	1	251.0	195	0	0	1	1	1	1	1	1	0	97.6	66.5	3.0	TNFSF10	36.4	1.0
TPCN2	likely	12	752.0	173	0	0	0	1	1	1	0	0	0	86.7	73.0	2.0	TPCN1	35.0	
TPRA1	likely	7	373.0	95	0	1	0	1	1	0	1	0	0	63.5	91.4				
TRARG1	likely	3	177.0	8	0	0	1	1	1	0	0	0	1	91.0	74.0		PRRT1B	100.0	
TREML1	likely	1	311.0	147	1	1	0	1	1	0	0	0	0	96.5	67.8		FCAMR	37.4	
TREML4	likely	0	200.0	180	1	1	1	0	0	0	0	0	1				NCR2	39.5	
TRIM72	likely	0	477.0	0	0	0	0	1	1	1	0	0	0	69.4	91.2	2.0			
TRPM1	likely	6	1603.0	88	0	0	0	1	1	0	1	0	1	98.2	86.6		TRPM3	71.6	
TRPV2	likely	6	764.0	88	0	0	0	1	1	1	0	0	0	94.2	80.6	4.0	TRPV3	32.8	
TSPAN13	likely	4	204.0	76	0	0	0	1	0	0	0	1	0		95.6		CD82	40.8	1.0
TSPAN16	likely	4	245.0	127	0	0	0	0	1	0	1	0	0	57.0			TSPAN1	32.0	
TYRP1	likely	1	537.0	453	1	1	0	1	1	0	0	0	1	97.4	85.3		DCT	53.7	
UNC93A	likely	12	457.0	85	0	0	0	0	1	0	0	0	0	81.6			UNC93B1	23.5	
VAMP5	likely	1	116.0	25	0	0	1	1	1	0	0	0	0	83.6	63.8		VAMP4	50.0	
VAMP7	likely	1	220.0	15	0	0	1	0	1	0	1	0	0	100.0			VAMP8	50.0	
VAPA	likely	1	249.0	1	0	0	1	1	1	1	0	0	1	99.6	97.2	2.0	VAPB	100.0	
VDAC1	likely	0	283.0	61	1	0	0	1	0	0	0	0	1		98.6				
VIM	likely	0	466.0	0	0	0	0	1	1	1	0	0	0	99.4	97.4	2.0			
VN1R1	likely	7	353.0	114	0	1	0	0	0	0	0	0	0				VN1R4	39.7	
VSIG10	likely	1	540.0	383	1	1	0	1	1	0	0	1	0	91.1	67.4		HMCN2	46.7	1.0
XKR3	likely	12	459.0	44	0	0	0	0	1	0	0	0	1	78.2			XKRX	63.4	
XKR4	likely	10	650.0	39	0	0	0	1	1	0	0	0	1	98.6	95.5		XKR6	34.3	
XKR9	likely	10	373.0	39	0	0	0	1	1	0	0	0	0	94.6	76.7		XKR8	27.0	
ZDHHC2	likely	4	367.0	29	0	0	0	1	1	0	0	0	1	98.4	95.1		ZDHHC20	60.7	
ZPBP	likely	0	351.0	307	1	1	1	1	1	0	0	0	0	89.7	78.3		ZPBP2	38.4	
A2ML1	low	0	1454.0	1437	1	1	1	0	1	0	0	0	1	95.5			A2M	41.7	
AADACL3	low	1	407.0	3	0	1	0	0	0	0	0	0	1	89.4	61.9		AADACL4	33.3	
ABCA10	low	13	1543.0	364	0	1	0	0	1	0	1	0	1	93.8			ABCA6	56.4	
ABCA13	low	12	5058.0	3876	0	0	0	1	1	0	1	1	0	91.6	65.7		ABCA2	39.3	5.0
ABCA4	low	12	2273.0	1032	0	0	0	1	1	0	0	1	1	98.3	88.3		ABCA1	48.7	4.0
ABCB5	low	12	1257.0	107	0	0	0	1	1	0	1	0	1	95.5	78.0		ABCB1	45.5	
ABCC11	low	12	1382.0	83	0	0	0	0	1	0	0	0	0	92.0			ABCC5	38.2	
ABHD6	low	0	337.0	0	0	0	0	1	1	0	0	0	0	99.4	93.8				
ACP2	low	1	423.0	351	1	1	0	1	1	1	1	0	1	98.6	89.4	2.0	ACP3	52.4	
ACR	low	0	421.0	402	1	1	1	1	1	0	0	0	0	81.0	67.5				
ADAM11	low	1	769.0	711	1	1	0	1	1	0	1	1	1	98.4	94.8		ADAM22	55.6	3.0
ADAM18	low	1	739.0	671	1	1	0	1	1	0	1	1	1	92.2	60.5		ADAM32	44.1	5.0
ADAM20	low	1	726.0	663	1	1	0	0	1	0	0	1	1	92.7			ADAM21	63.0	3.0
ADAM21	low	1	722.0	654	1	1	0	1	0	0	0	1	1		68.0		ADAM20	63.0	2.0
ADAM30	low	1	790.0	658	1	1	0	1	1	0	0	1	1	69.9	53.3		ADAM21	42.8	4.0
ADAM33	low	1	813.0	674	1	1	0	1	1	0	0	1	1	90.4	70.0		ADAM19	49.4	2.0
ADAMTS10	low	0	1103.0	1078	1	1	1	1	1	0	0	0	1	94.6	94.2		ADAMTS6	60.5	
ADAMTS12	low	0	1594.0	1567	1	1	1	1	1	0	0	0	1	96.6	80.5		ADAMTS7	50.0	
ADAMTS17	low	0	1095.0	1074	1	1	1	1	1	0	0	0	1	89.1	89.9		ADAMTS19	57.0	
ADAMTS8	low	0	889.0	863	1	1	1	1	1	0	0	0	1	93.4	81.3		ADAMTS1	51.6	
ADCY4	low	12	1077.0	105	0	0	0	1	1	0	1	0	0	98.7	92.3		NPR2	76.9	
ADGRD2	low	7	963.0	699	0	1	0	0	0	0	0	0	0				GLP1R	40.4	
ADGRF3	low	7	1079.0	793	1	1	0	1	1	0	0	0	0	90.8	60.4		GLP1R	41.9	
ADGRF4	low	7	695.0	428	1	1	0	1	1	0	0	0	0	93.1	66.8		ADGRG4	39.0	
ADGRG7	low	8	797.0	483	0	0	0	1	1	0	0	0	0	90.8	69.1		ADGRG4	35.2	
AGPAT1	low	3	283.0	7	0	1	0	1	1	0	0	0	0	98.9	91.2		AGPAT2	0.0	
AHNAK	low	0	5890.0	0	0	0	0	1	0	0	0	0	0		78.3				
AIMP1	low	0	312.0	0	0	0	0	1	1	0	0	0	0	96.5	83.3				
AKAP4	low	0	854.0	0	0	0	0	1	1	0	0	0	0	96.0	78.2				
ANG	low	0	147.0	123	1	1	1	0	0	0	0	0	0				RNASE4	40.3	
ANGPTL2	low	0	493.0	471	1	1	1	1	1	0	0	0	1	99.6	95.3		ANGPTL1	60.9	
ANGPTL4	low	0	406.0	381	1	1	1	1	1	0	0	0	0	94.8	75.4		TNXB	49.9	
ANKEF1	low	0	776.0	0	0	0	0	1	1	0	0	0	0	96.3	85.3				
ANKRD24	low	0	1146.0	0	0	0	0	1	1	0	0	0	0	77.5	54.5				
ANO10	low	8	660.0	122	0	0	0	1	1	1	1	0	0	97.6	91.5	2.0	ANO4	31.1	
ANO8	low	10	1232.0	61	0	0	0	1	0	0	0	0	0		75.3		ANO5	32.6	
ANO9	low	8	782.0	249	0	0	0	1	0	1	1	1	1		70.8	2.0	ANO4	47.0	3.0
ANOS1	low	0	680.0	656	1	1	1	0	1	0	0	0	0	95.4					
ANTXR2	low	1	489.0	285	1	1	0	1	1	0	1	1	1	91.2	82.8		ANTXR1	54.0	1.0
ANTXRL	low	1	631.0	326	1	1	0	0	0	0	0	0	1				ANTXR1	44.2	
ANXA13	low	0	316.0	0	0	0	0	1	0	0	0	0	0		86.7				
ANXA3	low	0	323.0	0	0	0	0	1	1	0	0	0	0	92.6	89.8				
ANXA9	low	0	345.0	0	0	0	0	1	0	0	0	0	0		77.7				
AOC1	low	0	751.0	732	1	1	1	0	1	1	0	0	1	95.5		2.0	AOC2	43.2	
AOC2	low	1	756.0	731	0	0	1	1	1	1	0	0	1	98.5	81.0	2.0	AOC3	66.1	
AOPEP	low	0	819.0	0	0	0	0	1	1	0	0	0	0	94.0	76.7				
APCDD1	low	0	514.0	488	1	1	1	1	1	1	0	1	1	99.2	91.8	2.0	APCDD1L	47.8	2.0
APCDD1L	low	0	501.0	479	1	1	1	0	0	1	0	0	1			2.0	APCDD1	47.8	
APH1A	low	7	265.0	33	0	1	0	1	1	1	1	0	1	81.9	99.2	2.0	APH1B	51.5	
APOBR	low	0	1097.0	0	0	0	0	0	0	0	0	0	0						
APOLD1	low	0	279.0	0	0	0	0	1	1	0	0	0	0	98.4	87.5				
AQP12B	low	6	295.0	80	0	0	0	0	0	0	1	0	1				AQP12A	100.0	
AQP6	low	6	282.0	54	0	0	0	1	1	1	0	0	1	96.1	75.2	4.0	AQP2	61.1	
AQP7B	low	6	346.0	73	0	0	0	0	0	1	0	0	1			4.0	AQP7	90.3	
ARHGEF18	low	0	1361.0	0	0	0	0	1	0	0	0	0	0		75.2				
ARL6IP5	low	4	188.0	4	0	0	0	1	1	0	0	0	1	98.4	90.4		PRAF2	33.3	
ARMH1	low	0	440.0	0	0	0	0	1	1	0	0	0	0	96.1	77.0				
ARMH2	low	0	230.0	0	0	0	0	1	1	0	0	0	0	90.4	53.5				
ARSA	low	0	507.0	489	1	1	1	1	1	0	0	0	0	96.1	85.5		GALNS	39.9	
ARSF	low	2	590.0	523	1	1	1	0	1	0	0	0	1	88.5			ARSH	63.2	
ARSH	low	2	562.0	513	0	1	1	0	0	0	0	0	1				ARSD	67.7	
ART4	low	0	314.0	268	1	1	1	1	1	0	0	1	0	92.0	59.2		ART1	37.3	2.0
ASAH2B	low	0	165.0	131	1	1	1	0	0	0	0	0	1				ASAH2	100.0	
ASIC4	low	2	539.0	356	0	0	0	1	1	1	1	1	1	97.8	97.6	3.0	ASIC1	55.1	2.0
ASTN2	low	2	1339.0	1050	1	1	1	1	0	0	1	1	1		97.3		ASTN1	52.1	6.0
ATP11B	low	10	1177.0	79	0	0	0	1	1	0	0	0	1	99.2	93.4		ATP11A	64.5	
ATP5IF1	low	0	106.0	0	0	0	0	1	1	1	0	0	0	98.1	51.9	2.0			
ATP5PF	low	0	108.0	0	0	0	0	1	1	0	0	0	0	82.4	80.6				
ATP6AP1	low	1	470.0	392	1	1	0	1	1	0	0	0	0	93.6	86.0				
ATP6V0A2	low	8	856.0	135	0	0	0	1	1	0	0	1	1	98.6	91.6		ATP6V0A1	60.5	1.0
ATP6V0A4	low	8	840.0	131	0	0	0	1	1	0	0	0	1	98.2	85.5		ATP6V0A1	61.9	
ATP6V0E2	low	2	81.0	32	0	1	1	0	0	0	0	0	1				ATP6V0E1	68.8	
ATP8A1	low	10	1164.0	83	0	0	0	1	1	0	0	0	1	97.6	96.6		ATP8A2	58.0	
ATRAID	low	1	229.0	169	1	1	0	1	1	0	0	1	0	95.6	62.4				1.0
AZU1	low	0	251.0	232	1	1	1	0	1	0	0	0	0	89.2			KLK13	36.2	
B4GALT1	low	1	398.0	355	0	0	1	1	1	0	0	0	1	95.0	86.7		B4GALT2	57.9	
BEST1	low	4	585.0	36	0	0	0	1	1	1	1	0	1	85.6	64.6	5.0	BEST2	61.1	
BGN	low	0	368.0	352	1	1	1	1	1	0	0	0	1	99.2	95.9		DCN	57.7	
BMP1	low	0	986.0	964	1	1	1	1	1	0	0	0	1	99.4	96.0		TLL2	76.0	
BRI3	low	0	125.0	0	0	0	0	1	1	0	0	0	0	92.8	93.6				
BRICD5	low	1	260.0	211	0	0	1	1	1	0	0	0	0	89.0	65.8		GKN2	24.4	
BTBD17	low	1	478.0	54	1	1	0	1	0	0	0	0	0		92.7				
BTN1A1	low	1	526.0	220	1	1	0	1	1	0	0	1	1	96.4	74.0		BTN2A2	51.4	1.0
BTNL9	low	1	535.0	223	1	1	0	1	0	1	0	1	1		69.0	2.0	BTN2A1	44.1	1.0
C11orf87	low	1	197.0	61	0	1	0	1	0	0	0	0	0						
C14orf180	low	1	160.0	39	0	0	1	0	0	0	0	0	0						
C16orf54	low	1	224.0	31	0	1	0	1	0	0	0	0	0						
C17orf58	low	0	339.0	322	1	1	1	1	0	0	0	0	0						
C19orf18	low	1	215.0	77	1	1	0	0	0	0	0	0	0						
C19orf38	low	1	230.0	103	1	1	0	1	1	0	0	1	0						1.0
C1QB	low	0	253.0	226	1	1	1	1	0	1	0	0	1		80.1	3.0	C1QC	52.1	
C1QL2	low	0	287.0	266	1	1	1	1	1	0	0	0	1	97.2	94.1		C1QL3	77.1	
C1QTNF1	low	0	281.0	256	1	1	1	1	1	1	0	0	1	86.5	76.9	3.0	C1QTNF6	53.0	
C1QTNF4	low	0	329.0	313	1	1	1	1	0	1	0	0	0		94.2	2.0	C1QTNF6	38.4	
C1orf159	low	1	380.0	130	1	1	0	1	1	0	0	0	0						
C1orf210	low	1	113.0	32	0	1	0	1	1	0	0	0	0						
C2orf92	low	1	265.0	167	1	1	0	0	1	0	0	0	0						
C4B_2	low	0	1744.0	1725	1	1	1	0	0	0	0	0	1						
C5orf15	low	1	265.0	153	1	1	0	1	0	0	0	0	0						
C6orf58	low	0	330.0	310	1	1	1	1	1	0	0	0	0						
C8G	low	0	202.0	182	1	1	1	1	0	0	0	0	0		73.8				
C9	low	0	559.0	538	1	1	1	1	1	0	0	0	0	91.8	58.0		SUSD6	49.4	
CA10	low	0	328.0	307	1	1	1	1	1	1	0	0	1	94.8	100.0	2.0	CA11	56.1	
CA11	low	0	328.0	303	1	1	1	1	1	1	0	0	1	97.3	96.6	2.0	CA10	56.1	
CACNG4	low	4	327.0	99	0	0	0	1	1	0	0	0	1	82.6	98.2		CACNG8	70.7	
CACNG6	low	4	260.0	110	0	0	0	1	0	1	0	0	1		85.0	2.0	CACNG1	43.7	
CALHM5	low	4	309.0	78	0	0	0	1	1	1	0	0	1	98.1	83.5	12.0	CALHM6	43.2	
CAMP	low	0	170.0	140	1	1	1	1	1	0	0	0	0	86.5	54.7				
CANT1	low	1	401.0	341	0	0	1	1	1	1	1	0	0	96.5	87.8	2.0			
CATSPERB	low	1	1116.0	1036	1	1	0	0	1	0	0	0	0	88.9					
CBARP	low	1	705.0	46	0	1	0	1	1	0	0	0	0	56.6	82.8				
CBLN1	low	0	193.0	172	1	1	1	1	1	1	0	0	1	60.1	99.0	3.0	CBLN2	84.9	
CBLN2	low	0	224.0	173	1	1	1	1	1	1	0	0	1	67.9	94.2	3.0	CBLN1	84.9	
CCDC126	low	1	140.0	110	0	0	1	1	1	0	0	0	0	99.3	89.3		MGAT5	58.2	
CCDC198	low	0	296.0	0	0	0	0	1	1	0	0	0	0	92.2	63.2				
CCDC70	low	0	222.0	0	0	0	0	1	1	0	0	0	0	92.8	83.3				
CCDC78	low	0	438.0	0	0	0	0	1	1	1	0	0	0	90.4	53.8	2.0			
CCDC80	low	0	950.0	927	1	1	1	1	1	0	0	0	0	98.0	84.0				
CCL25	low	0	150.0	127	1	1	1	0	1	0	0	0	0	90.0			CCL16	35.1	
CCN1	low	0	381.0	357	1	1	1	1	1	0	0	0	1	98.2	91.9		CCN2	52.3	
CCN2	low	0	349.0	323	1	1	1	1	1	0	0	0	1	89.4	90.5		CCN3	52.9	
CCN3	low	0	357.0	326	1	1	1	1	1	0	0	0	1	98.9	80.1		CCN2	52.9	
CD164L2	low	1	174.0	112	1	1	0	1	1	0	0	0	0	86.2	81.0		CD164	29.5	
CD1E	low	1	388.0	288	1	1	0	0	1	0	1	1	1	89.2			CD1B	60.0	2.0
CDCP2	low	1	540.0	495	1	1	0	1	1	0	1	0	0	97.0	88.7		CUBN	44.0	
CDH22	low	1	828.0	588	1	1	0	1	1	0	0	1	1	85.1	92.8		CDH7	58.4	4.0
CDHR4	low	1	788.0	671	1	1	0	1	0	0	1	1	0		71.8		PCDH8	27.0	3.0
CDNF	low	0	187.0	161	1	1	1	1	0	0	0	0	1		77.5		MANF	63.3	
CEACAM18	low	0	384.0	354	1	1	1	1	1	0	0	0	0	77.3	53.6		CEACAM4	36.4	
CEACAM19	low	1	300.0	127	1	1	0	1	1	0	1	1	0	95.7	59.5		CEACAM5	37.0	1.0
CEACAM21	low	1	293.0	204	1	1	0	0	0	0	1	1	0				CEACAM1	52.0	1.0
CERCAM	low	0	595.0	573	1	1	1	1	1	0	0	0	1	97.1	83.2		COLGALT1	57.6	
CFC1B	low	0	223.0	198	1	1	1	0	0	0	0	0	1				CFC1	99.5	
CFHR2	low	0	270.0	252	1	1	1	0	0	0	0	0	1				CFHR1	85.7	
CHRM3	low	7	590.0	120	0	1	0	1	1	0	0	0	1	98.3	91.5		CHRM5	63.4	
CIROP	low	1	788.0	717	1	1	0	1	1	0	0	0	0	94.0	66.0				
CIROZ	low	0	823.0	801	1	1	1	1	1	0	0	0	0	71.1	50.5				
CIST1	low	1	234.0	156	1	1	0	0	1	0	0	0	0	84.2					
CKLF	low	4	152.0	15	0	0	0	1	1	0	1	0	0	72.4	57.9		MAL2	33.3	
CLCA1	low	0	914.0	893	1	1	1	1	0	0	0	0	1		75.5		CLCA4	62.0	
CLCC1	low	3	551.0	268	1	1	0	1	1	0	1	0	0	96.2	72.8				
CLDN34	low	4	214.0	88	0	0	0	0	1	0	0	0	0	88.8			CLDN2	29.9	
CLIC5	low	0	410.0	0	0	0	0	0	1	0	0	0	0	96.0					
CLIC6	low	0	704.0	0	0	0	0	1	0	0	0	0	0		57.9				
CLMP	low	1	373.0	215	1	1	0	1	1	1	0	1	0	98.9	92.8	2.0	CXADR	34.9	2.0
CLN3	low	11	438.0	97	0	0	1	1	1	0	1	0	0	94.3	85.8				
CLN5	low	0	358.0	316	1	1	1	1	1	0	0	0	0	94.1	71.8				
CLRN2	low	4	232.0	97	0	0	0	1	1	1	0	0	1	97.0	94.4	2.0	CLRN1	47.4	
CLSTN2	low	1	955.0	814	1	1	0	1	1	0	0	1	1	98.0	94.8		CLSTN1	56.3	4.0
CLUL1	low	0	466.0	446	1	1	1	0	1	0	0	0	0	94.8			CLU	26.7	
CMTM1	low	4	169.0	15	0	0	0	0	1	0	1	0	0	87.4			CKLF	26.7	
CNIH2	low	3	160.0	43	0	0	1	1	1	0	0	0	1	100.0	100.0		CNIH3	83.3	
CNIH3	low	3	160.0	42	0	0	1	1	1	0	0	0	1	85.6	100.0		CNIH2	83.3	
CNMD	low	1	334.0	270	0	0	1	1	1	0	0	0	0	97.3	88.9		TNMD	39.6	
CNTN3	low	0	1028.0	1009	1	1	1	1	1	0	0	1	1	98.2	91.4		CNTN4	64.9	6.0
CNTNAP3B	low	1	1288.0	1222	1	1	0	0	0	0	1	1	1				CNTNAP3	98.3	3.0
CNTNAP5	low	1	1306.0	1217	1	1	0	0	1	0	0	1	1	98.4			CNTNAP4	60.0	3.0
COL25A1	low	1	654.0	600	0	0	1	1	1	0	0	0	1	96.5	92.7		COL7A1	61.3	
COL6A2	low	0	1019.0	999	1	1	1	1	0	0	0	0	0		91.0		COL23A1	44.8	
COLQ	low	0	455.0	433	1	1	1	1	1	0	0	0	0	89.2	91.0		COL7A1	51.7	
CPA6	low	0	437.0	407	1	1	1	1	1	0	0	0	1	97.3	84.4		CPA3	42.3	
CPD	low	1	1380.0	1268	1	1	0	1	1	0	0	1	0	98.0	91.2		CPE	51.4	2.0
CPE	low	0	476.0	449	1	1	1	1	1	0	0	0	1	92.0	96.6		CPD	51.4	
CPM	low	0	443.0	426	1	1	1	1	1	0	0	1	1	96.2	84.9		CPD	50.9	1.0
CPO	low	0	374.0	354	1	1	1	0	1	0	0	0	0	97.9			CPB1	43.2	
CPZ	low	0	652.0	634	1	1	1	1	1	0	0	0	0	96.9	81.6		CPE	49.0	
CREG1	low	0	220.0	189	1	1	1	1	1	1	0	0	0	65.0	76.8	2.0	CREG2	39.2	
CRIPTO3	low	0	188.0	158	1	1	1	0	0	0	0	0	1				CRIPTO	97.5	
CRISP1	low	0	249.0	228	1	1	1	1	1	0	0	0	1	85.5	61.4		CRISP2	46.8	
CRISPLD1	low	0	500.0	477	1	1	1	1	1	0	0	0	1	58.2	94.6		CRISPLD2	60.8	
CRISPLD2	low	0	497.0	475	1	1	1	1	1	0	0	0	1	97.8	77.5		CRISPLD1	60.8	
CRYAB	low	0	175.0	0	0	0	0	1	1	0	0	0	0	98.9	97.7				
CSF1	low	1	554.0	464	1	1	0	1	1	1	0	1	0	95.3	70.0	2.0			1.0
CSMD2	low	1	3487.0	3410	0	1	0	1	1	0	1	1	1	97.4	95.0		SUSD3	65.7	7.0
CSMD3	low	1	3707.0	3570	1	1	0	1	1	0	1	0	1	99.1	97.5		SUSD6	66.7	
CST7	low	0	145.0	126	1	1	1	1	1	0	0	0	0	91.7	71.0		CST3	35.0	
CT47A11	low	0	288.0	0	0	0	0	0	0	0	0	0	0						
CT47A3	low	0	288.0	0	0	0	0	0	0	0	0	0	0						
CTSA	low	0	480.0	452	1	1	1	1	1	1	0	0	0	97.9	86.9	2.0	CPVL	32.3	
CTSB	low	0	339.0	322	1	1	1	1	1	0	0	0	0	97.1	78.8		TINAGL1	35.4	
CTSE	low	0	396.0	377	1	1	1	1	1	0	0	0	1	98.7	82.6		PGA5	54.7	
CTSG	low	0	255.0	237	1	1	1	1	1	0	0	0	1	84.7	67.8		GZMB	56.8	
CTSH	low	0	335.0	313	1	1	1	1	1	0	0	0	1	97.0	83.0		CTSK	43.1	
CTSL	low	0	333.0	316	1	1	1	0	1	0	0	0	1	96.1			CTSV	77.5	
CTSS	low	0	331.0	315	1	1	1	1	1	1	0	0	1	96.7	74.0	2.0	CTSK	57.0	
CTXN1	low	1	82.0	29	0	1	0	1	0	0	0	0	0		96.3		CTXN3	25.0	
CTXN3	low	1	81.0	28	0	1	0	1	0	0	0	0	0		91.4		CTXN2	35.7	
CTXND1	low	1	59.0	16	0	1	0	1	0	0	0	0	0		100.0				
CTXND2	low	1	55.0	15	0	1	0	1	0	0	0	0	0		74.5				
CUZD1	low	1	607.0	544	1	1	0	1	1	0	0	1	0	95.6	70.5		CUBN	43.6	4.0
CXorf66	low	1	361.0	29	1	1	0	0	1	0	0	0	0						
CYB561	low	6	251.0	50	0	0	0	1	1	1	1	0	1	97.6	88.0	2.0	CYBRD1	43.5	
CYP4Z1	low	1	505.0	2	1	1	0	0	0	0	0	0	1				CYP4X1	0.0	
CYSTM1	low	0	97.0	0	0	0	0	1	1	0	0	0	0	99.0	93.8				
CYTL1	low	0	136.0	114	1	1	1	1	0	0	0	0	0		69.1				
DCT	low	1	519.0	449	1	1	0	1	1	0	0	1	1	96.3	83.0		TYRP1	53.7	1.0
DCXR	low	0	244.0	0	0	0	0	1	1	1	0	0	0	94.7	84.0	2.0			
DEFB106B	low	0	65.0	45	1	1	1	0	0	0	0	0	1				DEFB106A	100.0	
DEFB112	low	0	113.0	99	1	1	1	0	0	0	0	0	0						
DEFB113	low	0	82.0	66	1	1	1	1	1	0	0	0	0	72.0	56.1				
DEFB115	low	0	88.0	59	1	1	1	0	1	0	0	0	0	90.9			DEFB129	42.4	
DIO1	low	0	249.0	0	0	0	0	1	1	0	0	0	0	96.4	79.1				
DMKN	low	0	476.0	455	1	1	1	1	1	0	0	0	0	85.1	55.0				
DNAJC22	low	4	341.0	19	0	0	0	1	1	0	0	0	0	96.5	82.1				
DNAJC5	low	2	198.0	1	0	0	0	1	1	0	0	0	1	84.3	99.5		DNAJC18	100.0	
DNAJC9	low	0	260.0	0	0	0	0	1	1	0	0	0	0	85.0	87.7				
DNASE1L2	low	0	299.0	278	1	1	1	1	1	0	0	0	1	89.6	76.9		DNASE1	55.0	
DOCK8	low	0	2099.0	0	0	0	0	1	1	0	0	0	0	98.8	92.0				
DRAM1	low	6	238.0	51	0	0	0	1	1	1	1	0	1	98.3	94.5	2.0	DRAM2	51.0	
DSG4	low	1	1040.0	608	1	1	0	1	1	0	0	1	1	96.3	82.5		DSG1	55.8	7.0
DUOXA1	low	5	343.0	144	0	1	0	1	1	0	0	0	1	95.6	82.8		DUOXA2	64.6	
ECE2	low	1	811.0	682	0	0	1	1	1	1	0	0	1	99.1	90.7	2.0	ECE1	65.8	
ECEL1	low	1	775.0	693	0	0	1	1	1	0	0	0	0	82.6	94.6		ECE2	40.0	
ECM2	low	0	699.0	677	1	1	1	1	1	0	0	0	0	96.1	72.2		KERA	37.0	
EDAR	low	1	448.0	160	1	1	0	1	1	0	0	0	0	99.3	91.5		EDA2R	33.8	
EDDM13	low	0	161.0	138	1	1	1	1	1	0	0	0	0	95.0	70.8				
EDDM3A	low	0	147.0	122	1	1	1	0	1	0	0	0	1	88.4			EDDM3B	66.4	
EDDM3B	low	0	147.0	122	1	1	1	0	1	0	0	0	1	94.6			EDDM3A	66.4	
EFNA2	low	0	213.0	187	1	1	1	1	1	0	0	1	1	97.7	89.2		EFNA5	55.6	2.0
EFNB2	low	1	333.0	201	1	1	0	1	1	0	0	1	1	99.1	96.7		EFNB1	52.7	2.0
EFNB3	low	1	340.0	200	1	1	0	1	1	0	0	1	1	99.1	95.6		EFNB1	47.0	3.0
EGFL6	low	0	553.0	532	1	1	1	1	1	0	0	0	1	95.7	77.9		NPNT	40.8	
ELANE	low	0	267.0	240	1	1	1	1	0	1	0	0	1		71.9	2.0	PRTN3	53.7	
ELAPOR2	low	1	1029.0	881	1	1	0	1	1	0	0	0	1	91.2	93.4		ELAPOR1	53.9	
ELSPBP1	low	0	223.0	200	1	1	1	0	0	0	0	0	0				BSPH1	31.1	
EMID1	low	0	441.0	420	1	1	1	1	1	0	0	0	1	71.1	80.1		COL7A1	56.9	
ENPP6	low	0	440.0	418	1	1	1	1	1	0	0	1	0	91.1	86.1		ENPP1	35.9	2.0
ENTREP1	low	2	450.0	58	0	0	0	1	1	1	1	0	0	78.8	88.1	2.0	ENTREP3	28.6	
EPHB1	low	1	984.0	523	1	1	0	1	1	0	1	1	1	99.7	98.9		EPHB2	68.8	3.0
ERAP2	low	0	960.0	925	1	1	1	0	0	0	0	0	1				ERAP1	51.2	
EREG	low	1	169.0	86	1	1	0	1	1	0	0	1	0	97.0	78.1		EPGN	36.0	1.0
ERO1A	low	0	468.0	445	1	1	1	1	1	0	0	0	1	98.5	91.9		ERO1B	64.5	
ERVMER34-1	low	1	563.0	468	1	1	0	0	1	0	0	1	0	93.8			ERV3-1	25.0	1.0
ERVV-2	low	1	535.0	438	1	1	0	0	0	0	0	1	1				ERVV-1	97.5	1.0
EVA1B	low	1	165.0	27	0	1	0	1	1	0	0	0	1	97.0	89.7		EVA1A	51.9	
EVA1C	low	1	441.0	273	1	1	0	1	1	0	1	1	0	96.8	86.2		ADGRA1	57.9	2.0
EVC2	low	1	1308.0	271	1	1	0	1	1	0	0	1	0	88.0	66.7		EVC	42.3	1.0
EVI2A	low	1	236.0	112	1	1	0	1	1	0	0	0	0	95.3	61.9				
FAM151A	low	1	585.0	553	0	0	1	1	1	0	0	0	0	95.2	71.3				
FAM151B	low	0	276.0	0	0	0	0	1	1	0	0	0	0	97.1	84.8				
FAM163A	low	1	167.0	5	0	1	0	1	1	0	0	0	0	98.2	85.6				
FAM163B	low	1	166.0	5	0	1	0	1	1	0	0	0	0	98.2	90.4				
FAM168B	low	0	195.0	0	0	0	0	1	1	0	0	0	0	100.0	97.9				
FAM171B	low	1	826.0	325	1	1	0	1	1	0	0	1	0	98.4	88.7		FAM171A1	36.9	3.0
FAM174A	low	1	190.0	89	1	1	0	1	1	0	0	0	0	96.8	68.4				
FAM174B	low	1	159.0	66	1	1	0	1	1	0	0	0	0	93.7	76.1				
FAM180B	low	0	183.0	160	1	1	1	0	0	0	0	0	0				FAM180A	29.5	
FAM187A	low	1	413.0	362	1	1	0	1	1	0	0	0	0	95.9	78.9		FAM187B	28.6	
FAM187B	low	1	369.0	315	1	1	0	0	1	0	0	1	0	91.6			FAM187A	28.6	1.0
FAM234A	low	1	552.0	483	0	0	1	1	1	0	0	0	0	94.4	73.6		FAM234B	28.2	
FAM24A	low	1	105.0	10	0	1	0	0	0	0	0	0	0				FAM24B	33.3	
FAM24B	low	1	94.0	3	0	1	0	0	0	0	0	0	0				FAM24A	33.3	
FCN1	low	0	326.0	297	1	1	1	1	1	1	0	0	1	91.7	71.8	3.0	FCN2	83.0	
FGA	low	0	866.0	847	1	1	1	0	0	0	0	0	0				FCN2	50.0	
FGF4	low	0	206.0	176	1	1	1	1	1	0	0	0	1	98.5	80.6		FGF6	62.0	
FGF9	low	0	208.0	0	0	0	0	1	1	0	0	0	0	100.0	99.5				
FKBP8	low	0	412.0	0	0	0	0	1	1	0	0	0	0	99.8	90.6				
FKBPL	low	0	349.0	0	0	0	0	1	1	0	0	0	0	96.3	73.1				
FNDC1	low	2	1894.0	1130	1	1	1	1	1	0	1	0	0	94.4	69.5		ABI3BP	26.7	
FNDC10	low	1	226.0	164	1	1	0	1	0	0	0	0	0		83.2				
FNDC5	low	1	260.0	142	1	1	0	1	1	1	0	1	1	99.5	97.6	2.0	FNDC4	47.2	1.0
FNDC9	low	1	224.0	112	0	1	0	1	1	0	0	1	0	98.2	84.8				1.0
FOLR3	low	0	245.0	223	1	1	1	0	1	0	0	0	1	88.6			FOLR2	84.3	
FRAS1	low	1	4008.0	3873	1	1	0	1	0	0	1	1	0		84.9		SLC8A1	67.4	8.0
FREY1	low	0	98.0	68	1	1	1	1	1	0	0	0	0	95.9	81.6				
FRRS1L	low	0	293.0	265	1	1	1	1	1	0	0	0	0	78.5	91.8		FRRS1	28.3	
FST	low	0	344.0	315	1	1	1	1	1	0	0	0	0	99.4	97.4		SPINK6	52.6	
FSTL4	low	0	842.0	820	1	1	1	1	0	0	0	0	1		83.7		FSTL5	57.8	
FTL	low	0	175.0	0	0	0	0	0	0	1	0	0	0			2.0			
FUT2	low	0	343.0	310	1	1	1	0	1	0	0	0	1	93.9			FUT1	65.8	
G6PC1	low	9	357.0	125	0	1	0	1	1	0	1	0	1	97.8	88.5		G6PC2	49.4	
GABRQ	low	4	632.0	259	1	1	1	1	1	1	0	1	1	95.4	77.7	5.0	GABRB1	52.0	1.0
GABRR3	low	4	467.0	256	1	1	1	1	1	1	0	1	1	97.2	83.7	5.0	GABRR1	68.0	1.0
GAPT	low	1	157.0	11	0	1	0	1	1	0	0	0	0	93.0	54.8				
GARS1	low	0	739.0	0	0	0	0	1	1	1	0	0	0	51.8	91.3	2.0			
GC	low	0	474.0	458	1	1	1	1	1	0	0	0	0	93.7	77.8		ALB	28.2	
GDAP2	low	0	497.0	0	0	0	0	1	1	0	0	0	0	97.0	94.8				
GDE1	low	0	331.0	0	0	0	0	1	1	0	0	0	0	99.1	87.3				
GINM1	low	1	330.0	239	1	1	0	1	1	1	0	1	0	89.7	72.7	2.0			1.0
GJB5	low	4	273.0	65	0	0	0	1	1	1	0	0	1	98.9	76.9	6.0	GJB6	61.9	
GKN1	low	0	185.0	165	1	1	1	1	1	0	0	0	0	88.6	63.8		GKN2	28.7	
GLIPR1L2	low	1	344.0	211	1	1	0	1	0	0	1	0	1		59.6		GLIPR1	43.1	
GML	low	0	158.0	141	1	1	1	0	0	0	0	1	0				LY6K	28.4	3.0
GOLM1	low	1	401.0	367	0	0	1	1	1	1	0	0	0	82.3	63.6	2.0	GOLM2	28.6	
GP5	low	1	560.0	507	1	1	0	1	0	0	0	1	0		70.5		LRRC55	44.2	1.0
GPI	low	0	558.0	0	0	0	0	1	0	1	0	0	0		88.9	2.0			
GPR107	low	7	600.0	269	1	1	0	1	1	1	1	0	0	88.0	84.1	2.0	GPR108	40.1	
GPR141	low	7	305.0	78	0	1	0	1	1	0	0	0	0	94.4	81.0		GPR174	26.5	
GPR148	low	7	347.0	101	0	1	0	0	1	0	0	0	0	93.4			GPR37	34.7	
GPR149	low	7	731.0	79	0	1	0	1	1	0	0	0	0	96.4	79.2		OPRM1	39.2	
GPR150	low	7	434.0	129	0	1	0	0	0	0	0	0	0				AVPR1B	32.2	
GPR152	low	7	470.0	85	0	1	0	1	0	0	0	0	0		77.2		MRGPRF	29.9	
GPR162	low	7	588.0	70	0	1	0	1	1	0	1	0	1	99.0	95.9		GPR153	52.4	
GPR22	low	7	433.0	96	0	1	0	1	1	0	0	0	0	100.0	96.8		GPR150	26.0	
GPR42	low	7	346.0	65	0	1	0	0	0	0	0	0	1				FFAR3	98.5	
GPR82	low	7	336.0	74	0	1	0	1	1	0	0	0	0	98.5	80.4		FFAR2	29.1	
GPX5	low	0	221.0	198	1	1	1	0	0	1	0	0	1			2.0	GPX3	72.2	
GRN	low	0	593.0	576	1	1	1	1	1	0	0	0	0	93.6	74.9				
GSG1	low	4	349.0	141	0	0	0	1	0	1	1	1	1		67.1	2.0	GSG1L	50.0	1.0
GSG1L2	low	4	293.0	115	0	0	0	1	1	1	0	0	1	92.8	67.9	2.0	GSG1L	52.2	
GUSB	low	0	651.0	629	1	1	1	1	0	1	0	0	0		74.3	2.0	MANBA	23.7	
GYPC	low	1	128.0	60	0	1	0	1	0	0	0	0	0		53.1				
GYPE	low	1	78.0	38	1	1	0	0	0	0	0	0	1				GYPB	73.7	
H2BC12L	low	0	126.0	0	0	0	0	0	0	0	0	0	0						
HAPLN3	low	0	360.0	343	1	1	1	1	1	0	0	0	1	92.8	80.6		HAPLN1	52.2	
HAPLN4	low	0	402.0	373	1	1	1	1	1	1	0	0	1	96.5	90.8	2.0	HAPLN1	50.7	
HHLA1	low	0	531.0	502	1	1	1	1	1	0	0	0	0	92.1	60.3				
HILPDA	low	0	63.0	31	1	1	1	1	0	0	0	0	0		77.8				
HLA-DOB	low	1	273.0	202	1	1	0	1	1	0	0	1	1	96.0	74.7		HLA-DQB1	62.1	1.0
HMGB2	low	0	209.0	0	0	0	0	1	0	0	0	0	0		97.1				
HRCT1	low	1	115.0	9	0	1	0	1	0	0	0	0	0		52.2				
HSP90AA1	low	0	732.0	0	0	0	0	1	1	1	0	0	0	100.0	99.2	2.0			
HSPA1B	low	0	641.0	641	0	1	1	0	0	1	0	0	1			2.0	HSPA1A	100.0	
HSPA2	low	0	639.0	639	0	1	1	1	0	1	0	0	1		98.4	2.0	HSPA8	87.6	
HYAL4	low	0	481.0	447	1	1	1	1	1	0	0	0	1	95.6	79.6		SPAM1	46.8	
IFI16	low	0	785.0	0	0	0	0	0	1	0	0	0	0	80.4					
IFI35	low	0	286.0	0	0	0	0	1	1	1	0	0	0	75.5	71.7	2.0			
IFITM10	low	3	228.0	8	0	0	1	1	0	0	0	0	0		83.8		IFITM5	37.5	
IGFBP3	low	0	291.0	264	1	1	1	1	1	0	0	0	1	84.2	81.8		IGFBP5	48.0	
IGFBP7	low	0	282.0	256	1	1	1	1	1	0	0	0	1	80.1	91.1		IGFBPL1	44.6	
IGSF22	low	0	903.0	0	0	0	0	0	1	0	0	0	0	97.1					
IGSF23	low	1	192.0	157	0	1	0	0	1	0	0	0	0	87.5					
IGSF6	low	1	241.0	126	1	1	0	1	1	0	0	1	0	93.8	61.8				1.0
IHH	low	0	411.0	384	1	1	1	1	1	0	0	0	1	99.3	95.1		SHH	68.0	
IL1A	low	0	271.0	0	0	0	0	1	1	0	0	0	0	87.1	60.5				
IL33	low	0	270.0	0	0	0	0	1	1	0	0	0	0	93.7	51.5				
IL4I1	low	0	567.0	546	1	1	1	1	1	1	0	0	0	87.8	72.1	2.0			
IMPG1	low	0	797.0	777	1	1	1	1	1	1	0	0	0	94.6	66.4	2.0	IMPG2	37.8	
IQCF1	low	0	205.0	0	0	0	0	1	1	0	0	0	0	93.7	51.2				
IQGAP1	low	0	1657.0	0	0	0	0	1	1	0	0	0	0	99.5	96.0				
ISG15	low	0	165.0	0	0	0	0	1	1	0	0	0	0	90.9	61.8				
ITFG1	low	1	612.0	532	1	1	0	1	1	0	0	1	0	99.3	89.2				1.0
ITGBL1	low	0	494.0	471	1	1	1	1	1	0	0	0	0	99.0	90.9		ITGB3	31.6	
ITM2C	low	1	267.0	188	0	0	1	1	1	0	1	0	1	99.6	92.9		ITM2B	53.7	
IZUMO3	low	1	239.0	154	1	1	0	1	1	0	0	1	0	93.7	70.3				2.0
JCAD	low	0	1359.0	0	0	0	0	1	1	0	0	0	0	90.6	53.1				
KANTR	low	3	76.0	10	0	1	0	1	0	0	0	0	0		96.1				
KAZN	low	0	775.0	0	0	0	0	1	0	1	0	0	0		94.3	2.0			
KCNAB1	low	0	419.0	0	0	0	0	1	1	1	0	0	0	99.8	83.3	4.0			
KCNH8	low	6	1107.0	88	0	0	0	1	1	0	1	0	1	99.1	92.2		KCNH4	63.0	
KIAA1549L	low	1	1849.0	1181	0	1	0	1	1	0	0	1	0	82.8	71.9		KIAA1549	28.3	2.0
KIAA2013	low	2	634.0	555	0	0	0	1	1	1	0	0	0	98.7	92.0	2.0			
KIR2DS3	low	1	304.0	222	1	1	0	0	0	0	0	1	0						2.0
KLK8	low	0	260.0	232	1	1	1	1	1	0	0	0	1	94.2	71.9		KLK14	50.9	
KLRC3	low	1	240.0	146	0	0	1	0	0	0	0	1	1				KLRC2	83.3	1.0
KLRC4	low	1	158.0	70	0	0	1	0	0	0	0	0	0				KLRC2	70.0	
KLRG2	low	1	409.0	128	0	0	1	1	0	0	1	0	0		57.2		OLR1	34.4	
KNG1	low	0	644.0	626	1	1	1	0	1	0	0	0	0	92.7			FETUB	29.7	
KRT10	low	0	584.0	0	0	0	0	1	1	0	0	0	0	91.8	81.0				
KRTDAP	low	0	99.0	77	1	1	1	1	1	0	0	0	0	99.0	54.5				
LAD1	low	0	517.0	0	0	0	0	1	1	0	0	0	0	92.1	66.3				
LAMP3	low	1	416.0	354	1	1	0	0	1	0	0	0	0	85.8					
LAT2	low	1	243.0	6	0	1	0	1	1	0	0	0	0	88.1	50.2				
LCT	low	1	1927.0	1862	1	1	0	1	1	0	0	1	0	95.9	79.8		GBA3	49.7	5.0
LDLRAD1	low	1	205.0	148	0	0	1	1	1	0	1	0	0	91.7	71.2				
LDLRAD2	low	0	272.0	247	1	1	1	1	1	0	0	0	0	83.5	63.2		CD320	26.7	
LGALS1	low	0	135.0	0	0	0	0	1	1	1	0	0	0	96.3	88.1	2.0			
LGALS16	low	0	142.0	0	0	0	0	0	1	0	0	0	0	94.4					
LGALS9B	low	0	356.0	0	0	0	0	0	0	0	0	0	0						
LGALS9C	low	0	356.0	0	0	0	0	0	0	0	0	0	0						
LHFPL1	low	4	220.0	86	0	0	0	1	1	0	1	0	1	99.5	94.5		LHFPL6	65.1	
LHFPL2	low	4	228.0	100	0	0	0	1	1	1	0	0	0	97.4	83.8	2.0	LHFPL1	31.8	
LHFPL3	low	4	236.0	82	0	0	0	1	1	0	0	0	1	93.6	94.1		LHFPL4	73.2	
LHFPL4	low	4	247.0	83	0	0	0	1	1	0	0	0	1	54.3	98.4		LHFPL3	73.2	
LIME1	low	1	295.0	10	0	1	0	1	1	0	1	0	1	91.9	55.6				
LINGO4	low	1	593.0	502	1	1	0	1	1	0	0	1	1	98.5	94.3		LINGO3	47.0	3.0
LIPC	low	0	499.0	477	1	1	1	1	1	0	0	0	1	95.0	74.9		LPL	44.6	
LIPI	low	0	460.0	445	1	1	1	1	1	0	0	0	1	89.1	67.2		LIPH	46.4	
LMBR1	low	9	490.0	117	0	1	0	1	1	1	1	0	1	99.2	96.1	2.0	LMBR1L	69.2	
LMLN	low	0	647.0	604	1	1	1	1	1	0	0	0	0	98.2	89.8				
LOXL1	low	0	574.0	549	1	1	1	1	1	0	0	0	1	72.0	91.6		LOX	58.1	
LRCH4	low	1	683.0	5	0	0	1	1	1	0	0	0	1	96.8	79.2		LRRC8D	40.0	
LRFN5	low	1	719.0	512	1	1	0	1	1	0	0	1	1	99.2	96.8		LRFN1	61.2	2.0
LRIT1	low	1	623.0	505	1	1	0	1	1	0	0	1	0	92.3	79.0		LRIT3	40.2	2.0
LRIT2	low	1	550.0	442	1	1	0	1	1	1	0	1	0	94.2	71.3	2.0	LRRC3B	40.6	2.0
LRP11	low	1	500.0	414	1	1	0	1	1	0	1	1	0	55.2	68.6		SPINT4	36.0	4.0
LRP3	low	1	770.0	463	1	1	0	1	0	0	0	1	1		93.1		LRP2	49.7	1.0
LRRC17	low	0	441.0	423	1	1	1	1	1	0	0	0	0	98.6	88.0		LRRC3	35.5	
LRRC24	low	1	513.0	383	1	1	0	1	0	0	0	1	0		83.4		TRIL	42.3	2.0
LRRC3	low	1	257.0	172	1	1	0	1	1	0	0	0	1	96.1	80.2		IGFALS	48.3	
LRRC37A	low	1	1700.0	1543	1	1	0	0	0	0	0	1	1				LRRC37A2	99.4	3.0
LRRC37A2	low	1	1700.0	1543	1	1	0	0	0	0	0	1	1				LRRC37A	99.4	3.0
LRRC3C	low	1	275.0	181	1	1	0	1	1	0	0	0	1	93.1	78.2		NRROS	44.2	
LRRC4B	low	1	713.0	541	1	1	0	1	0	0	0	1	1		96.4		LRRC4C	70.4	2.0
LRRC51	low	0	192.0	0	0	0	0	1	0	0	0	0	0		85.9				
LRRC70	low	1	622.0	495	1	1	0	0	0	0	0	0	0				SLIT1	39.2	
LRRN2	low	1	713.0	611	1	1	0	1	1	0	0	1	1	99.2	90.0		LRRN1	54.8	4.0
LRRN3	low	1	708.0	606	1	1	0	1	0	0	0	1	1		87.9		LRRN1	58.1	2.0
LRRN4CL	low	1	238.0	175	1	1	0	1	1	0	0	1	0	81.9	68.1		LRRN4	40.6	1.0
LRTM3	low	1	7081.0	37	0	1	0	0	0	0	0	0	0						
LSMEM1	low	1	131.0	48	0	0	1	1	1	0	1	1	0	96.9	81.7				1.0
LY6L	low	0	138.0	121	1	1	1	0	1	0	0	0	0	84.1			LY6S	36.1	
LYPD4	low	0	246.0	220	1	1	1	1	1	0	0	1	0	95.5	69.5		CD177	34.5	1.0
LYZL1	low	0	148.0	129	1	1	1	0	0	0	0	0	1				LYZL2	96.9	
MADD	low	0	1647.0	0	0	0	0	1	1	0	0	0	0	95.1	94.3				
MAEA	low	0	396.0	0	0	0	0	1	1	0	0	0	0	95.2	98.7				
MAL	low	4	153.0	28	0	0	0	1	1	1	1	0	1	73.2	86.9	2.0	CMTM5	44.4	
MALL	low	4	153.0	24	0	0	0	1	1	0	0	0	0	91.5	85.0		MAL2	41.7	
MALRD1	low	1	2156.0	2044	1	1	0	1	1	0	0	1	0	92.8	71.5		MAMDC2	37.0	5.0
MAN2B1	low	0	1011.0	962	1	1	1	1	1	0	0	0	0	88.1	75.6		MAN2A2	31.9	
MANF	low	0	182.0	158	1	1	1	1	1	0	0	0	1	97.8	96.2		CDNF	63.3	
MANSC4	low	1	340.0	262	1	1	0	1	1	1	0	1	0	89.4	61.5	2.0	MANSC1	27.5	1.0
MARCOL	low	0	285.0	266	1	1	1	0	0	0	0	0	0						
MARVELD1	low	4	173.0	31	0	0	0	1	0	0	0	0	0		88.4		PLP2	33.3	
MCOLN1	low	6	580.0	266	0	0	0	1	1	1	0	0	1	98.4	91.4	4.0	MCOLN3	55.6	
MFAP3L	low	1	409.0	121	1	1	0	1	1	0	1	0	1	94.4	90.0		MFAP3	42.1	
MFSD6L	low	12	586.0	197	0	0	0	1	1	0	0	0	0	91.8	67.6		MFSD6	27.1	
MGAM2	low	1	2515.0	2485	0	0	1	1	1	0	0	0	1	92.0	59.4		SI	56.5	
MINAR1	low	1	916.0	4	0	0	1	1	1	0	0	0	0	92.1	90.0		MINAR2	0.0	
MLC1	low	8	377.0	78	0	0	0	1	1	1	1	0	0	74.8	89.1	2.0			
MMEL1	low	1	779.0	733	0	0	1	1	1	1	0	1	1	97.3	77.0	2.0	MME	54.8	3.0
MMP2	low	0	660.0	631	1	1	1	1	1	0	0	0	1	99.8	95.9		MMP7	54.4	
MMP23B	low	0	390.0	352	1	1	1	1	1	0	0	0	0	80.8	84.1		MMP24	36.9	
MMP7	low	0	267.0	250	1	1	1	1	1	0	0	0	0	97.4	69.3		MMP2	54.4	
MMP8	low	0	467.0	447	1	1	1	1	1	0	0	0	1	91.9	73.4		MMP1	58.8	
MORF4L2	low	0	288.0	0	0	0	0	1	0	0	0	0	0		95.1				
MPEG1	low	1	716.0	646	1	1	0	0	1	1	0	1	0	92.0		2.0			4.0
MPO	low	0	745.0	697	1	1	1	1	1	0	0	0	1	96.1	83.2		EPX	70.3	
MRAP	low	1	172.0	37	0	1	0	0	1	0	1	0	0	93.0					
MRGPRG	low	7	289.0	54	0	1	0	1	0	0	0	0	0		57.4		MAS1L	30.0	
MRGPRX3	low	7	322.0	71	0	1	0	0	1	0	0	0	1	90.4			MRGPRX4	77.9	
MS4A10	low	4	267.0	43	0	0	0	0	1	1	0	0	0	60.7		2.0	MS4A18	26.1	
MS4A14	low	4	679.0	35	0	0	0	0	1	0	1	0	0	86.2			MS4A6E	33.3	
MS4A18	low	4	398.0	23	0	0	0	0	1	0	0	0	0	77.1			MS4A7	34.8	
MS4A5	low	4	200.0	28	0	0	0	1	1	1	0	0	0	94.0	68.5	2.0	MS4A7	35.7	
MS4A6E	low	2	147.0	47	0	0	0	0	0	0	0	0	1				MS4A8	40.0	
MS4A7	low	4	240.0	65	0	0	0	0	1	1	1	0	0	92.9		2.0	MS4A6E	38.9	
MUC22	low	1	1773.0	1636	1	1	0	0	0	0	0	1	0						8.0
MUCL3	low	1	517.0	419	1	1	0	0	0	0	0	0	0						
MYDGF	low	0	173.0	142	1	1	1	1	1	0	0	0	0	86.1	83.2				
NAGPA	low	1	515.0	426	1	1	0	1	1	1	1	1	0	65.8	80.8	2.0	TENM3	42.3	2.0
NAIF1	low	0	327.0	0	0	0	0	1	0	1	0	0	0		93.9	2.0			
NALF2	low	1	472.0	414	0	0	1	1	1	0	0	0	1	97.0	93.9		NALF1	41.6	
NAMPT	low	0	491.0	0	0	0	0	1	1	1	0	0	0	94.5	95.7	2.0			
NAPRT	low	0	538.0	0	0	0	0	1	1	1	0	0	0	96.7	83.8	2.0			
NCMAP	low	1	102.0	30	0	1	0	1	1	0	0	0	0	96.1	78.4				
NEDD9	low	0	834.0	0	0	0	0	1	1	0	0	0	0	97.7	88.7				
NIPA1	low	9	329.0	83	0	1	0	1	1	1	1	0	0	98.2	97.0	2.0	NIPA2	33.9	
NIPAL3	low	9	406.0	86	0	1	0	1	1	0	1	0	0	97.8	90.1		NIPAL2	36.1	
NKAIN1	low	4	207.0	70	0	0	0	1	1	0	1	0	1	93.7	99.5		NKAIN2	67.1	
NKAIN2	low	4	208.0	71	0	0	0	1	1	0	0	0	1	100.0	97.6		NKAIN1	67.1	
NKAIN3	low	4	197.0	68	0	0	0	1	1	0	0	0	1	86.2	79.8		NKAIN1	57.4	
NKAIN4	low	4	208.0	70	0	0	0	1	1	0	0	0	1	88.0	83.2		NKAIN1	50.0	
NKG7	low	4	165.0	53	0	0	0	1	1	0	0	0	0	87.3	69.7		CLDND2	30.2	
NME1	low	0	152.0	0	0	0	0	1	1	1	0	0	0	98.0	94.1	2.0			
NMUR2	low	7	415.0	104	0	1	0	1	1	0	0	0	0	93.3	75.9		NMUR1	36.5	
NPC2	low	0	151.0	132	1	1	1	1	1	0	0	0	0	98.7	80.1				
NPIPB11	low	1	1161.0	70	0	1	0	0	0	0	0	0	1				NPIPB5	98.6	
NPY4R	low	7	375.0	106	0	1	0	0	0	0	0	0	1				NPY4R2	100.0	
NRN1L	low	0	165.0	130	1	1	1	1	1	0	0	1	0	87.3	77.0		NRN1	33.9	2.0
NRSN2	low	2	204.0	30	0	0	0	1	1	0	0	0	1	96.6	57.4		NRSN1	43.3	
NSG1	low	1	185.0	82	0	0	1	1	1	0	0	0	1	100.0	98.4		NSG2	43.9	
NTN4	low	0	628.0	603	1	1	1	1	1	0	0	0	0	97.9	89.8		LAMB4	45.6	
NXPE2	low	1	559.0	521	0	0	1	1	1	1	0	0	1	95.0	68.5	2.0	NXPE1	72.1	
NXPE3	low	1	559.0	534	0	0	1	1	0	1	0	0	0		88.6	2.0	NXPE4	34.6	
NXPE4	low	1	544.0	517	0	0	1	1	1	1	1	0	1	95.4	72.8	2.0	NXPE1	70.4	
NXPH2	low	0	264.0	242	1	1	1	1	1	0	0	0	1	99.6	89.0		NXPH1	66.9	
NXPH4	low	0	308.0	286	1	1	1	1	0	0	0	0	1		89.3		NXPH2	51.2	
ODAM	low	0	279.0	264	1	1	1	1	1	0	0	0	0	90.7	67.0				
ODAPH	low	0	130.0	107	1	1	1	1	0	0	0	0	0		58.5				
ODR4	low	1	454.0	5	0	0	1	1	1	0	1	0	0	97.6	85.5				
OIT3	low	0	545.0	526	1	1	1	1	1	0	0	0	0	98.5	89.5		GP2	31.2	
OOSP1	low	0	123.0	102	1	1	1	0	1	0	0	0	0	64.7			OOSP2	31.4	
OPN1MW3	low	7	364.0	111	0	1	0	0	0	0	0	0	1				OPN1MW2	100.0	
OR10A2	low	7	303.0	70	0	1	0	0	0	0	0	0	1				OR10A5	95.7	
OR10A4	low	7	315.0	82	0	1	0	1	1	0	0	0	1	92.1	88.3		OR10A2	75.4	
OR10A7	low	7	316.0	88	0	1	0	0	1	0	0	0	1	96.8			OR10A3	60.5	
OR10AC1	low	7	325.0	87	0	1	0	0	0	0	0	0	0						
OR10AD1	low	7	317.0	88	0	1	0	0	0	0	0	0	1				OR2T2	42.0	
OR10AG1	low	7	301.0	76	0	1	0	0	0	0	0	0	1				OR10H2	51.4	
OR10C1	low	7	312.0	79	0	1	0	1	0	0	0	0	1		85.9		OR10A3	55.7	
OR10D3	low	7	312.0	80	0	1	0	1	1	0	0	0	1	95.8	89.1		OR10G4	54.5	
OR10G2	low	7	310.0	81	0	1	0	0	1	0	0	0	1	93.9			OR10G3	64.9	
OR10G3	low	7	313.0	78	0	1	0	0	0	0	0	0	1				OR10G2	64.9	
OR10G6	low	7	332.0	87	1	1	0	1	0	0	0	0	1		85.2		OR10G3	57.1	
OR10G8	low	7	311.0	78	0	1	0	0	1	0	0	0	1	90.0			OR10G9	88.5	
OR10G9	low	7	311.0	85	0	1	0	0	0	0	0	0	1				OR10G4	92.7	
OR10H3	low	7	316.0	83	0	1	0	0	0	0	0	0	1				OR10H4	86.7	
OR10H4	low	7	316.0	88	0	1	0	0	1	0	0	0	1	88.0			OR10H3	86.7	
OR10H5	low	7	315.0	80	0	1	0	0	0	0	0	0	1				OR10H1	87.5	
OR10J1	low	7	320.0	90	0	1	0	0	0	0	0	0	1				OR10J5	68.4	
OR10J4	low	7	311.0	85	0	1	0	0	0	0	0	0	1				OR10J5	57.0	
OR10K1	low	7	313.0	89	0	1	0	1	0	0	0	0	1		78.3		OR10K2	84.9	
OR10K2	low	7	312.0	86	0	1	0	0	1	0	0	0	1	94.6			OR10K1	84.9	
OR10P1	low	7	313.0	86	0	1	0	1	1	0	0	0	1	96.8	84.0		OR10C1	46.8	
OR10Q1	low	7	319.0	88	0	1	0	0	1	0	0	0	1	92.5			OR10V1	50.6	
OR10R2	low	7	335.0	87	1	1	0	0	1	0	0	0	1	94.8			OR10T2	54.9	
OR10T2	low	7	314.0	82	0	1	0	0	0	0	0	0	1				OR10R2	54.9	
OR10V1	low	7	309.0	83	0	1	0	1	0	0	0	0	1		90.0		OR10Q1	50.6	
OR10W1	low	7	305.0	71	0	1	0	0	1	0	0	0	0	93.8			OR10Q1	48.6	
OR10Z1	low	7	313.0	85	0	1	0	1	1	0	0	0	1	94.2	87.5		OR1L6	55.3	
OR11G2	low	7	345.0	118	0	1	0	0	0	0	0	0	1				OR11H6	54.7	
OR11H1	low	7	326.0	98	0	1	0	0	0	0	0	0	1				OR11H12	99.0	
OR11H12	low	7	326.0	97	0	1	0	0	0	0	0	0	1				OR11H1	99.0	
OR11H2	low	7	326.0	98	0	1	0	0	0	0	0	0	1				OR11H1	96.9	
OR11L1	low	7	322.0	82	0	1	0	1	1	0	0	0	1	88.5	77.0		OR5A1	53.7	
OR12D1	low	7	320.0	81	0	1	0	0	0	0	0	0	1				OR12D2	88.8	
OR12D2	low	7	307.0	80	0	1	0	0	0	0	0	0	1				OR12D1	88.8	
OR12D3	low	7	316.0	85	0	1	0	1	1	0	0	0	1	95.3	78.8		OR12D1	63.0	
OR13A1	low	7	328.0	102	0	1	0	1	0	0	0	0	1		79.9		OR5M8	53.8	
OR13C2	low	7	318.0	93	0	1	0	0	0	0	0	0	1				OR13C5	97.8	
OR13C3	low	7	347.0	107	1	1	0	1	1	0	0	0	1	95.0	85.5		OR13C4	82.2	
OR13C4	low	7	318.0	91	0	1	0	0	1	0	0	0	1	94.0			OR13C3	82.2	
OR13C5	low	7	318.0	92	0	1	0	0	0	0	0	0	1				OR13C2	97.8	
OR13C8	low	7	320.0	88	0	1	0	1	1	0	0	0	1	94.4	78.8		OR2S2	58.0	
OR13C9	low	7	318.0	93	0	1	0	0	1	0	0	0	1	94.3			OR13C2	91.4	
OR13D1	low	7	346.0	114	0	1	0	1	0	0	0	0	1		85.7		OR13C2	58.5	
OR13F1	low	7	319.0	88	0	1	0	1	1	0	0	0	0	91.2	79.9		OR5T1	39.3	
OR13G1	low	7	307.0	81	0	1	0	1	1	0	0	0	1	96.7	84.7		OR4C45	58.7	
OR13H1	low	7	308.0	90	0	1	0	0	0	0	0	0	1				OR13C9	44.3	
OR13J1	low	7	312.0	84	0	1	0	1	1	0	0	0	1	88.1	82.1		OR13C9	60.5	
OR14C36	low	7	312.0	81	0	1	0	0	0	0	0	0	1				OR14I1	56.0	
OR14K1	low	7	314.0	78	0	1	0	0	1	0	0	0	1	92.4			OR14A16	50.6	
OR14L1	low	7	325.0	97	0	1	0	0	0	0	0	0	1				OR14A16	53.9	
OR1B1	low	7	317.0	88	0	1	0	1	1	0	0	0	1	90.2	86.8		OR1F1	43.2	
OR1C1	low	7	314.0	86	0	1	0	0	1	0	0	0	1	93.0			OR1F1	54.8	
OR1D5	low	7	312.0	84	0	1	0	0	0	0	0	0	1				OR1D2	78.6	
OR1F1	low	7	312.0	84	0	1	0	1	1	0	0	0	1	92.3	73.7		OR1N1	62.7	
OR1J1	low	7	322.0	84	0	1	0	1	1	0	0	0	1	90.4	76.1		OR1J4	72.6	
OR1J2	low	7	313.0	91	0	1	0	0	0	0	0	0	1				OR1J4	74.4	
OR1J4	low	7	313.0	86	0	1	0	1	1	0	0	0	1	81.5	79.2		OR1J2	74.4	
OR1K1	low	7	316.0	85	0	1	0	0	0	0	0	0	1				OR1L4	51.8	
OR1L1	low	7	360.0	134	0	1	0	0	0	0	0	0	1				OR1L3	80.7	
OR1L3	low	7	324.0	83	0	1	0	0	0	0	0	0	1				OR1L1	80.7	
OR1L4	low	7	311.0	89	0	1	0	0	0	0	0	0	1				OR1L6	93.2	
OR1L6	low	7	347.0	124	0	1	0	0	0	0	0	0	1				OR1L4	93.2	
OR1L8	low	7	309.0	89	0	1	0	0	0	0	0	0	1				OR1L3	78.3	
OR1M1	low	7	313.0	94	0	1	0	1	1	0	0	0	1	93.9	85.3		OR7D2	55.6	
OR1N1	low	7	311.0	85	0	1	0	0	0	0	0	0	1				OR1F1	62.7	
OR1N2	low	7	316.0	91	0	1	0	1	0	0	0	0	1		88.3		OR1E2	58.1	
OR1Q1	low	7	314.0	87	0	1	0	1	1	0	0	0	1	93.3	79.9		OR1L1	56.1	
OR1R1	low	7	314.0	83	0	1	0	1	0	0	0	0	0		81.5		OR1F1	40.7	
OR1S1	low	7	325.0	100	0	1	0	0	0	0	0	0	1				OR1S2	89.0	
OR1S2	low	7	325.0	100	0	1	0	0	0	0	0	0	1				OR1S1	89.0	
OR2A1	low	7	310.0	84	0	1	0	0	0	0	0	0	1				OR2A42	100.0	
OR2A12	low	7	310.0	85	0	1	0	1	1	0	0	0	1	94.2	85.2		OR2A14	67.1	
OR2A14	low	7	310.0	82	0	1	0	0	1	0	0	0	1	91.3			OR2A2	76.8	
OR2A2	low	7	318.0	85	0	1	0	1	1	0	0	0	1	93.1	72.6		OR2A14	76.8	
OR2A42	low	7	310.0	84	0	1	0	0	0	0	0	0	1						
OR2A5	low	7	311.0	84	0	1	0	1	0	0	0	0	1		86.5		OR2A42	79.5	
OR2AE1	low	7	323.0	89	0	1	0	0	1	0	0	0	1	87.9			OR2AJ1	57.1	
OR2AJ1	low	7	328.0	84	0	1	0	0	0	0	0	0	1				OR2M2	63.1	
OR2AK2	low	7	335.0	104	0	1	0	0	1	0	0	0	1	91.9			OR2L13	58.1	
OR2AP1	low	7	309.0	75	0	1	0	0	1	0	0	0	1	95.5			OR6C4	76.0	
OR2B2	low	7	357.0	87	0	1	0	0	1	0	0	0	1	81.0			OR2B6	77.0	
OR2B3	low	7	313.0	87	0	1	0	0	1	0	0	0	1	95.8			OR2B2	72.4	
OR2B6	low	7	313.0	87	0	1	0	1	0	0	0	0	1		81.2		OR2B2	77.0	
OR2B8	low	7	312.0	84	0	1	0	0	0	0	0	0	0						
OR2C3	low	7	320.0	86	0	1	0	0	1	0	0	0	1	94.4			OR2J2	61.2	
OR2D3	low	7	330.0	100	0	1	0	1	1	0	0	0	1	92.4	75.8		OR2D2	53.6	
OR2F1	low	7	317.0	83	0	1	0	0	1	0	0	0	1	91.5			OR2F2	91.6	
OR2F2	low	7	317.0	83	0	1	0	0	0	0	0	0	1				OR2F1	91.6	
OR2G2	low	7	317.0	90	0	1	0	0	0	0	0	0	1				OR2G3	68.6	
OR2G3	low	7	309.0	86	0	1	0	0	0	0	0	0	1				OR2G2	68.6	
OR2G6	low	7	316.0	92	0	1	0	0	1	0	0	0	1	86.7			OR2G2	67.8	
OR2I1	low	7	315.0	89	0	1	0	1	1	0	0	0	1	95.2	81.6		OR2J1	53.6	
OR2J1	low	7	312.0	88	0	1	0	0	0	0	0	0	1				OR2J2	88.5	
OR2K2	low	7	316.0	85	0	1	0	1	1	0	0	0	1	95.9	86.4		OR13J1	55.0	
OR2L2	low	7	312.0	88	0	1	0	0	0	0	0	0	1				OR2L5	89.8	
OR2L3	low	7	312.0	89	0	1	0	0	0	0	0	0	1				OR2L8	95.5	
OR2L5	low	7	312.0	90	0	1	0	0	0	0	0	0	1				OR2L2	89.8	
OR2L8	low	7	312.0	90	0	1	0	0	0	0	0	0	1				OR2L3	95.5	
OR2M2	low	7	347.0	87	0	1	0	0	0	0	0	0	1				OR2M5	94.1	
OR2M4	low	7	311.0	87	0	1	0	0	1	0	0	0	1	94.9			OR2M5	75.3	
OR2M5	low	7	312.0	85	0	1	0	0	0	0	0	0	1				OR2M3	95.3	
OR2S2	low	7	319.0	93	0	1	0	0	1	0	0	0	1	96.2			OR13C9	60.4	
OR2T10	low	7	312.0	94	0	1	0	0	1	0	0	0	1	93.3			OR2T35	67.8	
OR2T12	low	7	320.0	84	0	1	0	0	0	0	0	0	1				OR2T33	97.6	
OR2T2	low	7	324.0	91	0	1	0	0	0	0	0	0	1				OR2T35	100.0	
OR2T27	low	7	317.0	89	0	1	0	0	1	0	0	0	1	93.1			OR2T4	63.1	
OR2T29	low	7	315.0	89	0	1	0	0	0	0	0	0	1				OR2T5	97.8	
OR2T3	low	7	318.0	88	0	1	0	0	0	0	0	0	1				OR2T34	98.9	
OR2T33	low	7	320.0	84	0	1	0	0	0	0	0	0	1				OR2T12	97.6	
OR2T34	low	7	318.0	87	0	1	0	0	0	0	0	0	1				OR2T3	98.9	
OR2T35	low	7	323.0	87	0	1	0	0	0	0	0	1	1				OR2T2	100.0	1.0
OR2T4	low	7	348.0	115	0	1	0	0	0	0	0	0	1				OR2T29	86.2	
OR2T5	low	7	315.0	89	0	1	0	0	0	0	0	0	1				OR2T29	97.8	
OR2T7	low	7	308.0	77	0	1	0	0	0	0	0	0	0						
OR2T8	low	7	312.0	84	0	1	0	0	0	0	0	0	1				OR2T33	92.9	
OR2V1	low	7	315.0	87	0	1	0	1	1	0	0	0	1	83.2	87.9		OR2V2	84.9	
OR2V2	low	7	315.0	86	0	1	0	1	0	0	0	0	1		82.5		OR2V1	84.9	
OR2Y1	low	7	311.0	88	0	1	0	0	1	0	0	0	1	96.5			OR2J2	58.3	
OR2Z1	low	7	314.0	85	0	1	0	0	0	0	0	0	1				OR2AJ1	58.3	
OR3A2	low	7	321.0	92	0	1	0	0	1	0	0	0	1	94.9			OR3A3	97.8	
OR4A15	low	7	344.0	111	0	1	0	1	1	0	0	0	1	92.0	83.1		OR4C45	77.5	
OR4A16	low	7	328.0	81	0	1	0	0	0	0	0	0	1				OR4A5	68.8	
OR4A47	low	7	309.0	83	0	1	0	1	1	0	0	0	1	94.5	80.3		OR4A15	69.7	
OR4A5	low	7	315.0	80	0	1	0	0	1	0	0	0	1	84.8			OR4A16	68.8	
OR4B1	low	7	309.0	79	0	1	0	0	1	0	0	0	1	94.8			OR4S2	67.9	
OR4C11	low	7	310.0	79	0	1	0	0	0	0	0	0	1				OR4C16	66.2	
OR4C12	low	7	309.0	84	0	1	0	0	0	0	0	0	1				OR4C13	69.0	
OR4C15	low	7	316.0	78	0	1	0	0	0	0	0	0	1				OR4C45	70.4	
OR4C16	low	7	310.0	78	0	1	0	0	0	0	0	0	1				OR4C11	66.2	
OR4C3	low	7	302.0	82	0	1	0	1	0	0	0	0	1		85.1		OR4A15	64.1	
OR4C45	low	7	306.0	75	0	1	0	0	0	0	0	0	1				OR4A15	77.5	
OR4C46	low	7	309.0	84	0	1	0	0	0	0	0	0	1				OR4C13	82.1	
OR4C5	low	7	326.0	104	0	1	0	1	0	0	0	0	1		71.5		OR4C45	77.3	
OR4C6	low	7	309.0	74	0	1	0	0	0	0	0	0	1				OR4C45	71.8	
OR4D10	low	7	311.0	77	0	1	0	0	1	0	0	0	1	90.4			OR4D9	76.3	
OR4D11	low	7	311.0	79	0	1	0	1	1	0	0	0	1	93.6	87.5		OR4D9	77.2	
OR4D2	low	7	307.0	77	0	1	0	0	1	0	0	0	1	93.5			OR4D1	80.5	
OR4D5	low	7	318.0	83	0	1	0	1	1	0	0	0	1	94.3	89.3		OR4D2	67.1	
OR4D6	low	7	314.0	78	0	1	0	1	1	0	0	0	1	93.3	88.2		OR4D9	72.0	
OR4D9	low	7	314.0	80	0	1	0	0	1	0	0	0	1	93.9			OR4D11	77.2	
OR4E1	low	7	315.0	87	0	1	0	0	1	0	0	0	1	96.5			OR4E2	59.0	
OR4F15	low	7	312.0	85	0	1	0	1	1	1	0	0	1	94.9	85.6	2.0	OR4F21	70.6	
OR4F16	low	7	312.0	85	0	1	0	0	0	0	0	0	1						
OR4F17	low	7	305.0	77	0	1	0	0	0	0	0	0	1				OR4F5	97.4	
OR4F21	low	7	312.0	86	0	1	0	0	0	0	0	0	1				OR4F3	100.0	
OR4F29	low	7	312.0	85	0	1	0	0	0	0	0	0	1						
OR4F3	low	7	312.0	85	0	1	0	0	0	0	0	0	1				OR4F16	100.0	
OR4F5	low	7	305.0	77	0	1	0	0	0	0	0	0	1				OR4F17	97.4	
OR4F6	low	7	312.0	81	0	1	0	1	1	1	0	0	1	95.2	84.9	2.0	OR4F3	71.6	
OR4K1	low	7	311.0	81	0	1	0	1	1	0	0	0	1	93.9	85.9		OR4K13	74.0	
OR4K13	low	7	304.0	77	0	1	0	0	1	0	0	0	1	96.1			OR4K15	74.0	
OR4K14	low	7	310.0	80	0	1	0	0	0	0	0	0	1				OR4K1	70.5	
OR4K15	low	7	324.0	80	0	1	0	0	1	0	0	0	1	96.0			OR4K13	74.0	
OR4K17	low	7	312.0	78	0	1	0	0	1	0	0	0	1	96.2			OR4K15	65.4	
OR4K2	low	7	314.0	80	0	1	0	1	1	0	0	0	1	97.1	82.8		OR4K1	67.5	
OR4K3	low	7	315.0	77	0	1	0	0	0	0	0	0	1				OR4K15	72.7	
OR4K5	low	7	323.0	78	0	1	0	1	1	1	0	0	1	91.0	82.0	2.0	OR4K3	70.1	
OR4L1	low	7	312.0	78	0	1	0	0	0	0	0	0	1				OR4K13	61.0	
OR4M2	low	7	313.0	80	0	1	0	0	0	0	0	0	1				OR4M2B	98.7	
OR4M2B	low	7	313.0	77	0	1	0	0	0	0	0	0	1				OR4M2	98.7	
OR4N2	low	7	307.0	83	0	1	0	0	1	0	0	0	1	95.4			OR4N4	84.4	
OR4N4	low	7	316.0	77	0	1	0	0	0	0	0	0	1				OR4N4C	100.0	
OR4N4C	low	7	316.0	77	0	1	0	0	0	0	0	0	1				OR4N4	100.0	
OR4N5	low	7	308.0	78	0	1	0	1	1	0	0	0	1	91.2	86.4		OR4N4	84.4	
OR4P4	low	7	312.0	74	0	1	0	0	0	0	0	0	1				OR4S2	72.6	
OR4Q2	low	7	314.0	84	0	1	0	0	1	0	0	0	1	60.8			OR4S2	59.0	
OR4X1	low	7	305.0	80	0	1	0	0	0	0	0	0	1		64.9		OR4X2	62.2	
OR51A4	low	7	313.0	78	0	1	0	0	0	0	0	0	1				OR51A2	94.9	
OR51B2	low	7	312.0	77	0	1	0	0	0	0	0	0	1				OR51B5	66.2	
OR51B4	low	7	310.0	83	0	1	0	1	0	0	0	0	1		75.2		OR51B6	68.3	
OR51B6	low	7	312.0	86	0	1	0	0	0	0	0	0	1				OR51B5	78.5	
OR51C1	low	7	312.0	79	0	1	0	1	1	0	0	0	1	89.1	83.0		OR51G2	61.0	
OR51F1	low	7	319.0	88	0	1	0	0	1	0	0	0	0	90.3			OR11A1	33.3	
OR51F2	low	7	342.0	95	0	1	0	1	1	0	0	0	1	83.9	79.1		OR51C1	58.4	
OR51G1	low	7	321.0	80	0	1	0	1	0	0	0	0	1		86.9		OR51B6	58.4	
OR51G2	low	7	314.0	83	0	1	0	1	1	0	0	0	1	93.9	90.8		OR51B6	62.3	
OR51I1	low	7	314.0	88	0	1	0	1	0	0	0	0	1		87.9		OR51I2	54.1	
OR51I2	low	7	312.0	85	0	1	0	1	1	0	0	0	1	94.9	89.1		OR51G2	60.8	
OR51L1	low	7	315.0	83	0	1	0	0	0	0	0	0	1		87.9		OR51B6	55.7	
OR51Q1	low	7	317.0	81	0	1	0	0	0	0	0	0	1				OR51I2	57.5	
OR51T1	low	7	327.0	81	0	1	0	1	1	0	0	0	1	95.7	78.3		OR51B5	45.3	
OR51V1	low	7	321.0	91	0	1	0	0	1	0	0	0	1	94.6			OR51B5	56.6	
OR52B4	low	7	314.0	83	0	1	0	1	0	0	0	0	1		84.1		OR52E1	55.8	
OR52D1	low	7	318.0	84	0	1	0	1	0	1	0	0	1		86.2	2.0	OR52E8	66.7	
OR52E1	low	7	308.0	82	0	1	0	0	0	0	0	0	1				OR52E8	78.7	
OR52E2	low	7	325.0	77	0	1	0	1	0	1	0	0	1		81.8	2.0	OR52E1	73.6	
OR52E4	low	7	312.0	80	0	1	0	1	1	0	0	0	1	90.7	85.6		OR52E8	73.1	
OR52E5	low	7	327.0	76	0	1	0	1	0	1	0	0	1		82.9	2.0	OR52E8	77.6	
OR52E6	low	7	313.0	78	0	1	0	0	0	0	0	0	1				OR52E8	88.2	
OR52E8	low	7	313.0	78	0	1	0	0	0	0	0	0	1				OR52E6	88.2	
OR52H1	low	7	314.0	78	0	1	0	1	0	0	0	0	1		88.9		OR52E1	58.7	
OR52I1	low	7	324.0	92	0	1	0	0	0	0	0	0	1				OR52I2	96.7	
OR52I2	low	7	350.0	118	0	1	0	0	0	0	0	0	1				OR52I1	96.7	
OR52J3	low	7	311.0	81	0	1	0	1	0	0	0	0	1		82.3		OR52E5	63.2	
OR52K1	low	7	314.0	82	0	1	0	0	1	1	0	0	1	90.1		2.0	OR52K2	90.2	
OR52K2	low	7	314.0	82	0	1	0	1	1	0	0	0	1	86.0	87.9		OR52K1	90.2	
OR52L1	low	7	329.0	99	0	1	0	1	0	1	0	0	1		82.4	2.0	OR52R1	60.3	
OR52M1	low	7	317.0	86	0	1	0	1	1	0	0	0	1	93.7	90.2		OR52A5	57.0	
OR52N1	low	7	320.0	80	0	1	0	0	0	0	0	0	1		86.6		OR52N2	75.9	
OR52N2	low	7	321.0	84	0	1	0	0	0	1	0	0	1			2.0	OR52N1	75.9	
OR52N4	low	7	321.0	88	0	1	0	0	1	0	0	0	1	96.0			OR52N2	67.9	
OR52N5	low	7	324.0	90	0	1	0	1	1	0	0	0	1	84.6	84.9		OR52N2	66.7	
OR52P1	low	7	321.0	83	0	1	0	0	0	1	0	0	1			2.0	OR52L1	56.8	
OR52R1	low	7	315.0	82	0	1	0	0	0	0	0	0	1				OR52L1	60.3	
OR52W1	low	7	320.0	87	0	1	0	1	0	1	0	0	1		79.4	2.0	OR52L1	46.5	
OR56A1	low	7	318.0	82	0	1	0	0	0	1	0	0	1			2.0	OR56A4	78.2	
OR56A3	low	7	315.0	88	0	1	0	0	0	0	0	0	1				OR56A1	61.3	
OR56A5	low	7	313.0	87	0	1	0	0	0	0	0	0	1				OR56A4	87.1	
OR56B2	low	7	316.0	84	0	1	0	0	0	0	0	0	1				OR56B1	74.7	
OR56B4	low	7	319.0	87	0	1	0	0	0	0	0	0	1				OR56B1	67.9	
OR5AC2	low	7	309.0	87	0	1	0	0	0	0	0	0	1				OR5H2	67.1	
OR5AK2	low	7	309.0	87	0	1	0	0	0	0	0	0	1				OR5B21	50.6	
OR5AL1	low	7	329.0	104	0	1	0	0	0	0	0	0	1				OR8J2	60.5	
OR5AP2	low	7	316.0	90	0	1	0	1	1	0	0	0	1	95.6	85.8		OR5B21	64.6	
OR5AR1	low	7	310.0	83	0	1	0	1	0	0	0	0	1		92.6		OR5B21	64.2	
OR5AS1	low	7	324.0	87	0	1	0	1	0	1	0	1	1		78.1	2.0	OR5B21	61.2	1.0
OR5AU1	low	7	362.0	139	0	1	0	1	1	0	0	0	0	95.2	84.2		OR5F1	54.0	
OR5B12	low	7	314.0	85	0	1	0	0	0	0	0	0	1				OR5B2	70.2	
OR5B17	low	7	314.0	83	0	1	0	0	0	0	0	0	1				OR5B3	74.4	
OR5B2	low	7	309.0	84	0	1	0	0	1	0	0	0	1	93.5			OR5B3	84.1	
OR5B21	low	7	309.0	86	0	1	0	1	1	0	0	0	1	96.8	86.1		OR5B12	65.9	
OR5B3	low	7	314.0	82	0	1	0	0	0	0	0	1	1				OR5B2	84.1	1.0
OR5BS1	low	7	311.0	83	0	1	0	1	1	0	0	0	1	92.9	76.8		OR4C15	52.0	
OR5C1	low	7	320.0	89	0	1	0	1	0	0	0	0	1		85.0		OR5W2	58.0	
OR5D13	low	7	314.0	93	0	1	0	0	0	0	0	0	1				OR5D3	66.7	
OR5D14	low	7	314.0	92	0	1	0	0	1	0	0	0	1	94.3			OR5D18	60.4	
OR5D16	low	7	328.0	86	0	1	0	1	0	0	0	0	1		77.7		OR5D18	82.4	
OR5D18	low	7	313.0	91	0	1	0	0	0	0	0	0	1				OR5D16	82.4	
OR5D3	low	7	323.0	104	0	1	0	0	1	0	0	0	1	95.7			OR5D13	66.7	
OR5F1	low	7	314.0	90	0	1	0	0	1	0	0	0	1	92.7			OR5AP2	64.3	
OR5H1	low	7	313.0	83	0	1	0	0	0	0	0	0	1				OR5H15	97.6	
OR5H14	low	7	310.0	79	0	1	0	0	1	1	0	0	1	90.6		2.0	OR5H6	93.5	
OR5H2	low	7	309.0	79	0	1	0	0	1	0	0	0	1	95.1			OR5H1	80.8	
OR5H6	low	7	325.0	100	0	1	0	0	1	0	0	0	1	87.4			OR5H14	93.5	
OR5I1	low	7	314.0	87	0	1	0	1	0	0	0	0	1		90.1		OR5F1	62.4	
OR5J2	low	7	312.0	90	0	1	0	1	0	0	0	0	1		78.2		OR5F1	57.3	
OR5K2	low	7	316.0	83	0	1	0	0	1	0	0	0	1	94.0			OR5K1	91.6	
OR5K3	low	7	321.0	84	0	1	0	0	0	0	0	0	1				OR5K4	72.0	
OR5K4	low	7	321.0	85	0	1	0	0	0	1	0	0	1			2.0	OR5K1	73.5	
OR5L1	low	7	311.0	88	0	1	0	0	0	0	0	0	1				OR5L2	95.5	
OR5L2	low	7	311.0	88	0	1	0	0	0	0	0	0	1				OR5L1	95.5	
OR5M1	low	7	315.0	90	0	1	0	0	0	0	0	0	1				OR5M10	98.9	
OR5M10	low	7	315.0	90	0	1	0	0	0	0	0	0	1				OR5M1	98.9	
OR5M11	low	7	305.0	91	0	1	0	0	0	0	0	0	1				OR5M10	66.3	
OR5M8	low	7	311.0	92	0	1	0	1	0	0	0	0	1		84.6		OR5M3	74.4	
OR5M9	low	7	310.0	93	0	1	0	0	1	0	0	0	1	95.2			OR5M3	80.6	
OR5P2	low	7	322.0	88	0	1	0	0	0	0	0	0	1				OR5M10	56.1	
OR5T1	low	7	326.0	98	0	1	0	0	1	0	0	0	1	89.9			OR5T3	75.5	
OR5T2	low	7	359.0	123	0	1	0	0	0	0	0	0	1				OR5T1	64.6	
OR5T3	low	7	340.0	119	0	1	0	0	1	0	0	0	1	93.2			OR5T1	75.5	
OR5W2	low	7	310.0	91	0	1	0	0	1	0	0	0	1	95.2			OR5AP2	61.4	
OR6B1	low	7	311.0	87	0	1	0	1	1	0	0	0	1	96.5	92.6		OR6A2	54.1	
OR6B2	low	7	312.0	88	0	1	0	0	0	0	0	0	1				OR6B3	95.4	
OR6B3	low	7	331.0	87	0	1	0	0	1	0	0	0	1	88.5			OR6B2	95.4	
OR6C1	low	7	312.0	74	0	1	0	0	1	0	0	0	1	95.2			OR6C3	69.9	
OR6C2	low	7	312.0	74	0	1	0	0	1	0	0	0	1	95.8			OR6C68	71.6	
OR6C3	low	7	311.0	75	0	1	0	1	0	0	0	0	1		88.4		OR6C1	69.9	
OR6C4	low	7	309.0	75	0	1	0	0	1	0	0	0	1	95.5			OR2AP1	76.0	
OR6C6	low	7	314.0	80	0	1	0	0	0	0	0	0	1				OR6C70	73.0	
OR6C65	low	7	312.0	74	0	1	0	0	0	0	0	0	1				OR6C76	71.6	
OR6C68	low	7	312.0	77	0	1	0	0	0	0	0	0	1				OR6C2	71.6	
OR6C70	low	7	312.0	74	0	1	0	0	0	0	0	0	1				OR6C6	73.0	
OR6C74	low	7	312.0	76	0	1	0	0	1	0	0	0	1	95.8			OR6C76	68.9	
OR6C75	low	7	312.0	75	0	1	0	0	1	0	0	0	1	95.2			OR6C76	68.0	
OR6C76	low	7	312.0	77	0	1	0	0	0	0	0	0	1				OR6C65	71.6	
OR6F1	low	7	308.0	83	0	1	0	1	1	0	0	0	1	93.5	83.1		OR6J1	49.4	
OR6J1	low	7	347.0	79	0	1	0	0	0	0	0	0	1				OR6T1	55.7	
OR6K2	low	7	324.0	82	0	1	0	1	0	0	0	0	1		83.6		OR6K6	65.8	
OR6K3	low	7	331.0	94	0	1	0	1	1	0	0	0	1	95.2	77.1		OR6K6	62.4	
OR6K6	low	7	343.0	105	0	1	0	1	1	0	0	0	1	92.2	80.3		OR6K2	65.8	
OR6N1	low	7	312.0	82	0	1	0	1	1	0	0	0	1	94.6	88.5		OR6N2	68.3	
OR6N2	low	7	317.0	85	0	1	0	1	1	0	0	0	1	94.6	85.8		OR6N1	68.3	
OR6P1	low	7	317.0	86	0	1	0	0	0	0	0	0	1				OR6B3	53.0	
OR6Q1	low	7	317.0	88	0	1	0	0	1	0	0	0	1	94.6			OR8K3	50.0	
OR6S1	low	7	331.0	83	0	1	0	1	0	0	0	0	1		83.1		OR6J1	50.0	
OR6T1	low	7	323.0	74	0	1	0	0	1	0	0	0	1	91.0			OR6J1	55.7	
OR6V1	low	7	313.0	81	0	1	0	0	1	0	0	0	1	95.2			OR6C3	46.7	
OR6X1	low	7	312.0	73	0	1	0	1	1	0	0	0	1	92.3	85.3		OR6T1	45.7	
OR7A10	low	7	309.0	91	0	1	0	0	0	0	0	0	1				OR7A17	75.6	
OR7C2	low	7	319.0	91	0	1	0	1	1	0	0	0	1	90.6	71.8		OR7C1	77.8	
OR7D2	low	7	312.0	93	0	1	0	0	0	0	0	0	1				OR7A17	64.8	
OR7G1	low	7	311.0	91	0	1	0	0	0	0	0	0	1				OR7G2	70.3	
OR7G2	low	7	324.0	91	0	1	0	0	0	0	0	0	1				OR7G1	70.3	
OR7G3	low	7	312.0	91	0	1	0	0	0	0	0	0	1				OR7G2	64.8	
OR8A1	low	7	326.0	102	0	1	0	0	1	0	0	0	1	96.1			OR8D4	63.1	
OR8B12	low	7	310.0	91	0	1	0	0	1	0	0	0	1	94.5			OR8B8	72.7	
OR8B2	low	7	313.0	87	0	1	0	0	0	0	0	0	1				OR8B3	97.7	
OR8B4	low	7	309.0	88	0	1	0	1	1	0	0	0	1	91.6	86.1		OR8B3	69.0	
OR8B8	low	7	311.0	88	0	1	0	1	1	0	0	0	1	95.5	85.9		OR8B12	72.7	
OR8D4	low	7	314.0	86	0	1	0	1	1	0	0	0	1	92.0	84.1		OR8A1	63.1	
OR8G1	low	7	311.0	88	0	1	0	0	0	0	0	0	1				OR8G5	80.2	
OR8G3	low	7	310.0	90	0	1	0	0	0	0	0	0	1				OR8G1	78.4	
OR8G5	low	7	346.0	121	0	1	0	0	1	0	0	0	1	92.9			OR8G1	80.2	
OR8H1	low	7	311.0	89	0	1	0	0	1	1	0	0	1	92.0		2.0	OR8H3	88.8	
OR8H2	low	7	312.0	97	0	1	0	0	0	0	0	0	1				OR8H3	91.8	
OR8H3	low	7	312.0	98	0	1	0	0	0	0	0	0	1				OR8H2	91.8	
OR8I2	low	7	310.0	90	0	1	0	1	1	0	0	0	1	92.3	85.2		OR8H3	55.6	
OR8J1	low	7	316.0	88	0	1	0	0	1	0	0	0	1	93.7			OR8J3	91.6	
OR8J2	low	7	315.0	86	0	1	0	0	0	0	0	0	1				OR8J1	83.5	
OR8J3	low	7	315.0	83	0	1	0	0	1	0	0	0	1	92.1			OR8J1	91.6	
OR8K1	low	7	319.0	91	0	1	0	1	1	0	0	0	1	96.9	79.9		OR8K3	62.2	
OR8K3	low	7	312.0	88	0	1	0	0	0	0	0	0	1				OR8K5	70.1	
OR8K5	low	7	307.0	93	0	1	0	0	0	0	0	0	1				OR8K3	70.1	
OR8S1	low	7	359.0	84	0	1	0	0	1	0	0	0	1	86.5			OR5BS1	47.0	
OR8U1	low	7	309.0	85	0	1	0	1	1	0	0	0	1	94.2	86.4		OR8J2	63.5	
OR8U3	low	7	324.0	92	0	1	0	1	0	0	0	0	1		80.6		OR8J2	64.0	
OR8U8	low	7	319.0	86	0	1	0	0	0	0	0	0	0						
OR8U9	low	7	309.0	87	0	1	0	0	0	0	0	0	0						
OR9A2	low	7	310.0	78	0	1	0	1	0	0	0	0	1		81.6		OR9A4	67.9	
OR9A4	low	7	314.0	79	0	1	0	1	1	0	0	0	1	79.6	84.4		OR9A2	67.9	
OR9G1	low	7	305.0	88	0	1	0	1	1	0	0	0	1	92.1	76.1		OR11H4	48.1	
OR9G4	low	7	327.0	101	0	1	0	1	1	0	0	0	1	95.8	87.2		OR5F1	57.6	
OR9G9	low	7	305.0	88	0	1	0	0	0	0	0	0	0						
OR9H1	low	7	308.0	85	0	1	0	1	1	0	0	0	1	93.5	83.8		OR5AP2	56.8	
OR9I1	low	7	314.0	86	0	1	0	0	1	0	0	0	1	93.6			OR5B21	53.6	
OR9K2	low	7	335.0	107	0	1	0	0	0	0	0	0	0				OR8I2	51.2	
OR9Q1	low	7	310.0	88	0	1	0	1	1	0	0	0	1	91.9	82.3		OR9Q2	70.2	
OR9Q2	low	7	314.0	84	0	1	0	1	1	0	0	0	1	85.0	85.7		OR9Q1	70.2	
OSTM1	low	1	334.0	253	1	1	0	1	1	1	0	1	0	94.6	77.8	2.0			1.0
OVGP1	low	0	678.0	657	1	1	1	1	1	0	0	0	0	77.1	58.0		CHI3L1	48.9	
PAM	low	1	973.0	846	1	1	0	1	1	0	1	1	0	98.4	81.0				2.0
PARM1	low	1	310.0	238	1	1	0	1	1	0	0	0	0	93.9	61.9				
PATE2	low	0	113.0	95	1	1	1	0	1	0	0	0	0	85.8			PATE4	30.3	
PATE3	low	0	98.0	78	1	1	1	1	1	0	0	0	0	87.8	64.3		PATE1	38.5	
PATE4	low	0	98.0	76	1	1	1	0	1	0	0	0	0	94.9			ACRV1	31.6	
PAWR	low	0	340.0	0	0	0	0	1	1	1	0	0	0	97.1	77.6	2.0			
PCDH1	low	1	1060.0	795	1	1	0	1	1	0	0	1	1	98.6	79.6		PCDH7	53.8	5.0
PCDH18	low	1	1135.0	672	1	1	0	1	1	0	0	1	1	99.6	92.6		PCDH10	44.6	4.0
PCDHA1	low	1	950.0	668	1	1	0	1	0	0	0	1	1		84.6		PCDHA2	81.4	5.0
PCDHA10	low	1	948.0	667	1	1	0	1	0	0	0	1	1		83.2		PCDHA12	80.8	4.0
PCDHA11	low	1	949.0	667	1	1	0	1	0	0	0	1	1		84.9		PCDHA8	80.1	4.0
PCDHA13	low	1	950.0	668	1	1	0	1	0	0	0	1	1		86.7		PCDHA3	80.4	5.0
PCDHA4	low	1	947.0	668	1	1	0	0	1	0	0	1	1	76.0			PCDHA7	85.2	4.0
PCDHA6	low	1	950.0	668	1	1	0	0	0	0	0	1	1				PCDHA8	91.3	5.0
PCDHA9	low	1	950.0	668	1	1	0	0	0	0	0	1	1				PCDHA7	92.1	5.0
PCDHB14	low	1	798.0	659	1	1	0	1	1	0	0	1	1	95.9	78.7		PCDHB2	78.5	4.0
PCDHB15	low	1	787.0	663	1	1	0	1	0	0	0	1	1		75.5		PCDHB4	77.9	4.0
PCDHB16	low	1	776.0	661	1	1	0	1	1	0	0	1	1	93.6	76.4		PCDHB8	79.6	5.0
PCDHB4	low	1	795.0	661	1	1	0	0	1	0	0	1	1	64.3			PCDHB5	78.8	5.0
PCDHB5	low	1	795.0	660	1	1	0	0	0	0	0	1	1				PCDHB6	78.8	4.0
PCDHB6	low	1	794.0	660	1	1	0	1	0	0	0	1	1		78.1		PCDHB5	78.8	4.0
PCDHB7	low	1	793.0	659	1	1	0	1	0	0	0	1	1		77.7		PCDHB2	77.2	5.0
PCDHB8	low	1	801.0	662	1	1	0	0	1	0	0	1	1	88.8			PCDHB13	94.7	5.0
PCDHGA12	low	1	932.0	664	1	1	0	1	0	0	0	1	1		85.9		PCDHGA10	74.4	4.0
PCDHGB6	low	1	930.0	661	1	1	0	1	0	0	0	1	1		83.0		PCDHGB7	78.2	4.0
PCSK4	low	1	755.0	687	1	1	0	1	0	0	0	0	1		69.4		FURIN	56.7	
PDGFB	low	0	241.0	221	1	1	1	1	1	1	0	0	0	99.6	89.6	2.0	PDGFA	45.0	
PDGFRL	low	0	375.0	354	1	1	1	1	1	0	0	0	0	97.3	89.3				
PDZD2	low	0	2839.0	0	0	0	0	1	1	0	0	0	0	94.3	68.7				
PEG10	low	0	708.0	0	0	0	0	0	0	0	0	0	0						
PGLYRP3	low	0	341.0	324	1	1	1	1	1	1	0	0	1	96.2	73.3	2.0	PGLYRP4	67.9	
PGRMC1	low	1	195.0	31	0	1	0	1	1	0	0	0	0	83.1	95.4		CYB5D2	35.5	
PGRMC2	low	1	223.0	53	0	1	0	1	1	0	0	0	0	97.8	87.9		CYB5D2	35.8	
PI16	low	0	463.0	436	1	1	1	1	1	1	0	1	0	70.8	66.3	2.0			2.0
PI3	low	0	117.0	95	1	1	1	0	1	0	0	0	0	94.0			WFDC5	37.9	
PIP	low	0	146.0	118	1	1	1	0	1	1	0	0	0	75.3		2.0			
PKD1L2	low	11	2459.0	1632	1	1	0	1	1	0	1	1	0	75.6	63.6		PKD2L1	37.6	1.0
PKD2L2	low	6	624.0	293	0	0	0	1	1	1	1	0	1	90.5	81.2	4.0	PKD2	50.3	
PLA2G15	low	0	412.0	379	1	1	1	1	1	0	0	0	1	99.0	88.3		LCAT	49.1	
PLA2G1B	low	0	148.0	133	1	1	1	1	1	0	0	0	0	87.8	77.7		PLA2G2A	42.7	
PLA2G2A	low	0	144.0	124	1	1	1	0	1	0	0	0	1	91.7			PLA2G2E	56.1	
PLAC8L1	low	0	177.0	0	0	0	0	1	1	0	0	0	0	95.5	77.4				
PLAC9	low	0	97.0	75	1	1	1	1	0	0	0	0	0		72.2				
PLB1	low	1	1458.0	1396	1	1	0	1	1	0	1	1	0	94.6	68.8				6.0
PLD3	low	1	490.0	431	0	0	1	1	1	0	0	0	1	88.6	93.3		PLD4	48.0	
PLP1	low	4	277.0	93	0	0	0	1	1	1	0	0	1	98.9	100.0	2.0	GPM6B	48.4	
PLP2	low	4	152.0	12	0	0	0	0	1	0	1	0	0	98.7			PLLP	41.7	
PLPP4	low	6	271.0	80	0	0	0	1	0	1	1	0	1		99.3	4.0	PLPP5	72.5	
PLPP5	low	6	264.0	81	0	0	0	1	1	1	1	0	1	99.2	85.2	4.0	PLPP4	72.5	
PLSCR2	low	0	297.0	0	0	0	0	0	1	0	0	0	0	94.2					
PLSCR4	low	0	329.0	0	0	0	0	1	1	0	0	0	0	96.4	79.3				
PLSCR5	low	0	271.0	0	0	0	0	1	1	0	0	0	0	97.4	87.8				
PLXNA2	low	1	1894.0	1203	1	1	0	1	1	0	0	1	1	99.7	96.6		PLXNA4	59.9	3.0
PLXNA3	low	1	1871.0	1201	1	1	0	1	1	0	0	1	1	98.1	94.6		PLXNA1	59.3	5.0
PM20D1	low	0	502.0	477	1	1	1	1	1	1	0	0	0	88.6	71.5	2.0	CNDP1	21.8	
PNMA2	low	0	364.0	0	0	0	0	1	1	0	0	0	0	97.3	78.3				
PNMA3	low	0	463.0	0	0	0	0	1	1	0	0	0	0	98.7	74.3				
PODXL2	low	1	605.0	469	1	1	0	1	1	0	0	1	0	96.2	77.0				1.0
PON2	low	0	354.0	329	1	1	1	1	1	0	0	0	1	98.6	88.1		PON1	67.8	
POTEF	low	0	1075.0	0	0	0	0	0	0	0	0	0	0						
PPIA	low	0	165.0	0	0	0	0	0	0	0	0	0	0						
PPIB	low	0	216.0	183	1	1	1	1	1	0	0	0	1	100.0	94.0		PPIC	72.1	
PPT1	low	0	306.0	285	1	1	1	0	1	0	0	0	0	98.7			DOLPP1	41.9	
PRCP	low	0	496.0	475	1	1	1	1	1	1	0	0	1	97.8	77.0	2.0	DPP7	42.7	
PRDX1	low	0	199.0	0	0	0	0	1	1	1	0	0	0	99.5	95.5	2.0			
PRDX4	low	0	271.0	234	1	1	1	1	1	1	0	0	1	85.2	89.7	2.0			
PRG2	low	0	222.0	206	1	1	1	1	1	0	0	0	1	89.2	59.9		PRG3	50.0	
PRG3	low	0	225.0	208	1	1	1	1	1	0	0	0	1	87.6	61.3		PRG2	50.0	
PROS1	low	0	676.0	652	1	1	1	1	1	0	0	0	0	95.9	79.6		SHBG	31.9	
PRR7	low	1	274.0	9	0	1	0	1	1	0	0	0	0	98.5	94.5		WBP1	44.4	
PRRG3	low	1	231.0	79	0	1	0	1	1	0	0	0	1	97.4	94.4		PRRG1	54.4	
PRRT1B	low	1	263.0	5	0	0	1	1	1	0	0	0	0	91.6	66.5		PRRT2	100.0	
PRRT3	low	7	981.0	490	1	1	0	1	1	0	1	0	0	83.8	72.9				
PRRT4	low	7	899.0	394	1	1	0	1	0	0	1	0	0		85.2				
PRSS16	low	0	514.0	490	1	1	1	1	1	1	0	0	0	96.1	78.8	2.0	DPP7	30.8	
PRSS38	low	0	326.0	294	1	1	1	1	1	0	0	0	0	92.0	57.1		CTRL	39.0	
PRSS48	low	0	328.0	310	1	1	1	1	1	0	0	0	0	92.4	56.4		PRSS27	42.5	
PRSS57	low	0	283.0	252	1	1	1	1	1	0	0	0	1	87.6	68.8		GZMM	44.0	
PSENEN	low	3	101.0	25	0	0	1	1	0	0	0	0	0		96.0				
PSG1	low	0	419.0	385	1	1	1	0	0	0	0	0	1				PSG8	92.2	
PSG9	low	0	426.0	392	1	1	1	0	0	0	0	0	1				PSG6	86.2	
PTCHD4	low	12	846.0	388	0	0	0	1	1	0	1	1	1	98.8	96.8		PTCHD1	53.1	2.0
PTGFR	low	7	359.0	86	0	1	0	1	1	0	1	0	0	98.3	88.6		PTGER4	33.3	
PTMA	low	0	111.0	0	0	0	0	1	0	0	0	0	0		96.4				
PTPRU	low	1	1446.0	728	1	1	0	1	1	0	0	1	1	94.4	95.3		PTPN5	58.5	2.0
PTTG1IP2	low	1	154.0	67	1	1	0	0	0	0	0	0	0				PTTG1IP	30.8	
PXDNL	low	0	1463.0	1440	1	1	1	0	1	0	0	0	1	92.2			PXDN	61.3	
QSOX1	low	1	747.0	680	1	1	0	1	1	0	1	1	0	93.0	72.8		QSOX2	41.9	2.0
QSOX2	low	1	698.0	608	1	1	0	1	1	0	0	1	0	95.1	68.8		QSOX1	41.9	2.0
RC3H2	low	0	1191.0	0	0	0	0	1	1	0	0	0	0	98.4	95.3				
RCN1	low	0	331.0	302	1	1	1	1	0	0	0	0	1		94.3		CALU	64.2	
REELD1	low	1	526.0	420	1	1	0	0	1	0	0	0	0	91.1			FRRS1	28.7	
REG4	low	0	158.0	136	1	1	1	1	1	0	0	0	0	91.8	65.8		REG1A	36.0	
REN	low	0	406.0	383	1	1	1	1	1	0	0	0	1	99.0	70.0		CTSD	44.1	
RHEX	low	1	172.0	11	0	1	0	0	1	0	0	0	0	83.7					
RHOXF2	low	0	288.0	0	0	0	0	0	0	0	0	0	0						
RNASE10	low	0	216.0	184	1	1	1	1	0	0	0	0	0		63.9		RNASE4	31.1	
RNASE9	low	0	205.0	179	1	1	1	0	0	0	0	0	0				RNASE12	32.3	
RNF130	low	2	419.0	181	1	1	1	1	1	0	1	0	1	100.0	90.7		RNF150	47.9	
RPN1	low	1	607.0	410	1	1	0	1	1	0	0	1	0	98.7	95.1				3.0
RPRML	low	1	120.0	69	0	1	0	1	0	0	0	0	0		90.0		RPRM	39.7	
RPS3	low	0	243.0	0	0	0	0	1	0	0	0	0	0		99.6				
RS1	low	0	224.0	203	1	1	1	1	1	0	0	0	0	100.0	96.0		DCBLD1	36.5	
RSPO4	low	0	234.0	217	1	1	1	1	1	0	0	0	1	95.7	82.1		RSPO2	44.2	
S100A1	low	0	94.0	0	0	0	0	1	1	0	0	0	0	100.0	93.6				
S100A12	low	0	92.0	0	0	0	0	0	1	1	0	0	0	87.0		2.0			
S100A13	low	0	98.0	0	0	0	0	1	0	1	0	0	0		82.7	2.0			
S100A4	low	0	101.0	0	0	0	0	1	1	1	0	0	0	100.0	93.1	2.0			
S100A8	low	0	93.0	0	0	0	0	1	1	1	0	0	0	89.2	55.9	2.0			
S100A9	low	0	114.0	0	0	0	0	0	1	1	0	0	0	88.6		2.0			
S100B	low	0	92.0	0	0	0	0	1	0	1	0	0	0		98.9	2.0			
SARAF	low	1	339.0	142	1	1	0	1	1	0	1	0	0	97.1	78.5				
SBSN	low	0	590.0	567	1	1	1	0	1	0	0	0	0	88.5					
SCAMP1	low	4	338.0	29	0	0	0	1	1	1	1	0	0	92.0	98.2	2.0	SCAMP3	32.1	
SCAMP4	low	4	229.0	34	0	0	0	1	1	1	1	0	1	96.5	83.4	2.0	SCAMP5	53.6	
SCART1	low	1	1027.0	884	1	1	0	1	0	0	1	1	0		60.1		LGALS3BP	53.8	1.0
SCEL	low	0	688.0	0	0	0	0	1	1	0	0	0	0	93.9	64.0				
SCGB1D2	low	0	90.0	69	1	1	1	0	0	0	0	0	1				SCGB1D1	50.7	
SCGN	low	0	276.0	0	0	0	0	1	1	0	0	0	0	96.7	84.8				
SCN7A	low	24	1682.0	419	0	0	0	1	1	0	0	1	1	95.4	74.1		SCN3A	60.1	1.0
SECTM1	low	1	248.0	119	1	1	0	0	0	0	0	1	0						1.0
SEL1L2	low	1	688.0	643	1	1	0	1	1	0	0	0	1	96.4	85.8		SEL1L	49.1	
SEMA4F	low	1	770.0	624	1	1	0	1	1	0	0	1	0	98.1	91.3		SEMA4B	40.5	3.0
SEMA5B	low	1	1151.0	976	1	1	0	1	1	0	1	1	1	90.0	88.9		SEMA5A	61.6	6.0
SERPINA9	low	0	417.0	397	1	1	1	1	1	0	0	0	1	92.6	65.5		SERPINA7	51.1	
SERPINB3	low	0	390.0	390	0	1	1	0	0	0	0	0	1				SERPINB4	91.8	
SERPINB5	low	0	375.0	0	0	0	0	1	1	0	0	0	0	98.7	89.1				
SERPINE2	low	0	398.0	379	1	1	1	1	1	0	0	0	1	97.5	85.4		SERPINE1	41.4	
SERTM2	low	1	90.0	37	0	1	0	1	0	0	0	0	0		91.1				
SFTPB	low	0	381.0	358	1	1	1	1	1	0	0	0	0	82.7	70.9		PSAPL1	31.0	
SH3BGRL3	low	0	93.0	0	0	0	0	1	1	0	0	0	0	100.0	95.7				
SHISA4	low	1	197.0	64	1	1	0	1	1	0	0	1	0	98.0	91.9		SHISA2	40.6	1.0
SHISA8	low	1	397.0	102	1	1	0	1	1	0	0	0	1	73.6	80.9		SHISA9	58.8	
SHISAL2B	low	1	160.0	67	0	1	0	1	1	0	0	0	1	74.4	83.8		SHISAL2A	60.9	
SI	low	1	1827.0	1796	0	0	1	1	1	0	0	0	1	95.0	77.7		MGAM	60.0	
SIGLECL1	low	1	197.0	107	1	1	0	1	1	1	0	1	0	94.9	57.9	2.0	SIGLEC1	52.3	1.0
SIGMAR1	low	1	223.0	1	1	1	0	1	1	1	1	0	0	99.6	90.1	3.0			
SIRPD	low	0	197.0	168	1	1	1	0	0	0	0	0	0				SIRPA	46.4	
SLAMF8	low	1	285.0	212	1	1	0	1	1	0	0	1	0	90.5	75.1		SLAMF9	28.8	3.0
SLC10A4	low	9	437.0	154	0	1	0	0	1	0	0	0	0	96.8			SLC10A1	34.7	
SLC10A5	low	9	438.0	169	1	1	0	1	0	0	0	0	0		70.3		SLC10A3	32.3	
SLC15A4	low	12	577.0	135	0	0	0	1	1	0	1	0	1	96.9	86.3		SLC15A3	47.0	
SLC17A5	low	12	495.0	101	0	0	0	1	1	0	1	0	0	98.8	86.3		SLC17A8	38.4	
SLC22A14	low	12	594.0	148	0	0	0	1	1	0	0	0	0	87.2	59.1		SLC22A8	36.9	
SLC22A23	low	12	686.0	168	0	0	0	1	1	0	1	0	0	98.7	91.8		SLC22A31	33.3	
SLC22A25	low	12	547.0	150	0	0	0	0	0	0	0	0	1				SLC22A9	80.1	
SLC22A31	low	12	556.0	118	0	0	0	0	1	0	1	0	0	81.2			SLC22A4	35.3	
SLC23A3	low	14	610.0	117	0	0	0	1	1	1	1	0	0	96.6	78.2	2.0	SLC23A1	29.9	
SLC27A3	low	1	683.0	4	0	1	0	1	1	0	1	0	1	91.7	83.7		SLC27A6	25.0	
SLC27A4	low	2	643.0	3	0	0	0	1	1	0	1	0	1	98.0	92.2		SLC27A1	66.7	
SLC29A3	low	11	475.0	89	0	0	1	1	1	0	1	0	0	95.2	74.1		SLC29A1	32.9	
SLC33A2	low	12	412.0	70	0	0	0	1	1	0	0	0	0	69.2	77.9		SLC33A1	17.0	
SLC36A4	low	11	504.0	113	0	0	1	1	1	0	1	0	1	97.8	88.3		SLC36A1	49.5	
SLC38A11	low	10	406.0	113	0	1	1	1	1	0	0	0	0	98.1	79.9		SLC38A9	30.0	
SLC38A8	low	11	435.0	74	0	0	1	1	1	1	0	0	0	96.1	81.6	2.0	SLC38A7	40.3	
SLC39A11	low	6	342.0	26	0	1	1	1	1	1	0	0	0	98.5	90.4	2.0			
SLC41A3	low	11	507.0	99	0	0	1	1	1	0	1	0	0	97.3	76.0		SLC41A1	25.4	
SLC45A4	low	12	768.0	80	0	0	0	1	1	0	1	0	1	95.9	81.7		SLC45A1	55.1	
SLC49A3	low	12	560.0	85	0	0	0	1	1	1	1	0	0	84.3	63.0	2.0	SLC49A4	21.1	
SLC50A1	low	7	221.0	29	0	1	0	1	1	0	1	0	0	99.1	79.6				
SLC67A1	low	12	424.0	44	0	0	0	1	1	0	0	0	0	72.4	75.9				
SLC71A1	low	12	490.0	82	0	0	0	1	1	0	0	0	1	99.8	99.8		SLC71A2	65.3	
SLC9A6	low	13	701.0	137	1	1	0	1	1	1	0	0	1	99.3	94.1	2.0	SLC9A7	60.8	
SLCO1B3-SLCO1B7	low	12	687.0	253	0	0	0	0	0	0	0	0	0						
SLCO6A1	low	12	719.0	233	0	0	0	0	1	0	1	0	1	82.1			SLCO4C1	44.3	
SLIT3	low	0	1523.0	1490	1	1	1	1	1	0	0	0	1	98.1	94.0		SLIT2	67.8	
SMCO1	low	0	214.0	0	0	0	0	1	1	0	0	0	0	87.4	75.7				
SMCO2	low	1	343.0	42	0	0	1	0	1	0	0	0	1	89.2			TMCO5A	40.5	
SMCO4	low	1	59.0	8	0	0	1	1	0	0	0	0	0		96.6				
SMIM10L2B	low	0	78.0	0	0	0	0	0	0	0	0	0	0						
SMIM10L3	low	0	68.0	48	1	1	1	0	0	0	0	0	1				SMIM10	70.8	
SMIM23	low	0	172.0	119	1	1	1	0	1	0	0	0	0	73.3					
SMIM24	low	1	130.0	10	1	1	0	1	1	0	0	0	0	84.6	56.2		PDZK1IP1	40.0	
SMIM31	low	1	71.0	9	0	1	0	1	1	0	0	0	0	97.2	62.0				
SMIM34	low	1	139.0	48	0	1	0	1	1	0	0	0	0	95.7	56.8				
SMIM35	low	1	85.0	9	0	1	0	1	1	0	0	0	0	97.6	88.2				
SMIM36	low	1	93.0	13	0	1	0	0	0	0	0	0	0						
SMIM43	low	0	63.0	31	1	1	1	1	0	0	0	0	0		92.1				
SMIM9	low	1	99.0	46	1	1	0	0	0	0	0	0	0						
SNCA	low	0	140.0	0	0	0	0	1	1	0	0	0	0	75.7	95.0				
SND1	low	0	910.0	0	0	0	0	1	1	0	0	0	0	99.6	97.4				
SNN	low	1	88.0	11	0	1	0	1	1	0	0	0	0	100.0	97.7				
SOFU1	low	0	122.0	94	1	1	1	0	0	0	0	0	0						
SPA17	low	0	151.0	0	0	0	0	1	1	1	0	0	0	87.4	71.5	2.0			
SPACA5	low	0	159.0	138	1	1	1	0	0	0	0	0	1				SPACA5B	100.0	
SPACA5B	low	0	159.0	138	1	1	1	0	0	0	0	0	1						
SPAG11A	low	0	123.0	98	1	1	1	0	0	0	0	0	1				SPAG11B	96.2	
SPAG11B	low	0	103.0	78	1	1	1	0	0	0	0	0	1				SPAG11A	96.2	
SPATA31F1	low	1	1335.0	12	0	1	0	0	1	0	0	0	1	89.8			SPATA31F3	91.7	
SPATA46	low	0	261.0	0	0	0	0	1	1	0	0	0	0	93.1	62.8				
SPATA9	low	0	254.0	0	0	0	0	1	1	0	0	0	0	96.9	78.3				
SPEM1	low	1	309.0	28	0	1	0	1	1	0	0	0	0	90.0	68.0				
SPEM3	low	1	1196.0	26	0	1	0	0	0	0	0	0	0						
SPINK13	low	0	94.0	71	1	1	1	1	0	0	0	0	0		52.1		SPINK14	39.4	
SPINK8	low	0	97.0	76	1	1	1	1	1	0	0	0	0	91.8	55.7		SPINK7	33.3	
SPINT3	low	0	89.0	65	1	1	1	0	1	0	0	0	0	86.5					
SPRN	low	0	151.0	127	1	1	1	1	1	0	0	0	0	96.0	78.8				
SRGN	low	0	158.0	131	1	1	1	1	1	0	0	0	0	92.4	50.0				
SRPX2	low	0	465.0	442	1	1	1	1	0	0	0	0	1		93.8		SRPX	46.8	
SSMEM1	low	1	244.0	37	0	1	0	1	1	0	0	0	0	93.9	67.6				
STIP1	low	0	543.0	0	0	0	0	1	1	0	0	0	0	91.5	96.9				
STOML2	low	0	356.0	0	0	0	0	1	1	1	0	0	0	98.9	93.8	2.0			
STOML3	low	2	291.0	1	0	0	0	1	1	1	0	0	1	97.3	91.4	2.0	NPHS2	100.0	
STS	low	2	583.0	512	1	1	1	0	1	0	0	0	1	96.7			ARSL	57.0	
STUM	low	4	141.0	2	0	0	0	1	1	0	0	0	0	93.6	89.4				
SUSD1	low	1	747.0	695	1	1	0	1	1	0	1	1	0	91.2	74.0				7.0
SUSD5	low	1	629.0	539	1	1	0	1	1	0	0	1	0	90.0	68.4				1.0
SUSD6	low	1	303.0	81	1	1	0	1	1	0	0	0	0	98.3	89.1		CSMD3	66.7	
SV2A	low	12	742.0	172	0	0	0	1	1	0	1	0	1	99.6	98.9		SV2B	63.9	
SVEP1	low	0	3571.0	3552	1	1	1	1	1	0	0	0	0	94.0	81.8		SUSD6	63.0	
SYT15	low	1	421.0	5	0	1	0	0	0	0	1	0	1				SYT9	80.0	
SYT7	low	1	403.0	16	0	1	0	1	1	0	0	0	1	87.8	98.0		SYT5	50.0	
TAS2R33	low	7	309.0	57	0	1	0	0	0	0	0	0	0						
TAS2R41	low	7	307.0	63	0	1	0	1	1	0	0	0	0	86.3	68.4		TAS2R40	29.6	
TAS2R60	low	7	318.0	71	0	1	0	1	1	0	0	0	0	89.9	56.9		TAS2R46	30.4	
TCAF1	low	0	921.0	921	0	1	1	1	1	0	0	0	1	99.0	90.2		TCAF2	64.9	
TCIRG1	low	8	830.0	122	0	0	0	1	1	0	0	1	1	78.8	84.0		ATP6V0A4	53.3	1.0
TCP11	low	0	503.0	0	0	0	0	1	1	0	0	0	0	96.2	71.2				
TEDDM1	low	6	273.0	54	0	0	0	0	1	0	0	0	0	94.5			TMEM45B	20.0	
TEX29	low	1	151.0	56	0	1	0	0	1	0	0	0	0	80.8					
TEX46	low	1	121.0	1	1	1	0	0	1	0	1	0	0	94.2					
TEX50	low	1	177.0	51	1	1	0	1	1	0	0	0	0	90.4	59.3				
TEX51	low	0	166.0	151	1	1	1	0	1	0	0	0	0	84.9					
TFPI2	low	0	235.0	213	1	1	1	1	1	0	0	0	0	93.2	52.3		TFPI	39.0	
TGFB3	low	0	412.0	389	1	1	1	1	1	0	0	0	1	99.8	97.6		TGFB2	57.4	
TGFBI	low	0	683.0	660	1	1	1	1	1	1	0	0	0	98.5	90.6	2.0	POSTN	46.2	
TGM1	low	0	817.0	0	0	0	0	1	1	0	0	0	0	98.0	90.5				
THSD7B	low	1	1606.0	1521	1	1	0	1	1	0	0	1	1	96.1	85.7		THSD7A	51.7	8.0
TIMP1	low	0	207.0	184	1	1	1	1	1	0	0	0	0	98.1	72.5		TIMP2	41.8	
TLCD2	low	7	264.0	36	0	1	0	1	0	0	0	0	0		72.0		TLCD3A	29.4	
TLCD3A	low	7	257.0	50	0	1	0	1	1	0	0	0	1	95.7	73.2		TLCD3B	43.2	
TLR7	low	1	1049.0	813	1	1	0	1	1	0	0	1	1	97.9	80.8		LRRC3B	41.8	1.0
TLR8	low	1	1041.0	802	1	1	0	1	1	0	0	1	1	96.4	71.0		LRRC3	45.3	2.0
TLR9	low	1	1032.0	788	1	1	0	1	1	1	0	1	0	96.0	75.2	2.0	LRRC55	43.8	1.0
TM2D1	low	2	207.0	124	1	1	1	1	1	0	0	0	0	92.8	85.0		TM2D3	36.4	
TM2D2	low	2	214.0	129	1	1	1	1	1	0	0	0	0	99.1	90.2		TM2D3	31.2	
TM9SF1	low	9	606.0	252	1	1	0	1	0	1	1	0	0		97.5	2.0	TM9SF3	36.0	
TMC3	low	10	1100.0	249	0	0	0	1	1	0	0	0	1	96.7	81.5		TMC7	35.0	
TMC5	low	10	1006.0	159	0	0	0	1	1	0	0	0	0	93.7	72.8		TMC6	41.6	
TMC7	low	10	723.0	209	0	0	0	1	1	1	0	1	0	95.3	91.0	2.0	TMC4	38.2	1.0
TMDD1	low	1	317.0	194	1	1	0	0	0	0	0	0	0						
TMEM101	low	8	257.0	71	0	0	0	1	1	0	0	0	0	99.2	98.1				
TMEM108	low	1	575.0	442	1	1	0	1	1	0	1	0	0	94.3	76.9				
TMEM117	low	8	514.0	155	0	0	0	1	1	0	0	0	0	99.8	95.9				
TMEM132C	low	1	1108.0	890	1	1	0	1	1	0	0	1	1	58.8	78.1		TMEM132D	61.8	4.0
TMEM132D	low	1	1099.0	889	1	1	0	1	1	0	0	1	1	97.5	83.1		TMEM132C	61.8	2.0
TMEM139	low	2	216.0	6	0	0	0	1	0	0	0	0	0		56.5				
TMEM140	low	4	185.0	67	0	0	0	1	1	1	0	0	0	80.5	62.2	2.0			
TMEM156	low	1	296.0	194	1	1	0	0	1	0	0	0	0	93.9					
TMEM158	low	1	300.0	202	1	1	0	1	1	1	0	1	0	75.0	83.3	2.0			2.0
TMEM161B	low	9	487.0	148	0	1	0	1	0	0	1	0	0		95.1		TMEM161A	39.4	
TMEM169	low	4	297.0	2	0	0	0	1	1	0	0	0	0	97.0	87.9				
TMEM170B	low	3	132.0	56	0	1	0	1	1	0	0	0	1	100.0	97.7		TMEM170A	51.9	
TMEM174	low	2	243.0	12	0	0	0	1	1	0	0	0	0	95.5	81.5				
TMEM176A	low	4	235.0	73	0	0	0	1	1	0	0	0	0	65.1	55.3		TMEM176B	26.8	
TMEM179B	low	4	219.0	78	0	0	0	1	1	0	0	0	0	95.4	80.4				
TMEM190	low	1	177.0	61	1	1	0	1	1	0	0	0	0	91.5	63.8				
TMEM191C	low	1	302.0	41	0	0	1	0	1	0	0	0	1	91.4			TMEM191B	100.0	
TMEM192	low	4	271.0	38	0	0	0	1	1	0	0	0	0	97.4	77.5				
TMEM198	low	7	360.0	80	0	1	0	0	0	0	0	0	0	98.9	97.8				
TMEM200A	low	2	491.0	42	0	0	0	1	1	0	0	0	0	98.2	90.6		TMEM200C	35.7	
TMEM200C	low	2	621.0	91	0	0	0	1	0	0	0	0	0				TMEM200B	46.2	
TMEM202	low	4	273.0	57	0	0	0	0	0	0	0	0	0				CLDND2	30.2	
TMEM210	low	1	147.0	14	1	1	0	1	1	0	0	0	0	91.8	69.4				
TMEM212	low	4	194.0	57	0	0	0	1	1	0	0	0	0	94.8	74.2		MS4A5	35.7	
TMEM217	low	4	229.0	47	0	0	0	0	1	0	0	0	0	80.6			TMEM217B	18.2	
TMEM218	low	3	115.0	31	0	1	0	1	1	0	0	0	0	96.5	80.9				
TMEM231	low	2	316.0	224	0	0	0	1	1	0	1	1	0	82.9	86.7				1.0
TMEM234	low	4	164.0	47	0	1	1	1	0	0	1	0	0		85.0				
TMEM240	low	2	173.0	60	0	0	0	1	1	0	0	0	0	91.9	97.7				
TMEM243	low	3	118.0	12	0	0	1	1	1	0	0	0	0	99.2	97.5				
TMEM255A	low	4	349.0	112	0	0	0	1	1	0	1	0	0	99.4	97.5				
TMEM260	low	11	707.0	451	0	0	1	1	1	0	1	0	0	98.2	82.3				
TMEM263	low	0	116.0	0	0	0	0	1	0	0	0	0	0		96.6				
TMEM267	low	6	215.0	54	0	0	0	1	0	0	0	0	0		78.6				
TMEM273	low	1	105.0	10	1	1	0	1	1	0	0	0	0	87.6	51.9				
TMEM278	low	2	163.0	27	0	0	0	1	0	0	0	0	0		74.8				
TMEM31	low	0	168.0	0	0	0	0	0	1	0	0	0	0	91.7					
TMEM45A	low	7	275.0	52	0	1	0	0	1	1	0	0	1	86.2		4.0	TMEM45B	50.0	
TMEM52	low	1	209.0	23	1	1	0	1	0	0	0	0	0		67.9				
TMEM54	low	4	222.0	67	0	0	0	1	1	0	0	0	1	88.3	74.8		KRTCAP3	50.7	
TMEM62	low	5	643.0	429	1	1	0	1	1	0	0	1	0	97.7	83.2				2.0
TMEM63C	low	11	806.0	143	0	1	0	1	1	0	0	0	1	98.3	83.5		TMEM63B	51.3	
TMEM74	low	2	305.0	33	0	0	0	1	1	0	0	0	1	97.4	77.0		TMEM74B	72.7	
TMEM80	low	4	143.0	18	0	0	0	1	1	0	0	0	0	90.2	62.9		TMEM216	37.5	
TMEM82	low	9	343.0	58	0	1	0	1	1	0	0	0	0	89.5	79.6				
TMEM92	low	1	159.0	29	1	1	0	0	1	0	0	0	0	91.8					
TMIGD3	low	1	266.0	212	0	1	0	0	1	0	1	0	0	94.8			CD300LF	30.2	
TMPPE	low	5	453.0	305	0	0	1	1	1	0	1	0	0	98.0	84.8				
TMPRSS4	low	1	437.0	384	0	0	1	1	0	0	1	0	0		76.4		KLK11	38.8	
TMPRSS7	low	1	843.0	746	0	0	1	1	1	0	1	0	0	97.2	88.0		PRSS41	40.5	
TMPRSS9	low	1	1059.0	1009	0	0	1	1	0	0	0	0	0		79.7		PRSS21	44.1	
TNFAIP6	low	0	277.0	260	1	1	1	1	1	0	0	0	0	97.1	90.3		STAB1	32.3	
TNFRSF11A	low	1	616.0	183	1	1	0	1	1	0	1	1	0	75.3	68.0		CD40	38.5	1.0
TNFRSF6B	low	0	300.0	271	1	1	1	0	0	0	0	0	0				RELT	39.6	
TNFSF13	low	1	250.0	201	0	0	1	1	1	1	1	0	0	89.6	79.6	3.0	TNFSF13B	33.8	
TNMD	low	1	317.0	268	0	0	1	1	1	0	1	0	0	99.4	96.2		CNMD	39.6	
TP53I13	low	1	393.0	283	1	1	0	1	1	0	0	1	0	70.7	70.2				2.0
TPBGL	low	1	382.0	281	1	1	0	1	0	0	0	1	0		85.6		SLIT3	41.6	1.0
TPP1	low	0	563.0	544	1	1	1	1	1	0	0	0	0	98.0	88.3				
TPRG1L	low	0	272.0	0	0	0	0	1	1	0	0	0	0	98.5	90.8				
TPSAB1	low	0	275.0	257	1	1	1	0	0	0	0	0	1				TPSB2	98.8	
TPSB2	low	0	275.0	257	1	1	1	0	0	0	0	0	1				TPSAB1	98.8	
TPSG1	low	1	321.0	264	1	1	0	1	1	0	0	1	1	90.3	69.8		TPSB2	48.2	2.0
TPT1	low	0	172.0	0	0	0	0	0	0	0	0	0	0						
TPTE	low	4	551.0	28	0	0	0	0	0	0	1	0	1				TPTE2	100.0	
TREH	low	0	583.0	564	1	1	1	1	1	0	0	1	0	87.5	81.3				2.0
TRO	low	0	1431.0	0	0	0	0	0	1	0	0	0	0	94.4					
TSKU	low	0	353.0	339	1	1	1	1	1	0	0	0	0	96.9	84.7		LRRC32	41.3	
TSPAN11	low	4	253.0	123	0	0	0	1	1	0	0	1	1	86.6	87.4		CD151	60.3	1.0
TSPAN19	low	4	248.0	124	0	0	0	0	0	0	0	0	0				CD53	33.0	
TSPAN3	low	4	253.0	124	0	0	0	1	1	0	1	1	0	99.6	97.2		TSPAN7	35.6	1.0
TSPAN31	low	4	210.0	84	0	0	0	1	1	0	0	1	0	99.5	88.1		CD82	33.3	1.0
TSPAN32	low	4	320.0	107	0	0	0	1	0	0	1	0	0		50.6		CD37	32.0	
TSPEAR	low	0	669.0	652	1	1	1	1	1	0	0	0	0	82.8	81.9				
TUB	low	0	506.0	0	0	0	0	1	1	0	0	0	0	96.6	95.5				
TXN	low	0	105.0	0	0	0	0	1	0	0	0	0	0		87.6				
TYR	low	1	529.0	455	1	1	0	1	1	0	1	0	1	96.0	86.4		TYRP1	43.9	
UAP1	low	0	522.0	0	0	0	0	1	1	1	0	0	0	83.5	93.5	2.0			
UGT1A8	low	1	530.0	460	1	1	0	0	0	0	1	0	1				UGT1A7	95.2	
UMODL1	low	1	1318.0	1251	1	1	0	1	1	0	0	1	0	91.0	62.5		TECTB	37.8	6.0
UNC5CL	low	1	518.0	12	0	1	0	1	1	0	0	0	0	95.8	84.0		UNC5B	41.7	
UPK3BL1	low	1	263.0	171	1	1	0	0	0	0	0	1	1				UPK3BL2	100.0	1.0
UPK3BL2	low	1	263.0	171	1	1	0	0	0	0	0	0	1				UPK3BL1	100.0	
VAPB	low	1	243.0	2	0	0	1	1	1	0	1	0	1	100.0	90.1		VAPA	50.0	
VEGFB	low	0	207.0	188	1	1	1	1	1	1	0	0	0	86.0	62.3	2.0	VEGFC	34.6	
VN1R2	low	7	395.0	144	0	1	0	0	0	0	0	0	0				VN1R4	45.5	
VN1R3	low	7	311.0	56	0	1	0	0	0	0	0	0	0						
VN1R5	low	7	357.0	162	0	1	0	0	0	0	0	0	0				VN1R4	30.2	
VPREB3	low	0	123.0	100	1	1	1	1	1	0	0	0	0	96.7	66.7		VPREB1	46.0	
VSIG10L2	low	1	767.0	675	1	1	0	1	1	0	0	0	0	92.6	72.8				
VSTM2B	low	0	285.0	257	1	1	1	1	1	0	0	0	0	96.1	89.5		F11R	28.1	
VSTM4	low	1	320.0	155	1	1	0	1	1	0	1	1	0	96.9	87.5		IGSF3	43.2	1.0
VWDE	low	0	1590.0	1570	1	1	1	0	1	0	0	0	0	88.4			EFEMP2	37.3	
VXN	low	0	207.0	0	0	0	0	1	0	0	0	0	0		82.6				
WARS1	low	0	471.0	0	0	0	0	1	1	1	0	0	0	96.8	90.2	2.0			
WBP1L	low	1	342.0	41	0	1	0	1	1	0	0	0	0	98.9	88.4		WBP1	51.2	
WFDC11	low	0	87.0	62	1	1	1	0	1	0	0	0	0	88.5			WFDC9	38.7	
WFDC3	low	0	231.0	207	1	1	1	0	1	0	0	0	0	96.1			WFDC12	40.9	
WNT7B	low	0	349.0	323	1	1	1	1	1	0	0	0	1	83.4	74.5		WNT7A	80.2	
XG	low	1	180.0	121	1	1	0	0	1	0	0	0	0	86.2					
XKR5	low	12	686.0	38	0	0	0	1	1	0	1	0	0	93.1	65.5		XKR4	23.1	
XKR6	low	10	641.0	41	0	0	0	1	1	0	1	0	1	59.9	93.8		XKR4	34.3	
XKR7	low	12	579.0	40	0	0	0	1	1	0	0	0	1	92.6	91.0		XKR4	30.8	
YARS1	low	0	528.0	0	0	0	0	1	1	1	0	0	0	92.8	96.6	2.0			
YBX1	low	0	324.0	0	0	0	0	1	0	0	0	0	0		98.1				
ZAN	low	1	2812.0	2744	1	1	0	0	1	0	1	1	0	84.6			VWC2L	46.8	3.0
ZDHHC20	low	4	365.0	30	0	0	0	1	1	0	1	0	1	80.8	91.8		ZDHHC2	60.7	
ZPBP2	low	0	338.0	318	1	1	1	1	1	1	0	0	0	91.1	70.4	5.0	ZPBP	38.4	
ZPLD1	low	1	415.0	353	1	1	0	1	1	0	0	1	0	98.1	91.6		UMOD	35.1	2.0
AADACL4	no	1	407.0	4	0	1	0	0	0	0	0	0	0				AADACL3	33.3	
AATK	no	1	1374.0	31	0	1	0	0	0	0	1	0	0		69.8		LMTK3	42.1	
ABCA12	no	12	2595.0	1380	0	0	0	1	1	0	1	1	0	97.8	89.6		ABCA13	38.2	3.0
ABCA2	no	12	2435.0	1109	0	0	0	1	0	0	0	1	0		93.3		ABCA13	39.3	3.0
ABCA3	no	12	1704.0	519	0	0	0	1	1	0	1	0	0	98.5	88.1		ABCA13	36.0	
ABCA5	no	14	1642.0	398	0	0	0	1	1	0	1	0	0	98.5	90.1		ABCA13	33.4	
ABCA9	no	12	1624.0	423	0	0	0	1	1	0	1	1	1	96.1	78.6		ABCA8	60.9	1.0
ABCB9	no	10	766.0	84	0	0	0	1	1	1	1	0	0	99.0	93.7	2.0	TAP1	31.8	
ABCC12	no	12	1359.0	88	0	0	0	1	1	0	1	0	0	97.0	85.3		ABCC11	36.1	
ABHD12	no	1	398.0	306	0	0	1	1	1	0	0	0	1	96.5	93.2		ABHD16A	53.3	
ABHD3	no	0	409.0	0	0	0	0	1	1	0	1	0	0	98.3	92.4				
ABI3BP	no	0	1068.0	1047	1	1	1	1	1	0	0	0	0	95.8	68.9		FNDC1	26.7	
ABRA	no	0	381.0	0	0	0	0	1	1	0	0	0	0	96.9	78.7				
ACTN1	no	0	892.0	0	0	0	0	1	1	0	0	0	0	87.2	96.8				
ACTRT1	no	0	376.0	0	0	0	0	1	1	0	0	0	0	95.5	70.5				
ACY3	no	0	319.0	0	0	0	0	1	1	1	0	0	0	95.0	68.7	2.0			
ADA2	no	0	511.0	484	1	1	1	0	1	1	0	0	0	93.7		2.0			
ADAMTS1	no	0	967.0	918	1	1	1	1	1	0	0	0	1	98.9	82.1		ADAMTS4	52.8	
ADAMTS14	no	0	1223.0	1202	1	1	1	1	1	0	0	0	1	96.6	81.4		ADAMTS3	57.2	
ADAMTS15	no	0	950.0	933	1	1	1	1	1	0	0	0	1	97.5	93.1		ADAMTS1	52.4	
ADAMTS18	no	0	1221.0	1176	1	1	1	1	1	0	0	0	1	97.9	88.8		ADAMTS16	57.2	
ADAMTS19	no	0	1213.0	1188	1	1	1	1	1	0	0	0	1	81.5	87.1		ADAMTS17	57.0	
ADAMTS3	no	0	1205.0	1187	1	1	1	1	1	0	0	0	1	98.5	88.2		ADAMTS2	58.7	
ADAMTS6	no	0	1117.0	1098	1	1	1	1	1	0	0	0	1	99.6	96.0		ADAMTS10	61.6	
ADAMTS7	no	0	1686.0	1661	1	1	1	1	1	0	0	0	1	83.6	72.2		ADAMTS12	50.0	
ADAMTSL3	no	0	1691.0	1665	1	1	1	1	1	0	0	0	1	95.2	85.4		ADAMTSL1	44.3	
ADAMTSL4	no	0	1074.0	1050	1	1	1	1	1	0	0	0	0	97.3	76.1		ADAMTSL5	44.4	
ADAP2	no	0	381.0	0	0	0	0	1	0	0	0	0	0		84.5				
ADD2	no	0	726.0	0	0	0	0	1	1	1	0	0	0	99.6	92.6	4.0			
ADISSP	no	0	174.0	0	0	0	0	1	1	0	0	0	0	85.1	90.2				
ADM5	no	0	153.0	135	1	1	1	0	0	0	0	0	0						
AEBP1	no	0	1158.0	1133	1	1	1	1	1	0	0	0	0	82.6	82.6		CPXM2	57.9	
AFAP1L2	no	0	818.0	0	0	0	0	1	0	0	0	0	0		83.5				
AGMO	no	9	445.0	76	0	1	0	1	1	0	0	0	0	91.2	83.4				
AGR3	no	0	166.0	143	1	1	1	1	1	0	0	0	1	96.4	91.0		AGR2	65.2	
AHCYL1	no	0	530.0	0	0	0	0	1	1	1	0	0	0	100.0	100.0	2.0			
AIFM2	no	0	373.0	0	0	0	0	1	1	0	0	0	0	98.9	90.3				
AIG1	no	6	238.0	54	0	0	0	1	1	0	1	0	0	93.3	95.4		ADTRP	43.8	
AJM1	no	0	976.0	0	0	0	0	1	0	0	0	0	0		86.8				
AKAP19	no	0	95.0	0	0	0	0	1	1	0	0	0	0	96.8	56.8				
AKAP7	no	0	104.0	0	0	0	0	1	1	0	0	0	0	81.6	71.0				
AKR1A1	no	0	325.0	0	0	0	0	1	1	0	0	0	0	99.4	93.2				
ALG10B	no	13	473.0	137	0	0	1	0	0	0	0	0	1				ALG10	94.9	
ALKAL1	no	0	129.0	102	1	1	1	1	1	0	0	0	0	94.6	67.4				
ALKAL2	no	0	152.0	130	1	1	1	0	0	0	0	0	0						
ALOX5AP	no	4	161.0	51	0	1	1	1	1	1	0	0	0	98.1	91.9	3.0	MGST2	33.3	
ALPK2	no	0	2170.0	0	0	0	0	1	1	0	0	0	0	90.6	55.6				
AMBP	no	0	352.0	333	1	1	1	1	1	0	0	0	0	88.1	75.3		SPINT4	48.0	
AMOTL2	no	0	779.0	0	0	0	0	1	1	1	0	0	0	98.2	88.7	2.0			
AMPH	no	0	695.0	0	0	0	0	1	1	1	0	0	0	97.6	80.7	2.0			
AMTN	no	0	209.0	193	1	1	1	1	1	0	0	0	0	92.3	60.3				
ANGPTL7	no	0	346.0	320	1	1	1	1	1	0	0	0	0	98.0	85.8		TNXB	45.9	
ANGPTL8	no	0	198.0	177	1	1	1	1	0	1	0	0	0		72.7	2.0			
ANK2	no	0	3957.0	0	0	0	0	1	1	0	0	0	0	96.4	83.8				
ANK3	no	0	4377.0	0	0	0	0	0	0	0	0	0	0						
ANKFN1	no	0	1146.0	0	0	0	0	1	1	0	0	0	0	96.8	90.0				
ANKRD13A	no	0	590.0	0	0	0	0	1	1	0	0	0	0	98.5	90.5				
ANKRD13B	no	0	626.0	0	0	0	0	1	1	0	0	0	0	99.5	97.0				
ANKRD20A1	no	0	823.0	0	0	0	0	0	0	0	0	0	0						
ANKRD30BL	no	0	258.0	0	0	0	0	0	1	0	0	0	0	93.0					
ANKRD35	no	0	1001.0	0	0	0	0	1	1	1	0	0	0	94.7	82.2	2.0			
ANXA7	no	0	488.0	0	0	0	0	1	1	0	0	0	0	98.7	92.1				
ANXA8L1	no	0	327.0	0	0	0	0	0	0	0	0	0	0						
AP2M1	no	0	435.0	0	0	0	0	1	1	0	0	0	0	100.0	100.0				
APC	no	0	2843.0	0	0	0	0	1	1	0	0	0	0	97.7	90.6				
APOD	no	0	189.0	169	1	1	1	1	1	0	0	0	0	75.7	72.0				
APOM	no	0	188.0	166	1	1	1	1	1	0	0	0	0	58.5	80.9				
AQP12A	no	6	295.0	80	0	0	0	0	0	0	0	0	1				AQP12B	100.0	
ARAP1	no	0	1450.0	0	0	0	0	1	1	0	0	0	0	97.4	90.5				
ARF5	no	0	180.0	0	0	0	0	1	1	0	0	0	0	100.0	100.0				
ARHGAP18	no	0	663.0	0	0	0	0	1	1	0	0	0	0	97.0	84.8				
ARHGAP45	no	0	1136.0	0	0	0	0	1	1	0	0	0	0	92.2	79.9				
ARK2C	no	0	346.0	0	0	0	0	1	1	0	0	0	0	88.2	98.8				
ARL13A	no	0	290.0	0	0	0	0	0	1	0	0	0	0	94.5					
ARL15	no	0	204.0	0	0	0	0	1	1	0	0	0	0	99.0	97.1				
ARMCX5	no	0	558.0	0	0	0	0	1	1	0	0	0	0	95.2	60.9				
ARRDC1	no	0	433.0	0	0	0	0	1	1	0	0	0	0	90.1	85.2				
ARRDC4	no	0	418.0	0	0	0	0	1	1	0	0	0	0	85.4	86.1				
ARRDC5	no	0	328.0	0	0	0	0	1	1	0	0	0	0	92.4	69.5				
ARSB	no	0	533.0	495	1	1	1	1	1	0	0	0	1	97.6	78.2		ARSI	55.4	
ARSD	no	2	593.0	515	1	1	1	0	1	0	0	0	1	88.5			ARSL	67.7	
ARSJ	no	0	599.0	552	1	1	1	1	1	0	0	0	1	98.5	89.8		ARSI	60.3	
ART5	no	0	291.0	269	1	1	1	1	1	0	0	0	0	90.7	79.4		ART3	41.3	
ASIP	no	0	132.0	110	1	1	1	1	0	0	0	0	0		78.0		AGRP	34.5	
ASPHD1	no	0	390.0	0	0	0	0	1	1	0	0	0	0	85.4	81.8				
ASPHD2	no	0	369.0	0	0	0	0	1	1	0	0	0	0	98.9	87.3				
ATAD1	no	1	361.0	15	0	1	0	1	1	0	0	0	1	100.0	100.0				
ATP13A1	no	12	1204.0	80	0	0	0	1	1	0	1	0	0	66.7	94.9		ATP13A2	26.9	
ATP13A3	no	12	1226.0	105	0	0	0	1	1	0	1	0	0	97.7	89.2		ATP2A3	32.5	
ATP13A5	no	12	1218.0	83	0	0	0	1	1	0	0	0	0	95.5	82.9		ATP2B3	34.6	
ATP1B4	no	1	357.0	223	0	0	1	1	1	0	0	0	1	98.6	88.2		ATP1B2	43.5	
ATP6V1B2	no	0	511.0	0	0	0	0	1	1	0	0	0	0	90.2	99.0				
ATP6V1E1	no	0	226.0	0	0	0	0	1	1	0	0	0	0	98.7	98.7				
ATP7B	no	8	1465.0	73	0	0	0	1	1	0	1	0	1	96.5	82.6		ATP7A	58.6	
ATP8A2	no	10	1188.0	84	0	0	0	1	1	0	1	0	1	94.2	91.4		ATP8A1	59.0	
AURKA	no	0	403.0	0	0	0	0	1	1	0	0	0	0	97.5	82.1				
AVEN	no	0	362.0	0	0	0	0	1	1	0	0	0	0	92.8	68.0				
AVPI1	no	0	147.0	0	0	0	0	1	1	0	0	0	0	95.2	73.5				
AZGP1	no	0	298.0	278	1	1	1	1	1	0	0	0	0	86.2	59.4		HLA-B	39.9	
B4GALNT2	no	1	566.0	474	0	0	1	1	1	0	1	0	1	94.3	73.5		B4GALNT1	42.9	
BAIAP2	no	0	552.0	0	0	0	0	1	1	1	0	0	0	98.7	95.9	2.0			
BIN2	no	0	565.0	0	0	0	0	1	1	1	0	0	0	89.6	64.4	2.0			
BLTP1	no	1	5005.0	26	0	1	0	1	1	0	0	0	0	98.7	95.0				
BLTP2	no	1	2235.0	1	0	1	0	1	1	0	1	0	0	92.6	94.5				
BLVRB	no	0	206.0	0	0	0	0	1	1	0	0	0	0	85.9	93.2				
BMP10	no	0	424.0	403	1	1	1	1	1	1	0	0	1	97.9	85.1	2.0	GDF2	44.9	
BMP8A	no	0	402.0	383	1	1	1	0	0	0	0	0	1				BMP8B	99.0	
BMPER	no	0	685.0	646	1	1	1	1	1	0	0	0	0	98.7	92.7		CRIM1	21.9	
BMX	no	0	675.0	0	0	0	0	1	1	0	0	0	0	97.0	87.6				
BPI	no	0	487.0	457	1	1	1	1	1	0	0	0	1	89.0	53.6		LBP	45.5	
BPIFA3	no	0	254.0	233	1	1	1	1	1	0	0	0	0	90.6	61.0		BPIFB1	33.5	
BPIFB2	no	0	458.0	438	1	1	1	1	1	1	0	0	0	96.5	68.1	2.0	BPIFA3	32.2	
BPIFB6	no	0	453.0	435	1	1	1	1	1	0	0	0	0	92.3	71.7		BPIFB4	32.4	
BPIFC	no	0	507.0	484	1	1	1	1	1	0	0	0	0	95.9	71.2		BPIFA2	31.7	
BRI3BP	no	3	251.0	99	1	1	0	1	1	0	0	0	0	90.4	82.5				
BRINP2	no	0	783.0	750	1	1	1	1	1	0	0	0	1	99.6	94.8		BRINP3	72.6	
BTD	no	0	523.0	502	1	1	1	1	1	0	0	0	1	96.4	84.3		VNN1	43.1	
C11orf24	no	1	449.0	381	1	1	0	0	1	0	0	0	0				MANSC4	27.1	
C16orf89	no	0	402.0	382	1	1	1	1	1	0	0	0	0						
C17orf99	no	0	265.0	245	1	1	1	0	1	0	0	0	0				FCRL5	35.1	
C1QL1	no	0	258.0	243	1	1	1	1	1	0	0	0	1	98.8	98.4		C1QL3	74.9	
C1QL4	no	0	238.0	223	1	1	1	1	1	1	0	0	1	86.6	96.6	3.0	C1QL1	76.7	
C1QTNF12	no	0	302.0	277	1	1	1	1	0	1	0	0	0		70.9	3.0	ERFE	44.4	
C1QTNF2	no	0	285.0	270	1	1	1	1	0	1	0	0	1		94.4	3.0	C1QTNF7	60.7	
C1QTNF3	no	0	246.0	224	1	1	1	1	1	1	0	0	0	76.5	93.1	3.0	COL8A2	45.1	
C1QTNF6	no	0	278.0	232	1	1	1	1	1	1	0	0	1	91.0	63.7	3.0	C1QTNF1	53.0	
C1QTNF7	no	0	289.0	273	1	1	1	1	1	1	0	0	1	99.0	96.5	3.0	C1QTNF2	60.7	
C1QTNF8	no	0	252.0	235	1	1	1	0	0	1	0	0	1			3.0	C1QTNF6	52.6	
C1QTNF9	no	0	333.0	314	1	1	1	0	0	0	0	0	1				C1QTNF9B	97.5	
C1QTNF9B	no	0	333.0	314	1	1	1	0	0	1	0	0	1			3.0	C1QTNF9	97.5	
C1RL	no	0	487.0	447	1	1	1	1	1	0	0	0	0	93.8	72.9		C1R	56.2	
C1orf116	no	0	601.0	0	0	0	0	1	1	0	0	0	0						
C1orf54	no	0	131.0	115	1	1	1	1	1	0	0	0	0						
C2CD2L	no	1	706.0	9	0	1	0	1	1	0	0	0	0	98.0	90.9		C2CD2	33.3	
C2CD5	no	0	1000.0	0	0	0	0	1	1	0	0	0	0	94.8	92.3				
C2orf74	no	1	187.0	9	0	1	0	1	1	0	0	0	0						
C4A	no	0	1744.0	1725	1	1	1	0	0	0	0	0	1				C4B	99.4	
C5	no	0	1676.0	1658	1	1	1	0	1	0	0	0	0	96.1			C3	29.6	
C5orf46	no	0	87.0	64	1	1	1	1	1	0	0	0	0						
C6	no	0	934.0	913	1	1	1	1	1	0	0	0	0	95.9	75.2		SUSD6	42.0	
C6orf120	no	0	191.0	162	1	1	1	1	1	0	0	0	0						
C6orf89	no	1	347.0	268	0	0	1	1	1	0	1	0	0						
C7	no	0	843.0	821	1	1	1	1	1	0	0	0	0	92.3	73.9		SUSD6	48.1	
C8A	no	0	584.0	564	1	1	1	1	1	0	0	0	0	94.7	72.6		SUSD6	45.7	
CABP7	no	1	215.0	9	0	0	1	1	0	0	0	0	1		100.0		CALN1	77.8	
CASD1	no	15	797.0	377	0	0	1	1	1	0	0	0	0	99.4	94.9				
CATIP	no	0	387.0	0	0	0	0	1	1	0	0	0	0	96.4	71.8				
CATSPERZ	no	0	200.0	0	0	0	0	0	1	0	0	0	0	93.5					
CAVIN2	no	0	425.0	0	0	0	0	1	1	1	0	0	0	96.0	82.8	4.0			
CAVIN3	no	0	261.0	0	0	0	0	1	0	1	0	0	0		81.2	2.0			
CAVIN4	no	0	364.0	0	0	0	0	1	1	1	0	0	0	92.9	82.1	4.0			
CBLN3	no	0	205.0	173	1	1	1	1	1	1	0	0	1	99.5	88.8	3.0	CBLN1	61.6	
CCBE1	no	0	406.0	372	1	1	1	1	1	0	0	0	0	98.0	89.9				
CCDC107	no	1	283.0	40	1	1	0	1	1	0	1	0	0	70.0	54.8				
CCDC124	no	0	223.0	0	0	0	0	1	1	0	0	0	0	99.6	87.0				
CCDC136	no	1	1154.0	4	0	0	1	1	1	0	0	0	0	95.1	69.6		SLMAP	25.0	
CCDC144A	no	1	1427.0	7	0	0	1	0	0	0	1	0	0						
CCDC154	no	0	667.0	0	0	0	0	1	1	0	0	0	0	62.5	63.3				
CCDC167	no	1	97.0	1	0	0	1	1	0	0	0	0	0		79.4				
CCDC24	no	0	307.0	0	0	0	0	1	1	0	0	0	0	95.1	64.2				
CCDC3	no	0	270.0	249	1	1	1	1	1	1	0	0	0	86.7	90.4	2.0			
CCDC81	no	0	652.0	0	0	0	0	1	1	0	0	0	0	95.9	79.0				
CCDC85C	no	0	419.0	0	0	0	0	1	0	1	0	0	0		93.6	2.0			
CCDC97	no	0	343.0	0	0	0	0	1	1	0	0	0	0	99.1	82.8				
CCL21	no	0	134.0	111	1	1	1	0	1	0	0	0	0	92.5			CCL16	28.8	
CCL27	no	0	112.0	88	1	1	1	0	0	0	0	0	0				CCL28	30.5	
CCL5	no	0	91.0	68	1	1	1	1	0	0	0	0	1		80.2		CCL4	50.7	
CCN5	no	0	250.0	227	1	1	1	1	1	0	0	0	0	95.6	73.2		CCN2	49.8	
CCN6	no	0	354.0	331	1	1	1	1	1	0	0	0	1	97.5	78.2		CCN4	45.3	
CCNYL1	no	0	359.0	0	0	0	0	1	1	0	0	0	0	99.2	92.8				
CCNYL1B	no	0	285.0	0	0	0	0	0	0	0	0	0	0						
CCPG1	no	1	757.0	522	0	0	1	1	1	1	0	0	0	93.7	70.0	2.0			
CDC42EP1	no	0	391.0	0	0	0	0	1	1	0	0	0	0	59.8	74.7				
CDIPT	no	6	213.0	21	0	0	0	1	1	1	1	0	0	99.1	96.2	2.0			
CDK14	no	0	469.0	0	0	0	0	1	1	0	0	0	0	99.8	98.5				
CDK16	no	0	496.0	0	0	0	0	1	0	0	0	0	0		97.6				
CDRT15	no	0	188.0	0	0	0	0	0	0	0	0	0	0						
CDV3	no	0	258.0	0	0	0	0	1	1	0	0	0	0	98.4	84.1				
CELA1	no	0	258.0	246	1	1	1	1	1	0	0	0	1	92.6	83.7		CELA2A	57.7	
CFAP126	no	0	177.0	0	0	0	0	1	1	0	0	0	0	96.6	74.0				
CFAP299	no	0	233.0	0	0	0	0	1	1	0	0	0	0	95.3	84.5				
CFAP65	no	0	1925.0	0	0	0	0	1	1	0	0	0	0	95.4	69.0				
CFB	no	0	764.0	739	1	1	1	1	1	0	0	0	1	94.5	82.3		SUSD6	49.4	
CFHR5	no	0	569.0	551	1	1	1	0	0	0	0	0	0				CFHR4	37.0	
CFLAR	no	0	480.0	0	0	0	0	1	1	1	0	0	0	95.8	65.8	2.0			
CGAS	no	0	522.0	0	0	0	0	1	1	0	0	0	0	83.3	54.8				
CGB1	no	0	187.0	137	1	1	1	0	0	0	0	0	1				CGB3	100.0	
CGB2	no	0	163.0	145	1	1	1	0	0	0	0	0	1				CGB3	99.3	
CGN	no	0	1203.0	0	0	0	0	1	0	0	0	0	0		86.2				
CHIA	no	0	476.0	455	1	1	1	0	1	0	0	0	1	87.6			CHIT1	53.9	
CHIC2	no	0	165.0	0	0	0	0	1	1	0	0	0	0	100.0	99.4				
CHID1	no	0	393.0	374	1	1	1	1	1	0	0	0	0	99.2	89.8		OVGP1	26.2	
CHLSN	no	0	194.0	0	0	0	0	1	1	0	0	0	0	89.7	61.3				
CHODL	no	1	273.0	198	1	1	0	1	1	0	1	1	1	98.9	85.3		LAYN	55.6	1.0
CHP2	no	0	196.0	0	0	0	0	1	1	0	0	0	0	99.0	81.1				
CHRDL1	no	0	456.0	429	1	1	1	1	1	0	0	0	0	99.6	88.4		FCGBP	49.2	
CIB1	no	0	191.0	0	0	0	0	1	1	0	0	0	0	92.1	93.7				
CIB3	no	0	187.0	0	0	0	0	1	1	0	0	0	0	98.4	94.1				
CIMIP2C	no	0	201.0	0	0	0	0	1	1	0	0	0	0	96.0	68.2				
CIMIP6	no	0	287.0	0	0	0	0	1	1	0	0	0	0	74.6	55.1				
CIP2A	no	0	905.0	0	0	0	0	1	1	1	0	0	0	99.0	86.7	2.0			
CLDND2	no	4	167.0	43	0	0	0	1	1	0	0	0	0	97.6	70.1		GSG1L2	37.2	
CLEC18B	no	0	455.0	429	1	1	1	0	0	0	0	0	1				CLEC18C	99.0	
CLEC18C	no	0	446.0	420	1	1	1	0	0	0	0	0	1				CLEC18A	99.3	
CLEC19A	no	0	186.0	167	1	1	1	0	0	1	0	0	0			2.0	REG3A	36.2	
CLEC3B	no	0	202.0	181	1	1	1	1	1	0	0	0	1	97.0	79.2		CLEC3A	48.0	
CLMB	no	0	76.0	0	0	0	0	1	0	0	0	0	0		73.7				
CLPSL2	no	0	100.0	78	1	1	1	1	0	0	0	0	0		53.0		LRCOL1	35.9	
CLPTM1	no	8	669.0	300	0	0	0	1	1	0	1	0	0	99.6	94.5		CLPTM1L	29.9	
CLU	no	0	449.0	427	1	1	1	1	1	0	0	0	0	95.1	76.4		CLUL1	26.7	
CMA1	no	0	247.0	228	1	1	1	1	1	0	0	0	1	81.4	74.1		GZMB	52.8	
CMTM3	no	4	182.0	14	0	0	0	1	1	0	1	0	1	98.4	88.5		CMTM5	66.7	
CNFN	no	0	112.0	0	0	0	0	1	1	1	0	0	0	100.0	96.4	2.0			
CNKSR1	no	0	720.0	0	0	0	0	1	0	0	0	0	0		75.6				
CNKSR3	no	0	555.0	0	0	0	0	1	1	0	0	0	0	98.7	92.1				
CNPY4	no	0	248.0	227	1	1	1	1	1	0	0	0	1	95.2	82.3		CNPY3	43.6	
CNST	no	1	725.0	40	0	0	1	1	1	1	1	0	0	93.1	68.1	2.0			
COBLL1	no	0	1128.0	0	0	0	0	1	1	0	0	0	0	94.9	68.8				
COL18A1	no	0	1754.0	1731	1	1	1	1	0	0	0	0	0		76.8		COL23A1	57.0	
COL26A1	no	0	441.0	421	1	1	1	1	1	1	0	0	1	96.1	88.0	2.0	COL7A1	53.9	
COL5A3	no	0	1745.0	1716	1	1	1	1	1	0	0	0	1	64.0	82.6		COL5A1	60.5	
COL6A5	no	0	2615.0	2597	1	1	1	1	1	0	0	0	1	93.7	73.4		COL6A6	54.8	
COLEC10	no	0	277.0	250	1	1	1	1	1	0	0	0	1	98.6	88.8		COLEC11	49.6	
CP	no	0	1065.0	1046	1	1	1	1	1	0	0	0	1	96.7	82.6		HEPHL1	52.5	
CPN2	no	0	545.0	524	1	1	1	1	1	0	0	0	0	93.0	67.3		LRG1	39.4	
CPNE7	no	0	633.0	0	0	0	0	1	1	0	0	0	0	96.8	89.1				
CPNE9	no	0	553.0	0	0	0	0	1	1	1	0	0	0	99.8	98.6	2.0			
CPPED1	no	0	314.0	0	0	0	0	1	1	0	0	0	0	94.9	79.3				
CPQ	no	0	472.0	452	1	1	1	1	1	1	0	0	0	98.1	87.7	2.0			
CPXM1	no	0	734.0	714	1	1	1	1	1	0	0	0	1	97.0	84.7		CPXM2	53.6	
CPXM2	no	0	756.0	731	1	1	1	1	1	0	0	0	1	97.5	89.2		AEBP1	57.9	
CRACR2A	no	0	731.0	0	0	0	0	1	1	1	0	0	0	96.4	80.4	2.0			
CRCP	no	0	148.0	0	0	0	0	1	0	0	0	0	0		88.5				
CREB3	no	1	371.0	125	0	0	1	1	1	0	1	0	0	91.9	67.1		CREB3L4	34.1	
CREG2	no	0	290.0	259	1	1	1	1	1	1	0	0	0	92.8	82.8	2.0	CREG1	39.2	
CRELD1	no	2	420.0	348	1	1	1	1	1	0	1	0	1	83.1	91.4		CRELD2	48.3	
CRELD2	no	0	353.0	329	1	1	1	1	1	0	0	0	1	89.8	74.8		CRELD1	48.3	
CRLF1	no	1	422.0	326	1	1	0	1	1	0	0	0	0	86.7	95.0		PRLR	37.7	
CSNK1G2	no	0	415.0	0	0	0	0	1	0	0	0	0	0		78.1				
CT47A12	no	0	288.0	0	0	0	0	0	0	0	0	0	0						
CT47A4	no	0	288.0	0	0	0	0	0	0	0	0	0	0						
CT47A7	no	0	288.0	0	0	0	0	0	0	0	0	0	0						
CT47A9	no	0	288.0	0	0	0	0	0	0	0	0	0	0						
CTNNA1	no	0	906.0	0	0	0	0	1	0	0	0	0	0		99.4				
CTNNB1	no	0	781.0	0	0	0	0	1	1	0	0	0	0	99.7	99.9				
CTNND1	no	0	968.0	0	0	0	0	1	1	0	0	0	0	99.8	97.4				
CTTN	no	0	550.0	0	0	0	0	1	1	0	0	0	0	98.4	92.2				
CTXN2	no	1	81.0	28	0	1	0	1	1	0	0	0	0	100.0	95.1		CTXN3	35.7	
CUTA	no	0	179.0	0	0	0	0	1	1	1	0	0	0	97.8	89.4	3.0			
CXCL9	no	0	125.0	103	1	1	1	1	1	0	0	0	0	92.0	69.6		CXCL2	34.0	
CYB561D1	no	6	229.0	36	0	0	0	1	1	0	1	0	1	93.9	90.4		CYB561D2	42.8	
CYB5D2	no	0	264.0	236	1	1	1	1	1	0	0	0	0	95.8	80.3		PGRMC2	35.8	
CYP19A1	no	1	503.0	1	1	1	0	1	1	0	0	0	0	97.6	79.3		CYP4F22	0.0	
CYP2D6	no	1	497.0	5	0	1	0	0	1	0	0	0	1	82.5			CYP2C19	20.0	
CYP2E1	no	1	493.0	1	1	1	0	1	1	0	0	0	1	92.3	78.1		CYP2F1	100.0	
CYP46A1	no	1	500.0	1	1	1	0	1	1	0	1	0	0	99.2	94.8				
CYSRT1	no	0	144.0	0	0	0	0	1	1	0	0	0	0	93.1	76.4				
CYTH1	no	0	398.0	0	0	0	0	1	1	0	0	0	0	98.7	97.0				
CYYR1	no	1	154.0	34	1	1	0	1	0	0	1	0	0		82.6				
DAGLB	no	4	672.0	28	0	0	0	1	1	0	1	0	0	98.2	78.7		DAGLA	17.9	
DAO	no	0	347.0	0	0	0	0	1	1	0	0	0	0	94.2	80.4				
DAPP1	no	0	280.0	0	0	0	0	1	1	0	0	0	0	98.6	93.2				
DBH	no	0	617.0	578	1	1	1	1	1	1	0	0	0	87.5	79.9	2.0	MOXD1	33.6	
DBNL	no	0	430.0	0	0	0	0	1	1	0	0	0	0	96.7	86.0				
DCD	no	0	110.0	91	1	1	1	0	0	0	0	0	0				LACRT	22.7	
DDT	no	0	118.0	0	0	0	0	0	1	1	0	0	0	89.0		3.0			
DDTL	no	0	134.0	0	0	0	0	0	1	1	0	0	0	83.6		2.0			
DEFA1	no	0	94.0	75	1	1	1	0	0	0	0	0	1				DEFA1B	100.0	
DEFA1B	no	0	94.0	75	1	1	1	0	0	0	0	0	1						
DEFA3	no	0	94.0	75	1	1	1	0	0	0	0	0	1				DEFA1	98.7	
DEFA6	no	0	100.0	81	1	1	1	0	1	0	0	0	1	81.0			DEFA4	47.4	
DEFB104A	no	0	72.0	50	1	1	1	0	0	0	0	0	1				DEFB104B	100.0	
DEFB105A	no	0	78.0	51	1	1	1	0	0	0	0	0	1						
DEFB105B	no	0	78.0	51	1	1	1	0	0	0	0	0	1				DEFB105A	100.0	
DEFB107B	no	0	70.0	46	1	1	1	0	0	0	0	0	1				DEFB107A	100.0	
DEFB108B	no	0	73.0	51	1	1	1	0	0	0	0	0	0				DEFB116	41.2	
DEFB109B	no	0	87.0	65	1	1	1	0	0	0	0	0	1				DEFB130A	47.4	
DEFB114	no	0	69.0	43	1	1	1	0	1	0	0	0	0	88.4					
DEFB116	no	0	102.0	79	1	1	1	0	1	0	0	0	0	95.1			DEFB108B	41.2	
DEFB119	no	0	84.0	63	1	1	1	1	1	0	0	0	0	92.9	64.3		DEFB125	38.1	
DEFB121	no	0	76.0	57	1	1	1	0	1	0	0	0	0	94.7			DEFB129	42.1	
DEFB124	no	0	71.0	49	1	1	1	1	0	0	0	0	0		64.8		DEFB125	40.8	
DEFB130B	no	0	79.0	57	1	1	1	0	0	0	0	0	1				DEFB130A	100.0	
DEFB131B	no	0	70.0	48	1	1	1	0	0	0	0	0	1				DEFB131A	95.8	
DHRS7B	no	1	325.0	22	0	1	0	1	1	1	0	0	0	95.1	75.7	2.0	DHRS7	20.0	
DHRSX	no	0	330.0	0	0	0	0	0	0	0	0	0	0						
DIPK2A	no	0	430.0	393	1	1	1	1	1	0	0	0	0	98.8	97.7		DIPK2B	33.6	
DIPK2B	no	0	433.0	402	1	1	1	1	1	0	0	0	0	95.8	80.8		DIPK2A	33.6	
DISP3	no	13	1392.0	860	0	0	1	1	1	0	1	0	0	97.9	88.6		DISP2	27.9	
DKKL1	no	0	242.0	212	1	1	1	1	1	0	0	0	0	94.2	60.3				
DLEU7	no	0	221.0	0	0	0	0	1	0	0	0	0	0		82.8				
DLG1	no	0		0	0	1	0	0	0	0	0	0	0	99.6	96.6				
DLG2	no	0	870.0	0	0	0	0	1	1	0	0	0	0	97.9	93.5				
DLG4	no	0	724.0	0	0	0	0	1	1	0	0	0	0	98.9	98.8				
DMP1	no	0	513.0	497	1	1	1	1	1	0	0	0	0	91.0	64.7				
DMPK	no	0	629.0	0	0	0	0	1	1	1	0	0	0	79.3	86.3	2.0			
DNAJC1	no	1	554.0	103	1	1	0	1	1	0	0	0	1	95.8	85.0		DNAJC25	31.5	
DNASE1L3	no	0	305.0	285	1	1	1	1	1	0	0	0	1	96.1	81.3		DNASE1	46.2	
DNASE2B	no	0	361.0	334	1	1	1	1	1	0	0	0	0	97.5	65.7		DNASE2	38.0	
DPCD	no	0	203.0	0	0	0	0	1	1	0	0	0	0	92.1	88.2				
DPP7	no	0	492.0	471	1	1	1	1	1	1	0	0	1	89.4	79.5	2.0	PRCP	42.7	
DRAXIN	no	0	349.0	324	1	1	1	1	1	0	0	0	0	97.1	76.8				
DSP	no	0	2871.0	0	0	0	0	1	1	0	0	0	0	98.8	95.0				
DSTYK	no	0	929.0	0	0	0	0	1	1	0	0	0	0	97.8	91.3				
DVL1	no	0	695.0	0	0	0	0	1	0	1	0	0	0		95.0	2.0			
EEF1A1	no	0	462.0	0	0	0	0	0	1	0	0	0	0	99.4					
EEF1AKMT4-ECE2	no	1	883.0	682	0	0	1	0	0	1	0	0	0			2.0			
EEPD1	no	0	569.0	0	0	0	0	1	1	0	0	0	0	98.1	90.7				
EFCAB7	no	0	629.0	0	0	0	0	1	1	0	0	0	0	95.1	82.7				
EGFL7	no	0	273.0	254	1	1	1	1	1	0	0	0	0	94.1	76.2		EGFL8	40.2	
EGFL8	no	0	293.0	268	1	1	1	1	1	0	0	0	0	92.2	80.2		EGFL7	40.2	
EHBP1L1	no	0	1523.0	0	0	0	0	1	0	0	0	0	0		69.1				
EHD1	no	0	534.0	0	0	0	0	1	1	1	0	0	0	97.2	99.4	2.0			
EHD2	no	0	543.0	0	0	0	0	1	1	1	0	0	0	99.8	96.7	2.0			
EHD3	no	0	535.0	0	0	0	0	1	1	1	0	0	0	99.3	97.4	2.0			
EIF4A1	no	0	406.0	0	0	0	0	1	1	0	0	0	0	98.8	100.0				
ELAVL1	no	0	326.0	0	0	0	0	1	1	0	0	0	0	100.0	98.5				
EMC10	no	1	262.0	196	1	1	0	1	1	0	0	0	0	98.9	84.4				
EMILIN1	no	0	1016.0	995	1	1	1	1	1	0	0	0	0	98.5	86.7		EMILIN3	33.7	
ENDOD1	no	0	500.0	479	1	1	1	1	1	0	0	0	0	96.8	76.4				
ENHO	no	1	76.0	9	0	1	0	1	0	0	0	0	0		100.0				
ENTPD5	no	0	428.0	408	1	1	1	1	1	0	0	0	1	97.9	88.1		ENTPD6	50.5	
ENTREP3	no	4	668.0	64	0	0	0	1	0	0	1	0	0		94.2		ENTREP2	35.9	
EPB41	no	0	864.0	0	0	0	0	1	1	0	0	0	0	94.1	89.4				
EPB41L3	no	0	1087.0	0	0	0	0	1	1	0	0	0	0	67.1	60.6				
EPDR1	no	0	224.0	187	1	1	1	1	1	1	0	0	0	96.4	79.5	2.0			
EPHX1	no	1	455.0	2	0	1	0	1	0	1	0	0	0		83.5	2.0			
EPHX3	no	0	360.0	0	0	0	0	1	1	0	0	0	0	96.1	82.8				
EPS8L1	no	0	723.0	0	0	0	0	1	1	0	0	0	0	63.8	85.8				
EPS8L3	no	0	593.0	0	0	0	0	1	1	0	0	0	0	93.1	72.3				
ERBIN	no	0	1412.0	0	0	0	0	1	1	0	0	0	0	95.3	88.8				
ERC1	no	0	1116.0	0	0	0	0	1	1	0	0	0	0	69.6	97.3				
ERFE	no	0	354.0	329	1	1	1	1	1	0	0	0	0	76.6	71.2		C1QTNF12	37.4	
ERLIN2	no	0	339.0	0	0	0	0	1	1	0	0	0	0	87.3	97.6				
ERVH48-1	no	0	160.0	121	1	1	1	0	0	0	0	0	0						
ESYT2	no	2	921.0	1	0	0	0	1	1	0	1	0	1	90.0	90.3		ESYT1	100.0	
ESYT3	no	2	886.0	1	0	0	0	1	1	0	0	0	1	91.9	83.6		ESYT2	100.0	
EVA1A	no	1	152.0	33	0	1	0	1	1	0	0	0	1	98.0	86.8		EVA1B	51.9	
EVC	no	1	992.0	26	0	1	0	1	1	0	0	0	0	89.8	68.2		EVC2	42.3	
EXOC3L1	no	0	746.0	0	0	0	0	1	1	0	0	0	0	95.3	77.9				
EZR	no	0	586.0	0	0	0	0	1	1	1	0	0	0	99.0	96.4	2.0			
F2	no	0	622.0	598	1	1	1	1	1	0	0	0	0	94.1	81.0		PAMR1	26.4	
FAM180A	no	0	173.0	156	1	1	1	1	1	0	0	0	0	97.1	78.6		FAM180B	29.5	
FAM186A	no	0	2351.0	0	0	0	0	0	1	0	0	0	0	86.3					
FAM193A	no	0	1515.0	0	0	0	0	1	1	0	0	0	0	95.8	88.2				
FAM209A	no	1	171.0	40	1	1	0	0	0	0	0	0	1				FAM209B	95.0	
FAM209B	no	1	171.0	40	1	1	0	0	0	0	0	0	1				FAM209A	95.0	
FAM20A	no	1	541.0	516	0	0	1	1	1	1	0	0	1	94.6	85.8	2.0	FAM20C	48.4	
FAM222A	no	0	452.0	0	0	0	0	1	0	0	0	0	0		91.4				
FAM237B	no	0	139.0	0	0	0	0	1	1	0	0	0	0	95.7	72.7				
FAM3A	no	0	230.0	201	1	1	1	1	1	0	0	0	1	85.7	90.9		FAM3D	59.4	
FAM3B	no	0	235.0	203	1	1	1	1	1	0	1	0	0	90.6	76.2		FAM3C	38.5	
FAM3C	no	0	227.0	200	1	1	1	1	1	0	0	0	1	98.7	94.3		FAM3D	56.3	
FAM3D	no	0	224.0	197	1	1	1	1	1	0	0	0	1	88.8	71.0		FAM3A	59.4	
FAM53A	no	0	398.0	0	0	0	0	1	1	0	0	0	0	66.8	66.6				
FAM72C	no	0	149.0	0	0	0	0	0	0	0	0	0	0						
FAM78A	no	0	283.0	0	0	0	0	1	1	0	0	0	0	98.9	97.2				
FASN	no	0	2511.0	0	0	0	0	1	0	0	0	0	0		81.1				
FBRSL1	no	0	1045.0	0	0	0	0	1	0	0	0	0	0		71.3				
FCER1G	no	1	86.0	5	1	1	0	1	1	0	0	0	0	77.9	88.4				
FCGBP	no	0	5405.0	5382	1	1	1	0	0	0	0	0	0				VWC2L	57.2	
FCN2	no	0	313.0	288	1	1	1	0	0	0	0	0	1				FCN1	83.0	
FCN3	no	0	299.0	276	1	1	1	0	1	1	0	0	1	91.3		3.0	FCN2	51.8	
FCRLA	no	0	359.0	332	1	1	1	1	0	0	0	0	0		67.1		FCRL6	42.6	
FCRLB	no	0	426.0	409	1	1	1	1	0	0	0	0	0		82.6		FCGR1A	41.9	
FERMT2	no	0	680.0	0	0	0	0	1	1	0	0	0	0	99.9	98.2				
FGB	no	0	491.0	461	1	1	1	1	1	0	0	0	0	95.7	82.5		FGL1	43.1	
FGF3	no	0	239.0	222	1	1	1	1	1	0	0	0	0	97.5	80.3		FGF22	45.9	
FGF8	no	0	233.0	211	1	1	1	1	1	0	0	0	1	99.2	90.6		FGF17	63.4	
FGFBP1	no	0	234.0	211	1	1	1	1	1	0	0	0	0	94.0	62.8		FGFBP3	24.6	
FGL1	no	0	312.0	290	1	1	1	1	1	0	0	0	0	95.5	82.1		FGA	46.9	
FGR	no	0	529.0	0	0	0	0	1	1	0	0	0	0	97.5	83.9				
FIBIN	no	0	211.0	193	1	1	1	1	1	0	0	0	0	98.6	93.4				
FKRP	no	0	495.0	469	1	1	1	1	0	1	0	1	0		93.7	2.0			2.0
FLACC1	no	0	445.0	0	0	0	0	1	1	1	0	0	0	92.4	58.1	2.0			
FLOT1	no	0	427.0	0	0	0	0	1	1	1	0	0	0	99.8	98.4	2.0			
FLOT2	no	0	428.0	0	0	0	0	1	1	0	0	0	0	97.2	99.3				
FMOD	no	0	376.0	358	1	1	1	1	1	0	0	0	1	98.9	92.6		LUM	42.7	
FREM3	no	0	2139.0	2108	1	1	1	0	0	0	0	0	1	94.7	67.9		SLC8A3	63.8	
FRMD7	no	0	714.0	0	0	0	0	1	1	0	0	0	0	95.7	85.2				
FRMPD2	no	0	1309.0	0	0	0	0	1	1	0	0	0	0	93.9	70.6				
FSD1L	no	0	530.0	0	0	0	0	1	1	1	0	0	0	98.1	88.7	2.0			
FSTL5	no	0	847.0	827	1	1	1	1	1	0	0	0	1	98.5	91.3		FSTL4	57.8	
FUT3	no	0	361.0	325	1	1	1	0	1	0	0	0	1	93.1			FUT5	91.1	
FUT4	no	1	530.0	360	0	0	1	1	0	0	0	0	1		60.8		FUT5	43.6	
GAA	no	1	952.0	920	0	0	1	1	1	0	0	0	0	74.4	80.4		MGAM	47.0	
GAP43	no	0	238.0	0	0	0	0	1	1	0	0	0	0	95.4	77.3				
GAPDH	no	0	335.0	0	0	0	0	0	0	1	0	0	0			2.0			
GAPVD1	no	0	1478.0	0	0	0	0	1	1	0	0	0	0	99.7	97.8				
GBA1	no	0	536.0	497	1	1	1	1	1	0	0	0	0	96.6	83.2				
GBA2	no	0	927.0	0	0	0	0	1	1	0	0	0	0	97.3	86.7				
GFOD1	no	0	390.0	0	0	0	0	1	1	1	0	0	0	100.0	98.2	2.0			
GFOD2	no	0	385.0	0	0	0	0	1	0	1	0	0	0		95.6	2.0			
GFY	no	1	518.0	388	1	1	0	1	0	0	0	0	0		52.9				
GGTA1	no	0	100.0	75	1	1	1	0	0	0	0	0	0						
GHDC	no	0	530.0	0	0	0	0	1	1	0	0	0	0	94.7	73.6				
GLMP	no	1	406.0	333	1	1	0	1	0	0	0	0	0		78.3				
GMFG	no	0	142.0	0	0	0	0	1	0	0	0	0	0		93.7				
GNAI2	no	0	355.0	0	0	0	0	1	1	0	0	0	0	100.0	98.3				
GNAL	no	0	381.0	0	0	0	0	1	1	0	0	0	0	76.2	76.6				
GNAQ	no	0	359.0	0	0	0	0	0	1	0	0	0	0	100.0					
GNAS	no	0	394.0	0	0	0	0	0	1	0	0	0	0	80.5					
GNB1	no	0	340.0	0	0	0	0	1	1	0	0	0	0	92.1	100.0				
GNB2	no	0	340.0	0	0	0	0	1	1	0	0	0	0	100.0	100.0				
GNB3	no	0	340.0	0	0	0	0	1	1	0	0	0	0	100.0	97.1				
GNB4	no	0	340.0	0	0	0	0	1	1	0	0	0	0	100.0	96.8				
GNG2	no	0	71.0	0	0	0	0	1	1	0	0	0	0	100.0	100.0				
GOLGA7B	no	0	167.0	0	0	0	0	1	1	0	0	0	0	80.8	83.8				
GPHB5	no	0	130.0	106	1	1	1	1	1	0	0	0	0	96.2	86.9		FSHB	34.9	
GPLD1	no	0	840.0	817	1	1	1	1	1	0	0	0	0	94.8	79.3				
GPR108	no	7	543.0	274	1	1	0	1	1	0	0	0	0	94.3	82.7		GPR107	40.1	
GPR137	no	7	417.0	88	0	1	0	1	1	0	0	0	0	88.1	95.2		GPR137B	43.4	
GPR137C	no	7	429.0	120	0	1	0	1	1	0	0	0	0	98.8	90.9		GPR137B	32.1	
GPR155	no	17	870.0	144	0	1	0	1	1	1	0	0	0	97.9	89.8	2.0			
GPR15LG	no	0	81.0	57	1	1	1	1	1	0	0	0	0	87.7	54.3				
GPR180	no	7	440.0	191	1	1	0	1	1	0	0	0	0	96.4	86.8		TMEM145	29.0	
GPRIN1	no	0	1008.0	0	0	0	0	1	1	0	0	0	0	66.0	53.6				
GPRIN2	no	0	458.0	0	0	0	0	1	1	0	0	0	0	95.2	72.9				
GRAMD1A	no	1	724.0	93	0	0	1	1	1	0	0	0	0	97.8	93.4		GRAMD1B	39.6	
GRAMD1B	no	1	738.0	91	0	0	1	1	1	0	0	0	0	96.4	96.9		GRAMD1A	39.6	
GRAMD1C	no	1	662.0	85	0	0	1	1	1	0	0	0	0	96.5	82.5		GRAMD1B	26.4	
GREP1	no	0	536.0	515	1	1	1	0	1	0	0	0	0	80.2					
GRINA	no	7	371.0	29	0	0	1	1	1	0	0	0	0	98.9	87.6		TMBIM1	40.5	
GSN	no	1	782.0	1	1	1	0	1	1	0	1	0	1	99.5	94.8				
GUCA2A	no	0	115.0	96	1	1	1	1	1	0	0	0	0	82.6	67.0		GUCA2B	36.5	
GZMB	no	0	247.0	229	1	1	1	0	1	0	0	0	1	82.6			GZMH	71.5	
HABP2	no	0	560.0	537	1	1	1	1	1	0	0	0	0	97.3	77.9		GZMK	40.8	
HARBI1	no	0	349.0	0	0	0	0	1	1	0	0	0	0	64.5	90.0				
HAS1	no	6	577.0	35	0	0	0	1	0	0	0	0	0		95.7		HAS2	25.0	
HCK	no	0	526.0	0	0	0	0	1	1	0	0	0	0	94.3	85.9				
HEXD	no	1	486.0	393	0	0	1	1	1	0	1	0	0	93.4	78.8				
HGSNAT	no	11	663.0	271	1	1	0	1	0	0	0	0	0		80.6				
HHIPL2	no	0	724.0	683	1	1	1	1	1	0	0	0	1	96.7	81.8		HHIPL1	57.7	
HIGD1B	no	2	99.0	16	0	0	0	1	1	0	0	0	1	96.0	76.8		HIGD1C	62.5	
HIP1R	no	0	1068.0	0	0	0	0	1	1	1	0	0	0	95.8	90.9	2.0			
HLA-DMA	no	1	261.0	204	1	1	0	1	1	1	0	1	0	87.0	75.9	2.0	HLA-DQA2	32.8	1.0
HLA-DOA	no	1	250.0	193	1	1	0	1	1	1	0	1	1	96.8	73.2	2.0	HLA-DQA1	59.6	2.0
HM13	no	9	377.0	72	0	1	0	1	1	0	1	0	0	87.8	85.0		SPPL3	33.3	
HNRNPU	no	0	825.0	0	0	0	0	1	1	0	0	0	0	93.9	94.3				
HSPB1	no	0	205.0	0	0	0	0	1	0	1	0	0	0		84.4	2.0			
HSPE1	no	0	102.0	0	0	0	0	0	0	1	0	0	0			7.0			
HTRA3	no	0	453.0	436	1	1	1	1	1	1	0	0	1	91.6	92.7	3.0	HTRA1	60.1	
HTRA4	no	0	476.0	447	1	1	1	1	1	1	0	0	1	55.3	66.6	3.0	HTRA1	54.6	
IER3	no	1	156.0	60	0	0	1	1	1	0	0	0	0	94.2	72.4				
IFFO2	no	0	517.0	0	0	0	0	1	1	1	0	0	0	76.6	95.7	2.0			
IFIT5	no	0	482.0	0	0	0	0	0	1	0	0	0	0	97.9					
IFNE	no	0	208.0	187	1	1	1	1	0	0	0	0	0		53.8		IFNA17	39.8	
IFNL4	no	0	179.0	157	1	1	1	0	0	0	0	0	0						
IGFBP2	no	0	325.0	289	1	1	1	1	1	0	0	0	0	98.8	81.8		IGFBP4	43.9	
IGFBPL1	no	0	278.0	251	1	1	1	1	1	0	0	0	1	93.5	75.9		IGFBP7	44.6	
IGFL3	no	0	125.0	101	1	1	1	0	0	0	0	0	1				IGFL2	68.1	
IGIP	no	0	53.0	0	0	0	0	1	0	0	0	0	0		94.3				
IGSF10	no	0	2623.0	2595	1	1	1	1	1	0	0	0	0	94.2	64.8		VSIG10	41.3	
IL16	no	0	1332.0	0	0	0	0	1	1	0	0	0	0	95.7	80.9				
IL17C	no	0	197.0	179	1	1	1	1	1	0	0	0	0	93.4	71.6		IL17D	29.9	
IL17REL	no	0	507.0	486	1	1	1	0	0	0	0	0	0						
IL1RN	no	0	177.0	152	1	1	1	1	1	0	0	0	1	86.4	75.7		IL36RN	48.7	
IL24	no	0	206.0	158	1	1	1	1	1	0	0	0	0	91.7	58.7		IL20	32.9	
IL37	no	0	218.0	0	0	0	0	0	1	0	0	0	0	95.9					
INHBE	no	0	350.0	331	1	1	1	1	1	0	0	0	1	81.4	82.3		INHBC	46.2	
INPP5A	no	0	412.0	0	0	0	0	1	1	0	0	0	0	94.7	97.1				
INS-IGF2	no	0	200.0	176	1	1	1	0	0	0	0	0	0						
INSL4	no	0	139.0	114	1	1	1	0	1	0	0	0	0	89.9			RLN1	35.1	
INSL6	no	0	213.0	191	1	1	1	0	1	0	0	0	0	89.2			RLN1	31.1	
IQCE	no	0	695.0	0	0	0	0	0	1	1	0	0	0	95.1		2.0			
IQGAP2	no	0	1575.0	0	0	0	0	1	1	0	0	0	0	98.5	89.0				
IRGC	no	0	463.0	0	0	0	0	1	1	0	0	0	0	70.2	89.8				
IRS1	no	0	1242.0	0	0	0	0	1	1	0	0	0	0	95.5	89.0				
ITLN1	no	0	313.0	297	1	1	1	0	1	0	0	1	1	92.3			ITLN2	85.2	2.0
ITLN2	no	0	325.0	299	1	1	1	0	0	0	0	0	1				ITLN1	85.2	
ITPRID2	no	0	1259.0	0	0	0	0	1	1	0	0	0	0	95.5	81.7				
ITPRIP	no	0	547.0	0	0	0	0	1	1	0	0	0	0	98.2	78.2				
ITPRIPL2	no	2	535.0	25	0	0	0	1	1	0	0	0	1	97.9	85.4				
JAK3	no	0	1124.0	0	0	0	0	1	1	0	0	0	0	95.4	82.0				
JPT2	no	0	190.0	0	0	0	0	0	1	0	0	0	0	93.7					
JTB	no	1	146.0	75	1	1	0	1	1	0	0	0	0	93.2	84.2				
JUP	no	0	745.0	0	0	0	0	1	1	0	0	0	0	99.6	98.4				
KANK1	no	0	1352.0	0	0	0	0	1	1	0	0	0	0	97.3	84.9				
KCNK7	no	4	307.0	128	0	0	0	1	1	1	0	0	1	94.5	79.2	2.0	KCNK1	49.2	
KCP	no	0	1568.0	1547	1	1	1	1	1	0	0	0	0	89.3	76.7		VWC2	47.3	
KCTD8	no	0	473.0	0	0	0	0	1	1	1	0	0	0	98.3	95.3	6.0			
KDF1	no	0	398.0	0	0	0	0	1	1	0	0	0	0	98.0	91.2				
KIAA0040	no	1	99.0	25	0	1	0	1	1	0	0	0	0	98.0	70.7				
KIAA0232	no	0	1395.0	0	0	0	0	1	1	0	0	0	0	99.1	88.7				
KIAA1328	no	0	577.0	0	0	0	0	1	1	1	0	0	0	94.5	72.6	2.0			
KIAA1614	no	0	1190.0	0	0	0	0	1	1	0	0	0	0	52.7	56.5				
KIAA1958	no	0	716.0	0	0	0	0	1	1	0	0	0	0	99.4	97.5				
KLHDC8B	no	0	354.0	0	0	0	0	1	1	0	0	0	0	99.7	97.7				
KLK15	no	0	256.0	240	1	1	1	1	1	0	0	0	1	94.5	75.8		KLK9	50.2	
KLK3	no	0	261.0	244	1	1	1	0	1	0	0	0	1	90.0			KLK2	79.1	
KLK6	no	0	244.0	228	1	1	1	1	0	0	0	0	1		68.4		KLK13	52.6	
KNCN	no	2	124.0	6	0	0	0	1	1	0	0	0	0	96.0	83.1				
KPLCE	no	0	250.0	0	0	0	0	1	0	0	0	0	0		76.0				
KRTCAP3	no	4	240.0	69	0	0	0	1	1	0	0	0	1	95.4	85.8		TMEM54	50.7	
KSR1	no	0	923.0	0	0	0	0	0	0	0	0	0	0	98.9	85.9				
LAMA4	no	0	1823.0	1799	1	1	1	1	1	0	0	0	0	98.1	88.4		TMEFF1	40.0	
LANCL1	no	0	399.0	0	0	0	0	1	1	0	0	0	0	99.7	91.5				
LANCL3	no	0	420.0	0	0	0	0	1	1	0	0	0	0	74.0	95.7				
LAPTM5	no	6	262.0	58	0	0	0	1	1	0	0	0	0	94.7	79.0		LAPTM4A	30.4	
LDLRAD4	no	1	306.0	67	0	1	0	1	1	0	1	0	0	97.1	90.2		PMEPA1	34.9	
LEMD1	no	1	181.0	7	0	0	1	1	1	0	1	0	1	96.1	56.9				
LGALS7B	no	0	136.0	0	0	0	0	0	0	1	0	0	0						
LHFPL7	no	4	200.0	72	0	0	0	1	1	0	0	0	0	94.0	60.5		LHFPL1	34.7	
LIN7A	no	0	233.0	0	0	0	0	1	1	0	0	0	0	100.0	99.6				
LIN7B	no	0	207.0	0	0	0	0	1	0	0	0	0	0		98.1				
LIN7C	no	0	197.0	0	0	0	0	1	1	0	0	0	0	94.4	100.0				
LIPH	no	0	451.0	433	1	1	1	1	1	0	0	0	1	94.2	77.8		LIPI	46.4	
LIPM	no	0	423.0	390	1	1	1	1	1	0	0	0	1	98.6	87.2		LIPA	62.5	
LITAF	no	0	161.0	0	0	0	0	1	1	0	1	0	0	80.1	85.7				
LMBRD1	no	9	540.0	163	0	1	0	1	1	0	1	0	0	99.1	92.8				
LNX1	no	0	728.0	0	0	0	0	1	1	1	0	0	0	97.8	88.2	2.0			
LNX2	no	0	690.0	0	0	0	0	1	1	1	0	0	0	97.8	89.6	2.0			
LOX	no	0	417.0	396	1	1	1	1	1	0	0	0	1	97.4	86.3		LOXL1	58.1	
LOXHD1	no	0	2067.0	0	0	0	0	1	1	0	0	0	0	89.5	91.6				
LOXL3	no	0	753.0	728	1	1	1	1	1	0	0	0	1	98.9	92.3		LOXL2	57.1	
LRATD2	no	0	310.0	0	0	0	0	1	1	0	0	0	0	98.1	92.6				
LRCOL1	no	0	159.0	137	1	1	1	0	0	0	0	0	0				CLPSL2	35.9	
LRRC37A3	no	1	1634.0	1542	1	1	0	0	0	0	0	1	1				LRRC37A2	97.7	2.0
LRRC3B	no	1	259.0	170	1	1	0	1	1	0	0	1	1	100.0	99.6		LRRC3	43.5	1.0
LRRC57	no	0	239.0	0	0	0	0	1	1	0	0	0	0	98.7	95.4				
LRRC69	no	0	347.0	0	0	0	0	1	0	0	0	0	0		66.9				
LRRIQ3	no	0	624.0	0	0	0	0	1	1	0	0	0	0	92.6	61.9				
LTAP1	no	1	253.0	10	0	1	0	1	1	0	0	0	0	99.6	95.7				
LTBP1	no	0	1721.0	1698	1	1	1	1	1	0	0	0	1	90.8	73.8		LTBP3	44.5	
LTF	no	0	710.0	691	1	1	1	1	1	0	0	0	1	90.1	70.6		TF	62.0	
LY6G5B	no	0	201.0	183	1	1	1	1	0	0	0	0	0		61.2				
LY6G5C	no	0	150.0	109	1	1	1	1	1	0	0	0	0	88.0	67.3				
LYG1	no	0	194.0	175	1	1	1	1	1	0	0	0	0	92.8	70.6		LYG2	41.7	
LYN	no	0	512.0	0	0	0	0	1	1	0	0	0	0	99.4	96.1				
LYSMD4	no	1	296.0	56	0	0	1	1	1	0	0	0	0	91.9	70.3		LYSMD3	25.0	
MACF1	no	0	7388.0	0	0	0	0	1	1	0	0	0	0	97.2	81.6				
MAGEA10	no	0	369.0	0	0	0	0	0	1	0	0	0	0	94.6					
MAGI3	no	0	1481.0	0	0	0	0	1	1	0	0	0	0	97.1	71.6				
MAMDC2	no	0	686.0	668	1	1	1	1	1	0	0	0	0	96.5	89.9		MALRD1	37.0	
MAMDC4	no	1	1216.0	1136	1	1	0	1	1	0	1	1	0	80.4	73.3		MALRD1	32.8	1.0
MAN2B2	no	0	1009.0	986	1	1	1	1	1	0	0	0	0	95.1	75.6		MAN2C1	31.1	
MANSC1	no	1	431.0	358	1	1	0	1	1	0	0	0	0	92.3	60.6		MANSC4	27.5	
MAPT	no	0	758.0	0	0	0	0	1	1	0	0	0	0	83.4	65.4				
MARCHF10	no	0	808.0	0	0	0	0	1	1	0	0	0	0	90.6	62.0				
MARK2	no	0	788.0	0	0	0	0	1	1	0	0	0	0	99.9	96.8				
MASP1	no	0	699.0	680	1	1	1	1	1	0	0	0	1	97.1	66.5		MASP2	44.1	
MASP2	no	0	686.0	671	1	1	1	1	1	0	0	0	1	95.3	81.5		PRRG2	44.6	
MBL2	no	0	248.0	228	1	1	1	1	1	1	0	0	0	89.5	59.3	2.0			
MBLAC2	no	0	279.0	0	0	0	0	1	1	0	0	0	0	81.4	96.8				
MBP	no	0	304.0	0	0	0	0	1	0	0	0	0	0		71.7				
MCC	no	0	829.0	0	0	0	0	1	1	0	0	0	0	98.6	93.4				
MCTP1	no	4	999.0	2	0	0	0	1	1	0	1	0	0	97.8	87.5		MCTP2	0.0	
MCTS2	no	0	181.0	0	0	0	0	1	0	0	0	0	0		94.5				
MEGF6	no	0	1541.0	1511	1	1	1	1	1	0	0	0	0	89.0	78.1		MEGF11	46.3	
METRN	no	0	293.0	270	1	1	1	1	1	0	0	0	1	92.8	80.5		METRNL	48.1	
METRNL	no	0	311.0	266	1	1	1	1	1	0	0	0	1	95.5	77.2		METRN	48.1	
MFAP3	no	1	362.0	127	1	1	0	1	1	0	0	0	1	98.9	80.7		MFAP3L	42.1	
MFAP4	no	0	255.0	235	1	1	1	1	1	0	0	0	1	98.4	94.1		FIBCD1	54.5	
MFAP5	no	0	173.0	145	1	1	1	1	1	0	0	0	0	96.0	76.3		MFAP2	33.8	
MFSD11	no	12	449.0	77	0	0	0	1	1	0	1	0	0	99.3	93.1				
MIEN1	no	0	115.0	0	0	0	0	1	0	0	0	0	0		89.6				
MIF	no	0	115.0	0	0	0	0	1	1	1	0	0	0	100.0	89.6	3.0			
MIGA1	no	0	632.0	0	0	0	0	1	1	0	0	0	0	99.2	84.8				
MIGA2	no	0	593.0	0	0	0	0	1	0	0	0	0	0		92.6				
MLF2	no	0	248.0	0	0	0	0	1	1	1	0	0	0	94.0	96.8	2.0			
MLIP	no	0	993.0	0	0	0	0	1	0	0	0	0	0		69.0				
MMD	no	7	238.0	46	0	0	1	1	1	0	0	0	1	100.0	99.2		MMD2	60.5	
MMP26	no	0	261.0	244	1	1	1	0	1	0	0	0	0	92.7			MMP12	46.3	
MMP27	no	0	513.0	496	1	1	1	1	1	0	0	0	1	96.5	76.4		MMP10	52.3	
MOXD1	no	0	613.0	595	1	1	1	1	1	0	0	0	0	98.4	84.8		DBH	33.6	
MPDZ	no	0	2070.0	0	0	0	0	1	1	0	0	0	0	98.3	84.1				
MPP3	no	0	585.0	0	0	0	0	1	1	0	0	0	0	98.8	90.9				
MPP7	no	0	576.0	0	0	0	0	1	1	0	0	0	0	93.8	92.5				
MREG	no	0	214.0	0	0	0	0	1	0	0	0	0	0		86.0				
MS4A15	no	4	240.0	28	0	0	0	1	1	0	1	0	0	90.8	80.0		MS4A12	29.6	
MSMB	no	0	114.0	94	1	1	1	0	1	0	0	0	0	80.7			MSMP	21.4	
MSMP	no	0	139.0	103	1	1	1	1	1	0	0	0	0	99.3	91.4		MSMB	23.4	
MSN	no	0	577.0	0	0	0	0	1	1	1	0	0	0	99.8	98.6	2.0			
MTCL1	no	0	1905.0	0	0	0	0	1	1	0	0	0	0	79.9	80.3				
MTUS1	no	0	1270.0	0	0	0	0	1	1	0	1	0	0	94.1	62.8				
MYADML2	no	8	307.0	72	0	0	0	1	1	0	0	0	0	95.4	91.5		MYADM	31.3	
MYLK	no	0	1914.0	0	0	0	0	1	1	0	0	0	0	97.2	85.4				
MYO1C	no	0	1063.0	0	0	0	0	1	1	0	0	0	0	92.8	96.7				
MYO1G	no	0	1018.0	0	0	0	0	1	1	0	0	0	0	92.5	90.9				
MYZAP	no	0	466.0	0	0	0	0	1	1	1	0	0	0	94.0	89.9	2.0			
NAAA	no	0	359.0	331	1	1	1	1	1	0	0	0	0	94.7	76.0		ASAH1	36.6	
NAPEPLD	no	0	393.0	0	0	0	0	1	1	0	0	0	0	98.5	89.3				
NBL1	no	0	181.0	164	1	1	1	1	1	0	0	0	0	98.9	92.8		GREM2	24.4	
NCEH1	no	1	408.0	1	1	1	0	1	1	0	0	0	1	99.0	87.3		AADAC	0.0	
NCKAP1L	no	0	1127.0	0	0	0	0	1	1	0	0	0	0	98.8	94.9				
NDC1	no	6	674.0	78	0	0	0	1	1	0	1	0	0	97.8	86.9				
NDFIP1	no	4	221.0	15	0	0	0	1	1	1	1	0	1	78.3	97.3	2.0	NDFIP2	80.0	
NELL2	no	0	816.0	795	1	1	1	1	1	0	0	0	1	97.3	94.0		NELL1	56.8	
NENF	no	0	172.0	141	1	1	1	1	1	0	0	0	0	83.7	90.7				
NHERF1	no	0	358.0	0	0	0	0	1	1	0	0	0	0	97.2	86.6				
NHERF2	no	0	337.0	0	0	0	0	1	1	0	0	0	0	90.2	91.7				
NHS	no	0	1651.0	0	0	0	0	1	1	0	0	0	0	96.2	88.6				
NHSL2	no	0	1225.0	0	0	0	0	1	1	0	0	0	0	97.7	84.2				
NHSL3	no	0	1035.0	0	0	0	0	1	1	0	0	0	0	91.4	80.9				
NID2	no	0	1375.0	1345	1	1	1	1	1	0	0	0	1	97.1	80.9		NID1	46.3	
NIPAL1	no	9	410.0	112	0	1	0	1	1	1	0	1	0	98.5	87.1	2.0	NIPA2	57.4	1.0
NIPAL2	no	9	383.0	99	0	1	0	1	1	0	0	0	0	96.1	85.4		NIPAL3	36.1	
NKPD1	no	2	610.0	18	0	0	0	1	1	1	0	0	0	92.8	77.5	2.0			
NMRK2	no	0	230.0	0	0	0	0	1	1	0	0	0	0	73.0	72.2				
NOD1	no	0	953.0	0	0	0	0	1	1	0	0	0	0	96.2	81.5				
NOD2	no	0	1040.0	0	0	0	0	1	1	0	0	0	0	96.1	79.3				
NOMO1	no	1	1222.0	1128	1	1	0	0	0	0	0	0	1				NOMO3	99.6	
NOMO3	no	1	1222.0	1128	1	1	0	0	0	0	0	0	1				NOMO2	99.8	
NOS1	no	0	1434.0	0	0	0	0	1	1	0	0	0	0	98.8	93.7				
NOTCH2NLA	no	0	236.0	236	0	1	1	0	0	0	0	0	1				NOTCH2NLC	100.0	
NOTCH2NLB	no	0	275.0	250	1	1	1	0	0	0	0	0	1				NOTCH2NLA	99.6	
NOTCH2NLC	no	0	293.0	293	0	1	1	0	0	0	0	0	1				NOTCH2NLA	100.0	
NOTCH2NLR	no	0	274.0	249	1	1	1	0	0	0	0	0	1				NOTCH2	93.2	
NOTUM	no	0	496.0	474	1	1	1	1	1	0	0	0	0	91.9	90.7				
NOX4	no	6	578.0	126	0	0	0	1	1	0	1	0	0	97.8	90.7		DUOX1	34.3	
NPC1	no	13	1278.0	775	1	1	0	1	1	0	0	0	0	97.7	86.4		NPC1L1	40.5	
NPS	no	0	89.0	66	1	1	1	1	1	0	0	0	0	94.4	73.0				
NPTX2	no	0	431.0	414	1	1	1	1	1	0	0	0	1	98.6	96.3		NPTX1	57.6	
NRSN1	no	2	195.0	32	0	0	0	1	1	0	0	0	1	97.9	92.3		NRSN2	43.3	
NSDHL	no	0	373.0	0	0	0	0	1	1	0	0	0	0	96.8	83.1				
NTN3	no	0	580.0	562	1	1	1	1	0	0	0	0	1		87.4		NTN1	55.9	
NTN5	no	0	489.0	473	1	1	1	1	0	0	0	0	1		62.0		USH2A	50.1	
NUCB2	no	0	420.0	396	1	1	1	1	1	0	0	0	1	99.8	86.0		NUCB1	63.1	
NUMB	no	0	651.0	0	0	0	0	1	1	0	0	0	0	90.3	93.7				
NUP210	no	1	1887.0	1784	1	1	0	1	1	0	1	1	1	97.5	84.4		NUP210L	45.9	9.0
NUP210L	no	1	1888.0	1776	1	1	0	1	1	0	0	1	1	91.8	82.6		NUP210	45.9	6.0
NUP62	no	0	522.0	0	0	0	0	1	1	0	0	0	0	96.7	80.1				
NXNL1	no	0	212.0	0	0	0	0	1	0	0	0	0	0		77.8				
NXNL2	no	0	156.0	0	0	0	0	1	1	0	0	0	0	65.4	84.6				
OCA2	no	14	838.0	228	0	0	0	1	1	1	1	0	0	90.9	78.2	2.0	SLC13A4	27.2	
OCEL1	no	0	264.0	0	0	0	0	0	1	0	0	0	0	74.2					
OLFML1	no	0	402.0	377	1	1	1	0	1	0	0	0	0	99.0			OLFML3	34.0	
OLFML2A	no	0	652.0	625	1	1	1	1	1	0	0	0	1	96.3	83.3		OLFML2B	50.4	
OLFML2B	no	0	750.0	728	1	1	1	1	1	0	0	0	1	96.3	83.3		OLFML2A	50.4	
OOSP2	no	0	158.0	141	1	1	1	0	0	0	0	0	0				PLAC1	32.6	
OOSP3	no	0	193.0	171	1	1	1	0	0	0	0	0	0						
OOSP4A	no	0	184.0	165	1	1	1	0	0	0	0	0	0						
OOSP4B	no	0	160.0	160	0	1	1	0	0	0	0	0	0						
OTOGL	no	0	2353.0	2322	1	1	1	1	1	0	0	0	0	97.1	86.4		OTOG	33.6	
OVCH2	no	0	564.0	542	1	1	1	1	1	0	0	0	0	95.0	77.2		PRRG4	39.4	
PACSIN2	no	0	486.0	0	0	0	0	1	1	1	0	0	0	99.0	93.8	2.0			
PAEP	no	0	180.0	162	1	1	1	0	1	0	0	0	0	81.1			LCN8	25.6	
PALM	no	0	387.0	0	0	0	0	1	1	0	0	0	0	82.9	79.8				
PALM2AKAP2	no	0	1103.0	0	0	0	0	1	1	0	0	0	0	96.9	67.5				
PALMD	no	0	551.0	0	0	0	0	1	1	0	0	0	0	97.5	80.6				
PALS1	no	0	675.0	0	0	0	0	1	1	0	0	0	0	99.9	96.7				
PAMR1	no	0	720.0	699	1	1	1	1	1	0	0	0	0	98.1	90.1		F2	26.4	
PAPPA2	no	0	1791.0	1769	1	1	1	1	1	0	0	0	1	96.0	79.1		SUSD6	58.0	
PARD3	no	0	1356.0	0	0	0	0	1	1	0	0	0	0	99.0	90.2				
PARD3B	no	0	1205.0	0	0	0	0	1	1	0	0	0	0	96.8	84.2				
PARD6A	no	0	346.0	0	0	0	0	1	1	0	0	0	0	98.8	93.0				
PARD6B	no	0	372.0	0	0	0	0	1	1	0	0	0	0	94.1	91.4				
PARD6G	no	0	376.0	0	0	0	0	1	1	0	0	0	0	65.7	78.5				
PATJ	no	0	1801.0	0	0	0	0	1	1	0	0	0	0	96.3	77.7				
PCARE	no	0	1288.0	0	0	0	0	1	1	0	0	0	0	92.4	58.2				
PCNX1	no	14	2341.0	86	0	0	0	1	1	0	1	0	1	98.8	91.0		PCNX3	43.1	
PCNX2	no	14	2137.0	81	0	0	0	1	1	0	1	0	1	92.2	80.4		PCNX3	45.8	
PCNX3	no	14	2034.0	72	0	0	0	1	1	0	1	0	1	98.5	94.6		PCNX2	45.8	
PCSK6	no	0	969.0	909	1	1	1	1	1	0	0	0	1	97.6	90.9		PCSK5	58.6	
PDAP1	no	0	181.0	0	0	0	0	1	0	0	0	0	0		96.7				
PDE4D	no	0	809.0	0	0	0	0	1	1	1	0	0	0	99.8	97.3	2.0			
PDE9A	no	0	593.0	0	0	0	0	1	1	1	0	0	0	98.0	83.1	2.0			
PDGFA	no	0	211.0	191	1	1	1	1	0	1	0	0	0		92.3	2.0	PDGFB	45.0	
PDGFD	no	0	370.0	352	1	1	1	1	1	0	0	0	1	87.3	85.1		PDGFC	48.9	
PDZD11	no	0	140.0	0	0	0	0	1	1	0	0	0	0	100.0	97.1				
PDZD9	no	0	264.0	0	0	0	0	1	1	0	0	0	0	92.4	68.2				
PGCKA1	no	0	314.0	0	0	0	0	1	1	0	0	0	0	89.8	57.3				
PGK1	no	0	417.0	0	0	0	0	1	0	0	0	0	0		97.8				
PGLYRP4	no	0	373.0	356	1	1	1	1	1	0	0	0	1	94.6	75.9		PGLYRP3	67.9	
PHACTR2	no	0	634.0	0	0	0	0	1	1	0	0	0	0	75.0	80.5				
PI15	no	0	258.0	239	1	1	1	1	1	0	0	0	1	99.6	93.4		R3HDML	60.9	
PI4K2A	no	0	479.0	0	0	0	0	1	1	0	0	0	0	92.5	95.4				
PIGT	no	1	578.0	506	1	1	0	1	1	0	0	1	0	90.7	93.6				2.0
PIK3AP1	no	0	805.0	0	0	0	0	1	1	1	0	0	0	97.0	84.8	2.0			
PINLYP	no	0	204.0	178	1	1	1	1	1	0	0	0	0	88.2	55.9		LYPD8	28.1	
PIP4P1	no	2	277.0	15	0	0	0	1	1	0	1	0	1	99.6	69.3		PIP4P2	40.0	
PIP5K1A	no	0	562.0	0	0	0	0	1	1	1	0	0	0	94.0	88.1	2.0			
PITPNM2	no	0	1349.0	0	0	0	0	1	1	0	0	0	0	57.3	86.4				
PJA2	no	0	708.0	0	0	0	0	1	1	0	0	0	0	95.2	83.2				
PKDCC	no	0	493.0	469	1	1	1	1	1	0	0	0	0	91.9	92.9				
PKM	no	0	531.0	0	0	0	0	1	0	0	0	0	0		97.7				
PKN1	no	0	942.0	0	0	0	0	1	1	0	0	0	0	59.6	91.5				
PKN2	no	0	984.0	0	0	0	0	1	1	0	0	0	0	98.9	94.7				
PKP1	no	0	747.0	0	0	0	0	1	1	0	0	0	0	98.9	95.0				
PKP2	no	0	881.0	0	0	0	0	1	1	0	0	0	0	98.1	78.0				
PKP3	no	0	797.0	0	0	0	0	1	0	0	0	0	0		93.5				
PKP4	no	0	1192.0	0	0	0	0	1	1	0	0	0	0	96.8	96.5				
PLA1A	no	0	456.0	431	1	1	1	1	1	0	0	0	0	92.3	81.4		LIPI	35.7	
PLA2G10	no	0	165.0	134	1	1	1	1	1	0	0	0	0	92.7	64.8		PLA2G2D	40.8	
PLA2G12A	no	0	189.0	167	1	1	1	1	0	0	0	0	1		89.4		PLA2G12B	46.7	
PLA2G2C	no	0	149.0	131	1	1	1	1	1	0	0	0	0	83.2	65.8		PLA2G2A	35.5	
PLA2G2E	no	0	142.0	123	1	1	1	1	1	0	0	0	1	95.8	84.5		PLA2G2A	56.1	
PLA2G3	no	0	509.0	490	1	1	1	1	1	0	0	0	0	92.5	65.8		PROCA1	25.3	
PLA2G4F	no	0	849.0	0	0	0	0	1	1	0	1	0	0	93.4	73.6				
PLA2G6	no	0	806.0	0	0	0	0	1	1	1	0	0	0	97.5	89.8	2.0			
PLA2G7	no	0	441.0	0	0	0	0	1	1	0	0	0	0	88.9	67.6				
PLAAT3	no	0	162.0	0	0	0	0	1	1	0	0	0	0	84.0	83.3				
PLAC8	no	0	115.0	0	0	0	0	1	1	0	0	0	0	93.0	81.7				
PLAT	no	0	562.0	540	1	1	1	1	1	0	0	0	0	97.2	79.7		KLK15	40.8	
PLBD1	no	0	553.0	521	1	1	1	1	1	1	0	0	0	86.4	77.4	2.0	PLBD2	37.0	
PLBD2	no	0	589.0	548	1	1	1	1	1	0	0	0	0	96.3	81.2		PLBD1	37.0	
PLCD3	no	0	789.0	0	0	0	0	1	1	0	0	0	0	79.6	88.1				
PLCG1	no	0	1290.0	0	0	0	0	1	1	0	0	0	0	94.7	96.9				
PLD1	no	0	1074.0	0	0	0	0	1	1	0	0	0	0	97.9	91.2				
PLD5	no	1	536.0	447	0	0	1	1	1	1	1	1	0	87.1	94.2	2.0	PLD3	38.7	1.0
PLEKHA4	no	0	779.0	0	0	0	0	1	1	0	0	0	0	91.9	80.2				
PLEKHO2	no	0	490.0	0	0	0	0	1	0	0	0	0	0		77.6				
PLGLB1	no	0	96.0	77	1	1	1	0	0	0	0	0	1						
PLPP7	no	5	271.0	27	0	0	1	1	1	0	0	0	1	99.3	94.8		PLPP6	42.3	
PLSCR3	no	0	295.0	0	0	0	0	1	0	0	0	0	0		93.2				
PMEL	no	1	661.0	572	1	1	0	1	1	0	0	1	0	95.2	75.0		GPNMB	33.5	2.0
PMIS2	no	3	150.0	4	0	0	1	0	0	0	0	0	0				SYNDIG1L	33.3	
PNISR	no	0	805.0	0	0	0	0	1	1	0	0	0	0	99.6	92.9				
PODN	no	0	613.0	589	1	1	1	1	1	0	0	0	1	98.0	91.4		PODNL1	41.9	
POMZP3	no	0	187.0	187	0	1	1	0	0	0	0	0	0				ZP3	69.0	
POTEA	no	0	498.0	0	0	0	0	0	0	0	0	0	0						
POTEB	no	0	544.0	0	0	0	0	0	0	0	0	0	0						
POTED	no	0	584.0	0	0	0	0	0	0	0	0	0	0						
POTEE	no	0	1075.0	0	0	0	0	0	0	0	0	0	0						
POTEH	no	0	545.0	0	0	0	0	0	0	0	0	0	0						
PPP1R3F	no	0	799.0	0	0	0	0	1	0	0	0	0	0		82.2				
PPT2	no	0	302.0	275	1	1	1	1	1	0	0	0	0	99.3	93.4		PPT1	28.8	
PRADC1	no	0	188.0	167	1	1	1	1	1	0	0	0	0	98.9	97.9				
PRAF2	no	4	178.0	3	0	0	0	1	1	0	0	0	0	97.8	91.0		ARL6IP5	33.3	
PRAP1	no	0	151.0	131	1	1	1	0	0	0	0	0	0						
PRCD	no	1	54.0	4	0	1	0	1	1	0	0	0	0	98.1	72.2				
PRDX2	no	0	198.0	0	0	0	0	1	0	1	0	0	0		92.4	2.0			
PRF1	no	0	555.0	532	1	1	1	1	1	1	0	0	0	94.8	68.3	2.0	CSMD3	41.9	
PRKCA	no	0	672.0	0	0	0	0	1	1	0	0	0	0	99.7	99.4				
PROK2	no	0	129.0	102	1	1	1	1	1	0	0	0	1	95.3	75.2		PROK1	52.3	
PRR27	no	0	219.0	204	1	1	1	0	1	0	0	0	0	88.1					
PRR32	no	0	298.0	0	0	0	0	1	1	0	0	0	0	89.9	51.0				
PRSS22	no	0	317.0	285	1	1	1	1	1	0	0	0	0	82.6	74.4		TMPRSS6	40.7	
PRSS23	no	0	383.0	360	1	1	1	1	1	0	0	0	1	99.0	90.6		PRSS35	54.4	
PRSS35	no	0	413.0	393	1	1	1	1	1	0	0	0	1	96.1	77.2		PRSS23	54.4	
PRSS37	no	0	235.0	216	1	1	1	1	1	0	0	0	0	97.0	83.0		KLK15	30.4	
PRSS53	no	0	553.0	530	1	1	1	1	1	0	0	0	0	84.8	80.3		PRSS36	42.6	
PRSS54	no	0	395.0	366	1	1	1	1	1	0	0	0	0	91.9	57.7		KLK12	28.6	
PSAP	no	0	524.0	508	1	1	1	1	1	0	0	0	1	96.2	66.2		PSAPL1	45.0	
PSD2	no	0	771.0	0	0	0	0	1	1	0	0	0	0	90.8	88.3				
PSEN1	no	9	467.0	40	0	0	1	1	1	0	1	0	1	100.0	92.7		PSEN2	77.5	
PSEN2	no	9	448.0	41	0	0	1	1	1	0	0	0	1	99.8	96.0		PSEN1	77.5	
PSG11	no	0	335.0	301	1	1	1	0	0	0	0	0	1				PSG2	89.7	
PSG4	no	0	419.0	385	1	1	1	0	0	0	0	0	1				PSG7	90.4	
PSG5	no	0	335.0	301	1	1	1	0	0	0	0	0	1				PSG3	89.0	
PSG8	no	0	426.0	392	1	1	1	0	0	0	0	0	1				PSG1	92.2	
PTCHD3	no	12	954.0	440	0	0	0	1	1	0	1	1	0	91.7	67.0		PTCHD4	27.0	1.0
PTER	no	0	349.0	0	0	0	0	1	1	1	0	0	0	98.0	87.7	2.0			
PTGDS	no	0	190.0	168	1	1	1	1	1	0	0	0	0	93.7	72.1		LCN2	37.5	
PTK2B	no	0	1009.0	0	0	0	0	1	1	0	0	0	0	98.9	95.4				
PTPN22	no	0	807.0	0	0	0	0	1	1	0	0	0	0	95.2	70.9				
PTPN4	no	0	926.0	0	0	0	0	1	1	0	0	0	0	99.4	94.7				
PTX3	no	0	381.0	364	1	1	1	1	1	0	0	0	0	94.8	81.9		NPTX2	29.9	
PTX4	no	0	478.0	453	1	1	1	1	1	0	0	0	0	90.4	65.1		APCS	33.8	
PXDC1	no	0	231.0	0	0	0	0	1	1	0	0	0	0	98.3	92.2				
QPCT	no	0	361.0	333	1	1	1	1	1	0	0	0	1	97.2	82.0		QPCTL	50.3	
R3HDML	no	0	253.0	230	1	1	1	1	1	0	0	0	1	94.5	77.9		PI15	60.9	
RAB13	no	0	203.0	0	0	0	0	1	1	0	0	0	0	100.0	91.6				
RAB22A	no	0	194.0	0	0	0	0	1	1	0	0	0	0	99.0	85.6				
RAB27B	no	0	218.0	0	0	0	0	1	1	0	0	0	0	99.1	94.5				
RALA	no	0	206.0	0	0	0	0	1	1	0	0	0	0	100.0	99.5				
RALBP1	no	0	655.0	0	0	0	0	1	0	0	0	0	0		91.6				
RALGAPA2	no	0	1873.0	0	0	0	0	1	1	0	0	0	0	98.6	91.4				
RAPGEF2	no	0	1499.0	0	0	0	0	1	1	0	0	0	0	99.7	84.9				
RASA4B	no	0	803.0	0	0	0	0	0	0	0	0	0	0						
RASGRP4	no	0	673.0	0	0	0	0	1	1	0	0	0	0	96.6	85.7				
RASL10B	no	0	203.0	0	0	0	0	0	1	0	0	0	0	99.5					
RCCD1	no	0	376.0	0	0	0	0	1	1	0	0	0	0	85.9	73.7				
RDX	no	0	583.0	0	0	0	0	1	1	1	0	0	0	99.8	98.5	2.0			
RETNLB	no	0	111.0	88	1	1	1	0	1	0	0	0	1	86.5			RETN	51.1	
RFPL3	no	0	317.0	0	0	0	0	0	0	1	0	0	0			2.0			
RFTN2	no	0	501.0	0	0	0	0	1	1	0	0	0	0	97.2	79.4				
RGS19	no	0	217.0	0	0	0	0	1	1	0	0	0	0	98.6	90.3				
RGS8	no	0	180.0	0	0	0	0	1	1	0	0	0	0	95.0	98.3				
RHBDL3	no	7	404.0	74	0	0	1	1	1	0	0	0	1	67.8	95.5		RHBDL1	55.7	
RHOA	no	0	193.0	0	0	0	0	1	1	0	0	0	0	100.0	99.5				
RIGI	no	0	925.0	0	0	0	0	1	1	0	0	0	0	95.7	77.1				
RIMS2	no	0	1411.0	0	0	0	0	1	1	0	0	0	0	92.5	91.8				
RIMS4	no	0	269.0	0	0	0	0	1	1	0	0	0	0	99.6	99.3				
RIPK1	no	0	671.0	0	0	0	0	1	1	0	0	0	0	94.2	69.6				
RNASE12	no	0	147.0	127	1	1	1	1	1	0	0	0	0	95.2	67.3		RNASE9	32.3	
RNASE13	no	0	156.0	134	1	1	1	1	1	0	0	0	0	81.4	69.9		ANG	26.0	
RNASE4	no	0	147.0	119	1	1	1	1	1	0	0	0	1	96.6	83.7		RNASE1	43.7	
RNF114	no	0	228.0	0	0	0	0	1	1	0	0	0	0	98.7	89.9				
RNF13	no	1	381.0	149	1	1	0	1	1	0	0	0	1	99.5	93.4		RNF167	54.4	
RNF146	no	0	359.0	0	0	0	0	1	1	0	0	0	0	98.6	92.5				
RNF149	no	1	400.0	168	1	1	0	1	1	0	0	1	1	95.8	76.8		RNF148	45.8	3.0
RNF152	no	1	203.0	16	0	0	1	1	1	0	0	0	1	99.5	97.5		CD274	4.1	
RNF180	no	1	592.0	2	0	0	1	1	1	0	1	0	0	97.3	82.1				
RNF217	no	0	542.0	0	0	0	0	1	1	0	0	0	0	98.2	79.0				
RNF39	no	0	420.0	0	0	0	0	1	1	0	0	0	0	97.2	83.2				
RNFT2	no	6	444.0	37	0	0	0	1	1	1	1	0	1	91.4	92.3	2.0	RNFT1	44.4	
RP2	no	0	350.0	0	0	0	0	1	1	0	0	0	0	99.1	88.0				
RPLP0	no	0	317.0	0	0	0	0	0	0	0	0	0	0						
RPLP2	no	0	115.0	0	0	0	0	0	1	0	0	0	0	100.0					
RPRM	no	1	109.0	58	0	1	0	1	1	0	0	0	0	100.0	97.2		RPRML	39.7	
RRP12	no	0	1297.0	0	0	0	0	1	1	0	0	0	0	97.7	90.4				
RSPO3	no	0	272.0	251	1	1	1	1	1	0	0	0	1	95.6	89.3		RSPO2	47.7	
RSPRY1	no	0	576.0	0	0	0	0	1	1	0	0	0	0	99.3	96.7				
RTBDN	no	0	229.0	199	1	1	1	1	1	0	0	0	0	94.8	54.6		FOLR1	23.4	
RTL3	no	0	475.0	0	0	0	0	1	0	0	0	0	0		60.0				
RTL4	no	0	310.0	0	0	0	0	1	1	0	0	0	0	93.5	58.1				
RTL8C	no	0	209.0	0	0	0	0	0	0	0	0	0	0						
RTN2	no	4	545.0	7	0	0	0	1	1	0	0	0	1	77.1	72.3		RTN1	50.0	
RTN3	no	4	1032.0	2	0	0	0	1	1	0	1	0	1	84.8	63.9		RTN1	100.0	
S100A3	no	0	101.0	0	0	0	0	1	1	1	0	0	0	98.0	90.1	2.0			
SAMD10	no	0	202.0	0	0	0	0	1	0	0	0	0	0		92.1				
SAMD12	no	0	201.0	0	0	0	0	1	1	0	0	0	0	78.6	74.6				
SAPCD1	no	0	148.0	0	0	0	0	1	1	1	0	0	0	93.8	58.4	2.0			
SAPCD2	no	0		0	0	1	0	0	0	0	0	0	0	92.9	75.1	2.0			
SART3	no	0	963.0	0	0	0	0	1	1	0	0	0	0	98.5	86.8				
SCG2	no	0	617.0	590	1	1	1	1	1	0	0	0	0	91.2	81.8				
SCPEP1	no	0	452.0	426	1	1	1	1	1	1	0	0	0	96.0	82.3	2.0	CPVL	28.6	
SCPPPQ1	no	0	79.0	64	1	1	1	0	0	0	0	0	0						
SCRG1	no	0	98.0	78	1	1	1	1	1	0	0	0	0	93.9	81.6				
SCRIB	no	0	1655.0	0	0	0	0	1	0	0	0	0	0		87.1				
SDIM1	no	0	146.0	0	0	0	0	0	0	0	0	0	0						
SELENOF	no	0	165.0	134	1	1	1	1	1	0	0	0	0	97.0	90.9		SELENOM	21.6	
SELENOP	no	0	381.0	363	1	1	1	1	0	0	0	0	0		71.1				
SELENOS	no	1	189.0	28	0	1	0	1	1	0	0	0	0	84.7	83.6				
SEMA3C	no	0	751.0	730	1	1	1	1	1	1	0	0	1	99.2	97.1	2.0	SEMA3F	54.9	
SEMA3E	no	0	775.0	750	1	1	1	1	1	1	0	0	1	99.2	90.2	2.0	SEMA3G	51.5	
SEMA3G	no	0	782.0	760	1	1	1	1	1	1	0	0	1	97.8	87.1	2.0	SEMA3E	51.5	
SERPINB2	no	0	415.0	0	0	0	0	1	1	0	0	0	0	94.9	75.9				
SFTA2	no	0	78.0	59	1	1	1	1	1	0	0	0	0	98.7	53.8				
SFTPA2	no	0	248.0	229	1	1	1	0	0	1	0	0	1			4.0	SFTPA1	97.4	
SGPL1	no	1	568.0	39	0	1	0	1	1	0	0	0	0	99.6	84.7				
SGSH	no	0	502.0	482	1	1	1	1	1	0	0	0	0	96.6	88.2		ARSA	30.5	
SH3YL1	no	0	342.0	0	0	0	0	1	1	0	0	0	0	98.8	92.4				
SHANK1	no	0	2161.0	0	0	0	0	1	0	0	0	0	0		93.9				
SHANK2	no	0	1849.0	0	0	0	0	1	1	0	0	0	0	67.6	89.3				
SHBG	no	0	402.0	373	1	1	1	1	1	1	0	0	0	87.3	66.2	2.0	PROS1	31.9	
SHISA2	no	1	295.0	84	1	1	0	1	1	0	0	0	1	98.3	92.5		SHISA3	66.2	
SHISA3	no	1	238.0	77	1	1	0	1	1	0	0	0	1	98.7	92.9		SHISA2	60.7	
SHISAL1	no	1	199.0	73	1	1	0	1	0	0	0	0	0		93.5		SHISA4	32.8	
SHISAL2A	no	1	190.0	64	0	1	0	1	1	0	0	0	1	70.5	74.7		SHISAL2B	60.9	
SHKBP1	no	0	707.0	0	0	0	0	1	1	0	0	0	0	98.6	92.8				
SHROOM1	no	0	852.0	0	0	0	0	1	0	0	0	0	0		59.3				
SHROOM2	no	0	1616.0	0	0	0	0	1	0	0	0	0	0		63.9				
SHROOM3	no	0	1996.0	0	0	0	0	1	1	0	0	0	0	88.1	71.2				
SIAE	no	0	523.0	500	1	1	1	1	1	0	0	0	0	96.9	78.6				
SIPA1L3	no	0	1781.0	0	0	0	0	1	1	0	0	0	0	93.8	91.2				
SKAP1	no	0	359.0	0	0	0	0	1	1	1	0	0	0	97.5	81.6	2.0			
SLC10A3	no	9	477.0	200	1	1	0	1	1	0	0	0	0	95.4	85.1		SLC10A5	32.3	
SLC10A7	no	10	340.0	70	0	0	0	1	1	0	1	0	0	97.9	94.7				
SLC11A1	no	12	550.0	119	0	0	0	1	1	0	1	0	1	97.1	86.9		SLC11A2	55.3	
SLC12A9	no	12	914.0	100	0	0	0	1	1	1	1	0	0	94.6	93.2	2.0	SLC12A8	32.4	
SLC15A3	no	12	581.0	151	0	0	0	1	1	0	0	1	1	91.6	80.7		SLC15A4	47.0	1.0
SLC15A5	no	12	579.0	108	0	0	0	1	1	0	0	0	0	95.0	62.7		SLC15A1	33.7	
SLC17A6	no	12	582.0	96	0	0	0	1	1	0	0	0	1	99.7	97.4		SLC17A7	86.0	
SLC17A7	no	12	560.0	93	0	0	0	1	0	0	0	0	1		98.6		SLC17A6	86.0	
SLC18A3	no	12	532.0	112	0	0	0	1	1	0	0	0	0	98.3	94.2		SLC18A2	33.6	
SLC18B1	no	12	456.0	53	0	0	0	1	1	0	0	0	0	96.3	79.8		SLC18A3	31.1	
SLC22A10	no	12	541.0	139	0	0	0	0	0	0	1	0	1				SLC22A9	74.8	
SLC24A5	no	10	500.0	103	1	1	1	1	1	0	0	0	0	95.8	84.8		SLC24A4	42.3	
SLC2A6	no	12	507.0	80	0	0	0	1	1	0	0	0	0	95.9	81.5		SLC2A10	37.0	
SLC30A6	no	6	461.0	29	0	0	0	1	1	1	1	0	0	98.3	92.2	2.0	SLC30A1	50.0	
SLC33A1	no	12	549.0	116	0	0	0	1	1	0	0	0	0	98.7	93.6		SLC33A2	24.6	
SLC35F4	no	10	521.0	51	0	0	0	1	1	0	0	0	1	93.8	95.3		SLC35F3	51.0	
SLC35G1	no	10	365.0	70	0	0	0	1	1	0	0	0	0	90.7	79.2		SLC35G4	17.9	
SLC35H1	no	10	365.0	44	0	0	0	1	1	0	0	0	0	96.4	95.1		SLC35E3	28.0	
SLC36A3	no	11	470.0	94	0	0	1	1	1	0	1	0	1	96.0	74.5		SLC36A1	58.5	
SLC37A3	no	12	494.0	90	0	0	0	0	1	0	1	0	0	90.7			SLC17A3	30.3	
SLC38A12	no	11	496.0	96	0	0	1	1	1	0	1	0	0	89.9	89.7				
SLC39A13	no	6	371.0	77	1	1	1	1	1	1	0	0	0	83.8	87.9	2.0	SLC39A7	29.9	
SLC45A1	no	12	748.0	80	0	0	0	1	1	0	0	0	1	98.7	90.9		SLC45A4	52.2	
SLC45A2	no	12	530.0	75	0	0	0	1	1	0	1	0	0	96.2	82.5		SLC45A4	41.1	
SLC46A3	no	12	461.0	103	0	0	0	1	1	0	1	0	0	95.9	74.8		SLC46A1	34.1	
SLC60A1	no	12	514.0	110	0	0	0	1	1	0	1	0	0	97.9	85.4		SLC60A2	24.2	
SLC66A1	no	7	291.0	94	0	1	0	1	1	0	1	0	0	80.8	86.3		TMEM44	31.8	
SLC67A2	no	12	474.0	53	0	0	0	1	1	0	0	0	0	93.0	72.4		SLC61A1	28.0	
SLC6A17	no	12	727.0	223	0	0	0	1	1	0	0	0	1	99.2	96.6		SLC6A15	64.4	
SLC71A2	no	12	506.0	80	0	0	0	1	1	0	1	0	1	99.4	90.3		SLC71A1	65.3	
SLC7A14	no	14	771.0	100	0	0	0	1	1	0	0	0	0	93.3	96.8		SLC7A4	39.4	
SLC8B1	no	12	584.0	146	1	1	1	1	1	0	1	0	0	96.4	82.9				
SLC9D1	no	13	677.0	312	1	1	0	1	1	1	1	1	0	96.9	89.5	2.0			1.0
SLIT2	no	0	1529.0	1504	1	1	1	1	1	0	0	0	1	99.7	96.7		SLIT3	67.8	
SLURP2	no	0	97.0	75	1	1	1	0	0	0	0	0	0						
SMC3	no	0	1217.0	0	0	0	0	1	1	0	0	0	0	99.9	99.9				
SMIM21	no	0	101.0	0	0	0	0	0	0	0	0	0	0						
SMIM30	no	1	59.0	5	1	1	0	1	0	0	0	0	0		91.5				
SMIM47	no	1	28.0	2	0	1	0	1	0	0	0	0	0		89.3				
SMIM48	no	1	119.0	5	0	0	1	1	0	0	0	0	0		72.3				
SMIM7	no	2	75.0	7	0	1	1	1	1	0	0	0	0	96.0	96.0				
SMLR1	no	2	107.0	14	0	0	0	0	1	0	0	0	0	86.9					
SMPD2	no	2	423.0	6	0	0	0	1	1	1	0	0	0	95.7	75.2	2.0			
SMPD4	no	2	866.0	8	0	0	0	1	1	0	0	0	0	98.7	89.7				
SMPDL3A	no	0	453.0	431	1	1	1	1	1	0	0	0	1	95.8	79.2		SMPDL3B	40.1	
SNAP25	no	0	206.0	0	0	0	0	1	1	1	0	0	0	98.5	95.6	2.0			
SNTB2	no	0	540.0	0	0	0	0	1	1	0	0	0	0	99.1	79.8				
SNTG2	no	0	539.0	0	0	0	0	1	1	0	0	0	0	95.2	83.1				
SOCS3	no	0	225.0	0	0	0	0	1	0	0	0	0	0		96.9				
SORBS1	no	0	1292.0	0	0	0	0	1	1	0	0	0	0	85.3	55.7				
SPAAR	no	1	90.0	17	0	1	0	1	0	0	0	0	0		65.3				
SPACA7	no	0	195.0	171	1	1	1	0	1	0	0	0	0	84.1					
SPACDR	no	0	206.0	0	0	0	0	0	0	0	0	0	0						
SPADH	no	0	137.0	116	1	1	1	0	0	0	0	0	0						
SPATA12	no	0	190.0	0	0	0	0	0	1	0	0	0	0	90.0					
SPATA31A7	no	1	1347.0	24	0	1	0	0	0	0	0	0	1				SPATA31A5	100.0	
SPEF1	no	0	236.0	0	0	0	0	1	1	1	0	0	0	96.2	88.1	2.0			
SPG11	no	0	2443.0	0	0	0	0	1	0	0	0	0	0		76.5				
SPINK14	no	0	97.0	73	1	1	1	1	1	0	0	0	1	92.8	64.9		SPINK7	52.4	
SPINK4	no	0	86.0	60	1	1	1	1	1	0	0	0	0	90.7	62.8				
SPINK5	no	0	1064.0	1042	1	1	1	1	1	0	0	0	0	94.3	60.6		SPINK6	54.4	
SPINK6	no	0	80.0	57	1	1	1	1	1	0	0	0	0	95.0	77.5		SPINK5	54.4	
SPINK7	no	0	85.0	63	1	1	1	1	1	0	0	0	1	96.5	67.1		SPINK14	52.4	
SPINT4	no	0	99.0	75	1	1	1	0	1	0	0	0	0	90.9			WFIKKN2	50.7	
SPIRE1	no	0	756.0	0	0	0	0	1	1	0	0	0	0	97.9	88.9				
SPNS3	no	12	512.0	83	0	0	0	1	1	0	1	0	1	94.5	79.3		SPNS1	43.9	
SPOCK1	no	0	439.0	418	1	1	1	1	1	0	0	0	1	98.9	95.2		SPOCK3	53.7	
SPOCK3	no	0	436.0	415	1	1	1	1	1	0	0	0	1	99.1	85.7		SPOCK1	53.7	
SPPL2A	no	9	520.0	195	1	1	0	1	1	0	0	0	1	95.0	79.8		SPPL2B	40.2	
SPPL3	no	9	384.0	77	0	1	0	1	1	0	1	0	0	98.2	100.0		SPPL2B	38.2	
SPRR2A	no	0	72.0	0	0	0	0	0	0	0	0	0	0						
SPRR2G	no	0	73.0	0	0	0	0	0	0	0	0	0	0						
SPRYD3	no	0	442.0	0	0	0	0	1	1	0	0	0	0	98.2	99.5				
SRPX	no	0	464.0	434	1	1	1	1	1	0	0	0	1	94.4	92.7		CSMD3	47.5	
SSC4D	no	0	575.0	528	1	1	1	1	1	0	0	0	0	97.4	87.7		DMBT1	56.4	
SSC5D	no	0	1573.0	1557	1	1	1	1	1	0	0	0	0	80.5	64.3		LGALS3BP	58.0	
SSR1	no	1	286.0	175	1	1	0	1	1	0	0	1	0	85.3	95.5				2.0
STAMBP	no	0	424.0	0	0	0	0	1	1	1	0	0	0	99.1	83.5	2.0			
STAMBPL1	no	0	436.0	0	0	0	0	1	1	0	0	0	0	96.3	91.1				
STBD1	no	0	358.0	0	0	0	0	1	1	0	0	0	0	94.7	63.1				
STOML1	no	2	398.0	1	0	0	0	1	1	1	0	0	0	68.6	89.2	13.0	STOM	0.0	
STRN3	no	0	797.0	0	0	0	0	1	1	0	0	0	0	99.1	96.0				
STX19	no	0	294.0	0	0	0	0	1	1	0	0	0	0	98.0	86.1				
STX1A	no	1	288.0	2	0	0	1	1	1	0	1	0	1	91.3	98.3		STX5	100.0	
SUCO	no	3	1254.0	871	1	1	0	1	1	0	1	1	0	97.8	86.0				4.0
SUMF1	no	0	374.0	340	1	1	1	1	1	0	0	0	1	96.5	85.8		SUMF2	40.0	
SUN5	no	1	379.0	261	0	0	1	1	1	1	0	0	1	93.7	72.6	3.0	SPAG4	100.0	
SV2B	no	12	683.0	173	0	0	0	1	1	0	1	0	1	99.4	94.9		SV2A	63.9	
SV2C	no	12	727.0	170	0	0	0	1	1	0	0	0	1	98.9	97.1		SV2A	58.0	
SVIL	no	0	2214.0	0	0	0	0	1	0	0	0	0	0		80.7				
SYCP1	no	0	976.0	0	0	0	0	1	1	0	0	0	0	96.8	74.3				
SYDE2	no	0	1194.0	0	0	0	0	1	1	0	0	0	0	89.9	74.6				
SYK	no	0	635.0	0	0	0	0	1	1	0	0	0	0	95.6	91.5				
SYNC	no	0	482.0	0	0	0	0	1	1	1	0	0	0	94.0	76.6	2.0			
SYNDIG1L	no	3	238.0	12	0	0	1	1	1	0	0	0	1	98.7	88.7		SYNDIG1	58.3	
SYNE2	no	1	6885.0	32	0	0	1	1	1	0	1	0	1	96.0	70.4		SYNE3	82.8	
SYPL1	no	4	259.0	98	0	0	0	1	1	0	0	0	0	95.9	84.2		SYP	35.1	
SYPL2	no	4	272.0	97	0	0	0	1	1	0	1	0	1	98.9	91.2		SYNPR	42.3	
SYT11	no	1	431.0	15	0	1	0	1	1	0	0	0	1	99.3	95.1		SYT15	60.0	
SYT14	no	1	555.0	25	0	1	0	1	1	0	1	0	1	89.9	80.3		SYT11	53.3	
SYT6	no	1	510.0	60	0	1	0	1	1	0	1	0	0	94.7	95.9		SYT13	50.0	
TBC1D10A	no	0	508.0	0	0	0	0	1	1	0	0	0	0	97.6	90.6				
TBC1D3E	no	0	549.0	0	0	0	0	0	0	0	0	0	0						
TBC1D3K	no	0	549.0	0	0	0	0	0	0	0	0	0	0						
TBC1D8	no	0	1140.0	0	0	0	0	1	1	0	0	0	0	98.1	90.5				
TBC1D9B	no	0	1250.0	0	0	0	0	1	1	0	0	0	0	97.8	92.4				
TEX36	no	0	186.0	0	0	0	0	1	1	0	0	0	0	84.9	61.3				
THNSL2	no	0	484.0	0	0	0	0	1	1	0	0	0	0	95.5	83.1				
TINAGL1	no	0	467.0	446	1	1	1	1	1	0	0	0	1	93.8	88.9		TINAG	48.7	
TJP1	no	0	1748.0	0	0	0	0	1	1	0	0	0	0	98.7	88.0				
TLL2	no	0	1015.0	990	1	1	1	1	1	0	0	0	1	97.4	90.0		BMP1	76.0	
TLN1	no	0	2541.0	0	0	0	0	1	1	0	0	0	0	99.5	98.7				
TM2D3	no	2	247.0	171	1	1	1	1	1	0	0	0	0	82.2	87.0		TM2D1	36.4	
TM6SF1	no	10	370.0	89	0	0	0	1	1	1	0	0	1	94.1	94.3	2.0	TM6SF2	52.9	
TM9SF3	no	9	589.0	236	1	1	0	1	1	0	0	1	0	99.3	99.0		TM9SF1	36.0	1.0
TM9SF4	no	9	642.0	303	1	1	0	1	1	0	0	0	0	100.0	96.9		TM9SF2	35.6	
TMBIM1	no	7	311.0	32	0	0	1	1	1	0	0	0	1	98.4	88.7		FAIM2	45.2	
TMCO5A	no	1	288.0	44	0	0	1	1	1	0	1	0	0	94.4	71.2		SMCO2	40.5	
TMED7	no	1	224.0	151	1	1	0	1	0	0	1	1	1		96.0		TMED3	72.8	1.0
TMED8	no	0	325.0	0	0	0	0	1	1	0	0	0	0	96.9	86.2				
TMEM102	no	0	508.0	0	0	0	0	1	1	1	0	0	0	92.5	79.9	2.0			
TMEM116	no	4	245.0	50	0	0	0	1	1	0	1	0	0	86.6	70.0		GPR157	37.5	
TMEM121B	no	8	578.0	43	0	0	0	1	0	0	1	0	0		87.4				
TMEM125	no	4	219.0	20	0	0	0	1	1	0	0	0	0	58.9	84.9				
TMEM134	no	2	195.0	10	0	0	0	1	1	0	1	0	0	96.9	93.3				
TMEM141	no	2	108.0	6	0	0	0	1	1	0	0	0	1	93.5	78.7				
TMEM151A	no	2	468.0	31	0	0	0	1	0	0	0	0	0		97.4		TMEM151B	32.3	
TMEM151B	no	2	566.0	26	0	0	0	1	0	0	0	0	0		93.3		TMEM151A	38.5	
TMEM161A	no	9	479.0	137	0	1	0	1	1	0	1	0	0	96.7	82.9		TMEM161B	39.4	
TMEM164	no	7	297.0	76	0	1	0	1	1	1	1	0	0	100.0	94.9	2.0			
TMEM165	no	6	324.0	85	1	1	1	1	1	0	0	0	0	83.3	91.4				
TMEM17	no	4	198.0	23	0	0	0	1	1	0	0	0	0	98.0	79.8		TMEM216	23.5	
TMEM171	no	4	324.0	38	0	0	0	1	1	0	0	0	0	94.1	74.7				
TMEM178A	no	4	297.0	175	0	0	0	1	1	0	1	0	1	91.2	98.3		TMEM178B	46.4	
TMEM178B	no	4	294.0	166	0	0	0	1	1	0	0	0	1	99.7	99.7		TMEM178A	46.4	
TMEM183A	no	0	376.0	0	0	0	0	1	1	0	0	0	0	94.7	93.4				
TMEM184B	no	7	407.0	91	0	1	0	1	0	0	0	0	0		96.1		TMEM184A	43.3	
TMEM184C	no	8	438.0	64	0	0	0	1	1	0	1	0	0	98.9	78.5		TMEM184A	28.8	
TMEM187	no	8	261.0	47	0	0	0	0	0	0	0	0	0						
TMEM207	no	1	146.0	21	1	1	0	1	1	0	0	0	0	93.8	61.6				
TMEM213	no	1	107.0	43	1	1	0	1	1	0	1	0	0	91.6	68.2				
TMEM217B	no	4	170.0	44	0	0	0	0	0	0	0	0	0				TMEM217	17.4	
TMEM222	no	1	208.0	7	0	0	1	1	1	0	0	0	0	89.9	94.2				
TMEM225	no	4	225.0	56	0	0	0	0	1	1	0	0	0	84.9		2.0			
TMEM225B	no	4	221.0	60	0	0	0	0	0	0	0	0	0						
TMEM230	no	2	120.0	12	0	0	0	1	1	0	0	0	0	100.0	96.7				
TMEM232	no	0	657.0	0	0	0	0	1	1	0	0	0	0	95.0	65.8				
TMEM235	no	4	223.0	92	0	0	0	1	1	0	0	0	0	91.5	68.2		TMEM114	42.4	
TMEM238	no	2	176.0	10	0	0	0	1	0	0	0	0	0		85.2				
TMEM244	no	4	128.0	33	0	0	0	0	0	0	0	0	0				SYS1	19.8	
TMEM252	no	2	170.0	11	0	0	0	1	1	0	0	0	0	92.9	65.3				
TMEM254	no	4	123.0	28	0	0	0	1	0	0	1	0	0		81.3				
TMEM255B	no	4	326.0	96	0	0	0	1	1	0	0	0	0	84.0	77.6				
TMEM256	no	4	113.0	27	0	0	0	1	1	0	0	0	1	98.2	89.4				
TMEM35B	no	4	154.0	43	0	0	0	1	0	0	0	0	0		65.6		TMEM35A	17.0	
TMEM37	no	4	190.0	55	0	0	0	1	1	0	0	0	0	93.2	74.7				
TMEM42	no	4	159.0	17	0	0	0	1	0	0	0	0	0		81.1				
TMEM44	no	7	475.0	66	0	1	0	1	1	0	0	0	0	93.0	78.3		SLC66A1	31.8	
TMEM50A	no	4	157.0	22	0	0	0	1	1	0	0	0	0	99.4	94.3		TMEM50B	40.9	
TMEM59L	no	1	342.0	243	1	1	0	1	0	0	0	0	0		72.5		TMEM59	38.2	
TMEM61	no	2	210.0	30	0	0	0	0	1	0	0	0	0	91.9					
TMEM65	no	3	240.0	25	0	0	1	1	1	1	0	0	0	90.0	90.8	2.0			
TMEM79	no	5	394.0	60	0	0	1	1	1	1	0	0	0	98.0	83.0	3.0			
TMEM86A	no	8	240.0	24	0	0	0	1	1	0	0	0	0	97.9	88.8		TMEM86B	26.1	
TMEM86B	no	8	226.0	23	0	0	0	1	0	1	0	0	0		65.9	2.0	TMEM86A	26.1	
TMEM87B	no	7	555.0	231	1	1	0	1	1	0	0	1	0	96.9	88.3		TMEM87A	36.5	1.0
TMEM9	no	1	183.0	67	1	1	0	1	1	0	0	0	1	100.0	97.3		TMEM9B	76.1	
TMEM91	no	3	172.0	8	0	0	1	1	1	0	1	0	0	70.9	78.5		SYNDIG1L	37.5	
TMEM9B	no	1	198.0	67	1	1	0	1	1	0	0	0	1	99.5	94.9		TMEM9	76.1	
TMTC2	no	11	836.0	533	0	0	1	1	1	0	0	0	0	99.5	95.7		TMTC1	40.0	
TMUB1	no	3	246.0	17	0	1	0	0	1	0	0	0	0	98.4			TMUB2	38.7	
TMX4	no	1	349.0	166	1	1	0	1	1	0	0	1	1	97.1	79.7		TMX1	50.0	1.0
TNK2	no	0	1038.0	0	0	0	0	1	1	0	0	0	0	91.4	93.3				
TP53I11	no	4	189.0	27	0	0	0	1	1	1	0	0	0	98.4	90.5	2.0			
TPCN1	no	12	816.0	153	0	0	0	1	1	1	1	1	0	98.9	90.9	2.0	TPCN2	35.0	1.0
TPTE2	no	4	522.0	26	0	0	0	0	0	0	1	0	1				TPTE	100.0	
TRAPPC14	no	0	580.0	0	0	0	0	1	1	0	0	0	0	82.8	96.4				
TRDN	no	2	729.0	1	0	0	0	1	1	0	1	0	0	94.5	67.2				
TSGA13	no	0	275.0	0	0	0	0	1	1	0	0	0	0	94.9	58.9				
TTC17	no	1	1141.0	1	1	1	0	1	1	0	1	0	0	99.0	95.5				
TTC7B	no	0	843.0	0	0	0	0	1	1	0	0	0	0	99.8	97.0				
TTLL12	no	0	644.0	0	0	0	0	1	1	0	0	0	0	96.7	85.1				
TXNDC11	no	1	985.0	905	0	0	1	1	1	0	0	0	0	96.6	81.9		TMX1	41.0	
TXNDC15	no	1	360.0	291	1	1	0	1	0	0	0	1	0		76.9				1.0
UBAC1	no	0	405.0	0	0	0	0	1	0	0	0	0	0		90.1				
UBAC2	no	6	344.0	37	0	0	0	1	1	0	1	0	0	96.2	89.2				
UBALD1	no	0	177.0	0	0	0	0	1	1	0	0	0	0	96.6	92.1				
UGT8	no	1	541.0	453	1	1	0	1	1	1	0	0	0	98.9	93.2	2.0	UGT2B17	39.5	
UNC79	no	0	2635.0	0	0	0	0	1	1	0	0	0	0	97.2	93.7				
USP14	no	0	494.0	0	0	0	0	1	1	0	0	0	0	99.8	96.8				
USP53	no	0	1073.0	0	0	0	0	1	1	0	0	0	0	96.1	74.8				
USP6NL	no	0	828.0	0	0	0	0	1	0	0	0	0	0		82.1				
UTRN	no	0	3433.0	0	0	0	0	1	1	0	0	0	0	97.8	87.5				
UTS2B	no	0	119.0	91	1	1	1	0	1	0	0	0	0	84.0					
VAMP2	no	1	116.0	4	0	0	1	1	1	0	0	0	1	99.1	95.7		VAMP1	100.0	
VAMP8	no	1	100.0	4	0	0	1	1	1	0	0	0	0	100.0	87.0		VAMP7	50.0	
VASH1	no	0	365.0	0	0	0	0	1	1	0	0	0	0	81.1	93.2				
VEZT	no	2	779.0	2	0	0	0	1	1	0	1	0	0	97.0	83.8				
VMO1	no	0	202.0	178	1	1	1	1	1	0	0	0	0	89.6	70.8				
VMP1	no	8	406.0	82	0	0	0	1	1	0	1	0	0	99.0	94.1		CYB5D2	35.0	
VOPP1	no	1	172.0	38	1	1	0	1	0	0	0	0	0		89.5				
VSNL1	no	0	191.0	0	0	0	0	1	1	0	0	0	0	100.0	100.0				
VSTM2A	no	0	236.0	212	1	1	1	1	1	0	0	0	0	96.2	80.0		IGSF3	38.7	
VSTM2L	no	0	204.0	180	1	1	1	1	1	0	0	0	0	62.7	94.1		NPTN	30.0	
VTN	no	0	478.0	459	1	1	1	1	1	0	0	0	0	92.3	74.1		PRG4	32.9	
VWA7	no	0	891.0	863	1	1	1	1	1	0	0	0	0	94.9	82.3				
VWC2L	no	0	222.0	201	1	1	1	1	1	0	0	0	0	100.0	98.6		MUC5AC	59.7	
WASF2	no	0	498.0	0	0	0	0	1	1	0	0	0	0	89.4	91.6				
WDR53	no	0	358.0	0	0	0	0	1	1	0	0	0	0	97.8	83.5				
WDR86	no	0	376.0	0	0	0	0	1	1	0	0	0	0	77.9	87.8				
WFDC1	no	0	220.0	189	1	1	1	1	1	0	0	0	0	94.5	79.5				
WFDC5	no	0	224.0	200	1	1	1	1	1	0	0	0	0	95.9	67.5		WFDC12	38.6	
WFDC8	no	0	241.0	203	1	1	1	0	1	0	0	0	0	82.2			EPPIN	38.4	
WFS1	no	11	890.0	309	0	0	1	1	1	0	0	0	0	98.2	86.9				
WNT1	no	0	370.0	343	1	1	1	1	1	0	0	0	1	99.7	98.9		WNT6	45.8	
WNT2B	no	0	391.0	333	1	1	1	1	1	0	0	0	1	76.5	94.9		WNT2	70.1	
WNT3	no	0	355.0	334	1	1	1	1	1	0	0	0	1	100.0	98.9		WNT3A	87.1	
WNT4	no	0	351.0	329	1	1	1	1	1	0	0	0	1	100.0	98.9		WNT7B	52.0	
WNT5A	no	0	380.0	337	1	1	1	1	1	0	0	0	1	92.4	98.7		WNT5B	83.4	
WNT7A	no	0	349.0	318	1	1	1	1	1	0	0	0	1	99.7	99.4		WNT7B	80.2	
XKRX	no	12	449.0	50	0	0	0	1	1	0	1	0	1	98.4	92.0		XKR3	63.4	
XRCC5	no	0	732.0	0	0	0	0	1	1	1	0	0	0	98.8	78.4	2.0			
YIPF4	no	5	244.0	11	0	0	1	1	1	0	0	0	1	99.6	98.0		YIPF6	27.3	
YTHDC1	no	0	727.0	0	0	0	0	1	1	0	0	0	0	99.9	97.0				
ZBED3	no	0	234.0	0	0	0	0	1	1	1	0	0	0	68.4	50.9	2.0			
ZBED8L	no	0	573.0	0	0	0	0	0	1	1	0	0	0	96.5		2.0			
ZFYVE27	no	4	411.0	2	0	0	0	1	1	1	1	0	0	82.0	87.8	2.0			
ZG16	no	0	167.0	151	1	1	1	1	0	0	0	0	0		83.8				
ZG16B	no	0	172.0	156	1	1	1	0	0	0	0	0	0						
ZGPAT	no	0	531.0	0	0	0	0	1	1	0	0	0	0	97.5	80.0				
ZMYND10	no	0	440.0	0	0	0	0	1	1	0	0	0	0	98.4	88.6				
ZNF474	no	0	364.0	0	0	0	0	1	1	0	0	0	0	90.9	66.5				
ZNG1C	no	0	395.0	0	0	0	0	0	0	0	0	0	0						
ZNG1E	no	0	395.0	0	0	0	0	0	0	0	0	0	0						
ZNRF2	no	0	242.0	0	0	0	0	1	1	0	0	0	0	96.7	82.2				
A2ML1	sonnet_dual_triage	0	1454.0	1437	1	1	1	0	1	0	0	0	1	95.5			A2M	41.7	
AADACL2	sonnet_dual_triage	0	401.0	0	0	0	0	1	1	0	0	0	0	98.0	79.1				
AADACL3	sonnet_dual_triage	1	407.0	3	0	1	0	1	1	0	0	0	0	89.4	61.9		AADACL4	33.3	
AADACL4	sonnet_dual_triage	1	407.0	4	0	1	0	0	0	0	0	0	0				AADACL3	33.3	
AAMP	sonnet_dual_triage	0	434.0	0	0	0	0	1	1	0	0	0	0	99.8	98.6				
AATK	sonnet_dual_triage	1	1374.0	31	0	1	0	1	0	0	1	0	1		69.8		LMTK3	42.1	
ABCA1	sonnet_dual_triage	12	2261.0	1031	0	0	0	1	1	0	0	1	1	98.9	95.3		ABCA4	48.7	3.0
ABCA10	sonnet_dual_triage	13	1543.0	364	0	1	0	0	1	0	1	0	1	93.8			ABCA6	56.4	
ABCA13	sonnet_dual_triage	12	5058.0	3876	0	0	0	1	1	0	1	1	0	91.6	65.7		ABCA2	39.3	5.0
ABCA5	sonnet_dual_triage	14	1642.0	398	0	0	0	1	1	0	1	0	0	98.5	90.1		ABCA13	33.4	
ABCA7	sonnet_dual_triage	12	2146.0	926	0	0	0	1	1	0	1	1	1	84.4	77.8		ABCA1	48.0	1.0
ABCA8	sonnet_dual_triage	14	1621.0	398	0	0	0	1	1	0	1	1	1	96.7	75.5		ABCA9	60.9	1.0
ABCA9	sonnet_dual_triage	12	1624.0	423	0	0	0	1	1	0	1	1	1	96.1	78.6		ABCA8	60.9	1.0
ABCB1	sonnet_dual_triage	12	1280.0	109	0	0	0	0	0	0	0	0	1				ABCB4	52.4	
ABCB4	sonnet_dual_triage	12	1286.0	116	0	0	0	1	1	0	0	1	1	97.6	90.9		ABCB1	52.4	1.0
ABCB5	sonnet_dual_triage	12	1257.0	107	0	0	0	1	1	0	1	0	1	95.5	78.0		ABCB1	45.5	
ABCB6	sonnet_dual_triage	11	842.0	73	0	1	0	1	1	1	0	0	0	98.1	89.0	2.0	ABCB8	25.5	
ABCB9	sonnet_dual_triage	10	766.0	84	0	0	0	1	1	1	1	0	0	99.0	93.7	2.0	TAP1	31.8	
ABCC1	sonnet_dual_triage	17	1531.0	140	0	1	0	1	1	0	0	0	1	96.0	88.1		ABCC3	49.6	
ABCC10	sonnet_dual_triage	17	1492.0	167	0	1	0	1	1	0	1	0	0	97.0	84.9		ABCC11	32.7	
ABCC11	sonnet_dual_triage	12	1382.0	83	0	0	0	0	1	0	0	0	0	92.0			ABCC5	38.2	
ABCC12	sonnet_dual_triage	12	1359.0	88	0	0	0	1	1	0	1	0	0	97.0	85.3		ABCC11	36.1	
ABCC2	sonnet_dual_triage	17	1545.0	140	0	1	0	1	1	0	0	0	1	96.0	77.5		ABCC1	44.7	
ABCC3	sonnet_dual_triage	17	1527.0	128	0	1	0	1	1	0	1	0	1	95.5	80.7		ABCC1	49.6	
ABCC4	sonnet_dual_triage	12	1325.0	86	0	0	0	1	1	0	1	0	0	97.5	87.1		ABCC5	33.3	
ABCC5	sonnet_dual_triage	12	1437.0	78	0	0	0	1	1	0	1	0	0	96.8	95.0		ABCC11	38.2	
ABCC8	sonnet_dual_triage	17	1581.0	161	0	1	0	1	1	0	1	0	1	95.8	95.4		ABCC9	46.1	
ABCC9	sonnet_dual_triage	17	1549.0	141	0	1	0	1	1	0	0	0	1	98.1	95.2		ABCC8	46.1	
ABCG1	sonnet_dual_triage	6	678.0	82	0	0	0	1	1	1	1	0	1	99.4	96.8	2.0	ABCG4	63.0	
ABCG2	sonnet_dual_triage	6	655.0	91	0	0	0	0	0	1	1	0	0			2.0	ABCG5	29.7	
ABCG4	sonnet_dual_triage	6	646.0	81	0	0	0	1	1	1	0	0	1	100.0	96.6	2.0	ABCG1	63.0	
ABCG5	sonnet_dual_triage	6	651.0	102	0	0	0	1	1	1	0	0	0	94.2	80.2	2.0	ABCG2	29.7	
ABCG8	sonnet_dual_triage	6	673.0	87	0	0	0	1	1	1	0	0	0	93.0	81.7	2.0	ABCG4	23.5	
ABHD2	sonnet_dual_triage	1	425.0	12	0	1	0	1	1	0	0	0	0	99.8	98.8		ABHD1	16.7	
ABHD6	sonnet_dual_triage	0	337.0	0	0	0	0	1	1	0	0	0	0	99.4	93.8				
ABI3BP	sonnet_dual_triage	0	1068.0	1047	1	1	1	1	1	0	0	0	0	95.8	68.9		FNDC1	26.7	
ABRA	sonnet_dual_triage	0	381.0	0	0	0	0	1	1	0	0	0	0	96.9	78.7				
ACE	sonnet_dual_triage	1	1306.0	1230	1	1	0	1	1	0	1	1	1	97.9	83.3		ACE2	41.7	4.0
ACE2	sonnet_dual_triage	1	805.0	726	1	1	0	1	1	1	0	1	1	95.2	82.1	2.0	ACE	41.9	2.0
ACHE	sonnet_dual_triage	0	614.0	583	1	1	1	1	1	1	0	1	1	91.5	88.4	2.0	BCHE	53.3	2.0
ACKR1	sonnet_dual_triage	7	336.0	113	0	1	0	1	1	0	0	0	0	91.1	59.2				
ACKR2	sonnet_dual_triage	7	384.0	98	0	1	0	1	1	0	0	0	0	95.3	71.6		XCR1	37.5	
ACKR3	sonnet_dual_triage	7	362.0	112	0	1	0	1	1	0	0	0	0	89.2	92.8		CCR8	32.2	
ACKR4	sonnet_dual_triage	7	350.0	97	0	1	0	1	1	0	0	0	0	96.3	85.4		CCR7	32.5	
ACKR5	sonnet_dual_triage	7	404.0	105	0	1	0	1	1	1	0	0	0	93.6	71.5	2.0	GPER1	25.3	
ACP2	sonnet_dual_triage	1	423.0	351	1	1	0	1	1	1	1	0	1	98.6	89.4	2.0	ACP3	52.4	
ACP3	sonnet_dual_triage	0	386.0	354	1	1	1	1	1	1	1	0	1	92.2	80.3	2.0	ACP2	52.4	
ACP4	sonnet_dual_triage	1	426.0	369	1	1	0	1	0	1	1	1	1		84.7	2.0	ACP2	47.9	1.0
ACR	sonnet_dual_triage	0	421.0	402	1	1	1	1	1	0	0	0	0	81.0	67.5				
ACRBP	sonnet_dual_triage	0	543.0	518	1	1	1	1	1	1	0	0	0	95.2	75.3	2.0			
ACRV1	sonnet_dual_triage	0	265.0	247	1	1	1	1	1	0	0	0	0	91.7	58.9		PATE3	33.3	
ACTRT1	sonnet_dual_triage	0	376.0	0	0	0	0	1	1	0	0	0	0	95.5	70.5				
ACVR1	sonnet_dual_triage	1	509.0	103	1	1	0	1	1	0	0	0	0	99.8	98.4		AMHR2	31.1	
ACVR1B	sonnet_dual_triage	1	505.0	95	1	1	0	1	1	0	0	1	0	89.7	98.2		TGFBR1	38.7	1.0
ACVR1C	sonnet_dual_triage	1	493.0	93	1	1	0	1	1	0	0	1	0	99.4	92.9		TGFBR1	39.8	1.0
ACVR2A	sonnet_dual_triage	1	513.0	115	1	1	0	1	1	0	0	1	1	100.0	99.6		ACVR2B	54.8	1.0
ACVR2B	sonnet_dual_triage	1	512.0	115	1	1	0	1	1	0	0	1	1	96.5	99.4		ACVR2A	54.8	2.0
ACVRL1	sonnet_dual_triage	1	503.0	99	1	1	0	1	1	0	0	1	0	98.6	88.7		AMHR2	34.3	1.0
ADA	sonnet_dual_triage	0	363.0	0	0	0	0	1	0	0	0	0	0		80.7				
ADA2	sonnet_dual_triage	0	511.0	484	1	1	1	0	1	1	0	0	0	93.7		2.0			
ADAM10	sonnet_dual_triage	1	748.0	659	1	1	0	1	1	0	0	1	0	100.0	96.1		ADAM17	32.0	2.0
ADAM11	sonnet_dual_triage	1	769.0	711	1	1	0	1	1	0	1	1	1	98.4	94.8		ADAM22	55.6	3.0
ADAM12	sonnet_dual_triage	1	909.0	684	1	1	0	1	1	0	1	1	1	94.6	81.2		ADAM19	51.8	3.0
ADAM15	sonnet_dual_triage	1	863.0	680	1	1	0	1	1	0	1	1	1	96.4	80.2		ADAM33	42.6	2.0
ADAM17	sonnet_dual_triage	1	824.0	654	1	1	0	1	1	0	0	1	0	99.6	92.1		ADAM10	32.0	3.0
ADAM18	sonnet_dual_triage	1	739.0	671	1	1	0	1	1	0	1	1	1	92.2	60.5		ADAM32	44.1	5.0
ADAM19	sonnet_dual_triage	1	955.0	678	1	1	0	0	1	0	0	1	1	97.9			ADAM12	51.8	1.0
ADAM2	sonnet_dual_triage	1	735.0	672	1	1	0	1	1	0	0	1	1	65.6	59.5		ADAM18	43.7	6.0
ADAM20	sonnet_dual_triage	1	726.0	663	1	1	0	0	1	0	0	1	1	92.7			ADAM21	63.0	3.0
ADAM21	sonnet_dual_triage	1	722.0	654	1	1	0	1	0	0	0	1	1		68.0		ADAM20	63.0	2.0
ADAM22	sonnet_dual_triage	1	906.0	711	1	1	0	1	1	0	0	1	1	93.7	88.4		ADAM11	55.6	2.0
ADAM23	sonnet_dual_triage	1	832.0	734	1	1	0	1	1	0	1	1	1	90.0	93.9		ADAM11	51.6	3.0
ADAM28	sonnet_dual_triage	1	775.0	648	1	1	0	1	1	0	1	1	1	91.7	69.9		ADAMDEC1	46.1	2.0
ADAM29	sonnet_dual_triage	1	820.0	657	1	1	0	1	1	0	0	1	1	88.4	52.8		ADAM20	54.2	3.0
ADAM30	sonnet_dual_triage	1	790.0	658	1	1	0	1	1	0	0	1	1	69.9	53.3		ADAM21	42.8	4.0
ADAM32	sonnet_dual_triage	1	787.0	666	1	1	0	1	1	0	0	1	1	90.5	57.3		ADAM18	44.1	3.0
ADAM33	sonnet_dual_triage	1	813.0	674	1	1	0	1	1	0	0	1	1	90.4	70.0		ADAM19	49.4	2.0
ADAM7	sonnet_dual_triage	1	754.0	652	1	1	0	1	1	0	1	1	1	93.5	68.3		ADAM28	43.2	3.0
ADAM8	sonnet_dual_triage	1	824.0	636	1	1	0	1	1	0	1	1	1	90.4	63.1		ADAM12	42.9	2.0
ADAM9	sonnet_dual_triage	1	819.0	669	1	1	0	1	1	0	1	1	1	97.6	85.8		ADAM12	42.3	2.0
ADAMTS1	sonnet_dual_triage	0	967.0	918	1	1	1	1	1	0	0	0	1	98.9	82.1		ADAMTS4	52.8	
ADAMTS12	sonnet_dual_triage	0	1594.0	1567	1	1	1	1	1	0	0	0	1	96.6	80.5		ADAMTS7	50.0	
ADAMTS14	sonnet_dual_triage	0	1223.0	1202	1	1	1	1	1	0	0	0	1	96.6	81.4		ADAMTS3	57.2	
ADAMTS16	sonnet_dual_triage	0	1224.0	1197	1	1	1	1	1	0	0	0	1	93.0	82.6		ADAMTS18	58.2	
ADAMTS17	sonnet_dual_triage	0	1095.0	1074	1	1	1	1	1	0	0	0	1	89.1	89.9		ADAMTS19	57.0	
ADAMTS19	sonnet_dual_triage	0	1213.0	1188	1	1	1	1	1	0	0	0	1	81.5	87.1		ADAMTS17	57.0	
ADAMTS3	sonnet_dual_triage	0	1205.0	1187	1	1	1	1	1	0	0	0	1	98.5	88.2		ADAMTS2	58.7	
ADAMTS5	sonnet_dual_triage	0	930.0	912	1	1	1	1	1	0	0	0	1	97.5	90.2		ADAMTS15	44.3	
ADAMTS6	sonnet_dual_triage	0	1117.0	1098	1	1	1	1	1	0	0	0	1	99.6	96.0		ADAMTS10	61.6	
ADAMTS7	sonnet_dual_triage	0	1686.0	1661	1	1	1	1	1	0	0	0	1	83.6	72.2		ADAMTS12	50.0	
ADAMTS8	sonnet_dual_triage	0	889.0	863	1	1	1	1	1	0	0	0	1	93.4	81.3		ADAMTS1	51.6	
ADAMTS9	sonnet_dual_triage	0	1935.0	1915	1	1	1	1	1	0	0	0	1	97.9	88.9		ADAMTS20	51.3	
ADCY1	sonnet_dual_triage	12	1119.0	92	0	0	0	1	0	0	0	0	1		92.5		GUCY2D	69.2	
ADCY2	sonnet_dual_triage	12	1091.0	85	0	0	0	1	1	0	1	0	1	99.1	95.6		GUCY2C	66.7	
ADCY3	sonnet_dual_triage	12	1144.0	104	0	0	0	1	1	0	1	0	1	98.9	94.6		NPR2	83.3	
ADCY4	sonnet_dual_triage	12	1077.0	105	0	0	0	1	1	0	1	0	1	98.7	92.3		NPR2	76.9	
ADCY5	sonnet_dual_triage	12	1261.0	116	0	0	0	1	1	0	1	0	1	66.3	95.5		NPR2	100.0	
ADCY7	sonnet_dual_triage	12	1080.0	96	0	0	0	1	1	0	0	0	1	94.7	83.8		GUCY2C	66.7	
ADCY8	sonnet_dual_triage	12	1251.0	78	0	0	0	1	1	0	0	0	1	99.6	96.9		GUCY2F	77.8	
ADCY9	sonnet_dual_triage	12	1353.0	102	0	0	0	1	1	0	0	0	1	98.5	92.2		NPR1	60.0	
ADCYAP1R1	sonnet_dual_triage	7	468.0	167	1	1	0	1	1	0	0	0	1	97.0	92.7		ADGRG4	47.4	
ADGRA1	sonnet_dual_triage	7	560.0	56	0	1	0	1	1	0	1	0	1	89.8	82.1		EVA1C	57.9	
ADGRA2	sonnet_dual_triage	7	1338.0	772	1	1	0	1	1	0	1	0	1	77.1	87.9		ADGRA1	50.9	
ADGRA3	sonnet_dual_triage	7	1321.0	767	1	1	0	1	1	0	1	0	1	98.5	92.6		ADGRA1	56.4	
ADGRB1	sonnet_dual_triage	7	1584.0	955	1	1	0	1	1	0	0	0	1	74.9	94.1		ADGRB3	49.3	
ADGRB2	sonnet_dual_triage	7	1585.0	942	1	1	0	1	1	0	0	0	1	95.0	95.3		ADGRB3	50.6	
ADGRB3	sonnet_dual_triage	7	1522.0	891	1	1	0	1	1	0	1	0	1	99.3	98.4		ADGRB2	50.6	
ADGRD1	sonnet_dual_triage	7	874.0	574	1	1	0	1	1	0	0	0	0	89.6	80.7		ADGRA1	37.5	
ADGRD2	sonnet_dual_triage	7	963.0	699	0	1	0	0	0	0	0	0	1				GLP1R	40.4	
ADGRE1	sonnet_dual_triage	7	886.0	621	1	1	0	1	1	0	1	0	0	75.8	68.2		GLP1R	37.7	
ADGRE2	sonnet_dual_triage	7	823.0	555	1	1	0	0	1	0	0	0	1	84.4			ADGRE5	70.8	
ADGRE3	sonnet_dual_triage	7	652.0	377	1	1	0	0	0	0	1	0	1				ADGRG4	42.5	
ADGRE5	sonnet_dual_triage	7	835.0	567	1	1	0	1	1	0	0	0	1	92.3	57.5		ADGRE2	70.8	
ADGRF1	sonnet_dual_triage	7	910.0	618	1	1	0	1	1	0	1	0	0	90.2	70.1		PTH1R	36.9	
ADGRF3	sonnet_dual_triage	7	1079.0	793	1	1	0	1	1	0	0	0	1	90.8	60.4		GLP1R	41.9	
ADGRF4	sonnet_dual_triage	7	695.0	428	1	1	0	1	1	0	0	0	0	93.1	66.8		ADGRG4	39.0	
ADGRF5	sonnet_dual_triage	7	1346.0	1037	1	1	0	1	1	0	0	0	1	94.4	72.1		GCGR	43.9	
ADGRG1	sonnet_dual_triage	7	693.0	432	1	1	0	1	1	0	0	0	1	91.0	79.3		ADGRA1	42.9	
ADGRG2	sonnet_dual_triage	7	1017.0	636	1	1	0	1	1	0	0	0	1	97.0	80.8		SCTR	42.0	
ADGRG3	sonnet_dual_triage	7	549.0	299	1	1	0	1	1	0	0	0	1	87.8	68.5		ADGRG4	41.3	
ADGRG4	sonnet_dual_triage	7	3080.0	2757	1	1	0	1	1	0	0	0	1	91.1	59.0		GLP1R	51.4	
ADGRG5	sonnet_dual_triage	7	528.0	278	1	1	0	1	1	0	0	0	0	90.0	69.9		ADGRG4	39.6	
ADGRG6	sonnet_dual_triage	7	1221.0	872	1	1	0	1	1	0	0	0	1	97.6	82.2		GHRHR	44.1	
ADGRG7	sonnet_dual_triage	8	797.0	483	0	0	0	1	1	0	0	0	0	90.8	69.1		ADGRG4	35.2	
ADGRL1	sonnet_dual_triage	7	1474.0	876	1	1	0	1	0	0	0	0	1		98.2		ADGRL2	69.5	
ADGRL2	sonnet_dual_triage	7	1459.0	858	1	1	0	1	1	0	0	0	1	99.3	95.5		ADGRL1	69.5	
ADGRL3	sonnet_dual_triage	7	1447.0	881	1	1	0	1	1	0	1	0	1	99.3	96.5		ADGRL2	63.6	
ADGRL4	sonnet_dual_triage	7	690.0	444	1	1	0	1	1	0	0	0	0	97.2	78.8		GIPR	37.8	
ADGRV1	sonnet_dual_triage	7	6306.0	5921	1	1	0	1	1	0	1	0	1	96.6	80.4		SLC8A2	58.1	
ADIPOR1	sonnet_dual_triage	7	375.0	57	0	0	1	1	1	0	0	0	1	99.2	96.8		ADIPOR2	66.7	
ADIPOR2	sonnet_dual_triage	7	386.0	57	0	0	1	1	1	0	0	0	1	87.8	92.7		ADIPOR1	66.7	
ADISSP	sonnet_dual_triage	0	174.0	0	0	0	0	1	1	0	0	0	0	85.1	90.2				
ADORA1	sonnet_dual_triage	7	326.0	66	0	1	0	1	1	0	1	0	0	99.4	94.8		ADORA2B	36.5	
ADORA2A	sonnet_dual_triage	7	412.0	45	0	1	0	1	1	0	0	0	0	98.3	81.1		ADORA2B	35.6	
ADORA2B	sonnet_dual_triage	7	332.0	69	0	1	0	1	1	0	0	0	0	97.0	87.7		ADORA1	36.5	
ADORA3	sonnet_dual_triage	7	318.0	62	0	1	0	1	0	0	0	0	0		73.6		ADORA2B	34.5	
ADRA1A	sonnet_dual_triage	7	466.0	73	0	1	0	1	1	0	1	0	1	98.5	91.8		ADRA1D	54.8	
ADRA1B	sonnet_dual_triage	7	520.0	93	0	1	0	1	1	0	0	0	1	98.5	95.4		ADRA1A	47.2	
ADRA1D	sonnet_dual_triage	7	572.0	147	0	1	0	1	1	0	0	0	1	90.0	85.1		ADRA1A	54.8	
ADRA2A	sonnet_dual_triage	7	465.0	94	0	1	0	1	0	0	0	0	1		92.5		ADRA2B	50.9	
ADRA2B	sonnet_dual_triage	7	450.0	59	0	1	0	1	1	0	0	0	1	96.4	83.3		ADRA2A	50.9	
ADRA2C	sonnet_dual_triage	7	462.0	89	0	1	0	1	0	0	0	0	1		93.1		ADRA2B	49.0	
ADRB1	sonnet_dual_triage	7	477.0	98	0	1	0	1	0	0	0	0	1		90.4		ADRB3	43.0	
ADRB2	sonnet_dual_triage	7	413.0	82	0	1	0	1	1	0	0	0	0	94.9	88.1		ADRB1	39.5	
ADRB3	sonnet_dual_triage	7	408.0	92	0	1	0	1	1	0	0	0	1	88.5	78.4		ADRB1	43.0	
ADTRP	sonnet_dual_triage	6	230.0	52	0	0	0	1	1	0	0	0	1	93.0	65.7		AIG1	43.8	
AEBP1	sonnet_dual_triage	0	1158.0	1133	1	1	1	1	1	0	0	0	1	82.6	82.6		CPXM2	57.9	
AGER	sonnet_dual_triage	1	404.0	317	1	1	0	1	1	0	1	1	0	95.5	78.2		MCAM	33.1	3.0
AGR2	sonnet_dual_triage	0	175.0	155	1	1	1	1	1	1	0	0	1	90.3	91.4	2.0	AGR3	70.6	
AGRN	sonnet_dual_triage	0	2068.0	2040	1	1	1	1	0	0	1	0	1		81.6		TMEFF2	46.4	
AGTR1	sonnet_dual_triage	7	359.0	85	0	1	0	0	1	0	0	0	0	98.9			BDKRB2	35.4	
AGTR2	sonnet_dual_triage	7	363.0	110	0	1	0	1	1	0	0	0	0	98.9	91.7		BDKRB2	31.4	
AGTRAP	sonnet_dual_triage	4	159.0	13	0	0	0	1	0	1	1	0	0		77.4	4.0			
AHNAK	sonnet_dual_triage	0	5890.0	0	0	0	0	1	0	0	0	0	0		78.3				
AHNAK2	sonnet_dual_triage	0	5795.0	0	0	0	0	0	0	0	0	0	0						
AIFM2	sonnet_dual_triage	0	373.0	0	0	0	0	1	1	0	0	0	0	98.9	90.3				
AIMP1	sonnet_dual_triage	0	312.0	0	0	0	0	1	1	0	0	0	0	96.5	83.3				
AJAP1	sonnet_dual_triage	1	411.0	239	1	1	0	1	1	0	0	0	0	79.1	79.1				
AJM1	sonnet_dual_triage	0	976.0	0	0	0	0	1	0	0	0	0	0		86.8				
AKAP19	sonnet_dual_triage	0	95.0	0	0	0	0	1	1	0	0	0	0	96.8	56.8				
AKAP4	sonnet_dual_triage	0	854.0	0	0	0	0	1	1	0	0	0	0	96.0	78.2				
ALCAM	sonnet_dual_triage	1	583.0	500	1	1	0	1	1	1	1	1	0	98.8	93.0	2.0	AGER	30.0	3.0
ALK	sonnet_dual_triage	1	1620.0	1016	1	1	0	1	1	0	0	1	1	98.4	87.2		LTK	52.0	4.0
ALKAL2	sonnet_dual_triage	0	152.0	130	1	1	1	0	0	0	0	0	0						
ALOX5AP	sonnet_dual_triage	4	161.0	51	0	1	1	1	1	1	0	0	0	98.1	91.9	3.0	MGST2	33.3	
ALPG	sonnet_dual_triage	0	532.0	513	1	1	1	0	0	1	0	1	1			2.0	ALPP	97.5	2.0
ALPI	sonnet_dual_triage	0	528.0	509	1	1	1	0	1	1	0	1	1	94.1		2.0	ALPP	87.2	1.0
ALPL	sonnet_dual_triage	0	524.0	507	1	1	1	1	1	1	0	0	1	97.1	89.9	2.0	ALPI	57.4	
ALPP	sonnet_dual_triage	0	535.0	513	1	1	1	0	0	1	0	1	1			2.0	ALPG	97.5	1.0
AMFR	sonnet_dual_triage	8	643.0	60	0	0	0	1	1	0	0	0	0	84.9	93.9		RNF145	33.3	
AMHR2	sonnet_dual_triage	1	573.0	131	1	1	0	1	1	0	0	1	0	97.0	78.4		ACVR1C	35.5	1.0
AMIGO1	sonnet_dual_triage	1	493.0	345	1	1	0	1	1	1	0	1	1	100.0	89.5	2.0	AMIGO2	43.2	1.0
AMIGO2	sonnet_dual_triage	1	522.0	359	1	1	0	1	1	1	0	1	1	98.9	88.1	2.0	AMIGO1	43.2	2.0
AMIGO3	sonnet_dual_triage	1	504.0	364	1	1	0	1	1	1	0	1	1	94.8	76.4	2.0	AMIGO1	40.3	1.0
AMN	sonnet_dual_triage	1	453.0	341	1	1	0	1	1	0	0	1	0	72.4	66.0				2.0
AMOT	sonnet_dual_triage	0	1084.0	0	0	0	0	1	1	0	0	0	0	93.3	87.3				
AMTN	sonnet_dual_triage	0	209.0	193	1	1	1	1	1	0	0	0	0	92.3	60.3				
ANG	sonnet_dual_triage	0	147.0	123	1	1	1	0	0	0	0	0	1				RNASE4	40.3	
ANGPTL2	sonnet_dual_triage	0	493.0	471	1	1	1	1	1	0	0	0	1	99.6	95.3		ANGPTL1	60.9	
ANGPTL4	sonnet_dual_triage	0	406.0	381	1	1	1	1	1	0	0	0	1	94.8	75.4		TNXB	49.9	
ANGPTL7	sonnet_dual_triage	0	346.0	320	1	1	1	1	1	0	0	0	1	98.0	85.8		TNXB	45.9	
ANGPTL8	sonnet_dual_triage	0	198.0	177	1	1	1	1	0	1	0	0	0		72.7	2.0			
ANKH	sonnet_dual_triage	12	492.0	90	0	0	0	1	1	0	1	0	0	100.0	98.4				
ANKRD20A1	sonnet_dual_triage	0	823.0	0	0	0	0	0	0	0	0	0	0						
ANKRD24	sonnet_dual_triage	0	1146.0	0	0	0	0	1	1	0	0	0	0	77.5	54.5				
ANO1	sonnet_dual_triage	8	986.0	263	0	0	0	1	1	1	1	1	1	97.9	91.5	2.0	ANO2	67.7	1.0
ANO2	sonnet_dual_triage	8	998.0	260	0	0	0	1	1	1	0	1	1	97.9	92.2	2.0	ANO1	67.7	2.0
ANO4	sonnet_dual_triage	8	955.0	267	0	0	0	1	1	1	1	0	1	99.8	98.3	2.0	ANO3	66.0	
ANO6	sonnet_dual_triage	8	910.0	274	0	0	0	1	1	1	0	1	1	97.0	90.4	2.0	ANO5	52.7	2.0
ANO7	sonnet_dual_triage	8	933.0	231	0	0	0	1	1	0	1	1	1	85.1	81.6		ANO2	45.0	2.0
ANO8	sonnet_dual_triage	10	1232.0	61	0	0	0	1	0	0	0	0	0		75.3		ANO5	32.6	
ANO9	sonnet_dual_triage	8	782.0	249	0	0	0	1	0	1	1	1	1		70.8	2.0	ANO4	47.0	3.0
ANOS1	sonnet_dual_triage	0	680.0	656	1	1	1	0	1	0	0	0	0	95.4					
ANPEP	sonnet_dual_triage	1	967.0	935	0	0	1	1	1	0	0	1	0	94.3	76.5		LVRN	37.9	2.0
ANTXR1	sonnet_dual_triage	1	564.0	294	1	1	0	1	1	0	1	1	1	99.6	95.9		ANTXR2	54.0	2.0
ANTXR2	sonnet_dual_triage	1	489.0	285	1	1	0	1	1	0	1	1	1	91.2	82.8		ANTXR1	54.0	1.0
ANTXRL	sonnet_dual_triage	1	631.0	326	1	1	0	0	0	0	0	0	1				ANTXR1	44.2	
ANXA1	sonnet_dual_triage	0	346.0	0	0	0	0	1	1	0	0	0	0	99.1	87.6				
ANXA13	sonnet_dual_triage	0	316.0	0	0	0	0	1	0	0	0	0	0		86.7				
ANXA2	sonnet_dual_triage	0	339.0	0	0	0	0	1	1	0	0	0	0	100.0	97.6				
ANXA2R	sonnet_dual_triage	0	193.0	0	0	0	0	0	0	0	0	0	0						
ANXA3	sonnet_dual_triage	0	323.0	0	0	0	0	1	1	0	0	0	0	92.6	89.8				
ANXA5	sonnet_dual_triage	0	320.0	0	0	0	0	1	1	0	0	0	0	98.8	92.8				
ANXA6	sonnet_dual_triage	0	673.0	0	0	0	0	1	1	0	0	0	0	96.9	93.3				
ANXA8	sonnet_dual_triage	0	327.0	0	0	0	0	0	0	0	0	0	0						
ANXA8L1	sonnet_dual_triage	0	327.0	0	0	0	0	0	0	0	0	0	0						
AOC1	sonnet_dual_triage	0	751.0	732	1	1	1	0	1	1	0	0	1	95.5		2.0	AOC2	43.2	
AOC2	sonnet_dual_triage	1	756.0	731	0	0	1	1	1	1	0	0	1	98.5	81.0	2.0	AOC3	66.1	
AOC3	sonnet_dual_triage	1	763.0	737	0	0	1	1	1	1	1	1	1	96.9	83.1	2.0	AOC2	66.1	1.0
AOPEP	sonnet_dual_triage	0	819.0	0	0	0	0	1	1	0	0	0	0	94.0	76.7				
APCDD1	sonnet_dual_triage	0	514.0	488	1	1	1	1	1	1	0	1	1	99.2	91.8	2.0	APCDD1L	47.8	2.0
APCDD1L	sonnet_dual_triage	0	501.0	479	1	1	1	0	0	1	0	0	1			2.0	APCDD1	47.8	
APCS	sonnet_dual_triage	0	223.0	204	1	1	1	1	1	0	0	0	1	91.5	68.6		CRP	51.5	
APLNR	sonnet_dual_triage	7	380.0	91	0	1	0	1	1	0	0	0	0	98.7	91.1		GPR25	28.6	
APLP1	sonnet_dual_triage	1	650.0	545	1	1	0	1	1	0	0	1	1	98.2	89.2		APLP2	44.8	3.0
APLP2	sonnet_dual_triage	1	763.0	662	1	1	0	1	1	0	0	1	1	98.1	92.8		APP	52.9	1.0
APMAP	sonnet_dual_triage	1	416.0	355	0	0	1	1	1	0	0	0	0	98.8	89.4				
APOBR	sonnet_dual_triage	0	1097.0	0	0	0	0	0	0	0	0	0	0						
APOE	sonnet_dual_triage	0	317.0	299	1	1	1	1	1	0	0	0	0	76.3	70.7		APOA4	26.8	
APOH	sonnet_dual_triage	0	345.0	326	1	1	1	1	0	0	0	0	1		76.5		CSMD3	47.5	
APOL1	sonnet_dual_triage	0	398.0	371	1	1	1	0	0	0	0	0	0						
APOLD1	sonnet_dual_triage	0	279.0	0	0	0	0	1	1	0	0	0	0	98.4	87.5				
APOM	sonnet_dual_triage	0	188.0	166	1	1	1	1	1	0	0	0	0	58.5	80.9				
APP	sonnet_dual_triage	1	770.0	683	1	1	0	1	1	0	1	1	1	99.5	94.8		APLP2	52.9	3.0
AQP1	sonnet_dual_triage	6	269.0	60	0	0	0	1	0	1	1	0	1		94.1	4.0	AQP5	45.3	
AQP10	sonnet_dual_triage	6	301.0	77	0	0	0	0	1	1	1	0	1	95.7		4.0	AQP9	60.3	
AQP11	sonnet_dual_triage	7	271.0	70	0	1	0	1	1	0	0	0	0	97.0	83.0		AQP12B	22.2	
AQP12B	sonnet_dual_triage	6	295.0	80	0	0	0	0	0	0	1	0	1				AQP12A	100.0	
AQP2	sonnet_dual_triage	6	271.0	54	0	0	0	1	1	1	0	0	1	99.3	88.9	4.0	AQP5	64.2	
AQP3	sonnet_dual_triage	6	292.0	75	0	0	0	1	1	1	1	0	1	97.3	95.5	4.0	AQP9	58.9	
AQP4	sonnet_dual_triage	6	323.0	57	0	0	0	1	1	1	0	0	1	96.9	93.2	4.0	MIP	53.8	
AQP5	sonnet_dual_triage	6	265.0	57	0	0	0	1	1	1	0	0	1	98.9	90.6	4.0	AQP2	64.2	
AQP7	sonnet_dual_triage	6	342.0	74	0	0	0	0	0	1	1	0	1			4.0	AQP7B	90.3	
AQP7B	sonnet_dual_triage	6	346.0	73	0	0	0	0	0	1	0	0	1			4.0	AQP7	90.3	
AQP8	sonnet_dual_triage	6	261.0	58	0	0	0	1	1	1	0	0	0	95.8	76.2	4.0	AQP5	39.3	
AQP9	sonnet_dual_triage	6	295.0	73	0	0	0	1	1	1	0	0	1	95.6	75.6	4.0	AQP10	60.3	
AREG	sonnet_dual_triage	1	252.0	172	1	1	0	1	1	0	0	0	0	86.9	69.8		HBEGF	34.1	
ARMH1	sonnet_dual_triage	0	440.0	0	0	0	0	1	1	0	0	0	0	96.1	77.0				
ARMH2	sonnet_dual_triage	0	230.0	0	0	0	0	1	1	0	0	0	0	90.4	53.5				
ARRDC1	sonnet_dual_triage	0	433.0	0	0	0	0	1	1	0	0	0	0	90.1	85.2				
ARRDC4	sonnet_dual_triage	0	418.0	0	0	0	0	1	1	0	0	0	0	85.4	86.1				
ARRDC5	sonnet_dual_triage	0	328.0	0	0	0	0	1	1	0	0	0	0	92.4	69.5				
ARSD	sonnet_dual_triage	2	593.0	515	1	1	1	0	1	0	0	0	1	88.5			ARSL	67.7	
ARSF	sonnet_dual_triage	2	590.0	523	1	1	1	0	1	0	0	0	1	88.5			ARSH	63.2	
ARSH	sonnet_dual_triage	2	562.0	513	0	1	1	0	0	0	0	0	1				ARSD	67.7	
ARSJ	sonnet_dual_triage	0	599.0	552	1	1	1	1	1	0	0	0	1	98.5	89.8		ARSI	60.3	
ART1	sonnet_dual_triage	0	327.0	305	1	1	1	1	1	0	0	1	1	84.1	76.5		ART5	41.3	2.0
ART3	sonnet_dual_triage	0	389.0	363	1	1	1	1	1	0	0	1	1	92.8	53.0		ART5	41.3	2.0
ART4	sonnet_dual_triage	0	314.0	268	1	1	1	1	1	0	0	1	0	92.0	59.2		ART1	37.3	2.0
ART5	sonnet_dual_triage	0	291.0	269	1	1	1	1	1	0	0	0	1	90.7	79.4		ART3	41.3	
ASAH2	sonnet_dual_triage	1	780.0	748	0	0	1	0	0	0	0	0	1				ASAH2B	100.0	
ASAH2B	sonnet_dual_triage	0	165.0	131	1	1	1	0	0	0	0	0	1				ASAH2	100.0	
ASGR1	sonnet_dual_triage	1	291.0	231	0	0	1	1	1	1	1	1	1	57.7	77.0	4.0	CLEC10A	60.2	2.0
ASGR2	sonnet_dual_triage	1	311.0	237	0	0	1	1	1	0	0	1	1	92.8	64.7		ASGR1	59.3	3.0
ASIC1	sonnet_dual_triage	2	528.0	375	0	0	0	1	1	1	0	1	1	100.0	97.5	3.0	ASIC2	74.7	1.0
ASIC2	sonnet_dual_triage	2	512.0	375	0	0	0	1	1	1	0	0	1	71.6	71.2	3.0	ASIC1	74.7	
ASIC3	sonnet_dual_triage	2	531.0	377	0	0	0	1	1	1	1	0	1	90.6	83.4	3.0	ASIC1	56.0	
ASIC4	sonnet_dual_triage	2	539.0	356	0	0	0	1	1	1	1	1	1	97.8	97.6	3.0	ASIC1	55.1	2.0
ASIC5	sonnet_dual_triage	2	505.0	365	0	0	0	1	1	1	0	1	0	94.3	77.0	3.0	ASIC3	32.6	2.0
ASIP	sonnet_dual_triage	0	132.0	110	1	1	1	1	0	0	0	0	0		78.0		AGRP	34.5	
ASPH	sonnet_dual_triage	2	758.0	284	0	0	0	1	1	0	1	0	0	96.7	81.5				
ASTL	sonnet_dual_triage	0	431.0	408	1	1	1	1	1	0	0	0	1	93.3	65.0		CUBN	43.9	
ASTN1	sonnet_dual_triage	2	1302.0	1037	1	1	1	1	1	0	0	1	1	99.8	97.9		ASTN2	52.1	10.0
ASTN2	sonnet_dual_triage	2	1339.0	1050	1	1	1	1	0	0	1	1	1		97.3		ASTN1	52.1	6.0
ATP10D	sonnet_dual_triage	10	1426.0	70	0	0	0	1	1	0	0	0	1	95.9	83.2		ATP10A	52.9	
ATP11C	sonnet_dual_triage	10	1132.0	83	0	0	0	1	1	0	0	0	1	90.0	94.5		ATP11A	66.2	
ATP12A	sonnet_dual_triage	10	1039.0	104	0	0	0	1	1	0	0	0	1	94.3	86.6		ATP1A4	43.9	
ATP1A1	sonnet_dual_triage	10	1023.0	81	0	0	0	1	1	0	1	0	1	96.6	96.9		ATP1A2	81.2	
ATP1A2	sonnet_dual_triage	10	1020.0	82	0	0	0	1	0	0	0	0	1		99.1		ATP1A1	81.2	
ATP1A3	sonnet_dual_triage	10	1013.0	109	0	0	0	1	1	0	0	0	1	91.7	99.6		ATP1A2	80.5	
ATP1A4	sonnet_dual_triage	10	1029.0	82	0	0	0	1	1	0	1	0	1	96.5	83.4		ATP1A3	76.8	
ATP1B1	sonnet_dual_triage	1	303.0	247	0	0	1	1	1	0	0	0	1	97.0	94.1		ATP1B2	41.9	
ATP1B2	sonnet_dual_triage	1	290.0	229	0	0	1	1	1	0	0	0	1	99.3	97.2		ATP1B3	46.1	
ATP1B3	sonnet_dual_triage	1	279.0	219	0	0	1	1	1	0	0	1	1	99.6	73.5		ATP1B2	46.1	1.0
ATP2B1	sonnet_dual_triage	10	1220.0	101	0	0	0	1	1	0	0	0	1	100.0	99.5		ATP2B3	76.2	
ATP2B3	sonnet_dual_triage	10	1220.0	102	0	0	0	1	0	0	0	0	1		98.2		ATP2B2	78.4	
ATP2B4	sonnet_dual_triage	10	1241.0	102	0	0	0	1	1	0	0	0	1	98.3	84.6		ATP2B3	71.6	
ATP2C2	sonnet_dual_triage	10	946.0	66	0	0	0	1	1	0	0	0	1	96.7	84.5		ATP2C1	58.2	
ATP4A	sonnet_dual_triage	10	1035.0	112	0	0	0	1	1	0	0	0	1	89.1	98.0		ATP12A	43.3	
ATP4B	sonnet_dual_triage	1	291.0	229	0	0	1	1	1	0	0	0	0	96.9	83.5		ATP1B2	39.3	
ATP5F1B	sonnet_dual_triage	0	529.0	0	0	0	0	1	1	1	0	0	0	98.9	96.2	6.0			
ATP5IF1	sonnet_dual_triage	0	106.0	0	0	0	0	1	1	1	0	0	0	98.1	51.9	2.0			
ATP5PF	sonnet_dual_triage	0	108.0	0	0	0	0	1	1	0	0	0	0	82.4	80.6				
ATP6AP1	sonnet_dual_triage	1	470.0	392	1	1	0	1	1	0	0	0	0	93.6	86.0				
ATP6AP2	sonnet_dual_triage	1	350.0	295	1	1	0	1	1	0	0	0	0	98.9	93.7				
ATP6V0A2	sonnet_dual_triage	8	856.0	135	0	0	0	1	1	0	0	1	1	98.6	91.6		ATP6V0A1	60.5	1.0
ATP6V0D2	sonnet_dual_triage	0	350.0	0	0	0	0	1	1	0	0	0	0	98.9	93.1				
ATP7A	sonnet_dual_triage	8	1500.0	97	0	0	0	1	1	0	1	0	1	97.9	89.3		ATP7B	58.6	
ATRAID	sonnet_dual_triage	1	229.0	169	1	1	0	1	1	0	0	1	0	95.6	62.4				1.0
ATRN	sonnet_dual_triage	2	1429.0	1200	0	0	0	1	1	0	1	1	1	87.2	93.2		ATRNL1	61.4	5.0
ATRNL1	sonnet_dual_triage	1	1379.0	1169	1	1	0	1	1	0	1	1	1	98.9	96.0		ATRN	61.4	3.0
AVPR1A	sonnet_dual_triage	7	418.0	108	0	1	0	1	0	0	0	1	1		82.8		AVPR1B	51.1	1.0
AVPR1B	sonnet_dual_triage	7	424.0	90	0	1	0	1	1	0	0	0	1	95.0	80.7		OXTR	58.4	
AVPR2	sonnet_dual_triage	7	371.0	92	0	1	0	1	1	0	1	0	1	79.8	87.6		AVPR1B	46.0	
AXL	sonnet_dual_triage	1	894.0	419	1	1	0	1	1	0	0	0	0	97.1	87.6		ROS1	38.7	
AZGP1	sonnet_dual_triage	0	298.0	278	1	1	1	1	1	0	0	0	0	86.2	59.4		HLA-B	39.9	
AZU1	sonnet_dual_triage	0	251.0	232	1	1	1	0	1	0	0	0	0	89.2			KLK13	36.2	
B2M	sonnet_dual_triage	0	119.0	99	1	1	1	1	1	0	0	0	0	88.2	68.1		HLA-DPA1	37.4	
B4GALT1	sonnet_dual_triage	1	398.0	355	0	0	1	1	1	0	0	0	1	95.0	86.7		B4GALT2	57.9	
BACE1	sonnet_dual_triage	1	501.0	435	1	1	0	1	1	0	0	1	1	99.6	96.4		BACE2	52.4	2.0
BACE2	sonnet_dual_triage	1	518.0	447	1	1	0	1	1	0	1	1	1	83.8	88.6		BACE1	52.6	1.0
BAMBI	sonnet_dual_triage	1	260.0	126	1	1	0	1	1	0	0	0	0	98.5	93.1				
BCAM	sonnet_dual_triage	1	628.0	520	1	1	0	1	1	0	0	1	0	95.9	72.6		MCAM	32.5	2.0
BCAN	sonnet_dual_triage	0	911.0	889	1	1	1	1	1	0	0	1	1	96.5	80.4		ACAN	49.8	4.0
BDKRB1	sonnet_dual_triage	7	353.0	91	0	1	0	1	0	0	0	0	0		68.3		BDKRB2	28.6	
BDKRB2	sonnet_dual_triage	7	391.0	121	0	1	0	1	1	0	0	0	0	95.4	79.8		AGTR1	35.4	
BEST2	sonnet_dual_triage	4	509.0	38	0	0	0	1	0	1	0	0	1		89.4	5.0	BEST3	69.4	
BEST4	sonnet_dual_triage	4	473.0	48	0	0	0	0	1	1	0	0	1	81.2		5.0	BEST1	47.2	
BGN	sonnet_dual_triage	0	368.0	352	1	1	1	1	1	0	0	0	1	99.2	95.9		DCN	57.7	
BLVRB	sonnet_dual_triage	0	206.0	0	0	0	0	1	1	0	0	0	0	85.9	93.2				
BMP1	sonnet_dual_triage	0	986.0	964	1	1	1	1	1	0	0	0	1	99.4	96.0		TLL2	76.0	
BMP10	sonnet_dual_triage	0	424.0	403	1	1	1	1	1	1	0	0	1	97.9	85.1	2.0	GDF2	44.9	
BMP8A	sonnet_dual_triage	0	402.0	383	1	1	1	0	0	0	0	0	1				BMP8B	99.0	
BMPR1A	sonnet_dual_triage	1	532.0	130	1	1	0	1	1	0	0	0	1	99.6	97.9		BMPR1B	47.6	
BMPR1B	sonnet_dual_triage	1	502.0	126	0	1	0	1	1	0	0	0	1	70.9	98.2		BMPR1A	47.6	
BMPR2	sonnet_dual_triage	1	1038.0	124	1	1	0	1	1	0	0	1	0	99.1	96.6		ACVR2B	33.9	1.0
BOC	sonnet_dual_triage	1	1114.0	825	1	1	0	1	1	0	0	1	1	87.5	86.4		CDON	48.0	3.0
BPIFA1	sonnet_dual_triage	0	256.0	237	1	1	1	1	1	0	0	0	0	95.3	73.0		BPIFB4	35.4	
BPIFA3	sonnet_dual_triage	0	254.0	233	1	1	1	1	1	0	0	0	0	90.6	61.0		BPIFB1	33.5	
BPIFB2	sonnet_dual_triage	0	458.0	438	1	1	1	1	1	1	0	0	0	96.5	68.1	2.0	BPIFA3	32.2	
BPIFB6	sonnet_dual_triage	0	453.0	435	1	1	1	1	1	0	0	0	0	92.3	71.7		BPIFB4	32.4	
BPIFC	sonnet_dual_triage	0	507.0	484	1	1	1	1	1	0	0	0	0	95.9	71.2		BPIFA2	31.7	
BRI3	sonnet_dual_triage	0	125.0	0	0	0	0	1	1	0	0	0	0	92.8	93.6				
BRICD5	sonnet_dual_triage	1	260.0	211	0	0	1	1	1	0	0	0	0	89.0	65.8		GKN2	24.4	
BRINP2	sonnet_dual_triage	0	783.0	750	1	1	1	1	1	0	0	0	1	99.6	94.8		BRINP3	72.6	
BRS3	sonnet_dual_triage	7	399.0	105	0	1	0	1	1	0	0	0	1	96.5	85.2		GRPR	40.6	
BSG	sonnet_dual_triage	1	385.0	303	1	1	0	1	0	1	0	1	1		65.5	2.0	NPTN	41.3	3.0
BSND	sonnet_dual_triage	2	320.0	6	0	0	0	1	0	0	0	0	0		70.6				
BSPH1	sonnet_dual_triage	0	132.0	122	1	1	1	1	0	0	0	0	0		50.8		ELSPBP1	31.1	
BST1	sonnet_dual_triage	0	318.0	286	1	1	1	1	1	1	0	1	0	91.2	70.4	2.0	CD38	37.5	1.0
BST2	sonnet_dual_triage	1	180.0	137	0	0	1	0	0	1	0	1	0			2.0			2.0
BTBD17	sonnet_dual_triage	1	478.0	54	1	1	0	1	0	0	0	0	0		92.7				
BTC	sonnet_dual_triage	1	178.0	87	1	1	0	1	1	0	0	0	1	95.5	77.5		TGFA	44.7	
BTD	sonnet_dual_triage	0	523.0	502	1	1	1	1	1	0	0	0	1	96.4	84.3		VNN1	43.1	
BTLA	sonnet_dual_triage	1	289.0	123	1	1	0	1	1	0	0	1	0	89.6	54.7				1.0
BTN1A1	sonnet_dual_triage	1	526.0	220	1	1	0	1	1	0	0	1	1	96.4	74.0		BTN2A2	51.4	1.0
BTN2A1	sonnet_dual_triage	1	527.0	220	1	1	0	0	1	0	0	1	1	91.7			BTN2A2	86.4	1.0
BTN2A2	sonnet_dual_triage	1	523.0	233	1	1	0	1	0	0	0	1	1		68.8		BTN2A1	86.4	3.0
BTN3A1	sonnet_dual_triage	1	513.0	221	1	1	0	0	0	1	0	1	1			2.0	BTN3A2	95.5	1.0
BTN3A2	sonnet_dual_triage	1	334.0	221	1	1	0	0	1	1	0	1	1	91.0		2.0	BTN3A3	95.9	2.0
BTN3A3	sonnet_dual_triage	1	584.0	221	1	1	0	0	1	1	0	1	1	87.2		2.0	BTN3A2	95.9	2.0
BTNL2	sonnet_dual_triage	1	482.0	431	1	1	0	1	0	0	1	0	1		62.2		ERMAP	50.4	
BTNL3	sonnet_dual_triage	1	466.0	221	1	1	0	0	0	1	0	1	1			2.0	BTNL8	71.1	1.0
BTNL8	sonnet_dual_triage	1	500.0	218	1	1	0	0	1	1	0	0	1	70.2		2.0	BTNL3	71.1	
BTNL9	sonnet_dual_triage	1	535.0	223	1	1	0	1	0	1	0	1	1		69.0	2.0	BTN2A1	44.1	1.0
C14orf180	sonnet_dual_triage	1	160.0	39	0	0	1	0	0	0	0	0	0						
C16orf54	sonnet_dual_triage	1	224.0	31	0	1	0	0	0	0	0	0	0						
C16orf89	sonnet_dual_triage	0	402.0	382	1	1	1	0	0	0	0	0	0						
C17orf58	sonnet_dual_triage	0	339.0	322	1	1	1	0	0	0	0	0	0						
C17orf67	sonnet_dual_triage	0	90.0	70	1	1	1	0	0	0	0	0	0						
C17orf99	sonnet_dual_triage	0	265.0	245	1	1	1	0	0	0	0	0	0				FCRL5	35.1	
C18orf54	sonnet_dual_triage	0	372.0	0	0	0	0	0	0	0	0	0	0						
C1QB	sonnet_dual_triage	0	253.0	226	1	1	1	1	0	1	0	0	1		80.1	3.0	C1QC	52.1	
C1QBP	sonnet_dual_triage	0	282.0	0	0	0	0	1	0	1	0	0	0		85.8	3.0			
C1QL2	sonnet_dual_triage	0	287.0	266	1	1	1	1	1	0	0	0	1	97.2	94.1		C1QL3	77.1	
C1QL3	sonnet_dual_triage	0	255.0	240	1	1	1	1	1	1	0	0	1	99.2	99.6	3.0	C1QL2	77.1	
C1QL4	sonnet_dual_triage	0	238.0	223	1	1	1	1	1	1	0	0	1	86.6	96.6	3.0	C1QL1	76.7	
C1QTNF1	sonnet_dual_triage	0	281.0	256	1	1	1	1	1	1	0	0	1	86.5	76.9	3.0	C1QTNF6	53.0	
C1QTNF12	sonnet_dual_triage	0	302.0	277	1	1	1	1	0	1	0	0	1		70.9	3.0	ERFE	44.4	
C1QTNF2	sonnet_dual_triage	0	285.0	270	1	1	1	1	0	1	0	0	1		94.4	3.0	C1QTNF7	60.7	
C1QTNF4	sonnet_dual_triage	0	329.0	313	1	1	1	1	0	1	0	0	0		94.2	2.0	C1QTNF6	38.4	
C1QTNF5	sonnet_dual_triage	0	243.0	228	1	1	1	1	1	1	0	0	1	99.2	93.8	3.0	C1QTNF9	47.8	
C1QTNF6	sonnet_dual_triage	0	278.0	232	1	1	1	1	1	1	0	0	1	91.0	63.7	3.0	C1QTNF1	53.0	
C1QTNF7	sonnet_dual_triage	0	289.0	273	1	1	1	1	1	1	0	0	1	99.0	96.5	3.0	C1QTNF2	60.7	
C1QTNF8	sonnet_dual_triage	0	252.0	235	1	1	1	0	0	1	0	0	1			3.0	C1QTNF6	52.6	
C1QTNF9	sonnet_dual_triage	0	333.0	314	1	1	1	0	0	0	0	0	1				C1QTNF9B	97.5	
C1QTNF9B	sonnet_dual_triage	0	333.0	314	1	1	1	0	0	1	0	0	1			3.0	C1QTNF9	97.5	
C1RL	sonnet_dual_triage	0	487.0	447	1	1	1	1	1	0	0	0	1	93.8	72.9		C1R	56.2	
C1orf116	sonnet_dual_triage	0	601.0	0	0	0	0	0	0	0	0	0	0						
C1orf185	sonnet_dual_triage	1	199.0	12	0	1	0	0	0	0	0	0	0						
C1orf210	sonnet_dual_triage	1	113.0	32	0	1	0	0	0	0	0	0	0						
C1orf54	sonnet_dual_triage	0	131.0	115	1	1	1	0	0	0	0	0	0						
C2orf74	sonnet_dual_triage	1	187.0	9	0	1	0	0	0	0	0	0	0						
C3AR1	sonnet_dual_triage	7	482.0	233	0	1	0	1	1	0	0	0	0	88.8	64.7		FPR3	38.9	
C3orf52	sonnet_dual_triage	1	217.0	130	0	0	1	0	0	0	0	0	0						
C5AR1	sonnet_dual_triage	7	350.0	80	0	1	0	1	1	1	0	0	0	90.0	65.7	2.0	C5AR2	37.5	
C5AR2	sonnet_dual_triage	7	337.0	95	0	1	0	1	1	0	0	0	0	90.5	61.7		C5AR1	37.5	
C5orf46	sonnet_dual_triage	0	87.0	64	1	1	1	0	0	0	0	0	0						
C6orf120	sonnet_dual_triage	0	191.0	162	1	1	1	0	0	0	0	0	0						
C6orf58	sonnet_dual_triage	0	330.0	310	1	1	1	0	0	0	0	0	0						
C8B	sonnet_dual_triage	0	591.0	559	1	1	1	1	1	0	0	0	1	95.3	75.1		SUSD6	45.7	
C8G	sonnet_dual_triage	0	202.0	182	1	1	1	1	0	0	0	0	0		73.8				
C9	sonnet_dual_triage	0	559.0	538	1	1	1	1	1	0	0	0	1	91.8	58.0		SUSD6	49.4	
CA10	sonnet_dual_triage	0	328.0	307	1	1	1	1	1	1	0	0	1	94.8	100.0	2.0	CA11	56.1	
CA12	sonnet_dual_triage	1	354.0	279	1	1	0	1	1	0	0	1	1	96.0	81.9		CA14	46.4	1.0
CA14	sonnet_dual_triage	1	337.0	278	1	1	0	1	1	0	0	1	1	96.4	84.0		CA12	46.4	1.0
CA4	sonnet_dual_triage	0	312.0	293	1	1	1	1	0	0	0	1	0		55.8		CA2	36.9	2.0
CA9	sonnet_dual_triage	1	459.0	377	1	1	0	1	1	0	0	0	1	92.2	69.7		CA14	42.4	
CABS1	sonnet_dual_triage	0	395.0	395	0	1	1	1	1	0	0	0	0	92.4	61.0				
CACHD1	sonnet_dual_triage	1	1274.0	1064	1	1	0	1	1	0	0	1	0	99.3	96.9		CACNA2D2	24.1	3.0
CACNA1A	sonnet_dual_triage	24	2506.0	390	0	0	0	1	1	0	0	0	1	64.8	87.0		CACNA1B	73.6	
CACNA1B	sonnet_dual_triage	24	2339.0	393	0	0	0	1	0	0	0	0	1		92.0		CACNA1A	73.6	
CACNA1C	sonnet_dual_triage	24	2221.0	418	0	0	0	1	0	0	1	0	1		95.4		CACNA1D	67.0	
CACNA1D	sonnet_dual_triage	24	2161.0	429	0	0	0	1	1	0	0	0	1	98.9	96.5		CACNA1F	76.5	
CACNA1E	sonnet_dual_triage	24	2313.0	397	0	0	0	1	1	0	0	0	1	99.0	94.9		CACNA1B	66.5	
CACNA1F	sonnet_dual_triage	24	1977.0	412	0	0	0	1	1	0	0	0	1	98.6	92.2		CACNA1D	76.5	
CACNA1G	sonnet_dual_triage	24	2377.0	409	0	0	0	1	0	0	1	0	1		94.7		CACNA1H	71.2	
CACNA1H	sonnet_dual_triage	24	2353.0	437	0	0	0	1	0	0	0	0	1		84.8		CACNA1I	74.3	
CACNA1I	sonnet_dual_triage	24	2223.0	456	0	0	0	1	1	0	0	0	1	65.8	91.6		CACNA1H	74.3	
CACNA1S	sonnet_dual_triage	24	1873.0	461	0	0	0	1	1	0	0	0	1	98.8	90.9		CACNA1D	65.9	
CACNA2D1	sonnet_dual_triage	1	1103.0	1049	1	1	0	1	1	0	0	0	1	99.4	95.8		CACNA2D2	56.0	
CACNA2D2	sonnet_dual_triage	0	1150.0	1090	1	1	1	1	1	0	0	0	1	98.7	96.9		CACNA2D1	56.0	
CACNA2D3	sonnet_dual_triage	0	1091.0	1058	1	1	1	1	1	0	0	0	1	99.7	98.1		CACNA2D4	60.9	
CACNA2D4	sonnet_dual_triage	0	1137.0	1077	1	1	1	1	1	0	0	0	1	97.2	83.1		CACNA2D3	60.9	
CACNG1	sonnet_dual_triage	4	222.0	103	0	0	0	1	1	1	0	0	1	97.3	85.6	2.0	CACNG6	43.7	
CACNG2	sonnet_dual_triage	4	323.0	95	0	0	0	1	1	0	0	0	1	100.0	98.8		CACNG3	86.0	
CACNG3	sonnet_dual_triage	4	315.0	93	0	0	0	1	1	0	0	1	1	100.0	98.7		CACNG2	86.0	1.0
CACNG4	sonnet_dual_triage	4	327.0	99	0	0	0	1	1	0	0	0	1	82.6	98.2		CACNG8	70.7	
CACNG5	sonnet_dual_triage	4	275.0	94	0	0	0	1	1	0	0	0	1	99.3	97.1		CACNG7	59.1	
CACNG6	sonnet_dual_triage	4	260.0	110	0	0	0	1	0	1	0	0	1		85.0	2.0	CACNG1	43.7	
CACNG7	sonnet_dual_triage	4	275.0	93	0	0	0	1	1	0	0	0	1	68.7	100.0		CACNG5	59.1	
CACNG8	sonnet_dual_triage	4	425.0	109	0	0	0	1	0	0	0	0	1		94.4		CACNG4	70.7	
CADM1	sonnet_dual_triage	1	442.0	331	1	1	0	1	1	1	1	1	1	99.6	98.7	2.0	CADM2	42.3	3.0
CADM2	sonnet_dual_triage	1	435.0	344	1	1	0	1	1	0	0	1	1	95.8	96.8		CADM3	49.8	2.0
CADM3	sonnet_dual_triage	1	398.0	307	1	1	0	1	1	1	0	1	1	92.5	94.7	2.0	CADM2	49.8	2.0
CADM4	sonnet_dual_triage	1	388.0	299	1	1	0	1	1	0	0	1	1	100.0	98.5		CADM1	40.8	1.0
CALCR	sonnet_dual_triage	7	474.0	154	1	1	0	1	0	0	1	0	1		77.8		CALCRL	57.3	
CALCRL	sonnet_dual_triage	7	461.0	154	1	1	0	1	1	0	0	0	1	99.3	89.8		CALCR	57.3	
CALHM1	sonnet_dual_triage	4	346.0	79	0	0	0	1	1	1	0	0	1	97.4	92.2	8.0	CALHM3	51.3	
CALHM2	sonnet_dual_triage	4	323.0	82	0	0	0	1	1	0	1	0	1	89.2	92.3		CALHM3	42.1	
CALHM3	sonnet_dual_triage	4	344.0	76	0	0	0	1	1	1	0	0	1	94.5	85.2	9.0	CALHM1	51.3	
CALHM4	sonnet_dual_triage	4	314.0	80	0	0	0	1	0	1	1	0	1		77.4	8.0	CALHM2	41.2	
CALHM5	sonnet_dual_triage	4	309.0	78	0	0	0	1	1	1	0	0	1	98.1	83.5	12.0	CALHM6	43.2	
CALHM6	sonnet_dual_triage	4	315.0	74	0	0	0	1	1	1	1	0	1	90.2	68.3	10.0	CALHM5	43.2	
CALR	sonnet_dual_triage	0	417.0	400	1	1	1	1	1	0	0	0	1	99.8	94.2		CALR3	52.6	
CALY	sonnet_dual_triage	1	217.0	111	0	0	1	1	1	0	1	0	0	87.1	81.1		NSG1	35.4	
CAMKV	sonnet_dual_triage	0	501.0	0	0	0	0	1	1	0	0	0	0	98.8	94.8				
CAMP	sonnet_dual_triage	0	170.0	140	1	1	1	1	1	0	0	0	0	86.5	54.7				
CANT1	sonnet_dual_triage	1	401.0	341	0	0	1	1	1	1	1	0	0	96.5	87.8	2.0			
CANX	sonnet_dual_triage	1	592.0	461	1	1	0	1	1	0	0	0	1	98.8	93.2		CLGN	66.0	
CAPRIN1	sonnet_dual_triage	0	709.0	0	0	0	0	1	1	1	0	0	0	99.9	96.8	2.0			
CASR	sonnet_dual_triage	7	1078.0	644	1	1	0	1	1	0	0	1	0	98.5	93.8		TAS1R1	34.2	1.0
CATIP	sonnet_dual_triage	0	387.0	0	0	0	0	1	1	0	0	0	0	96.4	71.8				
CATSPER1	sonnet_dual_triage	6	780.0	67	0	0	0	0	1	0	0	0	0	85.1			CATSPER4	34.5	
CATSPER2	sonnet_dual_triage	6	530.0	75	0	0	0	1	0	1	1	0	0		69.1	4.0	TPCN1	33.3	
CATSPER3	sonnet_dual_triage	6	398.0	69	0	0	0	1	0	1	0	0	0		64.8	4.0	SCN3A	39.3	
CATSPER4	sonnet_dual_triage	6	472.0	64	0	0	0	1	1	0	0	0	0	93.2	65.7		CACNA1C	35.9	
CATSPERB	sonnet_dual_triage	1	1116.0	1036	1	1	0	0	1	0	0	0	0	88.9					
CATSPERD	sonnet_dual_triage	1	798.0	698	1	1	0	0	1	0	1	1	0	88.7					3.0
CATSPERE	sonnet_dual_triage	1	951.0	884	1	1	0	0	1	0	1	0	0	82.2					
CATSPERG	sonnet_dual_triage	1	1159.0	1030	1	1	0	0	1	0	0	1	0	92.7					4.0
CATSPERH	sonnet_dual_triage	3	116.0	12	1	1	0	1	0	0	0	0	0		71.6				
CATSPERQ	sonnet_dual_triage	2	235.0	10	0	0	0	1	1	0	0	0	0	58.7	66.0				
CATSPERT	sonnet_dual_triage	0	1820.0	0	0	0	0	0	1	0	0	0	0	92.0					
CATSPERZ	sonnet_dual_triage	0	200.0	0	0	0	0	0	1	0	0	0	0	93.5					
CAV1	sonnet_dual_triage	0	178.0	0	0	0	0	1	1	1	0	0	0	96.1	94.9	2.0			
CAV2	sonnet_dual_triage	0	162.0	0	0	0	0	1	1	1	0	0	0	97.5	90.1	11.0			
CAV3	sonnet_dual_triage	0	151.0	0	0	0	0	1	1	1	0	0	0	100.0	94.7	2.0			
CAVIN1	sonnet_dual_triage	0	390.0	0	0	0	0	1	0	1	0	0	0		93.1	4.0			
CAVIN2	sonnet_dual_triage	0	425.0	0	0	0	0	1	1	1	0	0	0	96.0	82.8	4.0			
CBARP	sonnet_dual_triage	1	705.0	46	0	1	0	1	1	0	0	0	0	56.6	82.8				
CBLN1	sonnet_dual_triage	0	193.0	172	1	1	1	1	1	1	0	0	1	60.1	99.0	3.0	CBLN2	84.9	
CBLN3	sonnet_dual_triage	0	205.0	173	1	1	1	1	1	1	0	0	1	99.5	88.8	3.0	CBLN1	61.6	
CCDC198	sonnet_dual_triage	0	296.0	0	0	0	0	1	1	0	0	0	0	92.2	63.2				
CCDC25	sonnet_dual_triage	0	208.0	0	0	0	0	1	1	0	0	0	0	99.5	95.2				
CCDC3	sonnet_dual_triage	0	270.0	249	1	1	1	1	1	1	0	0	0	86.7	90.4	2.0			
CCDC70	sonnet_dual_triage	0	222.0	0	0	0	0	1	1	0	0	0	0	92.8	83.3				
CCDC78	sonnet_dual_triage	0	438.0	0	0	0	0	1	1	1	0	0	0	90.4	53.8	2.0			
CCDC80	sonnet_dual_triage	0	950.0	927	1	1	1	1	1	0	0	0	0	98.0	84.0				
CCDC81	sonnet_dual_triage	0	652.0	0	0	0	0	1	1	0	0	0	0	95.9	79.0				
CCKAR	sonnet_dual_triage	7	428.0	99	0	1	0	1	1	0	0	0	0	97.7	90.7		CCKBR	36.8	
CCKBR	sonnet_dual_triage	7	447.0	108	0	1	0	1	0	0	0	0	0		89.3		GALR3	39.4	
CCL25	sonnet_dual_triage	0	150.0	127	1	1	1	0	1	0	0	0	0	90.0			CCL16	35.1	
CCN1	sonnet_dual_triage	0	381.0	357	1	1	1	1	1	0	0	0	1	98.2	91.9		CCN2	52.3	
CCN2	sonnet_dual_triage	0	349.0	323	1	1	1	1	1	0	0	0	1	89.4	90.5		CCN3	52.9	
CCN3	sonnet_dual_triage	0	357.0	326	1	1	1	1	1	0	0	0	1	98.9	80.1		CCN2	52.9	
CCN5	sonnet_dual_triage	0	250.0	227	1	1	1	1	1	0	0	0	1	95.6	73.2		CCN2	49.8	
CCN6	sonnet_dual_triage	0	354.0	331	1	1	1	1	1	0	0	0	1	97.5	78.2		CCN4	45.3	
CCNYL1	sonnet_dual_triage	0	359.0	0	0	0	0	1	1	0	0	0	0	99.2	92.8				
CCNYL1B	sonnet_dual_triage	0	285.0	0	0	0	0	0	0	0	0	0	0						
CCPG1	sonnet_dual_triage	1	757.0	522	0	0	1	1	1	1	0	0	0	93.7	70.0	2.0			
CCR1	sonnet_dual_triage	7	355.0	92	0	1	0	0	1	0	0	1	1	88.5			CCR2	41.6	1.0
CCR10	sonnet_dual_triage	7	362.0	108	0	1	0	1	1	0	0	0	0	98.3	88.1		CCR7	35.4	
CCR2	sonnet_dual_triage	7	374.0	102	0	1	0	1	1	0	0	0	1	97.2	79.7		CCR5	52.2	
CCR3	sonnet_dual_triage	7	355.0	99	0	1	0	1	1	0	0	1	0	92.1	68.7		CCR1	39.1	1.0
CCR4	sonnet_dual_triage	7	360.0	100	0	1	0	1	1	0	0	0	0	98.6	86.7		CCR5	35.9	
CCR5	sonnet_dual_triage	7	352.0	95	0	1	0	1	1	0	0	1	1	97.7	82.4		CCR2	52.2	1.0
CCR6	sonnet_dual_triage	7	374.0	117	0	1	0	1	1	0	0	0	0	94.9	73.3		CXCR6	34.7	
CCR7	sonnet_dual_triage	7	378.0	79	1	1	0	1	1	0	0	0	0	98.9	87.0		CCR10	35.4	
CCR8	sonnet_dual_triage	7	355.0	87	0	1	0	1	1	0	1	0	0	94.1	70.4		CCR4	33.3	
CCR9	sonnet_dual_triage	7	369.0	98	0	1	0	1	1	0	0	0	0	98.6	85.6		CXCR6	32.4	
CCRL2	sonnet_dual_triage	7	344.0	99	0	1	0	0	1	0	0	0	0	91.9			CCR2	35.6	
CD101	sonnet_dual_triage	1	1021.0	934	1	1	0	1	1	0	0	1	0	95.1	70.4		IGSF3	39.9	4.0
CD109	sonnet_dual_triage	0	1445.0	1424	1	1	1	1	1	0	0	1	0	95.8	72.1		CPAMD8	35.1	7.0
CD14	sonnet_dual_triage	0	375.0	356	1	1	1	1	1	0	0	1	0	95.2	65.3				2.0
CD151	sonnet_dual_triage	4	253.0	123	0	0	0	1	1	0	0	1	1	91.7	93.7		TSPAN11	60.3	1.0
CD160	sonnet_dual_triage	0	181.0	158	1	1	1	1	1	0	0	1	0	89.5	66.3				2.0
CD163	sonnet_dual_triage	1	1156.0	1005	1	1	0	1	1	0	0	1	1	96.0	72.9		CD163L1	58.6	3.0
CD163L1	sonnet_dual_triage	1	1453.0	1319	1	1	0	0	1	0	1	1	1	92.4			CD163	58.6	5.0
CD164	sonnet_dual_triage	1	197.0	143	1	1	0	1	1	0	1	0	0	83.8	61.9		TMEM123	31.0	
CD164L2	sonnet_dual_triage	1	174.0	112	1	1	0	1	1	0	0	0	0	86.2	81.0		CD164	29.5	
CD177	sonnet_dual_triage	0	437.0	416	1	1	1	0	0	0	0	1	0				TEX101	37.2	2.0
CD180	sonnet_dual_triage	1	661.0	606	1	1	0	1	1	0	0	1	1	94.3	74.0		LRRC3B	42.9	2.0
CD19	sonnet_dual_triage	1	556.0	272	1	1	0	1	1	0	0	1	0	91.9	65.3				1.0
CD1A	sonnet_dual_triage	1	327.0	281	1	1	0	0	0	0	0	1	1				CD1B	61.2	1.0
CD1B	sonnet_dual_triage	1	333.0	285	1	1	0	0	0	0	0	0	1				CD1C	62.2	
CD1C	sonnet_dual_triage	1	333.0	283	1	1	0	0	1	0	0	1	1	90.7			CD1B	62.2	1.0
CD1D	sonnet_dual_triage	1	335.0	282	1	1	0	0	1	0	0	1	1	93.7			CD1E	59.2	2.0
CD1E	sonnet_dual_triage	1	388.0	288	1	1	0	0	1	0	1	1	1	89.2			CD1B	60.0	2.0
CD2	sonnet_dual_triage	1	351.0	191	1	1	0	1	1	0	0	1	0	94.0	51.9		LY9	30.4	1.0
CD200	sonnet_dual_triage	1	278.0	206	1	1	0	1	1	1	0	1	0	94.8	76.6	2.0	SMAGP	37.1	2.0
CD200R1	sonnet_dual_triage	1	348.0	242	1	1	0	0	1	0	1	1	1	90.5			CD200R1L	79.4	1.0
CD200R1L	sonnet_dual_triage	1	271.0	218	1	1	0	0	1	0	0	1	1	82.4			CD200R1	79.4	1.0
CD207	sonnet_dual_triage	1	328.0	264	0	0	1	1	1	1	0	0	1	93.0	66.5	2.0	CLEC4F	43.2	
CD209	sonnet_dual_triage	1	404.0	346	0	0	1	0	1	0	1	0	1	82.9			CLEC4M	87.8	
CD22	sonnet_dual_triage	1	847.0	668	1	1	0	1	1	0	0	1	0	78.2	61.3		TMEM25	37.0	4.0
CD226	sonnet_dual_triage	1	336.0	232	1	1	0	1	1	1	0	1	1	93.2	52.4	2.0	SMAGP	42.9	3.0
CD24	sonnet_dual_triage	0	80.0	54	1	1	1	1	0	0	0	0	0		57.5				
CD244	sonnet_dual_triage	1	370.0	205	1	1	0	0	1	0	0	1	0	84.1			LY9	29.8	1.0
CD247	sonnet_dual_triage	1	164.0	9	1	1	0	1	1	0	0	0	0	90.9	81.1				
CD248	sonnet_dual_triage	1	757.0	670	1	1	0	1	0	0	0	1	1		78.5		DLK2	40.9	3.0
CD27	sonnet_dual_triage	1	260.0	168	1	1	0	1	0	0	0	0	0		64.2		TNFRSF1B	32.7	
CD274	sonnet_dual_triage	1	290.0	220	1	1	0	1	1	1	1	1	1	93.4	69.3	2.0	RNF152	56.2	2.0
CD276	sonnet_dual_triage	1	534.0	437	1	1	0	1	1	0	1	1	1	97.4	52.6		ERMAP	44.0	2.0
CD28	sonnet_dual_triage	1	220.0	136	1	1	0	1	1	1	1	1	0	98.2	67.7	2.0	CTLA4	30.5	3.0
CD300A	sonnet_dual_triage	1	299.0	163	1	1	0	0	1	0	1	1	1	73.9			CD300C	71.0	1.0
CD300C	sonnet_dual_triage	1	224.0	162	1	1	0	0	1	0	0	1	1	84.8			CD300A	71.0	1.0
CD300E	sonnet_dual_triage	1	205.0	159	1	1	0	1	1	0	0	1	1	62.9	56.1		CD300H	45.2	1.0
CD300H	sonnet_dual_triage	1	201.0	146	1	1	0	0	1	0	1	0	1	90.5			CD300C	47.9	
CD300LB	sonnet_dual_triage	1	201.0	137	1	1	0	0	1	0	0	0	1	77.1			CD300LF	57.7	
CD300LD	sonnet_dual_triage	1	194.0	147	1	1	0	0	1	0	0	0	1	85.1			CD300LF	64.0	
CD300LF	sonnet_dual_triage	1	290.0	139	1	1	0	0	1	0	1	1	1	86.2			CD300LD	64.0	1.0
CD300LG	sonnet_dual_triage	1	332.0	229	1	1	0	0	1	0	0	0	1	88.6			CD300C	40.1	
CD302	sonnet_dual_triage	1	232.0	148	1	1	0	1	1	0	0	1	1	94.0	73.7		MRC1	45.3	1.0
CD320	sonnet_dual_triage	1	282.0	195	1	1	0	1	1	0	0	1	0	82.3	56.0		LDLRAD2	26.7	1.0
CD33	sonnet_dual_triage	1	364.0	243	1	1	0	0	0	0	0	1	1				SIGLEC6	67.1	2.0
CD34	sonnet_dual_triage	1	385.0	259	1	1	0	1	1	0	0	1	0	89.4	65.5				1.0
CD36	sonnet_dual_triage	2	472.0	409	0	0	0	1	1	0	1	1	0	94.9	84.1		SCARB2	36.2	1.0
CD37	sonnet_dual_triage	4	281.0	149	0	0	0	1	0	0	1	1	0		80.1		TSPAN3	34.1	1.0
CD38	sonnet_dual_triage	1	300.0	256	0	0	1	1	1	0	0	1	0	92.3	58.0		BST1	37.5	2.0
CD3D	sonnet_dual_triage	1	171.0	85	1	1	0	1	1	1	1	1	1	84.2	64.3	2.0	CD3G	41.2	2.0
CD3E	sonnet_dual_triage	1	207.0	111	1	1	0	1	1	1	0	0	0	82.6	58.5	2.0	CD3G	31.6	
CD3G	sonnet_dual_triage	1	182.0	95	1	1	0	1	1	1	0	1	1	81.9	69.8	2.0	CD3D	41.2	1.0
CD4	sonnet_dual_triage	1	458.0	371	1	1	0	1	1	0	0	1	0	92.1	54.8				2.0
CD40	sonnet_dual_triage	1	277.0	174	1	1	0	1	1	0	1	1	0	88.8	62.1		TNFRSF11A	38.5	2.0
CD40LG	sonnet_dual_triage	1	261.0	217	0	0	1	1	1	0	0	1	0	98.1	77.4		TNFSF14	29.7	2.0
CD44	sonnet_dual_triage	1	742.0	629	1	1	0	1	1	0	1	1	0	95.1	70.2		LYVE1	38.1	1.0
CD46	sonnet_dual_triage	1	392.0	311	1	1	0	0	1	0	0	1	1	83.0			CSMD1	49.5	3.0
CD47	sonnet_dual_triage	5	323.0	139	1	1	0	1	1	1	0	0	0	91.6	72.1	2.0			
CD48	sonnet_dual_triage	1	243.0	196	1	1	0	0	1	0	1	1	0	81.5			LY9	29.6	2.0
CD5	sonnet_dual_triage	1	495.0	358	1	1	0	1	0	0	0	1	1		64.0		DMBT1	41.3	1.0
CD52	sonnet_dual_triage	0	61.0	37	1	1	1	0	1	0	0	0	0	86.9					
CD53	sonnet_dual_triage	4	219.0	97	0	0	0	1	1	0	0	0	0	81.3	83.1		TSPAN9	34.4	
CD55	sonnet_dual_triage	0	381.0	347	1	1	1	0	1	0	0	1	1	79.3			CSMD3	49.9	1.0
CD58	sonnet_dual_triage	1	250.0	187	1	1	0	0	1	0	0	1	0	82.4					1.0
CD59	sonnet_dual_triage	0	128.0	103	1	1	1	0	0	0	0	1	0				LYPD2	31.1	1.0
CD5L	sonnet_dual_triage	0	347.0	329	1	1	1	1	1	0	0	0	1	87.9	69.2		DMBT1	53.5	
CD6	sonnet_dual_triage	1	668.0	385	1	1	0	1	1	0	0	1	1	85.6	69.9		DMBT1	50.9	1.0
CD63	sonnet_dual_triage	4	238.0	114	0	0	0	1	1	0	1	1	0	100.0	78.6		TSPAN17	34.2	1.0
CD68	sonnet_dual_triage	1	354.0	306	1	1	0	0	1	0	0	0	0	96.3			LAMP2	27.8	
CD69	sonnet_dual_triage	1	199.0	138	0	0	1	1	1	1	0	1	1	67.8	57.8	2.0	CLEC2A	42.2	1.0
CD7	sonnet_dual_triage	1	240.0	155	1	1	0	0	1	0	0	1	0	86.7					1.0
CD70	sonnet_dual_triage	1	193.0	155	0	0	1	1	1	0	0	1	0	89.1	57.0				2.0
CD72	sonnet_dual_triage	1	359.0	243	0	0	1	1	1	1	0	0	0	87.2	53.2	2.0			
CD74	sonnet_dual_triage	1	296.0	224	0	0	1	1	1	1	0	1	0	94.3	72.6	3.0			1.0
CD79A	sonnet_dual_triage	1	226.0	111	1	1	0	1	1	0	0	1	0	82.3	69.5		CD79B	31.5	1.0
CD79B	sonnet_dual_triage	1	229.0	131	1	1	0	1	1	0	0	1	0	56.8	67.7		CD79A	31.5	1.0
CD80	sonnet_dual_triage	1	288.0	212	1	1	0	0	1	0	1	1	1	95.8			RNF152	43.8	2.0
CD81	sonnet_dual_triage	4	236.0	111	0	0	0	1	1	0	0	0	0	76.7	91.9		TSPAN18	27.7	
CD82	sonnet_dual_triage	4	267.0	137	0	0	0	1	1	0	0	1	1	95.1	76.4		TSPAN13	40.8	1.0
CD83	sonnet_dual_triage	1	205.0	125	1	1	0	1	1	0	0	0	0	97.1	66.3				
CD84	sonnet_dual_triage	1	345.0	204	1	1	0	1	1	1	1	1	0	93.3	58.5	2.0	LY9	39.7	1.0
CD86	sonnet_dual_triage	1	329.0	222	1	1	0	0	1	1	1	1	1	94.2		2.0	RNF152	50.0	2.0
CD8A	sonnet_dual_triage	1	235.0	161	1	1	0	0	1	1	1	1	0	75.7		2.0			1.0
CD8B	sonnet_dual_triage	1	210.0	152	1	1	0	0	0	1	1	1	1			2.0	CD8B2	98.7	1.0
CD8B2	sonnet_dual_triage	1	210.0	152	1	1	0	0	0	1	0	0	1			2.0	CD8B	98.7	
CD9	sonnet_dual_triage	4	228.0	104	0	0	0	1	1	0	0	1	0	98.7	89.0		TSPAN2	28.7	1.0
CD93	sonnet_dual_triage	1	652.0	558	1	1	0	1	1	0	0	1	0	94.8	67.6		DLK2	39.5	3.0
CD96	sonnet_dual_triage	1	585.0	499	1	1	0	1	1	1	0	1	0	91.7	61.2	2.0			4.0
CD99	sonnet_dual_triage	1	185.0	105	1	1	0	0	1	0	0	0	1	83.2			CD99L2	44.8	
CD99L2	sonnet_dual_triage	1	262.0	160	1	1	0	1	1	0	1	0	1	95.0	65.3		CD99	44.8	
CDC50A	sonnet_dual_triage	2	361.0	254	0	0	0	1	1	0	1	1	1	98.9	88.9		CDC50B	55.5	1.0
CDC50B	sonnet_dual_triage	2	351.0	260	0	0	0	1	0	0	0	0	1		90.3		CDC50A	55.5	
CDCP1	sonnet_dual_triage	1	836.0	638	1	1	0	1	1	0	1	1	0	95.8	81.0				2.0
CDCP2	sonnet_dual_triage	1	540.0	495	1	1	0	1	1	0	0	0	1	97.0	88.7		CUBN	44.0	
CDH1	sonnet_dual_triage	1	882.0	687	1	1	0	1	1	0	0	1	1	95.5	81.2		CDH3	53.3	5.0
CDH10	sonnet_dual_triage	1	788.0	591	1	1	0	1	1	0	0	1	1	99.5	96.8		CDH6	71.6	4.0
CDH11	sonnet_dual_triage	1	796.0	597	1	1	0	1	1	0	0	1	1	99.4	97.4		CDH8	65.1	4.0
CDH12	sonnet_dual_triage	1	794.0	591	1	1	0	1	1	0	0	1	1	99.4	95.8		CDH20	61.5	5.0
CDH13	sonnet_dual_triage	0	713.0	691	1	1	1	1	1	0	0	1	1	98.0	93.7		CDH2	43.1	7.0
CDH15	sonnet_dual_triage	1	814.0	584	1	1	0	1	1	0	0	1	1	91.2	82.7		DCHS1	45.0	2.0
CDH16	sonnet_dual_triage	1	829.0	766	1	1	0	1	1	0	0	1	0	92.3	77.6		PCDHA1	29.6	4.0
CDH17	sonnet_dual_triage	1	832.0	764	1	1	0	1	1	0	0	1	1	90.6	79.0		CDH23	41.4	6.0
CDH18	sonnet_dual_triage	1	790.0	591	1	1	0	1	1	0	1	1	1	98.7	96.1		CDH7	64.6	4.0
CDH19	sonnet_dual_triage	1	772.0	575	1	1	0	1	1	0	1	1	1	96.6	75.1		CDH7	54.1	3.0
CDH2	sonnet_dual_triage	1	906.0	698	1	1	0	1	1	0	0	1	1	99.2	96.8		CDH4	63.9	5.0
CDH20	sonnet_dual_triage	1	801.0	587	1	1	0	1	1	0	0	1	1	98.3	96.1		CDH7	66.2	3.0
CDH22	sonnet_dual_triage	1	828.0	588	1	1	0	1	1	0	0	1	1	85.1	92.8		CDH7	58.4	4.0
CDH23	sonnet_dual_triage	1	3354.0	3043	1	1	0	1	0	0	1	1	1		94.4		CDH8	44.9	11.0
CDH24	sonnet_dual_triage	1	819.0	614	1	1	0	1	1	0	0	1	1	87.2	93.3		CDH11	56.4	5.0
CDH26	sonnet_dual_triage	1	832.0	587	1	1	0	1	1	0	1	1	0	89.4	60.5		DCHS1	39.9	3.0
CDH3	sonnet_dual_triage	1	829.0	632	1	1	0	1	1	0	0	1	1	95.7	82.1		CDH1	53.3	5.0
CDH4	sonnet_dual_triage	1	916.0	714	1	1	0	1	1	0	0	1	1	98.7	92.5		CDH2	63.9	4.0
CDH5	sonnet_dual_triage	1	784.0	573	1	1	0	1	1	0	0	1	1	95.4	75.4		CDH20	43.8	2.0
CDH6	sonnet_dual_triage	1	790.0	592	1	1	0	1	1	0	0	1	1	99.5	97.1		CDH10	71.6	4.0
CDH7	sonnet_dual_triage	1	785.0	582	1	1	0	1	1	0	0	1	1	99.4	98.0		CDH20	66.2	3.0
CDH8	sonnet_dual_triage	1	799.0	593	1	1	0	1	1	0	0	1	1	91.0	97.0		CDH11	65.1	2.0
CDH9	sonnet_dual_triage	1	789.0	594	1	1	0	1	1	0	0	1	1	99.1	90.9		CDH6	71.5	3.0
CDHR1	sonnet_dual_triage	1	859.0	682	1	1	0	1	1	0	1	1	1	97.8	85.2		CDH23	42.8	4.0
CDHR2	sonnet_dual_triage	1	1310.0	1134	1	1	0	1	1	0	0	1	1	94.2	72.9		CDH23	40.1	7.0
CDHR3	sonnet_dual_triage	1	885.0	691	1	1	0	1	0	0	0	1	0		71.5		DCHS2	39.8	6.0
CDHR4	sonnet_dual_triage	1	788.0	671	1	1	0	1	0	0	1	1	0		71.8		PCDH8	27.0	3.0
CDHR5	sonnet_dual_triage	1	845.0	643	1	1	0	1	1	1	0	1	1	70.9	58.6	2.0	CDH23	42.3	3.0
CDNF	sonnet_dual_triage	0	187.0	161	1	1	1	1	0	0	0	0	1		77.5		MANF	63.3	
CDON	sonnet_dual_triage	1	1287.0	939	1	1	0	1	1	0	0	1	1	95.3	81.6		BOC	48.0	2.0
CDSN	sonnet_dual_triage	0	529.0	497	1	1	1	1	1	0	0	0	0	90.4	66.2				
CDV3	sonnet_dual_triage	0	258.0	0	0	0	0	1	1	0	0	0	0	98.4	84.1				
CEACAM1	sonnet_dual_triage	1	526.0	394	1	1	0	0	0	1	1	1	1			2.0	CEACAM3	86.4	3.0
CEACAM18	sonnet_dual_triage	0	384.0	354	1	1	1	1	1	0	0	0	0	77.3	53.6		CEACAM4	36.4	
CEACAM19	sonnet_dual_triage	1	300.0	127	1	1	0	1	1	0	1	1	0	95.7	59.5		CEACAM5	37.0	1.0
CEACAM20	sonnet_dual_triage	1	596.0	416	1	1	0	1	1	0	0	1	0	88.9	52.9		CEACAM3	34.7	1.0
CEACAM21	sonnet_dual_triage	1	293.0	204	1	1	0	0	0	0	1	1	1				CEACAM1	52.0	1.0
CEACAM3	sonnet_dual_triage	1	252.0	118	1	1	0	0	0	1	1	1	1			2.0	CEACAM1	86.4	2.0
CEACAM4	sonnet_dual_triage	1	244.0	121	1	1	0	0	0	0	0	1	1				CEACAM3	53.4	2.0
CEACAM5	sonnet_dual_triage	1	702.0	656	1	1	0	0	0	0	0	1	1				CEACAM6	85.6	4.0
CEACAM6	sonnet_dual_triage	1	344.0	298	1	1	0	0	0	1	0	1	1			2.0	CEACAM3	86.4	4.0
CEACAM7	sonnet_dual_triage	1	265.0	216	1	1	0	0	1	1	0	1	1	85.3		2.0	CEACAM1	69.0	3.0
CEACAM8	sonnet_dual_triage	1	349.0	299	1	1	0	0	1	1	0	1	1	79.9		2.0	CEACAM6	78.5	3.0
CELA1	sonnet_dual_triage	0	258.0	246	1	1	1	1	1	0	0	0	1	92.6	83.7		CELA2A	57.7	
CELSR1	sonnet_dual_triage	7	3014.0	2486	1	1	0	1	1	0	1	1	1	94.7	81.3		CELSR2	62.0	8.0
CELSR2	sonnet_dual_triage	7	2923.0	2381	1	1	0	1	0	0	0	1	1		95.6		CELSR1	62.0	10.0
CELSR3	sonnet_dual_triage	7	3312.0	2545	1	1	0	1	1	0	0	1	1	96.6	92.3		CELSR2	58.0	7.0
CEMIP	sonnet_dual_triage	0	1361.0	1331	1	1	1	1	1	0	0	0	1	93.7	91.3		CEMIP2	45.7	
CEMIP2	sonnet_dual_triage	1	1383.0	1280	0	0	1	1	1	0	0	0	1	98.8	86.8		CEMIP	45.7	
CERCAM	sonnet_dual_triage	0	595.0	573	1	1	1	1	1	0	0	0	1	97.1	83.2		COLGALT1	57.6	
CFAP95	sonnet_dual_triage	0	229.0	0	0	0	0	1	1	0	0	0	0	93.0	62.4				
CFC1	sonnet_dual_triage	0	223.0	198	1	1	1	0	0	1	0	1	1			2.0	CFC1B	99.5	1.0
CFC1B	sonnet_dual_triage	0	223.0	198	1	1	1	0	0	0	0	0	1				CFC1	99.5	
CFHR2	sonnet_dual_triage	0	270.0	252	1	1	1	0	0	0	0	0	1				CFHR1	85.7	
CFP	sonnet_dual_triage	0	469.0	443	1	1	1	1	1	0	0	0	0	93.0	75.1				
CFTR	sonnet_dual_triage	12	1480.0	102	0	0	0	1	1	0	1	0	0	98.4	78.5		ABCC5	24.3	
CGAS	sonnet_dual_triage	0	522.0	0	0	0	0	1	1	0	0	0	0	83.3	54.8				
CGB1	sonnet_dual_triage	0	187.0	137	1	1	1	0	0	0	0	0	1				CGB3	100.0	
CGB2	sonnet_dual_triage	0	163.0	145	1	1	1	0	0	0	0	0	1				CGB3	99.3	
CHIA	sonnet_dual_triage	0	476.0	455	1	1	1	0	1	0	0	0	1	87.6			CHIT1	53.9	
CHIC2	sonnet_dual_triage	0	165.0	0	0	0	0	1	1	0	0	0	0	100.0	99.4				
CHID1	sonnet_dual_triage	0	393.0	374	1	1	1	1	1	0	0	0	0	99.2	89.8		OVGP1	26.2	
CHL1	sonnet_dual_triage	1	1208.0	1058	1	1	0	1	1	0	0	1	1	97.4	83.7		NRCAM	40.4	8.0
CHLSN	sonnet_dual_triage	0	194.0	0	0	0	0	1	1	0	0	0	0	89.7	61.3				
CHODL	sonnet_dual_triage	1	273.0	198	1	1	0	1	1	0	1	1	1	98.9	85.3		LAYN	55.6	1.0
CHRDL1	sonnet_dual_triage	0	456.0	429	1	1	1	1	1	0	0	0	1	99.6	88.4		FCGBP	49.2	
CHRFAM7A	sonnet_dual_triage	4	412.0	167	0	1	1	0	0	1	0	0	1			5.0	CHRNA7	88.0	
CHRM1	sonnet_dual_triage	7	460.0	77	0	1	0	1	0	0	0	0	1		98.9		CHRM3	59.7	
CHRM2	sonnet_dual_triage	7	466.0	74	0	1	0	1	1	0	0	0	1	99.4	96.4		CHRM4	62.2	
CHRM3	sonnet_dual_triage	7	590.0	120	0	1	0	1	1	0	0	0	1	98.3	91.5		CHRM5	63.4	
CHRM4	sonnet_dual_triage	7	479.0	83	0	1	0	1	1	0	0	0	1	99.0	96.0		CHRM2	62.2	
CHRM5	sonnet_dual_triage	7	532.0	82	0	1	0	1	1	0	0	0	1	96.1	88.7		CHRM3	63.4	
CHRNA1	sonnet_dual_triage	4	457.0	232	1	1	1	1	1	1	0	1	1	63.2	94.3	5.0	CHRNA4	53.3	1.0
CHRNA10	sonnet_dual_triage	4	450.0	228	1	1	1	1	0	1	0	1	1		91.3	5.0	CHRNA9	67.1	1.0
CHRNA2	sonnet_dual_triage	4	529.0	259	1	1	1	1	1	1	0	0	1	97.2	81.9	5.0	CHRNA4	78.5	
CHRNA3	sonnet_dual_triage	4	505.0	231	1	1	1	1	1	1	1	1	1	97.2	90.3	5.0	CHRNA6	70.9	1.0
CHRNA4	sonnet_dual_triage	4	627.0	233	1	1	1	1	1	1	0	1	1	88.8	84.1	5.0	CHRNA2	78.5	1.0
CHRNA5	sonnet_dual_triage	4	468.0	256	1	1	1	1	1	1	0	0	1	94.9	89.1	5.0	CHRNB3	71.1	
CHRNA6	sonnet_dual_triage	4	494.0	230	1	1	1	1	1	1	0	0	1	96.6	85.0	5.0	CHRNA3	70.9	
CHRNA7	sonnet_dual_triage	4	502.0	235	1	1	1	1	0	1	1	1	1		93.2	5.0	CHRFAM7A	88.0	2.0
CHRNA9	sonnet_dual_triage	4	479.0	233	1	1	1	1	0	1	0	1	1		91.0	5.0	CHRNA10	67.1	1.0
CHRNB1	sonnet_dual_triage	4	501.0	241	1	1	1	1	1	1	0	1	1	97.6	89.8	2.0	CHRNG	48.1	1.0
CHRNB2	sonnet_dual_triage	4	502.0	242	1	1	1	1	1	1	0	0	1	98.4	86.5	5.0	CHRNB4	67.1	
CHRNB3	sonnet_dual_triage	4	458.0	240	1	1	1	1	1	1	0	0	1	97.8	86.5	5.0	CHRNA5	71.1	
CHRNB4	sonnet_dual_triage	4	498.0	243	1	1	1	1	1	1	1	0	1	94.6	82.7	5.0	CHRNB2	67.1	
CHRND	sonnet_dual_triage	4	517.0	256	1	1	1	1	1	1	0	1	1	98.6	87.8	5.0	CHRNG	56.0	1.0
CHRNE	sonnet_dual_triage	4	493.0	242	1	1	1	1	1	1	0	1	1	95.9	88.2	5.0	CHRNG	53.7	2.0
CHRNG	sonnet_dual_triage	4	517.0	256	1	1	1	1	1	1	0	1	1	97.5	90.5	5.0	CHRND	56.0	1.0
CHST15	sonnet_dual_triage	1	561.0	463	0	0	1	1	1	0	0	0	0	98.6	92.5				
CIMIP2C	sonnet_dual_triage	0	201.0	0	0	0	0	1	1	0	0	0	0	96.0	68.2				
CIP2A	sonnet_dual_triage	0	905.0	0	0	0	0	1	1	1	0	0	0	99.0	86.7	2.0			
CIROP	sonnet_dual_triage	1	788.0	717	1	1	0	1	1	0	0	0	0	94.0	66.0				
CIROZ	sonnet_dual_triage	0	823.0	801	1	1	1	1	1	0	0	0	0	71.1	50.5				
CIST1	sonnet_dual_triage	1	234.0	156	1	1	0	0	1	0	0	0	0	84.2					
CKAP4	sonnet_dual_triage	1	602.0	475	0	0	1	1	1	0	0	0	0	96.7	80.1				
CKLF	sonnet_dual_triage	4	152.0	15	0	0	0	1	1	0	1	0	0	72.4	57.9		MAL2	33.3	
CLCA1	sonnet_dual_triage	0	914.0	893	1	1	1	1	0	0	0	0	1		75.5		CLCA4	62.0	
CLCA2	sonnet_dual_triage	1	943.0	869	1	1	0	1	0	0	0	1	1		72.2		CLCA1	47.1	3.0
CLCA4	sonnet_dual_triage	0	919.0	898	1	1	1	0	1	0	0	1	1	83.8			CLCA1	62.0	3.0
CLCN1	sonnet_dual_triage	10	988.0	139	0	0	0	1	1	1	0	0	0	97.7	87.9	2.0	CLCNKB	32.4	
CLCN3	sonnet_dual_triage	8	818.0	187	0	0	0	1	1	1	0	0	1	97.9	97.4	2.0	CLCN4	79.5	
CLCN7	sonnet_dual_triage	10	805.0	155	0	0	0	1	1	1	1	0	0	90.4	96.0	2.0	CLCNKA	30.2	
CLCNKA	sonnet_dual_triage	10	687.0	99	0	0	0	0	1	1	1	0	1	95.5		2.0	CLCNKB	95.8	
CLCNKB	sonnet_dual_triage	10	687.0	96	0	0	0	0	0	1	1	0	1			2.0	CLCNKA	95.8	
CLDN1	sonnet_dual_triage	4	211.0	76	0	0	0	1	1	0	0	0	1	99.5	90.5		CLDN7	65.8	
CLDN10	sonnet_dual_triage	4	228.0	74	0	0	0	1	1	0	0	0	1	99.6	93.9		CLDN15	60.0	
CLDN11	sonnet_dual_triage	4	207.0	67	0	0	0	1	1	0	0	0	0	98.1	94.2		CLDN4	39.7	
CLDN12	sonnet_dual_triage	4	244.0	78	0	0	0	1	0	0	0	1	0		91.4				1.0
CLDN14	sonnet_dual_triage	4	239.0	77	0	0	0	1	1	0	0	0	1	98.3	93.3		CLDN4	59.5	
CLDN15	sonnet_dual_triage	4	228.0	71	0	0	0	1	1	0	0	1	1	97.4	77.6		CLDN10	60.0	1.0
CLDN16	sonnet_dual_triage	4	235.0	76	0	0	0	1	1	0	0	0	0	95.3	92.3		CLDN8	34.2	
CLDN17	sonnet_dual_triage	4	224.0	76	0	0	0	1	0	0	0	0	1		81.7		CLDN8	67.1	
CLDN18	sonnet_dual_triage	4	261.0	85	0	0	0	1	1	0	0	0	1	98.9	88.9		CLDN1	40.8	
CLDN19	sonnet_dual_triage	4	224.0	76	0	0	0	1	1	1	1	1	1	100.0	89.7	2.0	CLDN1	64.0	1.0
CLDN2	sonnet_dual_triage	4	230.0	77	0	0	0	1	1	1	0	0	1	99.1	91.3	2.0	CLDN14	55.8	
CLDN20	sonnet_dual_triage	4	219.0	76	0	0	0	1	1	0	0	0	1	97.3	74.4		CLDN3	43.2	
CLDN22	sonnet_dual_triage	4	220.0	76	0	0	0	0	1	0	0	1	1	94.5			CLDN24	100.0	2.0
CLDN23	sonnet_dual_triage	4	292.0	82	0	0	0	1	1	0	0	0	0	90.4	80.5		CLDN1	30.3	
CLDN24	sonnet_dual_triage	4	220.0	76	0	0	0	0	1	0	0	0	1	95.5			CLDN22	100.0	
CLDN25	sonnet_dual_triage	4	229.0	75	0	0	0	1	0	0	0	0	1		77.7		CLDN22	62.7	
CLDN3	sonnet_dual_triage	4	220.0	74	0	0	0	1	1	0	0	1	1	80.9	90.9		CLDN4	85.1	1.0
CLDN34	sonnet_dual_triage	4	214.0	88	0	0	0	0	1	0	0	0	0	88.8			CLDN2	29.9	
CLDN4	sonnet_dual_triage	4	209.0	74	0	0	0	0	1	0	0	1	1	99.0			CLDN3	85.1	1.0
CLDN5	sonnet_dual_triage	4	218.0	76	0	0	0	1	0	0	0	0	1		91.7		CLDN6	63.5	
CLDN6	sonnet_dual_triage	4	220.0	74	0	0	0	1	0	0	0	1	1		87.7		CLDN9	97.3	1.0
CLDN7	sonnet_dual_triage	4	211.0	77	0	0	0	1	1	0	1	0	1	97.2	91.9		CLDN1	65.8	
CLDN8	sonnet_dual_triage	4	225.0	79	0	0	0	1	1	0	0	0	1	95.6	82.7		CLDN3	68.9	
CLDN9	sonnet_dual_triage	4	217.0	74	0	0	0	1	0	0	0	1	1		97.2		CLDN6	97.3	1.0
CLDND1	sonnet_dual_triage	4	253.0	129	0	0	0	1	1	0	1	0	0	99.6	91.7				
CLDND2	sonnet_dual_triage	4	167.0	43	0	0	0	1	1	0	0	0	0	97.6	70.1		GSG1L2	37.2	
CLEC10A	sonnet_dual_triage	1	316.0	259	0	0	1	0	1	1	0	0	1	86.5		2.0	ASGR1	60.2	
CLEC12A	sonnet_dual_triage	1	265.0	203	0	0	1	0	1	1	1	1	0	85.3		2.0	CLEC1A	35.5	1.0
CLEC12B	sonnet_dual_triage	1	276.0	214	0	0	1	1	1	1	0	1	1	96.4	71.4	2.0	KLRC4	42.9	2.0
CLEC14A	sonnet_dual_triage	1	490.0	376	1	1	0	1	1	0	0	0	0	93.9	63.3		CD248	35.4	
CLEC17A	sonnet_dual_triage	1	378.0	185	0	0	1	0	1	0	0	1	1	85.2			CLEC4M	41.1	2.0
CLEC18B	sonnet_dual_triage	0	455.0	429	1	1	1	0	0	0	0	0	1				CLEC18C	99.0	
CLEC18C	sonnet_dual_triage	0	446.0	420	1	1	1	0	0	0	0	0	1				CLEC18A	99.3	
CLEC19A	sonnet_dual_triage	0	186.0	167	1	1	1	0	0	1	0	0	0			2.0	REG3A	36.2	
CLEC1A	sonnet_dual_triage	1	280.0	210	0	0	1	1	1	1	0	1	0	90.0	67.1	2.0	CLEC12A	35.5	3.0
CLEC1B	sonnet_dual_triage	1	229.0	176	0	0	1	1	1	0	1	1	0	93.4	63.8		CLEC12B	33.5	1.0
CLEC20A	sonnet_dual_triage	0	400.0	380	1	1	1	0	0	0	0	0	0						
CLEC2A	sonnet_dual_triage	1	174.0	128	0	0	1	0	0	1	0	0	1			2.0	CLEC2D	47.7	
CLEC2B	sonnet_dual_triage	0	149.0	120	1	1	1	0	1	0	0	0	1	89.9			CLEC2D	50.8	
CLEC2D	sonnet_dual_triage	1	191.0	136	0	0	1	0	1	1	1	1	1	78.5		2.0	CLEC2B	50.8	2.0
CLEC2L	sonnet_dual_triage	1	214.0	125	0	0	1	1	1	1	0	0	0	93.5	92.1	2.0	CD69	39.2	
CLEC3A	sonnet_dual_triage	0	197.0	175	1	1	1	1	1	0	0	0	1	93.9	86.8		CLEC3B	48.0	
CLEC3B	sonnet_dual_triage	0	202.0	181	1	1	1	1	1	0	0	0	1	97.0	79.2		CLEC3A	48.0	
CLEC4A	sonnet_dual_triage	1	237.0	170	0	0	1	1	1	0	1	0	1	89.0	52.3		CLEC4C	54.1	
CLEC4C	sonnet_dual_triage	1	213.0	174	0	0	1	0	1	0	1	0	1	90.1			CLEC6A	55.4	
CLEC4D	sonnet_dual_triage	0	215.0	173	1	1	1	1	1	0	0	0	1	88.8	61.9		CLEC4C	41.6	
CLEC4E	sonnet_dual_triage	1	219.0	179	0	0	1	1	1	0	0	0	1	89.0	65.3		CLEC4A	40.6	
CLEC4F	sonnet_dual_triage	1	589.0	529	0	0	1	0	1	1	0	0	1	83.9		2.0	CD207	43.2	
CLEC4G	sonnet_dual_triage	1	293.0	240	0	0	1	1	1	1	0	1	0	93.2	64.2	4.0	CLEC4M	35.8	1.0
CLEC4M	sonnet_dual_triage	1	399.0	329	0	0	1	0	0	0	1	1	1				CD209	87.8	1.0
CLEC5A	sonnet_dual_triage	1	188.0	162	0	0	1	1	1	0	0	1	0	93.6	71.8		CD69	31.2	1.0
CLEC6A	sonnet_dual_triage	1	209.0	168	0	0	1	1	1	1	1	0	1	88.0	68.9	2.0	CLEC4C	55.4	
CLEC7A	sonnet_dual_triage	1	247.0	182	0	0	1	0	1	0	1	0	0	94.7			KLRK1	36.2	
CLEC9A	sonnet_dual_triage	1	241.0	185	0	0	1	1	1	1	0	1	0	90.9	59.3	2.0	KLRC4	38.6	1.0
CLECL1	sonnet_dual_triage	0	167.0	167	0	1	1	0	0	0	0	0	0						
CLIC1	sonnet_dual_triage	0	241.0	0	0	0	0	1	0	0	0	0	0		98.3				
CLIC2	sonnet_dual_triage	0	247.0	0	0	0	0	0	0	0	0	0	0						
CLIC3	sonnet_dual_triage	0	236.0	0	0	0	0	1	1	0	0	0	0	75.0	89.8				
CLIC4	sonnet_dual_triage	0	253.0	0	0	0	0	1	1	0	0	0	0	99.6	98.8				
CLIC5	sonnet_dual_triage	0	410.0	0	0	0	0	0	1	0	0	0	0	96.0					
CLIC6	sonnet_dual_triage	0	704.0	0	0	0	0	1	0	0	0	0	0		57.9				
CLMP	sonnet_dual_triage	1	373.0	215	1	1	0	1	1	1	0	1	0	98.9	92.8	2.0	CXADR	34.9	2.0
CLN3	sonnet_dual_triage	11	438.0	97	0	0	1	1	1	0	1	0	0	94.3	85.8				
CLN5	sonnet_dual_triage	0	358.0	316	1	1	1	1	1	0	0	0	0	94.1	71.8				
CLNS1A	sonnet_dual_triage	0	237.0	0	0	0	0	1	1	0	0	0	0	100.0	90.7				
CLPSL2	sonnet_dual_triage	0	100.0	78	1	1	1	1	0	0	0	0	0		53.0		LRCOL1	35.9	
CLPTM1	sonnet_dual_triage	8	669.0	300	0	0	0	1	1	0	1	0	0	99.6	94.5		CLPTM1L	29.9	
CLPTM1L	sonnet_dual_triage	8	538.0	276	0	0	0	1	1	0	1	0	0	98.9	92.9		CLPTM1	29.6	
CLRN2	sonnet_dual_triage	4	232.0	97	0	0	0	1	1	1	0	0	1	97.0	94.4	2.0	CLRN1	47.4	
CLRN3	sonnet_dual_triage	4	226.0	97	0	0	0	1	1	1	1	0	0	93.4	73.0	2.0	CLRN2	25.5	
CLSTN1	sonnet_dual_triage	1	981.0	833	1	1	0	1	1	0	0	1	1	98.5	92.5		CLSTN2	56.3	3.0
CLSTN2	sonnet_dual_triage	1	955.0	814	1	1	0	1	1	0	0	1	1	98.0	94.8		CLSTN1	56.3	4.0
CLSTN3	sonnet_dual_triage	1	956.0	828	1	1	0	1	1	0	0	1	1	99.1	95.8		CLSTN1	54.1	4.0
CLTRN	sonnet_dual_triage	1	222.0	127	1	1	0	1	1	1	0	0	0	95.0	84.7	2.0			
CLU	sonnet_dual_triage	0	449.0	427	1	1	1	1	1	0	0	0	0	95.1	76.4		CLUL1	26.7	
CLUL1	sonnet_dual_triage	0	466.0	446	1	1	1	0	1	0	0	0	0	94.8			CLU	26.7	
CMKLR1	sonnet_dual_triage	7	373.0	120	0	1	0	1	1	1	0	0	0	98.1	79.9	2.0	GPR33	34.7	
CMKLR2	sonnet_dual_triage	7	355.0	102	0	1	0	1	1	0	0	0	0	97.7	80.0		OPRK1	30.1	
CMTM1	sonnet_dual_triage	4	169.0	15	0	0	0	0	1	0	1	0	0	87.4			CKLF	26.7	
CMTM2	sonnet_dual_triage	4	248.0	20	0	0	0	0	1	1	1	0	0	80.6		2.0	CMTM5	33.3	
CMTM3	sonnet_dual_triage	4	182.0	14	0	0	0	1	1	0	1	0	1	98.4	88.5		CMTM5	66.7	
CMTM4	sonnet_dual_triage	4	234.0	17	0	0	0	1	1	0	0	0	1	99.0	95.7		CMTM6	47.1	
CMTM5	sonnet_dual_triage	4	223.0	9	0	0	0	1	1	0	1	0	1	54.3	58.7		CMTM3	66.7	
CMTM6	sonnet_dual_triage	4	183.0	17	0	0	0	1	1	0	0	0	1	83.1	83.1		CMTM4	47.1	
CMTM7	sonnet_dual_triage	4	175.0	18	0	0	0	1	1	0	1	0	0	97.7	79.4		PLLP	33.3	
CMTM8	sonnet_dual_triage	4	173.0	24	0	0	0	1	1	0	1	0	0	84.4	92.5		MAL2	33.3	
CNGA1	sonnet_dual_triage	4	686.0	66	0	0	0	1	1	1	0	0	1	98.0	89.9	4.0	CNGA3	81.2	
CNGA2	sonnet_dual_triage	4	664.0	65	0	0	0	1	1	1	0	0	1	97.4	93.7	4.0	CNGA3	75.4	
CNGA3	sonnet_dual_triage	4	694.0	65	0	0	0	1	1	1	0	0	1	95.4	79.1	4.0	CNGA1	81.2	
CNGA4	sonnet_dual_triage	6	575.0	71	0	0	0	1	0	1	0	0	1		93.2	4.0	CNGA2	56.2	
CNGB1	sonnet_dual_triage	6	1251.0	60	0	0	0	1	0	0	1	0	1		73.7		CNGB3	69.5	
CNMD	sonnet_dual_triage	1	334.0	270	0	0	1	1	1	0	0	0	0	97.3	88.9		TNMD	39.6	
CNNM1	sonnet_dual_triage	5	951.0	211	1	1	0	1	0	1	0	0	0		94.6	2.0	CNNM3	38.8	
CNNM2	sonnet_dual_triage	5	875.0	207	1	1	0	1	0	1	0	0	0		97.8	2.0	CNNM4	34.2	
CNNM3	sonnet_dual_triage	3	707.0	121	1	1	0	1	0	1	0	0	0		87.4	2.0	CNNM1	38.8	
CNR1	sonnet_dual_triage	7	472.0	158	0	1	0	1	1	0	0	0	0	100.0	97.0		MC3R	31.4	
CNR2	sonnet_dual_triage	7	360.0	76	0	1	0	1	1	0	0	0	0	96.4	79.7		CNR1	30.7	
CNTFR	sonnet_dual_triage	0	372.0	350	1	1	1	1	1	0	0	1	0	98.4	95.2		EBI3	32.1	2.0
CNTN1	sonnet_dual_triage	0	1018.0	998	1	1	1	1	1	0	0	1	1	99.3	95.4		CNTN2	51.3	6.0
CNTN2	sonnet_dual_triage	0	1040.0	1014	1	1	1	1	1	0	0	1	1	96.2	90.5		CNTN1	51.3	8.0
CNTN3	sonnet_dual_triage	0	1028.0	1009	1	1	1	1	1	0	0	1	1	98.2	91.4		CNTN4	64.9	6.0
CNTN4	sonnet_dual_triage	0	1026.0	1008	1	1	1	1	1	0	0	1	1	96.9	95.1		CNTN3	64.9	6.0
CNTN5	sonnet_dual_triage	0	1100.0	1077	1	1	1	1	1	0	0	1	1	92.6	90.5		CNTN4	55.3	10.0
CNTN6	sonnet_dual_triage	0	1028.0	1009	1	1	1	1	1	0	0	1	1	97.2	89.1		CNTN4	60.7	5.0
CNTNAP1	sonnet_dual_triage	1	1384.0	1262	1	1	0	1	1	0	0	1	1	99.1	93.4		CNTNAP2	45.6	7.0
CNTNAP2	sonnet_dual_triage	1	1331.0	1235	1	1	0	1	1	0	0	1	1	98.5	93.8		CNTNAP5	52.6	5.0
CNTNAP3	sonnet_dual_triage	1	1288.0	1220	1	1	0	0	0	0	1	1	1				CNTNAP3B	98.3	3.0
CNTNAP3B	sonnet_dual_triage	1	1288.0	1222	1	1	0	0	0	0	1	1	1				CNTNAP3	98.3	3.0
CNTNAP4	sonnet_dual_triage	1	1308.0	1216	1	1	0	1	1	0	0	1	1	97.3	86.4		CNTNAP3	70.8	5.0
CNTNAP5	sonnet_dual_triage	1	1306.0	1217	1	1	0	0	1	0	0	1	1	98.4			CNTNAP4	60.0	3.0
COL13A1	sonnet_dual_triage	1	717.0	656	0	0	1	1	1	0	0	0	1	97.8	87.2		COL23A1	58.1	
COL17A1	sonnet_dual_triage	1	1497.0	1010	0	0	1	1	1	0	0	0	1	91.0	79.9		COL23A1	50.4	
COL18A1	sonnet_dual_triage	0	1754.0	1731	1	1	1	1	0	0	0	0	1		76.8		COL23A1	57.0	
COL23A1	sonnet_dual_triage	1	540.0	484	0	0	1	1	1	0	1	0	1	57.2	89.4		COL7A1	62.4	
COL25A1	sonnet_dual_triage	1	654.0	600	0	0	1	1	1	0	0	0	1	96.5	92.7		COL7A1	61.3	
COL6A3	sonnet_dual_triage	0	3177.0	3152	1	1	1	1	1	0	0	0	1	97.3	67.9		VWA1	44.5	
COL7A1	sonnet_dual_triage	0	2944.0	2921	1	1	1	0	0	0	0	0	1				COL23A1	62.4	
COLEC10	sonnet_dual_triage	0	277.0	250	1	1	1	1	1	0	0	0	1	98.6	88.8		COLEC11	49.6	
COLEC12	sonnet_dual_triage	1	742.0	684	0	0	1	1	1	1	0	0	0	98.8	92.3	3.0	MARCO	31.9	
COLQ	sonnet_dual_triage	0	455.0	433	1	1	1	1	1	0	0	0	1	89.2	91.0		COL7A1	51.7	
CORIN	sonnet_dual_triage	1	1042.0	976	0	0	1	1	1	0	0	1	0	95.2	82.5				2.0
CP	sonnet_dual_triage	0	1065.0	1046	1	1	1	1	1	0	0	0	1	96.7	82.6		HEPHL1	52.5	
CPA6	sonnet_dual_triage	0	437.0	407	1	1	1	1	1	0	0	0	1	97.3	84.4		CPA3	42.3	
CPAMD8	sonnet_dual_triage	0	1885.0	1860	1	1	1	0	0	0	0	0	0				CD109	35.1	
CPD	sonnet_dual_triage	1	1380.0	1268	1	1	0	1	1	0	0	1	1	98.0	91.2		CPE	51.4	2.0
CPE	sonnet_dual_triage	0	476.0	449	1	1	1	1	1	0	0	0	1	92.0	96.6		CPD	51.4	
CPM	sonnet_dual_triage	0	443.0	426	1	1	1	1	1	0	0	1	1	96.2	84.9		CPD	50.9	1.0
CPN2	sonnet_dual_triage	0	545.0	524	1	1	1	1	1	0	0	0	0	93.0	67.3		LRG1	39.4	
CPPED1	sonnet_dual_triage	0	314.0	0	0	0	0	1	1	0	0	0	0	94.9	79.3				
CPQ	sonnet_dual_triage	0	472.0	452	1	1	1	1	1	1	0	0	0	98.1	87.7	2.0			
CPXM1	sonnet_dual_triage	0	734.0	714	1	1	1	1	1	0	0	0	1	97.0	84.7		CPXM2	53.6	
CPXM2	sonnet_dual_triage	0	756.0	731	1	1	1	1	1	0	0	0	1	97.5	89.2		AEBP1	57.9	
CPZ	sonnet_dual_triage	0	652.0	634	1	1	1	1	1	0	0	0	1	96.9	81.6		CPE	49.0	
CR1	sonnet_dual_triage	1	2039.0	1931	1	1	0	0	1	0	0	1	1	75.7			CR1L	89.0	23.0
CR1L	sonnet_dual_triage	0	569.0	535	1	1	1	0	0	0	0	0	1				CR1	89.0	
CR2	sonnet_dual_triage	1	1033.0	955	1	1	0	0	1	0	0	1	1	92.7			SUSD3	51.4	9.0
CRB1	sonnet_dual_triage	1	1406.0	1320	1	1	0	1	1	0	1	1	0	94.0	76.2				9.0
CRB2	sonnet_dual_triage	1	1285.0	1196	1	1	0	1	1	0	1	1	1	72.2	78.4		SCARF1	43.0	9.0
CRB3	sonnet_dual_triage	1	120.0	33	1	1	0	1	1	0	0	0	1	85.8	50.8		SCARF2	45.5	
CREB3	sonnet_dual_triage	1	371.0	125	0	0	1	1	1	0	1	0	0	91.9	67.1		CREB3L4	34.1	
CREG1	sonnet_dual_triage	0	220.0	189	1	1	1	1	1	1	0	0	0	65.0	76.8	2.0	CREG2	39.2	
CREG2	sonnet_dual_triage	0	290.0	259	1	1	1	1	1	1	0	0	0	92.8	82.8	2.0	CREG1	39.2	
CRELD1	sonnet_dual_triage	2	420.0	348	1	1	1	1	1	0	1	0	1	83.1	91.4		CRELD2	48.3	
CRHR1	sonnet_dual_triage	7	415.0	132	1	1	0	1	1	0	1	0	1	99.0	97.6		CRHR2	58.9	
CRHR2	sonnet_dual_triage	7	411.0	150	0	1	0	1	1	0	0	0	1	91.5	86.6		CRHR1	58.9	
CRIM1	sonnet_dual_triage	1	1036.0	905	1	1	0	1	1	0	0	1	1	99.4	89.2		FCGBP	46.1	9.0
CRIPTO	sonnet_dual_triage	0	188.0	158	1	1	1	0	0	0	0	1	1				CRIPTO3	97.5	2.0
CRISP1	sonnet_dual_triage	0	249.0	228	1	1	1	1	1	0	0	0	1	85.5	61.4		CRISP2	46.8	
CRISP2	sonnet_dual_triage	0	243.0	222	1	1	1	1	1	0	0	0	1	90.9	70.4		CRISP3	72.1	
CRISP3	sonnet_dual_triage	0	245.0	226	1	1	1	0	1	0	0	0	1	86.8			CRISP2	72.1	
CRISPLD1	sonnet_dual_triage	0	500.0	477	1	1	1	1	1	0	0	0	1	58.2	94.6		CRISPLD2	60.8	
CRISPLD2	sonnet_dual_triage	0	497.0	475	1	1	1	1	1	0	0	0	1	97.8	77.5		CRISPLD1	60.8	
CRLF1	sonnet_dual_triage	1	422.0	326	1	1	0	1	1	0	0	0	0	86.7	95.0		PRLR	37.7	
CRLF2	sonnet_dual_triage	1	371.0	209	1	1	0	0	0	0	1	1	0				LEPR	36.8	1.0
CRTAM	sonnet_dual_triage	1	393.0	272	1	1	0	1	1	1	0	1	1	94.4	71.5	2.0	SMAGP	42.9	2.0
CRYAB	sonnet_dual_triage	0	175.0	0	0	0	0	1	1	0	0	0	0	98.9	97.7				
CSF1	sonnet_dual_triage	1	554.0	464	1	1	0	1	1	1	0	1	0	95.3	70.0	2.0			1.0
CSF1R	sonnet_dual_triage	1	972.0	500	1	1	0	1	1	0	1	1	0	87.3	75.1		ROS1	33.6	3.0
CSF2RA	sonnet_dual_triage	1	400.0	305	1	1	0	0	1	0	1	1	0	88.8			IL3RA	33.7	1.0
CSF2RB	sonnet_dual_triage	1	897.0	422	1	1	0	0	1	0	0	1	0	90.7			IL4R	33.0	3.0
CSF3R	sonnet_dual_triage	1	836.0	603	1	1	0	1	1	0	1	1	0	93.7	62.6		EBI3	35.4	4.0
CSMD1	sonnet_dual_triage	1	3564.0	3461	1	1	0	1	0	0	1	1	1		93.5		CSMD2	64.6	8.0
CSMD2	sonnet_dual_triage	1	3487.0	3410	0	1	0	1	1	0	1	1	1	97.4	95.0		SUSD3	65.7	7.0
CSMD3	sonnet_dual_triage	1	3707.0	3570	1	1	0	1	1	0	1	0	1	99.1	97.5		SUSD6	66.7	
CSPG4	sonnet_dual_triage	1	2322.0	2195	1	1	0	1	1	0	0	1	0	96.5	83.5				8.0
CSPG5	sonnet_dual_triage	1	566.0	393	1	1	0	1	1	0	0	1	0	94.4	86.8				1.0
CST7	sonnet_dual_triage	0	145.0	126	1	1	1	1	1	0	0	0	0	91.7	71.0		CST3	35.0	
CT47A9	sonnet_dual_triage	0	288.0	0	0	0	0	0	0	0	0	0	0						
CTHRC1	sonnet_dual_triage	0	243.0	213	1	1	1	1	1	0	0	0	0	98.8	94.2		SCARA3	24.9	
CTLA4	sonnet_dual_triage	1	223.0	128	1	1	0	1	1	0	1	1	0	96.4	74.9		CD28	30.5	2.0
CTSA	sonnet_dual_triage	0	480.0	452	1	1	1	1	1	1	0	0	0	97.9	86.9	2.0	CPVL	32.3	
CTSB	sonnet_dual_triage	0	339.0	322	1	1	1	1	1	0	0	0	0	97.1	78.8		TINAGL1	35.4	
CTSD	sonnet_dual_triage	0	412.0	392	1	1	1	1	1	0	0	0	1	90.0	80.6		CTSE	49.1	
CTSE	sonnet_dual_triage	0	396.0	377	1	1	1	1	1	0	0	0	1	98.7	82.6		PGA5	54.7	
CTSG	sonnet_dual_triage	0	255.0	237	1	1	1	1	1	0	0	0	1	84.7	67.8		GZMB	56.8	
CTSH	sonnet_dual_triage	0	335.0	313	1	1	1	1	1	0	0	0	1	97.0	83.0		CTSK	43.1	
CTSK	sonnet_dual_triage	0	329.0	314	1	1	1	1	1	1	0	0	1	98.5	86.0	2.0	CTSS	57.0	
CTSL	sonnet_dual_triage	0	333.0	316	1	1	1	0	1	0	0	0	1	96.1			CTSV	77.5	
CTSS	sonnet_dual_triage	0	331.0	315	1	1	1	1	1	1	0	0	1	96.7	74.0	2.0	CTSK	57.0	
CTSZ	sonnet_dual_triage	0	303.0	280	1	1	1	1	1	1	0	0	0	95.0	83.2	2.0	CTSC	34.6	
CTXND1	sonnet_dual_triage	1	59.0	16	0	1	0	1	0	0	0	0	0		100.0				
CTXND2	sonnet_dual_triage	1	55.0	15	0	1	0	1	0	0	0	0	0		74.5				
CUBN	sonnet_dual_triage	0	3623.0	3600	1	1	1	1	1	0	0	0	1	94.3	69.9		NETO1	50.5	
CUZD1	sonnet_dual_triage	1	607.0	544	1	1	0	1	1	0	0	1	1	95.6	70.5		CUBN	43.6	4.0
CX3CL1	sonnet_dual_triage	1	397.0	317	1	1	0	1	1	0	0	0	1	93.5	65.0		CCL8	40.8	
CX3CR1	sonnet_dual_triage	7	355.0	87	0	1	0	1	1	0	0	0	0	96.3	82.5		CCR2	33.3	
CXADR	sonnet_dual_triage	1	365.0	218	1	1	0	0	1	1	1	1	0	90.4		2.0	VSIG8	37.2	3.0
CXCL12	sonnet_dual_triage	0	93.0	72	1	1	1	1	1	1	0	0	0	96.6	93.3	2.0			
CXCL16	sonnet_dual_triage	1	254.0	176	1	1	0	0	1	0	0	0	0	81.1					
CXCR1	sonnet_dual_triage	7	350.0	101	0	1	0	1	1	0	0	0	1	91.4	64.0		CXCR2	59.4	
CXCR2	sonnet_dual_triage	7	360.0	110	0	1	0	1	1	0	0	0	1	90.0	70.8		CXCR1	59.4	
CXCR3	sonnet_dual_triage	7	368.0	112	0	1	0	1	1	0	1	0	0	99.2	85.6		CCR4	35.4	
CXCR4	sonnet_dual_triage	7	352.0	94	0	1	0	1	1	0	0	0	0	97.2	91.2		CXCR2	34.4	
CXCR5	sonnet_dual_triage	7	372.0	113	0	1	0	1	1	0	0	0	0	97.0	83.3		CXCR1	35.0	
CXCR6	sonnet_dual_triage	7	342.0	75	0	1	0	1	1	0	0	0	0	94.7	74.6		CCR6	34.7	
CXorf66	sonnet_dual_triage	1	361.0	29	1	1	0	0	0	0	0	0	0						
CYB561	sonnet_dual_triage	6	251.0	50	0	0	0	1	1	1	1	0	1	97.6	88.0	2.0	CYBRD1	43.5	
CYB5D2	sonnet_dual_triage	0	264.0	236	1	1	1	1	1	0	0	0	0	95.8	80.3		PGRMC2	35.8	
CYBA	sonnet_dual_triage	4	195.0	9	0	0	0	1	0	0	0	0	0		86.7				
CYBB	sonnet_dual_triage	6	570.0	115	0	0	0	1	1	0	0	0	1	96.7	93.2		NOX3	45.5	
CYBRD1	sonnet_dual_triage	6	286.0	46	0	0	0	1	1	1	1	0	1	94.1	75.2	2.0	CYB561A3	47.8	
CYSLTR1	sonnet_dual_triage	7	337.0	82	0	1	0	1	1	0	0	0	0	97.3	87.5		P2RY10	33.8	
CYSLTR2	sonnet_dual_triage	7	346.0	122	0	1	0	0	1	1	0	0	0	86.4		2.0	LPAR6	32.9	
CYTL1	sonnet_dual_triage	0	136.0	114	1	1	1	1	0	0	0	0	0		69.1				
CYYR1	sonnet_dual_triage	1	154.0	34	1	1	0	1	0	0	1	0	0		82.6				
DAG1	sonnet_dual_triage	1	895.0	725	1	1	0	1	1	0	0	1	0	97.4	93.2				3.0
DAGLA	sonnet_dual_triage	4	1042.0	30	0	0	0	1	1	0	0	1	0	99.5	97.5		DAGLB	17.9	1.0
DCBLD1	sonnet_dual_triage	1	715.0	424	1	1	0	1	1	0	0	1	0	96.9	54.5		RS1	36.5	1.0
DCBLD2	sonnet_dual_triage	1	775.0	471	1	1	0	1	1	0	0	1	1	87.1	84.1		CUBN	41.6	3.0
DCC	sonnet_dual_triage	1	1447.0	1068	1	1	0	1	1	0	0	1	1	99.3	96.5		NEO1	55.1	5.0
DCHS1	sonnet_dual_triage	1	3298.0	2895	1	1	0	1	1	0	0	1	1	86.6	92.5		CDH15	45.0	12.0
DCHS2	sonnet_dual_triage	1	3371.0	2935	1	1	0	1	0	0	1	1	1		74.1		CDH20	45.1	13.0
DCST1	sonnet_dual_triage	6	706.0	326	0	0	0	1	1	0	1	0	0	94.8	71.5		OCSTAMP	31.5	
DCST2	sonnet_dual_triage	6	773.0	285	0	0	0	1	1	0	0	0	0	97.3	66.0		DCSTAMP	26.5	
DCSTAMP	sonnet_dual_triage	6	470.0	162	0	0	0	1	1	1	1	1	0	95.3	74.3	2.0	DCST2	26.5	1.0
DCT	sonnet_dual_triage	1	519.0	449	1	1	0	1	1	0	0	1	1	96.3	83.0		TYRP1	53.7	1.0
DCXR	sonnet_dual_triage	0	244.0	0	0	0	0	1	1	1	0	0	0	94.7	84.0	2.0			
DDR1	sonnet_dual_triage	1	913.0	397	1	1	0	1	1	0	1	1	1	99.2	93.6		DDR2	52.7	2.0
DDR2	sonnet_dual_triage	1	855.0	376	1	1	0	1	1	0	0	0	1	99.3	95.9		DDR1	52.7	
DDT	sonnet_dual_triage	0	118.0	0	0	0	0	0	1	1	0	0	0	89.0		3.0			
DDTL	sonnet_dual_triage	0	134.0	0	0	0	0	0	1	1	0	0	0	83.6		2.0			
DEFA1	sonnet_dual_triage	0	94.0	75	1	1	1	0	0	0	0	0	1				DEFA1B	100.0	
DEFA3	sonnet_dual_triage	0	94.0	75	1	1	1	0	0	0	0	0	1				DEFA1	98.7	
DEFA6	sonnet_dual_triage	0	100.0	81	1	1	1	0	1	0	0	0	1	81.0			DEFA4	47.4	
DEFB103B	sonnet_dual_triage	0	67.0	45	1	1	1	0	1	0	0	0	1	95.5			DEFB103A	100.0	
DEFB104A	sonnet_dual_triage	0	72.0	50	1	1	1	0	0	0	0	0	1				DEFB104B	100.0	
DEFB105B	sonnet_dual_triage	0	78.0	51	1	1	1	0	0	0	0	0	1				DEFB105A	100.0	
DEFB106B	sonnet_dual_triage	0	65.0	45	1	1	1	0	0	0	0	0	1				DEFB106A	100.0	
DEFB107B	sonnet_dual_triage	0	70.0	46	1	1	1	0	0	0	0	0	1				DEFB107A	100.0	
DEFB109B	sonnet_dual_triage	0	87.0	65	1	1	1	0	0	0	0	0	1				DEFB130A	47.4	
DEFB112	sonnet_dual_triage	0	113.0	99	1	1	1	0	0	0	0	0	0						
DEFB113	sonnet_dual_triage	0	82.0	66	1	1	1	1	1	0	0	0	0	72.0	56.1				
DEFB114	sonnet_dual_triage	0	69.0	43	1	1	1	0	1	0	0	0	0	88.4					
DEFB115	sonnet_dual_triage	0	88.0	59	1	1	1	0	1	0	0	0	1	90.9			DEFB129	42.4	
DEFB116	sonnet_dual_triage	0	102.0	79	1	1	1	0	1	0	0	0	1	95.1			DEFB108B	41.2	
DEFB118	sonnet_dual_triage	0	123.0	104	1	1	1	0	1	0	0	0	1	81.3			DEFB121	40.4	
DEFB119	sonnet_dual_triage	0	84.0	63	1	1	1	1	1	0	0	0	0	92.9	64.3		DEFB125	38.1	
DEFB121	sonnet_dual_triage	0	76.0	57	1	1	1	0	1	0	0	0	1	94.7			DEFB129	42.1	
DEFB124	sonnet_dual_triage	0	71.0	49	1	1	1	1	0	0	0	0	1		64.8		DEFB125	40.8	
DEFB126	sonnet_dual_triage	0	111.0	91	1	1	1	0	1	0	0	0	0	68.5					
DEFB130B	sonnet_dual_triage	0	79.0	57	1	1	1	0	0	0	0	0	1				DEFB130A	100.0	
DEFB131B	sonnet_dual_triage	0	70.0	48	1	1	1	0	0	0	0	0	1				DEFB131A	95.8	
DEFB132	sonnet_dual_triage	0	95.0	73	1	1	1	0	1	0	0	0	0	87.4			DEFB121	33.3	
DGCR2	sonnet_dual_triage	1	550.0	326	1	1	0	1	0	0	1	1	0		93.3				2.0
DHH	sonnet_dual_triage	0	396.0	374	1	1	1	1	1	0	0	0	1	98.5	96.5		SHH	63.6	
DHRSX	sonnet_dual_triage	0	330.0	0	0	0	0	0	0	0	0	0	0						
DIO1	sonnet_dual_triage	0	249.0	0	0	0	0	1	1	0	0	0	0	96.4	79.1				
DIO3	sonnet_dual_triage	0	304.0	0	0	0	0	1	0	0	0	0	0		94.7				
DIPK2A	sonnet_dual_triage	0	430.0	393	1	1	1	1	1	0	0	0	0	98.8	97.7		DIPK2B	33.6	
DIPK2B	sonnet_dual_triage	0	433.0	402	1	1	1	1	1	0	0	0	0	95.8	80.8		DIPK2A	33.6	
DISP1	sonnet_dual_triage	12	1524.0	573	0	0	0	1	1	0	0	0	1	97.4	84.1		DISP2	44.7	
DISP2	sonnet_dual_triage	12	1401.0	573	0	0	0	1	1	0	0	0	1	94.1	73.3		DISP1	44.7	
DLEU7	sonnet_dual_triage	0	221.0	0	0	0	0	1	0	0	0	0	0		82.8				
DLK1	sonnet_dual_triage	1	383.0	283	1	1	0	1	1	0	0	1	1	96.3	85.6		PEAR1	40.3	2.0
DLK2	sonnet_dual_triage	1	383.0	281	1	1	0	1	1	0	0	1	1	99.5	92.2		CD248	40.9	2.0
DLL1	sonnet_dual_triage	1	723.0	524	1	1	0	1	1	0	1	1	1	92.5	88.5		DLL4	56.4	3.0
DLL3	sonnet_dual_triage	1	618.0	465	1	1	0	1	1	0	0	1	1	95.1	83.5		DLK2	40.6	5.0
DLL4	sonnet_dual_triage	1	685.0	505	1	1	0	1	1	0	0	1	1	99.0	86.4		DLL1	56.4	6.0
DMBT1	sonnet_dual_triage	0	2413.0	2394	1	1	1	0	1	0	0	0	1	52.3			LGALS3BP	62.2	
DMKN	sonnet_dual_triage	0	476.0	455	1	1	1	1	1	0	0	0	0	85.1	55.0				
DMP1	sonnet_dual_triage	0	513.0	497	1	1	1	1	1	0	0	0	0	91.0	64.7				
DNAJC5	sonnet_dual_triage	2	198.0	1	0	0	0	1	1	0	0	0	1	84.3	99.5		DNAJC18	100.0	
DNASE1L2	sonnet_dual_triage	0	299.0	278	1	1	1	1	1	0	0	0	1	89.6	76.9		DNASE1	55.0	
DNASE1L3	sonnet_dual_triage	0	305.0	285	1	1	1	1	1	0	0	0	1	96.1	81.3		DNASE1	46.2	
DNASE2B	sonnet_dual_triage	0	361.0	334	1	1	1	1	1	0	0	0	0	97.5	65.7		DNASE2	38.0	
DNER	sonnet_dual_triage	1	737.0	607	1	1	0	1	1	0	0	1	0	87.0	90.4		NOTCH4	38.1	4.0
DPEP1	sonnet_dual_triage	0	411.0	395	1	1	1	1	1	1	0	1	1	85.6	72.3	2.0	DPEP2	48.9	1.0
DPEP2	sonnet_dual_triage	0	486.0	454	1	1	1	0	1	1	0	1	1	93.6		2.0	DPEP3	71.7	1.0
DPEP3	sonnet_dual_triage	0	488.0	452	1	1	1	1	1	1	0	1	1	94.1	71.7	2.0	DPEP2	71.7	2.0
DPP10	sonnet_dual_triage	1	796.0	741	0	0	1	1	1	1	1	1	1	97.2	87.6	2.0	DPP6	52.0	1.0
DPP4	sonnet_dual_triage	1	766.0	739	0	0	1	1	1	1	0	1	1	98.0	84.5	2.0	FAP	52.9	2.0
DPP6	sonnet_dual_triage	1	865.0	749	0	0	1	1	1	1	0	1	1	98.0	92.3	2.0	DPP10	52.0	1.0
DRAM1	sonnet_dual_triage	6	238.0	51	0	0	0	1	1	1	1	0	1	98.3	94.5	2.0	DRAM2	51.0	
DRAXIN	sonnet_dual_triage	0	349.0	324	1	1	1	1	1	0	0	0	0	97.1	76.8				
DRD1	sonnet_dual_triage	7	446.0	89	0	1	0	1	1	0	0	1	1	99.8	91.0		DRD5	41.6	1.0
DRD2	sonnet_dual_triage	7	443.0	74	0	1	0	1	1	0	0	0	0	99.3	95.7		ADRA2B	37.0	
DRD3	sonnet_dual_triage	7	400.0	77	0	1	0	1	1	0	0	0	0	98.2	90.2		DRD4	39.0	
DRD4	sonnet_dual_triage	7	419.0	83	0	1	0	1	0	0	0	0	0		72.8		DRD3	39.0	
DRD5	sonnet_dual_triage	7	477.0	122	0	1	0	1	1	0	0	0	1	91.6	82.8		DRD1	41.6	
DSC1	sonnet_dual_triage	1	894.0	664	1	1	0	1	1	0	0	1	1	95.4	81.7		DSC2	54.8	3.0
DSC2	sonnet_dual_triage	1	901.0	665	1	1	0	1	1	0	0	1	1	90.1	75.7		DSC3	63.7	3.0
DSC3	sonnet_dual_triage	1	896.0	664	1	1	0	1	0	0	0	1	1		79.6		DSC2	63.7	4.0
DSCAM	sonnet_dual_triage	1	2012.0	1578	1	1	0	1	1	0	1	1	1	99.7	98.4		DSCAML1	64.0	11.0
DSCAML1	sonnet_dual_triage	1	2053.0	1573	1	1	0	1	1	0	0	1	1	99.6	98.1		DSCAM	64.0	12.0
DSG1	sonnet_dual_triage	1	1049.0	527	1	1	0	0	1	0	1	1	1	91.3			DSG4	55.8	3.0
DSG2	sonnet_dual_triage	1	1118.0	591	1	1	0	1	1	0	0	1	1	96.1	76.8		DSG1	44.4	4.0
DSG3	sonnet_dual_triage	1	999.0	604	1	1	0	1	1	0	0	1	1	96.0	72.7		DSG4	55.1	5.0
DSG4	sonnet_dual_triage	1	1040.0	608	1	1	0	1	1	0	0	1	1	96.3	82.5		DSG1	55.8	7.0
DUOX1	sonnet_dual_triage	7	1551.0	623	1	1	0	1	1	0	0	0	1	94.4	91.0		DUOX2	80.7	
DUOX2	sonnet_dual_triage	7	1548.0	626	1	1	0	1	1	0	0	1	1	96.6	84.9		DUOX1	80.7	1.0
DUOXA1	sonnet_dual_triage	5	343.0	144	0	1	0	1	1	0	0	0	1	95.6	82.8		DUOXA2	64.6	
DYNAP	sonnet_dual_triage	1	184.0	76	0	0	1	0	1	0	0	0	0	61.4					
DYSF	sonnet_dual_triage	1	2080.0	14	0	0	1	1	1	0	1	0	1	97.9	93.0		MYOF	57.1	
EBAG9	sonnet_dual_triage	0	213.0	0	0	0	0	1	1	0	0	0	0	99.1	97.7				
ECE1	sonnet_dual_triage	1	770.0	681	0	0	1	1	1	1	0	1	1	98.2	93.8	2.0	ECE2	65.8	3.0
ECE2	sonnet_dual_triage	1	811.0	682	0	0	1	1	1	1	0	0	1	99.1	90.7	2.0	ECE1	65.8	
ECEL1	sonnet_dual_triage	1	775.0	693	0	0	1	1	1	0	0	0	1	82.6	94.6		ECE2	40.0	
ECM2	sonnet_dual_triage	0	699.0	677	1	1	1	1	1	0	0	0	0	96.1	72.2		KERA	37.0	
ECRG4	sonnet_dual_triage	0	148.0	117	1	1	1	1	1	0	0	0	0	98.6	83.8				
ECSCR	sonnet_dual_triage	1	205.0	98	1	1	0	0	1	0	0	0	0	87.8					
EDA	sonnet_dual_triage	1	391.0	332	0	0	1	1	1	1	0	1	1	98.2	94.6	3.0	COL18A1	48.2	1.0
EDA2R	sonnet_dual_triage	1	297.0	139	0	1	0	1	1	0	0	1	1	93.3	80.1		TNFRSF19	49.6	1.0
EDAR	sonnet_dual_triage	1	448.0	160	1	1	0	1	1	0	0	0	0	99.3	91.5		EDA2R	33.8	
EDDM13	sonnet_dual_triage	0	161.0	138	1	1	1	1	1	0	0	0	0	95.0	70.8				
EDDM3A	sonnet_dual_triage	0	147.0	122	1	1	1	0	1	0	0	0	1	88.4			EDDM3B	66.4	
EDDM3B	sonnet_dual_triage	0	147.0	122	1	1	1	0	1	0	0	0	1	94.6			EDDM3A	66.4	
EDIL3	sonnet_dual_triage	0	480.0	457	1	1	1	1	1	0	0	0	1	90.2	95.6		MFGE8	54.7	
EDNRA	sonnet_dual_triage	7	427.0	116	1	1	0	1	1	0	1	0	0	99.1	92.3		EDNRB	34.2	
EDNRB	sonnet_dual_triage	7	442.0	125	1	1	0	1	1	0	1	0	0	98.2	88.9		EDNRA	34.2	
EEF1AKMT4-ECE2	sonnet_dual_triage	1	883.0	682	0	0	1	0	0	1	0	0	0			2.0			
EEPD1	sonnet_dual_triage	0	569.0	0	0	0	0	1	1	0	0	0	0	98.1	90.7				
EFNA1	sonnet_dual_triage	0	205.0	187	1	1	1	1	0	0	0	1	1		85.9		EFNA5	47.1	1.0
EFNA2	sonnet_dual_triage	0	213.0	187	1	1	1	1	1	0	0	1	1	97.7	89.2		EFNA5	55.6	2.0
EFNA3	sonnet_dual_triage	0	238.0	214	1	1	1	1	1	0	0	1	1	100.0	93.3		EFNA2	50.3	3.0
EFNA4	sonnet_dual_triage	0	201.0	178	1	1	1	1	1	0	0	1	1	98.0	84.1		EFNA2	46.6	2.0
EFNA5	sonnet_dual_triage	0	228.0	208	1	1	1	1	1	0	0	1	1	99.6	99.1		EFNA2	55.6	1.0
EFNB1	sonnet_dual_triage	1	346.0	212	1	1	0	1	1	0	0	1	1	91.0	95.7		EFNB2	52.7	1.0
EFNB2	sonnet_dual_triage	1	333.0	201	1	1	0	1	1	0	0	1	1	99.1	96.7		EFNB1	52.7	2.0
EFNB3	sonnet_dual_triage	1	340.0	200	1	1	0	1	1	0	0	1	1	99.1	95.6		EFNB1	47.0	3.0
EGF	sonnet_dual_triage	1	1207.0	1013	1	1	0	1	1	0	0	1	0	90.7	66.4		LRP1	39.3	6.0
EGFL6	sonnet_dual_triage	0	553.0	532	1	1	1	1	1	0	0	0	1	95.7	77.9		NPNT	40.8	
EGFL7	sonnet_dual_triage	0	273.0	254	1	1	1	1	1	0	0	0	1	94.1	76.2		EGFL8	40.2	
EGFL8	sonnet_dual_triage	0	293.0	268	1	1	1	1	1	0	0	0	1	92.2	80.2		EGFL7	40.2	
EGFLAM	sonnet_dual_triage	0	1017.0	993	1	1	1	1	1	0	0	0	0	92.4	88.3		USH2A	38.3	
EGFR	sonnet_dual_triage	1	1210.0	621	1	1	0	1	1	0	1	1	1	99.3	90.5		ERBB4	48.5	5.0
EIF4A1	sonnet_dual_triage	0	406.0	0	0	0	0	1	1	0	0	0	0	98.8	100.0				
ELANE	sonnet_dual_triage	0	267.0	240	1	1	1	1	0	1	0	0	1		71.9	2.0	PRTN3	53.7	
ELAPOR1	sonnet_dual_triage	1	1013.0	869	1	1	0	1	0	0	0	0	1		90.3		ELAPOR2	53.9	
ELAPOR2	sonnet_dual_triage	1	1029.0	881	1	1	0	1	1	0	0	0	1	91.2	93.4		ELAPOR1	53.9	
ELAVL1	sonnet_dual_triage	0	326.0	0	0	0	0	1	1	0	0	0	0	100.0	98.5				
ELFN1	sonnet_dual_triage	1	828.0	390	1	1	0	1	0	0	0	1	1		87.9		ELFN2	54.3	2.0
ELFN2	sonnet_dual_triage	1	820.0	374	1	1	0	1	1	0	0	1	1	97.2	96.0		ELFN1	54.3	1.0
ELSPBP1	sonnet_dual_triage	0	223.0	200	1	1	1	0	0	0	0	0	0				BSPH1	31.1	
EMB	sonnet_dual_triage	1	327.0	230	1	1	0	1	1	0	0	1	0	93.3	64.5		BSG	29.1	2.0
EMC10	sonnet_dual_triage	1	262.0	196	1	1	0	1	1	0	0	0	0	98.9	84.4				
EMCN	sonnet_dual_triage	1	261.0	173	1	1	0	1	1	0	1	0	0	78.9	52.9				
EMID1	sonnet_dual_triage	0	441.0	420	1	1	1	1	1	0	0	0	1	71.1	80.1		COL7A1	56.9	
EMP1	sonnet_dual_triage	4	157.0	57	0	0	0	1	0	0	1	0	0		77.1		EMP2	35.7	
EMP2	sonnet_dual_triage	4	167.0	64	0	0	0	1	0	0	0	1	0		77.8		EMP1	35.7	1.0
EMP3	sonnet_dual_triage	4	163.0	56	0	0	0	1	1	1	0	0	0	73.6	92.0	2.0	EMP2	33.9	
ENDOD1	sonnet_dual_triage	0	500.0	479	1	1	1	1	1	0	0	0	0	96.8	76.4				
ENDOU	sonnet_dual_triage	0	410.0	392	1	1	1	1	1	0	0	0	0	96.8	82.2				
ENG	sonnet_dual_triage	1	658.0	567	1	1	0	1	1	0	0	1	0	87.4	71.6		TGFBR3L	34.5	3.0
ENHO	sonnet_dual_triage	1	76.0	9	0	1	0	1	0	0	0	0	0		100.0				
ENO1	sonnet_dual_triage	0	434.0	0	0	0	0	0	0	1	0	0	0			2.0			
ENOX1	sonnet_dual_triage	0	643.0	0	0	0	0	1	1	1	0	0	0	99.8	97.7	2.0			
ENOX2	sonnet_dual_triage	0	610.0	0	0	0	0	1	1	1	0	0	0	99.3	94.5	2.0			
ENPEP	sonnet_dual_triage	1	957.0	918	0	0	1	1	1	0	0	1	0	97.6	77.2		ANPEP	37.3	2.0
ENPP1	sonnet_dual_triage	1	925.0	828	0	0	1	1	1	0	0	1	1	98.2	78.5		ENPP3	54.6	2.0
ENPP2	sonnet_dual_triage	0	863.0	836	1	1	1	1	1	0	0	0	1	98.4	94.1		ENPP1	46.1	
ENPP3	sonnet_dual_triage	1	875.0	831	0	0	1	1	1	0	0	0	1	96.7	80.8		ENPP1	54.6	
ENPP4	sonnet_dual_triage	1	453.0	389	1	1	0	1	1	0	0	1	1	97.6	82.3		ENPP5	52.7	1.0
ENPP5	sonnet_dual_triage	1	477.0	409	1	1	0	1	1	0	0	1	1	96.0	81.8		ENPP4	52.7	2.0
ENPP6	sonnet_dual_triage	0	440.0	418	1	1	1	1	1	0	0	1	0	91.1	86.1		ENPP1	35.9	2.0
ENPP7	sonnet_dual_triage	0	458.0	437	1	1	1	1	1	0	0	0	0	90.2	76.0		ENPP5	38.4	
ENTPD1	sonnet_dual_triage	2	510.0	440	0	0	0	1	0	0	1	1	1		75.5		ENTPD8	46.1	1.0
ENTPD2	sonnet_dual_triage	1	495.0	436	1	1	0	1	1	1	0	0	1	96.8	83.4	2.0	ENTPD8	45.9	
ENTPD3	sonnet_dual_triage	2	529.0	446	0	0	0	1	1	0	1	1	1	97.9	81.3		ENTPD2	43.3	1.0
ENTPD5	sonnet_dual_triage	0	428.0	408	1	1	1	1	1	0	0	0	1	97.9	88.1		ENTPD6	50.5	
ENTPD6	sonnet_dual_triage	1	484.0	424	0	0	1	1	1	0	0	0	1	97.5	82.2		ENTPD5	50.5	
ENTPD8	sonnet_dual_triage	2	495.0	438	0	0	0	1	1	1	0	0	1	94.3	74.3	2.0	ENTPD1	46.1	
ENTREP1	sonnet_dual_triage	2	450.0	58	0	0	0	1	1	1	1	0	0	78.8	88.1	2.0	ENTREP3	28.6	
EPCAM	sonnet_dual_triage	1	314.0	244	1	1	0	1	1	0	0	1	1	80.3	81.5		TACSTD2	49.6	1.0
EPDR1	sonnet_dual_triage	0	224.0	187	1	1	1	1	1	1	0	0	0	96.4	79.5	2.0			
EPGN	sonnet_dual_triage	1	154.0	90	1	1	0	1	1	0	1	0	0	98.1	77.3		HBEGF	38.9	
EPHA1	sonnet_dual_triage	1	976.0	522	1	1	0	1	1	0	1	1	1	96.5	88.2		LMTK2	70.0	4.0
EPHA10	sonnet_dual_triage	1	1008.0	532	1	1	0	1	0	0	1	1	1		92.7		EPHA7	56.0	4.0
EPHA2	sonnet_dual_triage	1	976.0	517	1	1	0	1	1	0	1	1	1	97.5	92.9		EPHA1	47.4	4.0
EPHA3	sonnet_dual_triage	1	983.0	521	1	1	0	1	1	0	1	1	1	98.9	96.5		EPHA5	65.3	4.0
EPHA4	sonnet_dual_triage	1	986.0	529	1	1	0	1	1	0	0	1	1	99.9	98.6		EPHA5	62.2	2.0
EPHA5	sonnet_dual_triage	1	1037.0	518	1	1	0	1	1	0	0	1	1	99.3	96.3		EPHA3	65.3	5.0
EPHA6	sonnet_dual_triage	1	1036.0	531	1	1	0	1	1	0	0	1	1	99.2	95.2		EPHA3	63.7	1.0
EPHA7	sonnet_dual_triage	1	998.0	530	1	1	0	1	1	0	1	1	1	99.9	98.1		EPHA5	62.0	5.0
EPHA8	sonnet_dual_triage	1	1005.0	514	1	1	0	1	1	0	1	1	1	75.0	95.1		EPHA3	59.5	4.0
EPHB1	sonnet_dual_triage	1	984.0	523	1	1	0	1	1	0	1	1	1	99.7	98.9		EPHB2	68.8	3.0
EPHB2	sonnet_dual_triage	1	1055.0	524	1	1	0	1	1	0	0	1	1	99.9	99.5		EPHB1	68.8	4.0
EPHB3	sonnet_dual_triage	1	998.0	521	1	1	0	1	1	0	0	1	1	99.6	96.4		LMTK2	70.0	3.0
EPHB4	sonnet_dual_triage	1	987.0	525	1	1	0	1	1	0	1	1	1	99.4	92.9		EPHB3	45.9	3.0
EPHB6	sonnet_dual_triage	1	1021.0	568	1	1	0	1	0	0	1	1	1		91.9		LMTK2	65.0	2.0
EPHX1	sonnet_dual_triage	1	455.0	2	0	1	0	1	0	1	0	0	0		83.5	2.0			
EPOR	sonnet_dual_triage	1	508.0	225	1	1	0	1	1	0	1	1	0	96.7	81.7		CSF2RB	32.0	2.0
EPPIN	sonnet_dual_triage	0	133.0	112	1	1	1	1	1	0	0	0	1	90.2	61.7		WFDC6	50.9	
EQTN	sonnet_dual_triage	1	294.0	167	1	1	0	0	1	0	1	1	0	88.4					2.0
ERBB2	sonnet_dual_triage	1	1255.0	632	1	1	0	1	1	0	1	1	1	97.0	87.6		ERBB3	44.6	3.0
ERBB3	sonnet_dual_triage	1	1342.0	624	1	1	0	1	1	0	1	1	1	98.8	90.7		ERBB4	59.6	3.0
ERBB4	sonnet_dual_triage	1	1308.0	626	1	1	0	1	1	0	0	1	1	99.6	97.3		ERBB3	59.6	1.0
EREG	sonnet_dual_triage	1	169.0	86	1	1	0	1	1	0	0	1	0	97.0	78.1		EPGN	36.0	1.0
ERMAP	sonnet_dual_triage	1	475.0	125	1	1	0	1	1	0	0	0	1	95.2	73.7		BTNL2	50.4	
ERO1A	sonnet_dual_triage	0	468.0	445	1	1	1	1	1	0	0	0	1	98.5	91.9		ERO1B	64.5	
ERV3-1	sonnet_dual_triage	0	604.0	582	1	1	1	0	0	1	0	0	0			2.0	ERVW-1	28.3	
ERVFRD-1	sonnet_dual_triage	1	538.0	473	1	1	0	0	1	0	0	1	0	95.4			ERVW-1	31.8	1.0
ERVMER34-1	sonnet_dual_triage	1	563.0	468	1	1	0	0	1	0	0	1	0	93.8			ERV3-1	25.0	1.0
ERVV-1	sonnet_dual_triage	0	477.0	456	1	1	1	0	0	1	0	1	1			2.0	ERVV-2	97.5	1.0
ERVV-2	sonnet_dual_triage	1	535.0	438	1	1	0	0	0	0	0	1	1				ERVV-1	97.5	1.0
ERVW-1	sonnet_dual_triage	1	538.0	434	1	1	0	0	1	0	0	1	0	83.3			ERVFRD-1	31.8	3.0
ESAM	sonnet_dual_triage	1	390.0	219	1	1	0	1	1	0	0	1	0	95.9	72.8		GPA33	34.4	3.0
EVA1A	sonnet_dual_triage	1	152.0	33	0	1	0	1	1	0	0	0	1	98.0	86.8		EVA1B	51.9	
EVA1B	sonnet_dual_triage	1	165.0	27	0	1	0	1	1	0	0	0	1	97.0	89.7		EVA1A	51.9	
EVA1C	sonnet_dual_triage	1	441.0	273	1	1	0	1	1	0	1	1	1	96.8	86.2		ADGRA1	57.9	2.0
EVI2A	sonnet_dual_triage	1	236.0	112	1	1	0	1	1	0	0	0	0	95.3	61.9				
EVI2B	sonnet_dual_triage	1	448.0	181	1	1	0	1	1	0	0	0	0	91.5	57.6				
F11R	sonnet_dual_triage	1	299.0	210	1	1	0	1	1	0	0	1	0	92.6	69.2		JAM2	38.1	2.0
F2R	sonnet_dual_triage	7	425.0	131	1	1	0	1	1	0	0	0	0	98.1	79.1		P2RY8	37.0	
F2RL1	sonnet_dual_triage	7	397.0	101	1	1	0	1	1	0	0	0	0	95.7	83.6		F2RL2	35.6	
F2RL2	sonnet_dual_triage	7	374.0	127	1	1	0	1	1	0	0	0	1	98.4	69.5		P2RY8	40.0	
F2RL3	sonnet_dual_triage	7	385.0	121	1	1	0	1	0	0	0	0	0		76.6		GPR17	31.6	
F3	sonnet_dual_triage	1	295.0	219	1	1	0	1	1	0	1	1	0	86.4	52.9		IFNAR2	29.5	1.0
FABP4	sonnet_dual_triage	0	132.0	0	0	0	0	1	1	0	0	0	0	97.7	91.7				
FAIM2	sonnet_dual_triage	7	316.0	32	0	0	1	1	1	0	0	0	1	96.5	92.1		TMBIM1	45.2	
FAM151B	sonnet_dual_triage	0	276.0	0	0	0	0	1	1	0	0	0	0	97.1	84.8				
FAM163A	sonnet_dual_triage	1	167.0	5	0	1	0	1	1	0	0	0	0	98.2	85.6				
FAM171A1	sonnet_dual_triage	1	890.0	282	1	1	0	1	1	0	0	1	1	98.7	92.1		FAM171A2	46.1	3.0
FAM171A2	sonnet_dual_triage	1	826.0	289	1	1	0	1	0	0	0	1	1		93.7		FAM171A1	46.1	1.0
FAM171B	sonnet_dual_triage	1	826.0	325	1	1	0	1	1	0	0	1	0	98.4	88.7		FAM171A1	36.9	3.0
FAM174A	sonnet_dual_triage	1	190.0	89	1	1	0	1	1	0	0	0	0	96.8	68.4				
FAM174B	sonnet_dual_triage	1	159.0	66	1	1	0	1	1	0	0	0	0	93.7	76.1				
FAM174C	sonnet_dual_triage	1	132.0	47	1	1	0	0	0	0	0	0	0						
FAM180A	sonnet_dual_triage	0	173.0	156	1	1	1	1	1	0	0	0	0	97.1	78.6		FAM180B	29.5	
FAM180B	sonnet_dual_triage	0	183.0	160	1	1	1	0	0	0	0	0	0				FAM180A	29.5	
FAM187A	sonnet_dual_triage	1	413.0	362	1	1	0	1	1	0	0	0	0	95.9	78.9		FAM187B	28.6	
FAM209B	sonnet_dual_triage	1	171.0	40	1	1	0	0	0	0	0	0	1				FAM209A	95.0	
FAM20A	sonnet_dual_triage	1	541.0	516	0	0	1	1	1	1	0	0	1	94.6	85.8	2.0	FAM20C	48.4	
FAM234A	sonnet_dual_triage	1	552.0	483	0	0	1	1	1	0	0	0	0	94.4	73.6		FAM234B	28.2	
FAM237B	sonnet_dual_triage	0	139.0	0	0	0	0	1	1	0	0	0	0	95.7	72.7				
FAM24A	sonnet_dual_triage	1	105.0	10	0	1	0	0	0	0	0	0	0				FAM24B	33.3	
FAM24B	sonnet_dual_triage	1	94.0	3	0	1	0	0	0	0	0	0	0				FAM24A	33.3	
FAM3A	sonnet_dual_triage	0	230.0	201	1	1	1	1	1	0	0	0	1	85.7	90.9		FAM3D	59.4	
FAM3B	sonnet_dual_triage	0	235.0	203	1	1	1	1	1	0	1	0	0	90.6	76.2		FAM3C	38.5	
FAM3C	sonnet_dual_triage	0	227.0	200	1	1	1	1	1	0	0	0	1	98.7	94.3		FAM3D	56.3	
FAM3D	sonnet_dual_triage	0	224.0	197	1	1	1	1	1	0	0	0	1	88.8	71.0		FAM3A	59.4	
FAP	sonnet_dual_triage	1	760.0	734	0	0	1	1	1	1	1	1	1	92.9	89.6	2.0	DPP4	52.9	2.0
FAS	sonnet_dual_triage	1	335.0	148	1	1	0	0	0	0	1	0	0				TNFRSF10A	37.2	
FASLG	sonnet_dual_triage	1	281.0	179	0	0	1	1	1	1	0	1	0	97.5	76.5	3.0	TNFSF15	35.2	1.0
FASN	sonnet_dual_triage	0	2511.0	0	0	0	0	1	0	0	0	0	0		81.1				
FAT1	sonnet_dual_triage	1	4588.0	4159	1	1	0	1	1	0	0	1	1	96.1	88.2		FAT3	53.8	8.0
FAT2	sonnet_dual_triage	1	4349.0	4030	1	1	0	1	1	0	0	1	1	97.3	82.0		FAT1	46.1	7.0
FAT3	sonnet_dual_triage	1	4557.0	4122	1	1	0	1	1	0	1	1	1	99.0	91.9		FAT1	53.8	7.0
FAT4	sonnet_dual_triage	1	4981.0	4464	1	1	0	1	1	0	0	1	0	98.7	91.4		CELSR2	33.3	7.0
FBLN7	sonnet_dual_triage	0	439.0	415	1	1	1	1	1	0	0	0	0	95.9	85.0		CD93	32.3	
FCAMR	sonnet_dual_triage	1	532.0	432	1	1	0	0	1	0	1	1	0	85.1			CD300A	39.3	1.0
FCAR	sonnet_dual_triage	1	287.0	206	1	1	0	0	0	0	1	1	1				LILRA1	46.6	1.0
FCER1A	sonnet_dual_triage	1	257.0	178	1	1	0	0	1	0	0	1	1	91.8			FCRL5	46.1	1.0
FCER2	sonnet_dual_triage	1	321.0	277	0	0	1	1	1	1	0	0	0	89.7	55.8	2.0	CLEC17A	37.8	
FCGBP	sonnet_dual_triage	0	5405.0	5382	1	1	1	0	0	0	0	0	1				VWC2L	57.2	
FCGR1A	sonnet_dual_triage	1	374.0	277	1	1	0	1	1	0	0	1	1	89.6	65.8		FCGR2B	47.2	1.0
FCGR2A	sonnet_dual_triage	1	317.0	185	1	1	0	0	0	0	0	1	1				FCGR2B	93.8	2.0
FCGR2B	sonnet_dual_triage	1	310.0	178	1	1	0	0	0	0	0	1	1				FCGR2C	100.0	1.0
FCGR2C	sonnet_dual_triage	1	323.0	182	1	1	0	0	0	0	1	1	1				FCGR2B	100.0	1.0
FCGR3A	sonnet_dual_triage	1	254.0	189	1	1	0	0	0	0	0	1	1				FCGR3B	96.2	1.0
FCGR3B	sonnet_dual_triage	1	233.0	186	1	1	0	0	0	0	0	1	1				FCGR3A	96.2	1.0
FCGRT	sonnet_dual_triage	1	365.0	276	1	1	0	1	0	0	0	1	0		66.8		HLA-C	33.3	2.0
FCMR	sonnet_dual_triage	1	390.0	235	1	1	0	1	1	0	1	0	0	72.8	59.0		CD300H	34.9	
FCN1	sonnet_dual_triage	0	326.0	297	1	1	1	1	1	1	0	0	1	91.7	71.8	3.0	FCN2	83.0	
FCRL1	sonnet_dual_triage	1	429.0	292	1	1	0	0	1	0	1	1	1	91.8			FCRL2	64.0	2.0
FCRL2	sonnet_dual_triage	1	508.0	385	1	1	0	0	0	0	1	1	1				FCRL1	64.0	2.0
FCRL3	sonnet_dual_triage	1	734.0	561	1	1	0	0	1	0	1	1	1	74.8			FCRL1	62.0	3.0
FCRL4	sonnet_dual_triage	1	515.0	370	1	1	0	0	1	0	0	1	1	88.9			FCRL5	49.2	1.0
FCRL5	sonnet_dual_triage	1	977.0	832	1	1	0	0	1	0	1	1	1	88.8			FCRL1	56.5	8.0
FCRL6	sonnet_dual_triage	1	434.0	291	1	1	0	0	1	0	0	1	1	91.2			FCRL5	43.6	2.0
FER1L5	sonnet_dual_triage	1	2057.0	77	0	0	1	1	0	0	0	0	1		73.2		DYSF	50.0	
FER1L6	sonnet_dual_triage	1	1857.0	13	0	0	1	1	1	0	0	0	0	97.1	88.4		MYOF	38.5	
FFAR1	sonnet_dual_triage	7	300.0	61	0	1	0	1	1	0	0	0	0	95.0	83.0		GPR42	39.3	
FFAR2	sonnet_dual_triage	7	330.0	57	0	1	0	1	1	0	0	0	0	96.7	84.5		GPR42	38.9	
FFAR3	sonnet_dual_triage	7	346.0	65	0	1	0	0	0	1	0	0	1			2.0	GPR42	98.5	
FFAR4	sonnet_dual_triage	7	361.0	98	0	1	0	1	1	0	0	0	0	97.8	86.4		HCRTR1	27.8	
FGF2	sonnet_dual_triage	0	288.0	0	0	0	0	1	1	0	0	0	0	100.0	94.8				
FGF3	sonnet_dual_triage	0	239.0	222	1	1	1	1	1	0	0	0	1	97.5	80.3		FGF22	45.9	
FGF4	sonnet_dual_triage	0	206.0	176	1	1	1	1	1	0	0	0	1	98.5	80.6		FGF6	62.0	
FGF8	sonnet_dual_triage	0	233.0	211	1	1	1	1	1	0	0	0	1	99.2	90.6		FGF17	63.4	
FGF9	sonnet_dual_triage	0	208.0	0	0	0	0	1	1	0	0	0	0	100.0	99.5				
FGFR1	sonnet_dual_triage	1	822.0	353	1	1	0	1	1	0	1	0	1	93.4	98.4		FGFR2	62.6	
FGFR2	sonnet_dual_triage	1	821.0	356	1	1	0	1	1	0	1	1	1	96.7	97.6		FGFR1	62.6	1.0
FGFR3	sonnet_dual_triage	1	806.0	354	1	1	0	1	1	0	0	1	1	95.2	88.7		FGFR2	59.9	1.0
FGFR4	sonnet_dual_triage	1	802.0	348	1	1	0	1	0	0	0	1	1		90.1		FGFR3	58.6	1.0
FGFRL1	sonnet_dual_triage	1	504.0	355	1	1	0	1	0	0	0	1	0		85.9				2.0
FGL2	sonnet_dual_triage	0	439.0	416	1	1	1	1	1	0	0	0	1	99.1	77.2		TNXB	45.9	
FIBCD1	sonnet_dual_triage	1	461.0	410	0	0	1	1	1	0	1	0	1	88.9	90.2		MFAP4	54.5	
FIBIN	sonnet_dual_triage	0	211.0	193	1	1	1	1	1	0	0	0	0	98.6	93.4				
FKBPL	sonnet_dual_triage	0	349.0	0	0	0	0	1	1	0	0	0	0	96.3	73.1				
FLRT1	sonnet_dual_triage	1	674.0	503	1	1	0	1	1	0	0	1	1	99.0	96.1		FLRT3	61.1	1.0
FLRT2	sonnet_dual_triage	1	660.0	506	1	1	0	1	1	0	0	1	1	99.5	97.3		FLRT1	47.9	3.0
FLRT3	sonnet_dual_triage	1	649.0	501	1	1	0	1	1	0	0	1	1	99.8	96.3		FLRT1	61.1	1.0
FLT1	sonnet_dual_triage	1	1338.0	732	1	1	0	1	1	0	1	1	1	94.2	81.7		LMTK2	60.0	5.0
FLT3	sonnet_dual_triage	1	993.0	514	1	1	0	1	1	0	0	1	0	96.6	86.1		ROS1	35.2	3.0
FLT3LG	sonnet_dual_triage	1	235.0	159	1	1	0	1	0	1	1	1	0		67.7	2.0			1.0
FLT4	sonnet_dual_triage	1	1363.0	752	1	1	0	1	1	0	1	1	0	96.6	87.5		KDR	37.4	4.0
FLVCR1	sonnet_dual_triage	12	555.0	70	0	0	0	1	1	0	1	0	1	97.7	79.1		FLVCR2	52.5	
FLVCR2	sonnet_dual_triage	12	526.0	65	0	0	0	1	1	0	1	0	1	96.4	86.7		FLVCR1	52.5	
FMR1NB	sonnet_dual_triage	2	255.0	93	0	0	0	0	1	0	0	0	0	77.6					
FN1	sonnet_dual_triage	0	2477.0	2451	1	1	1	1	1	0	0	0	1	98.8	92.0		FGL1	44.5	
FNDC1	sonnet_dual_triage	2	1894.0	1130	1	1	1	1	1	0	1	0	0	94.4	69.5		ABI3BP	26.7	
FNDC10	sonnet_dual_triage	1	226.0	164	1	1	0	1	0	0	0	0	0		83.2				
FNDC4	sonnet_dual_triage	1	234.0	125	1	1	0	1	1	1	0	1	1	94.0	94.4	2.0	FNDC5	47.2	1.0
FNDC5	sonnet_dual_triage	1	260.0	142	1	1	0	1	1	1	0	1	1	99.5	97.6	2.0	FNDC4	47.2	1.0
FNDC7	sonnet_dual_triage	0	733.0	708	1	1	1	1	1	0	0	0	0	95.9	85.5		TNXB	38.7	
FNDC9	sonnet_dual_triage	1	224.0	112	0	1	0	1	1	0	0	1	0	98.2	84.8				1.0
FOLH1	sonnet_dual_triage	1	750.0	707	0	0	1	1	1	1	1	1	1	97.6	85.2	2.0	NAALAD2	70.3	1.0
FOLR1	sonnet_dual_triage	0	257.0	235	1	1	1	0	1	0	0	1	1	97.3			FOLR2	76.5	1.0
FOLR2	sonnet_dual_triage	0	255.0	234	1	1	1	1	1	0	0	1	1	96.1	76.9		FOLR3	84.3	2.0
FOLR3	sonnet_dual_triage	0	245.0	223	1	1	1	0	1	0	0	0	1	88.6			FOLR2	84.3	
FPR1	sonnet_dual_triage	7	350.0	104	0	1	0	1	1	1	0	0	1	89.1	76.0	2.0	FPR2	52.9	
FPR2	sonnet_dual_triage	7	351.0	107	0	1	0	0	1	1	0	0	1	95.7		2.0	FPR3	68.2	
FPR3	sonnet_dual_triage	7	353.0	107	0	1	0	0	1	1	0	0	1	87.8		2.0	FPR2	68.2	
FREM3	sonnet_dual_triage	0	2139.0	2108	1	1	1	1	1	0	0	0	1	94.7	67.9		SLC8A3	63.8	
FREY1	sonnet_dual_triage	0	98.0	68	1	1	1	1	1	0	0	0	0	95.9	81.6				
FRMD3	sonnet_dual_triage	1	597.0	47	0	0	1	1	1	0	0	0	1	99.2	91.3		FRMD5	51.1	
FRRS1L	sonnet_dual_triage	0	293.0	265	1	1	1	1	1	0	0	0	0	78.5	91.8		FRRS1	28.3	
FSHR	sonnet_dual_triage	7	695.0	406	1	1	0	1	1	0	0	0	1	96.8	87.5		LHCGR	49.0	
FST	sonnet_dual_triage	0	344.0	315	1	1	1	1	1	0	0	0	1	99.4	97.4		SPINK6	52.6	
FSTL1	sonnet_dual_triage	0	308.0	288	1	1	1	1	1	0	0	0	0	99.7	91.9		SPINK5	37.5	
FSTL4	sonnet_dual_triage	0	842.0	820	1	1	1	1	0	0	0	0	1		83.7		FSTL5	57.8	
FSTL5	sonnet_dual_triage	0	847.0	827	1	1	1	1	1	0	0	0	1	98.5	91.3		FSTL4	57.8	
FTL	sonnet_dual_triage	0	175.0	0	0	0	0	0	0	1	0	0	0			2.0			
FUCA2	sonnet_dual_triage	0	467.0	437	1	1	1	1	1	1	0	0	1	96.8	80.9	2.0	FUCA1	55.4	
FURIN	sonnet_dual_triage	1	794.0	691	1	1	0	1	1	1	0	1	1	98.9	93.8	2.0	PCSK5	57.7	3.0
FUT2	sonnet_dual_triage	0	343.0	310	1	1	1	0	1	0	0	0	1	93.9			FUT1	65.8	
FUT3	sonnet_dual_triage	0	361.0	325	1	1	1	0	1	0	0	0	1	93.1			FUT5	91.1	
FXYD1	sonnet_dual_triage	1	92.0	17	1	1	0	1	0	0	0	0	1		82.6		FXYD6	64.7	
FXYD2	sonnet_dual_triage	1	66.0	27	0	1	0	1	0	0	0	0	1		71.2		FXYD1	52.9	
FXYD3	sonnet_dual_triage	1	87.0	16	1	1	0	1	1	0	1	0	1	90.8	73.6		FXYD4	62.5	
FXYD4	sonnet_dual_triage	1	89.0	21	1	1	0	1	1	0	0	0	1	80.9	67.4		FXYD3	62.5	
FXYD5	sonnet_dual_triage	1	178.0	124	1	1	0	0	1	0	0	0	1	91.0			FXYD6	55.0	
FXYD6	sonnet_dual_triage	1	95.0	20	1	1	0	1	1	0	0	0	1	83.2	92.6		FXYD1	64.7	
FXYD7	sonnet_dual_triage	1	80.0	26	0	1	0	1	0	0	0	0	1		86.2		FXYD5	53.8	
FZD1	sonnet_dual_triage	8	647.0	348	0	0	0	1	1	0	0	0	1	81.6	93.8		FZD7	74.8	
FZD10	sonnet_dual_triage	7	581.0	289	1	1	0	1	0	0	0	0	1		92.9		FZD9	63.7	
FZD2	sonnet_dual_triage	7	565.0	305	1	1	0	1	1	0	0	0	1	100.0	99.3		FZD7	75.7	
FZD3	sonnet_dual_triage	7	666.0	268	1	1	0	1	1	0	0	0	1	99.4	98.2		FZD6	52.8	
FZD4	sonnet_dual_triage	7	537.0	245	1	1	0	1	1	0	0	0	1	97.6	97.0		FZD10	43.9	
FZD5	sonnet_dual_triage	7	585.0	282	1	1	0	1	0	0	0	1	1		96.6		FZD8	68.8	1.0
FZD6	sonnet_dual_triage	7	706.0	265	1	1	0	1	1	0	0	0	1	98.4	83.6		FZD3	52.8	
FZD7	sonnet_dual_triage	7	574.0	309	1	1	0	1	0	0	0	0	1		96.5		FZD2	75.7	
FZD8	sonnet_dual_triage	7	694.0	368	1	1	0	1	0	0	0	1	1		95.7		FZD5	68.8	1.0
FZD9	sonnet_dual_triage	7	591.0	291	1	1	0	1	0	0	0	0	1		95.8		FZD10	63.7	
GAA	sonnet_dual_triage	1	952.0	920	0	0	1	1	1	0	0	0	1	74.4	80.4		MGAM	47.0	
GABBR1	sonnet_dual_triage	7	961.0	624	1	1	0	1	1	1	1	1	0	99.8	98.6	2.0	GABBR2	35.3	2.0
GABBR2	sonnet_dual_triage	7	941.0	490	1	1	0	1	1	0	0	0	0	99.5	98.0		GABBR1	35.3	
GABRA1	sonnet_dual_triage	4	456.0	248	1	1	1	1	1	1	0	1	1	99.8	98.5	5.0	GABRA2	80.7	1.0
GABRA2	sonnet_dual_triage	4	451.0	244	1	1	1	1	1	1	0	1	1	99.8	97.8	5.0	GABRA1	80.7	2.0
GABRA3	sonnet_dual_triage	4	492.0	272	1	1	1	1	1	1	0	1	1	99.6	96.1	5.0	GABRA2	79.5	1.0
GABRA4	sonnet_dual_triage	4	554.0	245	1	1	1	1	1	1	0	1	1	98.6	90.4	5.0	GABRA6	82.0	2.0
GABRA5	sonnet_dual_triage	4	462.0	251	1	1	1	1	1	1	0	1	1	94.2	95.5	5.0	GABRA3	79.3	1.0
GABRA6	sonnet_dual_triage	4	453.0	245	1	1	1	1	1	1	0	1	1	98.2	91.4	5.0	GABRA4	82.0	1.0
GABRB1	sonnet_dual_triage	4	474.0	229	1	1	1	1	1	1	1	1	1	99.6	98.1	5.0	GABRB2	90.0	2.0
GABRB2	sonnet_dual_triage	4	512.0	231	1	1	1	1	1	1	1	1	1	100.0	92.4	5.0	GABRB3	90.5	2.0
GABRB3	sonnet_dual_triage	4	473.0	232	1	1	1	1	1	1	0	1	1	81.6	97.3	5.0	GABRB2	90.5	2.0
GABRD	sonnet_dual_triage	4	452.0	238	1	1	1	1	0	1	0	1	1		92.0	5.0	GABRP	48.3	1.0
GABRE	sonnet_dual_triage	4	506.0	270	1	1	1	0	0	1	1	0	1			5.0	GABRG3	54.0	
GABRG1	sonnet_dual_triage	4	465.0	249	1	1	1	1	1	1	0	0	1	92.5	95.3	5.0	GABRG2	80.2	
GABRG2	sonnet_dual_triage	4	475.0	247	1	1	1	1	1	1	0	0	1	99.8	98.9	5.0	GABRG1	80.2	
GABRG3	sonnet_dual_triage	4	467.0	250	1	1	1	1	1	1	1	0	1	99.4	95.9	6.0	GABRG2	74.1	
GABRP	sonnet_dual_triage	4	440.0	233	1	1	1	1	1	1	0	1	1	99.1	92.7	5.0	GABRB3	48.5	2.0
GABRQ	sonnet_dual_triage	4	632.0	259	1	1	1	1	1	1	0	1	1	95.4	77.7	5.0	GABRB1	52.0	1.0
GABRR1	sonnet_dual_triage	4	479.0	273	1	1	1	1	0	1	0	1	1		93.7	5.0	GABRR2	79.1	1.0
GABRR2	sonnet_dual_triage	4	465.0	254	1	1	1	1	1	1	0	1	1	98.7	90.1	5.0	GABRR1	79.1	1.0
GABRR3	sonnet_dual_triage	4	467.0	256	1	1	1	1	1	1	0	1	1	97.2	83.7	5.0	GABRR1	68.0	1.0
GALR1	sonnet_dual_triage	7	349.0	92	0	1	0	1	1	0	0	0	0	93.7	91.7		CCKBR	34.1	
GALR2	sonnet_dual_triage	7	387.0	80	0	1	0	1	1	0	0	0	0	95.3	81.4		CXCR3	30.8	
GALR3	sonnet_dual_triage	7	368.0	71	0	1	0	1	0	0	0	0	0		90.5		CCKBR	39.4	
GAPT	sonnet_dual_triage	1	157.0	11	0	1	0	1	1	0	0	0	0	93.0	54.8				
GARS1	sonnet_dual_triage	0	739.0	0	0	0	0	1	1	1	0	0	0	51.8	91.3	2.0			
GAS1	sonnet_dual_triage	0	345.0	306	1	1	1	1	0	0	0	1	0		84.1				3.0
GBA1	sonnet_dual_triage	0	536.0	497	1	1	1	1	1	0	0	0	0	96.6	83.2				
GC	sonnet_dual_triage	0	474.0	458	1	1	1	1	1	0	0	0	0	93.7	77.8		ALB	28.2	
GCGR	sonnet_dual_triage	7	477.0	159	1	1	0	1	0	0	0	0	1		81.8		ADGRG4	46.0	
GDAP2	sonnet_dual_triage	0	497.0	0	0	0	0	1	1	0	0	0	0	97.0	94.8				
GDE1	sonnet_dual_triage	0	331.0	0	0	0	0	1	1	0	0	0	0	99.1	87.3				
GDPD5	sonnet_dual_triage	6	605.0	322	0	0	0	1	1	0	1	1	1	98.2	90.6		GDPD2	48.4	1.0
GFOD1	sonnet_dual_triage	0	390.0	0	0	0	0	1	1	1	0	0	0	100.0	98.2	2.0			
GFOD2	sonnet_dual_triage	0	385.0	0	0	0	0	1	0	1	0	0	0		95.6	2.0			
GFRA1	sonnet_dual_triage	0	465.0	442	1	1	1	1	1	0	0	1	1	98.5	93.3		GFRA2	50.2	3.0
GFRA2	sonnet_dual_triage	0	464.0	443	1	1	1	1	1	0	0	1	1	99.8	93.8		GFRA1	50.2	2.0
GFRA3	sonnet_dual_triage	0	400.0	369	1	1	1	1	1	0	0	1	0	79.2	76.0		GFRA1	38.8	3.0
GFRA4	sonnet_dual_triage	0	299.0	279	1	1	1	1	1	0	0	1	0	93.3	65.8		GFRA1	36.6	1.0
GFRAL	sonnet_dual_triage	1	394.0	337	1	1	0	1	0	0	0	1	0		70.1		GFRA3	27.0	2.0
GGT1	sonnet_dual_triage	1	569.0	544	0	0	1	0	0	0	1	1	1				GGTLC1	96.0	1.0
GGT5	sonnet_dual_triage	1	586.0	557	0	0	1	1	1	0	0	0	1	93.5	78.2		GGT1	41.5	
GGT6	sonnet_dual_triage	1	493.0	418	0	0	1	1	1	0	0	0	0	94.4	69.7		GGT7	31.8	
GGT7	sonnet_dual_triage	1	662.0	535	0	0	1	1	1	0	1	1	0	98.2	96.2		GGTLC1	35.1	2.0
GHDC	sonnet_dual_triage	0	530.0	0	0	0	0	1	1	0	0	0	0	94.7	73.6				
GHR	sonnet_dual_triage	1	638.0	248	1	1	0	1	1	0	0	1	0	94.8	69.6		LEPR	36.3	1.0
GHRHR	sonnet_dual_triage	7	423.0	145	1	1	0	1	1	0	0	1	1	95.3	81.6		ADGRG4	50.4	1.0
GHSR	sonnet_dual_triage	7	366.0	107	0	1	0	1	1	0	1	0	0	98.4	95.4		MLNR	39.2	
GINM1	sonnet_dual_triage	1	330.0	239	1	1	0	1	1	1	0	1	0	89.7	72.7	2.0			1.0
GIPR	sonnet_dual_triage	7	466.0	158	1	1	0	1	1	0	0	0	1	97.0	78.8		ADGRG4	44.9	
GJA10	sonnet_dual_triage	4	543.0	55	0	0	0	1	1	1	0	0	1	86.7	73.5	7.0	GJA8	72.7	
GJA3	sonnet_dual_triage	4	435.0	57	0	0	0	1	0	1	0	0	1		71.7	7.0	GJA8	84.2	
GJA8	sonnet_dual_triage	4	433.0	57	0	0	0	1	1	1	0	0	1	95.6	88.7	7.0	GJA3	84.2	
GJA9	sonnet_dual_triage	4	515.0	58	0	0	0	0	1	1	0	0	1	96.9		10.0	GJA3	71.9	
GJB1	sonnet_dual_triage	4	283.0	61	0	0	0	1	1	1	0	0	1	100.0	98.6	7.0	GJB2	73.3	
GJB2	sonnet_dual_triage	4	226.0	60	0	0	0	1	1	0	0	0	1	98.2	92.9		GJA8	73.7	
GJB4	sonnet_dual_triage	4	266.0	65	0	0	0	1	1	1	0	0	1	96.2	86.5	6.0	GJB3	69.4	
GJB6	sonnet_dual_triage	4	261.0	63	0	0	0	1	1	1	0	0	1	97.3	95.4	6.0	GJB2	71.7	
GJB7	sonnet_dual_triage	4	223.0	63	0	0	0	0	0	1	0	0	1			6.0	GJB2	68.3	
GJC2	sonnet_dual_triage	4	439.0	55	0	0	0	1	0	1	0	0	1		85.0	6.0	GJC1	76.4	
GJD3	sonnet_dual_triage	4	294.0	59	0	0	0	1	0	1	0	0	1		81.3	6.0	GJB2	64.9	
GJD4	sonnet_dual_triage	4	370.0	60	0	0	0	1	1	1	0	0	1	84.3	50.3	6.0	GJB6	65.5	
GJE1	sonnet_dual_triage	4	205.0	63	0	0	0	1	1	1	0	0	0	89.8	82.0	5.0	GJC3	34.9	
GKN1	sonnet_dual_triage	0	185.0	165	1	1	1	1	1	0	0	0	0	88.6	63.8		GKN2	28.7	
GLDN	sonnet_dual_triage	0	551.0	494	1	1	1	1	1	0	0	1	0	96.7	86.4		OLFM2	28.3	1.0
GLG1	sonnet_dual_triage	1	1179.0	1118	1	1	0	1	1	0	0	0	0	99.6	95.9				
GLIPR1	sonnet_dual_triage	1	266.0	214	1	1	0	1	1	0	1	1	1	88.3	68.8		CRISPLD1	43.9	1.0
GLIPR1L1	sonnet_dual_triage	0	242.0	219	1	1	1	0	1	0	0	0	1	86.4			GLIPR1	43.5	
GLIPR1L2	sonnet_dual_triage	1	344.0	211	1	1	0	1	0	0	1	0	1		59.6		GLIPR1	43.1	
GLMP	sonnet_dual_triage	1	406.0	333	1	1	0	1	0	0	0	0	0		78.3				
GLP1R	sonnet_dual_triage	7	463.0	163	1	1	0	1	1	0	0	0	1	95.2	92.0		ADGRG4	51.4	
GLP2R	sonnet_dual_triage	7	553.0	229	0	1	0	1	1	0	0	0	1	96.7	75.0		ADGRG4	44.4	
GLRA1	sonnet_dual_triage	4	457.0	249	1	1	1	1	1	1	0	1	1	99.8	98.9	5.0	GLRA3	89.6	1.0
GLRA2	sonnet_dual_triage	4	452.0	251	1	1	1	1	1	1	0	1	1	99.8	98.7	5.0	GLRA3	89.2	1.0
GLRA3	sonnet_dual_triage	4	464.0	251	1	1	1	1	1	1	0	1	1	100.0	98.9	5.0	GLRA1	89.6	1.0
GLRB	sonnet_dual_triage	4	497.0	259	1	1	1	1	1	1	1	1	1	99.8	96.8	5.0	GLRA3	62.8	2.0
GMFG	sonnet_dual_triage	0	142.0	0	0	0	0	1	0	0	0	0	0		93.7				
GML	sonnet_dual_triage	0	158.0	141	1	1	1	0	0	0	0	1	0				LY6K	28.4	3.0
GNRHR	sonnet_dual_triage	7	328.0	90	0	1	0	1	1	0	1	0	0	97.6	89.3		GALR3	33.3	
GOLM1	sonnet_dual_triage	1	401.0	367	0	0	1	1	1	1	0	0	0	82.3	63.6	2.0	GOLM2	28.6	
GP1BA	sonnet_dual_triage	1	652.0	516	1	1	0	1	0	0	0	1	0		61.5		LRRC19	35.0	1.0
GP1BB	sonnet_dual_triage	1	206.0	124	1	1	0	1	0	0	0	1	1		87.4		GP9	42.7	1.0
GP2	sonnet_dual_triage	0	537.0	509	1	1	1	1	1	0	0	1	1	93.1	61.4		UMOD	53.0	4.0
GP5	sonnet_dual_triage	1	560.0	507	1	1	0	1	0	0	0	1	1		70.5		LRRC55	44.2	1.0
GP6	sonnet_dual_triage	1	339.0	249	1	1	0	1	1	0	0	1	1	78.5	62.2		LILRB1	45.4	2.0
GP9	sonnet_dual_triage	1	177.0	132	1	1	0	1	0	0	0	0	1		71.2		GP1BB	42.7	
GPA33	sonnet_dual_triage	1	319.0	215	1	1	0	1	1	1	0	1	0	87.8	63.6	2.0	CLMP	34.9	3.0
GPBAR1	sonnet_dual_triage	7	330.0	64	0	1	0	1	0	0	0	0	0		83.3				
GPC1	sonnet_dual_triage	0	558.0	535	1	1	1	1	1	0	0	1	1	97.0	88.5		GPC6	47.6	2.0
GPC2	sonnet_dual_triage	0	579.0	553	1	1	1	1	1	0	0	1	1	97.1	82.2		GPC6	44.2	1.0
GPC3	sonnet_dual_triage	0	580.0	556	1	1	1	1	1	0	0	1	1	99.1	94.0		GPC5	43.2	2.0
GPC4	sonnet_dual_triage	0	556.0	534	1	1	1	1	1	0	0	1	1	99.1	94.8		GPC6	65.6	3.0
GPC5	sonnet_dual_triage	0	572.0	548	1	1	1	1	1	0	0	1	1	96.7	85.7		GPC3	43.2	4.0
GPC6	sonnet_dual_triage	0	555.0	532	1	1	1	1	1	0	0	1	1	99.1	96.8		GPC4	65.6	2.0
GPER1	sonnet_dual_triage	7	375.0	113	0	1	0	1	1	0	0	0	0	98.1	86.9		ACKR5	25.3	
GPHB5	sonnet_dual_triage	0	130.0	106	1	1	1	1	1	0	0	0	0	96.2	86.9		FSHB	34.9	
GPI	sonnet_dual_triage	0	558.0	0	0	0	0	1	0	1	0	0	0		88.9	2.0			
GPIHBP1	sonnet_dual_triage	0	184.0	164	1	1	1	0	0	0	0	1	0				PSCA	35.0	2.0
GPM6A	sonnet_dual_triage	4	278.0	91	0	0	0	1	1	1	0	0	0	79.1	98.9	2.0	GPM6B	38.9	
GPM6B	sonnet_dual_triage	4	265.0	95	0	0	0	1	1	1	0	0	1	95.7	98.2	2.0	PLP1	48.4	
GPNMB	sonnet_dual_triage	1	572.0	478	1	1	0	1	1	0	0	1	0	96.1	71.6		PMEL	33.5	1.0
GPR101	sonnet_dual_triage	7	508.0	77	0	1	0	1	1	0	0	0	0	95.9	71.1		ADRA1D	28.9	
GPR119	sonnet_dual_triage	7	335.0	54	0	1	0	1	1	0	0	0	0	96.1	82.1		S1PR1	24.5	
GPR12	sonnet_dual_triage	7	334.0	85	0	1	0	1	1	0	0	0	0	65.9	93.7		GPR6	38.8	
GPR132	sonnet_dual_triage	7	380.0	91	0	1	0	0	0	0	1	0	0				GPR174	33.9	
GPR135	sonnet_dual_triage	7	494.0	165	0	1	0	1	0	0	0	0	0		76.9		GPR62	33.8	
GPR137	sonnet_dual_triage	7	417.0	88	0	1	0	1	1	0	0	0	1	88.1	95.2		GPR137B	43.4	
GPR137C	sonnet_dual_triage	7	429.0	120	0	1	0	1	1	0	0	0	0	98.8	90.9		GPR137B	32.1	
GPR139	sonnet_dual_triage	7	353.0	77	0	1	0	1	1	0	0	0	0	100.0	94.1		GPR142	38.7	
GPR141	sonnet_dual_triage	7	305.0	78	0	1	0	1	1	0	0	0	0	94.4	81.0		GPR174	26.5	
GPR142	sonnet_dual_triage	7	462.0	205	0	1	0	1	1	0	0	0	0	88.0	67.9		GPR139	38.7	
GPR143	sonnet_dual_triage	7	404.0	88	0	1	0	1	1	0	0	0	0	96.5	78.5				
GPR146	sonnet_dual_triage	7	333.0	83	0	1	0	1	1	1	0	0	0	96.4	74.2	2.0	P2RY11	25.6	
GPR148	sonnet_dual_triage	7	347.0	101	0	1	0	0	1	0	0	0	0	93.4			GPR37	34.7	
GPR149	sonnet_dual_triage	7	731.0	79	0	1	0	1	1	0	0	0	0	96.4	79.2		OPRM1	39.2	
GPR15	sonnet_dual_triage	7	360.0	83	0	1	0	1	1	0	0	0	0	97.5	76.4		GPR25	26.5	
GPR150	sonnet_dual_triage	7	434.0	129	0	1	0	0	0	0	0	0	0				AVPR1B	32.2	
GPR151	sonnet_dual_triage	7	419.0	99	0	1	0	1	1	0	0	0	0	96.9	77.3		P2RY11	27.9	
GPR152	sonnet_dual_triage	7	470.0	85	0	1	0	1	0	0	0	0	0		77.2		MRGPRF	29.9	
GPR153	sonnet_dual_triage	7	609.0	68	0	1	0	1	1	0	0	0	1	87.0	87.8		GPR162	52.4	
GPR156	sonnet_dual_triage	7	814.0	110	0	1	0	1	1	0	0	0	0	93.5	70.0		GABBR1	28.6	
GPR157	sonnet_dual_triage	7	335.0	60	0	1	0	1	1	0	0	0	0	93.7	85.1		TMEM116	29.2	
GPR158	sonnet_dual_triage	7	1215.0	439	1	1	0	1	1	0	0	0	1	96.8	86.2		GPR179	44.0	
GPR15LG	sonnet_dual_triage	0	81.0	57	1	1	1	1	1	0	0	0	0	87.7	54.3				
GPR160	sonnet_dual_triage	7	338.0	76	0	1	0	1	1	0	0	0	0	96.4	66.0				
GPR161	sonnet_dual_triage	7	529.0	80	0	1	0	1	1	0	1	0	0	98.3	92.8		HRH4	31.1	
GPR162	sonnet_dual_triage	7	588.0	70	0	1	0	1	1	0	1	0	1	99.0	95.9		GPR153	52.4	
GPR17	sonnet_dual_triage	7	367.0	118	0	1	0	1	1	0	0	0	0	97.3	90.3		F2RL3	31.6	
GPR171	sonnet_dual_triage	7	319.0	77	0	1	0	1	1	0	0	1	0	99.4	89.7		P2RY12	39.0	1.0
GPR173	sonnet_dual_triage	7	373.0	79	0	1	0	1	1	0	0	0	1	100.0	99.5		GPR85	52.6	
GPR174	sonnet_dual_triage	7	333.0	68	0	1	0	1	1	0	0	0	0	98.5	88.3		GPR132	33.9	
GPR176	sonnet_dual_triage	7	515.0	96	0	1	0	1	1	0	0	0	0	98.6	90.3		GPR135	29.8	
GPR179	sonnet_dual_triage	7	2367.0	401	1	1	0	1	1	0	0	1	1	92.7	65.1		GPR158	44.0	1.0
GPR18	sonnet_dual_triage	7	331.0	68	0	1	0	1	1	0	0	0	0	97.9	85.8		F2R	29.4	
GPR180	sonnet_dual_triage	7	440.0	191	1	1	0	1	1	0	0	0	0	96.4	86.8		TMEM145	29.0	
GPR183	sonnet_dual_triage	7	361.0	90	0	1	0	1	1	0	0	0	0	99.4	87.0		GPR174	25.8	
GPR19	sonnet_dual_triage	7	415.0	118	0	1	0	1	1	0	0	0	0	96.9	89.2		OR11A1	32.9	
GPR20	sonnet_dual_triage	7	358.0	84	0	1	0	1	1	0	0	0	0	90.5	82.7		LPAR6	29.8	
GPR21	sonnet_dual_triage	7	349.0	74	0	1	0	1	0	0	0	0	1		91.1		GPR52	58.0	
GPR22	sonnet_dual_triage	7	433.0	96	0	1	0	1	1	0	0	0	0	100.0	96.8		GPR150	26.0	
GPR25	sonnet_dual_triage	7	361.0	97	0	1	0	1	0	0	0	0	0		74.8		AGTR1	32.5	
GPR26	sonnet_dual_triage	7	337.0	51	0	1	0	1	1	0	0	0	0	98.5	95.3		GPR78	35.3	
GPR27	sonnet_dual_triage	7	375.0	75	0	1	0	1	1	0	0	0	0	99.7	97.1		GPR173	35.6	
GPR3	sonnet_dual_triage	7	330.0	78	0	1	0	1	1	0	0	0	0	99.4	93.6		GPR6	37.2	
GPR31	sonnet_dual_triage	7	319.0	66	0	1	0	1	0	0	0	1	0		61.1		P2RY1	31.8	1.0
GPR32	sonnet_dual_triage	7	356.0	110	0	1	0	0	1	0	0	0	0	88.5			C3AR1	27.4	
GPR33	sonnet_dual_triage	7	333.0	96	0	1	0	1	1	0	0	0	0	95.2	72.1		CMKLR1	34.7	
GPR34	sonnet_dual_triage	7	381.0	110	0	1	0	1	1	0	0	0	0	98.7	89.8		PTAFR	35.3	
GPR35	sonnet_dual_triage	7	309.0	62	0	1	0	1	0	0	0	0	0		72.5		GPR55	29.0	
GPR37	sonnet_dual_triage	7	613.0	306	1	1	0	1	1	0	0	0	1	97.1	81.2		GPR37L1	40.0	
GPR37L1	sonnet_dual_triage	7	481.0	175	1	1	0	1	1	0	0	0	1	98.8	90.9		GPR37	40.0	
GPR39	sonnet_dual_triage	7	453.0	117	0	1	0	1	1	0	0	0	0	61.4	81.7		NTSR2	30.2	
GPR4	sonnet_dual_triage	7	362.0	73	0	1	0	1	0	0	0	0	0		92.3		LPAR4	36.4	
GPR42	sonnet_dual_triage	7	346.0	65	0	1	0	0	0	0	0	0	1				FFAR3	98.5	
GPR45	sonnet_dual_triage	7	372.0	89	0	1	0	1	1	0	0	0	0	98.7	89.0		GPR63	39.8	
GPR50	sonnet_dual_triage	7	617.0	84	0	1	0	1	1	0	0	0	0	95.6	70.5		MTNR1A	34.9	
GPR52	sonnet_dual_triage	7	361.0	85	0	1	0	1	0	0	0	0	1		95.6		GPR21	58.0	
GPR55	sonnet_dual_triage	7	319.0	74	0	1	0	1	1	1	0	0	0	96.9	77.1	2.0	GPR35	29.0	
GPR6	sonnet_dual_triage	7	362.0	112	0	1	0	1	1	0	0	0	0	98.3	93.9		GPR12	38.8	
GPR61	sonnet_dual_triage	7	451.0	102	0	1	0	1	0	0	0	0	0		96.0		GPR135	31.0	
GPR62	sonnet_dual_triage	7	368.0	71	0	1	0	1	0	0	0	0	0		79.1		GPR135	33.8	
GPR63	sonnet_dual_triage	7	419.0	142	0	1	0	1	1	0	0	0	0	98.8	92.4		GPR45	39.8	
GPR65	sonnet_dual_triage	7	337.0	73	0	1	0	1	1	0	0	0	0	96.1	78.6		GPR4	33.3	
GPR68	sonnet_dual_triage	7	365.0	74	0	1	0	1	1	0	0	0	0	87.1	92.1		LPAR5	35.1	
GPR75	sonnet_dual_triage	7	540.0	89	0	1	0	1	1	0	0	0	0	99.1	88.0		OR9G1	35.7	
GPR78	sonnet_dual_triage	7	363.0	62	0	1	0	0	1	0	0	0	0	90.1			GPR26	35.3	
GPR82	sonnet_dual_triage	7	336.0	74	0	1	0	1	1	0	0	0	0	98.5	80.4		FFAR2	29.1	
GPR83	sonnet_dual_triage	7	423.0	113	1	1	0	1	0	0	0	0	0		89.4		TACR3	28.3	
GPR84	sonnet_dual_triage	7	396.0	66	0	1	0	0	1	0	0	0	0	95.2			TAAR2	32.3	
GPR85	sonnet_dual_triage	7	370.0	80	0	1	0	1	1	0	0	0	1	99.7	100.0		GPR173	52.6	
GPR87	sonnet_dual_triage	7	358.0	105	0	1	0	1	1	0	0	0	0	98.6	91.3		P2RY12	36.8	
GPR88	sonnet_dual_triage	7	384.0	79	0	1	0	1	0	0	0	0	0		95.6		OR11H12	30.0	
GPRC5A	sonnet_dual_triage	7	357.0	73	0	1	0	1	1	0	0	0	0	88.5	75.4		GPRC5C	37.5	
GPRC5B	sonnet_dual_triage	7	403.0	77	1	1	0	1	1	0	0	0	0	99.5	84.1		GPRC5C	37.8	
GPRC5C	sonnet_dual_triage	7	441.0	90	1	1	0	1	1	0	0	0	0	95.2	88.0		GPRC5B	37.8	
GPRC5D	sonnet_dual_triage	7	345.0	70	0	1	0	1	1	0	0	1	0	83.2	81.2		GPRC5A	36.9	1.0
GPRC6A	sonnet_dual_triage	7	926.0	617	1	1	0	1	1	1	0	1	0	96.2	80.1	2.0	CASR	33.1	1.0
GPX5	sonnet_dual_triage	0	221.0	198	1	1	1	0	0	1	0	0	1			2.0	GPX3	72.2	
GREM1	sonnet_dual_triage	0	184.0	160	1	1	1	1	1	0	0	0	1	100.0	97.8		GREM2	61.9	
GREP1	sonnet_dual_triage	0	536.0	515	1	1	1	0	1	0	0	0	0	80.2					
GRIA1	sonnet_dual_triage	3	906.0	687	1	1	0	1	1	1	0	1	1	97.6	97.9	2.0	GRIA2	70.3	4.0
GRIA2	sonnet_dual_triage	3	883.0	688	1	1	0	1	1	1	0	1	1	99.9	99.8	2.0	GRIA4	71.5	4.0
GRIA3	sonnet_dual_triage	3	894.0	693	1	1	0	1	1	1	0	1	1	98.9	98.9	2.0	GRIA4	73.4	4.0
GRIA4	sonnet_dual_triage	3	902.0	692	1	1	0	1	1	1	1	1	1	95.2	98.6	2.0	GRIA3	73.4	2.0
GRID1	sonnet_dual_triage	3	1009.0	713	1	1	0	1	1	0	0	1	1	99.7	98.4		GRID2	60.6	3.0
GRID2	sonnet_dual_triage	3	1007.0	715	1	1	0	1	1	1	0	1	1	99.7	97.6	2.0	GRID1	60.6	4.0
GRIK1	sonnet_dual_triage	3	918.0	703	1	1	0	1	1	1	0	1	1	99.9	96.0	2.0	GRIK2	81.0	2.0
GRIK2	sonnet_dual_triage	3	908.0	691	1	1	0	1	1	1	1	1	1	100.0	99.0	2.0	GRIK1	81.0	4.0
GRIK3	sonnet_dual_triage	3	919.0	692	1	1	0	1	1	1	0	1	1	99.8	99.0	2.0	GRIK2	80.7	4.0
GRIK4	sonnet_dual_triage	3	956.0	685	1	1	0	1	1	1	0	1	1	86.4	97.9	2.0	GRIK5	73.7	3.0
GRIK5	sonnet_dual_triage	3	980.0	689	1	1	0	1	1	1	0	1	1	94.8	98.9	2.0	GRIK4	73.7	1.0
GRIN1	sonnet_dual_triage	3	938.0	701	1	1	0	1	1	0	0	1	0	85.5	99.0		GRIN3A	31.0	2.0
GRIN2A	sonnet_dual_triage	3	1464.0	698	1	1	0	1	1	0	0	1	1	85.1	95.3		GRIN2B	68.8	4.0
GRIN2B	sonnet_dual_triage	3	1484.0	699	1	1	0	1	1	0	0	1	1	99.9	98.5		GRIN2A	68.8	4.0
GRIN2C	sonnet_dual_triage	3	1233.0	704	1	1	0	1	1	0	0	1	1	76.2	88.9		GRIN2D	62.4	3.0
GRIN2D	sonnet_dual_triage	3	1336.0	728	1	1	0	1	1	0	0	1	1	83.8	96.6		GRIN2C	62.4	2.0
GRIN3A	sonnet_dual_triage	3	1115.0	819	1	1	0	1	1	0	0	1	1	97.8	93.4		GRIN3B	55.9	5.0
GRIN3B	sonnet_dual_triage	3	1043.0	726	1	1	0	1	0	0	0	1	1		76.1		GRIN3A	55.9	4.0
GRM1	sonnet_dual_triage	7	1194.0	597	1	1	0	1	0	0	0	1	1		94.4		GRM5	71.6	2.0
GRM2	sonnet_dual_triage	7	872.0	592	1	1	0	1	1	1	0	1	1	99.3	97.5	2.0	GRM3	67.6	2.0
GRM3	sonnet_dual_triage	7	879.0	592	1	1	0	1	1	1	1	1	1	99.5	96.7	2.0	GRM2	67.6	1.0
GRM4	sonnet_dual_triage	7	912.0	606	1	1	0	1	1	1	0	1	1	99.8	97.1	2.0	GRM8	74.9	2.0
GRM5	sonnet_dual_triage	7	1212.0	593	1	1	0	1	1	0	0	1	1	99.2	95.4		GRM1	71.6	1.0
GRM6	sonnet_dual_triage	7	877.0	607	1	1	0	1	1	1	0	1	1	87.0	93.3	2.0	GRM8	70.4	1.0
GRM7	sonnet_dual_triage	7	915.0	607	1	1	0	1	1	1	0	1	1	98.0	97.8	2.0	GRM8	73.9	1.0
GRM8	sonnet_dual_triage	7	908.0	601	1	1	0	1	1	1	1	1	1	98.0	98.5	2.0	GRM4	74.9	2.0
GRN	sonnet_dual_triage	0	593.0	576	1	1	1	1	1	0	0	0	0	93.6	74.9				
GRPR	sonnet_dual_triage	7	384.0	100	0	1	0	1	1	0	0	0	1	99.0	90.1		BRS3	40.6	
GSDMA	sonnet_dual_triage	0	445.0	0	0	0	0	0	1	0	0	0	0	96.6					
GSDMB	sonnet_dual_triage	0	416.0	0	0	0	0	0	0	0	0	0	0						
GSDMC	sonnet_dual_triage	0	508.0	0	0	0	0	0	1	0	0	0	0	92.1					
GSDMD	sonnet_dual_triage	0	484.0	0	0	0	0	1	1	0	0	0	0	87.4	57.2				
GSDME	sonnet_dual_triage	0	496.0	0	0	0	0	1	1	1	0	0	0	94.8	71.6	2.0			
GSG1	sonnet_dual_triage	4	349.0	141	0	0	0	1	0	1	1	1	1		67.1	2.0	GSG1L	50.0	1.0
GSG1L	sonnet_dual_triage	4	331.0	126	0	0	0	1	1	0	1	0	1	87.9	88.8		GSG1L2	52.2	
GSG1L2	sonnet_dual_triage	4	293.0	115	0	0	0	1	1	1	0	0	1	92.8	67.9	2.0	GSG1L	52.2	
GSN	sonnet_dual_triage	1	782.0	1	1	1	0	1	1	0	1	0	0	99.5	94.8				
GUCY2C	sonnet_dual_triage	1	1073.0	413	1	1	0	1	1	0	0	1	1	97.6	81.9		ADCY6	100.0	2.0
GUCY2D	sonnet_dual_triage	1	1103.0	412	1	1	0	1	1	0	0	0	1	87.4	85.4		ADCY1	69.2	
GUCY2F	sonnet_dual_triage	1	1108.0	417	1	1	0	1	1	0	0	0	1	97.4	89.9		ADCY8	77.8	
GUSB	sonnet_dual_triage	0	651.0	629	1	1	1	1	0	1	0	0	0		74.3	2.0	MANBA	23.7	
GYPA	sonnet_dual_triage	1	150.0	74	1	1	0	0	0	0	0	0	1				GYPB	80.5	
GYPB	sonnet_dual_triage	1	91.0	41	1	1	0	0	0	0	0	0	1				GYPA	80.5	
GYPC	sonnet_dual_triage	1	128.0	60	0	1	0	1	0	0	0	0	0		53.1				
GYPE	sonnet_dual_triage	1	78.0	38	1	1	0	0	0	0	0	0	1				GYPB	73.7	
H2BC12L	sonnet_dual_triage	0	126.0	0	0	0	0	0	0	0	0	0	0						
HABP2	sonnet_dual_triage	0	560.0	537	1	1	1	1	1	0	0	0	1	97.3	77.9		GZMK	40.8	
HAPLN1	sonnet_dual_triage	0	354.0	339	1	1	1	1	1	0	0	0	1	97.7	96.3		HAPLN3	52.2	
HAPLN3	sonnet_dual_triage	0	360.0	343	1	1	1	1	1	0	0	0	1	92.8	80.6		HAPLN1	52.2	
HARBI1	sonnet_dual_triage	0	349.0	0	0	0	0	1	1	0	0	0	0	64.5	90.0				
HAS3	sonnet_dual_triage	8	553.0	30	0	0	0	1	1	0	1	0	1	99.5	97.1		HAS2	57.7	
HAVCR1	sonnet_dual_triage	1	364.0	275	1	1	0	0	1	0	0	0	0	77.7			TIMD4	39.3	
HAVCR2	sonnet_dual_triage	1	301.0	181	1	1	0	1	1	0	1	1	0	85.7	60.8		TIMD4	39.2	1.0
HBEGF	sonnet_dual_triage	1	208.0	138	1	1	0	1	1	0	0	0	0	87.0	80.8		EPGN	38.9	
HCAR1	sonnet_dual_triage	7	346.0	69	0	1	0	1	1	0	0	0	0	95.7	79.8		HCAR3	39.1	
HCAR2	sonnet_dual_triage	7	363.0	81	0	1	0	0	0	0	0	0	1				HCAR3	88.9	
HCAR3	sonnet_dual_triage	7	387.0	85	0	1	0	0	0	1	0	1	1			2.0	HCAR2	88.9	1.0
HCN1	sonnet_dual_triage	6	890.0	90	0	0	0	1	1	1	0	0	1	97.9	95.2	4.0	HCN4	83.9	
HCN2	sonnet_dual_triage	6	889.0	90	0	0	0	1	0	1	0	0	1		91.8	4.0	HCN4	82.8	
HCN3	sonnet_dual_triage	6	774.0	89	0	0	0	1	1	0	0	0	1	97.8	95.1		HCN4	85.1	
HCN4	sonnet_dual_triage	6	1203.0	87	0	0	0	1	1	0	0	0	1	96.3	95.1		HCN3	85.1	
HCRTR1	sonnet_dual_triage	7	425.0	96	0	1	0	1	1	0	0	0	1	97.6	91.8		HCRTR2	57.1	
HCRTR2	sonnet_dual_triage	7	444.0	98	0	1	0	1	0	0	0	1	1		94.4		HCRTR1	57.1	1.0
HCST	sonnet_dual_triage	1	93.0	30	1	1	0	1	1	0	0	0	0	96.8	66.7				
HEG1	sonnet_dual_triage	1	1381.0	1219	1	1	0	1	1	0	1	1	0	86.6	61.2				2.0
HEPACAM	sonnet_dual_triage	1	416.0	207	1	1	0	1	1	0	0	1	0	90.4	94.7		HEPACAM2	34.3	2.0
HEPACAM2	sonnet_dual_triage	1	462.0	319	1	1	0	1	1	1	0	1	0	79.0	85.5	2.0	CEACAM3	35.6	3.0
HEPH	sonnet_dual_triage	1	1158.0	1087	1	1	0	1	1	0	0	1	1	97.1	85.8		HEPHL1	52.7	2.0
HEPHL1	sonnet_dual_triage	1	1159.0	1089	1	1	0	1	1	0	0	1	1	97.6	87.3		HEPH	52.7	1.0
HEXD	sonnet_dual_triage	1	486.0	393	0	0	1	1	1	0	1	0	0	93.4	78.8				
HFE	sonnet_dual_triage	1	348.0	286	1	1	0	1	1	0	1	1	1	94.3	68.4		HLA-A	40.6	2.0
HGSNAT	sonnet_dual_triage	11	663.0	271	1	1	0	1	0	0	0	0	0		80.6				
HHIP	sonnet_dual_triage	0	700.0	677	1	1	1	1	1	0	0	0	0	96.4	94.3		HHIPL1	32.8	
HHIPL2	sonnet_dual_triage	0	724.0	683	1	1	1	1	1	0	0	0	1	96.7	81.8		HHIPL1	57.7	
HHLA1	sonnet_dual_triage	0	531.0	502	1	1	1	1	1	0	0	0	0	92.1	60.3				
HHLA2	sonnet_dual_triage	1	414.0	323	1	1	0	0	1	0	0	1	0	82.4			VTCN1	32.0	1.0
HILPDA	sonnet_dual_triage	0	63.0	31	1	1	1	1	0	0	0	0	0		77.8				
HJV	sonnet_dual_triage	0	426.0	391	1	1	1	1	1	0	0	1	1	98.4	87.1		RGMA	51.9	3.0
HLA-B	sonnet_dual_triage	1	362.0	286	1	1	0	0	0	1	0	0	1			2.0	HLA-C	88.3	
HLA-C	sonnet_dual_triage	1	366.0	283	1	1	0	0	0	1	1	0	1			2.0	HLA-B	88.3	
HLA-DOB	sonnet_dual_triage	1	273.0	202	1	1	0	1	1	0	0	1	1	96.0	74.7		HLA-DQB1	62.1	1.0
HLA-DPA1	sonnet_dual_triage	1	260.0	192	1	1	0	0	0	0	0	1	1				HLA-DRA	63.5	2.0
HLA-DPB1	sonnet_dual_triage	1	258.0	196	1	1	0	0	0	1	0	1	1			2.0	HLA-DRB1	69.9	1.0
HLA-DQA1	sonnet_dual_triage	1	254.0	194	1	1	0	0	1	0	0	0	1	72.5			HLA-DQA2	85.6	
HLA-DQA2	sonnet_dual_triage	1	255.0	195	1	1	0	0	0	0	0	1	1				HLA-DQA1	85.6	1.0
HLA-DQB1	sonnet_dual_triage	1	261.0	198	1	1	0	0	0	1	0	1	1			2.0	HLA-DQB2	81.7	1.0
HLA-DQB2	sonnet_dual_triage	1	268.0	197	1	1	0	1	0	1	1	1	1		72.3	2.0	HLA-DQB1	81.7	2.0
HLA-DRA	sonnet_dual_triage	1	254.0	192	1	1	0	1	1	0	0	1	1	95.3	68.1		HLA-DPA1	63.5	1.0
HLA-DRB1	sonnet_dual_triage	1	266.0	198	1	1	0	0	0	1	0	0	1			2.0	HLA-DRB5	88.9	
HLA-DRB3	sonnet_dual_triage	1	266.0	198	1	1	0	0	0	1	0	1	0			2.0			1.0
HLA-DRB4	sonnet_dual_triage	1	266.0	198	1	1	0	0	0	1	0	1	0			2.0			2.0
HLA-DRB5	sonnet_dual_triage	1	266.0	198	1	1	0	0	1	1	0	1	1	80.1		2.0	HLA-DRB1	88.9	2.0
HLA-E	sonnet_dual_triage	1	358.0	286	1	1	0	0	0	0	0	1	1				HLA-C	79.5	2.0
HLA-F	sonnet_dual_triage	1	346.0	283	1	1	0	0	1	0	0	1	1	73.5			HLA-B	80.2	2.0
HLA-G	sonnet_dual_triage	1	338.0	283	1	1	0	0	0	0	1	1	1				HLA-A	83.7	2.0
HMGB1	sonnet_dual_triage	0	215.0	0	0	0	0	1	1	0	0	0	0	74.4	99.1				
HMGB2	sonnet_dual_triage	0	209.0	0	0	0	0	1	0	0	0	0	0		97.1				
HMMR	sonnet_dual_triage	0	724.0	0	0	0	0	1	1	1	0	0	0	95.0	74.8	2.0			
HPN	sonnet_dual_triage	1	417.0	378	0	0	1	1	1	0	0	0	1	99.0	87.8		TMPRSS15	40.5	
HPSE	sonnet_dual_triage	0	543.0	508	1	1	1	1	1	0	0	0	1	95.4	75.7		HPSE2	47.4	
HPSE2	sonnet_dual_triage	0	592.0	551	1	1	1	1	1	0	0	0	1	99.8	97.5		HPSE	47.4	
HRCT1	sonnet_dual_triage	1	115.0	9	0	1	0	1	0	0	0	0	0		52.2				
HRH1	sonnet_dual_triage	7	487.0	76	0	1	0	1	1	0	0	0	0	95.5	77.6		CHRM1	31.5	
HRH2	sonnet_dual_triage	7	359.0	71	0	1	0	1	1	0	0	0	0	98.3	82.7		DRD5	31.4	
HRH3	sonnet_dual_triage	7	445.0	87	0	1	0	1	1	0	0	0	0	86.7	94.2		DRD5	32.9	
HRH4	sonnet_dual_triage	7	390.0	64	0	1	0	1	1	0	1	0	0	93.6	68.5		CHRM3	33.9	
HSP90AA1	sonnet_dual_triage	0	732.0	0	0	0	0	1	1	1	0	0	0	100.0	99.2	2.0			
HSP90AB1	sonnet_dual_triage	0	724.0	0	0	0	0	1	1	1	0	0	0	99.9	99.6	2.0			
HSP90B1	sonnet_dual_triage	1	803.0	62	1	1	0	1	1	1	0	0	0	97.0	97.3	2.0			
HSPA1A	sonnet_dual_triage	0	641.0	641	0	1	1	0	0	1	0	0	1			2.0	HSPA1B	100.0	
HSPA1B	sonnet_dual_triage	0	641.0	641	0	1	1	0	0	1	0	0	1			2.0	HSPA1A	100.0	
HSPA5	sonnet_dual_triage	0	654.0	636	1	1	1	1	1	1	0	0	1	100.0	98.6	2.0	HSPA8	64.8	
HSPA8	sonnet_dual_triage	0	646.0	646	0	1	1	1	0	1	0	0	1		99.8	2.0	HSPA2	87.6	
HSPA9	sonnet_dual_triage	0	679.0	0	0	0	0	1	1	1	0	0	0	96.8	98.4	2.0			
HSPD1	sonnet_dual_triage	0	573.0	0	0	0	0	1	0	1	0	0	0		97.6	7.0			
HSPE1	sonnet_dual_triage	0	102.0	0	0	0	0	0	0	1	0	0	0			7.0			
HTR1A	sonnet_dual_triage	7	422.0	86	0	1	0	1	0	0	0	0	0		88.2		CHRM2	34.3	
HTR1B	sonnet_dual_triage	7	390.0	92	0	1	0	1	1	0	0	0	0	98.2	92.1		HTR1F	33.8	
HTR1D	sonnet_dual_triage	7	377.0	84	0	1	0	0	1	0	0	0	0	97.3			TAAR5	35.0	
HTR1E	sonnet_dual_triage	7	365.0	66	0	1	0	0	1	0	0	0	0	98.6			HTR1F	33.8	
HTR1F	sonnet_dual_triage	7	366.0	71	0	1	0	1	0	0	0	0	0		94.3		HTR1E	33.8	
HTR2A	sonnet_dual_triage	7	471.0	124	0	1	0	1	1	0	1	0	1	98.9	91.5		HTR2C	46.5	
HTR2B	sonnet_dual_triage	7	481.0	111	0	1	0	1	1	0	0	0	0	97.9	83.2		HTR2C	35.1	
HTR2C	sonnet_dual_triage	7	458.0	75	1	1	0	1	1	0	1	0	1	98.3	90.6		HTR2A	46.5	
HTR3A	sonnet_dual_triage	4	478.0	235	1	1	1	1	1	1	0	1	1	97.5	85.1	5.0	HTR3B	48.3	3.0
HTR3B	sonnet_dual_triage	4	441.0	231	1	1	1	1	1	1	0	0	1	93.7	72.6	5.0	HTR3A	48.3	
HTR3C	sonnet_dual_triage	4	447.0	235	1	1	1	0	1	1	0	1	1	83.4		5.0	HTR3E	74.2	1.0
HTR3D	sonnet_dual_triage	4	454.0	238	1	1	1	0	0	0	0	1	1				HTR3C	49.1	1.0
HTR3E	sonnet_dual_triage	4	456.0	233	1	1	1	0	1	1	0	1	1	78.9		5.0	HTR3C	74.2	1.0
HTR4	sonnet_dual_triage	7	388.0	80	0	1	0	1	1	0	0	0	0	88.4	87.9		TAAR2	33.3	
HTR5A	sonnet_dual_triage	7	357.0	88	0	1	0	1	1	0	0	0	0	97.8	88.0		HTR2A	37.2	
HTR6	sonnet_dual_triage	7	440.0	75	0	1	0	1	1	0	0	0	0	87.0	88.0		HTR2A	33.8	
HTR7	sonnet_dual_triage	7	479.0	132	0	1	0	1	1	0	0	0	0	90.4	87.1		HTR5A	36.0	
HTRA1	sonnet_dual_triage	0	480.0	458	1	1	1	1	1	1	0	0	1	90.6	92.3	3.0	HTRA3	60.1	
HTRA3	sonnet_dual_triage	0	453.0	436	1	1	1	1	1	1	0	0	1	91.6	92.7	3.0	HTRA1	60.1	
HTRA4	sonnet_dual_triage	0	476.0	447	1	1	1	1	1	1	0	0	1	55.3	66.6	3.0	HTRA1	54.6	
HVCN1	sonnet_dual_triage	4	273.0	24	0	0	0	1	1	1	0	0	0	93.8	77.3	2.0	TPTE	22.2	
HYAL1	sonnet_dual_triage	0	435.0	414	1	1	1	1	1	0	0	0	1	96.8	73.3		HYAL3	43.3	
HYAL2	sonnet_dual_triage	0	473.0	453	1	1	1	1	1	0	0	1	1	97.9	82.0		HYAL3	46.3	2.0
HYAL3	sonnet_dual_triage	0	417.0	397	1	1	1	1	1	0	0	0	1	97.4	77.9		HYAL2	46.3	
HYAL4	sonnet_dual_triage	0	481.0	447	1	1	1	1	1	0	0	0	1	95.6	79.6		SPAM1	46.8	
HYOU1	sonnet_dual_triage	0	999.0	967	1	1	1	1	1	0	0	0	0	98.0	91.4		HSPA5	33.5	
ICAM1	sonnet_dual_triage	1	532.0	456	1	1	0	1	1	0	0	1	1	77.6	53.0		ICAM3	52.2	2.0
ICAM2	sonnet_dual_triage	1	275.0	199	1	1	0	1	1	0	0	1	0	83.3	59.6		ICAM5	38.7	2.0
ICAM3	sonnet_dual_triage	1	547.0	459	1	1	0	0	0	0	0	1	1				ICAM5	54.7	3.0
ICAM4	sonnet_dual_triage	1	271.0	222	1	1	0	1	1	0	1	1	0	89.3	66.1		ICAM5	38.3	2.0
ICAM5	sonnet_dual_triage	1	924.0	805	1	1	0	1	1	0	0	1	1	85.2	84.8		ICAM3	54.7	7.0
ICOS	sonnet_dual_triage	1	199.0	120	1	1	0	1	1	0	0	1	0	79.4	68.3				1.0
ICOSLG	sonnet_dual_triage	1	302.0	240	1	1	0	0	1	0	0	1	0	91.4			CD276	33.8	3.0
IDE	sonnet_dual_triage	0	1019.0	0	0	0	0	1	1	1	0	0	0	99.3	95.2	2.0			
IFI16	sonnet_dual_triage	0	785.0	0	0	0	0	0	1	0	0	0	0	80.4					
IFI35	sonnet_dual_triage	0	286.0	0	0	0	0	1	1	1	0	0	0	75.5	71.7	2.0			
IFITM1	sonnet_dual_triage	1	125.0	19	0	0	1	0	1	0	0	0	0	86.4			IFITM2	28.6	
IFITM10	sonnet_dual_triage	3	228.0	8	0	0	1	1	0	0	0	0	0		83.8		IFITM5	37.5	
IFITM2	sonnet_dual_triage	1	132.0	7	0	0	1	0	0	0	0	0	1				IFITM3	40.0	
IFITM3	sonnet_dual_triage	1	133.0	5	0	0	1	0	0	0	0	0	1				IFITM2	40.0	
IFITM5	sonnet_dual_triage	3	132.0	28	0	0	1	1	1	0	0	0	0	97.7	79.5		IFITM10	37.5	
IFNAR1	sonnet_dual_triage	1	557.0	414	1	1	0	0	1	0	1	1	0	90.7			IL10RB	36.1	2.0
IFNAR2	sonnet_dual_triage	1	515.0	217	1	1	0	0	0	0	1	1	0				F3	30.4	3.0
IFNE	sonnet_dual_triage	0	208.0	187	1	1	1	1	0	0	0	0	0		53.8		IFNA17	39.8	
IFNGR1	sonnet_dual_triage	1	489.0	229	1	1	0	1	1	0	1	1	0	91.2	50.3		IFNAR1	27.9	1.0
IFNGR2	sonnet_dual_triage	1	337.0	227	1	1	0	1	1	0	0	1	0	93.8	58.8		IL20RB	31.9	2.0
IFNLR1	sonnet_dual_triage	1	520.0	207	1	1	0	1	1	0	1	1	0	85.8	60.6		IL22RA2	30.4	1.0
IGDCC3	sonnet_dual_triage	1	814.0	605	1	1	0	1	1	0	0	1	1	97.1	86.2		HMCN2	48.8	2.0
IGDCC4	sonnet_dual_triage	1	1250.0	931	1	1	0	1	1	0	0	1	1	97.0	88.2		IGDCC3	44.1	2.0
IGF1R	sonnet_dual_triage	1	1367.0	905	1	1	0	1	1	0	0	1	1	97.7	96.1		INSR	54.6	5.0
IGF2R	sonnet_dual_triage	1	2491.0	2269	1	1	0	1	1	0	0	1	0	92.1	81.3				7.0
IGFBP2	sonnet_dual_triage	0	325.0	289	1	1	1	1	1	0	0	0	1	98.8	81.8		IGFBP4	43.9	
IGFBP3	sonnet_dual_triage	0	291.0	264	1	1	1	1	1	0	0	0	1	84.2	81.8		IGFBP5	48.0	
IGFBP7	sonnet_dual_triage	0	282.0	256	1	1	1	1	1	0	0	0	1	80.1	91.1		IGFBPL1	44.6	
IGFBPL1	sonnet_dual_triage	0	278.0	251	1	1	1	1	1	0	0	0	1	93.5	75.9		IGFBP7	44.6	
IGFL2	sonnet_dual_triage	0	119.0	94	1	1	1	0	0	0	0	0	1				IGFL3	68.1	
IGFL3	sonnet_dual_triage	0	125.0	101	1	1	1	0	0	0	0	0	1				IGFL2	68.1	
IGFLR1	sonnet_dual_triage	1	355.0	141	1	1	0	1	0	0	0	0	0		56.9				
IGIP	sonnet_dual_triage	0	53.0	0	0	0	0	1	0	0	0	0	0		94.3				
IGLL1	sonnet_dual_triage	0	213.0	169	1	1	1	0	0	0	0	0	1				IGLL5	74.6	
IGLON5	sonnet_dual_triage	0	336.0	306	1	1	1	1	0	1	0	0	1		97.9	2.0	OPCML	53.3	
IGSF1	sonnet_dual_triage	3	1336.0	1180	1	1	0	1	1	0	1	1	1	94.8	86.2		VSTM1	40.3	5.0
IGSF10	sonnet_dual_triage	0	2623.0	2595	1	1	1	1	1	0	0	0	1	94.2	64.8		VSIG10	41.3	
IGSF11	sonnet_dual_triage	1	431.0	227	1	1	0	1	1	1	0	1	0	96.8	88.6	2.0	CXADR	35.8	1.0
IGSF21	sonnet_dual_triage	0	467.0	443	1	1	1	1	1	0	0	0	1	90.6	94.2		HMCN2	45.1	
IGSF22	sonnet_dual_triage	0	903.0	0	0	0	0	0	1	0	0	0	0	97.1					
IGSF23	sonnet_dual_triage	1	192.0	157	0	1	0	0	1	0	0	0	0	87.5					
IGSF3	sonnet_dual_triage	1	1194.0	1105	1	1	0	1	1	0	0	1	1	98.5	92.5		VSTM4	43.2	7.0
IGSF5	sonnet_dual_triage	1	407.0	266	0	1	0	0	1	1	0	1	0	77.1		2.0	NEGR1	26.7	2.0
IGSF6	sonnet_dual_triage	1	241.0	126	1	1	0	1	1	0	0	1	0	93.8	61.8				1.0
IGSF8	sonnet_dual_triage	1	613.0	552	1	1	0	1	1	0	0	1	0	81.7	87.9		IGSF3	38.4	1.0
IGSF9	sonnet_dual_triage	1	1179.0	719	1	1	0	1	1	0	0	1	1	60.2	87.8		IGSF9B	51.0	6.0
IGSF9B	sonnet_dual_triage	1	1349.0	706	1	1	0	1	1	0	0	1	1	91.0	96.0		IGSF9	51.0	6.0
IHH	sonnet_dual_triage	0	411.0	384	1	1	1	1	1	0	0	0	1	99.3	95.1		SHH	68.0	
IL10RA	sonnet_dual_triage	1	578.0	214	1	1	0	1	1	0	0	1	0	92.2	56.1		IL22RA1	29.9	2.0
IL10RB	sonnet_dual_triage	1	325.0	202	1	1	0	1	1	0	0	1	0	92.6	68.9		IFNAR1	36.1	2.0
IL11RA	sonnet_dual_triage	1	422.0	346	1	1	0	0	1	0	0	1	0	96.4			EBI3	34.9	2.0
IL12RB1	sonnet_dual_triage	1	662.0	523	1	1	0	0	1	0	1	1	0	94.1			EBI3	34.0	3.0
IL12RB2	sonnet_dual_triage	1	862.0	596	1	1	0	1	1	0	0	1	0	93.3	66.9		IL2RG	33.3	4.0
IL13RA1	sonnet_dual_triage	1	427.0	327	1	1	0	1	1	0	1	1	0	96.0	74.7		LIFR	34.3	3.0
IL13RA2	sonnet_dual_triage	1	380.0	322	1	1	0	1	1	0	0	1	0	91.3	58.2		LEPR	33.2	2.0
IL15	sonnet_dual_triage	0	162.0	114	1	1	1	1	1	0	0	0	0	96.3	72.8				
IL15RA	sonnet_dual_triage	1	267.0	182	1	1	0	1	1	0	0	1	0	91.4	52.4				1.0
IL16	sonnet_dual_triage	0	1332.0	0	0	0	0	1	1	0	0	0	0	95.7	80.9				
IL17RA	sonnet_dual_triage	1	866.0	288	1	1	0	1	0	0	0	1	0		68.1		IL17RC	29.5	1.0
IL17RB	sonnet_dual_triage	1	502.0	278	1	1	0	1	1	0	1	1	0	95.8	74.5		IL17RC	28.4	3.0
IL17RC	sonnet_dual_triage	1	791.0	518	1	1	0	1	1	0	0	1	0	96.1	63.5		IL17RA	29.5	4.0
IL17RD	sonnet_dual_triage	1	739.0	273	1	1	0	1	1	0	0	1	0	95.9	87.0		IL17RC	26.4	2.0
IL17RE	sonnet_dual_triage	1	667.0	431	1	1	0	1	1	0	1	0	0	93.7	68.2		IL17RC	27.1	
IL17REL	sonnet_dual_triage	0	507.0	486	1	1	1	0	0	0	0	0	0						
IL18R1	sonnet_dual_triage	1	541.0	310	1	1	0	1	1	0	0	1	0	95.4	63.2		SIGIRR	34.7	1.0
IL18RAP	sonnet_dual_triage	1	599.0	340	1	1	0	1	1	0	1	0	0	93.8	65.1		SIGIRR	30.5	
IL1A	sonnet_dual_triage	0	271.0	0	0	0	0	1	1	0	0	0	0	87.1	60.5				
IL1R1	sonnet_dual_triage	1	569.0	317	1	1	0	1	1	0	0	1	0	95.1	68.7		SIGIRR	34.7	2.0
IL1R2	sonnet_dual_triage	1	398.0	328	1	1	0	1	1	0	1	1	0	95.2	61.1		SIGIRR	34.7	2.0
IL1RAP	sonnet_dual_triage	1	570.0	336	1	1	0	1	1	0	1	1	0	85.3	89.1		IL1RAPL2	34.2	1.0
IL1RAPL1	sonnet_dual_triage	1	696.0	339	1	1	0	1	1	0	0	1	1	99.7	98.6		IL1RAPL2	63.9	2.0
IL1RAPL2	sonnet_dual_triage	1	686.0	338	1	1	0	1	1	0	0	1	1	98.5	94.5		IL1RAPL1	63.9	2.0
IL1RL1	sonnet_dual_triage	1	556.0	314	1	1	0	1	1	0	1	1	0	92.8	66.9		SIGIRR	34.7	2.0
IL1RL2	sonnet_dual_triage	1	575.0	316	1	1	0	1	1	0	0	1	0	92.0	65.2		IL1R1	34.2	2.0
IL1RN	sonnet_dual_triage	0	177.0	152	1	1	1	1	1	0	0	0	1	86.4	75.7		IL36RN	48.7	
IL20RA	sonnet_dual_triage	1	553.0	222	1	1	0	1	1	0	0	1	0	96.0	63.8		IL22RA2	33.8	2.0
IL20RB	sonnet_dual_triage	1	311.0	204	1	1	0	1	1	0	1	1	0	98.7	76.5		IFNGR2	31.9	2.0
IL21R	sonnet_dual_triage	1	538.0	218	1	1	0	1	1	0	0	1	0	71.4	62.3		CSF2RB	32.6	1.0
IL22RA1	sonnet_dual_triage	1	574.0	211	1	1	0	1	1	0	0	1	0	95.3	72.8		IL22RA2	34.1	1.0
IL23R	sonnet_dual_triage	1	629.0	332	1	1	0	1	1	0	1	1	0	94.9	68.7		PRLR	31.1	3.0
IL24	sonnet_dual_triage	0	206.0	158	1	1	1	1	1	0	0	0	0	91.7	58.7		IL20	32.9	
IL27RA	sonnet_dual_triage	1	636.0	484	1	1	0	1	1	0	0	1	0	84.9	61.6		CRLF2	33.0	1.0
IL2RA	sonnet_dual_triage	1	272.0	219	1	1	0	1	1	1	0	1	0	91.9	60.3	2.0			1.0
IL2RB	sonnet_dual_triage	1	551.0	219	1	1	0	1	1	0	0	1	0	90.9	57.0		MPL	32.0	2.0
IL2RG	sonnet_dual_triage	1	369.0	240	1	1	0	1	1	0	0	1	0	97.6	70.5		LEPR	34.6	2.0
IL31RA	sonnet_dual_triage	1	732.0	500	1	1	0	1	1	0	1	1	0	72.4	56.5		EBI3	34.4	3.0
IL33	sonnet_dual_triage	0	270.0	0	0	0	0	1	1	0	0	0	0	93.7	51.5				
IL37	sonnet_dual_triage	0	218.0	0	0	0	0	0	1	0	0	0	0	95.9					
IL3RA	sonnet_dual_triage	1	378.0	288	1	1	0	0	0	0	0	1	0				CSF2RA	33.7	1.0
IL4I1	sonnet_dual_triage	0	567.0	546	1	1	1	1	1	1	0	0	0	87.8	72.1	2.0			
IL4R	sonnet_dual_triage	1	825.0	209	1	1	0	1	1	0	1	1	0	90.2	52.2		CSF2RB	33.0	2.0
IL5RA	sonnet_dual_triage	1	420.0	321	1	1	0	1	1	0	1	1	0	93.8	67.9		IL3RA	31.6	1.0
IL6R	sonnet_dual_triage	1	468.0	347	1	1	0	1	1	0	1	1	0	92.7	53.8		LEPR	31.7	3.0
IL6ST	sonnet_dual_triage	1	918.0	595	1	1	0	1	0	0	1	1	0		77.1		GHR	31.9	2.0
IL7R	sonnet_dual_triage	1	459.0	220	1	1	0	1	1	0	1	1	0	95.6	64.5		CSF2RB	28.2	1.0
IL9R	sonnet_dual_triage	1	521.0	232	1	1	0	1	1	0	0	1	0	86.8	52.0		MPL	29.3	1.0
ILDR1	sonnet_dual_triage	1	546.0	147	1	1	0	1	1	0	1	1	1	95.4	78.9		ILDR2	42.2	1.0
ILDR2	sonnet_dual_triage	1	639.0	167	1	1	0	1	1	1	0	0	1	98.7	87.8	2.0	LSR	48.5	
IMPG1	sonnet_dual_triage	0	797.0	777	1	1	1	1	1	1	0	0	0	94.6	66.4	2.0	IMPG2	37.8	
IMPG2	sonnet_dual_triage	1	1241.0	1070	1	1	0	1	1	0	0	1	0	97.0	71.2		IMPG1	37.8	3.0
INHBE	sonnet_dual_triage	0	350.0	331	1	1	1	1	1	0	0	0	1	81.4	82.3		INHBC	46.2	
INSL4	sonnet_dual_triage	0	139.0	114	1	1	1	0	1	0	0	0	0	89.9			RLN1	35.1	
INSL6	sonnet_dual_triage	0	213.0	191	1	1	1	0	1	0	0	0	0	89.2			RLN1	31.1	
INSR	sonnet_dual_triage	1	1382.0	930	1	1	0	1	1	0	0	1	1	99.2	94.5		IGF1R	54.6	6.0
INSRR	sonnet_dual_triage	1	1297.0	898	1	1	0	1	1	0	0	1	1	98.7	89.1		IGF1R	52.6	5.0
IQCF1	sonnet_dual_triage	0	205.0	0	0	0	0	1	1	0	0	0	0	93.7	51.2				
IRGC	sonnet_dual_triage	0	463.0	0	0	0	0	1	1	0	0	0	0	70.2	89.8				
ISG15	sonnet_dual_triage	0	165.0	0	0	0	0	1	1	0	0	0	0	90.9	61.8				
ISLR	sonnet_dual_triage	0	428.0	410	1	1	1	1	1	0	0	0	1	97.7	86.4		ISLR2	54.6	
ISLR2	sonnet_dual_triage	1	745.0	570	1	1	0	1	1	0	0	1	1	97.4	89.4		ISLR	54.6	2.0
ISM1	sonnet_dual_triage	0	464.0	438	1	1	1	1	1	0	0	0	0	98.3	92.9		THBS2	33.3	
ITFG1	sonnet_dual_triage	1	612.0	532	1	1	0	1	1	0	0	1	0	99.3	89.2				1.0
ITGA1	sonnet_dual_triage	1	1179.0	1115	1	1	0	1	1	0	0	1	1	90.6	87.6		ITGA2	41.9	5.0
ITGA10	sonnet_dual_triage	1	1167.0	1102	1	1	0	1	1	0	1	1	1	97.9	87.8		ITGA11	44.5	2.0
ITGA11	sonnet_dual_triage	1	1188.0	1119	1	1	0	1	1	0	0	1	1	97.0	90.2		ITGA10	44.5	4.0
ITGA2	sonnet_dual_triage	1	1181.0	1104	1	1	0	1	1	0	0	1	1	98.0	82.3		ITGA1	41.9	3.0
ITGA2B	sonnet_dual_triage	1	1039.0	965	1	1	0	1	1	0	1	1	1	97.6	80.0		ITGA8	41.3	5.0
ITGA3	sonnet_dual_triage	1	1051.0	959	1	1	0	1	1	0	0	1	1	96.1	86.9		ITGA7	41.3	4.0
ITGA4	sonnet_dual_triage	1	1032.0	944	1	1	0	1	1	0	1	1	1	96.8	84.9		ITGA9	43.3	4.0
ITGA5	sonnet_dual_triage	1	1049.0	958	1	1	0	1	1	0	0	1	1	94.9	90.8		ITGAV	47.2	2.0
ITGA6	sonnet_dual_triage	1	1130.0	1032	1	1	0	1	1	0	0	1	1	96.0	91.2		ITGA7	50.7	3.0
ITGA7	sonnet_dual_triage	1	1181.0	1050	1	1	0	1	1	0	0	1	1	98.4	87.8		ITGA6	50.7	2.0
ITGA8	sonnet_dual_triage	1	1063.0	974	1	1	0	1	1	0	0	1	1	97.6	89.0		ITGAV	48.1	5.0
ITGA9	sonnet_dual_triage	1	1035.0	951	1	1	0	1	1	0	0	1	1	85.7	89.6		ITGA4	43.3	3.0
ITGAD	sonnet_dual_triage	1	1161.0	1085	1	1	0	1	0	0	0	1	1		72.0		ITGAX	66.5	4.0
ITGAE	sonnet_dual_triage	1	1179.0	1108	1	1	0	1	1	0	0	1	0	92.5	69.5		ITGAM	31.1	4.0
ITGAL	sonnet_dual_triage	1	1170.0	1064	1	1	0	1	1	0	0	1	0	87.2	69.8		ITGAX	36.2	3.0
ITGAM	sonnet_dual_triage	1	1152.0	1091	1	1	0	1	1	0	0	1	1	89.5	73.5		ITGAX	61.0	5.0
ITGAV	sonnet_dual_triage	1	1048.0	965	1	1	0	1	1	0	0	1	1	99.1	92.3		ITGA8	48.1	4.0
ITGAX	sonnet_dual_triage	1	1163.0	1088	1	1	0	1	1	0	0	1	1	89.7	70.6		ITGAD	66.5	3.0
ITGB1	sonnet_dual_triage	1	798.0	708	1	1	0	1	1	0	0	1	1	98.2	92.5		ITGB2	47.1	3.0
ITGB2	sonnet_dual_triage	1	769.0	680	1	1	0	1	1	0	0	1	1	91.5	80.6		ITGB7	49.3	2.0
ITGB3	sonnet_dual_triage	1	788.0	692	1	1	0	1	0	0	0	1	1		90.6		ITGB5	56.4	1.0
ITGB4	sonnet_dual_triage	1	1822.0	695	1	1	0	1	1	0	0	1	0	94.5	88.1		ITGB1	38.6	3.0
ITGB5	sonnet_dual_triage	1	799.0	698	1	1	0	1	1	0	0	1	1	98.6	91.7		ITGB3	56.4	3.0
ITGB6	sonnet_dual_triage	1	788.0	688	1	1	0	1	1	0	0	1	1	97.0	90.5		ITGB3	50.4	4.0
ITGB7	sonnet_dual_triage	1	798.0	708	1	1	0	1	1	0	0	1	1	86.0	86.1		ITGB2	49.3	2.0
ITGB8	sonnet_dual_triage	1	769.0	642	1	1	0	1	1	0	0	1	1	99.0	87.3		ITGB6	41.9	6.0
ITGBL1	sonnet_dual_triage	0	494.0	471	1	1	1	1	1	0	0	0	0	99.0	90.9		ITGB3	31.6	
ITLN2	sonnet_dual_triage	0	325.0	299	1	1	1	0	0	0	0	0	1				ITLN1	85.2	
ITM2A	sonnet_dual_triage	1	263.0	189	0	0	1	1	1	0	1	0	1	100.0	95.1		ITM2B	46.0	
ITM2B	sonnet_dual_triage	1	266.0	191	0	0	1	1	1	0	0	1	1	98.5	95.5		ITM2C	53.7	1.0
ITM2C	sonnet_dual_triage	1	267.0	188	0	0	1	1	1	0	1	0	1	99.6	92.9		ITM2B	53.7	
ITPRID2	sonnet_dual_triage	0	1259.0	0	0	0	0	1	1	0	0	0	0	95.5	81.7				
ITPRIPL1	sonnet_dual_triage	0	555.0	0	0	0	0	1	0	0	1	0	0		86.5				
ITPRIPL2	sonnet_dual_triage	2	535.0	25	0	0	0	1	1	0	0	0	0	97.9	85.4				
IZUMO1	sonnet_dual_triage	1	350.0	271	1	1	0	0	1	0	1	0	0	93.7					
IZUMO1R	sonnet_dual_triage	0	250.0	231	1	1	1	1	1	0	0	1	1	95.6	66.4		FOLR3	59.2	1.0
IZUMO2	sonnet_dual_triage	1	221.0	168	1	1	0	1	1	1	1	0	0	90.5	51.6	2.0			
IZUMO3	sonnet_dual_triage	1	239.0	154	1	1	0	1	1	0	0	1	0	93.7	70.3				2.0
JAG1	sonnet_dual_triage	1	1218.0	1037	1	1	0	1	1	0	0	1	1	96.6	96.6		JAG2	58.9	6.0
JAG2	sonnet_dual_triage	1	1238.0	1056	1	1	0	1	0	0	0	1	1		90.5		JAG1	58.9	7.0
JAM2	sonnet_dual_triage	1	298.0	211	1	1	0	1	1	1	0	0	0	97.3	76.5	2.0	F11R	38.1	
JAM3	sonnet_dual_triage	1	310.0	212	1	1	0	1	1	0	0	1	0	94.8	86.5		JAM2	36.5	1.0
JAML	sonnet_dual_triage	1	394.0	256	1	1	0	0	1	0	1	0	0	93.1			MPZL2	33.3	
JCAD	sonnet_dual_triage	0	1359.0	0	0	0	0	1	1	0	0	0	0	90.6	53.1				
JPT2	sonnet_dual_triage	0	190.0	0	0	0	0	0	1	0	0	0	0	93.7					
KARS1	sonnet_dual_triage	0	597.0	0	0	0	0	1	1	1	0	0	0	96.1	90.1	2.0			
KAZN	sonnet_dual_triage	0	775.0	0	0	0	0	1	0	1	0	0	0		94.3	2.0			
KCNA1	sonnet_dual_triage	6	495.0	101	0	0	0	1	1	1	0	0	1	99.6	98.4	4.0	KCNA3	67.7	
KCNA10	sonnet_dual_triage	6	511.0	102	0	0	0	1	1	1	0	0	1	98.0	93.7	4.0	KCNA4	62.7	
KCNA2	sonnet_dual_triage	6	499.0	92	0	0	0	1	1	1	1	0	1	60.5	99.4	4.0	KCNA1	61.2	
KCNA3	sonnet_dual_triage	6	575.0	106	0	0	0	1	1	1	0	0	1	81.7	88.7	4.0	KCNA6	68.9	
KCNA4	sonnet_dual_triage	6	653.0	113	0	0	0	1	0	1	0	0	1		97.4	4.0	KCNA3	65.1	
KCNA5	sonnet_dual_triage	6	613.0	107	0	0	0	1	0	1	0	0	1		86.3	4.0	KCNA4	58.3	
KCNA6	sonnet_dual_triage	6	529.0	145	0	0	0	1	0	1	0	0	1		92.8	4.0	KCNA3	68.9	
KCNA7	sonnet_dual_triage	6	456.0	96	0	0	0	1	0	1	0	0	1		94.1	4.0	KCNA4	60.9	
KCNB1	sonnet_dual_triage	6	858.0	77	0	0	0	1	1	1	0	0	1	97.3	93.7	4.0	KCNB2	90.4	
KCNB2	sonnet_dual_triage	6	911.0	78	0	0	0	0	1	1	0	0	1	98.6		4.0	KCNB1	90.4	
KCNC1	sonnet_dual_triage	6	511.0	106	0	0	0	1	1	1	0	0	1	99.7	99.8	4.0	KCNC2	81.2	
KCNC2	sonnet_dual_triage	6	638.0	88	0	0	0	1	1	1	0	0	1	100.0	97.5	4.0	KCNC1	81.2	
KCNC3	sonnet_dual_triage	6	757.0	93	0	0	0	1	0	1	0	0	1		92.2	4.0	KCNC4	73.3	
KCNC4	sonnet_dual_triage	6	635.0	90	0	0	0	1	1	1	0	0	1	95.5	95.0	4.0	KCNC2	75.0	
KCND1	sonnet_dual_triage	6	647.0	71	0	0	0	1	0	1	1	0	1		95.1	4.0	KCND2	70.3	
KCND2	sonnet_dual_triage	6	630.0	70	0	0	0	1	1	1	0	0	1	99.5	99.0	4.0	KCND3	90.0	
KCND3	sonnet_dual_triage	6	655.0	73	0	0	0	1	1	1	0	0	1	100.0	99.4	4.0	KCND2	90.0	
KCNE1	sonnet_dual_triage	1	129.0	43	0	1	0	1	0	0	0	0	0		76.0		KCNE2	25.6	
KCNE2	sonnet_dual_triage	1	123.0	48	0	1	0	1	1	0	0	0	0	94.3	84.6		KCNE1	25.6	
KCNE3	sonnet_dual_triage	1	103.0	57	0	1	0	1	1	0	0	0	0	99.0	93.2		KCNE5	31.6	
KCNE4	sonnet_dual_triage	1	221.0	86	0	1	0	1	1	0	0	0	0	98.2	90.0				
KCNE5	sonnet_dual_triage	1	142.0	59	0	1	0	1	0	0	0	0	0		81.0		KCNE3	31.6	
KCNF1	sonnet_dual_triage	6	494.0	75	0	0	0	1	1	0	0	0	1	100.0	96.4		KCNB2	56.3	
KCNG1	sonnet_dual_triage	6	513.0	78	0	0	0	1	0	1	1	0	1		93.0	4.0	KCNG4	60.5	
KCNG2	sonnet_dual_triage	6	466.0	76	0	0	0	1	0	1	0	0	1		87.8	4.0	KCNG4	65.3	
KCNG3	sonnet_dual_triage	6	436.0	84	0	0	0	1	1	1	0	0	1	99.5	95.9	4.0	KCNG4	55.2	
KCNG4	sonnet_dual_triage	6	519.0	80	0	0	0	1	1	1	1	0	1	96.7	79.6	4.0	KCNG2	65.3	
KCNH1	sonnet_dual_triage	6	989.0	122	0	0	0	1	1	0	0	0	1	99.4	94.3		KCNH2	47.4	
KCNH2	sonnet_dual_triage	6	1159.0	93	0	0	0	1	1	0	0	0	1	68.3	96.3		KCNH7	70.8	
KCNH3	sonnet_dual_triage	6	1083.0	121	0	0	0	1	1	0	0	0	1	99.5	95.9		KCNH8	60.2	
KCNH4	sonnet_dual_triage	8	1017.0	59	0	0	0	1	1	0	0	0	1	98.1	90.0		KCNH8	63.0	
KCNH5	sonnet_dual_triage	4	988.0	88	0	0	0	1	1	0	0	0	1	99.8	98.1		KCNH1	42.9	
KCNH6	sonnet_dual_triage	6	958.0	99	0	0	0	1	1	0	0	0	1	97.9	89.9		KCNH7	78.6	
KCNH7	sonnet_dual_triage	6	1196.0	98	0	0	0	1	1	0	0	0	1	99.2	94.4		KCNH6	78.6	
KCNH8	sonnet_dual_triage	6	1107.0	88	0	0	0	1	1	0	1	0	1	99.1	92.2		KCNH4	63.0	
KCNJ1	sonnet_dual_triage	2	391.0	51	0	0	0	1	1	1	0	0	1	98.4	92.7	4.0	KCNJ10	62.7	
KCNJ10	sonnet_dual_triage	2	379.0	51	0	0	0	1	1	1	0	0	1	100.0	99.2	4.0	KCNJ15	70.6	
KCNJ11	sonnet_dual_triage	2	390.0	49	0	0	0	1	1	1	0	0	1	98.5	95.9	4.0	KCNJ8	73.5	
KCNJ12	sonnet_dual_triage	2	433.0	52	0	0	0	1	0	1	0	0	1		96.1	4.0	KCNJ18	96.2	
KCNJ13	sonnet_dual_triage	2	360.0	57	0	0	0	1	1	1	1	0	1	98.3	93.1	4.0	KCNJ10	58.8	
KCNJ14	sonnet_dual_triage	2	436.0	50	0	0	0	1	1	1	0	0	1	92.4	93.8	4.0	KCNJ4	68.0	
KCNJ15	sonnet_dual_triage	2	375.0	51	0	0	0	1	1	1	0	0	1	99.2	96.3	4.0	KCNJ10	70.6	
KCNJ16	sonnet_dual_triage	2	418.0	50	0	0	0	1	1	1	0	0	1	98.8	92.3	4.0	KCNJ12	70.0	
KCNJ18	sonnet_dual_triage	2	433.0	52	0	0	0	0	0	1	0	0	1			4.0	KCNJ12	96.2	
KCNJ2	sonnet_dual_triage	2	427.0	49	0	0	0	1	1	1	0	0	1	96.7	98.6	4.0	KCNJ12	69.4	
KCNJ3	sonnet_dual_triage	2	501.0	52	0	0	0	1	0	1	0	0	1		99.0	4.0	KCNJ5	67.3	
KCNJ4	sonnet_dual_triage	2	445.0	68	0	0	0	1	0	1	0	0	1		98.2	4.0	KCNJ12	73.1	
KCNJ5	sonnet_dual_triage	2	419.0	52	0	0	0	1	1	1	0	0	1	97.1	94.3	4.0	KCNJ6	80.8	
KCNJ6	sonnet_dual_triage	2	423.0	52	0	0	0	1	1	1	0	0	1	100.0	99.3	4.0	KCNJ5	80.8	
KCNJ8	sonnet_dual_triage	2	424.0	58	0	0	0	1	1	1	0	0	1	99.8	98.3	4.0	KCNJ11	73.5	
KCNJ9	sonnet_dual_triage	2	393.0	52	0	0	0	1	0	1	0	0	1		98.7	4.0	KCNJ6	80.8	
KCNK1	sonnet_dual_triage	4	336.0	129	0	0	0	1	1	1	0	0	1	99.7	94.9	2.0	KCNK6	58.1	
KCNK10	sonnet_dual_triage	4	538.0	134	0	0	0	1	1	1	0	0	1	99.6	93.4	2.0	KCNK2	64.7	
KCNK12	sonnet_dual_triage	4	430.0	124	0	0	0	1	1	1	0	0	1	68.8	99.1	2.0	KCNK13	71.0	
KCNK13	sonnet_dual_triage	4	408.0	124	0	0	0	1	1	1	0	0	1	99.0	84.6	2.0	KCNK12	71.0	
KCNK15	sonnet_dual_triage	4	330.0	121	0	0	0	1	0	1	0	0	1		74.2	2.0	KCNK9	66.1	
KCNK16	sonnet_dual_triage	4	309.0	129	0	0	0	0	1	1	1	0	1	78.9		2.0	KCNK17	48.1	
KCNK17	sonnet_dual_triage	4	332.0	130	0	0	0	0	1	1	1	0	1	92.8		2.0	KCNK16	48.1	
KCNK18	sonnet_dual_triage	4	384.0	117	0	0	0	1	1	1	0	1	0	97.1	66.4	2.0	KCNK1	39.3	2.0
KCNK2	sonnet_dual_triage	4	426.0	133	0	0	0	1	1	1	1	0	1	100.0	96.2	2.0	KCNK10	64.7	
KCNK3	sonnet_dual_triage	4	394.0	121	0	0	0	1	1	1	0	0	1	91.9	91.4	2.0	KCNK15	65.3	
KCNK4	sonnet_dual_triage	4	393.0	135	0	0	0	1	1	1	0	0	1	95.2	83.5	2.0	KCNK10	57.1	
KCNK5	sonnet_dual_triage	4	499.0	127	0	0	0	1	1	1	0	1	1	99.0	89.4	2.0	KCNK16	43.3	2.0
KCNK6	sonnet_dual_triage	4	313.0	137	0	0	0	1	1	1	1	0	1	94.9	85.0	2.0	KCNK1	58.1	
KCNK7	sonnet_dual_triage	4	307.0	128	0	0	0	1	1	1	0	0	1	94.5	79.2	2.0	KCNK1	49.2	
KCNK9	sonnet_dual_triage	4	374.0	121	0	0	0	1	1	1	0	0	1	99.5	71.9	2.0	KCNK15	66.1	
KCNMA1	sonnet_dual_triage	7	1236.0	151	0	1	0	1	1	0	1	0	1	99.0	84.1		KCNU1	53.4	
KCNMB1	sonnet_dual_triage	2	191.0	121	0	0	0	1	1	0	1	0	0	95.3	82.7		KCNMB2	39.7	
KCNMB2	sonnet_dual_triage	2	235.0	129	0	0	0	1	1	0	0	0	0	100.0	95.3		KCNMB1	39.7	
KCNMB3	sonnet_dual_triage	2	279.0	129	0	0	0	1	1	0	1	0	0	87.3	56.7		KCNMB2	37.2	
KCNMB4	sonnet_dual_triage	2	210.0	127	0	0	0	1	1	0	0	0	0	100.0	93.8		KCNMB2	37.0	
KCNN1	sonnet_dual_triage	6	543.0	73	0	0	0	1	1	0	0	0	1	92.4	83.4		KCNN3	84.9	
KCNN2	sonnet_dual_triage	6	579.0	76	0	0	0	1	1	1	1	0	1	98.7	71.7	4.0	KCNN3	84.2	
KCNN3	sonnet_dual_triage	6	731.0	81	0	0	0	1	1	0	1	0	1	99.6	95.9		KCNN1	84.9	
KCNN4	sonnet_dual_triage	6	427.0	77	0	0	0	1	1	1	0	0	0	93.2	86.9	4.0	KCNN2	38.0	
KCNQ1	sonnet_dual_triage	6	676.0	61	0	0	0	1	1	0	0	0	1	97.0	87.7		KCNQ2	60.7	
KCNQ2	sonnet_dual_triage	6	872.0	59	0	0	0	1	1	0	0	0	1	76.3	95.1		KCNQ3	70.2	
KCNQ3	sonnet_dual_triage	6	872.0	68	0	0	0	1	1	1	0	0	1	84.7	95.5	4.0	KCNQ2	70.2	
KCNQ4	sonnet_dual_triage	6	695.0	56	0	0	0	1	1	1	0	0	1	98.3	96.8	2.0	KCNQ5	78.2	
KCNQ5	sonnet_dual_triage	6	932.0	56	0	0	0	1	1	0	0	0	1	82.7	95.6		KCNQ4	78.2	
KCNS1	sonnet_dual_triage	6	526.0	91	0	0	0	1	1	1	0	1	1	92.4	84.6	4.0	KCNS2	50.0	1.0
KCNS2	sonnet_dual_triage	6	477.0	82	0	0	0	1	1	1	0	0	1	99.8	98.1	2.0	KCNS1	50.0	
KCNS3	sonnet_dual_triage	6	491.0	73	0	0	0	1	1	1	0	0	1	99.2	94.9	4.0	KCNS2	47.2	
KCNT1	sonnet_dual_triage	6	1230.0	74	0	0	0	1	0	0	0	0	1		88.6		KCNT2	60.3	
KCNT2	sonnet_dual_triage	6	1135.0	58	0	0	0	1	1	0	1	0	1	99.6	97.5		KCNT1	60.3	
KCNU1	sonnet_dual_triage	7	1149.0	88	0	1	0	0	1	0	0	0	1	91.6			KCNMA1	53.4	
KCNV1	sonnet_dual_triage	6	500.0	67	0	0	0	1	1	1	0	0	1	100.0	95.6	2.0	KCNF1	52.3	
KCNV2	sonnet_dual_triage	6	545.0	92	0	0	0	1	1	1	0	0	1	95.4	82.6	2.0	KCNA7	48.5	
KCP	sonnet_dual_triage	0	1568.0	1547	1	1	1	1	1	0	0	0	1	89.3	76.7		VWC2	47.3	
KCTD8	sonnet_dual_triage	0	473.0	0	0	0	0	1	1	1	0	0	0	98.3	95.3	6.0			
KDR	sonnet_dual_triage	1	1356.0	745	1	1	0	1	1	0	1	1	1	98.8	85.9		LMTK2	65.0	3.0
KEL	sonnet_dual_triage	1	732.0	666	0	0	1	1	0	0	0	1	0		72.3		ECE2	33.0	2.0
KIAA0319	sonnet_dual_triage	1	1072.0	935	1	1	0	1	1	1	1	1	1	93.6	76.4	2.0	KIAA0319L	53.0	4.0
KIAA0319L	sonnet_dual_triage	1	1049.0	880	1	1	0	1	1	0	0	0	1	96.9	84.4		KIAA0319	53.0	
KIAA1549L	sonnet_dual_triage	1	1849.0	1181	0	1	0	1	1	0	0	1	0	82.8	71.9		KIAA1549	28.3	2.0
KIAA2013	sonnet_dual_triage	2	634.0	555	0	0	0	1	1	1	0	0	0	98.7	92.0	2.0			
KIDINS220	sonnet_dual_triage	4	1771.0	16	0	0	0	1	1	0	1	0	0	99.3	93.1				
KIR2DL1	sonnet_dual_triage	1	348.0	222	1	1	0	0	0	0	0	1	1				KIR2DL3	91.9	1.0
KIR2DL2	sonnet_dual_triage	1	348.0	222	1	1	0	0	0	0	0	1	0						1.0
KIR2DL3	sonnet_dual_triage	1	341.0	224	1	1	0	0	0	0	0	1	1				KIR2DL1	91.9	1.0
KIR2DL4	sonnet_dual_triage	1	377.0	219	1	1	0	0	1	0	1	1	1	81.9			KIR3DL2	77.6	2.0
KIR2DL5A	sonnet_dual_triage	1	375.0	219	1	1	0	0	0	0	0	1	0						1.0
KIR2DL5B	sonnet_dual_triage	1	375.0	219	1	1	0	0	0	0	0	1	0						2.0
KIR2DS1	sonnet_dual_triage	1	304.0	224	1	1	0	0	0	0	0	1	0						1.0
KIR2DS2	sonnet_dual_triage	1	304.0	224	1	1	0	0	0	0	0	1	0						2.0
KIR2DS3	sonnet_dual_triage	1	304.0	222	1	1	0	0	0	0	0	1	0						2.0
KIR2DS4	sonnet_dual_triage	1	304.0	224	1	1	0	0	0	0	0	1	1				KIR2DL3	89.7	2.0
KIR2DS5	sonnet_dual_triage	1	304.0	224	1	1	0	0	0	0	0	1	0						2.0
KIR3DL1	sonnet_dual_triage	1	444.0	319	1	1	0	0	0	0	0	1	1				KIR3DL2	86.2	2.0
KIR3DL2	sonnet_dual_triage	1	455.0	319	1	1	0	0	0	0	0	1	1				KIR3DL1	86.2	1.0
KIR3DL3	sonnet_dual_triage	1	410.0	296	1	1	0	0	0	0	0	1	1				KIR3DL2	76.0	2.0
KIR3DS1	sonnet_dual_triage	1	382.0	319	1	1	0	0	0	0	0	1	0						1.0
KIRREL1	sonnet_dual_triage	1	757.0	478	1	1	0	1	1	0	0	1	1	72.1	95.4		KIRREL3	57.3	3.0
KIRREL2	sonnet_dual_triage	1	708.0	490	1	1	0	1	1	0	1	1	1	94.9	83.8		KIRREL1	45.6	3.0
KIRREL3	sonnet_dual_triage	1	778.0	513	1	1	0	1	1	0	0	1	1	98.1	96.4		KIRREL1	57.3	3.0
KISS1R	sonnet_dual_triage	7	398.0	97	0	1	0	1	0	0	0	0	0		82.2		OPRD1	33.3	
KIT	sonnet_dual_triage	1	976.0	499	1	1	0	1	1	0	1	1	1	98.4	82.8		LMTK2	40.0	2.0
KITLG	sonnet_dual_triage	1	273.0	190	1	1	0	1	1	0	0	1	0	87.9	82.8				1.0
KL	sonnet_dual_triage	1	1012.0	948	1	1	0	1	1	0	1	1	1	96.4	85.9		KLB	48.0	5.0
KLB	sonnet_dual_triage	1	1044.0	996	0	1	0	1	1	0	0	0	1	97.1	78.7		KL	48.0	
KLK15	sonnet_dual_triage	0	256.0	240	1	1	1	1	1	0	0	0	1	94.5	75.8		KLK9	50.2	
KLK3	sonnet_dual_triage	0	261.0	244	1	1	1	0	1	0	0	0	1	90.0			KLK2	79.1	
KLK6	sonnet_dual_triage	0	244.0	228	1	1	1	1	0	0	0	0	1		68.4		KLK13	52.6	
KLK8	sonnet_dual_triage	0	260.0	232	1	1	1	1	1	0	0	0	1	94.2	71.9		KLK14	50.9	
KLRB1	sonnet_dual_triage	1	225.0	165	0	0	1	0	1	0	0	1	0	87.1			CLEC2L	33.6	1.0
KLRC1	sonnet_dual_triage	1	233.0	142	0	0	1	0	0	0	0	1	1				KLRC2	91.3	2.0
KLRC2	sonnet_dual_triage	1	231.0	138	0	0	1	0	0	1	0	1	1			2.0	KLRC1	91.3	1.0
KLRC3	sonnet_dual_triage	1	240.0	146	0	0	1	0	0	0	0	1	1				KLRC2	83.3	1.0
KLRC4	sonnet_dual_triage	1	158.0	70	0	0	1	0	0	0	0	0	1				KLRC2	70.0	
KLRD1	sonnet_dual_triage	1	179.0	148	0	0	1	1	1	1	1	0	0	92.2	54.2	2.0	CLEC12B	35.1	
KLRF1	sonnet_dual_triage	1	231.0	172	0	0	1	0	1	0	1	1	0	90.0			KLRG1	38.1	1.0
KLRF2	sonnet_dual_triage	1	207.0	156	0	0	1	0	1	1	0	1	0	92.3		2.0	KLRF1	34.0	1.0
KLRG1	sonnet_dual_triage	1	195.0	139	0	0	1	1	1	0	0	1	0	91.0	56.6		KLRF1	38.1	1.0
KLRG2	sonnet_dual_triage	1	409.0	128	0	0	1	1	0	0	1	0	0		57.2		OLR1	34.4	
KLRK1	sonnet_dual_triage	1	216.0	138	0	0	1	1	1	0	0	1	1	94.9	58.8		CLEC12B	41.3	1.0
KREMEN1	sonnet_dual_triage	1	473.0	373	1	1	0	1	1	0	0	1	1	99.1	93.9		KREMEN2	49.3	2.0
KREMEN2	sonnet_dual_triage	1	462.0	341	1	1	0	1	0	0	1	1	1		87.4		KREMEN1	49.3	2.0
KRT8	sonnet_dual_triage	0	483.0	0	0	0	0	1	0	0	0	0	0		91.1				
KRTDAP	sonnet_dual_triage	0	99.0	77	1	1	1	1	1	0	0	0	0	99.0	54.5				
L1CAM	sonnet_dual_triage	1	1257.0	1102	1	1	0	1	1	0	0	1	1	97.8	88.5		HMCN2	40.7	6.0
LAG3	sonnet_dual_triage	1	525.0	430	1	1	0	1	0	0	1	1	1		68.6		SIGIRR	42.4	3.0
LAIR1	sonnet_dual_triage	1	287.0	142	1	1	0	0	0	0	0	1	0						1.0
LAMA3	sonnet_dual_triage	0	3333.0	3302	1	1	1	1	1	0	0	0	1	96.1	77.8		TMEFF2	51.1	
LAMP1	sonnet_dual_triage	1	417.0	355	1	1	0	1	1	0	0	1	0	92.3	66.4		LAMP2	34.9	1.0
LAMP2	sonnet_dual_triage	1	410.0	350	1	1	0	1	1	0	0	1	0	91.2	60.2		LAMP1	34.9	1.0
LAMP3	sonnet_dual_triage	1	416.0	354	1	1	0	0	1	0	0	0	0	85.8					
LAMP5	sonnet_dual_triage	1	280.0	210	1	1	0	1	1	0	0	1	0	97.9	85.7		LAMP1	27.1	2.0
LANCL3	sonnet_dual_triage	0	420.0	0	0	0	0	1	1	0	0	0	0	74.0	95.7				
LAPTM4B	sonnet_dual_triage	4	317.0	55	0	0	0	1	1	0	0	0	1	87.6	92.5		LAPTM4A	40.7	
LAPTM5	sonnet_dual_triage	6	262.0	58	0	0	0	1	1	0	0	0	0	94.7	79.0		LAPTM4A	30.4	
LAT2	sonnet_dual_triage	1	243.0	6	0	1	0	1	1	0	0	0	0	88.1	50.2				
LAX1	sonnet_dual_triage	1	398.0	37	0	1	0	1	1	0	1	0	0	94.2	51.3				
LAYN	sonnet_dual_triage	1	382.0	211	1	1	0	1	1	0	0	1	1	96.5	83.7		CHODL	55.6	1.0
LCN6	sonnet_dual_triage	0	163.0	143	1	1	1	1	0	1	0	0	0		73.0	2.0	LCN15	28.7	
LCP1	sonnet_dual_triage	0	627.0	0	0	0	0	1	1	0	0	0	0	99.5	97.0				
LCT	sonnet_dual_triage	1	1927.0	1862	1	1	0	1	1	0	0	1	1	95.9	79.8		GBA3	49.7	5.0
LCTL	sonnet_dual_triage	1	567.0	520	1	1	0	1	1	0	0	0	1	97.4	83.6		LCT	49.2	
LDLR	sonnet_dual_triage	1	860.0	765	1	1	0	1	1	0	0	1	1	88.0	78.1		VLDLR	51.6	3.0
LDLRAD1	sonnet_dual_triage	1	205.0	148	0	0	1	1	1	0	1	0	0	91.7	71.2				
LDLRAD2	sonnet_dual_triage	0	272.0	247	1	1	1	1	1	0	0	0	0	83.5	63.2		CD320	26.7	
LDLRAD3	sonnet_dual_triage	1	345.0	156	1	1	0	1	1	0	0	1	0	99.7	95.9				1.0
LEPR	sonnet_dual_triage	1	1165.0	820	1	1	0	1	1	0	1	1	1	95.7	75.5		PRLR	41.0	4.0
LGALS1	sonnet_dual_triage	0	135.0	0	0	0	0	1	1	1	0	0	0	96.3	88.1	2.0			
LGALS13	sonnet_dual_triage	0	139.0	0	0	0	0	0	1	0	0	0	0	95.7					
LGALS16	sonnet_dual_triage	0	142.0	0	0	0	0	0	1	0	0	0	0	94.4					
LGALS3	sonnet_dual_triage	0	250.0	0	0	0	0	1	1	0	0	0	0	91.2	84.0				
LGALS3BP	sonnet_dual_triage	1	585.0	119	1	1	0	1	1	1	0	0	1	94.9	67.7	2.0	DMBT1	62.2	
LGALS4	sonnet_dual_triage	0	323.0	0	0	0	0	1	1	0	0	0	0	91.0	76.8				
LGALS7	sonnet_dual_triage	0	136.0	0	0	0	0	0	0	0	0	0	0						
LGALS8	sonnet_dual_triage	0	317.0	0	0	0	0	1	1	0	0	0	0	95.3	79.5				
LGALS9	sonnet_dual_triage	0	355.0	0	0	0	0	0	0	0	0	0	0						
LGALS9B	sonnet_dual_triage	0	356.0	0	0	0	0	0	0	0	0	0	0						
LGALS9C	sonnet_dual_triage	0	356.0	0	0	0	0	0	0	0	0	0	0						
LGI1	sonnet_dual_triage	0	557.0	523	1	1	1	1	1	0	0	0	1	100.0	96.8		LGI2	57.6	
LGI2	sonnet_dual_triage	0	545.0	516	1	1	1	1	1	0	0	0	1	99.4	97.6		LGI1	57.6	
LGI3	sonnet_dual_triage	0	548.0	518	1	1	1	1	1	0	0	0	1	98.5	96.5		LGI1	53.5	
LGI4	sonnet_dual_triage	0	537.0	518	1	1	1	1	1	0	0	0	1	97.6	88.5		LGI1	50.0	
LGMN	sonnet_dual_triage	0	433.0	416	1	1	1	1	1	1	0	0	0	98.8	83.4	2.0	PIGK	29.2	
LGR4	sonnet_dual_triage	7	951.0	572	1	1	0	1	1	0	0	0	1	96.6	93.0		LGR5	55.8	
LGR5	sonnet_dual_triage	7	907.0	593	1	1	0	1	1	0	0	0	1	97.9	85.8		LGR6	61.6	
LGR6	sonnet_dual_triage	7	967.0	599	1	1	0	1	1	0	0	1	1	90.8	90.2		LGR5	61.6	1.0
LGTN	sonnet_dual_triage	0	584.0	0	0	0	0	0	0	0	0	0	0						
LHCGR	sonnet_dual_triage	7	699.0	398	1	1	0	1	1	0	0	0	1	96.3	82.4		FSHR	49.0	
LHFPL1	sonnet_dual_triage	4	220.0	86	0	0	0	1	1	0	1	0	1	99.5	94.5		LHFPL6	65.1	
LHFPL2	sonnet_dual_triage	4	228.0	100	0	0	0	1	1	1	0	0	0	97.4	83.8	2.0	LHFPL1	31.8	
LHFPL3	sonnet_dual_triage	4	236.0	82	0	0	0	1	1	0	0	0	1	93.6	94.1		LHFPL4	73.2	
LHFPL5	sonnet_dual_triage	4	219.0	82	0	0	0	1	1	0	0	0	1	98.6	98.2		LHFPL3	70.7	
LHFPL6	sonnet_dual_triage	4	200.0	86	0	0	0	1	1	0	0	0	1	100.0	97.0		LHFPL1	65.1	
LHFPL7	sonnet_dual_triage	4	200.0	72	0	0	0	1	1	0	0	0	0	94.0	60.5		LHFPL1	34.7	
LIFR	sonnet_dual_triage	1	1097.0	791	1	1	0	1	1	0	0	1	0	97.1	75.2		PRLR	37.7	3.0
LILRA1	sonnet_dual_triage	1	489.0	435	1	1	0	0	0	0	0	1	1				LILRA2	80.6	2.0
LILRA2	sonnet_dual_triage	1	483.0	423	1	1	0	0	0	0	1	1	1				LILRA1	80.6	3.0
LILRA4	sonnet_dual_triage	1	499.0	423	1	1	0	0	0	0	0	1	1				LILRB3	70.4	4.0
LILRA5	sonnet_dual_triage	1	299.0	224	1	1	0	0	0	0	1	1	1				LILRA6	69.6	1.0
LILRA6	sonnet_dual_triage	1	481.0	423	1	1	0	0	0	0	1	1	1				LILRB3	94.5	3.0
LILRB1	sonnet_dual_triage	1	650.0	439	1	1	0	0	0	0	1	1	1				LILRB2	80.6	2.0
LILRB2	sonnet_dual_triage	1	597.0	438	1	1	0	0	0	0	0	1	1				LILRB1	80.6	2.0
LILRB3	sonnet_dual_triage	1	631.0	422	1	1	0	0	0	0	0	1	1				LILRA6	94.5	3.0
LILRB4	sonnet_dual_triage	1	448.0	238	1	1	0	0	0	0	0	0	1				LILRB3	66.8	
LILRB5	sonnet_dual_triage	1	590.0	433	1	1	0	0	1	0	0	1	1	87.1			LILRB3	69.2	2.0
LIM2	sonnet_dual_triage	4	173.0	60	0	0	0	1	1	0	0	0	1	96.5	91.3		GSG1L	46.7	
LIME1	sonnet_dual_triage	1	295.0	10	0	1	0	1	1	0	1	0	0	91.9	55.6				
LINGO1	sonnet_dual_triage	1	620.0	518	1	1	0	1	1	0	0	1	1	99.5	98.4		LINGO2	62.4	3.0
LINGO2	sonnet_dual_triage	1	606.0	513	1	1	0	1	0	0	0	1	1		97.7		LINGO1	62.4	3.0
LINGO3	sonnet_dual_triage	1	592.0	502	1	1	0	1	0	0	0	1	1		88.5		LINGO4	47.0	3.0
LINGO4	sonnet_dual_triage	1	593.0	502	1	1	0	1	1	0	0	1	1	98.5	94.3		LINGO3	47.0	3.0
LIPC	sonnet_dual_triage	0	499.0	477	1	1	1	1	1	0	0	0	1	95.0	74.9		LPL	44.6	
LIPG	sonnet_dual_triage	0	500.0	480	1	1	1	1	1	0	0	0	1	97.6	80.2		LPL	48.6	
LIPH	sonnet_dual_triage	0	451.0	433	1	1	1	1	1	0	0	0	1	94.2	77.8		LIPI	46.4	
LIPM	sonnet_dual_triage	0	423.0	390	1	1	1	1	1	0	0	0	1	98.6	87.2		LIPA	62.5	
LMAN2	sonnet_dual_triage	1	356.0	278	1	1	0	1	1	0	0	1	1	99.7	94.9		LMAN2L	61.1	2.0
LMBR1	sonnet_dual_triage	9	490.0	117	0	1	0	1	1	1	1	0	1	99.2	96.1	2.0	LMBR1L	69.2	
LMBR1L	sonnet_dual_triage	9	489.0	120	0	1	0	1	1	0	1	0	1	98.4	95.5		LMBR1	69.2	
LMBRD2	sonnet_dual_triage	9	695.0	130	0	1	0	1	1	0	0	0	0	99.4	94.5				
LMLN	sonnet_dual_triage	0	647.0	604	1	1	1	1	1	0	0	0	0	98.2	89.8				
LMTK3	sonnet_dual_triage	1	1460.0	19	1	1	0	1	0	0	0	0	1		87.7		AATK	42.1	
LNPEP	sonnet_dual_triage	1	1025.0	894	0	0	1	1	1	0	0	1	1	96.7	87.8		ERAP1	47.0	1.0
LOX	sonnet_dual_triage	0	417.0	396	1	1	1	1	1	0	0	0	1	97.4	86.3		LOXL1	58.1	
LOXL1	sonnet_dual_triage	0	574.0	549	1	1	1	1	1	0	0	0	1	72.0	91.6		LOX	58.1	
LOXL2	sonnet_dual_triage	0	774.0	749	1	1	1	1	1	0	0	0	1	87.7	86.4		LOXL3	57.1	
LOXL4	sonnet_dual_triage	0	756.0	732	1	1	1	1	1	0	0	0	1	97.6	87.2		LOXL3	56.6	
LPAR1	sonnet_dual_triage	7	364.0	99	0	1	0	1	0	0	0	0	1		97.3		LPAR2	53.8	
LPAR2	sonnet_dual_triage	7	348.0	84	0	1	0	1	1	0	0	0	1	98.0	92.2		LPAR1	53.8	
LPAR3	sonnet_dual_triage	7	353.0	84	0	1	0	1	1	0	0	0	1	96.9	91.5		LPAR1	51.9	
LPAR4	sonnet_dual_triage	7	370.0	90	0	1	0	1	1	0	0	0	1	99.2	98.4		LPAR6	48.5	
LPAR5	sonnet_dual_triage	7	372.0	90	0	1	0	1	1	0	0	0	0	56.2	80.9		GPR68	35.1	
LPAR6	sonnet_dual_triage	7	344.0	73	0	1	0	1	0	1	0	0	1		93.0	2.0	LPAR4	48.5	
LPL	sonnet_dual_triage	0	475.0	455	1	1	1	1	1	0	0	1	1	99.4	92.8		LIPG	48.6	3.0
LRATD2	sonnet_dual_triage	0	310.0	0	0	0	0	1	1	0	0	0	0	98.1	92.6				
LRCH4	sonnet_dual_triage	1	683.0	5	0	0	1	1	1	0	0	0	1	96.8	79.2		LRRC8D	40.0	
LRCOL1	sonnet_dual_triage	0	159.0	137	1	1	1	0	0	0	0	0	0				CLPSL2	35.9	
LRFN1	sonnet_dual_triage	1	771.0	505	1	1	0	1	1	0	0	1	1	62.1	95.3		LRFN5	61.2	4.0
LRFN2	sonnet_dual_triage	1	789.0	514	1	1	0	1	1	0	0	1	1	97.6	94.9		LRFN4	59.9	2.0
LRFN3	sonnet_dual_triage	1	628.0	523	1	1	0	1	0	0	0	1	1		96.0		LRFN1	61.0	1.0
LRFN4	sonnet_dual_triage	1	635.0	501	1	1	0	1	1	0	0	1	1	54.3	96.9		LRFN2	59.9	3.0
LRFN5	sonnet_dual_triage	1	719.0	512	1	1	0	1	1	0	0	1	1	99.2	96.8		LRFN1	61.2	2.0
LRG1	sonnet_dual_triage	0	347.0	312	1	1	1	1	1	1	0	0	1	92.5	62.8	2.0	CHADL	42.6	
LRIG1	sonnet_dual_triage	1	1093.0	759	1	1	0	1	1	0	0	1	1	96.6	83.3		LRIG3	59.6	7.0
LRIG2	sonnet_dual_triage	1	1065.0	767	1	1	0	1	1	0	0	1	1	97.6	89.5		LRIG3	66.9	4.0
LRIG3	sonnet_dual_triage	1	1119.0	785	1	1	0	1	1	0	0	1	1	97.7	86.0		LRIG2	66.9	5.0
LRIT1	sonnet_dual_triage	1	623.0	505	1	1	0	1	1	0	0	1	1	92.3	79.0		LRIT3	40.2	2.0
LRIT2	sonnet_dual_triage	1	550.0	442	1	1	0	1	1	1	0	1	1	94.2	71.3	2.0	LRRC3B	40.6	2.0
LRIT3	sonnet_dual_triage	1	679.0	563	1	1	0	1	1	0	0	1	1	95.1	71.7		LRIT1	40.2	2.0
LRP1	sonnet_dual_triage	1	4544.0	4404	1	1	0	1	1	0	1	1	1	99.3	98.0		LRP1B	61.6	2.0
LRP10	sonnet_dual_triage	1	713.0	424	1	1	0	1	1	0	0	1	1	97.5	87.7		LRP1B	50.5	2.0
LRP11	sonnet_dual_triage	1	500.0	414	1	1	0	1	1	0	1	1	0	55.2	68.6		SPINT4	36.0	4.0
LRP12	sonnet_dual_triage	1	859.0	460	1	1	0	1	1	0	0	1	1	98.6	92.7		LRP2	49.1	3.0
LRP1B	sonnet_dual_triage	1	4599.0	4423	1	1	0	1	1	0	0	1	1	98.5	91.7		LRP1	61.6	6.0
LRP2	sonnet_dual_triage	1	4655.0	4399	1	1	0	1	1	0	0	1	1	98.0	76.8		LRP3	49.7	7.0
LRP3	sonnet_dual_triage	1	770.0	463	1	1	0	1	0	0	0	1	1		93.1		LRP2	49.7	1.0
LRP4	sonnet_dual_triage	1	1905.0	1705	1	1	0	1	1	0	0	1	1	99.2	96.9		LRP1	44.8	4.0
LRP5	sonnet_dual_triage	1	1615.0	1355	1	1	0	1	0	0	0	1	1		94.1		LRP6	72.5	5.0
LRP6	sonnet_dual_triage	1	1613.0	1354	1	1	0	1	1	0	0	1	1	99.0	98.0		LRP5	72.5	6.0
LRP8	sonnet_dual_triage	1	963.0	793	1	1	0	1	1	0	0	1	1	83.4	90.0		LDLR	51.6	5.0
LRRC15	sonnet_dual_triage	1	581.0	519	1	1	0	1	1	0	0	1	0	97.9	81.8		LRTM1	34.0	1.0
LRRC17	sonnet_dual_triage	0	441.0	423	1	1	1	1	1	0	0	0	0	98.6	88.0		LRRC3	35.5	
LRRC19	sonnet_dual_triage	1	370.0	246	1	1	0	1	1	0	0	1	0	94.9	70.0		FLRT1	37.8	1.0
LRRC24	sonnet_dual_triage	1	513.0	383	1	1	0	1	0	0	0	1	1		83.4		TRIL	42.3	2.0
LRRC26	sonnet_dual_triage	1	334.0	235	1	1	0	1	1	0	1	0	1	91.9	67.1		CHADL	46.4	
LRRC3	sonnet_dual_triage	1	257.0	172	1	1	0	1	1	0	0	0	1	96.1	80.2		IGFALS	48.3	
LRRC32	sonnet_dual_triage	1	662.0	610	1	1	0	1	1	0	0	1	1	97.3	79.6		LRRC3C	43.6	2.0
LRRC37A	sonnet_dual_triage	1	1700.0	1543	1	1	0	0	0	0	0	1	1				LRRC37A2	99.4	3.0
LRRC37B	sonnet_dual_triage	1	947.0	878	1	1	0	0	0	0	0	1	1				LRRC37A	75.1	2.0
LRRC3C	sonnet_dual_triage	1	275.0	181	1	1	0	1	1	0	0	0	1	93.1	78.2		NRROS	44.2	
LRRC4	sonnet_dual_triage	1	653.0	489	1	1	0	1	1	0	0	0	1	90.2	97.7		LRRC4B	65.4	
LRRC4B	sonnet_dual_triage	1	713.0	541	1	1	0	1	0	0	0	1	1		96.4		LRRC4C	70.4	2.0
LRRC4C	sonnet_dual_triage	1	640.0	483	1	1	0	1	1	0	0	0	1	100.0	99.7		LRRC4B	70.4	
LRRC51	sonnet_dual_triage	0	192.0	0	0	0	0	1	0	0	0	0	0		85.9				
LRRC52	sonnet_dual_triage	1	313.0	222	1	1	0	1	1	0	0	1	1	89.5	73.8		CHADL	42.8	2.0
LRRC53	sonnet_dual_triage	1	1247.0	281	1	1	0	0	1	0	0	0	0	93.0			TLR7	38.1	
LRRC70	sonnet_dual_triage	1	622.0	495	1	1	0	0	0	0	0	0	0				SLIT1	39.2	
LRRC8A	sonnet_dual_triage	4	810.0	105	0	0	0	1	0	0	0	0	1		99.0		LRRC8B	46.5	
LRRC8B	sonnet_dual_triage	4	803.0	101	0	0	0	1	1	0	0	0	1	99.5	93.6		LRRC8A	46.5	
LRRC8C	sonnet_dual_triage	4	803.0	111	0	0	0	1	1	0	0	0	1	99.8	97.4		LRRC8E	58.2	
LRRC8D	sonnet_dual_triage	4	858.0	145	0	0	0	1	1	0	0	0	1	99.3	96.0		LRRC8E	44.9	
LRRC8E	sonnet_dual_triage	4	796.0	98	0	0	0	1	1	0	0	0	1	98.0	90.3		LRRC8C	58.2	
LRRFIP1	sonnet_dual_triage	0	808.0	0	0	0	0	0	0	0	0	0	0						
LRRN1	sonnet_dual_triage	1	716.0	606	1	1	0	1	1	0	0	1	1	99.0	95.5		LRRN3	58.1	2.0
LRRN2	sonnet_dual_triage	1	713.0	611	1	1	0	1	1	0	0	1	1	99.2	90.0		LRRN1	54.8	4.0
LRRN3	sonnet_dual_triage	1	708.0	606	1	1	0	1	0	0	0	1	1		87.9		LRRN1	58.1	2.0
LRRN4	sonnet_dual_triage	1	740.0	664	1	1	0	1	1	0	0	1	1	72.2	64.2		LRRN4CL	40.6	1.0
LRRN4CL	sonnet_dual_triage	1	238.0	175	1	1	0	1	1	0	0	1	1	81.9	68.1		LRRN4	40.6	1.0
LRRTM1	sonnet_dual_triage	1	522.0	391	1	1	0	1	1	0	0	0	1	78.0	97.1		LRRTM4	50.6	
LRRTM2	sonnet_dual_triage	1	516.0	389	1	1	0	1	1	0	0	1	0	100.0	98.1		LRIG2	36.2	2.0
LRRTM3	sonnet_dual_triage	1	581.0	389	1	1	0	1	1	0	0	1	1	100.0	97.6		LRRTM4	63.2	2.0
LRRTM4	sonnet_dual_triage	1	590.0	394	1	1	0	1	1	0	0	1	1	99.0	94.6		LRRTM3	63.2	2.0
LRTM1	sonnet_dual_triage	1	345.0	268	1	1	0	1	1	0	0	1	1	93.0	66.4		PODN	40.3	1.0
LRTM2	sonnet_dual_triage	1	370.0	275	1	1	0	1	1	0	0	1	1	97.8	92.2		SLIT3	45.8	1.0
LRTM3	sonnet_dual_triage	1	7081.0	37	0	1	0	0	0	0	0	0	0						
LSAMP	sonnet_dual_triage	0	338.0	307	1	1	1	1	1	1	0	1	1	95.0	98.5	2.0	NEGR1	56.7	4.0
LSMEM1	sonnet_dual_triage	1	131.0	48	0	0	1	1	1	0	1	1	0	96.9	81.7				1.0
LSMEM2	sonnet_dual_triage	1	164.0	46	0	0	1	1	1	0	0	0	0	88.4	75.6				
LSR	sonnet_dual_triage	2	649.0	180	0	0	0	1	1	0	1	0	1	94.5	77.9		ILDR2	48.5	
LST1	sonnet_dual_triage	1	97.0	11	0	1	0	1	0	0	1	0	0		52.6				
LTA	sonnet_dual_triage	0	205.0	171	1	1	1	1	1	1	0	0	0	97.6	72.2	3.0	LTB	33.9	
LTB	sonnet_dual_triage	1	244.0	201	0	0	1	1	1	1	1	0	0	97.1	75.4	3.0	TNFSF14	35.2	
LTB4R	sonnet_dual_triage	7	352.0	80	0	1	0	0	0	1	0	0	0			2.0	UTS2R	35.3	
LTB4R2	sonnet_dual_triage	7	358.0	78	0	1	0	1	0	0	0	0	1		92.5		UTS2R	40.8	
LTBR	sonnet_dual_triage	1	435.0	198	1	1	0	1	1	0	0	1	0	93.1	65.1		TNFRSF1B	37.9	2.0
LTK	sonnet_dual_triage	1	864.0	406	1	1	0	1	1	0	1	0	1	89.4	78.9		ALK	52.0	
LVRN	sonnet_dual_triage	1	990.0	954	0	0	1	1	1	0	1	0	0	93.9	67.5		ANPEP	37.9	
LY6D	sonnet_dual_triage	0	128.0	108	1	1	1	1	0	0	0	0	1		59.4		LYNX1	41.7	
LY6E	sonnet_dual_triage	0	131.0	111	1	1	1	1	0	0	0	1	0		61.1		PSCA	38.8	3.0
LY6G5B	sonnet_dual_triage	0	201.0	183	1	1	1	1	0	0	0	0	0		61.2				
LY6G5C	sonnet_dual_triage	0	150.0	109	1	1	1	1	1	0	0	0	0	88.0	67.3				
LY6G6C	sonnet_dual_triage	0	125.0	107	1	1	1	1	1	0	0	1	0	98.4	84.8				1.0
LY6G6D	sonnet_dual_triage	0	133.0	114	1	1	1	1	0	0	0	1	0		63.2		LY6G6F	29.8	1.0
LY6G6F	sonnet_dual_triage	1	297.0	217	1	1	0	1	1	0	1	1	0	95.3	66.0		LY6G6D	29.8	2.0
LY6H	sonnet_dual_triage	0	140.0	115	1	1	1	1	1	0	0	1	0	95.0	89.4		LY6S	37.0	2.0
LY6K	sonnet_dual_triage	0	165.0	148	1	1	1	0	1	0	0	1	0	83.0			GML	28.4	2.0
LY6L	sonnet_dual_triage	0	138.0	121	1	1	1	0	1	0	0	0	0	84.1			LY6S	36.1	
LY6S	sonnet_dual_triage	0	134.0	108	1	1	1	0	0	0	0	0	0				LY6H	37.0	
LY75	sonnet_dual_triage	1	1722.0	1642	1	1	0	1	1	0	0	1	0	92.0	76.9		PLA2R1	37.7	6.0
LY86	sonnet_dual_triage	0	162.0	142	1	1	1	1	0	0	0	0	0		66.7				
LY9	sonnet_dual_triage	1	655.0	409	1	1	0	1	0	1	0	1	0		54.8	2.0	CD84	39.7	4.0
LY96	sonnet_dual_triage	0	160.0	142	1	1	1	1	1	0	0	0	0	93.1	62.5				
LYG1	sonnet_dual_triage	0	194.0	175	1	1	1	1	1	0	0	0	1	92.8	70.6		LYG2	41.7	
LYNX1	sonnet_dual_triage	0	116.0	96	1	1	1	0	0	0	0	0	1				LY6D	41.7	
LYPD1	sonnet_dual_triage	0	141.0	121	1	1	1	1	1	0	0	1	0	98.6	93.6		LYPD2	37.9	1.0
LYPD2	sonnet_dual_triage	0	125.0	103	1	1	1	1	1	0	0	1	1	76.8	67.2		SLURP1	43.2	1.0
LYPD3	sonnet_dual_triage	0	346.0	316	1	1	1	1	1	0	0	1	0	80.9	74.3		LYPD5	32.3	2.0
LYPD4	sonnet_dual_triage	0	246.0	220	1	1	1	1	1	0	0	1	0	95.5	69.5		CD177	34.5	1.0
LYPD5	sonnet_dual_triage	0	251.0	226	1	1	1	1	1	0	0	1	0	95.2	70.5		LYPD3	32.3	1.0
LYPD6	sonnet_dual_triage	0	171.0	149	1	1	1	1	1	0	0	0	1	99.4	94.7		LYPD6B	41.7	
LYPD6B	sonnet_dual_triage	0	183.0	144	1	1	1	1	1	0	0	1	1	96.6	72.5		LYPD6	41.7	2.0
LYPD8	sonnet_dual_triage	0	237.0	218	1	1	1	0	1	0	0	1	0	86.5			PINLYP	28.1	1.0
LYSMD3	sonnet_dual_triage	1	306.0	68	0	0	1	1	1	0	1	0	0	97.7	80.1		LYSMD4	25.0	
LYVE1	sonnet_dual_triage	1	322.0	215	1	1	0	1	1	0	0	0	0	94.1	68.6		CD44	38.1	
LYZL1	sonnet_dual_triage	0	148.0	129	1	1	1	0	0	0	0	0	1				LYZL2	96.9	
LYZL4	sonnet_dual_triage	0	146.0	127	1	1	1	1	1	0	0	0	1	95.9	69.9		SPACA3	48.8	
LYZL6	sonnet_dual_triage	0	148.0	129	1	1	1	1	1	0	0	0	1	68.9	70.9		SPACA5B	47.3	
M6PR	sonnet_dual_triage	1	277.0	164	1	1	0	1	1	1	0	1	0	99.3	92.1	2.0			1.0
MADCAM1	sonnet_dual_triage	1	382.0	303	1	1	0	0	1	0	1	0	0	77.0					
MADD	sonnet_dual_triage	0	1647.0	0	0	0	0	1	1	0	0	0	0	95.1	94.3				
MAEA	sonnet_dual_triage	0	396.0	0	0	0	0	1	1	0	0	0	0	95.2	98.7				
MAG	sonnet_dual_triage	1	626.0	495	1	1	0	1	1	0	0	1	0	97.6	94.4		SIGLECL1	37.4	3.0
MAGI3	sonnet_dual_triage	0	1481.0	0	0	0	0	1	1	0	0	0	0	97.1	71.6				
MAGT1	sonnet_dual_triage	4	335.0	209	1	1	1	1	1	0	1	0	1	98.5	93.7		TUSC3	76.6	
MALL	sonnet_dual_triage	4	153.0	24	0	0	0	1	1	0	0	0	1	91.5	85.0		MAL2	41.7	
MALRD1	sonnet_dual_triage	1	2156.0	2044	1	1	0	1	1	0	0	1	0	92.8	71.5		MAMDC2	37.0	5.0
MAMDC4	sonnet_dual_triage	1	1216.0	1136	1	1	0	1	1	0	1	1	0	80.4	73.3		MALRD1	32.8	1.0
MAN2B1	sonnet_dual_triage	0	1011.0	962	1	1	1	1	1	0	0	0	0	88.1	75.6		MAN2A2	31.9	
MANF	sonnet_dual_triage	0	182.0	158	1	1	1	1	1	0	0	0	1	97.8	96.2		CDNF	63.3	
MANSC4	sonnet_dual_triage	1	340.0	262	1	1	0	1	1	1	0	1	0	89.4	61.5	2.0	MANSC1	27.5	1.0
MARCKS	sonnet_dual_triage	0	332.0	0	0	0	0	1	0	0	0	0	0		69.9				
MARCO	sonnet_dual_triage	1	520.0	455	0	0	1	1	1	0	1	0	0	91.9	67.7		MSR1	34.2	
MARCOL	sonnet_dual_triage	0	285.0	266	1	1	1	0	0	0	0	0	0						
MARVELD1	sonnet_dual_triage	4	173.0	31	0	0	0	1	0	0	0	0	0		88.4		PLP2	33.3	
MAS1	sonnet_dual_triage	7	325.0	79	0	1	0	1	1	0	0	0	0	98.5	90.2		MRGPRE	26.5	
MAS1L	sonnet_dual_triage	7	378.0	110	0	1	0	0	0	0	0	0	0				MRGPRF	31.2	
MASP2	sonnet_dual_triage	0	686.0	671	1	1	1	1	1	0	0	0	1	95.3	81.5		PRRG2	44.6	
MBLAC2	sonnet_dual_triage	0	279.0	0	0	0	0	1	1	0	0	0	0	81.4	96.8				
MC1R	sonnet_dual_triage	7	317.0	76	0	1	0	1	1	0	0	0	0	92.7	75.7		MC4R	29.2	
MC2R	sonnet_dual_triage	7	297.0	61	0	1	0	1	0	0	0	0	0		88.6		GPR6	34.0	
MC3R	sonnet_dual_triage	7	323.0	76	0	1	0	1	1	0	0	0	0	94.1	88.9		MC5R	37.7	
MC4R	sonnet_dual_triage	7	332.0	74	0	1	0	1	1	0	0	0	0	98.5	94.0		MC5R	39.7	
MC5R	sonnet_dual_triage	7	325.0	73	0	1	0	1	0	0	0	0	0		80.3		MC4R	39.7	
MCAM	sonnet_dual_triage	1	646.0	536	1	1	0	1	1	0	1	1	0	94.3	76.5		AGER	33.1	2.0
MCC	sonnet_dual_triage	0	829.0	0	0	0	0	1	1	0	0	0	0	98.6	93.4				
MCEMP1	sonnet_dual_triage	1	187.0	81	0	0	1	0	1	0	0	0	0	82.2					
MCHR1	sonnet_dual_triage	7	353.0	95	0	1	0	1	1	0	0	0	0	98.9	96.0		MCHR2	33.3	
MCHR2	sonnet_dual_triage	7	340.0	87	0	1	0	0	1	0	0	0	0	97.6			MCHR1	33.3	
MCOLN1	sonnet_dual_triage	6	580.0	266	0	0	0	1	1	1	0	0	1	98.4	91.4	4.0	MCOLN3	55.6	
MCOLN2	sonnet_dual_triage	6	566.0	255	0	0	0	1	1	1	0	0	1	94.7	79.5	4.0	MCOLN3	53.2	
MDGA1	sonnet_dual_triage	0	955.0	937	1	1	1	1	1	0	0	1	1	96.3	96.3		MDGA2	53.4	6.0
MDGA2	sonnet_dual_triage	0	956.0	936	1	1	1	1	1	0	0	1	1	99.5	97.1		MDGA1	53.4	5.0
MEGF10	sonnet_dual_triage	1	1140.0	832	1	1	0	1	1	0	1	1	1	98.7	94.6		MEGF11	68.5	7.0
MEGF11	sonnet_dual_triage	1	1044.0	831	1	1	0	1	1	0	0	1	1	98.0	85.9		MEGF10	68.5	5.0
MEGF6	sonnet_dual_triage	0	1541.0	1511	1	1	1	1	1	0	0	0	1	89.0	78.1		MEGF11	46.3	
MEGF8	sonnet_dual_triage	1	2845.0	2620	1	1	0	1	1	0	0	1	1	96.0	94.0		TMEFF2	46.4	7.0
MEGF9	sonnet_dual_triage	1	602.0	485	1	1	0	1	1	0	0	1	1	88.7	79.1		HSPG2	46.0	3.0
MELTF	sonnet_dual_triage	0	738.0	719	1	1	1	1	1	0	0	1	1	91.9	83.7		SRPRB	57.1	3.0
MEP1A	sonnet_dual_triage	1	746.0	697	1	1	0	0	1	1	0	1	1	95.4		2.0	MEP1B	47.3	2.0
MEP1B	sonnet_dual_triage	1	701.0	630	1	1	0	1	1	1	0	1	1	94.2	77.6	2.0	MEP1A	47.3	2.0
MERTK	sonnet_dual_triage	1	999.0	478	1	1	0	1	1	0	0	1	0	96.0	81.1		ROS1	36.0	2.0
MET	sonnet_dual_triage	1	1390.0	909	1	1	0	1	1	0	1	1	0	98.1	88.9		ROR1	32.9	2.0
METRN	sonnet_dual_triage	0	293.0	270	1	1	1	1	1	0	0	0	1	92.8	80.5		METRNL	48.1	
METRNL	sonnet_dual_triage	0	311.0	266	1	1	1	1	1	0	0	0	1	95.5	77.2		METRN	48.1	
MFAP3	sonnet_dual_triage	1	362.0	127	1	1	0	1	1	0	0	0	1	98.9	80.7		MFAP3L	42.1	
MFAP3L	sonnet_dual_triage	1	409.0	121	1	1	0	1	1	0	1	0	1	94.4	90.0		MFAP3	42.1	
MFGE8	sonnet_dual_triage	0	387.0	364	1	1	1	1	1	0	0	0	1	96.1	61.5		EDIL3	54.7	
MFRP	sonnet_dual_triage	1	579.0	489	0	0	1	1	1	0	0	1	1	95.9	69.8		CUBN	44.2	2.0
MFSD2A	sonnet_dual_triage	12	543.0	176	0	1	1	1	1	0	1	0	0	97.0	85.1		MFSD12	22.5	
MFSD2B	sonnet_dual_triage	12	504.0	83	0	0	0	1	1	0	0	0	0	95.6	81.9		MFSD12	18.5	
MFSD6	sonnet_dual_triage	12	791.0	192	0	0	0	1	1	0	0	0	0	98.5	88.0		MFSD6L	27.1	
MFSD6L	sonnet_dual_triage	12	586.0	197	0	0	0	1	1	0	0	0	0	91.8	67.6		MFSD6	27.1	
MFSD8	sonnet_dual_triage	12	518.0	120	0	0	0	1	1	0	1	0	0	94.6	81.7		SLC71A2	20.8	
MGAM	sonnet_dual_triage	1	2753.0	2719	0	0	1	1	1	0	0	0	1	65.0	79.9		SI	60.0	
MGAM2	sonnet_dual_triage	1	2515.0	2485	0	0	1	1	1	0	0	0	1	92.0	59.4		SI	56.5	
MICA	sonnet_dual_triage	1	383.0	284	1	1	0	0	0	0	0	1	1				MICB	86.3	2.0
MICB	sonnet_dual_triage	1	383.0	289	1	1	0	0	0	0	1	1	1				MICA	86.3	2.0
MIF	sonnet_dual_triage	0	115.0	0	0	0	0	1	1	1	0	0	0	100.0	89.6	3.0			
MIGA1	sonnet_dual_triage	0	632.0	0	0	0	0	1	1	0	0	0	0	99.2	84.8				
MIGA2	sonnet_dual_triage	0	593.0	0	0	0	0	1	0	0	0	0	0		92.6				
MILR1	sonnet_dual_triage	1	343.0	209	1	1	0	0	1	0	0	1	0	90.7			FCRL5	39.7	2.0
MINAR1	sonnet_dual_triage	1	916.0	4	0	0	1	1	1	0	0	0	0	92.1	90.0		MINAR2	0.0	
MIP	sonnet_dual_triage	6	263.0	56	0	0	0	1	1	1	0	0	1	97.3	93.2	4.0	AQP4	53.8	
MLC1	sonnet_dual_triage	8	377.0	78	0	0	0	1	1	1	1	0	0	74.8	89.1	2.0			
MLKL	sonnet_dual_triage	0	471.0	0	0	0	0	1	1	1	0	0	0	90.9	61.4	2.0			
MLNR	sonnet_dual_triage	7	412.0	139	0	1	0	0	0	0	1	0	0				GHSR	39.2	
MMD	sonnet_dual_triage	7	238.0	46	0	0	1	1	1	0	0	0	1	100.0	99.2		MMD2	60.5	
MME	sonnet_dual_triage	1	750.0	702	0	0	1	1	1	1	0	0	1	98.9	94.1	2.0	MMEL1	54.8	
MMEL1	sonnet_dual_triage	1	779.0	733	0	0	1	1	1	1	0	1	1	97.3	77.0	2.0	MME	54.8	3.0
MMP14	sonnet_dual_triage	1	582.0	513	1	1	0	1	1	0	0	1	1	99.0	96.6		MMP15	61.4	2.0
MMP15	sonnet_dual_triage	1	669.0	581	1	1	0	1	1	0	0	0	1	86.2	87.3		MMP14	61.4	
MMP16	sonnet_dual_triage	1	607.0	528	1	1	0	1	1	0	1	1	1	100.0	98.0		MMP24	69.7	1.0
MMP17	sonnet_dual_triage	0	603.0	565	1	1	1	1	1	0	0	1	1	82.8	81.9		MMP25	49.7	1.0
MMP2	sonnet_dual_triage	0	660.0	631	1	1	1	1	1	0	0	0	1	99.8	95.9		MMP7	54.4	
MMP23B	sonnet_dual_triage	0	390.0	352	1	1	1	1	1	0	0	0	0	80.8	84.1		MMP24	36.9	
MMP24	sonnet_dual_triage	1	645.0	550	1	1	0	1	1	0	0	0	1	96.6	91.2		MMP16	69.7	
MMP25	sonnet_dual_triage	0	562.0	541	1	1	1	1	0	0	0	1	1		75.4		MMP17	49.7	3.0
MMP26	sonnet_dual_triage	0	261.0	244	1	1	1	0	1	0	0	0	1	92.7			MMP12	46.3	
MMP27	sonnet_dual_triage	0	513.0	496	1	1	1	1	1	0	0	0	1	96.5	76.4		MMP10	52.3	
MMP28	sonnet_dual_triage	0	520.0	498	1	1	1	1	1	0	0	0	0	95.0	84.8		MMP7	38.4	
MMP7	sonnet_dual_triage	0	267.0	250	1	1	1	1	1	0	0	0	1	97.4	69.3		MMP2	54.4	
MMP8	sonnet_dual_triage	0	467.0	447	1	1	1	1	1	0	0	0	1	91.9	73.4		MMP1	58.8	
MMP9	sonnet_dual_triage	0	707.0	688	1	1	1	1	1	0	0	0	1	94.3	74.4		MMP2	51.5	
MMRN1	sonnet_dual_triage	0	1228.0	1209	1	1	1	1	1	0	0	0	0	93.7	65.7		MMRN2	27.2	
MOG	sonnet_dual_triage	3	247.0	127	1	1	0	1	1	0	1	0	1	96.4	84.6		BTN1A1	48.4	
MORF4L2	sonnet_dual_triage	0	288.0	0	0	0	0	1	0	0	0	0	0		95.1				
MOSMO	sonnet_dual_triage	4	167.0	64	0	0	0	1	1	1	1	0	0	99.4	100.0	2.0			
MOSPD2	sonnet_dual_triage	1	518.0	2	0	0	1	1	1	0	0	0	0	97.9	90.0				
MPEG1	sonnet_dual_triage	1	716.0	646	1	1	0	0	1	1	0	1	0	92.0		2.0			4.0
MPIG6B	sonnet_dual_triage	1	241.0	125	1	1	0	1	1	0	1	1	0	76.8	71.4				2.0
MPL	sonnet_dual_triage	1	635.0	472	1	1	0	1	1	0	0	1	0	96.5	81.1		IL4R	32.1	1.0
MPO	sonnet_dual_triage	0	745.0	697	1	1	1	1	1	0	0	0	1	96.1	83.2		EPX	70.3	
MPZ	sonnet_dual_triage	1	248.0	126	1	1	0	1	1	0	0	0	1	98.8	94.0		MPZL1	43.7	
MPZL1	sonnet_dual_triage	1	269.0	131	1	1	0	1	1	1	1	1	1	96.3	83.3	2.0	MPZ	43.7	1.0
MPZL2	sonnet_dual_triage	1	215.0	126	1	1	0	1	1	0	0	1	0	99.1	81.4		MPZL1	39.7	1.0
MPZL3	sonnet_dual_triage	1	235.0	127	1	1	0	1	0	0	1	0	0		87.7		MPZ	39.7	
MR1	sonnet_dual_triage	1	341.0	278	1	1	0	1	1	0	1	1	1	92.7	75.7		HLA-C	42.8	2.0
MRAP	sonnet_dual_triage	1	172.0	37	0	1	0	0	1	0	1	0	0	93.0					
MRAP2	sonnet_dual_triage	1	205.0	44	0	1	0	1	1	0	0	0	0	98.5	87.8				
MRC1	sonnet_dual_triage	1	1456.0	1371	1	1	0	1	1	0	1	1	1	98.0	82.0		CD302	45.3	4.0
MRC2	sonnet_dual_triage	1	1479.0	1384	1	1	0	1	1	0	0	1	1	96.3	90.8		CD302	42.6	5.0
MRGPRD	sonnet_dual_triage	7	321.0	71	0	1	0	1	1	0	0	0	0	88.5	59.5		MRGPRF	28.6	
MRGPRE	sonnet_dual_triage	7	312.0	71	0	1	0	1	1	0	0	0	0	95.5	73.4		MRGPRF	31.1	
MRGPRF	sonnet_dual_triage	7	343.0	84	0	1	0	1	1	0	0	0	0	97.7	86.0		MAS1L	32.5	
MRGPRG	sonnet_dual_triage	7	289.0	54	0	1	0	1	0	0	0	0	0		57.4		MAS1L	30.0	
MRGPRX1	sonnet_dual_triage	7	322.0	66	0	1	0	0	1	0	0	0	1	86.3			MRGPRX3	74.2	
MRGPRX2	sonnet_dual_triage	7	330.0	76	0	1	0	0	1	0	0	0	1	91.2			MRGPRX1	51.5	
MRGPRX3	sonnet_dual_triage	7	322.0	71	0	1	0	0	1	0	0	0	1	90.4			MRGPRX4	77.9	
MRGPRX4	sonnet_dual_triage	7	322.0	74	0	1	0	0	1	0	0	0	1	80.1			MRGPRX3	77.9	
MS4A1	sonnet_dual_triage	4	297.0	53	0	0	0	1	1	1	1	0	0	97.3	73.1	2.0	MS4A4A	30.6	
MS4A10	sonnet_dual_triage	4	267.0	43	0	0	0	0	1	1	0	0	0	60.7		2.0	MS4A18	26.1	
MS4A12	sonnet_dual_triage	4	267.0	31	0	0	0	1	1	1	0	0	0	82.0	51.3	2.0	MS4A6E	35.7	
MS4A13	sonnet_dual_triage	4	152.0	40	0	0	0	1	1	0	1	0	0	86.2	63.8		MS4A4E	35.3	
MS4A14	sonnet_dual_triage	4	679.0	35	0	0	0	0	1	0	1	0	0	86.2			MS4A6E	33.3	
MS4A15	sonnet_dual_triage	4	240.0	28	0	0	0	1	1	0	1	0	0	90.8	80.0		MS4A12	29.6	
MS4A18	sonnet_dual_triage	4	398.0	23	0	0	0	0	1	0	0	0	0	77.1			MS4A7	34.8	
MS4A2	sonnet_dual_triage	4	244.0	52	0	0	0	1	1	0	0	0	0	88.1	58.2		MS4A4E	29.4	
MS4A3	sonnet_dual_triage	4	214.0	42	0	0	0	1	0	1	1	0	0		56.5	2.0	MS4A7	31.7	
MS4A4A	sonnet_dual_triage	4	239.0	46	0	0	0	0	1	0	0	0	0	75.7			MS4A4E	35.3	
MS4A4E	sonnet_dual_triage	3	132.0	17	0	0	1	0	0	0	1	0	0				MS4A6E	37.5	
MS4A5	sonnet_dual_triage	4	200.0	28	0	0	0	1	1	1	0	0	0	94.0	68.5	2.0	MS4A7	35.7	
MS4A6A	sonnet_dual_triage	4	248.0	67	0	0	0	0	1	0	1	0	0	90.2			MS4A12	32.3	
MS4A6E	sonnet_dual_triage	2	147.0	47	0	0	0	0	0	0	0	0	1				MS4A8	40.0	
MS4A7	sonnet_dual_triage	4	240.0	65	0	0	0	0	1	1	1	0	0	92.9		2.0	MS4A6E	38.9	
MS4A8	sonnet_dual_triage	4	250.0	26	0	0	0	1	1	1	0	0	1	88.0	62.0	2.0	MS4A6E	40.0	
MSLN	sonnet_dual_triage	0	630.0	594	1	1	1	1	0	0	0	1	0		57.7		STRC	37.0	4.0
MSMP	sonnet_dual_triage	0	139.0	103	1	1	1	1	1	0	0	0	0	99.3	91.4		MSMB	23.4	
MSR1	sonnet_dual_triage	1	451.0	380	0	0	1	1	1	0	0	1	0	95.1	71.4		SCARA5	37.4	2.0
MST1R	sonnet_dual_triage	1	1400.0	935	1	1	0	1	1	0	1	1	0	95.9	74.3		FGFR3	36.2	2.0
MTDH	sonnet_dual_triage	1	582.0	49	0	1	0	1	0	0	0	0	0		91.1				
MTNR1A	sonnet_dual_triage	7	350.0	84	0	1	0	1	1	0	0	0	1	95.4	85.1		MTNR1B	53.6	
MTNR1B	sonnet_dual_triage	7	362.0	97	0	1	0	1	1	0	0	0	1	95.6	79.0		MTNR1A	53.6	
MTUS1	sonnet_dual_triage	0	1270.0	0	0	0	0	1	1	0	1	0	0	94.1	62.8				
MUC1	sonnet_dual_triage	1	1255.0	1139	1	1	0	0	1	0	1	1	0	51.4					1.0
MUC12	sonnet_dual_triage	1	5478.0	5361	1	1	0	0	0	0	0	0	0						
MUC13	sonnet_dual_triage	1	512.0	398	1	1	0	0	1	0	0	1	1	75.8			MUC17	43.2	1.0
MUC15	sonnet_dual_triage	1	334.0	214	1	1	0	1	1	0	1	0	0	88.9	55.4		F11R	24.3	
MUC16	sonnet_dual_triage	1	14507.0	14455	0	1	0	0	0	0	0	0	0						
MUC17	sonnet_dual_triage	1	4493.0	4364	1	1	0	0	1	0	1	1	1	66.9			MUC13	43.2	3.0
MUC20	sonnet_dual_triage	0	709.0	687	1	1	1	0	1	0	0	0	0	56.0					
MUC21	sonnet_dual_triage	1	566.0	459	1	1	0	0	1	0	0	0	0	58.8					
MUC22	sonnet_dual_triage	1	1773.0	1636	1	1	0	0	0	0	0	1	0						8.0
MUC3A	sonnet_dual_triage	1	3323.0	3207	1	1	0	0	0	0	1	0	1				MUC13	41.7	
MUC3B	sonnet_dual_triage	1	13477.0	13361	1	1	0	0	0	0	0	1	0						3.0
MUC4	sonnet_dual_triage	1	5412.0	5339	1	1	0	0	0	0	1	1	0				SUSD2	34.5	5.0
MUCL1	sonnet_dual_triage	0	90.0	71	1	1	1	0	1	0	0	0	0	77.8					
MUCL3	sonnet_dual_triage	1	517.0	419	1	1	0	0	0	0	0	0	0						
MUSK	sonnet_dual_triage	1	869.0	474	1	1	0	1	1	0	0	1	0	99.3	92.4		ROS1	32.7	1.0
MXRA5	sonnet_dual_triage	0	2828.0	2802	1	1	1	0	1	0	0	0	1	89.7			ROBO4	41.0	
MXRA8	sonnet_dual_triage	1	442.0	317	1	1	0	1	0	0	0	1	0		78.5		VSIR	30.1	2.0
MYADM	sonnet_dual_triage	8	322.0	73	0	0	0	1	1	0	0	0	0	98.1	83.9		MYADML2	31.3	
MYDGF	sonnet_dual_triage	0	173.0	142	1	1	1	1	1	0	0	0	0	86.1	83.2				
MYH9	sonnet_dual_triage	0	1960.0	0	0	0	0	1	1	0	0	0	0	99.8	97.1				
MYMK	sonnet_dual_triage	7	221.0	31	0	1	0	1	1	1	0	0	1	99.1	88.7	2.0	TMEM8B	50.0	
MYMX	sonnet_dual_triage	0	84.0	0	0	0	0	1	0	0	0	0	0		78.6				
MYO18A	sonnet_dual_triage	0	115.0	0	0	0	0	1	1	0	0	0	0	98.1	73.7				
MYOC	sonnet_dual_triage	0	504.0	472	1	1	1	1	1	1	0	0	0	96.6	79.6	2.0	OLFM2	34.1	
MYOF	sonnet_dual_triage	1	2061.0	15	0	0	1	1	1	0	1	0	1	99.1	94.0		DYSF	57.1	
NAAA	sonnet_dual_triage	0	359.0	331	1	1	1	1	1	0	0	0	0	94.7	76.0		ASAH1	36.6	
NAALAD2	sonnet_dual_triage	1	740.0	709	0	0	1	1	1	1	0	0	1	96.1	88.1	2.0	FOLH1	70.3	
NAALADL1	sonnet_dual_triage	1	740.0	716	0	0	1	1	0	1	1	1	1		81.6	2.0	NAALAD2	40.5	2.0
NAALADL2	sonnet_dual_triage	1	795.0	649	0	0	1	1	1	1	0	0	0	94.8	78.0	2.0	NAALADL1	29.6	
NAIF1	sonnet_dual_triage	0	327.0	0	0	0	0	1	0	1	0	0	0		93.9	2.0			
NALCN	sonnet_dual_triage	24	1738.0	394	0	0	0	1	1	0	1	1	0	99.7	98.7		CACNA1E	31.4	1.0
NALF1	sonnet_dual_triage	1	458.0	406	0	0	1	1	1	0	0	0	1	99.1	73.6		NALF2	41.6	
NALF2	sonnet_dual_triage	1	472.0	414	0	0	1	1	1	0	0	0	1	97.0	93.9		NALF1	41.6	
NAMPT	sonnet_dual_triage	0	491.0	0	0	0	0	1	1	1	0	0	0	94.5	95.7	2.0			
NAPRT	sonnet_dual_triage	0	538.0	0	0	0	0	1	1	1	0	0	0	96.7	83.8	2.0			
NCAM1	sonnet_dual_triage	1	858.0	704	1	1	0	1	1	0	1	1	1	97.9	93.8		NCAM2	45.3	3.0
NCAM2	sonnet_dual_triage	1	837.0	685	1	1	0	1	1	1	1	1	1	98.4	93.7	2.0	NCAM1	45.3	3.0
NCMAP	sonnet_dual_triage	1	102.0	30	0	1	0	1	1	0	0	0	0	96.1	78.4				
NCR1	sonnet_dual_triage	1	304.0	234	1	1	0	1	1	0	0	1	1	85.9	61.2		LILRB3	45.7	2.0
NCR2	sonnet_dual_triage	1	276.0	172	1	1	0	0	1	0	0	1	0	89.9			TREML4	39.5	1.0
NCR3	sonnet_dual_triage	1	201.0	121	1	1	0	0	1	0	0	1	1	68.7			NECTIN2	41.3	1.0
NCR3LG1	sonnet_dual_triage	1	454.0	240	1	1	0	0	0	0	0	1	0				TAPBPL	28.3	1.0
NCSTN	sonnet_dual_triage	1	709.0	633	1	1	0	1	1	0	0	1	0	94.5	88.7				2.0
NDNF	sonnet_dual_triage	0	568.0	549	1	1	1	1	1	0	0	0	0	98.1	87.5				
NECTIN1	sonnet_dual_triage	1	517.0	325	1	1	0	1	1	1	1	0	1	89.7	94.6	2.0	SMAGP	45.7	
NECTIN2	sonnet_dual_triage	1	538.0	329	1	1	0	1	1	1	0	0	1	96.5	74.0	2.0	PVR	54.3	
NECTIN3	sonnet_dual_triage	1	549.0	349	1	1	0	1	1	1	1	0	1	99.5	68.3	2.0	SMAGP	45.7	
NECTIN4	sonnet_dual_triage	1	510.0	318	1	1	0	1	1	1	0	0	0	99.4	91.8	2.0	NECTIN3	35.8	
NEGR1	sonnet_dual_triage	0	354.0	321	1	1	1	1	1	1	0	1	1	98.6	94.1	2.0	LSAMP	56.7	4.0
NELL1	sonnet_dual_triage	0	810.0	789	1	1	1	1	1	0	0	0	1	98.5	93.3		NELL2	56.8	
NELL2	sonnet_dual_triage	0	816.0	795	1	1	1	1	1	0	0	0	1	97.3	94.0		NELL1	56.8	
NENF	sonnet_dual_triage	0	172.0	141	1	1	1	1	1	0	0	0	0	83.7	90.7				
NEO1	sonnet_dual_triage	1	1461.0	1072	1	1	0	1	1	0	0	1	1	98.6	94.5		DCC	55.1	4.0
NETO1	sonnet_dual_triage	1	533.0	321	1	1	0	1	1	0	1	1	1	99.6	95.7		NETO2	66.4	1.0
NETO2	sonnet_dual_triage	1	525.0	323	1	1	0	1	1	0	0	1	1	99.6	95.0		NETO1	66.4	2.0
NEU1	sonnet_dual_triage	0	415.0	368	1	1	1	1	1	0	0	0	0	97.1	81.7				
NEU3	sonnet_dual_triage	0	428.0	0	0	0	0	1	1	0	0	0	0	97.2	62.0				
NEU4	sonnet_dual_triage	0	484.0	0	0	0	0	1	1	0	0	0	0	95.5	71.5				
NFAM1	sonnet_dual_triage	1	270.0	122	1	1	0	0	1	0	0	1	0	83.3					1.0
NFASC	sonnet_dual_triage	1	1347.0	1193	1	1	0	1	1	0	1	1	1	99.3	96.2		NRCAM	47.9	5.0
NGFR	sonnet_dual_triage	1	427.0	223	1	1	0	1	1	0	0	1	0	98.8	91.8		TNFRSF4	35.1	1.0
NINJ1	sonnet_dual_triage	3	152.0	26	0	0	1	1	1	0	0	0	0	98.0	87.5		NINJ2	33.3	
NINJ2	sonnet_dual_triage	3	142.0	27	0	0	1	1	1	0	0	0	0	93.7	73.2		NINJ1	33.3	
NIPA1	sonnet_dual_triage	9	329.0	83	0	1	0	1	1	1	1	0	0	98.2	97.0	2.0	NIPA2	33.9	
NIPA2	sonnet_dual_triage	9	360.0	58	0	1	0	1	1	1	0	0	1	98.6	95.6	2.0	NIPAL1	57.4	
NIPAL3	sonnet_dual_triage	9	406.0	86	0	1	0	1	1	0	1	0	0	97.8	90.1		NIPAL2	36.1	
NIPAL4	sonnet_dual_triage	9	404.0	104	0	1	0	1	1	1	0	0	1	98.8	84.9	2.0	NIPA2	57.1	
NKAIN2	sonnet_dual_triage	4	208.0	71	0	0	0	1	1	0	0	0	1	100.0	97.6		NKAIN1	67.1	
NKAIN3	sonnet_dual_triage	4	197.0	68	0	0	0	1	1	0	0	0	1	86.2	79.8		NKAIN1	57.4	
NKG7	sonnet_dual_triage	4	165.0	53	0	0	0	1	1	0	0	0	0	87.3	69.7		CLDND2	30.2	
NKTR	sonnet_dual_triage	0	1462.0	0	0	0	0	1	1	0	0	0	0	95.7	79.3				
NLGN1	sonnet_dual_triage	1	863.0	670	1	1	0	1	1	1	0	1	1	96.9	95.8	2.0	NLGN4X	75.4	1.0
NLGN2	sonnet_dual_triage	1	835.0	663	1	1	0	1	1	1	0	1	1	91.6	98.3	2.0	NLGN4X	71.2	2.0
NLGN3	sonnet_dual_triage	1	848.0	672	1	1	0	1	1	1	0	1	1	99.9	98.6	2.0	NLGN4X	77.8	2.0
NLGN4X	sonnet_dual_triage	1	816.0	635	1	1	0	0	0	1	0	1	1			2.0	NLGN4Y	98.3	1.0
NLGN4Y	sonnet_dual_triage	1	816.0	635	1	1	0	0	1	1	1	1	1	97.4		2.0	NLGN4X	98.3	1.0
NMBR	sonnet_dual_triage	7	390.0	106	0	1	0	1	1	0	0	0	0	96.2	90.5		GRPR	38.4	
NMRK2	sonnet_dual_triage	0	230.0	0	0	0	0	1	1	0	0	0	0	73.0	72.2				
NMUR1	sonnet_dual_triage	7	426.0	119	0	1	0	1	1	0	0	0	0	92.0	72.5		NMUR2	36.5	
NMUR2	sonnet_dual_triage	7	415.0	104	0	1	0	1	1	0	0	0	0	93.3	75.9		NMUR1	36.5	
NOTCH1	sonnet_dual_triage	1	2555.0	1717	1	1	0	1	1	0	0	1	1	91.8	90.6		NOTCH2	58.4	5.0
NOTCH2	sonnet_dual_triage	1	2471.0	1652	1	1	0	1	1	0	0	1	1	99.1	92.6		NOTCH2NLA	94.5	12.0
NOTCH2NLB	sonnet_dual_triage	0	275.0	250	1	1	1	0	0	0	0	0	1				NOTCH2NLA	99.6	
NOTCH2NLC	sonnet_dual_triage	0	293.0	293	0	1	1	0	0	0	0	0	1				NOTCH2NLA	100.0	
NOTCH2NLR	sonnet_dual_triage	0	274.0	249	1	1	1	0	0	0	0	0	1				NOTCH2	93.2	
NOTCH3	sonnet_dual_triage	1	2321.0	1603	1	1	0	1	0	0	0	1	1		91.0		NOTCH1	55.4	16.0
NOTCH4	sonnet_dual_triage	1	2003.0	1424	1	1	0	0	0	0	1	1	1				DLL4	44.8	10.0
NOTUM	sonnet_dual_triage	0	496.0	474	1	1	1	1	1	0	0	0	0	91.9	90.7				
NOX1	sonnet_dual_triage	6	564.0	117	0	0	0	1	1	0	0	0	0	95.0	84.0		NOX3	39.4	
NOX3	sonnet_dual_triage	6	568.0	110	0	0	0	1	1	0	0	0	1	95.8	80.6		CYBB	45.5	
NOX5	sonnet_dual_triage	6	765.0	41	0	0	0	0	1	0	0	0	1	92.3			DUOX1	46.4	
NPBWR1	sonnet_dual_triage	7	328.0	89	0	1	0	1	0	0	0	0	1		84.8		NPBWR2	48.3	
NPBWR2	sonnet_dual_triage	7	333.0	99	0	1	0	0	1	0	0	0	1	94.9			NPBWR1	48.3	
NPC1L1	sonnet_dual_triage	13	1359.0	831	1	1	0	1	1	0	1	1	1	95.0	77.3		NPC1	40.5	1.0
NPC2	sonnet_dual_triage	0	151.0	132	1	1	1	1	1	0	0	0	0	98.7	80.1				
NPDC1	sonnet_dual_triage	1	325.0	151	1	1	0	1	1	0	0	0	0	84.9	75.1				
NPFFR1	sonnet_dual_triage	7	430.0	112	0	1	0	1	1	0	0	0	1	63.3	87.0		NPFFR2	40.5	
NPFFR2	sonnet_dual_triage	7	522.0	216	0	1	0	1	1	0	1	0	1	95.5	78.8		NPFFR1	40.5	
NPHS1	sonnet_dual_triage	1	1241.0	1042	1	1	0	1	1	0	0	1	0	95.4	81.5		KIRREL2	39.2	8.0
NPHS2	sonnet_dual_triage	2	383.0	1	0	0	0	1	1	1	0	0	1	89.3	86.4	2.0	STOML3	100.0	
NPIPB11	sonnet_dual_triage	1	1161.0	70	0	1	0	0	0	0	0	0	1				NPIPB5	98.6	
NPNT	sonnet_dual_triage	0	565.0	546	1	1	1	1	1	0	0	0	1	96.6	87.4		EGFL6	40.8	
NPR1	sonnet_dual_triage	1	1061.0	441	1	1	0	1	1	1	0	1	1	75.5	90.9	2.0	ADCY1	69.2	1.0
NPR2	sonnet_dual_triage	1	1047.0	439	1	1	0	1	1	0	0	1	1	100.0	98.7		ADCY5	100.0	1.0
NPR3	sonnet_dual_triage	1	541.0	462	1	1	0	1	1	1	0	1	1	98.5	90.8	2.0	ADCY6	80.0	3.0
NPS	sonnet_dual_triage	0	89.0	66	1	1	1	1	1	0	0	0	0	94.4	73.0				
NPSR1	sonnet_dual_triage	7	371.0	105	0	1	0	1	1	0	1	0	0	90.6	89.2				
NPTN	sonnet_dual_triage	1	398.0	310	1	1	0	1	1	0	1	1	1	99.0	95.2		BSG	41.3	3.0
NPTX1	sonnet_dual_triage	0	432.0	410	1	1	1	1	1	0	0	0	1	99.5	96.3		NPTX2	57.6	
NPTXR	sonnet_dual_triage	0	500.0	475	1	1	1	1	1	0	0	0	0	97.8	88.4				
NPY1R	sonnet_dual_triage	7	384.0	117	0	1	0	1	1	0	0	0	0	99.5	93.2		NPY4R2	34.0	
NPY2R	sonnet_dual_triage	7	381.0	113	0	1	0	1	1	0	0	0	0	98.4	94.5		OR9G1	32.5	
NPY4R	sonnet_dual_triage	7	375.0	106	0	1	0	0	0	0	0	0	1				NPY4R2	100.0	
NPY4R2	sonnet_dual_triage	7	375.0	106	0	1	0	0	0	0	0	0	1				NPY4R	100.0	
NPY5R	sonnet_dual_triage	7	445.0	103	0	1	0	1	1	0	0	0	0	99.3	89.0		MCHR1	30.9	
NRCAM	sonnet_dual_triage	1	1304.0	1139	1	1	0	1	1	0	0	1	1	98.8	84.8		NFASC	47.9	5.0
NRDC	sonnet_dual_triage	0	1151.0	0	0	0	0	1	1	0	0	0	0	96.8	93.0				
NRG1	sonnet_dual_triage	1	640.0	242	0	1	0	1	1	0	1	1	0	92.5	88.3		NRG4	36.7	2.0
NRG2	sonnet_dual_triage	2	850.0	298	0	0	0	1	1	0	1	1	0	82.1	71.3		NRG4	35.0	4.0
NRG3	sonnet_dual_triage	2	720.0	274	0	0	0	1	1	0	1	0	1	98.7	92.0		NRG4	45.0	
NRG4	sonnet_dual_triage	1	115.0	60	0	1	0	1	1	0	0	1	1	92.2	74.8		NRG3	45.0	1.0
NRN1	sonnet_dual_triage	0	142.0	115	1	1	1	1	1	0	0	1	0	87.3	97.2		NRN1L	33.9	2.0
NRN1L	sonnet_dual_triage	0	165.0	130	1	1	1	1	1	0	0	1	0	87.3	77.0		NRN1	33.9	2.0
NRP1	sonnet_dual_triage	1	923.0	837	1	1	0	1	1	0	1	1	1	98.6	93.2		NRP2	46.4	4.0
NRP2	sonnet_dual_triage	1	931.0	842	1	1	0	1	1	0	1	1	1	97.2	94.6		NRP1	46.4	2.0
NRROS	sonnet_dual_triage	1	692.0	624	1	1	0	1	1	0	0	0	1	94.9	80.8		LRRC3C	44.2	
NRSN2	sonnet_dual_triage	2	204.0	30	0	0	0	1	1	0	0	0	1	96.6	57.4		NRSN1	43.3	
NRXN1	sonnet_dual_triage	1	472.0	347	1	1	0	1	1	0	0	1	1	53.7	99.3		NRXN2	74.9	1.0
NRXN2	sonnet_dual_triage	1	666.0	541	1	1	0	1	1	0	0	1	1	79.4	98.2		NRXN1	74.9	1.0
NRXN3	sonnet_dual_triage	1	637.0	528	1	1	0	1	1	0	1	1	1	98.7	98.2		NRXN1	63.1	1.0
NT5E	sonnet_dual_triage	0	574.0	548	1	1	1	1	1	1	0	1	0	98.6	86.6	2.0			2.0
NTM	sonnet_dual_triage	0	344.0	311	1	1	1	1	1	1	0	1	1	93.2	88.5	2.0	OPCML	74.3	2.0
NTN3	sonnet_dual_triage	0	580.0	562	1	1	1	1	0	0	0	0	1		87.4		NTN1	55.9	
NTN4	sonnet_dual_triage	0	628.0	603	1	1	1	1	1	0	0	0	1	97.9	89.8		LAMB4	45.6	
NTN5	sonnet_dual_triage	0	489.0	473	1	1	1	1	0	0	0	0	1		62.0		USH2A	50.1	
NTNG1	sonnet_dual_triage	0	539.0	521	1	1	1	1	1	0	0	1	1	96.1	96.3		NTNG2	60.0	4.0
NTNG2	sonnet_dual_triage	0	530.0	513	1	1	1	1	1	0	0	1	1	98.9	94.0		NTNG1	60.0	5.0
NTRK1	sonnet_dual_triage	1	796.0	384	1	1	0	1	1	0	0	0	0	91.6	86.6		ROS1	38.8	
NTRK2	sonnet_dual_triage	1	822.0	402	1	1	0	1	1	0	0	1	0	99.9	92.1		NTRK3	38.8	1.0
NTRK3	sonnet_dual_triage	1	839.0	402	1	1	0	1	1	0	0	1	0	99.4	95.6		NTRK2	38.8	1.0
NTSR1	sonnet_dual_triage	7	418.0	130	0	1	0	1	0	0	0	0	1		85.4		NTSR2	41.9	
NTSR2	sonnet_dual_triage	7	410.0	98	0	1	0	1	1	1	0	0	1	83.4	78.8	2.0	NTSR1	41.9	
NUCB2	sonnet_dual_triage	0	420.0	396	1	1	1	1	1	0	0	0	1	99.8	86.0		NUCB1	63.1	
NUS1	sonnet_dual_triage	0	293.0	0	0	0	0	1	1	1	0	0	0	98.0	90.4	2.0			
NXNL1	sonnet_dual_triage	0	212.0	0	0	0	0	1	0	0	0	0	0		77.8				
NXNL2	sonnet_dual_triage	0	156.0	0	0	0	0	1	1	0	0	0	0	65.4	84.6				
NXPE1	sonnet_dual_triage	1	547.0	520	0	0	1	0	0	1	1	0	1			2.0	NXPE2	72.1	
NXPE2	sonnet_dual_triage	1	559.0	521	0	0	1	1	1	1	0	0	1	95.0	68.5	2.0	NXPE1	72.1	
NXPE3	sonnet_dual_triage	1	559.0	534	0	0	1	1	0	1	0	0	0		88.6	2.0	NXPE4	34.6	
NXPE4	sonnet_dual_triage	1	544.0	517	0	0	1	1	1	1	1	0	1	95.4	72.8	2.0	NXPE1	70.4	
NXPH1	sonnet_dual_triage	0	271.0	250	1	1	1	1	1	0	0	0	1	99.3	99.6		NXPH2	66.9	
NXPH2	sonnet_dual_triage	0	264.0	242	1	1	1	1	1	0	0	0	1	99.6	89.0		NXPH1	66.9	
NXPH3	sonnet_dual_triage	0	252.0	230	1	1	1	1	1	0	0	0	1	93.7	96.4		NXPH1	54.3	
NXPH4	sonnet_dual_triage	0	308.0	286	1	1	1	1	0	0	0	0	1		89.3		NXPH2	51.2	
NYX	sonnet_dual_triage	0	476.0	458	1	1	1	1	0	0	0	0	0		84.7		LRTM1	37.7	
OCLN	sonnet_dual_triage	4	522.0	101	0	0	0	1	1	0	1	0	1	97.1	90.2		MARVELD2	41.8	
OCSTAMP	sonnet_dual_triage	6	566.0	178	0	0	0	1	0	0	0	0	0		59.0		DCST1	31.5	
ODAM	sonnet_dual_triage	0	279.0	264	1	1	1	1	1	0	0	0	0	90.7	67.0				
ODAPH	sonnet_dual_triage	0	130.0	107	1	1	1	1	0	0	0	0	0		58.5				
OGFRL1	sonnet_dual_triage	0	451.0	0	0	0	0	1	1	0	0	0	0	78.9	81.2				
OIT3	sonnet_dual_triage	0	545.0	526	1	1	1	1	1	0	0	0	0	98.5	89.5		GP2	31.2	
OLFM1	sonnet_dual_triage	0	485.0	464	1	1	1	1	1	0	0	0	1	99.8	98.4		OLFM3	66.6	
OLFM2	sonnet_dual_triage	0	454.0	434	1	1	1	1	1	0	0	0	1	96.5	94.7		OLFM3	63.4	
OLFM3	sonnet_dual_triage	0	478.0	455	1	1	1	1	1	0	0	0	1	96.3	95.6		OLFM1	66.6	
OLFM4	sonnet_dual_triage	0	510.0	490	1	1	1	1	1	0	0	0	0	93.7	70.2		OLFML2B	29.2	
OLFML1	sonnet_dual_triage	0	402.0	377	1	1	1	0	1	0	0	0	0	99.0			OLFML3	34.0	
OLR1	sonnet_dual_triage	1	273.0	216	0	0	1	0	1	1	0	1	1	94.9		2.0	KLRK1	40.6	4.0
OMG	sonnet_dual_triage	0	440.0	416	1	1	1	1	1	0	0	1	0	98.2	88.6		LINGO3	29.3	2.0
OOSP1	sonnet_dual_triage	0	123.0	102	1	1	1	0	1	0	0	0	0	64.7			OOSP2	31.4	
OOSP2	sonnet_dual_triage	0	158.0	141	1	1	1	0	0	0	0	0	0				PLAC1	32.6	
OOSP3	sonnet_dual_triage	0	193.0	171	1	1	1	0	0	0	0	0	0						
OOSP4A	sonnet_dual_triage	0	184.0	165	1	1	1	0	0	0	0	0	0						
OOSP4B	sonnet_dual_triage	0	160.0	160	0	1	1	0	0	0	0	0	0						
OPALIN	sonnet_dual_triage	1	141.0	35	0	1	0	1	1	0	0	0	0	95.0	78.0				
OPCML	sonnet_dual_triage	0	345.0	312	1	1	1	1	1	1	0	1	1	94.7	94.1	2.0	NTM	74.3	1.0
OPN1LW	sonnet_dual_triage	7	364.0	108	0	1	0	0	1	0	0	0	1	96.2			OPN1MW2	98.1	
OPN1MW	sonnet_dual_triage	7	364.0	111	0	1	0	0	0	0	0	0	1				OPN1MW2	100.0	
OPN1MW2	sonnet_dual_triage	7	364.0	111	0	1	0	0	0	0	0	0	1				OPN1MW	100.0	
OPN1MW3	sonnet_dual_triage	7	364.0	111	0	1	0	0	0	0	0	0	1				OPN1MW2	100.0	
OPN1SW	sonnet_dual_triage	7	345.0	87	0	1	0	1	1	0	0	0	1	96.2	86.1		RHO	48.8	
OPN3	sonnet_dual_triage	7	402.0	96	0	1	0	1	1	0	1	0	0	94.5	87.1		RRH	30.3	
OPN4	sonnet_dual_triage	7	478.0	123	0	1	0	1	1	0	0	0	0	95.4	76.2		OPN1MW2	36.5	
OPN5	sonnet_dual_triage	7	354.0	87	0	1	0	1	1	0	0	0	0	99.2	95.2		RRH	32.5	
OPRD1	sonnet_dual_triage	7	372.0	100	0	1	0	1	1	1	0	0	1	74.2	93.5	2.0	NPBWR1	40.9	
OPRK1	sonnet_dual_triage	7	380.0	111	0	1	0	1	1	0	1	0	0	75.5	93.7		OPRM1	37.4	
OPRL1	sonnet_dual_triage	7	370.0	102	0	1	0	1	1	0	0	0	0	98.1	93.8		SSTR5	39.3	
OPRM1	sonnet_dual_triage	7	400.0	121	0	1	0	1	1	0	1	0	0	96.8	92.2		OPRD1	39.4	
OR10A2	sonnet_dual_triage	7	303.0	70	0	1	0	0	0	0	0	0	1				OR10A5	95.7	
OR10A3	sonnet_dual_triage	7	314.0	89	0	1	0	0	0	0	0	0	1				OR10A6	89.9	
OR10A4	sonnet_dual_triage	7	315.0	82	0	1	0	1	1	0	0	0	1	92.1	88.3		OR10A2	75.4	
OR10A5	sonnet_dual_triage	7	317.0	83	0	1	0	0	0	0	0	0	1				OR10A2	95.7	
OR10A6	sonnet_dual_triage	7	314.0	89	0	1	0	0	1	0	0	0	1	94.3			OR10A3	89.9	
OR10A7	sonnet_dual_triage	7	316.0	88	0	1	0	0	1	0	0	0	1	96.8			OR10A3	60.5	
OR10AC1	sonnet_dual_triage	7	325.0	87	0	1	0	0	0	0	0	0	0						
OR10AD1	sonnet_dual_triage	7	317.0	88	0	1	0	0	0	0	0	0	1				OR2T2	42.0	
OR10AG1	sonnet_dual_triage	7	301.0	76	0	1	0	0	0	0	0	0	1				OR10H2	51.4	
OR10C1	sonnet_dual_triage	7	312.0	79	0	1	0	1	0	0	0	0	1		85.9		OR10A3	55.7	
OR10D3	sonnet_dual_triage	7	312.0	80	0	1	0	1	1	0	0	0	1	95.8	89.1		OR10G4	54.5	
OR10G2	sonnet_dual_triage	7	310.0	81	0	1	0	0	1	0	0	0	1	93.9			OR10G3	64.9	
OR10G3	sonnet_dual_triage	7	313.0	78	0	1	0	0	0	0	0	0	1				OR10G2	64.9	
OR10G4	sonnet_dual_triage	7	311.0	82	0	1	0	0	0	0	0	0	1				OR10G9	92.7	
OR10G6	sonnet_dual_triage	7	332.0	87	1	1	0	1	0	0	0	0	1		85.2		OR10G3	57.1	
OR10G7	sonnet_dual_triage	7	311.0	83	0	1	0	0	1	0	0	0	1	92.0			OR10G4	92.6	
OR10G8	sonnet_dual_triage	7	311.0	78	0	1	0	0	1	0	0	0	1	90.0			OR10G9	88.5	
OR10G9	sonnet_dual_triage	7	311.0	85	0	1	0	0	0	0	0	0	1				OR10G4	92.7	
OR10H1	sonnet_dual_triage	7	318.0	81	0	1	0	0	0	0	0	0	1				OR10H5	87.5	
OR10H2	sonnet_dual_triage	7	315.0	81	0	1	0	0	0	0	0	0	1				OR10H5	83.8	
OR10H3	sonnet_dual_triage	7	316.0	83	0	1	0	0	0	0	0	0	1				OR10H4	86.7	
OR10H4	sonnet_dual_triage	7	316.0	88	0	1	0	0	1	0	0	0	1	88.0			OR10H3	86.7	
OR10H5	sonnet_dual_triage	7	315.0	80	0	1	0	0	0	0	0	0	1				OR10H1	87.5	
OR10J1	sonnet_dual_triage	7	320.0	90	0	1	0	0	0	0	0	0	1				OR10J5	68.4	
OR10J4	sonnet_dual_triage	7	311.0	85	0	1	0	0	0	0	0	0	1				OR10J5	57.0	
OR10J5	sonnet_dual_triage	7	309.0	79	0	1	0	1	0	0	0	0	1		87.4		OR10J1	68.4	
OR10K1	sonnet_dual_triage	7	313.0	89	0	1	0	1	0	0	0	0	1		78.3		OR10K2	84.9	
OR10K2	sonnet_dual_triage	7	312.0	86	0	1	0	0	1	0	0	0	1	94.6			OR10K1	84.9	
OR10P1	sonnet_dual_triage	7	313.0	86	0	1	0	1	1	0	0	0	1	96.8	84.0		OR10C1	46.8	
OR10Q1	sonnet_dual_triage	7	319.0	88	0	1	0	0	1	0	0	0	1	92.5			OR10V1	50.6	
OR10R2	sonnet_dual_triage	7	335.0	87	1	1	0	0	1	0	0	0	1	94.8			OR10T2	54.9	
OR10S1	sonnet_dual_triage	7	331.0	93	0	1	0	1	0	0	0	0	1		84.8		OR10G6	50.0	
OR10T2	sonnet_dual_triage	7	314.0	82	0	1	0	0	0	0	0	0	1				OR10R2	54.9	
OR10V1	sonnet_dual_triage	7	309.0	83	0	1	0	1	0	0	0	0	1		90.0		OR10Q1	50.6	
OR10W1	sonnet_dual_triage	7	305.0	71	0	1	0	0	1	0	0	0	1	93.8			OR10Q1	48.6	
OR10X1	sonnet_dual_triage	7	326.0	98	0	1	0	0	0	0	0	0	1				OR9G1	40.0	
OR10Z1	sonnet_dual_triage	7	313.0	85	0	1	0	1	1	0	0	0	1	94.2	87.5		OR1L6	55.3	
OR11A1	sonnet_dual_triage	7	315.0	78	0	1	0	1	1	0	0	0	1	93.7	74.0		OR11H2	46.2	
OR11G2	sonnet_dual_triage	7	345.0	118	0	1	0	0	0	0	0	0	1				OR11H6	54.7	
OR11H1	sonnet_dual_triage	7	326.0	98	0	1	0	0	0	0	0	0	1				OR11H12	99.0	
OR11H12	sonnet_dual_triage	7	326.0	97	0	1	0	0	0	0	0	0	1				OR11H1	99.0	
OR11H2	sonnet_dual_triage	7	326.0	98	0	1	0	0	0	0	0	0	1				OR11H1	96.9	
OR11H4	sonnet_dual_triage	7	324.0	88	0	1	0	0	1	0	0	0	1	94.6			OR11H7	74.7	
OR11H6	sonnet_dual_triage	7	330.0	92	1	1	0	1	0	0	0	0	1		81.5		OR11H4	63.2	
OR11H7	sonnet_dual_triage	7	314.0	77	0	1	0	0	1	0	0	0	1	92.4			OR11H4	74.7	
OR11L1	sonnet_dual_triage	7	322.0	82	0	1	0	1	1	0	0	0	1	88.5	77.0		OR5A1	53.7	
OR12D1	sonnet_dual_triage	7	320.0	81	0	1	0	0	0	0	0	0	1				OR12D2	88.8	
OR12D2	sonnet_dual_triage	7	307.0	80	0	1	0	0	0	0	0	0	1				OR12D1	88.8	
OR12D3	sonnet_dual_triage	7	316.0	85	0	1	0	1	1	0	0	0	1	95.3	78.8		OR12D1	63.0	
OR13A1	sonnet_dual_triage	7	328.0	102	0	1	0	1	0	0	0	0	1		79.9		OR5M8	53.8	
OR13C2	sonnet_dual_triage	7	318.0	93	0	1	0	0	0	0	0	0	1				OR13C5	97.8	
OR13C3	sonnet_dual_triage	7	347.0	107	1	1	0	1	1	0	0	0	1	95.0	85.5		OR13C4	82.2	
OR13C4	sonnet_dual_triage	7	318.0	91	0	1	0	0	1	0	0	0	1	94.0			OR13C3	82.2	
OR13C5	sonnet_dual_triage	7	318.0	92	0	1	0	0	0	0	0	0	1				OR13C2	97.8	
OR13C8	sonnet_dual_triage	7	320.0	88	0	1	0	1	1	0	0	0	1	94.4	78.8		OR2S2	58.0	
OR13C9	sonnet_dual_triage	7	318.0	93	0	1	0	0	1	0	0	0	1	94.3			OR13C2	91.4	
OR13D1	sonnet_dual_triage	7	346.0	114	0	1	0	1	0	0	0	0	1		85.7		OR13C2	58.5	
OR13F1	sonnet_dual_triage	7	319.0	88	0	1	0	1	1	0	0	0	0	91.2	79.9		OR5T1	39.3	
OR13G1	sonnet_dual_triage	7	307.0	81	0	1	0	1	1	0	0	0	1	96.7	84.7		OR4C45	58.7	
OR13H1	sonnet_dual_triage	7	308.0	90	0	1	0	0	0	0	0	0	1				OR13C9	44.3	
OR13J1	sonnet_dual_triage	7	312.0	84	0	1	0	1	1	0	0	0	1	88.1	82.1		OR13C9	60.5	
OR14A16	sonnet_dual_triage	7	309.0	80	0	1	0	0	0	0	0	0	1				OR14A2	63.0	
OR14A2	sonnet_dual_triage	7	314.0	73	0	1	0	0	1	0	0	0	1	93.9			OR14A16	63.0	
OR14C36	sonnet_dual_triage	7	312.0	81	0	1	0	0	0	0	0	0	1				OR14I1	56.0	
OR14I1	sonnet_dual_triage	7	311.0	75	0	1	0	0	1	0	0	0	1	91.6			OR14C36	56.0	
OR14J1	sonnet_dual_triage	7	321.0	78	0	1	0	1	1	0	0	0	1	96.0	79.8		OR14C36	52.6	
OR14K1	sonnet_dual_triage	7	314.0	78	0	1	0	0	1	0	0	0	1	92.4			OR14A16	50.6	
OR14L1	sonnet_dual_triage	7	325.0	97	0	1	0	0	0	0	0	0	1				OR14A16	53.9	
OR1A1	sonnet_dual_triage	7	309.0	84	0	1	0	0	1	0	0	0	1	93.2			OR1A2	81.0	
OR1A2	sonnet_dual_triage	7	309.0	84	0	1	0	0	0	0	0	0	1				OR1A1	81.0	
OR1B1	sonnet_dual_triage	7	317.0	88	0	1	0	1	1	0	0	0	1	90.2	86.8		OR1F1	43.2	
OR1C1	sonnet_dual_triage	7	314.0	86	0	1	0	0	1	0	0	0	1	93.0			OR1F1	54.8	
OR1D2	sonnet_dual_triage	7	312.0	87	0	1	0	1	1	0	0	0	1	93.9	86.9		OR1D5	78.6	
OR1D4	sonnet_dual_triage	7	311.0	86	0	1	0	0	0	0	0	0	0						
OR1D5	sonnet_dual_triage	7	312.0	84	0	1	0	0	0	0	0	0	1				OR1D2	78.6	
OR1E1	sonnet_dual_triage	7	314.0	89	0	1	0	0	1	0	0	0	1	94.6			OR1E2	97.7	
OR1E2	sonnet_dual_triage	7	323.0	88	0	1	0	0	1	0	0	0	1	90.1			OR1E1	97.7	
OR1F1	sonnet_dual_triage	7	312.0	84	0	1	0	1	1	0	0	0	1	92.3	73.7		OR1N1	62.7	
OR1G1	sonnet_dual_triage	7	313.0	97	0	1	0	0	0	0	0	0	1				OR1I1	60.5	
OR1I1	sonnet_dual_triage	7	355.0	86	0	1	0	1	1	0	0	0	1	89.0	67.3		OR1G1	60.5	
OR1J1	sonnet_dual_triage	7	322.0	84	0	1	0	1	1	0	0	0	1	90.4	76.1		OR1J4	72.6	
OR1J2	sonnet_dual_triage	7	313.0	91	0	1	0	0	0	0	0	0	1				OR1J4	74.4	
OR1J4	sonnet_dual_triage	7	313.0	86	0	1	0	1	1	0	0	0	1	81.5	79.2		OR1J2	74.4	
OR1K1	sonnet_dual_triage	7	316.0	85	0	1	0	0	0	0	0	0	1				OR1L4	51.8	
OR1L1	sonnet_dual_triage	7	360.0	134	0	1	0	0	0	0	0	0	1				OR1L3	80.7	
OR1L3	sonnet_dual_triage	7	324.0	83	0	1	0	0	0	0	0	0	1				OR1L1	80.7	
OR1L4	sonnet_dual_triage	7	311.0	89	0	1	0	0	0	0	0	0	1				OR1L6	93.2	
OR1L6	sonnet_dual_triage	7	347.0	124	0	1	0	0	0	0	0	0	1				OR1L4	93.2	
OR1L8	sonnet_dual_triage	7	309.0	89	0	1	0	0	0	0	0	0	1				OR1L3	78.3	
OR1M1	sonnet_dual_triage	7	313.0	94	0	1	0	1	1	0	0	0	1	93.9	85.3		OR7D2	55.6	
OR1N1	sonnet_dual_triage	7	311.0	85	0	1	0	0	0	0	0	0	1				OR1F1	62.7	
OR1N2	sonnet_dual_triage	7	316.0	91	0	1	0	1	0	0	0	0	1		88.3		OR1E2	58.1	
OR1Q1	sonnet_dual_triage	7	314.0	87	0	1	0	1	1	0	0	0	1	93.3	79.9		OR1L1	56.1	
OR1R1	sonnet_dual_triage	7	314.0	83	0	1	0	1	0	0	0	0	1		81.5		OR1F1	40.7	
OR1S1	sonnet_dual_triage	7	325.0	100	0	1	0	0	0	0	0	0	1				OR1S2	89.0	
OR1S2	sonnet_dual_triage	7	325.0	100	0	1	0	0	0	0	0	0	1				OR1S1	89.0	
OR2A1	sonnet_dual_triage	7	310.0	84	0	1	0	0	0	0	0	0	1				OR2A42	100.0	
OR2A12	sonnet_dual_triage	7	310.0	85	0	1	0	1	1	0	0	0	1	94.2	85.2		OR2A14	67.1	
OR2A14	sonnet_dual_triage	7	310.0	82	0	1	0	0	1	0	0	0	1	91.3			OR2A2	76.8	
OR2A2	sonnet_dual_triage	7	318.0	85	0	1	0	1	1	0	0	0	1	93.1	72.6		OR2A14	76.8	
OR2A25	sonnet_dual_triage	7	310.0	77	0	1	0	1	1	0	0	0	1	92.3	81.9		OR2A7	83.1	
OR2A4	sonnet_dual_triage	7	310.0	83	0	1	0	0	0	0	0	0	1				OR2A7	98.8	
OR2A5	sonnet_dual_triage	7	311.0	84	0	1	0	1	0	0	0	0	1		86.5		OR2A42	79.5	
OR2A7	sonnet_dual_triage	7	310.0	83	0	1	0	0	0	0	0	0	1				OR2A4	98.8	
OR2AE1	sonnet_dual_triage	7	323.0	89	0	1	0	0	1	0	0	0	1	87.9			OR2AJ1	57.1	
OR2AG1	sonnet_dual_triage	7	316.0	87	0	1	0	0	0	0	0	0	1				OR2AG2	88.4	
OR2AG2	sonnet_dual_triage	7	316.0	86	0	1	0	0	1	0	0	0	1	92.7			OR2AG1	88.4	
OR2AJ1	sonnet_dual_triage	7	328.0	84	0	1	0	0	0	0	0	0	1				OR2M2	63.1	
OR2AK2	sonnet_dual_triage	7	335.0	104	0	1	0	0	1	0	0	0	1	91.9			OR2L13	58.1	
OR2AP1	sonnet_dual_triage	7	309.0	75	0	1	0	0	1	0	0	0	1	95.5			OR6C4	76.0	
OR2AT4	sonnet_dual_triage	7	320.0	90	0	1	0	1	1	0	0	0	0	95.0	85.6		OR1F1	38.6	
OR2B11	sonnet_dual_triage	7	317.0	92	0	1	0	1	1	0	0	0	1	95.3	86.8		OR2B3	62.1	
OR2B2	sonnet_dual_triage	7	357.0	87	0	1	0	0	1	0	0	0	1	81.0			OR2B6	77.0	
OR2B3	sonnet_dual_triage	7	313.0	87	0	1	0	0	1	0	0	0	1	95.8			OR2B2	72.4	
OR2B6	sonnet_dual_triage	7	313.0	87	0	1	0	1	0	0	0	0	1		81.2		OR2B2	77.0	
OR2B8	sonnet_dual_triage	7	312.0	84	0	1	0	0	0	0	0	0	0						
OR2C1	sonnet_dual_triage	7	312.0	90	0	1	0	1	0	0	0	0	1		82.1		OR2G2	61.9	
OR2C3	sonnet_dual_triage	7	320.0	86	0	1	0	0	1	0	0	0	1	94.4			OR2J2	61.2	
OR2D2	sonnet_dual_triage	7	308.0	89	0	1	0	0	1	0	0	0	1	79.9			OR2D3	53.6	
OR2D3	sonnet_dual_triage	7	330.0	100	0	1	0	1	1	0	0	0	1	92.4	75.8		OR2D2	53.6	
OR2F1	sonnet_dual_triage	7	317.0	83	0	1	0	0	1	0	0	0	1	91.5			OR2F2	91.6	
OR2F2	sonnet_dual_triage	7	317.0	83	0	1	0	0	0	0	0	0	1				OR2F1	91.6	
OR2G2	sonnet_dual_triage	7	317.0	90	0	1	0	0	0	0	0	0	1				OR2G3	68.6	
OR2G3	sonnet_dual_triage	7	309.0	86	0	1	0	0	0	0	0	0	1				OR2G2	68.6	
OR2G6	sonnet_dual_triage	7	316.0	92	0	1	0	0	1	0	0	0	1	86.7			OR2G2	67.8	
OR2H1	sonnet_dual_triage	7	316.0	86	0	1	0	0	0	0	0	0	1				OR2H2	86.9	
OR2H2	sonnet_dual_triage	7	312.0	84	0	1	0	0	1	0	0	0	1	94.6			OR2H1	86.9	
OR2I1	sonnet_dual_triage	7	315.0	89	0	1	0	1	1	0	0	0	1	95.2	81.6		OR2J1	53.6	
OR2J1	sonnet_dual_triage	7	312.0	88	0	1	0	0	0	0	0	0	1				OR2J2	88.5	
OR2J2	sonnet_dual_triage	7	312.0	87	0	1	0	0	1	0	0	0	1	91.7			OR2J1	88.5	
OR2J3	sonnet_dual_triage	7	311.0	87	0	1	0	0	1	0	0	0	1	95.5			OR2J2	85.9	
OR2K2	sonnet_dual_triage	7	316.0	85	0	1	0	1	1	0	0	0	1	95.9	86.4		OR13J1	55.0	
OR2L13	sonnet_dual_triage	7	312.0	89	0	1	0	0	1	0	0	0	1	92.6			OR2L3	76.4	
OR2L2	sonnet_dual_triage	7	312.0	88	0	1	0	0	0	0	0	0	1				OR2L5	89.8	
OR2L3	sonnet_dual_triage	7	312.0	89	0	1	0	0	0	0	0	0	1				OR2L8	95.5	
OR2L5	sonnet_dual_triage	7	312.0	90	0	1	0	0	0	0	0	0	1				OR2L2	89.8	
OR2L8	sonnet_dual_triage	7	312.0	90	0	1	0	0	0	0	0	0	1				OR2L3	95.5	
OR2M2	sonnet_dual_triage	7	347.0	87	0	1	0	0	0	0	0	0	1				OR2M5	94.1	
OR2M3	sonnet_dual_triage	7	312.0	85	0	1	0	0	0	0	0	0	1				OR2M5	95.3	
OR2M4	sonnet_dual_triage	7	311.0	87	0	1	0	0	1	0	0	0	1	94.9			OR2M5	75.3	
OR2M5	sonnet_dual_triage	7	312.0	85	0	1	0	0	0	0	0	0	1				OR2M3	95.3	
OR2M7	sonnet_dual_triage	7	312.0	85	0	1	0	0	0	0	0	0	1				OR2M5	94.1	
OR2S2	sonnet_dual_triage	7	319.0	93	0	1	0	0	1	0	0	0	1	96.2			OR13C9	60.4	
OR2T1	sonnet_dual_triage	7	369.0	121	1	1	0	1	1	0	0	0	1	95.9	86.2		OR2T27	62.9	
OR2T10	sonnet_dual_triage	7	312.0	94	0	1	0	0	1	0	0	0	1	93.3			OR2T35	67.8	
OR2T11	sonnet_dual_triage	7	316.0	87	0	1	0	0	0	0	0	0	1				OR2T2	61.6	
OR2T12	sonnet_dual_triage	7	320.0	84	0	1	0	0	0	0	0	0	1				OR2T33	97.6	
OR2T2	sonnet_dual_triage	7	324.0	91	0	1	0	0	0	0	0	0	1				OR2T35	100.0	
OR2T27	sonnet_dual_triage	7	317.0	89	0	1	0	0	1	0	0	0	1	93.1			OR2T4	63.1	
OR2T29	sonnet_dual_triage	7	315.0	89	0	1	0	0	0	0	0	0	1				OR2T5	97.8	
OR2T3	sonnet_dual_triage	7	318.0	88	0	1	0	0	0	0	0	0	1				OR2T34	98.9	
OR2T33	sonnet_dual_triage	7	320.0	84	0	1	0	0	0	0	0	0	1				OR2T12	97.6	
OR2T34	sonnet_dual_triage	7	318.0	87	0	1	0	0	0	0	0	0	1				OR2T3	98.9	
OR2T35	sonnet_dual_triage	7	323.0	87	0	1	0	0	0	0	0	1	1				OR2T2	100.0	1.0
OR2T4	sonnet_dual_triage	7	348.0	115	0	1	0	0	0	0	0	0	1				OR2T29	86.2	
OR2T5	sonnet_dual_triage	7	315.0	89	0	1	0	0	0	0	0	0	1				OR2T29	97.8	
OR2T6	sonnet_dual_triage	7	308.0	86	0	1	0	1	1	0	0	0	1	93.5	81.5		OR2T1	58.1	
OR2T7	sonnet_dual_triage	7	308.0	77	0	1	0	0	0	0	0	0	0						
OR2T8	sonnet_dual_triage	7	312.0	84	0	1	0	0	0	0	0	0	1				OR2T33	92.9	
OR2V1	sonnet_dual_triage	7	315.0	87	0	1	0	1	1	0	0	0	1	83.2	87.9		OR2V2	84.9	
OR2V2	sonnet_dual_triage	7	315.0	86	0	1	0	1	0	0	0	0	1		82.5		OR2V1	84.9	
OR2W1	sonnet_dual_triage	7	320.0	86	0	1	0	0	1	0	0	0	1	95.6			OR2G3	64.0	
OR2W3	sonnet_dual_triage	7	314.0	88	0	1	0	0	1	0	0	0	1	94.9			OR2J3	61.2	
OR2Y1	sonnet_dual_triage	7	311.0	88	0	1	0	0	1	0	0	0	1	96.5			OR2J2	58.3	
OR2Z1	sonnet_dual_triage	7	314.0	85	0	1	0	0	0	0	0	0	1				OR2AJ1	58.3	
OR3A1	sonnet_dual_triage	7	315.0	85	0	1	0	0	1	0	0	0	1	95.9			OR3A2	71.4	
OR3A2	sonnet_dual_triage	7	321.0	92	0	1	0	0	1	0	0	0	1	94.9			OR3A3	97.8	
OR3A3	sonnet_dual_triage	7	321.0	92	0	1	0	0	1	0	0	0	1	94.0			OR3A2	97.8	
OR4A15	sonnet_dual_triage	7	344.0	111	0	1	0	1	1	0	0	0	1	92.0	83.1		OR4C45	77.5	
OR4A16	sonnet_dual_triage	7	328.0	81	0	1	0	0	0	0	0	0	1				OR4A5	68.8	
OR4A47	sonnet_dual_triage	7	309.0	83	0	1	0	1	1	0	0	0	1	94.5	80.3		OR4A15	69.7	
OR4A5	sonnet_dual_triage	7	315.0	80	0	1	0	0	1	0	0	0	1	84.8			OR4A16	68.8	
OR4B1	sonnet_dual_triage	7	309.0	79	0	1	0	0	1	0	0	0	1	94.8			OR4S2	67.9	
OR4C11	sonnet_dual_triage	7	310.0	79	0	1	0	0	0	0	0	0	1				OR4C16	66.2	
OR4C12	sonnet_dual_triage	7	309.0	84	0	1	0	0	0	0	0	0	1				OR4C13	69.0	
OR4C13	sonnet_dual_triage	7	309.0	84	0	1	0	0	0	0	0	0	1				OR4C46	82.1	
OR4C15	sonnet_dual_triage	7	316.0	78	0	1	0	0	0	0	0	0	1				OR4C45	70.4	
OR4C16	sonnet_dual_triage	7	310.0	78	0	1	0	0	0	0	0	0	1				OR4C11	66.2	
OR4C3	sonnet_dual_triage	7	302.0	82	0	1	0	1	0	0	0	0	1		85.1		OR4A15	64.1	
OR4C45	sonnet_dual_triage	7	306.0	75	0	1	0	0	0	0	0	0	1				OR4A15	77.5	
OR4C46	sonnet_dual_triage	7	309.0	84	0	1	0	0	0	0	0	0	1				OR4C13	82.1	
OR4C5	sonnet_dual_triage	7	326.0	104	0	1	0	1	0	0	0	0	1		71.5		OR4C45	77.3	
OR4C6	sonnet_dual_triage	7	309.0	74	0	1	0	0	0	0	0	0	1				OR4C45	71.8	
OR4D1	sonnet_dual_triage	7	310.0	84	0	1	0	1	1	0	0	0	1	95.8	85.8		OR4D2	80.5	
OR4D10	sonnet_dual_triage	7	311.0	77	0	1	0	0	1	0	0	0	1	90.4			OR4D9	76.3	
OR4D11	sonnet_dual_triage	7	311.0	79	0	1	0	1	1	0	0	0	1	93.6	87.5		OR4D9	77.2	
OR4D2	sonnet_dual_triage	7	307.0	77	0	1	0	0	1	0	0	0	1	93.5			OR4D1	80.5	
OR4D5	sonnet_dual_triage	7	318.0	83	0	1	0	1	1	0	0	0	1	94.3	89.3		OR4D2	67.1	
OR4D6	sonnet_dual_triage	7	314.0	78	0	1	0	1	1	0	0	0	1	93.3	88.2		OR4D9	72.0	
OR4D9	sonnet_dual_triage	7	314.0	80	0	1	0	0	1	0	0	0	1	93.9			OR4D11	77.2	
OR4E1	sonnet_dual_triage	7	315.0	87	0	1	0	0	1	0	0	0	1	96.5			OR4E2	59.0	
OR4E2	sonnet_dual_triage	7	313.0	83	0	1	0	1	1	0	0	0	1	96.8	84.7		OR4K15	62.8	
OR4F15	sonnet_dual_triage	7	312.0	85	0	1	0	1	1	1	0	0	1	94.9	85.6	2.0	OR4F21	70.6	
OR4F17	sonnet_dual_triage	7	305.0	77	0	1	0	0	0	0	0	0	1				OR4F5	97.4	
OR4F21	sonnet_dual_triage	7	312.0	86	0	1	0	0	0	0	0	0	1				OR4F3	100.0	
OR4F3	sonnet_dual_triage	7	312.0	85	0	1	0	0	0	0	0	0	1				OR4F16	100.0	
OR4F5	sonnet_dual_triage	7	305.0	77	0	1	0	0	0	0	0	0	1				OR4F17	97.4	
OR4F6	sonnet_dual_triage	7	312.0	81	0	1	0	1	1	1	0	0	1	95.2	84.9	2.0	OR4F3	71.6	
OR4K1	sonnet_dual_triage	7	311.0	81	0	1	0	1	1	0	0	0	1	93.9	85.9		OR4K13	74.0	
OR4K13	sonnet_dual_triage	7	304.0	77	0	1	0	0	1	0	0	0	1	96.1			OR4K15	74.0	
OR4K14	sonnet_dual_triage	7	310.0	80	0	1	0	0	0	0	0	0	1				OR4K1	70.5	
OR4K15	sonnet_dual_triage	7	324.0	80	0	1	0	0	1	0	0	0	1	96.0			OR4K13	74.0	
OR4K17	sonnet_dual_triage	7	312.0	78	0	1	0	0	1	0	0	0	1	96.2			OR4K15	65.4	
OR4K2	sonnet_dual_triage	7	314.0	80	0	1	0	1	1	0	0	0	1	97.1	82.8		OR4K1	67.5	
OR4K3	sonnet_dual_triage	7	315.0	77	0	1	0	0	0	0	0	0	1				OR4K15	72.7	
OR4K5	sonnet_dual_triage	7	323.0	78	0	1	0	1	1	1	0	0	1	91.0	82.0	2.0	OR4K3	70.1	
OR4L1	sonnet_dual_triage	7	312.0	78	0	1	0	0	0	0	0	0	1				OR4K13	61.0	
OR4M1	sonnet_dual_triage	7	313.0	81	0	1	0	0	0	0	0	0	1				OR4M2	97.5	
OR4M2	sonnet_dual_triage	7	313.0	80	0	1	0	0	0	0	0	0	1				OR4M2B	98.7	
OR4M2B	sonnet_dual_triage	7	313.0	77	0	1	0	0	0	0	0	0	1				OR4M2	98.7	
OR4N2	sonnet_dual_triage	7	307.0	83	0	1	0	0	1	0	0	0	1	95.4			OR4N4	84.4	
OR4N4	sonnet_dual_triage	7	316.0	77	0	1	0	0	0	0	0	0	1				OR4N4C	100.0	
OR4N4C	sonnet_dual_triage	7	316.0	77	0	1	0	0	0	0	0	0	1				OR4N4	100.0	
OR4N5	sonnet_dual_triage	7	308.0	78	0	1	0	1	1	0	0	0	1	91.2	86.4		OR4N4	84.4	
OR4P4	sonnet_dual_triage	7	312.0	74	0	1	0	0	0	0	0	0	1				OR4S2	72.6	
OR4Q2	sonnet_dual_triage	7	314.0	84	0	1	0	0	1	0	0	0	1	60.8			OR4S2	59.0	
OR4Q3	sonnet_dual_triage	7	313.0	79	0	1	0	1	1	0	0	0	1	96.0	79.1		OR4F5	69.0	
OR4S1	sonnet_dual_triage	7	309.0	79	0	1	0	0	0	0	0	0	1				OR4C45	62.7	
OR4S2	sonnet_dual_triage	7	311.0	78	0	1	0	0	1	0	0	0	1	95.5			OR4P4	72.6	
OR4X1	sonnet_dual_triage	7	305.0	80	0	1	0	1	0	0	0	0	1		64.9		OR4X2	62.2	
OR4X2	sonnet_dual_triage	7	303.0	77	0	1	0	0	1	0	0	0	1	88.4			OR4C5	63.5	
OR51A2	sonnet_dual_triage	7	313.0	78	0	1	0	0	0	0	0	0	1				OR51A4	94.9	
OR51A4	sonnet_dual_triage	7	313.0	78	0	1	0	0	0	0	0	0	1				OR51A2	94.9	
OR51A7	sonnet_dual_triage	7	312.0	83	0	1	0	1	0	0	0	0	1		85.6		OR51A4	68.4	
OR51B4	sonnet_dual_triage	7	310.0	83	0	1	0	1	0	0	0	0	1		75.2		OR51B6	68.3	
OR51B5	sonnet_dual_triage	7	312.0	80	0	1	0	0	1	0	0	0	1	91.3			OR51B6	78.5	
OR51B6	sonnet_dual_triage	7	312.0	86	0	1	0	0	0	0	0	0	1				OR51B5	78.5	
OR51C1	sonnet_dual_triage	7	312.0	79	0	1	0	1	1	0	0	0	1	89.1	83.0		OR51G2	61.0	
OR51D1	sonnet_dual_triage	7	324.0	89	0	1	0	1	1	0	0	0	1	93.8	88.3		OR51C1	51.3	
OR51E1	sonnet_dual_triage	7	318.0	80	0	1	0	1	1	0	0	0	1	97.8	93.1		OR51E2	56.6	
OR51E2	sonnet_dual_triage	7	320.0	81	0	1	0	1	1	0	0	0	1	98.8	92.8		OR51G2	57.9	
OR51F1	sonnet_dual_triage	7	319.0	88	0	1	0	0	1	0	0	0	0	90.3			OR11A1	33.3	
OR51F2	sonnet_dual_triage	7	342.0	95	0	1	0	1	1	0	0	0	1	83.9	79.1		OR51C1	58.4	
OR51G1	sonnet_dual_triage	7	321.0	80	0	1	0	1	0	0	0	0	1		86.9		OR51B6	58.4	
OR51G2	sonnet_dual_triage	7	314.0	83	0	1	0	1	1	0	0	0	1	93.9	90.8		OR51B6	62.3	
OR51I1	sonnet_dual_triage	7	314.0	88	0	1	0	1	0	0	0	0	1		87.9		OR51I2	54.1	
OR51I2	sonnet_dual_triage	7	312.0	85	0	1	0	1	1	0	0	0	1	94.9	89.1		OR51G2	60.8	
OR51L1	sonnet_dual_triage	7	315.0	83	0	1	0	1	0	0	0	0	1		87.9		OR51B6	55.7	
OR51M1	sonnet_dual_triage	7	326.0	95	0	1	0	1	1	0	0	0	1	93.6	81.3		OR51B6	59.3	
OR51Q1	sonnet_dual_triage	7	317.0	81	0	1	0	0	0	0	0	0	1				OR51I2	57.5	
OR51S1	sonnet_dual_triage	7	323.0	84	0	1	0	1	1	0	0	0	1	92.6	79.9		OR51G2	46.8	
OR51T1	sonnet_dual_triage	7	327.0	81	0	1	0	1	1	0	0	0	1	95.7	78.3		OR51B5	45.3	
OR51V1	sonnet_dual_triage	7	321.0	91	0	1	0	0	1	0	0	0	1	94.6			OR51B5	56.6	
OR52A1	sonnet_dual_triage	7	312.0	81	0	1	0	0	1	0	0	0	1	91.7			OR52A5	67.9	
OR52A5	sonnet_dual_triage	7	316.0	88	0	1	0	0	1	0	0	0	1	97.5			OR52A1	67.9	
OR52B2	sonnet_dual_triage	7	323.0	84	0	1	0	1	0	0	0	0	1		87.9		OR52E5	61.8	
OR52B4	sonnet_dual_triage	7	314.0	83	0	1	0	1	0	0	0	0	1		84.1		OR52E1	55.8	
OR52B6	sonnet_dual_triage	7	335.0	104	0	1	0	1	1	0	0	0	1	89.0	76.7		OR52E2	53.3	
OR52D1	sonnet_dual_triage	7	318.0	84	0	1	0	1	0	1	0	0	1		86.2	2.0	OR52E8	66.7	
OR52E1	sonnet_dual_triage	7	308.0	82	0	1	0	0	0	0	0	0	1				OR52E8	78.7	
OR52E2	sonnet_dual_triage	7	325.0	77	0	1	0	1	0	1	0	0	1		81.8	2.0	OR52E1	73.6	
OR52E4	sonnet_dual_triage	7	312.0	80	0	1	0	1	1	0	0	0	1	90.7	85.6		OR52E8	73.1	
OR52E5	sonnet_dual_triage	7	327.0	76	0	1	0	1	0	1	0	0	1		82.9	2.0	OR52E8	77.6	
OR52E6	sonnet_dual_triage	7	313.0	78	0	1	0	0	0	0	0	0	1				OR52E8	88.2	
OR52E8	sonnet_dual_triage	7	313.0	78	0	1	0	0	0	0	0	0	1				OR52E6	88.2	
OR52H1	sonnet_dual_triage	7	314.0	78	0	1	0	1	0	0	0	0	1		88.9		OR52E1	58.7	
OR52I1	sonnet_dual_triage	7	324.0	92	0	1	0	0	0	0	0	0	1				OR52I2	96.7	
OR52I2	sonnet_dual_triage	7	350.0	118	0	1	0	0	0	0	0	0	1				OR52I1	96.7	
OR52J3	sonnet_dual_triage	7	311.0	81	0	1	0	1	0	0	0	0	1		82.3		OR52E5	63.2	
OR52K1	sonnet_dual_triage	7	314.0	82	0	1	0	0	1	1	0	0	1	90.1		2.0	OR52K2	90.2	
OR52K2	sonnet_dual_triage	7	314.0	82	0	1	0	1	1	0	0	0	1	86.0	87.9		OR52K1	90.2	
OR52L1	sonnet_dual_triage	7	329.0	99	0	1	0	1	0	1	0	0	1		82.4	2.0	OR52R1	60.3	
OR52M1	sonnet_dual_triage	7	317.0	86	0	1	0	1	1	0	0	0	1	93.7	90.2		OR52A5	57.0	
OR52N1	sonnet_dual_triage	7	320.0	80	0	1	0	1	0	0	0	0	1		86.6		OR52N2	75.9	
OR52N2	sonnet_dual_triage	7	321.0	84	0	1	0	0	0	1	0	0	1			2.0	OR52N1	75.9	
OR52N4	sonnet_dual_triage	7	321.0	88	0	1	0	0	1	0	0	0	1	96.0			OR52N2	67.9	
OR52N5	sonnet_dual_triage	7	324.0	90	0	1	0	1	1	0	0	0	1	84.6	84.9		OR52N2	66.7	
OR52P1	sonnet_dual_triage	7	321.0	83	0	1	0	0	0	1	0	0	1			2.0	OR52L1	56.8	
OR52R1	sonnet_dual_triage	7	315.0	82	0	1	0	0	0	0	0	0	1				OR52L1	60.3	
OR52W1	sonnet_dual_triage	7	320.0	87	0	1	0	1	0	1	0	0	1		79.4	2.0	OR52L1	46.5	
OR56A1	sonnet_dual_triage	7	318.0	82	0	1	0	0	0	1	0	0	1			2.0	OR56A4	78.2	
OR56A3	sonnet_dual_triage	7	315.0	88	0	1	0	0	0	0	0	0	1				OR56A1	61.3	
OR56A4	sonnet_dual_triage	7	313.0	85	0	1	0	0	0	0	0	0	1				OR56A5	87.1	
OR56A5	sonnet_dual_triage	7	313.0	87	0	1	0	0	0	0	0	0	1				OR56A4	87.1	
OR56B1	sonnet_dual_triage	7	324.0	88	0	1	0	0	0	0	0	0	1				OR56B2	74.7	
OR56B2	sonnet_dual_triage	7	316.0	84	0	1	0	0	0	0	0	0	1				OR56B1	74.7	
OR56B4	sonnet_dual_triage	7	319.0	87	0	1	0	0	0	0	0	0	1				OR56B1	67.9	
OR5A1	sonnet_dual_triage	7	315.0	89	0	1	0	1	1	0	0	0	1	95.9	83.8		OR5A2	69.0	
OR5A2	sonnet_dual_triage	7	324.0	95	0	1	0	1	1	0	0	0	1	95.1	78.1		OR5A1	69.0	
OR5AC2	sonnet_dual_triage	7	309.0	87	0	1	0	0	0	0	0	0	1				OR5H2	67.1	
OR5AK2	sonnet_dual_triage	7	309.0	87	0	1	0	0	0	0	0	0	1				OR5B21	50.6	
OR5AL1	sonnet_dual_triage	7	329.0	104	0	1	0	0	0	0	0	0	1				OR8J2	60.5	
OR5AN1	sonnet_dual_triage	7	311.0	85	0	1	0	0	1	0	0	0	1	96.5			OR5A2	57.1	
OR5AP2	sonnet_dual_triage	7	316.0	90	0	1	0	1	1	0	0	0	1	95.6	85.8		OR5B21	64.6	
OR5AR1	sonnet_dual_triage	7	310.0	83	0	1	0	1	0	0	0	0	1		92.6		OR5B21	64.2	
OR5AS1	sonnet_dual_triage	7	324.0	87	0	1	0	1	0	1	0	1	1		78.1	2.0	OR5B21	61.2	1.0
OR5AU1	sonnet_dual_triage	7	362.0	139	0	1	0	1	1	0	0	0	1	95.2	84.2		OR5F1	54.0	
OR5B12	sonnet_dual_triage	7	314.0	85	0	1	0	0	0	0	0	0	1				OR5B2	70.2	
OR5B17	sonnet_dual_triage	7	314.0	83	0	1	0	0	0	0	0	0	1				OR5B3	74.4	
OR5B2	sonnet_dual_triage	7	309.0	84	0	1	0	0	1	0	0	0	1	93.5			OR5B3	84.1	
OR5B21	sonnet_dual_triage	7	309.0	86	0	1	0	1	1	0	0	0	1	96.8	86.1		OR5B12	65.9	
OR5B3	sonnet_dual_triage	7	314.0	82	0	1	0	0	0	0	0	1	1				OR5B2	84.1	1.0
OR5BS1	sonnet_dual_triage	7	311.0	83	0	1	0	1	1	0	0	0	1	92.9	76.8		OR4C15	52.0	
OR5C1	sonnet_dual_triage	7	320.0	89	0	1	0	1	0	0	0	0	1		85.0		OR5W2	58.0	
OR5D13	sonnet_dual_triage	7	314.0	93	0	1	0	0	0	0	0	0	1				OR5D3	66.7	
OR5D14	sonnet_dual_triage	7	314.0	92	0	1	0	0	1	0	0	0	1	94.3			OR5D18	60.4	
OR5D16	sonnet_dual_triage	7	328.0	86	0	1	0	1	0	0	0	0	1		77.7		OR5D18	82.4	
OR5D18	sonnet_dual_triage	7	313.0	91	0	1	0	0	0	0	0	0	1				OR5D16	82.4	
OR5D3	sonnet_dual_triage	7	323.0	104	0	1	0	0	1	0	0	0	1	95.7			OR5D13	66.7	
OR5F1	sonnet_dual_triage	7	314.0	90	0	1	0	0	1	0	0	0	1	92.7			OR5AP2	64.3	
OR5H1	sonnet_dual_triage	7	313.0	83	0	1	0	0	0	0	0	0	1				OR5H15	97.6	
OR5H14	sonnet_dual_triage	7	310.0	79	0	1	0	0	1	1	0	0	1	90.6		2.0	OR5H6	93.5	
OR5H15	sonnet_dual_triage	7	313.0	83	0	1	0	0	0	0	0	0	1				OR5H1	97.6	
OR5H2	sonnet_dual_triage	7	309.0	79	0	1	0	0	1	0	0	0	1	95.1			OR5H1	80.8	
OR5H6	sonnet_dual_triage	7	325.0	100	0	1	0	0	1	0	0	0	1	87.4			OR5H14	93.5	
OR5I1	sonnet_dual_triage	7	314.0	87	0	1	0	1	0	0	0	0	1		90.1		OR5F1	62.4	
OR5J2	sonnet_dual_triage	7	312.0	90	0	1	0	1	0	0	0	0	1		78.2		OR5F1	57.3	
OR5K1	sonnet_dual_triage	7	308.0	83	0	1	0	0	1	0	0	0	1	96.4			OR5K2	91.6	
OR5K2	sonnet_dual_triage	7	316.0	83	0	1	0	0	1	0	0	0	1	94.0			OR5K1	91.6	
OR5K3	sonnet_dual_triage	7	321.0	84	0	1	0	0	0	0	0	0	1				OR5K4	72.0	
OR5K4	sonnet_dual_triage	7	321.0	85	0	1	0	0	0	1	0	0	1			2.0	OR5K1	73.5	
OR5L1	sonnet_dual_triage	7	311.0	88	0	1	0	0	0	0	0	0	1				OR5L2	95.5	
OR5L2	sonnet_dual_triage	7	311.0	88	0	1	0	0	0	0	0	0	1				OR5L1	95.5	
OR5M1	sonnet_dual_triage	7	315.0	90	0	1	0	0	0	0	0	0	1				OR5M10	98.9	
OR5M10	sonnet_dual_triage	7	315.0	90	0	1	0	0	0	0	0	0	1				OR5M1	98.9	
OR5M11	sonnet_dual_triage	7	305.0	91	0	1	0	0	0	0	0	0	1				OR5M10	66.3	
OR5M3	sonnet_dual_triage	7	307.0	93	0	1	0	0	1	0	0	0	1	94.5			OR5M9	80.6	
OR5M8	sonnet_dual_triage	7	311.0	92	0	1	0	1	0	0	0	0	1		84.6		OR5M3	74.4	
OR5M9	sonnet_dual_triage	7	310.0	93	0	1	0	0	1	0	0	0	1	95.2			OR5M3	80.6	
OR5P2	sonnet_dual_triage	7	322.0	88	0	1	0	0	0	0	0	0	1				OR5M10	56.1	
OR5P3	sonnet_dual_triage	7	311.0	85	0	1	0	0	0	0	0	0	1				OR5P2	55.7	
OR5T1	sonnet_dual_triage	7	326.0	98	0	1	0	0	1	0	0	0	1	89.9			OR5T3	75.5	
OR5T2	sonnet_dual_triage	7	359.0	123	0	1	0	0	0	0	0	0	1				OR5T1	64.6	
OR5T3	sonnet_dual_triage	7	340.0	119	0	1	0	0	1	0	0	0	1	93.2			OR5T1	75.5	
OR5V1	sonnet_dual_triage	7	321.0	89	0	1	0	0	1	0	0	0	1	94.4			OR10C1	53.2	
OR5W2	sonnet_dual_triage	7	310.0	91	0	1	0	0	1	0	0	0	1	95.2			OR5AP2	61.4	
OR6A2	sonnet_dual_triage	7	327.0	88	0	1	0	1	0	0	0	0	1		89.9		OR6B1	54.1	
OR6B1	sonnet_dual_triage	7	311.0	87	0	1	0	1	1	0	0	0	1	96.5	92.6		OR6A2	54.1	
OR6B2	sonnet_dual_triage	7	312.0	88	0	1	0	0	0	0	0	0	1				OR6B3	95.4	
OR6B3	sonnet_dual_triage	7	331.0	87	0	1	0	0	1	0	0	0	1	88.5			OR6B2	95.4	
OR6C1	sonnet_dual_triage	7	312.0	74	0	1	0	0	1	0	0	0	1	95.2			OR6C3	69.9	
OR6C2	sonnet_dual_triage	7	312.0	74	0	1	0	0	1	0	0	0	1	95.8			OR6C68	71.6	
OR6C3	sonnet_dual_triage	7	311.0	75	0	1	0	1	0	0	0	0	1		88.4		OR6C1	69.9	
OR6C4	sonnet_dual_triage	7	309.0	75	0	1	0	0	1	0	0	0	1	95.5			OR2AP1	76.0	
OR6C6	sonnet_dual_triage	7	314.0	80	0	1	0	0	0	0	0	0	1				OR6C70	73.0	
OR6C65	sonnet_dual_triage	7	312.0	74	0	1	0	0	0	0	0	0	1				OR6C76	71.6	
OR6C68	sonnet_dual_triage	7	312.0	77	0	1	0	0	0	0	0	0	1				OR6C2	71.6	
OR6C70	sonnet_dual_triage	7	312.0	74	0	1	0	0	0	0	0	0	1				OR6C6	73.0	
OR6C74	sonnet_dual_triage	7	312.0	76	0	1	0	0	1	0	0	0	1	95.8			OR6C76	68.9	
OR6C75	sonnet_dual_triage	7	312.0	75	0	1	0	0	1	0	0	0	1	95.2			OR6C76	68.0	
OR6C76	sonnet_dual_triage	7	312.0	77	0	1	0	0	0	0	0	0	1				OR6C65	71.6	
OR6F1	sonnet_dual_triage	7	308.0	83	0	1	0	1	1	0	0	0	1	93.5	83.1		OR6J1	49.4	
OR6J1	sonnet_dual_triage	7	347.0	79	0	1	0	0	0	0	0	0	1				OR6T1	55.7	
OR6K2	sonnet_dual_triage	7	324.0	82	0	1	0	1	0	0	0	0	1		83.6		OR6K6	65.8	
OR6K3	sonnet_dual_triage	7	331.0	94	0	1	0	1	1	0	0	0	1	95.2	77.1		OR6K6	62.4	
OR6K6	sonnet_dual_triage	7	343.0	105	0	1	0	1	1	0	0	0	1	92.2	80.3		OR6K2	65.8	
OR6M1	sonnet_dual_triage	7	313.0	83	0	1	0	0	1	0	0	0	1	93.0			OR6J1	52.6	
OR6N1	sonnet_dual_triage	7	312.0	82	0	1	0	1	1	0	0	0	1	94.6	88.5		OR6N2	68.3	
OR6N2	sonnet_dual_triage	7	317.0	85	0	1	0	1	1	0	0	0	1	94.6	85.8		OR6N1	68.3	
OR6P1	sonnet_dual_triage	7	317.0	86	0	1	0	0	0	0	0	0	1				OR6B3	53.0	
OR6Q1	sonnet_dual_triage	7	317.0	88	0	1	0	0	1	0	0	0	1	94.6			OR8K3	50.0	
OR6S1	sonnet_dual_triage	7	331.0	83	0	1	0	1	0	0	0	0	1		83.1		OR6J1	50.0	
OR6T1	sonnet_dual_triage	7	323.0	74	0	1	0	0	1	0	0	0	1	91.0			OR6J1	55.7	
OR6V1	sonnet_dual_triage	7	313.0	81	0	1	0	0	1	0	0	0	1	95.2			OR6C3	46.7	
OR6X1	sonnet_dual_triage	7	312.0	73	0	1	0	1	1	0	0	0	1	92.3	85.3		OR6T1	45.7	
OR6Y1	sonnet_dual_triage	7	325.0	92	0	1	0	0	1	0	0	0	1	56.0			OR6B1	52.9	
OR7A10	sonnet_dual_triage	7	309.0	91	0	1	0	0	0	0	0	0	1				OR7A17	75.6	
OR7A17	sonnet_dual_triage	7	309.0	88	0	1	0	0	0	0	0	0	1				OR7A5	78.4	
OR7A5	sonnet_dual_triage	7	319.0	93	0	1	0	0	0	0	0	0	1				OR7A17	78.4	
OR7C1	sonnet_dual_triage	7	320.0	91	0	1	0	0	0	0	0	0	1				OR7C2	77.8	
OR7C2	sonnet_dual_triage	7	319.0	91	0	1	0	1	1	0	0	0	1	90.6	71.8		OR7C1	77.8	
OR7D2	sonnet_dual_triage	7	312.0	93	0	1	0	0	0	0	0	0	1				OR7A17	64.8	
OR7D4	sonnet_dual_triage	7	312.0	94	0	1	0	0	0	0	0	0	1				OR7G2	64.8	
OR7E24	sonnet_dual_triage	7	339.0	106	0	1	0	0	1	0	0	0	1	89.1			OR7A17	57.6	
OR7G1	sonnet_dual_triage	7	311.0	91	0	1	0	0	0	0	0	0	1				OR7G2	70.3	
OR7G2	sonnet_dual_triage	7	324.0	91	0	1	0	0	0	0	0	0	1				OR7G1	70.3	
OR7G3	sonnet_dual_triage	7	312.0	91	0	1	0	0	0	0	0	0	1				OR7G2	64.8	
OR8A1	sonnet_dual_triage	7	326.0	102	0	1	0	0	1	0	0	0	1	96.1			OR8D4	63.1	
OR8B12	sonnet_dual_triage	7	310.0	91	0	1	0	0	1	0	0	0	1	94.5			OR8B8	72.7	
OR8B2	sonnet_dual_triage	7	313.0	87	0	1	0	0	0	0	0	0	1				OR8B3	97.7	
OR8B3	sonnet_dual_triage	7	313.0	87	0	1	0	0	0	0	0	0	1				OR8B2	97.7	
OR8B4	sonnet_dual_triage	7	309.0	88	0	1	0	1	1	0	0	0	1	91.6	86.1		OR8B3	69.0	
OR8B8	sonnet_dual_triage	7	311.0	88	0	1	0	1	1	0	0	0	1	95.5	85.9		OR8B12	72.7	
OR8D1	sonnet_dual_triage	7	308.0	88	0	1	0	0	1	0	0	0	1	94.8			OR8D2	61.0	
OR8D2	sonnet_dual_triage	7	311.0	82	0	1	0	0	0	0	0	0	1				OR8D1	61.0	
OR8D4	sonnet_dual_triage	7	314.0	86	0	1	0	1	1	0	0	0	1	92.0	84.1		OR8A1	63.1	
OR8G1	sonnet_dual_triage	7	311.0	88	0	1	0	0	0	0	0	0	1				OR8G5	80.2	
OR8G3	sonnet_dual_triage	7	310.0	90	0	1	0	0	0	0	0	0	1				OR8G1	78.4	
OR8G5	sonnet_dual_triage	7	346.0	121	0	1	0	0	1	0	0	0	1	92.9			OR8G1	80.2	
OR8H1	sonnet_dual_triage	7	311.0	89	0	1	0	0	1	1	0	0	1	92.0		2.0	OR8H3	88.8	
OR8H2	sonnet_dual_triage	7	312.0	97	0	1	0	0	0	0	0	0	1				OR8H3	91.8	
OR8H3	sonnet_dual_triage	7	312.0	98	0	1	0	0	0	0	0	0	1				OR8H2	91.8	
OR8I2	sonnet_dual_triage	7	310.0	90	0	1	0	1	1	0	0	0	1	92.3	85.2		OR8H3	55.6	
OR8J1	sonnet_dual_triage	7	316.0	88	0	1	0	0	1	0	0	0	1	93.7			OR8J3	91.6	
OR8J2	sonnet_dual_triage	7	315.0	86	0	1	0	0	0	0	0	0	1				OR8J1	83.5	
OR8J3	sonnet_dual_triage	7	315.0	83	0	1	0	0	1	0	0	0	1	92.1			OR8J1	91.6	
OR8K1	sonnet_dual_triage	7	319.0	91	0	1	0	1	1	0	0	0	1	96.9	79.9		OR8K3	62.2	
OR8K3	sonnet_dual_triage	7	312.0	88	0	1	0	0	0	0	0	0	1				OR8K5	70.1	
OR8K5	sonnet_dual_triage	7	307.0	93	0	1	0	0	0	0	0	0	1				OR8K3	70.1	
OR8S1	sonnet_dual_triage	7	359.0	84	0	1	0	0	1	0	0	0	1	86.5			OR5BS1	47.0	
OR8U1	sonnet_dual_triage	7	309.0	85	0	1	0	1	1	0	0	0	1	94.2	86.4		OR8J2	63.5	
OR8U3	sonnet_dual_triage	7	324.0	92	0	1	0	1	0	0	0	0	1		80.6		OR8J2	64.0	
OR8U8	sonnet_dual_triage	7	319.0	86	0	1	0	0	0	0	0	0	0						
OR8U9	sonnet_dual_triage	7	309.0	87	0	1	0	0	0	0	0	0	0						
OR9A2	sonnet_dual_triage	7	310.0	78	0	1	0	1	0	0	0	0	1		81.6		OR9A4	67.9	
OR9A4	sonnet_dual_triage	7	314.0	79	0	1	0	1	1	0	0	0	1	79.6	84.4		OR9A2	67.9	
OR9G1	sonnet_dual_triage	7	305.0	88	0	1	0	1	1	0	0	0	1	92.1	76.1		OR11H4	48.1	
OR9G4	sonnet_dual_triage	7	327.0	101	0	1	0	1	1	0	0	0	1	95.8	87.2		OR5F1	57.6	
OR9G9	sonnet_dual_triage	7	305.0	88	0	1	0	0	0	0	0	0	0						
OR9H1	sonnet_dual_triage	7	308.0	85	0	1	0	1	1	0	0	0	1	93.5	83.8		OR5AP2	56.8	
OR9I1	sonnet_dual_triage	7	314.0	86	0	1	0	0	1	0	0	0	1	93.6			OR5B21	53.6	
OR9K2	sonnet_dual_triage	7	335.0	107	0	1	0	0	0	0	0	0	1				OR8I2	51.2	
OR9Q1	sonnet_dual_triage	7	310.0	88	0	1	0	1	1	0	0	0	1	91.9	82.3		OR9Q2	70.2	
OR9Q2	sonnet_dual_triage	7	314.0	84	0	1	0	1	1	0	0	0	1	85.0	85.7		OR9Q1	70.2	
ORAI1	sonnet_dual_triage	4	301.0	51	0	0	0	1	1	1	0	0	1	52.2	91.0	2.0	ORAI3	51.0	
ORAI2	sonnet_dual_triage	4	254.0	38	0	0	0	1	1	1	0	0	1	96.9	95.3	2.0	ORAI3	57.9	
ORAI3	sonnet_dual_triage	4	295.0	86	0	0	0	1	1	1	0	0	1	96.6	88.8	6.0	ORAI2	57.9	
OSCAR	sonnet_dual_triage	0	282.0	264	1	1	1	1	0	0	1	0	0		74.5		LILRA1	39.0	
OSCP1	sonnet_dual_triage	0	389.0	0	0	0	0	1	1	0	0	0	0	98.4	86.8				
OSMR	sonnet_dual_triage	1	979.0	716	1	1	0	1	1	0	1	1	0	94.5	55.2		CRLF2	34.4	5.0
OSTM1	sonnet_dual_triage	1	334.0	253	1	1	0	1	1	1	0	1	0	94.6	77.8	2.0			1.0
OTOA	sonnet_dual_triage	0	1153.0	1131	1	1	1	1	1	0	0	1	0	95.9	77.2		MSLN	30.8	3.0
OTOP1	sonnet_dual_triage	12	612.0	105	0	0	0	1	1	1	0	0	0	94.3	77.5	2.0	OTOP3	24.7	
OTOP2	sonnet_dual_triage	12	562.0	106	0	0	0	1	1	1	0	0	0	93.8	85.2	2.0	OTOP3	32.3	
OTOP3	sonnet_dual_triage	12	596.0	101	0	0	0	1	1	1	0	0	0	95.3	82.2	2.0	OTOP2	32.3	
OVCH2	sonnet_dual_triage	0	564.0	542	1	1	1	1	1	0	0	0	0	95.0	77.2		PRRG4	39.4	
OVGP1	sonnet_dual_triage	0	678.0	657	1	1	1	1	1	0	0	0	1	77.1	58.0		CHI3L1	48.9	
OXER1	sonnet_dual_triage	7	384.0	112	0	1	0	0	1	0	0	0	0	96.1			P2RY4	32.1	
OXGR1	sonnet_dual_triage	7	337.0	90	0	1	0	1	1	0	0	0	0	97.6	85.5		SUCNR1	34.1	
OXTR	sonnet_dual_triage	7	389.0	96	0	1	0	1	1	0	0	0	1	92.8	92.0		AVPR1B	58.4	
P2RX1	sonnet_dual_triage	2	399.0	288	0	0	0	1	1	0	0	1	1	97.5	89.5		P2RX4	50.7	2.0
P2RX2	sonnet_dual_triage	2	471.0	279	0	0	0	1	1	0	1	1	1	96.6	79.8		P2RX4	53.8	1.0
P2RX3	sonnet_dual_triage	2	397.0	284	0	0	0	1	0	0	0	1	1		93.7		P2RX5	52.5	1.0
P2RX4	sonnet_dual_triage	2	388.0	293	0	0	0	1	1	1	0	1	1	75.5	86.6	3.0	P2RX5	58.7	2.0
P2RX5	sonnet_dual_triage	2	444.0	293	0	0	0	1	1	1	0	0	1	81.8	69.0	3.0	P2RX4	58.7	
P2RX6	sonnet_dual_triage	2	441.0	285	0	0	0	1	1	1	1	1	1	93.9	71.7	3.0	P2RX5	51.2	2.0
P2RX7	sonnet_dual_triage	2	595.0	281	0	0	0	1	1	0	1	0	1	97.1	80.8		P2RX4	53.4	
P2RY1	sonnet_dual_triage	7	373.0	127	0	1	0	1	1	0	0	1	0	98.9	94.9		P2RY6	37.0	1.0
P2RY10	sonnet_dual_triage	7	339.0	85	0	1	0	1	1	0	0	0	0	98.2	83.2		CYSLTR1	33.8	
P2RY11	sonnet_dual_triage	7	374.0	107	0	1	0	0	0	0	0	0	0				GPR174	30.9	
P2RY12	sonnet_dual_triage	7	342.0	88	0	1	0	1	1	0	0	0	1	98.2	87.1		P2RY13	43.7	
P2RY13	sonnet_dual_triage	7	354.0	106	0	1	0	1	1	0	0	0	1	94.9	72.9		P2RY12	43.7	
P2RY14	sonnet_dual_triage	7	338.0	84	0	1	0	1	1	1	0	0	1	97.6	83.1	2.0	P2RY13	42.2	
P2RY2	sonnet_dual_triage	7	377.0	79	0	1	0	1	0	0	0	0	1		89.4		P2RY4	46.8	
P2RY4	sonnet_dual_triage	7	365.0	81	0	1	0	1	0	0	0	0	1		80.8		P2RY2	46.8	
P2RY6	sonnet_dual_triage	7	328.0	73	0	1	0	1	1	1	0	0	1	97.9	86.6	2.0	P2RY2	43.1	
P2RY8	sonnet_dual_triage	7	359.0	79	0	1	0	0	0	0	0	0	1				F2RL2	40.0	
P4HB	sonnet_dual_triage	0	508.0	491	1	1	1	1	0	0	0	0	1		93.7		PDIA2	49.5	
PACC1	sonnet_dual_triage	2	350.0	216	0	0	0	1	1	0	0	0	0	97.7	90.6				
PAEP	sonnet_dual_triage	0	180.0	162	1	1	1	0	1	0	0	0	0	81.1			LCN8	25.6	
PAG1	sonnet_dual_triage	1	432.0	15	0	1	0	1	1	0	0	0	0	96.5	78.7				
PALM2AKAP2	sonnet_dual_triage	0	1103.0	0	0	0	0	1	1	0	0	0	0	96.9	67.5				
PAM	sonnet_dual_triage	1	973.0	846	1	1	0	1	1	0	1	1	0	98.4	81.0				2.0
PAMR1	sonnet_dual_triage	0	720.0	699	1	1	1	1	1	0	0	0	0	98.1	90.1		F2	26.4	
PANX1	sonnet_dual_triage	4	426.0	73	0	0	0	1	1	0	0	0	1	96.2	86.4		PANX3	45.2	
PANX2	sonnet_dual_triage	4	677.0	86	0	0	0	1	0	0	1	0	0		92.3		PANX3	36.1	
PANX3	sonnet_dual_triage	4	392.0	84	0	0	0	1	1	1	0	0	1	97.7	88.8	2.0	PANX1	45.2	
PAPPA	sonnet_dual_triage	0	1627.0	1609	1	1	1	1	1	0	0	0	1	95.3	91.1		SUSD6	54.3	
PAPPA2	sonnet_dual_triage	0	1791.0	1769	1	1	1	1	1	0	0	0	1	96.0	79.1		SUSD6	58.0	
PAQR5	sonnet_dual_triage	8	330.0	68	0	0	0	1	1	0	0	0	0	97.0	91.5		PAQR6	29.7	
PAQR6	sonnet_dual_triage	8	344.0	67	0	0	0	1	0	0	1	0	0		87.2		PAQR5	29.7	
PAQR7	sonnet_dual_triage	8	346.0	59	0	0	0	1	1	0	0	0	0	97.7	82.4		PAQR8	30.9	
PAQR8	sonnet_dual_triage	8	354.0	57	0	0	0	1	1	0	0	0	0	90.7	94.1		PAQR3	34.0	
PAQR9	sonnet_dual_triage	8	377.0	85	0	0	0	1	1	0	0	0	0	63.9	92.8		PAQR5	24.6	
PARM1	sonnet_dual_triage	1	310.0	238	1	1	0	1	1	0	0	0	0	93.9	61.9				
PATE1	sonnet_dual_triage	0	126.0	105	1	1	1	1	1	0	0	0	0	81.7	61.1		PATE3	38.5	
PATE2	sonnet_dual_triage	0	113.0	95	1	1	1	0	1	0	0	0	0	85.8			PATE4	30.3	
PATE3	sonnet_dual_triage	0	98.0	78	1	1	1	1	1	0	0	0	0	87.8	64.3		PATE1	38.5	
PATE4	sonnet_dual_triage	0	98.0	76	1	1	1	0	1	0	0	0	0	94.9			ACRV1	31.6	
PAWR	sonnet_dual_triage	0	340.0	0	0	0	0	1	1	1	0	0	0	97.1	77.6	2.0			
PCDH1	sonnet_dual_triage	1	1060.0	795	1	1	0	1	1	0	0	1	1	98.6	79.6		PCDH7	53.8	5.0
PCDH10	sonnet_dual_triage	1	1040.0	706	1	1	0	1	1	0	0	1	1	99.5	96.8		PCDH19	50.4	5.0
PCDH11X	sonnet_dual_triage	1	1347.0	789	1	1	0	0	0	0	0	1	1				PCDH11Y	98.5	8.0
PCDH11Y	sonnet_dual_triage	1	1340.0	789	1	1	0	0	0	0	0	1	1				PCDH11X	98.5	5.0
PCDH12	sonnet_dual_triage	1	1184.0	699	1	1	0	1	1	0	0	1	1	98.0	80.2		PCDH18	43.2	3.0
PCDH15	sonnet_dual_triage	1	1955.0	1346	1	1	0	1	1	0	1	1	0	85.0	81.0		PCDH10	36.3	10.0
PCDH17	sonnet_dual_triage	1	1159.0	688	1	1	0	1	1	0	0	1	1	99.5	98.1		PCDH19	59.4	5.0
PCDH18	sonnet_dual_triage	1	1135.0	672	1	1	0	1	1	0	0	1	1	99.6	92.6		PCDH10	44.6	4.0
PCDH19	sonnet_dual_triage	1	1148.0	657	1	1	0	1	1	0	0	1	1	99.0	96.4		PCDH17	59.4	4.0
PCDH20	sonnet_dual_triage	1	951.0	828	1	1	0	1	1	0	0	1	1	98.3	92.5		PCDH9	45.5	4.0
PCDH7	sonnet_dual_triage	1	1069.0	849	1	1	0	1	1	0	0	1	1	83.9	97.8		PCDH1	53.8	7.0
PCDH8	sonnet_dual_triage	1	1070.0	721	1	1	0	1	0	0	0	1	1		94.2		PCDH18	43.6	6.0
PCDH9	sonnet_dual_triage	1	1237.0	792	1	1	0	1	1	0	0	1	1	99.7	96.0		PCDH11X	59.8	5.0
PCDHA1	sonnet_dual_triage	1	950.0	668	1	1	0	1	0	0	0	1	1		84.6		PCDHA2	81.4	5.0
PCDHA10	sonnet_dual_triage	1	948.0	667	1	1	0	1	0	0	0	1	1		83.2		PCDHA12	80.8	4.0
PCDHA11	sonnet_dual_triage	1	949.0	667	1	1	0	1	0	0	0	1	1		84.9		PCDHA8	80.1	4.0
PCDHA12	sonnet_dual_triage	1	941.0	668	1	1	0	0	0	0	0	1	1				PCDHA10	80.8	5.0
PCDHA13	sonnet_dual_triage	1	950.0	668	1	1	0	1	0	0	0	1	1		86.7		PCDHA3	80.4	5.0
PCDHA2	sonnet_dual_triage	1	948.0	668	1	1	0	1	0	0	0	1	1		86.7		PCDHA1	81.4	3.0
PCDHA3	sonnet_dual_triage	1	950.0	668	1	1	0	1	0	0	0	1	1		85.5		PCDHA4	83.7	4.0
PCDHA4	sonnet_dual_triage	1	947.0	668	1	1	0	0	1	0	0	1	1	76.0			PCDHA7	85.2	4.0
PCDHA5	sonnet_dual_triage	1	936.0	668	1	1	0	1	0	0	0	1	1		86.5		PCDHA4	81.4	4.0
PCDHA6	sonnet_dual_triage	1	950.0	668	1	1	0	0	0	0	0	1	1				PCDHA8	91.3	5.0
PCDHA7	sonnet_dual_triage	1	937.0	668	1	1	0	0	0	0	0	1	1				PCDHA9	92.1	3.0
PCDHA8	sonnet_dual_triage	1	950.0	668	1	1	0	0	0	0	0	1	1				PCDHA6	91.3	4.0
PCDHA9	sonnet_dual_triage	1	950.0	668	1	1	0	0	0	0	0	1	1				PCDHA7	92.1	5.0
PCDHAC1	sonnet_dual_triage	1	963.0	661	1	1	0	1	0	0	0	1	1		84.2		PCDHGA10	46.3	5.0
PCDHAC2	sonnet_dual_triage	1	1007.0	665	1	1	0	1	1	0	0	1	1	99.2	93.1		PCDHGA12	50.9	5.0
PCDHB1	sonnet_dual_triage	1	818.0	662	1	1	0	1	1	0	0	1	1	96.0	88.0		PCDHB15	56.5	4.0
PCDHB10	sonnet_dual_triage	1	800.0	665	1	1	0	0	1	1	0	1	1	92.6		2.0	PCDHB9	93.1	5.0
PCDHB11	sonnet_dual_triage	1	797.0	659	1	1	0	0	0	0	0	1	1				PCDHB12	90.7	3.0
PCDHB12	sonnet_dual_triage	1	795.0	663	1	1	0	0	0	0	0	1	1				PCDHB11	90.7	5.0
PCDHB13	sonnet_dual_triage	1	798.0	661	1	1	0	1	0	0	0	1	1		74.8		PCDHB8	94.7	4.0
PCDHB14	sonnet_dual_triage	1	798.0	659	1	1	0	1	1	0	0	1	1	95.9	78.7		PCDHB2	78.5	4.0
PCDHB15	sonnet_dual_triage	1	787.0	663	1	1	0	1	0	0	0	1	1		75.5		PCDHB4	77.9	4.0
PCDHB16	sonnet_dual_triage	1	776.0	661	1	1	0	1	1	0	0	1	1	93.6	76.4		PCDHB8	79.6	5.0
PCDHB2	sonnet_dual_triage	1	798.0	659	1	1	0	1	0	0	0	1	1		75.9		PCDHB14	78.5	5.0
PCDHB3	sonnet_dual_triage	1	796.0	663	1	1	0	1	1	0	0	1	1	74.0	77.6		PCDHB6	78.6	3.0
PCDHB4	sonnet_dual_triage	1	795.0	661	1	1	0	0	1	0	0	1	1	64.3			PCDHB5	78.8	5.0
PCDHB5	sonnet_dual_triage	1	795.0	660	1	1	0	0	0	0	0	1	1				PCDHB6	78.8	4.0
PCDHB6	sonnet_dual_triage	1	794.0	660	1	1	0	1	0	0	0	1	1		78.1		PCDHB5	78.8	4.0
PCDHB7	sonnet_dual_triage	1	793.0	659	1	1	0	1	0	0	0	1	1		77.7		PCDHB2	77.2	5.0
PCDHB8	sonnet_dual_triage	1	801.0	662	1	1	0	0	1	0	0	1	1	88.8			PCDHB13	94.7	5.0
PCDHB9	sonnet_dual_triage	1	797.0	663	1	1	0	0	0	0	0	1	1				PCDHB10	93.1	6.0
PCDHGA1	sonnet_dual_triage	1	931.0	664	1	1	0	1	0	0	0	1	1		83.2		PCDHGA6	71.9	5.0
PCDHGA10	sonnet_dual_triage	1	936.0	664	1	1	0	1	1	0	0	1	1	63.1	87.3		PCDHGA9	76.7	5.0
PCDHGA11	sonnet_dual_triage	1	935.0	664	1	1	0	1	0	0	0	1	1		82.7		PCDHGA12	73.2	6.0
PCDHGA12	sonnet_dual_triage	1	932.0	664	1	1	0	1	0	0	0	1	1		85.9		PCDHGA10	74.4	4.0
PCDHGA2	sonnet_dual_triage	1	932.0	664	1	1	0	1	0	0	0	1	1		86.1		PCDHGA3	75.3	5.0
PCDHGA3	sonnet_dual_triage	1	932.0	663	1	1	0	1	0	0	0	1	1		84.9		PCDHGA2	75.3	4.0
PCDHGA4	sonnet_dual_triage	1	962.0	664	1	1	0	1	0	0	0	1	1		81.8		PCDHGA6	73.5	4.0
PCDHGA5	sonnet_dual_triage	1	931.0	663	1	1	0	1	0	0	0	1	1		85.1		PCDHGA6	73.6	4.0
PCDHGA6	sonnet_dual_triage	1	932.0	663	1	1	0	1	0	0	0	0	1		80.3		PCDHGA7	75.1	
PCDHGA7	sonnet_dual_triage	1	932.0	664	1	1	0	1	0	0	0	1	1		84.5		PCDHGA6	75.1	4.0
PCDHGA8	sonnet_dual_triage	1	932.0	663	1	1	0	1	0	0	0	1	1		83.4		PCDHGA9	80.7	3.0
PCDHGA9	sonnet_dual_triage	1	932.0	665	1	1	0	1	0	0	0	1	1		84.1		PCDHGA8	80.7	3.0
PCDHGB1	sonnet_dual_triage	1	927.0	660	1	1	0	1	0	0	0	1	1		82.1		PCDHGB2	74.2	3.0
PCDHGB2	sonnet_dual_triage	1	931.0	662	1	1	0	1	0	0	0	1	1		82.2		PCDHGB1	74.2	5.0
PCDHGB3	sonnet_dual_triage	1	929.0	661	1	1	0	0	0	0	0	1	1				PCDHGB5	70.5	3.0
PCDHGB4	sonnet_dual_triage	1	923.0	659	1	1	0	1	0	0	0	1	1		83.7		PCDHGB5	81.7	3.0
PCDHGB5	sonnet_dual_triage	1	923.0	657	1	1	0	1	0	0	0	1	1		84.6		PCDHGB4	81.7	3.0
PCDHGB6	sonnet_dual_triage	1	930.0	661	1	1	0	1	0	0	0	1	1		83.0		PCDHGB7	78.2	4.0
PCDHGB7	sonnet_dual_triage	1	929.0	661	1	1	0	1	0	0	0	1	1		82.0		PCDHGB6	78.2	3.0
PCDHGC3	sonnet_dual_triage	1	934.0	662	1	1	0	1	0	0	0	1	1		92.1		PCDHGA4	47.6	7.0
PCDHGC4	sonnet_dual_triage	1	938.0	663	1	1	0	1	0	0	0	1	1		98.2		PCDHGC5	51.3	5.0
PCDHGC5	sonnet_dual_triage	1	944.0	664	1	1	0	1	0	0	0	1	1		93.1		PCDHGC4	51.3	4.0
PCED1B	sonnet_dual_triage	0	432.0	0	0	0	0	1	1	0	0	0	0	91.7	57.6				
PCNX2	sonnet_dual_triage	14	2137.0	81	0	0	0	1	1	0	1	0	1	92.2	80.4		PCNX3	45.8	
PCNX3	sonnet_dual_triage	14	2034.0	72	0	0	0	1	1	0	1	0	1	98.5	94.6		PCNX2	45.8	
PCSK5	sonnet_dual_triage	1	1860.0	1711	1	1	0	1	1	0	1	1	1	95.8	81.2		PCSK6	58.6	9.0
PCSK7	sonnet_dual_triage	1	785.0	627	1	1	0	1	1	0	0	0	1	98.2	85.9		PCSK6	45.0	
PCSK9	sonnet_dual_triage	0	692.0	662	1	1	1	1	1	1	0	0	0	96.4	76.7	2.0	PCSK5	32.3	
PDCD1	sonnet_dual_triage	1	288.0	146	1	1	0	1	0	0	0	1	0		59.7				1.0
PDCD1LG2	sonnet_dual_triage	1	273.0	202	1	1	0	1	1	0	1	1	1	95.2	63.0		CD274	45.0	2.0
PDGFA	sonnet_dual_triage	0	211.0	191	1	1	1	1	0	1	0	0	1		92.3	2.0	PDGFB	45.0	
PDGFB	sonnet_dual_triage	0	241.0	221	1	1	1	1	1	1	0	0	1	99.6	89.6	2.0	PDGFA	45.0	
PDGFC	sonnet_dual_triage	0	345.0	323	1	1	1	1	1	0	0	0	1	98.8	87.0		PDGFD	48.9	
PDGFD	sonnet_dual_triage	0	370.0	352	1	1	1	1	1	0	0	0	1	87.3	85.1		PDGFC	48.9	
PDGFRA	sonnet_dual_triage	1	1089.0	504	1	1	0	1	1	0	1	1	1	99.0	91.8		LMTK2	65.0	2.0
PDGFRB	sonnet_dual_triage	1	1106.0	499	1	1	0	1	1	0	1	1	1	94.8	85.4		LMTK2	50.0	2.0
PDGFRL	sonnet_dual_triage	0	375.0	354	1	1	1	1	1	0	0	0	0	97.3	89.3				
PDIA3	sonnet_dual_triage	0	505.0	481	1	1	1	1	1	0	0	0	1	84.4	93.1		PDIA4	42.0	
PDIA4	sonnet_dual_triage	0	645.0	621	1	1	1	1	1	0	0	0	1	97.8	87.9		PDIA3	42.0	
PDIA6	sonnet_dual_triage	0	440.0	421	1	1	1	1	1	1	0	0	0	97.5	95.2	2.0	TMX1	39.7	
PDPN	sonnet_dual_triage	1	162.0	111	1	1	0	0	1	0	0	0	0	92.6					
PDZD2	sonnet_dual_triage	0	2839.0	0	0	0	0	1	1	0	0	0	0	94.3	68.7				
PDZK1IP1	sonnet_dual_triage	1	114.0	13	1	1	0	1	1	0	0	0	1	99.1	82.5		SMIM24	40.0	
PEAR1	sonnet_dual_triage	1	1037.0	737	1	1	0	1	1	0	0	1	1	85.5	83.9		DLK1	40.3	7.0
PEBP4	sonnet_dual_triage	0	227.0	205	1	1	1	0	1	0	0	0	0	89.4					
PECAM1	sonnet_dual_triage	1	738.0	574	1	1	0	1	1	0	0	1	1	91.6	63.3		FCER1A	40.4	5.0
PEG10	sonnet_dual_triage	0	708.0	0	0	0	0	0	0	0	0	0	0						
PERP	sonnet_dual_triage	4	193.0	70	0	0	0	1	1	0	0	0	0	99.0	90.7		TMEM47	28.3	
PGAP6	sonnet_dual_triage	7	771.0	544	1	1	0	1	1	1	0	0	1	94.0	75.4	2.0	TMEM8B	46.1	
PGK1	sonnet_dual_triage	0	417.0	0	0	0	0	1	0	0	0	0	0		97.8				
PGLYRP3	sonnet_dual_triage	0	341.0	324	1	1	1	1	1	1	0	0	1	96.2	73.3	2.0	PGLYRP4	67.9	
PGRMC1	sonnet_dual_triage	1	195.0	31	0	1	0	1	1	0	0	0	0	83.1	95.4		CYB5D2	35.5	
PHB1	sonnet_dual_triage	0	272.0	245	1	1	1	1	0	1	0	0	1		99.6	2.0	PHB2	53.1	
PHB2	sonnet_dual_triage	1	299.0	263	0	0	1	1	1	1	0	0	1	100.0	100.0	2.0	PHB1	53.1	
PHEX	sonnet_dual_triage	1	749.0	709	0	0	1	1	1	1	0	1	1	98.8	96.0	2.0	ECE1	40.5	1.0
PI15	sonnet_dual_triage	0	258.0	239	1	1	1	1	1	0	0	0	1	99.6	93.4		R3HDML	60.9	
PI16	sonnet_dual_triage	0	463.0	436	1	1	1	1	1	1	0	1	0	70.8	66.3	2.0			2.0
PI3	sonnet_dual_triage	0	117.0	95	1	1	1	0	1	0	0	0	0	94.0			WFDC5	37.9	
PIANP	sonnet_dual_triage	1	282.0	148	1	1	0	1	1	0	0	0	0	100.0	92.8				
PIEZO1	sonnet_dual_triage	38	2521.0	598	0	0	0	1	0	0	0	0	1		82.2		PIEZO2	43.8	
PIEZO2	sonnet_dual_triage	38	2752.0	597	0	0	0	1	1	0	1	0	1	95.7	89.9		PIEZO1	43.8	
PIGR	sonnet_dual_triage	1	764.0	622	1	1	0	1	1	0	0	1	1	88.6	65.6		CD300H	41.8	4.0
PIK3AP1	sonnet_dual_triage	0	805.0	0	0	0	0	1	1	1	0	0	0	97.0	84.8	2.0			
PIK3IP1	sonnet_dual_triage	1	263.0	151	1	1	0	1	1	0	1	1	1	65.4	78.7		MST1	41.1	1.0
PILRA	sonnet_dual_triage	1	303.0	176	1	1	0	0	1	0	1	1	1	72.3			PILRB	85.4	1.0
PILRB	sonnet_dual_triage	1	227.0	171	1	1	0	0	0	0	1	1	1				PILRA	85.4	1.0
PINLYP	sonnet_dual_triage	0	204.0	178	1	1	1	1	1	0	0	0	0	88.2	55.9		LYPD8	28.1	
PIP	sonnet_dual_triage	0	146.0	118	1	1	1	0	1	1	0	0	0	75.3		2.0			
PIRT	sonnet_dual_triage	2	137.0	13	0	0	0	1	1	0	0	0	0	97.8	78.1		TMEM100	25.0	
PITPNM3	sonnet_dual_triage	0	974.0	0	0	0	0	1	0	1	0	0	0		94.5	2.0			
PJA2	sonnet_dual_triage	0	708.0	0	0	0	0	1	1	0	0	0	0	95.2	83.2				
PKD1	sonnet_dual_triage	11	4303.0	3345	1	1	0	1	0	0	0	1	1		78.2		PKD2L1	46.2	9.0
PKD1L1	sonnet_dual_triage	11	2849.0	2072	0	1	0	1	1	0	1	1	0	91.4	58.0		PKD2L1	39.4	2.0
PKD1L2	sonnet_dual_triage	11	2459.0	1632	1	1	0	1	1	0	1	1	0	75.6	63.6		PKD2L1	37.6	1.0
PKD1L3	sonnet_dual_triage	11	1732.0	938	1	1	0	0	0	0	0	1	0				PKD1	33.3	5.0
PKD2	sonnet_dual_triage	6	968.0	288	0	0	0	1	0	1	1	1	1		89.9	4.0	PKD2L1	59.2	2.0
PKD2L1	sonnet_dual_triage	6	805.0	292	0	0	0	1	1	1	0	1	1	96.1	82.2	4.0	PKD2	59.2	1.0
PKD2L2	sonnet_dual_triage	6	624.0	293	0	0	0	1	1	1	1	0	1	90.5	81.2	4.0	PKD2	50.3	
PKDCC	sonnet_dual_triage	0	493.0	469	1	1	1	1	1	0	0	0	0	91.9	92.9				
PKDREJ	sonnet_dual_triage	11	2253.0	1484	1	1	0	1	1	0	0	1	0	87.0	60.0		PKD2L1	36.8	2.0
PKHD1	sonnet_dual_triage	1	4074.0	3837	1	1	0	1	1	0	1	1	1	95.1	72.4		CLMN	75.0	9.0
PKHD1L1	sonnet_dual_triage	0	4243.0	4223	1	1	1	1	1	0	0	1	1	96.5	81.9		SYNE2	68.8	8.0
PKM	sonnet_dual_triage	0	531.0	0	0	0	0	1	0	0	0	0	0		97.7				
PLA1A	sonnet_dual_triage	0	456.0	431	1	1	1	1	1	0	0	0	0	92.3	81.4		LIPI	35.7	
PLA2G10	sonnet_dual_triage	0	165.0	134	1	1	1	1	1	0	0	0	1	92.7	64.8		PLA2G2D	40.8	
PLA2G12A	sonnet_dual_triage	0	189.0	167	1	1	1	1	0	0	0	0	1		89.4		PLA2G12B	46.7	
PLA2G15	sonnet_dual_triage	0	412.0	379	1	1	1	1	1	0	0	0	1	99.0	88.3		LCAT	49.1	
PLA2G1B	sonnet_dual_triage	0	148.0	133	1	1	1	1	1	0	0	0	1	87.8	77.7		PLA2G2A	42.7	
PLA2G2A	sonnet_dual_triage	0	144.0	124	1	1	1	0	1	0	0	0	1	91.7			PLA2G2E	56.1	
PLA2G2C	sonnet_dual_triage	0	149.0	131	1	1	1	1	1	0	0	0	0	83.2	65.8		PLA2G2A	35.5	
PLA2G2E	sonnet_dual_triage	0	142.0	123	1	1	1	1	1	0	0	0	1	95.8	84.5		PLA2G2A	56.1	
PLA2G2F	sonnet_dual_triage	0	168.0	148	1	1	1	1	1	0	0	0	1	75.8	71.6		PLA2G2D	48.8	
PLA2G7	sonnet_dual_triage	0	441.0	0	0	0	0	1	1	0	0	0	0	88.9	67.6				
PLA2R1	sonnet_dual_triage	1	1463.0	1380	1	1	0	1	1	0	1	1	0	96.2	73.7		CD302	38.5	5.0
PLAAT4	sonnet_dual_triage	0	164.0	0	0	0	0	0	1	0	0	0	0	64.0					
PLAC1	sonnet_dual_triage	0	212.0	194	1	1	1	0	1	0	0	0	0	94.3			OOSP2	32.6	
PLAC8	sonnet_dual_triage	0	115.0	0	0	0	0	1	1	0	0	0	0	93.0	81.7				
PLAC8L1	sonnet_dual_triage	0	177.0	0	0	0	0	1	1	0	0	0	0	95.5	77.4				
PLAC9	sonnet_dual_triage	0	97.0	75	1	1	1	1	0	0	0	0	0		72.2				
PLAU	sonnet_dual_triage	0	431.0	411	1	1	1	1	1	0	0	0	1	93.0	69.4		PRSS1	40.5	
PLAUR	sonnet_dual_triage	0	335.0	313	1	1	1	1	1	0	0	1	0	90.7	61.2		LYPD5	30.1	2.0
PLB1	sonnet_dual_triage	1	1458.0	1396	1	1	0	1	1	0	1	1	0	94.6	68.8				6.0
PLBD1	sonnet_dual_triage	0	553.0	521	1	1	1	1	1	1	0	0	0	86.4	77.4	2.0	PLBD2	37.0	
PLBD2	sonnet_dual_triage	0	589.0	548	1	1	1	1	1	0	0	0	0	96.3	81.2		PLBD1	37.0	
PLD2	sonnet_dual_triage	0	933.0	0	0	0	0	1	1	0	0	0	0	97.2	90.0				
PLD3	sonnet_dual_triage	1	490.0	431	0	0	1	1	1	0	0	0	1	88.6	93.3		PLD4	48.0	
PLD4	sonnet_dual_triage	1	506.0	455	0	0	1	1	1	1	0	0	1	92.1	73.9	2.0	PLD3	48.0	
PLEC	sonnet_dual_triage	0	4684.0	0	0	0	0	1	0	0	0	0	0		93.3				
PLET1	sonnet_dual_triage	0	207.0	182	1	1	1	0	1	0	0	1	0	84.1					2.0
PLGLB2	sonnet_dual_triage	0	96.0	77	1	1	1	0	0	0	0	0	1				PLGLB1	100.0	
PLGRKT	sonnet_dual_triage	2	147.0	6	0	0	0	1	1	1	0	0	0	98.0	82.3	5.0			
PLLP	sonnet_dual_triage	4	182.0	30	0	0	0	1	0	0	0	0	1		90.1		PLP2	41.7	
PLP2	sonnet_dual_triage	4	152.0	12	0	0	0	0	1	0	1	0	1	98.7			PLLP	41.7	
PLPP1	sonnet_dual_triage	6	284.0	90	0	0	0	1	1	1	0	0	1	87.7	74.3	4.0	PLPP3	66.3	
PLPP2	sonnet_dual_triage	6	288.0	88	0	0	0	1	1	1	1	0	1	96.5	86.1	4.0	PLPP1	65.9	
PLPP3	sonnet_dual_triage	6	311.0	91	0	0	0	1	1	1	0	0	1	99.7	94.9	4.0	PLPP1	66.3	
PLPP4	sonnet_dual_triage	6	271.0	80	0	0	0	1	0	1	1	0	1		99.3	4.0	PLPP5	72.5	
PLPP5	sonnet_dual_triage	6	264.0	81	0	0	0	1	1	1	1	0	1	99.2	85.2	4.0	PLPP4	72.5	
PLPPR1	sonnet_dual_triage	6	325.0	99	0	0	0	1	1	1	0	0	1	99.4	96.3	4.0	PLPPR5	56.2	
PLPPR2	sonnet_dual_triage	6	343.0	103	0	0	0	1	1	1	1	0	1	95.4	96.7	4.0	PLPPR5	62.5	
PLPPR3	sonnet_dual_triage	6	718.0	98	0	0	0	1	0	0	1	0	1		88.6		PLPPR4	66.0	
PLPPR4	sonnet_dual_triage	6	763.0	94	0	0	0	1	1	0	1	0	1	99.9	97.2		PLPPR3	66.0	
PLPPR5	sonnet_dual_triage	6	321.0	96	0	0	0	1	1	1	0	0	1	95.0	92.2	4.0	PLPPR2	62.5	
PLSCR1	sonnet_dual_triage	0	318.0	0	0	0	0	0	0	0	0	0	0						
PLSCR2	sonnet_dual_triage	0	297.0	0	0	0	0	0	1	0	0	0	0	94.2					
PLSCR3	sonnet_dual_triage	0	295.0	0	0	0	0	1	0	0	0	0	0		93.2				
PLSCR4	sonnet_dual_triage	0	329.0	0	0	0	0	1	1	0	0	0	0	96.4	79.3				
PLSCR5	sonnet_dual_triage	0	271.0	0	0	0	0	1	1	0	0	0	0	97.4	87.8				
PLVAP	sonnet_dual_triage	1	442.0	394	0	0	1	1	1	1	0	1	0	94.3	61.8	2.0			5.0
PLXDC1	sonnet_dual_triage	1	500.0	408	1	1	0	1	1	0	1	0	1	97.0	81.4		PLXDC2	52.5	
PLXDC2	sonnet_dual_triage	1	529.0	425	1	1	0	1	1	0	0	1	1	97.4	91.9		PLXDC1	52.5	2.0
PLXNA1	sonnet_dual_triage	1	1896.0	1218	1	1	0	1	1	0	0	1	1	94.8	95.9		PLXNA3	59.3	7.0
PLXNA2	sonnet_dual_triage	1	1894.0	1203	1	1	0	1	1	0	0	1	1	99.7	96.6		PLXNA4	59.9	3.0
PLXNA3	sonnet_dual_triage	1	1871.0	1201	1	1	0	1	1	0	0	1	1	98.1	94.6		PLXNA1	59.3	5.0
PLXNA4	sonnet_dual_triage	1	1894.0	1214	1	1	0	1	1	0	1	1	1	99.6	97.7		PLXNA2	59.9	3.0
PLXNB1	sonnet_dual_triage	1	2135.0	1471	1	1	0	1	1	0	1	1	1	97.4	86.7		PLXNB3	46.3	3.0
PLXNB2	sonnet_dual_triage	1	1838.0	1181	1	1	0	1	1	0	0	1	0	96.0	87.6		PLXNB1	38.3	3.0
PLXNB3	sonnet_dual_triage	1	1909.0	1215	1	1	0	1	0	0	0	1	1		84.1		PLXNB1	46.3	6.0
PLXNC1	sonnet_dual_triage	1	1568.0	911	1	1	0	1	0	0	0	1	0		90.6		PLXND1	28.5	2.0
PLXND1	sonnet_dual_triage	1	1925.0	1227	1	1	0	1	1	0	0	1	0	61.9	91.4		PLXNB1	34.1	7.0
PM20D1	sonnet_dual_triage	0	502.0	477	1	1	1	1	1	1	0	0	0	88.6	71.5	2.0	CNDP1	21.8	
PMEL	sonnet_dual_triage	1	661.0	572	1	1	0	1	1	0	0	1	0	95.2	75.0		GPNMB	33.5	2.0
PMEPA1	sonnet_dual_triage	1	287.0	43	0	1	0	1	1	0	0	0	0	78.7	87.1		LDLRAD4	34.9	
PMIS2	sonnet_dual_triage	3	150.0	4	0	0	1	0	0	0	0	0	0				SYNDIG1L	33.3	
PMP22	sonnet_dual_triage	4	160.0	58	0	0	0	1	1	0	0	0	0	98.8	86.2		GSG1L	36.2	
PNISR	sonnet_dual_triage	0	805.0	0	0	0	0	1	1	0	0	0	0	99.6	92.9				
PNMA2	sonnet_dual_triage	0	364.0	0	0	0	0	1	1	0	0	0	0	97.3	78.3				
PNMA3	sonnet_dual_triage	0	463.0	0	0	0	0	1	1	0	0	0	0	98.7	74.3				
PODXL	sonnet_dual_triage	1	558.0	439	1	1	0	0	0	1	0	1	0			2.0			1.0
PODXL2	sonnet_dual_triage	1	605.0	469	1	1	0	1	1	0	0	1	0	96.2	77.0				1.0
POPDC1	sonnet_dual_triage	3	360.0	45	0	1	0	1	1	1	0	0	0	98.9	87.2	2.0	POPDC3	36.7	
POPDC2	sonnet_dual_triage	3	364.0	28	0	1	0	1	1	1	0	0	0	88.9	83.7	2.0	POPDC3	35.7	
POPDC3	sonnet_dual_triage	3	291.0	30	0	1	0	1	1	1	0	0	0	99.0	89.0	2.0	POPDC1	36.7	
POTEA	sonnet_dual_triage	0	498.0	0	0	0	0	0	0	0	0	0	0						
POTEB	sonnet_dual_triage	0	544.0	0	0	0	0	0	0	0	0	0	0						
POTED	sonnet_dual_triage	0	584.0	0	0	0	0	0	0	0	0	0	0						
POTEE	sonnet_dual_triage	0	1075.0	0	0	0	0	0	0	0	0	0	0						
POTEF	sonnet_dual_triage	0	1075.0	0	0	0	0	0	0	0	0	0	0						
POTEH	sonnet_dual_triage	0	545.0	0	0	0	0	0	0	0	0	0	0						
POTEM	sonnet_dual_triage	0	508.0	0	0	0	0	0	0	0	0	0	0						
PPIA	sonnet_dual_triage	0	165.0	0	0	0	0	0	0	0	0	0	0						
PPIB	sonnet_dual_triage	0	216.0	183	1	1	1	1	1	0	0	0	1	100.0	94.0		PPIC	72.1	
PPT1	sonnet_dual_triage	0	306.0	285	1	1	1	0	1	0	0	0	1	98.7			DOLPP1	41.9	
PRADC1	sonnet_dual_triage	0	188.0	167	1	1	1	1	1	0	0	0	0	98.9	97.9				
PRAP1	sonnet_dual_triage	0	151.0	131	1	1	1	0	0	0	0	0	0						
PRCP	sonnet_dual_triage	0	496.0	475	1	1	1	1	1	1	0	0	1	97.8	77.0	2.0	DPP7	42.7	
PRDX1	sonnet_dual_triage	0	199.0	0	0	0	0	1	1	1	0	0	0	99.5	95.5	2.0			
PRDX2	sonnet_dual_triage	0	198.0	0	0	0	0	1	0	1	0	0	0		92.4	2.0			
PRDX4	sonnet_dual_triage	0	271.0	234	1	1	1	1	1	1	0	0	0	85.2	89.7	2.0			
PRG2	sonnet_dual_triage	0	222.0	206	1	1	1	1	1	0	0	0	1	89.2	59.9		PRG3	50.0	
PRG3	sonnet_dual_triage	0	225.0	208	1	1	1	1	1	0	0	0	1	87.6	61.3		PRG2	50.0	
PRG4	sonnet_dual_triage	0	1404.0	1380	1	1	1	1	1	0	0	0	0	79.5	62.5		VTN	32.9	
PRIMA1	sonnet_dual_triage	1	153.0	57	1	1	0	1	0	0	0	0	0		91.5				
PRLHR	sonnet_dual_triage	7	370.0	118	0	1	0	1	1	0	0	0	0	78.4	89.7		NPY4R	32.0	
PRLR	sonnet_dual_triage	1	622.0	212	1	1	0	1	1	0	1	1	1	95.7	67.7		LEPR	41.0	1.0
PRND	sonnet_dual_triage	0	176.0	150	1	1	1	1	1	0	0	1	0	90.9	73.9				2.0
PRNP	sonnet_dual_triage	0	253.0	231	1	1	1	1	1	0	0	1	0	96.4	89.7				1.0
PROCR	sonnet_dual_triage	1	238.0	193	1	1	0	1	1	0	0	1	0	93.7	66.8				2.0
PROK2	sonnet_dual_triage	0	129.0	102	1	1	1	1	1	0	0	0	1	95.3	75.2		PROK1	52.3	
PROKR1	sonnet_dual_triage	7	393.0	131	0	1	0	0	1	0	0	0	1	97.7			PROKR2	79.7	
PROKR2	sonnet_dual_triage	7	384.0	118	0	1	0	1	1	0	0	0	1	99.0	89.6		PROKR1	79.7	
PROM1	sonnet_dual_triage	5	865.0	623	1	1	0	1	1	0	0	1	0	95.8	60.9		PROM2	23.5	1.0
PROM2	sonnet_dual_triage	5	834.0	609	1	1	0	1	1	0	1	1	0	93.5	73.3		PROM1	23.5	1.0
PROS1	sonnet_dual_triage	0	676.0	652	1	1	1	1	1	0	0	0	0	95.9	79.6		SHBG	31.9	
PRPH2	sonnet_dual_triage	4	346.0	159	0	0	0	1	1	1	0	0	1	98.3	91.0	2.0	ROM1	43.5	
PRR27	sonnet_dual_triage	0	219.0	204	1	1	1	0	1	0	0	0	0	88.1					
PRRG1	sonnet_dual_triage	1	218.0	80	0	1	0	1	1	0	1	0	1	98.2	92.7		PRRG3	54.4	
PRRG2	sonnet_dual_triage	1	202.0	92	1	1	0	1	1	0	0	0	1	78.2	78.7		MASP2	44.6	
PRRG3	sonnet_dual_triage	1	231.0	79	0	1	0	1	1	0	0	0	1	97.4	94.4		PRRG1	54.4	
PRRG4	sonnet_dual_triage	1	226.0	99	1	1	0	1	1	0	0	0	1	95.1	74.8		PRRG1	40.0	
PRRT1	sonnet_dual_triage	1	306.0	10	0	0	1	1	1	0	0	0	1	95.4	97.4		PRRT2	100.0	
PRRT1B	sonnet_dual_triage	1	263.0	5	0	0	1	1	1	0	0	0	1	91.6	66.5		PRRT2	100.0	
PRRT2	sonnet_dual_triage	3	340.0	5	0	0	1	1	1	0	1	0	1	96.2	80.0		PRRT1	100.0	
PRRT3	sonnet_dual_triage	7	981.0	490	1	1	0	1	1	0	1	0	0	83.8	72.9				
PRSS21	sonnet_dual_triage	0	314.0	295	1	1	1	0	1	0	0	1	1	86.3			PRSS41	52.2	1.0
PRSS22	sonnet_dual_triage	0	317.0	285	1	1	1	1	1	0	0	0	1	82.6	74.4		TMPRSS6	40.7	
PRSS23	sonnet_dual_triage	0	383.0	360	1	1	1	1	1	0	0	0	1	99.0	90.6		PRSS35	54.4	
PRSS35	sonnet_dual_triage	0	413.0	393	1	1	1	1	1	0	0	0	1	96.1	77.2		PRSS23	54.4	
PRSS38	sonnet_dual_triage	0	326.0	294	1	1	1	1	1	0	0	0	0	92.0	57.1		CTRL	39.0	
PRSS41	sonnet_dual_triage	0	318.0	299	1	1	1	0	1	0	0	1	1	91.5			PRSS21	52.2	2.0
PRSS48	sonnet_dual_triage	0	328.0	310	1	1	1	1	1	0	0	0	1	92.4	56.4		PRSS27	42.5	
PRSS51	sonnet_dual_triage	0	220.0	204	1	1	1	1	1	0	0	0	0	94.7	69.8		KLKB1	35.3	
PRSS53	sonnet_dual_triage	0	553.0	530	1	1	1	1	1	0	0	0	1	84.8	80.3		PRSS36	42.6	
PRSS54	sonnet_dual_triage	0	395.0	366	1	1	1	1	1	0	0	0	0	91.9	57.7		KLK12	28.6	
PRSS55	sonnet_dual_triage	0	352.0	334	1	1	1	1	1	0	0	0	0	67.0	53.7		F11	38.0	
PRSS57	sonnet_dual_triage	0	283.0	252	1	1	1	1	1	0	0	0	1	87.6	68.8		GZMM	44.0	
PRSS8	sonnet_dual_triage	0	343.0	314	1	1	1	1	1	0	0	1	0	89.8	76.4				1.0
PRTG	sonnet_dual_triage	1	1150.0	914	1	1	0	1	1	0	0	1	1	98.4	90.2		IGDCC3	45.5	6.0
PRTN3	sonnet_dual_triage	0	256.0	231	1	1	1	1	0	0	0	0	1		63.7		ELANE	53.7	
PSAP	sonnet_dual_triage	0	524.0	508	1	1	1	1	1	0	0	0	1	96.2	66.2		PSAPL1	45.0	
PSCA	sonnet_dual_triage	0	114.0	103	1	1	1	1	1	0	0	0	0	93.9	60.5		LY6E	38.8	
PSG1	sonnet_dual_triage	0	419.0	385	1	1	1	0	0	0	0	0	1				PSG8	92.2	
PSG11	sonnet_dual_triage	0	335.0	301	1	1	1	0	0	0	0	0	1				PSG2	89.7	
PSG4	sonnet_dual_triage	0	419.0	385	1	1	1	0	0	0	0	0	1				PSG7	90.4	
PSG5	sonnet_dual_triage	0	335.0	301	1	1	1	0	0	0	0	0	1				PSG3	89.0	
PSG8	sonnet_dual_triage	0	426.0	392	1	1	1	0	0	0	0	0	1				PSG1	92.2	
PSG9	sonnet_dual_triage	0	426.0	392	1	1	1	0	0	0	0	0	1				PSG6	86.2	
PTAFR	sonnet_dual_triage	7	342.0	71	0	1	0	1	1	0	0	0	0	96.8	81.6		GPR34	35.3	
PTCH1	sonnet_dual_triage	12	1447.0	610	0	0	0	1	1	0	1	0	1	94.5	95.5		PTCH2	55.8	
PTCH2	sonnet_dual_triage	12	1203.0	606	0	0	0	1	1	0	0	0	1	97.4	89.4		PTCH1	55.8	
PTCHD1	sonnet_dual_triage	12	888.0	443	0	0	0	1	1	0	1	1	1	99.8	98.1		PTCHD4	53.1	1.0
PTCHD4	sonnet_dual_triage	12	846.0	388	0	0	0	1	1	0	1	1	1	98.8	96.8		PTCHD1	53.1	2.0
PTCRA	sonnet_dual_triage	1	281.0	124	1	1	0	0	0	0	0	1	0						1.0
PTER	sonnet_dual_triage	0	349.0	0	0	0	0	1	1	1	0	0	0	98.0	87.7	2.0			
PTGDR	sonnet_dual_triage	7	359.0	85	0	1	0	1	1	0	1	0	1	93.6	72.7		PTGER2	44.1	
PTGDR2	sonnet_dual_triage	7	395.0	111	0	1	0	1	0	1	0	0	0		76.7	2.0	LTB4R2	37.3	
PTGDS	sonnet_dual_triage	0	190.0	168	1	1	1	1	1	0	0	0	0	93.7	72.1		LCN2	37.5	
PTGER1	sonnet_dual_triage	7	402.0	88	0	1	0	1	0	0	0	0	0		85.3		PTGER2	37.7	
PTGER2	sonnet_dual_triage	7	358.0	73	0	1	0	1	0	0	0	0	1		87.2		PTGDR	44.1	
PTGER3	sonnet_dual_triage	7	390.0	122	0	1	0	1	1	0	0	0	1	91.8	79.0		PTGER2	41.1	
PTGER4	sonnet_dual_triage	7	488.0	77	0	1	0	1	1	0	0	0	0	98.2	88.3		PTGER3	36.4	
PTGFR	sonnet_dual_triage	7	359.0	86	0	1	0	1	1	0	1	0	0	98.3	88.6		PTGER4	33.3	
PTGFRN	sonnet_dual_triage	1	879.0	811	1	1	0	1	1	0	0	1	0	95.9	90.0		VSTM4	38.7	3.0
PTGIR	sonnet_dual_triage	7	386.0	73	0	1	0	1	0	0	0	0	1		79.0		PTGDR	42.5	
PTH1R	sonnet_dual_triage	7	593.0	227	1	1	0	1	1	0	0	0	1	90.1	90.2		PTH2R	45.1	
PTH2R	sonnet_dual_triage	7	550.0	187	1	1	0	1	1	0	0	1	1	83.6	82.9		PTH1R	45.1	1.0
PTK7	sonnet_dual_triage	1	1070.0	674	1	1	0	1	1	0	0	1	0	96.4	91.8				4.0
PTMA	sonnet_dual_triage	0	111.0	0	0	0	0	1	0	0	0	0	0		96.4				
PTP4A1	sonnet_dual_triage	0	173.0	0	0	0	0	1	1	0	0	0	0	100.0	100.0				
PTP4A3	sonnet_dual_triage	0	173.0	0	0	0	0	1	0	0	0	0	0		96.5				
PTPRA	sonnet_dual_triage	1	802.0	132	1	1	0	1	1	0	0	0	1	99.3	94.9		PTPRB	57.6	
PTPRB	sonnet_dual_triage	1	1997.0	1596	1	1	0	1	1	0	0	1	1	97.0	77.0		PTPRE	67.9	13.0
PTPRC	sonnet_dual_triage	1	1306.0	552	1	1	0	1	1	0	0	0	1	89.0	66.7		PTPRE	50.0	
PTPRCAP	sonnet_dual_triage	1	206.0	13	1	1	0	1	0	0	0	0	0		63.1				
PTPRD	sonnet_dual_triage	1	1912.0	1246	1	1	0	1	1	0	0	1	1	99.5	98.1		PTPRS	64.8	6.0
PTPRE	sonnet_dual_triage	1	700.0	28	1	1	0	1	1	0	1	0	1	98.9	86.0		PTPRJ	75.0	
PTPRF	sonnet_dual_triage	1	1907.0	1231	1	1	0	1	0	0	0	1	1		95.4		PTPRE	64.3	6.0
PTPRG	sonnet_dual_triage	1	1445.0	711	1	1	0	1	1	0	0	1	1	98.7	94.2		PTPRE	57.1	1.0
PTPRH	sonnet_dual_triage	1	1115.0	728	1	1	0	1	0	0	0	1	1		50.7		PTPRE	60.7	5.0
PTPRJ	sonnet_dual_triage	1	1337.0	936	1	1	0	1	1	0	1	1	1	91.9	66.9		PTPRE	75.0	5.0
PTPRK	sonnet_dual_triage	1	1439.0	725	1	1	0	1	1	0	0	1	1	99.7	98.7		PTPRE	60.7	3.0
PTPRM	sonnet_dual_triage	1	1452.0	722	1	1	0	1	1	0	0	1	1	99.6	97.3		PTPRT	63.7	1.0
PTPRN	sonnet_dual_triage	1	979.0	547	1	1	0	1	1	0	0	1	1	96.3	87.4		PTPRE	57.1	3.0
PTPRN2	sonnet_dual_triage	1	1015.0	594	1	1	0	1	0	0	0	1	1		69.8		PTPRE	57.1	1.0
PTPRO	sonnet_dual_triage	1	1216.0	790	1	1	0	1	1	0	1	1	1	99.3	91.7		PTPRE	64.3	5.0
PTPRQ	sonnet_dual_triage	1	2332.0	1947	0	1	0	1	1	0	0	1	0	95.8	86.8		VSIG10	38.6	18.0
PTPRR	sonnet_dual_triage	1	657.0	206	1	1	0	1	1	0	1	0	1	98.5	89.2		PTPRZ1	42.7	
PTPRS	sonnet_dual_triage	1	1948.0	1253	1	1	0	1	0	0	0	1	1		92.2		PTPRE	67.9	5.0
PTPRT	sonnet_dual_triage	1	1441.0	721	1	1	0	1	1	0	0	1	1	99.2	98.0		PTPRM	63.7	2.0
PTPRU	sonnet_dual_triage	1	1446.0	728	1	1	0	1	1	0	0	1	1	94.4	95.3		PTPN5	58.5	2.0
PTPRZ2	sonnet_dual_triage	1	2315.0	1615	1	1	0	0	0	0	0	1	0						1.0
PTTG1IP	sonnet_dual_triage	1	180.0	65	1	1	0	1	1	0	0	0	0	90.0	71.1		PTTG1IP2	30.8	
PTTG1IP2	sonnet_dual_triage	1	154.0	67	1	1	0	0	0	0	0	0	0				PTTG1IP	30.8	
PTX3	sonnet_dual_triage	0	381.0	364	1	1	1	1	1	0	0	0	0	94.8	81.9		NPTX2	29.9	
PTX4	sonnet_dual_triage	0	478.0	453	1	1	1	1	1	0	0	0	0	90.4	65.1		APCS	33.8	
PVR	sonnet_dual_triage	1	417.0	317	1	1	0	0	1	1	1	1	1	72.4		2.0	NECTIN2	54.3	1.0
PVRIG	sonnet_dual_triage	1	326.0	132	1	1	0	0	0	0	0	0	0						
PXDN	sonnet_dual_triage	0	1479.0	1450	1	1	1	1	0	0	0	0	1		90.9		PXDNL	61.3	
PXDNL	sonnet_dual_triage	0	1463.0	1440	1	1	1	0	1	0	0	0	1	92.2			PXDN	61.3	
QPCT	sonnet_dual_triage	0	361.0	333	1	1	1	1	1	0	0	0	1	97.2	82.0		QPCTL	50.3	
QRFPR	sonnet_dual_triage	7	431.0	107	0	1	0	0	1	0	0	0	0	98.6			GALR3	28.2	
QSOX1	sonnet_dual_triage	1	747.0	680	1	1	0	1	1	0	1	1	1	93.0	72.8		QSOX2	41.9	2.0
QSOX2	sonnet_dual_triage	1	698.0	608	1	1	0	1	1	0	0	1	1	95.1	68.8		QSOX1	41.9	2.0
R3HDML	sonnet_dual_triage	0	253.0	230	1	1	1	1	1	0	0	0	1	94.5	77.9		PI15	60.9	
RAB44	sonnet_dual_triage	0	1021.0	0	0	0	0	1	1	1	0	0	0	92.4	60.3	2.0			
RAET1E	sonnet_dual_triage	1	263.0	201	1	1	0	0	1	0	1	0	1	81.4			ULBP3	43.3	
RAET1G	sonnet_dual_triage	1	334.0	204	1	1	0	0	0	0	1	0	1				ULBP2	92.6	
RAET1L	sonnet_dual_triage	0	246.0	221	1	1	1	0	0	0	0	0	1				ULBP2	96.4	
RAMP1	sonnet_dual_triage	1	148.0	91	1	1	0	1	1	0	0	0	0	88.5	70.9		RAMP3	31.9	
RAMP2	sonnet_dual_triage	1	175.0	105	1	1	0	1	1	0	0	1	0	95.4	67.4		RAMP1	28.6	1.0
RAMP3	sonnet_dual_triage	1	148.0	92	1	1	0	1	1	0	0	1	0	95.9	83.8		RAMP1	31.9	3.0
RARRES1	sonnet_dual_triage	0	294.0	257	1	1	1	1	1	0	0	0	0	92.5	69.0		LXN	32.0	
RASL10B	sonnet_dual_triage	0	203.0	0	0	0	0	0	1	0	0	0	0	99.5					
RC3H2	sonnet_dual_triage	0	1191.0	0	0	0	0	1	1	0	0	0	0	98.4	95.3				
RCN1	sonnet_dual_triage	0	331.0	302	1	1	1	1	0	0	0	0	1		94.3		CALU	64.2	
RECK	sonnet_dual_triage	0	971.0	945	1	1	1	1	1	0	0	1	0	94.0	93.5				6.0
REELD1	sonnet_dual_triage	1	526.0	420	1	1	0	0	1	0	0	0	0	91.1			FRRS1	28.7	
REG4	sonnet_dual_triage	0	158.0	136	1	1	1	1	1	0	0	0	0	91.8	65.8		REG1A	36.0	
RELL1	sonnet_dual_triage	1	271.0	35	1	1	0	1	1	0	0	0	0	98.9	88.2				
RELL2	sonnet_dual_triage	1	303.0	14	0	1	0	1	1	0	0	0	0	97.0	84.8				
RELT	sonnet_dual_triage	1	430.0	139	1	1	0	1	1	0	0	1	0	93.5	85.8		TNFRSF8	39.6	1.0
REN	sonnet_dual_triage	0	406.0	383	1	1	1	1	1	0	0	0	1	99.0	70.0		CTSD	44.1	
RET	sonnet_dual_triage	1	1114.0	608	1	1	0	1	1	0	0	1	0	97.9	83.3		ROS1	33.6	1.0
RETNLB	sonnet_dual_triage	0	111.0	88	1	1	1	0	1	0	0	0	1	86.5			RETN	51.1	
RFTN1	sonnet_dual_triage	0	578.0	0	0	0	0	1	1	0	0	0	0	95.0	68.9				
RFTN2	sonnet_dual_triage	0	501.0	0	0	0	0	1	1	0	0	0	0	97.2	79.4				
RGMA	sonnet_dual_triage	0	450.0	403	1	1	1	1	1	1	0	1	1	98.4	92.2	2.0	RGMB	54.2	1.0
RGMB	sonnet_dual_triage	0	437.0	389	1	1	1	1	1	0	0	1	1	96.6	89.2		RGMA	54.2	3.0
RGR	sonnet_dual_triage	7	291.0	69	0	1	0	1	1	1	1	0	0	98.3	81.1	2.0	XCR1	32.7	
RGS9BP	sonnet_dual_triage	1	235.0	4	0	0	1	1	0	0	0	0	0		83.4				
RHAG	sonnet_dual_triage	12	409.0	75	0	0	0	1	1	1	1	0	0	89.0	77.3	3.0	RHBG	37.0	
RHBDF2	sonnet_dual_triage	7	856.0	286	0	0	1	1	1	0	0	1	1	83.8	91.9		RHBDF1	70.2	2.0
RHBDL2	sonnet_dual_triage	7	303.0	58	0	0	1	1	1	1	1	0	1	98.3	85.5	2.0	RHBDF2	40.4	
RHBDL3	sonnet_dual_triage	7	404.0	74	0	0	1	1	1	0	0	0	1	67.8	95.5		RHBDL1	55.7	
RHBG	sonnet_dual_triage	12	458.0	95	0	0	0	1	1	1	1	0	1	98.3	84.5	3.0	RHCG	45.3	
RHCE	sonnet_dual_triage	12	417.0	75	0	0	0	0	0	1	1	0	1			3.0	RHD	91.5	
RHCG	sonnet_dual_triage	12	479.0	102	0	0	0	1	1	1	0	0	1	96.9	77.9	3.0	RHBG	45.3	
RHD	sonnet_dual_triage	12	417.0	72	0	0	0	0	0	1	1	0	1			3.0	RHCE	91.5	
RHEX	sonnet_dual_triage	1	172.0	11	0	1	0	0	1	0	0	0	0	83.7					
RHO	sonnet_dual_triage	7	348.0	94	0	1	0	1	1	1	0	0	1	98.0	94.8	2.0	OPN1SW	48.8	
RHOXF2	sonnet_dual_triage	0	288.0	0	0	0	0	0	0	0	0	0	0						
RNASE10	sonnet_dual_triage	0	216.0	184	1	1	1	1	0	0	0	0	0		63.9		RNASE4	31.1	
RNASE11	sonnet_dual_triage	0	199.0	181	1	1	1	0	0	0	0	0	0				RNASE12	28.3	
RNASE12	sonnet_dual_triage	0	147.0	127	1	1	1	1	1	0	0	0	0	95.2	67.3		RNASE9	32.3	
RNASE13	sonnet_dual_triage	0	156.0	134	1	1	1	1	1	0	0	0	0	81.4	69.9		ANG	26.0	
RNASE2	sonnet_dual_triage	0	161.0	138	1	1	1	0	1	0	0	0	1	80.7			RNASE3	65.7	
RNASE4	sonnet_dual_triage	0	147.0	119	1	1	1	1	1	0	0	0	1	96.6	83.7		RNASE1	43.7	
RNASE9	sonnet_dual_triage	0	205.0	179	1	1	1	0	0	0	0	0	0				RNASE12	32.3	
RNASEK	sonnet_dual_triage	2	137.0	31	0	0	0	1	1	0	0	0	0	100.0	100.0				
RNASET2	sonnet_dual_triage	0	256.0	232	1	1	1	0	1	0	0	0	0	96.1					
RNF128	sonnet_dual_triage	1	428.0	169	1	1	0	1	1	0	0	0	1	96.7	95.3		RNF148	55.5	
RNF130	sonnet_dual_triage	2	419.0	181	1	1	1	1	1	0	1	0	1	100.0	90.7		RNF150	47.9	
RNF146	sonnet_dual_triage	0	359.0	0	0	0	0	1	1	0	0	0	0	98.6	92.5				
RNF217	sonnet_dual_triage	0	542.0	0	0	0	0	1	1	0	0	0	0	98.2	79.0				
RNF43	sonnet_dual_triage	1	783.0	165	1	1	0	1	1	0	0	1	0	96.3	82.0		ZNRF3	39.9	1.0
RNLS	sonnet_dual_triage	0	342.0	0	0	0	0	1	1	0	0	0	0	95.6	71.1				
RO60	sonnet_dual_triage	0	538.0	0	0	0	0	1	1	0	0	0	0	99.6	89.8				
ROBO1	sonnet_dual_triage	1	1651.0	872	1	1	0	1	1	0	0	1	1	96.8	92.9		ROBO2	65.4	7.0
ROBO2	sonnet_dual_triage	1	1378.0	838	1	1	0	1	1	0	0	1	1	92.6	94.4		ROBO1	65.4	7.0
ROBO3	sonnet_dual_triage	1	1386.0	871	1	1	0	1	0	0	0	1	1		86.0		ROBO2	54.8	7.0
ROBO4	sonnet_dual_triage	1	1007.0	441	1	1	0	1	0	0	0	0	1		77.4		HMCN2	54.4	
ROM1	sonnet_dual_triage	4	351.0	154	0	0	0	1	1	1	0	0	1	95.7	84.3	2.0	PRPH2	43.5	
ROR1	sonnet_dual_triage	1	937.0	374	1	1	0	1	1	0	1	1	1	99.6	96.8		ROR2	63.5	2.0
ROR2	sonnet_dual_triage	1	943.0	370	1	1	0	1	1	0	0	1	1	98.3	92.5		ROR1	63.5	1.0
ROS1	sonnet_dual_triage	1	2347.0	1834	1	1	0	1	1	0	0	1	0	96.7	80.4		TYRO3	39.6	11.0
RPL29	sonnet_dual_triage	0	159.0	0	0	0	0	0	0	0	0	0	0						
RPLP0	sonnet_dual_triage	0	317.0	0	0	0	0	0	0	0	0	0	0						
RPLP2	sonnet_dual_triage	0	115.0	0	0	0	0	0	1	0	0	0	0	100.0					
RPRM	sonnet_dual_triage	1	109.0	58	0	1	0	1	1	0	0	0	0	100.0	97.2		RPRML	39.7	
RPRML	sonnet_dual_triage	1	120.0	69	0	1	0	1	0	0	0	0	0		90.0		RPRM	39.7	
RPS3	sonnet_dual_triage	0	243.0	0	0	0	0	1	0	0	0	0	0		99.6				
RPSA	sonnet_dual_triage	0	295.0	0	0	0	0	0	0	0	0	0	0						
RPSA2	sonnet_dual_triage	0	295.0	0	0	0	0	0	0	0	0	0	0						
RRH	sonnet_dual_triage	7	337.0	78	0	1	0	1	1	0	0	0	0	98.5	78.6		OPN5	32.5	
RRP12	sonnet_dual_triage	0	1297.0	0	0	0	0	1	1	0	0	0	0	97.7	90.4				
RSPO3	sonnet_dual_triage	0	272.0	251	1	1	1	1	1	0	0	0	1	95.6	89.3		RSPO2	47.7	
RSPO4	sonnet_dual_triage	0	234.0	217	1	1	1	1	1	0	0	0	1	95.7	82.1		RSPO2	44.2	
RSPRY1	sonnet_dual_triage	0	576.0	0	0	0	0	1	1	0	0	0	0	99.3	96.7				
RTL8C	sonnet_dual_triage	0	209.0	0	0	0	0	0	0	0	0	0	0						
RTN4	sonnet_dual_triage	4	1192.0	5	0	0	0	1	1	0	0	0	1	96.0	75.4		RTN1	100.0	
RTN4R	sonnet_dual_triage	0	473.0	447	1	1	1	1	1	0	0	1	1	93.7	89.4		RTN4RL2	48.3	1.0
RTN4RL1	sonnet_dual_triage	0	441.0	417	1	1	1	1	1	0	0	1	1	94.8	88.7		RTN4RL2	49.9	2.0
RTN4RL2	sonnet_dual_triage	0	420.0	391	1	1	1	1	1	0	0	1	1	84.3	95.0		RTN4RL1	49.9	2.0
RTP1	sonnet_dual_triage	1	263.0	6	0	0	1	1	1	0	0	0	0	97.0	88.2		RTP4	16.7	
RTP2	sonnet_dual_triage	0	225.0	0	0	0	0	1	1	0	0	0	0	93.3	82.7				
RTP3	sonnet_dual_triage	0	232.0	0	0	0	0	0	1	1	0	0	0	90.5		2.0			
RTP5	sonnet_dual_triage	0	572.0	0	0	0	0	0	0	0	0	0	0						
RXFP1	sonnet_dual_triage	7	757.0	449	1	1	0	1	1	0	1	0	1	98.7	85.2		RXFP2	54.4	
RXFP2	sonnet_dual_triage	7	754.0	446	1	1	0	1	1	0	0	0	1	96.4	80.5		RXFP1	54.4	
RXFP3	sonnet_dual_triage	7	469.0	138	0	1	0	0	1	0	0	0	0	93.8			GPR132	32.2	
RXFP4	sonnet_dual_triage	7	374.0	101	0	1	0	1	0	0	0	0	0		75.4		AGTR2	28.7	
RYK	sonnet_dual_triage	1	607.0	184	1	1	0	1	1	0	0	1	0	99.0	93.1		ROS1	39.7	1.0
S100A1	sonnet_dual_triage	0	94.0	0	0	0	0	1	1	0	0	0	0	100.0	93.6				
S100A10	sonnet_dual_triage	0	97.0	0	0	0	0	1	1	1	0	0	0	100.0	91.8	2.0			
S100A11	sonnet_dual_triage	0	105.0	0	0	0	0	1	0	1	0	0	0		80.0	2.0			
S100A12	sonnet_dual_triage	0	92.0	0	0	0	0	0	1	1	0	0	0	87.0		2.0			
S100A13	sonnet_dual_triage	0	98.0	0	0	0	0	1	0	1	0	0	0		82.7	2.0			
S100A16	sonnet_dual_triage	0	103.0	0	0	0	0	1	1	1	0	0	0	99.0	84.5	2.0			
S100A4	sonnet_dual_triage	0	101.0	0	0	0	0	1	1	1	0	0	0	100.0	93.1	2.0			
S100A6	sonnet_dual_triage	0	90.0	0	0	0	0	1	0	1	0	0	0		95.6	2.0			
S100A7	sonnet_dual_triage	0	101.0	0	0	0	0	0	0	1	0	0	0			2.0			
S100A7A	sonnet_dual_triage	0	101.0	0	0	0	0	0	0	1	0	0	0			2.0			
S100A8	sonnet_dual_triage	0	93.0	0	0	0	0	1	1	1	0	0	0	89.2	55.9	2.0			
S100A9	sonnet_dual_triage	0	114.0	0	0	0	0	0	1	1	0	0	0	88.6		2.0			
S100B	sonnet_dual_triage	0	92.0	0	0	0	0	1	0	1	0	0	0		98.9	2.0			
S100P	sonnet_dual_triage	0	95.0	0	0	0	0	0	1	1	0	0	0	100.0		2.0			
S1PR1	sonnet_dual_triage	7	382.0	102	0	1	0	1	1	0	0	0	1	98.2	94.2		S1PR2	50.0	
S1PR2	sonnet_dual_triage	7	353.0	86	0	1	0	1	1	0	0	0	1	94.9	90.7		S1PR5	51.9	
S1PR3	sonnet_dual_triage	7	378.0	96	0	1	0	1	1	0	0	0	1	98.1	87.6		S1PR5	47.6	
S1PR4	sonnet_dual_triage	7	384.0	106	0	1	0	1	1	0	0	0	1	60.4	81.8		S1PR5	44.0	
S1PR5	sonnet_dual_triage	7	398.0	84	0	1	0	1	0	0	1	0	1		84.9		S1PR2	51.9	
SBSN	sonnet_dual_triage	0	590.0	567	1	1	1	0	1	0	0	0	0	88.5					
SCAMP3	sonnet_dual_triage	4	347.0	28	0	0	0	1	1	1	0	0	0	98.8	90.8	2.0	SCAMP2	39.3	
SCAMP5	sonnet_dual_triage	4	235.0	28	0	0	0	1	0	1	1	0	1		98.7	2.0	SCAMP4	53.6	
SCARA3	sonnet_dual_triage	1	606.0	529	0	0	1	1	1	0	0	0	0	98.5	90.8		CTHRC1	24.9	
SCARA5	sonnet_dual_triage	1	495.0	414	0	0	1	1	1	1	1	1	0	53.9	87.3	2.0	MSR1	37.4	2.0
SCARB1	sonnet_dual_triage	2	552.0	410	0	0	0	1	1	0	1	1	0	96.1	79.6		SCARB2	35.5	1.0
SCARB2	sonnet_dual_triage	2	478.0	406	0	0	0	1	1	0	0	0	0	99.0	85.8		CD36	36.2	
SCARF1	sonnet_dual_triage	1	830.0	402	1	1	0	1	1	0	1	1	1	84.6	71.1		SCARF2	53.0	2.0
SCARF2	sonnet_dual_triage	1	871.0	398	1	1	0	1	1	0	0	1	1	84.4	84.1		SCARF1	53.0	3.0
SCART1	sonnet_dual_triage	1	1027.0	884	1	1	0	1	0	0	1	1	1		60.1		LGALS3BP	53.8	1.0
SCEL	sonnet_dual_triage	0	688.0	0	0	0	0	1	1	0	0	0	0	93.9	64.0				
SCG2	sonnet_dual_triage	0	617.0	590	1	1	1	1	1	0	0	0	0	91.2	81.8				
SCGN	sonnet_dual_triage	0	276.0	0	0	0	0	1	1	0	0	0	0	96.7	84.8				
SCIMP	sonnet_dual_triage	1	145.0	18	0	1	0	1	1	0	0	0	0	85.5	61.4				
SCN10A	sonnet_dual_triage	22	1956.0	398	0	0	0	1	1	0	0	1	1	97.7	82.2		SCN1A	56.2	1.0
SCN11A	sonnet_dual_triage	22	1791.0	404	0	0	0	1	1	0	1	1	1	95.4	72.4		SCN5A	53.1	1.0
SCN1A	sonnet_dual_triage	22	2009.0	437	0	0	0	1	1	0	1	1	1	99.7	98.2		SCN2A	75.4	1.0
SCN1B	sonnet_dual_triage	1	218.0	143	1	1	0	1	1	0	1	1	1	98.6	96.3		SCN3B	46.7	2.0
SCN2A	sonnet_dual_triage	24	2005.0	444	0	0	0	1	1	0	0	1	1	99.9	98.1		SCN3A	85.7	1.0
SCN2B	sonnet_dual_triage	1	215.0	130	1	1	0	1	1	0	0	1	0	98.1	92.1		MPZL2	33.3	1.0
SCN3A	sonnet_dual_triage	24	2000.0	424	0	0	0	1	1	0	0	1	1	99.2	94.8		SCN2A	85.7	1.0
SCN3B	sonnet_dual_triage	1	215.0	135	1	1	0	1	1	0	0	1	1	85.1	97.7		SCN1B	46.7	1.0
SCN4A	sonnet_dual_triage	24	1836.0	431	0	0	0	1	1	0	0	1	1	98.0	92.5		SCN2A	77.0	1.0
SCN4B	sonnet_dual_triage	1	228.0	132	1	1	0	1	1	0	0	1	0	98.7	79.4		MPZL2	34.1	1.0
SCN5A	sonnet_dual_triage	24	2016.0	412	0	0	0	1	1	0	1	1	1	98.2	94.4		SCN2A	67.5	2.0
SCN7A	sonnet_dual_triage	24	1682.0	419	0	0	0	1	1	0	0	1	1	95.4	74.1		SCN3A	60.1	1.0
SCN8A	sonnet_dual_triage	24	1980.0	408	0	0	0	1	1	0	1	0	1	99.8	98.5		SCN2A	79.8	
SCN9A	sonnet_dual_triage	24	1988.0	395	0	0	0	1	1	0	0	0	1	98.6	93.2		SCN2A	78.4	
SCNN1A	sonnet_dual_triage	2	669.0	448	0	0	0	1	1	1	1	1	0	94.6	82.4	3.0	SCNN1D	39.3	3.0
SCNN1B	sonnet_dual_triage	2	640.0	452	0	0	0	1	1	1	0	1	0	90.2	83.9	3.0	SCNN1G	38.3	3.0
SCNN1D	sonnet_dual_triage	2	802.0	420	0	0	0	0	0	0	0	1	0				SCNN1A	39.3	1.0
SCNN1G	sonnet_dual_triage	2	649.0	455	0	0	0	1	1	0	0	1	0	98.0	86.3		SCNN1A	38.8	4.0
SCPEP1	sonnet_dual_triage	0	452.0	426	1	1	1	1	1	1	0	0	0	96.0	82.3	2.0	CPVL	28.6	
SCPPPQ1	sonnet_dual_triage	0	79.0	64	1	1	1	0	0	0	0	0	0						
SCRG1	sonnet_dual_triage	0	98.0	78	1	1	1	1	1	0	0	0	0	93.9	81.6				
SCTR	sonnet_dual_triage	7	440.0	153	1	1	0	1	1	0	0	1	1	97.3	79.5		ADGRG4	47.6	1.0
SCUBE1	sonnet_dual_triage	0	988.0	963	1	1	1	1	1	0	0	0	1	98.0	92.0		SCUBE3	67.5	
SCUBE2	sonnet_dual_triage	0	999.0	968	1	1	1	1	0	0	0	0	1		84.3		SCUBE1	67.1	
SCUBE3	sonnet_dual_triage	0	993.0	973	1	1	1	1	1	0	0	0	1	98.9	95.9		SCUBE1	67.5	
SDC1	sonnet_dual_triage	1	310.0	232	1	1	0	1	0	0	0	0	0		76.8		SDC3	37.5	
SDC2	sonnet_dual_triage	1	201.0	130	1	1	0	1	1	0	0	0	0	93.0	84.1		SDC3	36.2	
SDC3	sonnet_dual_triage	1	442.0	342	1	1	0	1	1	0	0	0	0	87.6	83.5		SDC4	38.9	
SDC4	sonnet_dual_triage	1	198.0	131	1	1	0	1	1	0	1	0	0	92.9	79.8		SDC3	38.9	
SDIM1	sonnet_dual_triage	0	146.0	0	0	0	0	0	0	0	0	0	0						
SDK1	sonnet_dual_triage	2	2213.0	1917	0	0	0	1	1	0	1	1	1	90.5	89.7		SDK2	60.7	9.0
SDK2	sonnet_dual_triage	1	2172.0	1912	1	1	0	1	1	0	1	1	1	98.1	94.8		SDK1	60.7	11.0
SECTM1	sonnet_dual_triage	1	248.0	119	1	1	0	0	0	0	0	1	0						1.0
SELE	sonnet_dual_triage	1	610.0	535	1	1	0	1	1	0	0	1	1	95.9	72.8		SELL	52.2	5.0
SELENOP	sonnet_dual_triage	0	381.0	363	1	1	1	1	0	0	0	0	0		71.1				
SELENOS	sonnet_dual_triage	1	189.0	28	0	1	0	1	1	0	0	0	0	84.7	83.6				
SELL	sonnet_dual_triage	1	372.0	295	1	1	0	1	1	0	0	1	1	92.5	76.1		SELP	56.6	1.0
SELP	sonnet_dual_triage	1	830.0	732	1	1	0	1	1	0	0	1	1	94.9	67.1		SUSD6	56.8	5.0
SELPLG	sonnet_dual_triage	1	412.0	303	1	1	0	0	1	0	0	0	0	85.4					
SEMA3A	sonnet_dual_triage	0	771.0	751	1	1	1	1	1	1	0	0	1	96.6	95.5	2.0	SEMA3D	56.0	
SEMA3B	sonnet_dual_triage	0	749.0	725	1	1	1	1	1	0	0	0	1	96.9	88.7		SEMA3A	55.0	
SEMA3C	sonnet_dual_triage	0	751.0	730	1	1	1	1	1	1	0	0	1	99.2	97.1	2.0	SEMA3F	54.9	
SEMA3E	sonnet_dual_triage	0	775.0	750	1	1	1	1	1	1	0	0	1	99.2	90.2	2.0	SEMA3G	51.5	
SEMA3G	sonnet_dual_triage	0	782.0	760	1	1	1	1	1	1	0	0	1	97.8	87.1	2.0	SEMA3E	51.5	
SEMA4A	sonnet_dual_triage	1	761.0	652	1	1	0	1	1	0	0	1	1	97.1	83.7		SEMA4B	42.6	2.0
SEMA4B	sonnet_dual_triage	1	837.0	674	1	1	0	1	1	1	1	1	1	93.0	82.9	2.0	SEMA4C	44.6	4.0
SEMA4C	sonnet_dual_triage	1	833.0	643	1	1	0	1	1	0	0	1	1	97.1	87.9		SEMA4G	45.7	2.0
SEMA4D	sonnet_dual_triage	1	862.0	711	1	1	0	1	0	0	1	1	1		85.5		SEMA4C	45.3	1.0
SEMA4F	sonnet_dual_triage	1	770.0	624	1	1	0	1	1	0	0	1	1	98.1	91.3		SEMA4B	40.5	3.0
SEMA4G	sonnet_dual_triage	1	838.0	660	1	1	0	1	1	0	1	1	1	98.8	90.5		SEMA4C	45.7	1.0
SEMA5A	sonnet_dual_triage	1	1074.0	948	1	1	0	1	1	0	0	1	1	95.3	94.1		SEMA5B	61.6	6.0
SEMA5B	sonnet_dual_triage	1	1151.0	976	1	1	0	1	1	0	1	1	1	90.0	88.9		SEMA5A	61.6	6.0
SEMA6A	sonnet_dual_triage	1	1030.0	631	1	1	0	1	1	1	0	1	1	97.5	95.1	2.0	SEMA6B	58.9	2.0
SEMA6B	sonnet_dual_triage	1	888.0	574	1	1	0	1	1	1	0	1	1	71.5	89.2	2.0	SEMA6A	58.9	2.0
SEMA6C	sonnet_dual_triage	1	930.0	580	1	1	0	1	0	1	0	1	1		87.8	2.0	SEMA6D	51.0	2.0
SEMA6D	sonnet_dual_triage	1	1073.0	642	1	1	0	1	1	0	1	1	1	99.3	94.9		SEMA6A	58.3	1.0
SEMA7A	sonnet_dual_triage	0	666.0	622	1	1	1	1	1	1	0	1	0	91.9	89.0	2.0	SEMA4B	33.3	3.0
SEMG1	sonnet_dual_triage	0	462.0	439	1	1	1	0	0	0	0	0	1				SEMG2	77.9	
SERINC1	sonnet_dual_triage	10	453.0	90	0	0	0	1	1	0	0	0	1	100.0	95.8		SERINC3	50.0	
SERINC2	sonnet_dual_triage	10	455.0	92	0	0	0	1	1	0	0	0	1	86.8	82.6		SERINC1	44.8	
SERINC3	sonnet_dual_triage	10	473.0	116	0	0	0	1	1	0	1	0	1	98.5	78.0		SERINC1	50.0	
SERINC4	sonnet_dual_triage	10	518.0	94	0	0	0	1	1	0	1	0	0	97.3	78.2		SERINC1	33.7	
SERINC5	sonnet_dual_triage	9	423.0	92	0	0	1	1	1	0	1	0	0	89.2	81.8		SERINC1	30.7	
SERPINA12	sonnet_dual_triage	0	414.0	395	1	1	1	1	1	0	0	0	1	91.3	61.4		SERPINA1	40.1	
SERPINA9	sonnet_dual_triage	0	417.0	397	1	1	1	1	1	0	0	0	1	92.6	65.5		SERPINA7	51.1	
SERPINB2	sonnet_dual_triage	0	415.0	0	0	0	0	1	1	0	0	0	0	94.9	75.9				
SERPINB3	sonnet_dual_triage	0	390.0	390	0	1	1	0	0	0	0	0	1				SERPINB4	91.8	
SERPINB5	sonnet_dual_triage	0	375.0	0	0	0	0	1	1	0	0	0	0	98.7	89.1				
SERPINE1	sonnet_dual_triage	0	402.0	379	1	1	1	1	1	0	0	0	1	95.0	79.1		SERPINE2	41.4	
SERPINE2	sonnet_dual_triage	0	398.0	379	1	1	1	1	1	0	0	0	1	97.5	85.4		SERPINE1	41.4	
SEZ6	sonnet_dual_triage	1	994.0	906	1	1	0	1	1	0	1	1	1	97.5	90.5		SUSD6	53.1	2.0
SEZ6L	sonnet_dual_triage	1	1024.0	930	1	1	0	1	1	0	0	0	1	97.6	80.4		SEZ6L2	48.8	
SEZ6L2	sonnet_dual_triage	1	910.0	817	1	1	0	1	1	0	1	1	1	96.1	96.0		SEZ6	48.8	5.0
SFTA2	sonnet_dual_triage	0	78.0	59	1	1	1	1	1	0	0	0	0	98.7	53.8				
SFTPA2	sonnet_dual_triage	0	248.0	229	1	1	1	0	0	1	0	0	1			4.0	SFTPA1	97.4	
SFTPB	sonnet_dual_triage	0	381.0	358	1	1	1	1	1	0	0	0	0	82.7	70.9		PSAPL1	31.0	
SFTPC	sonnet_dual_triage	1	197.0	141	0	0	1	1	1	0	0	0	0	92.1	82.2				
SGCA	sonnet_dual_triage	1	387.0	267	1	1	0	1	1	0	1	1	1	93.8	88.9		SGCE	42.3	1.0
SGCB	sonnet_dual_triage	1	318.0	230	0	0	1	1	1	0	1	1	0	98.7	95.0				1.0
SGCD	sonnet_dual_triage	1	289.0	233	0	0	1	1	1	1	0	1	1	98.3	94.1	2.0	SGCZ	57.5	1.0
SGCE	sonnet_dual_triage	1	437.0	270	1	1	0	1	1	0	0	1	1	99.8	95.0		SGCA	42.3	1.0
SGCG	sonnet_dual_triage	1	291.0	233	0	0	1	1	1	1	0	0	1	95.5	83.5	2.0	SGCZ	58.4	
SGCZ	sonnet_dual_triage	1	299.0	241	0	0	1	1	1	1	0	1	1	99.0	95.2	2.0	SGCG	58.4	1.0
SGMS2	sonnet_dual_triage	6	365.0	73	0	0	0	1	1	1	0	0	1	99.2	91.5	2.0	SGMS1	71.2	
SH3BGRL3	sonnet_dual_triage	0	93.0	0	0	0	0	1	1	0	0	0	0	100.0	95.7				
SHH	sonnet_dual_triage	0	462.0	439	1	1	1	1	1	0	0	0	1	66.5	87.4		IHH	68.0	
SHISA2	sonnet_dual_triage	1	295.0	84	1	1	0	1	1	0	0	0	1	98.3	92.5		SHISA3	66.2	
SHISA4	sonnet_dual_triage	1	197.0	64	1	1	0	1	1	0	0	1	1	98.0	91.9		SHISA2	40.6	1.0
SHISA6	sonnet_dual_triage	1	500.0	151	1	1	0	1	1	0	0	1	1	98.4	89.1		SHISA8	48.0	1.0
SHISA7	sonnet_dual_triage	1	538.0	166	1	1	0	1	0	0	0	1	1		92.9		SHISA8	54.9	2.0
SHISA8	sonnet_dual_triage	1	397.0	102	1	1	0	1	1	0	0	0	1	73.6	80.9		SHISA9	58.8	
SHISA9	sonnet_dual_triage	1	424.0	128	1	1	0	1	0	0	0	1	1		93.6		SHISA8	58.8	1.0
SHISAL2B	sonnet_dual_triage	1	160.0	67	0	1	0	1	1	0	0	0	1	74.4	83.8		SHISAL2A	60.9	
SI	sonnet_dual_triage	1	1827.0	1796	0	0	1	1	1	0	0	0	1	95.0	77.7		MGAM	60.0	
SIAE	sonnet_dual_triage	0	523.0	500	1	1	1	1	1	0	0	0	0	96.9	78.6				
SIDT1	sonnet_dual_triage	11	827.0	371	1	1	0	1	1	1	0	0	1	97.9	91.7	2.0	SIDT2	53.6	
SIDT2	sonnet_dual_triage	11	832.0	362	1	1	0	1	1	1	0	0	1	94.1	95.4	2.0	SIDT1	53.6	
SIGIRR	sonnet_dual_triage	1	410.0	118	0	1	0	1	1	0	0	1	1	95.6	81.5		LAG3	42.4	1.0
SIGLEC1	sonnet_dual_triage	1	1709.0	1622	1	1	0	1	1	0	1	1	1	95.0	72.6		SIGLECL1	52.3	4.0
SIGLEC10	sonnet_dual_triage	1	697.0	535	1	1	0	0	1	0	1	1	1	90.4			SIGLEC11	82.8	3.0
SIGLEC11	sonnet_dual_triage	1	698.0	538	1	1	0	0	0	0	0	1	1				SIGLEC16	95.5	3.0
SIGLEC12	sonnet_dual_triage	1	595.0	463	1	1	0	0	1	0	0	1	1	80.8			SIGLEC7	77.2	2.0
SIGLEC14	sonnet_dual_triage	1	396.0	339	1	1	0	0	0	0	0	1	1				SIGLEC9	54.4	3.0
SIGLEC15	sonnet_dual_triage	1	328.0	244	1	1	0	1	1	0	0	1	1	93.0	81.4		SIGLEC1	45.1	2.0
SIGLEC16	sonnet_dual_triage	1	481.0	420	1	1	0	0	0	0	0	1	1				SIGLEC11	95.5	3.0
SIGLEC5	sonnet_dual_triage	1	551.0	422	1	1	0	0	0	0	0	1	0						3.0
SIGLEC6	sonnet_dual_triage	1	453.0	323	1	1	0	0	1	0	1	1	1	84.1			CD33	67.1	2.0
SIGLEC7	sonnet_dual_triage	1	467.0	334	1	1	0	0	0	0	1	1	1				SIGLEC9	78.7	2.0
SIGLEC8	sonnet_dual_triage	1	499.0	347	1	1	0	0	0	0	0	1	1				SIGLEC12	72.6	2.0
SIGLEC9	sonnet_dual_triage	1	463.0	333	1	1	0	0	0	0	0	1	1				SIGLEC7	78.7	1.0
SIGLECL1	sonnet_dual_triage	1	197.0	107	1	1	0	1	1	1	0	1	1	94.9	57.9	2.0	SIGLEC1	52.3	1.0
SIRPA	sonnet_dual_triage	1	504.0	343	1	1	0	0	0	0	0	1	1				SIRPB1	85.0	1.0
SIRPB1	sonnet_dual_triage	1	398.0	341	1	1	0	0	0	0	0	1	1				SIRPA	85.0	2.0
SIRPB2	sonnet_dual_triage	1	342.0	260	1	1	0	0	1	0	1	1	0	93.6			SIRPD	32.7	2.0
SIRPD	sonnet_dual_triage	0	197.0	168	1	1	1	0	0	0	0	0	1				SIRPA	46.4	
SIRPG	sonnet_dual_triage	1	387.0	341	1	1	0	0	0	0	0	1	1				SIRPA	78.3	3.0
SIT1	sonnet_dual_triage	1	196.0	18	1	1	0	1	1	0	0	0	0	95.4	70.4				
SLAMF1	sonnet_dual_triage	1	335.0	217	1	1	0	1	1	1	0	1	0	89.9	61.5	2.0	LY9	30.9	2.0
SLAMF6	sonnet_dual_triage	1	332.0	204	1	1	0	0	1	1	0	1	0	67.2		2.0	CD84	36.8	2.0
SLAMF7	sonnet_dual_triage	1	335.0	203	1	1	0	0	1	0	1	1	0	89.0			LY9	38.4	2.0
SLAMF8	sonnet_dual_triage	1	285.0	212	1	1	0	1	1	0	0	1	0	90.5	75.1		SLAMF9	28.8	3.0
SLAMF9	sonnet_dual_triage	1	289.0	218	1	1	0	1	1	0	0	1	0	85.1	57.4		LY9	37.2	3.0
SLC10A1	sonnet_dual_triage	9	349.0	72	0	1	0	1	1	0	0	0	0	89.4	76.8		SLC10A4	34.7	
SLC10A2	sonnet_dual_triage	9	348.0	70	0	1	0	1	1	0	0	0	0	96.3	80.5		SLC10A6	28.4	
SLC10A4	sonnet_dual_triage	9	437.0	154	0	1	0	0	1	0	0	0	0	96.8			SLC10A1	34.7	
SLC10A5	sonnet_dual_triage	9	438.0	169	1	1	0	1	0	0	0	0	0		70.3		SLC10A3	32.3	
SLC10A6	sonnet_dual_triage	9	377.0	77	0	1	0	1	1	0	0	0	0	97.9	70.3		SLC10A4	29.9	
SLC10A7	sonnet_dual_triage	10	340.0	70	0	0	0	1	1	0	1	0	0	97.9	94.7				
SLC11A2	sonnet_dual_triage	12	568.0	119	0	0	0	1	1	0	0	0	1	97.5	89.7		SLC11A1	55.3	
SLC12A2	sonnet_dual_triage	12	1212.0	122	0	0	0	1	1	0	0	0	1	98.8	94.1		SLC12A1	64.5	
SLC12A3	sonnet_dual_triage	12	1021.0	118	0	0	0	1	1	1	0	0	1	97.6	89.7	2.0	SLC12A2	47.9	
SLC12A4	sonnet_dual_triage	12	1085.0	170	0	0	0	1	1	1	0	0	1	99.4	96.2	2.0	SLC12A6	58.9	
SLC12A5	sonnet_dual_triage	12	1139.0	172	0	0	0	1	1	0	0	1	1	98.0	97.3		SLC12A6	61.3	2.0
SLC12A6	sonnet_dual_triage	12	1150.0	164	0	0	0	1	1	0	0	0	1	99.4	98.2		SLC12A5	61.3	
SLC12A7	sonnet_dual_triage	12	1083.0	168	0	0	0	1	1	0	1	1	1	95.4	91.0		SLC12A5	61.3	1.0
SLC12A8	sonnet_dual_triage	12	714.0	71	0	0	0	1	1	0	1	0	0	96.2	80.1		SLC12A2	38.0	
SLC12A9	sonnet_dual_triage	12	914.0	100	0	0	0	1	1	1	1	0	0	94.6	93.2	2.0	SLC12A8	32.4	
SLC13A1	sonnet_dual_triage	15	595.0	150	0	0	1	1	1	1	0	0	1	90.1	81.0	2.0	SLC13A4	54.1	
SLC13A2	sonnet_dual_triage	15	592.0	154	0	0	1	1	0	1	1	0	1		76.2	2.0	SLC13A5	52.9	
SLC13A3	sonnet_dual_triage	15	602.0	147	0	0	1	1	1	1	1	0	1	85.9	87.7	2.0	SLC13A5	53.4	
SLC13A4	sonnet_dual_triage	15	626.0	152	0	0	1	1	1	1	0	0	1	98.9	88.8	2.0	SLC13A1	54.1	
SLC13A5	sonnet_dual_triage	15	568.0	137	0	0	1	1	1	1	1	0	1	97.2	74.8	2.0	SLC13A3	53.4	
SLC14A1	sonnet_dual_triage	10	389.0	65	0	0	0	1	1	1	0	0	1	93.1	83.5	3.0	SLC14A2	55.4	
SLC14A2	sonnet_dual_triage	20	920.0	165	0	0	0	0	1	1	1	0	1	95.9		2.0	SLC14A1	55.4	
SLC15A1	sonnet_dual_triage	12	708.0	283	0	0	0	1	1	0	0	1	0	92.5	85.2		SLC15A5	33.7	1.0
SLC15A2	sonnet_dual_triage	12	729.0	274	0	0	0	1	1	0	0	0	0	93.3	82.9		SLC15A3	33.3	
SLC15A3	sonnet_dual_triage	12	581.0	151	0	0	0	1	1	0	0	1	1	91.6	80.7		SLC15A4	47.0	1.0
SLC15A5	sonnet_dual_triage	12	579.0	108	0	0	0	1	1	0	0	0	0	95.0	62.7		SLC15A1	33.7	
SLC16A1	sonnet_dual_triage	12	500.0	60	0	0	0	1	1	0	1	0	1	96.6	86.0		SLC16A7	50.0	
SLC16A10	sonnet_dual_triage	12	515.0	70	0	0	0	1	1	0	0	0	0	98.3	84.1		SLC16A2	38.2	
SLC16A11	sonnet_dual_triage	12	447.0	65	0	0	0	1	1	0	0	0	0	96.4	87.5		SLC16A12	34.4	
SLC16A12	sonnet_dual_triage	12	516.0	62	0	0	0	1	1	0	0	0	1	98.6	81.8		SLC16A5	44.3	
SLC16A14	sonnet_dual_triage	12	510.0	67	0	0	0	1	1	0	1	0	0	97.8	87.5		SLC16A9	36.5	
SLC16A2	sonnet_dual_triage	12	539.0	73	0	0	0	1	1	0	0	0	0	99.1	94.2		SLC16A10	38.2	
SLC16A3	sonnet_dual_triage	12	465.0	67	0	0	0	1	0	0	0	0	1		89.7		SLC16A8	56.9	
SLC16A4	sonnet_dual_triage	12	487.0	65	0	0	0	1	1	0	1	0	0	96.9	82.8		SLC16A13	35.5	
SLC16A5	sonnet_dual_triage	12	505.0	64	0	0	0	0	1	0	0	0	1	85.5			SLC16A12	44.3	
SLC16A6	sonnet_dual_triage	12	523.0	73	0	0	0	1	1	0	0	0	0	98.3	84.7		SLC16A5	38.1	
SLC16A7	sonnet_dual_triage	12	478.0	71	0	0	0	1	1	0	0	0	1	93.9	72.8		SLC16A3	50.8	
SLC16A8	sonnet_dual_triage	12	504.0	70	0	0	0	1	1	0	0	0	1	64.3	82.7		SLC16A3	56.9	
SLC16A9	sonnet_dual_triage	12	509.0	64	0	0	0	1	1	0	0	0	0	98.2	87.8		SLC16A14	36.5	
SLC17A1	sonnet_dual_triage	12	467.0	89	0	0	0	1	1	0	0	0	1	84.4	65.3		SLC17A4	43.4	
SLC17A2	sonnet_dual_triage	11	439.0	93	0	0	1	1	1	0	1	0	1	97.5	88.1		SLC17A4	50.5	
SLC17A3	sonnet_dual_triage	10	420.0	91	0	0	0	1	1	0	1	0	0	93.0	64.7		SLC17A4	35.0	
SLC17A4	sonnet_dual_triage	12	497.0	96	0	0	0	1	1	0	1	0	1	98.4	78.3		SLC17A2	50.5	
SLC17A5	sonnet_dual_triage	12	495.0	101	0	0	0	1	1	0	1	0	0	98.8	86.3		SLC17A8	38.4	
SLC19A1	sonnet_dual_triage	12	591.0	71	0	0	0	1	1	0	1	0	1	89.8	57.5		SLC19A3	48.4	
SLC19A2	sonnet_dual_triage	12	497.0	70	0	0	0	1	1	0	1	0	1	98.4	90.5		SLC19A3	54.0	
SLC19A3	sonnet_dual_triage	12	496.0	69	0	0	0	1	1	0	0	0	1	95.0	68.3		SLC19A2	54.0	
SLC1A1	sonnet_dual_triage	8	524.0	190	0	0	0	1	1	1	0	0	1	98.5	90.1	3.0	SLC1A7	56.1	
SLC1A2	sonnet_dual_triage	8	574.0	195	0	0	0	1	1	1	0	1	1	99.0	95.1	3.0	SLC1A1	50.5	1.0
SLC1A3	sonnet_dual_triage	8	542.0	190	0	0	0	1	1	1	0	0	1	99.6	96.7	3.0	SLC1A6	73.7	
SLC1A4	sonnet_dual_triage	8	532.0	178	0	0	0	1	1	1	1	0	1	98.9	89.8	3.0	SLC1A5	55.6	
SLC1A5	sonnet_dual_triage	8	541.0	173	0	0	0	1	1	1	1	0	1	97.6	83.2	3.0	SLC1A4	55.6	
SLC1A6	sonnet_dual_triage	8	564.0	210	0	0	0	1	1	1	1	0	1	98.4	95.0	2.0	SLC1A3	73.7	
SLC1A7	sonnet_dual_triage	8	560.0	202	0	0	0	1	1	1	1	0	1	98.2	92.3	3.0	SLC1A3	61.9	
SLC20A1	sonnet_dual_triage	10	679.0	102	0	1	1	1	1	0	0	0	1	97.6	91.5		SLC20A2	58.0	
SLC20A2	sonnet_dual_triage	12	652.0	93	0	1	1	1	1	0	0	0	1	99.4	91.7		SLC20A1	58.0	
SLC22A1	sonnet_dual_triage	12	554.0	139	0	0	0	1	1	0	1	0	1	94.4	77.8		SLC22A2	78.8	
SLC22A10	sonnet_dual_triage	12	541.0	139	0	0	0	0	0	0	1	0	1				SLC22A9	74.8	
SLC22A11	sonnet_dual_triage	12	550.0	133	0	0	0	0	1	0	1	0	1	96.0			SLC22A12	73.3	
SLC22A12	sonnet_dual_triage	12	553.0	145	0	0	0	1	1	0	1	0	1	95.5	74.0		SLC22A11	73.3	
SLC22A13	sonnet_dual_triage	12	551.0	127	0	0	0	0	1	0	1	0	0	95.5			SLC22A8	38.2	
SLC22A14	sonnet_dual_triage	12	594.0	148	0	0	0	1	1	0	0	0	0	87.2	59.1		SLC22A8	36.9	
SLC22A15	sonnet_dual_triage	12	547.0	112	0	0	0	1	1	0	1	0	1	96.7	93.8		SVOPL	41.5	
SLC22A16	sonnet_dual_triage	12	577.0	140	0	0	0	0	1	0	1	0	0	95.3			SVOPL	39.0	
SLC22A17	sonnet_dual_triage	12	649.0	148	0	0	0	1	1	0	1	0	1	80.5	95.7		SVOPL	42.6	
SLC22A2	sonnet_dual_triage	12	555.0	140	0	0	0	1	1	0	1	0	1	90.8	83.1		SLC22A1	78.8	
SLC22A23	sonnet_dual_triage	12	686.0	168	0	0	0	1	1	0	1	0	0	98.7	91.8		SLC22A31	33.3	
SLC22A24	sonnet_dual_triage	12	552.0	144	0	0	0	0	0	0	1	0	1				SLC22A9	83.0	
SLC22A25	sonnet_dual_triage	12	547.0	150	0	0	0	0	0	0	0	0	1				SLC22A9	80.1	
SLC22A3	sonnet_dual_triage	12	556.0	146	0	0	0	1	1	0	0	0	1	97.3	86.7		SLC22A1	50.0	
SLC22A31	sonnet_dual_triage	12	556.0	118	0	0	0	0	1	0	1	0	0	81.2			SLC22A4	35.3	
SLC22A4	sonnet_dual_triage	12	551.0	134	0	0	0	1	0	0	0	0	1		85.1		SLC22A5	88.4	
SLC22A5	sonnet_dual_triage	12	557.0	136	0	0	0	0	0	0	1	0	1				SLC22A4	88.4	
SLC22A6	sonnet_dual_triage	12	563.0	132	0	0	0	1	1	0	1	0	1	96.9	85.1		SLC22A8	52.7	
SLC22A7	sonnet_dual_triage	12	548.0	136	0	0	0	1	1	0	1	0	1	96.9	76.1		SLC22A6	45.6	
SLC22A9	sonnet_dual_triage	12	553.0	136	0	0	0	0	0	0	1	0	1				SLC22A24	83.0	
SLC23A1	sonnet_dual_triage	14	598.0	123	0	0	0	1	1	1	1	0	1	97.3	90.8	2.0	SLC23A2	54.7	
SLC23A2	sonnet_dual_triage	14	650.0	120	0	0	0	1	1	1	1	0	1	95.8	94.6	2.0	SLC23A1	54.7	
SLC23A3	sonnet_dual_triage	14	610.0	117	0	0	0	1	1	1	1	0	0	96.6	78.2	2.0	SLC23A1	29.9	
SLC24A1	sonnet_dual_triage	13	1099.0	650	0	0	1	1	1	0	1	0	0	83.7	69.4		SLC24A2	39.4	
SLC24A2	sonnet_dual_triage	11	661.0	139	0	0	1	1	1	0	0	0	0	98.3	87.6		SLC24A1	39.4	
SLC24A3	sonnet_dual_triage	11	644.0	126	0	0	1	1	1	0	0	0	1	78.0	96.6		SLC24A4	58.5	
SLC24A4	sonnet_dual_triage	11	622.0	120	0	0	1	1	1	0	1	0	1	98.7	93.9		SLC24A3	58.5	
SLC26A1	sonnet_dual_triage	12	701.0	119	0	0	0	1	0	1	1	0	1		78.7	2.0	SLC26A2	47.1	
SLC26A11	sonnet_dual_triage	12	606.0	96	0	0	0	1	1	1	0	0	0	92.9	80.5	2.0	SLC26A7	29.3	
SLC26A2	sonnet_dual_triage	12	739.0	124	0	0	0	1	1	1	0	0	1	96.5	80.9	2.0	SLC26A1	47.1	
SLC26A3	sonnet_dual_triage	14	764.0	114	0	0	0	1	1	1	0	0	0	88.1	80.6	2.0	SLC26A6	31.2	
SLC26A4	sonnet_dual_triage	14	780.0	101	0	0	0	1	1	1	1	0	1	97.9	87.6	2.0	SLC26A5	41.6	
SLC26A5	sonnet_dual_triage	14	744.0	119	0	0	0	1	1	1	1	0	1	88.6	95.0	2.0	SLC26A4	41.6	
SLC26A6	sonnet_dual_triage	12	759.0	104	0	0	0	1	1	1	0	0	0	94.9	77.3	2.0	SLC26A1	37.3	
SLC26A7	sonnet_dual_triage	12	656.0	104	0	0	0	1	1	1	0	0	0	97.1	87.7	2.0	SLC26A2	31.4	
SLC26A8	sonnet_dual_triage	12	970.0	109	0	0	0	1	1	1	1	0	0	94.9	65.7	2.0	SLC26A9	29.6	
SLC26A9	sonnet_dual_triage	14	791.0	138	0	0	0	1	1	1	0	0	0	98.0	89.8	2.0	SLC26A5	36.1	
SLC27A1	sonnet_dual_triage	2	646.0	3	0	0	0	1	0	0	1	0	1		89.5		SLC27A4	66.7	
SLC27A4	sonnet_dual_triage	2	643.0	3	0	0	0	1	1	0	1	0	1	98.0	92.2		SLC27A1	66.7	
SLC27A6	sonnet_dual_triage	1	619.0	4	0	1	0	1	1	0	0	0	1	95.0	78.4		SLC27A2	100.0	
SLC28A1	sonnet_dual_triage	11	649.0	246	0	0	1	1	0	1	1	0	1		83.8	3.0	SLC28A2	70.2	
SLC28A2	sonnet_dual_triage	11	658.0	265	0	0	1	0	1	1	0	0	1	87.4		3.0	SLC28A1	70.2	
SLC28A3	sonnet_dual_triage	11	691.0	268	0	0	1	1	1	1	0	0	1	95.7	78.0	3.0	SLC28A1	50.0	
SLC29A1	sonnet_dual_triage	11	456.0	99	0	0	1	1	1	0	0	0	0	99.3	79.8		SLC29A2	36.0	
SLC29A2	sonnet_dual_triage	11	456.0	88	0	0	1	1	1	0	1	0	0	97.1	88.8		SLC29A1	36.0	
SLC29A3	sonnet_dual_triage	11	475.0	89	0	0	1	1	1	0	1	0	0	95.2	74.1		SLC29A1	32.9	
SLC29A4	sonnet_dual_triage	11	530.0	81	0	0	1	1	1	0	0	0	0	95.3	86.6		SLC29A2	22.4	
SLC2A1	sonnet_dual_triage	12	492.0	65	0	0	0	1	1	0	0	0	1	99.2	97.2		SLC2A4	62.5	
SLC2A10	sonnet_dual_triage	12	541.0	139	0	0	0	1	1	0	0	0	0	95.7	77.4		SLC2A6	37.0	
SLC2A11	sonnet_dual_triage	12	496.0	66	0	0	0	0	1	0	1	0	1	71.5			SLC2A9	49.2	
SLC2A12	sonnet_dual_triage	12	617.0	142	0	0	0	1	1	0	0	0	0	98.2	84.3		SLC2A10	28.8	
SLC2A13	sonnet_dual_triage	12	648.0	144	0	0	0	1	1	0	0	0	0	98.0	88.4		SLC2A5	33.3	
SLC2A14	sonnet_dual_triage	12	520.0	71	0	0	0	0	1	0	1	0	1	87.3			SLC2A3	87.3	
SLC2A2	sonnet_dual_triage	12	524.0	101	0	0	0	1	1	0	1	0	1	97.3	81.9		SLC2A4	47.1	
SLC2A3	sonnet_dual_triage	12	496.0	71	0	0	0	0	1	0	0	0	1	97.6			SLC2A14	87.3	
SLC2A4	sonnet_dual_triage	12	509.0	71	0	0	0	1	1	0	1	0	1	97.1	95.3		SLC2A1	62.5	
SLC2A5	sonnet_dual_triage	12	501.0	76	0	0	0	1	1	0	1	0	1	96.4	82.8		SLC2A7	50.0	
SLC2A6	sonnet_dual_triage	12	507.0	80	0	0	0	1	1	0	0	0	0	95.9	81.5		SLC2A10	37.0	
SLC2A7	sonnet_dual_triage	12	512.0	78	0	0	0	1	1	0	0	0	1	93.9	75.8		SLC2A5	50.0	
SLC2A8	sonnet_dual_triage	12	477.0	75	0	0	0	1	1	0	0	0	0	97.9	86.4		SLC2A10	32.8	
SLC2A9	sonnet_dual_triage	12	540.0	72	0	0	0	1	1	0	0	0	1	78.5	80.9		SLC2A11	49.2	
SLC30A1	sonnet_dual_triage	6	507.0	60	0	0	0	1	1	1	0	0	1	97.8	85.2	2.0	SLC30A6	50.0	
SLC30A8	sonnet_dual_triage	6	369.0	24	0	0	0	1	1	1	0	0	1	94.6	80.5	2.0	SLC30A2	66.7	
SLC31A1	sonnet_dual_triage	3	190.0	70	0	1	0	1	1	1	0	0	0	98.9	92.6	3.0	SLC31A2	33.3	
SLC31A2	sonnet_dual_triage	3	143.0	24	0	1	0	1	1	1	0	0	0	84.6	74.8	3.0	SLC31A1	33.3	
SLC34A1	sonnet_dual_triage	10	639.0	158	0	0	0	1	1	0	1	0	1	96.4	90.9		SLC34A2	53.9	
SLC34A2	sonnet_dual_triage	10	690.0	171	0	0	0	1	1	0	0	1	1	94.3	79.0		SLC34A1	53.9	1.0
SLC34A3	sonnet_dual_triage	10	599.0	155	0	0	0	1	1	0	0	0	1	94.8	79.8		SLC34A1	47.1	
SLC35F2	sonnet_dual_triage	10	374.0	51	0	0	0	1	1	0	1	0	1	97.6	89.8		SLC35F1	54.9	
SLC35G2	sonnet_dual_triage	10	412.0	56	0	0	0	1	1	1	0	0	0	98.5	92.2	2.0	SLC35G3	37.5	
SLC36A1	sonnet_dual_triage	11	476.0	106	0	0	1	1	1	0	1	0	1	98.5	85.9		SLC36A2	70.3	
SLC36A2	sonnet_dual_triage	11	483.0	101	0	0	1	1	1	0	1	0	1	90.7	81.6		SLC36A1	70.3	
SLC38A1	sonnet_dual_triage	11	487.0	97	0	0	1	1	1	0	0	0	1	94.0	93.0		SLC38A4	47.3	
SLC38A11	sonnet_dual_triage	10	406.0	113	0	1	1	1	1	0	0	0	0	98.1	79.9		SLC38A9	30.0	
SLC38A12	sonnet_dual_triage	11	496.0	96	0	0	1	1	1	0	1	0	0	89.9	89.7				
SLC38A2	sonnet_dual_triage	11	506.0	107	0	0	1	1	1	0	1	0	1	96.6	88.1		SLC38A3	47.2	
SLC38A3	sonnet_dual_triage	11	504.0	117	0	0	1	1	1	0	0	0	1	97.4	90.1		SLC38A4	50.0	
SLC38A4	sonnet_dual_triage	11	547.0	149	0	0	1	1	1	0	0	0	1	97.1	87.0		SLC38A3	50.0	
SLC38A5	sonnet_dual_triage	11	472.0	102	0	0	1	1	1	0	0	0	1	69.1	87.5		SLC38A3	45.1	
SLC38A6	sonnet_dual_triage	11	456.0	90	0	0	1	1	1	0	0	0	1	96.1	82.7		SLC38A4	47.8	
SLC38A7	sonnet_dual_triage	11	462.0	88	0	0	1	1	1	0	1	0	1	98.5	95.0		SLC38A8	40.3	
SLC38A8	sonnet_dual_triage	11	435.0	74	0	0	1	1	1	1	0	0	1	96.1	81.6	2.0	SLC38A7	40.3	
SLC39A1	sonnet_dual_triage	8	324.0	71	0	1	1	1	0	1	1	0	0		93.8	2.0	SLC39A3	24.5	
SLC39A10	sonnet_dual_triage	6	831.0	436	1	1	1	1	1	1	1	1	0	99.5	87.4	2.0	SLC39A5	36.8	1.0
SLC39A11	sonnet_dual_triage	6	342.0	26	0	1	1	1	1	1	0	0	0	98.5	90.4	2.0			
SLC39A12	sonnet_dual_triage	6	691.0	379	1	1	1	1	0	1	1	1	0		77.6	2.0	SLC39A14	34.6	1.0
SLC39A14	sonnet_dual_triage	6	492.0	155	1	1	1	1	1	1	1	1	0	94.1	86.4	2.0	SLC39A8	38.7	1.0
SLC39A2	sonnet_dual_triage	8	309.0	68	0	1	1	1	1	1	1	0	0	96.4	78.3	2.0	SLC39A3	28.6	
SLC39A3	sonnet_dual_triage	8	314.0	50	0	1	1	1	0	1	1	0	0		84.1	2.0	SLC39A2	28.6	
SLC39A4	sonnet_dual_triage	6	647.0	336	1	1	1	1	1	1	0	1	0	94.3	72.0	2.0	SLC39A8	31.6	1.0
SLC39A5	sonnet_dual_triage	6	540.0	235	1	1	1	1	1	1	0	1	0	97.6	83.5	2.0	SLC39A10	36.8	1.0
SLC39A6	sonnet_dual_triage	6	755.0	361	1	1	1	1	1	1	1	1	0	96.2	87.3	2.0	SLC39A14	35.1	1.0
SLC39A8	sonnet_dual_triage	6	460.0	137	1	1	1	1	1	1	1	0	0	99.8	89.3	2.0	SLC39A14	38.7	
SLC3A1	sonnet_dual_triage	1	685.0	575	0	0	1	1	1	1	1	1	0	93.0	80.4	2.0	SLC3A2	32.5	1.0
SLC3A2	sonnet_dual_triage	1	529.0	425	0	0	1	1	1	0	0	0	0	96.0	74.7		SLC3A1	32.5	
SLC40A1	sonnet_dual_triage	12	571.0	105	0	0	0	1	1	0	0	0	0	99.3	90.5				
SLC41A1	sonnet_dual_triage	11	513.0	66	0	0	1	1	1	0	0	0	1	99.8	97.9		SLC41A2	66.1	
SLC41A2	sonnet_dual_triage	11	573.0	62	0	0	1	1	1	0	0	0	1	99.5	91.1		SLC41A1	66.1	
SLC41A3	sonnet_dual_triage	11	507.0	99	0	0	1	1	1	0	1	0	0	97.3	76.0		SLC41A1	25.4	
SLC43A1	sonnet_dual_triage	12	559.0	102	0	0	0	1	1	0	0	0	1	90.2	83.5		SLC43A2	56.2	
SLC43A2	sonnet_dual_triage	12	569.0	101	0	0	0	1	0	0	1	0	1		91.4		SLC43A1	56.2	
SLC43A3	sonnet_dual_triage	12	491.0	90	0	0	0	1	1	0	0	0	0	96.1	74.3				
SLC44A1	sonnet_dual_triage	10	657.0	222	0	0	0	1	1	0	0	1	1	98.6	95.3		SLC44A3	43.8	1.0
SLC44A2	sonnet_dual_triage	10	706.0	293	0	0	0	1	1	0	0	1	1	94.1	90.9		SLC44A5	44.9	1.0
SLC44A3	sonnet_dual_triage	8	653.0	219	0	0	0	1	1	0	1	1	1	96.2	81.0		SLC44A1	43.8	1.0
SLC44A4	sonnet_dual_triage	10	710.0	291	0	0	0	1	1	0	1	1	0	96.9	82.0		SLC44A2	39.0	2.0
SLC44A5	sonnet_dual_triage	10	719.0	305	0	0	0	1	1	0	0	0	1	96.2	68.8		SLC44A2	44.9	
SLC45A2	sonnet_dual_triage	12	530.0	75	0	0	0	1	1	0	1	0	1	96.2	82.5		SLC45A4	41.1	
SLC45A3	sonnet_dual_triage	12	553.0	82	0	0	0	1	1	0	0	0	0	97.8	90.8		SLC45A1	32.4	
SLC46A1	sonnet_dual_triage	12	459.0	88	0	0	0	1	1	0	0	0	0	98.3	87.1		SLC46A3	34.1	
SLC46A2	sonnet_dual_triage	12	475.0	77	0	0	0	1	1	0	0	0	0	97.1	77.5		SLC46A3	31.1	
SLC46A3	sonnet_dual_triage	12	461.0	103	0	0	0	1	1	0	1	0	0	95.9	74.8		SLC46A1	34.1	
SLC47A1	sonnet_dual_triage	13	570.0	72	0	0	1	1	1	0	1	0	1	95.1	78.2		SLC47A2	66.7	
SLC47A2	sonnet_dual_triage	13	602.0	73	0	0	1	0	1	0	1	0	1	91.2			SLC47A1	66.7	
SLC48A1	sonnet_dual_triage	4	146.0	16	0	0	0	0	1	0	1	0	0	99.3					
SLC49A3	sonnet_dual_triage	12	560.0	85	0	0	0	1	1	1	1	0	0	84.3	63.0	2.0	SLC49A4	21.1	
SLC49A4	sonnet_dual_triage	12	478.0	76	0	0	0	1	1	0	1	0	0	99.0	95.0		FLVCR2	28.3	
SLC4A1	sonnet_dual_triage	14	911.0	102	0	0	0	1	1	1	0	0	1	94.5	82.4	2.0	SLC4A3	57.6	
SLC4A10	sonnet_dual_triage	14	1118.0	131	0	0	0	1	1	0	1	0	1	97.0	95.0		SLC4A7	65.4	
SLC4A11	sonnet_dual_triage	14	875.0	144	0	0	0	1	1	1	1	0	0	96.8	84.0	2.0	SLC4A1	26.0	
SLC4A2	sonnet_dual_triage	14	1241.0	129	0	0	0	1	1	0	0	0	1	96.9	94.4		SLC4A1	55.1	
SLC4A3	sonnet_dual_triage	14	1232.0	138	0	0	0	1	1	0	0	0	1	98.4	95.5		SLC4A1	57.6	
SLC4A4	sonnet_dual_triage	14	1079.0	256	0	0	0	1	1	0	1	1	1	95.6	97.0		SLC4A5	52.7	1.0
SLC4A5	sonnet_dual_triage	14	1137.0	160	0	0	0	1	1	0	1	0	1	99.1	90.5		SLC4A4	52.7	
SLC4A7	sonnet_dual_triage	14	1214.0	141	0	0	0	1	1	0	1	1	1	99.3	84.9		SLC4A8	66.0	1.0
SLC4A8	sonnet_dual_triage	14	1093.0	146	0	0	0	1	1	0	1	1	1	99.6	96.0		SLC4A7	66.0	1.0
SLC4A9	sonnet_dual_triage	12	983.0	221	0	0	0	1	1	1	1	0	1	97.6	82.3	2.0	SLC4A5	46.6	
SLC50A1	sonnet_dual_triage	7	221.0	29	0	1	0	1	1	0	1	0	0	99.1	79.6				
SLC51A	sonnet_dual_triage	7	340.0	88	0	1	0	1	1	1	0	0	0	93.2	82.4	2.0	TMEM184C	23.1	
SLC51B	sonnet_dual_triage	1	128.0	39	0	1	0	1	1	0	0	0	0	95.3	63.3				
SLC52A1	sonnet_dual_triage	11	448.0	98	0	0	1	0	1	0	1	0	1	96.4			SLC52A2	90.4	
SLC52A2	sonnet_dual_triage	11	445.0	94	0	0	1	0	1	0	0	0	1	96.2			SLC52A1	90.4	
SLC52A3	sonnet_dual_triage	11	469.0	138	0	0	1	1	1	0	1	0	1	97.2	74.0		SLC52A2	45.2	
SLC5A1	sonnet_dual_triage	14	664.0	179	0	1	1	1	1	0	1	1	1	95.9	88.0		SLC5A4	69.1	1.0
SLC5A10	sonnet_dual_triage	14	596.0	167	0	1	1	1	1	0	1	0	1	98.0	88.6		SLC5A9	65.2	
SLC5A11	sonnet_dual_triage	14	675.0	189	0	1	1	1	1	0	1	0	1	97.3	86.2		SLC5A10	48.8	
SLC5A12	sonnet_dual_triage	13	618.0	157	0	1	0	1	1	0	1	0	1	93.7	85.6		SLC5A8	52.0	
SLC5A2	sonnet_dual_triage	14	672.0	178	0	1	1	1	1	0	1	0	1	97.6	90.6		SLC5A1	60.9	
SLC5A3	sonnet_dual_triage	14	718.0	164	0	1	1	1	0	0	0	0	1		93.9		SLC5A9	49.7	
SLC5A4	sonnet_dual_triage	14	659.0	180	0	1	1	1	1	0	0	0	1	95.3	78.8		SLC5A1	69.1	
SLC5A5	sonnet_dual_triage	13	643.0	170	0	1	0	1	1	0	0	0	1	97.7	81.0		SLC5A12	51.4	
SLC5A6	sonnet_dual_triage	13	635.0	177	0	1	0	1	1	0	0	0	0	95.3	82.5		SLC5A8	39.6	
SLC5A7	sonnet_dual_triage	13	580.0	140	0	1	0	1	1	0	0	0	0	98.6	92.9		SLC5A10	25.0	
SLC5A8	sonnet_dual_triage	13	610.0	167	0	1	0	1	1	0	0	0	1	97.9	86.6		SLC5A12	52.0	
SLC5A9	sonnet_dual_triage	14	681.0	179	0	1	1	1	1	0	0	0	1	96.3	85.5		SLC5A10	65.2	
SLC60A2	sonnet_dual_triage	12	518.0	94	0	0	0	0	1	1	0	0	0	89.6		2.0	SLC60A1	24.2	
SLC61A1	sonnet_dual_triage	13	450.0	63	0	1	0	1	1	0	0	0	0	99.3	96.2		SLC67A2	28.0	
SLC66A1	sonnet_dual_triage	7	291.0	94	0	1	0	1	1	0	1	0	0	80.8	86.3		TMEM44	31.8	
SLC67A1	sonnet_dual_triage	12	424.0	44	0	0	0	1	1	0	0	0	0	72.4	75.9				
SLC67A2	sonnet_dual_triage	12	474.0	53	0	0	0	1	1	0	0	0	0	93.0	72.4		SLC61A1	28.0	
SLC68A1	sonnet_dual_triage	12	517.0	89	0	0	0	1	1	0	0	0	0	97.7	89.2				
SLC6A1	sonnet_dual_triage	12	599.0	138	0	0	0	1	1	0	0	0	1	100.0	98.0		SLC6A11	55.3	
SLC6A11	sonnet_dual_triage	12	632.0	142	0	0	0	1	1	0	1	0	1	64.4	93.5		SLC6A13	72.7	
SLC6A12	sonnet_dual_triage	12	614.0	146	0	0	0	1	1	0	0	0	1	95.4	87.8		SLC6A13	70.6	
SLC6A13	sonnet_dual_triage	12	602.0	143	0	0	0	1	1	0	1	0	1	98.2	91.0		SLC6A11	72.7	
SLC6A14	sonnet_dual_triage	12	642.0	165	0	0	0	0	1	0	0	0	1	97.4			SLC6A6	42.0	
SLC6A15	sonnet_dual_triage	12	730.0	226	0	0	0	1	1	0	1	0	1	98.6	91.5		SLC6A17	64.4	
SLC6A16	sonnet_dual_triage	12	736.0	206	0	0	0	0	1	0	1	0	0	89.9			SLC6A18	32.4	
SLC6A18	sonnet_dual_triage	12	628.0	208	0	0	0	1	1	0	0	0	1	85.2	72.9		SLC6A19	49.3	
SLC6A19	sonnet_dual_triage	12	634.0	205	0	0	0	1	1	0	0	0	1	81.7	86.8		SLC6A18	49.3	
SLC6A2	sonnet_dual_triage	12	617.0	151	0	0	0	1	1	0	1	0	1	95.8	94.3		SLC6A3	61.4	
SLC6A20	sonnet_dual_triage	12	592.0	200	0	0	0	0	1	0	0	0	1	97.8			SLC6A15	43.1	
SLC6A3	sonnet_dual_triage	12	620.0	148	0	0	0	1	1	0	0	0	1	98.9	93.5		SLC6A2	61.4	
SLC6A4	sonnet_dual_triage	12	630.0	145	0	0	0	1	1	0	0	0	1	97.8	92.5		SLC6A3	47.9	
SLC6A5	sonnet_dual_triage	12	797.0	172	0	0	0	1	1	0	1	0	1	98.5	93.2		SLC6A7	50.3	
SLC6A6	sonnet_dual_triage	12	620.0	145	0	0	0	1	1	0	1	0	1	99.4	93.4		SLC6A13	69.7	
SLC6A7	sonnet_dual_triage	12	636.0	147	0	0	0	1	1	0	0	0	1	95.3	97.6		SLC6A9	51.8	
SLC6A8	sonnet_dual_triage	12	635.0	148	0	0	0	0	0	0	1	0	1				SLC6A11	64.3	
SLC6A9	sonnet_dual_triage	12	706.0	151	0	0	0	1	1	0	0	0	1	91.9	96.2		SLC6A7	51.8	
SLC71A1	sonnet_dual_triage	12	490.0	82	0	0	0	1	1	0	0	0	1	99.8	99.8		SLC71A2	65.3	
SLC71A2	sonnet_dual_triage	12	506.0	80	0	0	0	1	1	0	1	0	1	99.4	90.3		SLC71A1	65.3	
SLC7A1	sonnet_dual_triage	14	629.0	128	0	0	0	1	1	0	0	0	1	98.6	86.6		SLC7A3	50.0	
SLC7A10	sonnet_dual_triage	12	523.0	68	0	0	0	1	0	0	0	0	1		92.9		SLC7A8	64.7	
SLC7A11	sonnet_dual_triage	12	501.0	67	0	0	0	1	1	0	0	0	1	98.2	89.2		SLC7A8	46.9	
SLC7A13	sonnet_dual_triage	12	470.0	73	0	0	0	1	1	0	1	0	1	97.0	69.8		SLC7A6	43.8	
SLC7A2	sonnet_dual_triage	14	658.0	122	0	0	0	1	1	0	0	0	1	97.1	88.1		SLC7A1	47.9	
SLC7A3	sonnet_dual_triage	14	619.0	128	0	0	0	1	1	0	0	0	1	96.9	81.6		SLC7A1	50.0	
SLC7A4	sonnet_dual_triage	14	635.0	103	0	0	0	1	1	0	0	0	1	97.5	81.4		SLC7A1	42.7	
SLC7A5	sonnet_dual_triage	12	507.0	70	0	0	0	1	1	0	0	0	1	75.1	91.9		SLC7A8	48.5	
SLC7A6	sonnet_dual_triage	12	515.0	66	0	0	0	1	1	0	0	0	1	98.1	89.1		SLC7A7	62.1	
SLC7A7	sonnet_dual_triage	12	511.0	67	0	0	0	1	1	0	0	0	1	98.6	90.2		SLC7A6	62.1	
SLC7A8	sonnet_dual_triage	12	535.0	68	0	0	0	1	1	0	1	0	1	98.7	91.2		SLC7A10	64.7	
SLC7A9	sonnet_dual_triage	12	487.0	72	0	0	0	1	1	0	0	0	1	95.1	86.9		SLC7A11	44.8	
SLC8A1	sonnet_dual_triage	10	973.0	105	1	1	1	1	1	0	0	0	1	99.2	94.8		FRAS1	67.4	
SLC8A2	sonnet_dual_triage	12	921.0	112	1	1	1	1	1	0	0	0	1	99.8	94.5		FREM2	66.7	
SLC8A3	sonnet_dual_triage	10	927.0	100	1	1	1	1	1	0	1	0	1	97.4	95.0		FREM2	66.0	
SLC9A1	sonnet_dual_triage	12	815.0	172	0	0	0	1	0	1	1	1	1		92.9	2.0	SLC9A2	48.0	1.0
SLC9A2	sonnet_dual_triage	11	812.0	153	1	1	0	1	1	1	0	1	1	96.6	91.1	2.0	SLC9A4	63.8	1.0
SLC9A3	sonnet_dual_triage	11	834.0	134	1	1	0	1	1	1	1	0	1	82.3	83.3	2.0	SLC9A5	45.5	
SLC9A4	sonnet_dual_triage	11	798.0	152	1	1	0	1	1	1	0	0	1	97.0	83.3	2.0	SLC9A2	63.8	
SLC9A5	sonnet_dual_triage	11	896.0	148	1	1	0	1	1	1	0	0	1	98.8	95.3	2.0	SLC9A3	45.5	
SLC9B1	sonnet_dual_triage	14	515.0	92	0	0	0	1	1	1	1	0	1	91.7	65.6	2.0	SLC9B2	50.0	
SLC9C1	sonnet_dual_triage	17	1177.0	115	0	1	0	1	1	0	0	0	0	84.1	66.3		SLC9A6	26.3	
SLC9C2	sonnet_dual_triage	17	1124.0	120	0	1	0	1	1	0	0	0	0	89.8	68.2		SLC9A1	24.7	
SLCO1A2	sonnet_dual_triage	12	670.0	247	0	0	0	0	1	0	1	0	1	96.1			SLCO1C1	50.4	
SLCO1B1	sonnet_dual_triage	12	691.0	251	0	0	0	0	0	0	0	0	1				SLCO1B3	82.4	
SLCO1B3	sonnet_dual_triage	12	702.0	254	0	0	0	0	1	0	1	0	1	90.7			SLCO1B1	82.4	
SLCO1B3-SLCO1B7	sonnet_dual_triage	12	687.0	253	0	0	0	0	0	0	0	0	0						
SLCO1C1	sonnet_dual_triage	12	712.0	257	0	0	0	1	1	0	1	0	1	98.5	84.0		SLCO1A2	50.4	
SLCO2A1	sonnet_dual_triage	12	643.0	238	0	0	0	1	1	0	0	0	1	97.4	83.2		SLCO2B1	43.6	
SLCO2B1	sonnet_dual_triage	12	709.0	241	0	0	0	1	1	0	1	1	1	96.5	73.3		SLCO2A1	43.6	1.0
SLCO3A1	sonnet_dual_triage	12	710.0	233	0	0	0	1	1	0	1	0	1	69.7	97.9		SLCO4A1	42.0	
SLCO4A1	sonnet_dual_triage	12	722.0	225	0	0	0	1	1	0	1	0	1	92.2	75.5		SLCO4C1	45.4	
SLCO4C1	sonnet_dual_triage	12	724.0	221	0	0	0	1	1	0	0	0	1	94.3	81.2		SLCO4A1	45.4	
SLCO5A1	sonnet_dual_triage	12	848.0	260	0	0	0	1	1	0	1	1	1	98.0	88.6		SLCO4C1	40.7	1.0
SLCO6A1	sonnet_dual_triage	12	719.0	233	0	0	0	0	1	0	1	0	1	82.1			SLCO4C1	44.3	
SLITRK1	sonnet_dual_triage	1	696.0	604	1	1	0	1	1	0	0	1	1	95.0	97.6		SLITRK2	46.3	1.0
SLITRK2	sonnet_dual_triage	1	845.0	598	1	1	0	1	1	0	0	1	1	99.8	97.5		SLITRK5	57.2	3.0
SLITRK3	sonnet_dual_triage	1	977.0	627	1	1	0	1	1	0	0	1	1	99.6	96.4		SLITRK2	51.0	2.0
SLITRK4	sonnet_dual_triage	1	837.0	600	1	1	0	1	1	0	0	1	1	99.6	97.3		SLITRK5	53.5	2.0
SLITRK5	sonnet_dual_triage	1	958.0	626	1	1	0	1	1	0	0	1	1	90.4	96.9		SLITRK2	57.2	1.0
SLITRK6	sonnet_dual_triage	1	841.0	587	1	1	0	1	1	0	0	1	1	97.5	89.2		SLITRK4	48.9	1.0
SLURP2	sonnet_dual_triage	0	97.0	75	1	1	1	0	0	0	0	0	0						
SMAGP	sonnet_dual_triage	1	97.0	35	0	1	0	1	1	0	0	0	1	96.9	78.4		NECTIN2	51.4	
SMC3	sonnet_dual_triage	0	1217.0	0	0	0	0	1	1	0	0	0	0	99.9	99.9				
SMCO1	sonnet_dual_triage	0	214.0	0	0	0	0	1	1	0	0	0	0	87.4	75.7				
SMCO2	sonnet_dual_triage	1	343.0	42	0	0	1	0	1	0	0	0	1	89.2			TMCO5A	40.5	
SMCO3	sonnet_dual_triage	0	225.0	0	0	0	0	1	1	0	0	0	0	96.0	84.9				
SMCO4	sonnet_dual_triage	1	59.0	8	0	0	1	1	0	0	0	0	0		96.6				
SMIM1	sonnet_dual_triage	1	78.0	8	0	0	1	1	1	0	0	0	0	94.9	80.8				
SMIM10	sonnet_dual_triage	0	83.0	52	1	1	1	0	0	0	0	0	1				SMIM10L3	70.8	
SMIM10L2A	sonnet_dual_triage	0	78.0	0	0	0	0	0	0	0	0	0	0						
SMIM10L2B	sonnet_dual_triage	0	78.0	0	0	0	0	0	0	0	0	0	0						
SMIM10L3	sonnet_dual_triage	0	68.0	48	1	1	1	0	0	0	0	0	1				SMIM10	70.8	
SMIM17	sonnet_dual_triage	1	118.0	2	0	0	1	1	1	0	0	0	0	98.3	83.1				
SMIM18	sonnet_dual_triage	1	95.0	35	0	1	0	1	0	0	0	0	0		88.4				
SMIM21	sonnet_dual_triage	0	101.0	0	0	0	0	0	0	0	0	0	0						
SMIM23	sonnet_dual_triage	0	172.0	119	1	1	1	0	1	0	0	0	0	73.3					
SMIM24	sonnet_dual_triage	1	130.0	10	1	1	0	1	1	0	0	0	1	84.6	56.2		PDZK1IP1	40.0	
SMIM28	sonnet_dual_triage	1	152.0	51	0	1	0	0	0	0	0	0	0						
SMIM29	sonnet_dual_triage	1	102.0	17	0	1	0	1	0	0	1	0	0		96.1		C3orf18	29.4	
SMIM32	sonnet_dual_triage	1	103.0	53	0	1	0	1	0	0	0	0	0		93.2				
SMIM33	sonnet_dual_triage	1	132.0	42	0	1	0	1	0	0	0	0	0		59.8				
SMIM34	sonnet_dual_triage	1	139.0	48	0	1	0	1	1	0	0	0	0	95.7	56.8				
SMIM35	sonnet_dual_triage	1	85.0	9	0	1	0	1	1	0	0	0	0	97.6	88.2				
SMIM36	sonnet_dual_triage	1	93.0	13	0	1	0	0	0	0	0	0	0						
SMIM38	sonnet_dual_triage	1	51.0	13	0	1	0	1	0	0	0	0	0		66.7				
SMIM39	sonnet_dual_triage	1	56.0	3	0	0	1	1	0	0	0	0	0		92.9				
SMIM42	sonnet_dual_triage	1	70.0	25	0	1	0	0	0	0	0	0	0						
SMIM43	sonnet_dual_triage	0	63.0	31	1	1	1	1	0	0	0	0	0		92.1				
SMIM44	sonnet_dual_triage	1	149.0	35	0	1	0	1	0	0	0	0	0		67.1				
SMIM5	sonnet_dual_triage	1	77.0	31	0	1	0	1	1	0	0	0	0	97.4	77.9				
SMIM9	sonnet_dual_triage	1	99.0	46	1	1	0	0	0	0	0	0	0						
SMLR1	sonnet_dual_triage	2	107.0	14	0	0	0	0	1	0	0	0	0	86.9					
SMO	sonnet_dual_triage	7	787.0	296	1	1	0	1	1	0	0	0	0	79.4	93.0		FZD8	29.3	
SMPD1	sonnet_dual_triage	0	631.0	579	1	1	1	1	0	0	0	0	0		82.3		SMPDL3A	33.2	
SMPD3	sonnet_dual_triage	2	655.0	1	0	0	0	1	1	0	0	0	0	99.1	91.1				
SMPDL3A	sonnet_dual_triage	0	453.0	431	1	1	1	1	1	0	0	0	1	95.8	79.2		SMPDL3B	40.1	
SMPDL3B	sonnet_dual_triage	0	455.0	437	1	1	1	1	1	0	0	0	1	67.0	75.2		SMPDL3A	40.1	
SNCA	sonnet_dual_triage	0	140.0	0	0	0	0	1	1	0	0	0	0	75.7	95.0				
SND1	sonnet_dual_triage	0	910.0	0	0	0	0	1	1	0	0	0	0	99.6	97.4				
SNN	sonnet_dual_triage	1	88.0	11	0	1	0	1	1	0	0	0	0	100.0	97.7				
SNORC	sonnet_dual_triage	1	121.0	67	1	1	0	1	1	0	0	0	0	98.3	81.0				
SOD3	sonnet_dual_triage	0	240.0	222	1	1	1	1	1	1	0	0	0	94.6	65.8	2.0			
SOFU1	sonnet_dual_triage	0	122.0	94	1	1	1	0	0	0	0	0	0						
SORCS1	sonnet_dual_triage	1	1168.0	1069	1	1	0	1	1	0	0	1	1	75.8	90.9		SORCS3	67.8	5.0
SORCS2	sonnet_dual_triage	1	1159.0	1029	1	1	0	1	0	0	0	1	1		86.0		SORCS1	47.8	2.0
SORCS3	sonnet_dual_triage	1	1222.0	1092	1	1	0	1	1	0	0	1	1	98.6	92.4		SORCS1	67.8	6.0
SORL1	sonnet_dual_triage	1	2214.0	2110	1	1	0	1	1	0	0	1	0	93.6	93.2		SORT1	33.8	8.0
SORT1	sonnet_dual_triage	1	831.0	725	1	1	0	1	1	0	0	1	0	98.7	90.5		SORL1	33.8	3.0
SPA17	sonnet_dual_triage	0	151.0	0	0	0	0	1	1	1	0	0	0	87.4	71.5	2.0			
SPAAR	sonnet_dual_triage	1	90.0	17	0	1	0	1	0	0	0	0	0		65.3				
SPACA1	sonnet_dual_triage	1	294.0	188	1	1	0	1	1	0	0	1	0	91.2	70.4				1.0
SPACA3	sonnet_dual_triage	1	215.0	141	0	0	1	1	1	0	1	0	1	88.8	56.3		LYZ	50.8	
SPACA4	sonnet_dual_triage	0	124.0	105	1	1	1	1	1	0	0	1	0	91.1	66.1				1.0
SPACA5	sonnet_dual_triage	0	159.0	138	1	1	1	0	0	0	0	0	1				SPACA5B	100.0	
SPACA6	sonnet_dual_triage	1	324.0	268	1	1	0	1	1	0	1	0	0	96.3	63.6				
SPADH	sonnet_dual_triage	0	137.0	116	1	1	1	0	0	0	0	0	0						
SPAG11A	sonnet_dual_triage	0	123.0	98	1	1	1	0	0	0	0	0	1				SPAG11B	96.2	
SPAG11B	sonnet_dual_triage	0	103.0	78	1	1	1	0	0	0	0	0	1				SPAG11A	96.2	
SPAG8	sonnet_dual_triage	0	485.0	0	0	0	0	1	1	0	0	0	0	90.9	58.1				
SPAM1	sonnet_dual_triage	0	509.0	474	1	1	1	0	1	0	0	1	1	87.8			HYAL4	46.8	1.0
SPART	sonnet_dual_triage	0	666.0	0	0	0	0	1	1	0	0	0	0	98.3	86.2				
SPATA46	sonnet_dual_triage	0	261.0	0	0	0	0	1	1	0	0	0	0	93.1	62.8				
SPEM1	sonnet_dual_triage	1	309.0	28	0	1	0	1	1	0	0	0	0	90.0	68.0				
SPEM3	sonnet_dual_triage	1	1196.0	26	0	1	0	0	0	0	0	0	0						
SPESP1	sonnet_dual_triage	0	350.0	331	1	1	1	0	1	0	0	0	0	92.3					
SPINK13	sonnet_dual_triage	0	94.0	71	1	1	1	1	0	0	0	0	0		52.1		SPINK14	39.4	
SPINK14	sonnet_dual_triage	0	97.0	73	1	1	1	1	1	0	0	0	1	92.8	64.9		SPINK7	52.4	
SPINK2	sonnet_dual_triage	0	84.0	64	1	1	1	0	0	0	0	0	0				SPINK7	36.5	
SPINK4	sonnet_dual_triage	0	86.0	60	1	1	1	1	1	0	0	0	0	90.7	62.8				
SPINK5	sonnet_dual_triage	0	1064.0	1042	1	1	1	1	1	0	0	0	1	94.3	60.6		SPINK6	54.4	
SPINK6	sonnet_dual_triage	0	80.0	57	1	1	1	1	1	0	0	0	1	95.0	77.5		SPINK5	54.4	
SPINK7	sonnet_dual_triage	0	85.0	63	1	1	1	1	1	0	0	0	1	96.5	67.1		SPINK14	52.4	
SPINK8	sonnet_dual_triage	0	97.0	76	1	1	1	1	1	0	0	0	0	91.8	55.7		SPINK7	33.3	
SPINT1	sonnet_dual_triage	1	529.0	432	1	1	0	1	0	0	0	0	1		79.5		SPINT2	43.0	
SPINT2	sonnet_dual_triage	1	252.0	172	1	1	0	1	1	0	0	1	1	96.0	70.6		SPINT1	43.0	2.0
SPINT3	sonnet_dual_triage	0	89.0	65	1	1	1	0	1	0	0	0	0	86.5					
SPINT4	sonnet_dual_triage	0	99.0	75	1	1	1	0	1	0	0	0	1	90.9			WFIKKN2	50.7	
SPN	sonnet_dual_triage	1	400.0	236	1	1	0	1	1	0	0	0	0	89.5	50.5				
SPNS2	sonnet_dual_triage	12	549.0	83	0	0	0	1	0	0	0	0	1		96.0		SPNS1	45.8	
SPNS3	sonnet_dual_triage	12	512.0	83	0	0	0	1	1	0	1	0	1	94.5	79.3		SPNS1	43.9	
SPOCK1	sonnet_dual_triage	0	439.0	418	1	1	1	1	1	0	0	0	1	98.9	95.2		SPOCK3	53.7	
SPOCK3	sonnet_dual_triage	0	436.0	415	1	1	1	1	1	0	0	0	1	99.1	85.7		SPOCK1	53.7	
SPPL2B	sonnet_dual_triage	9	592.0	201	1	1	0	1	1	0	1	0	1	75.5	77.4		SPPL2C	51.2	
SPPL3	sonnet_dual_triage	9	384.0	77	0	1	0	1	1	0	1	0	0	98.2	100.0		SPPL2B	38.2	
SPRN	sonnet_dual_triage	0	151.0	127	1	1	1	1	1	0	0	0	0	96.0	78.8				
SRGN	sonnet_dual_triage	0	158.0	131	1	1	1	1	1	0	0	0	0	92.4	50.0				
SRPX2	sonnet_dual_triage	0	465.0	442	1	1	1	1	0	0	0	0	1		93.8		SRPX	46.8	
SSC4D	sonnet_dual_triage	0	575.0	528	1	1	1	1	1	0	0	0	1	97.4	87.7		DMBT1	56.4	
SSC5D	sonnet_dual_triage	0	1573.0	1557	1	1	1	1	1	0	0	0	1	80.5	64.3		LGALS3BP	58.0	
SSPN	sonnet_dual_triage	4	243.0	56	0	0	0	1	1	0	1	0	0	97.9	75.3				
SSTR1	sonnet_dual_triage	7	391.0	106	0	1	0	1	1	1	0	0	1	100.0	98.7	2.0	SSTR4	42.1	
SSTR2	sonnet_dual_triage	7	369.0	98	0	1	0	1	1	0	0	0	0	91.1	93.8		SSTR3	37.9	
SSTR3	sonnet_dual_triage	7	418.0	96	0	1	0	1	0	0	0	0	1		85.4		SSTR5	44.4	
SSTR4	sonnet_dual_triage	7	388.0	95	0	1	0	1	1	0	0	0	1	93.8	88.4		SSTR1	42.1	
SSTR5	sonnet_dual_triage	7	364.0	90	0	1	0	1	1	0	0	0	1	54.4	79.9		SSTR3	44.4	
ST14	sonnet_dual_triage	1	855.0	778	0	0	1	1	1	0	0	0	1	96.4	81.9		TMPRSS11E	42.8	
ST3GAL1	sonnet_dual_triage	1	340.0	314	0	0	1	1	1	0	0	0	1	98.2	81.5		ST3GAL2	51.6	
ST6GAL1	sonnet_dual_triage	1	406.0	380	0	0	1	1	1	0	1	0	1	97.5	79.6		ST6GAL2	45.3	
STAB1	sonnet_dual_triage	1	2570.0	2450	1	1	0	1	1	0	1	1	1	96.6	81.8		STAB2	42.6	23.0
STAB2	sonnet_dual_triage	1	2551.0	2439	1	1	0	1	1	0	0	1	1	95.3	78.3		STAB1	42.6	12.0
STEAP1	sonnet_dual_triage	6	339.0	76	0	0	0	0	0	1	0	0	1			3.0	STEAP1B	98.2	
STEAP1B	sonnet_dual_triage	5	245.0	57	0	0	1	0	0	1	0	0	1			2.0	STEAP1	98.2	
STEAP2	sonnet_dual_triage	6	490.0	73	0	0	0	1	1	1	1	0	1	99.0	96.5	3.0	STEAP1B	59.6	
STEAP3	sonnet_dual_triage	6	488.0	73	0	0	0	1	1	1	1	0	1	97.6	85.1	3.0	STEAP2	54.8	
STEAP4	sonnet_dual_triage	6	459.0	72	0	0	0	1	1	1	1	0	0	97.4	82.4	3.0	STEAP3	34.3	
STIM1	sonnet_dual_triage	1	685.0	191	1	1	0	1	1	1	0	1	0	99.6	92.5	2.0	STIM2	0.0	1.0
STIM2	sonnet_dual_triage	2	746.0	1	0	0	0	1	1	1	0	0	0	98.8	93.6	2.0	STIM1	0.0	
STIP1	sonnet_dual_triage	0	543.0	0	0	0	0	1	1	0	0	0	0	91.5	96.9				
STOM	sonnet_dual_triage	2	288.0	1	0	0	0	1	1	1	1	0	0	99.0	86.1	2.0	STOML3	0.0	
STOML3	sonnet_dual_triage	2	291.0	1	0	0	0	1	1	1	0	0	1	97.3	91.4	2.0	NPHS2	100.0	
STRA6	sonnet_dual_triage	9	667.0	170	0	1	0	1	1	1	1	0	0	95.4	74.1	2.0			
STRC	sonnet_dual_triage	0	1775.0	1754	1	1	1	1	1	0	0	0	0	97.1	87.4		MSLN	37.0	
STS	sonnet_dual_triage	2	583.0	512	1	1	1	0	1	0	0	0	1	96.7			ARSL	57.0	
STUM	sonnet_dual_triage	4	141.0	2	0	0	0	1	1	0	0	0	0	93.6	89.4				
STYK1	sonnet_dual_triage	1	422.0	26	0	1	0	1	1	0	0	0	0	93.6	78.0				
SUCNR1	sonnet_dual_triage	7	334.0	93	0	1	0	1	1	1	0	0	0	92.2	68.3	2.0	OXGR1	34.1	
SULF1	sonnet_dual_triage	0	871.0	849	1	1	1	1	1	0	0	0	1	97.0	93.0		SULF2	67.7	
SULF2	sonnet_dual_triage	0	870.0	846	1	1	1	1	1	0	0	0	1	99.2	94.3		SULF1	67.7	
SUN5	sonnet_dual_triage	1	379.0	261	0	0	1	1	1	1	0	0	1	93.7	72.6	3.0	SPAG4	100.0	
SUSD1	sonnet_dual_triage	1	747.0	695	1	1	0	1	1	0	1	1	0	91.2	74.0				7.0
SUSD2	sonnet_dual_triage	1	822.0	759	1	1	0	1	1	0	0	1	0	84.9	76.2		MUC4	34.5	1.0
SUSD3	sonnet_dual_triage	1	255.0	105	0	1	0	1	1	0	1	1	1	74.5	64.3		CSMD2	65.7	1.0
SUSD4	sonnet_dual_triage	1	490.0	274	1	1	0	1	1	0	1	1	1	95.9	91.2		CSMD1	54.0	2.0
SUSD5	sonnet_dual_triage	1	629.0	539	1	1	0	1	1	0	0	1	0	90.0	68.4				1.0
SUSD6	sonnet_dual_triage	1	303.0	81	1	1	0	1	1	0	0	0	1	98.3	89.1		CSMD3	66.7	
SVEP1	sonnet_dual_triage	0	3571.0	3552	1	1	1	1	1	0	0	0	1	94.0	81.8		SUSD6	63.0	
SVOPL	sonnet_dual_triage	12	492.0	75	0	0	0	1	1	0	1	0	1	97.2	91.9		SLC22A17	42.6	
SYCP1	sonnet_dual_triage	0	976.0	0	0	0	0	1	1	0	0	0	0	96.8	74.3				
SYNDIG1	sonnet_dual_triage	3	258.0	12	0	0	1	1	1	0	0	0	1	82.6	93.0		SYNDIG1L	58.3	
SYT15	sonnet_dual_triage	1	421.0	5	0	1	0	0	0	0	1	0	1				SYT9	80.0	
SYT7	sonnet_dual_triage	1	403.0	16	0	1	0	1	1	0	0	0	1	87.8	98.0		SYT5	50.0	
SYT8	sonnet_dual_triage	1	387.0	35	0	1	0	1	1	0	0	0	1	89.1	75.2		SYT13	50.0	
TAAR2	sonnet_dual_triage	7	351.0	98	0	1	0	1	1	0	0	0	1	83.2	84.3		TAAR1	47.4	
TAAR5	sonnet_dual_triage	7	337.0	87	0	1	0	1	1	0	0	0	1	97.6	86.6		TAAR9	41.9	
TAAR6	sonnet_dual_triage	7	345.0	88	0	1	0	0	1	0	0	0	1	94.8			TAAR8	74.7	
TAAR8	sonnet_dual_triage	7	342.0	87	0	1	0	0	0	0	0	0	1				TAAR6	74.7	
TAAR9	sonnet_dual_triage	7	348.0	90	0	1	0	1	0	0	0	0	1		86.8		TAAR8	64.4	
TACR1	sonnet_dual_triage	7	407.0	82	0	1	0	1	1	0	0	0	1	99.5	94.6		TACR3	47.6	
TACR2	sonnet_dual_triage	7	398.0	92	0	1	0	1	1	0	0	0	1	95.0	82.4		TACR3	43.5	
TACR3	sonnet_dual_triage	7	465.0	139	0	1	0	1	1	0	0	0	1	97.8	85.8		TACR1	47.6	
TACSTD2	sonnet_dual_triage	1	323.0	246	1	1	0	1	0	0	0	1	1		78.6		EPCAM	49.6	1.0
TARM1	sonnet_dual_triage	1	271.0	215	1	1	0	0	1	0	0	1	1	86.3			VSTM1	47.1	1.0
TAS1R1	sonnet_dual_triage	7	841.0	584	1	1	0	1	1	1	1	1	0	93.2	73.7	2.0	TAS1R2	38.0	2.0
TAS1R2	sonnet_dual_triage	7	839.0	589	1	1	0	1	1	1	0	1	0	92.0	69.8	2.0	TAS1R1	38.0	2.0
TAS1R3	sonnet_dual_triage	7	852.0	594	1	1	0	1	0	1	0	1	0		72.8	2.0	TAS1R1	36.3	2.0
TAS2R1	sonnet_dual_triage	7	299.0	59	0	1	0	0	1	0	0	0	0	82.9			TAS2R39	30.0	
TAS2R10	sonnet_dual_triage	7	307.0	50	0	1	0	0	1	0	0	0	0	91.2			TAS2R3	32.7	
TAS2R13	sonnet_dual_triage	7	303.0	52	0	1	0	0	1	1	0	0	0	87.8		2.0	TAS2R9	34.1	
TAS2R14	sonnet_dual_triage	7	317.0	51	0	1	0	0	0	0	0	0	0				TAS2R31	27.5	
TAS2R16	sonnet_dual_triage	7	291.0	53	0	1	0	1	1	0	0	0	0	90.0	52.9		TAS2R42	30.0	
TAS2R19	sonnet_dual_triage	7	299.0	53	0	1	0	0	0	0	0	0	1				TAS2R30	62.3	
TAS2R20	sonnet_dual_triage	7	309.0	56	0	1	0	0	0	0	0	0	1				TAS2R19	52.9	
TAS2R3	sonnet_dual_triage	7	316.0	51	0	1	0	1	1	0	0	0	0	92.7	63.9		TAS2R10	32.7	
TAS2R30	sonnet_dual_triage	7	319.0	56	0	1	0	0	0	0	0	0	1				TAS2R46	76.8	
TAS2R31	sonnet_dual_triage	7	309.0	57	0	1	0	0	0	0	0	0	1				TAS2R43	80.7	
TAS2R33	sonnet_dual_triage	7	309.0	57	0	1	0	0	0	0	0	0	0						
TAS2R36	sonnet_dual_triage	7	309.0	55	0	1	0	0	0	0	0	0	0						
TAS2R38	sonnet_dual_triage	7	333.0	69	0	1	0	1	1	0	0	0	0	95.8	65.5		TAS2R30	30.8	
TAS2R39	sonnet_dual_triage	7	338.0	80	0	1	0	1	1	0	0	0	1	92.9	51.2		TAS2R40	42.4	
TAS2R4	sonnet_dual_triage	7	299.0	58	0	1	0	1	1	0	0	0	0	94.6	66.6		TAS2R3	32.6	
TAS2R40	sonnet_dual_triage	7	323.0	68	0	1	0	1	1	0	0	0	1	95.7	65.0		TAS2R39	42.4	
TAS2R41	sonnet_dual_triage	7	307.0	63	0	1	0	1	1	0	0	0	0	86.3	68.4		TAS2R40	29.6	
TAS2R42	sonnet_dual_triage	7	314.0	54	0	1	0	0	0	0	0	0	0				TAS2R16	30.0	
TAS2R43	sonnet_dual_triage	7	309.0	57	0	1	0	0	0	0	0	0	1				TAS2R46	82.1	
TAS2R45	sonnet_dual_triage	7	299.0	58	0	1	0	0	0	0	0	0	0						
TAS2R46	sonnet_dual_triage	7	309.0	56	0	1	0	0	0	1	0	0	1			2.0	TAS2R43	82.1	
TAS2R5	sonnet_dual_triage	7	299.0	44	0	1	0	0	1	0	0	0	0	93.3			TAS2R3	32.5	
TAS2R50	sonnet_dual_triage	7	299.0	53	0	1	0	0	0	0	0	0	1				TAS2R30	64.2	
TAS2R60	sonnet_dual_triage	7	318.0	71	0	1	0	1	1	0	0	0	0	89.9	56.9		TAS2R46	30.4	
TAS2R7	sonnet_dual_triage	7	318.0	66	0	1	0	1	1	0	0	0	0	94.0	67.0		TAS2R8	35.8	
TAS2R8	sonnet_dual_triage	7	309.0	53	0	1	0	0	1	0	0	0	0	86.1			TAS2R7	35.8	
TAS2R9	sonnet_dual_triage	7	312.0	50	0	1	0	0	1	0	0	0	0	91.7			TAS2R13	34.1	
TBC1D3K	sonnet_dual_triage	0	549.0	0	0	0	0	0	0	0	0	0	0						
TBXA2R	sonnet_dual_triage	7	343.0	88	0	1	0	1	0	0	0	0	0		74.6		PTGER1	34.6	
TCAF1	sonnet_dual_triage	0	921.0	921	0	1	1	1	1	0	0	0	1	99.0	90.2		TCAF2	64.9	
TCAF2	sonnet_dual_triage	0	919.0	919	0	1	1	0	0	0	0	0	1				TCAF1	64.9	
TCIRG1	sonnet_dual_triage	8	830.0	122	0	0	0	1	1	0	0	1	1	78.8	84.0		ATP6V0A4	53.3	1.0
TCP11	sonnet_dual_triage	0	503.0	0	0	0	0	1	1	0	0	0	0	96.2	71.2				
TCTA	sonnet_dual_triage	1	103.0	45	0	0	1	1	1	0	0	0	0	99.0	91.3				
TCTN1	sonnet_dual_triage	0	587.0	565	1	1	1	1	1	0	0	0	0	59.1	70.3		TCTN3	34.9	
TCTN2	sonnet_dual_triage	1	697.0	643	1	1	0	1	1	0	0	1	0	94.1	68.0		TCTN3	27.0	4.0
TCTN3	sonnet_dual_triage	0	607.0	585	1	1	1	1	1	0	0	1	0	88.8	71.8		TCTN1	34.9	1.0
TEDDM1	sonnet_dual_triage	6	273.0	54	0	0	0	0	1	0	0	0	0	94.5			TMEM45B	20.0	
TEK	sonnet_dual_triage	1	1124.0	724	1	1	0	1	1	0	0	1	1	98.5	92.9		LMTK2	65.0	4.0
TENM1	sonnet_dual_triage	1	2725.0	2386	0	0	1	1	1	0	0	1	1	99.3	97.0		TENM4	66.9	3.0
TENM2	sonnet_dual_triage	1	2774.0	2378	0	0	1	1	1	0	0	1	1	99.8	98.3		TENM3	70.8	4.0
TENM3	sonnet_dual_triage	1	2699.0	2370	0	0	1	1	0	0	0	1	1		98.3		TENM2	70.8	8.0
TENM4	sonnet_dual_triage	1	2769.0	2407	0	0	1	1	0	0	0	1	1		96.1		TENM3	70.3	3.0
TEX101	sonnet_dual_triage	0	249.0	226	1	1	1	1	1	0	0	1	0	87.1	53.8		CD177	37.2	1.0
TEX46	sonnet_dual_triage	1	121.0	1	1	1	0	0	1	0	1	0	0	94.2					
TFPI	sonnet_dual_triage	0	304.0	276	1	1	1	1	1	0	0	1	0	90.5	59.2		TFPI2	39.0	2.0
TFPI2	sonnet_dual_triage	0	235.0	213	1	1	1	1	1	0	0	0	0	93.2	52.3		TFPI	39.0	
TFR2	sonnet_dual_triage	1	801.0	697	0	0	1	1	1	1	1	0	1	97.9	84.8	2.0	TFRC	48.2	
TFRC	sonnet_dual_triage	1	760.0	674	0	0	1	1	1	1	0	0	1	91.1	76.6	2.0	TFR2	48.2	
TGFA	sonnet_dual_triage	1	160.0	76	1	1	0	1	0	0	0	0	1		91.9		BTC	44.7	
TGFB1	sonnet_dual_triage	0	390.0	361	1	1	1	1	1	0	0	0	1	91.5	90.0		TGFB3	52.4	
TGFBI	sonnet_dual_triage	0	683.0	660	1	1	1	1	1	1	0	0	1	98.5	90.6	2.0	POSTN	46.2	
TGFBR1	sonnet_dual_triage	1	503.0	93	1	1	0	1	1	0	0	1	0	99.6	96.4		ACVR1C	39.8	1.0
TGFBR2	sonnet_dual_triage	1	567.0	140	1	1	0	1	1	0	1	1	0	98.8	92.2		ACVR1	27.2	1.0
TGFBR3	sonnet_dual_triage	1	851.0	768	1	1	0	1	1	0	0	1	0	98.1	81.4		TGFBR3L	30.6	2.0
TGFBR3L	sonnet_dual_triage	1	292.0	229	1	1	0	1	0	0	0	0	0		76.0		ENG	34.5	
TGM1	sonnet_dual_triage	0	817.0	0	0	0	0	1	1	0	0	0	0	98.0	90.5				
TGM2	sonnet_dual_triage	0	687.0	0	0	0	0	1	1	0	0	0	0	99.0	84.1				
THBD	sonnet_dual_triage	1	575.0	498	1	1	0	1	0	0	0	1	0		67.8				3.0
THBS1	sonnet_dual_triage	0	1170.0	1152	1	1	1	1	1	0	0	0	1	99.2	94.7		THBS2	62.7	
THBS3	sonnet_dual_triage	0	956.0	935	1	1	1	1	1	0	0	0	1	99.5	97.2		COMP	66.4	
THBS4	sonnet_dual_triage	0	961.0	937	1	1	1	1	1	0	0	0	1	98.0	92.5		COMP	70.6	
THNSL2	sonnet_dual_triage	0	484.0	0	0	0	0	1	1	0	0	0	0	95.5	83.1				
THSD1	sonnet_dual_triage	1	852.0	392	1	1	0	1	1	0	1	1	0	96.4	78.6				3.0
THSD7A	sonnet_dual_triage	1	1657.0	1559	1	1	0	1	1	0	0	1	1	97.5	90.5		THSD7B	51.7	7.0
THSD7B	sonnet_dual_triage	1	1606.0	1521	1	1	0	1	1	0	0	1	1	96.1	85.7		THSD7A	51.7	8.0
THSD8	sonnet_dual_triage	0	115.0	91	1	1	1	1	0	0	0	0	0		61.7				
THY1	sonnet_dual_triage	0	161.0	142	1	1	1	1	1	0	0	1	0	92.5	69.6				1.0
TIE1	sonnet_dual_triage	1	1138.0	742	1	1	0	1	1	0	1	1	1	95.6	92.6		LMTK2	65.0	3.0
TIGIT	sonnet_dual_triage	1	244.0	120	1	1	0	1	1	1	0	1	0	88.1	59.4	2.0	NECTIN4	34.2	1.0
TIMD4	sonnet_dual_triage	1	378.0	290	1	1	0	0	1	0	0	1	0	86.8			HAVCR1	39.3	1.0
TIMP1	sonnet_dual_triage	0	207.0	184	1	1	1	1	1	0	0	0	1	98.1	72.5		TIMP2	41.8	
TIMP2	sonnet_dual_triage	0	220.0	194	1	1	1	1	1	0	0	0	1	100.0	98.2		TIMP4	50.5	
TIMP3	sonnet_dual_triage	0	211.0	188	1	1	1	1	1	0	0	0	1	100.0	96.2		TIMP4	50.5	
TIMP4	sonnet_dual_triage	0	224.0	195	1	1	1	1	1	0	0	0	1	96.9	88.8		TIMP3	50.5	
TINAGL1	sonnet_dual_triage	0	467.0	446	1	1	1	1	1	0	0	0	1	93.8	88.9		TINAG	48.7	
TLCD1	sonnet_dual_triage	7	247.0	39	0	1	0	1	1	0	1	0	0	95.1	87.0		TLCD4	24.3	
TLCD2	sonnet_dual_triage	7	264.0	36	0	1	0	1	0	0	0	0	0		72.0		TLCD3A	29.4	
TLL2	sonnet_dual_triage	0	1015.0	990	1	1	1	1	1	0	0	0	1	97.4	90.0		BMP1	76.0	
TLR1	sonnet_dual_triage	1	786.0	556	1	1	0	1	1	0	0	1	1	95.3	74.0		TLR6	63.5	2.0
TLR10	sonnet_dual_triage	1	811.0	557	1	1	0	0	1	0	0	1	1	96.5			TLR1	45.5	3.0
TLR2	sonnet_dual_triage	1	784.0	568	1	1	0	1	1	0	0	1	0	95.8	70.9		LRRC53	33.8	3.0
TLR3	sonnet_dual_triage	1	904.0	680	1	1	0	1	1	0	0	1	1	95.7	79.4		LRRC3	40.1	2.0
TLR4	sonnet_dual_triage	1	839.0	608	1	1	0	1	1	0	0	1	0	92.7	66.9		LRRC3B	37.6	1.0
TLR5	sonnet_dual_triage	1	858.0	619	1	1	0	1	1	0	0	1	1	94.9	72.3		LRRC3	43.6	1.0
TLR6	sonnet_dual_triage	1	796.0	554	1	1	0	1	1	0	0	1	1	95.5	73.9		TLR1	63.5	1.0
TLR8	sonnet_dual_triage	1	1041.0	802	1	1	0	1	1	0	0	1	1	96.4	71.0		LRRC3	45.3	2.0
TM2D1	sonnet_dual_triage	2	207.0	124	1	1	1	1	1	0	0	0	0	92.8	85.0		TM2D3	36.4	
TM2D2	sonnet_dual_triage	2	214.0	129	1	1	1	1	1	0	0	0	0	99.1	90.2		TM2D3	31.2	
TM2D3	sonnet_dual_triage	2	247.0	171	1	1	1	1	1	0	0	0	0	82.2	87.0		TM2D1	36.4	
TM4SF1	sonnet_dual_triage	4	202.0	65	0	0	0	1	0	0	0	0	1		77.2		TM4SF18	52.4	
TM4SF18	sonnet_dual_triage	4	201.0	67	0	0	0	0	1	0	0	0	1	97.0			TM4SF1	52.4	
TM4SF19	sonnet_dual_triage	4	209.0	77	0	0	0	1	1	0	0	0	1	94.3	78.0		TM4SF1	40.0	
TM4SF20	sonnet_dual_triage	4	229.0	95	0	0	0	1	1	0	0	0	0	90.4	74.7		TM4SF1	32.3	
TM4SF4	sonnet_dual_triage	4	202.0	61	0	0	0	1	1	0	0	0	1	79.7	87.6		TM4SF5	49.2	
TM4SF5	sonnet_dual_triage	4	197.0	62	0	0	0	1	1	0	0	0	1	93.4	81.7		TM4SF4	49.2	
TM6SF1	sonnet_dual_triage	10	370.0	89	0	0	0	1	1	1	0	0	1	94.1	94.3	2.0	TM6SF2	52.9	
TM7SF3	sonnet_dual_triage	7	570.0	327	1	1	0	1	1	0	0	1	0	96.1	77.5				1.0
TM9SF1	sonnet_dual_triage	9	606.0	252	1	1	0	1	0	1	1	0	0		97.5	2.0	TM9SF3	36.0	
TMBIM1	sonnet_dual_triage	7	311.0	32	0	0	1	1	1	0	0	0	1	98.4	88.7		FAIM2	45.2	
TMC2	sonnet_dual_triage	8	906.0	231	0	0	0	1	1	0	1	0	1	96.0	81.7		TMC1	66.2	
TMC3	sonnet_dual_triage	10	1100.0	249	0	0	0	1	1	0	0	0	0	96.7	81.5		TMC7	35.0	
TMC4	sonnet_dual_triage	10	712.0	193	0	0	0	1	1	0	1	0	0	94.2	74.8		TMC7	38.2	
TMC7	sonnet_dual_triage	10	723.0	209	0	0	0	1	1	1	0	1	0	95.3	91.0	2.0	TMC4	38.2	1.0
TMDD1	sonnet_dual_triage	1	317.0	194	1	1	0	0	0	0	0	0	0						
TMED10	sonnet_dual_triage	1	219.0	154	1	1	0	1	1	0	1	0	0	98.2	92.7		TMED4	34.4	
TMEFF1	sonnet_dual_triage	1	380.0	290	1	1	0	1	1	0	0	1	1	83.2	92.9		USH2A	54.5	1.0
TMEFF2	sonnet_dual_triage	1	374.0	280	1	1	0	1	1	0	1	1	1	100.0	98.9		TMEFF1	51.8	1.0
TMEM100	sonnet_dual_triage	2	134.0	8	0	0	0	1	1	0	0	0	0	98.5	85.1		PIRT	25.0	
TMEM101	sonnet_dual_triage	8	257.0	71	0	0	0	1	1	0	0	0	0	99.2	98.1				
TMEM102	sonnet_dual_triage	0	508.0	0	0	0	0	1	1	1	0	0	0	92.5	79.9	2.0			
TMEM106A	sonnet_dual_triage	1	262.0	147	0	0	1	1	1	1	0	1	0	95.0	66.4	2.0			1.0
TMEM106B	sonnet_dual_triage	1	274.0	157	0	0	1	1	1	0	0	1	0	99.3	96.0				1.0
TMEM114	sonnet_dual_triage	4	223.0	102	0	0	0	1	1	1	0	0	1	96.9	84.8	2.0	TMEM235	42.4	
TMEM116	sonnet_dual_triage	4	245.0	50	0	0	0	1	1	0	1	0	0	86.6	70.0		GPR157	37.5	
TMEM117	sonnet_dual_triage	8	514.0	155	0	0	0	1	1	0	0	0	0	99.8	95.9				
TMEM119	sonnet_dual_triage	1	283.0	71	1	1	0	1	1	0	0	0	0	93.6	67.5				
TMEM120A	sonnet_dual_triage	6	343.0	28	0	0	0	1	0	1	1	0	1		94.8	2.0	TMEM120B	57.1	
TMEM123	sonnet_dual_triage	1	208.0	142	1	1	0	1	1	0	0	0	0	82.7	50.0		CD164	31.0	
TMEM131L	sonnet_dual_triage	1	1609.0	834	1	1	0	1	1	0	0	1	0	96.8	77.0		TMEM131	33.8	5.0
TMEM132A	sonnet_dual_triage	1	1023.0	811	1	1	0	1	0	0	1	1	0		87.1		TMEM132E	37.2	3.0
TMEM132B	sonnet_dual_triage	1	1078.0	896	0	1	0	1	1	0	1	1	1	97.0	85.8		TMEM132C	52.7	4.0
TMEM132C	sonnet_dual_triage	1	1108.0	890	1	1	0	1	1	0	0	1	1	58.8	78.1		TMEM132D	61.8	4.0
TMEM132D	sonnet_dual_triage	1	1099.0	889	1	1	0	1	1	0	0	1	1	97.5	83.1		TMEM132C	61.8	2.0
TMEM132E	sonnet_dual_triage	1	1074.0	863	1	1	0	1	1	0	0	1	1	97.6	92.5		TMEM132C	45.0	1.0
TMEM139	sonnet_dual_triage	2	216.0	6	0	0	0	1	0	0	0	0	0		56.5				
TMEM140	sonnet_dual_triage	4	185.0	67	0	0	0	1	1	1	0	0	0	80.5	62.2	2.0			
TMEM150A	sonnet_dual_triage	6	271.0	69	0	0	0	1	1	0	1	0	1	99.3	91.5		TMEM150B	46.7	
TMEM150C	sonnet_dual_triage	6	249.0	54	0	0	0	1	1	1	1	0	1	99.6	96.0	2.0	TMEM150B	40.0	
TMEM154	sonnet_dual_triage	1	183.0	53	1	1	0	1	1	0	0	0	0	83.6	65.0				
TMEM156	sonnet_dual_triage	1	296.0	194	1	1	0	0	1	0	0	0	0	93.9					
TMEM158	sonnet_dual_triage	1	300.0	202	1	1	0	1	1	1	0	1	0	75.0	83.3	2.0			2.0
TMEM161B	sonnet_dual_triage	9	487.0	148	0	1	0	1	0	0	1	0	0		95.1		TMEM161A	39.4	
TMEM163	sonnet_dual_triage	6	289.0	24	0	0	0	1	1	0	1	0	0	92.4	91.0				
TMEM169	sonnet_dual_triage	4	297.0	2	0	0	0	1	1	0	0	0	0	97.0	87.9				
TMEM170B	sonnet_dual_triage	3	132.0	56	0	1	0	1	1	0	0	0	1	100.0	97.7		TMEM170A	51.9	
TMEM176A	sonnet_dual_triage	4	235.0	73	0	0	0	1	1	0	0	0	0	65.1	55.3		TMEM176B	26.8	
TMEM176B	sonnet_dual_triage	4	270.0	72	0	0	0	1	1	1	0	0	0	91.1	51.9	2.0	TMEM176A	26.8	
TMEM178B	sonnet_dual_triage	4	294.0	166	0	0	0	1	1	0	0	0	1	99.7	99.7		TMEM178A	46.4	
TMEM179	sonnet_dual_triage	4	233.0	90	0	0	0	1	1	0	1	0	0	99.6	93.6				
TMEM181	sonnet_dual_triage	8	475.0	189	0	0	0	1	1	0	0	0	0	97.3	91.6				
TMEM182	sonnet_dual_triage	4	229.0	115	0	0	0	1	1	0	1	1	0	98.3	89.1				1.0
TMEM184A	sonnet_dual_triage	7	413.0	102	0	1	0	1	1	0	0	0	1	91.5	83.3		TMEM184B	43.3	
TMEM184B	sonnet_dual_triage	7	407.0	91	0	1	0	1	0	0	0	0	1		96.1		TMEM184A	43.3	
TMEM184C	sonnet_dual_triage	8	438.0	64	0	0	0	1	1	0	1	0	0	98.9	78.5		TMEM184A	28.8	
TMEM192	sonnet_dual_triage	4	271.0	38	0	0	0	1	1	0	0	0	0	97.4	77.5				
TMEM198	sonnet_dual_triage	7	360.0	80	0	1	0	1	1	0	0	0	0	98.9	97.8				
TMEM200A	sonnet_dual_triage	2	491.0	42	0	0	0	1	1	0	0	0	0	98.2	90.6		TMEM200C	35.7	
TMEM200B	sonnet_dual_triage	2	307.0	39	0	0	0	1	1	0	0	0	1	88.6	84.4		TMEM200C	46.2	
TMEM200C	sonnet_dual_triage	2	621.0	91	0	0	0	0	0	0	0	0	1				TMEM200B	46.2	
TMEM202	sonnet_dual_triage	4	273.0	57	0	0	0	0	0	0	0	0	0				CLDND2	30.2	
TMEM204	sonnet_dual_triage	4	226.0	88	0	0	0	1	1	0	0	0	0	97.8	88.1				
TMEM205	sonnet_dual_triage	4	189.0	30	0	1	1	1	1	1	0	0	0	98.4	79.4	2.0			
TMEM207	sonnet_dual_triage	1	146.0	21	1	1	0	1	1	0	0	0	0	93.8	61.6				
TMEM210	sonnet_dual_triage	1	147.0	14	1	1	0	1	1	0	0	0	0	91.8	69.4				
TMEM212	sonnet_dual_triage	4	194.0	57	0	0	0	1	1	0	0	0	0	94.8	74.2		MS4A5	35.7	
TMEM213	sonnet_dual_triage	1	107.0	43	1	1	0	1	1	0	1	0	0	91.6	68.2				
TMEM215	sonnet_dual_triage	2	235.0	7	0	0	0	1	1	0	0	0	0	97.0	92.3				
TMEM219	sonnet_dual_triage	2	240.0	161	0	0	0	1	1	0	0	1	0	98.8	83.8		TMEM248	32.3	1.0
TMEM220	sonnet_dual_triage	5	160.0	38	0	0	1	1	1	0	1	0	0	91.9	77.5				
TMEM225B	sonnet_dual_triage	4	221.0	60	0	0	0	0	0	0	0	0	0						
TMEM229A	sonnet_dual_triage	8	380.0	64	0	0	0	1	0	0	0	0	0		80.5		TMEM229B	12.5	
TMEM229B	sonnet_dual_triage	4	167.0	35	0	0	0	1	1	1	0	0	0	99.4	95.8	2.0	TMEM229A	12.5	
TMEM232	sonnet_dual_triage	0	657.0	0	0	0	0	1	1	0	0	0	0	95.0	65.8				
TMEM233	sonnet_dual_triage	3	109.0	11	0	0	1	1	1	0	0	0	1	97.2	86.2		PRRT1B	100.0	
TMEM236	sonnet_dual_triage	8	351.0	50	0	0	0	1	0	0	0	0	0		74.4				
TMEM237	sonnet_dual_triage	4	408.0	53	0	0	0	1	1	1	0	0	0	97.5	81.6	2.0			
TMEM243	sonnet_dual_triage	3	118.0	12	0	0	1	1	1	0	0	0	0	99.2	97.5				
TMEM245	sonnet_dual_triage	16	879.0	228	0	0	0	1	1	0	1	1	0	97.8	91.5				2.0
TMEM248	sonnet_dual_triage	2	314.0	224	0	0	0	1	1	0	1	0	0	99.7	94.6		TMEM219	32.3	
TMEM25	sonnet_dual_triage	1	366.0	208	1	1	0	1	1	0	1	1	1	93.7	91.0		SIGLEC1	45.7	1.0
TMEM26	sonnet_dual_triage	8	368.0	86	0	0	0	1	1	1	1	0	0	94.8	69.3	2.0			
TMEM263	sonnet_dual_triage	0	116.0	0	0	0	0	1	0	0	0	0	0		96.6				
TMEM265	sonnet_dual_triage	1	108.0	9	0	0	1	0	0	0	0	0	0						
TMEM266	sonnet_dual_triage	4	523.0	22	0	0	0	1	1	1	0	0	0	91.8	88.7	2.0	TPTE	20.0	
TMEM267	sonnet_dual_triage	6	215.0	54	0	0	0	1	0	0	0	0	0		78.6				
TMEM268	sonnet_dual_triage	2	342.0	7	0	0	0	1	1	0	0	0	0	98.0	87.4				
TMEM269	sonnet_dual_triage	8	203.0	18	0	0	0	0	0	1	0	0	0			2.0			
TMEM270	sonnet_dual_triage	0	265.0	0	0	0	0	1	1	0	0	0	0	92.5	58.1				
TMEM273	sonnet_dual_triage	1	105.0	10	1	1	0	1	1	0	0	0	0	87.6	51.9				
TMEM275	sonnet_dual_triage	2	177.0	7	0	0	0	1	0	0	0	0	0		71.8				
TMEM278	sonnet_dual_triage	2	163.0	27	0	0	0	1	0	0	0	0	0		74.8				
TMEM31	sonnet_dual_triage	0	168.0	0	0	0	0	0	1	0	0	0	0	91.7					
TMEM37	sonnet_dual_triage	4	190.0	55	0	0	0	1	1	0	0	0	0	93.2	74.7				
TMEM40	sonnet_dual_triage	2	233.0	6	0	0	0	1	1	0	0	0	0	94.0	70.4				
TMEM42	sonnet_dual_triage	4	159.0	17	0	0	0	1	0	0	0	0	0		81.1				
TMEM44	sonnet_dual_triage	7	475.0	66	0	1	0	1	1	0	0	0	0	93.0	78.3		SLC66A1	31.8	
TMEM45A	sonnet_dual_triage	7	275.0	52	0	1	0	0	1	1	0	0	1	86.2		4.0	TMEM45B	50.0	
TMEM47	sonnet_dual_triage	4	181.0	53	0	0	0	1	1	0	0	0	0	100.0	98.9		PERP	28.3	
TMEM52	sonnet_dual_triage	1	209.0	23	1	1	0	1	0	0	0	0	0		67.9				
TMEM52B	sonnet_dual_triage	1	183.0	18	1	1	0	1	1	0	0	0	0	89.1	79.8				
TMEM54	sonnet_dual_triage	4	222.0	67	0	0	0	1	1	0	0	0	1	88.3	74.8		KRTCAP3	50.7	
TMEM59	sonnet_dual_triage	1	323.0	204	1	1	0	1	1	0	0	0	0	98.8	94.1		TMEM59L	38.2	
TMEM59L	sonnet_dual_triage	1	342.0	243	1	1	0	1	0	0	0	0	0		72.5		TMEM59	38.2	
TMEM61	sonnet_dual_triage	2	210.0	30	0	0	0	0	1	0	0	0	0	91.9					
TMEM62	sonnet_dual_triage	5	643.0	429	1	1	0	1	1	0	0	1	0	97.7	83.2				2.0
TMEM63A	sonnet_dual_triage	11	807.0	140	0	1	0	1	0	0	0	0	1		89.6		TMEM63B	64.2	
TMEM63B	sonnet_dual_triage	11	832.0	120	1	1	0	1	1	0	1	0	1	99.8	98.2		TMEM63A	64.2	
TMEM63C	sonnet_dual_triage	11	806.0	143	0	1	0	1	1	0	0	0	1	98.3	83.5		TMEM63B	51.3	
TMEM67	sonnet_dual_triage	7	995.0	527	1	1	0	1	1	0	0	0	0	93.0	85.0				
TMEM72	sonnet_dual_triage	4	275.0	21	0	0	0	1	1	0	1	0	0	97.8	84.4				
TMEM74	sonnet_dual_triage	2	305.0	33	0	0	0	1	1	0	0	0	1	97.4	77.0		TMEM74B	72.7	
TMEM80	sonnet_dual_triage	4	143.0	18	0	0	0	1	1	0	0	0	0	90.2	62.9		TMEM216	37.5	
TMEM81	sonnet_dual_triage	1	255.0	202	1	1	0	1	0	0	0	0	0		71.8				
TMEM82	sonnet_dual_triage	9	343.0	58	0	1	0	1	1	0	0	0	0	89.5	79.6				
TMEM87A	sonnet_dual_triage	7	555.0	261	1	1	0	1	0	0	1	1	0		92.6		TMEM87B	36.5	2.0
TMEM88	sonnet_dual_triage	2	159.0	28	0	0	0	1	1	0	0	0	0	97.5	88.7				
TMEM8B	sonnet_dual_triage	7	472.0	256	0	1	0	1	1	1	1	0	1	98.7	92.0	2.0	MYMK	50.0	
TMEM95	sonnet_dual_triage	1	176.0	127	1	1	0	1	1	0	1	1	0	95.5	65.3				2.0
TMEM97	sonnet_dual_triage	4	176.0	57	0	0	0	1	1	1	0	0	0	79.5	82.4	2.0			
TMEM98	sonnet_dual_triage	1	226.0	4	0	1	0	1	1	1	0	0	0	100.0	98.7	2.0			
TMIE	sonnet_dual_triage	1	156.0	31	1	1	0	1	1	0	0	0	0	84.0	91.7				
TMIGD1	sonnet_dual_triage	1	262.0	195	1	1	0	1	1	0	1	1	0	93.1	73.3				2.0
TMIGD2	sonnet_dual_triage	1	282.0	127	1	1	0	0	1	0	0	1	0	84.5					2.0
TMIGD3	sonnet_dual_triage	1	266.0	212	0	1	0	0	1	0	1	0	0	94.8			CD300LF	30.2	
TMPPE	sonnet_dual_triage	5	453.0	305	0	0	1	1	1	0	1	0	0	98.0	84.8				
TMPRSS11A	sonnet_dual_triage	1	418.0	379	0	0	1	1	1	0	0	0	1	93.5	64.8		TMPRSS11F	46.2	
TMPRSS11B	sonnet_dual_triage	1	416.0	378	0	0	1	0	1	0	0	1	1	93.3			TMPRSS11F	41.5	1.0
TMPRSS11D	sonnet_dual_triage	1	418.0	378	0	0	1	1	1	0	0	0	1	92.6	66.5		TMPRSS11F	45.0	
TMPRSS11E	sonnet_dual_triage	1	423.0	383	0	0	1	1	1	0	0	0	1	95.3	75.7		TMPRSS11F	45.7	
TMPRSS11F	sonnet_dual_triage	1	438.0	390	0	0	1	1	1	0	0	0	1	96.1	87.0		TMPRSS11A	46.2	
TMPRSS12	sonnet_dual_triage	0	348.0	330	1	1	1	1	1	0	0	0	0	92.0	58.3		OVCH1	39.1	
TMPRSS13	sonnet_dual_triage	1	586.0	400	0	0	1	1	1	0	1	1	1	95.6	82.2		TMPRSS9	40.5	1.0
TMPRSS15	sonnet_dual_triage	1	1019.0	980	0	0	1	1	0	0	0	1	1		75.1		HPN	40.2	5.0
TMPRSS2	sonnet_dual_triage	1	492.0	387	0	0	1	1	1	0	0	0	1	87.4	78.0		TMPRSS3	47.3	
TMPRSS3	sonnet_dual_triage	1	454.0	385	0	0	1	1	1	0	1	0	1	97.1	89.0		TMPRSS2	47.3	
TMPRSS4	sonnet_dual_triage	1	437.0	384	0	0	1	1	0	0	1	0	0		76.4		KLK11	38.8	
TMPRSS5	sonnet_dual_triage	1	457.0	388	0	0	1	1	0	0	0	1	1		78.3		TMPRSS6	43.0	1.0
TMPRSS6	sonnet_dual_triage	1	811.0	736	0	0	1	1	1	0	0	1	1	91.9	83.5		TMPRSS5	43.0	1.0
TMPRSS7	sonnet_dual_triage	1	843.0	746	0	0	1	1	1	0	1	0	1	97.2	88.0		PRSS41	40.5	
TMPRSS9	sonnet_dual_triage	1	1059.0	1009	0	0	1	1	0	0	0	0	1		79.7		PRSS21	44.1	
TNC	sonnet_dual_triage	0	2201.0	2179	1	1	1	1	1	0	0	0	1	97.3	84.1		MFAP4	49.4	
TNF	sonnet_dual_triage	1	233.0	182	0	0	1	1	1	1	0	0	0	76.8	79.4	3.0	LTA	33.3	
TNFAIP6	sonnet_dual_triage	0	277.0	260	1	1	1	1	1	0	0	0	0	97.1	90.3		STAB1	32.3	
TNFRSF10A	sonnet_dual_triage	1	468.0	226	1	1	0	0	1	0	0	0	1	84.6			TNFRSF10B	50.6	
TNFRSF10B	sonnet_dual_triage	1	440.0	160	1	1	0	0	1	0	1	0	1	83.9			TNFRSF10D	55.4	
TNFRSF10C	sonnet_dual_triage	1	259.0	218	1	1	0	0	0	0	0	0	1				TNFRSF10D	70.1	
TNFRSF10D	sonnet_dual_triage	1	386.0	157	1	1	0	0	0	0	0	1	1				TNFRSF10C	70.1	1.0
TNFRSF11A	sonnet_dual_triage	1	616.0	183	1	1	0	1	1	0	1	1	0	75.3	68.0		CD40	38.5	1.0
TNFRSF12A	sonnet_dual_triage	1	129.0	53	1	1	0	1	1	0	0	0	0	72.1	81.4				
TNFRSF13B	sonnet_dual_triage	1	293.0	162	0	1	0	0	1	0	1	1	0	95.6					1.0
TNFRSF13C	sonnet_dual_triage	1	184.0	80	0	1	0	0	1	0	0	0	0	75.5			TNFRSF17	32.1	
TNFRSF14	sonnet_dual_triage	1	283.0	166	1	1	0	0	0	0	0	1	0				TNFRSF6B	37.3	1.0
TNFRSF17	sonnet_dual_triage	1	184.0	53	0	1	0	1	1	0	1	1	0	91.3	64.7		TNFRSF13C	32.1	1.0
TNFRSF18	sonnet_dual_triage	1	241.0	140	1	1	0	0	1	0	1	1	0	74.3			TNFRSF1B	38.6	1.0
TNFRSF19	sonnet_dual_triage	1	423.0	141	1	1	0	1	1	0	0	1	1	92.3	70.7		EDA2R	49.6	1.0
TNFRSF1A	sonnet_dual_triage	1	455.0	183	1	1	0	1	1	1	1	1	0	89.9	63.1	2.0	LTBR	32.8	1.0
TNFRSF1B	sonnet_dual_triage	1	461.0	241	1	1	0	1	1	0	1	1	0	96.1	62.5		TNFRSF18	38.6	2.0
TNFRSF21	sonnet_dual_triage	1	655.0	308	1	1	0	1	1	0	0	1	0	98.8	89.0		TNFRSF9	37.8	3.0
TNFRSF25	sonnet_dual_triage	1	417.0	176	1	1	0	1	1	0	1	0	0	89.0	64.0		TNFRSF18	33.6	
TNFRSF4	sonnet_dual_triage	1	277.0	188	1	1	0	1	1	0	0	1	0	82.7	61.4		TNFRSF1B	35.1	1.0
TNFRSF6B	sonnet_dual_triage	0	300.0	271	1	1	1	0	0	0	0	0	0				RELT	39.6	
TNFRSF8	sonnet_dual_triage	1	595.0	368	1	1	0	0	1	0	1	1	0	90.4			RELT	39.6	2.0
TNFRSF9	sonnet_dual_triage	1	255.0	164	1	1	0	1	1	0	0	1	0	66.3	57.6		TNFRSF21	37.8	3.0
TNFSF10	sonnet_dual_triage	1	281.0	244	0	0	1	1	1	1	0	0	0	96.1	64.4	3.0	TNFSF15	36.4	
TNFSF11	sonnet_dual_triage	1	317.0	249	0	0	1	1	1	1	1	1	0	98.1	83.3	3.0	TNFSF14	33.0	2.0
TNFSF12	sonnet_dual_triage	1	249.0	207	0	0	1	1	1	1	0	0	0	95.6	89.2	3.0	TNFSF13	25.9	
TNFSF13	sonnet_dual_triage	1	250.0	201	0	0	1	1	1	1	1	0	0	89.6	79.6	3.0	TNFSF13B	33.8	
TNFSF13B	sonnet_dual_triage	1	285.0	218	0	0	1	1	1	1	0	1	0	95.8	67.0	3.0	TNFSF13	33.8	2.0
TNFSF14	sonnet_dual_triage	1	240.0	182	0	0	1	1	1	1	1	0	0	94.6	77.1	3.0	LTB	35.2	
TNFSF15	sonnet_dual_triage	1	251.0	195	0	0	1	1	1	1	1	1	0	97.6	66.5	3.0	TNFSF10	36.4	1.0
TNFSF18	sonnet_dual_triage	1	177.0	128	0	0	1	1	1	0	0	0	0	97.2	50.3				
TNFSF4	sonnet_dual_triage	1	183.0	138	0	0	1	0	1	1	1	1	0	98.9		3.0			1.0
TNFSF8	sonnet_dual_triage	1	234.0	173	0	0	1	1	1	1	0	1	0	96.6	71.4	2.0			1.0
TNFSF9	sonnet_dual_triage	1	254.0	204	0	0	1	0	0	0	0	0	0						
TNMD	sonnet_dual_triage	1	317.0	268	0	0	1	1	1	0	1	0	0	99.4	96.2		CNMD	39.6	
TPBG	sonnet_dual_triage	1	420.0	323	1	1	0	1	1	0	0	1	0	96.4	83.6				1.0
TPBGL	sonnet_dual_triage	1	382.0	281	1	1	0	1	0	0	0	1	1		85.6		SLIT3	41.6	1.0
TPCN2	sonnet_dual_triage	12	752.0	173	0	0	0	1	1	1	0	0	0	86.7	73.0	2.0	TPCN1	35.0	
TPO	sonnet_dual_triage	1	933.0	831	1	1	0	1	0	0	1	1	1		72.9		EPX	45.6	1.0
TPP1	sonnet_dual_triage	0	563.0	544	1	1	1	1	1	0	0	0	0	98.0	88.3				
TPRA1	sonnet_dual_triage	7	373.0	95	0	1	0	1	1	0	1	0	0	63.5	91.4				
TPSAB1	sonnet_dual_triage	0	275.0	257	1	1	1	0	0	0	0	0	1				TPSB2	98.8	
TPSB2	sonnet_dual_triage	0	275.0	257	1	1	1	0	0	0	0	0	1				TPSAB1	98.8	
TPSG1	sonnet_dual_triage	1	321.0	264	1	1	0	1	1	0	0	1	1	90.3	69.8		TPSB2	48.2	2.0
TPT1	sonnet_dual_triage	0	172.0	0	0	0	0	0	0	0	0	0	0						
TPTE	sonnet_dual_triage	4	551.0	28	0	0	0	0	0	0	1	0	1				TPTE2	100.0	
TPTE2	sonnet_dual_triage	4	522.0	26	0	0	0	0	0	0	1	0	1				TPTE	100.0	
TRA	sonnet_dual_triage	1	268.0	222	1	1	0	0	0	1	0	0	0			2.0			
TRABD2A	sonnet_dual_triage	0	505.0	485	1	1	1	0	1	0	0	1	1	94.5			TRABD2B	63.5	1.0
TRABD2B	sonnet_dual_triage	0	517.0	498	1	1	1	1	1	0	0	1	1	82.6	90.1		TRABD2A	63.5	1.0
TRARG1	sonnet_dual_triage	3	177.0	8	0	0	1	1	1	0	0	0	1	91.0	74.0		PRRT1B	100.0	
TRAT1	sonnet_dual_triage	1	186.0	9	0	1	0	1	1	0	0	0	0	93.0	69.9				
TRB	sonnet_dual_triage	1	310.0	257	1	1	0	0	0	1	0	0	0			2.0			
TREH	sonnet_dual_triage	0	583.0	564	1	1	1	1	1	0	0	1	0	87.5	81.3				2.0
TREM1	sonnet_dual_triage	1	234.0	186	1	1	0	0	1	0	1	1	0	82.5					1.0
TREM2	sonnet_dual_triage	1	230.0	156	1	1	0	1	1	0	1	1	0	96.5	68.3		PIGR	38.5	1.0
TREML1	sonnet_dual_triage	1	311.0	147	1	1	0	1	1	0	0	0	0	96.5	67.8		FCAMR	37.4	
TREML2	sonnet_dual_triage	1	321.0	250	1	1	0	1	1	0	0	1	0	91.0	52.0		TREML4	34.4	1.0
TREML4	sonnet_dual_triage	0	200.0	180	1	1	1	0	0	0	0	0	0				NCR2	39.5	
TRHDE	sonnet_dual_triage	1	1069.0	963	0	0	1	1	1	0	0	1	0	98.5	95.0		ANPEP	35.6	4.0
TRHR	sonnet_dual_triage	7	398.0	78	0	1	0	1	1	0	0	0	0	99.2	93.2		GPR37	30.3	
TRIL	sonnet_dual_triage	1	811.0	674	1	1	0	1	1	0	0	1	1	96.3	88.2		LRRC26	44.7	4.0
TRIM72	sonnet_dual_triage	0	477.0	0	0	0	0	1	1	1	0	0	0	69.4	91.2	2.0			
TRO	sonnet_dual_triage	0	1431.0	0	0	0	0	0	1	0	0	0	0	94.4					
TRPA1	sonnet_dual_triage	6	1119.0	69	0	0	0	1	1	0	0	0	0	97.1	79.8				
TRPC1	sonnet_dual_triage	8	793.0	105	0	0	0	1	1	1	0	0	0	100.0	99.7	4.0	TRPC4	35.2	
TRPC3	sonnet_dual_triage	8	921.0	124	0	0	0	1	1	0	0	0	1	99.1	93.4		TRPC7	81.0	
TRPC4	sonnet_dual_triage	8	977.0	108	0	0	0	1	1	1	1	0	1	99.5	96.9	4.0	TRPC5	80.6	
TRPC5	sonnet_dual_triage	8	973.0	111	0	0	0	1	1	1	0	0	1	99.7	96.9	4.0	TRPC4	80.6	
TRPC6	sonnet_dual_triage	8	931.0	123	0	0	0	1	1	0	1	0	1	98.9	93.6		TRPC7	66.7	
TRPC7	sonnet_dual_triage	8	862.0	129	0	0	0	1	1	1	1	0	1	99.0	98.1	4.0	TRPC3	81.0	
TRPM1	sonnet_dual_triage	6	1603.0	88	0	0	0	1	1	0	1	0	1	98.2	86.6		TRPM3	71.6	
TRPM2	sonnet_dual_triage	8	1503.0	95	0	0	0	1	1	0	1	0	0	95.5	85.3		TRPM1	33.3	
TRPM3	sonnet_dual_triage	6	1732.0	81	0	0	0	1	1	0	1	0	1	95.4	97.4		TRPM1	71.6	
TRPM4	sonnet_dual_triage	6	1214.0	87	0	0	0	1	0	0	1	0	1		82.5		TRPM5	52.6	
TRPM5	sonnet_dual_triage	6	1165.0	82	0	0	0	1	1	1	1	0	1	91.1	84.1	4.0	TRPM4	52.6	
TRPM6	sonnet_dual_triage	6	2022.0	69	0	0	0	1	1	0	1	0	1	95.9	78.2		TRPM7	62.3	
TRPM7	sonnet_dual_triage	6	1865.0	76	0	0	0	1	1	0	0	0	1	99.1	94.3		TRPM6	62.3	
TRPM8	sonnet_dual_triage	6	1104.0	95	0	0	0	1	1	0	1	0	1	98.7	93.7		TRPM5	41.0	
TRPV1	sonnet_dual_triage	6	839.0	81	0	0	0	1	1	1	0	0	1	96.9	86.9	4.0	TRPV3	40.0	
TRPV2	sonnet_dual_triage	6	764.0	88	0	0	0	1	1	1	0	0	0	94.2	80.6	4.0	TRPV3	32.8	
TRPV3	sonnet_dual_triage	6	790.0	68	0	0	0	1	1	1	0	0	1	97.2	93.2	4.0	TRPV4	45.3	
TRPV4	sonnet_dual_triage	6	871.0	78	0	0	0	1	1	0	0	0	1	99.3	95.3		TRPV3	45.3	
TRPV5	sonnet_dual_triage	6	729.0	87	0	0	0	1	0	1	1	1	1		80.5	4.0	TRPV6	73.6	1.0
TRPV6	sonnet_dual_triage	6	765.0	87	0	0	0	1	0	1	0	0	1		88.9	4.0	TRPV5	73.6	
TSHR	sonnet_dual_triage	7	764.0	455	1	1	0	1	1	0	1	0	1	97.1	86.8		LHCGR	47.8	
TSKU	sonnet_dual_triage	0	353.0	339	1	1	1	1	1	0	0	0	1	96.9	84.7		LRRC32	41.3	
TSPAN1	sonnet_dual_triage	4	241.0	123	0	0	0	1	1	0	0	1	0	93.4	73.4		TSPAN6	33.3	1.0
TSPAN10	sonnet_dual_triage	4	355.0	134	0	0	0	1	1	0	0	0	1	87.3	59.4		TSPAN5	40.3	
TSPAN11	sonnet_dual_triage	4	253.0	123	0	0	0	1	1	0	0	1	1	86.6	87.4		CD151	60.3	1.0
TSPAN12	sonnet_dual_triage	4	305.0	133	0	0	0	1	1	0	1	0	0	99.3	98.0		CD82	34.7	
TSPAN13	sonnet_dual_triage	4	204.0	76	0	0	0	1	0	0	0	1	1		95.6		CD82	40.8	1.0
TSPAN14	sonnet_dual_triage	4	270.0	136	0	0	0	1	1	0	1	1	1	100.0	97.4		TSPAN17	57.4	1.0
TSPAN15	sonnet_dual_triage	4	294.0	131	0	0	0	1	1	0	0	1	0	65.0	91.8		TSPAN33	39.2	1.0
TSPAN16	sonnet_dual_triage	4	245.0	127	0	0	0	0	1	0	1	0	0	57.0			TSPAN1	32.0	
TSPAN17	sonnet_dual_triage	4	270.0	138	0	0	0	1	1	0	1	1	1	98.2	79.0		TSPAN5	79.7	1.0
TSPAN18	sonnet_dual_triage	4	248.0	123	0	0	0	1	1	0	0	1	0	100.0	90.7		UPK1B	34.1	1.0
TSPAN19	sonnet_dual_triage	4	248.0	124	0	0	0	0	0	0	0	0	0				CD53	33.0	
TSPAN2	sonnet_dual_triage	4	221.0	94	0	0	0	1	1	0	1	0	0	100.0	93.7		TSPAN16	31.9	
TSPAN3	sonnet_dual_triage	4	253.0	124	0	0	0	1	1	0	1	1	0	99.6	97.2		TSPAN7	35.6	1.0
TSPAN31	sonnet_dual_triage	4	210.0	84	0	0	0	1	1	0	0	1	0	99.5	88.1		CD82	33.3	1.0
TSPAN32	sonnet_dual_triage	4	320.0	107	0	0	0	1	0	0	1	0	0		50.6		CD37	32.0	
TSPAN33	sonnet_dual_triage	4	283.0	131	0	0	0	1	1	0	0	1	1	98.6	96.8		TSPAN17	43.5	1.0
TSPAN4	sonnet_dual_triage	4	238.0	113	0	0	0	1	1	0	0	0	1	99.2	93.7		TSPAN9	56.2	
TSPAN5	sonnet_dual_triage	4	268.0	138	0	0	0	1	1	0	0	1	1	100.0	100.0		TSPAN17	79.7	1.0
TSPAN6	sonnet_dual_triage	4	245.0	114	0	0	0	1	1	0	0	1	1	97.6	93.1		TSPAN7	45.6	1.0
TSPAN7	sonnet_dual_triage	4	249.0	119	0	0	0	1	1	0	0	1	1	99.2	98.4		TSPAN6	45.6	1.0
TSPAN8	sonnet_dual_triage	4	237.0	120	0	0	0	1	1	0	0	1	0	81.4	70.0		TSPAN11	32.2	1.0
TSPAN9	sonnet_dual_triage	4	239.0	114	0	0	0	1	0	0	0	1	1		97.1		TSPAN4	56.2	1.0
TSPEAR	sonnet_dual_triage	0	669.0	652	1	1	1	1	1	0	0	0	0	82.8	81.9				
TSPO2	sonnet_dual_triage	5	170.0	20	0	1	0	1	1	0	1	0	0	96.5	65.3		TSPO	30.0	
TTLL12	sonnet_dual_triage	0	644.0	0	0	0	0	1	1	0	0	0	0	96.7	85.1				
TTYH1	sonnet_dual_triage	5	450.0	276	0	1	0	1	1	1	1	1	1	77.3	88.9	2.0	TTYH3	42.2	1.0
TTYH2	sonnet_dual_triage	5	534.0	276	0	1	0	1	1	1	1	1	1	96.6	82.6	2.0	TTYH1	40.4	2.0
TTYH3	sonnet_dual_triage	5	523.0	276	0	1	0	1	0	0	1	1	1		94.8		TTYH1	42.2	1.0
TUB	sonnet_dual_triage	0	506.0	0	0	0	0	1	1	0	0	0	0	96.6	95.5				
TXN	sonnet_dual_triage	0	105.0	0	0	0	0	1	0	0	0	0	0		87.6				
TYR	sonnet_dual_triage	1	529.0	455	1	1	0	1	1	0	1	0	1	96.0	86.4		TYRP1	43.9	
TYRO3	sonnet_dual_triage	1	890.0	391	1	1	0	1	1	0	0	1	0	98.9	88.7		ROS1	39.6	3.0
TYROBP	sonnet_dual_triage	1	113.0	17	1	1	0	1	0	0	0	0	0		73.5				
TYRP1	sonnet_dual_triage	1	537.0	453	1	1	0	1	1	0	0	0	1	97.4	85.3		DCT	53.7	
UAP1	sonnet_dual_triage	0	522.0	0	0	0	0	1	1	1	0	0	0	83.5	93.5	2.0			
ULBP1	sonnet_dual_triage	0	244.0	219	1	1	1	0	0	0	0	0	1				RAET1G	60.3	
ULBP2	sonnet_dual_triage	0	246.0	221	1	1	1	0	0	0	0	0	1				RAET1L	96.4	
ULBP3	sonnet_dual_triage	0	244.0	215	1	1	1	0	1	0	0	0	1	82.0			RAET1G	56.4	
UMOD	sonnet_dual_triage	0	640.0	617	1	1	1	1	1	0	0	1	1	68.3	75.5		GP2	53.0	5.0
UMODL1	sonnet_dual_triage	1	1318.0	1251	1	1	0	1	1	0	0	1	0	91.0	62.5		TECTB	37.8	6.0
UNC5A	sonnet_dual_triage	1	842.0	279	1	1	0	1	1	0	1	0	1	97.0	96.7		UNC5C	65.6	
UNC5B	sonnet_dual_triage	1	945.0	351	1	1	0	1	1	0	0	1	1	98.5	92.4		UNC5C	76.5	3.0
UNC5C	sonnet_dual_triage	1	931.0	345	1	1	0	1	1	0	0	1	1	99.6	97.1		UNC5B	76.5	3.0
UNC5D	sonnet_dual_triage	1	953.0	349	1	1	0	1	1	0	0	1	1	99.3	96.3		UNC5B	66.5	2.0
UNC93A	sonnet_dual_triage	12	457.0	85	0	0	0	0	1	0	0	0	0	81.6			UNC93B1	23.5	
UPK1A	sonnet_dual_triage	4	258.0	136	0	0	0	1	1	0	1	0	0	57.4	92.6		UPK1B	38.1	
UPK1B	sonnet_dual_triage	4	260.0	138	0	0	0	1	1	0	0	1	0	99.2	90.8		UPK1A	38.1	1.0
UPK2	sonnet_dual_triage	1	184.0	133	1	1	0	1	1	0	0	1	0	94.0	87.0				1.0
UPK3A	sonnet_dual_triage	1	287.0	190	1	1	0	1	1	0	0	1	0	94.1	83.6		UPK3B	30.0	2.0
UPK3B	sonnet_dual_triage	0	320.0	293	1	1	1	1	1	0	1	1	1	92.8	78.3		UPK3BL1	43.9	1.0
UPK3BL1	sonnet_dual_triage	1	263.0	171	1	1	0	0	0	0	0	1	1				UPK3BL2	100.0	1.0
UPK3BL2	sonnet_dual_triage	1	263.0	171	1	1	0	0	0	0	0	0	1				UPK3BL1	100.0	
USH2A	sonnet_dual_triage	1	5202.0	5008	1	1	0	1	1	0	1	1	1	95.8	71.3		TMEFF1	54.5	7.0
UTS2B	sonnet_dual_triage	0	119.0	91	1	1	1	0	1	0	0	0	0	84.0					
UTS2R	sonnet_dual_triage	7	389.0	102	0	1	0	0	0	0	0	0	1				LTB4R2	40.8	
VAMP5	sonnet_dual_triage	1	116.0	25	0	0	1	1	1	0	0	0	1	83.6	63.8		VAMP4	50.0	
VAMP7	sonnet_dual_triage	1	220.0	15	0	0	1	0	1	0	1	0	1	100.0			VAMP8	50.0	
VANGL1	sonnet_dual_triage	4	524.0	30	0	0	0	1	1	1	0	0	1	99.0	95.4	3.0	VANGL2	80.0	
VANGL2	sonnet_dual_triage	4	521.0	30	0	0	0	1	1	1	0	0	1	99.8	99.4	3.0	VANGL1	80.0	
VAPA	sonnet_dual_triage	1	249.0	1	0	0	1	1	1	1	0	0	1	99.6	97.2	2.0	VAPB	100.0	
VASH1	sonnet_dual_triage	0	365.0	0	0	0	0	1	1	0	0	0	0	81.1	93.2				
VASN	sonnet_dual_triage	1	673.0	552	1	1	0	1	0	0	0	1	1		83.5		LRRC3C	43.1	2.0
VCAM1	sonnet_dual_triage	1	739.0	674	1	1	0	1	1	0	0	1	1	94.0	75.8		HMCN2	45.5	4.0
VDAC1	sonnet_dual_triage	0	283.0	61	1	0	0	1	0	0	0	0	0		98.6				
VEGFB	sonnet_dual_triage	0	207.0	188	1	1	1	1	1	1	0	0	0	86.0	62.3	2.0	VEGFC	34.6	
VIM	sonnet_dual_triage	0	466.0	0	0	0	0	1	1	1	0	0	0	99.4	97.4	2.0			
VIPR1	sonnet_dual_triage	7	457.0	157	1	1	0	1	1	0	1	0	1	88.2	84.7		ADGRG4	50.0	
VIPR2	sonnet_dual_triage	7	438.0	141	1	1	0	1	1	0	0	0	1	97.9	86.1		ADCYAP1R1	46.7	
VLDLR	sonnet_dual_triage	1	873.0	774	1	1	0	1	1	0	0	1	1	98.6	96.0		LDLR	51.6	2.0
VMO1	sonnet_dual_triage	0	202.0	178	1	1	1	1	1	0	0	0	0	89.6	70.8				
VN1R1	sonnet_dual_triage	7	353.0	114	0	1	0	0	0	0	0	0	0				VN1R4	39.7	
VN1R2	sonnet_dual_triage	7	395.0	144	0	1	0	0	0	0	0	0	1				VN1R4	45.5	
VN1R3	sonnet_dual_triage	7	311.0	56	0	1	0	0	0	0	0	0	0						
VN1R4	sonnet_dual_triage	7	301.0	63	0	1	0	0	0	0	0	0	1				VN1R2	45.5	
VN1R5	sonnet_dual_triage	7	357.0	162	0	1	0	0	0	0	0	0	0				VN1R4	30.2	
VNN1	sonnet_dual_triage	0	513.0	492	1	1	1	1	1	0	0	1	1	93.4	74.3		VNN2	64.8	2.0
VNN2	sonnet_dual_triage	0	520.0	498	1	1	1	0	1	0	0	1	1	83.7			VNN1	64.8	2.0
VPREB1	sonnet_dual_triage	0	145.0	126	1	1	1	0	1	0	0	0	1	92.4			VPREB3	47.0	
VPREB3	sonnet_dual_triage	0	123.0	100	1	1	1	1	1	0	0	0	1	96.7	66.7		VPREB1	46.0	
VSIG1	sonnet_dual_triage	1	387.0	214	1	1	0	1	1	1	0	1	0	95.6	69.8	2.0	VSIG2	35.5	1.0
VSIG10	sonnet_dual_triage	1	540.0	383	1	1	0	1	1	0	0	1	1	91.1	67.4		HMCN2	46.7	1.0
VSIG10L2	sonnet_dual_triage	1	767.0	675	1	1	0	1	1	0	0	0	0	92.6	72.8				
VSIG2	sonnet_dual_triage	1	327.0	218	1	1	0	1	1	1	0	1	0	96.9	82.0	2.0	VSIG1	35.5	1.0
VSIG4	sonnet_dual_triage	1	399.0	267	1	1	0	0	1	0	0	0	0	93.5					
VSIG8	sonnet_dual_triage	1	414.0	242	1	1	0	1	1	0	0	0	0	90.1	86.7		CXADR	37.2	
VSIR	sonnet_dual_triage	1	311.0	163	1	1	0	1	1	0	0	0	0	75.2	75.9		VSIG8	32.5	
VSTM1	sonnet_dual_triage	1	236.0	119	1	1	0	0	0	0	1	1	1				TARM1	47.1	1.0
VSTM2A	sonnet_dual_triage	0	236.0	212	1	1	1	1	1	0	0	0	0	96.2	80.0		IGSF3	38.7	
VSTM2B	sonnet_dual_triage	0	285.0	257	1	1	1	1	1	0	0	0	0	96.1	89.5		F11R	28.1	
VSTM2L	sonnet_dual_triage	0	204.0	180	1	1	1	1	1	0	0	0	0	62.7	94.1		NPTN	30.0	
VSTM4	sonnet_dual_triage	1	320.0	155	1	1	0	1	1	0	1	1	1	96.9	87.5		IGSF3	43.2	1.0
VSTM5	sonnet_dual_triage	1	200.0	114	1	1	0	1	1	0	0	1	1	99.5	77.0		CEACAM5	41.2	1.0
VTCN1	sonnet_dual_triage	1	282.0	253	0	0	1	1	1	0	1	1	0	95.4	87.6		ERMAP	32.0	3.0
VWA5B1	sonnet_dual_triage	0	1220.0	0	0	0	0	1	1	0	0	0	0	94.8	72.8				
VWC2L	sonnet_dual_triage	0	222.0	201	1	1	1	1	1	0	0	0	1	100.0	98.6		MUC5AC	59.7	
VWDE	sonnet_dual_triage	0	1590.0	1570	1	1	1	0	1	0	0	0	0	88.4			EFEMP2	37.3	
VXN	sonnet_dual_triage	0	207.0	0	0	0	0	1	0	0	0	0	0		82.6				
WARS1	sonnet_dual_triage	0	471.0	0	0	0	0	1	1	1	0	0	0	96.8	90.2	2.0			
WBP1L	sonnet_dual_triage	1	342.0	41	0	1	0	1	1	0	0	0	1	98.9	88.4		WBP1	51.2	
WFDC11	sonnet_dual_triage	0	87.0	62	1	1	1	0	1	0	0	0	0	88.5			WFDC9	38.7	
WFDC3	sonnet_dual_triage	0	231.0	207	1	1	1	0	1	0	0	0	1	96.1			WFDC12	40.9	
WFDC5	sonnet_dual_triage	0	224.0	200	1	1	1	1	1	0	0	0	0	95.9	67.5		WFDC12	38.6	
WFDC8	sonnet_dual_triage	0	241.0	203	1	1	1	0	1	0	0	0	0	82.2			EPPIN	38.4	
XCR1	sonnet_dual_triage	7	333.0	76	0	1	0	1	1	0	0	0	0	96.4	69.1		ACKR2	37.5	
XG	sonnet_dual_triage	1	180.0	121	1	1	0	0	1	0	0	0	0	86.2					
XK	sonnet_dual_triage	12	444.0	48	0	0	0	1	1	0	0	0	0	98.4	82.4		XKRX	35.4	
XKR3	sonnet_dual_triage	12	459.0	44	0	0	0	0	1	0	0	0	1	78.2			XKRX	63.4	
XKR4	sonnet_dual_triage	10	650.0	39	0	0	0	1	1	0	0	0	0	98.6	95.5		XKR6	34.3	
XKR5	sonnet_dual_triage	12	686.0	38	0	0	0	1	1	0	1	0	0	93.1	65.5		XKR4	23.1	
XKR6	sonnet_dual_triage	10	641.0	41	0	0	0	1	1	0	1	0	0	59.9	93.8		XKR4	34.3	
XKR7	sonnet_dual_triage	12	579.0	40	0	0	0	1	1	0	0	0	0	92.6	91.0		XKR4	30.8	
XKR8	sonnet_dual_triage	10	395.0	39	0	0	0	1	1	0	0	0	0	95.7	68.9		XKR6	28.9	
XKR9	sonnet_dual_triage	10	373.0	39	0	0	0	1	1	0	0	0	0	94.6	76.7		XKR8	27.0	
XKRX	sonnet_dual_triage	12	449.0	50	0	0	0	1	1	0	1	0	1	98.4	92.0		XKR3	63.4	
XPNPEP2	sonnet_dual_triage	0	674.0	653	1	1	1	1	1	1	0	1	0	98.1	81.3	2.0			2.0
XPR1	sonnet_dual_triage	10	696.0	74	0	0	0	1	1	0	1	0	0	99.9	95.3				
XRCC5	sonnet_dual_triage	0	732.0	0	0	0	0	1	1	1	0	0	0	98.8	78.4	2.0			
YARS1	sonnet_dual_triage	0	528.0	0	0	0	0	1	1	1	0	0	0	92.8	96.6	2.0			
YBX1	sonnet_dual_triage	0	324.0	0	0	0	0	1	0	0	0	0	0		98.1				
YIPF4	sonnet_dual_triage	5	244.0	11	0	0	1	1	1	0	0	0	0	99.6	98.0		YIPF6	27.3	
ZACN	sonnet_dual_triage	4	412.0	240	1	1	1	0	1	1	1	0	0	91.0		5.0	GABRR2	29.0	
ZAN	sonnet_dual_triage	1	2812.0	2744	1	1	0	0	1	0	1	1	1	84.6			VWC2L	46.8	3.0
ZBED3	sonnet_dual_triage	0	234.0	0	0	0	0	1	1	1	0	0	0	68.4	50.9	2.0			
ZDHHC5	sonnet_dual_triage	4	715.0	25	0	0	0	1	1	0	1	0	1	99.3	97.9		ZDHHC8	56.0	
ZG16B	sonnet_dual_triage	0	172.0	156	1	1	1	0	0	0	0	0	0						
ZGPAT	sonnet_dual_triage	0	531.0	0	0	0	0	1	1	0	0	0	0	97.5	80.0				
ZNRF2	sonnet_dual_triage	0	242.0	0	0	0	0	1	1	0	0	0	0	96.7	82.2				
ZNRF3	sonnet_dual_triage	1	936.0	163	1	1	0	1	1	0	0	0	0	64.0	85.1		RNF43	39.9	
ZP1	sonnet_dual_triage	1	638.0	576	1	1	0	1	1	0	0	1	1	93.7	66.0		ZP4	40.9	2.0
ZP2	sonnet_dual_triage	1	745.0	677	1	1	0	1	1	0	0	1	0	94.4	56.6		ZP4	34.8	5.0
ZP3	sonnet_dual_triage	1	424.0	365	1	1	0	0	0	0	1	1	1				POMZP3	69.0	3.0
ZP4	sonnet_dual_triage	1	540.0	486	1	1	0	0	1	0	0	1	1	92.4			ZP1	40.9	4.0
ZPBP	sonnet_dual_triage	0	351.0	307	1	1	1	1	1	0	0	0	0	89.7	78.3		ZPBP2	38.4	
ZPBP2	sonnet_dual_triage	0	338.0	318	1	1	1	1	1	1	0	0	0	91.1	70.4	5.0	ZPBP	38.4	
ZPLD1	sonnet_dual_triage	1	415.0	353	1	1	0	1	1	0	0	1	0	98.1	91.6		UMOD	35.1	2.0
AADACL2	uncertain	0	401.0	0	0	0	0	0	0	0	0	0	0	98.0	79.1				
C17orf67	uncertain	0	90.0	70	1	1	1	1	1	0	0	0	0						
C17orf78	uncertain	1	275.0	166	1	1	0	1	0	0	1	0	0						
C18orf54	uncertain	0	372.0	0	0	0	0	1	1	0	0	0	0						
C1orf185	uncertain	1	199.0	12	0	1	0	0	1	0	0	0	0						
C3orf80	uncertain	1	247.0	40	1	1	0	1	0	0	0	1	0						1.0
CLEC20A	uncertain	0	400.0	380	1	1	1	0	0	0	0	0	0						
CT47A6	uncertain	0	288.0	0	0	0	0	0	0	0	0	0	0						
ENDOU	uncertain	0	410.0	392	1	1	1	1	1	0	0	0	0	96.8	82.2				
FAM174C	uncertain	1	132.0	47	1	1	0	0	0	0	0	0	0						
FNDC7	uncertain	0	733.0	708	1	1	1	1	1	0	0	0	0	95.9	85.5		TNXB	38.7	
LIPJ	uncertain	0	366.0	366	0	1	1	0	1	0	0	0	1	95.6			LIPK	59.3	
LRRC53	uncertain	1	1247.0	281	1	1	0	0	1	0	0	0	0	93.0			TLR7	38.1	
OGFRL1	uncertain	0	451.0	0	0	0	0	1	1	0	0	0	0	78.9	81.2				
PCED1B	uncertain	0	432.0	0	0	0	0	1	1	0	0	0	0	91.7	57.6				
PLGLB2	uncertain	0	96.0	77	1	1	1	0	0	0	0	0	1				PLGLB1	100.0	
POTEM	uncertain	0	508.0	0	0	0	0	0	0	0	0	0	0						
PRSS51	uncertain	0	220.0	204	1	1	1	1	1	0	0	0	0	94.7	69.8		KLKB1	35.3	
RNASE11	uncertain	0	199.0	181	1	1	1	0	0	0	0	0	0				RNASE12	28.3	
RNF150	uncertain	1	438.0	174	1	1	0	1	1	0	0	1	1	98.4	94.5		RNF130	47.9	1.0
RNF215	uncertain	1	377.0	210	1	1	0	1	1	0	0	0	0	99.2	90.5		RNF13	26.8	
RPL29	uncertain	0	159.0	0	0	0	0	0	0	0	0	0	0						
RTP5	uncertain	0	572.0	0	0	0	0	0	0	0	0	0	0						
SMCO3	uncertain	0	225.0	0	0	0	0	1	1	0	0	0	0	96.0	84.9				
SMIM10	uncertain	0	83.0	52	1	1	1	0	0	0	0	0	1				SMIM10L3	70.8	
SMIM10L2A	uncertain	0	78.0	0	0	0	0	0	0	0	0	0	0						
SMIM17	uncertain	1	118.0	2	0	0	1	1	1	0	0	0	0	98.3	83.1				
SMIM18	uncertain	1	95.0	35	0	1	0	1	0	0	0	0	0		88.4				
SMIM28	uncertain	1	152.0	51	0	1	0	0	0	0	0	0	0						
SMIM29	uncertain	1	102.0	17	0	1	0	1	0	0	1	0	0		96.1		C3orf18	29.4	
SMIM32	uncertain	1	103.0	53	0	1	0	1	0	0	0	0	0		93.2				
SMIM33	uncertain	1	132.0	42	0	1	0	1	0	0	0	0	0		59.8				
SMIM38	uncertain	1	51.0	13	0	1	0	1	0	0	0	0	0		66.7				
SMIM39	uncertain	1	56.0	3	0	0	1	1	0	0	0	0	0		92.9				
SMIM42	uncertain	1	70.0	25	0	1	0	0	0	0	0	0	0						
SMIM44	uncertain	1	149.0	35	0	1	0	1	0	0	0	0	0		67.1				
SMIM5	uncertain	1	77.0	31	0	1	0	1	1	0	0	0	0	97.4	77.9				
SVOPL	uncertain	12	492.0	75	0	0	0	1	1	0	1	0	0	97.2	91.9		SLC22A17	42.6	
THSD8	uncertain	0	115.0	91	1	1	1	1	0	0	0	0	0		61.7				
TMEM130	uncertain	1	435.0	311	1	1	0	1	1	0	0	0	0	61.7	69.0		GPNMB	29.3	
TMEM179	uncertain	4	233.0	90	0	0	0	1	1	0	1	0	0	99.6	93.6				
TMEM220	uncertain	5	160.0	38	0	0	1	1	1	0	1	0	0	91.9	77.5				
TMEM229A	uncertain	8	380.0	64	0	0	0	1	0	0	0	0	0		80.5		TMEM229B	12.5	
TMEM229B	uncertain	4	167.0	35	0	0	0	1	1	1	0	0	0	99.4	95.8	2.0	TMEM229A	12.5	
TMEM236	uncertain	8	351.0	50	0	0	0	1	0	0	0	0	0		74.4				
TMEM245	uncertain	16	879.0	228	0	0	0	1	1	0	1	1	0	97.8	91.5				2.0
TMEM248	uncertain	2	314.0	224	0	0	0	1	1	0	1	0	0	99.7	94.6		TMEM219	32.3	
TMEM265	uncertain	1	108.0	9	0	0	1	0	0	0	0	0	0						
TMEM269	uncertain	8	203.0	18	0	0	0	0	0	1	0	0	0			2.0			
TMEM270	uncertain	0	265.0	0	0	0	0	1	1	0	0	0	0	92.5	58.1				
TMEM275	uncertain	2	177.0	7	0	0	0	1	0	0	0	0	0		71.8				
TMEM40	uncertain	2	233.0	6	0	0	0	1	1	0	0	0	0	94.0	70.4				
TMEM89	uncertain	1	159.0	50	1	1	0	1	1	0	0	0	0	93.7	57.2				
VN1R4	uncertain	7	301.0	63	0	1	0	0	0	0	0	0	0				VN1R2	45.5	
VWA5B1	uncertain	0	1220.0	0	0	0	0	1	1	0	0	0	0	94.8	72.8				
