gene_symbol	group	tm_helix_count	protein_length	ecd_length_residues	has_signal_peptide	n_term_extracellular	c_term_extracellular	mouse_has_one2one	cyno_has_one2one	schweke_homomer	alt_iso_diff_topo	has_ec_surface_bind_site	has_concerning_paralog	cyno_ortholog_pct_id	mouse_ortholog_pct_id	homomer_stoichiometry	top_paralog_symbol	top_paralog_ecd_pct	n_ec_surface_bind_sites
AAMP	canonical	0	434	0	0	0	0	1	1	0	0	0	0	99.8	98.6				
ABCA1	canonical	12	2261	1031	0	0	0	1	1	0	0	1	1	98.9	95.3		ABCA4	48.4	3.0
ABCA7	canonical	12	2146	926	0	0	0	1	1	0	1	1	1	84.4	77.8		ABCA1	43.4	1.0
ABCA8	canonical	14	1621	398	0	0	0	1	1	0	1	1	1	96.7	75.5		ABCA9	54.4	1.0
ABCB1	canonical	12	1280	109	0	0	0	0	0	0	0	0	1				ABCB4	50.9	
ABCC1	canonical	17	1531	140	0	1	0	1	1	0	0	0	1	96.0	88.1		ABCC3	47.1	
ABCC10	canonical	17	1492	167	0	1	0	1	1	0	1	0	0	97.0	84.9		ABCC11	21.0	
ABCC11	canonical	12	1382	83	0	0	0	0	1	0	0	0	0	92.0			ABCC5	37.3	
ABCC3	canonical	17	1527	128	0	1	0	1	1	0	1	0	1	95.5	80.7		ABCC1	43.6	
ABCC4	canonical	12	1325	86	0	0	0	1	1	0	1	0	0	97.5	87.1		ABCC5	36.0	
ABCC5	canonical	12	1437	78	0	0	0	1	1	0	1	0	0	96.8	95.0		ABCC11	33.7	
ABCC8	canonical	17	1581	161	0	1	0	1	1	0	1	0	1	95.8	95.4		ABCC9	42.2	
ABCC9	canonical	17	1549	141	0	1	0	1	1	0	0	0	1	98.1	95.2		ABCC8	41.0	
ABCG2	canonical	6	655	91	0	0	0	0	0	1	1	0	0			2.0	ABCG5	26.5	
ACE	canonical	1	1306	1230	1	1	0	1	1	0	1	1	0	97.9	83.3		ACE2	24.8	4.0
ACE2	canonical	1	805	726	1	1	0	1	1	1	0	1	0	95.2	82.1	2.0	ACE	25.1	2.0
ACKR1	canonical	7	336	113	0	1	0	1	1	0	0	0	0	91.1	59.2				
ACKR3	canonical	7	362	112	0	1	0	1	1	0	0	0	0	89.2	92.8		CCR8	26.8	
ACKR4	canonical	7	350	97	0	1	0	1	1	0	0	0	0	96.3	85.4		CCR7	28.9	
ACKR5	canonical	7	404	105	0	1	0	1	1	1	0	0	0	93.6	71.5	2.0	GPER1	25.7	
ACVR1	canonical	1	509	103	1	1	0	1	1	0	0	0	0	99.8	98.4		AMHR2	24.4	
ACVR1B	canonical	1	505	95	1	1	0	1	1	0	0	1	0	89.7	98.2		TGFBR1	37.9	1.0
ACVR1C	canonical	1	493	93	1	1	0	1	1	0	0	1	1	99.4	92.9		TGFBR1	43.0	1.0
ACVR2A	canonical	1	513	115	1	1	0	1	1	0	0	1	1	100.0	99.6		ACVR2B	54.8	1.0
ACVR2B	canonical	1	512	115	1	1	0	1	1	0	0	1	1	96.5	99.4		ACVR2A	54.8	2.0
ACVRL1	canonical	1	503	99	1	1	0	1	1	0	0	1	0	98.6	88.7		AMHR2	26.7	1.0
ADAM10	canonical	1	748	659	1	1	0	1	1	0	0	1	0	100.0	96.1		ADAM17	32.0	2.0
ADAM12	canonical	1	909	684	1	1	0	1	1	0	1	1	1	94.6	81.2		ADAM19	51.6	3.0
ADAM15	canonical	1	863	680	1	1	0	1	1	0	1	1	1	96.4	80.2		ADAM33	42.6	2.0
ADAM17	canonical	1	824	654	1	1	0	1	1	0	0	1	0	99.6	92.1		ADAM10	32.2	3.0
ADAM19	canonical	1	955	678	1	1	0	0	1	0	0	1	1	97.9			ADAM12	51.5	1.0
ADAM22	canonical	1	906	711	1	1	0	1	1	0	0	1	1	93.7	88.4		ADAM11	55.3	2.0
ADAM23	canonical	1	832	734	1	1	0	1	1	0	1	1	1	90.0	93.9		ADAM11	50.0	3.0
ADAM28	canonical	1	775	648	1	1	0	1	1	0	1	1	1	91.7	69.9		ADAMDEC1	31.3	2.0
ADAM8	canonical	1	824	636	1	1	0	1	1	0	1	1	1	90.4	63.1		ADAM12	39.9	2.0
ADAM9	canonical	1	819	669	1	1	0	1	1	0	1	1	1	97.6	85.8		ADAM12	41.5	2.0
ADAMTS16	canonical	0	1224	1197	1	1	1	1	1	0	0	0	1	93.0	82.6		ADAMTS18	57.6	
ADAMTS5	canonical	0	930	912	1	1	1	1	1	0	0	0	1	97.5	90.2		ADAMTS15	43.6	
ADCY1	canonical	12	1119	92	0	0	0	1	0	0	0	0	0		92.5		GUCY2D	5.1	
ADCY5	canonical	12	1261	116	0	0	0	1	1	0	1	0	0	66.3	95.5		NPR2	5.2	
ADCY6	canonical	12	1168	109	0	0	0	1	1	0	0	0	0	99.0	94.4		GUCY2C	5.6	
ADCY7	canonical	12	1080	96	0	0	0	1	1	0	0	0	0	94.7	83.8		GUCY2C	3.6	
ADCY9	canonical	12	1353	102	0	0	0	1	1	0	0	0	0	98.5	92.2		NPR1	3.9	
ADCYAP1R1	canonical	7	468	167	1	1	0	1	1	0	0	0	0	97.0	92.7		ADGRG4	2.7	
ADGRA2	canonical	7	1338	772	1	1	0	1	1	0	1	0	1	77.1	87.9		ADGRA1	3.5	
ADGRA3	canonical	7	1321	767	1	1	0	1	1	0	1	0	1	98.5	92.6		ADGRA1	3.4	
ADGRB1	canonical	7	1584	955	1	1	0	1	1	0	0	0	1	74.9	94.1		ADGRB3	46.0	
ADGRB3	canonical	7	1522	891	1	1	0	1	1	0	1	0	1	99.3	98.4		ADGRB2	47.9	
ADGRD1	canonical	7	874	574	1	1	0	1	1	0	0	0	0	89.6	80.7		ADGRA1	17.6	
ADGRE1	canonical	7	886	621	1	1	0	1	1	0	1	0	0	75.8	68.2		GLP1R	9.7	
ADGRE2	canonical	7	823	555	1	1	0	0	1	0	0	0	1	84.4			ADGRE5	68.8	
ADGRE3	canonical	7	652	377	1	1	0	0	0	0	1	0	0				ADGRG4	5.7	
ADGRE5	canonical	7	835	567	1	1	0	1	1	0	0	0	1	92.3	57.5		ADGRE2	68.8	
ADGRF1	canonical	7	910	618	1	1	0	1	1	0	1	0	0	90.2	70.1		PTH1R	12.6	
ADGRF5	canonical	7	1346	1037	1	1	0	1	1	0	0	0	0	94.4	72.1		GCGR	7.9	
ADGRG1	canonical	7	693	432	1	1	0	1	1	0	0	0	0	91.0	79.3		ADGRA1	19.9	
ADGRG3	canonical	7	549	299	1	1	0	1	1	0	0	0	0	87.8	68.5		ADGRG4	4.2	
ADGRG4	canonical	7	3080	2757	1	1	0	1	1	0	0	0	0	91.1	59.0		GLP1R	4.0	
ADGRG5	canonical	7	528	278	1	1	0	1	1	0	0	0	0	90.0	69.9		ADGRG4	3.8	
ADGRG6	canonical	7	1221	872	1	1	0	1	1	0	0	0	0	97.6	82.2		GHRHR	7.8	
ADGRL1	canonical	7	1474	876	1	1	0	1	0	0	0	0	1		98.2		ADGRL2	68.3	
ADGRL2	canonical	7	1459	858	1	1	0	1	1	0	0	0	1	99.3	95.5		ADGRL1	68.0	
ADGRL3	canonical	7	1447	881	1	1	0	1	1	0	1	0	1	99.3	96.5		ADGRL2	62.0	
ADGRL4	canonical	7	690	444	1	1	0	1	1	0	0	0	0	97.2	78.8		GIPR	13.1	
ADIPOR1	canonical	7	375	57	0	0	1	1	1	0	0	0	1	99.2	96.8		ADIPOR2	66.7	
ADIPOR2	canonical	7	386	57	0	0	1	1	1	0	0	0	1	87.8	92.7		ADIPOR1	66.7	
ADORA1	canonical	7	326	66	0	1	0	1	1	0	1	0	0	99.4	94.8		ADORA2B	34.8	
ADORA2A	canonical	7	412	45	0	1	0	1	1	0	0	0	0	98.3	81.1		ADORA2B	23.2	
ADORA2B	canonical	7	332	69	0	1	0	1	1	0	0	0	1	97.0	87.7		ADORA1	33.3	
ADORA3	canonical	7	318	62	0	1	0	1	0	0	0	0	0		73.6		ADORA2B	29.0	
ADRA1A	canonical	7	466	73	0	1	0	1	1	0	1	0	0	98.5	91.8		ADRA1D	25.2	
ADRA1B	canonical	7	520	93	0	1	0	1	1	0	0	0	0	98.5	95.4		ADRA1A	37.6	
ADRA1D	canonical	7	572	147	0	1	0	1	1	0	0	0	0	90.0	85.1		ADRA1A	25.2	
ADRA2A	canonical	7	465	94	0	1	0	1	0	0	0	0	0		92.5		ADRA2B	30.9	
ADRA2B	canonical	7	450	59	0	1	0	1	1	0	0	0	0	96.4	83.3		ADRA2A	29.8	
ADRB1	canonical	7	477	98	0	1	0	1	0	0	0	0	0		90.4		ADRB3	34.7	
ADRB2	canonical	7	413	82	0	1	0	1	1	0	0	0	0	94.9	88.1		ADRB1	30.6	
ADRB3	canonical	7	408	92	0	1	0	1	1	0	0	0	0	88.5	78.4		ADRB1	37.8	
AGER	canonical	1	404	317	1	1	0	1	1	0	1	1	0	95.5	78.2		MCAM	19.6	3.0
AGRN	canonical	0	2068	2040	1	1	1	1	0	0	1	0	0		81.6		TMEFF2	8.4	
AGTR1	canonical	7	359	85	0	1	0	0	1	0	0	0	0	98.9			BDKRB2	20.7	
AGTR2	canonical	7	363	110	0	1	0	1	1	0	0	0	0	98.9	91.7		BDKRB2	28.9	
AJAP1	canonical	1	411	239	1	1	0	1	1	0	0	0	0	79.1	79.1				
ALCAM	canonical	1	583	500	1	1	0	1	1	1	1	1	0	98.8	93.0	2.0	AGER	19.0	3.0
ALK	canonical	1	1620	1016	1	1	0	1	1	0	0	1	0	98.4	87.2		LTK	21.3	4.0
ALPG	canonical	0	532	513	1	1	1	0	0	1	0	1	1			2.0	ALPP	97.5	2.0
ALPL	canonical	0	524	507	1	1	1	1	1	1	0	0	1	97.1	89.9	2.0	ALPI	57.4	
ALPP	canonical	0	535	513	1	1	1	0	0	1	0	1	1			2.0	ALPG	97.5	1.0
AMIGO2	canonical	1	522	359	1	1	0	1	1	1	0	1	1	98.9	88.1	2.0	AMIGO1	41.5	2.0
AMIGO3	canonical	1	504	364	1	1	0	1	1	1	0	1	0	94.8	76.4	2.0	AMIGO1	38.2	1.0
ANKH	canonical	12	492	90	0	0	0	1	1	0	1	0	0	100.0	98.4				
ANO1	canonical	8	986	263	0	0	0	1	1	1	1	1	1	97.9	91.5	2.0	ANO2	66.9	1.0
ANO6	canonical	8	910	274	0	0	0	1	1	1	0	1	1	97.0	90.4	2.0	ANO5	51.1	2.0
ANOS1	canonical	0	680	656	1	1	1	0	1	0	0	0	0	95.4					
ANPEP	canonical	1	967	935	0	0	1	1	1	0	0	1	0	94.3	76.5		LVRN	37.1	2.0
ANTXR1	canonical	1	564	294	1	1	0	1	1	0	1	1	1	99.6	95.9		ANTXR2	53.1	2.0
ANTXR2	canonical	1	489	285	1	1	0	1	1	0	1	1	1	91.2	82.8		ANTXR1	52.0	1.0
AOC3	canonical	1	763	737	0	0	1	1	1	1	1	1	1	96.9	83.1	2.0	AOC2	65.8	1.0
APCDD1	canonical	0	514	488	1	1	1	1	1	1	0	1	1	99.2	91.8	2.0	APCDD1L	46.9	2.0
APLNR	canonical	7	380	91	0	1	0	1	1	0	0	0	0	98.7	91.1		GPR25	25.8	
APLP2	canonical	1	763	662	1	1	0	1	1	0	0	1	1	98.1	92.8		APP	51.2	1.0
APOH	canonical	0	345	326	1	1	1	1	0	0	0	0	0		76.5		CSMD3	4.5	
APOL1	canonical	0	398	371	1	1	1	0	0	0	0	0	1						
APP	canonical	1	770	683	1	1	0	1	1	0	1	1	1	99.5	94.8		APLP2	51.4	3.0
AQP1	canonical	6	269	60	0	0	0	1	0	1	1	0	0		94.1	4.0	AQP5	36.7	
AQP3	canonical	6	292	75	0	0	0	1	1	1	1	0	1	97.3	95.5	4.0	AQP9	58.7	
AQP4	canonical	6	323	57	0	0	0	1	1	1	0	0	1	96.9	93.2	4.0	MIP	49.1	
AQP5	canonical	6	265	57	0	0	0	1	1	1	0	0	1	98.9	90.6	4.0	AQP2	64.9	
AQP7	canonical	6	342	74	0	0	0	0	0	1	1	0	1			4.0	AQP7B	91.9	
AQP9	canonical	6	295	73	0	0	0	1	1	1	0	0	1	95.6	75.6	4.0	AQP10	55.8	
AREG	canonical	1	252	172	1	1	0	1	1	0	0	0	0	86.9	69.8		HBEGF	26.7	
ARMH4	canonical	1	774	687	1	1	0	1	1	0	1	0	0	93.5	56.5				
ART1	canonical	0	327	305	1	1	1	1	1	0	0	1	0	84.1	76.5		ART5	36.7	2.0
ASAH2	canonical	1	780	748	0	0	1	0	0	0	0	0	0				ASAH2B	19.4	
ASGR1	canonical	1	291	231	0	0	1	1	1	1	1	1	1	57.7	77.0	4.0	CLEC10A	53.7	2.0
ASGR2	canonical	1	311	237	0	0	1	1	1	0	0	1	1	92.8	64.7		ASGR1	59.1	3.0
ASIC1	canonical	2	528	375	0	0	0	1	1	1	0	1	1	100.0	97.5	3.0	ASIC2	74.7	1.0
ASIC2	canonical	2	512	375	0	0	0	1	1	1	0	0	1	71.6	71.2	3.0	ASIC1	74.7	
ASIC3	canonical	2	531	377	0	0	0	1	1	1	1	0	1	90.6	83.4	3.0	ASIC1	55.7	
ASTL	canonical	0	431	408	1	1	1	1	1	0	0	0	0	93.3	65.0		CUBN	5.0	
ATP10D	canonical	10	1426	70	0	0	0	1	1	0	0	0	1	95.9	83.2		ATP10A	47.4	
ATP11A	canonical	10	1134	83	0	0	0	1	1	0	0	0	1	97.7	92.0		ATP11C	66.3	
ATP11C	canonical	10	1132	83	0	0	0	1	1	0	0	0	1	90.0	94.5		ATP11A	67.5	
ATP12A	canonical	10	1039	104	0	0	0	1	1	0	0	0	1	94.3	86.6		ATP1A4	42.3	
ATP1A1	canonical	10	1023	81	0	0	0	1	1	0	1	0	1	96.6	96.9		ATP1A2	80.5	
ATP1A2	canonical	10	1020	82	0	0	0	1	0	0	0	0	1		99.1		ATP1A1	81.7	
ATP1A3	canonical	10	1013	109	0	0	0	1	1	0	0	0	1	91.7	99.6		ATP1A2	85.3	
ATP1B1	canonical	1	303	247	0	0	1	1	1	0	0	0	0	97.0	94.1		ATP1B2	38.9	
ATP1B3	canonical	1	279	219	0	0	1	1	1	0	0	1	1	99.6	73.5		ATP1B2	44.1	1.0
ATP2B1	canonical	10	1220	101	0	0	0	1	1	0	0	0	1	100.0	99.5		ATP2B3	75.5	
ATP2B3	canonical	10	1220	102	0	0	0	1	0	0	0	0	1		98.2		ATP2B2	78.4	
ATP2B4	canonical	10	1241	102	0	0	0	1	1	0	0	0	1	98.3	84.6		ATP2B3	71.6	
ATRN	canonical	2	1429	1200	0	0	0	1	1	0	1	1	1	87.2	93.2		ATRNL1	59.8	5.0
ATRNL1	canonical	1	1379	1169	1	1	0	1	1	0	1	1	1	98.9	96.0		ATRN	59.8	3.0
AVPR1A	canonical	7	418	108	0	1	0	1	0	0	0	1	1		82.8		AVPR1B	42.6	1.0
AVPR1B	canonical	7	424	90	0	1	0	1	1	0	0	0	1	95.0	80.7		OXTR	54.2	
AVPR2	canonical	7	371	92	0	1	0	1	1	0	1	0	1	79.8	87.6		AVPR1B	44.6	
AXL	canonical	1	894	419	1	1	0	1	1	0	0	0	0	97.1	87.6		ROS1	8.3	
B2M	canonical	0	119	99	1	1	1	1	1	0	0	0	0	88.2	68.1		HLA-DPA1	19.3	
BACE2	canonical	1	518	447	1	1	0	1	1	0	1	1	1	83.8	88.6		BACE1	51.9	1.0
BAMBI	canonical	1	260	126	1	1	0	1	1	0	0	0	0	98.5	93.1				
BCAM	canonical	1	628	520	1	1	0	1	1	0	0	1	0	95.9	72.6		MCAM	31.9	2.0
BCAN	canonical	0	911	889	1	1	1	1	1	0	0	1	0	96.5	80.4		ACAN	17.6	4.0
BDKRB2	canonical	7	391	121	0	1	0	1	1	0	0	0	0	95.4	79.8		AGTR1	22.3	
BGN	canonical	0	368	352	1	1	1	1	1	0	0	0	1	99.2	95.9		DCN	56.2	
BMPR1A	canonical	1	532	130	1	1	0	1	1	0	0	0	1	99.6	97.9		BMPR1B	46.2	
BMPR1B	canonical	1	502	126	0	1	0	1	1	0	0	0	1	70.9	98.2		BMPR1A	46.9	
BMPR2	canonical	1	1038	124	1	1	0	1	1	0	0	1	0	99.1	96.6		ACVR2B	32.3	1.0
BOC	canonical	1	1114	825	1	1	0	1	1	0	0	1	1	87.5	86.4		CDON	42.1	3.0
BPIFA1	canonical	0	256	237	1	1	1	1	1	0	0	0	0	95.3	73.0		BPIFB4	14.1	
BRS3	canonical	7	399	105	0	1	0	1	1	0	0	0	0	96.5	85.2		GRPR	38.1	
BSG	canonical	1	385	303	1	1	0	1	0	1	0	1	1		65.5	2.0	NPTN	40.3	3.0
BSND	canonical	2	320	6	0	0	0	1	0	0	0	0	0		70.6				
BST1	canonical	0	318	286	1	1	1	1	1	1	0	1	0	91.2	70.4	2.0	CD38	32.9	1.0
BST2	canonical	1	180	137	0	0	1	0	0	1	0	1	0			2.0			2.0
BTC	canonical	1	178	87	1	1	0	1	1	0	0	0	0	95.5	77.5		TGFA	37.9	
BTLA	canonical	1	289	123	1	1	0	1	1	0	0	1	0	89.6	54.7				1.0
BTN1A1	canonical	1	526	220	1	1	0	1	1	0	0	1	1	96.4	74.0		BTN2A2	48.9	1.0
BTN2A1	canonical	1	527	220	1	1	0	0	1	0	0	1	1	91.7			BTN2A2	81.5	1.0
BTN2A2	canonical	1	523	233	1	1	0	1	0	0	0	1	1		68.8		BTN2A1	82.8	3.0
BTN3A1	canonical	1	513	221	1	1	0	0	0	1	0	1	1			2.0	BTN3A2	95.5	1.0
BTN3A2	canonical	1	334	221	1	1	0	0	1	1	0	1	1	91.0		2.0	BTN3A3	95.9	2.0
BTN3A3	canonical	1	584	221	1	1	0	0	1	1	0	1	1	87.2		2.0	BTN3A2	95.9	2.0
C1QL3	canonical	0	255	240	1	1	1	1	1	1	0	0	1	99.2	99.6	3.0	C1QL2	70.3	
C3	canonical	0	1663	1641	1	1	1	1	0	0	0	0	0		77.0		C4B	31.0	
C3AR1	canonical	7	482	233	0	1	0	1	1	0	0	0	0	88.8	64.7		FPR3	15.5	
C5AR1	canonical	7	350	80	0	1	0	1	1	1	0	0	0	90.0	65.7	2.0	C5AR2	27.4	
C5AR2	canonical	7	337	95	0	1	0	1	1	0	0	0	0	90.5	61.7		C5AR1	31.6	
CA12	canonical	1	354	279	1	1	0	1	1	0	0	1	1	96.0	81.9		CA14	46.6	1.0
CA14	canonical	1	337	278	1	1	0	1	1	0	0	1	1	96.4	84.0		CA12	46.2	1.0
CA4	canonical	0	312	293	1	1	1	1	0	0	0	1	0		55.8		CA2	32.4	2.0
CA9	canonical	1	459	377	1	1	0	1	1	0	0	0	0	92.2	69.7		CA14	31.3	
CACNA1A	canonical	24	2506	390	0	0	0	1	1	0	0	0	1	64.8	87.0		CACNA1B	72.5	
CACNA1B	canonical	24	2339	393	0	0	0	1	0	0	0	0	1		92.0		CACNA1A	74.6	
CACNA1C	canonical	24	2221	418	0	0	0	1	0	0	1	0	1		95.4		CACNA1D	69.5	
CACNA1D	canonical	24	2161	429	0	0	0	1	1	0	0	0	1	98.9	96.5		CACNA1F	75.3	
CACNA1E	canonical	24	2313	397	0	0	0	1	1	0	0	0	1	99.0	94.9		CACNA1B	65.2	
CACNA1G	canonical	24	2377	409	0	0	0	1	0	0	1	0	1		94.7		CACNA1H	69.1	
CACNA1H	canonical	24	2353	437	0	0	0	1	0	0	0	0	1		84.8		CACNA1I	71.5	
CACNA1I	canonical	24	2223	456	0	0	0	1	1	0	0	0	1	65.8	91.6		CACNA1H	74.6	
CACNA2D1	canonical	1	1103	1049	1	1	0	1	1	0	0	0	1	99.4	95.8		CACNA2D2	53.9	
CACNA2D2	canonical	0	1150	1090	1	1	1	1	1	0	0	0	1	98.7	96.9		CACNA2D1	55.0	
CACNA2D3	canonical	0	1091	1058	1	1	1	1	1	0	0	0	1	99.7	98.1		CACNA2D4	59.8	
CACNG2	canonical	4	323	95	0	0	0	1	1	0	0	0	1	100.0	98.8		CACNG3	85.3	
CACNG8	canonical	4	425	109	0	0	0	1	0	0	0	0	1		94.4		CACNG4	64.2	
CADM1	canonical	1	442	331	1	1	0	1	1	1	1	1	1	99.6	98.7	2.0	CADM2	40.7	3.0
CADM2	canonical	1	435	344	1	1	0	1	1	0	0	1	1	95.8	96.8		CADM3	44.8	2.0
CADM4	canonical	1	388	299	1	1	0	1	1	0	0	1	0	100.0	98.5		CADM1	37.2	1.0
CALCR	canonical	7	474	154	1	1	0	1	0	0	1	0	1		77.8		CALCRL	57.1	
CALCRL	canonical	7	461	154	1	1	0	1	1	0	0	0	1	99.3	89.8		CALCR	57.1	
CALHM1	canonical	4	346	79	0	0	0	1	1	1	0	0	1	97.4	92.2	8.0	CALHM3	49.4	
CALHM2	canonical	4	323	82	0	0	0	1	1	0	1	0	1	89.2	92.3		CALHM3	42.7	
CASR	canonical	7	1078	644	1	1	0	1	1	0	0	1	0	98.5	93.8		TAS1R1	31.8	1.0
CAV1	canonical	0	178	0	0	0	0	1	1	1	0	0	0	96.1	94.9	2.0			
CCDC25	canonical	0	208	0	0	0	0	1	1	0	0	0	0	99.5	95.2				
CCKAR	canonical	7	428	99	0	1	0	1	1	0	0	0	0	97.7	90.7		CCKBR	32.4	
CCKBR	canonical	7	447	108	0	1	0	1	0	0	0	0	0		89.3		GALR3	21.3	
CCR1	canonical	7	355	92	0	1	0	0	1	0	0	1	0	88.5			CCR2	36.3	1.0
CCR10	canonical	7	362	108	0	1	0	1	1	0	0	0	0	98.3	88.1		CCR7	29.6	
CCR2	canonical	7	374	102	0	1	0	1	1	0	0	0	1	97.2	79.7		CCR5	46.1	
CCR3	canonical	7	355	99	0	1	0	1	1	0	0	1	0	92.1	68.7		CCR1	38.4	1.0
CCR4	canonical	7	360	100	0	1	0	1	1	0	0	0	0	98.6	86.7		CCR5	32.0	
CCR5	canonical	7	352	95	0	1	0	1	1	0	0	1	1	97.7	82.4		CCR2	47.1	1.0
CCR6	canonical	7	374	117	0	1	0	1	1	0	0	0	0	94.9	73.3		CXCR6	25.6	
CCR7	canonical	7	378	79	1	1	0	1	1	0	0	0	0	98.9	87.0		CCR10	25.0	
CCR8	canonical	7	355	87	0	1	0	1	1	0	1	0	0	94.1	70.4		CCR4	30.0	
CCR9	canonical	7	369	98	0	1	0	1	1	0	0	0	0	98.6	85.6		CXCR6	22.4	
CCRL2	canonical	7	344	99	0	1	0	0	1	0	0	0	0	91.9			CCR2	31.4	
CD101	canonical	1	1021	934	1	1	0	1	1	0	0	1	0	95.1	70.4		IGSF3	33.8	4.0
CD109	canonical	0	1445	1424	1	1	1	1	1	0	0	1	0	95.8	72.1		CPAMD8	26.9	7.0
CD14	canonical	0	375	356	1	1	1	1	1	0	0	1	0	95.2	65.3				2.0
CD151	canonical	4	253	123	0	0	0	1	1	0	0	1	1	91.7	93.7		TSPAN11	60.2	1.0
CD160	canonical	0	181	158	1	1	1	1	1	0	0	1	0	89.5	66.3				2.0
CD163	canonical	1	1156	1005	1	1	0	1	1	0	0	1	1	96.0	72.9		CD163L1	44.7	3.0
CD164	canonical	1	197	143	1	1	0	1	1	0	1	0	0	83.8	61.9		TMEM123	30.8	
CD177	canonical	0	437	416	1	1	1	0	0	0	0	1	0				TEX101	22.1	2.0
CD1B	canonical	1	333	285	1	1	0	0	0	0	0	0	1				CD1C	61.8	
CD1C	canonical	1	333	283	1	1	0	0	1	0	0	1	1	90.7			CD1B	61.8	1.0
CD1D	canonical	1	335	282	1	1	0	0	1	0	0	1	1	93.7			CD1E	57.6	2.0
CD2	canonical	1	351	191	1	1	0	1	1	0	0	1	0	94.0	51.9		LY9	14.4	1.0
CD200	canonical	1	278	206	1	1	0	1	1	1	0	1	0	94.8	76.6	2.0	SMAGP	7.3	2.0
CD200R1	canonical	1	348	242	1	1	0	0	1	0	1	1	1	90.5			CD200R1L	73.6	1.0
CD209	canonical	1	404	346	0	0	1	0	1	0	1	0	1	82.9			CLEC4M	83.5	
CD22	canonical	1	847	668	1	1	0	1	1	0	0	1	0	78.2	61.3		TMEM25	15.4	4.0
CD226	canonical	1	336	232	1	1	0	1	1	1	0	1	0	93.2	52.4	2.0	SMAGP	12.9	3.0
CD24	canonical	0	80	54	1	1	1	1	0	0	0	0	0		57.5				
CD244	canonical	1	370	205	1	1	0	0	1	0	0	1	0	84.1			LY9	14.9	1.0
CD247	canonical	1	164	9	1	1	0	1	1	0	0	0	0	90.9	81.1				
CD248	canonical	1	757	670	1	1	0	1	0	0	0	1	0		78.5		DLK2	17.2	3.0
CD27	canonical	1	260	168	1	1	0	1	0	0	0	0	0		64.2		TNFRSF1B	25.7	
CD274	canonical	1	290	220	1	1	0	1	1	1	1	1	1	93.4	69.3	2.0	RNF152	15.9	2.0
CD276	canonical	1	534	437	1	1	0	1	1	0	1	1	0	97.4	52.6		ERMAP	23.1	2.0
CD28	canonical	1	220	136	1	1	0	1	1	1	1	1	0	98.2	67.7	2.0	CTLA4	28.7	3.0
CD300A	canonical	1	299	163	1	1	0	0	1	0	1	1	1	73.9			CD300C	69.9	1.0
CD300C	canonical	1	224	162	1	1	0	0	1	0	0	1	1	84.8			CD300A	70.6	1.0
CD300LF	canonical	1	290	139	1	1	0	0	1	0	1	1	1	86.2			CD300LD	57.8	1.0
CD302	canonical	1	232	148	1	1	0	1	1	0	0	1	0	94.0	73.7		MRC1	4.9	1.0
CD320	canonical	1	282	195	1	1	0	1	1	0	0	1	0	82.3	56.0		LDLRAD2	20.2	1.0
CD33	canonical	1	364	243	1	1	0	0	0	0	0	1	1				SIGLEC6	50.5	2.0
CD34	canonical	1	385	259	1	1	0	1	1	0	0	1	0	89.4	65.5				1.0
CD36	canonical	2	472	409	0	0	0	1	1	0	1	1	0	94.9	84.1		SCARB2	35.9	1.0
CD37	canonical	4	281	149	0	0	0	1	0	0	1	1	0		80.1		TSPAN3	28.2	1.0
CD38	canonical	1	300	256	0	0	1	1	1	0	0	1	0	92.3	58.0		BST1	33.2	2.0
CD3E	canonical	1	207	111	1	1	0	1	1	1	0	0	0	82.6	58.5	2.0	CD3G	27.0	
CD3G	canonical	1	182	95	1	1	0	1	1	1	0	1	0	81.9	69.8	2.0	CD3D	33.7	1.0
CD4	canonical	1	458	371	1	1	0	1	1	0	0	1	0	92.1	54.8				2.0
CD40	canonical	1	277	174	1	1	0	1	1	0	1	1	0	88.8	62.1		TNFRSF11A	37.7	2.0
CD40LG	canonical	1	261	217	0	0	1	1	1	0	0	1	0	98.1	77.4		TNFSF14	24.9	2.0
CD44	canonical	1	742	629	1	1	0	1	1	0	1	1	0	95.1	70.2		LYVE1	13.0	1.0
CD46	canonical	1	392	311	1	1	0	0	1	0	0	1	0	83.0			CSMD1	4.4	3.0
CD47	canonical	5	323	139	1	1	0	1	1	1	0	0	0	91.6	72.1	2.0			
CD48	canonical	1	243	196	1	1	0	0	1	0	1	1	0	81.5			LY9	14.7	2.0
CD5	canonical	1	495	358	1	1	0	1	0	0	0	1	0		64.0		DMBT1	5.6	1.0
CD52	canonical	0	61	37	1	1	1	0	1	0	0	0	0	86.9					
CD53	canonical	4	219	97	0	0	0	1	1	0	0	0	0	81.3	83.1		TSPAN9	30.7	
CD55	canonical	0	381	347	1	1	1	0	1	0	0	1	0	79.3			CSMD3	4.5	1.0
CD58	canonical	1	250	187	1	1	0	0	1	0	0	1	0	82.4					1.0
CD59	canonical	0	128	103	1	1	1	0	0	0	0	1	0				LYPD2	31.1	1.0
CD6	canonical	1	668	385	1	1	0	1	1	0	0	1	0	85.6	69.9		DMBT1	7.5	1.0
CD69	canonical	1	199	138	0	0	1	1	1	1	0	1	0	67.8	57.8	2.0	CLEC2A	38.4	1.0
CD7	canonical	1	240	155	1	1	0	0	1	0	0	1	0	86.7					1.0
CD70	canonical	1	193	155	0	0	1	1	1	0	0	1	0	89.1	57.0				2.0
CD72	canonical	1	359	243	0	0	1	1	1	1	0	0	0	87.2	53.2	2.0			
CD74	canonical	1	296	224	0	0	1	1	1	1	0	1	0	94.3	72.6	3.0			1.0
CD79A	canonical	1	226	111	1	1	0	1	1	0	0	1	0	82.3	69.5		CD79B	26.0	1.0
CD79B	canonical	1	229	131	1	1	0	1	1	0	0	1	0	56.8	67.7		CD79A	27.5	1.0
CD80	canonical	1	288	212	1	1	0	0	1	0	1	1	0	95.8			RNF152	14.2	2.0
CD81	canonical	4	236	111	0	0	0	1	1	0	0	0	0	76.7	91.9		TSPAN18	22.8	
CD82	canonical	4	267	137	0	0	0	1	1	0	0	1	0	95.1	76.4		TSPAN13	21.2	1.0
CD83	canonical	1	205	125	1	1	0	1	1	0	0	0	0	97.1	66.3				
CD84	canonical	1	345	204	1	1	0	1	1	1	1	1	0	93.3	58.5	2.0	LY9	19.6	1.0
CD86	canonical	1	329	222	1	1	0	0	1	1	1	1	0	94.2		2.0	RNF152	18.5	2.0
CD8A	canonical	1	235	161	1	1	0	0	1	1	1	1	0	75.7		2.0			1.0
CD8B	canonical	1	210	152	1	1	0	0	0	1	1	1	1			2.0	CD8B2	98.7	1.0
CD9	canonical	4	228	104	0	0	0	1	1	0	0	1	0	98.7	89.0		TSPAN2	26.0	1.0
CD93	canonical	1	652	558	1	1	0	1	1	0	0	1	0	94.8	67.6		DLK2	20.1	3.0
CD96	canonical	1	585	499	1	1	0	1	1	1	0	1	0	91.7	61.2	2.0			4.0
CD99	canonical	1	185	105	1	1	0	0	1	0	0	0	0	83.2			CD99L2	29.4	
CD99L2	canonical	1	262	160	1	1	0	1	1	0	1	0	0	95.0	65.3		CD99	29.4	
CDC50A	canonical	2	361	254	0	0	0	1	1	0	1	1	1	98.9	88.9		CDC50B	54.6	1.0
CDCP1	canonical	1	836	638	1	1	0	1	1	0	1	1	0	95.8	81.0				2.0
CDH1	canonical	1	882	687	1	1	0	1	1	0	0	1	1	95.5	81.2		CDH3	49.1	5.0
CDH11	canonical	1	796	597	1	1	0	1	1	0	0	1	1	99.4	97.4		CDH8	64.8	4.0
CDH13	canonical	0	713	691	1	1	1	1	1	0	0	1	1	98.0	93.7		CDH2	43.3	7.0
CDH18	canonical	1	790	591	1	1	0	1	1	0	1	1	1	98.7	96.1		CDH7	63.5	4.0
CDH2	canonical	1	906	698	1	1	0	1	1	0	0	1	1	99.2	96.8		CDH4	62.3	5.0
CDH20	canonical	1	801	587	1	1	0	1	1	0	0	1	1	98.3	96.1		CDH7	66.3	3.0
CDH22	canonical	1	828	588	1	1	0	1	1	0	0	1	1	85.1	92.8		CDH7	57.8	4.0
CDH24	canonical	1	819	614	1	1	0	1	1	0	0	1	1	87.2	93.3		CDH11	54.9	5.0
CDH26	canonical	1	832	587	1	1	0	1	1	0	1	1	0	89.4	60.5		DCHS1	8.0	3.0
CDH3	canonical	1	829	632	1	1	0	1	1	0	0	1	1	95.7	82.1		CDH1	49.1	5.0
CDH4	canonical	1	916	714	1	1	0	1	1	0	0	1	1	98.7	92.5		CDH2	62.6	4.0
CDH6	canonical	1	790	592	1	1	0	1	1	0	0	1	1	99.5	97.1		CDH10	71.5	4.0
CDON	canonical	1	1287	939	1	1	0	1	1	0	0	1	1	95.3	81.6		BOC	42.0	2.0
CEACAM1	canonical	1	526	394	1	1	0	0	0	1	1	1	1			2.0	CEACAM3	25.6	3.0
CEACAM21	canonical	1	293	204	1	1	0	0	0	0	1	1	0				CEACAM1	26.9	1.0
CEACAM4	canonical	1	244	121	1	1	0	0	0	0	0	1	1				CEACAM3	54.5	2.0
CEACAM5	canonical	1	702	656	1	1	0	0	0	0	0	1	1				CEACAM6	38.9	4.0
CEACAM6	canonical	1	344	298	1	1	0	0	0	1	0	1	1			2.0	CEACAM3	40.3	4.0
CELSR1	canonical	7	3014	2486	1	1	0	1	1	0	1	1	1	94.7	81.3		CELSR2	59.5	8.0
CELSR2	canonical	7	2923	2381	1	1	0	1	0	0	0	1	1		95.6		CELSR1	59.4	10.0
CELSR3	canonical	7	3312	2545	1	1	0	1	1	0	0	1	1	96.6	92.3		CELSR2	54.5	7.0
CEMIP2	canonical	1	1383	1280	0	0	1	1	1	0	0	0	1	98.8	86.8		CEMIP	44.1	
CFC1	canonical	0	223	198	1	1	1	0	0	1	0	1	1			2.0	CFC1B	99.5	1.0
CFTR	canonical	12	1480	102	0	0	0	1	1	0	1	0	0	98.4	78.5		ABCC5	16.7	
CHRFAM7A	canonical	4	412	167	0	1	1	0	0	1	0	0	1			5.0	CHRNA7	63.0	
CHRM1	canonical	7	460	77	0	1	0	1	0	0	0	0	1		98.9		CHRM3	38.3	
CHRM2	canonical	7	466	74	0	1	0	1	1	0	0	0	1	99.4	96.4		CHRM4	55.4	
CHRM3	canonical	7	590	120	0	1	0	1	1	0	0	0	1	98.3	91.5		CHRM5	43.3	
CHRM4	canonical	7	479	83	0	1	0	1	1	0	0	0	1	99.0	96.0		CHRM2	55.4	
CHRM5	canonical	7	532	82	0	1	0	1	1	0	0	0	1	96.1	88.7		CHRM3	43.3	
CHRNA10	canonical	4	450	228	1	1	1	1	0	1	0	1	1		91.3	5.0	CHRNA9	65.7	1.0
CHRNA2	canonical	4	529	259	1	1	1	1	1	1	0	0	1	97.2	81.9	5.0	CHRNA4	73.7	
CHRNA3	canonical	4	505	231	1	1	1	1	1	1	1	1	1	97.2	90.3	5.0	CHRNA6	71.0	1.0
CHRNA4	canonical	4	627	233	1	1	1	1	1	1	0	1	1	88.8	84.1	5.0	CHRNA2	70.7	1.0
CHRNA5	canonical	4	468	256	1	1	1	1	1	1	0	0	1	94.9	89.1	5.0	CHRNB3	67.6	
CHRNA7	canonical	4	502	235	1	1	1	1	0	1	1	1	1		93.2	5.0	CHRFAM7A	62.6	2.0
CHRNA9	canonical	4	479	233	1	1	1	1	0	1	0	1	1		91.0	5.0	CHRNA10	66.1	1.0
CHRNB2	canonical	4	502	242	1	1	1	1	1	1	0	0	1	98.4	86.5	5.0	CHRNB4	65.8	
CHRNB4	canonical	4	498	243	1	1	1	1	1	1	1	0	1	94.6	82.7	5.0	CHRNB2	67.1	
CHST15	canonical	1	561	463	0	0	1	1	1	0	0	0	0	98.6	92.5				
CLCA4	canonical	0	919	898	1	1	1	0	1	0	0	1	1	83.8			CLCA1	61.7	3.0
CLCN2	canonical	10	898	89	0	0	0	1	1	1	1	0	1	98.9	94.3	2.0	CLCNKA	42.4	
CLCNKA	canonical	10	687	99	0	0	0	0	1	1	1	0	1	95.5		2.0	CLCNKB	97.0	
CLDN1	canonical	4	211	76	0	0	0	1	1	0	0	0	1	99.5	90.5		CLDN7	64.9	
CLDN10	canonical	4	228	74	0	0	0	1	1	0	0	0	1	99.6	93.9		CLDN15	66.2	
CLDN12	canonical	4	244	78	0	0	0	1	0	0	0	1	0		91.4				1.0
CLDN14	canonical	4	239	77	0	0	0	1	1	0	0	0	1	98.3	93.3		CLDN4	59.7	
CLDN15	canonical	4	228	71	0	0	0	1	1	0	0	1	1	97.4	77.6		CLDN10	59.5	1.0
CLDN17	canonical	4	224	76	0	0	0	1	0	0	0	0	1		81.7		CLDN8	65.8	
CLDN18	canonical	4	261	85	0	0	0	1	1	0	0	0	0	98.9	88.9		CLDN1	36.5	
CLDN2	canonical	4	230	77	0	0	0	1	1	1	0	0	1	99.1	91.3	2.0	CLDN14	55.8	
CLDN20	canonical	4	219	76	0	0	0	1	1	0	0	0	1	97.3	74.4		CLDN3	43.4	
CLDN22	canonical	4	220	76	0	0	0	0	1	0	0	1	1	94.5			CLDN24	100.0	2.0
CLDN23	canonical	4	292	82	0	0	0	1	1	0	0	0	0	90.4	80.5		CLDN1	29.3	
CLDN24	canonical	4	220	76	0	0	0	0	1	0	0	0	1	95.5			CLDN22	100.0	
CLDN25	canonical	4	229	75	0	0	0	1	0	0	0	0	1		77.7		CLDN22	61.8	
CLDN3	canonical	4	220	74	0	0	0	1	1	0	0	1	1	80.9	90.9		CLDN4	85.1	1.0
CLDN4	canonical	4	209	74	0	0	0	0	1	0	0	1	1	99.0			CLDN3	85.1	1.0
CLDN5	canonical	4	218	76	0	0	0	1	0	0	0	0	1		91.7		CLDN6	64.5	
CLDN6	canonical	4	220	74	0	0	0	1	0	0	0	1	1		87.7		CLDN9	97.3	1.0
CLDN7	canonical	4	211	77	0	0	0	1	1	0	1	0	1	97.2	91.9		CLDN1	66.2	
CLDN8	canonical	4	225	79	0	0	0	1	1	0	0	0	1	95.6	82.7		CLDN3	68.4	
CLDN9	canonical	4	217	74	0	0	0	1	0	0	0	1	1		97.2		CLDN6	97.3	1.0
CLDND1	canonical	4	253	129	0	0	0	1	1	0	1	0	0	99.6	91.7				
CLEC10A	canonical	1	316	259	0	0	1	0	1	1	0	0	1	86.5		2.0	ASGR1	54.1	
CLEC12A	canonical	1	265	203	0	0	1	0	1	1	1	1	0	85.3		2.0	CLEC1A	34.3	1.0
CLEC1A	canonical	1	280	210	0	0	1	1	1	1	0	1	0	90.0	67.1	2.0	CLEC12A	34.3	3.0
CLEC1B	canonical	1	229	176	0	0	1	1	1	0	1	1	0	93.4	63.8		CLEC12B	27.6	1.0
CLEC2B	canonical	0	149	120	1	1	1	0	1	0	0	0	1	89.9			CLEC2D	44.1	
CLEC2D	canonical	1	191	136	0	0	1	0	1	1	1	1	1	78.5		2.0	CLEC2B	44.9	2.0
CLEC4A	canonical	1	237	170	0	0	1	1	1	0	1	0	1	89.0	52.3		CLEC4C	52.9	
CLEC4E	canonical	1	219	179	0	0	1	1	1	0	0	0	0	89.0	65.3		CLEC4A	39.1	
CLEC5A	canonical	1	188	162	0	0	1	1	1	0	0	1	0	93.6	71.8		CD69	26.5	1.0
CLEC6A	canonical	1	209	168	0	0	1	1	1	1	1	0	1	88.0	68.9	2.0	CLEC4C	53.4	
CLEC7A	canonical	1	247	182	0	0	1	0	1	0	1	0	0	94.7			KLRK1	27.5	
CLMP	canonical	1	373	215	1	1	0	1	1	1	0	1	0	98.9	92.8	2.0	CXADR	34.9	2.0
CLSTN1	canonical	1	981	833	1	1	0	1	1	0	0	1	1	98.5	92.5		CLSTN2	55.2	3.0
CMKLR1	canonical	7	373	120	0	1	0	1	1	1	0	0	0	98.1	79.9	2.0	GPR33	27.5	
CMKLR2	canonical	7	355	102	0	1	0	1	1	0	0	0	0	97.7	80.0		OPRK1	23.4	
CMTM4	canonical	4	234	17	0	0	0	1	1	0	0	0	1	99.0	95.7		CMTM6	47.1	
CMTM6	canonical	4	183	17	0	0	0	1	1	0	0	0	1	83.1	83.1		CMTM4	47.1	
CMTM7	canonical	4	175	18	0	0	0	1	1	0	1	0	0	97.7	79.4		PLLP	20.0	
CMTM8	canonical	4	173	24	0	0	0	1	1	0	1	0	0	84.4	92.5		MAL2	20.6	
CNGA3	canonical	4	694	65	0	0	0	1	1	1	0	0	1	95.4	79.1	4.0	CNGA1	80.3	
CNNM3	canonical	3	707	121	1	1	0	1	0	1	0	0	0		87.4	2.0	CNNM1	22.3	
CNNM4	canonical	3	775	155	1	1	0	1	1	1	1	1	0	80.1	88.8	2.0	CNNM2	25.1	1.0
CNR1	canonical	7	472	158	0	1	0	1	1	0	0	0	0	100.0	97.0		MC3R	17.1	
CNR2	canonical	7	360	76	0	1	0	1	1	0	0	0	0	96.4	79.7		CNR1	14.6	
CNTFR	canonical	0	372	350	1	1	1	1	1	0	0	1	0	98.4	95.2		EBI3	19.7	2.0
CNTN1	canonical	0	1018	998	1	1	1	1	1	0	0	1	1	99.3	95.4		CNTN2	50.7	6.0
CNTN3	canonical	0	1028	1009	1	1	1	1	1	0	0	1	1	98.2	91.4		CNTN4	64.8	6.0
CNTN6	canonical	0	1028	1009	1	1	1	1	1	0	0	1	1	97.2	89.1		CNTN4	60.7	5.0
CNTNAP2	canonical	1	1331	1235	1	1	0	1	1	0	0	1	1	98.5	93.8		CNTNAP5	51.7	5.0
COL17A1	canonical	1	1497	1010	0	0	1	1	1	0	0	0	0	91.0	79.9		COL23A1	23.9	
COL23A1	canonical	1	540	484	0	0	1	1	1	0	1	0	1	57.2	89.4		COL7A1	10.2	
COL6A3	canonical	0	3177	3152	1	1	1	1	1	0	0	0	0	97.3	67.9		VWA1	6.8	
COLEC12	canonical	1	742	684	0	0	1	1	1	1	0	0	0	98.8	92.3	3.0	MARCO	21.5	
CORIN	canonical	1	1042	976	0	0	1	1	1	0	0	1	0	95.2	82.5				2.0
CPD	canonical	1	1380	1268	1	1	0	1	1	0	0	1	0	98.0	91.2		CPE	18.5	2.0
CPM	canonical	0	443	426	1	1	1	1	1	0	0	1	1	96.2	84.9		CPD	17.2	1.0
CR1	canonical	1	2039	1931	1	1	0	0	1	0	0	1	0	75.7			CR1L	24.4	23.0
CR2	canonical	1	1033	955	1	1	0	0	1	0	0	1	0	92.7			SUSD3	9.5	9.0
CRHR1	canonical	7	415	132	1	1	0	1	1	0	1	0	1	99.0	97.6		CRHR2	51.3	
CRHR2	canonical	7	411	150	0	1	0	1	1	0	0	0	1	91.5	86.6		CRHR1	54.0	
CRIM1	canonical	1	1036	905	1	1	0	1	1	0	0	1	0	99.4	89.2		FCGBP	7.6	9.0
CRIPTO	canonical	0	188	158	1	1	1	0	0	0	0	1	1				CRIPTO3	97.5	2.0
CRLF2	canonical	1	371	209	1	1	0	0	0	0	1	1	0				LEPR	9.1	1.0
CRTAM	canonical	1	393	272	1	1	0	1	1	1	0	1	0	94.4	71.5	2.0	SMAGP	6.2	2.0
CSF1R	canonical	1	972	500	1	1	0	1	1	0	1	1	0	87.3	75.1		ROS1	9.0	3.0
CSF2RA	canonical	1	400	305	1	1	0	0	1	0	1	1	0	88.8			IL3RA	32.1	1.0
CSF2RB	canonical	1	897	422	1	1	0	0	1	0	0	1	0	90.7			IL4R	16.1	3.0
CSF3R	canonical	1	836	603	1	1	0	1	1	0	1	1	0	93.7	62.6		EBI3	13.1	4.0
CSMD1	canonical	1	3564	3461	1	1	0	1	0	0	1	1	1		93.5		CSMD2	63.7	8.0
CSPG4	canonical	1	2322	2195	1	1	0	1	1	0	0	1	0	96.5	83.5				8.0
CTLA4	canonical	1	223	128	1	1	0	1	1	0	1	1	0	96.4	74.9		CD28	28.7	2.0
CUBN	canonical	0	3623	3600	1	1	1	1	1	0	0	0	0	94.3	69.9		NETO1	5.8	
CX3CL1	canonical	1	397	317	1	1	0	1	1	0	0	0	0	93.5	65.0		CCL8	9.5	
CX3CR1	canonical	7	355	87	0	1	0	1	1	0	0	0	0	96.3	82.5		CCR2	27.5	
CXADR	canonical	1	365	218	1	1	0	0	1	1	1	1	0	90.4		2.0	VSIG8	33.5	3.0
CXCL12	canonical	0	93	72	1	1	1	1	1	1	0	0	0	96.6	93.3	2.0			
CXCL16	canonical	1	254	176	1	1	0	0	1	0	0	0	0	81.1					
CXCR1	canonical	7	350	101	0	1	0	1	1	0	0	0	1	91.4	64.0		CXCR2	54.5	
CXCR2	canonical	7	360	110	0	1	0	1	1	0	0	0	1	90.0	70.8		CXCR1	54.5	
CXCR3	canonical	7	368	112	0	1	0	1	1	0	1	0	0	99.2	85.6		CCR4	31.2	
CXCR4	canonical	7	352	94	0	1	0	1	1	0	0	0	0	97.2	91.2		CXCR2	29.1	
CXCR5	canonical	7	372	113	0	1	0	1	1	0	0	0	0	97.0	83.3		CXCR1	31.0	
CXCR6	canonical	7	342	75	0	1	0	1	1	0	0	0	0	94.7	74.6		CCR6	18.8	
CYBB	canonical	6	570	115	0	0	0	1	1	0	0	0	1	96.7	93.2		NOX3	43.5	
CYBRD1	canonical	6	286	46	0	0	0	1	1	1	1	0	1	94.1	75.2	2.0	CYB561A3	42.0	
CYSLTR1	canonical	7	337	82	0	1	0	1	1	0	0	0	0	97.3	87.5		P2RY10	25.9	
CYSLTR2	canonical	7	346	122	0	1	0	0	1	1	0	0	0	86.4		2.0	LPAR6	23.8	
DAG1	canonical	1	895	725	1	1	0	1	1	0	0	1	0	97.4	93.2				3.0
DAGLA	canonical	4	1042	30	0	0	0	1	1	0	0	1	0	99.5	97.5		DAGLB	23.3	1.0
DCBLD1	canonical	1	715	424	1	1	0	1	1	0	0	1	0	96.9	54.5		RS1	17.5	1.0
DCBLD2	canonical	1	775	471	1	1	0	1	1	0	0	1	0	87.1	84.1		CUBN	4.6	3.0
DCC	canonical	1	1447	1068	1	1	0	1	1	0	0	1	1	99.3	96.5		NEO1	54.9	5.0
DCHS1	canonical	1	3298	2895	1	1	0	1	1	0	0	1	0	86.6	92.5		CDH15	9.9	12.0
DCHS2	canonical	1	3371	2935	1	1	0	1	0	0	1	1	0		74.1		CDH20	10.3	13.0
DCSTAMP	canonical	6	470	162	0	0	0	1	1	1	1	1	0	95.3	74.3	2.0	DCST2	14.7	1.0
DDR1	canonical	1	913	397	1	1	0	1	1	0	1	1	1	99.2	93.6		DDR2	50.1	2.0
DDR2	canonical	1	855	376	1	1	0	1	1	0	0	0	1	99.3	95.9		DDR1	49.9	
DIP2A	canonical	0	1571	0	0	0	0	1	1	0	0	0	0	98.8	93.1				
DISP1	canonical	12	1524	573	0	0	0	1	1	0	0	0	1	97.4	84.1		DISP2	44.3	
DLK1	canonical	1	383	283	1	1	0	1	1	0	0	1	0	96.3	85.6		PEAR1	15.5	2.0
DLL1	canonical	1	723	524	1	1	0	1	1	0	1	1	1	92.5	88.5		DLL4	54.4	3.0
DLL4	canonical	1	685	505	1	1	0	1	1	0	0	1	1	99.0	86.4		DLL1	54.8	6.0
DMBT1	canonical	0	2413	2394	1	1	1	0	1	0	0	0	0	52.3			LGALS3BP	9.9	
DPEP1	canonical	0	411	395	1	1	1	1	1	1	0	1	1	85.6	72.3	2.0	DPEP2	42.5	1.0
DPP10	canonical	1	796	741	0	0	1	1	1	1	1	1	1	97.2	87.6	2.0	DPP6	51.4	1.0
DPP4	canonical	1	766	739	0	0	1	1	1	1	0	1	1	98.0	84.5	2.0	FAP	52.5	2.0
DRD1	canonical	7	446	89	0	1	0	1	1	0	0	1	0	99.8	91.0		DRD5	32.0	1.0
DRD2	canonical	7	443	74	0	1	0	1	1	0	0	0	0	99.3	95.7		ADRA2B	25.7	
DRD3	canonical	7	400	77	0	1	0	1	1	0	0	0	0	98.2	90.2		DRD4	33.7	
DRD4	canonical	7	419	83	0	1	0	1	0	0	0	0	0		72.8		DRD3	32.5	
DRD5	canonical	7	477	122	0	1	0	1	1	0	0	0	0	91.6	82.8		DRD1	30.3	
DSC2	canonical	1	901	665	1	1	0	1	1	0	0	1	1	90.1	75.7		DSC3	63.6	3.0
DSCAM	canonical	1	2012	1578	1	1	0	1	1	0	1	1	1	99.7	98.4		DSCAML1	63.8	11.0
DSG1	canonical	1	1049	527	1	1	0	0	1	0	1	1	1	91.3			DSG4	48.5	3.0
DSG2	canonical	1	1118	591	1	1	0	1	1	0	0	1	1	96.1	76.8		DSG1	39.6	4.0
DUOX1	canonical	7	1551	623	1	1	0	1	1	0	0	0	1	94.4	91.0		DUOX2	80.4	
DUOX2	canonical	7	1548	626	1	1	0	1	1	0	0	1	1	96.6	84.9		DUOX1	80.5	1.0
DYNAP	canonical	1	184	76	0	0	1	0	1	0	0	0	0	61.4					
EBAG9	canonical	0	213	0	0	0	0	1	1	0	0	0	0	99.1	97.7				
ECE1	canonical	1	770	681	0	0	1	1	1	1	0	1	1	98.2	93.8	2.0	ECE2	65.7	3.0
ECRG4	canonical	0	148	117	1	1	1	1	1	0	0	0	0	98.6	83.8				
EDA2R	canonical	1	297	139	0	1	0	1	1	0	0	1	1	93.3	80.1		TNFRSF19	49.6	1.0
EDIL3	canonical	0	480	457	1	1	1	1	1	0	0	0	1	90.2	95.6		MFGE8	44.6	
EDNRA	canonical	7	427	116	1	1	0	1	1	0	1	0	0	99.1	92.3		EDNRB	34.4	
EDNRB	canonical	7	442	125	1	1	0	1	1	0	1	0	0	98.2	88.9		EDNRA	32.8	
EFNA1	canonical	0	205	187	1	1	1	1	0	0	0	1	1		85.9		EFNA5	42.3	1.0
EFNA3	canonical	0	238	214	1	1	1	1	1	0	0	1	1	100.0	93.3		EFNA2	43.5	3.0
EFNA4	canonical	0	201	178	1	1	1	1	1	0	0	1	1	98.0	84.1		EFNA2	44.4	2.0
EFNA5	canonical	0	228	208	1	1	1	1	1	0	0	1	1	99.6	99.1		EFNA2	49.5	1.0
EFNB1	canonical	1	346	212	1	1	0	1	1	0	0	1	1	91.0	95.7		EFNB2	50.0	1.0
EFNB2	canonical	1	333	201	1	1	0	1	1	0	0	1	1	99.1	96.7		EFNB1	50.0	2.0
EFNB3	canonical	1	340	200	1	1	0	1	1	0	0	1	1	99.1	95.6		EFNB1	42.0	3.0
EGFR	canonical	1	1210	621	1	1	0	1	1	0	1	1	1	99.3	90.5		ERBB4	48.5	5.0
EMB	canonical	1	327	230	1	1	0	1	1	0	0	1	0	93.3	64.5		BSG	22.8	2.0
EMP1	canonical	4	157	57	0	0	0	1	0	0	1	0	0		77.1		EMP2	34.4	
EMP2	canonical	4	167	64	0	0	0	1	0	0	0	1	0		77.8		EMP1	32.8	1.0
EMP3	canonical	4	163	56	0	0	0	1	1	1	0	0	0	73.6	92.0	2.0	EMP2	31.2	
ENG	canonical	1	658	567	1	1	0	1	1	0	0	1	0	87.4	71.6		TGFBR3L	13.9	3.0
ENOX1	canonical	0	643	0	0	0	0	1	1	1	0	0	0	99.8	97.7	2.0			
ENOX2	canonical	0	610	0	0	0	0	1	1	1	0	0	0	99.3	94.5	2.0			
ENPEP	canonical	1	957	918	0	0	1	1	1	0	0	1	0	97.6	77.2		ANPEP	36.3	2.0
ENPP1	canonical	1	925	828	0	0	1	1	1	0	0	1	1	98.2	78.5		ENPP3	54.3	2.0
ENPP3	canonical	1	875	831	0	0	1	1	1	0	0	0	1	96.7	80.8		ENPP1	54.3	
ENPP4	canonical	1	453	389	1	1	0	1	1	0	0	1	1	97.6	82.3		ENPP5	50.4	1.0
ENPP5	canonical	1	477	409	1	1	0	1	1	0	0	1	1	96.0	81.8		ENPP4	50.1	2.0
ENTPD1	canonical	2	510	440	0	0	0	1	0	0	1	1	1		75.5		ENTPD8	46.1	1.0
ENTPD2	canonical	1	495	436	1	1	0	1	1	1	0	0	1	96.8	83.4	2.0	ENTPD8	45.7	
ENTPD3	canonical	2	529	446	0	0	0	1	1	0	1	1	1	97.9	81.3		ENTPD2	42.6	1.0
ENTPD8	canonical	2	495	438	0	0	0	1	1	1	0	0	1	94.3	74.3	2.0	ENTPD1	46.1	
EPCAM	canonical	1	314	244	1	1	0	1	1	0	0	1	1	80.3	81.5		TACSTD2	49.2	1.0
EPGN	canonical	1	154	90	1	1	0	1	1	0	1	0	0	98.1	77.3		HBEGF	24.6	
EPHA1	canonical	1	976	522	1	1	0	1	1	0	1	1	1	96.5	88.2		LMTK2	30.5	4.0
EPHA10	canonical	1	1008	532	1	1	0	1	0	0	1	1	1		92.7		EPHA7	55.8	4.0
EPHA2	canonical	1	976	517	1	1	0	1	1	0	1	1	1	97.5	92.9		EPHA1	47.5	4.0
EPHA3	canonical	1	983	521	1	1	0	1	1	0	1	1	1	98.9	96.5		EPHA5	65.1	4.0
EPHA4	canonical	1	986	529	1	1	0	1	1	0	0	1	1	99.9	98.6		EPHA5	61.2	2.0
EPHA5	canonical	1	1037	518	1	1	0	1	1	0	0	1	1	99.3	96.3		EPHA3	64.9	5.0
EPHA6	canonical	1	1036	531	1	1	0	1	1	0	0	1	1	99.2	95.2		EPHA3	63.1	1.0
EPHA7	canonical	1	998	530	1	1	0	1	1	0	1	1	1	99.9	98.1		EPHA5	60.4	5.0
EPHA8	canonical	1	1005	514	1	1	0	1	1	0	1	1	1	75.0	95.1		EPHA3	58.5	4.0
EPHB2	canonical	1	1055	524	1	1	0	1	1	0	0	1	1	99.9	99.5		EPHB1	68.7	4.0
EPHB3	canonical	1	998	521	1	1	0	1	1	0	0	1	1	99.6	96.4		LMTK2	25.1	3.0
EPHB4	canonical	1	987	525	1	1	0	1	1	0	1	1	1	99.4	92.9		EPHB3	45.7	3.0
EPHB6	canonical	1	1021	568	1	1	0	1	0	0	1	1	1		91.9		LMTK2	25.5	2.0
EPOR	canonical	1	508	225	1	1	0	1	1	0	1	1	0	96.7	81.7		CSF2RB	17.3	2.0
ERBB2	canonical	1	1255	632	1	1	0	1	1	0	1	1	1	97.0	87.6		ERBB3	44.0	3.0
ERBB3	canonical	1	1342	624	1	1	0	1	1	0	1	1	1	98.8	90.7		ERBB4	59.7	3.0
ERBB4	canonical	1	1308	626	1	1	0	1	1	0	0	1	1	99.6	97.3		ERBB3	59.4	1.0
ERV3-1	canonical	0	604	582	1	1	1	0	0	1	0	0	0			2.0	ERVW-1	21.3	
ESAM	canonical	1	390	219	1	1	0	1	1	0	0	1	0	95.9	72.8		GPA33	33.8	3.0
EVI2B	canonical	1	448	181	1	1	0	1	1	0	0	0	0	91.5	57.6				
F11R	canonical	1	299	210	1	1	0	1	1	0	0	1	0	92.6	69.2		JAM2	38.4	2.0
F2R	canonical	7	425	131	1	1	0	1	1	0	0	0	0	98.1	79.1		P2RY8	19.1	
F2RL1	canonical	7	397	101	1	1	0	1	1	0	0	0	0	95.7	83.6		F2RL2	31.5	
F2RL2	canonical	7	374	127	1	1	0	1	1	0	0	0	0	98.4	69.5		P2RY8	22.0	
F2RL3	canonical	7	385	121	1	1	0	1	0	0	0	0	0		76.6		GPR17	26.4	
F3	canonical	1	295	219	1	1	0	1	1	0	1	1	0	86.4	52.9		IFNAR2	30.6	1.0
FAM171A1	canonical	1	890	282	1	1	0	1	1	0	0	1	1	98.7	92.1		FAM171A2	45.0	3.0
FAP	canonical	1	760	734	0	0	1	1	1	1	1	1	1	92.9	89.6	2.0	DPP4	52.5	2.0
FAS	canonical	1	335	148	1	1	0	0	0	0	1	0	0				TNFRSF10A	24.3	
FASLG	canonical	1	281	179	0	0	1	1	1	1	0	1	0	97.5	76.5	3.0	TNFSF15	33.3	1.0
FAT1	canonical	1	4588	4159	1	1	0	1	1	0	0	1	1	96.1	88.2		FAT3	53.5	8.0
FAT2	canonical	1	4349	4030	1	1	0	1	1	0	0	1	1	97.3	82.0		FAT1	44.7	7.0
FAT4	canonical	1	4981	4464	1	1	0	1	1	0	0	1	0	98.7	91.4		CELSR2	15.9	7.0
FBLN7	canonical	0	439	415	1	1	1	1	1	0	0	0	0	95.9	85.0		CD93	25.1	
FCAMR	canonical	1	532	432	1	1	0	0	1	0	1	1	0	85.1			CD300A	18.5	1.0
FCAR	canonical	1	287	206	1	1	0	0	0	0	1	1	0				LILRA1	22.5	1.0
FCER1A	canonical	1	257	178	1	1	0	0	1	0	0	1	0	91.8			FCRL5	9.0	1.0
FCER2	canonical	1	321	277	0	0	1	1	1	1	0	0	0	89.7	55.8	2.0	CLEC17A	30.0	
FCGR1A	canonical	1	374	277	1	1	0	1	1	0	0	1	0	89.6	65.8		FCGR2B	33.6	1.0
FCGR2A	canonical	1	317	185	1	1	0	0	0	0	0	1	1				FCGR2B	91.4	2.0
FCGR2B	canonical	1	310	178	1	1	0	0	0	0	0	1	1				FCGR2C	97.8	1.0
FCGR2C	canonical	1	323	182	1	1	0	0	0	0	1	1	1				FCGR2B	100.0	1.0
FCGR3A	canonical	1	254	189	1	1	0	0	0	0	0	1	1				FCGR3B	96.3	1.0
FCGR3B	canonical	1	233	186	1	1	0	0	0	0	0	1	1				FCGR3A	94.7	1.0
FCMR	canonical	1	390	235	1	1	0	1	1	0	1	0	0	72.8	59.0		CD300H	21.7	
FCRL1	canonical	1	429	292	1	1	0	0	1	0	1	1	1	91.8			FCRL2	48.8	2.0
FCRL2	canonical	1	508	385	1	1	0	0	0	0	1	1	1				FCRL1	48.8	2.0
FCRL3	canonical	1	734	561	1	1	0	0	1	0	1	1	1	74.8			FCRL1	32.6	3.0
FCRL5	canonical	1	977	832	1	1	0	0	1	0	1	1	0	88.8			FCRL1	19.7	8.0
FFAR1	canonical	7	300	61	0	1	0	1	1	0	0	0	0	95.0	83.0		GPR42	33.8	
FFAR2	canonical	7	330	57	0	1	0	1	1	0	0	0	0	96.7	84.5		GPR42	32.3	
FFAR3	canonical	7	346	65	0	1	0	0	0	1	0	0	1			2.0	GPR42	98.5	
FFAR4	canonical	7	361	98	0	1	0	1	1	0	0	0	0	97.8	86.4		HCRTR1	27.6	
FGFR1	canonical	1	822	353	1	1	0	1	1	0	1	0	1	93.4	98.4		FGFR2	62.1	
FGFR2	canonical	1	821	356	1	1	0	1	1	0	1	1	1	96.7	97.6		FGFR1	62.6	1.0
FGFR3	canonical	1	806	354	1	1	0	1	1	0	0	1	1	95.2	88.7		FGFR2	59.3	1.0
FGFR4	canonical	1	802	348	1	1	0	1	0	0	0	1	1		90.1		FGFR3	56.5	1.0
FGFRL1	canonical	1	504	355	1	1	0	1	0	0	0	1	0		85.9				2.0
FGL2	canonical	0	439	416	1	1	1	1	1	0	0	0	0	99.1	77.2		TNXB	4.5	
FIBCD1	canonical	1	461	410	0	0	1	1	1	0	1	0	0	88.9	90.2		MFAP4	31.5	
FLRT1	canonical	1	674	503	1	1	0	1	1	0	0	1	1	99.0	96.1		FLRT3	61.0	1.0
FLRT2	canonical	1	660	506	1	1	0	1	1	0	0	1	1	99.5	97.3		FLRT1	47.6	3.0
FLRT3	canonical	1	649	501	1	1	0	1	1	0	0	1	1	99.8	96.3		FLRT1	60.8	1.0
FLT1	canonical	1	1338	732	1	1	0	1	1	0	1	1	0	94.2	81.7		LMTK2	21.7	5.0
FLT3	canonical	1	993	514	1	1	0	1	1	0	0	1	0	96.6	86.1		ROS1	9.7	3.0
FLT3LG	canonical	1	235	159	1	1	0	1	0	1	1	1	0		67.7	2.0			1.0
FLT4	canonical	1	1363	752	1	1	0	1	1	0	1	1	0	96.6	87.5		KDR	37.2	4.0
FLVCR1	canonical	12	555	70	0	0	0	1	1	0	1	0	1	97.7	79.1		FLVCR2	51.4	
FN1	canonical	0	2477	2451	1	1	1	1	1	0	0	0	0	98.8	92.0		FGL1	5.7	
FOLH1	canonical	1	750	707	0	0	1	1	1	1	1	1	1	97.6	85.2	2.0	NAALAD2	70.1	1.0
FOLR1	canonical	0	257	235	1	1	1	0	1	0	0	1	1	97.3			FOLR2	76.2	1.0
FOLR2	canonical	0	255	234	1	1	1	1	1	0	0	1	1	96.1	76.9		FOLR3	79.9	2.0
FPR1	canonical	7	350	104	0	1	0	1	1	1	0	0	1	89.1	76.0	2.0	FPR2	51.4	
FPR2	canonical	7	351	107	0	1	0	0	1	1	0	0	1	95.7		2.0	FPR3	68.2	
FPR3	canonical	7	353	107	0	1	0	0	1	1	0	0	1	87.8		2.0	FPR2	68.2	
FSTL1	canonical	0	308	288	1	1	1	1	1	0	0	0	0	99.7	91.9		SPINK5	10.6	
FXYD1	canonical	1	92	17	1	1	0	1	0	0	0	0	1		82.6		FXYD6	55.0	
FXYD3	canonical	1	87	16	1	1	0	1	1	0	1	0	1	90.8	73.6		FXYD4	42.9	
FXYD5	canonical	1	178	124	1	1	0	0	1	0	0	0	0	91.0			FXYD6	9.7	
FXYD6	canonical	1	95	20	1	1	0	1	1	0	0	0	1	83.2	92.6		FXYD1	60.0	
FZD1	canonical	8	647	348	0	0	0	1	1	0	0	0	1	81.6	93.8		FZD7	66.4	
FZD10	canonical	7	581	289	1	1	0	1	0	0	0	0	1		92.9		FZD9	63.6	
FZD2	canonical	7	565	305	1	1	0	1	1	0	0	0	1	100.0	99.3		FZD7	74.8	
FZD3	canonical	7	666	268	1	1	0	1	1	0	0	0	1	99.4	98.2		FZD6	53.0	
FZD4	canonical	7	537	245	1	1	0	1	1	0	0	0	0	97.6	97.0		FZD10	37.0	
FZD5	canonical	7	585	282	1	1	0	1	0	0	0	1	1		96.6		FZD8	52.7	1.0
FZD6	canonical	7	706	265	1	1	0	1	1	0	0	0	1	98.4	83.6		FZD3	52.2	
FZD7	canonical	7	574	309	1	1	0	1	0	0	0	0	1		96.5		FZD2	75.4	
FZD8	canonical	7	694	368	1	1	0	1	0	0	0	1	1		95.7		FZD5	54.3	1.0
FZD9	canonical	7	591	291	1	1	0	1	0	0	0	0	1		95.8		FZD10	63.2	
GABBR1	canonical	7	961	624	1	1	0	1	1	1	1	1	0	99.8	98.6	2.0	GABBR2	27.7	2.0
GABBR2	canonical	7	941	490	1	1	0	1	1	0	0	0	0	99.5	98.0		GABBR1	27.9	
GABRA1	canonical	4	456	248	1	1	1	1	1	1	0	1	1	99.8	98.5	5.0	GABRA2	79.4	1.0
GABRA2	canonical	4	451	244	1	1	1	1	1	1	0	1	1	99.8	97.8	5.0	GABRA1	79.4	2.0
GABRA3	canonical	4	492	272	1	1	1	1	1	1	0	1	1	99.6	96.1	5.0	GABRA2	72.4	1.0
GABRA4	canonical	4	554	245	1	1	1	1	1	1	0	1	1	98.6	90.4	5.0	GABRA6	82.0	2.0
GABRA5	canonical	4	462	251	1	1	1	1	1	1	0	1	1	94.2	95.5	5.0	GABRA3	71.7	1.0
GABRA6	canonical	4	453	245	1	1	1	1	1	1	0	1	1	98.2	91.4	5.0	GABRA4	82.0	1.0
GABRB1	canonical	4	474	229	1	1	1	1	1	1	1	1	1	99.6	98.1	5.0	GABRB2	89.2	2.0
GABRB2	canonical	4	512	231	1	1	1	1	1	1	1	1	1	100.0	92.4	5.0	GABRB3	90.1	2.0
GABRB3	canonical	4	473	232	1	1	1	1	1	1	0	1	1	81.6	97.3	5.0	GABRB2	90.5	2.0
GABRD	canonical	4	452	238	1	1	1	1	0	1	0	1	1		92.0	5.0	GABRP	47.1	1.0
GABRE	canonical	4	506	270	1	1	1	0	0	1	1	0	1			5.0	GABRG3	50.4	
GABRG1	canonical	4	465	249	1	1	1	1	1	1	0	0	1	92.5	95.3	5.0	GABRG2	79.5	
GABRG2	canonical	4	475	247	1	1	1	1	1	1	0	0	1	99.8	98.9	5.0	GABRG1	79.5	
GABRG3	canonical	4	467	250	1	1	1	1	1	1	1	0	1	99.4	95.9	6.0	GABRG2	73.2	
GABRP	canonical	4	440	233	1	1	1	1	1	1	0	1	1	99.1	92.7	5.0	GABRB3	47.6	2.0
GABRR1	canonical	4	479	273	1	1	1	1	0	1	0	1	1		93.7	5.0	GABRR2	74.0	1.0
GABRR2	canonical	4	465	254	1	1	1	1	1	1	0	1	1	98.7	90.1	5.0	GABRR1	73.3	1.0
GALR1	canonical	7	349	92	0	1	0	1	1	0	0	0	0	93.7	91.7		CCKBR	27.8	
GALR2	canonical	7	387	80	0	1	0	1	1	0	0	0	0	95.3	81.4		CXCR3	23.2	
GALR3	canonical	7	368	71	0	1	0	1	0	0	0	0	0		90.5		CCKBR	18.5	
GAS1	canonical	0	345	306	1	1	1	1	0	0	0	1	0		84.1				3.0
GCGR	canonical	7	477	159	1	1	0	1	0	0	0	0	0		81.8		ADGRG4	2.4	
GDPD2	canonical	6	539	318	0	0	0	1	1	0	1	1	1	98.1	84.8		GDPD5	47.8	1.0
GDPD5	canonical	6	605	322	0	0	0	1	1	0	1	1	1	98.2	90.6		GDPD2	47.5	1.0
GFRA1	canonical	0	465	442	1	1	1	1	1	0	0	1	1	98.5	93.3		GFRA2	50.1	3.0
GFRA2	canonical	0	464	443	1	1	1	1	1	0	0	1	1	99.8	93.8		GFRA1	50.3	2.0
GFRA3	canonical	0	400	369	1	1	1	1	1	0	0	1	0	79.2	76.0		GFRA1	32.4	3.0
GGT1	canonical	1	569	544	0	0	1	0	0	0	1	1	1				GGTLC1	39.7	1.0
GGT5	canonical	1	586	557	0	0	1	1	1	0	0	0	1	93.5	78.2		GGT1	40.6	
GGT7	canonical	1	662	535	0	0	1	1	1	0	1	1	0	98.2	96.2		GGTLC1	12.7	2.0
GHR	canonical	1	638	248	1	1	0	1	1	0	0	1	0	94.8	69.6		LEPR	9.5	1.0
GHRHR	canonical	7	423	145	1	1	0	1	1	0	0	1	0	95.3	81.6		ADGRG4	2.4	1.0
GHSR	canonical	7	366	107	0	1	0	1	1	0	1	0	0	98.4	95.4		MLNR	28.8	
GIPR	canonical	7	466	158	1	1	0	1	1	0	0	0	1	97.0	78.8		ADGRG4	2.0	
GJA10	canonical	4	543	55	0	0	0	1	1	1	0	0	1	86.7	73.5	7.0	GJA8	70.2	
GJA4	canonical	4	333	60	0	0	0	1	1	0	0	0	1	98.8	88.9		GJA8	73.3	
GJA9	canonical	4	515	58	0	0	0	0	1	1	0	0	1	96.9		10.0	GJA3	72.4	
GJB1	canonical	4	283	61	0	0	0	1	1	1	0	0	1	100.0	98.6	7.0	GJB2	73.8	
GJB2	canonical	4	226	60	0	0	0	1	1	0	0	0	1	98.2	92.9		GJA8	73.3	
GJB6	canonical	4	261	63	0	0	0	1	1	1	0	0	1	97.3	95.4	6.0	GJB2	73.0	
GJB7	canonical	4	223	63	0	0	0	0	0	1	0	0	1			6.0	GJB2	66.7	
GLIPR1	canonical	1	266	214	1	1	0	1	1	0	1	1	1	88.3	68.8		CRISPLD1	19.7	1.0
GLP1R	canonical	7	463	163	1	1	0	1	1	0	0	0	0	95.2	92.0		ADGRG4	2.5	
GLP2R	canonical	7	553	229	0	1	0	1	1	0	0	0	0	96.7	75.0		ADGRG4	3.6	
GLRA1	canonical	4	457	249	1	1	1	1	1	1	0	1	1	99.8	98.9	5.0	GLRA3	88.8	1.0
GLRA2	canonical	4	452	251	1	1	1	1	1	1	0	1	1	99.8	98.7	5.0	GLRA3	86.9	1.0
GLRA3	canonical	4	464	251	1	1	1	1	1	1	0	1	1	100.0	98.9	5.0	GLRA1	88.8	1.0
GLRB	canonical	4	497	259	1	1	1	1	1	1	1	1	1	99.8	96.8	5.0	GLRA3	57.9	2.0
GNRHR	canonical	7	328	90	0	1	0	1	1	0	1	0	0	97.6	89.3		GALR3	20.0	
GP1BB	canonical	1	206	124	1	1	0	1	0	0	0	1	1		87.4		GP9	41.7	1.0
GP2	canonical	0	537	509	1	1	1	1	1	0	0	1	1	93.1	61.4		UMOD	43.6	4.0
GP6	canonical	1	339	249	1	1	0	1	1	0	0	1	1	78.5	62.2		LILRB1	26.0	2.0
GPA33	canonical	1	319	215	1	1	0	1	1	1	0	1	0	87.8	63.6	2.0	CLMP	34.9	3.0
GPBAR1	canonical	7	330	64	0	1	0	1	0	0	0	0	0		83.3				
GPC1	canonical	0	558	535	1	1	1	1	1	0	0	1	1	97.0	88.5		GPC6	47.5	2.0
GPC2	canonical	0	579	553	1	1	1	1	1	0	0	1	1	97.1	82.2		GPC6	42.5	1.0
GPC3	canonical	0	580	556	1	1	1	1	1	0	0	1	1	99.1	94.0		GPC5	42.6	2.0
GPC4	canonical	0	556	534	1	1	1	1	1	0	0	1	1	99.1	94.8		GPC6	65.5	3.0
GPC5	canonical	0	572	548	1	1	1	1	1	0	0	1	1	96.7	85.7		GPC3	42.6	4.0
GPC6	canonical	0	555	532	1	1	1	1	1	0	0	1	1	99.1	96.8		GPC4	65.4	2.0
GPM6A	canonical	4	278	91	0	0	0	1	1	1	0	0	0	79.1	98.9	2.0	GPM6B	36.8	
GPM6B	canonical	4	265	95	0	0	0	1	1	1	0	0	1	95.7	98.2	2.0	PLP1	47.4	
GPNMB	canonical	1	572	478	1	1	0	1	1	0	0	1	0	96.1	71.6		PMEL	28.0	1.0
GPR101	canonical	7	508	77	0	1	0	1	1	0	0	0	0	95.9	71.1		ADRA1D	15.6	
GPR119	canonical	7	335	54	0	1	0	1	1	0	0	0	0	96.1	82.1		S1PR1	12.7	
GPR12	canonical	7	334	85	0	1	0	1	1	0	0	0	0	65.9	93.7		GPR6	31.2	
GPR132	canonical	7	380	91	0	1	0	0	0	0	1	0	0				GPR174	18.7	
GPR135	canonical	7	494	165	0	1	0	1	0	0	0	0	0		76.9		GPR62	15.8	
GPR142	canonical	7	462	205	0	1	0	1	1	0	0	0	0	88.0	67.9		GPR139	13.7	
GPR146	canonical	7	333	83	0	1	0	1	1	1	0	0	0	96.4	74.2	2.0	P2RY11	21.5	
GPR15	canonical	7	360	83	0	1	0	1	1	0	0	0	0	97.5	76.4		GPR25	21.6	
GPR153	canonical	7	609	68	0	1	0	1	1	0	0	0	1	87.0	87.8		GPR162	54.3	
GPR158	canonical	7	1215	439	1	1	0	1	1	0	0	0	0	96.8	86.2		GPR179	39.0	
GPR160	canonical	7	338	76	0	1	0	1	1	0	0	0	0	96.4	66.0				
GPR171	canonical	7	319	77	0	1	0	1	1	0	0	1	0	99.4	89.7		P2RY12	35.2	1.0
GPR173	canonical	7	373	79	0	1	0	1	1	0	0	0	1	100.0	99.5		GPR85	52.5	
GPR176	canonical	7	515	96	0	1	0	1	1	0	0	0	0	98.6	90.3		GPR135	17.0	
GPR18	canonical	7	331	68	0	1	0	1	1	0	0	0	0	97.9	85.8		F2R	13.7	
GPR183	canonical	7	361	90	0	1	0	1	1	0	0	0	0	99.4	87.0		GPR174	26.7	
GPR20	canonical	7	358	84	0	1	0	1	1	0	0	0	0	90.5	82.7		LPAR6	19.0	
GPR21	canonical	7	349	74	0	1	0	1	0	0	0	0	1		91.1		GPR52	48.2	
GPR25	canonical	7	361	97	0	1	0	1	0	0	0	0	0		74.8		AGTR1	26.8	
GPR3	canonical	7	330	78	0	1	0	1	1	0	0	0	0	99.4	93.6		GPR6	24.1	
GPR31	canonical	7	319	66	0	1	0	1	0	0	0	1	0		61.1		P2RY1	11.8	1.0
GPR32	canonical	7	356	110	0	1	0	0	1	0	0	0	0	88.5			C3AR1	10.3	
GPR34	canonical	7	381	110	0	1	0	1	1	0	0	0	0	98.7	89.8		PTAFR	20.0	
GPR35	canonical	7	309	62	0	1	0	1	0	0	0	0	0		72.5		GPR55	24.3	
GPR37L1	canonical	7	481	175	1	1	0	1	1	0	0	0	0	98.8	90.9		GPR37	23.9	
GPR39	canonical	7	453	117	0	1	0	1	1	0	0	0	0	61.4	81.7		NTSR2	25.6	
GPR4	canonical	7	362	73	0	1	0	1	0	0	0	0	0		92.3		LPAR4	23.3	
GPR50	canonical	7	617	84	0	1	0	1	1	0	0	0	0	95.6	70.5		MTNR1A	34.5	
GPR52	canonical	7	361	85	0	1	0	1	0	0	0	0	1		95.6		GPR21	47.1	
GPR55	canonical	7	319	74	0	1	0	1	1	1	0	0	0	96.9	77.1	2.0	GPR35	27.0	
GPR61	canonical	7	451	102	0	1	0	1	0	0	0	0	0		96.0		GPR135	20.0	
GPR63	canonical	7	419	142	0	1	0	1	1	0	0	0	0	98.8	92.4		GPR45	30.3	
GPR65	canonical	7	337	73	0	1	0	1	1	0	0	0	0	96.1	78.6		GPR4	30.1	
GPR68	canonical	7	365	74	0	1	0	1	1	0	0	0	0	87.1	92.1		LPAR5	26.7	
GPR75	canonical	7	540	89	0	1	0	1	1	0	0	0	0	99.1	88.0		OR9G1	35.7	
GPR83	canonical	7	423	113	1	1	0	1	0	0	0	0	0		89.4		TACR3	22.3	
GPR84	canonical	7	396	66	0	1	0	0	1	0	0	0	0	95.2			TAAR2	21.4	
GPR87	canonical	7	358	105	0	1	0	1	1	0	0	0	0	98.6	91.3		P2RY12	30.5	
GPRC5A	canonical	7	357	73	0	1	0	1	1	0	0	0	0	88.5	75.4		GPRC5C	32.2	
GPRC5B	canonical	7	403	77	1	1	0	1	1	0	0	0	0	99.5	84.1		GPRC5C	31.1	
GPRC5C	canonical	7	441	90	1	1	0	1	1	0	0	0	0	95.2	88.0		GPRC5B	31.1	
GPRC5D	canonical	7	345	70	0	1	0	1	1	0	0	1	0	83.2	81.2		GPRC5A	32.9	1.0
GPRC6A	canonical	7	926	617	1	1	0	1	1	1	0	1	0	96.2	80.1	2.0	CASR	31.8	1.0
GREM1	canonical	0	184	160	1	1	1	1	1	0	0	0	1	100.0	97.8		GREM2	56.9	
GRIA1	canonical	3	906	687	1	1	0	1	1	1	0	1	1	97.6	97.9	2.0	GRIA2	70.2	4.0
GRIA2	canonical	3	883	688	1	1	0	1	1	1	0	1	1	99.9	99.8	2.0	GRIA4	71.1	4.0
GRIA3	canonical	3	894	693	1	1	0	1	1	1	0	1	1	98.9	98.9	2.0	GRIA4	73.3	4.0
GRIA4	canonical	3	902	692	1	1	0	1	1	1	1	1	1	95.2	98.6	2.0	GRIA3	73.3	2.0
GRIK1	canonical	3	918	703	1	1	0	1	1	1	0	1	1	99.9	96.0	2.0	GRIK2	79.7	2.0
GRIK2	canonical	3	908	691	1	1	0	1	1	1	1	1	1	100.0	99.0	2.0	GRIK1	79.7	4.0
GRIK3	canonical	3	919	692	1	1	0	1	1	1	0	1	1	99.8	99.0	2.0	GRIK2	80.5	4.0
GRIK4	canonical	3	956	685	1	1	0	1	1	1	0	1	1	86.4	97.9	2.0	GRIK5	73.6	3.0
GRIK5	canonical	3	980	689	1	1	0	1	1	1	0	1	1	94.8	98.9	2.0	GRIK4	73.4	1.0
GRIN1	canonical	3	938	701	1	1	0	1	1	0	0	1	0	85.5	99.0		GRIN3A	26.4	2.0
GRIN2A	canonical	3	1464	698	1	1	0	1	1	0	0	1	1	85.1	95.3		GRIN2B	68.7	4.0
GRIN2B	canonical	3	1484	699	1	1	0	1	1	0	0	1	1	99.9	98.5		GRIN2A	68.7	4.0
GRIN2C	canonical	3	1233	704	1	1	0	1	1	0	0	1	1	76.2	88.9		GRIN2D	60.3	3.0
GRIN3A	canonical	3	1115	819	1	1	0	1	1	0	0	1	1	97.8	93.4		GRIN3B	49.7	5.0
GRM1	canonical	7	1194	597	1	1	0	1	0	0	0	1	1		94.4		GRM5	71.2	2.0
GRM2	canonical	7	872	592	1	1	0	1	1	1	0	1	1	99.3	97.5	2.0	GRM3	67.4	2.0
GRM3	canonical	7	879	592	1	1	0	1	1	1	1	1	1	99.5	96.7	2.0	GRM2	67.2	1.0
GRM4	canonical	7	912	606	1	1	0	1	1	1	0	1	1	99.8	97.1	2.0	GRM8	74.1	2.0
GRM5	canonical	7	1212	593	1	1	0	1	1	0	0	1	1	99.2	95.4		GRM1	71.2	1.0
GRM8	canonical	7	908	601	1	1	0	1	1	1	1	1	1	98.0	98.5	2.0	GRM4	74.1	2.0
GRPR	canonical	7	384	100	0	1	0	1	1	0	0	0	1	99.0	90.1		BRS3	40.0	
GYPB	canonical	1	91	41	1	1	0	0	0	0	0	0	1				GYPA	44.6	
HAPLN1	canonical	0	354	339	1	1	1	1	1	1	0	0	0	97.7	96.3	2.0	HAPLN3	51.9	
HAS3	canonical	8	553	30	0	0	0	1	1	0	1	0	1	99.5	97.1		HAS2	60.0	
HAVCR1	canonical	1	364	275	1	1	0	0	1	0	0	0	0	77.7			TIMD4	37.9	
HAVCR2	canonical	1	301	181	1	1	0	1	1	0	1	1	0	85.7	60.8		TIMD4	24.8	1.0
HBEGF	canonical	1	208	138	1	1	0	1	1	0	0	0	0	87.0	80.8		EPGN	24.6	
HCAR1	canonical	7	346	69	0	1	0	1	1	0	0	0	0	95.7	79.8		HCAR3	32.9	
HCAR2	canonical	7	363	81	0	1	0	0	0	0	0	0	1				HCAR3	85.9	
HCAR3	canonical	7	387	85	0	1	0	0	0	1	0	1	1			2.0	HCAR2	89.4	1.0
HCN1	canonical	6	890	90	0	0	0	1	1	1	0	0	1	97.9	95.2	4.0	HCN4	84.4	
HCN2	canonical	6	889	90	0	0	0	1	0	1	0	0	1		91.8	4.0	HCN4	83.3	
HCN3	canonical	6	774	89	0	0	0	1	1	0	0	0	1	97.8	95.1		HCN4	83.1	
HCN4	canonical	6	1203	87	0	0	0	1	1	0	0	0	1	96.3	95.1		HCN3	83.1	
HCRTR1	canonical	7	425	96	0	1	0	1	1	0	0	0	1	97.6	91.8		HCRTR2	57.1	
HCRTR2	canonical	7	444	98	0	1	0	1	0	0	0	1	1		94.4		HCRTR1	53.1	1.0
HCST	canonical	1	93	30	1	1	0	1	1	0	0	0	0	96.8	66.7				
HEG1	canonical	1	1381	1219	1	1	0	1	1	0	1	1	0	86.6	61.2				2.0
HEPACAM	canonical	1	416	207	1	1	0	1	1	0	0	1	0	90.4	94.7		HEPACAM2	21.3	2.0
HFE	canonical	1	348	286	1	1	0	1	1	0	1	1	1	94.3	68.4		HLA-A	40.2	2.0
HHIP	canonical	0	700	677	1	1	1	1	1	0	0	0	0	96.4	94.3		HHIPL1	29.2	
HHLA2	canonical	1	414	323	1	1	0	0	1	0	0	1	0	82.4			VTCN1	24.5	1.0
HJV	canonical	0	426	391	1	1	1	1	1	0	0	1	1	98.4	87.1		RGMA	50.4	3.0
HLA-A	canonical	1	365	283	1	1	0	0	0	0	0	0	1				HLA-B	86.4	
HLA-B	canonical	1	362	286	1	1	0	0	0	1	0	0	1			2.0	HLA-C	88.1	
HLA-C	canonical	1	366	283	1	1	0	0	0	1	1	0	1			2.0	HLA-B	87.4	
HLA-DPA1	canonical	1	260	192	1	1	0	0	0	0	0	1	1				HLA-DRA	63.5	2.0
HLA-DPB1	canonical	1	258	196	1	1	0	0	0	1	0	1	1			2.0	HLA-DRB1	69.2	1.0
HLA-DQA1	canonical	1	254	194	1	1	0	0	1	0	0	0	1	72.5			HLA-DQA2	85.1	
HLA-DQB1	canonical	1	261	198	1	1	0	0	0	1	0	1	1			2.0	HLA-DQB2	81.3	1.0
HLA-DRA	canonical	1	254	192	1	1	0	1	1	0	0	1	1	95.3	68.1		HLA-DPA1	63.5	1.0
HLA-DRB1	canonical	1	266	198	1	1	0	0	0	1	0	0	1			2.0	HLA-DRB5	88.9	
HLA-DRB3	canonical	1	266	198	1	1	0	0	0	1	0	1	0			2.0			1.0
HLA-DRB4	canonical	1	266	198	1	1	0	0	0	1	0	1	0			2.0			2.0
HPN	canonical	1	417	378	0	0	1	1	1	0	0	0	0	99.0	87.8		TMPRSS15	14.9	
HPSE2	canonical	0	592	551	1	1	1	1	1	0	0	0	1	99.8	97.5		HPSE	43.9	
HRH1	canonical	7	487	76	0	1	0	1	1	0	0	0	0	95.5	77.6		CHRM1	27.3	
HRH2	canonical	7	359	71	0	1	0	1	1	0	0	0	0	98.3	82.7		DRD5	21.3	
HRH3	canonical	7	445	87	0	1	0	1	1	0	0	0	0	86.7	94.2		DRD5	23.8	
HS3ST2	canonical	1	367	330	0	0	1	1	1	0	0	0	1	99.7	95.6		HS3ST3B1	63.0	
HSPG2	canonical	0	4391	4366	1	1	1	1	1	0	0	0	0	94.6	86.1		TMEFF2	3.8	
HTR1A	canonical	7	422	86	0	1	0	1	0	0	0	0	0		88.2		CHRM2	27.9	
HTR1B	canonical	7	390	92	0	1	0	1	1	0	0	0	0	98.2	92.1		HTR1F	25.0	
HTR1D	canonical	7	377	84	0	1	0	0	1	0	0	0	0	97.3			TAAR5	31.0	
HTR1E	canonical	7	365	66	0	1	0	0	1	0	0	0	0	98.6			HTR1F	31.0	
HTR1F	canonical	7	366	71	0	1	0	1	0	0	0	0	0		94.3		HTR1E	33.8	
HTR2A	canonical	7	471	124	0	1	0	1	1	0	1	0	0	98.9	91.5		HTR2C	29.0	
HTR2B	canonical	7	481	111	0	1	0	1	1	0	0	0	0	97.9	83.2		HTR2C	32.4	
HTR2C	canonical	7	458	75	1	1	0	1	1	0	1	0	0	98.3	90.6		HTR2A	27.4	
HTR3A	canonical	4	478	235	1	1	1	1	1	1	0	1	1	97.5	85.1	5.0	HTR3B	47.7	3.0
HTR3B	canonical	4	441	231	1	1	1	1	1	1	0	0	1	93.7	72.6	5.0	HTR3A	47.7	
HTR3C	canonical	4	447	235	1	1	1	0	1	1	0	1	1	83.4		5.0	HTR3E	74.9	1.0
HTR4	canonical	7	388	80	0	1	0	1	1	0	0	0	0	88.4	87.9		TAAR2	25.5	
HTR5A	canonical	7	357	88	0	1	0	1	1	0	0	0	0	97.8	88.0		HTR2A	24.2	
HTR7	canonical	7	479	132	0	1	0	1	1	0	0	0	0	90.4	87.1		HTR5A	24.2	
HTRA1	canonical	0	480	458	1	1	1	1	1	1	0	0	1	90.6	92.3	3.0	HTRA3	57.6	
HVCN1	canonical	4	273	24	0	0	0	1	1	1	0	0	0	93.8	77.3	2.0	TPTE	10.7	
HYAL2	canonical	0	473	453	1	1	1	1	1	0	0	1	1	97.9	82.0		HYAL3	40.6	2.0
ICAM1	canonical	1	532	456	1	1	0	1	1	0	0	1	1	77.6	53.0		ICAM3	51.9	2.0
ICAM2	canonical	1	275	199	1	1	0	1	1	0	0	1	0	83.3	59.6		ICAM5	9.6	2.0
ICAM3	canonical	1	547	459	1	1	0	0	0	0	0	1	1				ICAM5	30.9	3.0
ICAM4	canonical	1	271	222	1	1	0	1	1	0	1	1	0	89.3	66.1		ICAM5	10.6	2.0
ICOS	canonical	1	199	120	1	1	0	1	1	0	0	1	0	79.4	68.3				1.0
ICOSLG	canonical	1	302	240	1	1	0	0	1	0	0	1	0	91.4			CD276	19.0	3.0
IFITM1	canonical	1	125	19	0	0	1	0	1	0	0	0	0	86.4			IFITM2	10.5	
IFNAR1	canonical	1	557	414	1	1	0	0	1	0	1	1	0	90.7			IL10RB	18.4	2.0
IFNAR2	canonical	1	515	217	1	1	0	0	0	0	1	1	0				F3	30.6	3.0
IFNGR1	canonical	1	489	229	1	1	0	1	1	0	1	1	0	91.2	50.3		IFNAR1	13.3	1.0
IFNGR2	canonical	1	337	227	1	1	0	1	1	0	0	1	0	93.8	58.8		IL20RB	28.6	2.0
IFNLR1	canonical	1	520	207	1	1	0	1	1	0	1	1	0	85.8	60.6		IL22RA2	16.9	1.0
IGDCC4	canonical	1	1250	931	1	1	0	1	1	0	0	1	1	97.0	88.2		IGDCC3	29.1	2.0
IGF1R	canonical	1	1367	905	1	1	0	1	1	0	0	1	1	97.7	96.1		INSR	53.1	5.0
IGFLR1	canonical	1	355	141	1	1	0	1	0	0	0	0	0		56.9				
IGLON5	canonical	0	336	306	1	1	1	1	0	1	0	0	1		97.9	2.0	OPCML	52.2	
IGSF11	canonical	1	431	227	1	1	0	1	1	1	0	1	0	96.8	88.6	2.0	CXADR	37.4	1.0
IGSF21	canonical	0	467	443	1	1	1	1	1	0	0	0	0	90.6	94.2		HMCN2	4.0	
IGSF3	canonical	1	1194	1105	1	1	0	1	1	0	0	1	0	98.5	92.5		VSTM4	9.5	7.0
IGSF8	canonical	1	613	552	1	1	0	1	1	0	0	1	0	81.7	87.9		IGSF3	19.3	1.0
IGSF9	canonical	1	1179	719	1	1	0	1	1	0	0	1	1	60.2	87.8		IGSF9B	50.3	6.0
IL10RA	canonical	1	578	214	1	1	0	1	1	0	0	1	0	92.2	56.1		IL22RA1	29.0	2.0
IL10RB	canonical	1	325	202	1	1	0	1	1	0	0	1	0	92.6	68.9		IFNAR1	17.6	2.0
IL11RA	canonical	1	422	346	1	1	0	0	1	0	0	1	0	96.4			EBI3	21.4	2.0
IL12RB1	canonical	1	662	523	1	1	0	0	1	0	1	1	0	94.1			EBI3	14.1	3.0
IL12RB2	canonical	1	862	596	1	1	0	1	1	0	0	1	0	93.3	66.9		IL2RG	14.4	4.0
IL13RA1	canonical	1	427	327	1	1	0	1	1	0	1	1	0	96.0	74.7		LIFR	14.2	3.0
IL13RA2	canonical	1	380	322	1	1	0	1	1	0	0	1	0	91.3	58.2		LEPR	12.6	2.0
IL15	canonical	0	162	114	1	1	1	1	1	0	0	0	0	96.3	72.8				
IL15RA	canonical	1	267	182	1	1	0	1	1	0	0	1	0	91.4	52.4				1.0
IL17RA	canonical	1	866	288	1	1	0	1	0	0	0	1	0		68.1		IL17RC	13.9	1.0
IL17RB	canonical	1	502	278	1	1	0	1	1	0	1	1	0	95.8	74.5		IL17RC	15.6	3.0
IL17RC	canonical	1	791	518	1	1	0	1	1	0	0	1	0	96.1	63.5		IL17RA	23.4	4.0
IL17RD	canonical	1	739	273	1	1	0	1	1	0	0	1	0	95.9	87.0		IL17RC	9.8	2.0
IL17RE	canonical	1	667	431	1	1	0	1	1	0	1	0	0	93.7	68.2		IL17RC	22.6	
IL18R1	canonical	1	541	310	1	1	0	1	1	0	0	1	0	95.4	63.2		SIGIRR	11.6	1.0
IL18RAP	canonical	1	599	340	1	1	0	1	1	0	1	0	0	93.8	65.1		SIGIRR	10.0	
IL1R1	canonical	1	569	317	1	1	0	1	1	0	0	1	0	95.1	68.7		SIGIRR	12.9	2.0
IL1R2	canonical	1	398	328	1	1	0	1	1	0	1	1	0	95.2	61.1		SIGIRR	21.6	2.0
IL1RAP	canonical	1	570	336	1	1	0	1	1	0	1	1	0	85.3	89.1		IL1RAPL2	34.6	1.0
IL1RL1	canonical	1	556	314	1	1	0	1	1	0	1	1	0	92.8	66.9		SIGIRR	13.1	2.0
IL1RL2	canonical	1	575	316	1	1	0	1	1	0	0	1	0	92.0	65.2		IL1R1	34.1	2.0
IL20RA	canonical	1	553	222	1	1	0	1	1	0	0	1	0	96.0	63.8		IL22RA2	31.0	2.0
IL20RB	canonical	1	311	204	1	1	0	1	1	0	1	1	0	98.7	76.5		IFNGR2	29.1	2.0
IL21R	canonical	1	538	218	1	1	0	1	1	0	0	1	0	71.4	62.3		CSF2RB	16.6	1.0
IL22RA1	canonical	1	574	211	1	1	0	1	1	0	0	1	0	95.3	72.8		IL22RA2	26.4	1.0
IL23R	canonical	1	629	332	1	1	0	1	1	0	1	1	0	94.9	68.7		PRLR	22.9	3.0
IL27RA	canonical	1	636	484	1	1	0	1	1	0	0	1	0	84.9	61.6		CRLF2	15.5	1.0
IL2RA	canonical	1	272	219	1	1	0	1	1	1	0	1	0	91.9	60.3	2.0			1.0
IL2RB	canonical	1	551	219	1	1	0	1	1	0	0	1	0	90.9	57.0		MPL	12.5	2.0
IL2RG	canonical	1	369	240	1	1	0	1	1	0	0	1	0	97.6	70.5		LEPR	9.5	2.0
IL31RA	canonical	1	732	500	1	1	0	1	1	0	1	1	0	72.4	56.5		EBI3	13.4	3.0
IL3RA	canonical	1	378	288	1	1	0	0	0	0	0	1	0				CSF2RA	31.8	1.0
IL4R	canonical	1	825	209	1	1	0	1	1	0	1	1	0	90.2	52.2		CSF2RB	16.1	2.0
IL5RA	canonical	1	420	321	1	1	0	1	1	0	1	1	0	93.8	67.9		IL3RA	28.7	1.0
IL6R	canonical	1	468	347	1	1	0	1	1	0	1	1	0	92.7	53.8		LEPR	13.4	3.0
IL6ST	canonical	1	918	595	1	1	0	1	0	0	1	1	0		77.1		GHR	15.8	2.0
IL7R	canonical	1	459	220	1	1	0	1	1	0	1	1	0	95.6	64.5		CSF2RB	14.7	1.0
IL9R	canonical	1	521	232	1	1	0	1	1	0	0	1	0	86.8	52.0		MPL	14.4	1.0
ILDR2	canonical	1	639	167	1	1	0	1	1	1	0	0	1	98.7	87.8	2.0	LSR	45.0	
INSR	canonical	1	1382	930	1	1	0	1	1	0	0	1	1	99.2	94.5		IGF1R	53.4	6.0
ITFG1	canonical	1	612	532	1	1	0	1	1	0	0	1	0	99.3	89.2				1.0
ITGA1	canonical	1	1179	1115	1	1	0	1	1	0	0	1	1	90.6	87.6		ITGA2	41.5	5.0
ITGA10	canonical	1	1167	1102	1	1	0	1	1	0	1	1	1	97.9	87.8		ITGA11	43.7	2.0
ITGA11	canonical	1	1188	1119	1	1	0	1	1	0	0	1	1	97.0	90.2		ITGA10	43.6	4.0
ITGA2	canonical	1	1181	1104	1	1	0	1	1	0	0	1	1	98.0	82.3		ITGA1	41.5	3.0
ITGA2B	canonical	1	1039	965	1	1	0	1	1	0	1	1	1	97.6	80.0		ITGA8	41.0	5.0
ITGA3	canonical	1	1051	959	1	1	0	1	1	0	0	1	0	96.1	86.9		ITGA7	37.4	4.0
ITGA4	canonical	1	1032	944	1	1	0	1	1	0	1	1	1	96.8	84.9		ITGA9	43.0	4.0
ITGA5	canonical	1	1049	958	1	1	0	1	1	0	0	1	1	94.9	90.8		ITGAV	46.8	2.0
ITGA6	canonical	1	1130	1032	1	1	0	1	1	0	0	1	1	96.0	91.2		ITGA7	49.8	3.0
ITGA7	canonical	1	1181	1050	1	1	0	1	1	0	0	1	1	98.4	87.8		ITGA6	49.8	2.0
ITGA8	canonical	1	1063	974	1	1	0	1	1	0	0	1	1	97.6	89.0		ITGAV	47.6	5.0
ITGA9	canonical	1	1035	951	1	1	0	1	1	0	0	1	1	85.7	89.6		ITGA4	43.0	3.0
ITGAD	canonical	1	1161	1085	1	1	0	1	0	0	0	1	1		72.0		ITGAX	66.3	4.0
ITGAL	canonical	1	1170	1064	1	1	0	1	1	0	0	1	0	87.2	69.8		ITGAX	35.5	3.0
ITGAM	canonical	1	1152	1091	1	1	0	1	1	0	0	1	1	89.5	73.5		ITGAX	60.9	5.0
ITGAV	canonical	1	1048	965	1	1	0	1	1	0	0	1	1	99.1	92.3		ITGA8	47.7	4.0
ITGAX	canonical	1	1163	1088	1	1	0	1	1	0	0	1	1	89.7	70.6		ITGAD	66.3	3.0
ITGB1	canonical	1	798	708	1	1	0	1	1	0	0	1	1	98.2	92.5		ITGB2	45.2	3.0
ITGB2	canonical	1	769	680	1	1	0	1	1	0	0	1	1	91.5	80.6		ITGB7	47.3	2.0
ITGB3	canonical	1	788	692	1	1	0	1	0	0	0	1	1		90.6		ITGB5	56.0	1.0
ITGB4	canonical	1	1822	695	1	1	0	1	1	0	0	1	0	94.5	88.1		ITGB1	38.1	3.0
ITGB5	canonical	1	799	698	1	1	0	1	1	0	0	1	1	98.6	91.7		ITGB3	55.9	3.0
ITGB6	canonical	1	788	688	1	1	0	1	1	0	0	1	1	97.0	90.5		ITGB3	50.3	4.0
ITGB7	canonical	1	798	708	1	1	0	1	1	0	0	1	1	86.0	86.1		ITGB2	47.3	2.0
ITGB8	canonical	1	769	642	1	1	0	1	1	0	0	1	0	99.0	87.3		ITGB6	39.1	6.0
ITM2B	canonical	1	266	191	0	0	1	1	1	0	0	1	1	98.5	95.5		ITM2C	52.9	1.0
ITPRIPL1	canonical	0	555	0	0	0	0	1	0	0	1	0	0		86.5				
JAG1	canonical	1	1218	1037	1	1	0	1	1	0	0	1	1	96.6	96.6		JAG2	57.9	6.0
JAG2	canonical	1	1238	1056	1	1	0	1	0	0	0	1	1		90.5		JAG1	57.9	7.0
JAM2	canonical	1	298	211	1	1	0	1	1	1	0	0	0	97.3	76.5	2.0	F11R	38.4	
JAM3	canonical	1	310	212	1	1	0	1	1	0	0	1	0	94.8	86.5		JAM2	36.8	1.0
JAML	canonical	1	394	256	1	1	0	0	1	0	1	0	0	93.1			MPZL2	17.2	
KCNA1	canonical	6	495	101	0	0	0	1	1	1	0	0	1	99.6	98.4	4.0	KCNA3	63.2	
KCNA10	canonical	6	511	102	0	0	0	1	1	1	0	0	1	98.0	93.7	4.0	KCNA4	57.5	
KCNA2	canonical	6	499	92	0	0	0	1	1	1	1	0	1	60.5	99.4	4.0	KCNA1	56.4	
KCNA3	canonical	6	575	106	0	0	0	1	1	1	0	0	1	81.7	88.7	4.0	KCNA6	50.3	
KCNA4	canonical	6	653	113	0	0	0	1	0	1	0	0	1		97.4	4.0	KCNA3	61.1	
KCNA5	canonical	6	613	107	0	0	0	1	0	1	0	0	1		86.3	4.0	KCNA4	53.1	
KCNA6	canonical	6	529	145	0	0	0	1	0	1	0	0	1		92.8	4.0	KCNA3	51.0	
KCNA7	canonical	6	456	96	0	0	0	1	0	1	0	0	1		94.1	4.0	KCNA4	53.1	
KCNB1	canonical	6	858	77	0	0	0	1	1	1	0	0	1	97.3	93.7	4.0	KCNB2	89.7	
KCNB2	canonical	6	911	78	0	0	0	0	1	1	0	0	1	98.6		4.0	KCNB1	91.0	
KCNC1	canonical	6	511	106	0	0	0	1	1	1	0	0	1	99.7	99.8	4.0	KCNC2	82.1	
KCNC3	canonical	6	757	93	0	0	0	1	0	1	0	0	1		92.2	4.0	KCNC4	71.0	
KCNC4	canonical	6	635	90	0	0	0	1	1	1	0	0	1	95.5	95.0	4.0	KCNC2	73.3	
KCND1	canonical	6	647	71	0	0	0	1	0	1	1	0	1		95.1	4.0	KCND2	70.4	
KCND2	canonical	6	630	70	0	0	0	1	1	1	0	0	1	99.5	99.0	4.0	KCND3	86.3	
KCND3	canonical	6	655	73	0	0	0	1	1	1	0	0	1	100.0	99.4	4.0	KCND2	91.8	
KCNE1	canonical	1	129	43	0	1	0	1	0	0	0	0	0		76.0		KCNE2	22.9	
KCNE2	canonical	1	123	48	0	1	0	1	1	0	0	0	0	94.3	84.6		KCNE1	25.0	
KCNE3	canonical	1	103	57	0	1	0	1	1	0	0	0	0	99.0	93.2		KCNE5	30.5	
KCNE4	canonical	1	221	86	0	1	0	1	1	0	0	0	0	98.2	90.0				
KCNE5	canonical	1	142	59	0	1	0	1	0	0	0	0	0		81.0		KCNE3	30.5	
KCNF1	canonical	6	494	75	0	0	0	1	1	0	0	0	1	100.0	96.4		KCNB2	50.0	
KCNG1	canonical	6	513	78	0	0	0	1	0	1	1	0	1		93.0	4.0	KCNG4	60.0	
KCNH1	canonical	6	989	122	0	0	0	1	1	0	0	0	1	99.4	94.3		KCNH2	32.8	
KCNH2	canonical	6	1159	93	0	0	0	1	1	0	0	0	1	68.3	96.3		KCNH7	68.4	
KCNH6	canonical	6	958	99	0	0	0	1	1	0	0	0	1	97.9	89.9		KCNH7	78.8	
KCNJ1	canonical	2	391	51	0	0	0	1	1	1	0	0	1	98.4	92.7	4.0	KCNJ10	62.7	
KCNJ10	canonical	2	379	51	0	0	0	1	1	1	0	0	1	100.0	99.2	4.0	KCNJ15	70.6	
KCNJ11	canonical	2	390	49	0	0	0	1	1	1	0	0	1	98.5	95.9	4.0	KCNJ8	62.1	
KCNJ12	canonical	2	433	52	0	0	0	1	0	1	0	0	1		96.1	4.0	KCNJ18	96.2	
KCNJ13	canonical	2	360	57	0	0	0	1	1	1	1	0	1	98.3	93.1	4.0	KCNJ10	54.4	
KCNJ14	canonical	2	436	50	0	0	0	1	1	1	0	0	1	92.4	93.8	4.0	KCNJ4	50.0	
KCNJ15	canonical	2	375	51	0	0	0	1	1	1	0	0	1	99.2	96.3	4.0	KCNJ10	70.6	
KCNJ16	canonical	2	418	50	0	0	0	1	1	1	0	0	1	98.8	92.3	4.0	KCNJ12	67.3	
KCNJ2	canonical	2	427	49	0	0	0	1	1	1	0	0	1	96.7	98.6	4.0	KCNJ12	65.4	
KCNJ3	canonical	2	501	52	0	0	0	1	0	1	0	0	1		99.0	4.0	KCNJ5	67.3	
KCNJ4	canonical	2	445	68	0	0	0	1	0	1	0	0	1		98.2	4.0	KCNJ12	55.9	
KCNJ5	canonical	2	419	52	0	0	0	1	1	1	0	0	1	97.1	94.3	4.0	KCNJ6	80.8	
KCNJ6	canonical	2	423	52	0	0	0	1	1	1	0	0	1	100.0	99.3	4.0	KCNJ5	80.8	
KCNJ8	canonical	2	424	58	0	0	0	1	1	1	0	0	1	99.8	98.3	4.0	KCNJ11	62.1	
KCNJ9	canonical	2	393	52	0	0	0	1	0	1	0	0	1		98.7	4.0	KCNJ6	80.8	
KCNK10	canonical	4	538	134	0	0	0	1	1	1	0	0	1	99.6	93.4	2.0	KCNK2	64.2	
KCNK13	canonical	4	408	124	0	0	0	1	1	1	0	0	1	99.0	84.6	2.0	KCNK12	71.0	
KCNK15	canonical	4	330	121	0	0	0	1	0	1	0	0	1		74.2	2.0	KCNK9	66.1	
KCNK17	canonical	4	332	130	0	0	0	0	1	1	1	0	1	92.8		2.0	KCNK16	47.7	
KCNK18	canonical	4	384	117	0	0	0	1	1	1	0	1	0	97.1	66.4	2.0	KCNK1	35.7	2.0
KCNK2	canonical	4	426	133	0	0	0	1	1	1	1	0	1	100.0	96.2	2.0	KCNK10	64.2	
KCNK3	canonical	4	394	121	0	0	0	1	1	1	0	0	1	91.9	91.4	2.0	KCNK15	65.3	
KCNK4	canonical	4	393	135	0	0	0	1	1	1	0	0	1	95.2	83.5	2.0	KCNK10	56.3	
KCNK5	canonical	4	499	127	0	0	0	1	1	1	0	1	1	99.0	89.4	2.0	KCNK16	42.6	2.0
KCNK9	canonical	4	374	121	0	0	0	1	1	1	0	0	1	99.5	71.9	2.0	KCNK15	66.1	
KCNMA1	canonical	7	1236	151	0	1	0	1	1	0	1	0	0	99.0	84.1		KCNU1	31.1	
KCNMB1	canonical	2	191	121	0	0	0	1	1	0	1	0	0	95.3	82.7		KCNMB2	38.8	
KCNMB2	canonical	2	235	129	0	0	0	1	1	0	0	0	0	100.0	95.3		KCNMB1	38.0	
KCNMB3	canonical	2	279	129	0	0	0	1	1	0	1	0	0	87.3	56.7		KCNMB2	38.0	
KCNN1	canonical	6	543	73	0	0	0	1	1	0	0	0	1	92.4	83.4		KCNN3	76.5	
KCNN2	canonical	6	579	76	0	0	0	1	1	1	1	0	1	98.7	71.7	4.0	KCNN3	79.0	
KCNN3	canonical	6	731	81	0	0	0	1	1	0	1	0	1	99.6	95.9		KCNN1	85.2	
KCNN4	canonical	6	427	77	0	0	0	1	1	1	0	0	0	93.2	86.9	4.0	KCNN2	33.8	
KCNQ1	canonical	6	676	61	0	0	0	1	1	0	0	0	1	97.0	87.7		KCNQ2	55.7	
KCNQ2	canonical	6	872	59	0	0	0	1	1	0	0	0	1	76.3	95.1		KCNQ3	61.8	
KCNQ3	canonical	6	872	68	0	0	0	1	1	1	0	0	1	84.7	95.5	4.0	KCNQ2	60.3	
KCNQ4	canonical	6	695	56	0	0	0	1	1	1	0	0	1	98.3	96.8	2.0	KCNQ5	78.6	
KCNQ5	canonical	6	932	56	0	0	0	1	1	0	0	0	1	82.7	95.6		KCNQ4	76.8	
KCNS3	canonical	6	491	73	0	0	0	1	1	1	0	0	1	99.2	94.9	4.0	KCNS2	42.7	
KCNT1	canonical	6	1230	74	0	0	0	1	0	0	0	0	1		88.6		KCNT2	47.3	
KCNT2	canonical	6	1135	58	0	0	0	1	1	0	1	0	1	99.6	97.5		KCNT1	48.6	
KDR	canonical	1	1356	745	1	1	0	1	1	0	1	1	0	98.8	85.9		LMTK2	23.6	3.0
KIAA0319	canonical	1	1072	935	1	1	0	1	1	1	1	1	1	93.6	76.4	2.0	KIAA0319L	49.8	4.0
KIR2DL1	canonical	1	348	222	1	1	0	0	0	0	0	1	1				KIR2DL3	91.1	1.0
KIR2DL2	canonical	1	348	222	1	1	0	0	0	0	0	1	0						1.0
KIR2DL3	canonical	1	341	224	1	1	0	0	0	0	0	1	1				KIR2DL1	92.0	1.0
KIR2DL5A	canonical	1	375	219	1	1	0	0	0	0	0	1	0						1.0
KIR2DS1	canonical	1	304	224	1	1	0	0	0	0	0	1	0						1.0
KIR2DS4	canonical	1	304	224	1	1	0	0	0	0	0	1	1				KIR2DL3	89.7	2.0
KIR3DL1	canonical	1	444	319	1	1	0	0	0	0	0	1	1				KIR3DL2	86.2	2.0
KIR3DL2	canonical	1	455	319	1	1	0	0	0	0	0	1	1				KIR3DL1	86.2	1.0
KIRREL1	canonical	1	757	478	1	1	0	1	1	0	0	1	1	72.1	95.4		KIRREL3	53.4	3.0
KISS1R	canonical	7	398	97	0	1	0	1	0	0	0	0	0		82.2		OPRD1	34.0	
KIT	canonical	1	976	499	1	1	0	1	1	0	1	1	0	98.4	82.8		LMTK2	26.9	2.0
KITLG	canonical	1	273	190	1	1	0	1	1	0	0	1	0	87.9	82.8				1.0
KLB	canonical	1	1044	996	0	1	0	1	1	0	0	0	1	97.1	78.7		KL	46.6	
KLK2	canonical	0	261	244	1	1	1	0	0	0	0	0	1				KLK3	79.1	
KLRB1	canonical	1	225	165	0	0	1	0	1	0	0	1	0	87.1			CLEC2L	24.8	1.0
KLRC1	canonical	1	233	142	0	0	1	0	0	0	0	1	1				KLRC2	88.7	2.0
KLRC2	canonical	1	231	138	0	0	1	0	0	1	0	1	1			2.0	KLRC1	88.7	1.0
KLRD1	canonical	1	179	148	0	0	1	1	1	1	1	0	0	92.2	54.2	2.0	CLEC12B	24.3	
KLRF1	canonical	1	231	172	0	0	1	0	1	0	1	1	0	90.0			KLRG1	31.4	1.0
KLRG1	canonical	1	195	139	0	0	1	1	1	0	0	1	0	91.0	56.6		KLRF1	30.8	1.0
KLRK1	canonical	1	216	138	0	0	1	1	1	0	0	1	0	94.9	58.8		CLEC12B	26.6	1.0
KREMEN1	canonical	1	473	373	1	1	0	1	1	0	0	1	1	99.1	93.9		KREMEN2	45.3	2.0
KREMEN2	canonical	1	462	341	1	1	0	1	0	0	1	1	1		87.4		KREMEN1	45.0	2.0
L1CAM	canonical	1	1257	1102	1	1	0	1	1	0	0	1	0	97.8	88.5		HMCN2	8.4	6.0
LAG3	canonical	1	525	430	1	1	0	1	0	0	1	1	0		68.6		SIGIRR	19.3	3.0
LAIR1	canonical	1	287	142	1	1	0	0	0	0	0	1	0						1.0
LAMA3	canonical	0	3333	3302	1	1	1	1	1	0	0	0	1	96.1	77.8		TMEFF2	4.7	
LAYN	canonical	1	382	211	1	1	0	1	1	0	0	1	1	96.5	83.7		CHODL	52.6	1.0
LDLR	canonical	1	860	765	1	1	0	1	1	0	0	1	1	88.0	78.1		VLDLR	51.0	3.0
LDLRAD3	canonical	1	345	156	1	1	0	1	1	0	0	1	0	99.7	95.9				1.0
LEPR	canonical	1	1165	820	1	1	0	1	1	0	1	1	0	95.7	75.5		PRLR	19.1	4.0
LGI1	canonical	0	557	523	1	1	1	1	1	0	0	0	1	100.0	96.8		LGI2	56.8	
LGI2	canonical	0	545	516	1	1	1	1	1	0	0	0	1	99.4	97.6		LGI1	56.8	
LGI3	canonical	0	548	518	1	1	1	1	1	0	0	0	1	98.5	96.5		LGI1	53.0	
LGI4	canonical	0	537	518	1	1	1	1	1	0	0	0	1	97.6	88.5		LGI1	49.5	
LGR4	canonical	7	951	572	1	1	0	1	1	0	0	0	1	96.6	93.0		LGR5	53.3	
LGR5	canonical	7	907	593	1	1	0	1	1	0	0	0	1	97.9	85.8		LGR6	61.1	
LGR6	canonical	7	967	599	1	1	0	1	1	0	0	1	1	90.8	90.2		LGR5	61.1	1.0
LHCGR	canonical	7	699	398	1	1	0	1	1	0	0	0	1	96.3	82.4		FSHR	48.0	
LIFR	canonical	1	1097	791	1	1	0	1	1	0	0	1	0	97.1	75.2		PRLR	18.1	3.0
LILRA1	canonical	1	489	435	1	1	0	0	0	0	0	1	1				LILRA2	78.4	2.0
LILRA2	canonical	1	483	423	1	1	0	0	0	0	1	1	1				LILRA1	78.4	3.0
LILRA5	canonical	1	299	224	1	1	0	0	0	0	1	1	1				LILRA6	37.6	1.0
LILRB1	canonical	1	650	439	1	1	0	0	0	0	1	1	1				LILRB2	80.4	2.0
LILRB2	canonical	1	597	438	1	1	0	0	0	0	0	1	1				LILRB1	80.4	2.0
LILRB3	canonical	1	631	422	1	1	0	0	0	0	0	1	1				LILRA6	94.6	3.0
LILRB4	canonical	1	448	238	1	1	0	0	0	0	0	0	1				LILRB3	37.7	
LILRB5	canonical	1	590	433	1	1	0	0	1	0	0	1	1	87.1			LILRB3	67.4	2.0
LINGO2	canonical	1	606	513	1	1	0	1	0	0	0	1	1		97.7		LINGO1	61.8	3.0
LINGO3	canonical	1	592	502	1	1	0	1	0	0	0	1	1		88.5		LINGO4	47.0	3.0
LIPG	canonical	0	500	480	1	1	1	1	1	0	0	0	1	97.6	80.2		LPL	46.5	
LMBR1L	canonical	9	489	120	0	1	0	1	1	0	1	0	1	98.4	95.5		LMBR1	68.3	
LMBRD2	canonical	9	695	130	0	1	0	1	1	0	0	0	0	99.4	94.5				
LOXL2	canonical	0	774	749	1	1	1	1	1	0	0	0	1	87.7	86.4		LOXL3	55.5	
LOXL4	canonical	0	756	732	1	1	1	1	1	0	0	0	1	97.6	87.2		LOXL3	56.4	
LPAR1	canonical	7	364	99	0	1	0	1	0	0	0	0	1		97.3		LPAR2	42.4	
LPAR2	canonical	7	348	84	0	1	0	1	1	0	0	0	1	98.0	92.2		LPAR1	46.5	
LPAR3	canonical	7	353	84	0	1	0	1	1	0	0	0	1	96.9	91.5		LPAR1	44.4	
LPAR4	canonical	7	370	90	0	1	0	1	1	0	0	0	0	99.2	98.4		LPAR6	35.6	
LPAR5	canonical	7	372	90	0	1	0	1	1	0	0	0	0	56.2	80.9		GPR68	31.1	
LPAR6	canonical	7	344	73	0	1	0	1	0	1	0	0	0		93.0	2.0	LPAR4	37.8	
LPL	canonical	0	475	455	1	1	1	1	1	0	0	1	1	99.4	92.8		LIPG	46.5	3.0
LRFN4	canonical	1	635	501	1	1	0	1	1	0	0	1	1	54.3	96.9		LRFN2	58.4	3.0
LRIG1	canonical	1	1093	759	1	1	0	1	1	0	0	1	1	96.6	83.3		LRIG3	57.8	7.0
LRIG2	canonical	1	1065	767	1	1	0	1	1	0	0	1	1	97.6	89.5		LRIG3	65.4	4.0
LRIG3	canonical	1	1119	785	1	1	0	1	1	0	0	1	1	97.7	86.0		LRIG2	65.4	5.0
LRP1	canonical	1	4544	4404	1	1	0	1	1	0	1	1	1	99.3	98.0		LRP1B	61.3	2.0
LRP10	canonical	1	713	424	1	1	0	1	1	0	0	1	0	97.5	87.7		LRP1B	4.8	2.0
LRP1B	canonical	1	4599	4423	1	1	0	1	1	0	0	1	1	98.5	91.7		LRP1	61.3	6.0
LRP2	canonical	1	4655	4399	1	1	0	1	1	0	0	1	0	98.0	76.8		LRP3	6.3	7.0
LRP4	canonical	1	1905	1705	1	1	0	1	1	0	0	1	0	99.2	96.9		LRP1	17.2	4.0
LRP5	canonical	1	1615	1355	1	1	0	1	0	0	0	1	1		94.1		LRP6	72.4	5.0
LRP6	canonical	1	1613	1354	1	1	0	1	1	0	0	1	1	99.0	98.0		LRP5	72.5	6.0
LRP8	canonical	1	963	793	1	1	0	1	1	0	0	1	1	83.4	90.0		LDLR	50.2	5.0
LRRC15	canonical	1	581	519	1	1	0	1	1	0	0	1	0	97.9	81.8		LRTM1	17.5	1.0
LRRC32	canonical	1	662	610	1	1	0	1	1	0	0	1	0	97.3	79.6		LRRC3C	16.4	2.0
LRRC8A	canonical	4	810	105	0	0	0	1	0	0	0	0	1		99.0		LRRC8B	44.8	
LRRC8B	canonical	4	803	101	0	0	0	1	1	0	0	0	1	99.5	93.6		LRRC8A	44.8	
LRRC8D	canonical	4	858	145	0	0	0	1	1	0	0	0	0	99.3	96.0		LRRC8E	30.3	
LRRC8E	canonical	4	796	98	0	0	0	1	1	0	0	0	1	98.0	90.3		LRRC8C	51.4	
LRRN1	canonical	1	716	606	1	1	0	1	1	0	0	1	1	99.0	95.5		LRRN3	58.1	2.0
LSR	canonical	2	649	180	0	0	0	1	1	0	1	0	1	94.5	77.9		ILDR2	46.1	
LTA	canonical	0	205	171	1	1	1	1	1	1	0	0	0	97.6	72.2	3.0	LTB	26.9	
LTB	canonical	1	244	201	0	0	1	1	1	1	1	0	0	97.1	75.4	3.0	TNFSF14	31.3	
LTB4R	canonical	7	352	80	0	1	0	0	0	1	0	0	0			2.0	UTS2R	22.5	
LTB4R2	canonical	7	358	78	0	1	0	1	0	0	0	0	0		92.5		UTS2R	27.5	
LTBR	canonical	1	435	198	1	1	0	1	1	0	0	1	0	93.1	65.1		TNFRSF1B	31.5	2.0
LVRN	canonical	1	990	954	0	0	1	1	1	0	1	0	0	93.9	67.5		ANPEP	37.1	
LY6D	canonical	0	128	108	1	1	1	1	0	0	0	0	0		59.4		LYNX1	37.0	
LY6E	canonical	0	131	111	1	1	1	1	0	0	0	1	0		61.1		PSCA	36.0	3.0
LY6G6C	canonical	0	125	107	1	1	1	1	1	0	0	1	0	98.4	84.8				1.0
LY6G6D	canonical	0	133	114	1	1	1	1	0	0	0	1	0		63.2		LY6G6F	17.1	1.0
LY6H	canonical	0	140	115	1	1	1	1	1	0	0	1	0	95.0	89.4		LY6S	34.8	2.0
LY6K	canonical	0	165	148	1	1	1	0	1	0	0	1	0	83.0			GML	27.0	2.0
LY6S	canonical	0	134	108	1	1	1	0	0	0	0	0	0				LY6H	34.8	
LY75	canonical	1	1722	1642	1	1	0	1	1	0	0	1	0	92.0	76.9		PLA2R1	32.0	6.0
LY9	canonical	1	655	409	1	1	0	1	0	1	0	1	0		54.8	2.0	CD84	19.8	4.0
LY96	canonical	0	160	142	1	1	1	1	1	0	0	0	0	93.1	62.5				
LYNX1	canonical	0	116	96	1	1	1	0	0	0	0	0	0				LY6D	37.0	
LYPD1	canonical	0	141	121	1	1	1	1	1	0	0	1	0	98.6	93.6		LYPD2	31.4	1.0
LYPD2	canonical	0	125	103	1	1	1	1	1	0	0	1	0	76.8	67.2		SLURP1	34.0	1.0
LYPD3	canonical	0	346	316	1	1	1	1	1	0	0	1	0	80.9	74.3		LYPD5	23.1	2.0
LYPD6	canonical	0	171	149	1	1	1	1	1	0	0	0	1	99.4	94.7		LYPD6B	43.6	
LYPD6B	canonical	0	183	144	1	1	1	1	1	0	0	1	1	96.6	72.5		LYPD6	42.3	2.0
LYVE1	canonical	1	322	215	1	1	0	1	1	0	0	0	0	94.1	68.6		CD44	13.2	
MAS1	canonical	7	325	79	0	1	0	1	1	0	0	0	0	98.5	90.2		MRGPRE	20.3	
MC1R	canonical	7	317	76	0	1	0	1	1	0	0	0	0	92.7	75.7		MC4R	28.9	
MC3R	canonical	7	323	76	0	1	0	1	1	0	0	0	0	94.1	88.9		MC5R	36.8	
MC4R	canonical	7	332	74	0	1	0	1	1	0	0	0	0	98.5	94.0		MC5R	37.8	
MC5R	canonical	7	325	73	0	1	0	1	0	0	0	0	1		80.3		MC4R	40.5	
MCAM	canonical	1	646	536	1	1	0	1	1	0	1	1	0	94.3	76.5		AGER	21.3	2.0
MCHR1	canonical	7	353	95	0	1	0	1	1	0	0	0	0	98.9	96.0		MCHR2	31.6	
MCHR2	canonical	7	340	87	0	1	0	0	1	0	0	0	0	97.6			MCHR1	30.5	
MDGA1	canonical	0	955	937	1	1	1	1	1	0	0	1	1	96.3	96.3		MDGA2	53.4	6.0
MDGA2	canonical	0	956	936	1	1	1	1	1	0	0	1	1	99.5	97.1		MDGA1	53.4	5.0
MEGF10	canonical	1	1140	832	1	1	0	1	1	0	1	1	1	98.7	94.6		MEGF11	68.4	7.0
MEGF8	canonical	1	2845	2620	1	1	0	1	1	0	0	1	0	96.0	94.0		TMEFF2	5.2	7.0
MEGF9	canonical	1	602	485	1	1	0	1	1	0	0	1	0	88.7	79.1		HSPG2	5.1	3.0
MELTF	canonical	0	738	719	1	1	1	1	1	0	0	1	1	91.9	83.7		SRPRB	12.5	3.0
MEP1A	canonical	1	746	697	1	1	0	0	1	1	0	1	1	95.4		2.0	MEP1B	42.8	2.0
MEP1B	canonical	1	701	630	1	1	0	1	1	1	0	1	1	94.2	77.6	2.0	MEP1A	42.8	2.0
MERTK	canonical	1	999	478	1	1	0	1	1	0	0	1	0	96.0	81.1		ROS1	8.2	2.0
MET	canonical	1	1390	909	1	1	0	1	1	0	1	1	0	98.1	88.9		ROR1	13.6	2.0
MFGE8	canonical	0	387	364	1	1	1	1	1	0	0	0	1	96.1	61.5		EDIL3	43.5	
MFSD2A	canonical	12	543	176	0	1	1	1	1	0	1	0	0	97.0	85.1		MFSD12	18.2	
MFSD6	canonical	12	791	192	0	0	0	1	1	0	0	0	0	98.5	88.0		MFSD6L	24.9	
MICA	canonical	1	383	284	1	1	0	0	0	0	0	1	1				MICB	84.8	2.0
MICB	canonical	1	383	289	1	1	0	0	0	0	1	1	1				MICA	85.1	2.0
MILR1	canonical	1	343	209	1	1	0	0	1	0	0	1	0	90.7			FCRL5	9.6	2.0
MLNR	canonical	7	412	139	0	1	0	0	0	0	1	0	0				GHSR	28.1	
MME	canonical	1	750	702	0	0	1	1	1	1	0	0	1	98.9	94.1	2.0	MMEL1	52.5	
MMP14	canonical	1	582	513	1	1	0	1	1	0	0	1	1	99.0	96.6		MMP15	54.0	2.0
MMP15	canonical	1	669	581	1	1	0	1	1	0	0	0	1	86.2	87.3		MMP14	54.2	
MMP16	canonical	1	607	528	1	1	0	1	1	0	1	1	1	100.0	98.0		MMP24	66.9	1.0
MMP17	canonical	0	603	565	1	1	1	1	1	0	0	1	1	82.8	81.9		MMP25	47.8	1.0
MMP25	canonical	0	562	541	1	1	1	1	0	0	0	1	1		75.4		MMP17	47.6	3.0
MOSMO	canonical	4	167	64	0	0	0	1	1	1	1	0	0	99.4	100.0	2.0			
MPL	canonical	1	635	472	1	1	0	1	1	0	0	1	0	96.5	81.1		IL4R	23.9	1.0
MPZL1	canonical	1	269	131	1	1	0	1	1	1	1	1	1	96.3	83.3	2.0	MPZ	43.5	1.0
MPZL2	canonical	1	215	126	1	1	0	1	1	0	0	1	0	99.1	81.4		MPZL1	38.2	1.0
MRAP2	canonical	1	205	44	0	1	0	1	1	0	0	0	0	98.5	87.8				
MRC1	canonical	1	1456	1371	1	1	0	1	1	0	1	1	0	98.0	82.0		CD302	5.3	4.0
MRC2	canonical	1	1479	1384	1	1	0	1	1	0	0	1	0	96.3	90.8		CD302	6.0	5.0
MRGPRD	canonical	7	321	71	0	1	0	1	1	0	0	0	0	88.5	59.5		MRGPRF	25.0	
MRGPRE	canonical	7	312	71	0	1	0	1	1	0	0	0	0	95.5	73.4		MRGPRF	26.2	
MRGPRF	canonical	7	343	84	0	1	0	1	1	0	0	0	0	97.7	86.0		MAS1L	21.8	
MS4A1	canonical	4	297	53	0	0	0	1	1	1	1	0	0	97.3	73.1	2.0	MS4A4A	24.5	
MS4A3	canonical	4	214	42	0	0	0	1	0	1	1	0	0		56.5	2.0	MS4A7	20.0	
MS4A4A	canonical	4	239	46	0	0	0	0	1	0	0	0	0	75.7			MS4A4E	26.1	
MS4A8	canonical	4	250	26	0	0	0	1	1	1	0	0	0	88.0	62.0	2.0	MS4A6E	8.5	
MSLN	canonical	0	630	594	1	1	1	1	0	0	0	1	0		57.7		STRC	11.7	4.0
MSR1	canonical	1	451	380	0	0	1	1	1	0	0	1	0	95.1	71.4		SCARA5	33.8	2.0
MST1R	canonical	1	1400	935	1	1	0	1	1	0	1	1	0	95.9	74.3		FGFR3	14.4	2.0
MTNR1A	canonical	7	350	84	0	1	0	1	1	0	0	0	1	95.4	85.1		MTNR1B	46.4	
MTNR1B	canonical	7	362	97	0	1	0	1	1	0	0	0	1	95.6	79.0		MTNR1A	46.4	
MUC1	canonical	1	1255	1139	1	1	0	0	1	0	1	1	0	51.4					1.0
MUC13	canonical	1	512	398	1	1	0	0	1	0	0	1	0	75.8			MUC17	3.9	1.0
MUC15	canonical	1	334	214	1	1	0	1	1	0	1	0	0	88.9	55.4		F11R	23.4	
MUC16	canonical	1	14507	14455	0	1	0	0	0	0	0	0	0						
MUC20	canonical	0	709	687	1	1	1	0	1	0	0	0	0	56.0					
MUC21	canonical	1	566	459	1	1	0	0	1	0	0	0	0	58.8					
MUC3B	canonical	1	13477	13361	1	1	0	0	0	0	0	1	0						3.0
MUC4	canonical	1	5412	5339	1	1	0	0	0	0	1	1	0				SUSD2	5.1	5.0
MXRA5	canonical	0	2828	2802	1	1	1	0	1	0	0	0	0	89.7			ROBO4	11.4	
MXRA8	canonical	1	442	317	1	1	0	1	0	0	0	1	0		78.5		VSIR	21.1	2.0
MYADM	canonical	8	322	73	0	0	0	1	1	0	0	0	0	98.1	83.9		MYADML2	28.8	
MYMK	canonical	7	221	31	0	1	0	1	1	1	0	0	0	99.1	88.7	2.0	TMEM8B	5.9	
NAALADL1	canonical	1	740	716	0	0	1	1	0	1	1	1	1		81.6	2.0	NAALAD2	40.2	2.0
NALCN	canonical	24	1738	394	0	0	0	1	1	0	1	1	0	99.7	98.7		CACNA1E	28.5	1.0
NALF1	canonical	1	458	406	0	0	1	1	1	0	0	0	1	99.1	73.6		NALF2	40.8	
NCAM1	canonical	1	858	704	1	1	0	1	1	0	1	1	1	97.9	93.8		NCAM2	44.0	3.0
NCAM2	canonical	1	837	685	1	1	0	1	1	1	1	1	1	98.4	93.7	2.0	NCAM1	44.0	3.0
NCR1	canonical	1	304	234	1	1	0	1	1	0	0	1	1	85.9	61.2		LILRB3	25.4	2.0
NCR2	canonical	1	276	172	1	1	0	0	1	0	0	1	0	89.9			TREML4	36.7	1.0
NCR3	canonical	1	201	121	1	1	0	0	1	0	0	1	0	68.7			NECTIN2	15.2	1.0
NCR3LG1	canonical	1	454	240	1	1	0	0	0	0	0	1	0				TAPBPL	17.6	1.0
NCSTN	canonical	1	709	633	1	1	0	1	1	0	0	1	0	94.5	88.7				2.0
NECTIN1	canonical	1	517	325	1	1	0	1	1	1	1	0	0	89.7	94.6	2.0	SMAGP	4.6	
NECTIN2	canonical	1	538	329	1	1	0	1	1	1	0	0	1	96.5	74.0	2.0	PVR	52.3	
NECTIN3	canonical	1	549	349	1	1	0	1	1	1	1	0	0	99.5	68.3	2.0	SMAGP	3.2	
NECTIN4	canonical	1	510	318	1	1	0	1	1	1	0	0	0	99.4	91.8	2.0	NECTIN3	32.4	
NEGR1	canonical	0	354	321	1	1	1	1	1	1	0	1	1	98.6	94.1	2.0	LSAMP	54.5	4.0
NELL1	canonical	0	810	789	1	1	1	1	1	0	0	0	1	98.5	93.3		NELL2	56.4	
NEO1	canonical	1	1461	1072	1	1	0	1	1	0	0	1	1	98.6	94.5		DCC	55.1	4.0
NETO2	canonical	1	525	323	1	1	0	1	1	0	0	1	1	99.6	95.0		NETO1	66.3	2.0
NEU3	canonical	0	428	0	0	0	0	1	1	0	0	0	0	97.2	62.0				
NGFR	canonical	1	427	223	1	1	0	1	1	0	0	1	0	98.8	91.8		TNFRSF4	28.3	1.0
NINJ1	canonical	3	152	26	0	0	1	1	1	0	0	0	1	98.0	87.5		NINJ2	48.1	
NINJ2	canonical	3	142	27	0	0	1	1	1	0	0	0	0	93.7	73.2		NINJ1	33.3	
NIPA2	canonical	9	360	58	0	1	0	1	1	1	0	0	0	98.6	95.6	2.0	NIPAL1	31.2	
NLGN1	canonical	1	863	670	1	1	0	1	1	1	0	1	1	96.9	95.8	2.0	NLGN4X	71.6	1.0
NLGN2	canonical	1	835	663	1	1	0	1	1	1	0	1	1	91.6	98.3	2.0	NLGN4X	68.2	2.0
NLGN3	canonical	1	848	672	1	1	0	1	1	1	0	1	1	99.9	98.6	2.0	NLGN4X	73.5	2.0
NLGN4X	canonical	1	816	635	1	1	0	0	0	1	0	1	1			2.0	NLGN4Y	98.3	1.0
NMBR	canonical	7	390	106	0	1	0	1	1	0	0	0	0	96.2	90.5		GRPR	38.7	
NMUR1	canonical	7	426	119	0	1	0	1	1	0	0	0	0	92.0	72.5		NMUR2	33.6	
NMUR2	canonical	7	415	104	0	1	0	1	1	0	0	0	0	93.3	75.9		NMUR1	34.5	
NOTCH1	canonical	1	2555	1717	1	1	0	1	1	0	0	1	1	91.8	90.6		NOTCH2	56.3	5.0
NOTCH2	canonical	1	2471	1652	1	1	0	1	1	0	0	1	1	99.1	92.6		NOTCH2NLA	13.0	12.0
NOTCH3	canonical	1	2321	1603	1	1	0	1	0	0	0	1	1		91.0		NOTCH1	51.6	16.0
NOTCH4	canonical	1	2003	1424	1	1	0	0	0	0	1	1	0				DLL4	16.4	10.0
NOX1	canonical	6	564	117	0	0	0	1	1	0	0	0	0	95.0	84.0		NOX3	35.9	
NPBWR1	canonical	7	328	89	0	1	0	1	0	0	0	0	1		84.8		NPBWR2	43.4	
NPBWR2	canonical	7	333	99	0	1	0	0	1	0	0	0	1	94.9			NPBWR1	43.4	
NPC1L1	canonical	13	1359	831	1	1	0	1	1	0	1	1	0	95.0	77.3		NPC1	38.3	1.0
NPFFR1	canonical	7	430	112	0	1	0	1	1	0	0	0	0	63.3	87.0		NPFFR2	20.8	
NPFFR2	canonical	7	522	216	0	1	0	1	1	0	1	0	0	95.5	78.8		NPFFR1	20.8	
NPNT	canonical	0	565	546	1	1	1	1	1	0	0	0	1	96.6	87.4		EGFL6	40.1	
NPR1	canonical	1	1061	441	1	1	0	1	1	1	0	1	1	75.5	90.9	2.0	ADCY1	23.8	1.0
NPR2	canonical	1	1047	439	1	1	0	1	1	0	0	1	1	100.0	98.7		ADCY5	27.1	1.0
NPR3	canonical	1	541	462	1	1	0	1	1	1	0	1	0	98.5	90.8	2.0	ADCY6	30.1	3.0
NPSR1	canonical	7	371	105	0	1	0	1	1	0	1	0	0	90.6	89.2				
NPTN	canonical	1	398	310	1	1	0	1	1	0	1	1	1	99.0	95.2		BSG	40.3	3.0
NPTX1	canonical	0	432	410	1	1	1	1	1	0	0	0	1	99.5	96.3		NPTX2	57.0	
NPTXR	canonical	0	500	475	1	1	1	1	1	0	0	0	0	97.8	88.4				
NPY1R	canonical	7	384	117	0	1	0	1	1	0	0	0	0	99.5	93.2		NPY4R2	34.2	
NPY2R	canonical	7	381	113	0	1	0	1	1	0	0	0	0	98.4	94.5		OR9G1	24.8	
NPY5R	canonical	7	445	103	0	1	0	1	1	0	0	0	0	99.3	89.0		MCHR1	27.2	
NRCAM	canonical	1	1304	1139	1	1	0	1	1	0	0	1	1	98.8	84.8		NFASC	45.8	5.0
NRG1	canonical	1	640	242	0	1	0	1	1	0	1	1	0	92.5	88.3		NRG4	9.5	2.0
NRG2	canonical	2	850	298	0	0	0	1	1	0	1	1	0	82.1	71.3		NRG4	7.4	4.0
NRN1	canonical	0	142	115	1	1	1	1	1	0	0	1	0	87.3	97.2		NRN1L	29.2	2.0
NRP1	canonical	1	923	837	1	1	0	1	1	0	1	1	1	98.6	93.2		NRP2	46.3	4.0
NRP2	canonical	1	931	842	1	1	0	1	1	0	1	1	1	97.2	94.6		NRP1	46.2	2.0
NRXN2	canonical	1	666	541	1	1	0	1	1	0	0	1	1	79.4	98.2		NRXN1	48.1	1.0
NRXN3	canonical	1	637	528	1	1	0	1	1	0	1	1	1	98.7	98.2		NRXN1	41.7	1.0
NT5E	canonical	0	574	548	1	1	1	1	1	1	0	1	0	98.6	86.6	2.0			2.0
NTM	canonical	0	344	311	1	1	1	1	1	1	0	1	1	93.2	88.5	2.0	OPCML	74.0	2.0
NTNG1	canonical	0	539	521	1	1	1	1	1	0	0	1	1	96.1	96.3		NTNG2	59.7	4.0
NTNG2	canonical	0	530	513	1	1	1	1	1	0	0	1	1	98.9	94.0		NTNG1	59.1	5.0
NTRK1	canonical	1	796	384	1	1	0	1	1	0	0	0	0	91.6	86.6		ROS1	7.5	
NTRK2	canonical	1	822	402	1	1	0	1	1	0	0	1	0	99.9	92.1		NTRK3	38.8	1.0
NTRK3	canonical	1	839	402	1	1	0	1	1	0	0	1	0	99.4	95.6		NTRK2	38.8	1.0
NTSR1	canonical	7	418	130	0	1	0	1	0	0	0	0	0		85.4		NTSR2	33.8	
NTSR2	canonical	7	410	98	0	1	0	1	1	1	0	0	0	83.4	78.8	2.0	NTSR1	30.0	
OCLN	canonical	4	522	101	0	0	0	1	1	0	1	0	0	97.1	90.2		MARVELD2	27.7	
OCSTAMP	canonical	6	566	178	0	0	0	1	0	0	0	0	0		59.0		DCST1	16.3	
OLR1	canonical	1	273	216	0	0	1	0	1	1	0	1	0	94.9		2.0	KLRK1	25.9	4.0
OPCML	canonical	0	345	312	1	1	1	1	1	1	0	1	1	94.7	94.1	2.0	NTM	74.0	1.0
OPN3	canonical	7	402	96	0	1	0	1	1	0	1	0	0	94.5	87.1		RRH	20.8	
OPN5	canonical	7	354	87	0	1	0	1	1	0	0	0	0	99.2	95.2		RRH	29.9	
OPRD1	canonical	7	372	100	0	1	0	1	1	1	0	0	0	74.2	93.5	2.0	NPBWR1	37.0	
OPRK1	canonical	7	380	111	0	1	0	1	1	0	1	0	0	75.5	93.7		OPRM1	33.9	
OPRL1	canonical	7	370	102	0	1	0	1	1	0	0	0	0	98.1	93.8		SSTR5	32.4	
OPRM1	canonical	7	400	121	0	1	0	1	1	0	1	0	0	96.8	92.2		OPRD1	32.2	
OR10H1	canonical	7	318	81	0	1	0	0	0	0	0	0	1				OR10H5	87.7	
OR11H4	canonical	7	324	88	0	1	0	0	1	0	0	0	1	94.6			OR11H7	63.6	
OR14J1	canonical	7	321	78	0	1	0	1	1	0	0	0	1	96.0	79.8		OR14C36	50.6	
OR2B11	canonical	7	317	92	0	1	0	1	1	0	0	0	1	95.3	86.8		OR2B3	58.7	
OR2H1	canonical	7	316	86	0	1	0	0	0	0	0	0	1				OR2H2	87.2	
OR3A1	canonical	7	315	85	0	1	0	0	1	0	0	0	1	95.9			OR3A2	65.2	
OR4M1	canonical	7	313	81	0	1	0	0	0	0	0	0	1				OR4M2	97.5	
OR4S2	canonical	7	311	78	0	1	0	0	1	0	0	0	1	95.5			OR4P4	69.2	
OR51E1	canonical	7	318	80	0	1	0	1	1	0	0	0	1	97.8	93.1		OR51E2	53.1	
OR51E2	canonical	7	320	81	0	1	0	1	1	0	0	0	1	98.8	92.8		OR51G2	56.6	
OR6A2	canonical	7	327	88	0	1	0	1	0	0	0	0	1		89.9		OR6B1	53.4	
OR8D1	canonical	7	308	88	0	1	0	0	1	0	0	0	1	94.8			OR8D2	62.5	
ORAI1	canonical	4	301	51	0	0	0	1	1	1	0	0	0	52.2	91.0	2.0	ORAI3	30.2	
ORAI2	canonical	4	254	38	0	0	0	1	1	1	0	0	0	96.9	95.3	2.0	ORAI3	24.4	
ORAI3	canonical	4	295	86	0	0	0	1	1	1	0	0	0	96.6	88.8	6.0	ORAI2	25.6	
OSCAR	canonical	0	282	264	1	1	1	1	0	0	1	0	0		74.5		LILRA1	24.1	
OSMR	canonical	1	979	716	1	1	0	1	1	0	1	1	0	94.5	55.2		CRLF2	10.3	5.0
OTOP2	canonical	12	562	106	0	0	0	1	1	1	0	0	0	93.8	85.2	2.0	OTOP3	31.1	
OTOP3	canonical	12	596	101	0	0	0	1	1	1	0	0	0	95.3	82.2	2.0	OTOP2	34.0	
OXER1	canonical	7	384	112	0	1	0	0	1	0	0	0	0	96.1			P2RY4	25.9	
OXGR1	canonical	7	337	90	0	1	0	1	1	0	0	0	0	97.6	85.5		SUCNR1	32.3	
P2RX1	canonical	2	399	288	0	0	0	1	1	0	0	1	1	97.5	89.5		P2RX4	49.8	2.0
P2RX2	canonical	2	471	279	0	0	0	1	1	0	1	1	1	96.6	79.8		P2RX4	51.2	1.0
P2RX3	canonical	2	397	284	0	0	0	1	0	0	0	1	1		93.7		P2RX5	50.9	1.0
P2RX5	canonical	2	444	293	0	0	0	1	1	1	0	0	1	81.8	69.0	3.0	P2RX4	58.7	
P2RX6	canonical	2	441	285	0	0	0	1	1	1	1	1	1	93.9	71.7	3.0	P2RX5	49.8	2.0
P2RX7	canonical	2	595	281	0	0	0	1	1	0	1	0	1	97.1	80.8		P2RX4	51.2	
P2RY1	canonical	7	373	127	0	1	0	1	1	0	0	1	0	98.9	94.9		P2RY6	29.1	1.0
P2RY10	canonical	7	339	85	0	1	0	1	1	0	0	0	0	98.2	83.2		CYSLTR1	25.9	
P2RY11	canonical	7	374	107	0	1	0	0	0	0	0	0	0				GPR174	22.4	
P2RY12	canonical	7	342	88	0	1	0	1	1	0	0	0	0	98.2	87.1		P2RY13	35.8	
P2RY13	canonical	7	354	106	0	1	0	1	1	0	0	0	0	94.9	72.9		P2RY12	35.8	
P2RY14	canonical	7	338	84	0	1	0	1	1	1	0	0	0	97.6	83.1	2.0	P2RY13	33.0	
P2RY2	canonical	7	377	79	0	1	0	1	0	0	0	0	1		89.4		P2RY4	45.7	
P2RY4	canonical	7	365	81	0	1	0	1	0	0	0	0	1		80.8		P2RY2	45.7	
P2RY6	canonical	7	328	73	0	1	0	1	1	1	0	0	0	97.9	86.6	2.0	P2RY2	39.2	
PACC1	canonical	2	350	216	0	0	0	1	1	0	0	0	0	97.7	90.6				
PAG1	canonical	1	432	15	0	1	0	1	1	0	0	0	0	96.5	78.7				
PANX1	canonical	4	426	73	0	0	0	1	1	0	0	0	0	96.2	86.4		PANX3	39.3	
PANX3	canonical	4	392	84	0	0	0	1	1	1	0	0	1	97.7	88.8	2.0	PANX1	42.9	
PAPPA	canonical	0	1627	1609	1	1	1	1	1	0	0	0	1	95.3	91.1		SUSD6	7.4	
PAQR5	canonical	8	330	68	0	0	0	1	1	0	0	0	0	97.0	91.5		PAQR6	26.5	
PAQR7	canonical	8	346	59	0	0	0	1	1	0	0	0	0	97.7	82.4		PAQR8	30.5	
PAQR8	canonical	8	354	57	0	0	0	1	1	0	0	0	0	90.7	94.1		PAQR3	18.6	
PAQR9	canonical	8	377	85	0	0	0	1	1	0	0	0	0	63.9	92.8		PAQR5	23.5	
PCDH10	canonical	1	1040	706	1	1	0	1	1	0	0	1	1	99.5	96.8		PCDH19	47.9	5.0
PCDH17	canonical	1	1159	688	1	1	0	1	1	0	0	1	1	99.5	98.1		PCDH19	56.7	5.0
PCDH18	canonical	1	1135	672	1	1	0	1	1	0	0	1	1	99.6	92.6		PCDH10	42.4	4.0
PCDH19	canonical	1	1148	657	1	1	0	1	1	0	0	1	1	99.0	96.4		PCDH17	56.7	4.0
PCDH7	canonical	1	1069	849	1	1	0	1	1	0	0	1	1	83.9	97.8		PCDH1	50.4	7.0
PCDH8	canonical	1	1070	721	1	1	0	1	0	0	0	1	1		94.2		PCDH18	40.6	6.0
PCDH9	canonical	1	1237	792	1	1	0	1	1	0	0	1	1	99.7	96.0		PCDH11X	59.7	5.0
PCDHB1	canonical	1	818	662	1	1	0	1	1	0	0	1	1	96.0	88.0		PCDHB15	56.4	4.0
PCDHB13	canonical	1	798	661	1	1	0	1	0	0	0	1	1		74.8		PCDHB8	94.6	4.0
PCDHB9	canonical	1	797	663	1	1	0	0	0	0	0	1	1				PCDHB10	92.8	6.0
PCDHGA9	canonical	1	932	665	1	1	0	1	0	0	0	1	1		84.1		PCDHGA8	80.6	3.0
PCDHGB4	canonical	1	923	659	1	1	0	1	0	0	0	1	1		83.7		PCDHGB5	81.5	3.0
PCDHGB5	canonical	1	923	657	1	1	0	1	0	0	0	1	1		84.6		PCDHGB4	81.5	3.0
PCDHGC3	canonical	1	934	662	1	1	0	1	0	0	0	1	1		92.1		PCDHGA4	47.3	7.0
PCDHGC5	canonical	1	944	664	1	1	0	1	0	0	0	1	1		93.1		PCDHGC4	51.2	4.0
PCSK9	canonical	0	692	662	1	1	1	1	1	1	0	0	0	96.4	76.7	2.0	PCSK5	12.7	
PDCD1	canonical	1	288	146	1	1	0	1	0	0	0	1	0		59.7				1.0
PDCD1LG2	canonical	1	273	202	1	1	0	1	1	0	1	1	1	95.2	63.0		CD274	41.8	2.0
PDGFRA	canonical	1	1089	504	1	1	0	1	1	0	1	1	0	99.0	91.8		LMTK2	24.2	2.0
PDGFRB	canonical	1	1106	499	1	1	0	1	1	0	1	1	0	94.8	85.4		LMTK2	25.7	2.0
PDPN	canonical	1	162	111	1	1	0	0	1	0	0	0	0	92.6					
PDZK1IP1	canonical	1	114	13	1	1	0	1	1	0	0	0	0	99.1	82.5		SMIM24	38.5	
PEAR1	canonical	1	1037	737	1	1	0	1	1	0	0	1	0	85.5	83.9		DLK1	16.3	7.0
PECAM1	canonical	1	738	574	1	1	0	1	1	0	0	1	0	91.6	63.3		FCER1A	12.5	5.0
PGAP6	canonical	7	771	544	1	1	0	1	1	1	0	0	0	94.0	75.4	2.0	TMEM8B	22.2	
PHEX	canonical	1	749	709	0	0	1	1	1	1	0	1	0	98.8	96.0	2.0	ECE1	38.9	1.0
PIANP	canonical	1	282	148	1	1	0	1	1	0	0	0	0	100.0	92.8				
PIEZO1	canonical	38	2521	598	0	0	0	1	0	0	0	0	1		82.2		PIEZO2	44.8	
PIEZO2	canonical	38	2752	597	0	0	0	1	1	0	1	0	1	95.7	89.9		PIEZO1	45.0	
PIGR	canonical	1	764	622	1	1	0	1	1	0	0	1	0	88.6	65.6		CD300H	10.9	4.0
PIK3IP1	canonical	1	263	151	1	1	0	1	1	0	1	1	0	65.4	78.7		MST1	8.1	1.0
PILRA	canonical	1	303	176	1	1	0	0	1	0	1	1	1	72.3			PILRB	83.0	1.0
PILRB	canonical	1	227	171	1	1	0	0	0	0	1	1	1				PILRA	83.5	1.0
PITPNM3	canonical	0	974	0	0	0	0	1	0	1	0	0	0		94.5	2.0			
PKD1	canonical	11	4303	3345	1	1	0	1	0	0	0	1	0		78.2		PKD2L1	7.9	9.0
PLA2R1	canonical	1	1463	1380	1	1	0	1	1	0	1	1	0	96.2	73.7		CD302	4.3	5.0
PLAC1	canonical	0	212	194	1	1	1	0	1	0	0	0	0	94.3			OOSP2	24.2	
PLAU	canonical	0	431	411	1	1	1	1	1	0	0	0	0	93.0	69.4		PRSS1	22.9	
PLAUR	canonical	0	335	313	1	1	1	1	1	0	0	1	0	90.7	61.2		LYPD5	21.7	2.0
PLG	canonical	0	810	791	1	1	1	1	1	0	0	0	0	93.0	79.6		PLGLB2	9.2	
PLGRKT	canonical	2	147	6	0	0	0	1	1	1	0	0	0	98.0	82.3	5.0			
PLPP1	canonical	6	284	90	0	0	0	1	1	1	0	0	1	87.7	74.3	4.0	PLPP3	65.9	
PLPP2	canonical	6	288	88	0	0	0	1	1	1	1	0	1	96.5	86.1	4.0	PLPP1	64.4	
PLPP3	canonical	6	311	91	0	0	0	1	1	1	0	0	1	99.7	94.9	4.0	PLPP1	64.8	
PLSCR1	canonical	0	318	0	0	0	0	0	0	0	0	0	0						
PLXDC1	canonical	1	500	408	1	1	0	1	1	0	1	0	1	97.0	81.4		PLXDC2	50.4	
PLXDC2	canonical	1	529	425	1	1	0	1	1	0	0	1	1	97.4	91.9		PLXDC1	50.4	2.0
PLXNA1	canonical	1	1896	1218	1	1	0	1	1	0	0	1	1	94.8	95.9		PLXNA3	58.7	7.0
PLXNA2	canonical	1	1894	1203	1	1	0	1	1	0	0	1	1	99.7	96.6		PLXNA4	59.4	3.0
PLXNA3	canonical	1	1871	1201	1	1	0	1	1	0	0	1	1	98.1	94.6		PLXNA1	58.5	5.0
PLXNA4	canonical	1	1894	1214	1	1	0	1	1	0	1	1	1	99.6	97.7		PLXNA2	59.7	3.0
PLXNB1	canonical	1	2135	1471	1	1	0	1	1	0	1	1	0	97.4	86.7		PLXNB3	38.4	3.0
PLXNB2	canonical	1	1838	1181	1	1	0	1	1	0	0	1	0	96.0	87.6		PLXNB1	30.8	3.0
PLXNB3	canonical	1	1909	1215	1	1	0	1	0	0	0	1	0		84.1		PLXNB1	38.2	6.0
PLXNC1	canonical	1	1568	911	1	1	0	1	0	0	0	1	0		90.6		PLXND1	21.5	2.0
PLXND1	canonical	1	1925	1227	1	1	0	1	1	0	0	1	0	61.9	91.4		PLXNB1	28.7	7.0
PMEPA1	canonical	1	287	43	0	1	0	1	1	0	0	0	0	78.7	87.1		LDLRAD4	22.4	
PMP22	canonical	4	160	58	0	0	0	1	1	0	0	0	0	98.8	86.2		GSG1L	17.5	
PODXL	canonical	1	558	439	1	1	0	0	0	1	0	1	0			2.0			1.0
PRG4	canonical	0	1404	1380	1	1	1	1	1	0	0	0	0	79.5	62.5		VTN	11.0	
PRLHR	canonical	7	370	118	0	1	0	1	1	0	0	0	0	78.4	89.7		NPY4R	26.3	
PRLR	canonical	1	622	212	1	1	0	1	1	0	1	1	0	95.7	67.7		LEPR	8.4	1.0
PRNP	canonical	0	253	231	1	1	1	1	1	0	0	1	0	96.4	89.7				1.0
PROCR	canonical	1	238	193	1	1	0	1	1	0	0	1	0	93.7	66.8				2.0
PROKR1	canonical	7	393	131	0	1	0	0	1	0	0	0	1	97.7			PROKR2	75.6	
PROKR2	canonical	7	384	118	0	1	0	1	1	0	0	0	1	99.0	89.6		PROKR1	72.5	
PROM1	canonical	5	865	623	1	1	0	1	1	0	0	1	0	95.8	60.9		PROM2	23.0	1.0
PROM2	canonical	5	834	609	1	1	0	1	1	0	1	1	0	93.5	73.3		PROM1	23.1	1.0
PRRG1	canonical	1	218	80	0	1	0	1	1	0	1	0	1	98.2	92.7		PRRG3	53.8	
PRRG2	canonical	1	202	92	1	1	0	1	1	0	0	0	0	78.2	78.7		MASP2	4.3	
PRRG4	canonical	1	226	99	1	1	0	1	1	0	0	0	0	95.1	74.8		PRRG1	31.3	
PRSS8	canonical	0	343	314	1	1	1	1	1	0	0	1	0	89.8	76.4				1.0
PRTG	canonical	1	1150	914	1	1	0	1	1	0	0	1	1	98.4	90.2		IGDCC3	30.2	6.0
PSCA	canonical	0	114	103	1	1	1	1	1	0	0	0	0	93.9	60.5		LY6E	36.0	
PTAFR	canonical	7	342	71	0	1	0	1	1	0	0	0	0	96.8	81.6		GPR34	20.9	
PTCH1	canonical	12	1447	610	0	0	0	1	1	0	1	0	1	94.5	95.5		PTCH2	55.7	
PTCH2	canonical	12	1203	606	0	0	0	1	1	0	0	0	1	97.4	89.4		PTCH1	55.4	
PTGDR	canonical	7	359	85	0	1	0	1	1	0	1	0	0	93.6	72.7		PTGER2	36.5	
PTGER1	canonical	7	402	88	0	1	0	1	0	0	0	0	0		85.3		PTGER2	30.7	
PTGER2	canonical	7	358	73	0	1	0	1	0	0	0	0	0		87.2		PTGDR	35.3	
PTGER3	canonical	7	390	122	0	1	0	1	1	0	0	0	0	91.8	79.0		PTGER2	26.2	
PTGER4	canonical	7	488	77	0	1	0	1	1	0	0	0	0	98.2	88.3		PTGER3	22.1	
PTGFRN	canonical	1	879	811	1	1	0	1	1	0	0	1	0	95.9	90.0		VSTM4	10.5	3.0
PTGIR	canonical	7	386	73	0	1	0	1	0	0	0	0	0		79.0		PTGDR	36.5	
PTH1R	canonical	7	593	227	1	1	0	1	1	0	0	0	0	90.1	90.2		PTH2R	36.6	
PTH2R	canonical	7	550	187	1	1	0	1	1	0	0	1	0	83.6	82.9		PTH1R	37.0	1.0
PTK7	canonical	1	1070	674	1	1	0	1	1	0	0	1	0	96.4	91.8				4.0
PTPRA	canonical	1	802	132	1	1	0	1	1	0	0	0	0	99.3	94.9		PTPRB	2.9	
PTPRC	canonical	1	1306	552	1	1	0	1	1	0	0	0	0	89.0	66.7		PTPRE	8.2	
PTPRCAP	canonical	1	206	13	1	1	0	1	0	0	0	0	0		63.1				
PTPRD	canonical	1	1912	1246	1	1	0	1	1	0	0	1	1	99.5	98.1		PTPRS	64.4	6.0
PTPRE	canonical	1	700	28	1	1	0	1	1	0	1	0	0	98.9	86.0		PTPRJ	1.5	
PTPRF	canonical	1	1907	1231	1	1	0	1	0	0	0	1	1		95.4		PTPRE	3.4	6.0
PTPRG	canonical	1	1445	711	1	1	0	1	1	0	0	1	0	98.7	94.2		PTPRE	6.5	1.0
PTPRJ	canonical	1	1337	936	1	1	0	1	1	0	1	1	0	91.9	66.9		PTPRE	12.2	5.0
PTPRK	canonical	1	1439	725	1	1	0	1	1	0	0	1	1	99.7	98.7		PTPRE	6.9	3.0
PTPRM	canonical	1	1452	722	1	1	0	1	1	0	0	1	1	99.6	97.3		PTPRT	63.6	1.0
PTPRO	canonical	1	1216	790	1	1	0	1	1	0	1	1	0	99.3	91.7		PTPRE	13.9	5.0
PTPRS	canonical	1	1948	1253	1	1	0	1	0	0	0	1	1		92.2		PTPRE	3.0	5.0
PTPRT	canonical	1	1441	721	1	1	0	1	1	0	0	1	1	99.2	98.0		PTPRM	63.6	2.0
PTPRZ1	canonical	1	2315	1615	1	1	0	1	1	0	0	1	0						
PTPRZ2	canonical	1	2315	1615	1	1	0	1	1	0	0	1	0						1.0
PVR	canonical	1	417	317	1	1	0	0	1	1	1	1	1	72.4		2.0	NECTIN2	52.3	1.0
QRFPR	canonical	7	431	107	0	1	0	0	1	0	0	0	0	98.6			GALR3	18.7	
RAET1E	canonical	1	263	201	1	1	0	0	1	0	1	0	0	81.4			ULBP3	39.5	
RAET1G	canonical	1	334	204	1	1	0	0	0	0	1	0	1				ULBP2	85.5	
RAET1L	canonical	0	246	221	1	1	1	0	0	0	0	0	1				ULBP2	96.4	
RAMP1	canonical	1	148	91	1	1	0	1	1	0	0	0	0	88.5	70.9		RAMP3	31.5	
RAMP2	canonical	1	175	105	1	1	0	1	1	0	0	1	0	95.4	67.4		RAMP1	29.5	1.0
RAMP3	canonical	1	148	92	1	1	0	1	1	0	0	1	0	95.9	83.8		RAMP1	32.6	3.0
RARRES1	canonical	0	294	257	1	1	1	1	1	0	0	0	0	92.5	69.0		LXN	26.8	
RECK	canonical	0	971	945	1	1	1	1	1	0	0	1	0	94.0	93.5				6.0
RELL1	canonical	1	271	35	1	1	0	1	1	0	0	0	0	98.9	88.2				
RET	canonical	1	1114	608	1	1	0	1	1	0	0	1	0	97.9	83.3		ROS1	11.2	1.0
RGMA	canonical	0	450	403	1	1	1	1	1	1	0	1	1	98.4	92.2	2.0	RGMB	52.4	1.0
RHBDF2	canonical	7	856	286	0	0	1	1	1	0	0	1	1	83.8	91.9		RHBDF1	69.6	2.0
RHBDL2	canonical	7	303	58	0	0	1	1	1	1	1	0	0	98.3	85.5	2.0	RHBDF2	5.9	
RHCG	canonical	12	479	102	0	0	0	1	1	1	0	0	1	96.9	77.9	3.0	RHBG	42.2	
RNF43	canonical	1	783	165	1	1	0	1	1	0	0	1	1	96.3	82.0		ZNRF3	41.2	1.0
ROBO1	canonical	1	1651	872	1	1	0	1	1	0	0	1	1	96.8	92.9		ROBO2	63.0	7.0
ROBO2	canonical	1	1378	838	1	1	0	1	1	0	0	1	1	92.6	94.4		ROBO1	62.8	7.0
ROBO3	canonical	1	1386	871	1	1	0	1	0	0	0	1	1		86.0		ROBO2	53.3	7.0
ROBO4	canonical	1	1007	441	1	1	0	1	0	0	0	0	0		77.4		HMCN2	3.8	
ROR1	canonical	1	937	374	1	1	0	1	1	0	1	1	1	99.6	96.8		ROR2	62.8	2.0
ROR2	canonical	1	943	370	1	1	0	1	1	0	0	1	1	98.3	92.5		ROR1	62.8	1.0
ROS1	canonical	1	2347	1834	1	1	0	1	1	0	0	1	0	96.7	80.4		TYRO3	9.8	11.0
RTN4R	canonical	0	473	447	1	1	1	1	1	0	0	1	1	93.7	89.4		RTN4RL2	42.3	1.0
RTN4RL1	canonical	0	441	417	1	1	1	1	1	0	0	1	1	94.8	88.7		RTN4RL2	46.8	2.0
RXFP1	canonical	7	757	449	1	1	0	1	1	0	1	0	1	98.7	85.2		RXFP2	53.7	
RXFP2	canonical	7	754	446	1	1	0	1	1	0	0	0	1	96.4	80.5		RXFP1	53.9	
RXFP3	canonical	7	469	138	0	1	0	0	1	0	0	0	0	93.8			GPR132	20.3	
RXFP4	canonical	7	374	101	0	1	0	1	0	0	0	0	0		75.4		AGTR2	26.4	
RYK	canonical	1	607	184	1	1	0	1	1	0	0	1	0	99.0	93.1		ROS1	4.0	1.0
S100A14	canonical	0	104	0	0	0	0	1	0	1	0	0	0		90.4	2.0			
S1PR1	canonical	7	382	102	0	1	0	1	1	0	0	0	1	98.2	94.2		S1PR2	45.1	
S1PR2	canonical	7	353	86	0	1	0	1	1	0	0	0	1	94.9	90.7		S1PR5	54.7	
S1PR3	canonical	7	378	96	0	1	0	1	1	0	0	0	1	98.1	87.6		S1PR5	45.8	
S1PR4	canonical	7	384	106	0	1	0	1	1	0	0	0	1	60.4	81.8		S1PR5	40.6	
S1PR5	canonical	7	398	84	0	1	0	1	0	0	1	0	1		84.9		S1PR2	47.7	
SCARA3	canonical	1	606	529	0	0	1	1	1	0	0	0	0	98.5	90.8		CTHRC1	10.2	
SCARA5	canonical	1	495	414	0	0	1	1	1	1	1	1	0	53.9	87.3	2.0	MSR1	33.6	2.0
SCARB1	canonical	2	552	410	0	0	0	1	1	0	1	1	0	96.1	79.6		SCARB2	35.4	1.0
SCARF1	canonical	1	830	402	1	1	0	1	1	0	1	1	1	84.6	71.1		SCARF2	52.5	2.0
SCARF2	canonical	1	871	398	1	1	0	1	1	0	0	1	1	84.4	84.1		SCARF1	52.7	3.0
SCN10A	canonical	22	1956	398	0	0	0	1	1	0	0	1	1	97.7	82.2		SCN1A	54.9	1.0
SCN1B	canonical	1	218	143	1	1	0	1	1	0	1	1	1	98.6	96.3		SCN3B	44.1	2.0
SCN2A	canonical	24	2005	444	0	0	0	1	1	0	0	1	1	99.9	98.1		SCN3A	86.3	1.0
SCN2B	canonical	1	215	130	1	1	0	1	1	0	0	1	0	98.1	92.1		MPZL2	31.5	1.0
SCN3A	canonical	24	2000	424	0	0	0	1	1	0	0	1	1	99.2	94.8		SCN2A	82.2	1.0
SCN3B	canonical	1	215	135	1	1	0	1	1	0	0	1	1	85.1	97.7		SCN1B	44.1	1.0
SCN4A	canonical	24	1836	431	0	0	0	1	1	0	0	1	1	98.0	92.5		SCN2A	72.3	1.0
SCN4B	canonical	1	228	132	1	1	0	1	1	0	0	1	0	98.7	79.4		MPZL2	29.5	1.0
SCN5A	canonical	24	2016	412	0	0	0	1	1	0	1	1	1	98.2	94.4		SCN2A	62.6	2.0
SCN7A	canonical	24	1682	419	0	0	0	1	1	0	0	1	1	95.4	74.1		SCN3A	57.8	1.0
SCN8A	canonical	24	1980	408	0	0	0	1	1	0	1	0	1	99.8	98.5		SCN2A	73.4	
SCN9A	canonical	24	1988	395	0	0	0	1	1	0	0	0	1	98.6	93.2		SCN2A	70.5	
SCNN1A	canonical	2	669	448	0	0	0	1	1	1	1	1	0	94.6	82.4	3.0	SCNN1D	37.3	3.0
SCNN1B	canonical	2	640	452	0	0	0	1	1	1	0	1	0	90.2	83.9	3.0	SCNN1G	38.2	3.0
SCNN1D	canonical	2	802	420	0	0	0	0	0	0	0	1	0				SCNN1A	36.8	1.0
SCNN1G	canonical	2	649	455	0	0	0	1	1	0	0	1	0	98.0	86.3		SCNN1A	38.2	4.0
SCTR	canonical	7	440	153	1	1	0	1	1	0	0	1	0	97.3	79.5		ADGRG4	2.3	1.0
SCUBE1	canonical	0	988	963	1	1	1	1	1	0	0	0	1	98.0	92.0		SCUBE3	66.9	
SCUBE2	canonical	0	999	968	1	1	1	1	0	0	0	0	1		84.3		SCUBE1	67.0	
SCUBE3	canonical	0	993	973	1	1	1	1	1	0	0	0	1	98.9	95.9		SCUBE1	67.0	
SDC1	canonical	1	310	232	1	1	0	1	0	0	0	0	0		76.8		SDC3	25.4	
SDC2	canonical	1	201	130	1	1	0	1	1	0	0	0	0	93.0	84.1		SDC3	14.0	
SDC3	canonical	1	442	342	1	1	0	1	1	0	0	0	0	87.6	83.5		SDC4	15.2	
SDC4	canonical	1	198	131	1	1	0	1	1	0	1	0	0	92.9	79.8		SDC3	14.9	
SDK1	canonical	2	2213	1917	0	0	0	1	1	0	1	1	1	90.5	89.7		SDK2	60.7	9.0
SELE	canonical	1	610	535	1	1	0	1	1	0	0	1	0	95.9	72.8		SELL	29.3	5.0
SELL	canonical	1	372	295	1	1	0	1	1	0	0	1	0	92.5	76.1		SELP	23.0	1.0
SELP	canonical	1	830	732	1	1	0	1	1	0	0	1	0	94.9	67.1		SUSD6	13.8	5.0
SELPLG	canonical	1	412	303	1	1	0	0	1	0	0	0	0	85.4					
SEMA3A	canonical	0	771	751	1	1	1	1	1	1	0	0	1	96.6	95.5	2.0	SEMA3D	55.3	
SEMA3B	canonical	0	749	725	1	1	1	1	1	0	0	0	1	96.9	88.7		SEMA3A	53.3	
SEMA4A	canonical	1	761	652	1	1	0	1	1	0	0	1	1	97.1	83.7		SEMA4B	41.2	2.0
SEMA4B	canonical	1	837	674	1	1	0	1	1	1	1	1	1	93.0	82.9	2.0	SEMA4C	42.9	4.0
SEMA4C	canonical	1	833	643	1	1	0	1	1	0	0	1	1	97.1	87.9		SEMA4G	44.7	2.0
SEMA4D	canonical	1	862	711	1	1	0	1	0	0	1	1	1		85.5		SEMA4C	43.2	1.0
SEMA4G	canonical	1	838	660	1	1	0	1	1	0	1	1	1	98.8	90.5		SEMA4C	44.8	1.0
SEMA5A	canonical	1	1074	948	1	1	0	1	1	0	0	1	1	95.3	94.1		SEMA5B	59.8	6.0
SEMA6A	canonical	1	1030	631	1	1	0	1	1	1	0	1	1	97.5	95.1	2.0	SEMA6B	53.6	2.0
SEMA6B	canonical	1	888	574	1	1	0	1	1	1	0	1	1	71.5	89.2	2.0	SEMA6A	53.9	2.0
SEMA6D	canonical	1	1073	642	1	1	0	1	1	0	1	1	1	99.3	94.9		SEMA6A	57.3	1.0
SEMA7A	canonical	0	666	622	1	1	1	1	1	1	0	1	0	91.9	89.0	2.0	SEMA4B	31.3	3.0
SERINC2	canonical	10	455	92	0	0	0	1	1	0	0	0	1	86.8	82.6		SERINC1	41.3	
SERINC3	canonical	10	473	116	0	0	0	1	1	0	1	0	0	98.5	78.0		SERINC1	39.7	
SERINC5	canonical	9	423	92	0	0	1	1	1	0	1	0	0	89.2	81.8		SERINC1	31.5	
SEZ6L2	canonical	1	910	817	1	1	0	1	1	0	1	1	1	96.1	96.0		SEZ6	44.0	5.0
SGCE	canonical	1	437	270	1	1	0	1	1	0	0	1	1	99.8	95.0		SGCA	41.9	1.0
SGCZ	canonical	1	299	241	0	0	1	1	1	1	0	1	1	99.0	95.2	2.0	SGCG	56.4	1.0
SGMS2	canonical	6	365	73	0	0	0	1	1	1	0	0	1	99.2	91.5	2.0	SGMS1	68.4	
SHH	canonical	0	462	439	1	1	1	1	1	0	0	0	1	66.5	87.4		IHH	59.5	
SIGIRR	canonical	1	410	118	0	1	0	1	1	0	0	1	0	95.6	81.5		LAG3	7.7	1.0
SIGLEC1	canonical	1	1709	1622	1	1	0	1	1	0	1	1	0	95.0	72.6		SIGLECL1	4.3	4.0
SIGLEC10	canonical	1	697	535	1	1	0	0	1	0	1	1	1	90.4			SIGLEC11	82.0	3.0
SIGLEC12	canonical	1	595	463	1	1	0	0	1	0	0	1	1	80.8			SIGLEC7	56.6	2.0
SIGLEC14	canonical	1	396	339	1	1	0	0	0	0	0	1	1				SIGLEC9	52.8	3.0
SIGLEC15	canonical	1	328	244	1	1	0	1	1	0	0	1	0	93.0	81.4		SIGLEC1	6.7	2.0
SIGLEC5	canonical	1	551	422	1	1	0	0	0	0	0	1	0						3.0
SIGLEC6	canonical	1	453	323	1	1	0	0	1	0	1	1	1	84.1			CD33	50.8	2.0
SIGLEC7	canonical	1	467	334	1	1	0	0	0	0	1	1	1				SIGLEC9	78.7	2.0
SIGLEC9	canonical	1	463	333	1	1	0	0	0	0	0	1	1				SIGLEC7	79.6	1.0
SIRPA	canonical	1	504	343	1	1	0	0	0	0	0	1	1				SIRPB1	84.5	1.0
SLAMF1	canonical	1	335	217	1	1	0	1	1	1	0	1	0	89.9	61.5	2.0	LY9	16.4	2.0
SLAMF6	canonical	1	332	204	1	1	0	0	1	1	0	1	0	67.2		2.0	CD84	36.3	2.0
SLAMF7	canonical	1	335	203	1	1	0	0	1	0	1	1	0	89.0			LY9	18.6	2.0
SLAMF9	canonical	1	289	218	1	1	0	1	1	0	0	1	0	85.1	57.4		LY9	19.1	3.0
SLC10A1	canonical	9	349	72	0	1	0	1	1	0	0	0	0	89.4	76.8		SLC10A4	14.3	
SLC10A6	canonical	9	377	77	0	1	0	1	1	0	0	0	0	97.9	70.3		SLC10A4	14.9	
SLC12A2	canonical	12	1212	122	0	0	0	1	1	0	0	0	1	98.8	94.1		SLC12A1	66.4	
SLC12A4	canonical	12	1085	170	0	0	0	1	1	1	0	0	1	99.4	96.2	2.0	SLC12A6	58.2	
SLC12A5	canonical	12	1139	172	0	0	0	1	1	0	0	1	1	98.0	97.3		SLC12A6	60.5	2.0
SLC12A6	canonical	12	1150	164	0	0	0	1	1	0	0	0	1	99.4	98.2		SLC12A5	58.1	
SLC12A7	canonical	12	1083	168	0	0	0	1	1	0	1	1	1	95.4	91.0		SLC12A5	59.9	1.0
SLC12A8	canonical	12	714	71	0	0	0	1	1	0	1	0	0	96.2	80.1		SLC12A2	20.5	
SLC13A3	canonical	15	602	147	0	0	1	1	1	1	1	0	1	85.9	87.7	2.0	SLC13A5	48.3	
SLC13A5	canonical	15	568	137	0	0	1	1	1	1	1	0	1	97.2	74.8	2.0	SLC13A3	49.7	
SLC14A1	canonical	10	389	65	0	0	0	1	1	1	0	0	0	93.1	83.5	3.0	SLC14A2	22.4	
SLC14A2	canonical	20	920	165	0	0	0	0	1	1	1	0	0	95.9		2.0	SLC14A1	31.5	
SLC15A1	canonical	12	708	283	0	0	0	1	1	0	0	1	0	92.5	85.2		SLC15A5	12.4	1.0
SLC15A2	canonical	12	729	274	0	0	0	1	1	0	0	0	0	93.3	82.9		SLC15A3	8.8	
SLC16A1	canonical	12	500	60	0	0	0	1	1	0	1	0	1	96.6	86.0		SLC16A7	42.3	
SLC16A10	canonical	12	515	70	0	0	0	1	1	0	0	0	0	98.3	84.1		SLC16A2	37.0	
SLC16A14	canonical	12	510	67	0	0	0	1	1	0	1	0	0	97.8	87.5		SLC16A9	35.8	
SLC16A2	canonical	12	539	73	0	0	0	1	1	0	0	0	0	99.1	94.2		SLC16A10	39.7	
SLC16A3	canonical	12	465	67	0	0	0	1	0	0	0	0	1		89.7		SLC16A8	52.9	
SLC16A4	canonical	12	487	65	0	0	0	1	1	0	1	0	0	96.9	82.8		SLC16A13	35.4	
SLC16A5	canonical	12	505	64	0	0	0	0	1	0	0	0	0	85.5			SLC16A12	39.1	
SLC16A6	canonical	12	523	73	0	0	0	1	1	0	0	0	0	98.3	84.7		SLC16A5	35.6	
SLC16A7	canonical	12	478	71	0	0	0	1	1	0	0	0	1	93.9	72.8		SLC16A3	49.3	
SLC16A9	canonical	12	509	64	0	0	0	1	1	0	0	0	0	98.2	87.8		SLC16A14	34.3	
SLC19A1	canonical	12	591	71	0	0	0	1	1	0	1	0	1	89.8	57.5		SLC19A3	46.5	
SLC19A2	canonical	12	497	70	0	0	0	1	1	0	1	0	1	98.4	90.5		SLC19A3	60.0	
SLC19A3	canonical	12	496	69	0	0	0	1	1	0	0	0	1	95.0	68.3		SLC19A2	52.9	
SLC1A1	canonical	8	524	190	0	0	0	1	1	1	0	0	1	98.5	90.1	3.0	SLC1A7	53.0	
SLC1A2	canonical	8	574	195	0	0	0	1	1	1	0	1	1	99.0	95.1	3.0	SLC1A1	49.2	1.0
SLC1A3	canonical	8	542	190	0	0	0	1	1	1	0	0	1	99.6	96.7	3.0	SLC1A6	66.7	
SLC1A4	canonical	8	532	178	0	0	0	1	1	1	1	0	1	98.9	89.8	3.0	SLC1A5	54.5	
SLC1A5	canonical	8	541	173	0	0	0	1	1	1	1	0	1	97.6	83.2	3.0	SLC1A4	52.8	
SLC20A1	canonical	10	679	102	0	1	1	1	1	0	0	0	1	97.6	91.5		SLC20A2	52.0	
SLC20A2	canonical	12	652	93	0	1	1	1	1	0	0	0	1	99.4	91.7		SLC20A1	56.9	
SLC22A1	canonical	12	554	139	0	0	0	1	1	0	1	0	1	94.4	77.8		SLC22A2	78.6	
SLC22A12	canonical	12	553	145	0	0	0	1	1	0	1	0	1	95.5	74.0		SLC22A11	70.3	
SLC22A13	canonical	12	551	127	0	0	0	0	1	0	1	0	0	95.5			SLC22A8	34.6	
SLC22A15	canonical	12	547	112	0	0	0	1	1	0	1	0	0	96.7	93.8		SVOPL	17.0	
SLC22A16	canonical	12	577	140	0	0	0	0	1	0	1	0	0	95.3			SVOPL	12.9	
SLC22A17	canonical	12	649	148	0	0	0	1	1	0	1	0	0	80.5	95.7		SVOPL	12.8	
SLC22A2	canonical	12	555	140	0	0	0	1	1	0	1	0	1	90.8	83.1		SLC22A1	77.1	
SLC22A3	canonical	12	556	146	0	0	0	1	1	0	0	0	1	97.3	86.7		SLC22A1	47.3	
SLC22A4	canonical	12	551	134	0	0	0	1	0	0	0	0	1		85.1		SLC22A5	86.0	
SLC22A5	canonical	12	557	136	0	0	0	0	0	0	1	0	1				SLC22A4	87.5	
SLC22A8	canonical	12	542	111	0	0	0	1	1	0	1	0	1	96.3	77.5		SLC22A6	43.9	
SLC23A2	canonical	14	650	120	0	0	0	1	1	1	1	0	1	95.8	94.6	2.0	SLC23A1	53.7	
SLC24A2	canonical	11	661	139	0	0	1	1	1	0	0	0	0	98.3	87.6		SLC24A1	11.5	
SLC24A3	canonical	11	644	126	0	0	1	1	1	0	0	0	1	78.0	96.6		SLC24A4	55.6	
SLC26A1	canonical	12	701	119	0	0	0	1	0	1	1	0	1		78.7	2.0	SLC26A2	45.2	
SLC26A11	canonical	12	606	96	0	0	0	1	1	1	0	0	0	92.9	80.5	2.0	SLC26A7	24.0	
SLC26A2	canonical	12	739	124	0	0	0	1	1	1	0	0	1	96.5	80.9	2.0	SLC26A1	47.6	
SLC26A3	canonical	14	764	114	0	0	0	1	1	1	0	0	0	88.1	80.6	2.0	SLC26A6	27.2	
SLC26A4	canonical	14	780	101	0	0	0	1	1	1	1	0	0	97.9	87.6	2.0	SLC26A5	35.3	
SLC26A6	canonical	12	759	104	0	0	0	1	1	1	0	0	0	94.9	77.3	2.0	SLC26A1	31.9	
SLC28A2	canonical	11	658	265	0	0	1	0	1	1	0	0	1	87.4		3.0	SLC28A1	66.8	
SLC28A3	canonical	11	691	268	0	0	1	1	1	1	0	0	1	95.7	78.0	3.0	SLC28A1	46.3	
SLC29A1	canonical	11	456	99	0	0	1	1	1	0	0	0	0	99.3	79.8		SLC29A2	31.3	
SLC29A2	canonical	11	456	88	0	0	1	1	1	0	1	0	0	97.1	88.8		SLC29A1	32.3	
SLC29A4	canonical	11	530	81	0	0	1	1	1	0	0	0	0	95.3	86.6		SLC29A2	17.0	
SLC2A1	canonical	12	492	65	0	0	0	1	1	0	0	0	1	99.2	97.2		SLC2A4	56.3	
SLC2A14	canonical	12	520	71	0	0	0	0	1	0	1	0	1	87.3			SLC2A3	87.3	
SLC2A2	canonical	12	524	101	0	0	0	1	1	0	1	0	0	97.3	81.9		SLC2A4	32.7	
SLC2A3	canonical	12	496	71	0	0	0	0	1	0	0	0	1	97.6			SLC2A14	87.3	
SLC2A5	canonical	12	501	76	0	0	0	1	1	0	1	0	1	96.4	82.8		SLC2A7	48.7	
SLC2A7	canonical	12	512	78	0	0	0	1	1	0	0	0	1	93.9	75.8		SLC2A5	48.7	
SLC2A9	canonical	12	540	72	0	0	0	1	1	0	0	0	1	78.5	80.9		SLC2A11	51.4	
SLC30A1	canonical	6	507	60	0	0	0	1	1	1	0	0	0	97.8	85.2	2.0	SLC30A6	20.0	
SLC30A10	canonical	6	485	33	0	0	0	1	1	1	1	0	0	85.8	78.1	2.0	SLC30A6	21.2	
SLC31A1	canonical	3	190	70	0	1	0	1	1	1	0	0	0	98.9	92.6	3.0	SLC31A2	11.4	
SLC34A1	canonical	10	639	158	0	0	0	1	1	0	1	0	1	96.4	90.9		SLC34A2	50.3	
SLC34A2	canonical	10	690	171	0	0	0	1	1	0	0	1	1	94.3	79.0		SLC34A1	48.5	1.0
SLC35F2	canonical	10	374	51	0	0	0	1	1	0	1	0	1	97.6	89.8		SLC35F1	48.3	
SLC35G2	canonical	10	412	56	0	0	0	1	1	1	0	0	0	98.5	92.2	2.0	SLC35G3	32.1	
SLC36A1	canonical	11	476	106	0	0	1	1	1	0	1	0	1	98.5	85.9		SLC36A2	72.6	
SLC38A1	canonical	11	487	97	0	0	1	1	1	0	0	0	1	94.0	93.0		SLC38A4	32.2	
SLC38A2	canonical	11	506	107	0	0	1	1	1	0	1	0	1	96.6	88.1		SLC38A3	42.7	
SLC38A3	canonical	11	504	117	0	0	1	1	1	0	0	0	1	97.4	90.1		SLC38A4	39.6	
SLC38A4	canonical	11	547	149	0	0	1	1	1	0	0	0	0	97.1	87.0		SLC38A3	37.6	
SLC38A5	canonical	11	472	102	0	0	1	1	1	0	0	0	1	69.1	87.5		SLC38A3	41.0	
SLC38A6	canonical	11	456	90	0	0	1	1	1	0	0	0	1	96.1	82.7		SLC38A4	29.5	
SLC39A1	canonical	8	324	71	0	1	1	1	0	1	1	0	0		93.8	2.0	SLC39A3	16.9	
SLC39A10	canonical	6	831	436	1	1	1	1	1	1	1	1	0	99.5	87.4	2.0	SLC39A5	19.7	1.0
SLC39A12	canonical	6	691	379	1	1	1	1	0	1	1	1	0		77.6	2.0	SLC39A14	14.8	1.0
SLC39A14	canonical	6	492	155	1	1	1	1	1	1	1	1	0	94.1	86.4	2.0	SLC39A8	34.8	1.0
SLC39A2	canonical	8	309	68	0	1	1	1	1	1	1	0	0	96.4	78.3	2.0	SLC39A3	20.6	
SLC39A4	canonical	6	647	336	1	1	1	1	1	1	0	1	0	94.3	72.0	2.0	SLC39A8	16.4	1.0
SLC39A6	canonical	6	755	361	1	1	1	1	1	1	1	1	0	96.2	87.3	2.0	SLC39A14	14.7	1.0
SLC39A8	canonical	6	460	137	1	1	1	1	1	1	1	0	0	99.8	89.3	2.0	SLC39A14	33.5	
SLC3A2	canonical	1	529	425	0	0	1	1	1	0	0	0	0	96.0	74.7		SLC3A1	24.0	
SLC40A1	canonical	12	571	105	0	0	0	1	1	0	0	0	0	99.3	90.5				
SLC41A1	canonical	11	513	66	0	0	1	1	1	0	0	0	1	99.8	97.9		SLC41A2	62.1	
SLC41A2	canonical	11	573	62	0	0	1	1	1	0	0	0	1	99.5	91.1		SLC41A1	62.1	
SLC43A1	canonical	12	559	102	0	0	0	1	1	0	0	0	1	90.2	83.5		SLC43A2	49.0	
SLC43A2	canonical	12	569	101	0	0	0	1	0	0	1	0	1		91.4		SLC43A1	49.0	
SLC43A3	canonical	12	491	90	0	0	0	1	1	0	0	0	0	96.1	74.3				
SLC44A1	canonical	10	657	222	0	0	0	1	1	0	0	1	1	98.6	95.3		SLC44A3	41.9	1.0
SLC44A2	canonical	10	706	293	0	0	0	1	1	0	0	1	1	94.1	90.9		SLC44A5	43.3	1.0
SLC46A1	canonical	12	459	88	0	0	0	1	1	0	0	0	0	98.3	87.1		SLC46A3	31.1	
SLC47A1	canonical	13	570	72	0	0	1	1	1	0	1	0	1	95.1	78.2		SLC47A2	64.4	
SLC4A10	canonical	14	1118	131	0	0	0	1	1	0	1	0	1	97.0	95.0		SLC4A7	61.0	
SLC4A11	canonical	14	875	144	0	0	0	1	1	1	1	0	0	96.8	84.0	2.0	SLC4A1	21.5	
SLC4A2	canonical	14	1241	129	0	0	0	1	1	0	0	0	1	96.9	94.4		SLC4A1	50.4	
SLC4A4	canonical	14	1079	256	0	0	0	1	1	0	1	1	1	95.6	97.0		SLC4A5	68.8	1.0
SLC4A7	canonical	14	1214	141	0	0	0	1	1	0	1	1	1	99.3	84.9		SLC4A8	64.4	1.0
SLC4A8	canonical	14	1093	146	0	0	0	1	1	0	1	1	1	99.6	96.0		SLC4A7	67.8	1.0
SLC51B	canonical	1	128	39	0	1	0	1	1	0	0	0	0	95.3	63.3				
SLC52A1	canonical	11	448	98	0	0	1	0	1	0	1	0	1	96.4			SLC52A2	90.8	
SLC52A2	canonical	11	445	94	0	0	1	0	1	0	0	0	1	96.2			SLC52A1	86.7	
SLC52A3	canonical	11	469	138	0	0	1	1	1	0	1	0	0	97.2	74.0		SLC52A2	35.5	
SLC5A1	canonical	14	664	179	0	1	1	1	1	0	1	1	1	95.9	88.0		SLC5A4	69.4	1.0
SLC5A11	canonical	14	675	189	0	1	1	1	1	0	1	0	1	97.3	86.2		SLC5A10	47.6	
SLC5A12	canonical	13	618	157	0	1	0	1	1	0	1	0	1	93.7	85.6		SLC5A8	49.1	
SLC5A3	canonical	14	718	164	0	1	1	1	0	0	0	0	1		93.9		SLC5A9	44.1	
SLC5A5	canonical	13	643	170	0	1	0	1	1	0	0	0	1	97.7	81.0		SLC5A12	44.1	
SLC5A6	canonical	13	635	177	0	1	0	1	1	0	0	0	0	95.3	82.5		SLC5A8	37.3	
SLC61A1	canonical	13	450	63	0	1	0	1	1	0	0	0	0	99.3	96.2		SLC67A2	20.6	
SLC68A1	canonical	12	517	89	0	0	0	1	1	0	0	0	0	97.7	89.2				
SLC6A1	canonical	12	599	138	0	0	0	1	1	0	0	0	1	100.0	98.0		SLC6A11	54.2	
SLC6A11	canonical	12	632	142	0	0	0	1	1	0	1	0	1	64.4	93.5		SLC6A13	69.9	
SLC6A12	canonical	12	614	146	0	0	0	1	1	0	0	0	1	95.4	87.8		SLC6A13	70.5	
SLC6A13	canonical	12	602	143	0	0	0	1	1	0	1	0	1	98.2	91.0		SLC6A11	72.0	
SLC6A14	canonical	12	642	165	0	0	0	0	1	0	0	0	0	97.4			SLC6A6	35.2	
SLC6A15	canonical	12	730	226	0	0	0	1	1	0	1	0	1	98.6	91.5		SLC6A17	65.0	
SLC6A19	canonical	12	634	205	0	0	0	1	1	0	0	0	1	81.7	86.8		SLC6A18	48.1	
SLC6A2	canonical	12	617	151	0	0	0	1	1	0	1	0	1	95.8	94.3		SLC6A3	61.6	
SLC6A3	canonical	12	620	148	0	0	0	1	1	0	0	0	1	98.9	93.5		SLC6A2	60.9	
SLC6A4	canonical	12	630	145	0	0	0	1	1	0	0	0	1	97.8	92.5		SLC6A3	45.9	
SLC6A5	canonical	12	797	172	0	0	0	1	1	0	1	0	1	98.5	93.2		SLC6A7	43.0	
SLC6A6	canonical	12	620	145	0	0	0	1	1	0	1	0	1	99.4	93.4		SLC6A13	68.3	
SLC6A8	canonical	12	635	148	0	0	0	0	0	0	1	0	1				SLC6A11	62.2	
SLC6A9	canonical	12	706	151	0	0	0	1	1	0	0	0	1	91.9	96.2		SLC6A7	48.3	
SLC7A1	canonical	14	629	128	0	0	0	1	1	0	0	0	1	98.6	86.6		SLC7A3	47.7	
SLC7A10	canonical	12	523	68	0	0	0	1	0	0	0	0	1		92.9		SLC7A8	64.7	
SLC7A11	canonical	12	501	67	0	0	0	1	1	0	0	0	1	98.2	89.2		SLC7A8	48.5	
SLC7A2	canonical	14	658	122	0	0	0	1	1	0	0	0	1	97.1	88.1		SLC7A1	46.1	
SLC7A3	canonical	14	619	128	0	0	0	1	1	0	0	0	1	96.9	81.6		SLC7A1	50.8	
SLC7A4	canonical	14	635	103	0	0	0	1	1	0	0	0	0	97.5	81.4		SLC7A1	33.6	
SLC7A5	canonical	12	507	70	0	0	0	1	1	0	0	0	1	75.1	91.9		SLC7A8	47.1	
SLC7A6	canonical	12	515	66	0	0	0	1	1	0	0	0	1	98.1	89.1		SLC7A7	61.2	
SLC7A7	canonical	12	511	67	0	0	0	1	1	0	0	0	1	98.6	90.2		SLC7A6	61.2	
SLC7A8	canonical	12	535	68	0	0	0	1	1	0	1	0	1	98.7	91.2		SLC7A10	64.7	
SLC7A9	canonical	12	487	72	0	0	0	1	1	0	0	0	1	95.1	86.9		SLC7A11	45.8	
SLC8A1	canonical	10	973	105	1	1	1	1	1	0	0	0	1	99.2	94.8		FRAS1	1.2	
SLC8A2	canonical	12	921	112	1	1	1	1	1	0	0	0	1	99.8	94.5		FREM2	1.3	
SLC8A3	canonical	10	927	100	1	1	1	1	1	0	1	0	1	97.4	95.0		FREM2	1.3	
SLC9A1	canonical	12	815	172	0	0	0	1	0	1	1	1	1		92.9	2.0	SLC9A2	43.0	1.0
SLC9A2	canonical	11	812	153	1	1	0	1	1	1	0	1	1	96.6	91.1	2.0	SLC9A4	63.4	1.0
SLC9A4	canonical	11	798	152	1	1	0	1	1	1	0	0	1	97.0	83.3	2.0	SLC9A2	64.1	
SLCO1A2	canonical	12	670	247	0	0	0	0	1	0	1	0	1	96.1			SLCO1C1	48.6	
SLCO1C1	canonical	12	712	257	0	0	0	1	1	0	1	0	1	98.5	84.0		SLCO1A2	49.0	
SLCO2A1	canonical	12	643	238	0	0	0	1	1	0	0	0	1	97.4	83.2		SLCO2B1	43.2	
SLCO2B1	canonical	12	709	241	0	0	0	1	1	0	1	1	1	96.5	73.3		SLCO2A1	43.6	1.0
SLCO3A1	canonical	12	710	233	0	0	0	1	1	0	1	0	0	69.7	97.9		SLCO4A1	38.6	
SLCO4A1	canonical	12	722	225	0	0	0	1	1	0	1	0	1	92.2	75.5		SLCO4C1	44.4	
SLCO4C1	canonical	12	724	221	0	0	0	1	1	0	0	0	1	94.3	81.2		SLCO4A1	44.4	
SLCO5A1	canonical	12	848	260	0	0	0	1	1	0	1	1	0	98.0	88.6		SLCO4C1	34.2	1.0
SLITRK5	canonical	1	958	626	1	1	0	1	1	0	0	1	1	90.4	96.9		SLITRK2	54.8	1.0
SMAGP	canonical	1	97	35	0	1	0	1	1	0	0	0	0	96.9	78.4		NECTIN2	5.2	
SMO	canonical	7	787	296	1	1	0	1	1	0	0	0	0	79.4	93.0		FZD8	22.8	
SMPDL3B	canonical	0	455	437	1	1	1	1	1	0	0	0	0	67.0	75.2		SMPDL3A	39.6	
SOD3	canonical	0	240	222	1	1	1	1	1	1	0	0	0	94.6	65.8	2.0			
SORCS1	canonical	1	1168	1069	1	1	0	1	1	0	0	1	1	75.8	90.9		SORCS3	66.5	5.0
SORCS2	canonical	1	1159	1029	1	1	0	1	0	0	0	1	1		86.0		SORCS1	45.9	2.0
SORL1	canonical	1	2214	2110	1	1	0	1	1	0	0	1	0	93.6	93.2		SORT1	13.0	8.0
SORT1	canonical	1	831	725	1	1	0	1	1	0	0	1	0	98.7	90.5		SORL1	11.6	3.0
SPN	canonical	1	400	236	1	1	0	1	1	0	0	0	0	89.5	50.5				
SPNS2	canonical	12	549	83	0	0	0	1	0	0	0	0	1		96.0		SPNS1	44.2	
SPPL2B	canonical	9	592	201	1	1	0	1	1	0	1	0	1	75.5	77.4		SPPL2C	47.2	
SSPN	canonical	4	243	56	0	0	0	1	1	0	1	0	0	97.9	75.3				
SSTR1	canonical	7	391	106	0	1	0	1	1	1	0	0	1	100.0	98.7	2.0	SSTR4	41.5	
SSTR2	canonical	7	369	98	0	1	0	1	1	0	0	0	0	91.1	93.8		SSTR3	36.7	
SSTR3	canonical	7	418	96	0	1	0	1	0	0	0	0	1		85.4		SSTR5	42.7	
SSTR4	canonical	7	388	95	0	1	0	1	1	0	0	0	1	93.8	88.4		SSTR1	42.5	
SSTR5	canonical	7	364	90	0	1	0	1	1	0	0	0	1	54.4	79.9		SSTR3	41.7	
STAB1	canonical	1	2570	2450	1	1	0	1	1	0	1	1	1	96.6	81.8		STAB2	42.4	23.0
STEAP1	canonical	6	339	76	0	0	0	0	0	1	0	0	1			3.0	STEAP1B	77.6	
STEAP1B	canonical	5	245	57	0	0	1	0	0	1	0	0	1			2.0	STEAP1	75.0	
STEAP2	canonical	6	490	73	0	0	0	1	1	1	1	0	1	99.0	96.5	3.0	STEAP1B	46.6	
STEAP3	canonical	6	488	73	0	0	0	1	1	1	1	0	1	97.6	85.1	3.0	STEAP2	54.8	
STEAP4	canonical	6	459	72	0	0	0	1	1	1	1	0	0	97.4	82.4	3.0	STEAP3	32.9	
STOM	canonical	2	288	1	0	0	0	1	1	1	1	0	1	99.0	86.1	2.0	STOML3	0.0	
STRA6	canonical	9	667	170	0	1	0	1	1	1	1	0	0	95.4	74.1	2.0			
SUCNR1	canonical	7	334	93	0	1	0	1	1	1	0	0	0	92.2	68.3	2.0	OXGR1	35.5	
SULF1	canonical	0	871	849	1	1	1	1	1	0	0	0	1	97.0	93.0		SULF2	67.5	
SULF2	canonical	0	870	846	1	1	1	1	1	0	0	0	1	99.2	94.3		SULF1	67.5	
SUSD2	canonical	1	822	759	1	1	0	1	1	0	0	1	0	84.9	76.2		MUC4	4.9	1.0
SUSD3	canonical	1	255	105	0	1	0	1	1	0	1	1	0	74.5	64.3		CSMD2	1.7	1.0
TAAR6	canonical	7	345	88	0	1	0	0	1	0	0	0	1	94.8			TAAR8	73.9	
TAAR8	canonical	7	342	87	0	1	0	0	0	0	0	0	1				TAAR6	75.0	
TAAR9	canonical	7	348	90	0	1	0	1	0	0	0	0	1		86.8		TAAR8	63.3	
TACR1	canonical	7	407	82	0	1	0	1	1	0	0	0	0	99.5	94.6		TACR3	28.1	
TACR2	canonical	7	398	92	0	1	0	1	1	0	0	0	0	95.0	82.4		TACR3	28.1	
TACR3	canonical	7	465	139	0	1	0	1	1	0	0	0	0	97.8	85.8		TACR1	29.5	
TACSTD2	canonical	1	323	246	1	1	0	1	0	0	0	1	1		78.6		EPCAM	49.2	1.0
TARM1	canonical	1	271	215	1	1	0	0	1	0	0	1	0	86.3			VSTM1	34.0	1.0
TAS1R1	canonical	7	841	584	1	1	0	1	1	1	1	1	0	93.2	73.7	2.0	TAS1R2	38.4	2.0
TAS1R2	canonical	7	839	589	1	1	0	1	1	1	0	1	0	92.0	69.8	2.0	TAS1R1	38.7	2.0
TAS1R3	canonical	7	852	594	1	1	0	1	0	1	0	1	0		72.8	2.0	TAS1R1	35.7	2.0
TAS2R1	canonical	7	299	59	0	1	0	0	1	0	0	0	0	82.9			TAS2R39	15.0	
TAS2R10	canonical	7	307	50	0	1	0	0	1	0	0	0	0	91.2			TAS2R3	35.3	
TAS2R14	canonical	7	317	51	0	1	0	0	0	0	0	0	0				TAS2R31	21.1	
TAS2R19	canonical	7	299	53	0	1	0	0	0	0	0	0	1				TAS2R30	58.9	
TAS2R20	canonical	7	309	56	0	1	0	0	0	0	0	0	1				TAS2R19	51.8	
TAS2R36	canonical	7	309	55	0	1	0	0	0	0	0	0	0						
TAS2R38	canonical	7	333	69	0	1	0	1	1	0	0	0	0	95.8	65.5		TAS2R30	23.2	
TAS2R39	canonical	7	338	80	0	1	0	1	1	0	0	0	0	92.9	51.2		TAS2R40	35.0	
TAS2R4	canonical	7	299	58	0	1	0	1	1	0	0	0	0	94.6	66.6		TAS2R3	25.9	
TAS2R43	canonical	7	309	57	0	1	0	0	0	0	0	0	1				TAS2R46	80.7	
TAS2R45	canonical	7	299	58	0	1	0	0	0	0	0	0	0						
TAS2R46	canonical	7	309	56	0	1	0	0	0	1	0	0	1			2.0	TAS2R43	80.7	
TAS2R50	canonical	7	299	53	0	1	0	0	0	0	0	0	1				TAS2R30	60.7	
TAS2R7	canonical	7	318	66	0	1	0	1	1	0	0	0	0	94.0	67.0		TAS2R8	34.8	
TAS2R8	canonical	7	309	53	0	1	0	0	1	0	0	0	0	86.1			TAS2R7	25.8	
TBXA2R	canonical	7	343	88	0	1	0	1	0	0	0	0	0		74.6		PTGER1	30.7	
TCAF2	canonical	0	919	919	0	1	1	0	0	0	0	0	1				TCAF1	64.7	
TEK	canonical	1	1124	724	1	1	0	1	1	0	0	1	0	98.5	92.9		LMTK2	24.0	4.0
TENM1	canonical	1	2725	2386	0	0	1	1	1	0	0	1	1	99.3	97.0		TENM4	66.3	3.0
TENM4	canonical	1	2769	2407	0	0	1	1	0	0	0	1	1		96.1		TENM3	69.3	3.0
TFPI	canonical	0	304	276	1	1	1	1	1	0	0	1	0	90.5	59.2		TFPI2	30.1	2.0
TFR2	canonical	1	801	697	0	0	1	1	1	1	1	0	1	97.9	84.8	2.0	TFRC	46.5	
TFRC	canonical	1	760	674	0	0	1	1	1	1	0	0	1	91.1	76.6	2.0	TFR2	46.5	
TGFA	canonical	1	160	76	1	1	0	1	0	0	0	0	0		91.9		BTC	37.9	
TGFBR1	canonical	1	503	93	1	1	0	1	1	0	0	1	1	99.6	96.4		ACVR1C	40.9	1.0
TGFBR2	canonical	1	567	140	1	1	0	1	1	0	1	1	0	98.8	92.2		ACVR1	19.3	1.0
TGFBR3	canonical	1	851	768	1	1	0	1	1	0	0	1	0	98.1	81.4		TGFBR3L	9.2	2.0
THBD	canonical	1	575	498	1	1	0	1	0	0	0	1	0		67.8				3.0
THBS1	canonical	0	1170	1152	1	1	1	1	1	0	0	0	1	99.2	94.7		THBS2	62.7	
THBS4	canonical	0	961	937	1	1	1	1	1	0	0	0	1	98.0	92.5		COMP	55.7	
THY1	canonical	0	161	142	1	1	1	1	1	0	0	1	0	92.5	69.6				1.0
TIE1	canonical	1	1138	742	1	1	0	1	1	0	1	1	0	95.6	92.6		LMTK2	25.1	3.0
TIGIT	canonical	1	244	120	1	1	0	1	1	1	0	1	0	88.1	59.4	2.0	NECTIN4	13.2	1.0
TIMD4	canonical	1	378	290	1	1	0	0	1	0	0	1	0	86.8			HAVCR1	37.2	1.0
TIMP2	canonical	0	220	194	1	1	1	1	1	0	0	0	1	100.0	98.2		TIMP4	50.3	
TIMP4	canonical	0	224	195	1	1	1	1	1	0	0	0	1	96.9	88.8		TIMP3	48.7	
TLCD1	canonical	7	247	39	0	1	0	1	1	0	1	0	0	95.1	87.0		TLCD4	14.0	
TLR1	canonical	1	786	556	1	1	0	1	1	0	0	1	1	95.3	74.0		TLR6	63.3	2.0
TLR2	canonical	1	784	568	1	1	0	1	1	0	0	1	0	95.8	70.9		LRRC53	32.4	3.0
TLR4	canonical	1	839	608	1	1	0	1	1	0	0	1	0	92.7	66.9		LRRC3B	37.6	1.0
TLR5	canonical	1	858	619	1	1	0	1	1	0	0	1	0	94.9	72.3		LRRC3	9.5	1.0
TLR6	canonical	1	796	554	1	1	0	1	1	0	0	1	1	95.5	73.9		TLR1	63.3	1.0
TM4SF1	canonical	4	202	65	0	0	0	1	0	0	0	0	1		77.2		TM4SF18	49.3	
TM4SF18	canonical	4	201	67	0	0	0	0	1	0	0	0	1	97.0			TM4SF1	52.2	
TM4SF4	canonical	4	202	61	0	0	0	1	1	0	0	0	1	79.7	87.6		TM4SF5	48.4	
TM4SF5	canonical	4	197	62	0	0	0	1	1	0	0	0	1	93.4	81.7		TM4SF4	48.4	
TM7SF3	canonical	7	570	327	1	1	0	1	1	0	0	1	0	96.1	77.5				1.0
TMEM100	canonical	2	134	8	0	0	0	1	1	0	0	0	0	98.5	85.1		PIRT	7.7	
TMEM106A	canonical	1	262	147	0	0	1	1	1	1	0	1	0	95.0	66.4	2.0			1.0
TMEM123	canonical	1	208	142	1	1	0	1	1	0	0	0	0	82.7	50.0		CD164	30.8	
TMEM132A	canonical	1	1023	811	1	1	0	1	0	0	1	1	0		87.1		TMEM132E	35.2	3.0
TMEM150A	canonical	6	271	69	0	0	0	1	1	0	1	0	0	99.3	91.5		TMEM150B	31.9	
TMEM154	canonical	1	183	53	1	1	0	1	1	0	0	0	0	83.6	65.0				
TMEM181	canonical	8	475	189	0	0	0	1	1	0	0	0	0	97.3	91.6				
TMEM219	canonical	2	240	161	0	0	0	1	1	0	0	1	0	98.8	83.8		TMEM248	23.2	1.0
TMEM63B	canonical	11	832	120	1	1	0	1	1	0	1	0	1	99.8	98.2		TMEM63A	54.3	
TMEM67	canonical	7	995	527	1	1	0	1	1	0	0	0	0	93.0	85.0				
TMEM8B	canonical	7	472	256	0	1	0	1	1	1	1	0	0	98.7	92.0	2.0	MYMK	7.4	
TMEM98	canonical	1	226	4	0	1	0	1	1	1	0	0	0	100.0	98.7	2.0			
TMIGD2	canonical	1	282	127	1	1	0	0	1	0	0	1	0	84.5					2.0
TMPRSS11D	canonical	1	418	378	0	0	1	1	1	0	0	0	1	92.6	66.5		TMPRSS11F	43.3	
TMPRSS13	canonical	1	586	400	0	0	1	1	1	0	1	1	0	95.6	82.2		TMPRSS9	15.0	1.0
TMPRSS2	canonical	1	492	387	0	0	1	1	1	0	0	0	1	87.4	78.0		TMPRSS3	47.3	
TMPRSS6	canonical	1	811	736	0	0	1	1	1	0	0	1	0	91.9	83.5		TMPRSS5	22.6	1.0
TNC	canonical	0	2201	2179	1	1	1	1	1	0	0	0	0	97.3	84.1		MFAP4	5.4	
TNF	canonical	1	233	182	0	0	1	1	1	1	0	0	0	76.8	79.4	3.0	LTA	32.4	
TNFRSF10A	canonical	1	468	226	1	1	0	0	1	0	0	0	1	84.6			TNFRSF10B	46.5	
TNFRSF10B	canonical	1	440	160	1	1	0	0	1	0	1	0	1	83.9			TNFRSF10D	54.4	
TNFRSF10C	canonical	1	259	218	1	1	0	0	0	0	0	0	1				TNFRSF10D	56.9	
TNFRSF10D	canonical	1	386	157	1	1	0	0	0	0	0	1	1				TNFRSF10C	48.6	1.0
TNFRSF11A	canonical	1	616	183	1	1	0	1	1	0	1	1	0	75.3	68.0		CD40	37.7	1.0
TNFRSF12A	canonical	1	129	53	1	1	0	1	1	0	0	0	0	72.1	81.4				
TNFRSF13B	canonical	1	293	162	0	1	0	0	1	0	1	1	0	95.6					1.0
TNFRSF13C	canonical	1	184	80	0	1	0	0	1	0	0	0	0	75.5			TNFRSF17	21.2	
TNFRSF14	canonical	1	283	166	1	1	0	0	0	0	0	1	0				TNFRSF6B	23.2	1.0
TNFRSF17	canonical	1	184	53	0	1	0	1	1	0	1	1	0	91.3	64.7		TNFRSF13C	20.0	1.0
TNFRSF18	canonical	1	241	140	1	1	0	0	1	0	1	1	0	74.3			TNFRSF1B	21.6	1.0
TNFRSF19	canonical	1	423	141	1	1	0	1	1	0	0	1	1	92.3	70.7		EDA2R	48.9	1.0
TNFRSF1A	canonical	1	455	183	1	1	0	1	1	1	1	1	0	89.9	63.1	2.0	LTBR	30.3	1.0
TNFRSF1B	canonical	1	461	241	1	1	0	1	1	0	1	1	0	96.1	62.5		TNFRSF18	21.6	2.0
TNFRSF21	canonical	1	655	308	1	1	0	1	1	0	0	1	0	98.8	89.0		TNFRSF9	19.8	3.0
TNFRSF25	canonical	1	417	176	1	1	0	1	1	0	1	0	0	89.0	64.0		TNFRSF18	25.6	
TNFRSF4	canonical	1	277	188	1	1	0	1	1	0	0	1	1	82.7	61.4		TNFRSF1B	27.8	1.0
TNFRSF8	canonical	1	595	368	1	1	0	0	1	0	1	1	0	90.4			RELT	22.0	2.0
TNFRSF9	canonical	1	255	164	1	1	0	1	1	0	0	1	0	66.3	57.6		TNFRSF21	20.1	3.0
TNFSF10	canonical	1	281	244	0	0	1	1	1	1	0	0	0	96.1	64.4	3.0	TNFSF15	29.1	
TNFSF13B	canonical	1	285	218	0	0	1	1	1	1	0	1	0	95.8	67.0	3.0	TNFSF13	31.2	2.0
TNFSF14	canonical	1	240	182	0	0	1	1	1	1	1	0	0	94.6	77.1	3.0	LTB	30.8	
TNFSF15	canonical	1	251	195	0	0	1	1	1	1	1	1	0	97.6	66.5	3.0	TNFSF10	29.1	1.0
TNFSF18	canonical	1	177	128	0	0	1	1	1	0	0	0	0	97.2	50.3				
TNFSF4	canonical	1	183	138	0	0	1	0	1	1	1	1	0	98.9		3.0			1.0
TNFSF8	canonical	1	234	173	0	0	1	1	1	1	0	1	0	96.6	71.4	2.0			1.0
TNFSF9	canonical	1	254	204	0	0	1	0	0	0	0	0	0						
TPBG	canonical	1	420	323	1	1	0	1	1	0	0	1	0	96.4	83.6				1.0
TPRA1	canonical	7	373	95	0	1	0	1	1	0	1	0	0	63.5	91.4				
TRA	canonical	1	268	222	1	1	0	0	0	0	0	0	0			2.0			
TRABD2A	canonical	0	505	485	1	1	1	0	1	0	0	1	1	94.5			TRABD2B	61.8	1.0
TRABD2B	canonical	0	517	498	1	1	1	1	1	0	0	1	1	82.6	90.1		TRABD2A	61.8	1.0
TREM1	canonical	1	234	186	1	1	0	0	1	0	1	1	0	82.5					1.0
TREM2	canonical	1	230	156	1	1	0	1	1	0	1	1	0	96.5	68.3		PIGR	9.2	1.0
TREML2	canonical	1	321	250	1	1	0	1	1	0	0	1	0	91.0	52.0		TREML4	22.8	1.0
TREML4	canonical	0	200	180	1	1	1	0	0	0	0	0	1				NCR2	42.2	
TRIL	canonical	1	811	674	1	1	0	1	1	0	0	1	0	96.3	88.2		LRRC26	15.7	4.0
TRPA1	canonical	6	1119	69	0	0	0	1	1	0	0	0	0	97.1	79.8				
TRPC1	canonical	8	793	105	0	0	0	1	1	1	0	0	0	100.0	99.7	4.0	TRPC4	36.1	
TRPC3	canonical	8	921	124	0	0	0	1	1	0	0	0	1	99.1	93.4		TRPC7	79.1	
TRPC4	canonical	8	977	108	0	0	0	1	1	1	1	0	1	99.5	96.9	4.0	TRPC5	79.3	
TRPC5	canonical	8	973	111	0	0	0	1	1	1	0	0	1	99.7	96.9	4.0	TRPC4	79.3	
TRPC6	canonical	8	931	123	0	0	0	1	1	0	1	0	1	98.9	93.6		TRPC7	64.3	
TRPC7	canonical	8	862	129	0	0	0	1	1	1	1	0	1	99.0	98.1	4.0	TRPC3	80.6	
TRPM2	canonical	8	1503	95	0	0	0	1	1	0	1	0	1	95.5	85.3		TRPM1	33.7	
TRPM3	canonical	6	1732	81	0	0	0	1	1	0	1	0	1	95.4	97.4		TRPM1	65.9	
TRPM4	canonical	6	1214	87	0	0	0	1	0	0	1	0	1		82.5		TRPM5	47.1	
TRPM5	canonical	6	1165	82	0	0	0	1	1	1	1	0	1	91.1	84.1	4.0	TRPM4	49.4	
TRPM7	canonical	6	1865	76	0	0	0	1	1	0	0	0	1	99.1	94.3		TRPM6	55.3	
TRPM8	canonical	6	1104	95	0	0	0	1	1	0	1	0	1	98.7	93.7		TRPM5	34.7	
TRPV1	canonical	6	839	81	0	0	0	1	1	1	0	0	0	96.9	86.9	4.0	TRPV3	32.1	
TRPV3	canonical	6	790	68	0	0	0	1	1	1	0	0	0	97.2	93.2	4.0	TRPV4	34.6	
TRPV4	canonical	6	871	78	0	0	0	1	1	0	0	0	0	99.3	95.3		TRPV3	34.6	
TRPV5	canonical	6	729	87	0	0	0	1	0	1	1	1	1		80.5	4.0	TRPV6	73.6	1.0
TRPV6	canonical	6	765	87	0	0	0	1	0	1	0	0	1		88.9	4.0	TRPV5	73.6	
TSHR	canonical	7	764	455	1	1	0	1	1	0	1	0	1	97.1	86.8		LHCGR	41.8	
TSPAN1	canonical	4	241	123	0	0	0	1	1	0	0	1	0	93.4	73.4		TSPAN6	30.9	1.0
TSPAN12	canonical	4	305	133	0	0	0	1	1	0	1	0	0	99.3	98.0		CD82	29.9	
TSPAN13	canonical	4	204	76	0	0	0	1	0	0	0	1	0		95.6		CD82	21.2	1.0
TSPAN14	canonical	4	270	136	0	0	0	1	1	0	1	1	1	100.0	97.4		TSPAN17	56.5	1.0
TSPAN15	canonical	4	294	131	0	0	0	1	1	0	0	1	0	65.0	91.8		TSPAN33	37.4	1.0
TSPAN2	canonical	4	221	94	0	0	0	1	1	0	1	0	0	100.0	93.7		TSPAN16	21.3	
TSPAN31	canonical	4	210	84	0	0	0	1	1	0	0	1	0	99.5	88.1		CD82	19.0	1.0
TSPAN33	canonical	4	283	131	0	0	0	1	1	0	0	1	1	98.6	96.8		TSPAN17	42.0	1.0
TSPAN4	canonical	4	238	113	0	0	0	1	1	0	0	0	1	99.2	93.7		TSPAN9	55.3	
TSPAN5	canonical	4	268	138	0	0	0	1	1	0	0	1	1	100.0	100.0		TSPAN17	79.7	1.0
TSPAN6	canonical	4	245	114	0	0	0	1	1	0	0	1	1	97.6	93.1		TSPAN7	46.2	1.0
TSPAN7	canonical	4	249	119	0	0	0	1	1	0	0	1	1	99.2	98.4		TSPAN6	44.5	1.0
TSPAN8	canonical	4	237	120	0	0	0	1	1	0	0	1	0	81.4	70.0		TSPAN11	29.3	1.0
TSPAN9	canonical	4	239	114	0	0	0	1	0	0	0	1	1		97.1		TSPAN4	55.3	1.0
TTYH1	canonical	5	450	276	0	1	0	1	1	1	1	1	1	77.3	88.9	2.0	TTYH3	42.0	1.0
TTYH2	canonical	5	534	276	0	1	0	1	1	1	1	1	1	96.6	82.6	2.0	TTYH1	40.2	2.0
TTYH3	canonical	5	523	276	0	1	0	1	0	0	1	1	1		94.8		TTYH1	42.4	1.0
TYRO3	canonical	1	890	391	1	1	0	1	1	0	0	1	0	98.9	88.7		ROS1	8.8	3.0
TYROBP	canonical	1	113	17	1	1	0	1	0	0	0	0	0		73.5				
ULBP1	canonical	0	244	219	1	1	1	0	0	0	0	0	1				RAET1G	58.0	
ULBP2	canonical	0	246	221	1	1	1	0	0	0	0	0	1				RAET1L	96.4	
ULBP3	canonical	0	244	215	1	1	1	0	1	0	0	0	1	82.0			RAET1G	54.9	
UNC5A	canonical	1	842	279	1	1	0	1	1	0	1	0	1	97.0	96.7		UNC5C	53.0	
UNC5B	canonical	1	945	351	1	1	0	1	1	0	0	1	1	98.5	92.4		UNC5C	75.8	3.0
UNC5C	canonical	1	931	345	1	1	0	1	1	0	0	1	1	99.6	97.1		UNC5B	75.2	3.0
UNC5D	canonical	1	953	349	1	1	0	1	1	0	0	1	1	99.3	96.3		UNC5B	66.4	2.0
UTS2R	canonical	7	389	102	0	1	0	0	0	0	0	0	0				LTB4R2	28.4	
VANGL1	canonical	4	524	30	0	0	0	1	1	1	0	0	1	99.0	95.4	3.0	VANGL2	80.0	
VANGL2	canonical	4	521	30	0	0	0	1	1	1	0	0	1	99.8	99.4	3.0	VANGL1	80.0	
VASN	canonical	1	673	552	1	1	0	1	0	0	0	1	0		83.5		LRRC3C	14.3	2.0
VCAM1	canonical	1	739	674	1	1	0	1	1	0	0	1	0	94.0	75.8		HMCN2	6.0	4.0
VIPR1	canonical	7	457	157	1	1	0	1	1	0	1	0	0	88.2	84.7		ADGRG4	2.4	
VIPR2	canonical	7	438	141	1	1	0	1	1	0	0	0	0	97.9	86.1		ADCYAP1R1	38.3	
VLDLR	canonical	1	873	774	1	1	0	1	1	0	0	1	1	98.6	96.0		LDLR	51.3	2.0
VNN1	canonical	0	513	492	1	1	1	1	1	0	0	1	1	93.4	74.3		VNN2	64.1	2.0
VNN2	canonical	0	520	498	1	1	1	0	1	0	0	1	1	83.7			VNN1	64.1	2.0
VSIG2	canonical	1	327	218	1	1	0	1	1	1	0	1	0	96.9	82.0	2.0	VSIG1	34.9	1.0
VSIG8	canonical	1	414	242	1	1	0	1	1	0	0	0	0	90.1	86.7		CXADR	33.5	
VSIR	canonical	1	311	163	1	1	0	1	1	0	0	0	0	75.2	75.9		VSIG8	21.9	
VSTM1	canonical	1	236	119	1	1	0	0	0	0	1	1	0				TARM1	24.7	1.0
VTCN1	canonical	1	282	253	0	0	1	1	1	0	1	1	0	95.4	87.6		ERMAP	34.0	3.0
XK	canonical	12	444	48	0	0	0	1	1	0	0	0	0	98.4	82.4		XKRX	34.0	
XKR4	canonical	10	650	39	0	0	0	1	1	0	0	0	1	98.6	95.5		XKR6	51.2	
XKR8	canonical	10	395	39	0	0	0	1	1	0	0	0	0	95.7	68.9		XKR6	26.8	
XPNPEP2	canonical	0	674	653	1	1	1	1	1	1	0	1	1	98.1	81.3	2.0			2.0
XPR1	canonical	10	696	74	0	0	0	1	1	0	1	0	0	99.9	95.3				
ZACN	canonical	4	412	240	1	1	1	0	1	1	1	0	0	91.0		5.0	GABRR2	24.8	
ZDHHC5	canonical	4	715	25	0	0	0	1	1	0	1	0	1	99.3	97.9		ZDHHC8	56.0	
ZNRF3	canonical	1	936	163	1	1	0	1	1	0	0	0	0	64.0	85.1		RNF43	39.4	
ABCA2	likely	12	2435	1109	0	0	0	1	0	0	0	1	0		93.3		ABCA13	10.2	3.0
ABCA4	likely	12	2273	1032	0	0	0	1	1	0	0	1	1	98.3	88.3		ABCA1	48.0	4.0
ABCB11	likely	12	1321	130	0	0	0	1	1	0	0	0	0	97.0	81.7		ABCB4	37.7	
ABCB4	likely	12	1286	116	0	0	0	1	1	0	0	1	1	97.6	90.9		ABCB1	56.9	1.0
ABCB6	likely	11	842	73	0	1	0	1	1	1	0	0	0	98.1	89.0	2.0	ABCB8	26.0	
ABCC2	likely	17	1545	140	0	1	0	1	1	0	0	0	1	96.0	77.5		ABCC1	42.9	
ABCC6	likely	17	1503	129	0	1	0	1	1	0	1	0	0	93.3	78.8		ABCC1	32.9	
ABCG1	likely	6	678	82	0	0	0	1	1	1	1	0	1	99.4	96.8	2.0	ABCG4	62.2	
ABCG4	likely	6	646	81	0	0	0	1	1	1	0	0	1	100.0	96.6	2.0	ABCG1	62.2	
ABCG5	likely	6	651	102	0	0	0	1	1	1	0	0	0	94.2	80.2	2.0	ABCG2	28.4	
ABCG8	likely	6	673	87	0	0	0	1	1	1	0	0	0	93.0	81.7	2.0	ABCG4	23.0	
ABHD2	likely	1	425	12	0	1	0	1	1	0	0	0	0	99.8	98.8		ABHD1	15.4	
ACHE	likely	0	614	583	1	1	1	1	1	1	0	1	1	91.5	88.4	2.0	BCHE	52.7	2.0
ACKR2	likely	7	384	98	0	1	0	1	1	0	0	0	0	95.3	71.6		XCR1	27.6	
ACP3	likely	0	386	354	1	1	1	1	1	1	1	0	1	92.2	80.3	2.0	ACP2	52.5	
ACP4	likely	1	426	369	1	1	0	1	0	1	1	1	1		84.7	2.0	ACP2	46.1	1.0
ACRBP	likely	0	543	518	1	1	1	1	1	1	0	0	0	95.2	75.3	2.0			
ACRV1	likely	0	265	247	1	1	1	1	1	0	0	0	0	91.7	58.9		PATE3	11.7	
ADA	likely	0	363	0	0	0	0	1	0	0	0	0	0		80.7				
ADAM11	likely	1	769	711	1	1	0	1	1	0	1	1	1	98.4	94.8		ADAM22	55.8	3.0
ADAM2	likely	1	735	672	1	1	0	1	1	0	0	1	1	65.6	59.5		ADAM18	43.6	6.0
ADAM21	likely	1	722	654	1	1	0	1	0	0	0	1	1		68.0		ADAM20	62.1	2.0
ADAM29	likely	1	820	657	1	1	0	1	1	0	0	1	1	88.4	52.8		ADAM20	53.7	3.0
ADAM32	likely	1	787	666	1	1	0	1	1	0	0	1	1	90.5	57.3		ADAM18	43.8	3.0
ADAM33	likely	1	813	674	1	1	0	1	1	0	0	1	1	90.4	70.0		ADAM19	49.1	2.0
ADAM7	likely	1	754	652	1	1	0	1	1	0	1	1	1	93.5	68.3		ADAM28	42.8	3.0
ADAMTS10	likely	0	1103	1078	1	1	1	1	1	0	0	0	1	94.6	94.2		ADAMTS6	60.5	
ADAMTS9	likely	0	1935	1915	1	1	1	1	1	0	0	0	1	97.9	88.9		ADAMTS20	50.6	
ADCY2	likely	12	1091	85	0	0	0	1	1	0	1	0	1	99.1	95.6		GUCY2C	4.8	
ADCY3	likely	12	1144	104	0	0	0	1	1	0	1	0	0	98.9	94.6		NPR2	5.5	
ADCY4	likely	12	1077	105	0	0	0	1	1	0	1	0	0	98.7	92.3		NPR2	6.8	
ADCY8	likely	12	1251	78	0	0	0	1	1	0	0	0	0	99.6	96.9		GUCY2F	4.6	
ADGRA1	likely	7	560	56	0	1	0	1	1	0	1	0	0	89.8	82.1		EVA1C	5.1	
ADGRB2	likely	7	1585	942	1	1	0	1	1	0	0	0	1	95.0	95.3		ADGRB3	48.3	
ADGRD2	likely	7	963	699	0	1	0	0	0	0	0	0	0				GLP1R	14.0	
ADGRF3	likely	7	1079	793	1	1	0	1	1	0	0	0	0	90.8	60.4		GLP1R	11.0	
ADGRG2	likely	7	1017	636	1	1	0	1	1	0	0	0	0	97.0	80.8		SCTR	12.4	
ADGRV1	likely	7	6306	5921	1	1	0	1	1	0	1	0	0	96.6	80.4		SLC8A2	6.5	
ADRA2C	likely	7	462	89	0	1	0	1	0	0	0	0	0		93.1		ADRA2B	28.1	
ADTRP	likely	6	230	52	0	0	0	1	1	0	0	0	0	93.0	65.7		AIG1	38.9	
AGR2	likely	0	175	155	1	1	1	1	1	1	0	0	1	90.3	91.4	2.0	AGR3	65.2	
AHNAK	likely	0	5890	0	0	0	0	1	0	0	0	0	0		78.3				
AHNAK2	likely	0	5795	0	0	0	0	0	0	0	0	0	0						
ALPI	likely	0	528	509	1	1	1	0	1	1	0	1	1	94.1		2.0	ALPP	86.5	1.0
AMFR	likely	8	643	60	0	0	0	1	1	0	0	0	0	84.9	93.9		RNF145	36.7	
AMHR2	likely	1	573	131	1	1	0	1	1	0	0	1	0	97.0	78.4		ACVR1C	24.4	1.0
AMIGO1	likely	1	493	345	1	1	0	1	1	1	0	1	1	100.0	89.5	2.0	AMIGO2	41.8	1.0
AMN	likely	1	453	341	1	1	0	1	1	0	0	1	0	72.4	66.0				2.0
AMPD2	likely	0	825	0	0	0	0	1	1	1	0	0	0	100.0	94.4	2.0			
ANO2	likely	8	998	260	0	0	0	1	1	1	0	1	1	97.9	92.2	2.0	ANO1	66.9	2.0
ANO3	likely	8	981	250	0	0	0	1	1	1	0	1	1	98.6	93.7	2.0	ANO4	61.8	2.0
ANO4	likely	8	955	267	0	0	0	1	1	1	1	0	1	99.8	98.3	2.0	ANO3	62.2	
ANO7	likely	8	933	231	0	0	0	1	1	0	1	1	1	85.1	81.6		ANO2	40.4	2.0
ANXA1	likely	0	346	0	0	0	0	1	1	0	0	0	0	99.1	87.6				
ANXA13	likely	0	316	0	0	0	0	1	0	0	0	0	0		86.7				
ANXA2	likely	0	339	0	0	0	0	1	1	0	0	0	0	100.0	97.6				
ANXA2R	likely	0	193	0	0	0	0	0	0	0	0	0	0						
ANXA5	likely	0	320	0	0	0	0	1	1	0	0	0	0	98.8	92.8				
ANXA6	likely	0	673	0	0	0	0	1	1	0	0	0	0	96.9	93.3				
ANXA8	likely	0	327	0	0	0	0	0	0	0	0	0	0						
AOC2	likely	1	756	731	0	0	1	1	1	1	0	0	1	98.5	81.0	2.0	AOC3	65.8	
APLP1	likely	1	650	545	1	1	0	1	1	0	0	1	0	98.2	89.2		APLP2	37.0	3.0
APMAP	likely	1	416	355	0	0	1	1	1	0	0	0	0	98.8	89.4				
APOD	likely	0	189	169	1	1	1	1	1	0	0	0	0	75.7	72.0				
AQP10	likely	6	301	77	0	0	0	0	1	1	1	0	1	95.7		4.0	AQP9	58.4	
AQP11	likely	7	271	70	0	1	0	1	1	0	0	0	0	97.0	83.0		AQP12B	26.2	
AQP2	likely	6	271	54	0	0	0	1	1	1	0	0	1	99.3	88.9	4.0	AQP5	59.6	
AQP8	likely	6	261	58	0	0	0	1	1	1	0	0	1	95.8	76.2	4.0	AQP5	41.4	
ART3	likely	0	389	363	1	1	1	1	1	0	0	1	0	92.8	53.0		ART5	30.6	2.0
ART4	likely	0	314	268	1	1	1	1	1	0	0	1	0	92.0	59.2		ART1	32.5	2.0
ASIC5	likely	2	505	365	0	0	0	1	1	1	0	1	0	94.3	77.0	3.0	ASIC3	32.1	2.0
ASPH	likely	2	758	284	0	0	0	1	1	0	1	0	0	96.7	81.5				
ASTN1	likely	2	1302	1037	1	1	1	1	1	0	0	1	1	99.8	97.9		ASTN2	50.8	10.0
ATP1A4	likely	10	1029	82	0	0	0	1	1	0	1	0	1	96.5	83.4		ATP1A3	56.9	
ATP1B2	likely	1	290	229	0	0	1	1	1	0	0	0	1	99.3	97.2		ATP1B3	44.1	
ATP2B2	likely	10	1243	102	0	0	0	1	1	0	0	0	1	99.8	98.3		ATP2B3	78.4	
ATP2C2	likely	10	946	66	0	0	0	1	1	0	0	0	1	96.7	84.5		ATP2C1	57.6	
ATP4A	likely	10	1035	112	0	0	0	1	1	0	0	0	1	89.1	98.0		ATP12A	41.1	
ATP4B	likely	1	291	229	0	0	1	1	1	0	0	0	0	96.9	83.5		ATP1B2	38.9	
ATP5F1B	likely	0	529	0	0	0	0	1	1	1	0	0	0	98.9	96.2	6.0			
ATP6AP2	likely	1	350	295	1	1	0	1	1	0	0	0	0	98.9	93.7				
ATP6V0A2	likely	8	856	135	0	0	0	1	1	0	0	1	1	98.6	91.6		ATP6V0A1	55.6	1.0
ATP6V0D2	likely	0	350	0	0	0	0	1	1	0	0	0	0	98.9	93.1				
ATP7A	likely	8	1500	97	0	0	0	1	1	0	1	0	1	97.9	89.3		ATP7B	47.4	
ATP8B1	likely	10	1251	91	0	0	0	1	1	0	0	0	1	89.6	94.5		ATP8B2	46.2	
ATRAID	likely	1	229	169	1	1	0	1	1	0	0	1	0	95.6	62.4				1.0
B4GALT1	likely	1	398	355	0	0	1	1	1	0	0	0	1	95.0	86.7		B4GALT2	55.5	
BACE1	likely	1	501	435	1	1	0	1	1	0	0	1	1	99.6	96.4		BACE2	51.2	2.0
BDKRB1	likely	7	353	91	0	1	0	1	0	0	0	0	0		68.3		BDKRB2	23.1	
BEST1	likely	4	585	36	0	0	0	1	1	1	1	0	1	85.6	64.6	5.0	BEST2	57.9	
BEST2	likely	4	509	38	0	0	0	1	0	1	0	0	1		89.4	5.0	BEST3	76.3	
BEST3	likely	4	668	36	0	0	0	1	1	1	1	0	1	91.9	84.7	5.0	BEST2	73.7	
BEST4	likely	4	473	48	0	0	0	0	1	1	0	0	0	81.2		5.0	BEST1	31.2	
BSPH1	likely	0	132	122	1	1	1	1	0	0	0	0	0		50.8		ELSPBP1	22.5	
BTNL2	likely	1	482	431	1	1	0	1	0	0	1	0	0		62.2		ERMAP	26.7	
BTNL3	likely	1	466	221	1	1	0	0	0	1	0	1	1			2.0	BTNL8	71.0	1.0
BTNL8	likely	1	500	218	1	1	0	0	1	1	0	0	1	70.2		2.0	BTNL3	70.1	
BTNL9	likely	1	535	223	1	1	0	1	0	1	0	1	1		69.0	2.0	BTN2A1	43.9	1.0
C16orf54	likely	1	224	31	0	1	0	1	0	0	0	0	0						
C1QBP	likely	0	282	0	0	0	0	1	0	1	0	0	0		85.8	3.0			
C1QTNF5	likely	0	243	228	1	1	1	1	1	1	0	0	1	99.2	93.8	3.0	C1QTNF9	35.0	
C1orf56	likely	0	341	318	1	1	1	1	0	0	0	0	0						
C3orf18	likely	1	162	58	0	1	0	1	1	0	1	0	0				SMIM29	8.6	
C3orf52	likely	1	217	130	0	0	1	1	1	0	0	0	0						
C8B	likely	0	591	559	1	1	1	1	1	0	0	0	0	95.3	75.1		SUSD6	11.8	
C9	likely	0	559	538	1	1	1	1	1	0	0	0	0	91.8	58.0		SUSD6	14.7	
CABS1	likely	0	395	395	0	1	1	1	1	0	0	0	0	92.4	61.0				
CACFD1	likely	4	172	9	0	0	0	1	0	0	1	0	0		93.0				
CACHD1	likely	1	1274	1064	1	1	0	1	1	0	0	1	0	99.3	96.9		CACNA2D2	22.8	3.0
CACNA1F	likely	24	1977	412	0	0	0	1	1	0	0	0	1	98.6	92.2		CACNA1D	73.4	
CACNA1S	likely	24	1873	461	0	0	0	1	1	0	0	0	1	98.8	90.9		CACNA1D	67.0	
CACNA2D4	likely	0	1137	1077	1	1	1	1	1	0	0	0	1	97.2	83.1		CACNA2D3	59.9	
CACNG1	likely	4	222	103	0	0	0	1	1	1	0	0	1	97.3	85.6	2.0	CACNG6	42.7	
CACNG3	likely	4	315	93	0	0	0	1	1	0	0	1	1	100.0	98.7		CACNG2	84.2	1.0
CACNG4	likely	4	327	99	0	0	0	1	1	0	0	0	1	82.6	98.2		CACNG8	64.2	
CACNG5	likely	4	275	94	0	0	0	1	1	0	0	0	1	99.3	97.1		CACNG7	59.6	
CACNG6	likely	4	260	110	0	0	0	1	0	1	0	0	1		85.0	2.0	CACNG1	42.7	
CACNG7	likely	4	275	93	0	0	0	1	1	0	0	0	1	68.7	100.0		CACNG5	58.5	
CADM3	likely	1	398	307	1	1	0	1	1	1	0	1	1	92.5	94.7	2.0	CADM2	45.1	2.0
CALHM3	likely	4	344	76	0	0	0	1	1	1	0	0	1	94.5	85.2	9.0	CALHM1	49.4	
CALHM4	likely	4	314	80	0	0	0	1	0	1	1	0	1		77.4	8.0	CALHM2	40.2	
CALHM6	likely	4	315	74	0	0	0	1	1	1	1	0	1	90.2	68.3	10.0	CALHM5	42.3	
CALR	likely	0	417	400	1	1	1	1	1	0	0	0	1	99.8	94.2		CALR3	48.0	
CALY	likely	1	217	111	0	0	1	1	1	0	1	0	0	87.1	81.1		NSG1	26.1	
CAMKV	likely	0	501	0	0	0	0	1	1	0	0	0	0	98.8	94.8				
CAMP	likely	0	170	140	1	1	1	1	1	0	0	0	0	86.5	54.7				
CANX	likely	1	592	461	1	1	0	1	1	0	0	0	1	98.8	93.2		CLGN	64.4	
CAPRIN1	likely	0	709	0	0	0	0	1	1	1	0	0	0	99.9	96.8	2.0			
CATSPER1	likely	6	780	67	0	0	0	0	1	0	0	0	0	85.1			CATSPER4	26.9	
CATSPER2	likely	6	530	75	0	0	0	1	0	1	1	0	0		69.1	4.0	TPCN1	15.0	
CATSPER3	likely	6	398	69	0	0	0	1	0	1	0	0	0		64.8	4.0	SCN3A	5.7	
CATSPER4	likely	6	472	64	0	0	0	1	1	0	0	0	0	93.2	65.7		CACNA1C	7.4	
CATSPERB	likely	1	1116	1036	1	1	0	0	1	0	0	0	0	88.9					
CATSPERD	likely	1	798	698	1	1	0	0	1	0	1	1	0	88.7					3.0
CATSPERE	likely	1	951	884	1	1	0	0	1	0	1	0	0	82.2					
CATSPERG	likely	1	1159	1030	1	1	0	0	1	0	0	1	0	92.7					4.0
CATSPERH	likely	3	116	12	1	1	0	1	0	0	0	0	0		71.6				
CATSPERQ	likely	2	235	10	0	0	0	1	1	0	0	0	0	58.7	66.0				
CATSPERT	likely	0	1820	0	0	0	0	0	1	0	0	0	0	92.0					
CAV2	likely	0	162	0	0	0	0	1	1	1	0	0	0	97.5	90.1	11.0			
CAV3	likely	0	151	0	0	0	0	1	1	1	0	0	0	100.0	94.7	2.0			
CCN2	likely	0	349	323	1	1	1	1	1	0	0	0	1	89.4	90.5		CCN3	52.5	
CCN3	likely	0	357	326	1	1	1	1	1	0	0	0	1	98.9	80.1		CCN2	52.5	
CD163L1	likely	1	1453	1319	1	1	0	0	1	0	1	1	1	92.4			CD163	44.7	5.0
CD180	likely	1	661	606	1	1	0	1	1	0	0	1	0	94.3	74.0		LRRC3B	12.7	2.0
CD19	likely	1	556	272	1	1	0	1	1	0	0	1	0	91.9	65.3				1.0
CD1A	likely	1	327	281	1	1	0	0	0	0	0	1	1				CD1B	60.4	1.0
CD200R1L	likely	1	271	218	1	1	0	0	1	0	0	1	1	82.4			CD200R1	71.5	1.0
CD207	likely	1	328	264	0	0	1	1	1	1	0	0	0	93.0	66.5	2.0	CLEC4F	21.6	
CD300E	likely	1	205	159	1	1	0	1	1	0	0	1	1	62.9	56.1		CD300H	41.5	1.0
CD300H	likely	1	201	146	1	1	0	0	1	0	1	0	1	90.5			CD300C	43.2	
CD300LB	likely	1	201	137	1	1	0	0	1	0	0	0	1	77.1			CD300LF	56.8	
CD300LD	likely	1	194	147	1	1	0	0	1	0	0	0	1	85.1			CD300LF	61.9	
CD300LG	likely	1	332	229	1	1	0	0	1	0	0	0	0	88.6			CD300C	27.9	
CD3D	likely	1	171	85	1	1	0	1	1	1	1	1	0	84.2	64.3	2.0	CD3G	33.7	2.0
CD63	likely	4	238	114	0	0	0	1	1	0	1	1	0	100.0	78.6		TSPAN17	26.8	1.0
CD68	likely	1	354	306	1	1	0	0	1	0	0	0	0	96.3			LAMP2	24.3	
CD8B2	likely	1	210	152	1	1	0	0	0	1	0	0	1			2.0	CD8B	98.7	
CDC50B	likely	2	351	260	0	0	0	1	0	0	0	0	1		90.3		CDC50A	54.2	
CDH10	likely	1	788	591	1	1	0	1	1	0	0	1	1	99.5	96.8		CDH6	71.8	4.0
CDH12	likely	1	794	591	1	1	0	1	1	0	0	1	1	99.4	95.8		CDH20	61.1	5.0
CDH15	likely	1	814	584	1	1	0	1	1	0	0	1	0	91.2	82.7		DCHS1	8.6	2.0
CDH16	likely	1	829	766	1	1	0	1	1	0	0	1	0	92.3	77.6		PCDHA1	27.7	4.0
CDH17	likely	1	832	764	1	1	0	1	1	0	0	1	0	90.6	79.0		CDH23	10.4	6.0
CDH19	likely	1	772	575	1	1	0	1	1	0	1	1	1	96.6	75.1		CDH7	53.6	3.0
CDH23	likely	1	3354	3043	1	1	0	1	0	0	1	1	0		94.4		CDH8	9.9	11.0
CDH5	likely	1	784	573	1	1	0	1	1	0	0	1	1	95.4	75.4		CDH20	42.8	2.0
CDH7	likely	1	785	582	1	1	0	1	1	0	0	1	1	99.4	98.0		CDH20	66.1	3.0
CDH8	likely	1	799	593	1	1	0	1	1	0	0	1	1	91.0	97.0		CDH11	64.7	2.0
CDH9	likely	1	789	594	1	1	0	1	1	0	0	1	1	99.1	90.9		CDH6	71.5	3.0
CDHR1	likely	1	859	682	1	1	0	1	1	0	1	1	0	97.8	85.2		CDH23	9.2	4.0
CDHR2	likely	1	1310	1134	1	1	0	1	1	0	0	1	0	94.2	72.9		CDH23	14.9	7.0
CDHR3	likely	1	885	691	1	1	0	1	0	0	0	1	0		71.5		DCHS2	9.4	6.0
CDHR5	likely	1	845	643	1	1	0	1	1	1	0	1	0	70.9	58.6	2.0	CDH23	8.4	3.0
CDSN	likely	0	529	497	1	1	1	1	1	0	0	0	0	90.4	66.2				
CEACAM19	likely	1	300	127	1	1	0	1	1	0	1	1	0	95.7	59.5		CEACAM5	5.6	1.0
CEACAM20	likely	1	596	416	1	1	0	1	1	0	0	1	0	88.9	52.9		CEACAM3	9.9	1.0
CEACAM3	likely	1	252	118	1	1	0	0	0	1	1	1	1			2.0	CEACAM1	25.9	2.0
CEACAM7	likely	1	265	216	1	1	0	0	1	1	0	1	1	85.3		2.0	CEACAM1	37.3	3.0
CEACAM8	likely	1	349	299	1	1	0	0	1	1	0	1	1	79.9		2.0	CEACAM6	78.3	3.0
CEMIP	likely	0	1361	1331	1	1	1	1	1	0	0	0	1	93.7	91.3		CEMIP2	44.0	
CFAP95	likely	0	229	0	0	0	0	1	1	0	0	0	0	93.0	62.4				
CFP	likely	0	469	443	1	1	1	1	1	0	0	0	0	93.0	75.1				
CHGB	likely	0	677	657	1	1	1	1	1	0	0	0	0	91.1	63.8		CHGA	22.7	
CHL1	likely	1	1208	1058	1	1	0	1	1	0	0	1	0	97.4	83.7		NRCAM	37.6	8.0
CHRNA1	likely	4	457	232	1	1	1	1	1	1	0	1	1	63.2	94.3	5.0	CHRNA4	53.2	1.0
CHRNA6	likely	4	494	230	1	1	1	1	1	1	0	0	1	96.6	85.0	5.0	CHRNA3	70.6	
CHRNB1	likely	4	501	241	1	1	1	1	1	1	0	1	1	97.6	89.8	2.0	CHRNG	44.9	1.0
CHRNB3	likely	4	458	240	1	1	1	1	1	1	0	0	1	97.8	86.5	5.0	CHRNA5	67.2	
CHRND	likely	4	517	256	1	1	1	1	1	1	0	1	1	98.6	87.8	5.0	CHRNG	54.7	1.0
CHRNE	likely	4	493	242	1	1	1	1	1	1	0	1	1	95.9	88.2	5.0	CHRNG	50.8	2.0
CHRNG	likely	4	517	256	1	1	1	1	1	1	0	1	1	97.5	90.5	5.0	CHRND	57.0	1.0
CKAP4	likely	1	602	475	0	0	1	1	1	0	0	0	0	96.7	80.1				
CLCA1	likely	0	914	893	1	1	1	1	0	0	0	0	1		75.5		CLCA4	61.7	
CLCA2	likely	1	943	869	1	1	0	1	0	0	0	1	1		72.2		CLCA1	45.8	3.0
CLCN1	likely	10	988	139	0	0	0	1	1	1	0	0	1	97.7	87.9	2.0	CLCNKB	45.3	
CLCN7	likely	10	805	155	0	0	0	1	1	1	1	0	1	90.4	96.0	2.0	CLCNKA	23.2	
CLCNKB	likely	10	687	96	0	0	0	0	0	1	1	0	1			2.0	CLCNKA	93.9	
CLDN11	likely	4	207	67	0	0	0	1	1	0	0	0	0	98.1	94.2		CLDN4	32.4	
CLDN16	likely	4	235	76	0	0	0	1	1	0	0	0	0	95.3	92.3		CLDN8	30.4	
CLDN19	likely	4	224	76	0	0	0	1	1	1	1	1	1	100.0	89.7	2.0	CLDN1	64.5	1.0
CLEC12B	likely	1	276	214	0	0	1	1	1	1	0	1	0	96.4	71.4	2.0	KLRC4	13.1	2.0
CLEC14A	likely	1	490	376	1	1	0	1	1	0	0	0	0	93.9	63.3		CD248	19.9	
CLEC17A	likely	1	378	185	0	0	1	0	1	0	0	1	0	85.2			CLEC4M	21.3	2.0
CLEC2A	likely	1	174	128	0	0	1	0	0	1	0	0	1			2.0	CLEC2D	46.3	
CLEC2L	likely	1	214	125	0	0	1	1	1	1	0	0	0	93.5	92.1	2.0	CD69	35.5	
CLEC3A	likely	0	197	175	1	1	1	1	1	0	0	0	1	93.9	86.8		CLEC3B	46.4	
CLEC4C	likely	1	213	174	0	0	1	0	1	0	1	0	1	90.1			CLEC6A	54.6	
CLEC4D	likely	0	215	173	1	1	1	1	1	0	0	0	1	88.8	61.9		CLEC4C	41.4	
CLEC4G	likely	1	293	240	0	0	1	1	1	1	0	1	0	93.2	64.2	4.0	CLEC4M	26.1	1.0
CLEC4M	likely	1	399	329	0	0	1	0	0	0	1	1	1				CD209	83.5	1.0
CLEC9A	likely	1	241	185	0	0	1	1	1	1	0	1	0	90.9	59.3	2.0	KLRC4	14.1	1.0
CLECL1	likely	0	167	167	0	1	1	0	0	0	0	0	0						
CLIC1	likely	0	241	0	0	0	0	1	0	0	0	0	0		98.3				
CLIC3	likely	0	236	0	0	0	0	1	1	0	0	0	0	75.0	89.8				
CLIC4	likely	0	253	0	0	0	0	1	1	0	0	0	0	99.6	98.8				
CLPTM1L	likely	8	538	276	0	0	0	1	1	0	1	0	0	98.9	92.9		CLPTM1	27.7	
CLRN1	likely	4	232	102	0	0	0	1	1	1	1	0	1	97.4	88.8	2.0	CLRN2	45.1	
CLRN2	likely	4	232	97	0	0	0	1	1	1	0	0	1	97.0	94.4	2.0	CLRN1	44.1	
CLRN3	likely	4	226	97	0	0	0	1	1	1	1	0	0	93.4	73.0	2.0	CLRN2	25.8	
CLSTN2	likely	1	955	814	1	1	0	1	1	0	0	1	1	98.0	94.8		CLSTN1	55.5	4.0
CLSTN3	likely	1	956	828	1	1	0	1	1	0	0	1	1	99.1	95.8		CLSTN1	53.8	4.0
CLTRN	likely	1	222	127	1	1	0	1	1	1	0	0	0	95.0	84.7	2.0			
CMTM2	likely	4	248	20	0	0	0	0	1	1	1	0	0	80.6		2.0	CMTM5	20.0	
CMTM5	likely	4	223	9	0	0	0	1	1	0	1	0	0	54.3	58.7		CMTM3	35.7	
CNGA1	likely	4	686	66	0	0	0	1	1	1	0	0	1	98.0	89.9	4.0	CNGA3	80.3	
CNGA2	likely	4	664	65	0	0	0	1	1	1	0	0	1	97.4	93.7	4.0	CNGA3	75.4	
CNGA4	likely	6	575	71	0	0	0	1	0	1	0	0	1		93.2	4.0	CNGA2	53.5	
CNGB1	likely	6	1251	60	0	0	0	1	0	0	1	0	1		73.7		CNGB3	71.7	
CNGB3	likely	6	809	60	0	0	0	1	1	1	0	0	1	95.2	59.5	4.0	CNGB1	71.7	
CNNM1	likely	5	951	211	1	1	0	1	0	1	0	0	0		94.6	2.0	CNNM3	20.9	
CNNM2	likely	5	875	207	1	1	0	1	0	1	0	0	0		97.8	2.0	CNNM4	26.1	
CNTN2	likely	0	1040	1014	1	1	1	1	1	0	0	1	1	96.2	90.5		CNTN1	50.6	8.0
CNTN4	likely	0	1026	1008	1	1	1	1	1	0	0	1	1	96.9	95.1		CNTN3	64.8	6.0
CNTN5	likely	0	1100	1077	1	1	1	1	1	0	0	1	1	92.6	90.5		CNTN4	51.7	10.0
CNTNAP1	likely	1	1384	1262	1	1	0	1	1	0	0	1	1	99.1	93.4		CNTNAP2	44.7	7.0
CNTNAP3	likely	1	1288	1220	1	1	0	0	0	0	1	1	1				CNTNAP3B	98.1	3.0
CNTNAP3B	likely	1	1288	1222	1	1	0	0	0	0	1	1	1				CNTNAP3	98.3	3.0
CNTNAP4	likely	1	1308	1216	1	1	0	1	1	0	0	1	1	97.3	86.4		CNTNAP3	70.6	5.0
CNTNAP5	likely	1	1306	1217	1	1	0	0	1	0	0	1	1	98.4			CNTNAP4	60.1	3.0
COL13A1	likely	1	717	656	0	0	1	1	1	0	0	0	1	97.8	87.2		COL23A1	42.8	
COL25A1	likely	1	654	600	0	0	1	1	1	0	0	0	1	96.5	92.7		COL7A1	12.6	
COL7A1	likely	0	2944	2921	1	1	1	0	0	0	0	0	0				COL23A1	10.9	
CPAMD8	likely	0	1885	1860	1	1	1	0	0	0	0	0	0				CD109	27.0	
CR1L	likely	0	569	535	1	1	1	0	0	0	0	0	1				CR1	24.8	
CRB1	likely	1	1406	1320	1	1	0	1	1	0	1	1	0	94.0	76.2				9.0
CRB2	likely	1	1285	1196	1	1	0	1	1	0	1	1	0	72.2	78.4		SCARF1	22.2	9.0
CRB3	likely	1	120	33	1	1	0	1	1	0	0	0	0	85.8	50.8		SCARF2	3.5	
CRISP2	likely	0	243	222	1	1	1	1	1	0	0	0	1	90.9	70.4		CRISP3	70.8	
CSMD2	likely	1	3487	3410	0	1	0	1	1	0	1	1	1	97.4	95.0		SUSD3	3.7	7.0
CSMD3	likely	1	3707	3570	1	1	0	1	1	0	1	0	1	99.1	97.5		SUSD6	4.1	
CSPG5	likely	1	566	393	1	1	0	1	1	0	0	1	0	94.4	86.8				1.0
CTHRC1	likely	0	243	213	1	1	1	1	1	0	0	0	0	98.8	94.2		SCARA3	10.2	
CTSB	likely	0	339	322	1	1	1	1	1	0	0	0	0	97.1	78.8		TINAGL1	25.6	
CTSD	likely	0	412	392	1	1	1	1	1	0	0	0	1	90.0	80.6		CTSE	47.2	
CTSE	likely	0	396	377	1	1	1	1	1	0	0	0	1	98.7	82.6		PGA5	54.1	
CTSK	likely	0	329	314	1	1	1	1	1	1	0	0	1	98.5	86.0	2.0	CTSS	56.8	
CTSZ	likely	0	303	280	1	1	1	1	1	1	0	0	0	95.0	83.2	2.0	CTSC	22.1	
CYBA	likely	4	195	9	0	0	0	1	0	0	0	0	0		86.7				
DCLK1	likely	0	740	0	0	0	0	0	0	0	0	0	0	94.2	98.4				
DCST1	likely	6	706	326	0	0	0	1	1	0	1	0	0	94.8	71.5		OCSTAMP	15.0	
DCST2	likely	6	773	285	0	0	0	1	1	0	0	0	0	97.3	66.0		DCSTAMP	16.8	
DCT	likely	1	519	449	1	1	0	1	1	0	0	1	1	96.3	83.0		TYRP1	52.8	1.0
DEFB103B	likely	0	67	45	1	1	1	0	1	0	0	0	1	95.5			DEFB103A	100.0	
DEFB118	likely	0	123	104	1	1	1	0	1	0	0	0	0	81.3			DEFB121	22.1	
DEFB126	likely	0	111	91	1	1	1	0	1	0	0	0	0	68.5					
DEFB132	likely	0	95	73	1	1	1	0	1	0	0	0	0	87.4			DEFB121	26.0	
DGCR2	likely	1	550	326	1	1	0	1	0	0	1	1	0		93.3				2.0
DHH	likely	0	396	374	1	1	1	1	1	0	0	0	1	98.5	96.5		SHH	54.2	
DISP2	likely	12	1401	573	0	0	0	1	1	0	0	0	1	94.1	73.3		DISP1	44.5	
DLK2	likely	1	383	281	1	1	0	1	1	0	0	1	0	99.5	92.2		CD248	16.1	2.0
DLL3	likely	1	618	465	1	1	0	1	1	0	0	1	0	95.1	83.5		DLK2	26.2	5.0
DNER	likely	1	737	607	1	1	0	1	1	0	0	1	0	87.0	90.4		NOTCH4	16.2	4.0
DPEP2	likely	0	486	454	1	1	1	0	1	1	0	1	1	93.6		2.0	DPEP3	71.6	1.0
DPEP3	likely	0	488	452	1	1	1	1	1	1	0	1	1	94.1	71.7	2.0	DPEP2	71.4	2.0
DPP6	likely	1	865	749	0	0	1	1	1	1	0	1	1	98.0	92.3	2.0	DPP10	51.4	1.0
DRAM2	likely	6	266	61	0	0	0	1	0	1	0	0	1		86.1	2.0	DRAM1	44.3	
DSC1	likely	1	894	664	1	1	0	1	1	0	0	1	1	95.4	81.7		DSC2	54.7	3.0
DSC3	likely	1	896	664	1	1	0	1	0	0	0	1	1		79.6		DSC2	63.8	4.0
DSCAML1	likely	1	2053	1573	1	1	0	1	1	0	0	1	1	99.6	98.1		DSCAM	63.8	12.0
DSG3	likely	1	999	604	1	1	0	1	1	0	0	1	1	96.0	72.7		DSG4	55.6	5.0
DUOXA2	likely	5	320	145	0	1	0	1	1	0	1	0	1	94.1	78.4		DUOXA1	64.1	
DYSF	likely	1	2080	14	0	0	1	1	1	0	1	0	1	97.9	93.0		MYOF	53.3	
ECSCR	likely	1	205	98	1	1	0	0	1	0	0	0	0	87.8					
EDA	likely	1	391	332	0	0	1	1	1	1	0	1	0	98.2	94.6	3.0	COL18A1	8.1	1.0
EDAR	likely	1	448	160	1	1	0	1	1	0	0	0	0	99.3	91.5		EDA2R	29.4	
EFNA2	likely	0	213	187	1	1	1	1	1	0	0	1	1	97.7	89.2		EFNA5	49.5	2.0
EGFL6	likely	0	553	532	1	1	1	1	1	0	0	0	1	95.7	77.9		NPNT	40.5	
EGFLAM	likely	0	1017	993	1	1	1	1	1	0	0	0	0	92.4	88.3		USH2A	7.5	
ELAPOR1	likely	1	1013	869	1	1	0	1	0	0	0	0	1		90.3		ELAPOR2	53.6	
ELFN1	likely	1	828	390	1	1	0	1	0	0	0	1	1		87.9		ELFN2	52.1	2.0
ELFN2	likely	1	820	374	1	1	0	1	1	0	0	1	1	97.2	96.0		ELFN1	52.1	1.0
EMCN	likely	1	261	173	1	1	0	1	1	0	1	0	0	78.9	52.9				
ENO1	likely	0	434	0	0	0	0	0	0	1	0	0	0			2.0			
ENPP2	likely	0	863	836	1	1	1	1	1	0	0	0	1	98.4	94.1		ENPP1	46.5	
ENPP6	likely	0	440	418	1	1	1	1	1	0	0	1	0	91.1	86.1		ENPP1	18.1	2.0
ENPP7	likely	0	458	437	1	1	1	1	1	0	0	0	0	90.2	76.0		ENPP5	37.1	
EPHB1	likely	1	984	523	1	1	0	1	1	0	1	1	1	99.7	98.9		EPHB2	68.7	3.0
EPPIN	likely	0	133	112	1	1	1	1	1	0	0	0	1	90.2	61.7		WFDC6	49.1	
EPS8	likely	0	822	0	0	0	0	1	1	0	0	0	0	97.9	89.1				
EQTN	likely	1	294	167	1	1	0	0	1	0	1	1	0	88.4					2.0
ERMAP	likely	1	475	125	1	1	0	1	1	0	0	0	1	95.2	73.7		BTNL2	10.4	
ERVFRD-1	likely	1	538	473	1	1	0	0	1	0	0	1	0	95.4			ERVW-1	29.6	1.0
ERVMER34-1	likely	1	563	468	1	1	0	0	1	0	0	1	0	93.8			ERV3-1	21.0	1.0
ERVV-1	likely	0	477	456	1	1	1	0	0	1	0	1	1			2.0	ERVV-2	96.5	1.0
ERVV-2	likely	1	535	438	1	1	0	0	0	0	0	1	1				ERVV-1	93.6	1.0
ERVW-1	likely	1	538	434	1	1	0	0	1	0	0	1	0	83.3			ERVFRD-1	29.0	3.0
EVI2A	likely	1	236	112	1	1	0	1	1	0	0	0	0	95.3	61.9				
FABP4	likely	0	132	0	0	0	0	1	1	0	0	0	0	97.7	91.7				
FABP5	likely	0	135	0	0	0	0	1	0	0	0	0	0		80.0				
FAM171A2	likely	1	826	289	1	1	0	1	0	0	0	1	1		93.7		FAM171A1	45.3	1.0
FAM174B	likely	1	159	66	1	1	0	1	1	0	0	0	0	93.7	76.1				
FAT3	likely	1	4557	4122	1	1	0	1	1	0	1	1	1	99.0	91.9		FAT1	53.4	7.0
FCGRT	likely	1	365	276	1	1	0	1	0	0	0	1	0		66.8		HLA-C	32.9	2.0
FCRL4	likely	1	515	370	1	1	0	0	1	0	0	1	0	88.9			FCRL5	21.9	1.0
FCRL6	likely	1	434	291	1	1	0	0	1	0	0	1	0	91.2			FCRL5	15.3	2.0
FGF2	likely	0	288	0	0	0	0	1	1	0	0	0	0	100.0	94.8				
FLVCR2	likely	12	526	65	0	0	0	1	1	0	1	0	1	96.4	86.7		FLVCR1	47.1	
FMR1NB	likely	2	255	93	0	0	0	0	1	0	0	0	0	77.6					
FNDC1	likely	2	1894	1130	1	1	1	1	1	0	1	0	0	94.4	69.5		ABI3BP	28.1	
FNDC4	likely	1	234	125	1	1	0	1	1	1	0	1	1	94.0	94.4	2.0	FNDC5	41.5	1.0
FREM2	likely	1	3169	3064	1	1	0	1	1	0	1	1	1	97.6	88.2		SLC8A2	10.1	6.0
FRMD3	likely	1	597	47	0	0	1	1	1	0	0	0	1	99.2	91.3		FRMD5	49.0	
FSHR	likely	7	695	406	1	1	0	1	1	0	0	0	1	96.8	87.5		LHCGR	47.5	
FST	likely	0	344	315	1	1	1	1	1	0	0	0	0	99.4	97.4		SPINK6	10.8	
FUCA2	likely	0	467	437	1	1	1	1	1	1	0	0	1	96.8	80.9	2.0	FUCA1	55.1	
FURIN	likely	1	794	691	1	1	0	1	1	1	0	1	1	98.9	93.8	2.0	PCSK5	22.8	3.0
FUT2	likely	0	343	310	1	1	1	0	1	0	0	0	1	93.9			FUT1	60.4	
FXYD2	likely	1	66	27	0	1	0	1	0	0	0	0	1		71.2		FXYD1	44.4	
FXYD4	likely	1	89	21	1	1	0	1	1	0	0	0	1	80.9	67.4		FXYD3	52.4	
FXYD7	likely	1	80	26	0	1	0	1	0	0	0	0	1		86.2		FXYD5	12.1	
GABRQ	likely	4	632	259	1	1	1	1	1	1	0	1	1	95.4	77.7	5.0	GABRB1	46.3	1.0
GABRR3	likely	4	467	256	1	1	1	1	1	1	0	1	1	97.2	83.7	5.0	GABRR1	63.7	1.0
GDPD4	likely	6	623	330	0	0	0	1	1	0	0	0	1	91.0	64.8		GDPD5	46.1	
GFRA4	likely	0	299	279	1	1	1	1	1	0	0	1	0	93.3	65.8		GFRA1	23.1	1.0
GFRAL	likely	1	394	337	1	1	0	1	0	0	0	1	0		70.1		GFRA3	24.7	2.0
GGT6	likely	1	493	418	0	0	1	1	1	0	0	0	0	94.4	69.7		GGT7	25.0	
GJA1	likely	4	382	60	0	0	0	1	1	1	0	0	1	99.5	97.4	7.0	GJA3	73.3	
GJA3	likely	4	435	57	0	0	0	1	0	1	0	0	1		71.7	7.0	GJA8	84.2	
GJA5	likely	4	358	59	0	0	0	1	1	0	0	0	1	97.2	82.7		GJA4	65.0	
GJA8	likely	4	433	57	0	0	0	1	1	1	0	0	1	95.6	88.7	7.0	GJA3	84.2	
GJB3	likely	4	270	62	0	0	0	1	1	1	0	0	1	96.7	82.6	6.0	GJB2	69.4	
GJB4	likely	4	266	65	0	0	0	1	1	1	0	0	1	96.2	86.5	6.0	GJB3	70.8	
GJC1	likely	4	396	57	0	0	0	1	0	1	0	0	1		97.2	8.0	GJC2	75.4	
GJC2	likely	4	439	55	0	0	0	1	0	1	0	0	1		85.0	6.0	GJC1	73.7	
GJC3	likely	4	279	73	0	0	0	1	1	1	0	0	1	96.4	60.6	7.0	GJC1	58.9	
GJD3	likely	4	294	59	0	0	0	1	0	1	0	0	1		81.3	6.0	GJB2	63.3	
GJD4	likely	4	370	60	0	0	0	1	1	1	0	0	1	84.3	50.3	6.0	GJB6	60.3	
GJE1	likely	4	205	63	0	0	0	1	1	1	0	0	0	89.8	82.0	5.0	GJC3	28.8	
GLDN	likely	0	551	494	1	1	1	1	1	0	0	1	0	96.7	86.4		OLFM2	24.7	1.0
GLG1	likely	1	1179	1118	1	1	0	1	1	0	0	0	0	99.6	95.9				
GLIPR1L1	likely	0	242	219	1	1	1	0	1	0	0	0	1	86.4			GLIPR1	43.8	
GML	likely	0	158	141	1	1	1	0	0	0	0	1	0				LY6K	27.0	3.0
GP1BA	likely	1	652	516	1	1	0	1	0	0	0	1	0		61.5		LRRC19	16.5	1.0
GP5	likely	1	560	507	1	1	0	1	0	0	0	1	0		70.5		LRRC55	20.9	1.0
GP9	likely	1	177	132	1	1	0	1	0	0	0	0	1		71.2		GP1BB	40.2	
GPER1	likely	7	375	113	0	1	0	1	1	0	0	0	0	98.1	86.9		ACKR5	23.0	
GPI	likely	0	558	0	0	0	0	1	0	1	0	0	0		88.9	2.0			
GPIHBP1	likely	0	184	164	1	1	1	0	0	0	0	1	0				PSCA	22.0	2.0
GPR139	likely	7	353	77	0	1	0	1	1	0	0	0	0	100.0	94.1		GPR142	14.6	
GPR143	likely	7	404	88	0	1	0	1	1	0	0	0	0	96.5	78.5				
GPR149	likely	7	731	79	0	1	0	1	1	0	0	0	0	96.4	79.2		OPRM1	22.3	
GPR150	likely	7	434	129	0	1	0	0	0	0	0	0	0				AVPR1B	20.2	
GPR151	likely	7	419	99	0	1	0	1	1	0	0	0	0	96.9	77.3		P2RY11	21.5	
GPR152	likely	7	470	85	0	1	0	1	0	0	0	0	0		77.2		MRGPRF	29.4	
GPR156	likely	7	814	110	0	1	0	1	1	0	0	0	0	93.5	70.0		GABBR1	5.3	
GPR157	likely	7	335	60	0	1	0	1	1	0	0	0	0	93.7	85.1		TMEM116	18.3	
GPR161	likely	7	529	80	0	1	0	1	1	0	1	0	0	98.3	92.8		HRH4	23.8	
GPR162	likely	7	588	70	0	1	0	1	1	0	1	0	1	99.0	95.9		GPR153	50.0	
GPR17	likely	7	367	118	0	1	0	1	1	0	0	0	0	97.3	90.3		F2RL3	32.2	
GPR174	likely	7	333	68	0	1	0	1	1	0	0	0	0	98.5	88.3		GPR132	20.9	
GPR179	likely	7	2367	401	1	1	0	1	1	0	0	1	0	92.7	65.1		GPR158	39.6	1.0
GPR19	likely	7	415	118	0	1	0	1	1	0	0	0	0	96.9	89.2		OR11A1	20.3	
GPR26	likely	7	337	51	0	1	0	1	1	0	0	0	0	98.5	95.3		GPR78	27.4	
GPR27	likely	7	375	75	0	1	0	1	1	0	0	0	0	99.7	97.1		GPR173	34.2	
GPR33	likely	7	333	96	0	1	0	1	1	0	0	0	0	95.2	72.1		CMKLR1	26.7	
GPR37	likely	7	613	306	1	1	0	1	1	0	0	0	0	97.1	81.2		GPR37L1	24.2	
GPR45	likely	7	372	89	0	1	0	1	1	0	0	0	0	98.7	89.0		GPR63	26.8	
GPR6	likely	7	362	112	0	1	0	1	1	0	0	0	0	98.3	93.9		GPR12	29.5	
GPR62	likely	7	368	71	0	1	0	1	0	0	0	0	0		79.1		GPR135	14.5	
GPR78	likely	7	363	62	0	1	0	0	1	0	0	0	0	90.1			GPR26	38.7	
GPR85	likely	7	370	80	0	1	0	1	1	0	0	0	1	99.7	100.0		GPR173	55.0	
GPR88	likely	7	384	79	0	1	0	1	0	0	0	0	0		95.6		OR11H12	19.6	
GRID1	likely	3	1009	713	1	1	0	1	1	0	0	1	1	99.7	98.4		GRID2	60.4	3.0
GRID2	likely	3	1007	715	1	1	0	1	1	1	0	1	1	99.7	97.6	2.0	GRID1	60.6	4.0
GRIN2D	likely	3	1336	728	1	1	0	1	1	0	0	1	1	83.8	96.6		GRIN2C	60.7	2.0
GRIN3B	likely	3	1043	726	1	1	0	1	0	0	0	1	1		76.1		GRIN3A	49.5	4.0
GRM6	likely	7	877	607	1	1	0	1	1	1	0	1	1	87.0	93.3	2.0	GRM8	69.7	1.0
GRM7	likely	7	915	607	1	1	0	1	1	1	0	1	1	98.0	97.8	2.0	GRM8	73.1	1.0
GSDMA	likely	0	445	0	0	0	0	0	1	0	0	0	0	96.6					
GSDMB	likely	0	416	0	0	0	0	0	0	0	0	0	0						
GSDMC	likely	0	508	0	0	0	0	0	1	0	0	0	0	92.1					
GSDMD	likely	0	484	0	0	0	0	1	1	0	0	0	0	87.4	57.2				
GSDME	likely	0	496	0	0	0	0	1	1	1	0	0	0	94.8	71.6	2.0			
GSG1L	likely	4	331	126	0	0	0	1	1	0	1	0	1	87.9	88.8		GSG1L2	47.6	
GUCY2C	likely	1	1073	413	1	1	0	1	1	0	0	1	0	97.6	81.9		ADCY6	23.7	2.0
GUCY2D	likely	1	1103	412	1	1	0	1	1	0	0	0	0	87.4	85.4		ADCY1	25.0	
GUCY2F	likely	1	1108	417	1	1	0	1	1	0	0	0	0	97.4	89.9		ADCY8	22.5	
GYPA	likely	1	150	74	1	1	0	0	0	0	0	0	1				GYPB	45.9	
GYPC	likely	1	128	60	0	1	0	1	0	0	0	0	0		53.1				
GYPE	likely	1	78	38	1	1	0	0	0	0	0	0	1				GYPB	65.9	
H2BC26	likely	0	126	0	0	0	0	0	0	0	0	0	0	100.0	100.0				
HEPACAM2	likely	1	462	319	1	1	0	1	1	1	0	1	0	79.0	85.5	2.0	CEACAM3	17.6	3.0
HEPH	likely	1	1158	1087	1	1	0	1	1	0	0	1	1	97.1	85.8		HEPHL1	52.3	2.0
HEPHL1	likely	1	1159	1089	1	1	0	1	1	0	0	1	1	97.6	87.3		HEPH	52.3	1.0
HLA-DMB	likely	1	263	200	1	1	0	0	1	1	0	1	0	89.4		2.0	HLA-DPA1	31.5	1.0
HLA-DOB	likely	1	273	202	1	1	0	1	1	0	0	1	1	96.0	74.7		HLA-DQB1	61.4	1.0
HLA-DQA2	likely	1	255	195	1	1	0	0	0	0	0	1	1				HLA-DQA1	85.1	1.0
HLA-DQB2	likely	1	268	197	1	1	0	1	0	1	1	1	1		72.3	2.0	HLA-DQB1	81.3	2.0
HLA-DRB5	likely	1	266	198	1	1	0	0	1	1	0	1	1	80.1		2.0	HLA-DRB1	88.9	2.0
HLA-E	likely	1	358	286	1	1	0	0	0	0	0	1	1				HLA-C	79.4	2.0
HLA-F	likely	1	346	283	1	1	0	0	1	0	0	1	1	73.5			HLA-B	79.4	2.0
HLA-G	likely	1	338	283	1	1	0	0	0	0	1	1	1				HLA-A	83.7	2.0
HMGB1	likely	0	215	0	0	0	0	1	1	0	0	0	0	74.4	99.1				
HMMR	likely	0	724	0	0	0	0	1	1	1	0	0	0	95.0	74.8	2.0			
HPSE	likely	0	543	508	1	1	1	1	1	0	0	0	1	95.4	75.7		HPSE2	43.6	
HRH4	likely	7	390	64	0	1	0	1	1	0	1	0	0	93.6	68.5		CHRM3	17.5	
HSP90AB1	likely	0	724	0	0	0	0	1	1	1	0	0	0	99.9	99.6	2.0			
HSP90B1	likely	1	803	62	1	1	0	1	1	1	0	0	0	97.0	97.3	2.0			
HSPA1A	likely	0	641	641	0	1	1	0	0	1	0	0	1			2.0	HSPA1B	100.0	
HSPA1B	likely	0	641	641	0	1	1	0	0	1	0	0	1			2.0	HSPA1A	100.0	
HSPA5	likely	0	654	636	1	1	1	1	1	1	0	0	1	100.0	98.6	2.0	HSPA8	63.8	
HSPA8	likely	0	646	646	0	1	1	1	0	1	0	0	1		99.8	2.0	HSPA2	86.7	
HSPA9	likely	0	679	0	0	0	0	1	1	1	0	0	0	96.8	98.4	2.0			
HSPD1	likely	0	573	0	0	0	0	1	0	1	0	0	0		97.6	7.0			
HTR3D	likely	4	454	238	1	1	1	0	0	0	0	1	1				HTR3C	46.6	1.0
HTR3E	likely	4	456	233	1	1	1	0	1	1	0	1	1	78.9		5.0	HTR3C	73.6	1.0
HTR6	likely	7	440	75	0	1	0	1	1	0	0	0	0	87.0	88.0		HTR2A	21.8	
HYAL3	likely	0	417	397	1	1	1	1	1	0	0	0	1	97.4	77.9		HYAL2	40.6	
HYOU1	likely	0	999	967	1	1	1	1	1	0	0	0	0	98.0	91.4		HSPA5	22.0	
ICAM5	likely	1	924	805	1	1	0	1	1	0	0	1	0	85.2	84.8		ICAM3	33.5	7.0
IDE	likely	0	1019	0	0	0	0	1	1	1	0	0	0	99.3	95.2	2.0			
IFIT5	likely	0	482	0	0	0	0	0	1	0	0	0	0	97.9					
IFITM2	likely	1	132	7	0	0	1	0	0	0	0	0	1				IFITM3	42.9	
IFITM3	likely	1	133	5	0	0	1	0	0	0	0	0	0				IFITM2	28.6	
IFITM5	likely	3	132	28	0	0	1	1	1	0	0	0	0	97.7	79.5		IFITM10	14.3	
IGDCC3	likely	1	814	605	1	1	0	1	1	0	0	1	0	97.1	86.2		HMCN2	5.8	2.0
IGF2R	likely	1	2491	2269	1	1	0	1	1	0	0	1	0	92.1	81.3				7.0
IGFL2	likely	0	119	94	1	1	1	0	0	0	0	0	1				IGFL3	63.4	
IGLL1	likely	0	213	169	1	1	1	0	0	0	0	0	1				IGLL5	74.6	
IGSF1	likely	3	1336	1180	1	1	0	1	1	0	1	1	0	94.8	86.2		VSTM1	7.6	5.0
IGSF5	likely	1	407	266	0	1	0	0	1	1	0	1	0	77.1		2.0	NEGR1	20.9	2.0
IGSF9B	likely	1	1349	706	1	1	0	1	1	0	0	1	1	91.0	96.0		IGSF9	50.8	6.0
IL1RAPL1	likely	1	696	339	1	1	0	1	1	0	0	1	1	99.7	98.6		IL1RAPL2	63.7	2.0
IL1RAPL2	likely	1	686	338	1	1	0	1	1	0	0	1	1	98.5	94.5		IL1RAPL1	63.7	2.0
ILDR1	likely	1	546	147	1	1	0	1	1	0	1	1	0	95.4	78.9		ILDR2	37.1	1.0
IMPG2	likely	1	1241	1070	1	1	0	1	1	0	0	1	0	97.0	71.2		IMPG1	26.9	3.0
INSRR	likely	1	1297	898	1	1	0	1	1	0	0	1	1	98.7	89.1		IGF1R	52.3	5.0
ISLR	likely	0	428	410	1	1	1	1	1	0	0	0	0	97.7	86.4		ISLR2	39.3	
ISLR2	likely	1	745	570	1	1	0	1	1	0	0	1	0	97.4	89.4		ISLR	38.6	2.0
ISM1	likely	0	464	438	1	1	1	1	1	0	0	0	0	98.3	92.9		THBS2	12.7	
ITGAE	likely	1	1179	1108	1	1	0	1	1	0	0	1	0	92.5	69.5		ITGAM	30.6	4.0
ITM2A	likely	1	263	189	0	0	1	1	1	0	1	0	1	100.0	95.1		ITM2B	45.5	
IYD	likely	0	289	0	0	0	0	1	1	1	1	0	0	79.9	84.4	2.0			
IZUMO1	likely	1	350	271	1	1	0	0	1	0	1	0	0	93.7					
IZUMO1R	likely	0	250	231	1	1	1	1	1	0	0	1	1	95.6	66.4		FOLR3	57.6	1.0
IZUMO2	likely	1	221	168	1	1	0	1	1	1	1	0	0	90.5	51.6	2.0			
KARS1	likely	0	597	0	0	0	0	1	1	1	0	0	0	96.1	90.1	2.0			
KCNC2	likely	6	638	88	0	0	0	1	1	1	0	0	1	100.0	97.5	4.0	KCNC1	67.9	
KCNG2	likely	6	466	76	0	0	0	1	0	1	0	0	1		87.8	4.0	KCNG4	60.0	
KCNG3	likely	6	436	84	0	0	0	1	1	1	0	0	1	99.5	95.9	4.0	KCNG4	46.4	
KCNG4	likely	6	519	80	0	0	0	1	1	1	1	0	1	96.7	79.6	4.0	KCNG2	58.8	
KCNH3	likely	6	1083	121	0	0	0	1	1	0	0	0	1	99.5	95.9		KCNH8	47.1	
KCNH4	likely	8	1017	59	0	0	0	1	1	0	0	0	1	98.1	90.0		KCNH8	42.0	
KCNH5	likely	4	988	88	0	0	0	1	1	0	0	0	1	99.8	98.1		KCNH1	53.3	
KCNH7	likely	6	1196	98	0	0	0	1	1	0	0	0	1	99.2	94.4		KCNH6	77.8	
KCNH8	likely	6	1107	88	0	0	0	1	1	0	1	0	1	99.1	92.2		KCNH4	73.9	
KCNJ18	likely	2	433	52	0	0	0	0	0	1	0	0	1			4.0	KCNJ12	96.2	
KCNK1	likely	4	336	129	0	0	0	1	1	1	0	0	1	99.7	94.9	2.0	KCNK6	55.5	
KCNK12	likely	4	430	124	0	0	0	1	1	1	0	0	1	68.8	99.1	2.0	KCNK13	71.0	
KCNK16	likely	4	309	129	0	0	0	0	1	1	1	0	1	78.9		2.0	KCNK17	47.7	
KCNK6	likely	4	313	137	0	0	0	1	1	1	1	0	1	94.9	85.0	2.0	KCNK1	54.7	
KCNMB4	likely	2	210	127	0	0	0	1	1	0	0	0	0	100.0	93.8		KCNMB2	36.4	
KCNS1	likely	6	526	91	0	0	0	1	1	1	0	1	1	92.4	84.6	4.0	KCNS2	44.0	1.0
KCNS2	likely	6	477	82	0	0	0	1	1	1	0	0	1	99.8	98.1	2.0	KCNS1	48.4	
KCNU1	likely	7	1149	88	0	1	0	0	1	0	0	0	0	91.6			KCNMA1	31.1	
KCNV1	likely	6	500	67	0	0	0	1	1	1	0	0	1	100.0	95.6	2.0	KCNF1	45.3	
KCNV2	likely	6	545	92	0	0	0	1	1	1	0	0	1	95.4	82.6	2.0	KCNA7	40.6	
KEL	likely	1	732	666	0	0	1	1	0	0	0	1	0		72.3		ECE2	32.3	2.0
KIAA0319L	likely	1	1049	880	1	1	0	1	1	0	0	0	1	96.9	84.4		KIAA0319	49.8	
KIDINS220	likely	4	1771	16	0	0	0	1	1	0	1	0	0	99.3	93.1				
KIR2DL4	likely	1	377	219	1	1	0	0	1	0	1	1	1	81.9			KIR3DL2	53.3	2.0
KIR2DL5B	likely	1	375	219	1	1	0	0	0	0	0	1	0						2.0
KIR2DS2	likely	1	304	224	1	1	0	0	0	0	0	1	0						2.0
KIR2DS5	likely	1	304	224	1	1	0	0	0	0	0	1	0						2.0
KIR3DL3	likely	1	410	296	1	1	0	0	0	0	0	1	1				KIR3DL2	70.8	2.0
KIR3DS1	likely	1	382	319	1	1	0	0	0	0	0	1	0						1.0
KIRREL2	likely	1	708	490	1	1	0	1	1	0	1	1	1	94.9	83.8		KIRREL1	44.7	3.0
KIRREL3	likely	1	778	513	1	1	0	1	1	0	0	1	1	98.1	96.4		KIRREL1	53.4	3.0
KL	likely	1	1012	948	1	1	0	1	1	0	1	1	1	96.4	85.9		KLB	45.6	5.0
KLRF2	likely	1	207	156	0	0	1	0	1	1	0	1	0	92.3		2.0	KLRF1	30.8	1.0
KRT1	likely	0	644	0	0	0	0	1	1	0	0	0	0	95.2	75.8				
KRT8	likely	0	483	0	0	0	0	1	0	0	0	0	0		91.1				
LAMP1	likely	1	417	355	1	1	0	1	1	0	0	1	0	92.3	66.4		LAMP2	34.9	1.0
LAMP2	likely	1	410	350	1	1	0	1	1	0	0	1	0	91.2	60.2		LAMP1	35.2	1.0
LAMP3	likely	1	416	354	1	1	0	0	1	0	0	0	0	85.8					
LAMP5	likely	1	280	210	1	1	0	1	1	0	0	1	0	97.9	85.7		LAMP1	16.1	2.0
LAPTM4B	likely	4	317	55	0	0	0	1	1	0	0	0	0	87.6	92.5		LAPTM4A	37.9	
LAT	likely	1	262	6	0	1	0	1	1	0	0	0	0	96.1	69.1				
LAT2	likely	1	243	6	0	1	0	1	1	0	0	0	0	88.1	50.2				
LAX1	likely	1	398	37	0	1	0	1	1	0	1	0	0	94.2	51.3				
LCN6	likely	0	163	143	1	1	1	1	0	1	0	0	0		73.0	2.0	LCN15	25.0	
LCP1	likely	0	627	0	0	0	0	1	1	0	0	0	0	99.5	97.0				
LCT	likely	1	1927	1862	1	1	0	1	1	0	0	1	0	95.9	79.8		GBA3	12.5	5.0
LCTL	likely	1	567	520	1	1	0	1	1	0	0	0	1	97.4	83.6		LCT	13.7	
LGALS1	likely	0	135	0	0	0	0	1	1	1	0	0	0	96.3	88.1	2.0			
LGALS13	likely	0	139	0	0	0	0	0	1	0	0	0	0	95.7					
LGALS3	likely	0	250	0	0	0	0	1	1	0	0	0	0	91.2	84.0				
LGALS3BP	likely	1	585	119	1	1	0	1	1	1	0	0	0	94.9	67.7	2.0	DMBT1	2.9	
LGALS4	likely	0	323	0	0	0	0	1	1	0	0	0	0	91.0	76.8				
LGALS7	likely	0	136	0	0	0	0	0	0	1	0	0	0						
LGALS8	likely	0	317	0	0	0	0	1	1	0	0	0	0	95.3	79.5				
LGALS9	likely	0	355	0	0	0	0	0	0	0	0	0	0						
LGMN	likely	0	433	416	1	1	1	1	1	1	0	0	0	98.8	83.4	2.0	PIGK	25.5	
LHFPL5	likely	4	219	82	0	0	0	1	1	0	0	0	1	98.6	98.2		LHFPL3	70.7	
LHFPL6	likely	4	200	86	0	0	0	1	1	0	0	0	1	100.0	97.0		LHFPL1	65.1	
LILRA4	likely	1	499	423	1	1	0	0	0	0	0	1	1				LILRB3	70.4	4.0
LILRA6	likely	1	481	423	1	1	0	0	0	0	1	1	1				LILRB3	94.3	3.0
LIM2	likely	4	173	60	0	0	0	1	1	0	0	0	0	96.5	91.3		GSG1L	23.0	
LIME1	likely	1	295	10	0	1	0	1	1	0	1	0	1	91.9	55.6				
LINGO1	likely	1	620	518	1	1	0	1	1	0	0	1	1	99.5	98.4		LINGO2	62.0	3.0
LIPC	likely	0	499	477	1	1	1	1	1	0	0	0	1	95.0	74.9		LPL	42.6	
LMLN	likely	0	647	604	1	1	1	1	1	0	0	0	0	98.2	89.8				
LMTK3	likely	1	1460	19	1	1	0	1	0	0	0	0	0		87.7		AATK	16.1	
LNPEP	likely	1	1025	894	0	0	1	1	1	0	0	1	1	96.7	87.8		ERAP1	46.3	1.0
LRFN1	likely	1	771	505	1	1	0	1	1	0	0	1	1	62.1	95.3		LRFN5	60.4	4.0
LRFN2	likely	1	789	514	1	1	0	1	1	0	0	1	1	97.6	94.9		LRFN4	58.4	2.0
LRFN3	likely	1	628	523	1	1	0	1	0	0	0	1	1		96.0		LRFN1	59.8	1.0
LRFN5	likely	1	719	512	1	1	0	1	1	0	0	1	1	99.2	96.8		LRFN1	60.4	2.0
LRIT1	likely	1	623	505	1	1	0	1	1	0	0	1	0	92.3	79.0		LRIT3	36.4	2.0
LRIT3	likely	1	679	563	1	1	0	1	1	0	0	1	0	95.1	71.7		LRIT1	36.4	2.0
LRP11	likely	1	500	414	1	1	0	1	1	0	1	1	0	55.2	68.6		SPINT4	7.2	4.0
LRP12	likely	1	859	460	1	1	0	1	1	0	0	1	1	98.6	92.7		LRP2	4.7	3.0
LRP3	likely	1	770	463	1	1	0	1	0	0	0	1	1		93.1		LRP2	5.1	1.0
LRRC19	likely	1	370	246	1	1	0	1	1	0	0	1	0	94.9	70.0		FLRT1	18.5	1.0
LRRC25	likely	1	305	145	1	1	0	0	1	0	0	1	0	89.2					1.0
LRRC26	likely	1	334	235	1	1	0	1	1	0	1	0	0	91.9	67.1		CHADL	14.9	
LRRC37B	likely	1	947	878	1	1	0	0	0	0	0	1	1				LRRC37A	42.7	2.0
LRRC38	likely	1	294	222	1	1	0	1	0	0	0	1	0		89.5		SLIT1	5.7	1.0
LRRC4	likely	1	653	489	1	1	0	1	1	0	0	0	1	90.2	97.7		LRRC4B	59.1	
LRRC4B	likely	1	713	541	1	1	0	1	0	0	0	1	1		96.4		LRRC4C	63.4	2.0
LRRC4C	likely	1	640	483	1	1	0	1	1	0	0	0	1	100.0	99.7		LRRC4B	62.8	
LRRC52	likely	1	313	222	1	1	0	1	1	0	0	1	0	89.5	73.8		CHADL	12.4	2.0
LRRC55	likely	1	298	224	1	1	0	1	1	1	0	0	0	97.0	94.6	2.0	SLIT1	6.9	
LRRC8C	likely	4	803	111	0	0	0	1	1	0	0	0	1	99.8	97.4		LRRC8E	55.0	
LRRFIP1	likely	0	808	0	0	0	0	0	0	0	0	0	0						
LRRN2	likely	1	713	611	1	1	0	1	1	0	0	1	1	99.2	90.0		LRRN1	54.3	4.0
LRRN3	likely	1	708	606	1	1	0	1	0	0	0	1	1		87.9		LRRN1	58.1	2.0
LRRN4	likely	1	740	664	1	1	0	1	1	0	0	1	0	72.2	64.2		LRRN4CL	12.5	1.0
LRRTM1	likely	1	522	391	1	1	0	1	1	0	0	0	1	78.0	97.1		LRRTM4	50.3	
LRRTM2	likely	1	516	389	1	1	0	1	1	0	0	1	0	100.0	98.1		LRIG2	18.4	2.0
LRRTM3	likely	1	581	389	1	1	0	1	1	0	0	1	1	100.0	97.6		LRRTM4	62.4	2.0
LRRTM4	likely	1	590	394	1	1	0	1	1	0	0	1	1	99.0	94.6		LRRTM3	62.4	2.0
LRTM1	likely	1	345	268	1	1	0	1	1	0	0	1	0	93.0	66.4		PODN	17.7	1.0
LRTM2	likely	1	370	275	1	1	0	1	1	0	0	1	0	97.8	92.2		SLIT3	8.5	1.0
LSAMP	likely	0	338	307	1	1	1	1	1	1	0	1	1	95.0	98.5	2.0	NEGR1	54.2	4.0
LSMEM2	likely	1	164	46	0	0	1	1	1	0	0	0	0	88.4	75.6				
LST1	likely	1	97	11	0	1	0	1	0	0	1	0	0		52.6				
LTK	likely	1	864	406	1	1	0	1	1	0	1	0	0	89.4	78.9		ALK	20.8	
LY6G6F	likely	1	297	217	1	1	0	1	1	0	1	1	0	95.3	66.0		LY6G6D	16.6	2.0
LY6L	likely	0	138	121	1	1	1	0	1	0	0	0	0	84.1			LY6S	33.9	
LY86	likely	0	162	142	1	1	1	1	0	0	0	0	0		66.7				
LYPD5	likely	0	251	226	1	1	1	1	1	0	0	1	0	95.2	70.5		LYPD3	23.1	1.0
LYPD8	likely	0	237	218	1	1	1	0	1	0	0	1	0	86.5			PINLYP	22.9	1.0
LYSMD3	likely	1	306	68	0	0	1	1	1	0	1	0	0	97.7	80.1		LYSMD4	23.5	
LYZL4	likely	0	146	127	1	1	1	1	1	0	0	0	1	95.9	69.9		SPACA3	43.3	
LYZL6	likely	0	148	129	1	1	1	1	1	0	0	0	1	68.9	70.9		SPACA5B	44.2	
M6PR	likely	1	277	164	1	1	0	1	1	1	0	1	0	99.3	92.1	2.0			1.0
MADCAM1	likely	1	382	303	1	1	0	0	1	0	1	0	0	77.0					
MAG	likely	1	626	495	1	1	0	1	1	0	0	1	0	97.6	94.4		SIGLECL1	10.1	3.0
MAL	likely	4	153	28	0	0	0	1	1	1	1	0	1	73.2	86.9	2.0	CMTM5	17.9	
MARCKS	likely	0	332	0	0	0	0	1	0	0	0	0	0		69.9				
MARCO	likely	1	520	455	0	0	1	1	1	0	1	0	0	91.9	67.7		MSR1	28.6	
MARVELD2	likely	4	558	67	0	0	0	1	1	0	0	0	0	97.8	87.5		OCLN	27.7	
MARVELD3	likely	4	401	86	0	0	0	1	0	0	1	0	0		64.6				
MAS1L	likely	7	378	110	0	1	0	0	0	0	0	0	0				MRGPRF	17.3	
MC2R	likely	7	297	61	0	1	0	1	0	0	0	0	0		88.6		GPR6	15.2	
MCEMP1	likely	1	187	81	0	0	1	0	1	0	0	0	0	82.2					
MCOLN2	likely	6	566	255	0	0	0	1	1	1	0	0	1	94.7	79.5	4.0	MCOLN3	53.3	
MCOLN3	likely	6	553	250	0	0	0	1	1	1	0	0	1	97.8	91.1	4.0	MCOLN1	52.6	
MEGF11	likely	1	1044	831	1	1	0	1	1	0	0	1	1	98.0	85.9		MEGF10	68.4	5.0
MFRP	likely	1	579	489	0	0	1	1	1	0	0	1	0	95.9	69.8		CUBN	6.2	2.0
MFSD2B	likely	12	504	83	0	0	0	1	1	0	0	0	0	95.6	81.9		MFSD12	15.1	
MGAM	likely	1	2753	2719	0	0	1	1	1	0	0	0	1	65.0	79.9		SI	39.6	
MIP	likely	6	263	56	0	0	0	1	1	1	0	0	1	97.3	93.2	4.0	AQP4	49.1	
MLKL	likely	0	471	0	0	0	0	1	1	1	0	0	0	90.9	61.4	2.0			
MMEL1	likely	1	779	733	0	0	1	1	1	1	0	1	1	97.3	77.0	2.0	MME	52.5	3.0
MMP24	likely	1	645	550	1	1	0	1	1	0	0	0	1	96.6	91.2		MMP16	67.3	
MMP28	likely	0	520	498	1	1	1	1	1	0	0	0	0	95.0	84.8		MMP7	19.3	
MMP9	likely	0	707	688	1	1	1	1	1	0	0	0	1	94.3	74.4		MMP2	46.9	
MMRN1	likely	0	1228	1209	1	1	1	1	1	0	0	0	0	93.7	65.7		MMRN2	21.1	
MMRN2	likely	0	949	927	1	1	1	1	0	1	0	0	0		66.2	3.0	EMILIN1	24.7	
MOG	likely	3	247	127	1	1	0	1	1	0	1	0	1	96.4	84.6		BTN1A1	27.7	
MOSPD2	likely	1	518	2	0	0	1	1	1	0	0	0	0	97.9	90.0				
MPEG1	likely	1	716	646	1	1	0	0	1	1	0	1	0	92.0		2.0			4.0
MPIG6B	likely	1	241	125	1	1	0	1	1	0	1	1	0	76.8	71.4				2.0
MPZ	likely	1	248	126	1	1	0	1	1	0	0	0	1	98.8	94.0		MPZL1	42.0	
MPZL3	likely	1	235	127	1	1	0	1	0	0	1	0	1		87.7		MPZ	40.2	
MR1	likely	1	341	278	1	1	0	1	1	0	1	1	1	92.7	75.7		HLA-C	42.0	2.0
MRAP	likely	1	172	37	0	1	0	0	1	0	1	0	0	93.0					
MRGPRX1	likely	7	322	66	0	1	0	0	1	0	0	0	1	86.3			MRGPRX3	69.0	
MRGPRX2	likely	7	330	76	0	1	0	0	1	0	0	0	1	91.2			MRGPRX1	48.7	
MRGPRX3	likely	7	322	71	0	1	0	0	1	0	0	0	1	90.4			MRGPRX4	74.3	
MRGPRX4	likely	7	322	74	0	1	0	0	1	0	0	0	1	80.1			MRGPRX3	75.7	
MS4A12	likely	4	267	31	0	0	0	1	1	1	0	0	0	82.0	51.3	2.0	MS4A6E	17.0	
MS4A13	likely	4	152	40	0	0	0	1	1	0	1	0	0	86.2	63.8		MS4A4E	35.0	
MS4A2	likely	4	244	52	0	0	0	1	1	0	0	0	0	88.1	58.2		MS4A4E	17.3	
MS4A4E	likely	3	132	17	0	0	1	0	0	0	1	0	0				MS4A6E	4.3	
MS4A6A	likely	4	248	67	0	0	0	0	1	0	1	0	1	90.2			MS4A12	17.9	
MS4A7	likely	4	240	65	0	0	0	0	1	1	1	0	0	92.9		2.0	MS4A6E	26.2	
MTDH	likely	1	582	49	0	1	0	1	0	0	0	0	0		91.1				
MUC12	likely	1	5478	5361	1	1	0	0	0	0	0	0	0						
MUC17	likely	1	4493	4364	1	1	0	0	1	0	1	1	0	66.9			MUC13	4.1	3.0
MUC22	likely	1	1773	1636	1	1	0	0	0	0	0	1	0						8.0
MUC3A	likely	1	3323	3207	1	1	0	0	0	0	1	0	0				MUC13	5.9	
MUCL1	likely	0	90	71	1	1	1	0	1	0	0	0	0	77.8					
MUSK	likely	1	869	474	1	1	0	1	1	0	0	1	0	99.3	92.4		ROS1	8.1	1.0
MYH9	likely	0	1960	0	0	0	0	1	1	0	0	0	0	99.8	97.1				
MYMX	likely	0	84	0	0	0	0	1	0	0	0	0	0		78.6				
MYO18A	likely	0	2054	0	0	0	0	0	0	0	0	0	0	98.1	73.7				
MYOC	likely	0	504	472	1	1	1	1	1	1	0	0	0	96.6	79.6	2.0	OLFM2	32.0	
MYOF	likely	1	2061	15	0	0	1	1	1	0	1	0	1	99.1	94.0		DYSF	53.3	
NAALAD2	likely	1	740	709	0	0	1	1	1	1	0	0	1	96.1	88.1	2.0	FOLH1	70.1	
NAALADL2	likely	1	795	649	0	0	1	1	1	1	0	0	0	94.8	78.0	2.0	NAALADL1	26.7	
NDNF	likely	0	568	549	1	1	1	1	1	0	0	0	0	98.1	87.5				
NEDD9	likely	0	834	0	0	0	0	1	1	0	0	0	0	97.7	88.7				
NETO1	likely	1	533	321	1	1	0	1	1	0	1	1	1	99.6	95.7		NETO2	65.9	1.0
NEU1	likely	0	415	368	1	1	1	1	1	0	0	0	0	97.1	81.7				
NFAM1	likely	1	270	122	1	1	0	0	1	0	0	1	0	83.3					1.0
NFASC	likely	1	1347	1193	1	1	0	1	1	0	1	1	1	99.3	96.2		NRCAM	45.9	5.0
NIPAL4	likely	9	404	104	0	1	0	1	1	1	0	0	0	98.8	84.9	2.0	NIPA2	31.7	
NKTR	likely	0	1462	0	0	0	0	1	1	0	0	0	0	95.7	79.3				
NLGN4Y	likely	1	816	635	1	1	0	0	1	1	1	1	1	97.4		2.0	NLGN4X	98.3	1.0
NOX3	likely	6	568	110	0	0	0	1	1	0	0	0	1	95.8	80.6		CYBB	42.6	
NOX5	likely	6	765	41	0	0	0	0	1	0	0	0	0	92.3			DUOX1	1.6	
NPDC1	likely	1	325	151	1	1	0	1	1	0	0	0	0	84.9	75.1				
NPHS1	likely	1	1241	1042	1	1	0	1	1	0	0	1	0	95.4	81.5		KIRREL2	21.8	8.0
NPHS2	likely	2	383	1	0	0	0	1	1	1	0	0	0	89.3	86.4	2.0	STOML3	0.0	
NPM1	likely	0	294	0	0	0	0	1	1	1	0	0	0	89.8	94.2	5.0			
NPY4R	likely	7	375	106	0	1	0	0	0	0	0	0	1				NPY4R2	100.0	
NPY4R2	likely	7	375	106	0	1	0	0	0	0	0	0	1				NPY4R	100.0	
NRDC	likely	0	1151	0	0	0	0	1	1	0	0	0	0	96.8	93.0				
NRG3	likely	2	720	274	0	0	0	1	1	0	1	0	0	98.7	92.0		NRG4	9.5	
NRG4	likely	1	115	60	0	1	0	1	1	0	0	1	0	92.2	74.8		NRG3	9.9	1.0
NRN1L	likely	0	165	130	1	1	1	1	1	0	0	1	0	87.3	77.0		NRN1	29.2	2.0
NRROS	likely	1	692	624	1	1	0	1	1	0	0	0	0	94.9	80.8		LRRC3C	13.5	
NRXN1	likely	1	472	347	1	1	0	1	1	0	0	1	1	53.7	99.3		NRXN2	48.1	1.0
NUS1	likely	0	293	0	0	0	0	1	1	1	0	0	0	98.0	90.4	2.0			
NXPE1	likely	1	547	520	0	0	1	0	0	1	1	0	1			2.0	NXPE2	72.0	
NXPH1	likely	0	271	250	1	1	1	1	1	0	0	0	1	99.3	99.6		NXPH2	66.4	
NXPH3	likely	0	252	230	1	1	1	1	1	0	0	0	1	93.7	96.4		NXPH1	49.6	
NYX	likely	0	476	458	1	1	1	1	0	0	0	0	0		84.7		LRTM1	22.3	
ODR4	likely	1	454	5	0	0	1	1	1	0	1	0	0	97.6	85.5				
OLFM1	likely	0	485	464	1	1	1	1	1	0	0	0	1	99.8	98.4		OLFM3	65.7	
OLFM2	likely	0	454	434	1	1	1	1	1	0	0	0	1	96.5	94.7		OLFM3	60.4	
OLFM3	likely	0	478	455	1	1	1	1	1	0	0	0	1	96.3	95.6		OLFM1	65.3	
OLFM4	likely	0	510	490	1	1	1	1	1	0	0	0	0	93.7	70.2		OLFML2B	19.2	
OMG	likely	0	440	416	1	1	1	1	1	0	0	1	0	98.2	88.6		LINGO3	25.7	2.0
OPALIN	likely	1	141	35	0	1	0	1	1	0	0	0	0	95.0	78.0				
OPN1LW	likely	7	364	108	0	1	0	0	1	0	0	0	1	96.2			OPN1MW2	95.5	
OPN1MW	likely	7	364	111	0	1	0	0	0	0	0	0	1				OPN1MW2	100.0	
OPN1MW2	likely	7	364	111	0	1	0	0	0	0	0	0	1				OPN1MW	100.0	
OPN1MW3	likely	7	364	111	0	1	0	0	0	0	0	0	1				OPN1MW2	100.0	
OPN1SW	likely	7	345	87	0	1	0	1	1	0	0	0	1	96.2	86.1		RHO	42.6	
OPN4	likely	7	478	123	0	1	0	1	1	0	0	0	0	95.4	76.2		OPN1MW2	30.1	
OR10A2	likely	7	303	70	0	1	0	0	0	0	0	0	1				OR10A5	80.7	
OR10A3	likely	7	314	89	0	1	0	0	0	0	0	0	1				OR10A6	89.9	
OR10A4	likely	7	315	82	0	1	0	1	1	0	0	0	1	92.1	88.3		OR10A2	63.4	
OR10A5	likely	7	317	83	0	1	0	0	0	0	0	0	1				OR10A2	79.5	
OR10A6	likely	7	314	89	0	1	0	0	1	0	0	0	1	94.3			OR10A3	89.9	
OR10G4	likely	7	311	82	0	1	0	0	0	0	0	0	1				OR10G9	89.4	
OR10G7	likely	7	311	83	0	1	0	0	1	0	0	0	1	92.0			OR10G4	91.6	
OR10G9	likely	7	311	85	0	1	0	0	0	0	0	0	1				OR10G4	91.8	
OR10H2	likely	7	315	81	0	1	0	0	0	0	0	0	1				OR10H5	82.7	
OR10H5	likely	7	315	80	0	1	0	0	0	0	0	0	1				OR10H1	86.4	
OR10J5	likely	7	309	79	0	1	0	1	0	0	0	0	1		87.4		OR10J1	60.0	
OR10P1	likely	7	313	86	0	1	0	1	1	0	0	0	1	96.8	84.0		OR10C1	45.3	
OR10S1	likely	7	331	93	0	1	0	1	0	0	0	0	1		84.8		OR10G6	46.2	
OR10X1	likely	7	326	98	0	1	0	0	0	0	0	0	0				OR9G1	32.7	
OR11A1	likely	7	315	78	0	1	0	1	1	0	0	0	0	93.7	74.0		OR11H2	34.7	
OR11H2	likely	7	326	98	0	1	0	0	0	0	0	0	1				OR11H1	96.9	
OR11H6	likely	7	330	92	1	1	0	1	0	0	0	0	1		81.5		OR11H4	64.1	
OR11H7	likely	7	314	77	0	1	0	0	1	0	0	0	1	92.4			OR11H4	62.5	
OR11L1	likely	7	322	82	0	1	0	1	1	0	0	0	1	88.5	77.0		OR5A1	47.2	
OR13A1	likely	7	328	102	0	1	0	1	0	0	0	0	1		79.9		OR5M8	41.2	
OR14A16	likely	7	309	80	0	1	0	0	0	0	0	0	1				OR14A2	61.3	
OR14A2	likely	7	314	73	0	1	0	0	1	0	0	0	1	93.9			OR14A16	57.5	
OR14I1	likely	7	311	75	0	1	0	0	1	0	0	0	1	91.6			OR14C36	48.1	
OR1A1	likely	7	309	84	0	1	0	0	1	0	0	0	1	93.2			OR1A2	81.0	
OR1A2	likely	7	309	84	0	1	0	0	0	0	0	0	1				OR1A1	81.0	
OR1D2	likely	7	312	87	0	1	0	1	1	0	0	0	1	93.9	86.9		OR1D5	79.3	
OR1D4	likely	7	311	86	0	1	0	0	0	0	0	0	0						
OR1E1	likely	7	314	89	0	1	0	0	1	0	0	0	1	94.6			OR1E2	97.8	
OR1E2	likely	7	323	88	0	1	0	0	1	0	0	0	1	90.1			OR1E1	96.6	
OR1F1	likely	7	312	84	0	1	0	1	1	0	0	0	1	92.3	73.7		OR1N1	60.0	
OR1G1	likely	7	313	97	0	1	0	0	0	0	0	0	1				OR1I1	58.8	
OR1I1	likely	7	355	86	0	1	0	1	1	0	0	0	1	89.0	67.3		OR1G1	51.5	
OR2A2	likely	7	318	85	0	1	0	1	1	0	0	0	1	93.1	72.6		OR2A14	76.5	
OR2A25	likely	7	310	77	0	1	0	1	1	0	0	0	1	92.3	81.9		OR2A7	77.1	
OR2A4	likely	7	310	83	0	1	0	0	0	0	0	0	1				OR2A7	98.8	
OR2A7	likely	7	310	83	0	1	0	0	0	0	0	0	1				OR2A4	98.8	
OR2AG1	likely	7	316	87	0	1	0	0	0	0	0	0	1				OR2AG2	88.5	
OR2AG2	likely	7	316	86	0	1	0	0	1	0	0	0	1	92.7			OR2AG1	87.4	
OR2AT4	likely	7	320	90	0	1	0	1	1	0	0	0	0	95.0	85.6		OR1F1	32.2	
OR2B6	likely	7	313	87	0	1	0	1	0	0	0	0	1		81.2		OR2B2	77.0	
OR2C1	likely	7	312	90	0	1	0	1	0	0	0	0	1		82.1		OR2G2	60.0	
OR2D2	likely	7	308	89	0	1	0	0	1	0	0	0	1	79.9			OR2D3	47.0	
OR2D3	likely	7	330	100	0	1	0	1	1	0	0	0	1	92.4	75.8		OR2D2	44.0	
OR2H2	likely	7	312	84	0	1	0	0	1	0	0	0	1	94.6			OR2H1	84.9	
OR2I1	likely	7	315	89	0	1	0	1	1	0	0	0	1	95.2	81.6		OR2J1	52.8	
OR2J2	likely	7	312	87	0	1	0	0	1	0	0	0	1	91.7			OR2J1	87.5	
OR2J3	likely	7	311	87	0	1	0	0	1	0	0	0	1	95.5			OR2J2	83.9	
OR2L13	likely	7	312	89	0	1	0	0	1	0	0	0	1	92.6			OR2L3	76.4	
OR2M3	likely	7	312	85	0	1	0	0	0	0	0	0	1				OR2M5	95.3	
OR2M4	likely	7	311	87	0	1	0	0	1	0	0	0	1	94.9			OR2M5	75.9	
OR2M7	likely	7	312	85	0	1	0	0	0	0	0	0	1				OR2M5	94.1	
OR2T1	likely	7	369	121	1	1	0	1	1	0	0	0	1	95.9	86.2		OR2T27	44.6	
OR2T11	likely	7	316	87	0	1	0	0	0	0	0	0	1				OR2T2	59.3	
OR2T29	likely	7	315	89	0	1	0	0	0	0	0	0	1				OR2T5	97.8	
OR2T34	likely	7	318	87	0	1	0	0	0	0	0	0	1				OR2T3	97.7	
OR2T4	likely	7	348	115	0	1	0	0	0	0	0	0	1				OR2T29	67.0	
OR2T6	likely	7	308	86	0	1	0	1	1	0	0	0	1	93.5	81.5		OR2T1	40.5	
OR2W1	likely	7	320	86	0	1	0	0	1	0	0	0	1	95.6			OR2G3	64.0	
OR2W3	likely	7	314	88	0	1	0	0	1	0	0	0	1	94.9			OR2J3	59.1	
OR3A2	likely	7	321	92	0	1	0	0	1	0	0	0	1	94.9			OR3A3	97.8	
OR3A3	likely	7	321	92	0	1	0	0	1	0	0	0	1	94.0			OR3A2	97.8	
OR4B1	likely	7	309	79	0	1	0	0	1	0	0	0	1	94.8			OR4S2	67.1	
OR4C13	likely	7	309	84	0	1	0	0	0	0	0	0	1				OR4C46	82.1	
OR4C45	likely	7	306	75	0	1	0	0	0	0	0	0	1				OR4A15	52.3	
OR4D1	likely	7	310	84	0	1	0	1	1	0	0	0	1	95.8	85.8		OR4D2	82.1	
OR4D11	likely	7	311	79	0	1	0	1	1	0	0	0	1	93.6	87.5		OR4D9	76.2	
OR4D2	likely	7	307	77	0	1	0	0	1	0	0	0	1	93.5			OR4D1	73.8	
OR4D5	likely	7	318	83	0	1	0	1	1	0	0	0	1	94.3	89.3		OR4D2	65.1	
OR4E2	likely	7	313	83	0	1	0	1	1	0	0	0	1	96.8	84.7		OR4K15	62.7	
OR4K15	likely	7	324	80	0	1	0	0	1	0	0	0	1	96.0			OR4K13	72.5	
OR4N4	likely	7	316	77	0	1	0	0	0	0	0	0	1				OR4N4C	100.0	
OR4N4C	likely	7	316	77	0	1	0	0	0	0	0	0	1				OR4N4	100.0	
OR4Q3	likely	7	313	79	0	1	0	1	1	0	0	0	1	96.0	79.1		OR4F5	62.0	
OR4S1	likely	7	309	79	0	1	0	0	0	0	0	0	1				OR4C45	59.5	
OR4X2	likely	7	303	77	0	1	0	0	1	0	0	0	1	88.4			OR4C5	47.1	
OR51A2	likely	7	313	78	0	1	0	0	0	0	0	0	1				OR51A4	94.9	
OR51A7	likely	7	312	83	0	1	0	1	0	0	0	0	1		85.6		OR51A4	66.3	
OR51B4	likely	7	310	83	0	1	0	1	0	0	0	0	1		75.2		OR51B6	66.3	
OR51B5	likely	7	312	80	0	1	0	0	1	0	0	0	1	91.3			OR51B6	73.3	
OR51D1	likely	7	324	89	0	1	0	1	1	0	0	0	1	93.8	88.3		OR51C1	43.8	
OR51M1	likely	7	326	95	0	1	0	1	1	0	0	0	1	93.6	81.3		OR51B6	50.5	
OR51Q1	likely	7	317	81	0	1	0	0	0	0	0	0	1				OR51I2	54.1	
OR51S1	likely	7	323	84	0	1	0	1	1	0	0	0	1	92.6	79.9		OR51G2	44.0	
OR52A1	likely	7	312	81	0	1	0	0	1	0	0	0	1	91.7			OR52A5	63.6	
OR52A5	likely	7	316	88	0	1	0	0	1	0	0	0	1	97.5			OR52A1	71.6	
OR52B2	likely	7	323	84	0	1	0	1	0	0	0	0	1		87.9		OR52E5	58.3	
OR52B6	likely	7	335	104	0	1	0	0	1	0	0	0	1	89.0	76.7		OR52E2	42.3	
OR52E2	likely	7	325	77	0	1	0	1	0	1	0	0	1		81.8	2.0	OR52E1	65.9	
OR52N5	likely	7	324	90	0	1	0	1	1	0	0	0	1	84.6	84.9		OR52N2	62.2	
OR52W1	likely	7	320	87	0	1	0	1	0	1	0	0	1		79.4	2.0	OR52L1	40.4	
OR56A4	likely	7	313	85	0	1	0	0	0	0	0	0	1				OR56A5	85.1	
OR56B1	likely	7	324	88	0	1	0	0	0	0	0	0	1				OR56B2	72.7	
OR5A1	likely	7	315	89	0	1	0	1	1	0	0	0	1	95.9	83.8		OR5A2	63.2	
OR5A2	likely	7	324	95	0	1	0	1	1	0	0	0	1	95.1	78.1		OR5A1	67.4	
OR5AN1	likely	7	311	85	0	1	0	0	1	0	0	0	1	96.5			OR5A2	49.5	
OR5B12	likely	7	314	85	0	1	0	0	0	0	0	0	1				OR5B2	70.6	
OR5B2	likely	7	309	84	0	1	0	0	1	0	0	0	1	93.5			OR5B3	84.5	
OR5D14	likely	7	314	92	0	1	0	0	1	0	0	0	1	94.3			OR5D18	59.8	
OR5H1	likely	7	313	83	0	1	0	0	0	0	0	0	1				OR5H15	97.6	
OR5H15	likely	7	313	83	0	1	0	0	0	0	0	0	1				OR5H1	97.6	
OR5K1	likely	7	308	83	0	1	0	0	1	0	0	0	1	96.4			OR5K2	91.6	
OR5M3	likely	7	307	93	0	1	0	0	1	0	0	0	1	94.5			OR5M9	80.6	
OR5P3	likely	7	311	85	0	1	0	0	0	0	0	0	1				OR5P2	51.1	
OR5V1	likely	7	321	89	0	1	0	0	1	0	0	0	1	94.4			OR10C1	50.6	
OR6C3	likely	7	311	75	0	1	0	1	0	0	0	0	1		88.4		OR6C1	69.3	
OR6F1	likely	7	308	83	0	1	0	1	1	0	0	0	1	93.5	83.1		OR6J1	50.6	
OR6M1	likely	7	313	83	0	1	0	0	1	0	0	0	1	93.0			OR6J1	53.0	
OR6Y1	likely	7	325	92	0	1	0	0	1	0	0	0	1	56.0			OR6B1	50.0	
OR7A17	likely	7	309	88	0	1	0	0	0	0	0	0	1				OR7A5	74.2	
OR7A5	likely	7	319	93	0	1	0	0	0	0	0	0	1				OR7A17	79.6	
OR7C1	likely	7	320	91	0	1	0	0	0	0	0	0	1				OR7C2	76.9	
OR7D2	likely	7	312	93	0	1	0	0	0	0	0	0	1				OR7A17	63.4	
OR7D4	likely	7	312	94	0	1	0	0	0	0	0	0	1				OR7G2	61.7	
OR7E24	likely	7	339	106	0	1	0	0	1	0	0	0	1	89.1			OR7A17	48.1	
OR8B3	likely	7	313	87	0	1	0	0	0	0	0	0	1				OR8B2	97.7	
OR8D2	likely	7	311	82	0	1	0	0	0	0	0	0	1				OR8D1	56.8	
OR9G9	likely	7	305	88	0	1	0	0	0	0	0	0	0						
OSCP1	likely	0	389	0	0	0	0	1	1	0	0	0	0	98.4	86.8				
OTOA	likely	0	1153	1131	1	1	1	1	1	0	0	1	0	95.9	77.2		MSLN	15.5	3.0
OTOP1	likely	12	612	105	0	0	0	1	1	1	0	0	0	94.3	77.5	2.0	OTOP3	24.8	
OXTR	likely	7	389	96	0	1	0	1	1	0	0	0	1	92.8	92.0		AVPR1B	59.4	
P2RX4	likely	2	388	293	0	0	0	1	1	1	0	1	1	75.5	86.6	3.0	P2RX5	58.7	2.0
P2RY8	likely	7	359	79	0	1	0	0	0	0	0	0	0				F2RL2	22.8	
P4HB	likely	0	508	491	1	1	1	1	0	0	0	0	1		93.7		PDIA2	48.2	
PAM	likely	1	973	846	1	1	0	1	1	0	1	1	0	98.4	81.0				2.0
PAQR6	likely	8	344	67	0	0	0	1	0	0	1	0	0		87.2		PAQR5	26.5	
PATE1	likely	0	126	105	1	1	1	1	1	0	0	0	0	81.7	61.1		PATE3	32.4	
PATE2	likely	0	113	95	1	1	1	0	1	0	0	0	0	85.8			PATE4	27.4	
PATE3	likely	0	98	78	1	1	1	1	1	0	0	0	0	87.8	64.3		PATE1	28.6	
PCDH1	likely	1	1060	795	1	1	0	1	1	0	0	1	1	98.6	79.6		PCDH7	50.4	5.0
PCDH11X	likely	1	1347	789	1	1	0	0	0	0	0	1	1				PCDH11Y	98.5	8.0
PCDH11Y	likely	1	1340	789	1	1	0	0	0	0	0	1	1				PCDH11X	98.5	5.0
PCDH12	likely	1	1184	699	1	1	0	1	1	0	0	1	1	98.0	80.2		PCDH18	42.1	3.0
PCDH15	likely	1	1955	1346	1	1	0	1	1	0	1	1	0	85.0	81.0		PCDH10	19.4	10.0
PCDH20	likely	1	951	828	1	1	0	1	1	0	0	1	1	98.3	92.5		PCDH9	44.6	4.0
PCDHA1	likely	1	950	668	1	1	0	1	0	0	0	1	1		84.6		PCDHA2	81.4	5.0
PCDHA10	likely	1	948	667	1	1	0	1	0	0	0	1	1		83.2		PCDHA12	80.7	4.0
PCDHA11	likely	1	949	667	1	1	0	1	0	0	0	1	1		84.9		PCDHA8	79.9	4.0
PCDHA12	likely	1	941	668	1	1	0	0	0	0	0	1	1				PCDHA10	80.7	5.0
PCDHA13	likely	1	950	668	1	1	0	1	0	0	0	1	1		86.7		PCDHA3	80.4	5.0
PCDHA2	likely	1	948	668	1	1	0	1	0	0	0	1	1		86.7		PCDHA1	81.4	3.0
PCDHA3	likely	1	950	668	1	1	0	1	0	0	0	1	1		85.5		PCDHA4	83.7	4.0
PCDHA5	likely	1	936	668	1	1	0	1	0	0	0	1	1		86.5		PCDHA4	81.4	4.0
PCDHA6	likely	1	950	668	1	1	0	0	0	0	0	1	1				PCDHA8	91.3	5.0
PCDHA7	likely	1	937	668	1	1	0	0	0	0	0	1	1				PCDHA9	92.1	3.0
PCDHA8	likely	1	950	668	1	1	0	0	0	0	0	1	1				PCDHA6	91.3	4.0
PCDHA9	likely	1	950	668	1	1	0	0	0	0	0	1	1				PCDHA7	92.1	5.0
PCDHAC1	likely	1	963	661	1	1	0	1	0	0	0	1	1		84.2		PCDHGA10	46.2	5.0
PCDHAC2	likely	1	1007	665	1	1	0	1	1	0	0	1	1	99.2	93.1		PCDHGA12	50.8	5.0
PCDHB10	likely	1	800	665	1	1	0	0	1	1	0	1	1	92.6		2.0	PCDHB9	92.8	5.0
PCDHB11	likely	1	797	659	1	1	0	0	0	0	0	1	1				PCDHB12	90.2	3.0
PCDHB12	likely	1	795	663	1	1	0	0	0	0	0	1	1				PCDHB11	90.8	5.0
PCDHB14	likely	1	798	659	1	1	0	1	1	0	0	1	1	95.9	78.7		PCDHB2	78.5	4.0
PCDHB15	likely	1	787	663	1	1	0	1	0	0	0	1	1		75.5		PCDHB4	77.7	4.0
PCDHB16	likely	1	776	661	1	1	0	1	1	0	0	1	1	93.6	76.4		PCDHB8	79.5	5.0
PCDHB2	likely	1	798	659	1	1	0	1	0	0	0	1	1		75.9		PCDHB14	78.5	5.0
PCDHB3	likely	1	796	663	1	1	0	1	1	0	0	1	1	74.0	77.6		PCDHB6	78.6	3.0
PCDHB4	likely	1	795	661	1	1	0	0	1	0	0	1	1	64.3			PCDHB5	78.7	5.0
PCDHB5	likely	1	795	660	1	1	0	0	0	0	0	1	1				PCDHB6	78.8	4.0
PCDHB6	likely	1	794	660	1	1	0	1	0	0	0	1	1		78.1		PCDHB5	78.8	4.0
PCDHB7	likely	1	793	659	1	1	0	1	0	0	0	1	1		77.7		PCDHB2	77.8	5.0
PCDHB8	likely	1	801	662	1	1	0	0	1	0	0	1	1	88.8			PCDHB13	94.6	5.0
PCDHGA1	likely	1	931	664	1	1	0	1	0	0	0	1	1		83.2		PCDHGA6	71.8	5.0
PCDHGA10	likely	1	936	664	1	1	0	1	1	0	0	1	1	63.1	87.3		PCDHGA9	76.5	5.0
PCDHGA11	likely	1	935	664	1	1	0	1	0	0	0	1	1		82.7		PCDHGA12	73.2	6.0
PCDHGA12	likely	1	932	664	1	1	0	1	0	0	0	1	1		85.9		PCDHGA10	74.4	4.0
PCDHGA2	likely	1	932	664	1	1	0	1	0	0	0	1	1		86.1		PCDHGA3	75.3	5.0
PCDHGA3	likely	1	932	663	1	1	0	1	0	0	0	1	1		84.9		PCDHGA2	75.2	4.0
PCDHGA4	likely	1	962	664	1	1	0	1	0	0	0	1	1		81.8		PCDHGA6	73.3	4.0
PCDHGA5	likely	1	931	663	1	1	0	1	0	0	0	1	1		85.1		PCDHGA6	73.6	4.0
PCDHGA6	likely	1	932	663	1	1	0	1	0	0	0	0	1		80.3		PCDHGA7	75.0	
PCDHGA7	likely	1	932	664	1	1	0	1	0	0	0	1	1		84.5		PCDHGA6	75.0	4.0
PCDHGA8	likely	1	932	663	1	1	0	1	0	0	0	1	1		83.4		PCDHGA9	80.5	3.0
PCDHGB1	likely	1	927	660	1	1	0	1	0	0	0	1	1		82.1		PCDHGB2	74.0	3.0
PCDHGB2	likely	1	931	662	1	1	0	1	0	0	0	1	1		82.2		PCDHGB1	74.0	5.0
PCDHGB3	likely	1	929	661	1	1	0	0	0	0	0	1	1				PCDHGB5	70.0	3.0
PCDHGB6	likely	1	930	661	1	1	0	1	0	0	0	1	1		83.0		PCDHGB7	78.2	4.0
PCDHGB7	likely	1	929	661	1	1	0	1	0	0	0	1	1		82.0		PCDHGB6	78.2	3.0
PCDHGC4	likely	1	938	663	1	1	0	1	0	0	0	1	1		98.2		PCDHGC5	51.2	5.0
PCSK5	likely	1	1860	1711	1	1	0	1	1	0	1	1	0	95.8	81.2		PCSK6	31.2	9.0
PCSK7	likely	1	785	627	1	1	0	1	1	0	0	0	0	98.2	85.9		PCSK6	31.5	
PDGFC	likely	0	345	323	1	1	1	1	1	0	0	0	1	98.8	87.0		PDGFD	44.6	
PDIA3	likely	0	505	481	1	1	1	1	1	0	0	0	0	84.4	93.1		PDIA4	32.7	
PDIA4	likely	0	645	621	1	1	1	1	1	0	0	0	0	97.8	87.9		PDIA3	33.0	
PDIA6	likely	0	440	421	1	1	1	1	1	1	0	0	0	97.5	95.2	2.0	TMX1	16.9	
PEBP4	likely	0	227	205	1	1	1	0	1	0	0	0	0	89.4					
PERP	likely	4	193	70	0	0	0	1	1	0	0	0	0	99.0	90.7		TMEM47	25.7	
PGRMC1	likely	1	195	31	0	1	0	1	1	0	0	0	0	83.1	95.4		CYB5D2	1.7	
PHB1	likely	0	272	245	1	1	1	1	0	1	0	0	1		99.6	2.0	PHB2	49.4	
PHB2	likely	1	299	263	0	0	1	1	1	1	0	0	1	100.0	100.0	2.0	PHB1	49.4	
PIRT	likely	2	137	13	0	0	0	1	1	0	0	0	0	97.8	78.1		TMEM100	15.4	
PKD1L1	likely	11	2849	2072	0	1	0	1	1	0	1	1	0	91.4	58.0		PKD2L1	10.5	2.0
PKD1L3	likely	11	1732	938	1	1	0	0	0	0	0	1	0				PKD1	9.2	5.0
PKD2	likely	6	968	288	0	0	0	1	0	1	1	1	1		89.9	4.0	PKD2L1	58.2	2.0
PKD2L1	likely	6	805	292	0	0	0	1	1	1	0	1	1	96.1	82.2	4.0	PKD2	59.2	1.0
PKDREJ	likely	11	2253	1484	1	1	0	1	1	0	0	1	0	87.0	60.0		PKD2L1	9.2	2.0
PKHD1	likely	1	4074	3837	1	1	0	1	1	0	1	1	0	95.1	72.4		CLMN	8.5	9.0
PKHD1L1	likely	0	4243	4223	1	1	1	1	1	0	0	1	0	96.5	81.9		SYNE2	24.2	8.0
PLA2G2F	likely	0	168	148	1	1	1	1	1	0	0	0	1	75.8	71.6		PLA2G2D	41.2	
PLB1	likely	1	1458	1396	1	1	0	1	1	0	1	1	0	94.6	68.8				6.0
PLD4	likely	1	506	455	0	0	1	1	1	1	0	0	1	92.1	73.9	2.0	PLD3	45.5	
PLEC	likely	0	4684	0	0	0	0	1	0	0	0	0	0		93.3				
PLET1	likely	0	207	182	1	1	1	0	1	0	0	1	0	84.1					2.0
PLLP	likely	4	182	30	0	0	0	1	0	0	0	0	1		90.1		PLP2	20.0	
PLP1	likely	4	277	93	0	0	0	1	1	1	0	0	1	98.9	100.0	2.0	GPM6B	47.4	
PLPP4	likely	6	271	80	0	0	0	1	0	1	1	0	1		99.3	4.0	PLPP5	71.6	
PLPPR1	likely	6	325	99	0	0	0	1	1	1	0	0	1	99.4	96.3	4.0	PLPPR5	57.6	
PLPPR2	likely	6	343	103	0	0	0	1	1	1	1	0	1	95.4	96.7	4.0	PLPPR5	59.2	
PLPPR3	likely	6	718	98	0	0	0	1	0	0	1	0	1		88.6		PLPPR4	66.3	
PLPPR4	likely	6	763	94	0	0	0	1	1	0	1	0	1	99.9	97.2		PLPPR3	63.3	
PLPPR5	likely	6	321	96	0	0	0	1	1	1	0	0	1	95.0	92.2	4.0	PLPPR2	59.2	
PLVAP	likely	1	442	394	0	0	1	1	1	1	0	1	0	94.3	61.8	2.0			5.0
PODXL2	likely	1	605	469	1	1	0	1	1	0	0	1	0	96.2	77.0				1.0
POPDC1	likely	3	360	45	0	1	0	1	1	1	0	0	0	98.9	87.2	2.0	POPDC3	24.4	
POPDC2	likely	3	364	28	0	1	0	1	1	1	0	0	0	88.9	83.7	2.0	POPDC3	33.3	
POPDC3	likely	3	291	30	0	1	0	1	1	1	0	0	0	99.0	89.0	2.0	POPDC1	24.4	
PPIA	likely	0	165	0	0	0	0	0	0	0	0	0	0						
PPT1	likely	0	306	285	1	1	1	0	1	0	0	0	0	98.7			DOLPP1	20.7	
PRDX1	likely	0	199	0	0	0	0	1	1	1	0	0	0	99.5	95.5	2.0			
PRDX6	likely	0	224	0	0	0	0	0	1	1	0	0	0	98.7		2.0			
PRIMA1	likely	1	153	57	1	1	0	1	0	0	0	0	0		91.5				
PRND	likely	0	176	150	1	1	1	1	1	0	0	1	0	90.9	73.9				2.0
PRPH2	likely	4	346	159	0	0	0	1	1	1	0	0	1	98.3	91.0	2.0	ROM1	44.0	
PRRG3	likely	1	231	79	0	1	0	1	1	0	0	0	1	97.4	94.4		PRRG1	53.8	
PRRT1	likely	1	306	10	0	0	1	1	1	0	0	0	0	95.4	97.4		PRRT2	0.0	
PRRT2	likely	3	340	5	0	0	1	1	1	0	1	0	0	96.2	80.0		PRRT1	0.0	
PRSS21	likely	0	314	295	1	1	1	0	1	0	0	1	1	86.3			PRSS41	51.5	1.0
PRSS41	likely	0	318	299	1	1	1	0	1	0	0	1	1	91.5			PRSS21	51.5	2.0
PRSS55	likely	0	352	334	1	1	1	1	1	0	0	0	0	67.0	53.7		F11	20.9	
PRTN3	likely	0	256	231	1	1	1	1	0	0	0	0	1		63.7		ELANE	51.7	
PTCHD1	likely	12	888	443	0	0	0	1	1	0	1	1	1	99.8	98.1		PTCHD4	46.5	1.0
PTCRA	likely	1	281	124	1	1	0	0	0	0	0	1	0						1.0
PTGDR2	likely	7	395	111	0	1	0	1	0	1	0	0	0		76.7	2.0	LTB4R2	25.2	
PTGFR	likely	7	359	86	0	1	0	1	1	0	1	0	0	98.3	88.6		PTGER4	26.7	
PTP4A3	likely	0	173	0	0	0	0	1	0	0	0	0	0		96.5				
PTPRB	likely	1	1997	1596	1	1	0	1	1	0	0	1	0	97.0	77.0		PTPRE	9.0	13.0
PTPRH	likely	1	1115	728	1	1	0	1	0	0	0	1	0		50.7		PTPRE	12.9	5.0
PTPRN	likely	1	979	547	1	1	0	1	1	0	0	1	0	96.3	87.4		PTPRE	15.0	3.0
PTPRN2	likely	1	1015	594	1	1	0	1	0	0	0	1	0		69.8		PTPRE	14.1	1.0
PTPRQ	likely	1	2332	1947	0	1	0	1	1	0	0	1	0	95.8	86.8		VSIG10	8.4	18.0
PTPRR	likely	1	657	206	1	1	0	1	1	0	1	0	1	98.5	89.2		PTPRZ1	4.6	
PTPRU	likely	1	1446	728	1	1	0	1	1	0	0	1	1	94.4	95.3		PTPN5	13.5	2.0
PTTG1IP	likely	1	180	65	1	1	0	1	1	0	0	0	0	90.0	71.1		PTTG1IP2	29.9	
PVRIG	likely	1	326	132	1	1	0	0	0	0	0	0	0						
QSOX1	likely	1	747	680	1	1	0	1	1	0	1	1	0	93.0	72.8		QSOX2	37.6	2.0
RAB44	likely	0	1021	0	0	0	0	1	1	1	0	0	0	92.4	60.3	2.0			
RCN1	likely	0	331	302	1	1	1	1	0	0	0	0	1		94.3		CALU	62.9	
RELL2	likely	1	303	14	0	1	0	1	1	0	0	0	0	97.0	84.8				
RELT	likely	1	430	139	1	1	0	1	1	0	0	1	0	93.5	85.8		TNFRSF8	11.1	1.0
RFTN1	likely	0	578	0	0	0	0	1	1	0	0	0	0	95.0	68.9				
RGMB	likely	0	437	389	1	1	1	1	1	0	0	1	1	96.6	89.2		RGMA	52.9	3.0
RGR	likely	7	291	69	0	1	0	1	1	1	1	0	0	98.3	81.1	2.0	XCR1	27.6	
RGS9BP	likely	1	235	4	0	0	1	1	0	0	0	0	0		83.4				
RHAG	likely	12	409	75	0	0	0	1	1	1	1	0	0	89.0	77.3	3.0	RHBG	27.4	
RHBG	likely	12	458	95	0	0	0	1	1	1	1	0	1	98.3	84.5	3.0	RHCG	42.2	
RHCE	likely	12	417	75	0	0	0	0	0	1	1	0	1			3.0	RHD	90.7	
RHD	likely	12	417	72	0	0	0	0	0	1	1	0	1			3.0	RHCE	88.0	
RHEX	likely	1	172	11	0	1	0	0	1	0	0	0	0	83.7					
RHO	likely	7	348	94	0	1	0	1	1	1	0	0	1	98.0	94.8	2.0	OPN1SW	42.6	
RNASE2	likely	0	161	138	1	1	1	0	1	0	0	0	1	80.7			RNASE3	65.2	
RNF128	likely	1	428	169	1	1	0	1	1	0	0	0	1	96.7	95.3		RNF148	51.5	
RNF130	likely	2	419	181	1	1	1	1	1	0	1	0	1	100.0	90.7		RNF150	45.9	
RNF167	likely	1	350	149	1	1	0	1	1	0	0	1	1	98.3	92.3		RNF13	54.4	2.0
RNLS	likely	0	342	0	0	0	0	1	1	0	0	0	0	95.6	71.1				
RO60	likely	0	538	0	0	0	0	1	1	0	0	0	0	99.6	89.8				
ROM1	likely	4	351	154	0	0	0	1	1	1	0	0	1	95.7	84.3	2.0	PRPH2	43.4	
RPSA	likely	0	295	0	0	0	0	0	0	0	0	0	0						
RPSA2	likely	0	295	0	0	0	0	0	0	0	0	0	0						
RRH	likely	7	337	78	0	1	0	1	1	0	0	0	0	98.5	78.6		OPN5	31.0	
RTN4RL2	likely	0	420	391	1	1	1	1	1	0	0	1	1	84.3	95.0		RTN4RL1	46.8	2.0
RTP1	likely	1	263	6	0	0	1	1	1	0	0	0	1	97.0	88.2		RTP4	16.7	
RTP2	likely	0	225	0	0	0	0	1	1	0	0	0	0	93.3	82.7				
RTP3	likely	0	232	0	0	0	0	0	1	1	0	0	0	90.5		2.0			
S100A10	likely	0	97	0	0	0	0	1	1	1	0	0	0	100.0	91.8	2.0			
S100A11	likely	0	105	0	0	0	0	1	0	1	0	0	0		80.0	2.0			
S100A16	likely	0	103	0	0	0	0	1	1	1	0	0	0	99.0	84.5	2.0			
S100A7	likely	0	101	0	0	0	0	0	0	1	0	0	0			2.0			
S100A7A	likely	0	101	0	0	0	0	0	0	1	0	0	0			2.0			
S100A8	likely	0	93	0	0	0	0	1	1	1	0	0	0	89.2	55.9	2.0			
S100P	likely	0	95	0	0	0	0	0	1	1	0	0	0	100.0		2.0			
SCARB2	likely	2	478	406	0	0	0	1	1	0	0	0	0	99.0	85.8		CD36	35.9	
SCART1	likely	1	1027	884	1	1	0	1	0	0	1	1	0		60.1		LGALS3BP	16.6	1.0
SCEL	likely	0	688	0	0	0	0	1	1	0	0	0	0	93.9	64.0				
SCIMP	likely	1	145	18	0	1	0	1	1	0	0	0	0	85.5	61.4				
SCN11A	likely	22	1791	404	0	0	0	1	1	0	1	1	1	95.4	72.4		SCN5A	51.7	1.0
SCN1A	likely	22	2009	437	0	0	0	1	1	0	1	1	1	99.7	98.2		SCN2A	83.8	1.0
SDK2	likely	1	2172	1912	1	1	0	1	1	0	1	1	1	98.1	94.8		SDK1	60.6	11.0
SEMA4F	likely	1	770	624	1	1	0	1	1	0	0	1	0	98.1	91.3		SEMA4B	37.5	3.0
SEMA6C	likely	1	930	580	1	1	0	1	0	1	0	1	1		87.8	2.0	SEMA6D	46.1	2.0
SEMG1	likely	0	462	439	1	1	1	0	0	0	0	0	1				SEMG2	61.2	
SERINC1	likely	10	453	90	0	0	0	1	1	0	0	0	1	100.0	95.8		SERINC3	37.9	
SERPINA12	likely	0	414	395	1	1	1	1	1	0	0	0	1	91.3	61.4		SERPINA1	40.3	
SERPINE1	likely	0	402	379	1	1	1	1	1	0	0	0	1	95.0	79.1		SERPINE2	41.4	
SEZ6	likely	1	994	906	1	1	0	1	1	0	1	1	1	97.5	90.5		SUSD6	10.9	2.0
SEZ6L	likely	1	1024	930	1	1	0	1	1	0	0	0	1	97.6	80.4		SEZ6L2	42.9	
SFTPC	likely	1	197	141	0	0	1	1	1	0	0	0	0	92.1	82.2				
SGCA	likely	1	387	267	1	1	0	1	1	0	1	1	1	93.8	88.9		SGCE	41.9	1.0
SGCB	likely	1	318	230	0	0	1	1	1	0	1	1	0	98.7	95.0				1.0
SGCD	likely	1	289	233	0	0	1	1	1	1	0	1	1	98.3	94.1	2.0	SGCZ	55.6	1.0
SGCG	likely	1	291	233	0	0	1	1	1	1	0	0	1	95.5	83.5	2.0	SGCZ	56.4	
SHISA6	likely	1	500	151	1	1	0	1	1	0	0	1	0	98.4	89.1		SHISA8	39.7	1.0
SHISA7	likely	1	538	166	1	1	0	1	0	0	0	1	0		92.9		SHISA8	33.7	2.0
SHISA9	likely	1	424	128	1	1	0	1	0	0	0	1	1		93.6		SHISA8	47.7	1.0
SI	likely	1	1827	1796	0	0	1	1	1	0	0	0	1	95.0	77.7		MGAM	39.6	
SIDT1	likely	11	827	371	1	1	0	1	1	1	0	0	1	97.9	91.7	2.0	SIDT2	53.4	
SIGLEC11	likely	1	698	538	1	1	0	0	0	0	0	1	1				SIGLEC16	74.9	3.0
SIGLEC16	likely	1	481	420	1	1	0	0	0	0	0	1	1				SIGLEC11	74.5	3.0
SIGLEC8	likely	1	499	347	1	1	0	0	0	0	0	1	1				SIGLEC12	54.2	2.0
SIRPB1	likely	1	398	341	1	1	0	0	0	0	0	1	1				SIRPA	84.5	2.0
SIRPB2	likely	1	342	260	1	1	0	0	1	0	1	1	0	93.6			SIRPD	20.4	2.0
SIRPG	likely	1	387	341	1	1	0	0	0	0	0	1	1				SIRPA	77.8	3.0
SIT1	likely	1	196	18	1	1	0	1	1	0	0	0	0	95.4	70.4				
SLAMF8	likely	1	285	212	1	1	0	1	1	0	0	1	0	90.5	75.1		SLAMF9	28.9	3.0
SLC10A2	likely	9	348	70	0	1	0	1	1	0	0	0	0	96.3	80.5		SLC10A6	22.1	
SLC10A5	likely	9	438	169	1	1	0	1	0	0	0	0	0		70.3		SLC10A3	27.5	
SLC11A2	likely	12	568	119	0	0	0	1	1	0	0	0	1	97.5	89.7		SLC11A1	58.0	
SLC12A1	likely	12	1099	111	0	0	0	1	1	1	0	0	1	98.8	92.9	2.0	SLC12A2	58.2	
SLC12A3	likely	12	1021	118	0	0	0	1	1	1	0	0	1	97.6	89.7	2.0	SLC12A2	46.7	
SLC13A1	likely	15	595	150	0	0	1	1	1	1	0	0	1	90.1	81.0	2.0	SLC13A4	52.6	
SLC13A2	likely	15	592	154	0	0	1	1	0	1	1	0	1		76.2	2.0	SLC13A5	48.7	
SLC13A4	likely	15	626	152	0	0	1	1	1	1	0	0	1	98.9	88.8	2.0	SLC13A1	53.9	
SLC16A11	likely	12	447	65	0	0	0	1	1	0	0	0	0	96.4	87.5		SLC16A12	30.8	
SLC16A12	likely	12	516	62	0	0	0	1	1	0	0	0	1	98.6	81.8		SLC16A5	40.6	
SLC16A13	likely	12	426	64	0	0	0	1	1	0	0	0	0	97.4	87.3		SLC16A12	37.5	
SLC16A8	likely	12	504	70	0	0	0	1	1	0	0	0	1	64.3	82.7		SLC16A3	57.1	
SLC17A1	likely	12	467	89	0	0	0	1	1	0	0	0	0	84.4	65.3		SLC17A4	37.5	
SLC17A2	likely	11	439	93	0	0	1	1	1	0	1	0	1	97.5	88.1		SLC17A4	51.0	
SLC17A3	likely	10	420	91	0	0	0	1	1	0	1	0	1	93.0	64.7		SLC17A4	49.0	
SLC17A4	likely	12	497	96	0	0	0	1	1	0	1	0	1	98.4	78.3		SLC17A2	49.0	
SLC17A5	likely	12	495	101	0	0	0	1	1	0	1	0	0	98.8	86.3		SLC17A8	32.7	
SLC1A6	likely	8	564	210	0	0	0	1	1	1	1	0	1	98.4	95.0	2.0	SLC1A3	67.6	
SLC1A7	likely	8	560	202	0	0	0	1	1	1	1	0	1	98.2	92.3	3.0	SLC1A3	58.9	
SLC22A11	likely	12	550	133	0	0	0	0	1	0	1	0	1	96.0			SLC22A12	66.9	
SLC22A24	likely	12	552	144	0	0	0	0	0	0	1	0	1				SLC22A9	81.2	
SLC22A6	likely	12	563	132	0	0	0	1	1	0	1	0	1	96.9	85.1		SLC22A8	50.8	
SLC22A7	likely	12	548	136	0	0	0	1	1	0	1	0	1	96.9	76.1		SLC22A6	41.9	
SLC22A9	likely	12	553	136	0	0	0	0	0	0	1	0	1				SLC22A24	77.1	
SLC23A1	likely	14	598	123	0	0	0	1	1	1	1	0	1	97.3	90.8	2.0	SLC23A2	56.1	
SLC24A1	likely	13	1099	650	0	0	1	1	1	0	1	0	0	83.7	69.4		SLC24A2	17.7	
SLC24A4	likely	11	622	120	0	0	1	1	1	0	1	0	1	98.7	93.9		SLC24A3	55.6	
SLC26A5	likely	14	744	119	0	0	0	1	1	1	1	0	1	88.6	95.0	2.0	SLC26A4	47.1	
SLC26A7	likely	12	656	104	0	0	0	1	1	1	0	0	0	97.1	87.7	2.0	SLC26A2	25.8	
SLC26A8	likely	12	970	109	0	0	0	1	1	1	1	0	0	94.9	65.7	2.0	SLC26A9	23.2	
SLC26A9	likely	14	791	138	0	0	0	1	1	1	0	0	1	98.0	89.8	2.0	SLC26A5	31.9	
SLC27A1	likely	2	646	3	0	0	0	1	0	0	1	0	1		89.5		SLC27A4	66.7	
SLC27A6	likely	1	619	4	0	1	0	1	1	0	0	0	1	95.0	78.4		SLC27A2	50.0	
SLC28A1	likely	11	649	246	0	0	1	1	0	1	1	0	1		83.8	3.0	SLC28A2	65.7	
SLC2A10	likely	12	541	139	0	0	0	1	1	0	0	0	0	95.7	77.4		SLC2A6	22.3	
SLC2A11	likely	12	496	66	0	0	0	0	1	0	1	0	1	71.5			SLC2A9	44.4	
SLC2A12	likely	12	617	142	0	0	0	1	1	0	0	0	0	98.2	84.3		SLC2A10	29.6	
SLC2A13	likely	12	648	144	0	0	0	1	1	0	0	0	0	98.0	88.4		SLC2A5	16.0	
SLC2A4	likely	12	509	71	0	0	0	1	1	0	1	0	1	97.1	95.3		SLC2A1	59.2	
SLC2A8	likely	12	477	75	0	0	0	1	1	0	0	0	0	97.9	86.4		SLC2A10	15.1	
SLC30A8	likely	6	369	24	0	0	0	1	1	1	0	0	1	94.6	80.5	2.0	SLC30A2	66.7	
SLC34A3	likely	10	599	155	0	0	0	1	1	0	0	0	1	94.8	79.8		SLC34A1	46.2	
SLC36A2	likely	11	483	101	0	0	1	1	1	0	1	0	1	90.7	81.6		SLC36A1	67.0	
SLC38A7	likely	11	462	88	0	0	1	1	1	0	1	0	1	98.5	95.0		SLC38A8	42.0	
SLC38A8	likely	11	435	74	0	0	1	1	1	1	0	0	0	96.1	81.6	2.0	SLC38A7	34.1	
SLC39A3	likely	8	314	50	0	1	1	1	0	1	1	0	0		84.1	2.0	SLC39A2	20.6	
SLC39A5	likely	6	540	235	1	1	1	1	1	1	0	1	0	97.6	83.5	2.0	SLC39A10	20.2	1.0
SLC39A9	likely	8	307	78	0	1	1	1	1	1	1	0	0	98.7	93.5	2.0			
SLC3A1	likely	1	685	575	0	0	1	1	1	1	1	1	0	93.0	80.4	2.0	SLC3A2	24.0	1.0
SLC44A3	likely	8	653	219	0	0	0	1	1	0	1	1	1	96.2	81.0		SLC44A1	43.7	1.0
SLC44A4	likely	10	710	291	0	0	0	1	1	0	1	1	0	96.9	82.0		SLC44A2	38.9	2.0
SLC44A5	likely	10	719	305	0	0	0	1	1	0	0	0	1	96.2	68.8		SLC44A2	44.6	
SLC45A3	likely	12	553	82	0	0	0	1	1	0	0	0	0	97.8	90.8		SLC45A1	35.4	
SLC46A2	likely	12	475	77	0	0	0	1	1	0	0	0	0	97.1	77.5		SLC46A3	20.4	
SLC47A2	likely	13	602	73	0	0	1	0	1	0	1	0	1	91.2			SLC47A1	67.1	
SLC49A4	likely	12	478	76	0	0	0	1	1	0	1	0	0	99.0	95.0		FLVCR2	19.7	
SLC4A1	likely	14	911	102	0	0	0	1	1	1	0	0	1	94.5	82.4	2.0	SLC4A3	43.5	
SLC4A3	likely	14	1232	138	0	0	0	1	1	0	0	0	1	98.4	95.5		SLC4A1	51.4	
SLC4A5	likely	14	1137	160	0	0	0	1	1	0	1	0	1	99.1	90.5		SLC4A4	35.9	
SLC4A9	likely	12	983	221	0	0	0	1	1	1	1	0	1	97.6	82.3	2.0	SLC4A5	55.2	
SLC51A	likely	7	340	88	0	1	0	1	1	1	0	0	0	93.2	82.4	2.0	TMEM184C	21.6	
SLC5A10	likely	14	596	167	0	1	1	1	1	0	1	0	1	98.0	88.6		SLC5A9	60.3	
SLC5A2	likely	14	672	178	0	1	1	1	1	0	1	0	1	97.6	90.6		SLC5A1	59.2	
SLC5A4	likely	14	659	180	0	1	1	1	1	0	0	0	1	95.3	78.8		SLC5A1	68.3	
SLC5A7	likely	13	580	140	0	1	0	1	1	0	0	0	0	98.6	92.9		SLC5A10	21.0	
SLC5A8	likely	13	610	167	0	1	0	1	1	0	0	0	1	97.9	86.6		SLC5A12	46.7	
SLC5A9	likely	14	681	179	0	1	1	1	1	0	0	0	1	96.3	85.5		SLC5A10	59.2	
SLC60A2	likely	12	518	94	0	0	0	0	1	1	0	0	0	89.6		2.0	SLC60A1	22.7	
SLC67A1	likely	0	424	0	0	1	0	0	0	0	0	0	0	72.4	75.9				
SLC6A16	likely	12	736	206	0	0	0	0	1	0	1	0	0	89.9			SLC6A18	32.7	
SLC6A18	likely	12	628	208	0	0	0	1	1	0	0	0	1	85.2	72.9		SLC6A19	50.0	
SLC6A20	likely	12	592	200	0	0	0	0	1	0	0	0	1	97.8			SLC6A15	38.1	
SLC6A7	likely	12	636	147	0	0	0	1	1	0	0	0	1	95.3	97.6		SLC6A9	50.3	
SLC75A1	likely	14	455	26	0	0	0	1	1	0	0	0	0	96.9	80.2		SLC67A2	7.5	
SLC7A13	likely	12	470	73	0	0	0	1	1	0	1	0	0	97.0	69.8		SLC7A6	38.4	
SLC9A3	likely	11	834	134	1	1	0	1	1	1	1	0	1	82.3	83.3	2.0	SLC9A5	44.6	
SLC9A5	likely	11	896	148	1	1	0	1	1	1	0	0	1	98.8	95.3	2.0	SLC9A3	47.3	
SLC9A8	likely	13	581	130	0	1	0	1	1	1	0	0	0	99.7	95.7	2.0	SLC9A6	21.9	
SLC9B1	likely	14	515	92	0	0	0	1	1	1	1	0	1	91.7	65.6	2.0	SLC9B2	51.1	
SLC9B2	likely	14	537	73	0	0	0	1	1	1	1	0	1	98.5	81.2	2.0	SLC9B1	40.2	
SLC9C1	likely	17	1177	115	0	1	0	1	1	0	0	0	0	84.1	66.3		SLC9A6	20.4	
SLC9C2	likely	17	1124	120	0	1	0	1	1	0	0	0	0	89.8	68.2		SLC9A1	14.5	
SLCO1B1	likely	12	691	251	0	0	0	0	0	0	0	0	1				SLCO1B3	80.7	
SLCO1B3	likely	12	702	254	0	0	0	0	1	0	1	0	1	90.7			SLCO1B1	82.3	
SLCO6A1	likely	12	719	233	0	0	0	0	1	0	1	0	1	82.1			SLCO4C1	43.3	
SLITRK1	likely	1	696	604	1	1	0	1	1	0	0	1	1	95.0	97.6		SLITRK2	45.2	1.0
SLITRK2	likely	1	845	598	1	1	0	1	1	0	0	1	1	99.8	97.5		SLITRK5	54.6	3.0
SLITRK3	likely	1	977	627	1	1	0	1	1	0	0	1	1	99.6	96.4		SLITRK2	49.0	2.0
SLITRK4	likely	1	837	600	1	1	0	1	1	0	0	1	1	99.6	97.3		SLITRK5	51.3	2.0
SLITRK6	likely	1	841	587	1	1	0	1	1	0	0	1	1	97.5	89.2		SLITRK4	47.7	1.0
SLMAP	likely	1	828	4	0	0	1	1	1	1	1	0	0	94.9	92.4	2.0	CCDC136	25.0	
SMIM1	likely	1	78	8	0	0	1	1	1	0	0	0	0	94.9	80.8				
SMPD1	likely	0	631	579	1	1	1	1	0	0	0	0	0		82.3		SMPDL3A	25.0	
SMPD3	likely	2	655	1	0	0	0	1	1	0	0	0	0	99.1	91.1				
SNAP23	likely	0	211	0	0	0	0	1	1	1	0	0	0	89.1	86.7	2.0			
SNORC	likely	1	121	67	1	1	0	1	1	0	0	0	0	98.3	81.0				
SNRNP200	likely	0	2136	0	0	0	0	0	0	0	0	0	0	100.0	99.7				
SORCS3	likely	1	1222	1092	1	1	0	1	1	0	0	1	1	98.6	92.4		SORCS1	66.4	6.0
SPACA1	likely	1	294	188	1	1	0	1	1	0	0	1	0	91.2	70.4				1.0
SPACA3	likely	1	215	141	0	0	1	1	1	0	1	0	1	88.8	56.3		LYZ	49.6	
SPACA4	likely	0	124	105	1	1	1	1	1	0	0	1	0	91.1	66.1				1.0
SPACA6	likely	1	324	268	1	1	0	1	1	0	1	0	0	96.3	63.6				
SPAG11A	likely	0	123	98	1	1	1	0	0	0	0	0	1				SPAG11B	76.5	
SPAG8	likely	0	485	0	0	0	0	1	1	0	0	0	0	90.9	58.1				
SPAM1	likely	0	509	474	1	1	1	0	1	0	0	1	1	87.8			HYAL4	44.1	1.0
SPART	likely	0	666	0	0	0	0	1	1	0	0	0	0	98.3	86.2				
SPESP1	likely	0	350	331	1	1	1	0	1	0	0	0	0	92.3					
SPINK2	likely	0	84	64	1	1	1	0	0	0	0	0	0				SPINK7	35.9	
SPINT1	likely	1	529	432	1	1	0	1	0	0	0	0	0		79.5		SPINT2	16.9	
SPINT2	likely	1	252	172	1	1	0	1	1	0	0	1	0	96.0	70.6		SPINT1	16.9	2.0
SPRN	likely	0	151	127	1	1	1	1	1	0	0	0	0	96.0	78.8				
SRC	likely	0	536	0	0	0	0	1	1	0	0	0	0	92.5	98.9				
SRGN	likely	0	158	131	1	1	1	1	1	0	0	0	0	92.4	50.0				
SRRM2	likely	0	2752	0	0	0	0	0	0	0	0	0	0	95.3	86.2				
SSB	likely	0	408	0	0	0	0	0	0	0	0	0	0		79.7				
ST14	likely	1	855	778	0	0	1	1	1	0	0	0	0	96.4	81.9		TMPRSS11E	21.0	
ST3GAL1	likely	1	340	314	0	0	1	1	1	0	0	0	1	98.2	81.5		ST3GAL2	50.8	
ST6GAL1	likely	1	406	380	0	0	1	1	1	0	1	0	0	97.5	79.6		ST6GAL2	35.3	
STAB2	likely	1	2551	2439	1	1	0	1	1	0	0	1	1	95.3	78.3		STAB1	42.4	12.0
STIM1	likely	1	685	191	1	1	0	1	1	1	0	1	1	99.6	92.5	2.0	STIM2	54.5	1.0
STIM2	likely	2	746	1	0	0	0	1	1	1	0	0	0	98.8	93.6	2.0	STIM1	0.5	
STIP1	likely	0	543	0	0	0	0	1	1	0	0	0	0	91.5	96.9				
STRC	likely	0	1775	1754	1	1	1	1	1	0	0	0	0	97.1	87.4		MSLN	12.8	
STX11	likely	0	287	0	0	0	0	1	1	0	0	0	0	97.9	85.0				
STX3	likely	1	289	7	0	0	1	1	1	0	1	0	1	86.5	87.9		STX2	71.4	
STX4	likely	1	297	6	0	0	1	1	1	0	0	0	1	90.9	90.2		STX1B	25.0	
SUSD4	likely	1	490	274	1	1	0	1	1	0	1	1	0	95.9	91.2		CSMD1	3.7	2.0
SUSD6	likely	1	303	81	1	1	0	1	1	0	0	0	0	98.3	89.1		CSMD3	1.3	
SYNDIG1	likely	3	258	12	0	0	1	1	1	0	0	0	1	82.6	93.0		SYNDIG1L	58.3	
SYT3	likely	1	590	54	0	1	0	1	1	0	0	0	1	96.9	95.4		SYT9	51.9	
SYT8	likely	1	387	35	0	1	0	1	1	0	0	0	1	89.1	75.2		SYT13	11.4	
TAAR1	likely	7	339	79	0	1	0	1	1	0	0	0	0	96.2	74.3		TAAR2	37.8	
TAAR2	likely	7	351	98	0	1	0	1	1	0	0	0	0	83.2	84.3		TAAR1	37.8	
TAAR5	likely	7	337	87	0	1	0	1	1	0	0	0	1	97.6	86.6		TAAR9	41.1	
TAPBPL	likely	1	468	387	1	1	0	1	1	0	1	0	0	83.1	65.0		TAPBP	30.3	
TAS2R13	likely	7	303	52	0	1	0	0	1	1	0	0	0	87.8		2.0	TAS2R9	28.8	
TAS2R16	likely	7	291	53	0	1	0	1	1	0	0	0	0	90.0	52.9		TAS2R42	31.5	
TAS2R3	likely	7	316	51	0	1	0	1	1	0	0	0	0	92.7	63.9		TAS2R10	33.3	
TAS2R30	likely	7	319	56	0	1	0	0	0	0	0	0	1				TAS2R46	76.8	
TAS2R31	likely	7	309	57	0	1	0	0	0	0	0	0	1				TAS2R43	80.7	
TAS2R33	likely	7	309	57	0	1	0	0	0	0	0	0	0						
TAS2R40	likely	7	323	68	0	1	0	1	1	0	0	0	0	95.7	65.0		TAS2R39	35.0	
TAS2R41	likely	7	307	63	0	1	0	1	1	0	0	0	0	86.3	68.4		TAS2R40	25.0	
TAS2R42	likely	7	314	54	0	1	0	0	0	0	0	0	0				TAS2R16	27.8	
TAS2R5	likely	7	299	44	0	1	0	0	1	0	0	0	0	93.3			TAS2R3	17.6	
TAS2R60	likely	7	318	71	0	1	0	1	1	0	0	0	0	89.9	56.9		TAS2R46	19.7	
TAS2R9	likely	7	312	50	0	1	0	0	1	0	0	0	0	91.7			TAS2R13	25.0	
TAX1BP3	likely	0	124	0	0	0	0	1	1	1	0	0	0	100.0	98.4	2.0			
TCIRG1	likely	8	830	122	0	0	0	1	1	0	0	1	1	78.8	84.0		ATP6V0A4	48.9	1.0
TCTA	likely	1	103	45	0	0	1	1	1	0	0	0	0	99.0	91.3				
TCTN1	likely	0	587	565	1	1	1	1	1	0	0	0	0	59.1	70.3		TCTN3	33.7	
TCTN2	likely	1	697	643	1	1	0	1	1	0	0	1	0	94.1	68.0		TCTN3	25.0	4.0
TCTN3	likely	0	607	585	1	1	1	1	1	0	0	1	0	88.8	71.8		TCTN1	33.7	1.0
TECTA	likely	0	2155	2131	1	1	1	1	1	0	0	1	0	97.7	95.9		VWC2L	5.0	10.0
TECTB	likely	0	329	312	1	1	1	1	1	0	0	1	0	93.6	94.2		UMODL1	9.4	2.0
TENM2	likely	1	2774	2378	0	0	1	1	1	0	0	1	1	99.8	98.3		TENM3	70.5	4.0
TENM3	likely	1	2699	2370	0	0	1	1	0	0	0	1	1		98.3		TENM2	70.6	8.0
TEX101	likely	0	249	226	1	1	1	1	1	0	0	1	0	87.1	53.8		CD177	20.0	1.0
TEX38	likely	1	206	14	0	1	0	1	1	0	0	0	0	88.3	66.0				
TFPI2	likely	0	235	213	1	1	1	1	1	0	0	0	0	93.2	52.3		TFPI	30.1	
TGFB1	likely	0	390	361	1	1	1	1	1	0	0	0	1	91.5	90.0		TGFB3	48.6	
TGFBR3L	likely	1	292	229	1	1	0	1	0	0	0	0	0		76.0		ENG	14.3	
TGM2	likely	0	687	0	0	0	0	1	1	0	0	0	0	99.0	84.1				
TGOLN2	likely	1	437	367	1	1	0	0	1	0	0	0	0	81.0					
THBS3	likely	0	956	935	1	1	1	1	1	0	0	0	1	99.5	97.2		COMP	52.4	
THSD1	likely	1	852	392	1	1	0	1	1	0	1	1	0	96.4	78.6				3.0
THSD7A	likely	1	1657	1559	1	1	0	1	1	0	0	1	1	97.5	90.5		THSD7B	50.7	7.0
TIMP1	likely	0	207	184	1	1	1	1	1	0	0	0	0	98.1	72.5		TIMP2	39.7	
TLR10	likely	1	811	557	1	1	0	0	1	0	0	1	1	96.5			TLR1	45.8	3.0
TLR3	likely	1	904	680	1	1	0	1	1	0	0	1	0	95.7	79.4		LRRC3	10.4	2.0
TM4SF19	likely	4	209	77	0	0	0	1	1	0	0	0	0	94.3	78.0		TM4SF1	33.8	
TM9SF1	likely	9	606	252	1	1	0	1	0	1	1	0	0		97.5	2.0	TM9SF3	33.3	
TMC1	likely	8	760	240	0	0	0	1	1	0	0	0	1	98.0	95.7		TMC2	65.0	
TMC2	likely	8	906	231	0	0	0	1	1	0	1	0	1	96.0	81.7		TMC1	63.7	
TMC4	likely	10	712	193	0	0	0	1	1	0	1	0	0	94.2	74.8		TMC7	37.3	
TMEFF1	likely	1	380	290	1	1	0	1	1	0	0	1	1	83.2	92.9		USH2A	2.9	1.0
TMEFF2	likely	1	374	280	1	1	0	1	1	0	1	1	1	100.0	98.9		TMEFF1	50.0	1.0
TMEM106B	likely	1	274	157	0	0	1	1	1	0	0	1	0	99.3	96.0				1.0
TMEM114	likely	4	223	102	0	0	0	1	1	1	0	0	0	96.9	84.8	2.0	TMEM235	38.2	
TMEM119	likely	1	283	71	1	1	0	1	1	0	0	0	0	93.6	67.5				
TMEM131L	likely	1	1609	834	1	1	0	1	1	0	0	1	0	96.8	77.0		TMEM131	26.9	5.0
TMEM132B	likely	1	1078	896	0	1	0	1	1	0	1	1	1	97.0	85.8		TMEM132C	53.1	4.0
TMEM132D	likely	1	1099	889	1	1	0	1	1	0	0	1	1	97.5	83.1		TMEM132C	62.1	2.0
TMEM132E	likely	1	1074	863	1	1	0	1	1	0	0	1	1	97.6	92.5		TMEM132C	43.8	1.0
TMEM145	likely	7	493	189	1	1	0	1	1	0	0	1	0	95.1	93.9		GPR180	28.3	1.0
TMEM150C	likely	6	249	54	0	0	0	1	1	1	1	0	0	99.6	96.0	2.0	TMEM150B	38.9	
TMEM158	likely	1	300	202	1	1	0	1	1	1	0	1	0	75.0	83.3	2.0			2.0
TMEM163	likely	6	289	24	0	0	0	1	1	0	1	0	0	92.4	91.0				
TMEM182	likely	4	229	115	0	0	0	1	1	0	1	1	0	98.3	89.1				1.0
TMEM184A	likely	7	413	102	0	1	0	1	1	0	0	0	0	91.5	83.3		TMEM184B	39.2	
TMEM204	likely	4	226	88	0	0	0	1	1	0	0	0	0	97.8	88.1				
TMEM205	likely	4	189	30	0	1	1	1	1	1	0	0	0	98.4	79.4	2.0			
TMEM215	likely	2	235	7	0	0	0	1	1	0	0	0	0	97.0	92.3				
TMEM233	likely	3	109	11	0	0	1	1	1	0	0	0	0	97.2	86.2		PRRT1B	9.1	
TMEM237	likely	4	408	53	0	0	0	1	1	1	0	0	0	97.5	81.6	2.0			
TMEM25	likely	1	366	208	1	1	0	1	1	0	1	1	0	93.7	91.0		SIGLEC1	5.4	1.0
TMEM26	likely	8	368	86	0	0	0	1	1	1	1	0	0	94.8	69.3	2.0			
TMEM266	likely	4	523	22	0	0	0	1	1	1	0	0	1	91.8	88.7	2.0	TPTE	28.6	
TMEM47	likely	4	181	53	0	0	0	1	1	0	0	0	0	100.0	98.9		PERP	20.0	
TMEM52B	likely	1	183	18	1	1	0	1	1	0	0	0	0	89.1	79.8				
TMEM63A	likely	11	807	140	0	1	0	1	0	0	0	0	1		89.6		TMEM63B	60.0	
TMEM72	likely	4	275	21	0	0	0	1	1	0	1	0	0	97.8	84.4				
TMEM81	likely	1	255	202	1	1	0	1	0	0	0	0	0		71.8				
TMEM87A	likely	7	555	261	1	1	0	1	0	0	1	1	0		92.6		TMEM87B	32.6	2.0
TMEM95	likely	1	176	127	1	1	0	1	1	0	1	1	0	95.5	65.3				2.0
TMEM97	likely	4	176	57	0	0	0	1	1	1	0	0	0	79.5	82.4	2.0			
TMIE	likely	1	156	31	1	1	0	1	1	0	0	0	0	84.0	91.7				
TMIGD1	likely	1	262	195	1	1	0	1	1	0	1	1	0	93.1	73.3				2.0
TMPRSS11A	likely	1	418	379	0	0	1	1	1	0	0	0	1	93.5	64.8		TMPRSS11F	44.9	
TMPRSS11B	likely	1	416	378	0	0	1	0	1	0	0	1	1	93.3			TMPRSS11F	39.7	1.0
TMPRSS11E	likely	1	423	383	0	0	1	1	1	0	0	0	1	95.3	75.7		TMPRSS11F	45.6	
TMPRSS11F	likely	1	438	390	0	0	1	1	1	0	0	0	1	96.1	87.0		TMPRSS11A	44.9	
TMPRSS12	likely	0	348	330	1	1	1	1	1	0	0	0	0	92.0	58.3		OVCH1	11.5	
TMPRSS15	likely	1	1019	980	0	0	1	1	0	0	0	1	0		75.1		HPN	15.4	5.0
TMPRSS3	likely	1	454	385	0	0	1	1	1	0	1	0	1	97.1	89.0		TMPRSS2	47.3	
TMPRSS4	likely	1	437	384	0	0	1	1	0	0	1	0	0		76.4		KLK11	26.8	
TMPRSS5	likely	1	457	388	0	0	1	1	0	0	0	1	0		78.3		TMPRSS6	22.6	1.0
TMPRSS7	likely	1	843	746	0	0	1	1	1	0	1	0	0	97.2	88.0		PRSS41	16.8	
TMPRSS9	likely	1	1059	1009	0	0	1	1	0	0	0	0	0		79.7		PRSS21	13.5	
TMX1	likely	1	280	156	1	1	0	1	1	0	0	0	1	98.2	77.1		TMX4	47.0	
TMX3	likely	1	454	351	1	1	0	1	1	0	1	1	0	98.5	91.4		TMX1	19.1	1.0
TNFSF11	likely	1	317	249	0	0	1	1	1	1	1	1	0	98.1	83.3	3.0	TNFSF14	24.5	2.0
TNFSF12	likely	1	249	207	0	0	1	1	1	1	0	0	0	95.6	89.2	3.0	TNFSF13	25.1	
TPCN2	likely	12	752	173	0	0	0	1	1	1	0	0	0	86.7	73.0	2.0	TPCN1	28.3	
TPO	likely	1	933	831	1	1	0	1	0	0	1	1	0		72.9		EPX	38.0	1.0
TPSG1	likely	1	321	264	1	1	0	1	1	0	0	1	1	90.3	69.8		TPSB2	47.3	2.0
TRARG1	likely	3	177	8	0	0	1	1	1	0	0	0	1	91.0	74.0		PRRT1B	0.0	
TRAT1	likely	1	186	9	0	1	0	1	1	0	0	0	0	93.0	69.9				
TRB	likely	1	310	257	1	1	0	0	0	0	0	0	0			2.0			
TREH	likely	0	583	564	1	1	1	1	1	0	0	1	0	87.5	81.3				2.0
TREML1	likely	1	311	147	1	1	0	1	1	0	0	0	0	96.5	67.8		FCAMR	10.9	
TRHDE	likely	1	1069	963	0	0	1	1	1	0	0	1	0	98.5	95.0		ANPEP	34.7	4.0
TRHR	likely	7	398	78	0	1	0	1	1	0	0	0	0	99.2	93.2		GPR37	6.9	
TRIM72	likely	0	477	0	0	0	0	1	1	1	0	0	0	69.4	91.2	2.0			
TRPM1	likely	6	1603	88	0	0	0	1	1	0	1	0	1	98.2	86.6		TRPM3	68.2	
TRPM6	likely	6	2022	69	0	0	0	1	1	0	1	0	1	95.9	78.2		TRPM7	59.2	
TRPV2	likely	6	764	88	0	0	0	1	1	1	0	0	0	94.2	80.6	4.0	TRPV3	21.6	
TSPAN10	likely	4	355	134	0	0	0	1	1	0	0	0	0	87.3	59.4		TSPAN5	39.9	
TSPAN11	likely	4	253	123	0	0	0	1	1	0	0	1	1	86.6	87.4		CD151	60.2	1.0
TSPAN16	likely	4	245	127	0	0	0	0	1	0	1	0	0	57.0			TSPAN1	31.5	
TSPAN17	likely	4	270	138	0	0	0	1	1	0	1	1	1	98.2	79.0		TSPAN5	79.7	1.0
TSPAN18	likely	4	248	123	0	0	0	1	1	0	0	1	0	100.0	90.7		UPK1B	31.2	1.0
TSPAN3	likely	4	253	124	0	0	0	1	1	0	1	1	0	99.6	97.2		TSPAN7	35.5	1.0
TSPO2	likely	5	170	20	0	1	0	1	1	0	1	0	0	96.5	65.3		TSPO	20.8	
TYRP1	likely	1	537	453	1	1	0	1	1	0	0	0	1	97.4	85.3		DCT	53.0	
UMOD	likely	0	640	617	1	1	1	1	1	0	0	1	1	68.3	75.5		GP2	45.1	5.0
UNC93A	likely	12	457	85	0	0	0	0	1	0	0	0	0	81.6			UNC93B1	21.6	
UPK1A	likely	4	258	136	0	0	0	1	1	0	1	0	0	57.4	92.6		UPK1B	37.0	
UPK1B	likely	4	260	138	0	0	0	1	1	0	0	1	0	99.2	90.8		UPK1A	37.0	1.0
UPK2	likely	1	184	133	1	1	0	1	1	0	0	1	0	94.0	87.0				1.0
UPK3A	likely	1	287	190	1	1	0	1	1	0	0	1	0	94.1	83.6		UPK3B	17.1	2.0
UPK3B	likely	0	320	293	1	1	1	1	1	0	1	1	0	92.8	78.3		UPK3BL1	27.6	1.0
USH2A	likely	1	5202	5008	1	1	0	1	1	0	1	1	0	95.8	71.3		TMEFF1	3.3	7.0
VAMP7	likely	1	220	15	0	0	1	0	1	0	1	0	0	100.0			VAMP8	13.3	
VIM	likely	0	466	0	0	0	0	1	1	1	0	0	0	99.4	97.4	2.0			
VN1R1	likely	7	353	114	0	1	0	0	0	0	0	0	0				VN1R4	28.1	
VPREB1	likely	0	145	126	1	1	1	0	1	0	0	0	0	92.4			VPREB3	38.9	
VSIG1	likely	1	387	214	1	1	0	1	1	1	0	1	0	95.6	69.8	2.0	VSIG2	34.9	1.0
VSIG10	likely	1	540	383	1	1	0	1	1	0	0	1	0	91.1	67.4		HMCN2	3.5	1.0
VSIG10L	likely	1	867	755	1	1	0	1	0	0	0	1	0		69.2		HMCN2	6.6	3.0
VSIG4	likely	1	399	267	1	1	0	0	1	0	0	0	0	93.5					
VSTM5	likely	1	200	114	1	1	0	1	1	0	0	1	0	99.5	77.0		CEACAM5	7.0	1.0
XCR1	likely	7	333	76	0	1	0	1	1	0	0	0	0	96.4	69.1		ACKR2	27.6	
XG	likely	1	180	121	1	1	0	0	1	0	0	0	0	86.2					
XKR3	likely	12	459	44	0	0	0	0	1	0	0	0	1	78.2			XKRX	54.0	
XKR6	likely	10	641	41	0	0	0	1	1	0	1	0	1	59.9	93.8		XKR4	43.9	
XKR9	likely	10	373	39	0	0	0	1	1	0	0	0	0	94.6	76.7		XKR8	23.1	
ZAN	likely	1	2812	2744	1	1	0	0	1	0	1	1	0	84.6			VWC2L	3.8	3.0
ZDHHC2	likely	4	367	29	0	0	0	1	1	0	0	0	1	98.4	95.1		ZDHHC20	56.7	
ZP1	likely	1	638	576	1	1	0	1	1	0	0	1	0	93.7	66.0		ZP4	34.5	2.0
ZP2	likely	1	745	677	1	1	0	1	1	0	0	1	0	94.4	56.6		ZP4	25.7	5.0
ZP3	likely	1	424	365	1	1	0	0	0	0	1	1	0				POMZP3	34.2	3.0
ZP4	likely	1	540	486	1	1	0	0	1	0	0	1	0	92.4			ZP1	34.5	4.0
ZPBP	likely	0	351	307	1	1	1	1	1	0	0	0	0	89.7	78.3		ZPBP2	37.4	
A2ML1	low	0	1454	1437	1	1	1	0	1	0	0	0	1	95.5			A2M	41.3	
AADACL3	low	1	407	3	0	1	0	0	0	0	0	0	1	89.4	61.9		AADACL4	50.0	
ABCA10	low	13	1543	364	0	1	0	0	1	0	1	0	1	93.8			ABCA6	46.5	
ABCA13	low	12	5058	3876	0	0	0	1	1	0	1	1	0	91.6	65.7		ABCA2	10.3	5.0
ABCA3	low	12	1704	519	0	0	0	1	1	0	1	0	0	98.5	88.1		ABCA13	4.8	
ABCA6	low	12	1617	424	0	0	0	1	1	0	1	1	1	95.7	67.7		ABCA10	48.6	2.0
ABCB5	low	12	1257	107	0	0	0	1	1	0	1	0	1	95.5	78.0		ABCB1	45.0	
ABHD6	low	0	337	0	0	0	0	1	1	0	0	0	0	99.4	93.8				
ACP2	low	1	423	351	1	1	0	1	1	1	1	0	1	98.6	89.4	2.0	ACP3	52.0	
ACR	low	0	421	402	1	1	1	1	1	0	0	0	0	81.0	67.5				
ADAM18	low	1	739	671	1	1	0	1	1	0	1	1	1	92.2	60.5		ADAM32	43.8	5.0
ADAM20	low	1	726	663	1	1	0	0	1	0	0	1	1	92.7			ADAM21	62.4	3.0
ADAM30	low	1	790	658	1	1	0	1	1	0	0	1	1	69.9	53.3		ADAM21	42.9	4.0
ADAMTS12	low	0	1594	1567	1	1	1	1	1	0	0	0	1	96.6	80.5		ADAMTS7	47.2	
ADAMTS17	low	0	1095	1074	1	1	1	1	1	0	0	0	1	89.1	89.9		ADAMTS19	51.4	
ADAMTS8	low	0	889	863	1	1	1	1	1	0	0	0	1	93.4	81.3		ADAMTS1	48.4	
ADGRF4	low	7	695	428	1	1	0	1	1	0	0	0	0	93.1	66.8		ADGRG4	6.1	
ADGRG7	low	8	797	483	0	0	0	1	1	0	0	0	0	90.8	69.1		ADGRG4	5.7	
AGK	low	0	422	0	0	0	0	0	0	0	0	0	0	98.3	91.7				
AGPAT1	low	3	283	7	0	1	0	1	1	0	0	0	0	98.9	91.2		AGPAT2	36.4	
AGTRAP	low	4	159	13	0	0	0	1	0	1	1	0	0		77.4	4.0			
AIMP1	low	0	312	0	0	0	0	1	1	0	0	0	0	96.5	83.3				
AKAP4	low	0	854	0	0	0	0	1	1	0	0	0	0	96.0	78.2				
AMOT	low	0	1084	0	0	0	0	1	1	0	0	0	0	93.3	87.3				
ANG	low	0	147	123	1	1	1	0	0	0	0	0	0				RNASE4	39.0	
ANGPTL2	low	0	493	471	1	1	1	1	1	0	0	0	1	99.6	95.3		ANGPTL1	60.9	
ANGPTL4	low	0	406	381	1	1	1	1	1	0	0	0	0	94.8	75.4		TNXB	4.5	
ANKEF1	low	0	776	0	0	0	0	1	1	0	0	0	0	96.3	85.3				
ANKRD24	low	0	1146	0	0	0	0	1	1	0	0	0	0	77.5	54.5				
ANKRD26	low	0	1710	0	0	0	0	0	0	0	0	0	0	90.4					
ANO10	low	8	660	122	0	0	0	1	1	1	1	0	0	97.6	91.5	2.0	ANO4	16.5	
ANO5	low	8	913	261	0	0	0	1	1	1	0	1	1	97.4	80.3	2.0	ANO6	50.4	2.0
ANO8	low	10	1232	61	0	0	0	1	0	0	0	0	0		75.3		ANO5	3.8	
ANO9	low	8	782	249	0	0	0	1	0	1	1	1	1		70.8	2.0	ANO4	43.8	3.0
ANTXRL	low	1	631	326	1	1	0	0	0	0	0	0	1				ANTXR1	40.8	
ANXA3	low	0	323	0	0	0	0	1	1	0	0	0	0	92.6	89.8				
ANXA4	low	0	319	0	0	0	0	1	1	0	0	0	0	99.1	91.6				
ANXA9	low	0	345	0	0	0	0	1	0	0	0	0	0		77.7				
AOC1	low	0	751	732	1	1	1	0	1	1	0	0	1	95.5		2.0	AOC2	43.0	
AOPEP	low	0	819	0	0	0	0	1	1	0	0	0	0	94.0	76.7				
APCDD1L	low	0	501	479	1	1	1	0	0	1	0	0	1			2.0	APCDD1	47.5	
APCS	low	0	223	204	1	1	1	1	1	1	0	0	0	91.5	68.6	5.0	CRP	51.0	
APH1A	low	7	265	33	0	1	0	1	1	1	1	0	1	81.9	99.2	2.0	APH1B	52.8	
APOBR	low	0	1097	0	0	0	0	0	0	0	0	0	0						
APOE	low	0	317	299	1	1	1	1	1	0	0	0	0	76.3	70.7		APOA4	21.3	
APOLD1	low	0	279	0	0	0	0	1	1	0	0	0	0	98.4	87.5				
AQP12B	low	6	295	80	0	0	0	0	0	0	1	0	1				AQP12A	100.0	
AQP6	low	6	282	54	0	0	0	1	1	1	0	0	1	96.1	75.2	4.0	AQP2	61.1	
AQP7B	low	6	346	73	0	0	0	0	0	1	0	0	1			4.0	AQP7	90.5	
ARL6IP5	low	4	188	4	0	0	0	1	1	0	0	0	1	98.4	90.4		PRAF2	75.0	
ARMH1	low	0	440	0	0	0	0	1	1	0	0	0	0	96.1	77.0				
ARMH2	low	0	230	0	0	0	0	1	1	0	0	0	0	90.4	53.5				
ARSA	low	0	507	489	1	1	1	1	1	1	0	0	0	96.1	85.5	2.0	GALNS	39.9	
ARSB	low	0	533	495	1	1	1	1	1	0	0	0	1	97.6	78.2		ARSI	50.0	
ARSF	low	2	590	523	1	1	1	0	1	0	0	0	1	88.5			ARSH	62.1	
ARSH	low	2	562	513	0	1	1	0	0	0	0	0	1				ARSD	67.2	
ASAH2B	low	0	165	131	1	1	1	0	0	0	0	0	1				ASAH2	17.5	
ASIC4	low	2	539	356	0	0	0	1	1	1	1	1	1	97.8	97.6	3.0	ASIC1	52.3	2.0
ASTN2	low	2	1339	1050	1	1	1	1	0	0	1	1	1		97.3		ASTN1	51.0	6.0
ATG9A	low	4	839	53	0	0	0	1	1	1	0	1	1	99.5	98.0	2.0	ATG9B	55.6	1.0
ATP11B	low	10	1177	79	0	0	0	1	1	0	0	0	1	99.2	93.4		ATP11A	61.4	
ATP5F1A	low	0	553	0	0	0	0	0	0	0	0	0	0	98.9	97.5				
ATP5IF1	low	0	106	0	0	0	0	1	1	1	0	0	0	98.1	51.9	2.0			
ATP5PF	low	0	108	0	0	0	0	1	1	0	0	0	0	82.4	80.6				
ATP6AP1	low	1	470	392	1	1	0	1	1	0	0	0	0	93.6	86.0				
ATP6V0A4	low	8	840	131	0	0	0	1	1	0	0	0	1	98.2	85.5		ATP6V0A1	59.5	
ATP6V0E2	low	2	81	32	0	1	1	0	0	0	0	0	1				ATP6V0E1	68.8	
ATP6V1B1	low	0	513	0	0	0	0	1	1	0	0	0	0	99.6	93.6				
ATP8A1	low	10	1164	83	0	0	0	1	1	0	0	0	1	97.6	96.6		ATP8A2	58.3	
ATP8B2	low	10	1209	82	0	0	0	1	1	0	1	0	1	99.6	96.9		ATP8B4	59.0	
ATP8B4	low	10	1192	83	0	0	0	1	1	0	0	0	1	97.2	86.4		ATP8B2	59.0	
ATP9A	low	10	1047	47	0	0	0	1	1	0	0	0	1	99.9	98.0		ATP9B	48.4	
AZU1	low	0	251	232	1	1	1	0	1	0	0	0	0	89.2			KLK13	32.7	
BMP1	low	0	986	964	1	1	1	1	1	0	0	0	1	99.4	96.0		TLL2	73.9	
BRI3	low	0	125	0	0	0	0	1	1	0	0	0	0	92.8	93.6				
BRICD5	low	1	260	211	0	0	1	1	1	0	0	0	0	89.0	65.8		GKN2	19.4	
BTBD17	low	1	478	54	1	1	0	1	0	0	0	0	0		92.7	2.0			
C11orf87	low	1	197	61	0	1	0	1	0	0	0	0	0						
C14orf180	low	1	160	39	0	0	1	0	0	0	0	0	0						
C17orf58	low	0	339	322	1	1	1	1	0	0	0	0	0						
C19orf18	low	1	215	77	1	1	0	0	0	0	0	0	0						
C19orf38	low	1	230	103	1	1	0	1	1	0	0	1	0						1.0
C1QB	low	0	253	226	1	1	1	1	0	1	0	0	1		80.1	3.0	C1QC	50.0	
C1QL2	low	0	287	266	1	1	1	1	1	0	0	0	1	97.2	94.1	3.0	C1QL3	69.5	
C1QTNF1	low	0	281	256	1	1	1	1	1	1	0	0	1	86.5	76.9	3.0	C1QTNF6	49.6	
C1QTNF4	low	0	329	313	1	1	1	1	0	1	0	0	0		94.2	2.0	C1QTNF6	30.0	
C1orf159	low	1	380	130	1	1	0	1	1	0	0	0	0						
C1orf210	low	1	113	32	0	1	0	1	1	0	0	0	0						
C2orf92	low	1	265	167	1	1	0	0	1	0	0	0	0						
C4B_2	low	0	1744	1725	1	1	1	0	0	0	0	0	1						
C5orf15	low	1	265	153	1	1	0	1	0	0	0	0	0						
C6orf58	low	0	330	310	1	1	1	1	1	0	0	0	0						
C8G	low	0	202	182	1	1	1	1	0	0	0	0	0		73.8				
CA10	low	0	328	307	1	1	1	1	1	1	0	0	1	94.8	100.0	2.0	CA11	55.0	
CA11	low	0	328	303	1	1	1	1	1	1	0	0	1	97.3	96.6	2.0	CA10	55.0	
CALHM5	low	4	309	78	0	0	0	1	1	1	0	0	1	98.1	83.5	12.0	CALHM6	42.3	
CANT1	low	1	401	341	0	0	1	1	1	1	1	0	0	96.5	87.8	2.0			
CAVIN1	low	0	390	0	0	0	0	1	0	1	0	0	0		93.1	4.0			
CBARP	low	1	705	46	0	1	0	1	1	0	0	0	0	56.6	82.8				
CBLN1	low	0	193	172	1	1	1	1	1	1	0	0	1	60.1	99.0	3.0	CBLN2	84.4	
CBLN2	low	0	224	173	1	1	1	1	1	1	0	0	1	67.9	94.2	3.0	CBLN1	84.4	
CCDC126	low	1	140	110	0	0	1	1	1	0	0	0	0	99.3	89.3		MGAT5	9.0	
CCDC188	low	1	402	39	0	0	1	0	0	0	0	0	0	76.1	56.7				
CCDC198	low	0	296	0	0	0	0	1	1	0	0	0	0	92.2	63.2				
CCDC70	low	0	222	0	0	0	0	1	1	0	0	0	0	92.8	83.3				
CCDC78	low	0	438	0	0	0	0	1	1	1	0	0	0	90.4	53.8	2.0			
CCDC8	low	0	538	0	0	0	0	0	1	0	0	0	0	82.3					
CCDC80	low	0	950	927	1	1	1	1	1	0	0	0	0	98.0	84.0				
CCL25	low	0	150	127	1	1	1	0	1	0	0	0	0	90.0			CCL16	26.0	
CCN1	low	0	381	357	1	1	1	1	1	0	0	0	1	98.2	91.9		CCN2	47.3	
CD164L2	low	1	174	112	1	1	0	1	1	0	0	0	0	86.2	81.0		CD164	23.8	
CD5L	low	0	347	329	1	1	1	1	1	0	0	0	0	87.9	69.2		DMBT1	7.3	
CDCP2	low	1	540	495	1	1	0	1	1	0	1	0	0	97.0	88.7		CUBN	6.1	
CDHR4	low	1	788	671	1	1	0	1	0	0	1	1	0		71.8		PCDH8	25.1	3.0
CDNF	low	0	187	161	1	1	1	1	0	0	0	0	1		77.5		MANF	62.1	
CEACAM18	low	0	384	354	1	1	1	1	1	0	0	0	0	77.3	53.6		CEACAM4	17.8	
CERCAM	low	0	595	573	1	1	1	1	1	0	0	0	1	97.1	83.2		COLGALT1	56.3	
CFC1B	low	0	223	198	1	1	1	0	0	0	0	0	1				CFC1	99.5	
CFHR2	low	0	270	252	1	1	1	0	0	0	0	0	1			2.0	CFHR1	69.2	
CHAT	low	0	748	0	0	0	0	0	0	0	0	0	0	82.1	74.7				
CHMP6	low	0	201	0	0	0	0	0	0	0	0	0	0		92.5				
CIROP	low	1	788	717	1	1	0	1	1	0	0	0	0	94.0	66.0				
CIROZ	low	0	823	801	1	1	1	1	1	0	0	0	0	71.1	50.5				
CIST1	low	1	234	156	1	1	0	0	1	0	0	0	0	84.2					
CKAP5	low	0	2032	0	0	0	0	0	0	0	0	0	0	99.4	94.9				
CKLF	low	4	152	15	0	0	0	1	1	0	1	0	0	72.4	57.9		MAL2	11.8	
CLCC1	low	3	551	268	1	1	0	1	1	0	1	0	0	96.2	72.8	2.0			
CLCN3	low	8	818	187	0	0	0	1	1	1	0	0	1	97.9	97.4	2.0	CLCN4	79.7	
CLCN5	low	8	816	184	0	0	0	1	1	1	0	0	1	99.5	97.2	2.0	CLCN3	72.2	
CLDN34	low	4	214	88	0	0	0	0	1	0	0	0	0	88.8			CLDN2	31.8	
CLEC4F	low	1	589	529	0	0	1	0	1	1	0	0	0	83.9		2.0	CD207	22.3	
CLIC2	low	0	247	0	0	0	0	0	0	0	0	0	0						
CLIC5	low	0	410	0	0	0	0	0	1	0	0	0	0	96.0					
CLIC6	low	0	704	0	0	0	0	1	0	0	0	0	0		57.9				
CLN3	low	11	438	97	0	0	1	1	1	0	1	0	0	94.3	85.8				
CLN5	low	0	358	316	1	1	1	1	1	0	0	0	0	94.1	71.8				
CLNS1A	low	0	237	0	0	0	0	1	1	0	0	0	0	100.0	90.7				
CLPTM1	low	8	669	300	0	0	0	1	1	0	1	0	0	99.6	94.5		CLPTM1L	28.0	
CLUL1	low	0	466	446	1	1	1	0	1	0	0	0	0	94.8			CLU	26.0	
CMTM1	low	4	169	15	0	0	0	0	1	0	1	0	0	87.4			CKLF	26.7	
CNIH2	low	3	160	43	0	0	1	1	1	0	0	0	1	100.0	100.0		CNIH3	81.4	
CNIH3	low	3	160	42	0	0	1	1	1	0	0	0	1	85.6	100.0		CNIH2	79.1	
CNMD	low	1	334	270	0	0	1	1	1	0	0	0	0	97.3	88.9		TNMD	39.3	
COL6A2	low	0	1019	999	1	1	1	1	0	0	0	0	0		91.0		COL23A1	22.2	
COLQ	low	0	455	433	1	1	1	1	1	0	0	0	0	89.2	91.0		COL7A1	7.8	
CPA6	low	0	437	407	1	1	1	1	1	0	0	0	1	97.3	84.4		CPA3	41.8	
CPE	low	0	476	449	1	1	1	1	1	0	0	0	1	92.0	96.6		CPD	18.4	
CPO	low	0	374	354	1	1	1	0	1	0	0	0	0	97.9			CPB1	38.1	
CPZ	low	0	652	634	1	1	1	1	1	0	0	0	0	96.9	81.6		CPE	35.8	
CREG1	low	0	220	189	1	1	1	1	1	1	0	0	0	65.0	76.8	2.0	CREG2	28.6	
CRIPTO3	low	0	188	158	1	1	1	0	0	0	0	0	1				CRIPTO	97.5	
CRISP1	low	0	249	228	1	1	1	1	1	0	0	0	1	85.5	61.4		CRISP2	45.6	
CRISP3	low	0	245	226	1	1	1	0	1	0	0	0	1	86.8			CRISP2	71.7	
CRISPLD1	low	0	500	477	1	1	1	1	1	0	0	0	1	58.2	94.6		CRISPLD2	60.6	
CRISPLD2	low	0	497	475	1	1	1	1	1	0	0	0	1	97.8	77.5		CRISPLD1	60.6	
CRYAB	low	0	175	0	0	0	0	1	1	0	0	0	0	98.9	97.7				
CSF1	low	1	554	464	1	1	0	1	1	1	0	1	0	95.3	70.0	2.0			1.0
CST7	low	0	145	126	1	1	1	1	1	0	0	0	0	91.7	71.0		CST3	34.1	
CT47A11	low	0	288	0	0	0	0	0	0	0	0	0	0						
CT47A3	low	0	288	0	0	0	0	0	0	0	0	0	0						
CTNS	low	7	367	142	1	1	0	1	1	0	0	0	0	93.7	84.2				
CTSA	low	0	480	452	1	1	1	1	1	1	0	0	0	97.9	86.9	2.0	CPVL	31.7	
CTSG	low	0	255	237	1	1	1	1	1	0	0	0	1	84.7	67.8		GZMB	54.9	
CTSH	low	0	335	313	1	1	1	1	1	0	0	0	1	97.0	83.0		CTSK	43.3	
CTSL	low	0	333	316	1	1	1	0	1	0	0	0	1	96.1			CTSV	77.3	
CTSS	low	0	331	315	1	1	1	1	1	1	0	0	1	96.7	74.0	2.0	CTSK	56.8	
CTXN1	low	1	82	29	0	1	0	1	0	0	0	0	0		96.3		CTXN3	24.1	
CTXN3	low	1	81	28	0	1	0	1	0	0	0	0	0		91.4		CTXN2	35.7	
CTXND1	low	1	59	16	0	1	0	1	0	0	0	0	0		100.0				
CTXND2	low	1	55	15	0	1	0	1	0	0	0	0	0		74.5				
CUZD1	low	1	607	544	1	1	0	1	1	0	0	1	0	95.6	70.5		CUBN	6.2	4.0
CXorf66	low	1	361	29	1	1	0	0	1	0	0	0	0						
CYB561	low	6	251	50	0	0	0	1	1	1	1	0	1	97.6	88.0	2.0	CYBRD1	48.0	
CYB5B	low	1	150	10	0	0	1	1	1	0	0	0	0	80.7	73.3				
CYP2W1	low	1	490	1	1	1	0	1	1	0	0	0	1	70.0	77.6		CYP2S1	100.0	
CYP4Z1	low	1	505	2	1	1	0	0	0	0	0	0	1				CYP4X1	50.0	
CYSTM1	low	0	97	0	0	0	0	1	1	0	0	0	0	99.0	93.8				
CYTL1	low	0	136	114	1	1	1	1	0	0	0	0	0		69.1				
DCD	low	0	110	91	1	1	1	0	0	0	0	0	0				LACRT	22.7	
DCXR	low	0	244	0	0	0	0	1	1	1	0	0	0	94.7	84.0	2.0			
DEFB106B	low	0	65	45	1	1	1	0	0	0	0	0	1				DEFB106A	100.0	
DEFB112	low	0	113	99	1	1	1	0	0	0	0	0	0						
DEFB113	low	0	82	66	1	1	1	1	1	0	0	0	0	72.0	56.1				
DEFB115	low	0	88	59	1	1	1	0	1	0	0	0	0	90.9			DEFB129	15.2	
DIO1	low	0	249	0	0	0	0	1	1	0	0	0	0	96.4	79.1				
DIO3	low	0	304	0	0	0	0	1	0	0	0	0	0		94.7				
DLST	low	0	453	0	0	0	0	1	1	1	0	0	0	98.5	92.3	3.0			
DMKN	low	0	476	455	1	1	1	1	1	0	0	0	0	85.1	55.0				
DNAJC22	low	4	341	19	0	0	0	1	1	0	0	0	0	96.5	82.1				
DNAJC5	low	2	198	1	0	0	0	1	1	0	0	0	1	84.3	99.5		DNAJC18	0.0	
DNAJC9	low	0	260	0	0	0	0	1	1	0	0	0	0	85.0	87.7				
DNASE1L2	low	0	299	278	1	1	1	1	1	0	0	0	1	89.6	76.9		DNASE1	51.4	
DOCK8	low	0	2099	0	0	0	0	1	1	0	0	0	0	98.8	92.0				
DRAM1	low	6	238	51	0	0	0	1	1	1	1	0	1	98.3	94.5	2.0	DRAM2	42.6	
DSG4	low	1	1040	608	1	1	0	1	1	0	0	1	1	96.3	82.5		DSG1	48.4	7.0
DUOXA1	low	5	343	144	0	1	0	1	1	0	0	0	1	95.6	82.8		DUOXA2	64.1	
ECE2	low	1	811	682	0	0	1	1	1	1	0	0	1	99.1	90.7	2.0	ECE1	65.7	
ECEL1	low	1	775	693	0	0	1	1	1	0	0	0	0	82.6	94.6		ECE2	39.7	
ECM2	low	0	699	677	1	1	1	1	1	0	0	0	0	96.1	72.2		KERA	18.3	
EDDM13	low	0	161	138	1	1	1	1	1	0	0	0	0	95.0	70.8				
EDDM3A	low	0	147	122	1	1	1	0	1	0	0	0	1	88.4			EDDM3B	66.4	
EDDM3B	low	0	147	122	1	1	1	0	1	0	0	0	1	94.6			EDDM3A	66.4	
EGF	low	1	1207	1013	1	1	0	1	1	0	0	1	0	90.7	66.4		LRP1	9.1	6.0
ELANE	low	0	267	240	1	1	1	1	0	1	0	0	1		71.9	2.0	PRTN3	51.7	
ELAPOR2	low	1	1029	881	1	1	0	1	1	0	0	0	1	91.2	93.4		ELAPOR1	53.5	
ELSPBP1	low	0	223	200	1	1	1	0	0	0	0	0	0				BSPH1	19.5	
EMID1	low	0	441	420	1	1	1	1	1	0	0	0	1	71.1	80.1		COL7A1	8.0	
ENO2	low	0	434	0	0	0	0	1	1	1	0	0	0	99.3	98.6	2.0			
ENTPD6	low	1	484	424	0	0	1	1	1	0	0	0	1	97.5	82.2		ENTPD5	47.6	
ENTREP1	low	2	450	58	0	0	0	1	1	1	1	0	0	78.8	88.1	2.0	ENTREP3	28.1	
ERAP2	low	0	960	925	1	1	1	0	0	0	0	0	1				ERAP1	51.6	
EREG	low	1	169	86	1	1	0	1	1	0	0	1	0	97.0	78.1		EPGN	33.3	1.0
EVA1B	low	1	165	27	0	1	0	1	1	0	0	0	1	97.0	89.7		EVA1A	42.4	
EVA1C	low	1	441	273	1	1	0	1	1	0	1	1	0	96.8	86.2		ADGRA1	24.9	2.0
EVC2	low	1	1308	271	1	1	0	1	1	0	0	1	0	88.0	66.7		EVC	17.0	1.0
FAIM2	low	7	316	32	0	0	1	1	1	0	0	0	1	96.5	92.1		TMBIM1	43.8	
FAM151A	low	1	585	553	0	0	1	1	1	0	0	0	0	95.2	71.3				
FAM151B	low	0	276	0	0	0	0	1	1	0	0	0	0	97.1	84.8				
FAM163A	low	1	167	5	0	1	0	1	1	0	0	0	0	98.2	85.6				
FAM163B	low	1	166	5	0	1	0	1	1	0	0	0	0	98.2	90.4				
FAM168B	low	0	195	0	0	0	0	1	1	0	0	0	0	100.0	97.9				
FAM171B	low	1	826	325	1	1	0	1	1	0	0	1	0	98.4	88.7		FAM171A1	30.8	3.0
FAM174A	low	1	190	89	1	1	0	1	1	0	0	0	0	96.8	68.4				
FAM180B	low	0	183	160	1	1	1	0	0	0	0	0	0				FAM180A	28.7	
FAM187A	low	1	413	362	1	1	0	1	1	0	0	0	0	95.9	78.9		FAM187B	24.9	
FAM187B	low	1	369	315	1	1	0	0	1	0	0	1	0	91.6			FAM187A	25.1	1.0
FAM234A	low	1	552	483	0	0	1	1	1	0	0	0	0	94.4	73.6		FAM234B	27.6	
FAM24A	low	1	105	10	0	1	0	0	0	0	0	0	0				FAM24B	10.0	
FAM24B	low	1	94	3	0	1	0	0	0	0	0	0	0				FAM24A	10.0	
FCN1	low	0	326	297	1	1	1	1	1	1	0	0	1	91.7	71.8	3.0	FCN2	80.5	
FER1L5	low	1	2057	77	0	0	1	1	0	0	0	0	0		73.2		DYSF	9.1	
FER1L6	low	1	1857	13	0	0	1	1	1	0	0	0	0	97.1	88.4		MYOF	33.3	
FGF4	low	0	206	176	1	1	1	1	1	0	0	0	1	98.5	80.6		FGF6	60.2	
FGF9	low	0	208	0	0	0	0	1	1	0	0	0	0	100.0	99.5				
FKBP8	low	0	412	0	0	0	0	1	1	0	0	0	0	99.8	90.6				
FKBPL	low	0	349	0	0	0	0	1	1	0	0	0	0	96.3	73.1				
FNDC10	low	1	226	164	1	1	0	1	0	0	0	0	0		83.2				
FNDC5	low	1	260	142	1	1	0	1	1	1	0	1	1	99.5	97.6	2.0	FNDC4	44.4	1.0
FNDC9	low	1	224	112	0	1	0	1	1	0	0	1	0	98.2	84.8				1.0
FOLR3	low	0	245	223	1	1	1	0	1	0	0	0	1	88.6			FOLR2	80.8	
FRAS1	low	1	4008	3873	1	1	0	1	0	0	1	1	0		84.9		SLC8A1	8.3	8.0
FREY1	low	0	98	68	1	1	1	1	1	0	0	0	0	95.9	81.6				
FRRS1L	low	0	293	265	1	1	1	1	1	0	0	0	0	78.5	91.8		FRRS1	23.5	
FSTL4	low	0	842	820	1	1	1	1	0	0	0	0	1		83.7		FSTL5	57.3	
FTL	low	0	175	0	0	0	0	0	0	1	0	0	0			2.0			
G6PC1	low	9	357	125	0	1	0	1	1	0	1	0	1	97.8	88.5		G6PC2	50.4	
GAPT	low	1	157	11	0	1	0	1	1	0	0	0	0	93.0	54.8				
GARS1	low	0	739	0	0	0	0	1	1	1	0	0	0	51.8	91.3	2.0			
GC	low	0	474	458	1	1	1	1	1	0	0	0	0	93.7	77.8		ALB	21.8	
GDAP2	low	0	497	0	0	0	0	1	1	0	0	0	0	97.0	94.8				
GDE1	low	0	331	0	0	0	0	1	1	0	0	0	0	99.1	87.3				
GINM1	low	1	330	239	1	1	0	1	1	1	0	1	0	89.7	72.7	2.0			1.0
GJB5	low	4	273	65	0	0	0	1	1	1	0	0	1	98.9	76.9	6.0	GJB6	61.5	
GJD2	low	4	321	57	0	0	0	1	1	1	0	0	1	100.0	98.1	7.0	GJA10	61.4	
GKN1	low	0	185	165	1	1	1	1	1	0	0	0	0	88.6	63.8		GKN2	28.5	
GLIPR1L2	low	1	344	211	1	1	0	1	0	0	1	0	1		59.6		GLIPR1	42.5	
GOLM1	low	1	401	367	0	0	1	1	1	1	0	0	0	82.3	63.6	2.0	GOLM2	26.1	
GPR107	low	7	600	269	1	1	0	1	1	1	1	0	0	88.0	84.1	2.0	GPR108	39.8	
GPR141	low	7	305	78	0	1	0	1	1	0	0	0	0	94.4	81.0		GPR174	25.6	
GPR148	low	7	347	101	0	1	0	0	1	0	0	0	0	93.4			GPR37	9.2	
GPR22	low	7	433	96	0	1	0	1	1	0	0	0	0	100.0	96.8		GPR150	21.7	
GPR42	low	7	346	65	0	1	0	0	0	0	0	0	1				FFAR3	98.5	
GPR82	low	7	336	74	0	1	0	1	1	0	0	0	0	98.5	80.4		FFAR2	20.3	
GPX5	low	0	221	198	1	1	1	0	0	1	0	0	1			2.0	GPX3	70.8	
GRN	low	0	593	576	1	1	1	1	1	0	0	0	0	93.6	74.9				
GSG1	low	4	349	141	0	0	0	1	0	1	1	1	1		67.1	2.0	GSG1L	47.5	1.0
GSG1L2	low	4	293	115	0	0	0	1	1	1	0	0	1	92.8	67.9	2.0	GSG1L	48.4	
GUSB	low	0	651	629	1	1	1	1	0	1	0	0	0		74.3	2.0	MANBA	17.2	
H2BC12L	low	0	126	0	0	0	0	0	0	0	0	0	0						
HAPLN3	low	0	360	343	1	1	1	1	1	0	0	0	1	92.8	80.6		HAPLN1	51.9	
HAPLN4	low	0	402	373	1	1	1	1	1	1	0	0	1	96.5	90.8	2.0	HAPLN1	46.1	
HHLA1	low	0	531	502	1	1	1	1	1	0	0	0	0	92.1	60.3				
HILPDA	low	0	63	31	1	1	1	1	0	0	0	0	0		77.8				
HMGB2	low	0	209	0	0	0	0	1	0	0	0	0	0		97.1				
HMGN2	low	0	90	0	0	0	0	0	0	0	0	0	0	100.0					
HOMER3	low	0	361	0	0	0	0	1	1	1	0	0	0	88.4	89.2	2.0			
HRCT1	low	1	115	9	0	1	0	1	0	0	0	0	0		52.2				
HSP90AA1	low	0	732	0	0	0	0	1	1	1	0	0	0	100.0	99.2	2.0			
HSPA1L	low	0	641	641	0	1	1	1	1	1	0	0	0	98.6	94.7	2.0			
HSPA2	low	0	639	639	0	1	1	1	0	1	0	0	1		98.4	2.0	HSPA8	86.7	
HYAL1	low	0	435	414	1	1	1	1	1	0	0	0	1	96.8	73.3		HYAL3	41.5	
HYAL4	low	0	481	447	1	1	1	1	1	0	0	0	1	95.6	79.6		SPAM1	44.1	
IDO2	low	0	407	0	0	0	0	0	0	0	0	0	0	54.3	72.0				
IFI16	low	0	785	0	0	0	0	0	1	0	0	0	0	80.4					
IFI35	low	0	286	0	0	0	0	1	1	1	0	0	0	75.5	71.7	2.0			
IFITM10	low	3	228	8	0	0	1	1	0	0	0	0	0		83.8		IFITM5	10.7	
IGFBP7	low	0	282	256	1	1	1	1	1	0	0	0	1	80.1	91.1	2.0	IGFBPL1	44.1	
IGSF22	low	0	903	0	0	0	0	0	1	0	0	0	0	97.1					
IGSF23	low	1	192	157	0	1	0	0	1	0	0	0	0	87.5					
IGSF6	low	1	241	126	1	1	0	1	1	0	0	1	0	93.8	61.8				1.0
IHH	low	0	411	384	1	1	1	1	1	0	0	0	1	99.3	95.1		SHH	59.5	
IL1A	low	0	271	0	0	0	0	1	1	0	0	0	0	87.1	60.5				
IL33	low	0	270	0	0	0	0	1	1	0	0	0	0	93.7	51.5				
IMPG1	low	0	797	777	1	1	1	1	1	1	0	0	0	94.6	66.4	2.0	IMPG2	28.3	
IQCF1	low	0	205	0	0	0	0	1	1	0	0	0	0	93.7	51.2				
IQGAP1	low	0	1657	0	0	0	0	1	1	0	0	0	0	99.5	96.0				
ISG15	low	0	165	0	0	0	0	1	1	0	0	0	0	90.9	61.8				
ITGBL1	low	0	494	471	1	1	1	1	1	0	0	0	0	99.0	90.9		ITGB3	22.7	
ITM2C	low	1	267	188	0	0	1	1	1	0	1	0	1	99.6	92.9		ITM2B	52.9	
IZUMO3	low	1	239	154	1	1	0	1	1	0	0	1	0	93.7	70.3				2.0
JCAD	low	0	1359	0	0	0	0	1	1	0	0	0	0	90.6	53.1				
KANTR	low	3	76	10	0	1	0	1	0	0	0	0	0		96.1				
KAZN	low	0	775	0	0	0	0	1	0	1	0	0	0		94.3	2.0			
KDELR1	low	7	212	17	0	1	0	1	1	0	1	0	1	61.8	99.5		KDELR2	82.4	
KIAA1549L	low	1	1849	1181	0	1	0	1	1	0	0	1	0	82.8	71.9		KIAA1549	27.9	2.0
KIAA2013	low	2	634	555	0	0	0	1	1	1	0	0	0	98.7	92.0	2.0			
KIR2DS3	low	1	304	222	1	1	0	0	0	0	0	1	0						2.0
KLK8	low	0	260	232	1	1	1	1	1	0	0	0	1	94.2	71.9		KLK14	49.8	
KLRC3	low	1	240	146	0	0	1	0	0	0	0	1	1				KLRC2	78.8	1.0
KLRC4	low	1	158	70	0	0	1	0	0	0	0	0	0				KLRC2	39.9	
KLRG2	low	1	409	128	0	0	1	1	0	0	1	0	0		57.2		OLR1	19.4	
KRT10	low	0	584	0	0	0	0	1	1	0	0	0	0	91.8	81.0				
KRTDAP	low	0	99	77	1	1	1	1	1	0	0	0	0	99.0	54.5				
LAD1	low	0	517	0	0	0	0	1	1	0	0	0	0	92.1	66.3				
LDLRAD1	low	1	205	148	0	0	1	1	1	0	1	0	0	91.7	71.2				
LDLRAD2	low	0	272	247	1	1	1	1	1	0	0	0	0	83.5	63.2		CD320	24.3	
LGALS16	low	0	142	0	0	0	0	0	1	0	0	0	0	94.4					
LGALS9B	low	0	356	0	0	0	0	0	0	0	0	0	0						
LGALS9C	low	0	356	0	0	0	0	0	0	0	0	0	0						
LGTN	low	0	584	0	0	0	0	0	0	0	0	0	0						
LHFPL1	low	4	220	86	0	0	0	1	1	0	1	0	1	99.5	94.5		LHFPL6	66.3	
LHFPL2	low	4	228	100	0	0	0	1	1	1	0	0	0	97.4	83.8	2.0	LHFPL1	28.0	
LHFPL3	low	4	236	82	0	0	0	1	1	0	0	0	1	93.6	94.1		LHFPL4	72.3	
LHFPL4	low	4	247	83	0	0	0	1	1	0	0	0	1	54.3	98.4		LHFPL3	72.3	
LINGO4	low	1	593	502	1	1	0	1	1	0	0	1	1	98.5	94.3		LINGO3	47.0	3.0
LIPI	low	0	460	445	1	1	1	1	1	0	0	0	1	89.1	67.2		LIPH	45.4	
LMAN2	low	1	356	278	1	1	0	1	1	0	0	1	1	99.7	94.9		LMAN2L	59.4	2.0
LMAN2L	low	1	348	270	1	1	0	1	1	0	0	1	1	99.4	90.5		LMAN2	59.4	1.0
LMBR1	low	9	490	117	0	1	0	1	1	1	1	0	1	99.2	96.1	2.0	LMBR1L	67.5	
LMBRD1	low	9	540	163	0	1	0	1	1	0	1	0	0	99.1	92.8				
LRCH4	low	1	683	5	0	0	1	1	1	0	0	0	1	96.8	79.2		LRRC8D	0.7	
LRG1	low	0	347	312	1	1	1	1	1	1	0	0	0	92.5	62.8	2.0	CHADL	18.2	
LRIT2	low	1	550	442	1	1	0	1	1	1	0	1	0	94.2	71.3	2.0	LRRC3B	17.6	2.0
LRRC17	low	0	441	423	1	1	1	1	1	0	0	0	0	98.6	88.0		LRRC3	17.5	
LRRC24	low	1	513	383	1	1	0	1	0	0	0	1	0		83.4		TRIL	24.0	2.0
LRRC3	low	1	257	172	1	1	0	1	1	0	0	0	1	96.1	80.2		IGFALS	13.5	
LRRC37A	low	1	1700	1543	1	1	0	0	0	0	0	1	1				LRRC37A2	99.4	3.0
LRRC37A2	low	1	1700	1543	1	1	0	0	0	0	0	1	1				LRRC37A	99.4	3.0
LRRC3C	low	1	275	181	1	1	0	1	1	0	0	0	1	93.1	78.2		NRROS	12.5	
LRRC51	low	0	192	0	0	0	0	1	0	0	0	0	0		85.9				
LRRC70	low	1	622	495	1	1	0	0	0	0	0	0	0				SLIT1	12.3	
LRRN4CL	low	1	238	175	1	1	0	1	1	0	0	1	0	81.9	68.1		LRRN4	10.8	1.0
LRTM3	low	1	7081	37	0	1	0	0	0	0	0	0	0						
LSMEM1	low	1	131	48	0	0	1	1	1	0	1	1	0	96.9	81.7				1.0
LYPD4	low	0	246	220	1	1	1	1	1	0	0	1	0	95.5	69.5		CD177	18.3	1.0
LYZL1	low	0	148	129	1	1	1	0	0	0	0	0	1				LYZL2	96.9	
MADD	low	0	1647	0	0	0	0	1	1	0	0	0	0	95.1	94.3				
MAEA	low	0	396	0	0	0	0	1	1	0	0	0	0	95.2	98.7				
MAGT1	low	4	335	209	1	1	1	1	1	0	1	0	1	98.5	93.7		TUSC3	76.2	
MAL2	low	4	176	34	0	0	0	1	1	1	0	0	0	80.7	90.9	2.0	MALL	32.4	
MALL	low	4	153	24	0	0	0	1	1	0	0	0	0	91.5	85.0		MAL2	32.4	
MALRD1	low	1	2156	2044	1	1	0	1	1	0	0	1	0	92.8	71.5		MAMDC2	11.7	5.0
MAN2B1	low	0	1011	962	1	1	1	1	1	0	0	0	0	88.1	75.6	2.0	MAN2A2	27.5	
MANF	low	0	182	158	1	1	1	1	1	0	0	0	1	97.8	96.2		CDNF	62.7	
MANSC4	low	1	340	262	1	1	0	1	1	1	0	1	0	89.4	61.5	2.0	MANSC1	20.4	1.0
MAP1B	low	0	2468	0	0	0	0	0	0	0	0	0	0	98.2	90.9				
MARCOL	low	0	285	266	1	1	1	0	0	0	0	0	0						
MARVELD1	low	4	173	31	0	0	0	1	0	0	0	0	0		88.4		PLP2	12.9	
MCOLN1	low	6	580	266	0	0	0	1	1	1	0	0	1	98.4	91.4	4.0	MCOLN3	53.8	
MFAP3L	low	1	409	121	1	1	0	1	1	0	1	0	1	94.4	90.0		MFAP3	40.2	
MFSD6L	low	12	586	197	0	0	0	1	1	0	0	0	0	91.8	67.6		MFSD6	24.9	
MFSD8	low	12	518	120	0	0	0	1	1	0	1	0	0	94.6	81.7		SLC71A2	15.0	
MGAM2	low	1	2515	2485	0	0	1	1	1	0	0	0	1	92.0	59.4		SI	40.8	
MINAR1	low	1	916	4	0	0	1	1	1	0	0	0	0	92.1	90.0		MINAR2	25.0	
MINPP1	low	0	487	457	1	1	1	1	1	0	0	0	0	96.5	81.9				
MLC1	low	8	377	78	0	0	0	1	1	1	1	0	0	74.8	89.1	2.0			
MMP2	low	0	660	631	1	1	1	1	1	0	0	0	1	99.8	95.9		MMP7	21.6	
MMP23B	low	0	390	352	1	1	1	1	1	0	0	0	0	80.8	84.1		MMP24	22.9	
MMP7	low	0	267	250	1	1	1	1	1	0	0	0	0	97.4	69.3		MMP2	21.6	
MMP8	low	0	467	447	1	1	1	1	1	0	0	0	1	91.9	73.4		MMP1	58.4	
MORF4L2	low	0	288	0	0	0	0	1	0	0	0	0	0		95.1				
MPO	low	0	745	697	1	1	1	1	1	0	0	0	1	96.1	83.2		EPX	69.9	
MRGPRG	low	7	289	54	0	1	0	1	0	0	0	0	0		57.4		MAS1L	10.9	
MS4A10	low	4	267	43	0	0	0	0	1	1	0	0	0	60.7		2.0	MS4A18	18.6	
MS4A14	low	4	679	35	0	0	0	0	1	0	1	0	0	86.2			MS4A6E	0.0	
MS4A18	low	4	398	23	0	0	0	0	1	0	0	0	0	77.1			MS4A7	12.3	
MS4A5	low	4	200	28	0	0	0	1	1	1	0	0	0	94.0	68.5	2.0	MS4A7	13.8	
MS4A6E	low	2	147	47	0	0	0	0	0	0	0	0	1				MS4A8	23.4	
MUCL3	low	1	517	419	1	1	0	0	0	0	0	0	0						
MYDGF	low	0	173	142	1	1	1	1	1	0	0	0	0	86.1	83.2				
NAGPA	low	1	515	426	1	1	0	1	1	1	1	1	0	65.8	80.8	2.0	TENM3	5.8	2.0
NAIF1	low	0	327	0	0	0	0	1	0	1	0	0	0		93.9	2.0			
NALF2	low	1	472	414	0	0	1	1	1	0	0	0	1	97.0	93.9		NALF1	40.8	
NAMPT	low	0	491	0	0	0	0	1	1	1	0	0	0	94.5	95.7	2.0			
NAPRT	low	0	538	0	0	0	0	1	1	1	0	0	0	96.7	83.8	2.0			
NCMAP	low	1	102	30	0	1	0	1	1	0	0	0	0	96.1	78.4				
NEU4	low	0	484	0	0	0	0	1	1	0	0	0	0	95.5	71.5				
NIPA1	low	9	329	83	0	1	0	1	1	1	1	0	0	98.2	97.0	2.0	NIPA2	24.1	
NIPAL3	low	9	406	86	0	1	0	1	1	0	1	0	0	97.8	90.1		NIPAL2	34.3	
NKAIN1	low	4	207	70	0	0	0	1	1	0	1	0	1	93.7	99.5		NKAIN2	66.2	
NKAIN2	low	4	208	71	0	0	0	1	1	0	0	0	1	100.0	97.6		NKAIN1	66.2	
NKAIN3	low	4	197	68	0	0	0	1	1	0	0	0	1	86.2	79.8		NKAIN1	55.7	
NKAIN4	low	4	208	70	0	0	0	1	1	0	0	0	1	88.0	83.2		NKAIN1	50.0	
NKG7	low	4	165	53	0	0	0	1	1	0	0	0	0	87.3	69.7		CLDND2	30.2	
NME1	low	0	152	0	0	0	0	1	1	1	0	0	0	98.0	94.1	2.0			
NPC2	low	0	151	132	1	1	1	1	1	0	0	0	0	98.7	80.1				
NPIPB11	low	1	1161	70	0	1	0	0	0	0	0	0	1				NPIPB5	95.8	
NSG1	low	1	185	82	0	0	1	1	1	0	0	0	1	100.0	98.4		NSG2	43.9	
NSG2	low	1	171	80	0	0	1	1	1	0	0	0	1	98.8	97.1		NSG1	45.1	
NTN4	low	0	628	603	1	1	1	1	1	0	0	0	0	97.9	89.8		LAMB4	15.8	
NXPE2	low	1	559	521	0	0	1	1	1	1	0	0	1	95.0	68.5	2.0	NXPE1	72.0	
NXPE3	low	1	559	534	0	0	1	1	0	1	0	0	0		88.6	2.0	NXPE4	33.5	
NXPE4	low	1	544	517	0	0	1	1	1	1	1	0	1	95.4	72.8	2.0	NXPE1	70.0	
NXPH2	low	0	264	242	1	1	1	1	1	0	0	0	1	99.6	89.0		NXPH1	64.8	
NXPH4	low	0	308	286	1	1	1	1	0	0	0	0	1		89.3		NXPH2	43.4	
ODAM	low	0	279	264	1	1	1	1	1	0	0	0	0	90.7	67.0				
ODAPH	low	0	130	107	1	1	1	1	0	0	0	0	0		58.5				
OIT3	low	0	545	526	1	1	1	1	1	0	0	0	0	98.5	89.5		GP2	30.2	
OOSP1	low	0	123	102	1	1	1	0	1	0	0	0	0	64.7			OOSP2	22.7	
OR10A7	low	7	316	88	0	1	0	0	1	0	0	0	1	96.8			OR10A3	58.4	
OR10AC1	low	7	325	87	0	1	0	0	0	0	0	0	0						
OR10AD1	low	7	317	88	0	1	0	0	0	0	0	0	1				OR2T2	38.5	
OR10AG1	low	7	301	76	0	1	0	0	0	0	0	0	1				OR10H2	45.7	
OR10C1	low	7	312	79	0	1	0	1	0	0	0	0	1		85.9		OR10A3	49.4	
OR10D3	low	7	312	80	0	1	0	1	1	0	0	0	1	95.8	89.1		OR10G4	52.4	
OR10G2	low	7	310	81	0	1	0	0	1	0	0	0	1	93.9			OR10G3	61.7	
OR10G3	low	7	313	78	0	1	0	0	0	0	0	0	1				OR10G2	63.0	
OR10G6	low	7	332	87	1	1	0	1	0	0	0	0	1		85.2		OR10G3	55.2	
OR10G8	low	7	311	78	0	1	0	0	1	0	0	0	1	90.0			OR10G9	81.2	
OR10H3	low	7	316	83	0	1	0	0	0	0	0	0	1				OR10H4	81.8	
OR10H4	low	7	316	88	0	1	0	0	1	0	0	0	1	88.0			OR10H3	87.5	
OR10J1	low	7	320	90	0	1	0	0	0	0	0	0	1				OR10J5	60.0	
OR10J4	low	7	311	85	0	1	0	0	0	0	0	0	1				OR10J5	55.3	
OR10K1	low	7	313	89	0	1	0	1	0	0	0	0	1		78.3		OR10K2	85.4	
OR10K2	low	7	312	86	0	1	0	0	1	0	0	0	1	94.6			OR10K1	82.0	
OR10Q1	low	7	319	88	0	1	0	0	1	0	0	0	1	92.5			OR10V1	47.7	
OR10R2	low	7	335	87	1	1	0	0	1	0	0	0	1	94.8			OR10T2	52.9	
OR10T2	low	7	314	82	0	1	0	0	0	0	0	0	1				OR10R2	52.9	
OR10V1	low	7	309	83	0	1	0	1	0	0	0	0	1		90.0		OR10Q1	46.6	
OR10W1	low	7	305	71	0	1	0	0	1	0	0	0	0	93.8			OR10Q1	38.6	
OR10Z1	low	7	313	85	0	1	0	1	1	0	0	0	1	94.2	87.5		OR1L6	37.9	
OR11G2	low	7	345	118	0	1	0	0	0	0	0	0	1				OR11H6	42.4	
OR11H1	low	7	326	98	0	1	0	0	0	0	0	0	1				OR11H12	99.0	
OR11H12	low	7	326	97	0	1	0	0	0	0	0	0	1				OR11H1	98.0	
OR12D1	low	7	320	81	0	1	0	0	0	0	0	0	1				OR12D2	88.9	
OR12D2	low	7	307	80	0	1	0	0	0	0	0	0	1				OR12D1	87.7	
OR12D3	low	7	316	85	0	1	0	1	1	0	0	0	1	95.3	78.8		OR12D1	63.5	
OR13C2	low	7	318	93	0	1	0	0	0	0	0	0	1				OR13C5	97.8	
OR13C3	low	7	347	107	1	1	0	1	1	0	0	0	1	95.0	85.5		OR13C4	70.1	
OR13C4	low	7	318	91	0	1	0	0	1	0	0	0	1	94.0			OR13C3	70.1	
OR13C5	low	7	318	92	0	1	0	0	0	0	0	0	1				OR13C2	96.8	
OR13C8	low	7	320	88	0	1	0	1	1	0	0	0	1	94.4	78.8		OR2S2	54.8	
OR13C9	low	7	318	93	0	1	0	0	1	0	0	0	1	94.3			OR13C2	91.4	
OR13D1	low	7	346	114	0	1	0	1	0	0	0	0	1		85.7		OR13C2	42.1	
OR13F1	low	7	319	88	0	1	0	1	1	0	0	0	0	91.2	79.9		OR5T1	33.7	
OR13G1	low	7	307	81	0	1	0	1	1	0	0	0	1	96.7	84.7		OR4C45	54.3	
OR13H1	low	7	308	90	0	1	0	0	0	0	0	0	1				OR13C9	43.0	
OR13J1	low	7	312	84	0	1	0	1	1	0	0	0	1	88.1	82.1		OR13C9	51.6	
OR14C36	low	7	312	81	0	1	0	0	0	0	0	0	1				OR14I1	51.9	
OR14K1	low	7	314	78	0	1	0	0	1	0	0	0	1	92.4			OR14A16	51.2	
OR14L1	low	7	325	97	0	1	0	0	0	0	0	0	1				OR14A16	41.2	
OR1B1	low	7	317	88	0	1	0	1	1	0	0	0	1	90.2	86.8		OR1F1	40.9	
OR1C1	low	7	314	86	0	1	0	0	1	0	0	0	1	93.0			OR1F1	54.7	
OR1D5	low	7	312	84	0	1	0	0	0	0	0	0	1				OR1D2	75.9	
OR1J1	low	7	322	84	0	1	0	1	1	0	0	0	1	90.4	76.1		OR1J4	70.9	
OR1J2	low	7	313	91	0	1	0	0	0	0	0	0	1				OR1J4	72.5	
OR1J4	low	7	313	86	0	1	0	1	1	0	0	0	1	81.5	79.2		OR1J2	70.3	
OR1K1	low	7	316	85	0	1	0	0	0	0	0	0	1				OR1L4	49.4	
OR1L1	low	7	360	134	0	1	0	0	0	0	0	0	1				OR1L3	50.0	
OR1L3	low	7	324	83	0	1	0	0	0	0	0	0	1				OR1L1	50.0	
OR1L4	low	7	311	89	0	1	0	0	0	0	0	0	1				OR1L6	66.9	
OR1L6	low	7	347	124	0	1	0	0	0	0	0	0	1				OR1L4	66.1	
OR1L8	low	7	309	89	0	1	0	0	0	0	0	0	1				OR1L3	76.4	
OR1M1	low	7	313	94	0	1	0	1	1	0	0	0	1	93.9	85.3		OR7D2	50.0	
OR1N1	low	7	311	85	0	1	0	0	0	0	0	0	1				OR1F1	61.2	
OR1N2	low	7	316	91	0	1	0	1	0	0	0	0	1		88.3		OR1E2	54.9	
OR1Q1	low	7	314	87	0	1	0	1	1	0	0	0	1	93.3	79.9		OR1L1	35.8	
OR1R1	low	7	314	83	0	1	0	1	0	0	0	0	0		81.5		OR1F1	39.3	
OR1S1	low	7	325	100	0	1	0	0	0	0	0	0	1				OR1S2	89.0	
OR1S2	low	7	325	100	0	1	0	0	0	0	0	0	1				OR1S1	89.0	
OR2A1	low	7	310	84	0	1	0	0	0	0	0	0	1				OR2A42	100.0	
OR2A12	low	7	310	85	0	1	0	1	1	0	0	0	1	94.2	85.2		OR2A14	67.1	
OR2A14	low	7	310	82	0	1	0	0	1	0	0	0	1	91.3			OR2A2	74.1	
OR2A42	low	7	310	84	0	1	0	0	0	0	0	0	1						
OR2A5	low	7	311	84	0	1	0	1	0	0	0	0	1		86.5		OR2A42	78.6	
OR2AE1	low	7	323	89	0	1	0	0	1	0	0	0	1	87.9			OR2AJ1	57.3	
OR2AJ1	low	7	328	84	0	1	0	0	0	0	0	0	1				OR2M2	60.9	
OR2AK2	low	7	335	104	0	1	0	0	1	0	0	0	1	91.9			OR2L13	46.2	
OR2AP1	low	7	309	75	0	1	0	0	1	0	0	0	1	95.5			OR6C4	76.0	
OR2B2	low	7	357	87	0	1	0	0	1	0	0	0	1	81.0			OR2B6	77.0	
OR2B3	low	7	313	87	0	1	0	0	1	0	0	0	1	95.8			OR2B2	72.4	
OR2B8	low	7	312	84	0	1	0	0	0	0	0	0	0						
OR2C3	low	7	320	86	0	1	0	0	1	0	0	0	1	94.4			OR2J2	59.8	
OR2F1	low	7	317	83	0	1	0	0	1	0	0	0	1	91.5			OR2F2	91.6	
OR2F2	low	7	317	83	0	1	0	0	0	0	0	0	1				OR2F1	91.6	
OR2G2	low	7	317	90	0	1	0	0	0	0	0	0	1				OR2G3	65.6	
OR2G3	low	7	309	86	0	1	0	0	0	0	0	0	1				OR2G2	65.6	
OR2G6	low	7	316	92	0	1	0	0	1	0	0	0	1	86.7			OR2G2	67.4	
OR2J1	low	7	312	88	0	1	0	0	0	0	0	0	1				OR2J2	87.5	
OR2K2	low	7	316	85	0	1	0	1	1	0	0	0	1	95.9	86.4		OR13J1	54.1	
OR2L2	low	7	312	88	0	1	0	0	0	0	0	0	1				OR2L5	87.8	
OR2L3	low	7	312	89	0	1	0	0	0	0	0	0	1				OR2L8	94.4	
OR2L5	low	7	312	90	0	1	0	0	0	0	0	0	1				OR2L2	90.0	
OR2L8	low	7	312	90	0	1	0	0	0	0	0	0	1				OR2L3	95.6	
OR2M2	low	7	347	87	0	1	0	0	0	0	0	0	1				OR2M5	94.3	
OR2M5	low	7	312	85	0	1	0	0	0	0	0	0	1				OR2M3	95.3	
OR2S2	low	7	319	93	0	1	0	0	1	0	0	0	1	96.2			OR13C9	59.1	
OR2T10	low	7	312	94	0	1	0	0	1	0	0	0	1	93.3			OR2T35	62.8	
OR2T12	low	7	320	84	0	1	0	0	0	0	0	0	1				OR2T33	97.6	
OR2T2	low	7	324	91	0	1	0	0	0	0	0	0	1				OR2T35	100.0	
OR2T27	low	7	317	89	0	1	0	0	1	0	0	0	1	93.1			OR2T4	47.0	
OR2T3	low	7	318	88	0	1	0	0	0	0	0	0	1				OR2T34	98.9	
OR2T33	low	7	320	84	0	1	0	0	0	0	0	0	1				OR2T12	97.6	
OR2T35	low	7	323	87	0	1	0	0	0	0	0	1	1				OR2T2	95.6	1.0
OR2T5	low	7	315	89	0	1	0	0	0	0	0	0	1				OR2T29	97.8	
OR2T7	low	7	308	77	0	1	0	0	0	0	0	0	0						
OR2T8	low	7	312	84	0	1	0	0	0	0	0	0	1				OR2T33	92.9	
OR2V1	low	7	315	87	0	1	0	1	1	0	0	0	1	83.2	87.9		OR2V2	85.1	
OR2V2	low	7	315	86	0	1	0	1	0	0	0	0	1		82.5		OR2V1	83.9	
OR2Y1	low	7	311	88	0	1	0	0	1	0	0	0	1	96.5			OR2J2	58.0	
OR2Z1	low	7	314	85	0	1	0	0	0	0	0	0	1				OR2AJ1	57.6	
OR4A15	low	7	344	111	0	1	0	1	1	0	0	0	1	92.0	83.1		OR4C45	53.2	
OR4A16	low	7	328	81	0	1	0	0	0	0	0	0	1				OR4A5	67.9	
OR4A47	low	7	309	83	0	1	0	1	1	0	0	0	1	94.5	80.3		OR4A15	49.5	
OR4A5	low	7	315	80	0	1	0	0	1	0	0	0	1	84.8			OR4A16	67.9	
OR4C11	low	7	310	79	0	1	0	0	0	0	0	0	1				OR4C16	67.1	
OR4C12	low	7	309	84	0	1	0	0	0	0	0	0	1				OR4C13	69.0	
OR4C15	low	7	316	78	0	1	0	0	0	0	0	0	1				OR4C45	67.9	
OR4C16	low	7	310	78	0	1	0	0	0	0	0	0	1				OR4C11	64.6	
OR4C3	low	7	302	82	0	1	0	1	0	0	0	0	1		85.1		OR4A15	46.8	
OR4C46	low	7	309	84	0	1	0	0	0	0	0	0	1				OR4C13	82.1	
OR4C5	low	7	326	104	0	1	0	1	0	0	0	0	1		71.5		OR4C45	56.7	
OR4C6	low	7	309	74	0	1	0	0	0	0	0	0	1				OR4C45	68.0	
OR4D10	low	7	311	77	0	1	0	0	1	0	0	0	1	90.4			OR4D9	73.8	
OR4D6	low	7	314	78	0	1	0	1	1	0	0	0	1	93.3	88.2		OR4D9	68.8	
OR4D9	low	7	314	80	0	1	0	0	1	0	0	0	1	93.9			OR4D11	76.2	
OR4E1	low	7	315	87	0	1	0	0	1	0	0	0	1	96.5			OR4E2	56.3	
OR4F15	low	7	312	85	0	1	0	1	1	1	0	0	1	94.9	85.6	2.0	OR4F21	69.8	
OR4F16	low	7	312	85	0	1	0	0	0	0	0	0	1						
OR4F17	low	7	305	77	0	1	0	0	0	0	0	0	1				OR4F5	97.4	
OR4F21	low	7	312	86	0	1	0	0	0	0	0	0	1				OR4F3	100.0	
OR4F29	low	7	312	85	0	1	0	0	0	0	0	0	1						
OR4F3	low	7	312	85	0	1	0	0	0	0	0	0	1				OR4F16	100.0	
OR4F5	low	7	305	77	0	1	0	0	0	0	0	0	1				OR4F17	97.4	
OR4F6	low	7	312	81	0	1	0	1	1	1	0	0	1	95.2	84.9	2.0	OR4F3	68.2	
OR4K1	low	7	311	81	0	1	0	1	1	0	0	0	1	93.9	85.9		OR4K13	72.8	
OR4K13	low	7	304	77	0	1	0	0	1	0	0	0	1	96.1			OR4K15	71.2	
OR4K14	low	7	310	80	0	1	0	0	0	0	0	0	1				OR4K1	67.9	
OR4K17	low	7	312	78	0	1	0	0	1	0	0	0	1	96.2			OR4K15	63.7	
OR4K2	low	7	314	80	0	1	0	1	1	0	0	0	1	97.1	82.8		OR4K1	66.7	
OR4K3	low	7	315	77	0	1	0	0	0	0	0	0	1				OR4K15	70.0	
OR4K5	low	7	323	78	0	1	0	1	1	1	0	0	1	91.0	82.0	2.0	OR4K3	70.5	
OR4L1	low	7	312	78	0	1	0	0	0	0	0	0	1				OR4K13	60.3	
OR4M2	low	7	313	80	0	1	0	0	0	0	0	0	1				OR4M2B	98.8	
OR4M2B	low	7	313	77	0	1	0	0	0	0	0	0	1				OR4M2	95.0	
OR4N2	low	7	307	83	0	1	0	0	1	0	0	0	1	95.4			OR4N4	84.3	
OR4N5	low	7	308	78	0	1	0	1	1	0	0	0	1	91.2	86.4		OR4N4	83.3	
OR4P4	low	7	312	74	0	1	0	0	0	0	0	0	1				OR4S2	69.2	
OR4Q2	low	7	314	84	0	1	0	0	1	0	0	0	1	60.8			OR4S2	53.6	
OR4X1	low	7	305	80	0	1	0	0	0	0	0	0	1		64.9		OR4X2	57.5	
OR51A4	low	7	313	78	0	1	0	0	0	0	0	0	1				OR51A2	94.9	
OR51B2	low	7	312	77	0	1	0	0	0	0	0	0	1				OR51B5	62.5	
OR51B6	low	7	312	86	0	1	0	0	0	0	0	0	1				OR51B5	76.7	
OR51C1	low	7	312	79	0	1	0	1	1	0	0	0	1	89.1	83.0		OR51G2	56.6	
OR51F1	low	7	319	88	0	1	0	0	1	0	0	0	0	90.3			OR11A1	30.7	
OR51F2	low	7	342	95	0	1	0	1	1	0	0	0	1	83.9	79.1		OR51C1	50.5	
OR51G1	low	7	321	80	0	1	0	1	0	0	0	0	1		86.9		OR51B6	52.3	
OR51G2	low	7	314	83	0	1	0	1	1	0	0	0	1	93.9	90.8		OR51B6	54.7	
OR51I1	low	7	314	88	0	1	0	1	0	0	0	0	1		87.9		OR51I2	53.4	
OR51I2	low	7	312	85	0	1	0	1	1	0	0	0	1	94.9	89.1		OR51G2	56.5	
OR51L1	low	7	315	83	0	1	0	0	0	0	0	0	1		87.9		OR51B6	48.8	
OR51T1	low	7	327	81	0	1	0	1	1	0	0	0	1	95.7	78.3		OR51B5	39.5	
OR51V1	low	7	321	91	0	1	0	0	1	0	0	0	1	94.6			OR51B5	46.2	
OR52B4	low	7	314	83	0	1	0	1	0	0	0	0	1		84.1		OR52E1	53.0	
OR52D1	low	7	318	84	0	1	0	1	0	1	0	0	1		86.2	2.0	OR52E8	64.3	
OR52E1	low	7	308	82	0	1	0	0	0	0	0	0	1				OR52E8	79.3	
OR52E4	low	7	312	80	0	1	0	1	1	0	0	0	1	90.7	85.6		OR52E8	73.8	
OR52E5	low	7	327	76	0	1	0	1	0	1	0	0	1		82.9	2.0	OR52E8	76.9	
OR52E6	low	7	313	78	0	1	0	0	0	0	0	0	1				OR52E8	88.5	
OR52E8	low	7	313	78	0	1	0	0	0	0	0	0	1				OR52E6	88.5	
OR52H1	low	7	314	78	0	1	0	1	0	0	0	0	1		88.9		OR52E1	51.2	
OR52I1	low	7	324	92	0	1	0	0	0	0	0	0	1				OR52I2	75.4	
OR52I2	low	7	350	118	0	1	0	0	0	0	0	0	1				OR52I1	75.4	
OR52J3	low	7	311	81	0	1	0	1	0	0	0	0	1		82.3		OR52E5	61.7	
OR52K1	low	7	314	82	0	1	0	0	1	1	0	0	1	90.1		2.0	OR52K2	90.2	
OR52K2	low	7	314	82	0	1	0	1	1	0	0	0	1	86.0	87.9		OR52K1	90.2	
OR52L1	low	7	329	99	0	1	0	1	0	1	0	0	1		82.4	2.0	OR52R1	51.5	
OR52M1	low	7	317	86	0	1	0	1	1	0	0	0	1	93.7	90.2		OR52A5	55.7	
OR52N1	low	7	320	80	0	1	0	0	0	0	0	0	1		86.6		OR52N2	72.6	
OR52N2	low	7	321	84	0	1	0	0	0	1	0	0	1			2.0	OR52N1	75.0	
OR52N4	low	7	321	88	0	1	0	0	1	0	0	0	1	96.0			OR52N2	65.9	
OR52P1	low	7	321	83	0	1	0	0	0	1	0	0	1			2.0	OR52L1	46.5	
OR52R1	low	7	315	82	0	1	0	0	0	0	0	0	1				OR52L1	47.5	
OR56A1	low	7	318	82	0	1	0	0	0	1	0	0	1			2.0	OR56A4	71.8	
OR56A3	low	7	315	88	0	1	0	0	0	0	0	0	1				OR56A1	61.4	
OR56A5	low	7	313	87	0	1	0	0	0	0	0	0	1				OR56A4	86.2	
OR56B2	low	7	316	84	0	1	0	0	0	0	0	0	1				OR56B1	71.6	
OR56B4	low	7	319	87	0	1	0	0	0	0	0	0	1				OR56B1	69.3	
OR5AC2	low	7	309	87	0	1	0	0	0	0	0	0	1				OR5H2	65.5	
OR5AK2	low	7	309	87	0	1	0	0	0	0	0	0	1				OR5B21	50.6	
OR5AL1	low	7	329	104	0	1	0	0	0	0	0	0	1				OR8J2	51.0	
OR5AP2	low	7	316	90	0	1	0	1	1	0	0	0	1	95.6	85.8		OR5B21	58.9	
OR5AR1	low	7	310	83	0	1	0	1	0	0	0	0	1		92.6		OR5B21	60.5	
OR5AS1	low	7	324	87	0	1	0	1	0	1	0	1	1		78.1	2.0	OR5B21	59.8	1.0
OR5AU1	low	7	362	139	0	1	0	1	1	0	0	0	0	95.2	84.2		OR5F1	33.8	
OR5B17	low	7	314	83	0	1	0	0	0	0	0	0	1				OR5B3	73.5	
OR5B21	low	7	309	86	0	1	0	1	1	0	0	0	1	96.8	86.1		OR5B12	67.4	
OR5B3	low	7	314	82	0	1	0	0	0	0	0	1	1				OR5B2	82.1	1.0
OR5BS1	low	7	311	83	0	1	0	1	1	0	0	0	1	92.9	76.8		OR4C15	48.2	
OR5C1	low	7	320	89	0	1	0	1	0	0	0	0	1		85.0		OR5W2	54.9	
OR5D13	low	7	314	93	0	1	0	0	0	0	0	0	1				OR5D3	59.6	
OR5D16	low	7	328	86	0	1	0	1	0	0	0	0	1		77.7		OR5D18	76.9	
OR5D18	low	7	313	91	0	1	0	0	0	0	0	0	1				OR5D16	82.4	
OR5D3	low	7	323	104	0	1	0	0	1	0	0	0	1	95.7			OR5D13	61.5	
OR5F1	low	7	314	90	0	1	0	0	1	0	0	0	1	92.7			OR5AP2	62.2	
OR5H14	low	7	310	79	0	1	0	0	1	1	0	0	1	90.6		2.0	OR5H6	74.0	
OR5H2	low	7	309	79	0	1	0	0	1	0	0	0	1	95.1			OR5H1	75.9	
OR5H6	low	7	325	100	0	1	0	0	1	0	0	0	1	87.4			OR5H14	78.0	
OR5I1	low	7	314	87	0	1	0	1	0	0	0	0	1		90.1		OR5F1	58.9	
OR5J2	low	7	312	90	0	1	0	1	0	0	0	0	1		78.2		OR5F1	56.7	
OR5K2	low	7	316	83	0	1	0	0	1	0	0	0	1	94.0			OR5K1	91.6	
OR5K3	low	7	321	84	0	1	0	0	0	0	0	0	1				OR5K4	70.6	
OR5K4	low	7	321	85	0	1	0	0	0	1	0	0	1			2.0	OR5K1	75.3	
OR5L1	low	7	311	88	0	1	0	0	0	0	0	0	1				OR5L2	95.5	
OR5L2	low	7	311	88	0	1	0	0	0	0	0	0	1				OR5L1	95.5	
OR5M1	low	7	315	90	0	1	0	0	0	0	0	0	1				OR5M10	98.9	
OR5M10	low	7	315	90	0	1	0	0	0	0	0	0	1				OR5M1	98.9	
OR5M11	low	7	305	91	0	1	0	0	0	0	0	0	1				OR5M10	67.0	
OR5M8	low	7	311	92	0	1	0	1	0	0	0	0	1		84.6		OR5M3	73.1	
OR5M9	low	7	310	93	0	1	0	0	1	0	0	0	1	95.2			OR5M3	80.6	
OR5P2	low	7	322	88	0	1	0	0	0	0	0	0	1				OR5M10	55.6	
OR5T1	low	7	326	98	0	1	0	0	1	0	0	0	1	89.9			OR5T3	62.2	
OR5T2	low	7	359	123	0	1	0	0	0	0	0	0	1				OR5T1	50.4	
OR5T3	low	7	340	119	0	1	0	0	1	0	0	0	1	93.2			OR5T1	63.0	
OR5W2	low	7	310	91	0	1	0	0	1	0	0	0	1	95.2			OR5AP2	60.4	
OR6B1	low	7	311	87	0	1	0	1	1	0	0	0	1	96.5	92.6		OR6A2	55.7	
OR6B2	low	7	312	88	0	1	0	0	0	0	0	0	1				OR6B3	95.5	
OR6B3	low	7	331	87	0	1	0	0	1	0	0	0	1	88.5			OR6B2	94.3	
OR6C1	low	7	312	74	0	1	0	0	1	0	0	0	1	95.2			OR6C3	68.0	
OR6C2	low	7	312	74	0	1	0	0	1	0	0	0	1	95.8			OR6C68	68.8	
OR6C4	low	7	309	75	0	1	0	0	1	0	0	0	1	95.5			OR2AP1	76.0	
OR6C6	low	7	314	80	0	1	0	0	0	0	0	0	1				OR6C70	72.5	
OR6C65	low	7	312	74	0	1	0	0	0	0	0	0	1				OR6C76	68.8	
OR6C68	low	7	312	77	0	1	0	0	0	0	0	0	1				OR6C2	71.4	
OR6C70	low	7	312	74	0	1	0	0	0	0	0	0	1				OR6C6	67.5	
OR6C74	low	7	312	76	0	1	0	0	1	0	0	0	1	95.8			OR6C76	67.5	
OR6C75	low	7	312	75	0	1	0	0	1	0	0	0	1	95.2			OR6C76	66.2	
OR6C76	low	7	312	77	0	1	0	0	0	0	0	0	1				OR6C65	71.4	
OR6J1	low	7	347	79	0	1	0	0	0	0	0	0	1				OR6T1	51.9	
OR6K2	low	7	324	82	0	1	0	1	0	0	0	0	1		83.6		OR6K6	51.4	
OR6K3	low	7	331	94	0	1	0	1	1	0	0	0	1	95.2	77.1		OR6K6	55.2	
OR6K6	low	7	343	105	0	1	0	1	1	0	0	0	1	92.2	80.3		OR6K2	47.6	
OR6N1	low	7	312	82	0	1	0	1	1	0	0	0	1	94.6	88.5		OR6N2	65.9	
OR6N2	low	7	317	85	0	1	0	1	1	0	0	0	1	94.6	85.8		OR6N1	67.1	
OR6P1	low	7	317	86	0	1	0	0	0	0	0	0	1				OR6B3	52.9	
OR6Q1	low	7	317	88	0	1	0	0	1	0	0	0	1	94.6			OR8K3	46.6	
OR6S1	low	7	331	83	0	1	0	1	0	0	0	0	1		83.1		OR6J1	49.4	
OR6T1	low	7	323	74	0	1	0	0	1	0	0	0	1	91.0			OR6J1	50.6	
OR6V1	low	7	313	81	0	1	0	0	1	0	0	0	1	95.2			OR6C3	46.9	
OR6X1	low	7	312	73	0	1	0	1	1	0	0	0	1	92.3	85.3		OR6T1	39.2	
OR7A10	low	7	309	91	0	1	0	0	0	0	0	0	1				OR7A17	75.8	
OR7C2	low	7	319	91	0	1	0	1	1	0	0	0	1	90.6	71.8		OR7C1	78.0	
OR7G1	low	7	311	91	0	1	0	0	0	0	0	0	1				OR7G2	70.3	
OR7G2	low	7	324	91	0	1	0	0	0	0	0	0	1				OR7G1	70.3	
OR7G3	low	7	312	91	0	1	0	0	0	0	0	0	1				OR7G2	64.8	
OR8A1	low	7	326	102	0	1	0	0	1	0	0	0	1	96.1			OR8D4	52.9	
OR8B12	low	7	310	91	0	1	0	0	1	0	0	0	1	94.5			OR8B8	72.5	
OR8B2	low	7	313	87	0	1	0	0	0	0	0	0	1				OR8B3	97.7	
OR8B4	low	7	309	88	0	1	0	1	1	0	0	0	1	91.6	86.1		OR8B3	67.0	
OR8B8	low	7	311	88	0	1	0	1	1	0	0	0	1	95.5	85.9		OR8B12	70.3	
OR8D4	low	7	314	86	0	1	0	1	1	0	0	0	1	92.0	84.1		OR8A1	52.9	
OR8G1	low	7	311	88	0	1	0	0	0	0	0	0	1				OR8G5	58.7	
OR8G3	low	7	310	90	0	1	0	0	0	0	0	0	1				OR8G1	78.9	
OR8G5	low	7	346	121	0	1	0	0	1	0	0	0	1	92.9			OR8G1	57.0	
OR8H1	low	7	311	89	0	1	0	0	1	1	0	0	1	92.0		2.0	OR8H3	80.6	
OR8H2	low	7	312	97	0	1	0	0	0	0	0	0	1				OR8H3	90.8	
OR8H3	low	7	312	98	0	1	0	0	0	0	0	0	1				OR8H2	91.8	
OR8I2	low	7	310	90	0	1	0	1	1	0	0	0	1	92.3	85.2		OR8H3	50.0	
OR8J1	low	7	316	88	0	1	0	0	1	0	0	0	1	93.7			OR8J3	90.9	
OR8J2	low	7	315	86	0	1	0	0	0	0	0	0	1				OR8J1	81.8	
OR8J3	low	7	315	83	0	1	0	0	1	0	0	0	1	92.1			OR8J1	86.4	
OR8K1	low	7	319	91	0	1	0	1	1	0	0	0	1	96.9	79.9		OR8K3	58.2	
OR8K3	low	7	312	88	0	1	0	0	0	0	0	0	1				OR8K5	65.6	
OR8K5	low	7	307	93	0	1	0	0	0	0	0	0	1				OR8K3	68.8	
OR8S1	low	7	359	84	0	1	0	0	1	0	0	0	1	86.5			OR5BS1	47.6	
OR8U1	low	7	309	85	0	1	0	1	1	0	0	0	1	94.2	86.4		OR8J2	62.8	
OR8U3	low	7	324	92	0	1	0	1	0	0	0	0	1		80.6		OR8J2	63.0	
OR8U8	low	7	319	86	0	1	0	0	0	0	0	0	0						
OR8U9	low	7	309	87	0	1	0	0	0	0	0	0	0						
OR9A2	low	7	310	78	0	1	0	1	0	0	0	0	1		81.6		OR9A4	68.4	
OR9A4	low	7	314	79	0	1	0	1	1	0	0	0	1	79.6	84.4		OR9A2	65.8	
OR9G1	low	7	305	88	0	1	0	1	1	0	0	0	1	92.1	76.1		OR11H4	43.2	
OR9G4	low	7	327	101	0	1	0	1	1	0	0	0	1	95.8	87.2		OR5F1	47.5	
OR9H1	low	7	308	85	0	1	0	1	1	0	0	0	1	93.5	83.8		OR5AP2	54.4	
OR9I1	low	7	314	86	0	1	0	0	1	0	0	0	1	93.6			OR5B21	53.5	
OR9K2	low	7	335	107	0	1	0	0	0	0	0	0	0				OR8I2	37.4	
OR9Q1	low	7	310	88	0	1	0	1	1	0	0	0	1	91.9	82.3		OR9Q2	71.6	
OR9Q2	low	7	314	84	0	1	0	1	1	0	0	0	1	85.0	85.7		OR9Q1	67.0	
OSTM1	low	1	334	253	1	1	0	1	1	1	0	1	0	94.6	77.8	2.0			1.0
OVGP1	low	0	678	657	1	1	1	1	1	0	0	0	0	77.1	58.0		CHI3L1	26.9	
PANX2	low	4	677	86	0	0	0	1	0	0	1	0	0		92.3		PANX3	34.9	
PARM1	low	1	310	238	1	1	0	1	1	0	0	0	0	93.9	61.9				
PATE4	low	0	98	76	1	1	1	0	1	0	0	0	0	94.9			ACRV1	9.7	
PAWR	low	0	340	0	0	0	0	1	1	1	0	0	0	97.1	77.6	2.0			
PCDHA4	low	1	947	668	1	1	0	0	1	0	0	1	1	76.0			PCDHA7	85.2	4.0
PCMT1	low	0	227	0	0	0	0	0	0	0	0	0	0	99.1	94.7				
PCSK4	low	1	755	687	1	1	0	1	0	1	0	0	0		69.4	2.0	FURIN	57.0	
PDGFRL	low	0	375	354	1	1	1	1	1	0	0	0	0	97.3	89.3				
PDZD2	low	0	2839	0	0	0	0	1	1	0	0	0	0	94.3	68.7				
PEG10	low	0	708	0	0	0	0	0	0	0	0	0	0			2.0			
PFKL	low	0	780	0	0	0	0	1	1	1	0	0	0	98.7	94.1	2.0			
PGLYRP3	low	0	341	324	1	1	1	1	1	1	0	0	1	96.2	73.3	2.0	PGLYRP4	61.8	
PGRMC2	low	1	223	53	0	1	0	1	1	0	0	0	0	97.8	87.9		CYB5D2	1.7	
PI16	low	0	463	436	1	1	1	1	1	1	0	1	0	70.8	66.3	2.0			2.0
PI3	low	0	117	95	1	1	1	0	1	0	0	0	0	94.0			WFDC5	19.5	
PIP	low	0	146	118	1	1	1	0	1	1	0	0	0	75.3		2.0			
PKD1L2	low	11	2459	1632	1	1	0	1	1	0	1	1	0	75.6	63.6		PKD2L1	8.0	1.0
PKD2L2	low	6	624	293	0	0	0	1	1	1	1	0	1	90.5	81.2	4.0	PKD2	49.8	
PLA2G15	low	0	412	379	1	1	1	1	1	0	0	0	1	99.0	88.3		LCAT	44.7	
PLA2G1B	low	0	148	133	1	1	1	1	1	0	0	0	0	87.8	77.7		PLA2G2A	39.8	
PLA2G2A	low	0	144	124	1	1	1	0	1	0	0	0	1	91.7			PLA2G2E	55.6	
PLAA	low	0	795	0	0	0	0	1	1	0	0	0	0	98.9	94.1				
PLAAT4	low	0	164	0	0	0	0	0	1	0	0	0	0	64.0					
PLAC8L1	low	0	177	0	0	0	0	1	1	0	0	0	0	95.5	77.4	2.0			
PLAC9	low	0	97	75	1	1	1	1	0	0	0	0	0		72.2				
PLD2	low	0	933	0	0	0	0	1	1	0	0	0	0	97.2	90.0				
PLD3	low	1	490	431	0	0	1	1	1	0	0	0	1	88.6	93.3		PLD4	45.5	
PLP2	low	4	152	12	0	0	0	0	1	0	1	0	0	98.7			PLLP	13.3	
PLPP5	low	6	264	81	0	0	0	1	1	1	1	0	1	99.2	85.2	4.0	PLPP4	72.8	
PLSCR2	low	0	297	0	0	0	0	0	1	0	0	0	0	94.2					
PLSCR4	low	0	329	0	0	0	0	1	1	0	0	0	0	96.4	79.3				
PLSCR5	low	0	271	0	0	0	0	1	1	0	0	0	0	97.4	87.8				
PM20D1	low	0	502	477	1	1	1	1	1	1	0	0	0	88.6	71.5	2.0	CNDP1	22.5	
PNMA2	low	0	364	0	0	0	0	1	1	0	0	0	0	97.3	78.3				
PNMA3	low	0	463	0	0	0	0	1	1	0	0	0	0	98.7	74.3				
PON2	low	0	354	329	1	1	1	1	1	0	0	0	1	98.6	88.1		PON1	67.8	
POTEF	low	0	1075	0	0	0	0	0	0	0	0	0	0						
PPIB	low	0	216	183	1	1	1	1	1	0	0	0	1	100.0	94.0		PPIC	71.7	
PPP2R1A	low	0	589	0	0	0	0	1	1	0	0	0	0	100.0	99.8				
PRCP	low	0	496	475	1	1	1	1	1	1	0	0	1	97.8	77.0	2.0	DPP7	42.9	
PRDX4	low	0	271	234	1	1	1	1	1	1	0	0	1	85.2	89.7	2.0			
PRG2	low	0	222	206	1	1	1	1	1	0	0	0	1	89.2	59.9		PRG3	49.5	
PRG3	low	0	225	208	1	1	1	1	1	0	0	0	1	87.6	61.3		PRG2	49.5	
PROS1	low	0	676	652	1	1	1	1	1	0	0	0	0	95.9	79.6		SHBG	18.9	
PRR7	low	1	274	9	0	1	0	1	1	0	0	0	0	98.5	94.5		WBP1	5.5	
PRRT1B	low	1	263	5	0	0	1	1	1	0	0	0	0	91.6	66.5		PRRT2	0.0	
PRRT3	low	7	981	490	1	1	0	1	1	0	1	0	0	83.8	72.9				
PRRT4	low	7	899	394	1	1	0	1	0	0	1	0	0		85.2				
PRSS16	low	0	514	490	1	1	1	1	1	1	0	0	0	96.1	78.8	2.0	DPP7	30.4	
PRSS38	low	0	326	294	1	1	1	1	1	0	0	0	0	92.0	57.1		CTRL	33.3	
PRSS48	low	0	328	310	1	1	1	1	1	0	0	0	0	92.4	56.4		PRSS27	36.8	
PRSS57	low	0	283	252	1	1	1	1	1	0	0	0	1	87.6	68.8		GZMM	40.9	
PSENEN	low	3	101	25	0	0	1	1	0	0	0	0	0		96.0				
PSG1	low	0	419	385	1	1	1	0	0	0	0	0	1				PSG8	90.6	
PSG9	low	0	426	392	1	1	1	0	0	0	0	0	1				PSG6	84.3	
PSMB4	low	0	264	0	0	0	0	0	0	0	0	0	0	99.2	93.6				
PTCHD4	low	12	846	388	0	0	0	1	1	0	1	1	1	98.8	96.8		PTCHD1	46.7	2.0
PTMA	low	0	111	0	0	0	0	1	0	0	0	0	0		96.4				
PTP4A1	low	0	173	0	0	0	0	1	1	0	0	0	0	100.0	100.0				
PTTG1IP2	low	1	154	67	1	1	0	0	0	0	0	0	0				PTTG1IP	29.9	
PXDN	low	0	1479	1450	1	1	1	1	0	0	0	0	1		90.9		PXDNL	61.0	
PXDNL	low	0	1463	1440	1	1	1	0	1	0	0	0	1	92.2			PXDN	60.9	
QSOX2	low	1	698	608	1	1	0	1	1	0	0	1	0	95.1	68.8		QSOX1	37.5	2.0
RC3H2	low	0	1191	0	0	0	0	1	1	0	0	0	0	98.4	95.3				
REELD1	low	1	526	420	1	1	0	0	1	0	0	0	0	91.1			FRRS1	28.1	
REG4	low	0	158	136	1	1	1	1	1	0	0	0	0	91.8	65.8		REG1A	34.0	
REN	low	0	406	383	1	1	1	1	1	0	0	0	1	99.0	70.0		CTSD	43.1	
RHOXF2	low	0	288	0	0	0	0	0	0	0	0	0	0						
RNASE10	low	0	216	184	1	1	1	1	0	0	0	0	0		63.9		RNASE4	20.1	
RNASE9	low	0	205	179	1	1	1	0	0	0	0	0	0				RNASE12	22.9	
RNASEK	low	2	137	31	0	0	0	1	1	0	0	0	0	100.0	100.0				
RNASET2	low	0	256	232	1	1	1	0	1	0	0	0	0	96.1					
RNF144A	low	0	292	0	0	0	0	0	0	0	0	0	0	99.0	96.6				
RPN1	low	1	607	410	1	1	0	1	1	0	0	1	0	98.7	95.1				3.0
RPRML	low	1	120	69	0	1	0	1	0	0	0	0	0		90.0		RPRM	33.3	
RPS3	low	0	243	0	0	0	0	1	0	0	0	0	0		99.6				
RS1	low	0	224	203	1	1	1	1	1	0	0	0	0	100.0	96.0		DCBLD1	18.4	
RSPO4	low	0	234	217	1	1	1	1	1	0	0	0	1	95.7	82.1		RSPO2	43.2	
RTL5	low	0	569	0	0	0	0	0	0	0	0	0	0		69.4				
RTN4	low	4	1192	5	0	0	0	1	1	0	0	0	1	96.0	75.4		RTN1	80.0	
RXRB	low	0	533	0	0	0	0	1	1	1	0	0	0	99.4	94.6	2.0			
S100A1	low	0	94	0	0	0	0	1	1	0	0	0	0	100.0	93.6	2.0			
S100A12	low	0	92	0	0	0	0	0	1	1	0	0	0	87.0		2.0			
S100A13	low	0	98	0	0	0	0	1	0	1	0	0	0		82.7	2.0			
S100A4	low	0	101	0	0	0	0	1	1	1	0	0	0	100.0	93.1	2.0			
S100A6	low	0	90	0	0	0	0	1	0	1	0	0	0		95.6	2.0			
S100A9	low	0	114	0	0	0	0	0	1	1	0	0	0	88.6		2.0			
S100B	low	0	92	0	0	0	0	1	0	1	0	0	0		98.9	2.0			
SARAF	low	1	339	142	1	1	0	1	1	0	1	0	0	97.1	78.5	6.0			
SBSN	low	0	590	567	1	1	1	0	1	0	0	0	0	88.5					
SCAMP1	low	4	338	29	0	0	0	1	1	1	1	0	0	92.0	98.2	2.0	SCAMP3	34.5	
SCAMP2	low	4	329	29	0	0	0	1	0	1	0	0	0		88.8	2.0	SCAMP3	37.9	
SCAMP3	low	4	347	28	0	0	0	1	1	1	0	0	0	98.8	90.8	2.0	SCAMP2	37.9	
SCAMP4	low	4	229	34	0	0	0	1	1	1	1	0	1	96.5	83.4	2.0	SCAMP5	58.8	
SCAMP5	low	4	235	28	0	0	0	1	0	1	1	0	1		98.7	2.0	SCAMP4	44.1	
SCGB1D2	low	0	90	69	1	1	1	0	0	0	0	0	1			2.0	SCGB1D1	50.7	
SCGN	low	0	276	0	0	0	0	1	1	0	0	0	0	96.7	84.8				
SECTM1	low	1	248	119	1	1	0	0	0	0	0	1	0						1.0
SEL1L2	low	1	688	643	1	1	0	1	1	0	0	0	1	96.4	85.8		SEL1L	44.0	
SEMA5B	low	1	1151	976	1	1	0	1	1	0	1	1	1	90.0	88.9		SEMA5A	59.7	6.0
SERINC4	low	10	518	94	0	0	0	1	1	0	1	0	0	97.3	78.2		SERINC1	28.7	
SERPINA9	low	0	417	397	1	1	1	1	1	0	0	0	1	92.6	65.5		SERPINA7	50.9	
SERPINB3	low	0	390	390	0	1	1	0	0	0	0	0	1				SERPINB4	91.8	
SERPINE2	low	0	398	379	1	1	1	1	1	0	0	0	1	97.5	85.4		SERPINE1	41.4	
SERTM2	low	1	90	37	0	1	0	1	0	0	0	0	0		91.1				
SFTPB	low	0	381	358	1	1	1	1	1	0	0	0	0	82.7	70.9		PSAPL1	22.0	
SH3BGRL3	low	0	93	0	0	0	0	1	1	0	0	0	0	100.0	95.7				
SHISA4	low	1	197	64	1	1	0	1	1	0	0	1	0	98.0	91.9		SHISA2	32.1	1.0
SHISA8	low	1	397	102	1	1	0	1	1	0	0	0	1	73.6	80.9		SHISA9	46.9	
SHISAL2B	low	1	160	67	0	1	0	1	1	0	0	0	1	74.4	83.8		SHISAL2A	58.2	
SIDT2	low	11	832	362	1	1	0	1	1	1	0	0	1	94.1	95.4	2.0	SIDT1	52.3	
SIGLECL1	low	1	197	107	1	1	0	1	1	1	0	1	0	94.9	57.9	2.0	SIGLEC1	3.2	1.0
SIGMAR1	low	1	223	1	1	1	0	1	1	1	1	0	0	99.6	90.1	3.0			
SIRPD	low	0	197	168	1	1	1	0	0	0	0	0	0				SIRPA	22.4	
SLC15A4	low	12	577	135	0	0	0	1	1	0	1	0	1	96.9	86.3		SLC15A3	42.4	
SLC17A8	low	12	589	92	0	0	0	1	1	0	0	1	1	98.0	92.5		SLC17A7	82.8	1.0
SLC22A14	low	12	594	148	0	0	0	1	1	0	0	0	0	87.2	59.1		SLC22A8	31.1	
SLC22A23	low	12	686	168	0	0	0	1	1	0	1	0	0	98.7	91.8		SLC22A31	26.2	
SLC22A25	low	12	547	150	0	0	0	0	0	0	0	0	1				SLC22A9	78.7	
SLC22A31	low	12	556	118	0	0	0	0	1	0	1	0	0	81.2			SLC22A4	32.1	
SLC23A3	low	14	610	117	0	0	0	1	1	1	1	0	0	96.6	78.2	2.0	SLC23A1	26.0	
SLC27A3	low	1	683	4	0	1	0	1	1	0	1	0	1	91.7	83.7		SLC27A6	25.0	
SLC27A4	low	2	643	3	0	0	0	1	1	0	1	0	1	98.0	92.2		SLC27A1	66.7	
SLC29A3	low	11	475	89	0	0	1	1	1	0	1	0	0	95.2	74.1		SLC29A1	29.3	
SLC30A5	low	16	765	128	0	0	0	1	1	1	1	0	0	99.3	94.8	2.0	SLC30A4	14.8	
SLC31A2	low	3	143	24	0	1	0	1	1	1	0	0	0	84.6	74.8	3.0	SLC31A1	10.0	
SLC33A2	low	12	412	70	0	0	0	1	1	0	0	0	0	69.2	77.9		SLC33A1	12.9	
SLC36A4	low	11	504	113	0	0	1	1	1	0	1	0	1	97.8	88.3		SLC36A1	44.2	
SLC38A11	low	10	406	113	0	1	1	1	1	0	0	0	0	98.1	79.9		SLC38A9	22.2	
SLC39A11	low	6	342	26	0	1	1	1	1	1	0	0	0	98.5	90.4	2.0			
SLC41A3	low	11	507	99	0	0	1	1	1	0	1	0	0	97.3	76.0		SLC41A1	24.2	
SLC45A4	low	12	768	80	0	0	0	1	1	0	1	0	1	95.9	81.7		SLC45A1	53.8	
SLC48A1	low	4	146	16	0	0	0	0	1	0	1	0	0	99.3					
SLC49A3	low	12	560	85	0	0	0	1	1	1	1	0	0	84.3	63.0	2.0	SLC49A4	18.8	
SLC50A1	low	7	221	29	0	1	0	1	1	0	1	0	0	99.1	79.6				
SLC71A1	low	12	490	82	0	0	0	1	1	0	0	0	1	99.8	99.8		SLC71A2	59.8	
SLC9A6	low	13	701	137	1	1	0	1	1	1	0	0	1	99.3	94.1	2.0	SLC9A7	60.7	
SLC9A7	low	13	725	140	1	1	0	1	1	1	0	0	1	99.4	95.3	2.0	SLC9A6	62.1	
SLCO1B3-SLCO1B7	low	12	687	253	0	0	0	0	0	0	0	0	0						
SMCO1	low	0	214	0	0	0	0	1	1	0	0	0	0	87.4	75.7				
SMCO2	low	1	343	42	0	0	1	0	1	0	0	0	1	89.2			TMCO5A	43.2	
SMCO4	low	1	59	8	0	0	1	1	0	0	0	0	0		96.6				
SMIM10L2B	low	0	78	0	0	0	0	0	0	0	0	0	0						
SMIM10L3	low	0	68	48	1	1	1	0	0	0	0	0	1				SMIM10	65.4	
SMIM23	low	0	172	119	1	1	1	0	1	0	0	0	0	73.3					
SMIM24	low	1	130	10	1	1	0	1	1	0	0	0	0	84.6	56.2		PDZK1IP1	23.1	
SMIM31	low	1	71	9	0	1	0	1	1	0	0	0	0	97.2	62.0				
SMIM34	low	1	139	48	0	1	0	1	1	0	0	0	0	95.7	56.8				
SMIM35	low	1	85	9	0	1	0	1	1	0	0	0	0	97.6	88.2				
SMIM36	low	1	93	13	0	1	0	0	0	0	0	0	0						
SMIM43	low	0	63	31	1	1	1	1	0	0	0	0	0		92.1				
SMIM9	low	1	99	46	1	1	0	0	0	0	0	0	0						
SNCA	low	0	140	0	0	0	0	1	1	0	0	0	0	75.7	95.0				
SND1	low	0	910	0	0	0	0	1	1	0	0	0	0	99.6	97.4				
SNN	low	1	88	11	0	1	0	1	1	0	0	0	0	100.0	97.7				
SOFU1	low	0	122	94	1	1	1	0	0	0	0	0	0						
SPA17	low	0	151	0	0	0	0	1	1	1	0	0	0	87.4	71.5	2.0			
SPACA5	low	0	159	138	1	1	1	0	0	0	0	0	1				SPACA5B	100.0	
SPACA5B	low	0	159	138	1	1	1	0	0	0	0	0	1						
SPAG11B	low	0	103	78	1	1	1	0	0	0	0	0	1				SPAG11A	76.5	
SPATA31C2	low	1	1134	24	0	1	0	0	0	0	0	0	1				SPATA31C1	100.0	
SPATA31F1	low	1	1335	12	0	1	0	0	1	0	0	0	1	89.8			SPATA31F3	78.6	
SPATA46	low	0	261	0	0	0	0	1	1	0	0	0	0	93.1	62.8				
SPATA9	low	0	254	0	0	0	0	1	1	0	0	0	0	96.9	78.3				
SPEM1	low	1	309	28	0	1	0	1	1	0	0	0	0	90.0	68.0				
SPEM3	low	1	1196	26	0	1	0	0	0	0	0	0	0						
SPHK2	low	0	654	0	0	0	0	0	0	0	0	0	0	81.0	78.1				
SPINK13	low	0	94	71	1	1	1	1	0	0	0	0	0		52.1		SPINK14	37.0	
SPINK8	low	0	97	76	1	1	1	1	1	0	0	0	0	91.8	55.7		SPINK7	30.3	
SPINT3	low	0	89	65	1	1	1	0	1	0	0	0	0	86.5					
SRPX2	low	0	465	442	1	1	1	1	0	0	0	0	1		93.8		SRPX	45.9	
SSMEM1	low	1	244	37	0	1	0	1	1	0	0	0	0	93.9	67.6				
STOML2	low	0	356	0	0	0	0	1	1	1	0	0	0	98.9	93.8	2.0			
STOML3	low	2	291	1	0	0	0	1	1	1	0	0	1	97.3	91.4	2.0	NPHS2	0.0	
STS	low	2	583	512	1	1	1	0	1	0	0	0	1	96.7			ARSL	56.2	
STUM	low	4	141	2	0	0	0	1	1	0	0	0	0	93.6	89.4				
STYK1	low	1	422	26	0	1	0	1	1	0	0	0	1	93.6	78.0				
SUSD1	low	1	747	695	1	1	0	1	1	0	1	1	0	91.2	74.0				7.0
SUSD5	low	1	629	539	1	1	0	1	1	0	0	1	0	90.0	68.4				1.0
SV2A	low	12	742	172	0	0	0	1	1	0	1	0	1	99.6	98.9		SV2B	62.4	
SVEP1	low	0	3571	3552	1	1	1	1	1	0	0	0	0	94.0	81.8		SUSD6	4.0	
SYP	low	4	313	102	0	0	0	1	1	0	1	0	1	99.0	95.2		SYNPR	61.8	
SYT15	low	1	421	5	0	1	0	0	0	0	1	0	1				SYT9	3.8	
SYT7	low	1	403	16	0	1	0	1	1	0	0	0	1	87.8	98.0		SYT5	27.6	
TAF15	low	0	592	0	0	0	0	0	0	0	0	0	0	74.2	89.0				
TCAF1	low	0	921	921	0	1	1	1	1	0	0	0	1	99.0	90.2		TCAF2	64.7	
TCP11	low	0	503	0	0	0	0	1	1	0	0	0	0	96.2	71.2				
TEDDM1	low	6	273	54	0	0	0	0	1	0	0	0	0	94.5			TMEM45B	22.2	
TEX29	low	1	151	56	0	1	0	0	1	0	0	0	0	80.8					
TEX46	low	1	121	1	1	1	0	0	1	0	1	0	0	94.2					
TEX50	low	1	177	51	1	1	0	1	1	0	0	0	0	90.4	59.3				
TEX51	low	0	166	151	1	1	1	0	1	0	0	0	0	84.9					
TFAM	low	0	246	0	0	0	0	0	0	0	0	0	0	86.2	61.4				
TGFB3	low	0	412	389	1	1	1	1	1	0	0	0	1	99.8	97.6		TGFB2	57.4	
TGFBI	low	0	683	660	1	1	1	1	1	1	0	0	0	98.5	90.6	2.0	POSTN	37.5	
TGM1	low	0	817	0	0	0	0	1	1	0	0	0	0	98.0	90.5				
THSD7B	low	1	1606	1521	1	1	0	1	1	0	0	1	1	96.1	85.7		THSD7A	50.5	8.0
TIMP3	low	0	211	188	1	1	1	1	1	0	0	0	1	100.0	96.2		TIMP4	48.7	
TINAGL1	low	0	467	446	1	1	1	1	1	0	0	0	1	93.8	88.9		TINAG	47.5	
TLCD2	low	7	264	36	0	1	0	1	0	0	0	0	0		72.0		TLCD3A	16.0	
TLCD3A	low	7	257	50	0	1	0	1	1	0	0	0	1	95.7	73.2		TLCD3B	46.0	
TLR7	low	1	1049	813	1	1	0	1	1	0	0	1	1	97.9	80.8		LRRC3B	8.4	1.0
TLR8	low	1	1041	802	1	1	0	1	1	0	0	1	1	96.4	71.0		LRRC3	9.9	2.0
TLR9	low	1	1032	788	1	1	0	1	1	1	0	1	0	96.0	75.2	2.0	LRRC55	13.5	1.0
TM2D1	low	2	207	124	1	1	1	1	1	0	0	0	0	92.8	85.0		TM2D3	21.6	
TM2D2	low	2	214	129	1	1	1	1	1	0	0	0	0	99.1	90.2		TM2D3	21.6	
TM4SF20	low	4	229	95	0	0	0	1	1	0	0	0	0	90.4	74.7		TM4SF1	21.1	
TMC3	low	10	1100	249	0	0	0	1	1	0	0	0	1	96.7	81.5		TMC7	25.7	
TMC5	low	10	1006	159	0	0	0	1	1	0	0	0	0	93.7	72.8		TMC6	39.1	
TMC7	low	10	723	209	0	0	0	1	1	1	0	1	0	95.3	91.0	2.0	TMC4	39.2	1.0
TMDD1	low	1	317	194	1	1	0	0	0	0	0	0	0						
TMED10	low	1	219	154	1	1	0	1	1	0	1	0	0	98.2	92.7		TMED4	32.1	
TMEM101	low	8	257	71	0	0	0	1	1	0	0	0	0	99.2	98.1				
TMEM108	low	1	575	442	1	1	0	1	1	0	1	0	0	94.3	76.9				
TMEM117	low	8	514	155	0	0	0	1	1	0	0	0	0	99.8	95.9				
TMEM120A	low	6	343	28	0	0	0	1	0	1	1	0	1		94.8	2.0	TMEM120B	57.1	
TMEM132C	low	1	1108	890	1	1	0	1	1	0	0	1	1	58.8	78.1		TMEM132D	61.7	4.0
TMEM139	low	2	216	6	0	0	0	1	0	0	0	0	0		56.5				
TMEM140	low	4	185	67	0	0	0	1	1	1	0	0	0	80.5	62.2	2.0			
TMEM150B	low	6	233	45	0	0	0	1	1	1	0	0	0	96.1	71.2	2.0	TMEM150A	33.3	
TMEM156	low	1	296	194	1	1	0	0	1	0	0	0	0	93.9					
TMEM161B	low	9	487	148	0	1	0	1	0	0	1	0	0		95.1		TMEM161A	37.8	
TMEM169	low	4	297	2	0	0	0	1	1	0	0	0	0	97.0	87.9				
TMEM170B	low	3	132	56	0	1	0	1	1	0	0	0	1	100.0	97.7		TMEM170A	47.0	
TMEM174	low	2	243	12	0	0	0	1	1	0	0	0	0	95.5	81.5				
TMEM176A	low	4	235	73	0	0	0	1	1	0	0	0	0	65.1	55.3		TMEM176B	28.8	
TMEM176B	low	4	270	72	0	0	0	1	1	1	0	0	0	91.1	51.9	2.0	TMEM176A	26.0	
TMEM179B	low	4	219	78	0	0	0	1	1	0	0	0	0	95.4	80.4				
TMEM190	low	1	177	61	1	1	0	1	1	0	0	0	0	91.5	63.8				
TMEM191C	low	1	302	41	0	0	1	0	1	0	0	0	1	91.4			TMEM191B	100.0	
TMEM192	low	4	271	38	0	0	0	1	1	0	0	0	0	97.4	77.5	2.0			
TMEM198	low	7	360	80	0	1	0	0	0	0	0	0	0	98.9	97.8				
TMEM200A	low	2	491	42	0	0	0	1	1	0	0	0	0	98.2	90.6		TMEM200C	17.6	
TMEM200B	low	2	307	39	0	0	0	1	1	0	0	0	0	88.6	84.4		TMEM200C	19.8	
TMEM200C	low	2	621	91	0	0	0	1	0	0	0	0	0				TMEM200B	20.9	
TMEM202	low	4	273	57	0	0	0	0	0	0	0	0	0				CLDND2	21.1	
TMEM210	low	1	147	14	1	1	0	1	1	0	0	0	0	91.8	69.4				
TMEM212	low	4	194	57	0	0	0	1	1	0	0	0	0	94.8	74.2		MS4A5	19.3	
TMEM217	low	4	229	47	0	0	0	0	1	0	0	0	0	80.6			TMEM217B	21.3	
TMEM218	low	3	115	31	0	1	0	1	1	0	0	0	0	96.5	80.9				
TMEM234	low	4	164	47	0	1	1	1	0	0	1	0	0		85.0	2.0			
TMEM240	low	2	173	60	0	0	0	1	1	0	0	0	0	91.9	97.7				
TMEM243	low	3	118	12	0	0	1	1	1	0	0	0	0	99.2	97.5	2.0			
TMEM255A	low	4	349	112	0	0	0	1	1	0	1	0	0	99.4	97.5				
TMEM260	low	11	707	451	0	0	1	1	1	0	1	0	0	98.2	82.3				
TMEM263	low	0	116	0	0	0	0	1	0	0	0	0	0		96.6				
TMEM267	low	6	215	54	0	0	0	1	0	0	0	0	0		78.6				
TMEM268	low	2	342	7	0	0	0	1	1	0	0	0	0	98.0	87.4				
TMEM273	low	1	105	10	1	1	0	1	1	0	0	0	0	87.6	51.9				
TMEM278	low	2	163	27	0	0	0	1	0	0	0	0	0		74.8				
TMEM31	low	0	168	0	0	0	0	0	1	0	0	0	0	91.7					
TMEM45A	low	7	275	52	0	1	0	0	1	1	0	0	1	86.2		4.0	TMEM45B	49.1	
TMEM52	low	1	209	23	1	1	0	1	0	0	0	0	0		67.9				
TMEM54	low	4	222	67	0	0	0	1	1	0	0	0	1	88.3	74.8		KRTCAP3	49.3	
TMEM59	low	1	323	204	1	1	0	1	1	0	0	0	0	98.8	94.1		TMEM59L	32.1	
TMEM62	low	5	643	429	1	1	0	1	1	0	0	1	0	97.7	83.2				2.0
TMEM63C	low	11	806	143	0	1	0	1	1	0	0	0	1	98.3	83.5		TMEM63B	53.1	
TMEM74	low	2	305	33	0	0	0	1	1	0	0	0	1	97.4	77.0		TMEM74B	72.7	
TMEM80	low	4	143	18	0	0	0	1	1	0	0	0	0	90.2	62.9		TMEM216	33.3	
TMEM82	low	9	343	58	0	1	0	1	1	0	0	0	0	89.5	79.6				
TMEM88	low	2	159	28	0	0	0	1	1	0	0	0	0	97.5	88.7				
TMEM92	low	1	159	29	1	1	0	0	1	0	0	0	0	91.8					
TMIGD3	low	1	266	212	0	1	0	0	1	0	1	0	0	94.8			CD300LF	21.2	
TMPPE	low	5	453	305	0	0	1	1	1	0	1	0	0	98.0	84.8				
TMX2	low	4	296	27	0	0	0	1	1	0	1	0	0	98.3	92.6				
TNFAIP6	low	0	277	260	1	1	1	1	1	0	0	0	0	97.1	90.3		STAB1	3.7	
TNFRSF6B	low	0	300	271	1	1	1	0	0	0	0	0	0				RELT	29.5	
TNFSF13	low	1	250	201	0	0	1	1	1	1	1	0	0	89.6	79.6	3.0	TNFSF13B	31.2	
TNMD	low	1	317	268	0	0	1	1	1	0	1	0	0	99.4	96.2		CNMD	39.6	
TP53I13	low	1	393	283	1	1	0	1	1	0	0	1	0	70.7	70.2				2.0
TPBGL	low	1	382	281	1	1	0	1	0	0	0	1	0		85.6		SLIT3	6.4	1.0
TPP1	low	0	563	544	1	1	1	1	1	0	0	0	0	98.0	88.3				
TPRG1L	low	0	272	0	0	0	0	1	1	0	0	0	0	98.5	90.8				
TPSAB1	low	0	275	257	1	1	1	0	0	0	0	0	1				TPSB2	98.8	
TPSB2	low	0	275	257	1	1	1	0	0	0	0	0	1				TPSAB1	98.8	
TPT1	low	0	172	0	0	0	0	0	0	0	0	0	0						
TPTE	low	4	551	28	0	0	0	0	0	0	1	0	1				TPTE2	96.4	
TRO	low	0	1431	0	0	0	0	0	1	0	0	0	0	94.4					
TSKU	low	0	353	339	1	1	1	1	1	0	0	0	0	96.9	84.7		LRRC32	23.1	
TSPAN19	low	4	248	124	0	0	0	0	0	0	0	0	0				CD53	25.8	
TSPAN32	low	4	320	107	0	0	0	1	0	0	1	0	0		50.6		CD37	21.5	
TSPEAR	low	0	669	652	1	1	1	1	1	0	0	0	0	82.8	81.9				
TUB	low	0	506	0	0	0	0	1	1	0	0	0	0	96.6	95.5				
TXN	low	0	105	0	0	0	0	1	0	0	0	0	0		87.6				
TYR	low	1	529	455	1	1	0	1	1	0	1	0	1	96.0	86.4		TYRP1	43.7	
UAP1	low	0	522	0	0	0	0	1	1	1	0	0	0	83.5	93.5	2.0			
UGT1A8	low	1	530	460	1	1	0	0	0	1	1	0	0			2.0	UGT1A7	95.2	
UMODL1	low	1	1318	1251	1	1	0	1	1	0	0	1	0	91.0	62.5		TECTB	9.4	6.0
UNC5CL	low	1	518	12	0	1	0	1	1	0	0	0	0	95.8	84.0		UNC5B	1.7	
UPK3BL1	low	1	263	171	1	1	0	0	0	0	0	1	1				UPK3BL2	100.0	1.0
UPK3BL2	low	1	263	171	1	1	0	0	0	0	0	0	1				UPK3BL1	100.0	
VAMP5	low	1	116	25	0	0	1	1	1	0	0	0	0	83.6	63.8		VAMP4	8.0	
VAMP8	low	1	100	4	0	0	1	1	1	0	0	0	0	100.0	87.0		VAMP7	13.3	
VAPA	low	1	249	1	0	0	1	1	1	1	0	0	1	99.6	97.2	2.0	VAPB	50.0	
VAPB	low	1	243	2	0	0	1	1	1	0	1	0	1	100.0	90.1	2.0	VAPA	50.0	
VDAC1	low	0	283	61	1	0	0	1	0	0	0	0	1		98.6				
VEGFB	low	0	207	188	1	1	1	1	1	1	0	0	0	86.0	62.3	2.0	VEGFC	16.5	
VN1R2	low	7	395	144	0	1	0	0	0	0	0	0	0				VN1R4	19.4	
VN1R3	low	7	311	56	0	1	0	0	0	0	0	0	0						
VN1R5	low	7	357	162	0	1	0	0	0	0	0	0	0				VN1R4	19.1	
VPREB3	low	0	123	100	1	1	1	1	1	0	0	0	0	96.7	66.7		VPREB1	36.5	
VSIG10L2	low	1	767	675	1	1	0	1	1	0	0	0	0	92.6	72.8				
VSTM2B	low	0	285	257	1	1	1	1	1	0	0	0	0	96.1	89.5		F11R	24.5	
VSTM4	low	1	320	155	1	1	0	1	1	0	1	1	0	96.9	87.5		IGSF3	4.6	1.0
VWDE	low	0	1590	1570	1	1	1	0	1	0	0	0	0	88.4			EFEMP2	9.9	
VWF	low	0	2813	2791	1	1	1	1	1	0	0	0	0	96.1	83.4		VWC2L	3.7	
VXN	low	0	207	0	0	0	0	1	0	0	0	0	0		82.6				
WARS1	low	0	471	0	0	0	0	1	1	1	0	0	0	96.8	90.2	2.0			
WBP1L	low	1	342	41	0	1	0	1	1	0	0	0	0	98.9	88.4		WBP1	38.2	
WFDC11	low	0	87	62	1	1	1	0	1	0	0	0	0	88.5			WFDC9	36.4	
WFDC3	low	0	231	207	1	1	1	0	1	0	0	0	0	96.1			WFDC12	17.9	
WLS	low	8	541	257	0	0	0	0	0	0	0	0	0	93.0	96.1				
WNT7A	low	0	349	318	1	1	1	1	1	0	0	0	1	99.7	99.4		WNT7B	80.2	
WNT7B	low	0	349	323	1	1	1	1	1	0	0	0	1	83.4	74.5		WNT7A	81.7	
XKR5	low	12	686	38	0	0	0	1	1	0	1	0	0	93.1	65.5		XKR4	28.2	
XKR7	low	12	579	40	0	0	0	1	1	0	0	0	1	92.6	91.0		XKR4	37.5	
XRCC6	low	0	609	0	0	0	0	1	1	1	0	0	0	99.0	83.1	2.0			
YARS1	low	0	528	0	0	0	0	1	1	1	0	0	0	92.8	96.6	2.0			
YBX1	low	0	324	0	0	0	0	1	0	0	0	0	0		98.1				
ZDHHC20	low	4	365	30	0	0	0	1	1	0	1	0	1	80.8	91.8		ZDHHC2	56.7	
ZG16B	low	0	172	156	1	1	1	0	0	0	0	0	0						
ZPBP2	low	0	338	318	1	1	1	1	1	1	0	0	0	91.1	70.4	5.0	ZPBP	37.1	
ZPLD1	low	1	415	353	1	1	0	1	1	0	0	1	0	98.1	91.6		UMOD	19.3	2.0
ZZEF1	low	0	2961	0	0	0	0	0	0	0	0	0	0		90.9				
AADACL4	no	1	407	4	0	1	0	0	0	0	0	0	0				AADACL3	25.0	
AATK	no	1	1374	31	0	1	0	0	0	0	1	0	0		69.8		LMTK3	22.6	
ABCA12	no	12	2595	1380	0	0	0	1	1	0	1	1	0	97.8	89.6		ABCA13	13.5	3.0
ABCA5	no	14	1642	398	0	0	0	1	1	0	1	0	0	98.5	90.1		ABCA13	3.5	
ABCA9	no	12	1624	423	0	0	0	1	1	0	1	1	1	96.1	78.6		ABCA8	57.0	1.0
ABCB9	no	10	766	84	0	0	0	1	1	1	1	0	0	99.0	93.7	2.0	TAP1	36.9	
ABCC12	no	12	1359	88	0	0	0	1	1	0	1	0	0	97.0	85.3		ABCC11	36.4	
ABHD12	no	1	398	306	0	0	1	1	1	0	0	0	1	96.5	93.2		ABHD16A	22.9	
ABHD3	no	0	409	0	0	0	0	1	1	0	1	0	0	98.3	92.4				
ABI3BP	no	0	1068	1047	1	1	1	1	1	0	0	0	0	95.8	68.9		FNDC1	37.2	
ABRA	no	0	381	0	0	0	0	1	1	0	0	0	0	96.9	78.7				
ACAA2	no	0	397	0	0	0	0	0	0	0	0	0	0	97.2	87.9	2.0			
ACTN1	no	0	892	0	0	0	0	1	1	0	0	0	0	87.2	96.8				
ACTRT1	no	0	376	0	0	0	0	1	1	0	0	0	0	95.5	70.5				
ACY3	no	0	319	0	0	0	0	1	1	1	0	0	0	95.0	68.7	2.0			
ADA2	no	0	511	484	1	1	1	0	1	1	0	0	0	93.7		2.0			
ADAMTS1	no	0	967	918	1	1	1	1	1	0	0	0	1	98.9	82.1		ADAMTS4	45.3	
ADAMTS14	no	0	1223	1202	1	1	1	1	1	0	0	0	1	96.6	81.4		ADAMTS3	56.5	
ADAMTS15	no	0	950	933	1	1	1	1	1	0	0	0	1	97.5	93.1		ADAMTS1	51.6	
ADAMTS18	no	0	1221	1176	1	1	1	1	1	0	0	0	1	97.9	88.8		ADAMTS16	57.2	
ADAMTS19	no	0	1213	1188	1	1	1	1	1	0	0	0	1	81.5	87.1		ADAMTS17	51.8	
ADAMTS3	no	0	1205	1187	1	1	1	1	1	0	0	0	1	98.5	88.2		ADAMTS2	58.0	
ADAMTS6	no	0	1117	1098	1	1	1	1	1	0	0	0	1	99.6	96.0		ADAMTS10	60.7	
ADAMTS7	no	0	1686	1661	1	1	1	1	1	0	0	0	1	83.6	72.2		ADAMTS12	47.2	
ADAMTSL3	no	0	1691	1665	1	1	1	1	1	0	0	0	1	95.2	85.4		ADAMTSL1	44.8	
ADAMTSL4	no	0	1074	1050	1	1	1	1	1	0	0	0	0	97.3	76.1		ADAMTSL5	18.7	
ADAP1	no	0	374	0	0	0	0	1	1	0	0	0	0	85.6	93.9				
ADAP2	no	0	381	0	0	0	0	1	0	0	0	0	0		84.5				
ADD2	no	0	726	0	0	0	0	1	1	1	0	0	0	99.6	92.6	4.0			
ADISSP	no	0	174	0	0	0	0	1	1	0	0	0	0	85.1	90.2				
ADM5	no	0	153	135	1	1	1	0	0	0	0	0	0						
AEBP1	no	0	1158	1133	1	1	1	1	1	0	0	0	0	82.6	82.6		CPXM2	37.3	
AFAP1L2	no	0	818	0	0	0	0	1	0	0	0	0	0		83.5				
AGGF1	no	0	714	0	0	0	0	0	0	0	0	0	0	96.2	77.7	2.0			
AGMO	no	9	445	76	0	1	0	1	1	0	0	0	0	91.2	83.4				
AGR3	no	0	166	143	1	1	1	1	1	0	0	0	1	96.4	91.0	2.0	AGR2	65.2	
AHCYL1	no	0	530	0	0	0	0	1	1	1	0	0	0	100.0	100.0	2.0			
AIFM2	no	0	373	0	0	0	0	1	1	0	0	0	0	98.9	90.3				
AIG1	no	6	238	54	0	0	0	1	1	0	1	0	0	93.3	95.4		ADTRP	38.9	
AJM1	no	0	976	0	0	0	0	1	0	0	0	0	0		86.8				
AK1	no	0	194	0	0	0	0	0	0	0	0	0	0	97.9	87.6				
AKAP19	no	0	95	0	0	0	0	1	1	0	0	0	0	96.8	56.8				
AKAP7	no	0	104	0	0	0	0	1	1	0	0	0	0	81.6	71.0				
AKR1A1	no	0	325	0	0	0	0	1	1	0	0	0	0	99.4	93.2				
AKR1B15	no	0	316	0	0	0	0	0	0	0	0	0	0						
ALDOC	no	0	364	0	0	0	0	0	0	0	0	0	0	99.7	97.5	2.0			
ALG10B	no	13	473	137	0	0	1	0	0	0	0	0	1				ALG10	82.1	
ALKAL1	no	0	129	102	1	1	1	1	1	0	0	0	0	94.6	67.4				
ALKAL2	no	0	152	130	1	1	1	0	0	0	0	0	0						
ALOX5AP	no	4	161	51	0	1	1	1	1	1	0	0	0	98.1	91.9	3.0	MGST2	23.5	
ALPK2	no	0	2170	0	0	0	0	1	1	0	0	0	0	90.6	55.6				
AMBP	no	0	352	333	1	1	1	1	1	0	0	0	0	88.1	75.3		SPINT4	11.4	
AMOTL2	no	0	779	0	0	0	0	1	1	1	0	0	0	98.2	88.7	2.0			
AMPH	no	0	695	0	0	0	0	1	1	1	0	0	0	97.6	80.7	2.0			
AMTN	no	0	209	193	1	1	1	1	1	0	0	0	0	92.3	60.3				
ANGPTL1	no	0	491	470	1	1	1	1	1	0	0	0	1	99.4	92.9		ANGPTL2	60.9	
ANGPTL7	no	0	346	320	1	1	1	1	1	0	0	0	0	98.0	85.8		TNXB	3.3	
ANGPTL8	no	0	198	177	1	1	1	1	0	1	0	0	0		72.7	2.0			
ANK2	no	0	3957	0	0	0	0	1	1	0	0	0	0	96.4	83.8				
ANK3	no	0	4377	0	0	0	0	0	0	0	0	0	0						
ANKFN1	no	0	1146	0	0	0	0	1	1	0	0	0	0	96.8	90.0				
ANKIB1	no	0	1089	0	0	0	0	1	1	0	0	0	0	99.2	93.3				
ANKRD13A	no	0	590	0	0	0	0	1	1	0	0	0	0	98.5	90.5				
ANKRD13B	no	0	626	0	0	0	0	1	1	0	0	0	0	99.5	97.0				
ANKRD20A1	no	0	823	0	0	0	0	0	0	0	0	0	0						
ANKRD30BL	no	0	258	0	0	0	0	0	1	0	0	0	0	93.0					
ANKRD35	no	0	1001	0	0	0	0	1	1	1	0	0	0	94.7	82.2	2.0			
ANXA7	no	0	488	0	0	0	0	1	1	0	0	0	0	98.7	92.1				
ANXA8L1	no	0	327	0	0	0	0	0	0	0	0	0	0						
AP2M1	no	0	435	0	0	0	0	1	1	0	0	0	0	100.0	100.0				
APBA1	no	0	837	0	0	0	0	0	0	0	0	0	0		93.7				
APC	no	0	2843	0	0	0	0	1	1	0	0	0	0	97.7	90.6				
APOL6	no	0	343	0	0	0	0	0	0	0	0	0	0	79.0					
APOM	no	0	188	166	1	1	1	1	1	0	0	0	0	58.5	80.9				
AQP12A	no	6	295	80	0	0	0	0	0	0	0	0	1				AQP12B	100.0	
ARAP1	no	0	1450	0	0	0	0	1	1	0	0	0	0	97.4	90.5				
ARC	no	0	396	0	0	0	0	0	0	0	0	0	0		92.9				
ARF5	no	0	180	0	0	0	0	1	1	0	0	0	0	100.0	100.0				
ARHGAP18	no	0	663	0	0	0	0	1	1	0	0	0	0	97.0	84.8				
ARHGAP36	no	0	547	0	0	0	0	1	1	0	0	0	0	93.1	79.0				
ARHGAP45	no	0	1136	0	0	0	0	1	1	0	0	0	0	92.2	79.9				
ARHGEF18	no	0	1361	0	0	0	0	1	0	0	0	0	0		75.2				
ARID3A	no	0	593	0	0	0	0	0	0	0	0	0	0	89.0	79.9				
ARK2C	no	0	346	0	0	0	0	1	1	0	0	0	0	88.2	98.8				
ARL13A	no	0	290	0	0	0	0	0	1	0	0	0	0	94.5					
ARL15	no	0	204	0	0	0	0	1	1	0	0	0	0	99.0	97.1				
ARMCX5	no	0	558	0	0	0	0	1	1	0	0	0	0	95.2	60.9				
ARRDC1	no	0	433	0	0	0	0	1	1	0	0	0	0	90.1	85.2				
ARRDC4	no	0	418	0	0	0	0	1	1	0	0	0	0	85.4	86.1				
ARRDC5	no	0	328	0	0	0	0	1	1	0	0	0	0	92.4	69.5				
ARSD	no	2	593	515	1	1	1	0	1	0	0	0	1	88.5			ARSL	66.8	
ARSJ	no	0	599	552	1	1	1	1	1	0	0	0	1	98.5	89.8		ARSI	59.8	
ART5	no	0	291	269	1	1	1	1	1	0	0	0	0	90.7	79.4		ART3	30.6	
ASIP	no	0	132	110	1	1	1	1	0	0	0	0	0		78.0		AGRP	33.9	
ASPHD1	no	0	390	0	0	0	0	1	1	0	0	0	0	85.4	81.8				
ASPHD2	no	0	369	0	0	0	0	1	1	0	0	0	0	98.9	87.3				
ATAD1	no	1	361	15	0	1	0	1	1	0	0	0	1	100.0	100.0				
ATP13A1	no	12	1204	80	0	0	0	1	1	0	1	0	0	66.7	94.9		ATP13A2	20.0	
ATP13A3	no	12	1226	105	0	0	0	1	1	0	1	0	0	97.7	89.2		ATP2A3	17.1	
ATP13A5	no	12	1218	83	0	0	0	1	1	0	0	0	0	95.5	82.9		ATP2B3	14.7	
ATP1B4	no	1	357	223	0	0	1	1	1	0	0	0	1	98.6	88.2		ATP1B2	41.9	
ATP6V1A	no	0	617	0	0	0	0	0	0	0	0	0	0		98.1				
ATP6V1B2	no	0	511	0	0	0	0	1	1	0	0	0	0	90.2	99.0				
ATP6V1E1	no	0	226	0	0	0	0	1	1	0	0	0	0	98.7	98.7				
ATP7B	no	8	1465	73	0	0	0	1	1	0	1	0	1	96.5	82.6		ATP7A	45.4	
ATP8A2	no	10	1188	84	0	0	0	1	1	0	1	0	1	94.2	91.4		ATP8A1	59.5	
AURKA	no	0	403	0	0	0	0	1	1	0	0	0	0	97.5	82.1				
AVEN	no	0	362	0	0	0	0	1	1	0	0	0	0	92.8	68.0				
AVPI1	no	0	147	0	0	0	0	1	1	0	0	0	0	95.2	73.5				
AZGP1	no	0	298	278	1	1	1	1	1	0	0	0	0	86.2	59.4		HLA-B	39.2	
B4GALNT2	no	1	566	474	0	0	1	1	1	0	1	0	1	94.3	73.5	2.0	B4GALNT1	42.7	
BAG6	no	0	1132	0	0	0	0	0	0	0	0	0	0	96.1	91.6				
BAIAP2	no	0	552	0	0	0	0	1	1	1	0	0	0	98.7	95.9	2.0			
BAIAP3	no	0	1187	0	0	0	0	0	0	0	0	0	0	89.7	88.9				
BCHE	no	0	602	574	1	1	1	1	1	1	0	0	1	95.5	79.6	2.0	ACHE	52.7	
BIN2	no	0	565	0	0	0	0	1	1	1	0	0	0	89.6	64.4	2.0			
BLCAP	no	1	87	2	1	1	0	1	1	0	0	0	0	100.0	100.0				
BLTP1	no	1	5005	26	0	1	0	1	1	0	0	0	0	98.7	95.0				
BLTP2	no	1	2235	1	0	1	0	1	1	0	1	0	0	92.6	94.5				
BLVRB	no	0	206	0	0	0	0	1	1	0	0	0	0	85.9	93.2				
BMP10	no	0	424	403	1	1	1	1	1	1	0	0	1	97.9	85.1	2.0	GDF2	44.5	
BMP8A	no	0	402	383	1	1	1	0	0	0	0	0	1			2.0	BMP8B	99.0	
BMPER	no	0	685	646	1	1	1	1	1	0	0	0	0	98.7	92.7		CRIM1	22.3	
BMX	no	0	675	0	0	0	0	1	1	0	0	0	0	97.0	87.6				
BPI	no	0	487	457	1	1	1	1	1	0	0	0	1	89.0	53.6		LBP	45.3	
BPIFA3	no	0	254	233	1	1	1	1	1	0	0	0	0	90.6	61.0		BPIFB1	16.8	
BPIFB2	no	0	458	438	1	1	1	1	1	1	0	0	0	96.5	68.1	2.0	BPIFA3	16.9	
BPIFB6	no	0	453	435	1	1	1	1	1	0	0	0	0	92.3	71.7		BPIFB4	23.6	
BPIFC	no	0	507	484	1	1	1	1	1	0	0	0	0	95.9	71.2		BPIFA2	15.1	
BRINP2	no	0	783	750	1	1	1	1	1	0	0	0	1	99.6	94.8		BRINP3	71.2	
BRK1	no	0	75	0	0	0	0	1	1	0	0	0	0	100.0	98.7				
BTD	no	0	523	502	1	1	1	1	1	0	0	0	1	96.4	84.3		VNN1	42.4	
C11orf24	no	1	449	381	1	1	0	0	1	0	0	0	0				MANSC4	18.6	
C16orf89	no	0	402	382	1	1	1	1	1	0	0	0	0						
C17orf99	no	0	265	245	1	1	1	0	1	0	0	0	0				FCRL5	9.9	
C1QL1	no	0	258	243	1	1	1	1	1	0	0	0	1	98.8	98.4	3.0	C1QL3	74.9	
C1QL4	no	0	238	223	1	1	1	1	1	1	0	0	1	86.6	96.6	3.0	C1QL1	71.6	
C1QTNF12	no	0	302	277	1	1	1	1	0	1	0	0	0		70.9	3.0	ERFE	37.4	
C1QTNF2	no	0	285	270	1	1	1	1	0	1	0	0	1		94.4	3.0	C1QTNF7	59.7	
C1QTNF3	no	0	246	224	1	1	1	1	1	1	0	0	0	76.5	93.1	3.0	COL8A2	15.0	
C1QTNF6	no	0	278	232	1	1	1	1	1	1	0	0	1	91.0	63.7	3.0	C1QTNF1	48.0	
C1QTNF7	no	0	289	273	1	1	1	1	1	1	0	0	1	99.0	96.5	3.0	C1QTNF2	59.7	
C1QTNF8	no	0	252	235	1	1	1	0	0	1	0	0	1			3.0	C1QTNF6	51.9	
C1QTNF9	no	0	333	314	1	1	1	0	0	0	0	0	1			3.0	C1QTNF9B	97.5	
C1QTNF9B	no	0	333	314	1	1	1	0	0	1	0	0	1			3.0	C1QTNF9	97.5	
C1R	no	0	705	688	1	1	1	0	0	0	0	0	0				C1RL	36.5	
C1RL	no	0	487	447	1	1	1	1	1	0	0	0	0	93.8	72.9		C1R	36.5	
C1S	no	0	688	673	1	1	1	0	1	0	0	0	0	93.8			C1R	39.7	
C1orf115	no	0	142	0	0	0	0	0	0	0	0	0	0						
C1orf116	no	0	601	0	0	0	0	1	1	0	0	0	0						
C1orf54	no	0	131	115	1	1	1	1	1	0	0	0	0						
C2CD2L	no	1	706	9	0	1	0	1	1	0	0	0	0	98.0	90.9		C2CD2	14.3	
C2CD4A	no	0	369	0	0	0	0	0	0	0	0	0	0				SYT12	0.0	
C2CD4B	no	0	364	0	0	0	0	0	0	0	0	0	0				SYT12	0.0	
C2CD5	no	0	1000	0	0	0	0	1	1	0	0	0	0	94.8	92.3				
C2orf74	no	1	187	9	0	1	0	1	1	0	0	0	0						
C4A	no	0	1744	1725	1	1	1	0	0	0	0	0	1				C4B	99.4	
C5	no	0	1676	1658	1	1	1	0	1	0	0	0	0	96.1			C3	29.3	
C5orf46	no	0	87	64	1	1	1	1	1	0	0	0	0						
C6	no	0	934	913	1	1	1	1	1	0	0	0	0	95.9	75.2		SUSD6	11.1	
C6orf120	no	0	191	162	1	1	1	1	1	0	0	0	0						
C6orf89	no	1	347	268	0	0	1	1	1	0	1	0	0						
C7	no	0	843	821	1	1	1	1	1	0	0	0	0	92.3	73.9		SUSD6	11.8	
C8A	no	0	584	564	1	1	1	1	1	0	0	0	0	94.7	72.6		SUSD6	14.2	
C9orf85	no	0	179	0	0	0	0	0	0	0	0	0	0						
CABP7	no	1	215	9	0	0	1	1	0	0	0	0	1		100.0		CALN1	77.8	
CASD1	no	15	797	377	0	0	1	1	1	0	0	0	0	99.4	94.9				
CATIP	no	0	387	0	0	0	0	1	1	0	0	0	0	96.4	71.8				
CATSPERZ	no	0	200	0	0	0	0	0	1	0	0	0	0	93.5					
CAVIN2	no	0	425	0	0	0	0	1	1	1	0	0	0	96.0	82.8	4.0			
CAVIN3	no	0	261	0	0	0	0	1	0	1	0	0	0		81.2	2.0			
CAVIN4	no	0	364	0	0	0	0	1	1	1	0	0	0	92.9	82.1	4.0			
CBLN3	no	0	205	173	1	1	1	1	1	1	0	0	1	99.5	88.8	3.0	CBLN1	61.3	
CBX3	no	0	183	0	0	0	0	0	0	0	0	0	0			2.0			
CCBE1	no	0	406	372	1	1	1	1	1	0	0	0	0	98.0	89.9				
CCDC107	no	1	283	40	1	1	0	1	1	0	1	0	0	70.0	54.8				
CCDC124	no	0	223	0	0	0	0	1	1	0	0	0	0	99.6	87.0				
CCDC136	no	1	1154	4	0	0	1	1	1	0	0	0	0	95.1	69.6		SLMAP	25.0	
CCDC144A	no	1	1427	7	0	0	1	0	0	0	1	0	0						
CCDC154	no	0	667	0	0	0	0	1	1	0	0	0	0	62.5	63.3				
CCDC167	no	1	97	1	0	0	1	1	0	0	0	0	0		79.4				
CCDC24	no	0	307	0	0	0	0	1	1	0	0	0	0	95.1	64.2				
CCDC3	no	0	270	249	1	1	1	1	1	1	0	0	0	86.7	90.4	2.0			
CCDC54	no	0	328	0	0	0	0	0	0	0	0	0	0	93.0	64.6	2.0			
CCDC69	no	0	296	0	0	0	0	0	1	1	0	0	0	96.3		2.0			
CCDC81	no	0	652	0	0	0	0	1	1	0	0	0	0	95.9	79.0				
CCDC85C	no	0	419	0	0	0	0	1	0	1	0	0	0		93.6	2.0			
CCDC97	no	0	343	0	0	0	0	1	1	0	0	0	0	99.1	82.8				
CCL21	no	0	134	111	1	1	1	0	1	0	0	0	0	92.5			CCL16	28.8	
CCL27	no	0	112	88	1	1	1	0	0	0	0	0	0				CCL28	30.5	
CCL5	no	0	91	68	1	1	1	1	0	0	0	0	1		80.2		CCL4	50.7	
CCN5	no	0	250	227	1	1	1	1	1	0	0	0	0	95.6	73.2		CCN2	35.0	
CCN6	no	0	354	331	1	1	1	1	1	0	0	0	1	97.5	78.2		CCN4	43.5	
CCNY	no	0	341	0	0	0	0	0	0	0	0	0	0	100.0	98.2				
CCNYL1	no	0	359	0	0	0	0	1	1	0	0	0	0	99.2	92.8				
CCNYL1B	no	0	285	0	0	0	0	0	0	0	0	0	0						
CCPG1	no	1	757	522	0	0	1	1	1	1	0	0	0	93.7	70.0	2.0			
CCT5	no	0	541	0	0	0	0	0	0	0	0	0	0	100.0	96.3	9.0			
CCT7	no	0	543	0	0	0	0	0	0	0	0	0	0	99.8	96.1	9.0			
CD1E	no	1	388	288	1	1	0	0	1	0	1	1	1	89.2			CD1B	59.4	2.0
CDC37	no	0	378	0	0	0	0	0	0	0	0	0	0	96.8	95.2				
CDC42EP1	no	0	391	0	0	0	0	1	1	0	0	0	0	59.8	74.7				
CDIPT	no	6	213	21	0	0	0	1	1	1	1	0	0	99.1	96.2	2.0			
CDK14	no	0	469	0	0	0	0	1	1	0	0	0	0	99.8	98.5				
CDK16	no	0	496	0	0	0	0	1	0	0	0	0	0		97.6				
CDRT15	no	0	188	0	0	0	0	0	0	0	0	0	0						
CDV3	no	0	258	0	0	0	0	1	1	0	0	0	0	98.4	84.1				
CELA1	no	0	258	246	1	1	1	1	1	0	0	0	1	92.6	83.7		CELA2A	56.1	
CEND1	no	1	149	124	0	1	0	1	0	0	0	0	0		78.5				
CENPF	no	0	3114	0	0	0	0	0	0	0	0	0	0	94.4	64.1				
CFAP126	no	0	177	0	0	0	0	1	1	0	0	0	0	96.6	74.0				
CFAP299	no	0	233	0	0	0	0	1	1	0	0	0	0	95.3	84.5				
CFAP65	no	0	1925	0	0	0	0	1	1	0	0	0	0	95.4	69.0				
CFB	no	0	764	739	1	1	1	1	1	0	0	0	1	94.5	82.3		SUSD6	12.0	
CFHR5	no	0	569	551	1	1	1	0	0	0	0	0	0				CFHR4	37.0	
CFLAR	no	0	480	0	0	0	0	1	1	1	0	0	0	95.8	65.8	2.0			
CGAS	no	0	522	0	0	0	0	1	1	0	0	0	0	83.3	54.8				
CGB1	no	0	187	137	1	1	1	0	0	0	0	0	1				CGB3	94.5	
CGB2	no	0	163	145	1	1	1	0	0	0	0	0	1				CGB3	99.3	
CGN	no	0	1203	0	0	0	0	1	0	0	0	0	0		86.2				
CHIA	no	0	476	455	1	1	1	0	1	0	0	0	1	87.6			CHIT1	52.7	
CHIC2	no	0	165	0	0	0	0	1	1	0	0	0	0	100.0	99.4				
CHID1	no	0	393	374	1	1	1	1	1	0	0	0	0	99.2	89.8		OVGP1	15.1	
CHLSN	no	0	194	0	0	0	0	1	1	0	0	0	0	89.7	61.3				
CHMP2B	no	0	213	0	0	0	0	0	0	0	0	0	0	98.6	99.5	2.0			
CHMP5	no	0	219	0	0	0	0	0	0	0	0	0	0	100.0	98.6				
CHODL	no	1	273	198	1	1	0	1	1	0	1	1	1	98.9	85.3		LAYN	52.6	1.0
CHP2	no	0	196	0	0	0	0	1	1	0	0	0	0	99.0	81.1				
CHRDL1	no	0	456	429	1	1	1	1	1	0	0	0	0	99.6	88.4		FCGBP	3.9	
CIB1	no	0	191	0	0	0	0	1	1	0	0	0	0	92.1	93.7				
CIB3	no	0	187	0	0	0	0	1	1	0	0	0	0	98.4	94.1				
CIMIP2C	no	0	201	0	0	0	0	1	1	0	0	0	0	96.0	68.2				
CIMIP6	no	0	287	0	0	0	0	1	1	0	0	0	0	74.6	55.1				
CIP2A	no	0	905	0	0	0	0	1	1	1	0	0	0	99.0	86.7	2.0			
CIRBP	no	0	172	0	0	0	0	0	0	0	0	0	0	97.3	54.2				
CLDND2	no	4	167	43	0	0	0	1	1	0	0	0	0	97.6	70.1		GSG1L2	15.7	
CLEC18B	no	0	455	429	1	1	1	0	0	0	0	0	1				CLEC18C	97.0	
CLEC18C	no	0	446	420	1	1	1	0	0	0	0	0	1				CLEC18A	99.3	
CLEC19A	no	0	186	167	1	1	1	0	0	1	0	0	0			2.0	REG3A	32.9	
CLEC3B	no	0	202	181	1	1	1	1	1	0	0	0	1	97.0	79.2	3.0	CLEC3A	46.4	
CLMB	no	0	76	0	0	0	0	1	0	0	0	0	0		73.7				
CLPSL2	no	0	100	78	1	1	1	1	0	0	0	0	0		53.0		LRCOL1	20.4	
CLU	no	0	449	427	1	1	1	1	1	0	0	0	0	95.1	76.4		CLUL1	25.6	
CMA1	no	0	247	228	1	1	1	1	1	0	0	0	1	81.4	74.1		GZMB	52.8	
CMTM3	no	4	182	14	0	0	0	1	1	0	1	0	1	98.4	88.5		CMTM5	42.9	
CNFN	no	0	112	0	0	0	0	1	1	1	0	0	0	100.0	96.4	2.0			
CNKSR1	no	0	720	0	0	0	0	1	0	0	0	0	0		75.6				
CNKSR3	no	0	555	0	0	0	0	1	1	0	0	0	0	98.7	92.1				
CNPY4	no	0	248	227	1	1	1	1	1	0	0	0	1	95.2	82.3		CNPY3	43.2	
CNST	no	1	725	40	0	0	1	1	1	1	1	0	0	93.1	68.1	2.0			
COBLL1	no	0	1128	0	0	0	0	1	1	0	0	0	0	94.9	68.8				
COL18A1	no	0	1754	1731	1	1	1	1	0	0	0	0	0		76.8		COL23A1	17.2	
COL26A1	no	0	441	421	1	1	1	1	1	1	0	0	1	96.1	88.0	2.0	COL7A1	7.8	
COL5A3	no	0	1745	1716	1	1	1	1	1	0	0	0	1	64.0	82.6		COL5A1	57.7	
COL6A5	no	0	2615	2597	1	1	1	1	1	0	0	0	1	93.7	73.4		COL6A6	47.4	
COLEC10	no	0	277	250	1	1	1	1	1	0	0	0	1	98.6	88.8		COLEC11	48.8	
COMT	no	1	271	7	0	1	0	1	1	0	1	0	1	92.3	76.4				
CP	no	0	1065	1046	1	1	1	1	1	0	0	0	1	96.7	82.6		HEPHL1	50.4	
CPA4	no	0	421	405	1	1	1	1	1	0	0	0	1	94.1	83.8		CPA2	63.2	
CPN2	no	0	545	524	1	1	1	1	1	0	0	0	0	93.0	67.3		LRG1	24.2	
CPNE7	no	0	633	0	0	0	0	1	1	0	0	0	0	96.8	89.1				
CPNE9	no	0	553	0	0	0	0	1	1	1	0	0	0	99.8	98.6	2.0			
CPPED1	no	0	314	0	0	0	0	1	1	0	0	0	0	94.9	79.3				
CPQ	no	0	472	452	1	1	1	1	1	1	0	0	0	98.1	87.7	2.0			
CPXM1	no	0	734	714	1	1	1	1	1	0	0	0	1	97.0	84.7		CPXM2	52.5	
CPXM2	no	0	756	731	1	1	1	1	1	0	0	0	1	97.5	89.2		AEBP1	37.3	
CRACR2A	no	0	731	0	0	0	0	1	1	1	0	0	0	96.4	80.4	2.0			
CRCP	no	0	148	0	0	0	0	1	0	0	0	0	0		88.5				
CREB3	no	1	371	125	0	0	1	1	1	0	1	0	0	91.9	67.1	2.0	CREB3L4	22.4	
CREG2	no	0	290	259	1	1	1	1	1	1	0	0	0	92.8	82.8	2.0	CREG1	28.6	
CRELD1	no	2	420	348	1	1	1	1	1	0	1	0	1	83.1	91.4		CRELD2	46.8	
CRELD2	no	0	353	329	1	1	1	1	1	0	0	0	1	89.8	74.8		CRELD1	47.1	
CRLF1	no	1	422	326	1	1	0	1	1	0	0	0	0	86.7	95.0		PRLR	31.9	
CRLF3	no	0	442	0	0	0	0	0	0	0	0	0	0	97.1	93.0	2.0			
CSE1L	no	0	971	0	0	0	0	0	0	0	0	0	0	100.0	99.1				
CSNK1G2	no	0	415	0	0	0	0	1	0	0	0	0	0		78.1				
CT47A12	no	0	288	0	0	0	0	0	0	0	0	0	0						
CT47A2	no	0	288	0	0	0	0	0	0	0	0	0	0						
CT47A4	no	0	288	0	0	0	0	0	0	0	0	0	0						
CT47A7	no	0	288	0	0	0	0	0	0	0	0	0	0						
CT47A9	no	0	288	0	0	0	0	0	0	0	0	0	0						
CTNNA1	no	0	906	0	0	0	0	1	0	0	0	0	0		99.4				
CTNNB1	no	0	781	0	0	0	0	1	1	0	0	0	0	99.7	99.9				
CTNND1	no	0	968	0	0	0	0	1	1	0	0	0	0	99.8	97.4				
CTNND2	no	0	1225	0	0	0	0	1	1	0	0	0	0	72.2	96.7				
CTTN	no	0	550	0	0	0	0	1	1	0	0	0	0	98.4	92.2				
CTXN2	no	1	81	28	0	1	0	1	1	0	0	0	0	100.0	95.1		CTXN3	35.7	
CUTA	no	0	179	0	0	0	0	1	1	1	0	0	0	97.8	89.4	3.0			
CXCL9	no	0	125	103	1	1	1	1	1	0	0	0	0	92.0	69.6		CXCL2	34.0	
CYB561D1	no	6	229	36	0	0	0	1	1	0	1	0	1	93.9	90.4		CYB561D2	44.4	
CYB5D2	no	0	264	236	1	1	1	1	1	0	0	0	0	95.8	80.3		PGRMC2	22.0	
CYB5R3	no	0	301	0	0	0	0	0	0	0	0	0	0	91.4	87.4				
CYP19A1	no	1	503	1	1	1	0	1	1	0	0	0	0	97.6	79.3		CYP4F22	0.0	
CYP2D6	no	1	497	5	0	1	0	0	1	0	0	0	1	82.5			CYP2C19	20.0	
CYP2E1	no	1	493	1	1	1	0	1	1	0	0	0	1	92.3	78.1		CYP2F1	100.0	
CYP46A1	no	1	500	1	1	1	0	1	1	0	1	0	0	99.2	94.8				
CYSRT1	no	0	144	0	0	0	0	1	1	0	0	0	0	93.1	76.4				
CYTH1	no	0	398	0	0	0	0	1	1	0	0	0	0	98.7	97.0				
CYYR1	no	1	154	34	1	1	0	1	0	0	1	0	0		82.6				
DAB2	no	0	770	0	0	0	0	1	1	0	0	0	0	97.4	83.5				
DAGLB	no	4	672	28	0	0	0	1	1	0	1	0	0	98.2	78.7		DAGLA	16.7	
DAO	no	0	347	0	0	0	0	1	1	0	0	0	0	94.2	80.4	2.0			
DAPP1	no	0	280	0	0	0	0	1	1	0	0	0	0	98.6	93.2	2.0			
DARS2	no	0	645	0	0	0	0	0	0	0	0	0	0	96.6	85.4	2.0			
DBH	no	0	617	578	1	1	1	1	1	1	0	0	0	87.5	79.9	2.0	MOXD1	32.6	
DBI	no	0	87	0	0	0	0	0	0	0	0	0	0						
DBNL	no	0	430	0	0	0	0	1	1	0	0	0	0	96.7	86.0				
DDT	no	0	118	0	0	0	0	0	1	1	0	0	0	89.0		3.0			
DDTL	no	0	134	0	0	0	0	0	1	1	0	0	0	83.6		2.0			
DDX4	no	0	724	0	0	0	0	1	1	0	0	0	0	99.0	89.1				
DEFA1	no	0	94	75	1	1	1	0	0	0	0	0	1				DEFA1B	100.0	
DEFA1B	no	0	94	75	1	1	1	0	0	0	0	0	1						
DEFA3	no	0	94	75	1	1	1	0	0	0	0	0	1				DEFA1	98.7	
DEFA6	no	0	100	81	1	1	1	0	1	0	0	0	1	81.0			DEFA4	45.7	
DEFB104A	no	0	72	50	1	1	1	0	0	0	0	0	1				DEFB104B	100.0	
DEFB105A	no	0	78	51	1	1	1	0	0	0	0	0	1						
DEFB105B	no	0	78	51	1	1	1	0	0	0	0	0	1				DEFB105A	100.0	
DEFB107B	no	0	70	46	1	1	1	0	0	0	0	0	1				DEFB107A	100.0	
DEFB108B	no	0	73	51	1	1	1	0	0	0	0	0	0				DEFB116	26.6	
DEFB109B	no	0	87	65	1	1	1	0	0	0	0	0	1				DEFB130A	41.5	
DEFB114	no	0	69	43	1	1	1	0	1	0	0	0	0	88.4					
DEFB116	no	0	102	79	1	1	1	0	1	0	0	0	0	95.1			DEFB108B	27.8	
DEFB119	no	0	84	63	1	1	1	1	1	0	0	0	0	92.9	64.3		DEFB125	17.6	
DEFB121	no	0	76	57	1	1	1	0	1	0	0	0	0	94.7			DEFB129	14.6	
DEFB124	no	0	71	49	1	1	1	1	0	0	0	0	0		64.8		DEFB125	14.7	
DEFB130B	no	0	79	57	1	1	1	0	0	0	0	0	1				DEFB130A	100.0	
DEFB131B	no	0	70	48	1	1	1	0	0	0	0	0	1				DEFB131A	95.8	
DEK	no	0	375	0	0	0	0	0	0	0	0	0	0	98.7	90.7				
DHRS7B	no	1	325	22	0	1	0	1	1	1	0	0	0	95.1	75.7	2.0	DHRS7	4.5	
DHRSX	no	0	330	0	0	0	0	0	0	0	0	0	0						
DIPK2A	no	0	430	393	1	1	1	1	1	0	0	0	0	98.8	97.7		DIPK2B	32.8	
DIPK2B	no	0	433	402	1	1	1	1	1	0	0	0	0	95.8	80.8		DIPK2A	33.1	
DIRAS3	no	0	229	0	0	0	0	0	0	0	0	0	0	91.3					
DISP3	no	13	1392	860	0	0	1	1	1	0	1	0	0	97.9	88.6		DISP2	20.9	
DKKL1	no	0	242	212	1	1	1	1	1	0	0	0	0	94.2	60.3				
DLEU7	no	0	221	0	0	0	0	1	0	0	0	0	0		82.8				
DLG1	no	0	904	0	0	1	0	0	0	0	0	0	0	99.6	96.6				
DLG2	no	0	870	0	0	0	0	1	1	0	0	0	0	97.9	93.5				
DLG4	no	0	724	0	0	0	0	1	1	0	0	0	0	98.9	98.8				
DMP1	no	0	513	497	1	1	1	1	1	0	0	0	0	91.0	64.7				
DMPK	no	0	629	0	0	0	0	1	1	1	0	0	0	79.3	86.3	2.0			
DNAJC1	no	1	554	103	1	1	0	1	1	0	0	0	1	95.8	85.0		DNAJC25	30.6	
DNASE1L3	no	0	305	285	1	1	1	1	1	0	0	0	1	96.1	81.3		DNASE1	42.1	
DNASE2B	no	0	361	334	1	1	1	1	1	0	0	0	0	97.5	65.7		DNASE2	36.6	
DOC2A	no	0	400	0	0	0	0	1	1	0	0	0	0	97.5	94.8				
DOK3	no	0	496	0	0	0	0	1	0	0	0	0	0		78.4				
DPCD	no	0	203	0	0	0	0	1	1	0	0	0	0	92.1	88.2				
DPP7	no	0	492	471	1	1	1	1	1	1	0	0	1	89.4	79.5	2.0	PRCP	41.9	
DPP9	no	0	863	0	0	0	0	0	0	0	0	0	0	93.6	88.7	2.0			
DRAXIN	no	0	349	324	1	1	1	1	1	0	0	0	0	97.1	76.8				
DSP	no	0	2871	0	0	0	0	1	1	0	0	0	0	98.8	95.0				
DSTYK	no	0	929	0	0	0	0	1	1	0	0	0	0	97.8	91.3				
DUT	no	0	252	0	0	0	0	0	0	0	0	0	0		54.8	3.0			
DVL1	no	0	695	0	0	0	0	1	0	1	0	0	0		95.0	2.0			
EEF1A1	no	0	462	0	0	0	0	0	1	0	0	0	0	99.4					
EEF1AKMT4-ECE2	no	1	883	682	0	0	1	0	0	1	0	0	0			2.0			
EEPD1	no	0	569	0	0	0	0	1	1	0	0	0	0	98.1	90.7				
EFCAB7	no	0	629	0	0	0	0	1	1	0	0	0	0	95.1	82.7				
EGFL7	no	0	273	254	1	1	1	1	1	0	0	0	0	94.1	76.2		EGFL8	38.1	
EGFL8	no	0	293	268	1	1	1	1	1	0	0	0	0	92.2	80.2		EGFL7	38.1	
EHBP1L1	no	0	1523	0	0	0	0	1	0	0	0	0	0		69.1				
EHD1	no	0	534	0	0	0	0	1	1	1	0	0	0	97.2	99.4	2.0			
EHD2	no	0	543	0	0	0	0	1	1	1	0	0	0	99.8	96.7	2.0			
EHD3	no	0	535	0	0	0	0	1	1	1	0	0	0	99.3	97.4	2.0			
EIF3A	no	0	1382	0	0	0	0	0	0	0	0	0	0	99.3	93.2				
EIF4A1	no	0	406	0	0	0	0	1	1	0	0	0	0	98.8	100.0				
ELAVL1	no	0	326	0	0	0	0	1	1	0	0	0	0	100.0	98.5				
EMC10	no	1	262	196	1	1	0	1	1	0	0	0	0	98.9	84.4				
EMILIN1	no	0	1016	995	1	1	1	1	1	0	0	0	0	98.5	86.7		EMILIN3	25.1	
EN1	no	0	392	0	0	0	0	0	0	0	0	0	0	97.7	92.6				
ENDOD1	no	0	500	479	1	1	1	1	1	0	0	0	0	96.8	76.4				
ENHO	no	1	76	9	0	1	0	1	0	0	0	0	0		100.0				
ENTPD5	no	0	428	408	1	1	1	1	1	0	0	0	1	97.9	88.1		ENTPD6	48.8	
ENTREP3	no	4	668	64	0	0	0	1	0	0	1	0	0		94.2		ENTREP2	33.3	
EPB41	no	0	864	0	0	0	0	1	1	0	0	0	0	94.1	89.4				
EPB41L3	no	0	1087	0	0	0	0	1	1	0	0	0	0	67.1	60.6				
EPDR1	no	0	224	187	1	1	1	1	1	1	0	0	0	96.4	79.5	2.0			
EPHX1	no	1	455	2	0	1	0	1	0	1	0	0	0		83.5	2.0			
EPHX3	no	0	360	0	0	0	0	1	1	0	0	0	0	96.1	82.8				
EPM2A	no	0	331	0	0	0	0	0	0	0	0	0	0		88.8				
EPS8L1	no	0	723	0	0	0	0	1	1	0	0	0	0	63.8	85.8				
EPS8L3	no	0	593	0	0	0	0	1	1	0	0	0	0	93.1	72.3				
ERBIN	no	0	1412	0	0	0	0	1	1	0	0	0	0	95.3	88.8				
ERC1	no	0	1116	0	0	0	0	1	1	0	0	0	0	69.6	97.3				
ERFE	no	0	354	329	1	1	1	1	1	0	0	0	0	76.6	71.2	3.0	C1QTNF12	38.3	
ERLIN2	no	0	339	0	0	0	0	1	1	0	0	0	0	87.3	97.6	2.0			
ERO1A	no	0	468	445	1	1	1	1	1	0	0	0	1	98.5	91.9		ERO1B	63.1	
ERP29	no	0	261	229	1	1	1	1	0	1	0	0	0		88.5	2.0			
ERP44	no	0	406	377	1	1	1	1	1	0	0	0	0	99.5	93.1		TMX1	19.1	
ERVH48-1	no	0	160	121	1	1	1	0	0	0	0	0	0						
ESR2	no	0	530	0	0	0	0	1	1	1	0	0	0	97.2	88.7	2.0			
ESYT2	no	2	921	1	0	0	0	1	1	0	1	0	1	90.0	90.3		ESYT1	100.0	
ESYT3	no	2	886	1	0	0	0	1	1	0	0	0	1	91.9	83.6		ESYT2	100.0	
EVA1A	no	1	152	33	0	1	0	1	1	0	0	0	1	98.0	86.8		EVA1B	42.4	
EVC	no	1	992	26	0	1	0	1	1	0	0	0	0	89.8	68.2		EVC2	3.7	
EXOC3L1	no	0	746	0	0	0	0	1	1	0	0	0	0	95.3	77.9				
EXTL3	no	1	919	872	0	0	1	1	1	1	0	0	0	99.6	97.4	2.0	EXT2	30.7	
EZR	no	0	586	0	0	0	0	1	1	1	0	0	0	99.0	96.4	2.0			
F2	no	0	622	598	1	1	1	1	1	0	0	0	0	94.1	81.0		PAMR1	22.7	
FAM149A	no	0	773	0	0	0	0	0	0	0	0	0	0	55.1	63.5				
FAM153A	no	0	310	0	0	0	0	0	0	0	0	0	0						
FAM180A	no	0	173	156	1	1	1	1	1	0	0	0	0	97.1	78.6		FAM180B	29.4	
FAM186A	no	0	2351	0	0	0	0	0	1	0	0	0	0	86.3					
FAM193A	no	0	1515	0	0	0	0	1	1	0	0	0	0	95.8	88.2				
FAM209A	no	1	171	40	1	1	0	0	0	0	0	0	1				FAM209B	95.0	
FAM209B	no	1	171	40	1	1	0	0	0	0	0	0	1				FAM209A	95.0	
FAM20A	no	1	541	516	0	0	1	1	1	1	0	0	1	94.6	85.8	2.0	FAM20C	45.3	
FAM222A	no	0	452	0	0	0	0	1	0	0	0	0	0		91.4				
FAM237B	no	0	139	0	0	0	0	1	1	0	0	0	0	95.7	72.7	2.0			
FAM3A	no	0	230	201	1	1	1	1	1	0	0	0	1	85.7	90.9		FAM3D	56.7	
FAM3B	no	0	235	203	1	1	1	1	1	0	1	0	0	90.6	76.2		FAM3C	37.9	
FAM3C	no	0	227	200	1	1	1	1	1	0	0	0	1	98.7	94.3		FAM3D	55.0	
FAM3D	no	0	224	197	1	1	1	1	1	0	0	0	1	88.8	71.0		FAM3A	56.7	
FAM53A	no	0	398	0	0	0	0	1	1	0	0	0	0	66.8	66.6				
FAM72C	no	0	149	0	0	0	0	0	0	0	0	0	0						
FAM78A	no	0	283	0	0	0	0	1	1	0	0	0	0	98.9	97.2				
FASN	no	0	2511	0	0	0	0	1	0	0	0	0	0		81.1				
FBRSL1	no	0	1045	0	0	0	0	1	0	0	0	0	0		71.3				
FCER1G	no	1	86	5	1	1	0	1	1	0	0	0	0	77.9	88.4				
FCGBP	no	0	5405	5382	1	1	1	0	0	0	0	0	0				VWC2L	2.3	
FCN2	no	0	313	288	1	1	1	0	0	0	0	0	1				FCN1	81.1	
FCN3	no	0	299	276	1	1	1	0	1	1	0	0	1	91.3		3.0	FCN2	49.3	
FCRLA	no	0	359	332	1	1	1	1	0	0	0	0	0		67.1		FCRL6	38.3	
FCRLB	no	0	426	409	1	1	1	1	0	0	0	0	0		82.6		FCGR1A	33.3	
FERMT2	no	0	680	0	0	0	0	1	1	0	0	0	0	99.9	98.2				
FEZ1	no	0	392	0	0	0	0	0	0	0	0	0	0	99.2	95.4				
FGA	no	0	866	847	1	1	1	0	0	0	0	0	0				FCN2	17.0	
FGB	no	0	491	461	1	1	1	1	1	0	0	0	0	95.7	82.5		FGL1	27.1	
FGF3	no	0	239	222	1	1	1	1	1	0	0	0	0	97.5	80.3		FGF22	30.2	
FGF8	no	0	233	211	1	1	1	1	1	0	0	0	1	99.2	90.6		FGF17	57.8	
FGFBP1	no	0	234	211	1	1	1	1	1	0	0	0	0	94.0	62.8		FGFBP3	24.6	
FGL1	no	0	312	290	1	1	1	1	1	0	0	0	0	95.5	82.1		FGA	16.2	
FGR	no	0	529	0	0	0	0	1	1	0	0	0	0	97.5	83.9				
FIBIN	no	0	211	193	1	1	1	1	1	0	0	0	0	98.6	93.4				
FKRP	no	0	495	469	1	1	1	1	0	1	0	1	0		93.7	2.0			2.0
FLACC1	no	0	445	0	0	0	0	1	1	1	0	0	0	92.4	58.1	2.0			
FLII	no	0	1269	0	0	0	0	0	0	0	0	0	0	98.7	95.3				
FLOT1	no	0	427	0	0	0	0	1	1	1	0	0	0	99.8	98.4	2.0			
FLOT2	no	0	428	0	0	0	0	1	1	0	0	0	0	97.2	99.3				
FMOD	no	0	376	358	1	1	1	1	1	0	0	0	1	98.9	92.6		LUM	42.7	
FNDC11	no	0	318	0	0	0	0	0	0	0	0	0	0		81.1				
FOXR2	no	0	311	0	0	0	0	0	0	0	0	0	0	90.0	53.1				
FREM3	no	0	2139	2108	1	1	1	0	0	0	0	0	1	94.7	67.9		SLC8A3	12.4	
FRMD7	no	0	714	0	0	0	0	1	1	0	0	0	0	95.7	85.2				
FRMPD2	no	0	1309	0	0	0	0	1	1	0	0	0	0	93.9	70.6				
FSD1L	no	0	530	0	0	0	0	1	1	1	0	0	0	98.1	88.7	2.0			
FSTL5	no	0	847	827	1	1	1	1	1	0	0	0	1	98.5	91.3		FSTL4	57.3	
FUT3	no	0	361	325	1	1	1	0	1	0	0	0	1	93.1			FUT5	87.1	
FUT4	no	1	530	360	0	0	1	1	0	0	0	0	1		60.8		FUT5	43.1	
GAA	no	1	952	920	0	0	1	1	1	0	0	0	0	74.4	80.4		MGAM	15.9	
GAP43	no	0	238	0	0	0	0	1	1	0	0	0	0	95.4	77.3				
GAPDH	no	0	335	0	0	0	0	0	0	1	0	0	0			2.0			
GAPVD1	no	0	1478	0	0	0	0	1	1	0	0	0	0	99.7	97.8				
GBA1	no	0	536	497	1	1	1	1	1	0	0	0	0	96.6	83.2				
GBA2	no	0	927	0	0	0	0	1	1	0	0	0	0	97.3	86.7				
GCSAM	no	0	178	0	0	0	0	0	0	0	0	0	0	91.6	55.6				
GFOD1	no	0	390	0	0	0	0	1	1	1	0	0	0	100.0	98.2	2.0			
GFOD2	no	0	385	0	0	0	0	1	0	1	0	0	0		95.6	2.0			
GFY	no	1	518	388	1	1	0	1	0	0	0	0	0		52.9				
GGTA1	no	0	100	75	1	1	1	0	0	0	0	0	0						
GGTLC2	no	0	218	218	0	1	1	0	0	0	0	0	0						
GHDC	no	0	530	0	0	0	0	1	1	0	0	0	0	94.7	73.6				
GLMP	no	1	406	333	1	1	0	1	0	0	0	0	0		78.3				
GMFB	no	0	142	0	0	0	0	0	0	0	0	0	0	100.0	97.9				
GMFG	no	0	142	0	0	0	0	1	0	0	0	0	0		93.7				
GNAI2	no	0	355	0	0	0	0	1	1	0	0	0	0	100.0	98.3				
GNAL	no	0	381	0	0	0	0	1	1	0	0	0	0	76.2	76.6				
GNAQ	no	0	359	0	0	0	0	0	1	0	0	0	0	100.0					
GNAS	no	0	394	0	0	0	0	0	1	0	0	0	0	80.5					
GNB1	no	0	340	0	0	0	0	1	1	0	0	0	0	92.1	100.0				
GNB2	no	0	340	0	0	0	0	1	1	0	0	0	0	100.0	100.0				
GNB3	no	0	340	0	0	0	0	1	1	0	0	0	0	100.0	97.1				
GNB4	no	0	340	0	0	0	0	1	1	0	0	0	0	100.0	96.8				
GNG2	no	0	71	0	0	0	0	1	1	0	0	0	0	100.0	100.0				
GOLGA7B	no	0	167	0	0	0	0	1	1	0	0	0	0	80.8	83.8				
GOT2	no	0	430	0	0	0	0	0	0	0	0	0	0	98.4	94.7	2.0			
GPHB5	no	0	130	106	1	1	1	1	1	0	0	0	0	96.2	86.9	2.0	FSHB	34.2	
GPLD1	no	0	840	817	1	1	1	1	1	0	0	0	0	94.8	79.3				
GPR108	no	7	543	274	1	1	0	1	1	0	0	0	0	94.3	82.7		GPR107	39.8	
GPR137	no	7	417	88	0	1	0	1	1	0	0	0	0	88.1	95.2		GPR137B	35.8	
GPR137C	no	7	429	120	0	1	0	1	1	0	0	0	0	98.8	90.9		GPR137B	28.3	
GPR155	no	17	870	144	0	1	0	1	1	1	0	0	0	97.9	89.8	2.0			
GPR15LG	no	0	81	57	1	1	1	1	1	0	0	0	0	87.7	54.3				
GPR180	no	7	440	191	1	1	0	1	1	0	0	0	0	96.4	86.8		TMEM145	27.7	
GPRIN1	no	0	1008	0	0	0	0	1	1	0	0	0	0	66.0	53.6				
GPRIN2	no	0	458	0	0	0	0	1	1	0	0	0	0	95.2	72.9				
GRAMD1A	no	1	724	93	0	0	1	1	1	0	0	0	0	97.8	93.4		GRAMD1B	38.7	
GRAMD1B	no	1	738	91	0	0	1	1	1	0	0	0	0	96.4	96.9		GRAMD1A	38.7	
GRAMD1C	no	1	662	85	0	0	1	1	1	0	0	0	0	96.5	82.5		GRAMD1B	26.4	
GREP1	no	0	536	515	1	1	1	0	1	0	0	0	0	80.2					
GRINA	no	7	371	29	0	0	1	1	1	0	0	0	0	98.9	87.6		TMBIM1	37.5	
GSN	no	1	782	1	1	1	0	1	1	0	1	0	1	99.5	94.8				
GUCA2A	no	0	115	96	1	1	1	1	1	0	0	0	0	82.6	67.0	2.0	GUCA2B	36.5	
GZMB	no	0	247	229	1	1	1	0	1	0	0	0	1	82.6			GZMH	71.2	
H2BC12	no	0	126	0	0	0	0	0	0	0	0	0	0						
H2BC4	no	0	126	0	0	0	0	0	0	0	0	0	0						
H4C3	no	0	103	0	0	0	0	0	0	0	0	0	0						
HABP2	no	0	560	537	1	1	1	1	1	0	0	0	0	97.3	77.9		GZMK	19.6	
HARBI1	no	0	349	0	0	0	0	1	1	0	0	0	0	64.5	90.0				
HARS1	no	0	509	0	0	0	0	0	0	0	0	0	0	93.5	94.9	2.0			
HAS1	no	6	577	35	0	0	0	1	0	0	0	0	0		95.7		HAS2	22.9	
HCK	no	0	526	0	0	0	0	1	1	0	0	0	0	94.3	85.9				
HDAC3	no	0	428	0	0	0	0	0	0	0	0	0	0	100.0	99.8				
HEXD	no	1	486	393	0	0	1	1	1	0	1	0	0	93.4	78.8	2.0			
HGSNAT	no	11	663	271	1	1	0	1	0	0	0	0	0		80.6				
HHIPL2	no	0	724	683	1	1	1	1	1	0	0	0	1	96.7	81.8		HHIPL1	51.6	
HIGD1B	no	2	99	16	0	0	0	1	1	0	0	0	1	96.0	76.8		HIGD1C	62.5	
HIP1R	no	0	1068	0	0	0	0	1	1	1	0	0	0	95.8	90.9	2.0			
HLA-DMA	no	1	261	204	1	1	0	1	1	1	0	1	0	87.0	75.9	2.0	HLA-DQA2	31.9	1.0
HLA-DOA	no	1	250	193	1	1	0	1	1	1	0	1	1	96.8	73.2	2.0	HLA-DQA1	59.3	2.0
HM13	no	9	377	72	0	1	0	1	1	0	1	0	0	87.8	85.0		SPPL3	22.1	
HMGB3	no	0	200	0	0	0	0	0	0	0	0	0	0						
HNRNPU	no	0	825	0	0	0	0	1	1	0	0	0	0	93.9	94.3				
HSH2D	no	0	352	0	0	0	0	1	1	0	0	0	0	91.8	52.0				
HSPB1	no	0	205	0	0	0	0	1	0	1	0	0	0		84.4	2.0			
HSPE1	no	0	102	0	0	0	0	0	0	1	0	0	0			7.0			
HTRA2	no	1	458	337	0	0	1	1	1	1	0	0	0	80.6	84.9	3.0	HTRA1	37.8	
HTRA3	no	0	453	436	1	1	1	1	1	1	0	0	1	91.6	92.7	3.0	HTRA1	57.4	
HTRA4	no	0	476	447	1	1	1	1	1	1	0	0	1	55.3	66.6	3.0	HTRA1	53.3	
IER3	no	1	156	60	0	0	1	1	1	0	0	0	0	94.2	72.4				
IFFO2	no	0	517	0	0	0	0	1	1	1	0	0	0	76.6	95.7	2.0			
IFNE	no	0	208	187	1	1	1	1	0	0	0	0	0		53.8		IFNA17	35.3	
IFNL4	no	0	179	157	1	1	1	0	0	0	0	0	0						
IGFBP2	no	0	325	289	1	1	1	1	1	0	0	0	0	98.8	81.8		IGFBP4	36.3	
IGFBP3	no	0	291	264	1	1	1	1	1	0	0	0	1	84.2	81.8		IGFBP5	45.8	
IGFBPL1	no	0	278	251	1	1	1	1	1	0	0	0	1	93.5	75.9		IGFBP7	43.8	
IGFL3	no	0	125	101	1	1	1	0	0	0	0	0	1				IGFL2	64.4	
IGIP	no	0	53	0	0	0	0	1	0	0	0	0	0		94.3				
IGSF10	no	0	2623	2595	1	1	1	1	1	0	0	0	0	94.2	64.8		VSIG10	7.2	
IL16	no	0	1332	0	0	0	0	1	1	0	0	0	0	95.7	80.9				
IL17C	no	0	197	179	1	1	1	1	1	0	0	0	0	93.4	71.6	2.0	IL17D	29.9	
IL17REL	no	0	507	486	1	1	1	0	0	0	0	0	0						
IL1RN	no	0	177	152	1	1	1	1	1	0	0	0	1	86.4	75.7		IL36RN	47.1	
IL24	no	0	206	158	1	1	1	1	1	0	0	0	0	91.7	58.7		IL20	31.6	
IL37	no	0	218	0	0	0	0	0	1	0	0	0	0	95.9					
IL4I1	no	0	567	546	1	1	1	1	1	1	0	0	0	87.8	72.1	2.0			
INHBE	no	0	350	331	1	1	1	1	1	0	0	0	1	81.4	82.3		INHBC	45.8	
INPP5A	no	0	412	0	0	0	0	1	1	0	0	0	0	94.7	97.1				
INS-IGF2	no	0	200	176	1	1	1	0	0	0	0	0	0						
INSL4	no	0	139	114	1	1	1	0	1	0	0	0	0	89.9			RLN1	24.8	
INSL6	no	0	213	191	1	1	1	0	1	0	0	0	0	89.2			RLN1	26.7	
IPCEF1	no	0	437	0	0	0	0	1	1	0	0	0	0	97.3	74.9				
IQCE	no	0	695	0	0	0	0	0	1	1	0	0	0	95.1		2.0			
IQGAP2	no	0	1575	0	0	0	0	1	1	0	0	0	0	98.5	89.0				
IRGC	no	0	463	0	0	0	0	1	1	0	0	0	0	70.2	89.8				
IRS1	no	0	1242	0	0	0	0	1	1	0	0	0	0	95.5	89.0				
ITLN1	no	0	313	297	1	1	1	0	1	0	0	1	1	92.3			ITLN2	85.3	2.0
ITLN2	no	0	325	299	1	1	1	0	0	0	0	0	1				ITLN1	84.9	
ITPRID2	no	0	1259	0	0	0	0	1	1	0	0	0	0	95.5	81.7				
ITPRIP	no	0	547	0	0	0	0	1	1	0	0	0	0	98.2	78.2				
ITPRIPL2	no	2	535	25	0	0	0	1	1	0	0	0	1	97.9	85.4				
JAK3	no	0	1124	0	0	0	0	1	1	0	0	0	0	95.4	82.0				
JMJD6	no	0	403	0	0	0	0	0	0	0	0	0	0	99.8	97.8				
JOSD1	no	0	202	0	0	0	0	0	0	0	0	0	0	96.0	97.0				
JPT2	no	0	190	0	0	0	0	0	1	0	0	0	0	93.7					
JTB	no	1	146	75	1	1	0	1	1	0	0	0	0	93.2	84.2				
JUP	no	0	745	0	0	0	0	1	1	0	0	0	0	99.6	98.4				
KANK1	no	0	1352	0	0	0	0	1	1	0	0	0	0	97.3	84.9				
KANK2	no	0	851	0	0	0	0	0	0	0	0	0	0	74.9	83.0				
KCNAB1	no	0	419	0	0	0	0	1	1	1	0	0	0	99.8	83.3	4.0			
KCNK7	no	4	307	128	0	0	0	1	1	1	0	0	1	94.5	79.2	2.0	KCNK1	48.1	
KCP	no	0	1568	1547	1	1	1	1	1	0	0	0	0	89.3	76.7		VWC2	9.1	
KCTD8	no	0	473	0	0	0	0	1	1	1	0	0	0	98.3	95.3	6.0			
KDF1	no	0	398	0	0	0	0	1	1	0	0	0	0	98.0	91.2				
KIAA0040	no	1	99	25	0	1	0	1	1	0	0	0	0	98.0	70.7				
KIAA0232	no	0	1395	0	0	0	0	1	1	0	0	0	0	99.1	88.7				
KIAA1328	no	0	577	0	0	0	0	1	1	1	0	0	0	94.5	72.6	2.0			
KIAA1614	no	0	1190	0	0	0	0	1	1	0	0	0	0	52.7	56.5				
KIAA1958	no	0	716	0	0	0	0	1	1	0	0	0	0	99.4	97.5				
KLHDC8B	no	0	354	0	0	0	0	1	1	0	0	0	0	99.7	97.7				
KLK15	no	0	256	240	1	1	1	1	1	0	0	0	1	94.5	75.8		KLK9	48.8	
KLK3	no	0	261	244	1	1	1	0	1	0	0	0	1	90.0			KLK2	79.1	
KLK6	no	0	244	228	1	1	1	1	0	0	0	0	1		68.4		KLK13	46.7	
KNCN	no	2	124	6	0	0	0	1	1	0	0	0	0	96.0	83.1				
KNG1	no	0	644	626	1	1	1	0	1	0	0	0	0	92.7			FETUB	17.3	
KPLCE	no	0	250	0	0	0	0	1	0	0	0	0	0		76.0				
KRTCAP3	no	4	240	69	0	0	0	1	1	0	0	0	1	95.4	85.8		TMEM54	47.8	
KSR1	no	0	923	0	0	0	0	1	1	0	0	0	0	98.9	85.9				
LAMA4	no	0	1823	1799	1	1	1	1	1	0	0	0	0	98.1	88.4		TMEFF1	7.7	
LANCL1	no	0	399	0	0	0	0	1	1	0	0	0	0	99.7	91.5				
LANCL3	no	0	420	0	0	0	0	1	1	0	0	0	0	74.0	95.7				
LAP3	no	0	519	0	0	0	0	0	0	0	0	0	0	98.8	90.4	2.0			
LAPTM5	no	6	262	58	0	0	0	1	1	0	0	0	0	94.7	79.0		LAPTM4A	17.2	
LDLRAD4	no	1	306	67	0	1	0	1	1	0	1	0	0	97.1	90.2		PMEPA1	22.4	
LEMD1	no	1	181	7	0	0	1	1	1	0	1	0	1	96.1	56.9				
LGALS7B	no	0	136	0	0	0	0	0	0	1	0	0	0						
LHFPL7	no	4	200	72	0	0	0	1	1	0	0	0	0	94.0	60.5		LHFPL1	30.2	
LIN7A	no	0	233	0	0	0	0	1	1	0	0	0	0	100.0	99.6				
LIN7B	no	0	207	0	0	0	0	1	0	0	0	0	0		98.1				
LIN7C	no	0	197	0	0	0	0	1	1	0	0	0	0	94.4	100.0				
LIPH	no	0	451	433	1	1	1	1	1	0	0	0	1	94.2	77.8		LIPI	45.2	
LIPM	no	0	423	390	1	1	1	1	1	0	0	0	1	98.6	87.2		LIPA	60.5	
LITAF	no	0	161	0	0	0	0	1	1	0	1	0	0	80.1	85.7				
LMO7	no	0	1683	0	0	0	0	1	1	0	0	0	0	95.8	81.1				
LNX1	no	0	728	0	0	0	0	1	1	1	0	0	0	97.8	88.2	2.0			
LNX2	no	0	690	0	0	0	0	1	1	1	0	0	0	97.8	89.6	2.0			
LOX	no	0	417	396	1	1	1	1	1	0	0	0	1	97.4	86.3		LOXL1	42.1	
LOXHD1	no	0	2067	0	0	0	0	1	1	0	0	0	0	89.5	91.6				
LOXL1	no	0	574	549	1	1	1	1	1	0	0	0	1	72.0	91.6		LOX	41.9	
LOXL3	no	0	753	728	1	1	1	1	1	0	0	0	1	98.9	92.3		LOXL2	55.5	
LPXN	no	0	386	0	0	0	0	0	0	0	0	0	0	98.2	85.0				
LRATD2	no	0	310	0	0	0	0	1	1	0	0	0	0	98.1	92.6				
LRCOL1	no	0	159	137	1	1	1	0	0	0	0	0	0				CLPSL2	21.2	
LRRC37A3	no	1	1634	1542	1	1	0	0	0	0	0	1	1				LRRC37A2	97.7	2.0
LRRC3B	no	1	259	170	1	1	0	1	1	0	0	1	1	100.0	99.6		LRRC3	43.0	1.0
LRRC57	no	0	239	0	0	0	0	1	1	0	0	0	0	98.7	95.4				
LRRC69	no	0	347	0	0	0	0	1	0	0	0	0	0		66.9				
LRRIQ3	no	0	624	0	0	0	0	1	1	0	0	0	0	92.6	61.9				
LSM4	no	0	139	0	0	0	0	0	0	0	0	0	0	81.3	96.4				
LTAP1	no	1	253	10	0	1	0	1	1	0	0	0	0	99.6	95.7				
LTBP1	no	0	1721	1698	1	1	1	1	1	0	0	0	1	90.8	73.8		LTBP3	34.0	
LTF	no	0	710	691	1	1	1	1	1	0	0	0	1	90.1	70.6		TF	60.9	
LY6G5B	no	0	201	183	1	1	1	1	0	0	0	0	0		61.2				
LY6G5C	no	0	150	109	1	1	1	1	1	0	0	0	0	88.0	67.3				
LYG1	no	0	194	175	1	1	1	1	1	0	0	0	0	92.8	70.6		LYG2	37.8	
LYN	no	0	512	0	0	0	0	1	1	0	0	0	0	99.4	96.1				
LYSMD2	no	0	215	0	0	0	0	0	0	0	0	0	0	90.7	89.3				
LYSMD4	no	1	296	56	0	0	1	1	1	0	0	0	0	91.9	70.3		LYSMD3	22.1	
MACF1	no	0	7388	0	0	0	0	1	1	0	0	0	0	97.2	81.6				
MAGEA10	no	0	369	0	0	0	0	0	1	0	0	0	0	94.6					
MAGI3	no	0	1481	0	0	0	0	1	1	0	0	0	0	97.1	71.6				
MAMDC2	no	0	686	668	1	1	1	1	1	0	0	0	0	96.5	89.9		MALRD1	11.6	
MAMDC4	no	1	1216	1136	1	1	0	1	1	0	1	1	0	80.4	73.3		MALRD1	17.9	1.0
MAN2B2	no	0	1009	986	1	1	1	1	1	0	0	0	0	95.1	75.6		MAN2C1	19.4	
MANSC1	no	1	431	358	1	1	0	1	1	0	0	0	0	92.3	60.6		MANSC4	20.1	
MAPT	no	0	758	0	0	0	0	1	1	0	0	0	0	83.4	65.4				
MARCHF10	no	0	808	0	0	0	0	1	1	0	0	0	0	90.6	62.0				
MARK2	no	0	788	0	0	0	0	1	1	0	0	0	0	99.9	96.8				
MASP1	no	0	699	680	1	1	1	1	1	0	0	0	1	97.1	66.5		MASP2	43.5	
MASP2	no	0	686	671	1	1	1	1	1	0	0	0	1	95.3	81.5		PRRG2	10.7	
MBL2	no	0	248	228	1	1	1	1	1	1	0	0	0	89.5	59.3	2.0			
MBLAC2	no	0	279	0	0	0	0	1	1	0	0	0	0	81.4	96.8				
MBP	no	0	304	0	0	0	0	1	0	0	0	0	0		71.7				
MCC	no	0	829	0	0	0	0	1	1	0	0	0	0	98.6	93.4	2.0			
MCTP1	no	4	999	2	0	0	0	1	1	0	1	0	0	97.8	87.5		MCTP2	33.3	
MCTS2	no	0	181	0	0	0	0	1	0	0	0	0	0		94.5				
MDFIC	no	0	246	0	0	0	0	0	0	0	0	0	0	94.7	81.7				
MEGF6	no	0	1541	1511	1	1	1	1	1	0	0	0	0	89.0	78.1		MEGF11	27.4	
MEST	no	0	335	0	0	0	0	0	0	0	0	0	0		81.2				
METRN	no	0	293	270	1	1	1	1	1	0	0	0	1	92.8	80.5		METRNL	47.4	
METRNL	no	0	311	266	1	1	1	1	1	0	0	0	1	95.5	77.2		METRN	47.4	
METTL9	no	0	318	0	0	0	0	1	1	0	0	0	0	98.4	97.2				
MFAP3	no	1	362	127	1	1	0	1	1	0	0	0	1	98.9	80.7		MFAP3L	44.9	
MFAP4	no	0	255	235	1	1	1	1	1	0	0	0	1	98.4	94.1		FIBCD1	30.5	
MFAP5	no	0	173	145	1	1	1	1	1	0	0	0	0	96.0	76.3		MFAP2	29.5	
MFSD11	no	12	449	77	0	0	0	1	1	0	1	0	0	99.3	93.1				
MGRN1	no	0	552	0	0	0	0	0	0	0	0	0	0	97.6	89.1				
MIEN1	no	0	115	0	0	0	0	1	0	0	0	0	0		89.6				
MIF	no	0	115	0	0	0	0	1	1	1	0	0	0	100.0	89.6	3.0			
MIGA1	no	0	632	0	0	0	0	1	1	0	0	0	0	99.2	84.8				
MIGA2	no	0	593	0	0	0	0	1	0	0	0	0	0		92.6				
MLF2	no	0	248	0	0	0	0	1	1	1	0	0	0	94.0	96.8	2.0			
MLIP	no	0	993	0	0	0	0	1	0	0	0	0	0		69.0				
MMD	no	7	238	46	0	0	1	1	1	0	0	0	1	100.0	99.2		MMD2	58.7	
MMP26	no	0	261	244	1	1	1	0	1	0	0	0	0	92.7			MMP12	24.7	
MMP27	no	0	513	496	1	1	1	1	1	0	0	0	1	96.5	76.4		MMP10	48.4	
MOXD1	no	0	613	595	1	1	1	1	1	0	0	0	0	98.4	84.8		DBH	32.8	
MPDZ	no	0	2070	0	0	0	0	1	1	0	0	0	0	98.3	84.1				
MPP3	no	0	585	0	0	0	0	1	1	0	0	0	0	98.8	90.9				
MPP7	no	0	576	0	0	0	0	1	1	0	0	0	0	93.8	92.5				
MPPED1	no	0	326	0	0	0	0	0	0	0	0	0	0		98.2				
MREG	no	0	214	0	0	0	0	1	0	0	0	0	0		86.0				
MS4A15	no	4	240	28	0	0	0	1	1	0	1	0	0	90.8	80.0		MS4A12	29.0	
MSMB	no	0	114	94	1	1	1	0	1	0	0	0	0	80.7			MSMP	21.4	
MSMP	no	0	139	103	1	1	1	1	1	0	0	0	0	99.3	91.4		MSMB	21.4	
MSN	no	0	577	0	0	0	0	1	1	1	0	0	0	99.8	98.6	2.0			
MTCL1	no	0	1905	0	0	0	0	1	1	0	0	0	0	79.9	80.3				
MTMR6	no	0	621	0	0	0	0	0	0	0	0	0	0	98.1	90.2	2.0			
MTUS1	no	0	1270	0	0	0	0	1	1	0	1	0	0	94.1	62.8				
MYADML2	no	8	307	72	0	0	0	1	1	0	0	0	0	95.4	91.5		MYADM	30.1	
MYLK	no	0	1914	0	0	0	0	1	1	0	0	0	0	97.2	85.4				
MYO1C	no	0	1063	0	0	0	0	1	1	0	0	0	0	92.8	96.7				
MYO1G	no	0	1018	0	0	0	0	1	1	0	0	0	0	92.5	90.9				
MYZAP	no	0	466	0	0	0	0	1	1	1	0	0	0	94.0	89.9	2.0			
NAAA	no	0	359	331	1	1	1	1	1	0	0	0	0	94.7	76.0		ASAH1	32.4	
NAPEPLD	no	0	393	0	0	0	0	1	1	0	0	0	0	98.5	89.3				
NBL1	no	0	181	164	1	1	1	1	1	0	0	0	0	98.9	92.8	2.0	GREM2	24.4	
NCEH1	no	1	408	1	1	1	0	1	1	0	0	0	1	99.0	87.3		AADAC	0.0	
NCKAP1L	no	0	1127	0	0	0	0	1	1	0	0	0	0	98.8	94.9				
NCOA4	no	0	614	0	0	0	0	0	0	0	0	0	0	95.9	80.6	2.0			
NDC1	no	6	674	78	0	0	0	1	1	0	1	0	0	97.8	86.9				
NDFIP1	no	4	221	15	0	0	0	1	1	1	1	0	1	78.3	97.3	2.0	NDFIP2	80.0	
NDRG2	no	0	371	0	0	0	0	0	0	0	0	0	0	94.6	91.9				
NECAB2	no	0	386	0	0	0	0	0	0	0	0	0	0	85.2	86.3	2.0			
NELL2	no	0	816	795	1	1	1	1	1	0	0	0	1	97.3	94.0		NELL1	56.4	
NENF	no	0	172	141	1	1	1	1	1	0	0	0	0	83.7	90.7				
NET1	no	0	596	0	0	0	0	0	0	0	0	0	0	97.3	76.3				
NHERF1	no	0	358	0	0	0	0	1	1	0	0	0	0	97.2	86.6				
NHERF2	no	0	337	0	0	0	0	1	1	0	0	0	0	90.2	91.7				
NHS	no	0	1651	0	0	0	0	1	1	0	0	0	0	96.2	88.6				
NHSL2	no	0	1225	0	0	0	0	1	1	0	0	0	0	97.7	84.2				
NHSL3	no	0	1035	0	0	0	0	1	1	0	0	0	0	91.4	80.9				
NID2	no	0	1375	1345	1	1	1	1	1	0	0	0	1	97.1	80.9		NID1	41.9	
NIPAL1	no	9	410	112	0	1	0	1	1	1	0	1	0	98.5	87.1	2.0	NIPA2	27.7	1.0
NIPAL2	no	9	383	99	0	1	0	1	1	0	0	0	0	96.1	85.4		NIPAL3	31.3	
NIPSNAP1	no	0	284	0	0	0	0	0	0	0	0	0	0	94.7	94.4	4.0			
NKPD1	no	2	610	18	0	0	0	1	1	1	0	0	0	92.8	77.5	2.0			
NMRK2	no	0	230	0	0	0	0	1	1	0	0	0	0	73.0	72.2				
NOD1	no	0	953	0	0	0	0	1	1	0	0	0	0	96.2	81.5				
NOD2	no	0	1040	0	0	0	0	1	1	0	0	0	0	96.1	79.3				
NOMO1	no	1	1222	1128	1	1	0	0	0	0	0	0	1				NOMO3	99.6	
NOMO3	no	1	1222	1128	1	1	0	0	0	0	0	0	1				NOMO2	99.8	
NOS1	no	0	1434	0	0	0	0	1	1	0	0	0	0	98.8	93.7				
NOTCH2NLA	no	0	236	236	0	1	1	0	0	0	0	0	1				NOTCH2NLC	80.5	
NOTCH2NLB	no	0	275	250	1	1	1	0	0	0	0	0	1				NOTCH2NLA	94.0	
NOTCH2NLC	no	0	293	293	0	1	1	0	0	0	0	0	1				NOTCH2NLA	80.5	
NOTCH2NLR	no	0	274	249	1	1	1	0	0	0	0	0	1				NOTCH2	14.1	
NOTUM	no	0	496	474	1	1	1	1	1	0	0	0	0	91.9	90.7				
NOX4	no	6	578	126	0	0	0	1	1	0	1	0	0	97.8	90.7		DUOX1	5.1	
NPC1	no	13	1278	775	1	1	0	1	1	0	0	0	0	97.7	86.4		NPC1L1	38.3	
NPS	no	0	89	66	1	1	1	1	1	0	0	0	0	94.4	73.0				
NPTX2	no	0	431	414	1	1	1	1	1	0	0	0	1	98.6	96.3		NPTX1	57.0	
NRSN1	no	2	195	32	0	0	0	1	1	0	0	0	1	97.9	92.3		NRSN2	43.8	
NRSN2	no	2	204	30	0	0	0	1	1	0	0	0	1	96.6	57.4		NRSN1	40.6	
NSDHL	no	0	373	0	0	0	0	1	1	0	0	0	0	96.8	83.1				
NTN3	no	0	580	562	1	1	1	1	0	0	0	0	1		87.4		NTN1	54.3	
NTN5	no	0	489	473	1	1	1	1	0	0	0	0	1		62.0		USH2A	4.8	
NUCB2	no	0	420	396	1	1	1	1	1	0	0	0	1	99.8	86.0		NUCB1	57.5	
NUDCD1	no	0	583	0	0	0	0	0	0	0	0	0	0	98.5	90.1				
NUMB	no	0	651	0	0	0	0	1	1	0	0	0	0	90.3	93.7				
NUP210	no	1	1887	1784	1	1	0	1	1	0	1	1	1	97.5	84.4		NUP210L	45.8	9.0
NUP210L	no	1	1888	1776	1	1	0	1	1	0	0	1	1	91.8	82.6		NUP210	45.8	6.0
NUP62	no	0	522	0	0	0	0	1	1	0	0	0	0	96.7	80.1				
NXNL1	no	0	212	0	0	0	0	1	0	0	0	0	0		77.8				
NXNL2	no	0	156	0	0	0	0	1	1	0	0	0	0	65.4	84.6				
OCA2	no	14	838	228	0	0	0	1	1	1	1	0	0	90.9	78.2	2.0	SLC13A4	23.2	
OCEL1	no	0	264	0	0	0	0	0	1	0	0	0	0	74.2					
OLFML1	no	0	402	377	1	1	1	0	1	0	0	0	0	99.0			OLFML3	33.2	
OLFML2A	no	0	652	625	1	1	1	1	1	0	0	0	1	96.3	83.3		OLFML2B	43.3	
OLFML2B	no	0	750	728	1	1	1	1	1	0	0	0	1	96.3	83.3		OLFML2A	43.8	
OOSP2	no	0	158	141	1	1	1	0	0	0	0	0	0				PLAC1	23.7	
OOSP3	no	0	193	171	1	1	1	0	0	0	0	0	0						
OOSP4A	no	0	184	165	1	1	1	0	0	0	0	0	0						
OOSP4B	no	0	160	160	0	1	1	0	0	0	0	0	0						
OTOGL	no	0	2353	2322	1	1	1	1	1	0	0	0	0	97.1	86.4		OTOG	33.6	
OVCH2	no	0	564	542	1	1	1	1	1	0	0	0	0	95.0	77.2		PRRG4	12.4	
PACSIN2	no	0	486	0	0	0	0	1	1	1	0	0	0	99.0	93.8	2.0			
PAEP	no	0	180	162	1	1	1	0	1	0	0	0	0	81.1			LCN8	24.7	
PAK6	no	0	681	0	0	0	0	0	0	0	0	0	0		92.7				
PALM	no	0	387	0	0	0	0	1	1	0	0	0	0	82.9	79.8				
PALM2AKAP2	no	0	1103	0	0	0	0	1	1	0	0	0	0	96.9	67.5				
PALMD	no	0	551	0	0	0	0	1	1	0	0	0	0	97.5	80.6				
PALS1	no	0	675	0	0	0	0	1	1	0	0	0	0	99.9	96.7				
PAMR1	no	0	720	699	1	1	1	1	1	0	0	0	0	98.1	90.1		F2	22.6	
PAPPA2	no	0	1791	1769	1	1	1	1	1	0	0	0	1	96.0	79.1		SUSD6	7.6	
PARD3	no	0	1356	0	0	0	0	1	1	0	0	0	0	99.0	90.2				
PARD3B	no	0	1205	0	0	0	0	1	1	0	0	0	0	96.8	84.2				
PARD6A	no	0	346	0	0	0	0	1	1	0	0	0	0	98.8	93.0				
PARD6B	no	0	372	0	0	0	0	1	1	0	0	0	0	94.1	91.4				
PARD6G	no	0	376	0	0	0	0	1	1	0	0	0	0	65.7	78.5				
PATJ	no	0	1801	0	0	0	0	1	1	0	0	0	0	96.3	77.7				
PBOV1	no	0	135	0	0	0	0	0	0	0	0	0	0						
PCARE	no	0	1288	0	0	0	0	1	1	0	0	0	0	92.4	58.2				
PCNX1	no	14	2341	86	0	0	0	1	1	0	1	0	1	98.8	91.0		PCNX3	41.9	
PCNX2	no	14	2137	81	0	0	0	1	1	0	1	0	1	92.2	80.4		PCNX3	46.9	
PCNX3	no	14	2034	72	0	0	0	1	1	0	1	0	1	98.5	94.6		PCNX2	40.7	
PCSK6	no	0	969	909	1	1	1	1	1	0	0	0	1	97.6	90.9		PCSK5	31.4	
PDAP1	no	0	181	0	0	0	0	1	0	0	0	0	0		96.7				
PDCD5	no	0	125	0	0	0	0	0	0	0	0	0	0	100.0	85.6				
PDE4D	no	0	809	0	0	0	0	1	1	1	0	0	0	99.8	97.3	2.0			
PDE9A	no	0	593	0	0	0	0	1	1	1	0	0	0	98.0	83.1	2.0			
PDGFA	no	0	211	191	1	1	1	1	0	1	0	0	0		92.3	2.0	PDGFB	38.9	
PDGFB	no	0	241	221	1	1	1	1	1	1	0	0	0	99.6	89.6	2.0	PDGFA	38.9	
PDGFD	no	0	370	352	1	1	1	1	1	0	0	0	1	87.3	85.1		PDGFC	44.9	
PDZD11	no	0	140	0	0	0	0	1	1	0	0	0	0	100.0	97.1				
PDZD7	no	0	1033	0	0	0	0	0	0	0	0	0	0	94.5	83.1				
PDZD9	no	0	264	0	0	0	0	1	1	0	0	0	0	92.4	68.2				
PEPD	no	0	493	0	0	0	0	0	0	0	0	0	0	98.0	89.0	2.0			
PEX5	no	0	639	0	0	0	0	0	0	0	0	0	0	90.0	87.9				
PFKP	no	0	784	0	0	0	0	0	0	0	0	0	0		88.5	2.0			
PGCKA1	no	0	314	0	0	0	0	1	1	0	0	0	0	89.8	57.3				
PGK1	no	0	417	0	0	0	0	1	0	0	0	0	0		97.8				
PGLYRP4	no	0	373	356	1	1	1	1	1	0	0	0	1	94.6	75.9		PGLYRP3	61.5	
PHACTR2	no	0	634	0	0	0	0	1	1	0	0	0	0	75.0	80.5				
PHLPP1	no	0	1717	0	0	0	0	0	0	0	0	0	0	69.7	85.3				
PI15	no	0	258	239	1	1	1	1	1	0	0	0	1	99.6	93.4		R3HDML	58.6	
PI4K2A	no	0	479	0	0	0	0	1	1	0	0	0	0	92.5	95.4				
PIGT	no	1	578	506	1	1	0	1	1	0	0	1	0	90.7	93.6				2.0
PIK3AP1	no	0	805	0	0	0	0	1	1	1	0	0	0	97.0	84.8	2.0			
PINLYP	no	0	204	178	1	1	1	1	1	0	0	0	0	88.2	55.9		LYPD8	22.9	
PIP4P1	no	2	277	15	0	0	0	1	1	0	1	0	1	99.6	69.3		PIP4P2	40.0	
PIP5K1A	no	0	562	0	0	0	0	1	1	1	0	0	0	94.0	88.1	2.0			
PITPNM2	no	0	1349	0	0	0	0	1	1	0	0	0	0	57.3	86.4				
PJA2	no	0	708	0	0	0	0	1	1	0	0	0	0	95.2	83.2				
PKDCC	no	0	493	469	1	1	1	1	1	0	0	0	0	91.9	92.9				
PKM	no	0	531	0	0	0	0	1	0	0	0	0	0		97.7	2.0			
PKN1	no	0	942	0	0	0	0	1	1	0	0	0	0	59.6	91.5				
PKN2	no	0	984	0	0	0	0	1	1	0	0	0	0	98.9	94.7				
PKP1	no	0	747	0	0	0	0	1	1	0	0	0	0	98.9	95.0				
PKP2	no	0	881	0	0	0	0	1	1	0	0	0	0	98.1	78.0				
PKP3	no	0	797	0	0	0	0	1	0	0	0	0	0		93.5				
PKP4	no	0	1192	0	0	0	0	1	1	0	0	0	0	96.8	96.5				
PLA1A	no	0	456	431	1	1	1	1	1	0	0	0	0	92.3	81.4		LIPI	34.4	
PLA2G10	no	0	165	134	1	1	1	1	1	0	0	0	0	92.7	64.8		PLA2G2D	38.1	
PLA2G12A	no	0	189	167	1	1	1	1	0	0	0	0	1		89.4		PLA2G12B	44.3	
PLA2G2C	no	0	149	131	1	1	1	1	1	0	0	0	0	83.2	65.8		PLA2G2A	33.6	
PLA2G2E	no	0	142	123	1	1	1	1	1	0	0	0	1	95.8	84.5	2.0	PLA2G2A	55.6	
PLA2G3	no	0	509	490	1	1	1	1	1	0	0	0	0	92.5	65.8		PROCA1	18.8	
PLA2G4F	no	0	849	0	0	0	0	1	1	0	1	0	0	93.4	73.6				
PLA2G6	no	0	806	0	0	0	0	1	1	1	0	0	0	97.5	89.8	2.0			
PLA2G7	no	0	441	0	0	0	0	1	1	0	0	0	0	88.9	67.6				
PLAAT3	no	0	162	0	0	0	0	1	1	0	0	0	0	84.0	83.3				
PLAC8	no	0	115	0	0	0	0	1	1	0	0	0	0	93.0	81.7				
PLAT	no	0	562	540	1	1	1	1	1	0	0	0	0	97.2	79.7		KLK15	18.9	
PLBD1	no	0	553	521	1	1	1	1	1	1	0	0	0	86.4	77.4	2.0	PLBD2	35.2	
PLBD2	no	0	589	548	1	1	1	1	1	0	0	0	0	96.3	81.2		PLBD1	35.2	
PLCD3	no	0	789	0	0	0	0	1	1	0	0	0	0	79.6	88.1				
PLCG1	no	0	1290	0	0	0	0	1	1	0	0	0	0	94.7	96.9				
PLCXD2	no	0	305	0	0	0	0	0	0	0	0	0	0		93.5				
PLD1	no	0	1074	0	0	0	0	1	1	0	0	0	0	97.9	91.2				
PLD5	no	1	536	447	0	0	1	1	1	1	1	1	0	87.1	94.2	2.0	PLD3	37.4	1.0
PLEKHA4	no	0	779	0	0	0	0	1	1	0	0	0	0	91.9	80.2				
PLEKHN1	no	0	611	0	0	0	0	1	1	0	0	0	0	91.8	66.6				
PLEKHO2	no	0	490	0	0	0	0	1	0	0	0	0	0		77.6				
PLGLB1	no	0	96	77	1	1	1	0	0	0	0	0	1						
PLPP7	no	5	271	27	0	0	1	1	1	0	0	0	1	99.3	94.8		PLPP6	41.4	
PLSCR3	no	0	295	0	0	0	0	1	0	0	0	0	0		93.2				
PMEL	no	1	661	572	1	1	0	1	1	0	0	1	0	95.2	75.0		GPNMB	28.0	2.0
PMIS2	no	3	150	4	0	0	1	0	0	0	0	0	0				SYNDIG1L	16.7	
PNISR	no	0	805	0	0	0	0	1	1	0	0	0	0	99.6	92.9				
PODN	no	0	613	589	1	1	1	1	1	0	0	0	1	98.0	91.4		PODNL1	41.9	
POMZP3	no	0	187	187	0	1	1	0	0	0	0	0	0				ZP3	35.9	
POTEA	no	0	498	0	0	0	0	0	0	0	0	0	0						
POTEB	no	0	544	0	0	0	0	0	0	0	0	0	0						
POTED	no	0	584	0	0	0	0	0	0	0	0	0	0						
POTEE	no	0	1075	0	0	0	0	0	0	0	0	0	0						
POTEH	no	0	545	0	0	0	0	0	0	0	0	0	0						
PPP1R3F	no	0	799	0	0	0	0	1	0	0	0	0	0		82.2				
PPT2	no	0	302	275	1	1	1	1	1	0	0	0	0	99.3	93.4		PPT1	28.8	
PRADC1	no	0	188	167	1	1	1	1	1	0	0	0	0	98.9	97.9				
PRAF2	no	4	178	3	0	0	0	1	1	0	0	0	0	97.8	91.0		ARL6IP5	25.0	
PRAP1	no	0	151	131	1	1	1	0	0	0	0	0	0						
PRCD	no	1	54	4	0	1	0	1	1	0	0	0	0	98.1	72.2				
PRDX2	no	0	198	0	0	0	0	1	0	1	0	0	0		92.4	2.0			
PREP	no	0	710	0	0	0	0	0	0	0	0	0	0	98.9	95.8				
PRF1	no	0	555	532	1	1	1	1	1	1	0	0	0	94.8	68.3	2.0	CSMD3	6.2	
PRKCA	no	0	672	0	0	0	0	1	1	0	0	0	0	99.7	99.4				
PROK2	no	0	129	102	1	1	1	1	1	0	0	0	1	95.3	75.2		PROK1	44.1	
PRR15L	no	0	103	0	0	0	0	0	0	0	0	0	0	98.1	84.5				
PRR27	no	0	219	204	1	1	1	0	1	0	0	0	0	88.1					
PRR32	no	0	298	0	0	0	0	1	1	0	0	0	0	89.9	51.0				
PRSS22	no	0	317	285	1	1	1	1	1	0	0	0	0	82.6	74.4		TMPRSS6	15.8	
PRSS23	no	0	383	360	1	1	1	1	1	0	0	0	1	99.0	90.6		PRSS35	49.9	
PRSS35	no	0	413	393	1	1	1	1	1	0	0	0	1	96.1	77.2		PRSS23	49.9	
PRSS37	no	0	235	216	1	1	1	1	1	0	0	0	0	97.0	83.0		KLK15	31.2	
PRSS53	no	0	553	530	1	1	1	1	1	0	0	0	0	84.8	80.3		PRSS36	27.0	
PRSS54	no	0	395	366	1	1	1	1	1	0	0	0	0	91.9	57.7		KLK12	18.0	
PSAP	no	0	524	508	1	1	1	1	1	0	0	0	1	96.2	66.2		PSAPL1	44.7	
PSD2	no	0	771	0	0	0	0	1	1	0	0	0	0	90.8	88.3				
PSEN1	no	9	467	40	0	0	1	1	1	0	1	0	1	100.0	92.7		PSEN2	75.6	
PSEN2	no	9	448	41	0	0	1	1	1	0	0	0	1	99.8	96.0		PSEN1	78.0	
PSG11	no	0	335	301	1	1	1	0	0	0	0	0	1				PSG2	89.7	
PSG4	no	0	419	385	1	1	1	0	0	0	0	0	1				PSG7	90.4	
PSG5	no	0	335	301	1	1	1	0	0	0	0	0	1				PSG3	68.0	
PSG8	no	0	426	392	1	1	1	0	0	0	0	0	1				PSG1	90.6	
PTCHD3	no	12	954	440	0	0	0	1	1	0	1	1	0	91.7	67.0		PTCHD4	23.6	1.0
PTEN	no	0	403	0	0	0	0	0	1	0	0	0	0	100.0					
PTER	no	0	349	0	0	0	0	1	1	1	0	0	0	98.0	87.7	2.0			
PTGDS	no	0	190	168	1	1	1	1	1	0	0	0	0	93.7	72.1		LCN2	35.4	
PTK2B	no	0	1009	0	0	0	0	1	1	0	0	0	0	98.9	95.4				
PTK6	no	0	451	0	0	0	0	1	1	0	0	0	0	96.2	80.0				
PTOV1	no	0	416	0	0	0	0	0	0	0	0	0	0	95.0	96.6				
PTPN22	no	0	807	0	0	0	0	1	1	0	0	0	0	95.2	70.9				
PTPN4	no	0	926	0	0	0	0	1	1	0	0	0	0	99.4	94.7				
PTX3	no	0	381	364	1	1	1	1	1	0	0	0	0	94.8	81.9		NPTX2	26.1	
PTX4	no	0	478	453	1	1	1	1	1	0	0	0	0	90.4	65.1		APCS	17.0	
PXDC1	no	0	231	0	0	0	0	1	1	0	0	0	0	98.3	92.2				
PYCARD	no	0	195	0	0	0	0	0	0	0	0	0	0	92.3	71.3				
QPCT	no	0	361	333	1	1	1	1	1	0	0	0	1	97.2	82.0		QPCTL	49.8	
R3HDML	no	0	253	230	1	1	1	1	1	0	0	0	1	94.5	77.9		PI15	58.6	
RAB13	no	0	203	0	0	0	0	1	1	0	0	0	0	100.0	91.6				
RAB22A	no	0	194	0	0	0	0	1	1	0	0	0	0	99.0	85.6				
RAB27B	no	0	218	0	0	0	0	1	1	0	0	0	0	99.1	94.5				
RALA	no	0	206	0	0	0	0	1	1	0	0	0	0	100.0	99.5				
RALBP1	no	0	655	0	0	0	0	1	0	0	0	0	0		91.6				
RALGAPA2	no	0	1873	0	0	0	0	1	1	0	0	0	0	98.6	91.4				
RAPGEF2	no	0	1499	0	0	0	0	1	1	0	0	0	0	99.7	84.9				
RASA4B	no	0	803	0	0	0	0	0	0	0	0	0	0						
RASGRP4	no	0	673	0	0	0	0	1	1	0	0	0	0	96.6	85.7				
RASL10B	no	0	203	0	0	0	0	0	1	0	0	0	0	99.5					
RCCD1	no	0	376	0	0	0	0	1	1	0	0	0	0	85.9	73.7				
RDX	no	0	583	0	0	0	0	1	1	1	0	0	0	99.8	98.5	2.0			
RETNLB	no	0	111	88	1	1	1	0	1	0	0	0	1	86.5			RETN	50.0	
RFPL3	no	0	317	0	0	0	0	0	0	1	0	0	0			2.0			
RFTN2	no	0	501	0	0	0	0	1	1	0	0	0	0	97.2	79.4				
RGS14	no	0	566	0	0	0	0	0	0	0	0	0	0	96.5	85.2				
RGS19	no	0	217	0	0	0	0	1	1	0	0	0	0	98.6	90.3				
RGS7BP	no	0	257	0	0	0	0	1	1	0	0	0	0	99.6	94.6				
RGS8	no	0	180	0	0	0	0	1	1	0	0	0	0	95.0	98.3				
RHBDL3	no	7	404	74	0	0	1	1	1	0	0	0	1	67.8	95.5		RHBDL1	55.4	
RHOA	no	0	193	0	0	0	0	1	1	0	0	0	0	100.0	99.5				
RIGI	no	0	925	0	0	0	0	1	1	0	0	0	0	95.7	77.1				
RIMS2	no	0	1411	0	0	0	0	1	1	0	0	0	0	92.5	91.8				
RIMS4	no	0	269	0	0	0	0	1	1	0	0	0	0	99.6	99.3				
RIPK1	no	0	671	0	0	0	0	1	1	0	0	0	0	94.2	69.6				
RNASE12	no	0	147	127	1	1	1	1	1	0	0	0	0	95.2	67.3		RNASE9	22.9	
RNASE13	no	0	156	134	1	1	1	1	1	0	0	0	0	81.4	69.9		ANG	23.1	
RNASE4	no	0	147	119	1	1	1	1	1	0	0	0	1	96.6	83.7		RNASE1	40.6	
RNF11	no	0	154	0	0	0	0	0	0	0	0	0	0						
RNF114	no	0	228	0	0	0	0	1	1	0	0	0	0	98.7	89.9				
RNF13	no	1	381	149	1	1	0	1	1	0	0	0	1	99.5	93.4		RNF167	54.4	
RNF146	no	0	359	0	0	0	0	1	1	0	0	0	0	98.6	92.5				
RNF149	no	1	400	168	1	1	0	1	1	0	0	1	1	95.8	76.8		RNF148	41.7	3.0
RNF152	no	1	203	16	0	0	1	1	1	0	0	0	1	99.5	97.5	2.0	CD274	1.8	
RNF180	no	1	592	2	0	0	1	1	1	0	1	0	0	97.3	82.1				
RNF217	no	0	542	0	0	0	0	1	1	0	0	0	0	98.2	79.0				
RNF39	no	0	420	0	0	0	0	1	1	0	0	0	0	97.2	83.2				
RNFT2	no	6	444	37	0	0	0	1	1	1	1	0	1	91.4	92.3	2.0	RNFT1	43.6	
RP2	no	0	350	0	0	0	0	1	1	0	0	0	0	99.1	88.0				
RPLP0	no	0	317	0	0	0	0	0	0	0	0	0	0						
RPLP2	no	0	115	0	0	0	0	0	1	0	0	0	0	100.0					
RPRM	no	1	109	58	0	1	0	1	1	0	0	0	0	100.0	97.2		RPRML	33.3	
RRM2	no	0	389	0	0	0	0	0	0	0	0	0	0	98.7	91.5	2.0			
RRP12	no	0	1297	0	0	0	0	1	1	0	0	0	0	97.7	90.4				
RSPO3	no	0	272	251	1	1	1	1	1	0	0	0	1	95.6	89.3		RSPO2	42.2	
RSPRY1	no	0	576	0	0	0	0	1	1	0	0	0	0	99.3	96.7				
RTBDN	no	0	229	199	1	1	1	1	1	0	0	0	0	94.8	54.6		FOLR1	23.4	
RTL3	no	0	475	0	0	0	0	1	0	0	0	0	0		60.0				
RTL4	no	0	310	0	0	0	0	1	1	0	0	0	0	93.5	58.1				
RTL6	no	0	239	0	0	0	0	0	0	0	0	0	0	97.9	92.9				
RTL8C	no	0	209	0	0	0	0	0	0	0	0	0	0						
RTN2	no	4	545	7	0	0	0	1	1	0	0	0	1	77.1	72.3		RTN1	100.0	
RTN3	no	4	1032	2	0	0	0	1	1	0	1	0	1	84.8	63.9		RTN1	100.0	
S100A3	no	0	101	0	0	0	0	1	1	1	0	0	0	98.0	90.1	2.0			
SAMD10	no	0	202	0	0	0	0	1	0	0	0	0	0		92.1				
SAMD12	no	0	201	0	0	0	0	1	1	0	0	0	0	78.6	74.6				
SAPCD1	no	0	148	0	0	0	0	1	1	1	0	0	0	93.8	58.4	2.0			
SAPCD2	no	0	394	0	0	1	0	0	0	0	0	0	0	92.9	75.1	2.0			
SART3	no	0	963	0	0	0	0	1	1	0	0	0	0	98.5	86.8	2.0			
SCG2	no	0	617	590	1	1	1	1	1	0	0	0	0	91.2	81.8				
SCPEP1	no	0	452	426	1	1	1	1	1	1	0	0	0	96.0	82.3	2.0	CPVL	26.9	
SCPPPQ1	no	0	79	64	1	1	1	0	0	0	0	0	0						
SCRG1	no	0	98	78	1	1	1	1	1	0	0	0	0	93.9	81.6				
SCRIB	no	0	1655	0	0	0	0	1	0	0	0	0	0		87.1				
SDCBP	no	0	298	0	0	0	0	1	1	1	0	0	0	94.0	90.3	2.0			
SDIM1	no	0	146	0	0	0	0	0	0	0	0	0	0						
SELENOF	no	0	165	134	1	1	1	1	1	0	0	0	0	97.0	90.9		SELENOM	21.6	
SELENOP	no	0	381	363	1	1	1	1	0	0	0	0	0		71.1				
SELENOS	no	1	189	28	0	1	0	1	1	0	0	0	0	84.7	83.6				
SEMA3C	no	0	751	730	1	1	1	1	1	1	0	0	1	99.2	97.1	2.0	SEMA3F	52.3	
SEMA3E	no	0	775	750	1	1	1	1	1	1	0	0	1	99.2	90.2	2.0	SEMA3G	50.8	
SEMA3G	no	0	782	760	1	1	1	1	1	1	0	0	1	97.8	87.1	2.0	SEMA3E	50.9	
SERPINB2	no	0	415	0	0	0	0	1	1	0	0	0	0	94.9	75.9				
SERPINB5	no	0	375	0	0	0	0	1	1	0	0	0	0	98.7	89.1				
SFTA2	no	0	78	59	1	1	1	1	1	0	0	0	0	98.7	53.8				
SFTPA2	no	0	248	229	1	1	1	0	0	1	0	0	1			4.0	SFTPA1	97.4	
SGPL1	no	1	568	39	0	1	0	1	1	0	0	0	0	99.6	84.7	2.0			
SGSH	no	0	502	482	1	1	1	1	1	0	0	0	0	96.6	88.2	2.0	ARSA	30.5	
SGSM2	no	0	1006	0	0	0	0	0	0	0	0	0	0	97.8	88.6				
SH3TC2	no	0	1288	0	0	0	0	0	0	0	0	0	0	97.4	81.6				
SH3YL1	no	0	342	0	0	0	0	1	1	0	0	0	0	98.8	92.4				
SHANK1	no	0	2161	0	0	0	0	1	0	0	0	0	0		93.9				
SHANK2	no	0	1849	0	0	0	0	1	1	0	0	0	0	67.6	89.3				
SHBG	no	0	402	373	1	1	1	1	1	1	0	0	0	87.3	66.2	2.0	PROS1	18.1	
SHISA2	no	1	295	84	1	1	0	1	1	0	0	0	1	98.3	92.5		SHISA3	60.7	
SHISA3	no	1	238	77	1	1	0	1	1	0	0	0	1	98.7	92.9		SHISA2	60.7	
SHISAL1	no	1	199	73	1	1	0	1	0	0	0	0	0		93.5		SHISA4	30.1	
SHISAL2A	no	1	190	64	0	1	0	1	1	0	0	0	1	70.5	74.7		SHISAL2B	58.2	
SHKBP1	no	0	707	0	0	0	0	1	1	0	0	0	0	98.6	92.8				
SHROOM1	no	0	852	0	0	0	0	1	0	0	0	0	0		59.3				
SHROOM2	no	0	1616	0	0	0	0	1	0	0	0	0	0		63.9				
SHROOM3	no	0	1996	0	0	0	0	1	1	0	0	0	0	88.1	71.2				
SIAE	no	0	523	500	1	1	1	1	1	0	0	0	0	96.9	78.6				
SIPA1L3	no	0	1781	0	0	0	0	1	1	0	0	0	0	93.8	91.2				
SIRT2	no	0	389	0	0	0	0	0	0	0	0	0	0		79.2				
SKAP1	no	0	359	0	0	0	0	1	1	1	0	0	0	97.5	81.6	2.0			
SLC10A3	no	9	477	200	1	1	0	1	1	0	0	0	0	95.4	85.1		SLC10A5	29.0	
SLC10A4	no	9	437	154	0	1	0	0	1	0	0	0	0	96.8			SLC10A1	15.6	
SLC10A7	no	10	340	70	0	0	0	1	1	0	1	0	0	97.9	94.7				
SLC11A1	no	12	550	119	0	0	0	1	1	0	1	0	1	97.1	86.9		SLC11A2	57.1	
SLC12A9	no	12	914	100	0	0	0	1	1	1	1	0	0	94.6	93.2	2.0	SLC12A8	24.0	
SLC15A3	no	12	581	151	0	0	0	1	1	0	0	1	1	91.6	80.7		SLC15A4	41.7	1.0
SLC15A5	no	12	579	108	0	0	0	1	1	0	0	0	0	95.0	62.7		SLC15A1	8.8	
SLC17A6	no	12	582	96	0	0	0	1	1	0	0	0	1	99.7	97.4		SLC17A7	86.5	
SLC17A7	no	12	560	93	0	0	0	1	0	0	0	0	1		98.6		SLC17A6	83.3	
SLC18A3	no	12	532	112	0	0	0	1	1	0	0	0	0	98.3	94.2		SLC18A2	27.9	
SLC18B1	no	12	456	53	0	0	0	1	1	0	0	0	0	96.3	79.8		SLC18A3	12.5	
SLC22A10	no	12	541	139	0	0	0	0	0	0	1	0	1				SLC22A9	73.4	
SLC24A5	no	10	500	103	1	1	1	1	1	0	0	0	0	95.8	84.8		SLC24A4	36.7	
SLC2A6	no	12	507	80	0	0	0	1	1	0	0	0	0	95.9	81.5		SLC2A10	23.7	
SLC30A6	no	6	461	29	0	0	0	1	1	1	1	0	0	98.3	92.2	2.0	SLC30A1	21.7	
SLC33A1	no	12	549	116	0	0	0	1	1	0	0	0	0	98.7	93.6		SLC33A2	17.2	
SLC35F4	no	10	521	51	0	0	0	1	1	0	0	0	1	93.8	95.3		SLC35F3	52.9	
SLC35G1	no	10	365	70	0	0	0	1	1	0	0	0	0	90.7	79.2		SLC35G4	18.6	
SLC35H1	no	10	365	44	0	0	0	1	1	0	0	0	0	96.4	95.1		SLC35E3	29.5	
SLC36A3	no	11	470	94	0	0	1	1	1	0	1	0	1	96.0	74.5		SLC36A1	51.9	
SLC37A2	no	12	501	89	0	0	0	1	1	0	1	0	1	96.2	87.8		SLC37A1	49.0	
SLC37A3	no	12	494	90	0	0	0	0	1	0	1	0	0	90.7			SLC17A3	24.2	
SLC38A12	no	11	496	96	0	0	1	1	1	0	1	0	0	89.9	89.7				
SLC39A13	no	6	371	77	1	1	1	1	1	1	0	0	0	83.8	87.9	2.0	SLC39A7	14.7	
SLC45A1	no	12	748	80	0	0	0	1	1	0	0	0	1	98.7	90.9		SLC45A4	52.5	
SLC45A2	no	12	530	75	0	0	0	1	1	0	1	0	0	96.2	82.5		SLC45A4	38.8	
SLC46A3	no	12	461	103	0	0	0	1	1	0	1	0	0	95.9	74.8		SLC46A1	32.0	
SLC60A1	no	12	514	110	0	0	0	1	1	0	1	0	0	97.9	85.4		SLC60A2	19.1	
SLC66A1	no	7	291	94	0	1	0	1	1	0	1	0	0	80.8	86.3		TMEM44	33.0	
SLC67A2	no	12	474	53	0	0	0	1	1	0	0	0	0	93.0	72.4		SLC61A1	12.7	
SLC6A17	no	12	727	223	0	0	0	1	1	0	0	0	1	99.2	96.6		SLC6A15	63.3	
SLC71A2	no	12	506	80	0	0	0	1	1	0	1	0	1	99.4	90.3		SLC71A1	61.0	
SLC7A14	no	14	771	100	0	0	0	1	1	0	0	0	0	93.3	96.8		SLC7A4	36.9	
SLC8B1	no	12	584	146	1	1	1	1	1	0	1	0	0	96.4	82.9				
SLC9D1	no	13	677	312	1	1	0	1	1	1	1	1	0	96.9	89.5	2.0			1.0
SLIT1	no	0	1534	1501	1	1	1	1	1	0	0	0	1	97.5	94.4		SLIT2	66.4	
SLIT2	no	0	1529	1504	1	1	1	1	1	0	0	0	1	99.7	96.7		SLIT3	67.2	
SLIT3	no	0	1523	1490	1	1	1	1	1	0	0	0	1	98.1	94.0		SLIT2	67.2	
SLURP2	no	0	97	75	1	1	1	0	0	0	0	0	0						
SMC3	no	0	1217	0	0	0	0	1	1	0	0	0	0	99.9	99.9				
SMIM21	no	0	101	0	0	0	0	0	0	0	0	0	0						
SMIM30	no	1	59	5	1	1	0	1	0	0	0	0	0		91.5				
SMIM47	no	1	28	2	0	1	0	1	0	0	0	0	0		89.3				
SMIM48	no	1	119	5	0	0	1	1	0	0	0	0	0		72.3				
SMIM7	no	2	75	7	0	1	1	1	1	0	0	0	0	96.0	96.0				
SMLR1	no	2	107	14	0	0	0	0	1	0	0	0	0	86.9					
SMPD2	no	2	423	6	0	0	0	1	1	1	0	0	0	95.7	75.2	2.0			
SMPD4	no	2	866	8	0	0	0	1	1	0	0	0	0	98.7	89.7				
SMPDL3A	no	0	453	431	1	1	1	1	1	0	0	0	1	95.8	79.2		SMPDL3B	40.0	
SNAP25	no	0	206	0	0	0	0	1	1	1	0	0	0	98.5	95.6	2.0			
SNTB2	no	0	540	0	0	0	0	1	1	0	0	0	0	99.1	79.8				
SNTG2	no	0	539	0	0	0	0	1	1	0	0	0	0	95.2	83.1				
SOCS3	no	0	225	0	0	0	0	1	0	0	0	0	0		96.9				
SOD2	no	0	222	0	0	0	0	0	0	0	0	0	0	95.9	90.1	2.0			
SORBS1	no	0	1292	0	0	0	0	1	1	0	0	0	0	85.3	55.7				
SPAAR	no	1	90	17	0	1	0	1	0	0	0	0	0		65.3				
SPACA7	no	0	195	171	1	1	1	0	1	0	0	0	0	84.1					
SPACDR	no	0	206	0	0	0	0	0	0	0	0	0	0						
SPADH	no	0	137	116	1	1	1	0	0	0	0	0	0						
SPAG1	no	0	926	0	0	0	0	0	0	0	0	0	0	96.1	68.9				
SPAG9	no	0	1321	0	0	0	0	0	0	0	0	0	0	99.6	95.6				
SPATA12	no	0	190	0	0	0	0	0	1	0	0	0	0	90.0					
SPATA31A3	no	1	1347	24	0	1	0	0	0	0	0	0	0				SPATA31C2	95.8	
SPATA31A7	no	1	1347	24	0	1	0	0	0	0	0	0	1				SPATA31A5	100.0	
SPATA31E1	no	1	1445	63	0	1	0	0	0	0	0	0	0				SPATA31A3	23.8	
SPEF1	no	0	236	0	0	0	0	1	1	1	0	0	0	96.2	88.1	2.0			
SPG11	no	0	2443	0	0	0	0	1	0	0	0	0	0		76.5				
SPHK1	no	0	384	0	0	0	0	1	1	0	0	0	0	96.6	80.2				
SPINK14	no	0	97	73	1	1	1	1	1	0	0	0	1	92.8	64.9		SPINK7	45.2	
SPINK4	no	0	86	60	1	1	1	1	1	0	0	0	0	90.7	62.8				
SPINK5	no	0	1064	1042	1	1	1	1	1	0	0	0	0	94.3	60.6		SPINK6	3.7	
SPINK6	no	0	80	57	1	1	1	1	1	0	0	0	0	95.0	77.5		SPINK5	3.1	
SPINK7	no	0	85	63	1	1	1	1	1	0	0	0	1	96.5	67.1		SPINK14	45.2	
SPINT4	no	0	99	75	1	1	1	0	1	0	0	0	0	90.9			WFIKKN2	7.2	
SPIRE1	no	0	756	0	0	0	0	1	1	0	0	0	0	97.9	88.9				
SPNS3	no	12	512	83	0	0	0	1	1	0	1	0	1	94.5	79.3		SPNS1	41.9	
SPOCK1	no	0	439	418	1	1	1	1	1	0	0	0	1	98.9	95.2		SPOCK3	53.8	
SPOCK3	no	0	436	415	1	1	1	1	1	0	0	0	1	99.1	85.7		SPOCK1	53.8	
SPPL2A	no	9	520	195	1	1	0	1	1	0	0	0	1	95.0	79.8		SPPL2B	40.8	
SPPL3	no	9	384	77	0	1	0	1	1	0	1	0	0	98.2	100.0		SPPL2B	13.9	
SPRR2A	no	0	72	0	0	0	0	0	0	0	0	0	0						
SPRR2G	no	0	73	0	0	0	0	0	0	0	0	0	0						
SPRYD3	no	0	442	0	0	0	0	1	1	0	0	0	0	98.2	99.5				
SQSTM1	no	0	440	0	0	0	0	0	0	0	0	0	0	97.7	91.1				
SRPX	no	0	464	434	1	1	1	1	1	0	0	0	1	94.4	92.7		CSMD3	5.5	
SSC4D	no	0	575	528	1	1	1	1	1	0	0	0	0	97.4	87.7		DMBT1	12.4	
SSC5D	no	0	1573	1557	1	1	1	1	1	0	0	0	0	80.5	64.3		LGALS3BP	12.5	
SSR1	no	1	286	175	1	1	0	1	1	0	0	1	0	85.3	95.5				2.0
STAMBP	no	0	424	0	0	0	0	1	1	1	0	0	0	99.1	83.5	2.0			
STAMBPL1	no	0	436	0	0	0	0	1	1	0	0	0	0	96.3	91.1				
STBD1	no	0	358	0	0	0	0	1	1	0	0	0	0	94.7	63.1				
STOML1	no	2	398	1	0	0	0	1	1	1	0	0	0	68.6	89.2	13.0	STOM	0.0	
STRN3	no	0	797	0	0	0	0	1	1	0	0	0	0	99.1	96.0				
STX19	no	0	294	0	0	0	0	1	1	0	0	0	0	98.0	86.1				
STX1A	no	1	288	2	0	0	1	1	1	0	1	0	1	91.3	98.3		STX5	50.0	
SUCO	no	3	1254	871	1	1	0	1	1	0	1	1	0	97.8	86.0				4.0
SUMF1	no	0	374	340	1	1	1	1	1	0	0	0	1	96.5	85.8		SUMF2	40.0	
SUN5	no	1	379	261	0	0	1	1	1	1	0	0	1	93.7	72.6	3.0	SPAG4	42.9	
SV2B	no	12	683	173	0	0	0	1	1	0	1	0	1	99.4	94.9		SV2A	64.7	
SV2C	no	12	727	170	0	0	0	1	1	0	0	0	1	98.9	97.1		SV2A	57.6	
SVIL	no	0	2214	0	0	0	0	1	0	0	0	0	0		80.7				
SYCP1	no	0	976	0	0	0	0	1	1	0	0	0	0	96.8	74.3				
SYDE2	no	0	1194	0	0	0	0	1	1	0	0	0	0	89.9	74.6				
SYK	no	0	635	0	0	0	0	1	1	0	0	0	0	95.6	91.5				
SYNC	no	0	482	0	0	0	0	1	1	1	0	0	0	94.0	76.6	2.0			
SYNDIG1L	no	3	238	12	0	0	1	1	1	0	0	0	1	98.7	88.7		SYNDIG1	58.3	
SYNE2	no	1	6885	32	0	0	1	1	1	0	1	0	1	96.0	70.4		SYNE3	78.1	
SYNJ2BP	no	1	145	6	0	0	1	0	0	0	0	0	0	97.9	91.0				
SYPL1	no	4	259	98	0	0	0	1	1	0	0	0	0	95.9	84.2		SYP	35.3	
SYPL2	no	4	272	97	0	0	0	1	1	0	1	0	1	98.9	91.2		SYNPR	41.4	
SYT11	no	1	431	15	0	1	0	1	1	0	0	0	1	99.3	95.1		SYT15	20.0	
SYT12	no	1	421	20	0	1	0	0	0	0	0	0	1	97.1	95.0		SYT9	18.9	
SYT14	no	1	555	25	0	1	0	1	1	0	1	0	1	89.9	80.3		SYT11	32.0	
SYT6	no	1	510	60	0	1	0	1	1	0	1	0	0	94.7	95.9		SYT13	15.0	
TBC1D10A	no	0	508	0	0	0	0	1	1	0	0	0	0	97.6	90.6				
TBC1D3D	no	0	549	0	0	0	0	0	0	0	0	0	0						
TBC1D3E	no	0	549	0	0	0	0	0	0	0	0	0	0						
TBC1D3K	no	0	549	0	0	0	0	0	0	0	0	0	0						
TBC1D8	no	0	1140	0	0	0	0	1	1	0	0	0	0	98.1	90.5				
TBC1D9B	no	0	1250	0	0	0	0	1	1	0	0	0	0	97.8	92.4				
TCP11X1	no	0	502	0	0	0	0	0	0	0	0	0	0						
TEX36	no	0	186	0	0	0	0	1	1	0	0	0	0	84.9	61.3				
TF	no	0	698	679	1	1	1	1	1	0	0	0	1	91.8	73.1		LTF	60.9	
THNSL2	no	0	484	0	0	0	0	1	1	0	0	0	0	95.5	83.1				
TJP1	no	0	1748	0	0	0	0	1	1	0	0	0	0	98.7	88.0				
TK1	no	0	234	0	0	0	0	0	0	0	0	0	0	98.3	87.2	2.0			
TLL2	no	0	1015	990	1	1	1	1	1	0	0	0	1	97.4	90.0		BMP1	74.1	
TLN1	no	0	2541	0	0	0	0	1	1	0	0	0	0	99.5	98.7				
TM2D3	no	2	247	171	1	1	1	1	1	0	0	0	0	82.2	87.0		TM2D1	21.1	
TM6SF1	no	10	370	89	0	0	0	1	1	1	0	0	1	94.1	94.3	2.0	TM6SF2	52.2	
TM9SF3	no	9	589	236	1	1	0	1	1	0	0	1	0	99.3	99.0		TM9SF1	33.3	1.0
TM9SF4	no	9	642	303	1	1	0	1	1	0	0	0	0	100.0	96.9		TM9SF2	33.8	
TMBIM1	no	7	311	32	0	0	1	1	1	0	0	0	1	98.4	88.7		FAIM2	46.9	
TMCO5A	no	1	288	44	0	0	1	1	1	0	1	0	0	94.4	71.2		SMCO2	38.6	
TMED7	no	1	224	151	1	1	0	1	0	0	1	1	1		96.0		TMED3	70.1	1.0
TMED8	no	0	325	0	0	0	0	1	1	0	0	0	0	96.9	86.2				
TMEM102	no	0	508	0	0	0	0	1	1	1	0	0	0	92.5	79.9	2.0			
TMEM116	no	4	245	50	0	0	0	1	1	0	1	0	0	86.6	70.0		GPR157	25.0	
TMEM121B	no	8	578	43	0	0	0	1	0	0	1	0	0		87.4				
TMEM125	no	4	219	20	0	0	0	1	1	0	0	0	0	58.9	84.9				
TMEM127	no	4	238	73	0	0	0	0	0	0	0	0	0	98.7	98.7				
TMEM134	no	2	195	10	0	0	0	1	1	0	1	0	0	96.9	93.3				
TMEM141	no	2	108	6	0	0	0	1	1	0	0	0	1	93.5	78.7				
TMEM151A	no	2	468	31	0	0	0	1	0	0	0	0	0		97.4		TMEM151B	32.3	
TMEM151B	no	2	566	26	0	0	0	1	0	0	0	0	0		93.3		TMEM151A	35.5	
TMEM161A	no	9	479	137	0	1	0	1	1	0	1	0	0	96.7	82.9		TMEM161B	37.2	
TMEM164	no	7	297	76	0	1	0	1	1	1	1	0	0	100.0	94.9	2.0			
TMEM165	no	6	324	85	1	1	1	1	1	0	0	0	0	83.3	91.4				
TMEM17	no	4	198	23	0	0	0	1	1	0	0	0	0	98.0	79.8		TMEM216	26.1	
TMEM171	no	4	324	38	0	0	0	1	1	0	0	0	0	94.1	74.7				
TMEM178A	no	4	297	175	0	0	0	1	1	0	1	0	1	91.2	98.3		TMEM178B	45.1	
TMEM178B	no	4	294	166	0	0	0	1	1	0	0	0	1	99.7	99.7		TMEM178A	44.0	
TMEM183A	no	0	376	0	0	0	0	1	1	0	0	0	0	94.7	93.4				
TMEM184B	no	7	407	91	0	1	0	1	0	0	0	0	0		96.1		TMEM184A	39.2	
TMEM184C	no	8	438	64	0	0	0	1	1	0	1	0	0	98.9	78.5		TMEM184A	14.7	
TMEM187	no	8	261	47	0	0	0	0	0	0	0	0	0						
TMEM207	no	1	146	21	1	1	0	1	1	0	0	0	0	93.8	61.6				
TMEM213	no	1	107	43	1	1	0	1	1	0	1	0	0	91.6	68.2				
TMEM217B	no	4	170	44	0	0	0	0	0	0	0	0	0				TMEM217	19.1	
TMEM222	no	1	208	7	0	0	1	1	1	0	0	0	0	89.9	94.2				
TMEM225	no	4	225	56	0	0	0	0	1	1	0	0	0	84.9		2.0			
TMEM225B	no	4	221	60	0	0	0	0	0	0	0	0	0						
TMEM230	no	2	120	12	0	0	0	1	1	0	0	0	0	100.0	96.7				
TMEM231	no	2	316	224	0	0	0	1	1	0	1	1	0	82.9	86.7				1.0
TMEM232	no	0	657	0	0	0	0	1	1	0	0	0	0	95.0	65.8				
TMEM235	no	4	223	92	0	0	0	1	1	0	0	0	0	91.5	68.2		TMEM114	38.2	
TMEM238	no	2	176	10	0	0	0	1	0	0	0	0	0		85.2				
TMEM244	no	4	128	33	0	0	0	0	0	0	0	0	0				SYS1	20.6	
TMEM245	no	16	879	228	0	0	0	1	1	0	1	1	0	97.8	91.5				2.0
TMEM252	no	2	170	11	0	0	0	1	1	0	0	0	0	92.9	65.3				
TMEM254	no	4	123	28	0	0	0	1	0	0	1	0	0		81.3				
TMEM255B	no	4	326	96	0	0	0	1	1	0	0	0	0	84.0	77.6				
TMEM256	no	4	113	27	0	0	0	1	1	0	0	0	1	98.2	89.4				
TMEM35B	no	4	154	43	0	0	0	1	0	0	0	0	0		65.6		TMEM35A	14.0	
TMEM37	no	4	190	55	0	0	0	1	1	0	0	0	0	93.2	74.7				
TMEM42	no	4	159	17	0	0	0	1	0	0	0	0	0		81.1	2.0			
TMEM44	no	7	475	66	0	1	0	1	1	0	0	0	0	93.0	78.3		SLC66A1	24.5	
TMEM50A	no	4	157	22	0	0	0	1	1	0	0	0	0	99.4	94.3		TMEM50B	36.0	
TMEM59L	no	1	342	243	1	1	0	1	0	0	0	0	0		72.5		TMEM59	32.1	
TMEM61	no	2	210	30	0	0	0	0	1	0	0	0	0	91.9					
TMEM65	no	3	240	25	0	0	1	1	1	1	0	0	0	90.0	90.8	2.0			
TMEM79	no	5	394	60	0	0	1	1	1	1	0	0	0	98.0	83.0	3.0			
TMEM86A	no	8	240	24	0	0	0	1	1	0	0	0	0	97.9	88.8		TMEM86B	25.0	
TMEM86B	no	8	226	23	0	0	0	1	0	1	0	0	0		65.9	2.0	TMEM86A	25.0	
TMEM87B	no	7	555	231	1	1	0	1	1	0	0	1	0	96.9	88.3		TMEM87A	32.2	1.0
TMEM9	no	1	183	67	1	1	0	1	1	0	0	0	1	100.0	97.3		TMEM9B	76.1	
TMEM91	no	3	172	8	0	0	1	1	1	0	1	0	0	70.9	78.5		SYNDIG1L	8.3	
TMEM9B	no	1	198	67	1	1	0	1	1	0	0	0	1	99.5	94.9		TMEM9	76.1	
TMTC2	no	11	836	533	0	0	1	1	1	0	0	0	0	99.5	95.7		TMTC1	38.9	
TMUB1	no	3	246	17	0	1	0	0	1	0	0	0	0	98.4			TMUB2	31.0	
TMX4	no	1	349	166	1	1	0	1	1	0	0	1	1	97.1	79.7		TMX1	48.2	1.0
TNFAIP8	no	0	198	0	0	0	0	0	0	0	0	0	0	94.4	89.4				
TNK2	no	0	1038	0	0	0	0	1	1	0	0	0	0	91.4	93.3				
TOMM40	no	0	361	134	1	0	0	1	1	0	0	0	0	98.9	93.1				
TP53I11	no	4	189	27	0	0	0	1	1	1	0	0	0	98.4	90.5	2.0			
TPCN1	no	12	816	153	0	0	0	1	1	1	1	1	0	98.9	90.9	2.0	TPCN2	31.2	1.0
TPTE2	no	4	522	26	0	0	0	0	0	0	1	0	1				TPTE	92.9	
TRAPPC14	no	0	580	0	0	0	0	1	1	0	0	0	0	82.8	96.4				
TRDN	no	2	729	1	0	0	0	1	1	0	1	0	0	94.5	67.2				
TSGA13	no	0	275	0	0	0	0	1	1	0	0	0	0	94.9	58.9				
TSPO	no	5	169	24	0	1	0	0	0	0	0	0	0	98.2	81.1				
TTC17	no	1	1141	1	1	1	0	1	1	0	1	0	0	99.0	95.5				
TTC7B	no	0	843	0	0	0	0	1	1	0	0	0	0	99.8	97.0				
TTLL12	no	0	644	0	0	0	0	1	1	0	0	0	0	96.7	85.1				
TXNDC11	no	1	985	905	0	0	1	1	1	0	0	0	0	96.6	81.9		TMX1	9.3	
TXNDC15	no	1	360	291	1	1	0	1	0	0	0	1	0		76.9				1.0
UBAC1	no	0	405	0	0	0	0	1	0	0	0	0	0		90.1				
UBAC2	no	6	344	37	0	0	0	1	1	0	1	0	0	96.2	89.2				
UBALD1	no	0	177	0	0	0	0	1	1	0	0	0	0	96.6	92.1				
UGT8	no	1	541	453	1	1	0	1	1	1	0	0	0	98.9	93.2	2.0	UGT2B17	38.2	
UNC79	no	0	2635	0	0	0	0	1	1	0	0	0	0	97.2	93.7				
UNC93B1	no	12	597	102	0	0	0	1	1	0	0	0	0	90.6	90.8		UNC93A	26.5	
USP12	no	0	370	0	0	0	0	0	0	0	0	0	0	100.0	98.4				
USP14	no	0	494	0	0	0	0	1	1	0	0	0	0	99.8	96.8				
USP53	no	0	1073	0	0	0	0	1	1	0	0	0	0	96.1	74.8				
USP6NL	no	0	828	0	0	0	0	1	0	0	0	0	0		82.1				
UTRN	no	0	3433	0	0	0	0	1	1	0	0	0	0	97.8	87.5				
UTS2B	no	0	119	91	1	1	1	0	1	0	0	0	0	84.0					
VAMP2	no	1	116	4	0	0	1	1	1	0	0	0	1	99.1	95.7		VAMP1	75.0	
VAMP4	no	1	141	4	0	0	1	1	1	0	0	0	0	100.0	97.2		VAMP1	25.0	
VASH1	no	0	365	0	0	0	0	1	1	0	0	0	0	81.1	93.2				
VDAC2	no	0	294	0	0	0	0	0	0	0	0	0	0	96.6	93.5				
VEZT	no	2	779	2	0	0	0	1	1	0	1	0	0	97.0	83.8				
VMO1	no	0	202	178	1	1	1	1	1	0	0	0	0	89.6	70.8				
VMP1	no	8	406	82	0	0	0	1	1	0	1	0	0	99.0	94.1		CYB5D2	5.5	
VOPP1	no	1	172	38	1	1	0	1	0	0	0	0	0		89.5				
VSNL1	no	0	191	0	0	0	0	1	1	0	0	0	0	100.0	100.0				
VSTM2A	no	0	236	212	1	1	1	1	1	0	0	0	0	96.2	80.0		IGSF3	7.1	
VSTM2L	no	0	204	180	1	1	1	1	1	0	0	0	0	62.7	94.1		NPTN	18.1	
VTN	no	0	478	459	1	1	1	1	1	0	0	0	0	92.3	74.1		PRG4	11.0	
VWA7	no	0	891	863	1	1	1	1	1	0	0	0	0	94.9	82.3				
VWC2L	no	0	222	201	1	1	1	1	1	0	0	0	0	100.0	98.6		MUC5AC	2.1	
WASF2	no	0	498	0	0	0	0	1	1	0	0	0	0	89.4	91.6				
WDR53	no	0	358	0	0	0	0	1	1	0	0	0	0	97.8	83.5				
WDR86	no	0	376	0	0	0	0	1	1	0	0	0	0	77.9	87.8				
WFDC1	no	0	220	189	1	1	1	1	1	0	0	0	0	94.5	79.5				
WFDC5	no	0	224	200	1	1	1	1	1	0	0	0	0	95.9	67.5		WFDC12	17.0	
WFDC8	no	0	241	203	1	1	1	0	1	0	0	0	0	82.2			EPPIN	20.2	
WFS1	no	11	890	309	0	0	1	1	1	0	0	0	0	98.2	86.9				
WNT1	no	0	370	343	1	1	1	1	1	0	0	0	1	99.7	98.9		WNT6	46.4	
WNT2B	no	0	391	333	1	1	1	1	1	0	0	0	1	76.5	94.9		WNT2	70.1	
WNT3	no	0	355	334	1	1	1	1	1	0	0	0	1	100.0	98.9		WNT3A	87.1	
WNT4	no	0	351	329	1	1	1	1	1	0	0	0	1	100.0	98.9		WNT7B	51.7	
WNT5A	no	0	380	337	1	1	1	1	1	0	0	0	1	92.4	98.7		WNT5B	82.2	
WWOX	no	0	414	0	0	0	0	0	0	0	0	0	0	98.1	93.7				
XDH	no	0	1333	0	0	0	0	0	0	0	0	0	0	97.2	89.3				
XKRX	no	12	449	50	0	0	0	1	1	0	1	0	1	98.4	92.0		XKR3	56.0	
XRCC5	no	0	732	0	0	0	0	1	1	1	0	0	0	98.8	78.4	2.0			
YIPF4	no	5	244	11	0	0	1	1	1	0	0	0	1	99.6	98.0		YIPF6	10.7	
YTHDC1	no	0	727	0	0	0	0	1	1	0	0	0	0	99.9	97.0				
YWHAB	no	0	246	0	0	0	0	0	0	0	0	0	0	93.1	98.8	2.0			
ZBED3	no	0	234	0	0	0	0	1	1	1	0	0	0	68.4	50.9	2.0			
ZBED8L	no	0	573	0	0	0	0	0	1	1	0	0	0	96.5		2.0			
ZFYVE27	no	4	411	2	0	0	0	1	1	1	1	0	0	82.0	87.8	2.0			
ZG16	no	0	167	151	1	1	1	1	0	0	0	0	0		83.8	2.0			
ZGPAT	no	0	531	0	0	0	0	1	1	0	0	0	0	97.5	80.0				
ZMYND10	no	0	440	0	0	0	0	1	1	0	0	0	0	98.4	88.6				
ZNF185	no	0	689	0	0	0	0	0	1	0	0	0	0	89.6					
ZNF474	no	0	364	0	0	0	0	1	1	0	0	0	0	90.9	66.5				
ZNG1C	no	0	395	0	0	0	0	0	0	0	0	0	0						
ZNG1E	no	0	395	0	0	0	0	0	0	0	0	0	0						
ZNRF2	no	0	242	0	0	0	0	1	1	0	0	0	0	96.7	82.2				
A2ML1	sonnet_dual_triage	0	1454	1437	1	1	1	0	1	0	0	0	1	95.5			A2M	41.3	
AADACL2	sonnet_dual_triage	0	401	0	0	0	0	1	1	0	0	0	0	98.0	79.1				
AADACL3	sonnet_dual_triage	1	407	3	0	1	0	1	1	0	0	0	1	89.4	61.9		AADACL4	50.0	
AADACL4	sonnet_dual_triage	1	407	4	0	1	0	0	0	0	0	0	0				AADACL3	25.0	
AAMP	sonnet_dual_triage	0	434	0	0	0	0	1	1	0	0	0	0	99.8	98.6				
AATK	sonnet_dual_triage	1	1374	31	0	1	0	1	0	0	1	0	0		69.8		LMTK3	22.6	
ABCA1	sonnet_dual_triage	12	2261	1031	0	0	0	1	1	0	0	1	1	98.9	95.3		ABCA4	48.4	3.0
ABCA10	sonnet_dual_triage	13	1543	364	0	1	0	0	1	0	1	0	1	93.8			ABCA6	46.5	
ABCA13	sonnet_dual_triage	12	5058	3876	0	0	0	1	1	0	1	1	0	91.6	65.7		ABCA2	10.3	5.0
ABCA5	sonnet_dual_triage	14	1642	398	0	0	0	1	1	0	1	0	0	98.5	90.1		ABCA13	3.5	
ABCA7	sonnet_dual_triage	12	2146	926	0	0	0	1	1	0	1	1	1	84.4	77.8		ABCA1	43.4	1.0
ABCA8	sonnet_dual_triage	14	1621	398	0	0	0	1	1	0	1	1	1	96.7	75.5		ABCA9	54.4	1.0
ABCA9	sonnet_dual_triage	12	1624	423	0	0	0	1	1	0	1	1	1	96.1	78.6		ABCA8	57.0	1.0
ABCB1	sonnet_dual_triage	12	1280	109	0	0	0	0	0	0	0	0	1				ABCB4	50.9	
ABCB4	sonnet_dual_triage	12	1286	116	0	0	0	1	1	0	0	1	1	97.6	90.9		ABCB1	56.9	1.0
ABCB5	sonnet_dual_triage	12	1257	107	0	0	0	1	1	0	1	0	1	95.5	78.0		ABCB1	45.0	
ABCB6	sonnet_dual_triage	11	842	73	0	1	0	1	1	1	0	0	0	98.1	89.0	2.0	ABCB8	26.0	
ABCB9	sonnet_dual_triage	10	766	84	0	0	0	1	1	1	1	0	0	99.0	93.7	2.0	TAP1	36.9	
ABCC1	sonnet_dual_triage	17	1531	140	0	1	0	1	1	0	0	0	1	96.0	88.1		ABCC3	47.1	
ABCC10	sonnet_dual_triage	17	1492	167	0	1	0	1	1	0	1	0	0	97.0	84.9		ABCC11	21.0	
ABCC11	sonnet_dual_triage	12	1382	83	0	0	0	0	1	0	0	0	0	92.0			ABCC5	37.3	
ABCC12	sonnet_dual_triage	12	1359	88	0	0	0	1	1	0	1	0	0	97.0	85.3		ABCC11	36.4	
ABCC2	sonnet_dual_triage	17	1545	140	0	1	0	1	1	0	0	0	1	96.0	77.5		ABCC1	42.9	
ABCC3	sonnet_dual_triage	17	1527	128	0	1	0	1	1	0	1	0	1	95.5	80.7		ABCC1	43.6	
ABCC4	sonnet_dual_triage	12	1325	86	0	0	0	1	1	0	1	0	0	97.5	87.1		ABCC5	36.0	
ABCC5	sonnet_dual_triage	12	1437	78	0	0	0	1	1	0	1	0	0	96.8	95.0		ABCC11	33.7	
ABCC8	sonnet_dual_triage	17	1581	161	0	1	0	1	1	0	1	0	1	95.8	95.4		ABCC9	42.2	
ABCC9	sonnet_dual_triage	17	1549	141	0	1	0	1	1	0	0	0	1	98.1	95.2		ABCC8	41.0	
ABCG1	sonnet_dual_triage	6	678	82	0	0	0	1	1	1	1	0	1	99.4	96.8	2.0	ABCG4	62.2	
ABCG2	sonnet_dual_triage	6	655	91	0	0	0	0	0	1	1	0	0			2.0	ABCG5	26.5	
ABCG4	sonnet_dual_triage	6	646	81	0	0	0	1	1	1	0	0	1	100.0	96.6	2.0	ABCG1	62.2	
ABCG5	sonnet_dual_triage	6	651	102	0	0	0	1	1	1	0	0	0	94.2	80.2	2.0	ABCG2	28.4	
ABCG8	sonnet_dual_triage	6	673	87	0	0	0	1	1	1	0	0	0	93.0	81.7	2.0	ABCG4	23.0	
ABHD2	sonnet_dual_triage	1	425	12	0	1	0	1	1	0	0	0	0	99.8	98.8		ABHD1	15.4	
ABHD6	sonnet_dual_triage	0	337	0	0	0	0	1	1	0	0	0	0	99.4	93.8				
ABI3BP	sonnet_dual_triage	0	1068	1047	1	1	1	1	1	0	0	0	0	95.8	68.9		FNDC1	37.2	
ABRA	sonnet_dual_triage	0	381	0	0	0	0	1	1	0	0	0	0	96.9	78.7				
ACAA2	sonnet_dual_triage	0	397	0	0	0	0	1	1	1	0	0	0	97.2	87.9	2.0			
ACE	sonnet_dual_triage	1	1306	1230	1	1	0	1	1	0	1	1	0	97.9	83.3		ACE2	24.8	4.0
ACE2	sonnet_dual_triage	1	805	726	1	1	0	1	1	1	0	1	0	95.2	82.1	2.0	ACE	25.1	2.0
ACHE	sonnet_dual_triage	0	614	583	1	1	1	1	1	1	0	1	1	91.5	88.4	2.0	BCHE	52.7	2.0
ACKR1	sonnet_dual_triage	7	336	113	0	1	0	1	1	0	0	0	0	91.1	59.2				
ACKR2	sonnet_dual_triage	7	384	98	0	1	0	1	1	0	0	0	0	95.3	71.6		XCR1	27.6	
ACKR3	sonnet_dual_triage	7	362	112	0	1	0	1	1	0	0	0	0	89.2	92.8		CCR8	26.8	
ACKR4	sonnet_dual_triage	7	350	97	0	1	0	1	1	0	0	0	0	96.3	85.4		CCR7	28.9	
ACKR5	sonnet_dual_triage	7	404	105	0	1	0	1	1	1	0	0	0	93.6	71.5	2.0	GPER1	25.7	
ACP2	sonnet_dual_triage	1	423	351	1	1	0	1	1	1	1	0	1	98.6	89.4	2.0	ACP3	52.0	
ACP3	sonnet_dual_triage	0	386	354	1	1	1	1	1	1	1	0	1	92.2	80.3	2.0	ACP2	52.5	
ACP4	sonnet_dual_triage	1	426	369	1	1	0	1	0	1	1	1	1		84.7	2.0	ACP2	46.1	1.0
ACR	sonnet_dual_triage	0	421	402	1	1	1	1	1	0	0	0	0	81.0	67.5				
ACRBP	sonnet_dual_triage	0	543	518	1	1	1	1	1	1	0	0	0	95.2	75.3	2.0			
ACRV1	sonnet_dual_triage	0	265	247	1	1	1	1	1	0	0	0	0	91.7	58.9		PATE3	11.7	
ACTRT1	sonnet_dual_triage	0	376	0	0	0	0	1	1	0	0	0	0	95.5	70.5				
ACVR1	sonnet_dual_triage	1	509	103	1	1	0	1	1	0	0	0	0	99.8	98.4		AMHR2	24.4	
ACVR1B	sonnet_dual_triage	1	505	95	1	1	0	1	1	0	0	1	0	89.7	98.2		TGFBR1	37.9	1.0
ACVR1C	sonnet_dual_triage	1	493	93	1	1	0	1	1	0	0	1	1	99.4	92.9		TGFBR1	43.0	1.0
ACVR2A	sonnet_dual_triage	1	513	115	1	1	0	1	1	0	0	1	1	100.0	99.6		ACVR2B	54.8	1.0
ACVR2B	sonnet_dual_triage	1	512	115	1	1	0	1	1	0	0	1	1	96.5	99.4		ACVR2A	54.8	2.0
ACVRL1	sonnet_dual_triage	1	503	99	1	1	0	1	1	0	0	1	0	98.6	88.7		AMHR2	26.7	1.0
ADA	sonnet_dual_triage	0	363	0	0	0	0	1	0	0	0	0	0		80.7				
ADA2	sonnet_dual_triage	0	511	484	1	1	1	0	1	1	0	0	0	93.7		2.0			
ADAM10	sonnet_dual_triage	1	748	659	1	1	0	1	1	0	0	1	0	100.0	96.1		ADAM17	32.0	2.0
ADAM11	sonnet_dual_triage	1	769	711	1	1	0	1	1	0	1	1	1	98.4	94.8		ADAM22	55.8	3.0
ADAM12	sonnet_dual_triage	1	909	684	1	1	0	1	1	0	1	1	1	94.6	81.2		ADAM19	51.6	3.0
ADAM15	sonnet_dual_triage	1	863	680	1	1	0	1	1	0	1	1	1	96.4	80.2		ADAM33	42.6	2.0
ADAM17	sonnet_dual_triage	1	824	654	1	1	0	1	1	0	0	1	0	99.6	92.1		ADAM10	32.2	3.0
ADAM18	sonnet_dual_triage	1	739	671	1	1	0	1	1	0	1	1	1	92.2	60.5		ADAM32	43.8	5.0
ADAM19	sonnet_dual_triage	1	955	678	1	1	0	0	1	0	0	1	1	97.9			ADAM12	51.5	1.0
ADAM2	sonnet_dual_triage	1	735	672	1	1	0	1	1	0	0	1	1	65.6	59.5		ADAM18	43.6	6.0
ADAM20	sonnet_dual_triage	1	726	663	1	1	0	0	1	0	0	1	1	92.7			ADAM21	62.4	3.0
ADAM21	sonnet_dual_triage	1	722	654	1	1	0	1	0	0	0	1	1		68.0		ADAM20	62.1	2.0
ADAM22	sonnet_dual_triage	1	906	711	1	1	0	1	1	0	0	1	1	93.7	88.4		ADAM11	55.3	2.0
ADAM23	sonnet_dual_triage	1	832	734	1	1	0	1	1	0	1	1	1	90.0	93.9		ADAM11	50.0	3.0
ADAM28	sonnet_dual_triage	1	775	648	1	1	0	1	1	0	1	1	1	91.7	69.9		ADAMDEC1	31.3	2.0
ADAM29	sonnet_dual_triage	1	820	657	1	1	0	1	1	0	0	1	1	88.4	52.8		ADAM20	53.7	3.0
ADAM30	sonnet_dual_triage	1	790	658	1	1	0	1	1	0	0	1	1	69.9	53.3		ADAM21	42.9	4.0
ADAM32	sonnet_dual_triage	1	787	666	1	1	0	1	1	0	0	1	1	90.5	57.3		ADAM18	43.8	3.0
ADAM33	sonnet_dual_triage	1	813	674	1	1	0	1	1	0	0	1	1	90.4	70.0		ADAM19	49.1	2.0
ADAM7	sonnet_dual_triage	1	754	652	1	1	0	1	1	0	1	1	1	93.5	68.3		ADAM28	42.8	3.0
ADAM8	sonnet_dual_triage	1	824	636	1	1	0	1	1	0	1	1	1	90.4	63.1		ADAM12	39.9	2.0
ADAM9	sonnet_dual_triage	1	819	669	1	1	0	1	1	0	1	1	1	97.6	85.8		ADAM12	41.5	2.0
ADAMTS1	sonnet_dual_triage	0	967	918	1	1	1	1	1	0	0	0	1	98.9	82.1		ADAMTS4	45.3	
ADAMTS10	sonnet_dual_triage	0	1103	1078	1	1	1	1	1	0	0	0	1	94.6	94.2		ADAMTS6	60.5	
ADAMTS12	sonnet_dual_triage	0	1594	1567	1	1	1	1	1	0	0	0	1	96.6	80.5		ADAMTS7	47.2	
ADAMTS14	sonnet_dual_triage	0	1223	1202	1	1	1	1	1	0	0	0	1	96.6	81.4		ADAMTS3	56.5	
ADAMTS16	sonnet_dual_triage	0	1224	1197	1	1	1	1	1	0	0	0	1	93.0	82.6		ADAMTS18	57.6	
ADAMTS17	sonnet_dual_triage	0	1095	1074	1	1	1	1	1	0	0	0	1	89.1	89.9		ADAMTS19	51.4	
ADAMTS18	sonnet_dual_triage	0	1221	1176	1	1	1	1	1	0	0	0	1	97.9	88.8		ADAMTS16	57.2	
ADAMTS19	sonnet_dual_triage	0	1213	1188	1	1	1	1	1	0	0	0	1	81.5	87.1		ADAMTS17	51.8	
ADAMTS3	sonnet_dual_triage	0	1205	1187	1	1	1	1	1	0	0	0	1	98.5	88.2		ADAMTS2	58.0	
ADAMTS5	sonnet_dual_triage	0	930	912	1	1	1	1	1	0	0	0	1	97.5	90.2		ADAMTS15	43.6	
ADAMTS6	sonnet_dual_triage	0	1117	1098	1	1	1	1	1	0	0	0	1	99.6	96.0		ADAMTS10	60.7	
ADAMTS7	sonnet_dual_triage	0	1686	1661	1	1	1	1	1	0	0	0	1	83.6	72.2		ADAMTS12	47.2	
ADAMTS8	sonnet_dual_triage	0	889	863	1	1	1	1	1	0	0	0	1	93.4	81.3		ADAMTS1	48.4	
ADAMTS9	sonnet_dual_triage	0	1935	1915	1	1	1	1	1	0	0	0	1	97.9	88.9		ADAMTS20	50.6	
ADAMTSL3	sonnet_dual_triage	0	1691	1665	1	1	1	1	1	0	0	0	1	95.2	85.4		ADAMTSL1	44.8	
ADAP1	sonnet_dual_triage	0	374	0	0	0	0	1	1	0	0	0	0	85.6	93.9				
ADAP2	sonnet_dual_triage	0	381	0	0	0	0	1	0	0	0	0	0		84.5				
ADCY1	sonnet_dual_triage	12	1119	92	0	0	0	1	0	0	0	0	0		92.5		GUCY2D	5.1	
ADCY2	sonnet_dual_triage	12	1091	85	0	0	0	1	1	0	1	0	0	99.1	95.6		GUCY2C	4.8	
ADCY3	sonnet_dual_triage	12	1144	104	0	0	0	1	1	0	1	0	0	98.9	94.6		NPR2	5.5	
ADCY4	sonnet_dual_triage	12	1077	105	0	0	0	1	1	0	1	0	0	98.7	92.3		NPR2	6.8	
ADCY5	sonnet_dual_triage	12	1261	116	0	0	0	1	1	0	1	0	0	66.3	95.5		NPR2	5.2	
ADCY7	sonnet_dual_triage	12	1080	96	0	0	0	1	1	0	0	0	0	94.7	83.8		GUCY2C	3.6	
ADCY8	sonnet_dual_triage	12	1251	78	0	0	0	1	1	0	0	0	0	99.6	96.9		GUCY2F	4.6	
ADCY9	sonnet_dual_triage	12	1353	102	0	0	0	1	1	0	0	0	0	98.5	92.2		NPR1	3.9	
ADCYAP1R1	sonnet_dual_triage	7	468	167	1	1	0	1	1	0	0	0	0	97.0	92.7		ADGRG4	2.7	
ADGRA1	sonnet_dual_triage	7	560	56	0	1	0	1	1	0	1	0	0	89.8	82.1		EVA1C	5.1	
ADGRA2	sonnet_dual_triage	7	1338	772	1	1	0	1	1	0	1	0	1	77.1	87.9		ADGRA1	3.5	
ADGRA3	sonnet_dual_triage	7	1321	767	1	1	0	1	1	0	1	0	1	98.5	92.6		ADGRA1	3.4	
ADGRB1	sonnet_dual_triage	7	1584	955	1	1	0	1	1	0	0	0	1	74.9	94.1		ADGRB3	46.0	
ADGRB2	sonnet_dual_triage	7	1585	942	1	1	0	1	1	0	0	0	1	95.0	95.3		ADGRB3	48.3	
ADGRB3	sonnet_dual_triage	7	1522	891	1	1	0	1	1	0	1	0	1	99.3	98.4		ADGRB2	47.9	
ADGRD1	sonnet_dual_triage	7	874	574	1	1	0	1	1	0	0	0	0	89.6	80.7		ADGRA1	17.6	
ADGRD2	sonnet_dual_triage	7	963	699	0	1	0	0	0	0	0	0	0				GLP1R	14.0	
ADGRE1	sonnet_dual_triage	7	886	621	1	1	0	1	1	0	1	0	0	75.8	68.2		GLP1R	9.7	
ADGRE2	sonnet_dual_triage	7	823	555	1	1	0	0	1	0	0	0	1	84.4			ADGRE5	68.8	
ADGRE3	sonnet_dual_triage	7	652	377	1	1	0	0	0	0	1	0	0				ADGRG4	5.7	
ADGRE5	sonnet_dual_triage	7	835	567	1	1	0	1	1	0	0	0	1	92.3	57.5		ADGRE2	68.8	
ADGRF1	sonnet_dual_triage	7	910	618	1	1	0	1	1	0	1	0	0	90.2	70.1		PTH1R	12.6	
ADGRF3	sonnet_dual_triage	7	1079	793	1	1	0	1	1	0	0	0	0	90.8	60.4		GLP1R	11.0	
ADGRF4	sonnet_dual_triage	7	695	428	1	1	0	1	1	0	0	0	0	93.1	66.8		ADGRG4	6.1	
ADGRF5	sonnet_dual_triage	7	1346	1037	1	1	0	1	1	0	0	0	0	94.4	72.1		GCGR	7.9	
ADGRG1	sonnet_dual_triage	7	693	432	1	1	0	1	1	0	0	0	0	91.0	79.3		ADGRA1	19.9	
ADGRG2	sonnet_dual_triage	7	1017	636	1	1	0	1	1	0	0	0	0	97.0	80.8		SCTR	12.4	
ADGRG3	sonnet_dual_triage	7	549	299	1	1	0	1	1	0	0	0	0	87.8	68.5		ADGRG4	4.2	
ADGRG4	sonnet_dual_triage	7	3080	2757	1	1	0	1	1	0	0	0	0	91.1	59.0		GLP1R	4.0	
ADGRG5	sonnet_dual_triage	7	528	278	1	1	0	1	1	0	0	0	0	90.0	69.9		ADGRG4	3.8	
ADGRG6	sonnet_dual_triage	7	1221	872	1	1	0	1	1	0	0	0	0	97.6	82.2		GHRHR	7.8	
ADGRG7	sonnet_dual_triage	8	797	483	0	0	0	1	1	0	0	0	0	90.8	69.1		ADGRG4	5.7	
ADGRL1	sonnet_dual_triage	7	1474	876	1	1	0	1	0	0	0	0	1		98.2		ADGRL2	68.3	
ADGRL2	sonnet_dual_triage	7	1459	858	1	1	0	1	1	0	0	0	1	99.3	95.5		ADGRL1	68.0	
ADGRL3	sonnet_dual_triage	7	1447	881	1	1	0	1	1	0	1	0	1	99.3	96.5		ADGRL2	62.0	
ADGRL4	sonnet_dual_triage	7	690	444	1	1	0	1	1	0	0	0	0	97.2	78.8		GIPR	13.1	
ADGRV1	sonnet_dual_triage	7	6306	5921	1	1	0	1	1	0	1	0	0	96.6	80.4		SLC8A2	6.5	
ADIPOR1	sonnet_dual_triage	7	375	57	0	0	1	1	1	0	0	0	1	99.2	96.8		ADIPOR2	66.7	
ADIPOR2	sonnet_dual_triage	7	386	57	0	0	1	1	1	0	0	0	1	87.8	92.7		ADIPOR1	66.7	
ADISSP	sonnet_dual_triage	0	174	0	0	0	0	1	1	0	0	0	0	85.1	90.2				
ADM5	sonnet_dual_triage	0	153	135	1	1	1	0	0	0	0	0	0						
ADORA1	sonnet_dual_triage	7	326	66	0	1	0	1	1	0	1	0	0	99.4	94.8		ADORA2B	34.8	
ADORA2A	sonnet_dual_triage	7	412	45	0	1	0	1	1	0	0	0	0	98.3	81.1		ADORA2B	23.2	
ADORA2B	sonnet_dual_triage	7	332	69	0	1	0	1	1	0	0	0	1	97.0	87.7		ADORA1	33.3	
ADORA3	sonnet_dual_triage	7	318	62	0	1	0	1	0	0	0	0	0		73.6		ADORA2B	29.0	
ADRA1A	sonnet_dual_triage	7	466	73	0	1	0	1	1	0	1	0	0	98.5	91.8		ADRA1D	25.2	
ADRA1B	sonnet_dual_triage	7	520	93	0	1	0	1	1	0	0	0	0	98.5	95.4		ADRA1A	37.6	
ADRA1D	sonnet_dual_triage	7	572	147	0	1	0	1	1	0	0	0	0	90.0	85.1		ADRA1A	25.2	
ADRA2A	sonnet_dual_triage	7	465	94	0	1	0	1	0	0	0	0	0		92.5		ADRA2B	30.9	
ADRA2B	sonnet_dual_triage	7	450	59	0	1	0	1	1	0	0	0	0	96.4	83.3		ADRA2A	29.8	
ADRA2C	sonnet_dual_triage	7	462	89	0	1	0	1	0	0	0	0	0		93.1		ADRA2B	28.1	
ADRB1	sonnet_dual_triage	7	477	98	0	1	0	1	0	0	0	0	0		90.4		ADRB3	34.7	
ADRB2	sonnet_dual_triage	7	413	82	0	1	0	1	1	0	0	0	0	94.9	88.1		ADRB1	30.6	
ADRB3	sonnet_dual_triage	7	408	92	0	1	0	1	1	0	0	0	0	88.5	78.4		ADRB1	37.8	
ADTRP	sonnet_dual_triage	6	230	52	0	0	0	1	1	0	0	0	0	93.0	65.7		AIG1	38.9	
AEBP1	sonnet_dual_triage	0	1158	1133	1	1	1	1	1	0	0	0	0	82.6	82.6		CPXM2	37.3	
AFAP1L2	sonnet_dual_triage	0	818	0	0	0	0	1	0	0	0	0	0		83.5				
AGER	sonnet_dual_triage	1	404	317	1	1	0	1	1	0	1	1	0	95.5	78.2		MCAM	19.6	3.0
AGGF1	sonnet_dual_triage	0	714	0	0	0	0	1	1	1	0	0	0	96.2	77.7	2.0			
AGK	sonnet_dual_triage	0	422	0	0	0	0	1	1	0	0	0	0	98.3	91.7				
AGMO	sonnet_dual_triage	9	445	76	0	1	0	1	1	0	0	0	0	91.2	83.4				
AGPAT1	sonnet_dual_triage	3	283	7	0	1	0	1	1	0	0	0	0	98.9	91.2		AGPAT2	36.4	
AGR2	sonnet_dual_triage	0	175	155	1	1	1	1	1	1	0	0	1	90.3	91.4	2.0	AGR3	65.2	
AGR3	sonnet_dual_triage	0	166	143	1	1	1	1	1	1	0	0	1	96.4	91.0	2.0	AGR2	65.2	
AGRN	sonnet_dual_triage	0	2068	2040	1	1	1	1	0	0	1	0	0		81.6		TMEFF2	8.4	
AGTR1	sonnet_dual_triage	7	359	85	0	1	0	0	1	0	0	0	0	98.9			BDKRB2	20.7	
AGTR2	sonnet_dual_triage	7	363	110	0	1	0	1	1	0	0	0	0	98.9	91.7		BDKRB2	28.9	
AGTRAP	sonnet_dual_triage	4	159	13	0	0	0	1	0	1	1	0	0		77.4	4.0			
AHNAK	sonnet_dual_triage	0	5890	0	0	0	0	1	0	0	0	0	0		78.3				
AHNAK2	sonnet_dual_triage	0	5795	0	0	0	0	0	0	0	0	0	0						
AIFM2	sonnet_dual_triage	0	373	0	0	0	0	1	1	0	0	0	0	98.9	90.3				
AIMP1	sonnet_dual_triage	0	312	0	0	0	0	1	1	0	0	0	0	96.5	83.3				
AJAP1	sonnet_dual_triage	1	411	239	1	1	0	1	1	0	0	0	0	79.1	79.1				
AJM1	sonnet_dual_triage	0	976	0	0	0	0	1	0	0	0	0	0		86.8				
AK1	sonnet_dual_triage	0	194	0	0	0	0	1	1	0	0	0	0	97.9	87.6				
AKAP19	sonnet_dual_triage	0	95	0	0	0	0	1	1	0	0	0	0	96.8	56.8				
AKAP4	sonnet_dual_triage	0	854	0	0	0	0	1	1	0	0	0	0	96.0	78.2				
AKR1B15	sonnet_dual_triage	0	316	0	0	0	0	0	0	0	0	0	0						
ALCAM	sonnet_dual_triage	1	583	500	1	1	0	1	1	1	1	1	0	98.8	93.0	2.0	AGER	19.0	3.0
ALDOC	sonnet_dual_triage	0	364	0	0	0	0	1	1	1	0	0	0	99.7	97.5	2.0			
ALK	sonnet_dual_triage	1	1620	1016	1	1	0	1	1	0	0	1	0	98.4	87.2		LTK	21.3	4.0
ALKAL2	sonnet_dual_triage	0	152	130	1	1	1	0	0	0	0	0	0						
ALOX5AP	sonnet_dual_triage	4	161	51	0	1	1	1	1	1	0	0	0	98.1	91.9	3.0	MGST2	23.5	
ALPG	sonnet_dual_triage	0	532	513	1	1	1	0	0	1	0	1	1			2.0	ALPP	97.5	2.0
ALPI	sonnet_dual_triage	0	528	509	1	1	1	0	1	1	0	1	1	94.1		2.0	ALPP	86.5	1.0
ALPL	sonnet_dual_triage	0	524	507	1	1	1	1	1	1	0	0	1	97.1	89.9	2.0	ALPI	57.4	
ALPP	sonnet_dual_triage	0	535	513	1	1	1	0	0	1	0	1	1			2.0	ALPG	97.5	1.0
AMFR	sonnet_dual_triage	8	643	60	0	0	0	1	1	0	0	0	0	84.9	93.9		RNF145	36.7	
AMHR2	sonnet_dual_triage	1	573	131	1	1	0	1	1	0	0	1	0	97.0	78.4		ACVR1C	24.4	1.0
AMIGO1	sonnet_dual_triage	1	493	345	1	1	0	1	1	1	0	1	1	100.0	89.5	2.0	AMIGO2	41.8	1.0
AMIGO2	sonnet_dual_triage	1	522	359	1	1	0	1	1	1	0	1	1	98.9	88.1	2.0	AMIGO1	41.5	2.0
AMIGO3	sonnet_dual_triage	1	504	364	1	1	0	1	1	1	0	1	0	94.8	76.4	2.0	AMIGO1	38.2	1.0
AMN	sonnet_dual_triage	1	453	341	1	1	0	1	1	0	0	1	0	72.4	66.0				2.0
AMOT	sonnet_dual_triage	0	1084	0	0	0	0	1	1	0	0	0	0	93.3	87.3				
AMPD2	sonnet_dual_triage	0	825	0	0	0	0	1	1	1	0	0	0	100.0	94.4	2.0			
AMTN	sonnet_dual_triage	0	209	193	1	1	1	1	1	0	0	0	0	92.3	60.3				
ANG	sonnet_dual_triage	0	147	123	1	1	1	0	0	0	0	0	0				RNASE4	39.0	
ANGPTL1	sonnet_dual_triage	0	491	470	1	1	1	1	1	0	0	0	1	99.4	92.9		ANGPTL2	60.9	
ANGPTL2	sonnet_dual_triage	0	493	471	1	1	1	1	1	0	0	0	1	99.6	95.3		ANGPTL1	60.9	
ANGPTL4	sonnet_dual_triage	0	406	381	1	1	1	1	1	0	0	0	0	94.8	75.4		TNXB	4.5	
ANGPTL7	sonnet_dual_triage	0	346	320	1	1	1	1	1	0	0	0	0	98.0	85.8		TNXB	3.3	
ANGPTL8	sonnet_dual_triage	0	198	177	1	1	1	1	0	1	0	0	0		72.7	2.0			
ANKH	sonnet_dual_triage	12	492	90	0	0	0	1	1	0	1	0	0	100.0	98.4				
ANKIB1	sonnet_dual_triage	0	1089	0	0	0	0	1	1	0	0	0	0	99.2	93.3				
ANKRD20A1	sonnet_dual_triage	0	823	0	0	0	0	0	0	0	0	0	0						
ANKRD24	sonnet_dual_triage	0	1146	0	0	0	0	1	1	0	0	0	0	77.5	54.5				
ANKRD26	sonnet_dual_triage	0	1710	0	0	0	0	0	1	0	0	0	0	90.4					
ANO1	sonnet_dual_triage	8	986	263	0	0	0	1	1	1	1	1	1	97.9	91.5	2.0	ANO2	66.9	1.0
ANO2	sonnet_dual_triage	8	998	260	0	0	0	1	1	1	0	1	1	97.9	92.2	2.0	ANO1	66.9	2.0
ANO4	sonnet_dual_triage	8	955	267	0	0	0	1	1	1	1	0	1	99.8	98.3	2.0	ANO3	62.2	
ANO6	sonnet_dual_triage	8	910	274	0	0	0	1	1	1	0	1	1	97.0	90.4	2.0	ANO5	51.1	2.0
ANO7	sonnet_dual_triage	8	933	231	0	0	0	1	1	0	1	1	1	85.1	81.6		ANO2	40.4	2.0
ANO8	sonnet_dual_triage	10	1232	61	0	0	0	1	0	0	0	0	0		75.3		ANO5	3.8	
ANO9	sonnet_dual_triage	8	782	249	0	0	0	1	0	1	1	1	1		70.8	2.0	ANO4	43.8	3.0
ANOS1	sonnet_dual_triage	0	680	656	1	1	1	0	1	0	0	0	0	95.4					
ANPEP	sonnet_dual_triage	1	967	935	0	0	1	1	1	0	0	1	0	94.3	76.5		LVRN	37.1	2.0
ANTXR1	sonnet_dual_triage	1	564	294	1	1	0	1	1	0	1	1	1	99.6	95.9		ANTXR2	53.1	2.0
ANTXR2	sonnet_dual_triage	1	489	285	1	1	0	1	1	0	1	1	1	91.2	82.8		ANTXR1	52.0	1.0
ANTXRL	sonnet_dual_triage	1	631	326	1	1	0	0	0	0	0	0	1				ANTXR1	40.8	
ANXA1	sonnet_dual_triage	0	346	0	0	0	0	1	1	0	0	0	0	99.1	87.6				
ANXA13	sonnet_dual_triage	0	316	0	0	0	0	1	0	0	0	0	0		86.7				
ANXA2	sonnet_dual_triage	0	339	0	0	0	0	1	1	0	0	0	0	100.0	97.6				
ANXA2R	sonnet_dual_triage	0	193	0	0	0	0	0	0	0	0	0	0						
ANXA3	sonnet_dual_triage	0	323	0	0	0	0	1	1	0	0	0	0	92.6	89.8				
ANXA4	sonnet_dual_triage	0	319	0	0	0	0	1	1	0	0	0	0	99.1	91.6				
ANXA5	sonnet_dual_triage	0	320	0	0	0	0	1	1	0	0	0	0	98.8	92.8				
ANXA6	sonnet_dual_triage	0	673	0	0	0	0	1	1	0	0	0	0	96.9	93.3				
ANXA7	sonnet_dual_triage	0	488	0	0	0	0	1	1	0	0	0	0	98.7	92.1				
ANXA8	sonnet_dual_triage	0	327	0	0	0	0	0	0	0	0	0	0						
ANXA8L1	sonnet_dual_triage	0	327	0	0	0	0	0	0	0	0	0	0						
AOC1	sonnet_dual_triage	0	751	732	1	1	1	0	1	1	0	0	1	95.5		2.0	AOC2	43.0	
AOC2	sonnet_dual_triage	1	756	731	0	0	1	1	1	1	0	0	1	98.5	81.0	2.0	AOC3	65.8	
AOC3	sonnet_dual_triage	1	763	737	0	0	1	1	1	1	1	1	1	96.9	83.1	2.0	AOC2	65.8	1.0
AOPEP	sonnet_dual_triage	0	819	0	0	0	0	1	1	0	0	0	0	94.0	76.7				
APBA1	sonnet_dual_triage	0	837	0	0	0	0	1	0	0	0	0	0		93.7				
APCDD1	sonnet_dual_triage	0	514	488	1	1	1	1	1	1	0	1	1	99.2	91.8	2.0	APCDD1L	46.9	2.0
APCDD1L	sonnet_dual_triage	0	501	479	1	1	1	0	0	1	0	0	1			2.0	APCDD1	47.5	
APCS	sonnet_dual_triage	0	223	204	1	1	1	1	1	1	0	0	1	91.5	68.6	5.0	CRP	51.0	
APLNR	sonnet_dual_triage	7	380	91	0	1	0	1	1	0	0	0	0	98.7	91.1		GPR25	25.8	
APLP1	sonnet_dual_triage	1	650	545	1	1	0	1	1	0	0	1	0	98.2	89.2		APLP2	37.0	3.0
APLP2	sonnet_dual_triage	1	763	662	1	1	0	1	1	0	0	1	1	98.1	92.8		APP	51.2	1.0
APMAP	sonnet_dual_triage	1	416	355	0	0	1	1	1	0	0	0	0	98.8	89.4				
APOBR	sonnet_dual_triage	0	1097	0	0	0	0	0	0	0	0	0	0						
APOE	sonnet_dual_triage	0	317	299	1	1	1	1	1	0	0	0	0	76.3	70.7		APOA4	21.3	
APOH	sonnet_dual_triage	0	345	326	1	1	1	1	0	0	0	0	0		76.5		CSMD3	4.5	
APOL1	sonnet_dual_triage	0	398	371	1	1	1	0	0	0	0	0	1						
APOL6	sonnet_dual_triage	0	343	0	0	0	0	0	1	0	0	0	0	79.0					
APOLD1	sonnet_dual_triage	0	279	0	0	0	0	1	1	0	0	0	0	98.4	87.5				
APOM	sonnet_dual_triage	0	188	166	1	1	1	1	1	0	0	0	0	58.5	80.9				
APP	sonnet_dual_triage	1	770	683	1	1	0	1	1	0	1	1	1	99.5	94.8		APLP2	51.4	3.0
AQP1	sonnet_dual_triage	6	269	60	0	0	0	1	0	1	1	0	0		94.1	4.0	AQP5	36.7	
AQP10	sonnet_dual_triage	6	301	77	0	0	0	0	1	1	1	0	1	95.7		4.0	AQP9	58.4	
AQP11	sonnet_dual_triage	7	271	70	0	1	0	1	1	0	0	0	0	97.0	83.0		AQP12B	26.2	
AQP12B	sonnet_dual_triage	6	295	80	0	0	0	0	0	0	1	0	1				AQP12A	100.0	
AQP2	sonnet_dual_triage	6	271	54	0	0	0	1	1	1	0	0	1	99.3	88.9	4.0	AQP5	59.6	
AQP3	sonnet_dual_triage	6	292	75	0	0	0	1	1	1	1	0	1	97.3	95.5	4.0	AQP9	58.7	
AQP4	sonnet_dual_triage	6	323	57	0	0	0	1	1	1	0	0	1	96.9	93.2	4.0	MIP	49.1	
AQP5	sonnet_dual_triage	6	265	57	0	0	0	1	1	1	0	0	1	98.9	90.6	4.0	AQP2	64.9	
AQP7	sonnet_dual_triage	6	342	74	0	0	0	0	0	1	1	0	1			4.0	AQP7B	91.9	
AQP7B	sonnet_dual_triage	6	346	73	0	0	0	0	0	1	0	0	1			4.0	AQP7	90.5	
AQP8	sonnet_dual_triage	6	261	58	0	0	0	1	1	1	0	0	1	95.8	76.2	4.0	AQP5	41.4	
AQP9	sonnet_dual_triage	6	295	73	0	0	0	1	1	1	0	0	1	95.6	75.6	4.0	AQP10	55.8	
ARC	sonnet_dual_triage	0	396	0	0	0	0	1	0	0	0	0	0		92.9				
AREG	sonnet_dual_triage	1	252	172	1	1	0	1	1	0	0	0	0	86.9	69.8		HBEGF	26.7	
ARF5	sonnet_dual_triage	0	180	0	0	0	0	1	1	0	0	0	0	100.0	100.0				
ARHGAP18	sonnet_dual_triage	0	663	0	0	0	0	1	1	0	0	0	0	97.0	84.8				
ARHGAP36	sonnet_dual_triage	0	547	0	0	0	0	1	1	0	0	0	0	93.1	79.0				
ARID3A	sonnet_dual_triage	0	593	0	0	0	0	1	1	0	0	0	0	89.0	79.9				
ARL15	sonnet_dual_triage	0	204	0	0	0	0	1	1	0	0	0	0	99.0	97.1				
ARMH1	sonnet_dual_triage	0	440	0	0	0	0	1	1	0	0	0	0	96.1	77.0				
ARMH2	sonnet_dual_triage	0	230	0	0	0	0	1	1	0	0	0	0	90.4	53.5				
ARRDC1	sonnet_dual_triage	0	433	0	0	0	0	1	1	0	0	0	0	90.1	85.2				
ARRDC4	sonnet_dual_triage	0	418	0	0	0	0	1	1	0	0	0	0	85.4	86.1				
ARRDC5	sonnet_dual_triage	0	328	0	0	0	0	1	1	0	0	0	0	92.4	69.5				
ARSA	sonnet_dual_triage	0	507	489	1	1	1	1	1	1	0	0	0	96.1	85.5	2.0	GALNS	39.9	
ARSD	sonnet_dual_triage	2	593	515	1	1	1	0	1	0	0	0	1	88.5			ARSL	66.8	
ARSF	sonnet_dual_triage	2	590	523	1	1	1	0	1	0	0	0	1	88.5			ARSH	62.1	
ARSH	sonnet_dual_triage	2	562	513	0	1	1	0	0	0	0	0	1				ARSD	67.2	
ARSJ	sonnet_dual_triage	0	599	552	1	1	1	1	1	0	0	0	1	98.5	89.8		ARSI	59.8	
ART1	sonnet_dual_triage	0	327	305	1	1	1	1	1	0	0	1	0	84.1	76.5		ART5	36.7	2.0
ART3	sonnet_dual_triage	0	389	363	1	1	1	1	1	0	0	1	0	92.8	53.0		ART5	30.6	2.0
ART4	sonnet_dual_triage	0	314	268	1	1	1	1	1	0	0	1	0	92.0	59.2		ART1	32.5	2.0
ART5	sonnet_dual_triage	0	291	269	1	1	1	1	1	0	0	0	0	90.7	79.4		ART3	30.6	
ASAH2	sonnet_dual_triage	1	780	748	0	0	1	0	0	0	0	0	0				ASAH2B	19.4	
ASAH2B	sonnet_dual_triage	0	165	131	1	1	1	0	0	0	0	0	0				ASAH2	17.5	
ASGR1	sonnet_dual_triage	1	291	231	0	0	1	1	1	1	1	1	1	57.7	77.0	4.0	CLEC10A	53.7	2.0
ASGR2	sonnet_dual_triage	1	311	237	0	0	1	1	1	0	0	1	1	92.8	64.7		ASGR1	59.1	3.0
ASIC1	sonnet_dual_triage	2	528	375	0	0	0	1	1	1	0	1	1	100.0	97.5	3.0	ASIC2	74.7	1.0
ASIC2	sonnet_dual_triage	2	512	375	0	0	0	1	1	1	0	0	1	71.6	71.2	3.0	ASIC1	74.7	
ASIC3	sonnet_dual_triage	2	531	377	0	0	0	1	1	1	1	0	1	90.6	83.4	3.0	ASIC1	55.7	
ASIC4	sonnet_dual_triage	2	539	356	0	0	0	1	1	1	1	1	1	97.8	97.6	3.0	ASIC1	52.3	2.0
ASIC5	sonnet_dual_triage	2	505	365	0	0	0	1	1	1	0	1	0	94.3	77.0	3.0	ASIC3	32.1	2.0
ASIP	sonnet_dual_triage	0	132	110	1	1	1	1	0	0	0	0	0		78.0		AGRP	33.9	
ASPH	sonnet_dual_triage	2	758	284	0	0	0	1	1	0	1	0	0	96.7	81.5				
ASPHD1	sonnet_dual_triage	0	390	0	0	0	0	1	1	0	0	0	0	85.4	81.8				
ASPHD2	sonnet_dual_triage	0	369	0	0	0	0	1	1	0	0	0	0	98.9	87.3				
ASTL	sonnet_dual_triage	0	431	408	1	1	1	1	1	0	0	0	0	93.3	65.0		CUBN	5.0	
ASTN1	sonnet_dual_triage	2	1302	1037	1	1	1	1	1	0	0	1	1	99.8	97.9		ASTN2	50.8	10.0
ASTN2	sonnet_dual_triage	2	1339	1050	1	1	1	1	0	0	1	1	1		97.3		ASTN1	51.0	6.0
ATG9A	sonnet_dual_triage	4	839	53	0	0	0	1	1	1	0	1	1	99.5	98.0	2.0	ATG9B	55.6	1.0
ATP10D	sonnet_dual_triage	10	1426	70	0	0	0	1	1	0	0	0	1	95.9	83.2		ATP10A	47.4	
ATP11C	sonnet_dual_triage	10	1132	83	0	0	0	1	1	0	0	0	1	90.0	94.5		ATP11A	67.5	
ATP12A	sonnet_dual_triage	10	1039	104	0	0	0	1	1	0	0	0	1	94.3	86.6		ATP1A4	42.3	
ATP1A1	sonnet_dual_triage	10	1023	81	0	0	0	1	1	0	1	0	1	96.6	96.9		ATP1A2	80.5	
ATP1A2	sonnet_dual_triage	10	1020	82	0	0	0	1	0	0	0	0	1		99.1		ATP1A1	81.7	
ATP1A3	sonnet_dual_triage	10	1013	109	0	0	0	1	1	0	0	0	1	91.7	99.6		ATP1A2	85.3	
ATP1A4	sonnet_dual_triage	10	1029	82	0	0	0	1	1	0	1	0	1	96.5	83.4		ATP1A3	56.9	
ATP1B1	sonnet_dual_triage	1	303	247	0	0	1	1	1	0	0	0	0	97.0	94.1		ATP1B2	38.9	
ATP1B2	sonnet_dual_triage	1	290	229	0	0	1	1	1	0	0	0	1	99.3	97.2		ATP1B3	44.1	
ATP1B3	sonnet_dual_triage	1	279	219	0	0	1	1	1	0	0	1	1	99.6	73.5		ATP1B2	44.1	1.0
ATP2B1	sonnet_dual_triage	10	1220	101	0	0	0	1	1	0	0	0	1	100.0	99.5		ATP2B3	75.5	
ATP2B3	sonnet_dual_triage	10	1220	102	0	0	0	1	0	0	0	0	1		98.2		ATP2B2	78.4	
ATP2B4	sonnet_dual_triage	10	1241	102	0	0	0	1	1	0	0	0	1	98.3	84.6		ATP2B3	71.6	
ATP2C2	sonnet_dual_triage	10	946	66	0	0	0	1	1	0	0	0	1	96.7	84.5		ATP2C1	57.6	
ATP4A	sonnet_dual_triage	10	1035	112	0	0	0	1	1	0	0	0	1	89.1	98.0		ATP12A	41.1	
ATP4B	sonnet_dual_triage	1	291	229	0	0	1	1	1	0	0	0	0	96.9	83.5		ATP1B2	38.9	
ATP5F1A	sonnet_dual_triage	0	553	0	0	0	0	1	1	0	0	0	0	98.9	97.5				
ATP5F1B	sonnet_dual_triage	0	529	0	0	0	0	1	1	1	0	0	0	98.9	96.2	6.0			
ATP5IF1	sonnet_dual_triage	0	106	0	0	0	0	1	1	1	0	0	0	98.1	51.9	2.0			
ATP5PF	sonnet_dual_triage	0	108	0	0	0	0	1	1	0	0	0	0	82.4	80.6				
ATP6AP1	sonnet_dual_triage	1	470	392	1	1	0	1	1	0	0	0	0	93.6	86.0				
ATP6AP2	sonnet_dual_triage	1	350	295	1	1	0	1	1	0	0	0	0	98.9	93.7				
ATP6V0A2	sonnet_dual_triage	8	856	135	0	0	0	1	1	0	0	1	1	98.6	91.6		ATP6V0A1	55.6	1.0
ATP6V0D2	sonnet_dual_triage	0	350	0	0	0	0	1	1	0	0	0	0	98.9	93.1				
ATP6V0E2	sonnet_dual_triage	2	81	32	0	1	1	0	0	0	0	0	1				ATP6V0E1	68.8	
ATP6V1A	sonnet_dual_triage	0	617	0	0	0	0	1	0	0	0	0	0		98.1				
ATP7A	sonnet_dual_triage	8	1500	97	0	0	0	1	1	0	1	0	1	97.9	89.3		ATP7B	47.4	
ATP8B4	sonnet_dual_triage	10	1192	83	0	0	0	1	1	0	0	0	1	97.2	86.4		ATP8B2	59.0	
ATP9A	sonnet_dual_triage	10	1047	47	0	0	0	1	1	0	0	0	1	99.9	98.0		ATP9B	48.4	
ATRAID	sonnet_dual_triage	1	229	169	1	1	0	1	1	0	0	1	0	95.6	62.4				1.0
ATRN	sonnet_dual_triage	2	1429	1200	0	0	0	1	1	0	1	1	1	87.2	93.2		ATRNL1	59.8	5.0
ATRNL1	sonnet_dual_triage	1	1379	1169	1	1	0	1	1	0	1	1	1	98.9	96.0		ATRN	59.8	3.0
AVPR1A	sonnet_dual_triage	7	418	108	0	1	0	1	0	0	0	1	1		82.8		AVPR1B	42.6	1.0
AVPR1B	sonnet_dual_triage	7	424	90	0	1	0	1	1	0	0	0	1	95.0	80.7		OXTR	54.2	
AVPR2	sonnet_dual_triage	7	371	92	0	1	0	1	1	0	1	0	1	79.8	87.6		AVPR1B	44.6	
AXL	sonnet_dual_triage	1	894	419	1	1	0	1	1	0	0	0	0	97.1	87.6		ROS1	8.3	
AZGP1	sonnet_dual_triage	0	298	278	1	1	1	1	1	0	0	0	0	86.2	59.4		HLA-B	39.2	
AZU1	sonnet_dual_triage	0	251	232	1	1	1	0	1	0	0	0	0	89.2			KLK13	32.7	
B2M	sonnet_dual_triage	0	119	99	1	1	1	1	1	0	0	0	0	88.2	68.1		HLA-DPA1	19.3	
B4GALNT2	sonnet_dual_triage	1	566	474	0	0	1	1	1	1	1	0	1	94.3	73.5	2.0	B4GALNT1	42.7	
B4GALT1	sonnet_dual_triage	1	398	355	0	0	1	1	1	0	0	0	1	95.0	86.7		B4GALT2	55.5	
BACE1	sonnet_dual_triage	1	501	435	1	1	0	1	1	0	0	1	1	99.6	96.4		BACE2	51.2	2.0
BACE2	sonnet_dual_triage	1	518	447	1	1	0	1	1	0	1	1	1	83.8	88.6		BACE1	51.9	1.0
BAG6	sonnet_dual_triage	0	1132	0	0	0	0	1	1	0	0	0	0	96.1	91.6				
BAIAP3	sonnet_dual_triage	0	1187	0	0	0	0	1	1	0	0	0	0	89.7	88.9				
BAMBI	sonnet_dual_triage	1	260	126	1	1	0	1	1	0	0	0	0	98.5	93.1				
BCAM	sonnet_dual_triage	1	628	520	1	1	0	1	1	0	0	1	0	95.9	72.6		MCAM	31.9	2.0
BCAN	sonnet_dual_triage	0	911	889	1	1	1	1	1	0	0	1	0	96.5	80.4		ACAN	17.6	4.0
BCHE	sonnet_dual_triage	0	602	574	1	1	1	1	1	1	0	0	1	95.5	79.6	2.0	ACHE	52.7	
BDKRB1	sonnet_dual_triage	7	353	91	0	1	0	1	0	0	0	0	0		68.3		BDKRB2	23.1	
BDKRB2	sonnet_dual_triage	7	391	121	0	1	0	1	1	0	0	0	0	95.4	79.8		AGTR1	22.3	
BEST2	sonnet_dual_triage	4	509	38	0	0	0	1	0	1	0	0	1		89.4	5.0	BEST3	76.3	
BEST4	sonnet_dual_triage	4	473	48	0	0	0	0	1	1	0	0	0	81.2		5.0	BEST1	31.2	
BGN	sonnet_dual_triage	0	368	352	1	1	1	1	1	0	0	0	1	99.2	95.9		DCN	56.2	
BLCAP	sonnet_dual_triage	1	87	2	1	1	0	1	1	0	0	0	0	100.0	100.0				
BLVRB	sonnet_dual_triage	0	206	0	0	0	0	1	1	0	0	0	0	85.9	93.2				
BMP1	sonnet_dual_triage	0	986	964	1	1	1	1	1	0	0	0	1	99.4	96.0		TLL2	73.9	
BMP10	sonnet_dual_triage	0	424	403	1	1	1	1	1	1	0	0	1	97.9	85.1	2.0	GDF2	44.5	
BMP8A	sonnet_dual_triage	0	402	383	1	1	1	0	0	1	0	0	1			2.0	BMP8B	99.0	
BMPER	sonnet_dual_triage	0	685	646	1	1	1	1	1	0	0	0	0	98.7	92.7		CRIM1	22.3	
BMPR1A	sonnet_dual_triage	1	532	130	1	1	0	1	1	0	0	0	1	99.6	97.9		BMPR1B	46.2	
BMPR1B	sonnet_dual_triage	1	502	126	0	1	0	1	1	0	0	0	1	70.9	98.2		BMPR1A	46.9	
BMPR2	sonnet_dual_triage	1	1038	124	1	1	0	1	1	0	0	1	0	99.1	96.6		ACVR2B	32.3	1.0
BOC	sonnet_dual_triage	1	1114	825	1	1	0	1	1	0	0	1	1	87.5	86.4		CDON	42.1	3.0
BPI	sonnet_dual_triage	0	487	457	1	1	1	1	1	0	0	0	1	89.0	53.6		LBP	45.3	
BPIFA1	sonnet_dual_triage	0	256	237	1	1	1	1	1	0	0	0	0	95.3	73.0		BPIFB4	14.1	
BPIFA3	sonnet_dual_triage	0	254	233	1	1	1	1	1	0	0	0	0	90.6	61.0		BPIFB1	16.8	
BPIFB2	sonnet_dual_triage	0	458	438	1	1	1	1	1	1	0	0	0	96.5	68.1	2.0	BPIFA3	16.9	
BPIFB6	sonnet_dual_triage	0	453	435	1	1	1	1	1	0	0	0	0	92.3	71.7		BPIFB4	23.6	
BPIFC	sonnet_dual_triage	0	507	484	1	1	1	1	1	0	0	0	0	95.9	71.2		BPIFA2	15.1	
BRI3	sonnet_dual_triage	0	125	0	0	0	0	1	1	0	0	0	0	92.8	93.6				
BRICD5	sonnet_dual_triage	1	260	211	0	0	1	1	1	0	0	0	0	89.0	65.8		GKN2	19.4	
BRINP2	sonnet_dual_triage	0	783	750	1	1	1	1	1	0	0	0	1	99.6	94.8		BRINP3	71.2	
BRK1	sonnet_dual_triage	0	75	0	0	0	0	1	1	0	0	0	0	100.0	98.7				
BRS3	sonnet_dual_triage	7	399	105	0	1	0	1	1	0	0	0	0	96.5	85.2		GRPR	38.1	
BSG	sonnet_dual_triage	1	385	303	1	1	0	1	0	1	0	1	1		65.5	2.0	NPTN	40.3	3.0
BSND	sonnet_dual_triage	2	320	6	0	0	0	1	0	0	0	0	0		70.6				
BSPH1	sonnet_dual_triage	0	132	122	1	1	1	1	0	0	0	0	0		50.8		ELSPBP1	22.5	
BST1	sonnet_dual_triage	0	318	286	1	1	1	1	1	1	0	1	0	91.2	70.4	2.0	CD38	32.9	1.0
BST2	sonnet_dual_triage	1	180	137	0	0	1	0	0	1	0	1	0			2.0			2.0
BTBD17	sonnet_dual_triage	1	478	54	1	1	0	1	0	1	0	0	0		92.7	2.0			
BTC	sonnet_dual_triage	1	178	87	1	1	0	1	1	0	0	0	0	95.5	77.5		TGFA	37.9	
BTD	sonnet_dual_triage	0	523	502	1	1	1	1	1	0	0	0	1	96.4	84.3		VNN1	42.4	
BTLA	sonnet_dual_triage	1	289	123	1	1	0	1	1	0	0	1	0	89.6	54.7				1.0
BTN1A1	sonnet_dual_triage	1	526	220	1	1	0	1	1	0	0	1	1	96.4	74.0		BTN2A2	48.9	1.0
BTN2A1	sonnet_dual_triage	1	527	220	1	1	0	0	1	0	0	1	1	91.7			BTN2A2	81.5	1.0
BTN2A2	sonnet_dual_triage	1	523	233	1	1	0	1	0	0	0	1	1		68.8		BTN2A1	82.8	3.0
BTN3A1	sonnet_dual_triage	1	513	221	1	1	0	0	0	1	0	1	1			2.0	BTN3A2	95.5	1.0
BTN3A2	sonnet_dual_triage	1	334	221	1	1	0	0	1	1	0	1	1	91.0		2.0	BTN3A3	95.9	2.0
BTN3A3	sonnet_dual_triage	1	584	221	1	1	0	0	1	1	0	1	1	87.2		2.0	BTN3A2	95.9	2.0
BTNL2	sonnet_dual_triage	1	482	431	1	1	0	1	0	0	1	0	0		62.2		ERMAP	26.7	
BTNL3	sonnet_dual_triage	1	466	221	1	1	0	0	0	1	0	1	1			2.0	BTNL8	71.0	1.0
BTNL8	sonnet_dual_triage	1	500	218	1	1	0	0	1	1	0	0	1	70.2		2.0	BTNL3	70.1	
BTNL9	sonnet_dual_triage	1	535	223	1	1	0	1	0	1	0	1	1		69.0	2.0	BTN2A1	43.9	1.0
C11orf24	sonnet_dual_triage	1	449	381	1	1	0	0	1	0	0	0	0				MANSC4	18.6	
C14orf180	sonnet_dual_triage	1	160	39	0	0	1	0	0	0	0	0	0						
C16orf54	sonnet_dual_triage	1	224	31	0	1	0	1	0	0	0	0	0						
C16orf89	sonnet_dual_triage	0	402	382	1	1	1	1	1	0	0	0	0						
C17orf58	sonnet_dual_triage	0	339	322	1	1	1	1	0	0	0	0	0						
C17orf67	sonnet_dual_triage	0	90	70	1	1	1	1	1	0	0	0	0						
C17orf78	sonnet_dual_triage	1	275	166	1	1	0	1	0	0	1	0	0						
C17orf99	sonnet_dual_triage	0	265	245	1	1	1	0	1	0	0	0	0				FCRL5	9.9	
C18orf54	sonnet_dual_triage	0	372	0	0	0	0	1	1	0	0	0	0						
C19orf38	sonnet_dual_triage	1	230	103	1	1	0	1	1	0	0	1	0						1.0
C1QB	sonnet_dual_triage	0	253	226	1	1	1	1	0	1	0	0	1		80.1	3.0	C1QC	50.0	
C1QBP	sonnet_dual_triage	0	282	0	0	0	0	1	0	1	0	0	0		85.8	3.0			
C1QL1	sonnet_dual_triage	0	258	243	1	1	1	1	1	1	0	0	1	98.8	98.4	3.0	C1QL3	74.9	
C1QL2	sonnet_dual_triage	0	287	266	1	1	1	1	1	1	0	0	1	97.2	94.1	3.0	C1QL3	69.5	
C1QL3	sonnet_dual_triage	0	255	240	1	1	1	1	1	1	0	0	1	99.2	99.6	3.0	C1QL2	70.3	
C1QL4	sonnet_dual_triage	0	238	223	1	1	1	1	1	1	0	0	1	86.6	96.6	3.0	C1QL1	71.6	
C1QTNF1	sonnet_dual_triage	0	281	256	1	1	1	1	1	1	0	0	1	86.5	76.9	3.0	C1QTNF6	49.6	
C1QTNF12	sonnet_dual_triage	0	302	277	1	1	1	1	0	1	0	0	0		70.9	3.0	ERFE	37.4	
C1QTNF2	sonnet_dual_triage	0	285	270	1	1	1	1	0	1	0	0	1		94.4	3.0	C1QTNF7	59.7	
C1QTNF3	sonnet_dual_triage	0	246	224	1	1	1	1	1	1	0	0	0	76.5	93.1	3.0	COL8A2	15.0	
C1QTNF4	sonnet_dual_triage	0	329	313	1	1	1	1	0	1	0	0	0		94.2	2.0	C1QTNF6	30.0	
C1QTNF5	sonnet_dual_triage	0	243	228	1	1	1	1	1	1	0	0	1	99.2	93.8	3.0	C1QTNF9	35.0	
C1QTNF6	sonnet_dual_triage	0	278	232	1	1	1	1	1	1	0	0	1	91.0	63.7	3.0	C1QTNF1	48.0	
C1QTNF7	sonnet_dual_triage	0	289	273	1	1	1	1	1	1	0	0	1	99.0	96.5	3.0	C1QTNF2	59.7	
C1QTNF8	sonnet_dual_triage	0	252	235	1	1	1	0	0	1	0	0	1			3.0	C1QTNF6	51.9	
C1QTNF9	sonnet_dual_triage	0	333	314	1	1	1	0	0	1	0	0	1			3.0	C1QTNF9B	97.5	
C1QTNF9B	sonnet_dual_triage	0	333	314	1	1	1	0	0	1	0	0	1			3.0	C1QTNF9	97.5	
C1R	sonnet_dual_triage	0	705	688	1	1	1	0	0	0	0	0	0				C1RL	36.5	
C1RL	sonnet_dual_triage	0	487	447	1	1	1	1	1	0	0	0	0	93.8	72.9		C1R	36.5	
C1S	sonnet_dual_triage	0	688	673	1	1	1	0	1	0	0	0	0	93.8			C1R	39.7	
C1orf115	sonnet_dual_triage	0	142	0	0	0	0	1	1	0	0	0	0						
C1orf116	sonnet_dual_triage	0	601	0	0	0	0	1	1	0	0	0	0						
C1orf185	sonnet_dual_triage	1	199	12	0	1	0	0	1	0	0	0	0						
C1orf210	sonnet_dual_triage	1	113	32	0	1	0	1	1	0	0	0	0						
C1orf54	sonnet_dual_triage	0	131	115	1	1	1	1	1	0	0	0	0						
C1orf56	sonnet_dual_triage	0	341	318	1	1	1	1	0	0	0	0	0						
C2CD4A	sonnet_dual_triage	0	369	0	0	0	0	0	0	0	0	0	0				SYT12	0.0	
C2CD4B	sonnet_dual_triage	0	364	0	0	0	0	0	0	0	0	0	0				SYT12	0.0	
C2orf74	sonnet_dual_triage	1	187	9	0	1	0	1	1	0	0	0	0						
C2orf92	sonnet_dual_triage	1	265	167	1	1	0	0	1	0	0	0	0						
C3AR1	sonnet_dual_triage	7	482	233	0	1	0	1	1	0	0	0	0	88.8	64.7		FPR3	15.5	
C3orf18	sonnet_dual_triage	1	162	58	0	1	0	1	1	0	1	0	0				SMIM29	8.6	
C3orf52	sonnet_dual_triage	1	217	130	0	0	1	1	1	0	0	0	0						
C3orf80	sonnet_dual_triage	1	247	40	1	1	0	1	0	0	0	1	0						1.0
C5AR1	sonnet_dual_triage	7	350	80	0	1	0	1	1	1	0	0	0	90.0	65.7	2.0	C5AR2	27.4	
C5AR2	sonnet_dual_triage	7	337	95	0	1	0	1	1	0	0	0	0	90.5	61.7		C5AR1	31.6	
C5orf15	sonnet_dual_triage	1	265	153	1	1	0	1	0	0	0	0	0						
C5orf46	sonnet_dual_triage	0	87	64	1	1	1	1	1	0	0	0	0						
C6orf120	sonnet_dual_triage	0	191	162	1	1	1	1	1	0	0	0	0						
C6orf58	sonnet_dual_triage	0	330	310	1	1	1	1	1	0	0	0	0						
C8B	sonnet_dual_triage	0	591	559	1	1	1	1	1	0	0	0	0	95.3	75.1		SUSD6	11.8	
C8G	sonnet_dual_triage	0	202	182	1	1	1	1	0	0	0	0	0		73.8				
C9	sonnet_dual_triage	0	559	538	1	1	1	1	1	0	0	0	0	91.8	58.0		SUSD6	14.7	
C9orf85	sonnet_dual_triage	0	179	0	0	0	0	1	1	0	0	0	0						
CA10	sonnet_dual_triage	0	328	307	1	1	1	1	1	1	0	0	1	94.8	100.0	2.0	CA11	55.0	
CA12	sonnet_dual_triage	1	354	279	1	1	0	1	1	0	0	1	1	96.0	81.9		CA14	46.6	1.0
CA14	sonnet_dual_triage	1	337	278	1	1	0	1	1	0	0	1	1	96.4	84.0		CA12	46.2	1.0
CA4	sonnet_dual_triage	0	312	293	1	1	1	1	0	0	0	1	0		55.8		CA2	32.4	2.0
CA9	sonnet_dual_triage	1	459	377	1	1	0	1	1	0	0	0	0	92.2	69.7		CA14	31.3	
CABS1	sonnet_dual_triage	0	395	395	0	1	1	1	1	0	0	0	0	92.4	61.0				
CACHD1	sonnet_dual_triage	1	1274	1064	1	1	0	1	1	0	0	1	0	99.3	96.9		CACNA2D2	22.8	3.0
CACNA1A	sonnet_dual_triage	24	2506	390	0	0	0	1	1	0	0	0	1	64.8	87.0		CACNA1B	72.5	
CACNA1B	sonnet_dual_triage	24	2339	393	0	0	0	1	0	0	0	0	1		92.0		CACNA1A	74.6	
CACNA1C	sonnet_dual_triage	24	2221	418	0	0	0	1	0	0	1	0	1		95.4		CACNA1D	69.5	
CACNA1D	sonnet_dual_triage	24	2161	429	0	0	0	1	1	0	0	0	1	98.9	96.5		CACNA1F	75.3	
CACNA1E	sonnet_dual_triage	24	2313	397	0	0	0	1	1	0	0	0	1	99.0	94.9		CACNA1B	65.2	
CACNA1F	sonnet_dual_triage	24	1977	412	0	0	0	1	1	0	0	0	1	98.6	92.2		CACNA1D	73.4	
CACNA1G	sonnet_dual_triage	24	2377	409	0	0	0	1	0	0	1	0	1		94.7		CACNA1H	69.1	
CACNA1H	sonnet_dual_triage	24	2353	437	0	0	0	1	0	0	0	0	1		84.8		CACNA1I	71.5	
CACNA1I	sonnet_dual_triage	24	2223	456	0	0	0	1	1	0	0	0	1	65.8	91.6		CACNA1H	74.6	
CACNA1S	sonnet_dual_triage	24	1873	461	0	0	0	1	1	0	0	0	1	98.8	90.9		CACNA1D	67.0	
CACNA2D1	sonnet_dual_triage	1	1103	1049	1	1	0	1	1	0	0	0	1	99.4	95.8		CACNA2D2	53.9	
CACNA2D2	sonnet_dual_triage	0	1150	1090	1	1	1	1	1	0	0	0	1	98.7	96.9		CACNA2D1	55.0	
CACNA2D3	sonnet_dual_triage	0	1091	1058	1	1	1	1	1	0	0	0	1	99.7	98.1		CACNA2D4	59.8	
CACNA2D4	sonnet_dual_triage	0	1137	1077	1	1	1	1	1	0	0	0	1	97.2	83.1		CACNA2D3	59.9	
CACNG1	sonnet_dual_triage	4	222	103	0	0	0	1	1	1	0	0	1	97.3	85.6	2.0	CACNG6	42.7	
CACNG2	sonnet_dual_triage	4	323	95	0	0	0	1	1	0	0	0	1	100.0	98.8		CACNG3	85.3	
CACNG3	sonnet_dual_triage	4	315	93	0	0	0	1	1	0	0	1	1	100.0	98.7		CACNG2	84.2	1.0
CACNG4	sonnet_dual_triage	4	327	99	0	0	0	1	1	0	0	0	1	82.6	98.2		CACNG8	64.2	
CACNG5	sonnet_dual_triage	4	275	94	0	0	0	1	1	0	0	0	1	99.3	97.1		CACNG7	59.6	
CACNG6	sonnet_dual_triage	4	260	110	0	0	0	1	0	1	0	0	1		85.0	2.0	CACNG1	42.7	
CACNG7	sonnet_dual_triage	4	275	93	0	0	0	1	1	0	0	0	1	68.7	100.0		CACNG5	58.5	
CACNG8	sonnet_dual_triage	4	425	109	0	0	0	1	0	0	0	0	1		94.4		CACNG4	64.2	
CADM1	sonnet_dual_triage	1	442	331	1	1	0	1	1	1	1	1	1	99.6	98.7	2.0	CADM2	40.7	3.0
CADM2	sonnet_dual_triage	1	435	344	1	1	0	1	1	0	0	1	1	95.8	96.8		CADM3	44.8	2.0
CADM3	sonnet_dual_triage	1	398	307	1	1	0	1	1	1	0	1	1	92.5	94.7	2.0	CADM2	45.1	2.0
CADM4	sonnet_dual_triage	1	388	299	1	1	0	1	1	0	0	1	0	100.0	98.5		CADM1	37.2	1.0
CALCR	sonnet_dual_triage	7	474	154	1	1	0	1	0	0	1	0	1		77.8		CALCRL	57.1	
CALCRL	sonnet_dual_triage	7	461	154	1	1	0	1	1	0	0	0	1	99.3	89.8		CALCR	57.1	
CALHM1	sonnet_dual_triage	4	346	79	0	0	0	1	1	1	0	0	1	97.4	92.2	8.0	CALHM3	49.4	
CALHM2	sonnet_dual_triage	4	323	82	0	0	0	1	1	0	1	0	1	89.2	92.3		CALHM3	42.7	
CALHM3	sonnet_dual_triage	4	344	76	0	0	0	1	1	1	0	0	1	94.5	85.2	9.0	CALHM1	49.4	
CALHM4	sonnet_dual_triage	4	314	80	0	0	0	1	0	1	1	0	1		77.4	8.0	CALHM2	40.2	
CALHM5	sonnet_dual_triage	4	309	78	0	0	0	1	1	1	0	0	1	98.1	83.5	12.0	CALHM6	42.3	
CALHM6	sonnet_dual_triage	4	315	74	0	0	0	1	1	1	1	0	1	90.2	68.3	10.0	CALHM5	42.3	
CALR	sonnet_dual_triage	0	417	400	1	1	1	1	1	0	0	0	1	99.8	94.2		CALR3	48.0	
CALY	sonnet_dual_triage	1	217	111	0	0	1	1	1	0	1	0	0	87.1	81.1		NSG1	26.1	
CAMKV	sonnet_dual_triage	0	501	0	0	0	0	1	1	0	0	0	0	98.8	94.8				
CAMP	sonnet_dual_triage	0	170	140	1	1	1	1	1	0	0	0	0	86.5	54.7				
CANT1	sonnet_dual_triage	1	401	341	0	0	1	1	1	1	1	0	0	96.5	87.8	2.0			
CANX	sonnet_dual_triage	1	592	461	1	1	0	1	1	0	0	0	1	98.8	93.2		CLGN	64.4	
CAPRIN1	sonnet_dual_triage	0	709	0	0	0	0	1	1	1	0	0	0	99.9	96.8	2.0			
CASR	sonnet_dual_triage	7	1078	644	1	1	0	1	1	0	0	1	0	98.5	93.8		TAS1R1	31.8	1.0
CATIP	sonnet_dual_triage	0	387	0	0	0	0	1	1	0	0	0	0	96.4	71.8				
CATSPER1	sonnet_dual_triage	6	780	67	0	0	0	0	1	0	0	0	0	85.1			CATSPER4	26.9	
CATSPER2	sonnet_dual_triage	6	530	75	0	0	0	1	0	1	1	0	0		69.1	4.0	TPCN1	15.0	
CATSPER3	sonnet_dual_triage	6	398	69	0	0	0	1	0	1	0	0	0		64.8	4.0	SCN3A	5.7	
CATSPER4	sonnet_dual_triage	6	472	64	0	0	0	1	1	0	0	0	0	93.2	65.7		CACNA1C	7.4	
CATSPERB	sonnet_dual_triage	1	1116	1036	1	1	0	0	1	0	0	0	0	88.9					
CATSPERD	sonnet_dual_triage	1	798	698	1	1	0	0	1	0	1	1	0	88.7					3.0
CATSPERE	sonnet_dual_triage	1	951	884	1	1	0	0	1	0	1	0	0	82.2					
CATSPERG	sonnet_dual_triage	1	1159	1030	1	1	0	0	1	0	0	1	0	92.7					4.0
CATSPERH	sonnet_dual_triage	3	116	12	1	1	0	1	0	0	0	0	0		71.6				
CATSPERQ	sonnet_dual_triage	2	235	10	0	0	0	1	1	0	0	0	0	58.7	66.0				
CATSPERT	sonnet_dual_triage	0	1820	0	0	0	0	0	1	0	0	0	0	92.0					
CATSPERZ	sonnet_dual_triage	0	200	0	0	0	0	0	1	0	0	0	0	93.5					
CAV1	sonnet_dual_triage	0	178	0	0	0	0	1	1	1	0	0	0	96.1	94.9	2.0			
CAV2	sonnet_dual_triage	0	162	0	0	0	0	1	1	1	0	0	0	97.5	90.1	11.0			
CAV3	sonnet_dual_triage	0	151	0	0	0	0	1	1	1	0	0	0	100.0	94.7	2.0			
CAVIN1	sonnet_dual_triage	0	390	0	0	0	0	1	0	1	0	0	0		93.1	4.0			
CAVIN2	sonnet_dual_triage	0	425	0	0	0	0	1	1	1	0	0	0	96.0	82.8	4.0			
CBARP	sonnet_dual_triage	1	705	46	0	1	0	1	1	0	0	0	0	56.6	82.8				
CBLN1	sonnet_dual_triage	0	193	172	1	1	1	1	1	1	0	0	1	60.1	99.0	3.0	CBLN2	84.4	
CBLN2	sonnet_dual_triage	0	224	173	1	1	1	1	1	1	0	0	1	67.9	94.2	3.0	CBLN1	84.4	
CBLN3	sonnet_dual_triage	0	205	173	1	1	1	1	1	1	0	0	1	99.5	88.8	3.0	CBLN1	61.3	
CBX3	sonnet_dual_triage	0	183	0	0	0	0	0	0	1	0	0	0			2.0			
CCDC167	sonnet_dual_triage	1	97	1	0	0	1	1	0	0	0	0	0		79.4				
CCDC188	sonnet_dual_triage	1	402	39	0	0	1	1	1	0	0	0	0	76.1	56.7				
CCDC198	sonnet_dual_triage	0	296	0	0	0	0	1	1	0	0	0	0	92.2	63.2				
CCDC25	sonnet_dual_triage	0	208	0	0	0	0	1	1	0	0	0	0	99.5	95.2				
CCDC3	sonnet_dual_triage	0	270	249	1	1	1	1	1	1	0	0	0	86.7	90.4	2.0			
CCDC54	sonnet_dual_triage	0	328	0	0	0	0	1	1	1	0	0	0	93.0	64.6	2.0			
CCDC69	sonnet_dual_triage	0	296	0	0	0	0	0	1	1	0	0	0	96.3		2.0			
CCDC70	sonnet_dual_triage	0	222	0	0	0	0	1	1	0	0	0	0	92.8	83.3				
CCDC78	sonnet_dual_triage	0	438	0	0	0	0	1	1	1	0	0	0	90.4	53.8	2.0			
CCDC8	sonnet_dual_triage	0	538	0	0	0	0	0	1	0	0	0	0	82.3					
CCDC80	sonnet_dual_triage	0	950	927	1	1	1	1	1	0	0	0	0	98.0	84.0				
CCDC81	sonnet_dual_triage	0	652	0	0	0	0	1	1	0	0	0	0	95.9	79.0				
CCKAR	sonnet_dual_triage	7	428	99	0	1	0	1	1	0	0	0	0	97.7	90.7		CCKBR	32.4	
CCKBR	sonnet_dual_triage	7	447	108	0	1	0	1	0	0	0	0	0		89.3		GALR3	21.3	
CCL21	sonnet_dual_triage	0	134	111	1	1	1	0	1	0	0	0	0	92.5			CCL16	28.8	
CCL25	sonnet_dual_triage	0	150	127	1	1	1	0	1	0	0	0	0	90.0			CCL16	26.0	
CCL27	sonnet_dual_triage	0	112	88	1	1	1	0	0	0	0	0	0				CCL28	30.5	
CCL5	sonnet_dual_triage	0	91	68	1	1	1	1	0	0	0	0	1		80.2		CCL4	50.7	
CCN1	sonnet_dual_triage	0	381	357	1	1	1	1	1	0	0	0	1	98.2	91.9		CCN2	47.3	
CCN2	sonnet_dual_triage	0	349	323	1	1	1	1	1	0	0	0	1	89.4	90.5		CCN3	52.5	
CCN3	sonnet_dual_triage	0	357	326	1	1	1	1	1	0	0	0	1	98.9	80.1		CCN2	52.5	
CCN5	sonnet_dual_triage	0	250	227	1	1	1	1	1	0	0	0	0	95.6	73.2		CCN2	35.0	
CCN6	sonnet_dual_triage	0	354	331	1	1	1	1	1	0	0	0	1	97.5	78.2		CCN4	43.5	
CCNY	sonnet_dual_triage	0	341	0	0	0	0	1	1	0	0	0	0	100.0	98.2				
CCNYL1	sonnet_dual_triage	0	359	0	0	0	0	1	1	0	0	0	0	99.2	92.8				
CCNYL1B	sonnet_dual_triage	0	285	0	0	0	0	0	0	0	0	0	0						
CCPG1	sonnet_dual_triage	1	757	522	0	0	1	1	1	1	0	0	0	93.7	70.0	2.0			
CCR1	sonnet_dual_triage	7	355	92	0	1	0	0	1	0	0	1	0	88.5			CCR2	36.3	1.0
CCR10	sonnet_dual_triage	7	362	108	0	1	0	1	1	0	0	0	0	98.3	88.1		CCR7	29.6	
CCR2	sonnet_dual_triage	7	374	102	0	1	0	1	1	0	0	0	1	97.2	79.7		CCR5	46.1	
CCR3	sonnet_dual_triage	7	355	99	0	1	0	1	1	0	0	1	0	92.1	68.7		CCR1	38.4	1.0
CCR4	sonnet_dual_triage	7	360	100	0	1	0	1	1	0	0	0	0	98.6	86.7		CCR5	32.0	
CCR5	sonnet_dual_triage	7	352	95	0	1	0	1	1	0	0	1	1	97.7	82.4		CCR2	47.1	1.0
CCR6	sonnet_dual_triage	7	374	117	0	1	0	1	1	0	0	0	0	94.9	73.3		CXCR6	25.6	
CCR7	sonnet_dual_triage	7	378	79	1	1	0	1	1	0	0	0	0	98.9	87.0		CCR10	25.0	
CCR8	sonnet_dual_triage	7	355	87	0	1	0	1	1	0	1	0	0	94.1	70.4		CCR4	30.0	
CCR9	sonnet_dual_triage	7	369	98	0	1	0	1	1	0	0	0	0	98.6	85.6		CXCR6	22.4	
CCRL2	sonnet_dual_triage	7	344	99	0	1	0	0	1	0	0	0	0	91.9			CCR2	31.4	
CCT5	sonnet_dual_triage	0	541	0	0	0	0	1	1	1	0	0	0	100.0	96.3	9.0			
CCT7	sonnet_dual_triage	0	543	0	0	0	0	1	1	1	0	0	0	99.8	96.1	9.0			
CD101	sonnet_dual_triage	1	1021	934	1	1	0	1	1	0	0	1	0	95.1	70.4		IGSF3	33.8	4.0
CD109	sonnet_dual_triage	0	1445	1424	1	1	1	1	1	0	0	1	0	95.8	72.1		CPAMD8	26.9	7.0
CD14	sonnet_dual_triage	0	375	356	1	1	1	1	1	0	0	1	0	95.2	65.3				2.0
CD151	sonnet_dual_triage	4	253	123	0	0	0	1	1	0	0	1	1	91.7	93.7		TSPAN11	60.2	1.0
CD160	sonnet_dual_triage	0	181	158	1	1	1	1	1	0	0	1	0	89.5	66.3				2.0
CD163	sonnet_dual_triage	1	1156	1005	1	1	0	1	1	0	0	1	1	96.0	72.9		CD163L1	44.7	3.0
CD163L1	sonnet_dual_triage	1	1453	1319	1	1	0	0	1	0	1	1	1	92.4			CD163	44.7	5.0
CD164	sonnet_dual_triage	1	197	143	1	1	0	1	1	0	1	0	0	83.8	61.9		TMEM123	30.8	
CD164L2	sonnet_dual_triage	1	174	112	1	1	0	1	1	0	0	0	0	86.2	81.0		CD164	23.8	
CD177	sonnet_dual_triage	0	437	416	1	1	1	0	0	0	0	1	0				TEX101	22.1	2.0
CD180	sonnet_dual_triage	1	661	606	1	1	0	1	1	0	0	1	0	94.3	74.0		LRRC3B	12.7	2.0
CD19	sonnet_dual_triage	1	556	272	1	1	0	1	1	0	0	1	0	91.9	65.3				1.0
CD1A	sonnet_dual_triage	1	327	281	1	1	0	0	0	0	0	1	1				CD1B	60.4	1.0
CD1B	sonnet_dual_triage	1	333	285	1	1	0	0	0	0	0	0	1				CD1C	61.8	
CD1C	sonnet_dual_triage	1	333	283	1	1	0	0	1	0	0	1	1	90.7			CD1B	61.8	1.0
CD1D	sonnet_dual_triage	1	335	282	1	1	0	0	1	0	0	1	1	93.7			CD1E	57.6	2.0
CD1E	sonnet_dual_triage	1	388	288	1	1	0	0	1	0	1	1	1	89.2			CD1B	59.4	2.0
CD2	sonnet_dual_triage	1	351	191	1	1	0	1	1	0	0	1	0	94.0	51.9		LY9	14.4	1.0
CD200	sonnet_dual_triage	1	278	206	1	1	0	1	1	1	0	1	0	94.8	76.6	2.0	SMAGP	7.3	2.0
CD200R1	sonnet_dual_triage	1	348	242	1	1	0	0	1	0	1	1	1	90.5			CD200R1L	73.6	1.0
CD200R1L	sonnet_dual_triage	1	271	218	1	1	0	0	1	0	0	1	1	82.4			CD200R1	71.5	1.0
CD207	sonnet_dual_triage	1	328	264	0	0	1	1	1	1	0	0	0	93.0	66.5	2.0	CLEC4F	21.6	
CD209	sonnet_dual_triage	1	404	346	0	0	1	0	1	0	1	0	1	82.9			CLEC4M	83.5	
CD22	sonnet_dual_triage	1	847	668	1	1	0	1	1	0	0	1	0	78.2	61.3		TMEM25	15.4	4.0
CD226	sonnet_dual_triage	1	336	232	1	1	0	1	1	1	0	1	0	93.2	52.4	2.0	SMAGP	12.9	3.0
CD24	sonnet_dual_triage	0	80	54	1	1	1	1	0	0	0	0	0		57.5				
CD244	sonnet_dual_triage	1	370	205	1	1	0	0	1	0	0	1	0	84.1			LY9	14.9	1.0
CD247	sonnet_dual_triage	1	164	9	1	1	0	1	1	0	0	0	0	90.9	81.1				
CD248	sonnet_dual_triage	1	757	670	1	1	0	1	0	0	0	1	0		78.5		DLK2	17.2	3.0
CD27	sonnet_dual_triage	1	260	168	1	1	0	1	0	0	0	0	0		64.2		TNFRSF1B	25.7	
CD274	sonnet_dual_triage	1	290	220	1	1	0	1	1	1	1	1	1	93.4	69.3	2.0	RNF152	15.9	2.0
CD276	sonnet_dual_triage	1	534	437	1	1	0	1	1	0	1	1	0	97.4	52.6		ERMAP	23.1	2.0
CD28	sonnet_dual_triage	1	220	136	1	1	0	1	1	1	1	1	0	98.2	67.7	2.0	CTLA4	28.7	3.0
CD300A	sonnet_dual_triage	1	299	163	1	1	0	0	1	0	1	1	1	73.9			CD300C	69.9	1.0
CD300C	sonnet_dual_triage	1	224	162	1	1	0	0	1	0	0	1	1	84.8			CD300A	70.6	1.0
CD300E	sonnet_dual_triage	1	205	159	1	1	0	1	1	0	0	1	1	62.9	56.1		CD300H	41.5	1.0
CD300H	sonnet_dual_triage	1	201	146	1	1	0	0	1	0	1	0	1	90.5			CD300C	43.2	
CD300LB	sonnet_dual_triage	1	201	137	1	1	0	0	1	0	0	0	1	77.1			CD300LF	56.8	
CD300LD	sonnet_dual_triage	1	194	147	1	1	0	0	1	0	0	0	1	85.1			CD300LF	61.9	
CD300LF	sonnet_dual_triage	1	290	139	1	1	0	0	1	0	1	1	1	86.2			CD300LD	57.8	1.0
CD300LG	sonnet_dual_triage	1	332	229	1	1	0	0	1	0	0	0	0	88.6			CD300C	27.9	
CD302	sonnet_dual_triage	1	232	148	1	1	0	1	1	0	0	1	0	94.0	73.7		MRC1	4.9	1.0
CD320	sonnet_dual_triage	1	282	195	1	1	0	1	1	0	0	1	0	82.3	56.0		LDLRAD2	20.2	1.0
CD33	sonnet_dual_triage	1	364	243	1	1	0	0	0	0	0	1	1				SIGLEC6	50.5	2.0
CD34	sonnet_dual_triage	1	385	259	1	1	0	1	1	0	0	1	0	89.4	65.5				1.0
CD36	sonnet_dual_triage	2	472	409	0	0	0	1	1	0	1	1	0	94.9	84.1		SCARB2	35.9	1.0
CD37	sonnet_dual_triage	4	281	149	0	0	0	1	0	0	1	1	0		80.1		TSPAN3	28.2	1.0
CD38	sonnet_dual_triage	1	300	256	0	0	1	1	1	0	0	1	0	92.3	58.0		BST1	33.2	2.0
CD3D	sonnet_dual_triage	1	171	85	1	1	0	1	1	1	1	1	0	84.2	64.3	2.0	CD3G	33.7	2.0
CD3E	sonnet_dual_triage	1	207	111	1	1	0	1	1	1	0	0	0	82.6	58.5	2.0	CD3G	27.0	
CD3G	sonnet_dual_triage	1	182	95	1	1	0	1	1	1	0	1	0	81.9	69.8	2.0	CD3D	33.7	1.0
CD4	sonnet_dual_triage	1	458	371	1	1	0	1	1	0	0	1	0	92.1	54.8				2.0
CD40	sonnet_dual_triage	1	277	174	1	1	0	1	1	0	1	1	0	88.8	62.1		TNFRSF11A	37.7	2.0
CD40LG	sonnet_dual_triage	1	261	217	0	0	1	1	1	0	0	1	0	98.1	77.4		TNFSF14	24.9	2.0
CD44	sonnet_dual_triage	1	742	629	1	1	0	1	1	0	1	1	0	95.1	70.2		LYVE1	13.0	1.0
CD46	sonnet_dual_triage	1	392	311	1	1	0	0	1	0	0	1	0	83.0			CSMD1	4.4	3.0
CD47	sonnet_dual_triage	5	323	139	1	1	0	1	1	1	0	0	0	91.6	72.1	2.0			
CD48	sonnet_dual_triage	1	243	196	1	1	0	0	1	0	1	1	0	81.5			LY9	14.7	2.0
CD5	sonnet_dual_triage	1	495	358	1	1	0	1	0	0	0	1	0		64.0		DMBT1	5.6	1.0
CD52	sonnet_dual_triage	0	61	37	1	1	1	0	1	0	0	0	0	86.9					
CD53	sonnet_dual_triage	4	219	97	0	0	0	1	1	0	0	0	0	81.3	83.1		TSPAN9	30.7	
CD55	sonnet_dual_triage	0	381	347	1	1	1	0	1	0	0	1	0	79.3			CSMD3	4.5	1.0
CD58	sonnet_dual_triage	1	250	187	1	1	0	0	1	0	0	1	0	82.4					1.0
CD59	sonnet_dual_triage	0	128	103	1	1	1	0	0	0	0	1	0				LYPD2	31.1	1.0
CD5L	sonnet_dual_triage	0	347	329	1	1	1	1	1	0	0	0	0	87.9	69.2		DMBT1	7.3	
CD6	sonnet_dual_triage	1	668	385	1	1	0	1	1	0	0	1	0	85.6	69.9		DMBT1	7.5	1.0
CD63	sonnet_dual_triage	4	238	114	0	0	0	1	1	0	1	1	0	100.0	78.6		TSPAN17	26.8	1.0
CD68	sonnet_dual_triage	1	354	306	1	1	0	0	1	0	0	0	0	96.3			LAMP2	24.3	
CD69	sonnet_dual_triage	1	199	138	0	0	1	1	1	1	0	1	0	67.8	57.8	2.0	CLEC2A	38.4	1.0
CD7	sonnet_dual_triage	1	240	155	1	1	0	0	1	0	0	1	0	86.7					1.0
CD70	sonnet_dual_triage	1	193	155	0	0	1	1	1	0	0	1	0	89.1	57.0				2.0
CD72	sonnet_dual_triage	1	359	243	0	0	1	1	1	1	0	0	0	87.2	53.2	2.0			
CD74	sonnet_dual_triage	1	296	224	0	0	1	1	1	1	0	1	0	94.3	72.6	3.0			1.0
CD79A	sonnet_dual_triage	1	226	111	1	1	0	1	1	0	0	1	0	82.3	69.5		CD79B	26.0	1.0
CD79B	sonnet_dual_triage	1	229	131	1	1	0	1	1	0	0	1	0	56.8	67.7		CD79A	27.5	1.0
CD80	sonnet_dual_triage	1	288	212	1	1	0	0	1	0	1	1	0	95.8			RNF152	14.2	2.0
CD81	sonnet_dual_triage	4	236	111	0	0	0	1	1	0	0	0	0	76.7	91.9		TSPAN18	22.8	
CD82	sonnet_dual_triage	4	267	137	0	0	0	1	1	0	0	1	0	95.1	76.4		TSPAN13	21.2	1.0
CD83	sonnet_dual_triage	1	205	125	1	1	0	1	1	0	0	0	0	97.1	66.3				
CD84	sonnet_dual_triage	1	345	204	1	1	0	1	1	1	1	1	0	93.3	58.5	2.0	LY9	19.6	1.0
CD86	sonnet_dual_triage	1	329	222	1	1	0	0	1	1	1	1	0	94.2		2.0	RNF152	18.5	2.0
CD8A	sonnet_dual_triage	1	235	161	1	1	0	0	1	1	1	1	0	75.7		2.0			1.0
CD8B	sonnet_dual_triage	1	210	152	1	1	0	0	0	1	1	1	1			2.0	CD8B2	98.7	1.0
CD8B2	sonnet_dual_triage	1	210	152	1	1	0	0	0	1	0	0	1			2.0	CD8B	98.7	
CD9	sonnet_dual_triage	4	228	104	0	0	0	1	1	0	0	1	0	98.7	89.0		TSPAN2	26.0	1.0
CD93	sonnet_dual_triage	1	652	558	1	1	0	1	1	0	0	1	0	94.8	67.6		DLK2	20.1	3.0
CD96	sonnet_dual_triage	1	585	499	1	1	0	1	1	1	0	1	0	91.7	61.2	2.0			4.0
CD99	sonnet_dual_triage	1	185	105	1	1	0	0	1	0	0	0	0	83.2			CD99L2	29.4	
CD99L2	sonnet_dual_triage	1	262	160	1	1	0	1	1	0	1	0	0	95.0	65.3		CD99	29.4	
CDC37	sonnet_dual_triage	0	378	0	0	0	0	1	1	0	0	0	0	96.8	95.2				
CDC50A	sonnet_dual_triage	2	361	254	0	0	0	1	1	0	1	1	1	98.9	88.9		CDC50B	54.6	1.0
CDC50B	sonnet_dual_triage	2	351	260	0	0	0	1	0	0	0	0	1		90.3		CDC50A	54.2	
CDCP1	sonnet_dual_triage	1	836	638	1	1	0	1	1	0	1	1	0	95.8	81.0				2.0
CDCP2	sonnet_dual_triage	1	540	495	1	1	0	1	1	0	0	0	0	97.0	88.7		CUBN	6.1	
CDH1	sonnet_dual_triage	1	882	687	1	1	0	1	1	0	0	1	1	95.5	81.2		CDH3	49.1	5.0
CDH10	sonnet_dual_triage	1	788	591	1	1	0	1	1	0	0	1	1	99.5	96.8		CDH6	71.8	4.0
CDH11	sonnet_dual_triage	1	796	597	1	1	0	1	1	0	0	1	1	99.4	97.4		CDH8	64.8	4.0
CDH12	sonnet_dual_triage	1	794	591	1	1	0	1	1	0	0	1	1	99.4	95.8		CDH20	61.1	5.0
CDH13	sonnet_dual_triage	0	713	691	1	1	1	1	1	0	0	1	1	98.0	93.7		CDH2	43.3	7.0
CDH15	sonnet_dual_triage	1	814	584	1	1	0	1	1	0	0	1	0	91.2	82.7		DCHS1	8.6	2.0
CDH16	sonnet_dual_triage	1	829	766	1	1	0	1	1	0	0	1	0	92.3	77.6		PCDHA1	27.7	4.0
CDH17	sonnet_dual_triage	1	832	764	1	1	0	1	1	0	0	1	0	90.6	79.0		CDH23	10.4	6.0
CDH18	sonnet_dual_triage	1	790	591	1	1	0	1	1	0	1	1	1	98.7	96.1		CDH7	63.5	4.0
CDH19	sonnet_dual_triage	1	772	575	1	1	0	1	1	0	1	1	1	96.6	75.1		CDH7	53.6	3.0
CDH2	sonnet_dual_triage	1	906	698	1	1	0	1	1	0	0	1	1	99.2	96.8		CDH4	62.3	5.0
CDH20	sonnet_dual_triage	1	801	587	1	1	0	1	1	0	0	1	1	98.3	96.1		CDH7	66.3	3.0
CDH22	sonnet_dual_triage	1	828	588	1	1	0	1	1	0	0	1	1	85.1	92.8		CDH7	57.8	4.0
CDH23	sonnet_dual_triage	1	3354	3043	1	1	0	1	0	0	1	1	0		94.4		CDH8	9.9	11.0
CDH24	sonnet_dual_triage	1	819	614	1	1	0	1	1	0	0	1	1	87.2	93.3		CDH11	54.9	5.0
CDH26	sonnet_dual_triage	1	832	587	1	1	0	1	1	0	1	1	0	89.4	60.5		DCHS1	8.0	3.0
CDH3	sonnet_dual_triage	1	829	632	1	1	0	1	1	0	0	1	1	95.7	82.1		CDH1	49.1	5.0
CDH4	sonnet_dual_triage	1	916	714	1	1	0	1	1	0	0	1	1	98.7	92.5		CDH2	62.6	4.0
CDH5	sonnet_dual_triage	1	784	573	1	1	0	1	1	0	0	1	1	95.4	75.4		CDH20	42.8	2.0
CDH6	sonnet_dual_triage	1	790	592	1	1	0	1	1	0	0	1	1	99.5	97.1		CDH10	71.5	4.0
CDH7	sonnet_dual_triage	1	785	582	1	1	0	1	1	0	0	1	1	99.4	98.0		CDH20	66.1	3.0
CDH8	sonnet_dual_triage	1	799	593	1	1	0	1	1	0	0	1	1	91.0	97.0		CDH11	64.7	2.0
CDH9	sonnet_dual_triage	1	789	594	1	1	0	1	1	0	0	1	1	99.1	90.9		CDH6	71.5	3.0
CDHR1	sonnet_dual_triage	1	859	682	1	1	0	1	1	0	1	1	0	97.8	85.2		CDH23	9.2	4.0
CDHR2	sonnet_dual_triage	1	1310	1134	1	1	0	1	1	0	0	1	0	94.2	72.9		CDH23	14.9	7.0
CDHR3	sonnet_dual_triage	1	885	691	1	1	0	1	0	0	0	1	0		71.5		DCHS2	9.4	6.0
CDHR4	sonnet_dual_triage	1	788	671	1	1	0	1	0	0	1	1	0		71.8		PCDH8	25.1	3.0
CDHR5	sonnet_dual_triage	1	845	643	1	1	0	1	1	1	0	1	0	70.9	58.6	2.0	CDH23	8.4	3.0
CDK14	sonnet_dual_triage	0	469	0	0	0	0	1	1	0	0	0	0	99.8	98.5				
CDNF	sonnet_dual_triage	0	187	161	1	1	1	1	0	0	0	0	1		77.5		MANF	62.1	
CDON	sonnet_dual_triage	1	1287	939	1	1	0	1	1	0	0	1	1	95.3	81.6		BOC	42.0	2.0
CDSN	sonnet_dual_triage	0	529	497	1	1	1	1	1	0	0	0	0	90.4	66.2				
CDV3	sonnet_dual_triage	0	258	0	0	0	0	1	1	0	0	0	0	98.4	84.1				
CEACAM1	sonnet_dual_triage	1	526	394	1	1	0	0	0	1	1	1	1			2.0	CEACAM3	25.6	3.0
CEACAM18	sonnet_dual_triage	0	384	354	1	1	1	1	1	0	0	0	0	77.3	53.6		CEACAM4	17.8	
CEACAM19	sonnet_dual_triage	1	300	127	1	1	0	1	1	0	1	1	0	95.7	59.5		CEACAM5	5.6	1.0
CEACAM20	sonnet_dual_triage	1	596	416	1	1	0	1	1	0	0	1	0	88.9	52.9		CEACAM3	9.9	1.0
CEACAM21	sonnet_dual_triage	1	293	204	1	1	0	0	0	0	1	1	0				CEACAM1	26.9	1.0
CEACAM3	sonnet_dual_triage	1	252	118	1	1	0	0	0	1	1	1	1			2.0	CEACAM1	25.9	2.0
CEACAM4	sonnet_dual_triage	1	244	121	1	1	0	0	0	0	0	1	1				CEACAM3	54.5	2.0
CEACAM5	sonnet_dual_triage	1	702	656	1	1	0	0	0	0	0	1	1				CEACAM6	38.9	4.0
CEACAM6	sonnet_dual_triage	1	344	298	1	1	0	0	0	1	0	1	1			2.0	CEACAM3	40.3	4.0
CEACAM7	sonnet_dual_triage	1	265	216	1	1	0	0	1	1	0	1	1	85.3		2.0	CEACAM1	37.3	3.0
CEACAM8	sonnet_dual_triage	1	349	299	1	1	0	0	1	1	0	1	1	79.9		2.0	CEACAM6	78.3	3.0
CELA1	sonnet_dual_triage	0	258	246	1	1	1	1	1	0	0	0	1	92.6	83.7		CELA2A	56.1	
CELSR1	sonnet_dual_triage	7	3014	2486	1	1	0	1	1	0	1	1	1	94.7	81.3		CELSR2	59.5	8.0
CELSR2	sonnet_dual_triage	7	2923	2381	1	1	0	1	0	0	0	1	1		95.6		CELSR1	59.4	10.0
CELSR3	sonnet_dual_triage	7	3312	2545	1	1	0	1	1	0	0	1	1	96.6	92.3		CELSR2	54.5	7.0
CEMIP	sonnet_dual_triage	0	1361	1331	1	1	1	1	1	0	0	0	1	93.7	91.3		CEMIP2	44.0	
CEMIP2	sonnet_dual_triage	1	1383	1280	0	0	1	1	1	0	0	0	1	98.8	86.8		CEMIP	44.1	
CEND1	sonnet_dual_triage	1	149	124	0	1	0	1	0	0	0	0	0		78.5				
CENPF	sonnet_dual_triage	0	3114	0	0	0	0	1	1	0	0	0	0	94.4	64.1				
CERCAM	sonnet_dual_triage	0	595	573	1	1	1	1	1	0	0	0	1	97.1	83.2		COLGALT1	56.3	
CFAP95	sonnet_dual_triage	0	229	0	0	0	0	1	1	0	0	0	0	93.0	62.4				
CFC1	sonnet_dual_triage	0	223	198	1	1	1	0	0	1	0	1	1			2.0	CFC1B	99.5	1.0
CFC1B	sonnet_dual_triage	0	223	198	1	1	1	0	0	0	0	0	1				CFC1	99.5	
CFHR2	sonnet_dual_triage	0	270	252	1	1	1	0	0	1	0	0	1			2.0	CFHR1	69.2	
CFHR5	sonnet_dual_triage	0	569	551	1	1	1	0	0	0	0	0	0				CFHR4	37.0	
CFP	sonnet_dual_triage	0	469	443	1	1	1	1	1	0	0	0	0	93.0	75.1				
CFTR	sonnet_dual_triage	12	1480	102	0	0	0	1	1	0	1	0	0	98.4	78.5		ABCC5	16.7	
CGAS	sonnet_dual_triage	0	522	0	0	0	0	1	1	0	0	0	0	83.3	54.8				
CGB1	sonnet_dual_triage	0	187	137	1	1	1	0	0	0	0	0	1				CGB3	94.5	
CGB2	sonnet_dual_triage	0	163	145	1	1	1	0	0	0	0	0	1				CGB3	99.3	
CHAT	sonnet_dual_triage	0	748	0	0	0	0	1	1	0	0	0	0	82.1	74.7				
CHGB	sonnet_dual_triage	0	677	657	1	1	1	1	1	0	0	0	0	91.1	63.8		CHGA	22.7	
CHIA	sonnet_dual_triage	0	476	455	1	1	1	0	1	0	0	0	1	87.6			CHIT1	52.7	
CHIC2	sonnet_dual_triage	0	165	0	0	0	0	1	1	0	0	0	0	100.0	99.4				
CHID1	sonnet_dual_triage	0	393	374	1	1	1	1	1	0	0	0	0	99.2	89.8		OVGP1	15.1	
CHL1	sonnet_dual_triage	1	1208	1058	1	1	0	1	1	0	0	1	0	97.4	83.7		NRCAM	37.6	8.0
CHLSN	sonnet_dual_triage	0	194	0	0	0	0	1	1	0	0	0	0	89.7	61.3				
CHMP2B	sonnet_dual_triage	0	213	0	0	0	0	1	1	1	0	0	0	98.6	99.5	2.0			
CHMP5	sonnet_dual_triage	0	219	0	0	0	0	1	1	0	0	0	0	100.0	98.6				
CHMP6	sonnet_dual_triage	0	201	0	0	0	0	1	0	0	0	0	0		92.5				
CHODL	sonnet_dual_triage	1	273	198	1	1	0	1	1	0	1	1	1	98.9	85.3		LAYN	52.6	1.0
CHRDL1	sonnet_dual_triage	0	456	429	1	1	1	1	1	0	0	0	0	99.6	88.4		FCGBP	3.9	
CHRFAM7A	sonnet_dual_triage	4	412	167	0	1	1	0	0	1	0	0	1			5.0	CHRNA7	63.0	
CHRM1	sonnet_dual_triage	7	460	77	0	1	0	1	0	0	0	0	1		98.9		CHRM3	38.3	
CHRM2	sonnet_dual_triage	7	466	74	0	1	0	1	1	0	0	0	1	99.4	96.4		CHRM4	55.4	
CHRM3	sonnet_dual_triage	7	590	120	0	1	0	1	1	0	0	0	1	98.3	91.5		CHRM5	43.3	
CHRM4	sonnet_dual_triage	7	479	83	0	1	0	1	1	0	0	0	1	99.0	96.0		CHRM2	55.4	
CHRM5	sonnet_dual_triage	7	532	82	0	1	0	1	1	0	0	0	1	96.1	88.7		CHRM3	43.3	
CHRNA1	sonnet_dual_triage	4	457	232	1	1	1	1	1	1	0	1	1	63.2	94.3	5.0	CHRNA4	53.2	1.0
CHRNA10	sonnet_dual_triage	4	450	228	1	1	1	1	0	1	0	1	1		91.3	5.0	CHRNA9	65.7	1.0
CHRNA2	sonnet_dual_triage	4	529	259	1	1	1	1	1	1	0	0	1	97.2	81.9	5.0	CHRNA4	73.7	
CHRNA3	sonnet_dual_triage	4	505	231	1	1	1	1	1	1	1	1	1	97.2	90.3	5.0	CHRNA6	71.0	1.0
CHRNA4	sonnet_dual_triage	4	627	233	1	1	1	1	1	1	0	1	1	88.8	84.1	5.0	CHRNA2	70.7	1.0
CHRNA5	sonnet_dual_triage	4	468	256	1	1	1	1	1	1	0	0	1	94.9	89.1	5.0	CHRNB3	67.6	
CHRNA6	sonnet_dual_triage	4	494	230	1	1	1	1	1	1	0	0	1	96.6	85.0	5.0	CHRNA3	70.6	
CHRNA7	sonnet_dual_triage	4	502	235	1	1	1	1	0	1	1	1	1		93.2	5.0	CHRFAM7A	62.6	2.0
CHRNA9	sonnet_dual_triage	4	479	233	1	1	1	1	0	1	0	1	1		91.0	5.0	CHRNA10	66.1	1.0
CHRNB1	sonnet_dual_triage	4	501	241	1	1	1	1	1	1	0	1	1	97.6	89.8	2.0	CHRNG	44.9	1.0
CHRNB2	sonnet_dual_triage	4	502	242	1	1	1	1	1	1	0	0	1	98.4	86.5	5.0	CHRNB4	65.8	
CHRNB3	sonnet_dual_triage	4	458	240	1	1	1	1	1	1	0	0	1	97.8	86.5	5.0	CHRNA5	67.2	
CHRNB4	sonnet_dual_triage	4	498	243	1	1	1	1	1	1	1	0	1	94.6	82.7	5.0	CHRNB2	67.1	
CHRND	sonnet_dual_triage	4	517	256	1	1	1	1	1	1	0	1	1	98.6	87.8	5.0	CHRNG	54.7	1.0
CHRNE	sonnet_dual_triage	4	493	242	1	1	1	1	1	1	0	1	1	95.9	88.2	5.0	CHRNG	50.8	2.0
CHRNG	sonnet_dual_triage	4	517	256	1	1	1	1	1	1	0	1	1	97.5	90.5	5.0	CHRND	57.0	1.0
CHST15	sonnet_dual_triage	1	561	463	0	0	1	1	1	0	0	0	0	98.6	92.5				
CIMIP2C	sonnet_dual_triage	0	201	0	0	0	0	1	1	0	0	0	0	96.0	68.2				
CIP2A	sonnet_dual_triage	0	905	0	0	0	0	1	1	1	0	0	0	99.0	86.7	2.0			
CIRBP	sonnet_dual_triage	0	172	0	0	0	0	1	1	0	0	0	0	97.3	54.2				
CIROP	sonnet_dual_triage	1	788	717	1	1	0	1	1	0	0	0	0	94.0	66.0				
CIROZ	sonnet_dual_triage	0	823	801	1	1	1	1	1	0	0	0	0	71.1	50.5				
CIST1	sonnet_dual_triage	1	234	156	1	1	0	0	1	0	0	0	0	84.2					
CKAP4	sonnet_dual_triage	1	602	475	0	0	1	1	1	0	0	0	0	96.7	80.1				
CKAP5	sonnet_dual_triage	0	2032	0	0	0	0	1	1	0	0	0	0	99.4	94.9				
CKLF	sonnet_dual_triage	4	152	15	0	0	0	1	1	0	1	0	0	72.4	57.9		MAL2	11.8	
CLCA1	sonnet_dual_triage	0	914	893	1	1	1	1	0	0	0	0	1		75.5		CLCA4	61.7	
CLCA2	sonnet_dual_triage	1	943	869	1	1	0	1	0	0	0	1	1		72.2		CLCA1	45.8	3.0
CLCA4	sonnet_dual_triage	0	919	898	1	1	1	0	1	0	0	1	1	83.8			CLCA1	61.7	3.0
CLCC1	sonnet_dual_triage	3	551	268	1	1	0	1	1	1	1	0	0	96.2	72.8	2.0			
CLCN1	sonnet_dual_triage	10	988	139	0	0	0	1	1	1	0	0	1	97.7	87.9	2.0	CLCNKB	45.3	
CLCN3	sonnet_dual_triage	8	818	187	0	0	0	1	1	1	0	0	1	97.9	97.4	2.0	CLCN4	79.7	
CLCN7	sonnet_dual_triage	10	805	155	0	0	0	1	1	1	1	0	1	90.4	96.0	2.0	CLCNKA	23.2	
CLCNKA	sonnet_dual_triage	10	687	99	0	0	0	0	1	1	1	0	1	95.5		2.0	CLCNKB	97.0	
CLCNKB	sonnet_dual_triage	10	687	96	0	0	0	0	0	1	1	0	1			2.0	CLCNKA	93.9	
CLDN1	sonnet_dual_triage	4	211	76	0	0	0	1	1	0	0	0	1	99.5	90.5		CLDN7	64.9	
CLDN10	sonnet_dual_triage	4	228	74	0	0	0	1	1	0	0	0	1	99.6	93.9		CLDN15	66.2	
CLDN11	sonnet_dual_triage	4	207	67	0	0	0	1	1	0	0	0	0	98.1	94.2		CLDN4	32.4	
CLDN12	sonnet_dual_triage	4	244	78	0	0	0	1	0	0	0	1	0		91.4				1.0
CLDN14	sonnet_dual_triage	4	239	77	0	0	0	1	1	0	0	0	1	98.3	93.3		CLDN4	59.7	
CLDN15	sonnet_dual_triage	4	228	71	0	0	0	1	1	0	0	1	1	97.4	77.6		CLDN10	59.5	1.0
CLDN16	sonnet_dual_triage	4	235	76	0	0	0	1	1	0	0	0	0	95.3	92.3		CLDN8	30.4	
CLDN17	sonnet_dual_triage	4	224	76	0	0	0	1	0	0	0	0	1		81.7		CLDN8	65.8	
CLDN18	sonnet_dual_triage	4	261	85	0	0	0	1	1	0	0	0	0	98.9	88.9		CLDN1	36.5	
CLDN19	sonnet_dual_triage	4	224	76	0	0	0	1	1	1	1	1	1	100.0	89.7	2.0	CLDN1	64.5	1.0
CLDN2	sonnet_dual_triage	4	230	77	0	0	0	1	1	1	0	0	1	99.1	91.3	2.0	CLDN14	55.8	
CLDN20	sonnet_dual_triage	4	219	76	0	0	0	1	1	0	0	0	1	97.3	74.4		CLDN3	43.4	
CLDN22	sonnet_dual_triage	4	220	76	0	0	0	0	1	0	0	1	1	94.5			CLDN24	100.0	2.0
CLDN23	sonnet_dual_triage	4	292	82	0	0	0	1	1	0	0	0	0	90.4	80.5		CLDN1	29.3	
CLDN24	sonnet_dual_triage	4	220	76	0	0	0	0	1	0	0	0	1	95.5			CLDN22	100.0	
CLDN25	sonnet_dual_triage	4	229	75	0	0	0	1	0	0	0	0	1		77.7		CLDN22	61.8	
CLDN3	sonnet_dual_triage	4	220	74	0	0	0	1	1	0	0	1	1	80.9	90.9		CLDN4	85.1	1.0
CLDN34	sonnet_dual_triage	4	214	88	0	0	0	0	1	0	0	0	0	88.8			CLDN2	31.8	
CLDN4	sonnet_dual_triage	4	209	74	0	0	0	0	1	0	0	1	1	99.0			CLDN3	85.1	1.0
CLDN5	sonnet_dual_triage	4	218	76	0	0	0	1	0	0	0	0	1		91.7		CLDN6	64.5	
CLDN6	sonnet_dual_triage	4	220	74	0	0	0	1	0	0	0	1	1		87.7		CLDN9	97.3	1.0
CLDN7	sonnet_dual_triage	4	211	77	0	0	0	1	1	0	1	0	1	97.2	91.9		CLDN1	66.2	
CLDN8	sonnet_dual_triage	4	225	79	0	0	0	1	1	0	0	0	1	95.6	82.7		CLDN3	68.4	
CLDN9	sonnet_dual_triage	4	217	74	0	0	0	1	0	0	0	1	1		97.2		CLDN6	97.3	1.0
CLDND1	sonnet_dual_triage	4	253	129	0	0	0	1	1	0	1	0	0	99.6	91.7				
CLDND2	sonnet_dual_triage	4	167	43	0	0	0	1	1	0	0	0	0	97.6	70.1		GSG1L2	15.7	
CLEC10A	sonnet_dual_triage	1	316	259	0	0	1	0	1	1	0	0	1	86.5		2.0	ASGR1	54.1	
CLEC12A	sonnet_dual_triage	1	265	203	0	0	1	0	1	1	1	1	0	85.3		2.0	CLEC1A	34.3	1.0
CLEC12B	sonnet_dual_triage	1	276	214	0	0	1	1	1	1	0	1	0	96.4	71.4	2.0	KLRC4	13.1	2.0
CLEC14A	sonnet_dual_triage	1	490	376	1	1	0	1	1	0	0	0	0	93.9	63.3		CD248	19.9	
CLEC17A	sonnet_dual_triage	1	378	185	0	0	1	0	1	0	0	1	0	85.2			CLEC4M	21.3	2.0
CLEC18B	sonnet_dual_triage	0	455	429	1	1	1	0	0	0	0	0	1				CLEC18C	97.0	
CLEC18C	sonnet_dual_triage	0	446	420	1	1	1	0	0	0	0	0	1				CLEC18A	99.3	
CLEC19A	sonnet_dual_triage	0	186	167	1	1	1	0	0	1	0	0	0			2.0	REG3A	32.9	
CLEC1A	sonnet_dual_triage	1	280	210	0	0	1	1	1	1	0	1	0	90.0	67.1	2.0	CLEC12A	34.3	3.0
CLEC1B	sonnet_dual_triage	1	229	176	0	0	1	1	1	0	1	1	0	93.4	63.8		CLEC12B	27.6	1.0
CLEC20A	sonnet_dual_triage	0	400	380	1	1	1	0	0	0	0	0	0						
CLEC2A	sonnet_dual_triage	1	174	128	0	0	1	0	0	1	0	0	1			2.0	CLEC2D	46.3	
CLEC2B	sonnet_dual_triage	0	149	120	1	1	1	0	1	0	0	0	1	89.9			CLEC2D	44.1	
CLEC2D	sonnet_dual_triage	1	191	136	0	0	1	0	1	1	1	1	1	78.5		2.0	CLEC2B	44.9	2.0
CLEC2L	sonnet_dual_triage	1	214	125	0	0	1	1	1	1	0	0	0	93.5	92.1	2.0	CD69	35.5	
CLEC3A	sonnet_dual_triage	0	197	175	1	1	1	1	1	0	0	0	1	93.9	86.8		CLEC3B	46.4	
CLEC3B	sonnet_dual_triage	0	202	181	1	1	1	1	1	1	0	0	1	97.0	79.2	3.0	CLEC3A	46.4	
CLEC4A	sonnet_dual_triage	1	237	170	0	0	1	1	1	0	1	0	1	89.0	52.3		CLEC4C	52.9	
CLEC4C	sonnet_dual_triage	1	213	174	0	0	1	0	1	0	1	0	1	90.1			CLEC6A	54.6	
CLEC4D	sonnet_dual_triage	0	215	173	1	1	1	1	1	0	0	0	1	88.8	61.9		CLEC4C	41.4	
CLEC4E	sonnet_dual_triage	1	219	179	0	0	1	1	1	0	0	0	0	89.0	65.3		CLEC4A	39.1	
CLEC4F	sonnet_dual_triage	1	589	529	0	0	1	0	1	1	0	0	0	83.9		2.0	CD207	22.3	
CLEC4G	sonnet_dual_triage	1	293	240	0	0	1	1	1	1	0	1	0	93.2	64.2	4.0	CLEC4M	26.1	1.0
CLEC4M	sonnet_dual_triage	1	399	329	0	0	1	0	0	0	1	1	1				CD209	83.5	1.0
CLEC5A	sonnet_dual_triage	1	188	162	0	0	1	1	1	0	0	1	0	93.6	71.8		CD69	26.5	1.0
CLEC6A	sonnet_dual_triage	1	209	168	0	0	1	1	1	1	1	0	1	88.0	68.9	2.0	CLEC4C	53.4	
CLEC7A	sonnet_dual_triage	1	247	182	0	0	1	0	1	0	1	0	0	94.7			KLRK1	27.5	
CLEC9A	sonnet_dual_triage	1	241	185	0	0	1	1	1	1	0	1	0	90.9	59.3	2.0	KLRC4	14.1	1.0
CLECL1	sonnet_dual_triage	0	167	167	0	1	1	0	0	0	0	0	0						
CLIC1	sonnet_dual_triage	0	241	0	0	0	0	1	0	0	0	0	0		98.3				
CLIC2	sonnet_dual_triage	0	247	0	0	0	0	0	0	0	0	0	0						
CLIC3	sonnet_dual_triage	0	236	0	0	0	0	1	1	0	0	0	0	75.0	89.8				
CLIC4	sonnet_dual_triage	0	253	0	0	0	0	1	1	0	0	0	0	99.6	98.8				
CLIC5	sonnet_dual_triage	0	410	0	0	0	0	0	1	0	0	0	0	96.0					
CLIC6	sonnet_dual_triage	0	704	0	0	0	0	1	0	0	0	0	0		57.9				
CLMP	sonnet_dual_triage	1	373	215	1	1	0	1	1	1	0	1	0	98.9	92.8	2.0	CXADR	34.9	2.0
CLN3	sonnet_dual_triage	11	438	97	0	0	1	1	1	0	1	0	0	94.3	85.8				
CLN5	sonnet_dual_triage	0	358	316	1	1	1	1	1	0	0	0	0	94.1	71.8				
CLNS1A	sonnet_dual_triage	0	237	0	0	0	0	1	1	0	0	0	0	100.0	90.7				
CLPSL2	sonnet_dual_triage	0	100	78	1	1	1	1	0	0	0	0	0		53.0		LRCOL1	20.4	
CLPTM1	sonnet_dual_triage	8	669	300	0	0	0	1	1	0	1	0	0	99.6	94.5		CLPTM1L	28.0	
CLPTM1L	sonnet_dual_triage	8	538	276	0	0	0	1	1	0	1	0	0	98.9	92.9		CLPTM1	27.7	
CLRN2	sonnet_dual_triage	4	232	97	0	0	0	1	1	1	0	0	1	97.0	94.4	2.0	CLRN1	44.1	
CLRN3	sonnet_dual_triage	4	226	97	0	0	0	1	1	1	1	0	0	93.4	73.0	2.0	CLRN2	25.8	
CLSTN1	sonnet_dual_triage	1	981	833	1	1	0	1	1	0	0	1	1	98.5	92.5		CLSTN2	55.2	3.0
CLSTN2	sonnet_dual_triage	1	955	814	1	1	0	1	1	0	0	1	1	98.0	94.8		CLSTN1	55.5	4.0
CLSTN3	sonnet_dual_triage	1	956	828	1	1	0	1	1	0	0	1	1	99.1	95.8		CLSTN1	53.8	4.0
CLTRN	sonnet_dual_triage	1	222	127	1	1	0	1	1	1	0	0	0	95.0	84.7	2.0			
CLU	sonnet_dual_triage	0	449	427	1	1	1	1	1	0	0	0	0	95.1	76.4		CLUL1	25.6	
CLUL1	sonnet_dual_triage	0	466	446	1	1	1	0	1	0	0	0	0	94.8			CLU	26.0	
CMA1	sonnet_dual_triage	0	247	228	1	1	1	1	1	0	0	0	1	81.4	74.1		GZMB	52.8	
CMKLR1	sonnet_dual_triage	7	373	120	0	1	0	1	1	1	0	0	0	98.1	79.9	2.0	GPR33	27.5	
CMKLR2	sonnet_dual_triage	7	355	102	0	1	0	1	1	0	0	0	0	97.7	80.0		OPRK1	23.4	
CMTM1	sonnet_dual_triage	4	169	15	0	0	0	0	1	0	1	0	0	87.4			CKLF	26.7	
CMTM2	sonnet_dual_triage	4	248	20	0	0	0	0	1	1	1	0	0	80.6		2.0	CMTM5	20.0	
CMTM3	sonnet_dual_triage	4	182	14	0	0	0	1	1	0	1	0	1	98.4	88.5		CMTM5	42.9	
CMTM4	sonnet_dual_triage	4	234	17	0	0	0	1	1	0	0	0	1	99.0	95.7		CMTM6	47.1	
CMTM5	sonnet_dual_triage	4	223	9	0	0	0	1	1	0	1	0	0	54.3	58.7		CMTM3	35.7	
CMTM6	sonnet_dual_triage	4	183	17	0	0	0	1	1	0	0	0	1	83.1	83.1		CMTM4	47.1	
CMTM7	sonnet_dual_triage	4	175	18	0	0	0	1	1	0	1	0	0	97.7	79.4		PLLP	20.0	
CMTM8	sonnet_dual_triage	4	173	24	0	0	0	1	1	0	1	0	0	84.4	92.5		MAL2	20.6	
CNGA1	sonnet_dual_triage	4	686	66	0	0	0	1	1	1	0	0	1	98.0	89.9	4.0	CNGA3	80.3	
CNGA2	sonnet_dual_triage	4	664	65	0	0	0	1	1	1	0	0	1	97.4	93.7	4.0	CNGA3	75.4	
CNGA3	sonnet_dual_triage	4	694	65	0	0	0	1	1	1	0	0	1	95.4	79.1	4.0	CNGA1	80.3	
CNGA4	sonnet_dual_triage	6	575	71	0	0	0	1	0	1	0	0	1		93.2	4.0	CNGA2	53.5	
CNGB1	sonnet_dual_triage	6	1251	60	0	0	0	1	0	0	1	0	1		73.7		CNGB3	71.7	
CNKSR1	sonnet_dual_triage	0	720	0	0	0	0	1	0	0	0	0	0		75.6				
CNMD	sonnet_dual_triage	1	334	270	0	0	1	1	1	0	0	0	0	97.3	88.9		TNMD	39.3	
CNNM1	sonnet_dual_triage	5	951	211	1	1	0	1	0	1	0	0	0		94.6	2.0	CNNM3	20.9	
CNNM2	sonnet_dual_triage	5	875	207	1	1	0	1	0	1	0	0	0		97.8	2.0	CNNM4	26.1	
CNNM3	sonnet_dual_triage	3	707	121	1	1	0	1	0	1	0	0	0		87.4	2.0	CNNM1	22.3	
CNPY4	sonnet_dual_triage	0	248	227	1	1	1	1	1	0	0	0	1	95.2	82.3		CNPY3	43.2	
CNR1	sonnet_dual_triage	7	472	158	0	1	0	1	1	0	0	0	0	100.0	97.0		MC3R	17.1	
CNR2	sonnet_dual_triage	7	360	76	0	1	0	1	1	0	0	0	0	96.4	79.7		CNR1	14.6	
CNTFR	sonnet_dual_triage	0	372	350	1	1	1	1	1	0	0	1	0	98.4	95.2		EBI3	19.7	2.0
CNTN1	sonnet_dual_triage	0	1018	998	1	1	1	1	1	0	0	1	1	99.3	95.4		CNTN2	50.7	6.0
CNTN2	sonnet_dual_triage	0	1040	1014	1	1	1	1	1	0	0	1	1	96.2	90.5		CNTN1	50.6	8.0
CNTN3	sonnet_dual_triage	0	1028	1009	1	1	1	1	1	0	0	1	1	98.2	91.4		CNTN4	64.8	6.0
CNTN4	sonnet_dual_triage	0	1026	1008	1	1	1	1	1	0	0	1	1	96.9	95.1		CNTN3	64.8	6.0
CNTN5	sonnet_dual_triage	0	1100	1077	1	1	1	1	1	0	0	1	1	92.6	90.5		CNTN4	51.7	10.0
CNTN6	sonnet_dual_triage	0	1028	1009	1	1	1	1	1	0	0	1	1	97.2	89.1		CNTN4	60.7	5.0
CNTNAP1	sonnet_dual_triage	1	1384	1262	1	1	0	1	1	0	0	1	1	99.1	93.4		CNTNAP2	44.7	7.0
CNTNAP2	sonnet_dual_triage	1	1331	1235	1	1	0	1	1	0	0	1	1	98.5	93.8		CNTNAP5	51.7	5.0
CNTNAP3	sonnet_dual_triage	1	1288	1220	1	1	0	0	0	0	1	1	1				CNTNAP3B	98.1	3.0
CNTNAP3B	sonnet_dual_triage	1	1288	1222	1	1	0	0	0	0	1	1	1				CNTNAP3	98.3	3.0
CNTNAP4	sonnet_dual_triage	1	1308	1216	1	1	0	1	1	0	0	1	1	97.3	86.4		CNTNAP3	70.6	5.0
CNTNAP5	sonnet_dual_triage	1	1306	1217	1	1	0	0	1	0	0	1	1	98.4			CNTNAP4	60.1	3.0
COL13A1	sonnet_dual_triage	1	717	656	0	0	1	1	1	0	0	0	1	97.8	87.2		COL23A1	42.8	
COL17A1	sonnet_dual_triage	1	1497	1010	0	0	1	1	1	0	0	0	0	91.0	79.9		COL23A1	23.9	
COL18A1	sonnet_dual_triage	0	1754	1731	1	1	1	1	0	0	0	0	0		76.8		COL23A1	17.2	
COL23A1	sonnet_dual_triage	1	540	484	0	0	1	1	1	0	1	0	1	57.2	89.4		COL7A1	10.2	
COL25A1	sonnet_dual_triage	1	654	600	0	0	1	1	1	0	0	0	1	96.5	92.7		COL7A1	12.6	
COL6A3	sonnet_dual_triage	0	3177	3152	1	1	1	1	1	0	0	0	0	97.3	67.9		VWA1	6.8	
COL7A1	sonnet_dual_triage	0	2944	2921	1	1	1	0	0	0	0	0	0				COL23A1	10.9	
COLEC10	sonnet_dual_triage	0	277	250	1	1	1	1	1	0	0	0	1	98.6	88.8		COLEC11	48.8	
COLEC12	sonnet_dual_triage	1	742	684	0	0	1	1	1	1	0	0	0	98.8	92.3	3.0	MARCO	21.5	
COLQ	sonnet_dual_triage	0	455	433	1	1	1	1	1	0	0	0	0	89.2	91.0		COL7A1	7.8	
COMT	sonnet_dual_triage	1	271	7	0	1	0	1	1	0	1	0	1	92.3	76.4				
CORIN	sonnet_dual_triage	1	1042	976	0	0	1	1	1	0	0	1	0	95.2	82.5				2.0
CP	sonnet_dual_triage	0	1065	1046	1	1	1	1	1	0	0	0	1	96.7	82.6		HEPHL1	50.4	
CPA4	sonnet_dual_triage	0	421	405	1	1	1	1	1	0	0	0	1	94.1	83.8		CPA2	63.2	
CPA6	sonnet_dual_triage	0	437	407	1	1	1	1	1	0	0	0	1	97.3	84.4		CPA3	41.8	
CPAMD8	sonnet_dual_triage	0	1885	1860	1	1	1	0	0	0	0	0	0				CD109	27.0	
CPD	sonnet_dual_triage	1	1380	1268	1	1	0	1	1	0	0	1	0	98.0	91.2		CPE	18.5	2.0
CPE	sonnet_dual_triage	0	476	449	1	1	1	1	1	0	0	0	1	92.0	96.6		CPD	18.4	
CPM	sonnet_dual_triage	0	443	426	1	1	1	1	1	0	0	1	1	96.2	84.9		CPD	17.2	1.0
CPN2	sonnet_dual_triage	0	545	524	1	1	1	1	1	0	0	0	0	93.0	67.3		LRG1	24.2	
CPNE7	sonnet_dual_triage	0	633	0	0	0	0	1	1	0	0	0	0	96.8	89.1				
CPPED1	sonnet_dual_triage	0	314	0	0	0	0	1	1	0	0	0	0	94.9	79.3				
CPQ	sonnet_dual_triage	0	472	452	1	1	1	1	1	1	0	0	0	98.1	87.7	2.0			
CPXM1	sonnet_dual_triage	0	734	714	1	1	1	1	1	0	0	0	1	97.0	84.7		CPXM2	52.5	
CPXM2	sonnet_dual_triage	0	756	731	1	1	1	1	1	0	0	0	1	97.5	89.2		AEBP1	37.3	
CPZ	sonnet_dual_triage	0	652	634	1	1	1	1	1	0	0	0	0	96.9	81.6		CPE	35.8	
CR1	sonnet_dual_triage	1	2039	1931	1	1	0	0	1	0	0	1	0	75.7			CR1L	24.4	23.0
CR1L	sonnet_dual_triage	0	569	535	1	1	1	0	0	0	0	0	0				CR1	24.8	
CR2	sonnet_dual_triage	1	1033	955	1	1	0	0	1	0	0	1	0	92.7			SUSD3	9.5	9.0
CRB1	sonnet_dual_triage	1	1406	1320	1	1	0	1	1	0	1	1	0	94.0	76.2				9.0
CRB2	sonnet_dual_triage	1	1285	1196	1	1	0	1	1	0	1	1	0	72.2	78.4		SCARF1	22.2	9.0
CRB3	sonnet_dual_triage	1	120	33	1	1	0	1	1	0	0	0	0	85.8	50.8		SCARF2	3.5	
CREB3	sonnet_dual_triage	1	371	125	0	0	1	1	1	1	1	0	0	91.9	67.1	2.0	CREB3L4	22.4	
CREG1	sonnet_dual_triage	0	220	189	1	1	1	1	1	1	0	0	0	65.0	76.8	2.0	CREG2	28.6	
CREG2	sonnet_dual_triage	0	290	259	1	1	1	1	1	1	0	0	0	92.8	82.8	2.0	CREG1	28.6	
CRELD1	sonnet_dual_triage	2	420	348	1	1	1	1	1	0	1	0	1	83.1	91.4		CRELD2	46.8	
CRHR1	sonnet_dual_triage	7	415	132	1	1	0	1	1	0	1	0	1	99.0	97.6		CRHR2	51.3	
CRHR2	sonnet_dual_triage	7	411	150	0	1	0	1	1	0	0	0	1	91.5	86.6		CRHR1	54.0	
CRIM1	sonnet_dual_triage	1	1036	905	1	1	0	1	1	0	0	1	0	99.4	89.2		FCGBP	7.6	9.0
CRIPTO	sonnet_dual_triage	0	188	158	1	1	1	0	0	0	0	1	1				CRIPTO3	97.5	2.0
CRISP1	sonnet_dual_triage	0	249	228	1	1	1	1	1	0	0	0	1	85.5	61.4		CRISP2	45.6	
CRISP2	sonnet_dual_triage	0	243	222	1	1	1	1	1	0	0	0	1	90.9	70.4		CRISP3	70.8	
CRISP3	sonnet_dual_triage	0	245	226	1	1	1	0	1	0	0	0	1	86.8			CRISP2	71.7	
CRISPLD1	sonnet_dual_triage	0	500	477	1	1	1	1	1	0	0	0	1	58.2	94.6		CRISPLD2	60.6	
CRISPLD2	sonnet_dual_triage	0	497	475	1	1	1	1	1	0	0	0	1	97.8	77.5		CRISPLD1	60.6	
CRLF1	sonnet_dual_triage	1	422	326	1	1	0	1	1	0	0	0	0	86.7	95.0		PRLR	31.9	
CRLF2	sonnet_dual_triage	1	371	209	1	1	0	0	0	0	1	1	0				LEPR	9.1	1.0
CRLF3	sonnet_dual_triage	0	442	0	0	0	0	1	1	1	0	0	0	97.1	93.0	2.0			
CRTAM	sonnet_dual_triage	1	393	272	1	1	0	1	1	1	0	1	0	94.4	71.5	2.0	SMAGP	6.2	2.0
CRYAB	sonnet_dual_triage	0	175	0	0	0	0	1	1	0	0	0	0	98.9	97.7				
CSE1L	sonnet_dual_triage	0	971	0	0	0	0	1	1	0	0	0	0	100.0	99.1				
CSF1	sonnet_dual_triage	1	554	464	1	1	0	1	1	1	0	1	0	95.3	70.0	2.0			1.0
CSF1R	sonnet_dual_triage	1	972	500	1	1	0	1	1	0	1	1	0	87.3	75.1		ROS1	9.0	3.0
CSF2RA	sonnet_dual_triage	1	400	305	1	1	0	0	1	0	1	1	0	88.8			IL3RA	32.1	1.0
CSF2RB	sonnet_dual_triage	1	897	422	1	1	0	0	1	0	0	1	0	90.7			IL4R	16.1	3.0
CSF3R	sonnet_dual_triage	1	836	603	1	1	0	1	1	0	1	1	0	93.7	62.6		EBI3	13.1	4.0
CSMD1	sonnet_dual_triage	1	3564	3461	1	1	0	1	0	0	1	1	1		93.5		CSMD2	63.7	8.0
CSMD2	sonnet_dual_triage	1	3487	3410	0	1	0	1	1	0	1	1	1	97.4	95.0		SUSD3	3.7	7.0
CSMD3	sonnet_dual_triage	1	3707	3570	1	1	0	1	1	0	1	0	1	99.1	97.5		SUSD6	4.1	
CSNK1G2	sonnet_dual_triage	0	415	0	0	0	0	1	0	0	0	0	0		78.1				
CSPG4	sonnet_dual_triage	1	2322	2195	1	1	0	1	1	0	0	1	0	96.5	83.5				8.0
CSPG5	sonnet_dual_triage	1	566	393	1	1	0	1	1	0	0	1	0	94.4	86.8				1.0
CST7	sonnet_dual_triage	0	145	126	1	1	1	1	1	0	0	0	0	91.7	71.0		CST3	34.1	
CT47A2	sonnet_dual_triage	0	288	0	0	0	0	0	0	0	0	0	0						
CT47A9	sonnet_dual_triage	0	288	0	0	0	0	0	0	0	0	0	0						
CTHRC1	sonnet_dual_triage	0	243	213	1	1	1	1	1	0	0	0	0	98.8	94.2		SCARA3	10.2	
CTLA4	sonnet_dual_triage	1	223	128	1	1	0	1	1	0	1	1	0	96.4	74.9		CD28	28.7	2.0
CTNND2	sonnet_dual_triage	0	1225	0	0	0	0	1	1	0	0	0	0	72.2	96.7				
CTSA	sonnet_dual_triage	0	480	452	1	1	1	1	1	1	0	0	0	97.9	86.9	2.0	CPVL	31.7	
CTSB	sonnet_dual_triage	0	339	322	1	1	1	1	1	0	0	0	0	97.1	78.8		TINAGL1	25.6	
CTSD	sonnet_dual_triage	0	412	392	1	1	1	1	1	0	0	0	1	90.0	80.6		CTSE	47.2	
CTSE	sonnet_dual_triage	0	396	377	1	1	1	1	1	0	0	0	1	98.7	82.6		PGA5	54.1	
CTSG	sonnet_dual_triage	0	255	237	1	1	1	1	1	0	0	0	1	84.7	67.8		GZMB	54.9	
CTSH	sonnet_dual_triage	0	335	313	1	1	1	1	1	0	0	0	1	97.0	83.0		CTSK	43.3	
CTSK	sonnet_dual_triage	0	329	314	1	1	1	1	1	1	0	0	1	98.5	86.0	2.0	CTSS	56.8	
CTSL	sonnet_dual_triage	0	333	316	1	1	1	0	1	0	0	0	1	96.1			CTSV	77.3	
CTSS	sonnet_dual_triage	0	331	315	1	1	1	1	1	1	0	0	1	96.7	74.0	2.0	CTSK	56.8	
CTSZ	sonnet_dual_triage	0	303	280	1	1	1	1	1	1	0	0	0	95.0	83.2	2.0	CTSC	22.1	
CTXN2	sonnet_dual_triage	1	81	28	0	1	0	1	1	0	0	0	0	100.0	95.1		CTXN3	35.7	
CTXN3	sonnet_dual_triage	1	81	28	0	1	0	1	0	0	0	0	0		91.4		CTXN2	35.7	
CTXND1	sonnet_dual_triage	1	59	16	0	1	0	1	0	0	0	0	0		100.0				
CTXND2	sonnet_dual_triage	1	55	15	0	1	0	1	0	0	0	0	0		74.5				
CUBN	sonnet_dual_triage	0	3623	3600	1	1	1	1	1	0	0	0	0	94.3	69.9		NETO1	5.8	
CUZD1	sonnet_dual_triage	1	607	544	1	1	0	1	1	0	0	1	0	95.6	70.5		CUBN	6.2	4.0
CX3CL1	sonnet_dual_triage	1	397	317	1	1	0	1	1	0	0	0	0	93.5	65.0		CCL8	9.5	
CX3CR1	sonnet_dual_triage	7	355	87	0	1	0	1	1	0	0	0	0	96.3	82.5		CCR2	27.5	
CXADR	sonnet_dual_triage	1	365	218	1	1	0	0	1	1	1	1	0	90.4		2.0	VSIG8	33.5	3.0
CXCL12	sonnet_dual_triage	0	93	72	1	1	1	1	1	1	0	0	0	96.6	93.3	2.0			
CXCL16	sonnet_dual_triage	1	254	176	1	1	0	0	1	0	0	0	0	81.1					
CXCL9	sonnet_dual_triage	0	125	103	1	1	1	1	1	0	0	0	0	92.0	69.6		CXCL2	34.0	
CXCR1	sonnet_dual_triage	7	350	101	0	1	0	1	1	0	0	0	1	91.4	64.0		CXCR2	54.5	
CXCR2	sonnet_dual_triage	7	360	110	0	1	0	1	1	0	0	0	1	90.0	70.8		CXCR1	54.5	
CXCR3	sonnet_dual_triage	7	368	112	0	1	0	1	1	0	1	0	0	99.2	85.6		CCR4	31.2	
CXCR4	sonnet_dual_triage	7	352	94	0	1	0	1	1	0	0	0	0	97.2	91.2		CXCR2	29.1	
CXCR5	sonnet_dual_triage	7	372	113	0	1	0	1	1	0	0	0	0	97.0	83.3		CXCR1	31.0	
CXCR6	sonnet_dual_triage	7	342	75	0	1	0	1	1	0	0	0	0	94.7	74.6		CCR6	18.8	
CXorf66	sonnet_dual_triage	1	361	29	1	1	0	0	1	0	0	0	0						
CYB561	sonnet_dual_triage	6	251	50	0	0	0	1	1	1	1	0	1	97.6	88.0	2.0	CYBRD1	48.0	
CYB561D1	sonnet_dual_triage	6	229	36	0	0	0	1	1	0	1	0	1	93.9	90.4		CYB561D2	44.4	
CYB5B	sonnet_dual_triage	1	150	10	0	0	1	1	1	0	0	0	0	80.7	73.3				
CYB5D2	sonnet_dual_triage	0	264	236	1	1	1	1	1	0	0	0	0	95.8	80.3		PGRMC2	22.0	
CYB5R3	sonnet_dual_triage	0	301	0	0	0	0	1	1	0	0	0	0	91.4	87.4				
CYBA	sonnet_dual_triage	4	195	9	0	0	0	1	0	0	0	0	0		86.7				
CYBB	sonnet_dual_triage	6	570	115	0	0	0	1	1	0	0	0	1	96.7	93.2		NOX3	43.5	
CYBRD1	sonnet_dual_triage	6	286	46	0	0	0	1	1	1	1	0	1	94.1	75.2	2.0	CYB561A3	42.0	
CYP19A1	sonnet_dual_triage	1	503	1	1	1	0	1	1	0	0	0	0	97.6	79.3		CYP4F22	0.0	
CYP2D6	sonnet_dual_triage	1	497	5	0	1	0	0	1	0	0	0	1	82.5			CYP2C19	20.0	
CYP2E1	sonnet_dual_triage	1	493	1	1	1	0	1	1	0	0	0	1	92.3	78.1		CYP2F1	100.0	
CYP46A1	sonnet_dual_triage	1	500	1	1	1	0	1	1	0	1	0	0	99.2	94.8				
CYP4Z1	sonnet_dual_triage	1	505	2	1	1	0	0	0	0	0	0	1				CYP4X1	50.0	
CYSLTR1	sonnet_dual_triage	7	337	82	0	1	0	1	1	0	0	0	0	97.3	87.5		P2RY10	25.9	
CYSLTR2	sonnet_dual_triage	7	346	122	0	1	0	0	1	1	0	0	0	86.4		2.0	LPAR6	23.8	
CYSTM1	sonnet_dual_triage	0	97	0	0	0	0	1	1	0	0	0	0	99.0	93.8				
CYTL1	sonnet_dual_triage	0	136	114	1	1	1	1	0	0	0	0	0		69.1				
CYYR1	sonnet_dual_triage	1	154	34	1	1	0	1	0	0	1	0	0		82.6				
DAB2	sonnet_dual_triage	0	770	0	0	0	0	1	1	0	0	0	0	97.4	83.5				
DAG1	sonnet_dual_triage	1	895	725	1	1	0	1	1	0	0	1	0	97.4	93.2				3.0
DAGLA	sonnet_dual_triage	4	1042	30	0	0	0	1	1	0	0	1	0	99.5	97.5		DAGLB	23.3	1.0
DAO	sonnet_dual_triage	0	347	0	0	0	0	1	1	1	0	0	0	94.2	80.4	2.0			
DAPP1	sonnet_dual_triage	0	280	0	0	0	0	1	1	1	0	0	0	98.6	93.2	2.0			
DARS2	sonnet_dual_triage	0	645	0	0	0	0	1	1	1	0	0	0	96.6	85.4	2.0			
DBH	sonnet_dual_triage	0	617	578	1	1	1	1	1	1	0	0	0	87.5	79.9	2.0	MOXD1	32.6	
DBI	sonnet_dual_triage	0	87	0	0	0	0	0	0	0	0	0	0						
DCBLD1	sonnet_dual_triage	1	715	424	1	1	0	1	1	0	0	1	0	96.9	54.5		RS1	17.5	1.0
DCBLD2	sonnet_dual_triage	1	775	471	1	1	0	1	1	0	0	1	0	87.1	84.1		CUBN	4.6	3.0
DCC	sonnet_dual_triage	1	1447	1068	1	1	0	1	1	0	0	1	1	99.3	96.5		NEO1	54.9	5.0
DCD	sonnet_dual_triage	0	110	91	1	1	1	0	0	0	0	0	0				LACRT	22.7	
DCHS1	sonnet_dual_triage	1	3298	2895	1	1	0	1	1	0	0	1	0	86.6	92.5		CDH15	9.9	12.0
DCHS2	sonnet_dual_triage	1	3371	2935	1	1	0	1	0	0	1	1	0		74.1		CDH20	10.3	13.0
DCLK1	sonnet_dual_triage	0	740	0	0	0	0	1	1	0	0	0	0	94.2	98.4				
DCST1	sonnet_dual_triage	6	706	326	0	0	0	1	1	0	1	0	0	94.8	71.5		OCSTAMP	15.0	
DCST2	sonnet_dual_triage	6	773	285	0	0	0	1	1	0	0	0	0	97.3	66.0		DCSTAMP	16.8	
DCSTAMP	sonnet_dual_triage	6	470	162	0	0	0	1	1	1	1	1	0	95.3	74.3	2.0	DCST2	14.7	1.0
DCT	sonnet_dual_triage	1	519	449	1	1	0	1	1	0	0	1	1	96.3	83.0		TYRP1	52.8	1.0
DCXR	sonnet_dual_triage	0	244	0	0	0	0	1	1	1	0	0	0	94.7	84.0	2.0			
DDR1	sonnet_dual_triage	1	913	397	1	1	0	1	1	0	1	1	1	99.2	93.6		DDR2	50.1	2.0
DDR2	sonnet_dual_triage	1	855	376	1	1	0	1	1	0	0	0	1	99.3	95.9		DDR1	49.9	
DDT	sonnet_dual_triage	0	118	0	0	0	0	0	1	1	0	0	0	89.0		3.0			
DDTL	sonnet_dual_triage	0	134	0	0	0	0	0	1	1	0	0	0	83.6		2.0			
DDX4	sonnet_dual_triage	0	724	0	0	0	0	1	1	0	0	0	0	99.0	89.1				
DEFA1	sonnet_dual_triage	0	94	75	1	1	1	0	0	0	0	0	1				DEFA1B	100.0	
DEFA3	sonnet_dual_triage	0	94	75	1	1	1	0	0	0	0	0	1				DEFA1	98.7	
DEFA6	sonnet_dual_triage	0	100	81	1	1	1	0	1	0	0	0	1	81.0			DEFA4	45.7	
DEFB103B	sonnet_dual_triage	0	67	45	1	1	1	0	1	0	0	0	1	95.5			DEFB103A	100.0	
DEFB104A	sonnet_dual_triage	0	72	50	1	1	1	0	0	0	0	0	1				DEFB104B	100.0	
DEFB105B	sonnet_dual_triage	0	78	51	1	1	1	0	0	0	0	0	1				DEFB105A	100.0	
DEFB106B	sonnet_dual_triage	0	65	45	1	1	1	0	0	0	0	0	1				DEFB106A	100.0	
DEFB107B	sonnet_dual_triage	0	70	46	1	1	1	0	0	0	0	0	1				DEFB107A	100.0	
DEFB108B	sonnet_dual_triage	0	73	51	1	1	1	0	0	0	0	0	0				DEFB116	26.6	
DEFB109B	sonnet_dual_triage	0	87	65	1	1	1	0	0	0	0	0	1				DEFB130A	41.5	
DEFB112	sonnet_dual_triage	0	113	99	1	1	1	0	0	0	0	0	0						
DEFB113	sonnet_dual_triage	0	82	66	1	1	1	1	1	0	0	0	0	72.0	56.1				
DEFB114	sonnet_dual_triage	0	69	43	1	1	1	0	1	0	0	0	0	88.4					
DEFB115	sonnet_dual_triage	0	88	59	1	1	1	0	1	0	0	0	0	90.9			DEFB129	15.2	
DEFB116	sonnet_dual_triage	0	102	79	1	1	1	0	1	0	0	0	0	95.1			DEFB108B	27.8	
DEFB118	sonnet_dual_triage	0	123	104	1	1	1	0	1	0	0	0	0	81.3			DEFB121	22.1	
DEFB119	sonnet_dual_triage	0	84	63	1	1	1	1	1	0	0	0	0	92.9	64.3		DEFB125	17.6	
DEFB121	sonnet_dual_triage	0	76	57	1	1	1	0	1	0	0	0	0	94.7			DEFB129	14.6	
DEFB124	sonnet_dual_triage	0	71	49	1	1	1	1	0	0	0	0	0		64.8		DEFB125	14.7	
DEFB126	sonnet_dual_triage	0	111	91	1	1	1	0	1	0	0	0	0	68.5					
DEFB130B	sonnet_dual_triage	0	79	57	1	1	1	0	0	0	0	0	1				DEFB130A	100.0	
DEFB131B	sonnet_dual_triage	0	70	48	1	1	1	0	0	0	0	0	1				DEFB131A	95.8	
DEFB132	sonnet_dual_triage	0	95	73	1	1	1	0	1	0	0	0	0	87.4			DEFB121	26.0	
DEK	sonnet_dual_triage	0	375	0	0	0	0	1	1	0	0	0	0	98.7	90.7				
DGCR2	sonnet_dual_triage	1	550	326	1	1	0	1	0	0	1	1	0		93.3				2.0
DHH	sonnet_dual_triage	0	396	374	1	1	1	1	1	0	0	0	1	98.5	96.5		SHH	54.2	
DHRSX	sonnet_dual_triage	0	330	0	0	0	0	0	0	0	0	0	0						
DIO1	sonnet_dual_triage	0	249	0	0	0	0	1	1	0	0	0	0	96.4	79.1				
DIO3	sonnet_dual_triage	0	304	0	0	0	0	1	0	0	0	0	0		94.7				
DIPK2A	sonnet_dual_triage	0	430	393	1	1	1	1	1	0	0	0	0	98.8	97.7		DIPK2B	32.8	
DIPK2B	sonnet_dual_triage	0	433	402	1	1	1	1	1	0	0	0	0	95.8	80.8		DIPK2A	33.1	
DIRAS3	sonnet_dual_triage	0	229	0	0	0	0	0	1	0	0	0	0	91.3					
DISP1	sonnet_dual_triage	12	1524	573	0	0	0	1	1	0	0	0	1	97.4	84.1		DISP2	44.3	
DISP2	sonnet_dual_triage	12	1401	573	0	0	0	1	1	0	0	0	1	94.1	73.3		DISP1	44.5	
DKKL1	sonnet_dual_triage	0	242	212	1	1	1	1	1	0	0	0	0	94.2	60.3				
DLEU7	sonnet_dual_triage	0	221	0	0	0	0	1	0	0	0	0	0		82.8				
DLK1	sonnet_dual_triage	1	383	283	1	1	0	1	1	0	0	1	0	96.3	85.6		PEAR1	15.5	2.0
DLK2	sonnet_dual_triage	1	383	281	1	1	0	1	1	0	0	1	0	99.5	92.2		CD248	16.1	2.0
DLL1	sonnet_dual_triage	1	723	524	1	1	0	1	1	0	1	1	1	92.5	88.5		DLL4	54.4	3.0
DLL3	sonnet_dual_triage	1	618	465	1	1	0	1	1	0	0	1	0	95.1	83.5		DLK2	26.2	5.0
DLL4	sonnet_dual_triage	1	685	505	1	1	0	1	1	0	0	1	1	99.0	86.4		DLL1	54.8	6.0
DLST	sonnet_dual_triage	0	453	0	0	0	0	1	1	1	0	0	0	98.5	92.3	3.0			
DMBT1	sonnet_dual_triage	0	2413	2394	1	1	1	0	1	0	0	0	0	52.3			LGALS3BP	9.9	
DMKN	sonnet_dual_triage	0	476	455	1	1	1	1	1	0	0	0	0	85.1	55.0				
DMP1	sonnet_dual_triage	0	513	497	1	1	1	1	1	0	0	0	0	91.0	64.7				
DNAJC1	sonnet_dual_triage	1	554	103	1	1	0	1	1	0	0	0	1	95.8	85.0		DNAJC25	30.6	
DNAJC22	sonnet_dual_triage	4	341	19	0	0	0	1	1	0	0	0	0	96.5	82.1				
DNAJC5	sonnet_dual_triage	2	198	1	0	0	0	1	1	0	0	0	1	84.3	99.5		DNAJC18	0.0	
DNASE1L2	sonnet_dual_triage	0	299	278	1	1	1	1	1	0	0	0	1	89.6	76.9		DNASE1	51.4	
DNASE1L3	sonnet_dual_triage	0	305	285	1	1	1	1	1	0	0	0	1	96.1	81.3		DNASE1	42.1	
DNASE2B	sonnet_dual_triage	0	361	334	1	1	1	1	1	0	0	0	0	97.5	65.7		DNASE2	36.6	
DNER	sonnet_dual_triage	1	737	607	1	1	0	1	1	0	0	1	0	87.0	90.4		NOTCH4	16.2	4.0
DOC2A	sonnet_dual_triage	0	400	0	0	0	0	1	1	0	0	0	0	97.5	94.8				
DOK3	sonnet_dual_triage	0	496	0	0	0	0	1	0	0	0	0	0		78.4				
DPEP1	sonnet_dual_triage	0	411	395	1	1	1	1	1	1	0	1	1	85.6	72.3	2.0	DPEP2	42.5	1.0
DPEP2	sonnet_dual_triage	0	486	454	1	1	1	0	1	1	0	1	1	93.6		2.0	DPEP3	71.6	1.0
DPEP3	sonnet_dual_triage	0	488	452	1	1	1	1	1	1	0	1	1	94.1	71.7	2.0	DPEP2	71.4	2.0
DPP10	sonnet_dual_triage	1	796	741	0	0	1	1	1	1	1	1	1	97.2	87.6	2.0	DPP6	51.4	1.0
DPP4	sonnet_dual_triage	1	766	739	0	0	1	1	1	1	0	1	1	98.0	84.5	2.0	FAP	52.5	2.0
DPP6	sonnet_dual_triage	1	865	749	0	0	1	1	1	1	0	1	1	98.0	92.3	2.0	DPP10	51.4	1.0
DPP9	sonnet_dual_triage	0	863	0	0	0	0	1	1	1	0	0	0	93.6	88.7	2.0			
DRAM1	sonnet_dual_triage	6	238	51	0	0	0	1	1	1	1	0	1	98.3	94.5	2.0	DRAM2	42.6	
DRAXIN	sonnet_dual_triage	0	349	324	1	1	1	1	1	0	0	0	0	97.1	76.8				
DRD1	sonnet_dual_triage	7	446	89	0	1	0	1	1	0	0	1	0	99.8	91.0		DRD5	32.0	1.0
DRD2	sonnet_dual_triage	7	443	74	0	1	0	1	1	0	0	0	0	99.3	95.7		ADRA2B	25.7	
DRD3	sonnet_dual_triage	7	400	77	0	1	0	1	1	0	0	0	0	98.2	90.2		DRD4	33.7	
DRD4	sonnet_dual_triage	7	419	83	0	1	0	1	0	0	0	0	0		72.8		DRD3	32.5	
DRD5	sonnet_dual_triage	7	477	122	0	1	0	1	1	0	0	0	0	91.6	82.8		DRD1	30.3	
DSC1	sonnet_dual_triage	1	894	664	1	1	0	1	1	0	0	1	1	95.4	81.7		DSC2	54.7	3.0
DSC2	sonnet_dual_triage	1	901	665	1	1	0	1	1	0	0	1	1	90.1	75.7		DSC3	63.6	3.0
DSC3	sonnet_dual_triage	1	896	664	1	1	0	1	0	0	0	1	1		79.6		DSC2	63.8	4.0
DSCAM	sonnet_dual_triage	1	2012	1578	1	1	0	1	1	0	1	1	1	99.7	98.4		DSCAML1	63.8	11.0
DSCAML1	sonnet_dual_triage	1	2053	1573	1	1	0	1	1	0	0	1	1	99.6	98.1		DSCAM	63.8	12.0
DSG1	sonnet_dual_triage	1	1049	527	1	1	0	0	1	0	1	1	1	91.3			DSG4	48.5	3.0
DSG2	sonnet_dual_triage	1	1118	591	1	1	0	1	1	0	0	1	1	96.1	76.8		DSG1	39.6	4.0
DSG3	sonnet_dual_triage	1	999	604	1	1	0	1	1	0	0	1	1	96.0	72.7		DSG4	55.6	5.0
DSG4	sonnet_dual_triage	1	1040	608	1	1	0	1	1	0	0	1	1	96.3	82.5		DSG1	48.4	7.0
DUOX1	sonnet_dual_triage	7	1551	623	1	1	0	1	1	0	0	0	1	94.4	91.0		DUOX2	80.4	
DUOX2	sonnet_dual_triage	7	1548	626	1	1	0	1	1	0	0	1	1	96.6	84.9		DUOX1	80.5	1.0
DUOXA1	sonnet_dual_triage	5	343	144	0	1	0	1	1	0	0	0	1	95.6	82.8		DUOXA2	64.1	
DUT	sonnet_dual_triage	0	252	0	0	0	0	1	0	1	0	0	0		54.8	3.0			
DYNAP	sonnet_dual_triage	1	184	76	0	0	1	0	1	0	0	0	0	61.4					
DYSF	sonnet_dual_triage	1	2080	14	0	0	1	1	1	0	1	0	1	97.9	93.0		MYOF	53.3	
EBAG9	sonnet_dual_triage	0	213	0	0	0	0	1	1	0	0	0	0	99.1	97.7				
ECE1	sonnet_dual_triage	1	770	681	0	0	1	1	1	1	0	1	1	98.2	93.8	2.0	ECE2	65.7	3.0
ECE2	sonnet_dual_triage	1	811	682	0	0	1	1	1	1	0	0	1	99.1	90.7	2.0	ECE1	65.7	
ECEL1	sonnet_dual_triage	1	775	693	0	0	1	1	1	0	0	0	0	82.6	94.6		ECE2	39.7	
ECM2	sonnet_dual_triage	0	699	677	1	1	1	1	1	0	0	0	0	96.1	72.2		KERA	18.3	
ECRG4	sonnet_dual_triage	0	148	117	1	1	1	1	1	0	0	0	0	98.6	83.8				
ECSCR	sonnet_dual_triage	1	205	98	1	1	0	0	1	0	0	0	0	87.8					
EDA	sonnet_dual_triage	1	391	332	0	0	1	1	1	1	0	1	0	98.2	94.6	3.0	COL18A1	8.1	1.0
EDA2R	sonnet_dual_triage	1	297	139	0	1	0	1	1	0	0	1	1	93.3	80.1		TNFRSF19	49.6	1.0
EDAR	sonnet_dual_triage	1	448	160	1	1	0	1	1	0	0	0	0	99.3	91.5		EDA2R	29.4	
EDDM13	sonnet_dual_triage	0	161	138	1	1	1	1	1	0	0	0	0	95.0	70.8				
EDDM3A	sonnet_dual_triage	0	147	122	1	1	1	0	1	0	0	0	1	88.4			EDDM3B	66.4	
EDDM3B	sonnet_dual_triage	0	147	122	1	1	1	0	1	0	0	0	1	94.6			EDDM3A	66.4	
EDIL3	sonnet_dual_triage	0	480	457	1	1	1	1	1	0	0	0	1	90.2	95.6		MFGE8	44.6	
EDNRA	sonnet_dual_triage	7	427	116	1	1	0	1	1	0	1	0	0	99.1	92.3		EDNRB	34.4	
EDNRB	sonnet_dual_triage	7	442	125	1	1	0	1	1	0	1	0	0	98.2	88.9		EDNRA	32.8	
EEF1AKMT4-ECE2	sonnet_dual_triage	1	883	682	0	0	1	0	0	1	0	0	0			2.0			
EEPD1	sonnet_dual_triage	0	569	0	0	0	0	1	1	0	0	0	0	98.1	90.7				
EFNA1	sonnet_dual_triage	0	205	187	1	1	1	1	0	0	0	1	1		85.9		EFNA5	42.3	1.0
EFNA2	sonnet_dual_triage	0	213	187	1	1	1	1	1	0	0	1	1	97.7	89.2		EFNA5	49.5	2.0
EFNA3	sonnet_dual_triage	0	238	214	1	1	1	1	1	0	0	1	1	100.0	93.3		EFNA2	43.5	3.0
EFNA4	sonnet_dual_triage	0	201	178	1	1	1	1	1	0	0	1	1	98.0	84.1		EFNA2	44.4	2.0
EFNA5	sonnet_dual_triage	0	228	208	1	1	1	1	1	0	0	1	1	99.6	99.1		EFNA2	49.5	1.0
EFNB1	sonnet_dual_triage	1	346	212	1	1	0	1	1	0	0	1	1	91.0	95.7		EFNB2	50.0	1.0
EFNB2	sonnet_dual_triage	1	333	201	1	1	0	1	1	0	0	1	1	99.1	96.7		EFNB1	50.0	2.0
EFNB3	sonnet_dual_triage	1	340	200	1	1	0	1	1	0	0	1	1	99.1	95.6		EFNB1	42.0	3.0
EGF	sonnet_dual_triage	1	1207	1013	1	1	0	1	1	0	0	1	0	90.7	66.4		LRP1	9.1	6.0
EGFL6	sonnet_dual_triage	0	553	532	1	1	1	1	1	0	0	0	1	95.7	77.9		NPNT	40.5	
EGFL7	sonnet_dual_triage	0	273	254	1	1	1	1	1	0	0	0	0	94.1	76.2		EGFL8	38.1	
EGFL8	sonnet_dual_triage	0	293	268	1	1	1	1	1	0	0	0	0	92.2	80.2		EGFL7	38.1	
EGFLAM	sonnet_dual_triage	0	1017	993	1	1	1	1	1	0	0	0	0	92.4	88.3		USH2A	7.5	
EGFR	sonnet_dual_triage	1	1210	621	1	1	0	1	1	0	1	1	1	99.3	90.5		ERBB4	48.5	5.0
EIF3A	sonnet_dual_triage	0	1382	0	0	0	0	1	1	0	0	0	0	99.3	93.2				
EIF4A1	sonnet_dual_triage	0	406	0	0	0	0	1	1	0	0	0	0	98.8	100.0				
ELANE	sonnet_dual_triage	0	267	240	1	1	1	1	0	1	0	0	1		71.9	2.0	PRTN3	51.7	
ELAPOR1	sonnet_dual_triage	1	1013	869	1	1	0	1	0	0	0	0	1		90.3		ELAPOR2	53.6	
ELAPOR2	sonnet_dual_triage	1	1029	881	1	1	0	1	1	0	0	0	1	91.2	93.4		ELAPOR1	53.5	
ELAVL1	sonnet_dual_triage	0	326	0	0	0	0	1	1	0	0	0	0	100.0	98.5				
ELFN1	sonnet_dual_triage	1	828	390	1	1	0	1	0	0	0	1	1		87.9		ELFN2	52.1	2.0
ELFN2	sonnet_dual_triage	1	820	374	1	1	0	1	1	0	0	1	1	97.2	96.0		ELFN1	52.1	1.0
ELSPBP1	sonnet_dual_triage	0	223	200	1	1	1	0	0	0	0	0	0				BSPH1	19.5	
EMB	sonnet_dual_triage	1	327	230	1	1	0	1	1	0	0	1	0	93.3	64.5		BSG	22.8	2.0
EMC10	sonnet_dual_triage	1	262	196	1	1	0	1	1	0	0	0	0	98.9	84.4				
EMCN	sonnet_dual_triage	1	261	173	1	1	0	1	1	0	1	0	0	78.9	52.9				
EMID1	sonnet_dual_triage	0	441	420	1	1	1	1	1	0	0	0	1	71.1	80.1		COL7A1	8.0	
EMP1	sonnet_dual_triage	4	157	57	0	0	0	1	0	0	1	0	0		77.1		EMP2	34.4	
EMP2	sonnet_dual_triage	4	167	64	0	0	0	1	0	0	0	1	0		77.8		EMP1	32.8	1.0
EMP3	sonnet_dual_triage	4	163	56	0	0	0	1	1	1	0	0	0	73.6	92.0	2.0	EMP2	31.2	
EN1	sonnet_dual_triage	0	392	0	0	0	0	1	1	0	0	0	0	97.7	92.6				
ENDOD1	sonnet_dual_triage	0	500	479	1	1	1	1	1	0	0	0	0	96.8	76.4				
ENDOU	sonnet_dual_triage	0	410	392	1	1	1	1	1	0	0	0	0	96.8	82.2				
ENG	sonnet_dual_triage	1	658	567	1	1	0	1	1	0	0	1	0	87.4	71.6		TGFBR3L	13.9	3.0
ENHO	sonnet_dual_triage	1	76	9	0	1	0	1	0	0	0	0	0		100.0				
ENO1	sonnet_dual_triage	0	434	0	0	0	0	0	0	1	0	0	0			2.0			
ENO2	sonnet_dual_triage	0	434	0	0	0	0	1	1	1	0	0	0	99.3	98.6	2.0			
ENOX1	sonnet_dual_triage	0	643	0	0	0	0	1	1	1	0	0	0	99.8	97.7	2.0			
ENOX2	sonnet_dual_triage	0	610	0	0	0	0	1	1	1	0	0	0	99.3	94.5	2.0			
ENPEP	sonnet_dual_triage	1	957	918	0	0	1	1	1	0	0	1	0	97.6	77.2		ANPEP	36.3	2.0
ENPP1	sonnet_dual_triage	1	925	828	0	0	1	1	1	0	0	1	1	98.2	78.5		ENPP3	54.3	2.0
ENPP2	sonnet_dual_triage	0	863	836	1	1	1	1	1	0	0	0	1	98.4	94.1		ENPP1	46.5	
ENPP3	sonnet_dual_triage	1	875	831	0	0	1	1	1	0	0	0	1	96.7	80.8		ENPP1	54.3	
ENPP4	sonnet_dual_triage	1	453	389	1	1	0	1	1	0	0	1	1	97.6	82.3		ENPP5	50.4	1.0
ENPP5	sonnet_dual_triage	1	477	409	1	1	0	1	1	0	0	1	1	96.0	81.8		ENPP4	50.1	2.0
ENPP6	sonnet_dual_triage	0	440	418	1	1	1	1	1	0	0	1	0	91.1	86.1		ENPP1	18.1	2.0
ENPP7	sonnet_dual_triage	0	458	437	1	1	1	1	1	0	0	0	0	90.2	76.0		ENPP5	37.1	
ENTPD1	sonnet_dual_triage	2	510	440	0	0	0	1	0	0	1	1	1		75.5		ENTPD8	46.1	1.0
ENTPD2	sonnet_dual_triage	1	495	436	1	1	0	1	1	1	0	0	1	96.8	83.4	2.0	ENTPD8	45.7	
ENTPD3	sonnet_dual_triage	2	529	446	0	0	0	1	1	0	1	1	1	97.9	81.3		ENTPD2	42.6	1.0
ENTPD5	sonnet_dual_triage	0	428	408	1	1	1	1	1	0	0	0	1	97.9	88.1		ENTPD6	48.8	
ENTPD6	sonnet_dual_triage	1	484	424	0	0	1	1	1	0	0	0	1	97.5	82.2		ENTPD5	47.6	
ENTPD8	sonnet_dual_triage	2	495	438	0	0	0	1	1	1	0	0	1	94.3	74.3	2.0	ENTPD1	46.1	
ENTREP1	sonnet_dual_triage	2	450	58	0	0	0	1	1	1	1	0	0	78.8	88.1	2.0	ENTREP3	28.1	
EPCAM	sonnet_dual_triage	1	314	244	1	1	0	1	1	0	0	1	1	80.3	81.5		TACSTD2	49.2	1.0
EPDR1	sonnet_dual_triage	0	224	187	1	1	1	1	1	1	0	0	0	96.4	79.5	2.0			
EPGN	sonnet_dual_triage	1	154	90	1	1	0	1	1	0	1	0	0	98.1	77.3		HBEGF	24.6	
EPHA1	sonnet_dual_triage	1	976	522	1	1	0	1	1	0	1	1	1	96.5	88.2		LMTK2	30.5	4.0
EPHA10	sonnet_dual_triage	1	1008	532	1	1	0	1	0	0	1	1	1		92.7		EPHA7	55.8	4.0
EPHA2	sonnet_dual_triage	1	976	517	1	1	0	1	1	0	1	1	1	97.5	92.9		EPHA1	47.5	4.0
EPHA3	sonnet_dual_triage	1	983	521	1	1	0	1	1	0	1	1	1	98.9	96.5		EPHA5	65.1	4.0
EPHA4	sonnet_dual_triage	1	986	529	1	1	0	1	1	0	0	1	1	99.9	98.6		EPHA5	61.2	2.0
EPHA5	sonnet_dual_triage	1	1037	518	1	1	0	1	1	0	0	1	1	99.3	96.3		EPHA3	64.9	5.0
EPHA6	sonnet_dual_triage	1	1036	531	1	1	0	1	1	0	0	1	1	99.2	95.2		EPHA3	63.1	1.0
EPHA7	sonnet_dual_triage	1	998	530	1	1	0	1	1	0	1	1	1	99.9	98.1		EPHA5	60.4	5.0
EPHA8	sonnet_dual_triage	1	1005	514	1	1	0	1	1	0	1	1	1	75.0	95.1		EPHA3	58.5	4.0
EPHB1	sonnet_dual_triage	1	984	523	1	1	0	1	1	0	1	1	1	99.7	98.9		EPHB2	68.7	3.0
EPHB2	sonnet_dual_triage	1	1055	524	1	1	0	1	1	0	0	1	1	99.9	99.5		EPHB1	68.7	4.0
EPHB3	sonnet_dual_triage	1	998	521	1	1	0	1	1	0	0	1	1	99.6	96.4		LMTK2	25.1	3.0
EPHB4	sonnet_dual_triage	1	987	525	1	1	0	1	1	0	1	1	1	99.4	92.9		EPHB3	45.7	3.0
EPHB6	sonnet_dual_triage	1	1021	568	1	1	0	1	0	0	1	1	1		91.9		LMTK2	25.5	2.0
EPHX1	sonnet_dual_triage	1	455	2	0	1	0	1	0	1	0	0	0		83.5	2.0			
EPHX3	sonnet_dual_triage	0	360	0	0	0	0	1	1	0	0	0	0	96.1	82.8				
EPM2A	sonnet_dual_triage	0	331	0	0	0	0	1	0	0	0	0	0		88.8				
EPOR	sonnet_dual_triage	1	508	225	1	1	0	1	1	0	1	1	0	96.7	81.7		CSF2RB	17.3	2.0
EPPIN	sonnet_dual_triage	0	133	112	1	1	1	1	1	0	0	0	1	90.2	61.7		WFDC6	49.1	
EQTN	sonnet_dual_triage	1	294	167	1	1	0	0	1	0	1	1	0	88.4					2.0
ERAP2	sonnet_dual_triage	0	960	925	1	1	1	0	0	0	0	0	1				ERAP1	51.6	
ERBB2	sonnet_dual_triage	1	1255	632	1	1	0	1	1	0	1	1	1	97.0	87.6		ERBB3	44.0	3.0
ERBB3	sonnet_dual_triage	1	1342	624	1	1	0	1	1	0	1	1	1	98.8	90.7		ERBB4	59.7	3.0
ERBB4	sonnet_dual_triage	1	1308	626	1	1	0	1	1	0	0	1	1	99.6	97.3		ERBB3	59.4	1.0
EREG	sonnet_dual_triage	1	169	86	1	1	0	1	1	0	0	1	0	97.0	78.1		EPGN	33.3	1.0
ERFE	sonnet_dual_triage	0	354	329	1	1	1	1	1	1	0	0	0	76.6	71.2	3.0	C1QTNF12	38.3	
ERLIN2	sonnet_dual_triage	0	339	0	0	0	0	1	1	1	0	0	0	87.3	97.6	2.0			
ERMAP	sonnet_dual_triage	1	475	125	1	1	0	1	1	0	0	0	1	95.2	73.7		BTNL2	10.4	
ERO1A	sonnet_dual_triage	0	468	445	1	1	1	1	1	0	0	0	1	98.5	91.9		ERO1B	63.1	
ERP29	sonnet_dual_triage	0	261	229	1	1	1	1	0	1	0	0	0		88.5	2.0			
ERP44	sonnet_dual_triage	0	406	377	1	1	1	1	1	0	0	0	0	99.5	93.1		TMX1	19.1	
ERV3-1	sonnet_dual_triage	0	604	582	1	1	1	0	0	1	0	0	0			2.0	ERVW-1	21.3	
ERVFRD-1	sonnet_dual_triage	1	538	473	1	1	0	0	1	0	0	1	0	95.4			ERVW-1	29.6	1.0
ERVH48-1	sonnet_dual_triage	0	160	121	1	1	1	0	0	0	0	0	0						
ERVMER34-1	sonnet_dual_triage	1	563	468	1	1	0	0	1	0	0	1	0	93.8			ERV3-1	21.0	1.0
ERVV-1	sonnet_dual_triage	0	477	456	1	1	1	0	0	1	0	1	1			2.0	ERVV-2	96.5	1.0
ERVV-2	sonnet_dual_triage	1	535	438	1	1	0	0	0	0	0	1	1				ERVV-1	93.6	1.0
ERVW-1	sonnet_dual_triage	1	538	434	1	1	0	0	1	0	0	1	0	83.3			ERVFRD-1	29.0	3.0
ESAM	sonnet_dual_triage	1	390	219	1	1	0	1	1	0	0	1	0	95.9	72.8		GPA33	33.8	3.0
ESR2	sonnet_dual_triage	0	530	0	0	0	0	1	1	1	0	0	0	97.2	88.7	2.0			
EVA1A	sonnet_dual_triage	1	152	33	0	1	0	1	1	0	0	0	1	98.0	86.8		EVA1B	42.4	
EVA1B	sonnet_dual_triage	1	165	27	0	1	0	1	1	0	0	0	1	97.0	89.7		EVA1A	42.4	
EVA1C	sonnet_dual_triage	1	441	273	1	1	0	1	1	0	1	1	0	96.8	86.2		ADGRA1	24.9	2.0
EVI2A	sonnet_dual_triage	1	236	112	1	1	0	1	1	0	0	0	0	95.3	61.9				
EVI2B	sonnet_dual_triage	1	448	181	1	1	0	1	1	0	0	0	0	91.5	57.6				
EXTL3	sonnet_dual_triage	1	919	872	0	0	1	1	1	1	0	0	0	99.6	97.4	2.0	EXT2	30.7	
F11R	sonnet_dual_triage	1	299	210	1	1	0	1	1	0	0	1	0	92.6	69.2		JAM2	38.4	2.0
F2R	sonnet_dual_triage	7	425	131	1	1	0	1	1	0	0	0	0	98.1	79.1		P2RY8	19.1	
F2RL1	sonnet_dual_triage	7	397	101	1	1	0	1	1	0	0	0	0	95.7	83.6		F2RL2	31.5	
F2RL2	sonnet_dual_triage	7	374	127	1	1	0	1	1	0	0	0	0	98.4	69.5		P2RY8	22.0	
F2RL3	sonnet_dual_triage	7	385	121	1	1	0	1	0	0	0	0	0		76.6		GPR17	26.4	
F3	sonnet_dual_triage	1	295	219	1	1	0	1	1	0	1	1	0	86.4	52.9		IFNAR2	30.6	1.0
FABP4	sonnet_dual_triage	0	132	0	0	0	0	1	1	0	0	0	0	97.7	91.7				
FABP5	sonnet_dual_triage	0	135	0	0	0	0	1	0	0	0	0	0		80.0				
FAIM2	sonnet_dual_triage	7	316	32	0	0	1	1	1	0	0	0	1	96.5	92.1		TMBIM1	43.8	
FAM149A	sonnet_dual_triage	0	773	0	0	0	0	1	1	0	0	0	0	55.1	63.5				
FAM151A	sonnet_dual_triage	1	585	553	0	0	1	1	1	0	0	0	0	95.2	71.3				
FAM151B	sonnet_dual_triage	0	276	0	0	0	0	1	1	0	0	0	0	97.1	84.8				
FAM153A	sonnet_dual_triage	0	310	0	0	0	0	0	0	0	0	0	0						
FAM163A	sonnet_dual_triage	1	167	5	0	1	0	1	1	0	0	0	0	98.2	85.6				
FAM171A1	sonnet_dual_triage	1	890	282	1	1	0	1	1	0	0	1	1	98.7	92.1		FAM171A2	45.0	3.0
FAM171A2	sonnet_dual_triage	1	826	289	1	1	0	1	0	0	0	1	1		93.7		FAM171A1	45.3	1.0
FAM171B	sonnet_dual_triage	1	826	325	1	1	0	1	1	0	0	1	0	98.4	88.7		FAM171A1	30.8	3.0
FAM174A	sonnet_dual_triage	1	190	89	1	1	0	1	1	0	0	0	0	96.8	68.4				
FAM174B	sonnet_dual_triage	1	159	66	1	1	0	1	1	0	0	0	0	93.7	76.1				
FAM174C	sonnet_dual_triage	1	132	47	1	1	0	0	0	0	0	0	0						
FAM180A	sonnet_dual_triage	0	173	156	1	1	1	1	1	0	0	0	0	97.1	78.6		FAM180B	29.4	
FAM180B	sonnet_dual_triage	0	183	160	1	1	1	0	0	0	0	0	0				FAM180A	28.7	
FAM187A	sonnet_dual_triage	1	413	362	1	1	0	1	1	0	0	0	0	95.9	78.9		FAM187B	24.9	
FAM209B	sonnet_dual_triage	1	171	40	1	1	0	0	0	0	0	0	1				FAM209A	95.0	
FAM20A	sonnet_dual_triage	1	541	516	0	0	1	1	1	1	0	0	1	94.6	85.8	2.0	FAM20C	45.3	
FAM234A	sonnet_dual_triage	1	552	483	0	0	1	1	1	0	0	0	0	94.4	73.6		FAM234B	27.6	
FAM237B	sonnet_dual_triage	0	139	0	0	0	0	1	1	1	0	0	0	95.7	72.7	2.0			
FAM24A	sonnet_dual_triage	1	105	10	0	1	0	0	0	0	0	0	0				FAM24B	10.0	
FAM24B	sonnet_dual_triage	1	94	3	0	1	0	0	0	0	0	0	0				FAM24A	10.0	
FAM3A	sonnet_dual_triage	0	230	201	1	1	1	1	1	0	0	0	1	85.7	90.9		FAM3D	56.7	
FAM3B	sonnet_dual_triage	0	235	203	1	1	1	1	1	0	1	0	0	90.6	76.2		FAM3C	37.9	
FAM3C	sonnet_dual_triage	0	227	200	1	1	1	1	1	0	0	0	1	98.7	94.3		FAM3D	55.0	
FAM3D	sonnet_dual_triage	0	224	197	1	1	1	1	1	0	0	0	1	88.8	71.0		FAM3A	56.7	
FAM78A	sonnet_dual_triage	0	283	0	0	0	0	1	1	0	0	0	0	98.9	97.2				
FAP	sonnet_dual_triage	1	760	734	0	0	1	1	1	1	1	1	1	92.9	89.6	2.0	DPP4	52.5	2.0
FAS	sonnet_dual_triage	1	335	148	1	1	0	0	0	0	1	0	0				TNFRSF10A	24.3	
FASLG	sonnet_dual_triage	1	281	179	0	0	1	1	1	1	0	1	0	97.5	76.5	3.0	TNFSF15	33.3	1.0
FASN	sonnet_dual_triage	0	2511	0	0	0	0	1	0	0	0	0	0		81.1				
FAT1	sonnet_dual_triage	1	4588	4159	1	1	0	1	1	0	0	1	1	96.1	88.2		FAT3	53.5	8.0
FAT2	sonnet_dual_triage	1	4349	4030	1	1	0	1	1	0	0	1	1	97.3	82.0		FAT1	44.7	7.0
FAT3	sonnet_dual_triage	1	4557	4122	1	1	0	1	1	0	1	1	1	99.0	91.9		FAT1	53.4	7.0
FAT4	sonnet_dual_triage	1	4981	4464	1	1	0	1	1	0	0	1	0	98.7	91.4		CELSR2	15.9	7.0
FBLN7	sonnet_dual_triage	0	439	415	1	1	1	1	1	0	0	0	0	95.9	85.0		CD93	25.1	
FCAMR	sonnet_dual_triage	1	532	432	1	1	0	0	1	0	1	1	0	85.1			CD300A	18.5	1.0
FCAR	sonnet_dual_triage	1	287	206	1	1	0	0	0	0	1	1	0				LILRA1	22.5	1.0
FCER1A	sonnet_dual_triage	1	257	178	1	1	0	0	1	0	0	1	0	91.8			FCRL5	9.0	1.0
FCER2	sonnet_dual_triage	1	321	277	0	0	1	1	1	1	0	0	0	89.7	55.8	2.0	CLEC17A	30.0	
FCGBP	sonnet_dual_triage	0	5405	5382	1	1	1	0	0	0	0	0	0				VWC2L	2.3	
FCGR1A	sonnet_dual_triage	1	374	277	1	1	0	1	1	0	0	1	0	89.6	65.8		FCGR2B	33.6	1.0
FCGR2A	sonnet_dual_triage	1	317	185	1	1	0	0	0	0	0	1	1				FCGR2B	91.4	2.0
FCGR2B	sonnet_dual_triage	1	310	178	1	1	0	0	0	0	0	1	1				FCGR2C	97.8	1.0
FCGR2C	sonnet_dual_triage	1	323	182	1	1	0	0	0	0	1	1	1				FCGR2B	100.0	1.0
FCGR3A	sonnet_dual_triage	1	254	189	1	1	0	0	0	0	0	1	1				FCGR3B	96.3	1.0
FCGR3B	sonnet_dual_triage	1	233	186	1	1	0	0	0	0	0	1	1				FCGR3A	94.7	1.0
FCGRT	sonnet_dual_triage	1	365	276	1	1	0	1	0	0	0	1	0		66.8		HLA-C	32.9	2.0
FCMR	sonnet_dual_triage	1	390	235	1	1	0	1	1	0	1	0	0	72.8	59.0		CD300H	21.7	
FCN1	sonnet_dual_triage	0	326	297	1	1	1	1	1	1	0	0	1	91.7	71.8	3.0	FCN2	80.5	
FCRL1	sonnet_dual_triage	1	429	292	1	1	0	0	1	0	1	1	1	91.8			FCRL2	48.8	2.0
FCRL2	sonnet_dual_triage	1	508	385	1	1	0	0	0	0	1	1	1				FCRL1	48.8	2.0
FCRL3	sonnet_dual_triage	1	734	561	1	1	0	0	1	0	1	1	1	74.8			FCRL1	32.6	3.0
FCRL4	sonnet_dual_triage	1	515	370	1	1	0	0	1	0	0	1	0	88.9			FCRL5	21.9	1.0
FCRL5	sonnet_dual_triage	1	977	832	1	1	0	0	1	0	1	1	0	88.8			FCRL1	19.7	8.0
FCRL6	sonnet_dual_triage	1	434	291	1	1	0	0	1	0	0	1	0	91.2			FCRL5	15.3	2.0
FER1L5	sonnet_dual_triage	1	2057	77	0	0	1	1	0	0	0	0	0		73.2		DYSF	9.1	
FER1L6	sonnet_dual_triage	1	1857	13	0	0	1	1	1	0	0	0	0	97.1	88.4		MYOF	33.3	
FEZ1	sonnet_dual_triage	0	392	0	0	0	0	1	1	0	0	0	0	99.2	95.4				
FFAR1	sonnet_dual_triage	7	300	61	0	1	0	1	1	0	0	0	0	95.0	83.0		GPR42	33.8	
FFAR2	sonnet_dual_triage	7	330	57	0	1	0	1	1	0	0	0	0	96.7	84.5		GPR42	32.3	
FFAR3	sonnet_dual_triage	7	346	65	0	1	0	0	0	1	0	0	1			2.0	GPR42	98.5	
FFAR4	sonnet_dual_triage	7	361	98	0	1	0	1	1	0	0	0	0	97.8	86.4		HCRTR1	27.6	
FGF2	sonnet_dual_triage	0	288	0	0	0	0	1	1	0	0	0	0	100.0	94.8				
FGF3	sonnet_dual_triage	0	239	222	1	1	1	1	1	0	0	0	0	97.5	80.3		FGF22	30.2	
FGF4	sonnet_dual_triage	0	206	176	1	1	1	1	1	0	0	0	1	98.5	80.6		FGF6	60.2	
FGF8	sonnet_dual_triage	0	233	211	1	1	1	1	1	0	0	0	1	99.2	90.6		FGF17	57.8	
FGF9	sonnet_dual_triage	0	208	0	0	0	0	1	1	0	0	0	0	100.0	99.5				
FGFR1	sonnet_dual_triage	1	822	353	1	1	0	1	1	0	1	0	1	93.4	98.4		FGFR2	62.1	
FGFR2	sonnet_dual_triage	1	821	356	1	1	0	1	1	0	1	1	1	96.7	97.6		FGFR1	62.6	1.0
FGFR3	sonnet_dual_triage	1	806	354	1	1	0	1	1	0	0	1	1	95.2	88.7		FGFR2	59.3	1.0
FGFR4	sonnet_dual_triage	1	802	348	1	1	0	1	0	0	0	1	1		90.1		FGFR3	56.5	1.0
FGFRL1	sonnet_dual_triage	1	504	355	1	1	0	1	0	0	0	1	0		85.9				2.0
FGL1	sonnet_dual_triage	0	312	290	1	1	1	1	1	0	0	0	0	95.5	82.1		FGA	16.2	
FGL2	sonnet_dual_triage	0	439	416	1	1	1	1	1	0	0	0	0	99.1	77.2		TNXB	4.5	
FIBCD1	sonnet_dual_triage	1	461	410	0	0	1	1	1	0	1	0	0	88.9	90.2		MFAP4	31.5	
FIBIN	sonnet_dual_triage	0	211	193	1	1	1	1	1	0	0	0	0	98.6	93.4				
FKBP8	sonnet_dual_triage	0	412	0	0	0	0	1	1	0	0	0	0	99.8	90.6				
FKBPL	sonnet_dual_triage	0	349	0	0	0	0	1	1	0	0	0	0	96.3	73.1				
FLII	sonnet_dual_triage	0	1269	0	0	0	0	1	1	0	0	0	0	98.7	95.3				
FLRT1	sonnet_dual_triage	1	674	503	1	1	0	1	1	0	0	1	1	99.0	96.1		FLRT3	61.0	1.0
FLRT2	sonnet_dual_triage	1	660	506	1	1	0	1	1	0	0	1	1	99.5	97.3		FLRT1	47.6	3.0
FLRT3	sonnet_dual_triage	1	649	501	1	1	0	1	1	0	0	1	1	99.8	96.3		FLRT1	60.8	1.0
FLT1	sonnet_dual_triage	1	1338	732	1	1	0	1	1	0	1	1	0	94.2	81.7		LMTK2	21.7	5.0
FLT3	sonnet_dual_triage	1	993	514	1	1	0	1	1	0	0	1	0	96.6	86.1		ROS1	9.7	3.0
FLT3LG	sonnet_dual_triage	1	235	159	1	1	0	1	0	1	1	1	0		67.7	2.0			1.0
FLT4	sonnet_dual_triage	1	1363	752	1	1	0	1	1	0	1	1	0	96.6	87.5		KDR	37.2	4.0
FLVCR1	sonnet_dual_triage	12	555	70	0	0	0	1	1	0	1	0	1	97.7	79.1		FLVCR2	51.4	
FLVCR2	sonnet_dual_triage	12	526	65	0	0	0	1	1	0	1	0	1	96.4	86.7		FLVCR1	47.1	
FMOD	sonnet_dual_triage	0	376	358	1	1	1	1	1	0	0	0	1	98.9	92.6		LUM	42.7	
FMR1NB	sonnet_dual_triage	2	255	93	0	0	0	0	1	0	0	0	0	77.6					
FN1	sonnet_dual_triage	0	2477	2451	1	1	1	1	1	0	0	0	0	98.8	92.0		FGL1	5.7	
FNDC1	sonnet_dual_triage	2	1894	1130	1	1	1	1	1	0	1	0	0	94.4	69.5		ABI3BP	28.1	
FNDC10	sonnet_dual_triage	1	226	164	1	1	0	1	0	0	0	0	0		83.2				
FNDC11	sonnet_dual_triage	0	318	0	0	0	0	1	0	0	0	0	0		81.1				
FNDC4	sonnet_dual_triage	1	234	125	1	1	0	1	1	1	0	1	1	94.0	94.4	2.0	FNDC5	41.5	1.0
FNDC5	sonnet_dual_triage	1	260	142	1	1	0	1	1	1	0	1	1	99.5	97.6	2.0	FNDC4	44.4	1.0
FNDC7	sonnet_dual_triage	0	733	708	1	1	1	1	1	0	0	0	0	95.9	85.5		TNXB	6.5	
FNDC9	sonnet_dual_triage	1	224	112	0	1	0	1	1	0	0	1	0	98.2	84.8				1.0
FOLH1	sonnet_dual_triage	1	750	707	0	0	1	1	1	1	1	1	1	97.6	85.2	2.0	NAALAD2	70.1	1.0
FOLR1	sonnet_dual_triage	0	257	235	1	1	1	0	1	0	0	1	1	97.3			FOLR2	76.2	1.0
FOLR2	sonnet_dual_triage	0	255	234	1	1	1	1	1	0	0	1	1	96.1	76.9		FOLR3	79.9	2.0
FOLR3	sonnet_dual_triage	0	245	223	1	1	1	0	1	0	0	0	1	88.6			FOLR2	80.8	
FOXR2	sonnet_dual_triage	0	311	0	0	0	0	1	1	0	0	0	0	90.0	53.1				
FPR1	sonnet_dual_triage	7	350	104	0	1	0	1	1	1	0	0	1	89.1	76.0	2.0	FPR2	51.4	
FPR2	sonnet_dual_triage	7	351	107	0	1	0	0	1	1	0	0	1	95.7		2.0	FPR3	68.2	
FPR3	sonnet_dual_triage	7	353	107	0	1	0	0	1	1	0	0	1	87.8		2.0	FPR2	68.2	
FREM3	sonnet_dual_triage	0	2139	2108	1	1	1	1	1	0	0	0	1	94.7	67.9		SLC8A3	12.4	
FREY1	sonnet_dual_triage	0	98	68	1	1	1	1	1	0	0	0	0	95.9	81.6				
FRMD3	sonnet_dual_triage	1	597	47	0	0	1	1	1	0	0	0	1	99.2	91.3		FRMD5	49.0	
FRRS1L	sonnet_dual_triage	0	293	265	1	1	1	1	1	0	0	0	0	78.5	91.8		FRRS1	23.5	
FSHR	sonnet_dual_triage	7	695	406	1	1	0	1	1	0	0	0	1	96.8	87.5		LHCGR	47.5	
FST	sonnet_dual_triage	0	344	315	1	1	1	1	1	0	0	0	0	99.4	97.4		SPINK6	10.8	
FSTL1	sonnet_dual_triage	0	308	288	1	1	1	1	1	0	0	0	0	99.7	91.9		SPINK5	10.6	
FSTL4	sonnet_dual_triage	0	842	820	1	1	1	1	0	0	0	0	1		83.7		FSTL5	57.3	
FSTL5	sonnet_dual_triage	0	847	827	1	1	1	1	1	0	0	0	1	98.5	91.3		FSTL4	57.3	
FTL	sonnet_dual_triage	0	175	0	0	0	0	0	0	1	0	0	0			2.0			
FUCA2	sonnet_dual_triage	0	467	437	1	1	1	1	1	1	0	0	1	96.8	80.9	2.0	FUCA1	55.1	
FURIN	sonnet_dual_triage	1	794	691	1	1	0	1	1	1	0	1	1	98.9	93.8	2.0	PCSK5	22.8	3.0
FUT2	sonnet_dual_triage	0	343	310	1	1	1	0	1	0	0	0	1	93.9			FUT1	60.4	
FUT3	sonnet_dual_triage	0	361	325	1	1	1	0	1	0	0	0	1	93.1			FUT5	87.1	
FUT4	sonnet_dual_triage	1	530	360	0	0	1	1	0	0	0	0	1		60.8		FUT5	43.1	
FXYD1	sonnet_dual_triage	1	92	17	1	1	0	1	0	0	0	0	1		82.6		FXYD6	55.0	
FXYD2	sonnet_dual_triage	1	66	27	0	1	0	1	0	0	0	0	1		71.2		FXYD1	44.4	
FXYD3	sonnet_dual_triage	1	87	16	1	1	0	1	1	0	1	0	1	90.8	73.6		FXYD4	42.9	
FXYD4	sonnet_dual_triage	1	89	21	1	1	0	1	1	0	0	0	1	80.9	67.4		FXYD3	52.4	
FXYD5	sonnet_dual_triage	1	178	124	1	1	0	0	1	0	0	0	0	91.0			FXYD6	9.7	
FXYD6	sonnet_dual_triage	1	95	20	1	1	0	1	1	0	0	0	1	83.2	92.6		FXYD1	60.0	
FXYD7	sonnet_dual_triage	1	80	26	0	1	0	1	0	0	0	0	1		86.2		FXYD5	12.1	
FZD1	sonnet_dual_triage	8	647	348	0	0	0	1	1	0	0	0	1	81.6	93.8		FZD7	66.4	
FZD10	sonnet_dual_triage	7	581	289	1	1	0	1	0	0	0	0	1		92.9		FZD9	63.6	
FZD2	sonnet_dual_triage	7	565	305	1	1	0	1	1	0	0	0	1	100.0	99.3		FZD7	74.8	
FZD3	sonnet_dual_triage	7	666	268	1	1	0	1	1	0	0	0	1	99.4	98.2		FZD6	53.0	
FZD4	sonnet_dual_triage	7	537	245	1	1	0	1	1	0	0	0	0	97.6	97.0		FZD10	37.0	
FZD5	sonnet_dual_triage	7	585	282	1	1	0	1	0	0	0	1	1		96.6		FZD8	52.7	1.0
FZD6	sonnet_dual_triage	7	706	265	1	1	0	1	1	0	0	0	1	98.4	83.6		FZD3	52.2	
FZD7	sonnet_dual_triage	7	574	309	1	1	0	1	0	0	0	0	1		96.5		FZD2	75.4	
FZD8	sonnet_dual_triage	7	694	368	1	1	0	1	0	0	0	1	1		95.7		FZD5	54.3	1.0
FZD9	sonnet_dual_triage	7	591	291	1	1	0	1	0	0	0	0	1		95.8		FZD10	63.2	
G6PC1	sonnet_dual_triage	9	357	125	0	1	0	1	1	0	1	0	1	97.8	88.5		G6PC2	50.4	
GAA	sonnet_dual_triage	1	952	920	0	0	1	1	1	0	0	0	0	74.4	80.4		MGAM	15.9	
GABBR1	sonnet_dual_triage	7	961	624	1	1	0	1	1	1	1	1	0	99.8	98.6	2.0	GABBR2	27.7	2.0
GABBR2	sonnet_dual_triage	7	941	490	1	1	0	1	1	0	0	0	0	99.5	98.0		GABBR1	27.9	
GABRA1	sonnet_dual_triage	4	456	248	1	1	1	1	1	1	0	1	1	99.8	98.5	5.0	GABRA2	79.4	1.0
GABRA2	sonnet_dual_triage	4	451	244	1	1	1	1	1	1	0	1	1	99.8	97.8	5.0	GABRA1	79.4	2.0
GABRA3	sonnet_dual_triage	4	492	272	1	1	1	1	1	1	0	1	1	99.6	96.1	5.0	GABRA2	72.4	1.0
GABRA4	sonnet_dual_triage	4	554	245	1	1	1	1	1	1	0	1	1	98.6	90.4	5.0	GABRA6	82.0	2.0
GABRA5	sonnet_dual_triage	4	462	251	1	1	1	1	1	1	0	1	1	94.2	95.5	5.0	GABRA3	71.7	1.0
GABRA6	sonnet_dual_triage	4	453	245	1	1	1	1	1	1	0	1	1	98.2	91.4	5.0	GABRA4	82.0	1.0
GABRB1	sonnet_dual_triage	4	474	229	1	1	1	1	1	1	1	1	1	99.6	98.1	5.0	GABRB2	89.2	2.0
GABRB2	sonnet_dual_triage	4	512	231	1	1	1	1	1	1	1	1	1	100.0	92.4	5.0	GABRB3	90.1	2.0
GABRB3	sonnet_dual_triage	4	473	232	1	1	1	1	1	1	0	1	1	81.6	97.3	5.0	GABRB2	90.5	2.0
GABRD	sonnet_dual_triage	4	452	238	1	1	1	1	0	1	0	1	1		92.0	5.0	GABRP	47.1	1.0
GABRE	sonnet_dual_triage	4	506	270	1	1	1	0	0	1	1	0	1			5.0	GABRG3	50.4	
GABRG1	sonnet_dual_triage	4	465	249	1	1	1	1	1	1	0	0	1	92.5	95.3	5.0	GABRG2	79.5	
GABRG2	sonnet_dual_triage	4	475	247	1	1	1	1	1	1	0	0	1	99.8	98.9	5.0	GABRG1	79.5	
GABRG3	sonnet_dual_triage	4	467	250	1	1	1	1	1	1	1	0	1	99.4	95.9	6.0	GABRG2	73.2	
GABRP	sonnet_dual_triage	4	440	233	1	1	1	1	1	1	0	1	1	99.1	92.7	5.0	GABRB3	47.6	2.0
GABRQ	sonnet_dual_triage	4	632	259	1	1	1	1	1	1	0	1	1	95.4	77.7	5.0	GABRB1	46.3	1.0
GABRR1	sonnet_dual_triage	4	479	273	1	1	1	1	0	1	0	1	1		93.7	5.0	GABRR2	74.0	1.0
GABRR2	sonnet_dual_triage	4	465	254	1	1	1	1	1	1	0	1	1	98.7	90.1	5.0	GABRR1	73.3	1.0
GABRR3	sonnet_dual_triage	4	467	256	1	1	1	1	1	1	0	1	1	97.2	83.7	5.0	GABRR1	63.7	1.0
GALR1	sonnet_dual_triage	7	349	92	0	1	0	1	1	0	0	0	0	93.7	91.7		CCKBR	27.8	
GALR2	sonnet_dual_triage	7	387	80	0	1	0	1	1	0	0	0	0	95.3	81.4		CXCR3	23.2	
GALR3	sonnet_dual_triage	7	368	71	0	1	0	1	0	0	0	0	0		90.5		CCKBR	18.5	
GAPT	sonnet_dual_triage	1	157	11	0	1	0	1	1	0	0	0	0	93.0	54.8				
GARS1	sonnet_dual_triage	0	739	0	0	0	0	1	1	1	0	0	0	51.8	91.3	2.0			
GAS1	sonnet_dual_triage	0	345	306	1	1	1	1	0	0	0	1	0		84.1				3.0
GBA1	sonnet_dual_triage	0	536	497	1	1	1	1	1	0	0	0	0	96.6	83.2				
GBA2	sonnet_dual_triage	0	927	0	0	0	0	1	1	0	0	0	0	97.3	86.7				
GC	sonnet_dual_triage	0	474	458	1	1	1	1	1	0	0	0	0	93.7	77.8		ALB	21.8	
GCGR	sonnet_dual_triage	7	477	159	1	1	0	1	0	0	0	0	0		81.8		ADGRG4	2.4	
GCSAM	sonnet_dual_triage	0	178	0	0	0	0	1	1	0	0	0	0	91.6	55.6				
GDAP2	sonnet_dual_triage	0	497	0	0	0	0	1	1	0	0	0	0	97.0	94.8				
GDE1	sonnet_dual_triage	0	331	0	0	0	0	1	1	0	0	0	0	99.1	87.3				
GDPD5	sonnet_dual_triage	6	605	322	0	0	0	1	1	0	1	1	1	98.2	90.6		GDPD2	47.5	1.0
GFOD1	sonnet_dual_triage	0	390	0	0	0	0	1	1	1	0	0	0	100.0	98.2	2.0			
GFOD2	sonnet_dual_triage	0	385	0	0	0	0	1	0	1	0	0	0		95.6	2.0			
GFRA1	sonnet_dual_triage	0	465	442	1	1	1	1	1	0	0	1	1	98.5	93.3		GFRA2	50.1	3.0
GFRA2	sonnet_dual_triage	0	464	443	1	1	1	1	1	0	0	1	1	99.8	93.8		GFRA1	50.3	2.0
GFRA3	sonnet_dual_triage	0	400	369	1	1	1	1	1	0	0	1	0	79.2	76.0		GFRA1	32.4	3.0
GFRA4	sonnet_dual_triage	0	299	279	1	1	1	1	1	0	0	1	0	93.3	65.8		GFRA1	23.1	1.0
GFRAL	sonnet_dual_triage	1	394	337	1	1	0	1	0	0	0	1	0		70.1		GFRA3	24.7	2.0
GGT1	sonnet_dual_triage	1	569	544	0	0	1	0	0	0	1	1	1				GGTLC1	39.7	1.0
GGT5	sonnet_dual_triage	1	586	557	0	0	1	1	1	0	0	0	1	93.5	78.2		GGT1	40.6	
GGT6	sonnet_dual_triage	1	493	418	0	0	1	1	1	0	0	0	0	94.4	69.7		GGT7	25.0	
GGT7	sonnet_dual_triage	1	662	535	0	0	1	1	1	0	1	1	0	98.2	96.2		GGTLC1	12.7	2.0
GGTLC2	sonnet_dual_triage	0	218	218	0	1	1	0	0	0	0	0	0						
GHDC	sonnet_dual_triage	0	530	0	0	0	0	1	1	0	0	0	0	94.7	73.6				
GHR	sonnet_dual_triage	1	638	248	1	1	0	1	1	0	0	1	0	94.8	69.6		LEPR	9.5	1.0
GHRHR	sonnet_dual_triage	7	423	145	1	1	0	1	1	0	0	1	0	95.3	81.6		ADGRG4	2.4	1.0
GHSR	sonnet_dual_triage	7	366	107	0	1	0	1	1	0	1	0	0	98.4	95.4		MLNR	28.8	
GINM1	sonnet_dual_triage	1	330	239	1	1	0	1	1	1	0	1	0	89.7	72.7	2.0			1.0
GIPR	sonnet_dual_triage	7	466	158	1	1	0	1	1	0	0	0	1	97.0	78.8		ADGRG4	2.0	
GJA10	sonnet_dual_triage	4	543	55	0	0	0	1	1	1	0	0	1	86.7	73.5	7.0	GJA8	70.2	
GJA3	sonnet_dual_triage	4	435	57	0	0	0	1	0	1	0	0	1		71.7	7.0	GJA8	84.2	
GJA8	sonnet_dual_triage	4	433	57	0	0	0	1	1	1	0	0	1	95.6	88.7	7.0	GJA3	84.2	
GJA9	sonnet_dual_triage	4	515	58	0	0	0	0	1	1	0	0	1	96.9		10.0	GJA3	72.4	
GJB1	sonnet_dual_triage	4	283	61	0	0	0	1	1	1	0	0	1	100.0	98.6	7.0	GJB2	73.8	
GJB2	sonnet_dual_triage	4	226	60	0	0	0	1	1	0	0	0	1	98.2	92.9		GJA8	73.3	
GJB4	sonnet_dual_triage	4	266	65	0	0	0	1	1	1	0	0	1	96.2	86.5	6.0	GJB3	70.8	
GJB6	sonnet_dual_triage	4	261	63	0	0	0	1	1	1	0	0	1	97.3	95.4	6.0	GJB2	73.0	
GJB7	sonnet_dual_triage	4	223	63	0	0	0	0	0	1	0	0	1			6.0	GJB2	66.7	
GJC2	sonnet_dual_triage	4	439	55	0	0	0	1	0	1	0	0	1		85.0	6.0	GJC1	73.7	
GJD3	sonnet_dual_triage	4	294	59	0	0	0	1	0	1	0	0	1		81.3	6.0	GJB2	63.3	
GJD4	sonnet_dual_triage	4	370	60	0	0	0	1	1	1	0	0	1	84.3	50.3	6.0	GJB6	60.3	
GJE1	sonnet_dual_triage	4	205	63	0	0	0	1	1	1	0	0	0	89.8	82.0	5.0	GJC3	28.8	
GKN1	sonnet_dual_triage	0	185	165	1	1	1	1	1	0	0	0	0	88.6	63.8		GKN2	28.5	
GLDN	sonnet_dual_triage	0	551	494	1	1	1	1	1	0	0	1	0	96.7	86.4		OLFM2	24.7	1.0
GLG1	sonnet_dual_triage	1	1179	1118	1	1	0	1	1	0	0	0	0	99.6	95.9				
GLIPR1	sonnet_dual_triage	1	266	214	1	1	0	1	1	0	1	1	1	88.3	68.8		CRISPLD1	19.7	1.0
GLIPR1L1	sonnet_dual_triage	0	242	219	1	1	1	0	1	0	0	0	1	86.4			GLIPR1	43.8	
GLIPR1L2	sonnet_dual_triage	1	344	211	1	1	0	1	0	0	1	0	1		59.6		GLIPR1	42.5	
GLMP	sonnet_dual_triage	1	406	333	1	1	0	1	0	0	0	0	0		78.3				
GLP1R	sonnet_dual_triage	7	463	163	1	1	0	1	1	0	0	0	0	95.2	92.0		ADGRG4	2.5	
GLP2R	sonnet_dual_triage	7	553	229	0	1	0	1	1	0	0	0	0	96.7	75.0		ADGRG4	3.6	
GLRA1	sonnet_dual_triage	4	457	249	1	1	1	1	1	1	0	1	1	99.8	98.9	5.0	GLRA3	88.8	1.0
GLRA2	sonnet_dual_triage	4	452	251	1	1	1	1	1	1	0	1	1	99.8	98.7	5.0	GLRA3	86.9	1.0
GLRA3	sonnet_dual_triage	4	464	251	1	1	1	1	1	1	0	1	1	100.0	98.9	5.0	GLRA1	88.8	1.0
GLRB	sonnet_dual_triage	4	497	259	1	1	1	1	1	1	1	1	1	99.8	96.8	5.0	GLRA3	57.9	2.0
GMFB	sonnet_dual_triage	0	142	0	0	0	0	1	1	0	0	0	0	100.0	97.9				
GMFG	sonnet_dual_triage	0	142	0	0	0	0	1	0	0	0	0	0		93.7				
GML	sonnet_dual_triage	0	158	141	1	1	1	0	0	0	0	1	0				LY6K	27.0	3.0
GNRHR	sonnet_dual_triage	7	328	90	0	1	0	1	1	0	1	0	0	97.6	89.3		GALR3	20.0	
GOLGA7B	sonnet_dual_triage	0	167	0	0	0	0	1	1	0	0	0	0	80.8	83.8				
GOLM1	sonnet_dual_triage	1	401	367	0	0	1	1	1	1	0	0	0	82.3	63.6	2.0	GOLM2	26.1	
GOT2	sonnet_dual_triage	0	430	0	0	0	0	1	1	1	0	0	0	98.4	94.7	2.0			
GP1BA	sonnet_dual_triage	1	652	516	1	1	0	1	0	0	0	1	0		61.5		LRRC19	16.5	1.0
GP1BB	sonnet_dual_triage	1	206	124	1	1	0	1	0	0	0	1	1		87.4		GP9	41.7	1.0
GP2	sonnet_dual_triage	0	537	509	1	1	1	1	1	0	0	1	1	93.1	61.4		UMOD	43.6	4.0
GP5	sonnet_dual_triage	1	560	507	1	1	0	1	0	0	0	1	0		70.5		LRRC55	20.9	1.0
GP6	sonnet_dual_triage	1	339	249	1	1	0	1	1	0	0	1	1	78.5	62.2		LILRB1	26.0	2.0
GP9	sonnet_dual_triage	1	177	132	1	1	0	1	0	0	0	0	1		71.2		GP1BB	40.2	
GPA33	sonnet_dual_triage	1	319	215	1	1	0	1	1	1	0	1	0	87.8	63.6	2.0	CLMP	34.9	3.0
GPBAR1	sonnet_dual_triage	7	330	64	0	1	0	1	0	0	0	0	0		83.3				
GPC1	sonnet_dual_triage	0	558	535	1	1	1	1	1	0	0	1	1	97.0	88.5		GPC6	47.5	2.0
GPC2	sonnet_dual_triage	0	579	553	1	1	1	1	1	0	0	1	1	97.1	82.2		GPC6	42.5	1.0
GPC3	sonnet_dual_triage	0	580	556	1	1	1	1	1	0	0	1	1	99.1	94.0		GPC5	42.6	2.0
GPC4	sonnet_dual_triage	0	556	534	1	1	1	1	1	0	0	1	1	99.1	94.8		GPC6	65.5	3.0
GPC5	sonnet_dual_triage	0	572	548	1	1	1	1	1	0	0	1	1	96.7	85.7		GPC3	42.6	4.0
GPC6	sonnet_dual_triage	0	555	532	1	1	1	1	1	0	0	1	1	99.1	96.8		GPC4	65.4	2.0
GPER1	sonnet_dual_triage	7	375	113	0	1	0	1	1	0	0	0	0	98.1	86.9		ACKR5	23.0	
GPHB5	sonnet_dual_triage	0	130	106	1	1	1	1	1	1	0	0	0	96.2	86.9	2.0	FSHB	34.2	
GPI	sonnet_dual_triage	0	558	0	0	0	0	1	0	1	0	0	0		88.9	2.0			
GPIHBP1	sonnet_dual_triage	0	184	164	1	1	1	0	0	0	0	1	0				PSCA	22.0	2.0
GPLD1	sonnet_dual_triage	0	840	817	1	1	1	1	1	0	0	0	0	94.8	79.3				
GPM6A	sonnet_dual_triage	4	278	91	0	0	0	1	1	1	0	0	0	79.1	98.9	2.0	GPM6B	36.8	
GPM6B	sonnet_dual_triage	4	265	95	0	0	0	1	1	1	0	0	1	95.7	98.2	2.0	PLP1	47.4	
GPNMB	sonnet_dual_triage	1	572	478	1	1	0	1	1	0	0	1	0	96.1	71.6		PMEL	28.0	1.0
GPR101	sonnet_dual_triage	7	508	77	0	1	0	1	1	0	0	0	0	95.9	71.1		ADRA1D	15.6	
GPR119	sonnet_dual_triage	7	335	54	0	1	0	1	1	0	0	0	0	96.1	82.1		S1PR1	12.7	
GPR12	sonnet_dual_triage	7	334	85	0	1	0	1	1	0	0	0	0	65.9	93.7		GPR6	31.2	
GPR132	sonnet_dual_triage	7	380	91	0	1	0	0	0	0	1	0	0				GPR174	18.7	
GPR135	sonnet_dual_triage	7	494	165	0	1	0	1	0	0	0	0	0		76.9		GPR62	15.8	
GPR137	sonnet_dual_triage	7	417	88	0	1	0	1	1	0	0	0	0	88.1	95.2		GPR137B	35.8	
GPR137C	sonnet_dual_triage	7	429	120	0	1	0	1	1	0	0	0	0	98.8	90.9		GPR137B	28.3	
GPR139	sonnet_dual_triage	7	353	77	0	1	0	1	1	0	0	0	0	100.0	94.1		GPR142	14.6	
GPR141	sonnet_dual_triage	7	305	78	0	1	0	1	1	0	0	0	0	94.4	81.0		GPR174	25.6	
GPR142	sonnet_dual_triage	7	462	205	0	1	0	1	1	0	0	0	0	88.0	67.9		GPR139	13.7	
GPR143	sonnet_dual_triage	7	404	88	0	1	0	1	1	0	0	0	0	96.5	78.5				
GPR146	sonnet_dual_triage	7	333	83	0	1	0	1	1	1	0	0	0	96.4	74.2	2.0	P2RY11	21.5	
GPR148	sonnet_dual_triage	7	347	101	0	1	0	0	1	0	0	0	0	93.4			GPR37	9.2	
GPR149	sonnet_dual_triage	7	731	79	0	1	0	1	1	0	0	0	0	96.4	79.2		OPRM1	22.3	
GPR15	sonnet_dual_triage	7	360	83	0	1	0	1	1	0	0	0	0	97.5	76.4		GPR25	21.6	
GPR150	sonnet_dual_triage	7	434	129	0	1	0	0	0	0	0	0	0				AVPR1B	20.2	
GPR151	sonnet_dual_triage	7	419	99	0	1	0	1	1	0	0	0	0	96.9	77.3		P2RY11	21.5	
GPR152	sonnet_dual_triage	7	470	85	0	1	0	1	0	0	0	0	0		77.2		MRGPRF	29.4	
GPR153	sonnet_dual_triage	7	609	68	0	1	0	1	1	0	0	0	1	87.0	87.8		GPR162	54.3	
GPR156	sonnet_dual_triage	7	814	110	0	1	0	1	1	0	0	0	0	93.5	70.0		GABBR1	5.3	
GPR157	sonnet_dual_triage	7	335	60	0	1	0	1	1	0	0	0	0	93.7	85.1		TMEM116	18.3	
GPR158	sonnet_dual_triage	7	1215	439	1	1	0	1	1	0	0	0	0	96.8	86.2		GPR179	39.0	
GPR15LG	sonnet_dual_triage	0	81	57	1	1	1	1	1	0	0	0	0	87.7	54.3				
GPR160	sonnet_dual_triage	7	338	76	0	1	0	1	1	0	0	0	0	96.4	66.0				
GPR161	sonnet_dual_triage	7	529	80	0	1	0	1	1	0	1	0	0	98.3	92.8		HRH4	23.8	
GPR162	sonnet_dual_triage	7	588	70	0	1	0	1	1	0	1	0	1	99.0	95.9		GPR153	50.0	
GPR17	sonnet_dual_triage	7	367	118	0	1	0	1	1	0	0	0	0	97.3	90.3		F2RL3	32.2	
GPR171	sonnet_dual_triage	7	319	77	0	1	0	1	1	0	0	1	0	99.4	89.7		P2RY12	35.2	1.0
GPR173	sonnet_dual_triage	7	373	79	0	1	0	1	1	0	0	0	1	100.0	99.5		GPR85	52.5	
GPR174	sonnet_dual_triage	7	333	68	0	1	0	1	1	0	0	0	0	98.5	88.3		GPR132	20.9	
GPR176	sonnet_dual_triage	7	515	96	0	1	0	1	1	0	0	0	0	98.6	90.3		GPR135	17.0	
GPR179	sonnet_dual_triage	7	2367	401	1	1	0	1	1	0	0	1	0	92.7	65.1		GPR158	39.6	1.0
GPR18	sonnet_dual_triage	7	331	68	0	1	0	1	1	0	0	0	0	97.9	85.8		F2R	13.7	
GPR180	sonnet_dual_triage	7	440	191	1	1	0	1	1	0	0	0	0	96.4	86.8		TMEM145	27.7	
GPR183	sonnet_dual_triage	7	361	90	0	1	0	1	1	0	0	0	0	99.4	87.0		GPR174	26.7	
GPR19	sonnet_dual_triage	7	415	118	0	1	0	1	1	0	0	0	0	96.9	89.2		OR11A1	20.3	
GPR20	sonnet_dual_triage	7	358	84	0	1	0	1	1	0	0	0	0	90.5	82.7		LPAR6	19.0	
GPR21	sonnet_dual_triage	7	349	74	0	1	0	1	0	0	0	0	1		91.1		GPR52	48.2	
GPR22	sonnet_dual_triage	7	433	96	0	1	0	1	1	0	0	0	0	100.0	96.8		GPR150	21.7	
GPR25	sonnet_dual_triage	7	361	97	0	1	0	1	0	0	0	0	0		74.8		AGTR1	26.8	
GPR26	sonnet_dual_triage	7	337	51	0	1	0	1	1	0	0	0	0	98.5	95.3		GPR78	27.4	
GPR27	sonnet_dual_triage	7	375	75	0	1	0	1	1	0	0	0	0	99.7	97.1		GPR173	34.2	
GPR3	sonnet_dual_triage	7	330	78	0	1	0	1	1	0	0	0	0	99.4	93.6		GPR6	24.1	
GPR31	sonnet_dual_triage	7	319	66	0	1	0	1	0	0	0	1	0		61.1		P2RY1	11.8	1.0
GPR32	sonnet_dual_triage	7	356	110	0	1	0	0	1	0	0	0	0	88.5			C3AR1	10.3	
GPR33	sonnet_dual_triage	7	333	96	0	1	0	1	1	0	0	0	0	95.2	72.1		CMKLR1	26.7	
GPR34	sonnet_dual_triage	7	381	110	0	1	0	1	1	0	0	0	0	98.7	89.8		PTAFR	20.0	
GPR35	sonnet_dual_triage	7	309	62	0	1	0	1	0	0	0	0	0		72.5		GPR55	24.3	
GPR37	sonnet_dual_triage	7	613	306	1	1	0	1	1	0	0	0	0	97.1	81.2		GPR37L1	24.2	
GPR37L1	sonnet_dual_triage	7	481	175	1	1	0	1	1	0	0	0	0	98.8	90.9		GPR37	23.9	
GPR39	sonnet_dual_triage	7	453	117	0	1	0	1	1	0	0	0	0	61.4	81.7		NTSR2	25.6	
GPR4	sonnet_dual_triage	7	362	73	0	1	0	1	0	0	0	0	0		92.3		LPAR4	23.3	
GPR42	sonnet_dual_triage	7	346	65	0	1	0	0	0	0	0	0	1				FFAR3	98.5	
GPR45	sonnet_dual_triage	7	372	89	0	1	0	1	1	0	0	0	0	98.7	89.0		GPR63	26.8	
GPR50	sonnet_dual_triage	7	617	84	0	1	0	1	1	0	0	0	0	95.6	70.5		MTNR1A	34.5	
GPR52	sonnet_dual_triage	7	361	85	0	1	0	1	0	0	0	0	1		95.6		GPR21	47.1	
GPR55	sonnet_dual_triage	7	319	74	0	1	0	1	1	1	0	0	0	96.9	77.1	2.0	GPR35	27.0	
GPR6	sonnet_dual_triage	7	362	112	0	1	0	1	1	0	0	0	0	98.3	93.9		GPR12	29.5	
GPR61	sonnet_dual_triage	7	451	102	0	1	0	1	0	0	0	0	0		96.0		GPR135	20.0	
GPR62	sonnet_dual_triage	7	368	71	0	1	0	1	0	0	0	0	0		79.1		GPR135	14.5	
GPR63	sonnet_dual_triage	7	419	142	0	1	0	1	1	0	0	0	0	98.8	92.4		GPR45	30.3	
GPR65	sonnet_dual_triage	7	337	73	0	1	0	1	1	0	0	0	0	96.1	78.6		GPR4	30.1	
GPR68	sonnet_dual_triage	7	365	74	0	1	0	1	1	0	0	0	0	87.1	92.1		LPAR5	26.7	
GPR75	sonnet_dual_triage	7	540	89	0	1	0	1	1	0	0	0	0	99.1	88.0		OR9G1	35.7	
GPR78	sonnet_dual_triage	7	363	62	0	1	0	0	1	0	0	0	0	90.1			GPR26	38.7	
GPR82	sonnet_dual_triage	7	336	74	0	1	0	1	1	0	0	0	0	98.5	80.4		FFAR2	20.3	
GPR83	sonnet_dual_triage	7	423	113	1	1	0	1	0	0	0	0	0		89.4		TACR3	22.3	
GPR84	sonnet_dual_triage	7	396	66	0	1	0	0	1	0	0	0	0	95.2			TAAR2	21.4	
GPR85	sonnet_dual_triage	7	370	80	0	1	0	1	1	0	0	0	1	99.7	100.0		GPR173	55.0	
GPR87	sonnet_dual_triage	7	358	105	0	1	0	1	1	0	0	0	0	98.6	91.3		P2RY12	30.5	
GPR88	sonnet_dual_triage	7	384	79	0	1	0	1	0	0	0	0	0		95.6		OR11H12	19.6	
GPRC5A	sonnet_dual_triage	7	357	73	0	1	0	1	1	0	0	0	0	88.5	75.4		GPRC5C	32.2	
GPRC5B	sonnet_dual_triage	7	403	77	1	1	0	1	1	0	0	0	0	99.5	84.1		GPRC5C	31.1	
GPRC5C	sonnet_dual_triage	7	441	90	1	1	0	1	1	0	0	0	0	95.2	88.0		GPRC5B	31.1	
GPRC5D	sonnet_dual_triage	7	345	70	0	1	0	1	1	0	0	1	0	83.2	81.2		GPRC5A	32.9	1.0
GPRC6A	sonnet_dual_triage	7	926	617	1	1	0	1	1	1	0	1	0	96.2	80.1	2.0	CASR	31.8	1.0
GPX5	sonnet_dual_triage	0	221	198	1	1	1	0	0	1	0	0	1			2.0	GPX3	70.8	
GREM1	sonnet_dual_triage	0	184	160	1	1	1	1	1	0	0	0	1	100.0	97.8		GREM2	56.9	
GREP1	sonnet_dual_triage	0	536	515	1	1	1	0	1	0	0	0	0	80.2					
GRIA1	sonnet_dual_triage	3	906	687	1	1	0	1	1	1	0	1	1	97.6	97.9	2.0	GRIA2	70.2	4.0
GRIA2	sonnet_dual_triage	3	883	688	1	1	0	1	1	1	0	1	1	99.9	99.8	2.0	GRIA4	71.1	4.0
GRIA3	sonnet_dual_triage	3	894	693	1	1	0	1	1	1	0	1	1	98.9	98.9	2.0	GRIA4	73.3	4.0
GRIA4	sonnet_dual_triage	3	902	692	1	1	0	1	1	1	1	1	1	95.2	98.6	2.0	GRIA3	73.3	2.0
GRID1	sonnet_dual_triage	3	1009	713	1	1	0	1	1	0	0	1	1	99.7	98.4		GRID2	60.4	3.0
GRID2	sonnet_dual_triage	3	1007	715	1	1	0	1	1	1	0	1	1	99.7	97.6	2.0	GRID1	60.6	4.0
GRIK1	sonnet_dual_triage	3	918	703	1	1	0	1	1	1	0	1	1	99.9	96.0	2.0	GRIK2	79.7	2.0
GRIK2	sonnet_dual_triage	3	908	691	1	1	0	1	1	1	1	1	1	100.0	99.0	2.0	GRIK1	79.7	4.0
GRIK3	sonnet_dual_triage	3	919	692	1	1	0	1	1	1	0	1	1	99.8	99.0	2.0	GRIK2	80.5	4.0
GRIK4	sonnet_dual_triage	3	956	685	1	1	0	1	1	1	0	1	1	86.4	97.9	2.0	GRIK5	73.6	3.0
GRIK5	sonnet_dual_triage	3	980	689	1	1	0	1	1	1	0	1	1	94.8	98.9	2.0	GRIK4	73.4	1.0
GRIN1	sonnet_dual_triage	3	938	701	1	1	0	1	1	0	0	1	0	85.5	99.0		GRIN3A	26.4	2.0
GRIN2A	sonnet_dual_triage	3	1464	698	1	1	0	1	1	0	0	1	1	85.1	95.3		GRIN2B	68.7	4.0
GRIN2B	sonnet_dual_triage	3	1484	699	1	1	0	1	1	0	0	1	1	99.9	98.5		GRIN2A	68.7	4.0
GRIN2C	sonnet_dual_triage	3	1233	704	1	1	0	1	1	0	0	1	1	76.2	88.9		GRIN2D	60.3	3.0
GRIN2D	sonnet_dual_triage	3	1336	728	1	1	0	1	1	0	0	1	1	83.8	96.6		GRIN2C	60.7	2.0
GRIN3A	sonnet_dual_triage	3	1115	819	1	1	0	1	1	0	0	1	1	97.8	93.4		GRIN3B	49.7	5.0
GRIN3B	sonnet_dual_triage	3	1043	726	1	1	0	1	0	0	0	1	1		76.1		GRIN3A	49.5	4.0
GRINA	sonnet_dual_triage	7	371	29	0	0	1	1	1	0	0	0	0	98.9	87.6		TMBIM1	37.5	
GRM1	sonnet_dual_triage	7	1194	597	1	1	0	1	0	0	0	1	1		94.4		GRM5	71.2	2.0
GRM2	sonnet_dual_triage	7	872	592	1	1	0	1	1	1	0	1	1	99.3	97.5	2.0	GRM3	67.4	2.0
GRM3	sonnet_dual_triage	7	879	592	1	1	0	1	1	1	1	1	1	99.5	96.7	2.0	GRM2	67.2	1.0
GRM4	sonnet_dual_triage	7	912	606	1	1	0	1	1	1	0	1	1	99.8	97.1	2.0	GRM8	74.1	2.0
GRM5	sonnet_dual_triage	7	1212	593	1	1	0	1	1	0	0	1	1	99.2	95.4		GRM1	71.2	1.0
GRM6	sonnet_dual_triage	7	877	607	1	1	0	1	1	1	0	1	1	87.0	93.3	2.0	GRM8	69.7	1.0
GRM7	sonnet_dual_triage	7	915	607	1	1	0	1	1	1	0	1	1	98.0	97.8	2.0	GRM8	73.1	1.0
GRM8	sonnet_dual_triage	7	908	601	1	1	0	1	1	1	1	1	1	98.0	98.5	2.0	GRM4	74.1	2.0
GRN	sonnet_dual_triage	0	593	576	1	1	1	1	1	0	0	0	0	93.6	74.9				
GRPR	sonnet_dual_triage	7	384	100	0	1	0	1	1	0	0	0	1	99.0	90.1		BRS3	40.0	
GSDMA	sonnet_dual_triage	0	445	0	0	0	0	0	1	0	0	0	0	96.6					
GSDMB	sonnet_dual_triage	0	416	0	0	0	0	0	0	0	0	0	0						
GSDMC	sonnet_dual_triage	0	508	0	0	0	0	0	1	0	0	0	0	92.1					
GSDMD	sonnet_dual_triage	0	484	0	0	0	0	1	1	0	0	0	0	87.4	57.2				
GSDME	sonnet_dual_triage	0	496	0	0	0	0	1	1	1	0	0	0	94.8	71.6	2.0			
GSG1	sonnet_dual_triage	4	349	141	0	0	0	1	0	1	1	1	1		67.1	2.0	GSG1L	47.5	1.0
GSG1L	sonnet_dual_triage	4	331	126	0	0	0	1	1	0	1	0	1	87.9	88.8		GSG1L2	47.6	
GSG1L2	sonnet_dual_triage	4	293	115	0	0	0	1	1	1	0	0	1	92.8	67.9	2.0	GSG1L	48.4	
GSN	sonnet_dual_triage	1	782	1	1	1	0	1	1	0	1	0	1	99.5	94.8				
GUCA2A	sonnet_dual_triage	0	115	96	1	1	1	1	1	1	0	0	0	82.6	67.0	2.0	GUCA2B	36.5	
GUCY2C	sonnet_dual_triage	1	1073	413	1	1	0	1	1	0	0	1	0	97.6	81.9		ADCY6	23.7	2.0
GUCY2D	sonnet_dual_triage	1	1103	412	1	1	0	1	1	0	0	0	0	87.4	85.4		ADCY1	25.0	
GUCY2F	sonnet_dual_triage	1	1108	417	1	1	0	1	1	0	0	0	0	97.4	89.9		ADCY8	22.5	
GUSB	sonnet_dual_triage	0	651	629	1	1	1	1	0	1	0	0	0		74.3	2.0	MANBA	17.2	
GYPA	sonnet_dual_triage	1	150	74	1	1	0	0	0	0	0	0	1				GYPB	45.9	
GYPB	sonnet_dual_triage	1	91	41	1	1	0	0	0	0	0	0	1				GYPA	44.6	
GYPC	sonnet_dual_triage	1	128	60	0	1	0	1	0	0	0	0	0		53.1				
GYPE	sonnet_dual_triage	1	78	38	1	1	0	0	0	0	0	0	1				GYPB	65.9	
H2BC12	sonnet_dual_triage	0	126	0	0	0	0	0	0	0	0	0	0						
H2BC12L	sonnet_dual_triage	0	126	0	0	0	0	0	0	0	0	0	0						
H2BC26	sonnet_dual_triage	0	126	0	0	0	0	1	1	0	0	0	0	100.0	100.0				
H2BC4	sonnet_dual_triage	0	126	0	0	0	0	0	0	0	0	0	0						
H4C3	sonnet_dual_triage	0	103	0	0	0	0	0	0	0	0	0	0						
HABP2	sonnet_dual_triage	0	560	537	1	1	1	1	1	0	0	0	0	97.3	77.9		GZMK	19.6	
HAPLN1	sonnet_dual_triage	0	354	339	1	1	1	1	1	1	0	0	1	97.7	96.3	2.0	HAPLN3	51.9	
HAPLN3	sonnet_dual_triage	0	360	343	1	1	1	1	1	0	0	0	1	92.8	80.6		HAPLN1	51.9	
HAPLN4	sonnet_dual_triage	0	402	373	1	1	1	1	1	1	0	0	1	96.5	90.8	2.0	HAPLN1	46.1	
HARBI1	sonnet_dual_triage	0	349	0	0	0	0	1	1	0	0	0	0	64.5	90.0				
HARS1	sonnet_dual_triage	0	509	0	0	0	0	1	1	1	0	0	0	93.5	94.9	2.0			
HAS3	sonnet_dual_triage	8	553	30	0	0	0	1	1	0	1	0	1	99.5	97.1		HAS2	60.0	
HAVCR1	sonnet_dual_triage	1	364	275	1	1	0	0	1	0	0	0	0	77.7			TIMD4	37.9	
HAVCR2	sonnet_dual_triage	1	301	181	1	1	0	1	1	0	1	1	0	85.7	60.8		TIMD4	24.8	1.0
HBEGF	sonnet_dual_triage	1	208	138	1	1	0	1	1	0	0	0	0	87.0	80.8		EPGN	24.6	
HCAR1	sonnet_dual_triage	7	346	69	0	1	0	1	1	0	0	0	0	95.7	79.8		HCAR3	32.9	
HCAR2	sonnet_dual_triage	7	363	81	0	1	0	0	0	0	0	0	1				HCAR3	85.9	
HCAR3	sonnet_dual_triage	7	387	85	0	1	0	0	0	1	0	1	1			2.0	HCAR2	89.4	1.0
HCN1	sonnet_dual_triage	6	890	90	0	0	0	1	1	1	0	0	1	97.9	95.2	4.0	HCN4	84.4	
HCN2	sonnet_dual_triage	6	889	90	0	0	0	1	0	1	0	0	1		91.8	4.0	HCN4	83.3	
HCN3	sonnet_dual_triage	6	774	89	0	0	0	1	1	0	0	0	1	97.8	95.1		HCN4	83.1	
HCN4	sonnet_dual_triage	6	1203	87	0	0	0	1	1	0	0	0	1	96.3	95.1		HCN3	83.1	
HCRTR1	sonnet_dual_triage	7	425	96	0	1	0	1	1	0	0	0	1	97.6	91.8		HCRTR2	57.1	
HCRTR2	sonnet_dual_triage	7	444	98	0	1	0	1	0	0	0	1	1		94.4		HCRTR1	53.1	1.0
HCST	sonnet_dual_triage	1	93	30	1	1	0	1	1	0	0	0	0	96.8	66.7				
HDAC3	sonnet_dual_triage	0	428	0	0	0	0	1	1	0	0	0	0	100.0	99.8				
HEG1	sonnet_dual_triage	1	1381	1219	1	1	0	1	1	0	1	1	0	86.6	61.2				2.0
HEPACAM	sonnet_dual_triage	1	416	207	1	1	0	1	1	0	0	1	0	90.4	94.7		HEPACAM2	21.3	2.0
HEPACAM2	sonnet_dual_triage	1	462	319	1	1	0	1	1	1	0	1	0	79.0	85.5	2.0	CEACAM3	17.6	3.0
HEPH	sonnet_dual_triage	1	1158	1087	1	1	0	1	1	0	0	1	1	97.1	85.8		HEPHL1	52.3	2.0
HEPHL1	sonnet_dual_triage	1	1159	1089	1	1	0	1	1	0	0	1	1	97.6	87.3		HEPH	52.3	1.0
HEXD	sonnet_dual_triage	1	486	393	0	0	1	1	1	1	1	0	0	93.4	78.8	2.0			
HFE	sonnet_dual_triage	1	348	286	1	1	0	1	1	0	1	1	1	94.3	68.4		HLA-A	40.2	2.0
HGSNAT	sonnet_dual_triage	11	663	271	1	1	0	1	0	0	0	0	0		80.6				
HHIP	sonnet_dual_triage	0	700	677	1	1	1	1	1	0	0	0	0	96.4	94.3		HHIPL1	29.2	
HHIPL2	sonnet_dual_triage	0	724	683	1	1	1	1	1	0	0	0	1	96.7	81.8		HHIPL1	51.6	
HHLA1	sonnet_dual_triage	0	531	502	1	1	1	1	1	0	0	0	0	92.1	60.3				
HHLA2	sonnet_dual_triage	1	414	323	1	1	0	0	1	0	0	1	0	82.4			VTCN1	24.5	1.0
HILPDA	sonnet_dual_triage	0	63	31	1	1	1	1	0	0	0	0	0		77.8				
HJV	sonnet_dual_triage	0	426	391	1	1	1	1	1	0	0	1	1	98.4	87.1		RGMA	50.4	3.0
HLA-B	sonnet_dual_triage	1	362	286	1	1	0	0	0	1	0	0	1			2.0	HLA-C	88.1	
HLA-C	sonnet_dual_triage	1	366	283	1	1	0	0	0	1	1	0	1			2.0	HLA-B	87.4	
HLA-DOB	sonnet_dual_triage	1	273	202	1	1	0	1	1	0	0	1	1	96.0	74.7		HLA-DQB1	61.4	1.0
HLA-DPA1	sonnet_dual_triage	1	260	192	1	1	0	0	0	0	0	1	1				HLA-DRA	63.5	2.0
HLA-DPB1	sonnet_dual_triage	1	258	196	1	1	0	0	0	1	0	1	1			2.0	HLA-DRB1	69.2	1.0
HLA-DQA1	sonnet_dual_triage	1	254	194	1	1	0	0	1	0	0	0	1	72.5			HLA-DQA2	85.1	
HLA-DQA2	sonnet_dual_triage	1	255	195	1	1	0	0	0	0	0	1	1				HLA-DQA1	85.1	1.0
HLA-DQB1	sonnet_dual_triage	1	261	198	1	1	0	0	0	1	0	1	1			2.0	HLA-DQB2	81.3	1.0
HLA-DQB2	sonnet_dual_triage	1	268	197	1	1	0	1	0	1	1	1	1		72.3	2.0	HLA-DQB1	81.3	2.0
HLA-DRA	sonnet_dual_triage	1	254	192	1	1	0	1	1	0	0	1	1	95.3	68.1		HLA-DPA1	63.5	1.0
HLA-DRB1	sonnet_dual_triage	1	266	198	1	1	0	0	0	1	0	0	1			2.0	HLA-DRB5	88.9	
HLA-DRB3	sonnet_dual_triage	1	266	198	1	1	0	0	0	1	0	1	0			2.0			1.0
HLA-DRB4	sonnet_dual_triage	1	266	198	1	1	0	0	0	1	0	1	0			2.0			2.0
HLA-DRB5	sonnet_dual_triage	1	266	198	1	1	0	0	1	1	0	1	1	80.1		2.0	HLA-DRB1	88.9	2.0
HLA-E	sonnet_dual_triage	1	358	286	1	1	0	0	0	0	0	1	1				HLA-C	79.4	2.0
HLA-F	sonnet_dual_triage	1	346	283	1	1	0	0	1	0	0	1	1	73.5			HLA-B	79.4	2.0
HLA-G	sonnet_dual_triage	1	338	283	1	1	0	0	0	0	1	1	1				HLA-A	83.7	2.0
HMGB1	sonnet_dual_triage	0	215	0	0	0	0	1	1	0	0	0	0	74.4	99.1				
HMGB2	sonnet_dual_triage	0	209	0	0	0	0	1	0	0	0	0	0		97.1				
HMGB3	sonnet_dual_triage	0	200	0	0	0	0	0	0	0	0	0	0						
HMGN2	sonnet_dual_triage	0	90	0	0	0	0	0	1	0	0	0	0	100.0					
HMMR	sonnet_dual_triage	0	724	0	0	0	0	1	1	1	0	0	0	95.0	74.8	2.0			
HOMER3	sonnet_dual_triage	0	361	0	0	0	0	1	1	1	0	0	0	88.4	89.2	2.0			
HPN	sonnet_dual_triage	1	417	378	0	0	1	1	1	0	0	0	0	99.0	87.8		TMPRSS15	14.9	
HPSE	sonnet_dual_triage	0	543	508	1	1	1	1	1	0	0	0	1	95.4	75.7		HPSE2	43.6	
HPSE2	sonnet_dual_triage	0	592	551	1	1	1	1	1	0	0	0	1	99.8	97.5		HPSE	43.9	
HRCT1	sonnet_dual_triage	1	115	9	0	1	0	1	0	0	0	0	0		52.2				
HRH1	sonnet_dual_triage	7	487	76	0	1	0	1	1	0	0	0	0	95.5	77.6		CHRM1	27.3	
HRH2	sonnet_dual_triage	7	359	71	0	1	0	1	1	0	0	0	0	98.3	82.7		DRD5	21.3	
HRH3	sonnet_dual_triage	7	445	87	0	1	0	1	1	0	0	0	0	86.7	94.2		DRD5	23.8	
HRH4	sonnet_dual_triage	7	390	64	0	1	0	1	1	0	1	0	0	93.6	68.5		CHRM3	17.5	
HS3ST2	sonnet_dual_triage	1	367	330	0	0	1	1	1	0	0	0	1	99.7	95.6		HS3ST3B1	63.0	
HSH2D	sonnet_dual_triage	0	352	0	0	0	0	1	1	0	0	0	0	91.8	52.0				
HSP90AA1	sonnet_dual_triage	0	732	0	0	0	0	1	1	1	0	0	0	100.0	99.2	2.0			
HSP90AB1	sonnet_dual_triage	0	724	0	0	0	0	1	1	1	0	0	0	99.9	99.6	2.0			
HSP90B1	sonnet_dual_triage	1	803	62	1	1	0	1	1	1	0	0	0	97.0	97.3	2.0			
HSPA1A	sonnet_dual_triage	0	641	641	0	1	1	0	0	1	0	0	1			2.0	HSPA1B	100.0	
HSPA1B	sonnet_dual_triage	0	641	641	0	1	1	0	0	1	0	0	1			2.0	HSPA1A	100.0	
HSPA1L	sonnet_dual_triage	0	641	641	0	1	1	1	1	1	0	0	0	98.6	94.7	2.0			
HSPA5	sonnet_dual_triage	0	654	636	1	1	1	1	1	1	0	0	1	100.0	98.6	2.0	HSPA8	63.8	
HSPA8	sonnet_dual_triage	0	646	646	0	1	1	1	0	1	0	0	1		99.8	2.0	HSPA2	86.7	
HSPA9	sonnet_dual_triage	0	679	0	0	0	0	1	1	1	0	0	0	96.8	98.4	2.0			
HSPD1	sonnet_dual_triage	0	573	0	0	0	0	1	0	1	0	0	0		97.6	7.0			
HSPE1	sonnet_dual_triage	0	102	0	0	0	0	0	0	1	0	0	0			7.0			
HTR1A	sonnet_dual_triage	7	422	86	0	1	0	1	0	0	0	0	0		88.2		CHRM2	27.9	
HTR1B	sonnet_dual_triage	7	390	92	0	1	0	1	1	0	0	0	0	98.2	92.1		HTR1F	25.0	
HTR1D	sonnet_dual_triage	7	377	84	0	1	0	0	1	0	0	0	0	97.3			TAAR5	31.0	
HTR1E	sonnet_dual_triage	7	365	66	0	1	0	0	1	0	0	0	0	98.6			HTR1F	31.0	
HTR1F	sonnet_dual_triage	7	366	71	0	1	0	1	0	0	0	0	0		94.3		HTR1E	33.8	
HTR2A	sonnet_dual_triage	7	471	124	0	1	0	1	1	0	1	0	0	98.9	91.5		HTR2C	29.0	
HTR2B	sonnet_dual_triage	7	481	111	0	1	0	1	1	0	0	0	0	97.9	83.2		HTR2C	32.4	
HTR2C	sonnet_dual_triage	7	458	75	1	1	0	1	1	0	1	0	0	98.3	90.6		HTR2A	27.4	
HTR3A	sonnet_dual_triage	4	478	235	1	1	1	1	1	1	0	1	1	97.5	85.1	5.0	HTR3B	47.7	3.0
HTR3B	sonnet_dual_triage	4	441	231	1	1	1	1	1	1	0	0	1	93.7	72.6	5.0	HTR3A	47.7	
HTR3C	sonnet_dual_triage	4	447	235	1	1	1	0	1	1	0	1	1	83.4		5.0	HTR3E	74.9	1.0
HTR3D	sonnet_dual_triage	4	454	238	1	1	1	0	0	0	0	1	1				HTR3C	46.6	1.0
HTR3E	sonnet_dual_triage	4	456	233	1	1	1	0	1	1	0	1	1	78.9		5.0	HTR3C	73.6	1.0
HTR4	sonnet_dual_triage	7	388	80	0	1	0	1	1	0	0	0	0	88.4	87.9		TAAR2	25.5	
HTR5A	sonnet_dual_triage	7	357	88	0	1	0	1	1	0	0	0	0	97.8	88.0		HTR2A	24.2	
HTR6	sonnet_dual_triage	7	440	75	0	1	0	1	1	0	0	0	0	87.0	88.0		HTR2A	21.8	
HTR7	sonnet_dual_triage	7	479	132	0	1	0	1	1	0	0	0	0	90.4	87.1		HTR5A	24.2	
HTRA1	sonnet_dual_triage	0	480	458	1	1	1	1	1	1	0	0	1	90.6	92.3	3.0	HTRA3	57.6	
HTRA2	sonnet_dual_triage	1	458	337	0	0	1	1	1	1	0	0	0	80.6	84.9	3.0	HTRA1	37.8	
HTRA3	sonnet_dual_triage	0	453	436	1	1	1	1	1	1	0	0	1	91.6	92.7	3.0	HTRA1	57.4	
HTRA4	sonnet_dual_triage	0	476	447	1	1	1	1	1	1	0	0	1	55.3	66.6	3.0	HTRA1	53.3	
HVCN1	sonnet_dual_triage	4	273	24	0	0	0	1	1	1	0	0	0	93.8	77.3	2.0	TPTE	10.7	
HYAL1	sonnet_dual_triage	0	435	414	1	1	1	1	1	0	0	0	1	96.8	73.3		HYAL3	41.5	
HYAL2	sonnet_dual_triage	0	473	453	1	1	1	1	1	0	0	1	1	97.9	82.0		HYAL3	40.6	2.0
HYAL3	sonnet_dual_triage	0	417	397	1	1	1	1	1	0	0	0	1	97.4	77.9		HYAL2	40.6	
HYAL4	sonnet_dual_triage	0	481	447	1	1	1	1	1	0	0	0	1	95.6	79.6		SPAM1	44.1	
HYOU1	sonnet_dual_triage	0	999	967	1	1	1	1	1	0	0	0	0	98.0	91.4		HSPA5	22.0	
ICAM1	sonnet_dual_triage	1	532	456	1	1	0	1	1	0	0	1	1	77.6	53.0		ICAM3	51.9	2.0
ICAM2	sonnet_dual_triage	1	275	199	1	1	0	1	1	0	0	1	0	83.3	59.6		ICAM5	9.6	2.0
ICAM3	sonnet_dual_triage	1	547	459	1	1	0	0	0	0	0	1	1				ICAM5	30.9	3.0
ICAM4	sonnet_dual_triage	1	271	222	1	1	0	1	1	0	1	1	0	89.3	66.1		ICAM5	10.6	2.0
ICAM5	sonnet_dual_triage	1	924	805	1	1	0	1	1	0	0	1	0	85.2	84.8		ICAM3	33.5	7.0
ICOS	sonnet_dual_triage	1	199	120	1	1	0	1	1	0	0	1	0	79.4	68.3				1.0
ICOSLG	sonnet_dual_triage	1	302	240	1	1	0	0	1	0	0	1	0	91.4			CD276	19.0	3.0
IDE	sonnet_dual_triage	0	1019	0	0	0	0	1	1	1	0	0	0	99.3	95.2	2.0			
IDO2	sonnet_dual_triage	0	407	0	0	0	0	1	1	0	0	0	0	54.3	72.0				
IFI16	sonnet_dual_triage	0	785	0	0	0	0	0	1	0	0	0	0	80.4					
IFI35	sonnet_dual_triage	0	286	0	0	0	0	1	1	1	0	0	0	75.5	71.7	2.0			
IFITM1	sonnet_dual_triage	1	125	19	0	0	1	0	1	0	0	0	0	86.4			IFITM2	10.5	
IFITM10	sonnet_dual_triage	3	228	8	0	0	1	1	0	0	0	0	0		83.8		IFITM5	10.7	
IFITM2	sonnet_dual_triage	1	132	7	0	0	1	0	0	0	0	0	1				IFITM3	42.9	
IFITM3	sonnet_dual_triage	1	133	5	0	0	1	0	0	0	0	0	0				IFITM2	28.6	
IFITM5	sonnet_dual_triage	3	132	28	0	0	1	1	1	0	0	0	0	97.7	79.5		IFITM10	14.3	
IFNAR1	sonnet_dual_triage	1	557	414	1	1	0	0	1	0	1	1	0	90.7			IL10RB	18.4	2.0
IFNAR2	sonnet_dual_triage	1	515	217	1	1	0	0	0	0	1	1	0				F3	30.6	3.0
IFNE	sonnet_dual_triage	0	208	187	1	1	1	1	0	0	0	0	0		53.8		IFNA17	35.3	
IFNGR1	sonnet_dual_triage	1	489	229	1	1	0	1	1	0	1	1	0	91.2	50.3		IFNAR1	13.3	1.0
IFNGR2	sonnet_dual_triage	1	337	227	1	1	0	1	1	0	0	1	0	93.8	58.8		IL20RB	28.6	2.0
IFNL4	sonnet_dual_triage	0	179	157	1	1	1	0	0	0	0	0	0						
IFNLR1	sonnet_dual_triage	1	520	207	1	1	0	1	1	0	1	1	0	85.8	60.6		IL22RA2	16.9	1.0
IGDCC3	sonnet_dual_triage	1	814	605	1	1	0	1	1	0	0	1	0	97.1	86.2		HMCN2	5.8	2.0
IGDCC4	sonnet_dual_triage	1	1250	931	1	1	0	1	1	0	0	1	1	97.0	88.2		IGDCC3	29.1	2.0
IGF1R	sonnet_dual_triage	1	1367	905	1	1	0	1	1	0	0	1	1	97.7	96.1		INSR	53.1	5.0
IGF2R	sonnet_dual_triage	1	2491	2269	1	1	0	1	1	0	0	1	0	92.1	81.3				7.0
IGFBP2	sonnet_dual_triage	0	325	289	1	1	1	1	1	0	0	0	0	98.8	81.8		IGFBP4	36.3	
IGFBP3	sonnet_dual_triage	0	291	264	1	1	1	1	1	0	0	0	1	84.2	81.8		IGFBP5	45.8	
IGFBP7	sonnet_dual_triage	0	282	256	1	1	1	1	1	1	0	0	1	80.1	91.1	2.0	IGFBPL1	44.1	
IGFBPL1	sonnet_dual_triage	0	278	251	1	1	1	1	1	0	0	0	1	93.5	75.9		IGFBP7	43.8	
IGFL2	sonnet_dual_triage	0	119	94	1	1	1	0	0	0	0	0	1				IGFL3	63.4	
IGFL3	sonnet_dual_triage	0	125	101	1	1	1	0	0	0	0	0	1				IGFL2	64.4	
IGFLR1	sonnet_dual_triage	1	355	141	1	1	0	1	0	0	0	0	0		56.9				
IGIP	sonnet_dual_triage	0	53	0	0	0	0	1	0	0	0	0	0		94.3				
IGLL1	sonnet_dual_triage	0	213	169	1	1	1	0	0	0	0	0	1				IGLL5	74.6	
IGLON5	sonnet_dual_triage	0	336	306	1	1	1	1	0	1	0	0	1		97.9	2.0	OPCML	52.2	
IGSF1	sonnet_dual_triage	3	1336	1180	1	1	0	1	1	0	1	1	0	94.8	86.2		VSTM1	7.6	5.0
IGSF10	sonnet_dual_triage	0	2623	2595	1	1	1	1	1	0	0	0	0	94.2	64.8		VSIG10	7.2	
IGSF11	sonnet_dual_triage	1	431	227	1	1	0	1	1	1	0	1	0	96.8	88.6	2.0	CXADR	37.4	1.0
IGSF21	sonnet_dual_triage	0	467	443	1	1	1	1	1	0	0	0	0	90.6	94.2		HMCN2	4.0	
IGSF22	sonnet_dual_triage	0	903	0	0	0	0	0	1	0	0	0	0	97.1					
IGSF23	sonnet_dual_triage	1	192	157	0	1	0	0	1	0	0	0	0	87.5					
IGSF3	sonnet_dual_triage	1	1194	1105	1	1	0	1	1	0	0	1	0	98.5	92.5		VSTM4	9.5	7.0
IGSF5	sonnet_dual_triage	1	407	266	0	1	0	0	1	1	0	1	0	77.1		2.0	NEGR1	20.9	2.0
IGSF6	sonnet_dual_triage	1	241	126	1	1	0	1	1	0	0	1	0	93.8	61.8				1.0
IGSF8	sonnet_dual_triage	1	613	552	1	1	0	1	1	0	0	1	0	81.7	87.9		IGSF3	19.3	1.0
IGSF9	sonnet_dual_triage	1	1179	719	1	1	0	1	1	0	0	1	1	60.2	87.8		IGSF9B	50.3	6.0
IGSF9B	sonnet_dual_triage	1	1349	706	1	1	0	1	1	0	0	1	1	91.0	96.0		IGSF9	50.8	6.0
IHH	sonnet_dual_triage	0	411	384	1	1	1	1	1	0	0	0	1	99.3	95.1		SHH	59.5	
IL10RA	sonnet_dual_triage	1	578	214	1	1	0	1	1	0	0	1	0	92.2	56.1		IL22RA1	29.0	2.0
IL10RB	sonnet_dual_triage	1	325	202	1	1	0	1	1	0	0	1	0	92.6	68.9		IFNAR1	17.6	2.0
IL11RA	sonnet_dual_triage	1	422	346	1	1	0	0	1	0	0	1	0	96.4			EBI3	21.4	2.0
IL12RB1	sonnet_dual_triage	1	662	523	1	1	0	0	1	0	1	1	0	94.1			EBI3	14.1	3.0
IL12RB2	sonnet_dual_triage	1	862	596	1	1	0	1	1	0	0	1	0	93.3	66.9		IL2RG	14.4	4.0
IL13RA1	sonnet_dual_triage	1	427	327	1	1	0	1	1	0	1	1	0	96.0	74.7		LIFR	14.2	3.0
IL13RA2	sonnet_dual_triage	1	380	322	1	1	0	1	1	0	0	1	0	91.3	58.2		LEPR	12.6	2.0
IL15	sonnet_dual_triage	0	162	114	1	1	1	1	1	0	0	0	0	96.3	72.8				
IL15RA	sonnet_dual_triage	1	267	182	1	1	0	1	1	0	0	1	0	91.4	52.4				1.0
IL16	sonnet_dual_triage	0	1332	0	0	0	0	1	1	0	0	0	0	95.7	80.9				
IL17C	sonnet_dual_triage	0	197	179	1	1	1	1	1	1	0	0	0	93.4	71.6	2.0	IL17D	29.9	
IL17RA	sonnet_dual_triage	1	866	288	1	1	0	1	0	0	0	1	0		68.1		IL17RC	13.9	1.0
IL17RB	sonnet_dual_triage	1	502	278	1	1	0	1	1	0	1	1	0	95.8	74.5		IL17RC	15.6	3.0
IL17RC	sonnet_dual_triage	1	791	518	1	1	0	1	1	0	0	1	0	96.1	63.5		IL17RA	23.4	4.0
IL17RD	sonnet_dual_triage	1	739	273	1	1	0	1	1	0	0	1	0	95.9	87.0		IL17RC	9.8	2.0
IL17RE	sonnet_dual_triage	1	667	431	1	1	0	1	1	0	1	0	0	93.7	68.2		IL17RC	22.6	
IL17REL	sonnet_dual_triage	0	507	486	1	1	1	0	0	0	0	0	0						
IL18R1	sonnet_dual_triage	1	541	310	1	1	0	1	1	0	0	1	0	95.4	63.2		SIGIRR	11.6	1.0
IL18RAP	sonnet_dual_triage	1	599	340	1	1	0	1	1	0	1	0	0	93.8	65.1		SIGIRR	10.0	
IL1A	sonnet_dual_triage	0	271	0	0	0	0	1	1	0	0	0	0	87.1	60.5				
IL1R1	sonnet_dual_triage	1	569	317	1	1	0	1	1	0	0	1	0	95.1	68.7		SIGIRR	12.9	2.0
IL1R2	sonnet_dual_triage	1	398	328	1	1	0	1	1	0	1	1	0	95.2	61.1		SIGIRR	21.6	2.0
IL1RAP	sonnet_dual_triage	1	570	336	1	1	0	1	1	0	1	1	0	85.3	89.1		IL1RAPL2	34.6	1.0
IL1RAPL1	sonnet_dual_triage	1	696	339	1	1	0	1	1	0	0	1	1	99.7	98.6		IL1RAPL2	63.7	2.0
IL1RAPL2	sonnet_dual_triage	1	686	338	1	1	0	1	1	0	0	1	1	98.5	94.5		IL1RAPL1	63.7	2.0
IL1RL1	sonnet_dual_triage	1	556	314	1	1	0	1	1	0	1	1	0	92.8	66.9		SIGIRR	13.1	2.0
IL1RL2	sonnet_dual_triage	1	575	316	1	1	0	1	1	0	0	1	0	92.0	65.2		IL1R1	34.1	2.0
IL1RN	sonnet_dual_triage	0	177	152	1	1	1	1	1	0	0	0	1	86.4	75.7		IL36RN	47.1	
IL20RA	sonnet_dual_triage	1	553	222	1	1	0	1	1	0	0	1	0	96.0	63.8		IL22RA2	31.0	2.0
IL20RB	sonnet_dual_triage	1	311	204	1	1	0	1	1	0	1	1	0	98.7	76.5		IFNGR2	29.1	2.0
IL21R	sonnet_dual_triage	1	538	218	1	1	0	1	1	0	0	1	0	71.4	62.3		CSF2RB	16.6	1.0
IL22RA1	sonnet_dual_triage	1	574	211	1	1	0	1	1	0	0	1	0	95.3	72.8		IL22RA2	26.4	1.0
IL23R	sonnet_dual_triage	1	629	332	1	1	0	1	1	0	1	1	0	94.9	68.7		PRLR	22.9	3.0
IL24	sonnet_dual_triage	0	206	158	1	1	1	1	1	0	0	0	0	91.7	58.7		IL20	31.6	
IL27RA	sonnet_dual_triage	1	636	484	1	1	0	1	1	0	0	1	0	84.9	61.6		CRLF2	15.5	1.0
IL2RA	sonnet_dual_triage	1	272	219	1	1	0	1	1	1	0	1	0	91.9	60.3	2.0			1.0
IL2RB	sonnet_dual_triage	1	551	219	1	1	0	1	1	0	0	1	0	90.9	57.0		MPL	12.5	2.0
IL2RG	sonnet_dual_triage	1	369	240	1	1	0	1	1	0	0	1	0	97.6	70.5		LEPR	9.5	2.0
IL31RA	sonnet_dual_triage	1	732	500	1	1	0	1	1	0	1	1	0	72.4	56.5		EBI3	13.4	3.0
IL33	sonnet_dual_triage	0	270	0	0	0	0	1	1	0	0	0	0	93.7	51.5				
IL37	sonnet_dual_triage	0	218	0	0	0	0	0	1	0	0	0	0	95.9					
IL3RA	sonnet_dual_triage	1	378	288	1	1	0	0	0	0	0	1	0				CSF2RA	31.8	1.0
IL4I1	sonnet_dual_triage	0	567	546	1	1	1	1	1	1	0	0	0	87.8	72.1	2.0			
IL4R	sonnet_dual_triage	1	825	209	1	1	0	1	1	0	1	1	0	90.2	52.2		CSF2RB	16.1	2.0
IL5RA	sonnet_dual_triage	1	420	321	1	1	0	1	1	0	1	1	0	93.8	67.9		IL3RA	28.7	1.0
IL6R	sonnet_dual_triage	1	468	347	1	1	0	1	1	0	1	1	0	92.7	53.8		LEPR	13.4	3.0
IL6ST	sonnet_dual_triage	1	918	595	1	1	0	1	0	0	1	1	0		77.1		GHR	15.8	2.0
IL7R	sonnet_dual_triage	1	459	220	1	1	0	1	1	0	1	1	0	95.6	64.5		CSF2RB	14.7	1.0
IL9R	sonnet_dual_triage	1	521	232	1	1	0	1	1	0	0	1	0	86.8	52.0		MPL	14.4	1.0
ILDR1	sonnet_dual_triage	1	546	147	1	1	0	1	1	0	1	1	0	95.4	78.9		ILDR2	37.1	1.0
ILDR2	sonnet_dual_triage	1	639	167	1	1	0	1	1	1	0	0	1	98.7	87.8	2.0	LSR	45.0	
IMPG1	sonnet_dual_triage	0	797	777	1	1	1	1	1	1	0	0	0	94.6	66.4	2.0	IMPG2	28.3	
IMPG2	sonnet_dual_triage	1	1241	1070	1	1	0	1	1	0	0	1	0	97.0	71.2		IMPG1	26.9	3.0
INHBE	sonnet_dual_triage	0	350	331	1	1	1	1	1	0	0	0	1	81.4	82.3		INHBC	45.8	
INS-IGF2	sonnet_dual_triage	0	200	176	1	1	1	0	0	0	0	0	0						
INSL4	sonnet_dual_triage	0	139	114	1	1	1	0	1	0	0	0	0	89.9			RLN1	24.8	
INSL6	sonnet_dual_triage	0	213	191	1	1	1	0	1	0	0	0	0	89.2			RLN1	26.7	
INSR	sonnet_dual_triage	1	1382	930	1	1	0	1	1	0	0	1	1	99.2	94.5		IGF1R	53.4	6.0
INSRR	sonnet_dual_triage	1	1297	898	1	1	0	1	1	0	0	1	1	98.7	89.1		IGF1R	52.3	5.0
IPCEF1	sonnet_dual_triage	0	437	0	0	0	0	1	1	0	0	0	0	97.3	74.9				
IQCF1	sonnet_dual_triage	0	205	0	0	0	0	1	1	0	0	0	0	93.7	51.2				
IRGC	sonnet_dual_triage	0	463	0	0	0	0	1	1	0	0	0	0	70.2	89.8				
ISG15	sonnet_dual_triage	0	165	0	0	0	0	1	1	0	0	0	0	90.9	61.8				
ISLR	sonnet_dual_triage	0	428	410	1	1	1	1	1	0	0	0	0	97.7	86.4		ISLR2	39.3	
ISLR2	sonnet_dual_triage	1	745	570	1	1	0	1	1	0	0	1	0	97.4	89.4		ISLR	38.6	2.0
ISM1	sonnet_dual_triage	0	464	438	1	1	1	1	1	0	0	0	0	98.3	92.9		THBS2	12.7	
ITFG1	sonnet_dual_triage	1	612	532	1	1	0	1	1	0	0	1	0	99.3	89.2				1.0
ITGA1	sonnet_dual_triage	1	1179	1115	1	1	0	1	1	0	0	1	1	90.6	87.6		ITGA2	41.5	5.0
ITGA10	sonnet_dual_triage	1	1167	1102	1	1	0	1	1	0	1	1	1	97.9	87.8		ITGA11	43.7	2.0
ITGA11	sonnet_dual_triage	1	1188	1119	1	1	0	1	1	0	0	1	1	97.0	90.2		ITGA10	43.6	4.0
ITGA2	sonnet_dual_triage	1	1181	1104	1	1	0	1	1	0	0	1	1	98.0	82.3		ITGA1	41.5	3.0
ITGA2B	sonnet_dual_triage	1	1039	965	1	1	0	1	1	0	1	1	1	97.6	80.0		ITGA8	41.0	5.0
ITGA3	sonnet_dual_triage	1	1051	959	1	1	0	1	1	0	0	1	0	96.1	86.9		ITGA7	37.4	4.0
ITGA4	sonnet_dual_triage	1	1032	944	1	1	0	1	1	0	1	1	1	96.8	84.9		ITGA9	43.0	4.0
ITGA5	sonnet_dual_triage	1	1049	958	1	1	0	1	1	0	0	1	1	94.9	90.8		ITGAV	46.8	2.0
ITGA6	sonnet_dual_triage	1	1130	1032	1	1	0	1	1	0	0	1	1	96.0	91.2		ITGA7	49.8	3.0
ITGA7	sonnet_dual_triage	1	1181	1050	1	1	0	1	1	0	0	1	1	98.4	87.8		ITGA6	49.8	2.0
ITGA8	sonnet_dual_triage	1	1063	974	1	1	0	1	1	0	0	1	1	97.6	89.0		ITGAV	47.6	5.0
ITGA9	sonnet_dual_triage	1	1035	951	1	1	0	1	1	0	0	1	1	85.7	89.6		ITGA4	43.0	3.0
ITGAD	sonnet_dual_triage	1	1161	1085	1	1	0	1	0	0	0	1	1		72.0		ITGAX	66.3	4.0
ITGAE	sonnet_dual_triage	1	1179	1108	1	1	0	1	1	0	0	1	0	92.5	69.5		ITGAM	30.6	4.0
ITGAL	sonnet_dual_triage	1	1170	1064	1	1	0	1	1	0	0	1	0	87.2	69.8		ITGAX	35.5	3.0
ITGAM	sonnet_dual_triage	1	1152	1091	1	1	0	1	1	0	0	1	1	89.5	73.5		ITGAX	60.9	5.0
ITGAV	sonnet_dual_triage	1	1048	965	1	1	0	1	1	0	0	1	1	99.1	92.3		ITGA8	47.7	4.0
ITGAX	sonnet_dual_triage	1	1163	1088	1	1	0	1	1	0	0	1	1	89.7	70.6		ITGAD	66.3	3.0
ITGB1	sonnet_dual_triage	1	798	708	1	1	0	1	1	0	0	1	1	98.2	92.5		ITGB2	45.2	3.0
ITGB2	sonnet_dual_triage	1	769	680	1	1	0	1	1	0	0	1	1	91.5	80.6		ITGB7	47.3	2.0
ITGB3	sonnet_dual_triage	1	788	692	1	1	0	1	0	0	0	1	1		90.6		ITGB5	56.0	1.0
ITGB4	sonnet_dual_triage	1	1822	695	1	1	0	1	1	0	0	1	0	94.5	88.1		ITGB1	38.1	3.0
ITGB5	sonnet_dual_triage	1	799	698	1	1	0	1	1	0	0	1	1	98.6	91.7		ITGB3	55.9	3.0
ITGB6	sonnet_dual_triage	1	788	688	1	1	0	1	1	0	0	1	1	97.0	90.5		ITGB3	50.3	4.0
ITGB7	sonnet_dual_triage	1	798	708	1	1	0	1	1	0	0	1	1	86.0	86.1		ITGB2	47.3	2.0
ITGB8	sonnet_dual_triage	1	769	642	1	1	0	1	1	0	0	1	0	99.0	87.3		ITGB6	39.1	6.0
ITGBL1	sonnet_dual_triage	0	494	471	1	1	1	1	1	0	0	0	0	99.0	90.9		ITGB3	22.7	
ITLN2	sonnet_dual_triage	0	325	299	1	1	1	0	0	0	0	0	1				ITLN1	84.9	
ITM2A	sonnet_dual_triage	1	263	189	0	0	1	1	1	0	1	0	1	100.0	95.1		ITM2B	45.5	
ITM2B	sonnet_dual_triage	1	266	191	0	0	1	1	1	0	0	1	1	98.5	95.5		ITM2C	52.9	1.0
ITM2C	sonnet_dual_triage	1	267	188	0	0	1	1	1	0	1	0	1	99.6	92.9		ITM2B	52.9	
ITPRID2	sonnet_dual_triage	0	1259	0	0	0	0	1	1	0	0	0	0	95.5	81.7				
ITPRIPL1	sonnet_dual_triage	0	555	0	0	0	0	1	0	0	1	0	0		86.5				
ITPRIPL2	sonnet_dual_triage	2	535	25	0	0	0	1	1	0	0	0	1	97.9	85.4				
IZUMO1	sonnet_dual_triage	1	350	271	1	1	0	0	1	0	1	0	0	93.7					
IZUMO1R	sonnet_dual_triage	0	250	231	1	1	1	1	1	0	0	1	1	95.6	66.4		FOLR3	57.6	1.0
IZUMO2	sonnet_dual_triage	1	221	168	1	1	0	1	1	1	1	0	0	90.5	51.6	2.0			
IZUMO3	sonnet_dual_triage	1	239	154	1	1	0	1	1	0	0	1	0	93.7	70.3				2.0
JAG1	sonnet_dual_triage	1	1218	1037	1	1	0	1	1	0	0	1	1	96.6	96.6		JAG2	57.9	6.0
JAG2	sonnet_dual_triage	1	1238	1056	1	1	0	1	0	0	0	1	1		90.5		JAG1	57.9	7.0
JAM2	sonnet_dual_triage	1	298	211	1	1	0	1	1	1	0	0	0	97.3	76.5	2.0	F11R	38.4	
JAM3	sonnet_dual_triage	1	310	212	1	1	0	1	1	0	0	1	0	94.8	86.5		JAM2	36.8	1.0
JAML	sonnet_dual_triage	1	394	256	1	1	0	0	1	0	1	0	0	93.1			MPZL2	17.2	
JCAD	sonnet_dual_triage	0	1359	0	0	0	0	1	1	0	0	0	0	90.6	53.1				
JMJD6	sonnet_dual_triage	0	403	0	0	0	0	1	1	0	0	0	0	99.8	97.8				
JOSD1	sonnet_dual_triage	0	202	0	0	0	0	1	1	0	0	0	0	96.0	97.0				
JPT2	sonnet_dual_triage	0	190	0	0	0	0	0	1	0	0	0	0	93.7					
KANK2	sonnet_dual_triage	0	851	0	0	0	0	1	1	0	0	0	0	74.9	83.0				
KARS1	sonnet_dual_triage	0	597	0	0	0	0	1	1	1	0	0	0	96.1	90.1	2.0			
KAZN	sonnet_dual_triage	0	775	0	0	0	0	1	0	1	0	0	0		94.3	2.0			
KCNA1	sonnet_dual_triage	6	495	101	0	0	0	1	1	1	0	0	1	99.6	98.4	4.0	KCNA3	63.2	
KCNA10	sonnet_dual_triage	6	511	102	0	0	0	1	1	1	0	0	1	98.0	93.7	4.0	KCNA4	57.5	
KCNA2	sonnet_dual_triage	6	499	92	0	0	0	1	1	1	1	0	1	60.5	99.4	4.0	KCNA1	56.4	
KCNA3	sonnet_dual_triage	6	575	106	0	0	0	1	1	1	0	0	1	81.7	88.7	4.0	KCNA6	50.3	
KCNA4	sonnet_dual_triage	6	653	113	0	0	0	1	0	1	0	0	1		97.4	4.0	KCNA3	61.1	
KCNA5	sonnet_dual_triage	6	613	107	0	0	0	1	0	1	0	0	1		86.3	4.0	KCNA4	53.1	
KCNA6	sonnet_dual_triage	6	529	145	0	0	0	1	0	1	0	0	1		92.8	4.0	KCNA3	51.0	
KCNA7	sonnet_dual_triage	6	456	96	0	0	0	1	0	1	0	0	1		94.1	4.0	KCNA4	53.1	
KCNB1	sonnet_dual_triage	6	858	77	0	0	0	1	1	1	0	0	1	97.3	93.7	4.0	KCNB2	89.7	
KCNB2	sonnet_dual_triage	6	911	78	0	0	0	0	1	1	0	0	1	98.6		4.0	KCNB1	91.0	
KCNC1	sonnet_dual_triage	6	511	106	0	0	0	1	1	1	0	0	1	99.7	99.8	4.0	KCNC2	82.1	
KCNC2	sonnet_dual_triage	6	638	88	0	0	0	1	1	1	0	0	1	100.0	97.5	4.0	KCNC1	67.9	
KCNC3	sonnet_dual_triage	6	757	93	0	0	0	1	0	1	0	0	1		92.2	4.0	KCNC4	71.0	
KCNC4	sonnet_dual_triage	6	635	90	0	0	0	1	1	1	0	0	1	95.5	95.0	4.0	KCNC2	73.3	
KCND1	sonnet_dual_triage	6	647	71	0	0	0	1	0	1	1	0	1		95.1	4.0	KCND2	70.4	
KCND2	sonnet_dual_triage	6	630	70	0	0	0	1	1	1	0	0	1	99.5	99.0	4.0	KCND3	86.3	
KCND3	sonnet_dual_triage	6	655	73	0	0	0	1	1	1	0	0	1	100.0	99.4	4.0	KCND2	91.8	
KCNE1	sonnet_dual_triage	1	129	43	0	1	0	1	0	0	0	0	0		76.0		KCNE2	22.9	
KCNE2	sonnet_dual_triage	1	123	48	0	1	0	1	1	0	0	0	0	94.3	84.6		KCNE1	25.0	
KCNE3	sonnet_dual_triage	1	103	57	0	1	0	1	1	0	0	0	0	99.0	93.2		KCNE5	30.5	
KCNE4	sonnet_dual_triage	1	221	86	0	1	0	1	1	0	0	0	0	98.2	90.0				
KCNE5	sonnet_dual_triage	1	142	59	0	1	0	1	0	0	0	0	0		81.0		KCNE3	30.5	
KCNF1	sonnet_dual_triage	6	494	75	0	0	0	1	1	0	0	0	1	100.0	96.4		KCNB2	50.0	
KCNG1	sonnet_dual_triage	6	513	78	0	0	0	1	0	1	1	0	1		93.0	4.0	KCNG4	60.0	
KCNG2	sonnet_dual_triage	6	466	76	0	0	0	1	0	1	0	0	1		87.8	4.0	KCNG4	60.0	
KCNG3	sonnet_dual_triage	6	436	84	0	0	0	1	1	1	0	0	1	99.5	95.9	4.0	KCNG4	46.4	
KCNG4	sonnet_dual_triage	6	519	80	0	0	0	1	1	1	1	0	1	96.7	79.6	4.0	KCNG2	58.8	
KCNH1	sonnet_dual_triage	6	989	122	0	0	0	1	1	0	0	0	1	99.4	94.3		KCNH2	32.8	
KCNH2	sonnet_dual_triage	6	1159	93	0	0	0	1	1	0	0	0	1	68.3	96.3		KCNH7	68.4	
KCNH3	sonnet_dual_triage	6	1083	121	0	0	0	1	1	0	0	0	1	99.5	95.9		KCNH8	47.1	
KCNH4	sonnet_dual_triage	8	1017	59	0	0	0	1	1	0	0	0	1	98.1	90.0		KCNH8	42.0	
KCNH5	sonnet_dual_triage	4	988	88	0	0	0	1	1	0	0	0	1	99.8	98.1		KCNH1	53.3	
KCNH6	sonnet_dual_triage	6	958	99	0	0	0	1	1	0	0	0	1	97.9	89.9		KCNH7	78.8	
KCNH7	sonnet_dual_triage	6	1196	98	0	0	0	1	1	0	0	0	1	99.2	94.4		KCNH6	77.8	
KCNH8	sonnet_dual_triage	6	1107	88	0	0	0	1	1	0	1	0	1	99.1	92.2		KCNH4	73.9	
KCNJ1	sonnet_dual_triage	2	391	51	0	0	0	1	1	1	0	0	1	98.4	92.7	4.0	KCNJ10	62.7	
KCNJ10	sonnet_dual_triage	2	379	51	0	0	0	1	1	1	0	0	1	100.0	99.2	4.0	KCNJ15	70.6	
KCNJ11	sonnet_dual_triage	2	390	49	0	0	0	1	1	1	0	0	1	98.5	95.9	4.0	KCNJ8	62.1	
KCNJ12	sonnet_dual_triage	2	433	52	0	0	0	1	0	1	0	0	1		96.1	4.0	KCNJ18	96.2	
KCNJ13	sonnet_dual_triage	2	360	57	0	0	0	1	1	1	1	0	1	98.3	93.1	4.0	KCNJ10	54.4	
KCNJ14	sonnet_dual_triage	2	436	50	0	0	0	1	1	1	0	0	1	92.4	93.8	4.0	KCNJ4	50.0	
KCNJ15	sonnet_dual_triage	2	375	51	0	0	0	1	1	1	0	0	1	99.2	96.3	4.0	KCNJ10	70.6	
KCNJ16	sonnet_dual_triage	2	418	50	0	0	0	1	1	1	0	0	1	98.8	92.3	4.0	KCNJ12	67.3	
KCNJ18	sonnet_dual_triage	2	433	52	0	0	0	0	0	1	0	0	1			4.0	KCNJ12	96.2	
KCNJ2	sonnet_dual_triage	2	427	49	0	0	0	1	1	1	0	0	1	96.7	98.6	4.0	KCNJ12	65.4	
KCNJ3	sonnet_dual_triage	2	501	52	0	0	0	1	0	1	0	0	1		99.0	4.0	KCNJ5	67.3	
KCNJ4	sonnet_dual_triage	2	445	68	0	0	0	1	0	1	0	0	1		98.2	4.0	KCNJ12	55.9	
KCNJ5	sonnet_dual_triage	2	419	52	0	0	0	1	1	1	0	0	1	97.1	94.3	4.0	KCNJ6	80.8	
KCNJ6	sonnet_dual_triage	2	423	52	0	0	0	1	1	1	0	0	1	100.0	99.3	4.0	KCNJ5	80.8	
KCNJ8	sonnet_dual_triage	2	424	58	0	0	0	1	1	1	0	0	1	99.8	98.3	4.0	KCNJ11	62.1	
KCNJ9	sonnet_dual_triage	2	393	52	0	0	0	1	0	1	0	0	1		98.7	4.0	KCNJ6	80.8	
KCNK1	sonnet_dual_triage	4	336	129	0	0	0	1	1	1	0	0	1	99.7	94.9	2.0	KCNK6	55.5	
KCNK10	sonnet_dual_triage	4	538	134	0	0	0	1	1	1	0	0	1	99.6	93.4	2.0	KCNK2	64.2	
KCNK12	sonnet_dual_triage	4	430	124	0	0	0	1	1	1	0	0	1	68.8	99.1	2.0	KCNK13	71.0	
KCNK13	sonnet_dual_triage	4	408	124	0	0	0	1	1	1	0	0	1	99.0	84.6	2.0	KCNK12	71.0	
KCNK15	sonnet_dual_triage	4	330	121	0	0	0	1	0	1	0	0	1		74.2	2.0	KCNK9	66.1	
KCNK16	sonnet_dual_triage	4	309	129	0	0	0	0	1	1	1	0	1	78.9		2.0	KCNK17	47.7	
KCNK17	sonnet_dual_triage	4	332	130	0	0	0	0	1	1	1	0	1	92.8		2.0	KCNK16	47.7	
KCNK18	sonnet_dual_triage	4	384	117	0	0	0	1	1	1	0	1	0	97.1	66.4	2.0	KCNK1	35.7	2.0
KCNK2	sonnet_dual_triage	4	426	133	0	0	0	1	1	1	1	0	1	100.0	96.2	2.0	KCNK10	64.2	
KCNK3	sonnet_dual_triage	4	394	121	0	0	0	1	1	1	0	0	1	91.9	91.4	2.0	KCNK15	65.3	
KCNK4	sonnet_dual_triage	4	393	135	0	0	0	1	1	1	0	0	1	95.2	83.5	2.0	KCNK10	56.3	
KCNK5	sonnet_dual_triage	4	499	127	0	0	0	1	1	1	0	1	1	99.0	89.4	2.0	KCNK16	42.6	2.0
KCNK6	sonnet_dual_triage	4	313	137	0	0	0	1	1	1	1	0	1	94.9	85.0	2.0	KCNK1	54.7	
KCNK7	sonnet_dual_triage	4	307	128	0	0	0	1	1	1	0	0	1	94.5	79.2	2.0	KCNK1	48.1	
KCNK9	sonnet_dual_triage	4	374	121	0	0	0	1	1	1	0	0	1	99.5	71.9	2.0	KCNK15	66.1	
KCNMA1	sonnet_dual_triage	7	1236	151	0	1	0	1	1	0	1	0	0	99.0	84.1		KCNU1	31.1	
KCNMB1	sonnet_dual_triage	2	191	121	0	0	0	1	1	0	1	0	0	95.3	82.7		KCNMB2	38.8	
KCNMB2	sonnet_dual_triage	2	235	129	0	0	0	1	1	0	0	0	0	100.0	95.3		KCNMB1	38.0	
KCNMB3	sonnet_dual_triage	2	279	129	0	0	0	1	1	0	1	0	0	87.3	56.7		KCNMB2	38.0	
KCNMB4	sonnet_dual_triage	2	210	127	0	0	0	1	1	0	0	0	0	100.0	93.8		KCNMB2	36.4	
KCNN1	sonnet_dual_triage	6	543	73	0	0	0	1	1	0	0	0	1	92.4	83.4		KCNN3	76.5	
KCNN2	sonnet_dual_triage	6	579	76	0	0	0	1	1	1	1	0	1	98.7	71.7	4.0	KCNN3	79.0	
KCNN3	sonnet_dual_triage	6	731	81	0	0	0	1	1	0	1	0	1	99.6	95.9		KCNN1	85.2	
KCNN4	sonnet_dual_triage	6	427	77	0	0	0	1	1	1	0	0	0	93.2	86.9	4.0	KCNN2	33.8	
KCNQ1	sonnet_dual_triage	6	676	61	0	0	0	1	1	0	0	0	1	97.0	87.7		KCNQ2	55.7	
KCNQ2	sonnet_dual_triage	6	872	59	0	0	0	1	1	0	0	0	1	76.3	95.1		KCNQ3	61.8	
KCNQ3	sonnet_dual_triage	6	872	68	0	0	0	1	1	1	0	0	1	84.7	95.5	4.0	KCNQ2	60.3	
KCNQ4	sonnet_dual_triage	6	695	56	0	0	0	1	1	1	0	0	1	98.3	96.8	2.0	KCNQ5	78.6	
KCNQ5	sonnet_dual_triage	6	932	56	0	0	0	1	1	0	0	0	1	82.7	95.6		KCNQ4	76.8	
KCNS1	sonnet_dual_triage	6	526	91	0	0	0	1	1	1	0	1	1	92.4	84.6	4.0	KCNS2	44.0	1.0
KCNS2	sonnet_dual_triage	6	477	82	0	0	0	1	1	1	0	0	1	99.8	98.1	2.0	KCNS1	48.4	
KCNS3	sonnet_dual_triage	6	491	73	0	0	0	1	1	1	0	0	1	99.2	94.9	4.0	KCNS2	42.7	
KCNT1	sonnet_dual_triage	6	1230	74	0	0	0	1	0	0	0	0	1		88.6		KCNT2	47.3	
KCNT2	sonnet_dual_triage	6	1135	58	0	0	0	1	1	0	1	0	1	99.6	97.5		KCNT1	48.6	
KCNU1	sonnet_dual_triage	7	1149	88	0	1	0	0	1	0	0	0	0	91.6			KCNMA1	31.1	
KCNV1	sonnet_dual_triage	6	500	67	0	0	0	1	1	1	0	0	1	100.0	95.6	2.0	KCNF1	45.3	
KCNV2	sonnet_dual_triage	6	545	92	0	0	0	1	1	1	0	0	1	95.4	82.6	2.0	KCNA7	40.6	
KCP	sonnet_dual_triage	0	1568	1547	1	1	1	1	1	0	0	0	0	89.3	76.7		VWC2	9.1	
KCTD8	sonnet_dual_triage	0	473	0	0	0	0	1	1	1	0	0	0	98.3	95.3	6.0			
KDELR1	sonnet_dual_triage	7	212	17	0	1	0	1	1	0	1	0	1	61.8	99.5		KDELR2	82.4	
KDR	sonnet_dual_triage	1	1356	745	1	1	0	1	1	0	1	1	0	98.8	85.9		LMTK2	23.6	3.0
KEL	sonnet_dual_triage	1	732	666	0	0	1	1	0	0	0	1	0		72.3		ECE2	32.3	2.0
KIAA0040	sonnet_dual_triage	1	99	25	0	1	0	1	1	0	0	0	0	98.0	70.7				
KIAA0319	sonnet_dual_triage	1	1072	935	1	1	0	1	1	1	1	1	1	93.6	76.4	2.0	KIAA0319L	49.8	4.0
KIAA0319L	sonnet_dual_triage	1	1049	880	1	1	0	1	1	0	0	0	1	96.9	84.4		KIAA0319	49.8	
KIAA1549L	sonnet_dual_triage	1	1849	1181	0	1	0	1	1	0	0	1	0	82.8	71.9		KIAA1549	27.9	2.0
KIAA2013	sonnet_dual_triage	2	634	555	0	0	0	1	1	1	0	0	0	98.7	92.0	2.0			
KIDINS220	sonnet_dual_triage	4	1771	16	0	0	0	1	1	0	1	0	0	99.3	93.1				
KIR2DL1	sonnet_dual_triage	1	348	222	1	1	0	0	0	0	0	1	1				KIR2DL3	91.1	1.0
KIR2DL2	sonnet_dual_triage	1	348	222	1	1	0	0	0	0	0	1	0						1.0
KIR2DL3	sonnet_dual_triage	1	341	224	1	1	0	0	0	0	0	1	1				KIR2DL1	92.0	1.0
KIR2DL4	sonnet_dual_triage	1	377	219	1	1	0	0	1	0	1	1	1	81.9			KIR3DL2	53.3	2.0
KIR2DL5A	sonnet_dual_triage	1	375	219	1	1	0	0	0	0	0	1	0						1.0
KIR2DL5B	sonnet_dual_triage	1	375	219	1	1	0	0	0	0	0	1	0						2.0
KIR2DS1	sonnet_dual_triage	1	304	224	1	1	0	0	0	0	0	1	0						1.0
KIR2DS2	sonnet_dual_triage	1	304	224	1	1	0	0	0	0	0	1	0						2.0
KIR2DS3	sonnet_dual_triage	1	304	222	1	1	0	0	0	0	0	1	0						2.0
KIR2DS4	sonnet_dual_triage	1	304	224	1	1	0	0	0	0	0	1	1				KIR2DL3	89.7	2.0
KIR2DS5	sonnet_dual_triage	1	304	224	1	1	0	0	0	0	0	1	0						2.0
KIR3DL1	sonnet_dual_triage	1	444	319	1	1	0	0	0	0	0	1	1				KIR3DL2	86.2	2.0
KIR3DL2	sonnet_dual_triage	1	455	319	1	1	0	0	0	0	0	1	1				KIR3DL1	86.2	1.0
KIR3DL3	sonnet_dual_triage	1	410	296	1	1	0	0	0	0	0	1	1				KIR3DL2	70.8	2.0
KIR3DS1	sonnet_dual_triage	1	382	319	1	1	0	0	0	0	0	1	0						1.0
KIRREL1	sonnet_dual_triage	1	757	478	1	1	0	1	1	0	0	1	1	72.1	95.4		KIRREL3	53.4	3.0
KIRREL2	sonnet_dual_triage	1	708	490	1	1	0	1	1	0	1	1	1	94.9	83.8		KIRREL1	44.7	3.0
KIRREL3	sonnet_dual_triage	1	778	513	1	1	0	1	1	0	0	1	1	98.1	96.4		KIRREL1	53.4	3.0
KISS1R	sonnet_dual_triage	7	398	97	0	1	0	1	0	0	0	0	0		82.2		OPRD1	34.0	
KIT	sonnet_dual_triage	1	976	499	1	1	0	1	1	0	1	1	0	98.4	82.8		LMTK2	26.9	2.0
KITLG	sonnet_dual_triage	1	273	190	1	1	0	1	1	0	0	1	0	87.9	82.8				1.0
KL	sonnet_dual_triage	1	1012	948	1	1	0	1	1	0	1	1	1	96.4	85.9		KLB	45.6	5.0
KLB	sonnet_dual_triage	1	1044	996	0	1	0	1	1	0	0	0	1	97.1	78.7		KL	46.6	
KLK15	sonnet_dual_triage	0	256	240	1	1	1	1	1	0	0	0	1	94.5	75.8		KLK9	48.8	
KLK2	sonnet_dual_triage	0	261	244	1	1	1	0	0	0	0	0	1				KLK3	79.1	
KLK3	sonnet_dual_triage	0	261	244	1	1	1	0	1	0	0	0	1	90.0			KLK2	79.1	
KLK6	sonnet_dual_triage	0	244	228	1	1	1	1	0	0	0	0	1		68.4		KLK13	46.7	
KLK8	sonnet_dual_triage	0	260	232	1	1	1	1	1	0	0	0	1	94.2	71.9		KLK14	49.8	
KLRB1	sonnet_dual_triage	1	225	165	0	0	1	0	1	0	0	1	0	87.1			CLEC2L	24.8	1.0
KLRC1	sonnet_dual_triage	1	233	142	0	0	1	0	0	0	0	1	1				KLRC2	88.7	2.0
KLRC2	sonnet_dual_triage	1	231	138	0	0	1	0	0	1	0	1	1			2.0	KLRC1	88.7	1.0
KLRC3	sonnet_dual_triage	1	240	146	0	0	1	0	0	0	0	1	1				KLRC2	78.8	1.0
KLRC4	sonnet_dual_triage	1	158	70	0	0	1	0	0	0	0	0	0				KLRC2	39.9	
KLRD1	sonnet_dual_triage	1	179	148	0	0	1	1	1	1	1	0	0	92.2	54.2	2.0	CLEC12B	24.3	
KLRF1	sonnet_dual_triage	1	231	172	0	0	1	0	1	0	1	1	0	90.0			KLRG1	31.4	1.0
KLRF2	sonnet_dual_triage	1	207	156	0	0	1	0	1	1	0	1	0	92.3		2.0	KLRF1	30.8	1.0
KLRG1	sonnet_dual_triage	1	195	139	0	0	1	1	1	0	0	1	0	91.0	56.6		KLRF1	30.8	1.0
KLRG2	sonnet_dual_triage	1	409	128	0	0	1	1	0	0	1	0	0		57.2		OLR1	19.4	
KLRK1	sonnet_dual_triage	1	216	138	0	0	1	1	1	0	0	1	0	94.9	58.8		CLEC12B	26.6	1.0
KREMEN1	sonnet_dual_triage	1	473	373	1	1	0	1	1	0	0	1	1	99.1	93.9		KREMEN2	45.3	2.0
KREMEN2	sonnet_dual_triage	1	462	341	1	1	0	1	0	0	1	1	1		87.4		KREMEN1	45.0	2.0
KRT8	sonnet_dual_triage	0	483	0	0	0	0	1	0	0	0	0	0		91.1				
KRTCAP3	sonnet_dual_triage	4	240	69	0	0	0	1	1	0	0	0	1	95.4	85.8		TMEM54	47.8	
KRTDAP	sonnet_dual_triage	0	99	77	1	1	1	1	1	0	0	0	0	99.0	54.5				
KSR1	sonnet_dual_triage	0	923	0	0	0	0	1	1	0	0	0	0	98.9	85.9				
L1CAM	sonnet_dual_triage	1	1257	1102	1	1	0	1	1	0	0	1	0	97.8	88.5		HMCN2	8.4	6.0
LAD1	sonnet_dual_triage	0	517	0	0	0	0	1	1	0	0	0	0	92.1	66.3				
LAG3	sonnet_dual_triage	1	525	430	1	1	0	1	0	0	1	1	0		68.6		SIGIRR	19.3	3.0
LAIR1	sonnet_dual_triage	1	287	142	1	1	0	0	0	0	0	1	0						1.0
LAMA3	sonnet_dual_triage	0	3333	3302	1	1	1	1	1	0	0	0	1	96.1	77.8		TMEFF2	4.7	
LAMP1	sonnet_dual_triage	1	417	355	1	1	0	1	1	0	0	1	0	92.3	66.4		LAMP2	34.9	1.0
LAMP2	sonnet_dual_triage	1	410	350	1	1	0	1	1	0	0	1	0	91.2	60.2		LAMP1	35.2	1.0
LAMP3	sonnet_dual_triage	1	416	354	1	1	0	0	1	0	0	0	0	85.8					
LAMP5	sonnet_dual_triage	1	280	210	1	1	0	1	1	0	0	1	0	97.9	85.7		LAMP1	16.1	2.0
LANCL1	sonnet_dual_triage	0	399	0	0	0	0	1	1	0	0	0	0	99.7	91.5				
LANCL3	sonnet_dual_triage	0	420	0	0	0	0	1	1	0	0	0	0	74.0	95.7				
LAP3	sonnet_dual_triage	0	519	0	0	0	0	1	1	1	0	0	0	98.8	90.4	2.0			
LAPTM4B	sonnet_dual_triage	4	317	55	0	0	0	1	1	0	0	0	0	87.6	92.5		LAPTM4A	37.9	
LAPTM5	sonnet_dual_triage	6	262	58	0	0	0	1	1	0	0	0	0	94.7	79.0		LAPTM4A	17.2	
LAT2	sonnet_dual_triage	1	243	6	0	1	0	1	1	0	0	0	0	88.1	50.2				
LAX1	sonnet_dual_triage	1	398	37	0	1	0	1	1	0	1	0	0	94.2	51.3				
LAYN	sonnet_dual_triage	1	382	211	1	1	0	1	1	0	0	1	1	96.5	83.7		CHODL	52.6	1.0
LCN6	sonnet_dual_triage	0	163	143	1	1	1	1	0	1	0	0	0		73.0	2.0	LCN15	25.0	
LCP1	sonnet_dual_triage	0	627	0	0	0	0	1	1	0	0	0	0	99.5	97.0				
LCT	sonnet_dual_triage	1	1927	1862	1	1	0	1	1	0	0	1	0	95.9	79.8		GBA3	12.5	5.0
LCTL	sonnet_dual_triage	1	567	520	1	1	0	1	1	0	0	0	1	97.4	83.6		LCT	13.7	
LDLR	sonnet_dual_triage	1	860	765	1	1	0	1	1	0	0	1	1	88.0	78.1		VLDLR	51.0	3.0
LDLRAD1	sonnet_dual_triage	1	205	148	0	0	1	1	1	0	1	0	0	91.7	71.2				
LDLRAD2	sonnet_dual_triage	0	272	247	1	1	1	1	1	0	0	0	0	83.5	63.2		CD320	24.3	
LDLRAD3	sonnet_dual_triage	1	345	156	1	1	0	1	1	0	0	1	0	99.7	95.9				1.0
LEPR	sonnet_dual_triage	1	1165	820	1	1	0	1	1	0	1	1	0	95.7	75.5		PRLR	19.1	4.0
LGALS1	sonnet_dual_triage	0	135	0	0	0	0	1	1	1	0	0	0	96.3	88.1	2.0			
LGALS13	sonnet_dual_triage	0	139	0	0	0	0	0	1	0	0	0	0	95.7					
LGALS16	sonnet_dual_triage	0	142	0	0	0	0	0	1	0	0	0	0	94.4					
LGALS3	sonnet_dual_triage	0	250	0	0	0	0	1	1	0	0	0	0	91.2	84.0				
LGALS3BP	sonnet_dual_triage	1	585	119	1	1	0	1	1	1	0	0	0	94.9	67.7	2.0	DMBT1	2.9	
LGALS4	sonnet_dual_triage	0	323	0	0	0	0	1	1	0	0	0	0	91.0	76.8				
LGALS7	sonnet_dual_triage	0	136	0	0	0	0	0	0	0	0	0	0						
LGALS8	sonnet_dual_triage	0	317	0	0	0	0	1	1	0	0	0	0	95.3	79.5				
LGALS9	sonnet_dual_triage	0	355	0	0	0	0	0	0	0	0	0	0						
LGALS9B	sonnet_dual_triage	0	356	0	0	0	0	0	0	0	0	0	0						
LGALS9C	sonnet_dual_triage	0	356	0	0	0	0	0	0	0	0	0	0						
LGI1	sonnet_dual_triage	0	557	523	1	1	1	1	1	0	0	0	1	100.0	96.8		LGI2	56.8	
LGI2	sonnet_dual_triage	0	545	516	1	1	1	1	1	0	0	0	1	99.4	97.6		LGI1	56.8	
LGI3	sonnet_dual_triage	0	548	518	1	1	1	1	1	0	0	0	1	98.5	96.5		LGI1	53.0	
LGI4	sonnet_dual_triage	0	537	518	1	1	1	1	1	0	0	0	1	97.6	88.5		LGI1	49.5	
LGMN	sonnet_dual_triage	0	433	416	1	1	1	1	1	1	0	0	0	98.8	83.4	2.0	PIGK	25.5	
LGR4	sonnet_dual_triage	7	951	572	1	1	0	1	1	0	0	0	1	96.6	93.0		LGR5	53.3	
LGR5	sonnet_dual_triage	7	907	593	1	1	0	1	1	0	0	0	1	97.9	85.8		LGR6	61.1	
LGR6	sonnet_dual_triage	7	967	599	1	1	0	1	1	0	0	1	1	90.8	90.2		LGR5	61.1	1.0
LGTN	sonnet_dual_triage	0	584	0	0	0	0	0	0	0	0	0	0						
LHCGR	sonnet_dual_triage	7	699	398	1	1	0	1	1	0	0	0	1	96.3	82.4		FSHR	48.0	
LHFPL1	sonnet_dual_triage	4	220	86	0	0	0	1	1	0	1	0	1	99.5	94.5		LHFPL6	66.3	
LHFPL2	sonnet_dual_triage	4	228	100	0	0	0	1	1	1	0	0	0	97.4	83.8	2.0	LHFPL1	28.0	
LHFPL3	sonnet_dual_triage	4	236	82	0	0	0	1	1	0	0	0	1	93.6	94.1		LHFPL4	72.3	
LHFPL5	sonnet_dual_triage	4	219	82	0	0	0	1	1	0	0	0	1	98.6	98.2		LHFPL3	70.7	
LHFPL6	sonnet_dual_triage	4	200	86	0	0	0	1	1	0	0	0	1	100.0	97.0		LHFPL1	65.1	
LHFPL7	sonnet_dual_triage	4	200	72	0	0	0	1	1	0	0	0	0	94.0	60.5		LHFPL1	30.2	
LIFR	sonnet_dual_triage	1	1097	791	1	1	0	1	1	0	0	1	0	97.1	75.2		PRLR	18.1	3.0
LILRA1	sonnet_dual_triage	1	489	435	1	1	0	0	0	0	0	1	1				LILRA2	78.4	2.0
LILRA2	sonnet_dual_triage	1	483	423	1	1	0	0	0	0	1	1	1				LILRA1	78.4	3.0
LILRA4	sonnet_dual_triage	1	499	423	1	1	0	0	0	0	0	1	1				LILRB3	70.4	4.0
LILRA5	sonnet_dual_triage	1	299	224	1	1	0	0	0	0	1	1	1				LILRA6	37.6	1.0
LILRA6	sonnet_dual_triage	1	481	423	1	1	0	0	0	0	1	1	1				LILRB3	94.3	3.0
LILRB1	sonnet_dual_triage	1	650	439	1	1	0	0	0	0	1	1	1				LILRB2	80.4	2.0
LILRB2	sonnet_dual_triage	1	597	438	1	1	0	0	0	0	0	1	1				LILRB1	80.4	2.0
LILRB3	sonnet_dual_triage	1	631	422	1	1	0	0	0	0	0	1	1				LILRA6	94.6	3.0
LILRB4	sonnet_dual_triage	1	448	238	1	1	0	0	0	0	0	0	1				LILRB3	37.7	
LILRB5	sonnet_dual_triage	1	590	433	1	1	0	0	1	0	0	1	1	87.1			LILRB3	67.4	2.0
LIM2	sonnet_dual_triage	4	173	60	0	0	0	1	1	0	0	0	0	96.5	91.3		GSG1L	23.0	
LIME1	sonnet_dual_triage	1	295	10	0	1	0	1	1	0	1	0	1	91.9	55.6				
LINGO1	sonnet_dual_triage	1	620	518	1	1	0	1	1	0	0	1	1	99.5	98.4		LINGO2	62.0	3.0
LINGO2	sonnet_dual_triage	1	606	513	1	1	0	1	0	0	0	1	1		97.7		LINGO1	61.8	3.0
LINGO3	sonnet_dual_triage	1	592	502	1	1	0	1	0	0	0	1	1		88.5		LINGO4	47.0	3.0
LINGO4	sonnet_dual_triage	1	593	502	1	1	0	1	1	0	0	1	1	98.5	94.3		LINGO3	47.0	3.0
LIPC	sonnet_dual_triage	0	499	477	1	1	1	1	1	0	0	0	1	95.0	74.9		LPL	42.6	
LIPG	sonnet_dual_triage	0	500	480	1	1	1	1	1	0	0	0	1	97.6	80.2		LPL	46.5	
LIPH	sonnet_dual_triage	0	451	433	1	1	1	1	1	0	0	0	1	94.2	77.8		LIPI	45.2	
LIPM	sonnet_dual_triage	0	423	390	1	1	1	1	1	0	0	0	1	98.6	87.2		LIPA	60.5	
LMAN2	sonnet_dual_triage	1	356	278	1	1	0	1	1	0	0	1	1	99.7	94.9		LMAN2L	59.4	2.0
LMBR1	sonnet_dual_triage	9	490	117	0	1	0	1	1	1	1	0	1	99.2	96.1	2.0	LMBR1L	67.5	
LMBR1L	sonnet_dual_triage	9	489	120	0	1	0	1	1	0	1	0	1	98.4	95.5		LMBR1	68.3	
LMBRD2	sonnet_dual_triage	9	695	130	0	1	0	1	1	0	0	0	0	99.4	94.5				
LMLN	sonnet_dual_triage	0	647	604	1	1	1	1	1	0	0	0	0	98.2	89.8				
LMO7	sonnet_dual_triage	0	1683	0	0	0	0	1	1	0	0	0	0	95.8	81.1				
LMTK3	sonnet_dual_triage	1	1460	19	1	1	0	1	0	0	0	0	0		87.7		AATK	16.1	
LNPEP	sonnet_dual_triage	1	1025	894	0	0	1	1	1	0	0	1	1	96.7	87.8		ERAP1	46.3	1.0
LOX	sonnet_dual_triage	0	417	396	1	1	1	1	1	0	0	0	1	97.4	86.3		LOXL1	42.1	
LOXL1	sonnet_dual_triage	0	574	549	1	1	1	1	1	0	0	0	1	72.0	91.6		LOX	41.9	
LOXL2	sonnet_dual_triage	0	774	749	1	1	1	1	1	0	0	0	1	87.7	86.4		LOXL3	55.5	
LOXL3	sonnet_dual_triage	0	753	728	1	1	1	1	1	0	0	0	1	98.9	92.3		LOXL2	55.5	
LOXL4	sonnet_dual_triage	0	756	732	1	1	1	1	1	0	0	0	1	97.6	87.2		LOXL3	56.4	
LPAR1	sonnet_dual_triage	7	364	99	0	1	0	1	0	0	0	0	1		97.3		LPAR2	42.4	
LPAR2	sonnet_dual_triage	7	348	84	0	1	0	1	1	0	0	0	1	98.0	92.2		LPAR1	46.5	
LPAR3	sonnet_dual_triage	7	353	84	0	1	0	1	1	0	0	0	1	96.9	91.5		LPAR1	44.4	
LPAR4	sonnet_dual_triage	7	370	90	0	1	0	1	1	0	0	0	0	99.2	98.4		LPAR6	35.6	
LPAR5	sonnet_dual_triage	7	372	90	0	1	0	1	1	0	0	0	0	56.2	80.9		GPR68	31.1	
LPAR6	sonnet_dual_triage	7	344	73	0	1	0	1	0	1	0	0	0		93.0	2.0	LPAR4	37.8	
LPL	sonnet_dual_triage	0	475	455	1	1	1	1	1	0	0	1	1	99.4	92.8		LIPG	46.5	3.0
LPXN	sonnet_dual_triage	0	386	0	0	0	0	1	1	0	0	0	0	98.2	85.0				
LRATD2	sonnet_dual_triage	0	310	0	0	0	0	1	1	0	0	0	0	98.1	92.6				
LRCH4	sonnet_dual_triage	1	683	5	0	0	1	1	1	0	0	0	1	96.8	79.2		LRRC8D	0.7	
LRCOL1	sonnet_dual_triage	0	159	137	1	1	1	0	0	0	0	0	0				CLPSL2	21.2	
LRFN1	sonnet_dual_triage	1	771	505	1	1	0	1	1	0	0	1	1	62.1	95.3		LRFN5	60.4	4.0
LRFN2	sonnet_dual_triage	1	789	514	1	1	0	1	1	0	0	1	1	97.6	94.9		LRFN4	58.4	2.0
LRFN3	sonnet_dual_triage	1	628	523	1	1	0	1	0	0	0	1	1		96.0		LRFN1	59.8	1.0
LRFN4	sonnet_dual_triage	1	635	501	1	1	0	1	1	0	0	1	1	54.3	96.9		LRFN2	58.4	3.0
LRFN5	sonnet_dual_triage	1	719	512	1	1	0	1	1	0	0	1	1	99.2	96.8		LRFN1	60.4	2.0
LRG1	sonnet_dual_triage	0	347	312	1	1	1	1	1	1	0	0	0	92.5	62.8	2.0	CHADL	18.2	
LRIG1	sonnet_dual_triage	1	1093	759	1	1	0	1	1	0	0	1	1	96.6	83.3		LRIG3	57.8	7.0
LRIG2	sonnet_dual_triage	1	1065	767	1	1	0	1	1	0	0	1	1	97.6	89.5		LRIG3	65.4	4.0
LRIG3	sonnet_dual_triage	1	1119	785	1	1	0	1	1	0	0	1	1	97.7	86.0		LRIG2	65.4	5.0
LRIT1	sonnet_dual_triage	1	623	505	1	1	0	1	1	0	0	1	0	92.3	79.0		LRIT3	36.4	2.0
LRIT2	sonnet_dual_triage	1	550	442	1	1	0	1	1	1	0	1	0	94.2	71.3	2.0	LRRC3B	17.6	2.0
LRIT3	sonnet_dual_triage	1	679	563	1	1	0	1	1	0	0	1	0	95.1	71.7		LRIT1	36.4	2.0
LRP1	sonnet_dual_triage	1	4544	4404	1	1	0	1	1	0	1	1	1	99.3	98.0		LRP1B	61.3	2.0
LRP10	sonnet_dual_triage	1	713	424	1	1	0	1	1	0	0	1	0	97.5	87.7		LRP1B	4.8	2.0
LRP11	sonnet_dual_triage	1	500	414	1	1	0	1	1	0	1	1	0	55.2	68.6		SPINT4	7.2	4.0
LRP12	sonnet_dual_triage	1	859	460	1	1	0	1	1	0	0	1	1	98.6	92.7		LRP2	4.7	3.0
LRP1B	sonnet_dual_triage	1	4599	4423	1	1	0	1	1	0	0	1	1	98.5	91.7		LRP1	61.3	6.0
LRP2	sonnet_dual_triage	1	4655	4399	1	1	0	1	1	0	0	1	0	98.0	76.8		LRP3	6.3	7.0
LRP3	sonnet_dual_triage	1	770	463	1	1	0	1	0	0	0	1	1		93.1		LRP2	5.1	1.0
LRP4	sonnet_dual_triage	1	1905	1705	1	1	0	1	1	0	0	1	0	99.2	96.9		LRP1	17.2	4.0
LRP5	sonnet_dual_triage	1	1615	1355	1	1	0	1	0	0	0	1	1		94.1		LRP6	72.4	5.0
LRP6	sonnet_dual_triage	1	1613	1354	1	1	0	1	1	0	0	1	1	99.0	98.0		LRP5	72.5	6.0
LRP8	sonnet_dual_triage	1	963	793	1	1	0	1	1	0	0	1	1	83.4	90.0		LDLR	50.2	5.0
LRRC15	sonnet_dual_triage	1	581	519	1	1	0	1	1	0	0	1	0	97.9	81.8		LRTM1	17.5	1.0
LRRC17	sonnet_dual_triage	0	441	423	1	1	1	1	1	0	0	0	0	98.6	88.0		LRRC3	17.5	
LRRC19	sonnet_dual_triage	1	370	246	1	1	0	1	1	0	0	1	0	94.9	70.0		FLRT1	18.5	1.0
LRRC24	sonnet_dual_triage	1	513	383	1	1	0	1	0	0	0	1	0		83.4		TRIL	24.0	2.0
LRRC26	sonnet_dual_triage	1	334	235	1	1	0	1	1	0	1	0	0	91.9	67.1		CHADL	14.9	
LRRC3	sonnet_dual_triage	1	257	172	1	1	0	1	1	0	0	0	1	96.1	80.2		IGFALS	13.5	
LRRC32	sonnet_dual_triage	1	662	610	1	1	0	1	1	0	0	1	0	97.3	79.6		LRRC3C	16.4	2.0
LRRC37A	sonnet_dual_triage	1	1700	1543	1	1	0	0	0	0	0	1	1				LRRC37A2	99.4	3.0
LRRC37B	sonnet_dual_triage	1	947	878	1	1	0	0	0	0	0	1	1				LRRC37A	42.7	2.0
LRRC3C	sonnet_dual_triage	1	275	181	1	1	0	1	1	0	0	0	1	93.1	78.2		NRROS	12.5	
LRRC4	sonnet_dual_triage	1	653	489	1	1	0	1	1	0	0	0	1	90.2	97.7		LRRC4B	59.1	
LRRC4B	sonnet_dual_triage	1	713	541	1	1	0	1	0	0	0	1	1		96.4		LRRC4C	63.4	2.0
LRRC4C	sonnet_dual_triage	1	640	483	1	1	0	1	1	0	0	0	1	100.0	99.7		LRRC4B	62.8	
LRRC51	sonnet_dual_triage	0	192	0	0	0	0	1	0	0	0	0	0		85.9				
LRRC52	sonnet_dual_triage	1	313	222	1	1	0	1	1	0	0	1	0	89.5	73.8		CHADL	12.4	2.0
LRRC53	sonnet_dual_triage	1	1247	281	1	1	0	0	1	0	0	0	0	93.0			TLR7	9.7	
LRRC57	sonnet_dual_triage	0	239	0	0	0	0	1	1	0	0	0	0	98.7	95.4				
LRRC70	sonnet_dual_triage	1	622	495	1	1	0	0	0	0	0	0	0				SLIT1	12.3	
LRRC8A	sonnet_dual_triage	4	810	105	0	0	0	1	0	0	0	0	1		99.0		LRRC8B	44.8	
LRRC8B	sonnet_dual_triage	4	803	101	0	0	0	1	1	0	0	0	1	99.5	93.6		LRRC8A	44.8	
LRRC8C	sonnet_dual_triage	4	803	111	0	0	0	1	1	0	0	0	1	99.8	97.4		LRRC8E	55.0	
LRRC8D	sonnet_dual_triage	4	858	145	0	0	0	1	1	0	0	0	0	99.3	96.0		LRRC8E	30.3	
LRRC8E	sonnet_dual_triage	4	796	98	0	0	0	1	1	0	0	0	1	98.0	90.3		LRRC8C	51.4	
LRRFIP1	sonnet_dual_triage	0	808	0	0	0	0	0	0	0	0	0	0						
LRRN1	sonnet_dual_triage	1	716	606	1	1	0	1	1	0	0	1	1	99.0	95.5		LRRN3	58.1	2.0
LRRN2	sonnet_dual_triage	1	713	611	1	1	0	1	1	0	0	1	1	99.2	90.0		LRRN1	54.3	4.0
LRRN3	sonnet_dual_triage	1	708	606	1	1	0	1	0	0	0	1	1		87.9		LRRN1	58.1	2.0
LRRN4	sonnet_dual_triage	1	740	664	1	1	0	1	1	0	0	1	0	72.2	64.2		LRRN4CL	12.5	1.0
LRRN4CL	sonnet_dual_triage	1	238	175	1	1	0	1	1	0	0	1	0	81.9	68.1		LRRN4	10.8	1.0
LRRTM1	sonnet_dual_triage	1	522	391	1	1	0	1	1	0	0	0	1	78.0	97.1		LRRTM4	50.3	
LRRTM2	sonnet_dual_triage	1	516	389	1	1	0	1	1	0	0	1	0	100.0	98.1		LRIG2	18.4	2.0
LRRTM3	sonnet_dual_triage	1	581	389	1	1	0	1	1	0	0	1	1	100.0	97.6		LRRTM4	62.4	2.0
LRRTM4	sonnet_dual_triage	1	590	394	1	1	0	1	1	0	0	1	1	99.0	94.6		LRRTM3	62.4	2.0
LRTM1	sonnet_dual_triage	1	345	268	1	1	0	1	1	0	0	1	0	93.0	66.4		PODN	17.7	1.0
LRTM2	sonnet_dual_triage	1	370	275	1	1	0	1	1	0	0	1	0	97.8	92.2		SLIT3	8.5	1.0
LRTM3	sonnet_dual_triage	1	7081	37	0	1	0	0	0	0	0	0	0						
LSAMP	sonnet_dual_triage	0	338	307	1	1	1	1	1	1	0	1	1	95.0	98.5	2.0	NEGR1	54.2	4.0
LSM4	sonnet_dual_triage	0	139	0	0	0	0	1	1	0	0	0	0	81.3	96.4				
LSMEM1	sonnet_dual_triage	1	131	48	0	0	1	1	1	0	1	1	0	96.9	81.7				1.0
LSMEM2	sonnet_dual_triage	1	164	46	0	0	1	1	1	0	0	0	0	88.4	75.6				
LSR	sonnet_dual_triage	2	649	180	0	0	0	1	1	0	1	0	1	94.5	77.9		ILDR2	46.1	
LST1	sonnet_dual_triage	1	97	11	0	1	0	1	0	0	1	0	0		52.6				
LTA	sonnet_dual_triage	0	205	171	1	1	1	1	1	1	0	0	0	97.6	72.2	3.0	LTB	26.9	
LTB	sonnet_dual_triage	1	244	201	0	0	1	1	1	1	1	0	0	97.1	75.4	3.0	TNFSF14	31.3	
LTB4R	sonnet_dual_triage	7	352	80	0	1	0	0	0	1	0	0	0			2.0	UTS2R	22.5	
LTB4R2	sonnet_dual_triage	7	358	78	0	1	0	1	0	0	0	0	0		92.5		UTS2R	27.5	
LTBR	sonnet_dual_triage	1	435	198	1	1	0	1	1	0	0	1	0	93.1	65.1		TNFRSF1B	31.5	2.0
LTK	sonnet_dual_triage	1	864	406	1	1	0	1	1	0	1	0	0	89.4	78.9		ALK	20.8	
LVRN	sonnet_dual_triage	1	990	954	0	0	1	1	1	0	1	0	0	93.9	67.5		ANPEP	37.1	
LY6D	sonnet_dual_triage	0	128	108	1	1	1	1	0	0	0	0	0		59.4		LYNX1	37.0	
LY6E	sonnet_dual_triage	0	131	111	1	1	1	1	0	0	0	1	0		61.1		PSCA	36.0	3.0
LY6G5B	sonnet_dual_triage	0	201	183	1	1	1	1	0	0	0	0	0		61.2				
LY6G5C	sonnet_dual_triage	0	150	109	1	1	1	1	1	0	0	0	0	88.0	67.3				
LY6G6C	sonnet_dual_triage	0	125	107	1	1	1	1	1	0	0	1	0	98.4	84.8				1.0
LY6G6D	sonnet_dual_triage	0	133	114	1	1	1	1	0	0	0	1	0		63.2		LY6G6F	17.1	1.0
LY6G6F	sonnet_dual_triage	1	297	217	1	1	0	1	1	0	1	1	0	95.3	66.0		LY6G6D	16.6	2.0
LY6H	sonnet_dual_triage	0	140	115	1	1	1	1	1	0	0	1	0	95.0	89.4		LY6S	34.8	2.0
LY6K	sonnet_dual_triage	0	165	148	1	1	1	0	1	0	0	1	0	83.0			GML	27.0	2.0
LY6L	sonnet_dual_triage	0	138	121	1	1	1	0	1	0	0	0	0	84.1			LY6S	33.9	
LY6S	sonnet_dual_triage	0	134	108	1	1	1	0	0	0	0	0	0				LY6H	34.8	
LY75	sonnet_dual_triage	1	1722	1642	1	1	0	1	1	0	0	1	0	92.0	76.9		PLA2R1	32.0	6.0
LY86	sonnet_dual_triage	0	162	142	1	1	1	1	0	0	0	0	0		66.7				
LY9	sonnet_dual_triage	1	655	409	1	1	0	1	0	1	0	1	0		54.8	2.0	CD84	19.8	4.0
LY96	sonnet_dual_triage	0	160	142	1	1	1	1	1	0	0	0	0	93.1	62.5				
LYG1	sonnet_dual_triage	0	194	175	1	1	1	1	1	0	0	0	0	92.8	70.6		LYG2	37.8	
LYNX1	sonnet_dual_triage	0	116	96	1	1	1	0	0	0	0	0	0				LY6D	37.0	
LYPD1	sonnet_dual_triage	0	141	121	1	1	1	1	1	0	0	1	0	98.6	93.6		LYPD2	31.4	1.0
LYPD2	sonnet_dual_triage	0	125	103	1	1	1	1	1	0	0	1	0	76.8	67.2		SLURP1	34.0	1.0
LYPD3	sonnet_dual_triage	0	346	316	1	1	1	1	1	0	0	1	0	80.9	74.3		LYPD5	23.1	2.0
LYPD4	sonnet_dual_triage	0	246	220	1	1	1	1	1	0	0	1	0	95.5	69.5		CD177	18.3	1.0
LYPD5	sonnet_dual_triage	0	251	226	1	1	1	1	1	0	0	1	0	95.2	70.5		LYPD3	23.1	1.0
LYPD6	sonnet_dual_triage	0	171	149	1	1	1	1	1	0	0	0	1	99.4	94.7		LYPD6B	43.6	
LYPD6B	sonnet_dual_triage	0	183	144	1	1	1	1	1	0	0	1	1	96.6	72.5		LYPD6	42.3	2.0
LYPD8	sonnet_dual_triage	0	237	218	1	1	1	0	1	0	0	1	0	86.5			PINLYP	22.9	1.0
LYSMD2	sonnet_dual_triage	0	215	0	0	0	0	1	1	0	0	0	0	90.7	89.3				
LYSMD3	sonnet_dual_triage	1	306	68	0	0	1	1	1	0	1	0	0	97.7	80.1		LYSMD4	23.5	
LYVE1	sonnet_dual_triage	1	322	215	1	1	0	1	1	0	0	0	0	94.1	68.6		CD44	13.2	
LYZL1	sonnet_dual_triage	0	148	129	1	1	1	0	0	0	0	0	1				LYZL2	96.9	
LYZL4	sonnet_dual_triage	0	146	127	1	1	1	1	1	0	0	0	1	95.9	69.9		SPACA3	43.3	
LYZL6	sonnet_dual_triage	0	148	129	1	1	1	1	1	0	0	0	1	68.9	70.9		SPACA5B	44.2	
M6PR	sonnet_dual_triage	1	277	164	1	1	0	1	1	1	0	1	0	99.3	92.1	2.0			1.0
MADCAM1	sonnet_dual_triage	1	382	303	1	1	0	0	1	0	1	0	0	77.0					
MADD	sonnet_dual_triage	0	1647	0	0	0	0	1	1	0	0	0	0	95.1	94.3				
MAEA	sonnet_dual_triage	0	396	0	0	0	0	1	1	0	0	0	0	95.2	98.7				
MAG	sonnet_dual_triage	1	626	495	1	1	0	1	1	0	0	1	0	97.6	94.4		SIGLECL1	10.1	3.0
MAGEA10	sonnet_dual_triage	0	369	0	0	0	0	0	1	0	0	0	0	94.6					
MAGI3	sonnet_dual_triage	0	1481	0	0	0	0	1	1	0	0	0	0	97.1	71.6				
MAGT1	sonnet_dual_triage	4	335	209	1	1	1	1	1	0	1	0	1	98.5	93.7		TUSC3	76.2	
MALL	sonnet_dual_triage	4	153	24	0	0	0	1	1	0	0	0	0	91.5	85.0		MAL2	32.4	
MALRD1	sonnet_dual_triage	1	2156	2044	1	1	0	1	1	0	0	1	0	92.8	71.5		MAMDC2	11.7	5.0
MAMDC4	sonnet_dual_triage	1	1216	1136	1	1	0	1	1	0	1	1	0	80.4	73.3		MALRD1	17.9	1.0
MAN2B1	sonnet_dual_triage	0	1011	962	1	1	1	1	1	1	0	0	0	88.1	75.6	2.0	MAN2A2	27.5	
MANF	sonnet_dual_triage	0	182	158	1	1	1	1	1	0	0	0	1	97.8	96.2		CDNF	62.7	
MANSC4	sonnet_dual_triage	1	340	262	1	1	0	1	1	1	0	1	0	89.4	61.5	2.0	MANSC1	20.4	1.0
MAP1B	sonnet_dual_triage	0	2468	0	0	0	0	1	1	0	0	0	0	98.2	90.9				
MARCKS	sonnet_dual_triage	0	332	0	0	0	0	1	0	0	0	0	0		69.9				
MARCO	sonnet_dual_triage	1	520	455	0	0	1	1	1	0	1	0	0	91.9	67.7		MSR1	28.6	
MARCOL	sonnet_dual_triage	0	285	266	1	1	1	0	0	0	0	0	0						
MARVELD1	sonnet_dual_triage	4	173	31	0	0	0	1	0	0	0	0	0		88.4		PLP2	12.9	
MAS1	sonnet_dual_triage	7	325	79	0	1	0	1	1	0	0	0	0	98.5	90.2		MRGPRE	20.3	
MAS1L	sonnet_dual_triage	7	378	110	0	1	0	0	0	0	0	0	0				MRGPRF	17.3	
MASP2	sonnet_dual_triage	0	686	671	1	1	1	1	1	0	0	0	1	95.3	81.5		PRRG2	10.7	
MBLAC2	sonnet_dual_triage	0	279	0	0	0	0	1	1	0	0	0	0	81.4	96.8				
MC1R	sonnet_dual_triage	7	317	76	0	1	0	1	1	0	0	0	0	92.7	75.7		MC4R	28.9	
MC2R	sonnet_dual_triage	7	297	61	0	1	0	1	0	0	0	0	0		88.6		GPR6	15.2	
MC3R	sonnet_dual_triage	7	323	76	0	1	0	1	1	0	0	0	0	94.1	88.9		MC5R	36.8	
MC4R	sonnet_dual_triage	7	332	74	0	1	0	1	1	0	0	0	0	98.5	94.0		MC5R	37.8	
MC5R	sonnet_dual_triage	7	325	73	0	1	0	1	0	0	0	0	1		80.3		MC4R	40.5	
MCAM	sonnet_dual_triage	1	646	536	1	1	0	1	1	0	1	1	0	94.3	76.5		AGER	21.3	2.0
MCC	sonnet_dual_triage	0	829	0	0	0	0	1	1	1	0	0	0	98.6	93.4	2.0			
MCEMP1	sonnet_dual_triage	1	187	81	0	0	1	0	1	0	0	0	0	82.2					
MCHR1	sonnet_dual_triage	7	353	95	0	1	0	1	1	0	0	0	0	98.9	96.0		MCHR2	31.6	
MCHR2	sonnet_dual_triage	7	340	87	0	1	0	0	1	0	0	0	0	97.6			MCHR1	30.5	
MCOLN1	sonnet_dual_triage	6	580	266	0	0	0	1	1	1	0	0	1	98.4	91.4	4.0	MCOLN3	53.8	
MCOLN2	sonnet_dual_triage	6	566	255	0	0	0	1	1	1	0	0	1	94.7	79.5	4.0	MCOLN3	53.3	
MCTP1	sonnet_dual_triage	4	999	2	0	0	0	1	1	0	1	0	0	97.8	87.5		MCTP2	33.3	
MDFIC	sonnet_dual_triage	0	246	0	0	0	0	1	1	0	0	0	0	94.7	81.7				
MDGA1	sonnet_dual_triage	0	955	937	1	1	1	1	1	0	0	1	1	96.3	96.3		MDGA2	53.4	6.0
MDGA2	sonnet_dual_triage	0	956	936	1	1	1	1	1	0	0	1	1	99.5	97.1		MDGA1	53.4	5.0
MEGF10	sonnet_dual_triage	1	1140	832	1	1	0	1	1	0	1	1	1	98.7	94.6		MEGF11	68.4	7.0
MEGF11	sonnet_dual_triage	1	1044	831	1	1	0	1	1	0	0	1	1	98.0	85.9		MEGF10	68.4	5.0
MEGF6	sonnet_dual_triage	0	1541	1511	1	1	1	1	1	0	0	0	0	89.0	78.1		MEGF11	27.4	
MEGF8	sonnet_dual_triage	1	2845	2620	1	1	0	1	1	0	0	1	0	96.0	94.0		TMEFF2	5.2	7.0
MEGF9	sonnet_dual_triage	1	602	485	1	1	0	1	1	0	0	1	0	88.7	79.1		HSPG2	5.1	3.0
MELTF	sonnet_dual_triage	0	738	719	1	1	1	1	1	0	0	1	1	91.9	83.7		SRPRB	12.5	3.0
MEP1A	sonnet_dual_triage	1	746	697	1	1	0	0	1	1	0	1	1	95.4		2.0	MEP1B	42.8	2.0
MEP1B	sonnet_dual_triage	1	701	630	1	1	0	1	1	1	0	1	1	94.2	77.6	2.0	MEP1A	42.8	2.0
MERTK	sonnet_dual_triage	1	999	478	1	1	0	1	1	0	0	1	0	96.0	81.1		ROS1	8.2	2.0
MEST	sonnet_dual_triage	0	335	0	0	0	0	1	0	0	0	0	0		81.2				
MET	sonnet_dual_triage	1	1390	909	1	1	0	1	1	0	1	1	0	98.1	88.9		ROR1	13.6	2.0
METRN	sonnet_dual_triage	0	293	270	1	1	1	1	1	0	0	0	1	92.8	80.5		METRNL	47.4	
METRNL	sonnet_dual_triage	0	311	266	1	1	1	1	1	0	0	0	1	95.5	77.2		METRN	47.4	
METTL9	sonnet_dual_triage	0	318	0	0	0	0	1	1	0	0	0	0	98.4	97.2				
MFAP3	sonnet_dual_triage	1	362	127	1	1	0	1	1	0	0	0	1	98.9	80.7		MFAP3L	44.9	
MFAP3L	sonnet_dual_triage	1	409	121	1	1	0	1	1	0	1	0	1	94.4	90.0		MFAP3	40.2	
MFGE8	sonnet_dual_triage	0	387	364	1	1	1	1	1	0	0	0	1	96.1	61.5		EDIL3	43.5	
MFRP	sonnet_dual_triage	1	579	489	0	0	1	1	1	0	0	1	0	95.9	69.8		CUBN	6.2	2.0
MFSD2A	sonnet_dual_triage	12	543	176	0	1	1	1	1	0	1	0	0	97.0	85.1		MFSD12	18.2	
MFSD2B	sonnet_dual_triage	12	504	83	0	0	0	1	1	0	0	0	0	95.6	81.9		MFSD12	15.1	
MFSD6	sonnet_dual_triage	12	791	192	0	0	0	1	1	0	0	0	0	98.5	88.0		MFSD6L	24.9	
MFSD6L	sonnet_dual_triage	12	586	197	0	0	0	1	1	0	0	0	0	91.8	67.6		MFSD6	24.9	
MFSD8	sonnet_dual_triage	12	518	120	0	0	0	1	1	0	1	0	0	94.6	81.7		SLC71A2	15.0	
MGAM	sonnet_dual_triage	1	2753	2719	0	0	1	1	1	0	0	0	1	65.0	79.9		SI	39.6	
MGAM2	sonnet_dual_triage	1	2515	2485	0	0	1	1	1	0	0	0	1	92.0	59.4		SI	40.8	
MGRN1	sonnet_dual_triage	0	552	0	0	0	0	1	1	0	0	0	0	97.6	89.1				
MICA	sonnet_dual_triage	1	383	284	1	1	0	0	0	0	0	1	1				MICB	84.8	2.0
MICB	sonnet_dual_triage	1	383	289	1	1	0	0	0	0	1	1	1				MICA	85.1	2.0
MIF	sonnet_dual_triage	0	115	0	0	0	0	1	1	1	0	0	0	100.0	89.6	3.0			
MIGA1	sonnet_dual_triage	0	632	0	0	0	0	1	1	0	0	0	0	99.2	84.8				
MIGA2	sonnet_dual_triage	0	593	0	0	0	0	1	0	0	0	0	0		92.6				
MILR1	sonnet_dual_triage	1	343	209	1	1	0	0	1	0	0	1	0	90.7			FCRL5	9.6	2.0
MINAR1	sonnet_dual_triage	1	916	4	0	0	1	1	1	0	0	0	0	92.1	90.0		MINAR2	25.0	
MINPP1	sonnet_dual_triage	0	487	457	1	1	1	1	1	0	0	0	0	96.5	81.9				
MIP	sonnet_dual_triage	6	263	56	0	0	0	1	1	1	0	0	1	97.3	93.2	4.0	AQP4	49.1	
MLC1	sonnet_dual_triage	8	377	78	0	0	0	1	1	1	1	0	0	74.8	89.1	2.0			
MLKL	sonnet_dual_triage	0	471	0	0	0	0	1	1	1	0	0	0	90.9	61.4	2.0			
MLNR	sonnet_dual_triage	7	412	139	0	1	0	0	0	0	1	0	0				GHSR	28.1	
MMD	sonnet_dual_triage	7	238	46	0	0	1	1	1	0	0	0	1	100.0	99.2		MMD2	58.7	
MME	sonnet_dual_triage	1	750	702	0	0	1	1	1	1	0	0	1	98.9	94.1	2.0	MMEL1	52.5	
MMEL1	sonnet_dual_triage	1	779	733	0	0	1	1	1	1	0	1	1	97.3	77.0	2.0	MME	52.5	3.0
MMP14	sonnet_dual_triage	1	582	513	1	1	0	1	1	0	0	1	1	99.0	96.6		MMP15	54.0	2.0
MMP15	sonnet_dual_triage	1	669	581	1	1	0	1	1	0	0	0	1	86.2	87.3		MMP14	54.2	
MMP16	sonnet_dual_triage	1	607	528	1	1	0	1	1	0	1	1	1	100.0	98.0		MMP24	66.9	1.0
MMP17	sonnet_dual_triage	0	603	565	1	1	1	1	1	0	0	1	1	82.8	81.9		MMP25	47.8	1.0
MMP2	sonnet_dual_triage	0	660	631	1	1	1	1	1	0	0	0	1	99.8	95.9		MMP7	21.6	
MMP23B	sonnet_dual_triage	0	390	352	1	1	1	1	1	0	0	0	0	80.8	84.1		MMP24	22.9	
MMP24	sonnet_dual_triage	1	645	550	1	1	0	1	1	0	0	0	1	96.6	91.2		MMP16	67.3	
MMP25	sonnet_dual_triage	0	562	541	1	1	1	1	0	0	0	1	1		75.4		MMP17	47.6	3.0
MMP26	sonnet_dual_triage	0	261	244	1	1	1	0	1	0	0	0	0	92.7			MMP12	24.7	
MMP27	sonnet_dual_triage	0	513	496	1	1	1	1	1	0	0	0	1	96.5	76.4		MMP10	48.4	
MMP28	sonnet_dual_triage	0	520	498	1	1	1	1	1	0	0	0	0	95.0	84.8		MMP7	19.3	
MMP7	sonnet_dual_triage	0	267	250	1	1	1	1	1	0	0	0	0	97.4	69.3		MMP2	21.6	
MMP8	sonnet_dual_triage	0	467	447	1	1	1	1	1	0	0	0	1	91.9	73.4		MMP1	58.4	
MMP9	sonnet_dual_triage	0	707	688	1	1	1	1	1	0	0	0	1	94.3	74.4		MMP2	46.9	
MMRN1	sonnet_dual_triage	0	1228	1209	1	1	1	1	1	0	0	0	0	93.7	65.7		MMRN2	21.1	
MMRN2	sonnet_dual_triage	0	949	927	1	1	1	1	0	1	0	0	0		66.2	3.0	EMILIN1	24.7	
MOG	sonnet_dual_triage	3	247	127	1	1	0	1	1	0	1	0	1	96.4	84.6		BTN1A1	27.7	
MORF4L2	sonnet_dual_triage	0	288	0	0	0	0	1	0	0	0	0	0		95.1				
MOSMO	sonnet_dual_triage	4	167	64	0	0	0	1	1	1	1	0	0	99.4	100.0	2.0			
MOSPD2	sonnet_dual_triage	1	518	2	0	0	1	1	1	0	0	0	0	97.9	90.0				
MPEG1	sonnet_dual_triage	1	716	646	1	1	0	0	1	1	0	1	0	92.0		2.0			4.0
MPIG6B	sonnet_dual_triage	1	241	125	1	1	0	1	1	0	1	1	0	76.8	71.4				2.0
MPL	sonnet_dual_triage	1	635	472	1	1	0	1	1	0	0	1	0	96.5	81.1		IL4R	23.9	1.0
MPO	sonnet_dual_triage	0	745	697	1	1	1	1	1	0	0	0	1	96.1	83.2		EPX	69.9	
MPPED1	sonnet_dual_triage	0	326	0	0	0	0	1	0	0	0	0	0		98.2				
MPZ	sonnet_dual_triage	1	248	126	1	1	0	1	1	0	0	0	1	98.8	94.0		MPZL1	42.0	
MPZL1	sonnet_dual_triage	1	269	131	1	1	0	1	1	1	1	1	1	96.3	83.3	2.0	MPZ	43.5	1.0
MPZL2	sonnet_dual_triage	1	215	126	1	1	0	1	1	0	0	1	0	99.1	81.4		MPZL1	38.2	1.0
MPZL3	sonnet_dual_triage	1	235	127	1	1	0	1	0	0	1	0	1		87.7		MPZ	40.2	
MR1	sonnet_dual_triage	1	341	278	1	1	0	1	1	0	1	1	1	92.7	75.7		HLA-C	42.0	2.0
MRAP	sonnet_dual_triage	1	172	37	0	1	0	0	1	0	1	0	0	93.0					
MRAP2	sonnet_dual_triage	1	205	44	0	1	0	1	1	0	0	0	0	98.5	87.8				
MRC1	sonnet_dual_triage	1	1456	1371	1	1	0	1	1	0	1	1	0	98.0	82.0		CD302	5.3	4.0
MRC2	sonnet_dual_triage	1	1479	1384	1	1	0	1	1	0	0	1	0	96.3	90.8		CD302	6.0	5.0
MRGPRD	sonnet_dual_triage	7	321	71	0	1	0	1	1	0	0	0	0	88.5	59.5		MRGPRF	25.0	
MRGPRE	sonnet_dual_triage	7	312	71	0	1	0	1	1	0	0	0	0	95.5	73.4		MRGPRF	26.2	
MRGPRF	sonnet_dual_triage	7	343	84	0	1	0	1	1	0	0	0	0	97.7	86.0		MAS1L	21.8	
MRGPRG	sonnet_dual_triage	7	289	54	0	1	0	1	0	0	0	0	0		57.4		MAS1L	10.9	
MRGPRX1	sonnet_dual_triage	7	322	66	0	1	0	0	1	0	0	0	1	86.3			MRGPRX3	69.0	
MRGPRX2	sonnet_dual_triage	7	330	76	0	1	0	0	1	0	0	0	1	91.2			MRGPRX1	48.7	
MRGPRX3	sonnet_dual_triage	7	322	71	0	1	0	0	1	0	0	0	1	90.4			MRGPRX4	74.3	
MRGPRX4	sonnet_dual_triage	7	322	74	0	1	0	0	1	0	0	0	1	80.1			MRGPRX3	75.7	
MS4A1	sonnet_dual_triage	4	297	53	0	0	0	1	1	1	1	0	0	97.3	73.1	2.0	MS4A4A	24.5	
MS4A10	sonnet_dual_triage	4	267	43	0	0	0	0	1	1	0	0	0	60.7		2.0	MS4A18	18.6	
MS4A12	sonnet_dual_triage	4	267	31	0	0	0	1	1	1	0	0	0	82.0	51.3	2.0	MS4A6E	17.0	
MS4A13	sonnet_dual_triage	4	152	40	0	0	0	1	1	0	1	0	0	86.2	63.8		MS4A4E	35.0	
MS4A14	sonnet_dual_triage	4	679	35	0	0	0	0	1	0	1	0	0	86.2			MS4A6E	0.0	
MS4A15	sonnet_dual_triage	4	240	28	0	0	0	1	1	0	1	0	0	90.8	80.0		MS4A12	29.0	
MS4A18	sonnet_dual_triage	4	398	23	0	0	0	0	1	0	0	0	0	77.1			MS4A7	12.3	
MS4A2	sonnet_dual_triage	4	244	52	0	0	0	1	1	0	0	0	0	88.1	58.2		MS4A4E	17.3	
MS4A3	sonnet_dual_triage	4	214	42	0	0	0	1	0	1	1	0	0		56.5	2.0	MS4A7	20.0	
MS4A4A	sonnet_dual_triage	4	239	46	0	0	0	0	1	0	0	0	0	75.7			MS4A4E	26.1	
MS4A4E	sonnet_dual_triage	3	132	17	0	0	1	0	0	0	1	0	0				MS4A6E	4.3	
MS4A5	sonnet_dual_triage	4	200	28	0	0	0	1	1	1	0	0	0	94.0	68.5	2.0	MS4A7	13.8	
MS4A6A	sonnet_dual_triage	4	248	67	0	0	0	0	1	0	1	0	1	90.2			MS4A12	17.9	
MS4A6E	sonnet_dual_triage	2	147	47	0	0	0	0	0	0	0	0	1				MS4A8	23.4	
MS4A7	sonnet_dual_triage	4	240	65	0	0	0	0	1	1	1	0	0	92.9		2.0	MS4A6E	26.2	
MS4A8	sonnet_dual_triage	4	250	26	0	0	0	1	1	1	0	0	0	88.0	62.0	2.0	MS4A6E	8.5	
MSLN	sonnet_dual_triage	0	630	594	1	1	1	1	0	0	0	1	0		57.7		STRC	11.7	4.0
MSMB	sonnet_dual_triage	0	114	94	1	1	1	0	1	0	0	0	0	80.7			MSMP	21.4	
MSMP	sonnet_dual_triage	0	139	103	1	1	1	1	1	0	0	0	0	99.3	91.4		MSMB	21.4	
MSR1	sonnet_dual_triage	1	451	380	0	0	1	1	1	0	0	1	0	95.1	71.4		SCARA5	33.8	2.0
MST1R	sonnet_dual_triage	1	1400	935	1	1	0	1	1	0	1	1	0	95.9	74.3		FGFR3	14.4	2.0
MTDH	sonnet_dual_triage	1	582	49	0	1	0	1	0	0	0	0	0		91.1				
MTMR6	sonnet_dual_triage	0	621	0	0	0	0	1	1	1	0	0	0	98.1	90.2	2.0			
MTNR1A	sonnet_dual_triage	7	350	84	0	1	0	1	1	0	0	0	1	95.4	85.1		MTNR1B	46.4	
MTNR1B	sonnet_dual_triage	7	362	97	0	1	0	1	1	0	0	0	1	95.6	79.0		MTNR1A	46.4	
MTUS1	sonnet_dual_triage	0	1270	0	0	0	0	1	1	0	1	0	0	94.1	62.8				
MUC1	sonnet_dual_triage	1	1255	1139	1	1	0	0	1	0	1	1	0	51.4					1.0
MUC12	sonnet_dual_triage	1	5478	5361	1	1	0	0	0	0	0	0	0						
MUC13	sonnet_dual_triage	1	512	398	1	1	0	0	1	0	0	1	0	75.8			MUC17	3.9	1.0
MUC15	sonnet_dual_triage	1	334	214	1	1	0	1	1	0	1	0	0	88.9	55.4		F11R	23.4	
MUC16	sonnet_dual_triage	1	14507	14455	0	1	0	0	0	0	0	0	0						
MUC17	sonnet_dual_triage	1	4493	4364	1	1	0	0	1	0	1	1	0	66.9			MUC13	4.1	3.0
MUC20	sonnet_dual_triage	0	709	687	1	1	1	0	1	0	0	0	0	56.0					
MUC21	sonnet_dual_triage	1	566	459	1	1	0	0	1	0	0	0	0	58.8					
MUC22	sonnet_dual_triage	1	1773	1636	1	1	0	0	0	0	0	1	0						8.0
MUC3A	sonnet_dual_triage	1	3323	3207	1	1	0	0	0	0	1	0	0				MUC13	5.9	
MUC3B	sonnet_dual_triage	1	13477	13361	1	1	0	0	0	0	0	1	0						3.0
MUC4	sonnet_dual_triage	1	5412	5339	1	1	0	0	0	0	1	1	0				SUSD2	5.1	5.0
MUCL1	sonnet_dual_triage	0	90	71	1	1	1	0	1	0	0	0	0	77.8					
MUCL3	sonnet_dual_triage	1	517	419	1	1	0	0	0	0	0	0	0						
MUSK	sonnet_dual_triage	1	869	474	1	1	0	1	1	0	0	1	0	99.3	92.4		ROS1	8.1	1.0
MXRA5	sonnet_dual_triage	0	2828	2802	1	1	1	0	1	0	0	0	0	89.7			ROBO4	11.4	
MXRA8	sonnet_dual_triage	1	442	317	1	1	0	1	0	0	0	1	0		78.5		VSIR	21.1	2.0
MYADM	sonnet_dual_triage	8	322	73	0	0	0	1	1	0	0	0	0	98.1	83.9		MYADML2	28.8	
MYDGF	sonnet_dual_triage	0	173	142	1	1	1	1	1	0	0	0	0	86.1	83.2				
MYH9	sonnet_dual_triage	0	1960	0	0	0	0	1	1	0	0	0	0	99.8	97.1				
MYMK	sonnet_dual_triage	7	221	31	0	1	0	1	1	1	0	0	0	99.1	88.7	2.0	TMEM8B	5.9	
MYMX	sonnet_dual_triage	0	84	0	0	0	0	1	0	0	0	0	0		78.6				
MYO18A	sonnet_dual_triage	0	115	0	0	0	0	1	1	0	0	0	0	98.1	73.7				
MYOC	sonnet_dual_triage	0	504	472	1	1	1	1	1	1	0	0	0	96.6	79.6	2.0	OLFM2	32.0	
MYOF	sonnet_dual_triage	1	2061	15	0	0	1	1	1	0	1	0	1	99.1	94.0		DYSF	53.3	
NAAA	sonnet_dual_triage	0	359	331	1	1	1	1	1	0	0	0	0	94.7	76.0		ASAH1	32.4	
NAALAD2	sonnet_dual_triage	1	740	709	0	0	1	1	1	1	0	0	1	96.1	88.1	2.0	FOLH1	70.1	
NAALADL1	sonnet_dual_triage	1	740	716	0	0	1	1	0	1	1	1	1		81.6	2.0	NAALAD2	40.2	2.0
NAALADL2	sonnet_dual_triage	1	795	649	0	0	1	1	1	1	0	0	0	94.8	78.0	2.0	NAALADL1	26.7	
NAIF1	sonnet_dual_triage	0	327	0	0	0	0	1	0	1	0	0	0		93.9	2.0			
NALCN	sonnet_dual_triage	24	1738	394	0	0	0	1	1	0	1	1	0	99.7	98.7		CACNA1E	28.5	1.0
NALF1	sonnet_dual_triage	1	458	406	0	0	1	1	1	0	0	0	1	99.1	73.6		NALF2	40.8	
NALF2	sonnet_dual_triage	1	472	414	0	0	1	1	1	0	0	0	1	97.0	93.9		NALF1	40.8	
NAMPT	sonnet_dual_triage	0	491	0	0	0	0	1	1	1	0	0	0	94.5	95.7	2.0			
NAPRT	sonnet_dual_triage	0	538	0	0	0	0	1	1	1	0	0	0	96.7	83.8	2.0			
NBL1	sonnet_dual_triage	0	181	164	1	1	1	1	1	1	0	0	0	98.9	92.8	2.0	GREM2	24.4	
NCAM1	sonnet_dual_triage	1	858	704	1	1	0	1	1	0	1	1	1	97.9	93.8		NCAM2	44.0	3.0
NCAM2	sonnet_dual_triage	1	837	685	1	1	0	1	1	1	1	1	1	98.4	93.7	2.0	NCAM1	44.0	3.0
NCMAP	sonnet_dual_triage	1	102	30	0	1	0	1	1	0	0	0	0	96.1	78.4				
NCOA4	sonnet_dual_triage	0	614	0	0	0	0	1	1	1	0	0	0	95.9	80.6	2.0			
NCR1	sonnet_dual_triage	1	304	234	1	1	0	1	1	0	0	1	1	85.9	61.2		LILRB3	25.4	2.0
NCR2	sonnet_dual_triage	1	276	172	1	1	0	0	1	0	0	1	0	89.9			TREML4	36.7	1.0
NCR3	sonnet_dual_triage	1	201	121	1	1	0	0	1	0	0	1	0	68.7			NECTIN2	15.2	1.0
NCR3LG1	sonnet_dual_triage	1	454	240	1	1	0	0	0	0	0	1	0				TAPBPL	17.6	1.0
NCSTN	sonnet_dual_triage	1	709	633	1	1	0	1	1	0	0	1	0	94.5	88.7				2.0
NDNF	sonnet_dual_triage	0	568	549	1	1	1	1	1	0	0	0	0	98.1	87.5				
NDRG2	sonnet_dual_triage	0	371	0	0	0	0	1	1	0	0	0	0	94.6	91.9				
NECAB2	sonnet_dual_triage	0	386	0	0	0	0	1	1	1	0	0	0	85.2	86.3	2.0			
NECTIN1	sonnet_dual_triage	1	517	325	1	1	0	1	1	1	1	0	0	89.7	94.6	2.0	SMAGP	4.6	
NECTIN2	sonnet_dual_triage	1	538	329	1	1	0	1	1	1	0	0	1	96.5	74.0	2.0	PVR	52.3	
NECTIN3	sonnet_dual_triage	1	549	349	1	1	0	1	1	1	1	0	0	99.5	68.3	2.0	SMAGP	3.2	
NECTIN4	sonnet_dual_triage	1	510	318	1	1	0	1	1	1	0	0	0	99.4	91.8	2.0	NECTIN3	32.4	
NEGR1	sonnet_dual_triage	0	354	321	1	1	1	1	1	1	0	1	1	98.6	94.1	2.0	LSAMP	54.5	4.0
NELL1	sonnet_dual_triage	0	810	789	1	1	1	1	1	0	0	0	1	98.5	93.3		NELL2	56.4	
NELL2	sonnet_dual_triage	0	816	795	1	1	1	1	1	0	0	0	1	97.3	94.0		NELL1	56.4	
NENF	sonnet_dual_triage	0	172	141	1	1	1	1	1	0	0	0	0	83.7	90.7				
NEO1	sonnet_dual_triage	1	1461	1072	1	1	0	1	1	0	0	1	1	98.6	94.5		DCC	55.1	4.0
NET1	sonnet_dual_triage	0	596	0	0	0	0	1	1	0	0	0	0	97.3	76.3				
NETO1	sonnet_dual_triage	1	533	321	1	1	0	1	1	0	1	1	1	99.6	95.7		NETO2	65.9	1.0
NETO2	sonnet_dual_triage	1	525	323	1	1	0	1	1	0	0	1	1	99.6	95.0		NETO1	66.3	2.0
NEU1	sonnet_dual_triage	0	415	368	1	1	1	1	1	0	0	0	0	97.1	81.7				
NEU3	sonnet_dual_triage	0	428	0	0	0	0	1	1	0	0	0	0	97.2	62.0				
NEU4	sonnet_dual_triage	0	484	0	0	0	0	1	1	0	0	0	0	95.5	71.5				
NFAM1	sonnet_dual_triage	1	270	122	1	1	0	0	1	0	0	1	0	83.3					1.0
NFASC	sonnet_dual_triage	1	1347	1193	1	1	0	1	1	0	1	1	1	99.3	96.2		NRCAM	45.9	5.0
NGFR	sonnet_dual_triage	1	427	223	1	1	0	1	1	0	0	1	0	98.8	91.8		TNFRSF4	28.3	1.0
NINJ1	sonnet_dual_triage	3	152	26	0	0	1	1	1	0	0	0	1	98.0	87.5		NINJ2	48.1	
NINJ2	sonnet_dual_triage	3	142	27	0	0	1	1	1	0	0	0	0	93.7	73.2		NINJ1	33.3	
NIPA1	sonnet_dual_triage	9	329	83	0	1	0	1	1	1	1	0	0	98.2	97.0	2.0	NIPA2	24.1	
NIPA2	sonnet_dual_triage	9	360	58	0	1	0	1	1	1	0	0	0	98.6	95.6	2.0	NIPAL1	31.2	
NIPAL3	sonnet_dual_triage	9	406	86	0	1	0	1	1	0	1	0	0	97.8	90.1		NIPAL2	34.3	
NIPAL4	sonnet_dual_triage	9	404	104	0	1	0	1	1	1	0	0	0	98.8	84.9	2.0	NIPA2	31.7	
NIPSNAP1	sonnet_dual_triage	0	284	0	0	0	0	1	1	1	0	0	0	94.7	94.4	4.0			
NKAIN2	sonnet_dual_triage	4	208	71	0	0	0	1	1	0	0	0	1	100.0	97.6		NKAIN1	66.2	
NKAIN3	sonnet_dual_triage	4	197	68	0	0	0	1	1	0	0	0	1	86.2	79.8		NKAIN1	55.7	
NKAIN4	sonnet_dual_triage	4	208	70	0	0	0	1	1	0	0	0	1	88.0	83.2		NKAIN1	50.0	
NKG7	sonnet_dual_triage	4	165	53	0	0	0	1	1	0	0	0	0	87.3	69.7		CLDND2	30.2	
NKTR	sonnet_dual_triage	0	1462	0	0	0	0	1	1	0	0	0	0	95.7	79.3				
NLGN1	sonnet_dual_triage	1	863	670	1	1	0	1	1	1	0	1	1	96.9	95.8	2.0	NLGN4X	71.6	1.0
NLGN2	sonnet_dual_triage	1	835	663	1	1	0	1	1	1	0	1	1	91.6	98.3	2.0	NLGN4X	68.2	2.0
NLGN3	sonnet_dual_triage	1	848	672	1	1	0	1	1	1	0	1	1	99.9	98.6	2.0	NLGN4X	73.5	2.0
NLGN4X	sonnet_dual_triage	1	816	635	1	1	0	0	0	1	0	1	1			2.0	NLGN4Y	98.3	1.0
NLGN4Y	sonnet_dual_triage	1	816	635	1	1	0	0	1	1	1	1	1	97.4		2.0	NLGN4X	98.3	1.0
NMBR	sonnet_dual_triage	7	390	106	0	1	0	1	1	0	0	0	0	96.2	90.5		GRPR	38.7	
NMRK2	sonnet_dual_triage	0	230	0	0	0	0	1	1	0	0	0	0	73.0	72.2				
NMUR1	sonnet_dual_triage	7	426	119	0	1	0	1	1	0	0	0	0	92.0	72.5		NMUR2	33.6	
NMUR2	sonnet_dual_triage	7	415	104	0	1	0	1	1	0	0	0	0	93.3	75.9		NMUR1	34.5	
NOTCH1	sonnet_dual_triage	1	2555	1717	1	1	0	1	1	0	0	1	1	91.8	90.6		NOTCH2	56.3	5.0
NOTCH2	sonnet_dual_triage	1	2471	1652	1	1	0	1	1	0	0	1	1	99.1	92.6		NOTCH2NLA	13.0	12.0
NOTCH2NLA	sonnet_dual_triage	0	236	236	0	1	1	0	0	0	0	0	1				NOTCH2NLC	80.5	
NOTCH2NLB	sonnet_dual_triage	0	275	250	1	1	1	0	0	0	0	0	1				NOTCH2NLA	94.0	
NOTCH2NLC	sonnet_dual_triage	0	293	293	0	1	1	0	0	0	0	0	1				NOTCH2NLA	80.5	
NOTCH2NLR	sonnet_dual_triage	0	274	249	1	1	1	0	0	0	0	0	1				NOTCH2	14.1	
NOTCH3	sonnet_dual_triage	1	2321	1603	1	1	0	1	0	0	0	1	1		91.0		NOTCH1	51.6	16.0
NOTCH4	sonnet_dual_triage	1	2003	1424	1	1	0	0	0	0	1	1	0				DLL4	16.4	10.0
NOTUM	sonnet_dual_triage	0	496	474	1	1	1	1	1	0	0	0	0	91.9	90.7				
NOX1	sonnet_dual_triage	6	564	117	0	0	0	1	1	0	0	0	0	95.0	84.0		NOX3	35.9	
NOX3	sonnet_dual_triage	6	568	110	0	0	0	1	1	0	0	0	1	95.8	80.6		CYBB	42.6	
NOX5	sonnet_dual_triage	6	765	41	0	0	0	0	1	0	0	0	0	92.3			DUOX1	1.6	
NPBWR1	sonnet_dual_triage	7	328	89	0	1	0	1	0	0	0	0	1		84.8		NPBWR2	43.4	
NPBWR2	sonnet_dual_triage	7	333	99	0	1	0	0	1	0	0	0	1	94.9			NPBWR1	43.4	
NPC1L1	sonnet_dual_triage	13	1359	831	1	1	0	1	1	0	1	1	0	95.0	77.3		NPC1	38.3	1.0
NPC2	sonnet_dual_triage	0	151	132	1	1	1	1	1	0	0	0	0	98.7	80.1				
NPDC1	sonnet_dual_triage	1	325	151	1	1	0	1	1	0	0	0	0	84.9	75.1				
NPFFR1	sonnet_dual_triage	7	430	112	0	1	0	1	1	0	0	0	0	63.3	87.0		NPFFR2	20.8	
NPFFR2	sonnet_dual_triage	7	522	216	0	1	0	1	1	0	1	0	0	95.5	78.8		NPFFR1	20.8	
NPHS1	sonnet_dual_triage	1	1241	1042	1	1	0	1	1	0	0	1	0	95.4	81.5		KIRREL2	21.8	8.0
NPHS2	sonnet_dual_triage	2	383	1	0	0	0	1	1	1	0	0	0	89.3	86.4	2.0	STOML3	0.0	
NPIPB11	sonnet_dual_triage	1	1161	70	0	1	0	0	0	0	0	0	1				NPIPB5	95.8	
NPM1	sonnet_dual_triage	0	294	0	0	0	0	1	1	1	0	0	0	89.8	94.2	5.0			
NPNT	sonnet_dual_triage	0	565	546	1	1	1	1	1	0	0	0	1	96.6	87.4		EGFL6	40.1	
NPR1	sonnet_dual_triage	1	1061	441	1	1	0	1	1	1	0	1	1	75.5	90.9	2.0	ADCY1	23.8	1.0
NPR2	sonnet_dual_triage	1	1047	439	1	1	0	1	1	0	0	1	1	100.0	98.7		ADCY5	27.1	1.0
NPR3	sonnet_dual_triage	1	541	462	1	1	0	1	1	1	0	1	0	98.5	90.8	2.0	ADCY6	30.1	3.0
NPS	sonnet_dual_triage	0	89	66	1	1	1	1	1	0	0	0	0	94.4	73.0				
NPSR1	sonnet_dual_triage	7	371	105	0	1	0	1	1	0	1	0	0	90.6	89.2				
NPTN	sonnet_dual_triage	1	398	310	1	1	0	1	1	0	1	1	1	99.0	95.2		BSG	40.3	3.0
NPTX1	sonnet_dual_triage	0	432	410	1	1	1	1	1	0	0	0	1	99.5	96.3		NPTX2	57.0	
NPTXR	sonnet_dual_triage	0	500	475	1	1	1	1	1	0	0	0	0	97.8	88.4				
NPY1R	sonnet_dual_triage	7	384	117	0	1	0	1	1	0	0	0	0	99.5	93.2		NPY4R2	34.2	
NPY2R	sonnet_dual_triage	7	381	113	0	1	0	1	1	0	0	0	0	98.4	94.5		OR9G1	24.8	
NPY4R	sonnet_dual_triage	7	375	106	0	1	0	0	0	0	0	0	1				NPY4R2	100.0	
NPY4R2	sonnet_dual_triage	7	375	106	0	1	0	0	0	0	0	0	1				NPY4R	100.0	
NPY5R	sonnet_dual_triage	7	445	103	0	1	0	1	1	0	0	0	0	99.3	89.0		MCHR1	27.2	
NRCAM	sonnet_dual_triage	1	1304	1139	1	1	0	1	1	0	0	1	1	98.8	84.8		NFASC	45.8	5.0
NRDC	sonnet_dual_triage	0	1151	0	0	0	0	1	1	0	0	0	0	96.8	93.0				
NRG1	sonnet_dual_triage	1	640	242	0	1	0	1	1	0	1	1	0	92.5	88.3		NRG4	9.5	2.0
NRG2	sonnet_dual_triage	2	850	298	0	0	0	1	1	0	1	1	0	82.1	71.3		NRG4	7.4	4.0
NRG3	sonnet_dual_triage	2	720	274	0	0	0	1	1	0	1	0	0	98.7	92.0		NRG4	9.5	
NRG4	sonnet_dual_triage	1	115	60	0	1	0	1	1	0	0	1	0	92.2	74.8		NRG3	9.9	1.0
NRN1	sonnet_dual_triage	0	142	115	1	1	1	1	1	0	0	1	0	87.3	97.2		NRN1L	29.2	2.0
NRN1L	sonnet_dual_triage	0	165	130	1	1	1	1	1	0	0	1	0	87.3	77.0		NRN1	29.2	2.0
NRP1	sonnet_dual_triage	1	923	837	1	1	0	1	1	0	1	1	1	98.6	93.2		NRP2	46.3	4.0
NRP2	sonnet_dual_triage	1	931	842	1	1	0	1	1	0	1	1	1	97.2	94.6		NRP1	46.2	2.0
NRROS	sonnet_dual_triage	1	692	624	1	1	0	1	1	0	0	0	0	94.9	80.8		LRRC3C	13.5	
NRSN2	sonnet_dual_triage	2	204	30	0	0	0	1	1	0	0	0	1	96.6	57.4		NRSN1	40.6	
NRXN1	sonnet_dual_triage	1	472	347	1	1	0	1	1	0	0	1	1	53.7	99.3		NRXN2	48.1	1.0
NRXN2	sonnet_dual_triage	1	666	541	1	1	0	1	1	0	0	1	1	79.4	98.2		NRXN1	48.1	1.0
NRXN3	sonnet_dual_triage	1	637	528	1	1	0	1	1	0	1	1	1	98.7	98.2		NRXN1	41.7	1.0
NSDHL	sonnet_dual_triage	0	373	0	0	0	0	1	1	0	0	0	0	96.8	83.1				
NSG1	sonnet_dual_triage	1	185	82	0	0	1	1	1	0	0	0	1	100.0	98.4		NSG2	43.9	
NSG2	sonnet_dual_triage	1	171	80	0	0	1	1	1	0	0	0	1	98.8	97.1		NSG1	45.1	
NT5E	sonnet_dual_triage	0	574	548	1	1	1	1	1	1	0	1	0	98.6	86.6	2.0			2.0
NTM	sonnet_dual_triage	0	344	311	1	1	1	1	1	1	0	1	1	93.2	88.5	2.0	OPCML	74.0	2.0
NTN3	sonnet_dual_triage	0	580	562	1	1	1	1	0	0	0	0	1		87.4		NTN1	54.3	
NTN4	sonnet_dual_triage	0	628	603	1	1	1	1	1	0	0	0	0	97.9	89.8		LAMB4	15.8	
NTN5	sonnet_dual_triage	0	489	473	1	1	1	1	0	0	0	0	1		62.0		USH2A	4.8	
NTNG1	sonnet_dual_triage	0	539	521	1	1	1	1	1	0	0	1	1	96.1	96.3		NTNG2	59.7	4.0
NTNG2	sonnet_dual_triage	0	530	513	1	1	1	1	1	0	0	1	1	98.9	94.0		NTNG1	59.1	5.0
NTRK1	sonnet_dual_triage	1	796	384	1	1	0	1	1	0	0	0	0	91.6	86.6		ROS1	7.5	
NTRK2	sonnet_dual_triage	1	822	402	1	1	0	1	1	0	0	1	0	99.9	92.1		NTRK3	38.8	1.0
NTRK3	sonnet_dual_triage	1	839	402	1	1	0	1	1	0	0	1	0	99.4	95.6		NTRK2	38.8	1.0
NTSR1	sonnet_dual_triage	7	418	130	0	1	0	1	0	0	0	0	0		85.4		NTSR2	33.8	
NTSR2	sonnet_dual_triage	7	410	98	0	1	0	1	1	1	0	0	0	83.4	78.8	2.0	NTSR1	30.0	
NUCB2	sonnet_dual_triage	0	420	396	1	1	1	1	1	0	0	0	1	99.8	86.0		NUCB1	57.5	
NUDCD1	sonnet_dual_triage	0	583	0	0	0	0	1	1	0	0	0	0	98.5	90.1				
NUP62	sonnet_dual_triage	0	522	0	0	0	0	1	1	0	0	0	0	96.7	80.1				
NUS1	sonnet_dual_triage	0	293	0	0	0	0	1	1	1	0	0	0	98.0	90.4	2.0			
NXNL1	sonnet_dual_triage	0	212	0	0	0	0	1	0	0	0	0	0		77.8				
NXNL2	sonnet_dual_triage	0	156	0	0	0	0	1	1	0	0	0	0	65.4	84.6				
NXPE1	sonnet_dual_triage	1	547	520	0	0	1	0	0	1	1	0	1			2.0	NXPE2	72.0	
NXPE2	sonnet_dual_triage	1	559	521	0	0	1	1	1	1	0	0	1	95.0	68.5	2.0	NXPE1	72.0	
NXPE3	sonnet_dual_triage	1	559	534	0	0	1	1	0	1	0	0	0		88.6	2.0	NXPE4	33.5	
NXPE4	sonnet_dual_triage	1	544	517	0	0	1	1	1	1	1	0	1	95.4	72.8	2.0	NXPE1	70.0	
NXPH1	sonnet_dual_triage	0	271	250	1	1	1	1	1	0	0	0	1	99.3	99.6		NXPH2	66.4	
NXPH2	sonnet_dual_triage	0	264	242	1	1	1	1	1	0	0	0	1	99.6	89.0		NXPH1	64.8	
NXPH3	sonnet_dual_triage	0	252	230	1	1	1	1	1	0	0	0	1	93.7	96.4		NXPH1	49.6	
NXPH4	sonnet_dual_triage	0	308	286	1	1	1	1	0	0	0	0	1		89.3		NXPH2	43.4	
NYX	sonnet_dual_triage	0	476	458	1	1	1	1	0	0	0	0	0		84.7		LRTM1	22.3	
OCLN	sonnet_dual_triage	4	522	101	0	0	0	1	1	0	1	0	0	97.1	90.2		MARVELD2	27.7	
OCSTAMP	sonnet_dual_triage	6	566	178	0	0	0	1	0	0	0	0	0		59.0		DCST1	16.3	
ODAM	sonnet_dual_triage	0	279	264	1	1	1	1	1	0	0	0	0	90.7	67.0				
ODAPH	sonnet_dual_triage	0	130	107	1	1	1	1	0	0	0	0	0		58.5				
OGFRL1	sonnet_dual_triage	0	451	0	0	0	0	1	1	0	0	0	0	78.9	81.2				
OIT3	sonnet_dual_triage	0	545	526	1	1	1	1	1	0	0	0	0	98.5	89.5		GP2	30.2	
OLFM1	sonnet_dual_triage	0	485	464	1	1	1	1	1	0	0	0	1	99.8	98.4		OLFM3	65.7	
OLFM2	sonnet_dual_triage	0	454	434	1	1	1	1	1	0	0	0	1	96.5	94.7		OLFM3	60.4	
OLFM3	sonnet_dual_triage	0	478	455	1	1	1	1	1	0	0	0	1	96.3	95.6		OLFM1	65.3	
OLFM4	sonnet_dual_triage	0	510	490	1	1	1	1	1	0	0	0	0	93.7	70.2		OLFML2B	19.2	
OLFML1	sonnet_dual_triage	0	402	377	1	1	1	0	1	0	0	0	0	99.0			OLFML3	33.2	
OLR1	sonnet_dual_triage	1	273	216	0	0	1	0	1	1	0	1	0	94.9		2.0	KLRK1	25.9	4.0
OMG	sonnet_dual_triage	0	440	416	1	1	1	1	1	0	0	1	0	98.2	88.6		LINGO3	25.7	2.0
OOSP1	sonnet_dual_triage	0	123	102	1	1	1	0	1	0	0	0	0	64.7			OOSP2	22.7	
OOSP2	sonnet_dual_triage	0	158	141	1	1	1	0	0	0	0	0	0				PLAC1	23.7	
OOSP3	sonnet_dual_triage	0	193	171	1	1	1	0	0	0	0	0	0						
OOSP4A	sonnet_dual_triage	0	184	165	1	1	1	0	0	0	0	0	0						
OOSP4B	sonnet_dual_triage	0	160	160	0	1	1	0	0	0	0	0	0						
OPALIN	sonnet_dual_triage	1	141	35	0	1	0	1	1	0	0	0	0	95.0	78.0				
OPCML	sonnet_dual_triage	0	345	312	1	1	1	1	1	1	0	1	1	94.7	94.1	2.0	NTM	74.0	1.0
OPN1LW	sonnet_dual_triage	7	364	108	0	1	0	0	1	0	0	0	1	96.2			OPN1MW2	95.5	
OPN1MW	sonnet_dual_triage	7	364	111	0	1	0	0	0	0	0	0	1				OPN1MW2	100.0	
OPN1MW2	sonnet_dual_triage	7	364	111	0	1	0	0	0	0	0	0	1				OPN1MW	100.0	
OPN1MW3	sonnet_dual_triage	7	364	111	0	1	0	0	0	0	0	0	1				OPN1MW2	100.0	
OPN1SW	sonnet_dual_triage	7	345	87	0	1	0	1	1	0	0	0	1	96.2	86.1		RHO	42.6	
OPN3	sonnet_dual_triage	7	402	96	0	1	0	1	1	0	1	0	0	94.5	87.1		RRH	20.8	
OPN4	sonnet_dual_triage	7	478	123	0	1	0	1	1	0	0	0	0	95.4	76.2		OPN1MW2	30.1	
OPN5	sonnet_dual_triage	7	354	87	0	1	0	1	1	0	0	0	0	99.2	95.2		RRH	29.9	
OPRD1	sonnet_dual_triage	7	372	100	0	1	0	1	1	1	0	0	0	74.2	93.5	2.0	NPBWR1	37.0	
OPRK1	sonnet_dual_triage	7	380	111	0	1	0	1	1	0	1	0	0	75.5	93.7		OPRM1	33.9	
OPRL1	sonnet_dual_triage	7	370	102	0	1	0	1	1	0	0	0	0	98.1	93.8		SSTR5	32.4	
OPRM1	sonnet_dual_triage	7	400	121	0	1	0	1	1	0	1	0	0	96.8	92.2		OPRD1	32.2	
OR10A2	sonnet_dual_triage	7	303	70	0	1	0	0	0	0	0	0	1				OR10A5	80.7	
OR10A3	sonnet_dual_triage	7	314	89	0	1	0	0	0	0	0	0	1				OR10A6	89.9	
OR10A4	sonnet_dual_triage	7	315	82	0	1	0	1	1	0	0	0	1	92.1	88.3		OR10A2	63.4	
OR10A5	sonnet_dual_triage	7	317	83	0	1	0	0	0	0	0	0	1				OR10A2	79.5	
OR10A6	sonnet_dual_triage	7	314	89	0	1	0	0	1	0	0	0	1	94.3			OR10A3	89.9	
OR10A7	sonnet_dual_triage	7	316	88	0	1	0	0	1	0	0	0	1	96.8			OR10A3	58.4	
OR10AC1	sonnet_dual_triage	7	325	87	0	1	0	0	0	0	0	0	0						
OR10AD1	sonnet_dual_triage	7	317	88	0	1	0	0	0	0	0	0	1				OR2T2	38.5	
OR10AG1	sonnet_dual_triage	7	301	76	0	1	0	0	0	0	0	0	1				OR10H2	45.7	
OR10C1	sonnet_dual_triage	7	312	79	0	1	0	1	0	0	0	0	1		85.9		OR10A3	49.4	
OR10D3	sonnet_dual_triage	7	312	80	0	1	0	1	1	0	0	0	1	95.8	89.1		OR10G4	52.4	
OR10G2	sonnet_dual_triage	7	310	81	0	1	0	0	1	0	0	0	1	93.9			OR10G3	61.7	
OR10G3	sonnet_dual_triage	7	313	78	0	1	0	0	0	0	0	0	1				OR10G2	63.0	
OR10G4	sonnet_dual_triage	7	311	82	0	1	0	0	0	0	0	0	1				OR10G9	89.4	
OR10G6	sonnet_dual_triage	7	332	87	1	1	0	1	0	0	0	0	1		85.2		OR10G3	55.2	
OR10G7	sonnet_dual_triage	7	311	83	0	1	0	0	1	0	0	0	1	92.0			OR10G4	91.6	
OR10G8	sonnet_dual_triage	7	311	78	0	1	0	0	1	0	0	0	1	90.0			OR10G9	81.2	
OR10G9	sonnet_dual_triage	7	311	85	0	1	0	0	0	0	0	0	1				OR10G4	91.8	
OR10H1	sonnet_dual_triage	7	318	81	0	1	0	0	0	0	0	0	1				OR10H5	87.7	
OR10H2	sonnet_dual_triage	7	315	81	0	1	0	0	0	0	0	0	1				OR10H5	82.7	
OR10H3	sonnet_dual_triage	7	316	83	0	1	0	0	0	0	0	0	1				OR10H4	81.8	
OR10H4	sonnet_dual_triage	7	316	88	0	1	0	0	1	0	0	0	1	88.0			OR10H3	87.5	
OR10H5	sonnet_dual_triage	7	315	80	0	1	0	0	0	0	0	0	1				OR10H1	86.4	
OR10J1	sonnet_dual_triage	7	320	90	0	1	0	0	0	0	0	0	1				OR10J5	60.0	
OR10J4	sonnet_dual_triage	7	311	85	0	1	0	0	0	0	0	0	1				OR10J5	55.3	
OR10J5	sonnet_dual_triage	7	309	79	0	1	0	1	0	0	0	0	1		87.4		OR10J1	60.0	
OR10K1	sonnet_dual_triage	7	313	89	0	1	0	1	0	0	0	0	1		78.3		OR10K2	85.4	
OR10K2	sonnet_dual_triage	7	312	86	0	1	0	0	1	0	0	0	1	94.6			OR10K1	82.0	
OR10P1	sonnet_dual_triage	7	313	86	0	1	0	1	1	0	0	0	1	96.8	84.0		OR10C1	45.3	
OR10Q1	sonnet_dual_triage	7	319	88	0	1	0	0	1	0	0	0	1	92.5			OR10V1	47.7	
OR10R2	sonnet_dual_triage	7	335	87	1	1	0	0	1	0	0	0	1	94.8			OR10T2	52.9	
OR10S1	sonnet_dual_triage	7	331	93	0	1	0	1	0	0	0	0	1		84.8		OR10G6	46.2	
OR10T2	sonnet_dual_triage	7	314	82	0	1	0	0	0	0	0	0	1				OR10R2	52.9	
OR10V1	sonnet_dual_triage	7	309	83	0	1	0	1	0	0	0	0	1		90.0		OR10Q1	46.6	
OR10W1	sonnet_dual_triage	7	305	71	0	1	0	0	1	0	0	0	0	93.8			OR10Q1	38.6	
OR10X1	sonnet_dual_triage	7	326	98	0	1	0	0	0	0	0	0	0				OR9G1	32.7	
OR10Z1	sonnet_dual_triage	7	313	85	0	1	0	1	1	0	0	0	1	94.2	87.5		OR1L6	37.9	
OR11A1	sonnet_dual_triage	7	315	78	0	1	0	1	1	0	0	0	0	93.7	74.0		OR11H2	34.7	
OR11G2	sonnet_dual_triage	7	345	118	0	1	0	0	0	0	0	0	1				OR11H6	42.4	
OR11H1	sonnet_dual_triage	7	326	98	0	1	0	0	0	0	0	0	1				OR11H12	99.0	
OR11H12	sonnet_dual_triage	7	326	97	0	1	0	0	0	0	0	0	1				OR11H1	98.0	
OR11H2	sonnet_dual_triage	7	326	98	0	1	0	0	0	0	0	0	1				OR11H1	96.9	
OR11H4	sonnet_dual_triage	7	324	88	0	1	0	0	1	0	0	0	1	94.6			OR11H7	63.6	
OR11H6	sonnet_dual_triage	7	330	92	1	1	0	1	0	0	0	0	1		81.5		OR11H4	64.1	
OR11H7	sonnet_dual_triage	7	314	77	0	1	0	0	1	0	0	0	1	92.4			OR11H4	62.5	
OR11L1	sonnet_dual_triage	7	322	82	0	1	0	1	1	0	0	0	1	88.5	77.0		OR5A1	47.2	
OR12D1	sonnet_dual_triage	7	320	81	0	1	0	0	0	0	0	0	1				OR12D2	88.9	
OR12D2	sonnet_dual_triage	7	307	80	0	1	0	0	0	0	0	0	1				OR12D1	87.7	
OR12D3	sonnet_dual_triage	7	316	85	0	1	0	1	1	0	0	0	1	95.3	78.8		OR12D1	63.5	
OR13A1	sonnet_dual_triage	7	328	102	0	1	0	1	0	0	0	0	1		79.9		OR5M8	41.2	
OR13C2	sonnet_dual_triage	7	318	93	0	1	0	0	0	0	0	0	1				OR13C5	97.8	
OR13C3	sonnet_dual_triage	7	347	107	1	1	0	1	1	0	0	0	1	95.0	85.5		OR13C4	70.1	
OR13C4	sonnet_dual_triage	7	318	91	0	1	0	0	1	0	0	0	1	94.0			OR13C3	70.1	
OR13C5	sonnet_dual_triage	7	318	92	0	1	0	0	0	0	0	0	1				OR13C2	96.8	
OR13C8	sonnet_dual_triage	7	320	88	0	1	0	1	1	0	0	0	1	94.4	78.8		OR2S2	54.8	
OR13C9	sonnet_dual_triage	7	318	93	0	1	0	0	1	0	0	0	1	94.3			OR13C2	91.4	
OR13D1	sonnet_dual_triage	7	346	114	0	1	0	1	0	0	0	0	1		85.7		OR13C2	42.1	
OR13F1	sonnet_dual_triage	7	319	88	0	1	0	1	1	0	0	0	0	91.2	79.9		OR5T1	33.7	
OR13G1	sonnet_dual_triage	7	307	81	0	1	0	1	1	0	0	0	1	96.7	84.7		OR4C45	54.3	
OR13H1	sonnet_dual_triage	7	308	90	0	1	0	0	0	0	0	0	1				OR13C9	43.0	
OR13J1	sonnet_dual_triage	7	312	84	0	1	0	1	1	0	0	0	1	88.1	82.1		OR13C9	51.6	
OR14A16	sonnet_dual_triage	7	309	80	0	1	0	0	0	0	0	0	1				OR14A2	61.3	
OR14A2	sonnet_dual_triage	7	314	73	0	1	0	0	1	0	0	0	1	93.9			OR14A16	57.5	
OR14C36	sonnet_dual_triage	7	312	81	0	1	0	0	0	0	0	0	1				OR14I1	51.9	
OR14I1	sonnet_dual_triage	7	311	75	0	1	0	0	1	0	0	0	1	91.6			OR14C36	48.1	
OR14J1	sonnet_dual_triage	7	321	78	0	1	0	1	1	0	0	0	1	96.0	79.8		OR14C36	50.6	
OR14K1	sonnet_dual_triage	7	314	78	0	1	0	0	1	0	0	0	1	92.4			OR14A16	51.2	
OR14L1	sonnet_dual_triage	7	325	97	0	1	0	0	0	0	0	0	1				OR14A16	41.2	
OR1A1	sonnet_dual_triage	7	309	84	0	1	0	0	1	0	0	0	1	93.2			OR1A2	81.0	
OR1A2	sonnet_dual_triage	7	309	84	0	1	0	0	0	0	0	0	1				OR1A1	81.0	
OR1B1	sonnet_dual_triage	7	317	88	0	1	0	1	1	0	0	0	1	90.2	86.8		OR1F1	40.9	
OR1C1	sonnet_dual_triage	7	314	86	0	1	0	0	1	0	0	0	1	93.0			OR1F1	54.7	
OR1D2	sonnet_dual_triage	7	312	87	0	1	0	1	1	0	0	0	1	93.9	86.9		OR1D5	79.3	
OR1D4	sonnet_dual_triage	7	311	86	0	1	0	0	0	0	0	0	0						
OR1D5	sonnet_dual_triage	7	312	84	0	1	0	0	0	0	0	0	1				OR1D2	75.9	
OR1E1	sonnet_dual_triage	7	314	89	0	1	0	0	1	0	0	0	1	94.6			OR1E2	97.8	
OR1E2	sonnet_dual_triage	7	323	88	0	1	0	0	1	0	0	0	1	90.1			OR1E1	96.6	
OR1F1	sonnet_dual_triage	7	312	84	0	1	0	1	1	0	0	0	1	92.3	73.7		OR1N1	60.0	
OR1G1	sonnet_dual_triage	7	313	97	0	1	0	0	0	0	0	0	1				OR1I1	58.8	
OR1I1	sonnet_dual_triage	7	355	86	0	1	0	1	1	0	0	0	1	89.0	67.3		OR1G1	51.5	
OR1J1	sonnet_dual_triage	7	322	84	0	1	0	1	1	0	0	0	1	90.4	76.1		OR1J4	70.9	
OR1J2	sonnet_dual_triage	7	313	91	0	1	0	0	0	0	0	0	1				OR1J4	72.5	
OR1J4	sonnet_dual_triage	7	313	86	0	1	0	1	1	0	0	0	1	81.5	79.2		OR1J2	70.3	
OR1K1	sonnet_dual_triage	7	316	85	0	1	0	0	0	0	0	0	1				OR1L4	49.4	
OR1L1	sonnet_dual_triage	7	360	134	0	1	0	0	0	0	0	0	1				OR1L3	50.0	
OR1L3	sonnet_dual_triage	7	324	83	0	1	0	0	0	0	0	0	1				OR1L1	50.0	
OR1L4	sonnet_dual_triage	7	311	89	0	1	0	0	0	0	0	0	1				OR1L6	66.9	
OR1L6	sonnet_dual_triage	7	347	124	0	1	0	0	0	0	0	0	1				OR1L4	66.1	
OR1L8	sonnet_dual_triage	7	309	89	0	1	0	0	0	0	0	0	1				OR1L3	76.4	
OR1M1	sonnet_dual_triage	7	313	94	0	1	0	1	1	0	0	0	1	93.9	85.3		OR7D2	50.0	
OR1N1	sonnet_dual_triage	7	311	85	0	1	0	0	0	0	0	0	1				OR1F1	61.2	
OR1N2	sonnet_dual_triage	7	316	91	0	1	0	1	0	0	0	0	1		88.3		OR1E2	54.9	
OR1Q1	sonnet_dual_triage	7	314	87	0	1	0	1	1	0	0	0	1	93.3	79.9		OR1L1	35.8	
OR1R1	sonnet_dual_triage	7	314	83	0	1	0	1	0	0	0	0	0		81.5		OR1F1	39.3	
OR1S1	sonnet_dual_triage	7	325	100	0	1	0	0	0	0	0	0	1				OR1S2	89.0	
OR1S2	sonnet_dual_triage	7	325	100	0	1	0	0	0	0	0	0	1				OR1S1	89.0	
OR2A1	sonnet_dual_triage	7	310	84	0	1	0	0	0	0	0	0	1				OR2A42	100.0	
OR2A12	sonnet_dual_triage	7	310	85	0	1	0	1	1	0	0	0	1	94.2	85.2		OR2A14	67.1	
OR2A14	sonnet_dual_triage	7	310	82	0	1	0	0	1	0	0	0	1	91.3			OR2A2	74.1	
OR2A2	sonnet_dual_triage	7	318	85	0	1	0	1	1	0	0	0	1	93.1	72.6		OR2A14	76.5	
OR2A25	sonnet_dual_triage	7	310	77	0	1	0	1	1	0	0	0	1	92.3	81.9		OR2A7	77.1	
OR2A4	sonnet_dual_triage	7	310	83	0	1	0	0	0	0	0	0	1				OR2A7	98.8	
OR2A5	sonnet_dual_triage	7	311	84	0	1	0	1	0	0	0	0	1		86.5		OR2A42	78.6	
OR2A7	sonnet_dual_triage	7	310	83	0	1	0	0	0	0	0	0	1				OR2A4	98.8	
OR2AE1	sonnet_dual_triage	7	323	89	0	1	0	0	1	0	0	0	1	87.9			OR2AJ1	57.3	
OR2AG1	sonnet_dual_triage	7	316	87	0	1	0	0	0	0	0	0	1				OR2AG2	88.5	
OR2AG2	sonnet_dual_triage	7	316	86	0	1	0	0	1	0	0	0	1	92.7			OR2AG1	87.4	
OR2AJ1	sonnet_dual_triage	7	328	84	0	1	0	0	0	0	0	0	1				OR2M2	60.9	
OR2AK2	sonnet_dual_triage	7	335	104	0	1	0	0	1	0	0	0	1	91.9			OR2L13	46.2	
OR2AP1	sonnet_dual_triage	7	309	75	0	1	0	0	1	0	0	0	1	95.5			OR6C4	76.0	
OR2AT4	sonnet_dual_triage	7	320	90	0	1	0	1	1	0	0	0	0	95.0	85.6		OR1F1	32.2	
OR2B11	sonnet_dual_triage	7	317	92	0	1	0	1	1	0	0	0	1	95.3	86.8		OR2B3	58.7	
OR2B2	sonnet_dual_triage	7	357	87	0	1	0	0	1	0	0	0	1	81.0			OR2B6	77.0	
OR2B3	sonnet_dual_triage	7	313	87	0	1	0	0	1	0	0	0	1	95.8			OR2B2	72.4	
OR2B6	sonnet_dual_triage	7	313	87	0	1	0	1	0	0	0	0	1		81.2		OR2B2	77.0	
OR2B8	sonnet_dual_triage	7	312	84	0	1	0	0	0	0	0	0	0						
OR2C1	sonnet_dual_triage	7	312	90	0	1	0	1	0	0	0	0	1		82.1		OR2G2	60.0	
OR2C3	sonnet_dual_triage	7	320	86	0	1	0	0	1	0	0	0	1	94.4			OR2J2	59.8	
OR2D2	sonnet_dual_triage	7	308	89	0	1	0	0	1	0	0	0	1	79.9			OR2D3	47.0	
OR2D3	sonnet_dual_triage	7	330	100	0	1	0	1	1	0	0	0	1	92.4	75.8		OR2D2	44.0	
OR2F1	sonnet_dual_triage	7	317	83	0	1	0	0	1	0	0	0	1	91.5			OR2F2	91.6	
OR2F2	sonnet_dual_triage	7	317	83	0	1	0	0	0	0	0	0	1				OR2F1	91.6	
OR2G2	sonnet_dual_triage	7	317	90	0	1	0	0	0	0	0	0	1				OR2G3	65.6	
OR2G3	sonnet_dual_triage	7	309	86	0	1	0	0	0	0	0	0	1				OR2G2	65.6	
OR2G6	sonnet_dual_triage	7	316	92	0	1	0	0	1	0	0	0	1	86.7			OR2G2	67.4	
OR2H1	sonnet_dual_triage	7	316	86	0	1	0	0	0	0	0	0	1				OR2H2	87.2	
OR2H2	sonnet_dual_triage	7	312	84	0	1	0	0	1	0	0	0	1	94.6			OR2H1	84.9	
OR2I1	sonnet_dual_triage	7	315	89	0	1	0	1	1	0	0	0	1	95.2	81.6		OR2J1	52.8	
OR2J1	sonnet_dual_triage	7	312	88	0	1	0	0	0	0	0	0	1				OR2J2	87.5	
OR2J2	sonnet_dual_triage	7	312	87	0	1	0	0	1	0	0	0	1	91.7			OR2J1	87.5	
OR2J3	sonnet_dual_triage	7	311	87	0	1	0	0	1	0	0	0	1	95.5			OR2J2	83.9	
OR2K2	sonnet_dual_triage	7	316	85	0	1	0	1	1	0	0	0	1	95.9	86.4		OR13J1	54.1	
OR2L13	sonnet_dual_triage	7	312	89	0	1	0	0	1	0	0	0	1	92.6			OR2L3	76.4	
OR2L2	sonnet_dual_triage	7	312	88	0	1	0	0	0	0	0	0	1				OR2L5	87.8	
OR2L3	sonnet_dual_triage	7	312	89	0	1	0	0	0	0	0	0	1				OR2L8	94.4	
OR2L5	sonnet_dual_triage	7	312	90	0	1	0	0	0	0	0	0	1				OR2L2	90.0	
OR2L8	sonnet_dual_triage	7	312	90	0	1	0	0	0	0	0	0	1				OR2L3	95.6	
OR2M2	sonnet_dual_triage	7	347	87	0	1	0	0	0	0	0	0	1				OR2M5	94.3	
OR2M3	sonnet_dual_triage	7	312	85	0	1	0	0	0	0	0	0	1				OR2M5	95.3	
OR2M4	sonnet_dual_triage	7	311	87	0	1	0	0	1	0	0	0	1	94.9			OR2M5	75.9	
OR2M5	sonnet_dual_triage	7	312	85	0	1	0	0	0	0	0	0	1				OR2M3	95.3	
OR2M7	sonnet_dual_triage	7	312	85	0	1	0	0	0	0	0	0	1				OR2M5	94.1	
OR2S2	sonnet_dual_triage	7	319	93	0	1	0	0	1	0	0	0	1	96.2			OR13C9	59.1	
OR2T1	sonnet_dual_triage	7	369	121	1	1	0	1	1	0	0	0	1	95.9	86.2		OR2T27	44.6	
OR2T10	sonnet_dual_triage	7	312	94	0	1	0	0	1	0	0	0	1	93.3			OR2T35	62.8	
OR2T11	sonnet_dual_triage	7	316	87	0	1	0	0	0	0	0	0	1				OR2T2	59.3	
OR2T12	sonnet_dual_triage	7	320	84	0	1	0	0	0	0	0	0	1				OR2T33	97.6	
OR2T2	sonnet_dual_triage	7	324	91	0	1	0	0	0	0	0	0	1				OR2T35	100.0	
OR2T27	sonnet_dual_triage	7	317	89	0	1	0	0	1	0	0	0	1	93.1			OR2T4	47.0	
OR2T29	sonnet_dual_triage	7	315	89	0	1	0	0	0	0	0	0	1				OR2T5	97.8	
OR2T3	sonnet_dual_triage	7	318	88	0	1	0	0	0	0	0	0	1				OR2T34	98.9	
OR2T33	sonnet_dual_triage	7	320	84	0	1	0	0	0	0	0	0	1				OR2T12	97.6	
OR2T34	sonnet_dual_triage	7	318	87	0	1	0	0	0	0	0	0	1				OR2T3	97.7	
OR2T35	sonnet_dual_triage	7	323	87	0	1	0	0	0	0	0	1	1				OR2T2	95.6	1.0
OR2T4	sonnet_dual_triage	7	348	115	0	1	0	0	0	0	0	0	1				OR2T29	67.0	
OR2T5	sonnet_dual_triage	7	315	89	0	1	0	0	0	0	0	0	1				OR2T29	97.8	
OR2T6	sonnet_dual_triage	7	308	86	0	1	0	1	1	0	0	0	1	93.5	81.5		OR2T1	40.5	
OR2T7	sonnet_dual_triage	7	308	77	0	1	0	0	0	0	0	0	0						
OR2T8	sonnet_dual_triage	7	312	84	0	1	0	0	0	0	0	0	1				OR2T33	92.9	
OR2V1	sonnet_dual_triage	7	315	87	0	1	0	1	1	0	0	0	1	83.2	87.9		OR2V2	85.1	
OR2V2	sonnet_dual_triage	7	315	86	0	1	0	1	0	0	0	0	1		82.5		OR2V1	83.9	
OR2W1	sonnet_dual_triage	7	320	86	0	1	0	0	1	0	0	0	1	95.6			OR2G3	64.0	
OR2W3	sonnet_dual_triage	7	314	88	0	1	0	0	1	0	0	0	1	94.9			OR2J3	59.1	
OR2Y1	sonnet_dual_triage	7	311	88	0	1	0	0	1	0	0	0	1	96.5			OR2J2	58.0	
OR2Z1	sonnet_dual_triage	7	314	85	0	1	0	0	0	0	0	0	1				OR2AJ1	57.6	
OR3A1	sonnet_dual_triage	7	315	85	0	1	0	0	1	0	0	0	1	95.9			OR3A2	65.2	
OR3A2	sonnet_dual_triage	7	321	92	0	1	0	0	1	0	0	0	1	94.9			OR3A3	97.8	
OR3A3	sonnet_dual_triage	7	321	92	0	1	0	0	1	0	0	0	1	94.0			OR3A2	97.8	
OR4A15	sonnet_dual_triage	7	344	111	0	1	0	1	1	0	0	0	1	92.0	83.1		OR4C45	53.2	
OR4A16	sonnet_dual_triage	7	328	81	0	1	0	0	0	0	0	0	1				OR4A5	67.9	
OR4A47	sonnet_dual_triage	7	309	83	0	1	0	1	1	0	0	0	1	94.5	80.3		OR4A15	49.5	
OR4A5	sonnet_dual_triage	7	315	80	0	1	0	0	1	0	0	0	1	84.8			OR4A16	67.9	
OR4B1	sonnet_dual_triage	7	309	79	0	1	0	0	1	0	0	0	1	94.8			OR4S2	67.1	
OR4C11	sonnet_dual_triage	7	310	79	0	1	0	0	0	0	0	0	1				OR4C16	67.1	
OR4C12	sonnet_dual_triage	7	309	84	0	1	0	0	0	0	0	0	1				OR4C13	69.0	
OR4C13	sonnet_dual_triage	7	309	84	0	1	0	0	0	0	0	0	1				OR4C46	82.1	
OR4C15	sonnet_dual_triage	7	316	78	0	1	0	0	0	0	0	0	1				OR4C45	67.9	
OR4C16	sonnet_dual_triage	7	310	78	0	1	0	0	0	0	0	0	1				OR4C11	64.6	
OR4C3	sonnet_dual_triage	7	302	82	0	1	0	1	0	0	0	0	1		85.1		OR4A15	46.8	
OR4C45	sonnet_dual_triage	7	306	75	0	1	0	0	0	0	0	0	1				OR4A15	52.3	
OR4C46	sonnet_dual_triage	7	309	84	0	1	0	0	0	0	0	0	1				OR4C13	82.1	
OR4C5	sonnet_dual_triage	7	326	104	0	1	0	1	0	0	0	0	1		71.5		OR4C45	56.7	
OR4C6	sonnet_dual_triage	7	309	74	0	1	0	0	0	0	0	0	1				OR4C45	68.0	
OR4D1	sonnet_dual_triage	7	310	84	0	1	0	1	1	0	0	0	1	95.8	85.8		OR4D2	82.1	
OR4D10	sonnet_dual_triage	7	311	77	0	1	0	0	1	0	0	0	1	90.4			OR4D9	73.8	
OR4D11	sonnet_dual_triage	7	311	79	0	1	0	1	1	0	0	0	1	93.6	87.5		OR4D9	76.2	
OR4D2	sonnet_dual_triage	7	307	77	0	1	0	0	1	0	0	0	1	93.5			OR4D1	73.8	
OR4D5	sonnet_dual_triage	7	318	83	0	1	0	1	1	0	0	0	1	94.3	89.3		OR4D2	65.1	
OR4D6	sonnet_dual_triage	7	314	78	0	1	0	1	1	0	0	0	1	93.3	88.2		OR4D9	68.8	
OR4D9	sonnet_dual_triage	7	314	80	0	1	0	0	1	0	0	0	1	93.9			OR4D11	76.2	
OR4E1	sonnet_dual_triage	7	315	87	0	1	0	0	1	0	0	0	1	96.5			OR4E2	56.3	
OR4E2	sonnet_dual_triage	7	313	83	0	1	0	1	1	0	0	0	1	96.8	84.7		OR4K15	62.7	
OR4F15	sonnet_dual_triage	7	312	85	0	1	0	1	1	1	0	0	1	94.9	85.6	2.0	OR4F21	69.8	
OR4F17	sonnet_dual_triage	7	305	77	0	1	0	0	0	0	0	0	1				OR4F5	97.4	
OR4F21	sonnet_dual_triage	7	312	86	0	1	0	0	0	0	0	0	1				OR4F3	100.0	
OR4F3	sonnet_dual_triage	7	312	85	0	1	0	0	0	0	0	0	1				OR4F16	100.0	
OR4F5	sonnet_dual_triage	7	305	77	0	1	0	0	0	0	0	0	1				OR4F17	97.4	
OR4F6	sonnet_dual_triage	7	312	81	0	1	0	1	1	1	0	0	1	95.2	84.9	2.0	OR4F3	68.2	
OR4K1	sonnet_dual_triage	7	311	81	0	1	0	1	1	0	0	0	1	93.9	85.9		OR4K13	72.8	
OR4K13	sonnet_dual_triage	7	304	77	0	1	0	0	1	0	0	0	1	96.1			OR4K15	71.2	
OR4K14	sonnet_dual_triage	7	310	80	0	1	0	0	0	0	0	0	1				OR4K1	67.9	
OR4K15	sonnet_dual_triage	7	324	80	0	1	0	0	1	0	0	0	1	96.0			OR4K13	72.5	
OR4K17	sonnet_dual_triage	7	312	78	0	1	0	0	1	0	0	0	1	96.2			OR4K15	63.7	
OR4K2	sonnet_dual_triage	7	314	80	0	1	0	1	1	0	0	0	1	97.1	82.8		OR4K1	66.7	
OR4K3	sonnet_dual_triage	7	315	77	0	1	0	0	0	0	0	0	1				OR4K15	70.0	
OR4K5	sonnet_dual_triage	7	323	78	0	1	0	1	1	1	0	0	1	91.0	82.0	2.0	OR4K3	70.5	
OR4L1	sonnet_dual_triage	7	312	78	0	1	0	0	0	0	0	0	1				OR4K13	60.3	
OR4M1	sonnet_dual_triage	7	313	81	0	1	0	0	0	0	0	0	1				OR4M2	97.5	
OR4M2	sonnet_dual_triage	7	313	80	0	1	0	0	0	0	0	0	1				OR4M2B	98.8	
OR4M2B	sonnet_dual_triage	7	313	77	0	1	0	0	0	0	0	0	1				OR4M2	95.0	
OR4N2	sonnet_dual_triage	7	307	83	0	1	0	0	1	0	0	0	1	95.4			OR4N4	84.3	
OR4N4	sonnet_dual_triage	7	316	77	0	1	0	0	0	0	0	0	1				OR4N4C	100.0	
OR4N4C	sonnet_dual_triage	7	316	77	0	1	0	0	0	0	0	0	1				OR4N4	100.0	
OR4N5	sonnet_dual_triage	7	308	78	0	1	0	1	1	0	0	0	1	91.2	86.4		OR4N4	83.3	
OR4P4	sonnet_dual_triage	7	312	74	0	1	0	0	0	0	0	0	1				OR4S2	69.2	
OR4Q2	sonnet_dual_triage	7	314	84	0	1	0	0	1	0	0	0	1	60.8			OR4S2	53.6	
OR4Q3	sonnet_dual_triage	7	313	79	0	1	0	1	1	0	0	0	1	96.0	79.1		OR4F5	62.0	
OR4S1	sonnet_dual_triage	7	309	79	0	1	0	0	0	0	0	0	1				OR4C45	59.5	
OR4S2	sonnet_dual_triage	7	311	78	0	1	0	0	1	0	0	0	1	95.5			OR4P4	69.2	
OR4X1	sonnet_dual_triage	7	305	80	0	1	0	1	0	0	0	0	1		64.9		OR4X2	57.5	
OR4X2	sonnet_dual_triage	7	303	77	0	1	0	0	1	0	0	0	1	88.4			OR4C5	47.1	
OR51A2	sonnet_dual_triage	7	313	78	0	1	0	0	0	0	0	0	1				OR51A4	94.9	
OR51A4	sonnet_dual_triage	7	313	78	0	1	0	0	0	0	0	0	1				OR51A2	94.9	
OR51A7	sonnet_dual_triage	7	312	83	0	1	0	1	0	0	0	0	1		85.6		OR51A4	66.3	
OR51B4	sonnet_dual_triage	7	310	83	0	1	0	1	0	0	0	0	1		75.2		OR51B6	66.3	
OR51B5	sonnet_dual_triage	7	312	80	0	1	0	0	1	0	0	0	1	91.3			OR51B6	73.3	
OR51B6	sonnet_dual_triage	7	312	86	0	1	0	0	0	0	0	0	1				OR51B5	76.7	
OR51C1	sonnet_dual_triage	7	312	79	0	1	0	1	1	0	0	0	1	89.1	83.0		OR51G2	56.6	
OR51D1	sonnet_dual_triage	7	324	89	0	1	0	1	1	0	0	0	1	93.8	88.3		OR51C1	43.8	
OR51E1	sonnet_dual_triage	7	318	80	0	1	0	1	1	0	0	0	1	97.8	93.1		OR51E2	53.1	
OR51E2	sonnet_dual_triage	7	320	81	0	1	0	1	1	0	0	0	1	98.8	92.8		OR51G2	56.6	
OR51F1	sonnet_dual_triage	7	319	88	0	1	0	0	1	0	0	0	0	90.3			OR11A1	30.7	
OR51F2	sonnet_dual_triage	7	342	95	0	1	0	1	1	0	0	0	1	83.9	79.1		OR51C1	50.5	
OR51G1	sonnet_dual_triage	7	321	80	0	1	0	1	0	0	0	0	1		86.9		OR51B6	52.3	
OR51G2	sonnet_dual_triage	7	314	83	0	1	0	1	1	0	0	0	1	93.9	90.8		OR51B6	54.7	
OR51I1	sonnet_dual_triage	7	314	88	0	1	0	1	0	0	0	0	1		87.9		OR51I2	53.4	
OR51I2	sonnet_dual_triage	7	312	85	0	1	0	1	1	0	0	0	1	94.9	89.1		OR51G2	56.5	
OR51L1	sonnet_dual_triage	7	315	83	0	1	0	1	0	0	0	0	1		87.9		OR51B6	48.8	
OR51M1	sonnet_dual_triage	7	326	95	0	1	0	1	1	0	0	0	1	93.6	81.3		OR51B6	50.5	
OR51Q1	sonnet_dual_triage	7	317	81	0	1	0	0	0	0	0	0	1				OR51I2	54.1	
OR51S1	sonnet_dual_triage	7	323	84	0	1	0	1	1	0	0	0	1	92.6	79.9		OR51G2	44.0	
OR51T1	sonnet_dual_triage	7	327	81	0	1	0	1	1	0	0	0	1	95.7	78.3		OR51B5	39.5	
OR51V1	sonnet_dual_triage	7	321	91	0	1	0	0	1	0	0	0	1	94.6			OR51B5	46.2	
OR52A1	sonnet_dual_triage	7	312	81	0	1	0	0	1	0	0	0	1	91.7			OR52A5	63.6	
OR52A5	sonnet_dual_triage	7	316	88	0	1	0	0	1	0	0	0	1	97.5			OR52A1	71.6	
OR52B2	sonnet_dual_triage	7	323	84	0	1	0	1	0	0	0	0	1		87.9		OR52E5	58.3	
OR52B4	sonnet_dual_triage	7	314	83	0	1	0	1	0	0	0	0	1		84.1		OR52E1	53.0	
OR52B6	sonnet_dual_triage	7	335	104	0	1	0	1	1	0	0	0	1	89.0	76.7		OR52E2	42.3	
OR52D1	sonnet_dual_triage	7	318	84	0	1	0	1	0	1	0	0	1		86.2	2.0	OR52E8	64.3	
OR52E1	sonnet_dual_triage	7	308	82	0	1	0	0	0	0	0	0	1				OR52E8	79.3	
OR52E2	sonnet_dual_triage	7	325	77	0	1	0	1	0	1	0	0	1		81.8	2.0	OR52E1	65.9	
OR52E4	sonnet_dual_triage	7	312	80	0	1	0	1	1	0	0	0	1	90.7	85.6		OR52E8	73.8	
OR52E5	sonnet_dual_triage	7	327	76	0	1	0	1	0	1	0	0	1		82.9	2.0	OR52E8	76.9	
OR52E6	sonnet_dual_triage	7	313	78	0	1	0	0	0	0	0	0	1				OR52E8	88.5	
OR52E8	sonnet_dual_triage	7	313	78	0	1	0	0	0	0	0	0	1				OR52E6	88.5	
OR52H1	sonnet_dual_triage	7	314	78	0	1	0	1	0	0	0	0	1		88.9		OR52E1	51.2	
OR52I1	sonnet_dual_triage	7	324	92	0	1	0	0	0	0	0	0	1				OR52I2	75.4	
OR52I2	sonnet_dual_triage	7	350	118	0	1	0	0	0	0	0	0	1				OR52I1	75.4	
OR52J3	sonnet_dual_triage	7	311	81	0	1	0	1	0	0	0	0	1		82.3		OR52E5	61.7	
OR52K1	sonnet_dual_triage	7	314	82	0	1	0	0	1	1	0	0	1	90.1		2.0	OR52K2	90.2	
OR52K2	sonnet_dual_triage	7	314	82	0	1	0	1	1	0	0	0	1	86.0	87.9		OR52K1	90.2	
OR52L1	sonnet_dual_triage	7	329	99	0	1	0	1	0	1	0	0	1		82.4	2.0	OR52R1	51.5	
OR52M1	sonnet_dual_triage	7	317	86	0	1	0	1	1	0	0	0	1	93.7	90.2		OR52A5	55.7	
OR52N1	sonnet_dual_triage	7	320	80	0	1	0	1	0	0	0	0	1		86.6		OR52N2	72.6	
OR52N2	sonnet_dual_triage	7	321	84	0	1	0	0	0	1	0	0	1			2.0	OR52N1	75.0	
OR52N4	sonnet_dual_triage	7	321	88	0	1	0	0	1	0	0	0	1	96.0			OR52N2	65.9	
OR52N5	sonnet_dual_triage	7	324	90	0	1	0	1	1	0	0	0	1	84.6	84.9		OR52N2	62.2	
OR52P1	sonnet_dual_triage	7	321	83	0	1	0	0	0	1	0	0	1			2.0	OR52L1	46.5	
OR52R1	sonnet_dual_triage	7	315	82	0	1	0	0	0	0	0	0	1				OR52L1	47.5	
OR52W1	sonnet_dual_triage	7	320	87	0	1	0	1	0	1	0	0	1		79.4	2.0	OR52L1	40.4	
OR56A1	sonnet_dual_triage	7	318	82	0	1	0	0	0	1	0	0	1			2.0	OR56A4	71.8	
OR56A3	sonnet_dual_triage	7	315	88	0	1	0	0	0	0	0	0	1				OR56A1	61.4	
OR56A4	sonnet_dual_triage	7	313	85	0	1	0	0	0	0	0	0	1				OR56A5	85.1	
OR56A5	sonnet_dual_triage	7	313	87	0	1	0	0	0	0	0	0	1				OR56A4	86.2	
OR56B1	sonnet_dual_triage	7	324	88	0	1	0	0	0	0	0	0	1				OR56B2	72.7	
OR56B2	sonnet_dual_triage	7	316	84	0	1	0	0	0	0	0	0	1				OR56B1	71.6	
OR56B4	sonnet_dual_triage	7	319	87	0	1	0	0	0	0	0	0	1				OR56B1	69.3	
OR5A1	sonnet_dual_triage	7	315	89	0	1	0	1	1	0	0	0	1	95.9	83.8		OR5A2	63.2	
OR5A2	sonnet_dual_triage	7	324	95	0	1	0	1	1	0	0	0	1	95.1	78.1		OR5A1	67.4	
OR5AC2	sonnet_dual_triage	7	309	87	0	1	0	0	0	0	0	0	1				OR5H2	65.5	
OR5AK2	sonnet_dual_triage	7	309	87	0	1	0	0	0	0	0	0	1				OR5B21	50.6	
OR5AL1	sonnet_dual_triage	7	329	104	0	1	0	0	0	0	0	0	1				OR8J2	51.0	
OR5AN1	sonnet_dual_triage	7	311	85	0	1	0	0	1	0	0	0	1	96.5			OR5A2	49.5	
OR5AP2	sonnet_dual_triage	7	316	90	0	1	0	1	1	0	0	0	1	95.6	85.8		OR5B21	58.9	
OR5AR1	sonnet_dual_triage	7	310	83	0	1	0	1	0	0	0	0	1		92.6		OR5B21	60.5	
OR5AS1	sonnet_dual_triage	7	324	87	0	1	0	1	0	1	0	1	1		78.1	2.0	OR5B21	59.8	1.0
OR5AU1	sonnet_dual_triage	7	362	139	0	1	0	1	1	0	0	0	0	95.2	84.2		OR5F1	33.8	
OR5B12	sonnet_dual_triage	7	314	85	0	1	0	0	0	0	0	0	1				OR5B2	70.6	
OR5B17	sonnet_dual_triage	7	314	83	0	1	0	0	0	0	0	0	1				OR5B3	73.5	
OR5B2	sonnet_dual_triage	7	309	84	0	1	0	0	1	0	0	0	1	93.5			OR5B3	84.5	
OR5B21	sonnet_dual_triage	7	309	86	0	1	0	1	1	0	0	0	1	96.8	86.1		OR5B12	67.4	
OR5B3	sonnet_dual_triage	7	314	82	0	1	0	0	0	0	0	1	1				OR5B2	82.1	1.0
OR5BS1	sonnet_dual_triage	7	311	83	0	1	0	1	1	0	0	0	1	92.9	76.8		OR4C15	48.2	
OR5C1	sonnet_dual_triage	7	320	89	0	1	0	1	0	0	0	0	1		85.0		OR5W2	54.9	
OR5D13	sonnet_dual_triage	7	314	93	0	1	0	0	0	0	0	0	1				OR5D3	59.6	
OR5D14	sonnet_dual_triage	7	314	92	0	1	0	0	1	0	0	0	1	94.3			OR5D18	59.8	
OR5D16	sonnet_dual_triage	7	328	86	0	1	0	1	0	0	0	0	1		77.7		OR5D18	76.9	
OR5D18	sonnet_dual_triage	7	313	91	0	1	0	0	0	0	0	0	1				OR5D16	82.4	
OR5D3	sonnet_dual_triage	7	323	104	0	1	0	0	1	0	0	0	1	95.7			OR5D13	61.5	
OR5F1	sonnet_dual_triage	7	314	90	0	1	0	0	1	0	0	0	1	92.7			OR5AP2	62.2	
OR5H1	sonnet_dual_triage	7	313	83	0	1	0	0	0	0	0	0	1				OR5H15	97.6	
OR5H14	sonnet_dual_triage	7	310	79	0	1	0	0	1	1	0	0	1	90.6		2.0	OR5H6	74.0	
OR5H15	sonnet_dual_triage	7	313	83	0	1	0	0	0	0	0	0	1				OR5H1	97.6	
OR5H2	sonnet_dual_triage	7	309	79	0	1	0	0	1	0	0	0	1	95.1			OR5H1	75.9	
OR5H6	sonnet_dual_triage	7	325	100	0	1	0	0	1	0	0	0	1	87.4			OR5H14	78.0	
OR5I1	sonnet_dual_triage	7	314	87	0	1	0	1	0	0	0	0	1		90.1		OR5F1	58.9	
OR5J2	sonnet_dual_triage	7	312	90	0	1	0	1	0	0	0	0	1		78.2		OR5F1	56.7	
OR5K1	sonnet_dual_triage	7	308	83	0	1	0	0	1	0	0	0	1	96.4			OR5K2	91.6	
OR5K2	sonnet_dual_triage	7	316	83	0	1	0	0	1	0	0	0	1	94.0			OR5K1	91.6	
OR5K3	sonnet_dual_triage	7	321	84	0	1	0	0	0	0	0	0	1				OR5K4	70.6	
OR5K4	sonnet_dual_triage	7	321	85	0	1	0	0	0	1	0	0	1			2.0	OR5K1	75.3	
OR5L1	sonnet_dual_triage	7	311	88	0	1	0	0	0	0	0	0	1				OR5L2	95.5	
OR5L2	sonnet_dual_triage	7	311	88	0	1	0	0	0	0	0	0	1				OR5L1	95.5	
OR5M1	sonnet_dual_triage	7	315	90	0	1	0	0	0	0	0	0	1				OR5M10	98.9	
OR5M10	sonnet_dual_triage	7	315	90	0	1	0	0	0	0	0	0	1				OR5M1	98.9	
OR5M11	sonnet_dual_triage	7	305	91	0	1	0	0	0	0	0	0	1				OR5M10	67.0	
OR5M3	sonnet_dual_triage	7	307	93	0	1	0	0	1	0	0	0	1	94.5			OR5M9	80.6	
OR5M8	sonnet_dual_triage	7	311	92	0	1	0	1	0	0	0	0	1		84.6		OR5M3	73.1	
OR5M9	sonnet_dual_triage	7	310	93	0	1	0	0	1	0	0	0	1	95.2			OR5M3	80.6	
OR5P2	sonnet_dual_triage	7	322	88	0	1	0	0	0	0	0	0	1				OR5M10	55.6	
OR5P3	sonnet_dual_triage	7	311	85	0	1	0	0	0	0	0	0	1				OR5P2	51.1	
OR5T1	sonnet_dual_triage	7	326	98	0	1	0	0	1	0	0	0	1	89.9			OR5T3	62.2	
OR5T2	sonnet_dual_triage	7	359	123	0	1	0	0	0	0	0	0	1				OR5T1	50.4	
OR5T3	sonnet_dual_triage	7	340	119	0	1	0	0	1	0	0	0	1	93.2			OR5T1	63.0	
OR5V1	sonnet_dual_triage	7	321	89	0	1	0	0	1	0	0	0	1	94.4			OR10C1	50.6	
OR5W2	sonnet_dual_triage	7	310	91	0	1	0	0	1	0	0	0	1	95.2			OR5AP2	60.4	
OR6A2	sonnet_dual_triage	7	327	88	0	1	0	1	0	0	0	0	1		89.9		OR6B1	53.4	
OR6B1	sonnet_dual_triage	7	311	87	0	1	0	1	1	0	0	0	1	96.5	92.6		OR6A2	55.7	
OR6B2	sonnet_dual_triage	7	312	88	0	1	0	0	0	0	0	0	1				OR6B3	95.5	
OR6B3	sonnet_dual_triage	7	331	87	0	1	0	0	1	0	0	0	1	88.5			OR6B2	94.3	
OR6C1	sonnet_dual_triage	7	312	74	0	1	0	0	1	0	0	0	1	95.2			OR6C3	68.0	
OR6C2	sonnet_dual_triage	7	312	74	0	1	0	0	1	0	0	0	1	95.8			OR6C68	68.8	
OR6C3	sonnet_dual_triage	7	311	75	0	1	0	1	0	0	0	0	1		88.4		OR6C1	69.3	
OR6C4	sonnet_dual_triage	7	309	75	0	1	0	0	1	0	0	0	1	95.5			OR2AP1	76.0	
OR6C6	sonnet_dual_triage	7	314	80	0	1	0	0	0	0	0	0	1				OR6C70	72.5	
OR6C65	sonnet_dual_triage	7	312	74	0	1	0	0	0	0	0	0	1				OR6C76	68.8	
OR6C68	sonnet_dual_triage	7	312	77	0	1	0	0	0	0	0	0	1				OR6C2	71.4	
OR6C70	sonnet_dual_triage	7	312	74	0	1	0	0	0	0	0	0	1				OR6C6	67.5	
OR6C74	sonnet_dual_triage	7	312	76	0	1	0	0	1	0	0	0	1	95.8			OR6C76	67.5	
OR6C75	sonnet_dual_triage	7	312	75	0	1	0	0	1	0	0	0	1	95.2			OR6C76	66.2	
OR6C76	sonnet_dual_triage	7	312	77	0	1	0	0	0	0	0	0	1				OR6C65	71.4	
OR6F1	sonnet_dual_triage	7	308	83	0	1	0	1	1	0	0	0	1	93.5	83.1		OR6J1	50.6	
OR6J1	sonnet_dual_triage	7	347	79	0	1	0	0	0	0	0	0	1				OR6T1	51.9	
OR6K2	sonnet_dual_triage	7	324	82	0	1	0	1	0	0	0	0	1		83.6		OR6K6	51.4	
OR6K3	sonnet_dual_triage	7	331	94	0	1	0	1	1	0	0	0	1	95.2	77.1		OR6K6	55.2	
OR6K6	sonnet_dual_triage	7	343	105	0	1	0	1	1	0	0	0	1	92.2	80.3		OR6K2	47.6	
OR6M1	sonnet_dual_triage	7	313	83	0	1	0	0	1	0	0	0	1	93.0			OR6J1	53.0	
OR6N1	sonnet_dual_triage	7	312	82	0	1	0	1	1	0	0	0	1	94.6	88.5		OR6N2	65.9	
OR6N2	sonnet_dual_triage	7	317	85	0	1	0	1	1	0	0	0	1	94.6	85.8		OR6N1	67.1	
OR6P1	sonnet_dual_triage	7	317	86	0	1	0	0	0	0	0	0	1				OR6B3	52.9	
OR6Q1	sonnet_dual_triage	7	317	88	0	1	0	0	1	0	0	0	1	94.6			OR8K3	46.6	
OR6S1	sonnet_dual_triage	7	331	83	0	1	0	1	0	0	0	0	1		83.1		OR6J1	49.4	
OR6T1	sonnet_dual_triage	7	323	74	0	1	0	0	1	0	0	0	1	91.0			OR6J1	50.6	
OR6V1	sonnet_dual_triage	7	313	81	0	1	0	0	1	0	0	0	1	95.2			OR6C3	46.9	
OR6X1	sonnet_dual_triage	7	312	73	0	1	0	1	1	0	0	0	1	92.3	85.3		OR6T1	39.2	
OR6Y1	sonnet_dual_triage	7	325	92	0	1	0	0	1	0	0	0	1	56.0			OR6B1	50.0	
OR7A10	sonnet_dual_triage	7	309	91	0	1	0	0	0	0	0	0	1				OR7A17	75.8	
OR7A17	sonnet_dual_triage	7	309	88	0	1	0	0	0	0	0	0	1				OR7A5	74.2	
OR7A5	sonnet_dual_triage	7	319	93	0	1	0	0	0	0	0	0	1				OR7A17	79.6	
OR7C1	sonnet_dual_triage	7	320	91	0	1	0	0	0	0	0	0	1				OR7C2	76.9	
OR7C2	sonnet_dual_triage	7	319	91	0	1	0	1	1	0	0	0	1	90.6	71.8		OR7C1	78.0	
OR7D2	sonnet_dual_triage	7	312	93	0	1	0	0	0	0	0	0	1				OR7A17	63.4	
OR7D4	sonnet_dual_triage	7	312	94	0	1	0	0	0	0	0	0	1				OR7G2	61.7	
OR7E24	sonnet_dual_triage	7	339	106	0	1	0	0	1	0	0	0	1	89.1			OR7A17	48.1	
OR7G1	sonnet_dual_triage	7	311	91	0	1	0	0	0	0	0	0	1				OR7G2	70.3	
OR7G2	sonnet_dual_triage	7	324	91	0	1	0	0	0	0	0	0	1				OR7G1	70.3	
OR7G3	sonnet_dual_triage	7	312	91	0	1	0	0	0	0	0	0	1				OR7G2	64.8	
OR8A1	sonnet_dual_triage	7	326	102	0	1	0	0	1	0	0	0	1	96.1			OR8D4	52.9	
OR8B12	sonnet_dual_triage	7	310	91	0	1	0	0	1	0	0	0	1	94.5			OR8B8	72.5	
OR8B2	sonnet_dual_triage	7	313	87	0	1	0	0	0	0	0	0	1				OR8B3	97.7	
OR8B3	sonnet_dual_triage	7	313	87	0	1	0	0	0	0	0	0	1				OR8B2	97.7	
OR8B4	sonnet_dual_triage	7	309	88	0	1	0	1	1	0	0	0	1	91.6	86.1		OR8B3	67.0	
OR8B8	sonnet_dual_triage	7	311	88	0	1	0	1	1	0	0	0	1	95.5	85.9		OR8B12	70.3	
OR8D1	sonnet_dual_triage	7	308	88	0	1	0	0	1	0	0	0	1	94.8			OR8D2	62.5	
OR8D2	sonnet_dual_triage	7	311	82	0	1	0	0	0	0	0	0	1				OR8D1	56.8	
OR8D4	sonnet_dual_triage	7	314	86	0	1	0	1	1	0	0	0	1	92.0	84.1		OR8A1	52.9	
OR8G1	sonnet_dual_triage	7	311	88	0	1	0	0	0	0	0	0	1				OR8G5	58.7	
OR8G3	sonnet_dual_triage	7	310	90	0	1	0	0	0	0	0	0	1				OR8G1	78.9	
OR8G5	sonnet_dual_triage	7	346	121	0	1	0	0	1	0	0	0	1	92.9			OR8G1	57.0	
OR8H1	sonnet_dual_triage	7	311	89	0	1	0	0	1	1	0	0	1	92.0		2.0	OR8H3	80.6	
OR8H2	sonnet_dual_triage	7	312	97	0	1	0	0	0	0	0	0	1				OR8H3	90.8	
OR8H3	sonnet_dual_triage	7	312	98	0	1	0	0	0	0	0	0	1				OR8H2	91.8	
OR8I2	sonnet_dual_triage	7	310	90	0	1	0	1	1	0	0	0	1	92.3	85.2		OR8H3	50.0	
OR8J1	sonnet_dual_triage	7	316	88	0	1	0	0	1	0	0	0	1	93.7			OR8J3	90.9	
OR8J2	sonnet_dual_triage	7	315	86	0	1	0	0	0	0	0	0	1				OR8J1	81.8	
OR8J3	sonnet_dual_triage	7	315	83	0	1	0	0	1	0	0	0	1	92.1			OR8J1	86.4	
OR8K1	sonnet_dual_triage	7	319	91	0	1	0	1	1	0	0	0	1	96.9	79.9		OR8K3	58.2	
OR8K3	sonnet_dual_triage	7	312	88	0	1	0	0	0	0	0	0	1				OR8K5	65.6	
OR8K5	sonnet_dual_triage	7	307	93	0	1	0	0	0	0	0	0	1				OR8K3	68.8	
OR8S1	sonnet_dual_triage	7	359	84	0	1	0	0	1	0	0	0	1	86.5			OR5BS1	47.6	
OR8U1	sonnet_dual_triage	7	309	85	0	1	0	1	1	0	0	0	1	94.2	86.4		OR8J2	62.8	
OR8U3	sonnet_dual_triage	7	324	92	0	1	0	1	0	0	0	0	1		80.6		OR8J2	63.0	
OR8U8	sonnet_dual_triage	7	319	86	0	1	0	0	0	0	0	0	0						
OR8U9	sonnet_dual_triage	7	309	87	0	1	0	0	0	0	0	0	0						
OR9A2	sonnet_dual_triage	7	310	78	0	1	0	1	0	0	0	0	1		81.6		OR9A4	68.4	
OR9A4	sonnet_dual_triage	7	314	79	0	1	0	1	1	0	0	0	1	79.6	84.4		OR9A2	65.8	
OR9G1	sonnet_dual_triage	7	305	88	0	1	0	1	1	0	0	0	1	92.1	76.1		OR11H4	43.2	
OR9G4	sonnet_dual_triage	7	327	101	0	1	0	1	1	0	0	0	1	95.8	87.2		OR5F1	47.5	
OR9G9	sonnet_dual_triage	7	305	88	0	1	0	0	0	0	0	0	0						
OR9H1	sonnet_dual_triage	7	308	85	0	1	0	1	1	0	0	0	1	93.5	83.8		OR5AP2	54.4	
OR9I1	sonnet_dual_triage	7	314	86	0	1	0	0	1	0	0	0	1	93.6			OR5B21	53.5	
OR9K2	sonnet_dual_triage	7	335	107	0	1	0	0	0	0	0	0	0				OR8I2	37.4	
OR9Q1	sonnet_dual_triage	7	310	88	0	1	0	1	1	0	0	0	1	91.9	82.3		OR9Q2	71.6	
OR9Q2	sonnet_dual_triage	7	314	84	0	1	0	1	1	0	0	0	1	85.0	85.7		OR9Q1	67.0	
ORAI1	sonnet_dual_triage	4	301	51	0	0	0	1	1	1	0	0	0	52.2	91.0	2.0	ORAI3	30.2	
ORAI2	sonnet_dual_triage	4	254	38	0	0	0	1	1	1	0	0	0	96.9	95.3	2.0	ORAI3	24.4	
ORAI3	sonnet_dual_triage	4	295	86	0	0	0	1	1	1	0	0	0	96.6	88.8	6.0	ORAI2	25.6	
OSCAR	sonnet_dual_triage	0	282	264	1	1	1	1	0	0	1	0	0		74.5		LILRA1	24.1	
OSCP1	sonnet_dual_triage	0	389	0	0	0	0	1	1	0	0	0	0	98.4	86.8				
OSMR	sonnet_dual_triage	1	979	716	1	1	0	1	1	0	1	1	0	94.5	55.2		CRLF2	10.3	5.0
OSTM1	sonnet_dual_triage	1	334	253	1	1	0	1	1	1	0	1	0	94.6	77.8	2.0			1.0
OTOA	sonnet_dual_triage	0	1153	1131	1	1	1	1	1	0	0	1	0	95.9	77.2		MSLN	15.5	3.0
OTOGL	sonnet_dual_triage	0	2353	2322	1	1	1	1	1	0	0	0	0	97.1	86.4		OTOG	33.6	
OTOP1	sonnet_dual_triage	12	612	105	0	0	0	1	1	1	0	0	0	94.3	77.5	2.0	OTOP3	24.8	
OTOP2	sonnet_dual_triage	12	562	106	0	0	0	1	1	1	0	0	0	93.8	85.2	2.0	OTOP3	31.1	
OTOP3	sonnet_dual_triage	12	596	101	0	0	0	1	1	1	0	0	0	95.3	82.2	2.0	OTOP2	34.0	
OVCH2	sonnet_dual_triage	0	564	542	1	1	1	1	1	0	0	0	0	95.0	77.2		PRRG4	12.4	
OVGP1	sonnet_dual_triage	0	678	657	1	1	1	1	1	0	0	0	0	77.1	58.0		CHI3L1	26.9	
OXER1	sonnet_dual_triage	7	384	112	0	1	0	0	1	0	0	0	0	96.1			P2RY4	25.9	
OXGR1	sonnet_dual_triage	7	337	90	0	1	0	1	1	0	0	0	0	97.6	85.5		SUCNR1	32.3	
OXTR	sonnet_dual_triage	7	389	96	0	1	0	1	1	0	0	0	1	92.8	92.0		AVPR1B	59.4	
P2RX1	sonnet_dual_triage	2	399	288	0	0	0	1	1	0	0	1	1	97.5	89.5		P2RX4	49.8	2.0
P2RX2	sonnet_dual_triage	2	471	279	0	0	0	1	1	0	1	1	1	96.6	79.8		P2RX4	51.2	1.0
P2RX3	sonnet_dual_triage	2	397	284	0	0	0	1	0	0	0	1	1		93.7		P2RX5	50.9	1.0
P2RX4	sonnet_dual_triage	2	388	293	0	0	0	1	1	1	0	1	1	75.5	86.6	3.0	P2RX5	58.7	2.0
P2RX5	sonnet_dual_triage	2	444	293	0	0	0	1	1	1	0	0	1	81.8	69.0	3.0	P2RX4	58.7	
P2RX6	sonnet_dual_triage	2	441	285	0	0	0	1	1	1	1	1	1	93.9	71.7	3.0	P2RX5	49.8	2.0
P2RX7	sonnet_dual_triage	2	595	281	0	0	0	1	1	0	1	0	1	97.1	80.8		P2RX4	51.2	
P2RY1	sonnet_dual_triage	7	373	127	0	1	0	1	1	0	0	1	0	98.9	94.9		P2RY6	29.1	1.0
P2RY10	sonnet_dual_triage	7	339	85	0	1	0	1	1	0	0	0	0	98.2	83.2		CYSLTR1	25.9	
P2RY11	sonnet_dual_triage	7	374	107	0	1	0	0	0	0	0	0	0				GPR174	22.4	
P2RY12	sonnet_dual_triage	7	342	88	0	1	0	1	1	0	0	0	0	98.2	87.1		P2RY13	35.8	
P2RY13	sonnet_dual_triage	7	354	106	0	1	0	1	1	0	0	0	0	94.9	72.9		P2RY12	35.8	
P2RY14	sonnet_dual_triage	7	338	84	0	1	0	1	1	1	0	0	0	97.6	83.1	2.0	P2RY13	33.0	
P2RY2	sonnet_dual_triage	7	377	79	0	1	0	1	0	0	0	0	1		89.4		P2RY4	45.7	
P2RY4	sonnet_dual_triage	7	365	81	0	1	0	1	0	0	0	0	1		80.8		P2RY2	45.7	
P2RY6	sonnet_dual_triage	7	328	73	0	1	0	1	1	1	0	0	0	97.9	86.6	2.0	P2RY2	39.2	
P2RY8	sonnet_dual_triage	7	359	79	0	1	0	0	0	0	0	0	0				F2RL2	22.8	
P4HB	sonnet_dual_triage	0	508	491	1	1	1	1	0	0	0	0	1		93.7		PDIA2	48.2	
PACC1	sonnet_dual_triage	2	350	216	0	0	0	1	1	0	0	0	0	97.7	90.6				
PAEP	sonnet_dual_triage	0	180	162	1	1	1	0	1	0	0	0	0	81.1			LCN8	24.7	
PAG1	sonnet_dual_triage	1	432	15	0	1	0	1	1	0	0	0	0	96.5	78.7				
PAK6	sonnet_dual_triage	0	681	0	0	0	0	1	0	0	0	0	0		92.7				
PALM2AKAP2	sonnet_dual_triage	0	1103	0	0	0	0	1	1	0	0	0	0	96.9	67.5				
PAM	sonnet_dual_triage	1	973	846	1	1	0	1	1	0	1	1	0	98.4	81.0				2.0
PAMR1	sonnet_dual_triage	0	720	699	1	1	1	1	1	0	0	0	0	98.1	90.1		F2	22.6	
PANX1	sonnet_dual_triage	4	426	73	0	0	0	1	1	0	0	0	0	96.2	86.4		PANX3	39.3	
PANX2	sonnet_dual_triage	4	677	86	0	0	0	1	0	0	1	0	0		92.3		PANX3	34.9	
PANX3	sonnet_dual_triage	4	392	84	0	0	0	1	1	1	0	0	1	97.7	88.8	2.0	PANX1	42.9	
PAPPA	sonnet_dual_triage	0	1627	1609	1	1	1	1	1	0	0	0	1	95.3	91.1		SUSD6	7.4	
PAPPA2	sonnet_dual_triage	0	1791	1769	1	1	1	1	1	0	0	0	1	96.0	79.1		SUSD6	7.6	
PAQR5	sonnet_dual_triage	8	330	68	0	0	0	1	1	0	0	0	0	97.0	91.5		PAQR6	26.5	
PAQR6	sonnet_dual_triage	8	344	67	0	0	0	1	0	0	1	0	0		87.2		PAQR5	26.5	
PAQR7	sonnet_dual_triage	8	346	59	0	0	0	1	1	0	0	0	0	97.7	82.4		PAQR8	30.5	
PAQR8	sonnet_dual_triage	8	354	57	0	0	0	1	1	0	0	0	0	90.7	94.1		PAQR3	18.6	
PAQR9	sonnet_dual_triage	8	377	85	0	0	0	1	1	0	0	0	0	63.9	92.8		PAQR5	23.5	
PARM1	sonnet_dual_triage	1	310	238	1	1	0	1	1	0	0	0	0	93.9	61.9				
PATE1	sonnet_dual_triage	0	126	105	1	1	1	1	1	0	0	0	0	81.7	61.1		PATE3	32.4	
PATE2	sonnet_dual_triage	0	113	95	1	1	1	0	1	0	0	0	0	85.8			PATE4	27.4	
PATE3	sonnet_dual_triage	0	98	78	1	1	1	1	1	0	0	0	0	87.8	64.3		PATE1	28.6	
PATE4	sonnet_dual_triage	0	98	76	1	1	1	0	1	0	0	0	0	94.9			ACRV1	9.7	
PAWR	sonnet_dual_triage	0	340	0	0	0	0	1	1	1	0	0	0	97.1	77.6	2.0			
PBOV1	sonnet_dual_triage	0	135	0	0	0	0	0	0	0	0	0	0						
PCARE	sonnet_dual_triage	0	1288	0	0	0	0	1	1	0	0	0	0	92.4	58.2				
PCDH1	sonnet_dual_triage	1	1060	795	1	1	0	1	1	0	0	1	1	98.6	79.6		PCDH7	50.4	5.0
PCDH10	sonnet_dual_triage	1	1040	706	1	1	0	1	1	0	0	1	1	99.5	96.8		PCDH19	47.9	5.0
PCDH11X	sonnet_dual_triage	1	1347	789	1	1	0	0	0	0	0	1	1				PCDH11Y	98.5	8.0
PCDH11Y	sonnet_dual_triage	1	1340	789	1	1	0	0	0	0	0	1	1				PCDH11X	98.5	5.0
PCDH12	sonnet_dual_triage	1	1184	699	1	1	0	1	1	0	0	1	1	98.0	80.2		PCDH18	42.1	3.0
PCDH15	sonnet_dual_triage	1	1955	1346	1	1	0	1	1	0	1	1	0	85.0	81.0		PCDH10	19.4	10.0
PCDH17	sonnet_dual_triage	1	1159	688	1	1	0	1	1	0	0	1	1	99.5	98.1		PCDH19	56.7	5.0
PCDH18	sonnet_dual_triage	1	1135	672	1	1	0	1	1	0	0	1	1	99.6	92.6		PCDH10	42.4	4.0
PCDH19	sonnet_dual_triage	1	1148	657	1	1	0	1	1	0	0	1	1	99.0	96.4		PCDH17	56.7	4.0
PCDH20	sonnet_dual_triage	1	951	828	1	1	0	1	1	0	0	1	1	98.3	92.5		PCDH9	44.6	4.0
PCDH7	sonnet_dual_triage	1	1069	849	1	1	0	1	1	0	0	1	1	83.9	97.8		PCDH1	50.4	7.0
PCDH8	sonnet_dual_triage	1	1070	721	1	1	0	1	0	0	0	1	1		94.2		PCDH18	40.6	6.0
PCDH9	sonnet_dual_triage	1	1237	792	1	1	0	1	1	0	0	1	1	99.7	96.0		PCDH11X	59.7	5.0
PCDHA1	sonnet_dual_triage	1	950	668	1	1	0	1	0	0	0	1	1		84.6		PCDHA2	81.4	5.0
PCDHA10	sonnet_dual_triage	1	948	667	1	1	0	1	0	0	0	1	1		83.2		PCDHA12	80.7	4.0
PCDHA11	sonnet_dual_triage	1	949	667	1	1	0	1	0	0	0	1	1		84.9		PCDHA8	79.9	4.0
PCDHA12	sonnet_dual_triage	1	941	668	1	1	0	0	0	0	0	1	1				PCDHA10	80.7	5.0
PCDHA13	sonnet_dual_triage	1	950	668	1	1	0	1	0	0	0	1	1		86.7		PCDHA3	80.4	5.0
PCDHA2	sonnet_dual_triage	1	948	668	1	1	0	1	0	0	0	1	1		86.7		PCDHA1	81.4	3.0
PCDHA3	sonnet_dual_triage	1	950	668	1	1	0	1	0	0	0	1	1		85.5		PCDHA4	83.7	4.0
PCDHA4	sonnet_dual_triage	1	947	668	1	1	0	0	1	0	0	1	1	76.0			PCDHA7	85.2	4.0
PCDHA5	sonnet_dual_triage	1	936	668	1	1	0	1	0	0	0	1	1		86.5		PCDHA4	81.4	4.0
PCDHA6	sonnet_dual_triage	1	950	668	1	1	0	0	0	0	0	1	1				PCDHA8	91.3	5.0
PCDHA7	sonnet_dual_triage	1	937	668	1	1	0	0	0	0	0	1	1				PCDHA9	92.1	3.0
PCDHA8	sonnet_dual_triage	1	950	668	1	1	0	0	0	0	0	1	1				PCDHA6	91.3	4.0
PCDHA9	sonnet_dual_triage	1	950	668	1	1	0	0	0	0	0	1	1				PCDHA7	92.1	5.0
PCDHAC1	sonnet_dual_triage	1	963	661	1	1	0	1	0	0	0	1	1		84.2		PCDHGA10	46.2	5.0
PCDHAC2	sonnet_dual_triage	1	1007	665	1	1	0	1	1	0	0	1	1	99.2	93.1		PCDHGA12	50.8	5.0
PCDHB1	sonnet_dual_triage	1	818	662	1	1	0	1	1	0	0	1	1	96.0	88.0		PCDHB15	56.4	4.0
PCDHB10	sonnet_dual_triage	1	800	665	1	1	0	0	1	1	0	1	1	92.6		2.0	PCDHB9	92.8	5.0
PCDHB11	sonnet_dual_triage	1	797	659	1	1	0	0	0	0	0	1	1				PCDHB12	90.2	3.0
PCDHB12	sonnet_dual_triage	1	795	663	1	1	0	0	0	0	0	1	1				PCDHB11	90.8	5.0
PCDHB13	sonnet_dual_triage	1	798	661	1	1	0	1	0	0	0	1	1		74.8		PCDHB8	94.6	4.0
PCDHB14	sonnet_dual_triage	1	798	659	1	1	0	1	1	0	0	1	1	95.9	78.7		PCDHB2	78.5	4.0
PCDHB15	sonnet_dual_triage	1	787	663	1	1	0	1	0	0	0	1	1		75.5		PCDHB4	77.7	4.0
PCDHB16	sonnet_dual_triage	1	776	661	1	1	0	1	1	0	0	1	1	93.6	76.4		PCDHB8	79.5	5.0
PCDHB2	sonnet_dual_triage	1	798	659	1	1	0	1	0	0	0	1	1		75.9		PCDHB14	78.5	5.0
PCDHB3	sonnet_dual_triage	1	796	663	1	1	0	1	1	0	0	1	1	74.0	77.6		PCDHB6	78.6	3.0
PCDHB4	sonnet_dual_triage	1	795	661	1	1	0	0	1	0	0	1	1	64.3			PCDHB5	78.7	5.0
PCDHB5	sonnet_dual_triage	1	795	660	1	1	0	0	0	0	0	1	1				PCDHB6	78.8	4.0
PCDHB6	sonnet_dual_triage	1	794	660	1	1	0	1	0	0	0	1	1		78.1		PCDHB5	78.8	4.0
PCDHB7	sonnet_dual_triage	1	793	659	1	1	0	1	0	0	0	1	1		77.7		PCDHB2	77.8	5.0
PCDHB8	sonnet_dual_triage	1	801	662	1	1	0	0	1	0	0	1	1	88.8			PCDHB13	94.6	5.0
PCDHB9	sonnet_dual_triage	1	797	663	1	1	0	0	0	0	0	1	1				PCDHB10	92.8	6.0
PCDHGA1	sonnet_dual_triage	1	931	664	1	1	0	1	0	0	0	1	1		83.2		PCDHGA6	71.8	5.0
PCDHGA10	sonnet_dual_triage	1	936	664	1	1	0	1	1	0	0	1	1	63.1	87.3		PCDHGA9	76.5	5.0
PCDHGA11	sonnet_dual_triage	1	935	664	1	1	0	1	0	0	0	1	1		82.7		PCDHGA12	73.2	6.0
PCDHGA12	sonnet_dual_triage	1	932	664	1	1	0	1	0	0	0	1	1		85.9		PCDHGA10	74.4	4.0
PCDHGA2	sonnet_dual_triage	1	932	664	1	1	0	1	0	0	0	1	1		86.1		PCDHGA3	75.3	5.0
PCDHGA3	sonnet_dual_triage	1	932	663	1	1	0	1	0	0	0	1	1		84.9		PCDHGA2	75.2	4.0
PCDHGA4	sonnet_dual_triage	1	962	664	1	1	0	1	0	0	0	1	1		81.8		PCDHGA6	73.3	4.0
PCDHGA5	sonnet_dual_triage	1	931	663	1	1	0	1	0	0	0	1	1		85.1		PCDHGA6	73.6	4.0
PCDHGA6	sonnet_dual_triage	1	932	663	1	1	0	1	0	0	0	0	1		80.3		PCDHGA7	75.0	
PCDHGA7	sonnet_dual_triage	1	932	664	1	1	0	1	0	0	0	1	1		84.5		PCDHGA6	75.0	4.0
PCDHGA8	sonnet_dual_triage	1	932	663	1	1	0	1	0	0	0	1	1		83.4		PCDHGA9	80.5	3.0
PCDHGA9	sonnet_dual_triage	1	932	665	1	1	0	1	0	0	0	1	1		84.1		PCDHGA8	80.6	3.0
PCDHGB1	sonnet_dual_triage	1	927	660	1	1	0	1	0	0	0	1	1		82.1		PCDHGB2	74.0	3.0
PCDHGB2	sonnet_dual_triage	1	931	662	1	1	0	1	0	0	0	1	1		82.2		PCDHGB1	74.0	5.0
PCDHGB3	sonnet_dual_triage	1	929	661	1	1	0	0	0	0	0	1	1				PCDHGB5	70.0	3.0
PCDHGB4	sonnet_dual_triage	1	923	659	1	1	0	1	0	0	0	1	1		83.7		PCDHGB5	81.5	3.0
PCDHGB5	sonnet_dual_triage	1	923	657	1	1	0	1	0	0	0	1	1		84.6		PCDHGB4	81.5	3.0
PCDHGB6	sonnet_dual_triage	1	930	661	1	1	0	1	0	0	0	1	1		83.0		PCDHGB7	78.2	4.0
PCDHGB7	sonnet_dual_triage	1	929	661	1	1	0	1	0	0	0	1	1		82.0		PCDHGB6	78.2	3.0
PCDHGC3	sonnet_dual_triage	1	934	662	1	1	0	1	0	0	0	1	1		92.1		PCDHGA4	47.3	7.0
PCDHGC4	sonnet_dual_triage	1	938	663	1	1	0	1	0	0	0	1	1		98.2		PCDHGC5	51.2	5.0
PCDHGC5	sonnet_dual_triage	1	944	664	1	1	0	1	0	0	0	1	1		93.1		PCDHGC4	51.2	4.0
PCED1B	sonnet_dual_triage	0	432	0	0	0	0	1	1	0	0	0	0	91.7	57.6				
PCMT1	sonnet_dual_triage	0	227	0	0	0	0	1	1	0	0	0	0	99.1	94.7				
PCNX2	sonnet_dual_triage	14	2137	81	0	0	0	1	1	0	1	0	1	92.2	80.4		PCNX3	46.9	
PCNX3	sonnet_dual_triage	14	2034	72	0	0	0	1	1	0	1	0	1	98.5	94.6		PCNX2	40.7	
PCSK4	sonnet_dual_triage	1	755	687	1	1	0	1	0	1	0	0	1		69.4	2.0	FURIN	57.0	
PCSK5	sonnet_dual_triage	1	1860	1711	1	1	0	1	1	0	1	1	0	95.8	81.2		PCSK6	31.2	9.0
PCSK7	sonnet_dual_triage	1	785	627	1	1	0	1	1	0	0	0	0	98.2	85.9		PCSK6	31.5	
PCSK9	sonnet_dual_triage	0	692	662	1	1	1	1	1	1	0	0	0	96.4	76.7	2.0	PCSK5	12.7	
PDCD1	sonnet_dual_triage	1	288	146	1	1	0	1	0	0	0	1	0		59.7				1.0
PDCD1LG2	sonnet_dual_triage	1	273	202	1	1	0	1	1	0	1	1	1	95.2	63.0		CD274	41.8	2.0
PDCD5	sonnet_dual_triage	0	125	0	0	0	0	1	1	0	0	0	0	100.0	85.6				
PDGFA	sonnet_dual_triage	0	211	191	1	1	1	1	0	1	0	0	0		92.3	2.0	PDGFB	38.9	
PDGFB	sonnet_dual_triage	0	241	221	1	1	1	1	1	1	0	0	0	99.6	89.6	2.0	PDGFA	38.9	
PDGFC	sonnet_dual_triage	0	345	323	1	1	1	1	1	0	0	0	1	98.8	87.0		PDGFD	44.6	
PDGFD	sonnet_dual_triage	0	370	352	1	1	1	1	1	0	0	0	1	87.3	85.1		PDGFC	44.9	
PDGFRA	sonnet_dual_triage	1	1089	504	1	1	0	1	1	0	1	1	0	99.0	91.8		LMTK2	24.2	2.0
PDGFRB	sonnet_dual_triage	1	1106	499	1	1	0	1	1	0	1	1	0	94.8	85.4		LMTK2	25.7	2.0
PDGFRL	sonnet_dual_triage	0	375	354	1	1	1	1	1	0	0	0	0	97.3	89.3				
PDIA3	sonnet_dual_triage	0	505	481	1	1	1	1	1	0	0	0	0	84.4	93.1		PDIA4	32.7	
PDIA4	sonnet_dual_triage	0	645	621	1	1	1	1	1	0	0	0	0	97.8	87.9		PDIA3	33.0	
PDIA6	sonnet_dual_triage	0	440	421	1	1	1	1	1	1	0	0	0	97.5	95.2	2.0	TMX1	16.9	
PDPN	sonnet_dual_triage	1	162	111	1	1	0	0	1	0	0	0	0	92.6					
PDZD2	sonnet_dual_triage	0	2839	0	0	0	0	1	1	0	0	0	0	94.3	68.7				
PDZD7	sonnet_dual_triage	0	1033	0	0	0	0	1	1	0	0	0	0	94.5	83.1				
PDZK1IP1	sonnet_dual_triage	1	114	13	1	1	0	1	1	0	0	0	0	99.1	82.5		SMIM24	38.5	
PEAR1	sonnet_dual_triage	1	1037	737	1	1	0	1	1	0	0	1	0	85.5	83.9		DLK1	16.3	7.0
PEBP4	sonnet_dual_triage	0	227	205	1	1	1	0	1	0	0	0	0	89.4					
PECAM1	sonnet_dual_triage	1	738	574	1	1	0	1	1	0	0	1	0	91.6	63.3		FCER1A	12.5	5.0
PEG10	sonnet_dual_triage	0	708	0	0	0	0	0	0	1	0	0	0			2.0			
PEPD	sonnet_dual_triage	0	493	0	0	0	0	1	1	1	0	0	0	98.0	89.0	2.0			
PERP	sonnet_dual_triage	4	193	70	0	0	0	1	1	0	0	0	0	99.0	90.7		TMEM47	25.7	
PEX5	sonnet_dual_triage	0	639	0	0	0	0	1	1	0	0	0	0	90.0	87.9				
PFKL	sonnet_dual_triage	0	780	0	0	0	0	1	1	1	0	0	0	98.7	94.1	2.0			
PFKP	sonnet_dual_triage	0	784	0	0	0	0	1	0	1	0	0	0		88.5	2.0			
PGAP6	sonnet_dual_triage	7	771	544	1	1	0	1	1	1	0	0	0	94.0	75.4	2.0	TMEM8B	22.2	
PGK1	sonnet_dual_triage	0	417	0	0	0	0	1	0	0	0	0	0		97.8				
PGLYRP3	sonnet_dual_triage	0	341	324	1	1	1	1	1	1	0	0	1	96.2	73.3	2.0	PGLYRP4	61.8	
PGRMC1	sonnet_dual_triage	1	195	31	0	1	0	1	1	0	0	0	0	83.1	95.4		CYB5D2	1.7	
PHB1	sonnet_dual_triage	0	272	245	1	1	1	1	0	1	0	0	1		99.6	2.0	PHB2	49.4	
PHB2	sonnet_dual_triage	1	299	263	0	0	1	1	1	1	0	0	1	100.0	100.0	2.0	PHB1	49.4	
PHEX	sonnet_dual_triage	1	749	709	0	0	1	1	1	1	0	1	0	98.8	96.0	2.0	ECE1	38.9	1.0
PHLPP1	sonnet_dual_triage	0	1717	0	0	0	0	1	1	0	0	0	0	69.7	85.3				
PI15	sonnet_dual_triage	0	258	239	1	1	1	1	1	0	0	0	1	99.6	93.4		R3HDML	58.6	
PI16	sonnet_dual_triage	0	463	436	1	1	1	1	1	1	0	1	0	70.8	66.3	2.0			2.0
PI3	sonnet_dual_triage	0	117	95	1	1	1	0	1	0	0	0	0	94.0			WFDC5	19.5	
PIANP	sonnet_dual_triage	1	282	148	1	1	0	1	1	0	0	0	0	100.0	92.8				
PIEZO1	sonnet_dual_triage	38	2521	598	0	0	0	1	0	0	0	0	1		82.2		PIEZO2	44.8	
PIEZO2	sonnet_dual_triage	38	2752	597	0	0	0	1	1	0	1	0	1	95.7	89.9		PIEZO1	45.0	
PIGR	sonnet_dual_triage	1	764	622	1	1	0	1	1	0	0	1	0	88.6	65.6		CD300H	10.9	4.0
PIK3AP1	sonnet_dual_triage	0	805	0	0	0	0	1	1	1	0	0	0	97.0	84.8	2.0			
PIK3IP1	sonnet_dual_triage	1	263	151	1	1	0	1	1	0	1	1	0	65.4	78.7		MST1	8.1	1.0
PILRA	sonnet_dual_triage	1	303	176	1	1	0	0	1	0	1	1	1	72.3			PILRB	83.0	1.0
PILRB	sonnet_dual_triage	1	227	171	1	1	0	0	0	0	1	1	1				PILRA	83.5	1.0
PINLYP	sonnet_dual_triage	0	204	178	1	1	1	1	1	0	0	0	0	88.2	55.9		LYPD8	22.9	
PIP	sonnet_dual_triage	0	146	118	1	1	1	0	1	1	0	0	0	75.3		2.0			
PIRT	sonnet_dual_triage	2	137	13	0	0	0	1	1	0	0	0	0	97.8	78.1		TMEM100	15.4	
PITPNM3	sonnet_dual_triage	0	974	0	0	0	0	1	0	1	0	0	0		94.5	2.0			
PJA2	sonnet_dual_triage	0	708	0	0	0	0	1	1	0	0	0	0	95.2	83.2				
PKD1	sonnet_dual_triage	11	4303	3345	1	1	0	1	0	0	0	1	0		78.2		PKD2L1	7.9	9.0
PKD1L1	sonnet_dual_triage	11	2849	2072	0	1	0	1	1	0	1	1	0	91.4	58.0		PKD2L1	10.5	2.0
PKD1L2	sonnet_dual_triage	11	2459	1632	1	1	0	1	1	0	1	1	0	75.6	63.6		PKD2L1	8.0	1.0
PKD1L3	sonnet_dual_triage	11	1732	938	1	1	0	0	0	0	0	1	0				PKD1	9.2	5.0
PKD2	sonnet_dual_triage	6	968	288	0	0	0	1	0	1	1	1	1		89.9	4.0	PKD2L1	58.2	2.0
PKD2L1	sonnet_dual_triage	6	805	292	0	0	0	1	1	1	0	1	1	96.1	82.2	4.0	PKD2	59.2	1.0
PKD2L2	sonnet_dual_triage	6	624	293	0	0	0	1	1	1	1	0	1	90.5	81.2	4.0	PKD2	49.8	
PKDCC	sonnet_dual_triage	0	493	469	1	1	1	1	1	0	0	0	0	91.9	92.9				
PKDREJ	sonnet_dual_triage	11	2253	1484	1	1	0	1	1	0	0	1	0	87.0	60.0		PKD2L1	9.2	2.0
PKHD1	sonnet_dual_triage	1	4074	3837	1	1	0	1	1	0	1	1	0	95.1	72.4		CLMN	8.5	9.0
PKHD1L1	sonnet_dual_triage	0	4243	4223	1	1	1	1	1	0	0	1	0	96.5	81.9		SYNE2	24.2	8.0
PKM	sonnet_dual_triage	0	531	0	0	0	0	1	0	1	0	0	0		97.7	2.0			
PLA1A	sonnet_dual_triage	0	456	431	1	1	1	1	1	0	0	0	0	92.3	81.4		LIPI	34.4	
PLA2G10	sonnet_dual_triage	0	165	134	1	1	1	1	1	0	0	0	0	92.7	64.8		PLA2G2D	38.1	
PLA2G12A	sonnet_dual_triage	0	189	167	1	1	1	1	0	0	0	0	1		89.4		PLA2G12B	44.3	
PLA2G15	sonnet_dual_triage	0	412	379	1	1	1	1	1	0	0	0	1	99.0	88.3		LCAT	44.7	
PLA2G1B	sonnet_dual_triage	0	148	133	1	1	1	1	1	0	0	0	0	87.8	77.7		PLA2G2A	39.8	
PLA2G2A	sonnet_dual_triage	0	144	124	1	1	1	0	1	0	0	0	1	91.7			PLA2G2E	55.6	
PLA2G2C	sonnet_dual_triage	0	149	131	1	1	1	1	1	0	0	0	0	83.2	65.8		PLA2G2A	33.6	
PLA2G2E	sonnet_dual_triage	0	142	123	1	1	1	1	1	1	0	0	1	95.8	84.5	2.0	PLA2G2A	55.6	
PLA2G2F	sonnet_dual_triage	0	168	148	1	1	1	1	1	0	0	0	1	75.8	71.6		PLA2G2D	41.2	
PLA2G7	sonnet_dual_triage	0	441	0	0	0	0	1	1	0	0	0	0	88.9	67.6				
PLA2R1	sonnet_dual_triage	1	1463	1380	1	1	0	1	1	0	1	1	0	96.2	73.7		CD302	4.3	5.0
PLAA	sonnet_dual_triage	0	795	0	0	0	0	1	1	0	0	0	0	98.9	94.1				
PLAAT4	sonnet_dual_triage	0	164	0	0	0	0	0	1	0	0	0	0	64.0					
PLAC1	sonnet_dual_triage	0	212	194	1	1	1	0	1	0	0	0	0	94.3			OOSP2	24.2	
PLAC8	sonnet_dual_triage	0	115	0	0	0	0	1	1	0	0	0	0	93.0	81.7				
PLAC8L1	sonnet_dual_triage	0	177	0	0	0	0	1	1	1	0	0	0	95.5	77.4	2.0			
PLAC9	sonnet_dual_triage	0	97	75	1	1	1	1	0	0	0	0	0		72.2				
PLAU	sonnet_dual_triage	0	431	411	1	1	1	1	1	0	0	0	0	93.0	69.4		PRSS1	22.9	
PLAUR	sonnet_dual_triage	0	335	313	1	1	1	1	1	0	0	1	0	90.7	61.2		LYPD5	21.7	2.0
PLB1	sonnet_dual_triage	1	1458	1396	1	1	0	1	1	0	1	1	0	94.6	68.8				6.0
PLBD1	sonnet_dual_triage	0	553	521	1	1	1	1	1	1	0	0	0	86.4	77.4	2.0	PLBD2	35.2	
PLBD2	sonnet_dual_triage	0	589	548	1	1	1	1	1	0	0	0	0	96.3	81.2		PLBD1	35.2	
PLCXD2	sonnet_dual_triage	0	305	0	0	0	0	1	0	0	0	0	0		93.5				
PLD2	sonnet_dual_triage	0	933	0	0	0	0	1	1	0	0	0	0	97.2	90.0				
PLD3	sonnet_dual_triage	1	490	431	0	0	1	1	1	0	0	0	1	88.6	93.3		PLD4	45.5	
PLD4	sonnet_dual_triage	1	506	455	0	0	1	1	1	1	0	0	1	92.1	73.9	2.0	PLD3	45.5	
PLEC	sonnet_dual_triage	0	4684	0	0	0	0	1	0	0	0	0	0		93.3				
PLEKHN1	sonnet_dual_triage	0	611	0	0	0	0	1	1	0	0	0	0	91.8	66.6				
PLET1	sonnet_dual_triage	0	207	182	1	1	1	0	1	0	0	1	0	84.1					2.0
PLG	sonnet_dual_triage	0	810	791	1	1	1	1	1	0	0	0	0	93.0	79.6		PLGLB2	9.2	
PLGLB2	sonnet_dual_triage	0	96	77	1	1	1	0	0	0	0	0	1				PLGLB1	100.0	
PLGRKT	sonnet_dual_triage	2	147	6	0	0	0	1	1	1	0	0	0	98.0	82.3	5.0			
PLLP	sonnet_dual_triage	4	182	30	0	0	0	1	0	0	0	0	1		90.1		PLP2	20.0	
PLP2	sonnet_dual_triage	4	152	12	0	0	0	0	1	0	1	0	0	98.7			PLLP	13.3	
PLPP1	sonnet_dual_triage	6	284	90	0	0	0	1	1	1	0	0	1	87.7	74.3	4.0	PLPP3	65.9	
PLPP2	sonnet_dual_triage	6	288	88	0	0	0	1	1	1	1	0	1	96.5	86.1	4.0	PLPP1	64.4	
PLPP3	sonnet_dual_triage	6	311	91	0	0	0	1	1	1	0	0	1	99.7	94.9	4.0	PLPP1	64.8	
PLPP4	sonnet_dual_triage	6	271	80	0	0	0	1	0	1	1	0	1		99.3	4.0	PLPP5	71.6	
PLPP5	sonnet_dual_triage	6	264	81	0	0	0	1	1	1	1	0	1	99.2	85.2	4.0	PLPP4	72.8	
PLPPR1	sonnet_dual_triage	6	325	99	0	0	0	1	1	1	0	0	1	99.4	96.3	4.0	PLPPR5	57.6	
PLPPR2	sonnet_dual_triage	6	343	103	0	0	0	1	1	1	1	0	1	95.4	96.7	4.0	PLPPR5	59.2	
PLPPR3	sonnet_dual_triage	6	718	98	0	0	0	1	0	0	1	0	1		88.6		PLPPR4	66.3	
PLPPR4	sonnet_dual_triage	6	763	94	0	0	0	1	1	0	1	0	1	99.9	97.2		PLPPR3	63.3	
PLPPR5	sonnet_dual_triage	6	321	96	0	0	0	1	1	1	0	0	1	95.0	92.2	4.0	PLPPR2	59.2	
PLSCR1	sonnet_dual_triage	0	318	0	0	0	0	0	0	0	0	0	0						
PLSCR2	sonnet_dual_triage	0	297	0	0	0	0	0	1	0	0	0	0	94.2					
PLSCR3	sonnet_dual_triage	0	295	0	0	0	0	1	0	0	0	0	0		93.2				
PLSCR4	sonnet_dual_triage	0	329	0	0	0	0	1	1	0	0	0	0	96.4	79.3				
PLSCR5	sonnet_dual_triage	0	271	0	0	0	0	1	1	0	0	0	0	97.4	87.8				
PLVAP	sonnet_dual_triage	1	442	394	0	0	1	1	1	1	0	1	0	94.3	61.8	2.0			5.0
PLXDC1	sonnet_dual_triage	1	500	408	1	1	0	1	1	0	1	0	1	97.0	81.4		PLXDC2	50.4	
PLXDC2	sonnet_dual_triage	1	529	425	1	1	0	1	1	0	0	1	1	97.4	91.9		PLXDC1	50.4	2.0
PLXNA1	sonnet_dual_triage	1	1896	1218	1	1	0	1	1	0	0	1	1	94.8	95.9		PLXNA3	58.7	7.0
PLXNA2	sonnet_dual_triage	1	1894	1203	1	1	0	1	1	0	0	1	1	99.7	96.6		PLXNA4	59.4	3.0
PLXNA3	sonnet_dual_triage	1	1871	1201	1	1	0	1	1	0	0	1	1	98.1	94.6		PLXNA1	58.5	5.0
PLXNA4	sonnet_dual_triage	1	1894	1214	1	1	0	1	1	0	1	1	1	99.6	97.7		PLXNA2	59.7	3.0
PLXNB1	sonnet_dual_triage	1	2135	1471	1	1	0	1	1	0	1	1	0	97.4	86.7		PLXNB3	38.4	3.0
PLXNB2	sonnet_dual_triage	1	1838	1181	1	1	0	1	1	0	0	1	0	96.0	87.6		PLXNB1	30.8	3.0
PLXNB3	sonnet_dual_triage	1	1909	1215	1	1	0	1	0	0	0	1	0		84.1		PLXNB1	38.2	6.0
PLXNC1	sonnet_dual_triage	1	1568	911	1	1	0	1	0	0	0	1	0		90.6		PLXND1	21.5	2.0
PLXND1	sonnet_dual_triage	1	1925	1227	1	1	0	1	1	0	0	1	0	61.9	91.4		PLXNB1	28.7	7.0
PM20D1	sonnet_dual_triage	0	502	477	1	1	1	1	1	1	0	0	0	88.6	71.5	2.0	CNDP1	22.5	
PMEL	sonnet_dual_triage	1	661	572	1	1	0	1	1	0	0	1	0	95.2	75.0		GPNMB	28.0	2.0
PMEPA1	sonnet_dual_triage	1	287	43	0	1	0	1	1	0	0	0	0	78.7	87.1		LDLRAD4	22.4	
PMIS2	sonnet_dual_triage	3	150	4	0	0	1	0	0	0	0	0	0				SYNDIG1L	16.7	
PMP22	sonnet_dual_triage	4	160	58	0	0	0	1	1	0	0	0	0	98.8	86.2		GSG1L	17.5	
PNISR	sonnet_dual_triage	0	805	0	0	0	0	1	1	0	0	0	0	99.6	92.9				
PNMA2	sonnet_dual_triage	0	364	0	0	0	0	1	1	0	0	0	0	97.3	78.3				
PNMA3	sonnet_dual_triage	0	463	0	0	0	0	1	1	0	0	0	0	98.7	74.3				
PODN	sonnet_dual_triage	0	613	589	1	1	1	1	1	0	0	0	1	98.0	91.4		PODNL1	41.9	
PODXL	sonnet_dual_triage	1	558	439	1	1	0	0	0	1	0	1	0			2.0			1.0
PODXL2	sonnet_dual_triage	1	605	469	1	1	0	1	1	0	0	1	0	96.2	77.0				1.0
POMZP3	sonnet_dual_triage	0	187	187	0	1	1	0	0	0	0	0	0				ZP3	35.9	
PON2	sonnet_dual_triage	0	354	329	1	1	1	1	1	0	0	0	1	98.6	88.1		PON1	67.8	
POPDC1	sonnet_dual_triage	3	360	45	0	1	0	1	1	1	0	0	0	98.9	87.2	2.0	POPDC3	24.4	
POPDC2	sonnet_dual_triage	3	364	28	0	1	0	1	1	1	0	0	0	88.9	83.7	2.0	POPDC3	33.3	
POPDC3	sonnet_dual_triage	3	291	30	0	1	0	1	1	1	0	0	0	99.0	89.0	2.0	POPDC1	24.4	
POTEA	sonnet_dual_triage	0	498	0	0	0	0	0	0	0	0	0	0						
POTEB	sonnet_dual_triage	0	544	0	0	0	0	0	0	0	0	0	0						
POTED	sonnet_dual_triage	0	584	0	0	0	0	0	0	0	0	0	0						
POTEE	sonnet_dual_triage	0	1075	0	0	0	0	0	0	0	0	0	0						
POTEF	sonnet_dual_triage	0	1075	0	0	0	0	0	0	0	0	0	0						
POTEH	sonnet_dual_triage	0	545	0	0	0	0	0	0	0	0	0	0						
POTEM	sonnet_dual_triage	0	508	0	0	0	0	0	0	0	0	0	0						
PPIA	sonnet_dual_triage	0	165	0	0	0	0	0	0	0	0	0	0						
PPIB	sonnet_dual_triage	0	216	183	1	1	1	1	1	0	0	0	1	100.0	94.0		PPIC	71.7	
PPP2R1A	sonnet_dual_triage	0	589	0	0	0	0	1	1	0	0	0	0	100.0	99.8				
PPT1	sonnet_dual_triage	0	306	285	1	1	1	0	1	0	0	0	0	98.7			DOLPP1	20.7	
PPT2	sonnet_dual_triage	0	302	275	1	1	1	1	1	0	0	0	0	99.3	93.4		PPT1	28.8	
PRADC1	sonnet_dual_triage	0	188	167	1	1	1	1	1	0	0	0	0	98.9	97.9				
PRAP1	sonnet_dual_triage	0	151	131	1	1	1	0	0	0	0	0	0						
PRCP	sonnet_dual_triage	0	496	475	1	1	1	1	1	1	0	0	1	97.8	77.0	2.0	DPP7	42.9	
PRDX1	sonnet_dual_triage	0	199	0	0	0	0	1	1	1	0	0	0	99.5	95.5	2.0			
PRDX2	sonnet_dual_triage	0	198	0	0	0	0	1	0	1	0	0	0		92.4	2.0			
PRDX4	sonnet_dual_triage	0	271	234	1	1	1	1	1	1	0	0	1	85.2	89.7	2.0			
PREP	sonnet_dual_triage	0	710	0	0	0	0	1	1	0	0	0	0	98.9	95.8				
PRG2	sonnet_dual_triage	0	222	206	1	1	1	1	1	0	0	0	1	89.2	59.9		PRG3	49.5	
PRG3	sonnet_dual_triage	0	225	208	1	1	1	1	1	0	0	0	1	87.6	61.3		PRG2	49.5	
PRG4	sonnet_dual_triage	0	1404	1380	1	1	1	1	1	0	0	0	0	79.5	62.5		VTN	11.0	
PRIMA1	sonnet_dual_triage	1	153	57	1	1	0	1	0	0	0	0	0		91.5				
PRLHR	sonnet_dual_triage	7	370	118	0	1	0	1	1	0	0	0	0	78.4	89.7		NPY4R	26.3	
PRLR	sonnet_dual_triage	1	622	212	1	1	0	1	1	0	1	1	0	95.7	67.7		LEPR	8.4	1.0
PRND	sonnet_dual_triage	0	176	150	1	1	1	1	1	0	0	1	0	90.9	73.9				2.0
PRNP	sonnet_dual_triage	0	253	231	1	1	1	1	1	0	0	1	0	96.4	89.7				1.0
PROCR	sonnet_dual_triage	1	238	193	1	1	0	1	1	0	0	1	0	93.7	66.8				2.0
PROK2	sonnet_dual_triage	0	129	102	1	1	1	1	1	0	0	0	1	95.3	75.2		PROK1	44.1	
PROKR1	sonnet_dual_triage	7	393	131	0	1	0	0	1	0	0	0	1	97.7			PROKR2	75.6	
PROKR2	sonnet_dual_triage	7	384	118	0	1	0	1	1	0	0	0	1	99.0	89.6		PROKR1	72.5	
PROM1	sonnet_dual_triage	5	865	623	1	1	0	1	1	0	0	1	0	95.8	60.9		PROM2	23.0	1.0
PROM2	sonnet_dual_triage	5	834	609	1	1	0	1	1	0	1	1	0	93.5	73.3		PROM1	23.1	1.0
PROS1	sonnet_dual_triage	0	676	652	1	1	1	1	1	0	0	0	0	95.9	79.6		SHBG	18.9	
PRPH2	sonnet_dual_triage	4	346	159	0	0	0	1	1	1	0	0	1	98.3	91.0	2.0	ROM1	44.0	
PRR15L	sonnet_dual_triage	0	103	0	0	0	0	1	1	0	0	0	0	98.1	84.5				
PRR27	sonnet_dual_triage	0	219	204	1	1	1	0	1	0	0	0	0	88.1					
PRRG1	sonnet_dual_triage	1	218	80	0	1	0	1	1	0	1	0	1	98.2	92.7		PRRG3	53.8	
PRRG2	sonnet_dual_triage	1	202	92	1	1	0	1	1	0	0	0	0	78.2	78.7		MASP2	4.3	
PRRG3	sonnet_dual_triage	1	231	79	0	1	0	1	1	0	0	0	1	97.4	94.4		PRRG1	53.8	
PRRG4	sonnet_dual_triage	1	226	99	1	1	0	1	1	0	0	0	0	95.1	74.8		PRRG1	31.3	
PRRT1	sonnet_dual_triage	1	306	10	0	0	1	1	1	0	0	0	0	95.4	97.4		PRRT2	0.0	
PRRT1B	sonnet_dual_triage	1	263	5	0	0	1	1	1	0	0	0	0	91.6	66.5		PRRT2	0.0	
PRRT2	sonnet_dual_triage	3	340	5	0	0	1	1	1	0	1	0	0	96.2	80.0		PRRT1	0.0	
PRRT3	sonnet_dual_triage	7	981	490	1	1	0	1	1	0	1	0	0	83.8	72.9				
PRSS16	sonnet_dual_triage	0	514	490	1	1	1	1	1	1	0	0	0	96.1	78.8	2.0	DPP7	30.4	
PRSS21	sonnet_dual_triage	0	314	295	1	1	1	0	1	0	0	1	1	86.3			PRSS41	51.5	1.0
PRSS22	sonnet_dual_triage	0	317	285	1	1	1	1	1	0	0	0	0	82.6	74.4		TMPRSS6	15.8	
PRSS23	sonnet_dual_triage	0	383	360	1	1	1	1	1	0	0	0	1	99.0	90.6		PRSS35	49.9	
PRSS33	sonnet_dual_triage	0	280	258	1	1	1	1	1	0	0	0	0	90.0	79.6				
PRSS35	sonnet_dual_triage	0	413	393	1	1	1	1	1	0	0	0	1	96.1	77.2		PRSS23	49.9	
PRSS37	sonnet_dual_triage	0	235	216	1	1	1	1	1	0	0	0	0	97.0	83.0		KLK15	31.2	
PRSS38	sonnet_dual_triage	0	326	294	1	1	1	1	1	0	0	0	0	92.0	57.1		CTRL	33.3	
PRSS41	sonnet_dual_triage	0	318	299	1	1	1	0	1	0	0	1	1	91.5			PRSS21	51.5	2.0
PRSS48	sonnet_dual_triage	0	328	310	1	1	1	1	1	0	0	0	0	92.4	56.4		PRSS27	36.8	
PRSS51	sonnet_dual_triage	0	220	204	1	1	1	1	1	0	0	0	0	94.7	69.8		KLKB1	11.5	
PRSS53	sonnet_dual_triage	0	553	530	1	1	1	1	1	0	0	0	0	84.8	80.3		PRSS36	27.0	
PRSS54	sonnet_dual_triage	0	395	366	1	1	1	1	1	0	0	0	0	91.9	57.7		KLK12	18.0	
PRSS55	sonnet_dual_triage	0	352	334	1	1	1	1	1	0	0	0	0	67.0	53.7		F11	20.9	
PRSS57	sonnet_dual_triage	0	283	252	1	1	1	1	1	0	0	0	1	87.6	68.8		GZMM	40.9	
PRSS8	sonnet_dual_triage	0	343	314	1	1	1	1	1	0	0	1	0	89.8	76.4				1.0
PRTG	sonnet_dual_triage	1	1150	914	1	1	0	1	1	0	0	1	1	98.4	90.2		IGDCC3	30.2	6.0
PRTN3	sonnet_dual_triage	0	256	231	1	1	1	1	0	0	0	0	1		63.7		ELANE	51.7	
PSAP	sonnet_dual_triage	0	524	508	1	1	1	1	1	0	0	0	1	96.2	66.2		PSAPL1	44.7	
PSCA	sonnet_dual_triage	0	114	103	1	1	1	1	1	0	0	0	0	93.9	60.5		LY6E	36.0	
PSG1	sonnet_dual_triage	0	419	385	1	1	1	0	0	0	0	0	1				PSG8	90.6	
PSG11	sonnet_dual_triage	0	335	301	1	1	1	0	0	0	0	0	1				PSG2	89.7	
PSG4	sonnet_dual_triage	0	419	385	1	1	1	0	0	0	0	0	1				PSG7	90.4	
PSG5	sonnet_dual_triage	0	335	301	1	1	1	0	0	0	0	0	1				PSG3	68.0	
PSG8	sonnet_dual_triage	0	426	392	1	1	1	0	0	0	0	0	1				PSG1	90.6	
PSG9	sonnet_dual_triage	0	426	392	1	1	1	0	0	0	0	0	1				PSG6	84.3	
PSMB4	sonnet_dual_triage	0	264	0	0	0	0	1	1	0	0	0	0	99.2	93.6				
PTAFR	sonnet_dual_triage	7	342	71	0	1	0	1	1	0	0	0	0	96.8	81.6		GPR34	20.9	
PTCH1	sonnet_dual_triage	12	1447	610	0	0	0	1	1	0	1	0	1	94.5	95.5		PTCH2	55.7	
PTCH2	sonnet_dual_triage	12	1203	606	0	0	0	1	1	0	0	0	1	97.4	89.4		PTCH1	55.4	
PTCHD1	sonnet_dual_triage	12	888	443	0	0	0	1	1	0	1	1	1	99.8	98.1		PTCHD4	46.5	1.0
PTCHD4	sonnet_dual_triage	12	846	388	0	0	0	1	1	0	1	1	1	98.8	96.8		PTCHD1	46.7	2.0
PTCRA	sonnet_dual_triage	1	281	124	1	1	0	0	0	0	0	1	0						1.0
PTEN	sonnet_dual_triage	0	403	0	0	0	0	0	1	0	0	0	0	100.0					
PTER	sonnet_dual_triage	0	349	0	0	0	0	1	1	1	0	0	0	98.0	87.7	2.0			
PTGDR	sonnet_dual_triage	7	359	85	0	1	0	1	1	0	1	0	0	93.6	72.7		PTGER2	36.5	
PTGDR2	sonnet_dual_triage	7	395	111	0	1	0	1	0	1	0	0	0		76.7	2.0	LTB4R2	25.2	
PTGDS	sonnet_dual_triage	0	190	168	1	1	1	1	1	0	0	0	0	93.7	72.1		LCN2	35.4	
PTGER1	sonnet_dual_triage	7	402	88	0	1	0	1	0	0	0	0	0		85.3		PTGER2	30.7	
PTGER2	sonnet_dual_triage	7	358	73	0	1	0	1	0	0	0	0	0		87.2		PTGDR	35.3	
PTGER3	sonnet_dual_triage	7	390	122	0	1	0	1	1	0	0	0	0	91.8	79.0		PTGER2	26.2	
PTGER4	sonnet_dual_triage	7	488	77	0	1	0	1	1	0	0	0	0	98.2	88.3		PTGER3	22.1	
PTGFR	sonnet_dual_triage	7	359	86	0	1	0	1	1	0	1	0	0	98.3	88.6		PTGER4	26.7	
PTGFRN	sonnet_dual_triage	1	879	811	1	1	0	1	1	0	0	1	0	95.9	90.0		VSTM4	10.5	3.0
PTGIR	sonnet_dual_triage	7	386	73	0	1	0	1	0	0	0	0	0		79.0		PTGDR	36.5	
PTH1R	sonnet_dual_triage	7	593	227	1	1	0	1	1	0	0	0	0	90.1	90.2		PTH2R	36.6	
PTH2R	sonnet_dual_triage	7	550	187	1	1	0	1	1	0	0	1	0	83.6	82.9		PTH1R	37.0	1.0
PTK6	sonnet_dual_triage	0	451	0	0	0	0	1	1	0	0	0	0	96.2	80.0				
PTK7	sonnet_dual_triage	1	1070	674	1	1	0	1	1	0	0	1	0	96.4	91.8				4.0
PTMA	sonnet_dual_triage	0	111	0	0	0	0	1	0	0	0	0	0		96.4				
PTOV1	sonnet_dual_triage	0	416	0	0	0	0	1	1	0	0	0	0	95.0	96.6				
PTP4A1	sonnet_dual_triage	0	173	0	0	0	0	1	1	0	0	0	0	100.0	100.0				
PTP4A3	sonnet_dual_triage	0	173	0	0	0	0	1	0	0	0	0	0		96.5				
PTPRA	sonnet_dual_triage	1	802	132	1	1	0	1	1	0	0	0	0	99.3	94.9		PTPRB	2.9	
PTPRB	sonnet_dual_triage	1	1997	1596	1	1	0	1	1	0	0	1	0	97.0	77.0		PTPRE	9.0	13.0
PTPRC	sonnet_dual_triage	1	1306	552	1	1	0	1	1	0	0	0	0	89.0	66.7		PTPRE	8.2	
PTPRCAP	sonnet_dual_triage	1	206	13	1	1	0	1	0	0	0	0	0		63.1				
PTPRD	sonnet_dual_triage	1	1912	1246	1	1	0	1	1	0	0	1	1	99.5	98.1		PTPRS	64.4	6.0
PTPRE	sonnet_dual_triage	1	700	28	1	1	0	1	1	0	1	0	0	98.9	86.0		PTPRJ	1.5	
PTPRF	sonnet_dual_triage	1	1907	1231	1	1	0	1	0	0	0	1	1		95.4		PTPRE	3.4	6.0
PTPRG	sonnet_dual_triage	1	1445	711	1	1	0	1	1	0	0	1	0	98.7	94.2		PTPRE	6.5	1.0
PTPRH	sonnet_dual_triage	1	1115	728	1	1	0	1	0	0	0	1	0		50.7		PTPRE	12.9	5.0
PTPRJ	sonnet_dual_triage	1	1337	936	1	1	0	1	1	0	1	1	0	91.9	66.9		PTPRE	12.2	5.0
PTPRK	sonnet_dual_triage	1	1439	725	1	1	0	1	1	0	0	1	1	99.7	98.7		PTPRE	6.9	3.0
PTPRM	sonnet_dual_triage	1	1452	722	1	1	0	1	1	0	0	1	1	99.6	97.3		PTPRT	63.6	1.0
PTPRN	sonnet_dual_triage	1	979	547	1	1	0	1	1	0	0	1	0	96.3	87.4		PTPRE	15.0	3.0
PTPRN2	sonnet_dual_triage	1	1015	594	1	1	0	1	0	0	0	1	0		69.8		PTPRE	14.1	1.0
PTPRO	sonnet_dual_triage	1	1216	790	1	1	0	1	1	0	1	1	0	99.3	91.7		PTPRE	13.9	5.0
PTPRQ	sonnet_dual_triage	1	2332	1947	0	1	0	1	1	0	0	1	0	95.8	86.8		VSIG10	8.4	18.0
PTPRR	sonnet_dual_triage	1	657	206	1	1	0	1	1	0	1	0	1	98.5	89.2		PTPRZ1	4.6	
PTPRS	sonnet_dual_triage	1	1948	1253	1	1	0	1	0	0	0	1	1		92.2		PTPRE	3.0	5.0
PTPRT	sonnet_dual_triage	1	1441	721	1	1	0	1	1	0	0	1	1	99.2	98.0		PTPRM	63.6	2.0
PTPRU	sonnet_dual_triage	1	1446	728	1	1	0	1	1	0	0	1	1	94.4	95.3		PTPN5	13.5	2.0
PTPRZ2	sonnet_dual_triage	1	2315	1615	1	1	0	0	0	0	0	1	0						1.0
PTTG1IP	sonnet_dual_triage	1	180	65	1	1	0	1	1	0	0	0	0	90.0	71.1		PTTG1IP2	29.9	
PTTG1IP2	sonnet_dual_triage	1	154	67	1	1	0	0	0	0	0	0	0				PTTG1IP	29.9	
PTX3	sonnet_dual_triage	0	381	364	1	1	1	1	1	0	0	0	0	94.8	81.9		NPTX2	26.1	
PTX4	sonnet_dual_triage	0	478	453	1	1	1	1	1	0	0	0	0	90.4	65.1		APCS	17.0	
PVR	sonnet_dual_triage	1	417	317	1	1	0	0	1	1	1	1	1	72.4		2.0	NECTIN2	52.3	1.0
PVRIG	sonnet_dual_triage	1	326	132	1	1	0	0	0	0	0	0	0						
PXDN	sonnet_dual_triage	0	1479	1450	1	1	1	1	0	0	0	0	1		90.9		PXDNL	61.0	
PXDNL	sonnet_dual_triage	0	1463	1440	1	1	1	0	1	0	0	0	1	92.2			PXDN	60.9	
PYCARD	sonnet_dual_triage	0	195	0	0	0	0	1	1	0	0	0	0	92.3	71.3				
QPCT	sonnet_dual_triage	0	361	333	1	1	1	1	1	0	0	0	1	97.2	82.0		QPCTL	49.8	
QRFPR	sonnet_dual_triage	7	431	107	0	1	0	0	1	0	0	0	0	98.6			GALR3	18.7	
QSOX1	sonnet_dual_triage	1	747	680	1	1	0	1	1	0	1	1	0	93.0	72.8		QSOX2	37.6	2.0
QSOX2	sonnet_dual_triage	1	698	608	1	1	0	1	1	0	0	1	0	95.1	68.8		QSOX1	37.5	2.0
R3HDML	sonnet_dual_triage	0	253	230	1	1	1	1	1	0	0	0	1	94.5	77.9		PI15	58.6	
RAB22A	sonnet_dual_triage	0	194	0	0	0	0	1	1	0	0	0	0	99.0	85.6				
RAB44	sonnet_dual_triage	0	1021	0	0	0	0	1	1	1	0	0	0	92.4	60.3	2.0			
RAET1E	sonnet_dual_triage	1	263	201	1	1	0	0	1	0	1	0	0	81.4			ULBP3	39.5	
RAET1G	sonnet_dual_triage	1	334	204	1	1	0	0	0	0	1	0	1				ULBP2	85.5	
RAET1L	sonnet_dual_triage	0	246	221	1	1	1	0	0	0	0	0	1				ULBP2	96.4	
RAMP1	sonnet_dual_triage	1	148	91	1	1	0	1	1	0	0	0	0	88.5	70.9		RAMP3	31.5	
RAMP2	sonnet_dual_triage	1	175	105	1	1	0	1	1	0	0	1	0	95.4	67.4		RAMP1	29.5	1.0
RAMP3	sonnet_dual_triage	1	148	92	1	1	0	1	1	0	0	1	0	95.9	83.8		RAMP1	32.6	3.0
RARRES1	sonnet_dual_triage	0	294	257	1	1	1	1	1	0	0	0	0	92.5	69.0		LXN	26.8	
RASL10B	sonnet_dual_triage	0	203	0	0	0	0	0	1	0	0	0	0	99.5					
RC3H2	sonnet_dual_triage	0	1191	0	0	0	0	1	1	0	0	0	0	98.4	95.3				
RCN1	sonnet_dual_triage	0	331	302	1	1	1	1	0	0	0	0	1		94.3		CALU	62.9	
RECK	sonnet_dual_triage	0	971	945	1	1	1	1	1	0	0	1	0	94.0	93.5				6.0
REELD1	sonnet_dual_triage	1	526	420	1	1	0	0	1	0	0	0	0	91.1			FRRS1	28.1	
REG4	sonnet_dual_triage	0	158	136	1	1	1	1	1	0	0	0	0	91.8	65.8		REG1A	34.0	
RELL1	sonnet_dual_triage	1	271	35	1	1	0	1	1	0	0	0	0	98.9	88.2				
RELL2	sonnet_dual_triage	1	303	14	0	1	0	1	1	0	0	0	0	97.0	84.8				
RELT	sonnet_dual_triage	1	430	139	1	1	0	1	1	0	0	1	0	93.5	85.8		TNFRSF8	11.1	1.0
REN	sonnet_dual_triage	0	406	383	1	1	1	1	1	0	0	0	1	99.0	70.0		CTSD	43.1	
RET	sonnet_dual_triage	1	1114	608	1	1	0	1	1	0	0	1	0	97.9	83.3		ROS1	11.2	1.0
RETNLB	sonnet_dual_triage	0	111	88	1	1	1	0	1	0	0	0	1	86.5			RETN	50.0	
RFTN1	sonnet_dual_triage	0	578	0	0	0	0	1	1	0	0	0	0	95.0	68.9				
RFTN2	sonnet_dual_triage	0	501	0	0	0	0	1	1	0	0	0	0	97.2	79.4				
RGMA	sonnet_dual_triage	0	450	403	1	1	1	1	1	1	0	1	1	98.4	92.2	2.0	RGMB	52.4	1.0
RGMB	sonnet_dual_triage	0	437	389	1	1	1	1	1	0	0	1	1	96.6	89.2		RGMA	52.9	3.0
RGR	sonnet_dual_triage	7	291	69	0	1	0	1	1	1	1	0	0	98.3	81.1	2.0	XCR1	27.6	
RGS14	sonnet_dual_triage	0	566	0	0	0	0	1	1	0	0	0	0	96.5	85.2				
RGS7BP	sonnet_dual_triage	0	257	0	0	0	0	1	1	0	0	0	0	99.6	94.6				
RGS9BP	sonnet_dual_triage	1	235	4	0	0	1	1	0	0	0	0	0		83.4				
RHAG	sonnet_dual_triage	12	409	75	0	0	0	1	1	1	1	0	0	89.0	77.3	3.0	RHBG	27.4	
RHBDF2	sonnet_dual_triage	7	856	286	0	0	1	1	1	0	0	1	1	83.8	91.9		RHBDF1	69.6	2.0
RHBDL2	sonnet_dual_triage	7	303	58	0	0	1	1	1	1	1	0	0	98.3	85.5	2.0	RHBDF2	5.9	
RHBDL3	sonnet_dual_triage	7	404	74	0	0	1	1	1	0	0	0	1	67.8	95.5		RHBDL1	55.4	
RHBG	sonnet_dual_triage	12	458	95	0	0	0	1	1	1	1	0	1	98.3	84.5	3.0	RHCG	42.2	
RHCE	sonnet_dual_triage	12	417	75	0	0	0	0	0	1	1	0	1			3.0	RHD	90.7	
RHCG	sonnet_dual_triage	12	479	102	0	0	0	1	1	1	0	0	1	96.9	77.9	3.0	RHBG	42.2	
RHD	sonnet_dual_triage	12	417	72	0	0	0	0	0	1	1	0	1			3.0	RHCE	88.0	
RHEX	sonnet_dual_triage	1	172	11	0	1	0	0	1	0	0	0	0	83.7					
RHO	sonnet_dual_triage	7	348	94	0	1	0	1	1	1	0	0	1	98.0	94.8	2.0	OPN1SW	42.6	
RHOXF2	sonnet_dual_triage	0	288	0	0	0	0	0	0	0	0	0	0						
RNASE10	sonnet_dual_triage	0	216	184	1	1	1	1	0	0	0	0	0		63.9		RNASE4	20.1	
RNASE11	sonnet_dual_triage	0	199	181	1	1	1	0	0	0	0	0	0				RNASE12	20.4	
RNASE12	sonnet_dual_triage	0	147	127	1	1	1	1	1	0	0	0	0	95.2	67.3		RNASE9	22.9	
RNASE13	sonnet_dual_triage	0	156	134	1	1	1	1	1	0	0	0	0	81.4	69.9		ANG	23.1	
RNASE2	sonnet_dual_triage	0	161	138	1	1	1	0	1	0	0	0	1	80.7			RNASE3	65.2	
RNASE4	sonnet_dual_triage	0	147	119	1	1	1	1	1	0	0	0	1	96.6	83.7		RNASE1	40.6	
RNASE9	sonnet_dual_triage	0	205	179	1	1	1	0	0	0	0	0	0				RNASE12	22.9	
RNASEK	sonnet_dual_triage	2	137	31	0	0	0	1	1	0	0	0	0	100.0	100.0				
RNASET2	sonnet_dual_triage	0	256	232	1	1	1	0	1	0	0	0	0	96.1					
RNF11	sonnet_dual_triage	0	154	0	0	0	0	0	0	0	0	0	0						
RNF128	sonnet_dual_triage	1	428	169	1	1	0	1	1	0	0	0	1	96.7	95.3		RNF148	51.5	
RNF130	sonnet_dual_triage	2	419	181	1	1	1	1	1	0	1	0	1	100.0	90.7		RNF150	45.9	
RNF144A	sonnet_dual_triage	0	292	0	0	0	0	1	1	0	0	0	0	99.0	96.6				
RNF146	sonnet_dual_triage	0	359	0	0	0	0	1	1	0	0	0	0	98.6	92.5				
RNF152	sonnet_dual_triage	1	203	16	0	0	1	1	1	1	0	0	1	99.5	97.5	2.0	CD274	1.8	
RNF217	sonnet_dual_triage	0	542	0	0	0	0	1	1	0	0	0	0	98.2	79.0				
RNF43	sonnet_dual_triage	1	783	165	1	1	0	1	1	0	0	1	1	96.3	82.0		ZNRF3	41.2	1.0
RNLS	sonnet_dual_triage	0	342	0	0	0	0	1	1	0	0	0	0	95.6	71.1				
RO60	sonnet_dual_triage	0	538	0	0	0	0	1	1	0	0	0	0	99.6	89.8				
ROBO1	sonnet_dual_triage	1	1651	872	1	1	0	1	1	0	0	1	1	96.8	92.9		ROBO2	63.0	7.0
ROBO2	sonnet_dual_triage	1	1378	838	1	1	0	1	1	0	0	1	1	92.6	94.4		ROBO1	62.8	7.0
ROBO3	sonnet_dual_triage	1	1386	871	1	1	0	1	0	0	0	1	1		86.0		ROBO2	53.3	7.0
ROBO4	sonnet_dual_triage	1	1007	441	1	1	0	1	0	0	0	0	0		77.4		HMCN2	3.8	
ROM1	sonnet_dual_triage	4	351	154	0	0	0	1	1	1	0	0	1	95.7	84.3	2.0	PRPH2	43.4	
ROR1	sonnet_dual_triage	1	937	374	1	1	0	1	1	0	1	1	1	99.6	96.8		ROR2	62.8	2.0
ROR2	sonnet_dual_triage	1	943	370	1	1	0	1	1	0	0	1	1	98.3	92.5		ROR1	62.8	1.0
ROS1	sonnet_dual_triage	1	2347	1834	1	1	0	1	1	0	0	1	0	96.7	80.4		TYRO3	9.8	11.0
RPL29	sonnet_dual_triage	0	159	0	0	0	0	0	0	0	0	0	0						
RPLP0	sonnet_dual_triage	0	317	0	0	0	0	0	0	0	0	0	0						
RPLP2	sonnet_dual_triage	0	115	0	0	0	0	0	1	0	0	0	0	100.0					
RPRM	sonnet_dual_triage	1	109	58	0	1	0	1	1	0	0	0	0	100.0	97.2		RPRML	33.3	
RPRML	sonnet_dual_triage	1	120	69	0	1	0	1	0	0	0	0	0		90.0		RPRM	33.3	
RPS3	sonnet_dual_triage	0	243	0	0	0	0	1	0	0	0	0	0		99.6				
RPSA	sonnet_dual_triage	0	295	0	0	0	0	0	0	0	0	0	0						
RPSA2	sonnet_dual_triage	0	295	0	0	0	0	0	0	0	0	0	0						
RRH	sonnet_dual_triage	7	337	78	0	1	0	1	1	0	0	0	0	98.5	78.6		OPN5	31.0	
RRM2	sonnet_dual_triage	0	389	0	0	0	0	1	1	1	0	0	0	98.7	91.5	2.0			
RRP12	sonnet_dual_triage	0	1297	0	0	0	0	1	1	0	0	0	0	97.7	90.4				
RSPO3	sonnet_dual_triage	0	272	251	1	1	1	1	1	0	0	0	1	95.6	89.3		RSPO2	42.2	
RSPO4	sonnet_dual_triage	0	234	217	1	1	1	1	1	0	0	0	1	95.7	82.1		RSPO2	43.2	
RSPRY1	sonnet_dual_triage	0	576	0	0	0	0	1	1	0	0	0	0	99.3	96.7				
RTL5	sonnet_dual_triage	0	569	0	0	0	0	1	0	0	0	0	0		69.4				
RTL6	sonnet_dual_triage	0	239	0	0	0	0	1	1	0	0	0	0	97.9	92.9				
RTL8C	sonnet_dual_triage	0	209	0	0	0	0	0	0	0	0	0	0						
RTN3	sonnet_dual_triage	4	1032	2	0	0	0	1	1	0	1	0	1	84.8	63.9		RTN1	100.0	
RTN4	sonnet_dual_triage	4	1192	5	0	0	0	1	1	0	0	0	1	96.0	75.4		RTN1	80.0	
RTN4R	sonnet_dual_triage	0	473	447	1	1	1	1	1	0	0	1	1	93.7	89.4		RTN4RL2	42.3	1.0
RTN4RL1	sonnet_dual_triage	0	441	417	1	1	1	1	1	0	0	1	1	94.8	88.7		RTN4RL2	46.8	2.0
RTN4RL2	sonnet_dual_triage	0	420	391	1	1	1	1	1	0	0	1	1	84.3	95.0		RTN4RL1	46.8	2.0
RTP1	sonnet_dual_triage	1	263	6	0	0	1	1	1	0	0	0	1	97.0	88.2		RTP4	16.7	
RTP2	sonnet_dual_triage	0	225	0	0	0	0	1	1	0	0	0	0	93.3	82.7				
RTP3	sonnet_dual_triage	0	232	0	0	0	0	0	1	1	0	0	0	90.5		2.0			
RTP5	sonnet_dual_triage	0	572	0	0	0	0	0	0	0	0	0	0						
RXFP1	sonnet_dual_triage	7	757	449	1	1	0	1	1	0	1	0	1	98.7	85.2		RXFP2	53.7	
RXFP2	sonnet_dual_triage	7	754	446	1	1	0	1	1	0	0	0	1	96.4	80.5		RXFP1	53.9	
RXFP3	sonnet_dual_triage	7	469	138	0	1	0	0	1	0	0	0	0	93.8			GPR132	20.3	
RXFP4	sonnet_dual_triage	7	374	101	0	1	0	1	0	0	0	0	0		75.4		AGTR2	26.4	
RXRB	sonnet_dual_triage	0	533	0	0	0	0	1	1	1	0	0	0	99.4	94.6	2.0			
RYK	sonnet_dual_triage	1	607	184	1	1	0	1	1	0	0	1	0	99.0	93.1		ROS1	4.0	1.0
S100A1	sonnet_dual_triage	0	94	0	0	0	0	1	1	1	0	0	0	100.0	93.6	2.0			
S100A10	sonnet_dual_triage	0	97	0	0	0	0	1	1	1	0	0	0	100.0	91.8	2.0			
S100A11	sonnet_dual_triage	0	105	0	0	0	0	1	0	1	0	0	0		80.0	2.0			
S100A12	sonnet_dual_triage	0	92	0	0	0	0	0	1	1	0	0	0	87.0		2.0			
S100A13	sonnet_dual_triage	0	98	0	0	0	0	1	0	1	0	0	0		82.7	2.0			
S100A16	sonnet_dual_triage	0	103	0	0	0	0	1	1	1	0	0	0	99.0	84.5	2.0			
S100A4	sonnet_dual_triage	0	101	0	0	0	0	1	1	1	0	0	0	100.0	93.1	2.0			
S100A6	sonnet_dual_triage	0	90	0	0	0	0	1	0	1	0	0	0		95.6	2.0			
S100A7	sonnet_dual_triage	0	101	0	0	0	0	0	0	1	0	0	0			2.0			
S100A7A	sonnet_dual_triage	0	101	0	0	0	0	0	0	1	0	0	0			2.0			
S100A8	sonnet_dual_triage	0	93	0	0	0	0	1	1	1	0	0	0	89.2	55.9	2.0			
S100A9	sonnet_dual_triage	0	114	0	0	0	0	0	1	1	0	0	0	88.6		2.0			
S100B	sonnet_dual_triage	0	92	0	0	0	0	1	0	1	0	0	0		98.9	2.0			
S100P	sonnet_dual_triage	0	95	0	0	0	0	0	1	1	0	0	0	100.0		2.0			
S1PR1	sonnet_dual_triage	7	382	102	0	1	0	1	1	0	0	0	1	98.2	94.2		S1PR2	45.1	
S1PR2	sonnet_dual_triage	7	353	86	0	1	0	1	1	0	0	0	1	94.9	90.7		S1PR5	54.7	
S1PR3	sonnet_dual_triage	7	378	96	0	1	0	1	1	0	0	0	1	98.1	87.6		S1PR5	45.8	
S1PR4	sonnet_dual_triage	7	384	106	0	1	0	1	1	0	0	0	1	60.4	81.8		S1PR5	40.6	
S1PR5	sonnet_dual_triage	7	398	84	0	1	0	1	0	0	1	0	1		84.9		S1PR2	47.7	
SARAF	sonnet_dual_triage	1	339	142	1	1	0	1	1	1	1	0	0	97.1	78.5	6.0			
SART3	sonnet_dual_triage	0	963	0	0	0	0	1	1	1	0	0	0	98.5	86.8	2.0			
SBSN	sonnet_dual_triage	0	590	567	1	1	1	0	1	0	0	0	0	88.5					
SCAMP1	sonnet_dual_triage	4	338	29	0	0	0	1	1	1	1	0	0	92.0	98.2	2.0	SCAMP3	34.5	
SCAMP2	sonnet_dual_triage	4	329	29	0	0	0	1	0	1	0	0	0		88.8	2.0	SCAMP3	37.9	
SCAMP3	sonnet_dual_triage	4	347	28	0	0	0	1	1	1	0	0	0	98.8	90.8	2.0	SCAMP2	37.9	
SCAMP5	sonnet_dual_triage	4	235	28	0	0	0	1	0	1	1	0	1		98.7	2.0	SCAMP4	44.1	
SCARA3	sonnet_dual_triage	1	606	529	0	0	1	1	1	0	0	0	0	98.5	90.8		CTHRC1	10.2	
SCARA5	sonnet_dual_triage	1	495	414	0	0	1	1	1	1	1	1	0	53.9	87.3	2.0	MSR1	33.6	2.0
SCARB1	sonnet_dual_triage	2	552	410	0	0	0	1	1	0	1	1	0	96.1	79.6		SCARB2	35.4	1.0
SCARB2	sonnet_dual_triage	2	478	406	0	0	0	1	1	0	0	0	0	99.0	85.8		CD36	35.9	
SCARF1	sonnet_dual_triage	1	830	402	1	1	0	1	1	0	1	1	1	84.6	71.1		SCARF2	52.5	2.0
SCARF2	sonnet_dual_triage	1	871	398	1	1	0	1	1	0	0	1	1	84.4	84.1		SCARF1	52.7	3.0
SCART1	sonnet_dual_triage	1	1027	884	1	1	0	1	0	0	1	1	0		60.1		LGALS3BP	16.6	1.0
SCEL	sonnet_dual_triage	0	688	0	0	0	0	1	1	0	0	0	0	93.9	64.0				
SCG2	sonnet_dual_triage	0	617	590	1	1	1	1	1	0	0	0	0	91.2	81.8				
SCGB1D2	sonnet_dual_triage	0	90	69	1	1	1	0	0	1	0	0	1			2.0	SCGB1D1	50.7	
SCGN	sonnet_dual_triage	0	276	0	0	0	0	1	1	0	0	0	0	96.7	84.8				
SCIMP	sonnet_dual_triage	1	145	18	0	1	0	1	1	0	0	0	0	85.5	61.4				
SCN10A	sonnet_dual_triage	22	1956	398	0	0	0	1	1	0	0	1	1	97.7	82.2		SCN1A	54.9	1.0
SCN11A	sonnet_dual_triage	22	1791	404	0	0	0	1	1	0	1	1	1	95.4	72.4		SCN5A	51.7	1.0
SCN1A	sonnet_dual_triage	22	2009	437	0	0	0	1	1	0	1	1	1	99.7	98.2		SCN2A	83.8	1.0
SCN1B	sonnet_dual_triage	1	218	143	1	1	0	1	1	0	1	1	1	98.6	96.3		SCN3B	44.1	2.0
SCN2A	sonnet_dual_triage	24	2005	444	0	0	0	1	1	0	0	1	1	99.9	98.1		SCN3A	86.3	1.0
SCN2B	sonnet_dual_triage	1	215	130	1	1	0	1	1	0	0	1	0	98.1	92.1		MPZL2	31.5	1.0
SCN3A	sonnet_dual_triage	24	2000	424	0	0	0	1	1	0	0	1	1	99.2	94.8		SCN2A	82.2	1.0
SCN3B	sonnet_dual_triage	1	215	135	1	1	0	1	1	0	0	1	1	85.1	97.7		SCN1B	44.1	1.0
SCN4A	sonnet_dual_triage	24	1836	431	0	0	0	1	1	0	0	1	1	98.0	92.5		SCN2A	72.3	1.0
SCN4B	sonnet_dual_triage	1	228	132	1	1	0	1	1	0	0	1	0	98.7	79.4		MPZL2	29.5	1.0
SCN5A	sonnet_dual_triage	24	2016	412	0	0	0	1	1	0	1	1	1	98.2	94.4		SCN2A	62.6	2.0
SCN7A	sonnet_dual_triage	24	1682	419	0	0	0	1	1	0	0	1	1	95.4	74.1		SCN3A	57.8	1.0
SCN8A	sonnet_dual_triage	24	1980	408	0	0	0	1	1	0	1	0	1	99.8	98.5		SCN2A	73.4	
SCN9A	sonnet_dual_triage	24	1988	395	0	0	0	1	1	0	0	0	1	98.6	93.2		SCN2A	70.5	
SCNN1A	sonnet_dual_triage	2	669	448	0	0	0	1	1	1	1	1	0	94.6	82.4	3.0	SCNN1D	37.3	3.0
SCNN1B	sonnet_dual_triage	2	640	452	0	0	0	1	1	1	0	1	0	90.2	83.9	3.0	SCNN1G	38.2	3.0
SCNN1D	sonnet_dual_triage	2	802	420	0	0	0	0	0	0	0	1	0				SCNN1A	36.8	1.0
SCNN1G	sonnet_dual_triage	2	649	455	0	0	0	1	1	0	0	1	0	98.0	86.3		SCNN1A	38.2	4.0
SCPEP1	sonnet_dual_triage	0	452	426	1	1	1	1	1	1	0	0	0	96.0	82.3	2.0	CPVL	26.9	
SCPPPQ1	sonnet_dual_triage	0	79	64	1	1	1	0	0	0	0	0	0						
SCRG1	sonnet_dual_triage	0	98	78	1	1	1	1	1	0	0	0	0	93.9	81.6				
SCTR	sonnet_dual_triage	7	440	153	1	1	0	1	1	0	0	1	0	97.3	79.5		ADGRG4	2.3	1.0
SCUBE1	sonnet_dual_triage	0	988	963	1	1	1	1	1	0	0	0	1	98.0	92.0		SCUBE3	66.9	
SCUBE2	sonnet_dual_triage	0	999	968	1	1	1	1	0	0	0	0	1		84.3		SCUBE1	67.0	
SCUBE3	sonnet_dual_triage	0	993	973	1	1	1	1	1	0	0	0	1	98.9	95.9		SCUBE1	67.0	
SDC1	sonnet_dual_triage	1	310	232	1	1	0	1	0	0	0	0	0		76.8		SDC3	25.4	
SDC2	sonnet_dual_triage	1	201	130	1	1	0	1	1	0	0	0	0	93.0	84.1		SDC3	14.0	
SDC3	sonnet_dual_triage	1	442	342	1	1	0	1	1	0	0	0	0	87.6	83.5		SDC4	15.2	
SDC4	sonnet_dual_triage	1	198	131	1	1	0	1	1	0	1	0	0	92.9	79.8		SDC3	14.9	
SDCBP	sonnet_dual_triage	0	298	0	0	0	0	1	1	1	0	0	0	94.0	90.3	2.0			
SDIM1	sonnet_dual_triage	0	146	0	0	0	0	0	0	0	0	0	0						
SDK1	sonnet_dual_triage	2	2213	1917	0	0	0	1	1	0	1	1	1	90.5	89.7		SDK2	60.7	9.0
SDK2	sonnet_dual_triage	1	2172	1912	1	1	0	1	1	0	1	1	1	98.1	94.8		SDK1	60.6	11.0
SECTM1	sonnet_dual_triage	1	248	119	1	1	0	0	0	0	0	1	0						1.0
SELE	sonnet_dual_triage	1	610	535	1	1	0	1	1	0	0	1	0	95.9	72.8		SELL	29.3	5.0
SELENOF	sonnet_dual_triage	0	165	134	1	1	1	1	1	0	0	0	0	97.0	90.9		SELENOM	21.6	
SELENOP	sonnet_dual_triage	0	381	363	1	1	1	1	0	0	0	0	0		71.1				
SELENOS	sonnet_dual_triage	1	189	28	0	1	0	1	1	0	0	0	0	84.7	83.6				
SELL	sonnet_dual_triage	1	372	295	1	1	0	1	1	0	0	1	0	92.5	76.1		SELP	23.0	1.0
SELP	sonnet_dual_triage	1	830	732	1	1	0	1	1	0	0	1	0	94.9	67.1		SUSD6	13.8	5.0
SELPLG	sonnet_dual_triage	1	412	303	1	1	0	0	1	0	0	0	0	85.4					
SEMA3A	sonnet_dual_triage	0	771	751	1	1	1	1	1	1	0	0	1	96.6	95.5	2.0	SEMA3D	55.3	
SEMA3B	sonnet_dual_triage	0	749	725	1	1	1	1	1	0	0	0	1	96.9	88.7		SEMA3A	53.3	
SEMA3C	sonnet_dual_triage	0	751	730	1	1	1	1	1	1	0	0	1	99.2	97.1	2.0	SEMA3F	52.3	
SEMA3E	sonnet_dual_triage	0	775	750	1	1	1	1	1	1	0	0	1	99.2	90.2	2.0	SEMA3G	50.8	
SEMA3G	sonnet_dual_triage	0	782	760	1	1	1	1	1	1	0	0	1	97.8	87.1	2.0	SEMA3E	50.9	
SEMA4A	sonnet_dual_triage	1	761	652	1	1	0	1	1	0	0	1	1	97.1	83.7		SEMA4B	41.2	2.0
SEMA4B	sonnet_dual_triage	1	837	674	1	1	0	1	1	1	1	1	1	93.0	82.9	2.0	SEMA4C	42.9	4.0
SEMA4C	sonnet_dual_triage	1	833	643	1	1	0	1	1	0	0	1	1	97.1	87.9		SEMA4G	44.7	2.0
SEMA4D	sonnet_dual_triage	1	862	711	1	1	0	1	0	0	1	1	1		85.5		SEMA4C	43.2	1.0
SEMA4F	sonnet_dual_triage	1	770	624	1	1	0	1	1	0	0	1	0	98.1	91.3		SEMA4B	37.5	3.0
SEMA4G	sonnet_dual_triage	1	838	660	1	1	0	1	1	0	1	1	1	98.8	90.5		SEMA4C	44.8	1.0
SEMA5A	sonnet_dual_triage	1	1074	948	1	1	0	1	1	0	0	1	1	95.3	94.1		SEMA5B	59.8	6.0
SEMA5B	sonnet_dual_triage	1	1151	976	1	1	0	1	1	0	1	1	1	90.0	88.9		SEMA5A	59.7	6.0
SEMA6A	sonnet_dual_triage	1	1030	631	1	1	0	1	1	1	0	1	1	97.5	95.1	2.0	SEMA6B	53.6	2.0
SEMA6B	sonnet_dual_triage	1	888	574	1	1	0	1	1	1	0	1	1	71.5	89.2	2.0	SEMA6A	53.9	2.0
SEMA6C	sonnet_dual_triage	1	930	580	1	1	0	1	0	1	0	1	1		87.8	2.0	SEMA6D	46.1	2.0
SEMA6D	sonnet_dual_triage	1	1073	642	1	1	0	1	1	0	1	1	1	99.3	94.9		SEMA6A	57.3	1.0
SEMA7A	sonnet_dual_triage	0	666	622	1	1	1	1	1	1	0	1	0	91.9	89.0	2.0	SEMA4B	31.3	3.0
SEMG1	sonnet_dual_triage	0	462	439	1	1	1	0	0	0	0	0	1				SEMG2	61.2	
SERINC1	sonnet_dual_triage	10	453	90	0	0	0	1	1	0	0	0	1	100.0	95.8		SERINC3	37.9	
SERINC2	sonnet_dual_triage	10	455	92	0	0	0	1	1	0	0	0	1	86.8	82.6		SERINC1	41.3	
SERINC3	sonnet_dual_triage	10	473	116	0	0	0	1	1	0	1	0	0	98.5	78.0		SERINC1	39.7	
SERINC4	sonnet_dual_triage	10	518	94	0	0	0	1	1	0	1	0	0	97.3	78.2		SERINC1	28.7	
SERINC5	sonnet_dual_triage	9	423	92	0	0	1	1	1	0	1	0	0	89.2	81.8		SERINC1	31.5	
SERPINA12	sonnet_dual_triage	0	414	395	1	1	1	1	1	0	0	0	1	91.3	61.4		SERPINA1	40.3	
SERPINA9	sonnet_dual_triage	0	417	397	1	1	1	1	1	0	0	0	1	92.6	65.5		SERPINA7	50.9	
SERPINB2	sonnet_dual_triage	0	415	0	0	0	0	1	1	0	0	0	0	94.9	75.9				
SERPINB3	sonnet_dual_triage	0	390	390	0	1	1	0	0	0	0	0	1				SERPINB4	91.8	
SERPINB5	sonnet_dual_triage	0	375	0	0	0	0	1	1	0	0	0	0	98.7	89.1				
SERPINE1	sonnet_dual_triage	0	402	379	1	1	1	1	1	0	0	0	1	95.0	79.1		SERPINE2	41.4	
SERPINE2	sonnet_dual_triage	0	398	379	1	1	1	1	1	0	0	0	1	97.5	85.4		SERPINE1	41.4	
SEZ6	sonnet_dual_triage	1	994	906	1	1	0	1	1	0	1	1	1	97.5	90.5		SUSD6	10.9	2.0
SEZ6L	sonnet_dual_triage	1	1024	930	1	1	0	1	1	0	0	0	1	97.6	80.4		SEZ6L2	42.9	
SEZ6L2	sonnet_dual_triage	1	910	817	1	1	0	1	1	0	1	1	1	96.1	96.0		SEZ6	44.0	5.0
SFTA2	sonnet_dual_triage	0	78	59	1	1	1	1	1	0	0	0	0	98.7	53.8				
SFTPA2	sonnet_dual_triage	0	248	229	1	1	1	0	0	1	0	0	1			4.0	SFTPA1	97.4	
SFTPB	sonnet_dual_triage	0	381	358	1	1	1	1	1	0	0	0	0	82.7	70.9		PSAPL1	22.0	
SFTPC	sonnet_dual_triage	1	197	141	0	0	1	1	1	0	0	0	0	92.1	82.2				
SGCA	sonnet_dual_triage	1	387	267	1	1	0	1	1	0	1	1	1	93.8	88.9		SGCE	41.9	1.0
SGCB	sonnet_dual_triage	1	318	230	0	0	1	1	1	0	1	1	0	98.7	95.0				1.0
SGCD	sonnet_dual_triage	1	289	233	0	0	1	1	1	1	0	1	1	98.3	94.1	2.0	SGCZ	55.6	1.0
SGCE	sonnet_dual_triage	1	437	270	1	1	0	1	1	0	0	1	1	99.8	95.0		SGCA	41.9	1.0
SGCG	sonnet_dual_triage	1	291	233	0	0	1	1	1	1	0	0	1	95.5	83.5	2.0	SGCZ	56.4	
SGCZ	sonnet_dual_triage	1	299	241	0	0	1	1	1	1	0	1	1	99.0	95.2	2.0	SGCG	56.4	1.0
SGMS2	sonnet_dual_triage	6	365	73	0	0	0	1	1	1	0	0	1	99.2	91.5	2.0	SGMS1	68.4	
SGPL1	sonnet_dual_triage	1	568	39	0	1	0	1	1	1	0	0	0	99.6	84.7	2.0			
SGSH	sonnet_dual_triage	0	502	482	1	1	1	1	1	1	0	0	0	96.6	88.2	2.0	ARSA	30.5	
SGSM2	sonnet_dual_triage	0	1006	0	0	0	0	1	1	0	0	0	0	97.8	88.6				
SH3BGRL3	sonnet_dual_triage	0	93	0	0	0	0	1	1	0	0	0	0	100.0	95.7				
SH3TC2	sonnet_dual_triage	0	1288	0	0	0	0	1	1	0	0	0	0	97.4	81.6				
SHBG	sonnet_dual_triage	0	402	373	1	1	1	1	1	1	0	0	0	87.3	66.2	2.0	PROS1	18.1	
SHH	sonnet_dual_triage	0	462	439	1	1	1	1	1	0	0	0	1	66.5	87.4		IHH	59.5	
SHISA2	sonnet_dual_triage	1	295	84	1	1	0	1	1	0	0	0	1	98.3	92.5		SHISA3	60.7	
SHISA3	sonnet_dual_triage	1	238	77	1	1	0	1	1	0	0	0	1	98.7	92.9		SHISA2	60.7	
SHISA4	sonnet_dual_triage	1	197	64	1	1	0	1	1	0	0	1	0	98.0	91.9		SHISA2	32.1	1.0
SHISA6	sonnet_dual_triage	1	500	151	1	1	0	1	1	0	0	1	0	98.4	89.1		SHISA8	39.7	1.0
SHISA7	sonnet_dual_triage	1	538	166	1	1	0	1	0	0	0	1	0		92.9		SHISA8	33.7	2.0
SHISA8	sonnet_dual_triage	1	397	102	1	1	0	1	1	0	0	0	1	73.6	80.9		SHISA9	46.9	
SHISA9	sonnet_dual_triage	1	424	128	1	1	0	1	0	0	0	1	1		93.6		SHISA8	47.7	1.0
SHISAL2A	sonnet_dual_triage	1	190	64	0	1	0	1	1	0	0	0	1	70.5	74.7		SHISAL2B	58.2	
SHISAL2B	sonnet_dual_triage	1	160	67	0	1	0	1	1	0	0	0	1	74.4	83.8		SHISAL2A	58.2	
SI	sonnet_dual_triage	1	1827	1796	0	0	1	1	1	0	0	0	1	95.0	77.7		MGAM	39.6	
SIAE	sonnet_dual_triage	0	523	500	1	1	1	1	1	0	0	0	0	96.9	78.6				
SIDT1	sonnet_dual_triage	11	827	371	1	1	0	1	1	1	0	0	1	97.9	91.7	2.0	SIDT2	53.4	
SIDT2	sonnet_dual_triage	11	832	362	1	1	0	1	1	1	0	0	1	94.1	95.4	2.0	SIDT1	52.3	
SIGIRR	sonnet_dual_triage	1	410	118	0	1	0	1	1	0	0	1	0	95.6	81.5		LAG3	7.7	1.0
SIGLEC1	sonnet_dual_triage	1	1709	1622	1	1	0	1	1	0	1	1	0	95.0	72.6		SIGLECL1	4.3	4.0
SIGLEC10	sonnet_dual_triage	1	697	535	1	1	0	0	1	0	1	1	1	90.4			SIGLEC11	82.0	3.0
SIGLEC11	sonnet_dual_triage	1	698	538	1	1	0	0	0	0	0	1	1				SIGLEC16	74.9	3.0
SIGLEC12	sonnet_dual_triage	1	595	463	1	1	0	0	1	0	0	1	1	80.8			SIGLEC7	56.6	2.0
SIGLEC14	sonnet_dual_triage	1	396	339	1	1	0	0	0	0	0	1	1				SIGLEC9	52.8	3.0
SIGLEC15	sonnet_dual_triage	1	328	244	1	1	0	1	1	0	0	1	0	93.0	81.4		SIGLEC1	6.7	2.0
SIGLEC16	sonnet_dual_triage	1	481	420	1	1	0	0	0	0	0	1	1				SIGLEC11	74.5	3.0
SIGLEC5	sonnet_dual_triage	1	551	422	1	1	0	0	0	0	0	1	0						3.0
SIGLEC6	sonnet_dual_triage	1	453	323	1	1	0	0	1	0	1	1	1	84.1			CD33	50.8	2.0
SIGLEC7	sonnet_dual_triage	1	467	334	1	1	0	0	0	0	1	1	1				SIGLEC9	78.7	2.0
SIGLEC8	sonnet_dual_triage	1	499	347	1	1	0	0	0	0	0	1	1				SIGLEC12	54.2	2.0
SIGLEC9	sonnet_dual_triage	1	463	333	1	1	0	0	0	0	0	1	1				SIGLEC7	79.6	1.0
SIGLECL1	sonnet_dual_triage	1	197	107	1	1	0	1	1	1	0	1	0	94.9	57.9	2.0	SIGLEC1	3.2	1.0
SIRPA	sonnet_dual_triage	1	504	343	1	1	0	0	0	0	0	1	1				SIRPB1	84.5	1.0
SIRPB1	sonnet_dual_triage	1	398	341	1	1	0	0	0	0	0	1	1				SIRPA	84.5	2.0
SIRPB2	sonnet_dual_triage	1	342	260	1	1	0	0	1	0	1	1	0	93.6			SIRPD	20.4	2.0
SIRPD	sonnet_dual_triage	0	197	168	1	1	1	0	0	0	0	0	0				SIRPA	22.4	
SIRPG	sonnet_dual_triage	1	387	341	1	1	0	0	0	0	0	1	1				SIRPA	77.8	3.0
SIRT2	sonnet_dual_triage	0	389	0	0	0	0	1	0	0	0	0	0		79.2				
SIT1	sonnet_dual_triage	1	196	18	1	1	0	1	1	0	0	0	0	95.4	70.4				
SLAMF1	sonnet_dual_triage	1	335	217	1	1	0	1	1	1	0	1	0	89.9	61.5	2.0	LY9	16.4	2.0
SLAMF6	sonnet_dual_triage	1	332	204	1	1	0	0	1	1	0	1	0	67.2		2.0	CD84	36.3	2.0
SLAMF7	sonnet_dual_triage	1	335	203	1	1	0	0	1	0	1	1	0	89.0			LY9	18.6	2.0
SLAMF8	sonnet_dual_triage	1	285	212	1	1	0	1	1	0	0	1	0	90.5	75.1		SLAMF9	28.9	3.0
SLAMF9	sonnet_dual_triage	1	289	218	1	1	0	1	1	0	0	1	0	85.1	57.4		LY9	19.1	3.0
SLC10A1	sonnet_dual_triage	9	349	72	0	1	0	1	1	0	0	0	0	89.4	76.8		SLC10A4	14.3	
SLC10A2	sonnet_dual_triage	9	348	70	0	1	0	1	1	0	0	0	0	96.3	80.5		SLC10A6	22.1	
SLC10A4	sonnet_dual_triage	9	437	154	0	1	0	0	1	0	0	0	0	96.8			SLC10A1	15.6	
SLC10A5	sonnet_dual_triage	9	438	169	1	1	0	1	0	0	0	0	0		70.3		SLC10A3	27.5	
SLC10A6	sonnet_dual_triage	9	377	77	0	1	0	1	1	0	0	0	0	97.9	70.3		SLC10A4	14.9	
SLC10A7	sonnet_dual_triage	10	340	70	0	0	0	1	1	0	1	0	0	97.9	94.7				
SLC11A2	sonnet_dual_triage	12	568	119	0	0	0	1	1	0	0	0	1	97.5	89.7		SLC11A1	58.0	
SLC12A2	sonnet_dual_triage	12	1212	122	0	0	0	1	1	0	0	0	1	98.8	94.1		SLC12A1	66.4	
SLC12A3	sonnet_dual_triage	12	1021	118	0	0	0	1	1	1	0	0	1	97.6	89.7	2.0	SLC12A2	46.7	
SLC12A4	sonnet_dual_triage	12	1085	170	0	0	0	1	1	1	0	0	1	99.4	96.2	2.0	SLC12A6	58.2	
SLC12A5	sonnet_dual_triage	12	1139	172	0	0	0	1	1	0	0	1	1	98.0	97.3		SLC12A6	60.5	2.0
SLC12A6	sonnet_dual_triage	12	1150	164	0	0	0	1	1	0	0	0	1	99.4	98.2		SLC12A5	58.1	
SLC12A7	sonnet_dual_triage	12	1083	168	0	0	0	1	1	0	1	1	1	95.4	91.0		SLC12A5	59.9	1.0
SLC12A8	sonnet_dual_triage	12	714	71	0	0	0	1	1	0	1	0	0	96.2	80.1		SLC12A2	20.5	
SLC12A9	sonnet_dual_triage	12	914	100	0	0	0	1	1	1	1	0	0	94.6	93.2	2.0	SLC12A8	24.0	
SLC13A1	sonnet_dual_triage	15	595	150	0	0	1	1	1	1	0	0	1	90.1	81.0	2.0	SLC13A4	52.6	
SLC13A2	sonnet_dual_triage	15	592	154	0	0	1	1	0	1	1	0	1		76.2	2.0	SLC13A5	48.7	
SLC13A3	sonnet_dual_triage	15	602	147	0	0	1	1	1	1	1	0	1	85.9	87.7	2.0	SLC13A5	48.3	
SLC13A4	sonnet_dual_triage	15	626	152	0	0	1	1	1	1	0	0	1	98.9	88.8	2.0	SLC13A1	53.9	
SLC13A5	sonnet_dual_triage	15	568	137	0	0	1	1	1	1	1	0	1	97.2	74.8	2.0	SLC13A3	49.7	
SLC14A1	sonnet_dual_triage	10	389	65	0	0	0	1	1	1	0	0	0	93.1	83.5	3.0	SLC14A2	22.4	
SLC14A2	sonnet_dual_triage	20	920	165	0	0	0	0	1	1	1	0	0	95.9		2.0	SLC14A1	31.5	
SLC15A1	sonnet_dual_triage	12	708	283	0	0	0	1	1	0	0	1	0	92.5	85.2		SLC15A5	12.4	1.0
SLC15A2	sonnet_dual_triage	12	729	274	0	0	0	1	1	0	0	0	0	93.3	82.9		SLC15A3	8.8	
SLC15A3	sonnet_dual_triage	12	581	151	0	0	0	1	1	0	0	1	1	91.6	80.7		SLC15A4	41.7	1.0
SLC15A5	sonnet_dual_triage	12	579	108	0	0	0	1	1	0	0	0	0	95.0	62.7		SLC15A1	8.8	
SLC16A1	sonnet_dual_triage	12	500	60	0	0	0	1	1	0	1	0	1	96.6	86.0		SLC16A7	42.3	
SLC16A10	sonnet_dual_triage	12	515	70	0	0	0	1	1	0	0	0	0	98.3	84.1		SLC16A2	37.0	
SLC16A11	sonnet_dual_triage	12	447	65	0	0	0	1	1	0	0	0	0	96.4	87.5		SLC16A12	30.8	
SLC16A12	sonnet_dual_triage	12	516	62	0	0	0	1	1	0	0	0	1	98.6	81.8		SLC16A5	40.6	
SLC16A13	sonnet_dual_triage	12	426	64	0	0	0	1	1	0	0	0	0	97.4	87.3		SLC16A12	37.5	
SLC16A14	sonnet_dual_triage	12	510	67	0	0	0	1	1	0	1	0	0	97.8	87.5		SLC16A9	35.8	
SLC16A2	sonnet_dual_triage	12	539	73	0	0	0	1	1	0	0	0	0	99.1	94.2		SLC16A10	39.7	
SLC16A3	sonnet_dual_triage	12	465	67	0	0	0	1	0	0	0	0	1		89.7		SLC16A8	52.9	
SLC16A4	sonnet_dual_triage	12	487	65	0	0	0	1	1	0	1	0	0	96.9	82.8		SLC16A13	35.4	
SLC16A5	sonnet_dual_triage	12	505	64	0	0	0	0	1	0	0	0	0	85.5			SLC16A12	39.1	
SLC16A6	sonnet_dual_triage	12	523	73	0	0	0	1	1	0	0	0	0	98.3	84.7		SLC16A5	35.6	
SLC16A7	sonnet_dual_triage	12	478	71	0	0	0	1	1	0	0	0	1	93.9	72.8		SLC16A3	49.3	
SLC16A8	sonnet_dual_triage	12	504	70	0	0	0	1	1	0	0	0	1	64.3	82.7		SLC16A3	57.1	
SLC16A9	sonnet_dual_triage	12	509	64	0	0	0	1	1	0	0	0	0	98.2	87.8		SLC16A14	34.3	
SLC17A1	sonnet_dual_triage	12	467	89	0	0	0	1	1	0	0	0	0	84.4	65.3		SLC17A4	37.5	
SLC17A2	sonnet_dual_triage	11	439	93	0	0	1	1	1	0	1	0	1	97.5	88.1		SLC17A4	51.0	
SLC17A3	sonnet_dual_triage	10	420	91	0	0	0	1	1	0	1	0	1	93.0	64.7		SLC17A4	49.0	
SLC17A4	sonnet_dual_triage	12	497	96	0	0	0	1	1	0	1	0	1	98.4	78.3		SLC17A2	49.0	
SLC17A5	sonnet_dual_triage	12	495	101	0	0	0	1	1	0	1	0	0	98.8	86.3		SLC17A8	32.7	
SLC19A1	sonnet_dual_triage	12	591	71	0	0	0	1	1	0	1	0	1	89.8	57.5		SLC19A3	46.5	
SLC19A2	sonnet_dual_triage	12	497	70	0	0	0	1	1	0	1	0	1	98.4	90.5		SLC19A3	60.0	
SLC19A3	sonnet_dual_triage	12	496	69	0	0	0	1	1	0	0	0	1	95.0	68.3		SLC19A2	52.9	
SLC1A1	sonnet_dual_triage	8	524	190	0	0	0	1	1	1	0	0	1	98.5	90.1	3.0	SLC1A7	53.0	
SLC1A2	sonnet_dual_triage	8	574	195	0	0	0	1	1	1	0	1	1	99.0	95.1	3.0	SLC1A1	49.2	1.0
SLC1A3	sonnet_dual_triage	8	542	190	0	0	0	1	1	1	0	0	1	99.6	96.7	3.0	SLC1A6	66.7	
SLC1A4	sonnet_dual_triage	8	532	178	0	0	0	1	1	1	1	0	1	98.9	89.8	3.0	SLC1A5	54.5	
SLC1A5	sonnet_dual_triage	8	541	173	0	0	0	1	1	1	1	0	1	97.6	83.2	3.0	SLC1A4	52.8	
SLC1A6	sonnet_dual_triage	8	564	210	0	0	0	1	1	1	1	0	1	98.4	95.0	2.0	SLC1A3	67.6	
SLC1A7	sonnet_dual_triage	8	560	202	0	0	0	1	1	1	1	0	1	98.2	92.3	3.0	SLC1A3	58.9	
SLC20A1	sonnet_dual_triage	10	679	102	0	1	1	1	1	0	0	0	1	97.6	91.5		SLC20A2	52.0	
SLC20A2	sonnet_dual_triage	12	652	93	0	1	1	1	1	0	0	0	1	99.4	91.7		SLC20A1	56.9	
SLC22A1	sonnet_dual_triage	12	554	139	0	0	0	1	1	0	1	0	1	94.4	77.8		SLC22A2	78.6	
SLC22A10	sonnet_dual_triage	12	541	139	0	0	0	0	0	0	1	0	1				SLC22A9	73.4	
SLC22A11	sonnet_dual_triage	12	550	133	0	0	0	0	1	0	1	0	1	96.0			SLC22A12	66.9	
SLC22A12	sonnet_dual_triage	12	553	145	0	0	0	1	1	0	1	0	1	95.5	74.0		SLC22A11	70.3	
SLC22A13	sonnet_dual_triage	12	551	127	0	0	0	0	1	0	1	0	0	95.5			SLC22A8	34.6	
SLC22A14	sonnet_dual_triage	12	594	148	0	0	0	1	1	0	0	0	0	87.2	59.1		SLC22A8	31.1	
SLC22A15	sonnet_dual_triage	12	547	112	0	0	0	1	1	0	1	0	0	96.7	93.8		SVOPL	17.0	
SLC22A16	sonnet_dual_triage	12	577	140	0	0	0	0	1	0	1	0	0	95.3			SVOPL	12.9	
SLC22A17	sonnet_dual_triage	12	649	148	0	0	0	1	1	0	1	0	0	80.5	95.7		SVOPL	12.8	
SLC22A2	sonnet_dual_triage	12	555	140	0	0	0	1	1	0	1	0	1	90.8	83.1		SLC22A1	77.1	
SLC22A23	sonnet_dual_triage	12	686	168	0	0	0	1	1	0	1	0	0	98.7	91.8		SLC22A31	26.2	
SLC22A24	sonnet_dual_triage	12	552	144	0	0	0	0	0	0	1	0	1				SLC22A9	81.2	
SLC22A25	sonnet_dual_triage	12	547	150	0	0	0	0	0	0	0	0	1				SLC22A9	78.7	
SLC22A3	sonnet_dual_triage	12	556	146	0	0	0	1	1	0	0	0	1	97.3	86.7		SLC22A1	47.3	
SLC22A31	sonnet_dual_triage	12	556	118	0	0	0	0	1	0	1	0	0	81.2			SLC22A4	32.1	
SLC22A4	sonnet_dual_triage	12	551	134	0	0	0	1	0	0	0	0	1		85.1		SLC22A5	86.0	
SLC22A5	sonnet_dual_triage	12	557	136	0	0	0	0	0	0	1	0	1				SLC22A4	87.5	
SLC22A6	sonnet_dual_triage	12	563	132	0	0	0	1	1	0	1	0	1	96.9	85.1		SLC22A8	50.8	
SLC22A7	sonnet_dual_triage	12	548	136	0	0	0	1	1	0	1	0	1	96.9	76.1		SLC22A6	41.9	
SLC22A9	sonnet_dual_triage	12	553	136	0	0	0	0	0	0	1	0	1				SLC22A24	77.1	
SLC23A1	sonnet_dual_triage	14	598	123	0	0	0	1	1	1	1	0	1	97.3	90.8	2.0	SLC23A2	56.1	
SLC23A2	sonnet_dual_triage	14	650	120	0	0	0	1	1	1	1	0	1	95.8	94.6	2.0	SLC23A1	53.7	
SLC23A3	sonnet_dual_triage	14	610	117	0	0	0	1	1	1	1	0	0	96.6	78.2	2.0	SLC23A1	26.0	
SLC24A1	sonnet_dual_triage	13	1099	650	0	0	1	1	1	0	1	0	0	83.7	69.4		SLC24A2	17.7	
SLC24A2	sonnet_dual_triage	11	661	139	0	0	1	1	1	0	0	0	0	98.3	87.6		SLC24A1	11.5	
SLC24A3	sonnet_dual_triage	11	644	126	0	0	1	1	1	0	0	0	1	78.0	96.6		SLC24A4	55.6	
SLC24A4	sonnet_dual_triage	11	622	120	0	0	1	1	1	0	1	0	1	98.7	93.9		SLC24A3	55.6	
SLC26A1	sonnet_dual_triage	12	701	119	0	0	0	1	0	1	1	0	1		78.7	2.0	SLC26A2	45.2	
SLC26A11	sonnet_dual_triage	12	606	96	0	0	0	1	1	1	0	0	0	92.9	80.5	2.0	SLC26A7	24.0	
SLC26A2	sonnet_dual_triage	12	739	124	0	0	0	1	1	1	0	0	1	96.5	80.9	2.0	SLC26A1	47.6	
SLC26A3	sonnet_dual_triage	14	764	114	0	0	0	1	1	1	0	0	0	88.1	80.6	2.0	SLC26A6	27.2	
SLC26A4	sonnet_dual_triage	14	780	101	0	0	0	1	1	1	1	0	0	97.9	87.6	2.0	SLC26A5	35.3	
SLC26A5	sonnet_dual_triage	14	744	119	0	0	0	1	1	1	1	0	1	88.6	95.0	2.0	SLC26A4	47.1	
SLC26A6	sonnet_dual_triage	12	759	104	0	0	0	1	1	1	0	0	0	94.9	77.3	2.0	SLC26A1	31.9	
SLC26A7	sonnet_dual_triage	12	656	104	0	0	0	1	1	1	0	0	0	97.1	87.7	2.0	SLC26A2	25.8	
SLC26A8	sonnet_dual_triage	12	970	109	0	0	0	1	1	1	1	0	0	94.9	65.7	2.0	SLC26A9	23.2	
SLC26A9	sonnet_dual_triage	14	791	138	0	0	0	1	1	1	0	0	1	98.0	89.8	2.0	SLC26A5	31.9	
SLC27A1	sonnet_dual_triage	2	646	3	0	0	0	1	0	0	1	0	1		89.5		SLC27A4	66.7	
SLC27A3	sonnet_dual_triage	1	683	4	0	1	0	1	1	0	1	0	1	91.7	83.7		SLC27A6	25.0	
SLC27A4	sonnet_dual_triage	2	643	3	0	0	0	1	1	0	1	0	1	98.0	92.2		SLC27A1	66.7	
SLC27A6	sonnet_dual_triage	1	619	4	0	1	0	1	1	0	0	0	1	95.0	78.4		SLC27A2	50.0	
SLC28A1	sonnet_dual_triage	11	649	246	0	0	1	1	0	1	1	0	1		83.8	3.0	SLC28A2	65.7	
SLC28A2	sonnet_dual_triage	11	658	265	0	0	1	0	1	1	0	0	1	87.4		3.0	SLC28A1	66.8	
SLC28A3	sonnet_dual_triage	11	691	268	0	0	1	1	1	1	0	0	1	95.7	78.0	3.0	SLC28A1	46.3	
SLC29A1	sonnet_dual_triage	11	456	99	0	0	1	1	1	0	0	0	0	99.3	79.8		SLC29A2	31.3	
SLC29A2	sonnet_dual_triage	11	456	88	0	0	1	1	1	0	1	0	0	97.1	88.8		SLC29A1	32.3	
SLC29A3	sonnet_dual_triage	11	475	89	0	0	1	1	1	0	1	0	0	95.2	74.1		SLC29A1	29.3	
SLC29A4	sonnet_dual_triage	11	530	81	0	0	1	1	1	0	0	0	0	95.3	86.6		SLC29A2	17.0	
SLC2A1	sonnet_dual_triage	12	492	65	0	0	0	1	1	0	0	0	1	99.2	97.2		SLC2A4	56.3	
SLC2A10	sonnet_dual_triage	12	541	139	0	0	0	1	1	0	0	0	0	95.7	77.4		SLC2A6	22.3	
SLC2A11	sonnet_dual_triage	12	496	66	0	0	0	0	1	0	1	0	1	71.5			SLC2A9	44.4	
SLC2A12	sonnet_dual_triage	12	617	142	0	0	0	1	1	0	0	0	0	98.2	84.3		SLC2A10	29.6	
SLC2A13	sonnet_dual_triage	12	648	144	0	0	0	1	1	0	0	0	0	98.0	88.4		SLC2A5	16.0	
SLC2A14	sonnet_dual_triage	12	520	71	0	0	0	0	1	0	1	0	1	87.3			SLC2A3	87.3	
SLC2A2	sonnet_dual_triage	12	524	101	0	0	0	1	1	0	1	0	0	97.3	81.9		SLC2A4	32.7	
SLC2A3	sonnet_dual_triage	12	496	71	0	0	0	0	1	0	0	0	1	97.6			SLC2A14	87.3	
SLC2A4	sonnet_dual_triage	12	509	71	0	0	0	1	1	0	1	0	1	97.1	95.3		SLC2A1	59.2	
SLC2A5	sonnet_dual_triage	12	501	76	0	0	0	1	1	0	1	0	1	96.4	82.8		SLC2A7	48.7	
SLC2A6	sonnet_dual_triage	12	507	80	0	0	0	1	1	0	0	0	0	95.9	81.5		SLC2A10	23.7	
SLC2A7	sonnet_dual_triage	12	512	78	0	0	0	1	1	0	0	0	1	93.9	75.8		SLC2A5	48.7	
SLC2A8	sonnet_dual_triage	12	477	75	0	0	0	1	1	0	0	0	0	97.9	86.4		SLC2A10	15.1	
SLC2A9	sonnet_dual_triage	12	540	72	0	0	0	1	1	0	0	0	1	78.5	80.9		SLC2A11	51.4	
SLC30A1	sonnet_dual_triage	6	507	60	0	0	0	1	1	1	0	0	0	97.8	85.2	2.0	SLC30A6	20.0	
SLC30A8	sonnet_dual_triage	6	369	24	0	0	0	1	1	1	0	0	1	94.6	80.5	2.0	SLC30A2	66.7	
SLC31A1	sonnet_dual_triage	3	190	70	0	1	0	1	1	1	0	0	0	98.9	92.6	3.0	SLC31A2	11.4	
SLC31A2	sonnet_dual_triage	3	143	24	0	1	0	1	1	1	0	0	0	84.6	74.8	3.0	SLC31A1	10.0	
SLC33A2	sonnet_dual_triage	12	412	70	0	0	0	1	1	0	0	0	0	69.2	77.9		SLC33A1	12.9	
SLC34A1	sonnet_dual_triage	10	639	158	0	0	0	1	1	0	1	0	1	96.4	90.9		SLC34A2	50.3	
SLC34A2	sonnet_dual_triage	10	690	171	0	0	0	1	1	0	0	1	1	94.3	79.0		SLC34A1	48.5	1.0
SLC34A3	sonnet_dual_triage	10	599	155	0	0	0	1	1	0	0	0	1	94.8	79.8		SLC34A1	46.2	
SLC35F2	sonnet_dual_triage	10	374	51	0	0	0	1	1	0	1	0	1	97.6	89.8		SLC35F1	48.3	
SLC35G2	sonnet_dual_triage	10	412	56	0	0	0	1	1	1	0	0	0	98.5	92.2	2.0	SLC35G3	32.1	
SLC35H1	sonnet_dual_triage	10	365	44	0	0	0	1	1	0	0	0	0	96.4	95.1		SLC35E3	29.5	
SLC36A1	sonnet_dual_triage	11	476	106	0	0	1	1	1	0	1	0	1	98.5	85.9		SLC36A2	72.6	
SLC36A2	sonnet_dual_triage	11	483	101	0	0	1	1	1	0	1	0	1	90.7	81.6		SLC36A1	67.0	
SLC37A2	sonnet_dual_triage	12	501	89	0	0	0	1	1	0	1	0	1	96.2	87.8		SLC37A1	49.0	
SLC38A1	sonnet_dual_triage	11	487	97	0	0	1	1	1	0	0	0	1	94.0	93.0		SLC38A4	32.2	
SLC38A11	sonnet_dual_triage	10	406	113	0	1	1	1	1	0	0	0	0	98.1	79.9		SLC38A9	22.2	
SLC38A12	sonnet_dual_triage	11	496	96	0	0	1	1	1	0	1	0	0	89.9	89.7				
SLC38A2	sonnet_dual_triage	11	506	107	0	0	1	1	1	0	1	0	1	96.6	88.1		SLC38A3	42.7	
SLC38A3	sonnet_dual_triage	11	504	117	0	0	1	1	1	0	0	0	1	97.4	90.1		SLC38A4	39.6	
SLC38A4	sonnet_dual_triage	11	547	149	0	0	1	1	1	0	0	0	0	97.1	87.0		SLC38A3	37.6	
SLC38A5	sonnet_dual_triage	11	472	102	0	0	1	1	1	0	0	0	1	69.1	87.5		SLC38A3	41.0	
SLC38A6	sonnet_dual_triage	11	456	90	0	0	1	1	1	0	0	0	1	96.1	82.7		SLC38A4	29.5	
SLC38A7	sonnet_dual_triage	11	462	88	0	0	1	1	1	0	1	0	1	98.5	95.0		SLC38A8	42.0	
SLC38A8	sonnet_dual_triage	11	435	74	0	0	1	1	1	1	0	0	0	96.1	81.6	2.0	SLC38A7	34.1	
SLC39A1	sonnet_dual_triage	8	324	71	0	1	1	1	0	1	1	0	0		93.8	2.0	SLC39A3	16.9	
SLC39A10	sonnet_dual_triage	6	831	436	1	1	1	1	1	1	1	1	0	99.5	87.4	2.0	SLC39A5	19.7	1.0
SLC39A11	sonnet_dual_triage	6	342	26	0	1	1	1	1	1	0	0	0	98.5	90.4	2.0			
SLC39A12	sonnet_dual_triage	6	691	379	1	1	1	1	0	1	1	1	0		77.6	2.0	SLC39A14	14.8	1.0
SLC39A13	sonnet_dual_triage	6	371	77	1	1	1	1	1	1	0	0	0	83.8	87.9	2.0	SLC39A7	14.7	
SLC39A14	sonnet_dual_triage	6	492	155	1	1	1	1	1	1	1	1	0	94.1	86.4	2.0	SLC39A8	34.8	1.0
SLC39A2	sonnet_dual_triage	8	309	68	0	1	1	1	1	1	1	0	0	96.4	78.3	2.0	SLC39A3	20.6	
SLC39A3	sonnet_dual_triage	8	314	50	0	1	1	1	0	1	1	0	0		84.1	2.0	SLC39A2	20.6	
SLC39A4	sonnet_dual_triage	6	647	336	1	1	1	1	1	1	0	1	0	94.3	72.0	2.0	SLC39A8	16.4	1.0
SLC39A5	sonnet_dual_triage	6	540	235	1	1	1	1	1	1	0	1	0	97.6	83.5	2.0	SLC39A10	20.2	1.0
SLC39A6	sonnet_dual_triage	6	755	361	1	1	1	1	1	1	1	1	0	96.2	87.3	2.0	SLC39A14	14.7	1.0
SLC39A8	sonnet_dual_triage	6	460	137	1	1	1	1	1	1	1	0	0	99.8	89.3	2.0	SLC39A14	33.5	
SLC3A1	sonnet_dual_triage	1	685	575	0	0	1	1	1	1	1	1	0	93.0	80.4	2.0	SLC3A2	24.0	1.0
SLC3A2	sonnet_dual_triage	1	529	425	0	0	1	1	1	0	0	0	0	96.0	74.7		SLC3A1	24.0	
SLC40A1	sonnet_dual_triage	12	571	105	0	0	0	1	1	0	0	0	0	99.3	90.5				
SLC41A1	sonnet_dual_triage	11	513	66	0	0	1	1	1	0	0	0	1	99.8	97.9		SLC41A2	62.1	
SLC41A2	sonnet_dual_triage	11	573	62	0	0	1	1	1	0	0	0	1	99.5	91.1		SLC41A1	62.1	
SLC41A3	sonnet_dual_triage	11	507	99	0	0	1	1	1	0	1	0	0	97.3	76.0		SLC41A1	24.2	
SLC43A1	sonnet_dual_triage	12	559	102	0	0	0	1	1	0	0	0	1	90.2	83.5		SLC43A2	49.0	
SLC43A2	sonnet_dual_triage	12	569	101	0	0	0	1	0	0	1	0	1		91.4		SLC43A1	49.0	
SLC43A3	sonnet_dual_triage	12	491	90	0	0	0	1	1	0	0	0	0	96.1	74.3				
SLC44A1	sonnet_dual_triage	10	657	222	0	0	0	1	1	0	0	1	1	98.6	95.3		SLC44A3	41.9	1.0
SLC44A2	sonnet_dual_triage	10	706	293	0	0	0	1	1	0	0	1	1	94.1	90.9		SLC44A5	43.3	1.0
SLC44A3	sonnet_dual_triage	8	653	219	0	0	0	1	1	0	1	1	1	96.2	81.0		SLC44A1	43.7	1.0
SLC44A4	sonnet_dual_triage	10	710	291	0	0	0	1	1	0	1	1	0	96.9	82.0		SLC44A2	38.9	2.0
SLC44A5	sonnet_dual_triage	10	719	305	0	0	0	1	1	0	0	0	1	96.2	68.8		SLC44A2	44.6	
SLC45A1	sonnet_dual_triage	12	748	80	0	0	0	1	1	0	0	0	1	98.7	90.9		SLC45A4	52.5	
SLC45A2	sonnet_dual_triage	12	530	75	0	0	0	1	1	0	1	0	0	96.2	82.5		SLC45A4	38.8	
SLC45A3	sonnet_dual_triage	12	553	82	0	0	0	1	1	0	0	0	0	97.8	90.8		SLC45A1	35.4	
SLC46A1	sonnet_dual_triage	12	459	88	0	0	0	1	1	0	0	0	0	98.3	87.1		SLC46A3	31.1	
SLC46A2	sonnet_dual_triage	12	475	77	0	0	0	1	1	0	0	0	0	97.1	77.5		SLC46A3	20.4	
SLC46A3	sonnet_dual_triage	12	461	103	0	0	0	1	1	0	1	0	0	95.9	74.8		SLC46A1	32.0	
SLC47A1	sonnet_dual_triage	13	570	72	0	0	1	1	1	0	1	0	1	95.1	78.2		SLC47A2	64.4	
SLC47A2	sonnet_dual_triage	13	602	73	0	0	1	0	1	0	1	0	1	91.2			SLC47A1	67.1	
SLC48A1	sonnet_dual_triage	4	146	16	0	0	0	0	1	0	1	0	0	99.3					
SLC49A3	sonnet_dual_triage	12	560	85	0	0	0	1	1	1	1	0	0	84.3	63.0	2.0	SLC49A4	18.8	
SLC49A4	sonnet_dual_triage	12	478	76	0	0	0	1	1	0	1	0	0	99.0	95.0		FLVCR2	19.7	
SLC4A1	sonnet_dual_triage	14	911	102	0	0	0	1	1	1	0	0	1	94.5	82.4	2.0	SLC4A3	43.5	
SLC4A10	sonnet_dual_triage	14	1118	131	0	0	0	1	1	0	1	0	1	97.0	95.0		SLC4A7	61.0	
SLC4A11	sonnet_dual_triage	14	875	144	0	0	0	1	1	1	1	0	0	96.8	84.0	2.0	SLC4A1	21.5	
SLC4A2	sonnet_dual_triage	14	1241	129	0	0	0	1	1	0	0	0	1	96.9	94.4		SLC4A1	50.4	
SLC4A3	sonnet_dual_triage	14	1232	138	0	0	0	1	1	0	0	0	1	98.4	95.5		SLC4A1	51.4	
SLC4A4	sonnet_dual_triage	14	1079	256	0	0	0	1	1	0	1	1	1	95.6	97.0		SLC4A5	68.8	1.0
SLC4A5	sonnet_dual_triage	14	1137	160	0	0	0	1	1	0	1	0	1	99.1	90.5		SLC4A4	35.9	
SLC4A7	sonnet_dual_triage	14	1214	141	0	0	0	1	1	0	1	1	1	99.3	84.9		SLC4A8	64.4	1.0
SLC4A8	sonnet_dual_triage	14	1093	146	0	0	0	1	1	0	1	1	1	99.6	96.0		SLC4A7	67.8	1.0
SLC4A9	sonnet_dual_triage	12	983	221	0	0	0	1	1	1	1	0	1	97.6	82.3	2.0	SLC4A5	55.2	
SLC50A1	sonnet_dual_triage	7	221	29	0	1	0	1	1	0	1	0	0	99.1	79.6				
SLC51A	sonnet_dual_triage	7	340	88	0	1	0	1	1	1	0	0	0	93.2	82.4	2.0	TMEM184C	21.6	
SLC51B	sonnet_dual_triage	1	128	39	0	1	0	1	1	0	0	0	0	95.3	63.3				
SLC52A1	sonnet_dual_triage	11	448	98	0	0	1	0	1	0	1	0	1	96.4			SLC52A2	90.8	
SLC52A2	sonnet_dual_triage	11	445	94	0	0	1	0	1	0	0	0	1	96.2			SLC52A1	86.7	
SLC52A3	sonnet_dual_triage	11	469	138	0	0	1	1	1	0	1	0	0	97.2	74.0		SLC52A2	35.5	
SLC5A1	sonnet_dual_triage	14	664	179	0	1	1	1	1	0	1	1	1	95.9	88.0		SLC5A4	69.4	1.0
SLC5A10	sonnet_dual_triage	14	596	167	0	1	1	1	1	0	1	0	1	98.0	88.6		SLC5A9	60.3	
SLC5A11	sonnet_dual_triage	14	675	189	0	1	1	1	1	0	1	0	1	97.3	86.2		SLC5A10	47.6	
SLC5A12	sonnet_dual_triage	13	618	157	0	1	0	1	1	0	1	0	1	93.7	85.6		SLC5A8	49.1	
SLC5A2	sonnet_dual_triage	14	672	178	0	1	1	1	1	0	1	0	1	97.6	90.6		SLC5A1	59.2	
SLC5A3	sonnet_dual_triage	14	718	164	0	1	1	1	0	0	0	0	1		93.9		SLC5A9	44.1	
SLC5A4	sonnet_dual_triage	14	659	180	0	1	1	1	1	0	0	0	1	95.3	78.8		SLC5A1	68.3	
SLC5A5	sonnet_dual_triage	13	643	170	0	1	0	1	1	0	0	0	1	97.7	81.0		SLC5A12	44.1	
SLC5A6	sonnet_dual_triage	13	635	177	0	1	0	1	1	0	0	0	0	95.3	82.5		SLC5A8	37.3	
SLC5A7	sonnet_dual_triage	13	580	140	0	1	0	1	1	0	0	0	0	98.6	92.9		SLC5A10	21.0	
SLC5A8	sonnet_dual_triage	13	610	167	0	1	0	1	1	0	0	0	1	97.9	86.6		SLC5A12	46.7	
SLC5A9	sonnet_dual_triage	14	681	179	0	1	1	1	1	0	0	0	1	96.3	85.5		SLC5A10	59.2	
SLC60A2	sonnet_dual_triage	12	518	94	0	0	0	0	1	1	0	0	0	89.6		2.0	SLC60A1	22.7	
SLC61A1	sonnet_dual_triage	13	450	63	0	1	0	1	1	0	0	0	0	99.3	96.2		SLC67A2	20.6	
SLC66A1	sonnet_dual_triage	7	291	94	0	1	0	1	1	0	1	0	0	80.8	86.3		TMEM44	33.0	
SLC67A1	sonnet_dual_triage	12	424	44	0	0	0	1	1	0	0	0	0	72.4	75.9				
SLC67A2	sonnet_dual_triage	12	474	53	0	0	0	1	1	0	0	0	0	93.0	72.4		SLC61A1	12.7	
SLC68A1	sonnet_dual_triage	12	517	89	0	0	0	1	1	0	0	0	0	97.7	89.2				
SLC6A1	sonnet_dual_triage	12	599	138	0	0	0	1	1	0	0	0	1	100.0	98.0		SLC6A11	54.2	
SLC6A11	sonnet_dual_triage	12	632	142	0	0	0	1	1	0	1	0	1	64.4	93.5		SLC6A13	69.9	
SLC6A12	sonnet_dual_triage	12	614	146	0	0	0	1	1	0	0	0	1	95.4	87.8		SLC6A13	70.5	
SLC6A13	sonnet_dual_triage	12	602	143	0	0	0	1	1	0	1	0	1	98.2	91.0		SLC6A11	72.0	
SLC6A14	sonnet_dual_triage	12	642	165	0	0	0	0	1	0	0	0	0	97.4			SLC6A6	35.2	
SLC6A15	sonnet_dual_triage	12	730	226	0	0	0	1	1	0	1	0	1	98.6	91.5		SLC6A17	65.0	
SLC6A16	sonnet_dual_triage	12	736	206	0	0	0	0	1	0	1	0	0	89.9			SLC6A18	32.7	
SLC6A18	sonnet_dual_triage	12	628	208	0	0	0	1	1	0	0	0	1	85.2	72.9		SLC6A19	50.0	
SLC6A19	sonnet_dual_triage	12	634	205	0	0	0	1	1	0	0	0	1	81.7	86.8		SLC6A18	48.1	
SLC6A2	sonnet_dual_triage	12	617	151	0	0	0	1	1	0	1	0	1	95.8	94.3		SLC6A3	61.6	
SLC6A20	sonnet_dual_triage	12	592	200	0	0	0	0	1	0	0	0	1	97.8			SLC6A15	38.1	
SLC6A3	sonnet_dual_triage	12	620	148	0	0	0	1	1	0	0	0	1	98.9	93.5		SLC6A2	60.9	
SLC6A4	sonnet_dual_triage	12	630	145	0	0	0	1	1	0	0	0	1	97.8	92.5		SLC6A3	45.9	
SLC6A5	sonnet_dual_triage	12	797	172	0	0	0	1	1	0	1	0	1	98.5	93.2		SLC6A7	43.0	
SLC6A6	sonnet_dual_triage	12	620	145	0	0	0	1	1	0	1	0	1	99.4	93.4		SLC6A13	68.3	
SLC6A7	sonnet_dual_triage	12	636	147	0	0	0	1	1	0	0	0	1	95.3	97.6		SLC6A9	50.3	
SLC6A8	sonnet_dual_triage	12	635	148	0	0	0	0	0	0	1	0	1				SLC6A11	62.2	
SLC6A9	sonnet_dual_triage	12	706	151	0	0	0	1	1	0	0	0	1	91.9	96.2		SLC6A7	48.3	
SLC71A1	sonnet_dual_triage	12	490	82	0	0	0	1	1	0	0	0	1	99.8	99.8		SLC71A2	59.8	
SLC71A2	sonnet_dual_triage	12	506	80	0	0	0	1	1	0	1	0	1	99.4	90.3		SLC71A1	61.0	
SLC7A1	sonnet_dual_triage	14	629	128	0	0	0	1	1	0	0	0	1	98.6	86.6		SLC7A3	47.7	
SLC7A10	sonnet_dual_triage	12	523	68	0	0	0	1	0	0	0	0	1		92.9		SLC7A8	64.7	
SLC7A11	sonnet_dual_triage	12	501	67	0	0	0	1	1	0	0	0	1	98.2	89.2		SLC7A8	48.5	
SLC7A13	sonnet_dual_triage	12	470	73	0	0	0	1	1	0	1	0	0	97.0	69.8		SLC7A6	38.4	
SLC7A2	sonnet_dual_triage	14	658	122	0	0	0	1	1	0	0	0	1	97.1	88.1		SLC7A1	46.1	
SLC7A3	sonnet_dual_triage	14	619	128	0	0	0	1	1	0	0	0	1	96.9	81.6		SLC7A1	50.8	
SLC7A4	sonnet_dual_triage	14	635	103	0	0	0	1	1	0	0	0	0	97.5	81.4		SLC7A1	33.6	
SLC7A5	sonnet_dual_triage	12	507	70	0	0	0	1	1	0	0	0	1	75.1	91.9		SLC7A8	47.1	
SLC7A6	sonnet_dual_triage	12	515	66	0	0	0	1	1	0	0	0	1	98.1	89.1		SLC7A7	61.2	
SLC7A7	sonnet_dual_triage	12	511	67	0	0	0	1	1	0	0	0	1	98.6	90.2		SLC7A6	61.2	
SLC7A8	sonnet_dual_triage	12	535	68	0	0	0	1	1	0	1	0	1	98.7	91.2		SLC7A10	64.7	
SLC7A9	sonnet_dual_triage	12	487	72	0	0	0	1	1	0	0	0	1	95.1	86.9		SLC7A11	45.8	
SLC8A1	sonnet_dual_triage	10	973	105	1	1	1	1	1	0	0	0	1	99.2	94.8		FRAS1	1.2	
SLC8A2	sonnet_dual_triage	12	921	112	1	1	1	1	1	0	0	0	1	99.8	94.5		FREM2	1.3	
SLC8A3	sonnet_dual_triage	10	927	100	1	1	1	1	1	0	1	0	1	97.4	95.0		FREM2	1.3	
SLC9A1	sonnet_dual_triage	12	815	172	0	0	0	1	0	1	1	1	1		92.9	2.0	SLC9A2	43.0	1.0
SLC9A2	sonnet_dual_triage	11	812	153	1	1	0	1	1	1	0	1	1	96.6	91.1	2.0	SLC9A4	63.4	1.0
SLC9A3	sonnet_dual_triage	11	834	134	1	1	0	1	1	1	1	0	1	82.3	83.3	2.0	SLC9A5	44.6	
SLC9A4	sonnet_dual_triage	11	798	152	1	1	0	1	1	1	0	0	1	97.0	83.3	2.0	SLC9A2	64.1	
SLC9A5	sonnet_dual_triage	11	896	148	1	1	0	1	1	1	0	0	1	98.8	95.3	2.0	SLC9A3	47.3	
SLC9B1	sonnet_dual_triage	14	515	92	0	0	0	1	1	1	1	0	1	91.7	65.6	2.0	SLC9B2	51.1	
SLC9C1	sonnet_dual_triage	17	1177	115	0	1	0	1	1	0	0	0	0	84.1	66.3		SLC9A6	20.4	
SLC9C2	sonnet_dual_triage	17	1124	120	0	1	0	1	1	0	0	0	0	89.8	68.2		SLC9A1	14.5	
SLCO1A2	sonnet_dual_triage	12	670	247	0	0	0	0	1	0	1	0	1	96.1			SLCO1C1	48.6	
SLCO1B1	sonnet_dual_triage	12	691	251	0	0	0	0	0	0	0	0	1				SLCO1B3	80.7	
SLCO1B3	sonnet_dual_triage	12	702	254	0	0	0	0	1	0	1	0	1	90.7			SLCO1B1	82.3	
SLCO1B3-SLCO1B7	sonnet_dual_triage	12	687	253	0	0	0	0	0	0	0	0	0						
SLCO1C1	sonnet_dual_triage	12	712	257	0	0	0	1	1	0	1	0	1	98.5	84.0		SLCO1A2	49.0	
SLCO2A1	sonnet_dual_triage	12	643	238	0	0	0	1	1	0	0	0	1	97.4	83.2		SLCO2B1	43.2	
SLCO2B1	sonnet_dual_triage	12	709	241	0	0	0	1	1	0	1	1	1	96.5	73.3		SLCO2A1	43.6	1.0
SLCO3A1	sonnet_dual_triage	12	710	233	0	0	0	1	1	0	1	0	0	69.7	97.9		SLCO4A1	38.6	
SLCO4A1	sonnet_dual_triage	12	722	225	0	0	0	1	1	0	1	0	1	92.2	75.5		SLCO4C1	44.4	
SLCO4C1	sonnet_dual_triage	12	724	221	0	0	0	1	1	0	0	0	1	94.3	81.2		SLCO4A1	44.4	
SLCO5A1	sonnet_dual_triage	12	848	260	0	0	0	1	1	0	1	1	0	98.0	88.6		SLCO4C1	34.2	1.0
SLCO6A1	sonnet_dual_triage	12	719	233	0	0	0	0	1	0	1	0	1	82.1			SLCO4C1	43.3	
SLIT1	sonnet_dual_triage	0	1534	1501	1	1	1	1	1	0	0	0	1	97.5	94.4		SLIT2	66.4	
SLITRK1	sonnet_dual_triage	1	696	604	1	1	0	1	1	0	0	1	1	95.0	97.6		SLITRK2	45.2	1.0
SLITRK2	sonnet_dual_triage	1	845	598	1	1	0	1	1	0	0	1	1	99.8	97.5		SLITRK5	54.6	3.0
SLITRK3	sonnet_dual_triage	1	977	627	1	1	0	1	1	0	0	1	1	99.6	96.4		SLITRK2	49.0	2.0
SLITRK4	sonnet_dual_triage	1	837	600	1	1	0	1	1	0	0	1	1	99.6	97.3		SLITRK5	51.3	2.0
SLITRK5	sonnet_dual_triage	1	958	626	1	1	0	1	1	0	0	1	1	90.4	96.9		SLITRK2	54.8	1.0
SLITRK6	sonnet_dual_triage	1	841	587	1	1	0	1	1	0	0	1	1	97.5	89.2		SLITRK4	47.7	1.0
SLURP2	sonnet_dual_triage	0	97	75	1	1	1	0	0	0	0	0	0						
SMAGP	sonnet_dual_triage	1	97	35	0	1	0	1	1	0	0	0	0	96.9	78.4		NECTIN2	5.2	
SMC3	sonnet_dual_triage	0	1217	0	0	0	0	1	1	0	0	0	0	99.9	99.9				
SMCO1	sonnet_dual_triage	0	214	0	0	0	0	1	1	0	0	0	0	87.4	75.7				
SMCO2	sonnet_dual_triage	1	343	42	0	0	1	0	1	0	0	0	1	89.2			TMCO5A	43.2	
SMCO3	sonnet_dual_triage	0	225	0	0	0	0	1	1	0	0	0	0	96.0	84.9				
SMCO4	sonnet_dual_triage	1	59	8	0	0	1	1	0	0	0	0	0		96.6				
SMIM1	sonnet_dual_triage	1	78	8	0	0	1	1	1	0	0	0	0	94.9	80.8				
SMIM10	sonnet_dual_triage	0	83	52	1	1	1	0	0	0	0	0	1				SMIM10L3	69.2	
SMIM10L2A	sonnet_dual_triage	0	78	0	0	0	0	0	0	0	0	0	0						
SMIM10L2B	sonnet_dual_triage	0	78	0	0	0	0	0	0	0	0	0	0						
SMIM10L3	sonnet_dual_triage	0	68	48	1	1	1	0	0	0	0	0	1				SMIM10	65.4	
SMIM17	sonnet_dual_triage	1	118	2	0	0	1	1	1	0	0	0	0	98.3	83.1				
SMIM18	sonnet_dual_triage	1	95	35	0	1	0	1	0	0	0	0	0		88.4				
SMIM21	sonnet_dual_triage	0	101	0	0	0	0	0	0	0	0	0	0						
SMIM23	sonnet_dual_triage	0	172	119	1	1	1	0	1	0	0	0	0	73.3					
SMIM24	sonnet_dual_triage	1	130	10	1	1	0	1	1	0	0	0	0	84.6	56.2		PDZK1IP1	23.1	
SMIM28	sonnet_dual_triage	1	152	51	0	1	0	0	0	0	0	0	0						
SMIM29	sonnet_dual_triage	1	102	17	0	1	0	1	0	0	1	0	0		96.1		C3orf18	8.6	
SMIM31	sonnet_dual_triage	1	71	9	0	1	0	1	1	0	0	0	0	97.2	62.0				
SMIM32	sonnet_dual_triage	1	103	53	0	1	0	1	0	0	0	0	0		93.2				
SMIM33	sonnet_dual_triage	1	132	42	0	1	0	1	0	0	0	0	0		59.8				
SMIM34	sonnet_dual_triage	1	139	48	0	1	0	1	1	0	0	0	0	95.7	56.8				
SMIM35	sonnet_dual_triage	1	85	9	0	1	0	1	1	0	0	0	0	97.6	88.2				
SMIM36	sonnet_dual_triage	1	93	13	0	1	0	0	0	0	0	0	0						
SMIM38	sonnet_dual_triage	1	51	13	0	1	0	1	0	0	0	0	0		66.7				
SMIM39	sonnet_dual_triage	1	56	3	0	0	1	1	0	0	0	0	0		92.9				
SMIM42	sonnet_dual_triage	1	70	25	0	1	0	0	0	0	0	0	0						
SMIM43	sonnet_dual_triage	0	63	31	1	1	1	1	0	0	0	0	0		92.1				
SMIM44	sonnet_dual_triage	1	149	35	0	1	0	1	0	0	0	0	0		67.1				
SMIM47	sonnet_dual_triage	1	28	2	0	1	0	1	0	0	0	0	0		89.3				
SMIM48	sonnet_dual_triage	1	119	5	0	0	1	1	0	0	0	0	0		72.3				
SMIM5	sonnet_dual_triage	1	77	31	0	1	0	1	1	0	0	0	0	97.4	77.9				
SMIM9	sonnet_dual_triage	1	99	46	1	1	0	0	0	0	0	0	0						
SMLR1	sonnet_dual_triage	2	107	14	0	0	0	0	1	0	0	0	0	86.9					
SMO	sonnet_dual_triage	7	787	296	1	1	0	1	1	0	0	0	0	79.4	93.0		FZD8	22.8	
SMPD1	sonnet_dual_triage	0	631	579	1	1	1	1	0	0	0	0	0		82.3		SMPDL3A	25.0	
SMPD3	sonnet_dual_triage	2	655	1	0	0	0	1	1	0	0	0	0	99.1	91.1				
SMPDL3A	sonnet_dual_triage	0	453	431	1	1	1	1	1	0	0	0	1	95.8	79.2		SMPDL3B	40.0	
SMPDL3B	sonnet_dual_triage	0	455	437	1	1	1	1	1	0	0	0	0	67.0	75.2		SMPDL3A	39.6	
SNCA	sonnet_dual_triage	0	140	0	0	0	0	1	1	0	0	0	0	75.7	95.0				
SND1	sonnet_dual_triage	0	910	0	0	0	0	1	1	0	0	0	0	99.6	97.4				
SNN	sonnet_dual_triage	1	88	11	0	1	0	1	1	0	0	0	0	100.0	97.7				
SNORC	sonnet_dual_triage	1	121	67	1	1	0	1	1	0	0	0	0	98.3	81.0				
SNRNP200	sonnet_dual_triage	0	2136	0	0	0	0	1	1	0	0	0	0	100.0	99.7				
SOD2	sonnet_dual_triage	0	222	0	0	0	0	1	1	1	0	0	0	95.9	90.1	2.0			
SOD3	sonnet_dual_triage	0	240	222	1	1	1	1	1	1	0	0	0	94.6	65.8	2.0			
SOFU1	sonnet_dual_triage	0	122	94	1	1	1	0	0	0	0	0	0						
SORCS1	sonnet_dual_triage	1	1168	1069	1	1	0	1	1	0	0	1	1	75.8	90.9		SORCS3	66.5	5.0
SORCS2	sonnet_dual_triage	1	1159	1029	1	1	0	1	0	0	0	1	1		86.0		SORCS1	45.9	2.0
SORCS3	sonnet_dual_triage	1	1222	1092	1	1	0	1	1	0	0	1	1	98.6	92.4		SORCS1	66.4	6.0
SORL1	sonnet_dual_triage	1	2214	2110	1	1	0	1	1	0	0	1	0	93.6	93.2		SORT1	13.0	8.0
SORT1	sonnet_dual_triage	1	831	725	1	1	0	1	1	0	0	1	0	98.7	90.5		SORL1	11.6	3.0
SPA17	sonnet_dual_triage	0	151	0	0	0	0	1	1	1	0	0	0	87.4	71.5	2.0			
SPAAR	sonnet_dual_triage	1	90	17	0	1	0	1	0	0	0	0	0		65.3				
SPACA1	sonnet_dual_triage	1	294	188	1	1	0	1	1	0	0	1	0	91.2	70.4				1.0
SPACA3	sonnet_dual_triage	1	215	141	0	0	1	1	1	0	1	0	1	88.8	56.3		LYZ	49.6	
SPACA4	sonnet_dual_triage	0	124	105	1	1	1	1	1	0	0	1	0	91.1	66.1				1.0
SPACA5	sonnet_dual_triage	0	159	138	1	1	1	0	0	0	0	0	1				SPACA5B	100.0	
SPACA6	sonnet_dual_triage	1	324	268	1	1	0	1	1	0	1	0	0	96.3	63.6				
SPACA7	sonnet_dual_triage	0	195	171	1	1	1	0	1	0	0	0	0	84.1					
SPACDR	sonnet_dual_triage	0	206	0	0	0	0	0	0	0	0	0	0						
SPADH	sonnet_dual_triage	0	137	116	1	1	1	0	0	0	0	0	0						
SPAG1	sonnet_dual_triage	0	926	0	0	0	0	1	1	0	0	0	0	96.1	68.9				
SPAG11A	sonnet_dual_triage	0	123	98	1	1	1	0	0	0	0	0	1				SPAG11B	76.5	
SPAG11B	sonnet_dual_triage	0	103	78	1	1	1	0	0	0	0	0	1				SPAG11A	76.5	
SPAG8	sonnet_dual_triage	0	485	0	0	0	0	1	1	0	0	0	0	90.9	58.1				
SPAG9	sonnet_dual_triage	0	1321	0	0	0	0	1	1	0	0	0	0	99.6	95.6				
SPAM1	sonnet_dual_triage	0	509	474	1	1	1	0	1	0	0	1	1	87.8			HYAL4	44.1	1.0
SPART	sonnet_dual_triage	0	666	0	0	0	0	1	1	0	0	0	0	98.3	86.2				
SPATA31A3	sonnet_dual_triage	1	1347	24	0	1	0	0	0	0	0	0	1				SPATA31C2	95.8	
SPATA31A7	sonnet_dual_triage	1	1347	24	0	1	0	0	0	0	0	0	1				SPATA31A5	100.0	
SPATA31C2	sonnet_dual_triage	1	1134	24	0	1	0	0	0	0	0	0	1				SPATA31C1	100.0	
SPATA31E1	sonnet_dual_triage	1	1445	63	0	1	0	0	0	0	0	0	0				SPATA31A3	23.8	
SPATA46	sonnet_dual_triage	0	261	0	0	0	0	1	1	0	0	0	0	93.1	62.8				
SPATA9	sonnet_dual_triage	0	254	0	0	0	0	1	1	0	0	0	0	96.9	78.3				
SPEM1	sonnet_dual_triage	1	309	28	0	1	0	1	1	0	0	0	0	90.0	68.0				
SPEM3	sonnet_dual_triage	1	1196	26	0	1	0	0	0	0	0	0	0						
SPESP1	sonnet_dual_triage	0	350	331	1	1	1	0	1	0	0	0	0	92.3					
SPHK1	sonnet_dual_triage	0	384	0	0	0	0	1	1	0	0	0	0	96.6	80.2				
SPHK2	sonnet_dual_triage	0	654	0	0	0	0	1	1	0	0	0	0	81.0	78.1				
SPINK13	sonnet_dual_triage	0	94	71	1	1	1	1	0	0	0	0	0		52.1		SPINK14	37.0	
SPINK14	sonnet_dual_triage	0	97	73	1	1	1	1	1	0	0	0	1	92.8	64.9		SPINK7	45.2	
SPINK2	sonnet_dual_triage	0	84	64	1	1	1	0	0	0	0	0	0				SPINK7	35.9	
SPINK4	sonnet_dual_triage	0	86	60	1	1	1	1	1	0	0	0	0	90.7	62.8				
SPINK5	sonnet_dual_triage	0	1064	1042	1	1	1	1	1	0	0	0	0	94.3	60.6		SPINK6	3.7	
SPINK6	sonnet_dual_triage	0	80	57	1	1	1	1	1	0	0	0	0	95.0	77.5		SPINK5	3.1	
SPINK7	sonnet_dual_triage	0	85	63	1	1	1	1	1	0	0	0	1	96.5	67.1		SPINK14	45.2	
SPINK8	sonnet_dual_triage	0	97	76	1	1	1	1	1	0	0	0	0	91.8	55.7		SPINK7	30.3	
SPINT1	sonnet_dual_triage	1	529	432	1	1	0	1	0	0	0	0	0		79.5		SPINT2	16.9	
SPINT2	sonnet_dual_triage	1	252	172	1	1	0	1	1	0	0	1	0	96.0	70.6		SPINT1	16.9	2.0
SPINT3	sonnet_dual_triage	0	89	65	1	1	1	0	1	0	0	0	0	86.5					
SPINT4	sonnet_dual_triage	0	99	75	1	1	1	0	1	0	0	0	0	90.9			WFIKKN2	7.2	
SPN	sonnet_dual_triage	1	400	236	1	1	0	1	1	0	0	0	0	89.5	50.5				
SPNS2	sonnet_dual_triage	12	549	83	0	0	0	1	0	0	0	0	1		96.0		SPNS1	44.2	
SPNS3	sonnet_dual_triage	12	512	83	0	0	0	1	1	0	1	0	1	94.5	79.3		SPNS1	41.9	
SPOCK1	sonnet_dual_triage	0	439	418	1	1	1	1	1	0	0	0	1	98.9	95.2		SPOCK3	53.8	
SPOCK3	sonnet_dual_triage	0	436	415	1	1	1	1	1	0	0	0	1	99.1	85.7		SPOCK1	53.8	
SPPL2B	sonnet_dual_triage	9	592	201	1	1	0	1	1	0	1	0	1	75.5	77.4		SPPL2C	47.2	
SPPL3	sonnet_dual_triage	9	384	77	0	1	0	1	1	0	1	0	0	98.2	100.0		SPPL2B	13.9	
SPRN	sonnet_dual_triage	0	151	127	1	1	1	1	1	0	0	0	0	96.0	78.8				
SQSTM1	sonnet_dual_triage	0	440	0	0	0	0	1	1	0	0	0	0	97.7	91.1				
SRGN	sonnet_dual_triage	0	158	131	1	1	1	1	1	0	0	0	0	92.4	50.0				
SRPX2	sonnet_dual_triage	0	465	442	1	1	1	1	0	0	0	0	1		93.8		SRPX	45.9	
SRRM2	sonnet_dual_triage	0	2752	0	0	0	0	1	1	0	0	0	0	95.3	86.2				
SSB	sonnet_dual_triage	0	408	0	0	0	0	1	0	0	0	0	0		79.7				
SSC4D	sonnet_dual_triage	0	575	528	1	1	1	1	1	0	0	0	0	97.4	87.7		DMBT1	12.4	
SSC5D	sonnet_dual_triage	0	1573	1557	1	1	1	1	1	0	0	0	0	80.5	64.3		LGALS3BP	12.5	
SSMEM1	sonnet_dual_triage	1	244	37	0	1	0	1	1	0	0	0	0	93.9	67.6				
SSPN	sonnet_dual_triage	4	243	56	0	0	0	1	1	0	1	0	0	97.9	75.3				
SSTR1	sonnet_dual_triage	7	391	106	0	1	0	1	1	1	0	0	1	100.0	98.7	2.0	SSTR4	41.5	
SSTR2	sonnet_dual_triage	7	369	98	0	1	0	1	1	0	0	0	0	91.1	93.8		SSTR3	36.7	
SSTR3	sonnet_dual_triage	7	418	96	0	1	0	1	0	0	0	0	1		85.4		SSTR5	42.7	
SSTR4	sonnet_dual_triage	7	388	95	0	1	0	1	1	0	0	0	1	93.8	88.4		SSTR1	42.5	
SSTR5	sonnet_dual_triage	7	364	90	0	1	0	1	1	0	0	0	1	54.4	79.9		SSTR3	41.7	
ST14	sonnet_dual_triage	1	855	778	0	0	1	1	1	0	0	0	0	96.4	81.9		TMPRSS11E	21.0	
ST3GAL1	sonnet_dual_triage	1	340	314	0	0	1	1	1	0	0	0	1	98.2	81.5		ST3GAL2	50.8	
ST6GAL1	sonnet_dual_triage	1	406	380	0	0	1	1	1	0	1	0	0	97.5	79.6		ST6GAL2	35.3	
STAB1	sonnet_dual_triage	1	2570	2450	1	1	0	1	1	0	1	1	1	96.6	81.8		STAB2	42.4	23.0
STAB2	sonnet_dual_triage	1	2551	2439	1	1	0	1	1	0	0	1	1	95.3	78.3		STAB1	42.4	12.0
STEAP1	sonnet_dual_triage	6	339	76	0	0	0	0	0	1	0	0	1			3.0	STEAP1B	77.6	
STEAP1B	sonnet_dual_triage	5	245	57	0	0	1	0	0	1	0	0	1			2.0	STEAP1	75.0	
STEAP2	sonnet_dual_triage	6	490	73	0	0	0	1	1	1	1	0	1	99.0	96.5	3.0	STEAP1B	46.6	
STEAP3	sonnet_dual_triage	6	488	73	0	0	0	1	1	1	1	0	1	97.6	85.1	3.0	STEAP2	54.8	
STEAP4	sonnet_dual_triage	6	459	72	0	0	0	1	1	1	1	0	0	97.4	82.4	3.0	STEAP3	32.9	
STIM1	sonnet_dual_triage	1	685	191	1	1	0	1	1	1	0	1	1	99.6	92.5	2.0	STIM2	54.5	1.0
STIM2	sonnet_dual_triage	2	746	1	0	0	0	1	1	1	0	0	0	98.8	93.6	2.0	STIM1	0.5	
STIP1	sonnet_dual_triage	0	543	0	0	0	0	1	1	0	0	0	0	91.5	96.9				
STOM	sonnet_dual_triage	2	288	1	0	0	0	1	1	1	1	0	1	99.0	86.1	2.0	STOML3	0.0	
STOML3	sonnet_dual_triage	2	291	1	0	0	0	1	1	1	0	0	1	97.3	91.4	2.0	NPHS2	0.0	
STRA6	sonnet_dual_triage	9	667	170	0	1	0	1	1	1	1	0	0	95.4	74.1	2.0			
STRC	sonnet_dual_triage	0	1775	1754	1	1	1	1	1	0	0	0	0	97.1	87.4		MSLN	12.8	
STS	sonnet_dual_triage	2	583	512	1	1	1	0	1	0	0	0	1	96.7			ARSL	56.2	
STUM	sonnet_dual_triage	4	141	2	0	0	0	1	1	0	0	0	0	93.6	89.4				
STX11	sonnet_dual_triage	0	287	0	0	0	0	1	1	0	0	0	0	97.9	85.0				
STYK1	sonnet_dual_triage	1	422	26	0	1	0	1	1	0	0	0	1	93.6	78.0				
SUCNR1	sonnet_dual_triage	7	334	93	0	1	0	1	1	1	0	0	0	92.2	68.3	2.0	OXGR1	35.5	
SULF1	sonnet_dual_triage	0	871	849	1	1	1	1	1	0	0	0	1	97.0	93.0		SULF2	67.5	
SULF2	sonnet_dual_triage	0	870	846	1	1	1	1	1	0	0	0	1	99.2	94.3		SULF1	67.5	
SUMF1	sonnet_dual_triage	0	374	340	1	1	1	1	1	0	0	0	1	96.5	85.8		SUMF2	40.0	
SUN5	sonnet_dual_triage	1	379	261	0	0	1	1	1	1	0	0	1	93.7	72.6	3.0	SPAG4	42.9	
SUSD1	sonnet_dual_triage	1	747	695	1	1	0	1	1	0	1	1	0	91.2	74.0				7.0
SUSD2	sonnet_dual_triage	1	822	759	1	1	0	1	1	0	0	1	0	84.9	76.2		MUC4	4.9	1.0
SUSD3	sonnet_dual_triage	1	255	105	0	1	0	1	1	0	1	1	0	74.5	64.3		CSMD2	1.7	1.0
SUSD4	sonnet_dual_triage	1	490	274	1	1	0	1	1	0	1	1	0	95.9	91.2		CSMD1	3.7	2.0
SUSD5	sonnet_dual_triage	1	629	539	1	1	0	1	1	0	0	1	0	90.0	68.4				1.0
SUSD6	sonnet_dual_triage	1	303	81	1	1	0	1	1	0	0	0	0	98.3	89.1		CSMD3	1.3	
SVEP1	sonnet_dual_triage	0	3571	3552	1	1	1	1	1	0	0	0	0	94.0	81.8		SUSD6	4.0	
SVOPL	sonnet_dual_triage	12	492	75	0	0	0	1	1	0	1	0	0	97.2	91.9		SLC22A17	15.5	
SYCP1	sonnet_dual_triage	0	976	0	0	0	0	1	1	0	0	0	0	96.8	74.3				
SYNDIG1	sonnet_dual_triage	3	258	12	0	0	1	1	1	0	0	0	1	82.6	93.0		SYNDIG1L	58.3	
SYNJ2BP	sonnet_dual_triage	1	145	6	0	0	1	1	1	0	0	0	0	97.9	91.0				
SYP	sonnet_dual_triage	4	313	102	0	0	0	1	1	0	1	0	1	99.0	95.2		SYNPR	61.8	
SYT12	sonnet_dual_triage	1	421	20	0	1	0	1	1	0	0	0	1	97.1	95.0		SYT9	18.9	
SYT15	sonnet_dual_triage	1	421	5	0	1	0	0	0	0	1	0	1				SYT9	3.8	
SYT7	sonnet_dual_triage	1	403	16	0	1	0	1	1	0	0	0	1	87.8	98.0		SYT5	27.6	
SYT8	sonnet_dual_triage	1	387	35	0	1	0	1	1	0	0	0	1	89.1	75.2		SYT13	11.4	
TAAR2	sonnet_dual_triage	7	351	98	0	1	0	1	1	0	0	0	0	83.2	84.3		TAAR1	37.8	
TAAR5	sonnet_dual_triage	7	337	87	0	1	0	1	1	0	0	0	1	97.6	86.6		TAAR9	41.1	
TAAR6	sonnet_dual_triage	7	345	88	0	1	0	0	1	0	0	0	1	94.8			TAAR8	73.9	
TAAR8	sonnet_dual_triage	7	342	87	0	1	0	0	0	0	0	0	1				TAAR6	75.0	
TAAR9	sonnet_dual_triage	7	348	90	0	1	0	1	0	0	0	0	1		86.8		TAAR8	63.3	
TACR1	sonnet_dual_triage	7	407	82	0	1	0	1	1	0	0	0	0	99.5	94.6		TACR3	28.1	
TACR2	sonnet_dual_triage	7	398	92	0	1	0	1	1	0	0	0	0	95.0	82.4		TACR3	28.1	
TACR3	sonnet_dual_triage	7	465	139	0	1	0	1	1	0	0	0	0	97.8	85.8		TACR1	29.5	
TACSTD2	sonnet_dual_triage	1	323	246	1	1	0	1	0	0	0	1	1		78.6		EPCAM	49.2	1.0
TAF15	sonnet_dual_triage	0	592	0	0	0	0	1	1	0	0	0	0	74.2	89.0				
TAPBPL	sonnet_dual_triage	1	468	387	1	1	0	1	1	0	1	0	0	83.1	65.0		TAPBP	30.3	
TARM1	sonnet_dual_triage	1	271	215	1	1	0	0	1	0	0	1	0	86.3			VSTM1	34.0	1.0
TAS1R1	sonnet_dual_triage	7	841	584	1	1	0	1	1	1	1	1	0	93.2	73.7	2.0	TAS1R2	38.4	2.0
TAS1R2	sonnet_dual_triage	7	839	589	1	1	0	1	1	1	0	1	0	92.0	69.8	2.0	TAS1R1	38.7	2.0
TAS1R3	sonnet_dual_triage	7	852	594	1	1	0	1	0	1	0	1	0		72.8	2.0	TAS1R1	35.7	2.0
TAS2R1	sonnet_dual_triage	7	299	59	0	1	0	0	1	0	0	0	0	82.9			TAS2R39	15.0	
TAS2R10	sonnet_dual_triage	7	307	50	0	1	0	0	1	0	0	0	0	91.2			TAS2R3	35.3	
TAS2R13	sonnet_dual_triage	7	303	52	0	1	0	0	1	1	0	0	0	87.8		2.0	TAS2R9	28.8	
TAS2R14	sonnet_dual_triage	7	317	51	0	1	0	0	0	0	0	0	0				TAS2R31	21.1	
TAS2R16	sonnet_dual_triage	7	291	53	0	1	0	1	1	0	0	0	0	90.0	52.9		TAS2R42	31.5	
TAS2R19	sonnet_dual_triage	7	299	53	0	1	0	0	0	0	0	0	1				TAS2R30	58.9	
TAS2R20	sonnet_dual_triage	7	309	56	0	1	0	0	0	0	0	0	1				TAS2R19	51.8	
TAS2R3	sonnet_dual_triage	7	316	51	0	1	0	1	1	0	0	0	0	92.7	63.9		TAS2R10	33.3	
TAS2R30	sonnet_dual_triage	7	319	56	0	1	0	0	0	0	0	0	1				TAS2R46	76.8	
TAS2R31	sonnet_dual_triage	7	309	57	0	1	0	0	0	0	0	0	1				TAS2R43	80.7	
TAS2R33	sonnet_dual_triage	7	309	57	0	1	0	0	0	0	0	0	0						
TAS2R36	sonnet_dual_triage	7	309	55	0	1	0	0	0	0	0	0	0						
TAS2R38	sonnet_dual_triage	7	333	69	0	1	0	1	1	0	0	0	0	95.8	65.5		TAS2R30	23.2	
TAS2R39	sonnet_dual_triage	7	338	80	0	1	0	1	1	0	0	0	0	92.9	51.2		TAS2R40	35.0	
TAS2R4	sonnet_dual_triage	7	299	58	0	1	0	1	1	0	0	0	0	94.6	66.6		TAS2R3	25.9	
TAS2R40	sonnet_dual_triage	7	323	68	0	1	0	1	1	0	0	0	0	95.7	65.0		TAS2R39	35.0	
TAS2R41	sonnet_dual_triage	7	307	63	0	1	0	1	1	0	0	0	0	86.3	68.4		TAS2R40	25.0	
TAS2R42	sonnet_dual_triage	7	314	54	0	1	0	0	0	0	0	0	0				TAS2R16	27.8	
TAS2R43	sonnet_dual_triage	7	309	57	0	1	0	0	0	0	0	0	1				TAS2R46	80.7	
TAS2R45	sonnet_dual_triage	7	299	58	0	1	0	0	0	0	0	0	0						
TAS2R46	sonnet_dual_triage	7	309	56	0	1	0	0	0	1	0	0	1			2.0	TAS2R43	80.7	
TAS2R5	sonnet_dual_triage	7	299	44	0	1	0	0	1	0	0	0	0	93.3			TAS2R3	17.6	
TAS2R50	sonnet_dual_triage	7	299	53	0	1	0	0	0	0	0	0	1				TAS2R30	60.7	
TAS2R60	sonnet_dual_triage	7	318	71	0	1	0	1	1	0	0	0	0	89.9	56.9		TAS2R46	19.7	
TAS2R7	sonnet_dual_triage	7	318	66	0	1	0	1	1	0	0	0	0	94.0	67.0		TAS2R8	34.8	
TAS2R8	sonnet_dual_triage	7	309	53	0	1	0	0	1	0	0	0	0	86.1			TAS2R7	25.8	
TAS2R9	sonnet_dual_triage	7	312	50	0	1	0	0	1	0	0	0	0	91.7			TAS2R13	25.0	
TAX1BP3	sonnet_dual_triage	0	124	0	0	0	0	1	1	1	0	0	0	100.0	98.4	2.0			
TBC1D3D	sonnet_dual_triage	0	549	0	0	0	0	0	0	0	0	0	0						
TBC1D3E	sonnet_dual_triage	0	549	0	0	0	0	0	0	0	0	0	0						
TBC1D3K	sonnet_dual_triage	0	549	0	0	0	0	0	0	0	0	0	0						
TBXA2R	sonnet_dual_triage	7	343	88	0	1	0	1	0	0	0	0	0		74.6		PTGER1	30.7	
TCAF1	sonnet_dual_triage	0	921	921	0	1	1	1	1	0	0	0	1	99.0	90.2		TCAF2	64.7	
TCAF2	sonnet_dual_triage	0	919	919	0	1	1	0	0	0	0	0	1				TCAF1	64.7	
TCIRG1	sonnet_dual_triage	8	830	122	0	0	0	1	1	0	0	1	1	78.8	84.0		ATP6V0A4	48.9	1.0
TCP11	sonnet_dual_triage	0	503	0	0	0	0	1	1	0	0	0	0	96.2	71.2				
TCP11X1	sonnet_dual_triage	0	502	0	0	0	0	0	0	0	0	0	0						
TCTA	sonnet_dual_triage	1	103	45	0	0	1	1	1	0	0	0	0	99.0	91.3				
TCTN1	sonnet_dual_triage	0	587	565	1	1	1	1	1	0	0	0	0	59.1	70.3		TCTN3	33.7	
TCTN2	sonnet_dual_triage	1	697	643	1	1	0	1	1	0	0	1	0	94.1	68.0		TCTN3	25.0	4.0
TCTN3	sonnet_dual_triage	0	607	585	1	1	1	1	1	0	0	1	0	88.8	71.8		TCTN1	33.7	1.0
TEDDM1	sonnet_dual_triage	6	273	54	0	0	0	0	1	0	0	0	0	94.5			TMEM45B	22.2	
TEK	sonnet_dual_triage	1	1124	724	1	1	0	1	1	0	0	1	0	98.5	92.9		LMTK2	24.0	4.0
TENM1	sonnet_dual_triage	1	2725	2386	0	0	1	1	1	0	0	1	1	99.3	97.0		TENM4	66.3	3.0
TENM2	sonnet_dual_triage	1	2774	2378	0	0	1	1	1	0	0	1	1	99.8	98.3		TENM3	70.5	4.0
TENM3	sonnet_dual_triage	1	2699	2370	0	0	1	1	0	0	0	1	1		98.3		TENM2	70.6	8.0
TENM4	sonnet_dual_triage	1	2769	2407	0	0	1	1	0	0	0	1	1		96.1		TENM3	69.3	3.0
TEX101	sonnet_dual_triage	0	249	226	1	1	1	1	1	0	0	1	0	87.1	53.8		CD177	20.0	1.0
TEX36	sonnet_dual_triage	0	186	0	0	0	0	1	1	0	0	0	0	84.9	61.3				
TEX38	sonnet_dual_triage	1	206	14	0	1	0	1	1	0	0	0	0	88.3	66.0				
TEX46	sonnet_dual_triage	1	121	1	1	1	0	0	1	0	1	0	0	94.2					
TEX50	sonnet_dual_triage	1	177	51	1	1	0	1	1	0	0	0	0	90.4	59.3				
TEX51	sonnet_dual_triage	0	166	151	1	1	1	0	1	0	0	0	0	84.9					
TFAM	sonnet_dual_triage	0	246	0	0	0	0	1	1	0	0	0	0	86.2	61.4				
TFPI	sonnet_dual_triage	0	304	276	1	1	1	1	1	0	0	1	0	90.5	59.2		TFPI2	30.1	2.0
TFPI2	sonnet_dual_triage	0	235	213	1	1	1	1	1	0	0	0	0	93.2	52.3		TFPI	30.1	
TFR2	sonnet_dual_triage	1	801	697	0	0	1	1	1	1	1	0	1	97.9	84.8	2.0	TFRC	46.5	
TFRC	sonnet_dual_triage	1	760	674	0	0	1	1	1	1	0	0	1	91.1	76.6	2.0	TFR2	46.5	
TGFA	sonnet_dual_triage	1	160	76	1	1	0	1	0	0	0	0	0		91.9		BTC	37.9	
TGFB1	sonnet_dual_triage	0	390	361	1	1	1	1	1	0	0	0	1	91.5	90.0		TGFB3	48.6	
TGFB3	sonnet_dual_triage	0	412	389	1	1	1	1	1	0	0	0	1	99.8	97.6		TGFB2	57.4	
TGFBI	sonnet_dual_triage	0	683	660	1	1	1	1	1	1	0	0	0	98.5	90.6	2.0	POSTN	37.5	
TGFBR1	sonnet_dual_triage	1	503	93	1	1	0	1	1	0	0	1	1	99.6	96.4		ACVR1C	40.9	1.0
TGFBR2	sonnet_dual_triage	1	567	140	1	1	0	1	1	0	1	1	0	98.8	92.2		ACVR1	19.3	1.0
TGFBR3	sonnet_dual_triage	1	851	768	1	1	0	1	1	0	0	1	0	98.1	81.4		TGFBR3L	9.2	2.0
TGFBR3L	sonnet_dual_triage	1	292	229	1	1	0	1	0	0	0	0	0		76.0		ENG	14.3	
TGM1	sonnet_dual_triage	0	817	0	0	0	0	1	1	0	0	0	0	98.0	90.5				
TGM2	sonnet_dual_triage	0	687	0	0	0	0	1	1	0	0	0	0	99.0	84.1				
THBD	sonnet_dual_triage	1	575	498	1	1	0	1	0	0	0	1	0		67.8				3.0
THBS1	sonnet_dual_triage	0	1170	1152	1	1	1	1	1	0	0	0	1	99.2	94.7		THBS2	62.7	
THBS3	sonnet_dual_triage	0	956	935	1	1	1	1	1	0	0	0	1	99.5	97.2		COMP	52.4	
THBS4	sonnet_dual_triage	0	961	937	1	1	1	1	1	0	0	0	1	98.0	92.5		COMP	55.7	
THNSL2	sonnet_dual_triage	0	484	0	0	0	0	1	1	0	0	0	0	95.5	83.1				
THSD1	sonnet_dual_triage	1	852	392	1	1	0	1	1	0	1	1	0	96.4	78.6				3.0
THSD7A	sonnet_dual_triage	1	1657	1559	1	1	0	1	1	0	0	1	1	97.5	90.5		THSD7B	50.7	7.0
THSD7B	sonnet_dual_triage	1	1606	1521	1	1	0	1	1	0	0	1	1	96.1	85.7		THSD7A	50.5	8.0
THSD8	sonnet_dual_triage	0	115	91	1	1	1	1	0	0	0	0	0		61.7				
THY1	sonnet_dual_triage	0	161	142	1	1	1	1	1	0	0	1	0	92.5	69.6				1.0
TIE1	sonnet_dual_triage	1	1138	742	1	1	0	1	1	0	1	1	0	95.6	92.6		LMTK2	25.1	3.0
TIGIT	sonnet_dual_triage	1	244	120	1	1	0	1	1	1	0	1	0	88.1	59.4	2.0	NECTIN4	13.2	1.0
TIMD4	sonnet_dual_triage	1	378	290	1	1	0	0	1	0	0	1	0	86.8			HAVCR1	37.2	1.0
TIMP1	sonnet_dual_triage	0	207	184	1	1	1	1	1	0	0	0	0	98.1	72.5		TIMP2	39.7	
TIMP2	sonnet_dual_triage	0	220	194	1	1	1	1	1	0	0	0	1	100.0	98.2		TIMP4	50.3	
TIMP3	sonnet_dual_triage	0	211	188	1	1	1	1	1	0	0	0	1	100.0	96.2		TIMP4	48.7	
TIMP4	sonnet_dual_triage	0	224	195	1	1	1	1	1	0	0	0	1	96.9	88.8		TIMP3	48.7	
TINAGL1	sonnet_dual_triage	0	467	446	1	1	1	1	1	0	0	0	1	93.8	88.9		TINAG	47.5	
TK1	sonnet_dual_triage	0	234	0	0	0	0	1	1	1	0	0	0	98.3	87.2	2.0			
TLCD1	sonnet_dual_triage	7	247	39	0	1	0	1	1	0	1	0	0	95.1	87.0		TLCD4	14.0	
TLCD2	sonnet_dual_triage	7	264	36	0	1	0	1	0	0	0	0	0		72.0		TLCD3A	16.0	
TLL2	sonnet_dual_triage	0	1015	990	1	1	1	1	1	0	0	0	1	97.4	90.0		BMP1	74.1	
TLR1	sonnet_dual_triage	1	786	556	1	1	0	1	1	0	0	1	1	95.3	74.0		TLR6	63.3	2.0
TLR10	sonnet_dual_triage	1	811	557	1	1	0	0	1	0	0	1	1	96.5			TLR1	45.8	3.0
TLR2	sonnet_dual_triage	1	784	568	1	1	0	1	1	0	0	1	0	95.8	70.9		LRRC53	32.4	3.0
TLR3	sonnet_dual_triage	1	904	680	1	1	0	1	1	0	0	1	0	95.7	79.4		LRRC3	10.4	2.0
TLR4	sonnet_dual_triage	1	839	608	1	1	0	1	1	0	0	1	0	92.7	66.9		LRRC3B	37.6	1.0
TLR5	sonnet_dual_triage	1	858	619	1	1	0	1	1	0	0	1	0	94.9	72.3		LRRC3	9.5	1.0
TLR6	sonnet_dual_triage	1	796	554	1	1	0	1	1	0	0	1	1	95.5	73.9		TLR1	63.3	1.0
TLR8	sonnet_dual_triage	1	1041	802	1	1	0	1	1	0	0	1	1	96.4	71.0		LRRC3	9.9	2.0
TM2D1	sonnet_dual_triage	2	207	124	1	1	1	1	1	0	0	0	0	92.8	85.0		TM2D3	21.6	
TM2D2	sonnet_dual_triage	2	214	129	1	1	1	1	1	0	0	0	0	99.1	90.2		TM2D3	21.6	
TM2D3	sonnet_dual_triage	2	247	171	1	1	1	1	1	0	0	0	0	82.2	87.0		TM2D1	21.1	
TM4SF1	sonnet_dual_triage	4	202	65	0	0	0	1	0	0	0	0	1		77.2		TM4SF18	49.3	
TM4SF18	sonnet_dual_triage	4	201	67	0	0	0	0	1	0	0	0	1	97.0			TM4SF1	52.2	
TM4SF19	sonnet_dual_triage	4	209	77	0	0	0	1	1	0	0	0	0	94.3	78.0		TM4SF1	33.8	
TM4SF20	sonnet_dual_triage	4	229	95	0	0	0	1	1	0	0	0	0	90.4	74.7		TM4SF1	21.1	
TM4SF4	sonnet_dual_triage	4	202	61	0	0	0	1	1	0	0	0	1	79.7	87.6		TM4SF5	48.4	
TM4SF5	sonnet_dual_triage	4	197	62	0	0	0	1	1	0	0	0	1	93.4	81.7		TM4SF4	48.4	
TM6SF1	sonnet_dual_triage	10	370	89	0	0	0	1	1	1	0	0	1	94.1	94.3	2.0	TM6SF2	52.2	
TM7SF3	sonnet_dual_triage	7	570	327	1	1	0	1	1	0	0	1	0	96.1	77.5				1.0
TM9SF1	sonnet_dual_triage	9	606	252	1	1	0	1	0	1	1	0	0		97.5	2.0	TM9SF3	33.3	
TMBIM1	sonnet_dual_triage	7	311	32	0	0	1	1	1	0	0	0	1	98.4	88.7		FAIM2	46.9	
TMC2	sonnet_dual_triage	8	906	231	0	0	0	1	1	0	1	0	1	96.0	81.7		TMC1	63.7	
TMC3	sonnet_dual_triage	10	1100	249	0	0	0	1	1	0	0	0	1	96.7	81.5		TMC7	25.7	
TMC4	sonnet_dual_triage	10	712	193	0	0	0	1	1	0	1	0	0	94.2	74.8		TMC7	37.3	
TMC7	sonnet_dual_triage	10	723	209	0	0	0	1	1	1	0	1	0	95.3	91.0	2.0	TMC4	39.2	1.0
TMDD1	sonnet_dual_triage	1	317	194	1	1	0	0	0	0	0	0	0						
TMED10	sonnet_dual_triage	1	219	154	1	1	0	1	1	0	1	0	0	98.2	92.7		TMED4	32.1	
TMEFF1	sonnet_dual_triage	1	380	290	1	1	0	1	1	0	0	1	1	83.2	92.9		USH2A	2.9	1.0
TMEFF2	sonnet_dual_triage	1	374	280	1	1	0	1	1	0	1	1	1	100.0	98.9		TMEFF1	50.0	1.0
TMEM100	sonnet_dual_triage	2	134	8	0	0	0	1	1	0	0	0	0	98.5	85.1		PIRT	7.7	
TMEM101	sonnet_dual_triage	8	257	71	0	0	0	1	1	0	0	0	0	99.2	98.1				
TMEM102	sonnet_dual_triage	0	508	0	0	0	0	1	1	1	0	0	0	92.5	79.9	2.0			
TMEM106A	sonnet_dual_triage	1	262	147	0	0	1	1	1	1	0	1	0	95.0	66.4	2.0			1.0
TMEM106B	sonnet_dual_triage	1	274	157	0	0	1	1	1	0	0	1	0	99.3	96.0				1.0
TMEM114	sonnet_dual_triage	4	223	102	0	0	0	1	1	1	0	0	0	96.9	84.8	2.0	TMEM235	38.2	
TMEM116	sonnet_dual_triage	4	245	50	0	0	0	1	1	0	1	0	0	86.6	70.0		GPR157	25.0	
TMEM117	sonnet_dual_triage	8	514	155	0	0	0	1	1	0	0	0	0	99.8	95.9				
TMEM119	sonnet_dual_triage	1	283	71	1	1	0	1	1	0	0	0	0	93.6	67.5				
TMEM120A	sonnet_dual_triage	6	343	28	0	0	0	1	0	1	1	0	1		94.8	2.0	TMEM120B	57.1	
TMEM123	sonnet_dual_triage	1	208	142	1	1	0	1	1	0	0	0	0	82.7	50.0		CD164	30.8	
TMEM125	sonnet_dual_triage	4	219	20	0	0	0	1	1	0	0	0	0	58.9	84.9				
TMEM127	sonnet_dual_triage	4	238	73	0	0	0	1	1	0	0	0	0	98.7	98.7				
TMEM131L	sonnet_dual_triage	1	1609	834	1	1	0	1	1	0	0	1	0	96.8	77.0		TMEM131	26.9	5.0
TMEM132A	sonnet_dual_triage	1	1023	811	1	1	0	1	0	0	1	1	0		87.1		TMEM132E	35.2	3.0
TMEM132B	sonnet_dual_triage	1	1078	896	0	1	0	1	1	0	1	1	1	97.0	85.8		TMEM132C	53.1	4.0
TMEM132C	sonnet_dual_triage	1	1108	890	1	1	0	1	1	0	0	1	1	58.8	78.1		TMEM132D	61.7	4.0
TMEM132D	sonnet_dual_triage	1	1099	889	1	1	0	1	1	0	0	1	1	97.5	83.1		TMEM132C	62.1	2.0
TMEM132E	sonnet_dual_triage	1	1074	863	1	1	0	1	1	0	0	1	1	97.6	92.5		TMEM132C	43.8	1.0
TMEM139	sonnet_dual_triage	2	216	6	0	0	0	1	0	0	0	0	0		56.5				
TMEM140	sonnet_dual_triage	4	185	67	0	0	0	1	1	1	0	0	0	80.5	62.2	2.0			
TMEM150A	sonnet_dual_triage	6	271	69	0	0	0	1	1	0	1	0	0	99.3	91.5		TMEM150B	31.9	
TMEM150C	sonnet_dual_triage	6	249	54	0	0	0	1	1	1	1	0	0	99.6	96.0	2.0	TMEM150B	38.9	
TMEM151A	sonnet_dual_triage	2	468	31	0	0	0	1	0	0	0	0	0		97.4		TMEM151B	32.3	
TMEM151B	sonnet_dual_triage	2	566	26	0	0	0	1	0	0	0	0	0		93.3		TMEM151A	35.5	
TMEM154	sonnet_dual_triage	1	183	53	1	1	0	1	1	0	0	0	0	83.6	65.0				
TMEM156	sonnet_dual_triage	1	296	194	1	1	0	0	1	0	0	0	0	93.9					
TMEM158	sonnet_dual_triage	1	300	202	1	1	0	1	1	1	0	1	0	75.0	83.3	2.0			2.0
TMEM161B	sonnet_dual_triage	9	487	148	0	1	0	1	0	0	1	0	0		95.1		TMEM161A	37.8	
TMEM163	sonnet_dual_triage	6	289	24	0	0	0	1	1	0	1	0	0	92.4	91.0				
TMEM165	sonnet_dual_triage	6	324	85	1	1	1	1	1	0	0	0	0	83.3	91.4				
TMEM169	sonnet_dual_triage	4	297	2	0	0	0	1	1	0	0	0	0	97.0	87.9				
TMEM170B	sonnet_dual_triage	3	132	56	0	1	0	1	1	0	0	0	1	100.0	97.7		TMEM170A	47.0	
TMEM176A	sonnet_dual_triage	4	235	73	0	0	0	1	1	0	0	0	0	65.1	55.3		TMEM176B	28.8	
TMEM176B	sonnet_dual_triage	4	270	72	0	0	0	1	1	1	0	0	0	91.1	51.9	2.0	TMEM176A	26.0	
TMEM178B	sonnet_dual_triage	4	294	166	0	0	0	1	1	0	0	0	1	99.7	99.7		TMEM178A	44.0	
TMEM179	sonnet_dual_triage	4	233	90	0	0	0	1	1	0	1	0	0	99.6	93.6				
TMEM181	sonnet_dual_triage	8	475	189	0	0	0	1	1	0	0	0	0	97.3	91.6				
TMEM182	sonnet_dual_triage	4	229	115	0	0	0	1	1	0	1	1	0	98.3	89.1				1.0
TMEM184A	sonnet_dual_triage	7	413	102	0	1	0	1	1	0	0	0	0	91.5	83.3		TMEM184B	39.2	
TMEM184B	sonnet_dual_triage	7	407	91	0	1	0	1	0	0	0	0	0		96.1		TMEM184A	39.2	
TMEM184C	sonnet_dual_triage	8	438	64	0	0	0	1	1	0	1	0	0	98.9	78.5		TMEM184A	14.7	
TMEM187	sonnet_dual_triage	8	261	47	0	0	0	0	0	0	0	0	0						
TMEM191C	sonnet_dual_triage	1	302	41	0	0	1	0	1	0	0	0	1	91.4			TMEM191B	100.0	
TMEM192	sonnet_dual_triage	4	271	38	0	0	0	1	1	1	0	0	0	97.4	77.5	2.0			
TMEM198	sonnet_dual_triage	7	360	80	0	1	0	1	1	0	0	0	0	98.9	97.8				
TMEM200A	sonnet_dual_triage	2	491	42	0	0	0	1	1	0	0	0	0	98.2	90.6		TMEM200C	17.6	
TMEM200B	sonnet_dual_triage	2	307	39	0	0	0	1	1	0	0	0	0	88.6	84.4		TMEM200C	19.8	
TMEM200C	sonnet_dual_triage	2	621	91	0	0	0	1	0	0	0	0	0				TMEM200B	20.9	
TMEM202	sonnet_dual_triage	4	273	57	0	0	0	0	0	0	0	0	0				CLDND2	21.1	
TMEM204	sonnet_dual_triage	4	226	88	0	0	0	1	1	0	0	0	0	97.8	88.1				
TMEM205	sonnet_dual_triage	4	189	30	0	1	1	1	1	1	0	0	0	98.4	79.4	2.0			
TMEM207	sonnet_dual_triage	1	146	21	1	1	0	1	1	0	0	0	0	93.8	61.6				
TMEM210	sonnet_dual_triage	1	147	14	1	1	0	1	1	0	0	0	0	91.8	69.4				
TMEM212	sonnet_dual_triage	4	194	57	0	0	0	1	1	0	0	0	0	94.8	74.2		MS4A5	19.3	
TMEM213	sonnet_dual_triage	1	107	43	1	1	0	1	1	0	1	0	0	91.6	68.2				
TMEM215	sonnet_dual_triage	2	235	7	0	0	0	1	1	0	0	0	0	97.0	92.3				
TMEM217B	sonnet_dual_triage	4	170	44	0	0	0	0	0	0	0	0	0				TMEM217	19.1	
TMEM219	sonnet_dual_triage	2	240	161	0	0	0	1	1	0	0	1	0	98.8	83.8		TMEM248	23.2	1.0
TMEM220	sonnet_dual_triage	5	160	38	0	0	1	1	1	0	1	0	0	91.9	77.5				
TMEM225B	sonnet_dual_triage	4	221	60	0	0	0	0	0	0	0	0	0						
TMEM229A	sonnet_dual_triage	8	380	64	0	0	0	1	0	0	0	0	0		80.5		TMEM229B	18.8	
TMEM229B	sonnet_dual_triage	4	167	35	0	0	0	1	1	1	0	0	0	99.4	95.8	2.0	TMEM229A	23.4	
TMEM230	sonnet_dual_triage	2	120	12	0	0	0	1	1	0	0	0	0	100.0	96.7				
TMEM232	sonnet_dual_triage	0	657	0	0	0	0	1	1	0	0	0	0	95.0	65.8				
TMEM233	sonnet_dual_triage	3	109	11	0	0	1	1	1	0	0	0	0	97.2	86.2		PRRT1B	9.1	
TMEM234	sonnet_dual_triage	4	164	47	0	1	1	1	0	1	1	0	0		85.0	2.0			
TMEM236	sonnet_dual_triage	8	351	50	0	0	0	1	0	0	0	0	0		74.4				
TMEM237	sonnet_dual_triage	4	408	53	0	0	0	1	1	1	0	0	0	97.5	81.6	2.0			
TMEM243	sonnet_dual_triage	3	118	12	0	0	1	1	1	1	0	0	0	99.2	97.5	2.0			
TMEM244	sonnet_dual_triage	4	128	33	0	0	0	0	0	0	0	0	0				SYS1	20.6	
TMEM245	sonnet_dual_triage	16	879	228	0	0	0	1	1	0	1	1	0	97.8	91.5				2.0
TMEM248	sonnet_dual_triage	2	314	224	0	0	0	1	1	0	1	0	0	99.7	94.6		TMEM219	23.2	
TMEM25	sonnet_dual_triage	1	366	208	1	1	0	1	1	0	1	1	0	93.7	91.0		SIGLEC1	5.4	1.0
TMEM26	sonnet_dual_triage	8	368	86	0	0	0	1	1	1	1	0	0	94.8	69.3	2.0			
TMEM260	sonnet_dual_triage	11	707	451	0	0	1	1	1	0	1	0	0	98.2	82.3				
TMEM263	sonnet_dual_triage	0	116	0	0	0	0	1	0	0	0	0	0		96.6				
TMEM265	sonnet_dual_triage	1	108	9	0	0	1	0	0	0	0	0	0						
TMEM266	sonnet_dual_triage	4	523	22	0	0	0	1	1	1	0	0	1	91.8	88.7	2.0	TPTE	28.6	
TMEM267	sonnet_dual_triage	6	215	54	0	0	0	1	0	0	0	0	0		78.6				
TMEM268	sonnet_dual_triage	2	342	7	0	0	0	1	1	0	0	0	0	98.0	87.4				
TMEM269	sonnet_dual_triage	8	203	18	0	0	0	0	0	1	0	0	0			2.0			
TMEM270	sonnet_dual_triage	0	265	0	0	0	0	1	1	0	0	0	0	92.5	58.1				
TMEM273	sonnet_dual_triage	1	105	10	1	1	0	1	1	0	0	0	0	87.6	51.9				
TMEM275	sonnet_dual_triage	2	177	7	0	0	0	1	0	0	0	0	0		71.8				
TMEM278	sonnet_dual_triage	2	163	27	0	0	0	1	0	0	0	0	0		74.8				
TMEM31	sonnet_dual_triage	0	168	0	0	0	0	0	1	0	0	0	0	91.7					
TMEM35B	sonnet_dual_triage	4	154	43	0	0	0	1	0	0	0	0	0		65.6		TMEM35A	14.0	
TMEM37	sonnet_dual_triage	4	190	55	0	0	0	1	1	0	0	0	0	93.2	74.7				
TMEM40	sonnet_dual_triage	2	233	6	0	0	0	1	1	0	0	0	0	94.0	70.4				
TMEM42	sonnet_dual_triage	4	159	17	0	0	0	1	0	1	0	0	0		81.1	2.0			
TMEM44	sonnet_dual_triage	7	475	66	0	1	0	1	1	0	0	0	0	93.0	78.3		SLC66A1	24.5	
TMEM45A	sonnet_dual_triage	7	275	52	0	1	0	0	1	1	0	0	1	86.2		4.0	TMEM45B	49.1	
TMEM47	sonnet_dual_triage	4	181	53	0	0	0	1	1	0	0	0	0	100.0	98.9		PERP	20.0	
TMEM52	sonnet_dual_triage	1	209	23	1	1	0	1	0	0	0	0	0		67.9				
TMEM52B	sonnet_dual_triage	1	183	18	1	1	0	1	1	0	0	0	0	89.1	79.8				
TMEM54	sonnet_dual_triage	4	222	67	0	0	0	1	1	0	0	0	1	88.3	74.8		KRTCAP3	49.3	
TMEM59	sonnet_dual_triage	1	323	204	1	1	0	1	1	0	0	0	0	98.8	94.1		TMEM59L	32.1	
TMEM59L	sonnet_dual_triage	1	342	243	1	1	0	1	0	0	0	0	0		72.5		TMEM59	32.1	
TMEM61	sonnet_dual_triage	2	210	30	0	0	0	0	1	0	0	0	0	91.9					
TMEM62	sonnet_dual_triage	5	643	429	1	1	0	1	1	0	0	1	0	97.7	83.2				2.0
TMEM63A	sonnet_dual_triage	11	807	140	0	1	0	1	0	0	0	0	1		89.6		TMEM63B	60.0	
TMEM63B	sonnet_dual_triage	11	832	120	1	1	0	1	1	0	1	0	1	99.8	98.2		TMEM63A	54.3	
TMEM63C	sonnet_dual_triage	11	806	143	0	1	0	1	1	0	0	0	1	98.3	83.5		TMEM63B	53.1	
TMEM67	sonnet_dual_triage	7	995	527	1	1	0	1	1	0	0	0	0	93.0	85.0				
TMEM72	sonnet_dual_triage	4	275	21	0	0	0	1	1	0	1	0	0	97.8	84.4				
TMEM74	sonnet_dual_triage	2	305	33	0	0	0	1	1	0	0	0	1	97.4	77.0		TMEM74B	72.7	
TMEM80	sonnet_dual_triage	4	143	18	0	0	0	1	1	0	0	0	0	90.2	62.9		TMEM216	33.3	
TMEM81	sonnet_dual_triage	1	255	202	1	1	0	1	0	0	0	0	0		71.8				
TMEM82	sonnet_dual_triage	9	343	58	0	1	0	1	1	0	0	0	0	89.5	79.6				
TMEM87A	sonnet_dual_triage	7	555	261	1	1	0	1	0	0	1	1	0		92.6		TMEM87B	32.6	2.0
TMEM88	sonnet_dual_triage	2	159	28	0	0	0	1	1	0	0	0	0	97.5	88.7				
TMEM8B	sonnet_dual_triage	7	472	256	0	1	0	1	1	1	1	0	0	98.7	92.0	2.0	MYMK	7.4	
TMEM95	sonnet_dual_triage	1	176	127	1	1	0	1	1	0	1	1	0	95.5	65.3				2.0
TMEM97	sonnet_dual_triage	4	176	57	0	0	0	1	1	1	0	0	0	79.5	82.4	2.0			
TMEM98	sonnet_dual_triage	1	226	4	0	1	0	1	1	1	0	0	0	100.0	98.7	2.0			
TMIE	sonnet_dual_triage	1	156	31	1	1	0	1	1	0	0	0	0	84.0	91.7				
TMIGD1	sonnet_dual_triage	1	262	195	1	1	0	1	1	0	1	1	0	93.1	73.3				2.0
TMIGD2	sonnet_dual_triage	1	282	127	1	1	0	0	1	0	0	1	0	84.5					2.0
TMIGD3	sonnet_dual_triage	1	266	212	0	1	0	0	1	0	1	0	0	94.8			CD300LF	21.2	
TMPPE	sonnet_dual_triage	5	453	305	0	0	1	1	1	0	1	0	0	98.0	84.8				
TMPRSS11A	sonnet_dual_triage	1	418	379	0	0	1	1	1	0	0	0	1	93.5	64.8		TMPRSS11F	44.9	
TMPRSS11B	sonnet_dual_triage	1	416	378	0	0	1	0	1	0	0	1	1	93.3			TMPRSS11F	39.7	1.0
TMPRSS11D	sonnet_dual_triage	1	418	378	0	0	1	1	1	0	0	0	1	92.6	66.5		TMPRSS11F	43.3	
TMPRSS11E	sonnet_dual_triage	1	423	383	0	0	1	1	1	0	0	0	1	95.3	75.7		TMPRSS11F	45.6	
TMPRSS11F	sonnet_dual_triage	1	438	390	0	0	1	1	1	0	0	0	1	96.1	87.0		TMPRSS11A	44.9	
TMPRSS12	sonnet_dual_triage	0	348	330	1	1	1	1	1	0	0	0	0	92.0	58.3		OVCH1	11.5	
TMPRSS13	sonnet_dual_triage	1	586	400	0	0	1	1	1	0	1	1	0	95.6	82.2		TMPRSS9	15.0	1.0
TMPRSS15	sonnet_dual_triage	1	1019	980	0	0	1	1	0	0	0	1	0		75.1		HPN	15.4	5.0
TMPRSS2	sonnet_dual_triage	1	492	387	0	0	1	1	1	0	0	0	1	87.4	78.0		TMPRSS3	47.3	
TMPRSS3	sonnet_dual_triage	1	454	385	0	0	1	1	1	0	1	0	1	97.1	89.0		TMPRSS2	47.3	
TMPRSS4	sonnet_dual_triage	1	437	384	0	0	1	1	0	0	1	0	0		76.4		KLK11	26.8	
TMPRSS5	sonnet_dual_triage	1	457	388	0	0	1	1	0	0	0	1	0		78.3		TMPRSS6	22.6	1.0
TMPRSS6	sonnet_dual_triage	1	811	736	0	0	1	1	1	0	0	1	0	91.9	83.5		TMPRSS5	22.6	1.0
TMPRSS7	sonnet_dual_triage	1	843	746	0	0	1	1	1	0	1	0	0	97.2	88.0		PRSS41	16.8	
TMPRSS9	sonnet_dual_triage	1	1059	1009	0	0	1	1	0	0	0	0	0		79.7		PRSS21	13.5	
TMX1	sonnet_dual_triage	1	280	156	1	1	0	1	1	0	0	0	1	98.2	77.1		TMX4	47.0	
TMX2	sonnet_dual_triage	4	296	27	0	0	0	1	1	0	1	0	0	98.3	92.6				
TNC	sonnet_dual_triage	0	2201	2179	1	1	1	1	1	0	0	0	0	97.3	84.1		MFAP4	5.4	
TNF	sonnet_dual_triage	1	233	182	0	0	1	1	1	1	0	0	0	76.8	79.4	3.0	LTA	32.4	
TNFAIP6	sonnet_dual_triage	0	277	260	1	1	1	1	1	0	0	0	0	97.1	90.3		STAB1	3.7	
TNFAIP8	sonnet_dual_triage	0	198	0	0	0	0	1	1	0	0	0	0	94.4	89.4				
TNFRSF10A	sonnet_dual_triage	1	468	226	1	1	0	0	1	0	0	0	1	84.6			TNFRSF10B	46.5	
TNFRSF10B	sonnet_dual_triage	1	440	160	1	1	0	0	1	0	1	0	1	83.9			TNFRSF10D	54.4	
TNFRSF10C	sonnet_dual_triage	1	259	218	1	1	0	0	0	0	0	0	1				TNFRSF10D	56.9	
TNFRSF10D	sonnet_dual_triage	1	386	157	1	1	0	0	0	0	0	1	1				TNFRSF10C	48.6	1.0
TNFRSF11A	sonnet_dual_triage	1	616	183	1	1	0	1	1	0	1	1	0	75.3	68.0		CD40	37.7	1.0
TNFRSF12A	sonnet_dual_triage	1	129	53	1	1	0	1	1	0	0	0	0	72.1	81.4				
TNFRSF13B	sonnet_dual_triage	1	293	162	0	1	0	0	1	0	1	1	0	95.6					1.0
TNFRSF13C	sonnet_dual_triage	1	184	80	0	1	0	0	1	0	0	0	0	75.5			TNFRSF17	21.2	
TNFRSF14	sonnet_dual_triage	1	283	166	1	1	0	0	0	0	0	1	0				TNFRSF6B	23.2	1.0
TNFRSF17	sonnet_dual_triage	1	184	53	0	1	0	1	1	0	1	1	0	91.3	64.7		TNFRSF13C	20.0	1.0
TNFRSF18	sonnet_dual_triage	1	241	140	1	1	0	0	1	0	1	1	0	74.3			TNFRSF1B	21.6	1.0
TNFRSF19	sonnet_dual_triage	1	423	141	1	1	0	1	1	0	0	1	1	92.3	70.7		EDA2R	48.9	1.0
TNFRSF1A	sonnet_dual_triage	1	455	183	1	1	0	1	1	1	1	1	0	89.9	63.1	2.0	LTBR	30.3	1.0
TNFRSF1B	sonnet_dual_triage	1	461	241	1	1	0	1	1	0	1	1	0	96.1	62.5		TNFRSF18	21.6	2.0
TNFRSF21	sonnet_dual_triage	1	655	308	1	1	0	1	1	0	0	1	0	98.8	89.0		TNFRSF9	19.8	3.0
TNFRSF25	sonnet_dual_triage	1	417	176	1	1	0	1	1	0	1	0	0	89.0	64.0		TNFRSF18	25.6	
TNFRSF4	sonnet_dual_triage	1	277	188	1	1	0	1	1	0	0	1	1	82.7	61.4		TNFRSF1B	27.8	1.0
TNFRSF6B	sonnet_dual_triage	0	300	271	1	1	1	0	0	0	0	0	0				RELT	29.5	
TNFRSF8	sonnet_dual_triage	1	595	368	1	1	0	0	1	0	1	1	0	90.4			RELT	22.0	2.0
TNFRSF9	sonnet_dual_triage	1	255	164	1	1	0	1	1	0	0	1	0	66.3	57.6		TNFRSF21	20.1	3.0
TNFSF10	sonnet_dual_triage	1	281	244	0	0	1	1	1	1	0	0	0	96.1	64.4	3.0	TNFSF15	29.1	
TNFSF11	sonnet_dual_triage	1	317	249	0	0	1	1	1	1	1	1	0	98.1	83.3	3.0	TNFSF14	24.5	2.0
TNFSF12	sonnet_dual_triage	1	249	207	0	0	1	1	1	1	0	0	0	95.6	89.2	3.0	TNFSF13	25.1	
TNFSF13	sonnet_dual_triage	1	250	201	0	0	1	1	1	1	1	0	0	89.6	79.6	3.0	TNFSF13B	31.2	
TNFSF13B	sonnet_dual_triage	1	285	218	0	0	1	1	1	1	0	1	0	95.8	67.0	3.0	TNFSF13	31.2	2.0
TNFSF14	sonnet_dual_triage	1	240	182	0	0	1	1	1	1	1	0	0	94.6	77.1	3.0	LTB	30.8	
TNFSF15	sonnet_dual_triage	1	251	195	0	0	1	1	1	1	1	1	0	97.6	66.5	3.0	TNFSF10	29.1	1.0
TNFSF18	sonnet_dual_triage	1	177	128	0	0	1	1	1	0	0	0	0	97.2	50.3				
TNFSF4	sonnet_dual_triage	1	183	138	0	0	1	0	1	1	1	1	0	98.9		3.0			1.0
TNFSF8	sonnet_dual_triage	1	234	173	0	0	1	1	1	1	0	1	0	96.6	71.4	2.0			1.0
TNFSF9	sonnet_dual_triage	1	254	204	0	0	1	0	0	0	0	0	0						
TNMD	sonnet_dual_triage	1	317	268	0	0	1	1	1	0	1	0	0	99.4	96.2		CNMD	39.6	
TOMM40	sonnet_dual_triage	0	361	134	1	0	0	1	1	0	0	0	0	98.9	93.1				
TPBG	sonnet_dual_triage	1	420	323	1	1	0	1	1	0	0	1	0	96.4	83.6				1.0
TPBGL	sonnet_dual_triage	1	382	281	1	1	0	1	0	0	0	1	0		85.6		SLIT3	6.4	1.0
TPCN2	sonnet_dual_triage	12	752	173	0	0	0	1	1	1	0	0	0	86.7	73.0	2.0	TPCN1	28.3	
TPO	sonnet_dual_triage	1	933	831	1	1	0	1	0	0	1	1	0		72.9		EPX	38.0	1.0
TPP1	sonnet_dual_triage	0	563	544	1	1	1	1	1	0	0	0	0	98.0	88.3				
TPRA1	sonnet_dual_triage	7	373	95	0	1	0	1	1	0	1	0	0	63.5	91.4				
TPSAB1	sonnet_dual_triage	0	275	257	1	1	1	0	0	0	0	0	1				TPSB2	98.8	
TPSB2	sonnet_dual_triage	0	275	257	1	1	1	0	0	0	0	0	1				TPSAB1	98.8	
TPSG1	sonnet_dual_triage	1	321	264	1	1	0	1	1	0	0	1	1	90.3	69.8		TPSB2	47.3	2.0
TPT1	sonnet_dual_triage	0	172	0	0	0	0	0	0	0	0	0	0						
TPTE	sonnet_dual_triage	4	551	28	0	0	0	0	0	0	1	0	1				TPTE2	96.4	
TPTE2	sonnet_dual_triage	4	522	26	0	0	0	0	0	0	1	0	1				TPTE	92.9	
TRA	sonnet_dual_triage	1	268	222	1	1	0	0	0	1	0	0	0			2.0			
TRABD2A	sonnet_dual_triage	0	505	485	1	1	1	0	1	0	0	1	1	94.5			TRABD2B	61.8	1.0
TRABD2B	sonnet_dual_triage	0	517	498	1	1	1	1	1	0	0	1	1	82.6	90.1		TRABD2A	61.8	1.0
TRARG1	sonnet_dual_triage	3	177	8	0	0	1	1	1	0	0	0	1	91.0	74.0		PRRT1B	0.0	
TRAT1	sonnet_dual_triage	1	186	9	0	1	0	1	1	0	0	0	0	93.0	69.9				
TRB	sonnet_dual_triage	1	310	257	1	1	0	0	0	1	0	0	0			2.0			
TREH	sonnet_dual_triage	0	583	564	1	1	1	1	1	0	0	1	0	87.5	81.3				2.0
TREM1	sonnet_dual_triage	1	234	186	1	1	0	0	1	0	1	1	0	82.5					1.0
TREM2	sonnet_dual_triage	1	230	156	1	1	0	1	1	0	1	1	0	96.5	68.3		PIGR	9.2	1.0
TREML1	sonnet_dual_triage	1	311	147	1	1	0	1	1	0	0	0	0	96.5	67.8		FCAMR	10.9	
TREML2	sonnet_dual_triage	1	321	250	1	1	0	1	1	0	0	1	0	91.0	52.0		TREML4	22.8	1.0
TREML4	sonnet_dual_triage	0	200	180	1	1	1	0	0	0	0	0	1				NCR2	42.2	
TRHDE	sonnet_dual_triage	1	1069	963	0	0	1	1	1	0	0	1	0	98.5	95.0		ANPEP	34.7	4.0
TRHR	sonnet_dual_triage	7	398	78	0	1	0	1	1	0	0	0	0	99.2	93.2		GPR37	6.9	
TRIL	sonnet_dual_triage	1	811	674	1	1	0	1	1	0	0	1	0	96.3	88.2		LRRC26	15.7	4.0
TRIM72	sonnet_dual_triage	0	477	0	0	0	0	1	1	1	0	0	0	69.4	91.2	2.0			
TRO	sonnet_dual_triage	0	1431	0	0	0	0	0	1	0	0	0	0	94.4					
TRPA1	sonnet_dual_triage	6	1119	69	0	0	0	1	1	0	0	0	0	97.1	79.8				
TRPC1	sonnet_dual_triage	8	793	105	0	0	0	1	1	1	0	0	0	100.0	99.7	4.0	TRPC4	36.1	
TRPC3	sonnet_dual_triage	8	921	124	0	0	0	1	1	0	0	0	1	99.1	93.4		TRPC7	79.1	
TRPC4	sonnet_dual_triage	8	977	108	0	0	0	1	1	1	1	0	1	99.5	96.9	4.0	TRPC5	79.3	
TRPC5	sonnet_dual_triage	8	973	111	0	0	0	1	1	1	0	0	1	99.7	96.9	4.0	TRPC4	79.3	
TRPC6	sonnet_dual_triage	8	931	123	0	0	0	1	1	0	1	0	1	98.9	93.6		TRPC7	64.3	
TRPC7	sonnet_dual_triage	8	862	129	0	0	0	1	1	1	1	0	1	99.0	98.1	4.0	TRPC3	80.6	
TRPM1	sonnet_dual_triage	6	1603	88	0	0	0	1	1	0	1	0	1	98.2	86.6		TRPM3	68.2	
TRPM2	sonnet_dual_triage	8	1503	95	0	0	0	1	1	0	1	0	1	95.5	85.3		TRPM1	33.7	
TRPM3	sonnet_dual_triage	6	1732	81	0	0	0	1	1	0	1	0	1	95.4	97.4		TRPM1	65.9	
TRPM4	sonnet_dual_triage	6	1214	87	0	0	0	1	0	0	1	0	1		82.5		TRPM5	47.1	
TRPM5	sonnet_dual_triage	6	1165	82	0	0	0	1	1	1	1	0	1	91.1	84.1	4.0	TRPM4	49.4	
TRPM6	sonnet_dual_triage	6	2022	69	0	0	0	1	1	0	1	0	1	95.9	78.2		TRPM7	59.2	
TRPM7	sonnet_dual_triage	6	1865	76	0	0	0	1	1	0	0	0	1	99.1	94.3		TRPM6	55.3	
TRPM8	sonnet_dual_triage	6	1104	95	0	0	0	1	1	0	1	0	1	98.7	93.7		TRPM5	34.7	
TRPV1	sonnet_dual_triage	6	839	81	0	0	0	1	1	1	0	0	0	96.9	86.9	4.0	TRPV3	32.1	
TRPV2	sonnet_dual_triage	6	764	88	0	0	0	1	1	1	0	0	0	94.2	80.6	4.0	TRPV3	21.6	
TRPV3	sonnet_dual_triage	6	790	68	0	0	0	1	1	1	0	0	0	97.2	93.2	4.0	TRPV4	34.6	
TRPV4	sonnet_dual_triage	6	871	78	0	0	0	1	1	0	0	0	0	99.3	95.3		TRPV3	34.6	
TRPV5	sonnet_dual_triage	6	729	87	0	0	0	1	0	1	1	1	1		80.5	4.0	TRPV6	73.6	1.0
TRPV6	sonnet_dual_triage	6	765	87	0	0	0	1	0	1	0	0	1		88.9	4.0	TRPV5	73.6	
TSHR	sonnet_dual_triage	7	764	455	1	1	0	1	1	0	1	0	1	97.1	86.8		LHCGR	41.8	
TSKU	sonnet_dual_triage	0	353	339	1	1	1	1	1	0	0	0	0	96.9	84.7		LRRC32	23.1	
TSPAN1	sonnet_dual_triage	4	241	123	0	0	0	1	1	0	0	1	0	93.4	73.4		TSPAN6	30.9	1.0
TSPAN10	sonnet_dual_triage	4	355	134	0	0	0	1	1	0	0	0	0	87.3	59.4		TSPAN5	39.9	
TSPAN11	sonnet_dual_triage	4	253	123	0	0	0	1	1	0	0	1	1	86.6	87.4		CD151	60.2	1.0
TSPAN12	sonnet_dual_triage	4	305	133	0	0	0	1	1	0	1	0	0	99.3	98.0		CD82	29.9	
TSPAN13	sonnet_dual_triage	4	204	76	0	0	0	1	0	0	0	1	0		95.6		CD82	21.2	1.0
TSPAN14	sonnet_dual_triage	4	270	136	0	0	0	1	1	0	1	1	1	100.0	97.4		TSPAN17	56.5	1.0
TSPAN15	sonnet_dual_triage	4	294	131	0	0	0	1	1	0	0	1	0	65.0	91.8		TSPAN33	37.4	1.0
TSPAN16	sonnet_dual_triage	4	245	127	0	0	0	0	1	0	1	0	0	57.0			TSPAN1	31.5	
TSPAN17	sonnet_dual_triage	4	270	138	0	0	0	1	1	0	1	1	1	98.2	79.0		TSPAN5	79.7	1.0
TSPAN18	sonnet_dual_triage	4	248	123	0	0	0	1	1	0	0	1	0	100.0	90.7		UPK1B	31.2	1.0
TSPAN19	sonnet_dual_triage	4	248	124	0	0	0	0	0	0	0	0	0				CD53	25.8	
TSPAN2	sonnet_dual_triage	4	221	94	0	0	0	1	1	0	1	0	0	100.0	93.7		TSPAN16	21.3	
TSPAN3	sonnet_dual_triage	4	253	124	0	0	0	1	1	0	1	1	0	99.6	97.2		TSPAN7	35.5	1.0
TSPAN31	sonnet_dual_triage	4	210	84	0	0	0	1	1	0	0	1	0	99.5	88.1		CD82	19.0	1.0
TSPAN32	sonnet_dual_triage	4	320	107	0	0	0	1	0	0	1	0	0		50.6		CD37	21.5	
TSPAN33	sonnet_dual_triage	4	283	131	0	0	0	1	1	0	0	1	1	98.6	96.8		TSPAN17	42.0	1.0
TSPAN4	sonnet_dual_triage	4	238	113	0	0	0	1	1	0	0	0	1	99.2	93.7		TSPAN9	55.3	
TSPAN5	sonnet_dual_triage	4	268	138	0	0	0	1	1	0	0	1	1	100.0	100.0		TSPAN17	79.7	1.0
TSPAN6	sonnet_dual_triage	4	245	114	0	0	0	1	1	0	0	1	1	97.6	93.1		TSPAN7	46.2	1.0
TSPAN7	sonnet_dual_triage	4	249	119	0	0	0	1	1	0	0	1	1	99.2	98.4		TSPAN6	44.5	1.0
TSPAN8	sonnet_dual_triage	4	237	120	0	0	0	1	1	0	0	1	0	81.4	70.0		TSPAN11	29.3	1.0
TSPAN9	sonnet_dual_triage	4	239	114	0	0	0	1	0	0	0	1	1		97.1		TSPAN4	55.3	1.0
TSPEAR	sonnet_dual_triage	0	669	652	1	1	1	1	1	0	0	0	0	82.8	81.9				
TSPO	sonnet_dual_triage	5	169	24	0	1	0	1	1	0	0	0	0	98.2	81.1				
TSPO2	sonnet_dual_triage	5	170	20	0	1	0	1	1	0	1	0	0	96.5	65.3		TSPO	20.8	
TTLL12	sonnet_dual_triage	0	644	0	0	0	0	1	1	0	0	0	0	96.7	85.1				
TTYH1	sonnet_dual_triage	5	450	276	0	1	0	1	1	1	1	1	1	77.3	88.9	2.0	TTYH3	42.0	1.0
TTYH2	sonnet_dual_triage	5	534	276	0	1	0	1	1	1	1	1	1	96.6	82.6	2.0	TTYH1	40.2	2.0
TTYH3	sonnet_dual_triage	5	523	276	0	1	0	1	0	0	1	1	1		94.8		TTYH1	42.4	1.0
TUB	sonnet_dual_triage	0	506	0	0	0	0	1	1	0	0	0	0	96.6	95.5				
TXN	sonnet_dual_triage	0	105	0	0	0	0	1	0	0	0	0	0		87.6				
TYR	sonnet_dual_triage	1	529	455	1	1	0	1	1	0	1	0	1	96.0	86.4		TYRP1	43.7	
TYRO3	sonnet_dual_triage	1	890	391	1	1	0	1	1	0	0	1	0	98.9	88.7		ROS1	8.8	3.0
TYROBP	sonnet_dual_triage	1	113	17	1	1	0	1	0	0	0	0	0		73.5				
TYRP1	sonnet_dual_triage	1	537	453	1	1	0	1	1	0	0	0	1	97.4	85.3		DCT	53.0	
UAP1	sonnet_dual_triage	0	522	0	0	0	0	1	1	1	0	0	0	83.5	93.5	2.0			
UGT1A8	sonnet_dual_triage	1	530	460	1	1	0	0	0	1	1	0	1			2.0	UGT1A7	95.2	
ULBP1	sonnet_dual_triage	0	244	219	1	1	1	0	0	0	0	0	1				RAET1G	58.0	
ULBP2	sonnet_dual_triage	0	246	221	1	1	1	0	0	0	0	0	1				RAET1L	96.4	
ULBP3	sonnet_dual_triage	0	244	215	1	1	1	0	1	0	0	0	1	82.0			RAET1G	54.9	
UMOD	sonnet_dual_triage	0	640	617	1	1	1	1	1	0	0	1	1	68.3	75.5		GP2	45.1	5.0
UMODL1	sonnet_dual_triage	1	1318	1251	1	1	0	1	1	0	0	1	0	91.0	62.5		TECTB	9.4	6.0
UNC5A	sonnet_dual_triage	1	842	279	1	1	0	1	1	0	1	0	1	97.0	96.7		UNC5C	53.0	
UNC5B	sonnet_dual_triage	1	945	351	1	1	0	1	1	0	0	1	1	98.5	92.4		UNC5C	75.8	3.0
UNC5C	sonnet_dual_triage	1	931	345	1	1	0	1	1	0	0	1	1	99.6	97.1		UNC5B	75.2	3.0
UNC5D	sonnet_dual_triage	1	953	349	1	1	0	1	1	0	0	1	1	99.3	96.3		UNC5B	66.4	2.0
UNC93A	sonnet_dual_triage	12	457	85	0	0	0	0	1	0	0	0	0	81.6			UNC93B1	21.6	
UNC93B1	sonnet_dual_triage	12	597	102	0	0	0	1	1	0	0	0	0	90.6	90.8		UNC93A	26.5	
UPK1A	sonnet_dual_triage	4	258	136	0	0	0	1	1	0	1	0	0	57.4	92.6		UPK1B	37.0	
UPK1B	sonnet_dual_triage	4	260	138	0	0	0	1	1	0	0	1	0	99.2	90.8		UPK1A	37.0	1.0
UPK2	sonnet_dual_triage	1	184	133	1	1	0	1	1	0	0	1	0	94.0	87.0				1.0
UPK3A	sonnet_dual_triage	1	287	190	1	1	0	1	1	0	0	1	0	94.1	83.6		UPK3B	17.1	2.0
UPK3B	sonnet_dual_triage	0	320	293	1	1	1	1	1	0	1	1	0	92.8	78.3		UPK3BL1	27.6	1.0
UPK3BL1	sonnet_dual_triage	1	263	171	1	1	0	0	0	0	0	1	1				UPK3BL2	100.0	1.0
UPK3BL2	sonnet_dual_triage	1	263	171	1	1	0	0	0	0	0	0	1				UPK3BL1	100.0	
USH2A	sonnet_dual_triage	1	5202	5008	1	1	0	1	1	0	1	1	0	95.8	71.3		TMEFF1	3.3	7.0
USP12	sonnet_dual_triage	0	370	0	0	0	0	1	1	0	0	0	0	100.0	98.4				
USP6NL	sonnet_dual_triage	0	828	0	0	0	0	1	0	0	0	0	0		82.1				
UTS2B	sonnet_dual_triage	0	119	91	1	1	1	0	1	0	0	0	0	84.0					
UTS2R	sonnet_dual_triage	7	389	102	0	1	0	0	0	0	0	0	0				LTB4R2	28.4	
VAMP4	sonnet_dual_triage	1	141	4	0	0	1	1	1	0	0	0	0	100.0	97.2		VAMP1	25.0	
VAMP5	sonnet_dual_triage	1	116	25	0	0	1	1	1	0	0	0	0	83.6	63.8		VAMP4	8.0	
VAMP7	sonnet_dual_triage	1	220	15	0	0	1	0	1	0	1	0	0	100.0			VAMP8	13.3	
VANGL1	sonnet_dual_triage	4	524	30	0	0	0	1	1	1	0	0	1	99.0	95.4	3.0	VANGL2	80.0	
VANGL2	sonnet_dual_triage	4	521	30	0	0	0	1	1	1	0	0	1	99.8	99.4	3.0	VANGL1	80.0	
VAPA	sonnet_dual_triage	1	249	1	0	0	1	1	1	1	0	0	1	99.6	97.2	2.0	VAPB	50.0	
VAPB	sonnet_dual_triage	1	243	2	0	0	1	1	1	1	1	0	1	100.0	90.1	2.0	VAPA	50.0	
VASH1	sonnet_dual_triage	0	365	0	0	0	0	1	1	0	0	0	0	81.1	93.2				
VASN	sonnet_dual_triage	1	673	552	1	1	0	1	0	0	0	1	0		83.5		LRRC3C	14.3	2.0
VCAM1	sonnet_dual_triage	1	739	674	1	1	0	1	1	0	0	1	0	94.0	75.8		HMCN2	6.0	4.0
VDAC1	sonnet_dual_triage	0	283	61	1	0	0	1	0	0	0	0	1		98.6				
VDAC2	sonnet_dual_triage	0	294	0	0	0	0	1	1	0	0	0	0	96.6	93.5				
VEGFB	sonnet_dual_triage	0	207	188	1	1	1	1	1	1	0	0	0	86.0	62.3	2.0	VEGFC	16.5	
VIM	sonnet_dual_triage	0	466	0	0	0	0	1	1	1	0	0	0	99.4	97.4	2.0			
VIPR1	sonnet_dual_triage	7	457	157	1	1	0	1	1	0	1	0	0	88.2	84.7		ADGRG4	2.4	
VIPR2	sonnet_dual_triage	7	438	141	1	1	0	1	1	0	0	0	0	97.9	86.1		ADCYAP1R1	38.3	
VLDLR	sonnet_dual_triage	1	873	774	1	1	0	1	1	0	0	1	1	98.6	96.0		LDLR	51.3	2.0
VMO1	sonnet_dual_triage	0	202	178	1	1	1	1	1	0	0	0	0	89.6	70.8				
VN1R1	sonnet_dual_triage	7	353	114	0	1	0	0	0	0	0	0	0				VN1R4	28.1	
VN1R2	sonnet_dual_triage	7	395	144	0	1	0	0	0	0	0	0	0				VN1R4	19.4	
VN1R3	sonnet_dual_triage	7	311	56	0	1	0	0	0	0	0	0	0						
VN1R4	sonnet_dual_triage	7	301	63	0	1	0	0	0	0	0	0	0				VN1R2	21.5	
VN1R5	sonnet_dual_triage	7	357	162	0	1	0	0	0	0	0	0	0				VN1R4	19.1	
VNN1	sonnet_dual_triage	0	513	492	1	1	1	1	1	0	0	1	1	93.4	74.3		VNN2	64.1	2.0
VNN2	sonnet_dual_triage	0	520	498	1	1	1	0	1	0	0	1	1	83.7			VNN1	64.1	2.0
VPREB1	sonnet_dual_triage	0	145	126	1	1	1	0	1	0	0	0	0	92.4			VPREB3	38.9	
VPREB3	sonnet_dual_triage	0	123	100	1	1	1	1	1	0	0	0	0	96.7	66.7		VPREB1	36.5	
VSIG1	sonnet_dual_triage	1	387	214	1	1	0	1	1	1	0	1	0	95.6	69.8	2.0	VSIG2	34.9	1.0
VSIG10	sonnet_dual_triage	1	540	383	1	1	0	1	1	0	0	1	0	91.1	67.4		HMCN2	3.5	1.0
VSIG10L2	sonnet_dual_triage	1	767	675	1	1	0	1	1	0	0	0	0	92.6	72.8				
VSIG2	sonnet_dual_triage	1	327	218	1	1	0	1	1	1	0	1	0	96.9	82.0	2.0	VSIG1	34.9	1.0
VSIG4	sonnet_dual_triage	1	399	267	1	1	0	0	1	0	0	0	0	93.5					
VSIG8	sonnet_dual_triage	1	414	242	1	1	0	1	1	0	0	0	0	90.1	86.7		CXADR	33.5	
VSIR	sonnet_dual_triage	1	311	163	1	1	0	1	1	0	0	0	0	75.2	75.9		VSIG8	21.9	
VSNL1	sonnet_dual_triage	0	191	0	0	0	0	1	1	0	0	0	0	100.0	100.0				
VSTM1	sonnet_dual_triage	1	236	119	1	1	0	0	0	0	1	1	0				TARM1	24.7	1.0
VSTM2A	sonnet_dual_triage	0	236	212	1	1	1	1	1	0	0	0	0	96.2	80.0		IGSF3	7.1	
VSTM2B	sonnet_dual_triage	0	285	257	1	1	1	1	1	0	0	0	0	96.1	89.5		F11R	24.5	
VSTM2L	sonnet_dual_triage	0	204	180	1	1	1	1	1	0	0	0	0	62.7	94.1		NPTN	18.1	
VSTM4	sonnet_dual_triage	1	320	155	1	1	0	1	1	0	1	1	0	96.9	87.5		IGSF3	4.6	1.0
VSTM5	sonnet_dual_triage	1	200	114	1	1	0	1	1	0	0	1	0	99.5	77.0		CEACAM5	7.0	1.0
VTCN1	sonnet_dual_triage	1	282	253	0	0	1	1	1	0	1	1	0	95.4	87.6		ERMAP	34.0	3.0
VWA5B1	sonnet_dual_triage	0	1220	0	0	0	0	1	1	0	0	0	0	94.8	72.8				
VWC2L	sonnet_dual_triage	0	222	201	1	1	1	1	1	0	0	0	0	100.0	98.6		MUC5AC	2.1	
VWDE	sonnet_dual_triage	0	1590	1570	1	1	1	0	1	0	0	0	0	88.4			EFEMP2	9.9	
VWF	sonnet_dual_triage	0	2813	2791	1	1	1	1	1	0	0	0	0	96.1	83.4		VWC2L	3.7	
VXN	sonnet_dual_triage	0	207	0	0	0	0	1	0	0	0	0	0		82.6				
WARS1	sonnet_dual_triage	0	471	0	0	0	0	1	1	1	0	0	0	96.8	90.2	2.0			
WBP1L	sonnet_dual_triage	1	342	41	0	1	0	1	1	0	0	0	0	98.9	88.4		WBP1	38.2	
WFDC1	sonnet_dual_triage	0	220	189	1	1	1	1	1	0	0	0	0	94.5	79.5				
WFDC11	sonnet_dual_triage	0	87	62	1	1	1	0	1	0	0	0	0	88.5			WFDC9	36.4	
WFDC3	sonnet_dual_triage	0	231	207	1	1	1	0	1	0	0	0	0	96.1			WFDC12	17.9	
WFDC5	sonnet_dual_triage	0	224	200	1	1	1	1	1	0	0	0	0	95.9	67.5		WFDC12	17.0	
WFDC8	sonnet_dual_triage	0	241	203	1	1	1	0	1	0	0	0	0	82.2			EPPIN	20.2	
WFS1	sonnet_dual_triage	11	890	309	0	0	1	1	1	0	0	0	0	98.2	86.9				
WLS	sonnet_dual_triage	8	541	257	0	0	0	1	1	0	0	0	0	93.0	96.1				
WNT1	sonnet_dual_triage	0	370	343	1	1	1	1	1	0	0	0	1	99.7	98.9		WNT6	46.4	
WNT2B	sonnet_dual_triage	0	391	333	1	1	1	1	1	0	0	0	1	76.5	94.9		WNT2	70.1	
WNT3	sonnet_dual_triage	0	355	334	1	1	1	1	1	0	0	0	1	100.0	98.9		WNT3A	87.1	
WNT7A	sonnet_dual_triage	0	349	318	1	1	1	1	1	0	0	0	1	99.7	99.4		WNT7B	80.2	
WNT7B	sonnet_dual_triage	0	349	323	1	1	1	1	1	0	0	0	1	83.4	74.5		WNT7A	81.7	
WWOX	sonnet_dual_triage	0	414	0	0	0	0	1	1	0	0	0	0	98.1	93.7				
XCR1	sonnet_dual_triage	7	333	76	0	1	0	1	1	0	0	0	0	96.4	69.1		ACKR2	27.6	
XDH	sonnet_dual_triage	0	1333	0	0	0	0	1	1	0	0	0	0	97.2	89.3				
XG	sonnet_dual_triage	1	180	121	1	1	0	0	1	0	0	0	0	86.2					
XK	sonnet_dual_triage	12	444	48	0	0	0	1	1	0	0	0	0	98.4	82.4		XKRX	34.0	
XKR3	sonnet_dual_triage	12	459	44	0	0	0	0	1	0	0	0	1	78.2			XKRX	54.0	
XKR4	sonnet_dual_triage	10	650	39	0	0	0	1	1	0	0	0	1	98.6	95.5		XKR6	51.2	
XKR5	sonnet_dual_triage	12	686	38	0	0	0	1	1	0	1	0	0	93.1	65.5		XKR4	28.2	
XKR6	sonnet_dual_triage	10	641	41	0	0	0	1	1	0	1	0	1	59.9	93.8		XKR4	43.9	
XKR7	sonnet_dual_triage	12	579	40	0	0	0	1	1	0	0	0	1	92.6	91.0		XKR4	37.5	
XKR8	sonnet_dual_triage	10	395	39	0	0	0	1	1	0	0	0	0	95.7	68.9		XKR6	26.8	
XKR9	sonnet_dual_triage	10	373	39	0	0	0	1	1	0	0	0	0	94.6	76.7		XKR8	23.1	
XKRX	sonnet_dual_triage	12	449	50	0	0	0	1	1	0	1	0	1	98.4	92.0		XKR3	56.0	
XPNPEP2	sonnet_dual_triage	0	674	653	1	1	1	1	1	1	0	1	1	98.1	81.3	2.0			2.0
XPR1	sonnet_dual_triage	10	696	74	0	0	0	1	1	0	1	0	0	99.9	95.3				
XRCC5	sonnet_dual_triage	0	732	0	0	0	0	1	1	1	0	0	0	98.8	78.4	2.0			
XRCC6	sonnet_dual_triage	0	609	0	0	0	0	1	1	1	0	0	0	99.0	83.1	2.0			
YARS1	sonnet_dual_triage	0	528	0	0	0	0	1	1	1	0	0	0	92.8	96.6	2.0			
YBX1	sonnet_dual_triage	0	324	0	0	0	0	1	0	0	0	0	0		98.1				
YIPF4	sonnet_dual_triage	5	244	11	0	0	1	1	1	0	0	0	1	99.6	98.0		YIPF6	10.7	
YWHAB	sonnet_dual_triage	0	246	0	0	0	0	1	1	1	0	0	0	93.1	98.8	2.0			
ZACN	sonnet_dual_triage	4	412	240	1	1	1	0	1	1	1	0	0	91.0		5.0	GABRR2	24.8	
ZAN	sonnet_dual_triage	1	2812	2744	1	1	0	0	1	0	1	1	0	84.6			VWC2L	3.8	3.0
ZBED3	sonnet_dual_triage	0	234	0	0	0	0	1	1	1	0	0	0	68.4	50.9	2.0			
ZDHHC5	sonnet_dual_triage	4	715	25	0	0	0	1	1	0	1	0	1	99.3	97.9		ZDHHC8	56.0	
ZG16	sonnet_dual_triage	0	167	151	1	1	1	1	0	1	0	0	0		83.8	2.0			
ZG16B	sonnet_dual_triage	0	172	156	1	1	1	0	0	0	0	0	0						
ZGPAT	sonnet_dual_triage	0	531	0	0	0	0	1	1	0	0	0	0	97.5	80.0				
ZNF185	sonnet_dual_triage	0	689	0	0	0	0	0	1	0	0	0	0	89.6					
ZNRF2	sonnet_dual_triage	0	242	0	0	0	0	1	1	0	0	0	0	96.7	82.2				
ZNRF3	sonnet_dual_triage	1	936	163	1	1	0	1	1	0	0	0	0	64.0	85.1		RNF43	39.4	
ZP1	sonnet_dual_triage	1	638	576	1	1	0	1	1	0	0	1	0	93.7	66.0		ZP4	34.5	2.0
ZP2	sonnet_dual_triage	1	745	677	1	1	0	1	1	0	0	1	0	94.4	56.6		ZP4	25.7	5.0
ZP3	sonnet_dual_triage	1	424	365	1	1	0	0	0	0	1	1	0				POMZP3	34.2	3.0
ZP4	sonnet_dual_triage	1	540	486	1	1	0	0	1	0	0	1	0	92.4			ZP1	34.5	4.0
ZPBP	sonnet_dual_triage	0	351	307	1	1	1	1	1	0	0	0	0	89.7	78.3		ZPBP2	37.4	
ZPBP2	sonnet_dual_triage	0	338	318	1	1	1	1	1	1	0	0	0	91.1	70.4	5.0	ZPBP	37.1	
ZPLD1	sonnet_dual_triage	1	415	353	1	1	0	1	1	0	0	1	0	98.1	91.6		UMOD	19.3	2.0
ZZEF1	sonnet_dual_triage	0	2961	0	0	0	0	1	0	0	0	0	0		90.9				
AADACL2	uncertain	0	401	0	0	0	0	0	0	0	0	0	0	98.0	79.1				
C17orf67	uncertain	0	90	70	1	1	1	1	1	0	0	0	0						
C17orf78	uncertain	1	275	166	1	1	0	1	0	0	1	0	0						
C18orf54	uncertain	0	372	0	0	0	0	1	1	0	0	0	0						
C1orf185	uncertain	1	199	12	0	1	0	0	1	0	0	0	0						
C3orf80	uncertain	1	247	40	1	1	0	1	0	0	0	1	0						1.0
CLEC20A	uncertain	0	400	380	1	1	1	0	0	0	0	0	0						
CT47A6	uncertain	0	288	0	0	0	0	0	0	0	0	0	0						
ENDOU	uncertain	0	410	392	1	1	1	1	1	0	0	0	0	96.8	82.2				
FAM174C	uncertain	1	132	47	1	1	0	0	0	0	0	0	0						
FNDC7	uncertain	0	733	708	1	1	1	1	1	0	0	0	0	95.9	85.5		TNXB	6.5	
LIPJ	uncertain	0	366	366	0	1	1	0	1	0	0	0	1	95.6			LIPK	57.1	
LRRC53	uncertain	1	1247	281	1	1	0	0	1	0	0	0	0	93.0			TLR7	9.7	
OGFRL1	uncertain	0	451	0	0	0	0	1	1	0	0	0	0	78.9	81.2				
PCED1B	uncertain	0	432	0	0	0	0	1	1	0	0	0	0	91.7	57.6				
PLGLB2	uncertain	0	96	77	1	1	1	0	0	0	0	0	1				PLGLB1	100.0	
POTEM	uncertain	0	508	0	0	0	0	0	0	0	0	0	0						
PRSS33	uncertain	0	280	258	1	1	1	0	0	0	0	0	0	90.0	79.6				
PRSS51	uncertain	0	220	204	1	1	1	1	1	0	0	0	0	94.7	69.8		KLKB1	11.5	
RNASE11	uncertain	0	199	181	1	1	1	0	0	0	0	0	0				RNASE12	20.4	
RNF150	uncertain	1	438	174	1	1	0	1	1	0	0	1	1	98.4	94.5		RNF130	44.2	1.0
RNF215	uncertain	1	377	210	1	1	0	1	1	0	0	0	0	99.2	90.5		RNF13	18.1	
RPL29	uncertain	0	159	0	0	0	0	0	0	0	0	0	0						
RTP5	uncertain	0	572	0	0	0	0	0	0	0	0	0	0						
SMCO3	uncertain	0	225	0	0	0	0	1	1	0	0	0	0	96.0	84.9				
SMIM10	uncertain	0	83	52	1	1	1	0	0	0	0	0	1				SMIM10L3	69.2	
SMIM10L2A	uncertain	0	78	0	0	0	0	0	0	0	0	0	0						
SMIM17	uncertain	1	118	2	0	0	1	1	1	0	0	0	0	98.3	83.1				
SMIM18	uncertain	1	95	35	0	1	0	1	0	0	0	0	0		88.4				
SMIM28	uncertain	1	152	51	0	1	0	0	0	0	0	0	0						
SMIM29	uncertain	1	102	17	0	1	0	1	0	0	1	0	0		96.1		C3orf18	8.6	
SMIM32	uncertain	1	103	53	0	1	0	1	0	0	0	0	0		93.2				
SMIM33	uncertain	1	132	42	0	1	0	1	0	0	0	0	0		59.8				
SMIM38	uncertain	1	51	13	0	1	0	1	0	0	0	0	0		66.7				
SMIM39	uncertain	1	56	3	0	0	1	1	0	0	0	0	0		92.9				
SMIM42	uncertain	1	70	25	0	1	0	0	0	0	0	0	0						
SMIM44	uncertain	1	149	35	0	1	0	1	0	0	0	0	0		67.1				
SMIM5	uncertain	1	77	31	0	1	0	1	1	0	0	0	0	97.4	77.9				
SVOPL	uncertain	12	492	75	0	0	0	1	1	0	1	0	0	97.2	91.9		SLC22A17	15.5	
THSD8	uncertain	0	115	91	1	1	1	1	0	0	0	0	0		61.7				
TMEM130	uncertain	1	435	311	1	1	0	1	1	0	0	0	0	61.7	69.0		GPNMB	19.0	
TMEM179	uncertain	4	233	90	0	0	0	1	1	0	1	0	0	99.6	93.6				
TMEM220	uncertain	5	160	38	0	0	1	1	1	0	1	0	0	91.9	77.5				
TMEM229A	uncertain	8	380	64	0	0	0	1	0	0	0	0	0		80.5		TMEM229B	18.8	
TMEM229B	uncertain	4	167	35	0	0	0	1	1	1	0	0	0	99.4	95.8	2.0	TMEM229A	23.4	
TMEM236	uncertain	8	351	50	0	0	0	1	0	0	0	0	0		74.4				
TMEM248	uncertain	2	314	224	0	0	0	1	1	0	1	0	0	99.7	94.6		TMEM219	23.2	
TMEM265	uncertain	1	108	9	0	0	1	0	0	0	0	0	0						
TMEM269	uncertain	8	203	18	0	0	0	0	0	1	0	0	0			2.0			
TMEM270	uncertain	0	265	0	0	0	0	1	1	0	0	0	0	92.5	58.1				
TMEM275	uncertain	2	177	7	0	0	0	1	0	0	0	0	0		71.8				
TMEM40	uncertain	2	233	6	0	0	0	1	1	0	0	0	0	94.0	70.4				
TMEM89	uncertain	1	159	50	1	1	0	1	1	0	0	0	0	93.7	57.2				
VN1R4	uncertain	7	301	63	0	1	0	0	0	0	0	0	0				VN1R2	21.5	
VWA5B1	uncertain	0	1220	0	0	0	0	1	1	0	0	0	0	94.8	72.8				
